fecha_hora,latitud,longitud,via,grado_severidad,tipo_siniestro,causa_probable,victima1_edad,victima1_condicion,victima1_sexo,victima1_actor_vial,victima2_edad,victima2_condicion,victima2_sexo,victima2_actor_vial,victima3_edad,victima3_condicion,victima3_sexo,victima3_actor_vial
2020-01-02 09:31:52,-3.979905,-79.213335,Calle Saraguro,CON_FALLECIDOS,Incendio,Visibilidad reducida,70,FALLECIDO,MUJER,CICLISTA,50,LESIONADO,NO_REGISTRA,VEH_LIVIANO,,,,
2020-12-28 10:48:57,-4.003446,-79.210998,Av. Universitaria,SOLO_DANOS,Incendio,Inobservancia de senales,,,,,,,,,,,,
2020-08-29 08:22:10,-4.033252,-79.220025,Av. Reinaldo Espinosa,SOLO_DANOS,Atropellamiento,Inobservancia de senales,,,,,,,,,,,,
2020-10-20 10:32:16,-4.008108,-79.222717,Av. Gran Colombia,CON_FALLECIDOS,Caida,Mal estado de la via,80,FALLECIDO,NO_REGISTRA,VEH_LIVIANO,25,FALLECIDO,MUJER,CICLISTA,76,LESIONADO,MUJER,OTRO
2020-05-29 21:37:17,-4.036685,-79.210029,Via Loja - Catamayo,CON_FALLECIDOS,Caida,Fatiga del conductor,50,FALLECIDO,NO_REGISTRA,OTRO,67,FALLECIDO,MUJER,CICLISTA,,,,
2020-01-23 01:53:53,-3.980043,-79.225616,Calle 10 de Agosto,CON_LESIONADOS,Atropellamiento,Inobservancia de senales,31,LESIONADO,MUJER,VEH_LIVIANO,,,,,,,,
2020-09-28 17:07:57,-4.035390,-79.221972,Calle Azogues,CON_FALLECIDOS,Accidente Laboral,Distraccion (celular/radio),34,FALLECIDO,MUJER,PEATON,54,FALLECIDO,NO_REGISTRA,PEATON,,,,
2020-12-05 20:45:05,-4.029178,-79.192001,Calle 18 de Noviembre,CON_LESIONADOS,Incendio,Exceso de velocidad,5,LESIONADO,NO_REGISTRA,CICLISTA,,,,,,,,
2020-05-12 07:59:26,-4.024424,-79.214729,Calle Mercadillo,SOLO_DANOS,Choque Vehicular,Factores externos,,,,,,,,,,,,
2020-05-08 15:14:46,-4.009241,-79.195775,Calle 18 de Noviembre,CON_LESIONADOS,Incendio,Exceso de velocidad,34,LESIONADO,NO_REGISTRA,SCOOTER,,,,,,,,
2020-09-23 05:39:00,-4.023053,-79.171773,Calle 18 de Noviembre,CON_LESIONADOS,Atropellamiento,Equipo de seguridad deficiente,6,LESIONADO,HOMBRE,MOTOCICLETA,,,,,,,,
2020-01-16 01:34:10,-3.986979,-79.176812,Calle Montufar,CON_FALLECIDOS,Incendio,Exceso de velocidad,55,FALLECIDO,HOMBRE,CICLISTA,85,FALLECIDO,MUJER,SCOOTER,63,LESIONADO,NO_REGISTRA,MOTOCICLETA
2020-12-13 12:24:05,-4.019744,-79.179192,Via Loja - Zamora,CON_FALLECIDOS,Caida,Exceso de velocidad,46,FALLECIDO,MUJER,PEATON,45,LESIONADO,NO_REGISTRA,OTRO,,,,
2020-08-13 02:49:08,-3.998835,-79.185412,Calle Ramon Borrero,CON_FALLECIDOS,Colision Multiple,Estado de embriaguez,71,FALLECIDO,NO_REGISTRA,SCOOTER,,,,,,,,
2020-02-08 05:37:15,-3.983170,-79.194537,Calle Quito,SOLO_DANOS,Volcamiento,Estado de embriaguez,,,,,,,,,,,,
2020-12-04 09:42:18,-3.989230,-79.217609,Av. Metropolitana,SOLO_DANOS,Colision Multiple,Inobservancia de senales,,,,,,,,,,,,
2020-01-18 10:37:52,-4.016045,-79.187814,Calle Miguel Riofrio,CON_LESIONADOS,Incendio,Fatiga del conductor,55,LESIONADO,MUJER,VEH_LIVIANO,,,,,,,,
2020-10-27 09:41:41,-4.027334,-79.221157,Calle Bolivar,CON_LESIONADOS,Volcamiento,Equipo de seguridad deficiente,11,LESIONADO,HOMBRE,MOTOCICLETA,22,LESIONADO,HOMBRE,SCOOTER,62,LESIONADO,HOMBRE,SCOOTER
2020-02-27 15:33:49,-4.022109,-79.174693,Calle Sucre,CON_LESIONADOS,Colision Multiple,Visibilidad reducida,38,LESIONADO,HOMBRE,OTRO,,,,,,,,
2020-01-12 21:32:42,-4.009761,-79.209665,Via Loja - Catamayo,CON_FALLECIDOS,Accidente Laboral,Inobservancia de senales,37,FALLECIDO,MUJER,MOTOCICLETA,56,FALLECIDO,MUJER,OTRO,,,,
2020-01-10 01:41:46,-4.004396,-79.219215,Via Loja - Catamayo,SOLO_DANOS,Caida,Distraccion (celular/radio),,,,,,,,,,,,
2020-05-12 06:32:08,-4.006374,-79.215922,Via Loja - Zamora,CON_FALLECIDOS,Colision Multiple,Falla mecanica,41,FALLECIDO,HOMBRE,VEH_LIVIANO,24,LESIONADO,NO_REGISTRA,PEATON,,,,
2020-07-09 19:36:33,-4.007944,-79.191012,Calle Colon,SOLO_DANOS,Colision Multiple,Visibilidad reducida,,,,,,,,,,,,
2020-09-08 04:44:54,-4.001075,-79.214584,Av. Cuxibamba,CON_FALLECIDOS,Atropellamiento,Inobservancia de senales,57,FALLECIDO,MUJER,SCOOTER,,,,,,,,
2020-10-10 04:47:39,-4.035554,-79.224954,Av. Cuxibamba,SOLO_DANOS,Accidente Laboral,Factores externos,8,LESIONADO,MUJER,CICLISTA,,,,,,,,
2020-11-29 05:05:39,-4.034310,-79.192613,Calle Ramon Borrero,CON_FALLECIDOS,Atropellamiento,Exceso de velocidad,65,FALLECIDO,HOMBRE,MOTOCICLETA,17,LESIONADO,NO_REGISTRA,SCOOTER,,,,
2020-08-02 14:08:54,-3.980998,-79.210110,Av. Cuxibamba,SOLO_DANOS,Choque Vehicular,Mal estado de la via,,,,,,,,,,,,
2020-05-04 05:31:33,-4.022611,-79.228282,Av. Universitaria,CON_FALLECIDOS,Incendio,Visibilidad reducida,42,FALLECIDO,NO_REGISTRA,PEATON,77,FALLECIDO,MUJER,MOTOCICLETA,47,LESIONADO,MUJER,CICLISTA
2020-05-27 23:59:21,-4.013431,-79.190761,Av. Reinaldo Espinosa,CON_FALLECIDOS,Choque Vehicular,Equipo de seguridad deficiente,58,FALLECIDO,HOMBRE,VEH_LIVIANO,44,FALLECIDO,MUJER,SCOOTER,,,,
2020-01-10 23:11:28,-4.019577,-79.189252,Calle Azogues,CON_FALLECIDOS,Choque Vehicular,Exceso de velocidad,63,FALLECIDO,HOMBRE,SCOOTER,65,FALLECIDO,HOMBRE,PEATON,51,LESIONADO,HOMBRE,MOTOCICLETA
2020-09-16 10:22:44,-4.004973,-79.204356,Calle Azogues,CON_LESIONADOS,Caida,Falla mecanica,43,LESIONADO,MUJER,MOTOCICLETA,56,LESIONADO,HOMBRE,VEH_LIVIANO,68,LESIONADO,MUJER,VEH_LIVIANO
2020-05-23 15:13:20,-4.018853,-79.188858,Av. Isidro Ayora,CON_FALLECIDOS,Caida,Via resbaladiza o mojada,27,FALLECIDO,HOMBRE,SCOOTER,,,,,,,,
2020-04-07 02:02:02,-4.016363,-79.210557,Via Loja - Catamayo,CON_FALLECIDOS,Accidente Laboral,Factores externos,78,FALLECIDO,HOMBRE,SCOOTER,37,FALLECIDO,HOMBRE,PEATON,,,,
2020-03-30 14:35:27,-4.028282,-79.191583,Calle Azogues,CON_FALLECIDOS,Accidente Laboral,Via resbaladiza o mojada,59,FALLECIDO,HOMBRE,VEH_LIVIANO,37,FALLECIDO,NO_REGISTRA,SCOOTER,,,,
2020-10-19 06:13:47,-3.981718,-79.184785,Av. Rosa Hermosa,CON_FALLECIDOS,Caida,Visibilidad reducida,29,FALLECIDO,MUJER,MOTOCICLETA,32,LESIONADO,HOMBRE,OTRO,66,LESIONADO,MUJER,MOTOCICLETA
2020-11-15 21:50:26,-4.013397,-79.171403,Calle 18 de Noviembre,SOLO_DANOS,Caida,Mal estado de la via,,,,,,,,,,,,
2020-09-30 02:45:31,-4.019128,-79.181477,Av. Cuxibamba,CON_LESIONADOS,Choque Vehicular,Imprudencia del conductor,53,LESIONADO,MUJER,CICLISTA,25,LESIONADO,NO_REGISTRA,OTRO,59,LESIONADO,HOMBRE,SCOOTER
2020-03-07 14:09:14,-3.993966,-79.225570,Calle Montufar,SOLO_DANOS,Caida,Distraccion (celular/radio),,,,,,,,,,,,
2020-09-02 20:17:18,-3.993237,-79.197245,Calle Miguel Riofrio,CON_LESIONADOS,Volcamiento,Estado de embriaguez,26,LESIONADO,HOMBRE,CICLISTA,,,,,,,,
2020-07-21 14:45:56,-4.019577,-79.205582,Av. Cuxibamba,CON_FALLECIDOS,Accidente Laboral,Factores externos,30,FALLECIDO,MUJER,PEATON,37,FALLECIDO,NO_REGISTRA,VEH_LIVIANO,,,,
2020-07-06 03:18:35,-4.036800,-79.230185,Calle Azogues,CON_FALLECIDOS,Accidente Laboral,Falla mecanica,22,FALLECIDO,HOMBRE,VEH_LIVIANO,64,FALLECIDO,MUJER,MOTOCICLETA,23,LESIONADO,NO_REGISTRA,PEATON
2020-10-11 14:56:29,-3.992470,-79.218732,Av. Universitaria,CON_FALLECIDOS,Incendio,Via resbaladiza o mojada,70,FALLECIDO,HOMBRE,OTRO,34,FALLECIDO,HOMBRE,PEATON,66,LESIONADO,MUJER,MOTOCICLETA
2020-06-04 01:54:25,-3.997280,-79.193443,Av. Reinaldo Espinosa,CON_LESIONADOS,Caida,Estado de embriaguez,22,LESIONADO,NO_REGISTRA,MOTOCICLETA,57,LESIONADO,NO_REGISTRA,PEATON,,,,
2020-04-29 21:29:35,-4.008326,-79.227433,Av. 8 de Diciembre,SOLO_DANOS,Colision Multiple,Fatiga del conductor,,,,,,,,,,,,
2020-10-26 15:35:19,-4.033287,-79.222916,Av. Orillas del Zamora,SOLO_DANOS,Atropellamiento,Via resbaladiza o mojada,,,,,,,,,,,,
2020-03-30 00:13:20,-4.033814,-79.220098,Calle Mercadillo,SOLO_DANOS,Volcamiento,Falla mecanica,,,,,,,,,,,,
2020-09-04 16:58:45,-4.015132,-79.178407,Calle Mercadillo,CON_FALLECIDOS,Incendio,Fatiga del conductor,40,FALLECIDO,HOMBRE,MOTOCICLETA,,,,,,,,
2020-07-20 11:23:13,-3.996467,-79.190412,Av. 8 de Diciembre,SOLO_DANOS,Choque Vehicular,Factores externos,,,,,,,,,,,,
2020-03-13 14:31:07,-3.983601,-79.221807,Calle Imbabura,CON_LESIONADOS,Incendio,Equipo de seguridad deficiente,9,LESIONADO,MUJER,OTRO,71,LESIONADO,NO_REGISTRA,PEATON,,,,
2020-10-30 10:16:06,-4.027748,-79.178732,Av. Reinaldo Espinosa,CON_LESIONADOS,Incendio,Inobservancia de senales,59,LESIONADO,NO_REGISTRA,CICLISTA,,,,,,,,
2020-04-15 09:22:54,-3.996500,-79.212036,Calle Montufar,CON_FALLECIDOS,Colision Multiple,Distraccion (celular/radio),82,FALLECIDO,MUJER,SCOOTER,62,FALLECIDO,MUJER,CICLISTA,,,,
2020-09-11 17:01:49,-4.011856,-79.188435,Calle 10 de Agosto,SOLO_DANOS,Volcamiento,Visibilidad reducida,,,,,,,,,,,,
2020-08-22 12:01:01,-4.008566,-79.183078,Av. Universitaria,CON_FALLECIDOS,Choque Vehicular,Exceso de velocidad,21,FALLECIDO,NO_REGISTRA,VEH_LIVIANO,84,FALLECIDO,MUJER,OTRO,,,,
2020-06-14 23:18:41,-3.977391,-79.225740,Av. Orillas del Zamora,CON_LESIONADOS,Choque Vehicular,Factores externos,41,LESIONADO,HOMBRE,CICLISTA,23,LESIONADO,NO_REGISTRA,MOTOCICLETA,63,LESIONADO,NO_REGISTRA,OTRO
2020-04-30 21:26:16,-4.006982,-79.221413,Ruta 35,CON_LESIONADOS,Atropellamiento,Fatiga del conductor,42,LESIONADO,NO_REGISTRA,PEATON,,,,,,,,
2020-07-22 22:01:48,-4.015473,-79.213873,Calle Montufar,CON_FALLECIDOS,Accidente Laboral,Fatiga del conductor,84,FALLECIDO,NO_REGISTRA,MOTOCICLETA,19,FALLECIDO,HOMBRE,OTRO,56,LESIONADO,NO_REGISTRA,MOTOCICLETA
2020-09-20 18:26:34,-3.999622,-79.197547,Av. Cuxibamba,CON_FALLECIDOS,Volcamiento,Imprudencia del conductor,27,FALLECIDO,HOMBRE,OTRO,51,FALLECIDO,HOMBRE,MOTOCICLETA,,,,
2020-11-28 23:52:36,-4.000421,-79.209020,Via Loja - Catamayo,SOLO_DANOS,Incendio,Distraccion (celular/radio),,,,,,,,,,,,
2020-04-18 07:46:54,-4.019390,-79.201595,Calle Miguel Riofrio,CON_FALLECIDOS,Choque Vehicular,Exceso de velocidad,34,FALLECIDO,MUJER,SCOOTER,24,FALLECIDO,MUJER,OTRO,,,,
2020-11-28 09:46:23,-3.992751,-79.171466,Av. Metropolitana,CON_FALLECIDOS,Caida,Equipo de seguridad deficiente,50,FALLECIDO,MUJER,VEH_LIVIANO,39,FALLECIDO,MUJER,VEH_LIVIANO,,,,
2020-05-20 17:00:29,-4.028353,-79.172591,Calle Mercadillo,SOLO_DANOS,Caida,Mal estado de la via,,,,,,,,,,,,
2020-04-12 08:43:14,-4.030898,-79.175667,Calle Bolivar,CON_FALLECIDOS,Choque Vehicular,Inobservancia de senales,24,FALLECIDO,NO_REGISTRA,CICLISTA,63,LESIONADO,NO_REGISTRA,CICLISTA,,,,
2020-12-28 15:34:59,-4.030169,-79.193783,Av. Universitaria,CON_FALLECIDOS,Accidente Laboral,Equipo de seguridad deficiente,20,FALLECIDO,HOMBRE,OTRO,68,FALLECIDO,NO_REGISTRA,MOTOCICLETA,,,,
2020-01-21 20:15:51,-3.989350,-79.217659,Av. Metropolitana,CON_LESIONADOS,Colision Multiple,Fatiga del conductor,48,LESIONADO,MUJER,MOTOCICLETA,75,LESIONADO,NO_REGISTRA,VEH_LIVIANO,,,,
2020-02-14 11:33:10,-3.990457,-79.187654,Calle Montufar,SOLO_DANOS,Incendio,Equipo de seguridad deficiente,,,,,,,,,,,,
2020-01-14 07:46:48,-3.997197,-79.197288,Av. Pio Jaramillo,CON_FALLECIDOS,Incendio,Imprudencia del conductor,39,FALLECIDO,MUJER,MOTOCICLETA,69,FALLECIDO,NO_REGISTRA,MOTOCICLETA,,,,
2020-06-01 01:42:35,-4.003005,-79.184580,Calle Bolivar,SOLO_DANOS,Caida,Fatiga del conductor,,,,,,,,,,,,
2020-08-08 17:31:32,-4.011935,-79.175348,Via Loja - Zamora,SOLO_DANOS,Accidente Laboral,Via resbaladiza o mojada,,,,,,,,,,,,
2020-06-20 11:55:36,-3.982328,-79.171467,Av. Orillas del Zamora,CON_LESIONADOS,Volcamiento,Falla mecanica,13,LESIONADO,MUJER,VEH_LIVIANO,29,LESIONADO,MUJER,MOTOCICLETA,,,,
2020-01-21 15:40:38,-4.007564,-79.205004,Calle Bolivar,SOLO_DANOS,Caida,Fatiga del conductor,,,,,,,,,,,,
2020-08-10 02:18:49,-4.032784,-79.193352,Av. Cuxibamba,SOLO_DANOS,Atropellamiento,Exceso de velocidad,,,,,,,,,,,,
2020-06-11 15:16:37,-4.003560,-79.216111,Av. Rosa Hermosa,SOLO_DANOS,Caida,Estado de embriaguez,,,,,,,,,,,,
2020-06-15 04:10:10,-4.024095,-79.175541,Calle Montufar,CON_FALLECIDOS,Choque Vehicular,Imprudencia del conductor,80,FALLECIDO,MUJER,CICLISTA,47,LESIONADO,HOMBRE,CICLISTA,,,,
2020-09-05 10:27:16,-4.007081,-79.184020,Av. Gran Colombia,CON_LESIONADOS,Incendio,Imprudencia del conductor,58,LESIONADO,NO_REGISTRA,CICLISTA,,,,,,,,
2020-03-07 05:20:47,-3.986586,-79.228252,Av. Manuel Agustin Aguirre,SOLO_DANOS,Accidente Laboral,Distraccion (celular/radio),,,,,,,,,,,,
2020-04-09 11:30:30,-4.001674,-79.230759,Calle Rocafuerte,CON_FALLECIDOS,Volcamiento,Inobservancia de senales,57,FALLECIDO,HOMBRE,VEH_LIVIANO,45,FALLECIDO,HOMBRE,VEH_LIVIANO,78,LESIONADO,MUJER,VEH_LIVIANO
2020-05-01 09:24:57,-3.998058,-79.200717,Calle Rocafuerte,SOLO_DANOS,Choque Vehicular,Fatiga del conductor,58,LESIONADO,MUJER,SCOOTER,,,,,,,,
2020-11-19 13:06:52,-4.034055,-79.193028,Calle Imbabura,CON_FALLECIDOS,Volcamiento,Fatiga del conductor,42,FALLECIDO,MUJER,SCOOTER,,,,,,,,
2020-04-23 08:18:35,-4.003764,-79.193847,Av. Gran Colombia,CON_FALLECIDOS,Accidente Laboral,Exceso de velocidad,84,FALLECIDO,MUJER,MOTOCICLETA,18,LESIONADO,HOMBRE,SCOOTER,,,,
2020-11-23 23:09:36,-4.023056,-79.220447,Calle Montufar,SOLO_DANOS,Accidente Laboral,Inobservancia de senales,,,,,,,,,,,,
2020-10-06 12:14:35,-4.024342,-79.192257,Av. Gran Colombia,CON_FALLECIDOS,Choque Vehicular,Distraccion (celular/radio),58,FALLECIDO,NO_REGISTRA,OTRO,21,FALLECIDO,NO_REGISTRA,VEH_LIVIANO,32,LESIONADO,NO_REGISTRA,VEH_LIVIANO
2020-12-22 01:59:18,-4.032348,-79.184360,Ruta 35,SOLO_DANOS,Accidente Laboral,Factores externos,,,,,,,,,,,,
2020-11-28 01:29:40,-3.996956,-79.221817,Av. Cuxibamba,SOLO_DANOS,Caida,Visibilidad reducida,,,,,,,,,,,,
2020-03-15 12:47:38,-4.007661,-79.193017,Av. Orillas del Zamora,SOLO_DANOS,Atropellamiento,Via resbaladiza o mojada,,,,,,,,,,,,
2020-09-19 15:44:16,-4.032692,-79.189857,Calle Ramon Borrero,CON_FALLECIDOS,Caida,Mal estado de la via,49,FALLECIDO,MUJER,PEATON,23,FALLECIDO,HOMBRE,OTRO,78,LESIONADO,NO_REGISTRA,CICLISTA
2020-01-03 22:17:33,-4.019913,-79.204746,Calle Ramon Borrero,SOLO_DANOS,Atropellamiento,Mal estado de la via,,,,,,,,,,,,
2020-12-10 14:52:34,-4.018715,-79.178636,Via Loja - Catamayo,CON_FALLECIDOS,Colision Multiple,Estado de embriaguez,65,FALLECIDO,NO_REGISTRA,OTRO,28,FALLECIDO,HOMBRE,CICLISTA,41,LESIONADO,MUJER,PEATON
2020-02-09 15:16:11,-4.016848,-79.213951,Calle Sucre,CON_FALLECIDOS,Choque Vehicular,Inobservancia de senales,57,FALLECIDO,HOMBRE,MOTOCICLETA,57,FALLECIDO,HOMBRE,VEH_LIVIANO,,,,
2020-03-28 12:58:19,-3.979277,-79.213618,Calle Azogues,SOLO_DANOS,Caida,Via resbaladiza o mojada,,,,,,,,,,,,
2020-03-05 14:52:55,-3.983736,-79.193170,Via Loja - Zamora,CON_LESIONADOS,Caida,Exceso de velocidad,53,LESIONADO,NO_REGISTRA,MOTOCICLETA,46,LESIONADO,NO_REGISTRA,MOTOCICLETA,68,LESIONADO,MUJER,CICLISTA
2020-06-29 13:31:36,-4.029738,-79.208362,Av. Cuxibamba,SOLO_DANOS,Atropellamiento,Imprudencia del conductor,,,,,,,,,,,,
2020-09-25 12:07:02,-4.022372,-79.220476,Calle Azogues,CON_LESIONADOS,Volcamiento,Visibilidad reducida,5,LESIONADO,HOMBRE,SCOOTER,,,,,,,,
2020-08-19 16:14:13,-3.977463,-79.191188,Calle Mercadillo,CON_FALLECIDOS,Caida,Mal estado de la via,42,FALLECIDO,HOMBRE,SCOOTER,55,FALLECIDO,NO_REGISTRA,PEATON,6,LESIONADO,NO_REGISTRA,PEATON
2020-11-10 07:31:59,-4.011334,-79.216769,Av. Rosa Hermosa,CON_LESIONADOS,Volcamiento,Factores externos,7,LESIONADO,NO_REGISTRA,OTRO,58,LESIONADO,MUJER,CICLISTA,71,LESIONADO,HOMBRE,CICLISTA
2020-08-16 02:12:47,-4.011584,-79.228463,Av. 8 de Diciembre,CON_FALLECIDOS,Volcamiento,Via resbaladiza o mojada,67,FALLECIDO,HOMBRE,PEATON,45,LESIONADO,NO_REGISTRA,VEH_LIVIANO,,,,
2020-04-15 12:24:50,-3.986276,-79.173572,Via Loja - Catamayo,CON_LESIONADOS,Colision Multiple,Fatiga del conductor,39,LESIONADO,NO_REGISTRA,CICLISTA,13,LESIONADO,NO_REGISTRA,VEH_LIVIANO,12,LESIONADO,MUJER,VEH_LIVIANO
2020-01-11 05:34:36,-4.016691,-79.199450,Av. Isidro Ayora,CON_FALLECIDOS,Accidente Laboral,Inobservancia de senales,76,FALLECIDO,HOMBRE,MOTOCICLETA,82,FALLECIDO,NO_REGISTRA,VEH_LIVIANO,44,LESIONADO,HOMBRE,PEATON
2020-03-16 21:12:50,-4.015705,-79.205339,Av. 8 de Diciembre,SOLO_DANOS,Accidente Laboral,Fatiga del conductor,,,,,,,,,,,,
2020-09-11 08:56:50,-4.008940,-79.220242,Av. Orillas del Zamora,SOLO_DANOS,Colision Multiple,Mal estado de la via,,,,,,,,,,,,
2020-05-03 09:19:51,-4.000234,-79.214263,Av. Gran Colombia,CON_LESIONADOS,Choque Vehicular,Falla mecanica,58,LESIONADO,HOMBRE,OTRO,70,LESIONADO,HOMBRE,SCOOTER,,,,
2020-07-09 02:15:30,-3.997887,-79.178985,Calle Azogues,CON_FALLECIDOS,Colision Multiple,Estado de embriaguez,56,FALLECIDO,NO_REGISTRA,CICLISTA,,,,,,,,
2020-02-12 18:11:17,-3.985142,-79.182934,Av. Orillas del Zamora,CON_LESIONADOS,Choque Vehicular,Estado de embriaguez,79,LESIONADO,HOMBRE,SCOOTER,71,LESIONADO,HOMBRE,CICLISTA,23,LESIONADO,NO_REGISTRA,OTRO
2020-03-12 06:13:10,-3.988494,-79.213497,Av. Manuel Agustin Aguirre,SOLO_DANOS,Volcamiento,Via resbaladiza o mojada,,,,,,,,,,,,
2020-06-09 02:23:13,-4.004869,-79.195375,Av. Pio Jaramillo,CON_LESIONADOS,Accidente Laboral,Inobservancia de senales,5,LESIONADO,HOMBRE,SCOOTER,61,LESIONADO,NO_REGISTRA,OTRO,,,,
2020-04-06 12:41:30,-4.032847,-79.217089,Av. Rosa Hermosa,SOLO_DANOS,Colision Multiple,Exceso de velocidad,,,,,,,,,,,,
2020-11-13 19:46:03,-3.978988,-79.202808,Calle Montufar,CON_LESIONADOS,Accidente Laboral,Factores externos,19,LESIONADO,NO_REGISTRA,CICLISTA,12,LESIONADO,NO_REGISTRA,PEATON,,,,
2020-08-25 02:43:59,-4.014982,-79.199710,Calle Ramon Borrero,CON_LESIONADOS,Caida,Equipo de seguridad deficiente,50,LESIONADO,MUJER,SCOOTER,8,LESIONADO,NO_REGISTRA,MOTOCICLETA,61,LESIONADO,HOMBRE,OTRO
2020-06-15 02:53:46,-4.029318,-79.212661,Calle Quito,CON_FALLECIDOS,Incendio,Imprudencia del conductor,55,FALLECIDO,MUJER,SCOOTER,,,,,,,,
2020-04-06 15:07:58,-4.024240,-79.221674,Ruta 35,CON_FALLECIDOS,Caida,Inobservancia de senales,57,FALLECIDO,HOMBRE,VEH_LIVIANO,23,FALLECIDO,HOMBRE,MOTOCICLETA,61,LESIONADO,NO_REGISTRA,PEATON
2020-01-03 05:00:04,-4.009746,-79.176015,Via Loja - Zamora,CON_LESIONADOS,Choque Vehicular,Mal estado de la via,47,LESIONADO,MUJER,SCOOTER,,,,,,,,
2020-02-06 01:20:30,-4.019067,-79.224695,Via Loja - Zamora,SOLO_DANOS,Caida,Falla mecanica,,,,,,,,,,,,
2020-04-01 01:27:18,-4.018217,-79.220604,Calle 18 de Noviembre,CON_LESIONADOS,Volcamiento,Distraccion (celular/radio),27,LESIONADO,MUJER,PEATON,61,LESIONADO,MUJER,SCOOTER,,,,
2020-09-01 08:29:56,-4.003508,-79.215371,Calle Saraguro,CON_FALLECIDOS,Atropellamiento,Inobservancia de senales,40,FALLECIDO,MUJER,CICLISTA,46,FALLECIDO,HOMBRE,CICLISTA,78,LESIONADO,NO_REGISTRA,PEATON
2020-06-10 02:41:49,-4.029065,-79.177592,Calle Azogues,CON_LESIONADOS,Atropellamiento,Mal estado de la via,48,LESIONADO,NO_REGISTRA,SCOOTER,,,,,,,,
2020-12-02 11:05:41,-4.034525,-79.210636,Av. Metropolitana,CON_LESIONADOS,Incendio,Fatiga del conductor,38,LESIONADO,MUJER,CICLISTA,38,LESIONADO,NO_REGISTRA,VEH_LIVIANO,,,,
2020-04-13 01:53:01,-3.987270,-79.203000,Av. Orillas del Zamora,CON_FALLECIDOS,Colision Multiple,Via resbaladiza o mojada,64,FALLECIDO,HOMBRE,OTRO,17,LESIONADO,MUJER,MOTOCICLETA,78,LESIONADO,NO_REGISTRA,VEH_LIVIANO
2020-06-18 09:53:17,-4.022077,-79.228934,Av. Orillas del Zamora,CON_LESIONADOS,Atropellamiento,Inobservancia de senales,34,LESIONADO,MUJER,CICLISTA,21,LESIONADO,NO_REGISTRA,MOTOCICLETA,41,LESIONADO,HOMBRE,MOTOCICLETA
2020-11-20 06:17:30,-4.010544,-79.223152,Calle Saraguro,SOLO_DANOS,Colision Multiple,Mal estado de la via,13,LESIONADO,NO_REGISTRA,VEH_LIVIANO,,,,,,,,
2020-05-15 10:28:57,-3.986493,-79.219677,Calle Mercadillo,SOLO_DANOS,Choque Vehicular,Factores externos,,,,,,,,,,,,
2020-01-08 19:00:13,-4.035874,-79.181368,Av. Reinaldo Espinosa,SOLO_DANOS,Accidente Laboral,Via resbaladiza o mojada,,,,,,,,,,,,
2020-03-04 17:02:14,-4.012816,-79.212010,Via Loja - Catamayo,CON_LESIONADOS,Colision Multiple,Falla mecanica,75,LESIONADO,NO_REGISTRA,CICLISTA,22,LESIONADO,HOMBRE,CICLISTA,45,LESIONADO,NO_REGISTRA,PEATON
2020-06-20 18:55:41,-4.030522,-79.201362,Calle Azogues,CON_FALLECIDOS,Caida,Equipo de seguridad deficiente,30,FALLECIDO,HOMBRE,SCOOTER,,,,,,,,
2020-10-25 03:21:15,-4.028408,-79.222747,Av. Gran Colombia,SOLO_DANOS,Incendio,Via resbaladiza o mojada,,,,,,,,,,,,
2020-10-02 21:26:33,-4.019715,-79.220256,Calle Mercadillo,CON_FALLECIDOS,Atropellamiento,Imprudencia del conductor,18,FALLECIDO,HOMBRE,SCOOTER,64,LESIONADO,NO_REGISTRA,VEH_LIVIANO,,,,
2020-12-26 16:13:57,-4.015386,-79.222459,Calle Quito,SOLO_DANOS,Accidente Laboral,Imprudencia del conductor,69,LESIONADO,MUJER,CICLISTA,,,,,,,,
2020-06-10 11:16:09,-4.028289,-79.175284,Av. Gran Colombia,SOLO_DANOS,Volcamiento,Via resbaladiza o mojada,,,,,,,,,,,,
2020-09-17 16:19:02,-4.031062,-79.194209,Av. Pio Jaramillo,CON_LESIONADOS,Atropellamiento,Exceso de velocidad,30,LESIONADO,NO_REGISTRA,MOTOCICLETA,,,,,,,,
2020-06-15 14:01:58,-4.017924,-79.204573,Calle Rocafuerte,CON_FALLECIDOS,Incendio,Mal estado de la via,60,FALLECIDO,NO_REGISTRA,VEH_LIVIANO,35,LESIONADO,MUJER,PEATON,71,LESIONADO,NO_REGISTRA,CICLISTA
2020-05-11 03:01:46,-4.029507,-79.183758,Av. Isidro Ayora,CON_LESIONADOS,Incendio,Estado de embriaguez,66,LESIONADO,MUJER,SCOOTER,,,,,,,,
2020-03-15 12:05:21,-3.986253,-79.227224,Calle Rocafuerte,CON_FALLECIDOS,Incendio,Equipo de seguridad deficiente,26,FALLECIDO,NO_REGISTRA,VEH_LIVIANO,25,FALLECIDO,HOMBRE,MOTOCICLETA,62,LESIONADO,NO_REGISTRA,MOTOCICLETA
2020-03-04 05:13:48,-4.006763,-79.200872,Av. Metropolitana,CON_LESIONADOS,Volcamiento,Via resbaladiza o mojada,77,LESIONADO,MUJER,MOTOCICLETA,71,LESIONADO,HOMBRE,MOTOCICLETA,57,LESIONADO,MUJER,VEH_LIVIANO