fecha_hora,latitud,longitud,via,grado_severidad,tipo_siniestro,causa_probable,victima1_edad,victima1_condicion,victima1_sexo,victima1_actor_vial,victima2_edad,victima2_condicion,victima2_sexo,victima2_actor_vial,victima3_edad,victima3_condicion,victima3_sexo,victima3_actor_vial
2020-02-09 16:20:26,-3.991255,-79.202359,Calle Saraguro,SOLO_DANOS,Caida,Fatiga del conductor,,,,,,,,,,,,
2020-04-20 14:49:03,-4.013949,-79.171625,Calle Mercadillo,SOLO_DANOS,Accidente Laboral,Distraccion (celular/radio),,,,,,,,,,,,
2020-08-26 01:43:53,-4.005886,-79.229964,Calle Saraguro,CON_LESIONADOS,Caida,Visibilidad reducida,16,LESIONADO,HOMBRE,PEATON,31,LESIONADO,MUJER,OTRO,,,,
2020-06-14 12:01:42,-4.005754,-79.173943,Av. Orillas del Zamora,CON_FALLECIDOS,Volcamiento,Factores externos,83,FALLECIDO,HOMBRE,CICLISTA,79,FALLECIDO,HOMBRE,CICLISTA,,,,
2020-07-07 05:03:32,-3.991148,-79.174887,Calle 18 de Noviembre,CON_FALLECIDOS,Caida,Distraccion (celular/radio),36,FALLECIDO,NO_REGISTRA,MOTOCICLETA,68,FALLECIDO,MUJER,VEH_LIVIANO,,,,
2020-07-03 01:24:41,-3.987416,-79.181073,Av. 8 de Diciembre,CON_FALLECIDOS,Atropellamiento,Falla mecanica,39,FALLECIDO,HOMBRE,OTRO,43,FALLECIDO,NO_REGISTRA,PEATON,,,,
2020-04-01 05:21:21,-3.994966,-79.207416,Calle Rocafuerte,CON_FALLECIDOS,Caida,Estado de embriaguez,72,FALLECIDO,NO_REGISTRA,OTRO,44,FALLECIDO,MUJER,MOTOCICLETA,,,,
2020-10-11 01:48:05,-4.009577,-79.213056,Av. Pio Jaramillo,CON_LESIONADOS,Incendio,Equipo de seguridad deficiente,38,LESIONADO,HOMBRE,OTRO,8,LESIONADO,HOMBRE,VEH_LIVIANO,53,LESIONADO,MUJER,OTRO
2020-10-09 01:47:44,-4.036510,-79.207535,Calle Quito,CON_FALLECIDOS,Atropellamiento,Estado de embriaguez,52,FALLECIDO,MUJER,PEATON,54,LESIONADO,NO_REGISTRA,OTRO,,,,
2020-02-11 12:24:54,-4.030346,-79.223533,Calle Sucre,SOLO_DANOS,Incendio,Falla mecanica,,,,,,,,,,,,
2020-02-23 19:54:32,-4.025785,-79.206876,Calle 10 de Agosto,CON_FALLECIDOS,Accidente Laboral,Visibilidad reducida,82,FALLECIDO,HOMBRE,CICLISTA,30,FALLECIDO,HOMBRE,CICLISTA,,,,
2020-07-25 23:10:52,-4.030828,-79.186207,Calle Azogues,SOLO_DANOS,Accidente Laboral,Falla mecanica,,,,,,,,,,,,
2020-07-21 20:57:58,-4.015147,-79.180589,Calle Miguel Riofrio,CON_LESIONADOS,Incendio,Visibilidad reducida,64,LESIONADO,NO_REGISTRA,PEATON,47,LESIONADO,MUJER,OTRO,,,,
2020-07-28 01:04:54,-4.036849,-79.195918,Calle Bolivar,CON_FALLECIDOS,Caida,Falla mecanica,72,FALLECIDO,HOMBRE,MOTOCICLETA,18,FALLECIDO,HOMBRE,OTRO,5,LESIONADO,HOMBRE,VEH_LIVIANO
2020-01-28 02:30:39,-3.991836,-79.220201,Calle Montufar,CON_FALLECIDOS,Choque Vehicular,Imprudencia del conductor,48,FALLECIDO,MUJER,VEH_LIVIANO,,,,,,,,
2020-09-24 02:17:09,-4.006812,-79.185305,Calle 10 de Agosto,SOLO_DANOS,Volcamiento,Factores externos,,,,,,,,,,,,
2020-03-30 03:56:27,-4.019583,-79.179780,Av. Universitaria,CON_FALLECIDOS,Atropellamiento,Factores externos,56,FALLECIDO,MUJER,SCOOTER,50,FALLECIDO,MUJER,SCOOTER,40,LESIONADO,MUJER,PEATON
2020-10-18 09:46:06,-4.010989,-79.215120,Calle Saraguro,CON_FALLECIDOS,Colision Multiple,Distraccion (celular/radio),42,FALLECIDO,MUJER,SCOOTER,28,LESIONADO,NO_REGISTRA,OTRO,,,,
2020-10-13 05:33:33,-4.000746,-79.227616,Calle Rocafuerte,SOLO_DANOS,Incendio,Distraccion (celular/radio),,,,,,,,,,,,
2020-09-20 11:24:02,-3.985790,-79.210432,Calle Bolivar,CON_FALLECIDOS,Incendio,Mal estado de la via,74,FALLECIDO,MUJER,VEH_LIVIANO,32,FALLECIDO,HOMBRE,MOTOCICLETA,51,LESIONADO,MUJER,VEH_LIVIANO
2020-07-15 10:37:23,-4.017016,-79.227746,Calle Miguel Riofrio,SOLO_DANOS,Choque Vehicular,Distraccion (celular/radio),,,,,,,,,,,,
2020-02-17 14:34:27,-4.003463,-79.213970,Calle 10 de Agosto,CON_LESIONADOS,Caida,Visibilidad reducida,62,LESIONADO,HOMBRE,PEATON,,,,,,,,
2020-10-10 01:13:15,-4.030581,-79.224672,Calle Saraguro,CON_FALLECIDOS,Colision Multiple,Exceso de velocidad,45,FALLECIDO,HOMBRE,CICLISTA,25,FALLECIDO,NO_REGISTRA,VEH_LIVIANO,40,LESIONADO,HOMBRE,SCOOTER
2020-10-27 23:29:12,-3.994530,-79.185585,Via Loja - Zamora,SOLO_DANOS,Volcamiento,Falla mecanica,,,,,,,,,,,,
2020-10-09 09:54:25,-3.998036,-79.206202,Calle 18 de Noviembre,CON_FALLECIDOS,Incendio,Imprudencia del conductor,77,FALLECIDO,HOMBRE,SCOOTER,43,LESIONADO,NO_REGISTRA,MOTOCICLETA,46,LESIONADO,MUJER,CICLISTA
2020-09-07 17:36:03,-3.996535,-79.201791,Calle 10 de Agosto,CON_FALLECIDOS,Volcamiento,Via resbaladiza o mojada,28,FALLECIDO,HOMBRE,MOTOCICLETA,59,FALLECIDO,HOMBRE,PEATON,65,LESIONADO,MUJER,VEH_LIVIANO
2020-06-23 23:43:28,-3.982766,-79.178022,Av. Metropolitana,SOLO_DANOS,Atropellamiento,Exceso de velocidad,,,,,,,,,,,,
2020-09-02 06:22:42,-3.988977,-79.185867,Av. Rosa Hermosa,CON_FALLECIDOS,Choque Vehicular,Falla mecanica,30,FALLECIDO,MUJER,VEH_LIVIANO,,,,,,,,
2020-07-14 04:00:12,-4.008084,-79.192009,Av. Isidro Ayora,SOLO_DANOS,Incendio,Falla mecanica,,,,,,,,,,,,
2020-08-06 02:43:05,-3.987617,-79.208042,Calle Azogues,SOLO_DANOS,Accidente Laboral,Exceso de velocidad,,,,,,,,,,,,
2020-04-20 15:32:07,-4.008379,-79.225236,Calle Ramon Borrero,CON_LESIONADOS,Colision Multiple,Visibilidad reducida,21,LESIONADO,HOMBRE,CICLISTA,66,LESIONADO,NO_REGISTRA,MOTOCICLETA,,,,
2020-02-07 14:54:26,-3.981593,-79.221938,Av. Manuel Agustin Aguirre,CON_LESIONADOS,Caida,Distraccion (celular/radio),48,LESIONADO,MUJER,MOTOCICLETA,,,,,,,,
2020-10-19 07:17:50,-4.019549,-79.212897,Calle Rocafuerte,SOLO_DANOS,Volcamiento,Exceso de velocidad,,,,,,,,,,,,
2020-05-23 08:52:29,-4.031161,-79.208989,Calle Ramon Borrero,CON_FALLECIDOS,Accidente Laboral,Visibilidad reducida,82,FALLECIDO,MUJER,CICLISTA,65,LESIONADO,NO_REGISTRA,OTRO,,,,
2020-09-07 03:44:07,-3.991387,-79.172184,Av. Metropolitana,CON_LESIONADOS,Caida,Equipo de seguridad deficiente,65,LESIONADO,HOMBRE,CICLISTA,33,LESIONADO,MUJER,OTRO,71,LESIONADO,HOMBRE,SCOOTER
2020-02-18 11:14:47,-4.025827,-79.203578,Via Loja - Catamayo,SOLO_DANOS,Choque Vehicular,Exceso de velocidad,,,,,,,,,,,,
2020-04-07 08:41:54,-3.986484,-79.194643,Calle Quito,CON_FALLECIDOS,Colision Multiple,Via resbaladiza o mojada,80,FALLECIDO,MUJER,PEATON,41,FALLECIDO,HOMBRE,PEATON,,,,
2020-08-24 04:51:59,-4.003928,-79.230569,Calle Colon,SOLO_DANOS,Choque Vehicular,Falla mecanica,,,,,,,,,,,,
2020-07-25 07:25:19,-4.015020,-79.195635,Av. Orillas del Zamora,SOLO_DANOS,Incendio,Imprudencia del conductor,,,,,,,,,,,,
2020-08-14 22:58:58,-4.018326,-79.179962,Av. 8 de Diciembre,CON_FALLECIDOS,Caida,Inobservancia de senales,76,FALLECIDO,HOMBRE,PEATON,48,FALLECIDO,HOMBRE,PEATON,55,LESIONADO,MUJER,VEH_LIVIANO
2020-03-21 08:05:33,-4.029484,-79.227290,Av. Cuxibamba,CON_FALLECIDOS,Volcamiento,Inobservancia de senales,80,FALLECIDO,MUJER,VEH_LIVIANO,47,FALLECIDO,NO_REGISTRA,MOTOCICLETA,,,,
2020-03-21 17:32:53,-4.008083,-79.204694,Av. Gran Colombia,CON_FALLECIDOS,Incendio,Via resbaladiza o mojada,79,FALLECIDO,NO_REGISTRA,MOTOCICLETA,41,FALLECIDO,HOMBRE,PEATON,,,,
2020-06-08 01:49:55,-4.002812,-79.228383,Via Loja - Catamayo,SOLO_DANOS,Incendio,Exceso de velocidad,,,,,,,,,,,,
2020-01-27 18:27:47,-4.004020,-79.197382,Av. Manuel Agustin Aguirre,CON_FALLECIDOS,Accidente Laboral,Factores externos,72,FALLECIDO,NO_REGISTRA,OTRO,21,FALLECIDO,NO_REGISTRA,MOTOCICLETA,16,LESIONADO,MUJER,MOTOCICLETA
2020-07-17 07:11:19,-4.003138,-79.179548,Av. Universitaria,CON_LESIONADOS,Choque Vehicular,Mal estado de la via,64,LESIONADO,MUJER,MOTOCICLETA,62,LESIONADO,MUJER,OTRO,,,,
2020-08-20 00:35:49,-3.992147,-79.222464,Av. Metropolitana,SOLO_DANOS,Colision Multiple,Exceso de velocidad,,,,,,,,,,,,
2020-01-20 12:23:01,-3.986879,-79.206776,Calle Imbabura,CON_FALLECIDOS,Incendio,Falla mecanica,18,FALLECIDO,NO_REGISTRA,SCOOTER,64,FALLECIDO,HOMBRE,PEATON,,,,
2020-03-23 05:15:39,-4.029534,-79.199780,Calle Montufar,SOLO_DANOS,Colision Multiple,Falla mecanica,,,,,,,,,,,,
2020-04-19 00:38:58,-4.035808,-79.195838,Av. Isidro Ayora,SOLO_DANOS,Accidente Laboral,Exceso de velocidad,,,,,,,,,,,,
2020-10-10 06:33:41,-3.986517,-79.180223,Ruta 35,CON_FALLECIDOS,Choque Vehicular,Equipo de seguridad deficiente,69,FALLECIDO,HOMBRE,PEATON,,,,,,,,
2020-11-04 08:45:59,-4.032260,-79.191700,Av. Universitaria,CON_FALLECIDOS,Atropellamiento,Factores externos,33,FALLECIDO,HOMBRE,CICLISTA,56,FALLECIDO,HOMBRE,SCOOTER,,,,
2020-08-09 04:23:15,-4.010543,-79.225468,Calle Azogues,SOLO_DANOS,Colision Multiple,Distraccion (celular/radio),,,,,,,,,,,,
2020-03-07 00:31:40,-4.027235,-79.229410,Calle Rocafuerte,CON_FALLECIDOS,Caida,Visibilidad reducida,61,FALLECIDO,MUJER,VEH_LIVIANO,50,FALLECIDO,NO_REGISTRA,PEATON,52,LESIONADO,MUJER,VEH_LIVIANO
2020-04-30 12:58:19,-4.010135,-79.183565,Av. Isidro Ayora,SOLO_DANOS,Incendio,Exceso de velocidad,,,,,,,,,,,,
2020-04-12 23:51:37,-4.016972,-79.195874,Calle Bolivar,CON_FALLECIDOS,Choque Vehicular,Imprudencia del conductor,69,FALLECIDO,HOMBRE,SCOOTER,58,FALLECIDO,NO_REGISTRA,MOTOCICLETA,21,LESIONADO,NO_REGISTRA,CICLISTA
2020-06-30 11:00:45,-4.009431,-79.197612,Av. Rosa Hermosa,SOLO_DANOS,Incendio,Factores externos,,,,,,,,,,,,
2020-01-07 01:54:11,-4.027839,-79.216286,Calle Bolivar,CON_FALLECIDOS,Incendio,Factores externos,68,FALLECIDO,HOMBRE,PEATON,55,FALLECIDO,MUJER,OTRO,,,,
2020-02-28 23:41:53,-4.000763,-79.205429,Calle Rocafuerte,CON_LESIONADOS,Accidente Laboral,Visibilidad reducida,61,LESIONADO,HOMBRE,CICLISTA,22,LESIONADO,MUJER,OTRO,,,,
2020-03-24 11:12:45,-4.036418,-79.182518,Av. Metropolitana,CON_LESIONADOS,Choque Vehicular,Mal estado de la via,78,LESIONADO,MUJER,CICLISTA,,,,,,,,
2020-12-07 01:41:56,-3.993503,-79.202248,Calle Saraguro,CON_LESIONADOS,Caida,Fatiga del conductor,77,LESIONADO,MUJER,OTRO,45,LESIONADO,NO_REGISTRA,CICLISTA,,,,
2020-12-16 05:18:08,-4.025646,-79.197867,Av. Pio Jaramillo,CON_LESIONADOS,Accidente Laboral,Fatiga del conductor,9,LESIONADO,MUJER,MOTOCICLETA,,,,,,,,
2020-07-12 02:32:02,-4.029185,-79.230810,Av. Manuel Agustin Aguirre,CON_LESIONADOS,Volcamiento,Equipo de seguridad deficiente,58,LESIONADO,HOMBRE,SCOOTER,,,,,,,,
2020-11-11 19:12:02,-4.035222,-79.182508,Av. Metropolitana,CON_LESIONADOS,Volcamiento,Visibilidad reducida,5,LESIONADO,NO_REGISTRA,SCOOTER,61,LESIONADO,MUJER,VEH_LIVIANO,75,LESIONADO,HOMBRE,PEATON
2020-03-24 23:26:59,-4.025426,-79.221887,Calle Azogues,CON_LESIONADOS,Colision Multiple,Equipo de seguridad deficiente,76,LESIONADO,HOMBRE,PEATON,42,LESIONADO,HOMBRE,PEATON,,,,
2020-11-01 17:28:21,-4.003542,-79.207299,Calle Quito,CON_FALLECIDOS,Accidente Laboral,Falla mecanica,69,FALLECIDO,NO_REGISTRA,PEATON,38,LESIONADO,HOMBRE,PEATON,10,LESIONADO,NO_REGISTRA,OTRO
2020-03-30 07:05:07,-4.010027,-79.222850,Calle 18 de Noviembre,CON_LESIONADOS,Colision Multiple,Imprudencia del conductor,46,LESIONADO,HOMBRE,PEATON,11,LESIONADO,HOMBRE,CICLISTA,,,,
2020-11-18 01:16:39,-3.998209,-79.218776,Via Loja - Zamora,SOLO_DANOS,Accidente Laboral,Mal estado de la via,,,,,,,,,,,,
2020-07-09 07:46:23,-4.031698,-79.221995,Av. Reinaldo Espinosa,CON_FALLECIDOS,Accidente Laboral,Falla mecanica,24,FALLECIDO,HOMBRE,SCOOTER,16,LESIONADO,NO_REGISTRA,MOTOCICLETA,,,,
2020-07-10 10:11:12,-4.013479,-79.223464,Av. Pio Jaramillo,CON_LESIONADOS,Colision Multiple,Exceso de velocidad,33,LESIONADO,HOMBRE,OTRO,56,LESIONADO,NO_REGISTRA,CICLISTA,,,,
2020-03-10 22:05:48,-4.023162,-79.200059,Calle Mercadillo,SOLO_DANOS,Accidente Laboral,Via resbaladiza o mojada,,,,,,,,,,,,
2020-10-19 22:43:00,-3.986006,-79.180915,Av. 8 de Diciembre,SOLO_DANOS,Choque Vehicular,Factores externos,,,,,,,,,,,,
2020-02-29 08:16:30,-3.990346,-79.224945,Av. Isidro Ayora,CON_LESIONADOS,Incendio,Fatiga del conductor,54,LESIONADO,HOMBRE,CICLISTA,17,LESIONADO,HOMBRE,MOTOCICLETA,13,LESIONADO,HOMBRE,VEH_LIVIANO
2020-11-10 22:12:14,-3.979187,-79.212632,Calle Sucre,CON_FALLECIDOS,Incendio,Visibilidad reducida,22,FALLECIDO,NO_REGISTRA,VEH_LIVIANO,71,FALLECIDO,NO_REGISTRA,VEH_LIVIANO,,,,
2020-10-30 20:24:09,-4.019849,-79.229399,Calle Sucre,CON_LESIONADOS,Accidente Laboral,Equipo de seguridad deficiente,46,LESIONADO,MUJER,SCOOTER,11,LESIONADO,MUJER,MOTOCICLETA,17,LESIONADO,NO_REGISTRA,MOTOCICLETA
2020-03-03 06:04:07,-4.025087,-79.209782,Calle Rocafuerte,CON_LESIONADOS,Colision Multiple,Imprudencia del conductor,54,LESIONADO,HOMBRE,OTRO,48,LESIONADO,HOMBRE,PEATON,5,LESIONADO,NO_REGISTRA,PEATON
2020-03-01 18:24:15,-3.999770,-79.186702,Av. Gran Colombia,CON_LESIONADOS,Accidente Laboral,Mal estado de la via,56,LESIONADO,HOMBRE,SCOOTER,47,LESIONADO,HOMBRE,PEATON,,,,
2020-05-19 19:50:40,-4.014916,-79.173113,Calle Sucre,CON_FALLECIDOS,Atropellamiento,Imprudencia del conductor,44,FALLECIDO,MUJER,MOTOCICLETA,37,FALLECIDO,MUJER,PEATON,38,LESIONADO,HOMBRE,OTRO
2020-05-15 14:18:00,-3.978623,-79.171766,Av. Cuxibamba,CON_LESIONADOS,Accidente Laboral,Inobservancia de senales,52,LESIONADO,MUJER,MOTOCICLETA,51,LESIONADO,NO_REGISTRA,PEATON,,,,
2020-04-25 20:28:46,-3.988647,-79.206862,Av. Manuel Agustin Aguirre,SOLO_DANOS,Accidente Laboral,Mal estado de la via,,,,,,,,,,,,
2020-01-03 18:13:21,-3.981636,-79.182851,Av. 8 de Diciembre,CON_FALLECIDOS,Caida,Estado de embriaguez,71,FALLECIDO,NO_REGISTRA,OTRO,49,FALLECIDO,NO_REGISTRA,PEATON,73,LESIONADO,NO_REGISTRA,SCOOTER
2020-11-02 17:34:19,-3.986112,-79.199820,Calle Saraguro,CON_FALLECIDOS,Caida,Inobservancia de senales,83,FALLECIDO,HOMBRE,OTRO,61,LESIONADO,HOMBRE,VEH_LIVIANO,,,,
2020-09-11 23:35:21,-4.001688,-79.200163,Av. Universitaria,CON_FALLECIDOS,Choque Vehicular,Falla mecanica,64,FALLECIDO,HOMBRE,SCOOTER,24,LESIONADO,HOMBRE,MOTOCICLETA,,,,
2020-12-28 14:42:24,-4.009185,-79.223105,Av. Metropolitana,SOLO_DANOS,Choque Vehicular,Distraccion (celular/radio),,,,,,,,,,,,
2020-10-14 15:25:25,-3.987393,-79.228662,Calle Colon,CON_FALLECIDOS,Caida,Via resbaladiza o mojada,49,FALLECIDO,NO_REGISTRA,MOTOCICLETA,9,LESIONADO,NO_REGISTRA,CICLISTA,67,LESIONADO,NO_REGISTRA,SCOOTER
2020-08-19 06:59:51,-3.993647,-79.195484,Calle Rocafuerte,CON_FALLECIDOS,Accidente Laboral,Estado de embriaguez,80,FALLECIDO,MUJER,OTRO,75,FALLECIDO,HOMBRE,CICLISTA,6,LESIONADO,HOMBRE,SCOOTER
2020-11-27 06:07:23,-4.023844,-79.180498,Calle Rocafuerte,CON_LESIONADOS,Choque Vehicular,Falla mecanica,37,LESIONADO,MUJER,OTRO,,,,,,,,
2020-11-27 17:52:40,-4.001233,-79.184033,Av. Reinaldo Espinosa,CON_FALLECIDOS,Atropellamiento,Imprudencia del conductor,62,FALLECIDO,MUJER,SCOOTER,40,LESIONADO,NO_REGISTRA,VEH_LIVIANO,72,LESIONADO,HOMBRE,CICLISTA
2020-03-28 18:46:30,-3.980245,-79.199705,Calle Montufar,SOLO_DANOS,Colision Multiple,Distraccion (celular/radio),,,,,,,,,,,,
2020-01-25 03:12:49,-3.998429,-79.208145,Ruta 35,CON_LESIONADOS,Colision Multiple,Mal estado de la via,22,LESIONADO,NO_REGISTRA,VEH_LIVIANO,39,LESIONADO,HOMBRE,VEH_LIVIANO,,,,
2020-11-13 02:41:12,-4.035459,-79.202620,Calle Bolivar,SOLO_DANOS,Accidente Laboral,Inobservancia de senales,,,,,,,,,,,,
2020-07-16 07:42:31,-3.979975,-79.213191,Ruta 35,CON_FALLECIDOS,Colision Multiple,Imprudencia del conductor,20,FALLECIDO,MUJER,MOTOCICLETA,71,FALLECIDO,MUJER,CICLISTA,,,,
2020-10-24 05:52:35,-3.993554,-79.217575,Calle Rocafuerte,CON_FALLECIDOS,Accidente Laboral,Via resbaladiza o mojada,77,FALLECIDO,MUJER,MOTOCICLETA,,,,,,,,
2020-04-21 19:29:07,-3.985762,-79.216409,Calle Sucre,CON_LESIONADOS,Incendio,Mal estado de la via,33,LESIONADO,NO_REGISTRA,PEATON,57,LESIONADO,HOMBRE,CICLISTA,34,LESIONADO,HOMBRE,CICLISTA
2020-05-27 20:41:21,-4.035162,-79.176823,Calle Sucre,CON_LESIONADOS,Atropellamiento,Inobservancia de senales,9,LESIONADO,MUJER,CICLISTA,49,LESIONADO,HOMBRE,CICLISTA,39,LESIONADO,NO_REGISTRA,PEATON
2020-09-29 23:51:51,-4.006115,-79.222065,Av. Universitaria,SOLO_DANOS,Colision Multiple,Fatiga del conductor,,,,,,,,,,,,
2020-07-09 08:12:30,-3.992843,-79.186914,Calle Colon,CON_FALLECIDOS,Incendio,Falla mecanica,59,FALLECIDO,HOMBRE,VEH_LIVIANO,16,LESIONADO,NO_REGISTRA,MOTOCICLETA,54,LESIONADO,HOMBRE,VEH_LIVIANO
2020-09-01 01:00:22,-3.992022,-79.220969,Calle Bolivar,SOLO_DANOS,Accidente Laboral,Equipo de seguridad deficiente,,,,,,,,,,,,
2020-03-27 15:09:03,-4.015753,-79.209169,Av. Rosa Hermosa,SOLO_DANOS,Incendio,Distraccion (celular/radio),,,,,,,,,,,,
2020-12-17 06:59:29,-3.980441,-79.227674,Av. Universitaria,CON_FALLECIDOS,Atropellamiento,Imprudencia del conductor,32,FALLECIDO,HOMBRE,MOTOCICLETA,77,FALLECIDO,MUJER,OTRO,62,LESIONADO,MUJER,PEATON
2020-11-26 17:30:06,-3.978972,-79.218158,Av. 8 de Diciembre,CON_FALLECIDOS,Colision Multiple,Imprudencia del conductor,51,FALLECIDO,NO_REGISTRA,VEH_LIVIANO,34,FALLECIDO,HOMBRE,SCOOTER,21,LESIONADO,HOMBRE,SCOOTER
2020-05-17 05:44:58,-3.984559,-79.181946,Av. Cuxibamba,CON_LESIONADOS,Colision Multiple,Estado de embriaguez,42,LESIONADO,HOMBRE,OTRO,63,LESIONADO,NO_REGISTRA,VEH_LIVIANO,,,,
2020-11-24 07:13:41,-4.035522,-79.189288,Calle Saraguro,CON_FALLECIDOS,Atropellamiento,Exceso de velocidad,38,FALLECIDO,HOMBRE,SCOOTER,42,FALLECIDO,NO_REGISTRA,MOTOCICLETA,11,LESIONADO,NO_REGISTRA,MOTOCICLETA
2020-09-14 10:08:29,-3.991627,-79.209346,Calle 18 de Noviembre,SOLO_DANOS,Atropellamiento,Falla mecanica,,,,,,,,,,,,
2020-12-14 02:27:31,-3.989989,-79.192525,Calle Colon,SOLO_DANOS,Caida,Exceso de velocidad,,,,,,,,,,,,
2020-12-30 16:51:12,-4.033865,-79.222241,Av. Universitaria,CON_FALLECIDOS,Atropellamiento,Fatiga del conductor,55,FALLECIDO,HOMBRE,CICLISTA,20,LESIONADO,NO_REGISTRA,SCOOTER,16,LESIONADO,MUJER,SCOOTER
2020-06-10 09:47:04,-4.005229,-79.204750,Av. Metropolitana,CON_LESIONADOS,Atropellamiento,Imprudencia del conductor,41,LESIONADO,MUJER,SCOOTER,67,LESIONADO,NO_REGISTRA,PEATON,,,,
2020-02-23 12:23:46,-4.006538,-79.227895,Calle Miguel Riofrio,SOLO_DANOS,Atropellamiento,Estado de embriaguez,11,LESIONADO,NO_REGISTRA,PEATON,,,,,,,,
2020-10-16 09:17:18,-3.986743,-79.216589,Calle Bolivar,CON_LESIONADOS,Incendio,Inobservancia de senales,11,LESIONADO,NO_REGISTRA,PEATON,45,LESIONADO,NO_REGISTRA,CICLISTA,6,LESIONADO,MUJER,CICLISTA
2020-12-21 09:31:40,-4.016902,-79.222932,Av. Orillas del Zamora,CON_FALLECIDOS,Incendio,Factores externos,66,FALLECIDO,MUJER,OTRO,76,LESIONADO,MUJER,MOTOCICLETA,41,LESIONADO,NO_REGISTRA,SCOOTER
2020-08-02 23:46:14,-3.990055,-79.189233,Av. Pio Jaramillo,CON_LESIONADOS,Accidente Laboral,Equipo de seguridad deficiente,28,LESIONADO,NO_REGISTRA,SCOOTER,6,LESIONADO,HOMBRE,VEH_LIVIANO,,,,
2020-12-24 08:32:36,-4.023731,-79.183422,Av. Orillas del Zamora,CON_FALLECIDOS,Atropellamiento,Visibilidad reducida,55,FALLECIDO,MUJER,PEATON,39,FALLECIDO,MUJER,OTRO,76,LESIONADO,NO_REGISTRA,CICLISTA
2020-04-28 03:41:41,-3.983404,-79.172764,Av. Metropolitana,SOLO_DANOS,Colision Multiple,Exceso de velocidad,,,,,,,,,,,,
2020-04-26 11:12:00,-3.987353,-79.172535,Calle Rocafuerte,SOLO_DANOS,Atropellamiento,Distraccion (celular/radio),,,,,,,,,,,,
2020-06-05 06:42:42,-4.031181,-79.190811,Calle Colon,SOLO_DANOS,Atropellamiento,Imprudencia del conductor,,,,,,,,,,,,
2020-04-13 22:09:03,-3.980963,-79.197146,Av. Metropolitana,CON_FALLECIDOS,Colision Multiple,Visibilidad reducida,52,FALLECIDO,MUJER,SCOOTER,25,LESIONADO,NO_REGISTRA,MOTOCICLETA,,,,
2020-07-05 20:51:33,-4.021215,-79.185370,Calle Imbabura,CON_LESIONADOS,Accidente Laboral,Inobservancia de senales,63,LESIONADO,HOMBRE,PEATON,51,LESIONADO,MUJER,SCOOTER,,,,
2020-05-22 22:20:59,-3.994975,-79.207274,Av. Reinaldo Espinosa,CON_FALLECIDOS,Choque Vehicular,Via resbaladiza o mojada,39,FALLECIDO,HOMBRE,MOTOCICLETA,68,FALLECIDO,HOMBRE,PEATON,,,,
2020-04-02 03:58:02,-4.011192,-79.187568,Av. Orillas del Zamora,SOLO_DANOS,Atropellamiento,Imprudencia del conductor,42,LESIONADO,MUJER,MOTOCICLETA,,,,,,,,
2020-05-14 14:43:35,-3.993174,-79.188217,Calle Rocafuerte,SOLO_DANOS,Choque Vehicular,Imprudencia del conductor,,,,,,,,,,,,
2020-05-01 23:44:18,-3.985324,-79.174285,Calle Azogues,CON_FALLECIDOS,Caida,Estado de embriaguez,55,FALLECIDO,NO_REGISTRA,MOTOCICLETA,35,FALLECIDO,MUJER,PEATON,47,LESIONADO,MUJER,SCOOTER
2020-08-11 04:20:52,-4.027844,-79.208051,Av. Manuel Agustin Aguirre,CON_FALLECIDOS,Atropellamiento,Factores externos,56,FALLECIDO,MUJER,SCOOTER,54,FALLECIDO,HOMBRE,MOTOCICLETA,,,,
2020-02-17 19:21:11,-4.032835,-79.199418,Calle Ramon Borrero,CON_FALLECIDOS,Incendio,Visibilidad reducida,44,FALLECIDO,MUJER,SCOOTER,44,LESIONADO,NO_REGISTRA,SCOOTER,,,,
2020-01-17 05:49:33,-4.001542,-79.177944,Calle Saraguro,CON_LESIONADOS,Incendio,Factores externos,32,LESIONADO,NO_REGISTRA,CICLISTA,17,LESIONADO,HOMBRE,VEH_LIVIANO,,,,
2020-02-27 11:45:12,-3.992256,-79.176736,Av. Reinaldo Espinosa,CON_LESIONADOS,Atropellamiento,Exceso de velocidad,28,LESIONADO,HOMBRE,SCOOTER,,,,,,,,
2020-04-10 01:47:58,-4.018391,-79.182739,Calle Azogues,CON_FALLECIDOS,Volcamiento,Distraccion (celular/radio),40,FALLECIDO,HOMBRE,PEATON,50,FALLECIDO,MUJER,MOTOCICLETA,,,,
2020-06-22 19:50:24,-3.998974,-79.219244,Av. Pio Jaramillo,SOLO_DANOS,Colision Multiple,Fatiga del conductor,,,,,,,,,,,,
2020-03-20 13:46:03,-4.022017,-79.229726,Calle Ramon Borrero,SOLO_DANOS,Choque Vehicular,Inobservancia de senales,,,,,,,,,,,,
2020-05-03 23:38:40,-3.995094,-79.197019,Av. Universitaria,SOLO_DANOS,Accidente Laboral,Imprudencia del conductor,6,LESIONADO,HOMBRE,VEH_LIVIANO,,,,,,,,
2020-11-22 09:20:55,-4.013933,-79.219591,Calle Rocafuerte,SOLO_DANOS,Atropellamiento,Visibilidad reducida,,,,,,,,,,,,
2020-12-03 13:03:01,-4.009773,-79.179980,Av. Rosa Hermosa,CON_LESIONADOS,Atropellamiento,Equipo de seguridad deficiente,63,LESIONADO,HOMBRE,SCOOTER,53,LESIONADO,MUJER,OTRO,,,,