fecha_hora,latitud,longitud,via,grado_severidad,tipo_siniestro,causa_probable,victima1_edad,victima1_condicion,victima1_sexo,victima1_actor_vial,victima2_edad,victima2_condicion,victima2_sexo,victima2_actor_vial,victima3_edad,victima3_condicion,victima3_sexo,victima3_actor_vial
2020-02-02 09:09:21,-4.001612,-79.190319,Av. Cuxibamba,SOLO_DANOS,Choque Vehicular,Imprudencia del conductor,,,,,,,,,,,,
2020-03-20 00:11:17,-3.987285,-79.199241,Av. Gran Colombia,CON_FALLECIDOS,Incendio,Exceso de velocidad,43,FALLECIDO,HOMBRE,CICLISTA,,,,,,,,
2020-05-15 03:59:03,-4.003155,-79.192404,Av. Cuxibamba,CON_FALLECIDOS,Choque Vehicular,Factores externos,44,FALLECIDO,MUJER,VEH_LIVIANO,77,LESIONADO,MUJER,PEATON,,,,
2020-05-14 18:03:09,-4.004789,-79.193714,Calle Bolivar,CON_FALLECIDOS,Colision Multiple,Visibilidad reducida,77,FALLECIDO,MUJER,MOTOCICLETA,42,LESIONADO,MUJER,OTRO,70,LESIONADO,MUJER,PEATON
2020-12-04 14:56:23,-3.989309,-79.199615,Av. Metropolitana,CON_LESIONADOS,Caida,Distraccion (celular/radio),65,LESIONADO,MUJER,CICLISTA,,,,,,,,
2020-05-04 07:03:08,-4.032998,-79.182617,Av. Metropolitana,CON_FALLECIDOS,Atropellamiento,Mal estado de la via,51,FALLECIDO,NO_REGISTRA,OTRO,53,FALLECIDO,MUJER,VEH_LIVIANO,,,,
2020-05-17 18:11:04,-4.019177,-79.199155,Calle Bolivar,CON_LESIONADOS,Volcamiento,Imprudencia del conductor,57,LESIONADO,NO_REGISTRA,SCOOTER,55,LESIONADO,MUJER,OTRO,,,,
2020-01-08 01:35:14,-4.028622,-79.208940,Calle 10 de Agosto,CON_LESIONADOS,Incendio,Distraccion (celular/radio),63,LESIONADO,HOMBRE,MOTOCICLETA,64,LESIONADO,NO_REGISTRA,MOTOCICLETA,36,LESIONADO,MUJER,CICLISTA
2020-02-08 23:35:02,-3.987908,-79.174598,Calle Bolivar,CON_LESIONADOS,Caida,Visibilidad reducida,73,LESIONADO,HOMBRE,MOTOCICLETA,,,,,,,,
2020-06-02 02:15:17,-4.032609,-79.178449,Av. Metropolitana,CON_FALLECIDOS,Accidente Laboral,Fatiga del conductor,26,FALLECIDO,NO_REGISTRA,CICLISTA,,,,,,,,
2020-10-22 07:50:49,-4.031949,-79.225488,Av. Cuxibamba,CON_FALLECIDOS,Choque Vehicular,Imprudencia del conductor,29,FALLECIDO,MUJER,OTRO,62,FALLECIDO,NO_REGISTRA,OTRO,37,LESIONADO,HOMBRE,MOTOCICLETA
2020-04-21 15:48:26,-3.990949,-79.171232,Av. Metropolitana,CON_FALLECIDOS,Accidente Laboral,Distraccion (celular/radio),21,FALLECIDO,NO_REGISTRA,MOTOCICLETA,53,FALLECIDO,HOMBRE,VEH_LIVIANO,13,LESIONADO,MUJER,VEH_LIVIANO
2020-06-15 21:37:33,-3.977164,-79.195022,Calle Ramon Borrero,CON_FALLECIDOS,Choque Vehicular,Mal estado de la via,47,FALLECIDO,NO_REGISTRA,CICLISTA,80,FALLECIDO,HOMBRE,VEH_LIVIANO,,,,
2020-05-28 00:05:20,-4.009029,-79.175718,Av. 8 de Diciembre,CON_LESIONADOS,Colision Multiple,Equipo de seguridad deficiente,72,LESIONADO,NO_REGISTRA,VEH_LIVIANO,24,LESIONADO,NO_REGISTRA,MOTOCICLETA,,,,
2020-02-12 10:11:07,-4.007800,-79.199052,Calle Bolivar,CON_FALLECIDOS,Atropellamiento,Fatiga del conductor,57,FALLECIDO,HOMBRE,OTRO,47,LESIONADO,HOMBRE,CICLISTA,43,LESIONADO,HOMBRE,MOTOCICLETA
2020-07-30 03:36:51,-4.009788,-79.223437,Via Loja - Catamayo,CON_LESIONADOS,Caida,Equipo de seguridad deficiente,30,LESIONADO,NO_REGISTRA,OTRO,80,LESIONADO,NO_REGISTRA,SCOOTER,55,LESIONADO,NO_REGISTRA,VEH_LIVIANO
2020-09-27 21:44:38,-3.981964,-79.205684,Av. Pio Jaramillo,CON_LESIONADOS,Accidente Laboral,Inobservancia de senales,19,LESIONADO,NO_REGISTRA,VEH_LIVIANO,36,LESIONADO,MUJER,PEATON,,,,
2020-08-04 11:37:25,-3.992167,-79.218547,Av. Manuel Agustin Aguirre,CON_FALLECIDOS,Volcamiento,Distraccion (celular/radio),65,FALLECIDO,MUJER,OTRO,56,FALLECIDO,NO_REGISTRA,OTRO,,,,
2020-12-11 03:36:08,-3.983756,-79.215807,Calle Mercadillo,SOLO_DANOS,Atropellamiento,Factores externos,,,,,,,,,,,,
2020-04-02 03:34:49,-3.996587,-79.177828,Av. Rosa Hermosa,CON_LESIONADOS,Caida,Mal estado de la via,43,LESIONADO,HOMBRE,PEATON,44,LESIONADO,NO_REGISTRA,SCOOTER,44,LESIONADO,MUJER,CICLISTA
2020-03-17 18:17:36,-4.000954,-79.230742,Calle Saraguro,CON_LESIONADOS,Colision Multiple,Estado de embriaguez,59,LESIONADO,MUJER,PEATON,,,,,,,,
2020-06-15 07:54:39,-4.008730,-79.211355,Calle Miguel Riofrio,CON_LESIONADOS,Colision Multiple,Fatiga del conductor,47,LESIONADO,HOMBRE,MOTOCICLETA,23,LESIONADO,MUJER,CICLISTA,,,,
2020-06-04 15:40:41,-4.006287,-79.197544,Via Loja - Catamayo,SOLO_DANOS,Colision Multiple,Distraccion (celular/radio),,,,,,,,,,,,
2020-09-28 14:51:38,-4.022162,-79.195932,Av. Isidro Ayora,CON_FALLECIDOS,Volcamiento,Exceso de velocidad,77,FALLECIDO,HOMBRE,VEH_LIVIANO,27,LESIONADO,MUJER,CICLISTA,,,,
2020-09-15 20:29:05,-4.000369,-79.207139,Calle Miguel Riofrio,CON_FALLECIDOS,Accidente Laboral,Estado de embriaguez,34,FALLECIDO,MUJER,CICLISTA,31,LESIONADO,MUJER,PEATON,,,,
2020-08-04 08:49:34,-3.980038,-79.221635,Av. Pio Jaramillo,CON_LESIONADOS,Colision Multiple,Inobservancia de senales,15,LESIONADO,NO_REGISTRA,MOTOCICLETA,40,LESIONADO,NO_REGISTRA,SCOOTER,54,LESIONADO,MUJER,OTRO
2020-03-11 17:04:58,-3.977108,-79.177481,Calle Imbabura,CON_FALLECIDOS,Volcamiento,Mal estado de la via,75,FALLECIDO,MUJER,MOTOCICLETA,66,FALLECIDO,MUJER,CICLISTA,,,,
2020-08-26 05:14:11,-4.030577,-79.194751,Calle Saraguro,CON_FALLECIDOS,Choque Vehicular,Equipo de seguridad deficiente,47,FALLECIDO,HOMBRE,MOTOCICLETA,74,LESIONADO,NO_REGISTRA,MOTOCICLETA,70,LESIONADO,HOMBRE,MOTOCICLETA
2020-11-15 01:24:58,-4.001419,-79.174173,Calle 18 de Noviembre,CON_FALLECIDOS,Accidente Laboral,Mal estado de la via,54,FALLECIDO,HOMBRE,CICLISTA,40,FALLECIDO,MUJER,CICLISTA,31,LESIONADO,MUJER,VEH_LIVIANO
2020-03-26 04:05:07,-4.036894,-79.210121,Calle Quito,CON_LESIONADOS,Colision Multiple,Exceso de velocidad,27,LESIONADO,MUJER,VEH_LIVIANO,,,,,,,,
2020-02-16 19:54:50,-4.021433,-79.217856,Av. Cuxibamba,SOLO_DANOS,Colision Multiple,Factores externos,5,LESIONADO,MUJER,VEH_LIVIANO,,,,,,,,
2020-04-27 00:25:29,-4.020998,-79.180340,Calle Bolivar,CON_LESIONADOS,Incendio,Visibilidad reducida,52,LESIONADO,HOMBRE,VEH_LIVIANO,,,,,,,,
2020-04-27 16:32:10,-4.001092,-79.193816,Calle Saraguro,CON_LESIONADOS,Incendio,Distraccion (celular/radio),73,LESIONADO,NO_REGISTRA,SCOOTER,22,LESIONADO,NO_REGISTRA,MOTOCICLETA,38,LESIONADO,HOMBRE,OTRO
2020-08-24 12:50:45,-4.030356,-79.178028,Calle 10 de Agosto,CON_FALLECIDOS,Colision Multiple,Factores externos,28,FALLECIDO,MUJER,OTRO,32,FALLECIDO,MUJER,VEH_LIVIANO,,,,
2020-04-20 20:35:24,-4.032051,-79.180750,Calle Colon,CON_FALLECIDOS,Atropellamiento,Fatiga del conductor,37,FALLECIDO,HOMBRE,PEATON,27,LESIONADO,NO_REGISTRA,OTRO,,,,
2020-01-08 14:36:14,-4.029707,-79.197538,Calle Colon,CON_LESIONADOS,Volcamiento,Falla mecanica,8,LESIONADO,NO_REGISTRA,SCOOTER,53,LESIONADO,MUJER,PEATON,,,,
2020-04-28 03:45:45,-3.999247,-79.215132,Calle Imbabura,CON_LESIONADOS,Incendio,Equipo de seguridad deficiente,70,LESIONADO,MUJER,OTRO,51,LESIONADO,HOMBRE,OTRO,,,,
2020-02-01 08:49:09,-4.009699,-79.218817,Av. Isidro Ayora,CON_LESIONADOS,Incendio,Fatiga del conductor,12,LESIONADO,NO_REGISTRA,VEH_LIVIANO,62,LESIONADO,NO_REGISTRA,CICLISTA,,,,
2020-06-15 13:14:47,-3.981977,-79.186716,Calle 18 de Noviembre,CON_LESIONADOS,Atropellamiento,Fatiga del conductor,45,LESIONADO,MUJER,PEATON,5,LESIONADO,NO_REGISTRA,OTRO,9,LESIONADO,NO_REGISTRA,OTRO
2020-03-01 04:45:18,-3.996744,-79.218331,Ruta 35,CON_LESIONADOS,Choque Vehicular,Fatiga del conductor,29,LESIONADO,MUJER,SCOOTER,,,,,,,,
2020-05-26 23:35:28,-4.019455,-79.201941,Av. Orillas del Zamora,SOLO_DANOS,Volcamiento,Mal estado de la via,,,,,,,,,,,,
2020-10-25 08:30:49,-4.011622,-79.198703,Av. Cuxibamba,CON_LESIONADOS,Caida,Imprudencia del conductor,73,LESIONADO,MUJER,VEH_LIVIANO,28,LESIONADO,HOMBRE,CICLISTA,,,,
2020-06-10 18:41:54,-4.020868,-79.184495,Calle Ramon Borrero,SOLO_DANOS,Caida,Estado de embriaguez,39,LESIONADO,HOMBRE,VEH_LIVIANO,,,,,,,,
2020-02-10 18:53:56,-3.997880,-79.175500,Av. Universitaria,CON_FALLECIDOS,Colision Multiple,Inobservancia de senales,71,FALLECIDO,MUJER,CICLISTA,65,LESIONADO,MUJER,PEATON,39,LESIONADO,HOMBRE,OTRO
2020-05-09 06:32:54,-4.028860,-79.230505,Calle Montufar,SOLO_DANOS,Incendio,Fatiga del conductor,,,,,,,,,,,,
2020-09-04 19:15:50,-3.981640,-79.179424,Av. Metropolitana,SOLO_DANOS,Caida,Via resbaladiza o mojada,,,,,,,,,,,,
2020-04-16 02:10:08,-4.029968,-79.219788,Calle Quito,CON_FALLECIDOS,Atropellamiento,Distraccion (celular/radio),21,FALLECIDO,NO_REGISTRA,PEATON,,,,,,,,
2020-04-01 09:06:52,-4.032285,-79.219246,Av. Pio Jaramillo,SOLO_DANOS,Caida,Factores externos,,,,,,,,,,,,
2020-07-02 01:26:05,-4.002586,-79.227107,Calle 18 de Noviembre,SOLO_DANOS,Volcamiento,Falla mecanica,,,,,,,,,,,,
2020-04-07 06:29:34,-3.994569,-79.228852,Av. Isidro Ayora,CON_LESIONADOS,Colision Multiple,Visibilidad reducida,13,LESIONADO,HOMBRE,MOTOCICLETA,28,LESIONADO,HOMBRE,VEH_LIVIANO,13,LESIONADO,HOMBRE,PEATON
2020-12-10 16:10:48,-4.022780,-79.180445,Av. Gran Colombia,CON_FALLECIDOS,Choque Vehicular,Estado de embriaguez,74,FALLECIDO,HOMBRE,CICLISTA,58,LESIONADO,MUJER,OTRO,,,,
2020-08-27 13:47:12,-4.019178,-79.186627,Av. Rosa Hermosa,CON_FALLECIDOS,Colision Multiple,Estado de embriaguez,76,FALLECIDO,HOMBRE,MOTOCICLETA,,,,,,,,
2020-09-11 11:12:46,-4.000683,-79.214004,Av. Orillas del Zamora,CON_FALLECIDOS,Caida,Distraccion (celular/radio),48,FALLECIDO,NO_REGISTRA,MOTOCICLETA,77,FALLECIDO,NO_REGISTRA,OTRO,49,LESIONADO,MUJER,MOTOCICLETA
2020-01-23 23:58:40,-3.995186,-79.220136,Av. Cuxibamba,SOLO_DANOS,Colision Multiple,Falla mecanica,,,,,,,,,,,,
2020-01-13 12:45:46,-4.030026,-79.184285,Via Loja - Catamayo,SOLO_DANOS,Accidente Laboral,Visibilidad reducida,,,,,,,,,,,,
2020-02-11 16:32:47,-4.001563,-79.197238,Calle Montufar,CON_LESIONADOS,Colision Multiple,Equipo de seguridad deficiente,78,LESIONADO,NO_REGISTRA,VEH_LIVIANO,66,LESIONADO,MUJER,VEH_LIVIANO,,,,
2020-05-11 06:36:55,-3.994366,-79.193217,Calle Quito,CON_LESIONADOS,Caida,Exceso de velocidad,28,LESIONADO,HOMBRE,OTRO,,,,,,,,
2020-02-27 13:44:53,-4.007268,-79.228549,Calle Mercadillo,SOLO_DANOS,Accidente Laboral,Falla mecanica,,,,,,,,,,,,
2020-05-19 08:02:48,-4.004855,-79.178232,Av. Universitaria,CON_LESIONADOS,Colision Multiple,Visibilidad reducida,16,LESIONADO,NO_REGISTRA,MOTOCICLETA,77,LESIONADO,HOMBRE,OTRO,9,LESIONADO,MUJER,MOTOCICLETA
2020-03-16 17:33:18,-3.984527,-79.229457,Calle Miguel Riofrio,CON_FALLECIDOS,Atropellamiento,Exceso de velocidad,44,FALLECIDO,NO_REGISTRA,PEATON,83,FALLECIDO,MUJER,MOTOCICLETA,69,LESIONADO,MUJER,MOTOCICLETA
2020-05-11 17:59:12,-4.008318,-79.202741,Calle Ramon Borrero,SOLO_DANOS,Volcamiento,Fatiga del conductor,,,,,,,,,,,,
2020-07-18 07:00:12,-4.019390,-79.193182,Av. Rosa Hermosa,CON_FALLECIDOS,Colision Multiple,Fatiga del conductor,58,FALLECIDO,MUJER,CICLISTA,45,LESIONADO,HOMBRE,CICLISTA,,,,
2020-05-24 16:26:33,-4.022394,-79.217495,Calle Montufar,SOLO_DANOS,Accidente Laboral,Equipo de seguridad deficiente,,,,,,,,,,,,
2020-04-28 08:11:01,-3.995857,-79.200760,Av. Pio Jaramillo,SOLO_DANOS,Incendio,Inobservancia de senales,,,,,,,,,,,,
2020-11-01 02:58:12,-4.011074,-79.216423,Av. Isidro Ayora,CON_FALLECIDOS,Caida,Via resbaladiza o mojada,42,FALLECIDO,NO_REGISTRA,VEH_LIVIANO,,,,,,,,
2020-08-26 19:31:25,-4.007622,-79.195598,Av. Manuel Agustin Aguirre,CON_FALLECIDOS,Volcamiento,Mal estado de la via,80,FALLECIDO,NO_REGISTRA,SCOOTER,12,LESIONADO,NO_REGISTRA,SCOOTER,,,,
2020-10-24 18:46:55,-3.991332,-79.207444,Calle 18 de Noviembre,SOLO_DANOS,Colision Multiple,Factores externos,,,,,,,,,,,,
2020-06-04 22:38:29,-4.024146,-79.185546,Calle Sucre,CON_LESIONADOS,Incendio,Distraccion (celular/radio),26,LESIONADO,HOMBRE,OTRO,18,LESIONADO,HOMBRE,OTRO,29,LESIONADO,HOMBRE,OTRO
2020-03-23 12:05:26,-4.030614,-79.211477,Calle 18 de Noviembre,CON_FALLECIDOS,Accidente Laboral,Inobservancia de senales,31,FALLECIDO,HOMBRE,VEH_LIVIANO,76,FALLECIDO,MUJER,VEH_LIVIANO,,,,
2020-11-08 12:00:39,-4.036992,-79.185756,Via Loja - Catamayo,CON_LESIONADOS,Caida,Exceso de velocidad,65,LESIONADO,NO_REGISTRA,CICLISTA,17,LESIONADO,NO_REGISTRA,SCOOTER,15,LESIONADO,MUJER,PEATON
2020-05-16 08:57:54,-4.029794,-79.188153,Av. Orillas del Zamora,CON_LESIONADOS,Incendio,Inobservancia de senales,42,LESIONADO,NO_REGISTRA,VEH_LIVIANO,12,LESIONADO,MUJER,VEH_LIVIANO,,,,
2020-08-02 14:02:45,-3.981379,-79.180626,Calle Quito,CON_LESIONADOS,Incendio,Via resbaladiza o mojada,40,LESIONADO,MUJER,CICLISTA,,,,,,,,
2020-08-13 07:37:39,-4.025598,-79.201332,Calle 10 de Agosto,CON_FALLECIDOS,Colision Multiple,Factores externos,24,FALLECIDO,NO_REGISTRA,CICLISTA,42,LESIONADO,NO_REGISTRA,CICLISTA,67,LESIONADO,HOMBRE,PEATON
2020-05-05 06:52:40,-4.024003,-79.205577,Av. Isidro Ayora,CON_LESIONADOS,Choque Vehicular,Mal estado de la via,32,LESIONADO,MUJER,MOTOCICLETA,75,LESIONADO,MUJER,MOTOCICLETA,,,,
2020-04-27 13:57:49,-4.022825,-79.204786,Calle Montufar,CON_FALLECIDOS,Atropellamiento,Falla mecanica,26,FALLECIDO,HOMBRE,OTRO,64,LESIONADO,NO_REGISTRA,MOTOCICLETA,70,LESIONADO,MUJER,PEATON
2020-03-19 00:38:52,-3.998645,-79.230627,Av. Universitaria,SOLO_DANOS,Incendio,Falla mecanica,,,,,,,,,,,,
2020-10-26 02:27:14,-4.003243,-79.219982,Calle Imbabura,CON_LESIONADOS,Volcamiento,Factores externos,76,LESIONADO,NO_REGISTRA,SCOOTER,,,,,,,,
2020-02-05 01:18:18,-4.015901,-79.212119,Calle Mercadillo,CON_LESIONADOS,Colision Multiple,Estado de embriaguez,8,LESIONADO,NO_REGISTRA,CICLISTA,48,LESIONADO,HOMBRE,CICLISTA,36,LESIONADO,MUJER,CICLISTA
2020-06-18 03:17:08,-4.012317,-79.178314,Av. Cuxibamba,CON_FALLECIDOS,Choque Vehicular,Distraccion (celular/radio),43,FALLECIDO,MUJER,MOTOCICLETA,40,FALLECIDO,MUJER,SCOOTER,50,LESIONADO,HOMBRE,VEH_LIVIANO
2020-03-12 05:57:13,-3.988810,-79.195860,Av. Rosa Hermosa,CON_FALLECIDOS,Atropellamiento,Falla mecanica,19,FALLECIDO,HOMBRE,MOTOCICLETA,80,FALLECIDO,MUJER,SCOOTER,32,LESIONADO,MUJER,SCOOTER
2020-09-11 01:20:37,-4.011226,-79.179833,Calle Rocafuerte,CON_LESIONADOS,Colision Multiple,Falla mecanica,40,LESIONADO,HOMBRE,VEH_LIVIANO,32,LESIONADO,NO_REGISTRA,OTRO,,,,
2020-11-10 08:27:49,-4.020900,-79.176331,Av. Cuxibamba,SOLO_DANOS,Incendio,Factores externos,39,LESIONADO,MUJER,CICLISTA,,,,,,,,
2020-12-11 05:39:20,-4.005360,-79.196108,Calle Bolivar,CON_FALLECIDOS,Caida,Distraccion (celular/radio),28,FALLECIDO,HOMBRE,VEH_LIVIANO,,,,,,,,
2020-07-21 22:27:55,-4.011659,-79.173972,Av. Orillas del Zamora,SOLO_DANOS,Choque Vehicular,Falla mecanica,,,,,,,,,,,,
2020-12-20 19:27:14,-4.029236,-79.171844,Calle Azogues,CON_FALLECIDOS,Atropellamiento,Visibilidad reducida,37,FALLECIDO,MUJER,OTRO,40,FALLECIDO,HOMBRE,VEH_LIVIANO,,,,
2020-02-22 11:27:47,-4.035904,-79.225430,Calle Rocafuerte,CON_FALLECIDOS,Accidente Laboral,Mal estado de la via,77,FALLECIDO,NO_REGISTRA,PEATON,51,FALLECIDO,HOMBRE,PEATON,79,LESIONADO,NO_REGISTRA,CICLISTA
2020-02-11 18:09:27,-4.016025,-79.201667,Av. Orillas del Zamora,CON_FALLECIDOS,Choque Vehicular,Factores externos,37,FALLECIDO,MUJER,VEH_LIVIANO,,,,,,,,
2020-07-31 06:09:03,-4.009420,-79.221088,Calle Colon,SOLO_DANOS,Incendio,Equipo de seguridad deficiente,,,,,,,,,,,,
2020-03-05 05:34:38,-4.010201,-79.185135,Calle Miguel Riofrio,CON_LESIONADOS,Caida,Mal estado de la via,11,LESIONADO,MUJER,OTRO,36,LESIONADO,NO_REGISTRA,MOTOCICLETA,12,LESIONADO,MUJER,MOTOCICLETA
2020-12-24 05:09:52,-4.000576,-79.226294,Calle Imbabura,CON_LESIONADOS,Colision Multiple,Imprudencia del conductor,15,LESIONADO,HOMBRE,OTRO,42,LESIONADO,NO_REGISTRA,OTRO,73,LESIONADO,NO_REGISTRA,CICLISTA
2020-12-27 11:01:50,-3.979483,-79.172354,Ruta 35,SOLO_DANOS,Choque Vehicular,Estado de embriaguez,,,,,,,,,,,,
2020-04-01 08:16:35,-4.001509,-79.188233,Calle Saraguro,CON_LESIONADOS,Incendio,Distraccion (celular/radio),30,LESIONADO,HOMBRE,MOTOCICLETA,46,LESIONADO,NO_REGISTRA,PEATON,42,LESIONADO,HOMBRE,PEATON
2020-06-01 18:18:23,-4.005369,-79.208785,Calle Ramon Borrero,CON_FALLECIDOS,Atropellamiento,Falla mecanica,61,FALLECIDO,HOMBRE,MOTOCICLETA,71,LESIONADO,NO_REGISTRA,OTRO,,,,
2020-01-31 00:08:32,-3.985597,-79.183232,Av. Reinaldo Espinosa,CON_FALLECIDOS,Colision Multiple,Exceso de velocidad,19,FALLECIDO,NO_REGISTRA,OTRO,51,FALLECIDO,HOMBRE,OTRO,,,,
2020-01-04 05:44:35,-4.018881,-79.218909,Av. Universitaria,CON_FALLECIDOS,Choque Vehicular,Falla mecanica,32,FALLECIDO,NO_REGISTRA,OTRO,74,LESIONADO,NO_REGISTRA,MOTOCICLETA,,,,
2020-04-14 10:34:47,-3.985991,-79.182497,Calle Azogues,CON_LESIONADOS,Choque Vehicular,Falla mecanica,68,LESIONADO,HOMBRE,VEH_LIVIANO,75,LESIONADO,MUJER,VEH_LIVIANO,44,LESIONADO,MUJER,CICLISTA
2020-07-08 02:20:49,-3.985538,-79.179031,Calle 10 de Agosto,CON_LESIONADOS,Caida,Inobservancia de senales,77,LESIONADO,HOMBRE,OTRO,65,LESIONADO,MUJER,MOTOCICLETA,,,,
2020-01-04 07:34:21,-4.008093,-79.203272,Calle Colon,SOLO_DANOS,Atropellamiento,Equipo de seguridad deficiente,,,,,,,,,,,,
2020-08-11 02:20:18,-4.015634,-79.180255,Av. Cuxibamba,SOLO_DANOS,Incendio,Inobservancia de senales,,,,,,,,,,,,
2020-02-15 18:10:38,-3.981296,-79.224775,Av. Rosa Hermosa,CON_LESIONADOS,Caida,Inobservancia de senales,60,LESIONADO,NO_REGISTRA,OTRO,,,,,,,,
2020-01-07 14:16:03,-4.002004,-79.180651,Calle Montufar,SOLO_DANOS,Accidente Laboral,Visibilidad reducida,,,,,,,,,,,,
2020-12-28 12:12:28,-4.021046,-79.219090,Av. Pio Jaramillo,SOLO_DANOS,Choque Vehicular,Equipo de seguridad deficiente,,,,,,,,,,,,
2020-02-01 07:03:58,-4.017715,-79.183658,Calle Quito,SOLO_DANOS,Caida,Equipo de seguridad deficiente,,,,,,,,,,,,
2020-04-11 09:32:28,-4.017493,-79.182328,Calle Ramon Borrero,CON_FALLECIDOS,Atropellamiento,Mal estado de la via,55,FALLECIDO,HOMBRE,OTRO,,,,,,,,
2020-11-10 05:36:06,-4.008847,-79.219386,Calle Colon,CON_FALLECIDOS,Caida,Imprudencia del conductor,69,FALLECIDO,HOMBRE,CICLISTA,,,,,,,,
2020-06-28 17:41:11,-4.022927,-79.172455,Calle Montufar,CON_FALLECIDOS,Caida,Inobservancia de senales,80,FALLECIDO,MUJER,CICLISTA,39,FALLECIDO,MUJER,CICLISTA,79,LESIONADO,NO_REGISTRA,SCOOTER
2020-11-22 00:18:27,-3.996568,-79.212248,Via Loja - Catamayo,CON_LESIONADOS,Colision Multiple,Distraccion (celular/radio),5,LESIONADO,HOMBRE,VEH_LIVIANO,53,LESIONADO,HOMBRE,SCOOTER,,,,
2020-03-22 03:32:32,-4.017862,-79.230131,Av. Manuel Agustin Aguirre,SOLO_DANOS,Accidente Laboral,Factores externos,,,,,,,,,,,,
2020-02-08 16:44:55,-4.032272,-79.183520,Av. Reinaldo Espinosa,CON_FALLECIDOS,Volcamiento,Distraccion (celular/radio),68,FALLECIDO,NO_REGISTRA,OTRO,,,,,,,,
2020-08-06 21:07:37,-4.001419,-79.190232,Av. Reinaldo Espinosa,CON_FALLECIDOS,Choque Vehicular,Imprudencia del conductor,66,FALLECIDO,MUJER,CICLISTA,31,LESIONADO,HOMBRE,PEATON,15,LESIONADO,NO_REGISTRA,VEH_LIVIANO
2020-05-17 23:42:57,-3.984759,-79.187940,Av. Orillas del Zamora,SOLO_DANOS,Colision Multiple,Equipo de seguridad deficiente,,,,,,,,,,,,
2020-10-07 18:07:40,-4.035002,-79.220480,Calle Ramon Borrero,SOLO_DANOS,Accidente Laboral,Fatiga del conductor,,,,,,,,,,,,
2020-07-18 18:44:45,-3.991318,-79.205799,Av. Orillas del Zamora,SOLO_DANOS,Volcamiento,Estado de embriaguez,,,,,,,,,,,,
2020-02-27 11:42:38,-3.979006,-79.183302,Av. Gran Colombia,CON_FALLECIDOS,Accidente Laboral,Estado de embriaguez,47,FALLECIDO,HOMBRE,MOTOCICLETA,,,,,,,,
2020-10-15 12:37:59,-4.031998,-79.189966,Via Loja - Catamayo,SOLO_DANOS,Choque Vehicular,Exceso de velocidad,,,,,,,,,,,,
2020-11-14 09:50:56,-4.029760,-79.179294,Av. Metropolitana,SOLO_DANOS,Accidente Laboral,Equipo de seguridad deficiente,,,,,,,,,,,,
2020-07-17 09:16:27,-4.030703,-79.199028,Av. Pio Jaramillo,SOLO_DANOS,Incendio,Falla mecanica,,,,,,,,,,,,
2020-06-04 08:44:36,-4.033939,-79.180446,Calle Ramon Borrero,SOLO_DANOS,Volcamiento,Distraccion (celular/radio),25,LESIONADO,HOMBRE,CICLISTA,,,,,,,,
2020-09-29 05:55:34,-3.979173,-79.208966,Av. Gran Colombia,CON_LESIONADOS,Atropellamiento,Exceso de velocidad,40,LESIONADO,NO_REGISTRA,VEH_LIVIANO,51,LESIONADO,MUJER,SCOOTER,24,LESIONADO,NO_REGISTRA,SCOOTER
2020-03-16 10:45:15,-4.004699,-79.205816,Calle Colon,CON_LESIONADOS,Atropellamiento,Exceso de velocidad,75,LESIONADO,NO_REGISTRA,OTRO,50,LESIONADO,NO_REGISTRA,SCOOTER,,,,
2020-05-10 15:21:07,-4.016165,-79.178008,Av. Orillas del Zamora,CON_FALLECIDOS,Volcamiento,Mal estado de la via,52,FALLECIDO,NO_REGISTRA,OTRO,71,LESIONADO,HOMBRE,CICLISTA,60,LESIONADO,MUJER,MOTOCICLETA
2020-01-14 13:56:24,-4.020236,-79.174454,Calle Sucre,SOLO_DANOS,Atropellamiento,Fatiga del conductor,,,,,,,,,,,,
2020-09-16 08:31:32,-3.984789,-79.209185,Av. Universitaria,CON_FALLECIDOS,Choque Vehicular,Visibilidad reducida,56,FALLECIDO,MUJER,SCOOTER,20,LESIONADO,NO_REGISTRA,OTRO,,,,
2020-04-01 12:09:00,-3.977488,-79.172712,Calle Colon,SOLO_DANOS,Colision Multiple,Visibilidad reducida,,,,,,,,,,,,
2020-08-05 21:00:32,-3.978935,-79.195717,Av. Universitaria,CON_FALLECIDOS,Choque Vehicular,Mal estado de la via,60,FALLECIDO,HOMBRE,CICLISTA,,,,,,,,
2020-12-04 12:09:11,-4.017795,-79.190587,Calle Montufar,CON_FALLECIDOS,Colision Multiple,Via resbaladiza o mojada,68,FALLECIDO,HOMBRE,PEATON,71,FALLECIDO,MUJER,PEATON,6,LESIONADO,NO_REGISTRA,VEH_LIVIANO
2020-06-06 16:24:24,-3.980619,-79.217411,Calle Azogues,SOLO_DANOS,Atropellamiento,Imprudencia del conductor,,,,,,,,,,,,
2020-12-26 03:08:03,-4.010493,-79.204043,Calle Sucre,CON_LESIONADOS,Accidente Laboral,Inobservancia de senales,59,LESIONADO,HOMBRE,MOTOCICLETA,52,LESIONADO,HOMBRE,PEATON,,,,