fecha_hora,latitud,longitud,via,grado_severidad,tipo_siniestro,causa_probable,victima1_edad,victima1_condicion,victima1_sexo,victima1_actor_vial,victima2_edad,victima2_condicion,victima2_sexo,victima2_actor_vial,victima3_edad,victima3_condicion,victima3_sexo,victima3_actor_vial
2020-12-23 03:37:49,-4.000102,-79.195074,Calle Bolivar,CON_FALLECIDOS,Incendio,Distraccion (celular/radio),18,FALLECIDO,MUJER,OTRO,22,FALLECIDO,HOMBRE,PEATON,63,LESIONADO,HOMBRE,PEATON
2020-07-26 15:28:55,-3.992450,-79.227306,Calle Sucre,CON_LESIONADOS,Choque Vehicular,Inobservancia de senales,55,LESIONADO,HOMBRE,VEH_LIVIANO,,,,,,,,
2020-03-11 01:49:15,-3.994176,-79.194606,Calle Azogues,CON_LESIONADOS,Choque Vehicular,Equipo de seguridad deficiente,26,LESIONADO,NO_REGISTRA,SCOOTER,69,LESIONADO,HOMBRE,MOTOCICLETA,60,LESIONADO,MUJER,MOTOCICLETA
2020-05-13 08:15:54,-3.998000,-79.217299,Av. Reinaldo Espinosa,CON_FALLECIDOS,Incendio,Factores externos,46,FALLECIDO,MUJER,CICLISTA,59,FALLECIDO,MUJER,PEATON,,,,
2020-03-20 09:40:46,-4.009499,-79.217692,Calle Mercadillo,SOLO_DANOS,Atropellamiento,Fatiga del conductor,,,,,,,,,,,,
2020-07-11 15:00:42,-4.028603,-79.190035,Av. Pio Jaramillo,SOLO_DANOS,Incendio,Exceso de velocidad,,,,,,,,,,,,
2020-06-11 00:24:50,-4.016165,-79.230930,Calle Montufar,SOLO_DANOS,Atropellamiento,Equipo de seguridad deficiente,,,,,,,,,,,,
2020-11-07 02:33:12,-3.992021,-79.215949,Av. Orillas del Zamora,CON_FALLECIDOS,Choque Vehicular,Imprudencia del conductor,29,FALLECIDO,NO_REGISTRA,OTRO,37,LESIONADO,HOMBRE,PEATON,,,,
2020-05-12 21:40:40,-4.033440,-79.191334,Calle 18 de Noviembre,SOLO_DANOS,Accidente Laboral,Imprudencia del conductor,,,,,,,,,,,,
2020-08-17 15:50:28,-4.017706,-79.209376,Calle Bolivar,CON_LESIONADOS,Choque Vehicular,Mal estado de la via,70,LESIONADO,NO_REGISTRA,MOTOCICLETA,5,LESIONADO,NO_REGISTRA,MOTOCICLETA,,,,
2020-09-02 16:22:45,-4.035421,-79.187497,Calle Quito,SOLO_DANOS,Incendio,Inobservancia de senales,,,,,,,,,,,,
2020-09-11 16:42:56,-4.028335,-79.189156,Av. Manuel Agustin Aguirre,CON_FALLECIDOS,Atropellamiento,Visibilidad reducida,19,FALLECIDO,NO_REGISTRA,MOTOCICLETA,58,LESIONADO,HOMBRE,SCOOTER,7,LESIONADO,HOMBRE,VEH_LIVIANO
2020-12-29 15:53:59,-3.988555,-79.212508,Calle Rocafuerte,CON_FALLECIDOS,Colision Multiple,Fatiga del conductor,50,FALLECIDO,NO_REGISTRA,MOTOCICLETA,65,FALLECIDO,HOMBRE,OTRO,57,LESIONADO,NO_REGISTRA,CICLISTA
2020-01-07 05:28:21,-4.014102,-79.171931,Calle Saraguro,CON_LESIONADOS,Accidente Laboral,Fatiga del conductor,52,LESIONADO,MUJER,SCOOTER,,,,,,,,
2020-05-21 22:30:51,-3.991526,-79.202523,Av. Cuxibamba,SOLO_DANOS,Atropellamiento,Mal estado de la via,,,,,,,,,,,,
2020-07-13 19:46:32,-3.995772,-79.230376,Av. Isidro Ayora,SOLO_DANOS,Incendio,Estado de embriaguez,,,,,,,,,,,,
2020-06-30 23:57:52,-4.000142,-79.197628,Calle Mercadillo,SOLO_DANOS,Colision Multiple,Fatiga del conductor,,,,,,,,,,,,
2020-10-01 07:15:53,-4.032164,-79.225995,Av. Metropolitana,CON_LESIONADOS,Accidente Laboral,Via resbaladiza o mojada,78,LESIONADO,NO_REGISTRA,VEH_LIVIANO,23,LESIONADO,HOMBRE,VEH_LIVIANO,41,LESIONADO,HOMBRE,VEH_LIVIANO
2020-10-10 05:36:11,-4.009814,-79.199326,Av. Gran Colombia,CON_FALLECIDOS,Volcamiento,Mal estado de la via,73,FALLECIDO,NO_REGISTRA,SCOOTER,81,FALLECIDO,MUJER,PEATON,79,LESIONADO,MUJER,OTRO
2020-07-18 15:00:35,-4.025875,-79.203267,Calle 18 de Noviembre,CON_LESIONADOS,Incendio,Exceso de velocidad,34,LESIONADO,NO_REGISTRA,PEATON,,,,,,,,
2020-01-28 02:23:42,-3.990393,-79.185762,Av. 8 de Diciembre,SOLO_DANOS,Accidente Laboral,Inobservancia de senales,,,,,,,,,,,,
2020-02-24 03:18:36,-4.014949,-79.194608,Av. Manuel Agustin Aguirre,CON_LESIONADOS,Choque Vehicular,Via resbaladiza o mojada,47,LESIONADO,HOMBRE,OTRO,,,,,,,,
2020-08-02 17:37:22,-4.028733,-79.226597,Ruta 35,CON_FALLECIDOS,Atropellamiento,Imprudencia del conductor,32,FALLECIDO,HOMBRE,CICLISTA,75,LESIONADO,NO_REGISTRA,VEH_LIVIANO,,,,
2020-07-06 20:16:16,-3.977808,-79.211148,Av. Universitaria,CON_LESIONADOS,Accidente Laboral,Distraccion (celular/radio),63,LESIONADO,NO_REGISTRA,SCOOTER,,,,,,,,
2020-04-01 08:38:57,-3.981941,-79.186782,Calle Colon,CON_FALLECIDOS,Atropellamiento,Estado de embriaguez,50,FALLECIDO,HOMBRE,PEATON,33,FALLECIDO,MUJER,CICLISTA,55,LESIONADO,NO_REGISTRA,SCOOTER
2020-04-09 08:29:35,-3.996098,-79.182704,Av. Isidro Ayora,CON_LESIONADOS,Colision Multiple,Equipo de seguridad deficiente,48,LESIONADO,MUJER,OTRO,33,LESIONADO,HOMBRE,OTRO,50,LESIONADO,NO_REGISTRA,CICLISTA
2020-11-28 22:33:03,-4.017598,-79.197859,Calle Mercadillo,CON_LESIONADOS,Choque Vehicular,Via resbaladiza o mojada,52,LESIONADO,NO_REGISTRA,OTRO,35,LESIONADO,HOMBRE,SCOOTER,19,LESIONADO,MUJER,SCOOTER
2020-03-16 16:15:52,-3.997698,-79.176208,Av. Metropolitana,SOLO_DANOS,Volcamiento,Distraccion (celular/radio),46,LESIONADO,HOMBRE,SCOOTER,,,,,,,,
2020-12-06 23:45:10,-4.010661,-79.204475,Av. Reinaldo Espinosa,CON_FALLECIDOS,Accidente Laboral,Via resbaladiza o mojada,63,FALLECIDO,MUJER,VEH_LIVIANO,75,FALLECIDO,NO_REGISTRA,PEATON,25,LESIONADO,HOMBRE,VEH_LIVIANO
2020-04-21 09:13:32,-4.021587,-79.174527,Via Loja - Zamora,SOLO_DANOS,Accidente Laboral,Imprudencia del conductor,,,,,,,,,,,,
2020-09-18 23:26:12,-4.005108,-79.200339,Via Loja - Catamayo,SOLO_DANOS,Choque Vehicular,Estado de embriaguez,,,,,,,,,,,,
2020-05-28 23:44:17,-3.999958,-79.186101,Via Loja - Zamora,SOLO_DANOS,Accidente Laboral,Exceso de velocidad,,,,,,,,,,,,
2020-12-14 00:11:49,-3.992007,-79.173310,Ruta 35,CON_LESIONADOS,Incendio,Distraccion (celular/radio),79,LESIONADO,HOMBRE,CICLISTA,,,,,,,,
2020-05-18 02:11:34,-4.007840,-79.194329,Av. Metropolitana,SOLO_DANOS,Colision Multiple,Visibilidad reducida,,,,,,,,,,,,
2020-06-27 15:12:04,-3.998100,-79.187405,Calle Azogues,CON_FALLECIDOS,Caida,Equipo de seguridad deficiente,22,FALLECIDO,HOMBRE,SCOOTER,77,FALLECIDO,MUJER,VEH_LIVIANO,27,LESIONADO,HOMBRE,VEH_LIVIANO
2020-09-12 07:02:55,-4.034774,-79.211555,Av. Isidro Ayora,CON_FALLECIDOS,Colision Multiple,Mal estado de la via,54,FALLECIDO,MUJER,OTRO,8,LESIONADO,NO_REGISTRA,VEH_LIVIANO,,,,
2020-12-07 22:05:14,-4.019831,-79.191181,Av. Reinaldo Espinosa,CON_LESIONADOS,Accidente Laboral,Estado de embriaguez,65,LESIONADO,MUJER,SCOOTER,51,LESIONADO,HOMBRE,MOTOCICLETA,55,LESIONADO,NO_REGISTRA,PEATON
2020-02-08 06:36:36,-3.981010,-79.174784,Av. Universitaria,SOLO_DANOS,Accidente Laboral,Estado de embriaguez,,,,,,,,,,,,
2020-09-01 15:53:00,-4.022264,-79.216975,Av. Manuel Agustin Aguirre,CON_FALLECIDOS,Caida,Imprudencia del conductor,22,FALLECIDO,MUJER,MOTOCICLETA,51,FALLECIDO,MUJER,MOTOCICLETA,44,LESIONADO,HOMBRE,PEATON
2020-07-05 11:21:57,-4.008406,-79.173031,Ruta 35,CON_LESIONADOS,Choque Vehicular,Mal estado de la via,33,LESIONADO,MUJER,OTRO,56,LESIONADO,MUJER,VEH_LIVIANO,,,,
2020-11-02 06:02:15,-3.986096,-79.222824,Via Loja - Zamora,SOLO_DANOS,Incendio,Distraccion (celular/radio),,,,,,,,,,,,
2020-04-02 11:57:44,-3.977909,-79.228968,Calle Azogues,CON_FALLECIDOS,Colision Multiple,Mal estado de la via,65,FALLECIDO,MUJER,SCOOTER,,,,,,,,
2020-12-05 13:38:48,-4.000299,-79.207097,Calle Rocafuerte,SOLO_DANOS,Volcamiento,Falla mecanica,,,,,,,,,,,,
2020-07-08 23:45:43,-3.993806,-79.172111,Av. Universitaria,CON_LESIONADOS,Accidente Laboral,Mal estado de la via,79,LESIONADO,MUJER,SCOOTER,15,LESIONADO,MUJER,SCOOTER,,,,
2020-03-12 15:08:46,-3.977321,-79.213528,Calle Ramon Borrero,CON_FALLECIDOS,Choque Vehicular,Fatiga del conductor,80,FALLECIDO,NO_REGISTRA,VEH_LIVIANO,24,FALLECIDO,HOMBRE,VEH_LIVIANO,,,,
2020-04-02 01:33:34,-4.032142,-79.206168,Via Loja - Zamora,SOLO_DANOS,Incendio,Distraccion (celular/radio),,,,,,,,,,,,
2020-05-06 09:30:36,-4.001319,-79.178644,Av. Cuxibamba,CON_FALLECIDOS,Choque Vehicular,Imprudencia del conductor,52,FALLECIDO,HOMBRE,SCOOTER,84,FALLECIDO,HOMBRE,PEATON,,,,
2020-03-19 08:03:57,-3.988138,-79.201955,Ruta 35,CON_FALLECIDOS,Colision Multiple,Exceso de velocidad,83,FALLECIDO,NO_REGISTRA,MOTOCICLETA,53,LESIONADO,HOMBRE,PEATON,,,,
2020-01-01 07:46:47,-3.985244,-79.189965,Ruta 35,CON_LESIONADOS,Colision Multiple,Distraccion (celular/radio),27,LESIONADO,NO_REGISTRA,MOTOCICLETA,13,LESIONADO,MUJER,SCOOTER,,,,
2020-11-15 09:53:54,-4.016503,-79.208990,Calle Rocafuerte,SOLO_DANOS,Accidente Laboral,Equipo de seguridad deficiente,,,,,,,,,,,,
2020-09-27 06:17:37,-4.003873,-79.227511,Calle Rocafuerte,CON_FALLECIDOS,Choque Vehicular,Mal estado de la via,75,FALLECIDO,MUJER,SCOOTER,51,LESIONADO,NO_REGISTRA,OTRO,76,LESIONADO,HOMBRE,CICLISTA
2020-01-15 23:45:17,-3.988431,-79.217577,Calle Bolivar,CON_LESIONADOS,Choque Vehicular,Visibilidad reducida,80,LESIONADO,MUJER,MOTOCICLETA,8,LESIONADO,NO_REGISTRA,PEATON,73,LESIONADO,HOMBRE,MOTOCICLETA
2020-06-16 15:39:32,-4.010888,-79.222569,Calle Rocafuerte,CON_LESIONADOS,Incendio,Mal estado de la via,14,LESIONADO,MUJER,PEATON,,,,,,,,
2020-01-21 06:44:44,-3.996622,-79.181945,Calle Ramon Borrero,SOLO_DANOS,Choque Vehicular,Factores externos,,,,,,,,,,,,
2020-06-18 02:11:29,-4.036759,-79.225986,Av. Universitaria,SOLO_DANOS,Volcamiento,Falla mecanica,,,,,,,,,,,,
2020-05-27 19:54:24,-4.003451,-79.188427,Av. Universitaria,CON_LESIONADOS,Colision Multiple,Distraccion (celular/radio),29,LESIONADO,NO_REGISTRA,SCOOTER,,,,,,,,
2020-09-20 05:05:21,-3.997010,-79.177745,Calle 10 de Agosto,SOLO_DANOS,Choque Vehicular,Imprudencia del conductor,,,,,,,,,,,,
2020-09-20 09:22:21,-3.987501,-79.214990,Calle 10 de Agosto,CON_LESIONADOS,Volcamiento,Distraccion (celular/radio),58,LESIONADO,HOMBRE,VEH_LIVIANO,52,LESIONADO,HOMBRE,PEATON,,,,
2020-01-22 12:10:40,-4.014481,-79.193980,Av. Pio Jaramillo,CON_FALLECIDOS,Choque Vehicular,Inobservancia de senales,75,FALLECIDO,NO_REGISTRA,OTRO,74,FALLECIDO,MUJER,OTRO,62,LESIONADO,NO_REGISTRA,CICLISTA
2020-09-17 10:00:53,-3.980667,-79.183167,Calle Mercadillo,CON_LESIONADOS,Volcamiento,Falla mecanica,34,LESIONADO,HOMBRE,MOTOCICLETA,29,LESIONADO,NO_REGISTRA,MOTOCICLETA,69,LESIONADO,MUJER,VEH_LIVIANO
2020-05-05 14:13:15,-4.000951,-79.180047,Av. Isidro Ayora,SOLO_DANOS,Choque Vehicular,Distraccion (celular/radio),,,,,,,,,,,,
2020-11-24 21:15:37,-4.001326,-79.171395,Via Loja - Catamayo,SOLO_DANOS,Incendio,Inobservancia de senales,,,,,,,,,,,,
2020-11-16 01:19:58,-4.012659,-79.187522,Calle Quito,CON_FALLECIDOS,Accidente Laboral,Fatiga del conductor,56,FALLECIDO,HOMBRE,VEH_LIVIANO,,,,,,,,
2020-05-13 16:52:43,-4.016785,-79.208000,Ruta 35,CON_FALLECIDOS,Volcamiento,Exceso de velocidad,77,FALLECIDO,HOMBRE,SCOOTER,69,LESIONADO,NO_REGISTRA,SCOOTER,,,,
2020-10-16 06:32:39,-4.033346,-79.190697,Av. Universitaria,CON_FALLECIDOS,Accidente Laboral,Mal estado de la via,74,FALLECIDO,MUJER,CICLISTA,62,LESIONADO,NO_REGISTRA,VEH_LIVIANO,49,LESIONADO,HOMBRE,MOTOCICLETA
2020-01-12 02:54:22,-4.021347,-79.200913,Calle Colon,CON_LESIONADOS,Caida,Falla mecanica,69,LESIONADO,MUJER,SCOOTER,,,,,,,,
2020-03-09 02:35:42,-4.012369,-79.175409,Calle Miguel Riofrio,CON_LESIONADOS,Volcamiento,Estado de embriaguez,32,LESIONADO,HOMBRE,CICLISTA,,,,,,,,
2020-08-12 14:58:56,-4.023845,-79.203246,Av. Reinaldo Espinosa,CON_FALLECIDOS,Atropellamiento,Visibilidad reducida,50,FALLECIDO,HOMBRE,SCOOTER,35,LESIONADO,NO_REGISTRA,MOTOCICLETA,,,,
2020-05-19 20:11:10,-4.016828,-79.220878,Av. Universitaria,SOLO_DANOS,Colision Multiple,Visibilidad reducida,,,,,,,,,,,,
2020-03-08 12:02:42,-3.981224,-79.190816,Av. Isidro Ayora,CON_LESIONADOS,Choque Vehicular,Via resbaladiza o mojada,49,LESIONADO,HOMBRE,PEATON,,,,,,,,
2020-12-14 14:58:50,-4.030571,-79.214395,Via Loja - Zamora,CON_LESIONADOS,Colision Multiple,Mal estado de la via,10,LESIONADO,MUJER,VEH_LIVIANO,23,LESIONADO,MUJER,CICLISTA,,,,
2020-09-21 02:39:59,-4.025209,-79.225305,Calle 10 de Agosto,CON_LESIONADOS,Choque Vehicular,Exceso de velocidad,21,LESIONADO,HOMBRE,PEATON,,,,,,,,
2020-11-06 10:22:17,-3.989459,-79.223798,Av. Rosa Hermosa,CON_LESIONADOS,Accidente Laboral,Estado de embriaguez,68,LESIONADO,HOMBRE,OTRO,19,LESIONADO,MUJER,OTRO,80,LESIONADO,NO_REGISTRA,VEH_LIVIANO
2020-11-02 21:53:40,-4.011829,-79.229484,Calle Colon,CON_FALLECIDOS,Volcamiento,Factores externos,85,FALLECIDO,MUJER,SCOOTER,58,LESIONADO,HOMBRE,MOTOCICLETA,69,LESIONADO,MUJER,MOTOCICLETA
2020-09-28 09:59:41,-4.034729,-79.188786,Calle Mercadillo,CON_LESIONADOS,Colision Multiple,Falla mecanica,21,LESIONADO,NO_REGISTRA,SCOOTER,,,,,,,,
2020-10-11 15:17:54,-4.004011,-79.218216,Calle 18 de Noviembre,SOLO_DANOS,Volcamiento,Falla mecanica,,,,,,,,,,,,
2020-05-23 09:29:55,-4.011339,-79.180329,Av. Orillas del Zamora,CON_FALLECIDOS,Atropellamiento,Fatiga del conductor,69,FALLECIDO,NO_REGISTRA,SCOOTER,52,FALLECIDO,HOMBRE,SCOOTER,13,LESIONADO,HOMBRE,PEATON
2020-01-02 06:30:27,-3.994665,-79.187160,Via Loja - Catamayo,CON_LESIONADOS,Incendio,Equipo de seguridad deficiente,31,LESIONADO,NO_REGISTRA,MOTOCICLETA,,,,,,,,
2020-04-10 08:25:55,-3.981209,-79.172912,Calle Saraguro,SOLO_DANOS,Caida,Imprudencia del conductor,,,,,,,,,,,,
2020-08-23 19:00:42,-4.027572,-79.175760,Calle Colon,CON_LESIONADOS,Atropellamiento,Distraccion (celular/radio),78,LESIONADO,HOMBRE,SCOOTER,,,,,,,,
2020-08-12 22:52:38,-3.981033,-79.210219,Calle Montufar,CON_LESIONADOS,Accidente Laboral,Fatiga del conductor,67,LESIONADO,MUJER,OTRO,,,,,,,,
2020-08-28 13:10:13,-3.988547,-79.192893,Av. Gran Colombia,SOLO_DANOS,Colision Multiple,Imprudencia del conductor,,,,,,,,,,,,
2020-10-24 02:06:09,-3.984080,-79.222981,Calle Colon,CON_FALLECIDOS,Incendio,Falla mecanica,20,FALLECIDO,HOMBRE,SCOOTER,15,LESIONADO,MUJER,PEATON,31,LESIONADO,HOMBRE,PEATON
2020-03-24 08:03:57,-3.992322,-79.193377,Via Loja - Catamayo,SOLO_DANOS,Accidente Laboral,Factores externos,,,,,,,,,,,,
2020-10-30 06:28:18,-4.033815,-79.178629,Calle Miguel Riofrio,CON_FALLECIDOS,Accidente Laboral,Estado de embriaguez,30,FALLECIDO,HOMBRE,PEATON,50,FALLECIDO,NO_REGISTRA,MOTOCICLETA,10,LESIONADO,NO_REGISTRA,VEH_LIVIANO
2020-07-19 19:27:43,-3.979931,-79.182442,Av. Cuxibamba,CON_FALLECIDOS,Accidente Laboral,Exceso de velocidad,68,FALLECIDO,NO_REGISTRA,CICLISTA,80,FALLECIDO,MUJER,OTRO,,,,
2020-01-09 05:03:01,-4.035387,-79.176466,Av. Gran Colombia,CON_FALLECIDOS,Volcamiento,Falla mecanica,34,FALLECIDO,NO_REGISTRA,SCOOTER,56,FALLECIDO,NO_REGISTRA,OTRO,11,LESIONADO,HOMBRE,PEATON
2020-05-06 01:03:50,-3.984498,-79.221858,Av. Orillas del Zamora,CON_LESIONADOS,Colision Multiple,Via resbaladiza o mojada,44,LESIONADO,MUJER,PEATON,,,,,,,,
2020-11-08 21:33:40,-4.002816,-79.224676,Av. Reinaldo Espinosa,CON_FALLECIDOS,Choque Vehicular,Distraccion (celular/radio),73,FALLECIDO,MUJER,PEATON,40,FALLECIDO,HOMBRE,VEH_LIVIANO,,,,
2020-10-21 04:34:51,-4.015613,-79.186260,Calle Mercadillo,CON_LESIONADOS,Atropellamiento,Factores externos,6,LESIONADO,HOMBRE,CICLISTA,16,LESIONADO,MUJER,OTRO,,,,
2020-02-17 09:22:00,-4.031845,-79.204666,Av. Isidro Ayora,CON_FALLECIDOS,Choque Vehicular,Exceso de velocidad,75,FALLECIDO,MUJER,MOTOCICLETA,22,FALLECIDO,MUJER,CICLISTA,39,LESIONADO,HOMBRE,OTRO
2020-04-14 23:02:23,-3.979386,-79.195282,Via Loja - Catamayo,SOLO_DANOS,Accidente Laboral,Via resbaladiza o mojada,,,,,,,,,,,,
2020-02-29 23:48:25,-4.023171,-79.216346,Calle Mercadillo,CON_FALLECIDOS,Incendio,Inobservancia de senales,48,FALLECIDO,HOMBRE,MOTOCICLETA,52,FALLECIDO,NO_REGISTRA,OTRO,26,LESIONADO,NO_REGISTRA,MOTOCICLETA
2020-05-15 06:54:30,-4.034616,-79.183824,Av. Pio Jaramillo,SOLO_DANOS,Choque Vehicular,Equipo de seguridad deficiente,,,,,,,,,,,,
2020-09-23 04:05:35,-4.002954,-79.176105,Av. Cuxibamba,SOLO_DANOS,Caida,Falla mecanica,,,,,,,,,,,,
2020-11-27 16:37:45,-3.992766,-79.224047,Calle Miguel Riofrio,CON_FALLECIDOS,Accidente Laboral,Falla mecanica,22,FALLECIDO,HOMBRE,PEATON,14,LESIONADO,MUJER,MOTOCICLETA,29,LESIONADO,MUJER,PEATON
2020-10-06 02:06:28,-4.032374,-79.217403,Av. Reinaldo Espinosa,CON_LESIONADOS,Accidente Laboral,Mal estado de la via,77,LESIONADO,HOMBRE,SCOOTER,,,,,,,,
2020-08-05 20:50:42,-3.991260,-79.173360,Av. Metropolitana,SOLO_DANOS,Accidente Laboral,Estado de embriaguez,33,LESIONADO,NO_REGISTRA,VEH_LIVIANO,,,,,,,,
2020-12-05 20:29:31,-4.003333,-79.199150,Calle Bolivar,CON_LESIONADOS,Accidente Laboral,Distraccion (celular/radio),9,LESIONADO,NO_REGISTRA,VEH_LIVIANO,62,LESIONADO,HOMBRE,PEATON,59,LESIONADO,MUJER,PEATON
2020-02-21 17:11:10,-4.002050,-79.172272,Calle Montufar,CON_LESIONADOS,Incendio,Mal estado de la via,43,LESIONADO,HOMBRE,MOTOCICLETA,20,LESIONADO,HOMBRE,VEH_LIVIANO,,,,
2020-12-25 20:55:22,-4.027191,-79.212823,Via Loja - Zamora,CON_FALLECIDOS,Accidente Laboral,Factores externos,21,FALLECIDO,NO_REGISTRA,MOTOCICLETA,45,LESIONADO,MUJER,PEATON,,,,
2020-11-21 18:20:00,-4.000236,-79.191043,Ruta 35,CON_FALLECIDOS,Incendio,Equipo de seguridad deficiente,31,FALLECIDO,NO_REGISTRA,PEATON,,,,,,,,
2020-04-12 17:28:17,-4.004142,-79.180777,Calle Colon,CON_LESIONADOS,Caida,Mal estado de la via,59,LESIONADO,HOMBRE,MOTOCICLETA,41,LESIONADO,MUJER,SCOOTER,70,LESIONADO,HOMBRE,VEH_LIVIANO
2020-02-28 16:59:34,-4.005660,-79.189987,Av. Manuel Agustin Aguirre,CON_FALLECIDOS,Caida,Equipo de seguridad deficiente,84,FALLECIDO,NO_REGISTRA,CICLISTA,,,,,,,,
2020-12-01 12:29:42,-4.032900,-79.203950,Av. Cuxibamba,CON_FALLECIDOS,Colision Multiple,Inobservancia de senales,78,FALLECIDO,NO_REGISTRA,OTRO,46,FALLECIDO,MUJER,SCOOTER,,,,
2020-03-28 07:58:35,-4.036000,-79.218663,Ruta 35,CON_FALLECIDOS,Atropellamiento,Exceso de velocidad,72,FALLECIDO,HOMBRE,CICLISTA,8,LESIONADO,HOMBRE,VEH_LIVIANO,,,,
2020-11-01 06:14:01,-4.011717,-79.205243,Calle 18 de Noviembre,CON_LESIONADOS,Caida,Factores externos,80,LESIONADO,MUJER,MOTOCICLETA,38,LESIONADO,NO_REGISTRA,CICLISTA,,,,
2020-11-30 19:56:21,-3.995685,-79.178540,Av. 8 de Diciembre,CON_LESIONADOS,Choque Vehicular,Fatiga del conductor,62,LESIONADO,MUJER,OTRO,,,,,,,,
2020-09-12 11:39:30,-4.018522,-79.217967,Calle Mercadillo,CON_FALLECIDOS,Accidente Laboral,Factores externos,62,FALLECIDO,NO_REGISTRA,PEATON,28,LESIONADO,MUJER,MOTOCICLETA,,,,
2020-06-10 16:03:04,-4.013293,-79.189059,Av. Reinaldo Espinosa,SOLO_DANOS,Atropellamiento,Exceso de velocidad,,,,,,,,,,,,
2020-11-30 23:41:36,-4.011343,-79.220079,Calle Bolivar,SOLO_DANOS,Volcamiento,Equipo de seguridad deficiente,,,,,,,,,,,,
2020-06-13 12:31:56,-4.003410,-79.228188,Calle Miguel Riofrio,CON_LESIONADOS,Incendio,Estado de embriaguez,44,LESIONADO,MUJER,VEH_LIVIANO,44,LESIONADO,HOMBRE,CICLISTA,,,,
2020-09-02 07:34:18,-4.013638,-79.230184,Calle Saraguro,CON_LESIONADOS,Volcamiento,Distraccion (celular/radio),75,LESIONADO,NO_REGISTRA,CICLISTA,54,LESIONADO,NO_REGISTRA,CICLISTA,,,,
2020-04-06 04:32:46,-4.027844,-79.182999,Av. 8 de Diciembre,CON_FALLECIDOS,Volcamiento,Factores externos,29,FALLECIDO,HOMBRE,MOTOCICLETA,52,FALLECIDO,MUJER,SCOOTER,21,LESIONADO,NO_REGISTRA,VEH_LIVIANO
2020-03-07 03:25:47,-4.030222,-79.214994,Av. 8 de Diciembre,CON_LESIONADOS,Atropellamiento,Equipo de seguridad deficiente,50,LESIONADO,MUJER,SCOOTER,75,LESIONADO,NO_REGISTRA,VEH_LIVIANO,41,LESIONADO,HOMBRE,SCOOTER
2020-11-10 20:50:49,-4.033583,-79.181831,Calle Colon,CON_LESIONADOS,Incendio,Fatiga del conductor,24,LESIONADO,NO_REGISTRA,OTRO,61,LESIONADO,HOMBRE,CICLISTA,77,LESIONADO,HOMBRE,MOTOCICLETA
2020-12-21 00:48:24,-4.014098,-79.175455,Av. Cuxibamba,SOLO_DANOS,Colision Multiple,Inobservancia de senales,,,,,,,,,,,,
2020-03-15 13:50:35,-3.989001,-79.219608,Calle Azogues,CON_FALLECIDOS,Atropellamiento,Exceso de velocidad,73,FALLECIDO,NO_REGISTRA,PEATON,50,LESIONADO,HOMBRE,OTRO,,,,
2020-03-18 23:07:20,-4.010011,-79.191365,Calle 10 de Agosto,SOLO_DANOS,Atropellamiento,Factores externos,,,,,,,,,,,,
2020-08-01 08:34:24,-4.012755,-79.183378,Calle Colon,SOLO_DANOS,Incendio,Falla mecanica,,,,,,,,,,,,
2020-01-13 19:51:34,-4.011670,-79.199411,Calle Rocafuerte,CON_LESIONADOS,Colision Multiple,Factores externos,36,LESIONADO,MUJER,MOTOCICLETA,62,LESIONADO,MUJER,VEH_LIVIANO,27,LESIONADO,MUJER,SCOOTER
2020-03-23 01:20:32,-4.007213,-79.186588,Ruta 35,CON_LESIONADOS,Volcamiento,Inobservancia de senales,42,LESIONADO,MUJER,VEH_LIVIANO,,,,,,,,
2020-03-26 03:42:21,-4.003691,-79.229520,Av. Isidro Ayora,CON_LESIONADOS,Incendio,Distraccion (celular/radio),57,LESIONADO,MUJER,PEATON,58,LESIONADO,HOMBRE,PEATON,,,,
2020-04-30 04:07:37,-4.030576,-79.205683,Av. Gran Colombia,CON_LESIONADOS,Atropellamiento,Inobservancia de senales,67,LESIONADO,NO_REGISTRA,CICLISTA,12,LESIONADO,MUJER,CICLISTA,23,LESIONADO,HOMBRE,SCOOTER
2020-04-07 07:29:27,-3.989127,-79.174030,Av. 8 de Diciembre,CON_FALLECIDOS,Accidente Laboral,Factores externos,36,FALLECIDO,MUJER,SCOOTER,28,FALLECIDO,NO_REGISTRA,OTRO,,,,
2020-08-29 02:42:39,-3.995196,-79.219220,Av. Orillas del Zamora,SOLO_DANOS,Choque Vehicular,Via resbaladiza o mojada,,,,,,,,,,,,
2020-05-23 11:43:34,-3.996887,-79.198399,Av. Orillas del Zamora,SOLO_DANOS,Caida,Falla mecanica,,,,,,,,,,,,
2020-09-19 07:09:46,-3.985369,-79.193848,Av. Manuel Agustin Aguirre,CON_FALLECIDOS,Accidente Laboral,Estado de embriaguez,84,FALLECIDO,MUJER,CICLISTA,29,LESIONADO,NO_REGISTRA,CICLISTA,80,LESIONADO,MUJER,PEATON
2020-12-04 08:06:36,-3.989130,-79.218203,Av. Gran Colombia,SOLO_DANOS,Colision Multiple,Visibilidad reducida,,,,,,,,,,,,
2020-01-03 04:31:11,-3.977361,-79.202560,Ruta 35,CON_FALLECIDOS,Colision Multiple,Falla mecanica,66,FALLECIDO,NO_REGISTRA,SCOOTER,72,LESIONADO,HOMBRE,CICLISTA,23,LESIONADO,MUJER,MOTOCICLETA