fecha_hora,latitud,longitud,via,grado_severidad,tipo_siniestro,causa_probable,victima1_edad,victima1_condicion,victima1_sexo,victima1_actor_vial,victima2_edad,victima2_condicion,victima2_sexo,victima2_actor_vial,victima3_edad,victima3_condicion,victima3_sexo,victima3_actor_vial
2020-03-11 22:22:12,-4.003550,-79.188293,Calle 18 de Noviembre,CON_LESIONADOS,Choque Vehicular,Factores externos,64,LESIONADO,NO_REGISTRA,MOTOCICLETA,13,LESIONADO,NO_REGISTRA,OTRO,,,,
2020-08-14 11:38:05,-3.991676,-79.208660,Av. Reinaldo Espinosa,CON_LESIONADOS,Caida,Equipo de seguridad deficiente,10,LESIONADO,HOMBRE,OTRO,38,LESIONADO,NO_REGISTRA,OTRO,47,LESIONADO,MUJER,OTRO
2020-12-29 08:22:17,-4.007412,-79.223173,Calle Miguel Riofrio,CON_FALLECIDOS,Choque Vehicular,Falla mecanica,20,FALLECIDO,MUJER,VEH_LIVIANO,29,FALLECIDO,HOMBRE,VEH_LIVIANO,,,,
2020-12-13 17:30:08,-4.025822,-79.193189,Calle Ramon Borrero,SOLO_DANOS,Colision Multiple,Exceso de velocidad,,,,,,,,,,,,
2020-01-17 12:54:17,-4.012899,-79.183624,Calle Montufar,CON_FALLECIDOS,Incendio,Factores externos,66,FALLECIDO,NO_REGISTRA,OTRO,42,LESIONADO,HOMBRE,MOTOCICLETA,14,LESIONADO,NO_REGISTRA,VEH_LIVIANO
2020-04-22 08:01:28,-4.024315,-79.180085,Av. Cuxibamba,SOLO_DANOS,Choque Vehicular,Distraccion (celular/radio),,,,,,,,,,,,
2020-11-15 04:56:37,-4.004233,-79.203213,Via Loja - Catamayo,CON_LESIONADOS,Colision Multiple,Imprudencia del conductor,52,LESIONADO,HOMBRE,SCOOTER,60,LESIONADO,HOMBRE,PEATON,69,LESIONADO,NO_REGISTRA,PEATON
2020-08-17 17:09:37,-4.027275,-79.174683,Calle 18 de Noviembre,CON_FALLECIDOS,Colision Multiple,Visibilidad reducida,50,FALLECIDO,MUJER,PEATON,66,LESIONADO,NO_REGISTRA,MOTOCICLETA,53,LESIONADO,HOMBRE,VEH_LIVIANO
2020-12-06 20:23:59,-4.020976,-79.186551,Av. Metropolitana,SOLO_DANOS,Choque Vehicular,Factores externos,,,,,,,,,,,,
2020-01-07 11:01:31,-4.018158,-79.184913,Av. Manuel Agustin Aguirre,CON_FALLECIDOS,Volcamiento,Falla mecanica,63,FALLECIDO,MUJER,SCOOTER,63,FALLECIDO,HOMBRE,CICLISTA,9,LESIONADO,MUJER,MOTOCICLETA
2020-09-04 16:51:28,-3.987807,-79.223212,Via Loja - Zamora,SOLO_DANOS,Accidente Laboral,Inobservancia de senales,,,,,,,,,,,,
2020-08-02 13:18:05,-3.978563,-79.190659,Via Loja - Catamayo,CON_FALLECIDOS,Accidente Laboral,Falla mecanica,31,FALLECIDO,NO_REGISTRA,MOTOCICLETA,39,FALLECIDO,HOMBRE,PEATON,,,,
2020-05-03 02:37:16,-4.012280,-79.184634,Calle Mercadillo,CON_FALLECIDOS,Choque Vehicular,Distraccion (celular/radio),38,FALLECIDO,HOMBRE,OTRO,39,LESIONADO,HOMBRE,PEATON,44,LESIONADO,MUJER,MOTOCICLETA
2020-01-24 10:00:04,-4.019072,-79.177970,Calle Rocafuerte,SOLO_DANOS,Accidente Laboral,Fatiga del conductor,,,,,,,,,,,,
2020-04-24 20:00:12,-4.028192,-79.214771,Av. 8 de Diciembre,CON_LESIONADOS,Colision Multiple,Exceso de velocidad,21,LESIONADO,HOMBRE,MOTOCICLETA,44,LESIONADO,HOMBRE,CICLISTA,53,LESIONADO,MUJER,VEH_LIVIANO
2020-02-09 19:35:19,-3.990413,-79.219091,Calle Mercadillo,CON_LESIONADOS,Colision Multiple,Exceso de velocidad,10,LESIONADO,NO_REGISTRA,CICLISTA,11,LESIONADO,HOMBRE,OTRO,24,LESIONADO,NO_REGISTRA,CICLISTA
2020-01-26 08:29:34,-3.984589,-79.218414,Av. Pio Jaramillo,CON_FALLECIDOS,Colision Multiple,Inobservancia de senales,48,FALLECIDO,NO_REGISTRA,OTRO,67,FALLECIDO,NO_REGISTRA,VEH_LIVIANO,,,,
2020-02-04 11:06:58,-4.006689,-79.190675,Av. 8 de Diciembre,CON_LESIONADOS,Colision Multiple,Visibilidad reducida,60,LESIONADO,MUJER,VEH_LIVIANO,5,LESIONADO,NO_REGISTRA,SCOOTER,,,,
2020-02-29 15:51:36,-3.987598,-79.230494,Calle Mercadillo,CON_LESIONADOS,Accidente Laboral,Fatiga del conductor,74,LESIONADO,NO_REGISTRA,VEH_LIVIANO,,,,,,,,
2020-11-09 05:43:05,-3.987721,-79.175594,Calle Sucre,SOLO_DANOS,Incendio,Imprudencia del conductor,,,,,,,,,,,,
2020-09-25 04:38:01,-4.033945,-79.215525,Calle 10 de Agosto,SOLO_DANOS,Atropellamiento,Distraccion (celular/radio),,,,,,,,,,,,
2020-10-09 21:59:00,-4.012951,-79.209234,Av. Orillas del Zamora,CON_LESIONADOS,Choque Vehicular,Visibilidad reducida,47,LESIONADO,NO_REGISTRA,CICLISTA,5,LESIONADO,NO_REGISTRA,CICLISTA,,,,
2020-09-30 07:42:54,-4.021255,-79.222214,Calle Bolivar,CON_LESIONADOS,Atropellamiento,Factores externos,29,LESIONADO,MUJER,VEH_LIVIANO,28,LESIONADO,MUJER,SCOOTER,,,,
2020-06-19 17:06:07,-3.995211,-79.229127,Av. Universitaria,SOLO_DANOS,Choque Vehicular,Fatiga del conductor,58,LESIONADO,HOMBRE,MOTOCICLETA,,,,,,,,
2020-11-29 06:08:38,-3.978923,-79.207014,Calle Azogues,CON_FALLECIDOS,Caida,Mal estado de la via,47,FALLECIDO,HOMBRE,OTRO,24,FALLECIDO,HOMBRE,VEH_LIVIANO,43,LESIONADO,HOMBRE,VEH_LIVIANO
2020-03-27 20:58:34,-3.988336,-79.187685,Calle Sucre,CON_LESIONADOS,Accidente Laboral,Via resbaladiza o mojada,7,LESIONADO,NO_REGISTRA,MOTOCICLETA,53,LESIONADO,HOMBRE,MOTOCICLETA,37,LESIONADO,MUJER,SCOOTER
2020-04-27 17:05:54,-3.996919,-79.178932,Av. Cuxibamba,CON_FALLECIDOS,Incendio,Fatiga del conductor,32,FALLECIDO,MUJER,MOTOCICLETA,38,LESIONADO,NO_REGISTRA,OTRO,68,LESIONADO,HOMBRE,OTRO
2020-12-01 19:50:24,-4.022397,-79.181838,Calle Ramon Borrero,SOLO_DANOS,Caida,Equipo de seguridad deficiente,,,,,,,,,,,,
2020-02-20 00:09:34,-3.981893,-79.204130,Av. Reinaldo Espinosa,CON_FALLECIDOS,Atropellamiento,Falla mecanica,29,FALLECIDO,NO_REGISTRA,SCOOTER,57,LESIONADO,HOMBRE,MOTOCICLETA,,,,
2020-07-04 03:42:08,-3.982574,-79.192121,Calle Saraguro,CON_LESIONADOS,Caida,Distraccion (celular/radio),76,LESIONADO,MUJER,MOTOCICLETA,,,,,,,,
2020-08-11 22:47:48,-4.007290,-79.222926,Av. Cuxibamba,SOLO_DANOS,Choque Vehicular,Falla mecanica,,,,,,,,,,,,
2020-12-28 20:28:17,-4.020026,-79.210369,Av. Metropolitana,SOLO_DANOS,Colision Multiple,Distraccion (celular/radio),,,,,,,,,,,,
2020-03-02 07:26:34,-4.029574,-79.198628,Av. Metropolitana,CON_LESIONADOS,Atropellamiento,Distraccion (celular/radio),45,LESIONADO,NO_REGISTRA,PEATON,55,LESIONADO,MUJER,PEATON,62,LESIONADO,MUJER,CICLISTA
2020-06-14 08:45:10,-4.029131,-79.190789,Calle Ramon Borrero,SOLO_DANOS,Caida,Factores externos,,,,,,,,,,,,
2020-01-19 05:51:09,-3.986832,-79.200815,Via Loja - Zamora,CON_FALLECIDOS,Caida,Imprudencia del conductor,24,FALLECIDO,MUJER,PEATON,11,LESIONADO,NO_REGISTRA,OTRO,,,,
2020-11-22 02:30:59,-4.023061,-79.222968,Calle Azogues,SOLO_DANOS,Accidente Laboral,Falla mecanica,,,,,,,,,,,,
2020-11-08 16:32:55,-4.034718,-79.226015,Av. Metropolitana,CON_FALLECIDOS,Colision Multiple,Falla mecanica,71,FALLECIDO,NO_REGISTRA,PEATON,32,FALLECIDO,HOMBRE,MOTOCICLETA,42,LESIONADO,HOMBRE,CICLISTA
2020-03-23 18:30:01,-3.998992,-79.209689,Av. Gran Colombia,SOLO_DANOS,Volcamiento,Factores externos,,,,,,,,,,,,
2020-11-07 21:19:53,-4.010766,-79.228598,Calle Sucre,CON_FALLECIDOS,Choque Vehicular,Imprudencia del conductor,85,FALLECIDO,MUJER,OTRO,26,FALLECIDO,HOMBRE,VEH_LIVIANO,,,,
2020-09-30 12:48:55,-3.978242,-79.196140,Calle Saraguro,CON_LESIONADOS,Incendio,Imprudencia del conductor,9,LESIONADO,NO_REGISTRA,OTRO,72,LESIONADO,NO_REGISTRA,OTRO,39,LESIONADO,HOMBRE,CICLISTA
2020-09-10 11:26:21,-4.033150,-79.216567,Calle Quito,CON_FALLECIDOS,Atropellamiento,Distraccion (celular/radio),75,FALLECIDO,HOMBRE,VEH_LIVIANO,20,LESIONADO,HOMBRE,VEH_LIVIANO,22,LESIONADO,HOMBRE,VEH_LIVIANO
2020-10-26 20:06:07,-4.016628,-79.202629,Av. Reinaldo Espinosa,CON_FALLECIDOS,Volcamiento,Estado de embriaguez,60,FALLECIDO,HOMBRE,VEH_LIVIANO,38,FALLECIDO,HOMBRE,PEATON,37,LESIONADO,NO_REGISTRA,SCOOTER
2020-08-31 22:56:13,-4.017863,-79.211240,Calle Mercadillo,CON_LESIONADOS,Choque Vehicular,Mal estado de la via,14,LESIONADO,MUJER,PEATON,33,LESIONADO,MUJER,CICLISTA,,,,
2020-11-25 22:21:19,-3.995743,-79.227943,Calle Rocafuerte,CON_FALLECIDOS,Caida,Factores externos,66,FALLECIDO,NO_REGISTRA,MOTOCICLETA,35,FALLECIDO,HOMBRE,OTRO,,,,
2020-06-07 21:38:38,-4.026805,-79.227002,Calle 18 de Noviembre,SOLO_DANOS,Accidente Laboral,Falla mecanica,,,,,,,,,,,,
2020-03-22 19:45:21,-4.019349,-79.211246,Av. Manuel Agustin Aguirre,CON_FALLECIDOS,Colision Multiple,Mal estado de la via,19,FALLECIDO,NO_REGISTRA,CICLISTA,24,FALLECIDO,MUJER,SCOOTER,40,LESIONADO,MUJER,PEATON
2020-10-31 07:46:14,-4.035277,-79.173888,Calle Montufar,SOLO_DANOS,Caida,Visibilidad reducida,,,,,,,,,,,,
2020-05-02 07:09:15,-4.004652,-79.193094,Av. Reinaldo Espinosa,CON_FALLECIDOS,Colision Multiple,Equipo de seguridad deficiente,38,FALLECIDO,HOMBRE,SCOOTER,24,FALLECIDO,MUJER,PEATON,,,,
2020-12-01 03:29:23,-3.978398,-79.215075,Calle Azogues,SOLO_DANOS,Atropellamiento,Mal estado de la via,,,,,,,,,,,,
2020-09-02 15:55:33,-3.997832,-79.205282,Calle Colon,SOLO_DANOS,Colision Multiple,Falla mecanica,,,,,,,,,,,,
2020-11-03 13:45:54,-4.029781,-79.195507,Av. Gran Colombia,SOLO_DANOS,Colision Multiple,Mal estado de la via,,,,,,,,,,,,
2020-09-13 22:24:42,-4.010487,-79.212949,Av. Reinaldo Espinosa,SOLO_DANOS,Caida,Factores externos,,,,,,,,,,,,
2020-09-09 02:06:28,-3.984474,-79.199024,Av. Reinaldo Espinosa,CON_LESIONADOS,Atropellamiento,Fatiga del conductor,53,LESIONADO,NO_REGISTRA,PEATON,42,LESIONADO,NO_REGISTRA,VEH_LIVIANO,,,,
2020-08-10 21:10:12,-4.020029,-79.228619,Av. Metropolitana,SOLO_DANOS,Accidente Laboral,Fatiga del conductor,,,,,,,,,,,,
2020-10-28 13:06:20,-4.006381,-79.179621,Av. Manuel Agustin Aguirre,CON_LESIONADOS,Caida,Factores externos,25,LESIONADO,NO_REGISTRA,OTRO,71,LESIONADO,MUJER,CICLISTA,11,LESIONADO,HOMBRE,CICLISTA
2020-08-19 14:33:49,-4.017363,-79.186601,Calle Mercadillo,CON_LESIONADOS,Caida,Equipo de seguridad deficiente,13,LESIONADO,NO_REGISTRA,PEATON,80,LESIONADO,NO_REGISTRA,VEH_LIVIANO,70,LESIONADO,NO_REGISTRA,OTRO
2020-12-23 01:09:39,-3.985461,-79.222337,Av. Cuxibamba,SOLO_DANOS,Colision Multiple,Exceso de velocidad,,,,,,,,,,,,
2020-10-15 21:25:13,-4.004615,-79.173966,Calle Quito,CON_FALLECIDOS,Volcamiento,Factores externos,29,FALLECIDO,HOMBRE,VEH_LIVIANO,27,LESIONADO,HOMBRE,PEATON,,,,
2020-05-09 15:19:37,-3.977425,-79.213435,Av. Rosa Hermosa,SOLO_DANOS,Caida,Estado de embriaguez,,,,,,,,,,,,
2020-09-21 01:30:21,-4.012069,-79.184201,Calle 10 de Agosto,SOLO_DANOS,Choque Vehicular,Distraccion (celular/radio),,,,,,,,,,,,
2020-04-18 16:47:45,-3.979592,-79.202925,Calle Saraguro,SOLO_DANOS,Choque Vehicular,Mal estado de la via,,,,,,,,,,,,
2020-12-02 08:24:21,-4.025284,-79.172985,Calle Imbabura,CON_FALLECIDOS,Volcamiento,Imprudencia del conductor,60,FALLECIDO,MUJER,PEATON,,,,,,,,
2020-08-18 19:22:27,-4.002438,-79.230192,Av. Metropolitana,SOLO_DANOS,Caida,Visibilidad reducida,,,,,,,,,,,,
2020-07-05 23:26:44,-4.020283,-79.219913,Calle Mercadillo,CON_FALLECIDOS,Colision Multiple,Inobservancia de senales,70,FALLECIDO,HOMBRE,MOTOCICLETA,38,LESIONADO,NO_REGISTRA,PEATON,,,,
2020-04-20 17:12:54,-3.988741,-79.226704,Calle Sucre,SOLO_DANOS,Choque Vehicular,Mal estado de la via,,,,,,,,,,,,
2020-06-01 20:47:18,-4.020841,-79.195414,Calle Miguel Riofrio,CON_LESIONADOS,Incendio,Mal estado de la via,17,LESIONADO,NO_REGISTRA,VEH_LIVIANO,50,LESIONADO,MUJER,MOTOCICLETA,,,,
2020-03-01 21:37:30,-4.003092,-79.209688,Av. Orillas del Zamora,SOLO_DANOS,Incendio,Via resbaladiza o mojada,,,,,,,,,,,,
2020-05-01 08:02:36,-4.015696,-79.208244,Ruta 35,SOLO_DANOS,Incendio,Falla mecanica,,,,,,,,,,,,
2020-05-15 12:37:03,-3.991585,-79.189434,Av. Orillas del Zamora,CON_FALLECIDOS,Colision Multiple,Distraccion (celular/radio),83,FALLECIDO,HOMBRE,PEATON,15,LESIONADO,MUJER,PEATON,41,LESIONADO,NO_REGISTRA,OTRO
2020-02-29 09:07:49,-4.008199,-79.175465,Av. Rosa Hermosa,CON_FALLECIDOS,Colision Multiple,Visibilidad reducida,45,FALLECIDO,MUJER,OTRO,35,FALLECIDO,MUJER,OTRO,,,,
2020-04-29 15:35:09,-3.987112,-79.175282,Av. Metropolitana,CON_LESIONADOS,Atropellamiento,Estado de embriaguez,26,LESIONADO,HOMBRE,SCOOTER,32,LESIONADO,HOMBRE,MOTOCICLETA,54,LESIONADO,HOMBRE,VEH_LIVIANO
2020-07-26 04:58:34,-4.030910,-79.215860,Av. 8 de Diciembre,SOLO_DANOS,Volcamiento,Via resbaladiza o mojada,,,,,,,,,,,,
2020-07-31 14:49:48,-3.977371,-79.189355,Av. Gran Colombia,CON_FALLECIDOS,Choque Vehicular,Exceso de velocidad,35,FALLECIDO,HOMBRE,VEH_LIVIANO,58,FALLECIDO,NO_REGISTRA,PEATON,,,,
2020-12-11 23:05:31,-4.009642,-79.185126,Av. Cuxibamba,CON_FALLECIDOS,Caida,Inobservancia de senales,49,FALLECIDO,HOMBRE,CICLISTA,59,FALLECIDO,MUJER,VEH_LIVIANO,,,,
2020-09-21 05:21:20,-3.980508,-79.212627,Calle 18 de Noviembre,CON_LESIONADOS,Choque Vehicular,Estado de embriaguez,73,LESIONADO,MUJER,CICLISTA,76,LESIONADO,NO_REGISTRA,CICLISTA,6,LESIONADO,NO_REGISTRA,CICLISTA
2020-10-30 23:42:20,-4.030876,-79.178655,Calle Rocafuerte,CON_FALLECIDOS,Colision Multiple,Exceso de velocidad,18,FALLECIDO,NO_REGISTRA,SCOOTER,37,FALLECIDO,NO_REGISTRA,PEATON,,,,
2020-08-11 05:29:56,-3.999800,-79.230073,Av. Reinaldo Espinosa,SOLO_DANOS,Colision Multiple,Fatiga del conductor,,,,,,,,,,,,
2020-01-24 17:07:04,-4.029847,-79.179160,Av. Isidro Ayora,CON_FALLECIDOS,Accidente Laboral,Fatiga del conductor,72,FALLECIDO,MUJER,VEH_LIVIANO,73,FALLECIDO,MUJER,PEATON,,,,
2020-06-10 10:20:04,-3.983136,-79.192009,Av. Orillas del Zamora,CON_FALLECIDOS,Caida,Estado de embriaguez,34,FALLECIDO,NO_REGISTRA,OTRO,12,LESIONADO,NO_REGISTRA,CICLISTA,44,LESIONADO,HOMBRE,VEH_LIVIANO
2020-10-06 06:13:27,-4.031036,-79.221779,Av. Isidro Ayora,SOLO_DANOS,Incendio,Estado de embriaguez,,,,,,,,,,,,
2020-04-24 07:23:03,-4.027577,-79.198835,Av. Manuel Agustin Aguirre,CON_FALLECIDOS,Colision Multiple,Mal estado de la via,83,FALLECIDO,MUJER,SCOOTER,10,LESIONADO,HOMBRE,MOTOCICLETA,,,,
2020-09-02 23:32:43,-4.023929,-79.194689,Calle Colon,CON_FALLECIDOS,Caida,Visibilidad reducida,78,FALLECIDO,NO_REGISTRA,SCOOTER,,,,,,,,
2020-10-22 04:25:34,-3.993717,-79.220717,Calle 18 de Noviembre,CON_LESIONADOS,Choque Vehicular,Mal estado de la via,54,LESIONADO,MUJER,SCOOTER,,,,,,,,
2020-11-18 03:36:57,-4.031913,-79.182796,Calle Azogues,CON_FALLECIDOS,Volcamiento,Distraccion (celular/radio),83,FALLECIDO,HOMBRE,SCOOTER,20,FALLECIDO,NO_REGISTRA,OTRO,48,LESIONADO,HOMBRE,VEH_LIVIANO
2020-03-09 16:39:40,-3.992318,-79.230794,Calle Imbabura,SOLO_DANOS,Volcamiento,Visibilidad reducida,73,LESIONADO,MUJER,VEH_LIVIANO,,,,,,,,
2020-11-08 02:00:04,-3.998954,-79.188231,Ruta 35,CON_LESIONADOS,Volcamiento,Distraccion (celular/radio),54,LESIONADO,NO_REGISTRA,VEH_LIVIANO,,,,,,,,
2020-03-06 16:53:24,-4.021890,-79.175817,Calle Colon,CON_FALLECIDOS,Colision Multiple,Distraccion (celular/radio),26,FALLECIDO,MUJER,CICLISTA,77,LESIONADO,NO_REGISTRA,CICLISTA,,,,
2020-10-14 16:17:09,-3.977295,-79.220853,Calle Imbabura,SOLO_DANOS,Choque Vehicular,Imprudencia del conductor,,,,,,,,,,,,
2020-06-03 05:21:47,-4.006134,-79.180049,Via Loja - Zamora,CON_LESIONADOS,Volcamiento,Falla mecanica,49,LESIONADO,MUJER,MOTOCICLETA,72,LESIONADO,MUJER,PEATON,21,LESIONADO,NO_REGISTRA,MOTOCICLETA
2020-08-17 00:20:35,-3.996391,-79.211187,Av. Pio Jaramillo,CON_FALLECIDOS,Accidente Laboral,Distraccion (celular/radio),40,FALLECIDO,HOMBRE,VEH_LIVIANO,,,,,,,,
2020-03-25 05:47:06,-3.997466,-79.172951,Av. Isidro Ayora,CON_LESIONADOS,Colision Multiple,Visibilidad reducida,40,LESIONADO,MUJER,MOTOCICLETA,,,,,,,,
2020-01-28 00:44:46,-4.001305,-79.175818,Av. Pio Jaramillo,CON_LESIONADOS,Choque Vehicular,Mal estado de la via,34,LESIONADO,MUJER,VEH_LIVIANO,5,LESIONADO,MUJER,SCOOTER,50,LESIONADO,HOMBRE,OTRO
2020-08-17 05:53:34,-4.020091,-79.230007,Via Loja - Zamora,SOLO_DANOS,Volcamiento,Falla mecanica,,,,,,,,,,,,
2020-12-26 07:27:27,-4.018037,-79.178655,Av. Rosa Hermosa,CON_LESIONADOS,Volcamiento,Equipo de seguridad deficiente,47,LESIONADO,HOMBRE,CICLISTA,16,LESIONADO,NO_REGISTRA,VEH_LIVIANO,11,LESIONADO,HOMBRE,VEH_LIVIANO
2020-03-29 23:57:21,-3.983213,-79.189345,Calle Miguel Riofrio,CON_FALLECIDOS,Volcamiento,Via resbaladiza o mojada,46,FALLECIDO,MUJER,MOTOCICLETA,,,,,,,,
2020-02-12 13:48:56,-4.006135,-79.201444,Calle Imbabura,CON_FALLECIDOS,Incendio,Visibilidad reducida,67,FALLECIDO,NO_REGISTRA,CICLISTA,,,,,,,,
2020-07-25 22:04:29,-4.001350,-79.212248,Calle 18 de Noviembre,CON_FALLECIDOS,Colision Multiple,Inobservancia de senales,72,FALLECIDO,NO_REGISTRA,CICLISTA,60,LESIONADO,MUJER,OTRO,29,LESIONADO,MUJER,CICLISTA
2020-08-29 12:05:20,-3.990235,-79.194462,Calle Ramon Borrero,CON_FALLECIDOS,Colision Multiple,Equipo de seguridad deficiente,50,FALLECIDO,HOMBRE,MOTOCICLETA,35,LESIONADO,MUJER,OTRO,24,LESIONADO,NO_REGISTRA,OTRO
2020-03-15 11:18:14,-3.981122,-79.213913,Ruta 35,SOLO_DANOS,Atropellamiento,Distraccion (celular/radio),22,LESIONADO,HOMBRE,OTRO,,,,,,,,
2020-03-03 15:22:53,-3.990870,-79.218000,Av. 8 de Diciembre,CON_LESIONADOS,Accidente Laboral,Equipo de seguridad deficiente,36,LESIONADO,HOMBRE,VEH_LIVIANO,48,LESIONADO,HOMBRE,MOTOCICLETA,,,,
2020-05-17 10:16:00,-4.003709,-79.208468,Av. Rosa Hermosa,SOLO_DANOS,Colision Multiple,Distraccion (celular/radio),,,,,,,,,,,,
2020-07-02 00:49:18,-3.989006,-79.230208,Calle Quito,SOLO_DANOS,Colision Multiple,Factores externos,,,,,,,,,,,,
2020-12-20 04:13:36,-3.992564,-79.192822,Calle Miguel Riofrio,CON_FALLECIDOS,Atropellamiento,Imprudencia del conductor,83,FALLECIDO,MUJER,CICLISTA,60,FALLECIDO,HOMBRE,PEATON,,,,
2020-02-04 12:44:29,-4.005379,-79.224476,Calle 18 de Noviembre,SOLO_DANOS,Volcamiento,Visibilidad reducida,,,,,,,,,,,,
2020-05-16 13:07:03,-3.994690,-79.178463,Av. Gran Colombia,CON_LESIONADOS,Atropellamiento,Equipo de seguridad deficiente,14,LESIONADO,NO_REGISTRA,SCOOTER,19,LESIONADO,NO_REGISTRA,PEATON,33,LESIONADO,MUJER,OTRO
2020-11-28 17:34:39,-4.020909,-79.203573,Av. Metropolitana,SOLO_DANOS,Incendio,Distraccion (celular/radio),,,,,,,,,,,,
2020-10-23 20:19:40,-4.024269,-79.220273,Calle Bolivar,CON_FALLECIDOS,Volcamiento,Visibilidad reducida,43,FALLECIDO,HOMBRE,SCOOTER,50,FALLECIDO,NO_REGISTRA,SCOOTER,13,LESIONADO,MUJER,PEATON
2020-01-16 07:01:43,-3.996291,-79.197479,Av. Orillas del Zamora,SOLO_DANOS,Atropellamiento,Equipo de seguridad deficiente,,,,,,,,,,,,
2020-03-02 02:04:45,-3.994962,-79.216128,Av. Orillas del Zamora,CON_FALLECIDOS,Volcamiento,Visibilidad reducida,79,FALLECIDO,MUJER,CICLISTA,,,,,,,,
2020-10-01 21:03:16,-4.026902,-79.227674,Calle 10 de Agosto,SOLO_DANOS,Atropellamiento,Inobservancia de senales,,,,,,,,,,,,
2020-02-29 04:48:41,-4.022561,-79.226601,Calle Ramon Borrero,CON_FALLECIDOS,Colision Multiple,Inobservancia de senales,19,FALLECIDO,NO_REGISTRA,OTRO,75,FALLECIDO,MUJER,VEH_LIVIANO,,,,
2020-02-08 01:26:11,-4.020586,-79.222988,Calle Ramon Borrero,CON_LESIONADOS,Choque Vehicular,Falla mecanica,55,LESIONADO,MUJER,VEH_LIVIANO,28,LESIONADO,HOMBRE,PEATON,69,LESIONADO,NO_REGISTRA,CICLISTA
2020-11-20 15:01:10,-3.994722,-79.203171,Av. Pio Jaramillo,SOLO_DANOS,Volcamiento,Falla mecanica,,,,,,,,,,,,
2020-06-26 08:56:25,-4.013772,-79.201379,Av. Cuxibamba,SOLO_DANOS,Caida,Fatiga del conductor,33,LESIONADO,NO_REGISTRA,MOTOCICLETA,,,,,,,,
2020-12-03 23:35:17,-3.993622,-79.182562,Calle Saraguro,SOLO_DANOS,Caida,Via resbaladiza o mojada,,,,,,,,,,,,
2020-05-16 01:15:36,-3.986113,-79.226818,Calle Quito,CON_FALLECIDOS,Colision Multiple,Factores externos,21,FALLECIDO,NO_REGISTRA,PEATON,5,LESIONADO,NO_REGISTRA,CICLISTA,48,LESIONADO,MUJER,PEATON
2020-11-19 21:48:11,-3.983294,-79.209334,Calle Miguel Riofrio,CON_FALLECIDOS,Caida,Estado de embriaguez,35,FALLECIDO,MUJER,SCOOTER,36,LESIONADO,MUJER,VEH_LIVIANO,,,,
2020-08-18 14:40:57,-4.014001,-79.218694,Av. Cuxibamba,SOLO_DANOS,Accidente Laboral,Via resbaladiza o mojada,,,,,,,,,,,,
2020-11-01 07:32:44,-3.991365,-79.230249,Calle Rocafuerte,CON_FALLECIDOS,Accidente Laboral,Mal estado de la via,66,FALLECIDO,HOMBRE,OTRO,29,LESIONADO,NO_REGISTRA,SCOOTER,56,LESIONADO,MUJER,MOTOCICLETA
2020-04-04 13:08:40,-3.997425,-79.223165,Calle Bolivar,CON_FALLECIDOS,Volcamiento,Inobservancia de senales,51,FALLECIDO,HOMBRE,CICLISTA,71,FALLECIDO,HOMBRE,OTRO,20,LESIONADO,NO_REGISTRA,MOTOCICLETA
2020-07-31 12:34:02,-4.024235,-79.216401,Av. Metropolitana,CON_LESIONADOS,Atropellamiento,Visibilidad reducida,32,LESIONADO,MUJER,CICLISTA,,,,,,,,
2020-04-09 21:32:59,-4.034250,-79.228501,Av. Cuxibamba,CON_FALLECIDOS,Colision Multiple,Falla mecanica,69,FALLECIDO,MUJER,VEH_LIVIANO,53,FALLECIDO,HOMBRE,MOTOCICLETA,,,,
2020-08-02 16:12:22,-3.977364,-79.217876,Av. Manuel Agustin Aguirre,CON_FALLECIDOS,Atropellamiento,Inobservancia de senales,25,FALLECIDO,NO_REGISTRA,SCOOTER,,,,,,,,
2020-08-31 09:29:48,-3.984524,-79.208605,Via Loja - Catamayo,SOLO_DANOS,Incendio,Fatiga del conductor,,,,,,,,,,,,
2020-10-03 04:24:02,-3.989684,-79.191444,Av. Isidro Ayora,CON_FALLECIDOS,Atropellamiento,Imprudencia del conductor,55,FALLECIDO,MUJER,SCOOTER,,,,,,,,
2020-12-15 21:12:20,-3.999434,-79.208399,Via Loja - Catamayo,CON_FALLECIDOS,Choque Vehicular,Estado de embriaguez,53,FALLECIDO,HOMBRE,SCOOTER,60,LESIONADO,MUJER,PEATON,,,,
2020-03-14 04:05:07,-4.029079,-79.222190,Calle Bolivar,SOLO_DANOS,Accidente Laboral,Factores externos,,,,,,,,,,,,
2020-09-20 14:11:23,-3.983788,-79.210620,Ruta 35,CON_FALLECIDOS,Caida,Falla mecanica,65,FALLECIDO,NO_REGISTRA,CICLISTA,83,FALLECIDO,HOMBRE,MOTOCICLETA,33,LESIONADO,NO_REGISTRA,MOTOCICLETA
2020-10-02 02:27:10,-4.018099,-79.187670,Av. Reinaldo Espinosa,SOLO_DANOS,Caida,Distraccion (celular/radio),,,,,,,,,,,,
2020-02-29 10:32:36,-4.023655,-79.203917,Av. Orillas del Zamora,CON_FALLECIDOS,Colision Multiple,Factores externos,20,FALLECIDO,NO_REGISTRA,OTRO,48,FALLECIDO,HOMBRE,PEATON,11,LESIONADO,HOMBRE,SCOOTER