fecha_hora,latitud,longitud,via,grado_severidad,tipo_siniestro,causa_probable,victima1_edad,victima1_condicion,victima1_sexo,victima1_actor_vial,victima2_edad,victima2_condicion,victima2_sexo,victima2_actor_vial,victima3_edad,victima3_condicion,victima3_sexo,victima3_actor_vial
2020-03-06 07:00:30,-4.033489,-79.227356,Calle Colon,CON_FALLECIDOS,Atropellamiento,Distraccion (celular/radio),20,FALLECIDO,NO_REGISTRA,MOTOCICLETA,66,FALLECIDO,NO_REGISTRA,VEH_LIVIANO,,,,
2020-11-18 00:40:32,-4.019413,-79.229310,Av. Pio Jaramillo,CON_FALLECIDOS,Incendio,Equipo de seguridad deficiente,42,FALLECIDO,MUJER,OTRO,17,LESIONADO,MUJER,PEATON,15,LESIONADO,HOMBRE,VEH_LIVIANO
2020-11-09 18:21:19,-4.006681,-79.221914,Via Loja - Catamayo,CON_LESIONADOS,Volcamiento,Mal estado de la via,27,LESIONADO,MUJER,SCOOTER,,,,,,,,
2020-08-26 04:44:37,-4.020139,-79.192391,Calle Ramon Borrero,SOLO_DANOS,Choque Vehicular,Estado de embriaguez,,,,,,,,,,,,
2020-01-31 19:50:30,-4.001751,-79.228114,Calle Quito,SOLO_DANOS,Colision Multiple,Inobservancia de senales,,,,,,,,,,,,
2020-03-19 07:13:42,-4.028944,-79.228837,Calle Azogues,CON_FALLECIDOS,Atropellamiento,Via resbaladiza o mojada,42,FALLECIDO,HOMBRE,SCOOTER,52,LESIONADO,MUJER,SCOOTER,37,LESIONADO,NO_REGISTRA,SCOOTER
2020-01-19 10:01:26,-4.031862,-79.213722,Calle 10 de Agosto,CON_FALLECIDOS,Caida,Factores externos,74,FALLECIDO,NO_REGISTRA,OTRO,73,FALLECIDO,NO_REGISTRA,PEATON,75,LESIONADO,NO_REGISTRA,OTRO
2020-12-02 16:50:40,-4.034946,-79.189728,Av. Rosa Hermosa,CON_LESIONADOS,Choque Vehicular,Equipo de seguridad deficiente,11,LESIONADO,MUJER,SCOOTER,54,LESIONADO,HOMBRE,OTRO,77,LESIONADO,MUJER,OTRO
2020-09-22 10:33:08,-3.997519,-79.218565,Calle Miguel Riofrio,CON_FALLECIDOS,Colision Multiple,Equipo de seguridad deficiente,54,FALLECIDO,HOMBRE,MOTOCICLETA,73,FALLECIDO,HOMBRE,OTRO,,,,
2020-09-11 20:10:26,-4.025046,-79.205988,Via Loja - Catamayo,CON_FALLECIDOS,Colision Multiple,Mal estado de la via,27,FALLECIDO,MUJER,CICLISTA,27,FALLECIDO,MUJER,VEH_LIVIANO,9,LESIONADO,HOMBRE,SCOOTER
2020-10-24 18:46:16,-4.001249,-79.190451,Calle Mercadillo,CON_FALLECIDOS,Caida,Estado de embriaguez,56,FALLECIDO,MUJER,VEH_LIVIANO,,,,,,,,
2020-10-15 05:31:05,-4.022051,-79.221286,Calle Colon,CON_FALLECIDOS,Colision Multiple,Equipo de seguridad deficiente,74,FALLECIDO,NO_REGISTRA,SCOOTER,77,LESIONADO,MUJER,MOTOCICLETA,,,,
2020-10-25 05:33:52,-4.021746,-79.187681,Calle Bolivar,CON_FALLECIDOS,Volcamiento,Exceso de velocidad,31,FALLECIDO,MUJER,SCOOTER,76,LESIONADO,NO_REGISTRA,SCOOTER,,,,
2020-02-14 09:32:50,-4.001625,-79.210136,Ruta 35,CON_FALLECIDOS,Caida,Via resbaladiza o mojada,56,FALLECIDO,MUJER,CICLISTA,58,FALLECIDO,MUJER,OTRO,22,LESIONADO,MUJER,CICLISTA
2020-05-09 17:48:36,-3.980871,-79.201465,Ruta 35,SOLO_DANOS,Choque Vehicular,Fatiga del conductor,,,,,,,,,,,,
2020-10-25 10:15:49,-4.009947,-79.200818,Av. Metropolitana,CON_LESIONADOS,Incendio,Mal estado de la via,56,LESIONADO,MUJER,PEATON,,,,,,,,
2020-10-26 09:33:24,-4.029826,-79.204730,Av. 8 de Diciembre,CON_FALLECIDOS,Volcamiento,Visibilidad reducida,24,FALLECIDO,HOMBRE,CICLISTA,53,FALLECIDO,NO_REGISTRA,VEH_LIVIANO,55,LESIONADO,MUJER,SCOOTER
2020-02-28 20:42:35,-4.013520,-79.177628,Calle Ramon Borrero,SOLO_DANOS,Caida,Factores externos,,,,,,,,,,,,
2020-01-26 01:04:43,-4.013928,-79.197628,Calle Quito,SOLO_DANOS,Atropellamiento,Exceso de velocidad,,,,,,,,,,,,
2020-09-20 08:50:20,-3.982845,-79.214999,Av. Cuxibamba,CON_LESIONADOS,Atropellamiento,Visibilidad reducida,33,LESIONADO,MUJER,PEATON,56,LESIONADO,MUJER,VEH_LIVIANO,80,LESIONADO,NO_REGISTRA,MOTOCICLETA
2020-02-18 13:59:32,-3.981438,-79.220493,Av. Orillas del Zamora,CON_LESIONADOS,Caida,Distraccion (celular/radio),59,LESIONADO,NO_REGISTRA,CICLISTA,,,,,,,,
2020-05-21 10:41:08,-3.977546,-79.209596,Via Loja - Zamora,SOLO_DANOS,Colision Multiple,Imprudencia del conductor,,,,,,,,,,,,
2020-03-10 15:55:18,-3.979526,-79.176387,Calle Colon,CON_LESIONADOS,Colision Multiple,Equipo de seguridad deficiente,43,LESIONADO,HOMBRE,OTRO,15,LESIONADO,NO_REGISTRA,OTRO,,,,
2020-03-25 04:49:27,-3.995084,-79.201213,Av. Manuel Agustin Aguirre,SOLO_DANOS,Accidente Laboral,Equipo de seguridad deficiente,,,,,,,,,,,,
2020-09-22 16:08:19,-3.992145,-79.222012,Av. Reinaldo Espinosa,SOLO_DANOS,Atropellamiento,Falla mecanica,,,,,,,,,,,,
2020-08-17 05:54:45,-4.014075,-79.191739,Av. Pio Jaramillo,SOLO_DANOS,Incendio,Via resbaladiza o mojada,,,,,,,,,,,,
2020-09-04 18:19:12,-4.017291,-79.190059,Calle Sucre,CON_LESIONADOS,Colision Multiple,Distraccion (celular/radio),13,LESIONADO,MUJER,CICLISTA,29,LESIONADO,NO_REGISTRA,OTRO,39,LESIONADO,NO_REGISTRA,VEH_LIVIANO
2020-04-29 18:45:07,-4.008903,-79.182580,Calle Miguel Riofrio,SOLO_DANOS,Caida,Via resbaladiza o mojada,,,,,,,,,,,,
2020-11-28 02:31:39,-3.978836,-79.191482,Via Loja - Zamora,SOLO_DANOS,Incendio,Falla mecanica,57,LESIONADO,NO_REGISTRA,PEATON,,,,,,,,
2020-05-26 19:43:10,-3.980910,-79.213097,Av. Orillas del Zamora,CON_FALLECIDOS,Volcamiento,Inobservancia de senales,32,FALLECIDO,NO_REGISTRA,MOTOCICLETA,,,,,,,,
2020-11-10 03:03:50,-3.997789,-79.191019,Ruta 35,CON_FALLECIDOS,Caida,Imprudencia del conductor,48,FALLECIDO,HOMBRE,MOTOCICLETA,46,FALLECIDO,HOMBRE,PEATON,,,,
2020-03-17 11:35:30,-3.982145,-79.209796,Av. Orillas del Zamora,SOLO_DANOS,Caida,Factores externos,,,,,,,,,,,,
2020-09-28 00:22:59,-3.985829,-79.212468,Av. Metropolitana,CON_FALLECIDOS,Accidente Laboral,Via resbaladiza o mojada,65,FALLECIDO,NO_REGISTRA,CICLISTA,28,FALLECIDO,NO_REGISTRA,SCOOTER,,,,
2020-07-10 13:50:31,-4.032820,-79.200019,Calle Rocafuerte,CON_LESIONADOS,Colision Multiple,Visibilidad reducida,38,LESIONADO,MUJER,OTRO,18,LESIONADO,HOMBRE,OTRO,9,LESIONADO,NO_REGISTRA,CICLISTA
2020-12-06 23:58:08,-3.999691,-79.182674,Calle Montufar,SOLO_DANOS,Incendio,Exceso de velocidad,52,LESIONADO,HOMBRE,OTRO,,,,,,,,
2020-11-11 02:56:36,-4.017683,-79.230312,Calle Miguel Riofrio,SOLO_DANOS,Atropellamiento,Estado de embriaguez,,,,,,,,,,,,
2020-08-23 03:13:27,-4.002072,-79.189009,Calle Sucre,CON_LESIONADOS,Colision Multiple,Mal estado de la via,27,LESIONADO,NO_REGISTRA,VEH_LIVIANO,53,LESIONADO,HOMBRE,CICLISTA,58,LESIONADO,HOMBRE,VEH_LIVIANO
2020-11-14 02:58:03,-4.029170,-79.182027,Calle Saraguro,SOLO_DANOS,Volcamiento,Estado de embriaguez,,,,,,,,,,,,
2020-10-28 21:49:38,-4.019279,-79.179018,Calle Bolivar,CON_LESIONADOS,Incendio,Imprudencia del conductor,47,LESIONADO,MUJER,VEH_LIVIANO,40,LESIONADO,NO_REGISTRA,CICLISTA,49,LESIONADO,HOMBRE,CICLISTA
2020-07-18 20:24:30,-3.987830,-79.229082,Av. Cuxibamba,SOLO_DANOS,Atropellamiento,Estado de embriaguez,,,,,,,,,,,,
2020-09-25 12:32:54,-3.996666,-79.191594,Calle Quito,CON_LESIONADOS,Caida,Factores externos,37,LESIONADO,HOMBRE,PEATON,12,LESIONADO,NO_REGISTRA,OTRO,16,LESIONADO,NO_REGISTRA,CICLISTA
2020-02-15 22:30:37,-4.036364,-79.209340,Av. 8 de Diciembre,SOLO_DANOS,Colision Multiple,Imprudencia del conductor,,,,,,,,,,,,
2020-11-16 13:18:44,-4.023514,-79.206807,Calle Rocafuerte,SOLO_DANOS,Incendio,Exceso de velocidad,,,,,,,,,,,,
2020-10-13 14:24:28,-3.982415,-79.176426,Calle Azogues,SOLO_DANOS,Colision Multiple,Factores externos,,,,,,,,,,,,
2020-10-03 10:11:49,-3.996710,-79.189245,Av. Pio Jaramillo,CON_FALLECIDOS,Accidente Laboral,Factores externos,68,FALLECIDO,MUJER,SCOOTER,52,LESIONADO,HOMBRE,VEH_LIVIANO,,,,
2020-04-08 06:53:47,-4.032072,-79.195639,Calle Mercadillo,SOLO_DANOS,Choque Vehicular,Inobservancia de senales,,,,,,,,,,,,
2020-05-25 07:26:06,-3.999827,-79.213310,Av. Orillas del Zamora,SOLO_DANOS,Accidente Laboral,Equipo de seguridad deficiente,,,,,,,,,,,,
2020-11-15 12:50:09,-3.987561,-79.177115,Av. Isidro Ayora,SOLO_DANOS,Atropellamiento,Inobservancia de senales,26,LESIONADO,HOMBRE,OTRO,,,,,,,,
2020-08-21 11:24:49,-4.033725,-79.220100,Av. Orillas del Zamora,CON_FALLECIDOS,Atropellamiento,Falla mecanica,29,FALLECIDO,NO_REGISTRA,MOTOCICLETA,57,LESIONADO,MUJER,SCOOTER,,,,
2020-06-20 13:10:18,-4.023335,-79.193076,Calle Mercadillo,CON_FALLECIDOS,Accidente Laboral,Mal estado de la via,85,FALLECIDO,NO_REGISTRA,CICLISTA,76,FALLECIDO,HOMBRE,CICLISTA,,,,
2020-10-23 01:47:14,-3.998350,-79.173242,Calle 18 de Noviembre,CON_LESIONADOS,Accidente Laboral,Mal estado de la via,45,LESIONADO,NO_REGISTRA,SCOOTER,37,LESIONADO,NO_REGISTRA,SCOOTER,43,LESIONADO,HOMBRE,CICLISTA
2020-04-25 07:58:03,-4.020084,-79.184630,Av. Isidro Ayora,CON_FALLECIDOS,Accidente Laboral,Exceso de velocidad,31,FALLECIDO,NO_REGISTRA,VEH_LIVIANO,42,FALLECIDO,HOMBRE,OTRO,,,,
2020-02-01 09:40:38,-4.007023,-79.174184,Calle 18 de Noviembre,SOLO_DANOS,Incendio,Factores externos,,,,,,,,,,,,
2020-10-04 16:06:04,-4.005568,-79.207037,Calle 10 de Agosto,CON_FALLECIDOS,Choque Vehicular,Mal estado de la via,67,FALLECIDO,HOMBRE,CICLISTA,71,FALLECIDO,HOMBRE,MOTOCICLETA,47,LESIONADO,HOMBRE,MOTOCICLETA
2020-05-23 00:18:50,-4.010705,-79.192029,Calle Bolivar,CON_LESIONADOS,Atropellamiento,Equipo de seguridad deficiente,13,LESIONADO,NO_REGISTRA,CICLISTA,60,LESIONADO,HOMBRE,VEH_LIVIANO,9,LESIONADO,NO_REGISTRA,SCOOTER
2020-06-16 12:42:25,-4.012021,-79.178101,Calle Saraguro,SOLO_DANOS,Incendio,Imprudencia del conductor,20,LESIONADO,MUJER,PEATON,,,,,,,,
2020-01-15 11:47:32,-4.009783,-79.197134,Av. Pio Jaramillo,CON_FALLECIDOS,Caida,Mal estado de la via,68,FALLECIDO,NO_REGISTRA,PEATON,60,FALLECIDO,NO_REGISTRA,PEATON,43,LESIONADO,NO_REGISTRA,OTRO
2020-04-05 11:45:05,-3.984734,-79.177449,Via Loja - Catamayo,SOLO_DANOS,Colision Multiple,Falla mecanica,,,,,,,,,,,,
2020-12-02 02:32:13,-3.987248,-79.220024,Calle Colon,SOLO_DANOS,Volcamiento,Inobservancia de senales,,,,,,,,,,,,
2020-02-02 04:50:28,-3.979402,-79.181659,Calle 10 de Agosto,CON_LESIONADOS,Caida,Inobservancia de senales,59,LESIONADO,MUJER,OTRO,,,,,,,,
2020-08-04 09:55:50,-3.987966,-79.222499,Av. Reinaldo Espinosa,CON_FALLECIDOS,Colision Multiple,Falla mecanica,31,FALLECIDO,MUJER,MOTOCICLETA,50,FALLECIDO,NO_REGISTRA,CICLISTA,37,LESIONADO,HOMBRE,SCOOTER
2020-09-01 10:23:13,-4.001014,-79.214820,Av. Manuel Agustin Aguirre,SOLO_DANOS,Volcamiento,Fatiga del conductor,,,,,,,,,,,,
2020-12-09 01:38:38,-4.013779,-79.172782,Av. 8 de Diciembre,SOLO_DANOS,Accidente Laboral,Fatiga del conductor,,,,,,,,,,,,
2020-04-25 15:02:22,-4.021383,-79.186352,Calle Colon,CON_FALLECIDOS,Caida,Via resbaladiza o mojada,60,FALLECIDO,NO_REGISTRA,VEH_LIVIANO,,,,,,,,
2020-10-29 06:33:14,-4.003579,-79.214866,Av. Orillas del Zamora,SOLO_DANOS,Atropellamiento,Imprudencia del conductor,,,,,,,,,,,,
2020-06-12 12:09:57,-3.994692,-79.193546,Calle Azogues,CON_FALLECIDOS,Incendio,Via resbaladiza o mojada,34,FALLECIDO,MUJER,SCOOTER,24,FALLECIDO,MUJER,OTRO,54,LESIONADO,HOMBRE,MOTOCICLETA
2020-11-21 04:19:52,-4.006789,-79.177500,Av. Rosa Hermosa,CON_FALLECIDOS,Colision Multiple,Distraccion (celular/radio),42,FALLECIDO,NO_REGISTRA,SCOOTER,10,LESIONADO,HOMBRE,OTRO,13,LESIONADO,MUJER,MOTOCICLETA
2020-11-22 12:28:27,-4.019858,-79.227886,Av. 8 de Diciembre,SOLO_DANOS,Colision Multiple,Estado de embriaguez,,,,,,,,,,,,
2020-06-28 17:04:54,-4.009269,-79.183129,Ruta 35,CON_FALLECIDOS,Caida,Exceso de velocidad,70,FALLECIDO,MUJER,VEH_LIVIANO,77,FALLECIDO,NO_REGISTRA,VEH_LIVIANO,73,LESIONADO,NO_REGISTRA,MOTOCICLETA
2020-04-19 09:08:14,-4.012727,-79.218283,Av. Gran Colombia,CON_LESIONADOS,Caida,Equipo de seguridad deficiente,18,LESIONADO,HOMBRE,MOTOCICLETA,,,,,,,,
2020-01-09 05:54:14,-4.033263,-79.209393,Via Loja - Zamora,CON_LESIONADOS,Caida,Exceso de velocidad,56,LESIONADO,NO_REGISTRA,VEH_LIVIANO,,,,,,,,
2020-02-10 23:14:07,-4.006078,-79.191939,Calle Rocafuerte,SOLO_DANOS,Incendio,Distraccion (celular/radio),,,,,,,,,,,,
2020-07-09 20:29:15,-3.986554,-79.210030,Calle Montufar,CON_FALLECIDOS,Volcamiento,Distraccion (celular/radio),76,FALLECIDO,MUJER,VEH_LIVIANO,29,FALLECIDO,MUJER,CICLISTA,69,LESIONADO,MUJER,VEH_LIVIANO
2020-04-02 02:10:06,-4.031134,-79.184444,Calle Quito,SOLO_DANOS,Atropellamiento,Estado de embriaguez,,,,,,,,,,,,
2020-03-02 18:20:43,-3.986984,-79.200868,Av. Isidro Ayora,CON_FALLECIDOS,Caida,Distraccion (celular/radio),82,FALLECIDO,HOMBRE,VEH_LIVIANO,24,FALLECIDO,NO_REGISTRA,CICLISTA,75,LESIONADO,HOMBRE,VEH_LIVIANO
2020-09-21 12:30:44,-4.014236,-79.202749,Av. Universitaria,CON_FALLECIDOS,Volcamiento,Mal estado de la via,25,FALLECIDO,MUJER,PEATON,43,LESIONADO,HOMBRE,OTRO,,,,
2020-03-15 17:20:14,-4.016448,-79.207029,Via Loja - Zamora,SOLO_DANOS,Accidente Laboral,Falla mecanica,,,,,,,,,,,,
2020-11-06 09:44:58,-3.999816,-79.179163,Calle Saraguro,CON_LESIONADOS,Atropellamiento,Mal estado de la via,36,LESIONADO,MUJER,VEH_LIVIANO,,,,,,,,
2020-11-01 04:21:16,-4.012005,-79.174783,Calle Sucre,CON_FALLECIDOS,Incendio,Visibilidad reducida,67,FALLECIDO,HOMBRE,MOTOCICLETA,25,FALLECIDO,MUJER,SCOOTER,,,,
2020-05-08 22:02:47,-4.029733,-79.193071,Av. 8 de Diciembre,SOLO_DANOS,Caida,Visibilidad reducida,,,,,,,,,,,,
2020-10-13 17:25:59,-4.000391,-79.192699,Calle 18 de Noviembre,SOLO_DANOS,Accidente Laboral,Inobservancia de senales,,,,,,,,,,,,
2020-07-11 10:51:18,-3.988191,-79.199156,Ruta 35,SOLO_DANOS,Atropellamiento,Via resbaladiza o mojada,,,,,,,,,,,,
2020-10-21 19:23:16,-4.000629,-79.218785,Av. 8 de Diciembre,CON_LESIONADOS,Incendio,Imprudencia del conductor,9,LESIONADO,NO_REGISTRA,VEH_LIVIANO,65,LESIONADO,HOMBRE,CICLISTA,29,LESIONADO,HOMBRE,OTRO
2020-02-06 02:26:53,-4.004249,-79.225277,Calle Colon,SOLO_DANOS,Caida,Distraccion (celular/radio),,,,,,,,,,,,
2020-10-27 20:43:29,-3.985325,-79.180089,Ruta 35,CON_LESIONADOS,Caida,Via resbaladiza o mojada,78,LESIONADO,HOMBRE,MOTOCICLETA,53,LESIONADO,NO_REGISTRA,PEATON,,,,
2020-01-03 18:03:36,-3.983810,-79.173791,Av. Pio Jaramillo,CON_LESIONADOS,Incendio,Imprudencia del conductor,20,LESIONADO,HOMBRE,MOTOCICLETA,,,,,,,,
2020-09-24 03:52:24,-4.019166,-79.230778,Av. Pio Jaramillo,CON_LESIONADOS,Atropellamiento,Equipo de seguridad deficiente,76,LESIONADO,HOMBRE,CICLISTA,58,LESIONADO,NO_REGISTRA,VEH_LIVIANO,,,,
2020-10-06 13:49:46,-4.033511,-79.178649,Av. Orillas del Zamora,CON_FALLECIDOS,Atropellamiento,Fatiga del conductor,53,FALLECIDO,MUJER,CICLISTA,20,FALLECIDO,HOMBRE,CICLISTA,49,LESIONADO,HOMBRE,CICLISTA
2020-12-21 00:46:52,-4.033913,-79.197692,Av. Orillas del Zamora,SOLO_DANOS,Volcamiento,Imprudencia del conductor,,,,,,,,,,,,
2020-08-24 23:45:31,-3.989005,-79.197397,Calle Ramon Borrero,CON_LESIONADOS,Volcamiento,Fatiga del conductor,26,LESIONADO,MUJER,SCOOTER,5,LESIONADO,MUJER,CICLISTA,,,,
2020-06-19 07:48:36,-4.022533,-79.181920,Calle Quito,CON_LESIONADOS,Volcamiento,Exceso de velocidad,41,LESIONADO,MUJER,MOTOCICLETA,18,LESIONADO,MUJER,PEATON,13,LESIONADO,NO_REGISTRA,SCOOTER
2020-01-27 19:16:27,-4.027196,-79.191507,Av. Rosa Hermosa,SOLO_DANOS,Volcamiento,Via resbaladiza o mojada,,,,,,,,,,,,
2020-09-04 03:31:14,-4.018908,-79.220727,Av. Metropolitana,CON_FALLECIDOS,Colision Multiple,Via resbaladiza o mojada,40,FALLECIDO,NO_REGISTRA,SCOOTER,23,FALLECIDO,MUJER,VEH_LIVIANO,25,LESIONADO,MUJER,SCOOTER
2020-12-02 18:20:52,-4.007135,-79.220637,Av. 8 de Diciembre,SOLO_DANOS,Choque Vehicular,Imprudencia del conductor,,,,,,,,,,,,
2020-02-09 20:54:18,-4.018648,-79.209827,Av. 8 de Diciembre,SOLO_DANOS,Caida,Exceso de velocidad,,,,,,,,,,,,
2020-04-24 16:13:11,-4.031553,-79.230211,Calle Rocafuerte,CON_FALLECIDOS,Incendio,Visibilidad reducida,53,FALLECIDO,HOMBRE,OTRO,,,,,,,,
2020-04-08 01:52:06,-3.997021,-79.208753,Av. Isidro Ayora,SOLO_DANOS,Atropellamiento,Distraccion (celular/radio),,,,,,,,,,,,
2020-07-17 20:48:01,-4.031178,-79.226341,Ruta 35,CON_LESIONADOS,Volcamiento,Fatiga del conductor,70,LESIONADO,HOMBRE,VEH_LIVIANO,51,LESIONADO,HOMBRE,PEATON,34,LESIONADO,NO_REGISTRA,VEH_LIVIANO
2020-07-01 15:11:44,-3.980250,-79.217966,Av. 8 de Diciembre,CON_LESIONADOS,Accidente Laboral,Falla mecanica,21,LESIONADO,MUJER,OTRO,22,LESIONADO,MUJER,OTRO,,,,
2020-01-24 14:43:22,-3.996986,-79.205143,Av. Orillas del Zamora,CON_FALLECIDOS,Choque Vehicular,Factores externos,83,FALLECIDO,MUJER,SCOOTER,63,FALLECIDO,MUJER,MOTOCICLETA,20,LESIONADO,MUJER,OTRO
2020-01-23 14:11:47,-3.991869,-79.182521,Av. Cuxibamba,CON_FALLECIDOS,Volcamiento,Distraccion (celular/radio),39,FALLECIDO,MUJER,VEH_LIVIANO,27,LESIONADO,HOMBRE,SCOOTER,12,LESIONADO,NO_REGISTRA,OTRO
2020-10-21 15:47:49,-4.035317,-79.181620,Av. Rosa Hermosa,CON_FALLECIDOS,Colision Multiple,Estado de embriaguez,81,FALLECIDO,MUJER,CICLISTA,79,LESIONADO,MUJER,MOTOCICLETA,,,,
2020-03-13 11:26:41,-4.008243,-79.219859,Ruta 35,SOLO_DANOS,Incendio,Mal estado de la via,,,,,,,,,,,,
2020-06-01 16:57:18,-3.980712,-79.174833,Via Loja - Catamayo,SOLO_DANOS,Incendio,Visibilidad reducida,17,LESIONADO,NO_REGISTRA,MOTOCICLETA,,,,,,,,
2020-04-20 18:58:16,-4.013068,-79.215012,Av. Isidro Ayora,CON_FALLECIDOS,Colision Multiple,Inobservancia de senales,35,FALLECIDO,NO_REGISTRA,MOTOCICLETA,71,FALLECIDO,MUJER,MOTOCICLETA,10,LESIONADO,HOMBRE,VEH_LIVIANO
2020-03-25 13:23:05,-4.035672,-79.190462,Ruta 35,CON_LESIONADOS,Atropellamiento,Distraccion (celular/radio),61,LESIONADO,NO_REGISTRA,VEH_LIVIANO,,,,,,,,
2020-01-08 11:42:06,-4.020605,-79.209046,Calle 18 de Noviembre,SOLO_DANOS,Atropellamiento,Equipo de seguridad deficiente,,,,,,,,,,,,
2020-08-13 06:54:00,-4.008246,-79.188461,Av. Manuel Agustin Aguirre,SOLO_DANOS,Colision Multiple,Equipo de seguridad deficiente,,,,,,,,,,,,
2020-08-20 18:48:23,-3.999445,-79.195345,Av. Cuxibamba,CON_LESIONADOS,Incendio,Imprudencia del conductor,13,LESIONADO,HOMBRE,SCOOTER,,,,,,,,
2020-07-31 14:03:42,-4.009113,-79.213870,Calle Bolivar,CON_LESIONADOS,Choque Vehicular,Mal estado de la via,40,LESIONADO,HOMBRE,CICLISTA,,,,,,,,
2020-05-12 09:27:47,-3.994567,-79.172720,Calle Colon,CON_FALLECIDOS,Atropellamiento,Visibilidad reducida,65,FALLECIDO,HOMBRE,PEATON,49,LESIONADO,HOMBRE,CICLISTA,,,,
2020-01-28 21:12:18,-3.985497,-79.197151,Calle Imbabura,CON_LESIONADOS,Volcamiento,Estado de embriaguez,49,LESIONADO,HOMBRE,CICLISTA,76,LESIONADO,HOMBRE,MOTOCICLETA,,,,
2020-10-21 05:40:28,-3.980305,-79.177756,Av. Reinaldo Espinosa,SOLO_DANOS,Accidente Laboral,Equipo de seguridad deficiente,40,LESIONADO,HOMBRE,OTRO,,,,,,,,
2020-08-07 00:55:27,-4.023182,-79.220548,Calle Montufar,SOLO_DANOS,Choque Vehicular,Estado de embriaguez,,,,,,,,,,,,
2020-01-28 01:20:18,-4.027009,-79.180861,Calle Ramon Borrero,CON_LESIONADOS,Choque Vehicular,Distraccion (celular/radio),47,LESIONADO,MUJER,PEATON,55,LESIONADO,MUJER,CICLISTA,58,LESIONADO,HOMBRE,CICLISTA
2020-07-13 18:04:06,-3.980303,-79.178838,Calle Miguel Riofrio,CON_FALLECIDOS,Incendio,Estado de embriaguez,23,FALLECIDO,MUJER,OTRO,64,FALLECIDO,MUJER,OTRO,27,LESIONADO,NO_REGISTRA,OTRO
2020-10-09 09:39:05,-3.978567,-79.214592,Calle Ramon Borrero,CON_LESIONADOS,Volcamiento,Fatiga del conductor,24,LESIONADO,MUJER,VEH_LIVIANO,76,LESIONADO,NO_REGISTRA,SCOOTER,,,,
2020-03-10 09:27:55,-4.011585,-79.192881,Av. Cuxibamba,CON_LESIONADOS,Choque Vehicular,Factores externos,69,LESIONADO,MUJER,OTRO,42,LESIONADO,MUJER,SCOOTER,18,LESIONADO,NO_REGISTRA,VEH_LIVIANO
2020-06-08 23:12:33,-4.029214,-79.175837,Calle Miguel Riofrio,CON_LESIONADOS,Choque Vehicular,Falla mecanica,74,LESIONADO,MUJER,VEH_LIVIANO,56,LESIONADO,MUJER,OTRO,,,,
2020-06-25 00:28:27,-4.004439,-79.213301,Calle Rocafuerte,CON_FALLECIDOS,Caida,Estado de embriaguez,47,FALLECIDO,NO_REGISTRA,SCOOTER,30,FALLECIDO,NO_REGISTRA,VEH_LIVIANO,20,LESIONADO,HOMBRE,MOTOCICLETA
2020-12-05 19:48:40,-4.034961,-79.226124,Calle Mercadillo,CON_FALLECIDOS,Choque Vehicular,Factores externos,65,FALLECIDO,MUJER,MOTOCICLETA,46,FALLECIDO,HOMBRE,MOTOCICLETA,34,LESIONADO,MUJER,SCOOTER
2020-04-23 23:39:56,-3.993305,-79.226081,Calle 10 de Agosto,CON_FALLECIDOS,Colision Multiple,Exceso de velocidad,21,FALLECIDO,MUJER,VEH_LIVIANO,47,LESIONADO,NO_REGISTRA,PEATON,32,LESIONADO,HOMBRE,MOTOCICLETA
2020-08-01 17:32:41,-4.003892,-79.193395,Calle Montufar,SOLO_DANOS,Incendio,Factores externos,,,,,,,,,,,,
2020-08-20 09:08:18,-4.020033,-79.189743,Calle Sucre,CON_LESIONADOS,Caida,Estado de embriaguez,72,LESIONADO,NO_REGISTRA,PEATON,,,,,,,,
2020-11-12 10:34:55,-3.989853,-79.210299,Av. 8 de Diciembre,CON_LESIONADOS,Colision Multiple,Mal estado de la via,20,LESIONADO,MUJER,MOTOCICLETA,21,LESIONADO,HOMBRE,SCOOTER,,,,
2020-11-01 17:55:03,-4.016047,-79.191975,Calle 18 de Noviembre,CON_FALLECIDOS,Accidente Laboral,Imprudencia del conductor,51,FALLECIDO,HOMBRE,MOTOCICLETA,,,,,,,,
2020-11-19 00:51:10,-4.004247,-79.215288,Calle Ramon Borrero,CON_FALLECIDOS,Caida,Fatiga del conductor,70,FALLECIDO,HOMBRE,VEH_LIVIANO,41,FALLECIDO,HOMBRE,CICLISTA,49,LESIONADO,NO_REGISTRA,VEH_LIVIANO
2020-06-02 18:31:44,-3.983626,-79.206131,Ruta 35,SOLO_DANOS,Caida,Visibilidad reducida,,,,,,,,,,,,
2020-02-02 02:05:35,-4.018993,-79.182601,Av. 8 de Diciembre,SOLO_DANOS,Incendio,Visibilidad reducida,,,,,,,,,,,,
2020-10-11 06:31:40,-4.024650,-79.211148,Calle Montufar,CON_FALLECIDOS,Incendio,Exceso de velocidad,61,FALLECIDO,NO_REGISTRA,VEH_LIVIANO,85,FALLECIDO,MUJER,OTRO,,,,
2020-09-23 10:27:35,-4.017602,-79.226235,Calle 10 de Agosto,SOLO_DANOS,Incendio,Mal estado de la via,,,,,,,,,,,,
2020-01-20 19:54:49,-4.002896,-79.211840,Av. Gran Colombia,SOLO_DANOS,Accidente Laboral,Via resbaladiza o mojada,,,,,,,,,,,,