fecha_hora,latitud,longitud,via,grado_severidad,tipo_siniestro,causa_probable,victima1_edad,victima1_condicion,victima1_sexo,victima1_actor_vial,victima2_edad,victima2_condicion,victima2_sexo,victima2_actor_vial,victima3_edad,victima3_condicion,victima3_sexo,victima3_actor_vial
2020-11-02 14:45:24,-3.989763,-79.188152,Av. Metropolitana,CON_LESIONADOS,Volcamiento,Visibilidad reducida,51,LESIONADO,HOMBRE,CICLISTA,80,LESIONADO,MUJER,CICLISTA,21,LESIONADO,MUJER,PEATON
2020-06-30 13:19:26,-3.979266,-79.172805,Calle 10 de Agosto,CON_FALLECIDOS,Atropellamiento,Mal estado de la via,72,FALLECIDO,HOMBRE,VEH_LIVIANO,58,FALLECIDO,MUJER,SCOOTER,5,LESIONADO,MUJER,MOTOCICLETA
2020-03-08 18:22:12,-3.999455,-79.177113,Calle Montufar,CON_LESIONADOS,Volcamiento,Imprudencia del conductor,33,LESIONADO,NO_REGISTRA,PEATON,43,LESIONADO,MUJER,MOTOCICLETA,,,,
2020-11-01 18:26:26,-3.983888,-79.177620,Via Loja - Zamora,CON_LESIONADOS,Atropellamiento,Estado de embriaguez,6,LESIONADO,NO_REGISTRA,CICLISTA,,,,,,,,
2020-08-15 06:32:06,-4.012413,-79.221321,Calle Montufar,SOLO_DANOS,Caida,Distraccion (celular/radio),,,,,,,,,,,,
2020-09-30 04:02:34,-3.980435,-79.203426,Calle Colon,CON_FALLECIDOS,Accidente Laboral,Visibilidad reducida,68,FALLECIDO,NO_REGISTRA,OTRO,,,,,,,,
2020-08-26 10:06:18,-4.027319,-79.188831,Via Loja - Zamora,SOLO_DANOS,Incendio,Mal estado de la via,,,,,,,,,,,,
2020-02-20 05:03:47,-3.993784,-79.182458,Av. Orillas del Zamora,CON_FALLECIDOS,Colision Multiple,Fatiga del conductor,68,FALLECIDO,MUJER,OTRO,46,FALLECIDO,HOMBRE,PEATON,,,,
2020-07-18 08:11:13,-3.984875,-79.213611,Calle Saraguro,CON_LESIONADOS,Accidente Laboral,Imprudencia del conductor,37,LESIONADO,NO_REGISTRA,VEH_LIVIANO,26,LESIONADO,MUJER,OTRO,,,,
2020-05-14 06:28:19,-4.029874,-79.192301,Av. Reinaldo Espinosa,SOLO_DANOS,Atropellamiento,Fatiga del conductor,70,LESIONADO,MUJER,CICLISTA,,,,,,,,
2020-01-27 17:35:22,-3.980955,-79.228149,Av. Manuel Agustin Aguirre,CON_FALLECIDOS,Atropellamiento,Fatiga del conductor,32,FALLECIDO,MUJER,SCOOTER,,,,,,,,
2020-02-09 19:11:46,-4.005725,-79.203526,Calle Ramon Borrero,CON_FALLECIDOS,Colision Multiple,Exceso de velocidad,66,FALLECIDO,HOMBRE,MOTOCICLETA,21,FALLECIDO,MUJER,CICLISTA,41,LESIONADO,HOMBRE,CICLISTA
2020-07-13 15:31:45,-4.026528,-79.214497,Via Loja - Zamora,CON_LESIONADOS,Caida,Distraccion (celular/radio),33,LESIONADO,MUJER,OTRO,,,,,,,,
2020-04-24 12:13:21,-4.034913,-79.183523,Calle Bolivar,SOLO_DANOS,Choque Vehicular,Mal estado de la via,78,LESIONADO,NO_REGISTRA,SCOOTER,,,,,,,,
2020-09-10 18:15:42,-4.013570,-79.209514,Av. Gran Colombia,SOLO_DANOS,Accidente Laboral,Imprudencia del conductor,,,,,,,,,,,,
2020-02-05 00:33:15,-4.010134,-79.180745,Via Loja - Zamora,CON_LESIONADOS,Accidente Laboral,Factores externos,60,LESIONADO,NO_REGISTRA,CICLISTA,,,,,,,,
2020-09-10 12:27:49,-3.998321,-79.220445,Calle Montufar,SOLO_DANOS,Accidente Laboral,Mal estado de la via,,,,,,,,,,,,
2020-12-10 05:25:16,-4.003827,-79.200510,Calle Bolivar,CON_LESIONADOS,Choque Vehicular,Inobservancia de senales,59,LESIONADO,NO_REGISTRA,SCOOTER,71,LESIONADO,NO_REGISTRA,CICLISTA,10,LESIONADO,NO_REGISTRA,OTRO
2020-06-19 23:23:04,-4.030722,-79.172789,Av. Manuel Agustin Aguirre,SOLO_DANOS,Colision Multiple,Falla mecanica,,,,,,,,,,,,
2020-03-04 17:31:02,-4.022332,-79.208963,Calle Quito,CON_FALLECIDOS,Incendio,Fatiga del conductor,25,FALLECIDO,MUJER,CICLISTA,34,FALLECIDO,MUJER,OTRO,23,LESIONADO,MUJER,MOTOCICLETA
2020-01-14 12:10:43,-3.982778,-79.203207,Calle Colon,CON_LESIONADOS,Accidente Laboral,Equipo de seguridad deficiente,22,LESIONADO,MUJER,CICLISTA,44,LESIONADO,NO_REGISTRA,OTRO,59,LESIONADO,HOMBRE,PEATON
2020-09-04 01:30:29,-4.001332,-79.185402,Av. 8 de Diciembre,SOLO_DANOS,Colision Multiple,Fatiga del conductor,,,,,,,,,,,,
2020-11-24 18:03:27,-3.978571,-79.177361,Av. Rosa Hermosa,CON_FALLECIDOS,Atropellamiento,Distraccion (celular/radio),39,FALLECIDO,HOMBRE,SCOOTER,5,LESIONADO,HOMBRE,PEATON,78,LESIONADO,MUJER,PEATON
2020-01-09 11:00:04,-4.018276,-79.220604,Calle 10 de Agosto,CON_LESIONADOS,Choque Vehicular,Visibilidad reducida,22,LESIONADO,HOMBRE,CICLISTA,,,,,,,,
2020-06-16 22:47:23,-4.019319,-79.173654,Av. Cuxibamba,CON_LESIONADOS,Colision Multiple,Imprudencia del conductor,56,LESIONADO,HOMBRE,CICLISTA,6,LESIONADO,NO_REGISTRA,OTRO,18,LESIONADO,HOMBRE,CICLISTA
2020-01-02 03:44:18,-3.988731,-79.210223,Av. Reinaldo Espinosa,CON_FALLECIDOS,Incendio,Distraccion (celular/radio),68,FALLECIDO,MUJER,OTRO,,,,,,,,
2020-03-08 22:03:43,-4.016852,-79.201534,Calle Miguel Riofrio,SOLO_DANOS,Caida,Fatiga del conductor,,,,,,,,,,,,
2020-01-20 04:12:18,-3.988505,-79.225324,Calle Sucre,CON_LESIONADOS,Accidente Laboral,Fatiga del conductor,28,LESIONADO,NO_REGISTRA,OTRO,,,,,,,,
2020-11-09 05:43:57,-4.029947,-79.230639,Av. Cuxibamba,SOLO_DANOS,Choque Vehicular,Via resbaladiza o mojada,,,,,,,,,,,,
2020-12-04 14:34:15,-4.035331,-79.200537,Av. 8 de Diciembre,SOLO_DANOS,Accidente Laboral,Via resbaladiza o mojada,,,,,,,,,,,,
2020-03-22 15:35:51,-3.999018,-79.214009,Calle Imbabura,CON_FALLECIDOS,Colision Multiple,Equipo de seguridad deficiente,76,FALLECIDO,MUJER,OTRO,,,,,,,,
2020-03-09 03:28:12,-3.986366,-79.207631,Calle 18 de Noviembre,SOLO_DANOS,Accidente Laboral,Mal estado de la via,,,,,,,,,,,,
2020-05-14 20:01:49,-4.006354,-79.187582,Via Loja - Catamayo,CON_LESIONADOS,Atropellamiento,Via resbaladiza o mojada,11,LESIONADO,HOMBRE,VEH_LIVIANO,,,,,,,,
2020-09-17 00:55:29,-3.991200,-79.218494,Av. Cuxibamba,CON_LESIONADOS,Atropellamiento,Exceso de velocidad,63,LESIONADO,MUJER,VEH_LIVIANO,80,LESIONADO,MUJER,MOTOCICLETA,79,LESIONADO,NO_REGISTRA,OTRO
2020-06-24 01:29:23,-3.990487,-79.171726,Av. Reinaldo Espinosa,CON_LESIONADOS,Choque Vehicular,Fatiga del conductor,47,LESIONADO,NO_REGISTRA,SCOOTER,,,,,,,,
2020-04-04 01:26:47,-3.977920,-79.209394,Calle Bolivar,CON_FALLECIDOS,Caida,Exceso de velocidad,54,FALLECIDO,HOMBRE,MOTOCICLETA,,,,,,,,
2020-08-27 09:54:54,-4.035282,-79.192048,Calle Ramon Borrero,SOLO_DANOS,Incendio,Via resbaladiza o mojada,,,,,,,,,,,,
2020-02-26 03:28:09,-4.014487,-79.184111,Calle Ramon Borrero,CON_LESIONADOS,Choque Vehicular,Via resbaladiza o mojada,15,LESIONADO,NO_REGISTRA,OTRO,,,,,,,,
2020-07-01 11:06:31,-4.017721,-79.189392,Calle Colon,CON_LESIONADOS,Volcamiento,Fatiga del conductor,24,LESIONADO,HOMBRE,VEH_LIVIANO,,,,,,,,
2020-08-18 02:38:43,-3.989902,-79.230578,Av. Manuel Agustin Aguirre,SOLO_DANOS,Atropellamiento,Inobservancia de senales,,,,,,,,,,,,
2020-01-06 23:54:27,-4.017513,-79.173979,Av. Universitaria,CON_FALLECIDOS,Choque Vehicular,Equipo de seguridad deficiente,23,FALLECIDO,HOMBRE,VEH_LIVIANO,25,FALLECIDO,NO_REGISTRA,SCOOTER,7,LESIONADO,HOMBRE,SCOOTER
2020-02-23 07:05:20,-4.029336,-79.220180,Calle Imbabura,SOLO_DANOS,Choque Vehicular,Distraccion (celular/radio),,,,,,,,,,,,
2020-12-18 22:36:04,-4.011065,-79.174191,Calle Colon,CON_LESIONADOS,Caida,Mal estado de la via,33,LESIONADO,NO_REGISTRA,CICLISTA,,,,,,,,
2020-07-08 08:27:52,-4.033777,-79.218789,Av. Reinaldo Espinosa,CON_LESIONADOS,Choque Vehicular,Via resbaladiza o mojada,72,LESIONADO,NO_REGISTRA,VEH_LIVIANO,59,LESIONADO,HOMBRE,OTRO,,,,
2020-09-29 22:38:10,-3.990172,-79.193518,Calle Azogues,CON_FALLECIDOS,Incendio,Factores externos,21,FALLECIDO,NO_REGISTRA,CICLISTA,59,LESIONADO,MUJER,PEATON,30,LESIONADO,MUJER,SCOOTER
2020-05-29 04:20:54,-4.008483,-79.213647,Av. Universitaria,CON_FALLECIDOS,Caida,Fatiga del conductor,69,FALLECIDO,HOMBRE,MOTOCICLETA,61,FALLECIDO,MUJER,OTRO,,,,
2020-10-29 23:28:39,-4.024072,-79.218035,Av. Metropolitana,CON_LESIONADOS,Atropellamiento,Factores externos,40,LESIONADO,MUJER,SCOOTER,,,,,,,,
2020-10-23 20:31:21,-3.991881,-79.225981,Av. Gran Colombia,CON_FALLECIDOS,Caida,Via resbaladiza o mojada,69,FALLECIDO,HOMBRE,OTRO,,,,,,,,
2020-09-28 06:53:07,-4.015519,-79.171523,Calle Quito,SOLO_DANOS,Choque Vehicular,Exceso de velocidad,17,LESIONADO,MUJER,VEH_LIVIANO,,,,,,,,
2020-07-13 02:45:47,-3.997228,-79.215869,Calle Ramon Borrero,SOLO_DANOS,Choque Vehicular,Via resbaladiza o mojada,,,,,,,,,,,,
2020-04-19 00:16:28,-3.980599,-79.200005,Calle Rocafuerte,SOLO_DANOS,Atropellamiento,Fatiga del conductor,31,LESIONADO,HOMBRE,CICLISTA,,,,,,,,
2020-01-23 01:20:15,-3.989732,-79.222551,Calle Colon,CON_FALLECIDOS,Colision Multiple,Estado de embriaguez,21,FALLECIDO,NO_REGISTRA,SCOOTER,73,FALLECIDO,HOMBRE,SCOOTER,10,LESIONADO,NO_REGISTRA,OTRO
2020-06-22 11:32:30,-4.018031,-79.191118,Calle Mercadillo,SOLO_DANOS,Incendio,Visibilidad reducida,,,,,,,,,,,,
2020-09-01 00:43:44,-3.992468,-79.226448,Calle Montufar,SOLO_DANOS,Atropellamiento,Distraccion (celular/radio),,,,,,,,,,,,
2020-03-13 14:27:44,-4.004388,-79.230539,Av. Rosa Hermosa,CON_LESIONADOS,Caida,Via resbaladiza o mojada,55,LESIONADO,NO_REGISTRA,SCOOTER,51,LESIONADO,NO_REGISTRA,MOTOCICLETA,,,,
2020-03-14 02:33:20,-4.022598,-79.183714,Calle 10 de Agosto,CON_FALLECIDOS,Incendio,Mal estado de la via,55,FALLECIDO,HOMBRE,OTRO,72,LESIONADO,HOMBRE,CICLISTA,,,,
2020-01-11 14:23:58,-3.990756,-79.198721,Av. 8 de Diciembre,SOLO_DANOS,Atropellamiento,Fatiga del conductor,,,,,,,,,,,,
2020-09-02 09:20:53,-4.018199,-79.212235,Calle Bolivar,SOLO_DANOS,Atropellamiento,Imprudencia del conductor,70,LESIONADO,NO_REGISTRA,MOTOCICLETA,,,,,,,,
2020-08-25 19:01:54,-3.998281,-79.213332,Av. Reinaldo Espinosa,SOLO_DANOS,Atropellamiento,Estado de embriaguez,,,,,,,,,,,,
2020-10-10 06:49:18,-4.017268,-79.179001,Calle Mercadillo,CON_LESIONADOS,Choque Vehicular,Falla mecanica,46,LESIONADO,NO_REGISTRA,SCOOTER,,,,,,,,
2020-05-08 08:54:52,-3.977096,-79.198119,Av. Pio Jaramillo,SOLO_DANOS,Volcamiento,Inobservancia de senales,,,,,,,,,,,,
2020-04-05 09:55:55,-4.022641,-79.189281,Av. Universitaria,SOLO_DANOS,Choque Vehicular,Fatiga del conductor,,,,,,,,,,,,
2020-03-21 18:39:13,-4.017603,-79.192107,Calle Azogues,SOLO_DANOS,Caida,Distraccion (celular/radio),,,,,,,,,,,,
2020-06-30 21:37:29,-3.982121,-79.221046,Calle Sucre,CON_FALLECIDOS,Atropellamiento,Inobservancia de senales,36,FALLECIDO,MUJER,OTRO,,,,,,,,
2020-05-15 11:54:42,-4.021532,-79.188740,Av. Isidro Ayora,SOLO_DANOS,Atropellamiento,Exceso de velocidad,,,,,,,,,,,,
2020-12-01 11:09:04,-4.000736,-79.194795,Av. Pio Jaramillo,SOLO_DANOS,Volcamiento,Exceso de velocidad,,,,,,,,,,,,
2020-06-28 17:13:12,-3.981883,-79.203090,Calle 18 de Noviembre,CON_FALLECIDOS,Incendio,Distraccion (celular/radio),75,FALLECIDO,MUJER,VEH_LIVIANO,49,FALLECIDO,HOMBRE,CICLISTA,,,,
2020-01-09 12:38:25,-4.010494,-79.189422,Av. Metropolitana,CON_LESIONADOS,Accidente Laboral,Imprudencia del conductor,34,LESIONADO,HOMBRE,SCOOTER,19,LESIONADO,NO_REGISTRA,PEATON,,,,
2020-03-01 20:57:43,-4.005361,-79.215496,Calle Sucre,CON_LESIONADOS,Incendio,Estado de embriaguez,43,LESIONADO,HOMBRE,SCOOTER,,,,,,,,
2020-02-18 00:47:50,-3.993679,-79.176837,Av. Pio Jaramillo,SOLO_DANOS,Atropellamiento,Imprudencia del conductor,,,,,,,,,,,,
2020-07-07 19:43:03,-4.026166,-79.185401,Av. Universitaria,CON_FALLECIDOS,Colision Multiple,Estado de embriaguez,85,FALLECIDO,MUJER,PEATON,49,LESIONADO,NO_REGISTRA,PEATON,45,LESIONADO,HOMBRE,SCOOTER
2020-09-24 21:34:44,-4.002608,-79.224413,Calle 10 de Agosto,CON_FALLECIDOS,Volcamiento,Factores externos,73,FALLECIDO,NO_REGISTRA,OTRO,34,FALLECIDO,NO_REGISTRA,MOTOCICLETA,12,LESIONADO,HOMBRE,CICLISTA
2020-05-22 11:39:22,-4.028059,-79.209490,Av. Universitaria,CON_FALLECIDOS,Colision Multiple,Exceso de velocidad,36,FALLECIDO,HOMBRE,PEATON,28,LESIONADO,NO_REGISTRA,CICLISTA,,,,
2020-05-02 16:59:03,-3.990190,-79.176507,Av. Gran Colombia,CON_LESIONADOS,Choque Vehicular,Exceso de velocidad,13,LESIONADO,MUJER,OTRO,,,,,,,,
2020-03-05 19:03:34,-3.991821,-79.187157,Calle Mercadillo,SOLO_DANOS,Caida,Mal estado de la via,,,,,,,,,,,,
2020-08-18 23:55:20,-3.996421,-79.200622,Av. Universitaria,SOLO_DANOS,Caida,Falla mecanica,,,,,,,,,,,,
2020-03-08 08:12:58,-4.034618,-79.200891,Calle Montufar,CON_FALLECIDOS,Choque Vehicular,Visibilidad reducida,44,FALLECIDO,MUJER,VEH_LIVIANO,,,,,,,,
2020-07-12 02:18:23,-4.001213,-79.230811,Av. Orillas del Zamora,CON_LESIONADOS,Incendio,Imprudencia del conductor,26,LESIONADO,MUJER,PEATON,21,LESIONADO,NO_REGISTRA,VEH_LIVIANO,,,,
2020-01-18 11:06:07,-3.992550,-79.226750,Av. Universitaria,SOLO_DANOS,Atropellamiento,Visibilidad reducida,,,,,,,,,,,,
2020-12-03 08:53:10,-4.032352,-79.224430,Av. Universitaria,CON_FALLECIDOS,Choque Vehicular,Via resbaladiza o mojada,19,FALLECIDO,NO_REGISTRA,PEATON,67,FALLECIDO,HOMBRE,OTRO,58,LESIONADO,NO_REGISTRA,OTRO
2020-05-25 12:24:39,-3.991227,-79.213200,Av. 8 de Diciembre,CON_FALLECIDOS,Atropellamiento,Falla mecanica,77,FALLECIDO,NO_REGISTRA,VEH_LIVIANO,47,FALLECIDO,NO_REGISTRA,CICLISTA,15,LESIONADO,MUJER,OTRO
2020-03-31 12:45:22,-4.020813,-79.196767,Calle Montufar,SOLO_DANOS,Accidente Laboral,Equipo de seguridad deficiente,,,,,,,,,,,,
2020-02-01 18:15:30,-4.006966,-79.186062,Av. Isidro Ayora,CON_LESIONADOS,Choque Vehicular,Via resbaladiza o mojada,31,LESIONADO,NO_REGISTRA,PEATON,,,,,,,,
2020-06-04 10:54:46,-4.004783,-79.179957,Calle Rocafuerte,SOLO_DANOS,Caida,Fatiga del conductor,,,,,,,,,,,,
2020-07-03 10:19:53,-4.017394,-79.217186,Av. Gran Colombia,SOLO_DANOS,Atropellamiento,Via resbaladiza o mojada,,,,,,,,,,,,
2020-06-07 14:42:58,-4.036588,-79.186245,Av. Rosa Hermosa,CON_FALLECIDOS,Incendio,Equipo de seguridad deficiente,69,FALLECIDO,MUJER,OTRO,53,FALLECIDO,HOMBRE,PEATON,,,,
2020-12-29 18:23:26,-3.992920,-79.199560,Via Loja - Zamora,CON_FALLECIDOS,Colision Multiple,Mal estado de la via,43,FALLECIDO,NO_REGISTRA,VEH_LIVIANO,,,,,,,,
2020-12-28 15:13:04,-3.984304,-79.178349,Calle Quito,SOLO_DANOS,Accidente Laboral,Factores externos,,,,,,,,,,,,
2020-11-23 15:42:03,-4.002527,-79.177760,Av. Manuel Agustin Aguirre,CON_FALLECIDOS,Caida,Equipo de seguridad deficiente,40,FALLECIDO,NO_REGISTRA,OTRO,32,LESIONADO,MUJER,SCOOTER,62,LESIONADO,HOMBRE,VEH_LIVIANO
2020-03-14 19:25:02,-4.001963,-79.209577,Av. Pio Jaramillo,SOLO_DANOS,Volcamiento,Factores externos,,,,,,,,,,,,
2020-04-20 07:40:33,-3.983041,-79.187998,Av. Isidro Ayora,CON_LESIONADOS,Colision Multiple,Equipo de seguridad deficiente,48,LESIONADO,MUJER,OTRO,,,,,,,,
2020-05-04 09:13:27,-4.034036,-79.211917,Av. Pio Jaramillo,CON_LESIONADOS,Accidente Laboral,Exceso de velocidad,61,LESIONADO,HOMBRE,MOTOCICLETA,,,,,,,,
2020-07-12 00:20:43,-4.025140,-79.211156,Calle Bolivar,SOLO_DANOS,Atropellamiento,Inobservancia de senales,,,,,,,,,,,,
2020-11-11 18:58:38,-4.009300,-79.178554,Calle Mercadillo,SOLO_DANOS,Volcamiento,Distraccion (celular/radio),,,,,,,,,,,,
2020-03-15 14:20:47,-3.987756,-79.182769,Calle Quito,SOLO_DANOS,Caida,Distraccion (celular/radio),,,,,,,,,,,,
2020-12-20 13:59:54,-4.000011,-79.213687,Calle Colon,CON_LESIONADOS,Incendio,Inobservancia de senales,75,LESIONADO,HOMBRE,MOTOCICLETA,19,LESIONADO,MUJER,VEH_LIVIANO,,,,
2020-03-15 21:52:11,-3.994981,-79.206424,Calle Bolivar,CON_LESIONADOS,Volcamiento,Inobservancia de senales,37,LESIONADO,HOMBRE,OTRO,49,LESIONADO,NO_REGISTRA,PEATON,13,LESIONADO,MUJER,OTRO
2020-10-08 19:35:49,-4.015467,-79.221716,Av. Universitaria,CON_FALLECIDOS,Colision Multiple,Factores externos,36,FALLECIDO,HOMBRE,CICLISTA,81,FALLECIDO,MUJER,MOTOCICLETA,62,LESIONADO,MUJER,VEH_LIVIANO
2020-08-19 03:05:29,-4.005039,-79.211372,Av. Rosa Hermosa,CON_FALLECIDOS,Volcamiento,Falla mecanica,74,FALLECIDO,HOMBRE,SCOOTER,45,FALLECIDO,HOMBRE,VEH_LIVIANO,,,,
2020-12-14 19:47:55,-3.987866,-79.195882,Calle Miguel Riofrio,SOLO_DANOS,Accidente Laboral,Equipo de seguridad deficiente,,,,,,,,,,,,
2020-06-15 17:35:35,-3.994548,-79.173687,Calle Imbabura,CON_LESIONADOS,Choque Vehicular,Visibilidad reducida,31,LESIONADO,MUJER,MOTOCICLETA,23,LESIONADO,MUJER,PEATON,62,LESIONADO,MUJER,VEH_LIVIANO
2020-06-20 22:52:52,-3.989267,-79.198995,Av. Pio Jaramillo,SOLO_DANOS,Incendio,Inobservancia de senales,,,,,,,,,,,,
2020-08-11 16:42:44,-4.023195,-79.205651,Calle 18 de Noviembre,SOLO_DANOS,Caida,Distraccion (celular/radio),,,,,,,,,,,,
2020-09-18 03:24:52,-4.004880,-79.202080,Av. Cuxibamba,SOLO_DANOS,Incendio,Equipo de seguridad deficiente,,,,,,,,,,,,
2020-08-07 09:27:59,-3.986378,-79.218129,Av. Cuxibamba,CON_FALLECIDOS,Caida,Fatiga del conductor,23,FALLECIDO,HOMBRE,CICLISTA,79,FALLECIDO,MUJER,PEATON,33,LESIONADO,MUJER,VEH_LIVIANO
2020-02-27 17:58:54,-4.002696,-79.200875,Calle Azogues,SOLO_DANOS,Atropellamiento,Inobservancia de senales,,,,,,,,,,,,
2020-11-02 16:59:54,-3.984996,-79.230030,Via Loja - Zamora,CON_LESIONADOS,Accidente Laboral,Imprudencia del conductor,23,LESIONADO,HOMBRE,PEATON,26,LESIONADO,MUJER,SCOOTER,,,,
2020-09-29 06:39:01,-4.015649,-79.174718,Av. 8 de Diciembre,CON_LESIONADOS,Accidente Laboral,Inobservancia de senales,48,LESIONADO,HOMBRE,MOTOCICLETA,8,LESIONADO,NO_REGISTRA,CICLISTA,,,,
2020-05-03 14:11:20,-3.983209,-79.226974,Calle Mercadillo,CON_FALLECIDOS,Choque Vehicular,Fatiga del conductor,28,FALLECIDO,NO_REGISTRA,VEH_LIVIANO,33,FALLECIDO,HOMBRE,VEH_LIVIANO,23,LESIONADO,HOMBRE,VEH_LIVIANO
2020-10-10 22:51:26,-4.031966,-79.229031,Calle 10 de Agosto,CON_FALLECIDOS,Accidente Laboral,Mal estado de la via,57,FALLECIDO,MUJER,VEH_LIVIANO,79,LESIONADO,HOMBRE,SCOOTER,,,,
2020-02-12 17:23:09,-4.009898,-79.199039,Via Loja - Zamora,CON_FALLECIDOS,Caida,Inobservancia de senales,31,FALLECIDO,HOMBRE,MOTOCICLETA,81,FALLECIDO,MUJER,MOTOCICLETA,29,LESIONADO,MUJER,SCOOTER
2020-01-31 17:50:47,-4.029647,-79.212650,Calle Sucre,CON_LESIONADOS,Atropellamiento,Mal estado de la via,18,LESIONADO,HOMBRE,OTRO,68,LESIONADO,HOMBRE,MOTOCICLETA,47,LESIONADO,HOMBRE,PEATON
2020-01-28 20:27:50,-3.979336,-79.192744,Ruta 35,CON_FALLECIDOS,Incendio,Equipo de seguridad deficiente,52,FALLECIDO,HOMBRE,OTRO,55,LESIONADO,NO_REGISTRA,OTRO,,,,
2020-07-03 11:15:39,-4.014681,-79.193698,Via Loja - Catamayo,CON_LESIONADOS,Incendio,Equipo de seguridad deficiente,12,LESIONADO,MUJER,PEATON,,,,,,,,
2020-02-18 00:06:44,-3.978212,-79.229304,Calle Ramon Borrero,CON_FALLECIDOS,Atropellamiento,Exceso de velocidad,70,FALLECIDO,MUJER,OTRO,43,FALLECIDO,HOMBRE,SCOOTER,14,LESIONADO,NO_REGISTRA,MOTOCICLETA
2020-02-05 12:10:27,-3.995639,-79.221342,Av. Pio Jaramillo,CON_LESIONADOS,Accidente Laboral,Distraccion (celular/radio),66,LESIONADO,NO_REGISTRA,CICLISTA,78,LESIONADO,NO_REGISTRA,SCOOTER,10,LESIONADO,NO_REGISTRA,SCOOTER
2020-12-02 02:36:39,-4.008468,-79.195397,Calle Ramon Borrero,SOLO_DANOS,Atropellamiento,Via resbaladiza o mojada,,,,,,,,,,,,
2020-10-02 09:48:51,-4.034770,-79.185812,Calle Montufar,CON_LESIONADOS,Colision Multiple,Mal estado de la via,24,LESIONADO,HOMBRE,PEATON,14,LESIONADO,NO_REGISTRA,PEATON,,,,
2020-08-21 04:39:24,-3.997672,-79.212984,Av. Orillas del Zamora,CON_FALLECIDOS,Accidente Laboral,Mal estado de la via,27,FALLECIDO,HOMBRE,MOTOCICLETA,65,FALLECIDO,HOMBRE,VEH_LIVIANO,70,LESIONADO,MUJER,VEH_LIVIANO
2020-08-30 20:33:10,-3.997165,-79.219828,Calle Sucre,CON_LESIONADOS,Accidente Laboral,Visibilidad reducida,71,LESIONADO,MUJER,MOTOCICLETA,49,LESIONADO,MUJER,CICLISTA,45,LESIONADO,NO_REGISTRA,CICLISTA
2020-01-18 05:00:07,-3.983771,-79.174660,Av. Isidro Ayora,SOLO_DANOS,Caida,Fatiga del conductor,,,,,,,,,,,,
2020-10-06 03:35:06,-3.979239,-79.187706,Calle Azogues,CON_FALLECIDOS,Volcamiento,Falla mecanica,52,FALLECIDO,NO_REGISTRA,PEATON,42,FALLECIDO,MUJER,PEATON,63,LESIONADO,NO_REGISTRA,OTRO
2020-11-28 05:38:55,-4.020137,-79.175393,Calle Quito,CON_FALLECIDOS,Atropellamiento,Visibilidad reducida,42,FALLECIDO,MUJER,PEATON,,,,,,,,
2020-04-13 15:16:35,-3.988873,-79.181472,Calle Rocafuerte,CON_FALLECIDOS,Atropellamiento,Visibilidad reducida,80,FALLECIDO,MUJER,VEH_LIVIANO,54,LESIONADO,MUJER,MOTOCICLETA,79,LESIONADO,MUJER,OTRO
2020-01-18 05:45:21,-4.035068,-79.177877,Calle Imbabura,CON_LESIONADOS,Colision Multiple,Via resbaladiza o mojada,70,LESIONADO,HOMBRE,VEH_LIVIANO,11,LESIONADO,NO_REGISTRA,SCOOTER,,,,
2020-07-17 12:22:32,-4.035514,-79.221113,Calle Montufar,CON_LESIONADOS,Colision Multiple,Imprudencia del conductor,76,LESIONADO,NO_REGISTRA,SCOOTER,79,LESIONADO,MUJER,OTRO,,,,
2020-10-06 10:46:12,-3.991203,-79.218272,Av. 8 de Diciembre,SOLO_DANOS,Volcamiento,Distraccion (celular/radio),,,,,,,,,,,,
2020-05-02 07:34:12,-3.978666,-79.199376,Calle Imbabura,SOLO_DANOS,Incendio,Visibilidad reducida,,,,,,,,,,,,
2020-01-04 10:56:39,-4.031164,-79.212257,Av. Reinaldo Espinosa,CON_FALLECIDOS,Incendio,Equipo de seguridad deficiente,60,FALLECIDO,HOMBRE,SCOOTER,,,,,,,,
2020-12-17 08:06:17,-4.033023,-79.216674,Av. Universitaria,CON_FALLECIDOS,Caida,Fatiga del conductor,18,FALLECIDO,NO_REGISTRA,OTRO,71,FALLECIDO,MUJER,SCOOTER,,,,
2020-12-03 14:30:17,-4.001792,-79.227563,Av. Manuel Agustin Aguirre,CON_LESIONADOS,Colision Multiple,Estado de embriaguez,73,LESIONADO,NO_REGISTRA,CICLISTA,10,LESIONADO,NO_REGISTRA,VEH_LIVIANO,66,LESIONADO,MUJER,PEATON
2020-10-24 03:12:42,-4.002729,-79.200645,Calle Saraguro,CON_LESIONADOS,Incendio,Visibilidad reducida,24,LESIONADO,NO_REGISTRA,PEATON,74,LESIONADO,NO_REGISTRA,PEATON,,,,
2020-04-04 13:41:48,-3.997895,-79.204935,Calle Quito,CON_FALLECIDOS,Colision Multiple,Distraccion (celular/radio),50,FALLECIDO,MUJER,CICLISTA,,,,,,,,