fecha_hora,latitud,longitud,via,grado_severidad,tipo_siniestro,causa_probable,victima1_edad,victima1_condicion,victima1_sexo,victima1_actor_vial,victima2_edad,victima2_condicion,victima2_sexo,victima2_actor_vial,victima3_edad,victima3_condicion,victima3_sexo,victima3_actor_vial
2020-02-25 04:34:40,-3.996599,-79.171488,Calle 18 de Noviembre,CON_LESIONADOS,Colision Multiple,Factores externos,33,LESIONADO,NO_REGISTRA,SCOOTER,57,LESIONADO,HOMBRE,VEH_LIVIANO,,,,
2020-08-09 05:14:57,-4.034793,-79.193507,Calle Colon,CON_LESIONADOS,Volcamiento,Fatiga del conductor,14,LESIONADO,MUJER,CICLISTA,33,LESIONADO,HOMBRE,VEH_LIVIANO,,,,
2020-06-06 18:17:47,-4.014536,-79.200614,Calle Colon,CON_FALLECIDOS,Colision Multiple,Fatiga del conductor,64,FALLECIDO,HOMBRE,SCOOTER,,,,,,,,
2020-12-27 16:05:52,-3.997759,-79.221580,Av. Cuxibamba,CON_LESIONADOS,Accidente Laboral,Fatiga del conductor,72,LESIONADO,NO_REGISTRA,OTRO,64,LESIONADO,MUJER,PEATON,,,,
2020-06-07 15:48:17,-4.011447,-79.196037,Calle 10 de Agosto,CON_FALLECIDOS,Incendio,Via resbaladiza o mojada,50,FALLECIDO,HOMBRE,CICLISTA,33,FALLECIDO,NO_REGISTRA,CICLISTA,,,,
2020-08-11 10:50:16,-4.020124,-79.208033,Av. Rosa Hermosa,SOLO_DANOS,Colision Multiple,Inobservancia de senales,,,,,,,,,,,,
2020-11-29 21:05:48,-4.028075,-79.201045,Av. Pio Jaramillo,CON_LESIONADOS,Caida,Estado de embriaguez,60,LESIONADO,HOMBRE,PEATON,62,LESIONADO,NO_REGISTRA,OTRO,16,LESIONADO,HOMBRE,VEH_LIVIANO
2020-07-24 17:41:13,-3.988192,-79.212096,Via Loja - Zamora,CON_LESIONADOS,Caida,Factores externos,39,LESIONADO,MUJER,CICLISTA,,,,,,,,
2020-07-11 08:29:02,-4.025226,-79.228079,Calle Rocafuerte,CON_FALLECIDOS,Caida,Visibilidad reducida,21,FALLECIDO,HOMBRE,OTRO,71,FALLECIDO,NO_REGISTRA,VEH_LIVIANO,,,,
2020-02-08 06:39:17,-4.030809,-79.209571,Via Loja - Zamora,SOLO_DANOS,Incendio,Equipo de seguridad deficiente,,,,,,,,,,,,
2020-11-07 11:56:15,-3.977195,-79.200595,Calle Azogues,SOLO_DANOS,Incendio,Via resbaladiza o mojada,,,,,,,,,,,,
2020-01-12 20:13:43,-3.993721,-79.185558,Calle Azogues,CON_FALLECIDOS,Accidente Laboral,Mal estado de la via,62,FALLECIDO,MUJER,MOTOCICLETA,55,LESIONADO,MUJER,CICLISTA,,,,
2020-04-02 22:31:33,-4.016217,-79.182373,Av. Universitaria,CON_LESIONADOS,Caida,Factores externos,55,LESIONADO,MUJER,OTRO,18,LESIONADO,MUJER,PEATON,69,LESIONADO,MUJER,VEH_LIVIANO
2020-02-24 12:48:31,-4.024767,-79.188604,Via Loja - Zamora,CON_FALLECIDOS,Caida,Equipo de seguridad deficiente,41,FALLECIDO,NO_REGISTRA,OTRO,,,,,,,,
2020-04-27 08:13:17,-3.992019,-79.179554,Calle Rocafuerte,CON_FALLECIDOS,Caida,Mal estado de la via,74,FALLECIDO,HOMBRE,VEH_LIVIANO,47,FALLECIDO,HOMBRE,PEATON,55,LESIONADO,NO_REGISTRA,VEH_LIVIANO
2020-12-10 19:28:58,-3.977645,-79.229474,Av. Orillas del Zamora,CON_LESIONADOS,Atropellamiento,Distraccion (celular/radio),60,LESIONADO,MUJER,OTRO,58,LESIONADO,MUJER,VEH_LIVIANO,48,LESIONADO,MUJER,SCOOTER
2020-11-18 19:52:29,-4.012353,-79.181956,Calle 10 de Agosto,CON_LESIONADOS,Caida,Fatiga del conductor,35,LESIONADO,MUJER,PEATON,,,,,,,,
2020-02-20 15:29:43,-4.032942,-79.185628,Av. Reinaldo Espinosa,CON_LESIONADOS,Incendio,Exceso de velocidad,69,LESIONADO,HOMBRE,MOTOCICLETA,80,LESIONADO,HOMBRE,SCOOTER,,,,
2020-02-22 02:29:47,-4.033895,-79.198040,Av. Metropolitana,CON_LESIONADOS,Choque Vehicular,Visibilidad reducida,53,LESIONADO,HOMBRE,SCOOTER,,,,,,,,
2020-07-20 21:43:04,-4.010127,-79.217864,Calle Quito,CON_FALLECIDOS,Accidente Laboral,Distraccion (celular/radio),25,FALLECIDO,MUJER,OTRO,61,FALLECIDO,MUJER,PEATON,,,,
2020-12-14 13:28:41,-4.029978,-79.224597,Calle 10 de Agosto,SOLO_DANOS,Choque Vehicular,Fatiga del conductor,,,,,,,,,,,,
2020-06-12 12:09:21,-3.983957,-79.215018,Calle Saraguro,CON_FALLECIDOS,Volcamiento,Imprudencia del conductor,50,FALLECIDO,MUJER,VEH_LIVIANO,36,FALLECIDO,NO_REGISTRA,VEH_LIVIANO,,,,
2020-11-19 23:14:55,-4.006133,-79.179573,Calle Ramon Borrero,CON_FALLECIDOS,Caida,Mal estado de la via,52,FALLECIDO,HOMBRE,VEH_LIVIANO,70,FALLECIDO,NO_REGISTRA,PEATON,,,,
2020-08-24 12:14:04,-4.008688,-79.200392,Calle Azogues,CON_LESIONADOS,Incendio,Estado de embriaguez,78,LESIONADO,HOMBRE,OTRO,55,LESIONADO,NO_REGISTRA,SCOOTER,19,LESIONADO,HOMBRE,OTRO
2020-07-22 00:16:45,-4.019337,-79.216161,Calle Quito,CON_LESIONADOS,Colision Multiple,Estado de embriaguez,58,LESIONADO,MUJER,PEATON,72,LESIONADO,NO_REGISTRA,MOTOCICLETA,,,,
2020-06-10 14:23:48,-3.982549,-79.181325,Calle Bolivar,CON_LESIONADOS,Atropellamiento,Inobservancia de senales,7,LESIONADO,HOMBRE,MOTOCICLETA,77,LESIONADO,HOMBRE,MOTOCICLETA,31,LESIONADO,HOMBRE,CICLISTA
2020-12-27 01:54:37,-3.978912,-79.176738,Av. Rosa Hermosa,SOLO_DANOS,Volcamiento,Exceso de velocidad,,,,,,,,,,,,
2020-04-29 05:38:42,-4.011203,-79.217881,Av. Pio Jaramillo,CON_LESIONADOS,Caida,Distraccion (celular/radio),63,LESIONADO,NO_REGISTRA,OTRO,32,LESIONADO,NO_REGISTRA,PEATON,,,,
2020-05-10 19:40:37,-4.033612,-79.185780,Calle Colon,CON_FALLECIDOS,Incendio,Inobservancia de senales,71,FALLECIDO,HOMBRE,VEH_LIVIANO,79,FALLECIDO,HOMBRE,CICLISTA,16,LESIONADO,NO_REGISTRA,VEH_LIVIANO
2020-05-12 21:45:08,-4.013907,-79.179871,Ruta 35,SOLO_DANOS,Choque Vehicular,Equipo de seguridad deficiente,,,,,,,,,,,,
2020-02-16 01:44:39,-3.985495,-79.181314,Calle Imbabura,CON_LESIONADOS,Volcamiento,Fatiga del conductor,70,LESIONADO,MUJER,SCOOTER,41,LESIONADO,NO_REGISTRA,OTRO,27,LESIONADO,NO_REGISTRA,VEH_LIVIANO
2020-03-13 09:08:09,-4.002553,-79.185060,Av. Metropolitana,CON_FALLECIDOS,Incendio,Via resbaladiza o mojada,75,FALLECIDO,NO_REGISTRA,MOTOCICLETA,71,FALLECIDO,NO_REGISTRA,PEATON,,,,
2020-08-22 06:23:43,-3.981452,-79.226023,Av. Pio Jaramillo,CON_FALLECIDOS,Colision Multiple,Fatiga del conductor,18,FALLECIDO,MUJER,SCOOTER,32,LESIONADO,NO_REGISTRA,PEATON,,,,
2020-09-06 06:23:46,-4.023368,-79.181286,Av. Gran Colombia,CON_FALLECIDOS,Volcamiento,Imprudencia del conductor,74,FALLECIDO,NO_REGISTRA,VEH_LIVIANO,36,LESIONADO,NO_REGISTRA,OTRO,27,LESIONADO,NO_REGISTRA,SCOOTER
2020-04-21 07:01:28,-4.004327,-79.191321,Av. Metropolitana,CON_FALLECIDOS,Caida,Exceso de velocidad,27,FALLECIDO,NO_REGISTRA,MOTOCICLETA,56,LESIONADO,MUJER,SCOOTER,,,,
2020-06-20 03:22:30,-4.015232,-79.173932,Calle Rocafuerte,SOLO_DANOS,Atropellamiento,Factores externos,,,,,,,,,,,,
2020-01-17 22:57:34,-3.978809,-79.202399,Calle Ramon Borrero,SOLO_DANOS,Colision Multiple,Estado de embriaguez,,,,,,,,,,,,
2020-07-02 03:01:06,-4.034825,-79.179175,Av. 8 de Diciembre,CON_LESIONADOS,Incendio,Visibilidad reducida,44,LESIONADO,HOMBRE,MOTOCICLETA,75,LESIONADO,MUJER,MOTOCICLETA,,,,
2020-02-01 10:24:41,-4.035936,-79.215518,Av. Rosa Hermosa,SOLO_DANOS,Volcamiento,Mal estado de la via,,,,,,,,,,,,
2020-07-30 05:53:47,-3.988301,-79.177018,Ruta 35,CON_FALLECIDOS,Accidente Laboral,Factores externos,53,FALLECIDO,MUJER,CICLISTA,56,LESIONADO,HOMBRE,VEH_LIVIANO,14,LESIONADO,NO_REGISTRA,MOTOCICLETA
2020-08-08 01:53:09,-3.994964,-79.227804,Av. Rosa Hermosa,SOLO_DANOS,Atropellamiento,Visibilidad reducida,,,,,,,,,,,,
2020-03-22 14:54:37,-3.997606,-79.183600,Av. 8 de Diciembre,CON_FALLECIDOS,Atropellamiento,Visibilidad reducida,51,FALLECIDO,HOMBRE,OTRO,82,FALLECIDO,HOMBRE,MOTOCICLETA,46,LESIONADO,HOMBRE,CICLISTA
2020-12-23 13:41:22,-4.031050,-79.188789,Av. Isidro Ayora,CON_LESIONADOS,Colision Multiple,Falla mecanica,50,LESIONADO,HOMBRE,OTRO,11,LESIONADO,MUJER,CICLISTA,55,LESIONADO,HOMBRE,SCOOTER
2020-01-29 09:16:13,-3.979129,-79.207475,Calle Rocafuerte,CON_FALLECIDOS,Incendio,Estado de embriaguez,56,FALLECIDO,NO_REGISTRA,SCOOTER,68,LESIONADO,HOMBRE,MOTOCICLETA,,,,
2020-12-25 16:54:56,-3.977576,-79.212750,Av. Manuel Agustin Aguirre,CON_FALLECIDOS,Accidente Laboral,Imprudencia del conductor,80,FALLECIDO,NO_REGISTRA,CICLISTA,73,LESIONADO,MUJER,CICLISTA,,,,
2020-01-18 00:13:46,-4.036256,-79.172225,Av. Orillas del Zamora,CON_FALLECIDOS,Colision Multiple,Mal estado de la via,68,FALLECIDO,HOMBRE,VEH_LIVIANO,51,FALLECIDO,MUJER,CICLISTA,,,,
2020-09-04 07:15:04,-4.021353,-79.174470,Av. Cuxibamba,SOLO_DANOS,Atropellamiento,Imprudencia del conductor,,,,,,,,,,,,
2020-07-20 08:39:38,-4.002695,-79.181849,Via Loja - Catamayo,SOLO_DANOS,Incendio,Imprudencia del conductor,45,LESIONADO,HOMBRE,SCOOTER,,,,,,,,
2020-04-09 13:37:16,-3.988144,-79.230043,Calle Sucre,SOLO_DANOS,Atropellamiento,Distraccion (celular/radio),,,,,,,,,,,,
2020-12-21 03:22:23,-3.992294,-79.207342,Av. Cuxibamba,SOLO_DANOS,Accidente Laboral,Via resbaladiza o mojada,,,,,,,,,,,,
2020-02-20 14:58:02,-4.014211,-79.227125,Calle Bolivar,CON_FALLECIDOS,Accidente Laboral,Distraccion (celular/radio),32,FALLECIDO,HOMBRE,PEATON,49,LESIONADO,HOMBRE,PEATON,76,LESIONADO,NO_REGISTRA,MOTOCICLETA
2020-09-02 05:02:50,-4.002861,-79.210717,Calle Montufar,CON_FALLECIDOS,Atropellamiento,Imprudencia del conductor,82,FALLECIDO,MUJER,SCOOTER,48,FALLECIDO,HOMBRE,CICLISTA,,,,
2020-03-09 23:15:45,-4.007670,-79.221676,Calle Ramon Borrero,CON_LESIONADOS,Incendio,Inobservancia de senales,65,LESIONADO,HOMBRE,MOTOCICLETA,44,LESIONADO,NO_REGISTRA,PEATON,,,,
2020-05-22 22:17:17,-4.003759,-79.207094,Via Loja - Catamayo,CON_FALLECIDOS,Choque Vehicular,Factores externos,61,FALLECIDO,HOMBRE,OTRO,65,FALLECIDO,NO_REGISTRA,MOTOCICLETA,,,,
2020-08-17 12:46:22,-3.977035,-79.194252,Av. Orillas del Zamora,SOLO_DANOS,Incendio,Falla mecanica,,,,,,,,,,,,
2020-06-04 23:46:54,-4.004670,-79.221701,Ruta 35,CON_FALLECIDOS,Incendio,Exceso de velocidad,27,FALLECIDO,MUJER,VEH_LIVIANO,80,LESIONADO,HOMBRE,OTRO,8,LESIONADO,HOMBRE,CICLISTA
2020-12-12 19:02:39,-4.004278,-79.212635,Av. Rosa Hermosa,CON_FALLECIDOS,Caida,Distraccion (celular/radio),78,FALLECIDO,NO_REGISTRA,MOTOCICLETA,,,,,,,,
2020-07-07 18:11:03,-4.007157,-79.179218,Av. Reinaldo Espinosa,CON_LESIONADOS,Atropellamiento,Factores externos,49,LESIONADO,HOMBRE,OTRO,,,,,,,,
2020-08-13 06:32:47,-4.035516,-79.223781,Calle Bolivar,CON_FALLECIDOS,Accidente Laboral,Visibilidad reducida,36,FALLECIDO,HOMBRE,SCOOTER,61,FALLECIDO,HOMBRE,PEATON,52,LESIONADO,NO_REGISTRA,OTRO
2020-06-17 12:26:58,-3.983857,-79.173457,Av. Manuel Agustin Aguirre,CON_FALLECIDOS,Colision Multiple,Mal estado de la via,19,FALLECIDO,MUJER,MOTOCICLETA,74,FALLECIDO,NO_REGISTRA,MOTOCICLETA,70,LESIONADO,HOMBRE,MOTOCICLETA
2020-01-14 22:12:29,-4.032298,-79.185439,Calle 18 de Noviembre,CON_LESIONADOS,Colision Multiple,Estado de embriaguez,43,LESIONADO,HOMBRE,OTRO,30,LESIONADO,NO_REGISTRA,VEH_LIVIANO,7,LESIONADO,MUJER,CICLISTA
2020-05-09 18:08:18,-3.997662,-79.228004,Calle 10 de Agosto,CON_FALLECIDOS,Atropellamiento,Equipo de seguridad deficiente,81,FALLECIDO,HOMBRE,SCOOTER,74,FALLECIDO,NO_REGISTRA,VEH_LIVIANO,61,LESIONADO,MUJER,OTRO
2020-02-21 13:11:09,-3.986838,-79.199174,Av. Metropolitana,SOLO_DANOS,Colision Multiple,Distraccion (celular/radio),,,,,,,,,,,,
2020-07-06 01:14:15,-3.980660,-79.176477,Calle Mercadillo,SOLO_DANOS,Colision Multiple,Imprudencia del conductor,55,LESIONADO,HOMBRE,CICLISTA,,,,,,,,
2020-08-13 09:07:21,-3.979609,-79.210318,Calle Saraguro,CON_LESIONADOS,Accidente Laboral,Equipo de seguridad deficiente,71,LESIONADO,NO_REGISTRA,OTRO,7,LESIONADO,HOMBRE,PEATON,27,LESIONADO,MUJER,VEH_LIVIANO
2020-02-17 19:06:46,-4.020598,-79.203306,Calle Rocafuerte,CON_FALLECIDOS,Incendio,Mal estado de la via,43,FALLECIDO,HOMBRE,VEH_LIVIANO,41,LESIONADO,MUJER,SCOOTER,,,,
2020-02-29 22:14:42,-3.979192,-79.201510,Calle Mercadillo,CON_FALLECIDOS,Volcamiento,Falla mecanica,29,FALLECIDO,NO_REGISTRA,SCOOTER,35,LESIONADO,MUJER,CICLISTA,55,LESIONADO,NO_REGISTRA,PEATON
2020-01-12 02:50:19,-3.997370,-79.201064,Calle 18 de Noviembre,CON_FALLECIDOS,Incendio,Equipo de seguridad deficiente,44,FALLECIDO,HOMBRE,SCOOTER,67,LESIONADO,MUJER,PEATON,,,,
2020-10-24 06:32:49,-4.008635,-79.212896,Calle Rocafuerte,CON_FALLECIDOS,Choque Vehicular,Distraccion (celular/radio),63,FALLECIDO,MUJER,SCOOTER,80,FALLECIDO,NO_REGISTRA,OTRO,68,LESIONADO,HOMBRE,SCOOTER
2020-06-19 20:54:22,-4.032062,-79.188447,Av. Isidro Ayora,CON_FALLECIDOS,Accidente Laboral,Mal estado de la via,53,FALLECIDO,NO_REGISTRA,VEH_LIVIANO,33,LESIONADO,MUJER,PEATON,74,LESIONADO,HOMBRE,OTRO
2020-02-18 14:14:43,-4.030549,-79.208497,Calle Miguel Riofrio,SOLO_DANOS,Atropellamiento,Estado de embriaguez,,,,,,,,,,,,
2020-06-13 09:16:51,-4.009686,-79.174345,Calle Imbabura,CON_LESIONADOS,Colision Multiple,Via resbaladiza o mojada,35,LESIONADO,HOMBRE,PEATON,,,,,,,,
2020-01-27 12:53:38,-4.013852,-79.185115,Av. Pio Jaramillo,SOLO_DANOS,Caida,Via resbaladiza o mojada,,,,,,,,,,,,
2020-09-26 08:13:54,-4.017477,-79.214022,Via Loja - Zamora,SOLO_DANOS,Caida,Exceso de velocidad,,,,,,,,,,,,
2020-11-11 16:28:02,-4.019251,-79.187995,Ruta 35,CON_LESIONADOS,Accidente Laboral,Inobservancia de senales,8,LESIONADO,MUJER,VEH_LIVIANO,,,,,,,,
2020-06-27 10:01:57,-3.986666,-79.207080,Calle Bolivar,SOLO_DANOS,Accidente Laboral,Factores externos,,,,,,,,,,,,
2020-09-18 07:28:30,-4.028926,-79.228790,Av. Reinaldo Espinosa,CON_FALLECIDOS,Atropellamiento,Mal estado de la via,71,FALLECIDO,NO_REGISTRA,CICLISTA,14,LESIONADO,NO_REGISTRA,VEH_LIVIANO,33,LESIONADO,HOMBRE,SCOOTER
2020-12-26 05:51:18,-3.994687,-79.186747,Calle Mercadillo,CON_FALLECIDOS,Caida,Visibilidad reducida,60,FALLECIDO,HOMBRE,SCOOTER,70,FALLECIDO,MUJER,PEATON,11,LESIONADO,HOMBRE,PEATON
2020-02-12 14:02:06,-4.028749,-79.175114,Calle Montufar,CON_FALLECIDOS,Colision Multiple,Falla mecanica,42,FALLECIDO,NO_REGISTRA,SCOOTER,75,LESIONADO,MUJER,SCOOTER,,,,
2020-07-23 17:52:25,-4.010571,-79.184396,Via Loja - Zamora,CON_FALLECIDOS,Caida,Via resbaladiza o mojada,48,FALLECIDO,NO_REGISTRA,OTRO,29,LESIONADO,MUJER,OTRO,58,LESIONADO,HOMBRE,VEH_LIVIANO
2020-01-26 23:55:12,-3.986526,-79.217422,Av. Manuel Agustin Aguirre,CON_LESIONADOS,Choque Vehicular,Via resbaladiza o mojada,38,LESIONADO,NO_REGISTRA,SCOOTER,,,,,,,,
2020-11-06 05:47:03,-4.017811,-79.195963,Av. Metropolitana,CON_LESIONADOS,Choque Vehicular,Inobservancia de senales,60,LESIONADO,NO_REGISTRA,CICLISTA,31,LESIONADO,HOMBRE,VEH_LIVIANO,,,,
2020-07-29 12:03:11,-4.017028,-79.172631,Calle Rocafuerte,CON_LESIONADOS,Volcamiento,Equipo de seguridad deficiente,14,LESIONADO,HOMBRE,PEATON,33,LESIONADO,NO_REGISTRA,CICLISTA,,,,
2020-05-03 04:53:36,-4.020408,-79.227513,Calle 10 de Agosto,CON_LESIONADOS,Caida,Fatiga del conductor,73,LESIONADO,MUJER,VEH_LIVIANO,10,LESIONADO,NO_REGISTRA,CICLISTA,71,LESIONADO,NO_REGISTRA,SCOOTER
2020-01-23 07:39:44,-4.016652,-79.221145,Av. Reinaldo Espinosa,CON_LESIONADOS,Accidente Laboral,Inobservancia de senales,20,LESIONADO,NO_REGISTRA,PEATON,,,,,,,,
2020-04-15 04:06:32,-3.992002,-79.217962,Av. Metropolitana,CON_FALLECIDOS,Volcamiento,Inobservancia de senales,41,FALLECIDO,NO_REGISTRA,OTRO,35,LESIONADO,NO_REGISTRA,PEATON,68,LESIONADO,MUJER,SCOOTER
2020-04-17 18:13:45,-4.036390,-79.201222,Calle Bolivar,CON_FALLECIDOS,Volcamiento,Estado de embriaguez,39,FALLECIDO,HOMBRE,VEH_LIVIANO,48,FALLECIDO,MUJER,SCOOTER,,,,
2020-03-16 02:51:15,-4.014377,-79.197554,Calle Bolivar,SOLO_DANOS,Accidente Laboral,Factores externos,,,,,,,,,,,,
2020-06-03 16:46:24,-4.030741,-79.199635,Calle Saraguro,CON_LESIONADOS,Colision Multiple,Imprudencia del conductor,69,LESIONADO,NO_REGISTRA,MOTOCICLETA,38,LESIONADO,HOMBRE,MOTOCICLETA,,,,
2020-11-28 23:28:46,-4.013192,-79.205188,Calle Quito,CON_LESIONADOS,Caida,Imprudencia del conductor,51,LESIONADO,HOMBRE,SCOOTER,,,,,,,,
2020-11-18 10:44:34,-4.031827,-79.183335,Av. Gran Colombia,CON_LESIONADOS,Accidente Laboral,Exceso de velocidad,77,LESIONADO,NO_REGISTRA,VEH_LIVIANO,16,LESIONADO,MUJER,SCOOTER,,,,
2020-06-12 11:43:59,-4.029913,-79.173235,Av. Rosa Hermosa,CON_LESIONADOS,Choque Vehicular,Imprudencia del conductor,43,LESIONADO,HOMBRE,PEATON,,,,,,,,
2020-11-29 00:25:09,-4.032169,-79.216888,Calle Rocafuerte,CON_LESIONADOS,Atropellamiento,Visibilidad reducida,42,LESIONADO,HOMBRE,MOTOCICLETA,43,LESIONADO,HOMBRE,CICLISTA,,,,
2020-03-05 02:29:10,-3.986968,-79.222769,Calle 18 de Noviembre,SOLO_DANOS,Colision Multiple,Mal estado de la via,,,,,,,,,,,,
2020-11-19 02:04:16,-3.977404,-79.184965,Calle 10 de Agosto,CON_FALLECIDOS,Colision Multiple,Falla mecanica,77,FALLECIDO,NO_REGISTRA,VEH_LIVIANO,51,FALLECIDO,HOMBRE,VEH_LIVIANO,14,LESIONADO,MUJER,SCOOTER
2020-03-20 14:20:38,-4.020883,-79.176172,Via Loja - Zamora,SOLO_DANOS,Choque Vehicular,Exceso de velocidad,,,,,,,,,,,,
2020-09-19 06:44:17,-4.036477,-79.201125,Calle Colon,CON_LESIONADOS,Accidente Laboral,Exceso de velocidad,48,LESIONADO,MUJER,OTRO,60,LESIONADO,HOMBRE,MOTOCICLETA,,,,
2020-03-08 05:20:26,-4.006983,-79.186203,Calle Miguel Riofrio,CON_LESIONADOS,Atropellamiento,Visibilidad reducida,11,LESIONADO,MUJER,MOTOCICLETA,,,,,,,,
2020-02-14 21:17:20,-4.033142,-79.181721,Ruta 35,SOLO_DANOS,Choque Vehicular,Visibilidad reducida,,,,,,,,,,,,
2020-01-13 21:06:39,-4.017285,-79.184918,Calle Azogues,CON_FALLECIDOS,Volcamiento,Mal estado de la via,67,FALLECIDO,NO_REGISTRA,SCOOTER,81,FALLECIDO,MUJER,MOTOCICLETA,15,LESIONADO,HOMBRE,PEATON
2020-07-16 23:27:20,-4.014885,-79.181344,Av. Manuel Agustin Aguirre,SOLO_DANOS,Accidente Laboral,Visibilidad reducida,,,,,,,,,,,,
2020-07-26 20:55:34,-3.980256,-79.221600,Av. 8 de Diciembre,CON_FALLECIDOS,Choque Vehicular,Estado de embriaguez,51,FALLECIDO,HOMBRE,SCOOTER,30,FALLECIDO,HOMBRE,VEH_LIVIANO,56,LESIONADO,NO_REGISTRA,VEH_LIVIANO
2020-11-02 12:20:36,-4.027147,-79.185130,Av. Manuel Agustin Aguirre,SOLO_DANOS,Colision Multiple,Fatiga del conductor,,,,,,,,,,,,
2020-01-12 10:12:14,-4.032380,-79.222757,Av. Isidro Ayora,CON_FALLECIDOS,Colision Multiple,Imprudencia del conductor,29,FALLECIDO,MUJER,VEH_LIVIANO,70,FALLECIDO,MUJER,OTRO,13,LESIONADO,HOMBRE,VEH_LIVIANO
2020-02-28 17:28:14,-4.014686,-79.199741,Av. Pio Jaramillo,SOLO_DANOS,Choque Vehicular,Fatiga del conductor,,,,,,,,,,,,
2020-11-18 22:56:39,-3.980657,-79.191410,Calle Quito,CON_FALLECIDOS,Colision Multiple,Falla mecanica,42,FALLECIDO,MUJER,CICLISTA,,,,,,,,
2020-02-06 05:18:52,-3.980660,-79.185523,Calle Saraguro,CON_FALLECIDOS,Choque Vehicular,Imprudencia del conductor,74,FALLECIDO,HOMBRE,OTRO,13,LESIONADO,MUJER,MOTOCICLETA,,,,
2020-04-16 12:04:40,-4.010023,-79.184604,Calle Azogues,CON_LESIONADOS,Caida,Inobservancia de senales,72,LESIONADO,HOMBRE,VEH_LIVIANO,,,,,,,,
2020-10-09 21:57:06,-4.016859,-79.193945,Calle Imbabura,CON_FALLECIDOS,Choque Vehicular,Exceso de velocidad,36,FALLECIDO,NO_REGISTRA,VEH_LIVIANO,50,FALLECIDO,HOMBRE,MOTOCICLETA,65,LESIONADO,HOMBRE,CICLISTA
2020-11-26 07:03:58,-3.996990,-79.230959,Calle Imbabura,CON_LESIONADOS,Atropellamiento,Fatiga del conductor,53,LESIONADO,HOMBRE,SCOOTER,,,,,,,,
2020-10-09 20:30:23,-4.024030,-79.207084,Av. Rosa Hermosa,SOLO_DANOS,Choque Vehicular,Exceso de velocidad,,,,,,,,,,,,
2020-01-22 10:05:02,-3.986966,-79.218308,Av. Cuxibamba,CON_FALLECIDOS,Accidente Laboral,Distraccion (celular/radio),56,FALLECIDO,MUJER,CICLISTA,69,FALLECIDO,HOMBRE,MOTOCICLETA,35,LESIONADO,NO_REGISTRA,SCOOTER
2020-01-26 08:56:40,-3.983264,-79.196377,Calle Saraguro,SOLO_DANOS,Colision Multiple,Exceso de velocidad,,,,,,,,,,,,
2020-12-15 21:12:49,-4.014003,-79.216612,Calle Mercadillo,SOLO_DANOS,Accidente Laboral,Falla mecanica,,,,,,,,,,,,
2020-02-24 17:51:05,-3.988898,-79.183584,Calle Sucre,SOLO_DANOS,Colision Multiple,Via resbaladiza o mojada,,,,,,,,,,,,
2020-07-29 11:59:48,-4.024298,-79.182913,Calle Rocafuerte,CON_LESIONADOS,Accidente Laboral,Inobservancia de senales,78,LESIONADO,MUJER,SCOOTER,36,LESIONADO,MUJER,SCOOTER,79,LESIONADO,NO_REGISTRA,SCOOTER
2020-08-16 17:39:44,-4.002513,-79.172368,Calle 10 de Agosto,CON_FALLECIDOS,Colision Multiple,Imprudencia del conductor,52,FALLECIDO,HOMBRE,MOTOCICLETA,34,FALLECIDO,NO_REGISTRA,SCOOTER,71,LESIONADO,NO_REGISTRA,VEH_LIVIANO
2020-03-17 10:34:03,-4.007612,-79.230417,Av. Manuel Agustin Aguirre,CON_LESIONADOS,Accidente Laboral,Estado de embriaguez,22,LESIONADO,MUJER,CICLISTA,23,LESIONADO,NO_REGISTRA,CICLISTA,,,,
2020-02-28 07:37:14,-4.014986,-79.217157,Av. Rosa Hermosa,CON_FALLECIDOS,Atropellamiento,Fatiga del conductor,30,FALLECIDO,NO_REGISTRA,PEATON,24,LESIONADO,HOMBRE,SCOOTER,,,,
2020-04-24 05:39:54,-3.979537,-79.189788,Calle 18 de Noviembre,CON_FALLECIDOS,Colision Multiple,Inobservancia de senales,29,FALLECIDO,MUJER,MOTOCICLETA,37,LESIONADO,MUJER,VEH_LIVIANO,38,LESIONADO,NO_REGISTRA,OTRO
2020-05-02 01:05:53,-4.002535,-79.214563,Av. Isidro Ayora,CON_LESIONADOS,Choque Vehicular,Distraccion (celular/radio),16,LESIONADO,MUJER,SCOOTER,,,,,,,,
2020-12-25 17:04:26,-4.008795,-79.228429,Calle Miguel Riofrio,CON_FALLECIDOS,Colision Multiple,Factores externos,63,FALLECIDO,HOMBRE,SCOOTER,32,LESIONADO,NO_REGISTRA,SCOOTER,,,,
2020-11-09 23:15:08,-4.023169,-79.204462,Calle 10 de Agosto,CON_LESIONADOS,Colision Multiple,Mal estado de la via,68,LESIONADO,NO_REGISTRA,MOTOCICLETA,72,LESIONADO,NO_REGISTRA,PEATON,51,LESIONADO,HOMBRE,PEATON
2020-06-17 06:51:00,-4.007471,-79.179251,Calle 18 de Noviembre,SOLO_DANOS,Volcamiento,Falla mecanica,,,,,,,,,,,,
2020-11-19 09:35:55,-3.987377,-79.225462,Av. Pio Jaramillo,CON_LESIONADOS,Volcamiento,Via resbaladiza o mojada,25,LESIONADO,MUJER,PEATON,,,,,,,,
2020-02-23 14:39:35,-3.990781,-79.192074,Calle Miguel Riofrio,SOLO_DANOS,Atropellamiento,Visibilidad reducida,,,,,,,,,,,,