fecha_hora,latitud,longitud,via,grado_severidad,tipo_siniestro,causa_probable,victima1_edad,victima1_condicion,victima1_sexo,victima1_actor_vial,victima2_edad,victima2_condicion,victima2_sexo,victima2_actor_vial,victima3_edad,victima3_condicion,victima3_sexo,victima3_actor_vial
2020-07-05 16:04:24,-4.014751,-79.225993,Via Loja - Catamayo,CON_LESIONADOS,Choque Vehicular,Fatiga del conductor,49,LESIONADO,HOMBRE,CICLISTA,25,LESIONADO,NO_REGISTRA,OTRO,,,,
2020-12-12 07:37:51,-3.992588,-79.224031,Calle Saraguro,SOLO_DANOS,Colision Multiple,Inobservancia de senales,,,,,,,,,,,,
2020-12-17 11:20:11,-3.990301,-79.171084,Av. Rosa Hermosa,CON_LESIONADOS,Accidente Laboral,Falla mecanica,76,LESIONADO,HOMBRE,OTRO,12,LESIONADO,HOMBRE,OTRO,,,,
2020-07-21 07:30:34,-4.016333,-79.214150,Calle Bolivar,CON_LESIONADOS,Incendio,Imprudencia del conductor,48,LESIONADO,HOMBRE,PEATON,34,LESIONADO,MUJER,SCOOTER,,,,
2020-11-28 11:33:19,-4.025148,-79.228837,Av. Gran Colombia,CON_FALLECIDOS,Incendio,Factores externos,39,FALLECIDO,HOMBRE,PEATON,51,LESIONADO,NO_REGISTRA,OTRO,29,LESIONADO,NO_REGISTRA,OTRO
2020-01-07 07:31:54,-4.028506,-79.192738,Av. 8 de Diciembre,SOLO_DANOS,Choque Vehicular,Factores externos,,,,,,,,,,,,
2020-09-07 10:14:52,-4.023550,-79.192347,Calle Bolivar,SOLO_DANOS,Incendio,Falla mecanica,,,,,,,,,,,,
2020-04-21 07:36:44,-3.995644,-79.215695,Calle Montufar,CON_FALLECIDOS,Choque Vehicular,Distraccion (celular/radio),43,FALLECIDO,MUJER,MOTOCICLETA,72,LESIONADO,HOMBRE,SCOOTER,35,LESIONADO,HOMBRE,OTRO
2020-01-23 07:11:49,-3.987530,-79.201607,Calle Montufar,CON_FALLECIDOS,Incendio,Exceso de velocidad,34,FALLECIDO,NO_REGISTRA,MOTOCICLETA,27,LESIONADO,HOMBRE,CICLISTA,63,LESIONADO,HOMBRE,VEH_LIVIANO
2020-02-17 11:40:55,-3.979902,-79.180703,Calle Colon,SOLO_DANOS,Atropellamiento,Inobservancia de senales,,,,,,,,,,,,
2020-06-08 13:20:59,-3.994135,-79.204173,Ruta 35,SOLO_DANOS,Incendio,Factores externos,,,,,,,,,,,,
2020-12-04 04:25:52,-3.993389,-79.186856,Calle 18 de Noviembre,CON_LESIONADOS,Colision Multiple,Mal estado de la via,67,LESIONADO,HOMBRE,CICLISTA,,,,,,,,
2020-07-24 11:35:42,-4.021083,-79.223846,Ruta 35,CON_FALLECIDOS,Caida,Visibilidad reducida,67,FALLECIDO,NO_REGISTRA,VEH_LIVIANO,53,LESIONADO,NO_REGISTRA,MOTOCICLETA,26,LESIONADO,HOMBRE,VEH_LIVIANO
2020-04-04 09:07:20,-3.998844,-79.205832,Av. Rosa Hermosa,CON_LESIONADOS,Volcamiento,Fatiga del conductor,30,LESIONADO,HOMBRE,SCOOTER,56,LESIONADO,HOMBRE,SCOOTER,,,,
2020-06-14 09:54:29,-4.012315,-79.205624,Av. Universitaria,SOLO_DANOS,Choque Vehicular,Imprudencia del conductor,,,,,,,,,,,,
2020-08-12 12:00:35,-3.982107,-79.208688,Calle Sucre,SOLO_DANOS,Colision Multiple,Via resbaladiza o mojada,,,,,,,,,,,,
2020-11-06 05:37:33,-3.981805,-79.187134,Calle Azogues,CON_FALLECIDOS,Accidente Laboral,Exceso de velocidad,47,FALLECIDO,HOMBRE,SCOOTER,63,LESIONADO,NO_REGISTRA,MOTOCICLETA,,,,
2020-09-24 04:42:08,-3.997392,-79.192361,Av. Gran Colombia,CON_FALLECIDOS,Incendio,Factores externos,79,FALLECIDO,HOMBRE,PEATON,65,FALLECIDO,MUJER,PEATON,,,,
2020-05-03 02:57:54,-3.995939,-79.212419,Calle Montufar,SOLO_DANOS,Colision Multiple,Distraccion (celular/radio),,,,,,,,,,,,
2020-07-17 12:15:06,-4.012779,-79.180061,Calle Bolivar,CON_LESIONADOS,Caida,Mal estado de la via,72,LESIONADO,MUJER,MOTOCICLETA,58,LESIONADO,NO_REGISTRA,OTRO,17,LESIONADO,MUJER,OTRO
2020-05-31 16:34:09,-4.035532,-79.208155,Calle Sucre,CON_LESIONADOS,Volcamiento,Factores externos,7,LESIONADO,NO_REGISTRA,SCOOTER,,,,,,,,
2020-10-25 13:06:43,-3.980856,-79.212404,Calle 18 de Noviembre,SOLO_DANOS,Colision Multiple,Factores externos,,,,,,,,,,,,
2020-01-08 09:36:35,-4.015668,-79.195726,Via Loja - Zamora,CON_LESIONADOS,Caida,Mal estado de la via,8,LESIONADO,HOMBRE,CICLISTA,52,LESIONADO,HOMBRE,PEATON,49,LESIONADO,HOMBRE,MOTOCICLETA
2020-01-08 00:41:04,-4.013452,-79.185927,Calle Colon,CON_FALLECIDOS,Choque Vehicular,Factores externos,22,FALLECIDO,HOMBRE,SCOOTER,73,FALLECIDO,MUJER,PEATON,,,,
2020-04-05 07:14:12,-3.987366,-79.173395,Calle Ramon Borrero,CON_FALLECIDOS,Caida,Factores externos,54,FALLECIDO,HOMBRE,OTRO,28,FALLECIDO,NO_REGISTRA,SCOOTER,,,,
2020-06-05 17:03:52,-4.029277,-79.212999,Av. 8 de Diciembre,CON_FALLECIDOS,Incendio,Distraccion (celular/radio),85,FALLECIDO,NO_REGISTRA,VEH_LIVIANO,9,LESIONADO,HOMBRE,VEH_LIVIANO,8,LESIONADO,HOMBRE,OTRO
2020-11-14 12:19:17,-3.996801,-79.186049,Calle Quito,CON_FALLECIDOS,Incendio,Visibilidad reducida,66,FALLECIDO,MUJER,MOTOCICLETA,28,FALLECIDO,MUJER,VEH_LIVIANO,24,LESIONADO,NO_REGISTRA,CICLISTA
2020-09-08 22:42:04,-3.995782,-79.212817,Calle Miguel Riofrio,SOLO_DANOS,Choque Vehicular,Distraccion (celular/radio),,,,,,,,,,,,
2020-04-28 14:14:19,-3.991280,-79.196586,Calle Bolivar,CON_FALLECIDOS,Choque Vehicular,Mal estado de la via,40,FALLECIDO,NO_REGISTRA,SCOOTER,51,FALLECIDO,HOMBRE,SCOOTER,20,LESIONADO,MUJER,PEATON
2020-10-20 20:13:06,-4.003416,-79.224382,Calle Quito,CON_LESIONADOS,Atropellamiento,Factores externos,47,LESIONADO,NO_REGISTRA,SCOOTER,50,LESIONADO,MUJER,CICLISTA,38,LESIONADO,NO_REGISTRA,PEATON
2020-10-06 05:39:37,-4.018641,-79.221781,Av. Rosa Hermosa,CON_LESIONADOS,Incendio,Distraccion (celular/radio),42,LESIONADO,MUJER,OTRO,62,LESIONADO,NO_REGISTRA,SCOOTER,12,LESIONADO,HOMBRE,VEH_LIVIANO
2020-04-30 20:13:42,-3.983631,-79.221285,Calle Saraguro,CON_FALLECIDOS,Incendio,Fatiga del conductor,28,FALLECIDO,NO_REGISTRA,MOTOCICLETA,19,LESIONADO,HOMBRE,OTRO,76,LESIONADO,HOMBRE,VEH_LIVIANO
2020-05-31 12:06:17,-3.996288,-79.200592,Calle Colon,CON_FALLECIDOS,Accidente Laboral,Exceso de velocidad,18,FALLECIDO,MUJER,PEATON,81,FALLECIDO,NO_REGISTRA,PEATON,,,,
2020-03-14 07:40:50,-3.999456,-79.188557,Av. 8 de Diciembre,SOLO_DANOS,Atropellamiento,Factores externos,,,,,,,,,,,,
2020-07-26 15:34:01,-4.022445,-79.221561,Av. 8 de Diciembre,CON_LESIONADOS,Volcamiento,Mal estado de la via,12,LESIONADO,MUJER,PEATON,,,,,,,,
2020-02-20 17:17:31,-4.024354,-79.193414,Calle Saraguro,CON_LESIONADOS,Incendio,Visibilidad reducida,69,LESIONADO,NO_REGISTRA,PEATON,66,LESIONADO,NO_REGISTRA,MOTOCICLETA,,,,
2020-08-21 02:52:13,-3.978903,-79.203505,Av. Cuxibamba,CON_LESIONADOS,Incendio,Factores externos,57,LESIONADO,NO_REGISTRA,CICLISTA,59,LESIONADO,HOMBRE,VEH_LIVIANO,,,,
2020-10-21 06:18:24,-4.000162,-79.229665,Av. Gran Colombia,SOLO_DANOS,Incendio,Distraccion (celular/radio),,,,,,,,,,,,
2020-07-21 16:27:55,-3.989505,-79.188351,Av. Rosa Hermosa,SOLO_DANOS,Incendio,Inobservancia de senales,,,,,,,,,,,,
2020-12-03 04:15:09,-3.987108,-79.171851,Av. Rosa Hermosa,CON_LESIONADOS,Volcamiento,Imprudencia del conductor,49,LESIONADO,MUJER,PEATON,,,,,,,,
2020-06-04 08:24:19,-4.032413,-79.192023,Calle Sucre,CON_FALLECIDOS,Incendio,Estado de embriaguez,68,FALLECIDO,HOMBRE,CICLISTA,,,,,,,,
2020-12-24 10:46:45,-3.986209,-79.229843,Calle Sucre,CON_FALLECIDOS,Accidente Laboral,Imprudencia del conductor,28,FALLECIDO,NO_REGISTRA,SCOOTER,80,LESIONADO,MUJER,CICLISTA,44,LESIONADO,MUJER,VEH_LIVIANO
2020-09-28 12:11:22,-3.998640,-79.193323,Calle Rocafuerte,SOLO_DANOS,Caida,Estado de embriaguez,,,,,,,,,,,,
2020-06-17 05:38:31,-3.977315,-79.202243,Ruta 35,SOLO_DANOS,Atropellamiento,Imprudencia del conductor,,,,,,,,,,,,
2020-09-05 09:12:02,-3.977665,-79.193385,Calle Sucre,CON_FALLECIDOS,Volcamiento,Via resbaladiza o mojada,80,FALLECIDO,HOMBRE,SCOOTER,35,LESIONADO,HOMBRE,SCOOTER,,,,
2020-05-30 07:49:55,-4.018794,-79.191648,Av. Isidro Ayora,SOLO_DANOS,Colision Multiple,Visibilidad reducida,,,,,,,,,,,,
2020-07-09 06:34:10,-4.008873,-79.176640,Calle Colon,CON_LESIONADOS,Accidente Laboral,Imprudencia del conductor,16,LESIONADO,HOMBRE,SCOOTER,55,LESIONADO,HOMBRE,OTRO,36,LESIONADO,MUJER,OTRO
2020-08-19 03:02:59,-3.978725,-79.199791,Av. Metropolitana,SOLO_DANOS,Choque Vehicular,Falla mecanica,,,,,,,,,,,,
2020-10-31 01:18:32,-3.989207,-79.178716,Ruta 35,CON_LESIONADOS,Choque Vehicular,Factores externos,42,LESIONADO,NO_REGISTRA,MOTOCICLETA,9,LESIONADO,HOMBRE,PEATON,,,,
2020-03-24 13:10:37,-4.002750,-79.198120,Av. Manuel Agustin Aguirre,CON_FALLECIDOS,Atropellamiento,Estado de embriaguez,70,FALLECIDO,NO_REGISTRA,VEH_LIVIANO,58,FALLECIDO,MUJER,SCOOTER,,,,
2020-10-20 11:46:03,-4.024661,-79.190902,Calle Sucre,CON_LESIONADOS,Atropellamiento,Mal estado de la via,13,LESIONADO,NO_REGISTRA,SCOOTER,,,,,,,,
2020-01-27 15:08:21,-4.003609,-79.174556,Av. Rosa Hermosa,CON_FALLECIDOS,Volcamiento,Via resbaladiza o mojada,69,FALLECIDO,HOMBRE,CICLISTA,58,FALLECIDO,MUJER,PEATON,78,LESIONADO,MUJER,OTRO
2020-12-26 08:00:46,-4.020177,-79.193643,Av. 8 de Diciembre,CON_LESIONADOS,Incendio,Inobservancia de senales,18,LESIONADO,HOMBRE,PEATON,,,,,,,,
2020-01-04 03:19:50,-3.981656,-79.195802,Av. Metropolitana,SOLO_DANOS,Atropellamiento,Fatiga del conductor,,,,,,,,,,,,
2020-08-09 04:10:49,-3.988347,-79.229478,Ruta 35,CON_LESIONADOS,Incendio,Visibilidad reducida,55,LESIONADO,HOMBRE,MOTOCICLETA,,,,,,,,
2020-07-06 07:54:23,-3.998034,-79.219393,Av. Gran Colombia,SOLO_DANOS,Volcamiento,Mal estado de la via,,,,,,,,,,,,
2020-07-06 13:02:32,-4.034802,-79.177649,Calle 18 de Noviembre,CON_LESIONADOS,Colision Multiple,Inobservancia de senales,12,LESIONADO,HOMBRE,OTRO,18,LESIONADO,HOMBRE,OTRO,23,LESIONADO,NO_REGISTRA,PEATON
2020-10-08 21:34:34,-4.004247,-79.220530,Ruta 35,CON_LESIONADOS,Caida,Distraccion (celular/radio),52,LESIONADO,HOMBRE,OTRO,,,,,,,,
2020-10-23 18:44:52,-4.003878,-79.210184,Calle Imbabura,SOLO_DANOS,Accidente Laboral,Visibilidad reducida,74,LESIONADO,NO_REGISTRA,PEATON,,,,,,,,
2020-01-18 13:17:28,-4.000200,-79.193534,Calle Quito,CON_FALLECIDOS,Colision Multiple,Falla mecanica,52,FALLECIDO,HOMBRE,CICLISTA,82,FALLECIDO,NO_REGISTRA,VEH_LIVIANO,7,LESIONADO,HOMBRE,MOTOCICLETA
2020-12-17 13:40:37,-3.992077,-79.205701,Calle Miguel Riofrio,CON_FALLECIDOS,Atropellamiento,Distraccion (celular/radio),42,FALLECIDO,MUJER,OTRO,,,,,,,,
2020-04-29 08:00:28,-4.021202,-79.172439,Av. Pio Jaramillo,CON_FALLECIDOS,Choque Vehicular,Via resbaladiza o mojada,78,FALLECIDO,NO_REGISTRA,VEH_LIVIANO,33,FALLECIDO,HOMBRE,MOTOCICLETA,31,LESIONADO,HOMBRE,OTRO
2020-07-22 15:39:00,-4.036776,-79.178756,Av. Universitaria,CON_FALLECIDOS,Caida,Visibilidad reducida,43,FALLECIDO,HOMBRE,OTRO,79,FALLECIDO,NO_REGISTRA,VEH_LIVIANO,72,LESIONADO,MUJER,MOTOCICLETA
2020-02-29 06:53:32,-3.988473,-79.176744,Calle Sucre,CON_FALLECIDOS,Volcamiento,Imprudencia del conductor,77,FALLECIDO,HOMBRE,MOTOCICLETA,34,FALLECIDO,HOMBRE,VEH_LIVIANO,,,,
2020-05-24 15:51:52,-4.011280,-79.226621,Calle Rocafuerte,SOLO_DANOS,Choque Vehicular,Visibilidad reducida,,,,,,,,,,,,
2020-05-31 03:47:12,-4.034008,-79.194136,Calle Mercadillo,CON_FALLECIDOS,Volcamiento,Mal estado de la via,75,FALLECIDO,MUJER,CICLISTA,,,,,,,,
2020-01-17 07:07:52,-3.994264,-79.215325,Via Loja - Catamayo,SOLO_DANOS,Choque Vehicular,Factores externos,,,,,,,,,,,,
2020-05-18 05:55:22,-4.023785,-79.185086,Via Loja - Zamora,CON_FALLECIDOS,Incendio,Equipo de seguridad deficiente,26,FALLECIDO,MUJER,MOTOCICLETA,74,LESIONADO,NO_REGISTRA,OTRO,,,,
2020-10-04 13:47:15,-3.990326,-79.201219,Calle Bolivar,CON_LESIONADOS,Caida,Distraccion (celular/radio),24,LESIONADO,NO_REGISTRA,SCOOTER,13,LESIONADO,MUJER,SCOOTER,,,,
2020-05-02 02:43:05,-3.980765,-79.210231,Av. Gran Colombia,CON_FALLECIDOS,Accidente Laboral,Inobservancia de senales,59,FALLECIDO,MUJER,OTRO,81,FALLECIDO,NO_REGISTRA,OTRO,41,LESIONADO,HOMBRE,VEH_LIVIANO
2020-09-13 11:31:43,-3.998076,-79.174791,Calle 10 de Agosto,CON_FALLECIDOS,Choque Vehicular,Mal estado de la via,68,FALLECIDO,NO_REGISTRA,OTRO,30,LESIONADO,HOMBRE,PEATON,6,LESIONADO,MUJER,CICLISTA
2020-10-01 14:47:56,-4.004092,-79.197037,Calle 10 de Agosto,CON_FALLECIDOS,Volcamiento,Via resbaladiza o mojada,51,FALLECIDO,NO_REGISTRA,CICLISTA,61,FALLECIDO,MUJER,PEATON,,,,
2020-02-26 08:31:41,-4.022147,-79.182398,Calle Montufar,CON_FALLECIDOS,Atropellamiento,Distraccion (celular/radio),56,FALLECIDO,NO_REGISTRA,VEH_LIVIANO,34,FALLECIDO,NO_REGISTRA,CICLISTA,71,LESIONADO,MUJER,SCOOTER
2020-10-06 14:49:03,-3.996711,-79.174315,Av. Manuel Agustin Aguirre,CON_LESIONADOS,Atropellamiento,Inobservancia de senales,35,LESIONADO,HOMBRE,MOTOCICLETA,,,,,,,,
2020-05-26 02:13:12,-3.993982,-79.210825,Av. Rosa Hermosa,CON_FALLECIDOS,Atropellamiento,Via resbaladiza o mojada,74,FALLECIDO,HOMBRE,MOTOCICLETA,51,LESIONADO,HOMBRE,MOTOCICLETA,27,LESIONADO,MUJER,OTRO
2020-03-04 15:04:36,-3.996580,-79.183724,Av. Metropolitana,CON_LESIONADOS,Volcamiento,Inobservancia de senales,50,LESIONADO,MUJER,OTRO,75,LESIONADO,HOMBRE,CICLISTA,,,,
2020-06-18 20:35:25,-4.011458,-79.230487,Via Loja - Zamora,SOLO_DANOS,Volcamiento,Exceso de velocidad,,,,,,,,,,,,
2020-10-24 16:36:16,-3.983865,-79.222782,Av. Orillas del Zamora,CON_LESIONADOS,Colision Multiple,Visibilidad reducida,65,LESIONADO,NO_REGISTRA,PEATON,,,,,,,,
2020-03-21 03:50:43,-4.031018,-79.179507,Calle Quito,SOLO_DANOS,Caida,Imprudencia del conductor,,,,,,,,,,,,
2020-04-05 22:28:44,-4.018365,-79.198426,Av. Orillas del Zamora,SOLO_DANOS,Colision Multiple,Visibilidad reducida,,,,,,,,,,,,
2020-03-26 01:37:24,-4.025323,-79.176797,Calle 10 de Agosto,CON_FALLECIDOS,Choque Vehicular,Factores externos,76,FALLECIDO,MUJER,CICLISTA,,,,,,,,
2020-04-02 17:53:16,-4.001426,-79.182892,Av. Isidro Ayora,CON_LESIONADOS,Caida,Exceso de velocidad,26,LESIONADO,NO_REGISTRA,OTRO,,,,,,,,
2020-12-29 11:00:18,-3.997790,-79.185052,Via Loja - Catamayo,CON_FALLECIDOS,Caida,Factores externos,48,FALLECIDO,NO_REGISTRA,VEH_LIVIANO,47,LESIONADO,NO_REGISTRA,PEATON,38,LESIONADO,MUJER,SCOOTER
2020-05-01 10:18:06,-4.005610,-79.207195,Av. Rosa Hermosa,CON_LESIONADOS,Incendio,Imprudencia del conductor,53,LESIONADO,MUJER,OTRO,25,LESIONADO,MUJER,PEATON,,,,
2020-08-04 20:55:46,-3.984552,-79.184517,Calle Miguel Riofrio,SOLO_DANOS,Colision Multiple,Via resbaladiza o mojada,,,,,,,,,,,,
2020-08-25 12:33:25,-4.019663,-79.216313,Calle Ramon Borrero,CON_LESIONADOS,Accidente Laboral,Mal estado de la via,52,LESIONADO,HOMBRE,PEATON,66,LESIONADO,HOMBRE,MOTOCICLETA,36,LESIONADO,HOMBRE,OTRO
2020-01-03 16:45:23,-4.023894,-79.175610,Calle Ramon Borrero,CON_FALLECIDOS,Choque Vehicular,Factores externos,84,FALLECIDO,HOMBRE,SCOOTER,9,LESIONADO,HOMBRE,OTRO,,,,
2020-05-31 00:58:30,-3.999094,-79.198137,Av. Reinaldo Espinosa,CON_LESIONADOS,Accidente Laboral,Via resbaladiza o mojada,40,LESIONADO,NO_REGISTRA,PEATON,,,,,,,,
2020-07-25 15:41:27,-4.018515,-79.175747,Calle Ramon Borrero,CON_LESIONADOS,Atropellamiento,Equipo de seguridad deficiente,80,LESIONADO,NO_REGISTRA,OTRO,76,LESIONADO,MUJER,MOTOCICLETA,,,,
2020-08-02 07:06:53,-4.006254,-79.221466,Calle Azogues,CON_LESIONADOS,Incendio,Via resbaladiza o mojada,8,LESIONADO,HOMBRE,SCOOTER,,,,,,,,
2020-01-23 22:21:29,-4.002008,-79.218492,Calle Montufar,CON_FALLECIDOS,Volcamiento,Factores externos,47,FALLECIDO,HOMBRE,OTRO,44,FALLECIDO,HOMBRE,VEH_LIVIANO,,,,
2020-10-01 09:00:46,-4.019801,-79.176530,Av. Reinaldo Espinosa,SOLO_DANOS,Volcamiento,Falla mecanica,,,,,,,,,,,,
2020-05-17 17:31:01,-4.000005,-79.213397,Calle Montufar,CON_LESIONADOS,Accidente Laboral,Factores externos,57,LESIONADO,MUJER,MOTOCICLETA,32,LESIONADO,HOMBRE,MOTOCICLETA,,,,
2020-09-20 00:35:07,-3.986677,-79.225629,Av. Gran Colombia,SOLO_DANOS,Volcamiento,Imprudencia del conductor,,,,,,,,,,,,
2020-02-29 15:45:09,-4.026169,-79.191188,Av. Rosa Hermosa,SOLO_DANOS,Incendio,Estado de embriaguez,,,,,,,,,,,,
2020-06-15 22:17:10,-4.009266,-79.177747,Via Loja - Zamora,CON_LESIONADOS,Incendio,Falla mecanica,13,LESIONADO,MUJER,MOTOCICLETA,29,LESIONADO,MUJER,MOTOCICLETA,,,,
2020-02-25 18:40:45,-4.025717,-79.221024,Av. Gran Colombia,CON_LESIONADOS,Colision Multiple,Imprudencia del conductor,61,LESIONADO,HOMBRE,OTRO,28,LESIONADO,NO_REGISTRA,CICLISTA,24,LESIONADO,MUJER,VEH_LIVIANO
2020-10-16 21:10:20,-4.023693,-79.174492,Calle Saraguro,CON_FALLECIDOS,Atropellamiento,Imprudencia del conductor,52,FALLECIDO,NO_REGISTRA,VEH_LIVIANO,19,FALLECIDO,HOMBRE,OTRO,62,LESIONADO,HOMBRE,SCOOTER
2020-07-27 20:36:06,-3.988761,-79.214986,Av. Gran Colombia,SOLO_DANOS,Atropellamiento,Imprudencia del conductor,,,,,,,,,,,,
2020-09-21 01:21:41,-4.015467,-79.206345,Av. Gran Colombia,CON_LESIONADOS,Colision Multiple,Mal estado de la via,43,LESIONADO,MUJER,VEH_LIVIANO,,,,,,,,
2020-06-28 00:50:25,-3.991490,-79.182460,Calle 10 de Agosto,SOLO_DANOS,Colision Multiple,Mal estado de la via,,,,,,,,,,,,
2020-08-12 09:43:37,-3.983102,-79.186763,Av. Pio Jaramillo,CON_LESIONADOS,Atropellamiento,Estado de embriaguez,73,LESIONADO,NO_REGISTRA,SCOOTER,,,,,,,,
2020-05-16 00:50:30,-4.020708,-79.196234,Calle 10 de Agosto,SOLO_DANOS,Atropellamiento,Via resbaladiza o mojada,,,,,,,,,,,,
2020-11-10 17:43:52,-4.011164,-79.193345,Calle Sucre,CON_LESIONADOS,Volcamiento,Inobservancia de senales,48,LESIONADO,NO_REGISTRA,CICLISTA,24,LESIONADO,NO_REGISTRA,CICLISTA,,,,
2020-11-21 03:40:47,-4.001206,-79.197536,Calle Mercadillo,SOLO_DANOS,Choque Vehicular,Equipo de seguridad deficiente,,,,,,,,,,,,
2020-10-14 16:05:35,-4.029347,-79.171644,Ruta 35,SOLO_DANOS,Atropellamiento,Via resbaladiza o mojada,,,,,,,,,,,,
2020-05-07 11:48:30,-4.032732,-79.227574,Calle Rocafuerte,SOLO_DANOS,Choque Vehicular,Estado de embriaguez,,,,,,,,,,,,
2020-11-19 04:22:23,-4.006270,-79.216832,Calle Montufar,CON_FALLECIDOS,Accidente Laboral,Inobservancia de senales,64,FALLECIDO,HOMBRE,SCOOTER,20,FALLECIDO,MUJER,PEATON,,,,
2020-06-23 11:09:27,-4.017865,-79.181003,Calle Azogues,CON_LESIONADOS,Volcamiento,Fatiga del conductor,75,LESIONADO,MUJER,VEH_LIVIANO,66,LESIONADO,MUJER,SCOOTER,30,LESIONADO,HOMBRE,CICLISTA
2020-02-10 19:57:51,-3.984810,-79.171145,Calle Montufar,CON_FALLECIDOS,Colision Multiple,Equipo de seguridad deficiente,26,FALLECIDO,NO_REGISTRA,MOTOCICLETA,41,FALLECIDO,MUJER,VEH_LIVIANO,,,,
2020-06-24 00:01:34,-4.009424,-79.210459,Calle Bolivar,CON_FALLECIDOS,Colision Multiple,Estado de embriaguez,23,FALLECIDO,HOMBRE,VEH_LIVIANO,57,FALLECIDO,HOMBRE,OTRO,34,LESIONADO,NO_REGISTRA,CICLISTA
2020-10-20 18:34:16,-3.980033,-79.181602,Av. Isidro Ayora,SOLO_DANOS,Volcamiento,Distraccion (celular/radio),,,,,,,,,,,,
2020-12-13 14:05:01,-4.008465,-79.192978,Av. Universitaria,CON_FALLECIDOS,Incendio,Fatiga del conductor,78,FALLECIDO,HOMBRE,VEH_LIVIANO,64,LESIONADO,NO_REGISTRA,SCOOTER,12,LESIONADO,NO_REGISTRA,SCOOTER
2020-02-09 15:01:32,-4.011314,-79.196978,Av. Isidro Ayora,SOLO_DANOS,Colision Multiple,Visibilidad reducida,,,,,,,,,,,,
2020-01-20 21:44:45,-4.032983,-79.210010,Calle Saraguro,CON_LESIONADOS,Incendio,Via resbaladiza o mojada,44,LESIONADO,HOMBRE,SCOOTER,,,,,,,,
2020-12-30 00:33:12,-4.014398,-79.210523,Calle Montufar,CON_LESIONADOS,Accidente Laboral,Falla mecanica,13,LESIONADO,NO_REGISTRA,OTRO,,,,,,,,
2020-10-16 17:51:43,-4.006658,-79.202501,Av. Rosa Hermosa,SOLO_DANOS,Colision Multiple,Visibilidad reducida,,,,,,,,,,,,
2020-03-28 16:19:26,-3.979618,-79.222915,Calle Ramon Borrero,CON_FALLECIDOS,Incendio,Falla mecanica,80,FALLECIDO,MUJER,CICLISTA,,,,,,,,
2020-03-09 03:17:09,-3.979738,-79.176671,Calle Mercadillo,CON_LESIONADOS,Volcamiento,Estado de embriaguez,43,LESIONADO,MUJER,CICLISTA,36,LESIONADO,MUJER,SCOOTER,,,,
2020-11-12 12:42:21,-4.000303,-79.212501,Av. Metropolitana,CON_FALLECIDOS,Incendio,Distraccion (celular/radio),55,FALLECIDO,MUJER,OTRO,66,FALLECIDO,HOMBRE,VEH_LIVIANO,79,LESIONADO,NO_REGISTRA,CICLISTA
2020-06-13 08:13:18,-3.986217,-79.180106,Calle Montufar,CON_LESIONADOS,Accidente Laboral,Mal estado de la via,75,LESIONADO,HOMBRE,OTRO,34,LESIONADO,HOMBRE,OTRO,,,,
2020-11-11 19:54:55,-4.028786,-79.179907,Calle Azogues,CON_LESIONADOS,Volcamiento,Imprudencia del conductor,35,LESIONADO,HOMBRE,CICLISTA,67,LESIONADO,HOMBRE,SCOOTER,,,,
2020-08-31 11:53:46,-4.029304,-79.210127,Calle Colon,CON_FALLECIDOS,Atropellamiento,Equipo de seguridad deficiente,75,FALLECIDO,NO_REGISTRA,SCOOTER,68,LESIONADO,NO_REGISTRA,SCOOTER,,,,
2020-08-08 23:53:19,-4.024730,-79.220552,Av. Orillas del Zamora,CON_LESIONADOS,Colision Multiple,Exceso de velocidad,56,LESIONADO,MUJER,SCOOTER,,,,,,,,
2020-07-27 06:23:25,-4.014810,-79.174280,Calle Sucre,SOLO_DANOS,Incendio,Mal estado de la via,,,,,,,,,,,,
2020-01-24 08:02:16,-4.020709,-79.216469,Calle Montufar,CON_FALLECIDOS,Accidente Laboral,Exceso de velocidad,50,FALLECIDO,HOMBRE,SCOOTER,64,FALLECIDO,NO_REGISTRA,VEH_LIVIANO,70,LESIONADO,HOMBRE,PEATON
2020-12-27 10:14:54,-3.995980,-79.227378,Av. Orillas del Zamora,CON_LESIONADOS,Volcamiento,Fatiga del conductor,37,LESIONADO,MUJER,CICLISTA,69,LESIONADO,MUJER,PEATON,,,,
2020-05-06 16:06:31,-4.004882,-79.219924,Av. Cuxibamba,CON_FALLECIDOS,Accidente Laboral,Mal estado de la via,28,FALLECIDO,HOMBRE,SCOOTER,39,FALLECIDO,HOMBRE,PEATON,31,LESIONADO,NO_REGISTRA,PEATON
2020-01-15 16:46:27,-3.977071,-79.194308,Calle Bolivar,SOLO_DANOS,Accidente Laboral,Distraccion (celular/radio),,,,,,,,,,,,
2020-02-14 21:48:56,-4.015186,-79.227904,Av. Manuel Agustin Aguirre,SOLO_DANOS,Atropellamiento,Factores externos,,,,,,,,,,,,
2020-11-17 08:25:27,-4.022289,-79.199967,Av. Metropolitana,SOLO_DANOS,Incendio,Inobservancia de senales,,,,,,,,,,,,
2020-02-18 15:45:23,-3.992624,-79.202129,Av. Metropolitana,CON_LESIONADOS,Volcamiento,Falla mecanica,80,LESIONADO,MUJER,OTRO,33,LESIONADO,MUJER,SCOOTER,,,,
2020-02-22 20:08:02,-4.013330,-79.172217,Calle Ramon Borrero,SOLO_DANOS,Choque Vehicular,Via resbaladiza o mojada,,,,,,,,,,,,