fecha_hora,latitud,longitud,via,grado_severidad,tipo_siniestro,causa_probable,victima1_edad,victima1_condicion,victima1_sexo,victima1_actor_vial,victima2_edad,victima2_condicion,victima2_sexo,victima2_actor_vial,victima3_edad,victima3_condicion,victima3_sexo,victima3_actor_vial
2020-11-19 06:12:54,-4.033113,-79.192526,Calle Mercadillo,CON_FALLECIDOS,Caida,Estado de embriaguez,38,FALLECIDO,MUJER,PEATON,81,FALLECIDO,MUJER,CICLISTA,,,,
2020-01-15 22:01:45,-3.986937,-79.186403,Calle Ramon Borrero,CON_LESIONADOS,Accidente Laboral,Mal estado de la via,27,LESIONADO,HOMBRE,SCOOTER,33,LESIONADO,NO_REGISTRA,CICLISTA,58,LESIONADO,NO_REGISTRA,MOTOCICLETA
2020-12-13 22:09:49,-4.008655,-79.182095,Av. Reinaldo Espinosa,CON_LESIONADOS,Atropellamiento,Fatiga del conductor,52,LESIONADO,HOMBRE,OTRO,48,LESIONADO,HOMBRE,MOTOCICLETA,,,,
2020-04-14 06:37:21,-4.036069,-79.221889,Calle Mercadillo,CON_LESIONADOS,Accidente Laboral,Estado de embriaguez,80,LESIONADO,NO_REGISTRA,PEATON,71,LESIONADO,HOMBRE,CICLISTA,,,,
2020-12-01 16:13:54,-4.028328,-79.217150,Calle Imbabura,CON_LESIONADOS,Volcamiento,Visibilidad reducida,58,LESIONADO,NO_REGISTRA,SCOOTER,10,LESIONADO,NO_REGISTRA,VEH_LIVIANO,28,LESIONADO,HOMBRE,CICLISTA
2020-07-11 18:18:46,-3.995351,-79.210393,Av. Reinaldo Espinosa,CON_LESIONADOS,Volcamiento,Visibilidad reducida,28,LESIONADO,MUJER,SCOOTER,38,LESIONADO,NO_REGISTRA,OTRO,62,LESIONADO,HOMBRE,OTRO
2020-09-03 06:08:07,-4.014730,-79.183698,Av. Orillas del Zamora,CON_FALLECIDOS,Atropellamiento,Fatiga del conductor,58,FALLECIDO,MUJER,MOTOCICLETA,17,LESIONADO,NO_REGISTRA,CICLISTA,67,LESIONADO,NO_REGISTRA,PEATON
2020-03-03 07:07:15,-4.002201,-79.179472,Av. Gran Colombia,CON_FALLECIDOS,Volcamiento,Mal estado de la via,75,FALLECIDO,HOMBRE,SCOOTER,,,,,,,,
2020-08-09 03:05:08,-3.982334,-79.209823,Av. Universitaria,CON_LESIONADOS,Accidente Laboral,Inobservancia de senales,14,LESIONADO,HOMBRE,OTRO,,,,,,,,
2020-09-28 04:05:47,-3.990789,-79.183864,Calle Mercadillo,CON_FALLECIDOS,Accidente Laboral,Imprudencia del conductor,53,FALLECIDO,HOMBRE,OTRO,69,FALLECIDO,MUJER,OTRO,65,LESIONADO,HOMBRE,PEATON
2020-11-04 19:15:04,-4.011881,-79.199988,Calle 10 de Agosto,CON_FALLECIDOS,Atropellamiento,Inobservancia de senales,48,FALLECIDO,HOMBRE,OTRO,39,FALLECIDO,NO_REGISTRA,VEH_LIVIANO,77,LESIONADO,MUJER,VEH_LIVIANO
2020-11-09 22:02:52,-3.997816,-79.184023,Calle Montufar,CON_LESIONADOS,Accidente Laboral,Estado de embriaguez,65,LESIONADO,MUJER,OTRO,20,LESIONADO,MUJER,VEH_LIVIANO,,,,
2020-02-05 02:17:03,-4.035436,-79.225016,Av. Gran Colombia,CON_FALLECIDOS,Incendio,Inobservancia de senales,76,FALLECIDO,HOMBRE,PEATON,42,FALLECIDO,NO_REGISTRA,SCOOTER,,,,
2020-05-07 05:48:40,-4.008935,-79.172112,Av. Cuxibamba,CON_LESIONADOS,Accidente Laboral,Factores externos,20,LESIONADO,MUJER,SCOOTER,14,LESIONADO,NO_REGISTRA,MOTOCICLETA,,,,
2020-10-10 16:24:09,-4.030226,-79.171522,Av. Universitaria,SOLO_DANOS,Accidente Laboral,Fatiga del conductor,,,,,,,,,,,,
2020-12-29 02:18:43,-4.027846,-79.228732,Av. Metropolitana,CON_FALLECIDOS,Volcamiento,Factores externos,47,FALLECIDO,MUJER,OTRO,,,,,,,,
2020-03-01 08:35:51,-4.018988,-79.176812,Av. Universitaria,CON_LESIONADOS,Volcamiento,Estado de embriaguez,80,LESIONADO,NO_REGISTRA,PEATON,58,LESIONADO,HOMBRE,CICLISTA,63,LESIONADO,MUJER,PEATON
2020-11-19 04:25:38,-3.991357,-79.218596,Calle Sucre,CON_LESIONADOS,Choque Vehicular,Visibilidad reducida,78,LESIONADO,HOMBRE,SCOOTER,10,LESIONADO,MUJER,PEATON,,,,
2020-09-16 23:54:06,-4.030567,-79.223256,Ruta 35,CON_LESIONADOS,Choque Vehicular,Distraccion (celular/radio),21,LESIONADO,HOMBRE,MOTOCICLETA,,,,,,,,
2020-10-31 13:06:53,-3.992578,-79.203250,Calle Miguel Riofrio,CON_LESIONADOS,Atropellamiento,Factores externos,35,LESIONADO,MUJER,OTRO,49,LESIONADO,MUJER,PEATON,24,LESIONADO,NO_REGISTRA,VEH_LIVIANO
2020-11-03 10:56:35,-3.993094,-79.196785,Calle Quito,CON_FALLECIDOS,Atropellamiento,Distraccion (celular/radio),81,FALLECIDO,NO_REGISTRA,PEATON,57,LESIONADO,HOMBRE,MOTOCICLETA,68,LESIONADO,NO_REGISTRA,SCOOTER
2020-05-25 23:56:41,-4.032861,-79.194465,Calle Saraguro,CON_LESIONADOS,Accidente Laboral,Imprudencia del conductor,14,LESIONADO,HOMBRE,SCOOTER,16,LESIONADO,NO_REGISTRA,CICLISTA,80,LESIONADO,HOMBRE,SCOOTER
2020-02-17 08:32:42,-3.993422,-79.220115,Calle Saraguro,CON_LESIONADOS,Atropellamiento,Distraccion (celular/radio),62,LESIONADO,HOMBRE,OTRO,,,,,,,,
2020-10-26 16:36:33,-4.008290,-79.224362,Calle Sucre,CON_LESIONADOS,Atropellamiento,Factores externos,40,LESIONADO,HOMBRE,CICLISTA,59,LESIONADO,MUJER,MOTOCICLETA,47,LESIONADO,HOMBRE,VEH_LIVIANO
2020-03-31 08:50:02,-3.996340,-79.226309,Calle 10 de Agosto,SOLO_DANOS,Volcamiento,Estado de embriaguez,47,LESIONADO,HOMBRE,VEH_LIVIANO,,,,,,,,
2020-05-31 18:42:56,-3.978315,-79.201339,Calle Miguel Riofrio,SOLO_DANOS,Volcamiento,Factores externos,,,,,,,,,,,,
2020-06-30 23:55:05,-3.990532,-79.223557,Av. Universitaria,CON_LESIONADOS,Colision Multiple,Fatiga del conductor,52,LESIONADO,HOMBRE,SCOOTER,48,LESIONADO,HOMBRE,MOTOCICLETA,30,LESIONADO,NO_REGISTRA,OTRO
2020-10-21 11:11:49,-4.029335,-79.199228,Av. Gran Colombia,SOLO_DANOS,Caida,Distraccion (celular/radio),,,,,,,,,,,,
2020-11-16 20:55:29,-3.985395,-79.214809,Av. Universitaria,CON_FALLECIDOS,Atropellamiento,Via resbaladiza o mojada,28,FALLECIDO,MUJER,MOTOCICLETA,59,FALLECIDO,NO_REGISTRA,VEH_LIVIANO,55,LESIONADO,MUJER,MOTOCICLETA
2020-01-19 08:09:49,-3.991617,-79.223445,Calle Montufar,SOLO_DANOS,Caida,Via resbaladiza o mojada,,,,,,,,,,,,
2020-12-27 00:50:13,-4.013832,-79.173772,Av. Rosa Hermosa,SOLO_DANOS,Choque Vehicular,Via resbaladiza o mojada,,,,,,,,,,,,
2020-09-03 23:22:49,-4.004577,-79.174404,Av. Manuel Agustin Aguirre,SOLO_DANOS,Volcamiento,Falla mecanica,,,,,,,,,,,,
2020-07-30 14:44:56,-4.023563,-79.230072,Calle Bolivar,SOLO_DANOS,Choque Vehicular,Imprudencia del conductor,,,,,,,,,,,,
2020-01-15 20:22:10,-4.017660,-79.215790,Av. Orillas del Zamora,CON_FALLECIDOS,Accidente Laboral,Exceso de velocidad,67,FALLECIDO,MUJER,OTRO,,,,,,,,
2020-02-22 21:51:26,-3.982245,-79.173304,Calle Colon,SOLO_DANOS,Caida,Falla mecanica,,,,,,,,,,,,
2020-12-06 02:41:59,-4.009111,-79.192069,Calle 18 de Noviembre,SOLO_DANOS,Incendio,Estado de embriaguez,,,,,,,,,,,,
2020-03-28 09:59:48,-3.980958,-79.185748,Av. Gran Colombia,CON_LESIONADOS,Caida,Inobservancia de senales,41,LESIONADO,NO_REGISTRA,PEATON,26,LESIONADO,NO_REGISTRA,MOTOCICLETA,,,,
2020-04-23 00:02:18,-4.002134,-79.171191,Calle Azogues,CON_FALLECIDOS,Incendio,Mal estado de la via,68,FALLECIDO,NO_REGISTRA,SCOOTER,,,,,,,,
2020-09-21 09:55:29,-3.997982,-79.214850,Av. Orillas del Zamora,CON_LESIONADOS,Colision Multiple,Equipo de seguridad deficiente,68,LESIONADO,HOMBRE,PEATON,33,LESIONADO,MUJER,MOTOCICLETA,,,,
2020-07-31 19:37:25,-4.002660,-79.201152,Via Loja - Zamora,CON_LESIONADOS,Choque Vehicular,Distraccion (celular/radio),76,LESIONADO,NO_REGISTRA,VEH_LIVIANO,20,LESIONADO,HOMBRE,OTRO,63,LESIONADO,HOMBRE,MOTOCICLETA
2020-11-20 05:30:17,-4.002488,-79.183989,Calle 10 de Agosto,SOLO_DANOS,Volcamiento,Equipo de seguridad deficiente,,,,,,,,,,,,
2020-03-25 00:56:12,-4.015613,-79.227812,Av. Manuel Agustin Aguirre,CON_FALLECIDOS,Incendio,Visibilidad reducida,71,FALLECIDO,HOMBRE,MOTOCICLETA,57,FALLECIDO,NO_REGISTRA,CICLISTA,,,,
2020-07-30 12:24:27,-4.026295,-79.215981,Calle Quito,CON_LESIONADOS,Accidente Laboral,Equipo de seguridad deficiente,10,LESIONADO,MUJER,CICLISTA,70,LESIONADO,NO_REGISTRA,MOTOCICLETA,6,LESIONADO,HOMBRE,VEH_LIVIANO
2020-08-14 16:36:32,-3.993152,-79.188082,Calle Sucre,SOLO_DANOS,Accidente Laboral,Inobservancia de senales,,,,,,,,,,,,
2020-12-22 11:50:09,-4.017485,-79.208651,Av. Reinaldo Espinosa,SOLO_DANOS,Caida,Estado de embriaguez,37,LESIONADO,MUJER,MOTOCICLETA,,,,,,,,
2020-12-30 21:42:01,-4.003971,-79.177332,Calle 18 de Noviembre,SOLO_DANOS,Choque Vehicular,Inobservancia de senales,,,,,,,,,,,,
2020-01-07 02:43:24,-4.033202,-79.175122,Av. Pio Jaramillo,SOLO_DANOS,Choque Vehicular,Inobservancia de senales,,,,,,,,,,,,
2020-03-27 00:01:10,-3.999406,-79.198001,Via Loja - Zamora,CON_LESIONADOS,Volcamiento,Imprudencia del conductor,32,LESIONADO,MUJER,VEH_LIVIANO,56,LESIONADO,MUJER,OTRO,,,,
2020-08-25 22:28:22,-3.985704,-79.178747,Calle Montufar,CON_FALLECIDOS,Incendio,Falla mecanica,44,FALLECIDO,NO_REGISTRA,PEATON,71,LESIONADO,HOMBRE,PEATON,,,,
2020-12-08 13:49:52,-3.985013,-79.175579,Calle Azogues,CON_FALLECIDOS,Incendio,Exceso de velocidad,29,FALLECIDO,NO_REGISTRA,SCOOTER,55,LESIONADO,NO_REGISTRA,MOTOCICLETA,,,,
2020-06-27 22:05:34,-4.019983,-79.202689,Calle Azogues,SOLO_DANOS,Accidente Laboral,Estado de embriaguez,,,,,,,,,,,,
2020-05-06 20:15:09,-3.994904,-79.201880,Av. Manuel Agustin Aguirre,SOLO_DANOS,Caida,Visibilidad reducida,,,,,,,,,,,,
2020-05-26 02:18:28,-4.024534,-79.228696,Calle Azogues,CON_FALLECIDOS,Atropellamiento,Exceso de velocidad,32,FALLECIDO,NO_REGISTRA,SCOOTER,80,FALLECIDO,NO_REGISTRA,PEATON,21,LESIONADO,MUJER,OTRO
2020-09-20 18:40:16,-4.002725,-79.216988,Via Loja - Catamayo,SOLO_DANOS,Volcamiento,Distraccion (celular/radio),,,,,,,,,,,,
2020-01-19 15:15:46,-3.993690,-79.213291,Calle Bolivar,SOLO_DANOS,Atropellamiento,Inobservancia de senales,75,LESIONADO,HOMBRE,VEH_LIVIANO,,,,,,,,
2020-04-10 18:35:23,-3.991738,-79.220718,Ruta 35,SOLO_DANOS,Atropellamiento,Estado de embriaguez,75,LESIONADO,NO_REGISTRA,OTRO,,,,,,,,
2020-04-18 16:13:01,-4.011269,-79.194773,Calle Rocafuerte,CON_FALLECIDOS,Atropellamiento,Mal estado de la via,83,FALLECIDO,HOMBRE,CICLISTA,,,,,,,,
2020-06-13 07:23:10,-3.991952,-79.174714,Av. Manuel Agustin Aguirre,CON_LESIONADOS,Colision Multiple,Visibilidad reducida,50,LESIONADO,NO_REGISTRA,PEATON,,,,,,,,
2020-10-08 12:22:20,-4.012335,-79.227349,Calle Mercadillo,SOLO_DANOS,Accidente Laboral,Equipo de seguridad deficiente,,,,,,,,,,,,
2020-12-11 04:39:36,-3.990659,-79.220311,Calle 18 de Noviembre,SOLO_DANOS,Atropellamiento,Via resbaladiza o mojada,,,,,,,,,,,,
2020-05-20 22:07:37,-4.013869,-79.217250,Av. Gran Colombia,SOLO_DANOS,Incendio,Fatiga del conductor,,,,,,,,,,,,
2020-06-10 13:10:34,-4.022745,-79.194262,Ruta 35,CON_FALLECIDOS,Volcamiento,Falla mecanica,68,FALLECIDO,HOMBRE,MOTOCICLETA,,,,,,,,
2020-04-23 06:08:51,-3.984727,-79.178211,Calle Saraguro,CON_LESIONADOS,Incendio,Imprudencia del conductor,36,LESIONADO,HOMBRE,CICLISTA,22,LESIONADO,HOMBRE,MOTOCICLETA,,,,
2020-08-27 21:22:47,-4.026855,-79.219165,Calle Miguel Riofrio,CON_LESIONADOS,Choque Vehicular,Mal estado de la via,39,LESIONADO,NO_REGISTRA,VEH_LIVIANO,13,LESIONADO,HOMBRE,PEATON,,,,
2020-09-14 02:42:41,-4.035587,-79.206458,Av. Isidro Ayora,CON_LESIONADOS,Incendio,Fatiga del conductor,62,LESIONADO,HOMBRE,PEATON,76,LESIONADO,NO_REGISTRA,VEH_LIVIANO,58,LESIONADO,NO_REGISTRA,SCOOTER
2020-11-29 05:50:45,-4.033714,-79.223210,Calle Imbabura,CON_FALLECIDOS,Incendio,Inobservancia de senales,64,FALLECIDO,MUJER,OTRO,43,LESIONADO,HOMBRE,PEATON,56,LESIONADO,MUJER,MOTOCICLETA
2020-03-23 01:25:48,-4.020211,-79.177398,Calle Ramon Borrero,SOLO_DANOS,Colision Multiple,Factores externos,,,,,,,,,,,,
2020-08-02 18:15:06,-4.002358,-79.193902,Calle Saraguro,SOLO_DANOS,Incendio,Exceso de velocidad,,,,,,,,,,,,
2020-06-29 11:06:21,-3.994220,-79.206542,Av. Reinaldo Espinosa,CON_FALLECIDOS,Accidente Laboral,Exceso de velocidad,42,FALLECIDO,MUJER,PEATON,40,FALLECIDO,NO_REGISTRA,SCOOTER,44,LESIONADO,NO_REGISTRA,VEH_LIVIANO
2020-03-15 07:08:20,-4.020675,-79.195759,Via Loja - Zamora,CON_LESIONADOS,Incendio,Falla mecanica,65,LESIONADO,MUJER,PEATON,50,LESIONADO,HOMBRE,SCOOTER,42,LESIONADO,NO_REGISTRA,SCOOTER
2020-11-26 20:38:16,-4.019336,-79.204460,Calle Sucre,CON_LESIONADOS,Colision Multiple,Exceso de velocidad,71,LESIONADO,HOMBRE,SCOOTER,,,,,,,,
2020-04-24 19:53:20,-3.997274,-79.171945,Av. Orillas del Zamora,SOLO_DANOS,Volcamiento,Falla mecanica,,,,,,,,,,,,
2020-03-04 23:09:49,-3.994568,-79.227145,Av. Pio Jaramillo,CON_LESIONADOS,Atropellamiento,Equipo de seguridad deficiente,12,LESIONADO,MUJER,VEH_LIVIANO,35,LESIONADO,NO_REGISTRA,MOTOCICLETA,,,,
2020-06-10 18:54:46,-3.984435,-79.177253,Ruta 35,CON_LESIONADOS,Caida,Mal estado de la via,42,LESIONADO,MUJER,OTRO,49,LESIONADO,HOMBRE,CICLISTA,,,,
2020-02-16 19:29:45,-4.009606,-79.187104,Calle Azogues,CON_LESIONADOS,Accidente Laboral,Estado de embriaguez,37,LESIONADO,MUJER,MOTOCICLETA,30,LESIONADO,MUJER,VEH_LIVIANO,,,,
2020-05-11 00:42:31,-4.030001,-79.195487,Calle Miguel Riofrio,CON_LESIONADOS,Accidente Laboral,Equipo de seguridad deficiente,41,LESIONADO,HOMBRE,OTRO,79,LESIONADO,HOMBRE,PEATON,,,,
2020-05-28 23:13:26,-4.012852,-79.200291,Calle Imbabura,SOLO_DANOS,Caida,Visibilidad reducida,,,,,,,,,,,,
2020-04-26 10:59:58,-4.033306,-79.191039,Av. Orillas del Zamora,SOLO_DANOS,Incendio,Distraccion (celular/radio),,,,,,,,,,,,
2020-09-09 11:34:11,-3.984823,-79.182998,Calle Saraguro,CON_LESIONADOS,Volcamiento,Falla mecanica,19,LESIONADO,MUJER,MOTOCICLETA,77,LESIONADO,NO_REGISTRA,PEATON,,,,
2020-02-20 17:29:22,-4.033922,-79.204869,Calle Ramon Borrero,CON_LESIONADOS,Incendio,Imprudencia del conductor,59,LESIONADO,MUJER,SCOOTER,79,LESIONADO,MUJER,PEATON,53,LESIONADO,NO_REGISTRA,VEH_LIVIANO
2020-04-25 06:57:15,-4.012015,-79.201979,Calle Quito,SOLO_DANOS,Accidente Laboral,Via resbaladiza o mojada,27,LESIONADO,MUJER,VEH_LIVIANO,,,,,,,,
2020-12-31 04:56:40,-3.989580,-79.192680,Av. Universitaria,CON_FALLECIDOS,Incendio,Inobservancia de senales,31,FALLECIDO,NO_REGISTRA,PEATON,60,LESIONADO,HOMBRE,PEATON,63,LESIONADO,NO_REGISTRA,MOTOCICLETA
2020-02-10 19:16:27,-4.023516,-79.192404,Av. Gran Colombia,CON_LESIONADOS,Volcamiento,Visibilidad reducida,64,LESIONADO,NO_REGISTRA,SCOOTER,52,LESIONADO,NO_REGISTRA,SCOOTER,,,,
2020-04-24 10:53:38,-4.017216,-79.226823,Calle Colon,CON_LESIONADOS,Volcamiento,Mal estado de la via,75,LESIONADO,MUJER,CICLISTA,46,LESIONADO,HOMBRE,OTRO,,,,
2020-05-27 09:10:04,-4.019065,-79.199611,Av. Manuel Agustin Aguirre,SOLO_DANOS,Caida,Factores externos,,,,,,,,,,,,
2020-07-27 03:01:12,-3.982987,-79.206097,Av. Metropolitana,CON_LESIONADOS,Caida,Mal estado de la via,21,LESIONADO,HOMBRE,OTRO,25,LESIONADO,MUJER,CICLISTA,,,,
2020-07-22 02:13:58,-4.012979,-79.221501,Av. Universitaria,SOLO_DANOS,Incendio,Distraccion (celular/radio),,,,,,,,,,,,
2020-02-04 19:40:08,-4.012495,-79.183875,Calle Imbabura,CON_FALLECIDOS,Accidente Laboral,Visibilidad reducida,57,FALLECIDO,HOMBRE,MOTOCICLETA,29,FALLECIDO,NO_REGISTRA,VEH_LIVIANO,56,LESIONADO,NO_REGISTRA,VEH_LIVIANO
2020-11-08 08:00:07,-3.984161,-79.204129,Calle Quito,SOLO_DANOS,Incendio,Imprudencia del conductor,,,,,,,,,,,,
2020-09-03 12:59:05,-3.995151,-79.230090,Calle Azogues,SOLO_DANOS,Incendio,Visibilidad reducida,,,,,,,,,,,,
2020-04-23 03:07:30,-4.033367,-79.207511,Calle Quito,CON_LESIONADOS,Accidente Laboral,Exceso de velocidad,53,LESIONADO,NO_REGISTRA,PEATON,,,,,,,,
2020-07-02 12:37:52,-3.998774,-79.179409,Calle Bolivar,CON_FALLECIDOS,Accidente Laboral,Falla mecanica,40,FALLECIDO,MUJER,VEH_LIVIANO,68,FALLECIDO,HOMBRE,PEATON,60,LESIONADO,NO_REGISTRA,CICLISTA
2020-04-14 02:57:08,-4.015120,-79.225709,Av. Pio Jaramillo,CON_LESIONADOS,Atropellamiento,Visibilidad reducida,74,LESIONADO,MUJER,MOTOCICLETA,,,,,,,,
2020-06-24 11:13:09,-3.982361,-79.222316,Av. Isidro Ayora,SOLO_DANOS,Choque Vehicular,Equipo de seguridad deficiente,80,LESIONADO,MUJER,OTRO,,,,,,,,
2020-03-11 02:53:34,-4.007103,-79.173584,Calle Bolivar,CON_FALLECIDOS,Accidente Laboral,Via resbaladiza o mojada,44,FALLECIDO,NO_REGISTRA,VEH_LIVIANO,72,FALLECIDO,HOMBRE,OTRO,,,,
2020-02-07 00:00:54,-3.990499,-79.193298,Av. 8 de Diciembre,SOLO_DANOS,Choque Vehicular,Fatiga del conductor,,,,,,,,,,,,
2020-04-12 21:37:46,-4.023857,-79.228195,Calle Azogues,SOLO_DANOS,Accidente Laboral,Via resbaladiza o mojada,,,,,,,,,,,,
2020-06-28 20:41:48,-4.024100,-79.204437,Calle 10 de Agosto,CON_FALLECIDOS,Colision Multiple,Imprudencia del conductor,69,FALLECIDO,MUJER,MOTOCICLETA,,,,,,,,
2020-04-17 15:08:45,-4.025934,-79.197939,Av. Reinaldo Espinosa,CON_LESIONADOS,Caida,Estado de embriaguez,27,LESIONADO,NO_REGISTRA,SCOOTER,,,,,,,,
2020-04-22 11:11:17,-3.988658,-79.185667,Av. Metropolitana,CON_LESIONADOS,Caida,Via resbaladiza o mojada,13,LESIONADO,HOMBRE,CICLISTA,37,LESIONADO,MUJER,OTRO,57,LESIONADO,MUJER,MOTOCICLETA
2020-08-20 12:33:45,-4.025900,-79.198165,Calle Mercadillo,SOLO_DANOS,Colision Multiple,Estado de embriaguez,,,,,,,,,,,,
2020-01-08 07:17:35,-4.019949,-79.225472,Calle 10 de Agosto,CON_FALLECIDOS,Choque Vehicular,Imprudencia del conductor,25,FALLECIDO,MUJER,PEATON,56,FALLECIDO,MUJER,VEH_LIVIANO,56,LESIONADO,HOMBRE,MOTOCICLETA
2020-10-20 09:20:51,-4.024512,-79.199224,Av. Cuxibamba,SOLO_DANOS,Choque Vehicular,Falla mecanica,,,,,,,,,,,,
2020-12-27 02:47:33,-4.008530,-79.221081,Calle Miguel Riofrio,CON_LESIONADOS,Volcamiento,Imprudencia del conductor,28,LESIONADO,NO_REGISTRA,MOTOCICLETA,64,LESIONADO,NO_REGISTRA,VEH_LIVIANO,50,LESIONADO,NO_REGISTRA,OTRO
2020-05-21 01:10:51,-4.033423,-79.180187,Av. Gran Colombia,CON_FALLECIDOS,Atropellamiento,Equipo de seguridad deficiente,47,FALLECIDO,HOMBRE,CICLISTA,51,FALLECIDO,MUJER,VEH_LIVIANO,,,,
2020-06-16 13:37:34,-3.981002,-79.200901,Calle Colon,CON_FALLECIDOS,Volcamiento,Falla mecanica,27,FALLECIDO,MUJER,SCOOTER,67,FALLECIDO,MUJER,CICLISTA,57,LESIONADO,HOMBRE,SCOOTER
2020-11-04 09:35:00,-4.019219,-79.222010,Av. Isidro Ayora,CON_LESIONADOS,Incendio,Fatiga del conductor,23,LESIONADO,NO_REGISTRA,VEH_LIVIANO,69,LESIONADO,MUJER,VEH_LIVIANO,,,,
2020-03-03 02:16:02,-4.004891,-79.194482,Calle Sucre,CON_LESIONADOS,Accidente Laboral,Visibilidad reducida,30,LESIONADO,MUJER,MOTOCICLETA,,,,,,,,
2020-08-27 11:06:01,-3.982235,-79.188655,Av. Manuel Agustin Aguirre,CON_LESIONADOS,Incendio,Factores externos,18,LESIONADO,MUJER,SCOOTER,55,LESIONADO,NO_REGISTRA,MOTOCICLETA,,,,
2020-12-28 11:05:27,-4.021595,-79.229984,Av. Reinaldo Espinosa,CON_FALLECIDOS,Atropellamiento,Visibilidad reducida,50,FALLECIDO,HOMBRE,OTRO,83,FALLECIDO,HOMBRE,VEH_LIVIANO,35,LESIONADO,MUJER,MOTOCICLETA
2020-11-18 18:48:12,-3.994229,-79.226575,Calle Colon,CON_FALLECIDOS,Caida,Visibilidad reducida,47,FALLECIDO,HOMBRE,CICLISTA,72,FALLECIDO,NO_REGISTRA,CICLISTA,71,LESIONADO,HOMBRE,VEH_LIVIANO
2020-08-15 17:34:39,-3.989043,-79.192074,Av. 8 de Diciembre,SOLO_DANOS,Atropellamiento,Via resbaladiza o mojada,,,,,,,,,,,,
2020-10-31 05:47:13,-4.010160,-79.213535,Calle Ramon Borrero,CON_FALLECIDOS,Atropellamiento,Factores externos,27,FALLECIDO,NO_REGISTRA,VEH_LIVIANO,,,,,,,,
2020-06-28 13:48:19,-3.982829,-79.176448,Calle Colon,CON_FALLECIDOS,Incendio,Exceso de velocidad,79,FALLECIDO,MUJER,OTRO,32,LESIONADO,NO_REGISTRA,VEH_LIVIANO,,,,
2020-10-23 06:21:41,-4.013786,-79.193933,Calle Azogues,SOLO_DANOS,Volcamiento,Falla mecanica,,,,,,,,,,,,
2020-01-01 01:58:02,-4.005715,-79.201287,Calle Rocafuerte,CON_FALLECIDOS,Atropellamiento,Estado de embriaguez,53,FALLECIDO,MUJER,SCOOTER,41,FALLECIDO,HOMBRE,SCOOTER,,,,
2020-10-09 03:49:49,-3.980584,-79.192268,Via Loja - Catamayo,CON_LESIONADOS,Volcamiento,Via resbaladiza o mojada,62,LESIONADO,MUJER,CICLISTA,38,LESIONADO,NO_REGISTRA,CICLISTA,38,LESIONADO,HOMBRE,VEH_LIVIANO
2020-10-12 12:42:32,-3.982979,-79.224943,Ruta 35,SOLO_DANOS,Volcamiento,Exceso de velocidad,,,,,,,,,,,,
2020-12-30 21:04:38,-4.009832,-79.209321,Av. Universitaria,CON_LESIONADOS,Accidente Laboral,Visibilidad reducida,21,LESIONADO,MUJER,SCOOTER,,,,,,,,
2020-03-16 04:09:58,-4.036216,-79.229070,Calle Quito,CON_LESIONADOS,Incendio,Visibilidad reducida,23,LESIONADO,MUJER,OTRO,78,LESIONADO,NO_REGISTRA,MOTOCICLETA,40,LESIONADO,NO_REGISTRA,MOTOCICLETA
2020-09-28 06:09:14,-4.014475,-79.193961,Calle Azogues,CON_FALLECIDOS,Choque Vehicular,Exceso de velocidad,22,FALLECIDO,MUJER,MOTOCICLETA,59,LESIONADO,HOMBRE,VEH_LIVIANO,,,,
2020-03-21 11:59:14,-4.003392,-79.206646,Via Loja - Zamora,CON_LESIONADOS,Colision Multiple,Imprudencia del conductor,57,LESIONADO,MUJER,VEH_LIVIANO,,,,,,,,
2020-09-23 06:14:47,-4.005009,-79.176510,Av. Manuel Agustin Aguirre,CON_LESIONADOS,Caida,Falla mecanica,28,LESIONADO,MUJER,CICLISTA,80,LESIONADO,NO_REGISTRA,MOTOCICLETA,,,,
2020-08-27 17:50:09,-4.031444,-79.172858,Av. 8 de Diciembre,CON_FALLECIDOS,Choque Vehicular,Fatiga del conductor,68,FALLECIDO,MUJER,MOTOCICLETA,32,FALLECIDO,HOMBRE,OTRO,45,LESIONADO,MUJER,PEATON
2020-01-09 07:36:31,-3.997486,-79.217608,Via Loja - Zamora,CON_FALLECIDOS,Choque Vehicular,Imprudencia del conductor,76,FALLECIDO,NO_REGISTRA,VEH_LIVIANO,28,FALLECIDO,MUJER,MOTOCICLETA,68,LESIONADO,MUJER,MOTOCICLETA
2020-10-22 08:33:41,-3.992051,-79.213483,Calle Saraguro,CON_LESIONADOS,Choque Vehicular,Falla mecanica,11,LESIONADO,MUJER,PEATON,52,LESIONADO,MUJER,VEH_LIVIANO,63,LESIONADO,HOMBRE,VEH_LIVIANO
2020-03-19 07:16:07,-4.018163,-79.193275,Calle Saraguro,CON_FALLECIDOS,Caida,Mal estado de la via,65,FALLECIDO,MUJER,SCOOTER,57,FALLECIDO,MUJER,CICLISTA,,,,
2020-04-22 20:48:22,-4.032397,-79.184817,Calle Saraguro,CON_FALLECIDOS,Accidente Laboral,Estado de embriaguez,44,FALLECIDO,MUJER,SCOOTER,19,FALLECIDO,NO_REGISTRA,PEATON,8,LESIONADO,HOMBRE,OTRO