fecha_hora,latitud,longitud,via,grado_severidad,tipo_siniestro,causa_probable,victima1_edad,victima1_condicion,victima1_sexo,victima1_actor_vial,victima2_edad,victima2_condicion,victima2_sexo,victima2_actor_vial,victima3_edad,victima3_condicion,victima3_sexo,victima3_actor_vial
2020-11-08 02:30:26,-4.003933,-79.188059,Ruta 35,CON_FALLECIDOS,Volcamiento,Inobservancia de senales,67,FALLECIDO,NO_REGISTRA,CICLISTA,49,LESIONADO,NO_REGISTRA,VEH_LIVIANO,,,,
2020-06-03 06:55:04,-4.022291,-79.220240,Av. Metropolitana,SOLO_DANOS,Atropellamiento,Factores externos,,,,,,,,,,,,
2020-10-17 23:16:57,-3.983734,-79.193325,Calle Quito,CON_FALLECIDOS,Caida,Factores externos,65,FALLECIDO,MUJER,VEH_LIVIANO,,,,,,,,
2020-07-01 15:36:57,-4.004291,-79.183889,Calle Mercadillo,CON_FALLECIDOS,Volcamiento,Imprudencia del conductor,84,FALLECIDO,NO_REGISTRA,VEH_LIVIANO,70,FALLECIDO,NO_REGISTRA,VEH_LIVIANO,48,LESIONADO,NO_REGISTRA,OTRO
2020-12-22 09:52:30,-4.015350,-79.214867,Av. Rosa Hermosa,SOLO_DANOS,Choque Vehicular,Visibilidad reducida,,,,,,,,,,,,
2020-04-27 23:33:47,-3.990846,-79.186690,Calle Mercadillo,SOLO_DANOS,Caida,Inobservancia de senales,,,,,,,,,,,,
2020-01-03 02:47:57,-3.990666,-79.229124,Calle Ramon Borrero,SOLO_DANOS,Atropellamiento,Inobservancia de senales,,,,,,,,,,,,
2020-02-09 13:34:15,-4.036075,-79.208138,Calle Miguel Riofrio,CON_FALLECIDOS,Accidente Laboral,Inobservancia de senales,55,FALLECIDO,HOMBRE,MOTOCICLETA,75,LESIONADO,HOMBRE,SCOOTER,41,LESIONADO,NO_REGISTRA,CICLISTA
2020-01-26 19:49:22,-3.995744,-79.214826,Av. Reinaldo Espinosa,CON_LESIONADOS,Accidente Laboral,Distraccion (celular/radio),80,LESIONADO,HOMBRE,OTRO,,,,,,,,
2020-05-27 05:35:18,-3.981587,-79.227127,Calle Azogues,CON_LESIONADOS,Volcamiento,Mal estado de la via,73,LESIONADO,HOMBRE,PEATON,35,LESIONADO,NO_REGISTRA,CICLISTA,,,,
2020-11-18 22:45:56,-3.980592,-79.230947,Calle Mercadillo,CON_LESIONADOS,Incendio,Exceso de velocidad,27,LESIONADO,MUJER,PEATON,,,,,,,,
2020-12-06 17:05:03,-3.996400,-79.178689,Av. Pio Jaramillo,SOLO_DANOS,Volcamiento,Factores externos,,,,,,,,,,,,
2020-07-08 00:12:36,-4.017404,-79.215748,Calle Azogues,CON_LESIONADOS,Volcamiento,Visibilidad reducida,55,LESIONADO,HOMBRE,CICLISTA,78,LESIONADO,MUJER,CICLISTA,,,,
2020-03-09 21:33:34,-4.006392,-79.181884,Av. Rosa Hermosa,CON_LESIONADOS,Accidente Laboral,Imprudencia del conductor,76,LESIONADO,HOMBRE,MOTOCICLETA,5,LESIONADO,NO_REGISTRA,MOTOCICLETA,,,,
2020-06-28 10:51:32,-3.989147,-79.180847,Av. Universitaria,CON_FALLECIDOS,Incendio,Imprudencia del conductor,28,FALLECIDO,NO_REGISTRA,SCOOTER,20,FALLECIDO,MUJER,SCOOTER,68,LESIONADO,MUJER,OTRO
2020-05-06 07:38:31,-3.981658,-79.192517,Calle Miguel Riofrio,CON_FALLECIDOS,Colision Multiple,Fatiga del conductor,60,FALLECIDO,MUJER,OTRO,73,FALLECIDO,HOMBRE,VEH_LIVIANO,,,,
2020-12-29 22:49:25,-4.031821,-79.175581,Calle Bolivar,SOLO_DANOS,Incendio,Factores externos,,,,,,,,,,,,
2020-05-01 01:02:31,-3.992671,-79.199302,Av. Pio Jaramillo,CON_LESIONADOS,Volcamiento,Visibilidad reducida,20,LESIONADO,HOMBRE,PEATON,39,LESIONADO,HOMBRE,PEATON,60,LESIONADO,HOMBRE,VEH_LIVIANO
2020-10-26 07:31:28,-4.006723,-79.194958,Av. Manuel Agustin Aguirre,CON_LESIONADOS,Incendio,Estado de embriaguez,65,LESIONADO,NO_REGISTRA,CICLISTA,12,LESIONADO,HOMBRE,CICLISTA,,,,
2020-09-06 00:05:07,-3.998318,-79.214499,Calle Imbabura,SOLO_DANOS,Incendio,Inobservancia de senales,,,,,,,,,,,,
2020-11-29 22:06:38,-4.006379,-79.208283,Av. Cuxibamba,CON_LESIONADOS,Caida,Mal estado de la via,65,LESIONADO,HOMBRE,PEATON,78,LESIONADO,NO_REGISTRA,VEH_LIVIANO,,,,
2020-10-17 02:22:20,-3.982433,-79.178797,Via Loja - Catamayo,SOLO_DANOS,Atropellamiento,Distraccion (celular/radio),,,,,,,,,,,,
2020-02-06 01:17:18,-4.009716,-79.176413,Av. Reinaldo Espinosa,CON_LESIONADOS,Volcamiento,Fatiga del conductor,79,LESIONADO,HOMBRE,MOTOCICLETA,70,LESIONADO,MUJER,MOTOCICLETA,,,,
2020-03-26 09:25:19,-3.983854,-79.229613,Calle Sucre,SOLO_DANOS,Volcamiento,Fatiga del conductor,,,,,,,,,,,,
2020-10-16 22:29:22,-4.013307,-79.228793,Av. Orillas del Zamora,CON_FALLECIDOS,Volcamiento,Via resbaladiza o mojada,50,FALLECIDO,HOMBRE,CICLISTA,,,,,,,,
2020-11-27 11:18:26,-3.987425,-79.222363,Av. Cuxibamba,CON_FALLECIDOS,Volcamiento,Visibilidad reducida,26,FALLECIDO,MUJER,VEH_LIVIANO,,,,,,,,
2020-09-12 06:01:39,-4.028678,-79.207273,Via Loja - Catamayo,CON_FALLECIDOS,Caida,Imprudencia del conductor,37,FALLECIDO,NO_REGISTRA,MOTOCICLETA,51,FALLECIDO,NO_REGISTRA,PEATON,,,,
2020-04-22 09:05:35,-4.001136,-79.177962,Calle Colon,CON_LESIONADOS,Atropellamiento,Estado de embriaguez,41,LESIONADO,HOMBRE,CICLISTA,76,LESIONADO,MUJER,SCOOTER,,,,
2020-04-08 09:48:16,-3.997632,-79.205502,Calle Colon,SOLO_DANOS,Incendio,Mal estado de la via,,,,,,,,,,,,
2020-05-26 01:50:17,-3.999236,-79.214959,Calle Rocafuerte,CON_LESIONADOS,Choque Vehicular,Imprudencia del conductor,33,LESIONADO,NO_REGISTRA,VEH_LIVIANO,,,,,,,,
2020-12-14 04:07:58,-3.988509,-79.218608,Calle Imbabura,SOLO_DANOS,Volcamiento,Estado de embriaguez,,,,,,,,,,,,
2020-10-31 05:49:37,-4.026272,-79.203552,Via Loja - Zamora,CON_FALLECIDOS,Accidente Laboral,Visibilidad reducida,34,FALLECIDO,NO_REGISTRA,VEH_LIVIANO,,,,,,,,
2020-05-22 09:15:13,-3.995953,-79.220294,Av. Isidro Ayora,CON_FALLECIDOS,Choque Vehicular,Fatiga del conductor,69,FALLECIDO,MUJER,OTRO,19,LESIONADO,HOMBRE,MOTOCICLETA,,,,
2020-04-27 01:34:51,-4.008271,-79.215936,Av. Manuel Agustin Aguirre,CON_FALLECIDOS,Incendio,Falla mecanica,57,FALLECIDO,NO_REGISTRA,SCOOTER,47,FALLECIDO,NO_REGISTRA,SCOOTER,,,,
2020-03-10 08:27:49,-4.011440,-79.223343,Calle Colon,CON_FALLECIDOS,Accidente Laboral,Estado de embriaguez,63,FALLECIDO,NO_REGISTRA,MOTOCICLETA,29,FALLECIDO,HOMBRE,CICLISTA,,,,
2020-06-21 17:59:45,-4.033323,-79.187762,Av. Metropolitana,SOLO_DANOS,Caida,Visibilidad reducida,,,,,,,,,,,,
2020-09-14 20:14:51,-3.988662,-79.204086,Av. Rosa Hermosa,CON_LESIONADOS,Caida,Falla mecanica,57,LESIONADO,HOMBRE,CICLISTA,,,,,,,,
2020-12-14 11:31:10,-4.020313,-79.188151,Via Loja - Zamora,CON_FALLECIDOS,Choque Vehicular,Exceso de velocidad,83,FALLECIDO,NO_REGISTRA,PEATON,21,FALLECIDO,NO_REGISTRA,SCOOTER,,,,
2020-03-25 06:16:36,-4.030544,-79.200267,Calle 10 de Agosto,CON_LESIONADOS,Choque Vehicular,Distraccion (celular/radio),33,LESIONADO,HOMBRE,MOTOCICLETA,70,LESIONADO,HOMBRE,SCOOTER,14,LESIONADO,MUJER,VEH_LIVIANO
2020-03-07 11:34:39,-4.033831,-79.199018,Calle Mercadillo,SOLO_DANOS,Caida,Equipo de seguridad deficiente,,,,,,,,,,,,
2020-12-19 02:52:01,-4.009445,-79.184073,Calle Imbabura,CON_LESIONADOS,Accidente Laboral,Equipo de seguridad deficiente,76,LESIONADO,NO_REGISTRA,CICLISTA,66,LESIONADO,MUJER,MOTOCICLETA,71,LESIONADO,MUJER,VEH_LIVIANO
2020-06-22 20:44:55,-3.981794,-79.186729,Av. Orillas del Zamora,SOLO_DANOS,Incendio,Inobservancia de senales,,,,,,,,,,,,
2020-04-13 18:36:12,-4.016601,-79.189596,Av. Cuxibamba,SOLO_DANOS,Choque Vehicular,Distraccion (celular/radio),,,,,,,,,,,,
2020-06-24 07:15:17,-4.009029,-79.207929,Calle Azogues,CON_FALLECIDOS,Caida,Distraccion (celular/radio),46,FALLECIDO,NO_REGISTRA,MOTOCICLETA,32,LESIONADO,NO_REGISTRA,OTRO,63,LESIONADO,HOMBRE,SCOOTER
2020-05-31 16:37:09,-4.028131,-79.176172,Calle Rocafuerte,SOLO_DANOS,Atropellamiento,Mal estado de la via,,,,,,,,,,,,
2020-03-25 18:56:05,-4.004904,-79.192029,Av. 8 de Diciembre,SOLO_DANOS,Caida,Factores externos,,,,,,,,,,,,
2020-08-20 12:38:12,-4.030904,-79.185166,Calle Ramon Borrero,CON_LESIONADOS,Choque Vehicular,Inobservancia de senales,57,LESIONADO,NO_REGISTRA,MOTOCICLETA,80,LESIONADO,HOMBRE,MOTOCICLETA,37,LESIONADO,MUJER,VEH_LIVIANO
2020-10-07 21:41:41,-3.998855,-79.195335,Av. Reinaldo Espinosa,CON_LESIONADOS,Atropellamiento,Distraccion (celular/radio),28,LESIONADO,HOMBRE,PEATON,44,LESIONADO,NO_REGISTRA,CICLISTA,6,LESIONADO,MUJER,CICLISTA
2020-01-07 20:12:58,-3.990872,-79.180461,Ruta 35,CON_FALLECIDOS,Choque Vehicular,Inobservancia de senales,59,FALLECIDO,NO_REGISTRA,MOTOCICLETA,48,FALLECIDO,NO_REGISTRA,VEH_LIVIANO,61,LESIONADO,NO_REGISTRA,SCOOTER
2020-06-16 10:28:31,-4.023881,-79.225376,Av. Gran Colombia,SOLO_DANOS,Colision Multiple,Mal estado de la via,,,,,,,,,,,,
2020-01-27 05:55:34,-3.990247,-79.172747,Av. Universitaria,CON_FALLECIDOS,Colision Multiple,Estado de embriaguez,29,FALLECIDO,HOMBRE,OTRO,73,FALLECIDO,HOMBRE,SCOOTER,28,LESIONADO,NO_REGISTRA,CICLISTA
2020-12-09 22:50:06,-3.990903,-79.189968,Calle Colon,CON_FALLECIDOS,Volcamiento,Falla mecanica,34,FALLECIDO,NO_REGISTRA,CICLISTA,,,,,,,,
2020-11-09 05:10:17,-4.035954,-79.190624,Calle Rocafuerte,CON_LESIONADOS,Accidente Laboral,Inobservancia de senales,17,LESIONADO,HOMBRE,VEH_LIVIANO,,,,,,,,
2020-03-14 11:49:31,-4.030475,-79.221952,Calle Rocafuerte,CON_LESIONADOS,Incendio,Distraccion (celular/radio),53,LESIONADO,HOMBRE,CICLISTA,13,LESIONADO,MUJER,MOTOCICLETA,,,,
2020-02-06 04:02:15,-4.025616,-79.220359,Calle Ramon Borrero,CON_LESIONADOS,Choque Vehicular,Factores externos,13,LESIONADO,NO_REGISTRA,OTRO,53,LESIONADO,MUJER,MOTOCICLETA,,,,
2020-03-25 10:44:22,-4.009728,-79.179883,Calle 18 de Noviembre,CON_LESIONADOS,Volcamiento,Via resbaladiza o mojada,12,LESIONADO,NO_REGISTRA,SCOOTER,,,,,,,,
2020-10-16 02:16:13,-4.019010,-79.174218,Calle Saraguro,CON_LESIONADOS,Caida,Equipo de seguridad deficiente,56,LESIONADO,HOMBRE,VEH_LIVIANO,,,,,,,,
2020-09-12 15:52:13,-3.994265,-79.203473,Calle Montufar,SOLO_DANOS,Incendio,Distraccion (celular/radio),,,,,,,,,,,,
2020-01-14 07:33:18,-3.993112,-79.184113,Calle Colon,SOLO_DANOS,Volcamiento,Equipo de seguridad deficiente,,,,,,,,,,,,
2020-10-03 19:33:41,-4.003395,-79.186959,Av. Manuel Agustin Aguirre,CON_FALLECIDOS,Incendio,Factores externos,60,FALLECIDO,NO_REGISTRA,OTRO,27,FALLECIDO,HOMBRE,SCOOTER,,,,
2020-06-27 03:55:24,-3.980913,-79.193163,Calle Azogues,SOLO_DANOS,Accidente Laboral,Visibilidad reducida,,,,,,,,,,,,
2020-12-02 13:20:58,-4.032744,-79.204822,Av. Pio Jaramillo,SOLO_DANOS,Colision Multiple,Falla mecanica,,,,,,,,,,,,
2020-09-08 05:20:25,-4.012419,-79.194746,Via Loja - Zamora,SOLO_DANOS,Incendio,Falla mecanica,,,,,,,,,,,,
2020-04-13 13:44:39,-4.028743,-79.188909,Av. Universitaria,CON_LESIONADOS,Volcamiento,Factores externos,57,LESIONADO,HOMBRE,SCOOTER,54,LESIONADO,HOMBRE,CICLISTA,12,LESIONADO,NO_REGISTRA,SCOOTER
2020-04-13 09:55:23,-3.978860,-79.227963,Calle 18 de Noviembre,CON_LESIONADOS,Colision Multiple,Visibilidad reducida,42,LESIONADO,NO_REGISTRA,CICLISTA,,,,,,,,
2020-06-01 11:29:18,-3.984465,-79.188831,Calle Azogues,CON_LESIONADOS,Caida,Distraccion (celular/radio),27,LESIONADO,NO_REGISTRA,MOTOCICLETA,,,,,,,,
2020-07-22 05:32:24,-3.980793,-79.218148,Calle Ramon Borrero,SOLO_DANOS,Colision Multiple,Fatiga del conductor,,,,,,,,,,,,
2020-12-31 12:42:50,-3.998920,-79.211220,Calle Saraguro,SOLO_DANOS,Caida,Visibilidad reducida,,,,,,,,,,,,
2020-03-05 22:30:46,-3.991593,-79.180523,Ruta 35,SOLO_DANOS,Caida,Estado de embriaguez,,,,,,,,,,,,
2020-03-03 17:14:25,-4.009919,-79.228853,Ruta 35,CON_LESIONADOS,Accidente Laboral,Factores externos,13,LESIONADO,NO_REGISTRA,MOTOCICLETA,7,LESIONADO,HOMBRE,SCOOTER,10,LESIONADO,HOMBRE,CICLISTA
2020-08-17 06:23:09,-3.980628,-79.172761,Calle Rocafuerte,CON_FALLECIDOS,Incendio,Distraccion (celular/radio),18,FALLECIDO,MUJER,PEATON,80,LESIONADO,HOMBRE,OTRO,68,LESIONADO,NO_REGISTRA,CICLISTA
2020-10-26 08:09:33,-4.031884,-79.205198,Calle Sucre,SOLO_DANOS,Choque Vehicular,Equipo de seguridad deficiente,,,,,,,,,,,,
2020-05-09 15:48:46,-4.005167,-79.214131,Calle Sucre,SOLO_DANOS,Incendio,Exceso de velocidad,19,LESIONADO,HOMBRE,VEH_LIVIANO,,,,,,,,
2020-10-01 21:06:41,-4.001517,-79.211770,Calle Rocafuerte,SOLO_DANOS,Caida,Via resbaladiza o mojada,,,,,,,,,,,,
2020-06-14 04:52:21,-4.032304,-79.226263,Via Loja - Catamayo,CON_LESIONADOS,Accidente Laboral,Distraccion (celular/radio),10,LESIONADO,MUJER,VEH_LIVIANO,68,LESIONADO,MUJER,SCOOTER,28,LESIONADO,MUJER,SCOOTER
2020-10-03 01:11:21,-4.034249,-79.173682,Calle Sucre,SOLO_DANOS,Incendio,Imprudencia del conductor,,,,,,,,,,,,
2020-02-14 00:20:40,-4.013237,-79.198366,Calle Colon,CON_LESIONADOS,Accidente Laboral,Via resbaladiza o mojada,56,LESIONADO,NO_REGISTRA,PEATON,17,LESIONADO,MUJER,MOTOCICLETA,,,,
2020-07-23 01:31:22,-4.005143,-79.218045,Calle 10 de Agosto,CON_FALLECIDOS,Accidente Laboral,Equipo de seguridad deficiente,68,FALLECIDO,MUJER,SCOOTER,32,FALLECIDO,HOMBRE,PEATON,35,LESIONADO,HOMBRE,VEH_LIVIANO
2020-03-25 15:29:18,-4.023490,-79.192176,Av. 8 de Diciembre,SOLO_DANOS,Atropellamiento,Equipo de seguridad deficiente,,,,,,,,,,,,
2020-08-02 14:57:14,-4.033888,-79.207353,Calle Bolivar,SOLO_DANOS,Accidente Laboral,Distraccion (celular/radio),,,,,,,,,,,,
2020-10-27 23:38:17,-3.977809,-79.196459,Av. 8 de Diciembre,CON_LESIONADOS,Atropellamiento,Equipo de seguridad deficiente,46,LESIONADO,MUJER,SCOOTER,52,LESIONADO,MUJER,SCOOTER,37,LESIONADO,MUJER,VEH_LIVIANO
2020-06-25 04:06:58,-4.032671,-79.197034,Av. Gran Colombia,SOLO_DANOS,Colision Multiple,Estado de embriaguez,20,LESIONADO,NO_REGISTRA,CICLISTA,,,,,,,,
2020-03-10 23:03:00,-3.993906,-79.185689,Calle Colon,CON_LESIONADOS,Caida,Via resbaladiza o mojada,77,LESIONADO,HOMBRE,OTRO,,,,,,,,
2020-09-23 02:42:49,-4.023386,-79.229533,Av. Universitaria,CON_LESIONADOS,Atropellamiento,Estado de embriaguez,41,LESIONADO,HOMBRE,VEH_LIVIANO,,,,,,,,
2020-11-15 06:27:45,-4.015837,-79.228206,Av. Pio Jaramillo,SOLO_DANOS,Atropellamiento,Inobservancia de senales,,,,,,,,,,,,
2020-09-27 00:11:06,-3.986453,-79.211947,Calle Bolivar,SOLO_DANOS,Volcamiento,Fatiga del conductor,,,,,,,,,,,,
2020-07-30 15:50:59,-4.029540,-79.203394,Calle Saraguro,CON_LESIONADOS,Caida,Distraccion (celular/radio),21,LESIONADO,NO_REGISTRA,MOTOCICLETA,19,LESIONADO,MUJER,OTRO,,,,
2020-10-23 19:32:23,-4.015387,-79.177746,Calle Mercadillo,CON_LESIONADOS,Colision Multiple,Fatiga del conductor,68,LESIONADO,NO_REGISTRA,VEH_LIVIANO,73,LESIONADO,HOMBRE,PEATON,16,LESIONADO,MUJER,VEH_LIVIANO
2020-09-12 08:56:30,-3.999475,-79.179904,Av. Cuxibamba,CON_FALLECIDOS,Caida,Factores externos,80,FALLECIDO,NO_REGISTRA,SCOOTER,41,FALLECIDO,HOMBRE,PEATON,,,,
2020-12-21 21:41:49,-3.997972,-79.217869,Calle Azogues,SOLO_DANOS,Volcamiento,Imprudencia del conductor,,,,,,,,,,,,
2020-06-06 12:31:59,-4.022543,-79.218182,Calle 18 de Noviembre,SOLO_DANOS,Incendio,Estado de embriaguez,,,,,,,,,,,,
2020-12-04 18:57:56,-4.023202,-79.229908,Av. Orillas del Zamora,CON_FALLECIDOS,Incendio,Estado de embriaguez,30,FALLECIDO,NO_REGISTRA,SCOOTER,43,LESIONADO,NO_REGISTRA,VEH_LIVIANO,39,LESIONADO,HOMBRE,MOTOCICLETA
2020-02-04 17:33:38,-4.010687,-79.171397,Calle Colon,CON_FALLECIDOS,Choque Vehicular,Mal estado de la via,72,FALLECIDO,HOMBRE,MOTOCICLETA,79,FALLECIDO,HOMBRE,MOTOCICLETA,55,LESIONADO,NO_REGISTRA,SCOOTER
2020-05-21 03:19:11,-4.013815,-79.192493,Av. Pio Jaramillo,CON_LESIONADOS,Incendio,Distraccion (celular/radio),40,LESIONADO,MUJER,CICLISTA,17,LESIONADO,MUJER,MOTOCICLETA,48,LESIONADO,HOMBRE,CICLISTA
2020-05-05 09:57:57,-4.034544,-79.175653,Av. Manuel Agustin Aguirre,CON_FALLECIDOS,Accidente Laboral,Via resbaladiza o mojada,58,FALLECIDO,HOMBRE,MOTOCICLETA,,,,,,,,
2020-08-13 22:11:03,-4.006988,-79.203557,Calle Quito,CON_LESIONADOS,Colision Multiple,Falla mecanica,60,LESIONADO,HOMBRE,PEATON,36,LESIONADO,NO_REGISTRA,SCOOTER,32,LESIONADO,MUJER,CICLISTA
2020-07-23 21:22:12,-4.033948,-79.216759,Calle Mercadillo,CON_LESIONADOS,Volcamiento,Exceso de velocidad,33,LESIONADO,HOMBRE,OTRO,,,,,,,,
2020-01-09 09:47:36,-4.025100,-79.192075,Calle Saraguro,CON_FALLECIDOS,Incendio,Mal estado de la via,35,FALLECIDO,NO_REGISTRA,OTRO,67,FALLECIDO,MUJER,PEATON,,,,
2020-10-22 09:33:11,-3.993333,-79.190541,Av. Manuel Agustin Aguirre,SOLO_DANOS,Volcamiento,Visibilidad reducida,,,,,,,,,,,,
2020-06-23 12:01:03,-4.036184,-79.174165,Calle 18 de Noviembre,CON_FALLECIDOS,Colision Multiple,Inobservancia de senales,75,FALLECIDO,MUJER,VEH_LIVIANO,80,LESIONADO,HOMBRE,MOTOCICLETA,18,LESIONADO,HOMBRE,PEATON
2020-07-17 05:25:45,-4.015330,-79.186510,Calle Colon,CON_FALLECIDOS,Volcamiento,Visibilidad reducida,71,FALLECIDO,MUJER,SCOOTER,62,FALLECIDO,MUJER,CICLISTA,25,LESIONADO,NO_REGISTRA,PEATON
2020-10-07 11:04:58,-4.035330,-79.174808,Calle Saraguro,CON_LESIONADOS,Caida,Factores externos,50,LESIONADO,NO_REGISTRA,SCOOTER,,,,,,,,
2020-09-13 20:40:23,-4.008912,-79.175948,Av. Reinaldo Espinosa,CON_FALLECIDOS,Volcamiento,Via resbaladiza o mojada,84,FALLECIDO,NO_REGISTRA,VEH_LIVIANO,28,LESIONADO,HOMBRE,MOTOCICLETA,,,,
2020-01-12 16:02:25,-4.016207,-79.200900,Calle Miguel Riofrio,CON_FALLECIDOS,Incendio,Exceso de velocidad,52,FALLECIDO,MUJER,CICLISTA,48,LESIONADO,HOMBRE,MOTOCICLETA,,,,
2020-01-23 21:20:36,-3.980240,-79.192889,Calle Sucre,CON_LESIONADOS,Choque Vehicular,Imprudencia del conductor,59,LESIONADO,MUJER,CICLISTA,80,LESIONADO,NO_REGISTRA,PEATON,73,LESIONADO,NO_REGISTRA,CICLISTA
2020-12-27 09:45:02,-4.032756,-79.204551,Calle Mercadillo,CON_FALLECIDOS,Volcamiento,Equipo de seguridad deficiente,72,FALLECIDO,HOMBRE,MOTOCICLETA,84,FALLECIDO,NO_REGISTRA,SCOOTER,31,LESIONADO,NO_REGISTRA,VEH_LIVIANO
2020-08-11 03:56:14,-3.986133,-79.208442,Av. Cuxibamba,SOLO_DANOS,Accidente Laboral,Visibilidad reducida,,,,,,,,,,,,
2020-02-08 01:02:15,-3.979638,-79.230499,Av. Isidro Ayora,CON_FALLECIDOS,Caida,Imprudencia del conductor,85,FALLECIDO,HOMBRE,OTRO,84,FALLECIDO,HOMBRE,OTRO,53,LESIONADO,MUJER,CICLISTA
2020-08-16 23:40:19,-4.017531,-79.171588,Av. Metropolitana,CON_LESIONADOS,Choque Vehicular,Mal estado de la via,78,LESIONADO,MUJER,CICLISTA,24,LESIONADO,MUJER,CICLISTA,,,,
2020-12-17 06:35:32,-4.011029,-79.218496,Av. Rosa Hermosa,CON_LESIONADOS,Incendio,Equipo de seguridad deficiente,55,LESIONADO,NO_REGISTRA,OTRO,55,LESIONADO,HOMBRE,CICLISTA,,,,
2020-05-05 01:10:50,-3.981055,-79.196949,Calle Azogues,CON_FALLECIDOS,Colision Multiple,Factores externos,72,FALLECIDO,NO_REGISTRA,SCOOTER,79,FALLECIDO,HOMBRE,CICLISTA,9,LESIONADO,HOMBRE,OTRO
2020-10-05 17:09:12,-4.026837,-79.210151,Calle 10 de Agosto,CON_FALLECIDOS,Incendio,Imprudencia del conductor,26,FALLECIDO,NO_REGISTRA,CICLISTA,,,,,,,,
2020-03-03 13:47:38,-3.992935,-79.229559,Calle Montufar,CON_FALLECIDOS,Incendio,Distraccion (celular/radio),83,FALLECIDO,MUJER,PEATON,73,FALLECIDO,HOMBRE,PEATON,,,,
2020-05-06 14:18:04,-3.978005,-79.191932,Av. 8 de Diciembre,CON_LESIONADOS,Incendio,Estado de embriaguez,13,LESIONADO,HOMBRE,OTRO,40,LESIONADO,NO_REGISTRA,SCOOTER,62,LESIONADO,MUJER,MOTOCICLETA
2020-09-11 11:35:18,-4.028613,-79.183921,Calle Bolivar,CON_LESIONADOS,Accidente Laboral,Distraccion (celular/radio),13,LESIONADO,NO_REGISTRA,PEATON,22,LESIONADO,NO_REGISTRA,OTRO,73,LESIONADO,NO_REGISTRA,MOTOCICLETA
2020-08-30 00:02:12,-4.031317,-79.189287,Av. Universitaria,SOLO_DANOS,Accidente Laboral,Imprudencia del conductor,,,,,,,,,,,,
2020-02-22 03:25:47,-4.016277,-79.188565,Calle Montufar,SOLO_DANOS,Accidente Laboral,Exceso de velocidad,,,,,,,,,,,,
2020-01-31 14:20:59,-4.032173,-79.208795,Av. Gran Colombia,SOLO_DANOS,Volcamiento,Via resbaladiza o mojada,,,,,,,,,,,,
2020-07-07 04:59:34,-4.019712,-79.189420,Av. Pio Jaramillo,SOLO_DANOS,Incendio,Distraccion (celular/radio),,,,,,,,,,,,
2020-09-13 02:27:16,-4.017223,-79.176723,Calle Montufar,CON_LESIONADOS,Colision Multiple,Visibilidad reducida,61,LESIONADO,HOMBRE,VEH_LIVIANO,46,LESIONADO,MUJER,PEATON,76,LESIONADO,NO_REGISTRA,CICLISTA
2020-10-12 02:17:00,-3.999902,-79.213295,Calle 10 de Agosto,CON_FALLECIDOS,Atropellamiento,Exceso de velocidad,25,FALLECIDO,MUJER,SCOOTER,18,FALLECIDO,NO_REGISTRA,VEH_LIVIANO,26,LESIONADO,MUJER,SCOOTER
2020-09-05 04:03:01,-3.996490,-79.226680,Av. Reinaldo Espinosa,CON_FALLECIDOS,Incendio,Estado de embriaguez,84,FALLECIDO,NO_REGISTRA,OTRO,84,FALLECIDO,HOMBRE,SCOOTER,33,LESIONADO,HOMBRE,VEH_LIVIANO
2020-08-31 18:47:09,-4.004013,-79.209340,Av. Metropolitana,SOLO_DANOS,Atropellamiento,Mal estado de la via,,,,,,,,,,,,
2020-05-16 04:02:48,-3.987105,-79.202248,Av. 8 de Diciembre,SOLO_DANOS,Colision Multiple,Falla mecanica,,,,,,,,,,,,
2020-05-08 01:43:16,-4.032547,-79.213699,Calle Saraguro,CON_FALLECIDOS,Accidente Laboral,Inobservancia de senales,34,FALLECIDO,NO_REGISTRA,SCOOTER,56,LESIONADO,MUJER,PEATON,20,LESIONADO,HOMBRE,VEH_LIVIANO
2020-04-29 14:00:50,-3.987253,-79.211648,Av. Metropolitana,CON_LESIONADOS,Atropellamiento,Falla mecanica,30,LESIONADO,HOMBRE,SCOOTER,,,,,,,,
2020-11-02 17:42:48,-4.000415,-79.226658,Calle Bolivar,CON_LESIONADOS,Incendio,Exceso de velocidad,67,LESIONADO,NO_REGISTRA,SCOOTER,,,,,,,,
2020-07-28 07:40:56,-4.000921,-79.180662,Calle Ramon Borrero,CON_LESIONADOS,Atropellamiento,Via resbaladiza o mojada,73,LESIONADO,HOMBRE,VEH_LIVIANO,40,LESIONADO,NO_REGISTRA,PEATON,38,LESIONADO,NO_REGISTRA,OTRO
2020-05-14 09:16:07,-4.036068,-79.171576,Av. Manuel Agustin Aguirre,SOLO_DANOS,Atropellamiento,Exceso de velocidad,,,,,,,,,,,,
2020-03-11 23:32:46,-4.025751,-79.185470,Av. Isidro Ayora,SOLO_DANOS,Atropellamiento,Visibilidad reducida,,,,,,,,,,,,
2020-07-26 11:17:05,-4.003049,-79.224236,Av. Orillas del Zamora,CON_FALLECIDOS,Colision Multiple,Mal estado de la via,28,FALLECIDO,NO_REGISTRA,CICLISTA,67,FALLECIDO,HOMBRE,MOTOCICLETA,,,,
2020-09-01 07:22:29,-4.001047,-79.179769,Calle Saraguro,CON_LESIONADOS,Choque Vehicular,Imprudencia del conductor,74,LESIONADO,HOMBRE,OTRO,,,,,,,,