fecha_hora,latitud,longitud,via,grado_severidad,tipo_siniestro,causa_probable,victima1_edad,victima1_condicion,victima1_sexo,victima1_actor_vial,victima2_edad,victima2_condicion,victima2_sexo,victima2_actor_vial,victima3_edad,victima3_condicion,victima3_sexo,victima3_actor_vial
2020-06-18 14:00:23,-4.013565,-79.203534,Av. Rosa Hermosa,SOLO_DANOS,Choque Vehicular,Falla mecanica,,,,,,,,,,,,
2020-05-15 16:37:21,-4.009862,-79.190111,Calle 18 de Noviembre,CON_LESIONADOS,Colision Multiple,Visibilidad reducida,68,LESIONADO,MUJER,MOTOCICLETA,78,LESIONADO,NO_REGISTRA,OTRO,35,LESIONADO,NO_REGISTRA,CICLISTA
2020-04-29 03:51:46,-4.006556,-79.212554,Calle Mercadillo,SOLO_DANOS,Incendio,Distraccion (celular/radio),,,,,,,,,,,,
2020-04-11 13:34:55,-3.993063,-79.179033,Calle Saraguro,CON_FALLECIDOS,Incendio,Factores externos,36,FALLECIDO,HOMBRE,SCOOTER,68,FALLECIDO,NO_REGISTRA,CICLISTA,8,LESIONADO,NO_REGISTRA,SCOOTER
2020-06-14 05:26:27,-4.005651,-79.199386,Av. Reinaldo Espinosa,CON_FALLECIDOS,Incendio,Via resbaladiza o mojada,32,FALLECIDO,HOMBRE,OTRO,76,LESIONADO,HOMBRE,MOTOCICLETA,,,,
2020-02-19 09:13:15,-4.020630,-79.182245,Av. Universitaria,CON_LESIONADOS,Choque Vehicular,Inobservancia de senales,73,LESIONADO,MUJER,OTRO,,,,,,,,
2020-07-23 07:22:42,-4.001859,-79.207554,Av. Orillas del Zamora,SOLO_DANOS,Volcamiento,Exceso de velocidad,,,,,,,,,,,,
2020-10-28 16:01:13,-4.021448,-79.203950,Calle Quito,CON_FALLECIDOS,Accidente Laboral,Imprudencia del conductor,64,FALLECIDO,MUJER,CICLISTA,39,LESIONADO,MUJER,MOTOCICLETA,47,LESIONADO,HOMBRE,SCOOTER
2020-01-18 00:27:42,-4.027306,-79.220469,Calle Rocafuerte,CON_FALLECIDOS,Choque Vehicular,Mal estado de la via,32,FALLECIDO,NO_REGISTRA,VEH_LIVIANO,43,LESIONADO,MUJER,OTRO,,,,
2020-06-18 12:23:15,-4.015557,-79.179322,Calle Quito,SOLO_DANOS,Atropellamiento,Exceso de velocidad,,,,,,,,,,,,
2020-08-15 19:32:26,-4.015111,-79.194913,Calle Ramon Borrero,CON_LESIONADOS,Choque Vehicular,Distraccion (celular/radio),76,LESIONADO,MUJER,VEH_LIVIANO,55,LESIONADO,HOMBRE,PEATON,,,,
2020-02-08 05:20:24,-4.029802,-79.223672,Calle Bolivar,CON_LESIONADOS,Caida,Estado de embriaguez,47,LESIONADO,HOMBRE,SCOOTER,14,LESIONADO,MUJER,PEATON,,,,
2020-02-16 12:13:39,-4.011933,-79.177675,Av. Cuxibamba,CON_FALLECIDOS,Atropellamiento,Exceso de velocidad,48,FALLECIDO,MUJER,SCOOTER,51,LESIONADO,HOMBRE,MOTOCICLETA,,,,
2020-04-23 09:21:57,-3.981020,-79.200757,Calle Miguel Riofrio,SOLO_DANOS,Accidente Laboral,Exceso de velocidad,,,,,,,,,,,,
2020-12-23 22:02:21,-3.984710,-79.171236,Calle Azogues,SOLO_DANOS,Atropellamiento,Imprudencia del conductor,,,,,,,,,,,,
2020-09-06 01:06:36,-4.011203,-79.188689,Av. Orillas del Zamora,CON_FALLECIDOS,Choque Vehicular,Visibilidad reducida,25,FALLECIDO,HOMBRE,CICLISTA,63,FALLECIDO,MUJER,PEATON,,,,
2020-04-25 00:58:10,-4.019675,-79.205834,Av. Reinaldo Espinosa,CON_FALLECIDOS,Choque Vehicular,Via resbaladiza o mojada,83,FALLECIDO,NO_REGISTRA,PEATON,29,FALLECIDO,NO_REGISTRA,MOTOCICLETA,,,,
2020-07-12 23:03:10,-4.028655,-79.202849,Calle Quito,CON_LESIONADOS,Caida,Via resbaladiza o mojada,49,LESIONADO,NO_REGISTRA,PEATON,,,,,,,,
2020-11-28 19:54:38,-3.978766,-79.195679,Calle Quito,CON_FALLECIDOS,Choque Vehicular,Estado de embriaguez,50,FALLECIDO,HOMBRE,OTRO,33,LESIONADO,MUJER,OTRO,77,LESIONADO,HOMBRE,SCOOTER
2020-09-27 02:41:27,-3.977932,-79.220219,Av. 8 de Diciembre,CON_LESIONADOS,Caida,Inobservancia de senales,12,LESIONADO,MUJER,MOTOCICLETA,62,LESIONADO,NO_REGISTRA,MOTOCICLETA,,,,
2020-03-06 17:40:36,-4.029967,-79.200551,Calle Saraguro,CON_FALLECIDOS,Volcamiento,Distraccion (celular/radio),18,FALLECIDO,HOMBRE,MOTOCICLETA,47,LESIONADO,NO_REGISTRA,OTRO,67,LESIONADO,MUJER,OTRO
2020-05-20 14:00:53,-4.030916,-79.206602,Via Loja - Zamora,SOLO_DANOS,Colision Multiple,Fatiga del conductor,,,,,,,,,,,,
2020-01-14 06:21:00,-4.001481,-79.178709,Av. Pio Jaramillo,CON_LESIONADOS,Caida,Mal estado de la via,59,LESIONADO,HOMBRE,OTRO,49,LESIONADO,MUJER,CICLISTA,18,LESIONADO,NO_REGISTRA,SCOOTER
2020-02-11 01:32:54,-4.029547,-79.196896,Av. Manuel Agustin Aguirre,CON_LESIONADOS,Accidente Laboral,Estado de embriaguez,40,LESIONADO,NO_REGISTRA,CICLISTA,6,LESIONADO,MUJER,MOTOCICLETA,,,,
2020-12-02 14:37:18,-3.991795,-79.181752,Av. Universitaria,CON_FALLECIDOS,Atropellamiento,Equipo de seguridad deficiente,31,FALLECIDO,HOMBRE,VEH_LIVIANO,42,FALLECIDO,MUJER,PEATON,46,LESIONADO,MUJER,MOTOCICLETA
2020-09-12 07:36:46,-3.993529,-79.210261,Ruta 35,SOLO_DANOS,Accidente Laboral,Visibilidad reducida,,,,,,,,,,,,
2020-08-27 02:05:02,-3.979236,-79.217432,Calle 10 de Agosto,CON_LESIONADOS,Caida,Exceso de velocidad,25,LESIONADO,HOMBRE,PEATON,10,LESIONADO,NO_REGISTRA,SCOOTER,10,LESIONADO,MUJER,MOTOCICLETA
2020-03-23 15:17:06,-4.002279,-79.195387,Calle Imbabura,SOLO_DANOS,Colision Multiple,Estado de embriaguez,,,,,,,,,,,,
2020-03-21 09:35:58,-3.987651,-79.208426,Calle Quito,SOLO_DANOS,Colision Multiple,Inobservancia de senales,,,,,,,,,,,,
2020-11-04 14:48:54,-3.989460,-79.230510,Av. Rosa Hermosa,SOLO_DANOS,Incendio,Inobservancia de senales,,,,,,,,,,,,
2020-08-03 15:25:34,-4.028367,-79.204070,Calle 10 de Agosto,SOLO_DANOS,Caida,Estado de embriaguez,,,,,,,,,,,,
2020-04-12 08:14:27,-3.979352,-79.193549,Av. Metropolitana,CON_FALLECIDOS,Choque Vehicular,Imprudencia del conductor,26,FALLECIDO,HOMBRE,MOTOCICLETA,37,LESIONADO,HOMBRE,MOTOCICLETA,,,,
2020-09-01 04:19:37,-4.025668,-79.225564,Ruta 35,CON_FALLECIDOS,Colision Multiple,Falla mecanica,47,FALLECIDO,HOMBRE,PEATON,85,FALLECIDO,HOMBRE,SCOOTER,30,LESIONADO,HOMBRE,CICLISTA
2020-11-17 21:55:18,-3.993597,-79.207863,Av. Metropolitana,SOLO_DANOS,Accidente Laboral,Falla mecanica,,,,,,,,,,,,
2020-10-22 00:04:05,-3.979098,-79.189349,Av. 8 de Diciembre,CON_LESIONADOS,Caida,Fatiga del conductor,64,LESIONADO,NO_REGISTRA,SCOOTER,21,LESIONADO,MUJER,CICLISTA,61,LESIONADO,HOMBRE,PEATON
2020-02-03 15:03:14,-3.995316,-79.226703,Calle Mercadillo,SOLO_DANOS,Caida,Fatiga del conductor,,,,,,,,,,,,
2020-07-07 02:41:44,-4.022144,-79.185864,Calle Sucre,SOLO_DANOS,Colision Multiple,Via resbaladiza o mojada,,,,,,,,,,,,
2020-10-20 02:22:55,-4.026478,-79.223476,Av. Gran Colombia,SOLO_DANOS,Incendio,Distraccion (celular/radio),,,,,,,,,,,,
2020-02-20 16:45:13,-3.988132,-79.219446,Calle Quito,CON_LESIONADOS,Choque Vehicular,Fatiga del conductor,64,LESIONADO,HOMBRE,VEH_LIVIANO,40,LESIONADO,HOMBRE,OTRO,37,LESIONADO,HOMBRE,MOTOCICLETA
2020-07-02 21:26:03,-4.018512,-79.192975,Calle Saraguro,CON_FALLECIDOS,Atropellamiento,Estado de embriaguez,54,FALLECIDO,HOMBRE,MOTOCICLETA,,,,,,,,
2020-02-01 09:42:16,-3.978580,-79.204160,Via Loja - Zamora,CON_FALLECIDOS,Volcamiento,Mal estado de la via,48,FALLECIDO,HOMBRE,PEATON,,,,,,,,
2020-08-31 16:58:56,-3.992873,-79.196639,Av. Universitaria,CON_FALLECIDOS,Accidente Laboral,Visibilidad reducida,84,FALLECIDO,MUJER,VEH_LIVIANO,20,FALLECIDO,HOMBRE,SCOOTER,42,LESIONADO,HOMBRE,OTRO
2020-11-17 15:30:09,-3.979598,-79.193488,Calle Colon,SOLO_DANOS,Accidente Laboral,Mal estado de la via,,,,,,,,,,,,
2020-06-14 16:33:23,-4.013805,-79.186654,Ruta 35,CON_FALLECIDOS,Choque Vehicular,Inobservancia de senales,45,FALLECIDO,HOMBRE,SCOOTER,74,LESIONADO,NO_REGISTRA,PEATON,70,LESIONADO,HOMBRE,VEH_LIVIANO
2020-03-31 03:15:34,-4.004084,-79.191534,Av. Cuxibamba,SOLO_DANOS,Incendio,Exceso de velocidad,,,,,,,,,,,,
2020-09-27 07:23:50,-3.982854,-79.222836,Av. 8 de Diciembre,SOLO_DANOS,Choque Vehicular,Fatiga del conductor,,,,,,,,,,,,
2020-06-06 21:22:02,-3.988490,-79.198046,Ruta 35,CON_FALLECIDOS,Caida,Fatiga del conductor,24,FALLECIDO,NO_REGISTRA,SCOOTER,57,LESIONADO,HOMBRE,CICLISTA,,,,
2020-07-16 21:45:25,-4.021611,-79.189334,Calle Quito,SOLO_DANOS,Incendio,Estado de embriaguez,,,,,,,,,,,,
2020-11-06 08:33:37,-3.988693,-79.176741,Av. Universitaria,SOLO_DANOS,Colision Multiple,Equipo de seguridad deficiente,,,,,,,,,,,,
2020-11-05 07:08:21,-4.001766,-79.203073,Av. Gran Colombia,CON_LESIONADOS,Volcamiento,Visibilidad reducida,29,LESIONADO,MUJER,PEATON,48,LESIONADO,HOMBRE,CICLISTA,,,,
2020-08-11 11:00:46,-4.019571,-79.207149,Calle Colon,CON_LESIONADOS,Accidente Laboral,Inobservancia de senales,39,LESIONADO,NO_REGISTRA,PEATON,,,,,,,,
2020-06-15 07:38:58,-4.019562,-79.202694,Via Loja - Zamora,CON_FALLECIDOS,Volcamiento,Equipo de seguridad deficiente,29,FALLECIDO,NO_REGISTRA,OTRO,18,LESIONADO,HOMBRE,CICLISTA,,,,
2020-12-13 07:15:30,-3.986938,-79.202527,Calle Rocafuerte,CON_FALLECIDOS,Volcamiento,Via resbaladiza o mojada,83,FALLECIDO,MUJER,OTRO,30,FALLECIDO,MUJER,VEH_LIVIANO,,,,
2020-03-18 05:38:40,-4.034482,-79.216684,Calle Rocafuerte,CON_LESIONADOS,Incendio,Distraccion (celular/radio),52,LESIONADO,NO_REGISTRA,VEH_LIVIANO,54,LESIONADO,MUJER,OTRO,,,,
2020-10-23 13:03:51,-3.999338,-79.173650,Av. Cuxibamba,CON_FALLECIDOS,Incendio,Via resbaladiza o mojada,45,FALLECIDO,NO_REGISTRA,VEH_LIVIANO,32,LESIONADO,NO_REGISTRA,SCOOTER,,,,
2020-01-17 12:45:35,-4.019950,-79.195210,Calle Rocafuerte,SOLO_DANOS,Accidente Laboral,Fatiga del conductor,,,,,,,,,,,,
2020-03-05 06:32:47,-4.022603,-79.223297,Calle Imbabura,CON_LESIONADOS,Colision Multiple,Exceso de velocidad,61,LESIONADO,HOMBRE,SCOOTER,61,LESIONADO,MUJER,MOTOCICLETA,,,,
2020-02-28 05:20:32,-4.015159,-79.188649,Av. Universitaria,CON_FALLECIDOS,Volcamiento,Mal estado de la via,80,FALLECIDO,MUJER,MOTOCICLETA,74,LESIONADO,NO_REGISTRA,PEATON,,,,
2020-10-15 23:28:01,-3.983105,-79.227788,Av. Manuel Agustin Aguirre,CON_LESIONADOS,Accidente Laboral,Falla mecanica,46,LESIONADO,HOMBRE,VEH_LIVIANO,,,,,,,,
2020-12-22 15:08:00,-4.010072,-79.189014,Calle Rocafuerte,CON_FALLECIDOS,Atropellamiento,Inobservancia de senales,32,FALLECIDO,MUJER,PEATON,,,,,,,,
2020-11-09 12:48:42,-3.998260,-79.229065,Av. Pio Jaramillo,CON_LESIONADOS,Volcamiento,Exceso de velocidad,67,LESIONADO,NO_REGISTRA,OTRO,54,LESIONADO,HOMBRE,PEATON,70,LESIONADO,MUJER,PEATON
2020-03-13 00:57:15,-4.027420,-79.201131,Ruta 35,CON_LESIONADOS,Atropellamiento,Mal estado de la via,31,LESIONADO,HOMBRE,MOTOCICLETA,,,,,,,,
2020-04-21 16:11:55,-4.019846,-79.188157,Calle 18 de Noviembre,SOLO_DANOS,Caida,Equipo de seguridad deficiente,,,,,,,,,,,,
2020-03-07 23:13:16,-4.025026,-79.181199,Calle Quito,CON_LESIONADOS,Accidente Laboral,Visibilidad reducida,41,LESIONADO,HOMBRE,MOTOCICLETA,,,,,,,,
2020-04-25 16:55:43,-4.000329,-79.212932,Calle Bolivar,SOLO_DANOS,Atropellamiento,Fatiga del conductor,,,,,,,,,,,,
2020-06-02 09:06:35,-4.033463,-79.222251,Ruta 35,CON_FALLECIDOS,Choque Vehicular,Falla mecanica,26,FALLECIDO,MUJER,MOTOCICLETA,23,FALLECIDO,HOMBRE,PEATON,64,LESIONADO,HOMBRE,VEH_LIVIANO
2020-11-15 07:21:06,-4.003456,-79.214108,Calle Rocafuerte,SOLO_DANOS,Caida,Distraccion (celular/radio),,,,,,,,,,,,
2020-09-09 00:20:55,-4.024687,-79.208850,Via Loja - Zamora,CON_FALLECIDOS,Atropellamiento,Falla mecanica,50,FALLECIDO,NO_REGISTRA,VEH_LIVIANO,34,FALLECIDO,MUJER,PEATON,,,,
2020-05-19 23:44:05,-4.000198,-79.195281,Av. Manuel Agustin Aguirre,CON_LESIONADOS,Atropellamiento,Inobservancia de senales,40,LESIONADO,HOMBRE,OTRO,62,LESIONADO,MUJER,OTRO,69,LESIONADO,MUJER,MOTOCICLETA
2020-12-25 13:46:03,-4.006351,-79.182417,Ruta 35,CON_FALLECIDOS,Caida,Falla mecanica,43,FALLECIDO,HOMBRE,SCOOTER,63,FALLECIDO,NO_REGISTRA,SCOOTER,,,,
2020-10-30 04:05:36,-3.994697,-79.202247,Via Loja - Zamora,CON_LESIONADOS,Accidente Laboral,Equipo de seguridad deficiente,60,LESIONADO,MUJER,MOTOCICLETA,8,LESIONADO,NO_REGISTRA,MOTOCICLETA,34,LESIONADO,MUJER,SCOOTER
2020-11-12 21:37:43,-3.988428,-79.218594,Calle Mercadillo,CON_FALLECIDOS,Accidente Laboral,Mal estado de la via,56,FALLECIDO,NO_REGISTRA,SCOOTER,10,LESIONADO,MUJER,OTRO,,,,
2020-12-03 16:34:27,-4.014789,-79.185606,Av. Manuel Agustin Aguirre,CON_FALLECIDOS,Incendio,Falla mecanica,71,FALLECIDO,HOMBRE,OTRO,,,,,,,,
2020-10-05 21:53:49,-4.004630,-79.182874,Calle Saraguro,CON_LESIONADOS,Caida,Exceso de velocidad,26,LESIONADO,HOMBRE,PEATON,53,LESIONADO,NO_REGISTRA,PEATON,33,LESIONADO,HOMBRE,VEH_LIVIANO
2020-01-25 21:28:10,-4.022825,-79.227887,Calle Sucre,SOLO_DANOS,Incendio,Distraccion (celular/radio),,,,,,,,,,,,
2020-10-20 01:48:54,-4.007035,-79.224765,Av. Manuel Agustin Aguirre,CON_LESIONADOS,Incendio,Factores externos,34,LESIONADO,NO_REGISTRA,VEH_LIVIANO,72,LESIONADO,HOMBRE,OTRO,,,,
2020-08-01 19:59:11,-3.989217,-79.180656,Calle 18 de Noviembre,SOLO_DANOS,Incendio,Factores externos,,,,,,,,,,,,
2020-12-07 18:09:08,-4.009647,-79.199382,Av. Rosa Hermosa,CON_LESIONADOS,Atropellamiento,Inobservancia de senales,7,LESIONADO,NO_REGISTRA,VEH_LIVIANO,,,,,,,,
2020-07-27 02:39:35,-3.978284,-79.176735,Calle Sucre,CON_FALLECIDOS,Accidente Laboral,Estado de embriaguez,46,FALLECIDO,MUJER,OTRO,47,FALLECIDO,MUJER,SCOOTER,66,LESIONADO,NO_REGISTRA,PEATON
2020-03-21 20:47:36,-3.997237,-79.224111,Av. Rosa Hermosa,SOLO_DANOS,Colision Multiple,Exceso de velocidad,,,,,,,,,,,,
2020-02-04 18:35:41,-4.023940,-79.173145,Av. Cuxibamba,SOLO_DANOS,Caida,Inobservancia de senales,,,,,,,,,,,,
2020-12-08 04:32:11,-3.988493,-79.176588,Av. Rosa Hermosa,CON_LESIONADOS,Incendio,Mal estado de la via,76,LESIONADO,NO_REGISTRA,CICLISTA,38,LESIONADO,MUJER,PEATON,41,LESIONADO,MUJER,MOTOCICLETA
2020-10-15 17:14:32,-4.023155,-79.199514,Calle Bolivar,CON_LESIONADOS,Choque Vehicular,Exceso de velocidad,59,LESIONADO,HOMBRE,CICLISTA,36,LESIONADO,MUJER,CICLISTA,,,,
2020-02-11 23:11:40,-3.999100,-79.184743,Calle Mercadillo,SOLO_DANOS,Colision Multiple,Mal estado de la via,,,,,,,,,,,,
2020-08-05 17:03:00,-4.013178,-79.210075,Calle Colon,CON_FALLECIDOS,Accidente Laboral,Distraccion (celular/radio),64,FALLECIDO,NO_REGISTRA,PEATON,27,FALLECIDO,NO_REGISTRA,CICLISTA,,,,
2020-11-12 16:31:01,-4.017431,-79.192917,Av. Orillas del Zamora,CON_LESIONADOS,Volcamiento,Fatiga del conductor,41,LESIONADO,HOMBRE,VEH_LIVIANO,34,LESIONADO,NO_REGISTRA,PEATON,,,,
2020-03-20 01:27:55,-4.008954,-79.219321,Calle 18 de Noviembre,CON_LESIONADOS,Accidente Laboral,Distraccion (celular/radio),30,LESIONADO,NO_REGISTRA,OTRO,,,,,,,,
2020-09-06 20:09:07,-3.995661,-79.185521,Av. Metropolitana,SOLO_DANOS,Caida,Factores externos,,,,,,,,,,,,
2020-04-03 02:05:46,-4.035773,-79.183622,Calle 10 de Agosto,SOLO_DANOS,Volcamiento,Exceso de velocidad,37,LESIONADO,HOMBRE,VEH_LIVIANO,,,,,,,,
2020-09-30 18:53:54,-3.989171,-79.186881,Av. Universitaria,CON_FALLECIDOS,Choque Vehicular,Distraccion (celular/radio),67,FALLECIDO,HOMBRE,VEH_LIVIANO,59,LESIONADO,MUJER,MOTOCICLETA,,,,
2020-05-20 14:46:40,-3.986976,-79.207361,Calle Bolivar,SOLO_DANOS,Caida,Fatiga del conductor,,,,,,,,,,,,
2020-04-04 07:20:04,-4.015513,-79.229225,Av. Manuel Agustin Aguirre,SOLO_DANOS,Incendio,Estado de embriaguez,,,,,,,,,,,,
2020-11-12 21:45:08,-4.009639,-79.180424,Calle Bolivar,CON_FALLECIDOS,Incendio,Fatiga del conductor,63,FALLECIDO,MUJER,CICLISTA,83,FALLECIDO,MUJER,CICLISTA,39,LESIONADO,NO_REGISTRA,OTRO
2020-04-11 12:07:20,-4.000266,-79.180847,Av. Universitaria,CON_LESIONADOS,Incendio,Exceso de velocidad,75,LESIONADO,NO_REGISTRA,VEH_LIVIANO,11,LESIONADO,HOMBRE,OTRO,,,,
2020-10-30 21:44:18,-4.030030,-79.202938,Calle Ramon Borrero,CON_FALLECIDOS,Choque Vehicular,Equipo de seguridad deficiente,82,FALLECIDO,NO_REGISTRA,PEATON,78,LESIONADO,HOMBRE,SCOOTER,16,LESIONADO,NO_REGISTRA,PEATON
2020-08-27 17:05:07,-4.024970,-79.203292,Via Loja - Catamayo,CON_FALLECIDOS,Caida,Mal estado de la via,38,FALLECIDO,NO_REGISTRA,VEH_LIVIANO,55,FALLECIDO,MUJER,VEH_LIVIANO,18,LESIONADO,NO_REGISTRA,MOTOCICLETA
2020-08-16 22:03:36,-4.017555,-79.216110,Calle 18 de Noviembre,SOLO_DANOS,Volcamiento,Imprudencia del conductor,,,,,,,,,,,,
2020-07-29 05:49:48,-4.020708,-79.175110,Av. Cuxibamba,CON_FALLECIDOS,Choque Vehicular,Via resbaladiza o mojada,70,FALLECIDO,MUJER,SCOOTER,49,FALLECIDO,HOMBRE,CICLISTA,71,LESIONADO,NO_REGISTRA,SCOOTER
2020-02-13 18:28:36,-4.012888,-79.217209,Calle Quito,CON_FALLECIDOS,Incendio,Exceso de velocidad,77,FALLECIDO,MUJER,PEATON,41,LESIONADO,HOMBRE,SCOOTER,,,,
2020-05-25 23:32:23,-3.986735,-79.191822,Via Loja - Catamayo,SOLO_DANOS,Volcamiento,Visibilidad reducida,,,,,,,,,,,,
2020-08-09 15:24:58,-3.998741,-79.190526,Av. Cuxibamba,CON_FALLECIDOS,Caida,Estado de embriaguez,76,FALLECIDO,MUJER,PEATON,26,FALLECIDO,NO_REGISTRA,OTRO,7,LESIONADO,MUJER,MOTOCICLETA
2020-09-02 06:41:12,-4.006227,-79.220884,Calle 10 de Agosto,CON_FALLECIDOS,Accidente Laboral,Exceso de velocidad,82,FALLECIDO,HOMBRE,CICLISTA,,,,,,,,
2020-11-24 23:32:27,-4.021086,-79.230012,Calle Saraguro,CON_LESIONADOS,Incendio,Equipo de seguridad deficiente,20,LESIONADO,HOMBRE,CICLISTA,70,LESIONADO,HOMBRE,CICLISTA,46,LESIONADO,MUJER,CICLISTA
2020-11-29 12:54:28,-3.993547,-79.206356,Calle Quito,CON_LESIONADOS,Choque Vehicular,Visibilidad reducida,17,LESIONADO,MUJER,SCOOTER,45,LESIONADO,MUJER,VEH_LIVIANO,9,LESIONADO,HOMBRE,MOTOCICLETA
2020-02-04 22:46:57,-4.018158,-79.178997,Calle Bolivar,CON_LESIONADOS,Caida,Equipo de seguridad deficiente,68,LESIONADO,NO_REGISTRA,VEH_LIVIANO,,,,,,,,
2020-07-21 17:54:43,-3.993125,-79.219907,Calle Miguel Riofrio,CON_LESIONADOS,Accidente Laboral,Equipo de seguridad deficiente,32,LESIONADO,HOMBRE,VEH_LIVIANO,23,LESIONADO,HOMBRE,OTRO,16,LESIONADO,MUJER,PEATON
2020-11-05 02:42:59,-3.980781,-79.198765,Calle Azogues,CON_FALLECIDOS,Colision Multiple,Exceso de velocidad,48,FALLECIDO,NO_REGISTRA,CICLISTA,21,FALLECIDO,NO_REGISTRA,SCOOTER,50,LESIONADO,HOMBRE,MOTOCICLETA
2020-07-06 16:03:43,-4.004462,-79.222008,Calle Mercadillo,CON_FALLECIDOS,Choque Vehicular,Factores externos,40,FALLECIDO,HOMBRE,OTRO,,,,,,,,
2020-01-24 11:49:17,-4.001383,-79.219883,Calle Rocafuerte,CON_FALLECIDOS,Colision Multiple,Exceso de velocidad,50,FALLECIDO,NO_REGISTRA,PEATON,,,,,,,,
2020-05-15 00:04:02,-4.027213,-79.225248,Calle Rocafuerte,CON_FALLECIDOS,Colision Multiple,Inobservancia de senales,35,FALLECIDO,MUJER,MOTOCICLETA,29,FALLECIDO,HOMBRE,CICLISTA,24,LESIONADO,MUJER,OTRO
2020-08-24 21:38:15,-4.027571,-79.190947,Av. Rosa Hermosa,SOLO_DANOS,Atropellamiento,Imprudencia del conductor,,,,,,,,,,,,
2020-02-29 18:29:28,-3.984206,-79.207895,Via Loja - Catamayo,CON_LESIONADOS,Incendio,Falla mecanica,11,LESIONADO,HOMBRE,PEATON,,,,,,,,
2020-12-25 00:05:38,-4.019157,-79.207813,Av. Orillas del Zamora,SOLO_DANOS,Volcamiento,Estado de embriaguez,,,,,,,,,,,,
2020-05-01 09:38:20,-4.033164,-79.206774,Via Loja - Zamora,SOLO_DANOS,Caida,Fatiga del conductor,,,,,,,,,,,,
2020-07-08 08:43:26,-4.018566,-79.205561,Av. Manuel Agustin Aguirre,CON_LESIONADOS,Colision Multiple,Equipo de seguridad deficiente,51,LESIONADO,MUJER,OTRO,62,LESIONADO,NO_REGISTRA,VEH_LIVIANO,,,,
2020-10-26 08:39:09,-3.998519,-79.187133,Calle Montufar,CON_LESIONADOS,Incendio,Exceso de velocidad,12,LESIONADO,NO_REGISTRA,PEATON,64,LESIONADO,MUJER,SCOOTER,,,,
2020-08-09 13:58:21,-3.989781,-79.226725,Av. Cuxibamba,SOLO_DANOS,Volcamiento,Via resbaladiza o mojada,,,,,,,,,,,,
2020-12-30 06:22:47,-3.993479,-79.178493,Calle Ramon Borrero,SOLO_DANOS,Accidente Laboral,Falla mecanica,,,,,,,,,,,,
2020-10-19 00:53:12,-3.977162,-79.202735,Av. Reinaldo Espinosa,CON_LESIONADOS,Volcamiento,Equipo de seguridad deficiente,22,LESIONADO,NO_REGISTRA,PEATON,23,LESIONADO,MUJER,MOTOCICLETA,18,LESIONADO,NO_REGISTRA,VEH_LIVIANO
2020-01-14 01:30:07,-3.986386,-79.226728,Calle Azogues,CON_LESIONADOS,Choque Vehicular,Falla mecanica,43,LESIONADO,NO_REGISTRA,SCOOTER,,,,,,,,
2020-04-18 06:32:20,-3.991309,-79.223354,Av. Pio Jaramillo,CON_FALLECIDOS,Accidente Laboral,Via resbaladiza o mojada,36,FALLECIDO,MUJER,SCOOTER,41,LESIONADO,HOMBRE,MOTOCICLETA,,,,
2020-01-28 15:48:34,-4.017326,-79.184661,Calle Sucre,CON_FALLECIDOS,Choque Vehicular,Equipo de seguridad deficiente,71,FALLECIDO,NO_REGISTRA,VEH_LIVIANO,68,LESIONADO,HOMBRE,OTRO,,,,
2020-07-01 04:49:43,-3.990389,-79.176957,Calle 18 de Noviembre,SOLO_DANOS,Volcamiento,Imprudencia del conductor,,,,,,,,,,,,
2020-09-03 15:20:09,-4.030416,-79.230004,Av. Manuel Agustin Aguirre,CON_LESIONADOS,Caida,Via resbaladiza o mojada,49,LESIONADO,NO_REGISTRA,OTRO,,,,,,,,
2020-06-14 16:49:52,-4.004088,-79.201706,Ruta 35,CON_LESIONADOS,Incendio,Equipo de seguridad deficiente,11,LESIONADO,HOMBRE,OTRO,,,,,,,,
2020-09-22 04:44:42,-4.019407,-79.176520,Calle Miguel Riofrio,CON_FALLECIDOS,Colision Multiple,Fatiga del conductor,24,FALLECIDO,NO_REGISTRA,OTRO,44,FALLECIDO,NO_REGISTRA,PEATON,,,,
2020-01-16 04:22:06,-4.024038,-79.213792,Av. Universitaria,CON_FALLECIDOS,Choque Vehicular,Exceso de velocidad,54,FALLECIDO,NO_REGISTRA,CICLISTA,79,FALLECIDO,MUJER,VEH_LIVIANO,32,LESIONADO,MUJER,PEATON
2020-02-22 18:38:32,-4.025888,-79.184245,Ruta 35,CON_FALLECIDOS,Caida,Factores externos,51,FALLECIDO,HOMBRE,OTRO,,,,,,,,
2020-11-10 05:49:12,-3.984623,-79.197338,Av. Reinaldo Espinosa,SOLO_DANOS,Colision Multiple,Equipo de seguridad deficiente,,,,,,,,,,,,
2020-11-13 07:14:05,-4.011631,-79.201975,Calle Mercadillo,SOLO_DANOS,Atropellamiento,Falla mecanica,,,,,,,,,,,,
2020-08-23 04:23:35,-4.029621,-79.188904,Calle Rocafuerte,SOLO_DANOS,Volcamiento,Visibilidad reducida,,,,,,,,,,,,
2020-03-06 21:22:46,-3.999406,-79.182804,Calle Mercadillo,SOLO_DANOS,Choque Vehicular,Exceso de velocidad,,,,,,,,,,,,
2020-12-11 05:23:06,-4.000090,-79.223922,Calle Montufar,CON_LESIONADOS,Incendio,Via resbaladiza o mojada,6,LESIONADO,NO_REGISTRA,OTRO,30,LESIONADO,NO_REGISTRA,VEH_LIVIANO,75,LESIONADO,MUJER,SCOOTER