fecha_hora,latitud,longitud,via,grado_severidad,tipo_siniestro,causa_probable,victima1_edad,victima1_condicion,victima1_sexo,victima1_actor_vial,victima2_edad,victima2_condicion,victima2_sexo,victima2_actor_vial,victima3_edad,victima3_condicion,victima3_sexo,victima3_actor_vial
2020-11-26 13:01:56,-3.990646,-79.205636,Av. 8 de Diciembre,CON_LESIONADOS,Volcamiento,Equipo de seguridad deficiente,57,LESIONADO,MUJER,PEATON,29,LESIONADO,HOMBRE,SCOOTER,50,LESIONADO,MUJER,CICLISTA
2020-06-03 16:47:56,-4.013514,-79.186613,Calle Bolivar,SOLO_DANOS,Caida,Visibilidad reducida,,,,,,,,,,,,
2020-01-01 08:00:04,-4.028053,-79.202524,Calle Montufar,CON_LESIONADOS,Volcamiento,Distraccion (celular/radio),16,LESIONADO,HOMBRE,CICLISTA,80,LESIONADO,MUJER,OTRO,79,LESIONADO,NO_REGISTRA,OTRO
2020-08-16 02:45:12,-4.021497,-79.171975,Av. Universitaria,CON_FALLECIDOS,Accidente Laboral,Estado de embriaguez,36,FALLECIDO,HOMBRE,VEH_LIVIANO,62,FALLECIDO,NO_REGISTRA,CICLISTA,,,,
2020-01-10 20:22:25,-3.992312,-79.188660,Calle Colon,CON_FALLECIDOS,Atropellamiento,Mal estado de la via,57,FALLECIDO,NO_REGISTRA,CICLISTA,31,LESIONADO,NO_REGISTRA,OTRO,,,,
2020-05-15 01:24:13,-3.999651,-79.193044,Av. Universitaria,CON_LESIONADOS,Incendio,Estado de embriaguez,61,LESIONADO,NO_REGISTRA,SCOOTER,63,LESIONADO,MUJER,VEH_LIVIANO,29,LESIONADO,HOMBRE,OTRO
2020-03-31 04:46:58,-4.034232,-79.203296,Calle Miguel Riofrio,CON_FALLECIDOS,Accidente Laboral,Via resbaladiza o mojada,26,FALLECIDO,HOMBRE,CICLISTA,35,LESIONADO,MUJER,CICLISTA,16,LESIONADO,HOMBRE,SCOOTER
2020-08-09 11:53:37,-4.029253,-79.185878,Calle Saraguro,CON_LESIONADOS,Caida,Falla mecanica,79,LESIONADO,NO_REGISTRA,PEATON,8,LESIONADO,MUJER,PEATON,38,LESIONADO,NO_REGISTRA,PEATON
2020-09-24 13:55:38,-4.006126,-79.198530,Calle Azogues,CON_FALLECIDOS,Colision Multiple,Fatiga del conductor,47,FALLECIDO,HOMBRE,VEH_LIVIANO,50,FALLECIDO,NO_REGISTRA,PEATON,35,LESIONADO,NO_REGISTRA,CICLISTA
2020-07-30 21:16:03,-3.994633,-79.174149,Av. Manuel Agustin Aguirre,CON_FALLECIDOS,Choque Vehicular,Estado de embriaguez,49,FALLECIDO,HOMBRE,MOTOCICLETA,61,FALLECIDO,MUJER,VEH_LIVIANO,,,,
2020-08-15 00:34:03,-3.988361,-79.215656,Calle Colon,CON_LESIONADOS,Volcamiento,Exceso de velocidad,37,LESIONADO,HOMBRE,PEATON,,,,,,,,
2020-02-15 16:34:11,-3.984901,-79.176981,Calle Saraguro,CON_LESIONADOS,Colision Multiple,Inobservancia de senales,80,LESIONADO,NO_REGISTRA,SCOOTER,,,,,,,,
2020-05-26 03:18:25,-3.995546,-79.187354,Av. Rosa Hermosa,SOLO_DANOS,Colision Multiple,Exceso de velocidad,,,,,,,,,,,,
2020-03-10 23:57:51,-4.035499,-79.188092,Ruta 35,SOLO_DANOS,Atropellamiento,Via resbaladiza o mojada,,,,,,,,,,,,
2020-01-13 13:25:54,-3.999614,-79.228085,Av. Orillas del Zamora,CON_LESIONADOS,Colision Multiple,Visibilidad reducida,62,LESIONADO,MUJER,VEH_LIVIANO,26,LESIONADO,MUJER,SCOOTER,76,LESIONADO,HOMBRE,MOTOCICLETA
2020-06-03 12:06:45,-4.010262,-79.187470,Calle Saraguro,CON_LESIONADOS,Volcamiento,Via resbaladiza o mojada,35,LESIONADO,MUJER,VEH_LIVIANO,9,LESIONADO,HOMBRE,SCOOTER,,,,
2020-08-16 08:24:55,-3.994179,-79.178798,Calle Mercadillo,CON_FALLECIDOS,Choque Vehicular,Estado de embriaguez,37,FALLECIDO,HOMBRE,SCOOTER,69,FALLECIDO,HOMBRE,SCOOTER,60,LESIONADO,NO_REGISTRA,SCOOTER
2020-11-12 23:15:28,-3.987173,-79.203931,Av. Reinaldo Espinosa,CON_FALLECIDOS,Accidente Laboral,Visibilidad reducida,38,FALLECIDO,HOMBRE,PEATON,36,FALLECIDO,MUJER,VEH_LIVIANO,60,LESIONADO,NO_REGISTRA,SCOOTER
2020-08-20 19:33:00,-3.988181,-79.184024,Calle Colon,CON_FALLECIDOS,Volcamiento,Factores externos,23,FALLECIDO,HOMBRE,SCOOTER,65,LESIONADO,NO_REGISTRA,PEATON,,,,
2020-06-17 05:49:49,-3.984716,-79.180033,Av. Cuxibamba,CON_LESIONADOS,Accidente Laboral,Factores externos,68,LESIONADO,MUJER,VEH_LIVIANO,,,,,,,,
2020-06-08 22:29:24,-4.034880,-79.183705,Av. Universitaria,CON_LESIONADOS,Caida,Falla mecanica,41,LESIONADO,NO_REGISTRA,OTRO,22,LESIONADO,HOMBRE,PEATON,37,LESIONADO,NO_REGISTRA,SCOOTER
2020-12-19 22:20:16,-4.019270,-79.221381,Ruta 35,CON_LESIONADOS,Atropellamiento,Via resbaladiza o mojada,72,LESIONADO,HOMBRE,OTRO,,,,,,,,
2020-06-10 05:32:52,-3.986275,-79.203786,Calle Ramon Borrero,SOLO_DANOS,Choque Vehicular,Visibilidad reducida,,,,,,,,,,,,
2020-06-14 10:15:14,-3.977001,-79.185746,Av. Orillas del Zamora,SOLO_DANOS,Accidente Laboral,Via resbaladiza o mojada,,,,,,,,,,,,
2020-01-12 08:00:14,-4.006133,-79.222480,Calle Mercadillo,CON_FALLECIDOS,Volcamiento,Exceso de velocidad,39,FALLECIDO,HOMBRE,PEATON,23,FALLECIDO,HOMBRE,VEH_LIVIANO,,,,
2020-07-13 19:47:07,-4.019542,-79.197984,Calle Colon,CON_FALLECIDOS,Accidente Laboral,Estado de embriaguez,83,FALLECIDO,NO_REGISTRA,MOTOCICLETA,81,FALLECIDO,MUJER,PEATON,18,LESIONADO,MUJER,SCOOTER
2020-12-26 03:48:28,-4.020217,-79.177755,Av. Gran Colombia,CON_LESIONADOS,Accidente Laboral,Visibilidad reducida,76,LESIONADO,NO_REGISTRA,OTRO,52,LESIONADO,MUJER,PEATON,19,LESIONADO,HOMBRE,VEH_LIVIANO
2020-02-20 14:38:54,-3.984866,-79.203630,Calle 18 de Noviembre,SOLO_DANOS,Incendio,Fatiga del conductor,,,,,,,,,,,,
2020-02-22 14:11:19,-4.027048,-79.193183,Calle Azogues,SOLO_DANOS,Incendio,Distraccion (celular/radio),,,,,,,,,,,,
2020-10-12 17:17:56,-4.021037,-79.203470,Av. 8 de Diciembre,CON_FALLECIDOS,Incendio,Inobservancia de senales,58,FALLECIDO,HOMBRE,OTRO,73,FALLECIDO,NO_REGISTRA,SCOOTER,,,,
2020-06-25 01:32:21,-3.990662,-79.173334,Av. Pio Jaramillo,SOLO_DANOS,Colision Multiple,Via resbaladiza o mojada,,,,,,,,,,,,
2020-04-19 12:27:14,-4.007778,-79.228600,Av. Gran Colombia,SOLO_DANOS,Incendio,Via resbaladiza o mojada,,,,,,,,,,,,
2020-09-18 15:30:03,-4.008875,-79.215657,Calle Ramon Borrero,SOLO_DANOS,Accidente Laboral,Falla mecanica,,,,,,,,,,,,
2020-04-07 17:25:55,-4.016085,-79.198943,Calle Imbabura,SOLO_DANOS,Atropellamiento,Factores externos,40,LESIONADO,NO_REGISTRA,VEH_LIVIANO,,,,,,,,
2020-12-11 16:35:33,-3.981171,-79.176385,Calle Saraguro,CON_LESIONADOS,Caida,Distraccion (celular/radio),25,LESIONADO,MUJER,MOTOCICLETA,,,,,,,,
2020-10-27 17:23:04,-4.000835,-79.201862,Calle Mercadillo,CON_FALLECIDOS,Incendio,Imprudencia del conductor,55,FALLECIDO,MUJER,MOTOCICLETA,,,,,,,,
2020-12-29 08:43:59,-4.025376,-79.198222,Calle Azogues,CON_FALLECIDOS,Incendio,Distraccion (celular/radio),20,FALLECIDO,NO_REGISTRA,PEATON,25,FALLECIDO,NO_REGISTRA,VEH_LIVIANO,42,LESIONADO,MUJER,VEH_LIVIANO
2020-05-02 04:23:23,-3.981702,-79.205084,Av. Manuel Agustin Aguirre,CON_FALLECIDOS,Incendio,Factores externos,79,FALLECIDO,NO_REGISTRA,PEATON,80,LESIONADO,NO_REGISTRA,PEATON,,,,
2020-05-15 09:59:14,-3.978652,-79.173616,Calle Imbabura,SOLO_DANOS,Colision Multiple,Falla mecanica,,,,,,,,,,,,
2020-09-16 05:39:31,-3.978357,-79.204529,Calle Miguel Riofrio,SOLO_DANOS,Accidente Laboral,Equipo de seguridad deficiente,,,,,,,,,,,,
2020-10-07 01:06:16,-3.983578,-79.229126,Av. Reinaldo Espinosa,CON_FALLECIDOS,Colision Multiple,Distraccion (celular/radio),31,FALLECIDO,NO_REGISTRA,MOTOCICLETA,,,,,,,,
2020-12-20 00:46:48,-4.019393,-79.230708,Calle Saraguro,CON_LESIONADOS,Caida,Mal estado de la via,61,LESIONADO,MUJER,OTRO,15,LESIONADO,HOMBRE,SCOOTER,,,,
2020-08-05 17:27:42,-4.030271,-79.210131,Calle Rocafuerte,SOLO_DANOS,Incendio,Via resbaladiza o mojada,58,LESIONADO,MUJER,SCOOTER,,,,,,,,
2020-09-07 13:53:48,-4.013927,-79.188274,Av. Reinaldo Espinosa,CON_LESIONADOS,Incendio,Imprudencia del conductor,56,LESIONADO,HOMBRE,VEH_LIVIANO,,,,,,,,
2020-11-16 03:31:10,-3.993600,-79.228043,Calle Sucre,CON_LESIONADOS,Atropellamiento,Exceso de velocidad,79,LESIONADO,NO_REGISTRA,OTRO,79,LESIONADO,NO_REGISTRA,SCOOTER,35,LESIONADO,MUJER,CICLISTA
2020-05-04 21:29:00,-4.008803,-79.190886,Calle 18 de Noviembre,CON_FALLECIDOS,Volcamiento,Via resbaladiza o mojada,19,FALLECIDO,NO_REGISTRA,PEATON,42,FALLECIDO,HOMBRE,VEH_LIVIANO,60,LESIONADO,MUJER,PEATON
2020-06-03 13:15:59,-4.005329,-79.192449,Via Loja - Zamora,CON_FALLECIDOS,Volcamiento,Visibilidad reducida,28,FALLECIDO,NO_REGISTRA,SCOOTER,83,FALLECIDO,MUJER,SCOOTER,51,LESIONADO,MUJER,CICLISTA
2020-08-30 17:06:03,-4.027163,-79.172276,Av. Pio Jaramillo,CON_FALLECIDOS,Accidente Laboral,Mal estado de la via,25,FALLECIDO,HOMBRE,CICLISTA,32,FALLECIDO,HOMBRE,MOTOCICLETA,70,LESIONADO,HOMBRE,CICLISTA
2020-09-12 12:29:07,-4.017900,-79.223553,Via Loja - Zamora,CON_FALLECIDOS,Caida,Distraccion (celular/radio),79,FALLECIDO,MUJER,MOTOCICLETA,34,LESIONADO,NO_REGISTRA,SCOOTER,,,,
2020-01-13 18:42:45,-4.028798,-79.215716,Calle Montufar,CON_LESIONADOS,Atropellamiento,Via resbaladiza o mojada,76,LESIONADO,NO_REGISTRA,PEATON,50,LESIONADO,HOMBRE,CICLISTA,,,,
2020-05-23 21:26:36,-4.008759,-79.219094,Calle Mercadillo,SOLO_DANOS,Choque Vehicular,Mal estado de la via,,,,,,,,,,,,
2020-10-05 02:47:09,-4.013163,-79.195774,Av. Gran Colombia,SOLO_DANOS,Atropellamiento,Estado de embriaguez,,,,,,,,,,,,
2020-04-14 15:21:59,-4.015053,-79.177745,Av. Cuxibamba,SOLO_DANOS,Accidente Laboral,Visibilidad reducida,,,,,,,,,,,,
2020-08-31 01:48:39,-3.998345,-79.228492,Av. Reinaldo Espinosa,CON_FALLECIDOS,Colision Multiple,Mal estado de la via,37,FALLECIDO,NO_REGISTRA,MOTOCICLETA,69,FALLECIDO,MUJER,SCOOTER,32,LESIONADO,HOMBRE,PEATON
2020-02-07 05:00:23,-3.993934,-79.193569,Av. Universitaria,CON_LESIONADOS,Caida,Imprudencia del conductor,58,LESIONADO,HOMBRE,OTRO,,,,,,,,
2020-01-25 07:04:59,-3.986988,-79.201142,Av. Isidro Ayora,SOLO_DANOS,Choque Vehicular,Fatiga del conductor,,,,,,,,,,,,
2020-07-26 12:01:55,-3.999588,-79.198831,Av. Isidro Ayora,CON_LESIONADOS,Accidente Laboral,Inobservancia de senales,54,LESIONADO,HOMBRE,OTRO,,,,,,,,
2020-12-01 23:07:40,-4.027221,-79.190758,Ruta 35,CON_FALLECIDOS,Caida,Equipo de seguridad deficiente,69,FALLECIDO,HOMBRE,CICLISTA,14,LESIONADO,MUJER,PEATON,,,,
2020-09-25 08:54:42,-4.032443,-79.197222,Av. Metropolitana,CON_LESIONADOS,Atropellamiento,Mal estado de la via,53,LESIONADO,MUJER,SCOOTER,58,LESIONADO,MUJER,OTRO,,,,
2020-10-05 16:57:27,-4.027359,-79.216497,Av. Cuxibamba,CON_FALLECIDOS,Accidente Laboral,Distraccion (celular/radio),45,FALLECIDO,HOMBRE,PEATON,70,FALLECIDO,NO_REGISTRA,VEH_LIVIANO,,,,
2020-07-03 10:18:15,-4.000961,-79.200321,Av. Isidro Ayora,CON_FALLECIDOS,Colision Multiple,Exceso de velocidad,57,FALLECIDO,NO_REGISTRA,VEH_LIVIANO,,,,,,,,
2020-01-06 10:17:20,-4.025386,-79.220481,Av. Universitaria,CON_LESIONADOS,Incendio,Mal estado de la via,60,LESIONADO,HOMBRE,CICLISTA,,,,,,,,
2020-05-12 06:12:47,-4.021090,-79.186301,Calle Ramon Borrero,CON_LESIONADOS,Caida,Distraccion (celular/radio),63,LESIONADO,HOMBRE,OTRO,,,,,,,,
2020-12-17 20:53:20,-4.034185,-79.173421,Av. Reinaldo Espinosa,CON_LESIONADOS,Atropellamiento,Distraccion (celular/radio),67,LESIONADO,MUJER,MOTOCICLETA,78,LESIONADO,NO_REGISTRA,OTRO,,,,
2020-01-03 05:51:31,-4.025512,-79.183636,Calle Miguel Riofrio,CON_LESIONADOS,Accidente Laboral,Fatiga del conductor,19,LESIONADO,NO_REGISTRA,PEATON,7,LESIONADO,HOMBRE,SCOOTER,,,,
2020-08-31 09:41:20,-3.994842,-79.208366,Calle Montufar,CON_LESIONADOS,Colision Multiple,Inobservancia de senales,47,LESIONADO,HOMBRE,VEH_LIVIANO,15,LESIONADO,NO_REGISTRA,MOTOCICLETA,24,LESIONADO,NO_REGISTRA,VEH_LIVIANO
2020-06-10 04:55:23,-3.993587,-79.220234,Av. Orillas del Zamora,CON_FALLECIDOS,Caida,Fatiga del conductor,78,FALLECIDO,HOMBRE,CICLISTA,65,LESIONADO,HOMBRE,SCOOTER,50,LESIONADO,HOMBRE,MOTOCICLETA
2020-11-02 17:50:08,-4.007235,-79.206841,Av. Reinaldo Espinosa,CON_FALLECIDOS,Volcamiento,Falla mecanica,34,FALLECIDO,MUJER,CICLISTA,51,FALLECIDO,MUJER,VEH_LIVIANO,74,LESIONADO,HOMBRE,OTRO
2020-04-18 04:40:44,-4.014516,-79.189400,Av. Reinaldo Espinosa,CON_FALLECIDOS,Atropellamiento,Imprudencia del conductor,49,FALLECIDO,HOMBRE,OTRO,78,FALLECIDO,MUJER,CICLISTA,77,LESIONADO,NO_REGISTRA,SCOOTER
2020-02-07 09:40:29,-4.033069,-79.205005,Av. 8 de Diciembre,CON_LESIONADOS,Volcamiento,Estado de embriaguez,64,LESIONADO,MUJER,PEATON,,,,,,,,
2020-01-20 03:19:29,-3.995218,-79.208313,Calle Miguel Riofrio,CON_FALLECIDOS,Incendio,Factores externos,64,FALLECIDO,HOMBRE,MOTOCICLETA,23,LESIONADO,NO_REGISTRA,VEH_LIVIANO,,,,
2020-02-22 12:44:52,-3.995455,-79.174169,Calle Azogues,CON_FALLECIDOS,Colision Multiple,Fatiga del conductor,69,FALLECIDO,HOMBRE,VEH_LIVIANO,26,FALLECIDO,HOMBRE,MOTOCICLETA,,,,
2020-01-21 17:50:15,-4.002504,-79.198744,Calle Saraguro,CON_LESIONADOS,Incendio,Inobservancia de senales,64,LESIONADO,NO_REGISTRA,PEATON,65,LESIONADO,NO_REGISTRA,OTRO,7,LESIONADO,MUJER,VEH_LIVIANO
2020-01-05 22:01:36,-3.992001,-79.182694,Calle Miguel Riofrio,CON_FALLECIDOS,Choque Vehicular,Inobservancia de senales,32,FALLECIDO,NO_REGISTRA,OTRO,32,FALLECIDO,HOMBRE,CICLISTA,31,LESIONADO,NO_REGISTRA,OTRO
2020-05-31 10:55:48,-4.012224,-79.222166,Calle Colon,CON_LESIONADOS,Accidente Laboral,Inobservancia de senales,61,LESIONADO,NO_REGISTRA,CICLISTA,77,LESIONADO,MUJER,OTRO,62,LESIONADO,NO_REGISTRA,OTRO
2020-06-23 05:16:52,-4.023136,-79.179609,Av. Isidro Ayora,CON_FALLECIDOS,Choque Vehicular,Via resbaladiza o mojada,85,FALLECIDO,MUJER,OTRO,,,,,,,,
2020-07-20 03:03:03,-3.998961,-79.213632,Calle Ramon Borrero,SOLO_DANOS,Incendio,Estado de embriaguez,,,,,,,,,,,,
2020-01-16 04:29:51,-4.018974,-79.194840,Calle Montufar,CON_FALLECIDOS,Colision Multiple,Factores externos,79,FALLECIDO,HOMBRE,VEH_LIVIANO,54,LESIONADO,HOMBRE,OTRO,,,,
2020-02-13 10:16:25,-4.030752,-79.205458,Calle Mercadillo,CON_LESIONADOS,Caida,Factores externos,20,LESIONADO,NO_REGISTRA,SCOOTER,,,,,,,,
2020-05-13 02:08:54,-3.991610,-79.188392,Av. Reinaldo Espinosa,CON_LESIONADOS,Volcamiento,Mal estado de la via,37,LESIONADO,NO_REGISTRA,OTRO,,,,,,,,
2020-10-21 07:17:33,-3.986058,-79.214600,Calle Sucre,SOLO_DANOS,Incendio,Falla mecanica,,,,,,,,,,,,
2020-01-02 11:37:37,-4.025215,-79.187215,Calle 18 de Noviembre,SOLO_DANOS,Choque Vehicular,Factores externos,,,,,,,,,,,,
2020-05-15 19:51:52,-4.033099,-79.218234,Av. Universitaria,CON_FALLECIDOS,Choque Vehicular,Mal estado de la via,55,FALLECIDO,HOMBRE,OTRO,44,LESIONADO,NO_REGISTRA,SCOOTER,,,,
2020-04-20 20:48:52,-4.030459,-79.182968,Av. Gran Colombia,SOLO_DANOS,Accidente Laboral,Mal estado de la via,,,,,,,,,,,,
2020-05-25 22:56:47,-4.035034,-79.188376,Calle Bolivar,SOLO_DANOS,Incendio,Factores externos,,,,,,,,,,,,
2020-09-07 19:50:42,-4.007093,-79.230534,Av. 8 de Diciembre,CON_FALLECIDOS,Atropellamiento,Falla mecanica,28,FALLECIDO,HOMBRE,PEATON,57,FALLECIDO,MUJER,MOTOCICLETA,,,,
2020-02-18 17:16:33,-4.036848,-79.223185,Calle Saraguro,CON_LESIONADOS,Colision Multiple,Equipo de seguridad deficiente,49,LESIONADO,HOMBRE,MOTOCICLETA,26,LESIONADO,NO_REGISTRA,CICLISTA,,,,
2020-06-04 20:55:57,-3.988886,-79.179543,Av. Gran Colombia,CON_LESIONADOS,Caida,Inobservancia de senales,44,LESIONADO,MUJER,CICLISTA,55,LESIONADO,NO_REGISTRA,PEATON,26,LESIONADO,HOMBRE,VEH_LIVIANO
2020-03-01 09:54:47,-4.006372,-79.183919,Av. Isidro Ayora,CON_FALLECIDOS,Atropellamiento,Mal estado de la via,46,FALLECIDO,MUJER,PEATON,32,LESIONADO,HOMBRE,VEH_LIVIANO,,,,
2020-04-12 14:46:54,-3.998422,-79.230651,Via Loja - Zamora,SOLO_DANOS,Choque Vehicular,Fatiga del conductor,,,,,,,,,,,,
2020-01-20 15:49:14,-4.030843,-79.226891,Av. Cuxibamba,CON_FALLECIDOS,Choque Vehicular,Falla mecanica,44,FALLECIDO,NO_REGISTRA,VEH_LIVIANO,32,LESIONADO,MUJER,PEATON,,,,
2020-07-21 08:24:35,-4.021334,-79.219287,Calle 18 de Noviembre,SOLO_DANOS,Choque Vehicular,Imprudencia del conductor,,,,,,,,,,,,
2020-04-11 00:41:55,-4.033983,-79.223981,Calle Ramon Borrero,CON_LESIONADOS,Volcamiento,Fatiga del conductor,41,LESIONADO,HOMBRE,PEATON,,,,,,,,
2020-11-20 01:16:53,-3.984385,-79.217248,Calle Ramon Borrero,SOLO_DANOS,Atropellamiento,Visibilidad reducida,,,,,,,,,,,,
2020-08-26 22:52:05,-4.035193,-79.201753,Calle 10 de Agosto,SOLO_DANOS,Volcamiento,Distraccion (celular/radio),,,,,,,,,,,,
2020-08-02 20:45:14,-3.977072,-79.227150,Calle 10 de Agosto,CON_FALLECIDOS,Choque Vehicular,Exceso de velocidad,47,FALLECIDO,NO_REGISTRA,MOTOCICLETA,31,FALLECIDO,NO_REGISTRA,PEATON,62,LESIONADO,NO_REGISTRA,SCOOTER
2020-10-19 21:23:41,-3.998555,-79.178689,Calle Miguel Riofrio,CON_LESIONADOS,Atropellamiento,Equipo de seguridad deficiente,25,LESIONADO,NO_REGISTRA,SCOOTER,29,LESIONADO,MUJER,OTRO,76,LESIONADO,MUJER,VEH_LIVIANO
2020-04-27 09:13:17,-3.982631,-79.177169,Calle Ramon Borrero,CON_LESIONADOS,Colision Multiple,Estado de embriaguez,69,LESIONADO,HOMBRE,CICLISTA,6,LESIONADO,NO_REGISTRA,VEH_LIVIANO,6,LESIONADO,MUJER,VEH_LIVIANO
2020-03-30 08:07:27,-3.983337,-79.230024,Av. Universitaria,CON_LESIONADOS,Caida,Fatiga del conductor,78,LESIONADO,NO_REGISTRA,SCOOTER,9,LESIONADO,MUJER,SCOOTER,13,LESIONADO,HOMBRE,PEATON
2020-06-17 08:52:20,-3.984966,-79.216798,Av. Cuxibamba,SOLO_DANOS,Volcamiento,Mal estado de la via,,,,,,,,,,,,
2020-07-25 17:03:18,-4.020805,-79.217211,Av. Isidro Ayora,CON_LESIONADOS,Choque Vehicular,Factores externos,30,LESIONADO,MUJER,VEH_LIVIANO,,,,,,,,
2020-07-13 05:03:51,-4.005407,-79.229260,Calle Sucre,CON_LESIONADOS,Incendio,Visibilidad reducida,20,LESIONADO,NO_REGISTRA,SCOOTER,,,,,,,,
2020-12-03 05:13:11,-4.008174,-79.174998,Ruta 35,SOLO_DANOS,Incendio,Estado de embriaguez,,,,,,,,,,,,
2020-03-28 05:42:28,-4.023535,-79.210005,Av. Rosa Hermosa,CON_FALLECIDOS,Volcamiento,Distraccion (celular/radio),68,FALLECIDO,NO_REGISTRA,SCOOTER,65,FALLECIDO,MUJER,PEATON,44,LESIONADO,MUJER,CICLISTA
2020-07-11 02:46:23,-3.987441,-79.211227,Calle Montufar,CON_LESIONADOS,Colision Multiple,Distraccion (celular/radio),56,LESIONADO,HOMBRE,CICLISTA,66,LESIONADO,NO_REGISTRA,CICLISTA,33,LESIONADO,HOMBRE,CICLISTA
2020-06-10 20:23:23,-4.018330,-79.175829,Calle Mercadillo,SOLO_DANOS,Colision Multiple,Distraccion (celular/radio),,,,,,,,,,,,
2020-04-01 09:28:32,-4.007359,-79.173946,Calle Sucre,SOLO_DANOS,Colision Multiple,Fatiga del conductor,,,,,,,,,,,,
2020-05-09 17:10:25,-4.019318,-79.206668,Av. Cuxibamba,CON_LESIONADOS,Choque Vehicular,Equipo de seguridad deficiente,58,LESIONADO,NO_REGISTRA,SCOOTER,,,,,,,,
2020-12-17 09:18:12,-4.033787,-79.230168,Av. Gran Colombia,CON_FALLECIDOS,Atropellamiento,Fatiga del conductor,80,FALLECIDO,MUJER,MOTOCICLETA,33,FALLECIDO,HOMBRE,VEH_LIVIANO,,,,
2020-09-27 16:45:02,-4.027801,-79.175928,Calle 10 de Agosto,CON_LESIONADOS,Caida,Mal estado de la via,37,LESIONADO,MUJER,PEATON,43,LESIONADO,MUJER,SCOOTER,72,LESIONADO,NO_REGISTRA,MOTOCICLETA
2020-07-03 19:14:53,-4.014256,-79.209968,Av. Pio Jaramillo,CON_FALLECIDOS,Colision Multiple,Inobservancia de senales,53,FALLECIDO,HOMBRE,VEH_LIVIANO,30,FALLECIDO,NO_REGISTRA,CICLISTA,65,LESIONADO,MUJER,PEATON
2020-12-27 15:51:27,-4.016208,-79.194154,Via Loja - Zamora,CON_LESIONADOS,Atropellamiento,Falla mecanica,13,LESIONADO,MUJER,PEATON,,,,,,,,
2020-03-12 14:31:43,-3.996414,-79.224087,Calle 18 de Noviembre,CON_FALLECIDOS,Incendio,Via resbaladiza o mojada,68,FALLECIDO,NO_REGISTRA,PEATON,84,FALLECIDO,HOMBRE,MOTOCICLETA,67,LESIONADO,HOMBRE,VEH_LIVIANO
2020-03-13 04:14:11,-4.013869,-79.197067,Via Loja - Zamora,SOLO_DANOS,Colision Multiple,Imprudencia del conductor,,,,,,,,,,,,
2020-08-01 21:41:20,-4.006630,-79.205982,Av. Rosa Hermosa,SOLO_DANOS,Accidente Laboral,Factores externos,,,,,,,,,,,,
2020-01-05 05:33:17,-4.022991,-79.192234,Calle 10 de Agosto,CON_FALLECIDOS,Atropellamiento,Fatiga del conductor,77,FALLECIDO,HOMBRE,OTRO,33,LESIONADO,MUJER,PEATON,74,LESIONADO,NO_REGISTRA,CICLISTA
2020-01-29 12:44:09,-4.006056,-79.178888,Calle Saraguro,SOLO_DANOS,Colision Multiple,Fatiga del conductor,,,,,,,,,,,,
2020-01-13 08:31:53,-4.036113,-79.190206,Calle Imbabura,CON_FALLECIDOS,Caida,Exceso de velocidad,38,FALLECIDO,NO_REGISTRA,OTRO,79,FALLECIDO,NO_REGISTRA,VEH_LIVIANO,,,,
2020-03-17 03:14:27,-3.979078,-79.200035,Calle Ramon Borrero,CON_LESIONADOS,Atropellamiento,Mal estado de la via,34,LESIONADO,NO_REGISTRA,PEATON,,,,,,,,
2020-11-24 15:14:26,-3.998199,-79.188782,Calle Bolivar,CON_LESIONADOS,Colision Multiple,Imprudencia del conductor,38,LESIONADO,HOMBRE,CICLISTA,75,LESIONADO,NO_REGISTRA,CICLISTA,32,LESIONADO,MUJER,PEATON
2020-03-16 13:25:03,-3.994885,-79.176714,Av. Reinaldo Espinosa,SOLO_DANOS,Volcamiento,Falla mecanica,,,,,,,,,,,,
2020-01-19 12:27:42,-4.004455,-79.219266,Calle Colon,CON_FALLECIDOS,Volcamiento,Distraccion (celular/radio),52,FALLECIDO,NO_REGISTRA,MOTOCICLETA,,,,,,,,
2020-01-30 02:10:19,-3.991976,-79.218024,Calle Bolivar,SOLO_DANOS,Colision Multiple,Factores externos,38,LESIONADO,HOMBRE,MOTOCICLETA,,,,,,,,
2020-03-22 09:18:53,-4.017160,-79.201802,Av. Isidro Ayora,CON_LESIONADOS,Accidente Laboral,Exceso de velocidad,58,LESIONADO,MUJER,PEATON,39,LESIONADO,MUJER,OTRO,26,LESIONADO,MUJER,MOTOCICLETA
2020-12-31 02:16:38,-3.992826,-79.194904,Calle Colon,SOLO_DANOS,Choque Vehicular,Visibilidad reducida,,,,,,,,,,,,
2020-12-10 08:03:29,-4.006231,-79.208379,Calle Rocafuerte,SOLO_DANOS,Colision Multiple,Imprudencia del conductor,,,,,,,,,,,,
2020-05-15 15:23:37,-3.980828,-79.191194,Calle Saraguro,CON_FALLECIDOS,Accidente Laboral,Fatiga del conductor,23,FALLECIDO,HOMBRE,MOTOCICLETA,69,FALLECIDO,HOMBRE,SCOOTER,,,,
2020-09-05 08:01:36,-3.988831,-79.229214,Av. Cuxibamba,SOLO_DANOS,Colision Multiple,Inobservancia de senales,,,,,,,,,,,,