fecha_hora,latitud,longitud,via,grado_severidad,tipo_siniestro,causa_probable,victima1_edad,victima1_condicion,victima1_sexo,victima1_actor_vial,victima2_edad,victima2_condicion,victima2_sexo,victima2_actor_vial,victima3_edad,victima3_condicion,victima3_sexo,victima3_actor_vial
2020-12-28 08:58:47,-4.004646,-79.212501,Via Loja - Catamayo,SOLO_DANOS,Volcamiento,Mal estado de la via,,,,,,,,,,,,
2020-07-09 17:47:41,-3.996744,-79.215939,Calle Montufar,CON_LESIONADOS,Atropellamiento,Via resbaladiza o mojada,23,LESIONADO,HOMBRE,OTRO,60,LESIONADO,HOMBRE,CICLISTA,34,LESIONADO,HOMBRE,OTRO
2020-03-07 16:02:14,-4.011108,-79.174752,Calle Bolivar,CON_FALLECIDOS,Accidente Laboral,Imprudencia del conductor,69,FALLECIDO,HOMBRE,VEH_LIVIANO,15,LESIONADO,NO_REGISTRA,MOTOCICLETA,,,,
2020-06-01 06:55:07,-3.987834,-79.205247,Av. Rosa Hermosa,SOLO_DANOS,Volcamiento,Visibilidad reducida,,,,,,,,,,,,
2020-04-27 09:50:57,-3.991398,-79.215497,Av. Metropolitana,CON_LESIONADOS,Incendio,Imprudencia del conductor,59,LESIONADO,NO_REGISTRA,PEATON,38,LESIONADO,NO_REGISTRA,PEATON,19,LESIONADO,MUJER,CICLISTA
2020-11-01 11:45:36,-4.013410,-79.192116,Calle Montufar,SOLO_DANOS,Choque Vehicular,Inobservancia de senales,,,,,,,,,,,,
2020-07-11 02:38:46,-3.980253,-79.212764,Calle Colon,SOLO_DANOS,Choque Vehicular,Mal estado de la via,75,LESIONADO,HOMBRE,SCOOTER,,,,,,,,
2020-08-27 05:34:43,-3.995484,-79.202146,Calle Ramon Borrero,SOLO_DANOS,Choque Vehicular,Mal estado de la via,,,,,,,,,,,,
2020-11-20 05:59:55,-3.999670,-79.219984,Calle Imbabura,CON_FALLECIDOS,Atropellamiento,Distraccion (celular/radio),64,FALLECIDO,HOMBRE,OTRO,74,FALLECIDO,NO_REGISTRA,SCOOTER,57,LESIONADO,HOMBRE,MOTOCICLETA
2020-10-08 12:38:03,-4.014522,-79.218194,Calle Saraguro,SOLO_DANOS,Volcamiento,Exceso de velocidad,,,,,,,,,,,,
2020-11-14 06:50:21,-4.035598,-79.222797,Av. Cuxibamba,SOLO_DANOS,Atropellamiento,Exceso de velocidad,,,,,,,,,,,,
2020-01-25 14:37:32,-3.993130,-79.213581,Calle Montufar,CON_FALLECIDOS,Volcamiento,Visibilidad reducida,23,FALLECIDO,MUJER,SCOOTER,,,,,,,,
2020-02-24 21:31:10,-4.019841,-79.190405,Av. Metropolitana,CON_FALLECIDOS,Caida,Fatiga del conductor,60,FALLECIDO,NO_REGISTRA,CICLISTA,,,,,,,,
2020-05-06 11:50:35,-4.016892,-79.226791,Av. Universitaria,CON_FALLECIDOS,Accidente Laboral,Mal estado de la via,67,FALLECIDO,MUJER,VEH_LIVIANO,82,FALLECIDO,HOMBRE,PEATON,41,LESIONADO,NO_REGISTRA,SCOOTER
2020-07-12 09:30:55,-3.993087,-79.173111,Av. Rosa Hermosa,CON_LESIONADOS,Caida,Imprudencia del conductor,22,LESIONADO,HOMBRE,OTRO,,,,,,,,
2020-04-19 02:11:19,-4.005365,-79.197444,Calle Rocafuerte,CON_FALLECIDOS,Accidente Laboral,Falla mecanica,47,FALLECIDO,MUJER,OTRO,27,FALLECIDO,HOMBRE,OTRO,,,,
2020-12-27 05:44:49,-4.013448,-79.181610,Av. Reinaldo Espinosa,SOLO_DANOS,Colision Multiple,Via resbaladiza o mojada,,,,,,,,,,,,
2020-08-15 17:29:40,-4.035404,-79.188698,Calle Rocafuerte,SOLO_DANOS,Volcamiento,Visibilidad reducida,,,,,,,,,,,,
2020-09-08 10:39:12,-4.034810,-79.208387,Calle Ramon Borrero,CON_FALLECIDOS,Choque Vehicular,Distraccion (celular/radio),36,FALLECIDO,HOMBRE,VEH_LIVIANO,47,LESIONADO,MUJER,PEATON,,,,
2020-05-11 03:10:40,-3.994978,-79.180763,Calle Colon,SOLO_DANOS,Atropellamiento,Visibilidad reducida,55,LESIONADO,HOMBRE,PEATON,,,,,,,,
2020-11-17 05:32:32,-4.028920,-79.215817,Av. Gran Colombia,CON_FALLECIDOS,Atropellamiento,Visibilidad reducida,43,FALLECIDO,HOMBRE,MOTOCICLETA,5,LESIONADO,NO_REGISTRA,MOTOCICLETA,57,LESIONADO,MUJER,OTRO
2020-02-18 07:29:41,-4.031825,-79.221995,Calle Colon,CON_LESIONADOS,Choque Vehicular,Equipo de seguridad deficiente,12,LESIONADO,HOMBRE,VEH_LIVIANO,59,LESIONADO,NO_REGISTRA,MOTOCICLETA,73,LESIONADO,NO_REGISTRA,OTRO
2020-10-17 16:35:12,-4.036854,-79.188941,Av. 8 de Diciembre,SOLO_DANOS,Accidente Laboral,Mal estado de la via,,,,,,,,,,,,
2020-01-07 08:13:37,-3.999443,-79.179723,Calle Imbabura,CON_FALLECIDOS,Choque Vehicular,Imprudencia del conductor,69,FALLECIDO,HOMBRE,MOTOCICLETA,62,LESIONADO,HOMBRE,OTRO,79,LESIONADO,MUJER,SCOOTER
2020-08-24 17:21:37,-4.028090,-79.222337,Calle Miguel Riofrio,CON_FALLECIDOS,Atropellamiento,Fatiga del conductor,44,FALLECIDO,HOMBRE,PEATON,48,FALLECIDO,MUJER,MOTOCICLETA,27,LESIONADO,NO_REGISTRA,VEH_LIVIANO
2020-12-24 09:37:51,-4.004119,-79.192545,Calle Montufar,SOLO_DANOS,Caida,Falla mecanica,,,,,,,,,,,,
2020-04-02 07:55:14,-4.015097,-79.173792,Calle Saraguro,SOLO_DANOS,Volcamiento,Visibilidad reducida,,,,,,,,,,,,
2020-08-28 21:12:33,-4.012138,-79.181694,Via Loja - Catamayo,CON_LESIONADOS,Volcamiento,Factores externos,67,LESIONADO,NO_REGISTRA,SCOOTER,63,LESIONADO,NO_REGISTRA,CICLISTA,28,LESIONADO,HOMBRE,CICLISTA
2020-05-30 16:07:45,-3.984474,-79.212669,Calle Mercadillo,CON_FALLECIDOS,Atropellamiento,Exceso de velocidad,66,FALLECIDO,HOMBRE,VEH_LIVIANO,22,LESIONADO,MUJER,OTRO,,,,
2020-11-12 06:52:01,-4.003943,-79.183714,Calle 18 de Noviembre,CON_FALLECIDOS,Incendio,Falla mecanica,64,FALLECIDO,NO_REGISTRA,CICLISTA,74,FALLECIDO,MUJER,VEH_LIVIANO,,,,
2020-01-21 19:04:18,-4.013010,-79.188846,Ruta 35,CON_LESIONADOS,Accidente Laboral,Falla mecanica,55,LESIONADO,MUJER,CICLISTA,57,LESIONADO,MUJER,OTRO,,,,
2020-02-01 06:45:11,-3.989365,-79.201562,Calle Sucre,SOLO_DANOS,Incendio,Visibilidad reducida,,,,,,,,,,,,
2020-02-04 20:54:27,-4.009165,-79.174101,Calle Saraguro,CON_FALLECIDOS,Atropellamiento,Falla mecanica,83,FALLECIDO,NO_REGISTRA,PEATON,36,LESIONADO,HOMBRE,MOTOCICLETA,70,LESIONADO,MUJER,MOTOCICLETA
2020-06-05 07:56:38,-4.025378,-79.219720,Calle Saraguro,CON_LESIONADOS,Caida,Equipo de seguridad deficiente,36,LESIONADO,MUJER,OTRO,23,LESIONADO,NO_REGISTRA,SCOOTER,,,,
2020-11-02 10:01:48,-4.017893,-79.208681,Calle Colon,CON_LESIONADOS,Accidente Laboral,Distraccion (celular/radio),67,LESIONADO,HOMBRE,CICLISTA,46,LESIONADO,MUJER,SCOOTER,38,LESIONADO,MUJER,OTRO
2020-08-12 12:11:51,-4.035965,-79.173328,Calle Mercadillo,CON_LESIONADOS,Atropellamiento,Distraccion (celular/radio),75,LESIONADO,NO_REGISTRA,CICLISTA,,,,,,,,
2020-10-29 13:24:16,-4.004316,-79.224228,Calle Rocafuerte,CON_LESIONADOS,Volcamiento,Factores externos,11,LESIONADO,NO_REGISTRA,SCOOTER,,,,,,,,
2020-07-21 23:06:17,-3.985403,-79.227098,Calle Saraguro,CON_LESIONADOS,Colision Multiple,Falla mecanica,49,LESIONADO,MUJER,OTRO,75,LESIONADO,MUJER,OTRO,,,,
2020-09-12 08:11:32,-3.993447,-79.214467,Av. Orillas del Zamora,CON_FALLECIDOS,Atropellamiento,Distraccion (celular/radio),27,FALLECIDO,HOMBRE,OTRO,63,FALLECIDO,NO_REGISTRA,VEH_LIVIANO,,,,
2020-05-16 06:35:54,-3.993209,-79.184638,Calle Saraguro,CON_LESIONADOS,Incendio,Via resbaladiza o mojada,70,LESIONADO,NO_REGISTRA,CICLISTA,,,,,,,,
2020-01-31 19:50:27,-4.010986,-79.173223,Calle Sucre,CON_FALLECIDOS,Incendio,Inobservancia de senales,41,FALLECIDO,HOMBRE,MOTOCICLETA,36,FALLECIDO,MUJER,SCOOTER,,,,
2020-11-24 05:06:14,-4.026357,-79.200835,Calle Sucre,CON_LESIONADOS,Colision Multiple,Via resbaladiza o mojada,8,LESIONADO,NO_REGISTRA,VEH_LIVIANO,24,LESIONADO,HOMBRE,VEH_LIVIANO,,,,
2020-03-09 15:37:05,-3.992882,-79.222849,Calle Ramon Borrero,CON_LESIONADOS,Volcamiento,Visibilidad reducida,62,LESIONADO,MUJER,MOTOCICLETA,53,LESIONADO,NO_REGISTRA,CICLISTA,,,,
2020-08-22 00:59:09,-3.985400,-79.217714,Calle Saraguro,SOLO_DANOS,Colision Multiple,Factores externos,,,,,,,,,,,,
2020-07-24 00:42:10,-3.989746,-79.194266,Calle Quito,SOLO_DANOS,Volcamiento,Via resbaladiza o mojada,,,,,,,,,,,,
2020-01-25 03:37:23,-3.979564,-79.209868,Av. Manuel Agustin Aguirre,SOLO_DANOS,Colision Multiple,Visibilidad reducida,,,,,,,,,,,,
2020-07-24 21:25:02,-4.028613,-79.230760,Av. Pio Jaramillo,CON_FALLECIDOS,Atropellamiento,Fatiga del conductor,76,FALLECIDO,HOMBRE,VEH_LIVIANO,18,FALLECIDO,NO_REGISTRA,SCOOTER,44,LESIONADO,HOMBRE,MOTOCICLETA
2020-06-05 15:56:02,-3.984693,-79.215526,Calle Rocafuerte,CON_FALLECIDOS,Accidente Laboral,Via resbaladiza o mojada,32,FALLECIDO,NO_REGISTRA,OTRO,77,LESIONADO,HOMBRE,OTRO,49,LESIONADO,NO_REGISTRA,VEH_LIVIANO
2020-07-14 20:54:28,-3.981537,-79.177420,Calle 10 de Agosto,SOLO_DANOS,Incendio,Inobservancia de senales,33,LESIONADO,NO_REGISTRA,OTRO,,,,,,,,
2020-07-25 06:10:16,-4.033580,-79.209357,Calle Colon,CON_FALLECIDOS,Accidente Laboral,Mal estado de la via,65,FALLECIDO,MUJER,MOTOCICLETA,25,FALLECIDO,NO_REGISTRA,PEATON,45,LESIONADO,HOMBRE,MOTOCICLETA
2020-04-28 00:59:47,-4.000405,-79.230607,Av. Rosa Hermosa,SOLO_DANOS,Colision Multiple,Fatiga del conductor,,,,,,,,,,,,
2020-06-02 00:22:08,-4.005621,-79.189854,Av. Manuel Agustin Aguirre,CON_LESIONADOS,Volcamiento,Distraccion (celular/radio),48,LESIONADO,MUJER,SCOOTER,70,LESIONADO,MUJER,VEH_LIVIANO,37,LESIONADO,MUJER,SCOOTER
2020-05-28 11:18:11,-4.020332,-79.191184,Calle Rocafuerte,CON_FALLECIDOS,Atropellamiento,Fatiga del conductor,48,FALLECIDO,HOMBRE,MOTOCICLETA,51,LESIONADO,NO_REGISTRA,CICLISTA,,,,
2020-02-17 03:07:48,-4.025863,-79.187364,Via Loja - Catamayo,CON_LESIONADOS,Volcamiento,Fatiga del conductor,76,LESIONADO,NO_REGISTRA,PEATON,,,,,,,,
2020-02-13 17:34:23,-4.011006,-79.197509,Av. 8 de Diciembre,CON_LESIONADOS,Accidente Laboral,Distraccion (celular/radio),48,LESIONADO,NO_REGISTRA,SCOOTER,,,,,,,,
2020-10-16 09:44:46,-4.017919,-79.214952,Calle Sucre,CON_LESIONADOS,Choque Vehicular,Exceso de velocidad,30,LESIONADO,MUJER,OTRO,47,LESIONADO,MUJER,SCOOTER,10,LESIONADO,HOMBRE,OTRO
2020-06-12 03:22:43,-4.025370,-79.200619,Av. Rosa Hermosa,SOLO_DANOS,Colision Multiple,Visibilidad reducida,6,LESIONADO,HOMBRE,PEATON,,,,,,,,
2020-11-11 07:46:01,-4.034972,-79.211059,Av. Pio Jaramillo,CON_FALLECIDOS,Volcamiento,Mal estado de la via,82,FALLECIDO,MUJER,PEATON,54,FALLECIDO,NO_REGISTRA,OTRO,50,LESIONADO,HOMBRE,MOTOCICLETA
2020-04-24 22:24:52,-4.020860,-79.192802,Via Loja - Zamora,CON_LESIONADOS,Incendio,Visibilidad reducida,34,LESIONADO,MUJER,CICLISTA,,,,,,,,
2020-03-08 15:22:04,-4.007700,-79.174084,Calle Imbabura,CON_LESIONADOS,Caida,Estado de embriaguez,49,LESIONADO,NO_REGISTRA,MOTOCICLETA,17,LESIONADO,HOMBRE,VEH_LIVIANO,,,,
2020-07-12 00:03:47,-4.007890,-79.216986,Calle Bolivar,CON_LESIONADOS,Accidente Laboral,Distraccion (celular/radio),43,LESIONADO,HOMBRE,SCOOTER,,,,,,,,
2020-01-27 14:29:35,-3.999165,-79.193303,Av. Isidro Ayora,SOLO_DANOS,Accidente Laboral,Inobservancia de senales,,,,,,,,,,,,
2020-04-19 14:29:41,-4.016233,-79.197542,Av. Metropolitana,CON_LESIONADOS,Caida,Visibilidad reducida,22,LESIONADO,HOMBRE,OTRO,42,LESIONADO,HOMBRE,SCOOTER,,,,
2020-09-29 20:22:06,-3.997255,-79.183318,Via Loja - Zamora,SOLO_DANOS,Choque Vehicular,Distraccion (celular/radio),,,,,,,,,,,,
2020-06-26 11:50:33,-4.016136,-79.226465,Calle Quito,SOLO_DANOS,Colision Multiple,Distraccion (celular/radio),,,,,,,,,,,,
2020-10-14 18:59:58,-3.980580,-79.197428,Av. Universitaria,CON_LESIONADOS,Atropellamiento,Mal estado de la via,16,LESIONADO,HOMBRE,VEH_LIVIANO,55,LESIONADO,MUJER,VEH_LIVIANO,58,LESIONADO,HOMBRE,SCOOTER
2020-07-14 08:53:48,-4.008102,-79.201892,Calle Montufar,CON_LESIONADOS,Choque Vehicular,Factores externos,25,LESIONADO,NO_REGISTRA,CICLISTA,,,,,,,,
2020-01-25 05:36:27,-4.015300,-79.180193,Av. Cuxibamba,CON_LESIONADOS,Atropellamiento,Mal estado de la via,50,LESIONADO,HOMBRE,CICLISTA,72,LESIONADO,MUJER,SCOOTER,,,,
2020-09-25 22:58:08,-4.000481,-79.182752,Av. Gran Colombia,CON_FALLECIDOS,Accidente Laboral,Exceso de velocidad,58,FALLECIDO,NO_REGISTRA,PEATON,18,FALLECIDO,HOMBRE,OTRO,49,LESIONADO,HOMBRE,SCOOTER
2020-02-09 01:57:22,-4.014523,-79.219947,Av. Orillas del Zamora,SOLO_DANOS,Colision Multiple,Exceso de velocidad,,,,,,,,,,,,
2020-04-11 04:01:21,-4.019932,-79.206293,Av. Orillas del Zamora,SOLO_DANOS,Volcamiento,Fatiga del conductor,,,,,,,,,,,,
2020-12-19 20:09:15,-4.029170,-79.174241,Av. Universitaria,CON_FALLECIDOS,Atropellamiento,Mal estado de la via,24,FALLECIDO,HOMBRE,OTRO,28,FALLECIDO,MUJER,VEH_LIVIANO,7,LESIONADO,MUJER,VEH_LIVIANO
2020-12-10 05:53:11,-4.016521,-79.202946,Av. Isidro Ayora,CON_LESIONADOS,Caida,Fatiga del conductor,12,LESIONADO,NO_REGISTRA,OTRO,,,,,,,,
2020-10-18 12:22:02,-3.992201,-79.218423,Via Loja - Catamayo,SOLO_DANOS,Incendio,Factores externos,,,,,,,,,,,,
2020-04-10 23:53:00,-4.034227,-79.180286,Calle Rocafuerte,SOLO_DANOS,Incendio,Distraccion (celular/radio),,,,,,,,,,,,
2020-07-04 09:24:48,-4.029858,-79.192827,Calle Rocafuerte,CON_LESIONADOS,Accidente Laboral,Via resbaladiza o mojada,67,LESIONADO,MUJER,CICLISTA,28,LESIONADO,NO_REGISTRA,SCOOTER,,,,
2020-01-22 15:37:45,-4.007695,-79.214703,Av. 8 de Diciembre,SOLO_DANOS,Choque Vehicular,Falla mecanica,,,,,,,,,,,,
2020-02-15 20:51:33,-3.984574,-79.181420,Av. Gran Colombia,SOLO_DANOS,Incendio,Imprudencia del conductor,,,,,,,,,,,,
2020-07-19 02:50:16,-4.008789,-79.178491,Av. Universitaria,CON_LESIONADOS,Volcamiento,Factores externos,58,LESIONADO,MUJER,MOTOCICLETA,9,LESIONADO,NO_REGISTRA,MOTOCICLETA,71,LESIONADO,MUJER,SCOOTER
2020-04-19 01:40:12,-3.991873,-79.218121,Av. 8 de Diciembre,SOLO_DANOS,Incendio,Via resbaladiza o mojada,,,,,,,,,,,,
2020-07-20 21:32:14,-4.023714,-79.189494,Calle Azogues,SOLO_DANOS,Accidente Laboral,Distraccion (celular/radio),,,,,,,,,,,,
2020-05-24 06:06:13,-3.990854,-79.213820,Calle 10 de Agosto,CON_FALLECIDOS,Accidente Laboral,Distraccion (celular/radio),68,FALLECIDO,NO_REGISTRA,CICLISTA,79,LESIONADO,HOMBRE,OTRO,69,LESIONADO,HOMBRE,PEATON
2020-01-14 23:39:42,-4.015779,-79.200166,Av. Metropolitana,SOLO_DANOS,Choque Vehicular,Mal estado de la via,,,,,,,,,,,,
2020-10-27 17:27:15,-4.030046,-79.186196,Via Loja - Zamora,CON_FALLECIDOS,Volcamiento,Exceso de velocidad,61,FALLECIDO,HOMBRE,CICLISTA,71,FALLECIDO,MUJER,VEH_LIVIANO,27,LESIONADO,HOMBRE,PEATON
2020-07-20 08:25:58,-3.997529,-79.212180,Calle Bolivar,CON_FALLECIDOS,Caida,Imprudencia del conductor,41,FALLECIDO,MUJER,SCOOTER,,,,,,,,
2020-09-19 13:16:19,-3.985010,-79.189089,Calle Ramon Borrero,SOLO_DANOS,Caida,Distraccion (celular/radio),,,,,,,,,,,,
2020-04-21 12:53:11,-4.016255,-79.198052,Av. Reinaldo Espinosa,CON_LESIONADOS,Atropellamiento,Equipo de seguridad deficiente,60,LESIONADO,NO_REGISTRA,VEH_LIVIANO,6,LESIONADO,NO_REGISTRA,CICLISTA,41,LESIONADO,MUJER,MOTOCICLETA
2020-01-21 23:15:58,-3.998284,-79.178079,Av. Manuel Agustin Aguirre,CON_LESIONADOS,Caida,Mal estado de la via,11,LESIONADO,HOMBRE,MOTOCICLETA,,,,,,,,
2020-04-21 05:19:53,-4.029963,-79.228818,Ruta 35,CON_FALLECIDOS,Colision Multiple,Fatiga del conductor,19,FALLECIDO,NO_REGISTRA,PEATON,19,LESIONADO,HOMBRE,SCOOTER,40,LESIONADO,HOMBRE,OTRO
2020-05-03 17:52:17,-3.990910,-79.220778,Ruta 35,CON_FALLECIDOS,Choque Vehicular,Visibilidad reducida,29,FALLECIDO,MUJER,CICLISTA,23,FALLECIDO,NO_REGISTRA,SCOOTER,,,,
2020-01-08 09:57:24,-4.032752,-79.183846,Calle Colon,CON_FALLECIDOS,Caida,Via resbaladiza o mojada,19,FALLECIDO,NO_REGISTRA,MOTOCICLETA,44,LESIONADO,NO_REGISTRA,OTRO,5,LESIONADO,MUJER,MOTOCICLETA
2020-09-11 23:24:27,-4.010921,-79.229569,Calle 10 de Agosto,CON_LESIONADOS,Incendio,Fatiga del conductor,49,LESIONADO,HOMBRE,VEH_LIVIANO,16,LESIONADO,MUJER,SCOOTER,,,,
2020-03-24 15:02:05,-4.021266,-79.215211,Calle Imbabura,SOLO_DANOS,Accidente Laboral,Equipo de seguridad deficiente,,,,,,,,,,,,
2020-03-31 17:53:23,-4.010983,-79.224815,Av. Isidro Ayora,CON_LESIONADOS,Incendio,Equipo de seguridad deficiente,34,LESIONADO,HOMBRE,PEATON,34,LESIONADO,NO_REGISTRA,PEATON,53,LESIONADO,NO_REGISTRA,PEATON
2020-08-15 12:56:05,-3.993907,-79.200540,Av. 8 de Diciembre,SOLO_DANOS,Atropellamiento,Exceso de velocidad,,,,,,,,,,,,
2020-08-25 03:47:17,-4.004888,-79.225539,Via Loja - Catamayo,CON_LESIONADOS,Incendio,Imprudencia del conductor,10,LESIONADO,MUJER,SCOOTER,58,LESIONADO,HOMBRE,VEH_LIVIANO,,,,
2020-01-03 23:03:38,-4.031594,-79.180817,Calle Azogues,CON_LESIONADOS,Caida,Factores externos,31,LESIONADO,NO_REGISTRA,MOTOCICLETA,48,LESIONADO,MUJER,OTRO,53,LESIONADO,MUJER,SCOOTER
2020-06-02 05:21:45,-3.991808,-79.176949,Calle Quito,CON_LESIONADOS,Atropellamiento,Falla mecanica,19,LESIONADO,NO_REGISTRA,PEATON,,,,,,,,
2020-02-18 17:54:15,-4.011548,-79.220042,Av. Rosa Hermosa,SOLO_DANOS,Incendio,Visibilidad reducida,,,,,,,,,,,,
2020-02-13 07:04:14,-3.998466,-79.193614,Av. 8 de Diciembre,CON_LESIONADOS,Choque Vehicular,Fatiga del conductor,52,LESIONADO,NO_REGISTRA,SCOOTER,,,,,,,,
2020-01-29 21:27:19,-3.994581,-79.193070,Av. Universitaria,SOLO_DANOS,Volcamiento,Inobservancia de senales,,,,,,,,,,,,
2020-05-26 02:33:34,-4.011493,-79.215738,Av. Pio Jaramillo,SOLO_DANOS,Volcamiento,Via resbaladiza o mojada,,,,,,,,,,,,
2020-12-01 23:20:01,-4.011848,-79.181510,Via Loja - Catamayo,CON_LESIONADOS,Atropellamiento,Estado de embriaguez,12,LESIONADO,NO_REGISTRA,MOTOCICLETA,6,LESIONADO,NO_REGISTRA,OTRO,41,LESIONADO,NO_REGISTRA,CICLISTA
2020-04-21 18:04:39,-4.030069,-79.184189,Calle Montufar,SOLO_DANOS,Colision Multiple,Via resbaladiza o mojada,,,,,,,,,,,,
2020-10-04 20:29:22,-3.986514,-79.215547,Calle Sucre,CON_FALLECIDOS,Atropellamiento,Inobservancia de senales,66,FALLECIDO,MUJER,PEATON,54,FALLECIDO,NO_REGISTRA,SCOOTER,71,LESIONADO,MUJER,PEATON
2020-08-07 12:59:31,-3.989869,-79.183519,Av. Cuxibamba,CON_LESIONADOS,Colision Multiple,Mal estado de la via,56,LESIONADO,MUJER,PEATON,34,LESIONADO,MUJER,CICLISTA,63,LESIONADO,HOMBRE,PEATON
2020-12-14 08:28:04,-4.028057,-79.224104,Ruta 35,CON_LESIONADOS,Caida,Factores externos,28,LESIONADO,MUJER,SCOOTER,6,LESIONADO,HOMBRE,PEATON,,,,
2020-12-25 10:23:01,-4.005681,-79.183551,Av. Metropolitana,CON_FALLECIDOS,Atropellamiento,Factores externos,65,FALLECIDO,HOMBRE,OTRO,,,,,,,,
2020-11-28 19:36:47,-3.982986,-79.187298,Calle Mercadillo,SOLO_DANOS,Atropellamiento,Mal estado de la via,,,,,,,,,,,,
2020-12-01 05:13:25,-4.030887,-79.171436,Calle 10 de Agosto,CON_LESIONADOS,Accidente Laboral,Inobservancia de senales,77,LESIONADO,NO_REGISTRA,SCOOTER,6,LESIONADO,HOMBRE,MOTOCICLETA,42,LESIONADO,MUJER,VEH_LIVIANO
2020-10-11 03:45:26,-3.987418,-79.216448,Av. Rosa Hermosa,SOLO_DANOS,Colision Multiple,Equipo de seguridad deficiente,,,,,,,,,,,,
2020-06-14 13:24:22,-4.025332,-79.230569,Av. Pio Jaramillo,CON_FALLECIDOS,Accidente Laboral,Exceso de velocidad,40,FALLECIDO,HOMBRE,VEH_LIVIANO,63,LESIONADO,NO_REGISTRA,CICLISTA,,,,
2020-06-30 21:17:33,-3.980002,-79.194534,Calle Ramon Borrero,CON_FALLECIDOS,Colision Multiple,Inobservancia de senales,72,FALLECIDO,MUJER,CICLISTA,56,FALLECIDO,HOMBRE,MOTOCICLETA,46,LESIONADO,NO_REGISTRA,VEH_LIVIANO
2020-01-01 05:25:07,-4.026653,-79.225308,Av. Isidro Ayora,SOLO_DANOS,Colision Multiple,Estado de embriaguez,,,,,,,,,,,,
2020-07-15 10:55:56,-3.987605,-79.184964,Ruta 35,CON_LESIONADOS,Caida,Falla mecanica,68,LESIONADO,MUJER,OTRO,,,,,,,,
2020-12-21 07:52:25,-3.988470,-79.224127,Calle Quito,CON_FALLECIDOS,Volcamiento,Inobservancia de senales,71,FALLECIDO,MUJER,MOTOCICLETA,25,FALLECIDO,NO_REGISTRA,OTRO,17,LESIONADO,MUJER,PEATON
2020-09-04 01:23:35,-3.979740,-79.174557,Av. Gran Colombia,CON_FALLECIDOS,Choque Vehicular,Fatiga del conductor,40,FALLECIDO,MUJER,MOTOCICLETA,72,LESIONADO,NO_REGISTRA,SCOOTER,,,,
2020-09-28 03:08:36,-4.024761,-79.185560,Av. Pio Jaramillo,CON_LESIONADOS,Colision Multiple,Fatiga del conductor,15,LESIONADO,NO_REGISTRA,PEATON,52,LESIONADO,HOMBRE,PEATON,33,LESIONADO,NO_REGISTRA,CICLISTA
2020-11-05 16:33:13,-4.005853,-79.193838,Calle Quito,CON_FALLECIDOS,Colision Multiple,Inobservancia de senales,58,FALLECIDO,MUJER,MOTOCICLETA,57,LESIONADO,MUJER,SCOOTER,,,,
2020-06-11 22:48:02,-3.990040,-79.195966,Calle Colon,CON_FALLECIDOS,Incendio,Imprudencia del conductor,61,FALLECIDO,MUJER,CICLISTA,76,FALLECIDO,MUJER,PEATON,,,,
2020-04-29 05:41:25,-4.033164,-79.201905,Via Loja - Zamora,CON_LESIONADOS,Colision Multiple,Fatiga del conductor,54,LESIONADO,MUJER,PEATON,15,LESIONADO,HOMBRE,PEATON,,,,
2020-11-27 13:30:08,-3.978690,-79.203789,Av. Reinaldo Espinosa,CON_LESIONADOS,Volcamiento,Fatiga del conductor,25,LESIONADO,HOMBRE,SCOOTER,40,LESIONADO,MUJER,PEATON,,,,
2020-06-29 13:58:38,-3.992523,-79.177698,Calle Sucre,CON_FALLECIDOS,Volcamiento,Equipo de seguridad deficiente,46,FALLECIDO,MUJER,OTRO,62,LESIONADO,HOMBRE,PEATON,18,LESIONADO,NO_REGISTRA,VEH_LIVIANO
2020-10-31 01:23:16,-4.009461,-79.198233,Calle Colon,CON_LESIONADOS,Volcamiento,Equipo de seguridad deficiente,65,LESIONADO,HOMBRE,OTRO,64,LESIONADO,NO_REGISTRA,CICLISTA,39,LESIONADO,NO_REGISTRA,OTRO
2020-10-26 08:20:14,-4.016231,-79.192299,Calle Imbabura,CON_FALLECIDOS,Volcamiento,Mal estado de la via,27,FALLECIDO,NO_REGISTRA,PEATON,83,FALLECIDO,NO_REGISTRA,VEH_LIVIANO,46,LESIONADO,HOMBRE,MOTOCICLETA
2020-04-29 12:45:42,-4.034601,-79.192990,Av. Gran Colombia,CON_FALLECIDOS,Choque Vehicular,Distraccion (celular/radio),72,FALLECIDO,HOMBRE,SCOOTER,40,LESIONADO,NO_REGISTRA,PEATON,,,,
2020-06-03 14:52:48,-3.985960,-79.191541,Ruta 35,CON_LESIONADOS,Choque Vehicular,Via resbaladiza o mojada,39,LESIONADO,NO_REGISTRA,VEH_LIVIANO,11,LESIONADO,HOMBRE,OTRO,,,,
2020-08-03 11:04:32,-4.011269,-79.183916,Calle Mercadillo,CON_LESIONADOS,Volcamiento,Inobservancia de senales,40,LESIONADO,HOMBRE,VEH_LIVIANO,28,LESIONADO,NO_REGISTRA,OTRO,16,LESIONADO,MUJER,VEH_LIVIANO
2020-03-23 20:41:00,-4.001284,-79.174473,Calle Sucre,CON_FALLECIDOS,Colision Multiple,Fatiga del conductor,48,FALLECIDO,HOMBRE,MOTOCICLETA,62,LESIONADO,NO_REGISTRA,CICLISTA,70,LESIONADO,MUJER,OTRO