fecha_hora,latitud,longitud,via,grado_severidad,tipo_siniestro,causa_probable,victima1_edad,victima1_condicion,victima1_sexo,victima1_actor_vial,victima2_edad,victima2_condicion,victima2_sexo,victima2_actor_vial,victima3_edad,victima3_condicion,victima3_sexo,victima3_actor_vial
2020-07-24 15:12:18,-4.033698,-79.176228,Calle Ramon Borrero,CON_FALLECIDOS,Caida,Imprudencia del conductor,21,FALLECIDO,NO_REGISTRA,MOTOCICLETA,57,FALLECIDO,MUJER,OTRO,,,,
2020-02-10 23:54:34,-4.021766,-79.186376,Calle Quito,CON_LESIONADOS,Choque Vehicular,Inobservancia de senales,73,LESIONADO,MUJER,PEATON,46,LESIONADO,NO_REGISTRA,SCOOTER,31,LESIONADO,HOMBRE,OTRO
2020-03-24 09:58:33,-4.025244,-79.214687,Calle Azogues,CON_FALLECIDOS,Atropellamiento,Equipo de seguridad deficiente,43,FALLECIDO,NO_REGISTRA,PEATON,8,LESIONADO,MUJER,MOTOCICLETA,57,LESIONADO,MUJER,MOTOCICLETA
2020-05-09 05:17:57,-4.001565,-79.192498,Calle Sucre,SOLO_DANOS,Accidente Laboral,Estado de embriaguez,,,,,,,,,,,,
2020-07-08 22:43:40,-4.018614,-79.200375,Av. Rosa Hermosa,CON_FALLECIDOS,Volcamiento,Exceso de velocidad,85,FALLECIDO,MUJER,OTRO,16,LESIONADO,NO_REGISTRA,CICLISTA,,,,
2020-01-08 02:34:00,-4.026392,-79.202828,Calle Bolivar,CON_FALLECIDOS,Atropellamiento,Factores externos,29,FALLECIDO,NO_REGISTRA,SCOOTER,16,LESIONADO,MUJER,PEATON,70,LESIONADO,HOMBRE,VEH_LIVIANO
2020-12-23 13:23:52,-3.989029,-79.189583,Av. 8 de Diciembre,CON_FALLECIDOS,Colision Multiple,Inobservancia de senales,80,FALLECIDO,HOMBRE,SCOOTER,37,FALLECIDO,HOMBRE,OTRO,56,LESIONADO,HOMBRE,PEATON
2020-02-17 10:16:37,-4.028764,-79.201952,Calle 10 de Agosto,CON_LESIONADOS,Incendio,Inobservancia de senales,10,LESIONADO,NO_REGISTRA,SCOOTER,,,,,,,,
2020-04-14 10:37:39,-4.009366,-79.203660,Av. Cuxibamba,SOLO_DANOS,Accidente Laboral,Via resbaladiza o mojada,,,,,,,,,,,,
2020-02-03 16:57:46,-3.999706,-79.206799,Av. Rosa Hermosa,SOLO_DANOS,Choque Vehicular,Imprudencia del conductor,,,,,,,,,,,,
2020-02-16 01:00:36,-4.034557,-79.209497,Calle Ramon Borrero,SOLO_DANOS,Choque Vehicular,Fatiga del conductor,,,,,,,,,,,,
2020-04-22 07:10:15,-3.981109,-79.223686,Av. Rosa Hermosa,CON_FALLECIDOS,Choque Vehicular,Visibilidad reducida,74,FALLECIDO,NO_REGISTRA,PEATON,,,,,,,,
2020-05-14 07:54:42,-4.025079,-79.218600,Calle 18 de Noviembre,CON_LESIONADOS,Incendio,Imprudencia del conductor,70,LESIONADO,HOMBRE,OTRO,11,LESIONADO,HOMBRE,OTRO,,,,
2020-12-18 22:17:06,-3.985630,-79.222282,Av. Rosa Hermosa,CON_FALLECIDOS,Colision Multiple,Mal estado de la via,41,FALLECIDO,NO_REGISTRA,PEATON,52,FALLECIDO,NO_REGISTRA,SCOOTER,,,,
2020-01-01 17:42:10,-4.032426,-79.171819,Calle Montufar,CON_LESIONADOS,Caida,Via resbaladiza o mojada,19,LESIONADO,NO_REGISTRA,OTRO,,,,,,,,
2020-07-07 00:54:43,-4.024749,-79.199432,Av. Metropolitana,SOLO_DANOS,Colision Multiple,Falla mecanica,51,LESIONADO,NO_REGISTRA,PEATON,,,,,,,,
2020-06-03 22:02:04,-3.998262,-79.229140,Calle Rocafuerte,CON_FALLECIDOS,Volcamiento,Imprudencia del conductor,22,FALLECIDO,HOMBRE,MOTOCICLETA,,,,,,,,
2020-01-03 16:29:17,-3.977952,-79.196782,Av. Metropolitana,CON_FALLECIDOS,Atropellamiento,Fatiga del conductor,79,FALLECIDO,NO_REGISTRA,CICLISTA,83,FALLECIDO,NO_REGISTRA,PEATON,59,LESIONADO,MUJER,SCOOTER
2020-08-15 11:46:15,-3.996231,-79.216506,Av. Orillas del Zamora,CON_FALLECIDOS,Incendio,Visibilidad reducida,26,FALLECIDO,MUJER,OTRO,63,FALLECIDO,NO_REGISTRA,VEH_LIVIANO,58,LESIONADO,NO_REGISTRA,PEATON
2020-09-12 17:48:28,-4.025156,-79.207020,Av. Reinaldo Espinosa,CON_LESIONADOS,Colision Multiple,Distraccion (celular/radio),25,LESIONADO,MUJER,MOTOCICLETA,,,,,,,,
2020-04-09 23:22:04,-4.027268,-79.184230,Calle Mercadillo,CON_FALLECIDOS,Volcamiento,Exceso de velocidad,61,FALLECIDO,MUJER,VEH_LIVIANO,48,FALLECIDO,NO_REGISTRA,VEH_LIVIANO,34,LESIONADO,MUJER,VEH_LIVIANO
2020-05-28 20:44:42,-4.011393,-79.171840,Av. Gran Colombia,CON_LESIONADOS,Incendio,Visibilidad reducida,45,LESIONADO,NO_REGISTRA,SCOOTER,,,,,,,,
2020-09-10 01:58:32,-4.006419,-79.187198,Via Loja - Zamora,CON_FALLECIDOS,Accidente Laboral,Distraccion (celular/radio),68,FALLECIDO,HOMBRE,VEH_LIVIANO,52,FALLECIDO,MUJER,PEATON,,,,
2020-12-18 07:20:11,-4.003845,-79.196466,Av. Metropolitana,SOLO_DANOS,Choque Vehicular,Mal estado de la via,,,,,,,,,,,,
2020-08-21 17:19:07,-4.004141,-79.220388,Calle Miguel Riofrio,CON_LESIONADOS,Colision Multiple,Exceso de velocidad,41,LESIONADO,NO_REGISTRA,PEATON,5,LESIONADO,MUJER,MOTOCICLETA,,,,
2020-02-25 02:00:58,-3.999822,-79.213083,Calle Mercadillo,SOLO_DANOS,Atropellamiento,Via resbaladiza o mojada,,,,,,,,,,,,
2020-07-08 10:03:46,-4.029261,-79.173147,Av. Isidro Ayora,CON_LESIONADOS,Atropellamiento,Inobservancia de senales,78,LESIONADO,MUJER,OTRO,29,LESIONADO,HOMBRE,CICLISTA,,,,
2020-12-28 08:52:39,-4.011707,-79.195012,Calle Saraguro,CON_LESIONADOS,Choque Vehicular,Imprudencia del conductor,68,LESIONADO,HOMBRE,SCOOTER,76,LESIONADO,NO_REGISTRA,VEH_LIVIANO,63,LESIONADO,HOMBRE,CICLISTA
2020-09-02 02:35:38,-4.034005,-79.209477,Calle Ramon Borrero,CON_FALLECIDOS,Caida,Inobservancia de senales,50,FALLECIDO,MUJER,SCOOTER,,,,,,,,
2020-10-31 23:43:44,-4.010089,-79.218095,Av. Orillas del Zamora,CON_FALLECIDOS,Volcamiento,Equipo de seguridad deficiente,28,FALLECIDO,NO_REGISTRA,PEATON,75,LESIONADO,NO_REGISTRA,PEATON,15,LESIONADO,NO_REGISTRA,SCOOTER
2020-12-21 13:40:39,-3.979586,-79.217552,Via Loja - Catamayo,CON_FALLECIDOS,Incendio,Via resbaladiza o mojada,23,FALLECIDO,HOMBRE,CICLISTA,47,FALLECIDO,MUJER,VEH_LIVIANO,33,LESIONADO,NO_REGISTRA,PEATON
2020-01-26 03:28:33,-4.014648,-79.215886,Av. Orillas del Zamora,CON_FALLECIDOS,Caida,Falla mecanica,60,FALLECIDO,HOMBRE,SCOOTER,37,FALLECIDO,MUJER,MOTOCICLETA,49,LESIONADO,HOMBRE,MOTOCICLETA
2020-03-12 04:20:10,-4.030738,-79.179253,Via Loja - Zamora,CON_LESIONADOS,Incendio,Inobservancia de senales,54,LESIONADO,NO_REGISTRA,SCOOTER,,,,,,,,
2020-10-06 00:30:10,-3.981022,-79.195712,Av. Rosa Hermosa,SOLO_DANOS,Choque Vehicular,Falla mecanica,,,,,,,,,,,,
2020-05-10 15:44:25,-3.983161,-79.176031,Calle 10 de Agosto,SOLO_DANOS,Volcamiento,Inobservancia de senales,,,,,,,,,,,,
2020-02-19 05:35:10,-4.033266,-79.207523,Av. 8 de Diciembre,CON_LESIONADOS,Caida,Mal estado de la via,44,LESIONADO,NO_REGISTRA,SCOOTER,,,,,,,,
2020-01-09 00:45:36,-3.984733,-79.216614,Calle Ramon Borrero,CON_FALLECIDOS,Caida,Imprudencia del conductor,85,FALLECIDO,MUJER,MOTOCICLETA,81,FALLECIDO,MUJER,MOTOCICLETA,13,LESIONADO,HOMBRE,SCOOTER
2020-12-31 11:19:00,-4.005330,-79.186404,Av. 8 de Diciembre,CON_FALLECIDOS,Accidente Laboral,Imprudencia del conductor,67,FALLECIDO,HOMBRE,SCOOTER,69,FALLECIDO,MUJER,SCOOTER,46,LESIONADO,MUJER,PEATON
2020-04-13 23:03:12,-4.019188,-79.171744,Calle Colon,CON_FALLECIDOS,Volcamiento,Equipo de seguridad deficiente,40,FALLECIDO,MUJER,MOTOCICLETA,,,,,,,,
2020-11-04 18:12:36,-4.016632,-79.222865,Av. Metropolitana,CON_LESIONADOS,Volcamiento,Equipo de seguridad deficiente,21,LESIONADO,MUJER,VEH_LIVIANO,18,LESIONADO,HOMBRE,VEH_LIVIANO,,,,
2020-01-12 02:20:43,-4.028176,-79.220703,Av. Gran Colombia,SOLO_DANOS,Colision Multiple,Imprudencia del conductor,21,LESIONADO,MUJER,PEATON,,,,,,,,
2020-04-12 08:03:45,-4.033945,-79.228864,Calle Colon,SOLO_DANOS,Accidente Laboral,Factores externos,,,,,,,,,,,,
2020-04-11 08:01:34,-3.999326,-79.193216,Calle Bolivar,CON_FALLECIDOS,Atropellamiento,Visibilidad reducida,53,FALLECIDO,MUJER,PEATON,39,FALLECIDO,HOMBRE,CICLISTA,13,LESIONADO,MUJER,PEATON
2020-02-21 08:05:52,-4.008014,-79.177358,Calle 18 de Noviembre,CON_LESIONADOS,Caida,Mal estado de la via,13,LESIONADO,HOMBRE,OTRO,,,,,,,,
2020-01-30 16:07:01,-3.984159,-79.173692,Av. Metropolitana,CON_FALLECIDOS,Atropellamiento,Mal estado de la via,46,FALLECIDO,MUJER,MOTOCICLETA,43,FALLECIDO,MUJER,PEATON,13,LESIONADO,HOMBRE,OTRO
2020-10-26 13:47:41,-4.019118,-79.216665,Calle Imbabura,CON_LESIONADOS,Colision Multiple,Falla mecanica,79,LESIONADO,NO_REGISTRA,OTRO,,,,,,,,
2020-02-25 02:24:13,-3.979226,-79.186763,Av. Manuel Agustin Aguirre,CON_LESIONADOS,Colision Multiple,Falla mecanica,39,LESIONADO,HOMBRE,SCOOTER,64,LESIONADO,NO_REGISTRA,VEH_LIVIANO,74,LESIONADO,HOMBRE,OTRO
2020-01-22 07:02:13,-4.031357,-79.228396,Calle Imbabura,CON_FALLECIDOS,Choque Vehicular,Inobservancia de senales,29,FALLECIDO,NO_REGISTRA,OTRO,34,LESIONADO,HOMBRE,OTRO,,,,
2020-01-27 07:17:32,-4.019031,-79.205217,Av. Universitaria,SOLO_DANOS,Incendio,Visibilidad reducida,,,,,,,,,,,,
2020-05-25 23:19:41,-4.014213,-79.223953,Calle Rocafuerte,SOLO_DANOS,Volcamiento,Falla mecanica,,,,,,,,,,,,
2020-02-18 17:37:10,-3.988661,-79.225022,Via Loja - Catamayo,CON_LESIONADOS,Atropellamiento,Mal estado de la via,42,LESIONADO,MUJER,CICLISTA,46,LESIONADO,HOMBRE,SCOOTER,44,LESIONADO,NO_REGISTRA,OTRO
2020-09-18 15:58:07,-3.982812,-79.222055,Calle Mercadillo,SOLO_DANOS,Caida,Imprudencia del conductor,,,,,,,,,,,,
2020-10-01 07:47:06,-4.033759,-79.221975,Calle Imbabura,CON_LESIONADOS,Atropellamiento,Visibilidad reducida,60,LESIONADO,NO_REGISTRA,OTRO,,,,,,,,
2020-04-29 22:59:56,-4.007846,-79.186472,Av. Pio Jaramillo,CON_FALLECIDOS,Caida,Estado de embriaguez,60,FALLECIDO,MUJER,OTRO,,,,,,,,
2020-05-04 14:26:44,-4.004918,-79.201671,Calle Rocafuerte,CON_FALLECIDOS,Caida,Fatiga del conductor,46,FALLECIDO,HOMBRE,PEATON,49,FALLECIDO,MUJER,CICLISTA,70,LESIONADO,HOMBRE,CICLISTA
2020-08-23 23:18:11,-4.026236,-79.218865,Calle Miguel Riofrio,CON_FALLECIDOS,Colision Multiple,Via resbaladiza o mojada,75,FALLECIDO,HOMBRE,PEATON,29,FALLECIDO,MUJER,MOTOCICLETA,,,,
2020-02-12 05:15:34,-3.977228,-79.193612,Av. Reinaldo Espinosa,SOLO_DANOS,Volcamiento,Distraccion (celular/radio),,,,,,,,,,,,
2020-10-25 00:45:36,-3.997930,-79.208579,Calle Montufar,CON_LESIONADOS,Accidente Laboral,Falla mecanica,10,LESIONADO,NO_REGISTRA,VEH_LIVIANO,80,LESIONADO,HOMBRE,CICLISTA,12,LESIONADO,NO_REGISTRA,CICLISTA
2020-03-23 14:15:30,-4.006009,-79.181743,Av. Reinaldo Espinosa,CON_FALLECIDOS,Caida,Factores externos,30,FALLECIDO,NO_REGISTRA,VEH_LIVIANO,84,FALLECIDO,HOMBRE,SCOOTER,58,LESIONADO,MUJER,CICLISTA
2020-05-04 14:20:42,-4.029548,-79.183806,Calle 10 de Agosto,CON_FALLECIDOS,Incendio,Factores externos,78,FALLECIDO,HOMBRE,VEH_LIVIANO,77,FALLECIDO,HOMBRE,OTRO,53,LESIONADO,HOMBRE,CICLISTA
2020-12-24 06:49:15,-3.983028,-79.171742,Calle Miguel Riofrio,SOLO_DANOS,Accidente Laboral,Mal estado de la via,,,,,,,,,,,,
2020-07-30 23:21:43,-3.991835,-79.221967,Calle Bolivar,SOLO_DANOS,Incendio,Mal estado de la via,,,,,,,,,,,,
2020-04-23 22:09:34,-4.004270,-79.226884,Av. Isidro Ayora,CON_LESIONADOS,Atropellamiento,Fatiga del conductor,30,LESIONADO,NO_REGISTRA,VEH_LIVIANO,36,LESIONADO,MUJER,VEH_LIVIANO,,,,
2020-04-01 21:57:28,-4.022173,-79.191834,Calle Ramon Borrero,CON_LESIONADOS,Atropellamiento,Estado de embriaguez,60,LESIONADO,NO_REGISTRA,PEATON,,,,,,,,
2020-12-01 10:53:21,-3.980138,-79.230138,Av. 8 de Diciembre,CON_FALLECIDOS,Caida,Via resbaladiza o mojada,83,FALLECIDO,HOMBRE,OTRO,32,LESIONADO,NO_REGISTRA,CICLISTA,25,LESIONADO,HOMBRE,PEATON
2020-08-13 09:31:37,-4.010546,-79.196880,Av. Orillas del Zamora,CON_FALLECIDOS,Choque Vehicular,Equipo de seguridad deficiente,36,FALLECIDO,HOMBRE,VEH_LIVIANO,31,LESIONADO,HOMBRE,MOTOCICLETA,50,LESIONADO,MUJER,CICLISTA
2020-08-30 08:07:35,-4.009507,-79.217331,Av. Cuxibamba,CON_FALLECIDOS,Incendio,Visibilidad reducida,39,FALLECIDO,NO_REGISTRA,CICLISTA,22,FALLECIDO,MUJER,VEH_LIVIANO,75,LESIONADO,MUJER,MOTOCICLETA
2020-05-28 06:26:53,-3.986063,-79.219166,Av. Universitaria,SOLO_DANOS,Volcamiento,Visibilidad reducida,44,LESIONADO,NO_REGISTRA,CICLISTA,,,,,,,,
2020-12-02 09:43:44,-3.997689,-79.178178,Calle Imbabura,CON_LESIONADOS,Choque Vehicular,Via resbaladiza o mojada,59,LESIONADO,NO_REGISTRA,VEH_LIVIANO,50,LESIONADO,HOMBRE,VEH_LIVIANO,,,,
2020-04-17 00:47:02,-3.996274,-79.196194,Av. Orillas del Zamora,CON_LESIONADOS,Choque Vehicular,Estado de embriaguez,68,LESIONADO,NO_REGISTRA,SCOOTER,35,LESIONADO,HOMBRE,CICLISTA,73,LESIONADO,MUJER,CICLISTA
2020-07-31 06:49:15,-4.021706,-79.228115,Av. Manuel Agustin Aguirre,CON_LESIONADOS,Colision Multiple,Factores externos,79,LESIONADO,MUJER,CICLISTA,12,LESIONADO,MUJER,MOTOCICLETA,39,LESIONADO,MUJER,SCOOTER
2020-03-04 15:32:37,-4.034677,-79.228780,Via Loja - Catamayo,CON_FALLECIDOS,Volcamiento,Via resbaladiza o mojada,65,FALLECIDO,NO_REGISTRA,OTRO,37,LESIONADO,HOMBRE,OTRO,,,,
2020-07-17 18:40:10,-4.024180,-79.215298,Av. 8 de Diciembre,SOLO_DANOS,Colision Multiple,Equipo de seguridad deficiente,,,,,,,,,,,,
2020-05-11 10:07:01,-4.006421,-79.192650,Av. Universitaria,CON_FALLECIDOS,Choque Vehicular,Visibilidad reducida,61,FALLECIDO,NO_REGISTRA,SCOOTER,74,LESIONADO,MUJER,PEATON,53,LESIONADO,NO_REGISTRA,VEH_LIVIANO
2020-01-13 20:39:48,-4.014957,-79.181255,Av. Orillas del Zamora,SOLO_DANOS,Atropellamiento,Via resbaladiza o mojada,,,,,,,,,,,,
2020-11-03 14:10:09,-4.032125,-79.223437,Av. Universitaria,CON_LESIONADOS,Volcamiento,Mal estado de la via,40,LESIONADO,MUJER,PEATON,33,LESIONADO,HOMBRE,SCOOTER,75,LESIONADO,MUJER,VEH_LIVIANO
2020-01-09 22:24:35,-4.010513,-79.197327,Calle Imbabura,SOLO_DANOS,Atropellamiento,Estado de embriaguez,65,LESIONADO,HOMBRE,CICLISTA,,,,,,,,
2020-06-18 08:19:42,-4.000407,-79.212056,Av. Orillas del Zamora,CON_LESIONADOS,Volcamiento,Mal estado de la via,32,LESIONADO,MUJER,PEATON,,,,,,,,
2020-06-11 23:10:42,-3.989166,-79.187400,Av. Universitaria,CON_LESIONADOS,Colision Multiple,Exceso de velocidad,26,LESIONADO,MUJER,MOTOCICLETA,27,LESIONADO,MUJER,PEATON,52,LESIONADO,MUJER,VEH_LIVIANO
2020-02-22 01:08:29,-3.991820,-79.218280,Av. Orillas del Zamora,CON_FALLECIDOS,Atropellamiento,Fatiga del conductor,28,FALLECIDO,MUJER,PEATON,,,,,,,,
2020-11-07 03:01:07,-4.033178,-79.187656,Av. Gran Colombia,CON_FALLECIDOS,Colision Multiple,Imprudencia del conductor,28,FALLECIDO,MUJER,MOTOCICLETA,23,FALLECIDO,HOMBRE,MOTOCICLETA,,,,
2020-10-26 03:12:56,-4.014056,-79.196770,Av. Pio Jaramillo,SOLO_DANOS,Choque Vehicular,Imprudencia del conductor,,,,,,,,,,,,
2020-07-06 22:15:20,-4.017843,-79.201860,Av. Isidro Ayora,CON_FALLECIDOS,Atropellamiento,Mal estado de la via,63,FALLECIDO,NO_REGISTRA,CICLISTA,66,FALLECIDO,NO_REGISTRA,VEH_LIVIANO,55,LESIONADO,HOMBRE,PEATON
2020-12-10 18:07:31,-3.977711,-79.176736,Via Loja - Zamora,SOLO_DANOS,Colision Multiple,Exceso de velocidad,,,,,,,,,,,,
2020-10-16 09:05:51,-3.998659,-79.230931,Calle Azogues,CON_FALLECIDOS,Volcamiento,Exceso de velocidad,23,FALLECIDO,MUJER,PEATON,77,LESIONADO,NO_REGISTRA,PEATON,51,LESIONADO,MUJER,SCOOTER
2020-01-14 01:22:45,-4.031607,-79.209249,Av. Reinaldo Espinosa,SOLO_DANOS,Atropellamiento,Estado de embriaguez,,,,,,,,,,,,
2020-06-28 00:18:58,-3.982053,-79.182706,Calle Mercadillo,SOLO_DANOS,Atropellamiento,Mal estado de la via,,,,,,,,,,,,
2020-02-14 20:47:07,-4.004015,-79.186481,Av. Isidro Ayora,CON_FALLECIDOS,Colision Multiple,Inobservancia de senales,29,FALLECIDO,NO_REGISTRA,PEATON,26,LESIONADO,NO_REGISTRA,OTRO,73,LESIONADO,MUJER,SCOOTER
2020-12-05 15:30:37,-3.984494,-79.201850,Calle Montufar,CON_FALLECIDOS,Caida,Estado de embriaguez,84,FALLECIDO,NO_REGISTRA,CICLISTA,40,FALLECIDO,HOMBRE,VEH_LIVIANO,,,,
2020-11-14 05:00:26,-3.989164,-79.215353,Av. Orillas del Zamora,SOLO_DANOS,Colision Multiple,Distraccion (celular/radio),,,,,,,,,,,,
2020-07-10 18:26:59,-4.007478,-79.213937,Av. Isidro Ayora,CON_FALLECIDOS,Accidente Laboral,Imprudencia del conductor,48,FALLECIDO,MUJER,PEATON,64,FALLECIDO,NO_REGISTRA,CICLISTA,,,,
2020-04-11 17:09:25,-3.981754,-79.177193,Av. Pio Jaramillo,CON_LESIONADOS,Choque Vehicular,Equipo de seguridad deficiente,50,LESIONADO,HOMBRE,OTRO,43,LESIONADO,NO_REGISTRA,SCOOTER,63,LESIONADO,MUJER,OTRO
2020-06-03 09:05:00,-4.031209,-79.218535,Av. Metropolitana,CON_FALLECIDOS,Choque Vehicular,Falla mecanica,21,FALLECIDO,HOMBRE,CICLISTA,42,FALLECIDO,MUJER,VEH_LIVIANO,,,,
2020-02-21 15:21:20,-4.007389,-79.171575,Av. Cuxibamba,CON_FALLECIDOS,Incendio,Estado de embriaguez,46,FALLECIDO,HOMBRE,VEH_LIVIANO,85,FALLECIDO,NO_REGISTRA,PEATON,60,LESIONADO,MUJER,MOTOCICLETA
2020-06-19 01:02:58,-3.988020,-79.217140,Calle 10 de Agosto,CON_FALLECIDOS,Volcamiento,Estado de embriaguez,39,FALLECIDO,MUJER,SCOOTER,25,FALLECIDO,MUJER,OTRO,6,LESIONADO,HOMBRE,VEH_LIVIANO
2020-07-01 21:18:52,-4.026235,-79.182316,Via Loja - Zamora,SOLO_DANOS,Choque Vehicular,Estado de embriaguez,,,,,,,,,,,,
2020-02-18 11:48:04,-4.005964,-79.220540,Calle Sucre,CON_FALLECIDOS,Volcamiento,Inobservancia de senales,55,FALLECIDO,NO_REGISTRA,VEH_LIVIANO,57,FALLECIDO,MUJER,MOTOCICLETA,57,LESIONADO,NO_REGISTRA,VEH_LIVIANO
2020-01-06 17:09:01,-4.009660,-79.178463,Calle Miguel Riofrio,SOLO_DANOS,Colision Multiple,Falla mecanica,11,LESIONADO,MUJER,PEATON,,,,,,,,
2020-02-26 23:48:31,-4.031104,-79.188755,Av. Metropolitana,CON_LESIONADOS,Incendio,Inobservancia de senales,13,LESIONADO,NO_REGISTRA,CICLISTA,41,LESIONADO,HOMBRE,MOTOCICLETA,,,,
2020-09-25 08:16:24,-3.984286,-79.176981,Calle Bolivar,SOLO_DANOS,Volcamiento,Inobservancia de senales,,,,,,,,,,,,
2020-11-17 20:54:32,-3.996449,-79.201403,Calle Quito,CON_FALLECIDOS,Colision Multiple,Visibilidad reducida,20,FALLECIDO,HOMBRE,OTRO,33,LESIONADO,MUJER,SCOOTER,,,,
2020-02-13 06:34:00,-3.992017,-79.191862,Calle 18 de Noviembre,CON_FALLECIDOS,Caida,Inobservancia de senales,47,FALLECIDO,HOMBRE,OTRO,25,LESIONADO,NO_REGISTRA,VEH_LIVIANO,64,LESIONADO,MUJER,MOTOCICLETA
2020-01-20 06:44:48,-3.978969,-79.210805,Ruta 35,CON_FALLECIDOS,Caida,Estado de embriaguez,58,FALLECIDO,MUJER,SCOOTER,49,LESIONADO,NO_REGISTRA,OTRO,,,,
2020-02-28 05:59:29,-4.033620,-79.211233,Calle Azogues,SOLO_DANOS,Accidente Laboral,Distraccion (celular/radio),,,,,,,,,,,,
2020-11-22 12:28:34,-3.992444,-79.178464,Calle Montufar,SOLO_DANOS,Choque Vehicular,Equipo de seguridad deficiente,,,,,,,,,,,,
2020-08-30 18:37:36,-3.998064,-79.228962,Av. Rosa Hermosa,SOLO_DANOS,Colision Multiple,Visibilidad reducida,,,,,,,,,,,,
2020-09-12 06:29:26,-3.982859,-79.222203,Calle Azogues,CON_LESIONADOS,Incendio,Exceso de velocidad,24,LESIONADO,NO_REGISTRA,CICLISTA,59,LESIONADO,NO_REGISTRA,CICLISTA,40,LESIONADO,NO_REGISTRA,MOTOCICLETA
2020-06-21 19:54:02,-4.029104,-79.213192,Calle Montufar,CON_LESIONADOS,Volcamiento,Fatiga del conductor,14,LESIONADO,HOMBRE,CICLISTA,12,LESIONADO,NO_REGISTRA,CICLISTA,,,,
2020-06-29 06:15:33,-3.994678,-79.173538,Ruta 35,CON_LESIONADOS,Incendio,Imprudencia del conductor,35,LESIONADO,MUJER,MOTOCICLETA,14,LESIONADO,HOMBRE,CICLISTA,24,LESIONADO,NO_REGISTRA,VEH_LIVIANO
2020-05-10 19:59:29,-4.004787,-79.178331,Av. Cuxibamba,CON_FALLECIDOS,Caida,Mal estado de la via,32,FALLECIDO,HOMBRE,VEH_LIVIANO,19,FALLECIDO,NO_REGISTRA,SCOOTER,,,,
2020-12-15 07:49:40,-4.011900,-79.224964,Calle Saraguro,CON_FALLECIDOS,Volcamiento,Falla mecanica,33,FALLECIDO,NO_REGISTRA,PEATON,18,FALLECIDO,HOMBRE,PEATON,19,LESIONADO,MUJER,CICLISTA
2020-08-06 19:57:52,-3.978198,-79.193017,Av. Manuel Agustin Aguirre,SOLO_DANOS,Colision Multiple,Falla mecanica,,,,,,,,,,,,
2020-06-05 09:56:11,-4.006121,-79.201745,Calle Imbabura,SOLO_DANOS,Atropellamiento,Estado de embriaguez,,,,,,,,,,,,
2020-09-11 17:07:33,-4.036204,-79.204563,Av. Universitaria,SOLO_DANOS,Accidente Laboral,Imprudencia del conductor,,,,,,,,,,,,
2020-10-05 19:35:31,-4.034353,-79.180564,Calle Ramon Borrero,SOLO_DANOS,Choque Vehicular,Equipo de seguridad deficiente,,,,,,,,,,,,
2020-12-27 03:24:03,-4.027275,-79.209757,Calle Montufar,CON_LESIONADOS,Caida,Factores externos,57,LESIONADO,NO_REGISTRA,OTRO,,,,,,,,
2020-07-02 01:14:30,-3.995133,-79.213978,Calle Miguel Riofrio,CON_LESIONADOS,Volcamiento,Factores externos,42,LESIONADO,NO_REGISTRA,SCOOTER,7,LESIONADO,HOMBRE,MOTOCICLETA,,,,
2020-04-26 11:48:52,-4.035685,-79.210590,Av. 8 de Diciembre,CON_FALLECIDOS,Incendio,Inobservancia de senales,27,FALLECIDO,MUJER,PEATON,26,LESIONADO,MUJER,MOTOCICLETA,73,LESIONADO,MUJER,MOTOCICLETA
2020-01-09 05:57:33,-4.014809,-79.220330,Ruta 35,CON_LESIONADOS,Colision Multiple,Factores externos,47,LESIONADO,NO_REGISTRA,VEH_LIVIANO,,,,,,,,
2020-03-31 01:20:34,-4.029899,-79.203334,Calle Quito,CON_FALLECIDOS,Colision Multiple,Exceso de velocidad,59,FALLECIDO,HOMBRE,SCOOTER,5,LESIONADO,HOMBRE,MOTOCICLETA,,,,
2020-02-04 00:40:56,-3.985820,-79.225468,Av. Manuel Agustin Aguirre,SOLO_DANOS,Atropellamiento,Visibilidad reducida,,,,,,,,,,,,
2020-01-21 04:11:39,-4.022009,-79.176088,Calle Rocafuerte,SOLO_DANOS,Caida,Imprudencia del conductor,,,,,,,,,,,,
2020-09-02 15:09:24,-4.005692,-79.199872,Calle 10 de Agosto,CON_LESIONADOS,Colision Multiple,Exceso de velocidad,60,LESIONADO,NO_REGISTRA,CICLISTA,11,LESIONADO,MUJER,SCOOTER,34,LESIONADO,MUJER,CICLISTA
2020-10-05 04:39:07,-4.006377,-79.224433,Calle 18 de Noviembre,SOLO_DANOS,Choque Vehicular,Inobservancia de senales,,,,,,,,,,,,
2020-11-01 05:44:53,-4.009945,-79.194942,Calle Ramon Borrero,CON_FALLECIDOS,Accidente Laboral,Estado de embriaguez,58,FALLECIDO,NO_REGISTRA,MOTOCICLETA,71,FALLECIDO,MUJER,VEH_LIVIANO,,,,
2020-11-24 07:59:04,-4.023788,-79.202688,Calle Saraguro,CON_LESIONADOS,Caida,Factores externos,30,LESIONADO,HOMBRE,SCOOTER,31,LESIONADO,NO_REGISTRA,MOTOCICLETA,56,LESIONADO,MUJER,CICLISTA
2020-03-31 17:55:11,-4.029324,-79.225930,Av. Rosa Hermosa,CON_LESIONADOS,Caida,Via resbaladiza o mojada,58,LESIONADO,HOMBRE,SCOOTER,53,LESIONADO,HOMBRE,PEATON,50,LESIONADO,HOMBRE,PEATON