fecha_hora,latitud,longitud,via,grado_severidad,tipo_siniestro,causa_probable,victima1_edad,victima1_condicion,victima1_sexo,victima1_actor_vial,victima2_edad,victima2_condicion,victima2_sexo,victima2_actor_vial,victima3_edad,victima3_condicion,victima3_sexo,victima3_actor_vial
2020-02-21 18:37:01,-4.012655,-79.194464,Calle Miguel Riofrio,CON_FALLECIDOS,Incendio,Exceso de velocidad,45,FALLECIDO,MUJER,PEATON,42,LESIONADO,MUJER,VEH_LIVIANO,,,,
2020-05-26 11:18:21,-4.031230,-79.181803,Av. Reinaldo Espinosa,CON_FALLECIDOS,Incendio,Factores externos,39,FALLECIDO,MUJER,CICLISTA,54,LESIONADO,MUJER,PEATON,27,LESIONADO,HOMBRE,MOTOCICLETA
2020-07-17 14:27:16,-4.008853,-79.184784,Calle Saraguro,CON_FALLECIDOS,Accidente Laboral,Fatiga del conductor,22,FALLECIDO,HOMBRE,VEH_LIVIANO,47,FALLECIDO,MUJER,MOTOCICLETA,36,LESIONADO,HOMBRE,MOTOCICLETA
2020-03-24 08:49:16,-3.977497,-79.176856,Calle Miguel Riofrio,CON_LESIONADOS,Atropellamiento,Visibilidad reducida,17,LESIONADO,HOMBRE,SCOOTER,43,LESIONADO,MUJER,SCOOTER,,,,
2020-07-05 07:23:48,-4.018027,-79.224719,Calle Saraguro,SOLO_DANOS,Accidente Laboral,Visibilidad reducida,,,,,,,,,,,,
2020-08-01 12:59:46,-4.009458,-79.188064,Calle Montufar,SOLO_DANOS,Incendio,Exceso de velocidad,,,,,,,,,,,,
2020-06-03 00:06:58,-4.001083,-79.177390,Calle Ramon Borrero,SOLO_DANOS,Volcamiento,Estado de embriaguez,,,,,,,,,,,,
2020-11-23 00:05:59,-3.983161,-79.195751,Calle Quito,CON_LESIONADOS,Caida,Visibilidad reducida,10,LESIONADO,MUJER,SCOOTER,13,LESIONADO,HOMBRE,SCOOTER,,,,
2020-02-20 03:21:17,-4.013227,-79.216805,Av. Isidro Ayora,SOLO_DANOS,Incendio,Equipo de seguridad deficiente,58,LESIONADO,HOMBRE,OTRO,,,,,,,,
2020-09-10 09:10:49,-4.008033,-79.193118,Calle Ramon Borrero,SOLO_DANOS,Incendio,Estado de embriaguez,,,,,,,,,,,,
2020-09-12 08:22:03,-4.019997,-79.203871,Av. Reinaldo Espinosa,SOLO_DANOS,Colision Multiple,Falla mecanica,,,,,,,,,,,,
2020-01-14 03:27:28,-3.997547,-79.215306,Av. Manuel Agustin Aguirre,CON_FALLECIDOS,Volcamiento,Mal estado de la via,29,FALLECIDO,MUJER,MOTOCICLETA,20,FALLECIDO,MUJER,CICLISTA,43,LESIONADO,NO_REGISTRA,SCOOTER
2020-08-17 20:04:31,-3.993760,-79.177905,Calle Rocafuerte,SOLO_DANOS,Accidente Laboral,Estado de embriaguez,,,,,,,,,,,,
2020-03-20 08:23:42,-3.981650,-79.217850,Av. Manuel Agustin Aguirre,SOLO_DANOS,Caida,Falla mecanica,,,,,,,,,,,,
2020-03-04 06:50:18,-3.995802,-79.220274,Av. Universitaria,CON_LESIONADOS,Caida,Imprudencia del conductor,55,LESIONADO,MUJER,SCOOTER,38,LESIONADO,HOMBRE,OTRO,,,,
2020-09-18 05:40:26,-4.011176,-79.219104,Via Loja - Catamayo,CON_FALLECIDOS,Atropellamiento,Via resbaladiza o mojada,57,FALLECIDO,MUJER,PEATON,15,LESIONADO,MUJER,SCOOTER,,,,
2020-04-01 20:39:18,-3.996776,-79.211198,Av. Metropolitana,SOLO_DANOS,Choque Vehicular,Imprudencia del conductor,,,,,,,,,,,,
2020-12-31 14:35:20,-3.998740,-79.212585,Calle Rocafuerte,SOLO_DANOS,Atropellamiento,Distraccion (celular/radio),64,LESIONADO,HOMBRE,MOTOCICLETA,,,,,,,,
2020-04-22 22:44:27,-4.018975,-79.175173,Av. Universitaria,SOLO_DANOS,Volcamiento,Via resbaladiza o mojada,,,,,,,,,,,,
2020-07-05 05:58:58,-3.983264,-79.222625,Calle 10 de Agosto,CON_LESIONADOS,Incendio,Inobservancia de senales,74,LESIONADO,HOMBRE,OTRO,10,LESIONADO,NO_REGISTRA,VEH_LIVIANO,73,LESIONADO,NO_REGISTRA,OTRO
2020-07-21 19:27:10,-4.025529,-79.202876,Via Loja - Zamora,CON_LESIONADOS,Incendio,Distraccion (celular/radio),69,LESIONADO,NO_REGISTRA,VEH_LIVIANO,,,,,,,,
2020-09-18 19:20:31,-4.003150,-79.219923,Calle Ramon Borrero,SOLO_DANOS,Atropellamiento,Inobservancia de senales,,,,,,,,,,,,
2020-10-14 16:04:11,-3.980952,-79.220632,Calle Saraguro,SOLO_DANOS,Caida,Factores externos,,,,,,,,,,,,
2020-04-10 10:59:37,-4.001668,-79.192534,Ruta 35,CON_LESIONADOS,Colision Multiple,Exceso de velocidad,76,LESIONADO,HOMBRE,VEH_LIVIANO,49,LESIONADO,NO_REGISTRA,CICLISTA,80,LESIONADO,HOMBRE,MOTOCICLETA
2020-08-10 01:33:58,-3.987708,-79.224364,Av. Pio Jaramillo,CON_FALLECIDOS,Incendio,Mal estado de la via,18,FALLECIDO,NO_REGISTRA,SCOOTER,64,LESIONADO,HOMBRE,VEH_LIVIANO,78,LESIONADO,MUJER,MOTOCICLETA
2020-11-20 00:33:54,-4.028520,-79.204963,Calle Saraguro,SOLO_DANOS,Incendio,Factores externos,,,,,,,,,,,,
2020-03-04 04:07:28,-3.989787,-79.199654,Calle Quito,CON_LESIONADOS,Colision Multiple,Estado de embriaguez,40,LESIONADO,NO_REGISTRA,PEATON,,,,,,,,
2020-11-19 18:48:17,-3.982564,-79.218515,Ruta 35,CON_FALLECIDOS,Colision Multiple,Imprudencia del conductor,72,FALLECIDO,HOMBRE,SCOOTER,84,FALLECIDO,MUJER,VEH_LIVIANO,,,,
2020-02-06 11:59:19,-3.985262,-79.194637,Via Loja - Catamayo,SOLO_DANOS,Caida,Falla mecanica,,,,,,,,,,,,
2020-12-07 21:57:40,-4.017950,-79.202426,Calle 10 de Agosto,CON_FALLECIDOS,Incendio,Equipo de seguridad deficiente,58,FALLECIDO,NO_REGISTRA,VEH_LIVIANO,75,FALLECIDO,NO_REGISTRA,PEATON,62,LESIONADO,HOMBRE,OTRO
2020-01-10 08:13:08,-3.999215,-79.196716,Av. Gran Colombia,SOLO_DANOS,Accidente Laboral,Equipo de seguridad deficiente,,,,,,,,,,,,
2020-05-26 16:47:22,-4.017578,-79.226807,Av. Universitaria,SOLO_DANOS,Caida,Estado de embriaguez,,,,,,,,,,,,
2020-03-19 03:09:49,-4.015749,-79.229100,Calle Imbabura,SOLO_DANOS,Incendio,Equipo de seguridad deficiente,,,,,,,,,,,,
2020-07-19 16:17:51,-3.993769,-79.207777,Calle Azogues,SOLO_DANOS,Accidente Laboral,Fatiga del conductor,,,,,,,,,,,,
2020-10-27 12:53:23,-4.005455,-79.211693,Calle Azogues,CON_FALLECIDOS,Incendio,Imprudencia del conductor,29,FALLECIDO,NO_REGISTRA,VEH_LIVIANO,,,,,,,,
2020-12-10 11:33:08,-3.991611,-79.219957,Av. Pio Jaramillo,CON_FALLECIDOS,Colision Multiple,Equipo de seguridad deficiente,75,FALLECIDO,HOMBRE,MOTOCICLETA,72,FALLECIDO,HOMBRE,PEATON,,,,
2020-11-15 01:15:50,-4.000023,-79.204160,Calle Azogues,CON_FALLECIDOS,Incendio,Exceso de velocidad,77,FALLECIDO,HOMBRE,CICLISTA,59,LESIONADO,MUJER,VEH_LIVIANO,,,,
2020-05-02 13:22:11,-3.995786,-79.188954,Calle Azogues,CON_FALLECIDOS,Atropellamiento,Exceso de velocidad,28,FALLECIDO,MUJER,SCOOTER,65,LESIONADO,MUJER,MOTOCICLETA,25,LESIONADO,MUJER,OTRO
2020-11-29 16:15:45,-4.021839,-79.210358,Calle Azogues,CON_FALLECIDOS,Colision Multiple,Via resbaladiza o mojada,47,FALLECIDO,NO_REGISTRA,VEH_LIVIANO,38,FALLECIDO,MUJER,MOTOCICLETA,60,LESIONADO,MUJER,MOTOCICLETA
2020-05-04 00:58:38,-3.997723,-79.214529,Calle Rocafuerte,CON_LESIONADOS,Accidente Laboral,Inobservancia de senales,37,LESIONADO,HOMBRE,VEH_LIVIANO,,,,,,,,
2020-07-22 10:21:44,-4.036769,-79.185393,Calle 10 de Agosto,CON_FALLECIDOS,Accidente Laboral,Exceso de velocidad,76,FALLECIDO,MUJER,VEH_LIVIANO,72,LESIONADO,NO_REGISTRA,SCOOTER,,,,
2020-10-09 14:30:42,-3.998284,-79.193524,Calle Imbabura,SOLO_DANOS,Incendio,Fatiga del conductor,,,,,,,,,,,,
2020-02-20 06:26:58,-3.992324,-79.211827,Calle Miguel Riofrio,SOLO_DANOS,Volcamiento,Estado de embriaguez,,,,,,,,,,,,
2020-04-28 10:00:03,-3.998793,-79.180914,Av. Pio Jaramillo,SOLO_DANOS,Choque Vehicular,Exceso de velocidad,,,,,,,,,,,,
2020-04-10 02:34:04,-3.978377,-79.183476,Av. Gran Colombia,CON_FALLECIDOS,Atropellamiento,Inobservancia de senales,62,FALLECIDO,HOMBRE,PEATON,,,,,,,,
2020-02-11 13:02:55,-4.001337,-79.173446,Av. Cuxibamba,CON_LESIONADOS,Colision Multiple,Mal estado de la via,65,LESIONADO,NO_REGISTRA,CICLISTA,71,LESIONADO,MUJER,OTRO,36,LESIONADO,NO_REGISTRA,SCOOTER
2020-05-02 01:20:13,-3.983576,-79.173279,Calle 10 de Agosto,CON_LESIONADOS,Atropellamiento,Factores externos,5,LESIONADO,HOMBRE,SCOOTER,52,LESIONADO,NO_REGISTRA,MOTOCICLETA,18,LESIONADO,NO_REGISTRA,PEATON
2020-01-06 07:51:16,-3.984479,-79.229034,Av. Orillas del Zamora,CON_LESIONADOS,Incendio,Equipo de seguridad deficiente,7,LESIONADO,MUJER,MOTOCICLETA,15,LESIONADO,MUJER,CICLISTA,5,LESIONADO,MUJER,SCOOTER
2020-02-11 09:53:36,-4.021787,-79.220146,Calle Montufar,CON_LESIONADOS,Atropellamiento,Visibilidad reducida,43,LESIONADO,HOMBRE,MOTOCICLETA,5,LESIONADO,MUJER,OTRO,53,LESIONADO,MUJER,SCOOTER
2020-10-20 03:20:19,-4.029356,-79.185731,Av. Reinaldo Espinosa,SOLO_DANOS,Volcamiento,Mal estado de la via,,,,,,,,,,,,
2020-08-29 02:00:44,-3.978224,-79.178961,Av. Reinaldo Espinosa,CON_LESIONADOS,Colision Multiple,Mal estado de la via,23,LESIONADO,HOMBRE,MOTOCICLETA,29,LESIONADO,HOMBRE,VEH_LIVIANO,,,,
2020-09-18 08:08:39,-4.024691,-79.227973,Calle Azogues,CON_LESIONADOS,Volcamiento,Estado de embriaguez,46,LESIONADO,NO_REGISTRA,VEH_LIVIANO,46,LESIONADO,MUJER,MOTOCICLETA,,,,
2020-05-30 10:09:16,-3.998654,-79.197419,Av. Reinaldo Espinosa,SOLO_DANOS,Atropellamiento,Distraccion (celular/radio),76,LESIONADO,HOMBRE,CICLISTA,,,,,,,,
2020-04-08 11:17:30,-3.994431,-79.199559,Via Loja - Zamora,SOLO_DANOS,Incendio,Fatiga del conductor,,,,,,,,,,,,
2020-03-10 15:00:37,-4.017906,-79.214664,Av. 8 de Diciembre,SOLO_DANOS,Caida,Imprudencia del conductor,,,,,,,,,,,,
2020-05-24 00:35:57,-4.020648,-79.208091,Av. Cuxibamba,SOLO_DANOS,Incendio,Visibilidad reducida,,,,,,,,,,,,
2020-09-06 09:19:00,-4.028899,-79.199379,Calle Azogues,CON_LESIONADOS,Volcamiento,Inobservancia de senales,63,LESIONADO,MUJER,MOTOCICLETA,25,LESIONADO,NO_REGISTRA,SCOOTER,18,LESIONADO,MUJER,OTRO
2020-12-23 16:07:55,-4.001886,-79.187520,Calle 10 de Agosto,SOLO_DANOS,Colision Multiple,Equipo de seguridad deficiente,,,,,,,,,,,,
2020-12-20 10:57:57,-3.997410,-79.221526,Av. Orillas del Zamora,CON_LESIONADOS,Colision Multiple,Distraccion (celular/radio),39,LESIONADO,HOMBRE,CICLISTA,61,LESIONADO,MUJER,OTRO,42,LESIONADO,HOMBRE,SCOOTER
2020-06-23 09:27:21,-3.997436,-79.214774,Via Loja - Catamayo,SOLO_DANOS,Volcamiento,Inobservancia de senales,,,,,,,,,,,,
2020-08-26 04:46:37,-3.996425,-79.218941,Av. Universitaria,CON_FALLECIDOS,Colision Multiple,Inobservancia de senales,54,FALLECIDO,NO_REGISTRA,VEH_LIVIANO,,,,,,,,
2020-08-25 18:51:45,-4.012528,-79.206624,Calle Miguel Riofrio,CON_LESIONADOS,Atropellamiento,Inobservancia de senales,18,LESIONADO,MUJER,PEATON,,,,,,,,
2020-08-29 14:27:28,-3.987342,-79.208836,Calle Bolivar,SOLO_DANOS,Volcamiento,Factores externos,,,,,,,,,,,,
2020-01-10 19:35:05,-4.032430,-79.216193,Calle Miguel Riofrio,CON_FALLECIDOS,Choque Vehicular,Inobservancia de senales,27,FALLECIDO,NO_REGISTRA,OTRO,79,FALLECIDO,MUJER,SCOOTER,46,LESIONADO,MUJER,MOTOCICLETA
2020-03-23 11:56:47,-3.983477,-79.194149,Calle Azogues,CON_LESIONADOS,Caida,Via resbaladiza o mojada,54,LESIONADO,MUJER,MOTOCICLETA,39,LESIONADO,NO_REGISTRA,CICLISTA,,,,
2020-09-27 13:03:26,-3.990382,-79.213087,Calle Mercadillo,SOLO_DANOS,Volcamiento,Equipo de seguridad deficiente,,,,,,,,,,,,
2020-04-18 08:10:25,-3.985639,-79.176608,Calle Miguel Riofrio,CON_LESIONADOS,Caida,Estado de embriaguez,79,LESIONADO,MUJER,CICLISTA,11,LESIONADO,MUJER,CICLISTA,23,LESIONADO,NO_REGISTRA,MOTOCICLETA
2020-11-09 09:23:27,-3.994721,-79.176938,Calle Saraguro,SOLO_DANOS,Incendio,Imprudencia del conductor,,,,,,,,,,,,
2020-11-12 12:04:28,-4.022425,-79.193860,Via Loja - Catamayo,CON_FALLECIDOS,Atropellamiento,Inobservancia de senales,62,FALLECIDO,NO_REGISTRA,PEATON,65,FALLECIDO,MUJER,PEATON,33,LESIONADO,HOMBRE,MOTOCICLETA
2020-12-23 15:45:40,-4.017784,-79.174800,Av. Metropolitana,SOLO_DANOS,Volcamiento,Visibilidad reducida,,,,,,,,,,,,
2020-12-01 00:54:55,-3.984635,-79.221806,Av. Isidro Ayora,CON_LESIONADOS,Choque Vehicular,Distraccion (celular/radio),69,LESIONADO,MUJER,MOTOCICLETA,6,LESIONADO,MUJER,PEATON,,,,
2020-05-18 16:51:42,-4.022829,-79.179053,Av. Manuel Agustin Aguirre,SOLO_DANOS,Atropellamiento,Factores externos,,,,,,,,,,,,
2020-02-28 06:18:01,-4.013131,-79.198267,Calle Azogues,SOLO_DANOS,Colision Multiple,Mal estado de la via,,,,,,,,,,,,
2020-05-27 06:02:05,-4.013483,-79.176930,Av. 8 de Diciembre,CON_FALLECIDOS,Caida,Visibilidad reducida,42,FALLECIDO,MUJER,VEH_LIVIANO,68,LESIONADO,HOMBRE,OTRO,,,,
2020-10-21 15:17:45,-4.016517,-79.207046,Av. Cuxibamba,CON_LESIONADOS,Caida,Exceso de velocidad,44,LESIONADO,MUJER,CICLISTA,30,LESIONADO,NO_REGISTRA,MOTOCICLETA,,,,
2020-08-01 12:52:39,-3.988866,-79.212605,Calle 10 de Agosto,CON_LESIONADOS,Colision Multiple,Distraccion (celular/radio),25,LESIONADO,HOMBRE,CICLISTA,42,LESIONADO,NO_REGISTRA,CICLISTA,,,,
2020-06-15 21:01:41,-4.022279,-79.196290,Av. Metropolitana,SOLO_DANOS,Atropellamiento,Equipo de seguridad deficiente,,,,,,,,,,,,
2020-08-21 05:37:52,-3.977243,-79.171990,Av. Manuel Agustin Aguirre,CON_LESIONADOS,Colision Multiple,Mal estado de la via,34,LESIONADO,HOMBRE,OTRO,,,,,,,,
2020-04-04 12:53:06,-3.993151,-79.172593,Calle Montufar,CON_LESIONADOS,Colision Multiple,Imprudencia del conductor,6,LESIONADO,MUJER,VEH_LIVIANO,60,LESIONADO,NO_REGISTRA,OTRO,,,,
2020-02-16 07:07:22,-3.984671,-79.172503,Av. Rosa Hermosa,CON_LESIONADOS,Caida,Falla mecanica,60,LESIONADO,NO_REGISTRA,OTRO,,,,,,,,
2020-11-19 23:11:33,-4.003033,-79.228859,Calle Mercadillo,SOLO_DANOS,Choque Vehicular,Falla mecanica,,,,,,,,,,,,
2020-04-27 11:14:31,-3.993646,-79.224226,Av. Metropolitana,SOLO_DANOS,Caida,Via resbaladiza o mojada,,,,,,,,,,,,
2020-01-01 17:38:21,-3.996073,-79.207489,Av. Metropolitana,CON_LESIONADOS,Colision Multiple,Via resbaladiza o mojada,34,LESIONADO,MUJER,VEH_LIVIANO,,,,,,,,
2020-12-02 09:17:09,-3.986355,-79.200065,Calle Miguel Riofrio,CON_FALLECIDOS,Choque Vehicular,Visibilidad reducida,69,FALLECIDO,MUJER,PEATON,63,FALLECIDO,MUJER,SCOOTER,,,,
2020-05-09 14:54:05,-3.995218,-79.230942,Calle Colon,CON_LESIONADOS,Choque Vehicular,Imprudencia del conductor,29,LESIONADO,HOMBRE,OTRO,47,LESIONADO,HOMBRE,MOTOCICLETA,33,LESIONADO,HOMBRE,VEH_LIVIANO
2020-02-03 22:57:06,-3.996161,-79.189394,Calle Imbabura,CON_LESIONADOS,Incendio,Via resbaladiza o mojada,22,LESIONADO,HOMBRE,VEH_LIVIANO,19,LESIONADO,MUJER,SCOOTER,,,,
2020-11-26 21:14:46,-4.023052,-79.224721,Av. Manuel Agustin Aguirre,SOLO_DANOS,Atropellamiento,Visibilidad reducida,,,,,,,,,,,,
2020-03-18 15:00:06,-4.027730,-79.216543,Calle Miguel Riofrio,SOLO_DANOS,Incendio,Falla mecanica,,,,,,,,,,,,
2020-07-22 20:59:35,-4.032448,-79.185184,Calle 18 de Noviembre,CON_FALLECIDOS,Atropellamiento,Mal estado de la via,48,FALLECIDO,MUJER,CICLISTA,67,LESIONADO,HOMBRE,OTRO,,,,
2020-07-24 09:09:50,-4.032284,-79.189738,Calle 18 de Noviembre,CON_FALLECIDOS,Atropellamiento,Imprudencia del conductor,51,FALLECIDO,HOMBRE,CICLISTA,30,FALLECIDO,MUJER,OTRO,,,,
2020-08-07 17:33:57,-3.979721,-79.188923,Calle Montufar,CON_FALLECIDOS,Atropellamiento,Imprudencia del conductor,80,FALLECIDO,HOMBRE,CICLISTA,76,LESIONADO,HOMBRE,OTRO,21,LESIONADO,MUJER,MOTOCICLETA
2020-02-10 16:59:17,-3.995697,-79.230598,Av. Isidro Ayora,CON_LESIONADOS,Atropellamiento,Fatiga del conductor,14,LESIONADO,HOMBRE,OTRO,14,LESIONADO,HOMBRE,MOTOCICLETA,,,,
2020-07-17 05:52:30,-4.001821,-79.184796,Av. Universitaria,SOLO_DANOS,Accidente Laboral,Visibilidad reducida,,,,,,,,,,,,
2020-05-20 16:50:13,-4.020641,-79.208413,Calle Azogues,CON_LESIONADOS,Colision Multiple,Via resbaladiza o mojada,62,LESIONADO,NO_REGISTRA,MOTOCICLETA,,,,,,,,
2020-11-03 13:12:24,-4.022790,-79.224435,Av. Isidro Ayora,CON_FALLECIDOS,Choque Vehicular,Distraccion (celular/radio),85,FALLECIDO,HOMBRE,MOTOCICLETA,,,,,,,,
2020-06-05 23:34:53,-4.018956,-79.223353,Calle Rocafuerte,CON_FALLECIDOS,Atropellamiento,Mal estado de la via,71,FALLECIDO,MUJER,CICLISTA,68,FALLECIDO,HOMBRE,OTRO,12,LESIONADO,NO_REGISTRA,CICLISTA
2020-10-27 08:34:28,-4.025104,-79.188058,Av. Metropolitana,CON_FALLECIDOS,Incendio,Imprudencia del conductor,31,FALLECIDO,MUJER,OTRO,65,LESIONADO,NO_REGISTRA,VEH_LIVIANO,,,,
2020-03-08 15:04:28,-3.977904,-79.220014,Calle Quito,CON_FALLECIDOS,Accidente Laboral,Exceso de velocidad,26,FALLECIDO,MUJER,PEATON,61,LESIONADO,MUJER,VEH_LIVIANO,,,,
2020-05-16 04:10:09,-3.992874,-79.186306,Calle 18 de Noviembre,CON_LESIONADOS,Accidente Laboral,Mal estado de la via,79,LESIONADO,NO_REGISTRA,MOTOCICLETA,,,,,,,,
2020-04-05 19:21:24,-4.001968,-79.217801,Calle Ramon Borrero,CON_LESIONADOS,Choque Vehicular,Estado de embriaguez,34,LESIONADO,MUJER,MOTOCICLETA,,,,,,,,
2020-06-16 05:35:35,-3.990243,-79.180940,Ruta 35,CON_LESIONADOS,Volcamiento,Factores externos,64,LESIONADO,MUJER,MOTOCICLETA,,,,,,,,
2020-08-19 12:43:40,-3.995967,-79.194513,Calle 10 de Agosto,CON_LESIONADOS,Colision Multiple,Via resbaladiza o mojada,24,LESIONADO,MUJER,CICLISTA,51,LESIONADO,HOMBRE,PEATON,15,LESIONADO,NO_REGISTRA,PEATON
2020-07-29 13:59:43,-4.004232,-79.174550,Via Loja - Zamora,CON_LESIONADOS,Incendio,Inobservancia de senales,70,LESIONADO,HOMBRE,CICLISTA,29,LESIONADO,NO_REGISTRA,VEH_LIVIANO,,,,
2020-08-14 06:57:00,-4.004712,-79.185783,Av. Metropolitana,CON_FALLECIDOS,Atropellamiento,Imprudencia del conductor,82,FALLECIDO,HOMBRE,OTRO,,,,,,,,
2020-05-08 17:48:03,-4.020343,-79.208423,Av. Isidro Ayora,CON_LESIONADOS,Colision Multiple,Distraccion (celular/radio),24,LESIONADO,HOMBRE,OTRO,10,LESIONADO,NO_REGISTRA,MOTOCICLETA,,,,
2020-11-27 05:51:53,-4.016144,-79.213423,Av. Rosa Hermosa,CON_FALLECIDOS,Incendio,Visibilidad reducida,76,FALLECIDO,MUJER,PEATON,71,LESIONADO,HOMBRE,CICLISTA,,,,
2020-03-08 08:28:38,-4.009110,-79.190124,Calle 10 de Agosto,SOLO_DANOS,Incendio,Inobservancia de senales,,,,,,,,,,,,
2020-01-20 17:01:29,-4.035098,-79.193273,Calle Azogues,CON_FALLECIDOS,Incendio,Via resbaladiza o mojada,40,FALLECIDO,HOMBRE,CICLISTA,54,FALLECIDO,MUJER,VEH_LIVIANO,40,LESIONADO,NO_REGISTRA,VEH_LIVIANO
2020-04-20 15:25:35,-3.987620,-79.204503,Calle Rocafuerte,SOLO_DANOS,Colision Multiple,Visibilidad reducida,,,,,,,,,,,,
2020-11-23 11:57:45,-4.004840,-79.171024,Calle Azogues,CON_LESIONADOS,Caida,Imprudencia del conductor,21,LESIONADO,HOMBRE,CICLISTA,60,LESIONADO,HOMBRE,CICLISTA,37,LESIONADO,NO_REGISTRA,PEATON
2020-06-09 22:04:27,-4.012271,-79.201048,Calle Rocafuerte,CON_LESIONADOS,Incendio,Factores externos,31,LESIONADO,MUJER,CICLISTA,15,LESIONADO,NO_REGISTRA,OTRO,31,LESIONADO,MUJER,CICLISTA
2020-01-20 07:46:43,-4.027784,-79.182133,Av. Cuxibamba,CON_LESIONADOS,Atropellamiento,Factores externos,67,LESIONADO,MUJER,VEH_LIVIANO,9,LESIONADO,MUJER,SCOOTER,,,,
2020-07-22 20:18:22,-4.023523,-79.229315,Av. Cuxibamba,CON_FALLECIDOS,Volcamiento,Equipo de seguridad deficiente,75,FALLECIDO,HOMBRE,MOTOCICLETA,70,LESIONADO,HOMBRE,PEATON,,,,
2020-02-08 03:17:39,-3.995907,-79.209843,Av. Isidro Ayora,CON_LESIONADOS,Atropellamiento,Falla mecanica,73,LESIONADO,NO_REGISTRA,OTRO,77,LESIONADO,HOMBRE,OTRO,,,,
2020-05-08 23:21:59,-4.023026,-79.201772,Av. Pio Jaramillo,CON_FALLECIDOS,Caida,Exceso de velocidad,53,FALLECIDO,NO_REGISTRA,PEATON,77,FALLECIDO,MUJER,PEATON,44,LESIONADO,NO_REGISTRA,SCOOTER
2020-04-13 03:53:12,-3.991884,-79.175982,Calle Ramon Borrero,SOLO_DANOS,Caida,Factores externos,,,,,,,,,,,,
2020-12-02 05:35:25,-3.977273,-79.176950,Av. Gran Colombia,CON_FALLECIDOS,Caida,Exceso de velocidad,25,FALLECIDO,HOMBRE,MOTOCICLETA,,,,,,,,
2020-05-01 16:50:18,-4.030297,-79.196292,Calle Imbabura,CON_FALLECIDOS,Colision Multiple,Equipo de seguridad deficiente,30,FALLECIDO,MUJER,CICLISTA,44,LESIONADO,HOMBRE,SCOOTER,,,,
2020-02-27 16:29:18,-4.036999,-79.210805,Av. Orillas del Zamora,CON_FALLECIDOS,Accidente Laboral,Mal estado de la via,37,FALLECIDO,MUJER,SCOOTER,67,FALLECIDO,MUJER,VEH_LIVIANO,80,LESIONADO,MUJER,OTRO
2020-07-18 07:11:24,-3.992781,-79.202285,Calle Imbabura,CON_FALLECIDOS,Caida,Falla mecanica,72,FALLECIDO,NO_REGISTRA,MOTOCICLETA,73,LESIONADO,HOMBRE,PEATON,,,,
2020-11-10 20:37:02,-3.999133,-79.230139,Calle Colon,SOLO_DANOS,Caida,Fatiga del conductor,,,,,,,,,,,,
2020-06-26 02:39:19,-4.033326,-79.188295,Av. Gran Colombia,CON_FALLECIDOS,Choque Vehicular,Imprudencia del conductor,62,FALLECIDO,HOMBRE,OTRO,27,LESIONADO,HOMBRE,OTRO,38,LESIONADO,NO_REGISTRA,OTRO
2020-02-24 13:20:59,-4.030596,-79.210200,Calle Rocafuerte,SOLO_DANOS,Volcamiento,Imprudencia del conductor,,,,,,,,,,,,
2020-10-27 13:53:42,-4.009097,-79.181927,Calle Ramon Borrero,SOLO_DANOS,Choque Vehicular,Distraccion (celular/radio),,,,,,,,,,,,
2020-01-15 07:26:28,-4.033389,-79.218404,Calle 18 de Noviembre,SOLO_DANOS,Caida,Mal estado de la via,,,,,,,,,,,,
2020-12-28 21:24:40,-3.999738,-79.209658,Calle 18 de Noviembre,CON_LESIONADOS,Caida,Exceso de velocidad,6,LESIONADO,MUJER,PEATON,52,LESIONADO,MUJER,VEH_LIVIANO,47,LESIONADO,NO_REGISTRA,VEH_LIVIANO
2020-05-05 23:50:47,-4.030975,-79.196963,Calle Imbabura,CON_FALLECIDOS,Incendio,Inobservancia de senales,45,FALLECIDO,NO_REGISTRA,SCOOTER,47,FALLECIDO,HOMBRE,PEATON,,,,
2020-02-27 00:21:50,-3.998681,-79.211143,Calle 10 de Agosto,CON_FALLECIDOS,Volcamiento,Factores externos,24,FALLECIDO,MUJER,CICLISTA,44,LESIONADO,HOMBRE,OTRO,46,LESIONADO,MUJER,OTRO
2020-07-09 18:17:27,-4.034588,-79.193836,Av. Gran Colombia,CON_FALLECIDOS,Atropellamiento,Imprudencia del conductor,22,FALLECIDO,MUJER,PEATON,34,LESIONADO,MUJER,PEATON,71,LESIONADO,NO_REGISTRA,VEH_LIVIANO
2020-06-15 19:07:56,-3.990534,-79.188226,Ruta 35,CON_FALLECIDOS,Incendio,Distraccion (celular/radio),51,FALLECIDO,MUJER,OTRO,39,LESIONADO,NO_REGISTRA,CICLISTA,70,LESIONADO,MUJER,SCOOTER
2020-09-12 17:59:50,-3.995634,-79.212606,Av. Reinaldo Espinosa,SOLO_DANOS,Incendio,Mal estado de la via,,,,,,,,,,,,
2020-08-25 21:35:43,-4.031144,-79.171445,Calle 10 de Agosto,CON_LESIONADOS,Accidente Laboral,Equipo de seguridad deficiente,8,LESIONADO,MUJER,VEH_LIVIANO,,,,,,,,