fecha_hora,latitud,longitud,via,grado_severidad,tipo_siniestro,causa_probable,victima1_edad,victima1_condicion,victima1_sexo,victima1_actor_vial,victima2_edad,victima2_condicion,victima2_sexo,victima2_actor_vial,victima3_edad,victima3_condicion,victima3_sexo,victima3_actor_vial
2020-01-25 21:02:41,-3.983972,-79.173849,Av. 8 de Diciembre,CON_FALLECIDOS,Colision Multiple,Falla mecanica,52,FALLECIDO,MUJER,VEH_LIVIANO,85,FALLECIDO,NO_REGISTRA,OTRO,74,LESIONADO,MUJER,OTRO
2020-03-21 05:52:50,-4.019229,-79.206425,Av. Metropolitana,CON_FALLECIDOS,Volcamiento,Imprudencia del conductor,79,FALLECIDO,MUJER,CICLISTA,35,FALLECIDO,HOMBRE,VEH_LIVIANO,50,LESIONADO,HOMBRE,PEATON
2020-09-07 14:08:42,-4.005671,-79.198212,Av. 8 de Diciembre,CON_LESIONADOS,Caida,Exceso de velocidad,48,LESIONADO,MUJER,OTRO,,,,,,,,
2020-06-30 05:43:18,-4.012860,-79.180163,Calle Montufar,CON_FALLECIDOS,Incendio,Visibilidad reducida,52,FALLECIDO,HOMBRE,OTRO,53,FALLECIDO,NO_REGISTRA,PEATON,18,LESIONADO,NO_REGISTRA,MOTOCICLETA
2020-06-19 20:46:22,-4.032607,-79.195747,Av. Orillas del Zamora,CON_FALLECIDOS,Incendio,Factores externos,79,FALLECIDO,NO_REGISTRA,OTRO,53,FALLECIDO,HOMBRE,SCOOTER,,,,
2020-08-13 22:29:33,-3.985133,-79.211109,Calle Miguel Riofrio,CON_FALLECIDOS,Accidente Laboral,Equipo de seguridad deficiente,27,FALLECIDO,HOMBRE,CICLISTA,,,,,,,,
2020-06-18 12:53:18,-3.997024,-79.199909,Av. 8 de Diciembre,CON_LESIONADOS,Volcamiento,Factores externos,50,LESIONADO,MUJER,MOTOCICLETA,,,,,,,,
2020-08-11 09:52:36,-3.991254,-79.183453,Calle Saraguro,SOLO_DANOS,Incendio,Exceso de velocidad,,,,,,,,,,,,
2020-09-11 04:39:33,-4.018304,-79.218111,Calle Bolivar,SOLO_DANOS,Accidente Laboral,Factores externos,,,,,,,,,,,,
2020-11-15 07:15:10,-3.993419,-79.211063,Via Loja - Catamayo,CON_FALLECIDOS,Colision Multiple,Fatiga del conductor,54,FALLECIDO,MUJER,MOTOCICLETA,52,LESIONADO,NO_REGISTRA,PEATON,71,LESIONADO,MUJER,OTRO
2020-09-28 18:05:05,-4.018682,-79.210021,Av. Pio Jaramillo,CON_LESIONADOS,Colision Multiple,Equipo de seguridad deficiente,32,LESIONADO,HOMBRE,OTRO,74,LESIONADO,HOMBRE,MOTOCICLETA,,,,
2020-01-22 05:06:38,-4.032500,-79.195159,Calle Mercadillo,CON_FALLECIDOS,Caida,Via resbaladiza o mojada,51,FALLECIDO,NO_REGISTRA,CICLISTA,47,LESIONADO,NO_REGISTRA,MOTOCICLETA,,,,
2020-09-01 12:48:26,-4.002403,-79.198328,Calle Mercadillo,CON_LESIONADOS,Volcamiento,Factores externos,44,LESIONADO,NO_REGISTRA,VEH_LIVIANO,51,LESIONADO,HOMBRE,PEATON,62,LESIONADO,NO_REGISTRA,SCOOTER
2020-08-11 01:18:20,-4.013752,-79.198985,Av. Metropolitana,SOLO_DANOS,Volcamiento,Visibilidad reducida,,,,,,,,,,,,
2020-02-18 15:34:46,-3.997560,-79.187133,Av. Rosa Hermosa,CON_LESIONADOS,Volcamiento,Factores externos,67,LESIONADO,NO_REGISTRA,MOTOCICLETA,,,,,,,,
2020-11-22 15:38:59,-4.028098,-79.194266,Calle Colon,SOLO_DANOS,Choque Vehicular,Factores externos,,,,,,,,,,,,
2020-04-21 11:14:17,-4.020770,-79.191991,Av. Rosa Hermosa,CON_FALLECIDOS,Choque Vehicular,Fatiga del conductor,81,FALLECIDO,NO_REGISTRA,MOTOCICLETA,34,FALLECIDO,NO_REGISTRA,VEH_LIVIANO,6,LESIONADO,NO_REGISTRA,PEATON
2020-07-10 05:13:08,-3.988500,-79.183899,Av. Gran Colombia,SOLO_DANOS,Incendio,Via resbaladiza o mojada,,,,,,,,,,,,
2020-05-21 03:50:34,-3.996522,-79.218089,Calle Ramon Borrero,CON_FALLECIDOS,Volcamiento,Factores externos,64,FALLECIDO,NO_REGISTRA,MOTOCICLETA,30,FALLECIDO,MUJER,PEATON,46,LESIONADO,MUJER,MOTOCICLETA
2020-09-10 22:48:30,-3.980842,-79.175662,Calle 10 de Agosto,SOLO_DANOS,Colision Multiple,Factores externos,,,,,,,,,,,,
2020-03-06 20:03:17,-4.002826,-79.195684,Calle Quito,CON_LESIONADOS,Choque Vehicular,Imprudencia del conductor,44,LESIONADO,HOMBRE,CICLISTA,74,LESIONADO,MUJER,OTRO,,,,
2020-12-17 16:20:39,-4.029482,-79.230746,Calle Colon,SOLO_DANOS,Colision Multiple,Imprudencia del conductor,,,,,,,,,,,,
2020-03-17 19:04:56,-4.001173,-79.199961,Calle Ramon Borrero,CON_FALLECIDOS,Volcamiento,Factores externos,32,FALLECIDO,MUJER,VEH_LIVIANO,80,FALLECIDO,NO_REGISTRA,MOTOCICLETA,,,,
2020-01-07 03:19:16,-4.000364,-79.178394,Calle 18 de Noviembre,CON_LESIONADOS,Atropellamiento,Fatiga del conductor,63,LESIONADO,HOMBRE,PEATON,,,,,,,,
2020-11-01 07:40:24,-4.008791,-79.180182,Calle Rocafuerte,CON_FALLECIDOS,Colision Multiple,Estado de embriaguez,66,FALLECIDO,NO_REGISTRA,MOTOCICLETA,46,LESIONADO,NO_REGISTRA,CICLISTA,54,LESIONADO,MUJER,SCOOTER
2020-12-12 09:56:28,-4.031874,-79.182624,Ruta 35,CON_LESIONADOS,Caida,Visibilidad reducida,68,LESIONADO,MUJER,VEH_LIVIANO,,,,,,,,
2020-03-19 12:01:33,-4.004911,-79.184206,Via Loja - Zamora,CON_FALLECIDOS,Incendio,Visibilidad reducida,31,FALLECIDO,HOMBRE,PEATON,20,FALLECIDO,MUJER,OTRO,17,LESIONADO,HOMBRE,CICLISTA
2020-04-29 23:59:55,-4.022514,-79.179625,Calle Miguel Riofrio,SOLO_DANOS,Accidente Laboral,Imprudencia del conductor,,,,,,,,,,,,
2020-08-26 02:41:30,-4.022009,-79.213628,Av. Reinaldo Espinosa,CON_LESIONADOS,Incendio,Inobservancia de senales,6,LESIONADO,NO_REGISTRA,PEATON,66,LESIONADO,HOMBRE,VEH_LIVIANO,,,,
2020-06-14 17:52:51,-3.982105,-79.174150,Av. Pio Jaramillo,SOLO_DANOS,Accidente Laboral,Estado de embriaguez,,,,,,,,,,,,
2020-12-22 07:23:18,-4.029382,-79.220949,Calle Quito,SOLO_DANOS,Accidente Laboral,Factores externos,,,,,,,,,,,,
2020-08-01 21:41:56,-4.022438,-79.204985,Calle 10 de Agosto,CON_LESIONADOS,Volcamiento,Inobservancia de senales,40,LESIONADO,NO_REGISTRA,CICLISTA,49,LESIONADO,NO_REGISTRA,CICLISTA,,,,
2020-12-11 04:30:08,-4.007204,-79.176525,Calle Montufar,CON_FALLECIDOS,Accidente Laboral,Factores externos,30,FALLECIDO,MUJER,MOTOCICLETA,,,,,,,,
2020-03-25 13:47:33,-3.992865,-79.188967,Calle Montufar,SOLO_DANOS,Caida,Imprudencia del conductor,,,,,,,,,,,,
2020-07-14 18:06:27,-3.994849,-79.200534,Av. Pio Jaramillo,CON_LESIONADOS,Caida,Visibilidad reducida,67,LESIONADO,HOMBRE,OTRO,30,LESIONADO,MUJER,PEATON,51,LESIONADO,MUJER,CICLISTA
2020-07-04 12:48:17,-4.013630,-79.206187,Calle Bolivar,CON_FALLECIDOS,Atropellamiento,Fatiga del conductor,26,FALLECIDO,NO_REGISTRA,CICLISTA,35,FALLECIDO,MUJER,CICLISTA,74,LESIONADO,NO_REGISTRA,SCOOTER
2020-12-12 16:49:33,-4.011243,-79.200563,Av. Manuel Agustin Aguirre,CON_FALLECIDOS,Atropellamiento,Mal estado de la via,22,FALLECIDO,NO_REGISTRA,CICLISTA,,,,,,,,
2020-08-23 03:03:16,-3.999273,-79.208300,Calle Azogues,CON_FALLECIDOS,Incendio,Via resbaladiza o mojada,20,FALLECIDO,NO_REGISTRA,VEH_LIVIANO,,,,,,,,
2020-07-17 16:55:37,-4.032393,-79.228819,Av. Cuxibamba,SOLO_DANOS,Colision Multiple,Factores externos,,,,,,,,,,,,
2020-08-02 02:41:19,-4.006691,-79.211399,Av. Metropolitana,CON_LESIONADOS,Atropellamiento,Falla mecanica,65,LESIONADO,NO_REGISTRA,VEH_LIVIANO,35,LESIONADO,HOMBRE,VEH_LIVIANO,,,,
2020-12-24 22:47:27,-4.015700,-79.198267,Av. Pio Jaramillo,CON_FALLECIDOS,Incendio,Estado de embriaguez,47,FALLECIDO,NO_REGISTRA,PEATON,60,FALLECIDO,NO_REGISTRA,MOTOCICLETA,31,LESIONADO,NO_REGISTRA,OTRO
2020-05-17 17:34:16,-3.987850,-79.224950,Ruta 35,SOLO_DANOS,Choque Vehicular,Factores externos,,,,,,,,,,,,
2020-09-21 17:23:25,-3.993515,-79.224131,Av. Gran Colombia,SOLO_DANOS,Atropellamiento,Falla mecanica,,,,,,,,,,,,
2020-02-10 10:23:08,-3.996959,-79.178819,Av. Metropolitana,SOLO_DANOS,Choque Vehicular,Via resbaladiza o mojada,,,,,,,,,,,,
2020-12-02 03:37:15,-4.004468,-79.222834,Calle Colon,CON_LESIONADOS,Volcamiento,Distraccion (celular/radio),10,LESIONADO,NO_REGISTRA,OTRO,,,,,,,,
2020-09-18 18:02:58,-4.001250,-79.222050,Av. Gran Colombia,SOLO_DANOS,Atropellamiento,Falla mecanica,,,,,,,,,,,,
2020-11-23 13:37:46,-4.018945,-79.200998,Av. Orillas del Zamora,CON_FALLECIDOS,Volcamiento,Factores externos,65,FALLECIDO,HOMBRE,SCOOTER,54,LESIONADO,HOMBRE,SCOOTER,62,LESIONADO,MUJER,OTRO
2020-01-17 05:58:14,-4.036438,-79.185088,Av. Universitaria,SOLO_DANOS,Incendio,Exceso de velocidad,65,LESIONADO,HOMBRE,PEATON,,,,,,,,
2020-01-31 01:51:08,-3.992927,-79.179337,Calle Quito,SOLO_DANOS,Colision Multiple,Factores externos,,,,,,,,,,,,
2020-01-05 04:50:27,-3.997055,-79.185464,Av. Gran Colombia,CON_LESIONADOS,Caida,Fatiga del conductor,16,LESIONADO,NO_REGISTRA,VEH_LIVIANO,67,LESIONADO,MUJER,CICLISTA,62,LESIONADO,MUJER,OTRO
2020-12-09 16:33:51,-3.997746,-79.199415,Av. Manuel Agustin Aguirre,SOLO_DANOS,Incendio,Via resbaladiza o mojada,,,,,,,,,,,,
2020-01-22 02:58:25,-3.993964,-79.217613,Av. Rosa Hermosa,CON_LESIONADOS,Incendio,Equipo de seguridad deficiente,9,LESIONADO,NO_REGISTRA,OTRO,59,LESIONADO,MUJER,OTRO,77,LESIONADO,NO_REGISTRA,MOTOCICLETA
2020-04-27 12:18:48,-4.010492,-79.203241,Av. Gran Colombia,SOLO_DANOS,Volcamiento,Visibilidad reducida,62,LESIONADO,HOMBRE,SCOOTER,,,,,,,,
2020-02-03 04:30:26,-3.982721,-79.201321,Calle Rocafuerte,SOLO_DANOS,Colision Multiple,Mal estado de la via,,,,,,,,,,,,
2020-01-04 15:05:40,-4.017465,-79.226609,Av. Gran Colombia,CON_FALLECIDOS,Incendio,Mal estado de la via,68,FALLECIDO,MUJER,PEATON,36,FALLECIDO,NO_REGISTRA,PEATON,77,LESIONADO,NO_REGISTRA,CICLISTA
2020-02-25 17:39:37,-4.036538,-79.181205,Av. 8 de Diciembre,CON_LESIONADOS,Accidente Laboral,Mal estado de la via,22,LESIONADO,HOMBRE,PEATON,62,LESIONADO,MUJER,PEATON,,,,
2020-01-07 05:45:11,-3.990025,-79.195508,Via Loja - Zamora,SOLO_DANOS,Incendio,Fatiga del conductor,,,,,,,,,,,,
2020-02-03 20:18:41,-4.014635,-79.191993,Av. Pio Jaramillo,CON_FALLECIDOS,Colision Multiple,Equipo de seguridad deficiente,29,FALLECIDO,HOMBRE,PEATON,76,FALLECIDO,NO_REGISTRA,CICLISTA,,,,
2020-07-05 07:11:13,-4.022398,-79.211027,Calle Bolivar,CON_FALLECIDOS,Accidente Laboral,Inobservancia de senales,69,FALLECIDO,HOMBRE,OTRO,42,LESIONADO,HOMBRE,OTRO,,,,
2020-02-14 22:38:26,-4.036008,-79.210763,Av. Metropolitana,CON_LESIONADOS,Choque Vehicular,Mal estado de la via,69,LESIONADO,HOMBRE,CICLISTA,,,,,,,,
2020-09-14 16:43:51,-3.998347,-79.206216,Av. Metropolitana,SOLO_DANOS,Atropellamiento,Imprudencia del conductor,,,,,,,,,,,,
2020-12-19 07:44:02,-4.027366,-79.200170,Av. Pio Jaramillo,CON_FALLECIDOS,Volcamiento,Falla mecanica,47,FALLECIDO,NO_REGISTRA,PEATON,84,FALLECIDO,HOMBRE,PEATON,45,LESIONADO,HOMBRE,VEH_LIVIANO
2020-02-22 08:37:58,-4.023407,-79.178905,Av. Pio Jaramillo,SOLO_DANOS,Accidente Laboral,Factores externos,,,,,,,,,,,,
2020-02-17 06:24:20,-3.979545,-79.205356,Av. Pio Jaramillo,SOLO_DANOS,Colision Multiple,Exceso de velocidad,,,,,,,,,,,,
2020-01-28 10:52:49,-4.024921,-79.187494,Av. Reinaldo Espinosa,CON_LESIONADOS,Atropellamiento,Factores externos,32,LESIONADO,NO_REGISTRA,OTRO,,,,,,,,
2020-03-21 01:33:18,-4.027859,-79.201669,Calle Colon,CON_LESIONADOS,Accidente Laboral,Equipo de seguridad deficiente,66,LESIONADO,NO_REGISTRA,VEH_LIVIANO,21,LESIONADO,NO_REGISTRA,OTRO,23,LESIONADO,HOMBRE,CICLISTA
2020-01-04 18:03:26,-3.998344,-79.199084,Av. Metropolitana,CON_FALLECIDOS,Atropellamiento,Factores externos,22,FALLECIDO,NO_REGISTRA,VEH_LIVIANO,,,,,,,,
2020-05-10 22:45:14,-3.988919,-79.196272,Via Loja - Catamayo,SOLO_DANOS,Atropellamiento,Equipo de seguridad deficiente,23,LESIONADO,NO_REGISTRA,VEH_LIVIANO,,,,,,,,
2020-06-14 17:13:15,-4.026195,-79.179371,Calle Mercadillo,CON_LESIONADOS,Caida,Factores externos,14,LESIONADO,MUJER,MOTOCICLETA,20,LESIONADO,HOMBRE,MOTOCICLETA,40,LESIONADO,HOMBRE,SCOOTER
2020-06-07 08:45:05,-4.008335,-79.172217,Av. Pio Jaramillo,SOLO_DANOS,Volcamiento,Exceso de velocidad,,,,,,,,,,,,
2020-12-02 20:37:06,-4.011684,-79.212968,Av. Metropolitana,CON_FALLECIDOS,Volcamiento,Exceso de velocidad,18,FALLECIDO,HOMBRE,PEATON,,,,,,,,
2020-10-08 16:29:30,-4.008354,-79.208660,Av. Rosa Hermosa,SOLO_DANOS,Colision Multiple,Fatiga del conductor,,,,,,,,,,,,
2020-08-04 02:46:11,-4.026397,-79.184643,Ruta 35,CON_FALLECIDOS,Atropellamiento,Estado de embriaguez,72,FALLECIDO,HOMBRE,SCOOTER,28,LESIONADO,MUJER,CICLISTA,,,,
2020-12-07 16:51:30,-4.021627,-79.209222,Av. Isidro Ayora,CON_FALLECIDOS,Caida,Falla mecanica,45,FALLECIDO,NO_REGISTRA,SCOOTER,,,,,,,,
2020-06-29 23:57:53,-4.002797,-79.187326,Av. Manuel Agustin Aguirre,SOLO_DANOS,Caida,Via resbaladiza o mojada,,,,,,,,,,,,
2020-09-03 07:17:40,-3.994211,-79.179715,Av. Gran Colombia,CON_FALLECIDOS,Choque Vehicular,Inobservancia de senales,37,FALLECIDO,MUJER,OTRO,54,FALLECIDO,MUJER,PEATON,,,,
2020-04-14 13:04:44,-4.017705,-79.228048,Av. Metropolitana,CON_FALLECIDOS,Atropellamiento,Imprudencia del conductor,40,FALLECIDO,NO_REGISTRA,SCOOTER,,,,,,,,
2020-11-03 10:46:39,-4.023128,-79.176755,Calle Montufar,SOLO_DANOS,Accidente Laboral,Factores externos,,,,,,,,,,,,
2020-12-17 03:59:07,-3.983576,-79.214488,Calle Colon,SOLO_DANOS,Accidente Laboral,Inobservancia de senales,,,,,,,,,,,,
2020-02-21 18:53:57,-4.032009,-79.172755,Av. Metropolitana,CON_LESIONADOS,Accidente Laboral,Estado de embriaguez,39,LESIONADO,NO_REGISTRA,SCOOTER,31,LESIONADO,MUJER,PEATON,,,,
2020-12-07 10:13:56,-4.024644,-79.194492,Via Loja - Catamayo,CON_LESIONADOS,Volcamiento,Equipo de seguridad deficiente,6,LESIONADO,NO_REGISTRA,CICLISTA,80,LESIONADO,NO_REGISTRA,OTRO,47,LESIONADO,HOMBRE,VEH_LIVIANO
2020-01-13 19:24:30,-4.035784,-79.196064,Via Loja - Zamora,CON_FALLECIDOS,Accidente Laboral,Factores externos,26,FALLECIDO,NO_REGISTRA,SCOOTER,69,FALLECIDO,HOMBRE,OTRO,,,,
2020-07-09 17:45:44,-4.025586,-79.216011,Calle Bolivar,SOLO_DANOS,Colision Multiple,Exceso de velocidad,,,,,,,,,,,,
2020-01-07 09:56:14,-3.985305,-79.198953,Calle Mercadillo,CON_LESIONADOS,Caida,Factores externos,54,LESIONADO,NO_REGISTRA,MOTOCICLETA,,,,,,,,
2020-08-09 00:34:13,-4.019804,-79.218977,Calle Mercadillo,SOLO_DANOS,Colision Multiple,Factores externos,,,,,,,,,,,,
2020-06-12 15:51:32,-4.027775,-79.194405,Via Loja - Zamora,CON_LESIONADOS,Choque Vehicular,Distraccion (celular/radio),43,LESIONADO,MUJER,OTRO,5,LESIONADO,NO_REGISTRA,OTRO,26,LESIONADO,MUJER,PEATON
2020-03-16 00:47:55,-4.017927,-79.218108,Calle Rocafuerte,CON_FALLECIDOS,Accidente Laboral,Equipo de seguridad deficiente,32,FALLECIDO,HOMBRE,MOTOCICLETA,76,FALLECIDO,MUJER,MOTOCICLETA,72,LESIONADO,NO_REGISTRA,OTRO
2020-01-20 06:10:56,-3.986994,-79.220302,Calle Montufar,SOLO_DANOS,Incendio,Fatiga del conductor,,,,,,,,,,,,
2020-06-02 01:22:03,-4.005008,-79.230953,Via Loja - Catamayo,SOLO_DANOS,Caida,Estado de embriaguez,,,,,,,,,,,,
2020-01-22 19:31:59,-4.036978,-79.225213,Av. Metropolitana,CON_LESIONADOS,Atropellamiento,Equipo de seguridad deficiente,23,LESIONADO,HOMBRE,VEH_LIVIANO,15,LESIONADO,MUJER,MOTOCICLETA,79,LESIONADO,NO_REGISTRA,VEH_LIVIANO
2020-12-28 06:39:41,-3.982540,-79.207568,Via Loja - Catamayo,CON_LESIONADOS,Choque Vehicular,Falla mecanica,38,LESIONADO,NO_REGISTRA,OTRO,,,,,,,,
2020-04-20 08:30:58,-4.016641,-79.176790,Av. 8 de Diciembre,SOLO_DANOS,Incendio,Visibilidad reducida,,,,,,,,,,,,
2020-04-24 21:07:26,-4.022286,-79.192253,Calle Sucre,CON_FALLECIDOS,Accidente Laboral,Factores externos,47,FALLECIDO,HOMBRE,CICLISTA,,,,,,,,
2020-10-21 20:56:42,-4.025187,-79.224979,Calle Imbabura,CON_LESIONADOS,Incendio,Visibilidad reducida,5,LESIONADO,NO_REGISTRA,CICLISTA,18,LESIONADO,MUJER,VEH_LIVIANO,52,LESIONADO,NO_REGISTRA,SCOOTER
2020-03-30 01:11:29,-4.006712,-79.222408,Calle Montufar,CON_LESIONADOS,Accidente Laboral,Factores externos,74,LESIONADO,HOMBRE,PEATON,31,LESIONADO,MUJER,OTRO,36,LESIONADO,MUJER,MOTOCICLETA
2020-04-08 09:51:26,-4.030767,-79.220337,Av. Reinaldo Espinosa,CON_LESIONADOS,Atropellamiento,Fatiga del conductor,43,LESIONADO,HOMBRE,PEATON,,,,,,,,
2020-04-15 07:22:18,-4.034953,-79.220291,Calle Saraguro,SOLO_DANOS,Caida,Inobservancia de senales,,,,,,,,,,,,
2020-06-12 09:19:57,-4.031046,-79.212714,Av. Manuel Agustin Aguirre,SOLO_DANOS,Caida,Mal estado de la via,,,,,,,,,,,,
2020-06-30 04:53:48,-4.033618,-79.184585,Calle 10 de Agosto,CON_FALLECIDOS,Choque Vehicular,Visibilidad reducida,67,FALLECIDO,MUJER,SCOOTER,50,LESIONADO,HOMBRE,PEATON,64,LESIONADO,MUJER,CICLISTA
2020-10-04 13:29:55,-4.035620,-79.204347,Av. Pio Jaramillo,CON_LESIONADOS,Caida,Imprudencia del conductor,29,LESIONADO,HOMBRE,VEH_LIVIANO,65,LESIONADO,MUJER,MOTOCICLETA,59,LESIONADO,MUJER,OTRO
2020-02-28 16:20:33,-4.017501,-79.187618,Av. Pio Jaramillo,CON_FALLECIDOS,Volcamiento,Via resbaladiza o mojada,18,FALLECIDO,NO_REGISTRA,OTRO,,,,,,,,
2020-02-19 21:07:22,-3.979919,-79.173568,Calle Sucre,CON_FALLECIDOS,Colision Multiple,Factores externos,74,FALLECIDO,NO_REGISTRA,OTRO,53,FALLECIDO,HOMBRE,MOTOCICLETA,7,LESIONADO,NO_REGISTRA,MOTOCICLETA
2020-04-19 19:56:38,-3.988820,-79.173351,Calle Bolivar,SOLO_DANOS,Caida,Factores externos,,,,,,,,,,,,
2020-04-13 16:48:57,-3.977898,-79.222081,Calle Colon,SOLO_DANOS,Volcamiento,Imprudencia del conductor,,,,,,,,,,,,
2020-06-22 08:30:51,-4.005683,-79.223893,Calle 10 de Agosto,SOLO_DANOS,Choque Vehicular,Visibilidad reducida,,,,,,,,,,,,
2020-03-07 00:23:25,-3.985789,-79.212148,Calle Miguel Riofrio,SOLO_DANOS,Colision Multiple,Distraccion (celular/radio),,,,,,,,,,,,
2020-04-26 22:55:04,-4.008283,-79.212850,Calle 10 de Agosto,SOLO_DANOS,Colision Multiple,Estado de embriaguez,59,LESIONADO,HOMBRE,VEH_LIVIANO,,,,,,,,
2020-05-09 23:46:22,-3.980524,-79.207765,Calle Saraguro,SOLO_DANOS,Incendio,Exceso de velocidad,,,,,,,,,,,,
2020-08-04 08:28:06,-4.026944,-79.196518,Calle Colon,CON_LESIONADOS,Accidente Laboral,Factores externos,22,LESIONADO,MUJER,PEATON,,,,,,,,
2020-09-19 18:04:08,-4.024468,-79.179661,Calle Quito,CON_FALLECIDOS,Choque Vehicular,Visibilidad reducida,79,FALLECIDO,HOMBRE,CICLISTA,45,FALLECIDO,MUJER,CICLISTA,7,LESIONADO,NO_REGISTRA,MOTOCICLETA
2020-02-02 12:57:42,-3.992496,-79.200783,Calle Mercadillo,CON_FALLECIDOS,Accidente Laboral,Equipo de seguridad deficiente,47,FALLECIDO,NO_REGISTRA,MOTOCICLETA,51,FALLECIDO,NO_REGISTRA,CICLISTA,,,,
2020-12-05 12:59:46,-4.014069,-79.215161,Ruta 35,SOLO_DANOS,Choque Vehicular,Distraccion (celular/radio),,,,,,,,,,,,
2020-08-22 21:19:58,-4.029731,-79.171902,Av. Rosa Hermosa,SOLO_DANOS,Accidente Laboral,Factores externos,,,,,,,,,,,,
2020-04-22 18:26:31,-3.989608,-79.220867,Via Loja - Catamayo,SOLO_DANOS,Volcamiento,Inobservancia de senales,,,,,,,,,,,,
2020-06-19 01:52:21,-4.003691,-79.173569,Av. Pio Jaramillo,CON_LESIONADOS,Choque Vehicular,Factores externos,24,LESIONADO,NO_REGISTRA,SCOOTER,16,LESIONADO,MUJER,CICLISTA,,,,
2020-01-20 04:27:33,-3.995015,-79.197018,Av. Cuxibamba,CON_FALLECIDOS,Caida,Equipo de seguridad deficiente,50,FALLECIDO,MUJER,OTRO,30,LESIONADO,HOMBRE,MOTOCICLETA,,,,
2020-01-09 05:38:09,-4.010512,-79.178534,Calle Imbabura,CON_LESIONADOS,Volcamiento,Exceso de velocidad,14,LESIONADO,HOMBRE,PEATON,,,,,,,,
2020-10-20 15:04:13,-4.018062,-79.194516,Av. Universitaria,SOLO_DANOS,Colision Multiple,Factores externos,,,,,,,,,,,,
2020-06-02 09:50:56,-4.031833,-79.186225,Calle Imbabura,CON_LESIONADOS,Caida,Inobservancia de senales,19,LESIONADO,HOMBRE,CICLISTA,17,LESIONADO,MUJER,SCOOTER,,,,
2020-04-18 21:10:13,-3.989452,-79.183188,Av. 8 de Diciembre,CON_LESIONADOS,Volcamiento,Equipo de seguridad deficiente,57,LESIONADO,MUJER,CICLISTA,,,,,,,,
2020-08-02 04:48:13,-4.034790,-79.178306,Calle Colon,SOLO_DANOS,Atropellamiento,Distraccion (celular/radio),27,LESIONADO,HOMBRE,CICLISTA,,,,,,,,
2020-10-25 07:44:59,-4.012462,-79.202017,Av. Reinaldo Espinosa,CON_FALLECIDOS,Accidente Laboral,Falla mecanica,85,FALLECIDO,NO_REGISTRA,MOTOCICLETA,69,LESIONADO,HOMBRE,MOTOCICLETA,,,,
2020-05-22 00:30:12,-3.996117,-79.211368,Av. Metropolitana,CON_LESIONADOS,Caida,Imprudencia del conductor,54,LESIONADO,NO_REGISTRA,PEATON,,,,,,,,
2020-07-18 01:31:15,-4.024875,-79.190696,Ruta 35,CON_LESIONADOS,Incendio,Fatiga del conductor,25,LESIONADO,NO_REGISTRA,PEATON,,,,,,,,
2020-11-23 12:36:20,-4.025978,-79.172263,Calle Quito,CON_LESIONADOS,Colision Multiple,Visibilidad reducida,25,LESIONADO,MUJER,CICLISTA,39,LESIONADO,NO_REGISTRA,MOTOCICLETA,,,,
2020-08-12 23:37:43,-4.016585,-79.186877,Av. Pio Jaramillo,CON_LESIONADOS,Incendio,Exceso de velocidad,58,LESIONADO,NO_REGISTRA,SCOOTER,,,,,,,,
2020-06-02 07:12:24,-3.983116,-79.218008,Calle Colon,SOLO_DANOS,Incendio,Mal estado de la via,,,,,,,,,,,,
2020-01-21 08:23:11,-4.001845,-79.188402,Calle 10 de Agosto,CON_FALLECIDOS,Accidente Laboral,Inobservancia de senales,78,FALLECIDO,NO_REGISTRA,PEATON,41,FALLECIDO,HOMBRE,CICLISTA,,,,
2020-09-13 18:54:23,-3.979015,-79.222485,Calle Quito,CON_FALLECIDOS,Incendio,Inobservancia de senales,68,FALLECIDO,MUJER,OTRO,20,FALLECIDO,MUJER,OTRO,24,LESIONADO,MUJER,VEH_LIVIANO
2020-04-02 10:00:43,-3.977941,-79.179030,Via Loja - Zamora,CON_LESIONADOS,Volcamiento,Factores externos,57,LESIONADO,NO_REGISTRA,MOTOCICLETA,80,LESIONADO,HOMBRE,MOTOCICLETA,,,,
2020-08-26 20:13:59,-3.982715,-79.177412,Av. Orillas del Zamora,CON_FALLECIDOS,Atropellamiento,Exceso de velocidad,42,FALLECIDO,HOMBRE,OTRO,,,,,,,,
2020-09-05 08:27:52,-4.022136,-79.172756,Calle 18 de Noviembre,CON_LESIONADOS,Accidente Laboral,Distraccion (celular/radio),64,LESIONADO,HOMBRE,OTRO,19,LESIONADO,HOMBRE,PEATON,45,LESIONADO,HOMBRE,CICLISTA
2020-12-29 22:35:15,-3.991003,-79.218536,Calle Azogues,SOLO_DANOS,Colision Multiple,Mal estado de la via,,,,,,,,,,,,
2020-01-25 08:24:52,-4.028692,-79.223071,Via Loja - Zamora,CON_LESIONADOS,Caida,Via resbaladiza o mojada,14,LESIONADO,NO_REGISTRA,VEH_LIVIANO,,,,,,,,
2020-07-05 18:30:39,-4.004368,-79.189637,Calle Mercadillo,CON_LESIONADOS,Caida,Factores externos,57,LESIONADO,NO_REGISTRA,OTRO,54,LESIONADO,NO_REGISTRA,CICLISTA,,,,