fecha_hora,latitud,longitud,via,grado_severidad,tipo_siniestro,causa_probable,victima1_edad,victima1_condicion,victima1_sexo,victima1_actor_vial,victima2_edad,victima2_condicion,victima2_sexo,victima2_actor_vial,victima3_edad,victima3_condicion,victima3_sexo,victima3_actor_vial
2020-01-10 02:46:00,-3.987911,-79.224082,Calle 10 de Agosto,SOLO_DANOS,Accidente Laboral,Fatiga del conductor,59,LESIONADO,MUJER,VEH_LIVIANO,,,,,,,,
2020-03-23 12:31:48,-4.017753,-79.185130,Av. Universitaria,SOLO_DANOS,Atropellamiento,Fatiga del conductor,38,LESIONADO,HOMBRE,SCOOTER,,,,,,,,
2020-07-08 03:42:28,-4.004397,-79.178376,Calle Ramon Borrero,CON_LESIONADOS,Atropellamiento,Inobservancia de senales,49,LESIONADO,MUJER,OTRO,70,LESIONADO,NO_REGISTRA,MOTOCICLETA,,,,
2020-01-22 08:41:54,-3.990255,-79.171543,Calle 10 de Agosto,SOLO_DANOS,Colision Multiple,Imprudencia del conductor,,,,,,,,,,,,
2020-09-12 11:03:12,-4.011881,-79.201243,Calle Rocafuerte,CON_FALLECIDOS,Caida,Fatiga del conductor,69,FALLECIDO,HOMBRE,MOTOCICLETA,13,LESIONADO,MUJER,CICLISTA,,,,
2020-02-22 02:20:27,-3.999167,-79.191287,Av. Pio Jaramillo,SOLO_DANOS,Choque Vehicular,Falla mecanica,,,,,,,,,,,,
2020-12-18 09:17:24,-3.995544,-79.214096,Calle Ramon Borrero,SOLO_DANOS,Choque Vehicular,Fatiga del conductor,,,,,,,,,,,,
2020-09-17 21:20:08,-4.003237,-79.173636,Calle 18 de Noviembre,CON_FALLECIDOS,Choque Vehicular,Imprudencia del conductor,18,FALLECIDO,NO_REGISTRA,VEH_LIVIANO,63,FALLECIDO,HOMBRE,MOTOCICLETA,26,LESIONADO,HOMBRE,MOTOCICLETA
2020-11-03 22:56:33,-4.029381,-79.229339,Av. Metropolitana,CON_LESIONADOS,Atropellamiento,Exceso de velocidad,24,LESIONADO,MUJER,CICLISTA,,,,,,,,
2020-12-18 02:11:09,-4.030959,-79.176159,Calle Bolivar,SOLO_DANOS,Caida,Falla mecanica,,,,,,,,,,,,
2020-02-20 19:23:22,-3.989250,-79.230108,Calle Sucre,CON_LESIONADOS,Atropellamiento,Factores externos,71,LESIONADO,NO_REGISTRA,VEH_LIVIANO,,,,,,,,
2020-02-21 03:50:53,-4.027336,-79.178388,Ruta 35,CON_FALLECIDOS,Volcamiento,Distraccion (celular/radio),57,FALLECIDO,NO_REGISTRA,MOTOCICLETA,46,FALLECIDO,NO_REGISTRA,CICLISTA,,,,
2020-02-17 18:21:12,-4.001802,-79.179542,Av. Universitaria,CON_LESIONADOS,Caida,Falla mecanica,76,LESIONADO,MUJER,PEATON,58,LESIONADO,MUJER,PEATON,,,,
2020-03-10 15:48:37,-3.995666,-79.171140,Calle Saraguro,CON_FALLECIDOS,Colision Multiple,Falla mecanica,49,FALLECIDO,HOMBRE,PEATON,,,,,,,,
2020-11-15 03:55:45,-4.016153,-79.180794,Av. Isidro Ayora,CON_LESIONADOS,Atropellamiento,Imprudencia del conductor,54,LESIONADO,HOMBRE,SCOOTER,33,LESIONADO,NO_REGISTRA,CICLISTA,47,LESIONADO,HOMBRE,PEATON
2020-02-13 01:16:57,-4.009159,-79.225605,Av. Pio Jaramillo,CON_LESIONADOS,Colision Multiple,Imprudencia del conductor,44,LESIONADO,MUJER,SCOOTER,47,LESIONADO,MUJER,CICLISTA,7,LESIONADO,NO_REGISTRA,VEH_LIVIANO
2020-09-28 04:20:20,-4.021493,-79.196070,Calle 10 de Agosto,CON_LESIONADOS,Incendio,Fatiga del conductor,58,LESIONADO,HOMBRE,VEH_LIVIANO,25,LESIONADO,NO_REGISTRA,OTRO,,,,
2020-12-28 11:15:46,-3.980653,-79.186518,Calle Sucre,SOLO_DANOS,Volcamiento,Exceso de velocidad,,,,,,,,,,,,
2020-08-25 20:35:15,-4.030659,-79.186480,Via Loja - Catamayo,SOLO_DANOS,Caida,Fatiga del conductor,,,,,,,,,,,,
2020-07-04 13:22:43,-4.000171,-79.210404,Av. Rosa Hermosa,CON_LESIONADOS,Volcamiento,Equipo de seguridad deficiente,72,LESIONADO,MUJER,SCOOTER,51,LESIONADO,MUJER,VEH_LIVIANO,,,,
2020-10-28 20:58:35,-4.035240,-79.206332,Ruta 35,CON_LESIONADOS,Accidente Laboral,Exceso de velocidad,49,LESIONADO,NO_REGISTRA,CICLISTA,10,LESIONADO,NO_REGISTRA,CICLISTA,,,,
2020-09-07 03:03:16,-4.022234,-79.184893,Av. Gran Colombia,CON_FALLECIDOS,Choque Vehicular,Distraccion (celular/radio),83,FALLECIDO,MUJER,PEATON,55,FALLECIDO,MUJER,SCOOTER,,,,
2020-01-17 05:03:31,-4.009329,-79.219528,Av. Orillas del Zamora,SOLO_DANOS,Accidente Laboral,Inobservancia de senales,,,,,,,,,,,,
2020-04-29 15:50:11,-4.019933,-79.209410,Calle Imbabura,CON_FALLECIDOS,Colision Multiple,Factores externos,30,FALLECIDO,HOMBRE,SCOOTER,28,FALLECIDO,HOMBRE,SCOOTER,,,,
2020-05-11 14:36:59,-3.981736,-79.181512,Via Loja - Zamora,SOLO_DANOS,Caida,Falla mecanica,,,,,,,,,,,,
2020-02-21 20:25:23,-3.987855,-79.226686,Calle Sucre,SOLO_DANOS,Atropellamiento,Fatiga del conductor,,,,,,,,,,,,
2020-06-25 03:45:34,-3.994811,-79.222267,Calle Rocafuerte,CON_LESIONADOS,Incendio,Fatiga del conductor,49,LESIONADO,HOMBRE,SCOOTER,33,LESIONADO,NO_REGISTRA,SCOOTER,31,LESIONADO,HOMBRE,CICLISTA
2020-03-26 00:07:39,-4.028948,-79.214722,Calle Ramon Borrero,CON_LESIONADOS,Volcamiento,Inobservancia de senales,40,LESIONADO,NO_REGISTRA,SCOOTER,,,,,,,,
2020-07-15 00:37:56,-3.988573,-79.188543,Calle Miguel Riofrio,CON_LESIONADOS,Caida,Exceso de velocidad,26,LESIONADO,HOMBRE,VEH_LIVIANO,,,,,,,,
2020-08-23 12:53:42,-4.036896,-79.226714,Calle Mercadillo,CON_FALLECIDOS,Atropellamiento,Via resbaladiza o mojada,19,FALLECIDO,HOMBRE,MOTOCICLETA,48,FALLECIDO,HOMBRE,MOTOCICLETA,14,LESIONADO,NO_REGISTRA,CICLISTA
2020-11-02 12:25:14,-4.033593,-79.221791,Calle 18 de Noviembre,CON_LESIONADOS,Atropellamiento,Distraccion (celular/radio),70,LESIONADO,HOMBRE,SCOOTER,29,LESIONADO,NO_REGISTRA,PEATON,14,LESIONADO,NO_REGISTRA,SCOOTER
2020-04-23 02:53:51,-4.031323,-79.174723,Via Loja - Zamora,CON_LESIONADOS,Incendio,Visibilidad reducida,33,LESIONADO,NO_REGISTRA,VEH_LIVIANO,,,,,,,,
2020-11-03 23:47:00,-4.026230,-79.200706,Calle Azogues,SOLO_DANOS,Colision Multiple,Visibilidad reducida,,,,,,,,,,,,
2020-06-01 16:33:43,-4.034204,-79.227322,Calle 10 de Agosto,CON_FALLECIDOS,Choque Vehicular,Exceso de velocidad,20,FALLECIDO,HOMBRE,VEH_LIVIANO,21,FALLECIDO,HOMBRE,PEATON,56,LESIONADO,NO_REGISTRA,CICLISTA
2020-09-24 15:11:09,-3.994444,-79.192949,Av. Manuel Agustin Aguirre,SOLO_DANOS,Incendio,Visibilidad reducida,,,,,,,,,,,,
2020-02-02 00:55:36,-3.998152,-79.212500,Av. Metropolitana,CON_FALLECIDOS,Volcamiento,Falla mecanica,78,FALLECIDO,MUJER,OTRO,25,FALLECIDO,MUJER,SCOOTER,,,,
2020-09-28 08:03:19,-4.006302,-79.209640,Av. Manuel Agustin Aguirre,CON_FALLECIDOS,Caida,Exceso de velocidad,67,FALLECIDO,MUJER,SCOOTER,,,,,,,,
2020-09-25 10:39:41,-3.997281,-79.188326,Av. Orillas del Zamora,CON_LESIONADOS,Choque Vehicular,Visibilidad reducida,75,LESIONADO,NO_REGISTRA,PEATON,38,LESIONADO,MUJER,PEATON,,,,
2020-07-14 17:37:06,-3.997727,-79.193682,Calle Bolivar,CON_FALLECIDOS,Atropellamiento,Visibilidad reducida,60,FALLECIDO,MUJER,PEATON,48,FALLECIDO,MUJER,SCOOTER,,,,
2020-10-15 11:45:11,-4.034604,-79.177764,Calle Sucre,SOLO_DANOS,Atropellamiento,Inobservancia de senales,,,,,,,,,,,,
2020-10-22 15:05:57,-4.023601,-79.185758,Calle Sucre,SOLO_DANOS,Colision Multiple,Exceso de velocidad,,,,,,,,,,,,
2020-01-06 00:57:22,-4.029297,-79.171850,Av. Rosa Hermosa,SOLO_DANOS,Incendio,Exceso de velocidad,,,,,,,,,,,,
2020-08-24 06:28:36,-4.009141,-79.222037,Av. Gran Colombia,CON_FALLECIDOS,Volcamiento,Exceso de velocidad,53,FALLECIDO,MUJER,VEH_LIVIANO,52,FALLECIDO,NO_REGISTRA,OTRO,,,,
2020-08-28 19:01:54,-3.979578,-79.228882,Calle Bolivar,CON_LESIONADOS,Caida,Distraccion (celular/radio),14,LESIONADO,HOMBRE,PEATON,,,,,,,,
2020-12-23 15:25:06,-4.023111,-79.182941,Calle Quito,CON_LESIONADOS,Caida,Exceso de velocidad,6,LESIONADO,NO_REGISTRA,OTRO,15,LESIONADO,NO_REGISTRA,VEH_LIVIANO,46,LESIONADO,NO_REGISTRA,OTRO
2020-10-25 21:56:20,-3.979630,-79.202388,Calle Colon,SOLO_DANOS,Incendio,Equipo de seguridad deficiente,,,,,,,,,,,,
2020-11-27 22:59:33,-3.984173,-79.226999,Calle Saraguro,CON_LESIONADOS,Volcamiento,Inobservancia de senales,70,LESIONADO,HOMBRE,CICLISTA,74,LESIONADO,NO_REGISTRA,PEATON,,,,
2020-07-14 23:43:01,-4.030456,-79.202096,Calle Quito,CON_FALLECIDOS,Choque Vehicular,Visibilidad reducida,50,FALLECIDO,NO_REGISTRA,OTRO,42,FALLECIDO,HOMBRE,VEH_LIVIANO,,,,
2020-12-25 09:16:27,-3.978791,-79.181736,Av. Rosa Hermosa,SOLO_DANOS,Caida,Equipo de seguridad deficiente,50,LESIONADO,NO_REGISTRA,MOTOCICLETA,,,,,,,,
2020-12-15 01:19:15,-3.993721,-79.202572,Calle Azogues,CON_LESIONADOS,Volcamiento,Distraccion (celular/radio),49,LESIONADO,HOMBRE,PEATON,5,LESIONADO,NO_REGISTRA,MOTOCICLETA,,,,
2020-07-09 21:21:23,-4.018021,-79.210185,Av. Reinaldo Espinosa,CON_FALLECIDOS,Accidente Laboral,Factores externos,72,FALLECIDO,MUJER,OTRO,32,FALLECIDO,HOMBRE,VEH_LIVIANO,11,LESIONADO,NO_REGISTRA,OTRO
2020-06-18 20:13:56,-4.022376,-79.222726,Av. Manuel Agustin Aguirre,CON_FALLECIDOS,Caida,Equipo de seguridad deficiente,59,FALLECIDO,MUJER,PEATON,57,LESIONADO,HOMBRE,MOTOCICLETA,53,LESIONADO,MUJER,OTRO
2020-09-14 23:33:07,-4.013734,-79.230172,Av. Reinaldo Espinosa,CON_LESIONADOS,Accidente Laboral,Visibilidad reducida,19,LESIONADO,MUJER,OTRO,33,LESIONADO,MUJER,VEH_LIVIANO,65,LESIONADO,NO_REGISTRA,SCOOTER
2020-08-17 20:23:34,-4.002514,-79.211662,Calle Ramon Borrero,CON_LESIONADOS,Choque Vehicular,Fatiga del conductor,45,LESIONADO,MUJER,SCOOTER,12,LESIONADO,HOMBRE,PEATON,,,,
2020-04-24 16:07:57,-3.982601,-79.194598,Calle Bolivar,SOLO_DANOS,Colision Multiple,Equipo de seguridad deficiente,,,,,,,,,,,,
2020-06-10 16:43:45,-4.012503,-79.197431,Av. Rosa Hermosa,CON_FALLECIDOS,Caida,Via resbaladiza o mojada,20,FALLECIDO,HOMBRE,MOTOCICLETA,,,,,,,,
2020-07-30 23:13:28,-4.010029,-79.219701,Calle Quito,SOLO_DANOS,Atropellamiento,Equipo de seguridad deficiente,,,,,,,,,,,,
2020-04-02 15:24:57,-4.024494,-79.179281,Calle Sucre,CON_LESIONADOS,Incendio,Exceso de velocidad,65,LESIONADO,MUJER,VEH_LIVIANO,12,LESIONADO,NO_REGISTRA,PEATON,17,LESIONADO,NO_REGISTRA,PEATON
2020-02-16 06:12:41,-4.008554,-79.214152,Av. Reinaldo Espinosa,CON_FALLECIDOS,Volcamiento,Visibilidad reducida,76,FALLECIDO,HOMBRE,OTRO,47,FALLECIDO,MUJER,OTRO,75,LESIONADO,MUJER,SCOOTER
2020-06-21 20:52:32,-4.001082,-79.215253,Calle Rocafuerte,CON_FALLECIDOS,Choque Vehicular,Falla mecanica,71,FALLECIDO,NO_REGISTRA,CICLISTA,24,FALLECIDO,NO_REGISTRA,SCOOTER,51,LESIONADO,NO_REGISTRA,MOTOCICLETA
2020-01-26 06:06:49,-4.003584,-79.226301,Via Loja - Zamora,CON_LESIONADOS,Caida,Fatiga del conductor,56,LESIONADO,NO_REGISTRA,MOTOCICLETA,,,,,,,,
2020-12-19 10:58:28,-3.994723,-79.194045,Calle Ramon Borrero,SOLO_DANOS,Incendio,Exceso de velocidad,,,,,,,,,,,,
2020-05-01 18:32:11,-4.023242,-79.191580,Calle Colon,CON_FALLECIDOS,Volcamiento,Factores externos,31,FALLECIDO,MUJER,VEH_LIVIANO,,,,,,,,
2020-01-31 10:30:55,-3.986799,-79.219669,Calle Azogues,SOLO_DANOS,Accidente Laboral,Fatiga del conductor,67,LESIONADO,HOMBRE,SCOOTER,,,,,,,,
2020-06-16 20:02:13,-4.017676,-79.177310,Calle Montufar,CON_FALLECIDOS,Choque Vehicular,Imprudencia del conductor,58,FALLECIDO,HOMBRE,MOTOCICLETA,27,LESIONADO,NO_REGISTRA,OTRO,,,,
2020-09-21 11:37:01,-4.025638,-79.173397,Av. Isidro Ayora,CON_LESIONADOS,Caida,Distraccion (celular/radio),54,LESIONADO,HOMBRE,OTRO,72,LESIONADO,MUJER,PEATON,,,,
2020-11-13 04:55:21,-4.015047,-79.221199,Calle Montufar,CON_FALLECIDOS,Incendio,Falla mecanica,68,FALLECIDO,HOMBRE,SCOOTER,40,FALLECIDO,HOMBRE,MOTOCICLETA,9,LESIONADO,MUJER,OTRO
2020-05-18 06:01:12,-3.997415,-79.176069,Av. Metropolitana,SOLO_DANOS,Volcamiento,Factores externos,,,,,,,,,,,,
2020-02-16 09:26:00,-4.034940,-79.229717,Av. Gran Colombia,CON_LESIONADOS,Volcamiento,Equipo de seguridad deficiente,11,LESIONADO,NO_REGISTRA,VEH_LIVIANO,28,LESIONADO,MUJER,CICLISTA,,,,
2020-08-29 13:40:31,-3.983228,-79.182537,Av. Gran Colombia,CON_LESIONADOS,Volcamiento,Estado de embriaguez,48,LESIONADO,HOMBRE,VEH_LIVIANO,68,LESIONADO,MUJER,VEH_LIVIANO,22,LESIONADO,HOMBRE,CICLISTA
2020-11-01 15:36:10,-3.987674,-79.228109,Av. Orillas del Zamora,CON_LESIONADOS,Caida,Fatiga del conductor,68,LESIONADO,MUJER,OTRO,62,LESIONADO,HOMBRE,OTRO,,,,
2020-03-30 05:00:49,-4.019688,-79.209436,Av. 8 de Diciembre,CON_FALLECIDOS,Volcamiento,Factores externos,77,FALLECIDO,NO_REGISTRA,MOTOCICLETA,81,FALLECIDO,NO_REGISTRA,MOTOCICLETA,,,,
2020-03-03 22:28:54,-3.988917,-79.193683,Calle 10 de Agosto,SOLO_DANOS,Caida,Exceso de velocidad,,,,,,,,,,,,
2020-10-27 08:53:13,-3.986873,-79.188830,Ruta 35,CON_FALLECIDOS,Incendio,Inobservancia de senales,64,FALLECIDO,NO_REGISTRA,PEATON,58,FALLECIDO,HOMBRE,VEH_LIVIANO,12,LESIONADO,MUJER,OTRO
2020-04-02 16:18:57,-3.980058,-79.173413,Calle Colon,SOLO_DANOS,Colision Multiple,Estado de embriaguez,,,,,,,,,,,,
2020-03-30 19:29:18,-3.995562,-79.172475,Calle Quito,SOLO_DANOS,Atropellamiento,Equipo de seguridad deficiente,50,LESIONADO,NO_REGISTRA,VEH_LIVIANO,,,,,,,,
2020-08-29 06:38:07,-4.036256,-79.207303,Av. Orillas del Zamora,SOLO_DANOS,Caida,Factores externos,,,,,,,,,,,,
2020-08-02 05:19:32,-4.019694,-79.230217,Calle Azogues,SOLO_DANOS,Colision Multiple,Distraccion (celular/radio),,,,,,,,,,,,
2020-02-23 12:33:45,-3.983092,-79.221801,Calle Saraguro,SOLO_DANOS,Atropellamiento,Factores externos,57,LESIONADO,HOMBRE,CICLISTA,,,,,,,,
2020-12-12 10:43:39,-4.017873,-79.229911,Calle Sucre,CON_FALLECIDOS,Accidente Laboral,Imprudencia del conductor,56,FALLECIDO,MUJER,CICLISTA,55,LESIONADO,MUJER,OTRO,45,LESIONADO,HOMBRE,VEH_LIVIANO
2020-04-27 23:08:40,-3.990827,-79.189239,Calle Imbabura,SOLO_DANOS,Atropellamiento,Fatiga del conductor,,,,,,,,,,,,
2020-08-26 20:24:01,-4.036391,-79.209487,Av. Cuxibamba,CON_LESIONADOS,Atropellamiento,Fatiga del conductor,65,LESIONADO,MUJER,OTRO,,,,,,,,
2020-01-24 17:59:16,-4.017483,-79.210772,Av. Orillas del Zamora,CON_FALLECIDOS,Incendio,Visibilidad reducida,53,FALLECIDO,HOMBRE,VEH_LIVIANO,,,,,,,,
2020-04-09 10:40:42,-4.008193,-79.201426,Av. Orillas del Zamora,SOLO_DANOS,Caida,Distraccion (celular/radio),,,,,,,,,,,,
2020-05-08 22:47:10,-4.002721,-79.211393,Av. Metropolitana,CON_FALLECIDOS,Accidente Laboral,Equipo de seguridad deficiente,64,FALLECIDO,MUJER,VEH_LIVIANO,52,LESIONADO,HOMBRE,SCOOTER,,,,
2020-08-02 10:51:27,-4.025710,-79.173122,Calle Miguel Riofrio,CON_LESIONADOS,Choque Vehicular,Visibilidad reducida,50,LESIONADO,MUJER,PEATON,,,,,,,,
2020-11-28 03:26:21,-3.992863,-79.227195,Av. Orillas del Zamora,CON_FALLECIDOS,Volcamiento,Estado de embriaguez,52,FALLECIDO,HOMBRE,OTRO,22,FALLECIDO,NO_REGISTRA,CICLISTA,35,LESIONADO,HOMBRE,MOTOCICLETA
2020-12-05 06:13:37,-4.006502,-79.222920,Av. 8 de Diciembre,SOLO_DANOS,Choque Vehicular,Inobservancia de senales,,,,,,,,,,,,
2020-12-21 19:21:57,-3.981056,-79.185885,Av. Manuel Agustin Aguirre,CON_FALLECIDOS,Volcamiento,Via resbaladiza o mojada,39,FALLECIDO,NO_REGISTRA,PEATON,,,,,,,,
2020-01-18 08:50:10,-3.979155,-79.182928,Av. 8 de Diciembre,CON_FALLECIDOS,Colision Multiple,Imprudencia del conductor,24,FALLECIDO,NO_REGISTRA,MOTOCICLETA,22,LESIONADO,NO_REGISTRA,MOTOCICLETA,,,,
2020-12-29 03:11:05,-3.997356,-79.200010,Av. Gran Colombia,CON_LESIONADOS,Choque Vehicular,Exceso de velocidad,28,LESIONADO,MUJER,VEH_LIVIANO,45,LESIONADO,HOMBRE,MOTOCICLETA,,,,
2020-01-04 07:47:02,-3.982460,-79.177254,Calle Ramon Borrero,SOLO_DANOS,Caida,Exceso de velocidad,,,,,,,,,,,,
2020-01-21 21:47:32,-4.014034,-79.196847,Calle Quito,SOLO_DANOS,Volcamiento,Estado de embriaguez,,,,,,,,,,,,
2020-11-16 12:49:21,-4.011650,-79.181309,Ruta 35,CON_FALLECIDOS,Atropellamiento,Estado de embriaguez,53,FALLECIDO,HOMBRE,SCOOTER,,,,,,,,
2020-12-21 01:26:14,-4.021675,-79.199998,Av. Isidro Ayora,CON_FALLECIDOS,Choque Vehicular,Factores externos,29,FALLECIDO,MUJER,SCOOTER,60,FALLECIDO,NO_REGISTRA,PEATON,,,,
2020-10-21 11:50:40,-4.022772,-79.194325,Av. Reinaldo Espinosa,CON_LESIONADOS,Choque Vehicular,Falla mecanica,36,LESIONADO,MUJER,SCOOTER,,,,,,,,
2020-03-30 21:19:44,-3.992192,-79.230175,Calle Quito,SOLO_DANOS,Colision Multiple,Distraccion (celular/radio),,,,,,,,,,,,
2020-11-19 03:45:50,-3.990888,-79.207179,Calle 18 de Noviembre,SOLO_DANOS,Colision Multiple,Inobservancia de senales,,,,,,,,,,,,
2020-10-18 20:06:59,-4.023279,-79.192027,Av. 8 de Diciembre,SOLO_DANOS,Colision Multiple,Via resbaladiza o mojada,,,,,,,,,,,,
2020-04-30 22:23:12,-3.982227,-79.173908,Via Loja - Zamora,CON_FALLECIDOS,Atropellamiento,Equipo de seguridad deficiente,43,FALLECIDO,HOMBRE,PEATON,63,FALLECIDO,NO_REGISTRA,OTRO,29,LESIONADO,NO_REGISTRA,OTRO
2020-03-25 11:10:31,-4.007786,-79.218311,Av. Rosa Hermosa,SOLO_DANOS,Caida,Falla mecanica,,,,,,,,,,,,
2020-07-20 21:04:03,-4.022249,-79.186488,Ruta 35,CON_FALLECIDOS,Choque Vehicular,Falla mecanica,21,FALLECIDO,MUJER,MOTOCICLETA,42,LESIONADO,MUJER,PEATON,51,LESIONADO,MUJER,PEATON
2020-11-28 04:33:40,-4.015572,-79.172946,Calle Colon,CON_LESIONADOS,Atropellamiento,Estado de embriaguez,5,LESIONADO,HOMBRE,CICLISTA,54,LESIONADO,NO_REGISTRA,CICLISTA,,,,
2020-12-11 01:26:42,-4.017269,-79.198363,Av. Universitaria,CON_LESIONADOS,Atropellamiento,Imprudencia del conductor,26,LESIONADO,HOMBRE,OTRO,78,LESIONADO,HOMBRE,CICLISTA,,,,
2020-07-21 06:34:31,-4.010878,-79.225365,Av. Gran Colombia,SOLO_DANOS,Caida,Factores externos,,,,,,,,,,,,
2020-10-16 21:57:59,-4.029325,-79.176647,Av. 8 de Diciembre,CON_FALLECIDOS,Incendio,Factores externos,72,FALLECIDO,MUJER,CICLISTA,12,LESIONADO,NO_REGISTRA,SCOOTER,20,LESIONADO,HOMBRE,OTRO
2020-04-20 09:04:59,-4.020265,-79.172728,Calle Ramon Borrero,SOLO_DANOS,Caida,Falla mecanica,,,,,,,,,,,,
2020-08-28 23:13:05,-4.029425,-79.224450,Calle Miguel Riofrio,CON_LESIONADOS,Caida,Imprudencia del conductor,26,LESIONADO,MUJER,PEATON,10,LESIONADO,HOMBRE,VEH_LIVIANO,,,,
2020-05-20 12:13:41,-4.007914,-79.226028,Calle Rocafuerte,SOLO_DANOS,Volcamiento,Via resbaladiza o mojada,,,,,,,,,,,,
2020-03-06 11:27:16,-3.991537,-79.176808,Av. Universitaria,CON_LESIONADOS,Colision Multiple,Inobservancia de senales,43,LESIONADO,MUJER,PEATON,73,LESIONADO,HOMBRE,VEH_LIVIANO,,,,
2020-03-27 00:36:50,-4.032955,-79.229718,Av. Orillas del Zamora,SOLO_DANOS,Volcamiento,Distraccion (celular/radio),,,,,,,,,,,,
2020-08-25 12:54:20,-3.992353,-79.200175,Calle Colon,CON_FALLECIDOS,Choque Vehicular,Exceso de velocidad,75,FALLECIDO,NO_REGISTRA,PEATON,64,FALLECIDO,MUJER,SCOOTER,51,LESIONADO,NO_REGISTRA,PEATON
2020-05-20 20:10:17,-4.027882,-79.214932,Av. Universitaria,CON_FALLECIDOS,Atropellamiento,Equipo de seguridad deficiente,28,FALLECIDO,NO_REGISTRA,SCOOTER,19,LESIONADO,HOMBRE,SCOOTER,,,,
2020-03-19 07:38:53,-3.987843,-79.196997,Calle Colon,SOLO_DANOS,Caida,Via resbaladiza o mojada,,,,,,,,,,,,
2020-10-25 11:09:56,-3.997681,-79.196228,Calle Montufar,CON_LESIONADOS,Volcamiento,Estado de embriaguez,70,LESIONADO,MUJER,PEATON,60,LESIONADO,NO_REGISTRA,MOTOCICLETA,,,,
2020-02-21 18:13:14,-3.987751,-79.200055,Calle Saraguro,CON_FALLECIDOS,Volcamiento,Visibilidad reducida,62,FALLECIDO,NO_REGISTRA,VEH_LIVIANO,39,LESIONADO,HOMBRE,VEH_LIVIANO,36,LESIONADO,MUJER,PEATON
2020-09-26 03:47:55,-4.003793,-79.181679,Ruta 35,CON_FALLECIDOS,Colision Multiple,Visibilidad reducida,84,FALLECIDO,MUJER,VEH_LIVIANO,71,FALLECIDO,HOMBRE,OTRO,6,LESIONADO,NO_REGISTRA,CICLISTA
2020-10-17 05:49:56,-4.002772,-79.212762,Calle Ramon Borrero,SOLO_DANOS,Volcamiento,Falla mecanica,,,,,,,,,,,,
2020-12-26 17:06:30,-3.987407,-79.181710,Calle Saraguro,SOLO_DANOS,Choque Vehicular,Mal estado de la via,,,,,,,,,,,,
2020-07-20 22:34:35,-3.996449,-79.186297,Av. Reinaldo Espinosa,SOLO_DANOS,Incendio,Estado de embriaguez,,,,,,,,,,,,
2020-02-14 12:25:46,-4.016389,-79.198074,Calle Imbabura,CON_LESIONADOS,Volcamiento,Exceso de velocidad,32,LESIONADO,HOMBRE,PEATON,30,LESIONADO,NO_REGISTRA,PEATON,,,,
2020-03-31 04:51:41,-4.018390,-79.181015,Calle Ramon Borrero,CON_LESIONADOS,Accidente Laboral,Imprudencia del conductor,16,LESIONADO,MUJER,VEH_LIVIANO,,,,,,,,
2020-02-18 19:56:22,-3.992588,-79.226456,Av. Pio Jaramillo,CON_LESIONADOS,Accidente Laboral,Visibilidad reducida,28,LESIONADO,NO_REGISTRA,OTRO,62,LESIONADO,NO_REGISTRA,CICLISTA,,,,
2020-03-19 15:43:51,-4.010412,-79.193704,Calle Miguel Riofrio,SOLO_DANOS,Incendio,Imprudencia del conductor,,,,,,,,,,,,
2020-05-26 15:42:15,-3.983324,-79.228745,Av. 8 de Diciembre,CON_FALLECIDOS,Volcamiento,Fatiga del conductor,69,FALLECIDO,MUJER,VEH_LIVIANO,24,FALLECIDO,NO_REGISTRA,SCOOTER,13,LESIONADO,HOMBRE,OTRO
2020-08-14 14:03:07,-3.989873,-79.218702,Calle Azogues,CON_FALLECIDOS,Volcamiento,Inobservancia de senales,55,FALLECIDO,HOMBRE,CICLISTA,73,FALLECIDO,NO_REGISTRA,CICLISTA,78,LESIONADO,HOMBRE,VEH_LIVIANO
2020-04-23 19:34:26,-4.018465,-79.202021,Calle Colon,CON_LESIONADOS,Volcamiento,Exceso de velocidad,12,LESIONADO,MUJER,MOTOCICLETA,27,LESIONADO,MUJER,PEATON,,,,
2020-11-15 23:37:24,-4.008595,-79.197464,Calle 10 de Agosto,SOLO_DANOS,Accidente Laboral,Factores externos,,,,,,,,,,,,
2020-09-24 18:33:23,-4.016520,-79.219907,Calle 10 de Agosto,SOLO_DANOS,Atropellamiento,Exceso de velocidad,,,,,,,,,,,,
2020-03-19 01:46:57,-3.989871,-79.212433,Calle Rocafuerte,SOLO_DANOS,Atropellamiento,Falla mecanica,,,,,,,,,,,,
2020-09-03 15:59:35,-4.031841,-79.181728,Av. Orillas del Zamora,SOLO_DANOS,Colision Multiple,Distraccion (celular/radio),74,LESIONADO,HOMBRE,SCOOTER,,,,,,,,
2020-08-10 21:36:54,-4.006508,-79.171847,Calle Ramon Borrero,CON_LESIONADOS,Choque Vehicular,Imprudencia del conductor,28,LESIONADO,HOMBRE,VEH_LIVIANO,77,LESIONADO,HOMBRE,PEATON,57,LESIONADO,MUJER,VEH_LIVIANO
2020-03-13 17:56:04,-3.994685,-79.213292,Av. Reinaldo Espinosa,CON_FALLECIDOS,Incendio,Exceso de velocidad,19,FALLECIDO,HOMBRE,SCOOTER,38,FALLECIDO,NO_REGISTRA,CICLISTA,53,LESIONADO,MUJER,VEH_LIVIANO