fecha_hora,latitud,longitud,via,grado_severidad,tipo_siniestro,causa_probable,victima1_edad,victima1_condicion,victima1_sexo,victima1_actor_vial,victima2_edad,victima2_condicion,victima2_sexo,victima2_actor_vial,victima3_edad,victima3_condicion,victima3_sexo,victima3_actor_vial
2020-07-01 22:31:50,-4.009411,-79.195585,Calle 18 de Noviembre,CON_LESIONADOS,Accidente Laboral,Distraccion (celular/radio),28,LESIONADO,MUJER,SCOOTER,,,,,,,,
2020-12-28 20:12:00,-3.996812,-79.179176,Av. Cuxibamba,SOLO_DANOS,Volcamiento,Estado de embriaguez,6,LESIONADO,HOMBRE,SCOOTER,,,,,,,,
2020-03-01 01:53:32,-3.997534,-79.207556,Calle 10 de Agosto,CON_LESIONADOS,Caida,Factores externos,68,LESIONADO,HOMBRE,VEH_LIVIANO,32,LESIONADO,MUJER,OTRO,43,LESIONADO,HOMBRE,PEATON
2020-05-23 21:00:48,-4.036555,-79.229939,Calle 18 de Noviembre,CON_FALLECIDOS,Caida,Falla mecanica,49,FALLECIDO,MUJER,OTRO,,,,,,,,
2020-04-25 16:52:22,-4.025031,-79.182296,Av. Universitaria,SOLO_DANOS,Atropellamiento,Fatiga del conductor,,,,,,,,,,,,
2020-08-19 06:16:19,-4.021126,-79.174864,Calle Sucre,SOLO_DANOS,Colision Multiple,Falla mecanica,,,,,,,,,,,,
2020-02-12 05:05:17,-4.002756,-79.220779,Via Loja - Catamayo,SOLO_DANOS,Atropellamiento,Via resbaladiza o mojada,,,,,,,,,,,,
2020-08-02 15:15:25,-3.985613,-79.222648,Calle Miguel Riofrio,CON_LESIONADOS,Choque Vehicular,Visibilidad reducida,74,LESIONADO,MUJER,OTRO,49,LESIONADO,MUJER,PEATON,,,,
2020-06-19 23:46:54,-4.029718,-79.211512,Calle 10 de Agosto,CON_LESIONADOS,Colision Multiple,Exceso de velocidad,17,LESIONADO,HOMBRE,CICLISTA,46,LESIONADO,MUJER,VEH_LIVIANO,,,,
2020-01-31 15:48:41,-4.030424,-79.208736,Calle Miguel Riofrio,SOLO_DANOS,Caida,Mal estado de la via,,,,,,,,,,,,
2020-08-31 05:21:35,-3.992371,-79.226313,Calle Saraguro,CON_FALLECIDOS,Choque Vehicular,Falla mecanica,61,FALLECIDO,NO_REGISTRA,CICLISTA,62,LESIONADO,HOMBRE,MOTOCICLETA,45,LESIONADO,MUJER,MOTOCICLETA
2020-10-16 01:21:34,-3.996539,-79.202473,Av. Pio Jaramillo,SOLO_DANOS,Atropellamiento,Estado de embriaguez,,,,,,,,,,,,
2020-05-04 00:57:41,-4.022447,-79.204674,Av. 8 de Diciembre,CON_FALLECIDOS,Incendio,Equipo de seguridad deficiente,40,FALLECIDO,HOMBRE,VEH_LIVIANO,33,LESIONADO,HOMBRE,SCOOTER,56,LESIONADO,NO_REGISTRA,SCOOTER
2020-09-29 09:44:41,-4.020082,-79.222871,Calle Miguel Riofrio,CON_FALLECIDOS,Volcamiento,Distraccion (celular/radio),61,FALLECIDO,NO_REGISTRA,MOTOCICLETA,57,FALLECIDO,HOMBRE,OTRO,40,LESIONADO,NO_REGISTRA,PEATON
2020-03-09 17:22:15,-4.032388,-79.178062,Av. Rosa Hermosa,CON_FALLECIDOS,Choque Vehicular,Imprudencia del conductor,60,FALLECIDO,NO_REGISTRA,OTRO,13,LESIONADO,MUJER,PEATON,8,LESIONADO,NO_REGISTRA,OTRO
2020-04-07 06:24:20,-3.990169,-79.230368,Calle Ramon Borrero,SOLO_DANOS,Incendio,Factores externos,,,,,,,,,,,,
2020-05-11 08:04:32,-4.002979,-79.171243,Calle Azogues,CON_FALLECIDOS,Volcamiento,Via resbaladiza o mojada,43,FALLECIDO,HOMBRE,MOTOCICLETA,56,LESIONADO,MUJER,SCOOTER,47,LESIONADO,HOMBRE,PEATON
2020-04-28 04:05:35,-3.999125,-79.204885,Av. Gran Colombia,CON_LESIONADOS,Choque Vehicular,Imprudencia del conductor,40,LESIONADO,HOMBRE,CICLISTA,62,LESIONADO,HOMBRE,MOTOCICLETA,,,,
2020-08-03 17:51:45,-3.995427,-79.177314,Via Loja - Catamayo,CON_LESIONADOS,Accidente Laboral,Inobservancia de senales,78,LESIONADO,MUJER,CICLISTA,59,LESIONADO,HOMBRE,MOTOCICLETA,26,LESIONADO,HOMBRE,CICLISTA
2020-06-30 09:53:50,-3.988756,-79.179182,Calle Montufar,CON_LESIONADOS,Atropellamiento,Exceso de velocidad,11,LESIONADO,MUJER,MOTOCICLETA,25,LESIONADO,HOMBRE,SCOOTER,26,LESIONADO,NO_REGISTRA,SCOOTER
2020-09-07 02:21:36,-3.985346,-79.227796,Av. Rosa Hermosa,SOLO_DANOS,Choque Vehicular,Via resbaladiza o mojada,,,,,,,,,,,,
2020-02-01 17:00:53,-4.015664,-79.174688,Av. Isidro Ayora,CON_LESIONADOS,Colision Multiple,Estado de embriaguez,64,LESIONADO,NO_REGISTRA,VEH_LIVIANO,59,LESIONADO,NO_REGISTRA,OTRO,18,LESIONADO,HOMBRE,PEATON
2020-04-12 21:45:09,-3.996200,-79.189327,Av. Metropolitana,SOLO_DANOS,Accidente Laboral,Inobservancia de senales,,,,,,,,,,,,
2020-03-11 13:35:07,-3.983250,-79.203297,Av. Gran Colombia,CON_LESIONADOS,Choque Vehicular,Exceso de velocidad,32,LESIONADO,MUJER,CICLISTA,70,LESIONADO,MUJER,CICLISTA,22,LESIONADO,MUJER,CICLISTA
2020-01-10 10:52:45,-3.977989,-79.198202,Calle Montufar,CON_FALLECIDOS,Atropellamiento,Estado de embriaguez,74,FALLECIDO,HOMBRE,MOTOCICLETA,,,,,,,,
2020-10-16 12:32:57,-3.979946,-79.227075,Calle Imbabura,CON_LESIONADOS,Accidente Laboral,Factores externos,22,LESIONADO,NO_REGISTRA,VEH_LIVIANO,,,,,,,,
2020-09-18 07:16:08,-4.035096,-79.210237,Calle Quito,CON_FALLECIDOS,Colision Multiple,Fatiga del conductor,85,FALLECIDO,MUJER,VEH_LIVIANO,,,,,,,,
2020-05-22 02:41:48,-3.981406,-79.202581,Av. Reinaldo Espinosa,SOLO_DANOS,Caida,Falla mecanica,,,,,,,,,,,,
2020-12-27 15:36:39,-3.994362,-79.182968,Calle Quito,CON_FALLECIDOS,Accidente Laboral,Falla mecanica,45,FALLECIDO,MUJER,PEATON,17,LESIONADO,NO_REGISTRA,OTRO,55,LESIONADO,MUJER,OTRO
2020-07-08 23:26:31,-3.996247,-79.216599,Calle 10 de Agosto,SOLO_DANOS,Volcamiento,Imprudencia del conductor,,,,,,,,,,,,
2020-08-10 12:48:06,-3.987334,-79.191660,Av. Reinaldo Espinosa,SOLO_DANOS,Atropellamiento,Visibilidad reducida,,,,,,,,,,,,
2020-11-25 17:52:06,-4.018414,-79.217330,Calle Rocafuerte,SOLO_DANOS,Choque Vehicular,Mal estado de la via,9,LESIONADO,NO_REGISTRA,OTRO,,,,,,,,
2020-08-27 06:44:59,-3.997411,-79.217550,Calle Sucre,CON_FALLECIDOS,Incendio,Equipo de seguridad deficiente,29,FALLECIDO,NO_REGISTRA,MOTOCICLETA,72,FALLECIDO,MUJER,CICLISTA,,,,
2020-11-15 03:29:23,-4.015668,-79.221942,Av. Rosa Hermosa,SOLO_DANOS,Volcamiento,Equipo de seguridad deficiente,,,,,,,,,,,,
2020-09-06 19:33:54,-4.016881,-79.204601,Calle Quito,CON_LESIONADOS,Accidente Laboral,Fatiga del conductor,38,LESIONADO,NO_REGISTRA,MOTOCICLETA,,,,,,,,
2020-10-30 14:00:38,-4.034379,-79.195407,Av. Isidro Ayora,CON_LESIONADOS,Atropellamiento,Falla mecanica,58,LESIONADO,HOMBRE,VEH_LIVIANO,,,,,,,,
2020-07-21 12:01:33,-3.981180,-79.220048,Via Loja - Zamora,CON_FALLECIDOS,Atropellamiento,Imprudencia del conductor,65,FALLECIDO,MUJER,OTRO,42,FALLECIDO,NO_REGISTRA,VEH_LIVIANO,,,,
2020-04-26 10:49:16,-4.033183,-79.179367,Via Loja - Zamora,CON_LESIONADOS,Caida,Visibilidad reducida,39,LESIONADO,MUJER,SCOOTER,,,,,,,,
2020-11-21 09:35:11,-3.986988,-79.220206,Calle Colon,SOLO_DANOS,Incendio,Exceso de velocidad,15,LESIONADO,NO_REGISTRA,OTRO,,,,,,,,
2020-10-31 05:22:31,-4.010195,-79.203401,Calle Saraguro,SOLO_DANOS,Accidente Laboral,Inobservancia de senales,36,LESIONADO,HOMBRE,CICLISTA,,,,,,,,
2020-09-20 01:11:25,-4.009344,-79.211202,Av. Reinaldo Espinosa,CON_FALLECIDOS,Atropellamiento,Visibilidad reducida,57,FALLECIDO,HOMBRE,VEH_LIVIANO,62,LESIONADO,NO_REGISTRA,VEH_LIVIANO,37,LESIONADO,HOMBRE,OTRO
2020-05-22 06:53:33,-3.993605,-79.192684,Calle Quito,CON_FALLECIDOS,Atropellamiento,Estado de embriaguez,83,FALLECIDO,NO_REGISTRA,SCOOTER,46,FALLECIDO,MUJER,CICLISTA,,,,
2020-09-12 22:32:34,-3.990104,-79.193801,Av. Reinaldo Espinosa,CON_FALLECIDOS,Choque Vehicular,Imprudencia del conductor,47,FALLECIDO,MUJER,VEH_LIVIANO,50,LESIONADO,NO_REGISTRA,CICLISTA,,,,
2020-12-14 16:20:25,-4.007803,-79.202563,Calle Colon,SOLO_DANOS,Caida,Falla mecanica,,,,,,,,,,,,
2020-09-27 22:12:30,-3.998290,-79.223806,Calle Montufar,CON_FALLECIDOS,Colision Multiple,Imprudencia del conductor,40,FALLECIDO,MUJER,SCOOTER,76,LESIONADO,MUJER,SCOOTER,74,LESIONADO,MUJER,CICLISTA
2020-09-20 16:17:40,-4.009727,-79.194932,Calle 18 de Noviembre,CON_FALLECIDOS,Incendio,Imprudencia del conductor,74,FALLECIDO,NO_REGISTRA,SCOOTER,43,LESIONADO,MUJER,PEATON,,,,
2020-08-24 23:53:49,-3.984433,-79.192537,Calle Imbabura,CON_LESIONADOS,Incendio,Estado de embriaguez,14,LESIONADO,MUJER,PEATON,,,,,,,,
2020-04-03 21:56:06,-3.983578,-79.205769,Calle Mercadillo,CON_FALLECIDOS,Choque Vehicular,Exceso de velocidad,28,FALLECIDO,NO_REGISTRA,PEATON,50,FALLECIDO,HOMBRE,MOTOCICLETA,28,LESIONADO,HOMBRE,SCOOTER
2020-04-25 11:48:35,-3.988674,-79.222847,Calle Azogues,SOLO_DANOS,Incendio,Imprudencia del conductor,,,,,,,,,,,,
2020-10-04 12:13:46,-4.013333,-79.223518,Calle Azogues,CON_LESIONADOS,Caida,Factores externos,17,LESIONADO,MUJER,CICLISTA,79,LESIONADO,NO_REGISTRA,SCOOTER,,,,
2020-10-06 08:35:44,-4.014525,-79.208031,Calle Rocafuerte,CON_LESIONADOS,Volcamiento,Visibilidad reducida,74,LESIONADO,NO_REGISTRA,SCOOTER,29,LESIONADO,NO_REGISTRA,OTRO,,,,
2020-02-09 04:36:06,-4.030006,-79.222833,Av. Orillas del Zamora,CON_LESIONADOS,Volcamiento,Exceso de velocidad,63,LESIONADO,HOMBRE,OTRO,48,LESIONADO,NO_REGISTRA,PEATON,,,,
2020-12-31 22:44:49,-4.020394,-79.220184,Av. Orillas del Zamora,CON_LESIONADOS,Volcamiento,Estado de embriaguez,70,LESIONADO,HOMBRE,CICLISTA,64,LESIONADO,HOMBRE,OTRO,52,LESIONADO,MUJER,PEATON
2020-07-16 00:16:56,-4.001740,-79.216359,Calle Imbabura,SOLO_DANOS,Accidente Laboral,Fatiga del conductor,,,,,,,,,,,,
2020-08-30 08:20:09,-4.009708,-79.180271,Calle Miguel Riofrio,SOLO_DANOS,Atropellamiento,Via resbaladiza o mojada,,,,,,,,,,,,
2020-12-02 00:00:40,-4.024720,-79.190397,Calle Azogues,SOLO_DANOS,Incendio,Factores externos,,,,,,,,,,,,
2020-12-21 01:13:26,-4.034582,-79.207681,Calle Imbabura,CON_FALLECIDOS,Accidente Laboral,Inobservancia de senales,67,FALLECIDO,MUJER,PEATON,67,FALLECIDO,HOMBRE,CICLISTA,33,LESIONADO,NO_REGISTRA,MOTOCICLETA
2020-04-26 21:55:40,-4.020606,-79.200557,Ruta 35,CON_LESIONADOS,Accidente Laboral,Estado de embriaguez,7,LESIONADO,NO_REGISTRA,SCOOTER,31,LESIONADO,NO_REGISTRA,SCOOTER,32,LESIONADO,NO_REGISTRA,MOTOCICLETA
2020-10-02 10:34:16,-3.992198,-79.226927,Av. Isidro Ayora,SOLO_DANOS,Incendio,Via resbaladiza o mojada,,,,,,,,,,,,
2020-05-02 03:36:45,-3.986685,-79.196021,Av. Cuxibamba,CON_LESIONADOS,Colision Multiple,Falla mecanica,15,LESIONADO,NO_REGISTRA,VEH_LIVIANO,43,LESIONADO,MUJER,CICLISTA,79,LESIONADO,MUJER,CICLISTA
2020-09-06 19:54:24,-4.013911,-79.198168,Av. Cuxibamba,CON_FALLECIDOS,Atropellamiento,Distraccion (celular/radio),56,FALLECIDO,NO_REGISTRA,CICLISTA,,,,,,,,
2020-11-26 02:53:42,-4.006363,-79.215591,Calle Montufar,SOLO_DANOS,Accidente Laboral,Mal estado de la via,,,,,,,,,,,,
2020-05-08 07:50:23,-4.006568,-79.217748,Calle Rocafuerte,SOLO_DANOS,Choque Vehicular,Via resbaladiza o mojada,,,,,,,,,,,,
2020-07-20 04:22:33,-3.986315,-79.211170,Calle Azogues,CON_LESIONADOS,Accidente Laboral,Equipo de seguridad deficiente,50,LESIONADO,NO_REGISTRA,VEH_LIVIANO,78,LESIONADO,HOMBRE,VEH_LIVIANO,30,LESIONADO,HOMBRE,VEH_LIVIANO
2020-01-03 06:12:25,-4.016457,-79.204749,Calle Azogues,CON_FALLECIDOS,Volcamiento,Via resbaladiza o mojada,52,FALLECIDO,HOMBRE,VEH_LIVIANO,60,FALLECIDO,HOMBRE,OTRO,65,LESIONADO,MUJER,PEATON
2020-09-23 11:42:12,-4.035168,-79.192936,Ruta 35,CON_FALLECIDOS,Incendio,Exceso de velocidad,67,FALLECIDO,HOMBRE,CICLISTA,67,FALLECIDO,MUJER,SCOOTER,,,,
2020-04-29 04:04:29,-4.036852,-79.210754,Ruta 35,SOLO_DANOS,Choque Vehicular,Distraccion (celular/radio),,,,,,,,,,,,
2020-02-17 06:55:04,-3.999483,-79.199656,Calle Montufar,CON_FALLECIDOS,Accidente Laboral,Imprudencia del conductor,21,FALLECIDO,MUJER,CICLISTA,23,LESIONADO,NO_REGISTRA,CICLISTA,,,,
2020-09-03 19:53:35,-3.984163,-79.180738,Calle Montufar,CON_FALLECIDOS,Incendio,Imprudencia del conductor,57,FALLECIDO,MUJER,OTRO,70,FALLECIDO,NO_REGISTRA,VEH_LIVIANO,72,LESIONADO,MUJER,CICLISTA
2020-03-11 14:14:12,-3.991519,-79.182510,Calle Bolivar,CON_FALLECIDOS,Incendio,Estado de embriaguez,48,FALLECIDO,HOMBRE,CICLISTA,76,LESIONADO,NO_REGISTRA,PEATON,46,LESIONADO,NO_REGISTRA,OTRO
2020-03-09 12:23:33,-3.990736,-79.229497,Via Loja - Zamora,CON_FALLECIDOS,Choque Vehicular,Exceso de velocidad,83,FALLECIDO,HOMBRE,OTRO,34,LESIONADO,HOMBRE,VEH_LIVIANO,64,LESIONADO,NO_REGISTRA,OTRO
2020-04-01 00:36:02,-3.989656,-79.187536,Av. Rosa Hermosa,CON_FALLECIDOS,Choque Vehicular,Distraccion (celular/radio),23,FALLECIDO,NO_REGISTRA,OTRO,65,FALLECIDO,NO_REGISTRA,OTRO,31,LESIONADO,NO_REGISTRA,VEH_LIVIANO
2020-01-21 03:08:42,-4.034013,-79.202373,Av. 8 de Diciembre,SOLO_DANOS,Colision Multiple,Falla mecanica,21,LESIONADO,NO_REGISTRA,CICLISTA,,,,,,,,
2020-08-01 07:50:21,-3.984552,-79.207118,Av. Pio Jaramillo,CON_FALLECIDOS,Choque Vehicular,Distraccion (celular/radio),64,FALLECIDO,MUJER,MOTOCICLETA,77,FALLECIDO,MUJER,SCOOTER,,,,
2020-05-07 09:28:58,-4.031016,-79.195477,Calle Montufar,CON_FALLECIDOS,Choque Vehicular,Exceso de velocidad,29,FALLECIDO,HOMBRE,MOTOCICLETA,9,LESIONADO,NO_REGISTRA,OTRO,7,LESIONADO,MUJER,CICLISTA
2020-08-12 21:02:40,-3.995979,-79.199969,Av. Manuel Agustin Aguirre,CON_LESIONADOS,Choque Vehicular,Via resbaladiza o mojada,38,LESIONADO,NO_REGISTRA,SCOOTER,49,LESIONADO,HOMBRE,OTRO,50,LESIONADO,NO_REGISTRA,PEATON
2020-03-19 09:24:22,-4.001080,-79.227474,Av. Reinaldo Espinosa,CON_LESIONADOS,Colision Multiple,Estado de embriaguez,46,LESIONADO,MUJER,CICLISTA,5,LESIONADO,HOMBRE,PEATON,,,,
2020-06-08 15:25:24,-3.997658,-79.214330,Av. Cuxibamba,CON_FALLECIDOS,Volcamiento,Visibilidad reducida,21,FALLECIDO,MUJER,PEATON,73,FALLECIDO,NO_REGISTRA,MOTOCICLETA,76,LESIONADO,MUJER,SCOOTER
2020-11-14 16:13:23,-3.998634,-79.219343,Av. Orillas del Zamora,CON_FALLECIDOS,Caida,Inobservancia de senales,21,FALLECIDO,NO_REGISTRA,OTRO,55,LESIONADO,NO_REGISTRA,SCOOTER,,,,
2020-11-16 19:50:06,-3.982441,-79.207437,Via Loja - Zamora,CON_FALLECIDOS,Incendio,Visibilidad reducida,40,FALLECIDO,NO_REGISTRA,OTRO,26,FALLECIDO,HOMBRE,MOTOCICLETA,35,LESIONADO,MUJER,OTRO
2020-10-19 12:42:52,-4.012598,-79.175107,Calle Azogues,CON_LESIONADOS,Colision Multiple,Falla mecanica,7,LESIONADO,HOMBRE,CICLISTA,19,LESIONADO,HOMBRE,OTRO,,,,
2020-03-15 12:45:07,-4.021783,-79.193155,Calle Imbabura,CON_LESIONADOS,Colision Multiple,Distraccion (celular/radio),64,LESIONADO,HOMBRE,CICLISTA,25,LESIONADO,MUJER,OTRO,,,,
2020-02-11 10:00:07,-3.998824,-79.186332,Av. Cuxibamba,CON_FALLECIDOS,Caida,Estado de embriaguez,28,FALLECIDO,HOMBRE,VEH_LIVIANO,70,FALLECIDO,MUJER,MOTOCICLETA,11,LESIONADO,NO_REGISTRA,PEATON
2020-09-11 16:06:03,-4.022320,-79.177179,Av. Gran Colombia,CON_LESIONADOS,Choque Vehicular,Estado de embriaguez,16,LESIONADO,NO_REGISTRA,CICLISTA,44,LESIONADO,NO_REGISTRA,VEH_LIVIANO,76,LESIONADO,NO_REGISTRA,CICLISTA
2020-10-14 07:11:29,-4.028275,-79.187050,Av. Universitaria,CON_LESIONADOS,Choque Vehicular,Fatiga del conductor,16,LESIONADO,MUJER,CICLISTA,,,,,,,,
2020-03-14 18:26:57,-4.021434,-79.188514,Calle Azogues,CON_FALLECIDOS,Atropellamiento,Inobservancia de senales,51,FALLECIDO,NO_REGISTRA,OTRO,66,FALLECIDO,NO_REGISTRA,OTRO,9,LESIONADO,NO_REGISTRA,OTRO
2020-03-31 09:44:42,-3.994433,-79.226247,Calle Quito,SOLO_DANOS,Colision Multiple,Visibilidad reducida,,,,,,,,,,,,
2020-01-13 16:03:48,-4.011661,-79.214595,Calle Montufar,CON_FALLECIDOS,Volcamiento,Fatiga del conductor,24,FALLECIDO,HOMBRE,CICLISTA,50,LESIONADO,NO_REGISTRA,VEH_LIVIANO,42,LESIONADO,MUJER,MOTOCICLETA
2020-05-06 02:48:03,-4.016850,-79.228472,Av. Pio Jaramillo,SOLO_DANOS,Volcamiento,Inobservancia de senales,,,,,,,,,,,,
2020-03-20 19:26:03,-4.009227,-79.207798,Calle Rocafuerte,CON_LESIONADOS,Choque Vehicular,Mal estado de la via,38,LESIONADO,HOMBRE,PEATON,,,,,,,,
2020-11-09 10:37:01,-4.021218,-79.224715,Calle Montufar,CON_LESIONADOS,Volcamiento,Visibilidad reducida,49,LESIONADO,MUJER,MOTOCICLETA,,,,,,,,
2020-10-21 11:23:56,-4.006195,-79.176038,Via Loja - Zamora,SOLO_DANOS,Incendio,Equipo de seguridad deficiente,,,,,,,,,,,,
2020-05-17 07:30:41,-3.988215,-79.223218,Av. Gran Colombia,SOLO_DANOS,Colision Multiple,Equipo de seguridad deficiente,,,,,,,,,,,,
2020-04-16 22:41:31,-3.986077,-79.218307,Calle Rocafuerte,CON_FALLECIDOS,Accidente Laboral,Estado de embriaguez,59,FALLECIDO,HOMBRE,CICLISTA,74,FALLECIDO,NO_REGISTRA,OTRO,,,,
2020-08-23 05:39:54,-3.989516,-79.209978,Ruta 35,CON_FALLECIDOS,Choque Vehicular,Inobservancia de senales,38,FALLECIDO,MUJER,PEATON,,,,,,,,
2020-07-21 01:35:44,-3.977795,-79.193610,Av. Manuel Agustin Aguirre,SOLO_DANOS,Incendio,Inobservancia de senales,,,,,,,,,,,,
2020-11-20 02:18:10,-3.982305,-79.178429,Calle 18 de Noviembre,CON_FALLECIDOS,Caida,Falla mecanica,85,FALLECIDO,NO_REGISTRA,PEATON,69,FALLECIDO,NO_REGISTRA,SCOOTER,18,LESIONADO,HOMBRE,CICLISTA
2020-03-24 04:27:13,-4.028037,-79.191534,Calle Ramon Borrero,CON_LESIONADOS,Incendio,Factores externos,11,LESIONADO,HOMBRE,OTRO,43,LESIONADO,NO_REGISTRA,VEH_LIVIANO,,,,
2020-01-04 12:12:38,-4.016121,-79.220920,Av. Metropolitana,CON_LESIONADOS,Accidente Laboral,Visibilidad reducida,76,LESIONADO,MUJER,SCOOTER,,,,,,,,
2020-01-20 21:06:54,-3.977827,-79.178807,Via Loja - Catamayo,CON_FALLECIDOS,Choque Vehicular,Equipo de seguridad deficiente,53,FALLECIDO,HOMBRE,CICLISTA,34,FALLECIDO,NO_REGISTRA,MOTOCICLETA,63,LESIONADO,NO_REGISTRA,CICLISTA
2020-01-31 13:17:47,-4.024531,-79.205397,Av. Reinaldo Espinosa,CON_LESIONADOS,Atropellamiento,Distraccion (celular/radio),28,LESIONADO,HOMBRE,SCOOTER,14,LESIONADO,HOMBRE,PEATON,,,,
2020-07-15 14:31:06,-4.017901,-79.190952,Calle Montufar,CON_LESIONADOS,Choque Vehicular,Estado de embriaguez,76,LESIONADO,HOMBRE,VEH_LIVIANO,74,LESIONADO,NO_REGISTRA,SCOOTER,74,LESIONADO,HOMBRE,CICLISTA
2020-01-31 21:51:45,-3.999246,-79.171776,Calle 18 de Noviembre,CON_FALLECIDOS,Colision Multiple,Falla mecanica,77,FALLECIDO,MUJER,CICLISTA,33,LESIONADO,HOMBRE,MOTOCICLETA,49,LESIONADO,NO_REGISTRA,OTRO
2020-11-20 10:12:20,-4.012899,-79.186577,Av. Manuel Agustin Aguirre,SOLO_DANOS,Atropellamiento,Falla mecanica,,,,,,,,,,,,
2020-07-16 02:32:44,-4.021604,-79.224180,Calle Bolivar,SOLO_DANOS,Atropellamiento,Equipo de seguridad deficiente,,,,,,,,,,,,
2020-08-28 21:21:32,-4.019324,-79.223431,Calle Colon,SOLO_DANOS,Accidente Laboral,Exceso de velocidad,,,,,,,,,,,,
2020-07-14 10:40:52,-4.033328,-79.188727,Via Loja - Zamora,CON_FALLECIDOS,Atropellamiento,Visibilidad reducida,48,FALLECIDO,NO_REGISTRA,SCOOTER,26,FALLECIDO,HOMBRE,MOTOCICLETA,39,LESIONADO,NO_REGISTRA,MOTOCICLETA
2020-03-09 19:45:24,-3.992346,-79.173632,Calle Imbabura,CON_LESIONADOS,Incendio,Falla mecanica,68,LESIONADO,HOMBRE,PEATON,37,LESIONADO,HOMBRE,SCOOTER,,,,
2020-03-30 10:47:32,-4.005567,-79.191279,Av. Orillas del Zamora,CON_LESIONADOS,Incendio,Inobservancia de senales,61,LESIONADO,MUJER,SCOOTER,62,LESIONADO,MUJER,SCOOTER,,,,
2020-04-11 19:15:05,-4.011874,-79.181985,Ruta 35,SOLO_DANOS,Volcamiento,Fatiga del conductor,64,LESIONADO,NO_REGISTRA,CICLISTA,,,,,,,,
2020-03-06 16:57:46,-3.993146,-79.172106,Av. 8 de Diciembre,CON_FALLECIDOS,Incendio,Distraccion (celular/radio),25,FALLECIDO,NO_REGISTRA,OTRO,30,LESIONADO,HOMBRE,CICLISTA,,,,
2020-07-17 04:23:45,-4.022765,-79.177591,Via Loja - Catamayo,CON_LESIONADOS,Volcamiento,Exceso de velocidad,13,LESIONADO,NO_REGISTRA,MOTOCICLETA,70,LESIONADO,NO_REGISTRA,CICLISTA,,,,
2020-08-08 20:04:47,-4.021485,-79.183301,Calle 18 de Noviembre,CON_LESIONADOS,Choque Vehicular,Falla mecanica,30,LESIONADO,MUJER,SCOOTER,,,,,,,,
2020-08-09 13:26:52,-3.995005,-79.179909,Calle Azogues,SOLO_DANOS,Volcamiento,Falla mecanica,,,,,,,,,,,,
2020-09-20 10:15:41,-3.989315,-79.216300,Av. Orillas del Zamora,CON_FALLECIDOS,Colision Multiple,Mal estado de la via,28,FALLECIDO,MUJER,SCOOTER,57,FALLECIDO,MUJER,PEATON,48,LESIONADO,MUJER,OTRO
2020-03-04 23:13:47,-3.998599,-79.225975,Ruta 35,CON_FALLECIDOS,Caida,Distraccion (celular/radio),23,FALLECIDO,NO_REGISTRA,PEATON,24,LESIONADO,HOMBRE,VEH_LIVIANO,55,LESIONADO,HOMBRE,PEATON
2020-01-31 22:39:47,-4.018866,-79.213752,Av. Pio Jaramillo,CON_LESIONADOS,Incendio,Distraccion (celular/radio),42,LESIONADO,MUJER,SCOOTER,43,LESIONADO,HOMBRE,OTRO,,,,
2020-10-29 04:15:47,-4.023624,-79.230122,Av. 8 de Diciembre,CON_FALLECIDOS,Volcamiento,Visibilidad reducida,60,FALLECIDO,MUJER,CICLISTA,34,FALLECIDO,NO_REGISTRA,OTRO,,,,
2020-06-01 10:39:28,-4.029150,-79.201639,Calle Imbabura,CON_LESIONADOS,Caida,Inobservancia de senales,6,LESIONADO,NO_REGISTRA,OTRO,53,LESIONADO,NO_REGISTRA,PEATON,,,,
2020-04-22 16:07:15,-3.985117,-79.210827,Av. Rosa Hermosa,CON_FALLECIDOS,Accidente Laboral,Inobservancia de senales,49,FALLECIDO,NO_REGISTRA,OTRO,76,FALLECIDO,HOMBRE,PEATON,74,LESIONADO,NO_REGISTRA,VEH_LIVIANO
2020-07-09 23:28:53,-3.982306,-79.202780,Av. Manuel Agustin Aguirre,CON_LESIONADOS,Accidente Laboral,Estado de embriaguez,21,LESIONADO,MUJER,SCOOTER,50,LESIONADO,HOMBRE,VEH_LIVIANO,,,,
2020-11-30 20:15:41,-4.029396,-79.186904,Av. Rosa Hermosa,CON_LESIONADOS,Incendio,Fatiga del conductor,24,LESIONADO,MUJER,OTRO,68,LESIONADO,MUJER,VEH_LIVIANO,32,LESIONADO,HOMBRE,SCOOTER
2020-02-11 14:04:06,-4.026841,-79.223709,Calle Sucre,CON_FALLECIDOS,Caida,Via resbaladiza o mojada,54,FALLECIDO,MUJER,MOTOCICLETA,11,LESIONADO,HOMBRE,PEATON,63,LESIONADO,HOMBRE,CICLISTA
2020-12-15 11:27:55,-4.029977,-79.193619,Via Loja - Zamora,CON_FALLECIDOS,Caida,Visibilidad reducida,78,FALLECIDO,NO_REGISTRA,OTRO,52,FALLECIDO,MUJER,PEATON,22,LESIONADO,HOMBRE,PEATON
2020-08-04 14:41:41,-4.013733,-79.178932,Av. 8 de Diciembre,CON_LESIONADOS,Incendio,Distraccion (celular/radio),50,LESIONADO,HOMBRE,CICLISTA,29,LESIONADO,NO_REGISTRA,OTRO,,,,
2020-01-26 21:56:41,-3.994026,-79.206504,Calle Ramon Borrero,SOLO_DANOS,Choque Vehicular,Via resbaladiza o mojada,64,LESIONADO,MUJER,VEH_LIVIANO,,,,,,,,