fecha_hora,latitud,longitud,via,grado_severidad,tipo_siniestro,causa_probable,victima1_edad,victima1_condicion,victima1_sexo,victima1_actor_vial,victima2_edad,victima2_condicion,victima2_sexo,victima2_actor_vial,victima3_edad,victima3_condicion,victima3_sexo,victima3_actor_vial
2020-02-26 06:07:27,-4.006534,-79.175713,Av. Orillas del Zamora,CON_LESIONADOS,Atropellamiento,Inobservancia de senales,6,LESIONADO,HOMBRE,MOTOCICLETA,63,LESIONADO,HOMBRE,OTRO,,,,
2020-10-17 12:54:31,-4.021045,-79.199587,Av. Cuxibamba,SOLO_DANOS,Caida,Inobservancia de senales,,,,,,,,,,,,
2020-05-15 08:20:14,-4.023912,-79.221356,Calle Saraguro,CON_FALLECIDOS,Atropellamiento,Via resbaladiza o mojada,45,FALLECIDO,HOMBRE,CICLISTA,63,FALLECIDO,HOMBRE,PEATON,58,LESIONADO,NO_REGISTRA,VEH_LIVIANO
2020-06-30 02:00:04,-3.983649,-79.212510,Calle Rocafuerte,CON_FALLECIDOS,Volcamiento,Estado de embriaguez,35,FALLECIDO,MUJER,SCOOTER,55,LESIONADO,MUJER,OTRO,12,LESIONADO,NO_REGISTRA,VEH_LIVIANO
2020-08-30 13:48:33,-4.001592,-79.215695,Calle Imbabura,SOLO_DANOS,Incendio,Equipo de seguridad deficiente,,,,,,,,,,,,
2020-02-21 23:07:26,-4.022485,-79.199859,Av. Rosa Hermosa,CON_FALLECIDOS,Accidente Laboral,Factores externos,77,FALLECIDO,MUJER,CICLISTA,8,LESIONADO,HOMBRE,MOTOCICLETA,,,,
2020-10-11 06:24:17,-3.991989,-79.171745,Calle Bolivar,CON_FALLECIDOS,Accidente Laboral,Factores externos,36,FALLECIDO,HOMBRE,MOTOCICLETA,35,FALLECIDO,NO_REGISTRA,PEATON,,,,
2020-02-13 11:51:02,-4.022525,-79.225951,Calle 10 de Agosto,CON_FALLECIDOS,Caida,Estado de embriaguez,18,FALLECIDO,HOMBRE,MOTOCICLETA,27,LESIONADO,HOMBRE,MOTOCICLETA,,,,
2020-01-17 22:34:40,-4.011782,-79.196722,Av. Cuxibamba,SOLO_DANOS,Colision Multiple,Visibilidad reducida,,,,,,,,,,,,
2020-06-15 13:23:29,-4.004403,-79.187094,Av. 8 de Diciembre,CON_FALLECIDOS,Colision Multiple,Equipo de seguridad deficiente,19,FALLECIDO,NO_REGISTRA,VEH_LIVIANO,58,LESIONADO,NO_REGISTRA,CICLISTA,67,LESIONADO,HOMBRE,MOTOCICLETA
2020-06-21 05:32:20,-3.989188,-79.214897,Calle Miguel Riofrio,CON_LESIONADOS,Accidente Laboral,Mal estado de la via,16,LESIONADO,MUJER,MOTOCICLETA,36,LESIONADO,HOMBRE,MOTOCICLETA,,,,
2020-08-02 18:09:31,-4.034238,-79.203920,Av. Reinaldo Espinosa,CON_LESIONADOS,Caida,Estado de embriaguez,9,LESIONADO,NO_REGISTRA,SCOOTER,59,LESIONADO,NO_REGISTRA,PEATON,68,LESIONADO,HOMBRE,PEATON
2020-05-09 18:00:23,-3.987222,-79.208768,Calle Montufar,CON_FALLECIDOS,Choque Vehicular,Inobservancia de senales,51,FALLECIDO,MUJER,MOTOCICLETA,12,LESIONADO,HOMBRE,CICLISTA,,,,
2020-12-05 07:43:52,-4.010281,-79.225306,Calle Colon,CON_FALLECIDOS,Colision Multiple,Estado de embriaguez,27,FALLECIDO,MUJER,MOTOCICLETA,,,,,,,,
2020-09-17 02:11:29,-4.003775,-79.224614,Calle Colon,CON_FALLECIDOS,Incendio,Via resbaladiza o mojada,40,FALLECIDO,HOMBRE,VEH_LIVIANO,30,LESIONADO,HOMBRE,OTRO,5,LESIONADO,MUJER,SCOOTER
2020-10-06 11:57:53,-4.010161,-79.190051,Av. Isidro Ayora,SOLO_DANOS,Choque Vehicular,Exceso de velocidad,7,LESIONADO,HOMBRE,MOTOCICLETA,,,,,,,,
2020-01-23 04:22:48,-4.008912,-79.186810,Av. Orillas del Zamora,CON_LESIONADOS,Volcamiento,Exceso de velocidad,80,LESIONADO,HOMBRE,PEATON,23,LESIONADO,NO_REGISTRA,SCOOTER,52,LESIONADO,NO_REGISTRA,PEATON
2020-10-20 12:34:30,-3.990254,-79.182595,Calle Bolivar,CON_LESIONADOS,Volcamiento,Inobservancia de senales,56,LESIONADO,NO_REGISTRA,SCOOTER,31,LESIONADO,NO_REGISTRA,PEATON,19,LESIONADO,HOMBRE,VEH_LIVIANO
2020-01-28 10:33:06,-4.003543,-79.182836,Av. Cuxibamba,CON_LESIONADOS,Choque Vehicular,Mal estado de la via,15,LESIONADO,NO_REGISTRA,CICLISTA,78,LESIONADO,NO_REGISTRA,OTRO,,,,
2020-05-15 06:34:09,-3.988222,-79.220976,Av. 8 de Diciembre,SOLO_DANOS,Colision Multiple,Exceso de velocidad,,,,,,,,,,,,
2020-08-11 16:22:29,-3.977868,-79.198161,Calle Rocafuerte,CON_FALLECIDOS,Atropellamiento,Via resbaladiza o mojada,26,FALLECIDO,MUJER,CICLISTA,,,,,,,,
2020-03-21 20:52:52,-4.030022,-79.172578,Calle 10 de Agosto,CON_LESIONADOS,Atropellamiento,Factores externos,11,LESIONADO,NO_REGISTRA,MOTOCICLETA,51,LESIONADO,HOMBRE,SCOOTER,24,LESIONADO,MUJER,OTRO
2020-11-16 08:47:04,-3.985317,-79.208221,Av. Pio Jaramillo,SOLO_DANOS,Choque Vehicular,Visibilidad reducida,,,,,,,,,,,,
2020-01-10 19:58:04,-3.989500,-79.199673,Av. Cuxibamba,CON_FALLECIDOS,Colision Multiple,Visibilidad reducida,51,FALLECIDO,HOMBRE,MOTOCICLETA,19,LESIONADO,MUJER,MOTOCICLETA,29,LESIONADO,HOMBRE,PEATON
2020-08-26 01:45:45,-4.010037,-79.214209,Av. Metropolitana,CON_LESIONADOS,Colision Multiple,Falla mecanica,63,LESIONADO,MUJER,OTRO,45,LESIONADO,MUJER,SCOOTER,66,LESIONADO,NO_REGISTRA,SCOOTER
2020-05-11 15:39:22,-3.989580,-79.190412,Av. Metropolitana,SOLO_DANOS,Choque Vehicular,Imprudencia del conductor,,,,,,,,,,,,
2020-09-24 12:20:54,-4.029469,-79.171476,Calle Sucre,CON_FALLECIDOS,Volcamiento,Inobservancia de senales,69,FALLECIDO,MUJER,VEH_LIVIANO,26,FALLECIDO,HOMBRE,OTRO,60,LESIONADO,NO_REGISTRA,CICLISTA
2020-11-03 13:51:22,-4.003032,-79.192229,Calle Bolivar,CON_LESIONADOS,Atropellamiento,Visibilidad reducida,40,LESIONADO,NO_REGISTRA,MOTOCICLETA,,,,,,,,
2020-01-16 18:46:34,-4.000844,-79.228478,Calle Quito,CON_FALLECIDOS,Colision Multiple,Factores externos,61,FALLECIDO,HOMBRE,MOTOCICLETA,26,FALLECIDO,HOMBRE,CICLISTA,,,,
2020-01-13 22:09:36,-3.979143,-79.207786,Calle 10 de Agosto,CON_FALLECIDOS,Colision Multiple,Inobservancia de senales,46,FALLECIDO,NO_REGISTRA,CICLISTA,80,FALLECIDO,NO_REGISTRA,MOTOCICLETA,,,,
2020-11-25 21:55:38,-4.005895,-79.229997,Ruta 35,CON_FALLECIDOS,Caida,Falla mecanica,62,FALLECIDO,HOMBRE,OTRO,,,,,,,,
2020-08-30 19:25:20,-4.031409,-79.227264,Calle Bolivar,CON_FALLECIDOS,Colision Multiple,Visibilidad reducida,30,FALLECIDO,MUJER,OTRO,,,,,,,,
2020-03-17 20:11:31,-3.984039,-79.176294,Calle 18 de Noviembre,CON_LESIONADOS,Volcamiento,Exceso de velocidad,66,LESIONADO,MUJER,MOTOCICLETA,,,,,,,,
2020-06-05 03:13:18,-3.988635,-79.182914,Via Loja - Zamora,CON_FALLECIDOS,Volcamiento,Estado de embriaguez,23,FALLECIDO,MUJER,MOTOCICLETA,,,,,,,,
2020-07-21 20:59:35,-4.028686,-79.189791,Av. Pio Jaramillo,CON_LESIONADOS,Incendio,Equipo de seguridad deficiente,16,LESIONADO,NO_REGISTRA,SCOOTER,,,,,,,,
2020-11-29 06:51:25,-4.032412,-79.174291,Calle Saraguro,CON_LESIONADOS,Volcamiento,Visibilidad reducida,38,LESIONADO,HOMBRE,OTRO,,,,,,,,
2020-09-21 06:22:43,-3.991491,-79.230820,Calle Miguel Riofrio,SOLO_DANOS,Incendio,Inobservancia de senales,,,,,,,,,,,,
2020-11-02 22:23:57,-3.982149,-79.205216,Calle 10 de Agosto,SOLO_DANOS,Accidente Laboral,Falla mecanica,29,LESIONADO,NO_REGISTRA,OTRO,,,,,,,,
2020-10-27 05:10:54,-3.989020,-79.205256,Calle 10 de Agosto,CON_LESIONADOS,Atropellamiento,Estado de embriaguez,10,LESIONADO,HOMBRE,VEH_LIVIANO,25,LESIONADO,HOMBRE,MOTOCICLETA,,,,
2020-12-25 12:36:29,-3.991480,-79.222463,Av. Universitaria,CON_LESIONADOS,Choque Vehicular,Factores externos,13,LESIONADO,MUJER,MOTOCICLETA,33,LESIONADO,NO_REGISTRA,PEATON,,,,
2020-10-12 11:42:29,-3.985078,-79.186983,Via Loja - Zamora,CON_LESIONADOS,Incendio,Fatiga del conductor,28,LESIONADO,NO_REGISTRA,VEH_LIVIANO,12,LESIONADO,NO_REGISTRA,VEH_LIVIANO,73,LESIONADO,MUJER,VEH_LIVIANO
2020-11-14 13:42:58,-3.986105,-79.224248,Calle Colon,SOLO_DANOS,Colision Multiple,Visibilidad reducida,,,,,,,,,,,,
2020-06-29 00:21:35,-3.985945,-79.197047,Calle Quito,CON_LESIONADOS,Caida,Factores externos,70,LESIONADO,MUJER,MOTOCICLETA,,,,,,,,
2020-07-05 04:08:09,-3.995214,-79.207461,Calle Azogues,SOLO_DANOS,Caida,Exceso de velocidad,,,,,,,,,,,,
2020-09-03 06:51:59,-3.979986,-79.208967,Av. Cuxibamba,CON_FALLECIDOS,Caida,Equipo de seguridad deficiente,30,FALLECIDO,HOMBRE,PEATON,,,,,,,,
2020-10-10 08:36:01,-3.994290,-79.171219,Av. Orillas del Zamora,CON_LESIONADOS,Accidente Laboral,Imprudencia del conductor,26,LESIONADO,MUJER,VEH_LIVIANO,26,LESIONADO,MUJER,OTRO,,,,
2020-12-08 17:39:46,-4.003629,-79.205553,Av. Manuel Agustin Aguirre,CON_FALLECIDOS,Incendio,Inobservancia de senales,46,FALLECIDO,HOMBRE,OTRO,,,,,,,,
2020-10-24 16:35:37,-4.031638,-79.201122,Av. Orillas del Zamora,CON_LESIONADOS,Accidente Laboral,Visibilidad reducida,75,LESIONADO,NO_REGISTRA,VEH_LIVIANO,15,LESIONADO,MUJER,OTRO,57,LESIONADO,MUJER,VEH_LIVIANO
2020-08-05 02:16:58,-4.006141,-79.217132,Av. Pio Jaramillo,SOLO_DANOS,Choque Vehicular,Inobservancia de senales,,,,,,,,,,,,
2020-06-20 21:20:15,-4.010782,-79.193664,Calle Montufar,CON_LESIONADOS,Incendio,Estado de embriaguez,56,LESIONADO,NO_REGISTRA,PEATON,33,LESIONADO,NO_REGISTRA,MOTOCICLETA,,,,
2020-04-24 09:08:41,-3.982039,-79.198042,Calle 10 de Agosto,CON_FALLECIDOS,Atropellamiento,Estado de embriaguez,72,FALLECIDO,MUJER,VEH_LIVIANO,44,FALLECIDO,MUJER,SCOOTER,75,LESIONADO,HOMBRE,VEH_LIVIANO
2020-12-07 02:25:09,-3.992563,-79.222275,Av. Manuel Agustin Aguirre,CON_LESIONADOS,Colision Multiple,Inobservancia de senales,52,LESIONADO,NO_REGISTRA,OTRO,,,,,,,,
2020-07-31 18:07:01,-4.036817,-79.188028,Via Loja - Zamora,SOLO_DANOS,Colision Multiple,Factores externos,,,,,,,,,,,,
2020-09-04 06:44:13,-4.022024,-79.194408,Calle Montufar,SOLO_DANOS,Caida,Estado de embriaguez,,,,,,,,,,,,
2020-09-28 17:02:18,-4.021601,-79.222472,Calle 18 de Noviembre,SOLO_DANOS,Colision Multiple,Factores externos,,,,,,,,,,,,
2020-01-21 17:40:56,-4.005395,-79.212671,Av. Cuxibamba,SOLO_DANOS,Volcamiento,Equipo de seguridad deficiente,,,,,,,,,,,,
2020-07-17 21:02:12,-4.007328,-79.226759,Calle Saraguro,SOLO_DANOS,Atropellamiento,Equipo de seguridad deficiente,,,,,,,,,,,,
2020-08-20 21:47:50,-4.035604,-79.209448,Av. Gran Colombia,SOLO_DANOS,Colision Multiple,Mal estado de la via,,,,,,,,,,,,
2020-01-30 22:05:51,-4.002393,-79.228684,Calle Colon,CON_FALLECIDOS,Colision Multiple,Equipo de seguridad deficiente,77,FALLECIDO,HOMBRE,PEATON,39,FALLECIDO,NO_REGISTRA,SCOOTER,77,LESIONADO,NO_REGISTRA,PEATON
2020-03-05 21:42:41,-4.004512,-79.196413,Av. Manuel Agustin Aguirre,CON_FALLECIDOS,Choque Vehicular,Distraccion (celular/radio),42,FALLECIDO,NO_REGISTRA,MOTOCICLETA,76,FALLECIDO,HOMBRE,VEH_LIVIANO,15,LESIONADO,HOMBRE,VEH_LIVIANO
2020-11-02 12:41:04,-4.005461,-79.205828,Calle Sucre,SOLO_DANOS,Accidente Laboral,Inobservancia de senales,,,,,,,,,,,,
2020-01-04 00:51:36,-4.020782,-79.213335,Av. 8 de Diciembre,CON_LESIONADOS,Colision Multiple,Estado de embriaguez,14,LESIONADO,HOMBRE,PEATON,54,LESIONADO,MUJER,CICLISTA,,,,
2020-10-08 15:02:51,-3.987077,-79.228331,Calle Ramon Borrero,CON_FALLECIDOS,Colision Multiple,Equipo de seguridad deficiente,84,FALLECIDO,NO_REGISTRA,VEH_LIVIANO,39,FALLECIDO,HOMBRE,PEATON,,,,
2020-04-24 11:31:25,-3.979081,-79.183144,Calle Mercadillo,CON_FALLECIDOS,Accidente Laboral,Distraccion (celular/radio),63,FALLECIDO,HOMBRE,SCOOTER,65,FALLECIDO,MUJER,MOTOCICLETA,8,LESIONADO,HOMBRE,CICLISTA
2020-07-06 10:47:14,-4.019962,-79.199493,Calle Saraguro,SOLO_DANOS,Colision Multiple,Exceso de velocidad,76,LESIONADO,NO_REGISTRA,OTRO,,,,,,,,
2020-09-22 07:03:36,-4.006211,-79.173998,Av. Metropolitana,CON_FALLECIDOS,Caida,Fatiga del conductor,30,FALLECIDO,HOMBRE,SCOOTER,51,LESIONADO,NO_REGISTRA,VEH_LIVIANO,10,LESIONADO,HOMBRE,OTRO
2020-09-18 00:47:57,-3.989566,-79.219675,Calle Miguel Riofrio,CON_LESIONADOS,Atropellamiento,Estado de embriaguez,38,LESIONADO,NO_REGISTRA,CICLISTA,48,LESIONADO,HOMBRE,CICLISTA,,,,
2020-06-13 15:45:59,-4.032577,-79.196316,Calle Mercadillo,CON_FALLECIDOS,Incendio,Exceso de velocidad,80,FALLECIDO,NO_REGISTRA,MOTOCICLETA,31,FALLECIDO,MUJER,OTRO,35,LESIONADO,NO_REGISTRA,OTRO
2020-07-20 20:49:15,-3.998364,-79.178157,Calle Montufar,CON_LESIONADOS,Colision Multiple,Imprudencia del conductor,70,LESIONADO,NO_REGISTRA,CICLISTA,,,,,,,,
2020-06-17 18:29:10,-4.032524,-79.174111,Calle Sucre,CON_FALLECIDOS,Colision Multiple,Visibilidad reducida,55,FALLECIDO,MUJER,MOTOCICLETA,24,LESIONADO,NO_REGISTRA,SCOOTER,47,LESIONADO,HOMBRE,PEATON
2020-08-31 02:43:58,-4.031911,-79.221264,Calle 10 de Agosto,CON_LESIONADOS,Choque Vehicular,Imprudencia del conductor,31,LESIONADO,HOMBRE,CICLISTA,27,LESIONADO,NO_REGISTRA,VEH_LIVIANO,,,,
2020-01-17 01:22:28,-3.998382,-79.194197,Calle Mercadillo,CON_FALLECIDOS,Volcamiento,Mal estado de la via,74,FALLECIDO,MUJER,OTRO,30,FALLECIDO,MUJER,MOTOCICLETA,46,LESIONADO,MUJER,CICLISTA
2020-01-23 22:06:10,-4.003311,-79.173810,Av. Cuxibamba,SOLO_DANOS,Choque Vehicular,Exceso de velocidad,,,,,,,,,,,,
2020-04-27 05:54:07,-4.013695,-79.203688,Ruta 35,SOLO_DANOS,Volcamiento,Visibilidad reducida,,,,,,,,,,,,
2020-02-21 09:10:06,-4.031919,-79.212129,Calle Saraguro,SOLO_DANOS,Accidente Laboral,Via resbaladiza o mojada,,,,,,,,,,,,
2020-06-14 13:12:10,-3.984739,-79.215289,Av. Pio Jaramillo,SOLO_DANOS,Volcamiento,Via resbaladiza o mojada,,,,,,,,,,,,
2020-12-28 13:39:27,-4.004170,-79.223749,Calle Quito,CON_FALLECIDOS,Accidente Laboral,Factores externos,46,FALLECIDO,MUJER,OTRO,,,,,,,,
2020-09-24 20:46:23,-4.007777,-79.198939,Av. Cuxibamba,CON_FALLECIDOS,Caida,Factores externos,43,FALLECIDO,NO_REGISTRA,VEH_LIVIANO,58,FALLECIDO,HOMBRE,VEH_LIVIANO,66,LESIONADO,HOMBRE,VEH_LIVIANO
2020-01-04 11:53:33,-3.981367,-79.187567,Via Loja - Zamora,CON_LESIONADOS,Choque Vehicular,Mal estado de la via,49,LESIONADO,MUJER,MOTOCICLETA,79,LESIONADO,HOMBRE,CICLISTA,,,,
2020-05-13 21:28:52,-4.019302,-79.180505,Av. 8 de Diciembre,SOLO_DANOS,Colision Multiple,Inobservancia de senales,,,,,,,,,,,,
2020-06-15 04:03:19,-3.994624,-79.200982,Calle Mercadillo,CON_FALLECIDOS,Colision Multiple,Exceso de velocidad,25,FALLECIDO,NO_REGISTRA,CICLISTA,,,,,,,,
2020-10-03 19:59:07,-3.978729,-79.172528,Calle 18 de Noviembre,CON_LESIONADOS,Incendio,Equipo de seguridad deficiente,17,LESIONADO,NO_REGISTRA,MOTOCICLETA,,,,,,,,
2020-04-11 13:26:17,-3.984096,-79.198159,Av. Pio Jaramillo,CON_LESIONADOS,Caida,Fatiga del conductor,40,LESIONADO,MUJER,VEH_LIVIANO,51,LESIONADO,MUJER,SCOOTER,76,LESIONADO,MUJER,SCOOTER
2020-02-04 21:09:28,-3.993993,-79.185690,Via Loja - Zamora,CON_LESIONADOS,Choque Vehicular,Via resbaladiza o mojada,24,LESIONADO,MUJER,PEATON,33,LESIONADO,HOMBRE,CICLISTA,,,,
2020-04-17 22:18:46,-4.030647,-79.186572,Av. 8 de Diciembre,CON_LESIONADOS,Atropellamiento,Exceso de velocidad,36,LESIONADO,MUJER,SCOOTER,,,,,,,,
2020-07-12 05:07:27,-4.025134,-79.205291,Calle Colon,CON_FALLECIDOS,Accidente Laboral,Inobservancia de senales,49,FALLECIDO,MUJER,MOTOCICLETA,77,FALLECIDO,HOMBRE,CICLISTA,48,LESIONADO,HOMBRE,VEH_LIVIANO
2020-07-29 09:21:03,-3.998776,-79.218502,Ruta 35,CON_LESIONADOS,Colision Multiple,Via resbaladiza o mojada,75,LESIONADO,HOMBRE,VEH_LIVIANO,77,LESIONADO,HOMBRE,PEATON,35,LESIONADO,MUJER,PEATON
2020-04-10 20:05:04,-4.001511,-79.220816,Calle Quito,SOLO_DANOS,Atropellamiento,Estado de embriaguez,,,,,,,,,,,,
2020-08-13 10:03:04,-4.001779,-79.206913,Calle Imbabura,CON_FALLECIDOS,Atropellamiento,Factores externos,56,FALLECIDO,NO_REGISTRA,CICLISTA,40,FALLECIDO,NO_REGISTRA,MOTOCICLETA,16,LESIONADO,HOMBRE,PEATON
2020-02-04 20:56:12,-4.032210,-79.200740,Calle Mercadillo,SOLO_DANOS,Colision Multiple,Inobservancia de senales,,,,,,,,,,,,
2020-10-19 05:32:47,-4.016415,-79.181431,Av. Rosa Hermosa,CON_FALLECIDOS,Incendio,Mal estado de la via,36,FALLECIDO,NO_REGISTRA,CICLISTA,39,FALLECIDO,NO_REGISTRA,VEH_LIVIANO,,,,
2020-05-15 16:09:16,-3.986889,-79.217806,Av. Manuel Agustin Aguirre,CON_FALLECIDOS,Choque Vehicular,Factores externos,68,FALLECIDO,HOMBRE,PEATON,36,FALLECIDO,HOMBRE,VEH_LIVIANO,,,,
2020-12-24 08:58:17,-4.029737,-79.191812,Av. Gran Colombia,CON_LESIONADOS,Incendio,Equipo de seguridad deficiente,31,LESIONADO,NO_REGISTRA,PEATON,7,LESIONADO,NO_REGISTRA,CICLISTA,74,LESIONADO,MUJER,PEATON
2020-06-28 09:54:30,-4.007842,-79.202100,Av. Orillas del Zamora,CON_LESIONADOS,Incendio,Imprudencia del conductor,22,LESIONADO,NO_REGISTRA,SCOOTER,,,,,,,,
2020-10-04 08:39:25,-3.992186,-79.179974,Av. Cuxibamba,CON_LESIONADOS,Volcamiento,Factores externos,54,LESIONADO,HOMBRE,VEH_LIVIANO,6,LESIONADO,HOMBRE,PEATON,,,,
2020-01-26 13:34:21,-4.019799,-79.221695,Ruta 35,SOLO_DANOS,Accidente Laboral,Inobservancia de senales,,,,,,,,,,,,
2020-12-08 13:48:39,-4.016378,-79.179665,Calle Montufar,CON_LESIONADOS,Incendio,Via resbaladiza o mojada,43,LESIONADO,NO_REGISTRA,OTRO,5,LESIONADO,NO_REGISTRA,PEATON,53,LESIONADO,MUJER,MOTOCICLETA
2020-05-17 12:25:22,-4.035708,-79.185439,Av. Isidro Ayora,CON_LESIONADOS,Atropellamiento,Via resbaladiza o mojada,54,LESIONADO,NO_REGISTRA,SCOOTER,22,LESIONADO,NO_REGISTRA,MOTOCICLETA,,,,
2020-04-14 23:28:40,-3.991614,-79.180163,Av. Metropolitana,SOLO_DANOS,Incendio,Imprudencia del conductor,,,,,,,,,,,,
2020-06-20 02:39:43,-3.991949,-79.192235,Av. Gran Colombia,CON_LESIONADOS,Colision Multiple,Mal estado de la via,30,LESIONADO,MUJER,SCOOTER,58,LESIONADO,MUJER,SCOOTER,73,LESIONADO,NO_REGISTRA,MOTOCICLETA
2020-03-14 19:58:53,-3.987954,-79.177087,Calle Colon,CON_LESIONADOS,Atropellamiento,Inobservancia de senales,7,LESIONADO,HOMBRE,MOTOCICLETA,55,LESIONADO,MUJER,VEH_LIVIANO,58,LESIONADO,NO_REGISTRA,CICLISTA
2020-05-22 17:31:31,-4.020187,-79.189936,Calle 10 de Agosto,CON_LESIONADOS,Caida,Equipo de seguridad deficiente,31,LESIONADO,HOMBRE,VEH_LIVIANO,58,LESIONADO,HOMBRE,SCOOTER,7,LESIONADO,MUJER,VEH_LIVIANO
2020-04-28 13:39:56,-4.035879,-79.217677,Via Loja - Zamora,CON_LESIONADOS,Incendio,Mal estado de la via,36,LESIONADO,NO_REGISTRA,CICLISTA,42,LESIONADO,MUJER,OTRO,,,,
2020-08-21 07:20:07,-3.998415,-79.182032,Calle Sucre,CON_FALLECIDOS,Choque Vehicular,Exceso de velocidad,52,FALLECIDO,MUJER,SCOOTER,,,,,,,,
2020-08-20 13:19:25,-4.000034,-79.216528,Calle 10 de Agosto,CON_FALLECIDOS,Volcamiento,Equipo de seguridad deficiente,42,FALLECIDO,HOMBRE,SCOOTER,58,LESIONADO,HOMBRE,SCOOTER,,,,
2020-03-17 19:11:35,-4.031580,-79.193964,Via Loja - Zamora,SOLO_DANOS,Choque Vehicular,Factores externos,,,,,,,,,,,,
2020-08-22 10:36:06,-4.027440,-79.218212,Av. Cuxibamba,CON_LESIONADOS,Atropellamiento,Distraccion (celular/radio),41,LESIONADO,NO_REGISTRA,PEATON,17,LESIONADO,NO_REGISTRA,CICLISTA,5,LESIONADO,NO_REGISTRA,MOTOCICLETA
2020-02-19 00:28:16,-4.009724,-79.183293,Calle Rocafuerte,CON_LESIONADOS,Atropellamiento,Estado de embriaguez,57,LESIONADO,MUJER,VEH_LIVIANO,,,,,,,,
2020-01-23 00:25:52,-4.030092,-79.174629,Calle Rocafuerte,CON_FALLECIDOS,Choque Vehicular,Imprudencia del conductor,20,FALLECIDO,HOMBRE,SCOOTER,29,FALLECIDO,NO_REGISTRA,MOTOCICLETA,53,LESIONADO,MUJER,VEH_LIVIANO
2020-06-12 09:19:58,-3.992195,-79.197105,Av. 8 de Diciembre,SOLO_DANOS,Colision Multiple,Inobservancia de senales,,,,,,,,,,,,
2020-10-01 11:47:49,-3.992220,-79.182421,Av. Manuel Agustin Aguirre,SOLO_DANOS,Accidente Laboral,Imprudencia del conductor,,,,,,,,,,,,
2020-12-15 17:29:52,-3.986479,-79.196137,Calle Colon,CON_LESIONADOS,Volcamiento,Equipo de seguridad deficiente,35,LESIONADO,HOMBRE,VEH_LIVIANO,,,,,,,,
2020-08-23 15:57:11,-4.008711,-79.228548,Calle 18 de Noviembre,SOLO_DANOS,Choque Vehicular,Distraccion (celular/radio),,,,,,,,,,,,
2020-10-31 18:08:30,-3.997859,-79.229882,Via Loja - Zamora,SOLO_DANOS,Choque Vehicular,Fatiga del conductor,53,LESIONADO,MUJER,SCOOTER,,,,,,,,
2020-10-12 22:39:41,-3.986792,-79.177402,Ruta 35,CON_FALLECIDOS,Choque Vehicular,Fatiga del conductor,65,FALLECIDO,NO_REGISTRA,SCOOTER,41,FALLECIDO,MUJER,CICLISTA,6,LESIONADO,NO_REGISTRA,CICLISTA
2020-12-22 16:33:16,-4.002294,-79.190896,Av. Isidro Ayora,SOLO_DANOS,Accidente Laboral,Mal estado de la via,22,LESIONADO,MUJER,VEH_LIVIANO,,,,,,,,
2020-12-31 18:56:07,-3.983644,-79.219851,Av. Isidro Ayora,CON_FALLECIDOS,Atropellamiento,Mal estado de la via,33,FALLECIDO,NO_REGISTRA,CICLISTA,55,LESIONADO,MUJER,CICLISTA,10,LESIONADO,HOMBRE,PEATON
2020-06-02 20:17:57,-3.983154,-79.209521,Calle Miguel Riofrio,CON_LESIONADOS,Accidente Laboral,Exceso de velocidad,47,LESIONADO,MUJER,MOTOCICLETA,47,LESIONADO,NO_REGISTRA,OTRO,,,,
2020-11-19 21:32:56,-3.999568,-79.204647,Calle Sucre,CON_FALLECIDOS,Caida,Estado de embriaguez,80,FALLECIDO,NO_REGISTRA,MOTOCICLETA,71,LESIONADO,HOMBRE,OTRO,11,LESIONADO,HOMBRE,MOTOCICLETA
2020-04-16 13:53:55,-3.982429,-79.183290,Av. Reinaldo Espinosa,SOLO_DANOS,Accidente Laboral,Mal estado de la via,,,,,,,,,,,,
2020-05-02 02:10:33,-4.008546,-79.213740,Calle Colon,CON_FALLECIDOS,Accidente Laboral,Distraccion (celular/radio),58,FALLECIDO,HOMBRE,CICLISTA,43,LESIONADO,MUJER,VEH_LIVIANO,,,,
2020-10-05 10:26:41,-3.986317,-79.224829,Calle Imbabura,CON_LESIONADOS,Volcamiento,Estado de embriaguez,5,LESIONADO,HOMBRE,VEH_LIVIANO,19,LESIONADO,NO_REGISTRA,OTRO,,,,
2020-09-21 18:15:15,-4.006471,-79.202216,Ruta 35,SOLO_DANOS,Caida,Falla mecanica,,,,,,,,,,,,
2020-05-13 04:39:07,-4.006693,-79.192775,Via Loja - Catamayo,CON_FALLECIDOS,Volcamiento,Falla mecanica,81,FALLECIDO,MUJER,VEH_LIVIANO,78,FALLECIDO,MUJER,MOTOCICLETA,16,LESIONADO,NO_REGISTRA,PEATON
2020-05-10 08:21:12,-3.984935,-79.212087,Calle Miguel Riofrio,CON_FALLECIDOS,Accidente Laboral,Visibilidad reducida,36,FALLECIDO,HOMBRE,CICLISTA,61,FALLECIDO,MUJER,MOTOCICLETA,28,LESIONADO,NO_REGISTRA,PEATON
2020-11-04 06:17:24,-4.007850,-79.219105,Av. Orillas del Zamora,SOLO_DANOS,Volcamiento,Inobservancia de senales,,,,,,,,,,,,
2020-04-17 07:03:57,-3.989862,-79.213947,Calle Sucre,CON_LESIONADOS,Caida,Estado de embriaguez,60,LESIONADO,MUJER,OTRO,6,LESIONADO,NO_REGISTRA,VEH_LIVIANO,,,,