fecha_hora,latitud,longitud,via,grado_severidad,tipo_siniestro,causa_probable,victima1_edad,victima1_condicion,victima1_sexo,victima1_actor_vial,victima2_edad,victima2_condicion,victima2_sexo,victima2_actor_vial,victima3_edad,victima3_condicion,victima3_sexo,victima3_actor_vial
2020-07-23 13:23:59,-3.999932,-79.181117,Calle 10 de Agosto,CON_FALLECIDOS,Incendio,Via resbaladiza o mojada,72,FALLECIDO,MUJER,PEATON,24,FALLECIDO,MUJER,OTRO,62,LESIONADO,HOMBRE,SCOOTER
2020-09-06 16:48:13,-4.013680,-79.171685,Av. Rosa Hermosa,CON_LESIONADOS,Accidente Laboral,Estado de embriaguez,75,LESIONADO,HOMBRE,CICLISTA,23,LESIONADO,NO_REGISTRA,MOTOCICLETA,,,,
2020-03-03 20:42:47,-4.031323,-79.215047,Calle 18 de Noviembre,CON_FALLECIDOS,Choque Vehicular,Imprudencia del conductor,58,FALLECIDO,HOMBRE,VEH_LIVIANO,77,FALLECIDO,NO_REGISTRA,SCOOTER,,,,
2020-04-12 14:23:06,-3.984697,-79.194943,Calle Quito,SOLO_DANOS,Caida,Distraccion (celular/radio),,,,,,,,,,,,
2020-10-15 14:46:03,-3.991808,-79.171594,Calle Sucre,CON_LESIONADOS,Colision Multiple,Estado de embriaguez,76,LESIONADO,NO_REGISTRA,SCOOTER,48,LESIONADO,HOMBRE,SCOOTER,,,,
2020-05-18 11:24:09,-4.006883,-79.225794,Calle Saraguro,CON_FALLECIDOS,Atropellamiento,Falla mecanica,46,FALLECIDO,NO_REGISTRA,SCOOTER,,,,,,,,
2020-07-12 05:39:25,-4.009866,-79.176883,Calle Rocafuerte,CON_LESIONADOS,Accidente Laboral,Estado de embriaguez,61,LESIONADO,MUJER,CICLISTA,19,LESIONADO,HOMBRE,VEH_LIVIANO,18,LESIONADO,HOMBRE,PEATON
2020-04-05 17:59:05,-3.978765,-79.209569,Av. Rosa Hermosa,SOLO_DANOS,Atropellamiento,Inobservancia de senales,,,,,,,,,,,,
2020-02-25 17:52:41,-4.025654,-79.188236,Calle 10 de Agosto,SOLO_DANOS,Incendio,Imprudencia del conductor,,,,,,,,,,,,
2020-02-12 08:23:09,-4.033545,-79.223081,Calle Azogues,SOLO_DANOS,Accidente Laboral,Via resbaladiza o mojada,,,,,,,,,,,,
2020-12-24 13:07:31,-4.006532,-79.172766,Calle Bolivar,SOLO_DANOS,Colision Multiple,Fatiga del conductor,,,,,,,,,,,,
2020-12-08 23:59:03,-4.013896,-79.210217,Calle Ramon Borrero,CON_LESIONADOS,Colision Multiple,Estado de embriaguez,30,LESIONADO,MUJER,OTRO,25,LESIONADO,HOMBRE,PEATON,,,,
2020-03-03 11:41:22,-4.003373,-79.200385,Ruta 35,CON_LESIONADOS,Volcamiento,Via resbaladiza o mojada,71,LESIONADO,NO_REGISTRA,CICLISTA,26,LESIONADO,NO_REGISTRA,SCOOTER,62,LESIONADO,MUJER,SCOOTER
2020-10-12 07:22:49,-4.018254,-79.199937,Av. Reinaldo Espinosa,CON_LESIONADOS,Volcamiento,Factores externos,25,LESIONADO,HOMBRE,OTRO,,,,,,,,
2020-04-15 01:17:22,-4.024304,-79.216183,Calle Sucre,SOLO_DANOS,Volcamiento,Mal estado de la via,,,,,,,,,,,,
2020-12-22 06:52:15,-4.036319,-79.210688,Av. Universitaria,SOLO_DANOS,Atropellamiento,Factores externos,,,,,,,,,,,,
2020-03-01 00:23:21,-3.999499,-79.196031,Av. Orillas del Zamora,SOLO_DANOS,Colision Multiple,Fatiga del conductor,,,,,,,,,,,,
2020-04-10 22:01:36,-4.013655,-79.183071,Av. 8 de Diciembre,CON_FALLECIDOS,Caida,Imprudencia del conductor,46,FALLECIDO,HOMBRE,OTRO,80,FALLECIDO,MUJER,SCOOTER,62,LESIONADO,MUJER,OTRO
2020-03-17 11:13:12,-3.997069,-79.178358,Av. Rosa Hermosa,CON_FALLECIDOS,Colision Multiple,Imprudencia del conductor,61,FALLECIDO,NO_REGISTRA,MOTOCICLETA,69,FALLECIDO,NO_REGISTRA,MOTOCICLETA,41,LESIONADO,MUJER,OTRO
2020-04-15 06:37:30,-3.986525,-79.224895,Calle Sucre,SOLO_DANOS,Incendio,Estado de embriaguez,,,,,,,,,,,,
2020-12-01 01:48:14,-4.029774,-79.185111,Av. Pio Jaramillo,SOLO_DANOS,Incendio,Estado de embriaguez,,,,,,,,,,,,
2020-06-18 18:14:41,-4.019452,-79.209714,Calle Montufar,CON_FALLECIDOS,Colision Multiple,Imprudencia del conductor,27,FALLECIDO,NO_REGISTRA,MOTOCICLETA,61,FALLECIDO,MUJER,VEH_LIVIANO,39,LESIONADO,NO_REGISTRA,SCOOTER
2020-02-26 21:05:49,-4.015019,-79.212224,Calle Sucre,SOLO_DANOS,Colision Multiple,Distraccion (celular/radio),,,,,,,,,,,,
2020-11-27 01:12:58,-4.014493,-79.216014,Calle 18 de Noviembre,CON_FALLECIDOS,Caida,Equipo de seguridad deficiente,31,FALLECIDO,HOMBRE,MOTOCICLETA,45,FALLECIDO,HOMBRE,SCOOTER,74,LESIONADO,HOMBRE,VEH_LIVIANO
2020-07-27 11:26:06,-3.991992,-79.195423,Av. Metropolitana,CON_FALLECIDOS,Caida,Mal estado de la via,80,FALLECIDO,MUJER,SCOOTER,62,FALLECIDO,HOMBRE,MOTOCICLETA,10,LESIONADO,NO_REGISTRA,VEH_LIVIANO
2020-05-20 11:08:55,-3.999737,-79.228703,Calle Ramon Borrero,CON_FALLECIDOS,Colision Multiple,Imprudencia del conductor,35,FALLECIDO,MUJER,PEATON,65,FALLECIDO,HOMBRE,VEH_LIVIANO,31,LESIONADO,HOMBRE,VEH_LIVIANO
2020-05-18 01:31:10,-3.988768,-79.217290,Av. Reinaldo Espinosa,SOLO_DANOS,Colision Multiple,Visibilidad reducida,37,LESIONADO,MUJER,VEH_LIVIANO,,,,,,,,
2020-08-21 12:13:57,-3.994943,-79.189138,Calle Sucre,SOLO_DANOS,Volcamiento,Via resbaladiza o mojada,,,,,,,,,,,,
2020-09-01 16:56:33,-4.036102,-79.227482,Calle Quito,CON_LESIONADOS,Atropellamiento,Exceso de velocidad,18,LESIONADO,NO_REGISTRA,MOTOCICLETA,18,LESIONADO,HOMBRE,VEH_LIVIANO,,,,
2020-11-12 09:56:43,-4.033259,-79.182624,Calle Imbabura,CON_LESIONADOS,Atropellamiento,Equipo de seguridad deficiente,26,LESIONADO,HOMBRE,OTRO,,,,,,,,
2020-09-06 14:11:11,-3.993909,-79.212695,Calle 10 de Agosto,CON_FALLECIDOS,Accidente Laboral,Estado de embriaguez,44,FALLECIDO,MUJER,SCOOTER,66,LESIONADO,NO_REGISTRA,CICLISTA,33,LESIONADO,MUJER,SCOOTER
2020-12-30 06:05:50,-4.011932,-79.214900,Calle 18 de Noviembre,SOLO_DANOS,Accidente Laboral,Visibilidad reducida,,,,,,,,,,,,
2020-05-26 03:45:12,-3.987723,-79.226332,Calle Miguel Riofrio,CON_FALLECIDOS,Incendio,Mal estado de la via,70,FALLECIDO,HOMBRE,CICLISTA,61,FALLECIDO,HOMBRE,VEH_LIVIANO,67,LESIONADO,HOMBRE,VEH_LIVIANO
2020-03-24 06:34:41,-4.031028,-79.193758,Calle 10 de Agosto,CON_FALLECIDOS,Volcamiento,Estado de embriaguez,71,FALLECIDO,NO_REGISTRA,SCOOTER,43,LESIONADO,MUJER,OTRO,48,LESIONADO,HOMBRE,MOTOCICLETA
2020-02-21 11:17:03,-4.001843,-79.194892,Av. Gran Colombia,CON_LESIONADOS,Atropellamiento,Falla mecanica,60,LESIONADO,HOMBRE,OTRO,,,,,,,,
2020-10-05 00:49:43,-4.022797,-79.199523,Av. Manuel Agustin Aguirre,CON_FALLECIDOS,Caida,Visibilidad reducida,46,FALLECIDO,NO_REGISTRA,PEATON,6,LESIONADO,MUJER,CICLISTA,,,,
2020-08-17 12:53:02,-4.018838,-79.218789,Calle Rocafuerte,SOLO_DANOS,Accidente Laboral,Via resbaladiza o mojada,41,LESIONADO,MUJER,MOTOCICLETA,,,,,,,,
2020-05-13 19:36:34,-4.028770,-79.207785,Via Loja - Zamora,SOLO_DANOS,Colision Multiple,Factores externos,,,,,,,,,,,,
2020-03-29 13:25:43,-3.986451,-79.215984,Calle Sucre,CON_FALLECIDOS,Caida,Factores externos,23,FALLECIDO,HOMBRE,SCOOTER,68,LESIONADO,NO_REGISTRA,MOTOCICLETA,57,LESIONADO,MUJER,VEH_LIVIANO
2020-12-26 18:18:01,-4.003683,-79.192750,Calle Saraguro,CON_FALLECIDOS,Incendio,Via resbaladiza o mojada,74,FALLECIDO,MUJER,SCOOTER,64,LESIONADO,HOMBRE,CICLISTA,,,,
2020-02-07 01:14:27,-4.004588,-79.210816,Av. Isidro Ayora,CON_LESIONADOS,Accidente Laboral,Exceso de velocidad,10,LESIONADO,NO_REGISTRA,VEH_LIVIANO,50,LESIONADO,MUJER,MOTOCICLETA,43,LESIONADO,MUJER,OTRO
2020-02-13 22:16:20,-3.988373,-79.174389,Av. Gran Colombia,CON_FALLECIDOS,Atropellamiento,Imprudencia del conductor,30,FALLECIDO,HOMBRE,VEH_LIVIANO,,,,,,,,
2020-05-14 21:39:46,-4.005181,-79.222881,Calle 18 de Noviembre,SOLO_DANOS,Accidente Laboral,Visibilidad reducida,,,,,,,,,,,,
2020-12-25 12:41:45,-3.982488,-79.209646,Calle Mercadillo,SOLO_DANOS,Incendio,Equipo de seguridad deficiente,,,,,,,,,,,,
2020-02-21 07:33:24,-4.023095,-79.198056,Av. Rosa Hermosa,CON_LESIONADOS,Choque Vehicular,Visibilidad reducida,75,LESIONADO,HOMBRE,CICLISTA,11,LESIONADO,NO_REGISTRA,CICLISTA,70,LESIONADO,NO_REGISTRA,PEATON
2020-08-15 18:21:46,-4.015589,-79.196594,Calle Rocafuerte,CON_FALLECIDOS,Colision Multiple,Imprudencia del conductor,45,FALLECIDO,MUJER,PEATON,55,FALLECIDO,MUJER,VEH_LIVIANO,,,,
2020-08-09 09:42:31,-4.004790,-79.219868,Av. Cuxibamba,CON_LESIONADOS,Volcamiento,Imprudencia del conductor,58,LESIONADO,NO_REGISTRA,VEH_LIVIANO,,,,,,,,
2020-07-25 03:10:19,-4.010293,-79.179535,Calle Azogues,CON_FALLECIDOS,Choque Vehicular,Inobservancia de senales,66,FALLECIDO,NO_REGISTRA,SCOOTER,48,LESIONADO,HOMBRE,VEH_LIVIANO,,,,
2020-11-26 10:34:29,-3.987938,-79.220252,Av. Orillas del Zamora,CON_FALLECIDOS,Accidente Laboral,Visibilidad reducida,33,FALLECIDO,MUJER,CICLISTA,58,LESIONADO,MUJER,CICLISTA,46,LESIONADO,MUJER,MOTOCICLETA
2020-04-12 13:27:57,-4.016915,-79.204667,Av. Gran Colombia,CON_FALLECIDOS,Atropellamiento,Visibilidad reducida,40,FALLECIDO,HOMBRE,CICLISTA,30,FALLECIDO,HOMBRE,MOTOCICLETA,66,LESIONADO,NO_REGISTRA,CICLISTA
2020-04-12 02:21:17,-4.010534,-79.214496,Calle Ramon Borrero,CON_FALLECIDOS,Atropellamiento,Via resbaladiza o mojada,19,FALLECIDO,NO_REGISTRA,VEH_LIVIANO,43,FALLECIDO,MUJER,SCOOTER,61,LESIONADO,HOMBRE,CICLISTA
2020-02-06 22:09:54,-4.016803,-79.192154,Av. Isidro Ayora,SOLO_DANOS,Atropellamiento,Estado de embriaguez,,,,,,,,,,,,
2020-11-24 12:55:53,-3.977418,-79.197879,Av. Manuel Agustin Aguirre,CON_LESIONADOS,Accidente Laboral,Exceso de velocidad,72,LESIONADO,NO_REGISTRA,MOTOCICLETA,,,,,,,,
2020-04-02 15:48:06,-4.014149,-79.212495,Av. Orillas del Zamora,CON_FALLECIDOS,Volcamiento,Visibilidad reducida,81,FALLECIDO,NO_REGISTRA,MOTOCICLETA,54,FALLECIDO,MUJER,CICLISTA,79,LESIONADO,HOMBRE,OTRO
2020-09-20 02:07:51,-4.019845,-79.180377,Calle Quito,CON_FALLECIDOS,Choque Vehicular,Fatiga del conductor,71,FALLECIDO,HOMBRE,CICLISTA,68,LESIONADO,MUJER,MOTOCICLETA,77,LESIONADO,HOMBRE,MOTOCICLETA
2020-11-27 12:35:09,-4.024267,-79.178946,Calle Sucre,CON_LESIONADOS,Volcamiento,Distraccion (celular/radio),39,LESIONADO,MUJER,PEATON,63,LESIONADO,MUJER,SCOOTER,20,LESIONADO,HOMBRE,MOTOCICLETA
2020-05-22 10:40:39,-4.029867,-79.222132,Calle Saraguro,SOLO_DANOS,Accidente Laboral,Via resbaladiza o mojada,,,,,,,,,,,,
2020-09-03 17:00:30,-3.995125,-79.205127,Calle Ramon Borrero,SOLO_DANOS,Atropellamiento,Distraccion (celular/radio),,,,,,,,,,,,
2020-06-04 04:11:28,-4.010047,-79.204598,Calle Sucre,SOLO_DANOS,Caida,Distraccion (celular/radio),,,,,,,,,,,,
2020-05-28 05:38:12,-3.988201,-79.208118,Av. Universitaria,SOLO_DANOS,Volcamiento,Factores externos,,,,,,,,,,,,
2020-10-15 06:14:54,-4.024403,-79.187789,Calle Miguel Riofrio,SOLO_DANOS,Incendio,Mal estado de la via,,,,,,,,,,,,
2020-04-20 16:40:19,-4.028429,-79.194413,Av. Reinaldo Espinosa,CON_LESIONADOS,Accidente Laboral,Estado de embriaguez,54,LESIONADO,MUJER,OTRO,21,LESIONADO,HOMBRE,PEATON,53,LESIONADO,MUJER,MOTOCICLETA
2020-12-23 11:27:32,-3.983026,-79.217559,Calle Quito,CON_FALLECIDOS,Choque Vehicular,Visibilidad reducida,71,FALLECIDO,NO_REGISTRA,SCOOTER,63,LESIONADO,MUJER,CICLISTA,23,LESIONADO,NO_REGISTRA,PEATON
2020-10-16 17:51:05,-3.986832,-79.203779,Calle Montufar,SOLO_DANOS,Volcamiento,Mal estado de la via,64,LESIONADO,HOMBRE,SCOOTER,,,,,,,,
2020-11-10 18:50:41,-4.026318,-79.225832,Av. Manuel Agustin Aguirre,SOLO_DANOS,Incendio,Falla mecanica,,,,,,,,,,,,
2020-03-01 11:56:53,-4.030604,-79.196033,Av. Metropolitana,CON_LESIONADOS,Volcamiento,Exceso de velocidad,22,LESIONADO,MUJER,SCOOTER,,,,,,,,
2020-07-05 19:46:35,-4.001998,-79.207212,Av. Orillas del Zamora,SOLO_DANOS,Caida,Via resbaladiza o mojada,,,,,,,,,,,,
2020-10-04 12:30:27,-4.028623,-79.192755,Calle Quito,SOLO_DANOS,Choque Vehicular,Equipo de seguridad deficiente,,,,,,,,,,,,
2020-02-28 22:59:04,-4.020965,-79.209344,Via Loja - Zamora,CON_LESIONADOS,Volcamiento,Visibilidad reducida,77,LESIONADO,HOMBRE,CICLISTA,,,,,,,,
2020-10-08 06:10:50,-4.033569,-79.206001,Av. Isidro Ayora,SOLO_DANOS,Volcamiento,Falla mecanica,,,,,,,,,,,,
2020-03-21 13:53:50,-4.014650,-79.209208,Av. Reinaldo Espinosa,CON_LESIONADOS,Colision Multiple,Mal estado de la via,63,LESIONADO,HOMBRE,OTRO,14,LESIONADO,NO_REGISTRA,VEH_LIVIANO,75,LESIONADO,MUJER,CICLISTA
2020-08-23 01:08:36,-3.993860,-79.191241,Av. Rosa Hermosa,CON_LESIONADOS,Choque Vehicular,Equipo de seguridad deficiente,46,LESIONADO,MUJER,MOTOCICLETA,,,,,,,,
2020-12-16 01:37:06,-3.987094,-79.190283,Av. Metropolitana,CON_FALLECIDOS,Incendio,Via resbaladiza o mojada,54,FALLECIDO,HOMBRE,SCOOTER,,,,,,,,
2020-05-28 03:47:38,-4.027636,-79.229122,Av. Universitaria,CON_LESIONADOS,Accidente Laboral,Equipo de seguridad deficiente,41,LESIONADO,MUJER,CICLISTA,,,,,,,,
2020-01-01 13:31:51,-3.994880,-79.192023,Calle 18 de Noviembre,CON_FALLECIDOS,Choque Vehicular,Imprudencia del conductor,72,FALLECIDO,MUJER,CICLISTA,,,,,,,,
2020-07-18 13:08:52,-3.999946,-79.201088,Via Loja - Zamora,SOLO_DANOS,Colision Multiple,Falla mecanica,,,,,,,,,,,,
2020-10-05 09:21:56,-4.030085,-79.185493,Calle Colon,SOLO_DANOS,Incendio,Via resbaladiza o mojada,22,LESIONADO,MUJER,CICLISTA,,,,,,,,
2020-11-27 20:18:50,-4.018735,-79.182246,Calle Imbabura,CON_LESIONADOS,Volcamiento,Imprudencia del conductor,45,LESIONADO,HOMBRE,PEATON,,,,,,,,
2020-10-16 20:57:39,-4.016038,-79.208660,Av. Metropolitana,CON_LESIONADOS,Caida,Imprudencia del conductor,25,LESIONADO,NO_REGISTRA,MOTOCICLETA,26,LESIONADO,MUJER,CICLISTA,,,,
2020-04-03 00:30:08,-4.005980,-79.188717,Calle Ramon Borrero,SOLO_DANOS,Incendio,Exceso de velocidad,,,,,,,,,,,,
2020-06-02 20:17:49,-4.023044,-79.179106,Calle Mercadillo,CON_LESIONADOS,Choque Vehicular,Via resbaladiza o mojada,71,LESIONADO,HOMBRE,SCOOTER,28,LESIONADO,HOMBRE,PEATON,,,,
2020-11-22 07:07:12,-4.008736,-79.218673,Av. Universitaria,CON_LESIONADOS,Accidente Laboral,Exceso de velocidad,27,LESIONADO,MUJER,OTRO,,,,,,,,
2020-03-23 09:45:15,-3.995922,-79.222316,Av. Isidro Ayora,CON_LESIONADOS,Choque Vehicular,Estado de embriaguez,77,LESIONADO,NO_REGISTRA,VEH_LIVIANO,58,LESIONADO,NO_REGISTRA,SCOOTER,,,,
2020-11-10 22:18:22,-4.021128,-79.207721,Ruta 35,CON_LESIONADOS,Incendio,Mal estado de la via,28,LESIONADO,NO_REGISTRA,OTRO,42,LESIONADO,NO_REGISTRA,OTRO,60,LESIONADO,NO_REGISTRA,SCOOTER
2020-07-31 18:18:00,-3.992970,-79.173146,Calle Miguel Riofrio,CON_LESIONADOS,Accidente Laboral,Exceso de velocidad,59,LESIONADO,HOMBRE,PEATON,,,,,,,,
2020-10-27 14:22:21,-4.004112,-79.226573,Av. Pio Jaramillo,SOLO_DANOS,Atropellamiento,Imprudencia del conductor,,,,,,,,,,,,
2020-04-28 13:56:14,-3.993378,-79.179146,Av. Pio Jaramillo,SOLO_DANOS,Colision Multiple,Visibilidad reducida,,,,,,,,,,,,
2020-05-20 10:54:42,-4.021923,-79.174760,Calle Ramon Borrero,SOLO_DANOS,Accidente Laboral,Via resbaladiza o mojada,,,,,,,,,,,,
2020-10-29 16:39:26,-4.022141,-79.189655,Av. Reinaldo Espinosa,SOLO_DANOS,Caida,Estado de embriaguez,,,,,,,,,,,,
2020-07-05 10:20:36,-4.018442,-79.181272,Via Loja - Catamayo,SOLO_DANOS,Colision Multiple,Imprudencia del conductor,,,,,,,,,,,,
2020-10-23 13:44:43,-4.026073,-79.173976,Av. Reinaldo Espinosa,CON_FALLECIDOS,Volcamiento,Visibilidad reducida,63,FALLECIDO,HOMBRE,OTRO,30,FALLECIDO,NO_REGISTRA,VEH_LIVIANO,12,LESIONADO,HOMBRE,CICLISTA
2020-04-08 05:12:13,-4.001137,-79.211893,Av. Rosa Hermosa,CON_FALLECIDOS,Choque Vehicular,Equipo de seguridad deficiente,73,FALLECIDO,MUJER,SCOOTER,73,LESIONADO,NO_REGISTRA,PEATON,6,LESIONADO,MUJER,PEATON
2020-08-14 20:33:18,-4.028936,-79.224645,Calle Ramon Borrero,CON_FALLECIDOS,Atropellamiento,Imprudencia del conductor,34,FALLECIDO,NO_REGISTRA,OTRO,6,LESIONADO,HOMBRE,CICLISTA,,,,
2020-09-21 15:37:10,-4.028863,-79.178963,Ruta 35,CON_LESIONADOS,Volcamiento,Inobservancia de senales,5,LESIONADO,MUJER,SCOOTER,7,LESIONADO,HOMBRE,OTRO,,,,
2020-05-27 11:31:13,-3.983905,-79.207017,Av. Manuel Agustin Aguirre,CON_FALLECIDOS,Accidente Laboral,Factores externos,84,FALLECIDO,HOMBRE,CICLISTA,13,LESIONADO,HOMBRE,VEH_LIVIANO,,,,
2020-04-25 03:09:13,-3.986004,-79.211125,Via Loja - Zamora,CON_FALLECIDOS,Volcamiento,Factores externos,41,FALLECIDO,MUJER,OTRO,35,FALLECIDO,MUJER,OTRO,,,,
2020-05-17 11:16:06,-4.001929,-79.189131,Av. 8 de Diciembre,SOLO_DANOS,Colision Multiple,Mal estado de la via,,,,,,,,,,,,
2020-11-14 21:40:14,-4.025129,-79.212291,Calle Imbabura,CON_LESIONADOS,Choque Vehicular,Equipo de seguridad deficiente,26,LESIONADO,MUJER,SCOOTER,73,LESIONADO,HOMBRE,PEATON,,,,
2020-02-08 17:48:04,-4.016258,-79.225279,Via Loja - Zamora,CON_LESIONADOS,Incendio,Visibilidad reducida,11,LESIONADO,MUJER,OTRO,72,LESIONADO,NO_REGISTRA,PEATON,44,LESIONADO,MUJER,SCOOTER
2020-08-23 19:01:00,-3.981244,-79.208047,Av. Cuxibamba,CON_LESIONADOS,Incendio,Via resbaladiza o mojada,25,LESIONADO,HOMBRE,VEH_LIVIANO,76,LESIONADO,HOMBRE,SCOOTER,,,,
2020-03-27 07:21:43,-4.031527,-79.214790,Calle Colon,CON_LESIONADOS,Atropellamiento,Distraccion (celular/radio),27,LESIONADO,MUJER,SCOOTER,7,LESIONADO,HOMBRE,SCOOTER,67,LESIONADO,HOMBRE,CICLISTA
2020-11-21 01:03:16,-3.993700,-79.186701,Av. Universitaria,CON_LESIONADOS,Choque Vehicular,Inobservancia de senales,66,LESIONADO,MUJER,MOTOCICLETA,68,LESIONADO,HOMBRE,PEATON,,,,
2020-02-04 04:33:46,-4.008040,-79.226999,Calle Ramon Borrero,CON_FALLECIDOS,Choque Vehicular,Distraccion (celular/radio),68,FALLECIDO,NO_REGISTRA,SCOOTER,66,FALLECIDO,MUJER,CICLISTA,52,LESIONADO,HOMBRE,OTRO
2020-03-03 13:37:07,-4.007215,-79.220643,Av. Pio Jaramillo,SOLO_DANOS,Colision Multiple,Factores externos,13,LESIONADO,MUJER,SCOOTER,,,,,,,,
2020-11-05 00:39:48,-4.006040,-79.183971,Calle Quito,SOLO_DANOS,Volcamiento,Equipo de seguridad deficiente,,,,,,,,,,,,
2020-07-31 22:56:47,-4.007140,-79.227001,Calle Rocafuerte,CON_LESIONADOS,Atropellamiento,Mal estado de la via,9,LESIONADO,HOMBRE,SCOOTER,,,,,,,,
2020-05-11 06:04:04,-3.986506,-79.187050,Calle Mercadillo,SOLO_DANOS,Caida,Via resbaladiza o mojada,,,,,,,,,,,,
2020-07-07 08:14:00,-3.989486,-79.209985,Av. Cuxibamba,CON_FALLECIDOS,Incendio,Equipo de seguridad deficiente,48,FALLECIDO,MUJER,PEATON,,,,,,,,
2020-05-09 21:47:50,-4.035050,-79.209184,Av. Isidro Ayora,SOLO_DANOS,Accidente Laboral,Exceso de velocidad,,,,,,,,,,,,
2020-02-20 06:02:01,-4.000886,-79.178531,Av. 8 de Diciembre,CON_LESIONADOS,Accidente Laboral,Visibilidad reducida,33,LESIONADO,HOMBRE,CICLISTA,21,LESIONADO,NO_REGISTRA,SCOOTER,66,LESIONADO,HOMBRE,CICLISTA
2020-04-05 14:18:34,-4.028523,-79.214683,Calle Ramon Borrero,CON_FALLECIDOS,Volcamiento,Via resbaladiza o mojada,35,FALLECIDO,HOMBRE,SCOOTER,,,,,,,,
2020-07-15 04:55:53,-3.982245,-79.183586,Av. Gran Colombia,CON_FALLECIDOS,Incendio,Imprudencia del conductor,20,FALLECIDO,HOMBRE,OTRO,72,LESIONADO,NO_REGISTRA,VEH_LIVIANO,78,LESIONADO,HOMBRE,SCOOTER
2020-08-29 17:01:19,-4.004647,-79.185976,Calle Colon,CON_LESIONADOS,Accidente Laboral,Via resbaladiza o mojada,10,LESIONADO,HOMBRE,OTRO,7,LESIONADO,HOMBRE,CICLISTA,,,,
2020-09-14 10:16:30,-4.035901,-79.227656,Av. Gran Colombia,CON_FALLECIDOS,Colision Multiple,Visibilidad reducida,69,FALLECIDO,HOMBRE,MOTOCICLETA,,,,,,,,
2020-07-10 03:31:54,-3.999141,-79.174714,Av. Gran Colombia,CON_LESIONADOS,Incendio,Visibilidad reducida,51,LESIONADO,MUJER,PEATON,,,,,,,,
2020-06-12 19:14:54,-4.029375,-79.197599,Calle Quito,CON_FALLECIDOS,Caida,Visibilidad reducida,57,FALLECIDO,HOMBRE,VEH_LIVIANO,53,LESIONADO,NO_REGISTRA,CICLISTA,23,LESIONADO,HOMBRE,MOTOCICLETA
2020-01-11 04:55:08,-3.982753,-79.222929,Calle Saraguro,SOLO_DANOS,Choque Vehicular,Imprudencia del conductor,,,,,,,,,,,,
2020-10-31 02:07:02,-4.006048,-79.177379,Calle Ramon Borrero,CON_FALLECIDOS,Volcamiento,Exceso de velocidad,26,FALLECIDO,MUJER,OTRO,,,,,,,,
2020-11-01 22:29:18,-4.036732,-79.195473,Via Loja - Catamayo,CON_LESIONADOS,Choque Vehicular,Exceso de velocidad,58,LESIONADO,MUJER,CICLISTA,,,,,,,,
2020-03-20 13:31:31,-4.034873,-79.227806,Calle Saraguro,CON_FALLECIDOS,Incendio,Factores externos,75,FALLECIDO,HOMBRE,MOTOCICLETA,52,LESIONADO,NO_REGISTRA,MOTOCICLETA,54,LESIONADO,NO_REGISTRA,VEH_LIVIANO
2020-02-07 02:13:49,-3.979267,-79.213133,Calle Ramon Borrero,CON_FALLECIDOS,Atropellamiento,Imprudencia del conductor,84,FALLECIDO,HOMBRE,OTRO,33,FALLECIDO,MUJER,OTRO,39,LESIONADO,MUJER,CICLISTA
2020-10-10 11:03:10,-3.981964,-79.172678,Av. 8 de Diciembre,SOLO_DANOS,Colision Multiple,Via resbaladiza o mojada,,,,,,,,,,,,
2020-12-25 06:24:40,-4.016753,-79.207279,Av. Universitaria,SOLO_DANOS,Caida,Inobservancia de senales,,,,,,,,,,,,
2020-08-06 18:11:03,-4.020426,-79.210088,Calle Montufar,CON_LESIONADOS,Colision Multiple,Exceso de velocidad,30,LESIONADO,HOMBRE,CICLISTA,14,LESIONADO,HOMBRE,VEH_LIVIANO,38,LESIONADO,NO_REGISTRA,VEH_LIVIANO
2020-01-04 14:05:26,-4.025270,-79.191279,Av. Reinaldo Espinosa,CON_FALLECIDOS,Atropellamiento,Distraccion (celular/radio),51,FALLECIDO,NO_REGISTRA,OTRO,37,LESIONADO,NO_REGISTRA,PEATON,71,LESIONADO,MUJER,VEH_LIVIANO
2020-05-01 16:47:31,-4.023329,-79.182081,Calle Montufar,SOLO_DANOS,Accidente Laboral,Visibilidad reducida,,,,,,,,,,,,
2020-08-31 02:53:16,-4.031752,-79.173498,Av. Metropolitana,CON_LESIONADOS,Incendio,Imprudencia del conductor,49,LESIONADO,MUJER,PEATON,12,LESIONADO,HOMBRE,MOTOCICLETA,,,,
2020-02-19 01:05:45,-4.012021,-79.184271,Av. Universitaria,CON_FALLECIDOS,Accidente Laboral,Exceso de velocidad,68,FALLECIDO,NO_REGISTRA,PEATON,30,FALLECIDO,NO_REGISTRA,MOTOCICLETA,9,LESIONADO,HOMBRE,PEATON
2020-01-16 18:07:37,-4.012570,-79.188307,Calle Colon,CON_FALLECIDOS,Incendio,Fatiga del conductor,35,FALLECIDO,HOMBRE,MOTOCICLETA,81,FALLECIDO,NO_REGISTRA,MOTOCICLETA,,,,
2020-09-06 09:35:22,-4.009150,-79.213118,Calle Colon,SOLO_DANOS,Accidente Laboral,Inobservancia de senales,,,,,,,,,,,,
2020-01-01 21:03:56,-4.025100,-79.192695,Calle Miguel Riofrio,CON_FALLECIDOS,Atropellamiento,Exceso de velocidad,72,FALLECIDO,NO_REGISTRA,CICLISTA,46,FALLECIDO,HOMBRE,OTRO,,,,