fecha_hora,latitud,longitud,via,grado_severidad,tipo_siniestro,causa_probable,victima1_edad,victima1_condicion,victima1_sexo,victima1_actor_vial,victima2_edad,victima2_condicion,victima2_sexo,victima2_actor_vial,victima3_edad,victima3_condicion,victima3_sexo,victima3_actor_vial
2020-01-13 04:41:51,-4.024378,-79.191288,Via Loja - Catamayo,CON_LESIONADOS,Atropellamiento,Mal estado de la via,7,LESIONADO,HOMBRE,MOTOCICLETA,,,,,,,,
2020-11-27 22:24:10,-3.982264,-79.191705,Av. Universitaria,CON_FALLECIDOS,Colision Multiple,Imprudencia del conductor,55,FALLECIDO,HOMBRE,VEH_LIVIANO,,,,,,,,
2020-06-15 08:05:56,-3.994430,-79.181507,Calle Rocafuerte,CON_FALLECIDOS,Accidente Laboral,Exceso de velocidad,64,FALLECIDO,MUJER,MOTOCICLETA,70,LESIONADO,HOMBRE,PEATON,,,,
2020-10-13 12:34:07,-4.022186,-79.212607,Calle Sucre,CON_FALLECIDOS,Incendio,Imprudencia del conductor,20,FALLECIDO,HOMBRE,MOTOCICLETA,50,FALLECIDO,MUJER,OTRO,52,LESIONADO,MUJER,SCOOTER
2020-12-26 09:11:09,-4.029513,-79.178548,Calle Quito,CON_FALLECIDOS,Accidente Laboral,Exceso de velocidad,80,FALLECIDO,NO_REGISTRA,PEATON,38,FALLECIDO,HOMBRE,SCOOTER,,,,
2020-10-10 10:43:22,-4.017306,-79.185141,Av. 8 de Diciembre,CON_LESIONADOS,Accidente Laboral,Via resbaladiza o mojada,53,LESIONADO,NO_REGISTRA,CICLISTA,65,LESIONADO,NO_REGISTRA,VEH_LIVIANO,,,,
2020-08-28 20:57:16,-3.989518,-79.188460,Ruta 35,CON_LESIONADOS,Volcamiento,Imprudencia del conductor,33,LESIONADO,HOMBRE,CICLISTA,,,,,,,,
2020-06-04 07:01:59,-4.019887,-79.200829,Av. Orillas del Zamora,CON_LESIONADOS,Colision Multiple,Equipo de seguridad deficiente,11,LESIONADO,HOMBRE,MOTOCICLETA,,,,,,,,
2020-10-23 14:56:18,-3.991705,-79.174024,Av. Cuxibamba,CON_LESIONADOS,Caida,Exceso de velocidad,60,LESIONADO,NO_REGISTRA,MOTOCICLETA,,,,,,,,
2020-01-25 02:06:06,-4.022683,-79.174201,Av. Isidro Ayora,CON_FALLECIDOS,Colision Multiple,Mal estado de la via,58,FALLECIDO,HOMBRE,VEH_LIVIANO,14,LESIONADO,NO_REGISTRA,SCOOTER,,,,
2020-09-07 18:36:58,-4.007757,-79.173064,Calle 18 de Noviembre,SOLO_DANOS,Caida,Equipo de seguridad deficiente,,,,,,,,,,,,
2020-11-25 02:51:15,-3.989381,-79.196592,Calle Azogues,CON_FALLECIDOS,Caida,Visibilidad reducida,85,FALLECIDO,NO_REGISTRA,SCOOTER,80,FALLECIDO,MUJER,VEH_LIVIANO,,,,
2020-03-19 02:31:38,-4.001739,-79.210293,Calle Quito,SOLO_DANOS,Incendio,Visibilidad reducida,,,,,,,,,,,,
2020-04-14 23:44:43,-4.027508,-79.207730,Calle Miguel Riofrio,SOLO_DANOS,Caida,Visibilidad reducida,,,,,,,,,,,,
2020-03-02 22:20:19,-4.020646,-79.222318,Calle Quito,CON_FALLECIDOS,Choque Vehicular,Exceso de velocidad,25,FALLECIDO,NO_REGISTRA,OTRO,5,LESIONADO,HOMBRE,CICLISTA,28,LESIONADO,HOMBRE,SCOOTER
2020-01-31 00:37:41,-4.016775,-79.181889,Calle Imbabura,SOLO_DANOS,Accidente Laboral,Inobservancia de senales,,,,,,,,,,,,
2020-12-26 08:41:37,-3.994354,-79.202073,Av. Rosa Hermosa,CON_FALLECIDOS,Caida,Imprudencia del conductor,37,FALLECIDO,MUJER,OTRO,,,,,,,,
2020-11-30 05:24:34,-4.002761,-79.219819,Via Loja - Zamora,CON_FALLECIDOS,Caida,Exceso de velocidad,47,FALLECIDO,HOMBRE,PEATON,77,LESIONADO,MUJER,MOTOCICLETA,77,LESIONADO,MUJER,MOTOCICLETA
2020-03-19 08:07:50,-3.980072,-79.216672,Ruta 35,CON_FALLECIDOS,Caida,Distraccion (celular/radio),59,FALLECIDO,HOMBRE,VEH_LIVIANO,,,,,,,,
2020-01-27 19:59:08,-4.030296,-79.227853,Calle Sucre,CON_LESIONADOS,Accidente Laboral,Exceso de velocidad,59,LESIONADO,HOMBRE,SCOOTER,5,LESIONADO,NO_REGISTRA,VEH_LIVIANO,47,LESIONADO,NO_REGISTRA,CICLISTA
2020-11-26 20:07:57,-4.035193,-79.224366,Calle Azogues,SOLO_DANOS,Volcamiento,Via resbaladiza o mojada,,,,,,,,,,,,
2020-09-18 18:50:28,-4.006736,-79.180273,Av. Manuel Agustin Aguirre,CON_LESIONADOS,Colision Multiple,Mal estado de la via,28,LESIONADO,MUJER,PEATON,,,,,,,,
2020-07-07 15:17:27,-4.008445,-79.207526,Av. Metropolitana,SOLO_DANOS,Accidente Laboral,Visibilidad reducida,,,,,,,,,,,,
2020-11-27 22:34:11,-3.977900,-79.192260,Av. Gran Colombia,SOLO_DANOS,Incendio,Visibilidad reducida,,,,,,,,,,,,
2020-11-05 00:44:36,-4.000006,-79.225511,Calle Sucre,CON_FALLECIDOS,Choque Vehicular,Imprudencia del conductor,72,FALLECIDO,MUJER,MOTOCICLETA,19,FALLECIDO,MUJER,SCOOTER,30,LESIONADO,MUJER,CICLISTA
2020-03-20 23:28:36,-4.002025,-79.186041,Calle Montufar,SOLO_DANOS,Incendio,Exceso de velocidad,,,,,,,,,,,,
2020-08-16 10:29:40,-3.985776,-79.188819,Calle 18 de Noviembre,SOLO_DANOS,Caida,Fatiga del conductor,71,LESIONADO,MUJER,PEATON,,,,,,,,
2020-03-01 14:33:17,-3.987868,-79.200570,Av. Rosa Hermosa,CON_FALLECIDOS,Accidente Laboral,Inobservancia de senales,36,FALLECIDO,HOMBRE,MOTOCICLETA,34,FALLECIDO,MUJER,VEH_LIVIANO,45,LESIONADO,NO_REGISTRA,SCOOTER
2020-12-24 06:29:47,-4.015402,-79.225996,Calle 18 de Noviembre,CON_LESIONADOS,Atropellamiento,Equipo de seguridad deficiente,42,LESIONADO,MUJER,OTRO,,,,,,,,
2020-10-21 16:46:39,-3.980733,-79.212915,Av. Reinaldo Espinosa,CON_FALLECIDOS,Incendio,Inobservancia de senales,77,FALLECIDO,NO_REGISTRA,MOTOCICLETA,54,LESIONADO,HOMBRE,VEH_LIVIANO,,,,
2020-04-15 19:55:30,-3.993658,-79.212085,Via Loja - Catamayo,SOLO_DANOS,Caida,Inobservancia de senales,,,,,,,,,,,,
2020-09-27 16:11:52,-4.013698,-79.220449,Calle Saraguro,CON_FALLECIDOS,Choque Vehicular,Falla mecanica,44,FALLECIDO,NO_REGISTRA,SCOOTER,77,FALLECIDO,MUJER,OTRO,78,LESIONADO,MUJER,SCOOTER
2020-02-08 11:53:35,-4.005666,-79.203060,Av. Universitaria,SOLO_DANOS,Volcamiento,Inobservancia de senales,,,,,,,,,,,,
2020-02-22 02:25:41,-3.980202,-79.182123,Calle Montufar,CON_FALLECIDOS,Volcamiento,Inobservancia de senales,67,FALLECIDO,HOMBRE,PEATON,67,FALLECIDO,NO_REGISTRA,VEH_LIVIANO,69,LESIONADO,MUJER,VEH_LIVIANO
2020-07-12 13:48:02,-4.036622,-79.195108,Calle 10 de Agosto,CON_LESIONADOS,Colision Multiple,Falla mecanica,29,LESIONADO,HOMBRE,OTRO,,,,,,,,
2020-02-07 22:47:18,-4.036608,-79.227049,Calle Quito,CON_FALLECIDOS,Caida,Fatiga del conductor,42,FALLECIDO,HOMBRE,OTRO,59,LESIONADO,HOMBRE,VEH_LIVIANO,,,,
2020-08-19 23:20:28,-4.032872,-79.191186,Calle 18 de Noviembre,CON_LESIONADOS,Choque Vehicular,Equipo de seguridad deficiente,57,LESIONADO,HOMBRE,SCOOTER,,,,,,,,
2020-01-20 22:30:17,-4.000920,-79.204632,Calle Sucre,CON_FALLECIDOS,Caida,Exceso de velocidad,50,FALLECIDO,MUJER,PEATON,73,LESIONADO,NO_REGISTRA,SCOOTER,,,,
2020-01-30 13:42:04,-3.999153,-79.171289,Ruta 35,SOLO_DANOS,Incendio,Estado de embriaguez,,,,,,,,,,,,
2020-09-11 18:38:10,-3.985103,-79.217612,Via Loja - Zamora,CON_FALLECIDOS,Volcamiento,Estado de embriaguez,58,FALLECIDO,HOMBRE,OTRO,75,LESIONADO,MUJER,VEH_LIVIANO,,,,
2020-09-06 01:06:48,-4.004269,-79.195040,Calle 18 de Noviembre,SOLO_DANOS,Caida,Equipo de seguridad deficiente,,,,,,,,,,,,
2020-05-22 14:11:30,-4.027107,-79.191273,Av. Rosa Hermosa,SOLO_DANOS,Choque Vehicular,Exceso de velocidad,,,,,,,,,,,,
2020-04-18 06:02:59,-4.036891,-79.230180,Av. Manuel Agustin Aguirre,CON_FALLECIDOS,Volcamiento,Falla mecanica,66,FALLECIDO,MUJER,OTRO,22,FALLECIDO,NO_REGISTRA,PEATON,47,LESIONADO,MUJER,MOTOCICLETA
2020-01-02 18:58:55,-4.025802,-79.188095,Calle Mercadillo,CON_FALLECIDOS,Choque Vehicular,Falla mecanica,61,FALLECIDO,HOMBRE,PEATON,57,FALLECIDO,NO_REGISTRA,CICLISTA,76,LESIONADO,HOMBRE,SCOOTER
2020-04-30 21:18:54,-4.026172,-79.224471,Av. Orillas del Zamora,SOLO_DANOS,Accidente Laboral,Mal estado de la via,,,,,,,,,,,,
2020-12-14 07:14:44,-4.003085,-79.207922,Calle Azogues,SOLO_DANOS,Caida,Falla mecanica,,,,,,,,,,,,
2020-10-27 10:14:48,-4.024973,-79.228851,Calle 10 de Agosto,SOLO_DANOS,Caida,Exceso de velocidad,,,,,,,,,,,,
2020-09-22 06:15:48,-4.026690,-79.215944,Calle Montufar,SOLO_DANOS,Incendio,Distraccion (celular/radio),,,,,,,,,,,,
2020-07-27 18:59:28,-4.000644,-79.221871,Av. Rosa Hermosa,SOLO_DANOS,Colision Multiple,Distraccion (celular/radio),,,,,,,,,,,,
2020-10-18 00:10:57,-4.017264,-79.218144,Av. Metropolitana,CON_FALLECIDOS,Volcamiento,Fatiga del conductor,83,FALLECIDO,MUJER,MOTOCICLETA,38,FALLECIDO,MUJER,VEH_LIVIANO,11,LESIONADO,NO_REGISTRA,MOTOCICLETA
2020-03-28 02:43:53,-3.982602,-79.192813,Av. Rosa Hermosa,CON_LESIONADOS,Atropellamiento,Visibilidad reducida,72,LESIONADO,MUJER,SCOOTER,23,LESIONADO,MUJER,MOTOCICLETA,72,LESIONADO,MUJER,VEH_LIVIANO
2020-12-09 01:08:53,-4.002586,-79.177016,Calle Mercadillo,SOLO_DANOS,Volcamiento,Equipo de seguridad deficiente,,,,,,,,,,,,
2020-08-08 04:04:01,-4.007245,-79.191888,Calle Saraguro,CON_LESIONADOS,Incendio,Imprudencia del conductor,46,LESIONADO,NO_REGISTRA,SCOOTER,72,LESIONADO,MUJER,PEATON,,,,
2020-11-14 03:47:39,-3.992453,-79.216666,Av. Cuxibamba,CON_LESIONADOS,Volcamiento,Fatiga del conductor,42,LESIONADO,HOMBRE,SCOOTER,,,,,,,,
2020-07-07 10:46:46,-3.997511,-79.208591,Calle Colon,SOLO_DANOS,Caida,Fatiga del conductor,,,,,,,,,,,,
2020-08-06 15:54:21,-4.017379,-79.226982,Av. Universitaria,CON_LESIONADOS,Colision Multiple,Mal estado de la via,74,LESIONADO,HOMBRE,PEATON,74,LESIONADO,NO_REGISTRA,VEH_LIVIANO,,,,
2020-07-04 14:51:29,-3.996675,-79.219667,Av. Manuel Agustin Aguirre,CON_FALLECIDOS,Choque Vehicular,Imprudencia del conductor,19,FALLECIDO,MUJER,CICLISTA,58,LESIONADO,NO_REGISTRA,VEH_LIVIANO,,,,
2020-01-04 04:29:59,-4.022225,-79.223832,Av. Pio Jaramillo,CON_LESIONADOS,Choque Vehicular,Imprudencia del conductor,75,LESIONADO,MUJER,OTRO,,,,,,,,
2020-01-11 14:25:18,-3.980516,-79.227465,Calle 18 de Noviembre,CON_FALLECIDOS,Incendio,Falla mecanica,72,FALLECIDO,MUJER,VEH_LIVIANO,40,LESIONADO,MUJER,PEATON,34,LESIONADO,MUJER,VEH_LIVIANO
2020-10-04 00:39:16,-4.010445,-79.222628,Calle Ramon Borrero,CON_FALLECIDOS,Colision Multiple,Equipo de seguridad deficiente,30,FALLECIDO,NO_REGISTRA,MOTOCICLETA,77,LESIONADO,MUJER,OTRO,12,LESIONADO,MUJER,OTRO
2020-04-30 08:56:19,-4.000885,-79.171141,Calle Azogues,SOLO_DANOS,Colision Multiple,Falla mecanica,,,,,,,,,,,,
2020-08-11 23:16:10,-3.987982,-79.176302,Calle Ramon Borrero,CON_FALLECIDOS,Accidente Laboral,Falla mecanica,55,FALLECIDO,NO_REGISTRA,CICLISTA,80,LESIONADO,MUJER,OTRO,,,,
2020-02-20 21:39:04,-4.005940,-79.188643,Ruta 35,CON_FALLECIDOS,Choque Vehicular,Via resbaladiza o mojada,73,FALLECIDO,NO_REGISTRA,OTRO,,,,,,,,
2020-06-16 07:06:12,-3.988875,-79.219200,Via Loja - Zamora,SOLO_DANOS,Caida,Mal estado de la via,,,,,,,,,,,,
2020-11-14 03:26:25,-4.034957,-79.187023,Calle Sucre,SOLO_DANOS,Accidente Laboral,Visibilidad reducida,,,,,,,,,,,,
2020-10-04 03:04:44,-4.025971,-79.218095,Calle Rocafuerte,CON_FALLECIDOS,Volcamiento,Fatiga del conductor,80,FALLECIDO,MUJER,CICLISTA,72,LESIONADO,MUJER,CICLISTA,35,LESIONADO,NO_REGISTRA,SCOOTER
2020-09-22 16:50:45,-4.004779,-79.204097,Calle Azogues,CON_FALLECIDOS,Atropellamiento,Distraccion (celular/radio),83,FALLECIDO,MUJER,PEATON,29,LESIONADO,NO_REGISTRA,PEATON,17,LESIONADO,NO_REGISTRA,CICLISTA
2020-09-18 18:07:53,-4.009771,-79.222332,Calle Bolivar,CON_LESIONADOS,Choque Vehicular,Imprudencia del conductor,39,LESIONADO,NO_REGISTRA,MOTOCICLETA,39,LESIONADO,HOMBRE,SCOOTER,,,,
2020-01-07 21:25:38,-4.021504,-79.191636,Av. Isidro Ayora,SOLO_DANOS,Incendio,Estado de embriaguez,,,,,,,,,,,,
2020-01-10 00:40:24,-3.986987,-79.199117,Av. 8 de Diciembre,CON_LESIONADOS,Incendio,Imprudencia del conductor,62,LESIONADO,HOMBRE,MOTOCICLETA,,,,,,,,
2020-11-07 23:28:02,-4.020739,-79.200583,Calle Mercadillo,SOLO_DANOS,Atropellamiento,Inobservancia de senales,,,,,,,,,,,,
2020-08-21 23:13:59,-4.030613,-79.214819,Calle Montufar,SOLO_DANOS,Atropellamiento,Exceso de velocidad,7,LESIONADO,MUJER,OTRO,,,,,,,,
2020-05-01 09:20:38,-3.989832,-79.190588,Via Loja - Zamora,SOLO_DANOS,Incendio,Fatiga del conductor,11,LESIONADO,HOMBRE,VEH_LIVIANO,,,,,,,,
2020-11-15 19:16:05,-3.979444,-79.189790,Via Loja - Catamayo,CON_LESIONADOS,Colision Multiple,Fatiga del conductor,40,LESIONADO,NO_REGISTRA,PEATON,,,,,,,,
2020-03-07 07:48:26,-3.994212,-79.190858,Calle Saraguro,CON_LESIONADOS,Incendio,Factores externos,21,LESIONADO,HOMBRE,SCOOTER,69,LESIONADO,HOMBRE,MOTOCICLETA,,,,
2020-09-22 21:37:47,-4.032701,-79.211401,Calle Azogues,CON_FALLECIDOS,Caida,Imprudencia del conductor,59,FALLECIDO,NO_REGISTRA,PEATON,32,FALLECIDO,NO_REGISTRA,MOTOCICLETA,,,,
2020-10-16 06:02:33,-4.003842,-79.214699,Calle Colon,CON_LESIONADOS,Volcamiento,Estado de embriaguez,65,LESIONADO,MUJER,PEATON,,,,,,,,
2020-01-08 04:13:22,-4.036416,-79.216769,Av. Gran Colombia,SOLO_DANOS,Accidente Laboral,Distraccion (celular/radio),,,,,,,,,,,,
2020-09-21 22:41:44,-4.019936,-79.208664,Av. Gran Colombia,SOLO_DANOS,Accidente Laboral,Equipo de seguridad deficiente,,,,,,,,,,,,
2020-06-04 18:12:14,-3.980138,-79.182059,Av. Pio Jaramillo,CON_LESIONADOS,Caida,Via resbaladiza o mojada,65,LESIONADO,NO_REGISTRA,CICLISTA,42,LESIONADO,MUJER,MOTOCICLETA,46,LESIONADO,NO_REGISTRA,PEATON
2020-07-21 08:15:33,-4.011390,-79.219908,Av. Gran Colombia,CON_LESIONADOS,Incendio,Equipo de seguridad deficiente,62,LESIONADO,NO_REGISTRA,VEH_LIVIANO,40,LESIONADO,NO_REGISTRA,CICLISTA,71,LESIONADO,NO_REGISTRA,MOTOCICLETA
2020-01-14 02:16:07,-3.980227,-79.229858,Ruta 35,CON_FALLECIDOS,Choque Vehicular,Imprudencia del conductor,62,FALLECIDO,MUJER,MOTOCICLETA,30,FALLECIDO,MUJER,CICLISTA,56,LESIONADO,HOMBRE,SCOOTER
2020-07-30 09:43:53,-3.999473,-79.207100,Av. Isidro Ayora,SOLO_DANOS,Volcamiento,Fatiga del conductor,,,,,,,,,,,,
2020-07-28 14:24:02,-3.994942,-79.197464,Calle Miguel Riofrio,CON_LESIONADOS,Choque Vehicular,Imprudencia del conductor,46,LESIONADO,HOMBRE,PEATON,42,LESIONADO,HOMBRE,OTRO,75,LESIONADO,HOMBRE,CICLISTA
2020-08-03 14:06:12,-4.034474,-79.197381,Calle Saraguro,CON_LESIONADOS,Volcamiento,Estado de embriaguez,18,LESIONADO,MUJER,VEH_LIVIANO,,,,,,,,
2020-03-30 09:51:22,-4.003742,-79.188250,Calle 10 de Agosto,CON_LESIONADOS,Incendio,Inobservancia de senales,37,LESIONADO,MUJER,MOTOCICLETA,,,,,,,,
2020-04-10 19:10:37,-3.990697,-79.211657,Av. Isidro Ayora,CON_FALLECIDOS,Atropellamiento,Estado de embriaguez,38,FALLECIDO,HOMBRE,OTRO,73,FALLECIDO,HOMBRE,OTRO,58,LESIONADO,MUJER,PEATON
2020-03-10 17:00:40,-3.995852,-79.182120,Calle Azogues,SOLO_DANOS,Incendio,Distraccion (celular/radio),,,,,,,,,,,,
2020-08-17 09:08:30,-3.978111,-79.214132,Ruta 35,CON_LESIONADOS,Accidente Laboral,Inobservancia de senales,55,LESIONADO,NO_REGISTRA,VEH_LIVIANO,73,LESIONADO,MUJER,MOTOCICLETA,,,,
2020-02-02 03:07:27,-3.985399,-79.193642,Calle Azogues,SOLO_DANOS,Choque Vehicular,Visibilidad reducida,,,,,,,,,,,,
2020-06-20 06:06:35,-4.002718,-79.180379,Av. Orillas del Zamora,CON_LESIONADOS,Incendio,Mal estado de la via,47,LESIONADO,NO_REGISTRA,CICLISTA,,,,,,,,
2020-10-08 07:33:56,-4.030835,-79.200184,Av. Universitaria,SOLO_DANOS,Volcamiento,Exceso de velocidad,,,,,,,,,,,,
2020-09-19 17:49:22,-3.983173,-79.179713,Ruta 35,SOLO_DANOS,Incendio,Mal estado de la via,35,LESIONADO,HOMBRE,PEATON,,,,,,,,
2020-03-17 00:44:31,-4.002632,-79.227837,Calle Miguel Riofrio,SOLO_DANOS,Atropellamiento,Estado de embriaguez,,,,,,,,,,,,
2020-11-30 14:14:57,-3.996503,-79.221962,Av. 8 de Diciembre,CON_FALLECIDOS,Caida,Estado de embriaguez,32,FALLECIDO,NO_REGISTRA,PEATON,50,FALLECIDO,HOMBRE,MOTOCICLETA,54,LESIONADO,NO_REGISTRA,OTRO
2020-05-02 17:39:09,-4.006671,-79.217034,Calle Bolivar,CON_FALLECIDOS,Atropellamiento,Equipo de seguridad deficiente,25,FALLECIDO,NO_REGISTRA,CICLISTA,29,FALLECIDO,HOMBRE,VEH_LIVIANO,57,LESIONADO,HOMBRE,VEH_LIVIANO
2020-08-10 22:12:25,-4.036474,-79.229735,Av. Gran Colombia,SOLO_DANOS,Choque Vehicular,Estado de embriaguez,,,,,,,,,,,,
2020-12-07 19:32:19,-3.987476,-79.225650,Via Loja - Zamora,SOLO_DANOS,Choque Vehicular,Exceso de velocidad,,,,,,,,,,,,
2020-04-24 10:29:45,-4.035856,-79.180739,Av. 8 de Diciembre,CON_FALLECIDOS,Choque Vehicular,Distraccion (celular/radio),32,FALLECIDO,MUJER,PEATON,9,LESIONADO,MUJER,MOTOCICLETA,,,,
2020-10-22 14:46:05,-4.022059,-79.215621,Av. Orillas del Zamora,CON_LESIONADOS,Volcamiento,Via resbaladiza o mojada,25,LESIONADO,NO_REGISTRA,OTRO,10,LESIONADO,HOMBRE,PEATON,,,,
2020-06-07 19:50:26,-4.024747,-79.197672,Av. Manuel Agustin Aguirre,CON_LESIONADOS,Incendio,Estado de embriaguez,52,LESIONADO,MUJER,OTRO,80,LESIONADO,HOMBRE,PEATON,,,,
2020-02-18 03:31:49,-4.015731,-79.228981,Av. Cuxibamba,SOLO_DANOS,Accidente Laboral,Imprudencia del conductor,,,,,,,,,,,,
2020-01-17 14:12:19,-3.988805,-79.188423,Calle Imbabura,CON_FALLECIDOS,Atropellamiento,Fatiga del conductor,19,FALLECIDO,MUJER,PEATON,31,LESIONADO,NO_REGISTRA,MOTOCICLETA,,,,
2020-06-04 06:36:04,-3.993106,-79.191471,Calle Ramon Borrero,SOLO_DANOS,Volcamiento,Mal estado de la via,74,LESIONADO,MUJER,OTRO,,,,,,,,
2020-08-08 13:41:56,-4.000043,-79.171236,Calle Rocafuerte,CON_LESIONADOS,Accidente Laboral,Inobservancia de senales,71,LESIONADO,HOMBRE,PEATON,,,,,,,,
2020-07-06 16:55:11,-4.012620,-79.193224,Av. Cuxibamba,CON_FALLECIDOS,Caida,Mal estado de la via,79,FALLECIDO,HOMBRE,SCOOTER,26,FALLECIDO,HOMBRE,CICLISTA,,,,
2020-03-11 20:02:59,-3.991331,-79.181315,Calle 18 de Noviembre,CON_LESIONADOS,Incendio,Visibilidad reducida,65,LESIONADO,MUJER,VEH_LIVIANO,70,LESIONADO,NO_REGISTRA,PEATON,12,LESIONADO,NO_REGISTRA,OTRO
2020-05-05 17:14:03,-3.984492,-79.199893,Calle 10 de Agosto,CON_LESIONADOS,Colision Multiple,Fatiga del conductor,58,LESIONADO,HOMBRE,OTRO,8,LESIONADO,HOMBRE,SCOOTER,,,,
2020-02-11 13:52:40,-4.011144,-79.186712,Calle Bolivar,SOLO_DANOS,Caida,Via resbaladiza o mojada,,,,,,,,,,,,
2020-04-19 22:23:46,-4.011617,-79.173756,Av. Gran Colombia,SOLO_DANOS,Colision Multiple,Visibilidad reducida,,,,,,,,,,,,
2020-10-10 01:32:31,-4.001630,-79.199492,Av. Cuxibamba,CON_LESIONADOS,Choque Vehicular,Distraccion (celular/radio),70,LESIONADO,NO_REGISTRA,OTRO,58,LESIONADO,MUJER,PEATON,,,,
2020-08-02 15:09:20,-4.004681,-79.195707,Calle Montufar,CON_FALLECIDOS,Caida,Estado de embriaguez,84,FALLECIDO,MUJER,PEATON,38,FALLECIDO,HOMBRE,CICLISTA,13,LESIONADO,NO_REGISTRA,CICLISTA
2020-07-08 05:13:48,-4.030947,-79.192637,Calle 10 de Agosto,CON_LESIONADOS,Choque Vehicular,Fatiga del conductor,67,LESIONADO,HOMBRE,OTRO,47,LESIONADO,HOMBRE,MOTOCICLETA,,,,
2020-06-29 19:38:50,-4.002963,-79.230496,Calle Sucre,SOLO_DANOS,Atropellamiento,Factores externos,,,,,,,,,,,,
2020-05-12 19:18:59,-3.983035,-79.223334,Calle Mercadillo,CON_LESIONADOS,Atropellamiento,Fatiga del conductor,15,LESIONADO,MUJER,PEATON,45,LESIONADO,MUJER,VEH_LIVIANO,11,LESIONADO,HOMBRE,SCOOTER
2020-05-19 16:33:30,-3.982523,-79.200482,Av. Isidro Ayora,CON_LESIONADOS,Accidente Laboral,Distraccion (celular/radio),22,LESIONADO,HOMBRE,PEATON,23,LESIONADO,MUJER,CICLISTA,26,LESIONADO,MUJER,CICLISTA
2020-10-01 10:05:22,-4.012591,-79.194820,Calle Rocafuerte,CON_FALLECIDOS,Caida,Visibilidad reducida,21,FALLECIDO,MUJER,PEATON,21,FALLECIDO,HOMBRE,SCOOTER,33,LESIONADO,HOMBRE,MOTOCICLETA
2020-08-15 04:14:53,-4.012262,-79.185771,Calle Saraguro,CON_FALLECIDOS,Caida,Imprudencia del conductor,22,FALLECIDO,MUJER,MOTOCICLETA,24,FALLECIDO,NO_REGISTRA,PEATON,79,LESIONADO,MUJER,OTRO
2020-01-04 03:41:10,-3.996440,-79.192884,Av. Isidro Ayora,CON_LESIONADOS,Accidente Laboral,Mal estado de la via,75,LESIONADO,HOMBRE,SCOOTER,53,LESIONADO,MUJER,OTRO,,,,
2020-09-12 23:05:53,-4.008092,-79.204317,Calle Bolivar,CON_LESIONADOS,Incendio,Inobservancia de senales,14,LESIONADO,NO_REGISTRA,MOTOCICLETA,,,,,,,,
2020-02-01 19:12:48,-4.020842,-79.185813,Av. Reinaldo Espinosa,CON_LESIONADOS,Caida,Via resbaladiza o mojada,31,LESIONADO,HOMBRE,VEH_LIVIANO,26,LESIONADO,MUJER,OTRO,,,,
2020-05-13 04:10:42,-4.031072,-79.198347,Calle Montufar,CON_FALLECIDOS,Choque Vehicular,Estado de embriaguez,47,FALLECIDO,NO_REGISTRA,OTRO,79,FALLECIDO,NO_REGISTRA,MOTOCICLETA,,,,
2020-09-02 05:08:11,-4.002857,-79.196044,Via Loja - Zamora,CON_LESIONADOS,Accidente Laboral,Estado de embriaguez,20,LESIONADO,HOMBRE,SCOOTER,43,LESIONADO,MUJER,VEH_LIVIANO,67,LESIONADO,NO_REGISTRA,CICLISTA
2020-09-11 07:51:36,-4.003878,-79.230426,Av. Isidro Ayora,SOLO_DANOS,Atropellamiento,Visibilidad reducida,,,,,,,,,,,,
2020-06-05 06:57:24,-4.008084,-79.176551,Av. Universitaria,SOLO_DANOS,Colision Multiple,Visibilidad reducida,,,,,,,,,,,,
2020-03-24 15:07:42,-3.997072,-79.228000,Av. Isidro Ayora,SOLO_DANOS,Accidente Laboral,Inobservancia de senales,,,,,,,,,,,,
2020-01-09 08:52:54,-4.035841,-79.179208,Ruta 35,CON_FALLECIDOS,Accidente Laboral,Exceso de velocidad,78,FALLECIDO,NO_REGISTRA,MOTOCICLETA,64,LESIONADO,MUJER,VEH_LIVIANO,25,LESIONADO,MUJER,MOTOCICLETA
2020-04-18 20:24:11,-3.993000,-79.212573,Av. Reinaldo Espinosa,CON_FALLECIDOS,Atropellamiento,Factores externos,71,FALLECIDO,HOMBRE,VEH_LIVIANO,,,,,,,,
2020-01-13 23:10:24,-3.977614,-79.185351,Calle Azogues,SOLO_DANOS,Accidente Laboral,Equipo de seguridad deficiente,,,,,,,,,,,,
2020-01-07 16:49:59,-4.023499,-79.200009,Calle Saraguro,SOLO_DANOS,Atropellamiento,Factores externos,,,,,,,,,,,,
2020-01-06 01:27:07,-4.010931,-79.179376,Calle Bolivar,SOLO_DANOS,Atropellamiento,Inobservancia de senales,,,,,,,,,,,,
2020-01-14 09:46:44,-3.997044,-79.201428,Av. 8 de Diciembre,SOLO_DANOS,Accidente Laboral,Mal estado de la via,,,,,,,,,,,,
2020-10-04 07:12:17,-3.996161,-79.211719,Av. Orillas del Zamora,CON_LESIONADOS,Caida,Equipo de seguridad deficiente,77,LESIONADO,NO_REGISTRA,PEATON,11,LESIONADO,MUJER,PEATON,,,,