fecha_hora,latitud,longitud,via,grado_severidad,tipo_siniestro,causa_probable,victima1_edad,victima1_condicion,victima1_sexo,victima1_actor_vial,victima2_edad,victima2_condicion,victima2_sexo,victima2_actor_vial,victima3_edad,victima3_condicion,victima3_sexo,victima3_actor_vial
2020-10-07 12:56:56,-4.029446,-79.187290,Via Loja - Catamayo,CON_LESIONADOS,Caida,Mal estado de la via,29,LESIONADO,NO_REGISTRA,PEATON,66,LESIONADO,NO_REGISTRA,PEATON,8,LESIONADO,NO_REGISTRA,MOTOCICLETA
2020-09-18 14:57:46,-4.008864,-79.228499,Calle Colon,CON_LESIONADOS,Choque Vehicular,Equipo de seguridad deficiente,23,LESIONADO,HOMBRE,CICLISTA,,,,,,,,
2020-08-31 23:32:42,-4.031993,-79.198076,Calle Quito,CON_LESIONADOS,Incendio,Estado de embriaguez,20,LESIONADO,HOMBRE,SCOOTER,11,LESIONADO,HOMBRE,SCOOTER,,,,
2020-03-08 16:24:09,-4.009126,-79.227274,Calle Rocafuerte,CON_FALLECIDOS,Choque Vehicular,Falla mecanica,53,FALLECIDO,HOMBRE,PEATON,36,FALLECIDO,NO_REGISTRA,OTRO,46,LESIONADO,HOMBRE,MOTOCICLETA
2020-10-15 14:47:21,-4.000768,-79.208678,Av. Orillas del Zamora,SOLO_DANOS,Accidente Laboral,Equipo de seguridad deficiente,,,,,,,,,,,,
2020-12-25 18:42:27,-4.008579,-79.179906,Via Loja - Catamayo,CON_LESIONADOS,Accidente Laboral,Exceso de velocidad,12,LESIONADO,MUJER,SCOOTER,28,LESIONADO,MUJER,CICLISTA,,,,
2020-08-06 06:55:20,-4.019652,-79.197392,Calle Azogues,CON_LESIONADOS,Incendio,Falla mecanica,51,LESIONADO,NO_REGISTRA,MOTOCICLETA,80,LESIONADO,HOMBRE,VEH_LIVIANO,,,,
2020-07-21 04:32:30,-3.977623,-79.225989,Calle Miguel Riofrio,CON_LESIONADOS,Volcamiento,Via resbaladiza o mojada,56,LESIONADO,HOMBRE,MOTOCICLETA,50,LESIONADO,MUJER,PEATON,,,,
2020-08-11 06:56:47,-4.020962,-79.188481,Calle Sucre,SOLO_DANOS,Colision Multiple,Factores externos,,,,,,,,,,,,
2020-08-22 19:31:54,-3.989886,-79.192704,Calle Imbabura,CON_LESIONADOS,Atropellamiento,Via resbaladiza o mojada,41,LESIONADO,HOMBRE,CICLISTA,31,LESIONADO,HOMBRE,OTRO,,,,
2020-02-24 20:14:09,-4.022458,-79.194566,Av. Cuxibamba,CON_FALLECIDOS,Colision Multiple,Visibilidad reducida,84,FALLECIDO,MUJER,SCOOTER,41,FALLECIDO,HOMBRE,VEH_LIVIANO,25,LESIONADO,HOMBRE,OTRO
2020-06-19 14:22:38,-4.024595,-79.214601,Calle Colon,SOLO_DANOS,Accidente Laboral,Equipo de seguridad deficiente,,,,,,,,,,,,
2020-04-02 05:37:03,-4.029890,-79.217061,Calle Bolivar,CON_LESIONADOS,Caida,Mal estado de la via,67,LESIONADO,HOMBRE,OTRO,64,LESIONADO,MUJER,MOTOCICLETA,,,,
2020-01-24 19:28:41,-3.977329,-79.218116,Av. Universitaria,CON_FALLECIDOS,Colision Multiple,Falla mecanica,45,FALLECIDO,HOMBRE,CICLISTA,18,LESIONADO,MUJER,OTRO,25,LESIONADO,NO_REGISTRA,MOTOCICLETA
2020-02-08 23:13:18,-4.013531,-79.221510,Calle Colon,SOLO_DANOS,Choque Vehicular,Factores externos,,,,,,,,,,,,
2020-04-25 20:02:14,-3.985853,-79.199427,Calle Imbabura,CON_FALLECIDOS,Choque Vehicular,Fatiga del conductor,77,FALLECIDO,MUJER,SCOOTER,51,LESIONADO,HOMBRE,VEH_LIVIANO,,,,
2020-05-08 00:41:35,-4.016913,-79.223165,Av. Pio Jaramillo,CON_LESIONADOS,Colision Multiple,Mal estado de la via,49,LESIONADO,NO_REGISTRA,PEATON,9,LESIONADO,NO_REGISTRA,SCOOTER,,,,
2020-01-30 00:44:02,-4.004308,-79.210245,Calle Rocafuerte,SOLO_DANOS,Incendio,Via resbaladiza o mojada,17,LESIONADO,HOMBRE,PEATON,,,,,,,,
2020-01-01 02:01:46,-3.995843,-79.176349,Av. Isidro Ayora,CON_LESIONADOS,Caida,Estado de embriaguez,55,LESIONADO,NO_REGISTRA,CICLISTA,,,,,,,,
2020-05-14 14:42:23,-4.003021,-79.209566,Calle 10 de Agosto,CON_FALLECIDOS,Colision Multiple,Equipo de seguridad deficiente,58,FALLECIDO,MUJER,SCOOTER,35,LESIONADO,NO_REGISTRA,SCOOTER,,,,
2020-09-06 13:03:37,-4.030867,-79.221470,Calle Ramon Borrero,CON_LESIONADOS,Caida,Equipo de seguridad deficiente,76,LESIONADO,MUJER,OTRO,53,LESIONADO,MUJER,PEATON,,,,
2020-11-14 18:49:32,-3.997352,-79.203335,Calle Imbabura,CON_LESIONADOS,Incendio,Via resbaladiza o mojada,28,LESIONADO,MUJER,VEH_LIVIANO,,,,,,,,
2020-05-06 16:02:29,-4.012440,-79.215959,Calle Mercadillo,SOLO_DANOS,Caida,Visibilidad reducida,,,,,,,,,,,,
2020-08-06 15:13:41,-3.978619,-79.176333,Av. Gran Colombia,CON_FALLECIDOS,Colision Multiple,Estado de embriaguez,38,FALLECIDO,NO_REGISTRA,CICLISTA,33,LESIONADO,NO_REGISTRA,CICLISTA,,,,
2020-01-20 07:28:12,-3.978485,-79.178278,Via Loja - Zamora,CON_FALLECIDOS,Choque Vehicular,Fatiga del conductor,18,FALLECIDO,NO_REGISTRA,VEH_LIVIANO,46,FALLECIDO,HOMBRE,MOTOCICLETA,,,,
2020-12-17 22:29:46,-3.984735,-79.224467,Calle Colon,CON_FALLECIDOS,Colision Multiple,Visibilidad reducida,18,FALLECIDO,MUJER,CICLISTA,,,,,,,,
2020-06-12 11:01:53,-4.020737,-79.195128,Av. Orillas del Zamora,SOLO_DANOS,Caida,Visibilidad reducida,,,,,,,,,,,,
2020-09-10 12:33:09,-3.985719,-79.197373,Av. Reinaldo Espinosa,SOLO_DANOS,Choque Vehicular,Fatiga del conductor,,,,,,,,,,,,
2020-02-12 16:29:08,-3.987853,-79.225381,Calle Bolivar,CON_LESIONADOS,Incendio,Via resbaladiza o mojada,56,LESIONADO,NO_REGISTRA,SCOOTER,,,,,,,,
2020-05-21 22:02:50,-3.995199,-79.222658,Calle Imbabura,SOLO_DANOS,Incendio,Inobservancia de senales,,,,,,,,,,,,
2020-12-11 09:34:46,-4.005864,-79.187395,Calle Mercadillo,SOLO_DANOS,Caida,Mal estado de la via,,,,,,,,,,,,
2020-03-09 08:52:02,-4.016217,-79.228123,Av. Gran Colombia,SOLO_DANOS,Caida,Fatiga del conductor,,,,,,,,,,,,
2020-07-29 04:11:35,-3.995808,-79.190392,Av. Rosa Hermosa,CON_LESIONADOS,Atropellamiento,Visibilidad reducida,26,LESIONADO,MUJER,MOTOCICLETA,,,,,,,,
2020-01-22 15:12:00,-3.990387,-79.180149,Calle Mercadillo,CON_FALLECIDOS,Accidente Laboral,Falla mecanica,26,FALLECIDO,NO_REGISTRA,SCOOTER,45,FALLECIDO,HOMBRE,SCOOTER,78,LESIONADO,MUJER,SCOOTER
2020-04-14 10:27:12,-3.989423,-79.180572,Ruta 35,SOLO_DANOS,Colision Multiple,Equipo de seguridad deficiente,,,,,,,,,,,,
2020-01-07 04:00:08,-4.013358,-79.195758,Calle 18 de Noviembre,SOLO_DANOS,Accidente Laboral,Visibilidad reducida,,,,,,,,,,,,
2020-01-29 19:17:55,-4.033377,-79.181751,Calle Saraguro,CON_FALLECIDOS,Caida,Fatiga del conductor,85,FALLECIDO,MUJER,VEH_LIVIANO,14,LESIONADO,MUJER,MOTOCICLETA,26,LESIONADO,MUJER,MOTOCICLETA
2020-02-17 10:37:14,-4.016773,-79.218415,Av. Isidro Ayora,SOLO_DANOS,Volcamiento,Exceso de velocidad,41,LESIONADO,NO_REGISTRA,PEATON,,,,,,,,
2020-10-08 03:05:29,-4.004298,-79.208575,Calle Montufar,SOLO_DANOS,Accidente Laboral,Estado de embriaguez,,,,,,,,,,,,
2020-02-29 06:57:02,-4.000952,-79.172339,Av. Pio Jaramillo,SOLO_DANOS,Volcamiento,Estado de embriaguez,,,,,,,,,,,,
2020-01-06 20:09:19,-4.023671,-79.184929,Av. Isidro Ayora,CON_LESIONADOS,Atropellamiento,Factores externos,34,LESIONADO,HOMBRE,OTRO,77,LESIONADO,MUJER,SCOOTER,54,LESIONADO,HOMBRE,VEH_LIVIANO
2020-11-24 11:28:10,-4.002906,-79.199745,Calle Quito,SOLO_DANOS,Atropellamiento,Equipo de seguridad deficiente,,,,,,,,,,,,
2020-05-16 23:59:59,-3.990176,-79.224890,Av. 8 de Diciembre,SOLO_DANOS,Caida,Falla mecanica,,,,,,,,,,,,
2020-10-03 18:19:01,-3.993313,-79.202014,Av. Universitaria,CON_FALLECIDOS,Volcamiento,Estado de embriaguez,51,FALLECIDO,HOMBRE,PEATON,48,LESIONADO,MUJER,VEH_LIVIANO,,,,
2020-01-22 16:48:22,-3.989741,-79.207913,Calle Imbabura,CON_LESIONADOS,Colision Multiple,Estado de embriaguez,57,LESIONADO,MUJER,PEATON,45,LESIONADO,NO_REGISTRA,CICLISTA,,,,
2020-05-24 09:37:00,-4.027813,-79.213081,Calle 18 de Noviembre,SOLO_DANOS,Atropellamiento,Falla mecanica,,,,,,,,,,,,
2020-03-21 03:23:46,-3.989629,-79.191074,Av. 8 de Diciembre,CON_LESIONADOS,Caida,Mal estado de la via,75,LESIONADO,HOMBRE,PEATON,50,LESIONADO,MUJER,OTRO,28,LESIONADO,MUJER,SCOOTER
2020-12-21 14:29:38,-3.977474,-79.192457,Av. Reinaldo Espinosa,CON_FALLECIDOS,Caida,Imprudencia del conductor,30,FALLECIDO,MUJER,MOTOCICLETA,12,LESIONADO,MUJER,OTRO,,,,
2020-03-21 07:13:38,-4.016196,-79.224438,Calle Montufar,CON_FALLECIDOS,Incendio,Equipo de seguridad deficiente,77,FALLECIDO,HOMBRE,SCOOTER,85,FALLECIDO,MUJER,CICLISTA,,,,
2020-08-29 14:42:47,-3.989497,-79.196386,Av. Pio Jaramillo,SOLO_DANOS,Caida,Equipo de seguridad deficiente,,,,,,,,,,,,
2020-10-24 09:35:36,-4.020959,-79.225536,Calle Imbabura,SOLO_DANOS,Choque Vehicular,Factores externos,,,,,,,,,,,,
2020-04-12 01:14:04,-3.996336,-79.206200,Calle Imbabura,SOLO_DANOS,Accidente Laboral,Falla mecanica,9,LESIONADO,MUJER,PEATON,,,,,,,,
2020-09-04 21:13:54,-3.992773,-79.218670,Calle 10 de Agosto,CON_LESIONADOS,Colision Multiple,Distraccion (celular/radio),31,LESIONADO,HOMBRE,VEH_LIVIANO,47,LESIONADO,HOMBRE,VEH_LIVIANO,,,,
2020-09-01 09:46:33,-3.997787,-79.203522,Calle 18 de Noviembre,CON_FALLECIDOS,Choque Vehicular,Via resbaladiza o mojada,20,FALLECIDO,HOMBRE,OTRO,56,FALLECIDO,NO_REGISTRA,VEH_LIVIANO,5,LESIONADO,NO_REGISTRA,MOTOCICLETA
2020-10-25 13:44:04,-4.002138,-79.209548,Via Loja - Catamayo,SOLO_DANOS,Volcamiento,Exceso de velocidad,29,LESIONADO,MUJER,SCOOTER,,,,,,,,
2020-07-18 01:09:28,-4.028886,-79.197409,Av. Rosa Hermosa,SOLO_DANOS,Choque Vehicular,Falla mecanica,9,LESIONADO,NO_REGISTRA,SCOOTER,,,,,,,,
2020-06-20 13:22:44,-3.981699,-79.216554,Av. Pio Jaramillo,CON_FALLECIDOS,Choque Vehicular,Visibilidad reducida,71,FALLECIDO,HOMBRE,MOTOCICLETA,11,LESIONADO,HOMBRE,SCOOTER,,,,
2020-10-04 15:23:56,-4.032966,-79.182577,Calle Mercadillo,SOLO_DANOS,Choque Vehicular,Exceso de velocidad,,,,,,,,,,,,
2020-05-10 01:21:12,-4.026528,-79.183591,Av. Isidro Ayora,SOLO_DANOS,Caida,Equipo de seguridad deficiente,,,,,,,,,,,,
2020-08-28 17:06:39,-4.014142,-79.175685,Calle Miguel Riofrio,CON_LESIONADOS,Incendio,Via resbaladiza o mojada,62,LESIONADO,MUJER,SCOOTER,40,LESIONADO,HOMBRE,VEH_LIVIANO,,,,
2020-09-25 03:04:37,-4.006624,-79.199230,Calle Quito,CON_LESIONADOS,Colision Multiple,Estado de embriaguez,80,LESIONADO,NO_REGISTRA,MOTOCICLETA,,,,,,,,
2020-12-10 19:20:04,-4.035451,-79.177956,Av. Gran Colombia,CON_LESIONADOS,Volcamiento,Via resbaladiza o mojada,46,LESIONADO,NO_REGISTRA,MOTOCICLETA,33,LESIONADO,NO_REGISTRA,PEATON,,,,
2020-07-16 14:56:42,-4.028449,-79.192148,Calle Miguel Riofrio,CON_LESIONADOS,Colision Multiple,Falla mecanica,50,LESIONADO,NO_REGISTRA,SCOOTER,68,LESIONADO,HOMBRE,SCOOTER,71,LESIONADO,MUJER,CICLISTA
2020-05-30 04:24:38,-3.987183,-79.215506,Calle Bolivar,SOLO_DANOS,Caida,Inobservancia de senales,,,,,,,,,,,,
2020-07-07 20:19:45,-4.014003,-79.201243,Via Loja - Catamayo,CON_LESIONADOS,Caida,Estado de embriaguez,43,LESIONADO,NO_REGISTRA,OTRO,48,LESIONADO,MUJER,OTRO,,,,
2020-11-21 12:40:15,-3.998230,-79.210222,Calle Montufar,CON_LESIONADOS,Colision Multiple,Via resbaladiza o mojada,19,LESIONADO,NO_REGISTRA,MOTOCICLETA,36,LESIONADO,MUJER,CICLISTA,,,,
2020-02-23 03:27:16,-3.998729,-79.230618,Calle Mercadillo,CON_LESIONADOS,Colision Multiple,Equipo de seguridad deficiente,16,LESIONADO,NO_REGISTRA,CICLISTA,52,LESIONADO,NO_REGISTRA,VEH_LIVIANO,,,,
2020-04-01 12:03:39,-4.009195,-79.174408,Calle 10 de Agosto,CON_FALLECIDOS,Choque Vehicular,Factores externos,85,FALLECIDO,MUJER,MOTOCICLETA,62,LESIONADO,NO_REGISTRA,MOTOCICLETA,,,,
2020-03-01 16:31:57,-4.033522,-79.221338,Calle 18 de Noviembre,CON_LESIONADOS,Atropellamiento,Inobservancia de senales,15,LESIONADO,MUJER,SCOOTER,,,,,,,,
2020-02-03 13:16:29,-4.012183,-79.209394,Av. Manuel Agustin Aguirre,CON_FALLECIDOS,Caida,Factores externos,71,FALLECIDO,HOMBRE,SCOOTER,18,FALLECIDO,MUJER,OTRO,,,,
2020-12-21 09:17:59,-3.985643,-79.177698,Av. Orillas del Zamora,CON_LESIONADOS,Incendio,Fatiga del conductor,64,LESIONADO,HOMBRE,PEATON,,,,,,,,
2020-07-07 05:31:44,-3.997042,-79.195926,Calle 10 de Agosto,CON_FALLECIDOS,Atropellamiento,Falla mecanica,70,FALLECIDO,MUJER,OTRO,28,LESIONADO,NO_REGISTRA,SCOOTER,,,,
2020-04-11 16:13:03,-3.989298,-79.197164,Via Loja - Zamora,CON_FALLECIDOS,Incendio,Falla mecanica,84,FALLECIDO,NO_REGISTRA,PEATON,57,LESIONADO,NO_REGISTRA,CICLISTA,41,LESIONADO,MUJER,CICLISTA
2020-07-29 19:32:14,-4.015336,-79.193800,Calle Azogues,SOLO_DANOS,Atropellamiento,Estado de embriaguez,,,,,,,,,,,,
2020-04-20 04:13:14,-3.987878,-79.190876,Calle Saraguro,SOLO_DANOS,Volcamiento,Distraccion (celular/radio),,,,,,,,,,,,
2020-05-17 15:30:13,-4.003986,-79.203892,Calle Ramon Borrero,SOLO_DANOS,Volcamiento,Imprudencia del conductor,,,,,,,,,,,,
2020-05-28 23:06:24,-4.021829,-79.202574,Av. Pio Jaramillo,SOLO_DANOS,Incendio,Mal estado de la via,,,,,,,,,,,,
2020-11-12 19:50:37,-3.982532,-79.223104,Av. Orillas del Zamora,CON_FALLECIDOS,Colision Multiple,Mal estado de la via,20,FALLECIDO,NO_REGISTRA,VEH_LIVIANO,13,LESIONADO,NO_REGISTRA,OTRO,,,,
2020-02-13 00:49:51,-4.015138,-79.221827,Calle Montufar,SOLO_DANOS,Accidente Laboral,Imprudencia del conductor,,,,,,,,,,,,
2020-04-03 13:50:31,-4.036065,-79.175386,Av. 8 de Diciembre,SOLO_DANOS,Incendio,Visibilidad reducida,,,,,,,,,,,,
2020-02-13 11:08:25,-3.981537,-79.206948,Calle Saraguro,SOLO_DANOS,Colision Multiple,Distraccion (celular/radio),,,,,,,,,,,,
2020-06-17 02:21:59,-4.005399,-79.194639,Calle Rocafuerte,CON_FALLECIDOS,Volcamiento,Estado de embriaguez,56,FALLECIDO,NO_REGISTRA,CICLISTA,42,FALLECIDO,MUJER,CICLISTA,,,,
2020-10-19 11:27:31,-3.997287,-79.184806,Calle Saraguro,CON_LESIONADOS,Incendio,Via resbaladiza o mojada,18,LESIONADO,MUJER,VEH_LIVIANO,51,LESIONADO,HOMBRE,OTRO,46,LESIONADO,HOMBRE,MOTOCICLETA
2020-04-29 12:53:12,-4.005054,-79.197724,Av. Pio Jaramillo,CON_LESIONADOS,Atropellamiento,Inobservancia de senales,7,LESIONADO,MUJER,PEATON,58,LESIONADO,HOMBRE,SCOOTER,,,,
2020-11-14 07:17:59,-4.035465,-79.222971,Calle Mercadillo,CON_FALLECIDOS,Choque Vehicular,Distraccion (celular/radio),19,FALLECIDO,NO_REGISTRA,PEATON,19,FALLECIDO,NO_REGISTRA,CICLISTA,75,LESIONADO,HOMBRE,OTRO
2020-11-25 14:59:03,-3.978611,-79.227493,Av. Orillas del Zamora,SOLO_DANOS,Incendio,Mal estado de la via,,,,,,,,,,,,
2020-03-13 07:06:20,-4.035000,-79.228831,Calle Sucre,SOLO_DANOS,Atropellamiento,Imprudencia del conductor,,,,,,,,,,,,
2020-01-17 07:48:05,-4.027196,-79.223059,Calle Azogues,SOLO_DANOS,Incendio,Fatiga del conductor,,,,,,,,,,,,
2020-05-10 23:29:57,-3.986497,-79.222153,Calle Bolivar,CON_FALLECIDOS,Choque Vehicular,Imprudencia del conductor,64,FALLECIDO,HOMBRE,SCOOTER,45,FALLECIDO,MUJER,VEH_LIVIANO,,,,
2020-11-04 18:36:49,-4.003450,-79.201523,Av. Pio Jaramillo,SOLO_DANOS,Colision Multiple,Estado de embriaguez,,,,,,,,,,,,
2020-04-24 10:38:13,-3.987133,-79.229957,Calle Miguel Riofrio,CON_FALLECIDOS,Colision Multiple,Distraccion (celular/radio),34,FALLECIDO,HOMBRE,CICLISTA,49,FALLECIDO,MUJER,CICLISTA,,,,
2020-04-24 02:55:34,-3.977816,-79.185750,Calle Ramon Borrero,SOLO_DANOS,Atropellamiento,Factores externos,,,,,,,,,,,,
2020-02-10 04:35:51,-3.996921,-79.202684,Av. Reinaldo Espinosa,CON_LESIONADOS,Caida,Estado de embriaguez,59,LESIONADO,HOMBRE,PEATON,53,LESIONADO,NO_REGISTRA,PEATON,73,LESIONADO,MUJER,VEH_LIVIANO
2020-05-30 07:43:56,-4.009811,-79.208082,Av. Orillas del Zamora,CON_FALLECIDOS,Volcamiento,Imprudencia del conductor,26,FALLECIDO,HOMBRE,CICLISTA,55,LESIONADO,HOMBRE,PEATON,49,LESIONADO,MUJER,VEH_LIVIANO
2020-07-01 13:54:57,-4.016980,-79.221040,Calle Quito,CON_LESIONADOS,Colision Multiple,Via resbaladiza o mojada,36,LESIONADO,MUJER,OTRO,11,LESIONADO,MUJER,MOTOCICLETA,61,LESIONADO,HOMBRE,VEH_LIVIANO
2020-10-31 20:45:08,-4.012812,-79.171892,Av. 8 de Diciembre,SOLO_DANOS,Volcamiento,Imprudencia del conductor,,,,,,,,,,,,
2020-08-18 11:06:42,-4.001192,-79.190229,Calle Azogues,CON_LESIONADOS,Choque Vehicular,Factores externos,72,LESIONADO,NO_REGISTRA,SCOOTER,19,LESIONADO,NO_REGISTRA,SCOOTER,,,,
2020-03-03 12:56:01,-4.025237,-79.222523,Via Loja - Catamayo,CON_FALLECIDOS,Colision Multiple,Visibilidad reducida,41,FALLECIDO,HOMBRE,OTRO,35,FALLECIDO,NO_REGISTRA,MOTOCICLETA,71,LESIONADO,NO_REGISTRA,OTRO
2020-06-19 06:48:04,-3.985616,-79.174889,Av. Universitaria,CON_FALLECIDOS,Atropellamiento,Falla mecanica,76,FALLECIDO,MUJER,SCOOTER,71,LESIONADO,MUJER,PEATON,47,LESIONADO,HOMBRE,CICLISTA
2020-07-17 00:34:54,-4.019766,-79.224771,Calle Quito,SOLO_DANOS,Volcamiento,Estado de embriaguez,,,,,,,,,,,,
2020-07-04 07:02:58,-4.018036,-79.187790,Calle Colon,SOLO_DANOS,Atropellamiento,Visibilidad reducida,,,,,,,,,,,,
2020-06-30 13:44:06,-3.983246,-79.228315,Calle Colon,CON_FALLECIDOS,Caida,Fatiga del conductor,24,FALLECIDO,MUJER,OTRO,61,FALLECIDO,HOMBRE,MOTOCICLETA,65,LESIONADO,HOMBRE,MOTOCICLETA
2020-04-30 23:01:36,-3.977828,-79.228544,Av. 8 de Diciembre,SOLO_DANOS,Atropellamiento,Visibilidad reducida,,,,,,,,,,,,
2020-06-17 16:09:55,-4.009165,-79.204853,Calle Azogues,CON_LESIONADOS,Incendio,Falla mecanica,15,LESIONADO,NO_REGISTRA,MOTOCICLETA,62,LESIONADO,HOMBRE,PEATON,20,LESIONADO,NO_REGISTRA,MOTOCICLETA
2020-02-29 17:19:31,-4.036384,-79.214009,Calle Saraguro,SOLO_DANOS,Atropellamiento,Exceso de velocidad,,,,,,,,,,,,
2020-07-13 11:39:12,-4.028720,-79.226792,Av. Isidro Ayora,SOLO_DANOS,Colision Multiple,Via resbaladiza o mojada,,,,,,,,,,,,
2020-10-11 07:55:54,-4.017069,-79.208000,Calle Colon,CON_FALLECIDOS,Colision Multiple,Via resbaladiza o mojada,41,FALLECIDO,NO_REGISTRA,VEH_LIVIANO,81,FALLECIDO,NO_REGISTRA,OTRO,56,LESIONADO,MUJER,VEH_LIVIANO
2020-08-30 17:41:54,-4.003733,-79.179198,Via Loja - Catamayo,SOLO_DANOS,Choque Vehicular,Estado de embriaguez,33,LESIONADO,HOMBRE,CICLISTA,,,,,,,,
2020-04-19 01:39:51,-3.992360,-79.212987,Av. Rosa Hermosa,CON_LESIONADOS,Colision Multiple,Exceso de velocidad,21,LESIONADO,MUJER,MOTOCICLETA,62,LESIONADO,MUJER,SCOOTER,47,LESIONADO,HOMBRE,SCOOTER
2020-06-22 04:03:11,-4.021239,-79.186563,Calle Colon,CON_LESIONADOS,Choque Vehicular,Falla mecanica,60,LESIONADO,NO_REGISTRA,VEH_LIVIANO,66,LESIONADO,MUJER,MOTOCICLETA,,,,
2020-05-16 04:03:31,-4.001814,-79.227965,Ruta 35,CON_FALLECIDOS,Volcamiento,Estado de embriaguez,31,FALLECIDO,HOMBRE,PEATON,48,LESIONADO,MUJER,VEH_LIVIANO,,,,
2020-02-07 14:10:07,-4.033062,-79.184344,Av. Orillas del Zamora,CON_FALLECIDOS,Atropellamiento,Distraccion (celular/radio),78,FALLECIDO,MUJER,SCOOTER,70,LESIONADO,NO_REGISTRA,OTRO,,,,
2020-09-22 22:44:04,-4.033855,-79.171843,Av. Universitaria,SOLO_DANOS,Choque Vehicular,Imprudencia del conductor,14,LESIONADO,MUJER,CICLISTA,,,,,,,,
2020-04-14 02:20:00,-4.006983,-79.172523,Av. Metropolitana,SOLO_DANOS,Caida,Inobservancia de senales,,,,,,,,,,,,
2020-04-02 14:30:15,-4.028016,-79.181793,Av. Reinaldo Espinosa,CON_LESIONADOS,Colision Multiple,Imprudencia del conductor,43,LESIONADO,NO_REGISTRA,MOTOCICLETA,70,LESIONADO,MUJER,CICLISTA,43,LESIONADO,HOMBRE,CICLISTA
2020-07-04 06:03:45,-3.994632,-79.205665,Av. Cuxibamba,SOLO_DANOS,Accidente Laboral,Imprudencia del conductor,,,,,,,,,,,,
2020-09-23 02:20:42,-4.014044,-79.182052,Calle 18 de Noviembre,CON_FALLECIDOS,Atropellamiento,Mal estado de la via,37,FALLECIDO,MUJER,VEH_LIVIANO,51,LESIONADO,NO_REGISTRA,MOTOCICLETA,64,LESIONADO,NO_REGISTRA,SCOOTER
2020-05-01 08:35:58,-4.033456,-79.174293,Calle Azogues,SOLO_DANOS,Caida,Equipo de seguridad deficiente,,,,,,,,,,,,
2020-07-31 22:08:48,-3.979764,-79.222959,Av. Metropolitana,CON_FALLECIDOS,Accidente Laboral,Distraccion (celular/radio),22,FALLECIDO,MUJER,CICLISTA,74,LESIONADO,HOMBRE,VEH_LIVIANO,69,LESIONADO,NO_REGISTRA,OTRO
2020-11-17 13:56:05,-4.025196,-79.181054,Calle Mercadillo,SOLO_DANOS,Volcamiento,Visibilidad reducida,,,,,,,,,,,,
2020-09-13 22:48:59,-3.980326,-79.209128,Calle Quito,CON_LESIONADOS,Accidente Laboral,Factores externos,5,LESIONADO,HOMBRE,PEATON,48,LESIONADO,MUJER,SCOOTER,60,LESIONADO,HOMBRE,CICLISTA
2020-09-28 14:53:57,-4.017012,-79.215832,Calle Colon,CON_FALLECIDOS,Caida,Falla mecanica,57,FALLECIDO,MUJER,SCOOTER,40,FALLECIDO,HOMBRE,SCOOTER,53,LESIONADO,HOMBRE,CICLISTA
2020-06-22 13:19:43,-4.009521,-79.230123,Calle Colon,CON_FALLECIDOS,Volcamiento,Imprudencia del conductor,59,FALLECIDO,HOMBRE,PEATON,70,LESIONADO,HOMBRE,PEATON,,,,
2020-10-04 15:01:38,-4.009057,-79.205365,Av. 8 de Diciembre,CON_FALLECIDOS,Choque Vehicular,Exceso de velocidad,68,FALLECIDO,MUJER,PEATON,36,LESIONADO,MUJER,PEATON,20,LESIONADO,MUJER,VEH_LIVIANO
2020-08-03 22:55:26,-3.991751,-79.212775,Ruta 35,CON_LESIONADOS,Volcamiento,Mal estado de la via,5,LESIONADO,MUJER,VEH_LIVIANO,50,LESIONADO,MUJER,OTRO,,,,
2020-05-30 05:14:01,-4.019924,-79.175936,Calle Azogues,SOLO_DANOS,Choque Vehicular,Estado de embriaguez,,,,,,,,,,,,
2020-06-04 02:42:23,-4.026515,-79.177637,Av. Metropolitana,CON_FALLECIDOS,Choque Vehicular,Visibilidad reducida,73,FALLECIDO,NO_REGISTRA,MOTOCICLETA,,,,,,,,
2020-06-03 03:19:00,-4.036827,-79.184385,Av. Metropolitana,CON_FALLECIDOS,Volcamiento,Mal estado de la via,26,FALLECIDO,HOMBRE,PEATON,78,FALLECIDO,HOMBRE,SCOOTER,35,LESIONADO,NO_REGISTRA,CICLISTA
2020-09-15 04:24:21,-4.035785,-79.229972,Av. Orillas del Zamora,CON_LESIONADOS,Accidente Laboral,Mal estado de la via,60,LESIONADO,MUJER,SCOOTER,,,,,,,,
2020-08-15 15:51:51,-4.019554,-79.175086,Via Loja - Zamora,CON_LESIONADOS,Atropellamiento,Fatiga del conductor,5,LESIONADO,MUJER,PEATON,,,,,,,,
2020-11-04 13:12:17,-4.028716,-79.201264,Calle Bolivar,CON_FALLECIDOS,Accidente Laboral,Mal estado de la via,28,FALLECIDO,NO_REGISTRA,CICLISTA,39,LESIONADO,HOMBRE,VEH_LIVIANO,,,,
2020-01-23 14:04:24,-3.983371,-79.200500,Av. Reinaldo Espinosa,CON_LESIONADOS,Colision Multiple,Equipo de seguridad deficiente,49,LESIONADO,NO_REGISTRA,CICLISTA,55,LESIONADO,HOMBRE,OTRO,9,LESIONADO,NO_REGISTRA,OTRO
2020-07-03 18:27:24,-4.028430,-79.174653,Av. Metropolitana,SOLO_DANOS,Caida,Distraccion (celular/radio),,,,,,,,,,,,