fecha_hora,latitud,longitud,via,grado_severidad,tipo_siniestro,causa_probable,victima1_edad,victima1_condicion,victima1_sexo,victima1_actor_vial,victima2_edad,victima2_condicion,victima2_sexo,victima2_actor_vial,victima3_edad,victima3_condicion,victima3_sexo,victima3_actor_vial
2020-01-20 11:20:19,-4.007226,-79.229309,Av. Isidro Ayora,CON_LESIONADOS,Incendio,Inobservancia de senales,71,LESIONADO,HOMBRE,PEATON,,,,,,,,
2020-04-18 10:31:13,-4.005770,-79.186379,Calle Azogues,SOLO_DANOS,Colision Multiple,Falla mecanica,,,,,,,,,,,,
2020-02-23 04:14:27,-4.004468,-79.179339,Calle Ramon Borrero,CON_LESIONADOS,Incendio,Via resbaladiza o mojada,68,LESIONADO,NO_REGISTRA,VEH_LIVIANO,17,LESIONADO,HOMBRE,CICLISTA,,,,
2020-12-21 16:21:17,-3.991322,-79.181419,Calle Montufar,CON_LESIONADOS,Choque Vehicular,Via resbaladiza o mojada,43,LESIONADO,NO_REGISTRA,CICLISTA,32,LESIONADO,NO_REGISTRA,CICLISTA,66,LESIONADO,NO_REGISTRA,CICLISTA
2020-05-22 16:19:20,-3.999120,-79.195781,Av. Universitaria,SOLO_DANOS,Incendio,Mal estado de la via,,,,,,,,,,,,
2020-05-06 14:45:41,-4.013738,-79.180464,Ruta 35,CON_FALLECIDOS,Choque Vehicular,Factores externos,34,FALLECIDO,MUJER,PEATON,,,,,,,,
2020-09-15 07:02:58,-3.988023,-79.210024,Calle Imbabura,CON_FALLECIDOS,Atropellamiento,Falla mecanica,84,FALLECIDO,MUJER,OTRO,30,FALLECIDO,HOMBRE,CICLISTA,,,,
2020-11-22 10:48:24,-4.017611,-79.181096,Via Loja - Catamayo,SOLO_DANOS,Atropellamiento,Distraccion (celular/radio),,,,,,,,,,,,
2020-01-16 07:32:26,-4.034337,-79.210285,Av. Universitaria,CON_FALLECIDOS,Atropellamiento,Estado de embriaguez,40,FALLECIDO,HOMBRE,MOTOCICLETA,65,LESIONADO,MUJER,OTRO,,,,
2020-10-07 10:04:46,-3.977851,-79.226440,Via Loja - Catamayo,SOLO_DANOS,Incendio,Factores externos,,,,,,,,,,,,
2020-02-14 07:59:37,-4.031906,-79.174075,Calle Ramon Borrero,CON_FALLECIDOS,Caida,Equipo de seguridad deficiente,53,FALLECIDO,HOMBRE,CICLISTA,77,LESIONADO,MUJER,VEH_LIVIANO,,,,
2020-01-17 15:59:45,-3.999926,-79.176130,Calle Sucre,CON_LESIONADOS,Caida,Estado de embriaguez,49,LESIONADO,NO_REGISTRA,VEH_LIVIANO,15,LESIONADO,MUJER,PEATON,57,LESIONADO,MUJER,PEATON
2020-11-10 02:11:38,-3.990956,-79.202723,Calle Miguel Riofrio,CON_FALLECIDOS,Accidente Laboral,Equipo de seguridad deficiente,56,FALLECIDO,HOMBRE,VEH_LIVIANO,,,,,,,,
2020-05-07 09:26:06,-3.989827,-79.194573,Av. Isidro Ayora,CON_FALLECIDOS,Caida,Distraccion (celular/radio),26,FALLECIDO,HOMBRE,CICLISTA,,,,,,,,
2020-03-12 15:08:28,-3.996566,-79.227924,Av. Rosa Hermosa,CON_LESIONADOS,Volcamiento,Falla mecanica,31,LESIONADO,MUJER,PEATON,,,,,,,,
2020-04-09 17:44:51,-4.016552,-79.210080,Av. Pio Jaramillo,CON_FALLECIDOS,Accidente Laboral,Factores externos,76,FALLECIDO,NO_REGISTRA,OTRO,,,,,,,,
2020-09-27 19:03:58,-4.032763,-79.176543,Calle Saraguro,CON_FALLECIDOS,Colision Multiple,Mal estado de la via,49,FALLECIDO,MUJER,CICLISTA,37,FALLECIDO,HOMBRE,VEH_LIVIANO,,,,
2020-01-15 23:15:36,-4.016522,-79.195435,Av. Pio Jaramillo,CON_FALLECIDOS,Choque Vehicular,Factores externos,72,FALLECIDO,NO_REGISTRA,OTRO,40,FALLECIDO,HOMBRE,SCOOTER,36,LESIONADO,HOMBRE,OTRO
2020-05-27 02:48:28,-4.017066,-79.206663,Calle Sucre,CON_LESIONADOS,Atropellamiento,Mal estado de la via,41,LESIONADO,MUJER,SCOOTER,10,LESIONADO,HOMBRE,SCOOTER,,,,
2020-02-15 17:34:53,-4.016679,-79.178748,Calle Imbabura,CON_FALLECIDOS,Choque Vehicular,Via resbaladiza o mojada,81,FALLECIDO,NO_REGISTRA,PEATON,71,FALLECIDO,HOMBRE,MOTOCICLETA,52,LESIONADO,NO_REGISTRA,VEH_LIVIANO
2020-04-22 02:54:50,-4.024126,-79.183090,Calle Imbabura,CON_LESIONADOS,Colision Multiple,Falla mecanica,54,LESIONADO,HOMBRE,VEH_LIVIANO,11,LESIONADO,NO_REGISTRA,PEATON,46,LESIONADO,HOMBRE,PEATON
2020-10-25 09:51:01,-4.000937,-79.177043,Calle Miguel Riofrio,CON_FALLECIDOS,Colision Multiple,Distraccion (celular/radio),47,FALLECIDO,HOMBRE,VEH_LIVIANO,55,FALLECIDO,NO_REGISTRA,MOTOCICLETA,29,LESIONADO,MUJER,CICLISTA
2020-09-16 02:46:50,-4.004789,-79.205846,Ruta 35,CON_FALLECIDOS,Accidente Laboral,Estado de embriaguez,24,FALLECIDO,MUJER,PEATON,47,FALLECIDO,HOMBRE,PEATON,28,LESIONADO,NO_REGISTRA,PEATON
2020-08-20 14:52:46,-3.995758,-79.189421,Av. Rosa Hermosa,CON_LESIONADOS,Choque Vehicular,Exceso de velocidad,63,LESIONADO,HOMBRE,OTRO,73,LESIONADO,NO_REGISTRA,PEATON,,,,
2020-09-15 11:51:40,-3.994511,-79.223377,Via Loja - Zamora,CON_LESIONADOS,Volcamiento,Exceso de velocidad,52,LESIONADO,HOMBRE,OTRO,,,,,,,,
2020-04-28 17:58:51,-4.012644,-79.193702,Calle Sucre,CON_LESIONADOS,Incendio,Fatiga del conductor,9,LESIONADO,NO_REGISTRA,PEATON,,,,,,,,
2020-02-09 13:36:47,-4.004811,-79.230657,Av. Universitaria,CON_LESIONADOS,Colision Multiple,Exceso de velocidad,62,LESIONADO,MUJER,PEATON,,,,,,,,
2020-03-29 02:09:15,-4.031631,-79.197989,Av. Cuxibamba,SOLO_DANOS,Caida,Mal estado de la via,,,,,,,,,,,,
2020-03-15 09:20:28,-3.989116,-79.226092,Calle Montufar,CON_FALLECIDOS,Volcamiento,Imprudencia del conductor,59,FALLECIDO,MUJER,CICLISTA,34,LESIONADO,MUJER,PEATON,30,LESIONADO,HOMBRE,MOTOCICLETA
2020-09-03 10:58:21,-3.981883,-79.222225,Av. Rosa Hermosa,SOLO_DANOS,Volcamiento,Via resbaladiza o mojada,,,,,,,,,,,,
2020-10-24 02:41:08,-4.015398,-79.216368,Av. Gran Colombia,CON_LESIONADOS,Caida,Equipo de seguridad deficiente,40,LESIONADO,MUJER,OTRO,,,,,,,,
2020-01-29 06:03:52,-4.020548,-79.230832,Calle Quito,SOLO_DANOS,Incendio,Fatiga del conductor,,,,,,,,,,,,
2020-11-16 14:55:05,-3.995465,-79.184610,Calle Miguel Riofrio,SOLO_DANOS,Colision Multiple,Factores externos,55,LESIONADO,MUJER,OTRO,,,,,,,,
2020-08-18 18:52:24,-3.982583,-79.187929,Calle Azogues,CON_FALLECIDOS,Atropellamiento,Imprudencia del conductor,55,FALLECIDO,NO_REGISTRA,OTRO,15,LESIONADO,MUJER,SCOOTER,,,,
2020-06-01 21:12:04,-4.015178,-79.189814,Av. 8 de Diciembre,CON_LESIONADOS,Accidente Laboral,Imprudencia del conductor,80,LESIONADO,HOMBRE,PEATON,,,,,,,,
2020-03-26 11:26:58,-4.007154,-79.185401,Calle 18 de Noviembre,CON_FALLECIDOS,Incendio,Mal estado de la via,49,FALLECIDO,NO_REGISTRA,MOTOCICLETA,27,FALLECIDO,HOMBRE,MOTOCICLETA,16,LESIONADO,NO_REGISTRA,PEATON
2020-05-05 03:06:34,-4.005459,-79.223693,Calle Montufar,CON_LESIONADOS,Colision Multiple,Factores externos,8,LESIONADO,HOMBRE,VEH_LIVIANO,,,,,,,,
2020-03-30 00:49:17,-3.997034,-79.222158,Calle Mercadillo,CON_LESIONADOS,Caida,Equipo de seguridad deficiente,41,LESIONADO,HOMBRE,SCOOTER,9,LESIONADO,MUJER,PEATON,,,,
2020-05-08 04:58:29,-3.996856,-79.191118,Av. Manuel Agustin Aguirre,SOLO_DANOS,Accidente Laboral,Inobservancia de senales,,,,,,,,,,,,
2020-11-07 13:23:46,-4.013705,-79.205903,Calle Bolivar,CON_FALLECIDOS,Volcamiento,Mal estado de la via,49,FALLECIDO,NO_REGISTRA,MOTOCICLETA,27,FALLECIDO,MUJER,PEATON,48,LESIONADO,NO_REGISTRA,MOTOCICLETA
2020-04-15 01:15:00,-4.033666,-79.190143,Av. Universitaria,CON_LESIONADOS,Choque Vehicular,Fatiga del conductor,56,LESIONADO,MUJER,SCOOTER,71,LESIONADO,MUJER,VEH_LIVIANO,,,,
2020-12-06 12:12:19,-3.996240,-79.204635,Av. Metropolitana,SOLO_DANOS,Atropellamiento,Fatiga del conductor,56,LESIONADO,NO_REGISTRA,CICLISTA,,,,,,,,
2020-08-31 07:08:52,-4.004659,-79.196085,Calle Sucre,SOLO_DANOS,Colision Multiple,Visibilidad reducida,,,,,,,,,,,,
2020-04-04 23:16:54,-4.009529,-79.217130,Av. Orillas del Zamora,SOLO_DANOS,Incendio,Distraccion (celular/radio),,,,,,,,,,,,
2020-09-22 10:57:43,-4.017157,-79.181908,Calle Saraguro,CON_LESIONADOS,Caida,Fatiga del conductor,40,LESIONADO,MUJER,OTRO,15,LESIONADO,HOMBRE,CICLISTA,,,,
2020-02-18 22:27:49,-4.021078,-79.187133,Av. Manuel Agustin Aguirre,CON_LESIONADOS,Choque Vehicular,Fatiga del conductor,63,LESIONADO,MUJER,OTRO,,,,,,,,
2020-12-03 00:12:38,-3.999493,-79.181577,Calle Mercadillo,CON_LESIONADOS,Incendio,Factores externos,9,LESIONADO,NO_REGISTRA,OTRO,,,,,,,,
2020-02-12 01:15:00,-4.009279,-79.211602,Calle Mercadillo,CON_LESIONADOS,Caida,Falla mecanica,35,LESIONADO,MUJER,CICLISTA,42,LESIONADO,NO_REGISTRA,SCOOTER,11,LESIONADO,MUJER,SCOOTER
2020-10-10 11:17:35,-4.018824,-79.226986,Via Loja - Zamora,CON_FALLECIDOS,Volcamiento,Inobservancia de senales,66,FALLECIDO,NO_REGISTRA,CICLISTA,77,FALLECIDO,MUJER,CICLISTA,21,LESIONADO,MUJER,CICLISTA
2020-08-25 13:16:16,-3.988345,-79.202484,Av. 8 de Diciembre,CON_FALLECIDOS,Accidente Laboral,Mal estado de la via,69,FALLECIDO,NO_REGISTRA,OTRO,,,,,,,,
2020-08-13 12:34:24,-4.016968,-79.198759,Via Loja - Catamayo,SOLO_DANOS,Caida,Exceso de velocidad,,,,,,,,,,,,
2020-06-23 00:13:43,-4.010004,-79.218647,Calle Colon,CON_LESIONADOS,Volcamiento,Mal estado de la via,39,LESIONADO,HOMBRE,OTRO,,,,,,,,
2020-04-12 00:05:48,-4.000018,-79.207482,Ruta 35,SOLO_DANOS,Incendio,Fatiga del conductor,,,,,,,,,,,,
2020-06-12 19:11:55,-4.029171,-79.221682,Calle Montufar,CON_LESIONADOS,Atropellamiento,Equipo de seguridad deficiente,58,LESIONADO,NO_REGISTRA,CICLISTA,,,,,,,,
2020-04-18 14:02:15,-4.021911,-79.217028,Calle Saraguro,SOLO_DANOS,Incendio,Factores externos,,,,,,,,,,,,
2020-03-13 11:26:18,-3.989677,-79.188809,Av. Orillas del Zamora,CON_LESIONADOS,Incendio,Inobservancia de senales,55,LESIONADO,MUJER,VEH_LIVIANO,77,LESIONADO,NO_REGISTRA,PEATON,,,,
2020-01-14 21:29:29,-4.009660,-79.196860,Calle Ramon Borrero,CON_LESIONADOS,Volcamiento,Falla mecanica,54,LESIONADO,MUJER,MOTOCICLETA,5,LESIONADO,HOMBRE,PEATON,,,,
2020-11-05 17:20:53,-4.031013,-79.196261,Calle 10 de Agosto,CON_FALLECIDOS,Volcamiento,Falla mecanica,58,FALLECIDO,NO_REGISTRA,VEH_LIVIANO,66,LESIONADO,NO_REGISTRA,SCOOTER,9,LESIONADO,NO_REGISTRA,SCOOTER
2020-11-03 13:11:00,-4.016928,-79.201241,Av. Universitaria,CON_FALLECIDOS,Caida,Inobservancia de senales,31,FALLECIDO,MUJER,VEH_LIVIANO,23,LESIONADO,MUJER,PEATON,61,LESIONADO,NO_REGISTRA,VEH_LIVIANO
2020-05-21 05:09:23,-4.036524,-79.210283,Calle Saraguro,SOLO_DANOS,Caida,Distraccion (celular/radio),,,,,,,,,,,,
2020-01-05 12:14:16,-4.011551,-79.206766,Calle Mercadillo,CON_FALLECIDOS,Atropellamiento,Fatiga del conductor,53,FALLECIDO,MUJER,CICLISTA,75,LESIONADO,MUJER,SCOOTER,,,,
2020-07-12 10:32:51,-4.000285,-79.216503,Av. Universitaria,CON_FALLECIDOS,Volcamiento,Imprudencia del conductor,55,FALLECIDO,NO_REGISTRA,VEH_LIVIANO,77,FALLECIDO,HOMBRE,CICLISTA,52,LESIONADO,HOMBRE,SCOOTER
2020-04-27 04:30:41,-4.000807,-79.221064,Calle Miguel Riofrio,CON_LESIONADOS,Colision Multiple,Falla mecanica,74,LESIONADO,HOMBRE,MOTOCICLETA,35,LESIONADO,NO_REGISTRA,OTRO,71,LESIONADO,HOMBRE,PEATON
2020-08-03 10:57:10,-4.007814,-79.195565,Av. Metropolitana,SOLO_DANOS,Accidente Laboral,Distraccion (celular/radio),,,,,,,,,,,,
2020-07-22 04:26:21,-3.999898,-79.191334,Av. Manuel Agustin Aguirre,SOLO_DANOS,Atropellamiento,Via resbaladiza o mojada,,,,,,,,,,,,
2020-10-04 21:13:27,-4.029954,-79.183622,Av. Manuel Agustin Aguirre,CON_FALLECIDOS,Caida,Equipo de seguridad deficiente,64,FALLECIDO,NO_REGISTRA,SCOOTER,,,,,,,,
2020-07-23 19:14:16,-3.992299,-79.191295,Calle Imbabura,CON_FALLECIDOS,Volcamiento,Falla mecanica,27,FALLECIDO,MUJER,OTRO,14,LESIONADO,NO_REGISTRA,CICLISTA,,,,
2020-12-16 19:25:36,-4.017677,-79.176386,Av. 8 de Diciembre,CON_LESIONADOS,Volcamiento,Exceso de velocidad,45,LESIONADO,MUJER,MOTOCICLETA,,,,,,,,
2020-09-27 13:27:20,-3.978262,-79.216921,Ruta 35,CON_LESIONADOS,Caida,Via resbaladiza o mojada,15,LESIONADO,HOMBRE,SCOOTER,,,,,,,,
2020-08-23 03:25:57,-3.985192,-79.172180,Calle Mercadillo,SOLO_DANOS,Atropellamiento,Distraccion (celular/radio),,,,,,,,,,,,
2020-05-26 07:40:13,-3.979968,-79.187309,Av. Metropolitana,CON_LESIONADOS,Accidente Laboral,Estado de embriaguez,34,LESIONADO,MUJER,PEATON,53,LESIONADO,HOMBRE,SCOOTER,,,,
2020-08-30 03:11:14,-4.007583,-79.171681,Calle 10 de Agosto,CON_LESIONADOS,Atropellamiento,Fatiga del conductor,17,LESIONADO,MUJER,VEH_LIVIANO,75,LESIONADO,NO_REGISTRA,MOTOCICLETA,65,LESIONADO,NO_REGISTRA,CICLISTA
2020-09-02 12:50:41,-3.981262,-79.217389,Calle Sucre,CON_FALLECIDOS,Colision Multiple,Imprudencia del conductor,76,FALLECIDO,MUJER,CICLISTA,20,FALLECIDO,NO_REGISTRA,CICLISTA,18,LESIONADO,HOMBRE,CICLISTA
2020-02-21 22:13:58,-4.036355,-79.204202,Av. Manuel Agustin Aguirre,SOLO_DANOS,Incendio,Via resbaladiza o mojada,63,LESIONADO,NO_REGISTRA,OTRO,,,,,,,,
2020-05-10 00:59:33,-3.993061,-79.223340,Calle Rocafuerte,SOLO_DANOS,Choque Vehicular,Imprudencia del conductor,,,,,,,,,,,,
2020-07-22 06:30:57,-3.981100,-79.187414,Calle Bolivar,CON_FALLECIDOS,Caida,Factores externos,23,FALLECIDO,NO_REGISTRA,VEH_LIVIANO,19,FALLECIDO,MUJER,VEH_LIVIANO,75,LESIONADO,NO_REGISTRA,SCOOTER
2020-08-21 17:35:29,-4.011551,-79.211717,Via Loja - Catamayo,SOLO_DANOS,Incendio,Exceso de velocidad,,,,,,,,,,,,
2020-01-13 18:11:23,-4.012380,-79.190318,Av. Cuxibamba,CON_LESIONADOS,Colision Multiple,Exceso de velocidad,51,LESIONADO,MUJER,OTRO,40,LESIONADO,NO_REGISTRA,SCOOTER,14,LESIONADO,NO_REGISTRA,VEH_LIVIANO
2020-07-15 18:38:11,-3.985361,-79.188502,Av. 8 de Diciembre,CON_FALLECIDOS,Atropellamiento,Distraccion (celular/radio),39,FALLECIDO,MUJER,MOTOCICLETA,68,FALLECIDO,MUJER,PEATON,,,,
2020-02-29 18:10:31,-3.983954,-79.191556,Av. Reinaldo Espinosa,CON_LESIONADOS,Incendio,Fatiga del conductor,63,LESIONADO,NO_REGISTRA,PEATON,,,,,,,,
2020-12-19 01:25:20,-4.014740,-79.217129,Av. Isidro Ayora,CON_LESIONADOS,Volcamiento,Distraccion (celular/radio),18,LESIONADO,MUJER,OTRO,,,,,,,,
2020-05-02 05:17:51,-4.009566,-79.197574,Calle 10 de Agosto,CON_LESIONADOS,Choque Vehicular,Mal estado de la via,64,LESIONADO,NO_REGISTRA,MOTOCICLETA,74,LESIONADO,MUJER,SCOOTER,59,LESIONADO,HOMBRE,CICLISTA
2020-11-06 11:24:46,-4.000959,-79.214714,Calle Montufar,SOLO_DANOS,Atropellamiento,Visibilidad reducida,,,,,,,,,,,,
2020-11-16 17:32:21,-4.025929,-79.190314,Av. Orillas del Zamora,SOLO_DANOS,Volcamiento,Via resbaladiza o mojada,,,,,,,,,,,,
2020-03-29 03:10:14,-4.010906,-79.178300,Via Loja - Catamayo,CON_FALLECIDOS,Atropellamiento,Falla mecanica,83,FALLECIDO,NO_REGISTRA,SCOOTER,60,FALLECIDO,MUJER,SCOOTER,,,,
2020-10-12 02:35:41,-4.011469,-79.218434,Av. Pio Jaramillo,SOLO_DANOS,Caida,Fatiga del conductor,,,,,,,,,,,,
2020-08-17 01:35:11,-4.033294,-79.207063,Calle Rocafuerte,CON_FALLECIDOS,Incendio,Fatiga del conductor,41,FALLECIDO,NO_REGISTRA,SCOOTER,,,,,,,,
2020-06-05 03:15:28,-4.001866,-79.172036,Av. Manuel Agustin Aguirre,CON_FALLECIDOS,Incendio,Via resbaladiza o mojada,66,FALLECIDO,MUJER,OTRO,24,LESIONADO,MUJER,CICLISTA,59,LESIONADO,NO_REGISTRA,OTRO
2020-01-22 06:53:11,-4.022373,-79.217865,Av. Isidro Ayora,SOLO_DANOS,Colision Multiple,Mal estado de la via,,,,,,,,,,,,
2020-11-15 16:07:24,-4.020420,-79.191582,Calle Miguel Riofrio,CON_LESIONADOS,Accidente Laboral,Distraccion (celular/radio),30,LESIONADO,NO_REGISTRA,CICLISTA,15,LESIONADO,HOMBRE,MOTOCICLETA,,,,
2020-12-14 09:27:09,-4.009284,-79.193448,Av. Pio Jaramillo,SOLO_DANOS,Incendio,Via resbaladiza o mojada,,,,,,,,,,,,
2020-11-24 20:32:24,-4.032015,-79.209561,Av. Rosa Hermosa,CON_LESIONADOS,Choque Vehicular,Imprudencia del conductor,19,LESIONADO,NO_REGISTRA,PEATON,33,LESIONADO,NO_REGISTRA,VEH_LIVIANO,40,LESIONADO,NO_REGISTRA,PEATON
2020-02-06 02:29:07,-4.006452,-79.204829,Av. Universitaria,CON_LESIONADOS,Colision Multiple,Estado de embriaguez,25,LESIONADO,HOMBRE,MOTOCICLETA,23,LESIONADO,MUJER,PEATON,,,,
2020-01-28 04:32:20,-4.018671,-79.184105,Av. 8 de Diciembre,CON_FALLECIDOS,Accidente Laboral,Visibilidad reducida,43,FALLECIDO,MUJER,OTRO,32,FALLECIDO,HOMBRE,MOTOCICLETA,75,LESIONADO,NO_REGISTRA,SCOOTER
2020-08-11 19:07:39,-4.025018,-79.219978,Av. Isidro Ayora,CON_LESIONADOS,Accidente Laboral,Distraccion (celular/radio),12,LESIONADO,MUJER,SCOOTER,,,,,,,,
2020-10-14 13:00:52,-3.981670,-79.198122,Calle Miguel Riofrio,SOLO_DANOS,Volcamiento,Distraccion (celular/radio),,,,,,,,,,,,
2020-11-09 20:27:51,-3.983015,-79.182929,Av. Gran Colombia,CON_LESIONADOS,Colision Multiple,Inobservancia de senales,72,LESIONADO,MUJER,PEATON,,,,,,,,
2020-09-25 11:56:06,-3.993560,-79.213936,Av. Reinaldo Espinosa,SOLO_DANOS,Colision Multiple,Fatiga del conductor,,,,,,,,,,,,
2020-09-17 16:45:04,-3.995385,-79.224869,Calle 18 de Noviembre,SOLO_DANOS,Accidente Laboral,Equipo de seguridad deficiente,,,,,,,,,,,,
2020-10-07 07:31:04,-4.024065,-79.210243,Av. Reinaldo Espinosa,CON_FALLECIDOS,Choque Vehicular,Imprudencia del conductor,41,FALLECIDO,HOMBRE,OTRO,79,FALLECIDO,NO_REGISTRA,CICLISTA,35,LESIONADO,MUJER,OTRO
2020-04-19 20:05:39,-3.992877,-79.199194,Av. 8 de Diciembre,SOLO_DANOS,Atropellamiento,Fatiga del conductor,,,,,,,,,,,,
2020-05-08 04:53:48,-4.019246,-79.202583,Calle Saraguro,CON_LESIONADOS,Choque Vehicular,Distraccion (celular/radio),43,LESIONADO,MUJER,VEH_LIVIANO,7,LESIONADO,NO_REGISTRA,MOTOCICLETA,20,LESIONADO,HOMBRE,PEATON
2020-10-28 02:14:05,-4.034050,-79.214962,Calle Montufar,CON_FALLECIDOS,Accidente Laboral,Exceso de velocidad,19,FALLECIDO,MUJER,MOTOCICLETA,29,FALLECIDO,MUJER,MOTOCICLETA,,,,
2020-04-26 07:19:21,-4.001651,-79.183432,Av. Cuxibamba,SOLO_DANOS,Colision Multiple,Estado de embriaguez,,,,,,,,,,,,
2020-12-20 11:40:11,-4.006643,-79.217249,Calle Saraguro,CON_FALLECIDOS,Colision Multiple,Mal estado de la via,31,FALLECIDO,MUJER,CICLISTA,76,LESIONADO,MUJER,CICLISTA,,,,
2020-07-06 11:45:00,-4.030937,-79.204347,Av. Reinaldo Espinosa,SOLO_DANOS,Choque Vehicular,Visibilidad reducida,37,LESIONADO,NO_REGISTRA,VEH_LIVIANO,,,,,,,,
2020-01-08 21:25:06,-4.008041,-79.219841,Calle Sucre,CON_FALLECIDOS,Volcamiento,Exceso de velocidad,73,FALLECIDO,NO_REGISTRA,OTRO,31,FALLECIDO,MUJER,CICLISTA,,,,
2020-08-23 04:29:55,-3.977614,-79.177593,Av. Universitaria,SOLO_DANOS,Atropellamiento,Via resbaladiza o mojada,,,,,,,,,,,,
2020-07-07 15:29:50,-4.023924,-79.195992,Calle Imbabura,CON_LESIONADOS,Colision Multiple,Exceso de velocidad,44,LESIONADO,NO_REGISTRA,OTRO,51,LESIONADO,HOMBRE,SCOOTER,,,,
2020-09-14 17:39:38,-3.983035,-79.191443,Av. Cuxibamba,CON_FALLECIDOS,Volcamiento,Falla mecanica,51,FALLECIDO,HOMBRE,SCOOTER,24,LESIONADO,MUJER,PEATON,,,,
2020-06-22 12:00:20,-4.009985,-79.187090,Av. Reinaldo Espinosa,CON_LESIONADOS,Colision Multiple,Imprudencia del conductor,37,LESIONADO,MUJER,SCOOTER,36,LESIONADO,NO_REGISTRA,PEATON,,,,
2020-03-22 18:25:41,-4.015738,-79.202201,Av. Pio Jaramillo,SOLO_DANOS,Volcamiento,Estado de embriaguez,,,,,,,,,,,,
2020-10-25 14:19:16,-4.028577,-79.201405,Calle Colon,CON_FALLECIDOS,Caida,Fatiga del conductor,59,FALLECIDO,MUJER,CICLISTA,25,FALLECIDO,NO_REGISTRA,PEATON,53,LESIONADO,MUJER,SCOOTER
2020-07-08 10:23:21,-3.989023,-79.201637,Via Loja - Catamayo,CON_LESIONADOS,Atropellamiento,Mal estado de la via,49,LESIONADO,MUJER,PEATON,,,,,,,,
2020-02-03 23:44:03,-4.013261,-79.184840,Av. Reinaldo Espinosa,SOLO_DANOS,Atropellamiento,Equipo de seguridad deficiente,,,,,,,,,,,,
2020-03-17 12:55:18,-4.036300,-79.198809,Calle Ramon Borrero,CON_FALLECIDOS,Colision Multiple,Distraccion (celular/radio),28,FALLECIDO,NO_REGISTRA,PEATON,69,FALLECIDO,MUJER,OTRO,,,,
2020-03-28 00:46:08,-4.031216,-79.185952,Calle Montufar,CON_LESIONADOS,Atropellamiento,Imprudencia del conductor,64,LESIONADO,HOMBRE,CICLISTA,72,LESIONADO,NO_REGISTRA,PEATON,,,,
2020-03-23 07:44:00,-3.984557,-79.214254,Ruta 35,CON_FALLECIDOS,Colision Multiple,Imprudencia del conductor,54,FALLECIDO,HOMBRE,CICLISTA,43,LESIONADO,NO_REGISTRA,CICLISTA,75,LESIONADO,MUJER,CICLISTA
2020-12-17 17:06:55,-4.029784,-79.200224,Av. Metropolitana,CON_FALLECIDOS,Caida,Mal estado de la via,28,FALLECIDO,HOMBRE,SCOOTER,21,FALLECIDO,HOMBRE,PEATON,44,LESIONADO,MUJER,SCOOTER
2020-02-20 11:48:27,-4.030711,-79.223082,Av. Rosa Hermosa,SOLO_DANOS,Caida,Imprudencia del conductor,,,,,,,,,,,,
2020-03-31 14:01:34,-3.999660,-79.192362,Calle Imbabura,CON_LESIONADOS,Caida,Equipo de seguridad deficiente,24,LESIONADO,HOMBRE,SCOOTER,,,,,,,,
2020-08-23 19:42:04,-3.994141,-79.222590,Av. 8 de Diciembre,SOLO_DANOS,Caida,Visibilidad reducida,,,,,,,,,,,,
2020-09-11 14:41:17,-4.036991,-79.188012,Av. 8 de Diciembre,SOLO_DANOS,Colision Multiple,Falla mecanica,,,,,,,,,,,,
2020-04-20 00:16:29,-4.020763,-79.201756,Av. Reinaldo Espinosa,CON_FALLECIDOS,Volcamiento,Falla mecanica,53,FALLECIDO,NO_REGISTRA,PEATON,80,FALLECIDO,MUJER,MOTOCICLETA,40,LESIONADO,MUJER,SCOOTER
2020-09-26 12:51:50,-3.989950,-79.193999,Av. 8 de Diciembre,CON_LESIONADOS,Atropellamiento,Mal estado de la via,32,LESIONADO,MUJER,PEATON,9,LESIONADO,MUJER,MOTOCICLETA,,,,
2020-11-27 08:09:43,-3.993349,-79.187962,Av. Cuxibamba,SOLO_DANOS,Caida,Equipo de seguridad deficiente,30,LESIONADO,HOMBRE,SCOOTER,,,,,,,,
2020-07-05 05:52:58,-3.995770,-79.199883,Av. Metropolitana,CON_FALLECIDOS,Accidente Laboral,Via resbaladiza o mojada,47,FALLECIDO,NO_REGISTRA,SCOOTER,40,FALLECIDO,HOMBRE,CICLISTA,72,LESIONADO,NO_REGISTRA,SCOOTER
2020-02-08 07:55:26,-4.012511,-79.202490,Calle Azogues,CON_FALLECIDOS,Caida,Estado de embriaguez,52,FALLECIDO,NO_REGISTRA,SCOOTER,43,LESIONADO,NO_REGISTRA,OTRO,,,,
2020-03-12 11:37:22,-4.006778,-79.205118,Calle Saraguro,SOLO_DANOS,Incendio,Falla mecanica,,,,,,,,,,,,
2020-11-04 08:04:44,-3.980160,-79.178175,Calle Mercadillo,CON_LESIONADOS,Choque Vehicular,Estado de embriaguez,54,LESIONADO,MUJER,CICLISTA,41,LESIONADO,HOMBRE,PEATON,,,,
2020-05-30 15:42:58,-3.994618,-79.180054,Calle Bolivar,CON_FALLECIDOS,Accidente Laboral,Via resbaladiza o mojada,42,FALLECIDO,MUJER,PEATON,54,LESIONADO,NO_REGISTRA,OTRO,,,,