fecha_hora,latitud,longitud,via,grado_severidad,tipo_siniestro,causa_probable,victima1_edad,victima1_condicion,victima1_sexo,victima1_actor_vial,victima2_edad,victima2_condicion,victima2_sexo,victima2_actor_vial,victima3_edad,victima3_condicion,victima3_sexo,victima3_actor_vial
2020-11-05 21:19:12,-4.013350,-79.184888,Calle Saraguro,CON_LESIONADOS,Atropellamiento,Imprudencia del conductor,10,LESIONADO,HOMBRE,SCOOTER,50,LESIONADO,HOMBRE,MOTOCICLETA,,,,
2020-08-12 10:44:19,-4.017967,-79.230164,Av. Reinaldo Espinosa,CON_LESIONADOS,Volcamiento,Imprudencia del conductor,79,LESIONADO,MUJER,MOTOCICLETA,66,LESIONADO,NO_REGISTRA,MOTOCICLETA,,,,
2020-11-09 15:03:42,-4.019645,-79.210568,Av. Gran Colombia,CON_LESIONADOS,Accidente Laboral,Distraccion (celular/radio),23,LESIONADO,NO_REGISTRA,SCOOTER,,,,,,,,
2020-07-26 01:12:20,-3.979681,-79.229761,Av. Manuel Agustin Aguirre,CON_FALLECIDOS,Caida,Factores externos,35,FALLECIDO,NO_REGISTRA,PEATON,44,LESIONADO,NO_REGISTRA,SCOOTER,,,,
2020-03-17 06:22:02,-4.016357,-79.188337,Calle Bolivar,SOLO_DANOS,Caida,Estado de embriaguez,,,,,,,,,,,,
2020-05-24 04:22:19,-4.028656,-79.181054,Calle Saraguro,CON_LESIONADOS,Colision Multiple,Equipo de seguridad deficiente,8,LESIONADO,NO_REGISTRA,CICLISTA,30,LESIONADO,HOMBRE,CICLISTA,,,,
2020-10-01 10:27:06,-4.005391,-79.219091,Calle Bolivar,SOLO_DANOS,Colision Multiple,Distraccion (celular/radio),,,,,,,,,,,,
2020-11-23 07:30:12,-4.022887,-79.184487,Av. Universitaria,SOLO_DANOS,Atropellamiento,Exceso de velocidad,,,,,,,,,,,,
2020-05-26 17:39:37,-4.018062,-79.196036,Av. 8 de Diciembre,SOLO_DANOS,Caida,Factores externos,,,,,,,,,,,,
2020-03-22 01:43:01,-3.978784,-79.198945,Av. Rosa Hermosa,CON_LESIONADOS,Colision Multiple,Via resbaladiza o mojada,32,LESIONADO,MUJER,PEATON,77,LESIONADO,HOMBRE,VEH_LIVIANO,9,LESIONADO,NO_REGISTRA,SCOOTER
2020-04-09 14:09:42,-3.978819,-79.177311,Calle Sucre,CON_FALLECIDOS,Caida,Mal estado de la via,46,FALLECIDO,NO_REGISTRA,VEH_LIVIANO,,,,,,,,
2020-07-19 15:45:03,-4.012709,-79.183672,Calle Ramon Borrero,CON_FALLECIDOS,Volcamiento,Equipo de seguridad deficiente,30,FALLECIDO,MUJER,PEATON,30,FALLECIDO,NO_REGISTRA,MOTOCICLETA,39,LESIONADO,NO_REGISTRA,MOTOCICLETA
2020-04-10 20:44:24,-4.035098,-79.177671,Calle Bolivar,CON_LESIONADOS,Choque Vehicular,Via resbaladiza o mojada,6,LESIONADO,NO_REGISTRA,PEATON,,,,,,,,
2020-09-21 17:58:43,-3.981739,-79.229191,Av. Metropolitana,CON_FALLECIDOS,Atropellamiento,Via resbaladiza o mojada,42,FALLECIDO,MUJER,CICLISTA,,,,,,,,
2020-07-06 12:39:40,-4.021756,-79.186546,Av. Manuel Agustin Aguirre,CON_LESIONADOS,Choque Vehicular,Factores externos,16,LESIONADO,HOMBRE,VEH_LIVIANO,27,LESIONADO,NO_REGISTRA,MOTOCICLETA,71,LESIONADO,HOMBRE,CICLISTA
2020-06-22 13:36:51,-3.980455,-79.202021,Calle Azogues,SOLO_DANOS,Caida,Imprudencia del conductor,,,,,,,,,,,,
2020-04-30 06:41:19,-3.977636,-79.184201,Via Loja - Zamora,CON_LESIONADOS,Accidente Laboral,Via resbaladiza o mojada,8,LESIONADO,MUJER,CICLISTA,56,LESIONADO,MUJER,CICLISTA,,,,
2020-05-06 04:56:31,-3.980399,-79.197881,Calle Bolivar,SOLO_DANOS,Colision Multiple,Falla mecanica,,,,,,,,,,,,
2020-04-23 17:43:38,-3.979422,-79.224605,Av. Reinaldo Espinosa,CON_LESIONADOS,Atropellamiento,Via resbaladiza o mojada,26,LESIONADO,MUJER,CICLISTA,57,LESIONADO,NO_REGISTRA,SCOOTER,38,LESIONADO,HOMBRE,SCOOTER
2020-03-21 21:11:20,-4.021532,-79.211701,Calle Mercadillo,CON_FALLECIDOS,Caida,Mal estado de la via,26,FALLECIDO,MUJER,MOTOCICLETA,41,LESIONADO,NO_REGISTRA,VEH_LIVIANO,,,,
2020-04-05 13:23:03,-3.986640,-79.198944,Av. Orillas del Zamora,CON_LESIONADOS,Atropellamiento,Inobservancia de senales,63,LESIONADO,NO_REGISTRA,MOTOCICLETA,,,,,,,,
2020-07-01 02:38:26,-4.007128,-79.177111,Av. Isidro Ayora,CON_FALLECIDOS,Incendio,Fatiga del conductor,52,FALLECIDO,MUJER,VEH_LIVIANO,36,FALLECIDO,HOMBRE,VEH_LIVIANO,21,LESIONADO,MUJER,VEH_LIVIANO
2020-07-21 21:28:35,-4.005355,-79.176995,Av. Orillas del Zamora,CON_LESIONADOS,Colision Multiple,Mal estado de la via,27,LESIONADO,MUJER,SCOOTER,,,,,,,,
2020-05-24 05:00:50,-4.035815,-79.182209,Calle Imbabura,SOLO_DANOS,Atropellamiento,Imprudencia del conductor,67,LESIONADO,NO_REGISTRA,PEATON,,,,,,,,
2020-10-25 20:26:00,-4.019296,-79.225832,Calle 18 de Noviembre,CON_LESIONADOS,Caida,Mal estado de la via,68,LESIONADO,NO_REGISTRA,MOTOCICLETA,12,LESIONADO,NO_REGISTRA,MOTOCICLETA,,,,
2020-07-23 21:37:56,-3.990822,-79.197924,Av. Metropolitana,CON_LESIONADOS,Caida,Via resbaladiza o mojada,50,LESIONADO,MUJER,VEH_LIVIANO,36,LESIONADO,HOMBRE,PEATON,,,,
2020-04-05 05:33:37,-4.017530,-79.183547,Calle 18 de Noviembre,CON_FALLECIDOS,Choque Vehicular,Fatiga del conductor,29,FALLECIDO,NO_REGISTRA,OTRO,22,FALLECIDO,HOMBRE,SCOOTER,79,LESIONADO,NO_REGISTRA,VEH_LIVIANO
2020-12-12 23:50:48,-4.027560,-79.190967,Av. Reinaldo Espinosa,CON_LESIONADOS,Colision Multiple,Estado de embriaguez,41,LESIONADO,HOMBRE,PEATON,21,LESIONADO,NO_REGISTRA,PEATON,45,LESIONADO,MUJER,OTRO
2020-03-06 12:26:14,-4.034743,-79.186343,Calle Sucre,CON_LESIONADOS,Atropellamiento,Exceso de velocidad,62,LESIONADO,HOMBRE,OTRO,,,,,,,,
2020-11-08 12:34:59,-4.016663,-79.226916,Calle Sucre,CON_LESIONADOS,Colision Multiple,Estado de embriaguez,7,LESIONADO,HOMBRE,MOTOCICLETA,24,LESIONADO,MUJER,MOTOCICLETA,,,,
2020-09-24 01:54:24,-3.980842,-79.193841,Calle 10 de Agosto,SOLO_DANOS,Incendio,Imprudencia del conductor,,,,,,,,,,,,
2020-07-02 15:31:57,-3.978306,-79.191217,Av. Isidro Ayora,SOLO_DANOS,Atropellamiento,Visibilidad reducida,,,,,,,,,,,,
2020-04-15 19:44:21,-4.020722,-79.180656,Av. Universitaria,SOLO_DANOS,Incendio,Exceso de velocidad,,,,,,,,,,,,
2020-07-10 04:59:58,-4.026571,-79.204570,Av. 8 de Diciembre,CON_FALLECIDOS,Caida,Inobservancia de senales,47,FALLECIDO,MUJER,SCOOTER,,,,,,,,
2020-12-22 00:18:13,-4.013626,-79.183791,Av. Pio Jaramillo,CON_LESIONADOS,Colision Multiple,Imprudencia del conductor,48,LESIONADO,MUJER,MOTOCICLETA,,,,,,,,
2020-05-07 18:40:02,-3.980651,-79.222561,Calle Sucre,CON_LESIONADOS,Caida,Fatiga del conductor,30,LESIONADO,NO_REGISTRA,PEATON,37,LESIONADO,MUJER,VEH_LIVIANO,61,LESIONADO,NO_REGISTRA,VEH_LIVIANO
2020-09-13 08:42:22,-4.026381,-79.200543,Calle Quito,CON_LESIONADOS,Choque Vehicular,Inobservancia de senales,49,LESIONADO,MUJER,VEH_LIVIANO,35,LESIONADO,NO_REGISTRA,CICLISTA,,,,
2020-04-03 08:33:56,-4.026177,-79.200576,Calle Sucre,CON_FALLECIDOS,Choque Vehicular,Visibilidad reducida,19,FALLECIDO,MUJER,CICLISTA,80,LESIONADO,HOMBRE,CICLISTA,,,,
2020-07-05 10:34:56,-3.988796,-79.178712,Calle Ramon Borrero,CON_FALLECIDOS,Accidente Laboral,Falla mecanica,34,FALLECIDO,MUJER,PEATON,61,LESIONADO,HOMBRE,SCOOTER,70,LESIONADO,HOMBRE,OTRO
2020-09-22 00:25:02,-3.994847,-79.181659,Calle Saraguro,SOLO_DANOS,Caida,Via resbaladiza o mojada,,,,,,,,,,,,
2020-04-07 15:58:01,-3.979444,-79.181400,Av. Metropolitana,SOLO_DANOS,Volcamiento,Factores externos,,,,,,,,,,,,
2020-07-15 09:31:17,-4.011527,-79.191167,Av. Cuxibamba,CON_LESIONADOS,Atropellamiento,Mal estado de la via,60,LESIONADO,NO_REGISTRA,CICLISTA,40,LESIONADO,MUJER,MOTOCICLETA,,,,
2020-04-24 13:00:31,-4.016485,-79.176644,Calle Imbabura,SOLO_DANOS,Accidente Laboral,Via resbaladiza o mojada,,,,,,,,,,,,
2020-06-08 19:24:10,-4.006404,-79.219502,Av. Rosa Hermosa,SOLO_DANOS,Choque Vehicular,Fatiga del conductor,,,,,,,,,,,,
2020-09-06 16:18:25,-3.981138,-79.191883,Calle Montufar,SOLO_DANOS,Caida,Estado de embriaguez,,,,,,,,,,,,
2020-03-11 08:58:35,-4.024552,-79.197080,Calle Miguel Riofrio,CON_LESIONADOS,Caida,Imprudencia del conductor,37,LESIONADO,MUJER,CICLISTA,8,LESIONADO,NO_REGISTRA,PEATON,,,,
2020-11-07 05:02:22,-3.993617,-79.194882,Calle Rocafuerte,SOLO_DANOS,Caida,Falla mecanica,62,LESIONADO,MUJER,PEATON,,,,,,,,
2020-07-26 10:14:14,-4.002783,-79.180874,Calle 18 de Noviembre,SOLO_DANOS,Choque Vehicular,Inobservancia de senales,,,,,,,,,,,,
2020-11-17 17:59:06,-4.030562,-79.187545,Calle Colon,CON_LESIONADOS,Atropellamiento,Fatiga del conductor,19,LESIONADO,HOMBRE,OTRO,,,,,,,,
2020-10-18 23:11:05,-4.020227,-79.213394,Calle 10 de Agosto,CON_FALLECIDOS,Atropellamiento,Falla mecanica,64,FALLECIDO,HOMBRE,CICLISTA,44,LESIONADO,HOMBRE,MOTOCICLETA,33,LESIONADO,NO_REGISTRA,MOTOCICLETA
2020-01-22 12:01:28,-3.994860,-79.180389,Calle 10 de Agosto,CON_LESIONADOS,Volcamiento,Factores externos,71,LESIONADO,NO_REGISTRA,CICLISTA,28,LESIONADO,MUJER,PEATON,,,,
2020-12-09 22:43:44,-3.981274,-79.200529,Calle Quito,SOLO_DANOS,Caida,Visibilidad reducida,,,,,,,,,,,,
2020-02-08 15:55:18,-4.003181,-79.195279,Calle Colon,SOLO_DANOS,Choque Vehicular,Equipo de seguridad deficiente,,,,,,,,,,,,
2020-01-27 11:33:25,-4.017190,-79.215489,Calle Sucre,SOLO_DANOS,Volcamiento,Visibilidad reducida,,,,,,,,,,,,
2020-05-20 20:30:13,-4.029253,-79.177882,Calle Montufar,SOLO_DANOS,Choque Vehicular,Exceso de velocidad,,,,,,,,,,,,
2020-09-10 00:42:44,-3.980414,-79.195756,Calle Montufar,CON_FALLECIDOS,Accidente Laboral,Falla mecanica,46,FALLECIDO,MUJER,OTRO,74,FALLECIDO,HOMBRE,SCOOTER,,,,
2020-05-18 14:02:02,-4.026194,-79.214617,Av. Metropolitana,CON_LESIONADOS,Caida,Equipo de seguridad deficiente,29,LESIONADO,HOMBRE,MOTOCICLETA,58,LESIONADO,HOMBRE,VEH_LIVIANO,,,,
2020-07-17 21:19:54,-4.020794,-79.186147,Av. Orillas del Zamora,CON_LESIONADOS,Caida,Factores externos,59,LESIONADO,HOMBRE,OTRO,42,LESIONADO,HOMBRE,PEATON,,,,
2020-06-03 13:31:22,-3.998729,-79.207488,Calle Imbabura,CON_FALLECIDOS,Colision Multiple,Fatiga del conductor,84,FALLECIDO,MUJER,SCOOTER,,,,,,,,
2020-06-30 05:55:21,-3.980924,-79.213597,Calle Azogues,SOLO_DANOS,Volcamiento,Factores externos,34,LESIONADO,NO_REGISTRA,CICLISTA,,,,,,,,
2020-07-24 18:20:37,-4.032605,-79.175414,Av. Gran Colombia,SOLO_DANOS,Caida,Via resbaladiza o mojada,,,,,,,,,,,,
2020-03-16 12:01:02,-4.000007,-79.171648,Av. Isidro Ayora,CON_FALLECIDOS,Caida,Imprudencia del conductor,34,FALLECIDO,HOMBRE,VEH_LIVIANO,42,FALLECIDO,HOMBRE,CICLISTA,45,LESIONADO,MUJER,SCOOTER
2020-09-27 22:09:43,-4.010110,-79.181991,Calle Quito,CON_FALLECIDOS,Accidente Laboral,Via resbaladiza o mojada,63,FALLECIDO,HOMBRE,VEH_LIVIANO,30,FALLECIDO,MUJER,OTRO,,,,
2020-04-01 22:21:06,-4.026173,-79.229350,Av. Cuxibamba,CON_FALLECIDOS,Accidente Laboral,Visibilidad reducida,84,FALLECIDO,HOMBRE,MOTOCICLETA,20,FALLECIDO,HOMBRE,MOTOCICLETA,,,,
2020-02-23 11:53:10,-4.027369,-79.225562,Av. Manuel Agustin Aguirre,CON_FALLECIDOS,Colision Multiple,Visibilidad reducida,75,FALLECIDO,HOMBRE,CICLISTA,,,,,,,,
2020-12-12 08:15:12,-3.996946,-79.216560,Av. Rosa Hermosa,CON_FALLECIDOS,Accidente Laboral,Mal estado de la via,42,FALLECIDO,HOMBRE,OTRO,28,LESIONADO,NO_REGISTRA,CICLISTA,,,,
2020-06-27 18:43:52,-4.027383,-79.174764,Av. Reinaldo Espinosa,CON_FALLECIDOS,Choque Vehicular,Via resbaladiza o mojada,31,FALLECIDO,MUJER,CICLISTA,18,FALLECIDO,MUJER,VEH_LIVIANO,45,LESIONADO,HOMBRE,PEATON
2020-02-08 02:35:16,-4.020312,-79.181310,Via Loja - Zamora,CON_LESIONADOS,Atropellamiento,Imprudencia del conductor,76,LESIONADO,HOMBRE,OTRO,46,LESIONADO,MUJER,SCOOTER,15,LESIONADO,HOMBRE,MOTOCICLETA
2020-06-23 17:07:46,-3.988155,-79.172644,Av. Pio Jaramillo,CON_FALLECIDOS,Atropellamiento,Factores externos,81,FALLECIDO,HOMBRE,SCOOTER,22,LESIONADO,HOMBRE,SCOOTER,31,LESIONADO,HOMBRE,CICLISTA
2020-05-19 04:16:16,-3.990429,-79.185222,Calle Azogues,CON_FALLECIDOS,Incendio,Via resbaladiza o mojada,81,FALLECIDO,MUJER,MOTOCICLETA,,,,,,,,
2020-04-15 17:32:24,-3.986627,-79.211421,Calle Ramon Borrero,SOLO_DANOS,Colision Multiple,Visibilidad reducida,,,,,,,,,,,,
2020-08-13 09:29:34,-4.004361,-79.174765,Calle Rocafuerte,CON_FALLECIDOS,Volcamiento,Visibilidad reducida,53,FALLECIDO,MUJER,OTRO,62,FALLECIDO,MUJER,SCOOTER,,,,
2020-11-28 06:27:04,-4.033928,-79.215597,Calle Colon,CON_LESIONADOS,Accidente Laboral,Fatiga del conductor,53,LESIONADO,MUJER,MOTOCICLETA,,,,,,,,
2020-05-22 22:41:01,-4.009944,-79.229725,Calle 10 de Agosto,CON_LESIONADOS,Colision Multiple,Fatiga del conductor,16,LESIONADO,MUJER,VEH_LIVIANO,12,LESIONADO,HOMBRE,OTRO,68,LESIONADO,HOMBRE,MOTOCICLETA
2020-02-04 00:39:43,-4.008053,-79.187630,Av. Pio Jaramillo,CON_LESIONADOS,Atropellamiento,Mal estado de la via,50,LESIONADO,HOMBRE,VEH_LIVIANO,69,LESIONADO,MUJER,OTRO,,,,
2020-03-30 06:16:33,-4.027842,-79.196797,Calle Bolivar,CON_LESIONADOS,Incendio,Estado de embriaguez,51,LESIONADO,MUJER,OTRO,17,LESIONADO,NO_REGISTRA,OTRO,,,,
2020-04-22 02:23:21,-4.029945,-79.214280,Calle Montufar,CON_FALLECIDOS,Choque Vehicular,Imprudencia del conductor,77,FALLECIDO,HOMBRE,CICLISTA,35,LESIONADO,MUJER,CICLISTA,68,LESIONADO,MUJER,SCOOTER
2020-10-22 14:36:53,-4.014996,-79.201779,Av. Cuxibamba,CON_LESIONADOS,Atropellamiento,Estado de embriaguez,38,LESIONADO,HOMBRE,CICLISTA,32,LESIONADO,HOMBRE,PEATON,,,,
2020-04-15 10:37:29,-4.006008,-79.205132,Calle Rocafuerte,CON_LESIONADOS,Atropellamiento,Factores externos,69,LESIONADO,NO_REGISTRA,VEH_LIVIANO,,,,,,,,
2020-04-04 12:09:42,-4.011098,-79.219746,Via Loja - Zamora,CON_LESIONADOS,Accidente Laboral,Fatiga del conductor,79,LESIONADO,MUJER,SCOOTER,,,,,,,,
2020-11-05 12:17:38,-3.979328,-79.222672,Ruta 35,CON_LESIONADOS,Atropellamiento,Inobservancia de senales,53,LESIONADO,HOMBRE,MOTOCICLETA,,,,,,,,
2020-11-02 20:03:10,-4.013740,-79.207755,Calle Saraguro,CON_LESIONADOS,Atropellamiento,Imprudencia del conductor,45,LESIONADO,HOMBRE,VEH_LIVIANO,56,LESIONADO,HOMBRE,PEATON,,,,
2020-07-12 12:18:32,-4.012507,-79.205602,Calle Rocafuerte,SOLO_DANOS,Choque Vehicular,Inobservancia de senales,50,LESIONADO,MUJER,SCOOTER,,,,,,,,
2020-10-08 21:03:35,-3.991869,-79.226308,Calle Miguel Riofrio,CON_FALLECIDOS,Atropellamiento,Falla mecanica,76,FALLECIDO,NO_REGISTRA,VEH_LIVIANO,,,,,,,,
2020-07-01 22:28:46,-4.002913,-79.227174,Av. Rosa Hermosa,SOLO_DANOS,Volcamiento,Estado de embriaguez,,,,,,,,,,,,
2020-09-08 09:01:52,-4.019601,-79.186166,Calle 10 de Agosto,CON_FALLECIDOS,Atropellamiento,Inobservancia de senales,62,FALLECIDO,NO_REGISTRA,MOTOCICLETA,56,LESIONADO,NO_REGISTRA,OTRO,21,LESIONADO,HOMBRE,MOTOCICLETA
2020-08-27 04:33:57,-4.029768,-79.211541,Av. Manuel Agustin Aguirre,SOLO_DANOS,Colision Multiple,Visibilidad reducida,,,,,,,,,,,,
2020-09-25 05:31:54,-3.978309,-79.200227,Av. Gran Colombia,SOLO_DANOS,Incendio,Factores externos,,,,,,,,,,,,
2020-07-29 12:26:59,-4.025562,-79.205801,Calle Mercadillo,SOLO_DANOS,Caida,Visibilidad reducida,,,,,,,,,,,,
2020-01-10 15:48:19,-4.034483,-79.208598,Calle Montufar,CON_LESIONADOS,Choque Vehicular,Imprudencia del conductor,28,LESIONADO,HOMBRE,VEH_LIVIANO,31,LESIONADO,HOMBRE,OTRO,,,,
2020-05-01 12:37:01,-4.015104,-79.177680,Calle Azogues,CON_FALLECIDOS,Atropellamiento,Mal estado de la via,79,FALLECIDO,HOMBRE,PEATON,68,LESIONADO,NO_REGISTRA,CICLISTA,,,,
2020-07-07 11:09:37,-4.033392,-79.189519,Calle 10 de Agosto,CON_LESIONADOS,Choque Vehicular,Fatiga del conductor,58,LESIONADO,MUJER,SCOOTER,48,LESIONADO,NO_REGISTRA,PEATON,58,LESIONADO,MUJER,MOTOCICLETA
2020-05-16 06:22:08,-4.003161,-79.195930,Calle Sucre,SOLO_DANOS,Accidente Laboral,Imprudencia del conductor,,,,,,,,,,,,
2020-01-18 06:59:04,-4.033967,-79.174129,Av. Cuxibamba,CON_LESIONADOS,Colision Multiple,Estado de embriaguez,31,LESIONADO,MUJER,MOTOCICLETA,45,LESIONADO,MUJER,CICLISTA,46,LESIONADO,NO_REGISTRA,SCOOTER
2020-10-09 09:23:09,-3.994163,-79.175894,Av. Orillas del Zamora,CON_LESIONADOS,Caida,Mal estado de la via,47,LESIONADO,NO_REGISTRA,SCOOTER,18,LESIONADO,MUJER,CICLISTA,,,,
2020-05-17 12:55:41,-3.985723,-79.174084,Av. Isidro Ayora,CON_LESIONADOS,Volcamiento,Equipo de seguridad deficiente,39,LESIONADO,MUJER,OTRO,35,LESIONADO,HOMBRE,VEH_LIVIANO,,,,
2020-12-11 05:06:57,-4.009971,-79.230802,Ruta 35,CON_FALLECIDOS,Choque Vehicular,Via resbaladiza o mojada,78,FALLECIDO,MUJER,PEATON,52,LESIONADO,HOMBRE,CICLISTA,77,LESIONADO,MUJER,SCOOTER
2020-01-19 17:31:04,-4.033395,-79.185550,Av. Gran Colombia,CON_FALLECIDOS,Accidente Laboral,Visibilidad reducida,51,FALLECIDO,MUJER,OTRO,29,FALLECIDO,MUJER,CICLISTA,78,LESIONADO,MUJER,CICLISTA
2020-08-27 23:17:03,-3.995593,-79.177490,Av. Rosa Hermosa,SOLO_DANOS,Colision Multiple,Mal estado de la via,,,,,,,,,,,,
2020-07-22 16:21:14,-4.004475,-79.208423,Av. Universitaria,CON_LESIONADOS,Caida,Inobservancia de senales,58,LESIONADO,NO_REGISTRA,VEH_LIVIANO,29,LESIONADO,NO_REGISTRA,SCOOTER,,,,
2020-09-12 18:51:49,-3.998742,-79.185770,Calle Sucre,CON_FALLECIDOS,Colision Multiple,Visibilidad reducida,45,FALLECIDO,HOMBRE,VEH_LIVIANO,57,FALLECIDO,NO_REGISTRA,PEATON,,,,
2020-05-29 04:41:03,-4.032591,-79.223496,Calle Saraguro,CON_LESIONADOS,Choque Vehicular,Equipo de seguridad deficiente,68,LESIONADO,NO_REGISTRA,CICLISTA,69,LESIONADO,MUJER,SCOOTER,75,LESIONADO,HOMBRE,PEATON
2020-10-26 10:14:24,-3.988593,-79.218095,Calle Ramon Borrero,CON_FALLECIDOS,Colision Multiple,Equipo de seguridad deficiente,48,FALLECIDO,NO_REGISTRA,PEATON,56,LESIONADO,NO_REGISTRA,MOTOCICLETA,,,,
2020-03-08 20:23:27,-4.012993,-79.227727,Av. Universitaria,CON_LESIONADOS,Volcamiento,Inobservancia de senales,11,LESIONADO,MUJER,MOTOCICLETA,68,LESIONADO,NO_REGISTRA,CICLISTA,,,,
2020-06-22 06:47:40,-4.024822,-79.223542,Av. Reinaldo Espinosa,SOLO_DANOS,Incendio,Via resbaladiza o mojada,33,LESIONADO,HOMBRE,MOTOCICLETA,,,,,,,,
2020-05-09 07:10:47,-4.012960,-79.207135,Via Loja - Catamayo,CON_FALLECIDOS,Caida,Estado de embriaguez,20,FALLECIDO,HOMBRE,SCOOTER,39,LESIONADO,NO_REGISTRA,MOTOCICLETA,72,LESIONADO,NO_REGISTRA,MOTOCICLETA
2020-06-22 18:33:19,-3.990426,-79.172521,Av. Cuxibamba,CON_LESIONADOS,Caida,Estado de embriaguez,9,LESIONADO,HOMBRE,CICLISTA,30,LESIONADO,MUJER,OTRO,36,LESIONADO,HOMBRE,CICLISTA
2020-12-03 20:26:35,-3.996814,-79.218328,Calle Ramon Borrero,CON_FALLECIDOS,Caida,Fatiga del conductor,82,FALLECIDO,MUJER,OTRO,36,FALLECIDO,MUJER,VEH_LIVIANO,23,LESIONADO,NO_REGISTRA,VEH_LIVIANO
2020-01-25 12:03:26,-4.003906,-79.181898,Av. Universitaria,CON_FALLECIDOS,Volcamiento,Inobservancia de senales,79,FALLECIDO,NO_REGISTRA,CICLISTA,,,,,,,,
2020-08-27 00:03:20,-4.012203,-79.218882,Calle Bolivar,SOLO_DANOS,Colision Multiple,Falla mecanica,38,LESIONADO,HOMBRE,VEH_LIVIANO,,,,,,,,
2020-03-29 00:17:17,-3.994824,-79.226743,Av. Orillas del Zamora,CON_FALLECIDOS,Colision Multiple,Visibilidad reducida,20,FALLECIDO,MUJER,VEH_LIVIANO,67,FALLECIDO,NO_REGISTRA,VEH_LIVIANO,,,,
2020-07-18 02:27:46,-3.989992,-79.227503,Av. Rosa Hermosa,CON_FALLECIDOS,Volcamiento,Estado de embriaguez,78,FALLECIDO,NO_REGISTRA,SCOOTER,35,FALLECIDO,HOMBRE,CICLISTA,42,LESIONADO,HOMBRE,OTRO
2020-03-31 21:59:29,-3.984818,-79.212674,Av. Reinaldo Espinosa,CON_LESIONADOS,Caida,Distraccion (celular/radio),80,LESIONADO,NO_REGISTRA,VEH_LIVIANO,50,LESIONADO,MUJER,OTRO,74,LESIONADO,HOMBRE,PEATON
2020-03-11 10:02:10,-4.028130,-79.225179,Via Loja - Catamayo,SOLO_DANOS,Incendio,Estado de embriaguez,,,,,,,,,,,,
2020-01-08 20:29:11,-4.031595,-79.213938,Calle Ramon Borrero,CON_LESIONADOS,Colision Multiple,Mal estado de la via,69,LESIONADO,NO_REGISTRA,OTRO,64,LESIONADO,MUJER,VEH_LIVIANO,76,LESIONADO,NO_REGISTRA,PEATON
2020-12-27 21:20:47,-3.998655,-79.177694,Calle 10 de Agosto,CON_LESIONADOS,Colision Multiple,Equipo de seguridad deficiente,48,LESIONADO,NO_REGISTRA,VEH_LIVIANO,44,LESIONADO,MUJER,CICLISTA,,,,
2020-12-19 23:37:35,-3.990671,-79.211082,Via Loja - Zamora,CON_LESIONADOS,Incendio,Equipo de seguridad deficiente,60,LESIONADO,MUJER,VEH_LIVIANO,78,LESIONADO,MUJER,PEATON,20,LESIONADO,HOMBRE,OTRO
2020-03-04 02:51:25,-4.028983,-79.225172,Calle Montufar,CON_FALLECIDOS,Volcamiento,Distraccion (celular/radio),29,FALLECIDO,NO_REGISTRA,OTRO,30,LESIONADO,NO_REGISTRA,MOTOCICLETA,79,LESIONADO,HOMBRE,MOTOCICLETA
2020-10-01 14:56:55,-4.030593,-79.177373,Av. Isidro Ayora,SOLO_DANOS,Caida,Factores externos,,,,,,,,,,,,
2020-02-03 08:37:48,-4.024999,-79.217129,Av. Isidro Ayora,CON_FALLECIDOS,Accidente Laboral,Estado de embriaguez,27,FALLECIDO,MUJER,MOTOCICLETA,41,FALLECIDO,MUJER,VEH_LIVIANO,,,,
2020-04-28 10:09:31,-4.020514,-79.176728,Calle Rocafuerte,SOLO_DANOS,Colision Multiple,Equipo de seguridad deficiente,,,,,,,,,,,,
2020-05-13 13:27:02,-3.999276,-79.201381,Calle Imbabura,SOLO_DANOS,Atropellamiento,Falla mecanica,,,,,,,,,,,,
2020-05-26 19:52:04,-4.034819,-79.187217,Calle Miguel Riofrio,CON_LESIONADOS,Accidente Laboral,Visibilidad reducida,32,LESIONADO,MUJER,OTRO,26,LESIONADO,HOMBRE,PEATON,32,LESIONADO,HOMBRE,CICLISTA
2020-09-11 22:57:01,-4.019045,-79.181745,Via Loja - Catamayo,SOLO_DANOS,Incendio,Exceso de velocidad,,,,,,,,,,,,
2020-10-09 16:31:39,-3.997996,-79.210014,Av. Isidro Ayora,SOLO_DANOS,Choque Vehicular,Mal estado de la via,,,,,,,,,,,,
2020-09-21 07:11:14,-4.004472,-79.182926,Ruta 35,SOLO_DANOS,Volcamiento,Via resbaladiza o mojada,,,,,,,,,,,,
2020-01-30 02:27:08,-4.029655,-79.216138,Calle 10 de Agosto,CON_FALLECIDOS,Colision Multiple,Imprudencia del conductor,23,FALLECIDO,NO_REGISTRA,OTRO,70,FALLECIDO,MUJER,PEATON,71,LESIONADO,HOMBRE,SCOOTER
2020-08-28 10:58:20,-4.018106,-79.230625,Av. Isidro Ayora,CON_FALLECIDOS,Volcamiento,Factores externos,83,FALLECIDO,HOMBRE,CICLISTA,72,LESIONADO,HOMBRE,MOTOCICLETA,,,,
2020-02-05 15:02:09,-4.001297,-79.194983,Av. Isidro Ayora,CON_LESIONADOS,Accidente Laboral,Via resbaladiza o mojada,13,LESIONADO,HOMBRE,VEH_LIVIANO,,,,,,,,
2020-07-19 03:21:18,-4.023736,-79.209159,Calle Miguel Riofrio,SOLO_DANOS,Atropellamiento,Imprudencia del conductor,,,,,,,,,,,,