fecha_hora,latitud,longitud,via,grado_severidad,tipo_siniestro,causa_probable,victima1_edad,victima1_condicion,victima1_sexo,victima1_actor_vial,victima2_edad,victima2_condicion,victima2_sexo,victima2_actor_vial,victima3_edad,victima3_condicion,victima3_sexo,victima3_actor_vial
2020-02-19 13:00:31,-3.987613,-79.229300,Av. 8 de Diciembre,SOLO_DANOS,Caida,Visibilidad reducida,,,,,,,,,,,,
2020-09-20 07:26:40,-3.986929,-79.212445,Ruta 35,CON_LESIONADOS,Incendio,Imprudencia del conductor,47,LESIONADO,HOMBRE,PEATON,,,,,,,,
2020-08-16 02:18:33,-3.981531,-79.215751,Av. Rosa Hermosa,CON_FALLECIDOS,Incendio,Falla mecanica,48,FALLECIDO,MUJER,PEATON,40,FALLECIDO,MUJER,PEATON,,,,
2020-05-03 22:00:30,-3.988756,-79.200913,Av. Orillas del Zamora,CON_LESIONADOS,Volcamiento,Estado de embriaguez,66,LESIONADO,NO_REGISTRA,OTRO,18,LESIONADO,NO_REGISTRA,OTRO,,,,
2020-09-02 19:49:00,-4.024564,-79.197616,Av. Reinaldo Espinosa,CON_LESIONADOS,Choque Vehicular,Distraccion (celular/radio),65,LESIONADO,HOMBRE,SCOOTER,17,LESIONADO,HOMBRE,PEATON,54,LESIONADO,NO_REGISTRA,PEATON
2020-12-26 08:11:41,-3.998332,-79.230349,Calle Quito,SOLO_DANOS,Caida,Via resbaladiza o mojada,,,,,,,,,,,,
2020-09-17 01:46:37,-4.016625,-79.226995,Via Loja - Zamora,CON_FALLECIDOS,Incendio,Visibilidad reducida,40,FALLECIDO,MUJER,VEH_LIVIANO,21,FALLECIDO,MUJER,OTRO,18,LESIONADO,NO_REGISTRA,MOTOCICLETA
2020-05-31 05:33:56,-3.991146,-79.206899,Av. Rosa Hermosa,SOLO_DANOS,Caida,Factores externos,,,,,,,,,,,,
2020-03-06 02:43:05,-4.032269,-79.229547,Calle 18 de Noviembre,CON_FALLECIDOS,Caida,Falla mecanica,45,FALLECIDO,MUJER,CICLISTA,,,,,,,,
2020-11-09 01:12:43,-4.031435,-79.227084,Via Loja - Zamora,CON_LESIONADOS,Volcamiento,Factores externos,45,LESIONADO,HOMBRE,VEH_LIVIANO,10,LESIONADO,MUJER,CICLISTA,,,,
2020-01-02 16:55:47,-3.985432,-79.182821,Calle Sucre,CON_LESIONADOS,Colision Multiple,Fatiga del conductor,9,LESIONADO,HOMBRE,MOTOCICLETA,60,LESIONADO,HOMBRE,VEH_LIVIANO,,,,
2020-08-27 19:51:56,-3.991381,-79.196462,Av. Manuel Agustin Aguirre,CON_FALLECIDOS,Volcamiento,Estado de embriaguez,20,FALLECIDO,HOMBRE,OTRO,21,FALLECIDO,HOMBRE,SCOOTER,75,LESIONADO,MUJER,CICLISTA
2020-06-19 06:07:39,-4.026466,-79.176582,Av. Gran Colombia,SOLO_DANOS,Choque Vehicular,Via resbaladiza o mojada,,,,,,,,,,,,
2020-06-24 05:42:12,-4.002735,-79.203378,Calle Imbabura,CON_LESIONADOS,Incendio,Inobservancia de senales,65,LESIONADO,NO_REGISTRA,VEH_LIVIANO,54,LESIONADO,NO_REGISTRA,VEH_LIVIANO,,,,
2020-08-04 13:39:10,-3.995911,-79.205337,Calle Mercadillo,CON_LESIONADOS,Accidente Laboral,Inobservancia de senales,9,LESIONADO,NO_REGISTRA,PEATON,51,LESIONADO,MUJER,MOTOCICLETA,73,LESIONADO,HOMBRE,SCOOTER
2020-02-09 09:56:29,-4.019838,-79.182063,Calle Montufar,CON_LESIONADOS,Colision Multiple,Mal estado de la via,41,LESIONADO,MUJER,OTRO,30,LESIONADO,HOMBRE,CICLISTA,9,LESIONADO,NO_REGISTRA,SCOOTER
2020-07-16 12:30:33,-4.012379,-79.179098,Via Loja - Zamora,CON_FALLECIDOS,Colision Multiple,Estado de embriaguez,42,FALLECIDO,NO_REGISTRA,MOTOCICLETA,78,FALLECIDO,NO_REGISTRA,PEATON,31,LESIONADO,MUJER,PEATON
2020-07-31 00:36:25,-4.004473,-79.207979,Av. Reinaldo Espinosa,CON_FALLECIDOS,Incendio,Estado de embriaguez,57,FALLECIDO,MUJER,SCOOTER,,,,,,,,
2020-07-29 20:21:32,-3.988342,-79.218277,Calle Montufar,CON_FALLECIDOS,Caida,Visibilidad reducida,73,FALLECIDO,HOMBRE,CICLISTA,77,FALLECIDO,MUJER,OTRO,,,,
2020-03-19 23:13:44,-4.006247,-79.208299,Calle Quito,CON_LESIONADOS,Choque Vehicular,Fatiga del conductor,73,LESIONADO,HOMBRE,OTRO,,,,,,,,
2020-10-17 07:50:41,-3.997787,-79.187034,Calle Sucre,CON_FALLECIDOS,Caida,Mal estado de la via,30,FALLECIDO,HOMBRE,PEATON,60,FALLECIDO,HOMBRE,SCOOTER,71,LESIONADO,NO_REGISTRA,VEH_LIVIANO
2020-10-13 17:30:50,-3.992048,-79.195346,Av. Universitaria,CON_LESIONADOS,Accidente Laboral,Imprudencia del conductor,16,LESIONADO,HOMBRE,VEH_LIVIANO,,,,,,,,
2020-08-19 14:22:40,-4.026355,-79.181208,Av. Orillas del Zamora,SOLO_DANOS,Caida,Imprudencia del conductor,,,,,,,,,,,,
2020-01-11 05:50:47,-4.022978,-79.183413,Av. Cuxibamba,CON_LESIONADOS,Atropellamiento,Factores externos,43,LESIONADO,HOMBRE,VEH_LIVIANO,58,LESIONADO,MUJER,VEH_LIVIANO,73,LESIONADO,NO_REGISTRA,OTRO
2020-05-15 07:12:29,-3.992818,-79.205427,Av. Isidro Ayora,CON_LESIONADOS,Atropellamiento,Via resbaladiza o mojada,20,LESIONADO,HOMBRE,PEATON,,,,,,,,
2020-02-03 18:36:18,-4.011677,-79.186163,Av. Manuel Agustin Aguirre,CON_LESIONADOS,Incendio,Mal estado de la via,6,LESIONADO,HOMBRE,CICLISTA,,,,,,,,
2020-12-02 20:53:18,-3.999454,-79.211232,Calle Imbabura,CON_FALLECIDOS,Choque Vehicular,Distraccion (celular/radio),66,FALLECIDO,HOMBRE,OTRO,74,FALLECIDO,MUJER,MOTOCICLETA,52,LESIONADO,NO_REGISTRA,SCOOTER
2020-01-25 09:35:49,-4.002032,-79.204644,Calle Azogues,CON_FALLECIDOS,Caida,Visibilidad reducida,42,FALLECIDO,NO_REGISTRA,VEH_LIVIANO,18,FALLECIDO,NO_REGISTRA,MOTOCICLETA,49,LESIONADO,HOMBRE,PEATON
2020-02-07 10:55:58,-3.995478,-79.173745,Av. Cuxibamba,SOLO_DANOS,Accidente Laboral,Factores externos,,,,,,,,,,,,
2020-09-05 17:38:55,-3.991407,-79.181199,Calle Mercadillo,SOLO_DANOS,Choque Vehicular,Exceso de velocidad,,,,,,,,,,,,
2020-02-08 04:53:34,-4.000076,-79.184954,Av. Manuel Agustin Aguirre,CON_LESIONADOS,Caida,Fatiga del conductor,5,LESIONADO,NO_REGISTRA,MOTOCICLETA,,,,,,,,
2020-07-10 21:57:38,-3.979010,-79.171087,Av. Pio Jaramillo,CON_LESIONADOS,Volcamiento,Estado de embriaguez,49,LESIONADO,MUJER,VEH_LIVIANO,,,,,,,,
2020-03-10 17:38:47,-4.026408,-79.192853,Calle 18 de Noviembre,SOLO_DANOS,Atropellamiento,Fatiga del conductor,,,,,,,,,,,,
2020-06-09 06:43:23,-3.997559,-79.175579,Calle Saraguro,CON_FALLECIDOS,Caida,Exceso de velocidad,52,FALLECIDO,NO_REGISTRA,PEATON,74,LESIONADO,HOMBRE,OTRO,66,LESIONADO,MUJER,SCOOTER
2020-10-17 16:47:17,-4.008432,-79.213628,Av. 8 de Diciembre,CON_FALLECIDOS,Colision Multiple,Visibilidad reducida,70,FALLECIDO,HOMBRE,OTRO,67,FALLECIDO,MUJER,MOTOCICLETA,,,,
2020-01-05 02:28:59,-4.017040,-79.182228,Av. Reinaldo Espinosa,CON_LESIONADOS,Volcamiento,Factores externos,30,LESIONADO,NO_REGISTRA,CICLISTA,58,LESIONADO,MUJER,VEH_LIVIANO,,,,
2020-02-20 00:56:46,-4.006367,-79.206825,Calle Quito,SOLO_DANOS,Accidente Laboral,Visibilidad reducida,,,,,,,,,,,,
2020-09-05 15:22:13,-3.988113,-79.222482,Via Loja - Catamayo,SOLO_DANOS,Accidente Laboral,Fatiga del conductor,,,,,,,,,,,,
2020-10-14 23:53:48,-4.032586,-79.209693,Calle Imbabura,CON_FALLECIDOS,Volcamiento,Falla mecanica,33,FALLECIDO,MUJER,MOTOCICLETA,,,,,,,,
2020-02-26 01:20:54,-4.028421,-79.195692,Calle Sucre,SOLO_DANOS,Volcamiento,Mal estado de la via,,,,,,,,,,,,
2020-10-31 02:11:29,-4.011933,-79.213158,Av. Metropolitana,CON_LESIONADOS,Incendio,Estado de embriaguez,51,LESIONADO,MUJER,VEH_LIVIANO,53,LESIONADO,NO_REGISTRA,CICLISTA,57,LESIONADO,NO_REGISTRA,OTRO
2020-02-08 15:00:34,-4.005557,-79.201275,Av. Reinaldo Espinosa,CON_FALLECIDOS,Choque Vehicular,Visibilidad reducida,82,FALLECIDO,HOMBRE,OTRO,,,,,,,,
2020-09-29 14:22:37,-4.019309,-79.189021,Av. Orillas del Zamora,CON_LESIONADOS,Volcamiento,Equipo de seguridad deficiente,19,LESIONADO,MUJER,PEATON,,,,,,,,
2020-06-08 06:34:41,-4.028435,-79.200929,Calle Mercadillo,CON_FALLECIDOS,Choque Vehicular,Imprudencia del conductor,34,FALLECIDO,MUJER,MOTOCICLETA,56,FALLECIDO,MUJER,VEH_LIVIANO,33,LESIONADO,NO_REGISTRA,VEH_LIVIANO
2020-09-15 11:41:38,-4.020578,-79.213608,Av. Manuel Agustin Aguirre,CON_FALLECIDOS,Volcamiento,Distraccion (celular/radio),31,FALLECIDO,NO_REGISTRA,SCOOTER,54,LESIONADO,HOMBRE,PEATON,41,LESIONADO,NO_REGISTRA,PEATON
2020-09-17 01:28:47,-3.988300,-79.204892,Calle Azogues,CON_LESIONADOS,Caida,Equipo de seguridad deficiente,22,LESIONADO,HOMBRE,CICLISTA,,,,,,,,
2020-11-19 03:41:21,-3.981145,-79.224093,Av. 8 de Diciembre,SOLO_DANOS,Colision Multiple,Exceso de velocidad,,,,,,,,,,,,
2020-07-07 17:21:56,-3.994828,-79.221578,Calle Bolivar,CON_FALLECIDOS,Colision Multiple,Falla mecanica,61,FALLECIDO,HOMBRE,PEATON,37,FALLECIDO,HOMBRE,OTRO,44,LESIONADO,MUJER,SCOOTER
2020-09-14 09:40:32,-4.021987,-79.227931,Calle Rocafuerte,CON_FALLECIDOS,Volcamiento,Inobservancia de senales,32,FALLECIDO,HOMBRE,SCOOTER,85,FALLECIDO,NO_REGISTRA,CICLISTA,64,LESIONADO,NO_REGISTRA,VEH_LIVIANO
2020-01-26 10:06:00,-4.020463,-79.190671,Calle Mercadillo,CON_FALLECIDOS,Volcamiento,Equipo de seguridad deficiente,76,FALLECIDO,MUJER,CICLISTA,73,FALLECIDO,MUJER,VEH_LIVIANO,49,LESIONADO,MUJER,CICLISTA
2020-08-04 21:24:26,-3.995243,-79.209737,Calle Quito,CON_LESIONADOS,Accidente Laboral,Imprudencia del conductor,71,LESIONADO,HOMBRE,OTRO,19,LESIONADO,HOMBRE,SCOOTER,,,,
2020-12-05 19:41:53,-3.985356,-79.173265,Av. Reinaldo Espinosa,CON_FALLECIDOS,Accidente Laboral,Fatiga del conductor,62,FALLECIDO,NO_REGISTRA,SCOOTER,52,FALLECIDO,NO_REGISTRA,CICLISTA,11,LESIONADO,NO_REGISTRA,PEATON
2020-01-14 09:55:22,-4.014652,-79.173433,Calle Mercadillo,SOLO_DANOS,Accidente Laboral,Equipo de seguridad deficiente,,,,,,,,,,,,
2020-12-12 03:04:21,-3.991974,-79.172567,Calle Imbabura,CON_LESIONADOS,Colision Multiple,Via resbaladiza o mojada,58,LESIONADO,MUJER,OTRO,,,,,,,,
2020-08-26 22:07:55,-4.027191,-79.217532,Av. Gran Colombia,CON_FALLECIDOS,Volcamiento,Imprudencia del conductor,60,FALLECIDO,MUJER,MOTOCICLETA,67,FALLECIDO,MUJER,SCOOTER,,,,
2020-03-07 10:11:19,-3.988405,-79.174817,Av. Universitaria,CON_LESIONADOS,Volcamiento,Mal estado de la via,44,LESIONADO,HOMBRE,OTRO,63,LESIONADO,MUJER,VEH_LIVIANO,,,,
2020-04-14 18:09:18,-4.002721,-79.199217,Calle Saraguro,SOLO_DANOS,Caida,Fatiga del conductor,,,,,,,,,,,,
2020-07-04 04:04:28,-4.031586,-79.177449,Calle Imbabura,CON_FALLECIDOS,Choque Vehicular,Distraccion (celular/radio),59,FALLECIDO,MUJER,VEH_LIVIANO,25,FALLECIDO,NO_REGISTRA,CICLISTA,69,LESIONADO,HOMBRE,OTRO
2020-08-20 20:55:10,-3.990340,-79.205041,Av. Pio Jaramillo,CON_LESIONADOS,Volcamiento,Mal estado de la via,75,LESIONADO,HOMBRE,PEATON,46,LESIONADO,HOMBRE,OTRO,62,LESIONADO,MUJER,CICLISTA
2020-02-19 00:05:03,-4.014790,-79.226823,Calle Quito,SOLO_DANOS,Colision Multiple,Fatiga del conductor,,,,,,,,,,,,
2020-09-07 18:29:09,-4.025379,-79.197060,Calle 18 de Noviembre,CON_LESIONADOS,Incendio,Visibilidad reducida,12,LESIONADO,MUJER,VEH_LIVIANO,51,LESIONADO,HOMBRE,VEH_LIVIANO,28,LESIONADO,NO_REGISTRA,CICLISTA
2020-03-31 14:44:18,-4.030664,-79.198540,Calle Sucre,SOLO_DANOS,Caida,Visibilidad reducida,,,,,,,,,,,,
2020-06-22 04:12:53,-4.013441,-79.213704,Av. Universitaria,CON_FALLECIDOS,Volcamiento,Exceso de velocidad,62,FALLECIDO,MUJER,PEATON,14,LESIONADO,MUJER,PEATON,,,,
2020-02-11 00:57:35,-3.984205,-79.216709,Calle Rocafuerte,CON_LESIONADOS,Atropellamiento,Via resbaladiza o mojada,10,LESIONADO,NO_REGISTRA,SCOOTER,,,,,,,,
2020-01-23 02:21:49,-4.016990,-79.209916,Av. Orillas del Zamora,SOLO_DANOS,Volcamiento,Estado de embriaguez,,,,,,,,,,,,
2020-01-08 06:20:58,-4.007486,-79.188712,Calle Quito,CON_FALLECIDOS,Volcamiento,Inobservancia de senales,47,FALLECIDO,HOMBRE,SCOOTER,51,FALLECIDO,HOMBRE,SCOOTER,,,,
2020-01-30 07:46:19,-3.984003,-79.192431,Av. 8 de Diciembre,CON_FALLECIDOS,Accidente Laboral,Mal estado de la via,28,FALLECIDO,NO_REGISTRA,VEH_LIVIANO,58,LESIONADO,MUJER,SCOOTER,7,LESIONADO,MUJER,VEH_LIVIANO
2020-02-02 16:03:58,-3.997402,-79.217993,Calle Montufar,CON_LESIONADOS,Accidente Laboral,Fatiga del conductor,28,LESIONADO,NO_REGISTRA,MOTOCICLETA,46,LESIONADO,HOMBRE,CICLISTA,25,LESIONADO,MUJER,PEATON
2020-04-21 20:42:48,-3.987357,-79.203810,Calle Azogues,CON_LESIONADOS,Caida,Via resbaladiza o mojada,66,LESIONADO,HOMBRE,SCOOTER,33,LESIONADO,MUJER,SCOOTER,72,LESIONADO,HOMBRE,VEH_LIVIANO
2020-07-12 02:24:00,-4.025556,-79.179530,Calle Imbabura,SOLO_DANOS,Colision Multiple,Fatiga del conductor,,,,,,,,,,,,
2020-07-28 05:31:17,-4.019236,-79.207512,Calle Sucre,CON_LESIONADOS,Volcamiento,Distraccion (celular/radio),30,LESIONADO,MUJER,PEATON,63,LESIONADO,NO_REGISTRA,CICLISTA,63,LESIONADO,NO_REGISTRA,OTRO
2020-12-03 12:17:28,-4.002074,-79.171246,Calle Quito,CON_FALLECIDOS,Volcamiento,Distraccion (celular/radio),30,FALLECIDO,MUJER,PEATON,84,FALLECIDO,NO_REGISTRA,SCOOTER,,,,
2020-10-06 22:45:44,-4.010992,-79.177488,Calle Saraguro,CON_LESIONADOS,Incendio,Distraccion (celular/radio),56,LESIONADO,MUJER,CICLISTA,31,LESIONADO,HOMBRE,CICLISTA,52,LESIONADO,HOMBRE,CICLISTA
2020-03-21 04:59:02,-4.026685,-79.179835,Calle Miguel Riofrio,CON_FALLECIDOS,Atropellamiento,Distraccion (celular/radio),85,FALLECIDO,HOMBRE,MOTOCICLETA,46,FALLECIDO,NO_REGISTRA,OTRO,,,,
2020-01-28 19:44:49,-3.994481,-79.218079,Av. Reinaldo Espinosa,CON_LESIONADOS,Volcamiento,Equipo de seguridad deficiente,14,LESIONADO,MUJER,MOTOCICLETA,44,LESIONADO,HOMBRE,VEH_LIVIANO,28,LESIONADO,HOMBRE,MOTOCICLETA
2020-02-06 17:56:39,-3.984232,-79.216543,Av. Orillas del Zamora,CON_LESIONADOS,Incendio,Imprudencia del conductor,47,LESIONADO,HOMBRE,MOTOCICLETA,8,LESIONADO,MUJER,OTRO,33,LESIONADO,HOMBRE,SCOOTER
2020-03-17 03:16:55,-3.996403,-79.195547,Av. Isidro Ayora,CON_LESIONADOS,Colision Multiple,Falla mecanica,36,LESIONADO,NO_REGISTRA,PEATON,,,,,,,,
2020-01-01 05:17:31,-3.978885,-79.209209,Calle Sucre,CON_LESIONADOS,Atropellamiento,Fatiga del conductor,52,LESIONADO,NO_REGISTRA,CICLISTA,32,LESIONADO,MUJER,SCOOTER,,,,
2020-02-15 06:55:07,-3.978402,-79.176548,Calle Montufar,CON_LESIONADOS,Choque Vehicular,Imprudencia del conductor,59,LESIONADO,NO_REGISTRA,PEATON,,,,,,,,
2020-10-20 14:08:40,-4.027801,-79.224051,Av. Orillas del Zamora,SOLO_DANOS,Choque Vehicular,Exceso de velocidad,,,,,,,,,,,,
2020-12-28 02:46:47,-4.003341,-79.198273,Calle Ramon Borrero,CON_LESIONADOS,Caida,Visibilidad reducida,11,LESIONADO,MUJER,OTRO,80,LESIONADO,HOMBRE,CICLISTA,,,,
2020-05-12 21:06:48,-4.013831,-79.226839,Ruta 35,SOLO_DANOS,Caida,Fatiga del conductor,,,,,,,,,,,,
2020-05-05 04:53:10,-4.007837,-79.204359,Calle Rocafuerte,CON_LESIONADOS,Incendio,Visibilidad reducida,33,LESIONADO,NO_REGISTRA,MOTOCICLETA,74,LESIONADO,NO_REGISTRA,CICLISTA,,,,
2020-12-04 18:09:02,-4.006382,-79.205519,Av. Orillas del Zamora,CON_FALLECIDOS,Caida,Visibilidad reducida,36,FALLECIDO,NO_REGISTRA,VEH_LIVIANO,,,,,,,,
2020-10-30 01:54:39,-3.980937,-79.193495,Av. Universitaria,CON_FALLECIDOS,Choque Vehicular,Factores externos,69,FALLECIDO,MUJER,MOTOCICLETA,51,LESIONADO,MUJER,MOTOCICLETA,10,LESIONADO,NO_REGISTRA,MOTOCICLETA
2020-03-02 18:39:57,-3.977124,-79.178925,Av. Universitaria,CON_FALLECIDOS,Colision Multiple,Estado de embriaguez,75,FALLECIDO,NO_REGISTRA,VEH_LIVIANO,69,FALLECIDO,HOMBRE,OTRO,26,LESIONADO,MUJER,SCOOTER
2020-03-12 16:38:14,-4.021512,-79.197133,Calle 10 de Agosto,CON_LESIONADOS,Choque Vehicular,Via resbaladiza o mojada,17,LESIONADO,MUJER,SCOOTER,53,LESIONADO,MUJER,MOTOCICLETA,50,LESIONADO,HOMBRE,PEATON
2020-03-17 07:45:31,-4.004469,-79.194194,Av. Universitaria,CON_LESIONADOS,Choque Vehicular,Estado de embriaguez,64,LESIONADO,HOMBRE,VEH_LIVIANO,38,LESIONADO,NO_REGISTRA,OTRO,27,LESIONADO,HOMBRE,PEATON
2020-01-03 10:40:20,-3.980872,-79.171265,Calle 18 de Noviembre,CON_FALLECIDOS,Volcamiento,Via resbaladiza o mojada,72,FALLECIDO,NO_REGISTRA,VEH_LIVIANO,32,FALLECIDO,NO_REGISTRA,OTRO,38,LESIONADO,NO_REGISTRA,MOTOCICLETA
2020-04-16 03:42:21,-3.997424,-79.195036,Calle Azogues,SOLO_DANOS,Caida,Distraccion (celular/radio),,,,,,,,,,,,
2020-06-03 08:34:20,-4.004932,-79.195060,Av. Orillas del Zamora,CON_FALLECIDOS,Accidente Laboral,Falla mecanica,85,FALLECIDO,NO_REGISTRA,VEH_LIVIANO,63,FALLECIDO,NO_REGISTRA,VEH_LIVIANO,27,LESIONADO,MUJER,MOTOCICLETA
2020-09-10 19:53:26,-3.995243,-79.183462,Calle Rocafuerte,CON_LESIONADOS,Incendio,Inobservancia de senales,57,LESIONADO,NO_REGISTRA,SCOOTER,9,LESIONADO,HOMBRE,MOTOCICLETA,,,,
2020-08-15 15:51:02,-3.993585,-79.219764,Calle Colon,CON_LESIONADOS,Accidente Laboral,Fatiga del conductor,20,LESIONADO,HOMBRE,OTRO,71,LESIONADO,HOMBRE,MOTOCICLETA,21,LESIONADO,HOMBRE,CICLISTA
2020-02-21 22:35:02,-4.021447,-79.219892,Via Loja - Catamayo,SOLO_DANOS,Incendio,Equipo de seguridad deficiente,63,LESIONADO,MUJER,MOTOCICLETA,,,,,,,,
2020-07-26 12:08:06,-4.026386,-79.196638,Via Loja - Catamayo,CON_FALLECIDOS,Incendio,Equipo de seguridad deficiente,21,FALLECIDO,HOMBRE,MOTOCICLETA,78,LESIONADO,HOMBRE,MOTOCICLETA,66,LESIONADO,HOMBRE,MOTOCICLETA
2020-07-02 01:36:09,-4.021652,-79.186798,Av. Metropolitana,CON_LESIONADOS,Caida,Factores externos,63,LESIONADO,HOMBRE,SCOOTER,32,LESIONADO,HOMBRE,PEATON,,,,
2020-12-15 05:00:54,-3.980340,-79.225412,Calle 10 de Agosto,CON_LESIONADOS,Caida,Imprudencia del conductor,54,LESIONADO,HOMBRE,CICLISTA,,,,,,,,
2020-08-31 18:17:57,-3.996240,-79.214066,Av. Gran Colombia,CON_LESIONADOS,Colision Multiple,Exceso de velocidad,47,LESIONADO,NO_REGISTRA,OTRO,,,,,,,,
2020-06-16 20:44:53,-3.995758,-79.215453,Calle Imbabura,SOLO_DANOS,Accidente Laboral,Factores externos,,,,,,,,,,,,
2020-10-11 00:48:09,-4.027033,-79.173540,Calle Quito,CON_FALLECIDOS,Atropellamiento,Falla mecanica,66,FALLECIDO,NO_REGISTRA,OTRO,52,FALLECIDO,MUJER,PEATON,,,,
2020-07-11 00:23:39,-3.980213,-79.195393,Calle Azogues,SOLO_DANOS,Incendio,Estado de embriaguez,,,,,,,,,,,,
2020-12-18 09:46:18,-4.010275,-79.190705,Av. Metropolitana,CON_FALLECIDOS,Colision Multiple,Visibilidad reducida,59,FALLECIDO,MUJER,OTRO,44,FALLECIDO,HOMBRE,MOTOCICLETA,54,LESIONADO,HOMBRE,CICLISTA
2020-08-12 07:14:32,-4.014294,-79.198284,Av. Manuel Agustin Aguirre,CON_LESIONADOS,Accidente Laboral,Visibilidad reducida,67,LESIONADO,HOMBRE,MOTOCICLETA,48,LESIONADO,NO_REGISTRA,VEH_LIVIANO,7,LESIONADO,NO_REGISTRA,OTRO
2020-02-15 12:56:08,-4.033201,-79.176379,Av. Pio Jaramillo,SOLO_DANOS,Colision Multiple,Factores externos,,,,,,,,,,,,
2020-11-03 10:54:00,-3.981188,-79.187898,Av. Metropolitana,SOLO_DANOS,Atropellamiento,Exceso de velocidad,,,,,,,,,,,,
2020-04-17 07:33:20,-4.023170,-79.173264,Calle Colon,CON_LESIONADOS,Accidente Laboral,Estado de embriaguez,75,LESIONADO,MUJER,PEATON,60,LESIONADO,HOMBRE,SCOOTER,,,,
2020-04-21 04:20:11,-4.022201,-79.196046,Calle Mercadillo,SOLO_DANOS,Colision Multiple,Distraccion (celular/radio),,,,,,,,,,,,
2020-05-23 22:16:32,-3.992059,-79.200879,Calle Sucre,CON_LESIONADOS,Volcamiento,Factores externos,11,LESIONADO,MUJER,MOTOCICLETA,32,LESIONADO,HOMBRE,SCOOTER,,,,
2020-01-07 14:06:38,-3.993636,-79.186170,Calle Ramon Borrero,CON_LESIONADOS,Caida,Estado de embriaguez,77,LESIONADO,NO_REGISTRA,MOTOCICLETA,42,LESIONADO,NO_REGISTRA,PEATON,42,LESIONADO,MUJER,OTRO
2020-02-09 20:34:44,-3.984058,-79.172764,Av. Metropolitana,CON_FALLECIDOS,Accidente Laboral,Via resbaladiza o mojada,49,FALLECIDO,MUJER,SCOOTER,84,FALLECIDO,NO_REGISTRA,PEATON,42,LESIONADO,MUJER,CICLISTA
2020-01-24 16:35:05,-3.982613,-79.223898,Av. Rosa Hermosa,SOLO_DANOS,Atropellamiento,Exceso de velocidad,,,,,,,,,,,,
2020-07-20 10:24:38,-4.020908,-79.179628,Via Loja - Zamora,CON_FALLECIDOS,Volcamiento,Fatiga del conductor,34,FALLECIDO,NO_REGISTRA,SCOOTER,72,LESIONADO,NO_REGISTRA,VEH_LIVIANO,,,,
2020-06-25 21:24:16,-4.009174,-79.182995,Av. Metropolitana,SOLO_DANOS,Choque Vehicular,Mal estado de la via,,,,,,,,,,,,
2020-02-05 00:18:19,-4.029484,-79.186562,Calle 10 de Agosto,CON_FALLECIDOS,Atropellamiento,Factores externos,40,FALLECIDO,HOMBRE,VEH_LIVIANO,,,,,,,,
2020-06-14 23:09:49,-4.014529,-79.204006,Av. Reinaldo Espinosa,CON_FALLECIDOS,Incendio,Falla mecanica,37,FALLECIDO,NO_REGISTRA,CICLISTA,7,LESIONADO,MUJER,OTRO,38,LESIONADO,HOMBRE,MOTOCICLETA
2020-10-07 00:32:46,-3.996360,-79.215077,Calle 18 de Noviembre,CON_FALLECIDOS,Choque Vehicular,Visibilidad reducida,22,FALLECIDO,HOMBRE,VEH_LIVIANO,33,LESIONADO,NO_REGISTRA,SCOOTER,,,,
2020-07-25 08:21:48,-4.013453,-79.180536,Av. 8 de Diciembre,CON_FALLECIDOS,Incendio,Estado de embriaguez,76,FALLECIDO,NO_REGISTRA,PEATON,,,,,,,,
2020-08-27 22:52:33,-4.027535,-79.176313,Calle Rocafuerte,CON_FALLECIDOS,Colision Multiple,Mal estado de la via,28,FALLECIDO,HOMBRE,MOTOCICLETA,58,FALLECIDO,MUJER,MOTOCICLETA,,,,
2020-06-20 22:47:28,-3.984781,-79.176599,Calle 10 de Agosto,CON_LESIONADOS,Colision Multiple,Factores externos,62,LESIONADO,NO_REGISTRA,PEATON,30,LESIONADO,MUJER,VEH_LIVIANO,,,,
2020-01-06 09:38:26,-4.022780,-79.230484,Calle Rocafuerte,SOLO_DANOS,Colision Multiple,Equipo de seguridad deficiente,,,,,,,,,,,,
2020-02-19 23:00:55,-4.026190,-79.222017,Calle 10 de Agosto,CON_LESIONADOS,Caida,Inobservancia de senales,6,LESIONADO,HOMBRE,SCOOTER,,,,,,,,
2020-05-10 14:40:09,-4.011693,-79.229183,Calle Quito,CON_LESIONADOS,Colision Multiple,Fatiga del conductor,74,LESIONADO,HOMBRE,OTRO,45,LESIONADO,NO_REGISTRA,PEATON,,,,
2020-01-02 15:15:39,-4.022622,-79.218900,Via Loja - Zamora,SOLO_DANOS,Volcamiento,Imprudencia del conductor,,,,,,,,,,,,
2020-08-10 22:38:36,-4.016727,-79.178755,Calle Rocafuerte,CON_FALLECIDOS,Caida,Visibilidad reducida,79,FALLECIDO,MUJER,CICLISTA,,,,,,,,
2020-02-22 09:26:30,-3.986902,-79.208420,Av. Pio Jaramillo,SOLO_DANOS,Colision Multiple,Distraccion (celular/radio),,,,,,,,,,,,
2020-12-03 07:07:52,-3.994039,-79.220283,Via Loja - Catamayo,CON_FALLECIDOS,Atropellamiento,Visibilidad reducida,38,FALLECIDO,NO_REGISTRA,SCOOTER,52,FALLECIDO,MUJER,MOTOCICLETA,68,LESIONADO,HOMBRE,OTRO