fecha_hora,latitud,longitud,via,grado_severidad,tipo_siniestro,causa_probable,victima1_edad,victima1_condicion,victima1_sexo,victima1_actor_vial,victima2_edad,victima2_condicion,victima2_sexo,victima2_actor_vial,victima3_edad,victima3_condicion,victima3_sexo,victima3_actor_vial
2020-07-28 11:56:26,-4.007921,-79.206787,Calle Miguel Riofrio,SOLO_DANOS,Incendio,Estado de embriaguez,,,,,,,,,,,,
2020-06-24 09:16:15,-3.991398,-79.207800,Ruta 35,SOLO_DANOS,Accidente Laboral,Exceso de velocidad,66,LESIONADO,MUJER,OTRO,,,,,,,,
2020-10-10 08:09:37,-3.987633,-79.203548,Calle Ramon Borrero,SOLO_DANOS,Accidente Laboral,Equipo de seguridad deficiente,,,,,,,,,,,,
2020-04-15 02:33:14,-4.022672,-79.177201,Calle Montufar,CON_LESIONADOS,Colision Multiple,Via resbaladiza o mojada,77,LESIONADO,NO_REGISTRA,SCOOTER,76,LESIONADO,MUJER,SCOOTER,25,LESIONADO,MUJER,SCOOTER
2020-07-05 22:48:15,-4.021776,-79.188721,Calle Saraguro,CON_LESIONADOS,Incendio,Factores externos,18,LESIONADO,NO_REGISTRA,PEATON,33,LESIONADO,HOMBRE,OTRO,51,LESIONADO,MUJER,OTRO
2020-08-27 22:19:30,-4.019771,-79.229041,Calle 18 de Noviembre,CON_LESIONADOS,Caida,Via resbaladiza o mojada,11,LESIONADO,MUJER,MOTOCICLETA,23,LESIONADO,MUJER,SCOOTER,73,LESIONADO,NO_REGISTRA,MOTOCICLETA
2020-03-26 04:20:37,-4.018490,-79.228753,Av. Pio Jaramillo,CON_FALLECIDOS,Colision Multiple,Factores externos,37,FALLECIDO,HOMBRE,PEATON,36,FALLECIDO,MUJER,OTRO,25,LESIONADO,NO_REGISTRA,PEATON
2020-11-03 07:37:54,-4.011151,-79.188716,Av. Metropolitana,SOLO_DANOS,Choque Vehicular,Inobservancia de senales,,,,,,,,,,,,
2020-03-14 15:30:15,-4.026304,-79.173238,Calle Ramon Borrero,SOLO_DANOS,Incendio,Estado de embriaguez,,,,,,,,,,,,
2020-06-12 08:58:04,-4.015273,-79.192365,Av. Gran Colombia,CON_LESIONADOS,Atropellamiento,Exceso de velocidad,18,LESIONADO,HOMBRE,PEATON,8,LESIONADO,HOMBRE,CICLISTA,48,LESIONADO,NO_REGISTRA,CICLISTA
2020-08-26 04:59:21,-3.979465,-79.203460,Av. Universitaria,CON_LESIONADOS,Atropellamiento,Factores externos,31,LESIONADO,HOMBRE,VEH_LIVIANO,65,LESIONADO,NO_REGISTRA,CICLISTA,,,,
2020-03-22 13:39:36,-4.033601,-79.201778,Av. Universitaria,CON_FALLECIDOS,Volcamiento,Distraccion (celular/radio),20,FALLECIDO,MUJER,PEATON,58,FALLECIDO,HOMBRE,PEATON,68,LESIONADO,HOMBRE,CICLISTA
2020-02-06 20:22:47,-4.023158,-79.188022,Calle Miguel Riofrio,SOLO_DANOS,Atropellamiento,Falla mecanica,,,,,,,,,,,,
2020-06-16 13:05:19,-3.991857,-79.187755,Via Loja - Zamora,CON_LESIONADOS,Choque Vehicular,Equipo de seguridad deficiente,16,LESIONADO,NO_REGISTRA,CICLISTA,34,LESIONADO,HOMBRE,PEATON,,,,
2020-05-01 12:24:58,-3.987114,-79.209783,Calle Quito,CON_FALLECIDOS,Choque Vehicular,Imprudencia del conductor,72,FALLECIDO,HOMBRE,PEATON,58,FALLECIDO,HOMBRE,OTRO,76,LESIONADO,MUJER,OTRO
2020-10-19 20:15:43,-3.991495,-79.174660,Av. Metropolitana,SOLO_DANOS,Volcamiento,Inobservancia de senales,,,,,,,,,,,,
2020-02-26 13:20:15,-4.035117,-79.195777,Calle 10 de Agosto,SOLO_DANOS,Incendio,Estado de embriaguez,,,,,,,,,,,,
2020-04-30 02:23:26,-4.019070,-79.203685,Av. Isidro Ayora,CON_FALLECIDOS,Volcamiento,Fatiga del conductor,54,FALLECIDO,HOMBRE,OTRO,24,FALLECIDO,MUJER,VEH_LIVIANO,,,,
2020-11-22 13:49:19,-3.995870,-79.228767,Av. Reinaldo Espinosa,CON_FALLECIDOS,Volcamiento,Via resbaladiza o mojada,26,FALLECIDO,NO_REGISTRA,VEH_LIVIANO,6,LESIONADO,HOMBRE,MOTOCICLETA,,,,
2020-02-03 05:58:41,-4.020930,-79.201453,Av. Gran Colombia,CON_FALLECIDOS,Colision Multiple,Distraccion (celular/radio),28,FALLECIDO,NO_REGISTRA,CICLISTA,18,LESIONADO,MUJER,MOTOCICLETA,,,,
2020-03-18 18:34:33,-3.979217,-79.177383,Calle Montufar,CON_LESIONADOS,Incendio,Estado de embriaguez,51,LESIONADO,MUJER,SCOOTER,55,LESIONADO,HOMBRE,OTRO,40,LESIONADO,NO_REGISTRA,SCOOTER
2020-02-02 20:32:14,-4.035190,-79.201688,Av. Universitaria,CON_LESIONADOS,Colision Multiple,Equipo de seguridad deficiente,5,LESIONADO,NO_REGISTRA,MOTOCICLETA,13,LESIONADO,NO_REGISTRA,PEATON,,,,
2020-12-23 00:32:08,-4.034314,-79.218365,Calle 18 de Noviembre,CON_LESIONADOS,Choque Vehicular,Mal estado de la via,41,LESIONADO,HOMBRE,MOTOCICLETA,53,LESIONADO,MUJER,MOTOCICLETA,58,LESIONADO,HOMBRE,OTRO
2020-08-12 08:49:26,-3.992154,-79.229894,Calle Bolivar,CON_FALLECIDOS,Volcamiento,Inobservancia de senales,51,FALLECIDO,NO_REGISTRA,MOTOCICLETA,42,FALLECIDO,MUJER,MOTOCICLETA,20,LESIONADO,NO_REGISTRA,PEATON
2020-05-09 10:58:47,-4.008317,-79.222701,Calle 18 de Noviembre,CON_LESIONADOS,Atropellamiento,Fatiga del conductor,67,LESIONADO,NO_REGISTRA,VEH_LIVIANO,59,LESIONADO,NO_REGISTRA,SCOOTER,,,,
2020-09-02 15:18:14,-3.987808,-79.223487,Via Loja - Catamayo,SOLO_DANOS,Colision Multiple,Visibilidad reducida,,,,,,,,,,,,
2020-08-14 06:50:32,-3.997776,-79.172714,Calle Bolivar,CON_FALLECIDOS,Colision Multiple,Factores externos,25,FALLECIDO,MUJER,OTRO,13,LESIONADO,NO_REGISTRA,SCOOTER,,,,
2020-02-15 20:39:35,-3.987034,-79.180619,Via Loja - Zamora,CON_LESIONADOS,Choque Vehicular,Via resbaladiza o mojada,45,LESIONADO,HOMBRE,CICLISTA,76,LESIONADO,HOMBRE,MOTOCICLETA,,,,
2020-06-14 01:16:54,-3.991840,-79.196533,Av. Pio Jaramillo,CON_FALLECIDOS,Colision Multiple,Imprudencia del conductor,63,FALLECIDO,NO_REGISTRA,VEH_LIVIANO,56,FALLECIDO,MUJER,PEATON,,,,
2020-01-22 06:24:12,-4.028607,-79.191035,Ruta 35,SOLO_DANOS,Caida,Estado de embriaguez,,,,,,,,,,,,
2020-11-28 06:14:30,-4.016665,-79.211197,Av. Pio Jaramillo,CON_FALLECIDOS,Accidente Laboral,Fatiga del conductor,76,FALLECIDO,HOMBRE,VEH_LIVIANO,56,LESIONADO,NO_REGISTRA,SCOOTER,56,LESIONADO,MUJER,SCOOTER
2020-10-25 01:43:42,-4.026712,-79.218814,Av. Manuel Agustin Aguirre,SOLO_DANOS,Accidente Laboral,Falla mecanica,,,,,,,,,,,,
2020-09-26 02:42:43,-3.996010,-79.191984,Calle Quito,CON_FALLECIDOS,Accidente Laboral,Via resbaladiza o mojada,34,FALLECIDO,NO_REGISTRA,SCOOTER,45,FALLECIDO,MUJER,SCOOTER,,,,
2020-12-12 22:14:28,-3.992692,-79.191455,Calle Bolivar,CON_LESIONADOS,Volcamiento,Fatiga del conductor,38,LESIONADO,MUJER,CICLISTA,,,,,,,,
2020-11-14 23:49:40,-3.985877,-79.201452,Calle Mercadillo,SOLO_DANOS,Accidente Laboral,Fatiga del conductor,,,,,,,,,,,,
2020-01-16 20:49:14,-4.006678,-79.230342,Av. Isidro Ayora,SOLO_DANOS,Atropellamiento,Equipo de seguridad deficiente,53,LESIONADO,NO_REGISTRA,OTRO,,,,,,,,
2020-09-29 07:55:20,-4.011659,-79.212486,Av. 8 de Diciembre,CON_LESIONADOS,Accidente Laboral,Factores externos,26,LESIONADO,HOMBRE,OTRO,70,LESIONADO,MUJER,SCOOTER,,,,
2020-03-21 02:04:29,-4.009921,-79.209219,Calle Montufar,CON_FALLECIDOS,Choque Vehicular,Estado de embriaguez,46,FALLECIDO,MUJER,VEH_LIVIANO,,,,,,,,
2020-07-21 15:49:30,-4.004227,-79.185088,Calle Miguel Riofrio,SOLO_DANOS,Colision Multiple,Factores externos,,,,,,,,,,,,
2020-01-29 15:54:02,-3.992359,-79.215379,Ruta 35,CON_LESIONADOS,Choque Vehicular,Via resbaladiza o mojada,16,LESIONADO,NO_REGISTRA,PEATON,,,,,,,,
2020-05-29 19:57:29,-4.019005,-79.186842,Calle 18 de Noviembre,CON_FALLECIDOS,Accidente Laboral,Inobservancia de senales,25,FALLECIDO,MUJER,SCOOTER,35,LESIONADO,HOMBRE,MOTOCICLETA,77,LESIONADO,MUJER,OTRO
2020-04-30 12:07:57,-4.031432,-79.199031,Via Loja - Catamayo,CON_FALLECIDOS,Colision Multiple,Imprudencia del conductor,84,FALLECIDO,NO_REGISTRA,PEATON,32,LESIONADO,HOMBRE,VEH_LIVIANO,70,LESIONADO,NO_REGISTRA,MOTOCICLETA
2020-05-24 03:20:57,-4.018452,-79.226111,Av. Cuxibamba,CON_FALLECIDOS,Atropellamiento,Estado de embriaguez,43,FALLECIDO,NO_REGISTRA,PEATON,8,LESIONADO,MUJER,MOTOCICLETA,66,LESIONADO,NO_REGISTRA,MOTOCICLETA
2020-03-01 20:30:02,-4.004844,-79.227185,Calle Azogues,CON_LESIONADOS,Incendio,Fatiga del conductor,56,LESIONADO,MUJER,MOTOCICLETA,73,LESIONADO,NO_REGISTRA,SCOOTER,8,LESIONADO,NO_REGISTRA,PEATON
2020-03-26 21:50:07,-4.028037,-79.205815,Calle Colon,CON_LESIONADOS,Caida,Distraccion (celular/radio),11,LESIONADO,MUJER,MOTOCICLETA,57,LESIONADO,NO_REGISTRA,MOTOCICLETA,5,LESIONADO,MUJER,OTRO
2020-03-06 11:06:50,-4.002179,-79.185741,Via Loja - Catamayo,SOLO_DANOS,Caida,Falla mecanica,,,,,,,,,,,,
2020-08-30 20:06:38,-4.016612,-79.173578,Av. Universitaria,CON_LESIONADOS,Atropellamiento,Via resbaladiza o mojada,61,LESIONADO,NO_REGISTRA,PEATON,20,LESIONADO,MUJER,VEH_LIVIANO,77,LESIONADO,MUJER,MOTOCICLETA
2020-08-06 00:54:16,-3.979597,-79.202619,Av. 8 de Diciembre,CON_LESIONADOS,Volcamiento,Visibilidad reducida,37,LESIONADO,NO_REGISTRA,CICLISTA,,,,,,,,
2020-05-16 08:07:58,-4.012687,-79.227337,Calle Ramon Borrero,CON_LESIONADOS,Colision Multiple,Fatiga del conductor,35,LESIONADO,HOMBRE,PEATON,,,,,,,,
2020-04-09 22:44:21,-4.003399,-79.193045,Av. Reinaldo Espinosa,CON_FALLECIDOS,Incendio,Mal estado de la via,72,FALLECIDO,HOMBRE,OTRO,,,,,,,,
2020-07-30 13:26:03,-4.017755,-79.188047,Calle Montufar,CON_FALLECIDOS,Volcamiento,Falla mecanica,76,FALLECIDO,NO_REGISTRA,VEH_LIVIANO,59,LESIONADO,HOMBRE,PEATON,11,LESIONADO,MUJER,MOTOCICLETA
2020-11-08 12:35:18,-4.013003,-79.180497,Av. Rosa Hermosa,CON_LESIONADOS,Choque Vehicular,Falla mecanica,25,LESIONADO,HOMBRE,SCOOTER,8,LESIONADO,MUJER,CICLISTA,19,LESIONADO,HOMBRE,MOTOCICLETA
2020-04-30 09:22:30,-3.982072,-79.227494,Av. Reinaldo Espinosa,SOLO_DANOS,Choque Vehicular,Exceso de velocidad,,,,,,,,,,,,
2020-06-10 11:53:09,-4.036327,-79.206041,Calle Colon,CON_FALLECIDOS,Volcamiento,Fatiga del conductor,38,FALLECIDO,HOMBRE,CICLISTA,81,FALLECIDO,MUJER,SCOOTER,5,LESIONADO,HOMBRE,CICLISTA
2020-10-02 04:42:33,-3.988607,-79.209981,Av. Pio Jaramillo,CON_FALLECIDOS,Volcamiento,Distraccion (celular/radio),77,FALLECIDO,HOMBRE,PEATON,17,LESIONADO,HOMBRE,PEATON,,,,
2020-08-28 05:45:27,-4.031543,-79.199799,Calle Saraguro,SOLO_DANOS,Atropellamiento,Visibilidad reducida,,,,,,,,,,,,
2020-11-29 02:58:38,-3.984595,-79.212313,Av. Manuel Agustin Aguirre,CON_FALLECIDOS,Colision Multiple,Equipo de seguridad deficiente,54,FALLECIDO,HOMBRE,PEATON,,,,,,,,
2020-09-26 17:01:22,-3.986574,-79.228496,Calle 10 de Agosto,CON_FALLECIDOS,Choque Vehicular,Factores externos,29,FALLECIDO,NO_REGISTRA,OTRO,,,,,,,,
2020-12-08 21:46:06,-4.002065,-79.173557,Calle Montufar,SOLO_DANOS,Colision Multiple,Distraccion (celular/radio),,,,,,,,,,,,
2020-12-05 13:01:05,-3.988906,-79.210124,Calle Ramon Borrero,CON_LESIONADOS,Choque Vehicular,Equipo de seguridad deficiente,75,LESIONADO,NO_REGISTRA,OTRO,70,LESIONADO,NO_REGISTRA,VEH_LIVIANO,,,,
2020-05-13 11:27:53,-4.003322,-79.192672,Av. Gran Colombia,CON_LESIONADOS,Colision Multiple,Estado de embriaguez,17,LESIONADO,NO_REGISTRA,VEH_LIVIANO,80,LESIONADO,HOMBRE,SCOOTER,80,LESIONADO,NO_REGISTRA,SCOOTER
2020-05-14 09:33:25,-4.028719,-79.219767,Calle Bolivar,SOLO_DANOS,Volcamiento,Inobservancia de senales,,,,,,,,,,,,
2020-01-17 15:05:48,-3.989758,-79.212534,Av. Rosa Hermosa,CON_LESIONADOS,Colision Multiple,Mal estado de la via,73,LESIONADO,MUJER,SCOOTER,52,LESIONADO,NO_REGISTRA,MOTOCICLETA,66,LESIONADO,NO_REGISTRA,VEH_LIVIANO
2020-08-08 05:33:03,-4.025297,-79.220441,Ruta 35,CON_LESIONADOS,Volcamiento,Factores externos,69,LESIONADO,MUJER,MOTOCICLETA,56,LESIONADO,MUJER,VEH_LIVIANO,,,,
2020-11-07 11:29:27,-3.990021,-79.184737,Av. Universitaria,CON_FALLECIDOS,Accidente Laboral,Fatiga del conductor,41,FALLECIDO,MUJER,MOTOCICLETA,74,FALLECIDO,NO_REGISTRA,OTRO,23,LESIONADO,MUJER,SCOOTER
2020-01-10 16:56:53,-3.997042,-79.192591,Calle Ramon Borrero,SOLO_DANOS,Atropellamiento,Falla mecanica,,,,,,,,,,,,
2020-04-24 06:16:45,-4.035978,-79.186938,Via Loja - Zamora,SOLO_DANOS,Colision Multiple,Fatiga del conductor,,,,,,,,,,,,
2020-07-01 11:38:18,-4.024457,-79.171023,Ruta 35,CON_LESIONADOS,Volcamiento,Falla mecanica,45,LESIONADO,NO_REGISTRA,VEH_LIVIANO,,,,,,,,
2020-03-30 22:45:46,-4.012681,-79.201722,Av. Rosa Hermosa,CON_LESIONADOS,Atropellamiento,Distraccion (celular/radio),63,LESIONADO,HOMBRE,PEATON,67,LESIONADO,HOMBRE,CICLISTA,,,,
2020-07-26 23:45:22,-4.020375,-79.225887,Av. Pio Jaramillo,SOLO_DANOS,Volcamiento,Via resbaladiza o mojada,,,,,,,,,,,,
2020-01-18 12:37:16,-3.984665,-79.218041,Via Loja - Catamayo,CON_FALLECIDOS,Caida,Falla mecanica,67,FALLECIDO,HOMBRE,PEATON,43,LESIONADO,HOMBRE,VEH_LIVIANO,,,,
2020-09-23 23:04:52,-3.995404,-79.201312,Av. Cuxibamba,SOLO_DANOS,Accidente Laboral,Exceso de velocidad,,,,,,,,,,,,
2020-04-09 22:10:20,-4.003102,-79.179723,Av. Reinaldo Espinosa,CON_FALLECIDOS,Caida,Mal estado de la via,24,FALLECIDO,MUJER,CICLISTA,49,FALLECIDO,MUJER,CICLISTA,65,LESIONADO,MUJER,OTRO
2020-05-22 16:48:08,-4.002677,-79.205973,Calle Bolivar,CON_LESIONADOS,Atropellamiento,Via resbaladiza o mojada,21,LESIONADO,NO_REGISTRA,CICLISTA,42,LESIONADO,HOMBRE,VEH_LIVIANO,78,LESIONADO,NO_REGISTRA,MOTOCICLETA
2020-07-08 11:00:36,-3.981324,-79.214742,Av. Reinaldo Espinosa,CON_LESIONADOS,Incendio,Distraccion (celular/radio),32,LESIONADO,NO_REGISTRA,CICLISTA,32,LESIONADO,NO_REGISTRA,SCOOTER,,,,
2020-08-19 01:54:28,-3.991090,-79.219690,Calle Quito,CON_LESIONADOS,Incendio,Visibilidad reducida,6,LESIONADO,MUJER,MOTOCICLETA,77,LESIONADO,MUJER,SCOOTER,,,,
2020-07-28 03:10:47,-4.003769,-79.201418,Calle Rocafuerte,SOLO_DANOS,Accidente Laboral,Inobservancia de senales,,,,,,,,,,,,
2020-10-16 02:38:15,-4.008880,-79.223014,Av. 8 de Diciembre,SOLO_DANOS,Choque Vehicular,Visibilidad reducida,,,,,,,,,,,,
2020-04-12 19:32:20,-4.003369,-79.192990,Calle Saraguro,SOLO_DANOS,Incendio,Via resbaladiza o mojada,,,,,,,,,,,,
2020-06-04 12:56:50,-3.999528,-79.174804,Calle Saraguro,SOLO_DANOS,Colision Multiple,Via resbaladiza o mojada,39,LESIONADO,HOMBRE,VEH_LIVIANO,,,,,,,,
2020-07-30 02:01:26,-3.986459,-79.180027,Av. Orillas del Zamora,CON_FALLECIDOS,Incendio,Distraccion (celular/radio),37,FALLECIDO,HOMBRE,SCOOTER,73,FALLECIDO,NO_REGISTRA,MOTOCICLETA,73,LESIONADO,HOMBRE,SCOOTER
2020-09-21 05:17:08,-3.982608,-79.210242,Via Loja - Zamora,CON_FALLECIDOS,Volcamiento,Equipo de seguridad deficiente,30,FALLECIDO,HOMBRE,SCOOTER,35,LESIONADO,NO_REGISTRA,SCOOTER,,,,
2020-11-24 18:12:02,-4.012815,-79.208742,Av. 8 de Diciembre,CON_LESIONADOS,Accidente Laboral,Via resbaladiza o mojada,33,LESIONADO,MUJER,OTRO,27,LESIONADO,NO_REGISTRA,SCOOTER,,,,
2020-12-07 14:53:38,-4.006512,-79.171567,Av. Rosa Hermosa,CON_FALLECIDOS,Caida,Exceso de velocidad,53,FALLECIDO,NO_REGISTRA,CICLISTA,39,FALLECIDO,MUJER,SCOOTER,,,,
2020-06-18 08:14:24,-3.988881,-79.202420,Calle Saraguro,SOLO_DANOS,Accidente Laboral,Imprudencia del conductor,,,,,,,,,,,,
2020-04-19 03:39:09,-4.005319,-79.182677,Calle 18 de Noviembre,CON_LESIONADOS,Incendio,Equipo de seguridad deficiente,48,LESIONADO,NO_REGISTRA,VEH_LIVIANO,,,,,,,,
2020-10-07 09:32:18,-4.024870,-79.223083,Via Loja - Catamayo,SOLO_DANOS,Accidente Laboral,Via resbaladiza o mojada,,,,,,,,,,,,
2020-12-08 07:19:33,-3.988192,-79.212158,Av. Orillas del Zamora,SOLO_DANOS,Colision Multiple,Equipo de seguridad deficiente,,,,,,,,,,,,
2020-01-28 22:42:44,-4.027271,-79.226087,Calle Ramon Borrero,SOLO_DANOS,Volcamiento,Falla mecanica,,,,,,,,,,,,
2020-05-04 02:43:59,-4.004536,-79.177007,Av. Pio Jaramillo,CON_LESIONADOS,Volcamiento,Factores externos,23,LESIONADO,NO_REGISTRA,VEH_LIVIANO,,,,,,,,
2020-07-04 14:29:00,-4.034446,-79.175307,Av. Rosa Hermosa,SOLO_DANOS,Volcamiento,Via resbaladiza o mojada,6,LESIONADO,NO_REGISTRA,CICLISTA,,,,,,,,
2020-04-11 00:45:28,-3.989738,-79.197045,Via Loja - Zamora,SOLO_DANOS,Caida,Via resbaladiza o mojada,,,,,,,,,,,,
2020-02-03 12:04:49,-3.982661,-79.223826,Av. Gran Colombia,SOLO_DANOS,Colision Multiple,Via resbaladiza o mojada,,,,,,,,,,,,
2020-10-04 12:43:33,-4.016113,-79.182704,Av. Isidro Ayora,CON_FALLECIDOS,Choque Vehicular,Fatiga del conductor,24,FALLECIDO,NO_REGISTRA,PEATON,6,LESIONADO,NO_REGISTRA,MOTOCICLETA,,,,
2020-11-24 20:55:32,-4.018154,-79.212085,Calle Montufar,CON_LESIONADOS,Incendio,Fatiga del conductor,29,LESIONADO,NO_REGISTRA,SCOOTER,68,LESIONADO,HOMBRE,PEATON,63,LESIONADO,NO_REGISTRA,PEATON
2020-03-13 15:18:22,-4.026793,-79.221722,Av. Gran Colombia,SOLO_DANOS,Incendio,Fatiga del conductor,,,,,,,,,,,,
2020-12-17 13:44:54,-4.001441,-79.177302,Via Loja - Catamayo,CON_LESIONADOS,Incendio,Via resbaladiza o mojada,15,LESIONADO,HOMBRE,VEH_LIVIANO,6,LESIONADO,MUJER,OTRO,,,,
2020-03-05 15:07:04,-3.998929,-79.216430,Ruta 35,CON_FALLECIDOS,Choque Vehicular,Mal estado de la via,20,FALLECIDO,NO_REGISTRA,CICLISTA,62,LESIONADO,HOMBRE,PEATON,39,LESIONADO,MUJER,PEATON
2020-07-01 16:28:02,-4.004238,-79.218821,Calle Ramon Borrero,CON_FALLECIDOS,Caida,Fatiga del conductor,70,FALLECIDO,MUJER,MOTOCICLETA,,,,,,,,
2020-05-30 15:07:10,-3.989713,-79.175291,Calle Ramon Borrero,CON_FALLECIDOS,Incendio,Fatiga del conductor,21,FALLECIDO,HOMBRE,PEATON,69,FALLECIDO,NO_REGISTRA,SCOOTER,69,LESIONADO,HOMBRE,CICLISTA
2020-07-30 21:41:42,-3.999680,-79.219959,Av. Cuxibamba,CON_LESIONADOS,Caida,Estado de embriaguez,21,LESIONADO,NO_REGISTRA,VEH_LIVIANO,,,,,,,,
2020-04-19 18:54:50,-4.028891,-79.221493,Calle Mercadillo,CON_LESIONADOS,Choque Vehicular,Visibilidad reducida,71,LESIONADO,HOMBRE,PEATON,65,LESIONADO,MUJER,SCOOTER,6,LESIONADO,MUJER,MOTOCICLETA
2020-08-06 10:53:10,-4.032988,-79.209695,Calle Ramon Borrero,CON_LESIONADOS,Incendio,Mal estado de la via,51,LESIONADO,MUJER,VEH_LIVIANO,7,LESIONADO,HOMBRE,MOTOCICLETA,,,,
2020-11-29 13:11:26,-4.007039,-79.217251,Calle Quito,CON_FALLECIDOS,Accidente Laboral,Falla mecanica,59,FALLECIDO,HOMBRE,MOTOCICLETA,49,LESIONADO,HOMBRE,SCOOTER,,,,
2020-06-09 14:25:07,-4.016185,-79.187998,Calle Montufar,CON_FALLECIDOS,Choque Vehicular,Estado de embriaguez,24,FALLECIDO,MUJER,SCOOTER,39,FALLECIDO,HOMBRE,MOTOCICLETA,8,LESIONADO,MUJER,CICLISTA
2020-01-29 17:37:49,-3.995751,-79.184636,Av. Cuxibamba,CON_FALLECIDOS,Accidente Laboral,Mal estado de la via,65,FALLECIDO,NO_REGISTRA,CICLISTA,65,FALLECIDO,NO_REGISTRA,OTRO,72,LESIONADO,MUJER,VEH_LIVIANO
2020-01-31 00:21:54,-4.002882,-79.177273,Av. Metropolitana,CON_LESIONADOS,Volcamiento,Fatiga del conductor,15,LESIONADO,HOMBRE,CICLISTA,59,LESIONADO,NO_REGISTRA,OTRO,48,LESIONADO,MUJER,MOTOCICLETA
2020-05-03 22:52:20,-3.983076,-79.196215,Av. Manuel Agustin Aguirre,SOLO_DANOS,Atropellamiento,Factores externos,,,,,,,,,,,,
2020-08-17 16:17:17,-3.978329,-79.228610,Ruta 35,CON_FALLECIDOS,Atropellamiento,Falla mecanica,55,FALLECIDO,HOMBRE,PEATON,,,,,,,,
2020-04-16 05:12:55,-3.979624,-79.217380,Calle Imbabura,SOLO_DANOS,Volcamiento,Inobservancia de senales,,,,,,,,,,,,
2020-12-14 15:46:55,-3.980854,-79.215884,Av. Gran Colombia,SOLO_DANOS,Atropellamiento,Estado de embriaguez,,,,,,,,,,,,
2020-07-31 14:42:29,-4.021111,-79.198165,Calle Quito,CON_FALLECIDOS,Volcamiento,Estado de embriaguez,83,FALLECIDO,MUJER,PEATON,55,LESIONADO,NO_REGISTRA,VEH_LIVIANO,10,LESIONADO,MUJER,PEATON
2020-09-24 03:25:27,-3.988854,-79.228978,Via Loja - Zamora,SOLO_DANOS,Colision Multiple,Estado de embriaguez,,,,,,,,,,,,
2020-10-25 16:35:01,-3.990090,-79.187779,Calle Miguel Riofrio,SOLO_DANOS,Colision Multiple,Visibilidad reducida,,,,,,,,,,,,
2020-01-16 18:43:40,-3.996905,-79.178371,Calle Miguel Riofrio,CON_LESIONADOS,Atropellamiento,Factores externos,77,LESIONADO,HOMBRE,SCOOTER,,,,,,,,
2020-10-11 06:30:28,-3.997022,-79.182776,Calle Imbabura,SOLO_DANOS,Incendio,Via resbaladiza o mojada,47,LESIONADO,MUJER,CICLISTA,,,,,,,,
2020-06-28 19:54:47,-3.991725,-79.212992,Av. Isidro Ayora,CON_FALLECIDOS,Accidente Laboral,Estado de embriaguez,45,FALLECIDO,MUJER,OTRO,78,FALLECIDO,MUJER,CICLISTA,18,LESIONADO,NO_REGISTRA,CICLISTA
2020-01-06 19:50:41,-3.982883,-79.178322,Calle Saraguro,SOLO_DANOS,Caida,Mal estado de la via,,,,,,,,,,,,
2020-01-12 04:59:36,-3.986032,-79.216700,Calle Quito,CON_LESIONADOS,Incendio,Via resbaladiza o mojada,46,LESIONADO,MUJER,SCOOTER,34,LESIONADO,NO_REGISTRA,SCOOTER,80,LESIONADO,NO_REGISTRA,OTRO
2020-11-13 01:04:36,-3.988379,-79.182685,Av. Gran Colombia,SOLO_DANOS,Colision Multiple,Via resbaladiza o mojada,,,,,,,,,,,,
2020-12-26 00:34:35,-3.979257,-79.188540,Calle 10 de Agosto,CON_LESIONADOS,Choque Vehicular,Mal estado de la via,43,LESIONADO,HOMBRE,OTRO,,,,,,,,
2020-02-12 15:11:37,-4.017111,-79.225653,Av. Rosa Hermosa,SOLO_DANOS,Colision Multiple,Estado de embriaguez,,,,,,,,,,,,
2020-01-29 21:51:14,-3.982337,-79.195872,Via Loja - Catamayo,CON_LESIONADOS,Incendio,Fatiga del conductor,58,LESIONADO,NO_REGISTRA,VEH_LIVIANO,77,LESIONADO,NO_REGISTRA,CICLISTA,19,LESIONADO,NO_REGISTRA,MOTOCICLETA
2020-03-02 02:56:25,-4.001466,-79.220203,Calle Mercadillo,CON_LESIONADOS,Accidente Laboral,Imprudencia del conductor,79,LESIONADO,HOMBRE,MOTOCICLETA,75,LESIONADO,MUJER,MOTOCICLETA,49,LESIONADO,HOMBRE,SCOOTER
2020-08-26 15:12:26,-3.993552,-79.177821,Calle Montufar,CON_FALLECIDOS,Accidente Laboral,Inobservancia de senales,47,FALLECIDO,HOMBRE,CICLISTA,19,LESIONADO,HOMBRE,PEATON,,,,
2020-07-13 00:44:37,-4.000035,-79.177662,Calle Rocafuerte,CON_LESIONADOS,Colision Multiple,Exceso de velocidad,39,LESIONADO,MUJER,CICLISTA,13,LESIONADO,MUJER,CICLISTA,,,,
2020-02-19 04:15:42,-3.984911,-79.195798,Calle Ramon Borrero,SOLO_DANOS,Accidente Laboral,Via resbaladiza o mojada,,,,,,,,,,,,
2020-10-23 07:24:05,-4.021616,-79.194506,Av. Cuxibamba,CON_LESIONADOS,Accidente Laboral,Falla mecanica,51,LESIONADO,HOMBRE,VEH_LIVIANO,51,LESIONADO,HOMBRE,SCOOTER,,,,
2020-07-20 08:44:54,-3.990480,-79.213162,Av. Metropolitana,SOLO_DANOS,Choque Vehicular,Estado de embriaguez,,,,,,,,,,,,
2020-11-20 13:55:31,-4.010634,-79.219456,Calle Quito,CON_LESIONADOS,Colision Multiple,Distraccion (celular/radio),72,LESIONADO,HOMBRE,OTRO,,,,,,,,