fecha_hora,latitud,longitud,via,grado_severidad,tipo_siniestro,causa_probable,victima1_edad,victima1_condicion,victima1_sexo,victima1_actor_vial,victima2_edad,victima2_condicion,victima2_sexo,victima2_actor_vial,victima3_edad,victima3_condicion,victima3_sexo,victima3_actor_vial
2020-12-04 14:33:47,-4.000900,-79.190588,Calle Saraguro,CON_FALLECIDOS,Incendio,Visibilidad reducida,83,FALLECIDO,MUJER,SCOOTER,62,LESIONADO,HOMBRE,CICLISTA,29,LESIONADO,HOMBRE,VEH_LIVIANO
2020-11-25 23:19:13,-4.011175,-79.174458,Calle Quito,CON_FALLECIDOS,Accidente Laboral,Exceso de velocidad,27,FALLECIDO,NO_REGISTRA,PEATON,62,FALLECIDO,HOMBRE,CICLISTA,,,,
2020-10-30 14:11:24,-4.016838,-79.197525,Av. Rosa Hermosa,CON_LESIONADOS,Atropellamiento,Distraccion (celular/radio),10,LESIONADO,NO_REGISTRA,OTRO,,,,,,,,
2020-04-07 06:18:46,-3.994625,-79.174502,Calle Ramon Borrero,CON_LESIONADOS,Colision Multiple,Imprudencia del conductor,40,LESIONADO,NO_REGISTRA,SCOOTER,,,,,,,,
2020-12-07 19:45:05,-4.035546,-79.174940,Calle Sucre,CON_LESIONADOS,Incendio,Equipo de seguridad deficiente,46,LESIONADO,NO_REGISTRA,PEATON,6,LESIONADO,MUJER,OTRO,,,,
2020-06-28 03:06:07,-4.017880,-79.182303,Av. Reinaldo Espinosa,CON_LESIONADOS,Volcamiento,Fatiga del conductor,24,LESIONADO,MUJER,OTRO,,,,,,,,
2020-03-01 07:47:43,-4.025159,-79.224313,Av. Gran Colombia,SOLO_DANOS,Accidente Laboral,Visibilidad reducida,,,,,,,,,,,,
2020-02-29 22:14:19,-3.987631,-79.206574,Via Loja - Zamora,CON_LESIONADOS,Volcamiento,Exceso de velocidad,36,LESIONADO,NO_REGISTRA,PEATON,39,LESIONADO,MUJER,PEATON,,,,
2020-09-17 11:44:34,-4.020184,-79.216774,Av. Cuxibamba,CON_FALLECIDOS,Accidente Laboral,Distraccion (celular/radio),33,FALLECIDO,NO_REGISTRA,MOTOCICLETA,69,LESIONADO,HOMBRE,VEH_LIVIANO,56,LESIONADO,NO_REGISTRA,MOTOCICLETA
2020-06-27 16:44:33,-4.002918,-79.186771,Ruta 35,CON_LESIONADOS,Colision Multiple,Falla mecanica,79,LESIONADO,HOMBRE,VEH_LIVIANO,57,LESIONADO,HOMBRE,SCOOTER,78,LESIONADO,HOMBRE,SCOOTER
2020-11-16 00:00:38,-3.982258,-79.224357,Via Loja - Zamora,CON_LESIONADOS,Atropellamiento,Via resbaladiza o mojada,28,LESIONADO,NO_REGISTRA,SCOOTER,,,,,,,,
2020-06-05 16:50:57,-4.031984,-79.213750,Av. Gran Colombia,SOLO_DANOS,Atropellamiento,Visibilidad reducida,,,,,,,,,,,,
2020-11-07 15:27:12,-3.994949,-79.196005,Ruta 35,SOLO_DANOS,Colision Multiple,Distraccion (celular/radio),,,,,,,,,,,,
2020-07-15 22:02:14,-4.034176,-79.202017,Calle Miguel Riofrio,SOLO_DANOS,Choque Vehicular,Factores externos,,,,,,,,,,,,
2020-12-21 04:42:02,-3.984748,-79.192293,Calle Ramon Borrero,SOLO_DANOS,Colision Multiple,Distraccion (celular/radio),,,,,,,,,,,,
2020-04-13 20:45:36,-4.026728,-79.217708,Av. Rosa Hermosa,CON_LESIONADOS,Atropellamiento,Visibilidad reducida,79,LESIONADO,NO_REGISTRA,OTRO,,,,,,,,
2020-08-29 12:40:29,-4.021542,-79.221028,Calle 10 de Agosto,CON_FALLECIDOS,Incendio,Via resbaladiza o mojada,26,FALLECIDO,NO_REGISTRA,MOTOCICLETA,55,FALLECIDO,NO_REGISTRA,MOTOCICLETA,,,,
2020-06-19 22:39:52,-3.982617,-79.178631,Calle Colon,CON_FALLECIDOS,Caida,Via resbaladiza o mojada,25,FALLECIDO,MUJER,MOTOCICLETA,17,LESIONADO,MUJER,MOTOCICLETA,41,LESIONADO,HOMBRE,PEATON
2020-07-30 15:30:42,-3.987314,-79.226973,Calle 18 de Noviembre,CON_FALLECIDOS,Atropellamiento,Distraccion (celular/radio),45,FALLECIDO,MUJER,CICLISTA,55,LESIONADO,NO_REGISTRA,PEATON,66,LESIONADO,NO_REGISTRA,SCOOTER
2020-12-18 22:54:57,-3.995217,-79.201244,Calle Imbabura,SOLO_DANOS,Atropellamiento,Imprudencia del conductor,,,,,,,,,,,,
2020-04-18 10:57:38,-4.018306,-79.173375,Av. Reinaldo Espinosa,CON_LESIONADOS,Incendio,Exceso de velocidad,34,LESIONADO,NO_REGISTRA,MOTOCICLETA,,,,,,,,
2020-03-04 14:00:25,-3.978230,-79.222240,Calle Colon,CON_LESIONADOS,Accidente Laboral,Via resbaladiza o mojada,35,LESIONADO,HOMBRE,MOTOCICLETA,74,LESIONADO,HOMBRE,MOTOCICLETA,,,,
2020-02-28 08:53:11,-4.032399,-79.185644,Av. 8 de Diciembre,CON_LESIONADOS,Volcamiento,Equipo de seguridad deficiente,56,LESIONADO,MUJER,PEATON,38,LESIONADO,NO_REGISTRA,SCOOTER,,,,
2020-02-15 12:24:00,-3.997423,-79.216702,Calle Rocafuerte,SOLO_DANOS,Accidente Laboral,Visibilidad reducida,,,,,,,,,,,,
2020-07-16 16:07:15,-4.003351,-79.223377,Av. Reinaldo Espinosa,CON_FALLECIDOS,Choque Vehicular,Via resbaladiza o mojada,77,FALLECIDO,NO_REGISTRA,SCOOTER,22,LESIONADO,MUJER,PEATON,28,LESIONADO,MUJER,MOTOCICLETA
2020-09-10 22:38:12,-4.001389,-79.215072,Calle Bolivar,CON_LESIONADOS,Colision Multiple,Mal estado de la via,80,LESIONADO,NO_REGISTRA,OTRO,,,,,,,,
2020-03-24 23:48:58,-4.021442,-79.220670,Av. Orillas del Zamora,CON_LESIONADOS,Incendio,Fatiga del conductor,67,LESIONADO,HOMBRE,OTRO,51,LESIONADO,MUJER,MOTOCICLETA,,,,
2020-05-21 19:01:14,-4.007431,-79.212269,Calle Montufar,SOLO_DANOS,Caida,Via resbaladiza o mojada,,,,,,,,,,,,
2020-10-24 03:16:24,-3.989077,-79.208732,Av. Universitaria,SOLO_DANOS,Colision Multiple,Factores externos,,,,,,,,,,,,
2020-07-01 09:25:16,-3.996771,-79.214716,Calle Imbabura,CON_LESIONADOS,Incendio,Exceso de velocidad,41,LESIONADO,HOMBRE,MOTOCICLETA,42,LESIONADO,HOMBRE,PEATON,,,,
2020-08-21 14:12:09,-4.006177,-79.227382,Av. 8 de Diciembre,CON_FALLECIDOS,Atropellamiento,Mal estado de la via,83,FALLECIDO,MUJER,CICLISTA,,,,,,,,
2020-02-18 14:29:18,-3.998052,-79.190585,Av. Gran Colombia,CON_FALLECIDOS,Atropellamiento,Distraccion (celular/radio),57,FALLECIDO,MUJER,SCOOTER,60,FALLECIDO,HOMBRE,SCOOTER,18,LESIONADO,MUJER,MOTOCICLETA
2020-03-22 15:05:49,-4.002990,-79.225762,Calle Sucre,CON_LESIONADOS,Atropellamiento,Falla mecanica,13,LESIONADO,NO_REGISTRA,SCOOTER,76,LESIONADO,MUJER,MOTOCICLETA,,,,
2020-06-24 07:09:30,-3.978844,-79.171323,Av. Manuel Agustin Aguirre,CON_LESIONADOS,Choque Vehicular,Estado de embriaguez,53,LESIONADO,MUJER,PEATON,10,LESIONADO,NO_REGISTRA,MOTOCICLETA,,,,
2020-05-01 22:43:30,-3.989458,-79.177468,Calle Montufar,CON_LESIONADOS,Incendio,Estado de embriaguez,68,LESIONADO,HOMBRE,CICLISTA,,,,,,,,
2020-02-08 02:19:31,-3.997433,-79.203364,Calle Saraguro,CON_LESIONADOS,Incendio,Imprudencia del conductor,59,LESIONADO,MUJER,PEATON,8,LESIONADO,HOMBRE,MOTOCICLETA,,,,
2020-07-01 06:44:06,-4.031838,-79.199735,Calle Quito,CON_LESIONADOS,Incendio,Inobservancia de senales,67,LESIONADO,MUJER,OTRO,67,LESIONADO,NO_REGISTRA,CICLISTA,14,LESIONADO,HOMBRE,MOTOCICLETA
2020-01-19 18:19:51,-3.987062,-79.215454,Calle 10 de Agosto,SOLO_DANOS,Atropellamiento,Inobservancia de senales,,,,,,,,,,,,
2020-11-16 12:31:47,-4.007882,-79.201222,Via Loja - Zamora,SOLO_DANOS,Incendio,Visibilidad reducida,,,,,,,,,,,,
2020-11-15 11:15:31,-3.988928,-79.220052,Calle 18 de Noviembre,CON_FALLECIDOS,Choque Vehicular,Estado de embriaguez,63,FALLECIDO,NO_REGISTRA,SCOOTER,26,LESIONADO,NO_REGISTRA,MOTOCICLETA,80,LESIONADO,MUJER,VEH_LIVIANO
2020-12-21 21:33:24,-4.030712,-79.206147,Av. Pio Jaramillo,CON_FALLECIDOS,Choque Vehicular,Distraccion (celular/radio),25,FALLECIDO,MUJER,VEH_LIVIANO,26,FALLECIDO,NO_REGISTRA,VEH_LIVIANO,54,LESIONADO,NO_REGISTRA,SCOOTER
2020-07-14 07:56:37,-4.016877,-79.210419,Av. Pio Jaramillo,CON_FALLECIDOS,Caida,Visibilidad reducida,77,FALLECIDO,HOMBRE,CICLISTA,71,LESIONADO,HOMBRE,PEATON,,,,
2020-03-27 09:29:16,-4.000163,-79.187786,Av. Rosa Hermosa,CON_LESIONADOS,Choque Vehicular,Equipo de seguridad deficiente,24,LESIONADO,NO_REGISTRA,VEH_LIVIANO,71,LESIONADO,HOMBRE,VEH_LIVIANO,,,,
2020-04-25 06:52:42,-4.023554,-79.177095,Calle 18 de Noviembre,CON_LESIONADOS,Atropellamiento,Via resbaladiza o mojada,57,LESIONADO,NO_REGISTRA,PEATON,52,LESIONADO,NO_REGISTRA,OTRO,,,,
2020-04-07 16:26:41,-4.027083,-79.200726,Av. Isidro Ayora,CON_FALLECIDOS,Choque Vehicular,Fatiga del conductor,22,FALLECIDO,NO_REGISTRA,PEATON,58,FALLECIDO,NO_REGISTRA,MOTOCICLETA,,,,
2020-10-26 07:06:16,-4.010225,-79.196430,Calle Imbabura,SOLO_DANOS,Caida,Factores externos,,,,,,,,,,,,
2020-01-08 02:18:44,-3.998325,-79.187546,Calle Mercadillo,SOLO_DANOS,Volcamiento,Estado de embriaguez,,,,,,,,,,,,
2020-10-05 10:09:27,-4.014754,-79.209224,Av. 8 de Diciembre,CON_FALLECIDOS,Choque Vehicular,Fatiga del conductor,79,FALLECIDO,NO_REGISTRA,MOTOCICLETA,61,FALLECIDO,NO_REGISTRA,VEH_LIVIANO,35,LESIONADO,NO_REGISTRA,PEATON
2020-10-21 18:20:28,-4.034676,-79.172589,Av. Manuel Agustin Aguirre,SOLO_DANOS,Accidente Laboral,Falla mecanica,,,,,,,,,,,,
2020-05-20 17:59:53,-4.007188,-79.189429,Av. Universitaria,SOLO_DANOS,Choque Vehicular,Falla mecanica,,,,,,,,,,,,
2020-05-07 06:04:13,-4.020202,-79.230518,Av. Reinaldo Espinosa,CON_FALLECIDOS,Colision Multiple,Visibilidad reducida,65,FALLECIDO,NO_REGISTRA,CICLISTA,39,LESIONADO,NO_REGISTRA,MOTOCICLETA,51,LESIONADO,HOMBRE,OTRO
2020-05-16 09:48:15,-4.012161,-79.211417,Av. Metropolitana,CON_LESIONADOS,Colision Multiple,Mal estado de la via,58,LESIONADO,HOMBRE,MOTOCICLETA,33,LESIONADO,NO_REGISTRA,PEATON,,,,
2020-08-18 19:49:44,-3.992358,-79.195743,Calle Mercadillo,SOLO_DANOS,Atropellamiento,Exceso de velocidad,,,,,,,,,,,,
2020-10-06 00:38:01,-4.023182,-79.172438,Calle 18 de Noviembre,CON_LESIONADOS,Accidente Laboral,Falla mecanica,43,LESIONADO,HOMBRE,OTRO,51,LESIONADO,HOMBRE,VEH_LIVIANO,54,LESIONADO,NO_REGISTRA,PEATON
2020-01-15 00:58:28,-4.008466,-79.211414,Via Loja - Zamora,CON_FALLECIDOS,Accidente Laboral,Mal estado de la via,54,FALLECIDO,NO_REGISTRA,PEATON,,,,,,,,
2020-09-14 18:53:02,-4.023830,-79.205964,Calle Miguel Riofrio,CON_LESIONADOS,Accidente Laboral,Falla mecanica,56,LESIONADO,HOMBRE,CICLISTA,50,LESIONADO,MUJER,VEH_LIVIANO,50,LESIONADO,NO_REGISTRA,SCOOTER
2020-05-13 19:36:00,-3.993702,-79.201276,Av. Reinaldo Espinosa,CON_FALLECIDOS,Atropellamiento,Exceso de velocidad,23,FALLECIDO,MUJER,OTRO,27,FALLECIDO,HOMBRE,OTRO,7,LESIONADO,MUJER,PEATON
2020-10-20 12:45:36,-4.015371,-79.217757,Calle Colon,CON_FALLECIDOS,Volcamiento,Mal estado de la via,37,FALLECIDO,NO_REGISTRA,OTRO,55,FALLECIDO,HOMBRE,VEH_LIVIANO,67,LESIONADO,NO_REGISTRA,CICLISTA
2020-01-27 04:17:44,-3.987079,-79.228989,Calle Imbabura,SOLO_DANOS,Caida,Via resbaladiza o mojada,,,,,,,,,,,,
2020-03-17 12:40:12,-3.982274,-79.186081,Av. Gran Colombia,CON_LESIONADOS,Accidente Laboral,Estado de embriaguez,50,LESIONADO,HOMBRE,MOTOCICLETA,71,LESIONADO,HOMBRE,OTRO,,,,
2020-07-15 18:07:01,-3.989282,-79.215119,Av. Metropolitana,CON_LESIONADOS,Atropellamiento,Fatiga del conductor,70,LESIONADO,HOMBRE,OTRO,66,LESIONADO,MUJER,OTRO,17,LESIONADO,MUJER,CICLISTA
2020-01-07 02:06:03,-4.032365,-79.218337,Av. 8 de Diciembre,CON_FALLECIDOS,Incendio,Exceso de velocidad,46,FALLECIDO,NO_REGISTRA,CICLISTA,62,LESIONADO,NO_REGISTRA,MOTOCICLETA,,,,
2020-06-03 23:32:10,-3.981771,-79.219592,Calle Bolivar,SOLO_DANOS,Choque Vehicular,Inobservancia de senales,,,,,,,,,,,,
2020-02-02 09:10:28,-3.993264,-79.186325,Calle Saraguro,SOLO_DANOS,Choque Vehicular,Exceso de velocidad,,,,,,,,,,,,
2020-10-23 05:57:40,-3.998569,-79.217570,Calle Montufar,CON_LESIONADOS,Incendio,Via resbaladiza o mojada,18,LESIONADO,MUJER,CICLISTA,61,LESIONADO,HOMBRE,VEH_LIVIANO,,,,
2020-06-07 20:20:21,-4.020374,-79.176740,Calle Saraguro,CON_LESIONADOS,Volcamiento,Mal estado de la via,42,LESIONADO,MUJER,VEH_LIVIANO,48,LESIONADO,NO_REGISTRA,OTRO,80,LESIONADO,HOMBRE,OTRO
2020-12-13 01:36:50,-4.029293,-79.183174,Av. Pio Jaramillo,SOLO_DANOS,Atropellamiento,Inobservancia de senales,,,,,,,,,,,,
2020-06-24 22:57:54,-4.019085,-79.217392,Calle Saraguro,CON_FALLECIDOS,Colision Multiple,Factores externos,37,FALLECIDO,MUJER,MOTOCICLETA,34,FALLECIDO,HOMBRE,PEATON,,,,
2020-06-09 20:44:05,-3.980195,-79.212867,Av. Reinaldo Espinosa,CON_LESIONADOS,Caida,Visibilidad reducida,42,LESIONADO,NO_REGISTRA,MOTOCICLETA,,,,,,,,
2020-04-16 12:54:28,-4.022187,-79.194062,Av. Orillas del Zamora,SOLO_DANOS,Atropellamiento,Inobservancia de senales,,,,,,,,,,,,
2020-10-19 23:41:54,-4.005499,-79.196266,Av. Gran Colombia,SOLO_DANOS,Volcamiento,Factores externos,,,,,,,,,,,,
2020-06-17 07:19:31,-3.984290,-79.209521,Av. Isidro Ayora,CON_FALLECIDOS,Caida,Imprudencia del conductor,37,FALLECIDO,NO_REGISTRA,MOTOCICLETA,41,FALLECIDO,NO_REGISTRA,SCOOTER,35,LESIONADO,MUJER,VEH_LIVIANO
2020-03-09 22:30:29,-3.985198,-79.197446,Calle Ramon Borrero,CON_LESIONADOS,Caida,Imprudencia del conductor,68,LESIONADO,HOMBRE,MOTOCICLETA,20,LESIONADO,NO_REGISTRA,MOTOCICLETA,65,LESIONADO,HOMBRE,MOTOCICLETA
2020-02-05 04:34:01,-3.998545,-79.194932,Av. Isidro Ayora,CON_LESIONADOS,Incendio,Exceso de velocidad,33,LESIONADO,HOMBRE,OTRO,,,,,,,,
2020-11-27 12:25:11,-4.000529,-79.230781,Ruta 35,CON_FALLECIDOS,Incendio,Factores externos,43,FALLECIDO,HOMBRE,SCOOTER,,,,,,,,
2020-02-21 17:58:33,-4.004364,-79.182874,Calle Ramon Borrero,CON_LESIONADOS,Colision Multiple,Equipo de seguridad deficiente,9,LESIONADO,MUJER,OTRO,,,,,,,,
2020-04-25 12:54:40,-3.999200,-79.199779,Calle Montufar,CON_LESIONADOS,Caida,Visibilidad reducida,49,LESIONADO,NO_REGISTRA,PEATON,72,LESIONADO,NO_REGISTRA,SCOOTER,18,LESIONADO,NO_REGISTRA,MOTOCICLETA
2020-03-16 01:21:55,-4.036244,-79.193714,Calle Imbabura,CON_LESIONADOS,Atropellamiento,Distraccion (celular/radio),54,LESIONADO,HOMBRE,PEATON,27,LESIONADO,MUJER,SCOOTER,30,LESIONADO,HOMBRE,OTRO
2020-06-19 01:37:08,-4.009552,-79.179877,Calle Montufar,CON_FALLECIDOS,Accidente Laboral,Visibilidad reducida,40,FALLECIDO,HOMBRE,PEATON,44,LESIONADO,NO_REGISTRA,PEATON,,,,
2020-07-19 13:51:01,-4.020061,-79.193191,Calle Sucre,CON_LESIONADOS,Caida,Falla mecanica,18,LESIONADO,NO_REGISTRA,OTRO,,,,,,,,
2020-03-04 21:53:03,-3.983236,-79.184774,Av. Gran Colombia,CON_LESIONADOS,Atropellamiento,Distraccion (celular/radio),14,LESIONADO,MUJER,SCOOTER,,,,,,,,
2020-07-28 08:45:53,-4.029440,-79.212299,Av. Cuxibamba,CON_LESIONADOS,Incendio,Distraccion (celular/radio),66,LESIONADO,HOMBRE,CICLISTA,,,,,,,,
2020-10-15 19:05:30,-4.014558,-79.213912,Av. Metropolitana,CON_LESIONADOS,Colision Multiple,Fatiga del conductor,61,LESIONADO,MUJER,PEATON,,,,,,,,
2020-11-12 15:41:50,-4.013968,-79.229828,Calle Quito,CON_FALLECIDOS,Atropellamiento,Imprudencia del conductor,30,FALLECIDO,MUJER,OTRO,65,LESIONADO,HOMBRE,PEATON,73,LESIONADO,MUJER,MOTOCICLETA
2020-02-25 06:04:34,-4.022411,-79.214784,Ruta 35,SOLO_DANOS,Incendio,Imprudencia del conductor,,,,,,,,,,,,
2020-03-05 16:14:11,-4.021196,-79.224265,Calle Mercadillo,CON_FALLECIDOS,Choque Vehicular,Equipo de seguridad deficiente,31,FALLECIDO,HOMBRE,CICLISTA,65,FALLECIDO,HOMBRE,CICLISTA,11,LESIONADO,HOMBRE,PEATON
2020-10-15 15:47:31,-4.029803,-79.185366,Calle Bolivar,SOLO_DANOS,Choque Vehicular,Factores externos,,,,,,,,,,,,
2020-03-07 10:12:08,-4.000087,-79.204028,Calle Imbabura,CON_LESIONADOS,Atropellamiento,Equipo de seguridad deficiente,50,LESIONADO,MUJER,MOTOCICLETA,13,LESIONADO,NO_REGISTRA,SCOOTER,39,LESIONADO,HOMBRE,CICLISTA
2020-08-12 06:19:44,-4.010922,-79.204411,Av. Gran Colombia,SOLO_DANOS,Caida,Distraccion (celular/radio),76,LESIONADO,NO_REGISTRA,SCOOTER,,,,,,,,
2020-12-20 19:44:36,-4.009875,-79.176248,Via Loja - Catamayo,SOLO_DANOS,Choque Vehicular,Estado de embriaguez,55,LESIONADO,NO_REGISTRA,VEH_LIVIANO,,,,,,,,
2020-04-08 19:54:07,-4.018050,-79.178869,Av. Orillas del Zamora,CON_FALLECIDOS,Choque Vehicular,Falla mecanica,41,FALLECIDO,MUJER,PEATON,77,FALLECIDO,MUJER,SCOOTER,,,,
2020-03-04 20:20:32,-4.015005,-79.171757,Calle Rocafuerte,SOLO_DANOS,Colision Multiple,Factores externos,,,,,,,,,,,,
2020-08-04 16:06:21,-4.023002,-79.210105,Calle Rocafuerte,CON_LESIONADOS,Volcamiento,Visibilidad reducida,27,LESIONADO,MUJER,PEATON,,,,,,,,
2020-05-03 14:07:44,-3.995304,-79.179848,Via Loja - Zamora,SOLO_DANOS,Atropellamiento,Visibilidad reducida,,,,,,,,,,,,
2020-04-30 20:10:46,-3.991152,-79.203619,Via Loja - Catamayo,CON_LESIONADOS,Choque Vehicular,Via resbaladiza o mojada,65,LESIONADO,NO_REGISTRA,PEATON,23,LESIONADO,NO_REGISTRA,PEATON,,,,
2020-10-01 03:31:12,-4.001341,-79.212974,Av. Metropolitana,CON_LESIONADOS,Colision Multiple,Via resbaladiza o mojada,42,LESIONADO,MUJER,SCOOTER,31,LESIONADO,HOMBRE,PEATON,,,,
2020-06-30 18:39:10,-3.991698,-79.187180,Av. Reinaldo Espinosa,CON_FALLECIDOS,Accidente Laboral,Equipo de seguridad deficiente,64,FALLECIDO,MUJER,MOTOCICLETA,35,FALLECIDO,MUJER,CICLISTA,6,LESIONADO,HOMBRE,CICLISTA
2020-05-09 12:30:34,-4.034775,-79.171996,Calle Quito,SOLO_DANOS,Atropellamiento,Via resbaladiza o mojada,,,,,,,,,,,,
2020-10-21 13:53:21,-4.018952,-79.179613,Via Loja - Zamora,SOLO_DANOS,Accidente Laboral,Factores externos,,,,,,,,,,,,
2020-07-04 14:29:40,-3.978985,-79.227724,Via Loja - Catamayo,CON_FALLECIDOS,Atropellamiento,Via resbaladiza o mojada,42,FALLECIDO,NO_REGISTRA,CICLISTA,29,LESIONADO,HOMBRE,OTRO,29,LESIONADO,NO_REGISTRA,PEATON
2020-12-12 11:11:44,-4.007825,-79.225311,Av. Reinaldo Espinosa,SOLO_DANOS,Volcamiento,Equipo de seguridad deficiente,,,,,,,,,,,,
2020-01-07 04:57:20,-4.011213,-79.177699,Av. Metropolitana,SOLO_DANOS,Choque Vehicular,Visibilidad reducida,,,,,,,,,,,,
2020-08-25 12:32:36,-4.019433,-79.180291,Via Loja - Zamora,SOLO_DANOS,Colision Multiple,Factores externos,,,,,,,,,,,,
2020-06-12 20:27:22,-4.032794,-79.227381,Calle Mercadillo,CON_FALLECIDOS,Choque Vehicular,Exceso de velocidad,70,FALLECIDO,NO_REGISTRA,CICLISTA,,,,,,,,
2020-07-12 00:05:12,-4.015681,-79.189949,Calle Bolivar,SOLO_DANOS,Colision Multiple,Via resbaladiza o mojada,,,,,,,,,,,,
2020-12-20 23:51:14,-3.997033,-79.194999,Calle Montufar,SOLO_DANOS,Choque Vehicular,Mal estado de la via,26,LESIONADO,MUJER,MOTOCICLETA,,,,,,,,
2020-11-08 08:39:42,-4.031080,-79.183413,Calle Miguel Riofrio,CON_LESIONADOS,Volcamiento,Estado de embriaguez,57,LESIONADO,NO_REGISTRA,MOTOCICLETA,76,LESIONADO,NO_REGISTRA,SCOOTER,,,,
2020-12-11 15:55:48,-3.998955,-79.200438,Calle Sucre,CON_LESIONADOS,Accidente Laboral,Falla mecanica,48,LESIONADO,NO_REGISTRA,CICLISTA,47,LESIONADO,MUJER,SCOOTER,58,LESIONADO,NO_REGISTRA,SCOOTER
2020-07-14 07:56:52,-4.022816,-79.224308,Av. Rosa Hermosa,CON_LESIONADOS,Accidente Laboral,Inobservancia de senales,63,LESIONADO,HOMBRE,PEATON,57,LESIONADO,NO_REGISTRA,SCOOTER,32,LESIONADO,MUJER,VEH_LIVIANO
2020-08-15 06:12:30,-4.020255,-79.186120,Calle Saraguro,CON_FALLECIDOS,Colision Multiple,Mal estado de la via,41,FALLECIDO,NO_REGISTRA,MOTOCICLETA,,,,,,,,
2020-08-27 04:27:57,-4.000822,-79.209909,Av. 8 de Diciembre,CON_FALLECIDOS,Choque Vehicular,Via resbaladiza o mojada,22,FALLECIDO,NO_REGISTRA,MOTOCICLETA,11,LESIONADO,MUJER,MOTOCICLETA,,,,
2020-11-03 06:09:51,-4.010690,-79.188247,Av. Reinaldo Espinosa,CON_LESIONADOS,Caida,Falla mecanica,36,LESIONADO,HOMBRE,SCOOTER,76,LESIONADO,HOMBRE,CICLISTA,,,,
2020-11-07 23:14:37,-3.980652,-79.176421,Av. Orillas del Zamora,CON_LESIONADOS,Colision Multiple,Exceso de velocidad,46,LESIONADO,NO_REGISTRA,MOTOCICLETA,28,LESIONADO,MUJER,MOTOCICLETA,,,,
2020-10-13 06:25:51,-3.999443,-79.176500,Calle Mercadillo,CON_FALLECIDOS,Incendio,Fatiga del conductor,67,FALLECIDO,MUJER,VEH_LIVIANO,33,LESIONADO,MUJER,MOTOCICLETA,,,,
2020-09-28 16:31:59,-4.034394,-79.230558,Calle Colon,SOLO_DANOS,Incendio,Visibilidad reducida,,,,,,,,,,,,
2020-02-03 22:33:34,-4.026094,-79.195466,Av. Gran Colombia,SOLO_DANOS,Incendio,Factores externos,,,,,,,,,,,,
2020-09-17 10:34:06,-3.981826,-79.183598,Calle Azogues,SOLO_DANOS,Colision Multiple,Distraccion (celular/radio),,,,,,,,,,,,
2020-09-10 12:16:24,-3.994044,-79.172989,Av. Gran Colombia,CON_LESIONADOS,Volcamiento,Distraccion (celular/radio),36,LESIONADO,HOMBRE,PEATON,67,LESIONADO,HOMBRE,SCOOTER,12,LESIONADO,HOMBRE,CICLISTA
2020-05-27 04:01:34,-4.035117,-79.189409,Via Loja - Zamora,CON_LESIONADOS,Colision Multiple,Imprudencia del conductor,27,LESIONADO,HOMBRE,MOTOCICLETA,17,LESIONADO,MUJER,MOTOCICLETA,25,LESIONADO,NO_REGISTRA,SCOOTER
2020-08-27 21:59:27,-3.999978,-79.186227,Calle Sucre,CON_LESIONADOS,Volcamiento,Inobservancia de senales,80,LESIONADO,MUJER,MOTOCICLETA,,,,,,,,
2020-12-05 19:03:49,-4.027758,-79.195607,Av. Reinaldo Espinosa,CON_FALLECIDOS,Accidente Laboral,Mal estado de la via,27,FALLECIDO,HOMBRE,SCOOTER,26,LESIONADO,MUJER,OTRO,,,,
2020-01-15 10:48:38,-4.007452,-79.226679,Calle 10 de Agosto,CON_LESIONADOS,Colision Multiple,Estado de embriaguez,35,LESIONADO,HOMBRE,CICLISTA,29,LESIONADO,MUJER,VEH_LIVIANO,,,,
2020-01-25 06:11:11,-4.023432,-79.224045,Calle Quito,CON_LESIONADOS,Caida,Falla mecanica,26,LESIONADO,HOMBRE,PEATON,13,LESIONADO,HOMBRE,PEATON,,,,
2020-10-31 11:02:49,-3.982534,-79.221030,Via Loja - Catamayo,CON_LESIONADOS,Volcamiento,Fatiga del conductor,38,LESIONADO,HOMBRE,PEATON,10,LESIONADO,HOMBRE,PEATON,21,LESIONADO,HOMBRE,MOTOCICLETA
2020-06-21 08:53:12,-4.003672,-79.195886,Calle Imbabura,SOLO_DANOS,Accidente Laboral,Visibilidad reducida,,,,,,,,,,,,
2020-08-27 15:13:39,-4.007279,-79.224679,Via Loja - Zamora,SOLO_DANOS,Caida,Factores externos,,,,,,,,,,,,
2020-02-25 23:52:19,-3.982701,-79.172251,Calle 18 de Noviembre,CON_LESIONADOS,Accidente Laboral,Exceso de velocidad,15,LESIONADO,MUJER,MOTOCICLETA,58,LESIONADO,NO_REGISTRA,VEH_LIVIANO,,,,
2020-01-10 07:25:35,-4.016475,-79.173747,Calle Mercadillo,CON_FALLECIDOS,Atropellamiento,Falla mecanica,48,FALLECIDO,NO_REGISTRA,SCOOTER,68,LESIONADO,HOMBRE,OTRO,22,LESIONADO,NO_REGISTRA,VEH_LIVIANO
2020-05-04 00:25:06,-4.011933,-79.176191,Calle Rocafuerte,CON_LESIONADOS,Atropellamiento,Falla mecanica,62,LESIONADO,NO_REGISTRA,SCOOTER,73,LESIONADO,MUJER,MOTOCICLETA,29,LESIONADO,MUJER,CICLISTA