fecha_hora,latitud,longitud,via,grado_severidad,tipo_siniestro,causa_probable,victima1_edad,victima1_condicion,victima1_sexo,victima1_actor_vial,victima2_edad,victima2_condicion,victima2_sexo,victima2_actor_vial,victima3_edad,victima3_condicion,victima3_sexo,victima3_actor_vial
2020-04-17 22:42:11,-4.012793,-79.223894,Calle Sucre,SOLO_DANOS,Choque Vehicular,Equipo de seguridad deficiente,,,,,,,,,,,,
2020-03-12 04:52:40,-4.033113,-79.189707,Av. 8 de Diciembre,CON_LESIONADOS,Incendio,Equipo de seguridad deficiente,33,LESIONADO,HOMBRE,OTRO,53,LESIONADO,HOMBRE,PEATON,,,,
2020-04-09 17:35:40,-4.024106,-79.226186,Av. Metropolitana,CON_LESIONADOS,Accidente Laboral,Visibilidad reducida,44,LESIONADO,HOMBRE,SCOOTER,63,LESIONADO,MUJER,MOTOCICLETA,,,,
2020-05-30 11:40:25,-3.998598,-79.196442,Calle Rocafuerte,SOLO_DANOS,Caida,Equipo de seguridad deficiente,76,LESIONADO,MUJER,OTRO,,,,,,,,
2020-01-24 23:40:51,-3.981516,-79.221098,Calle Azogues,CON_LESIONADOS,Colision Multiple,Mal estado de la via,42,LESIONADO,NO_REGISTRA,VEH_LIVIANO,54,LESIONADO,HOMBRE,OTRO,34,LESIONADO,NO_REGISTRA,PEATON
2020-10-29 14:46:53,-3.986513,-79.178978,Via Loja - Zamora,SOLO_DANOS,Caida,Mal estado de la via,,,,,,,,,,,,
2020-09-09 10:21:57,-4.030390,-79.221489,Calle Quito,CON_LESIONADOS,Volcamiento,Distraccion (celular/radio),78,LESIONADO,MUJER,CICLISTA,39,LESIONADO,MUJER,MOTOCICLETA,65,LESIONADO,NO_REGISTRA,VEH_LIVIANO
2020-07-08 15:08:00,-3.985069,-79.197379,Calle Mercadillo,CON_FALLECIDOS,Colision Multiple,Estado de embriaguez,32,FALLECIDO,HOMBRE,CICLISTA,35,FALLECIDO,HOMBRE,PEATON,16,LESIONADO,MUJER,PEATON
2020-10-14 21:45:33,-4.023193,-79.202950,Calle Mercadillo,CON_FALLECIDOS,Volcamiento,Estado de embriaguez,30,FALLECIDO,HOMBRE,CICLISTA,31,FALLECIDO,NO_REGISTRA,OTRO,76,LESIONADO,NO_REGISTRA,VEH_LIVIANO
2020-04-30 21:14:04,-4.011559,-79.173929,Via Loja - Catamayo,CON_FALLECIDOS,Volcamiento,Fatiga del conductor,24,FALLECIDO,MUJER,PEATON,6,LESIONADO,HOMBRE,CICLISTA,,,,
2020-10-10 09:04:37,-4.000387,-79.195200,Calle Miguel Riofrio,SOLO_DANOS,Caida,Factores externos,,,,,,,,,,,,
2020-07-15 07:49:57,-4.015767,-79.206511,Calle 10 de Agosto,SOLO_DANOS,Accidente Laboral,Via resbaladiza o mojada,,,,,,,,,,,,
2020-04-18 06:20:45,-3.989511,-79.195320,Calle Mercadillo,SOLO_DANOS,Colision Multiple,Equipo de seguridad deficiente,,,,,,,,,,,,
2020-04-25 09:54:34,-3.996105,-79.188578,Via Loja - Catamayo,CON_LESIONADOS,Accidente Laboral,Imprudencia del conductor,34,LESIONADO,MUJER,MOTOCICLETA,26,LESIONADO,MUJER,OTRO,,,,
2020-11-19 09:44:07,-4.006466,-79.183938,Av. Universitaria,CON_LESIONADOS,Colision Multiple,Factores externos,5,LESIONADO,HOMBRE,MOTOCICLETA,,,,,,,,
2020-01-31 18:13:57,-4.025794,-79.226783,Calle Quito,CON_LESIONADOS,Incendio,Inobservancia de senales,37,LESIONADO,HOMBRE,PEATON,29,LESIONADO,NO_REGISTRA,SCOOTER,57,LESIONADO,MUJER,SCOOTER
2020-11-20 21:58:55,-4.033536,-79.226804,Calle Rocafuerte,SOLO_DANOS,Choque Vehicular,Inobservancia de senales,,,,,,,,,,,,
2020-12-12 23:53:34,-4.013474,-79.222957,Via Loja - Catamayo,CON_FALLECIDOS,Volcamiento,Fatiga del conductor,68,FALLECIDO,NO_REGISTRA,OTRO,7,LESIONADO,HOMBRE,CICLISTA,,,,
2020-01-20 01:20:36,-4.016797,-79.179672,Ruta 35,SOLO_DANOS,Incendio,Visibilidad reducida,51,LESIONADO,NO_REGISTRA,CICLISTA,,,,,,,,
2020-03-09 03:56:45,-3.985015,-79.194354,Av. Gran Colombia,CON_LESIONADOS,Incendio,Visibilidad reducida,13,LESIONADO,NO_REGISTRA,CICLISTA,58,LESIONADO,NO_REGISTRA,MOTOCICLETA,64,LESIONADO,NO_REGISTRA,OTRO
2020-05-17 09:18:30,-4.000544,-79.226823,Av. Isidro Ayora,CON_LESIONADOS,Colision Multiple,Via resbaladiza o mojada,20,LESIONADO,MUJER,MOTOCICLETA,,,,,,,,
2020-06-18 13:46:28,-4.031275,-79.176731,Calle Azogues,CON_LESIONADOS,Colision Multiple,Exceso de velocidad,41,LESIONADO,NO_REGISTRA,SCOOTER,,,,,,,,
2020-02-25 00:09:10,-4.005794,-79.210929,Av. Metropolitana,CON_FALLECIDOS,Choque Vehicular,Imprudencia del conductor,31,FALLECIDO,HOMBRE,PEATON,,,,,,,,
2020-04-22 11:37:03,-4.035817,-79.186985,Calle Imbabura,SOLO_DANOS,Volcamiento,Falla mecanica,,,,,,,,,,,,
2020-09-11 02:59:05,-4.020329,-79.230902,Calle Mercadillo,CON_LESIONADOS,Choque Vehicular,Fatiga del conductor,5,LESIONADO,HOMBRE,MOTOCICLETA,51,LESIONADO,NO_REGISTRA,SCOOTER,,,,
2020-02-05 02:38:18,-4.024933,-79.214578,Calle Sucre,CON_FALLECIDOS,Incendio,Factores externos,35,FALLECIDO,HOMBRE,MOTOCICLETA,38,FALLECIDO,NO_REGISTRA,CICLISTA,55,LESIONADO,HOMBRE,PEATON
2020-02-25 08:41:10,-3.991691,-79.171609,Calle Rocafuerte,CON_FALLECIDOS,Colision Multiple,Exceso de velocidad,80,FALLECIDO,MUJER,PEATON,82,FALLECIDO,HOMBRE,SCOOTER,,,,
2020-04-06 11:02:39,-4.014742,-79.193111,Calle Mercadillo,SOLO_DANOS,Atropellamiento,Mal estado de la via,,,,,,,,,,,,
2020-12-05 17:37:05,-3.977881,-79.194734,Calle Rocafuerte,CON_FALLECIDOS,Caida,Factores externos,21,FALLECIDO,HOMBRE,PEATON,73,FALLECIDO,NO_REGISTRA,SCOOTER,,,,
2020-07-13 15:27:43,-4.020806,-79.198645,Calle Colon,CON_LESIONADOS,Colision Multiple,Estado de embriaguez,80,LESIONADO,HOMBRE,CICLISTA,,,,,,,,
2020-04-30 20:02:31,-3.994885,-79.209846,Calle Montufar,CON_FALLECIDOS,Atropellamiento,Falla mecanica,24,FALLECIDO,NO_REGISTRA,OTRO,23,FALLECIDO,MUJER,PEATON,33,LESIONADO,HOMBRE,PEATON
2020-09-17 16:38:43,-4.025116,-79.175609,Av. Isidro Ayora,CON_FALLECIDOS,Volcamiento,Visibilidad reducida,42,FALLECIDO,MUJER,VEH_LIVIANO,80,LESIONADO,MUJER,SCOOTER,,,,
2020-01-07 07:50:10,-3.978567,-79.225562,Calle 10 de Agosto,CON_FALLECIDOS,Volcamiento,Factores externos,31,FALLECIDO,HOMBRE,PEATON,69,FALLECIDO,MUJER,MOTOCICLETA,65,LESIONADO,NO_REGISTRA,PEATON
2020-01-14 12:20:08,-4.000425,-79.176580,Av. 8 de Diciembre,SOLO_DANOS,Accidente Laboral,Equipo de seguridad deficiente,,,,,,,,,,,,
2020-01-21 13:53:11,-4.036341,-79.193554,Calle 10 de Agosto,SOLO_DANOS,Volcamiento,Via resbaladiza o mojada,,,,,,,,,,,,
2020-08-18 01:25:07,-4.029790,-79.188568,Av. 8 de Diciembre,SOLO_DANOS,Atropellamiento,Via resbaladiza o mojada,,,,,,,,,,,,
2020-04-29 21:15:58,-3.986852,-79.206403,Calle Rocafuerte,CON_LESIONADOS,Choque Vehicular,Visibilidad reducida,61,LESIONADO,MUJER,MOTOCICLETA,42,LESIONADO,NO_REGISTRA,PEATON,,,,
2020-05-30 01:38:32,-4.032956,-79.178994,Via Loja - Zamora,CON_FALLECIDOS,Colision Multiple,Distraccion (celular/radio),51,FALLECIDO,MUJER,MOTOCICLETA,,,,,,,,
2020-04-27 00:32:52,-4.018478,-79.173832,Av. Rosa Hermosa,CON_LESIONADOS,Caida,Factores externos,30,LESIONADO,MUJER,SCOOTER,35,LESIONADO,HOMBRE,CICLISTA,11,LESIONADO,NO_REGISTRA,CICLISTA
2020-09-26 19:30:58,-3.994699,-79.194591,Calle Miguel Riofrio,CON_LESIONADOS,Colision Multiple,Via resbaladiza o mojada,16,LESIONADO,NO_REGISTRA,CICLISTA,47,LESIONADO,NO_REGISTRA,SCOOTER,10,LESIONADO,HOMBRE,OTRO
2020-08-17 00:23:54,-4.029448,-79.216581,Via Loja - Zamora,SOLO_DANOS,Atropellamiento,Fatiga del conductor,,,,,,,,,,,,
2020-01-14 17:33:14,-4.035429,-79.191485,Calle Saraguro,CON_LESIONADOS,Atropellamiento,Imprudencia del conductor,64,LESIONADO,NO_REGISTRA,VEH_LIVIANO,,,,,,,,
2020-06-15 05:43:51,-4.020657,-79.213937,Calle 18 de Noviembre,CON_LESIONADOS,Accidente Laboral,Inobservancia de senales,67,LESIONADO,NO_REGISTRA,SCOOTER,15,LESIONADO,HOMBRE,PEATON,67,LESIONADO,NO_REGISTRA,SCOOTER
2020-02-24 21:42:11,-4.008963,-79.191235,Ruta 35,CON_FALLECIDOS,Volcamiento,Fatiga del conductor,63,FALLECIDO,HOMBRE,SCOOTER,57,LESIONADO,HOMBRE,OTRO,,,,
2020-11-12 14:56:18,-4.000434,-79.202433,Av. Metropolitana,CON_FALLECIDOS,Atropellamiento,Factores externos,23,FALLECIDO,MUJER,OTRO,80,FALLECIDO,MUJER,CICLISTA,,,,
2020-12-16 23:23:21,-4.027857,-79.226799,Av. Rosa Hermosa,SOLO_DANOS,Choque Vehicular,Factores externos,,,,,,,,,,,,
2020-01-05 17:23:33,-3.978645,-79.182084,Calle Rocafuerte,CON_LESIONADOS,Atropellamiento,Estado de embriaguez,66,LESIONADO,NO_REGISTRA,VEH_LIVIANO,,,,,,,,
2020-02-08 12:02:42,-4.017531,-79.228641,Calle Imbabura,CON_FALLECIDOS,Volcamiento,Distraccion (celular/radio),66,FALLECIDO,NO_REGISTRA,MOTOCICLETA,11,LESIONADO,MUJER,OTRO,,,,
2020-07-17 23:48:57,-4.006299,-79.226386,Calle Quito,SOLO_DANOS,Incendio,Distraccion (celular/radio),,,,,,,,,,,,
2020-07-20 13:59:30,-4.013056,-79.193589,Av. Isidro Ayora,CON_LESIONADOS,Incendio,Factores externos,75,LESIONADO,MUJER,MOTOCICLETA,17,LESIONADO,HOMBRE,OTRO,,,,
2020-08-11 11:27:50,-3.988800,-79.208101,Av. Pio Jaramillo,CON_LESIONADOS,Choque Vehicular,Falla mecanica,6,LESIONADO,NO_REGISTRA,SCOOTER,,,,,,,,
2020-05-20 22:33:06,-3.988000,-79.190503,Calle Ramon Borrero,CON_FALLECIDOS,Caida,Estado de embriaguez,62,FALLECIDO,HOMBRE,SCOOTER,21,FALLECIDO,HOMBRE,CICLISTA,29,LESIONADO,HOMBRE,MOTOCICLETA
2020-02-18 11:55:39,-4.012503,-79.177197,Calle Rocafuerte,CON_FALLECIDOS,Incendio,Estado de embriaguez,81,FALLECIDO,HOMBRE,OTRO,,,,,,,,
2020-12-24 19:20:21,-4.006088,-79.228556,Av. Rosa Hermosa,SOLO_DANOS,Atropellamiento,Via resbaladiza o mojada,,,,,,,,,,,,
2020-02-04 23:58:39,-4.033735,-79.219021,Av. Universitaria,CON_FALLECIDOS,Incendio,Imprudencia del conductor,41,FALLECIDO,NO_REGISTRA,MOTOCICLETA,21,FALLECIDO,MUJER,CICLISTA,42,LESIONADO,MUJER,OTRO
2020-05-27 02:30:29,-4.036094,-79.218303,Calle Colon,SOLO_DANOS,Accidente Laboral,Exceso de velocidad,,,,,,,,,,,,
2020-04-17 04:44:50,-4.017404,-79.209478,Calle Quito,SOLO_DANOS,Caida,Exceso de velocidad,,,,,,,,,,,,
2020-10-18 16:04:19,-3.985099,-79.217844,Av. Manuel Agustin Aguirre,CON_FALLECIDOS,Volcamiento,Via resbaladiza o mojada,28,FALLECIDO,NO_REGISTRA,OTRO,57,LESIONADO,HOMBRE,OTRO,41,LESIONADO,HOMBRE,CICLISTA
2020-09-30 22:54:36,-3.999557,-79.196708,Av. 8 de Diciembre,SOLO_DANOS,Caida,Estado de embriaguez,,,,,,,,,,,,
2020-05-09 21:17:08,-4.004606,-79.173280,Av. 8 de Diciembre,CON_FALLECIDOS,Atropellamiento,Fatiga del conductor,30,FALLECIDO,NO_REGISTRA,MOTOCICLETA,37,LESIONADO,MUJER,PEATON,44,LESIONADO,MUJER,VEH_LIVIANO
2020-08-19 11:41:58,-3.998870,-79.203928,Calle Azogues,CON_LESIONADOS,Caida,Inobservancia de senales,23,LESIONADO,NO_REGISTRA,CICLISTA,13,LESIONADO,HOMBRE,MOTOCICLETA,,,,
2020-06-05 18:33:56,-4.013348,-79.181070,Calle Colon,CON_LESIONADOS,Accidente Laboral,Via resbaladiza o mojada,40,LESIONADO,NO_REGISTRA,MOTOCICLETA,72,LESIONADO,MUJER,MOTOCICLETA,,,,
2020-08-07 03:44:52,-4.010412,-79.174448,Av. Universitaria,CON_LESIONADOS,Accidente Laboral,Inobservancia de senales,61,LESIONADO,NO_REGISTRA,VEH_LIVIANO,49,LESIONADO,MUJER,OTRO,,,,
2020-03-29 12:38:33,-3.987149,-79.187654,Calle 10 de Agosto,SOLO_DANOS,Choque Vehicular,Equipo de seguridad deficiente,,,,,,,,,,,,
2020-04-16 23:46:10,-4.018238,-79.198793,Calle Saraguro,CON_LESIONADOS,Incendio,Mal estado de la via,33,LESIONADO,NO_REGISTRA,MOTOCICLETA,19,LESIONADO,NO_REGISTRA,MOTOCICLETA,74,LESIONADO,MUJER,CICLISTA
2020-07-14 05:11:16,-3.981595,-79.224600,Calle Montufar,CON_FALLECIDOS,Caida,Factores externos,84,FALLECIDO,NO_REGISTRA,VEH_LIVIANO,30,FALLECIDO,MUJER,CICLISTA,,,,
2020-09-06 20:17:16,-4.017726,-79.173264,Calle Miguel Riofrio,CON_LESIONADOS,Colision Multiple,Exceso de velocidad,7,LESIONADO,MUJER,VEH_LIVIANO,41,LESIONADO,NO_REGISTRA,VEH_LIVIANO,52,LESIONADO,MUJER,VEH_LIVIANO
2020-09-11 06:41:03,-3.992693,-79.194326,Calle 10 de Agosto,SOLO_DANOS,Incendio,Visibilidad reducida,,,,,,,,,,,,
2020-03-29 23:20:37,-3.996679,-79.208214,Av. Reinaldo Espinosa,CON_FALLECIDOS,Choque Vehicular,Via resbaladiza o mojada,35,FALLECIDO,NO_REGISTRA,VEH_LIVIANO,7,LESIONADO,MUJER,SCOOTER,,,,
2020-09-27 06:45:01,-4.030021,-79.172391,Calle Rocafuerte,CON_LESIONADOS,Caida,Exceso de velocidad,16,LESIONADO,MUJER,VEH_LIVIANO,74,LESIONADO,HOMBRE,OTRO,17,LESIONADO,MUJER,MOTOCICLETA
2020-09-06 11:07:29,-3.991640,-79.218003,Av. Reinaldo Espinosa,SOLO_DANOS,Incendio,Exceso de velocidad,,,,,,,,,,,,
2020-03-20 10:52:03,-4.031654,-79.211641,Calle Ramon Borrero,CON_FALLECIDOS,Volcamiento,Factores externos,32,FALLECIDO,NO_REGISTRA,CICLISTA,,,,,,,,
2020-01-02 19:40:01,-4.015163,-79.203093,Calle 18 de Noviembre,SOLO_DANOS,Colision Multiple,Via resbaladiza o mojada,,,,,,,,,,,,
2020-01-18 06:33:29,-3.983990,-79.218465,Calle Ramon Borrero,CON_FALLECIDOS,Caida,Fatiga del conductor,68,FALLECIDO,NO_REGISTRA,SCOOTER,41,FALLECIDO,HOMBRE,VEH_LIVIANO,73,LESIONADO,NO_REGISTRA,PEATON
2020-03-30 02:56:25,-4.010995,-79.197833,Via Loja - Zamora,SOLO_DANOS,Colision Multiple,Visibilidad reducida,,,,,,,,,,,,
2020-10-27 23:37:15,-3.977344,-79.212392,Calle Sucre,CON_LESIONADOS,Atropellamiento,Fatiga del conductor,42,LESIONADO,HOMBRE,VEH_LIVIANO,50,LESIONADO,MUJER,SCOOTER,62,LESIONADO,HOMBRE,MOTOCICLETA
2020-08-07 03:13:44,-4.006869,-79.180099,Calle Sucre,CON_LESIONADOS,Incendio,Distraccion (celular/radio),50,LESIONADO,NO_REGISTRA,CICLISTA,73,LESIONADO,MUJER,MOTOCICLETA,68,LESIONADO,MUJER,SCOOTER
2020-07-03 03:11:02,-4.024873,-79.194564,Calle Miguel Riofrio,CON_FALLECIDOS,Choque Vehicular,Fatiga del conductor,82,FALLECIDO,NO_REGISTRA,MOTOCICLETA,,,,,,,,
2020-07-16 09:13:23,-4.024600,-79.181206,Av. Pio Jaramillo,CON_LESIONADOS,Caida,Falla mecanica,60,LESIONADO,NO_REGISTRA,MOTOCICLETA,32,LESIONADO,HOMBRE,SCOOTER,56,LESIONADO,NO_REGISTRA,SCOOTER
2020-05-12 12:33:03,-3.999213,-79.198104,Calle Montufar,CON_FALLECIDOS,Atropellamiento,Distraccion (celular/radio),24,FALLECIDO,MUJER,SCOOTER,58,FALLECIDO,HOMBRE,PEATON,,,,
2020-09-22 04:50:27,-4.023956,-79.173220,Av. Pio Jaramillo,CON_LESIONADOS,Incendio,Distraccion (celular/radio),76,LESIONADO,MUJER,SCOOTER,,,,,,,,
2020-02-14 23:27:35,-4.031392,-79.223265,Calle Bolivar,CON_LESIONADOS,Incendio,Equipo de seguridad deficiente,69,LESIONADO,NO_REGISTRA,PEATON,8,LESIONADO,MUJER,SCOOTER,,,,
2020-11-04 21:17:09,-4.002284,-79.205745,Av. 8 de Diciembre,CON_LESIONADOS,Atropellamiento,Estado de embriaguez,59,LESIONADO,MUJER,PEATON,,,,,,,,
2020-08-23 09:37:55,-4.013094,-79.186064,Calle Mercadillo,CON_FALLECIDOS,Choque Vehicular,Exceso de velocidad,62,FALLECIDO,HOMBRE,OTRO,84,FALLECIDO,NO_REGISTRA,MOTOCICLETA,,,,
2020-03-07 02:19:28,-4.034031,-79.187773,Av. Pio Jaramillo,SOLO_DANOS,Choque Vehicular,Falla mecanica,,,,,,,,,,,,
2020-11-17 14:28:01,-3.993043,-79.220732,Calle Saraguro,SOLO_DANOS,Choque Vehicular,Exceso de velocidad,,,,,,,,,,,,
2020-05-28 10:40:08,-4.015719,-79.206862,Av. Metropolitana,CON_LESIONADOS,Volcamiento,Imprudencia del conductor,10,LESIONADO,HOMBRE,CICLISTA,21,LESIONADO,NO_REGISTRA,OTRO,,,,
2020-05-30 17:35:41,-4.031975,-79.196690,Calle Azogues,CON_LESIONADOS,Atropellamiento,Visibilidad reducida,29,LESIONADO,NO_REGISTRA,CICLISTA,32,LESIONADO,NO_REGISTRA,PEATON,,,,
2020-06-06 04:09:15,-4.014333,-79.222176,Calle Colon,CON_FALLECIDOS,Caida,Mal estado de la via,34,FALLECIDO,HOMBRE,PEATON,74,LESIONADO,HOMBRE,CICLISTA,,,,
2020-03-15 10:17:07,-3.996615,-79.191822,Calle Sucre,SOLO_DANOS,Volcamiento,Visibilidad reducida,54,LESIONADO,MUJER,SCOOTER,,,,,,,,
2020-03-07 05:38:59,-3.991060,-79.182073,Av. Universitaria,CON_FALLECIDOS,Accidente Laboral,Fatiga del conductor,26,FALLECIDO,HOMBRE,VEH_LIVIANO,,,,,,,,
2020-05-01 08:48:08,-3.999322,-79.180511,Av. Isidro Ayora,SOLO_DANOS,Atropellamiento,Fatiga del conductor,,,,,,,,,,,,
2020-12-02 18:44:34,-4.002287,-79.202388,Av. Reinaldo Espinosa,SOLO_DANOS,Incendio,Imprudencia del conductor,5,LESIONADO,HOMBRE,SCOOTER,,,,,,,,
2020-01-02 19:37:28,-3.987271,-79.203789,Av. Cuxibamba,CON_LESIONADOS,Atropellamiento,Mal estado de la via,76,LESIONADO,NO_REGISTRA,PEATON,44,LESIONADO,HOMBRE,SCOOTER,,,,
2020-05-29 09:44:49,-3.994026,-79.222998,Av. Cuxibamba,CON_LESIONADOS,Atropellamiento,Inobservancia de senales,11,LESIONADO,MUJER,SCOOTER,,,,,,,,
2020-11-26 20:05:31,-4.000783,-79.171184,Av. Cuxibamba,SOLO_DANOS,Caida,Falla mecanica,,,,,,,,,,,,
2020-07-26 17:01:46,-4.026627,-79.221808,Via Loja - Zamora,CON_FALLECIDOS,Colision Multiple,Distraccion (celular/radio),49,FALLECIDO,NO_REGISTRA,CICLISTA,,,,,,,,
2021-03-18 10:28:45,-3.986038,-79.230984,Calle Colon,SOLO_DANOS,Volcamiento,Falla mecanica,,,,,,,,,,,,
2021-07-03 14:40:09,-4.028686,-79.192090,Av. Orillas del Zamora,SOLO_DANOS,Atropellamiento,Via resbaladiza o mojada,,,,,,,,,,,,
2021-12-25 14:01:15,-4.014722,-79.172748,Calle 18 de Noviembre,SOLO_DANOS,Colision Multiple,Fatiga del conductor,,,,,,,,,,,,
2021-12-30 16:53:20,-4.027202,-79.204895,Calle 18 de Noviembre,CON_FALLECIDOS,Accidente Laboral,Visibilidad reducida,54,FALLECIDO,MUJER,SCOOTER,31,FALLECIDO,MUJER,PEATON,24,LESIONADO,MUJER,CICLISTA
2021-08-03 11:29:11,-4.019066,-79.189363,Av. Reinaldo Espinosa,CON_FALLECIDOS,Incendio,Inobservancia de senales,43,FALLECIDO,MUJER,PEATON,22,LESIONADO,NO_REGISTRA,SCOOTER,63,LESIONADO,NO_REGISTRA,OTRO
2021-07-02 12:46:52,-4.010345,-79.179232,Calle Saraguro,SOLO_DANOS,Volcamiento,Via resbaladiza o mojada,,,,,,,,,,,,
2021-07-30 12:11:15,-3.989907,-79.209913,Calle Azogues,CON_FALLECIDOS,Incendio,Mal estado de la via,31,FALLECIDO,NO_REGISTRA,SCOOTER,35,LESIONADO,NO_REGISTRA,PEATON,,,,
2021-08-13 11:05:15,-3.994745,-79.201223,Av. 8 de Diciembre,CON_LESIONADOS,Choque Vehicular,Falla mecanica,42,LESIONADO,NO_REGISTRA,VEH_LIVIANO,,,,,,,,
2021-08-11 17:36:53,-3.978444,-79.179985,Calle 18 de Noviembre,CON_LESIONADOS,Volcamiento,Via resbaladiza o mojada,61,LESIONADO,MUJER,PEATON,,,,,,,,
2021-05-11 10:49:34,-4.024950,-79.200692,Av. Pio Jaramillo,CON_FALLECIDOS,Atropellamiento,Falla mecanica,19,FALLECIDO,NO_REGISTRA,OTRO,25,LESIONADO,MUJER,MOTOCICLETA,25,LESIONADO,NO_REGISTRA,CICLISTA
2021-02-04 13:26:52,-4.011432,-79.221181,Av. Pio Jaramillo,CON_FALLECIDOS,Accidente Laboral,Imprudencia del conductor,75,FALLECIDO,HOMBRE,OTRO,35,FALLECIDO,NO_REGISTRA,SCOOTER,20,LESIONADO,NO_REGISTRA,OTRO
2021-10-16 04:20:35,-3.989887,-79.226396,Calle Rocafuerte,CON_FALLECIDOS,Incendio,Exceso de velocidad,65,FALLECIDO,HOMBRE,MOTOCICLETA,41,LESIONADO,NO_REGISTRA,OTRO,73,LESIONADO,NO_REGISTRA,MOTOCICLETA
2021-09-15 00:00:33,-4.002369,-79.216985,Calle Saraguro,SOLO_DANOS,Volcamiento,Equipo de seguridad deficiente,,,,,,,,,,,,
2021-10-15 09:07:49,-3.990137,-79.183272,Av. Orillas del Zamora,SOLO_DANOS,Atropellamiento,Equipo de seguridad deficiente,,,,,,,,,,,,
2021-05-12 17:37:49,-3.986833,-79.215914,Calle Azogues,SOLO_DANOS,Caida,Estado de embriaguez,,,,,,,,,,,,
2021-08-08 05:26:05,-4.007025,-79.174926,Av. Orillas del Zamora,SOLO_DANOS,Choque Vehicular,Via resbaladiza o mojada,,,,,,,,,,,,
2021-12-09 21:40:11,-4.009603,-79.228286,Calle Montufar,CON_LESIONADOS,Colision Multiple,Mal estado de la via,40,LESIONADO,MUJER,OTRO,,,,,,,,
2021-10-29 19:02:47,-4.018008,-79.176344,Av. Cuxibamba,CON_FALLECIDOS,Incendio,Equipo de seguridad deficiente,43,FALLECIDO,NO_REGISTRA,VEH_LIVIANO,,,,,,,,
2021-01-25 04:12:28,-3.977213,-79.177128,Av. Pio Jaramillo,CON_LESIONADOS,Atropellamiento,Distraccion (celular/radio),64,LESIONADO,HOMBRE,MOTOCICLETA,24,LESIONADO,MUJER,CICLISTA,,,,
2021-12-15 22:35:56,-4.034859,-79.227113,Calle Azogues,SOLO_DANOS,Volcamiento,Estado de embriaguez,,,,,,,,,,,,
2021-05-09 02:46:41,-4.024104,-79.189475,Calle Mercadillo,CON_FALLECIDOS,Choque Vehicular,Equipo de seguridad deficiente,63,FALLECIDO,MUJER,VEH_LIVIANO,85,FALLECIDO,NO_REGISTRA,PEATON,30,LESIONADO,NO_REGISTRA,SCOOTER
2021-06-03 05:09:04,-4.030143,-79.218970,Calle Montufar,CON_LESIONADOS,Choque Vehicular,Inobservancia de senales,79,LESIONADO,HOMBRE,PEATON,66,LESIONADO,HOMBRE,SCOOTER,,,,
2021-02-20 02:32:20,-3.985532,-79.179855,Calle Quito,CON_FALLECIDOS,Atropellamiento,Visibilidad reducida,50,FALLECIDO,HOMBRE,CICLISTA,73,FALLECIDO,NO_REGISTRA,PEATON,48,LESIONADO,NO_REGISTRA,OTRO
2021-03-09 09:51:56,-4.015115,-79.208715,Ruta 35,CON_LESIONADOS,Accidente Laboral,Factores externos,24,LESIONADO,NO_REGISTRA,PEATON,52,LESIONADO,MUJER,MOTOCICLETA,,,,
2021-04-07 21:04:56,-3.991457,-79.221131,Av. Manuel Agustin Aguirre,CON_LESIONADOS,Incendio,Inobservancia de senales,77,LESIONADO,MUJER,SCOOTER,41,LESIONADO,MUJER,OTRO,37,LESIONADO,NO_REGISTRA,CICLISTA
2021-06-29 10:28:54,-3.996203,-79.217223,Calle Quito,CON_LESIONADOS,Atropellamiento,Falla mecanica,42,LESIONADO,HOMBRE,CICLISTA,47,LESIONADO,NO_REGISTRA,OTRO,,,,
2021-12-05 02:56:56,-4.031508,-79.188616,Calle Miguel Riofrio,SOLO_DANOS,Choque Vehicular,Imprudencia del conductor,,,,,,,,,,,,
2021-09-21 20:16:55,-4.020044,-79.209230,Av. Isidro Ayora,SOLO_DANOS,Caida,Via resbaladiza o mojada,,,,,,,,,,,,
2021-04-09 03:36:49,-4.029386,-79.213771,Av. Cuxibamba,CON_FALLECIDOS,Accidente Laboral,Equipo de seguridad deficiente,69,FALLECIDO,HOMBRE,PEATON,29,FALLECIDO,MUJER,CICLISTA,,,,
2021-04-26 06:57:23,-4.020321,-79.204242,Via Loja - Zamora,SOLO_DANOS,Incendio,Imprudencia del conductor,,,,,,,,,,,,
2021-11-18 22:01:26,-4.012767,-79.230903,Via Loja - Catamayo,SOLO_DANOS,Accidente Laboral,Fatiga del conductor,,,,,,,,,,,,
2021-10-14 17:32:45,-4.017045,-79.230484,Av. Orillas del Zamora,SOLO_DANOS,Caida,Visibilidad reducida,,,,,,,,,,,,
2021-07-18 22:48:17,-4.008997,-79.217608,Calle Saraguro,SOLO_DANOS,Caida,Estado de embriaguez,,,,,,,,,,,,
2021-11-15 06:00:21,-4.026146,-79.224682,Calle Mercadillo,SOLO_DANOS,Caida,Inobservancia de senales,,,,,,,,,,,,
2021-09-17 23:49:24,-4.010670,-79.197904,Av. Rosa Hermosa,CON_LESIONADOS,Atropellamiento,Inobservancia de senales,71,LESIONADO,NO_REGISTRA,VEH_LIVIANO,13,LESIONADO,MUJER,OTRO,,,,