fecha_hora,latitud,longitud,via,grado_severidad,tipo_siniestro,causa_probable,victima1_edad,victima1_condicion,victima1_sexo,victima1_actor_vial,victima2_edad,victima2_condicion,victima2_sexo,victima2_actor_vial,victima3_edad,victima3_condicion,victima3_sexo,victima3_actor_vial
2021-01-20 17:51:17,-3.987394,-79.224639,Calle Sucre,CON_LESIONADOS,Accidente Laboral,Equipo de seguridad deficiente,30,LESIONADO,HOMBRE,CICLISTA,63,LESIONADO,MUJER,SCOOTER,65,LESIONADO,MUJER,MOTOCICLETA
2021-08-25 22:53:17,-3.998546,-79.194568,Ruta 35,SOLO_DANOS,Atropellamiento,Mal estado de la via,32,LESIONADO,HOMBRE,PEATON,,,,,,,,
2021-07-26 10:55:23,-4.026047,-79.230694,Calle Montufar,SOLO_DANOS,Volcamiento,Estado de embriaguez,,,,,,,,,,,,
2021-04-21 05:09:27,-4.027353,-79.190344,Av. Orillas del Zamora,CON_LESIONADOS,Incendio,Equipo de seguridad deficiente,76,LESIONADO,HOMBRE,MOTOCICLETA,70,LESIONADO,NO_REGISTRA,SCOOTER,75,LESIONADO,MUJER,VEH_LIVIANO
2021-08-17 16:22:18,-3.981546,-79.197526,Via Loja - Zamora,CON_LESIONADOS,Accidente Laboral,Factores externos,41,LESIONADO,HOMBRE,PEATON,,,,,,,,
2021-06-06 08:52:14,-4.020259,-79.226380,Calle Sucre,CON_FALLECIDOS,Caida,Factores externos,63,FALLECIDO,MUJER,MOTOCICLETA,45,FALLECIDO,MUJER,SCOOTER,72,LESIONADO,HOMBRE,CICLISTA
2021-09-06 23:43:25,-3.998945,-79.202732,Ruta 35,SOLO_DANOS,Colision Multiple,Imprudencia del conductor,,,,,,,,,,,,
2021-08-17 00:16:04,-4.001803,-79.223163,Calle Montufar,CON_LESIONADOS,Atropellamiento,Visibilidad reducida,21,LESIONADO,NO_REGISTRA,PEATON,74,LESIONADO,NO_REGISTRA,OTRO,38,LESIONADO,NO_REGISTRA,OTRO
2021-11-29 19:32:21,-3.988938,-79.178142,Calle Ramon Borrero,CON_LESIONADOS,Caida,Fatiga del conductor,23,LESIONADO,MUJER,CICLISTA,,,,,,,,
2021-04-21 12:49:27,-3.990123,-79.171000,Calle Rocafuerte,CON_FALLECIDOS,Incendio,Visibilidad reducida,79,FALLECIDO,MUJER,MOTOCICLETA,71,LESIONADO,MUJER,CICLISTA,,,,
2021-01-09 09:58:58,-3.996178,-79.188455,Av. Manuel Agustin Aguirre,CON_FALLECIDOS,Atropellamiento,Via resbaladiza o mojada,44,FALLECIDO,NO_REGISTRA,SCOOTER,61,LESIONADO,HOMBRE,MOTOCICLETA,42,LESIONADO,NO_REGISTRA,PEATON
2021-02-17 21:57:17,-4.015539,-79.195581,Calle 18 de Noviembre,CON_FALLECIDOS,Colision Multiple,Mal estado de la via,45,FALLECIDO,MUJER,VEH_LIVIANO,67,FALLECIDO,MUJER,OTRO,39,LESIONADO,HOMBRE,VEH_LIVIANO
2021-02-25 11:34:20,-4.019926,-79.211834,Calle Saraguro,SOLO_DANOS,Atropellamiento,Via resbaladiza o mojada,,,,,,,,,,,,
2021-04-04 12:13:07,-4.021936,-79.209490,Av. Isidro Ayora,SOLO_DANOS,Caida,Visibilidad reducida,,,,,,,,,,,,
2021-10-06 13:18:49,-4.002961,-79.214430,Calle Rocafuerte,CON_FALLECIDOS,Atropellamiento,Exceso de velocidad,81,FALLECIDO,NO_REGISTRA,VEH_LIVIANO,30,FALLECIDO,HOMBRE,PEATON,60,LESIONADO,MUJER,MOTOCICLETA
2021-05-07 06:01:13,-4.007526,-79.179527,Via Loja - Catamayo,CON_LESIONADOS,Incendio,Exceso de velocidad,72,LESIONADO,NO_REGISTRA,VEH_LIVIANO,,,,,,,,
2021-06-03 21:28:56,-3.985269,-79.223179,Calle Miguel Riofrio,CON_LESIONADOS,Volcamiento,Factores externos,62,LESIONADO,HOMBRE,OTRO,,,,,,,,
2021-07-15 06:14:27,-4.010097,-79.186565,Calle Colon,CON_FALLECIDOS,Volcamiento,Fatiga del conductor,25,FALLECIDO,MUJER,VEH_LIVIANO,40,FALLECIDO,MUJER,VEH_LIVIANO,62,LESIONADO,NO_REGISTRA,PEATON
2021-02-16 20:23:18,-4.001182,-79.204385,Calle Rocafuerte,CON_LESIONADOS,Caida,Exceso de velocidad,68,LESIONADO,NO_REGISTRA,OTRO,68,LESIONADO,MUJER,MOTOCICLETA,15,LESIONADO,NO_REGISTRA,SCOOTER
2021-02-03 08:10:08,-4.012840,-79.194449,Calle Saraguro,CON_FALLECIDOS,Incendio,Visibilidad reducida,48,FALLECIDO,HOMBRE,SCOOTER,21,LESIONADO,HOMBRE,SCOOTER,55,LESIONADO,NO_REGISTRA,CICLISTA
2021-11-06 08:09:24,-3.995748,-79.204246,Calle Rocafuerte,CON_LESIONADOS,Incendio,Inobservancia de senales,33,LESIONADO,NO_REGISTRA,MOTOCICLETA,45,LESIONADO,NO_REGISTRA,VEH_LIVIANO,,,,
2021-02-27 00:16:16,-3.998377,-79.179640,Calle Ramon Borrero,CON_LESIONADOS,Colision Multiple,Distraccion (celular/radio),32,LESIONADO,NO_REGISTRA,CICLISTA,53,LESIONADO,MUJER,PEATON,51,LESIONADO,HOMBRE,OTRO
2021-01-04 03:41:54,-3.997848,-79.207222,Calle 10 de Agosto,CON_LESIONADOS,Accidente Laboral,Visibilidad reducida,43,LESIONADO,MUJER,PEATON,,,,,,,,
2021-12-09 14:53:15,-3.998107,-79.213409,Via Loja - Catamayo,SOLO_DANOS,Volcamiento,Distraccion (celular/radio),,,,,,,,,,,,
2021-05-19 05:06:34,-4.024304,-79.184336,Calle Saraguro,CON_LESIONADOS,Choque Vehicular,Imprudencia del conductor,75,LESIONADO,MUJER,VEH_LIVIANO,,,,,,,,
2021-04-20 15:00:31,-3.986287,-79.204146,Via Loja - Catamayo,SOLO_DANOS,Volcamiento,Imprudencia del conductor,52,LESIONADO,NO_REGISTRA,PEATON,,,,,,,,
2021-03-22 19:30:32,-4.014836,-79.225436,Ruta 35,CON_FALLECIDOS,Colision Multiple,Falla mecanica,33,FALLECIDO,HOMBRE,MOTOCICLETA,62,FALLECIDO,NO_REGISTRA,VEH_LIVIANO,,,,
2021-01-04 23:27:49,-3.992173,-79.194242,Av. Rosa Hermosa,SOLO_DANOS,Atropellamiento,Visibilidad reducida,9,LESIONADO,HOMBRE,VEH_LIVIANO,,,,,,,,
2021-02-14 18:11:40,-4.016438,-79.176623,Calle Montufar,CON_LESIONADOS,Accidente Laboral,Via resbaladiza o mojada,45,LESIONADO,NO_REGISTRA,MOTOCICLETA,74,LESIONADO,NO_REGISTRA,PEATON,,,,
2021-05-29 16:52:24,-3.998364,-79.194578,Calle Azogues,CON_LESIONADOS,Colision Multiple,Imprudencia del conductor,7,LESIONADO,HOMBRE,SCOOTER,,,,,,,,
2021-12-25 08:35:15,-3.985554,-79.182530,Av. Rosa Hermosa,CON_LESIONADOS,Caida,Equipo de seguridad deficiente,10,LESIONADO,NO_REGISTRA,PEATON,17,LESIONADO,HOMBRE,SCOOTER,65,LESIONADO,NO_REGISTRA,OTRO
2021-08-05 16:57:34,-3.982830,-79.190820,Calle Bolivar,SOLO_DANOS,Choque Vehicular,Visibilidad reducida,,,,,,,,,,,,
2021-02-28 07:51:49,-3.979615,-79.228775,Via Loja - Catamayo,CON_FALLECIDOS,Incendio,Estado de embriaguez,23,FALLECIDO,NO_REGISTRA,PEATON,21,FALLECIDO,HOMBRE,PEATON,73,LESIONADO,MUJER,MOTOCICLETA
2021-03-31 19:59:18,-4.008390,-79.214156,Calle Imbabura,CON_LESIONADOS,Accidente Laboral,Imprudencia del conductor,33,LESIONADO,NO_REGISTRA,SCOOTER,24,LESIONADO,NO_REGISTRA,CICLISTA,6,LESIONADO,NO_REGISTRA,VEH_LIVIANO
2021-05-01 06:14:53,-4.006300,-79.206263,Av. Orillas del Zamora,CON_FALLECIDOS,Accidente Laboral,Mal estado de la via,22,FALLECIDO,MUJER,MOTOCICLETA,35,FALLECIDO,MUJER,SCOOTER,74,LESIONADO,HOMBRE,PEATON
2021-07-28 10:36:26,-3.985523,-79.205014,Av. Reinaldo Espinosa,CON_LESIONADOS,Volcamiento,Inobservancia de senales,53,LESIONADO,NO_REGISTRA,VEH_LIVIANO,,,,,,,,
2021-02-07 22:13:26,-3.988472,-79.210623,Av. Metropolitana,CON_LESIONADOS,Choque Vehicular,Inobservancia de senales,59,LESIONADO,MUJER,OTRO,,,,,,,,
2021-03-15 23:29:18,-4.027275,-79.202035,Calle Colon,SOLO_DANOS,Choque Vehicular,Via resbaladiza o mojada,,,,,,,,,,,,
2021-07-05 11:17:46,-4.026557,-79.211868,Av. Universitaria,CON_LESIONADOS,Incendio,Estado de embriaguez,44,LESIONADO,NO_REGISTRA,PEATON,,,,,,,,
2021-04-13 11:26:08,-4.025838,-79.171920,Calle 10 de Agosto,CON_LESIONADOS,Accidente Laboral,Factores externos,80,LESIONADO,HOMBRE,SCOOTER,16,LESIONADO,NO_REGISTRA,CICLISTA,,,,
2021-09-26 09:42:25,-3.998891,-79.193524,Av. Cuxibamba,CON_FALLECIDOS,Colision Multiple,Mal estado de la via,53,FALLECIDO,NO_REGISTRA,OTRO,29,LESIONADO,HOMBRE,MOTOCICLETA,34,LESIONADO,NO_REGISTRA,PEATON
2021-10-18 06:12:11,-3.979760,-79.183634,Av. Rosa Hermosa,SOLO_DANOS,Volcamiento,Exceso de velocidad,,,,,,,,,,,,
2021-01-08 19:16:05,-4.026817,-79.209454,Calle Azogues,CON_FALLECIDOS,Choque Vehicular,Factores externos,40,FALLECIDO,NO_REGISTRA,PEATON,50,LESIONADO,NO_REGISTRA,PEATON,,,,
2021-11-05 03:48:44,-4.016695,-79.191528,Av. Reinaldo Espinosa,SOLO_DANOS,Volcamiento,Imprudencia del conductor,,,,,,,,,,,,
2021-12-27 15:13:02,-4.028260,-79.218547,Av. Gran Colombia,SOLO_DANOS,Choque Vehicular,Mal estado de la via,,,,,,,,,,,,
2021-04-03 17:40:35,-3.989327,-79.174850,Av. Pio Jaramillo,SOLO_DANOS,Incendio,Estado de embriaguez,,,,,,,,,,,,
2021-12-12 06:35:37,-4.017340,-79.226684,Calle Saraguro,CON_LESIONADOS,Incendio,Fatiga del conductor,38,LESIONADO,HOMBRE,PEATON,36,LESIONADO,NO_REGISTRA,OTRO,80,LESIONADO,HOMBRE,MOTOCICLETA
2021-09-16 03:11:48,-4.027340,-79.210081,Calle Montufar,CON_LESIONADOS,Volcamiento,Imprudencia del conductor,71,LESIONADO,MUJER,PEATON,63,LESIONADO,MUJER,SCOOTER,58,LESIONADO,MUJER,CICLISTA
2021-11-10 06:10:17,-4.024615,-79.178893,Via Loja - Zamora,CON_FALLECIDOS,Choque Vehicular,Exceso de velocidad,21,FALLECIDO,MUJER,MOTOCICLETA,40,FALLECIDO,HOMBRE,VEH_LIVIANO,69,LESIONADO,HOMBRE,MOTOCICLETA
2021-11-26 07:24:50,-4.032220,-79.178457,Calle 10 de Agosto,SOLO_DANOS,Volcamiento,Fatiga del conductor,,,,,,,,,,,,
2021-02-25 06:13:25,-4.017537,-79.179936,Calle Rocafuerte,CON_LESIONADOS,Accidente Laboral,Fatiga del conductor,24,LESIONADO,HOMBRE,OTRO,43,LESIONADO,NO_REGISTRA,MOTOCICLETA,,,,
2021-10-06 07:35:52,-4.000524,-79.226122,Calle Ramon Borrero,CON_FALLECIDOS,Incendio,Mal estado de la via,31,FALLECIDO,MUJER,SCOOTER,19,LESIONADO,MUJER,OTRO,15,LESIONADO,NO_REGISTRA,OTRO
2021-05-31 15:04:34,-4.000841,-79.172699,Av. Rosa Hermosa,CON_FALLECIDOS,Colision Multiple,Imprudencia del conductor,45,FALLECIDO,NO_REGISTRA,MOTOCICLETA,61,FALLECIDO,MUJER,SCOOTER,48,LESIONADO,NO_REGISTRA,MOTOCICLETA
2021-03-18 17:02:58,-4.025694,-79.185829,Av. Orillas del Zamora,CON_LESIONADOS,Colision Multiple,Fatiga del conductor,45,LESIONADO,MUJER,MOTOCICLETA,,,,,,,,
2021-11-05 16:50:16,-3.978471,-79.182899,Calle Ramon Borrero,SOLO_DANOS,Colision Multiple,Distraccion (celular/radio),,,,,,,,,,,,
2021-12-12 01:04:56,-3.993295,-79.200736,Calle 18 de Noviembre,CON_FALLECIDOS,Choque Vehicular,Falla mecanica,48,FALLECIDO,MUJER,MOTOCICLETA,46,FALLECIDO,NO_REGISTRA,VEH_LIVIANO,75,LESIONADO,NO_REGISTRA,MOTOCICLETA
2021-01-18 03:30:08,-4.007449,-79.176526,Ruta 35,CON_FALLECIDOS,Incendio,Inobservancia de senales,33,FALLECIDO,HOMBRE,CICLISTA,85,FALLECIDO,MUJER,SCOOTER,,,,
2021-09-21 03:59:34,-4.009642,-79.192836,Calle Mercadillo,CON_FALLECIDOS,Volcamiento,Visibilidad reducida,74,FALLECIDO,HOMBRE,OTRO,30,LESIONADO,HOMBRE,VEH_LIVIANO,,,,
2021-07-12 09:22:42,-3.999619,-79.224968,Ruta 35,SOLO_DANOS,Caida,Exceso de velocidad,,,,,,,,,,,,
2021-08-16 13:59:37,-3.986508,-79.209713,Calle Miguel Riofrio,CON_FALLECIDOS,Caida,Mal estado de la via,57,FALLECIDO,NO_REGISTRA,VEH_LIVIANO,31,LESIONADO,MUJER,PEATON,20,LESIONADO,NO_REGISTRA,OTRO
2021-02-21 22:18:11,-3.999170,-79.202882,Calle 18 de Noviembre,CON_FALLECIDOS,Volcamiento,Inobservancia de senales,28,FALLECIDO,MUJER,OTRO,54,FALLECIDO,HOMBRE,SCOOTER,57,LESIONADO,NO_REGISTRA,SCOOTER
2021-08-24 07:00:29,-4.019671,-79.172303,Calle Ramon Borrero,CON_LESIONADOS,Volcamiento,Falla mecanica,54,LESIONADO,NO_REGISTRA,MOTOCICLETA,45,LESIONADO,HOMBRE,VEH_LIVIANO,51,LESIONADO,MUJER,PEATON
2021-12-15 10:20:23,-3.998295,-79.218755,Calle Rocafuerte,CON_LESIONADOS,Incendio,Distraccion (celular/radio),10,LESIONADO,HOMBRE,CICLISTA,61,LESIONADO,HOMBRE,PEATON,21,LESIONADO,MUJER,CICLISTA
2021-06-21 22:52:06,-3.993578,-79.223960,Av. Isidro Ayora,CON_LESIONADOS,Accidente Laboral,Falla mecanica,52,LESIONADO,HOMBRE,MOTOCICLETA,,,,,,,,
2021-09-12 23:32:44,-4.009031,-79.208739,Av. Pio Jaramillo,SOLO_DANOS,Choque Vehicular,Imprudencia del conductor,,,,,,,,,,,,
2021-10-02 15:52:58,-4.013668,-79.215624,Calle Saraguro,CON_LESIONADOS,Accidente Laboral,Via resbaladiza o mojada,12,LESIONADO,NO_REGISTRA,OTRO,,,,,,,,
2021-10-18 12:21:34,-3.999958,-79.183600,Av. Cuxibamba,SOLO_DANOS,Incendio,Fatiga del conductor,,,,,,,,,,,,
2021-09-23 07:37:57,-4.004666,-79.182202,Calle Azogues,CON_LESIONADOS,Colision Multiple,Estado de embriaguez,18,LESIONADO,MUJER,CICLISTA,21,LESIONADO,NO_REGISTRA,CICLISTA,39,LESIONADO,HOMBRE,OTRO
2021-09-16 14:57:45,-3.991721,-79.177057,Av. Pio Jaramillo,CON_LESIONADOS,Volcamiento,Distraccion (celular/radio),75,LESIONADO,MUJER,MOTOCICLETA,,,,,,,,
2021-02-25 14:54:04,-4.005593,-79.219059,Av. Orillas del Zamora,CON_FALLECIDOS,Caida,Visibilidad reducida,68,FALLECIDO,HOMBRE,PEATON,,,,,,,,
2021-03-24 03:03:32,-4.001932,-79.175223,Ruta 35,SOLO_DANOS,Volcamiento,Estado de embriaguez,,,,,,,,,,,,
2021-08-27 14:23:20,-3.981813,-79.171130,Calle Colon,CON_FALLECIDOS,Incendio,Falla mecanica,51,FALLECIDO,MUJER,SCOOTER,55,FALLECIDO,NO_REGISTRA,PEATON,20,LESIONADO,MUJER,OTRO
2021-01-22 04:02:39,-4.001426,-79.211810,Av. Universitaria,CON_FALLECIDOS,Accidente Laboral,Equipo de seguridad deficiente,33,FALLECIDO,HOMBRE,MOTOCICLETA,74,LESIONADO,MUJER,VEH_LIVIANO,,,,
2021-02-11 18:07:28,-4.027087,-79.188507,Calle Saraguro,CON_FALLECIDOS,Atropellamiento,Inobservancia de senales,43,FALLECIDO,HOMBRE,PEATON,71,FALLECIDO,MUJER,CICLISTA,8,LESIONADO,NO_REGISTRA,SCOOTER
2021-01-06 14:33:57,-4.013782,-79.227044,Via Loja - Catamayo,CON_FALLECIDOS,Atropellamiento,Falla mecanica,21,FALLECIDO,MUJER,PEATON,64,FALLECIDO,HOMBRE,OTRO,,,,
2021-06-20 23:24:58,-4.035084,-79.175041,Via Loja - Catamayo,CON_FALLECIDOS,Volcamiento,Imprudencia del conductor,62,FALLECIDO,HOMBRE,VEH_LIVIANO,,,,,,,,
2021-06-18 08:51:34,-4.003247,-79.205097,Av. Metropolitana,CON_LESIONADOS,Volcamiento,Mal estado de la via,34,LESIONADO,MUJER,PEATON,5,LESIONADO,HOMBRE,CICLISTA,24,LESIONADO,NO_REGISTRA,SCOOTER
2021-11-25 00:13:55,-4.021956,-79.200041,Calle Sucre,CON_FALLECIDOS,Incendio,Mal estado de la via,73,FALLECIDO,HOMBRE,PEATON,,,,,,,,
2021-11-30 09:00:07,-4.004688,-79.207257,Av. Pio Jaramillo,SOLO_DANOS,Volcamiento,Inobservancia de senales,,,,,,,,,,,,
2021-12-27 23:48:47,-4.021397,-79.184028,Calle Rocafuerte,CON_LESIONADOS,Volcamiento,Mal estado de la via,12,LESIONADO,HOMBRE,MOTOCICLETA,61,LESIONADO,MUJER,SCOOTER,,,,
2021-01-27 19:26:25,-4.010035,-79.178086,Av. Metropolitana,SOLO_DANOS,Colision Multiple,Distraccion (celular/radio),,,,,,,,,,,,
2021-04-13 03:26:18,-3.990578,-79.196603,Calle Quito,SOLO_DANOS,Volcamiento,Imprudencia del conductor,,,,,,,,,,,,
2021-11-15 19:32:45,-3.996093,-79.204185,Av. Metropolitana,CON_FALLECIDOS,Volcamiento,Mal estado de la via,23,FALLECIDO,NO_REGISTRA,VEH_LIVIANO,49,FALLECIDO,NO_REGISTRA,VEH_LIVIANO,38,LESIONADO,NO_REGISTRA,MOTOCICLETA
2021-03-21 17:31:59,-3.979591,-79.204334,Calle Rocafuerte,CON_FALLECIDOS,Accidente Laboral,Mal estado de la via,35,FALLECIDO,MUJER,SCOOTER,62,FALLECIDO,MUJER,OTRO,49,LESIONADO,NO_REGISTRA,CICLISTA
2021-07-08 22:57:11,-4.003609,-79.209563,Av. Rosa Hermosa,CON_LESIONADOS,Colision Multiple,Visibilidad reducida,8,LESIONADO,HOMBRE,SCOOTER,8,LESIONADO,MUJER,PEATON,,,,
2021-11-26 06:43:48,-4.030044,-79.189582,Calle Mercadillo,SOLO_DANOS,Atropellamiento,Fatiga del conductor,,,,,,,,,,,,
2021-05-04 04:09:05,-3.979388,-79.194137,Av. Manuel Agustin Aguirre,CON_FALLECIDOS,Accidente Laboral,Estado de embriaguez,74,FALLECIDO,HOMBRE,SCOOTER,66,LESIONADO,MUJER,SCOOTER,,,,
2021-02-14 19:18:50,-3.997773,-79.218608,Av. Metropolitana,CON_FALLECIDOS,Volcamiento,Mal estado de la via,26,FALLECIDO,HOMBRE,SCOOTER,36,FALLECIDO,HOMBRE,SCOOTER,16,LESIONADO,MUJER,PEATON
2021-12-30 07:01:11,-3.986473,-79.223601,Av. 8 de Diciembre,CON_LESIONADOS,Choque Vehicular,Estado de embriaguez,13,LESIONADO,MUJER,MOTOCICLETA,32,LESIONADO,NO_REGISTRA,PEATON,,,,
2021-04-14 16:40:20,-4.021043,-79.230018,Av. Pio Jaramillo,CON_FALLECIDOS,Caida,Mal estado de la via,82,FALLECIDO,NO_REGISTRA,VEH_LIVIANO,71,FALLECIDO,NO_REGISTRA,OTRO,70,LESIONADO,NO_REGISTRA,OTRO
2021-09-13 10:55:50,-4.020610,-79.205187,Via Loja - Zamora,CON_LESIONADOS,Colision Multiple,Estado de embriaguez,62,LESIONADO,HOMBRE,OTRO,,,,,,,,
2021-08-24 16:44:27,-4.023410,-79.214228,Via Loja - Catamayo,SOLO_DANOS,Caida,Exceso de velocidad,,,,,,,,,,,,
2021-05-17 08:37:39,-4.002120,-79.192019,Av. Orillas del Zamora,CON_FALLECIDOS,Choque Vehicular,Falla mecanica,69,FALLECIDO,MUJER,CICLISTA,56,FALLECIDO,HOMBRE,OTRO,26,LESIONADO,NO_REGISTRA,VEH_LIVIANO
2021-05-18 15:55:02,-4.012120,-79.202959,Calle 10 de Agosto,CON_LESIONADOS,Atropellamiento,Estado de embriaguez,38,LESIONADO,NO_REGISTRA,PEATON,,,,,,,,
2021-01-05 07:54:16,-4.010105,-79.176594,Calle Rocafuerte,CON_FALLECIDOS,Accidente Laboral,Inobservancia de senales,23,FALLECIDO,MUJER,OTRO,41,FALLECIDO,HOMBRE,SCOOTER,40,LESIONADO,HOMBRE,CICLISTA
2021-12-15 01:55:26,-3.978304,-79.197717,Calle Mercadillo,CON_LESIONADOS,Colision Multiple,Mal estado de la via,72,LESIONADO,MUJER,OTRO,17,LESIONADO,NO_REGISTRA,PEATON,,,,
2021-02-25 19:34:37,-4.003954,-79.227493,Calle Sucre,SOLO_DANOS,Volcamiento,Exceso de velocidad,,,,,,,,,,,,
2021-01-02 12:38:48,-4.007166,-79.199589,Av. Rosa Hermosa,SOLO_DANOS,Volcamiento,Mal estado de la via,,,,,,,,,,,,
2021-08-01 10:10:57,-4.000923,-79.199091,Av. Orillas del Zamora,CON_LESIONADOS,Volcamiento,Via resbaladiza o mojada,9,LESIONADO,HOMBRE,VEH_LIVIANO,11,LESIONADO,NO_REGISTRA,PEATON,31,LESIONADO,HOMBRE,OTRO
2021-07-27 18:16:49,-4.003220,-79.230764,Calle Bolivar,SOLO_DANOS,Caida,Mal estado de la via,,,,,,,,,,,,
2021-11-13 02:06:04,-3.986796,-79.200163,Av. 8 de Diciembre,CON_LESIONADOS,Accidente Laboral,Visibilidad reducida,18,LESIONADO,HOMBRE,MOTOCICLETA,72,LESIONADO,MUJER,MOTOCICLETA,77,LESIONADO,MUJER,PEATON
2021-08-18 09:13:04,-4.034337,-79.226893,Av. 8 de Diciembre,SOLO_DANOS,Colision Multiple,Fatiga del conductor,,,,,,,,,,,,
2021-10-18 07:18:53,-4.013412,-79.199693,Calle Colon,SOLO_DANOS,Incendio,Distraccion (celular/radio),,,,,,,,,,,,
2021-12-03 08:42:23,-4.019157,-79.174744,Calle Quito,CON_FALLECIDOS,Atropellamiento,Visibilidad reducida,83,FALLECIDO,MUJER,OTRO,75,LESIONADO,MUJER,CICLISTA,,,,
2021-02-02 03:19:25,-4.022731,-79.212234,Calle 18 de Noviembre,SOLO_DANOS,Atropellamiento,Exceso de velocidad,,,,,,,,,,,,
2021-01-13 03:27:46,-4.011835,-79.218915,Calle Miguel Riofrio,CON_LESIONADOS,Volcamiento,Factores externos,60,LESIONADO,HOMBRE,OTRO,,,,,,,,
2021-12-11 18:54:30,-3.987948,-79.228762,Av. Isidro Ayora,SOLO_DANOS,Colision Multiple,Mal estado de la via,,,,,,,,,,,,
2021-06-07 02:14:53,-3.993786,-79.213365,Av. Reinaldo Espinosa,SOLO_DANOS,Atropellamiento,Visibilidad reducida,,,,,,,,,,,,
2021-11-03 02:12:09,-3.994848,-79.173287,Calle Quito,SOLO_DANOS,Choque Vehicular,Distraccion (celular/radio),,,,,,,,,,,,
2021-11-10 17:51:17,-3.994695,-79.181165,Av. Cuxibamba,SOLO_DANOS,Caida,Visibilidad reducida,,,,,,,,,,,,
2021-08-09 05:17:21,-4.018746,-79.204201,Calle Imbabura,CON_FALLECIDOS,Accidente Laboral,Inobservancia de senales,59,FALLECIDO,NO_REGISTRA,OTRO,40,FALLECIDO,MUJER,SCOOTER,67,LESIONADO,NO_REGISTRA,CICLISTA
2021-09-10 22:31:21,-4.031611,-79.216921,Av. Manuel Agustin Aguirre,CON_FALLECIDOS,Incendio,Via resbaladiza o mojada,24,FALLECIDO,NO_REGISTRA,SCOOTER,64,FALLECIDO,NO_REGISTRA,MOTOCICLETA,,,,
2021-06-10 07:13:46,-4.003769,-79.198676,Av. Orillas del Zamora,CON_LESIONADOS,Choque Vehicular,Fatiga del conductor,9,LESIONADO,NO_REGISTRA,VEH_LIVIANO,55,LESIONADO,MUJER,VEH_LIVIANO,,,,
2021-03-23 22:26:38,-4.016300,-79.205580,Via Loja - Catamayo,CON_LESIONADOS,Choque Vehicular,Estado de embriaguez,67,LESIONADO,MUJER,OTRO,25,LESIONADO,HOMBRE,OTRO,77,LESIONADO,NO_REGISTRA,CICLISTA
2021-11-17 04:20:59,-3.992446,-79.202540,Calle Mercadillo,CON_LESIONADOS,Accidente Laboral,Mal estado de la via,27,LESIONADO,MUJER,SCOOTER,24,LESIONADO,NO_REGISTRA,VEH_LIVIANO,79,LESIONADO,HOMBRE,OTRO
2021-10-04 10:50:12,-4.022116,-79.217273,Calle Miguel Riofrio,CON_LESIONADOS,Caida,Imprudencia del conductor,55,LESIONADO,MUJER,SCOOTER,,,,,,,,
2021-05-19 20:20:45,-3.992609,-79.192263,Av. Manuel Agustin Aguirre,CON_FALLECIDOS,Caida,Equipo de seguridad deficiente,70,FALLECIDO,HOMBRE,OTRO,65,FALLECIDO,HOMBRE,PEATON,,,,
2021-12-22 03:29:11,-3.993800,-79.172650,Calle Miguel Riofrio,SOLO_DANOS,Choque Vehicular,Mal estado de la via,,,,,,,,,,,,
2021-07-27 03:18:52,-4.013971,-79.205057,Calle Montufar,CON_FALLECIDOS,Colision Multiple,Inobservancia de senales,21,FALLECIDO,HOMBRE,PEATON,71,LESIONADO,MUJER,MOTOCICLETA,,,,
2021-01-02 03:19:36,-3.978918,-79.182844,Av. Universitaria,SOLO_DANOS,Atropellamiento,Equipo de seguridad deficiente,,,,,,,,,,,,
2021-11-01 12:31:45,-4.009173,-79.205222,Calle Sucre,SOLO_DANOS,Accidente Laboral,Distraccion (celular/radio),,,,,,,,,,,,
2021-04-07 14:34:42,-4.007694,-79.186379,Av. Orillas del Zamora,CON_FALLECIDOS,Incendio,Fatiga del conductor,48,FALLECIDO,NO_REGISTRA,MOTOCICLETA,65,FALLECIDO,HOMBRE,MOTOCICLETA,22,LESIONADO,NO_REGISTRA,VEH_LIVIANO
2021-02-02 14:30:53,-4.031504,-79.195228,Via Loja - Zamora,CON_FALLECIDOS,Incendio,Factores externos,55,FALLECIDO,MUJER,PEATON,64,LESIONADO,MUJER,SCOOTER,,,,
2021-12-01 19:21:31,-3.996596,-79.197131,Av. Cuxibamba,CON_LESIONADOS,Colision Multiple,Visibilidad reducida,11,LESIONADO,MUJER,CICLISTA,23,LESIONADO,HOMBRE,CICLISTA,,,,
2021-02-06 09:55:58,-3.997611,-79.216218,Calle Colon,CON_FALLECIDOS,Choque Vehicular,Fatiga del conductor,19,FALLECIDO,MUJER,PEATON,,,,,,,,
2021-06-08 11:15:11,-3.982290,-79.229547,Calle Ramon Borrero,CON_FALLECIDOS,Choque Vehicular,Falla mecanica,52,FALLECIDO,MUJER,VEH_LIVIANO,41,FALLECIDO,NO_REGISTRA,PEATON,32,LESIONADO,MUJER,MOTOCICLETA
2021-09-24 23:45:32,-4.011415,-79.186740,Calle Imbabura,SOLO_DANOS,Accidente Laboral,Estado de embriaguez,,,,,,,,,,,,
2021-01-07 13:59:11,-3.991109,-79.174655,Via Loja - Catamayo,SOLO_DANOS,Atropellamiento,Fatiga del conductor,,,,,,,,,,,,