fecha_hora,latitud,longitud,via,grado_severidad,tipo_siniestro,causa_probable,victima1_edad,victima1_condicion,victima1_sexo,victima1_actor_vial,victima2_edad,victima2_condicion,victima2_sexo,victima2_actor_vial,victima3_edad,victima3_condicion,victima3_sexo,victima3_actor_vial
2021-06-08 00:19:38,-4.014030,-79.207033,Calle Imbabura,CON_LESIONADOS,Accidente Laboral,Estado de embriaguez,44,LESIONADO,NO_REGISTRA,PEATON,58,LESIONADO,MUJER,MOTOCICLETA,,,,
2021-05-14 02:23:18,-4.034546,-79.183236,Via Loja - Zamora,SOLO_DANOS,Choque Vehicular,Equipo de seguridad deficiente,,,,,,,,,,,,
2021-02-23 04:29:29,-3.997112,-79.171159,Calle Azogues,CON_FALLECIDOS,Atropellamiento,Inobservancia de senales,72,FALLECIDO,HOMBRE,OTRO,,,,,,,,
2021-06-05 02:58:13,-4.025317,-79.173108,Av. Manuel Agustin Aguirre,CON_LESIONADOS,Colision Multiple,Falla mecanica,38,LESIONADO,MUJER,PEATON,,,,,,,,
2021-08-24 17:11:48,-4.002236,-79.218487,Calle Montufar,CON_FALLECIDOS,Incendio,Exceso de velocidad,64,FALLECIDO,HOMBRE,VEH_LIVIANO,65,FALLECIDO,MUJER,OTRO,,,,
2021-05-13 22:36:50,-3.981088,-79.197366,Via Loja - Zamora,SOLO_DANOS,Atropellamiento,Fatiga del conductor,,,,,,,,,,,,
2021-09-03 21:43:51,-3.980823,-79.183107,Av. Isidro Ayora,SOLO_DANOS,Colision Multiple,Visibilidad reducida,,,,,,,,,,,,
2021-09-30 06:52:57,-4.012711,-79.223465,Av. Isidro Ayora,CON_FALLECIDOS,Caida,Exceso de velocidad,42,FALLECIDO,NO_REGISTRA,VEH_LIVIANO,42,FALLECIDO,NO_REGISTRA,OTRO,9,LESIONADO,HOMBRE,SCOOTER
2021-09-11 08:06:21,-3.980557,-79.215535,Ruta 35,SOLO_DANOS,Accidente Laboral,Visibilidad reducida,,,,,,,,,,,,
2021-03-18 22:09:12,-3.981000,-79.189116,Calle Imbabura,SOLO_DANOS,Accidente Laboral,Estado de embriaguez,,,,,,,,,,,,
2021-03-07 15:49:16,-4.034172,-79.229992,Av. 8 de Diciembre,SOLO_DANOS,Volcamiento,Falla mecanica,,,,,,,,,,,,
2021-06-27 07:59:21,-4.029794,-79.202895,Ruta 35,CON_FALLECIDOS,Volcamiento,Inobservancia de senales,81,FALLECIDO,HOMBRE,SCOOTER,,,,,,,,
2021-12-11 12:23:31,-3.993561,-79.186837,Calle 10 de Agosto,CON_LESIONADOS,Choque Vehicular,Visibilidad reducida,26,LESIONADO,MUJER,SCOOTER,,,,,,,,
2021-07-03 08:02:19,-4.027217,-79.172842,Calle Azogues,CON_LESIONADOS,Volcamiento,Imprudencia del conductor,29,LESIONADO,MUJER,MOTOCICLETA,,,,,,,,
2021-10-16 11:25:57,-4.013156,-79.214886,Calle Mercadillo,CON_FALLECIDOS,Accidente Laboral,Visibilidad reducida,59,FALLECIDO,HOMBRE,OTRO,39,FALLECIDO,HOMBRE,OTRO,,,,
2021-07-01 18:58:01,-4.027060,-79.201648,Calle Saraguro,CON_FALLECIDOS,Atropellamiento,Fatiga del conductor,19,FALLECIDO,HOMBRE,VEH_LIVIANO,28,LESIONADO,HOMBRE,SCOOTER,,,,
2021-12-30 13:29:56,-4.006257,-79.220664,Av. Reinaldo Espinosa,CON_LESIONADOS,Accidente Laboral,Equipo de seguridad deficiente,41,LESIONADO,MUJER,SCOOTER,,,,,,,,
2021-06-19 09:56:16,-3.996960,-79.186814,Calle Colon,SOLO_DANOS,Accidente Laboral,Distraccion (celular/radio),24,LESIONADO,HOMBRE,MOTOCICLETA,,,,,,,,
2021-05-06 09:50:25,-4.010117,-79.205121,Av. Pio Jaramillo,SOLO_DANOS,Atropellamiento,Mal estado de la via,,,,,,,,,,,,
2021-06-13 12:55:00,-4.009377,-79.184741,Calle 10 de Agosto,CON_LESIONADOS,Caida,Distraccion (celular/radio),28,LESIONADO,HOMBRE,OTRO,26,LESIONADO,NO_REGISTRA,VEH_LIVIANO,76,LESIONADO,MUJER,CICLISTA
2021-12-04 16:20:41,-4.035477,-79.180146,Calle Ramon Borrero,CON_LESIONADOS,Atropellamiento,Falla mecanica,29,LESIONADO,NO_REGISTRA,VEH_LIVIANO,22,LESIONADO,HOMBRE,CICLISTA,,,,
2021-05-15 08:00:45,-3.978911,-79.207798,Calle Mercadillo,CON_FALLECIDOS,Choque Vehicular,Mal estado de la via,27,FALLECIDO,MUJER,MOTOCICLETA,,,,,,,,
2021-05-30 14:22:06,-4.035790,-79.216680,Av. Universitaria,CON_FALLECIDOS,Accidente Laboral,Inobservancia de senales,76,FALLECIDO,HOMBRE,MOTOCICLETA,8,LESIONADO,MUJER,CICLISTA,,,,
2021-08-29 14:00:25,-4.014433,-79.171897,Via Loja - Zamora,SOLO_DANOS,Volcamiento,Visibilidad reducida,,,,,,,,,,,,
2021-05-06 19:12:37,-4.026145,-79.176662,Av. Orillas del Zamora,SOLO_DANOS,Choque Vehicular,Mal estado de la via,,,,,,,,,,,,
2021-05-03 07:04:50,-3.996958,-79.188043,Av. Manuel Agustin Aguirre,CON_LESIONADOS,Caida,Visibilidad reducida,44,LESIONADO,HOMBRE,CICLISTA,,,,,,,,
2021-06-15 13:57:57,-4.005956,-79.209163,Av. 8 de Diciembre,CON_FALLECIDOS,Accidente Laboral,Mal estado de la via,36,FALLECIDO,NO_REGISTRA,SCOOTER,36,LESIONADO,HOMBRE,CICLISTA,,,,
2021-05-13 02:05:10,-3.989515,-79.199380,Calle 10 de Agosto,CON_FALLECIDOS,Colision Multiple,Distraccion (celular/radio),31,FALLECIDO,MUJER,SCOOTER,32,LESIONADO,NO_REGISTRA,VEH_LIVIANO,17,LESIONADO,MUJER,CICLISTA
2021-10-09 20:09:06,-4.027250,-79.175167,Calle Quito,CON_FALLECIDOS,Incendio,Falla mecanica,52,FALLECIDO,HOMBRE,OTRO,20,FALLECIDO,NO_REGISTRA,MOTOCICLETA,74,LESIONADO,NO_REGISTRA,OTRO
2021-03-07 17:10:15,-3.997861,-79.189135,Av. Orillas del Zamora,CON_FALLECIDOS,Volcamiento,Inobservancia de senales,69,FALLECIDO,NO_REGISTRA,VEH_LIVIANO,35,FALLECIDO,NO_REGISTRA,CICLISTA,74,LESIONADO,HOMBRE,MOTOCICLETA
2021-03-19 22:40:09,-4.005374,-79.193223,Calle Saraguro,CON_LESIONADOS,Colision Multiple,Mal estado de la via,47,LESIONADO,HOMBRE,MOTOCICLETA,,,,,,,,
2021-04-06 13:31:51,-3.979671,-79.178223,Calle Bolivar,SOLO_DANOS,Caida,Estado de embriaguez,,,,,,,,,,,,
2021-09-11 21:13:26,-4.018240,-79.189775,Av. Metropolitana,CON_LESIONADOS,Caida,Exceso de velocidad,74,LESIONADO,NO_REGISTRA,CICLISTA,48,LESIONADO,MUJER,OTRO,35,LESIONADO,MUJER,PEATON
2021-10-29 13:45:25,-4.007972,-79.199393,Calle 10 de Agosto,CON_FALLECIDOS,Atropellamiento,Imprudencia del conductor,31,FALLECIDO,NO_REGISTRA,OTRO,80,FALLECIDO,HOMBRE,SCOOTER,46,LESIONADO,HOMBRE,MOTOCICLETA
2021-07-07 09:52:23,-4.019792,-79.171540,Av. Orillas del Zamora,SOLO_DANOS,Atropellamiento,Estado de embriaguez,,,,,,,,,,,,
2021-06-04 11:25:31,-4.016446,-79.191479,Calle 18 de Noviembre,SOLO_DANOS,Atropellamiento,Falla mecanica,,,,,,,,,,,,
2021-10-06 00:30:45,-3.984157,-79.208221,Av. Cuxibamba,CON_FALLECIDOS,Colision Multiple,Visibilidad reducida,44,FALLECIDO,HOMBRE,PEATON,38,FALLECIDO,NO_REGISTRA,OTRO,,,,
2021-05-12 00:01:01,-4.016532,-79.194495,Calle Ramon Borrero,CON_FALLECIDOS,Colision Multiple,Exceso de velocidad,33,FALLECIDO,MUJER,OTRO,,,,,,,,
2021-07-19 23:19:48,-4.008398,-79.194232,Calle 18 de Noviembre,SOLO_DANOS,Accidente Laboral,Equipo de seguridad deficiente,,,,,,,,,,,,
2021-10-04 06:49:51,-4.004990,-79.191425,Av. Manuel Agustin Aguirre,CON_FALLECIDOS,Choque Vehicular,Equipo de seguridad deficiente,68,FALLECIDO,HOMBRE,PEATON,14,LESIONADO,HOMBRE,MOTOCICLETA,56,LESIONADO,NO_REGISTRA,VEH_LIVIANO
2021-02-01 03:50:54,-4.034564,-79.171718,Calle Miguel Riofrio,CON_LESIONADOS,Accidente Laboral,Distraccion (celular/radio),22,LESIONADO,MUJER,MOTOCICLETA,7,LESIONADO,NO_REGISTRA,CICLISTA,59,LESIONADO,MUJER,MOTOCICLETA
2021-08-16 11:57:56,-4.016543,-79.199363,Calle Montufar,CON_FALLECIDOS,Atropellamiento,Mal estado de la via,37,FALLECIDO,NO_REGISTRA,OTRO,22,FALLECIDO,NO_REGISTRA,MOTOCICLETA,27,LESIONADO,NO_REGISTRA,VEH_LIVIANO
2021-02-02 07:03:00,-4.006789,-79.190126,Calle Quito,CON_LESIONADOS,Choque Vehicular,Falla mecanica,42,LESIONADO,MUJER,OTRO,,,,,,,,
2021-08-28 23:04:04,-4.008278,-79.213309,Av. Manuel Agustin Aguirre,CON_FALLECIDOS,Colision Multiple,Imprudencia del conductor,65,FALLECIDO,MUJER,OTRO,81,FALLECIDO,NO_REGISTRA,VEH_LIVIANO,,,,
2021-01-14 21:28:07,-4.015299,-79.214325,Calle Colon,CON_LESIONADOS,Caida,Equipo de seguridad deficiente,28,LESIONADO,NO_REGISTRA,MOTOCICLETA,36,LESIONADO,NO_REGISTRA,OTRO,5,LESIONADO,MUJER,MOTOCICLETA
2021-06-25 21:26:04,-4.009054,-79.178885,Calle Sucre,SOLO_DANOS,Colision Multiple,Estado de embriaguez,,,,,,,,,,,,
2021-04-28 08:49:03,-3.993209,-79.176339,Av. Isidro Ayora,SOLO_DANOS,Colision Multiple,Visibilidad reducida,,,,,,,,,,,,
2021-10-07 09:19:15,-4.001377,-79.188993,Calle Quito,CON_FALLECIDOS,Volcamiento,Distraccion (celular/radio),28,FALLECIDO,NO_REGISTRA,PEATON,21,LESIONADO,NO_REGISTRA,PEATON,47,LESIONADO,NO_REGISTRA,MOTOCICLETA
2021-02-28 13:42:13,-3.995145,-79.190101,Via Loja - Catamayo,CON_LESIONADOS,Caida,Visibilidad reducida,31,LESIONADO,HOMBRE,OTRO,,,,,,,,
2021-12-22 19:21:48,-4.030384,-79.222617,Via Loja - Zamora,SOLO_DANOS,Caida,Estado de embriaguez,,,,,,,,,,,,
2021-09-26 15:20:14,-4.016190,-79.201955,Av. Orillas del Zamora,CON_LESIONADOS,Caida,Factores externos,52,LESIONADO,MUJER,PEATON,,,,,,,,
2021-01-23 01:10:18,-3.977564,-79.200714,Via Loja - Catamayo,CON_LESIONADOS,Choque Vehicular,Exceso de velocidad,42,LESIONADO,MUJER,CICLISTA,62,LESIONADO,NO_REGISTRA,SCOOTER,28,LESIONADO,HOMBRE,PEATON
2021-03-20 00:31:51,-4.032504,-79.218529,Ruta 35,CON_FALLECIDOS,Choque Vehicular,Mal estado de la via,60,FALLECIDO,NO_REGISTRA,CICLISTA,32,FALLECIDO,MUJER,CICLISTA,76,LESIONADO,MUJER,MOTOCICLETA
2021-09-03 16:10:15,-4.030436,-79.217302,Calle Bolivar,SOLO_DANOS,Accidente Laboral,Inobservancia de senales,45,LESIONADO,NO_REGISTRA,VEH_LIVIANO,,,,,,,,
2021-03-22 04:37:43,-4.022625,-79.194373,Calle Sucre,CON_LESIONADOS,Atropellamiento,Falla mecanica,38,LESIONADO,NO_REGISTRA,CICLISTA,,,,,,,,
2021-03-07 13:30:11,-3.990893,-79.186509,Calle Bolivar,SOLO_DANOS,Atropellamiento,Via resbaladiza o mojada,12,LESIONADO,HOMBRE,PEATON,,,,,,,,
2021-02-27 08:27:13,-4.036408,-79.183967,Calle Quito,SOLO_DANOS,Caida,Imprudencia del conductor,,,,,,,,,,,,
2021-01-03 16:00:56,-4.007384,-79.188930,Via Loja - Zamora,SOLO_DANOS,Accidente Laboral,Falla mecanica,,,,,,,,,,,,
2021-09-11 06:18:02,-3.978334,-79.197787,Calle Mercadillo,CON_LESIONADOS,Volcamiento,Exceso de velocidad,53,LESIONADO,NO_REGISTRA,SCOOTER,72,LESIONADO,MUJER,SCOOTER,,,,
2021-05-14 08:06:59,-3.978685,-79.228640,Calle Sucre,SOLO_DANOS,Caida,Fatiga del conductor,,,,,,,,,,,,
2021-08-17 09:51:18,-4.018872,-79.213936,Calle 10 de Agosto,CON_LESIONADOS,Atropellamiento,Inobservancia de senales,77,LESIONADO,NO_REGISTRA,PEATON,60,LESIONADO,MUJER,PEATON,,,,
2021-01-15 10:22:53,-4.005744,-79.195119,Calle Rocafuerte,CON_FALLECIDOS,Accidente Laboral,Via resbaladiza o mojada,24,FALLECIDO,NO_REGISTRA,VEH_LIVIANO,62,LESIONADO,MUJER,CICLISTA,,,,
2021-11-08 22:29:05,-4.016116,-79.186755,Calle Imbabura,CON_LESIONADOS,Incendio,Visibilidad reducida,69,LESIONADO,MUJER,PEATON,22,LESIONADO,HOMBRE,CICLISTA,60,LESIONADO,NO_REGISTRA,VEH_LIVIANO
2021-04-20 06:37:56,-3.977215,-79.179334,Calle Bolivar,SOLO_DANOS,Caida,Equipo de seguridad deficiente,,,,,,,,,,,,
2021-07-13 02:13:35,-4.035489,-79.209122,Av. Manuel Agustin Aguirre,CON_FALLECIDOS,Choque Vehicular,Exceso de velocidad,40,FALLECIDO,NO_REGISTRA,PEATON,74,LESIONADO,NO_REGISTRA,PEATON,,,,
2021-05-22 08:07:47,-4.008408,-79.173392,Av. Universitaria,CON_FALLECIDOS,Volcamiento,Falla mecanica,55,FALLECIDO,HOMBRE,PEATON,44,FALLECIDO,NO_REGISTRA,SCOOTER,79,LESIONADO,MUJER,VEH_LIVIANO
2021-11-14 14:42:04,-3.986228,-79.198388,Calle Miguel Riofrio,SOLO_DANOS,Caida,Mal estado de la via,,,,,,,,,,,,
2021-08-09 11:27:29,-3.991420,-79.224067,Av. Gran Colombia,CON_FALLECIDOS,Choque Vehicular,Visibilidad reducida,76,FALLECIDO,NO_REGISTRA,SCOOTER,21,FALLECIDO,NO_REGISTRA,MOTOCICLETA,,,,
2021-11-05 15:55:45,-4.025370,-79.215575,Av. Orillas del Zamora,SOLO_DANOS,Colision Multiple,Mal estado de la via,,,,,,,,,,,,
2021-09-03 18:43:03,-4.024869,-79.187208,Calle Bolivar,CON_FALLECIDOS,Atropellamiento,Imprudencia del conductor,69,FALLECIDO,MUJER,MOTOCICLETA,,,,,,,,
2021-06-12 00:40:03,-4.019956,-79.206481,Calle Quito,CON_FALLECIDOS,Caida,Visibilidad reducida,40,FALLECIDO,MUJER,MOTOCICLETA,66,FALLECIDO,NO_REGISTRA,PEATON,16,LESIONADO,NO_REGISTRA,MOTOCICLETA
2021-11-23 22:20:05,-4.026740,-79.177061,Calle Imbabura,SOLO_DANOS,Choque Vehicular,Exceso de velocidad,55,LESIONADO,HOMBRE,VEH_LIVIANO,,,,,,,,
2021-03-12 09:11:22,-4.007438,-79.229523,Av. Orillas del Zamora,CON_FALLECIDOS,Accidente Laboral,Via resbaladiza o mojada,73,FALLECIDO,MUJER,CICLISTA,38,FALLECIDO,HOMBRE,VEH_LIVIANO,35,LESIONADO,HOMBRE,CICLISTA
2021-08-26 02:49:48,-3.987584,-79.189918,Calle Miguel Riofrio,CON_FALLECIDOS,Choque Vehicular,Via resbaladiza o mojada,62,FALLECIDO,MUJER,SCOOTER,15,LESIONADO,MUJER,CICLISTA,,,,
2021-10-26 15:38:14,-3.983599,-79.201222,Calle Rocafuerte,CON_FALLECIDOS,Choque Vehicular,Inobservancia de senales,81,FALLECIDO,HOMBRE,VEH_LIVIANO,34,FALLECIDO,NO_REGISTRA,CICLISTA,19,LESIONADO,MUJER,MOTOCICLETA
2021-09-26 19:51:42,-4.026130,-79.223462,Calle Quito,SOLO_DANOS,Accidente Laboral,Fatiga del conductor,,,,,,,,,,,,
2021-04-07 12:26:56,-3.993298,-79.218805,Ruta 35,SOLO_DANOS,Volcamiento,Estado de embriaguez,,,,,,,,,,,,
2021-11-06 10:03:04,-4.008302,-79.189956,Calle Sucre,SOLO_DANOS,Volcamiento,Inobservancia de senales,,,,,,,,,,,,
2021-07-19 07:23:40,-4.023523,-79.179701,Calle Mercadillo,CON_LESIONADOS,Caida,Distraccion (celular/radio),30,LESIONADO,HOMBRE,SCOOTER,72,LESIONADO,MUJER,OTRO,,,,
2021-06-13 11:43:31,-3.991217,-79.186165,Via Loja - Zamora,CON_LESIONADOS,Colision Multiple,Factores externos,32,LESIONADO,HOMBRE,MOTOCICLETA,5,LESIONADO,NO_REGISTRA,MOTOCICLETA,,,,
2021-10-14 01:09:02,-4.033120,-79.218936,Calle Sucre,CON_LESIONADOS,Choque Vehicular,Equipo de seguridad deficiente,7,LESIONADO,HOMBRE,CICLISTA,76,LESIONADO,MUJER,PEATON,,,,
2021-03-24 09:45:18,-4.009417,-79.230069,Av. Manuel Agustin Aguirre,CON_LESIONADOS,Incendio,Inobservancia de senales,25,LESIONADO,MUJER,OTRO,24,LESIONADO,NO_REGISTRA,MOTOCICLETA,31,LESIONADO,NO_REGISTRA,MOTOCICLETA
2021-01-21 07:35:18,-3.990836,-79.192044,Calle Azogues,SOLO_DANOS,Incendio,Imprudencia del conductor,26,LESIONADO,HOMBRE,SCOOTER,,,,,,,,
2021-07-07 00:19:43,-4.027322,-79.197282,Calle Colon,CON_FALLECIDOS,Colision Multiple,Equipo de seguridad deficiente,36,FALLECIDO,NO_REGISTRA,MOTOCICLETA,56,LESIONADO,HOMBRE,OTRO,18,LESIONADO,MUJER,OTRO
2021-04-01 07:51:38,-4.013565,-79.228344,Av. Metropolitana,CON_FALLECIDOS,Volcamiento,Imprudencia del conductor,30,FALLECIDO,HOMBRE,VEH_LIVIANO,83,FALLECIDO,NO_REGISTRA,OTRO,,,,
2021-03-24 00:34:37,-3.993281,-79.186710,Calle Imbabura,CON_FALLECIDOS,Caida,Factores externos,36,FALLECIDO,MUJER,CICLISTA,76,FALLECIDO,MUJER,MOTOCICLETA,78,LESIONADO,HOMBRE,MOTOCICLETA
2021-06-02 18:27:38,-4.030743,-79.200632,Calle Sucre,SOLO_DANOS,Caida,Visibilidad reducida,,,,,,,,,,,,
2021-08-30 01:58:16,-4.035487,-79.179531,Calle Bolivar,SOLO_DANOS,Accidente Laboral,Exceso de velocidad,,,,,,,,,,,,
2021-07-08 18:06:01,-3.977288,-79.204868,Av. Metropolitana,CON_LESIONADOS,Colision Multiple,Exceso de velocidad,42,LESIONADO,HOMBRE,MOTOCICLETA,,,,,,,,
2021-01-29 14:02:51,-4.028517,-79.184340,Ruta 35,CON_LESIONADOS,Choque Vehicular,Imprudencia del conductor,62,LESIONADO,HOMBRE,CICLISTA,,,,,,,,
2021-03-31 17:20:04,-4.005219,-79.195669,Calle Rocafuerte,CON_LESIONADOS,Atropellamiento,Mal estado de la via,57,LESIONADO,MUJER,SCOOTER,,,,,,,,
2021-10-29 19:50:24,-3.997831,-79.185849,Calle Rocafuerte,SOLO_DANOS,Colision Multiple,Factores externos,,,,,,,,,,,,
2021-10-08 02:53:53,-4.036196,-79.175113,Calle Montufar,CON_LESIONADOS,Accidente Laboral,Inobservancia de senales,39,LESIONADO,HOMBRE,MOTOCICLETA,15,LESIONADO,MUJER,CICLISTA,31,LESIONADO,HOMBRE,PEATON
2021-12-25 17:53:04,-4.022802,-79.199994,Calle Colon,CON_LESIONADOS,Colision Multiple,Via resbaladiza o mojada,40,LESIONADO,HOMBRE,SCOOTER,31,LESIONADO,NO_REGISTRA,CICLISTA,,,,
2021-10-18 16:20:17,-3.985932,-79.223656,Av. Pio Jaramillo,CON_LESIONADOS,Caida,Factores externos,68,LESIONADO,NO_REGISTRA,OTRO,68,LESIONADO,HOMBRE,VEH_LIVIANO,,,,
2021-04-12 14:29:48,-4.010295,-79.185095,Calle Bolivar,CON_FALLECIDOS,Volcamiento,Equipo de seguridad deficiente,32,FALLECIDO,MUJER,MOTOCICLETA,36,LESIONADO,NO_REGISTRA,VEH_LIVIANO,41,LESIONADO,NO_REGISTRA,OTRO
2021-11-13 01:44:01,-4.017190,-79.225213,Av. Isidro Ayora,CON_LESIONADOS,Incendio,Visibilidad reducida,43,LESIONADO,NO_REGISTRA,PEATON,8,LESIONADO,MUJER,OTRO,22,LESIONADO,NO_REGISTRA,PEATON
2021-09-09 20:44:09,-4.007661,-79.226933,Av. Reinaldo Espinosa,CON_LESIONADOS,Atropellamiento,Factores externos,73,LESIONADO,MUJER,MOTOCICLETA,38,LESIONADO,NO_REGISTRA,PEATON,,,,
2021-12-26 10:33:03,-3.999283,-79.172982,Av. Metropolitana,CON_LESIONADOS,Incendio,Exceso de velocidad,46,LESIONADO,MUJER,MOTOCICLETA,60,LESIONADO,HOMBRE,VEH_LIVIANO,,,,
2021-10-01 10:36:51,-3.978747,-79.212661,Av. Gran Colombia,CON_LESIONADOS,Colision Multiple,Via resbaladiza o mojada,20,LESIONADO,NO_REGISTRA,PEATON,,,,,,,,
2021-02-10 07:26:45,-4.030017,-79.190206,Calle Bolivar,SOLO_DANOS,Incendio,Estado de embriaguez,,,,,,,,,,,,
2021-06-09 00:52:05,-4.034466,-79.196348,Calle Montufar,CON_LESIONADOS,Choque Vehicular,Imprudencia del conductor,53,LESIONADO,HOMBRE,VEH_LIVIANO,27,LESIONADO,MUJER,PEATON,67,LESIONADO,MUJER,CICLISTA
2021-09-01 14:08:25,-4.026229,-79.214705,Av. Manuel Agustin Aguirre,CON_LESIONADOS,Incendio,Inobservancia de senales,40,LESIONADO,MUJER,OTRO,,,,,,,,
2021-11-23 11:04:29,-3.992950,-79.197284,Calle 18 de Noviembre,CON_LESIONADOS,Volcamiento,Via resbaladiza o mojada,38,LESIONADO,HOMBRE,OTRO,32,LESIONADO,HOMBRE,VEH_LIVIANO,51,LESIONADO,MUJER,MOTOCICLETA
2021-11-20 16:48:40,-3.986345,-79.198824,Av. Orillas del Zamora,CON_FALLECIDOS,Volcamiento,Exceso de velocidad,73,FALLECIDO,MUJER,CICLISTA,22,LESIONADO,HOMBRE,MOTOCICLETA,,,,
2021-05-01 13:22:11,-4.000962,-79.227748,Av. 8 de Diciembre,CON_FALLECIDOS,Choque Vehicular,Distraccion (celular/radio),35,FALLECIDO,HOMBRE,VEH_LIVIANO,37,FALLECIDO,HOMBRE,MOTOCICLETA,,,,
2021-11-23 04:09:17,-4.035126,-79.173123,Av. Reinaldo Espinosa,CON_FALLECIDOS,Caida,Mal estado de la via,41,FALLECIDO,MUJER,VEH_LIVIANO,39,FALLECIDO,HOMBRE,SCOOTER,74,LESIONADO,HOMBRE,VEH_LIVIANO
2021-07-22 07:17:04,-3.990036,-79.226098,Av. Rosa Hermosa,CON_FALLECIDOS,Colision Multiple,Falla mecanica,60,FALLECIDO,NO_REGISTRA,SCOOTER,33,FALLECIDO,NO_REGISTRA,CICLISTA,77,LESIONADO,HOMBRE,MOTOCICLETA
2021-03-09 00:21:53,-3.981822,-79.200620,Calle Azogues,CON_FALLECIDOS,Volcamiento,Inobservancia de senales,71,FALLECIDO,NO_REGISTRA,OTRO,64,LESIONADO,HOMBRE,MOTOCICLETA,,,,
2021-11-02 16:13:13,-4.031140,-79.190725,Av. Orillas del Zamora,SOLO_DANOS,Incendio,Mal estado de la via,,,,,,,,,,,,
2021-10-06 19:05:37,-4.018644,-79.216694,Via Loja - Catamayo,SOLO_DANOS,Incendio,Visibilidad reducida,,,,,,,,,,,,
2021-11-17 12:05:57,-3.977696,-79.174697,Calle Mercadillo,CON_LESIONADOS,Caida,Visibilidad reducida,18,LESIONADO,HOMBRE,SCOOTER,50,LESIONADO,MUJER,CICLISTA,58,LESIONADO,HOMBRE,SCOOTER
2021-04-25 01:34:00,-4.008981,-79.172777,Av. Universitaria,CON_FALLECIDOS,Incendio,Via resbaladiza o mojada,52,FALLECIDO,NO_REGISTRA,OTRO,74,FALLECIDO,MUJER,OTRO,29,LESIONADO,MUJER,OTRO
2021-02-16 03:31:48,-3.980269,-79.204826,Calle 10 de Agosto,CON_LESIONADOS,Atropellamiento,Falla mecanica,41,LESIONADO,MUJER,PEATON,30,LESIONADO,MUJER,CICLISTA,69,LESIONADO,NO_REGISTRA,MOTOCICLETA
2021-06-23 00:02:03,-4.018965,-79.183745,Calle Sucre,CON_FALLECIDOS,Caida,Distraccion (celular/radio),26,FALLECIDO,NO_REGISTRA,CICLISTA,68,FALLECIDO,MUJER,OTRO,,,,
2021-03-04 12:19:31,-4.025450,-79.191062,Av. Orillas del Zamora,CON_LESIONADOS,Volcamiento,Exceso de velocidad,54,LESIONADO,HOMBRE,SCOOTER,39,LESIONADO,HOMBRE,OTRO,9,LESIONADO,HOMBRE,CICLISTA
2021-04-20 22:21:32,-3.978379,-79.189618,Calle 10 de Agosto,SOLO_DANOS,Accidente Laboral,Imprudencia del conductor,,,,,,,,,,,,
2021-09-27 08:23:41,-4.016645,-79.178846,Ruta 35,CON_FALLECIDOS,Atropellamiento,Mal estado de la via,70,FALLECIDO,NO_REGISTRA,MOTOCICLETA,66,LESIONADO,NO_REGISTRA,MOTOCICLETA,,,,
2021-02-04 01:24:52,-3.990235,-79.179771,Calle Bolivar,SOLO_DANOS,Volcamiento,Exceso de velocidad,,,,,,,,,,,,
2021-05-28 21:22:35,-3.990407,-79.200136,Calle Ramon Borrero,CON_LESIONADOS,Incendio,Via resbaladiza o mojada,14,LESIONADO,MUJER,MOTOCICLETA,,,,,,,,
2021-06-30 02:03:09,-4.030118,-79.221246,Av. Universitaria,SOLO_DANOS,Accidente Laboral,Equipo de seguridad deficiente,,,,,,,,,,,,
2021-02-04 07:50:18,-4.023818,-79.198564,Via Loja - Catamayo,CON_FALLECIDOS,Caida,Exceso de velocidad,77,FALLECIDO,NO_REGISTRA,PEATON,57,FALLECIDO,MUJER,SCOOTER,30,LESIONADO,HOMBRE,OTRO
2021-09-10 06:41:32,-3.988055,-79.177937,Calle Miguel Riofrio,CON_FALLECIDOS,Volcamiento,Fatiga del conductor,27,FALLECIDO,HOMBRE,VEH_LIVIANO,74,FALLECIDO,HOMBRE,CICLISTA,74,LESIONADO,HOMBRE,CICLISTA
2021-12-10 15:49:39,-4.014091,-79.201720,Ruta 35,CON_FALLECIDOS,Incendio,Factores externos,69,FALLECIDO,NO_REGISTRA,PEATON,44,FALLECIDO,NO_REGISTRA,VEH_LIVIANO,,,,
2021-07-11 10:17:18,-3.979325,-79.222637,Calle Saraguro,SOLO_DANOS,Volcamiento,Inobservancia de senales,,,,,,,,,,,,
2021-03-14 04:36:54,-4.010926,-79.189237,Calle Saraguro,SOLO_DANOS,Caida,Fatiga del conductor,,,,,,,,,,,,
2021-10-18 10:41:54,-4.013493,-79.191811,Via Loja - Catamayo,CON_LESIONADOS,Incendio,Exceso de velocidad,6,LESIONADO,MUJER,CICLISTA,,,,,,,,
2021-09-12 07:22:57,-4.025478,-79.212113,Calle Miguel Riofrio,CON_LESIONADOS,Volcamiento,Estado de embriaguez,65,LESIONADO,HOMBRE,VEH_LIVIANO,,,,,,,,
2021-07-25 09:43:55,-4.015867,-79.179559,Calle Imbabura,CON_FALLECIDOS,Colision Multiple,Fatiga del conductor,25,FALLECIDO,HOMBRE,MOTOCICLETA,53,LESIONADO,NO_REGISTRA,VEH_LIVIANO,,,,
2021-05-07 21:26:57,-4.031864,-79.213315,Calle Quito,SOLO_DANOS,Caida,Distraccion (celular/radio),,,,,,,,,,,,