fecha_hora,latitud,longitud,via,grado_severidad,tipo_siniestro,causa_probable,victima1_edad,victima1_condicion,victima1_sexo,victima1_actor_vial,victima2_edad,victima2_condicion,victima2_sexo,victima2_actor_vial,victima3_edad,victima3_condicion,victima3_sexo,victima3_actor_vial
2021-02-03 20:36:08,-4.027424,-79.193093,Av. Gran Colombia,CON_LESIONADOS,Caida,Falla mecanica,21,LESIONADO,HOMBRE,MOTOCICLETA,18,LESIONADO,NO_REGISTRA,MOTOCICLETA,48,LESIONADO,NO_REGISTRA,OTRO
2021-11-03 22:34:42,-4.029661,-79.195203,Calle Rocafuerte,SOLO_DANOS,Volcamiento,Exceso de velocidad,,,,,,,,,,,,
2021-05-07 13:21:06,-4.030564,-79.176873,Ruta 35,CON_LESIONADOS,Caida,Visibilidad reducida,46,LESIONADO,NO_REGISTRA,OTRO,,,,,,,,
2021-01-29 23:10:43,-4.036988,-79.214968,Av. 8 de Diciembre,CON_FALLECIDOS,Volcamiento,Falla mecanica,19,FALLECIDO,MUJER,OTRO,71,LESIONADO,MUJER,MOTOCICLETA,6,LESIONADO,NO_REGISTRA,OTRO
2021-01-03 02:22:01,-4.034386,-79.209018,Av. Rosa Hermosa,SOLO_DANOS,Atropellamiento,Imprudencia del conductor,,,,,,,,,,,,
2021-05-27 09:30:06,-3.979653,-79.211167,Calle 10 de Agosto,CON_LESIONADOS,Accidente Laboral,Equipo de seguridad deficiente,38,LESIONADO,MUJER,SCOOTER,,,,,,,,
2021-09-24 18:47:56,-4.036680,-79.221593,Av. Metropolitana,CON_FALLECIDOS,Choque Vehicular,Estado de embriaguez,66,FALLECIDO,MUJER,OTRO,69,FALLECIDO,MUJER,CICLISTA,,,,
2021-05-17 16:43:06,-3.981744,-79.208117,Calle Miguel Riofrio,CON_LESIONADOS,Colision Multiple,Inobservancia de senales,77,LESIONADO,HOMBRE,MOTOCICLETA,20,LESIONADO,MUJER,VEH_LIVIANO,,,,
2021-09-18 01:03:19,-4.019369,-79.198015,Calle Miguel Riofrio,SOLO_DANOS,Incendio,Exceso de velocidad,,,,,,,,,,,,
2021-11-21 18:45:19,-4.032023,-79.220107,Via Loja - Catamayo,SOLO_DANOS,Incendio,Distraccion (celular/radio),,,,,,,,,,,,
2021-10-25 14:54:43,-4.009589,-79.209889,Calle Azogues,SOLO_DANOS,Caida,Factores externos,,,,,,,,,,,,
2021-01-24 09:53:33,-4.015444,-79.186540,Av. Rosa Hermosa,CON_FALLECIDOS,Atropellamiento,Equipo de seguridad deficiente,84,FALLECIDO,NO_REGISTRA,MOTOCICLETA,75,FALLECIDO,NO_REGISTRA,OTRO,,,,
2021-08-03 09:10:52,-3.985043,-79.199441,Calle Montufar,CON_FALLECIDOS,Accidente Laboral,Equipo de seguridad deficiente,81,FALLECIDO,MUJER,OTRO,30,FALLECIDO,HOMBRE,MOTOCICLETA,51,LESIONADO,NO_REGISTRA,PEATON
2021-12-06 16:19:57,-3.991248,-79.211004,Calle Miguel Riofrio,CON_LESIONADOS,Choque Vehicular,Distraccion (celular/radio),31,LESIONADO,HOMBRE,MOTOCICLETA,60,LESIONADO,HOMBRE,CICLISTA,,,,
2021-01-12 00:04:14,-3.992173,-79.222811,Av. Gran Colombia,CON_LESIONADOS,Caida,Via resbaladiza o mojada,20,LESIONADO,MUJER,PEATON,28,LESIONADO,HOMBRE,MOTOCICLETA,,,,
2021-05-31 13:41:48,-4.033526,-79.230724,Via Loja - Zamora,CON_FALLECIDOS,Colision Multiple,Fatiga del conductor,81,FALLECIDO,MUJER,PEATON,53,FALLECIDO,NO_REGISTRA,OTRO,5,LESIONADO,HOMBRE,CICLISTA
2021-02-24 00:43:07,-4.029171,-79.205862,Calle Azogues,CON_LESIONADOS,Caida,Exceso de velocidad,61,LESIONADO,NO_REGISTRA,SCOOTER,,,,,,,,
2021-04-24 05:33:18,-4.013826,-79.212599,Calle Azogues,CON_FALLECIDOS,Atropellamiento,Distraccion (celular/radio),52,FALLECIDO,HOMBRE,MOTOCICLETA,56,LESIONADO,NO_REGISTRA,VEH_LIVIANO,24,LESIONADO,MUJER,SCOOTER
2021-12-08 12:05:51,-3.985731,-79.171552,Calle Miguel Riofrio,SOLO_DANOS,Incendio,Mal estado de la via,,,,,,,,,,,,
2021-10-22 05:36:37,-3.992994,-79.192967,Av. Reinaldo Espinosa,CON_FALLECIDOS,Accidente Laboral,Estado de embriaguez,43,FALLECIDO,HOMBRE,PEATON,31,FALLECIDO,HOMBRE,MOTOCICLETA,26,LESIONADO,HOMBRE,OTRO
2021-09-27 00:40:29,-4.032408,-79.185688,Av. Orillas del Zamora,SOLO_DANOS,Atropellamiento,Estado de embriaguez,,,,,,,,,,,,
2021-06-16 15:47:07,-4.008651,-79.191643,Calle 10 de Agosto,CON_FALLECIDOS,Accidente Laboral,Imprudencia del conductor,47,FALLECIDO,MUJER,VEH_LIVIANO,13,LESIONADO,NO_REGISTRA,SCOOTER,52,LESIONADO,MUJER,PEATON
2021-06-22 10:37:48,-3.995175,-79.171122,Ruta 35,SOLO_DANOS,Caida,Estado de embriaguez,48,LESIONADO,HOMBRE,VEH_LIVIANO,,,,,,,,
2021-09-26 09:36:40,-3.989289,-79.229240,Calle Saraguro,CON_FALLECIDOS,Choque Vehicular,Imprudencia del conductor,50,FALLECIDO,MUJER,PEATON,,,,,,,,
2021-05-21 07:28:17,-4.005371,-79.199596,Av. Universitaria,SOLO_DANOS,Colision Multiple,Estado de embriaguez,,,,,,,,,,,,
2021-02-15 04:09:01,-4.035038,-79.218780,Av. Orillas del Zamora,CON_FALLECIDOS,Caida,Inobservancia de senales,27,FALLECIDO,NO_REGISTRA,VEH_LIVIANO,71,FALLECIDO,MUJER,OTRO,45,LESIONADO,NO_REGISTRA,VEH_LIVIANO
2021-12-26 21:01:45,-3.991420,-79.175314,Calle 18 de Noviembre,CON_FALLECIDOS,Choque Vehicular,Inobservancia de senales,58,FALLECIDO,MUJER,PEATON,40,LESIONADO,HOMBRE,OTRO,,,,
2021-08-30 21:30:37,-4.011160,-79.211560,Calle 18 de Noviembre,CON_FALLECIDOS,Volcamiento,Estado de embriaguez,19,FALLECIDO,HOMBRE,PEATON,,,,,,,,
2021-02-28 23:49:29,-3.984978,-79.204347,Calle Colon,SOLO_DANOS,Choque Vehicular,Inobservancia de senales,,,,,,,,,,,,
2021-12-14 04:10:07,-4.029952,-79.206580,Av. 8 de Diciembre,SOLO_DANOS,Choque Vehicular,Via resbaladiza o mojada,,,,,,,,,,,,
2021-07-19 20:09:26,-3.986217,-79.172564,Calle Sucre,CON_FALLECIDOS,Colision Multiple,Factores externos,30,FALLECIDO,HOMBRE,VEH_LIVIANO,65,LESIONADO,MUJER,CICLISTA,,,,
2021-03-01 18:05:42,-4.013588,-79.180161,Calle Mercadillo,CON_LESIONADOS,Incendio,Falla mecanica,9,LESIONADO,HOMBRE,SCOOTER,22,LESIONADO,HOMBRE,SCOOTER,76,LESIONADO,NO_REGISTRA,VEH_LIVIANO
2021-08-09 17:52:24,-4.023165,-79.210228,Ruta 35,SOLO_DANOS,Colision Multiple,Estado de embriaguez,,,,,,,,,,,,
2021-12-13 00:23:11,-3.983290,-79.221339,Calle Colon,CON_FALLECIDOS,Accidente Laboral,Factores externos,33,FALLECIDO,MUJER,VEH_LIVIANO,46,FALLECIDO,MUJER,SCOOTER,48,LESIONADO,NO_REGISTRA,SCOOTER
2021-05-19 15:53:28,-3.995855,-79.181986,Av. Manuel Agustin Aguirre,CON_LESIONADOS,Volcamiento,Falla mecanica,46,LESIONADO,NO_REGISTRA,CICLISTA,59,LESIONADO,HOMBRE,MOTOCICLETA,14,LESIONADO,MUJER,VEH_LIVIANO
2021-02-08 16:55:38,-4.033362,-79.191382,Calle Montufar,SOLO_DANOS,Choque Vehicular,Visibilidad reducida,,,,,,,,,,,,
2021-05-02 14:07:50,-3.995700,-79.200375,Calle Colon,CON_LESIONADOS,Accidente Laboral,Fatiga del conductor,66,LESIONADO,MUJER,OTRO,72,LESIONADO,NO_REGISTRA,SCOOTER,,,,
2021-12-03 07:00:20,-3.994755,-79.211437,Calle Azogues,CON_LESIONADOS,Caida,Equipo de seguridad deficiente,24,LESIONADO,MUJER,OTRO,42,LESIONADO,NO_REGISTRA,MOTOCICLETA,,,,
2021-06-15 03:17:02,-3.988633,-79.180741,Av. Pio Jaramillo,CON_LESIONADOS,Accidente Laboral,Estado de embriaguez,44,LESIONADO,MUJER,MOTOCICLETA,,,,,,,,
2021-10-23 13:41:12,-4.034521,-79.183093,Av. Gran Colombia,CON_LESIONADOS,Caida,Visibilidad reducida,72,LESIONADO,HOMBRE,OTRO,13,LESIONADO,HOMBRE,VEH_LIVIANO,,,,
2021-12-10 15:33:05,-3.999892,-79.207553,Av. Metropolitana,SOLO_DANOS,Colision Multiple,Imprudencia del conductor,56,LESIONADO,HOMBRE,OTRO,,,,,,,,
2021-12-10 17:07:54,-3.980383,-79.216319,Calle Ramon Borrero,SOLO_DANOS,Atropellamiento,Exceso de velocidad,,,,,,,,,,,,
2021-03-19 16:30:02,-3.993232,-79.220177,Calle Mercadillo,CON_LESIONADOS,Incendio,Mal estado de la via,41,LESIONADO,HOMBRE,CICLISTA,78,LESIONADO,HOMBRE,MOTOCICLETA,,,,
2021-10-22 14:58:34,-3.981974,-79.230862,Via Loja - Zamora,CON_FALLECIDOS,Incendio,Mal estado de la via,44,FALLECIDO,HOMBRE,PEATON,62,FALLECIDO,HOMBRE,SCOOTER,8,LESIONADO,MUJER,PEATON
2021-08-23 13:56:16,-4.008161,-79.177726,Calle Miguel Riofrio,CON_FALLECIDOS,Volcamiento,Distraccion (celular/radio),79,FALLECIDO,NO_REGISTRA,OTRO,81,FALLECIDO,HOMBRE,PEATON,63,LESIONADO,HOMBRE,SCOOTER
2021-10-30 23:08:39,-4.032275,-79.196472,Calle Ramon Borrero,SOLO_DANOS,Incendio,Estado de embriaguez,,,,,,,,,,,,
2021-12-17 12:35:04,-3.980216,-79.225560,Calle Quito,CON_LESIONADOS,Accidente Laboral,Factores externos,53,LESIONADO,HOMBRE,MOTOCICLETA,,,,,,,,
2021-12-02 07:45:19,-4.012438,-79.226826,Via Loja - Zamora,CON_LESIONADOS,Colision Multiple,Factores externos,42,LESIONADO,MUJER,SCOOTER,19,LESIONADO,MUJER,PEATON,6,LESIONADO,HOMBRE,VEH_LIVIANO
2021-08-18 07:32:49,-4.017533,-79.178875,Av. Metropolitana,SOLO_DANOS,Caida,Via resbaladiza o mojada,,,,,,,,,,,,
2021-01-12 18:00:21,-4.008502,-79.175682,Calle Saraguro,CON_FALLECIDOS,Incendio,Via resbaladiza o mojada,41,FALLECIDO,MUJER,VEH_LIVIANO,22,FALLECIDO,NO_REGISTRA,SCOOTER,51,LESIONADO,HOMBRE,CICLISTA
2021-07-19 02:50:58,-3.977225,-79.201464,Av. Cuxibamba,CON_FALLECIDOS,Atropellamiento,Factores externos,51,FALLECIDO,NO_REGISTRA,CICLISTA,,,,,,,,
2021-03-05 19:57:33,-4.008677,-79.200592,Calle 18 de Noviembre,CON_FALLECIDOS,Caida,Factores externos,78,FALLECIDO,HOMBRE,SCOOTER,14,LESIONADO,MUJER,PEATON,,,,
2021-08-10 06:21:07,-3.990906,-79.208834,Av. Manuel Agustin Aguirre,SOLO_DANOS,Atropellamiento,Estado de embriaguez,,,,,,,,,,,,
2021-07-02 21:45:40,-4.001782,-79.216068,Via Loja - Zamora,CON_FALLECIDOS,Atropellamiento,Falla mecanica,24,FALLECIDO,MUJER,CICLISTA,43,LESIONADO,HOMBRE,VEH_LIVIANO,29,LESIONADO,NO_REGISTRA,VEH_LIVIANO
2021-01-20 21:54:55,-4.027115,-79.190880,Calle 10 de Agosto,SOLO_DANOS,Incendio,Via resbaladiza o mojada,,,,,,,,,,,,
2021-11-04 03:03:38,-4.024642,-79.184508,Calle Imbabura,CON_LESIONADOS,Choque Vehicular,Fatiga del conductor,13,LESIONADO,NO_REGISTRA,MOTOCICLETA,13,LESIONADO,HOMBRE,CICLISTA,,,,
2021-06-11 05:36:02,-3.987652,-79.175344,Calle Bolivar,CON_LESIONADOS,Atropellamiento,Distraccion (celular/radio),47,LESIONADO,MUJER,VEH_LIVIANO,67,LESIONADO,MUJER,PEATON,,,,
2021-02-22 11:37:35,-3.980726,-79.192248,Calle Azogues,SOLO_DANOS,Choque Vehicular,Equipo de seguridad deficiente,69,LESIONADO,HOMBRE,MOTOCICLETA,,,,,,,,
2021-08-01 16:44:37,-3.999159,-79.207776,Av. Manuel Agustin Aguirre,SOLO_DANOS,Volcamiento,Estado de embriaguez,,,,,,,,,,,,
2021-05-08 08:03:17,-4.009630,-79.229627,Av. Cuxibamba,SOLO_DANOS,Colision Multiple,Equipo de seguridad deficiente,,,,,,,,,,,,
2021-03-29 10:43:14,-4.012471,-79.222664,Ruta 35,SOLO_DANOS,Volcamiento,Factores externos,,,,,,,,,,,,
2021-02-18 16:59:35,-3.995247,-79.200267,Calle Ramon Borrero,CON_LESIONADOS,Accidente Laboral,Imprudencia del conductor,40,LESIONADO,MUJER,OTRO,68,LESIONADO,NO_REGISTRA,CICLISTA,,,,
2021-07-20 11:35:22,-4.019767,-79.204221,Calle Bolivar,SOLO_DANOS,Atropellamiento,Imprudencia del conductor,,,,,,,,,,,,
2021-07-07 13:32:07,-3.986588,-79.194118,Av. Universitaria,CON_LESIONADOS,Colision Multiple,Equipo de seguridad deficiente,77,LESIONADO,NO_REGISTRA,SCOOTER,,,,,,,,
2021-03-21 06:04:48,-4.011977,-79.186402,Calle Montufar,CON_LESIONADOS,Incendio,Imprudencia del conductor,62,LESIONADO,MUJER,VEH_LIVIANO,8,LESIONADO,NO_REGISTRA,OTRO,,,,
2021-06-04 22:25:37,-4.000387,-79.178517,Calle Miguel Riofrio,CON_FALLECIDOS,Atropellamiento,Estado de embriaguez,35,FALLECIDO,NO_REGISTRA,VEH_LIVIANO,72,FALLECIDO,HOMBRE,CICLISTA,24,LESIONADO,HOMBRE,OTRO
2021-08-05 03:38:55,-4.031435,-79.201794,Av. Rosa Hermosa,SOLO_DANOS,Choque Vehicular,Inobservancia de senales,,,,,,,,,,,,
2021-11-18 15:25:57,-3.984324,-79.182381,Calle Miguel Riofrio,CON_LESIONADOS,Colision Multiple,Exceso de velocidad,19,LESIONADO,MUJER,SCOOTER,64,LESIONADO,NO_REGISTRA,PEATON,,,,
2021-02-27 17:57:15,-4.018495,-79.201481,Via Loja - Zamora,CON_LESIONADOS,Caida,Factores externos,44,LESIONADO,MUJER,CICLISTA,37,LESIONADO,NO_REGISTRA,OTRO,,,,
2021-06-15 03:25:45,-3.984825,-79.226261,Calle Azogues,CON_LESIONADOS,Caida,Imprudencia del conductor,26,LESIONADO,HOMBRE,PEATON,,,,,,,,
2021-03-25 18:26:26,-4.008559,-79.178462,Calle Ramon Borrero,SOLO_DANOS,Incendio,Exceso de velocidad,74,LESIONADO,NO_REGISTRA,SCOOTER,,,,,,,,
2021-12-18 11:24:58,-4.003857,-79.209243,Av. Reinaldo Espinosa,CON_LESIONADOS,Caida,Distraccion (celular/radio),5,LESIONADO,NO_REGISTRA,CICLISTA,,,,,,,,
2021-08-29 15:56:56,-4.031470,-79.185871,Calle Colon,SOLO_DANOS,Colision Multiple,Inobservancia de senales,,,,,,,,,,,,
2021-01-28 10:36:32,-3.982504,-79.171073,Av. Cuxibamba,CON_FALLECIDOS,Volcamiento,Mal estado de la via,40,FALLECIDO,HOMBRE,SCOOTER,38,FALLECIDO,HOMBRE,CICLISTA,22,LESIONADO,HOMBRE,MOTOCICLETA
2021-11-04 18:35:12,-4.032935,-79.192743,Av. Metropolitana,CON_LESIONADOS,Incendio,Visibilidad reducida,59,LESIONADO,NO_REGISTRA,OTRO,73,LESIONADO,HOMBRE,VEH_LIVIANO,,,,
2021-08-06 16:45:38,-3.982915,-79.221347,Calle Montufar,SOLO_DANOS,Volcamiento,Exceso de velocidad,,,,,,,,,,,,
2021-07-17 22:57:44,-4.014578,-79.177448,Calle Rocafuerte,CON_LESIONADOS,Incendio,Estado de embriaguez,48,LESIONADO,HOMBRE,MOTOCICLETA,78,LESIONADO,HOMBRE,CICLISTA,57,LESIONADO,NO_REGISTRA,VEH_LIVIANO
2021-02-12 09:42:48,-4.012759,-79.178951,Av. Metropolitana,SOLO_DANOS,Volcamiento,Inobservancia de senales,,,,,,,,,,,,
2021-09-11 02:14:53,-4.002954,-79.212667,Calle Bolivar,SOLO_DANOS,Colision Multiple,Inobservancia de senales,,,,,,,,,,,,
2021-02-08 23:44:13,-4.022732,-79.192441,Av. Rosa Hermosa,SOLO_DANOS,Colision Multiple,Falla mecanica,,,,,,,,,,,,
2021-09-19 19:16:52,-3.995674,-79.208875,Calle Montufar,SOLO_DANOS,Colision Multiple,Exceso de velocidad,,,,,,,,,,,,
2021-08-02 06:56:33,-4.014989,-79.205591,Av. Isidro Ayora,SOLO_DANOS,Caida,Exceso de velocidad,49,LESIONADO,NO_REGISTRA,CICLISTA,,,,,,,,
2021-06-12 01:01:40,-4.030191,-79.214520,Calle Azogues,CON_FALLECIDOS,Caida,Mal estado de la via,32,FALLECIDO,NO_REGISTRA,PEATON,43,FALLECIDO,MUJER,PEATON,,,,
2021-08-17 22:47:51,-4.026742,-79.230827,Av. Cuxibamba,CON_LESIONADOS,Colision Multiple,Mal estado de la via,13,LESIONADO,NO_REGISTRA,CICLISTA,31,LESIONADO,HOMBRE,SCOOTER,36,LESIONADO,NO_REGISTRA,SCOOTER
2021-07-21 00:57:11,-4.035880,-79.175044,Calle Azogues,SOLO_DANOS,Choque Vehicular,Imprudencia del conductor,,,,,,,,,,,,
2021-03-18 01:03:28,-4.016693,-79.203678,Via Loja - Catamayo,CON_LESIONADOS,Atropellamiento,Imprudencia del conductor,79,LESIONADO,NO_REGISTRA,CICLISTA,,,,,,,,
2021-05-31 10:33:12,-3.996558,-79.187177,Calle Montufar,CON_LESIONADOS,Incendio,Mal estado de la via,74,LESIONADO,HOMBRE,MOTOCICLETA,69,LESIONADO,NO_REGISTRA,CICLISTA,,,,
2021-10-26 09:16:11,-4.034798,-79.217292,Calle Bolivar,CON_FALLECIDOS,Incendio,Imprudencia del conductor,54,FALLECIDO,NO_REGISTRA,PEATON,,,,,,,,
2021-07-19 15:43:17,-3.988818,-79.185223,Av. Manuel Agustin Aguirre,CON_LESIONADOS,Incendio,Distraccion (celular/radio),48,LESIONADO,HOMBRE,SCOOTER,6,LESIONADO,NO_REGISTRA,PEATON,,,,
2021-02-18 05:35:42,-4.022969,-79.198919,Calle Imbabura,CON_FALLECIDOS,Choque Vehicular,Mal estado de la via,47,FALLECIDO,HOMBRE,SCOOTER,57,FALLECIDO,NO_REGISTRA,OTRO,50,LESIONADO,MUJER,SCOOTER
2021-03-31 19:48:05,-3.985360,-79.178251,Av. Orillas del Zamora,CON_LESIONADOS,Colision Multiple,Distraccion (celular/radio),57,LESIONADO,MUJER,SCOOTER,62,LESIONADO,MUJER,CICLISTA,,,,
2021-12-26 05:13:32,-3.977276,-79.211991,Calle 18 de Noviembre,SOLO_DANOS,Colision Multiple,Mal estado de la via,,,,,,,,,,,,
2021-02-28 13:16:32,-4.017692,-79.180638,Av. Universitaria,CON_LESIONADOS,Atropellamiento,Imprudencia del conductor,50,LESIONADO,NO_REGISTRA,CICLISTA,64,LESIONADO,MUJER,PEATON,11,LESIONADO,MUJER,OTRO
2021-10-21 22:24:56,-4.000747,-79.191455,Ruta 35,CON_FALLECIDOS,Incendio,Imprudencia del conductor,62,FALLECIDO,HOMBRE,PEATON,75,FALLECIDO,MUJER,MOTOCICLETA,25,LESIONADO,NO_REGISTRA,SCOOTER
2021-11-19 01:30:10,-4.029302,-79.200289,Av. Manuel Agustin Aguirre,CON_LESIONADOS,Volcamiento,Fatiga del conductor,36,LESIONADO,HOMBRE,MOTOCICLETA,23,LESIONADO,MUJER,SCOOTER,40,LESIONADO,HOMBRE,MOTOCICLETA
2021-09-28 11:44:49,-3.998282,-79.179566,Calle 10 de Agosto,SOLO_DANOS,Accidente Laboral,Estado de embriaguez,,,,,,,,,,,,
2021-03-30 16:00:14,-3.982063,-79.208064,Calle Sucre,CON_LESIONADOS,Caida,Mal estado de la via,57,LESIONADO,NO_REGISTRA,SCOOTER,,,,,,,,
2021-05-07 20:04:13,-4.021047,-79.223445,Via Loja - Catamayo,CON_FALLECIDOS,Choque Vehicular,Factores externos,51,FALLECIDO,NO_REGISTRA,OTRO,52,FALLECIDO,MUJER,VEH_LIVIANO,,,,
2021-12-20 23:05:30,-4.007321,-79.212668,Av. Orillas del Zamora,SOLO_DANOS,Accidente Laboral,Distraccion (celular/radio),,,,,,,,,,,,
2021-08-09 14:21:19,-3.991100,-79.193525,Av. Manuel Agustin Aguirre,CON_FALLECIDOS,Choque Vehicular,Inobservancia de senales,59,FALLECIDO,HOMBRE,OTRO,,,,,,,,
2021-01-10 10:50:53,-4.036473,-79.203975,Ruta 35,SOLO_DANOS,Colision Multiple,Distraccion (celular/radio),,,,,,,,,,,,
2021-08-29 13:53:16,-3.991724,-79.217834,Av. Gran Colombia,CON_FALLECIDOS,Colision Multiple,Distraccion (celular/radio),32,FALLECIDO,HOMBRE,SCOOTER,47,LESIONADO,MUJER,MOTOCICLETA,,,,
2021-12-15 21:36:45,-4.028119,-79.174151,Av. Universitaria,CON_LESIONADOS,Atropellamiento,Visibilidad reducida,73,LESIONADO,MUJER,OTRO,42,LESIONADO,HOMBRE,SCOOTER,13,LESIONADO,NO_REGISTRA,SCOOTER
2021-11-17 08:37:12,-4.024253,-79.189002,Av. Manuel Agustin Aguirre,SOLO_DANOS,Choque Vehicular,Inobservancia de senales,,,,,,,,,,,,
2021-04-27 13:50:51,-3.981145,-79.200897,Via Loja - Zamora,CON_FALLECIDOS,Choque Vehicular,Imprudencia del conductor,18,FALLECIDO,HOMBRE,VEH_LIVIANO,56,FALLECIDO,NO_REGISTRA,VEH_LIVIANO,65,LESIONADO,MUJER,SCOOTER
2021-08-04 22:40:45,-4.034145,-79.183244,Calle Quito,CON_FALLECIDOS,Caida,Factores externos,18,FALLECIDO,HOMBRE,VEH_LIVIANO,51,FALLECIDO,HOMBRE,SCOOTER,11,LESIONADO,MUJER,VEH_LIVIANO
2021-05-20 21:08:15,-4.035745,-79.194350,Calle Montufar,CON_LESIONADOS,Caida,Inobservancia de senales,29,LESIONADO,HOMBRE,PEATON,16,LESIONADO,HOMBRE,SCOOTER,,,,
2021-02-14 11:35:09,-3.991645,-79.205069,Calle Rocafuerte,CON_FALLECIDOS,Atropellamiento,Exceso de velocidad,62,FALLECIDO,NO_REGISTRA,MOTOCICLETA,67,LESIONADO,MUJER,SCOOTER,,,,
2021-01-22 02:23:55,-4.001803,-79.224584,Calle 10 de Agosto,CON_LESIONADOS,Choque Vehicular,Mal estado de la via,43,LESIONADO,NO_REGISTRA,PEATON,9,LESIONADO,MUJER,MOTOCICLETA,38,LESIONADO,NO_REGISTRA,PEATON
2021-06-04 18:54:18,-3.987823,-79.213941,Calle Bolivar,CON_LESIONADOS,Caida,Visibilidad reducida,69,LESIONADO,MUJER,VEH_LIVIANO,20,LESIONADO,NO_REGISTRA,OTRO,,,,
2021-09-12 00:01:55,-3.987108,-79.213073,Calle Sucre,CON_LESIONADOS,Caida,Via resbaladiza o mojada,47,LESIONADO,HOMBRE,VEH_LIVIANO,15,LESIONADO,MUJER,MOTOCICLETA,,,,
2021-11-22 22:53:46,-4.034736,-79.197895,Calle Miguel Riofrio,SOLO_DANOS,Colision Multiple,Falla mecanica,,,,,,,,,,,,
2021-05-11 12:53:57,-4.024329,-79.176927,Av. Gran Colombia,SOLO_DANOS,Caida,Via resbaladiza o mojada,68,LESIONADO,HOMBRE,SCOOTER,,,,,,,,
2021-12-14 15:05:23,-3.998193,-79.206045,Calle Azogues,CON_LESIONADOS,Caida,Factores externos,20,LESIONADO,HOMBRE,CICLISTA,63,LESIONADO,HOMBRE,SCOOTER,30,LESIONADO,MUJER,PEATON
2021-05-03 19:54:18,-3.982003,-79.197421,Av. Universitaria,SOLO_DANOS,Choque Vehicular,Factores externos,,,,,,,,,,,,
2021-11-13 23:18:17,-4.029808,-79.171117,Calle Imbabura,CON_LESIONADOS,Incendio,Fatiga del conductor,38,LESIONADO,NO_REGISTRA,OTRO,30,LESIONADO,NO_REGISTRA,OTRO,25,LESIONADO,HOMBRE,CICLISTA
2021-03-06 16:27:21,-3.979965,-79.217748,Calle Imbabura,CON_LESIONADOS,Caida,Factores externos,67,LESIONADO,NO_REGISTRA,PEATON,,,,,,,,
2021-03-19 14:25:41,-4.032698,-79.188878,Via Loja - Catamayo,CON_FALLECIDOS,Incendio,Imprudencia del conductor,53,FALLECIDO,MUJER,PEATON,32,LESIONADO,HOMBRE,PEATON,73,LESIONADO,NO_REGISTRA,VEH_LIVIANO
2021-05-10 10:52:44,-3.989808,-79.171821,Calle Quito,CON_LESIONADOS,Colision Multiple,Equipo de seguridad deficiente,42,LESIONADO,MUJER,PEATON,,,,,,,,
2021-02-20 14:27:33,-4.009742,-79.192484,Av. 8 de Diciembre,CON_FALLECIDOS,Atropellamiento,Via resbaladiza o mojada,35,FALLECIDO,NO_REGISTRA,VEH_LIVIANO,80,FALLECIDO,MUJER,MOTOCICLETA,72,LESIONADO,MUJER,VEH_LIVIANO
2021-12-27 07:59:16,-4.034431,-79.196212,Calle Imbabura,CON_FALLECIDOS,Accidente Laboral,Imprudencia del conductor,32,FALLECIDO,HOMBRE,VEH_LIVIANO,76,FALLECIDO,NO_REGISTRA,OTRO,26,LESIONADO,MUJER,OTRO
2021-03-24 01:47:57,-4.003339,-79.178613,Calle Quito,CON_LESIONADOS,Atropellamiento,Exceso de velocidad,62,LESIONADO,NO_REGISTRA,CICLISTA,71,LESIONADO,MUJER,SCOOTER,,,,
2021-02-20 19:56:50,-4.026611,-79.218125,Calle Bolivar,SOLO_DANOS,Incendio,Factores externos,,,,,,,,,,,,
2021-06-15 14:26:37,-3.979868,-79.215692,Av. Cuxibamba,CON_FALLECIDOS,Atropellamiento,Estado de embriaguez,45,FALLECIDO,NO_REGISTRA,OTRO,68,FALLECIDO,HOMBRE,PEATON,64,LESIONADO,HOMBRE,MOTOCICLETA
2021-06-05 11:16:02,-4.013288,-79.225682,Av. Isidro Ayora,CON_FALLECIDOS,Accidente Laboral,Via resbaladiza o mojada,63,FALLECIDO,NO_REGISTRA,OTRO,67,FALLECIDO,MUJER,VEH_LIVIANO,37,LESIONADO,HOMBRE,VEH_LIVIANO
2021-03-17 09:55:51,-4.009806,-79.202922,Calle 10 de Agosto,SOLO_DANOS,Incendio,Falla mecanica,,,,,,,,,,,,
2021-06-12 21:16:00,-3.991245,-79.200046,Av. Metropolitana,CON_FALLECIDOS,Choque Vehicular,Via resbaladiza o mojada,27,FALLECIDO,NO_REGISTRA,CICLISTA,66,FALLECIDO,NO_REGISTRA,VEH_LIVIANO,8,LESIONADO,MUJER,OTRO
2021-04-29 22:59:04,-4.009000,-79.198950,Av. Gran Colombia,CON_FALLECIDOS,Incendio,Fatiga del conductor,60,FALLECIDO,NO_REGISTRA,CICLISTA,21,FALLECIDO,HOMBRE,MOTOCICLETA,32,LESIONADO,NO_REGISTRA,VEH_LIVIANO
2021-05-05 02:04:54,-4.014535,-79.172175,Av. Isidro Ayora,CON_FALLECIDOS,Accidente Laboral,Fatiga del conductor,84,FALLECIDO,NO_REGISTRA,CICLISTA,21,FALLECIDO,HOMBRE,MOTOCICLETA,,,,