fecha_hora,latitud,longitud,via,grado_severidad,tipo_siniestro,causa_probable,victima1_edad,victima1_condicion,victima1_sexo,victima1_actor_vial,victima2_edad,victima2_condicion,victima2_sexo,victima2_actor_vial,victima3_edad,victima3_condicion,victima3_sexo,victima3_actor_vial
2021-06-14 21:35:47,-4.034436,-79.199301,Via Loja - Zamora,CON_LESIONADOS,Incendio,Mal estado de la via,49,LESIONADO,MUJER,CICLISTA,8,LESIONADO,MUJER,MOTOCICLETA,,,,
2021-06-08 11:07:16,-4.017159,-79.177569,Via Loja - Zamora,CON_LESIONADOS,Atropellamiento,Visibilidad reducida,24,LESIONADO,NO_REGISTRA,MOTOCICLETA,35,LESIONADO,HOMBRE,OTRO,,,,
2021-10-18 12:40:42,-4.014237,-79.218957,Ruta 35,CON_FALLECIDOS,Incendio,Visibilidad reducida,84,FALLECIDO,NO_REGISTRA,PEATON,41,FALLECIDO,HOMBRE,SCOOTER,12,LESIONADO,HOMBRE,OTRO
2021-07-12 20:00:33,-4.035357,-79.201873,Calle Imbabura,SOLO_DANOS,Atropellamiento,Factores externos,,,,,,,,,,,,
2021-12-13 04:09:49,-4.031950,-79.225413,Calle Saraguro,CON_LESIONADOS,Volcamiento,Imprudencia del conductor,41,LESIONADO,MUJER,CICLISTA,62,LESIONADO,HOMBRE,OTRO,45,LESIONADO,MUJER,OTRO
2021-01-20 22:06:41,-4.030726,-79.213469,Calle Rocafuerte,CON_LESIONADOS,Incendio,Fatiga del conductor,52,LESIONADO,MUJER,MOTOCICLETA,,,,,,,,
2021-03-15 09:30:54,-4.002228,-79.186846,Av. 8 de Diciembre,SOLO_DANOS,Accidente Laboral,Distraccion (celular/radio),,,,,,,,,,,,
2021-09-18 12:22:56,-4.011988,-79.194326,Calle Saraguro,CON_FALLECIDOS,Choque Vehicular,Mal estado de la via,47,FALLECIDO,NO_REGISTRA,OTRO,35,LESIONADO,HOMBRE,CICLISTA,,,,
2021-04-06 06:35:46,-3.995021,-79.202784,Av. Cuxibamba,CON_LESIONADOS,Colision Multiple,Factores externos,76,LESIONADO,HOMBRE,OTRO,21,LESIONADO,HOMBRE,VEH_LIVIANO,,,,
2021-07-10 20:51:41,-4.026943,-79.214395,Calle Miguel Riofrio,CON_LESIONADOS,Caida,Inobservancia de senales,37,LESIONADO,NO_REGISTRA,MOTOCICLETA,36,LESIONADO,NO_REGISTRA,MOTOCICLETA,12,LESIONADO,HOMBRE,VEH_LIVIANO
2021-11-04 20:29:30,-3.979650,-79.223656,Av. Isidro Ayora,SOLO_DANOS,Incendio,Distraccion (celular/radio),,,,,,,,,,,,
2021-08-01 02:25:45,-3.998678,-79.221065,Av. Metropolitana,SOLO_DANOS,Incendio,Visibilidad reducida,,,,,,,,,,,,
2021-10-17 08:18:14,-4.022420,-79.175956,Calle Bolivar,CON_FALLECIDOS,Incendio,Via resbaladiza o mojada,49,FALLECIDO,HOMBRE,VEH_LIVIANO,79,FALLECIDO,MUJER,OTRO,41,LESIONADO,MUJER,OTRO
2021-03-23 04:50:08,-4.028349,-79.193839,Av. Manuel Agustin Aguirre,SOLO_DANOS,Volcamiento,Visibilidad reducida,,,,,,,,,,,,
2021-12-28 00:29:12,-4.034609,-79.181794,Av. Cuxibamba,CON_FALLECIDOS,Accidente Laboral,Imprudencia del conductor,35,FALLECIDO,HOMBRE,VEH_LIVIANO,59,LESIONADO,NO_REGISTRA,SCOOTER,,,,
2021-03-17 14:39:12,-3.977286,-79.208427,Calle Bolivar,SOLO_DANOS,Atropellamiento,Fatiga del conductor,8,LESIONADO,MUJER,CICLISTA,,,,,,,,
2021-11-13 04:42:27,-3.995493,-79.219048,Av. Gran Colombia,CON_FALLECIDOS,Atropellamiento,Mal estado de la via,26,FALLECIDO,NO_REGISTRA,OTRO,21,LESIONADO,MUJER,MOTOCICLETA,,,,
2021-09-14 14:49:12,-4.018401,-79.188819,Calle Quito,CON_LESIONADOS,Caida,Via resbaladiza o mojada,8,LESIONADO,HOMBRE,MOTOCICLETA,,,,,,,,
2021-06-06 22:26:15,-4.027320,-79.198494,Via Loja - Zamora,SOLO_DANOS,Accidente Laboral,Visibilidad reducida,,,,,,,,,,,,
2021-02-21 14:45:44,-4.023733,-79.206713,Ruta 35,CON_LESIONADOS,Incendio,Inobservancia de senales,61,LESIONADO,MUJER,VEH_LIVIANO,30,LESIONADO,HOMBRE,CICLISTA,54,LESIONADO,MUJER,SCOOTER
2021-12-23 00:54:35,-3.998257,-79.230203,Calle Azogues,SOLO_DANOS,Colision Multiple,Visibilidad reducida,,,,,,,,,,,,
2021-09-16 17:59:33,-4.026423,-79.222518,Av. Metropolitana,SOLO_DANOS,Choque Vehicular,Exceso de velocidad,,,,,,,,,,,,
2021-01-07 11:21:38,-3.980239,-79.171542,Av. Gran Colombia,CON_LESIONADOS,Choque Vehicular,Inobservancia de senales,43,LESIONADO,NO_REGISTRA,PEATON,71,LESIONADO,MUJER,OTRO,,,,
2021-05-21 02:04:13,-4.022340,-79.190970,Calle Ramon Borrero,CON_FALLECIDOS,Incendio,Fatiga del conductor,40,FALLECIDO,HOMBRE,MOTOCICLETA,49,LESIONADO,MUJER,VEH_LIVIANO,,,,
2021-03-01 18:53:52,-4.012965,-79.224116,Calle 10 de Agosto,SOLO_DANOS,Choque Vehicular,Visibilidad reducida,,,,,,,,,,,,
2021-10-07 06:43:26,-4.035364,-79.225315,Calle Bolivar,CON_LESIONADOS,Incendio,Falla mecanica,36,LESIONADO,NO_REGISTRA,PEATON,80,LESIONADO,HOMBRE,VEH_LIVIANO,,,,
2021-10-27 16:32:18,-4.003988,-79.218580,Via Loja - Catamayo,SOLO_DANOS,Accidente Laboral,Fatiga del conductor,,,,,,,,,,,,
2021-02-01 06:50:38,-3.978163,-79.199350,Av. Orillas del Zamora,SOLO_DANOS,Colision Multiple,Falla mecanica,,,,,,,,,,,,
2021-05-01 17:13:34,-3.985953,-79.183405,Av. Manuel Agustin Aguirre,SOLO_DANOS,Colision Multiple,Factores externos,,,,,,,,,,,,
2021-07-28 21:33:39,-4.003672,-79.222649,Calle Imbabura,SOLO_DANOS,Choque Vehicular,Mal estado de la via,,,,,,,,,,,,
2021-04-01 22:21:43,-4.017513,-79.212887,Calle Quito,CON_LESIONADOS,Accidente Laboral,Estado de embriaguez,12,LESIONADO,NO_REGISTRA,OTRO,65,LESIONADO,NO_REGISTRA,SCOOTER,11,LESIONADO,HOMBRE,CICLISTA
2021-05-01 15:58:53,-3.980296,-79.187937,Calle Ramon Borrero,CON_LESIONADOS,Incendio,Imprudencia del conductor,79,LESIONADO,MUJER,OTRO,80,LESIONADO,HOMBRE,PEATON,60,LESIONADO,NO_REGISTRA,SCOOTER
2021-02-19 11:55:38,-3.996285,-79.178139,Calle Rocafuerte,SOLO_DANOS,Colision Multiple,Visibilidad reducida,,,,,,,,,,,,
2021-05-30 18:20:13,-4.035798,-79.199502,Calle Montufar,CON_FALLECIDOS,Incendio,Mal estado de la via,49,FALLECIDO,HOMBRE,PEATON,62,FALLECIDO,NO_REGISTRA,PEATON,,,,
2021-03-29 09:39:17,-3.994931,-79.210304,Calle Saraguro,SOLO_DANOS,Incendio,Imprudencia del conductor,,,,,,,,,,,,
2021-08-06 11:17:15,-4.035890,-79.229021,Av. Gran Colombia,CON_FALLECIDOS,Choque Vehicular,Fatiga del conductor,26,FALLECIDO,NO_REGISTRA,SCOOTER,11,LESIONADO,NO_REGISTRA,MOTOCICLETA,,,,
2021-07-26 12:19:01,-4.031324,-79.212631,Calle 10 de Agosto,CON_LESIONADOS,Caida,Estado de embriaguez,50,LESIONADO,MUJER,CICLISTA,48,LESIONADO,NO_REGISTRA,MOTOCICLETA,,,,
2021-01-17 00:02:48,-3.989804,-79.187637,Ruta 35,CON_FALLECIDOS,Colision Multiple,Falla mecanica,19,FALLECIDO,HOMBRE,MOTOCICLETA,74,FALLECIDO,HOMBRE,CICLISTA,16,LESIONADO,HOMBRE,CICLISTA
2021-11-16 03:37:23,-3.988959,-79.185455,Av. Rosa Hermosa,CON_FALLECIDOS,Colision Multiple,Distraccion (celular/radio),47,FALLECIDO,HOMBRE,SCOOTER,,,,,,,,
2021-12-09 16:31:37,-4.036142,-79.186107,Av. Manuel Agustin Aguirre,CON_LESIONADOS,Colision Multiple,Falla mecanica,49,LESIONADO,NO_REGISTRA,OTRO,20,LESIONADO,MUJER,VEH_LIVIANO,,,,
2021-12-08 10:46:36,-4.000384,-79.198979,Av. Universitaria,SOLO_DANOS,Incendio,Distraccion (celular/radio),,,,,,,,,,,,
2021-05-15 13:46:37,-4.026159,-79.178393,Calle Colon,SOLO_DANOS,Colision Multiple,Via resbaladiza o mojada,,,,,,,,,,,,
2021-08-18 02:36:12,-4.003903,-79.185323,Av. 8 de Diciembre,SOLO_DANOS,Caida,Mal estado de la via,,,,,,,,,,,,
2021-03-12 18:38:08,-3.985525,-79.183655,Calle 18 de Noviembre,CON_FALLECIDOS,Atropellamiento,Estado de embriaguez,22,FALLECIDO,HOMBRE,CICLISTA,38,FALLECIDO,MUJER,SCOOTER,72,LESIONADO,HOMBRE,SCOOTER
2021-06-14 07:14:04,-4.015628,-79.174659,Ruta 35,CON_LESIONADOS,Choque Vehicular,Mal estado de la via,73,LESIONADO,HOMBRE,SCOOTER,64,LESIONADO,MUJER,MOTOCICLETA,72,LESIONADO,MUJER,OTRO
2021-02-03 07:02:38,-4.024188,-79.194959,Calle Bolivar,SOLO_DANOS,Atropellamiento,Via resbaladiza o mojada,,,,,,,,,,,,
2021-02-23 00:57:29,-3.999814,-79.175396,Calle Colon,CON_LESIONADOS,Colision Multiple,Falla mecanica,26,LESIONADO,NO_REGISTRA,VEH_LIVIANO,5,LESIONADO,HOMBRE,MOTOCICLETA,62,LESIONADO,MUJER,SCOOTER
2021-11-30 23:53:20,-3.991477,-79.198829,Calle Mercadillo,CON_LESIONADOS,Caida,Visibilidad reducida,78,LESIONADO,NO_REGISTRA,PEATON,30,LESIONADO,MUJER,VEH_LIVIANO,14,LESIONADO,HOMBRE,OTRO
2021-12-02 02:11:29,-3.978726,-79.220130,Ruta 35,CON_LESIONADOS,Accidente Laboral,Imprudencia del conductor,60,LESIONADO,NO_REGISTRA,VEH_LIVIANO,49,LESIONADO,HOMBRE,MOTOCICLETA,18,LESIONADO,NO_REGISTRA,CICLISTA
2021-12-14 05:04:09,-3.977790,-79.198883,Calle Montufar,SOLO_DANOS,Accidente Laboral,Imprudencia del conductor,,,,,,,,,,,,
2021-08-21 02:13:31,-4.024842,-79.219510,Av. Manuel Agustin Aguirre,CON_LESIONADOS,Choque Vehicular,Exceso de velocidad,36,LESIONADO,MUJER,OTRO,6,LESIONADO,NO_REGISTRA,PEATON,11,LESIONADO,HOMBRE,PEATON
2021-10-11 17:01:19,-4.012179,-79.184799,Via Loja - Catamayo,CON_LESIONADOS,Colision Multiple,Inobservancia de senales,12,LESIONADO,HOMBRE,MOTOCICLETA,54,LESIONADO,HOMBRE,CICLISTA,65,LESIONADO,NO_REGISTRA,OTRO
2021-09-07 17:35:18,-4.029846,-79.191695,Ruta 35,SOLO_DANOS,Choque Vehicular,Imprudencia del conductor,17,LESIONADO,HOMBRE,SCOOTER,,,,,,,,
2021-07-21 04:52:44,-4.014058,-79.226444,Av. Rosa Hermosa,CON_LESIONADOS,Incendio,Exceso de velocidad,68,LESIONADO,MUJER,OTRO,31,LESIONADO,MUJER,VEH_LIVIANO,,,,
2021-06-13 04:43:33,-4.008901,-79.188824,Calle Rocafuerte,CON_LESIONADOS,Caida,Distraccion (celular/radio),50,LESIONADO,MUJER,SCOOTER,,,,,,,,
2021-03-27 18:05:27,-3.991719,-79.180900,Calle 10 de Agosto,CON_FALLECIDOS,Choque Vehicular,Inobservancia de senales,35,FALLECIDO,HOMBRE,VEH_LIVIANO,53,FALLECIDO,MUJER,CICLISTA,65,LESIONADO,MUJER,OTRO
2021-12-30 08:41:15,-4.006184,-79.187717,Calle Sucre,SOLO_DANOS,Caida,Estado de embriaguez,,,,,,,,,,,,
2021-12-18 07:29:31,-3.985582,-79.196894,Calle Quito,SOLO_DANOS,Incendio,Falla mecanica,,,,,,,,,,,,
2021-12-17 13:08:53,-3.994298,-79.182175,Av. Isidro Ayora,SOLO_DANOS,Choque Vehicular,Inobservancia de senales,,,,,,,,,,,,
2021-11-19 16:08:38,-4.022860,-79.175533,Calle Colon,SOLO_DANOS,Caida,Inobservancia de senales,,,,,,,,,,,,
2021-05-24 11:23:06,-3.981168,-79.171367,Av. Cuxibamba,SOLO_DANOS,Choque Vehicular,Fatiga del conductor,,,,,,,,,,,,
2021-01-21 06:32:22,-4.029674,-79.181492,Calle Quito,CON_FALLECIDOS,Volcamiento,Via resbaladiza o mojada,79,FALLECIDO,MUJER,OTRO,,,,,,,,
2021-07-27 07:50:42,-4.035694,-79.185541,Via Loja - Catamayo,CON_FALLECIDOS,Colision Multiple,Estado de embriaguez,25,FALLECIDO,HOMBRE,OTRO,71,FALLECIDO,HOMBRE,MOTOCICLETA,59,LESIONADO,HOMBRE,PEATON
2021-06-24 16:58:12,-3.995099,-79.177852,Calle 18 de Noviembre,CON_FALLECIDOS,Choque Vehicular,Inobservancia de senales,27,FALLECIDO,MUJER,PEATON,68,LESIONADO,NO_REGISTRA,CICLISTA,,,,
2021-11-19 00:18:34,-4.016135,-79.216451,Ruta 35,CON_FALLECIDOS,Caida,Falla mecanica,38,FALLECIDO,HOMBRE,CICLISTA,55,LESIONADO,MUJER,OTRO,,,,
2021-02-06 11:17:59,-3.984266,-79.172934,Av. Rosa Hermosa,CON_FALLECIDOS,Accidente Laboral,Mal estado de la via,29,FALLECIDO,NO_REGISTRA,CICLISTA,39,FALLECIDO,HOMBRE,PEATON,50,LESIONADO,MUJER,MOTOCICLETA
2021-03-04 07:48:52,-4.008028,-79.182590,Av. 8 de Diciembre,CON_LESIONADOS,Atropellamiento,Factores externos,76,LESIONADO,MUJER,VEH_LIVIANO,5,LESIONADO,MUJER,MOTOCICLETA,,,,
2021-09-19 08:19:31,-3.999897,-79.228097,Calle Saraguro,CON_LESIONADOS,Incendio,Via resbaladiza o mojada,28,LESIONADO,HOMBRE,PEATON,45,LESIONADO,NO_REGISTRA,CICLISTA,,,,
2021-09-21 03:54:47,-3.990644,-79.215125,Ruta 35,SOLO_DANOS,Volcamiento,Distraccion (celular/radio),,,,,,,,,,,,
2021-02-18 17:01:34,-3.988514,-79.185206,Calle Ramon Borrero,CON_FALLECIDOS,Accidente Laboral,Distraccion (celular/radio),73,FALLECIDO,MUJER,VEH_LIVIANO,38,FALLECIDO,HOMBRE,OTRO,,,,
2021-06-22 20:31:14,-4.007819,-79.192407,Av. Isidro Ayora,CON_LESIONADOS,Atropellamiento,Mal estado de la via,65,LESIONADO,HOMBRE,VEH_LIVIANO,70,LESIONADO,NO_REGISTRA,VEH_LIVIANO,65,LESIONADO,MUJER,SCOOTER
2021-10-19 15:03:46,-4.035371,-79.205181,Av. Reinaldo Espinosa,CON_FALLECIDOS,Choque Vehicular,Falla mecanica,40,FALLECIDO,NO_REGISTRA,SCOOTER,65,FALLECIDO,MUJER,SCOOTER,15,LESIONADO,MUJER,CICLISTA
2021-03-31 14:34:03,-3.987580,-79.211249,Av. Pio Jaramillo,CON_FALLECIDOS,Choque Vehicular,Fatiga del conductor,81,FALLECIDO,MUJER,VEH_LIVIANO,13,LESIONADO,HOMBRE,MOTOCICLETA,,,,
2021-01-31 01:07:55,-3.998742,-79.194206,Av. 8 de Diciembre,CON_FALLECIDOS,Atropellamiento,Imprudencia del conductor,43,FALLECIDO,MUJER,OTRO,33,FALLECIDO,NO_REGISTRA,SCOOTER,43,LESIONADO,HOMBRE,SCOOTER
2021-11-08 13:25:41,-4.025118,-79.183871,Av. Metropolitana,CON_LESIONADOS,Caida,Via resbaladiza o mojada,34,LESIONADO,HOMBRE,CICLISTA,,,,,,,,
2021-08-26 20:14:32,-4.021751,-79.176603,Calle Mercadillo,CON_FALLECIDOS,Accidente Laboral,Equipo de seguridad deficiente,69,FALLECIDO,MUJER,OTRO,42,FALLECIDO,HOMBRE,MOTOCICLETA,33,LESIONADO,MUJER,CICLISTA
2021-01-27 12:23:16,-4.031793,-79.198991,Av. Isidro Ayora,SOLO_DANOS,Atropellamiento,Inobservancia de senales,,,,,,,,,,,,
2021-03-12 10:24:41,-4.009479,-79.215733,Calle Quito,CON_FALLECIDOS,Volcamiento,Factores externos,65,FALLECIDO,HOMBRE,PEATON,71,FALLECIDO,MUJER,MOTOCICLETA,,,,
2021-12-04 12:23:28,-4.032735,-79.201674,Ruta 35,CON_FALLECIDOS,Accidente Laboral,Imprudencia del conductor,50,FALLECIDO,HOMBRE,PEATON,65,FALLECIDO,NO_REGISTRA,CICLISTA,,,,
2021-01-01 06:44:10,-4.016282,-79.204694,Calle Ramon Borrero,CON_LESIONADOS,Volcamiento,Equipo de seguridad deficiente,57,LESIONADO,MUJER,PEATON,17,LESIONADO,HOMBRE,OTRO,,,,
2021-02-13 13:16:29,-4.017858,-79.226465,Calle Mercadillo,CON_FALLECIDOS,Volcamiento,Estado de embriaguez,35,FALLECIDO,NO_REGISTRA,VEH_LIVIANO,,,,,,,,
2021-09-02 13:25:06,-4.007837,-79.214868,Calle Azogues,SOLO_DANOS,Choque Vehicular,Inobservancia de senales,,,,,,,,,,,,
2021-08-20 13:01:21,-3.983040,-79.174869,Calle Colon,CON_LESIONADOS,Choque Vehicular,Exceso de velocidad,42,LESIONADO,HOMBRE,VEH_LIVIANO,76,LESIONADO,MUJER,OTRO,45,LESIONADO,HOMBRE,CICLISTA
2021-07-28 13:14:21,-4.008792,-79.188300,Av. Reinaldo Espinosa,SOLO_DANOS,Atropellamiento,Fatiga del conductor,,,,,,,,,,,,
2021-05-09 01:10:30,-4.021084,-79.194367,Av. Pio Jaramillo,CON_FALLECIDOS,Atropellamiento,Falla mecanica,85,FALLECIDO,NO_REGISTRA,CICLISTA,77,LESIONADO,HOMBRE,PEATON,40,LESIONADO,MUJER,VEH_LIVIANO
2021-02-28 01:11:33,-4.032561,-79.221179,Calle Ramon Borrero,CON_FALLECIDOS,Atropellamiento,Distraccion (celular/radio),83,FALLECIDO,HOMBRE,PEATON,55,FALLECIDO,MUJER,SCOOTER,67,LESIONADO,MUJER,SCOOTER
2021-11-17 20:17:39,-4.029198,-79.185600,Calle 10 de Agosto,CON_LESIONADOS,Accidente Laboral,Mal estado de la via,65,LESIONADO,HOMBRE,OTRO,,,,,,,,
2021-06-02 16:01:46,-4.004741,-79.181565,Calle Miguel Riofrio,SOLO_DANOS,Caida,Estado de embriaguez,68,LESIONADO,NO_REGISTRA,OTRO,,,,,,,,
2021-09-25 09:28:03,-4.030733,-79.192233,Av. Gran Colombia,CON_LESIONADOS,Caida,Inobservancia de senales,46,LESIONADO,NO_REGISTRA,VEH_LIVIANO,51,LESIONADO,MUJER,VEH_LIVIANO,,,,
2021-01-24 17:53:39,-4.002397,-79.184392,Calle Azogues,CON_LESIONADOS,Accidente Laboral,Visibilidad reducida,72,LESIONADO,NO_REGISTRA,VEH_LIVIANO,14,LESIONADO,HOMBRE,OTRO,19,LESIONADO,MUJER,SCOOTER
2021-08-21 05:59:28,-3.991758,-79.184163,Ruta 35,SOLO_DANOS,Volcamiento,Mal estado de la via,,,,,,,,,,,,
2021-01-19 01:37:37,-4.002484,-79.188636,Calle Montufar,CON_FALLECIDOS,Atropellamiento,Equipo de seguridad deficiente,50,FALLECIDO,NO_REGISTRA,CICLISTA,,,,,,,,
2021-10-14 03:00:38,-3.980699,-79.176391,Av. Universitaria,CON_LESIONADOS,Accidente Laboral,Factores externos,53,LESIONADO,NO_REGISTRA,OTRO,20,LESIONADO,MUJER,SCOOTER,,,,
2021-02-21 15:45:31,-3.985245,-79.209550,Calle Imbabura,CON_LESIONADOS,Atropellamiento,Via resbaladiza o mojada,41,LESIONADO,MUJER,VEH_LIVIANO,70,LESIONADO,NO_REGISTRA,PEATON,12,LESIONADO,NO_REGISTRA,OTRO
2021-02-23 11:18:47,-4.019053,-79.198289,Calle Rocafuerte,CON_LESIONADOS,Atropellamiento,Via resbaladiza o mojada,36,LESIONADO,MUJER,MOTOCICLETA,,,,,,,,
2021-08-17 18:35:17,-4.003782,-79.221058,Calle Mercadillo,CON_FALLECIDOS,Accidente Laboral,Imprudencia del conductor,36,FALLECIDO,HOMBRE,MOTOCICLETA,71,FALLECIDO,MUJER,CICLISTA,,,,
2021-01-23 21:50:53,-4.028998,-79.187189,Av. Isidro Ayora,CON_LESIONADOS,Colision Multiple,Equipo de seguridad deficiente,72,LESIONADO,NO_REGISTRA,PEATON,,,,,,,,
2021-04-20 09:58:51,-4.024245,-79.224825,Av. Isidro Ayora,SOLO_DANOS,Choque Vehicular,Via resbaladiza o mojada,,,,,,,,,,,,
2021-12-17 10:39:58,-3.985091,-79.175094,Calle 10 de Agosto,CON_LESIONADOS,Caida,Fatiga del conductor,22,LESIONADO,HOMBRE,OTRO,,,,,,,,
2021-09-16 01:37:59,-3.979685,-79.172875,Calle Rocafuerte,CON_LESIONADOS,Caida,Exceso de velocidad,76,LESIONADO,MUJER,CICLISTA,,,,,,,,
2021-11-03 15:02:38,-4.001575,-79.223073,Calle Rocafuerte,CON_FALLECIDOS,Choque Vehicular,Via resbaladiza o mojada,32,FALLECIDO,NO_REGISTRA,OTRO,25,LESIONADO,HOMBRE,VEH_LIVIANO,20,LESIONADO,HOMBRE,MOTOCICLETA
2021-08-13 05:41:06,-3.992383,-79.208220,Calle Montufar,SOLO_DANOS,Caida,Estado de embriaguez,,,,,,,,,,,,
2021-06-10 16:57:39,-4.027317,-79.214015,Calle Mercadillo,SOLO_DANOS,Incendio,Imprudencia del conductor,,,,,,,,,,,,
2021-07-31 09:44:26,-4.004339,-79.229748,Calle Montufar,CON_LESIONADOS,Accidente Laboral,Estado de embriaguez,63,LESIONADO,NO_REGISTRA,MOTOCICLETA,60,LESIONADO,NO_REGISTRA,VEH_LIVIANO,25,LESIONADO,HOMBRE,OTRO
2021-03-08 21:06:57,-4.008331,-79.180935,Calle Sucre,SOLO_DANOS,Choque Vehicular,Falla mecanica,,,,,,,,,,,,
2021-07-14 13:48:27,-4.034427,-79.189380,Ruta 35,CON_LESIONADOS,Incendio,Fatiga del conductor,31,LESIONADO,HOMBRE,CICLISTA,37,LESIONADO,HOMBRE,CICLISTA,20,LESIONADO,HOMBRE,PEATON
2021-05-02 06:49:25,-4.029218,-79.208620,Calle Saraguro,SOLO_DANOS,Caida,Factores externos,,,,,,,,,,,,
2021-12-04 23:54:50,-4.004246,-79.202380,Calle Imbabura,SOLO_DANOS,Accidente Laboral,Equipo de seguridad deficiente,,,,,,,,,,,,
2021-11-04 04:48:55,-4.000448,-79.211912,Calle Imbabura,SOLO_DANOS,Caida,Via resbaladiza o mojada,,,,,,,,,,,,
2021-09-05 15:00:34,-3.982058,-79.176577,Calle Quito,SOLO_DANOS,Atropellamiento,Fatiga del conductor,,,,,,,,,,,,
2021-12-26 15:19:45,-3.994105,-79.176952,Calle Bolivar,CON_FALLECIDOS,Colision Multiple,Inobservancia de senales,36,FALLECIDO,HOMBRE,VEH_LIVIANO,23,LESIONADO,NO_REGISTRA,MOTOCICLETA,,,,
2021-02-19 01:15:15,-3.990669,-79.185604,Calle Bolivar,SOLO_DANOS,Volcamiento,Equipo de seguridad deficiente,,,,,,,,,,,,
2021-11-18 00:30:02,-4.013041,-79.230232,Calle Rocafuerte,CON_FALLECIDOS,Volcamiento,Via resbaladiza o mojada,25,FALLECIDO,HOMBRE,OTRO,54,FALLECIDO,MUJER,OTRO,61,LESIONADO,NO_REGISTRA,CICLISTA
2021-05-08 11:34:46,-3.992811,-79.178761,Calle Azogues,CON_FALLECIDOS,Caida,Factores externos,73,FALLECIDO,NO_REGISTRA,VEH_LIVIANO,77,LESIONADO,NO_REGISTRA,MOTOCICLETA,,,,
2021-05-12 17:22:42,-4.035047,-79.212033,Calle Sucre,CON_FALLECIDOS,Caida,Distraccion (celular/radio),49,FALLECIDO,MUJER,CICLISTA,71,LESIONADO,NO_REGISTRA,SCOOTER,,,,
2021-09-06 23:21:39,-3.987589,-79.190474,Ruta 35,CON_FALLECIDOS,Atropellamiento,Falla mecanica,71,FALLECIDO,MUJER,CICLISTA,52,FALLECIDO,NO_REGISTRA,MOTOCICLETA,,,,
2021-11-11 10:00:38,-4.007702,-79.176350,Av. Reinaldo Espinosa,CON_FALLECIDOS,Colision Multiple,Equipo de seguridad deficiente,49,FALLECIDO,HOMBRE,VEH_LIVIANO,50,FALLECIDO,HOMBRE,MOTOCICLETA,64,LESIONADO,NO_REGISTRA,CICLISTA
2021-08-08 18:43:50,-3.982551,-79.204627,Via Loja - Catamayo,CON_FALLECIDOS,Incendio,Estado de embriaguez,23,FALLECIDO,MUJER,OTRO,60,FALLECIDO,HOMBRE,MOTOCICLETA,55,LESIONADO,NO_REGISTRA,SCOOTER
2021-07-17 17:46:31,-3.995910,-79.207398,Calle Bolivar,CON_LESIONADOS,Caida,Via resbaladiza o mojada,66,LESIONADO,NO_REGISTRA,MOTOCICLETA,,,,,,,,
2021-01-31 01:08:19,-4.035451,-79.187098,Calle Mercadillo,CON_FALLECIDOS,Volcamiento,Falla mecanica,28,FALLECIDO,HOMBRE,SCOOTER,56,FALLECIDO,HOMBRE,SCOOTER,62,LESIONADO,MUJER,MOTOCICLETA
2021-01-29 23:34:43,-3.986105,-79.176288,Av. Pio Jaramillo,SOLO_DANOS,Caida,Equipo de seguridad deficiente,,,,,,,,,,,,
2021-06-25 01:27:50,-4.033144,-79.192949,Calle Ramon Borrero,CON_LESIONADOS,Choque Vehicular,Equipo de seguridad deficiente,23,LESIONADO,NO_REGISTRA,SCOOTER,24,LESIONADO,HOMBRE,MOTOCICLETA,,,,
2021-05-21 20:16:26,-4.000820,-79.213121,Calle Azogues,SOLO_DANOS,Accidente Laboral,Inobservancia de senales,,,,,,,,,,,,
2021-12-07 15:57:07,-3.991357,-79.205041,Calle 10 de Agosto,CON_FALLECIDOS,Incendio,Via resbaladiza o mojada,83,FALLECIDO,MUJER,SCOOTER,,,,,,,,
2021-08-16 06:12:18,-4.011867,-79.181669,Av. 8 de Diciembre,CON_FALLECIDOS,Choque Vehicular,Equipo de seguridad deficiente,21,FALLECIDO,HOMBRE,PEATON,57,FALLECIDO,NO_REGISTRA,SCOOTER,20,LESIONADO,MUJER,CICLISTA
2021-12-01 21:58:37,-3.980699,-79.199917,Calle Mercadillo,SOLO_DANOS,Colision Multiple,Inobservancia de senales,,,,,,,,,,,,
2021-05-09 19:46:06,-4.002502,-79.212986,Calle Ramon Borrero,CON_LESIONADOS,Accidente Laboral,Falla mecanica,61,LESIONADO,MUJER,SCOOTER,22,LESIONADO,NO_REGISTRA,PEATON,65,LESIONADO,HOMBRE,CICLISTA
2021-03-24 01:26:21,-4.008871,-79.183458,Calle 10 de Agosto,CON_FALLECIDOS,Choque Vehicular,Fatiga del conductor,30,FALLECIDO,HOMBRE,VEH_LIVIANO,48,FALLECIDO,NO_REGISTRA,PEATON,73,LESIONADO,HOMBRE,PEATON
2021-07-08 06:56:55,-3.979499,-79.218771,Calle Quito,CON_LESIONADOS,Caida,Inobservancia de senales,79,LESIONADO,HOMBRE,CICLISTA,,,,,,,,
2021-03-08 00:10:40,-4.032969,-79.217800,Calle 10 de Agosto,CON_FALLECIDOS,Volcamiento,Estado de embriaguez,35,FALLECIDO,HOMBRE,OTRO,33,FALLECIDO,MUJER,SCOOTER,39,LESIONADO,HOMBRE,OTRO
2021-06-18 09:25:24,-3.977399,-79.183684,Av. Rosa Hermosa,CON_LESIONADOS,Caida,Factores externos,35,LESIONADO,HOMBRE,SCOOTER,66,LESIONADO,NO_REGISTRA,SCOOTER,59,LESIONADO,NO_REGISTRA,MOTOCICLETA