fecha_hora,latitud,longitud,via,grado_severidad,tipo_siniestro,causa_probable,victima1_edad,victima1_condicion,victima1_sexo,victima1_actor_vial,victima2_edad,victima2_condicion,victima2_sexo,victima2_actor_vial,victima3_edad,victima3_condicion,victima3_sexo,victima3_actor_vial
2021-10-08 23:52:14,-4.003234,-79.182395,Calle Quito,CON_LESIONADOS,Choque Vehicular,Via resbaladiza o mojada,34,LESIONADO,MUJER,CICLISTA,,,,,,,,
2021-12-30 07:33:45,-4.017505,-79.186124,Av. Gran Colombia,SOLO_DANOS,Accidente Laboral,Falla mecanica,,,,,,,,,,,,
2021-03-05 23:18:39,-3.978592,-79.178216,Av. Pio Jaramillo,SOLO_DANOS,Incendio,Fatiga del conductor,,,,,,,,,,,,
2021-11-22 22:41:26,-4.024495,-79.188628,Av. Universitaria,CON_LESIONADOS,Colision Multiple,Visibilidad reducida,54,LESIONADO,MUJER,VEH_LIVIANO,20,LESIONADO,HOMBRE,MOTOCICLETA,,,,
2021-05-23 02:47:24,-4.003048,-79.190537,Calle Montufar,SOLO_DANOS,Accidente Laboral,Exceso de velocidad,,,,,,,,,,,,
2021-08-26 07:05:20,-4.011393,-79.218416,Av. Gran Colombia,CON_FALLECIDOS,Accidente Laboral,Visibilidad reducida,18,FALLECIDO,HOMBRE,VEH_LIVIANO,30,FALLECIDO,HOMBRE,PEATON,,,,
2021-04-16 00:28:26,-3.993804,-79.181351,Av. Rosa Hermosa,CON_FALLECIDOS,Volcamiento,Falla mecanica,19,FALLECIDO,HOMBRE,MOTOCICLETA,,,,,,,,
2021-10-21 14:27:23,-4.002819,-79.182762,Av. Metropolitana,CON_LESIONADOS,Colision Multiple,Exceso de velocidad,49,LESIONADO,HOMBRE,MOTOCICLETA,,,,,,,,
2021-12-29 04:29:10,-4.028356,-79.222595,Av. Metropolitana,CON_FALLECIDOS,Accidente Laboral,Inobservancia de senales,72,FALLECIDO,NO_REGISTRA,OTRO,34,FALLECIDO,NO_REGISTRA,OTRO,26,LESIONADO,NO_REGISTRA,SCOOTER
2021-12-31 02:32:05,-3.992276,-79.184356,Calle Mercadillo,SOLO_DANOS,Volcamiento,Visibilidad reducida,9,LESIONADO,NO_REGISTRA,VEH_LIVIANO,,,,,,,,
2021-03-22 07:33:42,-3.982984,-79.216696,Via Loja - Catamayo,CON_LESIONADOS,Incendio,Equipo de seguridad deficiente,13,LESIONADO,MUJER,CICLISTA,26,LESIONADO,MUJER,MOTOCICLETA,32,LESIONADO,MUJER,CICLISTA
2021-07-19 05:34:52,-4.024283,-79.182720,Via Loja - Catamayo,SOLO_DANOS,Caida,Fatiga del conductor,,,,,,,,,,,,
2021-11-24 01:10:42,-4.024797,-79.216186,Calle 18 de Noviembre,CON_LESIONADOS,Incendio,Imprudencia del conductor,62,LESIONADO,NO_REGISTRA,CICLISTA,59,LESIONADO,NO_REGISTRA,PEATON,69,LESIONADO,NO_REGISTRA,PEATON
2021-05-22 18:35:21,-3.993807,-79.183506,Ruta 35,SOLO_DANOS,Caida,Imprudencia del conductor,,,,,,,,,,,,
2021-08-03 03:42:35,-3.984766,-79.188308,Av. Universitaria,CON_LESIONADOS,Caida,Exceso de velocidad,5,LESIONADO,NO_REGISTRA,SCOOTER,58,LESIONADO,HOMBRE,MOTOCICLETA,,,,
2021-05-09 21:34:45,-4.009191,-79.204353,Calle Saraguro,CON_FALLECIDOS,Accidente Laboral,Mal estado de la via,85,FALLECIDO,NO_REGISTRA,SCOOTER,77,FALLECIDO,HOMBRE,PEATON,11,LESIONADO,MUJER,SCOOTER
2021-07-08 03:10:46,-4.027359,-79.188962,Av. Cuxibamba,CON_LESIONADOS,Caida,Mal estado de la via,61,LESIONADO,HOMBRE,SCOOTER,65,LESIONADO,MUJER,VEH_LIVIANO,,,,
2021-06-09 18:34:04,-4.026358,-79.223986,Via Loja - Zamora,CON_FALLECIDOS,Volcamiento,Equipo de seguridad deficiente,80,FALLECIDO,HOMBRE,MOTOCICLETA,34,LESIONADO,MUJER,OTRO,73,LESIONADO,HOMBRE,VEH_LIVIANO
2021-08-01 08:21:06,-4.032987,-79.200327,Calle Miguel Riofrio,CON_FALLECIDOS,Incendio,Mal estado de la via,19,FALLECIDO,NO_REGISTRA,OTRO,21,FALLECIDO,HOMBRE,CICLISTA,41,LESIONADO,NO_REGISTRA,VEH_LIVIANO
2021-05-01 17:28:51,-4.018742,-79.190961,Calle 10 de Agosto,CON_FALLECIDOS,Accidente Laboral,Equipo de seguridad deficiente,75,FALLECIDO,HOMBRE,SCOOTER,68,FALLECIDO,NO_REGISTRA,OTRO,41,LESIONADO,HOMBRE,OTRO
2021-07-18 02:17:56,-4.025247,-79.173679,Via Loja - Zamora,CON_FALLECIDOS,Colision Multiple,Distraccion (celular/radio),56,FALLECIDO,NO_REGISTRA,CICLISTA,76,LESIONADO,MUJER,CICLISTA,,,,
2021-10-27 03:59:52,-3.979091,-79.222513,Calle Imbabura,SOLO_DANOS,Accidente Laboral,Fatiga del conductor,,,,,,,,,,,,
2021-07-01 11:34:27,-4.006731,-79.188769,Calle Quito,SOLO_DANOS,Accidente Laboral,Distraccion (celular/radio),,,,,,,,,,,,
2021-02-18 02:28:31,-4.015664,-79.215625,Av. Orillas del Zamora,CON_FALLECIDOS,Caida,Falla mecanica,41,FALLECIDO,NO_REGISTRA,CICLISTA,,,,,,,,
2021-08-26 19:57:52,-4.005664,-79.195309,Calle Azogues,CON_LESIONADOS,Atropellamiento,Estado de embriaguez,47,LESIONADO,HOMBRE,PEATON,19,LESIONADO,HOMBRE,SCOOTER,,,,
2021-08-15 04:10:42,-4.008736,-79.197768,Calle Montufar,CON_LESIONADOS,Volcamiento,Visibilidad reducida,73,LESIONADO,NO_REGISTRA,SCOOTER,22,LESIONADO,NO_REGISTRA,VEH_LIVIANO,25,LESIONADO,HOMBRE,VEH_LIVIANO
2021-11-17 15:36:56,-3.981382,-79.220062,Av. Manuel Agustin Aguirre,CON_LESIONADOS,Colision Multiple,Inobservancia de senales,6,LESIONADO,HOMBRE,CICLISTA,28,LESIONADO,MUJER,OTRO,,,,
2021-09-26 03:19:16,-4.000854,-79.227193,Av. Cuxibamba,CON_FALLECIDOS,Incendio,Factores externos,40,FALLECIDO,MUJER,VEH_LIVIANO,,,,,,,,
2021-08-25 10:00:20,-3.991689,-79.227506,Calle Quito,CON_LESIONADOS,Colision Multiple,Fatiga del conductor,49,LESIONADO,MUJER,MOTOCICLETA,13,LESIONADO,HOMBRE,VEH_LIVIANO,26,LESIONADO,NO_REGISTRA,CICLISTA
2021-03-26 16:18:21,-3.990954,-79.183150,Calle Saraguro,SOLO_DANOS,Accidente Laboral,Estado de embriaguez,,,,,,,,,,,,
2021-05-17 01:41:59,-4.012363,-79.212905,Calle Quito,CON_FALLECIDOS,Choque Vehicular,Falla mecanica,50,FALLECIDO,HOMBRE,VEH_LIVIANO,39,LESIONADO,NO_REGISTRA,OTRO,53,LESIONADO,HOMBRE,VEH_LIVIANO
2021-12-02 05:51:59,-3.988172,-79.226067,Av. Isidro Ayora,CON_LESIONADOS,Choque Vehicular,Visibilidad reducida,77,LESIONADO,MUJER,OTRO,16,LESIONADO,MUJER,MOTOCICLETA,64,LESIONADO,MUJER,CICLISTA
2021-11-28 01:17:01,-4.021716,-79.219433,Calle 10 de Agosto,SOLO_DANOS,Accidente Laboral,Estado de embriaguez,,,,,,,,,,,,
2021-03-09 00:27:10,-3.984889,-79.177969,Av. Rosa Hermosa,SOLO_DANOS,Accidente Laboral,Mal estado de la via,,,,,,,,,,,,
2021-08-27 09:27:37,-4.028712,-79.222316,Av. Rosa Hermosa,SOLO_DANOS,Volcamiento,Estado de embriaguez,,,,,,,,,,,,
2021-11-05 11:01:43,-4.010686,-79.218078,Calle Miguel Riofrio,SOLO_DANOS,Incendio,Falla mecanica,,,,,,,,,,,,
2021-10-11 15:17:15,-3.985288,-79.203166,Calle 18 de Noviembre,SOLO_DANOS,Colision Multiple,Exceso de velocidad,,,,,,,,,,,,
2021-03-17 07:39:36,-4.003321,-79.183730,Calle Imbabura,CON_FALLECIDOS,Accidente Laboral,Via resbaladiza o mojada,85,FALLECIDO,NO_REGISTRA,OTRO,32,FALLECIDO,MUJER,SCOOTER,48,LESIONADO,NO_REGISTRA,CICLISTA
2021-05-11 20:22:07,-4.024985,-79.173604,Calle Montufar,CON_LESIONADOS,Caida,Falla mecanica,58,LESIONADO,MUJER,OTRO,32,LESIONADO,NO_REGISTRA,CICLISTA,,,,
2021-03-05 07:07:08,-4.009474,-79.204013,Calle Mercadillo,CON_LESIONADOS,Incendio,Falla mecanica,51,LESIONADO,NO_REGISTRA,CICLISTA,34,LESIONADO,HOMBRE,SCOOTER,32,LESIONADO,HOMBRE,SCOOTER
2021-06-06 22:17:37,-3.996950,-79.183817,Av. Gran Colombia,CON_FALLECIDOS,Atropellamiento,Via resbaladiza o mojada,84,FALLECIDO,HOMBRE,CICLISTA,63,LESIONADO,NO_REGISTRA,PEATON,56,LESIONADO,HOMBRE,PEATON
2021-03-09 04:43:26,-4.014419,-79.214586,Calle Imbabura,SOLO_DANOS,Volcamiento,Via resbaladiza o mojada,,,,,,,,,,,,
2021-03-20 02:15:33,-4.010730,-79.198389,Av. 8 de Diciembre,CON_FALLECIDOS,Atropellamiento,Distraccion (celular/radio),28,FALLECIDO,HOMBRE,SCOOTER,67,FALLECIDO,HOMBRE,VEH_LIVIANO,17,LESIONADO,HOMBRE,CICLISTA
2021-03-14 15:02:49,-3.991279,-79.173378,Via Loja - Catamayo,CON_FALLECIDOS,Choque Vehicular,Distraccion (celular/radio),43,FALLECIDO,NO_REGISTRA,OTRO,65,FALLECIDO,HOMBRE,MOTOCICLETA,32,LESIONADO,HOMBRE,SCOOTER
2021-08-05 03:41:40,-3.993708,-79.223566,Calle 18 de Noviembre,CON_LESIONADOS,Atropellamiento,Falla mecanica,44,LESIONADO,MUJER,VEH_LIVIANO,,,,,,,,
2021-11-10 14:04:13,-4.029485,-79.214862,Av. Metropolitana,SOLO_DANOS,Incendio,Distraccion (celular/radio),,,,,,,,,,,,
2021-04-29 18:55:37,-3.993978,-79.194624,Calle Sucre,CON_LESIONADOS,Caida,Imprudencia del conductor,50,LESIONADO,MUJER,OTRO,,,,,,,,
2021-03-17 12:19:45,-3.988685,-79.196341,Calle Imbabura,CON_LESIONADOS,Choque Vehicular,Visibilidad reducida,24,LESIONADO,NO_REGISTRA,VEH_LIVIANO,,,,,,,,
2021-02-06 16:18:17,-3.998104,-79.195114,Calle Saraguro,CON_LESIONADOS,Accidente Laboral,Visibilidad reducida,49,LESIONADO,MUJER,SCOOTER,50,LESIONADO,NO_REGISTRA,SCOOTER,,,,
2021-12-10 20:48:15,-3.990888,-79.220569,Via Loja - Zamora,SOLO_DANOS,Accidente Laboral,Mal estado de la via,,,,,,,,,,,,
2021-06-22 13:18:42,-4.022274,-79.173297,Av. Rosa Hermosa,CON_FALLECIDOS,Atropellamiento,Mal estado de la via,38,FALLECIDO,NO_REGISTRA,CICLISTA,,,,,,,,
2021-06-19 23:30:36,-3.991641,-79.202055,Av. Reinaldo Espinosa,CON_LESIONADOS,Colision Multiple,Inobservancia de senales,16,LESIONADO,NO_REGISTRA,VEH_LIVIANO,24,LESIONADO,HOMBRE,VEH_LIVIANO,51,LESIONADO,MUJER,CICLISTA
2021-08-18 23:24:12,-3.997772,-79.218613,Calle Quito,CON_FALLECIDOS,Choque Vehicular,Distraccion (celular/radio),19,FALLECIDO,MUJER,OTRO,,,,,,,,
2021-05-02 23:29:31,-3.990105,-79.178391,Via Loja - Zamora,CON_LESIONADOS,Colision Multiple,Inobservancia de senales,50,LESIONADO,MUJER,PEATON,37,LESIONADO,MUJER,SCOOTER,72,LESIONADO,NO_REGISTRA,SCOOTER
2021-05-18 19:50:52,-3.984798,-79.185860,Av. Pio Jaramillo,CON_LESIONADOS,Caida,Fatiga del conductor,38,LESIONADO,HOMBRE,PEATON,,,,,,,,
2021-04-13 11:44:25,-4.022346,-79.176205,Via Loja - Catamayo,CON_FALLECIDOS,Volcamiento,Exceso de velocidad,48,FALLECIDO,HOMBRE,VEH_LIVIANO,57,LESIONADO,MUJER,MOTOCICLETA,,,,
2021-12-15 22:00:36,-4.013509,-79.199469,Via Loja - Zamora,SOLO_DANOS,Incendio,Imprudencia del conductor,,,,,,,,,,,,
2021-08-17 01:52:32,-4.004860,-79.199005,Via Loja - Zamora,CON_FALLECIDOS,Volcamiento,Inobservancia de senales,80,FALLECIDO,NO_REGISTRA,SCOOTER,29,LESIONADO,NO_REGISTRA,MOTOCICLETA,71,LESIONADO,NO_REGISTRA,OTRO
2021-04-18 09:37:28,-3.981606,-79.199972,Calle Imbabura,SOLO_DANOS,Choque Vehicular,Mal estado de la via,,,,,,,,,,,,
2021-04-12 13:23:48,-4.028485,-79.219307,Av. Orillas del Zamora,SOLO_DANOS,Volcamiento,Equipo de seguridad deficiente,37,LESIONADO,NO_REGISTRA,OTRO,,,,,,,,
2021-04-24 22:31:17,-4.016633,-79.197448,Calle Saraguro,SOLO_DANOS,Choque Vehicular,Equipo de seguridad deficiente,,,,,,,,,,,,
2021-01-30 15:46:38,-4.022481,-79.230625,Ruta 35,CON_FALLECIDOS,Accidente Laboral,Mal estado de la via,42,FALLECIDO,MUJER,PEATON,22,FALLECIDO,HOMBRE,SCOOTER,60,LESIONADO,HOMBRE,VEH_LIVIANO
2021-06-24 13:42:30,-4.022545,-79.220356,Av. Pio Jaramillo,CON_LESIONADOS,Atropellamiento,Visibilidad reducida,69,LESIONADO,HOMBRE,VEH_LIVIANO,33,LESIONADO,NO_REGISTRA,CICLISTA,17,LESIONADO,HOMBRE,VEH_LIVIANO
2021-03-19 01:03:07,-4.009753,-79.227261,Av. Reinaldo Espinosa,CON_FALLECIDOS,Atropellamiento,Imprudencia del conductor,24,FALLECIDO,HOMBRE,SCOOTER,45,FALLECIDO,HOMBRE,CICLISTA,51,LESIONADO,MUJER,MOTOCICLETA
2021-10-28 01:07:15,-4.029575,-79.224451,Av. Reinaldo Espinosa,SOLO_DANOS,Caida,Visibilidad reducida,,,,,,,,,,,,
2021-10-07 19:30:36,-3.998876,-79.176536,Ruta 35,CON_LESIONADOS,Incendio,Distraccion (celular/radio),50,LESIONADO,HOMBRE,MOTOCICLETA,80,LESIONADO,MUJER,OTRO,64,LESIONADO,MUJER,MOTOCICLETA
2021-05-22 04:45:34,-3.994259,-79.212412,Av. Pio Jaramillo,SOLO_DANOS,Incendio,Visibilidad reducida,,,,,,,,,,,,
2021-05-07 14:54:19,-4.024634,-79.196330,Ruta 35,CON_LESIONADOS,Colision Multiple,Factores externos,59,LESIONADO,NO_REGISTRA,CICLISTA,,,,,,,,
2021-01-04 23:23:55,-4.028882,-79.179414,Av. 8 de Diciembre,SOLO_DANOS,Caida,Via resbaladiza o mojada,,,,,,,,,,,,
2021-05-15 11:02:56,-3.991982,-79.181381,Via Loja - Catamayo,CON_FALLECIDOS,Accidente Laboral,Distraccion (celular/radio),78,FALLECIDO,MUJER,OTRO,31,FALLECIDO,MUJER,OTRO,,,,
2021-11-03 16:28:57,-3.994894,-79.196114,Calle Bolivar,SOLO_DANOS,Atropellamiento,Estado de embriaguez,,,,,,,,,,,,
2021-08-13 20:39:04,-4.001043,-79.191756,Via Loja - Zamora,SOLO_DANOS,Volcamiento,Inobservancia de senales,,,,,,,,,,,,
2021-07-29 14:45:54,-4.034344,-79.185102,Av. Metropolitana,SOLO_DANOS,Colision Multiple,Equipo de seguridad deficiente,,,,,,,,,,,,
2021-08-20 17:05:16,-4.004589,-79.215306,Av. Gran Colombia,SOLO_DANOS,Atropellamiento,Mal estado de la via,,,,,,,,,,,,
2021-10-09 02:00:05,-4.008128,-79.207215,Via Loja - Catamayo,CON_FALLECIDOS,Colision Multiple,Fatiga del conductor,57,FALLECIDO,HOMBRE,PEATON,,,,,,,,
2021-05-21 11:27:20,-4.024152,-79.230430,Via Loja - Zamora,CON_FALLECIDOS,Caida,Imprudencia del conductor,51,FALLECIDO,NO_REGISTRA,PEATON,,,,,,,,
2021-01-11 09:07:18,-4.017420,-79.183774,Av. Manuel Agustin Aguirre,SOLO_DANOS,Choque Vehicular,Fatiga del conductor,,,,,,,,,,,,
2021-11-09 05:22:46,-4.015635,-79.177251,Av. Orillas del Zamora,CON_FALLECIDOS,Choque Vehicular,Fatiga del conductor,83,FALLECIDO,MUJER,CICLISTA,75,FALLECIDO,HOMBRE,PEATON,,,,
2021-01-28 18:49:43,-4.030573,-79.188883,Calle Imbabura,CON_LESIONADOS,Volcamiento,Equipo de seguridad deficiente,36,LESIONADO,NO_REGISTRA,PEATON,,,,,,,,
2021-06-08 20:27:23,-3.994195,-79.227569,Av. Rosa Hermosa,SOLO_DANOS,Incendio,Imprudencia del conductor,,,,,,,,,,,,
2021-11-28 16:46:16,-4.007252,-79.200891,Calle 18 de Noviembre,SOLO_DANOS,Choque Vehicular,Fatiga del conductor,,,,,,,,,,,,
2021-06-05 21:01:27,-4.010289,-79.182794,Av. Cuxibamba,SOLO_DANOS,Accidente Laboral,Factores externos,75,LESIONADO,MUJER,MOTOCICLETA,,,,,,,,
2021-03-05 06:08:47,-3.993056,-79.181541,Av. Isidro Ayora,SOLO_DANOS,Colision Multiple,Exceso de velocidad,,,,,,,,,,,,
2021-05-06 04:10:59,-4.010568,-79.205485,Calle Rocafuerte,CON_LESIONADOS,Colision Multiple,Mal estado de la via,74,LESIONADO,HOMBRE,CICLISTA,,,,,,,,
2021-04-17 02:08:28,-3.991068,-79.191115,Av. Cuxibamba,CON_LESIONADOS,Atropellamiento,Visibilidad reducida,20,LESIONADO,MUJER,VEH_LIVIANO,31,LESIONADO,NO_REGISTRA,MOTOCICLETA,45,LESIONADO,HOMBRE,PEATON
2021-02-24 15:01:31,-3.991991,-79.174951,Av. Pio Jaramillo,CON_LESIONADOS,Colision Multiple,Mal estado de la via,25,LESIONADO,MUJER,PEATON,59,LESIONADO,NO_REGISTRA,PEATON,,,,
2021-01-16 15:05:34,-3.986804,-79.190856,Calle 18 de Noviembre,CON_FALLECIDOS,Colision Multiple,Fatiga del conductor,74,FALLECIDO,MUJER,OTRO,25,FALLECIDO,MUJER,MOTOCICLETA,43,LESIONADO,HOMBRE,PEATON
2021-12-12 09:00:24,-3.999864,-79.180137,Av. Reinaldo Espinosa,CON_LESIONADOS,Colision Multiple,Mal estado de la via,56,LESIONADO,NO_REGISTRA,CICLISTA,25,LESIONADO,HOMBRE,VEH_LIVIANO,14,LESIONADO,HOMBRE,MOTOCICLETA
2021-02-24 00:11:27,-3.991371,-79.182005,Calle Mercadillo,SOLO_DANOS,Choque Vehicular,Factores externos,,,,,,,,,,,,
2021-02-27 03:31:44,-4.017909,-79.178136,Av. Universitaria,SOLO_DANOS,Atropellamiento,Estado de embriaguez,,,,,,,,,,,,
2021-03-27 07:55:41,-4.033586,-79.196046,Calle Mercadillo,SOLO_DANOS,Incendio,Visibilidad reducida,,,,,,,,,,,,
2021-03-03 22:56:33,-4.021584,-79.214022,Calle Sucre,CON_LESIONADOS,Choque Vehicular,Visibilidad reducida,25,LESIONADO,MUJER,CICLISTA,,,,,,,,
2021-10-03 21:58:23,-4.019826,-79.171285,Via Loja - Zamora,CON_LESIONADOS,Incendio,Factores externos,42,LESIONADO,MUJER,VEH_LIVIANO,23,LESIONADO,HOMBRE,SCOOTER,68,LESIONADO,HOMBRE,VEH_LIVIANO
2021-08-13 11:49:36,-4.014735,-79.194946,Av. Rosa Hermosa,CON_LESIONADOS,Colision Multiple,Factores externos,48,LESIONADO,MUJER,VEH_LIVIANO,44,LESIONADO,HOMBRE,PEATON,42,LESIONADO,HOMBRE,MOTOCICLETA
2021-08-15 10:12:07,-4.032741,-79.200619,Av. Cuxibamba,CON_FALLECIDOS,Colision Multiple,Factores externos,54,FALLECIDO,NO_REGISTRA,PEATON,,,,,,,,
2021-06-17 19:54:17,-3.996731,-79.205482,Calle Quito,CON_FALLECIDOS,Colision Multiple,Factores externos,59,FALLECIDO,HOMBRE,MOTOCICLETA,46,FALLECIDO,MUJER,VEH_LIVIANO,8,LESIONADO,HOMBRE,PEATON
2021-09-18 16:23:12,-3.994385,-79.171254,Av. Gran Colombia,CON_LESIONADOS,Accidente Laboral,Visibilidad reducida,33,LESIONADO,MUJER,CICLISTA,36,LESIONADO,HOMBRE,VEH_LIVIANO,27,LESIONADO,MUJER,VEH_LIVIANO
2021-01-05 04:35:58,-4.028789,-79.210583,Calle Mercadillo,CON_LESIONADOS,Choque Vehicular,Exceso de velocidad,80,LESIONADO,MUJER,CICLISTA,15,LESIONADO,HOMBRE,CICLISTA,,,,
2021-03-06 11:52:47,-4.013496,-79.183222,Calle Miguel Riofrio,SOLO_DANOS,Volcamiento,Factores externos,,,,,,,,,,,,
2021-04-24 01:01:53,-4.004768,-79.224721,Calle Colon,CON_LESIONADOS,Atropellamiento,Exceso de velocidad,63,LESIONADO,NO_REGISTRA,CICLISTA,,,,,,,,
2021-06-03 21:16:35,-4.019076,-79.174266,Av. Cuxibamba,CON_FALLECIDOS,Choque Vehicular,Estado de embriaguez,44,FALLECIDO,HOMBRE,PEATON,,,,,,,,
2021-12-31 13:51:24,-3.988083,-79.187329,Av. Universitaria,SOLO_DANOS,Volcamiento,Mal estado de la via,,,,,,,,,,,,
2021-02-11 20:13:05,-3.978727,-79.176899,Via Loja - Catamayo,CON_LESIONADOS,Incendio,Visibilidad reducida,22,LESIONADO,NO_REGISTRA,PEATON,,,,,,,,
2021-04-20 19:49:57,-4.017659,-79.189622,Calle Ramon Borrero,CON_LESIONADOS,Colision Multiple,Estado de embriaguez,38,LESIONADO,HOMBRE,MOTOCICLETA,34,LESIONADO,HOMBRE,MOTOCICLETA,,,,
2021-06-08 19:37:05,-4.020330,-79.176026,Calle Saraguro,CON_LESIONADOS,Choque Vehicular,Exceso de velocidad,8,LESIONADO,NO_REGISTRA,SCOOTER,48,LESIONADO,NO_REGISTRA,MOTOCICLETA,50,LESIONADO,MUJER,PEATON
2021-11-04 00:18:07,-4.032062,-79.224365,Av. Manuel Agustin Aguirre,CON_LESIONADOS,Atropellamiento,Distraccion (celular/radio),64,LESIONADO,HOMBRE,PEATON,,,,,,,,
2021-07-01 17:10:08,-4.014882,-79.173184,Via Loja - Zamora,SOLO_DANOS,Volcamiento,Estado de embriaguez,,,,,,,,,,,,
2021-05-25 09:15:25,-3.999059,-79.224035,Calle 10 de Agosto,CON_LESIONADOS,Choque Vehicular,Exceso de velocidad,13,LESIONADO,MUJER,PEATON,60,LESIONADO,NO_REGISTRA,MOTOCICLETA,22,LESIONADO,HOMBRE,PEATON
2021-10-08 11:10:26,-4.034133,-79.227520,Av. Rosa Hermosa,CON_LESIONADOS,Atropellamiento,Fatiga del conductor,6,LESIONADO,HOMBRE,VEH_LIVIANO,64,LESIONADO,NO_REGISTRA,CICLISTA,,,,
2021-07-30 15:03:27,-3.992034,-79.187345,Calle Imbabura,CON_LESIONADOS,Caida,Fatiga del conductor,27,LESIONADO,MUJER,VEH_LIVIANO,37,LESIONADO,MUJER,VEH_LIVIANO,,,,
2021-11-28 19:57:17,-4.033684,-79.204434,Av. Orillas del Zamora,CON_LESIONADOS,Colision Multiple,Imprudencia del conductor,41,LESIONADO,MUJER,MOTOCICLETA,39,LESIONADO,NO_REGISTRA,MOTOCICLETA,63,LESIONADO,NO_REGISTRA,VEH_LIVIANO
2021-10-07 11:13:05,-3.983589,-79.194600,Calle Colon,CON_FALLECIDOS,Colision Multiple,Fatiga del conductor,36,FALLECIDO,MUJER,VEH_LIVIANO,59,FALLECIDO,NO_REGISTRA,MOTOCICLETA,9,LESIONADO,HOMBRE,OTRO
2021-05-15 09:52:16,-3.991143,-79.212545,Calle Montufar,CON_FALLECIDOS,Choque Vehicular,Imprudencia del conductor,78,FALLECIDO,NO_REGISTRA,MOTOCICLETA,8,LESIONADO,NO_REGISTRA,MOTOCICLETA,69,LESIONADO,HOMBRE,PEATON
2021-06-04 07:51:21,-4.020533,-79.196120,Ruta 35,CON_LESIONADOS,Incendio,Visibilidad reducida,21,LESIONADO,NO_REGISTRA,OTRO,9,LESIONADO,HOMBRE,SCOOTER,44,LESIONADO,HOMBRE,MOTOCICLETA
2021-02-21 18:03:09,-4.024380,-79.201709,Calle Sucre,CON_LESIONADOS,Colision Multiple,Distraccion (celular/radio),16,LESIONADO,NO_REGISTRA,CICLISTA,59,LESIONADO,HOMBRE,MOTOCICLETA,,,,
2021-02-12 01:14:20,-4.020246,-79.220503,Calle Montufar,SOLO_DANOS,Accidente Laboral,Falla mecanica,,,,,,,,,,,,
2021-06-12 01:27:45,-3.988330,-79.187910,Av. Cuxibamba,SOLO_DANOS,Accidente Laboral,Estado de embriaguez,,,,,,,,,,,,
2021-12-04 22:55:25,-3.991163,-79.204722,Calle Azogues,CON_LESIONADOS,Choque Vehicular,Imprudencia del conductor,79,LESIONADO,MUJER,CICLISTA,64,LESIONADO,MUJER,OTRO,11,LESIONADO,NO_REGISTRA,SCOOTER
2021-12-01 15:51:20,-4.017456,-79.191874,Av. Orillas del Zamora,CON_FALLECIDOS,Volcamiento,Mal estado de la via,56,FALLECIDO,MUJER,VEH_LIVIANO,54,FALLECIDO,MUJER,SCOOTER,,,,
2021-04-15 11:29:10,-3.996786,-79.227865,Calle Montufar,CON_LESIONADOS,Caida,Estado de embriaguez,22,LESIONADO,MUJER,VEH_LIVIANO,37,LESIONADO,HOMBRE,MOTOCICLETA,,,,
2021-07-22 18:15:35,-3.999165,-79.187457,Ruta 35,SOLO_DANOS,Incendio,Mal estado de la via,,,,,,,,,,,,
2021-05-10 15:18:08,-4.022727,-79.226581,Av. Manuel Agustin Aguirre,CON_FALLECIDOS,Atropellamiento,Fatiga del conductor,74,FALLECIDO,NO_REGISTRA,CICLISTA,,,,,,,,
2021-03-03 13:09:39,-3.995012,-79.182950,Calle 18 de Noviembre,CON_FALLECIDOS,Volcamiento,Estado de embriaguez,77,FALLECIDO,MUJER,OTRO,63,FALLECIDO,NO_REGISTRA,VEH_LIVIANO,,,,
2021-12-28 22:08:08,-4.032566,-79.210581,Via Loja - Zamora,CON_FALLECIDOS,Incendio,Imprudencia del conductor,53,FALLECIDO,NO_REGISTRA,OTRO,82,FALLECIDO,MUJER,VEH_LIVIANO,16,LESIONADO,MUJER,CICLISTA
2021-06-26 17:58:10,-4.003641,-79.220083,Av. Manuel Agustin Aguirre,CON_FALLECIDOS,Accidente Laboral,Mal estado de la via,75,FALLECIDO,HOMBRE,MOTOCICLETA,59,LESIONADO,HOMBRE,MOTOCICLETA,,,,
2021-06-16 11:15:39,-3.994789,-79.219413,Ruta 35,CON_FALLECIDOS,Choque Vehicular,Exceso de velocidad,75,FALLECIDO,MUJER,PEATON,40,FALLECIDO,MUJER,SCOOTER,,,,
2021-05-26 05:43:01,-4.032822,-79.219963,Calle Ramon Borrero,CON_LESIONADOS,Atropellamiento,Fatiga del conductor,72,LESIONADO,HOMBRE,OTRO,27,LESIONADO,MUJER,VEH_LIVIANO,,,,
2021-02-24 15:00:02,-3.979610,-79.217388,Av. Manuel Agustin Aguirre,CON_LESIONADOS,Volcamiento,Falla mecanica,71,LESIONADO,HOMBRE,OTRO,,,,,,,,
2021-09-08 11:19:13,-4.007279,-79.216038,Calle 10 de Agosto,CON_FALLECIDOS,Choque Vehicular,Imprudencia del conductor,38,FALLECIDO,HOMBRE,CICLISTA,,,,,,,,