fecha_hora,latitud,longitud,via,grado_severidad,tipo_siniestro,causa_probable,victima1_edad,victima1_condicion,victima1_sexo,victima1_actor_vial,victima2_edad,victima2_condicion,victima2_sexo,victima2_actor_vial,victima3_edad,victima3_condicion,victima3_sexo,victima3_actor_vial
2021-08-22 12:37:31,-3.980564,-79.171987,Calle Sucre,CON_LESIONADOS,Choque Vehicular,Fatiga del conductor,54,LESIONADO,HOMBRE,CICLISTA,64,LESIONADO,MUJER,MOTOCICLETA,32,LESIONADO,HOMBRE,CICLISTA
2021-09-20 04:28:20,-4.030788,-79.213327,Av. Manuel Agustin Aguirre,CON_FALLECIDOS,Volcamiento,Factores externos,52,FALLECIDO,MUJER,CICLISTA,42,LESIONADO,MUJER,VEH_LIVIANO,,,,
2021-08-20 16:10:37,-3.995481,-79.220904,Calle Quito,SOLO_DANOS,Accidente Laboral,Falla mecanica,,,,,,,,,,,,
2021-03-15 09:37:16,-4.036953,-79.177443,Calle Saraguro,SOLO_DANOS,Atropellamiento,Estado de embriaguez,,,,,,,,,,,,
2021-11-27 12:00:55,-3.978269,-79.192243,Calle 10 de Agosto,CON_FALLECIDOS,Atropellamiento,Equipo de seguridad deficiente,20,FALLECIDO,HOMBRE,SCOOTER,38,FALLECIDO,MUJER,VEH_LIVIANO,64,LESIONADO,MUJER,PEATON
2021-08-08 04:48:21,-4.012332,-79.185328,Calle Rocafuerte,SOLO_DANOS,Choque Vehicular,Factores externos,,,,,,,,,,,,
2021-12-20 06:58:41,-3.996710,-79.211501,Calle Azogues,SOLO_DANOS,Accidente Laboral,Factores externos,,,,,,,,,,,,
2021-01-06 16:13:31,-4.011307,-79.208433,Calle Sucre,SOLO_DANOS,Atropellamiento,Via resbaladiza o mojada,,,,,,,,,,,,
2021-03-17 02:01:59,-4.014631,-79.189863,Calle Sucre,CON_FALLECIDOS,Incendio,Factores externos,79,FALLECIDO,HOMBRE,PEATON,35,FALLECIDO,HOMBRE,SCOOTER,37,LESIONADO,MUJER,CICLISTA
2021-08-18 10:37:44,-3.997057,-79.204878,Calle Mercadillo,CON_LESIONADOS,Atropellamiento,Inobservancia de senales,69,LESIONADO,HOMBRE,OTRO,72,LESIONADO,MUJER,CICLISTA,57,LESIONADO,HOMBRE,MOTOCICLETA
2021-02-24 21:28:01,-3.987123,-79.178061,Calle Montufar,CON_FALLECIDOS,Caida,Mal estado de la via,58,FALLECIDO,MUJER,VEH_LIVIANO,26,LESIONADO,HOMBRE,MOTOCICLETA,41,LESIONADO,HOMBRE,OTRO
2021-11-06 05:13:55,-4.022303,-79.179516,Calle Ramon Borrero,SOLO_DANOS,Volcamiento,Visibilidad reducida,,,,,,,,,,,,
2021-11-25 07:37:25,-4.022849,-79.221585,Calle Imbabura,SOLO_DANOS,Incendio,Estado de embriaguez,,,,,,,,,,,,
2021-05-02 13:17:51,-4.030760,-79.226255,Av. Reinaldo Espinosa,CON_FALLECIDOS,Colision Multiple,Fatiga del conductor,53,FALLECIDO,HOMBRE,OTRO,69,FALLECIDO,NO_REGISTRA,PEATON,9,LESIONADO,HOMBRE,PEATON
2021-08-20 21:40:21,-4.017427,-79.184311,Via Loja - Catamayo,CON_LESIONADOS,Choque Vehicular,Exceso de velocidad,37,LESIONADO,MUJER,SCOOTER,79,LESIONADO,MUJER,CICLISTA,69,LESIONADO,MUJER,MOTOCICLETA
2021-06-17 22:32:12,-3.981705,-79.187936,Av. 8 de Diciembre,CON_FALLECIDOS,Caida,Imprudencia del conductor,70,FALLECIDO,NO_REGISTRA,CICLISTA,34,LESIONADO,HOMBRE,MOTOCICLETA,,,,
2021-12-22 11:45:31,-3.978026,-79.210589,Via Loja - Catamayo,CON_LESIONADOS,Accidente Laboral,Exceso de velocidad,74,LESIONADO,MUJER,PEATON,39,LESIONADO,MUJER,MOTOCICLETA,,,,
2021-05-08 19:07:42,-4.018964,-79.171420,Calle 18 de Noviembre,SOLO_DANOS,Volcamiento,Exceso de velocidad,,,,,,,,,,,,
2021-10-13 20:42:39,-3.990700,-79.172802,Via Loja - Catamayo,CON_FALLECIDOS,Volcamiento,Imprudencia del conductor,85,FALLECIDO,MUJER,VEH_LIVIANO,,,,,,,,
2021-10-18 16:38:30,-4.006604,-79.228952,Av. Rosa Hermosa,CON_FALLECIDOS,Caida,Imprudencia del conductor,51,FALLECIDO,NO_REGISTRA,VEH_LIVIANO,40,LESIONADO,MUJER,OTRO,,,,
2021-09-06 20:24:14,-4.017127,-79.182117,Av. Cuxibamba,CON_FALLECIDOS,Choque Vehicular,Exceso de velocidad,76,FALLECIDO,MUJER,CICLISTA,58,LESIONADO,NO_REGISTRA,PEATON,15,LESIONADO,HOMBRE,OTRO
2021-10-21 15:24:27,-4.030899,-79.192393,Av. Manuel Agustin Aguirre,SOLO_DANOS,Atropellamiento,Exceso de velocidad,,,,,,,,,,,,
2021-03-06 19:36:54,-3.981151,-79.197677,Av. Universitaria,SOLO_DANOS,Incendio,Fatiga del conductor,,,,,,,,,,,,
2021-10-08 20:54:52,-3.984190,-79.197883,Av. Rosa Hermosa,CON_FALLECIDOS,Volcamiento,Mal estado de la via,31,FALLECIDO,NO_REGISTRA,OTRO,9,LESIONADO,HOMBRE,SCOOTER,48,LESIONADO,HOMBRE,PEATON
2021-03-19 17:35:01,-3.987266,-79.205649,Av. Universitaria,CON_FALLECIDOS,Caida,Estado de embriaguez,54,FALLECIDO,HOMBRE,MOTOCICLETA,48,LESIONADO,MUJER,OTRO,19,LESIONADO,HOMBRE,OTRO
2021-12-17 23:55:17,-4.001563,-79.185323,Calle Ramon Borrero,CON_FALLECIDOS,Choque Vehicular,Equipo de seguridad deficiente,59,FALLECIDO,NO_REGISTRA,VEH_LIVIANO,20,FALLECIDO,NO_REGISTRA,OTRO,,,,
2021-12-15 12:00:55,-3.980736,-79.193918,Calle Azogues,CON_LESIONADOS,Atropellamiento,Imprudencia del conductor,11,LESIONADO,MUJER,VEH_LIVIANO,,,,,,,,
2021-05-15 02:31:25,-3.984824,-79.203270,Ruta 35,CON_FALLECIDOS,Volcamiento,Visibilidad reducida,60,FALLECIDO,HOMBRE,PEATON,79,FALLECIDO,HOMBRE,CICLISTA,64,LESIONADO,MUJER,MOTOCICLETA
2021-04-07 06:22:56,-4.034206,-79.208041,Via Loja - Catamayo,SOLO_DANOS,Atropellamiento,Distraccion (celular/radio),,,,,,,,,,,,
2021-12-17 06:16:06,-4.029681,-79.202791,Av. 8 de Diciembre,CON_LESIONADOS,Choque Vehicular,Distraccion (celular/radio),24,LESIONADO,NO_REGISTRA,VEH_LIVIANO,59,LESIONADO,NO_REGISTRA,CICLISTA,23,LESIONADO,MUJER,PEATON
2021-03-08 01:56:15,-3.982979,-79.229745,Calle Quito,CON_LESIONADOS,Volcamiento,Exceso de velocidad,12,LESIONADO,NO_REGISTRA,VEH_LIVIANO,,,,,,,,
2021-01-20 00:31:01,-3.983879,-79.172328,Calle Mercadillo,CON_LESIONADOS,Incendio,Inobservancia de senales,49,LESIONADO,MUJER,MOTOCICLETA,26,LESIONADO,HOMBRE,OTRO,,,,
2021-02-04 18:41:41,-4.035100,-79.207390,Calle 18 de Noviembre,SOLO_DANOS,Accidente Laboral,Exceso de velocidad,,,,,,,,,,,,
2021-10-23 20:39:34,-4.019246,-79.201899,Calle Azogues,CON_FALLECIDOS,Accidente Laboral,Exceso de velocidad,77,FALLECIDO,HOMBRE,VEH_LIVIANO,54,LESIONADO,NO_REGISTRA,MOTOCICLETA,,,,
2021-04-20 06:32:01,-4.028785,-79.217328,Calle 10 de Agosto,CON_FALLECIDOS,Colision Multiple,Falla mecanica,65,FALLECIDO,HOMBRE,MOTOCICLETA,23,LESIONADO,HOMBRE,PEATON,,,,
2021-06-24 14:46:28,-3.980196,-79.214509,Av. Metropolitana,SOLO_DANOS,Colision Multiple,Distraccion (celular/radio),,,,,,,,,,,,
2021-05-13 08:10:04,-3.984501,-79.209628,Calle Colon,CON_LESIONADOS,Incendio,Fatiga del conductor,34,LESIONADO,MUJER,MOTOCICLETA,7,LESIONADO,NO_REGISTRA,MOTOCICLETA,,,,
2021-05-05 16:56:40,-3.990576,-79.215997,Calle Imbabura,SOLO_DANOS,Colision Multiple,Estado de embriaguez,,,,,,,,,,,,
2021-11-18 09:28:24,-4.016663,-79.213806,Calle Rocafuerte,SOLO_DANOS,Accidente Laboral,Inobservancia de senales,,,,,,,,,,,,
2021-07-25 05:28:05,-4.023365,-79.199559,Calle Miguel Riofrio,SOLO_DANOS,Incendio,Exceso de velocidad,,,,,,,,,,,,
2021-12-12 20:15:39,-3.997508,-79.171900,Calle Mercadillo,SOLO_DANOS,Choque Vehicular,Mal estado de la via,,,,,,,,,,,,
2021-06-19 01:39:49,-4.007790,-79.201290,Calle Rocafuerte,SOLO_DANOS,Accidente Laboral,Estado de embriaguez,,,,,,,,,,,,
2021-06-02 05:35:11,-4.002998,-79.194271,Calle Azogues,SOLO_DANOS,Accidente Laboral,Falla mecanica,,,,,,,,,,,,
2021-10-24 06:54:20,-3.991982,-79.223711,Av. Universitaria,CON_FALLECIDOS,Colision Multiple,Exceso de velocidad,44,FALLECIDO,MUJER,VEH_LIVIANO,,,,,,,,
2021-11-01 10:24:47,-3.979111,-79.225449,Calle Rocafuerte,CON_FALLECIDOS,Choque Vehicular,Distraccion (celular/radio),70,FALLECIDO,HOMBRE,CICLISTA,78,LESIONADO,MUJER,VEH_LIVIANO,,,,
2021-06-28 09:01:24,-4.009355,-79.226137,Calle 10 de Agosto,CON_FALLECIDOS,Atropellamiento,Equipo de seguridad deficiente,26,FALLECIDO,NO_REGISTRA,VEH_LIVIANO,,,,,,,,
2021-04-14 16:47:36,-4.006684,-79.208437,Av. Rosa Hermosa,SOLO_DANOS,Caida,Estado de embriaguez,,,,,,,,,,,,
2021-08-30 21:51:15,-4.009279,-79.200557,Via Loja - Zamora,CON_LESIONADOS,Choque Vehicular,Falla mecanica,78,LESIONADO,MUJER,CICLISTA,17,LESIONADO,MUJER,MOTOCICLETA,,,,
2021-06-21 21:28:57,-4.019453,-79.214939,Calle Colon,CON_LESIONADOS,Incendio,Imprudencia del conductor,15,LESIONADO,NO_REGISTRA,MOTOCICLETA,19,LESIONADO,MUJER,VEH_LIVIANO,,,,
2021-06-23 07:21:15,-4.016788,-79.218829,Av. Isidro Ayora,CON_FALLECIDOS,Incendio,Exceso de velocidad,40,FALLECIDO,HOMBRE,OTRO,42,FALLECIDO,MUJER,MOTOCICLETA,66,LESIONADO,HOMBRE,PEATON
2021-07-30 14:07:51,-4.005129,-79.215327,Av. Cuxibamba,CON_LESIONADOS,Accidente Laboral,Estado de embriaguez,16,LESIONADO,HOMBRE,VEH_LIVIANO,17,LESIONADO,NO_REGISTRA,MOTOCICLETA,,,,
2021-11-02 11:23:50,-3.983378,-79.171116,Av. Gran Colombia,SOLO_DANOS,Incendio,Fatiga del conductor,,,,,,,,,,,,
2021-10-29 23:21:55,-4.025650,-79.226004,Ruta 35,CON_FALLECIDOS,Incendio,Visibilidad reducida,33,FALLECIDO,HOMBRE,OTRO,65,FALLECIDO,NO_REGISTRA,OTRO,79,LESIONADO,MUJER,CICLISTA
2021-01-10 08:10:18,-3.982159,-79.184800,Via Loja - Zamora,CON_LESIONADOS,Colision Multiple,Factores externos,44,LESIONADO,HOMBRE,SCOOTER,30,LESIONADO,NO_REGISTRA,VEH_LIVIANO,63,LESIONADO,NO_REGISTRA,CICLISTA
2021-08-26 11:27:49,-4.002048,-79.205675,Av. Cuxibamba,CON_FALLECIDOS,Incendio,Distraccion (celular/radio),55,FALLECIDO,NO_REGISTRA,MOTOCICLETA,,,,,,,,
2021-04-08 07:11:09,-3.992684,-79.226797,Via Loja - Zamora,CON_FALLECIDOS,Colision Multiple,Exceso de velocidad,78,FALLECIDO,HOMBRE,SCOOTER,80,FALLECIDO,NO_REGISTRA,SCOOTER,,,,
2021-10-24 15:16:48,-4.021410,-79.179370,Calle Mercadillo,CON_FALLECIDOS,Atropellamiento,Equipo de seguridad deficiente,22,FALLECIDO,NO_REGISTRA,VEH_LIVIANO,,,,,,,,
2021-02-06 09:46:30,-4.028966,-79.189104,Via Loja - Zamora,CON_FALLECIDOS,Incendio,Fatiga del conductor,22,FALLECIDO,NO_REGISTRA,VEH_LIVIANO,61,FALLECIDO,HOMBRE,PEATON,17,LESIONADO,MUJER,OTRO
2021-01-26 02:01:57,-3.994632,-79.179560,Calle Bolivar,SOLO_DANOS,Atropellamiento,Inobservancia de senales,53,LESIONADO,MUJER,OTRO,,,,,,,,
2021-03-06 10:57:06,-4.020265,-79.206724,Calle Sucre,CON_FALLECIDOS,Colision Multiple,Imprudencia del conductor,78,FALLECIDO,MUJER,SCOOTER,64,FALLECIDO,NO_REGISTRA,VEH_LIVIANO,,,,
2021-06-25 14:56:14,-4.005189,-79.198870,Av. Rosa Hermosa,CON_LESIONADOS,Accidente Laboral,Equipo de seguridad deficiente,8,LESIONADO,MUJER,SCOOTER,,,,,,,,
2021-08-18 12:25:44,-3.982529,-79.211668,Calle Mercadillo,CON_LESIONADOS,Atropellamiento,Exceso de velocidad,51,LESIONADO,HOMBRE,VEH_LIVIANO,29,LESIONADO,NO_REGISTRA,MOTOCICLETA,73,LESIONADO,MUJER,OTRO
2021-02-25 22:57:38,-3.978099,-79.223390,Calle Montufar,CON_FALLECIDOS,Colision Multiple,Inobservancia de senales,79,FALLECIDO,HOMBRE,MOTOCICLETA,,,,,,,,
2021-12-30 14:22:19,-4.026041,-79.224898,Av. Metropolitana,SOLO_DANOS,Colision Multiple,Visibilidad reducida,,,,,,,,,,,,
2021-04-13 23:24:33,-3.983898,-79.199198,Via Loja - Catamayo,CON_FALLECIDOS,Atropellamiento,Estado de embriaguez,41,FALLECIDO,HOMBRE,PEATON,74,FALLECIDO,NO_REGISTRA,MOTOCICLETA,53,LESIONADO,MUJER,OTRO
2021-11-09 00:08:19,-4.035053,-79.228142,Av. Universitaria,CON_FALLECIDOS,Incendio,Exceso de velocidad,42,FALLECIDO,NO_REGISTRA,VEH_LIVIANO,75,FALLECIDO,HOMBRE,CICLISTA,,,,
2021-06-10 08:25:05,-4.008611,-79.183871,Calle Bolivar,CON_FALLECIDOS,Accidente Laboral,Estado de embriaguez,34,FALLECIDO,NO_REGISTRA,CICLISTA,39,LESIONADO,MUJER,MOTOCICLETA,,,,
2021-11-10 17:17:06,-3.999021,-79.172004,Calle 18 de Noviembre,SOLO_DANOS,Caida,Inobservancia de senales,,,,,,,,,,,,
2021-03-03 07:14:01,-3.997479,-79.189857,Calle Azogues,SOLO_DANOS,Volcamiento,Estado de embriaguez,,,,,,,,,,,,
2021-02-01 16:18:55,-4.010256,-79.171930,Calle Bolivar,CON_FALLECIDOS,Caida,Inobservancia de senales,47,FALLECIDO,NO_REGISTRA,MOTOCICLETA,30,FALLECIDO,MUJER,VEH_LIVIANO,5,LESIONADO,HOMBRE,OTRO
2021-04-28 00:24:18,-3.998841,-79.176167,Av. Reinaldo Espinosa,CON_FALLECIDOS,Atropellamiento,Exceso de velocidad,69,FALLECIDO,NO_REGISTRA,MOTOCICLETA,74,LESIONADO,NO_REGISTRA,PEATON,24,LESIONADO,HOMBRE,SCOOTER
2021-01-28 09:23:48,-3.985284,-79.183484,Calle Sucre,CON_LESIONADOS,Atropellamiento,Via resbaladiza o mojada,70,LESIONADO,NO_REGISTRA,OTRO,,,,,,,,
2021-06-27 20:02:34,-4.008425,-79.204276,Ruta 35,CON_FALLECIDOS,Choque Vehicular,Imprudencia del conductor,69,FALLECIDO,HOMBRE,SCOOTER,,,,,,,,
2021-01-05 16:15:54,-3.979142,-79.179411,Av. Manuel Agustin Aguirre,CON_FALLECIDOS,Choque Vehicular,Inobservancia de senales,42,FALLECIDO,NO_REGISTRA,MOTOCICLETA,73,LESIONADO,MUJER,PEATON,,,,
2021-06-27 09:49:14,-3.984320,-79.210677,Av. Universitaria,CON_LESIONADOS,Accidente Laboral,Mal estado de la via,77,LESIONADO,MUJER,OTRO,21,LESIONADO,MUJER,MOTOCICLETA,12,LESIONADO,MUJER,MOTOCICLETA
2021-12-27 07:36:56,-4.004628,-79.220197,Calle Ramon Borrero,CON_LESIONADOS,Accidente Laboral,Via resbaladiza o mojada,78,LESIONADO,MUJER,CICLISTA,79,LESIONADO,MUJER,SCOOTER,68,LESIONADO,HOMBRE,SCOOTER
2021-05-05 10:36:24,-3.986673,-79.184531,Av. Gran Colombia,CON_LESIONADOS,Caida,Factores externos,18,LESIONADO,MUJER,CICLISTA,8,LESIONADO,HOMBRE,MOTOCICLETA,,,,
2021-05-28 18:03:49,-3.977052,-79.199292,Av. Metropolitana,SOLO_DANOS,Volcamiento,Equipo de seguridad deficiente,,,,,,,,,,,,
2021-09-12 20:51:10,-4.017542,-79.183733,Calle Miguel Riofrio,CON_FALLECIDOS,Atropellamiento,Equipo de seguridad deficiente,59,FALLECIDO,NO_REGISTRA,CICLISTA,22,FALLECIDO,NO_REGISTRA,PEATON,38,LESIONADO,MUJER,MOTOCICLETA
2021-10-26 18:29:08,-3.998782,-79.198470,Calle 18 de Noviembre,CON_LESIONADOS,Accidente Laboral,Visibilidad reducida,62,LESIONADO,MUJER,VEH_LIVIANO,22,LESIONADO,MUJER,PEATON,,,,
2021-01-05 19:36:32,-3.995749,-79.225873,Calle Sucre,CON_FALLECIDOS,Caida,Distraccion (celular/radio),69,FALLECIDO,HOMBRE,SCOOTER,18,LESIONADO,MUJER,CICLISTA,16,LESIONADO,MUJER,OTRO
2021-03-16 04:11:47,-4.006335,-79.194416,Calle Azogues,SOLO_DANOS,Choque Vehicular,Fatiga del conductor,,,,,,,,,,,,
2021-06-26 13:42:18,-4.031260,-79.205295,Calle 18 de Noviembre,CON_LESIONADOS,Choque Vehicular,Inobservancia de senales,11,LESIONADO,HOMBRE,SCOOTER,76,LESIONADO,MUJER,PEATON,,,,
2021-06-18 22:32:11,-4.016130,-79.210609,Calle Ramon Borrero,CON_LESIONADOS,Accidente Laboral,Fatiga del conductor,38,LESIONADO,MUJER,SCOOTER,8,LESIONADO,HOMBRE,CICLISTA,,,,
2021-08-03 13:06:04,-4.035516,-79.215171,Av. Gran Colombia,CON_LESIONADOS,Caida,Equipo de seguridad deficiente,50,LESIONADO,MUJER,CICLISTA,80,LESIONADO,NO_REGISTRA,SCOOTER,71,LESIONADO,NO_REGISTRA,CICLISTA
2021-08-03 16:26:49,-4.006981,-79.225997,Calle Quito,SOLO_DANOS,Atropellamiento,Estado de embriaguez,,,,,,,,,,,,
2021-12-15 04:26:40,-3.986617,-79.221134,Av. Metropolitana,SOLO_DANOS,Incendio,Factores externos,68,LESIONADO,MUJER,SCOOTER,,,,,,,,
2021-05-09 01:06:08,-4.019077,-79.184548,Calle Azogues,CON_LESIONADOS,Colision Multiple,Falla mecanica,15,LESIONADO,HOMBRE,SCOOTER,76,LESIONADO,MUJER,PEATON,,,,
2021-07-24 14:41:04,-4.026551,-79.221364,Av. Orillas del Zamora,CON_LESIONADOS,Volcamiento,Equipo de seguridad deficiente,21,LESIONADO,HOMBRE,SCOOTER,,,,,,,,
2021-04-17 03:32:54,-4.009451,-79.225881,Calle 18 de Noviembre,CON_LESIONADOS,Choque Vehicular,Mal estado de la via,68,LESIONADO,NO_REGISTRA,PEATON,11,LESIONADO,NO_REGISTRA,SCOOTER,,,,
2021-09-29 00:07:35,-3.984981,-79.221942,Calle Imbabura,CON_LESIONADOS,Accidente Laboral,Factores externos,25,LESIONADO,NO_REGISTRA,VEH_LIVIANO,56,LESIONADO,NO_REGISTRA,VEH_LIVIANO,,,,
2021-12-28 04:43:59,-4.034218,-79.209470,Calle 18 de Noviembre,SOLO_DANOS,Incendio,Fatiga del conductor,72,LESIONADO,NO_REGISTRA,MOTOCICLETA,,,,,,,,
2021-09-02 04:25:42,-3.994916,-79.178364,Calle Bolivar,CON_LESIONADOS,Atropellamiento,Inobservancia de senales,64,LESIONADO,MUJER,OTRO,54,LESIONADO,HOMBRE,PEATON,,,,
2021-07-15 14:41:13,-3.993820,-79.220939,Av. Pio Jaramillo,CON_FALLECIDOS,Atropellamiento,Inobservancia de senales,60,FALLECIDO,HOMBRE,VEH_LIVIANO,39,FALLECIDO,NO_REGISTRA,CICLISTA,35,LESIONADO,NO_REGISTRA,MOTOCICLETA
2021-04-22 19:54:03,-3.994920,-79.208123,Av. Reinaldo Espinosa,CON_LESIONADOS,Choque Vehicular,Fatiga del conductor,33,LESIONADO,NO_REGISTRA,SCOOTER,53,LESIONADO,MUJER,VEH_LIVIANO,,,,
2021-03-13 04:56:33,-4.002492,-79.208743,Av. Reinaldo Espinosa,CON_LESIONADOS,Caida,Mal estado de la via,15,LESIONADO,MUJER,MOTOCICLETA,47,LESIONADO,HOMBRE,MOTOCICLETA,,,,
2021-07-03 16:15:58,-4.006770,-79.204723,Calle 18 de Noviembre,CON_FALLECIDOS,Caida,Falla mecanica,33,FALLECIDO,MUJER,MOTOCICLETA,34,LESIONADO,NO_REGISTRA,PEATON,38,LESIONADO,HOMBRE,OTRO
2021-08-16 10:40:56,-4.004535,-79.196359,Calle Miguel Riofrio,CON_LESIONADOS,Caida,Inobservancia de senales,33,LESIONADO,HOMBRE,PEATON,8,LESIONADO,HOMBRE,VEH_LIVIANO,,,,
2021-04-09 10:19:23,-3.987000,-79.171323,Calle Bolivar,CON_LESIONADOS,Accidente Laboral,Via resbaladiza o mojada,48,LESIONADO,NO_REGISTRA,PEATON,46,LESIONADO,MUJER,MOTOCICLETA,35,LESIONADO,HOMBRE,CICLISTA
2021-03-19 15:25:59,-3.989049,-79.202657,Calle Bolivar,CON_LESIONADOS,Incendio,Via resbaladiza o mojada,7,LESIONADO,NO_REGISTRA,MOTOCICLETA,68,LESIONADO,NO_REGISTRA,VEH_LIVIANO,,,,
2021-01-22 03:39:26,-3.995390,-79.184524,Av. Cuxibamba,SOLO_DANOS,Incendio,Equipo de seguridad deficiente,,,,,,,,,,,,
2021-12-08 02:42:15,-3.991896,-79.189762,Calle Saraguro,CON_FALLECIDOS,Accidente Laboral,Imprudencia del conductor,55,FALLECIDO,NO_REGISTRA,VEH_LIVIANO,24,FALLECIDO,HOMBRE,MOTOCICLETA,51,LESIONADO,NO_REGISTRA,CICLISTA
2021-02-10 20:16:44,-4.019956,-79.196841,Av. Manuel Agustin Aguirre,CON_LESIONADOS,Volcamiento,Imprudencia del conductor,61,LESIONADO,NO_REGISTRA,MOTOCICLETA,34,LESIONADO,MUJER,CICLISTA,,,,
2021-11-02 04:31:09,-4.005484,-79.207097,Calle Montufar,CON_FALLECIDOS,Atropellamiento,Exceso de velocidad,44,FALLECIDO,MUJER,CICLISTA,51,LESIONADO,MUJER,VEH_LIVIANO,74,LESIONADO,NO_REGISTRA,SCOOTER
2021-04-01 04:07:09,-3.995859,-79.194661,Av. Pio Jaramillo,CON_FALLECIDOS,Accidente Laboral,Inobservancia de senales,85,FALLECIDO,NO_REGISTRA,PEATON,73,LESIONADO,NO_REGISTRA,OTRO,49,LESIONADO,HOMBRE,VEH_LIVIANO
2021-06-10 12:41:02,-4.007574,-79.222615,Av. Metropolitana,SOLO_DANOS,Accidente Laboral,Equipo de seguridad deficiente,,,,,,,,,,,,
2021-07-31 09:00:06,-4.033026,-79.182007,Calle Montufar,CON_FALLECIDOS,Atropellamiento,Exceso de velocidad,76,FALLECIDO,MUJER,SCOOTER,31,LESIONADO,HOMBRE,CICLISTA,,,,
2021-02-05 14:11:32,-4.004057,-79.175595,Calle Quito,CON_FALLECIDOS,Volcamiento,Inobservancia de senales,40,FALLECIDO,HOMBRE,VEH_LIVIANO,23,LESIONADO,NO_REGISTRA,PEATON,7,LESIONADO,HOMBRE,CICLISTA
2021-03-26 09:54:22,-4.010844,-79.177146,Av. Pio Jaramillo,SOLO_DANOS,Incendio,Mal estado de la via,,,,,,,,,,,,
2021-09-13 02:23:58,-3.996630,-79.212963,Calle Saraguro,SOLO_DANOS,Choque Vehicular,Mal estado de la via,,,,,,,,,,,,
2021-08-23 16:27:38,-4.007811,-79.222454,Calle Ramon Borrero,CON_LESIONADOS,Caida,Factores externos,39,LESIONADO,MUJER,VEH_LIVIANO,80,LESIONADO,NO_REGISTRA,OTRO,,,,
2021-12-16 15:44:56,-4.020557,-79.196908,Via Loja - Catamayo,CON_LESIONADOS,Volcamiento,Exceso de velocidad,52,LESIONADO,HOMBRE,OTRO,,,,,,,,
2021-04-14 10:03:50,-4.031512,-79.219022,Av. Metropolitana,CON_LESIONADOS,Colision Multiple,Inobservancia de senales,10,LESIONADO,NO_REGISTRA,OTRO,17,LESIONADO,HOMBRE,MOTOCICLETA,75,LESIONADO,NO_REGISTRA,CICLISTA
2021-03-03 02:07:16,-4.032925,-79.198655,Calle Montufar,CON_LESIONADOS,Accidente Laboral,Imprudencia del conductor,44,LESIONADO,HOMBRE,CICLISTA,68,LESIONADO,NO_REGISTRA,PEATON,41,LESIONADO,MUJER,PEATON
2021-11-03 10:25:19,-3.993542,-79.204565,Calle Miguel Riofrio,SOLO_DANOS,Colision Multiple,Equipo de seguridad deficiente,,,,,,,,,,,,
2021-09-14 03:25:25,-4.030162,-79.173328,Calle 18 de Noviembre,CON_LESIONADOS,Caida,Inobservancia de senales,54,LESIONADO,MUJER,MOTOCICLETA,46,LESIONADO,NO_REGISTRA,SCOOTER,,,,
2021-08-29 15:56:30,-3.990625,-79.175467,Calle Rocafuerte,CON_FALLECIDOS,Accidente Laboral,Exceso de velocidad,28,FALLECIDO,NO_REGISTRA,OTRO,,,,,,,,
2021-03-15 06:05:28,-3.994194,-79.179658,Calle Quito,CON_FALLECIDOS,Choque Vehicular,Estado de embriaguez,73,FALLECIDO,NO_REGISTRA,MOTOCICLETA,,,,,,,,
2021-08-26 17:49:04,-4.009423,-79.173548,Av. Manuel Agustin Aguirre,CON_FALLECIDOS,Caida,Equipo de seguridad deficiente,67,FALLECIDO,HOMBRE,MOTOCICLETA,19,LESIONADO,NO_REGISTRA,CICLISTA,,,,
2021-01-17 22:15:33,-3.980948,-79.196680,Av. Universitaria,SOLO_DANOS,Atropellamiento,Falla mecanica,,,,,,,,,,,,
2021-03-02 13:14:12,-3.984129,-79.191232,Av. Manuel Agustin Aguirre,CON_FALLECIDOS,Atropellamiento,Factores externos,27,FALLECIDO,NO_REGISTRA,CICLISTA,66,FALLECIDO,NO_REGISTRA,CICLISTA,76,LESIONADO,HOMBRE,MOTOCICLETA
2021-09-05 00:05:03,-4.001007,-79.221412,Via Loja - Catamayo,CON_LESIONADOS,Volcamiento,Factores externos,69,LESIONADO,HOMBRE,SCOOTER,33,LESIONADO,MUJER,SCOOTER,58,LESIONADO,NO_REGISTRA,VEH_LIVIANO
2021-01-29 06:34:50,-3.990681,-79.222618,Av. Manuel Agustin Aguirre,SOLO_DANOS,Incendio,Factores externos,,,,,,,,,,,,
2021-06-18 20:36:40,-4.009339,-79.216059,Calle Miguel Riofrio,SOLO_DANOS,Volcamiento,Fatiga del conductor,59,LESIONADO,NO_REGISTRA,PEATON,,,,,,,,
2021-08-03 21:48:36,-3.998652,-79.229482,Calle Montufar,CON_FALLECIDOS,Incendio,Factores externos,55,FALLECIDO,MUJER,VEH_LIVIANO,9,LESIONADO,HOMBRE,SCOOTER,,,,
2021-06-08 20:17:45,-4.009552,-79.201293,Calle Quito,SOLO_DANOS,Colision Multiple,Visibilidad reducida,,,,,,,,,,,,
2021-07-14 20:48:06,-4.011287,-79.177175,Calle Montufar,CON_FALLECIDOS,Choque Vehicular,Mal estado de la via,59,FALLECIDO,NO_REGISTRA,CICLISTA,,,,,,,,