fecha_hora,latitud,longitud,via,grado_severidad,tipo_siniestro,causa_probable,victima1_edad,victima1_condicion,victima1_sexo,victima1_actor_vial,victima2_edad,victima2_condicion,victima2_sexo,victima2_actor_vial,victima3_edad,victima3_condicion,victima3_sexo,victima3_actor_vial
2021-05-11 11:22:58,-3.993318,-79.196283,Calle Mercadillo,CON_FALLECIDOS,Accidente Laboral,Falla mecanica,63,FALLECIDO,HOMBRE,CICLISTA,23,FALLECIDO,MUJER,OTRO,23,LESIONADO,NO_REGISTRA,PEATON
2021-07-27 13:10:07,-4.003742,-79.177012,Calle Mercadillo,CON_FALLECIDOS,Accidente Laboral,Equipo de seguridad deficiente,63,FALLECIDO,NO_REGISTRA,VEH_LIVIANO,82,FALLECIDO,MUJER,OTRO,,,,
2021-12-08 02:27:31,-4.028628,-79.230465,Calle Imbabura,CON_LESIONADOS,Volcamiento,Exceso de velocidad,27,LESIONADO,NO_REGISTRA,SCOOTER,58,LESIONADO,MUJER,OTRO,,,,
2021-01-24 20:33:12,-3.997685,-79.210842,Av. Rosa Hermosa,CON_FALLECIDOS,Atropellamiento,Exceso de velocidad,83,FALLECIDO,MUJER,MOTOCICLETA,66,FALLECIDO,MUJER,PEATON,61,LESIONADO,NO_REGISTRA,OTRO
2021-01-04 08:37:53,-4.022130,-79.204897,Calle Miguel Riofrio,CON_FALLECIDOS,Accidente Laboral,Imprudencia del conductor,64,FALLECIDO,MUJER,CICLISTA,32,FALLECIDO,HOMBRE,MOTOCICLETA,12,LESIONADO,NO_REGISTRA,PEATON
2021-06-11 18:48:01,-4.009983,-79.175472,Calle 10 de Agosto,CON_FALLECIDOS,Incendio,Falla mecanica,83,FALLECIDO,HOMBRE,MOTOCICLETA,69,FALLECIDO,HOMBRE,OTRO,49,LESIONADO,NO_REGISTRA,OTRO
2021-09-08 04:32:19,-3.997819,-79.179426,Calle Bolivar,SOLO_DANOS,Volcamiento,Via resbaladiza o mojada,,,,,,,,,,,,
2021-11-15 19:42:57,-4.008179,-79.174008,Av. Cuxibamba,CON_FALLECIDOS,Choque Vehicular,Inobservancia de senales,75,FALLECIDO,MUJER,CICLISTA,40,LESIONADO,NO_REGISTRA,OTRO,,,,
2021-02-21 00:49:33,-3.996186,-79.198135,Calle Saraguro,CON_FALLECIDOS,Incendio,Imprudencia del conductor,82,FALLECIDO,MUJER,OTRO,,,,,,,,
2021-05-19 12:30:19,-4.007820,-79.173003,Via Loja - Zamora,SOLO_DANOS,Atropellamiento,Estado de embriaguez,,,,,,,,,,,,
2021-08-16 20:42:05,-4.026993,-79.224220,Av. Orillas del Zamora,CON_FALLECIDOS,Atropellamiento,Fatiga del conductor,29,FALLECIDO,MUJER,OTRO,24,LESIONADO,MUJER,MOTOCICLETA,34,LESIONADO,MUJER,MOTOCICLETA
2021-01-10 14:38:14,-4.033088,-79.224119,Av. Orillas del Zamora,CON_LESIONADOS,Incendio,Falla mecanica,26,LESIONADO,NO_REGISTRA,SCOOTER,,,,,,,,
2021-10-03 14:19:10,-4.001277,-79.180430,Calle Ramon Borrero,CON_FALLECIDOS,Accidente Laboral,Distraccion (celular/radio),64,FALLECIDO,MUJER,OTRO,,,,,,,,
2021-05-14 09:22:29,-4.018218,-79.198328,Calle Saraguro,CON_LESIONADOS,Atropellamiento,Equipo de seguridad deficiente,48,LESIONADO,HOMBRE,VEH_LIVIANO,13,LESIONADO,MUJER,CICLISTA,28,LESIONADO,NO_REGISTRA,MOTOCICLETA
2021-12-24 13:47:16,-4.008494,-79.176950,Av. Pio Jaramillo,CON_LESIONADOS,Choque Vehicular,Inobservancia de senales,72,LESIONADO,HOMBRE,CICLISTA,,,,,,,,
2021-09-05 18:14:33,-4.025685,-79.188937,Av. Reinaldo Espinosa,SOLO_DANOS,Incendio,Falla mecanica,,,,,,,,,,,,
2021-05-21 17:24:33,-4.029623,-79.203963,Calle Bolivar,CON_FALLECIDOS,Accidente Laboral,Imprudencia del conductor,67,FALLECIDO,NO_REGISTRA,VEH_LIVIANO,,,,,,,,
2021-11-20 10:18:04,-4.023995,-79.214425,Calle Colon,CON_FALLECIDOS,Colision Multiple,Distraccion (celular/radio),71,FALLECIDO,NO_REGISTRA,CICLISTA,,,,,,,,
2021-09-19 00:09:59,-3.993738,-79.178131,Av. Gran Colombia,CON_LESIONADOS,Atropellamiento,Falla mecanica,34,LESIONADO,NO_REGISTRA,PEATON,,,,,,,,
2021-02-17 21:41:34,-4.026548,-79.189968,Calle Mercadillo,CON_LESIONADOS,Incendio,Visibilidad reducida,35,LESIONADO,NO_REGISTRA,SCOOTER,26,LESIONADO,HOMBRE,OTRO,,,,
2021-01-21 05:47:42,-4.035151,-79.195343,Av. Orillas del Zamora,CON_LESIONADOS,Atropellamiento,Visibilidad reducida,49,LESIONADO,HOMBRE,OTRO,,,,,,,,
2021-10-12 03:32:26,-4.012810,-79.207490,Calle Saraguro,CON_FALLECIDOS,Incendio,Estado de embriaguez,25,FALLECIDO,NO_REGISTRA,VEH_LIVIANO,69,FALLECIDO,MUJER,SCOOTER,14,LESIONADO,NO_REGISTRA,OTRO
2021-01-10 05:55:28,-4.009783,-79.195414,Av. 8 de Diciembre,CON_FALLECIDOS,Atropellamiento,Equipo de seguridad deficiente,59,FALLECIDO,NO_REGISTRA,CICLISTA,62,FALLECIDO,HOMBRE,VEH_LIVIANO,17,LESIONADO,MUJER,CICLISTA
2021-06-07 01:04:00,-4.011745,-79.223306,Calle Ramon Borrero,CON_FALLECIDOS,Colision Multiple,Falla mecanica,30,FALLECIDO,HOMBRE,CICLISTA,47,FALLECIDO,NO_REGISTRA,OTRO,56,LESIONADO,NO_REGISTRA,OTRO
2021-08-11 07:32:41,-3.984111,-79.212946,Calle Colon,SOLO_DANOS,Incendio,Imprudencia del conductor,,,,,,,,,,,,
2021-05-28 17:13:54,-3.995135,-79.210554,Calle Imbabura,CON_FALLECIDOS,Colision Multiple,Estado de embriaguez,26,FALLECIDO,MUJER,VEH_LIVIANO,79,FALLECIDO,NO_REGISTRA,MOTOCICLETA,16,LESIONADO,NO_REGISTRA,VEH_LIVIANO
2021-04-27 08:31:55,-4.030592,-79.171414,Av. Metropolitana,SOLO_DANOS,Choque Vehicular,Via resbaladiza o mojada,,,,,,,,,,,,
2021-11-24 17:20:04,-3.989228,-79.216120,Av. Gran Colombia,CON_LESIONADOS,Choque Vehicular,Via resbaladiza o mojada,25,LESIONADO,MUJER,CICLISTA,,,,,,,,
2021-06-16 16:31:50,-3.989262,-79.195018,Av. Rosa Hermosa,CON_LESIONADOS,Colision Multiple,Falla mecanica,24,LESIONADO,MUJER,VEH_LIVIANO,,,,,,,,
2021-04-19 06:20:35,-4.035074,-79.230171,Calle Imbabura,CON_LESIONADOS,Volcamiento,Via resbaladiza o mojada,72,LESIONADO,HOMBRE,CICLISTA,38,LESIONADO,NO_REGISTRA,SCOOTER,15,LESIONADO,HOMBRE,SCOOTER
2021-11-01 08:15:46,-4.007411,-79.191698,Av. Universitaria,CON_LESIONADOS,Caida,Mal estado de la via,29,LESIONADO,NO_REGISTRA,CICLISTA,,,,,,,,
2021-03-11 19:56:09,-3.999754,-79.219742,Calle Sucre,CON_LESIONADOS,Caida,Fatiga del conductor,42,LESIONADO,MUJER,PEATON,13,LESIONADO,MUJER,VEH_LIVIANO,,,,
2021-05-21 15:48:11,-4.028652,-79.199322,Calle 18 de Noviembre,CON_FALLECIDOS,Accidente Laboral,Falla mecanica,78,FALLECIDO,MUJER,VEH_LIVIANO,79,LESIONADO,HOMBRE,MOTOCICLETA,,,,
2021-07-15 13:03:05,-3.977356,-79.220904,Calle Bolivar,CON_LESIONADOS,Caida,Mal estado de la via,45,LESIONADO,HOMBRE,CICLISTA,64,LESIONADO,HOMBRE,OTRO,,,,
2021-05-10 20:01:49,-4.021638,-79.192461,Calle Sucre,CON_LESIONADOS,Incendio,Visibilidad reducida,10,LESIONADO,NO_REGISTRA,SCOOTER,50,LESIONADO,NO_REGISTRA,PEATON,,,,
2021-04-23 10:49:21,-4.028027,-79.199497,Av. Pio Jaramillo,SOLO_DANOS,Atropellamiento,Estado de embriaguez,,,,,,,,,,,,
2021-07-22 13:00:59,-4.004815,-79.211534,Av. Pio Jaramillo,CON_LESIONADOS,Volcamiento,Estado de embriaguez,62,LESIONADO,NO_REGISTRA,VEH_LIVIANO,75,LESIONADO,HOMBRE,PEATON,,,,
2021-03-21 16:09:21,-4.014535,-79.175420,Av. Reinaldo Espinosa,CON_LESIONADOS,Volcamiento,Distraccion (celular/radio),75,LESIONADO,NO_REGISTRA,SCOOTER,77,LESIONADO,HOMBRE,CICLISTA,,,,
2021-11-12 21:46:10,-3.981286,-79.183992,Calle Azogues,CON_LESIONADOS,Incendio,Mal estado de la via,57,LESIONADO,HOMBRE,SCOOTER,74,LESIONADO,NO_REGISTRA,OTRO,,,,
2021-12-08 04:45:24,-4.003618,-79.182924,Calle Saraguro,CON_LESIONADOS,Accidente Laboral,Factores externos,21,LESIONADO,HOMBRE,PEATON,,,,,,,,
2021-03-14 13:45:38,-4.005399,-79.229247,Via Loja - Zamora,CON_FALLECIDOS,Colision Multiple,Equipo de seguridad deficiente,64,FALLECIDO,HOMBRE,PEATON,,,,,,,,
2021-09-07 06:32:46,-4.000666,-79.203727,Via Loja - Zamora,CON_LESIONADOS,Volcamiento,Mal estado de la via,37,LESIONADO,HOMBRE,CICLISTA,21,LESIONADO,MUJER,MOTOCICLETA,55,LESIONADO,MUJER,OTRO
2021-10-21 17:44:40,-3.998074,-79.190294,Calle Sucre,CON_LESIONADOS,Incendio,Imprudencia del conductor,20,LESIONADO,MUJER,PEATON,27,LESIONADO,MUJER,CICLISTA,13,LESIONADO,HOMBRE,OTRO
2021-08-20 14:52:02,-3.981708,-79.230768,Calle Montufar,CON_LESIONADOS,Incendio,Imprudencia del conductor,6,LESIONADO,NO_REGISTRA,MOTOCICLETA,46,LESIONADO,NO_REGISTRA,OTRO,,,,
2021-09-21 18:36:38,-4.000671,-79.189822,Calle Imbabura,CON_LESIONADOS,Colision Multiple,Exceso de velocidad,56,LESIONADO,MUJER,CICLISTA,,,,,,,,
2021-08-07 22:06:35,-4.036666,-79.213370,Calle Colon,SOLO_DANOS,Choque Vehicular,Falla mecanica,,,,,,,,,,,,
2021-06-15 23:45:02,-4.000049,-79.178055,Av. Reinaldo Espinosa,CON_FALLECIDOS,Choque Vehicular,Exceso de velocidad,80,FALLECIDO,HOMBRE,PEATON,39,LESIONADO,MUJER,CICLISTA,50,LESIONADO,HOMBRE,SCOOTER
2021-05-28 13:53:50,-4.024730,-79.186547,Calle 10 de Agosto,SOLO_DANOS,Choque Vehicular,Falla mecanica,,,,,,,,,,,,
2021-11-09 15:48:49,-4.028427,-79.173257,Av. 8 de Diciembre,CON_LESIONADOS,Choque Vehicular,Equipo de seguridad deficiente,18,LESIONADO,NO_REGISTRA,VEH_LIVIANO,34,LESIONADO,HOMBRE,VEH_LIVIANO,69,LESIONADO,NO_REGISTRA,OTRO
2021-07-30 00:59:31,-4.020401,-79.197890,Av. Metropolitana,CON_LESIONADOS,Incendio,Fatiga del conductor,42,LESIONADO,MUJER,PEATON,,,,,,,,
2021-11-14 07:10:08,-4.030799,-79.225765,Av. Manuel Agustin Aguirre,CON_FALLECIDOS,Caida,Imprudencia del conductor,81,FALLECIDO,HOMBRE,SCOOTER,36,FALLECIDO,NO_REGISTRA,SCOOTER,46,LESIONADO,MUJER,CICLISTA
2021-02-16 17:37:34,-4.031911,-79.195359,Av. Pio Jaramillo,CON_FALLECIDOS,Choque Vehicular,Fatiga del conductor,75,FALLECIDO,MUJER,CICLISTA,51,FALLECIDO,MUJER,CICLISTA,56,LESIONADO,NO_REGISTRA,VEH_LIVIANO
2021-05-01 16:34:13,-3.979335,-79.192220,Calle Colon,CON_FALLECIDOS,Incendio,Estado de embriaguez,38,FALLECIDO,NO_REGISTRA,PEATON,48,FALLECIDO,HOMBRE,CICLISTA,,,,
2021-04-17 08:14:59,-4.023274,-79.193796,Av. Metropolitana,SOLO_DANOS,Choque Vehicular,Fatiga del conductor,,,,,,,,,,,,
2021-01-01 00:03:22,-4.030128,-79.173218,Av. Reinaldo Espinosa,SOLO_DANOS,Accidente Laboral,Imprudencia del conductor,,,,,,,,,,,,
2021-10-20 08:06:55,-4.026933,-79.188846,Ruta 35,SOLO_DANOS,Caida,Visibilidad reducida,,,,,,,,,,,,
2021-08-23 11:09:01,-3.992737,-79.217112,Calle Colon,CON_FALLECIDOS,Choque Vehicular,Distraccion (celular/radio),78,FALLECIDO,HOMBRE,PEATON,35,FALLECIDO,MUJER,CICLISTA,64,LESIONADO,NO_REGISTRA,SCOOTER
2021-07-26 10:27:55,-3.988663,-79.196728,Av. Isidro Ayora,SOLO_DANOS,Caida,Inobservancia de senales,54,LESIONADO,MUJER,SCOOTER,,,,,,,,
2021-10-28 00:50:20,-4.021516,-79.228722,Calle Rocafuerte,SOLO_DANOS,Incendio,Inobservancia de senales,44,LESIONADO,NO_REGISTRA,MOTOCICLETA,,,,,,,,
2021-10-20 09:50:16,-3.997328,-79.199768,Av. Gran Colombia,CON_FALLECIDOS,Caida,Estado de embriaguez,51,FALLECIDO,MUJER,VEH_LIVIANO,35,FALLECIDO,HOMBRE,OTRO,31,LESIONADO,HOMBRE,SCOOTER
2021-06-23 03:04:55,-4.000841,-79.172692,Av. Universitaria,CON_FALLECIDOS,Incendio,Exceso de velocidad,40,FALLECIDO,MUJER,MOTOCICLETA,37,LESIONADO,MUJER,CICLISTA,5,LESIONADO,NO_REGISTRA,VEH_LIVIANO
2021-08-16 17:37:00,-3.989798,-79.216169,Calle Ramon Borrero,CON_FALLECIDOS,Caida,Estado de embriaguez,27,FALLECIDO,MUJER,PEATON,43,FALLECIDO,NO_REGISTRA,MOTOCICLETA,26,LESIONADO,HOMBRE,MOTOCICLETA
2021-05-06 11:54:10,-4.010607,-79.218050,Av. 8 de Diciembre,SOLO_DANOS,Colision Multiple,Equipo de seguridad deficiente,,,,,,,,,,,,
2021-08-15 13:38:23,-4.008727,-79.200966,Calle 18 de Noviembre,SOLO_DANOS,Incendio,Visibilidad reducida,,,,,,,,,,,,
2021-08-12 10:56:37,-4.015390,-79.219053,Av. Gran Colombia,CON_FALLECIDOS,Colision Multiple,Estado de embriaguez,18,FALLECIDO,NO_REGISTRA,MOTOCICLETA,,,,,,,,
2021-06-30 13:09:52,-3.980685,-79.171090,Calle Quito,CON_LESIONADOS,Atropellamiento,Fatiga del conductor,63,LESIONADO,MUJER,PEATON,79,LESIONADO,NO_REGISTRA,OTRO,,,,
2021-03-31 15:30:52,-4.030384,-79.215747,Av. 8 de Diciembre,SOLO_DANOS,Atropellamiento,Distraccion (celular/radio),,,,,,,,,,,,
2021-07-22 05:20:19,-4.019644,-79.200017,Av. Universitaria,CON_FALLECIDOS,Incendio,Mal estado de la via,71,FALLECIDO,NO_REGISTRA,SCOOTER,60,FALLECIDO,NO_REGISTRA,MOTOCICLETA,67,LESIONADO,MUJER,SCOOTER
2021-01-27 21:48:23,-4.029331,-79.173775,Av. Metropolitana,SOLO_DANOS,Choque Vehicular,Equipo de seguridad deficiente,,,,,,,,,,,,
2021-02-25 11:17:16,-3.994152,-79.222227,Av. Metropolitana,SOLO_DANOS,Atropellamiento,Mal estado de la via,,,,,,,,,,,,
2021-07-14 20:16:58,-4.033524,-79.172824,Calle Azogues,CON_LESIONADOS,Volcamiento,Fatiga del conductor,65,LESIONADO,HOMBRE,CICLISTA,64,LESIONADO,HOMBRE,VEH_LIVIANO,51,LESIONADO,NO_REGISTRA,PEATON
2021-04-03 10:52:48,-4.010839,-79.219884,Av. Cuxibamba,CON_FALLECIDOS,Accidente Laboral,Estado de embriaguez,74,FALLECIDO,NO_REGISTRA,MOTOCICLETA,72,LESIONADO,NO_REGISTRA,VEH_LIVIANO,,,,
2021-08-23 08:40:40,-3.993023,-79.197093,Av. Rosa Hermosa,CON_FALLECIDOS,Volcamiento,Visibilidad reducida,65,FALLECIDO,MUJER,VEH_LIVIANO,,,,,,,,
2021-08-25 04:36:37,-4.014898,-79.194928,Calle Mercadillo,CON_LESIONADOS,Accidente Laboral,Imprudencia del conductor,76,LESIONADO,MUJER,SCOOTER,33,LESIONADO,HOMBRE,SCOOTER,,,,
2021-07-30 14:51:21,-4.005802,-79.178546,Calle Ramon Borrero,CON_LESIONADOS,Volcamiento,Exceso de velocidad,49,LESIONADO,HOMBRE,CICLISTA,62,LESIONADO,HOMBRE,VEH_LIVIANO,79,LESIONADO,NO_REGISTRA,OTRO
2021-01-06 11:14:12,-3.989700,-79.207579,Calle 10 de Agosto,CON_LESIONADOS,Colision Multiple,Factores externos,41,LESIONADO,HOMBRE,MOTOCICLETA,,,,,,,,
2021-11-11 05:18:01,-4.013445,-79.196170,Calle Colon,SOLO_DANOS,Choque Vehicular,Mal estado de la via,,,,,,,,,,,,
2021-06-11 16:20:40,-4.003028,-79.213091,Av. Isidro Ayora,CON_LESIONADOS,Incendio,Visibilidad reducida,42,LESIONADO,MUJER,VEH_LIVIANO,,,,,,,,
2021-06-22 14:20:25,-3.981361,-79.194953,Av. Metropolitana,CON_LESIONADOS,Accidente Laboral,Inobservancia de senales,59,LESIONADO,MUJER,OTRO,,,,,,,,
2021-02-27 11:14:49,-4.009658,-79.228673,Calle Mercadillo,SOLO_DANOS,Volcamiento,Factores externos,,,,,,,,,,,,
2021-07-09 21:03:53,-4.030484,-79.213705,Calle Quito,CON_FALLECIDOS,Accidente Laboral,Inobservancia de senales,56,FALLECIDO,MUJER,SCOOTER,83,FALLECIDO,HOMBRE,PEATON,36,LESIONADO,HOMBRE,CICLISTA
2021-12-14 05:40:14,-3.999535,-79.173222,Via Loja - Zamora,CON_LESIONADOS,Colision Multiple,Inobservancia de senales,28,LESIONADO,MUJER,PEATON,53,LESIONADO,MUJER,SCOOTER,,,,
2021-09-12 09:25:29,-3.998065,-79.212704,Calle Ramon Borrero,CON_LESIONADOS,Incendio,Factores externos,72,LESIONADO,NO_REGISTRA,OTRO,6,LESIONADO,MUJER,OTRO,11,LESIONADO,NO_REGISTRA,CICLISTA
2021-06-23 04:41:19,-4.026875,-79.183630,Av. Metropolitana,SOLO_DANOS,Colision Multiple,Factores externos,,,,,,,,,,,,
2021-08-31 12:07:45,-4.014646,-79.227013,Calle Ramon Borrero,CON_FALLECIDOS,Incendio,Equipo de seguridad deficiente,76,FALLECIDO,HOMBRE,OTRO,63,FALLECIDO,HOMBRE,PEATON,64,LESIONADO,NO_REGISTRA,CICLISTA
2021-04-05 01:36:12,-4.032194,-79.204079,Av. Reinaldo Espinosa,SOLO_DANOS,Caida,Exceso de velocidad,,,,,,,,,,,,
2021-02-01 04:18:06,-3.999969,-79.223580,Av. 8 de Diciembre,SOLO_DANOS,Choque Vehicular,Factores externos,,,,,,,,,,,,
2021-09-26 09:03:17,-3.985927,-79.183902,Calle Mercadillo,CON_FALLECIDOS,Incendio,Distraccion (celular/radio),67,FALLECIDO,HOMBRE,SCOOTER,,,,,,,,
2021-11-27 21:08:53,-4.022713,-79.216353,Calle Imbabura,SOLO_DANOS,Incendio,Via resbaladiza o mojada,,,,,,,,,,,,
2021-06-20 11:01:17,-3.991561,-79.179381,Calle Montufar,CON_LESIONADOS,Incendio,Fatiga del conductor,35,LESIONADO,HOMBRE,OTRO,76,LESIONADO,HOMBRE,VEH_LIVIANO,47,LESIONADO,NO_REGISTRA,MOTOCICLETA
2021-09-06 22:11:34,-4.010583,-79.172914,Calle Sucre,CON_FALLECIDOS,Incendio,Inobservancia de senales,47,FALLECIDO,NO_REGISTRA,PEATON,52,LESIONADO,HOMBRE,PEATON,50,LESIONADO,HOMBRE,MOTOCICLETA
2021-10-30 10:31:21,-3.979851,-79.201464,Calle Colon,SOLO_DANOS,Atropellamiento,Equipo de seguridad deficiente,,,,,,,,,,,,
2021-08-12 14:03:45,-4.003936,-79.225863,Calle Quito,SOLO_DANOS,Volcamiento,Equipo de seguridad deficiente,,,,,,,,,,,,
2021-05-17 03:19:19,-4.003151,-79.173834,Av. Isidro Ayora,CON_FALLECIDOS,Choque Vehicular,Falla mecanica,64,FALLECIDO,MUJER,MOTOCICLETA,,,,,,,,
2021-01-18 02:41:20,-4.006531,-79.223659,Calle Quito,SOLO_DANOS,Choque Vehicular,Exceso de velocidad,,,,,,,,,,,,
2021-12-14 04:31:33,-3.991982,-79.230823,Calle Azogues,CON_FALLECIDOS,Caida,Inobservancia de senales,66,FALLECIDO,MUJER,MOTOCICLETA,73,FALLECIDO,NO_REGISTRA,SCOOTER,51,LESIONADO,HOMBRE,OTRO
2021-04-05 11:14:24,-3.980684,-79.185242,Calle Azogues,SOLO_DANOS,Incendio,Factores externos,,,,,,,,,,,,
2021-07-13 07:00:52,-3.980225,-79.207392,Av. Rosa Hermosa,CON_FALLECIDOS,Incendio,Mal estado de la via,41,FALLECIDO,HOMBRE,SCOOTER,,,,,,,,
2021-07-13 13:40:43,-4.001885,-79.228651,Av. Metropolitana,SOLO_DANOS,Colision Multiple,Factores externos,,,,,,,,,,,,
2021-02-04 09:24:40,-4.012197,-79.210283,Calle 18 de Noviembre,CON_LESIONADOS,Choque Vehicular,Factores externos,49,LESIONADO,MUJER,MOTOCICLETA,32,LESIONADO,MUJER,SCOOTER,65,LESIONADO,MUJER,SCOOTER
2021-11-12 20:33:22,-4.028987,-79.226609,Av. Metropolitana,CON_LESIONADOS,Accidente Laboral,Fatiga del conductor,42,LESIONADO,HOMBRE,SCOOTER,,,,,,,,
2021-08-22 12:56:06,-4.012763,-79.197344,Calle Azogues,CON_FALLECIDOS,Caida,Equipo de seguridad deficiente,71,FALLECIDO,NO_REGISTRA,MOTOCICLETA,63,FALLECIDO,NO_REGISTRA,OTRO,8,LESIONADO,NO_REGISTRA,OTRO
2021-12-25 05:15:21,-4.025948,-79.230031,Av. 8 de Diciembre,CON_LESIONADOS,Volcamiento,Distraccion (celular/radio),22,LESIONADO,NO_REGISTRA,CICLISTA,53,LESIONADO,MUJER,OTRO,25,LESIONADO,NO_REGISTRA,OTRO
2021-01-12 23:56:53,-4.007228,-79.171602,Calle Sucre,SOLO_DANOS,Atropellamiento,Visibilidad reducida,,,,,,,,,,,,
2021-05-10 00:48:19,-3.991480,-79.218118,Av. 8 de Diciembre,CON_FALLECIDOS,Volcamiento,Mal estado de la via,51,FALLECIDO,NO_REGISTRA,VEH_LIVIANO,69,LESIONADO,MUJER,CICLISTA,,,,
2021-07-14 00:30:23,-4.012887,-79.186441,Calle Miguel Riofrio,CON_FALLECIDOS,Colision Multiple,Fatiga del conductor,84,FALLECIDO,NO_REGISTRA,CICLISTA,61,LESIONADO,NO_REGISTRA,VEH_LIVIANO,,,,
2021-08-02 06:14:58,-3.983162,-79.179149,Av. Manuel Agustin Aguirre,SOLO_DANOS,Atropellamiento,Estado de embriaguez,,,,,,,,,,,,
2021-05-03 17:10:17,-4.002681,-79.175720,Calle Sucre,CON_FALLECIDOS,Volcamiento,Falla mecanica,28,FALLECIDO,NO_REGISTRA,MOTOCICLETA,30,LESIONADO,NO_REGISTRA,CICLISTA,,,,
2021-08-13 11:51:56,-4.002516,-79.227944,Calle Imbabura,SOLO_DANOS,Volcamiento,Factores externos,,,,,,,,,,,,
2021-11-06 13:27:06,-3.998213,-79.178180,Calle Montufar,CON_LESIONADOS,Choque Vehicular,Via resbaladiza o mojada,55,LESIONADO,NO_REGISTRA,PEATON,,,,,,,,
2021-12-17 02:39:27,-3.991143,-79.189966,Via Loja - Catamayo,CON_FALLECIDOS,Incendio,Equipo de seguridad deficiente,74,FALLECIDO,HOMBRE,PEATON,47,LESIONADO,MUJER,PEATON,,,,
2021-09-17 12:28:34,-4.002983,-79.223114,Calle Imbabura,SOLO_DANOS,Atropellamiento,Equipo de seguridad deficiente,,,,,,,,,,,,
2021-02-03 19:20:28,-3.993206,-79.179720,Calle Mercadillo,CON_FALLECIDOS,Atropellamiento,Mal estado de la via,79,FALLECIDO,MUJER,PEATON,37,FALLECIDO,MUJER,PEATON,56,LESIONADO,HOMBRE,MOTOCICLETA
2021-04-04 03:20:22,-4.015790,-79.205268,Av. Pio Jaramillo,CON_LESIONADOS,Colision Multiple,Factores externos,73,LESIONADO,MUJER,VEH_LIVIANO,,,,,,,,
2021-09-09 06:16:17,-4.026799,-79.189724,Calle 18 de Noviembre,CON_LESIONADOS,Atropellamiento,Inobservancia de senales,68,LESIONADO,HOMBRE,OTRO,10,LESIONADO,NO_REGISTRA,SCOOTER,12,LESIONADO,MUJER,SCOOTER
2021-08-12 05:15:06,-4.036244,-79.227540,Calle Imbabura,CON_LESIONADOS,Incendio,Exceso de velocidad,32,LESIONADO,NO_REGISTRA,MOTOCICLETA,41,LESIONADO,HOMBRE,CICLISTA,,,,
2021-03-16 15:42:35,-3.982228,-79.196078,Calle Imbabura,SOLO_DANOS,Incendio,Inobservancia de senales,,,,,,,,,,,,
2021-11-07 13:04:17,-4.021291,-79.186119,Av. Rosa Hermosa,CON_FALLECIDOS,Choque Vehicular,Exceso de velocidad,75,FALLECIDO,NO_REGISTRA,CICLISTA,58,FALLECIDO,MUJER,CICLISTA,,,,
2021-06-03 14:39:29,-4.005244,-79.219939,Av. Gran Colombia,CON_FALLECIDOS,Incendio,Factores externos,51,FALLECIDO,HOMBRE,PEATON,38,FALLECIDO,HOMBRE,OTRO,77,LESIONADO,MUJER,SCOOTER
2021-02-04 11:45:35,-4.015852,-79.179863,Calle Montufar,CON_LESIONADOS,Accidente Laboral,Imprudencia del conductor,30,LESIONADO,NO_REGISTRA,CICLISTA,39,LESIONADO,MUJER,MOTOCICLETA,,,,
2021-02-13 12:31:43,-4.015692,-79.203336,Av. Metropolitana,CON_LESIONADOS,Caida,Equipo de seguridad deficiente,64,LESIONADO,MUJER,CICLISTA,56,LESIONADO,MUJER,OTRO,63,LESIONADO,NO_REGISTRA,OTRO
2021-12-19 03:12:39,-4.014634,-79.213433,Av. Rosa Hermosa,CON_LESIONADOS,Volcamiento,Equipo de seguridad deficiente,51,LESIONADO,MUJER,OTRO,29,LESIONADO,MUJER,MOTOCICLETA,,,,
2021-01-10 11:02:20,-3.996898,-79.190395,Calle Rocafuerte,SOLO_DANOS,Incendio,Inobservancia de senales,,,,,,,,,,,,
2021-08-01 13:51:44,-4.016955,-79.217996,Calle Imbabura,CON_FALLECIDOS,Colision Multiple,Falla mecanica,32,FALLECIDO,NO_REGISTRA,CICLISTA,77,LESIONADO,HOMBRE,SCOOTER,18,LESIONADO,MUJER,SCOOTER
2021-12-10 04:01:45,-4.001742,-79.177918,Av. Cuxibamba,CON_LESIONADOS,Choque Vehicular,Mal estado de la via,36,LESIONADO,MUJER,SCOOTER,,,,,,,,
2021-05-07 19:18:24,-3.995805,-79.171232,Calle Azogues,CON_LESIONADOS,Caida,Via resbaladiza o mojada,58,LESIONADO,MUJER,MOTOCICLETA,74,LESIONADO,MUJER,VEH_LIVIANO,,,,
2021-07-17 12:43:35,-4.029973,-79.226778,Av. Rosa Hermosa,CON_LESIONADOS,Incendio,Equipo de seguridad deficiente,59,LESIONADO,NO_REGISTRA,PEATON,58,LESIONADO,MUJER,OTRO,,,,
2021-02-07 11:11:15,-4.030743,-79.203953,Av. Metropolitana,CON_LESIONADOS,Volcamiento,Equipo de seguridad deficiente,77,LESIONADO,HOMBRE,CICLISTA,42,LESIONADO,HOMBRE,CICLISTA,79,LESIONADO,NO_REGISTRA,OTRO
2021-02-01 19:08:05,-4.026485,-79.201234,Ruta 35,SOLO_DANOS,Accidente Laboral,Equipo de seguridad deficiente,,,,,,,,,,,,