fecha_hora,latitud,longitud,via,grado_severidad,tipo_siniestro,causa_probable,victima1_edad,victima1_condicion,victima1_sexo,victima1_actor_vial,victima2_edad,victima2_condicion,victima2_sexo,victima2_actor_vial,victima3_edad,victima3_condicion,victima3_sexo,victima3_actor_vial
2021-08-25 14:13:28,-3.984213,-79.230281,Av. Universitaria,SOLO_DANOS,Choque Vehicular,Equipo de seguridad deficiente,,,,,,,,,,,,
2021-07-22 03:41:36,-3.977182,-79.190628,Av. Reinaldo Espinosa,CON_LESIONADOS,Colision Multiple,Inobservancia de senales,55,LESIONADO,NO_REGISTRA,SCOOTER,,,,,,,,
2021-06-29 19:08:29,-4.011145,-79.207521,Via Loja - Zamora,SOLO_DANOS,Colision Multiple,Exceso de velocidad,,,,,,,,,,,,
2021-08-27 08:09:38,-3.990798,-79.218094,Calle Azogues,SOLO_DANOS,Choque Vehicular,Mal estado de la via,,,,,,,,,,,,
2021-04-10 20:08:39,-3.984160,-79.212713,Via Loja - Catamayo,CON_LESIONADOS,Colision Multiple,Inobservancia de senales,54,LESIONADO,NO_REGISTRA,SCOOTER,53,LESIONADO,NO_REGISTRA,OTRO,48,LESIONADO,HOMBRE,SCOOTER
2021-05-02 00:10:55,-3.997525,-79.221247,Calle Saraguro,CON_LESIONADOS,Volcamiento,Exceso de velocidad,67,LESIONADO,HOMBRE,VEH_LIVIANO,,,,,,,,
2021-08-03 23:33:53,-3.981032,-79.214913,Av. Orillas del Zamora,CON_FALLECIDOS,Atropellamiento,Estado de embriaguez,83,FALLECIDO,NO_REGISTRA,VEH_LIVIANO,71,FALLECIDO,NO_REGISTRA,PEATON,,,,
2021-11-07 06:15:21,-3.988298,-79.207184,Calle Miguel Riofrio,CON_FALLECIDOS,Choque Vehicular,Distraccion (celular/radio),29,FALLECIDO,HOMBRE,VEH_LIVIANO,72,FALLECIDO,MUJER,OTRO,74,LESIONADO,MUJER,CICLISTA
2021-07-22 19:49:49,-3.979144,-79.219835,Calle Miguel Riofrio,CON_FALLECIDOS,Choque Vehicular,Estado de embriaguez,21,FALLECIDO,NO_REGISTRA,MOTOCICLETA,52,FALLECIDO,MUJER,VEH_LIVIANO,,,,
2021-04-22 00:42:52,-4.023937,-79.210612,Av. 8 de Diciembre,CON_LESIONADOS,Atropellamiento,Distraccion (celular/radio),76,LESIONADO,MUJER,SCOOTER,34,LESIONADO,NO_REGISTRA,CICLISTA,,,,
2021-03-08 21:00:50,-4.010119,-79.198627,Calle Imbabura,SOLO_DANOS,Choque Vehicular,Mal estado de la via,,,,,,,,,,,,
2021-08-02 22:37:09,-3.978761,-79.194755,Av. Pio Jaramillo,SOLO_DANOS,Colision Multiple,Mal estado de la via,,,,,,,,,,,,
2021-08-12 16:36:24,-4.022863,-79.184909,Calle Montufar,SOLO_DANOS,Accidente Laboral,Factores externos,,,,,,,,,,,,
2021-12-15 00:57:46,-4.022930,-79.177906,Calle Bolivar,CON_FALLECIDOS,Colision Multiple,Distraccion (celular/radio),26,FALLECIDO,NO_REGISTRA,VEH_LIVIANO,20,FALLECIDO,NO_REGISTRA,CICLISTA,,,,
2021-06-05 05:55:18,-4.009364,-79.199505,Av. Gran Colombia,CON_FALLECIDOS,Volcamiento,Distraccion (celular/radio),35,FALLECIDO,NO_REGISTRA,PEATON,22,FALLECIDO,HOMBRE,VEH_LIVIANO,57,LESIONADO,NO_REGISTRA,SCOOTER
2021-12-12 02:34:20,-4.007066,-79.177405,Via Loja - Zamora,CON_LESIONADOS,Accidente Laboral,Exceso de velocidad,30,LESIONADO,MUJER,SCOOTER,45,LESIONADO,MUJER,VEH_LIVIANO,19,LESIONADO,HOMBRE,PEATON
2021-07-20 13:14:12,-4.036941,-79.222026,Av. Cuxibamba,CON_FALLECIDOS,Incendio,Visibilidad reducida,47,FALLECIDO,HOMBRE,VEH_LIVIANO,57,FALLECIDO,NO_REGISTRA,PEATON,64,LESIONADO,HOMBRE,PEATON
2021-02-05 15:55:01,-3.995316,-79.214832,Calle Ramon Borrero,CON_LESIONADOS,Atropellamiento,Equipo de seguridad deficiente,12,LESIONADO,MUJER,VEH_LIVIANO,45,LESIONADO,HOMBRE,VEH_LIVIANO,,,,
2021-01-08 00:18:53,-4.024091,-79.230774,Av. Universitaria,CON_LESIONADOS,Volcamiento,Distraccion (celular/radio),7,LESIONADO,MUJER,SCOOTER,,,,,,,,
2021-08-09 14:01:25,-4.008971,-79.197010,Via Loja - Catamayo,CON_FALLECIDOS,Colision Multiple,Falla mecanica,59,FALLECIDO,NO_REGISTRA,SCOOTER,11,LESIONADO,MUJER,VEH_LIVIANO,,,,
2021-07-30 22:47:08,-4.011221,-79.196835,Calle Mercadillo,CON_FALLECIDOS,Atropellamiento,Equipo de seguridad deficiente,65,FALLECIDO,MUJER,PEATON,30,FALLECIDO,MUJER,CICLISTA,80,LESIONADO,NO_REGISTRA,CICLISTA
2021-11-08 23:02:21,-4.000251,-79.184331,Via Loja - Zamora,CON_LESIONADOS,Accidente Laboral,Exceso de velocidad,57,LESIONADO,MUJER,MOTOCICLETA,41,LESIONADO,NO_REGISTRA,PEATON,,,,
2021-10-30 09:29:26,-4.015267,-79.230018,Calle Imbabura,CON_LESIONADOS,Colision Multiple,Equipo de seguridad deficiente,13,LESIONADO,MUJER,PEATON,8,LESIONADO,MUJER,OTRO,56,LESIONADO,NO_REGISTRA,CICLISTA
2021-03-08 17:15:40,-4.003684,-79.208346,Calle Quito,CON_FALLECIDOS,Choque Vehicular,Factores externos,47,FALLECIDO,NO_REGISTRA,OTRO,55,FALLECIDO,MUJER,OTRO,,,,
2021-09-21 11:41:07,-3.978998,-79.209113,Calle 10 de Agosto,SOLO_DANOS,Volcamiento,Inobservancia de senales,,,,,,,,,,,,
2021-03-04 01:00:34,-4.013920,-79.191393,Ruta 35,SOLO_DANOS,Choque Vehicular,Fatiga del conductor,,,,,,,,,,,,
2021-04-14 22:30:39,-4.002316,-79.218070,Calle Bolivar,CON_FALLECIDOS,Choque Vehicular,Fatiga del conductor,61,FALLECIDO,NO_REGISTRA,MOTOCICLETA,50,FALLECIDO,HOMBRE,CICLISTA,59,LESIONADO,HOMBRE,OTRO
2021-09-08 09:57:12,-4.000618,-79.218707,Calle Quito,CON_LESIONADOS,Atropellamiento,Distraccion (celular/radio),66,LESIONADO,HOMBRE,PEATON,72,LESIONADO,MUJER,CICLISTA,57,LESIONADO,HOMBRE,OTRO
2021-05-15 05:17:31,-3.977431,-79.190760,Av. Rosa Hermosa,SOLO_DANOS,Incendio,Falla mecanica,,,,,,,,,,,,
2021-09-23 17:20:31,-4.017728,-79.177871,Av. Gran Colombia,CON_LESIONADOS,Volcamiento,Via resbaladiza o mojada,18,LESIONADO,MUJER,OTRO,76,LESIONADO,MUJER,MOTOCICLETA,24,LESIONADO,HOMBRE,CICLISTA
2021-08-01 09:52:49,-3.985541,-79.179369,Ruta 35,CON_LESIONADOS,Caida,Exceso de velocidad,31,LESIONADO,NO_REGISTRA,OTRO,33,LESIONADO,MUJER,SCOOTER,,,,
2021-07-19 22:13:22,-3.996035,-79.227558,Av. 8 de Diciembre,SOLO_DANOS,Volcamiento,Fatiga del conductor,,,,,,,,,,,,
2021-01-30 16:49:27,-3.985380,-79.219053,Av. Manuel Agustin Aguirre,CON_FALLECIDOS,Incendio,Fatiga del conductor,47,FALLECIDO,HOMBRE,SCOOTER,83,FALLECIDO,MUJER,MOTOCICLETA,65,LESIONADO,MUJER,SCOOTER
2021-08-27 22:12:48,-3.993619,-79.186021,Calle Quito,SOLO_DANOS,Colision Multiple,Via resbaladiza o mojada,,,,,,,,,,,,
2021-01-23 17:17:10,-3.993507,-79.202480,Calle Saraguro,CON_LESIONADOS,Colision Multiple,Falla mecanica,69,LESIONADO,MUJER,SCOOTER,54,LESIONADO,HOMBRE,SCOOTER,18,LESIONADO,MUJER,OTRO
2021-08-05 12:21:36,-3.996459,-79.203346,Calle Azogues,CON_FALLECIDOS,Atropellamiento,Via resbaladiza o mojada,28,FALLECIDO,MUJER,SCOOTER,42,FALLECIDO,MUJER,PEATON,22,LESIONADO,NO_REGISTRA,PEATON
2021-02-14 17:26:18,-3.992531,-79.187568,Calle Saraguro,CON_LESIONADOS,Colision Multiple,Imprudencia del conductor,20,LESIONADO,MUJER,CICLISTA,,,,,,,,
2021-08-14 23:11:22,-3.979933,-79.226394,Calle Quito,CON_FALLECIDOS,Atropellamiento,Falla mecanica,69,FALLECIDO,HOMBRE,VEH_LIVIANO,,,,,,,,
2021-04-25 14:49:39,-3.984125,-79.178422,Calle Saraguro,CON_FALLECIDOS,Colision Multiple,Falla mecanica,26,FALLECIDO,HOMBRE,PEATON,65,LESIONADO,HOMBRE,MOTOCICLETA,80,LESIONADO,MUJER,MOTOCICLETA
2021-05-16 07:49:06,-4.028741,-79.185742,Av. Rosa Hermosa,CON_FALLECIDOS,Choque Vehicular,Equipo de seguridad deficiente,84,FALLECIDO,MUJER,VEH_LIVIANO,,,,,,,,
2021-08-23 12:38:17,-4.009524,-79.206071,Calle Azogues,CON_FALLECIDOS,Incendio,Exceso de velocidad,55,FALLECIDO,NO_REGISTRA,OTRO,35,FALLECIDO,HOMBRE,VEH_LIVIANO,15,LESIONADO,NO_REGISTRA,SCOOTER
2021-07-13 01:53:15,-4.017066,-79.172519,Calle Montufar,CON_LESIONADOS,Incendio,Equipo de seguridad deficiente,39,LESIONADO,MUJER,PEATON,74,LESIONADO,HOMBRE,VEH_LIVIANO,,,,
2021-10-18 12:02:09,-4.008217,-79.215801,Av. Isidro Ayora,SOLO_DANOS,Volcamiento,Mal estado de la via,,,,,,,,,,,,
2021-09-30 08:49:13,-4.020364,-79.177088,Av. Orillas del Zamora,SOLO_DANOS,Accidente Laboral,Exceso de velocidad,,,,,,,,,,,,
2021-09-06 09:19:27,-3.979100,-79.191326,Av. Metropolitana,SOLO_DANOS,Caida,Inobservancia de senales,,,,,,,,,,,,
2021-10-01 04:09:47,-3.978290,-79.174316,Via Loja - Zamora,CON_LESIONADOS,Atropellamiento,Factores externos,17,LESIONADO,MUJER,PEATON,,,,,,,,
2021-04-14 09:43:03,-4.003262,-79.229975,Calle 10 de Agosto,SOLO_DANOS,Volcamiento,Mal estado de la via,79,LESIONADO,MUJER,OTRO,,,,,,,,
2021-04-12 10:41:35,-4.018082,-79.225436,Calle 10 de Agosto,SOLO_DANOS,Accidente Laboral,Imprudencia del conductor,,,,,,,,,,,,
2021-07-29 19:15:12,-4.016573,-79.177690,Av. 8 de Diciembre,SOLO_DANOS,Accidente Laboral,Via resbaladiza o mojada,,,,,,,,,,,,
2021-05-15 20:36:15,-3.984838,-79.179806,Av. Universitaria,CON_LESIONADOS,Accidente Laboral,Exceso de velocidad,51,LESIONADO,NO_REGISTRA,OTRO,,,,,,,,
2021-04-24 02:48:27,-3.990688,-79.181502,Calle 10 de Agosto,CON_FALLECIDOS,Atropellamiento,Falla mecanica,53,FALLECIDO,HOMBRE,VEH_LIVIANO,61,FALLECIDO,NO_REGISTRA,CICLISTA,,,,
2021-12-22 21:47:39,-4.025785,-79.207442,Av. Isidro Ayora,CON_FALLECIDOS,Incendio,Fatiga del conductor,62,FALLECIDO,HOMBRE,MOTOCICLETA,68,LESIONADO,MUJER,CICLISTA,10,LESIONADO,HOMBRE,CICLISTA
2021-11-17 03:56:47,-4.021509,-79.228972,Calle Bolivar,SOLO_DANOS,Caida,Falla mecanica,,,,,,,,,,,,
2021-04-27 02:54:13,-4.008409,-79.217724,Av. Rosa Hermosa,SOLO_DANOS,Volcamiento,Inobservancia de senales,,,,,,,,,,,,
2021-11-04 06:11:32,-4.031812,-79.209856,Calle Ramon Borrero,SOLO_DANOS,Caida,Imprudencia del conductor,,,,,,,,,,,,
2021-05-31 09:43:24,-4.013282,-79.199174,Av. 8 de Diciembre,CON_LESIONADOS,Choque Vehicular,Exceso de velocidad,76,LESIONADO,HOMBRE,OTRO,74,LESIONADO,HOMBRE,OTRO,19,LESIONADO,HOMBRE,OTRO
2021-09-05 08:24:09,-4.002772,-79.179815,Av. Isidro Ayora,CON_LESIONADOS,Volcamiento,Mal estado de la via,46,LESIONADO,HOMBRE,VEH_LIVIANO,66,LESIONADO,HOMBRE,VEH_LIVIANO,51,LESIONADO,NO_REGISTRA,OTRO
2021-07-14 22:42:37,-3.978533,-79.212982,Calle Quito,CON_LESIONADOS,Choque Vehicular,Falla mecanica,72,LESIONADO,NO_REGISTRA,VEH_LIVIANO,37,LESIONADO,MUJER,MOTOCICLETA,,,,
2021-02-27 10:57:34,-3.989292,-79.188666,Av. Reinaldo Espinosa,CON_FALLECIDOS,Caida,Falla mecanica,30,FALLECIDO,MUJER,SCOOTER,30,FALLECIDO,NO_REGISTRA,SCOOTER,71,LESIONADO,NO_REGISTRA,OTRO
2021-11-03 00:52:48,-3.997373,-79.223218,Calle Saraguro,SOLO_DANOS,Choque Vehicular,Factores externos,,,,,,,,,,,,
2021-06-25 18:20:31,-4.001392,-79.210016,Av. Gran Colombia,CON_FALLECIDOS,Incendio,Visibilidad reducida,42,FALLECIDO,NO_REGISTRA,PEATON,46,FALLECIDO,MUJER,PEATON,63,LESIONADO,MUJER,OTRO
2021-09-06 16:46:08,-4.008689,-79.212317,Calle Colon,CON_FALLECIDOS,Colision Multiple,Inobservancia de senales,46,FALLECIDO,NO_REGISTRA,MOTOCICLETA,,,,,,,,
2021-07-16 07:58:42,-3.998791,-79.177079,Av. Cuxibamba,CON_FALLECIDOS,Choque Vehicular,Inobservancia de senales,50,FALLECIDO,HOMBRE,PEATON,24,FALLECIDO,HOMBRE,SCOOTER,57,LESIONADO,HOMBRE,VEH_LIVIANO
2021-04-16 01:10:04,-3.999755,-79.219102,Calle Colon,CON_FALLECIDOS,Caida,Inobservancia de senales,48,FALLECIDO,HOMBRE,OTRO,30,LESIONADO,NO_REGISTRA,VEH_LIVIANO,,,,
2021-08-01 07:42:14,-4.008527,-79.182627,Av. Rosa Hermosa,CON_LESIONADOS,Incendio,Visibilidad reducida,21,LESIONADO,NO_REGISTRA,SCOOTER,56,LESIONADO,HOMBRE,MOTOCICLETA,,,,
2021-12-19 05:19:48,-4.000672,-79.218787,Calle Bolivar,SOLO_DANOS,Atropellamiento,Falla mecanica,,,,,,,,,,,,
2021-12-15 14:50:05,-4.014422,-79.189982,Av. Orillas del Zamora,CON_LESIONADOS,Atropellamiento,Imprudencia del conductor,12,LESIONADO,MUJER,PEATON,,,,,,,,
2021-04-15 01:45:04,-4.001453,-79.189802,Calle Quito,SOLO_DANOS,Volcamiento,Mal estado de la via,,,,,,,,,,,,
2021-04-27 07:24:04,-4.012179,-79.192161,Calle Rocafuerte,SOLO_DANOS,Caida,Fatiga del conductor,43,LESIONADO,NO_REGISTRA,PEATON,,,,,,,,
2021-02-19 21:51:29,-4.017806,-79.189928,Calle Rocafuerte,CON_FALLECIDOS,Colision Multiple,Inobservancia de senales,79,FALLECIDO,HOMBRE,MOTOCICLETA,,,,,,,,
2021-07-08 01:19:57,-3.988066,-79.208360,Av. Metropolitana,CON_FALLECIDOS,Colision Multiple,Falla mecanica,25,FALLECIDO,HOMBRE,PEATON,,,,,,,,
2021-06-07 03:11:21,-4.016528,-79.208090,Av. Manuel Agustin Aguirre,CON_LESIONADOS,Colision Multiple,Via resbaladiza o mojada,36,LESIONADO,MUJER,PEATON,64,LESIONADO,NO_REGISTRA,CICLISTA,,,,
2021-12-09 18:01:09,-4.035439,-79.230112,Av. Reinaldo Espinosa,CON_FALLECIDOS,Volcamiento,Fatiga del conductor,74,FALLECIDO,HOMBRE,PEATON,72,FALLECIDO,HOMBRE,MOTOCICLETA,,,,
2021-10-17 13:50:37,-3.991680,-79.202406,Calle Sucre,SOLO_DANOS,Caida,Estado de embriaguez,,,,,,,,,,,,
2021-09-30 00:30:40,-4.019660,-79.194569,Av. Orillas del Zamora,SOLO_DANOS,Accidente Laboral,Equipo de seguridad deficiente,,,,,,,,,,,,
2021-10-21 09:23:46,-4.034850,-79.212311,Av. 8 de Diciembre,CON_FALLECIDOS,Volcamiento,Mal estado de la via,39,FALLECIDO,MUJER,CICLISTA,43,FALLECIDO,NO_REGISTRA,CICLISTA,9,LESIONADO,MUJER,OTRO
2021-03-07 04:10:20,-4.028111,-79.175273,Av. Manuel Agustin Aguirre,CON_LESIONADOS,Colision Multiple,Estado de embriaguez,19,LESIONADO,MUJER,MOTOCICLETA,,,,,,,,
2021-12-05 16:27:41,-4.012172,-79.217837,Av. Rosa Hermosa,CON_FALLECIDOS,Atropellamiento,Exceso de velocidad,35,FALLECIDO,NO_REGISTRA,MOTOCICLETA,65,FALLECIDO,NO_REGISTRA,MOTOCICLETA,,,,
2021-01-06 21:54:15,-3.999145,-79.201648,Av. Universitaria,CON_LESIONADOS,Atropellamiento,Falla mecanica,20,LESIONADO,MUJER,VEH_LIVIANO,6,LESIONADO,MUJER,PEATON,60,LESIONADO,MUJER,VEH_LIVIANO
2021-03-07 18:13:51,-3.999559,-79.192996,Calle Imbabura,CON_LESIONADOS,Volcamiento,Fatiga del conductor,9,LESIONADO,NO_REGISTRA,PEATON,80,LESIONADO,MUJER,PEATON,60,LESIONADO,NO_REGISTRA,CICLISTA
2021-05-03 01:45:02,-3.997222,-79.172840,Calle Colon,CON_LESIONADOS,Atropellamiento,Estado de embriaguez,55,LESIONADO,MUJER,OTRO,37,LESIONADO,MUJER,MOTOCICLETA,,,,
2021-01-07 06:54:58,-3.981834,-79.191035,Ruta 35,CON_FALLECIDOS,Volcamiento,Estado de embriaguez,37,FALLECIDO,NO_REGISTRA,PEATON,,,,,,,,
2021-10-16 07:49:38,-3.996984,-79.220109,Av. 8 de Diciembre,CON_FALLECIDOS,Atropellamiento,Imprudencia del conductor,34,FALLECIDO,NO_REGISTRA,OTRO,62,LESIONADO,MUJER,MOTOCICLETA,33,LESIONADO,HOMBRE,SCOOTER
2021-08-12 21:12:27,-3.997729,-79.196430,Calle 10 de Agosto,CON_LESIONADOS,Accidente Laboral,Via resbaladiza o mojada,73,LESIONADO,MUJER,OTRO,37,LESIONADO,HOMBRE,PEATON,15,LESIONADO,MUJER,SCOOTER
2021-01-20 15:50:43,-4.019843,-79.191133,Av. Universitaria,CON_LESIONADOS,Volcamiento,Via resbaladiza o mojada,29,LESIONADO,HOMBRE,OTRO,78,LESIONADO,MUJER,PEATON,,,,
2021-12-15 23:30:51,-3.987205,-79.191434,Via Loja - Catamayo,CON_LESIONADOS,Colision Multiple,Falla mecanica,16,LESIONADO,MUJER,CICLISTA,21,LESIONADO,HOMBRE,OTRO,,,,
2021-07-09 01:49:26,-4.006100,-79.191342,Via Loja - Zamora,SOLO_DANOS,Caida,Fatiga del conductor,,,,,,,,,,,,
2021-10-18 23:33:01,-3.982114,-79.228866,Calle 18 de Noviembre,SOLO_DANOS,Incendio,Falla mecanica,,,,,,,,,,,,
2021-02-05 06:53:57,-4.029148,-79.180629,Calle Quito,CON_FALLECIDOS,Atropellamiento,Falla mecanica,82,FALLECIDO,HOMBRE,CICLISTA,27,FALLECIDO,MUJER,SCOOTER,45,LESIONADO,NO_REGISTRA,SCOOTER
2021-09-01 11:25:17,-3.982077,-79.209852,Calle Quito,CON_FALLECIDOS,Atropellamiento,Falla mecanica,30,FALLECIDO,MUJER,CICLISTA,,,,,,,,
2021-06-15 05:11:39,-4.002907,-79.225653,Via Loja - Catamayo,CON_LESIONADOS,Accidente Laboral,Via resbaladiza o mojada,72,LESIONADO,NO_REGISTRA,OTRO,12,LESIONADO,NO_REGISTRA,CICLISTA,,,,
2021-05-23 15:14:47,-4.006520,-79.225905,Calle Saraguro,CON_LESIONADOS,Atropellamiento,Imprudencia del conductor,34,LESIONADO,MUJER,OTRO,,,,,,,,
2021-07-22 03:43:47,-4.007215,-79.196132,Calle Colon,CON_LESIONADOS,Choque Vehicular,Falla mecanica,51,LESIONADO,NO_REGISTRA,OTRO,74,LESIONADO,NO_REGISTRA,SCOOTER,,,,
2021-07-01 22:58:30,-4.029920,-79.207687,Calle 10 de Agosto,SOLO_DANOS,Volcamiento,Exceso de velocidad,,,,,,,,,,,,
2021-10-11 10:57:02,-4.035353,-79.185159,Av. Cuxibamba,CON_FALLECIDOS,Choque Vehicular,Via resbaladiza o mojada,76,FALLECIDO,HOMBRE,OTRO,,,,,,,,
2021-05-20 00:27:54,-4.032963,-79.212259,Ruta 35,CON_LESIONADOS,Caida,Imprudencia del conductor,32,LESIONADO,NO_REGISTRA,PEATON,62,LESIONADO,MUJER,VEH_LIVIANO,,,,
2021-08-13 21:47:51,-4.002173,-79.224581,Av. Isidro Ayora,SOLO_DANOS,Atropellamiento,Mal estado de la via,,,,,,,,,,,,
2021-12-27 13:07:04,-4.031158,-79.200535,Av. Isidro Ayora,CON_FALLECIDOS,Volcamiento,Equipo de seguridad deficiente,55,FALLECIDO,HOMBRE,PEATON,33,FALLECIDO,NO_REGISTRA,VEH_LIVIANO,44,LESIONADO,HOMBRE,VEH_LIVIANO
2021-04-09 00:05:28,-3.984378,-79.194407,Av. Universitaria,CON_FALLECIDOS,Caida,Mal estado de la via,60,FALLECIDO,NO_REGISTRA,SCOOTER,64,LESIONADO,MUJER,MOTOCICLETA,46,LESIONADO,MUJER,MOTOCICLETA
2021-11-11 11:37:46,-4.023629,-79.176356,Av. Cuxibamba,CON_LESIONADOS,Volcamiento,Visibilidad reducida,40,LESIONADO,MUJER,CICLISTA,,,,,,,,
2021-05-22 22:53:12,-4.035785,-79.188363,Av. Gran Colombia,CON_LESIONADOS,Incendio,Mal estado de la via,65,LESIONADO,HOMBRE,PEATON,55,LESIONADO,HOMBRE,SCOOTER,,,,
2021-11-26 14:36:01,-4.008017,-79.197541,Calle 18 de Noviembre,CON_FALLECIDOS,Volcamiento,Distraccion (celular/radio),77,FALLECIDO,MUJER,PEATON,75,LESIONADO,HOMBRE,VEH_LIVIANO,,,,
2021-09-08 23:43:01,-3.995299,-79.179625,Calle Colon,CON_FALLECIDOS,Atropellamiento,Equipo de seguridad deficiente,30,FALLECIDO,NO_REGISTRA,MOTOCICLETA,32,FALLECIDO,HOMBRE,SCOOTER,23,LESIONADO,NO_REGISTRA,CICLISTA
2021-07-26 18:33:07,-3.999644,-79.181145,Av. Rosa Hermosa,SOLO_DANOS,Atropellamiento,Via resbaladiza o mojada,,,,,,,,,,,,
2021-01-12 07:02:23,-3.986611,-79.230180,Via Loja - Zamora,CON_LESIONADOS,Atropellamiento,Distraccion (celular/radio),6,LESIONADO,HOMBRE,VEH_LIVIANO,42,LESIONADO,MUJER,CICLISTA,68,LESIONADO,NO_REGISTRA,VEH_LIVIANO
2021-02-27 07:07:37,-4.016289,-79.212138,Calle Mercadillo,SOLO_DANOS,Volcamiento,Estado de embriaguez,63,LESIONADO,NO_REGISTRA,OTRO,,,,,,,,
2021-05-22 22:52:39,-4.016382,-79.171481,Ruta 35,SOLO_DANOS,Accidente Laboral,Falla mecanica,,,,,,,,,,,,
2021-12-08 16:31:04,-4.020246,-79.187829,Via Loja - Catamayo,SOLO_DANOS,Caida,Fatiga del conductor,,,,,,,,,,,,
2021-11-28 06:49:28,-4.020318,-79.176734,Ruta 35,CON_FALLECIDOS,Volcamiento,Estado de embriaguez,40,FALLECIDO,HOMBRE,PEATON,13,LESIONADO,MUJER,OTRO,9,LESIONADO,HOMBRE,VEH_LIVIANO
2021-11-02 15:29:55,-4.011665,-79.211771,Av. Isidro Ayora,CON_FALLECIDOS,Colision Multiple,Distraccion (celular/radio),33,FALLECIDO,HOMBRE,VEH_LIVIANO,14,LESIONADO,NO_REGISTRA,VEH_LIVIANO,71,LESIONADO,HOMBRE,MOTOCICLETA
2021-03-15 22:16:49,-3.980879,-79.184919,Av. Isidro Ayora,SOLO_DANOS,Accidente Laboral,Exceso de velocidad,21,LESIONADO,MUJER,OTRO,,,,,,,,
2021-03-01 19:10:46,-3.988784,-79.179960,Av. Reinaldo Espinosa,CON_LESIONADOS,Accidente Laboral,Exceso de velocidad,17,LESIONADO,HOMBRE,PEATON,,,,,,,,
2021-04-26 18:02:55,-3.998756,-79.219835,Calle Ramon Borrero,SOLO_DANOS,Choque Vehicular,Visibilidad reducida,,,,,,,,,,,,
2021-10-15 03:11:42,-4.024902,-79.179004,Av. Pio Jaramillo,CON_FALLECIDOS,Volcamiento,Imprudencia del conductor,39,FALLECIDO,MUJER,CICLISTA,41,FALLECIDO,HOMBRE,PEATON,55,LESIONADO,MUJER,CICLISTA
2021-11-27 23:12:50,-3.982374,-79.215314,Via Loja - Catamayo,CON_LESIONADOS,Colision Multiple,Exceso de velocidad,63,LESIONADO,NO_REGISTRA,CICLISTA,36,LESIONADO,HOMBRE,SCOOTER,66,LESIONADO,MUJER,PEATON
2021-03-17 20:32:45,-4.017981,-79.191914,Av. Manuel Agustin Aguirre,SOLO_DANOS,Volcamiento,Mal estado de la via,,,,,,,,,,,,
2021-06-17 07:14:15,-4.001726,-79.213172,Av. Metropolitana,CON_LESIONADOS,Volcamiento,Inobservancia de senales,24,LESIONADO,HOMBRE,MOTOCICLETA,76,LESIONADO,NO_REGISTRA,SCOOTER,36,LESIONADO,NO_REGISTRA,PEATON
2021-02-13 16:01:51,-4.001608,-79.205753,Calle Sucre,SOLO_DANOS,Incendio,Falla mecanica,,,,,,,,,,,,
2021-12-01 16:25:56,-3.980275,-79.197988,Av. Isidro Ayora,CON_LESIONADOS,Atropellamiento,Estado de embriaguez,45,LESIONADO,MUJER,SCOOTER,32,LESIONADO,MUJER,VEH_LIVIANO,65,LESIONADO,HOMBRE,SCOOTER
2021-10-14 05:38:57,-3.991852,-79.219452,Calle Quito,SOLO_DANOS,Colision Multiple,Imprudencia del conductor,,,,,,,,,,,,
2021-10-06 10:08:51,-3.978139,-79.173475,Av. Metropolitana,CON_FALLECIDOS,Volcamiento,Factores externos,61,FALLECIDO,MUJER,OTRO,77,LESIONADO,HOMBRE,OTRO,,,,
2021-09-29 10:26:14,-3.979169,-79.201077,Av. Reinaldo Espinosa,CON_FALLECIDOS,Volcamiento,Mal estado de la via,34,FALLECIDO,NO_REGISTRA,CICLISTA,,,,,,,,
2021-07-31 13:00:56,-3.994912,-79.224507,Av. Gran Colombia,CON_LESIONADOS,Incendio,Equipo de seguridad deficiente,57,LESIONADO,NO_REGISTRA,VEH_LIVIANO,22,LESIONADO,NO_REGISTRA,MOTOCICLETA,5,LESIONADO,NO_REGISTRA,MOTOCICLETA
2021-06-28 07:11:09,-4.005048,-79.226844,Av. Pio Jaramillo,CON_LESIONADOS,Colision Multiple,Falla mecanica,14,LESIONADO,HOMBRE,MOTOCICLETA,9,LESIONADO,MUJER,PEATON,,,,
2021-06-03 01:08:35,-4.013128,-79.212476,Av. Pio Jaramillo,CON_LESIONADOS,Accidente Laboral,Falla mecanica,44,LESIONADO,HOMBRE,OTRO,,,,,,,,
2021-08-27 11:20:18,-3.978598,-79.182478,Calle Azogues,CON_FALLECIDOS,Accidente Laboral,Distraccion (celular/radio),73,FALLECIDO,MUJER,VEH_LIVIANO,74,LESIONADO,MUJER,PEATON,,,,
2021-08-05 05:06:13,-4.029616,-79.202736,Av. Reinaldo Espinosa,CON_LESIONADOS,Caida,Equipo de seguridad deficiente,56,LESIONADO,HOMBRE,PEATON,23,LESIONADO,HOMBRE,CICLISTA,10,LESIONADO,MUJER,PEATON
2021-07-24 03:05:46,-4.011986,-79.218904,Av. Isidro Ayora,CON_FALLECIDOS,Volcamiento,Factores externos,28,FALLECIDO,NO_REGISTRA,VEH_LIVIANO,83,FALLECIDO,NO_REGISTRA,PEATON,17,LESIONADO,HOMBRE,CICLISTA
2021-10-03 05:32:07,-4.007757,-79.215103,Calle Quito,CON_FALLECIDOS,Atropellamiento,Inobservancia de senales,84,FALLECIDO,HOMBRE,CICLISTA,73,FALLECIDO,NO_REGISTRA,MOTOCICLETA,71,LESIONADO,MUJER,SCOOTER