fecha_hora,latitud,longitud,via,grado_severidad,tipo_siniestro,causa_probable,victima1_edad,victima1_condicion,victima1_sexo,victima1_actor_vial,victima2_edad,victima2_condicion,victima2_sexo,victima2_actor_vial,victima3_edad,victima3_condicion,victima3_sexo,victima3_actor_vial
2021-12-22 17:21:31,-3.985030,-79.192692,Av. Orillas del Zamora,CON_FALLECIDOS,Choque Vehicular,Fatiga del conductor,31,FALLECIDO,NO_REGISTRA,OTRO,58,FALLECIDO,HOMBRE,MOTOCICLETA,9,LESIONADO,HOMBRE,OTRO
2021-08-05 03:49:08,-3.990566,-79.206292,Calle Colon,CON_FALLECIDOS,Accidente Laboral,Mal estado de la via,31,FALLECIDO,HOMBRE,MOTOCICLETA,43,LESIONADO,HOMBRE,MOTOCICLETA,,,,
2021-01-05 22:24:04,-4.015880,-79.195994,Av. Cuxibamba,CON_FALLECIDOS,Caida,Mal estado de la via,33,FALLECIDO,HOMBRE,SCOOTER,17,LESIONADO,MUJER,PEATON,,,,
2021-10-16 22:59:56,-3.996143,-79.179215,Calle Bolivar,CON_FALLECIDOS,Colision Multiple,Inobservancia de senales,71,FALLECIDO,MUJER,VEH_LIVIANO,66,LESIONADO,NO_REGISTRA,VEH_LIVIANO,9,LESIONADO,HOMBRE,VEH_LIVIANO
2021-05-17 16:40:53,-4.014728,-79.218469,Calle Quito,CON_FALLECIDOS,Volcamiento,Fatiga del conductor,55,FALLECIDO,MUJER,PEATON,64,LESIONADO,NO_REGISTRA,VEH_LIVIANO,,,,
2021-03-16 22:32:44,-4.034477,-79.209795,Calle Bolivar,CON_FALLECIDOS,Choque Vehicular,Mal estado de la via,67,FALLECIDO,NO_REGISTRA,PEATON,54,LESIONADO,HOMBRE,CICLISTA,,,,
2021-10-31 04:05:17,-4.033579,-79.174417,Av. Manuel Agustin Aguirre,CON_FALLECIDOS,Choque Vehicular,Fatiga del conductor,71,FALLECIDO,MUJER,OTRO,52,LESIONADO,HOMBRE,PEATON,57,LESIONADO,NO_REGISTRA,OTRO
2021-07-12 03:33:43,-4.010494,-79.191464,Av. Cuxibamba,CON_LESIONADOS,Volcamiento,Visibilidad reducida,28,LESIONADO,MUJER,PEATON,,,,,,,,
2021-07-15 21:46:02,-3.990493,-79.230594,Calle Mercadillo,SOLO_DANOS,Caida,Estado de embriaguez,,,,,,,,,,,,
2021-06-22 13:24:14,-4.016148,-79.207322,Calle 18 de Noviembre,CON_LESIONADOS,Caida,Exceso de velocidad,41,LESIONADO,NO_REGISTRA,MOTOCICLETA,71,LESIONADO,HOMBRE,CICLISTA,,,,
2021-03-09 01:43:37,-4.020595,-79.184301,Calle 10 de Agosto,CON_FALLECIDOS,Volcamiento,Mal estado de la via,37,FALLECIDO,MUJER,CICLISTA,28,LESIONADO,MUJER,PEATON,61,LESIONADO,NO_REGISTRA,CICLISTA
2021-10-03 07:18:48,-3.999755,-79.178967,Calle Ramon Borrero,CON_LESIONADOS,Colision Multiple,Exceso de velocidad,29,LESIONADO,NO_REGISTRA,VEH_LIVIANO,,,,,,,,
2021-06-26 05:22:58,-4.015615,-79.181349,Calle 10 de Agosto,CON_LESIONADOS,Incendio,Equipo de seguridad deficiente,32,LESIONADO,MUJER,SCOOTER,16,LESIONADO,NO_REGISTRA,CICLISTA,18,LESIONADO,MUJER,OTRO
2021-01-23 10:58:06,-3.997745,-79.198405,Calle 10 de Agosto,CON_FALLECIDOS,Volcamiento,Equipo de seguridad deficiente,36,FALLECIDO,MUJER,MOTOCICLETA,64,LESIONADO,MUJER,OTRO,11,LESIONADO,MUJER,OTRO
2021-10-15 05:21:45,-3.997164,-79.189318,Calle Imbabura,CON_FALLECIDOS,Caida,Mal estado de la via,81,FALLECIDO,MUJER,VEH_LIVIANO,81,FALLECIDO,MUJER,MOTOCICLETA,,,,
2021-09-30 08:05:46,-4.030708,-79.217627,Av. Gran Colombia,CON_LESIONADOS,Atropellamiento,Equipo de seguridad deficiente,31,LESIONADO,HOMBRE,PEATON,47,LESIONADO,MUJER,OTRO,42,LESIONADO,MUJER,OTRO
2021-03-19 16:08:13,-3.990592,-79.223976,Calle Montufar,CON_LESIONADOS,Atropellamiento,Equipo de seguridad deficiente,70,LESIONADO,MUJER,VEH_LIVIANO,67,LESIONADO,NO_REGISTRA,PEATON,,,,
2021-08-24 16:50:35,-4.008571,-79.176374,Av. Pio Jaramillo,CON_FALLECIDOS,Atropellamiento,Falla mecanica,82,FALLECIDO,MUJER,PEATON,,,,,,,,
2021-06-10 09:29:51,-4.004870,-79.193857,Av. Rosa Hermosa,CON_FALLECIDOS,Incendio,Inobservancia de senales,60,FALLECIDO,NO_REGISTRA,MOTOCICLETA,56,FALLECIDO,HOMBRE,PEATON,11,LESIONADO,HOMBRE,VEH_LIVIANO
2021-01-31 14:45:12,-3.984973,-79.214013,Calle Mercadillo,CON_FALLECIDOS,Atropellamiento,Imprudencia del conductor,67,FALLECIDO,NO_REGISTRA,PEATON,32,FALLECIDO,MUJER,PEATON,30,LESIONADO,HOMBRE,CICLISTA
2021-03-04 00:29:41,-4.028575,-79.175114,Calle Mercadillo,CON_LESIONADOS,Caida,Exceso de velocidad,51,LESIONADO,NO_REGISTRA,CICLISTA,48,LESIONADO,HOMBRE,PEATON,30,LESIONADO,NO_REGISTRA,SCOOTER
2021-09-15 03:16:46,-3.995925,-79.182087,Av. Gran Colombia,SOLO_DANOS,Atropellamiento,Visibilidad reducida,,,,,,,,,,,,
2021-03-06 22:51:18,-3.984614,-79.216196,Calle Azogues,CON_FALLECIDOS,Incendio,Via resbaladiza o mojada,54,FALLECIDO,HOMBRE,PEATON,,,,,,,,
2021-04-16 03:30:06,-4.025075,-79.221947,Calle Miguel Riofrio,CON_FALLECIDOS,Accidente Laboral,Mal estado de la via,31,FALLECIDO,NO_REGISTRA,MOTOCICLETA,29,FALLECIDO,MUJER,SCOOTER,36,LESIONADO,MUJER,OTRO
2021-03-26 21:41:19,-3.985272,-79.226444,Calle Bolivar,SOLO_DANOS,Atropellamiento,Mal estado de la via,,,,,,,,,,,,
2021-09-21 01:45:40,-4.028926,-79.183426,Calle Montufar,CON_FALLECIDOS,Colision Multiple,Exceso de velocidad,83,FALLECIDO,MUJER,MOTOCICLETA,57,LESIONADO,NO_REGISTRA,CICLISTA,,,,
2021-09-19 10:11:07,-3.997776,-79.217444,Calle 10 de Agosto,CON_FALLECIDOS,Choque Vehicular,Inobservancia de senales,55,FALLECIDO,MUJER,OTRO,79,LESIONADO,NO_REGISTRA,MOTOCICLETA,,,,
2021-01-01 17:59:15,-4.017112,-79.221623,Calle Colon,SOLO_DANOS,Incendio,Inobservancia de senales,42,LESIONADO,MUJER,MOTOCICLETA,,,,,,,,
2021-01-18 05:54:35,-4.025249,-79.192494,Av. Universitaria,CON_FALLECIDOS,Colision Multiple,Inobservancia de senales,72,FALLECIDO,HOMBRE,MOTOCICLETA,33,LESIONADO,MUJER,PEATON,24,LESIONADO,HOMBRE,SCOOTER
2021-05-02 06:12:00,-4.030502,-79.227836,Calle Quito,CON_FALLECIDOS,Caida,Imprudencia del conductor,28,FALLECIDO,MUJER,CICLISTA,,,,,,,,
2021-06-15 11:26:41,-4.013765,-79.210465,Calle Azogues,CON_FALLECIDOS,Colision Multiple,Via resbaladiza o mojada,40,FALLECIDO,MUJER,MOTOCICLETA,75,LESIONADO,MUJER,CICLISTA,,,,
2021-06-29 10:34:52,-4.036311,-79.180226,Calle Mercadillo,SOLO_DANOS,Atropellamiento,Mal estado de la via,,,,,,,,,,,,
2021-02-25 22:42:15,-4.000243,-79.226853,Calle Ramon Borrero,CON_FALLECIDOS,Atropellamiento,Visibilidad reducida,41,FALLECIDO,HOMBRE,VEH_LIVIANO,55,LESIONADO,HOMBRE,CICLISTA,,,,
2021-02-27 22:34:56,-3.998538,-79.224051,Calle Montufar,CON_FALLECIDOS,Caida,Via resbaladiza o mojada,23,FALLECIDO,NO_REGISTRA,SCOOTER,,,,,,,,
2021-10-26 07:15:55,-4.030831,-79.218468,Av. Metropolitana,CON_LESIONADOS,Accidente Laboral,Exceso de velocidad,18,LESIONADO,MUJER,CICLISTA,14,LESIONADO,MUJER,OTRO,,,,
2021-09-06 16:41:20,-3.984421,-79.173933,Av. Metropolitana,CON_FALLECIDOS,Volcamiento,Factores externos,31,FALLECIDO,NO_REGISTRA,VEH_LIVIANO,50,LESIONADO,HOMBRE,SCOOTER,16,LESIONADO,HOMBRE,PEATON
2021-10-12 14:28:23,-4.013760,-79.177583,Calle Bolivar,SOLO_DANOS,Atropellamiento,Mal estado de la via,,,,,,,,,,,,
2021-10-19 01:08:58,-4.024349,-79.212868,Via Loja - Zamora,SOLO_DANOS,Accidente Laboral,Via resbaladiza o mojada,,,,,,,,,,,,
2021-05-27 06:18:51,-4.005615,-79.206231,Calle Colon,CON_FALLECIDOS,Atropellamiento,Imprudencia del conductor,83,FALLECIDO,MUJER,VEH_LIVIANO,58,FALLECIDO,NO_REGISTRA,PEATON,72,LESIONADO,MUJER,VEH_LIVIANO
2021-02-25 05:55:28,-4.014699,-79.175234,Calle Colon,SOLO_DANOS,Incendio,Falla mecanica,,,,,,,,,,,,
2021-11-06 05:27:53,-3.979032,-79.210933,Calle Montufar,CON_FALLECIDOS,Atropellamiento,Mal estado de la via,85,FALLECIDO,NO_REGISTRA,PEATON,24,LESIONADO,NO_REGISTRA,VEH_LIVIANO,,,,
2021-02-08 03:20:12,-4.009375,-79.217801,Ruta 35,CON_LESIONADOS,Atropellamiento,Equipo de seguridad deficiente,19,LESIONADO,HOMBRE,SCOOTER,,,,,,,,
2021-06-01 08:03:14,-4.003487,-79.187709,Calle Montufar,CON_FALLECIDOS,Accidente Laboral,Exceso de velocidad,29,FALLECIDO,MUJER,PEATON,46,FALLECIDO,MUJER,VEH_LIVIANO,77,LESIONADO,NO_REGISTRA,OTRO
2021-09-27 06:18:02,-4.016919,-79.192932,Calle Rocafuerte,CON_FALLECIDOS,Caida,Exceso de velocidad,68,FALLECIDO,NO_REGISTRA,CICLISTA,58,FALLECIDO,MUJER,CICLISTA,,,,
2021-07-21 19:38:50,-4.010524,-79.225008,Calle Bolivar,SOLO_DANOS,Volcamiento,Factores externos,,,,,,,,,,,,
2021-02-13 11:53:37,-4.029159,-79.212431,Calle Rocafuerte,CON_LESIONADOS,Incendio,Inobservancia de senales,44,LESIONADO,HOMBRE,VEH_LIVIANO,12,LESIONADO,MUJER,CICLISTA,28,LESIONADO,NO_REGISTRA,MOTOCICLETA
2021-02-24 16:01:34,-3.983097,-79.186054,Calle Rocafuerte,CON_LESIONADOS,Colision Multiple,Falla mecanica,62,LESIONADO,HOMBRE,PEATON,42,LESIONADO,MUJER,PEATON,,,,
2021-10-20 04:00:49,-4.003238,-79.206520,Calle Sucre,SOLO_DANOS,Choque Vehicular,Fatiga del conductor,,,,,,,,,,,,
2021-05-05 21:30:10,-4.030249,-79.179976,Ruta 35,CON_LESIONADOS,Colision Multiple,Falla mecanica,6,LESIONADO,MUJER,PEATON,,,,,,,,
2021-07-28 20:59:56,-4.005251,-79.221561,Av. Gran Colombia,CON_LESIONADOS,Colision Multiple,Imprudencia del conductor,24,LESIONADO,NO_REGISTRA,PEATON,43,LESIONADO,NO_REGISTRA,PEATON,,,,
2021-04-05 10:50:06,-4.021675,-79.207053,Av. Metropolitana,CON_LESIONADOS,Atropellamiento,Visibilidad reducida,59,LESIONADO,HOMBRE,OTRO,20,LESIONADO,NO_REGISTRA,VEH_LIVIANO,70,LESIONADO,MUJER,SCOOTER
2021-09-21 23:27:01,-3.991483,-79.201661,Calle 18 de Noviembre,SOLO_DANOS,Accidente Laboral,Fatiga del conductor,,,,,,,,,,,,
2021-09-03 03:16:59,-4.015729,-79.186125,Calle Bolivar,SOLO_DANOS,Choque Vehicular,Mal estado de la via,,,,,,,,,,,,
2021-07-10 12:13:20,-4.006471,-79.220521,Via Loja - Zamora,SOLO_DANOS,Incendio,Exceso de velocidad,,,,,,,,,,,,
2021-03-27 18:41:44,-4.006106,-79.217869,Calle Colon,CON_LESIONADOS,Atropellamiento,Falla mecanica,37,LESIONADO,NO_REGISTRA,VEH_LIVIANO,,,,,,,,
2021-10-03 20:44:33,-3.992735,-79.194759,Av. Orillas del Zamora,SOLO_DANOS,Accidente Laboral,Factores externos,,,,,,,,,,,,
2021-02-25 06:06:50,-3.996710,-79.215721,Av. 8 de Diciembre,CON_FALLECIDOS,Accidente Laboral,Factores externos,49,FALLECIDO,NO_REGISTRA,OTRO,46,FALLECIDO,MUJER,VEH_LIVIANO,37,LESIONADO,HOMBRE,PEATON
2021-11-13 06:08:06,-3.996209,-79.207367,Calle Saraguro,CON_FALLECIDOS,Colision Multiple,Exceso de velocidad,61,FALLECIDO,HOMBRE,CICLISTA,79,LESIONADO,MUJER,CICLISTA,11,LESIONADO,NO_REGISTRA,PEATON
2021-10-03 18:46:23,-4.001102,-79.190861,Av. Pio Jaramillo,SOLO_DANOS,Choque Vehicular,Falla mecanica,,,,,,,,,,,,
2021-04-17 16:08:42,-3.986255,-79.219170,Calle Montufar,SOLO_DANOS,Caida,Via resbaladiza o mojada,,,,,,,,,,,,
2021-02-15 08:49:32,-3.994442,-79.224180,Calle Imbabura,SOLO_DANOS,Atropellamiento,Exceso de velocidad,,,,,,,,,,,,
2021-04-11 10:29:24,-4.019717,-79.190689,Av. Isidro Ayora,CON_FALLECIDOS,Colision Multiple,Falla mecanica,43,FALLECIDO,HOMBRE,VEH_LIVIANO,24,LESIONADO,MUJER,MOTOCICLETA,,,,
2021-10-24 15:57:32,-3.981435,-79.198268,Calle 10 de Agosto,CON_FALLECIDOS,Incendio,Via resbaladiza o mojada,23,FALLECIDO,NO_REGISTRA,PEATON,85,FALLECIDO,MUJER,PEATON,17,LESIONADO,MUJER,CICLISTA
2021-05-19 19:16:40,-4.033841,-79.199609,Calle Saraguro,SOLO_DANOS,Volcamiento,Exceso de velocidad,,,,,,,,,,,,
2021-05-09 09:58:23,-4.026658,-79.177934,Calle Sucre,CON_LESIONADOS,Caida,Distraccion (celular/radio),30,LESIONADO,NO_REGISTRA,SCOOTER,,,,,,,,
2021-11-02 13:42:10,-4.023786,-79.179364,Calle Mercadillo,CON_LESIONADOS,Accidente Laboral,Via resbaladiza o mojada,45,LESIONADO,NO_REGISTRA,CICLISTA,,,,,,,,
2021-03-07 03:45:14,-4.024782,-79.207349,Calle Imbabura,SOLO_DANOS,Volcamiento,Fatiga del conductor,,,,,,,,,,,,
2021-03-17 07:59:40,-4.013868,-79.206204,Av. Gran Colombia,CON_FALLECIDOS,Colision Multiple,Inobservancia de senales,27,FALLECIDO,NO_REGISTRA,MOTOCICLETA,70,FALLECIDO,NO_REGISTRA,MOTOCICLETA,74,LESIONADO,NO_REGISTRA,OTRO
2021-02-22 14:18:08,-4.017494,-79.189828,Calle Saraguro,CON_LESIONADOS,Colision Multiple,Exceso de velocidad,50,LESIONADO,HOMBRE,CICLISTA,,,,,,,,
2021-09-26 02:56:39,-4.025562,-79.198209,Av. Isidro Ayora,CON_LESIONADOS,Volcamiento,Via resbaladiza o mojada,79,LESIONADO,NO_REGISTRA,SCOOTER,21,LESIONADO,NO_REGISTRA,VEH_LIVIANO,36,LESIONADO,NO_REGISTRA,CICLISTA
2021-11-23 07:17:25,-4.026179,-79.217294,Av. Pio Jaramillo,CON_FALLECIDOS,Colision Multiple,Falla mecanica,73,FALLECIDO,MUJER,PEATON,,,,,,,,
2021-05-17 08:32:04,-3.988503,-79.192986,Calle Miguel Riofrio,SOLO_DANOS,Choque Vehicular,Inobservancia de senales,,,,,,,,,,,,
2021-07-07 11:24:04,-4.001870,-79.209466,Av. Metropolitana,CON_FALLECIDOS,Caida,Inobservancia de senales,47,FALLECIDO,MUJER,VEH_LIVIANO,36,FALLECIDO,HOMBRE,OTRO,,,,
2021-06-04 00:32:50,-4.006784,-79.207180,Calle Ramon Borrero,CON_FALLECIDOS,Colision Multiple,Falla mecanica,45,FALLECIDO,HOMBRE,MOTOCICLETA,,,,,,,,
2021-09-06 15:27:36,-4.001120,-79.220947,Av. Universitaria,CON_LESIONADOS,Caida,Via resbaladiza o mojada,23,LESIONADO,MUJER,MOTOCICLETA,34,LESIONADO,MUJER,OTRO,68,LESIONADO,HOMBRE,OTRO
2021-11-28 17:19:24,-4.029320,-79.195828,Calle Quito,CON_LESIONADOS,Atropellamiento,Exceso de velocidad,53,LESIONADO,HOMBRE,PEATON,47,LESIONADO,NO_REGISTRA,OTRO,51,LESIONADO,HOMBRE,CICLISTA
2021-06-28 14:12:11,-4.021151,-79.179935,Av. Reinaldo Espinosa,CON_FALLECIDOS,Volcamiento,Inobservancia de senales,63,FALLECIDO,HOMBRE,OTRO,64,FALLECIDO,NO_REGISTRA,PEATON,48,LESIONADO,HOMBRE,MOTOCICLETA
2021-09-19 03:25:34,-4.005615,-79.192052,Calle Montufar,CON_LESIONADOS,Choque Vehicular,Inobservancia de senales,6,LESIONADO,HOMBRE,OTRO,28,LESIONADO,HOMBRE,SCOOTER,,,,
2021-07-12 01:05:28,-4.007634,-79.181239,Av. Reinaldo Espinosa,CON_LESIONADOS,Volcamiento,Exceso de velocidad,27,LESIONADO,NO_REGISTRA,MOTOCICLETA,,,,,,,,
2021-10-05 04:11:58,-4.022042,-79.222305,Calle Imbabura,SOLO_DANOS,Choque Vehicular,Factores externos,,,,,,,,,,,,
2021-01-13 17:27:25,-4.013225,-79.195625,Calle Rocafuerte,SOLO_DANOS,Volcamiento,Distraccion (celular/radio),,,,,,,,,,,,
2021-12-09 16:46:45,-3.994453,-79.189080,Av. 8 de Diciembre,SOLO_DANOS,Colision Multiple,Mal estado de la via,,,,,,,,,,,,
2021-11-10 07:52:41,-4.004550,-79.193650,Calle Azogues,CON_FALLECIDOS,Choque Vehicular,Equipo de seguridad deficiente,28,FALLECIDO,NO_REGISTRA,PEATON,20,LESIONADO,MUJER,SCOOTER,,,,
2021-10-10 10:26:04,-3.994413,-79.188981,Calle Ramon Borrero,CON_FALLECIDOS,Colision Multiple,Falla mecanica,60,FALLECIDO,MUJER,MOTOCICLETA,19,LESIONADO,HOMBRE,PEATON,63,LESIONADO,MUJER,CICLISTA
2021-12-17 22:00:06,-3.991502,-79.180044,Av. Isidro Ayora,SOLO_DANOS,Atropellamiento,Equipo de seguridad deficiente,,,,,,,,,,,,
2021-08-05 14:47:13,-3.983145,-79.204682,Calle Bolivar,CON_FALLECIDOS,Caida,Equipo de seguridad deficiente,36,FALLECIDO,MUJER,CICLISTA,80,LESIONADO,NO_REGISTRA,CICLISTA,48,LESIONADO,NO_REGISTRA,OTRO
2021-12-25 23:11:50,-3.980883,-79.221528,Ruta 35,CON_LESIONADOS,Volcamiento,Falla mecanica,76,LESIONADO,MUJER,VEH_LIVIANO,73,LESIONADO,MUJER,SCOOTER,25,LESIONADO,HOMBRE,SCOOTER
2021-02-15 05:33:06,-3.985235,-79.206919,Av. Pio Jaramillo,CON_FALLECIDOS,Volcamiento,Visibilidad reducida,77,FALLECIDO,NO_REGISTRA,PEATON,82,FALLECIDO,NO_REGISTRA,PEATON,,,,
2021-07-09 18:44:12,-3.989282,-79.185317,Av. Orillas del Zamora,CON_FALLECIDOS,Colision Multiple,Falla mecanica,43,FALLECIDO,MUJER,VEH_LIVIANO,,,,,,,,
2021-08-16 14:21:59,-4.030564,-79.174995,Av. Reinaldo Espinosa,CON_FALLECIDOS,Caida,Inobservancia de senales,82,FALLECIDO,HOMBRE,PEATON,71,FALLECIDO,MUJER,CICLISTA,,,,
2021-10-01 04:16:57,-3.992894,-79.171579,Calle Colon,CON_FALLECIDOS,Volcamiento,Imprudencia del conductor,71,FALLECIDO,HOMBRE,CICLISTA,39,FALLECIDO,MUJER,SCOOTER,69,LESIONADO,NO_REGISTRA,VEH_LIVIANO
2021-09-23 17:11:06,-4.021063,-79.174282,Via Loja - Zamora,SOLO_DANOS,Atropellamiento,Equipo de seguridad deficiente,,,,,,,,,,,,
2021-05-23 16:48:23,-3.984231,-79.223254,Av. Universitaria,CON_FALLECIDOS,Accidente Laboral,Estado de embriaguez,84,FALLECIDO,MUJER,SCOOTER,47,LESIONADO,MUJER,SCOOTER,,,,
2021-03-30 17:55:53,-4.016356,-79.188975,Calle Mercadillo,SOLO_DANOS,Choque Vehicular,Fatiga del conductor,,,,,,,,,,,,
2021-07-21 19:53:14,-4.030125,-79.220253,Ruta 35,SOLO_DANOS,Colision Multiple,Mal estado de la via,44,LESIONADO,NO_REGISTRA,VEH_LIVIANO,,,,,,,,
2021-02-18 06:47:36,-4.013668,-79.227753,Via Loja - Zamora,SOLO_DANOS,Atropellamiento,Factores externos,,,,,,,,,,,,
2021-06-09 16:13:40,-4.035646,-79.203847,Av. Reinaldo Espinosa,CON_FALLECIDOS,Incendio,Distraccion (celular/radio),25,FALLECIDO,HOMBRE,VEH_LIVIANO,,,,,,,,
2021-02-09 07:38:58,-4.020984,-79.178300,Ruta 35,SOLO_DANOS,Volcamiento,Equipo de seguridad deficiente,,,,,,,,,,,,
2021-05-20 11:52:55,-4.026134,-79.211092,Calle 18 de Noviembre,CON_LESIONADOS,Incendio,Equipo de seguridad deficiente,50,LESIONADO,MUJER,SCOOTER,16,LESIONADO,MUJER,VEH_LIVIANO,,,,
2021-06-20 17:15:28,-3.996514,-79.205337,Av. Manuel Agustin Aguirre,CON_FALLECIDOS,Colision Multiple,Inobservancia de senales,85,FALLECIDO,NO_REGISTRA,CICLISTA,65,FALLECIDO,NO_REGISTRA,SCOOTER,73,LESIONADO,NO_REGISTRA,VEH_LIVIANO
2021-02-03 23:34:14,-3.995850,-79.220200,Av. Cuxibamba,CON_LESIONADOS,Caida,Visibilidad reducida,23,LESIONADO,MUJER,PEATON,65,LESIONADO,HOMBRE,CICLISTA,44,LESIONADO,NO_REGISTRA,VEH_LIVIANO
2021-01-05 10:34:00,-4.006403,-79.222681,Calle Mercadillo,CON_LESIONADOS,Accidente Laboral,Falla mecanica,41,LESIONADO,NO_REGISTRA,CICLISTA,75,LESIONADO,HOMBRE,OTRO,,,,
2021-11-28 12:31:57,-3.997910,-79.221390,Calle 18 de Noviembre,SOLO_DANOS,Incendio,Estado de embriaguez,,,,,,,,,,,,
2021-07-14 12:08:20,-4.031218,-79.224501,Av. Metropolitana,CON_FALLECIDOS,Choque Vehicular,Distraccion (celular/radio),71,FALLECIDO,HOMBRE,CICLISTA,36,FALLECIDO,HOMBRE,OTRO,27,LESIONADO,NO_REGISTRA,OTRO
2021-06-18 11:12:29,-3.984282,-79.202797,Calle Ramon Borrero,CON_FALLECIDOS,Volcamiento,Factores externos,66,FALLECIDO,HOMBRE,OTRO,56,FALLECIDO,NO_REGISTRA,VEH_LIVIANO,29,LESIONADO,HOMBRE,VEH_LIVIANO
2021-03-30 07:46:31,-4.014407,-79.176783,Calle 10 de Agosto,SOLO_DANOS,Incendio,Via resbaladiza o mojada,37,LESIONADO,MUJER,PEATON,,,,,,,,
2021-01-16 02:11:20,-3.981626,-79.184548,Av. Cuxibamba,CON_FALLECIDOS,Choque Vehicular,Mal estado de la via,41,FALLECIDO,NO_REGISTRA,VEH_LIVIANO,23,LESIONADO,NO_REGISTRA,SCOOTER,,,,
2021-02-21 08:26:12,-3.987174,-79.180654,Av. Rosa Hermosa,CON_FALLECIDOS,Incendio,Inobservancia de senales,46,FALLECIDO,NO_REGISTRA,CICLISTA,46,FALLECIDO,NO_REGISTRA,OTRO,37,LESIONADO,NO_REGISTRA,VEH_LIVIANO
2021-02-01 10:40:22,-4.018451,-79.207584,Av. Reinaldo Espinosa,CON_LESIONADOS,Volcamiento,Factores externos,22,LESIONADO,MUJER,PEATON,59,LESIONADO,NO_REGISTRA,VEH_LIVIANO,65,LESIONADO,MUJER,CICLISTA
2021-11-24 05:02:05,-4.022076,-79.179272,Av. Isidro Ayora,CON_LESIONADOS,Incendio,Distraccion (celular/radio),69,LESIONADO,NO_REGISTRA,CICLISTA,45,LESIONADO,NO_REGISTRA,PEATON,62,LESIONADO,MUJER,OTRO
2021-07-30 10:34:56,-4.020972,-79.180544,Calle Saraguro,CON_LESIONADOS,Caida,Imprudencia del conductor,26,LESIONADO,NO_REGISTRA,PEATON,9,LESIONADO,MUJER,PEATON,,,,
2021-02-28 21:39:25,-4.009914,-79.173042,Av. Cuxibamba,CON_FALLECIDOS,Choque Vehicular,Equipo de seguridad deficiente,75,FALLECIDO,HOMBRE,CICLISTA,,,,,,,,
2021-07-12 22:33:09,-3.988451,-79.185172,Calle Rocafuerte,SOLO_DANOS,Choque Vehicular,Falla mecanica,,,,,,,,,,,,
2021-11-19 10:32:27,-3.992273,-79.181906,Via Loja - Catamayo,SOLO_DANOS,Colision Multiple,Exceso de velocidad,,,,,,,,,,,,
2021-03-16 09:22:18,-3.980660,-79.215496,Av. Orillas del Zamora,SOLO_DANOS,Atropellamiento,Estado de embriaguez,,,,,,,,,,,,
2021-10-13 06:49:17,-4.028846,-79.224492,Av. Rosa Hermosa,SOLO_DANOS,Volcamiento,Exceso de velocidad,,,,,,,,,,,,
2021-04-03 15:52:41,-4.006991,-79.217988,Calle 18 de Noviembre,CON_FALLECIDOS,Colision Multiple,Falla mecanica,40,FALLECIDO,NO_REGISTRA,OTRO,,,,,,,,
2021-08-31 19:44:33,-4.004541,-79.227116,Calle Quito,CON_FALLECIDOS,Incendio,Via resbaladiza o mojada,21,FALLECIDO,MUJER,SCOOTER,48,FALLECIDO,MUJER,SCOOTER,,,,
2021-06-14 15:57:08,-4.032835,-79.212896,Calle Saraguro,CON_FALLECIDOS,Atropellamiento,Inobservancia de senales,61,FALLECIDO,NO_REGISTRA,SCOOTER,80,FALLECIDO,NO_REGISTRA,VEH_LIVIANO,60,LESIONADO,MUJER,CICLISTA
2021-04-10 02:14:45,-3.986599,-79.192459,Calle Miguel Riofrio,SOLO_DANOS,Caida,Falla mecanica,23,LESIONADO,MUJER,CICLISTA,,,,,,,,
2021-02-10 20:13:29,-4.032649,-79.186936,Calle Bolivar,SOLO_DANOS,Colision Multiple,Via resbaladiza o mojada,,,,,,,,,,,,
2021-10-27 03:07:13,-4.036778,-79.225990,Calle Montufar,CON_FALLECIDOS,Choque Vehicular,Exceso de velocidad,42,FALLECIDO,NO_REGISTRA,MOTOCICLETA,,,,,,,,
2021-04-05 11:16:20,-3.991965,-79.180320,Calle 10 de Agosto,CON_FALLECIDOS,Volcamiento,Falla mecanica,25,FALLECIDO,NO_REGISTRA,OTRO,21,FALLECIDO,MUJER,MOTOCICLETA,30,LESIONADO,NO_REGISTRA,MOTOCICLETA
2021-09-20 11:59:59,-4.034830,-79.179454,Calle Quito,CON_LESIONADOS,Colision Multiple,Estado de embriaguez,46,LESIONADO,MUJER,SCOOTER,49,LESIONADO,HOMBRE,CICLISTA,,,,
2021-01-21 17:14:50,-4.032235,-79.223639,Calle Imbabura,CON_FALLECIDOS,Volcamiento,Equipo de seguridad deficiente,25,FALLECIDO,MUJER,MOTOCICLETA,50,LESIONADO,HOMBRE,CICLISTA,,,,
2021-12-07 17:29:35,-4.014849,-79.220382,Av. Metropolitana,CON_FALLECIDOS,Incendio,Distraccion (celular/radio),48,FALLECIDO,NO_REGISTRA,SCOOTER,19,FALLECIDO,NO_REGISTRA,OTRO,51,LESIONADO,MUJER,PEATON
2021-04-04 07:46:46,-4.013887,-79.222032,Calle Imbabura,SOLO_DANOS,Colision Multiple,Mal estado de la via,,,,,,,,,,,,
2021-08-13 15:20:40,-3.988615,-79.180683,Av. Pio Jaramillo,CON_LESIONADOS,Choque Vehicular,Equipo de seguridad deficiente,67,LESIONADO,MUJER,OTRO,79,LESIONADO,HOMBRE,SCOOTER,,,,