fecha_hora,latitud,longitud,via,grado_severidad,tipo_siniestro,causa_probable,victima1_edad,victima1_condicion,victima1_sexo,victima1_actor_vial,victima2_edad,victima2_condicion,victima2_sexo,victima2_actor_vial,victima3_edad,victima3_condicion,victima3_sexo,victima3_actor_vial
2021-12-21 22:37:55,-3.982385,-79.197581,Calle Miguel Riofrio,SOLO_DANOS,Atropellamiento,Via resbaladiza o mojada,,,,,,,,,,,,
2021-04-17 00:55:41,-3.978544,-79.191924,Av. 8 de Diciembre,SOLO_DANOS,Caida,Estado de embriaguez,,,,,,,,,,,,
2021-03-30 16:16:08,-4.021540,-79.195502,Av. 8 de Diciembre,SOLO_DANOS,Incendio,Imprudencia del conductor,,,,,,,,,,,,
2021-09-17 23:41:49,-4.012801,-79.200482,Calle Miguel Riofrio,CON_FALLECIDOS,Volcamiento,Distraccion (celular/radio),32,FALLECIDO,NO_REGISTRA,SCOOTER,38,FALLECIDO,HOMBRE,SCOOTER,57,LESIONADO,MUJER,SCOOTER
2021-07-05 13:05:56,-4.009077,-79.199209,Calle Quito,CON_FALLECIDOS,Caida,Estado de embriaguez,46,FALLECIDO,HOMBRE,OTRO,26,FALLECIDO,MUJER,MOTOCICLETA,68,LESIONADO,MUJER,CICLISTA
2021-12-11 16:52:16,-4.036313,-79.192777,Av. Metropolitana,SOLO_DANOS,Atropellamiento,Via resbaladiza o mojada,,,,,,,,,,,,
2021-03-31 07:22:49,-4.008414,-79.219616,Ruta 35,CON_LESIONADOS,Incendio,Inobservancia de senales,28,LESIONADO,NO_REGISTRA,PEATON,,,,,,,,
2021-03-27 14:26:16,-3.980722,-79.181274,Calle Colon,SOLO_DANOS,Accidente Laboral,Fatiga del conductor,,,,,,,,,,,,
2021-07-12 02:54:59,-3.990049,-79.180608,Av. Gran Colombia,CON_LESIONADOS,Incendio,Imprudencia del conductor,25,LESIONADO,MUJER,PEATON,59,LESIONADO,HOMBRE,CICLISTA,74,LESIONADO,HOMBRE,MOTOCICLETA
2021-09-05 12:11:50,-3.978542,-79.185532,Calle Imbabura,CON_FALLECIDOS,Atropellamiento,Estado de embriaguez,31,FALLECIDO,HOMBRE,SCOOTER,32,FALLECIDO,MUJER,MOTOCICLETA,,,,
2021-06-06 08:29:51,-3.992068,-79.216343,Av. Cuxibamba,SOLO_DANOS,Accidente Laboral,Exceso de velocidad,,,,,,,,,,,,
2021-10-30 22:55:51,-3.997348,-79.197145,Calle Saraguro,SOLO_DANOS,Accidente Laboral,Imprudencia del conductor,,,,,,,,,,,,
2021-12-25 17:42:40,-3.989090,-79.181000,Calle Miguel Riofrio,CON_FALLECIDOS,Caida,Falla mecanica,79,FALLECIDO,HOMBRE,VEH_LIVIANO,,,,,,,,
2021-01-08 04:32:06,-4.018405,-79.214201,Via Loja - Zamora,CON_LESIONADOS,Accidente Laboral,Mal estado de la via,64,LESIONADO,NO_REGISTRA,CICLISTA,38,LESIONADO,NO_REGISTRA,VEH_LIVIANO,,,,
2021-03-17 00:18:23,-3.991826,-79.188766,Calle Azogues,CON_LESIONADOS,Atropellamiento,Inobservancia de senales,37,LESIONADO,NO_REGISTRA,CICLISTA,64,LESIONADO,MUJER,PEATON,,,,
2021-10-04 21:12:31,-4.008312,-79.174457,Calle 10 de Agosto,SOLO_DANOS,Incendio,Visibilidad reducida,,,,,,,,,,,,
2021-12-30 03:02:49,-3.995481,-79.199079,Av. Rosa Hermosa,CON_LESIONADOS,Choque Vehicular,Via resbaladiza o mojada,16,LESIONADO,HOMBRE,MOTOCICLETA,,,,,,,,
2021-02-10 00:06:14,-4.000302,-79.200242,Calle Azogues,SOLO_DANOS,Accidente Laboral,Fatiga del conductor,,,,,,,,,,,,
2021-10-01 23:34:10,-4.006909,-79.173106,Av. Reinaldo Espinosa,SOLO_DANOS,Volcamiento,Falla mecanica,,,,,,,,,,,,
2021-04-23 07:00:41,-3.984781,-79.180126,Av. Metropolitana,CON_FALLECIDOS,Colision Multiple,Equipo de seguridad deficiente,18,FALLECIDO,NO_REGISTRA,MOTOCICLETA,49,FALLECIDO,NO_REGISTRA,MOTOCICLETA,,,,
2021-10-11 09:47:56,-4.026177,-79.203074,Calle Sucre,SOLO_DANOS,Choque Vehicular,Via resbaladiza o mojada,,,,,,,,,,,,
2021-04-05 11:17:20,-3.985323,-79.187197,Calle Bolivar,SOLO_DANOS,Colision Multiple,Visibilidad reducida,26,LESIONADO,HOMBRE,MOTOCICLETA,,,,,,,,
2021-04-07 07:30:33,-3.980305,-79.181093,Calle Quito,CON_FALLECIDOS,Colision Multiple,Exceso de velocidad,52,FALLECIDO,HOMBRE,VEH_LIVIANO,22,FALLECIDO,NO_REGISTRA,VEH_LIVIANO,66,LESIONADO,NO_REGISTRA,PEATON
2021-06-22 14:59:00,-4.029807,-79.181785,Calle Imbabura,CON_LESIONADOS,Caida,Imprudencia del conductor,34,LESIONADO,MUJER,OTRO,,,,,,,,
2021-01-28 01:41:32,-3.981172,-79.194749,Via Loja - Catamayo,SOLO_DANOS,Colision Multiple,Visibilidad reducida,,,,,,,,,,,,
2021-03-19 13:00:37,-3.992262,-79.220578,Calle Miguel Riofrio,CON_FALLECIDOS,Accidente Laboral,Equipo de seguridad deficiente,21,FALLECIDO,HOMBRE,VEH_LIVIANO,34,LESIONADO,HOMBRE,VEH_LIVIANO,36,LESIONADO,HOMBRE,MOTOCICLETA
2021-12-27 18:58:39,-4.018871,-79.204440,Av. Universitaria,CON_LESIONADOS,Colision Multiple,Factores externos,71,LESIONADO,NO_REGISTRA,OTRO,70,LESIONADO,HOMBRE,VEH_LIVIANO,13,LESIONADO,NO_REGISTRA,OTRO
2021-01-06 02:50:55,-3.998795,-79.188212,Calle Montufar,CON_FALLECIDOS,Volcamiento,Mal estado de la via,49,FALLECIDO,NO_REGISTRA,VEH_LIVIANO,26,LESIONADO,HOMBRE,OTRO,79,LESIONADO,HOMBRE,MOTOCICLETA
2021-08-12 07:35:08,-3.979911,-79.204310,Av. Orillas del Zamora,CON_LESIONADOS,Accidente Laboral,Inobservancia de senales,60,LESIONADO,NO_REGISTRA,SCOOTER,70,LESIONADO,MUJER,SCOOTER,70,LESIONADO,NO_REGISTRA,VEH_LIVIANO
2021-08-26 17:50:37,-4.033527,-79.197406,Calle 10 de Agosto,CON_FALLECIDOS,Incendio,Falla mecanica,21,FALLECIDO,MUJER,VEH_LIVIANO,18,LESIONADO,NO_REGISTRA,OTRO,28,LESIONADO,NO_REGISTRA,PEATON
2021-06-02 23:59:52,-4.009596,-79.205989,Calle Miguel Riofrio,CON_FALLECIDOS,Volcamiento,Fatiga del conductor,57,FALLECIDO,NO_REGISTRA,CICLISTA,6,LESIONADO,NO_REGISTRA,VEH_LIVIANO,,,,
2021-05-06 07:19:15,-3.997324,-79.182285,Av. Cuxibamba,SOLO_DANOS,Colision Multiple,Falla mecanica,,,,,,,,,,,,
2021-12-29 23:07:36,-4.005176,-79.226390,Calle Azogues,CON_LESIONADOS,Atropellamiento,Factores externos,24,LESIONADO,MUJER,PEATON,,,,,,,,
2021-08-18 00:14:49,-3.985806,-79.230727,Av. Rosa Hermosa,SOLO_DANOS,Colision Multiple,Via resbaladiza o mojada,,,,,,,,,,,,
2021-01-16 03:22:31,-4.033924,-79.191675,Av. Rosa Hermosa,CON_FALLECIDOS,Volcamiento,Fatiga del conductor,31,FALLECIDO,NO_REGISTRA,PEATON,37,FALLECIDO,NO_REGISTRA,OTRO,69,LESIONADO,NO_REGISTRA,MOTOCICLETA
2021-01-05 22:09:35,-4.009812,-79.190281,Av. Isidro Ayora,CON_FALLECIDOS,Atropellamiento,Via resbaladiza o mojada,32,FALLECIDO,HOMBRE,PEATON,42,LESIONADO,HOMBRE,VEH_LIVIANO,37,LESIONADO,NO_REGISTRA,OTRO
2021-04-03 09:33:44,-4.034556,-79.209844,Calle Imbabura,CON_FALLECIDOS,Volcamiento,Distraccion (celular/radio),78,FALLECIDO,MUJER,MOTOCICLETA,60,LESIONADO,HOMBRE,PEATON,25,LESIONADO,NO_REGISTRA,OTRO
2021-03-09 17:53:47,-4.025920,-79.213454,Via Loja - Catamayo,CON_FALLECIDOS,Incendio,Fatiga del conductor,20,FALLECIDO,HOMBRE,SCOOTER,45,FALLECIDO,NO_REGISTRA,MOTOCICLETA,66,LESIONADO,NO_REGISTRA,SCOOTER
2021-11-07 22:58:36,-3.987134,-79.219886,Calle Ramon Borrero,CON_FALLECIDOS,Atropellamiento,Fatiga del conductor,18,FALLECIDO,HOMBRE,SCOOTER,68,LESIONADO,MUJER,VEH_LIVIANO,,,,
2021-08-02 17:09:43,-4.034648,-79.193262,Av. Orillas del Zamora,SOLO_DANOS,Volcamiento,Distraccion (celular/radio),,,,,,,,,,,,
2021-10-06 21:59:57,-3.985775,-79.186407,Calle Miguel Riofrio,SOLO_DANOS,Choque Vehicular,Equipo de seguridad deficiente,,,,,,,,,,,,
2021-01-18 19:08:50,-3.991562,-79.176219,Av. Manuel Agustin Aguirre,CON_LESIONADOS,Choque Vehicular,Exceso de velocidad,62,LESIONADO,MUJER,PEATON,17,LESIONADO,HOMBRE,VEH_LIVIANO,7,LESIONADO,MUJER,PEATON
2021-08-25 12:35:43,-4.006584,-79.224775,Av. Universitaria,SOLO_DANOS,Caida,Imprudencia del conductor,,,,,,,,,,,,
2021-09-07 00:00:34,-3.981310,-79.216272,Av. Reinaldo Espinosa,CON_FALLECIDOS,Caida,Inobservancia de senales,47,FALLECIDO,NO_REGISTRA,CICLISTA,49,LESIONADO,HOMBRE,OTRO,47,LESIONADO,HOMBRE,CICLISTA
2021-09-27 20:01:02,-4.024294,-79.202103,Calle Mercadillo,SOLO_DANOS,Colision Multiple,Equipo de seguridad deficiente,,,,,,,,,,,,
2021-01-10 05:03:16,-4.013875,-79.219502,Calle Bolivar,CON_LESIONADOS,Incendio,Exceso de velocidad,46,LESIONADO,NO_REGISTRA,VEH_LIVIANO,31,LESIONADO,MUJER,OTRO,,,,
2021-03-09 07:22:31,-4.034996,-79.195444,Calle Mercadillo,CON_LESIONADOS,Choque Vehicular,Imprudencia del conductor,28,LESIONADO,HOMBRE,VEH_LIVIANO,14,LESIONADO,MUJER,CICLISTA,,,,
2021-01-15 19:26:56,-4.015983,-79.218653,Calle 18 de Noviembre,CON_LESIONADOS,Colision Multiple,Exceso de velocidad,43,LESIONADO,NO_REGISTRA,OTRO,56,LESIONADO,HOMBRE,CICLISTA,,,,
2021-03-06 21:07:36,-3.992039,-79.174858,Av. Pio Jaramillo,CON_FALLECIDOS,Atropellamiento,Factores externos,50,FALLECIDO,HOMBRE,CICLISTA,,,,,,,,
2021-02-03 22:37:44,-4.021921,-79.177655,Calle 10 de Agosto,SOLO_DANOS,Incendio,Exceso de velocidad,,,,,,,,,,,,
2021-11-28 22:13:39,-4.034753,-79.225369,Calle 10 de Agosto,CON_FALLECIDOS,Accidente Laboral,Distraccion (celular/radio),37,FALLECIDO,HOMBRE,SCOOTER,,,,,,,,
2021-08-12 07:19:35,-3.999082,-79.220238,Calle Bolivar,CON_FALLECIDOS,Atropellamiento,Exceso de velocidad,85,FALLECIDO,HOMBRE,PEATON,17,LESIONADO,NO_REGISTRA,OTRO,,,,
2021-11-27 04:54:13,-4.021686,-79.206615,Via Loja - Catamayo,CON_LESIONADOS,Volcamiento,Falla mecanica,43,LESIONADO,NO_REGISTRA,OTRO,16,LESIONADO,NO_REGISTRA,CICLISTA,,,,
2021-12-01 07:27:37,-3.999954,-79.175273,Av. Universitaria,CON_LESIONADOS,Accidente Laboral,Via resbaladiza o mojada,6,LESIONADO,NO_REGISTRA,SCOOTER,9,LESIONADO,MUJER,VEH_LIVIANO,68,LESIONADO,HOMBRE,SCOOTER
2021-05-25 23:25:10,-4.022794,-79.191690,Calle Bolivar,CON_FALLECIDOS,Atropellamiento,Falla mecanica,25,FALLECIDO,NO_REGISTRA,CICLISTA,22,FALLECIDO,MUJER,MOTOCICLETA,,,,
2021-05-23 09:52:33,-4.006179,-79.202521,Av. Pio Jaramillo,SOLO_DANOS,Caida,Distraccion (celular/radio),,,,,,,,,,,,
2021-08-03 17:36:16,-3.979689,-79.211599,Calle 18 de Noviembre,CON_FALLECIDOS,Volcamiento,Estado de embriaguez,50,FALLECIDO,HOMBRE,PEATON,7,LESIONADO,HOMBRE,SCOOTER,,,,
2021-08-18 16:53:54,-4.001866,-79.209768,Calle Montufar,CON_LESIONADOS,Accidente Laboral,Estado de embriaguez,14,LESIONADO,MUJER,VEH_LIVIANO,55,LESIONADO,NO_REGISTRA,PEATON,74,LESIONADO,MUJER,SCOOTER
2021-05-15 23:06:30,-3.980509,-79.175522,Av. Metropolitana,SOLO_DANOS,Atropellamiento,Factores externos,,,,,,,,,,,,
2021-05-30 19:33:03,-4.015341,-79.188045,Av. Metropolitana,CON_LESIONADOS,Atropellamiento,Visibilidad reducida,39,LESIONADO,HOMBRE,SCOOTER,,,,,,,,
2021-10-15 13:05:55,-3.997383,-79.174811,Av. Orillas del Zamora,CON_LESIONADOS,Accidente Laboral,Factores externos,64,LESIONADO,MUJER,SCOOTER,,,,,,,,
2021-09-13 17:36:43,-4.010690,-79.186903,Calle Colon,SOLO_DANOS,Atropellamiento,Imprudencia del conductor,,,,,,,,,,,,
2021-11-05 07:39:58,-3.994353,-79.228298,Calle 10 de Agosto,CON_FALLECIDOS,Caida,Equipo de seguridad deficiente,28,FALLECIDO,MUJER,SCOOTER,20,FALLECIDO,MUJER,CICLISTA,27,LESIONADO,NO_REGISTRA,VEH_LIVIANO
2021-12-11 10:45:43,-4.030441,-79.218042,Ruta 35,CON_FALLECIDOS,Caida,Equipo de seguridad deficiente,59,FALLECIDO,HOMBRE,OTRO,56,LESIONADO,MUJER,PEATON,31,LESIONADO,MUJER,VEH_LIVIANO
2021-09-02 12:25:58,-3.981015,-79.217615,Calle Imbabura,SOLO_DANOS,Colision Multiple,Visibilidad reducida,28,LESIONADO,NO_REGISTRA,PEATON,,,,,,,,
2021-02-22 05:13:50,-4.032122,-79.219667,Av. Reinaldo Espinosa,CON_FALLECIDOS,Atropellamiento,Exceso de velocidad,83,FALLECIDO,MUJER,PEATON,52,FALLECIDO,HOMBRE,VEH_LIVIANO,63,LESIONADO,NO_REGISTRA,VEH_LIVIANO
2021-12-15 11:23:00,-4.024206,-79.221880,Av. Orillas del Zamora,SOLO_DANOS,Volcamiento,Inobservancia de senales,,,,,,,,,,,,
2021-09-17 07:45:55,-4.002063,-79.223241,Av. Metropolitana,CON_LESIONADOS,Accidente Laboral,Mal estado de la via,52,LESIONADO,NO_REGISTRA,SCOOTER,51,LESIONADO,MUJER,MOTOCICLETA,,,,
2021-09-22 18:21:15,-4.035511,-79.220072,Av. Isidro Ayora,CON_LESIONADOS,Volcamiento,Via resbaladiza o mojada,17,LESIONADO,MUJER,MOTOCICLETA,70,LESIONADO,MUJER,MOTOCICLETA,44,LESIONADO,NO_REGISTRA,SCOOTER
2021-08-12 17:29:37,-4.020177,-79.193383,Av. Universitaria,CON_LESIONADOS,Volcamiento,Estado de embriaguez,23,LESIONADO,HOMBRE,PEATON,,,,,,,,
2021-06-26 02:25:46,-4.012337,-79.219205,Calle Colon,CON_FALLECIDOS,Volcamiento,Estado de embriaguez,40,FALLECIDO,MUJER,OTRO,40,FALLECIDO,HOMBRE,VEH_LIVIANO,55,LESIONADO,HOMBRE,OTRO
2021-03-03 01:20:43,-3.979967,-79.216052,Calle Miguel Riofrio,SOLO_DANOS,Volcamiento,Inobservancia de senales,,,,,,,,,,,,
2021-12-16 19:51:53,-4.034667,-79.212380,Av. Universitaria,CON_FALLECIDOS,Choque Vehicular,Distraccion (celular/radio),55,FALLECIDO,NO_REGISTRA,PEATON,39,LESIONADO,MUJER,CICLISTA,,,,
2021-10-21 09:04:54,-4.021161,-79.219615,Calle Quito,CON_LESIONADOS,Volcamiento,Via resbaladiza o mojada,31,LESIONADO,NO_REGISTRA,SCOOTER,34,LESIONADO,NO_REGISTRA,SCOOTER,8,LESIONADO,NO_REGISTRA,MOTOCICLETA
2021-11-27 09:59:28,-4.031753,-79.214680,Calle Rocafuerte,CON_FALLECIDOS,Incendio,Factores externos,71,FALLECIDO,HOMBRE,CICLISTA,75,LESIONADO,NO_REGISTRA,OTRO,64,LESIONADO,NO_REGISTRA,SCOOTER
2021-10-11 21:06:24,-4.004019,-79.199216,Calle Bolivar,CON_LESIONADOS,Accidente Laboral,Imprudencia del conductor,58,LESIONADO,HOMBRE,SCOOTER,70,LESIONADO,HOMBRE,OTRO,,,,
2021-04-13 22:26:25,-4.028375,-79.214246,Ruta 35,CON_LESIONADOS,Colision Multiple,Imprudencia del conductor,20,LESIONADO,MUJER,CICLISTA,,,,,,,,
2021-03-06 18:06:27,-3.995819,-79.191833,Calle Montufar,CON_FALLECIDOS,Incendio,Mal estado de la via,81,FALLECIDO,MUJER,CICLISTA,,,,,,,,
2021-07-20 13:31:04,-4.004112,-79.217431,Calle 18 de Noviembre,CON_FALLECIDOS,Accidente Laboral,Equipo de seguridad deficiente,70,FALLECIDO,NO_REGISTRA,CICLISTA,11,LESIONADO,NO_REGISTRA,OTRO,,,,
2021-07-27 09:16:05,-4.003420,-79.225467,Av. Rosa Hermosa,SOLO_DANOS,Volcamiento,Equipo de seguridad deficiente,,,,,,,,,,,,
2021-08-25 14:22:40,-4.025370,-79.211601,Av. Pio Jaramillo,CON_LESIONADOS,Choque Vehicular,Fatiga del conductor,58,LESIONADO,HOMBRE,MOTOCICLETA,,,,,,,,
2021-08-31 15:28:45,-4.005530,-79.181426,Av. Pio Jaramillo,SOLO_DANOS,Volcamiento,Via resbaladiza o mojada,,,,,,,,,,,,
2021-09-28 13:24:20,-4.003620,-79.203714,Calle Sucre,SOLO_DANOS,Volcamiento,Via resbaladiza o mojada,,,,,,,,,,,,
2021-09-08 20:08:27,-3.993146,-79.215267,Calle Colon,CON_LESIONADOS,Atropellamiento,Distraccion (celular/radio),74,LESIONADO,MUJER,PEATON,21,LESIONADO,NO_REGISTRA,PEATON,,,,
2021-12-18 03:12:32,-4.019487,-79.210238,Av. Rosa Hermosa,CON_FALLECIDOS,Volcamiento,Exceso de velocidad,78,FALLECIDO,MUJER,MOTOCICLETA,54,LESIONADO,MUJER,OTRO,,,,
2021-09-17 13:43:56,-4.018185,-79.171178,Av. Isidro Ayora,CON_LESIONADOS,Choque Vehicular,Falla mecanica,14,LESIONADO,NO_REGISTRA,PEATON,,,,,,,,
2021-11-27 06:03:47,-4.017607,-79.171905,Av. Orillas del Zamora,SOLO_DANOS,Accidente Laboral,Estado de embriaguez,,,,,,,,,,,,
2021-01-11 16:45:05,-3.981211,-79.191263,Ruta 35,CON_FALLECIDOS,Choque Vehicular,Equipo de seguridad deficiente,32,FALLECIDO,MUJER,OTRO,26,FALLECIDO,MUJER,CICLISTA,8,LESIONADO,HOMBRE,PEATON
2021-04-01 05:14:33,-4.014931,-79.178862,Calle Quito,SOLO_DANOS,Volcamiento,Exceso de velocidad,,,,,,,,,,,,
2021-05-19 18:31:45,-4.021798,-79.173501,Calle Imbabura,CON_LESIONADOS,Colision Multiple,Inobservancia de senales,6,LESIONADO,NO_REGISTRA,VEH_LIVIANO,27,LESIONADO,HOMBRE,VEH_LIVIANO,67,LESIONADO,MUJER,SCOOTER
2021-11-22 16:06:37,-3.997526,-79.182420,Calle Montufar,CON_LESIONADOS,Accidente Laboral,Equipo de seguridad deficiente,75,LESIONADO,MUJER,CICLISTA,,,,,,,,
2021-03-17 02:37:53,-4.021316,-79.223943,Av. Reinaldo Espinosa,CON_LESIONADOS,Caida,Fatiga del conductor,72,LESIONADO,MUJER,VEH_LIVIANO,18,LESIONADO,HOMBRE,VEH_LIVIANO,,,,
2021-01-07 07:25:11,-3.985134,-79.216138,Av. Metropolitana,SOLO_DANOS,Choque Vehicular,Falla mecanica,,,,,,,,,,,,
2021-10-02 13:26:04,-4.008018,-79.192846,Av. Manuel Agustin Aguirre,CON_LESIONADOS,Incendio,Mal estado de la via,23,LESIONADO,MUJER,OTRO,,,,,,,,
2021-11-11 16:20:28,-3.982497,-79.193443,Av. Gran Colombia,CON_FALLECIDOS,Atropellamiento,Mal estado de la via,27,FALLECIDO,HOMBRE,VEH_LIVIANO,45,FALLECIDO,NO_REGISTRA,CICLISTA,15,LESIONADO,NO_REGISTRA,PEATON
2021-10-02 10:29:32,-4.031304,-79.195863,Calle 18 de Noviembre,SOLO_DANOS,Choque Vehicular,Estado de embriaguez,,,,,,,,,,,,
2021-11-21 12:22:00,-4.025649,-79.182559,Via Loja - Catamayo,CON_FALLECIDOS,Accidente Laboral,Equipo de seguridad deficiente,27,FALLECIDO,HOMBRE,VEH_LIVIANO,22,LESIONADO,HOMBRE,MOTOCICLETA,6,LESIONADO,HOMBRE,VEH_LIVIANO
2021-11-16 07:39:50,-3.983311,-79.212966,Av. Manuel Agustin Aguirre,SOLO_DANOS,Caida,Via resbaladiza o mojada,60,LESIONADO,NO_REGISTRA,SCOOTER,,,,,,,,
2021-04-30 07:20:30,-4.025517,-79.189288,Calle 10 de Agosto,CON_FALLECIDOS,Atropellamiento,Falla mecanica,70,FALLECIDO,NO_REGISTRA,PEATON,49,FALLECIDO,MUJER,OTRO,72,LESIONADO,MUJER,OTRO
2021-03-10 04:38:22,-4.011006,-79.219712,Calle 18 de Noviembre,CON_FALLECIDOS,Incendio,Via resbaladiza o mojada,54,FALLECIDO,MUJER,SCOOTER,81,FALLECIDO,HOMBRE,MOTOCICLETA,71,LESIONADO,HOMBRE,SCOOTER
2021-05-17 13:26:17,-4.020097,-79.207330,Av. Pio Jaramillo,SOLO_DANOS,Atropellamiento,Visibilidad reducida,58,LESIONADO,NO_REGISTRA,PEATON,,,,,,,,
2021-09-02 03:41:05,-4.012100,-79.202238,Calle Mercadillo,CON_LESIONADOS,Atropellamiento,Estado de embriaguez,61,LESIONADO,MUJER,MOTOCICLETA,,,,,,,,
2021-07-06 13:05:59,-3.985554,-79.229896,Av. Rosa Hermosa,SOLO_DANOS,Colision Multiple,Via resbaladiza o mojada,,,,,,,,,,,,
2021-10-03 12:07:50,-4.035057,-79.210189,Ruta 35,CON_LESIONADOS,Caida,Via resbaladiza o mojada,77,LESIONADO,NO_REGISTRA,SCOOTER,5,LESIONADO,MUJER,SCOOTER,56,LESIONADO,HOMBRE,OTRO
2021-09-21 09:33:49,-4.011259,-79.224558,Calle Miguel Riofrio,CON_FALLECIDOS,Colision Multiple,Via resbaladiza o mojada,79,FALLECIDO,MUJER,CICLISTA,57,FALLECIDO,MUJER,PEATON,,,,
2021-02-17 16:59:23,-3.991055,-79.191215,Av. Orillas del Zamora,SOLO_DANOS,Caida,Imprudencia del conductor,,,,,,,,,,,,
2021-02-04 07:38:56,-4.021698,-79.229747,Av. Isidro Ayora,CON_LESIONADOS,Atropellamiento,Imprudencia del conductor,14,LESIONADO,MUJER,OTRO,,,,,,,,
2021-07-26 09:36:48,-4.030165,-79.217356,Av. Cuxibamba,SOLO_DANOS,Volcamiento,Mal estado de la via,,,,,,,,,,,,
2021-11-16 19:33:30,-3.983649,-79.215832,Av. 8 de Diciembre,SOLO_DANOS,Accidente Laboral,Estado de embriaguez,,,,,,,,,,,,
2021-03-04 12:55:09,-4.003137,-79.171170,Av. Metropolitana,CON_FALLECIDOS,Caida,Inobservancia de senales,19,FALLECIDO,NO_REGISTRA,MOTOCICLETA,79,FALLECIDO,HOMBRE,SCOOTER,11,LESIONADO,MUJER,OTRO
2021-04-11 20:04:10,-4.026690,-79.206791,Av. Universitaria,SOLO_DANOS,Colision Multiple,Falla mecanica,,,,,,,,,,,,
2021-10-26 05:13:35,-4.021592,-79.175052,Via Loja - Zamora,CON_LESIONADOS,Colision Multiple,Equipo de seguridad deficiente,79,LESIONADO,MUJER,OTRO,49,LESIONADO,MUJER,SCOOTER,70,LESIONADO,NO_REGISTRA,OTRO
2021-07-12 20:32:20,-4.031821,-79.192202,Calle Azogues,CON_LESIONADOS,Atropellamiento,Factores externos,35,LESIONADO,MUJER,VEH_LIVIANO,68,LESIONADO,HOMBRE,SCOOTER,,,,
2021-01-03 12:04:04,-3.977895,-79.200680,Calle Colon,CON_LESIONADOS,Accidente Laboral,Inobservancia de senales,8,LESIONADO,MUJER,OTRO,,,,,,,,
2021-06-18 22:32:20,-4.018541,-79.215574,Calle 18 de Noviembre,CON_LESIONADOS,Atropellamiento,Via resbaladiza o mojada,19,LESIONADO,MUJER,PEATON,68,LESIONADO,MUJER,PEATON,,,,
2021-08-27 07:00:28,-3.995159,-79.190789,Ruta 35,SOLO_DANOS,Accidente Laboral,Mal estado de la via,37,LESIONADO,NO_REGISTRA,VEH_LIVIANO,,,,,,,,
2021-04-10 21:38:04,-4.023422,-79.216867,Calle Sucre,SOLO_DANOS,Volcamiento,Falla mecanica,,,,,,,,,,,,
2021-10-02 19:11:40,-3.997761,-79.205776,Av. Isidro Ayora,CON_FALLECIDOS,Volcamiento,Visibilidad reducida,67,FALLECIDO,MUJER,OTRO,65,LESIONADO,NO_REGISTRA,SCOOTER,74,LESIONADO,MUJER,OTRO
2021-09-21 12:03:00,-4.003719,-79.220155,Av. Universitaria,CON_FALLECIDOS,Incendio,Inobservancia de senales,80,FALLECIDO,MUJER,VEH_LIVIANO,56,FALLECIDO,HOMBRE,SCOOTER,5,LESIONADO,MUJER,VEH_LIVIANO
2021-04-23 05:59:12,-4.036237,-79.218148,Av. Reinaldo Espinosa,CON_FALLECIDOS,Incendio,Imprudencia del conductor,48,FALLECIDO,NO_REGISTRA,VEH_LIVIANO,54,FALLECIDO,HOMBRE,OTRO,36,LESIONADO,HOMBRE,CICLISTA
2021-03-02 17:27:22,-4.031566,-79.182623,Ruta 35,CON_LESIONADOS,Volcamiento,Distraccion (celular/radio),53,LESIONADO,HOMBRE,OTRO,,,,,,,,
2021-03-05 01:49:09,-3.980239,-79.172836,Calle Bolivar,SOLO_DANOS,Colision Multiple,Factores externos,17,LESIONADO,HOMBRE,OTRO,,,,,,,,
2021-02-07 13:13:51,-4.004961,-79.185079,Calle Imbabura,CON_LESIONADOS,Caida,Visibilidad reducida,42,LESIONADO,NO_REGISTRA,MOTOCICLETA,,,,,,,,
2021-10-04 00:10:52,-3.981092,-79.197066,Av. Reinaldo Espinosa,CON_FALLECIDOS,Volcamiento,Exceso de velocidad,39,FALLECIDO,MUJER,MOTOCICLETA,,,,,,,,
2021-12-02 15:14:06,-4.022530,-79.198266,Calle Sucre,CON_LESIONADOS,Colision Multiple,Exceso de velocidad,69,LESIONADO,NO_REGISTRA,CICLISTA,41,LESIONADO,NO_REGISTRA,MOTOCICLETA,,,,
2021-03-23 10:07:30,-4.024039,-79.226438,Av. Manuel Agustin Aguirre,CON_FALLECIDOS,Volcamiento,Distraccion (celular/radio),41,FALLECIDO,MUJER,VEH_LIVIANO,47,FALLECIDO,HOMBRE,PEATON,,,,
2021-03-08 23:45:14,-3.994951,-79.174893,Calle Bolivar,CON_FALLECIDOS,Colision Multiple,Mal estado de la via,50,FALLECIDO,MUJER,PEATON,49,FALLECIDO,NO_REGISTRA,VEH_LIVIANO,42,LESIONADO,NO_REGISTRA,CICLISTA
2021-12-27 01:28:58,-4.024618,-79.200399,Calle Quito,CON_LESIONADOS,Caida,Fatiga del conductor,23,LESIONADO,NO_REGISTRA,PEATON,27,LESIONADO,HOMBRE,SCOOTER,,,,
2021-11-13 04:16:40,-3.987188,-79.225715,Av. Reinaldo Espinosa,CON_FALLECIDOS,Caida,Equipo de seguridad deficiente,55,FALLECIDO,NO_REGISTRA,CICLISTA,74,FALLECIDO,HOMBRE,VEH_LIVIANO,37,LESIONADO,MUJER,MOTOCICLETA