fecha_hora,latitud,longitud,via,grado_severidad,tipo_siniestro,causa_probable,victima1_edad,victima1_condicion,victima1_sexo,victima1_actor_vial,victima2_edad,victima2_condicion,victima2_sexo,victima2_actor_vial,victima3_edad,victima3_condicion,victima3_sexo,victima3_actor_vial
2021-07-03 05:02:37,-4.023918,-79.189297,Calle Ramon Borrero,CON_LESIONADOS,Accidente Laboral,Exceso de velocidad,20,LESIONADO,NO_REGISTRA,SCOOTER,,,,,,,,
2021-06-02 13:49:27,-3.985083,-79.188654,Calle Rocafuerte,SOLO_DANOS,Caida,Falla mecanica,,,,,,,,,,,,
2021-10-12 10:36:07,-3.993113,-79.179675,Calle 10 de Agosto,SOLO_DANOS,Atropellamiento,Fatiga del conductor,,,,,,,,,,,,
2021-06-25 17:38:35,-3.981280,-79.210496,Calle Colon,CON_FALLECIDOS,Volcamiento,Mal estado de la via,48,FALLECIDO,HOMBRE,VEH_LIVIANO,,,,,,,,
2021-09-02 18:03:18,-4.027070,-79.204809,Calle 10 de Agosto,SOLO_DANOS,Caida,Factores externos,,,,,,,,,,,,
2021-11-02 00:16:38,-4.010416,-79.225403,Av. Gran Colombia,CON_FALLECIDOS,Incendio,Estado de embriaguez,46,FALLECIDO,MUJER,OTRO,,,,,,,,
2021-09-15 11:16:57,-3.978230,-79.227540,Calle Quito,SOLO_DANOS,Atropellamiento,Mal estado de la via,,,,,,,,,,,,
2021-06-19 04:41:54,-4.000507,-79.218510,Calle Miguel Riofrio,SOLO_DANOS,Atropellamiento,Falla mecanica,,,,,,,,,,,,
2021-02-21 02:06:08,-3.980795,-79.215632,Calle Saraguro,CON_LESIONADOS,Accidente Laboral,Factores externos,80,LESIONADO,HOMBRE,MOTOCICLETA,,,,,,,,
2021-08-31 17:21:44,-3.979026,-79.208075,Calle 18 de Noviembre,CON_LESIONADOS,Colision Multiple,Visibilidad reducida,67,LESIONADO,HOMBRE,CICLISTA,,,,,,,,
2021-03-27 06:32:06,-4.030732,-79.206389,Via Loja - Zamora,SOLO_DANOS,Atropellamiento,Equipo de seguridad deficiente,80,LESIONADO,HOMBRE,PEATON,,,,,,,,
2021-07-16 23:35:33,-4.007053,-79.175488,Av. Rosa Hermosa,SOLO_DANOS,Caida,Factores externos,74,LESIONADO,NO_REGISTRA,CICLISTA,,,,,,,,
2021-10-26 17:03:25,-4.009705,-79.221563,Calle Sucre,SOLO_DANOS,Atropellamiento,Distraccion (celular/radio),,,,,,,,,,,,
2021-07-07 14:41:52,-4.016292,-79.213836,Av. Isidro Ayora,CON_LESIONADOS,Accidente Laboral,Imprudencia del conductor,65,LESIONADO,NO_REGISTRA,OTRO,,,,,,,,
2021-01-10 00:35:54,-3.990725,-79.225309,Calle Azogues,CON_LESIONADOS,Caida,Equipo de seguridad deficiente,27,LESIONADO,HOMBRE,VEH_LIVIANO,9,LESIONADO,MUJER,VEH_LIVIANO,,,,
2021-09-09 20:44:26,-3.992803,-79.194019,Calle Azogues,CON_FALLECIDOS,Atropellamiento,Factores externos,35,FALLECIDO,MUJER,CICLISTA,60,LESIONADO,NO_REGISTRA,VEH_LIVIANO,76,LESIONADO,NO_REGISTRA,MOTOCICLETA
2021-11-06 15:53:52,-4.026292,-79.184491,Av. Universitaria,SOLO_DANOS,Incendio,Via resbaladiza o mojada,,,,,,,,,,,,
2021-06-12 20:17:38,-3.999954,-79.217430,Calle Bolivar,SOLO_DANOS,Incendio,Visibilidad reducida,,,,,,,,,,,,
2021-04-27 13:22:49,-3.986478,-79.205723,Via Loja - Catamayo,CON_FALLECIDOS,Caida,Fatiga del conductor,32,FALLECIDO,MUJER,PEATON,67,LESIONADO,NO_REGISTRA,VEH_LIVIANO,73,LESIONADO,HOMBRE,OTRO
2021-01-04 08:03:17,-4.006687,-79.226437,Calle Bolivar,CON_LESIONADOS,Incendio,Mal estado de la via,34,LESIONADO,NO_REGISTRA,VEH_LIVIANO,,,,,,,,
2021-11-24 15:10:01,-4.017197,-79.185254,Av. Metropolitana,CON_FALLECIDOS,Accidente Laboral,Mal estado de la via,83,FALLECIDO,HOMBRE,CICLISTA,60,FALLECIDO,NO_REGISTRA,SCOOTER,,,,
2021-10-28 17:43:05,-3.986169,-79.222429,Calle Ramon Borrero,CON_LESIONADOS,Choque Vehicular,Mal estado de la via,5,LESIONADO,HOMBRE,CICLISTA,45,LESIONADO,HOMBRE,MOTOCICLETA,,,,
2021-10-28 01:51:36,-3.998432,-79.217371,Av. Pio Jaramillo,CON_LESIONADOS,Volcamiento,Via resbaladiza o mojada,38,LESIONADO,NO_REGISTRA,OTRO,47,LESIONADO,NO_REGISTRA,SCOOTER,35,LESIONADO,HOMBRE,CICLISTA
2021-06-23 04:20:35,-3.993375,-79.209102,Av. Isidro Ayora,CON_FALLECIDOS,Atropellamiento,Falla mecanica,20,FALLECIDO,NO_REGISTRA,VEH_LIVIANO,,,,,,,,
2021-01-10 19:02:14,-3.998924,-79.179324,Av. Reinaldo Espinosa,CON_FALLECIDOS,Volcamiento,Exceso de velocidad,34,FALLECIDO,MUJER,OTRO,,,,,,,,
2021-03-28 20:12:30,-3.997399,-79.173825,Av. Metropolitana,SOLO_DANOS,Volcamiento,Factores externos,58,LESIONADO,NO_REGISTRA,SCOOTER,,,,,,,,
2021-04-17 16:40:24,-4.009708,-79.186493,Ruta 35,CON_FALLECIDOS,Incendio,Imprudencia del conductor,74,FALLECIDO,NO_REGISTRA,MOTOCICLETA,,,,,,,,
2021-08-21 18:22:29,-3.978887,-79.204560,Calle Montufar,CON_FALLECIDOS,Volcamiento,Falla mecanica,19,FALLECIDO,MUJER,OTRO,64,LESIONADO,MUJER,PEATON,47,LESIONADO,HOMBRE,SCOOTER
2021-04-30 18:51:09,-4.021123,-79.182155,Calle Rocafuerte,CON_LESIONADOS,Choque Vehicular,Fatiga del conductor,6,LESIONADO,NO_REGISTRA,OTRO,,,,,,,,
2021-09-18 01:30:12,-4.016090,-79.214706,Av. Rosa Hermosa,SOLO_DANOS,Colision Multiple,Distraccion (celular/radio),42,LESIONADO,HOMBRE,VEH_LIVIANO,,,,,,,,
2021-08-21 08:41:01,-4.013275,-79.215547,Calle Montufar,SOLO_DANOS,Volcamiento,Visibilidad reducida,,,,,,,,,,,,
2021-02-25 22:10:37,-4.028725,-79.193572,Ruta 35,SOLO_DANOS,Choque Vehicular,Equipo de seguridad deficiente,23,LESIONADO,NO_REGISTRA,CICLISTA,,,,,,,,
2021-11-21 06:40:00,-4.033115,-79.183741,Av. Pio Jaramillo,SOLO_DANOS,Volcamiento,Mal estado de la via,,,,,,,,,,,,
2021-05-09 17:14:11,-4.007366,-79.175472,Calle 18 de Noviembre,SOLO_DANOS,Accidente Laboral,Distraccion (celular/radio),,,,,,,,,,,,
2021-10-15 02:49:09,-4.015418,-79.189991,Calle Saraguro,CON_LESIONADOS,Caida,Imprudencia del conductor,60,LESIONADO,NO_REGISTRA,CICLISTA,,,,,,,,
2021-09-30 00:03:30,-3.992326,-79.207850,Calle 10 de Agosto,CON_FALLECIDOS,Colision Multiple,Distraccion (celular/radio),32,FALLECIDO,NO_REGISTRA,CICLISTA,52,FALLECIDO,NO_REGISTRA,OTRO,59,LESIONADO,MUJER,OTRO
2021-06-16 19:20:27,-4.025152,-79.218117,Calle Ramon Borrero,SOLO_DANOS,Volcamiento,Factores externos,,,,,,,,,,,,
2021-11-25 00:24:33,-3.999694,-79.229705,Calle Imbabura,CON_LESIONADOS,Colision Multiple,Imprudencia del conductor,59,LESIONADO,NO_REGISTRA,OTRO,60,LESIONADO,HOMBRE,VEH_LIVIANO,40,LESIONADO,NO_REGISTRA,CICLISTA
2021-01-12 23:06:26,-3.981166,-79.225673,Calle Saraguro,SOLO_DANOS,Colision Multiple,Mal estado de la via,,,,,,,,,,,,
2021-02-21 23:05:18,-3.991422,-79.197645,Av. 8 de Diciembre,CON_LESIONADOS,Incendio,Equipo de seguridad deficiente,59,LESIONADO,MUJER,CICLISTA,5,LESIONADO,MUJER,MOTOCICLETA,39,LESIONADO,HOMBRE,VEH_LIVIANO
2021-03-08 01:56:48,-4.011663,-79.195557,Calle Ramon Borrero,CON_FALLECIDOS,Incendio,Exceso de velocidad,48,FALLECIDO,MUJER,SCOOTER,45,LESIONADO,NO_REGISTRA,OTRO,59,LESIONADO,NO_REGISTRA,OTRO
2021-06-15 17:06:38,-4.029131,-79.182722,Via Loja - Zamora,SOLO_DANOS,Caida,Exceso de velocidad,,,,,,,,,,,,
2021-10-16 14:47:03,-4.010651,-79.227644,Av. Metropolitana,CON_LESIONADOS,Atropellamiento,Visibilidad reducida,64,LESIONADO,MUJER,MOTOCICLETA,74,LESIONADO,HOMBRE,MOTOCICLETA,,,,
2021-12-25 22:22:17,-4.026528,-79.210439,Calle Ramon Borrero,CON_FALLECIDOS,Incendio,Exceso de velocidad,77,FALLECIDO,NO_REGISTRA,VEH_LIVIANO,35,LESIONADO,HOMBRE,PEATON,52,LESIONADO,NO_REGISTRA,PEATON
2021-03-17 14:59:48,-3.998928,-79.213292,Av. Pio Jaramillo,CON_LESIONADOS,Accidente Laboral,Mal estado de la via,58,LESIONADO,NO_REGISTRA,OTRO,33,LESIONADO,NO_REGISTRA,MOTOCICLETA,,,,
2021-07-20 22:47:34,-4.030710,-79.195830,Av. Gran Colombia,CON_LESIONADOS,Accidente Laboral,Via resbaladiza o mojada,12,LESIONADO,MUJER,VEH_LIVIANO,61,LESIONADO,MUJER,MOTOCICLETA,37,LESIONADO,HOMBRE,VEH_LIVIANO
2021-08-29 06:56:42,-4.033023,-79.199967,Calle Mercadillo,SOLO_DANOS,Caida,Via resbaladiza o mojada,71,LESIONADO,NO_REGISTRA,OTRO,,,,,,,,
2021-06-10 15:09:16,-3.981966,-79.217816,Av. Metropolitana,CON_FALLECIDOS,Accidente Laboral,Falla mecanica,56,FALLECIDO,MUJER,CICLISTA,46,LESIONADO,MUJER,SCOOTER,72,LESIONADO,NO_REGISTRA,VEH_LIVIANO
2021-11-02 01:13:48,-4.018851,-79.220804,Av. 8 de Diciembre,CON_FALLECIDOS,Volcamiento,Imprudencia del conductor,67,FALLECIDO,HOMBRE,SCOOTER,35,LESIONADO,MUJER,PEATON,60,LESIONADO,HOMBRE,OTRO
2021-07-12 15:44:06,-4.012120,-79.197169,Av. Metropolitana,SOLO_DANOS,Choque Vehicular,Visibilidad reducida,75,LESIONADO,HOMBRE,VEH_LIVIANO,,,,,,,,
2021-12-25 09:10:42,-4.029797,-79.195985,Av. Rosa Hermosa,CON_FALLECIDOS,Choque Vehicular,Fatiga del conductor,22,FALLECIDO,HOMBRE,SCOOTER,51,FALLECIDO,NO_REGISTRA,SCOOTER,,,,
2021-09-04 01:25:50,-4.002047,-79.187019,Av. Metropolitana,SOLO_DANOS,Colision Multiple,Fatiga del conductor,,,,,,,,,,,,
2021-07-14 06:52:15,-3.984036,-79.216596,Calle Miguel Riofrio,CON_LESIONADOS,Colision Multiple,Inobservancia de senales,67,LESIONADO,MUJER,CICLISTA,,,,,,,,
2021-02-28 11:22:08,-3.983682,-79.230656,Av. Orillas del Zamora,CON_FALLECIDOS,Choque Vehicular,Equipo de seguridad deficiente,20,FALLECIDO,MUJER,MOTOCICLETA,,,,,,,,
2021-06-05 23:19:07,-4.024225,-79.224956,Calle Ramon Borrero,CON_LESIONADOS,Accidente Laboral,Imprudencia del conductor,74,LESIONADO,HOMBRE,VEH_LIVIANO,15,LESIONADO,MUJER,PEATON,,,,
2021-06-14 22:24:51,-4.007005,-79.215450,Av. Metropolitana,CON_FALLECIDOS,Accidente Laboral,Factores externos,28,FALLECIDO,MUJER,PEATON,29,FALLECIDO,MUJER,MOTOCICLETA,,,,
2021-08-01 14:41:51,-4.023410,-79.222523,Calle Mercadillo,CON_LESIONADOS,Accidente Laboral,Fatiga del conductor,65,LESIONADO,MUJER,MOTOCICLETA,15,LESIONADO,MUJER,VEH_LIVIANO,38,LESIONADO,HOMBRE,PEATON
2021-12-28 23:42:05,-4.011748,-79.183740,Calle Miguel Riofrio,CON_LESIONADOS,Choque Vehicular,Factores externos,49,LESIONADO,NO_REGISTRA,OTRO,55,LESIONADO,HOMBRE,MOTOCICLETA,,,,
2021-12-23 19:17:38,-3.989056,-79.185215,Av. Pio Jaramillo,CON_FALLECIDOS,Atropellamiento,Exceso de velocidad,43,FALLECIDO,HOMBRE,MOTOCICLETA,51,LESIONADO,HOMBRE,OTRO,,,,
2021-05-10 06:36:36,-4.014309,-79.180586,Calle 18 de Noviembre,SOLO_DANOS,Atropellamiento,Factores externos,,,,,,,,,,,,
2021-07-17 22:39:46,-3.981158,-79.199841,Av. Gran Colombia,CON_FALLECIDOS,Caida,Imprudencia del conductor,49,FALLECIDO,NO_REGISTRA,MOTOCICLETA,46,FALLECIDO,MUJER,SCOOTER,,,,
2021-05-04 21:24:11,-4.011688,-79.185240,Av. Cuxibamba,CON_FALLECIDOS,Accidente Laboral,Estado de embriaguez,25,FALLECIDO,HOMBRE,MOTOCICLETA,32,LESIONADO,MUJER,CICLISTA,,,,
2021-10-09 22:44:12,-4.030007,-79.204194,Calle Rocafuerte,CON_LESIONADOS,Atropellamiento,Exceso de velocidad,46,LESIONADO,HOMBRE,CICLISTA,33,LESIONADO,MUJER,SCOOTER,56,LESIONADO,NO_REGISTRA,OTRO
2021-03-12 16:03:57,-4.021904,-79.212512,Calle Miguel Riofrio,SOLO_DANOS,Volcamiento,Inobservancia de senales,,,,,,,,,,,,
2021-11-23 10:30:06,-4.016546,-79.213255,Calle Sucre,CON_LESIONADOS,Incendio,Factores externos,58,LESIONADO,NO_REGISTRA,OTRO,,,,,,,,
2021-11-08 20:33:51,-4.000456,-79.212859,Calle Ramon Borrero,CON_FALLECIDOS,Volcamiento,Falla mecanica,82,FALLECIDO,NO_REGISTRA,MOTOCICLETA,44,FALLECIDO,HOMBRE,OTRO,49,LESIONADO,NO_REGISTRA,SCOOTER
2021-12-05 23:00:40,-3.992030,-79.187351,Calle Miguel Riofrio,CON_FALLECIDOS,Choque Vehicular,Inobservancia de senales,20,FALLECIDO,NO_REGISTRA,PEATON,74,FALLECIDO,HOMBRE,VEH_LIVIANO,6,LESIONADO,NO_REGISTRA,PEATON
2021-09-10 01:20:51,-4.008885,-79.227130,Calle Azogues,CON_LESIONADOS,Atropellamiento,Falla mecanica,67,LESIONADO,MUJER,SCOOTER,,,,,,,,
2021-09-12 18:28:01,-4.036461,-79.187952,Calle Rocafuerte,CON_LESIONADOS,Volcamiento,Exceso de velocidad,42,LESIONADO,HOMBRE,PEATON,43,LESIONADO,HOMBRE,OTRO,75,LESIONADO,NO_REGISTRA,VEH_LIVIANO
2021-11-30 20:54:59,-4.032618,-79.186223,Calle Ramon Borrero,CON_LESIONADOS,Volcamiento,Factores externos,75,LESIONADO,MUJER,CICLISTA,73,LESIONADO,MUJER,VEH_LIVIANO,44,LESIONADO,HOMBRE,VEH_LIVIANO
2021-08-05 08:35:31,-4.025881,-79.181600,Av. Reinaldo Espinosa,CON_LESIONADOS,Choque Vehicular,Equipo de seguridad deficiente,13,LESIONADO,MUJER,CICLISTA,71,LESIONADO,HOMBRE,MOTOCICLETA,,,,
2021-11-01 01:26:11,-3.980648,-79.224489,Av. Isidro Ayora,SOLO_DANOS,Caida,Imprudencia del conductor,,,,,,,,,,,,
2021-09-29 13:43:30,-4.035081,-79.181483,Av. Cuxibamba,SOLO_DANOS,Accidente Laboral,Fatiga del conductor,,,,,,,,,,,,
2021-05-01 21:56:33,-3.981220,-79.209304,Calle 18 de Noviembre,CON_LESIONADOS,Volcamiento,Imprudencia del conductor,46,LESIONADO,MUJER,CICLISTA,76,LESIONADO,NO_REGISTRA,SCOOTER,,,,
2021-03-27 08:55:01,-3.977016,-79.212512,Av. Universitaria,SOLO_DANOS,Incendio,Fatiga del conductor,37,LESIONADO,HOMBRE,CICLISTA,,,,,,,,
2021-04-07 17:24:41,-3.991353,-79.215312,Calle Imbabura,CON_LESIONADOS,Choque Vehicular,Exceso de velocidad,66,LESIONADO,HOMBRE,PEATON,24,LESIONADO,NO_REGISTRA,SCOOTER,,,,
2021-05-18 21:09:17,-3.984627,-79.175999,Calle Imbabura,CON_FALLECIDOS,Accidente Laboral,Mal estado de la via,38,FALLECIDO,HOMBRE,CICLISTA,45,LESIONADO,HOMBRE,CICLISTA,,,,
2021-04-01 20:37:09,-3.977041,-79.222303,Av. Rosa Hermosa,CON_LESIONADOS,Incendio,Distraccion (celular/radio),67,LESIONADO,MUJER,OTRO,,,,,,,,
2021-09-26 12:05:43,-3.994085,-79.187934,Av. Rosa Hermosa,SOLO_DANOS,Choque Vehicular,Fatiga del conductor,,,,,,,,,,,,
2021-07-18 16:43:48,-3.994053,-79.206251,Calle Saraguro,SOLO_DANOS,Colision Multiple,Mal estado de la via,,,,,,,,,,,,
2021-01-09 03:47:14,-3.984900,-79.197827,Av. Metropolitana,SOLO_DANOS,Accidente Laboral,Falla mecanica,,,,,,,,,,,,
2021-01-02 23:06:29,-4.017249,-79.202972,Calle Colon,CON_FALLECIDOS,Accidente Laboral,Factores externos,39,FALLECIDO,HOMBRE,VEH_LIVIANO,37,FALLECIDO,NO_REGISTRA,PEATON,,,,
2021-05-16 07:29:42,-4.031004,-79.221572,Av. Gran Colombia,SOLO_DANOS,Volcamiento,Estado de embriaguez,,,,,,,,,,,,
2021-08-07 04:02:32,-3.996301,-79.182329,Av. Gran Colombia,CON_FALLECIDOS,Accidente Laboral,Factores externos,29,FALLECIDO,HOMBRE,VEH_LIVIANO,71,LESIONADO,NO_REGISTRA,CICLISTA,20,LESIONADO,MUJER,VEH_LIVIANO
2021-03-08 10:04:04,-4.025807,-79.191739,Calle Azogues,CON_LESIONADOS,Incendio,Exceso de velocidad,36,LESIONADO,HOMBRE,VEH_LIVIANO,,,,,,,,
2021-09-30 02:40:20,-4.023518,-79.225973,Av. Universitaria,CON_LESIONADOS,Choque Vehicular,Imprudencia del conductor,65,LESIONADO,HOMBRE,SCOOTER,69,LESIONADO,NO_REGISTRA,MOTOCICLETA,39,LESIONADO,HOMBRE,PEATON
2021-06-02 18:44:26,-4.001085,-79.175528,Calle Sucre,SOLO_DANOS,Volcamiento,Via resbaladiza o mojada,,,,,,,,,,,,
2021-12-13 01:26:06,-3.985112,-79.173011,Calle Bolivar,CON_FALLECIDOS,Volcamiento,Distraccion (celular/radio),56,FALLECIDO,MUJER,PEATON,52,FALLECIDO,HOMBRE,MOTOCICLETA,,,,
2021-12-19 00:17:55,-3.987913,-79.218080,Calle 18 de Noviembre,SOLO_DANOS,Accidente Laboral,Falla mecanica,,,,,,,,,,,,
2021-04-25 13:46:21,-3.978382,-79.179482,Calle 18 de Noviembre,CON_LESIONADOS,Volcamiento,Distraccion (celular/radio),52,LESIONADO,MUJER,PEATON,14,LESIONADO,NO_REGISTRA,VEH_LIVIANO,12,LESIONADO,NO_REGISTRA,OTRO
2021-09-21 00:08:28,-4.028469,-79.203753,Calle Colon,CON_LESIONADOS,Atropellamiento,Fatiga del conductor,18,LESIONADO,MUJER,MOTOCICLETA,,,,,,,,
2021-03-04 03:58:41,-4.020107,-79.201419,Via Loja - Zamora,CON_LESIONADOS,Caida,Visibilidad reducida,38,LESIONADO,MUJER,CICLISTA,,,,,,,,
2021-02-02 04:53:47,-4.034877,-79.191105,Calle Colon,CON_FALLECIDOS,Colision Multiple,Via resbaladiza o mojada,24,FALLECIDO,MUJER,OTRO,39,FALLECIDO,MUJER,SCOOTER,58,LESIONADO,HOMBRE,SCOOTER
2021-08-28 20:59:30,-3.986307,-79.210108,Calle Mercadillo,CON_LESIONADOS,Atropellamiento,Factores externos,59,LESIONADO,MUJER,OTRO,42,LESIONADO,MUJER,MOTOCICLETA,,,,
2021-07-16 23:41:56,-4.015236,-79.205837,Via Loja - Zamora,SOLO_DANOS,Colision Multiple,Factores externos,,,,,,,,,,,,
2021-12-09 01:02:30,-3.982788,-79.227884,Av. Cuxibamba,CON_LESIONADOS,Atropellamiento,Visibilidad reducida,32,LESIONADO,NO_REGISTRA,OTRO,67,LESIONADO,HOMBRE,CICLISTA,,,,
2021-10-21 10:04:44,-4.024190,-79.210116,Av. Reinaldo Espinosa,CON_FALLECIDOS,Caida,Via resbaladiza o mojada,60,FALLECIDO,NO_REGISTRA,OTRO,19,FALLECIDO,NO_REGISTRA,CICLISTA,20,LESIONADO,MUJER,CICLISTA
2021-01-21 20:40:59,-4.012715,-79.213780,Calle Miguel Riofrio,SOLO_DANOS,Choque Vehicular,Falla mecanica,,,,,,,,,,,,
2021-03-29 06:25:37,-4.009489,-79.192539,Av. Reinaldo Espinosa,CON_LESIONADOS,Accidente Laboral,Fatiga del conductor,34,LESIONADO,MUJER,PEATON,27,LESIONADO,MUJER,VEH_LIVIANO,,,,
2021-02-12 09:34:21,-4.036503,-79.173426,Calle Mercadillo,CON_FALLECIDOS,Colision Multiple,Falla mecanica,80,FALLECIDO,HOMBRE,OTRO,,,,,,,,
2021-03-05 14:57:53,-4.011295,-79.226511,Av. Universitaria,CON_LESIONADOS,Caida,Via resbaladiza o mojada,5,LESIONADO,HOMBRE,MOTOCICLETA,68,LESIONADO,HOMBRE,PEATON,,,,
2021-02-21 19:54:07,-4.030033,-79.224649,Av. Manuel Agustin Aguirre,CON_FALLECIDOS,Volcamiento,Visibilidad reducida,62,FALLECIDO,NO_REGISTRA,CICLISTA,,,,,,,,
2021-03-13 04:07:20,-4.023356,-79.209060,Av. Universitaria,CON_LESIONADOS,Choque Vehicular,Via resbaladiza o mojada,32,LESIONADO,MUJER,SCOOTER,,,,,,,,
2021-11-09 08:35:31,-3.978502,-79.198714,Via Loja - Catamayo,SOLO_DANOS,Caida,Imprudencia del conductor,,,,,,,,,,,,
2021-05-13 14:11:28,-4.001000,-79.218181,Av. 8 de Diciembre,CON_FALLECIDOS,Accidente Laboral,Visibilidad reducida,33,FALLECIDO,NO_REGISTRA,OTRO,26,FALLECIDO,MUJER,OTRO,5,LESIONADO,HOMBRE,MOTOCICLETA
2021-02-04 14:14:42,-3.994373,-79.229739,Calle Miguel Riofrio,CON_LESIONADOS,Volcamiento,Estado de embriaguez,54,LESIONADO,NO_REGISTRA,OTRO,,,,,,,,
2021-03-25 06:26:10,-4.027915,-79.175390,Calle 10 de Agosto,CON_LESIONADOS,Incendio,Inobservancia de senales,37,LESIONADO,MUJER,VEH_LIVIANO,64,LESIONADO,MUJER,MOTOCICLETA,5,LESIONADO,MUJER,MOTOCICLETA
2021-10-25 21:14:04,-4.017130,-79.195857,Av. Pio Jaramillo,SOLO_DANOS,Incendio,Via resbaladiza o mojada,,,,,,,,,,,,
2021-08-04 20:14:05,-4.028380,-79.219281,Av. Pio Jaramillo,SOLO_DANOS,Accidente Laboral,Equipo de seguridad deficiente,,,,,,,,,,,,
2021-11-01 10:15:13,-4.028147,-79.221359,Av. Reinaldo Espinosa,SOLO_DANOS,Volcamiento,Estado de embriaguez,9,LESIONADO,NO_REGISTRA,PEATON,,,,,,,,
2021-07-29 10:32:57,-4.013627,-79.207906,Av. Orillas del Zamora,CON_LESIONADOS,Accidente Laboral,Equipo de seguridad deficiente,21,LESIONADO,HOMBRE,OTRO,5,LESIONADO,MUJER,SCOOTER,69,LESIONADO,NO_REGISTRA,OTRO
2021-12-05 16:41:15,-4.011127,-79.230840,Calle Saraguro,CON_LESIONADOS,Atropellamiento,Distraccion (celular/radio),36,LESIONADO,MUJER,MOTOCICLETA,29,LESIONADO,MUJER,OTRO,,,,
2021-03-02 18:33:36,-4.008139,-79.206565,Via Loja - Catamayo,SOLO_DANOS,Colision Multiple,Falla mecanica,,,,,,,,,,,,
2021-12-08 01:40:45,-4.032662,-79.212943,Calle Miguel Riofrio,CON_LESIONADOS,Choque Vehicular,Equipo de seguridad deficiente,37,LESIONADO,NO_REGISTRA,PEATON,65,LESIONADO,MUJER,VEH_LIVIANO,,,,
2021-04-10 17:59:57,-4.019561,-79.201366,Calle Saraguro,SOLO_DANOS,Volcamiento,Falla mecanica,,,,,,,,,,,,
2021-01-19 19:11:29,-4.030430,-79.217516,Av. Universitaria,CON_FALLECIDOS,Incendio,Via resbaladiza o mojada,41,FALLECIDO,NO_REGISTRA,OTRO,,,,,,,,
2021-06-22 00:03:18,-3.996205,-79.195119,Av. Reinaldo Espinosa,CON_FALLECIDOS,Accidente Laboral,Imprudencia del conductor,79,FALLECIDO,HOMBRE,OTRO,61,FALLECIDO,NO_REGISTRA,CICLISTA,,,,
2021-03-03 18:34:05,-4.023835,-79.178565,Calle Sucre,CON_FALLECIDOS,Choque Vehicular,Visibilidad reducida,50,FALLECIDO,MUJER,MOTOCICLETA,49,FALLECIDO,MUJER,SCOOTER,,,,
2021-07-30 12:25:25,-3.978957,-79.192193,Av. Universitaria,CON_FALLECIDOS,Caida,Exceso de velocidad,25,FALLECIDO,HOMBRE,OTRO,84,FALLECIDO,HOMBRE,CICLISTA,27,LESIONADO,HOMBRE,SCOOTER
2021-10-11 23:36:35,-4.030017,-79.187226,Av. Cuxibamba,CON_FALLECIDOS,Accidente Laboral,Imprudencia del conductor,74,FALLECIDO,MUJER,CICLISTA,7,LESIONADO,HOMBRE,OTRO,43,LESIONADO,MUJER,PEATON
2021-11-17 07:06:11,-4.013640,-79.191001,Calle Sucre,SOLO_DANOS,Caida,Falla mecanica,,,,,,,,,,,,
2021-08-17 07:02:40,-3.994402,-79.193257,Ruta 35,CON_LESIONADOS,Accidente Laboral,Visibilidad reducida,27,LESIONADO,HOMBRE,VEH_LIVIANO,29,LESIONADO,MUJER,MOTOCICLETA,,,,
2021-04-14 07:44:30,-4.011156,-79.224398,Av. Universitaria,CON_LESIONADOS,Accidente Laboral,Visibilidad reducida,19,LESIONADO,NO_REGISTRA,OTRO,,,,,,,,
2021-03-19 02:58:58,-3.994379,-79.222119,Av. Universitaria,SOLO_DANOS,Atropellamiento,Fatiga del conductor,,,,,,,,,,,,
2021-08-01 14:27:38,-4.004393,-79.215473,Calle Montufar,CON_FALLECIDOS,Choque Vehicular,Via resbaladiza o mojada,81,FALLECIDO,NO_REGISTRA,VEH_LIVIANO,28,LESIONADO,MUJER,PEATON,,,,
2021-04-12 05:29:22,-4.030137,-79.186829,Via Loja - Catamayo,CON_LESIONADOS,Colision Multiple,Distraccion (celular/radio),32,LESIONADO,MUJER,OTRO,71,LESIONADO,NO_REGISTRA,MOTOCICLETA,,,,
2021-04-19 21:32:17,-4.021635,-79.191584,Av. Universitaria,CON_LESIONADOS,Choque Vehicular,Fatiga del conductor,48,LESIONADO,NO_REGISTRA,CICLISTA,52,LESIONADO,HOMBRE,MOTOCICLETA,,,,
2021-11-02 21:44:47,-3.978867,-79.223576,Via Loja - Zamora,CON_LESIONADOS,Volcamiento,Falla mecanica,43,LESIONADO,MUJER,SCOOTER,49,LESIONADO,HOMBRE,VEH_LIVIANO,,,,
2021-03-12 06:20:35,-3.995026,-79.187797,Calle 10 de Agosto,CON_FALLECIDOS,Volcamiento,Exceso de velocidad,41,FALLECIDO,NO_REGISTRA,VEH_LIVIANO,35,FALLECIDO,MUJER,VEH_LIVIANO,,,,
2021-11-24 14:11:33,-4.025773,-79.193048,Av. Orillas del Zamora,SOLO_DANOS,Caida,Estado de embriaguez,,,,,,,,,,,,
2021-01-09 01:24:05,-4.021752,-79.188402,Av. Cuxibamba,CON_FALLECIDOS,Accidente Laboral,Distraccion (celular/radio),80,FALLECIDO,HOMBRE,VEH_LIVIANO,64,FALLECIDO,MUJER,SCOOTER,19,LESIONADO,MUJER,CICLISTA