fecha_hora,latitud,longitud,via,grado_severidad,tipo_siniestro,causa_probable,victima1_edad,victima1_condicion,victima1_sexo,victima1_actor_vial,victima2_edad,victima2_condicion,victima2_sexo,victima2_actor_vial,victima3_edad,victima3_condicion,victima3_sexo,victima3_actor_vial
2021-06-27 03:31:13,-4.033904,-79.197843,Calle Azogues,CON_FALLECIDOS,Caida,Fatiga del conductor,78,FALLECIDO,HOMBRE,PEATON,69,FALLECIDO,MUJER,OTRO,42,LESIONADO,NO_REGISTRA,SCOOTER
2021-06-24 21:08:18,-4.024161,-79.204205,Calle Azogues,CON_FALLECIDOS,Atropellamiento,Equipo de seguridad deficiente,50,FALLECIDO,HOMBRE,OTRO,,,,,,,,
2021-07-13 23:24:26,-4.002947,-79.188642,Calle 10 de Agosto,SOLO_DANOS,Caida,Via resbaladiza o mojada,,,,,,,,,,,,
2021-11-19 03:22:30,-3.993847,-79.223152,Av. Isidro Ayora,CON_LESIONADOS,Choque Vehicular,Falla mecanica,26,LESIONADO,NO_REGISTRA,CICLISTA,62,LESIONADO,MUJER,CICLISTA,43,LESIONADO,NO_REGISTRA,VEH_LIVIANO
2021-03-19 00:37:11,-3.997690,-79.223801,Calle 10 de Agosto,SOLO_DANOS,Volcamiento,Distraccion (celular/radio),,,,,,,,,,,,
2021-06-05 05:37:03,-4.008101,-79.228006,Av. Manuel Agustin Aguirre,CON_FALLECIDOS,Atropellamiento,Via resbaladiza o mojada,74,FALLECIDO,MUJER,CICLISTA,82,FALLECIDO,MUJER,PEATON,,,,
2021-07-29 09:31:26,-4.004703,-79.191550,Calle Ramon Borrero,SOLO_DANOS,Volcamiento,Equipo de seguridad deficiente,,,,,,,,,,,,
2021-03-10 10:40:12,-4.022697,-79.213365,Av. Metropolitana,CON_LESIONADOS,Colision Multiple,Exceso de velocidad,51,LESIONADO,HOMBRE,VEH_LIVIANO,,,,,,,,
2021-12-31 02:33:20,-4.010178,-79.193974,Av. Reinaldo Espinosa,SOLO_DANOS,Volcamiento,Factores externos,,,,,,,,,,,,
2021-09-07 03:46:17,-3.992900,-79.229443,Av. Orillas del Zamora,CON_LESIONADOS,Accidente Laboral,Exceso de velocidad,35,LESIONADO,MUJER,SCOOTER,65,LESIONADO,HOMBRE,OTRO,,,,
2021-07-09 10:00:10,-4.003764,-79.183695,Calle Miguel Riofrio,SOLO_DANOS,Caida,Via resbaladiza o mojada,,,,,,,,,,,,
2021-12-01 02:47:30,-3.986931,-79.178871,Av. Isidro Ayora,SOLO_DANOS,Choque Vehicular,Imprudencia del conductor,,,,,,,,,,,,
2021-05-31 02:11:56,-3.988046,-79.222929,Ruta 35,CON_LESIONADOS,Colision Multiple,Exceso de velocidad,25,LESIONADO,HOMBRE,CICLISTA,45,LESIONADO,MUJER,CICLISTA,14,LESIONADO,NO_REGISTRA,VEH_LIVIANO
2021-12-15 21:08:13,-4.000284,-79.229354,Calle Ramon Borrero,SOLO_DANOS,Choque Vehicular,Estado de embriaguez,,,,,,,,,,,,
2021-04-17 03:01:10,-4.033091,-79.210811,Calle 10 de Agosto,SOLO_DANOS,Atropellamiento,Mal estado de la via,,,,,,,,,,,,
2021-09-04 02:47:18,-4.018548,-79.214550,Av. Manuel Agustin Aguirre,CON_FALLECIDOS,Accidente Laboral,Imprudencia del conductor,79,FALLECIDO,HOMBRE,CICLISTA,,,,,,,,
2021-10-05 02:52:10,-4.023095,-79.175588,Calle Rocafuerte,CON_LESIONADOS,Caida,Fatiga del conductor,40,LESIONADO,MUJER,CICLISTA,,,,,,,,
2021-05-06 13:24:26,-4.030394,-79.224513,Av. 8 de Diciembre,CON_FALLECIDOS,Caida,Visibilidad reducida,41,FALLECIDO,NO_REGISTRA,VEH_LIVIANO,65,FALLECIDO,MUJER,OTRO,6,LESIONADO,HOMBRE,SCOOTER
2021-03-19 00:24:57,-4.034374,-79.195662,Calle 18 de Noviembre,CON_LESIONADOS,Caida,Falla mecanica,34,LESIONADO,HOMBRE,CICLISTA,49,LESIONADO,NO_REGISTRA,CICLISTA,7,LESIONADO,MUJER,VEH_LIVIANO
2021-01-08 05:48:22,-4.008897,-79.226428,Av. Manuel Agustin Aguirre,CON_LESIONADOS,Atropellamiento,Fatiga del conductor,18,LESIONADO,NO_REGISTRA,VEH_LIVIANO,32,LESIONADO,NO_REGISTRA,CICLISTA,6,LESIONADO,HOMBRE,OTRO
2021-11-07 09:49:14,-4.033590,-79.185686,Calle Saraguro,CON_LESIONADOS,Volcamiento,Exceso de velocidad,22,LESIONADO,NO_REGISTRA,SCOOTER,,,,,,,,
2021-08-30 04:30:59,-3.979638,-79.195189,Av. Cuxibamba,SOLO_DANOS,Choque Vehicular,Falla mecanica,,,,,,,,,,,,
2021-07-16 19:48:24,-3.977994,-79.214400,Calle Quito,CON_FALLECIDOS,Volcamiento,Inobservancia de senales,65,FALLECIDO,HOMBRE,OTRO,,,,,,,,
2021-07-06 07:48:37,-3.988402,-79.226140,Calle Rocafuerte,SOLO_DANOS,Caida,Inobservancia de senales,,,,,,,,,,,,
2021-07-25 02:24:28,-4.034483,-79.172847,Av. Universitaria,SOLO_DANOS,Colision Multiple,Via resbaladiza o mojada,,,,,,,,,,,,
2021-07-09 13:12:53,-3.985170,-79.228307,Via Loja - Catamayo,CON_LESIONADOS,Volcamiento,Fatiga del conductor,20,LESIONADO,HOMBRE,VEH_LIVIANO,,,,,,,,
2021-05-05 15:33:42,-4.018087,-79.190566,Av. Reinaldo Espinosa,CON_LESIONADOS,Choque Vehicular,Distraccion (celular/radio),44,LESIONADO,HOMBRE,OTRO,28,LESIONADO,MUJER,PEATON,,,,
2021-04-27 15:57:22,-4.013348,-79.212578,Av. Pio Jaramillo,SOLO_DANOS,Colision Multiple,Estado de embriaguez,,,,,,,,,,,,
2021-03-21 08:13:42,-4.000474,-79.200679,Av. 8 de Diciembre,CON_FALLECIDOS,Colision Multiple,Fatiga del conductor,25,FALLECIDO,NO_REGISTRA,MOTOCICLETA,63,LESIONADO,HOMBRE,MOTOCICLETA,,,,
2021-09-23 19:19:54,-4.000560,-79.172041,Calle Ramon Borrero,SOLO_DANOS,Volcamiento,Falla mecanica,,,,,,,,,,,,
2021-04-08 22:07:53,-4.023927,-79.224613,Av. Cuxibamba,SOLO_DANOS,Colision Multiple,Inobservancia de senales,,,,,,,,,,,,
2021-01-29 15:40:43,-4.030127,-79.219494,Calle Saraguro,CON_FALLECIDOS,Volcamiento,Estado de embriaguez,67,FALLECIDO,HOMBRE,PEATON,51,LESIONADO,MUJER,SCOOTER,56,LESIONADO,MUJER,SCOOTER
2021-01-19 11:27:29,-4.023304,-79.186447,Calle Rocafuerte,CON_FALLECIDOS,Volcamiento,Estado de embriaguez,61,FALLECIDO,NO_REGISTRA,MOTOCICLETA,8,LESIONADO,MUJER,MOTOCICLETA,47,LESIONADO,MUJER,PEATON
2021-06-29 19:57:43,-4.019412,-79.178195,Calle Ramon Borrero,CON_LESIONADOS,Choque Vehicular,Imprudencia del conductor,6,LESIONADO,NO_REGISTRA,OTRO,,,,,,,,
2021-10-07 07:53:48,-4.019546,-79.220217,Calle Saraguro,CON_LESIONADOS,Choque Vehicular,Mal estado de la via,77,LESIONADO,NO_REGISTRA,PEATON,,,,,,,,
2021-07-12 13:09:43,-4.031238,-79.218149,Calle 10 de Agosto,CON_FALLECIDOS,Caida,Visibilidad reducida,62,FALLECIDO,MUJER,MOTOCICLETA,38,LESIONADO,HOMBRE,VEH_LIVIANO,21,LESIONADO,MUJER,SCOOTER
2021-12-24 06:06:42,-4.010997,-79.226968,Av. Manuel Agustin Aguirre,SOLO_DANOS,Caida,Visibilidad reducida,,,,,,,,,,,,
2021-02-12 04:52:58,-4.013020,-79.208513,Av. Rosa Hermosa,SOLO_DANOS,Colision Multiple,Inobservancia de senales,,,,,,,,,,,,
2021-12-28 00:47:47,-4.024558,-79.216866,Av. Cuxibamba,CON_FALLECIDOS,Incendio,Exceso de velocidad,73,FALLECIDO,HOMBRE,PEATON,68,LESIONADO,MUJER,PEATON,46,LESIONADO,MUJER,MOTOCICLETA
2021-07-18 17:47:53,-4.017280,-79.216317,Calle Imbabura,CON_FALLECIDOS,Colision Multiple,Estado de embriaguez,77,FALLECIDO,HOMBRE,SCOOTER,56,FALLECIDO,HOMBRE,OTRO,13,LESIONADO,HOMBRE,SCOOTER
2021-07-04 19:04:08,-4.035353,-79.207880,Av. Manuel Agustin Aguirre,CON_LESIONADOS,Atropellamiento,Fatiga del conductor,66,LESIONADO,HOMBRE,PEATON,26,LESIONADO,MUJER,OTRO,,,,
2021-04-08 11:15:53,-3.979081,-79.188434,Av. Orillas del Zamora,CON_LESIONADOS,Choque Vehicular,Factores externos,35,LESIONADO,NO_REGISTRA,SCOOTER,77,LESIONADO,NO_REGISTRA,SCOOTER,54,LESIONADO,MUJER,SCOOTER
2021-06-29 03:37:18,-3.978964,-79.213900,Calle Saraguro,CON_LESIONADOS,Volcamiento,Falla mecanica,20,LESIONADO,MUJER,MOTOCICLETA,,,,,,,,
2021-06-11 21:12:19,-4.002602,-79.208834,Av. Universitaria,CON_LESIONADOS,Volcamiento,Visibilidad reducida,72,LESIONADO,NO_REGISTRA,VEH_LIVIANO,,,,,,,,
2021-07-07 01:52:12,-3.996543,-79.224330,Av. Cuxibamba,CON_LESIONADOS,Atropellamiento,Distraccion (celular/radio),43,LESIONADO,HOMBRE,VEH_LIVIANO,20,LESIONADO,HOMBRE,OTRO,30,LESIONADO,HOMBRE,CICLISTA
2021-01-29 16:39:23,-3.990957,-79.180092,Av. Reinaldo Espinosa,SOLO_DANOS,Caida,Equipo de seguridad deficiente,,,,,,,,,,,,
2021-08-15 19:05:31,-4.006159,-79.178942,Calle Colon,SOLO_DANOS,Colision Multiple,Visibilidad reducida,11,LESIONADO,MUJER,MOTOCICLETA,,,,,,,,
2021-11-27 11:01:10,-3.987789,-79.201496,Calle Sucre,CON_LESIONADOS,Atropellamiento,Estado de embriaguez,46,LESIONADO,HOMBRE,CICLISTA,56,LESIONADO,NO_REGISTRA,OTRO,33,LESIONADO,MUJER,PEATON
2021-04-07 10:33:10,-4.036354,-79.188807,Av. Cuxibamba,CON_LESIONADOS,Choque Vehicular,Distraccion (celular/radio),53,LESIONADO,HOMBRE,PEATON,28,LESIONADO,MUJER,MOTOCICLETA,50,LESIONADO,NO_REGISTRA,MOTOCICLETA
2021-09-12 11:38:53,-4.000299,-79.177566,Ruta 35,SOLO_DANOS,Accidente Laboral,Distraccion (celular/radio),,,,,,,,,,,,
2021-06-09 22:50:07,-4.016887,-79.208666,Av. Rosa Hermosa,CON_LESIONADOS,Choque Vehicular,Falla mecanica,74,LESIONADO,NO_REGISTRA,CICLISTA,13,LESIONADO,NO_REGISTRA,MOTOCICLETA,54,LESIONADO,MUJER,SCOOTER
2021-06-07 03:45:08,-4.012533,-79.186553,Calle Imbabura,CON_FALLECIDOS,Accidente Laboral,Falla mecanica,64,FALLECIDO,MUJER,OTRO,75,FALLECIDO,HOMBRE,OTRO,38,LESIONADO,NO_REGISTRA,CICLISTA
2021-08-02 05:46:00,-4.028601,-79.203345,Av. Universitaria,SOLO_DANOS,Atropellamiento,Via resbaladiza o mojada,,,,,,,,,,,,
2021-05-11 16:35:41,-3.990276,-79.210523,Av. Orillas del Zamora,SOLO_DANOS,Colision Multiple,Imprudencia del conductor,,,,,,,,,,,,
2021-12-05 07:29:33,-3.985120,-79.189526,Av. Rosa Hermosa,CON_FALLECIDOS,Volcamiento,Distraccion (celular/radio),83,FALLECIDO,HOMBRE,VEH_LIVIANO,24,LESIONADO,HOMBRE,CICLISTA,69,LESIONADO,HOMBRE,MOTOCICLETA
2021-04-10 00:59:54,-4.016136,-79.198488,Calle Azogues,SOLO_DANOS,Atropellamiento,Distraccion (celular/radio),,,,,,,,,,,,
2021-07-15 21:59:13,-3.991067,-79.187037,Calle Quito,CON_LESIONADOS,Atropellamiento,Equipo de seguridad deficiente,10,LESIONADO,NO_REGISTRA,OTRO,,,,,,,,
2021-02-09 10:04:05,-4.026311,-79.186526,Av. Metropolitana,CON_LESIONADOS,Volcamiento,Mal estado de la via,10,LESIONADO,MUJER,MOTOCICLETA,,,,,,,,
2021-12-07 11:35:49,-4.035346,-79.174505,Av. 8 de Diciembre,SOLO_DANOS,Caida,Factores externos,,,,,,,,,,,,
2021-01-04 22:32:35,-3.988237,-79.184016,Calle Rocafuerte,CON_FALLECIDOS,Volcamiento,Estado de embriaguez,42,FALLECIDO,MUJER,CICLISTA,27,LESIONADO,HOMBRE,MOTOCICLETA,,,,
2021-02-07 11:16:32,-4.012788,-79.202846,Calle Imbabura,CON_FALLECIDOS,Atropellamiento,Distraccion (celular/radio),39,FALLECIDO,NO_REGISTRA,PEATON,,,,,,,,
2021-01-25 16:33:28,-4.019904,-79.171641,Av. Orillas del Zamora,SOLO_DANOS,Caida,Distraccion (celular/radio),,,,,,,,,,,,
2021-07-20 05:24:20,-4.018255,-79.219401,Via Loja - Catamayo,CON_FALLECIDOS,Choque Vehicular,Mal estado de la via,49,FALLECIDO,NO_REGISTRA,CICLISTA,31,FALLECIDO,HOMBRE,OTRO,,,,
2021-05-27 14:31:24,-4.036349,-79.203351,Av. 8 de Diciembre,SOLO_DANOS,Accidente Laboral,Exceso de velocidad,23,LESIONADO,NO_REGISTRA,PEATON,,,,,,,,
2021-12-14 22:59:37,-3.984581,-79.182314,Ruta 35,CON_FALLECIDOS,Volcamiento,Estado de embriaguez,31,FALLECIDO,MUJER,VEH_LIVIANO,,,,,,,,
2021-10-29 22:17:01,-3.984129,-79.186519,Via Loja - Zamora,CON_FALLECIDOS,Incendio,Estado de embriaguez,60,FALLECIDO,NO_REGISTRA,MOTOCICLETA,77,FALLECIDO,HOMBRE,VEH_LIVIANO,47,LESIONADO,HOMBRE,OTRO
2021-11-19 18:36:15,-3.995059,-79.177765,Av. Metropolitana,SOLO_DANOS,Incendio,Imprudencia del conductor,,,,,,,,,,,,
2021-08-22 02:03:17,-3.996508,-79.186097,Av. Orillas del Zamora,CON_FALLECIDOS,Choque Vehicular,Equipo de seguridad deficiente,83,FALLECIDO,HOMBRE,VEH_LIVIANO,44,FALLECIDO,HOMBRE,VEH_LIVIANO,,,,
2021-06-14 06:12:33,-3.978520,-79.222135,Calle 18 de Noviembre,CON_LESIONADOS,Caida,Via resbaladiza o mojada,42,LESIONADO,NO_REGISTRA,PEATON,63,LESIONADO,MUJER,CICLISTA,,,,
2021-06-26 13:46:07,-4.011901,-79.196896,Calle Montufar,CON_LESIONADOS,Volcamiento,Visibilidad reducida,60,LESIONADO,HOMBRE,OTRO,52,LESIONADO,MUJER,SCOOTER,55,LESIONADO,MUJER,OTRO
2021-11-30 09:57:43,-3.983764,-79.221162,Calle Quito,CON_FALLECIDOS,Caida,Visibilidad reducida,66,FALLECIDO,NO_REGISTRA,PEATON,22,FALLECIDO,HOMBRE,SCOOTER,20,LESIONADO,HOMBRE,CICLISTA
2021-10-06 18:13:43,-4.030147,-79.181215,Av. Universitaria,CON_LESIONADOS,Colision Multiple,Distraccion (celular/radio),70,LESIONADO,HOMBRE,CICLISTA,,,,,,,,
2021-02-27 16:21:14,-3.986602,-79.176903,Av. Pio Jaramillo,CON_FALLECIDOS,Volcamiento,Imprudencia del conductor,40,FALLECIDO,MUJER,SCOOTER,,,,,,,,
2021-10-27 07:14:44,-4.036821,-79.186511,Calle 18 de Noviembre,CON_FALLECIDOS,Choque Vehicular,Imprudencia del conductor,43,FALLECIDO,MUJER,PEATON,19,FALLECIDO,HOMBRE,OTRO,43,LESIONADO,MUJER,PEATON
2021-06-20 19:22:34,-4.007802,-79.221544,Av. Gran Colombia,SOLO_DANOS,Accidente Laboral,Factores externos,,,,,,,,,,,,
2021-06-09 02:57:05,-3.982860,-79.197874,Calle 10 de Agosto,SOLO_DANOS,Choque Vehicular,Factores externos,,,,,,,,,,,,
2021-11-21 07:46:31,-3.990246,-79.182027,Calle Montufar,CON_LESIONADOS,Accidente Laboral,Inobservancia de senales,63,LESIONADO,HOMBRE,VEH_LIVIANO,50,LESIONADO,HOMBRE,VEH_LIVIANO,12,LESIONADO,NO_REGISTRA,SCOOTER
2021-11-07 03:16:38,-4.025444,-79.179982,Calle Rocafuerte,SOLO_DANOS,Colision Multiple,Equipo de seguridad deficiente,,,,,,,,,,,,
2021-02-19 19:07:54,-4.014726,-79.225341,Calle Imbabura,CON_FALLECIDOS,Colision Multiple,Factores externos,54,FALLECIDO,HOMBRE,MOTOCICLETA,67,FALLECIDO,HOMBRE,SCOOTER,,,,
2021-11-10 10:55:48,-4.025246,-79.184719,Av. Orillas del Zamora,CON_FALLECIDOS,Colision Multiple,Equipo de seguridad deficiente,43,FALLECIDO,NO_REGISTRA,CICLISTA,59,FALLECIDO,MUJER,CICLISTA,52,LESIONADO,HOMBRE,VEH_LIVIANO
2021-11-23 15:57:12,-4.013902,-79.217194,Av. Orillas del Zamora,SOLO_DANOS,Accidente Laboral,Estado de embriaguez,,,,,,,,,,,,
2021-06-30 07:14:55,-3.979100,-79.194310,Av. Cuxibamba,CON_FALLECIDOS,Atropellamiento,Exceso de velocidad,52,FALLECIDO,NO_REGISTRA,PEATON,46,LESIONADO,HOMBRE,MOTOCICLETA,46,LESIONADO,HOMBRE,VEH_LIVIANO
2021-11-09 11:37:49,-4.032176,-79.188147,Calle Rocafuerte,CON_LESIONADOS,Incendio,Falla mecanica,57,LESIONADO,HOMBRE,OTRO,67,LESIONADO,HOMBRE,OTRO,36,LESIONADO,HOMBRE,OTRO
2021-03-31 03:02:18,-3.984649,-79.227228,Av. Metropolitana,CON_FALLECIDOS,Choque Vehicular,Factores externos,38,FALLECIDO,HOMBRE,SCOOTER,33,LESIONADO,MUJER,MOTOCICLETA,,,,
2021-01-15 02:55:06,-4.028946,-79.177860,Calle 18 de Noviembre,CON_LESIONADOS,Incendio,Imprudencia del conductor,18,LESIONADO,HOMBRE,OTRO,47,LESIONADO,NO_REGISTRA,PEATON,,,,
2021-05-21 06:50:22,-4.025876,-79.215601,Calle Mercadillo,SOLO_DANOS,Atropellamiento,Via resbaladiza o mojada,,,,,,,,,,,,
2021-12-26 08:12:30,-3.996508,-79.191142,Av. Orillas del Zamora,CON_FALLECIDOS,Accidente Laboral,Distraccion (celular/radio),76,FALLECIDO,HOMBRE,MOTOCICLETA,69,LESIONADO,MUJER,MOTOCICLETA,,,,
2021-05-12 12:38:00,-4.026302,-79.184065,Calle 18 de Noviembre,SOLO_DANOS,Atropellamiento,Visibilidad reducida,,,,,,,,,,,,
2021-10-27 16:55:00,-3.978227,-79.179334,Calle Colon,CON_FALLECIDOS,Accidente Laboral,Distraccion (celular/radio),84,FALLECIDO,MUJER,CICLISTA,9,LESIONADO,MUJER,VEH_LIVIANO,12,LESIONADO,MUJER,OTRO
2021-07-30 00:12:12,-3.983478,-79.193809,Av. Reinaldo Espinosa,CON_LESIONADOS,Choque Vehicular,Factores externos,37,LESIONADO,NO_REGISTRA,OTRO,37,LESIONADO,NO_REGISTRA,SCOOTER,,,,
2021-03-09 19:12:38,-4.035777,-79.189736,Av. Rosa Hermosa,SOLO_DANOS,Incendio,Equipo de seguridad deficiente,,,,,,,,,,,,
2021-11-01 20:59:14,-4.033382,-79.195902,Av. Isidro Ayora,CON_LESIONADOS,Atropellamiento,Visibilidad reducida,76,LESIONADO,HOMBRE,CICLISTA,45,LESIONADO,HOMBRE,OTRO,,,,
2021-09-09 03:30:55,-3.999806,-79.180136,Calle Colon,SOLO_DANOS,Caida,Distraccion (celular/radio),67,LESIONADO,HOMBRE,SCOOTER,,,,,,,,
2021-04-13 11:09:13,-4.014870,-79.177129,Via Loja - Zamora,CON_FALLECIDOS,Caida,Factores externos,24,FALLECIDO,HOMBRE,CICLISTA,,,,,,,,
2021-12-25 16:57:23,-3.996308,-79.198591,Calle Mercadillo,CON_LESIONADOS,Atropellamiento,Mal estado de la via,15,LESIONADO,NO_REGISTRA,VEH_LIVIANO,31,LESIONADO,MUJER,PEATON,,,,
2021-08-14 09:40:20,-4.000729,-79.204060,Calle Colon,CON_LESIONADOS,Choque Vehicular,Mal estado de la via,42,LESIONADO,HOMBRE,CICLISTA,54,LESIONADO,NO_REGISTRA,OTRO,,,,
2021-08-30 01:33:49,-3.996346,-79.227165,Av. Universitaria,CON_FALLECIDOS,Colision Multiple,Inobservancia de senales,85,FALLECIDO,HOMBRE,CICLISTA,30,FALLECIDO,HOMBRE,CICLISTA,46,LESIONADO,HOMBRE,SCOOTER
2021-01-10 14:29:34,-3.994195,-79.193241,Av. Pio Jaramillo,CON_FALLECIDOS,Caida,Via resbaladiza o mojada,64,FALLECIDO,HOMBRE,VEH_LIVIANO,23,FALLECIDO,HOMBRE,PEATON,26,LESIONADO,MUJER,VEH_LIVIANO
2021-06-13 05:22:12,-4.016802,-79.216154,Av. Orillas del Zamora,CON_LESIONADOS,Colision Multiple,Fatiga del conductor,38,LESIONADO,NO_REGISTRA,VEH_LIVIANO,18,LESIONADO,HOMBRE,PEATON,,,,
2021-12-26 23:46:03,-4.007787,-79.213988,Calle Mercadillo,CON_FALLECIDOS,Choque Vehicular,Via resbaladiza o mojada,44,FALLECIDO,HOMBRE,PEATON,37,LESIONADO,NO_REGISTRA,SCOOTER,56,LESIONADO,NO_REGISTRA,OTRO
2021-09-26 05:38:16,-4.015024,-79.214324,Calle Quito,CON_FALLECIDOS,Caida,Estado de embriaguez,18,FALLECIDO,MUJER,PEATON,79,FALLECIDO,NO_REGISTRA,CICLISTA,15,LESIONADO,MUJER,CICLISTA
2021-10-13 15:58:55,-4.028731,-79.196227,Av. Cuxibamba,SOLO_DANOS,Choque Vehicular,Distraccion (celular/radio),,,,,,,,,,,,
2021-03-03 04:25:00,-3.979504,-79.224482,Calle Montufar,CON_LESIONADOS,Accidente Laboral,Exceso de velocidad,25,LESIONADO,MUJER,MOTOCICLETA,75,LESIONADO,MUJER,VEH_LIVIANO,11,LESIONADO,MUJER,MOTOCICLETA
2021-05-24 22:44:53,-3.979391,-79.186560,Calle Sucre,CON_LESIONADOS,Accidente Laboral,Fatiga del conductor,69,LESIONADO,NO_REGISTRA,PEATON,,,,,,,,
2021-08-22 21:20:12,-4.022238,-79.183578,Av. Metropolitana,CON_LESIONADOS,Atropellamiento,Distraccion (celular/radio),69,LESIONADO,MUJER,OTRO,77,LESIONADO,HOMBRE,OTRO,13,LESIONADO,MUJER,PEATON
2021-03-21 14:21:55,-4.008769,-79.181449,Via Loja - Zamora,CON_LESIONADOS,Accidente Laboral,Mal estado de la via,80,LESIONADO,HOMBRE,MOTOCICLETA,21,LESIONADO,HOMBRE,VEH_LIVIANO,,,,
2021-09-08 11:17:15,-4.000491,-79.192245,Calle Saraguro,SOLO_DANOS,Colision Multiple,Imprudencia del conductor,,,,,,,,,,,,
2021-01-09 11:40:27,-4.006560,-79.182475,Av. Reinaldo Espinosa,CON_LESIONADOS,Caida,Mal estado de la via,21,LESIONADO,HOMBRE,OTRO,36,LESIONADO,HOMBRE,OTRO,,,,
2021-06-06 01:08:04,-4.004004,-79.198791,Av. Reinaldo Espinosa,CON_LESIONADOS,Volcamiento,Visibilidad reducida,12,LESIONADO,HOMBRE,MOTOCICLETA,75,LESIONADO,MUJER,OTRO,6,LESIONADO,HOMBRE,PEATON
2021-01-18 09:02:00,-4.031370,-79.216700,Av. Universitaria,SOLO_DANOS,Volcamiento,Imprudencia del conductor,,,,,,,,,,,,
2021-05-02 03:37:29,-4.002370,-79.180913,Calle Colon,SOLO_DANOS,Choque Vehicular,Exceso de velocidad,,,,,,,,,,,,
2021-09-16 04:02:17,-4.007570,-79.229430,Calle Ramon Borrero,CON_LESIONADOS,Volcamiento,Inobservancia de senales,15,LESIONADO,HOMBRE,CICLISTA,58,LESIONADO,HOMBRE,SCOOTER,,,,
2021-04-08 19:54:23,-3.982209,-79.192651,Calle Sucre,CON_FALLECIDOS,Atropellamiento,Mal estado de la via,46,FALLECIDO,NO_REGISTRA,OTRO,52,FALLECIDO,HOMBRE,VEH_LIVIANO,5,LESIONADO,HOMBRE,SCOOTER
2021-06-23 21:12:42,-4.007299,-79.224378,Ruta 35,SOLO_DANOS,Caida,Factores externos,,,,,,,,,,,,
2021-11-26 16:40:30,-3.999632,-79.228333,Av. Universitaria,CON_LESIONADOS,Caida,Via resbaladiza o mojada,45,LESIONADO,HOMBRE,MOTOCICLETA,8,LESIONADO,HOMBRE,MOTOCICLETA,,,,
2021-02-16 09:54:37,-4.011025,-79.229674,Calle Mercadillo,SOLO_DANOS,Volcamiento,Estado de embriaguez,,,,,,,,,,,,
2021-01-09 01:41:21,-4.033089,-79.224566,Calle Saraguro,CON_LESIONADOS,Choque Vehicular,Equipo de seguridad deficiente,38,LESIONADO,HOMBRE,OTRO,22,LESIONADO,MUJER,PEATON,,,,
2021-12-12 00:06:24,-3.980332,-79.216748,Calle 10 de Agosto,SOLO_DANOS,Choque Vehicular,Equipo de seguridad deficiente,,,,,,,,,,,,
2021-06-14 10:37:33,-4.034291,-79.193133,Calle Colon,SOLO_DANOS,Volcamiento,Falla mecanica,,,,,,,,,,,,
2021-08-18 16:46:14,-4.033965,-79.174748,Av. Metropolitana,CON_LESIONADOS,Atropellamiento,Imprudencia del conductor,60,LESIONADO,HOMBRE,SCOOTER,27,LESIONADO,NO_REGISTRA,PEATON,15,LESIONADO,HOMBRE,PEATON
2021-07-11 05:52:20,-4.002105,-79.222129,Av. Manuel Agustin Aguirre,CON_FALLECIDOS,Incendio,Estado de embriaguez,48,FALLECIDO,NO_REGISTRA,SCOOTER,74,FALLECIDO,MUJER,VEH_LIVIANO,48,LESIONADO,MUJER,VEH_LIVIANO
2021-07-01 03:13:49,-4.013207,-79.195362,Av. Universitaria,CON_LESIONADOS,Volcamiento,Imprudencia del conductor,19,LESIONADO,NO_REGISTRA,CICLISTA,77,LESIONADO,HOMBRE,PEATON,,,,
2021-06-27 12:15:45,-4.004366,-79.186007,Calle Saraguro,CON_FALLECIDOS,Volcamiento,Inobservancia de senales,55,FALLECIDO,MUJER,PEATON,,,,,,,,
2021-12-04 01:54:31,-4.023815,-79.200805,Av. Cuxibamba,SOLO_DANOS,Volcamiento,Equipo de seguridad deficiente,,,,,,,,,,,,
2021-09-11 04:35:02,-3.989095,-79.215964,Av. Universitaria,CON_FALLECIDOS,Choque Vehicular,Equipo de seguridad deficiente,65,FALLECIDO,NO_REGISTRA,PEATON,41,LESIONADO,HOMBRE,OTRO,,,,
2021-03-04 10:18:50,-4.001972,-79.189148,Via Loja - Catamayo,CON_FALLECIDOS,Caida,Exceso de velocidad,42,FALLECIDO,MUJER,CICLISTA,37,FALLECIDO,HOMBRE,MOTOCICLETA,,,,
2021-01-22 19:12:42,-4.007770,-79.201945,Via Loja - Zamora,CON_FALLECIDOS,Colision Multiple,Visibilidad reducida,59,FALLECIDO,MUJER,VEH_LIVIANO,43,LESIONADO,MUJER,SCOOTER,59,LESIONADO,MUJER,MOTOCICLETA
2021-06-17 01:46:52,-4.015207,-79.205283,Calle 18 de Noviembre,CON_FALLECIDOS,Accidente Laboral,Visibilidad reducida,78,FALLECIDO,MUJER,OTRO,,,,,,,,
2021-12-25 03:32:50,-4.002328,-79.175632,Calle Imbabura,SOLO_DANOS,Volcamiento,Distraccion (celular/radio),,,,,,,,,,,,
2021-03-19 20:40:40,-3.977739,-79.224652,Av. Orillas del Zamora,CON_LESIONADOS,Accidente Laboral,Factores externos,38,LESIONADO,HOMBRE,MOTOCICLETA,64,LESIONADO,MUJER,CICLISTA,74,LESIONADO,NO_REGISTRA,OTRO