fecha_hora,latitud,longitud,via,grado_severidad,tipo_siniestro,causa_probable,victima1_edad,victima1_condicion,victima1_sexo,victima1_actor_vial,victima2_edad,victima2_condicion,victima2_sexo,victima2_actor_vial,victima3_edad,victima3_condicion,victima3_sexo,victima3_actor_vial
2021-01-12 23:56:34,-4.016875,-79.189186,Calle Sucre,SOLO_DANOS,Accidente Laboral,Imprudencia del conductor,44,LESIONADO,NO_REGISTRA,OTRO,,,,,,,,
2021-11-23 08:09:10,-4.024722,-79.210375,Calle 18 de Noviembre,SOLO_DANOS,Choque Vehicular,Visibilidad reducida,,,,,,,,,,,,
2021-06-19 22:44:32,-3.987068,-79.179268,Av. Manuel Agustin Aguirre,CON_FALLECIDOS,Atropellamiento,Visibilidad reducida,67,FALLECIDO,HOMBRE,MOTOCICLETA,58,LESIONADO,HOMBRE,SCOOTER,,,,
2021-12-28 20:27:59,-4.000421,-79.171119,Calle Imbabura,CON_FALLECIDOS,Incendio,Mal estado de la via,69,FALLECIDO,MUJER,OTRO,,,,,,,,
2021-05-13 14:25:05,-3.995829,-79.225370,Calle Quito,CON_FALLECIDOS,Caida,Falla mecanica,67,FALLECIDO,NO_REGISTRA,MOTOCICLETA,42,FALLECIDO,HOMBRE,SCOOTER,21,LESIONADO,HOMBRE,SCOOTER
2021-06-24 18:12:57,-4.028173,-79.205177,Calle Imbabura,CON_LESIONADOS,Accidente Laboral,Factores externos,44,LESIONADO,HOMBRE,OTRO,30,LESIONADO,MUJER,VEH_LIVIANO,61,LESIONADO,HOMBRE,VEH_LIVIANO
2021-04-28 05:36:53,-4.016122,-79.192528,Via Loja - Catamayo,CON_FALLECIDOS,Volcamiento,Equipo de seguridad deficiente,34,FALLECIDO,NO_REGISTRA,CICLISTA,42,FALLECIDO,HOMBRE,SCOOTER,45,LESIONADO,NO_REGISTRA,SCOOTER
2021-10-29 17:23:35,-3.983698,-79.194799,Calle Quito,CON_LESIONADOS,Incendio,Imprudencia del conductor,61,LESIONADO,MUJER,MOTOCICLETA,29,LESIONADO,MUJER,OTRO,,,,
2021-11-30 19:38:55,-4.028442,-79.200058,Calle 18 de Noviembre,CON_LESIONADOS,Colision Multiple,Estado de embriaguez,71,LESIONADO,HOMBRE,SCOOTER,,,,,,,,
2021-08-19 20:56:03,-4.022196,-79.198598,Av. 8 de Diciembre,SOLO_DANOS,Colision Multiple,Distraccion (celular/radio),,,,,,,,,,,,
2021-05-12 11:12:02,-3.994056,-79.228191,Calle Quito,CON_FALLECIDOS,Incendio,Fatiga del conductor,60,FALLECIDO,HOMBRE,PEATON,47,LESIONADO,MUJER,PEATON,65,LESIONADO,HOMBRE,MOTOCICLETA
2021-08-05 14:49:36,-4.016085,-79.186991,Calle 10 de Agosto,CON_FALLECIDOS,Atropellamiento,Exceso de velocidad,42,FALLECIDO,NO_REGISTRA,MOTOCICLETA,35,FALLECIDO,MUJER,OTRO,46,LESIONADO,MUJER,PEATON
2021-01-02 13:08:40,-3.978953,-79.204617,Av. Rosa Hermosa,CON_FALLECIDOS,Atropellamiento,Distraccion (celular/radio),20,FALLECIDO,HOMBRE,CICLISTA,19,LESIONADO,MUJER,VEH_LIVIANO,10,LESIONADO,MUJER,OTRO
2021-07-25 03:49:30,-4.001126,-79.199395,Av. Metropolitana,CON_LESIONADOS,Volcamiento,Estado de embriaguez,77,LESIONADO,NO_REGISTRA,MOTOCICLETA,39,LESIONADO,NO_REGISTRA,PEATON,,,,
2021-11-08 22:15:27,-3.998169,-79.207562,Calle Colon,CON_FALLECIDOS,Accidente Laboral,Factores externos,42,FALLECIDO,MUJER,OTRO,43,LESIONADO,NO_REGISTRA,PEATON,,,,
2021-06-24 15:03:07,-4.032836,-79.198001,Calle Azogues,CON_LESIONADOS,Volcamiento,Exceso de velocidad,39,LESIONADO,MUJER,PEATON,14,LESIONADO,MUJER,CICLISTA,,,,
2021-11-07 08:16:01,-4.012531,-79.180561,Calle Bolivar,CON_LESIONADOS,Colision Multiple,Mal estado de la via,48,LESIONADO,NO_REGISTRA,SCOOTER,26,LESIONADO,MUJER,OTRO,,,,
2021-07-07 14:10:07,-4.001436,-79.204448,Calle Rocafuerte,SOLO_DANOS,Choque Vehicular,Falla mecanica,,,,,,,,,,,,
2021-12-16 08:52:15,-3.982128,-79.220217,Calle Montufar,SOLO_DANOS,Accidente Laboral,Imprudencia del conductor,,,,,,,,,,,,
2021-12-07 15:38:11,-3.984797,-79.193663,Calle Imbabura,CON_FALLECIDOS,Incendio,Exceso de velocidad,73,FALLECIDO,NO_REGISTRA,SCOOTER,74,LESIONADO,HOMBRE,VEH_LIVIANO,76,LESIONADO,MUJER,SCOOTER
2021-08-19 10:53:32,-4.035767,-79.188494,Calle Miguel Riofrio,SOLO_DANOS,Caida,Distraccion (celular/radio),,,,,,,,,,,,
2021-09-21 08:06:39,-4.024210,-79.222428,Av. Pio Jaramillo,CON_FALLECIDOS,Caida,Mal estado de la via,62,FALLECIDO,MUJER,OTRO,70,LESIONADO,MUJER,MOTOCICLETA,,,,
2021-12-27 11:48:35,-4.006609,-79.180463,Av. Rosa Hermosa,CON_FALLECIDOS,Atropellamiento,Factores externos,53,FALLECIDO,NO_REGISTRA,SCOOTER,39,FALLECIDO,HOMBRE,OTRO,,,,
2021-03-20 17:59:20,-3.992116,-79.190031,Calle Bolivar,CON_LESIONADOS,Caida,Distraccion (celular/radio),49,LESIONADO,HOMBRE,OTRO,,,,,,,,
2021-06-03 06:34:24,-3.985269,-79.205262,Calle Azogues,SOLO_DANOS,Colision Multiple,Imprudencia del conductor,,,,,,,,,,,,
2021-10-25 05:22:57,-3.979930,-79.220960,Calle Saraguro,CON_LESIONADOS,Accidente Laboral,Fatiga del conductor,68,LESIONADO,HOMBRE,SCOOTER,56,LESIONADO,HOMBRE,CICLISTA,,,,
2021-01-22 21:05:27,-4.034897,-79.174511,Av. Universitaria,CON_FALLECIDOS,Incendio,Exceso de velocidad,47,FALLECIDO,MUJER,MOTOCICLETA,81,FALLECIDO,HOMBRE,CICLISTA,15,LESIONADO,HOMBRE,OTRO
2021-08-31 15:42:59,-4.001448,-79.180111,Av. Manuel Agustin Aguirre,CON_FALLECIDOS,Colision Multiple,Imprudencia del conductor,57,FALLECIDO,NO_REGISTRA,SCOOTER,39,LESIONADO,NO_REGISTRA,VEH_LIVIANO,,,,
2021-05-31 04:18:07,-4.027239,-79.177036,Calle Colon,CON_FALLECIDOS,Volcamiento,Via resbaladiza o mojada,69,FALLECIDO,HOMBRE,PEATON,32,FALLECIDO,MUJER,MOTOCICLETA,,,,
2021-04-18 07:37:12,-3.995080,-79.200181,Av. Manuel Agustin Aguirre,CON_LESIONADOS,Atropellamiento,Exceso de velocidad,15,LESIONADO,MUJER,VEH_LIVIANO,22,LESIONADO,NO_REGISTRA,VEH_LIVIANO,,,,
2021-10-25 10:44:53,-4.013322,-79.228820,Ruta 35,SOLO_DANOS,Incendio,Distraccion (celular/radio),,,,,,,,,,,,
2021-12-12 00:10:34,-4.028083,-79.214384,Calle Mercadillo,CON_FALLECIDOS,Colision Multiple,Factores externos,83,FALLECIDO,HOMBRE,PEATON,,,,,,,,
2021-06-06 15:32:31,-4.009886,-79.173659,Calle 18 de Noviembre,CON_FALLECIDOS,Volcamiento,Factores externos,23,FALLECIDO,HOMBRE,OTRO,,,,,,,,
2021-04-09 05:23:12,-3.986710,-79.211519,Av. Reinaldo Espinosa,SOLO_DANOS,Atropellamiento,Equipo de seguridad deficiente,,,,,,,,,,,,
2021-06-18 15:00:06,-4.014691,-79.215244,Calle 18 de Noviembre,CON_LESIONADOS,Caida,Falla mecanica,77,LESIONADO,HOMBRE,SCOOTER,,,,,,,,
2021-05-12 02:24:21,-3.984208,-79.213876,Calle Colon,CON_LESIONADOS,Atropellamiento,Inobservancia de senales,37,LESIONADO,HOMBRE,MOTOCICLETA,54,LESIONADO,HOMBRE,MOTOCICLETA,,,,
2021-12-09 17:29:00,-4.027092,-79.185063,Av. Cuxibamba,CON_FALLECIDOS,Incendio,Fatiga del conductor,33,FALLECIDO,HOMBRE,MOTOCICLETA,62,FALLECIDO,HOMBRE,VEH_LIVIANO,77,LESIONADO,NO_REGISTRA,CICLISTA
2021-03-26 08:28:29,-3.979974,-79.194156,Calle 10 de Agosto,CON_LESIONADOS,Atropellamiento,Inobservancia de senales,71,LESIONADO,NO_REGISTRA,VEH_LIVIANO,78,LESIONADO,HOMBRE,SCOOTER,,,,
2021-09-30 23:43:26,-4.005231,-79.197792,Calle 10 de Agosto,CON_LESIONADOS,Choque Vehicular,Inobservancia de senales,16,LESIONADO,MUJER,OTRO,,,,,,,,
2021-02-03 04:44:43,-4.005180,-79.214853,Calle Miguel Riofrio,SOLO_DANOS,Caida,Inobservancia de senales,,,,,,,,,,,,
2021-01-31 20:49:20,-3.993420,-79.199934,Calle 10 de Agosto,CON_LESIONADOS,Colision Multiple,Mal estado de la via,34,LESIONADO,HOMBRE,CICLISTA,,,,,,,,
2021-05-12 10:36:26,-3.983216,-79.174855,Calle Ramon Borrero,CON_LESIONADOS,Volcamiento,Fatiga del conductor,43,LESIONADO,NO_REGISTRA,SCOOTER,28,LESIONADO,HOMBRE,OTRO,11,LESIONADO,HOMBRE,OTRO
2021-11-03 23:39:23,-3.983081,-79.191740,Calle Imbabura,CON_FALLECIDOS,Atropellamiento,Inobservancia de senales,49,FALLECIDO,HOMBRE,MOTOCICLETA,46,FALLECIDO,NO_REGISTRA,OTRO,,,,
2021-04-27 00:44:05,-3.987109,-79.210375,Av. Pio Jaramillo,CON_FALLECIDOS,Volcamiento,Imprudencia del conductor,71,FALLECIDO,HOMBRE,VEH_LIVIANO,63,LESIONADO,MUJER,SCOOTER,6,LESIONADO,MUJER,SCOOTER
2021-06-26 22:54:04,-3.996126,-79.196923,Av. Manuel Agustin Aguirre,CON_LESIONADOS,Accidente Laboral,Falla mecanica,80,LESIONADO,HOMBRE,VEH_LIVIANO,,,,,,,,
2021-08-18 23:30:08,-4.010956,-79.223993,Calle Quito,CON_LESIONADOS,Atropellamiento,Fatiga del conductor,38,LESIONADO,HOMBRE,CICLISTA,32,LESIONADO,NO_REGISTRA,OTRO,65,LESIONADO,MUJER,MOTOCICLETA
2021-09-18 14:09:19,-3.991883,-79.172829,Calle Sucre,CON_LESIONADOS,Volcamiento,Imprudencia del conductor,11,LESIONADO,MUJER,MOTOCICLETA,,,,,,,,
2021-04-15 18:54:53,-3.979968,-79.194554,Calle Ramon Borrero,CON_FALLECIDOS,Incendio,Falla mecanica,73,FALLECIDO,NO_REGISTRA,VEH_LIVIANO,60,FALLECIDO,NO_REGISTRA,VEH_LIVIANO,46,LESIONADO,HOMBRE,SCOOTER
2021-04-12 13:21:48,-4.014646,-79.228426,Calle Saraguro,CON_LESIONADOS,Colision Multiple,Distraccion (celular/radio),14,LESIONADO,MUJER,SCOOTER,,,,,,,,
2021-12-12 17:04:59,-3.988039,-79.228730,Calle Saraguro,CON_FALLECIDOS,Colision Multiple,Estado de embriaguez,71,FALLECIDO,HOMBRE,OTRO,,,,,,,,
2021-10-21 22:32:12,-4.023748,-79.174736,Av. Isidro Ayora,CON_FALLECIDOS,Accidente Laboral,Via resbaladiza o mojada,20,FALLECIDO,HOMBRE,MOTOCICLETA,10,LESIONADO,NO_REGISTRA,SCOOTER,,,,
2021-04-25 15:59:31,-4.000443,-79.197004,Calle Montufar,SOLO_DANOS,Atropellamiento,Via resbaladiza o mojada,,,,,,,,,,,,
2021-06-08 21:42:25,-3.985999,-79.195654,Av. Metropolitana,SOLO_DANOS,Atropellamiento,Distraccion (celular/radio),,,,,,,,,,,,
2021-04-06 03:01:26,-4.023626,-79.221652,Calle Mercadillo,SOLO_DANOS,Accidente Laboral,Via resbaladiza o mojada,,,,,,,,,,,,
2021-09-16 08:07:06,-4.001060,-79.226022,Calle Bolivar,CON_FALLECIDOS,Accidente Laboral,Via resbaladiza o mojada,47,FALLECIDO,MUJER,PEATON,37,FALLECIDO,NO_REGISTRA,SCOOTER,22,LESIONADO,MUJER,CICLISTA
2021-04-10 08:42:04,-4.009622,-79.211770,Calle Imbabura,CON_FALLECIDOS,Incendio,Estado de embriaguez,42,FALLECIDO,MUJER,CICLISTA,67,LESIONADO,MUJER,OTRO,22,LESIONADO,HOMBRE,MOTOCICLETA
2021-04-08 20:16:11,-3.985343,-79.183324,Calle Bolivar,CON_FALLECIDOS,Accidente Laboral,Estado de embriaguez,45,FALLECIDO,NO_REGISTRA,VEH_LIVIANO,39,LESIONADO,NO_REGISTRA,VEH_LIVIANO,,,,
2021-12-18 00:53:37,-4.002636,-79.199935,Calle Miguel Riofrio,CON_LESIONADOS,Colision Multiple,Estado de embriaguez,23,LESIONADO,MUJER,PEATON,5,LESIONADO,NO_REGISTRA,VEH_LIVIANO,,,,
2021-03-27 07:10:23,-3.997168,-79.211567,Calle Imbabura,CON_LESIONADOS,Caida,Fatiga del conductor,55,LESIONADO,MUJER,VEH_LIVIANO,,,,,,,,
2021-12-06 17:44:09,-4.015209,-79.207498,Av. Cuxibamba,SOLO_DANOS,Choque Vehicular,Via resbaladiza o mojada,,,,,,,,,,,,
2021-10-06 13:23:07,-3.980440,-79.204273,Calle Montufar,SOLO_DANOS,Accidente Laboral,Falla mecanica,,,,,,,,,,,,
2021-04-19 22:52:18,-4.015372,-79.193360,Av. Pio Jaramillo,CON_LESIONADOS,Accidente Laboral,Fatiga del conductor,47,LESIONADO,MUJER,MOTOCICLETA,44,LESIONADO,NO_REGISTRA,PEATON,40,LESIONADO,NO_REGISTRA,OTRO
2021-12-08 23:56:39,-4.033088,-79.189147,Calle 18 de Noviembre,CON_FALLECIDOS,Accidente Laboral,Falla mecanica,29,FALLECIDO,MUJER,MOTOCICLETA,59,LESIONADO,HOMBRE,MOTOCICLETA,29,LESIONADO,MUJER,MOTOCICLETA
2021-10-03 22:37:46,-4.021211,-79.215524,Calle 10 de Agosto,CON_FALLECIDOS,Colision Multiple,Falla mecanica,18,FALLECIDO,HOMBRE,VEH_LIVIANO,9,LESIONADO,MUJER,SCOOTER,,,,
2021-12-26 17:36:08,-4.023125,-79.207965,Calle Ramon Borrero,CON_FALLECIDOS,Choque Vehicular,Imprudencia del conductor,44,FALLECIDO,NO_REGISTRA,VEH_LIVIANO,48,FALLECIDO,HOMBRE,PEATON,39,LESIONADO,NO_REGISTRA,OTRO
2021-08-02 02:45:02,-3.995036,-79.220904,Calle Sucre,CON_FALLECIDOS,Atropellamiento,Visibilidad reducida,58,FALLECIDO,HOMBRE,MOTOCICLETA,14,LESIONADO,HOMBRE,CICLISTA,56,LESIONADO,HOMBRE,MOTOCICLETA
2021-01-13 03:59:48,-4.013498,-79.219847,Calle 18 de Noviembre,CON_LESIONADOS,Caida,Imprudencia del conductor,12,LESIONADO,MUJER,PEATON,,,,,,,,
2021-01-09 01:24:44,-4.003639,-79.188463,Av. 8 de Diciembre,SOLO_DANOS,Volcamiento,Inobservancia de senales,,,,,,,,,,,,
2021-07-20 21:33:57,-3.991959,-79.199067,Calle Mercadillo,CON_LESIONADOS,Incendio,Estado de embriaguez,61,LESIONADO,NO_REGISTRA,MOTOCICLETA,23,LESIONADO,NO_REGISTRA,SCOOTER,37,LESIONADO,MUJER,OTRO
2021-02-14 17:45:53,-4.003348,-79.196315,Av. Manuel Agustin Aguirre,SOLO_DANOS,Accidente Laboral,Factores externos,,,,,,,,,,,,
2021-07-04 15:39:13,-3.984550,-79.191896,Calle Colon,CON_FALLECIDOS,Accidente Laboral,Inobservancia de senales,71,FALLECIDO,HOMBRE,MOTOCICLETA,,,,,,,,
2021-03-29 06:08:23,-4.006715,-79.199663,Via Loja - Catamayo,CON_LESIONADOS,Volcamiento,Inobservancia de senales,78,LESIONADO,MUJER,OTRO,,,,,,,,
2021-01-20 04:59:10,-3.985040,-79.207450,Calle Sucre,CON_FALLECIDOS,Volcamiento,Visibilidad reducida,64,FALLECIDO,HOMBRE,OTRO,11,LESIONADO,MUJER,OTRO,5,LESIONADO,NO_REGISTRA,VEH_LIVIANO
2021-12-23 00:05:02,-4.014296,-79.218270,Av. Cuxibamba,CON_LESIONADOS,Incendio,Imprudencia del conductor,51,LESIONADO,HOMBRE,CICLISTA,16,LESIONADO,MUJER,MOTOCICLETA,45,LESIONADO,MUJER,VEH_LIVIANO
2021-04-10 13:13:21,-3.986759,-79.172912,Av. Isidro Ayora,CON_FALLECIDOS,Accidente Laboral,Visibilidad reducida,84,FALLECIDO,NO_REGISTRA,OTRO,70,FALLECIDO,NO_REGISTRA,SCOOTER,10,LESIONADO,MUJER,CICLISTA
2021-03-13 21:52:40,-4.026960,-79.177452,Calle Saraguro,CON_LESIONADOS,Caida,Via resbaladiza o mojada,68,LESIONADO,NO_REGISTRA,VEH_LIVIANO,26,LESIONADO,NO_REGISTRA,VEH_LIVIANO,,,,
2021-02-17 06:18:21,-3.983602,-79.228640,Av. Gran Colombia,SOLO_DANOS,Atropellamiento,Imprudencia del conductor,,,,,,,,,,,,
2021-12-01 01:57:36,-3.999307,-79.194783,Av. Isidro Ayora,CON_FALLECIDOS,Caida,Equipo de seguridad deficiente,62,FALLECIDO,HOMBRE,SCOOTER,34,FALLECIDO,HOMBRE,SCOOTER,53,LESIONADO,NO_REGISTRA,PEATON
2021-02-13 03:53:35,-4.017668,-79.180926,Av. Pio Jaramillo,CON_FALLECIDOS,Choque Vehicular,Inobservancia de senales,63,FALLECIDO,NO_REGISTRA,OTRO,24,LESIONADO,MUJER,MOTOCICLETA,68,LESIONADO,HOMBRE,MOTOCICLETA
2021-11-10 11:29:12,-4.006384,-79.196424,Calle 10 de Agosto,CON_LESIONADOS,Colision Multiple,Visibilidad reducida,30,LESIONADO,NO_REGISTRA,PEATON,70,LESIONADO,MUJER,SCOOTER,,,,
2021-12-23 06:09:13,-3.984464,-79.220837,Calle Montufar,SOLO_DANOS,Caida,Imprudencia del conductor,,,,,,,,,,,,
2021-05-17 11:32:56,-3.985600,-79.221372,Via Loja - Catamayo,SOLO_DANOS,Colision Multiple,Exceso de velocidad,,,,,,,,,,,,
2021-08-01 04:46:50,-4.019751,-79.186138,Calle Sucre,CON_FALLECIDOS,Accidente Laboral,Imprudencia del conductor,61,FALLECIDO,MUJER,OTRO,29,FALLECIDO,NO_REGISTRA,PEATON,67,LESIONADO,HOMBRE,CICLISTA
2021-11-17 17:46:56,-4.024158,-79.199064,Av. Cuxibamba,SOLO_DANOS,Volcamiento,Inobservancia de senales,,,,,,,,,,,,
2021-05-13 23:55:40,-3.997297,-79.188596,Av. Reinaldo Espinosa,SOLO_DANOS,Choque Vehicular,Exceso de velocidad,,,,,,,,,,,,
2021-01-22 19:38:19,-4.030526,-79.226965,Calle Azogues,SOLO_DANOS,Caida,Distraccion (celular/radio),,,,,,,,,,,,
2021-07-31 09:52:58,-4.032622,-79.194419,Calle Sucre,CON_FALLECIDOS,Choque Vehicular,Equipo de seguridad deficiente,31,FALLECIDO,MUJER,MOTOCICLETA,38,FALLECIDO,HOMBRE,MOTOCICLETA,12,LESIONADO,HOMBRE,OTRO
2021-05-22 20:39:34,-4.011152,-79.205081,Calle 18 de Noviembre,CON_FALLECIDOS,Incendio,Factores externos,71,FALLECIDO,NO_REGISTRA,VEH_LIVIANO,39,FALLECIDO,NO_REGISTRA,SCOOTER,60,LESIONADO,MUJER,VEH_LIVIANO
2021-02-25 22:26:41,-4.018267,-79.184217,Calle Azogues,CON_FALLECIDOS,Volcamiento,Fatiga del conductor,74,FALLECIDO,MUJER,OTRO,69,FALLECIDO,NO_REGISTRA,VEH_LIVIANO,,,,
2021-10-13 06:57:04,-4.010603,-79.216149,Via Loja - Catamayo,SOLO_DANOS,Colision Multiple,Mal estado de la via,,,,,,,,,,,,
2021-10-25 02:53:43,-3.998258,-79.178643,Calle Sucre,SOLO_DANOS,Incendio,Imprudencia del conductor,,,,,,,,,,,,
2021-05-23 22:33:47,-4.021726,-79.214010,Calle Azogues,SOLO_DANOS,Caida,Estado de embriaguez,,,,,,,,,,,,
2021-10-24 12:11:55,-4.011739,-79.185058,Av. Gran Colombia,CON_LESIONADOS,Caida,Imprudencia del conductor,18,LESIONADO,NO_REGISTRA,VEH_LIVIANO,52,LESIONADO,HOMBRE,OTRO,,,,
2021-01-18 18:37:09,-4.015102,-79.209038,Calle Quito,SOLO_DANOS,Incendio,Via resbaladiza o mojada,,,,,,,,,,,,
2021-01-11 07:25:54,-4.006030,-79.190334,Calle Ramon Borrero,CON_LESIONADOS,Accidente Laboral,Distraccion (celular/radio),69,LESIONADO,HOMBRE,VEH_LIVIANO,,,,,,,,
2021-09-17 20:25:18,-4.019167,-79.208094,Calle Ramon Borrero,SOLO_DANOS,Colision Multiple,Estado de embriaguez,,,,,,,,,,,,
2021-10-05 16:23:27,-4.014379,-79.191740,Calle Bolivar,CON_LESIONADOS,Colision Multiple,Distraccion (celular/radio),60,LESIONADO,HOMBRE,CICLISTA,,,,,,,,
2021-04-27 15:37:51,-4.007873,-79.210878,Calle Bolivar,CON_LESIONADOS,Atropellamiento,Estado de embriaguez,21,LESIONADO,MUJER,VEH_LIVIANO,,,,,,,,
2021-07-11 01:03:02,-4.001181,-79.216535,Calle Mercadillo,CON_LESIONADOS,Volcamiento,Distraccion (celular/radio),57,LESIONADO,NO_REGISTRA,CICLISTA,26,LESIONADO,NO_REGISTRA,CICLISTA,45,LESIONADO,HOMBRE,OTRO
2021-01-06 11:19:28,-4.028955,-79.181055,Av. Gran Colombia,CON_FALLECIDOS,Volcamiento,Factores externos,43,FALLECIDO,MUJER,SCOOTER,32,FALLECIDO,MUJER,VEH_LIVIANO,,,,
2021-08-18 17:13:40,-4.003849,-79.212412,Av. Gran Colombia,CON_FALLECIDOS,Atropellamiento,Estado de embriaguez,35,FALLECIDO,NO_REGISTRA,CICLISTA,50,FALLECIDO,HOMBRE,SCOOTER,,,,
2021-06-06 10:42:41,-4.036253,-79.184829,Calle Mercadillo,CON_LESIONADOS,Incendio,Factores externos,15,LESIONADO,HOMBRE,CICLISTA,33,LESIONADO,HOMBRE,VEH_LIVIANO,54,LESIONADO,HOMBRE,MOTOCICLETA
2021-10-17 11:57:51,-3.986431,-79.199022,Av. Cuxibamba,SOLO_DANOS,Caida,Visibilidad reducida,,,,,,,,,,,,
2021-12-22 15:58:46,-3.983541,-79.171227,Calle Montufar,CON_LESIONADOS,Volcamiento,Inobservancia de senales,33,LESIONADO,NO_REGISTRA,CICLISTA,,,,,,,,
2021-01-04 21:42:34,-3.999088,-79.207738,Calle Ramon Borrero,CON_FALLECIDOS,Atropellamiento,Visibilidad reducida,20,FALLECIDO,MUJER,VEH_LIVIANO,38,LESIONADO,NO_REGISTRA,CICLISTA,,,,
2021-11-16 00:48:41,-4.021127,-79.181121,Calle Imbabura,CON_FALLECIDOS,Caida,Factores externos,46,FALLECIDO,NO_REGISTRA,CICLISTA,68,FALLECIDO,HOMBRE,VEH_LIVIANO,40,LESIONADO,MUJER,MOTOCICLETA
2021-03-07 16:52:13,-4.015128,-79.222392,Av. Metropolitana,CON_LESIONADOS,Atropellamiento,Distraccion (celular/radio),69,LESIONADO,HOMBRE,VEH_LIVIANO,21,LESIONADO,HOMBRE,MOTOCICLETA,,,,
2021-11-21 02:18:21,-4.002526,-79.227014,Av. Orillas del Zamora,CON_LESIONADOS,Volcamiento,Equipo de seguridad deficiente,5,LESIONADO,HOMBRE,VEH_LIVIANO,,,,,,,,
2021-11-30 13:22:45,-4.033085,-79.207378,Av. Manuel Agustin Aguirre,SOLO_DANOS,Atropellamiento,Exceso de velocidad,,,,,,,,,,,,
2021-03-25 14:57:03,-3.977724,-79.228872,Calle Colon,SOLO_DANOS,Incendio,Via resbaladiza o mojada,,,,,,,,,,,,
2021-04-09 15:55:51,-3.993746,-79.172279,Ruta 35,CON_LESIONADOS,Choque Vehicular,Via resbaladiza o mojada,29,LESIONADO,NO_REGISTRA,OTRO,6,LESIONADO,HOMBRE,SCOOTER,78,LESIONADO,MUJER,OTRO
2021-12-14 15:31:12,-4.016189,-79.216941,Calle Sucre,CON_LESIONADOS,Choque Vehicular,Mal estado de la via,51,LESIONADO,MUJER,PEATON,7,LESIONADO,HOMBRE,CICLISTA,53,LESIONADO,NO_REGISTRA,MOTOCICLETA
2021-04-03 19:59:59,-4.028368,-79.222490,Calle Mercadillo,CON_LESIONADOS,Atropellamiento,Via resbaladiza o mojada,52,LESIONADO,HOMBRE,SCOOTER,,,,,,,,
2021-07-23 18:38:17,-4.025244,-79.174045,Calle Azogues,SOLO_DANOS,Incendio,Exceso de velocidad,,,,,,,,,,,,
2021-01-08 22:39:24,-3.997120,-79.183517,Calle 10 de Agosto,SOLO_DANOS,Volcamiento,Mal estado de la via,,,,,,,,,,,,
2021-05-05 11:20:38,-4.028697,-79.217825,Av. Gran Colombia,SOLO_DANOS,Accidente Laboral,Equipo de seguridad deficiente,,,,,,,,,,,,
2021-12-22 01:01:04,-4.028819,-79.197027,Calle 18 de Noviembre,SOLO_DANOS,Choque Vehicular,Fatiga del conductor,,,,,,,,,,,,
2021-07-03 22:53:34,-3.980710,-79.202359,Av. Reinaldo Espinosa,CON_LESIONADOS,Caida,Imprudencia del conductor,55,LESIONADO,MUJER,CICLISTA,56,LESIONADO,NO_REGISTRA,SCOOTER,6,LESIONADO,MUJER,VEH_LIVIANO
2021-10-11 13:09:35,-4.002925,-79.171802,Av. Orillas del Zamora,SOLO_DANOS,Colision Multiple,Mal estado de la via,,,,,,,,,,,,
2021-05-27 06:46:46,-4.036197,-79.208471,Av. Universitaria,CON_LESIONADOS,Atropellamiento,Inobservancia de senales,59,LESIONADO,HOMBRE,MOTOCICLETA,,,,,,,,
2021-12-23 15:32:01,-4.028576,-79.202237,Av. 8 de Diciembre,CON_FALLECIDOS,Choque Vehicular,Imprudencia del conductor,33,FALLECIDO,HOMBRE,CICLISTA,70,LESIONADO,HOMBRE,CICLISTA,,,,
2021-05-31 12:03:36,-4.008147,-79.228480,Calle Mercadillo,CON_FALLECIDOS,Caida,Inobservancia de senales,65,FALLECIDO,NO_REGISTRA,OTRO,45,LESIONADO,NO_REGISTRA,PEATON,24,LESIONADO,HOMBRE,VEH_LIVIANO
2021-05-27 19:14:16,-3.992853,-79.186828,Calle Ramon Borrero,SOLO_DANOS,Choque Vehicular,Equipo de seguridad deficiente,,,,,,,,,,,,
2021-08-03 16:18:07,-3.987264,-79.201405,Calle Miguel Riofrio,CON_LESIONADOS,Colision Multiple,Distraccion (celular/radio),67,LESIONADO,MUJER,PEATON,18,LESIONADO,HOMBRE,MOTOCICLETA,,,,
2021-03-25 14:22:18,-4.008455,-79.193367,Calle 18 de Noviembre,SOLO_DANOS,Colision Multiple,Via resbaladiza o mojada,,,,,,,,,,,,
2021-06-21 17:07:46,-3.986057,-79.183156,Av. Cuxibamba,SOLO_DANOS,Volcamiento,Fatiga del conductor,,,,,,,,,,,,
2021-12-16 20:06:32,-4.015890,-79.217586,Calle Mercadillo,CON_FALLECIDOS,Choque Vehicular,Exceso de velocidad,83,FALLECIDO,HOMBRE,SCOOTER,60,LESIONADO,MUJER,VEH_LIVIANO,,,,
2021-11-23 06:34:29,-3.978567,-79.225468,Calle Mercadillo,CON_LESIONADOS,Choque Vehicular,Inobservancia de senales,34,LESIONADO,HOMBRE,VEH_LIVIANO,26,LESIONADO,HOMBRE,SCOOTER,,,,
2021-12-07 17:44:02,-4.006723,-79.200484,Calle Ramon Borrero,SOLO_DANOS,Caida,Equipo de seguridad deficiente,,,,,,,,,,,,