fecha_hora,latitud,longitud,via,grado_severidad,tipo_siniestro,causa_probable,victima1_edad,victima1_condicion,victima1_sexo,victima1_actor_vial,victima2_edad,victima2_condicion,victima2_sexo,victima2_actor_vial,victima3_edad,victima3_condicion,victima3_sexo,victima3_actor_vial
2021-07-25 11:23:40,-4.010286,-79.191276,Calle Mercadillo,SOLO_DANOS,Volcamiento,Imprudencia del conductor,,,,,,,,,,,,
2021-01-31 21:01:53,-3.998553,-79.178680,Av. Gran Colombia,SOLO_DANOS,Volcamiento,Fatiga del conductor,,,,,,,,,,,,
2021-10-17 03:18:58,-4.015398,-79.210152,Calle Sucre,CON_FALLECIDOS,Volcamiento,Estado de embriaguez,85,FALLECIDO,HOMBRE,PEATON,61,FALLECIDO,HOMBRE,MOTOCICLETA,,,,
2021-05-21 15:51:22,-4.033055,-79.226424,Calle 10 de Agosto,SOLO_DANOS,Atropellamiento,Fatiga del conductor,,,,,,,,,,,,
2021-10-07 11:47:45,-3.990272,-79.211509,Calle 18 de Noviembre,CON_FALLECIDOS,Incendio,Fatiga del conductor,27,FALLECIDO,HOMBRE,OTRO,49,LESIONADO,HOMBRE,SCOOTER,,,,
2021-10-06 14:19:48,-4.028622,-79.201620,Calle Mercadillo,CON_FALLECIDOS,Incendio,Mal estado de la via,40,FALLECIDO,HOMBRE,CICLISTA,,,,,,,,
2021-11-16 18:58:06,-4.018260,-79.178281,Calle 10 de Agosto,CON_FALLECIDOS,Volcamiento,Via resbaladiza o mojada,49,FALLECIDO,MUJER,OTRO,71,FALLECIDO,MUJER,PEATON,79,LESIONADO,HOMBRE,OTRO
2021-07-15 13:34:42,-4.036458,-79.190570,Av. Gran Colombia,SOLO_DANOS,Volcamiento,Fatiga del conductor,,,,,,,,,,,,
2021-11-10 14:56:40,-3.995363,-79.177268,Ruta 35,CON_LESIONADOS,Colision Multiple,Falla mecanica,46,LESIONADO,NO_REGISTRA,MOTOCICLETA,71,LESIONADO,NO_REGISTRA,CICLISTA,48,LESIONADO,NO_REGISTRA,MOTOCICLETA
2021-01-28 16:44:12,-4.023437,-79.188934,Av. Cuxibamba,CON_LESIONADOS,Colision Multiple,Exceso de velocidad,38,LESIONADO,NO_REGISTRA,SCOOTER,,,,,,,,
2021-01-27 06:41:22,-3.987912,-79.216592,Av. Pio Jaramillo,CON_FALLECIDOS,Incendio,Imprudencia del conductor,26,FALLECIDO,MUJER,SCOOTER,56,LESIONADO,HOMBRE,CICLISTA,,,,
2021-08-26 13:13:29,-3.993099,-79.176937,Via Loja - Zamora,SOLO_DANOS,Choque Vehicular,Distraccion (celular/radio),,,,,,,,,,,,
2021-12-12 13:18:52,-4.017254,-79.178433,Av. Pio Jaramillo,CON_FALLECIDOS,Colision Multiple,Factores externos,52,FALLECIDO,HOMBRE,SCOOTER,43,FALLECIDO,NO_REGISTRA,OTRO,5,LESIONADO,NO_REGISTRA,PEATON
2021-03-08 20:39:01,-3.979397,-79.189372,Calle Colon,SOLO_DANOS,Atropellamiento,Equipo de seguridad deficiente,,,,,,,,,,,,
2021-05-29 20:16:33,-3.989184,-79.188044,Calle Bolivar,CON_LESIONADOS,Atropellamiento,Estado de embriaguez,47,LESIONADO,HOMBRE,SCOOTER,22,LESIONADO,HOMBRE,MOTOCICLETA,73,LESIONADO,HOMBRE,OTRO
2021-07-20 08:12:12,-3.990716,-79.211299,Calle Montufar,CON_LESIONADOS,Caida,Estado de embriaguez,30,LESIONADO,HOMBRE,MOTOCICLETA,,,,,,,,
2021-12-16 23:52:11,-3.998359,-79.174255,Calle 10 de Agosto,CON_LESIONADOS,Colision Multiple,Exceso de velocidad,47,LESIONADO,MUJER,PEATON,24,LESIONADO,NO_REGISTRA,CICLISTA,,,,
2021-12-24 03:01:09,-4.004587,-79.191161,Calle Colon,CON_LESIONADOS,Atropellamiento,Distraccion (celular/radio),25,LESIONADO,MUJER,VEH_LIVIANO,75,LESIONADO,NO_REGISTRA,CICLISTA,8,LESIONADO,NO_REGISTRA,VEH_LIVIANO
2021-01-11 02:42:50,-4.028619,-79.229250,Av. Isidro Ayora,CON_FALLECIDOS,Volcamiento,Fatiga del conductor,20,FALLECIDO,NO_REGISTRA,MOTOCICLETA,40,LESIONADO,NO_REGISTRA,VEH_LIVIANO,66,LESIONADO,NO_REGISTRA,SCOOTER
2021-09-16 18:35:27,-4.018926,-79.207700,Calle Sucre,SOLO_DANOS,Incendio,Falla mecanica,,,,,,,,,,,,
2021-10-23 22:46:03,-4.011378,-79.189148,Av. Rosa Hermosa,CON_FALLECIDOS,Atropellamiento,Mal estado de la via,29,FALLECIDO,NO_REGISTRA,CICLISTA,80,FALLECIDO,NO_REGISTRA,SCOOTER,49,LESIONADO,NO_REGISTRA,VEH_LIVIANO
2021-07-28 15:25:05,-3.990921,-79.207897,Calle Sucre,CON_LESIONADOS,Choque Vehicular,Visibilidad reducida,19,LESIONADO,NO_REGISTRA,PEATON,31,LESIONADO,HOMBRE,SCOOTER,56,LESIONADO,NO_REGISTRA,SCOOTER
2021-06-07 06:31:00,-3.995655,-79.218624,Calle Rocafuerte,CON_LESIONADOS,Caida,Estado de embriaguez,16,LESIONADO,NO_REGISTRA,VEH_LIVIANO,34,LESIONADO,NO_REGISTRA,SCOOTER,74,LESIONADO,NO_REGISTRA,OTRO
2021-06-19 11:38:51,-4.016003,-79.221872,Calle Bolivar,CON_LESIONADOS,Atropellamiento,Imprudencia del conductor,65,LESIONADO,MUJER,PEATON,56,LESIONADO,HOMBRE,VEH_LIVIANO,,,,
2021-06-21 15:52:43,-4.009704,-79.202463,Calle Mercadillo,CON_LESIONADOS,Atropellamiento,Fatiga del conductor,18,LESIONADO,NO_REGISTRA,CICLISTA,62,LESIONADO,NO_REGISTRA,MOTOCICLETA,,,,
2021-01-13 06:29:21,-4.032895,-79.215527,Calle 18 de Noviembre,CON_LESIONADOS,Choque Vehicular,Factores externos,51,LESIONADO,MUJER,VEH_LIVIANO,36,LESIONADO,MUJER,PEATON,,,,
2021-04-08 18:49:36,-3.996038,-79.220383,Calle Montufar,SOLO_DANOS,Incendio,Distraccion (celular/radio),,,,,,,,,,,,
2021-12-10 05:19:01,-4.024184,-79.230236,Calle Rocafuerte,SOLO_DANOS,Volcamiento,Factores externos,,,,,,,,,,,,
2021-07-29 22:23:26,-3.987423,-79.195873,Calle Rocafuerte,CON_LESIONADOS,Accidente Laboral,Exceso de velocidad,31,LESIONADO,NO_REGISTRA,PEATON,30,LESIONADO,NO_REGISTRA,VEH_LIVIANO,,,,
2021-03-13 02:13:20,-4.027007,-79.219543,Via Loja - Catamayo,CON_LESIONADOS,Caida,Fatiga del conductor,9,LESIONADO,NO_REGISTRA,SCOOTER,50,LESIONADO,HOMBRE,MOTOCICLETA,,,,
2021-02-02 23:57:03,-3.983460,-79.218022,Calle Quito,CON_FALLECIDOS,Incendio,Imprudencia del conductor,70,FALLECIDO,HOMBRE,VEH_LIVIANO,17,LESIONADO,NO_REGISTRA,PEATON,,,,
2021-07-16 13:52:56,-4.000408,-79.174933,Av. Gran Colombia,CON_FALLECIDOS,Incendio,Equipo de seguridad deficiente,37,FALLECIDO,HOMBRE,SCOOTER,36,FALLECIDO,HOMBRE,CICLISTA,,,,
2021-10-11 17:25:18,-4.009962,-79.198372,Calle Bolivar,CON_FALLECIDOS,Colision Multiple,Imprudencia del conductor,27,FALLECIDO,MUJER,SCOOTER,69,FALLECIDO,HOMBRE,PEATON,80,LESIONADO,HOMBRE,PEATON
2021-06-09 22:31:38,-4.001150,-79.186100,Av. Isidro Ayora,SOLO_DANOS,Colision Multiple,Equipo de seguridad deficiente,,,,,,,,,,,,
2021-05-26 03:15:00,-3.978754,-79.204493,Calle Rocafuerte,CON_FALLECIDOS,Atropellamiento,Falla mecanica,44,FALLECIDO,NO_REGISTRA,SCOOTER,6,LESIONADO,NO_REGISTRA,CICLISTA,19,LESIONADO,HOMBRE,MOTOCICLETA
2021-08-25 18:25:48,-4.026872,-79.209570,Calle Miguel Riofrio,CON_LESIONADOS,Colision Multiple,Imprudencia del conductor,48,LESIONADO,NO_REGISTRA,VEH_LIVIANO,25,LESIONADO,NO_REGISTRA,VEH_LIVIANO,,,,
2021-01-12 11:18:27,-4.023180,-79.207032,Calle Saraguro,SOLO_DANOS,Atropellamiento,Exceso de velocidad,,,,,,,,,,,,
2021-05-06 02:36:25,-4.006059,-79.187671,Av. 8 de Diciembre,CON_FALLECIDOS,Incendio,Distraccion (celular/radio),70,FALLECIDO,HOMBRE,VEH_LIVIANO,8,LESIONADO,MUJER,SCOOTER,35,LESIONADO,NO_REGISTRA,OTRO
2021-08-08 07:19:41,-3.999383,-79.176855,Calle Ramon Borrero,CON_FALLECIDOS,Choque Vehicular,Falla mecanica,59,FALLECIDO,MUJER,PEATON,77,FALLECIDO,HOMBRE,OTRO,17,LESIONADO,HOMBRE,OTRO
2021-06-16 02:16:04,-3.988687,-79.225424,Calle Saraguro,SOLO_DANOS,Incendio,Inobservancia de senales,,,,,,,,,,,,
2021-07-31 12:44:13,-4.031725,-79.172087,Calle Miguel Riofrio,CON_LESIONADOS,Incendio,Estado de embriaguez,16,LESIONADO,MUJER,CICLISTA,11,LESIONADO,HOMBRE,CICLISTA,,,,
2021-03-18 07:35:26,-4.017567,-79.195049,Calle 10 de Agosto,SOLO_DANOS,Volcamiento,Imprudencia del conductor,,,,,,,,,,,,
2021-03-05 20:51:31,-3.990269,-79.193999,Calle Mercadillo,CON_FALLECIDOS,Choque Vehicular,Equipo de seguridad deficiente,78,FALLECIDO,HOMBRE,OTRO,80,LESIONADO,NO_REGISTRA,MOTOCICLETA,,,,
2021-05-04 23:54:49,-4.031844,-79.190631,Av. Rosa Hermosa,CON_FALLECIDOS,Volcamiento,Visibilidad reducida,26,FALLECIDO,NO_REGISTRA,MOTOCICLETA,35,FALLECIDO,HOMBRE,VEH_LIVIANO,31,LESIONADO,NO_REGISTRA,MOTOCICLETA
2021-05-12 01:11:51,-4.025133,-79.217167,Av. Isidro Ayora,CON_FALLECIDOS,Atropellamiento,Inobservancia de senales,74,FALLECIDO,HOMBRE,MOTOCICLETA,55,FALLECIDO,MUJER,MOTOCICLETA,41,LESIONADO,MUJER,PEATON
2021-02-24 11:25:18,-3.985660,-79.175466,Calle Quito,CON_LESIONADOS,Atropellamiento,Inobservancia de senales,36,LESIONADO,NO_REGISTRA,MOTOCICLETA,,,,,,,,
2021-08-07 12:53:58,-4.001415,-79.192252,Calle Saraguro,CON_LESIONADOS,Choque Vehicular,Via resbaladiza o mojada,50,LESIONADO,HOMBRE,PEATON,39,LESIONADO,HOMBRE,CICLISTA,70,LESIONADO,NO_REGISTRA,SCOOTER
2021-08-27 14:30:54,-4.014827,-79.187208,Via Loja - Zamora,SOLO_DANOS,Accidente Laboral,Factores externos,,,,,,,,,,,,
2021-12-10 02:42:45,-4.034432,-79.193300,Via Loja - Zamora,CON_FALLECIDOS,Incendio,Falla mecanica,38,FALLECIDO,MUJER,OTRO,45,FALLECIDO,MUJER,PEATON,42,LESIONADO,NO_REGISTRA,VEH_LIVIANO
2021-09-05 05:28:51,-3.978173,-79.192001,Calle 10 de Agosto,SOLO_DANOS,Accidente Laboral,Exceso de velocidad,,,,,,,,,,,,
2021-01-27 20:39:02,-3.998782,-79.189537,Av. Universitaria,CON_LESIONADOS,Incendio,Estado de embriaguez,20,LESIONADO,HOMBRE,CICLISTA,75,LESIONADO,NO_REGISTRA,MOTOCICLETA,32,LESIONADO,MUJER,VEH_LIVIANO
2021-01-28 13:22:35,-4.031148,-79.197401,Calle Mercadillo,CON_LESIONADOS,Atropellamiento,Factores externos,66,LESIONADO,HOMBRE,PEATON,10,LESIONADO,HOMBRE,MOTOCICLETA,8,LESIONADO,HOMBRE,PEATON
2021-08-14 17:24:36,-3.982816,-79.200465,Calle Bolivar,CON_FALLECIDOS,Incendio,Visibilidad reducida,59,FALLECIDO,NO_REGISTRA,MOTOCICLETA,61,FALLECIDO,HOMBRE,OTRO,18,LESIONADO,NO_REGISTRA,OTRO
2021-12-15 15:38:34,-4.010190,-79.228169,Calle Ramon Borrero,SOLO_DANOS,Choque Vehicular,Fatiga del conductor,,,,,,,,,,,,
2021-03-02 07:28:48,-4.029760,-79.230773,Calle Ramon Borrero,SOLO_DANOS,Volcamiento,Estado de embriaguez,,,,,,,,,,,,
2021-11-24 20:40:58,-3.978587,-79.227240,Calle Saraguro,SOLO_DANOS,Incendio,Exceso de velocidad,,,,,,,,,,,,
2021-01-28 04:49:07,-4.018012,-79.193598,Av. 8 de Diciembre,SOLO_DANOS,Caida,Mal estado de la via,,,,,,,,,,,,
2021-04-07 11:04:44,-3.987115,-79.213541,Av. Cuxibamba,SOLO_DANOS,Caida,Mal estado de la via,,,,,,,,,,,,
2021-11-24 08:35:58,-4.026726,-79.198843,Calle Azogues,SOLO_DANOS,Volcamiento,Exceso de velocidad,,,,,,,,,,,,
2021-10-26 23:50:01,-3.992333,-79.197921,Av. Manuel Agustin Aguirre,SOLO_DANOS,Atropellamiento,Equipo de seguridad deficiente,,,,,,,,,,,,
2021-08-22 12:35:52,-4.005183,-79.194028,Via Loja - Catamayo,CON_LESIONADOS,Atropellamiento,Fatiga del conductor,43,LESIONADO,HOMBRE,MOTOCICLETA,16,LESIONADO,HOMBRE,VEH_LIVIANO,,,,
2021-05-02 19:22:58,-3.991376,-79.207542,Calle Rocafuerte,CON_FALLECIDOS,Caida,Factores externos,81,FALLECIDO,NO_REGISTRA,PEATON,67,FALLECIDO,NO_REGISTRA,MOTOCICLETA,,,,
2021-05-21 05:07:53,-4.015455,-79.218881,Calle Ramon Borrero,SOLO_DANOS,Volcamiento,Falla mecanica,,,,,,,,,,,,
2021-02-14 04:21:57,-4.011655,-79.214322,Calle 10 de Agosto,CON_FALLECIDOS,Colision Multiple,Falla mecanica,26,FALLECIDO,MUJER,PEATON,23,FALLECIDO,MUJER,PEATON,13,LESIONADO,NO_REGISTRA,SCOOTER
2021-12-30 23:07:46,-3.994579,-79.171841,Calle Rocafuerte,CON_FALLECIDOS,Accidente Laboral,Equipo de seguridad deficiente,71,FALLECIDO,NO_REGISTRA,CICLISTA,30,LESIONADO,NO_REGISTRA,PEATON,,,,
2021-04-02 10:52:50,-3.988194,-79.195327,Av. Pio Jaramillo,CON_LESIONADOS,Accidente Laboral,Mal estado de la via,31,LESIONADO,MUJER,PEATON,15,LESIONADO,MUJER,OTRO,16,LESIONADO,MUJER,CICLISTA
2021-11-17 05:14:17,-3.977296,-79.198775,Calle Bolivar,SOLO_DANOS,Incendio,Falla mecanica,,,,,,,,,,,,
2021-09-20 12:13:35,-3.993629,-79.204894,Av. Metropolitana,CON_LESIONADOS,Choque Vehicular,Via resbaladiza o mojada,21,LESIONADO,NO_REGISTRA,CICLISTA,62,LESIONADO,NO_REGISTRA,CICLISTA,,,,
2021-05-29 00:42:16,-3.979155,-79.207360,Av. Manuel Agustin Aguirre,CON_FALLECIDOS,Choque Vehicular,Falla mecanica,69,FALLECIDO,HOMBRE,PEATON,,,,,,,,
2021-12-22 21:44:23,-4.002316,-79.186156,Av. Manuel Agustin Aguirre,CON_FALLECIDOS,Volcamiento,Exceso de velocidad,33,FALLECIDO,MUJER,PEATON,62,LESIONADO,HOMBRE,OTRO,78,LESIONADO,MUJER,OTRO
2021-07-14 17:57:06,-3.985233,-79.223571,Av. Orillas del Zamora,SOLO_DANOS,Atropellamiento,Mal estado de la via,,,,,,,,,,,,
2021-08-30 05:52:36,-3.992410,-79.200376,Av. 8 de Diciembre,SOLO_DANOS,Caida,Inobservancia de senales,7,LESIONADO,HOMBRE,PEATON,,,,,,,,
2021-12-04 05:37:59,-4.022784,-79.217466,Calle Bolivar,SOLO_DANOS,Colision Multiple,Exceso de velocidad,,,,,,,,,,,,
2021-03-13 20:35:54,-4.014859,-79.214902,Av. Metropolitana,CON_LESIONADOS,Volcamiento,Inobservancia de senales,70,LESIONADO,NO_REGISTRA,MOTOCICLETA,30,LESIONADO,MUJER,OTRO,57,LESIONADO,NO_REGISTRA,OTRO
2021-10-12 09:31:08,-4.035843,-79.184271,Av. Universitaria,CON_FALLECIDOS,Colision Multiple,Fatiga del conductor,59,FALLECIDO,MUJER,SCOOTER,31,LESIONADO,MUJER,CICLISTA,51,LESIONADO,NO_REGISTRA,OTRO
2021-04-17 18:07:25,-4.022758,-79.211659,Calle Mercadillo,CON_LESIONADOS,Atropellamiento,Distraccion (celular/radio),62,LESIONADO,NO_REGISTRA,CICLISTA,51,LESIONADO,HOMBRE,SCOOTER,55,LESIONADO,HOMBRE,SCOOTER
2021-10-25 12:29:52,-4.022885,-79.230853,Calle 18 de Noviembre,CON_FALLECIDOS,Colision Multiple,Distraccion (celular/radio),65,FALLECIDO,NO_REGISTRA,MOTOCICLETA,52,FALLECIDO,HOMBRE,OTRO,34,LESIONADO,MUJER,OTRO
2021-01-05 07:35:35,-4.009000,-79.186859,Calle Quito,CON_LESIONADOS,Choque Vehicular,Factores externos,73,LESIONADO,NO_REGISTRA,OTRO,66,LESIONADO,MUJER,MOTOCICLETA,,,,
2021-10-13 15:30:57,-3.994131,-79.216726,Av. Rosa Hermosa,SOLO_DANOS,Caida,Factores externos,,,,,,,,,,,,
2021-03-07 13:28:50,-4.021548,-79.221679,Ruta 35,CON_FALLECIDOS,Incendio,Estado de embriaguez,58,FALLECIDO,HOMBRE,PEATON,22,FALLECIDO,HOMBRE,OTRO,,,,
2021-01-02 03:59:01,-4.000181,-79.223129,Calle Saraguro,SOLO_DANOS,Incendio,Visibilidad reducida,,,,,,,,,,,,
2021-12-07 02:15:41,-4.035029,-79.208401,Calle 10 de Agosto,SOLO_DANOS,Incendio,Mal estado de la via,66,LESIONADO,MUJER,OTRO,,,,,,,,
2021-02-22 22:31:27,-3.978175,-79.213312,Av. Universitaria,CON_LESIONADOS,Volcamiento,Fatiga del conductor,14,LESIONADO,MUJER,VEH_LIVIANO,10,LESIONADO,HOMBRE,PEATON,26,LESIONADO,NO_REGISTRA,MOTOCICLETA
2021-04-08 23:31:12,-3.997769,-79.209056,Calle Saraguro,SOLO_DANOS,Colision Multiple,Imprudencia del conductor,,,,,,,,,,,,
2021-10-01 06:12:32,-4.014713,-79.183952,Calle Montufar,CON_FALLECIDOS,Atropellamiento,Imprudencia del conductor,25,FALLECIDO,HOMBRE,VEH_LIVIANO,,,,,,,,
2021-07-20 04:47:15,-3.984305,-79.174799,Calle Sucre,SOLO_DANOS,Atropellamiento,Inobservancia de senales,,,,,,,,,,,,
2021-06-07 19:11:53,-4.024536,-79.229828,Calle Montufar,CON_FALLECIDOS,Caida,Imprudencia del conductor,55,FALLECIDO,HOMBRE,SCOOTER,,,,,,,,
2021-04-21 02:26:48,-4.009537,-79.198019,Calle Rocafuerte,SOLO_DANOS,Accidente Laboral,Exceso de velocidad,73,LESIONADO,HOMBRE,CICLISTA,,,,,,,,
2021-12-06 05:45:33,-4.017753,-79.179494,Av. Manuel Agustin Aguirre,SOLO_DANOS,Incendio,Via resbaladiza o mojada,,,,,,,,,,,,
2021-03-06 21:06:47,-4.034790,-79.226426,Calle Ramon Borrero,CON_LESIONADOS,Incendio,Visibilidad reducida,13,LESIONADO,HOMBRE,CICLISTA,,,,,,,,
2021-09-05 06:15:28,-3.996625,-79.186367,Ruta 35,SOLO_DANOS,Accidente Laboral,Factores externos,,,,,,,,,,,,
2021-04-29 19:08:40,-4.028813,-79.194403,Calle Montufar,CON_FALLECIDOS,Volcamiento,Inobservancia de senales,81,FALLECIDO,NO_REGISTRA,SCOOTER,,,,,,,,
2021-08-08 23:49:40,-4.033803,-79.213315,Calle Miguel Riofrio,CON_FALLECIDOS,Caida,Estado de embriaguez,34,FALLECIDO,HOMBRE,VEH_LIVIANO,64,LESIONADO,MUJER,MOTOCICLETA,,,,
2021-04-25 20:02:54,-3.985879,-79.208950,Calle Montufar,CON_LESIONADOS,Caida,Via resbaladiza o mojada,20,LESIONADO,HOMBRE,VEH_LIVIANO,,,,,,,,
2021-04-22 13:29:40,-3.977532,-79.206751,Calle 18 de Noviembre,CON_LESIONADOS,Caida,Via resbaladiza o mojada,65,LESIONADO,MUJER,PEATON,,,,,,,,
2021-03-21 17:00:34,-4.001204,-79.218191,Calle Azogues,SOLO_DANOS,Accidente Laboral,Imprudencia del conductor,,,,,,,,,,,,
2021-04-13 14:47:50,-3.983842,-79.226091,Calle Miguel Riofrio,SOLO_DANOS,Colision Multiple,Equipo de seguridad deficiente,,,,,,,,,,,,
2021-04-30 02:24:39,-4.029213,-79.198972,Av. Orillas del Zamora,CON_FALLECIDOS,Choque Vehicular,Equipo de seguridad deficiente,75,FALLECIDO,HOMBRE,SCOOTER,34,FALLECIDO,HOMBRE,VEH_LIVIANO,,,,
2021-09-09 15:38:18,-3.977683,-79.173052,Calle Mercadillo,CON_FALLECIDOS,Accidente Laboral,Imprudencia del conductor,51,FALLECIDO,NO_REGISTRA,PEATON,64,FALLECIDO,NO_REGISTRA,MOTOCICLETA,,,,
2021-06-25 12:32:17,-3.996059,-79.182143,Calle Montufar,CON_FALLECIDOS,Atropellamiento,Fatiga del conductor,65,FALLECIDO,NO_REGISTRA,MOTOCICLETA,36,FALLECIDO,MUJER,OTRO,69,LESIONADO,NO_REGISTRA,MOTOCICLETA
2021-04-19 10:54:40,-3.982272,-79.171552,Av. Gran Colombia,CON_LESIONADOS,Caida,Mal estado de la via,63,LESIONADO,HOMBRE,CICLISTA,23,LESIONADO,MUJER,OTRO,,,,
2021-01-15 10:19:12,-3.992369,-79.195737,Av. Universitaria,SOLO_DANOS,Incendio,Via resbaladiza o mojada,,,,,,,,,,,,
2021-06-09 19:51:10,-3.991725,-79.193159,Via Loja - Zamora,CON_FALLECIDOS,Caida,Imprudencia del conductor,30,FALLECIDO,NO_REGISTRA,SCOOTER,27,LESIONADO,MUJER,MOTOCICLETA,,,,
2021-05-07 06:06:43,-3.988987,-79.178798,Calle Bolivar,SOLO_DANOS,Caida,Inobservancia de senales,,,,,,,,,,,,
2021-02-20 03:59:07,-3.979504,-79.227022,Calle Sucre,SOLO_DANOS,Volcamiento,Estado de embriaguez,,,,,,,,,,,,
2021-11-12 09:11:12,-4.005072,-79.230066,Via Loja - Zamora,CON_FALLECIDOS,Volcamiento,Exceso de velocidad,26,FALLECIDO,HOMBRE,PEATON,59,LESIONADO,NO_REGISTRA,SCOOTER,,,,
2021-05-14 04:31:48,-4.023967,-79.194385,Av. 8 de Diciembre,SOLO_DANOS,Caida,Distraccion (celular/radio),,,,,,,,,,,,
2021-08-15 03:43:55,-4.023473,-79.224979,Calle Mercadillo,CON_FALLECIDOS,Incendio,Mal estado de la via,79,FALLECIDO,MUJER,MOTOCICLETA,38,FALLECIDO,MUJER,MOTOCICLETA,47,LESIONADO,MUJER,VEH_LIVIANO
2021-10-26 19:38:45,-4.021055,-79.227707,Calle Mercadillo,CON_FALLECIDOS,Choque Vehicular,Visibilidad reducida,49,FALLECIDO,MUJER,CICLISTA,68,LESIONADO,MUJER,SCOOTER,36,LESIONADO,HOMBRE,VEH_LIVIANO
2021-09-18 11:03:23,-4.021862,-79.225541,Calle Miguel Riofrio,CON_LESIONADOS,Choque Vehicular,Exceso de velocidad,59,LESIONADO,MUJER,CICLISTA,51,LESIONADO,NO_REGISTRA,SCOOTER,54,LESIONADO,NO_REGISTRA,MOTOCICLETA
2021-10-22 14:12:01,-4.018570,-79.202566,Ruta 35,SOLO_DANOS,Volcamiento,Imprudencia del conductor,,,,,,,,,,,,
2021-03-17 06:16:24,-4.001490,-79.204502,Av. Universitaria,CON_LESIONADOS,Choque Vehicular,Imprudencia del conductor,37,LESIONADO,HOMBRE,CICLISTA,11,LESIONADO,MUJER,CICLISTA,54,LESIONADO,MUJER,CICLISTA
2021-09-09 01:41:19,-3.988983,-79.215414,Av. Manuel Agustin Aguirre,CON_LESIONADOS,Caida,Equipo de seguridad deficiente,30,LESIONADO,MUJER,MOTOCICLETA,46,LESIONADO,NO_REGISTRA,PEATON,9,LESIONADO,HOMBRE,OTRO
2021-12-06 01:34:37,-4.026553,-79.219083,Ruta 35,CON_LESIONADOS,Incendio,Fatiga del conductor,54,LESIONADO,MUJER,VEH_LIVIANO,55,LESIONADO,HOMBRE,CICLISTA,,,,
2021-11-20 08:06:19,-3.981053,-79.185267,Calle Saraguro,CON_FALLECIDOS,Choque Vehicular,Via resbaladiza o mojada,60,FALLECIDO,NO_REGISTRA,SCOOTER,72,FALLECIDO,NO_REGISTRA,SCOOTER,5,LESIONADO,NO_REGISTRA,SCOOTER
2021-09-09 13:35:13,-4.031202,-79.193145,Calle 10 de Agosto,CON_FALLECIDOS,Choque Vehicular,Visibilidad reducida,33,FALLECIDO,HOMBRE,SCOOTER,,,,,,,,
2021-11-30 15:51:53,-3.996170,-79.229834,Calle Miguel Riofrio,CON_FALLECIDOS,Colision Multiple,Mal estado de la via,51,FALLECIDO,NO_REGISTRA,OTRO,64,FALLECIDO,HOMBRE,OTRO,30,LESIONADO,HOMBRE,OTRO
2021-06-20 00:39:30,-4.010667,-79.176770,Calle Saraguro,CON_FALLECIDOS,Colision Multiple,Fatiga del conductor,20,FALLECIDO,HOMBRE,MOTOCICLETA,15,LESIONADO,HOMBRE,MOTOCICLETA,40,LESIONADO,HOMBRE,VEH_LIVIANO
2021-09-03 15:28:11,-4.021558,-79.173165,Av. Cuxibamba,SOLO_DANOS,Volcamiento,Factores externos,,,,,,,,,,,,
2021-08-18 20:33:41,-4.011929,-79.221176,Calle Quito,SOLO_DANOS,Accidente Laboral,Factores externos,,,,,,,,,,,,
2021-05-28 13:45:51,-4.009270,-79.183153,Calle Ramon Borrero,CON_FALLECIDOS,Colision Multiple,Estado de embriaguez,80,FALLECIDO,NO_REGISTRA,PEATON,58,FALLECIDO,MUJER,PEATON,40,LESIONADO,MUJER,PEATON
2021-08-29 17:04:27,-3.979936,-79.175395,Av. Orillas del Zamora,CON_FALLECIDOS,Incendio,Distraccion (celular/radio),20,FALLECIDO,NO_REGISTRA,MOTOCICLETA,33,LESIONADO,MUJER,VEH_LIVIANO,66,LESIONADO,MUJER,OTRO
2021-11-28 10:32:33,-3.979690,-79.183237,Calle Imbabura,CON_FALLECIDOS,Colision Multiple,Falla mecanica,79,FALLECIDO,MUJER,SCOOTER,54,LESIONADO,NO_REGISTRA,SCOOTER,,,,
2021-02-04 16:37:59,-4.004956,-79.180373,Av. Manuel Agustin Aguirre,CON_LESIONADOS,Colision Multiple,Imprudencia del conductor,25,LESIONADO,NO_REGISTRA,VEH_LIVIANO,,,,,,,,
2021-07-08 18:41:01,-4.019601,-79.193768,Calle Azogues,CON_FALLECIDOS,Accidente Laboral,Equipo de seguridad deficiente,80,FALLECIDO,NO_REGISTRA,CICLISTA,41,LESIONADO,HOMBRE,MOTOCICLETA,,,,
2021-10-08 14:18:45,-3.998836,-79.193110,Calle Rocafuerte,SOLO_DANOS,Accidente Laboral,Inobservancia de senales,,,,,,,,,,,,
2021-02-08 23:43:20,-4.021347,-79.189115,Av. Cuxibamba,CON_LESIONADOS,Atropellamiento,Mal estado de la via,26,LESIONADO,MUJER,VEH_LIVIANO,46,LESIONADO,MUJER,PEATON,49,LESIONADO,NO_REGISTRA,CICLISTA
2021-03-10 10:06:01,-4.005011,-79.229102,Calle Azogues,CON_FALLECIDOS,Choque Vehicular,Via resbaladiza o mojada,36,FALLECIDO,HOMBRE,PEATON,43,LESIONADO,MUJER,MOTOCICLETA,19,LESIONADO,MUJER,OTRO
2021-10-17 07:39:40,-4.008394,-79.200604,Calle Montufar,SOLO_DANOS,Colision Multiple,Fatiga del conductor,,,,,,,,,,,,
2021-09-05 11:20:22,-4.006786,-79.219048,Av. Manuel Agustin Aguirre,SOLO_DANOS,Choque Vehicular,Distraccion (celular/radio),,,,,,,,,,,,