fecha_hora,latitud,longitud,via,grado_severidad,tipo_siniestro,causa_probable,victima1_edad,victima1_condicion,victima1_sexo,victima1_actor_vial,victima2_edad,victima2_condicion,victima2_sexo,victima2_actor_vial,victima3_edad,victima3_condicion,victima3_sexo,victima3_actor_vial
2021-09-07 17:35:53,-4.026016,-79.205323,Calle Colon,CON_LESIONADOS,Incendio,Equipo de seguridad deficiente,37,LESIONADO,HOMBRE,VEH_LIVIANO,,,,,,,,
2021-05-10 07:45:01,-3.977079,-79.222535,Av. Pio Jaramillo,CON_LESIONADOS,Caida,Fatiga del conductor,78,LESIONADO,MUJER,CICLISTA,49,LESIONADO,NO_REGISTRA,CICLISTA,75,LESIONADO,MUJER,MOTOCICLETA
2021-03-31 00:11:01,-3.988110,-79.216558,Av. Metropolitana,SOLO_DANOS,Volcamiento,Distraccion (celular/radio),60,LESIONADO,HOMBRE,MOTOCICLETA,,,,,,,,
2021-12-13 03:33:38,-4.032386,-79.184710,Calle Quito,SOLO_DANOS,Volcamiento,Falla mecanica,,,,,,,,,,,,
2021-09-08 09:16:10,-4.007656,-79.191581,Av. Universitaria,SOLO_DANOS,Volcamiento,Imprudencia del conductor,34,LESIONADO,MUJER,SCOOTER,,,,,,,,
2021-12-31 09:21:17,-4.036298,-79.185659,Calle Rocafuerte,CON_LESIONADOS,Incendio,Equipo de seguridad deficiente,16,LESIONADO,NO_REGISTRA,MOTOCICLETA,10,LESIONADO,MUJER,CICLISTA,,,,
2021-07-15 04:45:37,-3.981291,-79.216504,Av. Pio Jaramillo,SOLO_DANOS,Atropellamiento,Factores externos,,,,,,,,,,,,
2021-12-17 02:23:59,-4.023460,-79.207489,Av. Manuel Agustin Aguirre,SOLO_DANOS,Caida,Falla mecanica,,,,,,,,,,,,
2021-05-06 01:00:55,-3.994028,-79.225397,Via Loja - Zamora,CON_FALLECIDOS,Volcamiento,Equipo de seguridad deficiente,51,FALLECIDO,NO_REGISTRA,CICLISTA,,,,,,,,
2021-05-26 20:13:33,-4.029719,-79.218790,Calle Bolivar,CON_LESIONADOS,Choque Vehicular,Via resbaladiza o mojada,39,LESIONADO,MUJER,CICLISTA,,,,,,,,
2021-06-09 01:31:10,-4.022866,-79.182966,Calle Colon,CON_LESIONADOS,Colision Multiple,Via resbaladiza o mojada,12,LESIONADO,HOMBRE,OTRO,17,LESIONADO,HOMBRE,PEATON,41,LESIONADO,MUJER,OTRO
2021-04-01 08:49:57,-4.019963,-79.175067,Av. Gran Colombia,CON_FALLECIDOS,Colision Multiple,Inobservancia de senales,31,FALLECIDO,MUJER,MOTOCICLETA,23,FALLECIDO,NO_REGISTRA,MOTOCICLETA,30,LESIONADO,MUJER,VEH_LIVIANO
2021-07-23 02:27:14,-4.007573,-79.201291,Calle Miguel Riofrio,CON_LESIONADOS,Choque Vehicular,Equipo de seguridad deficiente,32,LESIONADO,MUJER,CICLISTA,56,LESIONADO,MUJER,OTRO,53,LESIONADO,MUJER,MOTOCICLETA
2021-07-24 16:18:07,-3.994029,-79.206075,Calle Miguel Riofrio,SOLO_DANOS,Incendio,Falla mecanica,23,LESIONADO,NO_REGISTRA,CICLISTA,,,,,,,,
2021-06-08 08:35:48,-4.032468,-79.202690,Av. Orillas del Zamora,CON_LESIONADOS,Colision Multiple,Inobservancia de senales,58,LESIONADO,NO_REGISTRA,PEATON,,,,,,,,
2021-02-04 19:27:05,-4.007493,-79.196964,Calle Miguel Riofrio,SOLO_DANOS,Choque Vehicular,Distraccion (celular/radio),,,,,,,,,,,,
2021-09-20 19:41:12,-4.018478,-79.222074,Av. Isidro Ayora,CON_LESIONADOS,Incendio,Inobservancia de senales,70,LESIONADO,HOMBRE,PEATON,29,LESIONADO,NO_REGISTRA,MOTOCICLETA,63,LESIONADO,MUJER,SCOOTER
2021-05-27 16:07:05,-4.018352,-79.192589,Av. Metropolitana,CON_LESIONADOS,Caida,Distraccion (celular/radio),76,LESIONADO,MUJER,CICLISTA,41,LESIONADO,NO_REGISTRA,VEH_LIVIANO,,,,
2021-10-06 13:25:39,-4.025422,-79.203774,Ruta 35,CON_LESIONADOS,Colision Multiple,Visibilidad reducida,74,LESIONADO,HOMBRE,PEATON,21,LESIONADO,MUJER,CICLISTA,,,,
2021-04-02 12:29:01,-3.988658,-79.179553,Av. Reinaldo Espinosa,CON_FALLECIDOS,Accidente Laboral,Inobservancia de senales,85,FALLECIDO,MUJER,VEH_LIVIANO,39,FALLECIDO,HOMBRE,CICLISTA,47,LESIONADO,MUJER,VEH_LIVIANO
2021-11-20 15:19:40,-4.020317,-79.219880,Calle Mercadillo,SOLO_DANOS,Atropellamiento,Distraccion (celular/radio),,,,,,,,,,,,
2021-12-22 08:29:59,-4.025803,-79.191187,Av. Universitaria,CON_LESIONADOS,Atropellamiento,Via resbaladiza o mojada,21,LESIONADO,NO_REGISTRA,VEH_LIVIANO,,,,,,,,
2021-03-24 14:55:13,-3.982155,-79.210203,Calle Bolivar,CON_FALLECIDOS,Choque Vehicular,Inobservancia de senales,44,FALLECIDO,HOMBRE,PEATON,53,LESIONADO,HOMBRE,VEH_LIVIANO,,,,
2021-02-04 05:34:40,-3.988830,-79.205581,Calle Azogues,CON_LESIONADOS,Caida,Falla mecanica,48,LESIONADO,MUJER,PEATON,41,LESIONADO,NO_REGISTRA,VEH_LIVIANO,,,,
2021-01-24 22:37:58,-4.015079,-79.191202,Av. 8 de Diciembre,SOLO_DANOS,Caida,Equipo de seguridad deficiente,,,,,,,,,,,,
2021-10-13 07:38:33,-3.992018,-79.206353,Calle 18 de Noviembre,CON_LESIONADOS,Atropellamiento,Mal estado de la via,65,LESIONADO,NO_REGISTRA,PEATON,28,LESIONADO,NO_REGISTRA,SCOOTER,35,LESIONADO,NO_REGISTRA,MOTOCICLETA
2021-01-17 01:10:34,-3.990901,-79.178979,Calle Ramon Borrero,SOLO_DANOS,Atropellamiento,Factores externos,,,,,,,,,,,,
2021-06-22 21:35:26,-4.020797,-79.179964,Calle Azogues,SOLO_DANOS,Choque Vehicular,Exceso de velocidad,,,,,,,,,,,,
2021-11-30 15:57:29,-3.993426,-79.218938,Calle 18 de Noviembre,CON_FALLECIDOS,Incendio,Visibilidad reducida,68,FALLECIDO,NO_REGISTRA,PEATON,46,FALLECIDO,NO_REGISTRA,SCOOTER,60,LESIONADO,NO_REGISTRA,PEATON
2021-01-19 10:03:54,-4.005978,-79.217359,Calle Montufar,CON_LESIONADOS,Accidente Laboral,Fatiga del conductor,32,LESIONADO,MUJER,CICLISTA,32,LESIONADO,HOMBRE,PEATON,,,,
2021-07-10 04:04:35,-3.994649,-79.215521,Via Loja - Catamayo,CON_LESIONADOS,Volcamiento,Falla mecanica,67,LESIONADO,HOMBRE,OTRO,10,LESIONADO,HOMBRE,SCOOTER,,,,
2021-01-18 05:12:39,-4.027019,-79.197151,Av. Orillas del Zamora,CON_FALLECIDOS,Colision Multiple,Equipo de seguridad deficiente,21,FALLECIDO,HOMBRE,MOTOCICLETA,51,FALLECIDO,NO_REGISTRA,CICLISTA,37,LESIONADO,MUJER,OTRO
2021-02-01 00:41:06,-3.985408,-79.177380,Calle Imbabura,SOLO_DANOS,Atropellamiento,Inobservancia de senales,,,,,,,,,,,,
2021-11-06 22:43:46,-4.018226,-79.186351,Calle Imbabura,CON_FALLECIDOS,Atropellamiento,Inobservancia de senales,64,FALLECIDO,MUJER,PEATON,27,LESIONADO,NO_REGISTRA,PEATON,14,LESIONADO,MUJER,PEATON
2021-09-26 23:07:03,-4.013585,-79.189011,Ruta 35,CON_FALLECIDOS,Incendio,Fatiga del conductor,52,FALLECIDO,MUJER,MOTOCICLETA,,,,,,,,
2021-04-08 20:46:25,-3.989063,-79.171172,Calle Sucre,CON_FALLECIDOS,Colision Multiple,Exceso de velocidad,36,FALLECIDO,NO_REGISTRA,VEH_LIVIANO,15,LESIONADO,MUJER,SCOOTER,77,LESIONADO,MUJER,MOTOCICLETA
2021-08-11 06:35:54,-4.000369,-79.230754,Calle Colon,CON_FALLECIDOS,Atropellamiento,Factores externos,51,FALLECIDO,HOMBRE,PEATON,66,LESIONADO,HOMBRE,MOTOCICLETA,6,LESIONADO,HOMBRE,OTRO
2021-06-04 22:34:33,-4.027966,-79.191217,Av. Metropolitana,CON_FALLECIDOS,Atropellamiento,Factores externos,43,FALLECIDO,MUJER,CICLISTA,32,FALLECIDO,MUJER,CICLISTA,,,,
2021-08-25 22:20:55,-4.000568,-79.192363,Av. Isidro Ayora,SOLO_DANOS,Atropellamiento,Inobservancia de senales,,,,,,,,,,,,
2021-05-21 08:10:58,-4.022597,-79.224689,Av. Isidro Ayora,CON_LESIONADOS,Atropellamiento,Imprudencia del conductor,24,LESIONADO,HOMBRE,VEH_LIVIANO,22,LESIONADO,MUJER,CICLISTA,62,LESIONADO,NO_REGISTRA,VEH_LIVIANO
2021-09-23 18:16:13,-3.990269,-79.217903,Av. Rosa Hermosa,SOLO_DANOS,Accidente Laboral,Distraccion (celular/radio),,,,,,,,,,,,
2021-03-24 16:49:13,-3.992617,-79.188777,Av. Orillas del Zamora,CON_LESIONADOS,Choque Vehicular,Exceso de velocidad,38,LESIONADO,HOMBRE,MOTOCICLETA,75,LESIONADO,MUJER,CICLISTA,16,LESIONADO,HOMBRE,SCOOTER
2021-09-26 10:25:46,-3.996074,-79.190692,Calle Montufar,CON_LESIONADOS,Incendio,Visibilidad reducida,44,LESIONADO,MUJER,PEATON,27,LESIONADO,MUJER,PEATON,41,LESIONADO,MUJER,OTRO
2021-10-31 01:11:25,-4.032005,-79.179478,Calle Mercadillo,CON_LESIONADOS,Caida,Via resbaladiza o mojada,54,LESIONADO,NO_REGISTRA,SCOOTER,,,,,,,,
2021-05-17 13:02:45,-4.030556,-79.229859,Calle Ramon Borrero,CON_FALLECIDOS,Colision Multiple,Distraccion (celular/radio),64,FALLECIDO,HOMBRE,MOTOCICLETA,,,,,,,,
2021-12-14 12:49:35,-4.005096,-79.209209,Calle Azogues,CON_FALLECIDOS,Choque Vehicular,Via resbaladiza o mojada,47,FALLECIDO,NO_REGISTRA,VEH_LIVIANO,19,FALLECIDO,MUJER,OTRO,59,LESIONADO,NO_REGISTRA,PEATON
2021-03-16 05:17:46,-3.993303,-79.216037,Calle Ramon Borrero,SOLO_DANOS,Accidente Laboral,Distraccion (celular/radio),,,,,,,,,,,,
2021-06-11 04:14:59,-3.994630,-79.199397,Calle Montufar,SOLO_DANOS,Incendio,Fatiga del conductor,,,,,,,,,,,,
2021-10-08 03:50:57,-4.034064,-79.185214,Calle Montufar,CON_FALLECIDOS,Choque Vehicular,Visibilidad reducida,18,FALLECIDO,HOMBRE,CICLISTA,16,LESIONADO,MUJER,OTRO,,,,
2021-04-27 09:32:05,-4.026358,-79.194720,Calle Mercadillo,SOLO_DANOS,Choque Vehicular,Visibilidad reducida,45,LESIONADO,NO_REGISTRA,MOTOCICLETA,,,,,,,,
2021-11-29 15:56:19,-3.983690,-79.171637,Via Loja - Zamora,SOLO_DANOS,Colision Multiple,Via resbaladiza o mojada,,,,,,,,,,,,
2021-10-01 10:47:28,-4.019328,-79.184424,Av. Isidro Ayora,CON_FALLECIDOS,Accidente Laboral,Fatiga del conductor,45,FALLECIDO,HOMBRE,SCOOTER,36,LESIONADO,MUJER,OTRO,25,LESIONADO,MUJER,MOTOCICLETA
2021-09-13 00:52:39,-4.019086,-79.217556,Calle Bolivar,CON_LESIONADOS,Incendio,Mal estado de la via,71,LESIONADO,NO_REGISTRA,CICLISTA,57,LESIONADO,NO_REGISTRA,VEH_LIVIANO,8,LESIONADO,MUJER,SCOOTER
2021-08-23 23:20:23,-4.018023,-79.200287,Calle Colon,SOLO_DANOS,Incendio,Distraccion (celular/radio),,,,,,,,,,,,
2021-07-12 03:48:49,-4.033968,-79.181776,Av. 8 de Diciembre,CON_LESIONADOS,Atropellamiento,Exceso de velocidad,36,LESIONADO,NO_REGISTRA,PEATON,,,,,,,,
2021-10-16 10:56:22,-3.989623,-79.211500,Av. Cuxibamba,CON_LESIONADOS,Accidente Laboral,Inobservancia de senales,80,LESIONADO,NO_REGISTRA,OTRO,49,LESIONADO,MUJER,OTRO,39,LESIONADO,MUJER,PEATON
2021-06-09 19:22:30,-3.995442,-79.218590,Calle Saraguro,SOLO_DANOS,Volcamiento,Exceso de velocidad,,,,,,,,,,,,
2021-10-18 10:47:04,-3.982788,-79.215623,Via Loja - Catamayo,CON_LESIONADOS,Colision Multiple,Imprudencia del conductor,9,LESIONADO,HOMBRE,PEATON,,,,,,,,
2021-08-28 07:44:24,-4.031132,-79.206234,Calle Rocafuerte,CON_LESIONADOS,Choque Vehicular,Inobservancia de senales,29,LESIONADO,NO_REGISTRA,SCOOTER,,,,,,,,
2021-06-30 23:55:35,-4.015766,-79.219840,Calle Bolivar,SOLO_DANOS,Incendio,Fatiga del conductor,,,,,,,,,,,,
2021-10-29 07:09:47,-4.000310,-79.199099,Av. Isidro Ayora,SOLO_DANOS,Incendio,Estado de embriaguez,,,,,,,,,,,,
2021-07-20 18:06:19,-4.021970,-79.179538,Av. Isidro Ayora,SOLO_DANOS,Volcamiento,Exceso de velocidad,7,LESIONADO,MUJER,SCOOTER,,,,,,,,
2021-07-14 08:45:10,-3.977730,-79.193135,Av. Metropolitana,CON_FALLECIDOS,Colision Multiple,Estado de embriaguez,79,FALLECIDO,MUJER,OTRO,43,LESIONADO,HOMBRE,VEH_LIVIANO,64,LESIONADO,HOMBRE,CICLISTA
2021-12-17 10:30:02,-3.986646,-79.180151,Calle Ramon Borrero,CON_FALLECIDOS,Colision Multiple,Fatiga del conductor,84,FALLECIDO,MUJER,VEH_LIVIANO,40,LESIONADO,MUJER,CICLISTA,,,,
2021-07-23 11:58:04,-4.024265,-79.181156,Av. Reinaldo Espinosa,SOLO_DANOS,Atropellamiento,Estado de embriaguez,,,,,,,,,,,,
2021-08-23 22:28:09,-4.014360,-79.203056,Av. Manuel Agustin Aguirre,SOLO_DANOS,Caida,Estado de embriaguez,,,,,,,,,,,,
2021-01-12 20:23:18,-4.020517,-79.215835,Av. Isidro Ayora,SOLO_DANOS,Colision Multiple,Imprudencia del conductor,,,,,,,,,,,,
2021-03-31 02:12:16,-3.990709,-79.186317,Calle 18 de Noviembre,CON_LESIONADOS,Colision Multiple,Exceso de velocidad,24,LESIONADO,NO_REGISTRA,OTRO,14,LESIONADO,MUJER,PEATON,,,,
2021-04-24 22:37:31,-4.002115,-79.195264,Calle Rocafuerte,CON_LESIONADOS,Atropellamiento,Fatiga del conductor,9,LESIONADO,NO_REGISTRA,VEH_LIVIANO,29,LESIONADO,MUJER,OTRO,,,,
2021-12-08 21:03:41,-4.008603,-79.196516,Av. Orillas del Zamora,CON_LESIONADOS,Choque Vehicular,Visibilidad reducida,10,LESIONADO,HOMBRE,OTRO,,,,,,,,
2021-03-21 02:04:32,-3.979268,-79.207788,Calle Montufar,CON_LESIONADOS,Volcamiento,Falla mecanica,18,LESIONADO,HOMBRE,VEH_LIVIANO,,,,,,,,
2021-02-20 06:35:46,-4.014307,-79.210288,Calle Ramon Borrero,CON_LESIONADOS,Accidente Laboral,Via resbaladiza o mojada,7,LESIONADO,MUJER,PEATON,,,,,,,,
2021-02-27 00:00:17,-4.016997,-79.228813,Ruta 35,SOLO_DANOS,Atropellamiento,Falla mecanica,,,,,,,,,,,,
2021-03-01 18:34:39,-4.034960,-79.201933,Via Loja - Catamayo,CON_FALLECIDOS,Caida,Equipo de seguridad deficiente,56,FALLECIDO,NO_REGISTRA,SCOOTER,69,LESIONADO,NO_REGISTRA,SCOOTER,,,,
2021-12-15 13:31:25,-3.994089,-79.223438,Via Loja - Zamora,CON_FALLECIDOS,Incendio,Estado de embriaguez,33,FALLECIDO,NO_REGISTRA,PEATON,58,FALLECIDO,MUJER,CICLISTA,,,,
2021-05-06 16:10:55,-4.033287,-79.181502,Calle Azogues,CON_FALLECIDOS,Choque Vehicular,Mal estado de la via,39,FALLECIDO,HOMBRE,MOTOCICLETA,43,FALLECIDO,MUJER,PEATON,38,LESIONADO,NO_REGISTRA,SCOOTER
2021-10-23 06:14:38,-4.010209,-79.173833,Av. Reinaldo Espinosa,CON_FALLECIDOS,Colision Multiple,Equipo de seguridad deficiente,81,FALLECIDO,NO_REGISTRA,SCOOTER,46,LESIONADO,MUJER,OTRO,,,,
2021-04-24 04:58:18,-4.008597,-79.194468,Calle Azogues,CON_LESIONADOS,Atropellamiento,Inobservancia de senales,31,LESIONADO,MUJER,VEH_LIVIANO,62,LESIONADO,NO_REGISTRA,CICLISTA,23,LESIONADO,NO_REGISTRA,CICLISTA
2021-04-19 07:24:28,-4.019074,-79.175958,Calle Azogues,SOLO_DANOS,Incendio,Estado de embriaguez,,,,,,,,,,,,
2021-10-15 15:27:06,-3.992112,-79.202992,Av. 8 de Diciembre,SOLO_DANOS,Accidente Laboral,Exceso de velocidad,,,,,,,,,,,,
2021-07-05 11:24:08,-3.996956,-79.184506,Calle 10 de Agosto,SOLO_DANOS,Colision Multiple,Via resbaladiza o mojada,,,,,,,,,,,,
2021-02-09 22:13:37,-4.027962,-79.222273,Av. Isidro Ayora,CON_LESIONADOS,Volcamiento,Via resbaladiza o mojada,65,LESIONADO,HOMBRE,OTRO,13,LESIONADO,NO_REGISTRA,CICLISTA,,,,
2021-08-03 14:49:25,-3.978072,-79.198111,Calle Rocafuerte,CON_FALLECIDOS,Caida,Factores externos,19,FALLECIDO,NO_REGISTRA,OTRO,45,LESIONADO,HOMBRE,VEH_LIVIANO,79,LESIONADO,NO_REGISTRA,OTRO
2021-07-11 13:52:42,-4.000101,-79.180465,Calle 10 de Agosto,CON_FALLECIDOS,Colision Multiple,Factores externos,75,FALLECIDO,NO_REGISTRA,OTRO,,,,,,,,
2021-12-08 23:13:41,-3.993346,-79.193154,Calle Miguel Riofrio,CON_FALLECIDOS,Incendio,Equipo de seguridad deficiente,70,FALLECIDO,HOMBRE,MOTOCICLETA,35,FALLECIDO,HOMBRE,PEATON,30,LESIONADO,NO_REGISTRA,PEATON
2021-06-11 17:42:23,-4.020781,-79.228874,Calle Imbabura,SOLO_DANOS,Incendio,Inobservancia de senales,12,LESIONADO,NO_REGISTRA,CICLISTA,,,,,,,,
2021-02-03 12:27:53,-3.996466,-79.205392,Calle Quito,CON_FALLECIDOS,Volcamiento,Distraccion (celular/radio),37,FALLECIDO,NO_REGISTRA,CICLISTA,34,FALLECIDO,NO_REGISTRA,SCOOTER,44,LESIONADO,NO_REGISTRA,MOTOCICLETA
2021-12-30 07:35:54,-3.979648,-79.173450,Calle Rocafuerte,CON_FALLECIDOS,Accidente Laboral,Inobservancia de senales,27,FALLECIDO,MUJER,MOTOCICLETA,83,FALLECIDO,HOMBRE,PEATON,29,LESIONADO,MUJER,PEATON
2021-09-20 03:42:50,-4.014896,-79.171869,Calle Miguel Riofrio,SOLO_DANOS,Volcamiento,Factores externos,,,,,,,,,,,,
2021-08-02 15:01:11,-4.033269,-79.188811,Calle Imbabura,CON_FALLECIDOS,Atropellamiento,Via resbaladiza o mojada,59,FALLECIDO,MUJER,SCOOTER,69,FALLECIDO,MUJER,SCOOTER,44,LESIONADO,HOMBRE,MOTOCICLETA
2021-04-17 20:29:02,-4.030918,-79.187823,Av. Universitaria,CON_FALLECIDOS,Volcamiento,Visibilidad reducida,22,FALLECIDO,HOMBRE,MOTOCICLETA,68,FALLECIDO,HOMBRE,SCOOTER,68,LESIONADO,MUJER,CICLISTA
2021-08-05 23:44:06,-4.028276,-79.220312,Calle Miguel Riofrio,CON_LESIONADOS,Volcamiento,Distraccion (celular/radio),70,LESIONADO,MUJER,SCOOTER,,,,,,,,
2021-05-23 23:45:17,-4.016674,-79.226414,Av. Manuel Agustin Aguirre,CON_FALLECIDOS,Accidente Laboral,Factores externos,39,FALLECIDO,NO_REGISTRA,VEH_LIVIANO,80,FALLECIDO,HOMBRE,VEH_LIVIANO,60,LESIONADO,HOMBRE,CICLISTA
2021-07-29 10:14:39,-4.011285,-79.184590,Calle Colon,SOLO_DANOS,Incendio,Visibilidad reducida,,,,,,,,,,,,
2021-11-17 11:15:07,-4.023427,-79.173614,Calle Ramon Borrero,SOLO_DANOS,Colision Multiple,Fatiga del conductor,,,,,,,,,,,,
2021-10-17 03:03:53,-4.000150,-79.222832,Calle 18 de Noviembre,SOLO_DANOS,Incendio,Falla mecanica,12,LESIONADO,MUJER,PEATON,,,,,,,,
2021-02-13 18:09:36,-4.000430,-79.193688,Calle Saraguro,CON_LESIONADOS,Accidente Laboral,Visibilidad reducida,57,LESIONADO,NO_REGISTRA,VEH_LIVIANO,43,LESIONADO,MUJER,MOTOCICLETA,24,LESIONADO,MUJER,VEH_LIVIANO
2021-01-23 06:39:37,-4.007287,-79.201691,Av. Universitaria,CON_FALLECIDOS,Caida,Exceso de velocidad,32,FALLECIDO,HOMBRE,CICLISTA,70,LESIONADO,MUJER,VEH_LIVIANO,39,LESIONADO,NO_REGISTRA,MOTOCICLETA
2021-10-17 20:35:54,-4.009032,-79.183942,Calle Sucre,CON_FALLECIDOS,Atropellamiento,Visibilidad reducida,45,FALLECIDO,HOMBRE,PEATON,20,LESIONADO,HOMBRE,OTRO,,,,
2021-09-19 13:32:15,-4.018205,-79.205942,Calle Sucre,CON_LESIONADOS,Caida,Fatiga del conductor,38,LESIONADO,HOMBRE,MOTOCICLETA,31,LESIONADO,NO_REGISTRA,PEATON,44,LESIONADO,MUJER,CICLISTA
2021-09-09 15:57:52,-4.020581,-79.230278,Calle Sucre,SOLO_DANOS,Accidente Laboral,Exceso de velocidad,,,,,,,,,,,,
2021-08-12 01:27:52,-4.013673,-79.202989,Calle Rocafuerte,SOLO_DANOS,Choque Vehicular,Equipo de seguridad deficiente,,,,,,,,,,,,
2021-06-27 22:40:01,-4.001167,-79.222354,Calle Bolivar,CON_LESIONADOS,Colision Multiple,Distraccion (celular/radio),13,LESIONADO,NO_REGISTRA,OTRO,,,,,,,,
2021-02-25 10:01:47,-3.996380,-79.193211,Av. 8 de Diciembre,CON_LESIONADOS,Accidente Laboral,Visibilidad reducida,46,LESIONADO,NO_REGISTRA,OTRO,46,LESIONADO,HOMBRE,SCOOTER,9,LESIONADO,MUJER,VEH_LIVIANO
2021-04-14 17:07:06,-4.021212,-79.193994,Calle Imbabura,CON_FALLECIDOS,Choque Vehicular,Exceso de velocidad,19,FALLECIDO,HOMBRE,OTRO,47,FALLECIDO,NO_REGISTRA,OTRO,59,LESIONADO,NO_REGISTRA,SCOOTER
2021-12-20 17:18:04,-4.005445,-79.198344,Av. 8 de Diciembre,SOLO_DANOS,Colision Multiple,Mal estado de la via,,,,,,,,,,,,
2021-10-19 19:46:58,-4.015925,-79.185032,Calle Ramon Borrero,SOLO_DANOS,Volcamiento,Visibilidad reducida,,,,,,,,,,,,
2021-04-20 10:07:56,-4.000458,-79.177556,Calle 18 de Noviembre,SOLO_DANOS,Choque Vehicular,Estado de embriaguez,,,,,,,,,,,,
2021-09-26 13:52:44,-4.004064,-79.210980,Calle Azogues,CON_LESIONADOS,Accidente Laboral,Estado de embriaguez,76,LESIONADO,MUJER,OTRO,33,LESIONADO,NO_REGISTRA,OTRO,78,LESIONADO,MUJER,MOTOCICLETA
2021-06-23 09:41:52,-3.990946,-79.211472,Calle Montufar,CON_LESIONADOS,Incendio,Fatiga del conductor,36,LESIONADO,MUJER,SCOOTER,31,LESIONADO,HOMBRE,CICLISTA,46,LESIONADO,HOMBRE,MOTOCICLETA
2021-09-07 01:48:03,-4.026228,-79.210402,Av. Isidro Ayora,SOLO_DANOS,Atropellamiento,Mal estado de la via,,,,,,,,,,,,
2021-10-12 16:37:15,-3.983032,-79.178732,Av. Orillas del Zamora,CON_LESIONADOS,Accidente Laboral,Inobservancia de senales,79,LESIONADO,MUJER,CICLISTA,51,LESIONADO,NO_REGISTRA,SCOOTER,38,LESIONADO,MUJER,OTRO
2021-05-03 02:02:44,-4.005370,-79.200636,Via Loja - Catamayo,SOLO_DANOS,Caida,Fatiga del conductor,,,,,,,,,,,,
2021-04-05 15:01:48,-4.005471,-79.177553,Calle 10 de Agosto,SOLO_DANOS,Choque Vehicular,Visibilidad reducida,,,,,,,,,,,,
2021-08-11 06:51:36,-3.980482,-79.213751,Calle 18 de Noviembre,CON_LESIONADOS,Caida,Equipo de seguridad deficiente,24,LESIONADO,HOMBRE,OTRO,,,,,,,,
2021-11-02 02:47:51,-3.982484,-79.221335,Calle Bolivar,CON_FALLECIDOS,Incendio,Distraccion (celular/radio),39,FALLECIDO,MUJER,OTRO,56,FALLECIDO,HOMBRE,CICLISTA,53,LESIONADO,HOMBRE,MOTOCICLETA
2021-08-26 10:33:39,-4.027033,-79.225331,Calle Quito,CON_FALLECIDOS,Atropellamiento,Fatiga del conductor,67,FALLECIDO,MUJER,PEATON,24,FALLECIDO,MUJER,PEATON,27,LESIONADO,NO_REGISTRA,SCOOTER
2021-04-08 07:57:24,-4.022398,-79.216237,Av. Metropolitana,CON_LESIONADOS,Atropellamiento,Inobservancia de senales,34,LESIONADO,MUJER,OTRO,,,,,,,,
2021-04-08 04:29:08,-4.029609,-79.223515,Av. Metropolitana,SOLO_DANOS,Choque Vehicular,Mal estado de la via,,,,,,,,,,,,
2021-06-29 23:24:41,-3.985067,-79.187050,Via Loja - Catamayo,CON_LESIONADOS,Volcamiento,Estado de embriaguez,10,LESIONADO,NO_REGISTRA,CICLISTA,,,,,,,,
2021-06-21 03:16:53,-4.036112,-79.174811,Calle Quito,SOLO_DANOS,Colision Multiple,Imprudencia del conductor,,,,,,,,,,,,
2021-12-27 18:20:47,-3.996933,-79.221232,Av. Metropolitana,SOLO_DANOS,Incendio,Estado de embriaguez,,,,,,,,,,,,
2021-04-21 00:44:51,-4.010224,-79.173545,Via Loja - Catamayo,SOLO_DANOS,Accidente Laboral,Fatiga del conductor,,,,,,,,,,,,
2021-10-06 17:33:22,-4.033924,-79.218693,Calle 10 de Agosto,CON_FALLECIDOS,Accidente Laboral,Imprudencia del conductor,77,FALLECIDO,NO_REGISTRA,PEATON,,,,,,,,
2021-09-02 21:04:17,-3.980156,-79.205155,Av. Manuel Agustin Aguirre,SOLO_DANOS,Accidente Laboral,Equipo de seguridad deficiente,,,,,,,,,,,,
2021-04-30 05:55:55,-4.034747,-79.195680,Av. Pio Jaramillo,SOLO_DANOS,Volcamiento,Estado de embriaguez,,,,,,,,,,,,
2021-03-02 19:10:16,-4.011093,-79.203140,Via Loja - Zamora,SOLO_DANOS,Incendio,Exceso de velocidad,52,LESIONADO,MUJER,SCOOTER,,,,,,,,
2021-02-11 07:13:42,-4.003661,-79.199982,Av. Metropolitana,CON_FALLECIDOS,Caida,Via resbaladiza o mojada,60,FALLECIDO,MUJER,OTRO,,,,,,,,
2021-10-12 11:34:38,-3.998863,-79.185811,Calle Sucre,CON_LESIONADOS,Choque Vehicular,Imprudencia del conductor,16,LESIONADO,NO_REGISTRA,OTRO,,,,,,,,
2021-02-10 18:34:15,-4.009746,-79.204697,Calle Bolivar,SOLO_DANOS,Choque Vehicular,Mal estado de la via,,,,,,,,,,,,
2021-09-24 10:21:37,-3.998394,-79.174111,Ruta 35,CON_LESIONADOS,Atropellamiento,Estado de embriaguez,44,LESIONADO,NO_REGISTRA,VEH_LIVIANO,21,LESIONADO,HOMBRE,VEH_LIVIANO,,,,