fecha_hora,latitud,longitud,via,grado_severidad,tipo_siniestro,causa_probable,victima1_edad,victima1_condicion,victima1_sexo,victima1_actor_vial,victima2_edad,victima2_condicion,victima2_sexo,victima2_actor_vial,victima3_edad,victima3_condicion,victima3_sexo,victima3_actor_vial
2021-10-29 15:36:23,-4.009223,-79.208525,Av. Reinaldo Espinosa,CON_FALLECIDOS,Atropellamiento,Falla mecanica,25,FALLECIDO,NO_REGISTRA,OTRO,40,FALLECIDO,HOMBRE,VEH_LIVIANO,47,LESIONADO,HOMBRE,SCOOTER
2021-12-14 02:51:20,-4.022189,-79.209914,Calle Miguel Riofrio,CON_LESIONADOS,Volcamiento,Visibilidad reducida,32,LESIONADO,MUJER,OTRO,42,LESIONADO,HOMBRE,VEH_LIVIANO,41,LESIONADO,NO_REGISTRA,CICLISTA
2021-10-06 18:16:51,-3.998112,-79.210882,Av. Cuxibamba,CON_FALLECIDOS,Choque Vehicular,Equipo de seguridad deficiente,37,FALLECIDO,NO_REGISTRA,CICLISTA,47,FALLECIDO,NO_REGISTRA,CICLISTA,59,LESIONADO,MUJER,SCOOTER
2021-06-17 23:36:19,-4.001957,-79.208739,Calle Colon,CON_LESIONADOS,Caida,Inobservancia de senales,72,LESIONADO,HOMBRE,CICLISTA,36,LESIONADO,NO_REGISTRA,MOTOCICLETA,,,,
2021-01-15 15:10:01,-4.034900,-79.182374,Via Loja - Zamora,SOLO_DANOS,Choque Vehicular,Fatiga del conductor,,,,,,,,,,,,
2021-11-18 12:43:32,-3.984391,-79.203689,Calle Saraguro,CON_FALLECIDOS,Choque Vehicular,Falla mecanica,85,FALLECIDO,MUJER,SCOOTER,23,FALLECIDO,HOMBRE,VEH_LIVIANO,28,LESIONADO,NO_REGISTRA,OTRO
2021-03-02 12:03:30,-4.012945,-79.215840,Calle Saraguro,SOLO_DANOS,Accidente Laboral,Equipo de seguridad deficiente,,,,,,,,,,,,
2021-11-16 01:57:00,-4.009441,-79.194819,Av. Cuxibamba,CON_LESIONADOS,Volcamiento,Via resbaladiza o mojada,48,LESIONADO,NO_REGISTRA,SCOOTER,24,LESIONADO,NO_REGISTRA,MOTOCICLETA,65,LESIONADO,NO_REGISTRA,OTRO
2021-03-26 11:32:56,-4.010114,-79.172194,Calle Azogues,CON_FALLECIDOS,Incendio,Imprudencia del conductor,33,FALLECIDO,HOMBRE,PEATON,82,FALLECIDO,MUJER,PEATON,,,,
2021-04-02 02:07:30,-3.992085,-79.196961,Av. Gran Colombia,SOLO_DANOS,Choque Vehicular,Distraccion (celular/radio),,,,,,,,,,,,
2021-11-14 17:38:58,-4.018530,-79.198353,Calle 18 de Noviembre,CON_LESIONADOS,Atropellamiento,Equipo de seguridad deficiente,43,LESIONADO,MUJER,OTRO,48,LESIONADO,NO_REGISTRA,VEH_LIVIANO,38,LESIONADO,HOMBRE,CICLISTA
2021-02-28 13:18:25,-4.011233,-79.185361,Av. Gran Colombia,CON_LESIONADOS,Choque Vehicular,Falla mecanica,52,LESIONADO,HOMBRE,VEH_LIVIANO,,,,,,,,
2021-12-03 23:18:19,-3.984556,-79.212217,Calle Montufar,SOLO_DANOS,Caida,Exceso de velocidad,,,,,,,,,,,,
2021-07-09 02:30:18,-3.992448,-79.189967,Av. Metropolitana,CON_LESIONADOS,Volcamiento,Inobservancia de senales,8,LESIONADO,NO_REGISTRA,SCOOTER,,,,,,,,
2021-09-18 09:07:25,-3.986376,-79.224444,Calle Azogues,CON_FALLECIDOS,Incendio,Exceso de velocidad,74,FALLECIDO,NO_REGISTRA,CICLISTA,21,FALLECIDO,NO_REGISTRA,OTRO,,,,
2021-03-25 16:18:40,-3.982887,-79.205930,Calle Sucre,CON_LESIONADOS,Caida,Exceso de velocidad,70,LESIONADO,MUJER,SCOOTER,49,LESIONADO,HOMBRE,SCOOTER,28,LESIONADO,HOMBRE,SCOOTER
2021-05-20 11:54:32,-4.006041,-79.199617,Ruta 35,SOLO_DANOS,Colision Multiple,Distraccion (celular/radio),,,,,,,,,,,,
2021-04-23 12:36:26,-3.979606,-79.187338,Calle Imbabura,CON_FALLECIDOS,Colision Multiple,Mal estado de la via,49,FALLECIDO,HOMBRE,MOTOCICLETA,,,,,,,,
2021-01-11 18:28:25,-4.026650,-79.201836,Calle Rocafuerte,CON_LESIONADOS,Colision Multiple,Falla mecanica,62,LESIONADO,HOMBRE,OTRO,63,LESIONADO,MUJER,OTRO,,,,
2021-10-04 09:28:48,-4.022509,-79.176000,Av. 8 de Diciembre,SOLO_DANOS,Volcamiento,Mal estado de la via,,,,,,,,,,,,
2021-12-31 21:37:00,-4.033060,-79.217949,Calle Quito,CON_LESIONADOS,Volcamiento,Fatiga del conductor,76,LESIONADO,HOMBRE,OTRO,,,,,,,,
2021-08-02 01:58:41,-4.000859,-79.181362,Av. Rosa Hermosa,CON_LESIONADOS,Colision Multiple,Falla mecanica,55,LESIONADO,NO_REGISTRA,PEATON,60,LESIONADO,HOMBRE,OTRO,,,,
2021-08-19 21:47:45,-4.026915,-79.185863,Calle Quito,SOLO_DANOS,Accidente Laboral,Mal estado de la via,68,LESIONADO,MUJER,SCOOTER,,,,,,,,
2021-07-10 04:40:10,-4.015840,-79.199839,Calle Montufar,SOLO_DANOS,Volcamiento,Distraccion (celular/radio),,,,,,,,,,,,
2021-01-24 06:55:24,-4.001675,-79.172093,Via Loja - Zamora,CON_LESIONADOS,Incendio,Exceso de velocidad,64,LESIONADO,MUJER,SCOOTER,66,LESIONADO,HOMBRE,VEH_LIVIANO,19,LESIONADO,NO_REGISTRA,MOTOCICLETA
2021-10-14 12:16:15,-4.029776,-79.194737,Av. Reinaldo Espinosa,CON_LESIONADOS,Accidente Laboral,Visibilidad reducida,35,LESIONADO,MUJER,OTRO,37,LESIONADO,NO_REGISTRA,OTRO,,,,
2021-01-17 23:47:29,-4.036153,-79.197569,Calle Saraguro,SOLO_DANOS,Atropellamiento,Falla mecanica,,,,,,,,,,,,
2021-11-24 06:01:58,-4.011467,-79.216533,Calle Colon,CON_FALLECIDOS,Caida,Estado de embriaguez,30,FALLECIDO,NO_REGISTRA,OTRO,75,LESIONADO,HOMBRE,SCOOTER,64,LESIONADO,MUJER,MOTOCICLETA
2021-05-14 11:58:29,-4.014352,-79.198865,Av. Gran Colombia,CON_LESIONADOS,Choque Vehicular,Visibilidad reducida,40,LESIONADO,HOMBRE,VEH_LIVIANO,,,,,,,,
2021-05-12 23:47:35,-4.007880,-79.175187,Calle Mercadillo,SOLO_DANOS,Colision Multiple,Exceso de velocidad,,,,,,,,,,,,
2021-06-19 05:41:05,-4.029702,-79.199040,Calle Quito,SOLO_DANOS,Choque Vehicular,Factores externos,,,,,,,,,,,,
2021-05-02 12:12:29,-4.029057,-79.199119,Via Loja - Zamora,SOLO_DANOS,Choque Vehicular,Distraccion (celular/radio),,,,,,,,,,,,
2021-08-20 12:43:51,-4.023401,-79.195067,Av. Gran Colombia,CON_FALLECIDOS,Atropellamiento,Distraccion (celular/radio),18,FALLECIDO,NO_REGISTRA,MOTOCICLETA,78,FALLECIDO,HOMBRE,CICLISTA,68,LESIONADO,HOMBRE,OTRO
2021-02-13 17:42:42,-4.035966,-79.222483,Calle Quito,CON_FALLECIDOS,Caida,Via resbaladiza o mojada,76,FALLECIDO,MUJER,VEH_LIVIANO,,,,,,,,
2021-10-17 03:02:08,-4.017180,-79.173640,Av. Reinaldo Espinosa,CON_LESIONADOS,Accidente Laboral,Imprudencia del conductor,8,LESIONADO,MUJER,PEATON,13,LESIONADO,NO_REGISTRA,SCOOTER,34,LESIONADO,HOMBRE,VEH_LIVIANO
2021-05-14 17:59:30,-4.006638,-79.216976,Via Loja - Catamayo,CON_FALLECIDOS,Volcamiento,Fatiga del conductor,52,FALLECIDO,HOMBRE,VEH_LIVIANO,64,FALLECIDO,MUJER,CICLISTA,58,LESIONADO,NO_REGISTRA,MOTOCICLETA
2021-07-18 00:48:17,-4.007907,-79.173920,Calle Montufar,CON_LESIONADOS,Volcamiento,Estado de embriaguez,68,LESIONADO,HOMBRE,SCOOTER,71,LESIONADO,NO_REGISTRA,OTRO,17,LESIONADO,NO_REGISTRA,VEH_LIVIANO
2021-04-11 05:33:03,-4.004403,-79.203761,Av. Reinaldo Espinosa,CON_LESIONADOS,Colision Multiple,Mal estado de la via,31,LESIONADO,MUJER,OTRO,,,,,,,,
2021-12-13 19:54:56,-4.017415,-79.216822,Ruta 35,CON_FALLECIDOS,Choque Vehicular,Exceso de velocidad,63,FALLECIDO,NO_REGISTRA,PEATON,82,FALLECIDO,MUJER,PEATON,49,LESIONADO,MUJER,OTRO
2021-08-26 22:30:51,-4.004112,-79.220097,Calle Sucre,SOLO_DANOS,Atropellamiento,Exceso de velocidad,,,,,,,,,,,,
2021-07-10 16:04:31,-4.015315,-79.228296,Ruta 35,CON_FALLECIDOS,Volcamiento,Equipo de seguridad deficiente,36,FALLECIDO,HOMBRE,CICLISTA,70,LESIONADO,HOMBRE,CICLISTA,68,LESIONADO,HOMBRE,CICLISTA
2021-12-26 13:54:49,-4.033887,-79.199816,Calle 10 de Agosto,CON_FALLECIDOS,Atropellamiento,Equipo de seguridad deficiente,21,FALLECIDO,MUJER,CICLISTA,40,LESIONADO,NO_REGISTRA,PEATON,,,,
2021-09-23 12:07:51,-4.012803,-79.185091,Calle Mercadillo,SOLO_DANOS,Caida,Mal estado de la via,,,,,,,,,,,,
2021-11-22 23:49:42,-3.984367,-79.218822,Ruta 35,SOLO_DANOS,Choque Vehicular,Estado de embriaguez,,,,,,,,,,,,
2021-04-22 15:05:21,-4.015474,-79.202319,Calle Quito,CON_LESIONADOS,Atropellamiento,Mal estado de la via,28,LESIONADO,NO_REGISTRA,MOTOCICLETA,57,LESIONADO,NO_REGISTRA,SCOOTER,,,,
2021-09-07 00:24:02,-4.030635,-79.227992,Calle Ramon Borrero,CON_LESIONADOS,Choque Vehicular,Equipo de seguridad deficiente,6,LESIONADO,NO_REGISTRA,OTRO,,,,,,,,
2021-04-11 05:05:38,-4.020324,-79.230649,Calle Mercadillo,SOLO_DANOS,Colision Multiple,Distraccion (celular/radio),35,LESIONADO,HOMBRE,OTRO,,,,,,,,
2021-04-28 15:30:19,-3.995730,-79.208005,Av. Manuel Agustin Aguirre,CON_FALLECIDOS,Atropellamiento,Distraccion (celular/radio),80,FALLECIDO,HOMBRE,OTRO,63,LESIONADO,NO_REGISTRA,PEATON,72,LESIONADO,NO_REGISTRA,VEH_LIVIANO
2021-08-15 03:53:12,-4.003669,-79.221040,Av. Reinaldo Espinosa,CON_LESIONADOS,Incendio,Via resbaladiza o mojada,50,LESIONADO,MUJER,PEATON,,,,,,,,
2021-06-22 18:23:28,-3.994143,-79.199236,Calle Imbabura,CON_LESIONADOS,Choque Vehicular,Imprudencia del conductor,79,LESIONADO,NO_REGISTRA,MOTOCICLETA,31,LESIONADO,MUJER,OTRO,,,,
2021-12-01 14:36:41,-4.011876,-79.213052,Via Loja - Catamayo,CON_LESIONADOS,Volcamiento,Via resbaladiza o mojada,36,LESIONADO,MUJER,VEH_LIVIANO,74,LESIONADO,HOMBRE,CICLISTA,,,,
2021-12-09 02:54:21,-3.979202,-79.194564,Via Loja - Zamora,SOLO_DANOS,Incendio,Mal estado de la via,,,,,,,,,,,,
2021-07-28 07:24:26,-4.005909,-79.197281,Via Loja - Zamora,SOLO_DANOS,Choque Vehicular,Estado de embriaguez,,,,,,,,,,,,
2021-10-15 06:16:00,-4.019806,-79.219474,Av. Cuxibamba,CON_FALLECIDOS,Accidente Laboral,Mal estado de la via,19,FALLECIDO,MUJER,OTRO,83,FALLECIDO,NO_REGISTRA,CICLISTA,56,LESIONADO,NO_REGISTRA,PEATON
2021-09-02 17:58:15,-4.018598,-79.180685,Av. Rosa Hermosa,CON_LESIONADOS,Atropellamiento,Factores externos,68,LESIONADO,NO_REGISTRA,OTRO,,,,,,,,
2021-07-27 20:03:54,-3.988629,-79.214746,Av. Reinaldo Espinosa,CON_FALLECIDOS,Atropellamiento,Equipo de seguridad deficiente,63,FALLECIDO,NO_REGISTRA,VEH_LIVIANO,47,LESIONADO,NO_REGISTRA,MOTOCICLETA,8,LESIONADO,HOMBRE,SCOOTER
2021-02-17 20:38:41,-4.007420,-79.218654,Av. Cuxibamba,SOLO_DANOS,Accidente Laboral,Imprudencia del conductor,,,,,,,,,,,,
2021-09-24 21:53:53,-3.981449,-79.218148,Av. Manuel Agustin Aguirre,SOLO_DANOS,Incendio,Visibilidad reducida,,,,,,,,,,,,
2021-01-20 18:56:24,-4.013653,-79.228605,Av. Cuxibamba,CON_LESIONADOS,Choque Vehicular,Equipo de seguridad deficiente,66,LESIONADO,HOMBRE,CICLISTA,,,,,,,,
2021-03-09 07:56:20,-3.986698,-79.195154,Via Loja - Catamayo,SOLO_DANOS,Atropellamiento,Estado de embriaguez,,,,,,,,,,,,
2021-10-08 20:26:23,-4.010266,-79.210354,Av. Pio Jaramillo,CON_LESIONADOS,Caida,Visibilidad reducida,73,LESIONADO,NO_REGISTRA,OTRO,44,LESIONADO,MUJER,SCOOTER,,,,
2021-03-12 12:14:43,-3.986772,-79.189414,Av. Universitaria,SOLO_DANOS,Atropellamiento,Visibilidad reducida,,,,,,,,,,,,
2021-05-11 23:54:19,-3.986637,-79.202822,Av. Orillas del Zamora,CON_FALLECIDOS,Incendio,Distraccion (celular/radio),76,FALLECIDO,NO_REGISTRA,VEH_LIVIANO,48,FALLECIDO,HOMBRE,VEH_LIVIANO,,,,
2021-12-16 17:27:24,-4.002643,-79.180405,Calle Azogues,CON_FALLECIDOS,Choque Vehicular,Visibilidad reducida,55,FALLECIDO,NO_REGISTRA,OTRO,9,LESIONADO,HOMBRE,CICLISTA,,,,
2021-02-12 16:32:15,-3.998857,-79.181923,Av. Pio Jaramillo,CON_LESIONADOS,Caida,Mal estado de la via,49,LESIONADO,HOMBRE,PEATON,64,LESIONADO,NO_REGISTRA,SCOOTER,,,,
2021-02-15 21:43:52,-3.979899,-79.177061,Av. Rosa Hermosa,SOLO_DANOS,Incendio,Inobservancia de senales,,,,,,,,,,,,
2021-03-20 07:45:02,-4.028986,-79.215602,Calle Saraguro,SOLO_DANOS,Choque Vehicular,Factores externos,,,,,,,,,,,,
2021-10-14 02:43:41,-4.010025,-79.183878,Av. Manuel Agustin Aguirre,CON_FALLECIDOS,Volcamiento,Estado de embriaguez,66,FALLECIDO,HOMBRE,OTRO,60,FALLECIDO,MUJER,VEH_LIVIANO,,,,
2021-04-02 03:32:00,-3.994164,-79.192594,Av. 8 de Diciembre,CON_LESIONADOS,Choque Vehicular,Imprudencia del conductor,24,LESIONADO,NO_REGISTRA,MOTOCICLETA,,,,,,,,
2021-10-02 21:48:19,-3.982771,-79.186927,Calle Bolivar,SOLO_DANOS,Volcamiento,Falla mecanica,,,,,,,,,,,,
2021-03-18 10:27:18,-4.024901,-79.180522,Av. Pio Jaramillo,CON_LESIONADOS,Choque Vehicular,Fatiga del conductor,65,LESIONADO,MUJER,OTRO,34,LESIONADO,MUJER,PEATON,25,LESIONADO,NO_REGISTRA,MOTOCICLETA
2021-05-24 04:58:12,-4.009989,-79.180684,Av. Pio Jaramillo,SOLO_DANOS,Choque Vehicular,Exceso de velocidad,,,,,,,,,,,,
2021-04-18 09:28:03,-4.013295,-79.186843,Av. Orillas del Zamora,CON_FALLECIDOS,Atropellamiento,Inobservancia de senales,81,FALLECIDO,NO_REGISTRA,MOTOCICLETA,22,FALLECIDO,MUJER,OTRO,,,,
2021-05-23 08:41:30,-4.015006,-79.217261,Calle Quito,SOLO_DANOS,Choque Vehicular,Imprudencia del conductor,,,,,,,,,,,,
2021-07-03 13:07:20,-3.981050,-79.174660,Calle 10 de Agosto,SOLO_DANOS,Atropellamiento,Inobservancia de senales,,,,,,,,,,,,
2021-10-26 04:50:32,-3.978111,-79.191190,Via Loja - Catamayo,SOLO_DANOS,Colision Multiple,Inobservancia de senales,55,LESIONADO,MUJER,CICLISTA,,,,,,,,
2021-09-19 21:28:06,-3.997418,-79.224342,Calle Bolivar,SOLO_DANOS,Incendio,Via resbaladiza o mojada,,,,,,,,,,,,
2021-07-17 14:17:43,-3.995237,-79.228461,Calle Saraguro,CON_LESIONADOS,Choque Vehicular,Estado de embriaguez,11,LESIONADO,MUJER,VEH_LIVIANO,28,LESIONADO,HOMBRE,OTRO,31,LESIONADO,HOMBRE,OTRO
2021-05-08 17:31:18,-4.001609,-79.214256,Calle Mercadillo,CON_FALLECIDOS,Caida,Fatiga del conductor,32,FALLECIDO,NO_REGISTRA,SCOOTER,62,LESIONADO,HOMBRE,MOTOCICLETA,34,LESIONADO,NO_REGISTRA,CICLISTA
2021-05-31 21:54:46,-4.020814,-79.211372,Calle Bolivar,CON_FALLECIDOS,Accidente Laboral,Via resbaladiza o mojada,26,FALLECIDO,MUJER,CICLISTA,64,FALLECIDO,NO_REGISTRA,MOTOCICLETA,45,LESIONADO,HOMBRE,SCOOTER
2021-12-17 07:06:31,-4.024111,-79.219101,Calle Mercadillo,CON_FALLECIDOS,Caida,Estado de embriaguez,46,FALLECIDO,NO_REGISTRA,CICLISTA,73,FALLECIDO,MUJER,MOTOCICLETA,60,LESIONADO,HOMBRE,VEH_LIVIANO
2021-05-08 15:31:31,-4.009824,-79.222156,Calle Azogues,CON_LESIONADOS,Accidente Laboral,Fatiga del conductor,80,LESIONADO,MUJER,PEATON,,,,,,,,
2021-09-17 22:06:30,-4.033211,-79.226739,Calle Colon,CON_FALLECIDOS,Volcamiento,Mal estado de la via,68,FALLECIDO,HOMBRE,VEH_LIVIANO,54,LESIONADO,MUJER,PEATON,44,LESIONADO,HOMBRE,CICLISTA
2021-08-24 19:05:38,-4.002828,-79.211495,Ruta 35,SOLO_DANOS,Colision Multiple,Exceso de velocidad,41,LESIONADO,MUJER,OTRO,,,,,,,,
2021-10-28 02:20:45,-4.014724,-79.190942,Calle Ramon Borrero,CON_LESIONADOS,Volcamiento,Falla mecanica,23,LESIONADO,HOMBRE,CICLISTA,13,LESIONADO,NO_REGISTRA,PEATON,,,,
2021-03-25 19:43:11,-4.002504,-79.218951,Calle Bolivar,CON_LESIONADOS,Atropellamiento,Via resbaladiza o mojada,66,LESIONADO,NO_REGISTRA,PEATON,,,,,,,,
2021-05-11 11:03:25,-4.021710,-79.181029,Av. 8 de Diciembre,CON_LESIONADOS,Volcamiento,Distraccion (celular/radio),8,LESIONADO,HOMBRE,SCOOTER,77,LESIONADO,NO_REGISTRA,VEH_LIVIANO,,,,
2021-01-19 13:44:03,-4.031982,-79.179587,Calle Quito,CON_FALLECIDOS,Volcamiento,Distraccion (celular/radio),35,FALLECIDO,NO_REGISTRA,MOTOCICLETA,77,LESIONADO,MUJER,SCOOTER,,,,
2021-11-18 07:23:42,-4.004209,-79.224936,Ruta 35,CON_FALLECIDOS,Caida,Inobservancia de senales,37,FALLECIDO,MUJER,OTRO,43,FALLECIDO,HOMBRE,PEATON,31,LESIONADO,MUJER,VEH_LIVIANO
2021-08-20 00:02:01,-4.021687,-79.182071,Via Loja - Catamayo,SOLO_DANOS,Caida,Imprudencia del conductor,,,,,,,,,,,,
2021-03-24 18:57:52,-4.035009,-79.213234,Av. Metropolitana,CON_FALLECIDOS,Volcamiento,Exceso de velocidad,36,FALLECIDO,MUJER,VEH_LIVIANO,85,FALLECIDO,MUJER,CICLISTA,,,,
2021-07-20 07:23:15,-4.008344,-79.205089,Calle Saraguro,CON_FALLECIDOS,Volcamiento,Mal estado de la via,77,FALLECIDO,HOMBRE,PEATON,,,,,,,,
2021-01-31 11:08:47,-4.013570,-79.225113,Av. Isidro Ayora,CON_LESIONADOS,Colision Multiple,Inobservancia de senales,48,LESIONADO,MUJER,VEH_LIVIANO,31,LESIONADO,HOMBRE,OTRO,50,LESIONADO,MUJER,SCOOTER
2021-11-21 13:51:22,-4.008589,-79.226895,Av. Orillas del Zamora,SOLO_DANOS,Colision Multiple,Equipo de seguridad deficiente,45,LESIONADO,NO_REGISTRA,PEATON,,,,,,,,
2021-12-28 05:58:59,-3.998136,-79.223587,Calle Imbabura,CON_LESIONADOS,Colision Multiple,Falla mecanica,10,LESIONADO,NO_REGISTRA,VEH_LIVIANO,,,,,,,,
2021-05-24 02:06:31,-4.018475,-79.194023,Calle Saraguro,CON_FALLECIDOS,Caida,Imprudencia del conductor,19,FALLECIDO,NO_REGISTRA,VEH_LIVIANO,80,LESIONADO,MUJER,CICLISTA,,,,
2021-06-23 16:15:53,-4.034552,-79.227475,Calle 18 de Noviembre,CON_FALLECIDOS,Volcamiento,Imprudencia del conductor,46,FALLECIDO,HOMBRE,CICLISTA,33,FALLECIDO,HOMBRE,CICLISTA,,,,
2021-02-26 02:08:55,-3.982302,-79.179116,Calle Miguel Riofrio,CON_FALLECIDOS,Choque Vehicular,Imprudencia del conductor,70,FALLECIDO,HOMBRE,VEH_LIVIANO,66,FALLECIDO,MUJER,CICLISTA,77,LESIONADO,NO_REGISTRA,OTRO
2021-01-30 21:24:33,-4.011287,-79.200564,Calle Imbabura,SOLO_DANOS,Atropellamiento,Factores externos,,,,,,,,,,,,
2021-08-17 03:16:42,-4.014135,-79.186638,Calle Mercadillo,CON_LESIONADOS,Incendio,Equipo de seguridad deficiente,36,LESIONADO,HOMBRE,PEATON,22,LESIONADO,NO_REGISTRA,OTRO,50,LESIONADO,HOMBRE,VEH_LIVIANO
2021-02-17 15:02:03,-3.982043,-79.205625,Calle Imbabura,CON_LESIONADOS,Colision Multiple,Mal estado de la via,59,LESIONADO,NO_REGISTRA,SCOOTER,22,LESIONADO,NO_REGISTRA,OTRO,54,LESIONADO,NO_REGISTRA,PEATON
2021-05-23 07:15:12,-3.994007,-79.226682,Av. Manuel Agustin Aguirre,CON_LESIONADOS,Atropellamiento,Via resbaladiza o mojada,46,LESIONADO,HOMBRE,MOTOCICLETA,21,LESIONADO,HOMBRE,PEATON,,,,
2021-12-28 03:56:32,-3.990868,-79.210313,Av. Metropolitana,CON_FALLECIDOS,Colision Multiple,Fatiga del conductor,71,FALLECIDO,HOMBRE,OTRO,19,FALLECIDO,NO_REGISTRA,OTRO,6,LESIONADO,HOMBRE,MOTOCICLETA
2021-11-10 05:57:24,-4.017015,-79.173186,Calle Mercadillo,CON_FALLECIDOS,Accidente Laboral,Fatiga del conductor,81,FALLECIDO,HOMBRE,SCOOTER,43,FALLECIDO,NO_REGISTRA,PEATON,26,LESIONADO,NO_REGISTRA,CICLISTA
2021-11-30 00:09:51,-3.995931,-79.195621,Av. Pio Jaramillo,CON_LESIONADOS,Incendio,Mal estado de la via,57,LESIONADO,MUJER,VEH_LIVIANO,23,LESIONADO,MUJER,MOTOCICLETA,12,LESIONADO,HOMBRE,SCOOTER
2021-07-23 21:28:00,-3.998953,-79.217552,Calle Bolivar,CON_LESIONADOS,Incendio,Factores externos,38,LESIONADO,HOMBRE,PEATON,57,LESIONADO,NO_REGISTRA,VEH_LIVIANO,50,LESIONADO,HOMBRE,OTRO
2021-06-05 08:35:38,-4.012588,-79.209094,Calle Azogues,CON_LESIONADOS,Volcamiento,Equipo de seguridad deficiente,22,LESIONADO,HOMBRE,OTRO,37,LESIONADO,NO_REGISTRA,SCOOTER,,,,
2021-01-30 08:41:24,-3.990444,-79.199967,Via Loja - Zamora,CON_LESIONADOS,Volcamiento,Distraccion (celular/radio),36,LESIONADO,MUJER,PEATON,,,,,,,,
2021-10-23 06:07:29,-4.000176,-79.177337,Calle 10 de Agosto,SOLO_DANOS,Choque Vehicular,Distraccion (celular/radio),,,,,,,,,,,,
2021-05-10 17:43:32,-4.034156,-79.224398,Av. Orillas del Zamora,CON_LESIONADOS,Accidente Laboral,Inobservancia de senales,22,LESIONADO,NO_REGISTRA,OTRO,,,,,,,,
2021-08-29 18:37:25,-3.995528,-79.227172,Av. Universitaria,CON_LESIONADOS,Accidente Laboral,Fatiga del conductor,5,LESIONADO,NO_REGISTRA,OTRO,,,,,,,,
2021-11-16 12:41:30,-4.023721,-79.209559,Calle Miguel Riofrio,SOLO_DANOS,Atropellamiento,Mal estado de la via,,,,,,,,,,,,
2021-05-22 14:29:02,-3.983885,-79.176139,Av. 8 de Diciembre,CON_LESIONADOS,Colision Multiple,Exceso de velocidad,43,LESIONADO,NO_REGISTRA,PEATON,,,,,,,,
2021-08-20 13:41:05,-4.029887,-79.201868,Calle Ramon Borrero,CON_FALLECIDOS,Incendio,Inobservancia de senales,77,FALLECIDO,HOMBRE,MOTOCICLETA,85,FALLECIDO,HOMBRE,OTRO,57,LESIONADO,MUJER,OTRO
2021-07-29 01:55:22,-4.018118,-79.220564,Av. Isidro Ayora,SOLO_DANOS,Volcamiento,Falla mecanica,,,,,,,,,,,,
2021-05-11 20:18:15,-4.033123,-79.204578,Calle Colon,SOLO_DANOS,Incendio,Distraccion (celular/radio),,,,,,,,,,,,
2021-08-10 23:34:34,-3.998051,-79.226617,Calle Saraguro,SOLO_DANOS,Accidente Laboral,Distraccion (celular/radio),,,,,,,,,,,,
2021-01-03 19:53:51,-3.982773,-79.183004,Av. Gran Colombia,SOLO_DANOS,Colision Multiple,Via resbaladiza o mojada,,,,,,,,,,,,
2021-04-26 12:53:15,-3.985925,-79.221234,Calle Bolivar,CON_LESIONADOS,Caida,Inobservancia de senales,56,LESIONADO,MUJER,PEATON,61,LESIONADO,MUJER,SCOOTER,15,LESIONADO,HOMBRE,VEH_LIVIANO
2021-05-04 14:19:59,-4.010582,-79.216314,Via Loja - Catamayo,CON_FALLECIDOS,Choque Vehicular,Visibilidad reducida,72,FALLECIDO,MUJER,OTRO,72,FALLECIDO,NO_REGISTRA,VEH_LIVIANO,,,,
2021-07-31 13:09:43,-4.003406,-79.221371,Av. Rosa Hermosa,SOLO_DANOS,Accidente Laboral,Via resbaladiza o mojada,42,LESIONADO,MUJER,VEH_LIVIANO,,,,,,,,
2021-09-27 14:31:29,-4.022214,-79.214256,Calle Miguel Riofrio,CON_LESIONADOS,Caida,Equipo de seguridad deficiente,10,LESIONADO,NO_REGISTRA,CICLISTA,,,,,,,,
2021-02-19 20:25:28,-4.032739,-79.196532,Av. Universitaria,SOLO_DANOS,Accidente Laboral,Mal estado de la via,,,,,,,,,,,,
2021-07-22 22:36:51,-4.007735,-79.220973,Av. Manuel Agustin Aguirre,CON_FALLECIDOS,Choque Vehicular,Inobservancia de senales,75,FALLECIDO,NO_REGISTRA,OTRO,75,FALLECIDO,MUJER,CICLISTA,37,LESIONADO,HOMBRE,PEATON
2021-03-14 13:51:10,-4.021921,-79.224375,Calle Miguel Riofrio,SOLO_DANOS,Accidente Laboral,Exceso de velocidad,,,,,,,,,,,,
2021-03-09 23:59:39,-3.986710,-79.225873,Av. Isidro Ayora,CON_FALLECIDOS,Choque Vehicular,Fatiga del conductor,67,FALLECIDO,MUJER,PEATON,59,FALLECIDO,NO_REGISTRA,MOTOCICLETA,,,,
2021-09-06 07:21:27,-4.034635,-79.174540,Av. Isidro Ayora,SOLO_DANOS,Accidente Laboral,Falla mecanica,,,,,,,,,,,,
2021-11-11 17:28:04,-3.999140,-79.225615,Calle Quito,SOLO_DANOS,Accidente Laboral,Falla mecanica,,,,,,,,,,,,
2021-09-25 21:35:13,-4.023141,-79.210675,Via Loja - Catamayo,SOLO_DANOS,Caida,Estado de embriaguez,,,,,,,,,,,,
2021-06-10 22:55:31,-4.006708,-79.191951,Av. Cuxibamba,SOLO_DANOS,Volcamiento,Factores externos,,,,,,,,,,,,
2021-02-02 14:15:06,-3.996080,-79.187716,Av. Orillas del Zamora,CON_FALLECIDOS,Caida,Fatiga del conductor,79,FALLECIDO,HOMBRE,CICLISTA,81,FALLECIDO,MUJER,OTRO,35,LESIONADO,MUJER,OTRO