fecha_hora,latitud,longitud,via,grado_severidad,tipo_siniestro,causa_probable,victima1_edad,victima1_condicion,victima1_sexo,victima1_actor_vial,victima2_edad,victima2_condicion,victima2_sexo,victima2_actor_vial,victima3_edad,victima3_condicion,victima3_sexo,victima3_actor_vial
2021-06-20 20:28:01,-4.004069,-79.217699,Av. Orillas del Zamora,CON_LESIONADOS,Choque Vehicular,Mal estado de la via,22,LESIONADO,NO_REGISTRA,VEH_LIVIANO,,,,,,,,
2021-10-05 08:26:58,-4.034483,-79.224704,Av. Orillas del Zamora,CON_FALLECIDOS,Incendio,Fatiga del conductor,84,FALLECIDO,MUJER,PEATON,,,,,,,,
2021-05-28 08:27:19,-4.013156,-79.181663,Calle Rocafuerte,CON_FALLECIDOS,Accidente Laboral,Visibilidad reducida,36,FALLECIDO,MUJER,CICLISTA,78,LESIONADO,NO_REGISTRA,PEATON,13,LESIONADO,MUJER,OTRO
2021-06-19 00:40:24,-3.986732,-79.191053,Calle 18 de Noviembre,SOLO_DANOS,Incendio,Visibilidad reducida,,,,,,,,,,,,
2021-11-13 11:30:28,-4.022449,-79.199298,Av. Metropolitana,CON_FALLECIDOS,Caida,Mal estado de la via,38,FALLECIDO,NO_REGISTRA,OTRO,5,LESIONADO,NO_REGISTRA,PEATON,67,LESIONADO,HOMBRE,MOTOCICLETA
2021-10-27 04:22:55,-3.986741,-79.212894,Av. Metropolitana,SOLO_DANOS,Caida,Exceso de velocidad,,,,,,,,,,,,
2021-10-07 22:44:26,-3.987171,-79.190533,Via Loja - Zamora,CON_LESIONADOS,Caida,Fatiga del conductor,19,LESIONADO,NO_REGISTRA,SCOOTER,63,LESIONADO,MUJER,MOTOCICLETA,57,LESIONADO,HOMBRE,VEH_LIVIANO
2021-07-20 20:27:53,-3.979774,-79.178860,Av. Metropolitana,SOLO_DANOS,Accidente Laboral,Mal estado de la via,,,,,,,,,,,,
2021-01-15 10:26:25,-3.989849,-79.215610,Calle Miguel Riofrio,SOLO_DANOS,Choque Vehicular,Distraccion (celular/radio),12,LESIONADO,NO_REGISTRA,CICLISTA,,,,,,,,
2021-04-01 14:04:42,-4.012213,-79.205475,Av. Orillas del Zamora,SOLO_DANOS,Colision Multiple,Via resbaladiza o mojada,,,,,,,,,,,,
2021-03-24 00:52:12,-4.025983,-79.198037,Calle 18 de Noviembre,CON_LESIONADOS,Caida,Estado de embriaguez,17,LESIONADO,MUJER,VEH_LIVIANO,34,LESIONADO,MUJER,PEATON,70,LESIONADO,HOMBRE,CICLISTA
2021-01-04 08:15:14,-4.035132,-79.188957,Calle Saraguro,SOLO_DANOS,Atropellamiento,Inobservancia de senales,,,,,,,,,,,,
2021-11-26 20:51:07,-4.007962,-79.180923,Av. Gran Colombia,CON_FALLECIDOS,Colision Multiple,Falla mecanica,56,FALLECIDO,HOMBRE,VEH_LIVIANO,60,FALLECIDO,MUJER,SCOOTER,48,LESIONADO,NO_REGISTRA,PEATON
2021-11-29 00:19:34,-3.991148,-79.229108,Calle Ramon Borrero,CON_LESIONADOS,Atropellamiento,Exceso de velocidad,48,LESIONADO,NO_REGISTRA,VEH_LIVIANO,19,LESIONADO,HOMBRE,MOTOCICLETA,,,,
2021-09-26 17:57:47,-4.001278,-79.187271,Av. Manuel Agustin Aguirre,CON_FALLECIDOS,Accidente Laboral,Imprudencia del conductor,62,FALLECIDO,HOMBRE,PEATON,30,FALLECIDO,MUJER,SCOOTER,,,,
2021-11-27 20:43:53,-3.988948,-79.208483,Ruta 35,CON_LESIONADOS,Colision Multiple,Exceso de velocidad,25,LESIONADO,MUJER,SCOOTER,29,LESIONADO,MUJER,PEATON,,,,
2021-11-23 03:08:34,-4.006647,-79.208947,Av. Pio Jaramillo,CON_LESIONADOS,Incendio,Distraccion (celular/radio),68,LESIONADO,HOMBRE,OTRO,35,LESIONADO,HOMBRE,CICLISTA,,,,
2021-07-14 14:18:36,-4.021837,-79.230863,Calle Ramon Borrero,CON_LESIONADOS,Choque Vehicular,Visibilidad reducida,61,LESIONADO,HOMBRE,CICLISTA,21,LESIONADO,MUJER,VEH_LIVIANO,52,LESIONADO,MUJER,VEH_LIVIANO
2021-03-16 13:26:30,-4.015681,-79.188082,Calle 10 de Agosto,CON_LESIONADOS,Accidente Laboral,Visibilidad reducida,31,LESIONADO,MUJER,SCOOTER,68,LESIONADO,MUJER,CICLISTA,76,LESIONADO,HOMBRE,SCOOTER
2021-12-15 05:11:01,-3.995563,-79.226000,Av. Orillas del Zamora,CON_FALLECIDOS,Caida,Visibilidad reducida,67,FALLECIDO,HOMBRE,PEATON,85,FALLECIDO,HOMBRE,PEATON,45,LESIONADO,MUJER,OTRO
2021-07-20 01:58:49,-4.024036,-79.211802,Via Loja - Catamayo,CON_LESIONADOS,Colision Multiple,Equipo de seguridad deficiente,63,LESIONADO,HOMBRE,PEATON,,,,,,,,
2021-02-11 12:00:48,-4.013903,-79.184713,Av. Orillas del Zamora,CON_LESIONADOS,Colision Multiple,Exceso de velocidad,77,LESIONADO,MUJER,OTRO,,,,,,,,
2021-08-30 18:39:30,-3.996891,-79.216938,Calle Miguel Riofrio,CON_LESIONADOS,Choque Vehicular,Visibilidad reducida,9,LESIONADO,MUJER,OTRO,,,,,,,,
2021-02-15 02:35:40,-3.983681,-79.187393,Av. Cuxibamba,CON_LESIONADOS,Incendio,Inobservancia de senales,50,LESIONADO,MUJER,PEATON,38,LESIONADO,HOMBRE,SCOOTER,69,LESIONADO,MUJER,VEH_LIVIANO
2021-07-02 04:05:05,-4.029385,-79.229681,Calle Saraguro,CON_FALLECIDOS,Caida,Imprudencia del conductor,41,FALLECIDO,HOMBRE,VEH_LIVIANO,61,FALLECIDO,NO_REGISTRA,PEATON,51,LESIONADO,NO_REGISTRA,MOTOCICLETA
2021-10-26 06:57:51,-4.002607,-79.188272,Via Loja - Catamayo,CON_LESIONADOS,Accidente Laboral,Inobservancia de senales,64,LESIONADO,HOMBRE,MOTOCICLETA,57,LESIONADO,NO_REGISTRA,PEATON,78,LESIONADO,MUJER,VEH_LIVIANO
2021-02-22 03:15:49,-3.999857,-79.195131,Av. Rosa Hermosa,CON_FALLECIDOS,Volcamiento,Imprudencia del conductor,44,FALLECIDO,HOMBRE,PEATON,26,LESIONADO,HOMBRE,OTRO,58,LESIONADO,MUJER,PEATON
2021-02-04 22:05:42,-3.990296,-79.211542,Calle Montufar,SOLO_DANOS,Accidente Laboral,Estado de embriaguez,,,,,,,,,,,,
2021-09-03 19:46:46,-4.016256,-79.215925,Calle Azogues,CON_FALLECIDOS,Accidente Laboral,Equipo de seguridad deficiente,34,FALLECIDO,MUJER,OTRO,49,FALLECIDO,MUJER,VEH_LIVIANO,47,LESIONADO,HOMBRE,OTRO
2021-12-21 18:37:52,-3.991924,-79.206660,Calle Azogues,CON_FALLECIDOS,Caida,Factores externos,38,FALLECIDO,NO_REGISTRA,CICLISTA,54,LESIONADO,NO_REGISTRA,MOTOCICLETA,,,,
2021-06-23 01:57:09,-4.017039,-79.210015,Calle Montufar,CON_FALLECIDOS,Choque Vehicular,Factores externos,27,FALLECIDO,NO_REGISTRA,SCOOTER,,,,,,,,
2021-09-27 22:40:39,-4.030873,-79.219190,Via Loja - Catamayo,CON_LESIONADOS,Caida,Exceso de velocidad,51,LESIONADO,HOMBRE,CICLISTA,59,LESIONADO,NO_REGISTRA,PEATON,9,LESIONADO,MUJER,OTRO
2021-12-03 20:19:13,-3.984157,-79.213768,Via Loja - Zamora,CON_FALLECIDOS,Choque Vehicular,Imprudencia del conductor,81,FALLECIDO,NO_REGISTRA,MOTOCICLETA,55,FALLECIDO,HOMBRE,VEH_LIVIANO,,,,
2021-10-08 08:17:54,-3.979769,-79.227484,Calle Saraguro,SOLO_DANOS,Volcamiento,Falla mecanica,41,LESIONADO,HOMBRE,SCOOTER,,,,,,,,
2021-03-16 20:38:39,-4.011202,-79.226567,Av. Metropolitana,SOLO_DANOS,Incendio,Imprudencia del conductor,,,,,,,,,,,,
2021-05-01 20:29:01,-4.004354,-79.203974,Av. Pio Jaramillo,CON_FALLECIDOS,Accidente Laboral,Estado de embriaguez,56,FALLECIDO,NO_REGISTRA,SCOOTER,38,FALLECIDO,NO_REGISTRA,CICLISTA,,,,
2021-07-03 06:35:19,-4.005117,-79.227501,Av. 8 de Diciembre,SOLO_DANOS,Colision Multiple,Via resbaladiza o mojada,,,,,,,,,,,,
2021-02-02 18:16:29,-4.027825,-79.224714,Av. Gran Colombia,SOLO_DANOS,Atropellamiento,Fatiga del conductor,,,,,,,,,,,,
2021-06-12 10:31:53,-3.993109,-79.214274,Av. 8 de Diciembre,SOLO_DANOS,Accidente Laboral,Fatiga del conductor,,,,,,,,,,,,
2021-10-21 18:49:46,-4.029052,-79.226262,Calle Ramon Borrero,CON_FALLECIDOS,Volcamiento,Fatiga del conductor,33,FALLECIDO,NO_REGISTRA,PEATON,,,,,,,,
2021-08-29 20:55:18,-4.008277,-79.171948,Via Loja - Zamora,SOLO_DANOS,Incendio,Fatiga del conductor,,,,,,,,,,,,
2021-09-25 00:56:18,-4.017313,-79.202024,Av. Reinaldo Espinosa,CON_LESIONADOS,Choque Vehicular,Falla mecanica,26,LESIONADO,NO_REGISTRA,PEATON,43,LESIONADO,NO_REGISTRA,MOTOCICLETA,66,LESIONADO,NO_REGISTRA,VEH_LIVIANO
2021-04-04 08:51:59,-4.027384,-79.203944,Ruta 35,CON_LESIONADOS,Choque Vehicular,Distraccion (celular/radio),80,LESIONADO,MUJER,MOTOCICLETA,54,LESIONADO,MUJER,VEH_LIVIANO,,,,
2021-04-29 04:54:16,-3.988875,-79.211367,Calle Sucre,CON_LESIONADOS,Incendio,Inobservancia de senales,6,LESIONADO,NO_REGISTRA,MOTOCICLETA,,,,,,,,
2021-10-06 19:26:02,-4.031714,-79.191548,Av. Rosa Hermosa,CON_LESIONADOS,Colision Multiple,Distraccion (celular/radio),66,LESIONADO,HOMBRE,MOTOCICLETA,41,LESIONADO,NO_REGISTRA,VEH_LIVIANO,73,LESIONADO,MUJER,MOTOCICLETA
2021-12-30 21:32:37,-4.026649,-79.224226,Via Loja - Zamora,SOLO_DANOS,Atropellamiento,Exceso de velocidad,,,,,,,,,,,,
2021-08-29 08:54:00,-3.978763,-79.227658,Calle Quito,CON_LESIONADOS,Volcamiento,Fatiga del conductor,61,LESIONADO,HOMBRE,CICLISTA,69,LESIONADO,HOMBRE,MOTOCICLETA,,,,
2021-11-08 04:05:18,-4.020115,-79.206145,Calle Imbabura,CON_FALLECIDOS,Colision Multiple,Equipo de seguridad deficiente,60,FALLECIDO,HOMBRE,SCOOTER,27,FALLECIDO,MUJER,PEATON,14,LESIONADO,NO_REGISTRA,SCOOTER
2021-01-11 02:20:40,-4.031286,-79.195311,Calle Montufar,SOLO_DANOS,Atropellamiento,Estado de embriaguez,,,,,,,,,,,,
2021-03-22 23:10:28,-4.024386,-79.218027,Av. Orillas del Zamora,CON_LESIONADOS,Volcamiento,Via resbaladiza o mojada,58,LESIONADO,HOMBRE,CICLISTA,80,LESIONADO,MUJER,MOTOCICLETA,,,,
2021-07-15 17:06:47,-4.016343,-79.171630,Calle 10 de Agosto,CON_FALLECIDOS,Colision Multiple,Equipo de seguridad deficiente,22,FALLECIDO,MUJER,MOTOCICLETA,,,,,,,,
2021-12-21 03:24:52,-4.001591,-79.190404,Calle Azogues,CON_LESIONADOS,Incendio,Mal estado de la via,9,LESIONADO,NO_REGISTRA,SCOOTER,74,LESIONADO,MUJER,OTRO,79,LESIONADO,HOMBRE,PEATON
2021-04-25 08:24:45,-4.027529,-79.172409,Calle Miguel Riofrio,SOLO_DANOS,Choque Vehicular,Mal estado de la via,,,,,,,,,,,,
2021-05-27 07:43:42,-3.990688,-79.180455,Calle Bolivar,SOLO_DANOS,Colision Multiple,Falla mecanica,,,,,,,,,,,,
2021-01-09 18:05:58,-4.000715,-79.206179,Calle Montufar,SOLO_DANOS,Choque Vehicular,Fatiga del conductor,62,LESIONADO,NO_REGISTRA,VEH_LIVIANO,,,,,,,,
2021-08-27 05:05:53,-4.026733,-79.191962,Calle Azogues,CON_FALLECIDOS,Accidente Laboral,Visibilidad reducida,83,FALLECIDO,NO_REGISTRA,OTRO,,,,,,,,
2021-04-26 21:10:33,-3.979513,-79.181934,Av. Reinaldo Espinosa,CON_LESIONADOS,Caida,Exceso de velocidad,55,LESIONADO,HOMBRE,MOTOCICLETA,43,LESIONADO,NO_REGISTRA,VEH_LIVIANO,,,,
2021-01-20 02:38:47,-4.004054,-79.181004,Av. Gran Colombia,CON_FALLECIDOS,Atropellamiento,Distraccion (celular/radio),20,FALLECIDO,NO_REGISTRA,OTRO,,,,,,,,
2021-08-22 12:12:49,-4.001617,-79.219237,Av. Reinaldo Espinosa,CON_LESIONADOS,Colision Multiple,Visibilidad reducida,55,LESIONADO,HOMBRE,CICLISTA,,,,,,,,
2021-12-14 23:43:04,-3.977695,-79.180327,Av. Cuxibamba,CON_FALLECIDOS,Caida,Imprudencia del conductor,47,FALLECIDO,NO_REGISTRA,VEH_LIVIANO,53,FALLECIDO,MUJER,CICLISTA,,,,
2021-12-02 01:02:37,-4.019241,-79.230939,Calle Miguel Riofrio,SOLO_DANOS,Volcamiento,Exceso de velocidad,,,,,,,,,,,,
2021-12-20 17:44:38,-3.998722,-79.205078,Av. Universitaria,CON_LESIONADOS,Caida,Via resbaladiza o mojada,50,LESIONADO,NO_REGISTRA,PEATON,,,,,,,,
2021-02-01 14:51:45,-4.026523,-79.214959,Av. Metropolitana,CON_LESIONADOS,Accidente Laboral,Estado de embriaguez,6,LESIONADO,HOMBRE,VEH_LIVIANO,,,,,,,,
2021-09-23 10:42:38,-3.991194,-79.202507,Av. Isidro Ayora,CON_FALLECIDOS,Choque Vehicular,Distraccion (celular/radio),55,FALLECIDO,NO_REGISTRA,CICLISTA,,,,,,,,
2021-05-19 00:24:29,-4.006382,-79.205752,Calle Sucre,SOLO_DANOS,Incendio,Equipo de seguridad deficiente,,,,,,,,,,,,
2021-06-17 06:54:14,-4.014515,-79.227517,Calle Montufar,CON_LESIONADOS,Atropellamiento,Imprudencia del conductor,80,LESIONADO,MUJER,CICLISTA,73,LESIONADO,NO_REGISTRA,OTRO,49,LESIONADO,MUJER,CICLISTA
2021-03-12 21:41:23,-4.028335,-79.222471,Av. Reinaldo Espinosa,CON_LESIONADOS,Caida,Estado de embriaguez,34,LESIONADO,NO_REGISTRA,PEATON,59,LESIONADO,NO_REGISTRA,SCOOTER,61,LESIONADO,HOMBRE,OTRO
2021-08-26 20:50:27,-4.018539,-79.183909,Av. Universitaria,SOLO_DANOS,Accidente Laboral,Inobservancia de senales,,,,,,,,,,,,
2021-12-19 15:26:04,-4.016127,-79.190329,Av. Metropolitana,CON_FALLECIDOS,Choque Vehicular,Visibilidad reducida,54,FALLECIDO,MUJER,MOTOCICLETA,33,LESIONADO,NO_REGISTRA,SCOOTER,,,,
2021-08-13 17:33:25,-4.010614,-79.226628,Via Loja - Zamora,CON_LESIONADOS,Incendio,Falla mecanica,26,LESIONADO,MUJER,CICLISTA,,,,,,,,
2021-06-04 14:23:34,-4.023691,-79.175165,Calle 10 de Agosto,CON_FALLECIDOS,Atropellamiento,Fatiga del conductor,63,FALLECIDO,MUJER,OTRO,29,FALLECIDO,HOMBRE,PEATON,63,LESIONADO,NO_REGISTRA,CICLISTA
2021-07-17 04:11:48,-3.997781,-79.207822,Av. Manuel Agustin Aguirre,SOLO_DANOS,Incendio,Distraccion (celular/radio),,,,,,,,,,,,
2021-07-20 15:41:50,-3.990080,-79.203523,Ruta 35,CON_LESIONADOS,Caida,Estado de embriaguez,15,LESIONADO,MUJER,OTRO,67,LESIONADO,HOMBRE,VEH_LIVIANO,19,LESIONADO,NO_REGISTRA,VEH_LIVIANO
2021-11-13 12:05:20,-3.977570,-79.176718,Ruta 35,CON_LESIONADOS,Volcamiento,Inobservancia de senales,76,LESIONADO,HOMBRE,SCOOTER,5,LESIONADO,NO_REGISTRA,OTRO,19,LESIONADO,NO_REGISTRA,PEATON
2021-04-04 14:39:10,-3.981078,-79.189038,Av. Orillas del Zamora,CON_LESIONADOS,Colision Multiple,Visibilidad reducida,14,LESIONADO,HOMBRE,SCOOTER,39,LESIONADO,MUJER,SCOOTER,71,LESIONADO,MUJER,VEH_LIVIANO
2021-11-17 22:55:23,-4.021554,-79.173389,Calle 10 de Agosto,SOLO_DANOS,Incendio,Exceso de velocidad,,,,,,,,,,,,
2021-07-06 23:14:01,-3.983525,-79.172471,Calle Azogues,SOLO_DANOS,Volcamiento,Falla mecanica,,,,,,,,,,,,
2021-03-18 11:18:27,-3.999404,-79.221552,Av. 8 de Diciembre,CON_FALLECIDOS,Incendio,Exceso de velocidad,78,FALLECIDO,MUJER,CICLISTA,51,FALLECIDO,NO_REGISTRA,OTRO,,,,
2021-06-26 13:02:21,-4.017850,-79.203841,Calle Mercadillo,SOLO_DANOS,Incendio,Visibilidad reducida,,,,,,,,,,,,
2021-12-23 09:17:44,-4.018963,-79.212430,Av. Pio Jaramillo,SOLO_DANOS,Colision Multiple,Inobservancia de senales,,,,,,,,,,,,
2021-09-12 18:05:51,-4.012988,-79.221876,Calle Rocafuerte,CON_LESIONADOS,Accidente Laboral,Via resbaladiza o mojada,65,LESIONADO,MUJER,PEATON,61,LESIONADO,HOMBRE,PEATON,,,,
2021-02-03 16:27:16,-4.010884,-79.199284,Av. Rosa Hermosa,CON_FALLECIDOS,Caida,Factores externos,36,FALLECIDO,HOMBRE,VEH_LIVIANO,54,LESIONADO,NO_REGISTRA,MOTOCICLETA,,,,
2021-08-05 16:27:27,-3.994455,-79.202850,Calle Rocafuerte,CON_FALLECIDOS,Accidente Laboral,Fatiga del conductor,62,FALLECIDO,HOMBRE,PEATON,,,,,,,,
2021-04-07 01:19:42,-3.988603,-79.214500,Av. Rosa Hermosa,CON_FALLECIDOS,Colision Multiple,Falla mecanica,20,FALLECIDO,MUJER,CICLISTA,38,FALLECIDO,NO_REGISTRA,CICLISTA,71,LESIONADO,NO_REGISTRA,MOTOCICLETA
2021-01-17 13:17:05,-4.019072,-79.204464,Calle Montufar,SOLO_DANOS,Atropellamiento,Inobservancia de senales,,,,,,,,,,,,
2021-12-27 15:16:55,-4.014372,-79.204455,Av. Manuel Agustin Aguirre,SOLO_DANOS,Caida,Mal estado de la via,,,,,,,,,,,,
2021-06-26 17:26:17,-3.998536,-79.174075,Av. Manuel Agustin Aguirre,CON_FALLECIDOS,Caida,Equipo de seguridad deficiente,85,FALLECIDO,NO_REGISTRA,CICLISTA,,,,,,,,
2021-03-23 15:45:29,-4.028843,-79.206533,Av. Rosa Hermosa,CON_LESIONADOS,Colision Multiple,Factores externos,23,LESIONADO,NO_REGISTRA,OTRO,,,,,,,,
2021-06-08 23:41:17,-3.997741,-79.217351,Av. 8 de Diciembre,SOLO_DANOS,Atropellamiento,Exceso de velocidad,,,,,,,,,,,,
2021-05-12 21:49:11,-4.004585,-79.200219,Calle Rocafuerte,SOLO_DANOS,Incendio,Equipo de seguridad deficiente,,,,,,,,,,,,
2021-12-28 08:27:05,-4.032134,-79.180562,Calle Azogues,CON_LESIONADOS,Accidente Laboral,Via resbaladiza o mojada,26,LESIONADO,HOMBRE,CICLISTA,33,LESIONADO,NO_REGISTRA,OTRO,,,,
2021-12-24 22:57:19,-3.983596,-79.211202,Av. Isidro Ayora,SOLO_DANOS,Accidente Laboral,Fatiga del conductor,,,,,,,,,,,,
2021-02-01 03:48:29,-4.023583,-79.193613,Calle Ramon Borrero,SOLO_DANOS,Choque Vehicular,Fatiga del conductor,54,LESIONADO,HOMBRE,CICLISTA,,,,,,,,
2021-05-20 10:42:17,-4.008869,-79.171534,Calle 18 de Noviembre,CON_FALLECIDOS,Caida,Imprudencia del conductor,76,FALLECIDO,MUJER,OTRO,55,LESIONADO,MUJER,MOTOCICLETA,,,,
2021-05-07 09:41:06,-4.003249,-79.179904,Calle Rocafuerte,SOLO_DANOS,Colision Multiple,Imprudencia del conductor,,,,,,,,,,,,
2021-01-07 14:40:40,-4.001939,-79.173914,Calle 18 de Noviembre,CON_FALLECIDOS,Choque Vehicular,Factores externos,55,FALLECIDO,HOMBRE,PEATON,,,,,,,,
2021-03-16 16:56:05,-4.023996,-79.185761,Calle Saraguro,SOLO_DANOS,Volcamiento,Equipo de seguridad deficiente,,,,,,,,,,,,
2021-11-27 09:09:32,-4.032545,-79.188139,Av. Gran Colombia,CON_LESIONADOS,Volcamiento,Fatiga del conductor,11,LESIONADO,NO_REGISTRA,VEH_LIVIANO,49,LESIONADO,MUJER,OTRO,,,,
2021-03-31 15:45:55,-4.007146,-79.210998,Calle Saraguro,CON_LESIONADOS,Choque Vehicular,Visibilidad reducida,58,LESIONADO,NO_REGISTRA,VEH_LIVIANO,,,,,,,,
2021-01-29 01:47:46,-3.979871,-79.217555,Av. Isidro Ayora,CON_LESIONADOS,Incendio,Distraccion (celular/radio),59,LESIONADO,NO_REGISTRA,SCOOTER,6,LESIONADO,HOMBRE,VEH_LIVIANO,,,,
2021-10-01 09:22:24,-4.000139,-79.190707,Calle 10 de Agosto,SOLO_DANOS,Caida,Fatiga del conductor,,,,,,,,,,,,
2021-12-11 21:06:09,-4.010737,-79.182365,Calle Colon,CON_LESIONADOS,Colision Multiple,Exceso de velocidad,79,LESIONADO,MUJER,OTRO,64,LESIONADO,HOMBRE,MOTOCICLETA,44,LESIONADO,NO_REGISTRA,SCOOTER
2021-04-08 13:39:12,-3.996586,-79.189403,Av. Manuel Agustin Aguirre,CON_FALLECIDOS,Colision Multiple,Via resbaladiza o mojada,67,FALLECIDO,HOMBRE,VEH_LIVIANO,64,LESIONADO,MUJER,CICLISTA,,,,
2021-05-16 11:27:07,-4.030500,-79.198248,Calle Mercadillo,SOLO_DANOS,Colision Multiple,Factores externos,71,LESIONADO,MUJER,CICLISTA,,,,,,,,
2021-11-15 13:30:23,-3.994731,-79.194602,Av. 8 de Diciembre,CON_LESIONADOS,Colision Multiple,Equipo de seguridad deficiente,46,LESIONADO,MUJER,VEH_LIVIANO,,,,,,,,
2021-06-21 20:13:30,-4.017096,-79.223703,Calle Colon,SOLO_DANOS,Colision Multiple,Falla mecanica,,,,,,,,,,,,
2021-01-23 01:08:37,-4.007138,-79.182017,Av. Rosa Hermosa,SOLO_DANOS,Choque Vehicular,Estado de embriaguez,,,,,,,,,,,,
2021-11-02 22:23:29,-3.979778,-79.182570,Calle 18 de Noviembre,CON_LESIONADOS,Caida,Equipo de seguridad deficiente,62,LESIONADO,MUJER,MOTOCICLETA,58,LESIONADO,HOMBRE,VEH_LIVIANO,64,LESIONADO,MUJER,MOTOCICLETA
2021-11-24 09:23:00,-4.030096,-79.192761,Calle Imbabura,CON_LESIONADOS,Volcamiento,Mal estado de la via,20,LESIONADO,HOMBRE,VEH_LIVIANO,47,LESIONADO,HOMBRE,PEATON,14,LESIONADO,MUJER,CICLISTA
2021-04-01 09:08:56,-4.035882,-79.198894,Av. Gran Colombia,SOLO_DANOS,Volcamiento,Equipo de seguridad deficiente,,,,,,,,,,,,
2021-01-22 23:55:55,-4.032109,-79.195395,Calle Mercadillo,CON_FALLECIDOS,Volcamiento,Via resbaladiza o mojada,82,FALLECIDO,MUJER,OTRO,45,FALLECIDO,MUJER,SCOOTER,68,LESIONADO,MUJER,MOTOCICLETA
2021-08-14 06:20:19,-4.026594,-79.185157,Av. Isidro Ayora,CON_LESIONADOS,Volcamiento,Mal estado de la via,17,LESIONADO,HOMBRE,PEATON,27,LESIONADO,NO_REGISTRA,OTRO,34,LESIONADO,NO_REGISTRA,MOTOCICLETA
2021-12-26 11:53:55,-3.979477,-79.209256,Calle Bolivar,CON_FALLECIDOS,Colision Multiple,Estado de embriaguez,30,FALLECIDO,NO_REGISTRA,MOTOCICLETA,66,FALLECIDO,NO_REGISTRA,SCOOTER,74,LESIONADO,HOMBRE,CICLISTA
2021-08-29 04:53:37,-4.026400,-79.217988,Av. Metropolitana,CON_LESIONADOS,Caida,Equipo de seguridad deficiente,63,LESIONADO,NO_REGISTRA,MOTOCICLETA,74,LESIONADO,HOMBRE,PEATON,,,,
2021-05-11 03:50:04,-3.990142,-79.220552,Via Loja - Catamayo,SOLO_DANOS,Choque Vehicular,Mal estado de la via,,,,,,,,,,,,
2021-06-15 22:24:00,-4.024783,-79.198770,Via Loja - Catamayo,CON_LESIONADOS,Choque Vehicular,Imprudencia del conductor,48,LESIONADO,MUJER,CICLISTA,7,LESIONADO,NO_REGISTRA,OTRO,,,,
2021-08-19 17:24:14,-3.994530,-79.229382,Via Loja - Catamayo,CON_LESIONADOS,Caida,Falla mecanica,80,LESIONADO,MUJER,OTRO,74,LESIONADO,HOMBRE,CICLISTA,,,,
2021-05-22 23:05:15,-3.985415,-79.206497,Calle Colon,CON_FALLECIDOS,Atropellamiento,Equipo de seguridad deficiente,68,FALLECIDO,MUJER,VEH_LIVIANO,58,FALLECIDO,NO_REGISTRA,PEATON,11,LESIONADO,MUJER,SCOOTER
2021-10-17 15:01:24,-4.019439,-79.210808,Calle Azogues,CON_FALLECIDOS,Atropellamiento,Mal estado de la via,41,FALLECIDO,HOMBRE,OTRO,13,LESIONADO,HOMBRE,OTRO,21,LESIONADO,NO_REGISTRA,VEH_LIVIANO
2021-07-15 03:54:47,-3.982396,-79.193049,Av. Isidro Ayora,CON_FALLECIDOS,Caida,Fatiga del conductor,38,FALLECIDO,HOMBRE,OTRO,33,LESIONADO,NO_REGISTRA,MOTOCICLETA,8,LESIONADO,NO_REGISTRA,VEH_LIVIANO
2021-05-11 23:15:04,-4.006359,-79.217443,Calle Miguel Riofrio,CON_LESIONADOS,Incendio,Equipo de seguridad deficiente,59,LESIONADO,NO_REGISTRA,PEATON,19,LESIONADO,MUJER,SCOOTER,8,LESIONADO,MUJER,MOTOCICLETA
2021-09-11 21:52:17,-3.992726,-79.187594,Via Loja - Zamora,CON_FALLECIDOS,Accidente Laboral,Imprudencia del conductor,26,FALLECIDO,MUJER,MOTOCICLETA,15,LESIONADO,NO_REGISTRA,OTRO,62,LESIONADO,NO_REGISTRA,MOTOCICLETA
2021-12-11 16:31:49,-4.028065,-79.189162,Av. Gran Colombia,SOLO_DANOS,Choque Vehicular,Inobservancia de senales,,,,,,,,,,,,
2021-01-13 01:56:43,-3.981639,-79.215535,Av. Isidro Ayora,SOLO_DANOS,Choque Vehicular,Equipo de seguridad deficiente,,,,,,,,,,,,
2021-11-05 18:14:17,-4.008850,-79.188131,Av. Isidro Ayora,CON_LESIONADOS,Accidente Laboral,Visibilidad reducida,55,LESIONADO,MUJER,PEATON,11,LESIONADO,NO_REGISTRA,SCOOTER,34,LESIONADO,NO_REGISTRA,SCOOTER
2021-08-18 17:57:28,-3.982200,-79.175161,Calle Ramon Borrero,SOLO_DANOS,Colision Multiple,Falla mecanica,,,,,,,,,,,,
2021-02-11 07:25:31,-4.011586,-79.208293,Ruta 35,CON_FALLECIDOS,Accidente Laboral,Factores externos,28,FALLECIDO,MUJER,PEATON,38,LESIONADO,MUJER,VEH_LIVIANO,65,LESIONADO,NO_REGISTRA,PEATON
2021-08-06 01:09:04,-4.009623,-79.209343,Ruta 35,CON_FALLECIDOS,Atropellamiento,Via resbaladiza o mojada,47,FALLECIDO,HOMBRE,SCOOTER,47,FALLECIDO,HOMBRE,MOTOCICLETA,,,,
2021-12-06 08:52:48,-4.033920,-79.179432,Calle Sucre,SOLO_DANOS,Volcamiento,Via resbaladiza o mojada,,,,,,,,,,,,