fecha_hora,latitud,longitud,via,grado_severidad,tipo_siniestro,causa_probable,victima1_edad,victima1_condicion,victima1_sexo,victima1_actor_vial,victima2_edad,victima2_condicion,victima2_sexo,victima2_actor_vial,victima3_edad,victima3_condicion,victima3_sexo,victima3_actor_vial
2021-05-29 03:08:59,-4.033469,-79.172719,Av. Pio Jaramillo,CON_FALLECIDOS,Accidente Laboral,Equipo de seguridad deficiente,65,FALLECIDO,HOMBRE,MOTOCICLETA,29,FALLECIDO,MUJER,VEH_LIVIANO,,,,
2021-06-10 19:17:37,-3.983766,-79.194170,Ruta 35,CON_FALLECIDOS,Colision Multiple,Fatiga del conductor,37,FALLECIDO,HOMBRE,MOTOCICLETA,5,LESIONADO,HOMBRE,VEH_LIVIANO,7,LESIONADO,MUJER,PEATON
2021-09-21 12:12:25,-3.997257,-79.173033,Calle Mercadillo,SOLO_DANOS,Caida,Fatiga del conductor,,,,,,,,,,,,
2021-10-29 12:14:43,-4.000673,-79.173926,Av. Orillas del Zamora,SOLO_DANOS,Volcamiento,Factores externos,19,LESIONADO,NO_REGISTRA,SCOOTER,,,,,,,,
2021-08-31 15:04:56,-3.991570,-79.221806,Av. 8 de Diciembre,CON_LESIONADOS,Incendio,Distraccion (celular/radio),25,LESIONADO,NO_REGISTRA,MOTOCICLETA,27,LESIONADO,NO_REGISTRA,CICLISTA,,,,
2021-05-07 08:37:46,-3.998014,-79.174225,Av. 8 de Diciembre,CON_FALLECIDOS,Atropellamiento,Imprudencia del conductor,29,FALLECIDO,HOMBRE,PEATON,55,FALLECIDO,MUJER,MOTOCICLETA,,,,
2021-03-29 21:13:29,-3.996259,-79.213501,Calle 18 de Noviembre,CON_LESIONADOS,Volcamiento,Mal estado de la via,39,LESIONADO,MUJER,MOTOCICLETA,44,LESIONADO,HOMBRE,CICLISTA,,,,
2021-11-07 07:22:43,-4.025329,-79.191462,Calle Sucre,CON_FALLECIDOS,Caida,Estado de embriaguez,38,FALLECIDO,MUJER,MOTOCICLETA,49,FALLECIDO,HOMBRE,VEH_LIVIANO,33,LESIONADO,NO_REGISTRA,PEATON
2021-01-16 01:30:17,-3.981231,-79.181178,Av. Universitaria,CON_FALLECIDOS,Volcamiento,Inobservancia de senales,65,FALLECIDO,NO_REGISTRA,VEH_LIVIANO,34,FALLECIDO,MUJER,MOTOCICLETA,65,LESIONADO,HOMBRE,MOTOCICLETA
2021-10-07 22:03:15,-3.982697,-79.209285,Calle Imbabura,SOLO_DANOS,Caida,Via resbaladiza o mojada,,,,,,,,,,,,
2021-02-13 21:52:43,-3.984574,-79.215461,Calle Miguel Riofrio,CON_LESIONADOS,Volcamiento,Factores externos,10,LESIONADO,HOMBRE,MOTOCICLETA,42,LESIONADO,HOMBRE,MOTOCICLETA,48,LESIONADO,MUJER,VEH_LIVIANO
2021-10-25 16:55:30,-4.027478,-79.219791,Av. Metropolitana,CON_FALLECIDOS,Colision Multiple,Fatiga del conductor,83,FALLECIDO,MUJER,MOTOCICLETA,61,FALLECIDO,HOMBRE,PEATON,53,LESIONADO,NO_REGISTRA,OTRO
2021-01-29 00:24:55,-4.012141,-79.183395,Calle Imbabura,CON_FALLECIDOS,Caida,Exceso de velocidad,63,FALLECIDO,NO_REGISTRA,PEATON,36,LESIONADO,HOMBRE,PEATON,,,,
2021-03-13 15:13:14,-4.000474,-79.200454,Via Loja - Zamora,SOLO_DANOS,Choque Vehicular,Via resbaladiza o mojada,,,,,,,,,,,,
2021-03-25 07:17:09,-3.984111,-79.186257,Calle Sucre,SOLO_DANOS,Atropellamiento,Fatiga del conductor,,,,,,,,,,,,
2021-10-02 21:02:15,-3.993197,-79.176097,Av. Gran Colombia,CON_LESIONADOS,Atropellamiento,Mal estado de la via,64,LESIONADO,MUJER,VEH_LIVIANO,10,LESIONADO,MUJER,SCOOTER,,,,
2021-11-23 06:50:38,-4.036020,-79.174852,Calle Ramon Borrero,SOLO_DANOS,Atropellamiento,Fatiga del conductor,,,,,,,,,,,,
2021-02-14 07:54:51,-4.011371,-79.196636,Av. Isidro Ayora,SOLO_DANOS,Volcamiento,Via resbaladiza o mojada,,,,,,,,,,,,
2021-04-13 05:37:18,-3.993949,-79.223319,Av. Rosa Hermosa,CON_FALLECIDOS,Incendio,Imprudencia del conductor,43,FALLECIDO,HOMBRE,SCOOTER,53,LESIONADO,HOMBRE,OTRO,,,,
2021-04-09 03:53:47,-4.000519,-79.228530,Calle Miguel Riofrio,CON_FALLECIDOS,Colision Multiple,Distraccion (celular/radio),78,FALLECIDO,MUJER,SCOOTER,34,LESIONADO,MUJER,PEATON,,,,
2021-09-25 18:58:46,-4.001808,-79.224042,Av. Metropolitana,CON_FALLECIDOS,Choque Vehicular,Fatiga del conductor,58,FALLECIDO,HOMBRE,CICLISTA,49,LESIONADO,MUJER,VEH_LIVIANO,64,LESIONADO,NO_REGISTRA,MOTOCICLETA
2021-01-14 14:30:15,-4.027027,-79.195950,Av. Universitaria,SOLO_DANOS,Accidente Laboral,Exceso de velocidad,,,,,,,,,,,,
2021-02-25 10:20:00,-4.021255,-79.176347,Calle Montufar,SOLO_DANOS,Accidente Laboral,Factores externos,,,,,,,,,,,,
2021-02-03 16:51:10,-3.995321,-79.208367,Av. Universitaria,CON_LESIONADOS,Caida,Inobservancia de senales,58,LESIONADO,HOMBRE,SCOOTER,16,LESIONADO,MUJER,MOTOCICLETA,30,LESIONADO,NO_REGISTRA,OTRO
2021-04-07 09:14:05,-3.997672,-79.210594,Calle Montufar,SOLO_DANOS,Atropellamiento,Equipo de seguridad deficiente,,,,,,,,,,,,
2021-12-29 18:49:09,-3.986312,-79.204803,Calle Miguel Riofrio,CON_FALLECIDOS,Accidente Laboral,Estado de embriaguez,44,FALLECIDO,MUJER,VEH_LIVIANO,57,FALLECIDO,NO_REGISTRA,PEATON,28,LESIONADO,MUJER,VEH_LIVIANO
2021-01-30 14:53:08,-3.997166,-79.176977,Calle Quito,CON_FALLECIDOS,Volcamiento,Imprudencia del conductor,22,FALLECIDO,MUJER,CICLISTA,43,FALLECIDO,MUJER,PEATON,,,,
2021-07-24 15:07:05,-3.984376,-79.177961,Av. Manuel Agustin Aguirre,SOLO_DANOS,Volcamiento,Equipo de seguridad deficiente,,,,,,,,,,,,
2021-05-22 21:03:07,-3.995951,-79.202452,Calle Mercadillo,CON_LESIONADOS,Colision Multiple,Via resbaladiza o mojada,59,LESIONADO,MUJER,CICLISTA,,,,,,,,
2021-08-24 13:11:48,-3.992030,-79.201398,Av. Orillas del Zamora,CON_FALLECIDOS,Choque Vehicular,Visibilidad reducida,68,FALLECIDO,HOMBRE,OTRO,7,LESIONADO,MUJER,SCOOTER,69,LESIONADO,HOMBRE,SCOOTER
2021-11-05 12:11:37,-3.980954,-79.182041,Av. Gran Colombia,CON_FALLECIDOS,Choque Vehicular,Fatiga del conductor,39,FALLECIDO,HOMBRE,PEATON,,,,,,,,
2021-03-15 14:42:37,-4.008025,-79.187411,Av. Pio Jaramillo,SOLO_DANOS,Choque Vehicular,Via resbaladiza o mojada,,,,,,,,,,,,
2021-01-19 18:42:47,-4.016417,-79.179650,Calle Rocafuerte,CON_FALLECIDOS,Incendio,Factores externos,57,FALLECIDO,HOMBRE,VEH_LIVIANO,62,FALLECIDO,MUJER,MOTOCICLETA,64,LESIONADO,HOMBRE,CICLISTA
2021-02-14 19:26:21,-4.017932,-79.186854,Av. 8 de Diciembre,CON_LESIONADOS,Volcamiento,Factores externos,45,LESIONADO,NO_REGISTRA,PEATON,,,,,,,,
2021-07-05 05:25:26,-4.004918,-79.215768,Calle Quito,SOLO_DANOS,Incendio,Distraccion (celular/radio),,,,,,,,,,,,
2021-11-24 09:23:11,-4.023806,-79.180194,Av. Cuxibamba,SOLO_DANOS,Accidente Laboral,Visibilidad reducida,,,,,,,,,,,,
2021-07-20 02:31:43,-3.988840,-79.211895,Calle Bolivar,SOLO_DANOS,Colision Multiple,Inobservancia de senales,,,,,,,,,,,,
2021-05-24 02:48:24,-3.980458,-79.178203,Calle Imbabura,SOLO_DANOS,Accidente Laboral,Exceso de velocidad,,,,,,,,,,,,
2021-09-04 21:58:02,-4.007375,-79.226711,Calle Montufar,CON_FALLECIDOS,Volcamiento,Inobservancia de senales,77,FALLECIDO,HOMBRE,SCOOTER,,,,,,,,
2021-03-04 13:23:48,-3.979765,-79.190802,Av. Metropolitana,CON_LESIONADOS,Incendio,Falla mecanica,29,LESIONADO,HOMBRE,PEATON,75,LESIONADO,HOMBRE,SCOOTER,,,,
2021-04-13 13:23:05,-3.999381,-79.186885,Calle 10 de Agosto,CON_FALLECIDOS,Caida,Exceso de velocidad,28,FALLECIDO,MUJER,CICLISTA,25,FALLECIDO,HOMBRE,VEH_LIVIANO,20,LESIONADO,NO_REGISTRA,SCOOTER
2021-03-31 02:25:39,-4.005939,-79.212470,Via Loja - Zamora,CON_LESIONADOS,Accidente Laboral,Exceso de velocidad,78,LESIONADO,MUJER,CICLISTA,12,LESIONADO,NO_REGISTRA,OTRO,,,,
2021-07-29 00:25:44,-4.027841,-79.206326,Calle Sucre,CON_LESIONADOS,Caida,Falla mecanica,8,LESIONADO,HOMBRE,SCOOTER,,,,,,,,
2021-10-21 03:14:19,-4.018628,-79.218597,Calle Sucre,SOLO_DANOS,Colision Multiple,Inobservancia de senales,,,,,,,,,,,,
2021-08-28 20:37:19,-4.024746,-79.208912,Av. Isidro Ayora,CON_LESIONADOS,Incendio,Imprudencia del conductor,71,LESIONADO,HOMBRE,CICLISTA,58,LESIONADO,MUJER,CICLISTA,,,,
2021-12-30 06:15:23,-3.991982,-79.183691,Av. Pio Jaramillo,CON_LESIONADOS,Incendio,Visibilidad reducida,74,LESIONADO,MUJER,VEH_LIVIANO,72,LESIONADO,NO_REGISTRA,VEH_LIVIANO,18,LESIONADO,MUJER,MOTOCICLETA
2021-02-04 17:05:07,-3.991265,-79.217536,Ruta 35,SOLO_DANOS,Volcamiento,Distraccion (celular/radio),,,,,,,,,,,,
2021-01-02 10:24:21,-3.983680,-79.224230,Av. Orillas del Zamora,CON_FALLECIDOS,Accidente Laboral,Inobservancia de senales,41,FALLECIDO,NO_REGISTRA,VEH_LIVIANO,54,LESIONADO,NO_REGISTRA,OTRO,,,,
2021-10-14 13:47:43,-3.991320,-79.187365,Av. 8 de Diciembre,SOLO_DANOS,Atropellamiento,Estado de embriaguez,,,,,,,,,,,,
2021-09-22 22:41:28,-4.014958,-79.198526,Av. Rosa Hermosa,CON_FALLECIDOS,Colision Multiple,Fatiga del conductor,37,FALLECIDO,MUJER,CICLISTA,55,FALLECIDO,NO_REGISTRA,CICLISTA,63,LESIONADO,NO_REGISTRA,MOTOCICLETA
2021-05-26 02:09:37,-4.007460,-79.224101,Av. Gran Colombia,SOLO_DANOS,Caida,Fatiga del conductor,,,,,,,,,,,,
2021-06-03 06:52:48,-3.997543,-79.218762,Av. Orillas del Zamora,CON_FALLECIDOS,Choque Vehicular,Equipo de seguridad deficiente,46,FALLECIDO,NO_REGISTRA,VEH_LIVIANO,32,FALLECIDO,NO_REGISTRA,CICLISTA,,,,
2021-09-29 19:04:33,-3.993432,-79.188780,Calle Colon,CON_LESIONADOS,Atropellamiento,Inobservancia de senales,25,LESIONADO,MUJER,SCOOTER,35,LESIONADO,MUJER,PEATON,71,LESIONADO,MUJER,PEATON
2021-07-07 11:26:08,-4.016661,-79.202076,Calle Sucre,SOLO_DANOS,Accidente Laboral,Visibilidad reducida,,,,,,,,,,,,
2021-02-24 04:56:40,-4.033829,-79.189082,Av. Pio Jaramillo,SOLO_DANOS,Incendio,Exceso de velocidad,,,,,,,,,,,,
2021-01-13 02:47:32,-4.010587,-79.211548,Av. Rosa Hermosa,CON_LESIONADOS,Choque Vehicular,Mal estado de la via,73,LESIONADO,MUJER,OTRO,,,,,,,,
2021-05-18 22:09:29,-3.984868,-79.225461,Calle 18 de Noviembre,CON_FALLECIDOS,Atropellamiento,Visibilidad reducida,74,FALLECIDO,NO_REGISTRA,CICLISTA,81,FALLECIDO,NO_REGISTRA,VEH_LIVIANO,78,LESIONADO,HOMBRE,CICLISTA
2021-09-16 02:25:03,-3.983770,-79.212364,Via Loja - Zamora,CON_LESIONADOS,Atropellamiento,Equipo de seguridad deficiente,23,LESIONADO,HOMBRE,SCOOTER,,,,,,,,
2021-06-13 14:51:59,-4.006044,-79.179520,Av. Manuel Agustin Aguirre,CON_FALLECIDOS,Volcamiento,Equipo de seguridad deficiente,60,FALLECIDO,MUJER,OTRO,26,LESIONADO,NO_REGISTRA,MOTOCICLETA,,,,
2021-06-13 22:09:01,-4.030066,-79.229246,Via Loja - Zamora,SOLO_DANOS,Caida,Factores externos,,,,,,,,,,,,
2021-10-13 19:07:54,-3.983712,-79.214982,Av. 8 de Diciembre,SOLO_DANOS,Incendio,Factores externos,,,,,,,,,,,,
2021-03-06 09:06:19,-3.979571,-79.213545,Via Loja - Zamora,SOLO_DANOS,Volcamiento,Equipo de seguridad deficiente,,,,,,,,,,,,
2021-06-01 05:18:29,-4.002589,-79.197688,Av. Cuxibamba,SOLO_DANOS,Volcamiento,Factores externos,,,,,,,,,,,,
2021-12-12 04:30:33,-3.985188,-79.208747,Av. Metropolitana,CON_LESIONADOS,Atropellamiento,Mal estado de la via,27,LESIONADO,NO_REGISTRA,SCOOTER,,,,,,,,
2021-01-29 14:32:20,-4.005013,-79.228039,Calle Ramon Borrero,SOLO_DANOS,Atropellamiento,Via resbaladiza o mojada,,,,,,,,,,,,
2021-10-17 03:39:28,-4.033431,-79.194454,Av. Cuxibamba,CON_FALLECIDOS,Colision Multiple,Estado de embriaguez,40,FALLECIDO,NO_REGISTRA,PEATON,42,FALLECIDO,NO_REGISTRA,CICLISTA,,,,
2021-05-10 18:49:46,-3.979090,-79.184103,Calle Saraguro,SOLO_DANOS,Caida,Visibilidad reducida,,,,,,,,,,,,
2021-12-27 12:09:03,-3.984431,-79.183183,Calle Azogues,CON_FALLECIDOS,Accidente Laboral,Exceso de velocidad,26,FALLECIDO,HOMBRE,VEH_LIVIANO,18,FALLECIDO,MUJER,PEATON,,,,
2021-11-09 01:55:43,-4.004963,-79.203846,Av. Manuel Agustin Aguirre,CON_FALLECIDOS,Caida,Falla mecanica,63,FALLECIDO,NO_REGISTRA,PEATON,74,FALLECIDO,HOMBRE,VEH_LIVIANO,34,LESIONADO,NO_REGISTRA,MOTOCICLETA
2021-03-24 16:59:28,-4.001192,-79.219634,Via Loja - Zamora,CON_LESIONADOS,Incendio,Mal estado de la via,38,LESIONADO,HOMBRE,OTRO,10,LESIONADO,HOMBRE,SCOOTER,,,,
2021-11-28 04:08:41,-4.016255,-79.193725,Av. Isidro Ayora,CON_LESIONADOS,Colision Multiple,Inobservancia de senales,48,LESIONADO,MUJER,VEH_LIVIANO,51,LESIONADO,MUJER,VEH_LIVIANO,,,,
2021-04-24 15:35:37,-4.023509,-79.174931,Av. Gran Colombia,CON_FALLECIDOS,Incendio,Mal estado de la via,55,FALLECIDO,HOMBRE,VEH_LIVIANO,56,LESIONADO,NO_REGISTRA,OTRO,,,,
2021-06-15 07:35:28,-4.016433,-79.203791,Av. Gran Colombia,CON_FALLECIDOS,Atropellamiento,Inobservancia de senales,56,FALLECIDO,HOMBRE,PEATON,55,LESIONADO,MUJER,PEATON,,,,
2021-08-06 04:19:07,-4.030454,-79.219630,Av. 8 de Diciembre,SOLO_DANOS,Volcamiento,Exceso de velocidad,,,,,,,,,,,,
2021-09-05 21:49:57,-4.009879,-79.203173,Calle Saraguro,SOLO_DANOS,Incendio,Visibilidad reducida,,,,,,,,,,,,
2021-05-06 14:21:16,-4.035546,-79.223210,Calle Azogues,SOLO_DANOS,Atropellamiento,Via resbaladiza o mojada,,,,,,,,,,,,
2021-05-14 17:13:41,-4.012042,-79.171053,Av. Manuel Agustin Aguirre,CON_FALLECIDOS,Colision Multiple,Equipo de seguridad deficiente,38,FALLECIDO,MUJER,VEH_LIVIANO,35,FALLECIDO,MUJER,VEH_LIVIANO,,,,
2021-11-13 09:21:45,-4.004658,-79.220728,Calle Montufar,SOLO_DANOS,Accidente Laboral,Via resbaladiza o mojada,,,,,,,,,,,,
2021-07-07 18:13:00,-4.031030,-79.217604,Via Loja - Zamora,CON_FALLECIDOS,Volcamiento,Distraccion (celular/radio),60,FALLECIDO,HOMBRE,CICLISTA,38,FALLECIDO,NO_REGISTRA,MOTOCICLETA,57,LESIONADO,NO_REGISTRA,PEATON
2021-02-12 09:58:54,-4.029389,-79.216844,Av. Pio Jaramillo,SOLO_DANOS,Colision Multiple,Mal estado de la via,,,,,,,,,,,,
2021-03-25 22:58:18,-3.989910,-79.177473,Calle Bolivar,SOLO_DANOS,Atropellamiento,Equipo de seguridad deficiente,,,,,,,,,,,,
2021-09-07 05:01:34,-3.996698,-79.187787,Calle Rocafuerte,CON_LESIONADOS,Choque Vehicular,Visibilidad reducida,61,LESIONADO,NO_REGISTRA,OTRO,20,LESIONADO,MUJER,VEH_LIVIANO,33,LESIONADO,HOMBRE,MOTOCICLETA
2021-03-16 21:09:56,-4.003613,-79.212032,Av. Rosa Hermosa,CON_FALLECIDOS,Volcamiento,Mal estado de la via,71,FALLECIDO,MUJER,MOTOCICLETA,74,FALLECIDO,MUJER,SCOOTER,,,,
2021-08-25 22:28:56,-4.013886,-79.187413,Av. Rosa Hermosa,CON_FALLECIDOS,Choque Vehicular,Equipo de seguridad deficiente,62,FALLECIDO,HOMBRE,OTRO,62,FALLECIDO,NO_REGISTRA,SCOOTER,8,LESIONADO,NO_REGISTRA,VEH_LIVIANO
2021-01-15 13:45:31,-3.985240,-79.222319,Ruta 35,CON_LESIONADOS,Colision Multiple,Mal estado de la via,31,LESIONADO,MUJER,MOTOCICLETA,14,LESIONADO,HOMBRE,SCOOTER,,,,
2021-07-05 20:32:06,-4.012854,-79.219611,Av. Gran Colombia,CON_FALLECIDOS,Incendio,Factores externos,27,FALLECIDO,HOMBRE,OTRO,38,LESIONADO,HOMBRE,OTRO,24,LESIONADO,MUJER,MOTOCICLETA
2021-12-12 01:20:29,-3.977995,-79.176161,Calle Bolivar,CON_LESIONADOS,Incendio,Fatiga del conductor,6,LESIONADO,MUJER,OTRO,19,LESIONADO,NO_REGISTRA,SCOOTER,,,,
2021-03-12 16:01:19,-4.034266,-79.229010,Calle Ramon Borrero,SOLO_DANOS,Accidente Laboral,Exceso de velocidad,75,LESIONADO,NO_REGISTRA,PEATON,,,,,,,,
2021-05-15 03:33:08,-3.993509,-79.215520,Calle Saraguro,SOLO_DANOS,Choque Vehicular,Estado de embriaguez,,,,,,,,,,,,
2021-04-21 20:31:14,-4.003246,-79.223768,Calle Montufar,CON_LESIONADOS,Accidente Laboral,Falla mecanica,67,LESIONADO,HOMBRE,SCOOTER,,,,,,,,
2021-09-09 03:26:57,-4.025377,-79.185152,Av. Rosa Hermosa,CON_LESIONADOS,Atropellamiento,Via resbaladiza o mojada,13,LESIONADO,HOMBRE,PEATON,47,LESIONADO,MUJER,OTRO,80,LESIONADO,HOMBRE,CICLISTA
2021-09-22 23:56:22,-4.006480,-79.207199,Calle Imbabura,CON_FALLECIDOS,Caida,Inobservancia de senales,85,FALLECIDO,NO_REGISTRA,SCOOTER,,,,,,,,
2021-09-20 07:25:36,-4.010014,-79.209664,Via Loja - Zamora,SOLO_DANOS,Incendio,Visibilidad reducida,,,,,,,,,,,,
2021-07-19 17:50:41,-3.987876,-79.197734,Calle Bolivar,CON_FALLECIDOS,Incendio,Imprudencia del conductor,42,FALLECIDO,MUJER,MOTOCICLETA,53,FALLECIDO,MUJER,PEATON,60,LESIONADO,MUJER,VEH_LIVIANO
2021-05-21 17:08:51,-4.035117,-79.209453,Via Loja - Catamayo,CON_FALLECIDOS,Volcamiento,Estado de embriaguez,26,FALLECIDO,NO_REGISTRA,PEATON,,,,,,,,
2021-01-27 02:41:32,-4.000107,-79.195406,Av. Orillas del Zamora,CON_FALLECIDOS,Incendio,Mal estado de la via,35,FALLECIDO,NO_REGISTRA,OTRO,71,FALLECIDO,MUJER,MOTOCICLETA,66,LESIONADO,NO_REGISTRA,SCOOTER
2021-11-18 06:51:52,-4.032713,-79.181567,Calle Sucre,SOLO_DANOS,Volcamiento,Visibilidad reducida,,,,,,,,,,,,
2021-03-24 18:07:23,-4.009398,-79.182718,Av. Gran Colombia,CON_FALLECIDOS,Colision Multiple,Falla mecanica,83,FALLECIDO,NO_REGISTRA,SCOOTER,80,FALLECIDO,MUJER,PEATON,77,LESIONADO,NO_REGISTRA,SCOOTER
2021-05-02 10:45:59,-4.036139,-79.179149,Av. Manuel Agustin Aguirre,CON_LESIONADOS,Volcamiento,Imprudencia del conductor,20,LESIONADO,NO_REGISTRA,PEATON,,,,,,,,
2021-01-12 09:55:30,-3.985378,-79.203789,Av. Isidro Ayora,CON_FALLECIDOS,Volcamiento,Distraccion (celular/radio),38,FALLECIDO,MUJER,SCOOTER,15,LESIONADO,HOMBRE,SCOOTER,54,LESIONADO,HOMBRE,PEATON
2021-05-15 01:13:04,-3.988404,-79.179770,Av. Orillas del Zamora,SOLO_DANOS,Choque Vehicular,Mal estado de la via,,,,,,,,,,,,
2021-09-28 03:59:27,-3.980833,-79.181195,Calle Colon,CON_LESIONADOS,Atropellamiento,Inobservancia de senales,44,LESIONADO,NO_REGISTRA,SCOOTER,32,LESIONADO,HOMBRE,CICLISTA,27,LESIONADO,NO_REGISTRA,SCOOTER
2021-02-12 22:20:17,-4.021466,-79.179408,Calle Imbabura,CON_FALLECIDOS,Atropellamiento,Visibilidad reducida,33,FALLECIDO,MUJER,CICLISTA,26,LESIONADO,MUJER,SCOOTER,51,LESIONADO,HOMBRE,OTRO
2021-05-31 02:50:52,-4.019488,-79.197474,Av. 8 de Diciembre,CON_LESIONADOS,Colision Multiple,Falla mecanica,73,LESIONADO,MUJER,CICLISTA,37,LESIONADO,NO_REGISTRA,SCOOTER,34,LESIONADO,MUJER,CICLISTA
2021-07-05 22:16:52,-4.005381,-79.182693,Via Loja - Zamora,CON_LESIONADOS,Atropellamiento,Distraccion (celular/radio),58,LESIONADO,NO_REGISTRA,VEH_LIVIANO,,,,,,,,
2021-07-11 07:08:13,-4.023375,-79.186941,Av. Universitaria,CON_FALLECIDOS,Volcamiento,Fatiga del conductor,76,FALLECIDO,MUJER,PEATON,,,,,,,,
2021-12-09 13:18:26,-4.029018,-79.199316,Calle Mercadillo,SOLO_DANOS,Atropellamiento,Distraccion (celular/radio),,,,,,,,,,,,
2021-11-19 21:19:03,-4.022016,-79.189942,Via Loja - Zamora,SOLO_DANOS,Volcamiento,Exceso de velocidad,,,,,,,,,,,,
2021-02-27 04:50:48,-4.027023,-79.220554,Calle Bolivar,SOLO_DANOS,Choque Vehicular,Falla mecanica,,,,,,,,,,,,
2021-03-21 18:03:52,-4.016983,-79.200781,Calle Sucre,CON_LESIONADOS,Caida,Estado de embriaguez,69,LESIONADO,HOMBRE,MOTOCICLETA,53,LESIONADO,NO_REGISTRA,MOTOCICLETA,80,LESIONADO,HOMBRE,SCOOTER
2021-09-24 21:46:15,-4.036179,-79.195306,Av. Isidro Ayora,SOLO_DANOS,Incendio,Imprudencia del conductor,,,,,,,,,,,,
2021-05-04 20:22:29,-4.034488,-79.188009,Av. Rosa Hermosa,SOLO_DANOS,Atropellamiento,Imprudencia del conductor,,,,,,,,,,,,
2021-03-31 18:23:19,-3.979091,-79.197429,Av. Reinaldo Espinosa,CON_FALLECIDOS,Incendio,Imprudencia del conductor,84,FALLECIDO,HOMBRE,MOTOCICLETA,23,FALLECIDO,HOMBRE,SCOOTER,33,LESIONADO,HOMBRE,VEH_LIVIANO
2021-10-23 11:19:35,-4.012311,-79.178170,Calle 18 de Noviembre,CON_LESIONADOS,Atropellamiento,Inobservancia de senales,76,LESIONADO,MUJER,PEATON,49,LESIONADO,NO_REGISTRA,MOTOCICLETA,55,LESIONADO,NO_REGISTRA,MOTOCICLETA
2021-01-28 06:03:47,-4.033397,-79.176114,Calle Bolivar,CON_FALLECIDOS,Colision Multiple,Mal estado de la via,37,FALLECIDO,NO_REGISTRA,CICLISTA,21,LESIONADO,NO_REGISTRA,CICLISTA,9,LESIONADO,HOMBRE,SCOOTER
2021-10-31 14:22:19,-3.983429,-79.226695,Av. Gran Colombia,CON_FALLECIDOS,Incendio,Factores externos,23,FALLECIDO,MUJER,OTRO,48,FALLECIDO,HOMBRE,OTRO,57,LESIONADO,NO_REGISTRA,PEATON
2021-05-30 23:41:58,-4.014589,-79.204599,Calle Montufar,CON_FALLECIDOS,Atropellamiento,Imprudencia del conductor,18,FALLECIDO,MUJER,SCOOTER,80,FALLECIDO,MUJER,VEH_LIVIANO,80,LESIONADO,MUJER,MOTOCICLETA
2021-04-16 04:37:40,-4.001331,-79.175560,Av. Cuxibamba,CON_FALLECIDOS,Choque Vehicular,Mal estado de la via,80,FALLECIDO,MUJER,MOTOCICLETA,45,LESIONADO,MUJER,CICLISTA,,,,
2021-06-19 04:38:02,-3.984554,-79.230517,Av. Metropolitana,CON_LESIONADOS,Atropellamiento,Inobservancia de senales,22,LESIONADO,MUJER,PEATON,66,LESIONADO,HOMBRE,OTRO,,,,
2021-09-10 04:12:50,-3.983342,-79.172903,Calle Saraguro,CON_LESIONADOS,Incendio,Equipo de seguridad deficiente,63,LESIONADO,MUJER,SCOOTER,79,LESIONADO,HOMBRE,SCOOTER,43,LESIONADO,NO_REGISTRA,PEATON
2021-04-04 09:50:12,-3.981654,-79.190388,Av. Manuel Agustin Aguirre,CON_LESIONADOS,Volcamiento,Visibilidad reducida,47,LESIONADO,HOMBRE,OTRO,,,,,,,,
2021-09-24 08:49:48,-4.007374,-79.173885,Calle 10 de Agosto,CON_FALLECIDOS,Accidente Laboral,Estado de embriaguez,75,FALLECIDO,HOMBRE,MOTOCICLETA,,,,,,,,
2021-03-09 18:21:24,-3.993162,-79.210171,Via Loja - Zamora,SOLO_DANOS,Incendio,Imprudencia del conductor,,,,,,,,,,,,
2021-04-29 13:16:31,-4.002014,-79.223699,Av. Cuxibamba,SOLO_DANOS,Volcamiento,Via resbaladiza o mojada,,,,,,,,,,,,
2021-11-12 02:36:41,-3.985092,-79.201579,Av. Cuxibamba,SOLO_DANOS,Caida,Imprudencia del conductor,68,LESIONADO,MUJER,VEH_LIVIANO,,,,,,,,
2021-07-09 05:27:43,-4.020013,-79.184166,Calle Ramon Borrero,CON_FALLECIDOS,Accidente Laboral,Inobservancia de senales,81,FALLECIDO,NO_REGISTRA,SCOOTER,,,,,,,,
2021-06-16 05:56:16,-3.988462,-79.172467,Av. Rosa Hermosa,CON_LESIONADOS,Colision Multiple,Inobservancia de senales,28,LESIONADO,HOMBRE,PEATON,8,LESIONADO,HOMBRE,SCOOTER,27,LESIONADO,HOMBRE,SCOOTER
2021-11-09 19:45:22,-3.994924,-79.182259,Via Loja - Zamora,CON_FALLECIDOS,Choque Vehicular,Via resbaladiza o mojada,25,FALLECIDO,HOMBRE,CICLISTA,45,FALLECIDO,NO_REGISTRA,CICLISTA,,,,
2021-04-29 10:44:46,-4.019128,-79.211032,Av. 8 de Diciembre,CON_FALLECIDOS,Accidente Laboral,Distraccion (celular/radio),52,FALLECIDO,NO_REGISTRA,OTRO,34,FALLECIDO,HOMBRE,SCOOTER,,,,
2021-04-30 23:34:07,-3.984214,-79.210492,Calle Sucre,SOLO_DANOS,Choque Vehicular,Factores externos,,,,,,,,,,,,
2021-01-27 07:43:17,-3.997612,-79.194443,Calle Imbabura,SOLO_DANOS,Colision Multiple,Exceso de velocidad,,,,,,,,,,,,