fecha_hora,latitud,longitud,via,grado_severidad,tipo_siniestro,causa_probable,victima1_edad,victima1_condicion,victima1_sexo,victima1_actor_vial,victima2_edad,victima2_condicion,victima2_sexo,victima2_actor_vial,victima3_edad,victima3_condicion,victima3_sexo,victima3_actor_vial
2021-11-16 12:25:48,-4.024867,-79.203350,Calle Azogues,SOLO_DANOS,Accidente Laboral,Fatiga del conductor,,,,,,,,,,,,
2021-09-30 13:17:59,-3.993319,-79.202628,Calle Sucre,CON_LESIONADOS,Colision Multiple,Mal estado de la via,42,LESIONADO,MUJER,PEATON,30,LESIONADO,NO_REGISTRA,VEH_LIVIANO,38,LESIONADO,MUJER,CICLISTA
2021-08-21 23:44:39,-4.025386,-79.209565,Av. Reinaldo Espinosa,CON_LESIONADOS,Choque Vehicular,Estado de embriaguez,35,LESIONADO,MUJER,MOTOCICLETA,,,,,,,,
2021-10-30 21:08:40,-3.987424,-79.204785,Av. Cuxibamba,CON_FALLECIDOS,Choque Vehicular,Fatiga del conductor,73,FALLECIDO,NO_REGISTRA,VEH_LIVIANO,31,LESIONADO,MUJER,CICLISTA,63,LESIONADO,MUJER,MOTOCICLETA
2021-08-01 10:37:07,-3.982389,-79.222052,Calle Montufar,CON_FALLECIDOS,Atropellamiento,Factores externos,55,FALLECIDO,NO_REGISTRA,PEATON,37,LESIONADO,NO_REGISTRA,MOTOCICLETA,,,,
2021-05-31 07:23:48,-3.993183,-79.200747,Av. Manuel Agustin Aguirre,SOLO_DANOS,Incendio,Inobservancia de senales,,,,,,,,,,,,
2021-11-22 22:43:26,-4.002437,-79.171005,Av. Manuel Agustin Aguirre,CON_LESIONADOS,Incendio,Exceso de velocidad,79,LESIONADO,MUJER,MOTOCICLETA,7,LESIONADO,NO_REGISTRA,OTRO,80,LESIONADO,HOMBRE,VEH_LIVIANO
2021-04-23 08:12:40,-4.017479,-79.190257,Calle Azogues,CON_FALLECIDOS,Accidente Laboral,Falla mecanica,29,FALLECIDO,HOMBRE,SCOOTER,56,FALLECIDO,MUJER,OTRO,27,LESIONADO,HOMBRE,MOTOCICLETA
2021-05-05 13:02:10,-3.985846,-79.187045,Ruta 35,CON_LESIONADOS,Caida,Fatiga del conductor,5,LESIONADO,NO_REGISTRA,MOTOCICLETA,8,LESIONADO,HOMBRE,VEH_LIVIANO,,,,
2021-06-30 23:40:42,-4.016400,-79.176062,Av. Rosa Hermosa,SOLO_DANOS,Volcamiento,Fatiga del conductor,,,,,,,,,,,,
2021-05-12 09:07:23,-4.011024,-79.218329,Calle Imbabura,SOLO_DANOS,Colision Multiple,Equipo de seguridad deficiente,,,,,,,,,,,,
2021-07-10 17:23:18,-3.997655,-79.181623,Calle Imbabura,CON_LESIONADOS,Atropellamiento,Estado de embriaguez,68,LESIONADO,HOMBRE,CICLISTA,54,LESIONADO,NO_REGISTRA,VEH_LIVIANO,68,LESIONADO,MUJER,MOTOCICLETA
2021-09-27 02:07:55,-4.036898,-79.202186,Av. Universitaria,SOLO_DANOS,Atropellamiento,Equipo de seguridad deficiente,75,LESIONADO,HOMBRE,PEATON,,,,,,,,
2021-03-09 06:04:08,-4.014320,-79.192704,Calle Sucre,CON_FALLECIDOS,Volcamiento,Via resbaladiza o mojada,33,FALLECIDO,NO_REGISTRA,PEATON,17,LESIONADO,MUJER,VEH_LIVIANO,,,,
2021-06-25 23:30:08,-4.032891,-79.187437,Av. Metropolitana,CON_FALLECIDOS,Colision Multiple,Factores externos,46,FALLECIDO,MUJER,SCOOTER,20,FALLECIDO,HOMBRE,MOTOCICLETA,52,LESIONADO,HOMBRE,CICLISTA
2021-05-06 18:31:53,-4.005004,-79.211647,Calle 18 de Noviembre,SOLO_DANOS,Choque Vehicular,Mal estado de la via,,,,,,,,,,,,
2021-11-25 18:50:28,-4.023902,-79.219357,Calle Saraguro,CON_LESIONADOS,Atropellamiento,Inobservancia de senales,28,LESIONADO,HOMBRE,OTRO,34,LESIONADO,MUJER,MOTOCICLETA,71,LESIONADO,MUJER,VEH_LIVIANO
2021-10-06 16:32:38,-3.994737,-79.196389,Calle Mercadillo,CON_LESIONADOS,Volcamiento,Distraccion (celular/radio),10,LESIONADO,MUJER,MOTOCICLETA,,,,,,,,
2021-07-17 23:22:32,-4.035380,-79.177490,Av. Manuel Agustin Aguirre,CON_FALLECIDOS,Colision Multiple,Fatiga del conductor,63,FALLECIDO,NO_REGISTRA,MOTOCICLETA,27,FALLECIDO,HOMBRE,CICLISTA,51,LESIONADO,NO_REGISTRA,CICLISTA
2021-05-23 05:23:12,-4.030861,-79.183781,Av. Universitaria,CON_LESIONADOS,Volcamiento,Estado de embriaguez,54,LESIONADO,HOMBRE,MOTOCICLETA,45,LESIONADO,HOMBRE,CICLISTA,62,LESIONADO,HOMBRE,VEH_LIVIANO
2021-12-15 03:32:16,-3.983995,-79.226871,Av. Rosa Hermosa,CON_FALLECIDOS,Colision Multiple,Factores externos,65,FALLECIDO,MUJER,OTRO,62,LESIONADO,NO_REGISTRA,VEH_LIVIANO,,,,
2021-08-27 20:27:13,-3.999961,-79.221445,Calle Imbabura,CON_LESIONADOS,Volcamiento,Fatiga del conductor,60,LESIONADO,NO_REGISTRA,VEH_LIVIANO,66,LESIONADO,NO_REGISTRA,PEATON,65,LESIONADO,MUJER,PEATON
2021-06-19 18:28:31,-4.030149,-79.219415,Calle Azogues,CON_FALLECIDOS,Caida,Factores externos,35,FALLECIDO,HOMBRE,VEH_LIVIANO,24,FALLECIDO,HOMBRE,PEATON,9,LESIONADO,HOMBRE,CICLISTA
2021-07-10 09:18:14,-3.995841,-79.213468,Calle Colon,SOLO_DANOS,Colision Multiple,Fatiga del conductor,,,,,,,,,,,,
2021-07-23 14:39:29,-4.000786,-79.219755,Calle Saraguro,SOLO_DANOS,Accidente Laboral,Mal estado de la via,,,,,,,,,,,,
2021-08-28 22:33:58,-4.010628,-79.186863,Av. Isidro Ayora,SOLO_DANOS,Incendio,Exceso de velocidad,,,,,,,,,,,,
2021-02-19 12:13:14,-4.014599,-79.188466,Via Loja - Zamora,CON_LESIONADOS,Colision Multiple,Falla mecanica,56,LESIONADO,NO_REGISTRA,CICLISTA,,,,,,,,
2021-10-26 05:51:10,-4.024092,-79.175536,Calle Colon,SOLO_DANOS,Accidente Laboral,Estado de embriaguez,45,LESIONADO,MUJER,MOTOCICLETA,,,,,,,,
2021-10-09 19:24:54,-4.005348,-79.221835,Via Loja - Zamora,SOLO_DANOS,Colision Multiple,Inobservancia de senales,,,,,,,,,,,,
2021-09-20 05:26:19,-3.985759,-79.198031,Av. Orillas del Zamora,CON_LESIONADOS,Colision Multiple,Inobservancia de senales,9,LESIONADO,MUJER,MOTOCICLETA,,,,,,,,
2021-03-14 20:53:19,-4.009936,-79.215091,Calle Mercadillo,SOLO_DANOS,Atropellamiento,Imprudencia del conductor,,,,,,,,,,,,
2021-09-03 06:19:40,-4.020979,-79.217399,Av. 8 de Diciembre,SOLO_DANOS,Atropellamiento,Falla mecanica,,,,,,,,,,,,
2021-10-27 03:39:25,-4.003576,-79.176594,Av. Metropolitana,CON_FALLECIDOS,Accidente Laboral,Visibilidad reducida,55,FALLECIDO,HOMBRE,VEH_LIVIANO,39,FALLECIDO,HOMBRE,CICLISTA,21,LESIONADO,NO_REGISTRA,OTRO
2021-10-23 03:24:12,-4.029788,-79.194356,Calle 10 de Agosto,SOLO_DANOS,Choque Vehicular,Exceso de velocidad,,,,,,,,,,,,
2021-04-17 18:43:41,-4.031176,-79.179832,Ruta 35,CON_LESIONADOS,Accidente Laboral,Fatiga del conductor,55,LESIONADO,NO_REGISTRA,MOTOCICLETA,,,,,,,,
2021-01-21 16:27:20,-3.991460,-79.191322,Calle Bolivar,CON_LESIONADOS,Caida,Distraccion (celular/radio),28,LESIONADO,HOMBRE,SCOOTER,,,,,,,,
2021-06-30 19:07:04,-3.981189,-79.228923,Av. Orillas del Zamora,SOLO_DANOS,Caida,Fatiga del conductor,51,LESIONADO,NO_REGISTRA,CICLISTA,,,,,,,,
2021-02-15 22:08:33,-3.996150,-79.229241,Calle Mercadillo,CON_FALLECIDOS,Accidente Laboral,Fatiga del conductor,85,FALLECIDO,HOMBRE,VEH_LIVIANO,,,,,,,,
2021-01-27 06:40:02,-3.992681,-79.223935,Via Loja - Catamayo,SOLO_DANOS,Accidente Laboral,Estado de embriaguez,,,,,,,,,,,,
2021-07-15 06:50:18,-3.993748,-79.201108,Ruta 35,CON_FALLECIDOS,Atropellamiento,Mal estado de la via,49,FALLECIDO,MUJER,OTRO,38,FALLECIDO,MUJER,OTRO,,,,
2021-09-06 01:01:17,-4.012271,-79.207331,Calle Miguel Riofrio,SOLO_DANOS,Volcamiento,Factores externos,,,,,,,,,,,,
2021-10-26 08:26:07,-4.030336,-79.230016,Calle Saraguro,CON_LESIONADOS,Choque Vehicular,Visibilidad reducida,66,LESIONADO,HOMBRE,SCOOTER,28,LESIONADO,MUJER,OTRO,,,,
2021-07-16 10:57:06,-3.983426,-79.180995,Av. Universitaria,SOLO_DANOS,Accidente Laboral,Exceso de velocidad,,,,,,,,,,,,
2021-05-10 02:17:53,-4.007570,-79.226815,Calle Sucre,SOLO_DANOS,Caida,Exceso de velocidad,,,,,,,,,,,,
2021-10-29 23:26:48,-4.011012,-79.226276,Calle Rocafuerte,CON_FALLECIDOS,Atropellamiento,Visibilidad reducida,32,FALLECIDO,HOMBRE,OTRO,56,FALLECIDO,HOMBRE,MOTOCICLETA,,,,
2021-03-07 06:36:11,-3.991505,-79.189054,Calle Saraguro,CON_LESIONADOS,Accidente Laboral,Estado de embriaguez,28,LESIONADO,NO_REGISTRA,CICLISTA,53,LESIONADO,NO_REGISTRA,CICLISTA,5,LESIONADO,NO_REGISTRA,CICLISTA
2021-10-04 14:16:11,-3.998374,-79.180806,Av. Pio Jaramillo,SOLO_DANOS,Caida,Imprudencia del conductor,,,,,,,,,,,,
2021-03-22 10:55:04,-3.977823,-79.203350,Av. Isidro Ayora,CON_FALLECIDOS,Atropellamiento,Estado de embriaguez,34,FALLECIDO,NO_REGISTRA,OTRO,38,LESIONADO,NO_REGISTRA,OTRO,11,LESIONADO,MUJER,SCOOTER
2021-07-24 05:55:03,-3.981671,-79.171816,Calle 10 de Agosto,SOLO_DANOS,Volcamiento,Inobservancia de senales,,,,,,,,,,,,
2021-12-10 13:43:41,-4.025937,-79.222143,Av. Reinaldo Espinosa,CON_FALLECIDOS,Incendio,Factores externos,19,FALLECIDO,NO_REGISTRA,CICLISTA,20,FALLECIDO,HOMBRE,VEH_LIVIANO,66,LESIONADO,HOMBRE,PEATON
2021-02-28 08:36:12,-3.995717,-79.185181,Calle Imbabura,CON_LESIONADOS,Atropellamiento,Falla mecanica,44,LESIONADO,NO_REGISTRA,PEATON,33,LESIONADO,MUJER,VEH_LIVIANO,,,,
2021-02-28 18:53:20,-4.006693,-79.171018,Calle Colon,CON_LESIONADOS,Accidente Laboral,Mal estado de la via,20,LESIONADO,MUJER,VEH_LIVIANO,,,,,,,,
2021-06-17 19:02:55,-4.010046,-79.178914,Ruta 35,CON_FALLECIDOS,Accidente Laboral,Mal estado de la via,72,FALLECIDO,NO_REGISTRA,MOTOCICLETA,37,FALLECIDO,HOMBRE,PEATON,,,,
2021-12-29 08:40:30,-3.982814,-79.199558,Av. Cuxibamba,CON_FALLECIDOS,Choque Vehicular,Mal estado de la via,70,FALLECIDO,HOMBRE,OTRO,68,FALLECIDO,MUJER,SCOOTER,,,,
2021-04-16 20:16:36,-4.002134,-79.200998,Calle Ramon Borrero,SOLO_DANOS,Volcamiento,Exceso de velocidad,,,,,,,,,,,,
2021-12-27 06:47:20,-3.995188,-79.220854,Calle Mercadillo,CON_LESIONADOS,Accidente Laboral,Factores externos,24,LESIONADO,NO_REGISTRA,VEH_LIVIANO,47,LESIONADO,HOMBRE,MOTOCICLETA,,,,
2021-05-12 16:30:42,-4.032088,-79.206047,Av. Gran Colombia,CON_LESIONADOS,Accidente Laboral,Fatiga del conductor,70,LESIONADO,MUJER,MOTOCICLETA,44,LESIONADO,NO_REGISTRA,OTRO,,,,
2021-09-16 00:33:54,-4.011497,-79.225664,Via Loja - Catamayo,CON_FALLECIDOS,Accidente Laboral,Exceso de velocidad,27,FALLECIDO,NO_REGISTRA,PEATON,67,LESIONADO,MUJER,MOTOCICLETA,12,LESIONADO,MUJER,OTRO
2021-04-27 17:04:15,-3.986692,-79.215469,Calle Azogues,CON_LESIONADOS,Volcamiento,Via resbaladiza o mojada,39,LESIONADO,MUJER,OTRO,19,LESIONADO,MUJER,VEH_LIVIANO,73,LESIONADO,HOMBRE,MOTOCICLETA
2021-05-17 16:45:21,-3.985395,-79.193921,Av. Reinaldo Espinosa,CON_LESIONADOS,Choque Vehicular,Falla mecanica,72,LESIONADO,HOMBRE,SCOOTER,,,,,,,,
2021-10-03 17:30:13,-4.034522,-79.213416,Calle Saraguro,CON_LESIONADOS,Caida,Equipo de seguridad deficiente,20,LESIONADO,NO_REGISTRA,CICLISTA,56,LESIONADO,HOMBRE,VEH_LIVIANO,,,,
2021-03-31 22:57:50,-4.024235,-79.200857,Av. Orillas del Zamora,CON_FALLECIDOS,Caida,Visibilidad reducida,70,FALLECIDO,MUJER,PEATON,43,FALLECIDO,NO_REGISTRA,MOTOCICLETA,57,LESIONADO,MUJER,CICLISTA
2021-03-21 07:48:56,-3.994002,-79.220220,Calle Montufar,SOLO_DANOS,Accidente Laboral,Imprudencia del conductor,,,,,,,,,,,,
2021-11-05 23:36:06,-4.027897,-79.218280,Via Loja - Catamayo,CON_FALLECIDOS,Volcamiento,Falla mecanica,37,FALLECIDO,MUJER,CICLISTA,,,,,,,,
2021-05-03 15:48:51,-4.007843,-79.181354,Av. 8 de Diciembre,CON_LESIONADOS,Incendio,Exceso de velocidad,53,LESIONADO,HOMBRE,MOTOCICLETA,,,,,,,,
2021-07-22 14:51:25,-3.994081,-79.215867,Av. Metropolitana,CON_FALLECIDOS,Incendio,Exceso de velocidad,37,FALLECIDO,NO_REGISTRA,PEATON,41,LESIONADO,HOMBRE,CICLISTA,,,,
2021-01-17 08:27:37,-3.982223,-79.230235,Av. Metropolitana,SOLO_DANOS,Volcamiento,Estado de embriaguez,,,,,,,,,,,,
2021-02-24 23:44:50,-4.023981,-79.181597,Calle Quito,CON_LESIONADOS,Atropellamiento,Factores externos,17,LESIONADO,HOMBRE,PEATON,,,,,,,,
2021-09-12 00:15:13,-4.024675,-79.210002,Calle Saraguro,SOLO_DANOS,Colision Multiple,Via resbaladiza o mojada,,,,,,,,,,,,
2021-04-28 22:21:03,-3.991220,-79.202375,Via Loja - Zamora,CON_FALLECIDOS,Incendio,Distraccion (celular/radio),78,FALLECIDO,NO_REGISTRA,CICLISTA,32,LESIONADO,NO_REGISTRA,CICLISTA,,,,
2021-03-10 09:28:43,-4.017382,-79.179604,Av. Isidro Ayora,CON_FALLECIDOS,Volcamiento,Equipo de seguridad deficiente,19,FALLECIDO,NO_REGISTRA,CICLISTA,58,LESIONADO,NO_REGISTRA,PEATON,76,LESIONADO,MUJER,CICLISTA
2021-08-05 20:58:55,-4.030542,-79.205759,Calle Saraguro,SOLO_DANOS,Volcamiento,Factores externos,32,LESIONADO,HOMBRE,MOTOCICLETA,,,,,,,,
2021-04-04 01:26:15,-3.994016,-79.181154,Calle Mercadillo,CON_LESIONADOS,Incendio,Via resbaladiza o mojada,64,LESIONADO,MUJER,OTRO,12,LESIONADO,HOMBRE,MOTOCICLETA,13,LESIONADO,HOMBRE,MOTOCICLETA
2021-12-10 20:35:50,-3.987263,-79.208393,Calle Rocafuerte,CON_FALLECIDOS,Choque Vehicular,Falla mecanica,46,FALLECIDO,NO_REGISTRA,MOTOCICLETA,21,LESIONADO,NO_REGISTRA,MOTOCICLETA,49,LESIONADO,NO_REGISTRA,PEATON
2021-03-20 18:41:44,-4.016406,-79.182927,Calle Mercadillo,CON_FALLECIDOS,Caida,Equipo de seguridad deficiente,36,FALLECIDO,NO_REGISTRA,MOTOCICLETA,,,,,,,,
2021-06-25 16:41:42,-3.995248,-79.229859,Av. Manuel Agustin Aguirre,CON_LESIONADOS,Volcamiento,Exceso de velocidad,57,LESIONADO,MUJER,PEATON,,,,,,,,
2021-06-16 01:32:53,-3.980296,-79.186502,Calle 18 de Noviembre,SOLO_DANOS,Incendio,Falla mecanica,,,,,,,,,,,,
2021-09-23 09:03:19,-3.999430,-79.207474,Via Loja - Catamayo,CON_LESIONADOS,Accidente Laboral,Falla mecanica,12,LESIONADO,NO_REGISTRA,VEH_LIVIANO,,,,,,,,
2021-04-24 02:33:25,-4.023189,-79.225100,Av. Cuxibamba,CON_FALLECIDOS,Caida,Estado de embriaguez,29,FALLECIDO,MUJER,PEATON,79,FALLECIDO,HOMBRE,CICLISTA,,,,
2021-04-27 22:00:29,-4.013634,-79.198805,Calle Imbabura,CON_FALLECIDOS,Colision Multiple,Inobservancia de senales,52,FALLECIDO,MUJER,MOTOCICLETA,37,FALLECIDO,HOMBRE,OTRO,13,LESIONADO,MUJER,SCOOTER
2021-03-14 12:31:57,-4.024267,-79.200385,Calle 10 de Agosto,SOLO_DANOS,Incendio,Inobservancia de senales,,,,,,,,,,,,
2021-11-29 07:38:48,-3.985221,-79.210051,Calle Rocafuerte,CON_LESIONADOS,Caida,Visibilidad reducida,60,LESIONADO,MUJER,OTRO,74,LESIONADO,NO_REGISTRA,SCOOTER,59,LESIONADO,HOMBRE,PEATON
2021-04-10 05:53:17,-4.005831,-79.183122,Av. Reinaldo Espinosa,CON_LESIONADOS,Atropellamiento,Fatiga del conductor,26,LESIONADO,NO_REGISTRA,PEATON,20,LESIONADO,MUJER,OTRO,,,,
2021-12-28 14:39:01,-4.030627,-79.201558,Calle Azogues,CON_FALLECIDOS,Volcamiento,Imprudencia del conductor,63,FALLECIDO,MUJER,PEATON,55,LESIONADO,MUJER,CICLISTA,,,,
2021-12-25 04:24:24,-4.030684,-79.189141,Av. Universitaria,CON_LESIONADOS,Incendio,Mal estado de la via,38,LESIONADO,HOMBRE,OTRO,,,,,,,,
2021-05-31 05:47:50,-3.998039,-79.199579,Av. Reinaldo Espinosa,CON_FALLECIDOS,Volcamiento,Distraccion (celular/radio),20,FALLECIDO,HOMBRE,SCOOTER,25,LESIONADO,NO_REGISTRA,CICLISTA,,,,
2021-05-24 11:28:21,-4.003549,-79.218561,Av. Reinaldo Espinosa,CON_FALLECIDOS,Atropellamiento,Fatiga del conductor,30,FALLECIDO,NO_REGISTRA,SCOOTER,33,FALLECIDO,NO_REGISTRA,CICLISTA,77,LESIONADO,MUJER,MOTOCICLETA
2021-10-23 15:32:17,-4.028828,-79.227536,Calle Azogues,CON_FALLECIDOS,Volcamiento,Mal estado de la via,67,FALLECIDO,MUJER,OTRO,75,LESIONADO,NO_REGISTRA,PEATON,,,,
2021-05-14 03:42:19,-3.986085,-79.179825,Calle Azogues,CON_FALLECIDOS,Volcamiento,Estado de embriaguez,75,FALLECIDO,HOMBRE,SCOOTER,77,FALLECIDO,HOMBRE,VEH_LIVIANO,67,LESIONADO,NO_REGISTRA,PEATON
2021-07-11 22:37:04,-3.990444,-79.184239,Calle Imbabura,SOLO_DANOS,Volcamiento,Exceso de velocidad,,,,,,,,,,,,
2021-07-18 18:36:03,-4.036354,-79.205839,Calle Bolivar,CON_LESIONADOS,Colision Multiple,Exceso de velocidad,71,LESIONADO,MUJER,OTRO,,,,,,,,
2021-10-22 18:13:47,-3.995228,-79.196254,Av. Universitaria,CON_LESIONADOS,Atropellamiento,Factores externos,32,LESIONADO,MUJER,OTRO,,,,,,,,
2021-04-11 00:39:31,-4.008073,-79.173327,Calle Ramon Borrero,CON_LESIONADOS,Atropellamiento,Equipo de seguridad deficiente,58,LESIONADO,NO_REGISTRA,PEATON,51,LESIONADO,MUJER,OTRO,31,LESIONADO,MUJER,VEH_LIVIANO
2021-07-21 13:47:19,-4.006090,-79.222697,Av. Cuxibamba,SOLO_DANOS,Choque Vehicular,Mal estado de la via,,,,,,,,,,,,
2021-05-30 14:09:16,-4.020271,-79.206460,Via Loja - Catamayo,CON_LESIONADOS,Colision Multiple,Equipo de seguridad deficiente,6,LESIONADO,HOMBRE,OTRO,,,,,,,,
2021-09-02 17:37:23,-3.989274,-79.177005,Av. Universitaria,CON_LESIONADOS,Choque Vehicular,Via resbaladiza o mojada,32,LESIONADO,NO_REGISTRA,SCOOTER,34,LESIONADO,HOMBRE,VEH_LIVIANO,15,LESIONADO,MUJER,MOTOCICLETA
2021-03-04 10:24:17,-4.015741,-79.200407,Calle Imbabura,CON_FALLECIDOS,Atropellamiento,Falla mecanica,21,FALLECIDO,HOMBRE,OTRO,41,FALLECIDO,MUJER,PEATON,9,LESIONADO,MUJER,VEH_LIVIANO
2021-08-31 01:45:26,-4.013315,-79.181659,Av. 8 de Diciembre,SOLO_DANOS,Atropellamiento,Via resbaladiza o mojada,,,,,,,,,,,,
2021-12-22 23:14:40,-3.982570,-79.219804,Calle Montufar,SOLO_DANOS,Incendio,Mal estado de la via,,,,,,,,,,,,
2021-04-01 05:23:39,-4.018038,-79.204900,Av. Manuel Agustin Aguirre,SOLO_DANOS,Choque Vehicular,Falla mecanica,,,,,,,,,,,,
2021-06-10 18:52:17,-4.020309,-79.211996,Av. Cuxibamba,CON_LESIONADOS,Caida,Visibilidad reducida,36,LESIONADO,MUJER,SCOOTER,77,LESIONADO,MUJER,MOTOCICLETA,58,LESIONADO,MUJER,PEATON
2021-10-12 08:22:41,-4.017512,-79.181026,Calle Bolivar,CON_FALLECIDOS,Colision Multiple,Factores externos,25,FALLECIDO,HOMBRE,MOTOCICLETA,5,LESIONADO,MUJER,SCOOTER,43,LESIONADO,HOMBRE,VEH_LIVIANO
2021-03-06 06:48:25,-3.996852,-79.226857,Calle Mercadillo,SOLO_DANOS,Volcamiento,Inobservancia de senales,,,,,,,,,,,,
2021-03-13 01:49:58,-4.002497,-79.183036,Av. 8 de Diciembre,SOLO_DANOS,Atropellamiento,Visibilidad reducida,,,,,,,,,,,,
2021-07-24 11:21:09,-3.992141,-79.204967,Av. Rosa Hermosa,CON_LESIONADOS,Atropellamiento,Exceso de velocidad,12,LESIONADO,HOMBRE,MOTOCICLETA,39,LESIONADO,HOMBRE,VEH_LIVIANO,24,LESIONADO,MUJER,OTRO
2021-12-24 04:36:16,-4.026312,-79.203204,Av. Universitaria,CON_LESIONADOS,Volcamiento,Visibilidad reducida,73,LESIONADO,NO_REGISTRA,PEATON,74,LESIONADO,NO_REGISTRA,MOTOCICLETA,63,LESIONADO,HOMBRE,CICLISTA
2021-05-21 22:11:40,-3.981823,-79.188633,Av. Reinaldo Espinosa,CON_LESIONADOS,Atropellamiento,Distraccion (celular/radio),69,LESIONADO,MUJER,PEATON,77,LESIONADO,NO_REGISTRA,MOTOCICLETA,,,,
2021-08-17 06:29:38,-4.011066,-79.219511,Calle Bolivar,SOLO_DANOS,Volcamiento,Visibilidad reducida,,,,,,,,,,,,
2021-02-07 02:08:29,-3.999151,-79.205315,Ruta 35,SOLO_DANOS,Incendio,Estado de embriaguez,,,,,,,,,,,,
2021-10-20 02:36:10,-3.977915,-79.208828,Av. Cuxibamba,SOLO_DANOS,Colision Multiple,Imprudencia del conductor,,,,,,,,,,,,
2021-08-12 10:29:19,-4.006776,-79.197938,Av. Rosa Hermosa,CON_FALLECIDOS,Colision Multiple,Distraccion (celular/radio),80,FALLECIDO,HOMBRE,PEATON,55,FALLECIDO,NO_REGISTRA,CICLISTA,61,LESIONADO,HOMBRE,MOTOCICLETA
2021-05-30 18:30:08,-3.977928,-79.179606,Calle Quito,CON_LESIONADOS,Caida,Distraccion (celular/radio),7,LESIONADO,HOMBRE,SCOOTER,76,LESIONADO,NO_REGISTRA,CICLISTA,54,LESIONADO,MUJER,MOTOCICLETA
2021-03-06 15:10:53,-4.027658,-79.199206,Av. Isidro Ayora,CON_FALLECIDOS,Accidente Laboral,Exceso de velocidad,68,FALLECIDO,NO_REGISTRA,PEATON,22,FALLECIDO,NO_REGISTRA,PEATON,5,LESIONADO,MUJER,VEH_LIVIANO
2021-02-28 09:24:43,-4.020488,-79.213598,Via Loja - Catamayo,SOLO_DANOS,Choque Vehicular,Visibilidad reducida,,,,,,,,,,,,
2021-12-01 03:01:03,-4.018064,-79.182507,Calle 18 de Noviembre,CON_FALLECIDOS,Colision Multiple,Distraccion (celular/radio),63,FALLECIDO,MUJER,MOTOCICLETA,72,LESIONADO,MUJER,PEATON,76,LESIONADO,HOMBRE,PEATON
2021-04-29 14:16:36,-4.003135,-79.226301,Calle Montufar,SOLO_DANOS,Choque Vehicular,Falla mecanica,,,,,,,,,,,,
2021-09-14 12:45:42,-4.024718,-79.179000,Calle Bolivar,SOLO_DANOS,Accidente Laboral,Equipo de seguridad deficiente,,,,,,,,,,,,
2021-09-30 18:43:25,-4.028196,-79.219491,Calle Rocafuerte,CON_LESIONADOS,Atropellamiento,Exceso de velocidad,44,LESIONADO,HOMBRE,CICLISTA,30,LESIONADO,NO_REGISTRA,MOTOCICLETA,,,,
2021-08-30 17:09:50,-4.031079,-79.220539,Av. Rosa Hermosa,CON_FALLECIDOS,Caida,Factores externos,20,FALLECIDO,MUJER,VEH_LIVIANO,25,FALLECIDO,MUJER,CICLISTA,,,,
2021-02-17 03:29:32,-4.025981,-79.218594,Calle Miguel Riofrio,CON_LESIONADOS,Caida,Inobservancia de senales,21,LESIONADO,MUJER,VEH_LIVIANO,,,,,,,,
2021-08-13 03:31:40,-3.988410,-79.204225,Calle Quito,CON_LESIONADOS,Colision Multiple,Exceso de velocidad,40,LESIONADO,NO_REGISTRA,VEH_LIVIANO,,,,,,,,
2021-10-21 00:46:06,-4.004152,-79.193831,Av. Manuel Agustin Aguirre,CON_FALLECIDOS,Atropellamiento,Estado de embriaguez,28,FALLECIDO,HOMBRE,CICLISTA,37,LESIONADO,NO_REGISTRA,CICLISTA,,,,
2021-08-08 08:45:58,-4.017475,-79.208415,Av. Isidro Ayora,SOLO_DANOS,Volcamiento,Factores externos,,,,,,,,,,,,
2021-01-27 03:19:53,-4.029010,-79.205277,Via Loja - Zamora,CON_LESIONADOS,Colision Multiple,Inobservancia de senales,18,LESIONADO,MUJER,CICLISTA,48,LESIONADO,NO_REGISTRA,OTRO,10,LESIONADO,NO_REGISTRA,OTRO
2021-02-24 11:12:36,-4.000435,-79.208160,Av. Universitaria,CON_FALLECIDOS,Caida,Fatiga del conductor,58,FALLECIDO,HOMBRE,VEH_LIVIANO,39,FALLECIDO,MUJER,MOTOCICLETA,,,,
2021-08-04 18:53:44,-3.982794,-79.191882,Av. Isidro Ayora,CON_LESIONADOS,Choque Vehicular,Equipo de seguridad deficiente,14,LESIONADO,NO_REGISTRA,PEATON,54,LESIONADO,NO_REGISTRA,SCOOTER,,,,
2021-06-14 22:01:39,-3.992129,-79.227505,Calle Mercadillo,CON_LESIONADOS,Choque Vehicular,Inobservancia de senales,78,LESIONADO,NO_REGISTRA,MOTOCICLETA,53,LESIONADO,NO_REGISTRA,VEH_LIVIANO,59,LESIONADO,NO_REGISTRA,SCOOTER
2021-03-28 22:47:01,-4.009508,-79.212107,Calle Quito,CON_FALLECIDOS,Colision Multiple,Equipo de seguridad deficiente,75,FALLECIDO,NO_REGISTRA,MOTOCICLETA,60,FALLECIDO,NO_REGISTRA,CICLISTA,,,,
2021-03-22 00:09:38,-4.004130,-79.203004,Av. Metropolitana,CON_LESIONADOS,Volcamiento,Imprudencia del conductor,64,LESIONADO,NO_REGISTRA,PEATON,69,LESIONADO,MUJER,PEATON,44,LESIONADO,MUJER,CICLISTA