fecha_hora,latitud,longitud,via,grado_severidad,tipo_siniestro,causa_probable,victima1_edad,victima1_condicion,victima1_sexo,victima1_actor_vial,victima2_edad,victima2_condicion,victima2_sexo,victima2_actor_vial,victima3_edad,victima3_condicion,victima3_sexo,victima3_actor_vial
2021-10-17 08:23:53,-4.031614,-79.185501,Calle Saraguro,CON_LESIONADOS,Choque Vehicular,Factores externos,55,LESIONADO,MUJER,MOTOCICLETA,31,LESIONADO,NO_REGISTRA,SCOOTER,42,LESIONADO,HOMBRE,PEATON
2021-05-18 06:06:09,-3.985132,-79.208149,Calle Ramon Borrero,CON_LESIONADOS,Atropellamiento,Via resbaladiza o mojada,16,LESIONADO,MUJER,OTRO,16,LESIONADO,NO_REGISTRA,SCOOTER,29,LESIONADO,HOMBRE,VEH_LIVIANO
2021-10-09 10:30:37,-4.014934,-79.182914,Av. Manuel Agustin Aguirre,SOLO_DANOS,Choque Vehicular,Fatiga del conductor,,,,,,,,,,,,
2021-05-18 04:02:35,-3.989108,-79.191301,Calle Bolivar,CON_LESIONADOS,Atropellamiento,Equipo de seguridad deficiente,48,LESIONADO,HOMBRE,CICLISTA,12,LESIONADO,MUJER,CICLISTA,,,,
2021-12-03 15:31:56,-4.023617,-79.213090,Via Loja - Zamora,CON_LESIONADOS,Atropellamiento,Distraccion (celular/radio),46,LESIONADO,MUJER,MOTOCICLETA,61,LESIONADO,MUJER,SCOOTER,,,,
2021-08-15 12:35:35,-4.031831,-79.201096,Av. Universitaria,CON_LESIONADOS,Accidente Laboral,Factores externos,37,LESIONADO,NO_REGISTRA,MOTOCICLETA,62,LESIONADO,MUJER,CICLISTA,11,LESIONADO,MUJER,PEATON
2021-08-01 17:43:43,-4.034316,-79.193589,Calle Sucre,CON_LESIONADOS,Choque Vehicular,Fatiga del conductor,16,LESIONADO,NO_REGISTRA,VEH_LIVIANO,,,,,,,,
2021-09-27 17:38:56,-3.991804,-79.192804,Av. Pio Jaramillo,SOLO_DANOS,Accidente Laboral,Fatiga del conductor,,,,,,,,,,,,
2021-11-11 21:27:28,-4.025533,-79.214380,Calle Miguel Riofrio,CON_FALLECIDOS,Atropellamiento,Estado de embriaguez,71,FALLECIDO,HOMBRE,MOTOCICLETA,52,FALLECIDO,MUJER,SCOOTER,20,LESIONADO,NO_REGISTRA,MOTOCICLETA
2021-04-09 23:44:56,-3.985143,-79.181835,Av. Orillas del Zamora,CON_FALLECIDOS,Choque Vehicular,Equipo de seguridad deficiente,70,FALLECIDO,MUJER,SCOOTER,22,FALLECIDO,MUJER,VEH_LIVIANO,,,,
2021-06-23 02:43:09,-3.993665,-79.214077,Av. Reinaldo Espinosa,CON_FALLECIDOS,Choque Vehicular,Visibilidad reducida,84,FALLECIDO,NO_REGISTRA,MOTOCICLETA,35,FALLECIDO,MUJER,SCOOTER,,,,
2021-01-03 20:41:20,-3.980020,-79.229309,Av. Manuel Agustin Aguirre,CON_FALLECIDOS,Volcamiento,Exceso de velocidad,55,FALLECIDO,NO_REGISTRA,MOTOCICLETA,82,FALLECIDO,HOMBRE,CICLISTA,58,LESIONADO,HOMBRE,SCOOTER
2021-08-05 01:01:41,-4.035338,-79.209923,Calle Bolivar,SOLO_DANOS,Volcamiento,Mal estado de la via,,,,,,,,,,,,
2021-11-21 05:11:39,-4.018029,-79.206392,Calle Saraguro,SOLO_DANOS,Accidente Laboral,Inobservancia de senales,,,,,,,,,,,,
2021-09-10 00:25:22,-3.985507,-79.190931,Calle 10 de Agosto,CON_LESIONADOS,Incendio,Fatiga del conductor,29,LESIONADO,HOMBRE,OTRO,59,LESIONADO,HOMBRE,OTRO,,,,
2021-06-05 19:12:01,-4.025312,-79.176098,Calle Colon,SOLO_DANOS,Incendio,Equipo de seguridad deficiente,,,,,,,,,,,,
2021-08-10 11:14:13,-3.991316,-79.224862,Av. Reinaldo Espinosa,CON_LESIONADOS,Incendio,Distraccion (celular/radio),6,LESIONADO,MUJER,MOTOCICLETA,54,LESIONADO,MUJER,MOTOCICLETA,,,,
2021-05-30 08:34:46,-4.011509,-79.175216,Calle Azogues,SOLO_DANOS,Volcamiento,Factores externos,23,LESIONADO,HOMBRE,CICLISTA,,,,,,,,
2021-07-06 03:57:36,-4.029788,-79.224414,Calle 10 de Agosto,CON_LESIONADOS,Choque Vehicular,Mal estado de la via,75,LESIONADO,NO_REGISTRA,OTRO,,,,,,,,
2021-07-11 13:19:15,-4.013562,-79.179888,Calle Quito,SOLO_DANOS,Caida,Equipo de seguridad deficiente,,,,,,,,,,,,
2021-01-09 03:00:33,-4.001577,-79.186894,Calle Azogues,CON_FALLECIDOS,Choque Vehicular,Factores externos,28,FALLECIDO,HOMBRE,SCOOTER,8,LESIONADO,MUJER,CICLISTA,,,,
2021-08-20 18:23:14,-3.984224,-79.183263,Calle Azogues,CON_FALLECIDOS,Choque Vehicular,Factores externos,76,FALLECIDO,HOMBRE,VEH_LIVIANO,30,FALLECIDO,MUJER,VEH_LIVIANO,,,,
2021-05-07 15:56:00,-4.019792,-79.197529,Av. Reinaldo Espinosa,CON_FALLECIDOS,Accidente Laboral,Fatiga del conductor,63,FALLECIDO,NO_REGISTRA,MOTOCICLETA,9,LESIONADO,HOMBRE,PEATON,,,,
2021-01-08 07:28:41,-4.036963,-79.188441,Via Loja - Zamora,SOLO_DANOS,Caida,Exceso de velocidad,67,LESIONADO,MUJER,SCOOTER,,,,,,,,
2021-10-10 01:11:56,-4.015452,-79.230094,Av. Rosa Hermosa,CON_LESIONADOS,Accidente Laboral,Imprudencia del conductor,6,LESIONADO,HOMBRE,VEH_LIVIANO,,,,,,,,
2021-08-17 09:21:04,-4.014494,-79.192745,Av. Isidro Ayora,SOLO_DANOS,Colision Multiple,Factores externos,,,,,,,,,,,,
2021-07-22 15:00:32,-4.029209,-79.221437,Via Loja - Zamora,CON_LESIONADOS,Colision Multiple,Via resbaladiza o mojada,43,LESIONADO,NO_REGISTRA,MOTOCICLETA,22,LESIONADO,HOMBRE,OTRO,18,LESIONADO,MUJER,OTRO
2021-06-13 19:15:21,-3.992770,-79.173450,Av. Pio Jaramillo,CON_LESIONADOS,Incendio,Distraccion (celular/radio),17,LESIONADO,MUJER,PEATON,39,LESIONADO,MUJER,SCOOTER,,,,
2021-09-07 19:50:00,-3.992350,-79.228890,Av. Reinaldo Espinosa,SOLO_DANOS,Choque Vehicular,Imprudencia del conductor,,,,,,,,,,,,
2021-06-18 21:47:13,-3.979551,-79.201517,Calle Sucre,SOLO_DANOS,Atropellamiento,Factores externos,,,,,,,,,,,,
2021-07-08 18:54:44,-4.013244,-79.227922,Calle Ramon Borrero,SOLO_DANOS,Choque Vehicular,Mal estado de la via,,,,,,,,,,,,
2021-06-29 05:41:06,-4.004372,-79.179866,Av. Metropolitana,SOLO_DANOS,Incendio,Equipo de seguridad deficiente,,,,,,,,,,,,
2021-05-10 08:17:26,-3.991796,-79.217838,Av. 8 de Diciembre,SOLO_DANOS,Colision Multiple,Factores externos,,,,,,,,,,,,
2021-11-18 10:18:11,-3.990608,-79.182578,Calle Rocafuerte,SOLO_DANOS,Incendio,Visibilidad reducida,,,,,,,,,,,,
2021-07-02 19:59:40,-3.980686,-79.213749,Calle Rocafuerte,CON_FALLECIDOS,Choque Vehicular,Factores externos,51,FALLECIDO,HOMBRE,MOTOCICLETA,76,LESIONADO,HOMBRE,PEATON,,,,
2021-02-24 21:34:13,-4.008861,-79.198934,Calle 18 de Noviembre,SOLO_DANOS,Incendio,Estado de embriaguez,,,,,,,,,,,,
2021-09-09 09:28:59,-4.031695,-79.177410,Calle Montufar,CON_FALLECIDOS,Volcamiento,Via resbaladiza o mojada,26,FALLECIDO,MUJER,OTRO,,,,,,,,
2021-05-08 21:57:18,-3.978788,-79.187655,Calle Bolivar,SOLO_DANOS,Choque Vehicular,Equipo de seguridad deficiente,,,,,,,,,,,,
2021-12-17 22:10:17,-4.004465,-79.182172,Calle 10 de Agosto,SOLO_DANOS,Caida,Imprudencia del conductor,,,,,,,,,,,,
2021-02-08 14:57:27,-3.998474,-79.218171,Calle Colon,CON_FALLECIDOS,Incendio,Fatiga del conductor,25,FALLECIDO,HOMBRE,OTRO,,,,,,,,
2021-07-08 14:00:52,-3.993551,-79.201600,Av. Universitaria,CON_LESIONADOS,Incendio,Equipo de seguridad deficiente,39,LESIONADO,MUJER,OTRO,71,LESIONADO,HOMBRE,VEH_LIVIANO,,,,
2021-11-02 00:53:47,-4.019590,-79.216669,Via Loja - Zamora,CON_LESIONADOS,Volcamiento,Distraccion (celular/radio),27,LESIONADO,NO_REGISTRA,OTRO,,,,,,,,
2021-04-30 05:15:02,-4.024649,-79.175145,Ruta 35,CON_LESIONADOS,Atropellamiento,Estado de embriaguez,34,LESIONADO,MUJER,VEH_LIVIANO,25,LESIONADO,NO_REGISTRA,PEATON,,,,
2021-01-27 00:54:33,-3.983671,-79.180848,Av. Manuel Agustin Aguirre,CON_LESIONADOS,Caida,Estado de embriaguez,30,LESIONADO,MUJER,VEH_LIVIANO,39,LESIONADO,HOMBRE,SCOOTER,7,LESIONADO,MUJER,MOTOCICLETA
2021-10-06 15:31:21,-4.029671,-79.178369,Calle Imbabura,SOLO_DANOS,Choque Vehicular,Estado de embriaguez,,,,,,,,,,,,
2021-04-05 10:41:50,-4.000435,-79.181084,Via Loja - Zamora,CON_FALLECIDOS,Atropellamiento,Via resbaladiza o mojada,73,FALLECIDO,MUJER,OTRO,72,FALLECIDO,MUJER,CICLISTA,,,,
2021-03-13 19:03:19,-4.032988,-79.226472,Av. Pio Jaramillo,SOLO_DANOS,Volcamiento,Factores externos,,,,,,,,,,,,
2021-11-01 17:37:42,-4.034631,-79.193166,Av. Orillas del Zamora,CON_FALLECIDOS,Caida,Exceso de velocidad,51,FALLECIDO,NO_REGISTRA,VEH_LIVIANO,55,LESIONADO,MUJER,SCOOTER,30,LESIONADO,HOMBRE,PEATON
2021-07-17 10:38:29,-4.026493,-79.217852,Av. Orillas del Zamora,CON_LESIONADOS,Accidente Laboral,Inobservancia de senales,26,LESIONADO,HOMBRE,VEH_LIVIANO,,,,,,,,
2021-05-28 03:31:42,-3.997230,-79.171908,Calle Sucre,SOLO_DANOS,Choque Vehicular,Exceso de velocidad,17,LESIONADO,MUJER,PEATON,,,,,,,,
2021-11-16 18:29:14,-4.018750,-79.192612,Via Loja - Zamora,SOLO_DANOS,Atropellamiento,Falla mecanica,,,,,,,,,,,,
2021-12-01 06:48:11,-4.032101,-79.176872,Av. Metropolitana,SOLO_DANOS,Choque Vehicular,Factores externos,,,,,,,,,,,,
2021-03-29 19:27:30,-3.985545,-79.195662,Via Loja - Catamayo,CON_FALLECIDOS,Incendio,Via resbaladiza o mojada,47,FALLECIDO,MUJER,CICLISTA,74,FALLECIDO,NO_REGISTRA,VEH_LIVIANO,22,LESIONADO,MUJER,SCOOTER
2021-11-05 15:35:21,-4.005227,-79.185100,Calle Ramon Borrero,CON_FALLECIDOS,Caida,Falla mecanica,62,FALLECIDO,MUJER,VEH_LIVIANO,62,LESIONADO,MUJER,OTRO,20,LESIONADO,MUJER,VEH_LIVIANO
2021-12-22 05:14:34,-4.025669,-79.172992,Calle Quito,CON_FALLECIDOS,Accidente Laboral,Imprudencia del conductor,62,FALLECIDO,MUJER,VEH_LIVIANO,44,FALLECIDO,HOMBRE,PEATON,44,LESIONADO,NO_REGISTRA,VEH_LIVIANO
2021-03-03 07:20:29,-4.007114,-79.193666,Av. Pio Jaramillo,CON_LESIONADOS,Atropellamiento,Equipo de seguridad deficiente,49,LESIONADO,NO_REGISTRA,SCOOTER,62,LESIONADO,MUJER,VEH_LIVIANO,,,,
2021-08-22 22:11:13,-4.017937,-79.200538,Calle 10 de Agosto,CON_LESIONADOS,Choque Vehicular,Imprudencia del conductor,12,LESIONADO,HOMBRE,PEATON,16,LESIONADO,NO_REGISTRA,PEATON,,,,
2021-11-30 03:40:00,-4.005444,-79.201791,Calle Azogues,CON_LESIONADOS,Volcamiento,Inobservancia de senales,43,LESIONADO,HOMBRE,SCOOTER,,,,,,,,
2021-12-04 02:54:02,-3.984716,-79.176520,Av. Pio Jaramillo,CON_LESIONADOS,Accidente Laboral,Equipo de seguridad deficiente,38,LESIONADO,HOMBRE,CICLISTA,46,LESIONADO,NO_REGISTRA,CICLISTA,45,LESIONADO,NO_REGISTRA,VEH_LIVIANO
2021-03-19 23:37:32,-4.032051,-79.177590,Av. Rosa Hermosa,CON_LESIONADOS,Volcamiento,Factores externos,77,LESIONADO,MUJER,OTRO,73,LESIONADO,HOMBRE,SCOOTER,,,,
2021-04-27 03:32:53,-4.005106,-79.192228,Calle Saraguro,CON_LESIONADOS,Atropellamiento,Visibilidad reducida,67,LESIONADO,MUJER,SCOOTER,27,LESIONADO,MUJER,PEATON,25,LESIONADO,NO_REGISTRA,VEH_LIVIANO
2021-08-10 10:17:26,-4.025648,-79.190069,Av. Reinaldo Espinosa,CON_FALLECIDOS,Incendio,Exceso de velocidad,46,FALLECIDO,HOMBRE,PEATON,55,LESIONADO,HOMBRE,MOTOCICLETA,,,,
2021-11-12 23:42:53,-4.003697,-79.218512,Av. Rosa Hermosa,SOLO_DANOS,Atropellamiento,Distraccion (celular/radio),,,,,,,,,,,,
2021-02-07 20:45:17,-3.983041,-79.216392,Calle Sucre,CON_LESIONADOS,Incendio,Exceso de velocidad,29,LESIONADO,MUJER,SCOOTER,69,LESIONADO,NO_REGISTRA,VEH_LIVIANO,,,,
2021-07-05 01:17:13,-4.002119,-79.190404,Av. Metropolitana,CON_LESIONADOS,Caida,Distraccion (celular/radio),40,LESIONADO,NO_REGISTRA,OTRO,32,LESIONADO,MUJER,CICLISTA,68,LESIONADO,NO_REGISTRA,CICLISTA
2021-07-02 09:21:58,-4.029764,-79.220635,Av. Cuxibamba,SOLO_DANOS,Volcamiento,Falla mecanica,,,,,,,,,,,,
2021-06-30 00:04:02,-3.987254,-79.222697,Calle 10 de Agosto,CON_LESIONADOS,Choque Vehicular,Exceso de velocidad,32,LESIONADO,NO_REGISTRA,OTRO,,,,,,,,
2021-12-16 18:04:45,-3.984391,-79.207083,Av. Gran Colombia,SOLO_DANOS,Volcamiento,Exceso de velocidad,,,,,,,,,,,,
2021-06-11 17:55:26,-3.984507,-79.215902,Av. Gran Colombia,SOLO_DANOS,Caida,Mal estado de la via,,,,,,,,,,,,
2021-05-12 17:05:22,-4.018323,-79.198198,Calle Sucre,SOLO_DANOS,Atropellamiento,Equipo de seguridad deficiente,,,,,,,,,,,,
2021-01-07 10:39:53,-4.023206,-79.198038,Av. Isidro Ayora,CON_LESIONADOS,Volcamiento,Inobservancia de senales,69,LESIONADO,HOMBRE,VEH_LIVIANO,80,LESIONADO,MUJER,OTRO,,,,
2021-06-27 05:58:31,-3.980433,-79.212791,Calle Bolivar,CON_FALLECIDOS,Choque Vehicular,Equipo de seguridad deficiente,80,FALLECIDO,NO_REGISTRA,CICLISTA,,,,,,,,
2021-09-19 15:54:38,-3.980832,-79.208540,Calle Mercadillo,CON_LESIONADOS,Volcamiento,Mal estado de la via,29,LESIONADO,HOMBRE,PEATON,33,LESIONADO,MUJER,MOTOCICLETA,,,,
2021-12-22 15:16:33,-3.990493,-79.213122,Via Loja - Catamayo,CON_LESIONADOS,Incendio,Factores externos,77,LESIONADO,MUJER,OTRO,36,LESIONADO,NO_REGISTRA,VEH_LIVIANO,6,LESIONADO,MUJER,SCOOTER
2021-06-02 23:14:02,-4.025642,-79.211116,Calle Sucre,CON_LESIONADOS,Incendio,Fatiga del conductor,60,LESIONADO,MUJER,VEH_LIVIANO,5,LESIONADO,NO_REGISTRA,SCOOTER,,,,
2021-05-07 10:29:08,-4.020986,-79.202200,Av. Pio Jaramillo,SOLO_DANOS,Atropellamiento,Factores externos,,,,,,,,,,,,
2021-09-27 06:26:07,-3.982286,-79.182715,Av. Metropolitana,CON_LESIONADOS,Incendio,Imprudencia del conductor,8,LESIONADO,HOMBRE,SCOOTER,74,LESIONADO,NO_REGISTRA,SCOOTER,34,LESIONADO,HOMBRE,VEH_LIVIANO
2021-08-22 01:06:45,-3.989410,-79.186535,Calle 10 de Agosto,CON_FALLECIDOS,Accidente Laboral,Via resbaladiza o mojada,49,FALLECIDO,MUJER,SCOOTER,54,LESIONADO,NO_REGISTRA,PEATON,,,,
2021-11-16 21:40:05,-3.985999,-79.182708,Calle Rocafuerte,CON_FALLECIDOS,Atropellamiento,Visibilidad reducida,59,FALLECIDO,HOMBRE,CICLISTA,29,FALLECIDO,HOMBRE,VEH_LIVIANO,,,,
2021-03-13 19:26:57,-4.003306,-79.216805,Av. Rosa Hermosa,CON_FALLECIDOS,Atropellamiento,Equipo de seguridad deficiente,18,FALLECIDO,NO_REGISTRA,PEATON,53,FALLECIDO,NO_REGISTRA,VEH_LIVIANO,19,LESIONADO,HOMBRE,VEH_LIVIANO
2021-09-17 21:06:20,-4.012852,-79.200927,Ruta 35,CON_FALLECIDOS,Colision Multiple,Estado de embriaguez,43,FALLECIDO,HOMBRE,MOTOCICLETA,85,FALLECIDO,MUJER,OTRO,46,LESIONADO,MUJER,PEATON
2021-10-14 22:08:14,-4.029043,-79.214121,Av. Manuel Agustin Aguirre,SOLO_DANOS,Caida,Inobservancia de senales,,,,,,,,,,,,
2021-07-04 05:51:47,-4.024051,-79.224315,Ruta 35,CON_FALLECIDOS,Choque Vehicular,Estado de embriaguez,28,FALLECIDO,HOMBRE,SCOOTER,,,,,,,,
2021-04-11 01:07:08,-4.035006,-79.171818,Calle Montufar,SOLO_DANOS,Atropellamiento,Factores externos,,,,,,,,,,,,
2021-12-24 22:10:26,-4.005653,-79.226273,Calle Mercadillo,CON_FALLECIDOS,Accidente Laboral,Visibilidad reducida,21,FALLECIDO,MUJER,PEATON,6,LESIONADO,NO_REGISTRA,VEH_LIVIANO,8,LESIONADO,NO_REGISTRA,OTRO
2021-08-14 14:09:45,-4.035674,-79.211508,Calle 18 de Noviembre,SOLO_DANOS,Accidente Laboral,Fatiga del conductor,,,,,,,,,,,,
2021-03-19 07:34:22,-3.979059,-79.220836,Av. Orillas del Zamora,CON_LESIONADOS,Accidente Laboral,Exceso de velocidad,29,LESIONADO,MUJER,CICLISTA,,,,,,,,
2021-12-01 23:16:32,-3.984402,-79.177744,Av. Reinaldo Espinosa,CON_FALLECIDOS,Choque Vehicular,Fatiga del conductor,41,FALLECIDO,NO_REGISTRA,SCOOTER,84,FALLECIDO,HOMBRE,SCOOTER,,,,
2021-03-12 19:58:49,-3.978733,-79.192134,Calle Mercadillo,SOLO_DANOS,Choque Vehicular,Equipo de seguridad deficiente,,,,,,,,,,,,
2021-05-01 12:16:43,-4.006390,-79.183990,Av. 8 de Diciembre,SOLO_DANOS,Incendio,Mal estado de la via,,,,,,,,,,,,
2021-02-05 18:33:22,-3.995258,-79.173749,Calle Ramon Borrero,SOLO_DANOS,Accidente Laboral,Via resbaladiza o mojada,,,,,,,,,,,,
2021-01-01 17:27:03,-4.005171,-79.194354,Ruta 35,CON_FALLECIDOS,Accidente Laboral,Estado de embriaguez,76,FALLECIDO,NO_REGISTRA,MOTOCICLETA,45,FALLECIDO,HOMBRE,CICLISTA,,,,
2021-03-20 11:32:26,-4.029116,-79.200695,Av. Pio Jaramillo,CON_FALLECIDOS,Caida,Equipo de seguridad deficiente,70,FALLECIDO,MUJER,SCOOTER,59,LESIONADO,MUJER,MOTOCICLETA,,,,
2021-07-18 17:32:01,-4.008488,-79.219611,Via Loja - Catamayo,CON_FALLECIDOS,Accidente Laboral,Factores externos,19,FALLECIDO,MUJER,MOTOCICLETA,67,FALLECIDO,MUJER,CICLISTA,51,LESIONADO,NO_REGISTRA,MOTOCICLETA
2021-12-24 00:25:38,-4.032342,-79.230131,Via Loja - Catamayo,CON_LESIONADOS,Atropellamiento,Exceso de velocidad,26,LESIONADO,HOMBRE,CICLISTA,,,,,,,,
2021-04-02 18:03:48,-4.018852,-79.225996,Av. Rosa Hermosa,CON_LESIONADOS,Colision Multiple,Inobservancia de senales,52,LESIONADO,NO_REGISTRA,SCOOTER,32,LESIONADO,HOMBRE,OTRO,,,,
2021-11-20 08:34:26,-4.005016,-79.185026,Calle Mercadillo,CON_LESIONADOS,Volcamiento,Via resbaladiza o mojada,58,LESIONADO,HOMBRE,SCOOTER,27,LESIONADO,HOMBRE,CICLISTA,,,,
2021-01-19 07:18:20,-4.008163,-79.230740,Calle Saraguro,SOLO_DANOS,Colision Multiple,Inobservancia de senales,,,,,,,,,,,,
2021-11-26 14:41:01,-4.019192,-79.191623,Calle Azogues,SOLO_DANOS,Volcamiento,Imprudencia del conductor,,,,,,,,,,,,
2021-07-10 17:22:08,-4.027289,-79.196161,Calle Saraguro,CON_LESIONADOS,Caida,Exceso de velocidad,45,LESIONADO,HOMBRE,MOTOCICLETA,66,LESIONADO,HOMBRE,VEH_LIVIANO,,,,
2021-11-26 07:47:09,-3.992491,-79.195034,Av. Orillas del Zamora,CON_FALLECIDOS,Incendio,Visibilidad reducida,45,FALLECIDO,MUJER,PEATON,61,LESIONADO,MUJER,OTRO,,,,
2021-08-22 20:46:49,-4.032125,-79.224122,Av. Gran Colombia,SOLO_DANOS,Incendio,Falla mecanica,29,LESIONADO,NO_REGISTRA,CICLISTA,,,,,,,,
2021-06-07 02:25:32,-4.012826,-79.180630,Av. 8 de Diciembre,CON_LESIONADOS,Incendio,Equipo de seguridad deficiente,79,LESIONADO,NO_REGISTRA,CICLISTA,66,LESIONADO,MUJER,PEATON,,,,
2021-01-28 10:48:20,-4.016018,-79.177778,Calle 18 de Noviembre,CON_FALLECIDOS,Caida,Equipo de seguridad deficiente,33,FALLECIDO,MUJER,OTRO,58,FALLECIDO,MUJER,VEH_LIVIANO,53,LESIONADO,NO_REGISTRA,CICLISTA
2021-05-26 22:01:34,-4.016406,-79.187048,Calle 10 de Agosto,CON_FALLECIDOS,Volcamiento,Factores externos,44,FALLECIDO,NO_REGISTRA,SCOOTER,,,,,,,,
2021-04-15 12:10:19,-4.002149,-79.224336,Av. 8 de Diciembre,CON_LESIONADOS,Atropellamiento,Exceso de velocidad,51,LESIONADO,HOMBRE,OTRO,57,LESIONADO,HOMBRE,CICLISTA,62,LESIONADO,NO_REGISTRA,PEATON
2021-07-24 00:59:53,-4.002293,-79.188517,Via Loja - Zamora,CON_LESIONADOS,Incendio,Visibilidad reducida,53,LESIONADO,MUJER,SCOOTER,61,LESIONADO,MUJER,PEATON,72,LESIONADO,NO_REGISTRA,CICLISTA
2021-08-11 08:43:55,-4.010573,-79.182796,Via Loja - Zamora,SOLO_DANOS,Incendio,Equipo de seguridad deficiente,,,,,,,,,,,,
2021-06-10 07:10:22,-3.989737,-79.203397,Av. 8 de Diciembre,CON_FALLECIDOS,Atropellamiento,Visibilidad reducida,84,FALLECIDO,NO_REGISTRA,CICLISTA,,,,,,,,
2021-07-09 00:57:50,-3.979539,-79.208978,Av. Rosa Hermosa,CON_FALLECIDOS,Colision Multiple,Exceso de velocidad,65,FALLECIDO,NO_REGISTRA,VEH_LIVIANO,59,FALLECIDO,MUJER,VEH_LIVIANO,55,LESIONADO,HOMBRE,SCOOTER
2021-04-18 20:51:32,-4.020257,-79.220855,Via Loja - Catamayo,CON_LESIONADOS,Accidente Laboral,Mal estado de la via,71,LESIONADO,HOMBRE,PEATON,28,LESIONADO,HOMBRE,MOTOCICLETA,,,,
2021-04-15 12:45:55,-4.010979,-79.203976,Via Loja - Catamayo,CON_LESIONADOS,Caida,Factores externos,30,LESIONADO,NO_REGISTRA,SCOOTER,,,,,,,,
2021-10-26 06:37:00,-3.985640,-79.209515,Av. Isidro Ayora,CON_LESIONADOS,Caida,Fatiga del conductor,23,LESIONADO,NO_REGISTRA,VEH_LIVIANO,49,LESIONADO,HOMBRE,CICLISTA,53,LESIONADO,MUJER,CICLISTA
2021-10-02 11:34:02,-4.027718,-79.226407,Av. Pio Jaramillo,CON_LESIONADOS,Choque Vehicular,Via resbaladiza o mojada,25,LESIONADO,HOMBRE,CICLISTA,,,,,,,,
2021-01-04 07:21:01,-3.990275,-79.225441,Av. Manuel Agustin Aguirre,CON_LESIONADOS,Volcamiento,Via resbaladiza o mojada,56,LESIONADO,NO_REGISTRA,SCOOTER,62,LESIONADO,HOMBRE,MOTOCICLETA,,,,
2021-10-31 21:32:42,-4.031875,-79.209608,Av. Universitaria,CON_LESIONADOS,Volcamiento,Falla mecanica,43,LESIONADO,HOMBRE,CICLISTA,51,LESIONADO,NO_REGISTRA,PEATON,,,,
2021-11-16 19:28:12,-4.004197,-79.180741,Av. Rosa Hermosa,CON_LESIONADOS,Choque Vehicular,Exceso de velocidad,8,LESIONADO,NO_REGISTRA,VEH_LIVIANO,,,,,,,,
2021-09-14 19:38:18,-4.005594,-79.223934,Via Loja - Catamayo,CON_LESIONADOS,Colision Multiple,Equipo de seguridad deficiente,76,LESIONADO,NO_REGISTRA,SCOOTER,47,LESIONADO,NO_REGISTRA,SCOOTER,44,LESIONADO,MUJER,CICLISTA
2021-09-28 10:23:58,-3.995524,-79.215808,Calle 10 de Agosto,SOLO_DANOS,Caida,Falla mecanica,,,,,,,,,,,,
2021-04-04 15:18:48,-4.029782,-79.192380,Calle Montufar,CON_FALLECIDOS,Caida,Visibilidad reducida,24,FALLECIDO,NO_REGISTRA,OTRO,36,LESIONADO,HOMBRE,SCOOTER,,,,
2021-08-05 11:22:56,-4.011881,-79.197842,Via Loja - Zamora,CON_FALLECIDOS,Caida,Visibilidad reducida,37,FALLECIDO,MUJER,VEH_LIVIANO,37,FALLECIDO,MUJER,PEATON,61,LESIONADO,MUJER,PEATON
2021-01-11 23:50:35,-3.983582,-79.222576,Av. Metropolitana,CON_LESIONADOS,Incendio,Mal estado de la via,68,LESIONADO,NO_REGISTRA,SCOOTER,56,LESIONADO,MUJER,PEATON,76,LESIONADO,MUJER,PEATON
2021-04-10 07:10:58,-4.014583,-79.186690,Av. Reinaldo Espinosa,SOLO_DANOS,Incendio,Fatiga del conductor,,,,,,,,,,,,
2021-09-19 18:44:44,-4.021648,-79.197211,Calle Bolivar,SOLO_DANOS,Incendio,Factores externos,,,,,,,,,,,,
2021-10-25 01:37:32,-3.990056,-79.188046,Av. Cuxibamba,CON_LESIONADOS,Colision Multiple,Mal estado de la via,21,LESIONADO,MUJER,MOTOCICLETA,19,LESIONADO,NO_REGISTRA,PEATON,,,,
2021-05-15 05:53:29,-4.033487,-79.200807,Av. Reinaldo Espinosa,CON_LESIONADOS,Volcamiento,Mal estado de la via,44,LESIONADO,NO_REGISTRA,MOTOCICLETA,14,LESIONADO,NO_REGISTRA,MOTOCICLETA,38,LESIONADO,HOMBRE,PEATON
2021-07-02 09:02:21,-4.007339,-79.193424,Calle Sucre,CON_LESIONADOS,Atropellamiento,Factores externos,49,LESIONADO,HOMBRE,VEH_LIVIANO,,,,,,,,
2021-08-01 13:52:02,-4.008259,-79.216346,Calle 10 de Agosto,CON_FALLECIDOS,Volcamiento,Factores externos,28,FALLECIDO,MUJER,OTRO,80,FALLECIDO,MUJER,MOTOCICLETA,46,LESIONADO,NO_REGISTRA,SCOOTER
2021-09-10 02:25:12,-3.994529,-79.182563,Calle Colon,CON_FALLECIDOS,Atropellamiento,Falla mecanica,48,FALLECIDO,NO_REGISTRA,VEH_LIVIANO,69,LESIONADO,MUJER,MOTOCICLETA,35,LESIONADO,MUJER,VEH_LIVIANO
2021-04-19 18:35:50,-4.018990,-79.194783,Calle 18 de Noviembre,CON_FALLECIDOS,Incendio,Inobservancia de senales,27,FALLECIDO,MUJER,SCOOTER,69,FALLECIDO,HOMBRE,VEH_LIVIANO,37,LESIONADO,HOMBRE,CICLISTA