fecha_hora,latitud,longitud,via,grado_severidad,tipo_siniestro,causa_probable,victima1_edad,victima1_condicion,victima1_sexo,victima1_actor_vial,victima2_edad,victima2_condicion,victima2_sexo,victima2_actor_vial,victima3_edad,victima3_condicion,victima3_sexo,victima3_actor_vial
2021-08-26 11:52:25,-3.992245,-79.224379,Av. Metropolitana,CON_FALLECIDOS,Accidente Laboral,Visibilidad reducida,58,FALLECIDO,MUJER,OTRO,70,FALLECIDO,NO_REGISTRA,VEH_LIVIANO,36,LESIONADO,HOMBRE,SCOOTER
2021-06-12 03:07:24,-3.995288,-79.206280,Calle 10 de Agosto,SOLO_DANOS,Colision Multiple,Inobservancia de senales,,,,,,,,,,,,
2021-01-23 14:13:20,-4.007641,-79.191914,Calle Azogues,CON_FALLECIDOS,Volcamiento,Distraccion (celular/radio),49,FALLECIDO,MUJER,CICLISTA,45,FALLECIDO,MUJER,OTRO,79,LESIONADO,HOMBRE,SCOOTER
2021-09-29 09:32:50,-4.017663,-79.229559,Calle Imbabura,CON_LESIONADOS,Accidente Laboral,Visibilidad reducida,8,LESIONADO,MUJER,MOTOCICLETA,12,LESIONADO,MUJER,SCOOTER,27,LESIONADO,HOMBRE,MOTOCICLETA
2021-07-19 22:34:02,-4.029549,-79.205924,Calle Miguel Riofrio,CON_LESIONADOS,Incendio,Via resbaladiza o mojada,46,LESIONADO,MUJER,SCOOTER,12,LESIONADO,NO_REGISTRA,MOTOCICLETA,,,,
2021-10-04 03:14:07,-4.008673,-79.176086,Via Loja - Zamora,CON_FALLECIDOS,Caida,Visibilidad reducida,32,FALLECIDO,HOMBRE,PEATON,51,LESIONADO,NO_REGISTRA,VEH_LIVIANO,45,LESIONADO,HOMBRE,MOTOCICLETA
2021-04-16 04:49:26,-4.021087,-79.176691,Via Loja - Catamayo,SOLO_DANOS,Choque Vehicular,Visibilidad reducida,,,,,,,,,,,,
2021-11-18 11:31:42,-4.019152,-79.211169,Av. Pio Jaramillo,CON_FALLECIDOS,Choque Vehicular,Equipo de seguridad deficiente,68,FALLECIDO,NO_REGISTRA,VEH_LIVIANO,,,,,,,,
2021-11-14 08:07:33,-3.995854,-79.230230,Calle Colon,SOLO_DANOS,Colision Multiple,Estado de embriaguez,,,,,,,,,,,,
2021-04-05 00:30:56,-4.018645,-79.219821,Calle Bolivar,CON_FALLECIDOS,Choque Vehicular,Inobservancia de senales,23,FALLECIDO,NO_REGISTRA,OTRO,43,FALLECIDO,MUJER,MOTOCICLETA,17,LESIONADO,NO_REGISTRA,PEATON
2021-12-21 08:11:31,-4.032628,-79.173519,Via Loja - Catamayo,SOLO_DANOS,Incendio,Inobservancia de senales,,,,,,,,,,,,
2021-01-05 03:47:59,-4.024798,-79.191121,Av. Metropolitana,SOLO_DANOS,Atropellamiento,Exceso de velocidad,,,,,,,,,,,,
2021-12-30 02:35:50,-4.007251,-79.174858,Calle Bolivar,CON_FALLECIDOS,Accidente Laboral,Mal estado de la via,24,FALLECIDO,NO_REGISTRA,SCOOTER,57,LESIONADO,NO_REGISTRA,OTRO,78,LESIONADO,HOMBRE,MOTOCICLETA
2021-06-26 07:53:17,-4.008128,-79.202088,Calle Miguel Riofrio,SOLO_DANOS,Incendio,Visibilidad reducida,,,,,,,,,,,,
2021-06-29 19:49:41,-4.022348,-79.210572,Calle 18 de Noviembre,CON_FALLECIDOS,Incendio,Fatiga del conductor,29,FALLECIDO,HOMBRE,MOTOCICLETA,28,LESIONADO,NO_REGISTRA,CICLISTA,76,LESIONADO,NO_REGISTRA,SCOOTER
2021-06-25 04:15:09,-3.989089,-79.200370,Calle Saraguro,CON_FALLECIDOS,Accidente Laboral,Estado de embriaguez,60,FALLECIDO,NO_REGISTRA,SCOOTER,,,,,,,,
2021-10-31 09:10:32,-4.015946,-79.222960,Calle Bolivar,CON_FALLECIDOS,Volcamiento,Estado de embriaguez,76,FALLECIDO,HOMBRE,MOTOCICLETA,79,LESIONADO,HOMBRE,CICLISTA,58,LESIONADO,MUJER,CICLISTA
2021-04-06 15:17:53,-4.001253,-79.210682,Av. Metropolitana,CON_FALLECIDOS,Colision Multiple,Visibilidad reducida,59,FALLECIDO,MUJER,CICLISTA,22,FALLECIDO,NO_REGISTRA,MOTOCICLETA,25,LESIONADO,HOMBRE,MOTOCICLETA
2021-02-05 00:23:43,-4.030427,-79.202442,Ruta 35,CON_LESIONADOS,Volcamiento,Falla mecanica,20,LESIONADO,HOMBRE,OTRO,30,LESIONADO,NO_REGISTRA,OTRO,19,LESIONADO,HOMBRE,SCOOTER
2021-05-08 05:09:06,-4.025566,-79.182839,Calle Montufar,CON_FALLECIDOS,Choque Vehicular,Equipo de seguridad deficiente,84,FALLECIDO,MUJER,VEH_LIVIANO,,,,,,,,
2021-12-26 23:00:00,-4.019817,-79.215247,Ruta 35,SOLO_DANOS,Accidente Laboral,Visibilidad reducida,,,,,,,,,,,,
2021-07-18 05:44:12,-4.010894,-79.215447,Av. Orillas del Zamora,CON_FALLECIDOS,Caida,Visibilidad reducida,60,FALLECIDO,NO_REGISTRA,OTRO,73,FALLECIDO,HOMBRE,OTRO,,,,
2021-08-11 23:19:31,-4.009704,-79.184681,Calle Quito,CON_FALLECIDOS,Choque Vehicular,Via resbaladiza o mojada,24,FALLECIDO,NO_REGISTRA,CICLISTA,,,,,,,,
2021-12-22 22:50:32,-3.991854,-79.199041,Av. Cuxibamba,CON_LESIONADOS,Choque Vehicular,Visibilidad reducida,11,LESIONADO,NO_REGISTRA,PEATON,73,LESIONADO,HOMBRE,PEATON,,,,
2021-05-14 15:24:04,-4.003767,-79.213635,Calle Rocafuerte,SOLO_DANOS,Choque Vehicular,Equipo de seguridad deficiente,,,,,,,,,,,,
2021-08-22 06:26:18,-4.018496,-79.213057,Calle Rocafuerte,CON_LESIONADOS,Accidente Laboral,Equipo de seguridad deficiente,60,LESIONADO,HOMBRE,CICLISTA,10,LESIONADO,MUJER,CICLISTA,10,LESIONADO,NO_REGISTRA,SCOOTER
2021-08-19 20:18:33,-4.019283,-79.230017,Av. Manuel Agustin Aguirre,SOLO_DANOS,Caida,Distraccion (celular/radio),,,,,,,,,,,,
2021-12-05 02:57:27,-4.005094,-79.199779,Av. Universitaria,CON_LESIONADOS,Volcamiento,Visibilidad reducida,80,LESIONADO,NO_REGISTRA,SCOOTER,53,LESIONADO,NO_REGISTRA,CICLISTA,,,,
2021-07-31 12:35:35,-4.025285,-79.203897,Av. Cuxibamba,CON_FALLECIDOS,Choque Vehicular,Fatiga del conductor,69,FALLECIDO,NO_REGISTRA,OTRO,62,LESIONADO,MUJER,PEATON,,,,
2021-10-30 18:16:23,-3.997571,-79.200410,Av. Orillas del Zamora,CON_LESIONADOS,Volcamiento,Visibilidad reducida,7,LESIONADO,MUJER,VEH_LIVIANO,70,LESIONADO,HOMBRE,SCOOTER,,,,
2021-05-03 06:37:44,-4.008275,-79.202407,Calle Imbabura,CON_LESIONADOS,Choque Vehicular,Distraccion (celular/radio),68,LESIONADO,MUJER,PEATON,58,LESIONADO,HOMBRE,MOTOCICLETA,10,LESIONADO,NO_REGISTRA,PEATON
2021-10-24 01:57:30,-4.026292,-79.212438,Av. Pio Jaramillo,CON_FALLECIDOS,Choque Vehicular,Via resbaladiza o mojada,61,FALLECIDO,MUJER,OTRO,35,LESIONADO,HOMBRE,VEH_LIVIANO,,,,
2021-11-29 11:10:53,-4.004084,-79.182604,Calle Miguel Riofrio,SOLO_DANOS,Atropellamiento,Factores externos,,,,,,,,,,,,
2021-09-28 02:30:10,-4.020481,-79.183224,Av. Orillas del Zamora,SOLO_DANOS,Volcamiento,Visibilidad reducida,,,,,,,,,,,,
2021-03-24 23:48:51,-4.008024,-79.203541,Calle Colon,SOLO_DANOS,Atropellamiento,Visibilidad reducida,,,,,,,,,,,,
2021-05-01 08:14:48,-4.036718,-79.176231,Via Loja - Catamayo,CON_FALLECIDOS,Choque Vehicular,Inobservancia de senales,65,FALLECIDO,NO_REGISTRA,VEH_LIVIANO,68,FALLECIDO,NO_REGISTRA,OTRO,47,LESIONADO,NO_REGISTRA,MOTOCICLETA
2021-07-12 20:36:26,-3.994054,-79.222024,Av. Metropolitana,CON_FALLECIDOS,Atropellamiento,Mal estado de la via,69,FALLECIDO,NO_REGISTRA,MOTOCICLETA,64,LESIONADO,NO_REGISTRA,CICLISTA,,,,
2021-12-15 14:27:05,-3.990822,-79.208153,Av. 8 de Diciembre,CON_FALLECIDOS,Accidente Laboral,Falla mecanica,51,FALLECIDO,MUJER,VEH_LIVIANO,84,FALLECIDO,HOMBRE,PEATON,,,,
2021-05-05 14:49:21,-4.019788,-79.186587,Calle Colon,SOLO_DANOS,Caida,Fatiga del conductor,,,,,,,,,,,,
2021-04-21 04:22:32,-3.981010,-79.229718,Av. Manuel Agustin Aguirre,CON_LESIONADOS,Volcamiento,Falla mecanica,17,LESIONADO,NO_REGISTRA,OTRO,,,,,,,,
2021-07-07 21:49:41,-3.993782,-79.173171,Av. Gran Colombia,CON_FALLECIDOS,Incendio,Visibilidad reducida,21,FALLECIDO,MUJER,VEH_LIVIANO,,,,,,,,
2021-11-27 03:48:41,-4.012114,-79.179527,Via Loja - Catamayo,SOLO_DANOS,Caida,Via resbaladiza o mojada,,,,,,,,,,,,
2021-12-15 16:49:02,-4.026314,-79.216839,Calle Saraguro,SOLO_DANOS,Atropellamiento,Factores externos,18,LESIONADO,NO_REGISTRA,PEATON,,,,,,,,
2021-11-05 12:44:07,-4.008547,-79.179816,Calle Bolivar,CON_LESIONADOS,Volcamiento,Factores externos,79,LESIONADO,MUJER,VEH_LIVIANO,37,LESIONADO,NO_REGISTRA,CICLISTA,7,LESIONADO,HOMBRE,PEATON
2021-03-13 20:34:13,-3.987992,-79.179300,Calle Colon,SOLO_DANOS,Choque Vehicular,Inobservancia de senales,,,,,,,,,,,,
2021-02-05 11:21:26,-4.016825,-79.207090,Av. Pio Jaramillo,SOLO_DANOS,Colision Multiple,Equipo de seguridad deficiente,,,,,,,,,,,,
2021-09-14 22:52:27,-4.029249,-79.228703,Calle Bolivar,CON_LESIONADOS,Colision Multiple,Fatiga del conductor,26,LESIONADO,MUJER,CICLISTA,,,,,,,,
2021-05-21 19:20:55,-3.992115,-79.229909,Calle Mercadillo,CON_FALLECIDOS,Accidente Laboral,Exceso de velocidad,67,FALLECIDO,MUJER,SCOOTER,28,LESIONADO,MUJER,PEATON,,,,
2021-03-13 01:03:00,-3.987186,-79.188859,Calle Saraguro,CON_LESIONADOS,Volcamiento,Via resbaladiza o mojada,8,LESIONADO,MUJER,OTRO,21,LESIONADO,NO_REGISTRA,PEATON,,,,
2021-10-09 04:34:50,-4.033079,-79.221583,Calle Mercadillo,CON_LESIONADOS,Choque Vehicular,Distraccion (celular/radio),36,LESIONADO,NO_REGISTRA,SCOOTER,,,,,,,,
2021-04-24 00:37:20,-3.991987,-79.222828,Calle Rocafuerte,SOLO_DANOS,Colision Multiple,Factores externos,,,,,,,,,,,,
2021-07-31 06:48:59,-4.017259,-79.200949,Calle Azogues,CON_FALLECIDOS,Accidente Laboral,Equipo de seguridad deficiente,34,FALLECIDO,MUJER,CICLISTA,67,FALLECIDO,HOMBRE,PEATON,,,,
2021-11-28 16:19:07,-3.990140,-79.202606,Calle Mercadillo,SOLO_DANOS,Atropellamiento,Inobservancia de senales,,,,,,,,,,,,
2021-03-13 04:18:57,-4.022515,-79.181006,Calle Imbabura,CON_FALLECIDOS,Choque Vehicular,Via resbaladiza o mojada,49,FALLECIDO,NO_REGISTRA,PEATON,20,FALLECIDO,NO_REGISTRA,VEH_LIVIANO,,,,
2021-08-13 00:33:37,-3.977058,-79.217538,Av. Isidro Ayora,CON_FALLECIDOS,Atropellamiento,Exceso de velocidad,19,FALLECIDO,MUJER,PEATON,73,FALLECIDO,NO_REGISTRA,VEH_LIVIANO,6,LESIONADO,NO_REGISTRA,PEATON
2021-10-25 05:56:38,-4.016848,-79.216776,Via Loja - Catamayo,CON_FALLECIDOS,Accidente Laboral,Distraccion (celular/radio),71,FALLECIDO,HOMBRE,CICLISTA,62,LESIONADO,MUJER,MOTOCICLETA,40,LESIONADO,MUJER,PEATON
2021-10-18 10:15:21,-3.981127,-79.219369,Calle Rocafuerte,CON_FALLECIDOS,Choque Vehicular,Falla mecanica,30,FALLECIDO,NO_REGISTRA,MOTOCICLETA,34,LESIONADO,NO_REGISTRA,PEATON,72,LESIONADO,MUJER,PEATON
2021-05-19 01:43:45,-4.026977,-79.199245,Calle Quito,CON_FALLECIDOS,Atropellamiento,Factores externos,62,FALLECIDO,MUJER,SCOOTER,,,,,,,,
2021-03-14 08:09:57,-4.023620,-79.229911,Av. Manuel Agustin Aguirre,CON_LESIONADOS,Incendio,Falla mecanica,35,LESIONADO,HOMBRE,SCOOTER,69,LESIONADO,HOMBRE,PEATON,76,LESIONADO,NO_REGISTRA,SCOOTER
2021-10-11 01:59:58,-3.991207,-79.200817,Calle Ramon Borrero,SOLO_DANOS,Colision Multiple,Falla mecanica,,,,,,,,,,,,
2021-05-15 13:46:35,-3.999972,-79.207219,Av. Orillas del Zamora,SOLO_DANOS,Caida,Mal estado de la via,9,LESIONADO,MUJER,OTRO,,,,,,,,
2021-04-20 11:49:10,-4.023295,-79.182599,Calle Bolivar,CON_LESIONADOS,Caida,Estado de embriaguez,5,LESIONADO,MUJER,PEATON,79,LESIONADO,MUJER,VEH_LIVIANO,40,LESIONADO,HOMBRE,PEATON
2021-07-31 10:56:20,-3.993834,-79.230202,Calle Saraguro,CON_LESIONADOS,Incendio,Imprudencia del conductor,8,LESIONADO,MUJER,OTRO,,,,,,,,
2021-10-16 15:44:17,-3.979226,-79.214207,Av. 8 de Diciembre,CON_FALLECIDOS,Incendio,Visibilidad reducida,75,FALLECIDO,HOMBRE,VEH_LIVIANO,55,FALLECIDO,MUJER,CICLISTA,63,LESIONADO,MUJER,PEATON
2021-10-03 17:31:37,-3.996992,-79.195547,Av. Manuel Agustin Aguirre,CON_LESIONADOS,Choque Vehicular,Equipo de seguridad deficiente,68,LESIONADO,MUJER,PEATON,50,LESIONADO,MUJER,PEATON,63,LESIONADO,MUJER,MOTOCICLETA
2021-10-18 11:27:48,-4.008554,-79.176922,Av. Metropolitana,SOLO_DANOS,Atropellamiento,Visibilidad reducida,,,,,,,,,,,,
2021-06-19 00:50:49,-3.980726,-79.189549,Av. Pio Jaramillo,CON_FALLECIDOS,Incendio,Exceso de velocidad,25,FALLECIDO,NO_REGISTRA,CICLISTA,74,FALLECIDO,MUJER,CICLISTA,10,LESIONADO,MUJER,MOTOCICLETA
2021-01-24 12:08:18,-4.010175,-79.219444,Av. Rosa Hermosa,CON_LESIONADOS,Colision Multiple,Inobservancia de senales,75,LESIONADO,NO_REGISTRA,MOTOCICLETA,62,LESIONADO,NO_REGISTRA,VEH_LIVIANO,69,LESIONADO,HOMBRE,SCOOTER
2021-03-01 17:40:34,-3.999799,-79.171793,Av. Rosa Hermosa,CON_LESIONADOS,Caida,Factores externos,14,LESIONADO,NO_REGISTRA,SCOOTER,68,LESIONADO,NO_REGISTRA,OTRO,,,,
2021-07-21 09:25:34,-4.000894,-79.182213,Av. 8 de Diciembre,CON_LESIONADOS,Volcamiento,Estado de embriaguez,52,LESIONADO,MUJER,OTRO,,,,,,,,
2021-12-19 16:16:02,-4.005153,-79.228555,Av. Universitaria,SOLO_DANOS,Caida,Visibilidad reducida,,,,,,,,,,,,
2021-01-17 06:45:48,-4.025681,-79.193099,Calle Bolivar,SOLO_DANOS,Atropellamiento,Via resbaladiza o mojada,,,,,,,,,,,,
2021-03-30 16:42:15,-4.031946,-79.185081,Calle Ramon Borrero,CON_FALLECIDOS,Accidente Laboral,Equipo de seguridad deficiente,37,FALLECIDO,HOMBRE,MOTOCICLETA,25,FALLECIDO,MUJER,SCOOTER,44,LESIONADO,HOMBRE,PEATON
2021-06-14 06:19:10,-4.026873,-79.174364,Calle Rocafuerte,CON_FALLECIDOS,Incendio,Visibilidad reducida,74,FALLECIDO,NO_REGISTRA,CICLISTA,39,FALLECIDO,NO_REGISTRA,SCOOTER,43,LESIONADO,NO_REGISTRA,VEH_LIVIANO
2021-07-20 10:39:56,-3.987863,-79.217694,Av. Reinaldo Espinosa,CON_LESIONADOS,Caida,Estado de embriaguez,46,LESIONADO,MUJER,SCOOTER,67,LESIONADO,HOMBRE,SCOOTER,,,,
2021-10-17 07:25:56,-4.036847,-79.189666,Av. Pio Jaramillo,CON_FALLECIDOS,Incendio,Falla mecanica,46,FALLECIDO,HOMBRE,VEH_LIVIANO,26,FALLECIDO,NO_REGISTRA,MOTOCICLETA,22,LESIONADO,MUJER,SCOOTER
2021-04-15 19:14:25,-3.988211,-79.196554,Av. Manuel Agustin Aguirre,CON_LESIONADOS,Caida,Exceso de velocidad,46,LESIONADO,MUJER,OTRO,,,,,,,,
2021-02-14 20:25:05,-3.989135,-79.191928,Calle Rocafuerte,CON_LESIONADOS,Colision Multiple,Visibilidad reducida,43,LESIONADO,HOMBRE,VEH_LIVIANO,70,LESIONADO,HOMBRE,OTRO,,,,
2021-04-20 10:33:14,-4.017268,-79.200514,Ruta 35,SOLO_DANOS,Atropellamiento,Inobservancia de senales,,,,,,,,,,,,
2021-10-04 22:02:14,-4.010382,-79.181817,Calle 10 de Agosto,CON_FALLECIDOS,Volcamiento,Estado de embriaguez,39,FALLECIDO,NO_REGISTRA,MOTOCICLETA,28,FALLECIDO,HOMBRE,MOTOCICLETA,19,LESIONADO,HOMBRE,SCOOTER
2021-10-14 11:59:00,-3.998575,-79.194016,Calle Imbabura,CON_FALLECIDOS,Choque Vehicular,Inobservancia de senales,36,FALLECIDO,MUJER,CICLISTA,60,FALLECIDO,NO_REGISTRA,SCOOTER,56,LESIONADO,NO_REGISTRA,SCOOTER
2021-09-04 10:18:30,-4.024404,-79.208018,Av. Cuxibamba,CON_LESIONADOS,Incendio,Estado de embriaguez,8,LESIONADO,NO_REGISTRA,PEATON,65,LESIONADO,NO_REGISTRA,MOTOCICLETA,77,LESIONADO,HOMBRE,SCOOTER
2021-06-09 23:49:26,-4.032743,-79.199097,Ruta 35,CON_FALLECIDOS,Accidente Laboral,Mal estado de la via,55,FALLECIDO,HOMBRE,PEATON,34,LESIONADO,HOMBRE,VEH_LIVIANO,,,,
2021-06-23 05:00:56,-3.979535,-79.173614,Av. Rosa Hermosa,SOLO_DANOS,Choque Vehicular,Factores externos,,,,,,,,,,,,
2021-08-09 08:44:34,-3.995624,-79.193372,Calle Colon,CON_LESIONADOS,Caida,Imprudencia del conductor,23,LESIONADO,HOMBRE,VEH_LIVIANO,47,LESIONADO,NO_REGISTRA,CICLISTA,62,LESIONADO,NO_REGISTRA,CICLISTA
2021-11-21 07:14:11,-3.994005,-79.193912,Av. Isidro Ayora,CON_FALLECIDOS,Atropellamiento,Equipo de seguridad deficiente,53,FALLECIDO,MUJER,CICLISTA,20,FALLECIDO,NO_REGISTRA,SCOOTER,,,,
2021-11-30 13:16:37,-4.008256,-79.183988,Calle Sucre,SOLO_DANOS,Atropellamiento,Estado de embriaguez,,,,,,,,,,,,
2021-12-02 16:45:33,-4.027394,-79.172725,Av. Manuel Agustin Aguirre,SOLO_DANOS,Choque Vehicular,Distraccion (celular/radio),,,,,,,,,,,,
2021-08-28 17:37:08,-4.030049,-79.210354,Calle Miguel Riofrio,SOLO_DANOS,Atropellamiento,Exceso de velocidad,,,,,,,,,,,,
2021-09-28 23:09:38,-3.979300,-79.180917,Via Loja - Catamayo,CON_FALLECIDOS,Incendio,Distraccion (celular/radio),64,FALLECIDO,HOMBRE,MOTOCICLETA,63,FALLECIDO,MUJER,MOTOCICLETA,58,LESIONADO,HOMBRE,VEH_LIVIANO
2021-10-29 18:34:48,-3.998732,-79.181464,Calle Colon,SOLO_DANOS,Colision Multiple,Mal estado de la via,,,,,,,,,,,,
2021-08-16 14:29:53,-4.018369,-79.176651,Av. Gran Colombia,CON_FALLECIDOS,Accidente Laboral,Falla mecanica,30,FALLECIDO,MUJER,MOTOCICLETA,60,LESIONADO,NO_REGISTRA,MOTOCICLETA,65,LESIONADO,NO_REGISTRA,MOTOCICLETA
2021-03-13 01:40:23,-4.001718,-79.177550,Via Loja - Zamora,CON_FALLECIDOS,Incendio,Distraccion (celular/radio),35,FALLECIDO,HOMBRE,VEH_LIVIANO,31,FALLECIDO,HOMBRE,CICLISTA,66,LESIONADO,NO_REGISTRA,MOTOCICLETA
2021-08-26 05:24:25,-4.002934,-79.172248,Calle Montufar,CON_FALLECIDOS,Choque Vehicular,Exceso de velocidad,65,FALLECIDO,HOMBRE,VEH_LIVIANO,27,FALLECIDO,MUJER,VEH_LIVIANO,8,LESIONADO,MUJER,VEH_LIVIANO
2021-07-11 02:41:23,-3.985682,-79.229981,Av. Pio Jaramillo,CON_LESIONADOS,Choque Vehicular,Factores externos,58,LESIONADO,NO_REGISTRA,MOTOCICLETA,,,,,,,,
2021-01-21 09:01:58,-3.985414,-79.176055,Av. Gran Colombia,CON_FALLECIDOS,Volcamiento,Fatiga del conductor,33,FALLECIDO,MUJER,OTRO,77,LESIONADO,MUJER,SCOOTER,51,LESIONADO,HOMBRE,OTRO
2021-01-17 07:29:31,-4.035736,-79.209524,Calle 18 de Noviembre,CON_LESIONADOS,Atropellamiento,Imprudencia del conductor,63,LESIONADO,MUJER,MOTOCICLETA,41,LESIONADO,MUJER,VEH_LIVIANO,70,LESIONADO,HOMBRE,VEH_LIVIANO
2021-07-07 14:15:49,-4.032328,-79.208229,Av. Gran Colombia,SOLO_DANOS,Atropellamiento,Estado de embriaguez,,,,,,,,,,,,
2021-04-27 18:04:58,-3.996337,-79.227571,Av. 8 de Diciembre,CON_FALLECIDOS,Atropellamiento,Estado de embriaguez,18,FALLECIDO,MUJER,CICLISTA,35,FALLECIDO,NO_REGISTRA,MOTOCICLETA,72,LESIONADO,NO_REGISTRA,OTRO
2021-08-07 09:20:49,-4.019523,-79.185549,Av. Cuxibamba,CON_LESIONADOS,Accidente Laboral,Estado de embriaguez,61,LESIONADO,MUJER,MOTOCICLETA,16,LESIONADO,NO_REGISTRA,OTRO,,,,
2021-11-08 03:17:02,-3.981422,-79.219133,Via Loja - Catamayo,CON_LESIONADOS,Incendio,Via resbaladiza o mojada,17,LESIONADO,MUJER,VEH_LIVIANO,9,LESIONADO,NO_REGISTRA,SCOOTER,56,LESIONADO,NO_REGISTRA,PEATON
2021-03-16 19:06:21,-4.030042,-79.196997,Av. Isidro Ayora,CON_FALLECIDOS,Accidente Laboral,Visibilidad reducida,44,FALLECIDO,NO_REGISTRA,VEH_LIVIANO,36,LESIONADO,HOMBRE,CICLISTA,,,,
2021-12-04 22:49:16,-4.012518,-79.191559,Calle Bolivar,CON_FALLECIDOS,Choque Vehicular,Distraccion (celular/radio),45,FALLECIDO,HOMBRE,PEATON,41,FALLECIDO,HOMBRE,MOTOCICLETA,,,,
2021-09-20 22:54:46,-4.014248,-79.171732,Via Loja - Zamora,SOLO_DANOS,Caida,Inobservancia de senales,,,,,,,,,,,,
2021-10-22 17:23:23,-4.006971,-79.226186,Calle Bolivar,SOLO_DANOS,Incendio,Visibilidad reducida,,,,,,,,,,,,
2021-09-11 13:58:24,-4.010278,-79.196694,Calle Bolivar,CON_FALLECIDOS,Accidente Laboral,Via resbaladiza o mojada,50,FALLECIDO,HOMBRE,PEATON,28,LESIONADO,MUJER,VEH_LIVIANO,,,,
2021-04-01 14:06:03,-4.020734,-79.176103,Calle Mercadillo,CON_FALLECIDOS,Accidente Laboral,Exceso de velocidad,84,FALLECIDO,MUJER,MOTOCICLETA,9,LESIONADO,NO_REGISTRA,SCOOTER,80,LESIONADO,MUJER,CICLISTA
2021-11-09 07:54:31,-3.987998,-79.209948,Calle Mercadillo,CON_FALLECIDOS,Incendio,Falla mecanica,54,FALLECIDO,NO_REGISTRA,PEATON,69,FALLECIDO,MUJER,CICLISTA,26,LESIONADO,HOMBRE,VEH_LIVIANO
2021-12-21 21:40:06,-4.036236,-79.192582,Via Loja - Catamayo,SOLO_DANOS,Incendio,Exceso de velocidad,,,,,,,,,,,,
2021-05-08 23:44:59,-3.992125,-79.216049,Av. Universitaria,CON_FALLECIDOS,Accidente Laboral,Fatiga del conductor,30,FALLECIDO,HOMBRE,VEH_LIVIANO,18,LESIONADO,NO_REGISTRA,OTRO,,,,
2021-03-27 11:36:47,-4.021304,-79.186349,Calle Imbabura,CON_FALLECIDOS,Choque Vehicular,Falla mecanica,63,FALLECIDO,NO_REGISTRA,SCOOTER,80,FALLECIDO,NO_REGISTRA,PEATON,80,LESIONADO,MUJER,SCOOTER
2021-10-20 06:21:28,-3.983226,-79.216577,Av. Gran Colombia,CON_LESIONADOS,Atropellamiento,Mal estado de la via,58,LESIONADO,NO_REGISTRA,PEATON,55,LESIONADO,MUJER,MOTOCICLETA,56,LESIONADO,HOMBRE,MOTOCICLETA
2021-08-25 16:41:08,-4.012422,-79.186937,Av. Metropolitana,CON_FALLECIDOS,Volcamiento,Estado de embriaguez,48,FALLECIDO,HOMBRE,CICLISTA,54,LESIONADO,NO_REGISTRA,OTRO,,,,
2021-12-17 17:08:45,-3.996799,-79.212193,Calle Ramon Borrero,CON_FALLECIDOS,Volcamiento,Via resbaladiza o mojada,59,FALLECIDO,MUJER,SCOOTER,79,FALLECIDO,HOMBRE,CICLISTA,8,LESIONADO,NO_REGISTRA,OTRO
2021-05-11 18:26:29,-4.035937,-79.211170,Av. Pio Jaramillo,SOLO_DANOS,Accidente Laboral,Mal estado de la via,,,,,,,,,,,,
2021-05-12 10:25:31,-3.991499,-79.181912,Calle Montufar,SOLO_DANOS,Colision Multiple,Estado de embriaguez,80,LESIONADO,NO_REGISTRA,PEATON,,,,,,,,
2021-04-22 00:09:24,-4.003774,-79.212845,Calle Imbabura,CON_LESIONADOS,Caida,Equipo de seguridad deficiente,5,LESIONADO,NO_REGISTRA,SCOOTER,,,,,,,,
2021-07-21 14:25:08,-4.004892,-79.174162,Av. Orillas del Zamora,CON_LESIONADOS,Volcamiento,Distraccion (celular/radio),44,LESIONADO,HOMBRE,CICLISTA,,,,,,,,
2021-05-02 04:41:25,-3.988468,-79.195702,Calle Montufar,CON_LESIONADOS,Accidente Laboral,Imprudencia del conductor,74,LESIONADO,HOMBRE,VEH_LIVIANO,,,,,,,,
2021-09-24 11:31:06,-4.032854,-79.185923,Calle Ramon Borrero,CON_FALLECIDOS,Volcamiento,Mal estado de la via,61,FALLECIDO,HOMBRE,MOTOCICLETA,9,LESIONADO,HOMBRE,SCOOTER,,,,
2021-06-26 03:27:58,-3.982396,-79.219933,Av. Metropolitana,CON_LESIONADOS,Atropellamiento,Via resbaladiza o mojada,12,LESIONADO,HOMBRE,VEH_LIVIANO,,,,,,,,
2021-09-06 14:13:48,-3.999692,-79.202797,Calle Sucre,SOLO_DANOS,Colision Multiple,Distraccion (celular/radio),,,,,,,,,,,,
2021-05-16 02:32:10,-4.015018,-79.193837,Calle Sucre,CON_FALLECIDOS,Incendio,Factores externos,20,FALLECIDO,HOMBRE,CICLISTA,,,,,,,,
2021-11-04 09:40:49,-4.031828,-79.198576,Via Loja - Zamora,CON_FALLECIDOS,Caida,Imprudencia del conductor,37,FALLECIDO,MUJER,CICLISTA,84,FALLECIDO,NO_REGISTRA,OTRO,28,LESIONADO,HOMBRE,MOTOCICLETA
2021-03-06 15:05:29,-3.986241,-79.180559,Calle Miguel Riofrio,SOLO_DANOS,Volcamiento,Estado de embriaguez,,,,,,,,,,,,
2021-06-04 03:07:15,-4.016275,-79.208003,Av. Manuel Agustin Aguirre,CON_FALLECIDOS,Incendio,Exceso de velocidad,71,FALLECIDO,MUJER,PEATON,,,,,,,,