fecha_hora,latitud,longitud,via,grado_severidad,tipo_siniestro,causa_probable,victima1_edad,victima1_condicion,victima1_sexo,victima1_actor_vial,victima2_edad,victima2_condicion,victima2_sexo,victima2_actor_vial,victima3_edad,victima3_condicion,victima3_sexo,victima3_actor_vial
2021-01-14 00:29:49,-3.978098,-79.200102,Calle Rocafuerte,CON_LESIONADOS,Incendio,Exceso de velocidad,23,LESIONADO,NO_REGISTRA,CICLISTA,,,,,,,,
2021-04-07 10:03:40,-3.992773,-79.218789,Calle Montufar,CON_FALLECIDOS,Incendio,Visibilidad reducida,77,FALLECIDO,NO_REGISTRA,PEATON,54,LESIONADO,NO_REGISTRA,MOTOCICLETA,36,LESIONADO,MUJER,OTRO
2021-09-03 11:47:39,-4.025634,-79.215399,Calle Colon,CON_FALLECIDOS,Atropellamiento,Mal estado de la via,72,FALLECIDO,HOMBRE,PEATON,74,FALLECIDO,NO_REGISTRA,MOTOCICLETA,67,LESIONADO,HOMBRE,OTRO
2021-04-14 02:25:50,-3.991202,-79.228758,Av. Cuxibamba,SOLO_DANOS,Volcamiento,Factores externos,,,,,,,,,,,,
2021-05-06 15:01:54,-4.008035,-79.207790,Calle Colon,SOLO_DANOS,Incendio,Via resbaladiza o mojada,,,,,,,,,,,,
2021-01-18 19:26:58,-3.977938,-79.208627,Calle Miguel Riofrio,SOLO_DANOS,Caida,Factores externos,,,,,,,,,,,,
2021-04-27 14:37:32,-4.024831,-79.198122,Ruta 35,SOLO_DANOS,Choque Vehicular,Distraccion (celular/radio),,,,,,,,,,,,
2021-08-08 02:11:51,-3.978832,-79.192353,Calle Rocafuerte,CON_LESIONADOS,Atropellamiento,Imprudencia del conductor,60,LESIONADO,HOMBRE,PEATON,31,LESIONADO,NO_REGISTRA,SCOOTER,52,LESIONADO,HOMBRE,OTRO
2021-08-11 10:09:25,-4.031720,-79.173380,Ruta 35,CON_FALLECIDOS,Accidente Laboral,Factores externos,62,FALLECIDO,NO_REGISTRA,OTRO,60,FALLECIDO,MUJER,MOTOCICLETA,,,,
2021-04-29 19:44:23,-4.015669,-79.196200,Av. Orillas del Zamora,CON_FALLECIDOS,Atropellamiento,Distraccion (celular/radio),76,FALLECIDO,MUJER,VEH_LIVIANO,51,FALLECIDO,MUJER,PEATON,12,LESIONADO,MUJER,OTRO
2021-11-24 05:40:08,-3.983977,-79.171744,Av. Metropolitana,SOLO_DANOS,Choque Vehicular,Exceso de velocidad,,,,,,,,,,,,
2021-11-01 17:06:11,-4.035041,-79.207294,Via Loja - Catamayo,SOLO_DANOS,Choque Vehicular,Via resbaladiza o mojada,,,,,,,,,,,,
2021-04-17 19:43:35,-4.006067,-79.223064,Calle Quito,SOLO_DANOS,Volcamiento,Falla mecanica,13,LESIONADO,NO_REGISTRA,MOTOCICLETA,,,,,,,,
2021-10-06 19:36:27,-4.029737,-79.187613,Calle 10 de Agosto,CON_FALLECIDOS,Incendio,Estado de embriaguez,40,FALLECIDO,NO_REGISTRA,CICLISTA,,,,,,,,
2021-04-24 18:36:16,-4.001884,-79.216622,Av. Cuxibamba,CON_FALLECIDOS,Colision Multiple,Visibilidad reducida,20,FALLECIDO,HOMBRE,PEATON,47,FALLECIDO,NO_REGISTRA,OTRO,,,,
2021-02-27 21:45:02,-4.015686,-79.189832,Av. Gran Colombia,SOLO_DANOS,Incendio,Mal estado de la via,,,,,,,,,,,,
2021-09-29 17:04:41,-4.005097,-79.187536,Av. Cuxibamba,SOLO_DANOS,Atropellamiento,Factores externos,,,,,,,,,,,,
2021-01-18 21:25:13,-4.032252,-79.203651,Av. Reinaldo Espinosa,SOLO_DANOS,Choque Vehicular,Imprudencia del conductor,,,,,,,,,,,,
2021-12-19 08:46:51,-4.018150,-79.188524,Calle Ramon Borrero,CON_LESIONADOS,Accidente Laboral,Factores externos,76,LESIONADO,HOMBRE,VEH_LIVIANO,19,LESIONADO,MUJER,MOTOCICLETA,6,LESIONADO,MUJER,VEH_LIVIANO
2021-07-05 16:43:51,-4.005153,-79.172748,Via Loja - Zamora,CON_LESIONADOS,Volcamiento,Visibilidad reducida,37,LESIONADO,MUJER,OTRO,29,LESIONADO,HOMBRE,OTRO,,,,
2021-03-14 16:08:28,-4.004053,-79.176500,Calle 10 de Agosto,SOLO_DANOS,Volcamiento,Mal estado de la via,,,,,,,,,,,,
2021-05-18 14:28:02,-4.012644,-79.204675,Calle 18 de Noviembre,CON_LESIONADOS,Accidente Laboral,Equipo de seguridad deficiente,73,LESIONADO,HOMBRE,CICLISTA,34,LESIONADO,NO_REGISTRA,CICLISTA,,,,
2021-02-06 00:38:32,-3.997480,-79.226222,Calle Saraguro,CON_FALLECIDOS,Atropellamiento,Visibilidad reducida,70,FALLECIDO,HOMBRE,OTRO,39,FALLECIDO,MUJER,OTRO,40,LESIONADO,MUJER,VEH_LIVIANO
2021-02-04 13:59:22,-4.034678,-79.177479,Calle Quito,CON_LESIONADOS,Choque Vehicular,Estado de embriaguez,69,LESIONADO,MUJER,MOTOCICLETA,,,,,,,,
2021-04-10 16:19:34,-4.001921,-79.229393,Calle 10 de Agosto,SOLO_DANOS,Volcamiento,Factores externos,,,,,,,,,,,,
2021-08-22 11:54:31,-4.036934,-79.223337,Av. Isidro Ayora,CON_FALLECIDOS,Caida,Equipo de seguridad deficiente,68,FALLECIDO,HOMBRE,CICLISTA,24,FALLECIDO,NO_REGISTRA,MOTOCICLETA,,,,
2021-05-22 18:15:43,-4.018198,-79.186372,Calle Mercadillo,CON_FALLECIDOS,Atropellamiento,Fatiga del conductor,30,FALLECIDO,NO_REGISTRA,MOTOCICLETA,84,FALLECIDO,NO_REGISTRA,PEATON,53,LESIONADO,MUJER,MOTOCICLETA
2021-12-05 13:15:23,-3.977193,-79.217038,Calle Saraguro,CON_LESIONADOS,Volcamiento,Via resbaladiza o mojada,50,LESIONADO,NO_REGISTRA,MOTOCICLETA,22,LESIONADO,NO_REGISTRA,SCOOTER,39,LESIONADO,NO_REGISTRA,CICLISTA
2021-10-03 00:36:36,-4.017278,-79.212881,Via Loja - Zamora,SOLO_DANOS,Colision Multiple,Exceso de velocidad,,,,,,,,,,,,
2021-05-16 01:17:20,-4.019405,-79.194064,Av. Manuel Agustin Aguirre,SOLO_DANOS,Caida,Factores externos,,,,,,,,,,,,
2021-10-22 05:16:08,-3.994976,-79.171305,Av. Cuxibamba,CON_LESIONADOS,Choque Vehicular,Visibilidad reducida,24,LESIONADO,HOMBRE,MOTOCICLETA,,,,,,,,
2021-08-03 22:23:17,-4.004155,-79.212760,Calle Montufar,SOLO_DANOS,Colision Multiple,Imprudencia del conductor,,,,,,,,,,,,
2021-10-27 10:59:35,-4.015303,-79.192602,Calle Quito,CON_FALLECIDOS,Incendio,Equipo de seguridad deficiente,53,FALLECIDO,MUJER,SCOOTER,71,FALLECIDO,HOMBRE,CICLISTA,15,LESIONADO,MUJER,OTRO
2021-10-25 00:34:35,-4.006472,-79.188603,Av. Cuxibamba,CON_LESIONADOS,Volcamiento,Estado de embriaguez,64,LESIONADO,MUJER,CICLISTA,,,,,,,,
2021-04-17 16:07:38,-4.002841,-79.186059,Av. 8 de Diciembre,SOLO_DANOS,Atropellamiento,Estado de embriaguez,,,,,,,,,,,,
2021-02-01 11:57:03,-4.022432,-79.192337,Calle Sucre,SOLO_DANOS,Choque Vehicular,Visibilidad reducida,,,,,,,,,,,,
2021-09-27 11:18:53,-4.005578,-79.196130,Via Loja - Catamayo,CON_FALLECIDOS,Caida,Equipo de seguridad deficiente,26,FALLECIDO,HOMBRE,VEH_LIVIANO,58,FALLECIDO,NO_REGISTRA,MOTOCICLETA,,,,
2021-10-25 13:35:37,-4.019107,-79.217115,Av. Isidro Ayora,SOLO_DANOS,Accidente Laboral,Via resbaladiza o mojada,,,,,,,,,,,,
2021-05-16 05:37:26,-3.999824,-79.204887,Av. Metropolitana,CON_FALLECIDOS,Accidente Laboral,Imprudencia del conductor,31,FALLECIDO,MUJER,MOTOCICLETA,77,FALLECIDO,NO_REGISTRA,CICLISTA,,,,
2021-01-19 16:38:48,-4.031253,-79.208934,Calle Bolivar,CON_LESIONADOS,Volcamiento,Equipo de seguridad deficiente,32,LESIONADO,MUJER,OTRO,36,LESIONADO,MUJER,SCOOTER,71,LESIONADO,HOMBRE,CICLISTA
2021-05-13 03:33:17,-3.980635,-79.198862,Calle Mercadillo,CON_FALLECIDOS,Caida,Fatiga del conductor,28,FALLECIDO,HOMBRE,VEH_LIVIANO,8,LESIONADO,NO_REGISTRA,PEATON,,,,
2021-07-22 19:16:06,-4.031274,-79.205939,Calle Saraguro,CON_LESIONADOS,Incendio,Exceso de velocidad,48,LESIONADO,MUJER,MOTOCICLETA,,,,,,,,
2021-11-17 14:33:03,-4.024319,-79.221772,Via Loja - Catamayo,SOLO_DANOS,Atropellamiento,Distraccion (celular/radio),,,,,,,,,,,,
2021-12-12 15:31:09,-4.005523,-79.218502,Av. Reinaldo Espinosa,CON_FALLECIDOS,Incendio,Falla mecanica,53,FALLECIDO,HOMBRE,MOTOCICLETA,80,FALLECIDO,MUJER,MOTOCICLETA,49,LESIONADO,HOMBRE,PEATON
2021-05-06 13:49:43,-4.030840,-79.225885,Av. Manuel Agustin Aguirre,CON_FALLECIDOS,Incendio,Fatiga del conductor,64,FALLECIDO,MUJER,MOTOCICLETA,50,FALLECIDO,MUJER,OTRO,52,LESIONADO,HOMBRE,CICLISTA
2021-06-05 11:44:13,-3.999934,-79.173182,Calle 10 de Agosto,CON_LESIONADOS,Atropellamiento,Imprudencia del conductor,71,LESIONADO,MUJER,VEH_LIVIANO,15,LESIONADO,MUJER,PEATON,,,,
2021-07-15 18:01:03,-3.993545,-79.227140,Av. Manuel Agustin Aguirre,SOLO_DANOS,Atropellamiento,Distraccion (celular/radio),28,LESIONADO,HOMBRE,MOTOCICLETA,,,,,,,,
2021-03-01 21:00:16,-3.981227,-79.175633,Ruta 35,CON_LESIONADOS,Colision Multiple,Visibilidad reducida,42,LESIONADO,MUJER,OTRO,46,LESIONADO,NO_REGISTRA,SCOOTER,,,,
2021-08-11 12:55:52,-3.994649,-79.197910,Via Loja - Catamayo,CON_FALLECIDOS,Volcamiento,Exceso de velocidad,59,FALLECIDO,MUJER,PEATON,25,FALLECIDO,NO_REGISTRA,MOTOCICLETA,56,LESIONADO,MUJER,MOTOCICLETA
2021-01-08 14:40:56,-3.988633,-79.184305,Calle Bolivar,SOLO_DANOS,Volcamiento,Exceso de velocidad,,,,,,,,,,,,
2021-02-03 09:15:38,-4.012061,-79.205991,Av. 8 de Diciembre,CON_LESIONADOS,Volcamiento,Visibilidad reducida,15,LESIONADO,HOMBRE,MOTOCICLETA,60,LESIONADO,HOMBRE,CICLISTA,,,,
2021-11-15 09:30:00,-4.012576,-79.211164,Av. Pio Jaramillo,SOLO_DANOS,Atropellamiento,Fatiga del conductor,,,,,,,,,,,,
2021-11-14 04:58:18,-4.013635,-79.228684,Av. Manuel Agustin Aguirre,CON_FALLECIDOS,Volcamiento,Visibilidad reducida,36,FALLECIDO,HOMBRE,PEATON,24,LESIONADO,MUJER,OTRO,,,,
2021-06-30 23:03:48,-3.999680,-79.227087,Av. Pio Jaramillo,CON_FALLECIDOS,Choque Vehicular,Inobservancia de senales,62,FALLECIDO,HOMBRE,PEATON,74,FALLECIDO,HOMBRE,OTRO,,,,
2021-02-01 06:48:06,-4.022170,-79.213007,Calle Quito,CON_FALLECIDOS,Volcamiento,Inobservancia de senales,70,FALLECIDO,NO_REGISTRA,OTRO,49,FALLECIDO,MUJER,CICLISTA,24,LESIONADO,HOMBRE,CICLISTA
2021-07-30 17:27:44,-3.986325,-79.204569,Calle Mercadillo,CON_LESIONADOS,Choque Vehicular,Mal estado de la via,14,LESIONADO,HOMBRE,CICLISTA,,,,,,,,
2021-08-08 09:52:45,-4.028516,-79.223332,Av. Reinaldo Espinosa,SOLO_DANOS,Accidente Laboral,Factores externos,,,,,,,,,,,,
2021-01-08 01:07:29,-4.021447,-79.180826,Calle Azogues,SOLO_DANOS,Accidente Laboral,Mal estado de la via,,,,,,,,,,,,
2021-10-31 03:24:16,-4.010468,-79.212935,Av. 8 de Diciembre,CON_LESIONADOS,Accidente Laboral,Fatiga del conductor,27,LESIONADO,MUJER,CICLISTA,,,,,,,,
2021-05-07 11:45:27,-4.029845,-79.201963,Av. Orillas del Zamora,SOLO_DANOS,Atropellamiento,Fatiga del conductor,,,,,,,,,,,,
2021-12-04 21:51:50,-3.987223,-79.196134,Calle Mercadillo,SOLO_DANOS,Caida,Exceso de velocidad,,,,,,,,,,,,
2021-01-20 17:32:41,-3.979091,-79.194092,Calle Quito,SOLO_DANOS,Choque Vehicular,Fatiga del conductor,,,,,,,,,,,,
2021-09-10 06:43:45,-4.009342,-79.201015,Calle Mercadillo,CON_LESIONADOS,Choque Vehicular,Factores externos,44,LESIONADO,HOMBRE,PEATON,42,LESIONADO,NO_REGISTRA,MOTOCICLETA,,,,
2021-10-13 15:20:32,-4.012777,-79.221290,Ruta 35,CON_FALLECIDOS,Caida,Falla mecanica,25,FALLECIDO,NO_REGISTRA,PEATON,40,FALLECIDO,NO_REGISTRA,MOTOCICLETA,,,,
2021-03-02 16:08:50,-4.026114,-79.188955,Calle Sucre,CON_FALLECIDOS,Choque Vehicular,Visibilidad reducida,51,FALLECIDO,MUJER,CICLISTA,31,LESIONADO,NO_REGISTRA,CICLISTA,73,LESIONADO,MUJER,VEH_LIVIANO
2021-09-17 12:32:26,-4.007128,-79.205886,Av. Metropolitana,SOLO_DANOS,Atropellamiento,Imprudencia del conductor,,,,,,,,,,,,
2021-12-10 11:11:21,-4.009303,-79.195785,Calle Saraguro,SOLO_DANOS,Accidente Laboral,Inobservancia de senales,,,,,,,,,,,,
2021-04-06 21:46:02,-3.992396,-79.203882,Av. Pio Jaramillo,CON_FALLECIDOS,Atropellamiento,Factores externos,72,FALLECIDO,MUJER,OTRO,18,FALLECIDO,NO_REGISTRA,CICLISTA,64,LESIONADO,HOMBRE,VEH_LIVIANO
2021-07-30 23:31:36,-3.999496,-79.219596,Calle Imbabura,CON_FALLECIDOS,Volcamiento,Exceso de velocidad,48,FALLECIDO,NO_REGISTRA,VEH_LIVIANO,,,,,,,,
2021-11-14 09:18:18,-4.030610,-79.207130,Via Loja - Zamora,CON_LESIONADOS,Choque Vehicular,Distraccion (celular/radio),10,LESIONADO,MUJER,SCOOTER,46,LESIONADO,MUJER,SCOOTER,,,,
2021-06-08 09:57:05,-4.010950,-79.179582,Av. Universitaria,CON_LESIONADOS,Choque Vehicular,Equipo de seguridad deficiente,41,LESIONADO,NO_REGISTRA,SCOOTER,38,LESIONADO,HOMBRE,SCOOTER,49,LESIONADO,HOMBRE,VEH_LIVIANO
2021-03-22 18:25:14,-4.018502,-79.198767,Calle 10 de Agosto,SOLO_DANOS,Volcamiento,Mal estado de la via,,,,,,,,,,,,
2021-01-03 07:52:13,-3.999731,-79.194341,Av. Gran Colombia,CON_LESIONADOS,Incendio,Via resbaladiza o mojada,53,LESIONADO,NO_REGISTRA,PEATON,13,LESIONADO,NO_REGISTRA,OTRO,16,LESIONADO,MUJER,SCOOTER
2021-04-20 04:16:45,-3.982628,-79.217554,Av. Cuxibamba,CON_LESIONADOS,Atropellamiento,Via resbaladiza o mojada,17,LESIONADO,NO_REGISTRA,CICLISTA,74,LESIONADO,MUJER,SCOOTER,,,,
2021-02-14 13:09:07,-3.995036,-79.229215,Calle Rocafuerte,CON_FALLECIDOS,Caida,Equipo de seguridad deficiente,71,FALLECIDO,NO_REGISTRA,OTRO,9,LESIONADO,MUJER,PEATON,68,LESIONADO,MUJER,VEH_LIVIANO
2021-01-04 04:11:23,-3.985315,-79.230293,Av. Reinaldo Espinosa,SOLO_DANOS,Accidente Laboral,Factores externos,,,,,,,,,,,,
2021-05-23 00:10:12,-3.997559,-79.206411,Av. Rosa Hermosa,SOLO_DANOS,Choque Vehicular,Imprudencia del conductor,,,,,,,,,,,,
2021-10-28 08:03:40,-3.978902,-79.223974,Calle Rocafuerte,SOLO_DANOS,Caida,Equipo de seguridad deficiente,,,,,,,,,,,,
2021-07-19 19:49:53,-4.014734,-79.171249,Calle Quito,CON_FALLECIDOS,Caida,Mal estado de la via,19,FALLECIDO,MUJER,MOTOCICLETA,,,,,,,,
2021-12-19 17:43:59,-3.977490,-79.203207,Av. Gran Colombia,CON_LESIONADOS,Atropellamiento,Via resbaladiza o mojada,28,LESIONADO,NO_REGISTRA,OTRO,42,LESIONADO,HOMBRE,OTRO,,,,
2021-08-01 18:52:21,-3.996689,-79.208228,Via Loja - Catamayo,CON_LESIONADOS,Atropellamiento,Imprudencia del conductor,19,LESIONADO,MUJER,MOTOCICLETA,16,LESIONADO,MUJER,VEH_LIVIANO,80,LESIONADO,HOMBRE,MOTOCICLETA
2021-06-07 04:36:45,-4.023762,-79.218354,Calle Colon,CON_LESIONADOS,Choque Vehicular,Falla mecanica,19,LESIONADO,MUJER,VEH_LIVIANO,19,LESIONADO,HOMBRE,PEATON,50,LESIONADO,HOMBRE,VEH_LIVIANO
2021-02-24 14:52:42,-4.014559,-79.214258,Av. Cuxibamba,CON_LESIONADOS,Incendio,Equipo de seguridad deficiente,55,LESIONADO,MUJER,PEATON,,,,,,,,
2021-07-04 20:51:11,-3.980529,-79.212910,Calle Rocafuerte,CON_FALLECIDOS,Caida,Falla mecanica,31,FALLECIDO,HOMBRE,CICLISTA,78,LESIONADO,MUJER,CICLISTA,,,,
2021-12-27 17:32:05,-4.012927,-79.189329,Calle Ramon Borrero,SOLO_DANOS,Atropellamiento,Visibilidad reducida,,,,,,,,,,,,
2021-09-23 10:24:46,-3.987083,-79.226892,Av. Isidro Ayora,CON_LESIONADOS,Accidente Laboral,Via resbaladiza o mojada,80,LESIONADO,NO_REGISTRA,OTRO,71,LESIONADO,NO_REGISTRA,MOTOCICLETA,,,,
2021-04-05 12:53:33,-4.036253,-79.227087,Calle Mercadillo,CON_LESIONADOS,Colision Multiple,Distraccion (celular/radio),37,LESIONADO,MUJER,VEH_LIVIANO,37,LESIONADO,NO_REGISTRA,PEATON,67,LESIONADO,NO_REGISTRA,MOTOCICLETA
2021-05-02 10:17:02,-4.017376,-79.191865,Av. Universitaria,CON_FALLECIDOS,Atropellamiento,Factores externos,21,FALLECIDO,HOMBRE,MOTOCICLETA,76,FALLECIDO,NO_REGISTRA,OTRO,56,LESIONADO,HOMBRE,VEH_LIVIANO
2021-02-22 06:18:19,-4.020674,-79.206510,Calle Montufar,CON_FALLECIDOS,Caida,Imprudencia del conductor,63,FALLECIDO,NO_REGISTRA,OTRO,,,,,,,,
2021-05-10 07:22:08,-4.011964,-79.193102,Calle Mercadillo,CON_FALLECIDOS,Volcamiento,Estado de embriaguez,19,FALLECIDO,MUJER,SCOOTER,20,LESIONADO,HOMBRE,MOTOCICLETA,19,LESIONADO,HOMBRE,CICLISTA
2021-11-09 08:14:32,-4.024492,-79.198460,Av. Metropolitana,SOLO_DANOS,Volcamiento,Visibilidad reducida,,,,,,,,,,,,
2021-03-17 13:31:05,-4.008944,-79.195680,Calle 18 de Noviembre,CON_FALLECIDOS,Atropellamiento,Visibilidad reducida,65,FALLECIDO,MUJER,MOTOCICLETA,,,,,,,,
2021-07-03 01:34:36,-3.996370,-79.214018,Calle Azogues,SOLO_DANOS,Colision Multiple,Estado de embriaguez,,,,,,,,,,,,
2021-09-06 00:48:37,-3.983984,-79.182462,Av. Pio Jaramillo,SOLO_DANOS,Atropellamiento,Factores externos,,,,,,,,,,,,
2021-06-09 23:11:59,-3.993514,-79.213264,Av. Orillas del Zamora,SOLO_DANOS,Caida,Inobservancia de senales,,,,,,,,,,,,
2021-04-05 07:20:26,-4.030678,-79.206292,Av. Rosa Hermosa,CON_FALLECIDOS,Incendio,Inobservancia de senales,82,FALLECIDO,MUJER,MOTOCICLETA,65,FALLECIDO,NO_REGISTRA,VEH_LIVIANO,80,LESIONADO,NO_REGISTRA,VEH_LIVIANO
2021-11-11 00:47:22,-4.031246,-79.199551,Ruta 35,CON_LESIONADOS,Caida,Factores externos,9,LESIONADO,HOMBRE,SCOOTER,62,LESIONADO,NO_REGISTRA,PEATON,,,,
2021-09-20 00:04:59,-3.995388,-79.208960,Via Loja - Catamayo,CON_FALLECIDOS,Caida,Exceso de velocidad,56,FALLECIDO,NO_REGISTRA,OTRO,21,LESIONADO,HOMBRE,SCOOTER,,,,
2021-12-16 17:42:15,-4.004636,-79.217103,Calle Saraguro,CON_LESIONADOS,Accidente Laboral,Falla mecanica,64,LESIONADO,NO_REGISTRA,VEH_LIVIANO,26,LESIONADO,MUJER,SCOOTER,24,LESIONADO,MUJER,SCOOTER
2021-11-29 00:04:06,-3.998017,-79.187072,Calle Quito,CON_FALLECIDOS,Colision Multiple,Inobservancia de senales,64,FALLECIDO,HOMBRE,SCOOTER,71,LESIONADO,HOMBRE,PEATON,72,LESIONADO,NO_REGISTRA,MOTOCICLETA
2021-03-22 16:24:33,-4.023073,-79.209618,Calle Sucre,CON_LESIONADOS,Incendio,Via resbaladiza o mojada,37,LESIONADO,NO_REGISTRA,VEH_LIVIANO,13,LESIONADO,MUJER,SCOOTER,77,LESIONADO,NO_REGISTRA,PEATON
2021-04-18 17:04:01,-4.023467,-79.183857,Calle Sucre,CON_LESIONADOS,Atropellamiento,Exceso de velocidad,8,LESIONADO,HOMBRE,OTRO,67,LESIONADO,MUJER,OTRO,73,LESIONADO,MUJER,PEATON
2021-07-03 18:41:26,-4.028579,-79.186846,Calle Quito,SOLO_DANOS,Colision Multiple,Inobservancia de senales,,,,,,,,,,,,
2021-08-18 14:04:51,-4.010446,-79.205875,Calle 18 de Noviembre,CON_FALLECIDOS,Accidente Laboral,Via resbaladiza o mojada,30,FALLECIDO,NO_REGISTRA,MOTOCICLETA,32,LESIONADO,HOMBRE,VEH_LIVIANO,,,,
2021-01-23 00:23:37,-4.001235,-79.227569,Av. Universitaria,CON_LESIONADOS,Atropellamiento,Via resbaladiza o mojada,57,LESIONADO,NO_REGISTRA,MOTOCICLETA,13,LESIONADO,NO_REGISTRA,PEATON,61,LESIONADO,HOMBRE,PEATON
2021-04-26 10:15:28,-4.009201,-79.216020,Av. Gran Colombia,CON_FALLECIDOS,Accidente Laboral,Factores externos,76,FALLECIDO,HOMBRE,PEATON,45,LESIONADO,MUJER,OTRO,,,,
2021-06-28 05:40:01,-3.985129,-79.192393,Av. Manuel Agustin Aguirre,SOLO_DANOS,Atropellamiento,Inobservancia de senales,79,LESIONADO,MUJER,VEH_LIVIANO,,,,,,,,
2021-02-23 08:37:38,-3.993303,-79.198043,Av. Cuxibamba,CON_LESIONADOS,Volcamiento,Estado de embriaguez,28,LESIONADO,MUJER,PEATON,,,,,,,,
2021-06-17 04:18:32,-4.024979,-79.193243,Calle Bolivar,SOLO_DANOS,Choque Vehicular,Mal estado de la via,,,,,,,,,,,,
2021-11-29 08:46:47,-4.034310,-79.223190,Av. Metropolitana,SOLO_DANOS,Caida,Exceso de velocidad,,,,,,,,,,,,
2021-10-12 09:33:29,-3.992647,-79.184557,Calle Montufar,SOLO_DANOS,Caida,Factores externos,50,LESIONADO,MUJER,PEATON,,,,,,,,
2021-11-02 15:32:26,-4.025025,-79.229322,Calle Saraguro,CON_LESIONADOS,Incendio,Falla mecanica,63,LESIONADO,MUJER,OTRO,49,LESIONADO,HOMBRE,SCOOTER,78,LESIONADO,HOMBRE,SCOOTER
2021-04-27 16:46:13,-4.002541,-79.201887,Ruta 35,CON_FALLECIDOS,Choque Vehicular,Mal estado de la via,65,FALLECIDO,MUJER,VEH_LIVIANO,75,FALLECIDO,HOMBRE,CICLISTA,,,,
2021-11-29 17:51:04,-4.035390,-79.185308,Calle Mercadillo,CON_LESIONADOS,Caida,Imprudencia del conductor,29,LESIONADO,MUJER,PEATON,16,LESIONADO,NO_REGISTRA,OTRO,12,LESIONADO,NO_REGISTRA,SCOOTER
2021-10-22 03:00:26,-4.034540,-79.227848,Av. Gran Colombia,CON_FALLECIDOS,Incendio,Exceso de velocidad,58,FALLECIDO,MUJER,VEH_LIVIANO,50,LESIONADO,NO_REGISTRA,PEATON,65,LESIONADO,HOMBRE,CICLISTA
2021-11-21 02:29:49,-3.991755,-79.182150,Av. Manuel Agustin Aguirre,CON_FALLECIDOS,Accidente Laboral,Via resbaladiza o mojada,31,FALLECIDO,NO_REGISTRA,SCOOTER,51,FALLECIDO,HOMBRE,PEATON,70,LESIONADO,NO_REGISTRA,SCOOTER
2021-12-11 09:22:40,-3.999703,-79.198566,Via Loja - Catamayo,CON_FALLECIDOS,Colision Multiple,Equipo de seguridad deficiente,46,FALLECIDO,HOMBRE,PEATON,56,FALLECIDO,HOMBRE,SCOOTER,40,LESIONADO,MUJER,VEH_LIVIANO
2021-11-10 06:15:25,-4.003081,-79.208093,Av. Universitaria,CON_FALLECIDOS,Caida,Mal estado de la via,80,FALLECIDO,NO_REGISTRA,SCOOTER,,,,,,,,
2021-08-19 04:53:05,-4.011076,-79.192229,Av. Universitaria,SOLO_DANOS,Colision Multiple,Inobservancia de senales,,,,,,,,,,,,
2021-03-03 00:23:07,-4.008483,-79.218821,Av. Rosa Hermosa,SOLO_DANOS,Choque Vehicular,Mal estado de la via,,,,,,,,,,,,
2021-08-18 21:43:54,-3.992687,-79.194793,Calle Rocafuerte,SOLO_DANOS,Colision Multiple,Falla mecanica,,,,,,,,,,,,
2021-07-09 10:38:40,-4.012726,-79.179107,Av. Metropolitana,CON_LESIONADOS,Colision Multiple,Exceso de velocidad,42,LESIONADO,MUJER,PEATON,38,LESIONADO,NO_REGISTRA,PEATON,,,,
2021-03-21 09:23:17,-4.028943,-79.216883,Calle 18 de Noviembre,SOLO_DANOS,Accidente Laboral,Visibilidad reducida,15,LESIONADO,NO_REGISTRA,PEATON,,,,,,,,
2021-08-06 01:43:30,-4.015878,-79.192249,Av. Manuel Agustin Aguirre,CON_LESIONADOS,Caida,Fatiga del conductor,33,LESIONADO,HOMBRE,OTRO,68,LESIONADO,NO_REGISTRA,PEATON,54,LESIONADO,MUJER,OTRO
2021-04-21 13:40:58,-3.980378,-79.214772,Av. Manuel Agustin Aguirre,CON_FALLECIDOS,Volcamiento,Mal estado de la via,71,FALLECIDO,NO_REGISTRA,OTRO,74,FALLECIDO,NO_REGISTRA,SCOOTER,,,,
2021-02-16 06:36:31,-4.019680,-79.199891,Av. Isidro Ayora,CON_LESIONADOS,Colision Multiple,Equipo de seguridad deficiente,21,LESIONADO,NO_REGISTRA,SCOOTER,,,,,,,,
2021-12-18 20:41:33,-4.032529,-79.197426,Av. Rosa Hermosa,CON_LESIONADOS,Choque Vehicular,Via resbaladiza o mojada,69,LESIONADO,MUJER,CICLISTA,54,LESIONADO,NO_REGISTRA,PEATON,,,,
2021-11-26 00:20:01,-4.024110,-79.189237,Via Loja - Zamora,SOLO_DANOS,Incendio,Falla mecanica,,,,,,,,,,,,
2021-09-26 02:36:44,-4.001511,-79.196566,Calle Montufar,CON_LESIONADOS,Incendio,Falla mecanica,36,LESIONADO,MUJER,MOTOCICLETA,5,LESIONADO,MUJER,CICLISTA,59,LESIONADO,MUJER,CICLISTA
2021-08-31 18:11:40,-4.010679,-79.178898,Av. Reinaldo Espinosa,CON_LESIONADOS,Incendio,Inobservancia de senales,11,LESIONADO,NO_REGISTRA,CICLISTA,59,LESIONADO,MUJER,VEH_LIVIANO,43,LESIONADO,NO_REGISTRA,MOTOCICLETA
2021-06-07 11:25:34,-3.979668,-79.217538,Av. Universitaria,CON_FALLECIDOS,Volcamiento,Equipo de seguridad deficiente,64,FALLECIDO,NO_REGISTRA,OTRO,29,FALLECIDO,MUJER,OTRO,34,LESIONADO,NO_REGISTRA,PEATON