fecha_hora,latitud,longitud,via,grado_severidad,tipo_siniestro,causa_probable,victima1_edad,victima1_condicion,victima1_sexo,victima1_actor_vial,victima2_edad,victima2_condicion,victima2_sexo,victima2_actor_vial,victima3_edad,victima3_condicion,victima3_sexo,victima3_actor_vial
2021-10-09 19:19:03,-4.035253,-79.215233,Av. 8 de Diciembre,CON_FALLECIDOS,Colision Multiple,Estado de embriaguez,64,FALLECIDO,HOMBRE,VEH_LIVIANO,67,LESIONADO,MUJER,PEATON,,,,
2021-11-05 16:45:24,-3.986256,-79.177634,Av. Isidro Ayora,CON_FALLECIDOS,Volcamiento,Imprudencia del conductor,34,FALLECIDO,HOMBRE,SCOOTER,40,FALLECIDO,NO_REGISTRA,OTRO,67,LESIONADO,NO_REGISTRA,SCOOTER
2021-05-01 07:45:19,-4.033293,-79.206739,Calle Mercadillo,CON_FALLECIDOS,Accidente Laboral,Equipo de seguridad deficiente,54,FALLECIDO,MUJER,VEH_LIVIANO,,,,,,,,
2021-02-05 15:10:29,-3.984900,-79.206114,Av. Reinaldo Espinosa,CON_FALLECIDOS,Accidente Laboral,Falla mecanica,42,FALLECIDO,MUJER,SCOOTER,45,LESIONADO,MUJER,MOTOCICLETA,,,,
2021-08-20 00:25:56,-4.020279,-79.213607,Calle Azogues,SOLO_DANOS,Atropellamiento,Estado de embriaguez,,,,,,,,,,,,
2021-07-06 01:36:23,-4.025354,-79.221535,Calle Imbabura,CON_FALLECIDOS,Accidente Laboral,Inobservancia de senales,77,FALLECIDO,NO_REGISTRA,SCOOTER,41,FALLECIDO,MUJER,SCOOTER,,,,
2021-01-21 12:01:46,-3.984217,-79.225036,Calle Miguel Riofrio,CON_FALLECIDOS,Caida,Falla mecanica,51,FALLECIDO,HOMBRE,SCOOTER,14,LESIONADO,HOMBRE,SCOOTER,,,,
2021-09-08 03:38:03,-4.031174,-79.183223,Calle Azogues,CON_LESIONADOS,Volcamiento,Equipo de seguridad deficiente,7,LESIONADO,HOMBRE,SCOOTER,,,,,,,,
2021-09-03 00:22:17,-3.993601,-79.214959,Calle Sucre,CON_LESIONADOS,Choque Vehicular,Estado de embriaguez,9,LESIONADO,NO_REGISTRA,OTRO,13,LESIONADO,HOMBRE,PEATON,,,,
2021-09-26 04:04:23,-3.979767,-79.220424,Calle Bolivar,SOLO_DANOS,Incendio,Fatiga del conductor,,,,,,,,,,,,
2021-11-16 14:43:40,-4.036596,-79.208710,Calle Montufar,CON_LESIONADOS,Caida,Visibilidad reducida,11,LESIONADO,NO_REGISTRA,VEH_LIVIANO,26,LESIONADO,MUJER,CICLISTA,,,,
2021-07-03 04:14:14,-4.034049,-79.205549,Calle Mercadillo,SOLO_DANOS,Atropellamiento,Exceso de velocidad,,,,,,,,,,,,
2021-09-16 02:44:20,-4.011423,-79.182838,Calle Saraguro,CON_LESIONADOS,Incendio,Fatiga del conductor,9,LESIONADO,NO_REGISTRA,SCOOTER,,,,,,,,
2021-12-11 13:47:08,-3.985871,-79.190276,Calle Montufar,SOLO_DANOS,Caida,Estado de embriaguez,,,,,,,,,,,,
2021-09-19 15:15:05,-3.995207,-79.193849,Av. Manuel Agustin Aguirre,SOLO_DANOS,Colision Multiple,Visibilidad reducida,,,,,,,,,,,,
2021-12-11 22:41:13,-4.032767,-79.227184,Via Loja - Catamayo,CON_FALLECIDOS,Atropellamiento,Exceso de velocidad,73,FALLECIDO,MUJER,MOTOCICLETA,76,FALLECIDO,MUJER,VEH_LIVIANO,28,LESIONADO,MUJER,OTRO
2021-12-25 10:55:01,-4.025372,-79.174397,Av. Orillas del Zamora,CON_FALLECIDOS,Choque Vehicular,Inobservancia de senales,63,FALLECIDO,MUJER,VEH_LIVIANO,65,FALLECIDO,HOMBRE,SCOOTER,64,LESIONADO,HOMBRE,SCOOTER
2021-04-12 21:56:41,-4.018724,-79.211910,Av. 8 de Diciembre,CON_FALLECIDOS,Choque Vehicular,Via resbaladiza o mojada,40,FALLECIDO,MUJER,PEATON,6,LESIONADO,HOMBRE,MOTOCICLETA,50,LESIONADO,NO_REGISTRA,OTRO
2021-04-30 21:17:35,-4.028331,-79.200645,Av. Isidro Ayora,CON_FALLECIDOS,Atropellamiento,Distraccion (celular/radio),26,FALLECIDO,NO_REGISTRA,CICLISTA,48,FALLECIDO,MUJER,SCOOTER,,,,
2021-04-04 21:24:47,-4.022801,-79.206617,Av. Reinaldo Espinosa,CON_FALLECIDOS,Choque Vehicular,Distraccion (celular/radio),66,FALLECIDO,MUJER,SCOOTER,28,LESIONADO,MUJER,VEH_LIVIANO,,,,
2021-11-03 04:03:55,-4.006291,-79.174212,Av. Cuxibamba,SOLO_DANOS,Colision Multiple,Factores externos,,,,,,,,,,,,
2021-08-22 05:05:54,-4.026504,-79.200564,Av. Manuel Agustin Aguirre,SOLO_DANOS,Accidente Laboral,Falla mecanica,,,,,,,,,,,,
2021-05-20 06:15:42,-3.981536,-79.225650,Av. Orillas del Zamora,CON_FALLECIDOS,Volcamiento,Exceso de velocidad,46,FALLECIDO,HOMBRE,VEH_LIVIANO,61,FALLECIDO,MUJER,PEATON,75,LESIONADO,NO_REGISTRA,SCOOTER
2021-06-17 22:50:22,-3.977832,-79.182865,Av. 8 de Diciembre,SOLO_DANOS,Accidente Laboral,Estado de embriaguez,,,,,,,,,,,,
2021-06-01 05:46:36,-4.031480,-79.209913,Calle Colon,SOLO_DANOS,Colision Multiple,Equipo de seguridad deficiente,60,LESIONADO,MUJER,VEH_LIVIANO,,,,,,,,
2021-08-10 22:11:11,-4.025844,-79.208940,Av. Manuel Agustin Aguirre,SOLO_DANOS,Caida,Inobservancia de senales,,,,,,,,,,,,
2021-12-15 17:39:26,-3.978679,-79.210897,Calle Colon,CON_LESIONADOS,Incendio,Factores externos,20,LESIONADO,MUJER,OTRO,,,,,,,,
2021-02-28 03:21:46,-3.995143,-79.182895,Av. Gran Colombia,CON_LESIONADOS,Volcamiento,Equipo de seguridad deficiente,44,LESIONADO,NO_REGISTRA,CICLISTA,62,LESIONADO,NO_REGISTRA,CICLISTA,74,LESIONADO,MUJER,SCOOTER
2021-04-21 03:33:08,-3.986043,-79.209827,Calle Azogues,CON_FALLECIDOS,Atropellamiento,Via resbaladiza o mojada,76,FALLECIDO,MUJER,VEH_LIVIANO,,,,,,,,
2021-05-02 17:28:51,-4.020496,-79.227122,Calle 10 de Agosto,CON_FALLECIDOS,Atropellamiento,Factores externos,64,FALLECIDO,HOMBRE,SCOOTER,81,FALLECIDO,NO_REGISTRA,VEH_LIVIANO,,,,
2021-02-10 05:50:08,-3.999789,-79.178606,Calle Mercadillo,CON_FALLECIDOS,Incendio,Inobservancia de senales,45,FALLECIDO,NO_REGISTRA,PEATON,19,LESIONADO,NO_REGISTRA,OTRO,68,LESIONADO,HOMBRE,SCOOTER
2021-07-20 06:39:22,-3.994878,-79.224993,Calle Mercadillo,SOLO_DANOS,Incendio,Imprudencia del conductor,,,,,,,,,,,,
2021-01-20 20:48:31,-4.003523,-79.178021,Calle Montufar,CON_FALLECIDOS,Colision Multiple,Exceso de velocidad,46,FALLECIDO,NO_REGISTRA,VEH_LIVIANO,31,FALLECIDO,NO_REGISTRA,PEATON,24,LESIONADO,HOMBRE,VEH_LIVIANO
2021-06-27 02:33:43,-4.030288,-79.179562,Calle Miguel Riofrio,SOLO_DANOS,Colision Multiple,Via resbaladiza o mojada,,,,,,,,,,,,
2021-08-02 12:40:39,-3.987255,-79.224687,Via Loja - Zamora,CON_FALLECIDOS,Caida,Exceso de velocidad,61,FALLECIDO,MUJER,MOTOCICLETA,,,,,,,,
2021-01-26 02:16:53,-4.002618,-79.183443,Ruta 35,CON_LESIONADOS,Colision Multiple,Factores externos,51,LESIONADO,MUJER,MOTOCICLETA,,,,,,,,
2021-11-25 22:46:15,-4.021779,-79.190053,Av. Pio Jaramillo,SOLO_DANOS,Colision Multiple,Fatiga del conductor,,,,,,,,,,,,
2021-08-06 15:18:17,-3.982329,-79.218876,Calle Ramon Borrero,SOLO_DANOS,Accidente Laboral,Inobservancia de senales,,,,,,,,,,,,
2021-02-03 23:44:21,-4.033660,-79.195222,Ruta 35,SOLO_DANOS,Caida,Mal estado de la via,77,LESIONADO,MUJER,CICLISTA,,,,,,,,
2021-03-03 21:06:35,-4.022551,-79.216632,Calle Rocafuerte,CON_LESIONADOS,Colision Multiple,Inobservancia de senales,53,LESIONADO,NO_REGISTRA,PEATON,77,LESIONADO,MUJER,OTRO,51,LESIONADO,HOMBRE,MOTOCICLETA
2021-02-01 00:22:46,-4.034479,-79.223706,Calle Mercadillo,CON_FALLECIDOS,Caida,Fatiga del conductor,70,FALLECIDO,HOMBRE,PEATON,45,FALLECIDO,HOMBRE,SCOOTER,55,LESIONADO,NO_REGISTRA,MOTOCICLETA
2021-01-20 20:02:13,-3.999167,-79.173877,Calle Montufar,CON_FALLECIDOS,Accidente Laboral,Visibilidad reducida,32,FALLECIDO,MUJER,VEH_LIVIANO,26,FALLECIDO,NO_REGISTRA,VEH_LIVIANO,46,LESIONADO,HOMBRE,SCOOTER
2021-07-28 10:33:14,-4.005985,-79.216026,Calle Mercadillo,SOLO_DANOS,Accidente Laboral,Falla mecanica,,,,,,,,,,,,
2021-07-07 10:34:07,-4.027420,-79.207642,Calle Saraguro,SOLO_DANOS,Incendio,Fatiga del conductor,44,LESIONADO,HOMBRE,OTRO,,,,,,,,
2021-08-24 02:31:54,-3.999328,-79.207861,Calle Miguel Riofrio,SOLO_DANOS,Volcamiento,Imprudencia del conductor,,,,,,,,,,,,
2021-08-30 00:49:58,-4.027102,-79.184072,Av. Cuxibamba,CON_FALLECIDOS,Colision Multiple,Fatiga del conductor,37,FALLECIDO,HOMBRE,MOTOCICLETA,75,FALLECIDO,HOMBRE,SCOOTER,32,LESIONADO,MUJER,VEH_LIVIANO
2021-11-13 18:23:24,-3.988898,-79.179155,Av. Gran Colombia,CON_LESIONADOS,Choque Vehicular,Via resbaladiza o mojada,61,LESIONADO,HOMBRE,CICLISTA,62,LESIONADO,NO_REGISTRA,SCOOTER,34,LESIONADO,MUJER,MOTOCICLETA
2021-01-03 11:02:52,-4.016189,-79.176454,Calle Montufar,CON_FALLECIDOS,Colision Multiple,Inobservancia de senales,69,FALLECIDO,HOMBRE,CICLISTA,32,FALLECIDO,MUJER,CICLISTA,76,LESIONADO,NO_REGISTRA,PEATON
2021-04-16 16:01:31,-3.986203,-79.187411,Calle Colon,CON_LESIONADOS,Atropellamiento,Equipo de seguridad deficiente,22,LESIONADO,NO_REGISTRA,VEH_LIVIANO,45,LESIONADO,HOMBRE,OTRO,,,,
2021-05-12 01:50:15,-4.036074,-79.208988,Calle Ramon Borrero,SOLO_DANOS,Choque Vehicular,Inobservancia de senales,,,,,,,,,,,,
2021-10-17 05:23:38,-4.022409,-79.199000,Av. Orillas del Zamora,CON_LESIONADOS,Choque Vehicular,Falla mecanica,71,LESIONADO,MUJER,SCOOTER,76,LESIONADO,MUJER,OTRO,,,,
2021-03-26 12:04:37,-4.009357,-79.198368,Calle Rocafuerte,CON_FALLECIDOS,Caida,Equipo de seguridad deficiente,50,FALLECIDO,HOMBRE,PEATON,9,LESIONADO,HOMBRE,MOTOCICLETA,60,LESIONADO,MUJER,CICLISTA
2021-09-07 22:43:49,-4.029859,-79.219830,Via Loja - Zamora,CON_FALLECIDOS,Atropellamiento,Equipo de seguridad deficiente,70,FALLECIDO,HOMBRE,SCOOTER,56,FALLECIDO,NO_REGISTRA,OTRO,73,LESIONADO,MUJER,PEATON
2021-10-10 07:50:38,-3.990070,-79.225160,Av. Orillas del Zamora,CON_FALLECIDOS,Colision Multiple,Exceso de velocidad,29,FALLECIDO,NO_REGISTRA,MOTOCICLETA,,,,,,,,
2021-05-25 16:26:21,-4.034502,-79.204331,Calle Montufar,CON_LESIONADOS,Caida,Distraccion (celular/radio),29,LESIONADO,HOMBRE,MOTOCICLETA,56,LESIONADO,NO_REGISTRA,VEH_LIVIANO,29,LESIONADO,MUJER,SCOOTER
2021-03-09 15:28:23,-3.981594,-79.187352,Av. Universitaria,SOLO_DANOS,Caida,Mal estado de la via,,,,,,,,,,,,
2021-01-14 16:17:26,-4.013040,-79.221477,Av. Reinaldo Espinosa,SOLO_DANOS,Choque Vehicular,Via resbaladiza o mojada,,,,,,,,,,,,
2021-01-13 10:36:38,-4.002668,-79.197183,Av. Isidro Ayora,CON_FALLECIDOS,Choque Vehicular,Exceso de velocidad,77,FALLECIDO,NO_REGISTRA,CICLISTA,69,LESIONADO,MUJER,SCOOTER,,,,
2021-07-24 02:49:23,-4.029962,-79.176743,Calle 18 de Noviembre,CON_LESIONADOS,Caida,Distraccion (celular/radio),52,LESIONADO,HOMBRE,VEH_LIVIANO,,,,,,,,
2021-10-07 00:15:29,-3.982397,-79.203649,Calle Quito,CON_LESIONADOS,Incendio,Estado de embriaguez,72,LESIONADO,MUJER,PEATON,6,LESIONADO,NO_REGISTRA,MOTOCICLETA,,,,
2021-05-13 11:56:32,-3.994358,-79.200333,Ruta 35,CON_FALLECIDOS,Caida,Inobservancia de senales,55,FALLECIDO,MUJER,OTRO,25,FALLECIDO,MUJER,SCOOTER,21,LESIONADO,NO_REGISTRA,SCOOTER
2021-03-28 20:27:48,-4.016963,-79.178024,Calle Ramon Borrero,SOLO_DANOS,Choque Vehicular,Falla mecanica,,,,,,,,,,,,
2021-12-21 03:43:19,-4.032504,-79.186034,Av. Metropolitana,CON_FALLECIDOS,Caida,Visibilidad reducida,49,FALLECIDO,MUJER,OTRO,39,LESIONADO,HOMBRE,PEATON,,,,
2021-03-23 05:53:17,-4.018478,-79.222556,Calle Montufar,SOLO_DANOS,Colision Multiple,Factores externos,,,,,,,,,,,,
2021-07-19 17:01:02,-3.994526,-79.186730,Calle Rocafuerte,CON_FALLECIDOS,Atropellamiento,Inobservancia de senales,57,FALLECIDO,MUJER,PEATON,23,FALLECIDO,HOMBRE,SCOOTER,,,,
2021-12-06 00:31:48,-3.991110,-79.191128,Calle Bolivar,CON_FALLECIDOS,Volcamiento,Mal estado de la via,84,FALLECIDO,NO_REGISTRA,PEATON,16,LESIONADO,MUJER,CICLISTA,80,LESIONADO,HOMBRE,VEH_LIVIANO
2021-10-20 10:41:48,-4.006382,-79.193626,Ruta 35,CON_FALLECIDOS,Volcamiento,Estado de embriaguez,53,FALLECIDO,MUJER,PEATON,37,FALLECIDO,NO_REGISTRA,SCOOTER,,,,
2021-05-21 22:44:02,-4.014854,-79.175787,Av. Universitaria,CON_LESIONADOS,Atropellamiento,Distraccion (celular/radio),27,LESIONADO,NO_REGISTRA,VEH_LIVIANO,5,LESIONADO,HOMBRE,PEATON,,,,
2021-11-21 10:01:47,-4.000467,-79.174440,Calle Ramon Borrero,SOLO_DANOS,Caida,Imprudencia del conductor,,,,,,,,,,,,
2021-09-08 22:17:42,-4.007454,-79.207951,Av. Pio Jaramillo,CON_LESIONADOS,Accidente Laboral,Factores externos,41,LESIONADO,HOMBRE,VEH_LIVIANO,51,LESIONADO,HOMBRE,CICLISTA,,,,
2021-09-15 05:06:31,-4.001507,-79.216366,Calle Miguel Riofrio,CON_LESIONADOS,Atropellamiento,Distraccion (celular/radio),48,LESIONADO,MUJER,SCOOTER,,,,,,,,
2021-03-16 07:44:33,-4.011836,-79.213382,Av. Pio Jaramillo,SOLO_DANOS,Volcamiento,Distraccion (celular/radio),,,,,,,,,,,,
2021-07-16 18:50:06,-4.003690,-79.214130,Av. Pio Jaramillo,CON_LESIONADOS,Colision Multiple,Inobservancia de senales,55,LESIONADO,NO_REGISTRA,OTRO,57,LESIONADO,HOMBRE,VEH_LIVIANO,16,LESIONADO,MUJER,VEH_LIVIANO
2021-01-25 08:33:59,-4.026321,-79.171468,Calle 10 de Agosto,CON_LESIONADOS,Choque Vehicular,Visibilidad reducida,38,LESIONADO,HOMBRE,SCOOTER,16,LESIONADO,MUJER,SCOOTER,39,LESIONADO,HOMBRE,MOTOCICLETA
2021-08-06 07:13:03,-4.001686,-79.181626,Av. Universitaria,CON_LESIONADOS,Atropellamiento,Fatiga del conductor,38,LESIONADO,MUJER,VEH_LIVIANO,29,LESIONADO,NO_REGISTRA,MOTOCICLETA,,,,
2021-02-27 08:47:46,-4.023436,-79.183034,Calle Miguel Riofrio,SOLO_DANOS,Caida,Falla mecanica,,,,,,,,,,,,
2021-03-13 21:31:32,-4.012292,-79.220030,Av. Manuel Agustin Aguirre,CON_FALLECIDOS,Atropellamiento,Distraccion (celular/radio),75,FALLECIDO,NO_REGISTRA,MOTOCICLETA,15,LESIONADO,MUJER,OTRO,,,,
2021-12-15 07:22:21,-4.036590,-79.224365,Av. Gran Colombia,CON_FALLECIDOS,Choque Vehicular,Visibilidad reducida,20,FALLECIDO,MUJER,VEH_LIVIANO,68,FALLECIDO,NO_REGISTRA,MOTOCICLETA,21,LESIONADO,NO_REGISTRA,VEH_LIVIANO
2021-05-27 09:04:36,-4.019824,-79.175777,Calle 18 de Noviembre,CON_FALLECIDOS,Incendio,Via resbaladiza o mojada,65,FALLECIDO,MUJER,CICLISTA,76,FALLECIDO,MUJER,OTRO,53,LESIONADO,HOMBRE,CICLISTA
2021-09-15 17:37:56,-3.978860,-79.177017,Av. 8 de Diciembre,CON_FALLECIDOS,Accidente Laboral,Imprudencia del conductor,31,FALLECIDO,NO_REGISTRA,SCOOTER,49,FALLECIDO,HOMBRE,VEH_LIVIANO,80,LESIONADO,MUJER,CICLISTA
2021-04-27 02:38:10,-3.995151,-79.179010,Calle 18 de Noviembre,CON_FALLECIDOS,Atropellamiento,Via resbaladiza o mojada,37,FALLECIDO,MUJER,OTRO,40,FALLECIDO,MUJER,PEATON,,,,
2021-05-19 01:54:08,-4.019105,-79.180487,Av. Reinaldo Espinosa,SOLO_DANOS,Choque Vehicular,Via resbaladiza o mojada,,,,,,,,,,,,
2021-04-01 23:28:23,-4.027459,-79.207867,Av. Pio Jaramillo,CON_LESIONADOS,Incendio,Fatiga del conductor,58,LESIONADO,HOMBRE,CICLISTA,,,,,,,,
2021-02-21 07:26:46,-4.012154,-79.220219,Av. Metropolitana,CON_LESIONADOS,Volcamiento,Falla mecanica,7,LESIONADO,NO_REGISTRA,MOTOCICLETA,63,LESIONADO,NO_REGISTRA,VEH_LIVIANO,,,,
2021-07-18 05:58:08,-4.002879,-79.223577,Calle 18 de Noviembre,CON_LESIONADOS,Choque Vehicular,Via resbaladiza o mojada,64,LESIONADO,NO_REGISTRA,OTRO,45,LESIONADO,HOMBRE,OTRO,,,,
2021-08-12 13:00:07,-4.021103,-79.207786,Calle Mercadillo,CON_FALLECIDOS,Incendio,Exceso de velocidad,18,FALLECIDO,NO_REGISTRA,PEATON,,,,,,,,
2021-02-17 16:43:04,-4.022203,-79.230251,Calle Azogues,CON_LESIONADOS,Colision Multiple,Exceso de velocidad,51,LESIONADO,HOMBRE,CICLISTA,,,,,,,,
2021-03-06 03:32:50,-4.028600,-79.173630,Ruta 35,SOLO_DANOS,Colision Multiple,Estado de embriaguez,,,,,,,,,,,,
2021-05-21 23:51:20,-4.019542,-79.174374,Calle Montufar,SOLO_DANOS,Atropellamiento,Equipo de seguridad deficiente,,,,,,,,,,,,
2021-09-04 10:13:48,-4.030141,-79.188131,Av. Universitaria,SOLO_DANOS,Incendio,Equipo de seguridad deficiente,,,,,,,,,,,,
2021-12-08 20:33:06,-4.002247,-79.205765,Calle Bolivar,CON_LESIONADOS,Atropellamiento,Falla mecanica,78,LESIONADO,MUJER,VEH_LIVIANO,46,LESIONADO,HOMBRE,MOTOCICLETA,,,,
2021-03-25 20:24:34,-3.998720,-79.190312,Calle Saraguro,CON_LESIONADOS,Choque Vehicular,Exceso de velocidad,34,LESIONADO,HOMBRE,MOTOCICLETA,69,LESIONADO,MUJER,MOTOCICLETA,67,LESIONADO,MUJER,VEH_LIVIANO
2021-02-05 06:57:41,-3.994607,-79.176357,Calle Sucre,CON_FALLECIDOS,Incendio,Visibilidad reducida,83,FALLECIDO,NO_REGISTRA,PEATON,81,FALLECIDO,HOMBRE,MOTOCICLETA,37,LESIONADO,HOMBRE,CICLISTA
2021-09-11 08:43:28,-4.014709,-79.204550,Av. Rosa Hermosa,SOLO_DANOS,Choque Vehicular,Distraccion (celular/radio),,,,,,,,,,,,
2021-07-13 18:35:37,-4.023099,-79.213532,Calle 18 de Noviembre,CON_LESIONADOS,Caida,Exceso de velocidad,59,LESIONADO,HOMBRE,OTRO,20,LESIONADO,MUJER,CICLISTA,,,,
2021-03-24 05:34:06,-4.027414,-79.205847,Calle Azogues,SOLO_DANOS,Incendio,Fatiga del conductor,,,,,,,,,,,,
2021-09-20 20:44:00,-3.998511,-79.205527,Calle Sucre,CON_FALLECIDOS,Caida,Fatiga del conductor,73,FALLECIDO,NO_REGISTRA,VEH_LIVIANO,50,FALLECIDO,HOMBRE,VEH_LIVIANO,,,,
2021-06-22 14:08:20,-4.012997,-79.228460,Calle Mercadillo,CON_LESIONADOS,Caida,Falla mecanica,75,LESIONADO,HOMBRE,OTRO,,,,,,,,
2021-07-05 08:02:19,-3.990688,-79.220885,Calle Ramon Borrero,SOLO_DANOS,Atropellamiento,Factores externos,42,LESIONADO,HOMBRE,CICLISTA,,,,,,,,
2021-02-10 21:36:13,-4.013336,-79.226091,Av. Rosa Hermosa,CON_LESIONADOS,Caida,Via resbaladiza o mojada,70,LESIONADO,MUJER,CICLISTA,47,LESIONADO,HOMBRE,SCOOTER,39,LESIONADO,HOMBRE,OTRO
2021-09-26 00:54:47,-4.036477,-79.186123,Av. Cuxibamba,SOLO_DANOS,Accidente Laboral,Fatiga del conductor,,,,,,,,,,,,
2021-04-29 13:52:41,-4.021995,-79.210128,Via Loja - Catamayo,CON_FALLECIDOS,Choque Vehicular,Imprudencia del conductor,56,FALLECIDO,MUJER,VEH_LIVIANO,,,,,,,,
2021-05-17 21:24:24,-3.981111,-79.175718,Calle Montufar,CON_LESIONADOS,Atropellamiento,Falla mecanica,66,LESIONADO,MUJER,CICLISTA,40,LESIONADO,NO_REGISTRA,SCOOTER,24,LESIONADO,HOMBRE,MOTOCICLETA
2021-03-06 20:35:18,-4.022056,-79.227651,Calle Montufar,CON_LESIONADOS,Caida,Distraccion (celular/radio),52,LESIONADO,MUJER,MOTOCICLETA,,,,,,,,
2021-02-04 19:27:10,-3.995280,-79.184221,Calle Colon,CON_FALLECIDOS,Colision Multiple,Mal estado de la via,60,FALLECIDO,NO_REGISTRA,PEATON,71,FALLECIDO,MUJER,SCOOTER,62,LESIONADO,HOMBRE,OTRO
2021-10-12 02:41:21,-3.988222,-79.189108,Av. Metropolitana,SOLO_DANOS,Incendio,Imprudencia del conductor,,,,,,,,,,,,
2021-09-07 00:06:28,-3.987054,-79.196900,Calle Imbabura,CON_LESIONADOS,Choque Vehicular,Mal estado de la via,69,LESIONADO,NO_REGISTRA,SCOOTER,32,LESIONADO,HOMBRE,CICLISTA,,,,
2021-01-25 19:00:19,-4.029893,-79.194759,Calle Mercadillo,CON_LESIONADOS,Caida,Distraccion (celular/radio),50,LESIONADO,NO_REGISTRA,MOTOCICLETA,56,LESIONADO,MUJER,VEH_LIVIANO,33,LESIONADO,NO_REGISTRA,CICLISTA
2021-04-18 07:20:52,-3.995196,-79.174933,Calle Miguel Riofrio,CON_FALLECIDOS,Accidente Laboral,Equipo de seguridad deficiente,67,FALLECIDO,HOMBRE,PEATON,81,FALLECIDO,MUJER,MOTOCICLETA,62,LESIONADO,NO_REGISTRA,SCOOTER
2021-06-13 14:50:37,-4.029526,-79.175353,Via Loja - Catamayo,CON_FALLECIDOS,Caida,Visibilidad reducida,39,FALLECIDO,NO_REGISTRA,CICLISTA,,,,,,,,
2021-08-03 07:32:34,-4.032396,-79.216403,Via Loja - Zamora,SOLO_DANOS,Atropellamiento,Mal estado de la via,,,,,,,,,,,,
2021-11-09 16:03:58,-4.023020,-79.217577,Av. Universitaria,SOLO_DANOS,Caida,Imprudencia del conductor,,,,,,,,,,,,
2021-03-08 23:29:49,-4.029378,-79.176121,Via Loja - Zamora,CON_LESIONADOS,Volcamiento,Visibilidad reducida,80,LESIONADO,HOMBRE,CICLISTA,40,LESIONADO,NO_REGISTRA,SCOOTER,58,LESIONADO,MUJER,OTRO
2021-06-09 11:27:34,-4.015129,-79.211439,Calle Azogues,SOLO_DANOS,Atropellamiento,Factores externos,,,,,,,,,,,,
2021-12-18 09:37:49,-3.981868,-79.194562,Calle Colon,SOLO_DANOS,Volcamiento,Imprudencia del conductor,,,,,,,,,,,,
2021-06-05 08:50:43,-4.016629,-79.198892,Calle 18 de Noviembre,SOLO_DANOS,Accidente Laboral,Via resbaladiza o mojada,,,,,,,,,,,,
2021-01-30 13:00:23,-4.009590,-79.216861,Av. Rosa Hermosa,CON_LESIONADOS,Accidente Laboral,Exceso de velocidad,5,LESIONADO,MUJER,PEATON,,,,,,,,
2021-01-29 17:47:08,-3.987133,-79.185392,Calle Ramon Borrero,SOLO_DANOS,Accidente Laboral,Estado de embriaguez,,,,,,,,,,,,
2021-04-03 12:11:16,-4.031101,-79.193058,Av. Manuel Agustin Aguirre,SOLO_DANOS,Colision Multiple,Equipo de seguridad deficiente,,,,,,,,,,,,
2021-06-19 23:57:28,-4.018845,-79.184763,Av. Rosa Hermosa,CON_FALLECIDOS,Volcamiento,Exceso de velocidad,37,FALLECIDO,NO_REGISTRA,OTRO,,,,,,,,
2021-10-17 07:53:49,-3.995108,-79.174437,Av. Orillas del Zamora,SOLO_DANOS,Caida,Imprudencia del conductor,,,,,,,,,,,,
2021-04-23 05:13:57,-4.010150,-79.196238,Via Loja - Catamayo,SOLO_DANOS,Accidente Laboral,Imprudencia del conductor,,,,,,,,,,,,
2021-04-16 02:45:16,-4.007239,-79.229895,Calle Bolivar,CON_LESIONADOS,Volcamiento,Visibilidad reducida,8,LESIONADO,HOMBRE,SCOOTER,,,,,,,,
2021-10-25 10:08:18,-3.985040,-79.213569,Calle Sucre,CON_LESIONADOS,Volcamiento,Exceso de velocidad,43,LESIONADO,MUJER,SCOOTER,,,,,,,,
2021-09-28 13:07:30,-4.023743,-79.227661,Calle Colon,SOLO_DANOS,Incendio,Fatiga del conductor,9,LESIONADO,MUJER,PEATON,,,,,,,,
2021-01-25 01:33:33,-4.020978,-79.206547,Av. Isidro Ayora,CON_LESIONADOS,Incendio,Via resbaladiza o mojada,31,LESIONADO,MUJER,OTRO,,,,,,,,
2021-01-19 21:15:51,-4.023311,-79.209648,Via Loja - Catamayo,CON_FALLECIDOS,Volcamiento,Exceso de velocidad,81,FALLECIDO,NO_REGISTRA,PEATON,,,,,,,,
2021-01-11 03:04:37,-4.018938,-79.211123,Calle 18 de Noviembre,CON_LESIONADOS,Choque Vehicular,Factores externos,24,LESIONADO,MUJER,MOTOCICLETA,19,LESIONADO,NO_REGISTRA,MOTOCICLETA,,,,
2021-06-18 04:12:54,-3.996702,-79.213706,Calle 18 de Noviembre,CON_LESIONADOS,Volcamiento,Equipo de seguridad deficiente,13,LESIONADO,MUJER,PEATON,34,LESIONADO,MUJER,CICLISTA,23,LESIONADO,MUJER,CICLISTA
2021-03-23 20:59:51,-3.981814,-79.198106,Av. Metropolitana,CON_LESIONADOS,Caida,Exceso de velocidad,79,LESIONADO,NO_REGISTRA,PEATON,8,LESIONADO,MUJER,SCOOTER,,,,
2021-08-19 17:30:49,-4.022204,-79.220860,Calle 18 de Noviembre,CON_FALLECIDOS,Caida,Visibilidad reducida,80,FALLECIDO,MUJER,MOTOCICLETA,37,LESIONADO,MUJER,PEATON,22,LESIONADO,NO_REGISTRA,PEATON