fecha_hora,latitud,longitud,via,grado_severidad,tipo_siniestro,causa_probable,victima1_edad,victima1_condicion,victima1_sexo,victima1_actor_vial,victima2_edad,victima2_condicion,victima2_sexo,victima2_actor_vial,victima3_edad,victima3_condicion,victima3_sexo,victima3_actor_vial
2021-01-14 10:34:26,-4.022857,-79.194686,Av. Pio Jaramillo,SOLO_DANOS,Atropellamiento,Distraccion (celular/radio),,,,,,,,,,,,
2021-02-24 09:14:45,-4.033688,-79.218753,Av. Isidro Ayora,CON_LESIONADOS,Volcamiento,Fatiga del conductor,20,LESIONADO,HOMBRE,MOTOCICLETA,47,LESIONADO,NO_REGISTRA,SCOOTER,63,LESIONADO,HOMBRE,OTRO
2021-07-01 03:09:52,-3.998358,-79.208016,Calle Azogues,CON_LESIONADOS,Atropellamiento,Imprudencia del conductor,69,LESIONADO,MUJER,SCOOTER,47,LESIONADO,MUJER,SCOOTER,,,,
2021-06-28 14:19:32,-4.002213,-79.192470,Calle 10 de Agosto,CON_FALLECIDOS,Choque Vehicular,Equipo de seguridad deficiente,25,FALLECIDO,HOMBRE,MOTOCICLETA,66,LESIONADO,HOMBRE,OTRO,70,LESIONADO,HOMBRE,SCOOTER
2021-02-11 14:13:53,-4.027638,-79.199945,Av. Universitaria,CON_FALLECIDOS,Atropellamiento,Inobservancia de senales,59,FALLECIDO,MUJER,VEH_LIVIANO,40,LESIONADO,HOMBRE,SCOOTER,40,LESIONADO,MUJER,MOTOCICLETA
2021-09-05 13:59:45,-3.985246,-79.171507,Av. Pio Jaramillo,CON_FALLECIDOS,Volcamiento,Factores externos,23,FALLECIDO,NO_REGISTRA,PEATON,45,FALLECIDO,NO_REGISTRA,CICLISTA,,,,
2021-12-14 09:02:07,-4.004543,-79.213213,Av. Universitaria,CON_LESIONADOS,Incendio,Factores externos,10,LESIONADO,MUJER,PEATON,13,LESIONADO,HOMBRE,SCOOTER,56,LESIONADO,MUJER,MOTOCICLETA
2021-09-11 02:30:46,-4.008119,-79.188110,Av. Cuxibamba,CON_LESIONADOS,Caida,Estado de embriaguez,64,LESIONADO,MUJER,VEH_LIVIANO,,,,,,,,
2021-01-24 01:02:19,-4.017368,-79.216545,Calle Colon,CON_LESIONADOS,Colision Multiple,Estado de embriaguez,12,LESIONADO,NO_REGISTRA,PEATON,62,LESIONADO,MUJER,SCOOTER,,,,
2021-11-15 00:54:46,-4.025170,-79.191844,Calle 18 de Noviembre,CON_LESIONADOS,Incendio,Visibilidad reducida,18,LESIONADO,NO_REGISTRA,VEH_LIVIANO,71,LESIONADO,NO_REGISTRA,PEATON,,,,
2021-01-29 08:33:57,-4.034110,-79.175284,Av. Gran Colombia,SOLO_DANOS,Atropellamiento,Via resbaladiza o mojada,,,,,,,,,,,,
2021-07-29 23:45:16,-3.980738,-79.195631,Av. Reinaldo Espinosa,CON_LESIONADOS,Atropellamiento,Falla mecanica,28,LESIONADO,MUJER,MOTOCICLETA,,,,,,,,
2021-04-15 00:41:08,-4.012703,-79.179954,Calle Ramon Borrero,CON_FALLECIDOS,Choque Vehicular,Visibilidad reducida,21,FALLECIDO,NO_REGISTRA,OTRO,61,FALLECIDO,NO_REGISTRA,SCOOTER,65,LESIONADO,HOMBRE,SCOOTER
2021-08-16 21:02:59,-4.004808,-79.212524,Calle Ramon Borrero,SOLO_DANOS,Atropellamiento,Exceso de velocidad,,,,,,,,,,,,
2021-11-08 23:18:21,-4.013063,-79.197223,Av. 8 de Diciembre,CON_FALLECIDOS,Incendio,Exceso de velocidad,38,FALLECIDO,NO_REGISTRA,MOTOCICLETA,76,FALLECIDO,HOMBRE,OTRO,13,LESIONADO,HOMBRE,VEH_LIVIANO
2021-10-02 21:25:21,-3.988135,-79.192105,Calle Rocafuerte,CON_FALLECIDOS,Choque Vehicular,Via resbaladiza o mojada,77,FALLECIDO,NO_REGISTRA,MOTOCICLETA,50,FALLECIDO,MUJER,SCOOTER,27,LESIONADO,NO_REGISTRA,CICLISTA
2021-02-18 03:07:33,-3.978822,-79.218354,Calle 18 de Noviembre,CON_FALLECIDOS,Colision Multiple,Exceso de velocidad,39,FALLECIDO,NO_REGISTRA,SCOOTER,36,FALLECIDO,NO_REGISTRA,PEATON,74,LESIONADO,MUJER,MOTOCICLETA
2021-07-26 00:25:54,-3.987758,-79.180281,Calle 18 de Noviembre,CON_LESIONADOS,Choque Vehicular,Via resbaladiza o mojada,45,LESIONADO,HOMBRE,VEH_LIVIANO,54,LESIONADO,MUJER,SCOOTER,,,,
2021-05-20 04:31:32,-4.033201,-79.229499,Calle Saraguro,SOLO_DANOS,Choque Vehicular,Factores externos,,,,,,,,,,,,
2021-06-19 09:49:27,-4.007186,-79.175139,Av. Metropolitana,CON_FALLECIDOS,Colision Multiple,Estado de embriaguez,31,FALLECIDO,MUJER,SCOOTER,85,FALLECIDO,MUJER,MOTOCICLETA,,,,
2021-02-20 20:55:04,-3.990807,-79.213179,Av. Reinaldo Espinosa,SOLO_DANOS,Volcamiento,Equipo de seguridad deficiente,,,,,,,,,,,,
2021-09-23 19:04:24,-3.984483,-79.224312,Av. Universitaria,SOLO_DANOS,Volcamiento,Via resbaladiza o mojada,,,,,,,,,,,,
2021-05-07 04:09:24,-4.007552,-79.208684,Calle Quito,CON_LESIONADOS,Atropellamiento,Inobservancia de senales,56,LESIONADO,NO_REGISTRA,CICLISTA,,,,,,,,
2021-05-04 05:01:32,-4.032559,-79.218091,Av. Manuel Agustin Aguirre,SOLO_DANOS,Atropellamiento,Inobservancia de senales,,,,,,,,,,,,
2021-09-01 21:54:09,-4.031991,-79.225540,Av. Orillas del Zamora,CON_LESIONADOS,Colision Multiple,Visibilidad reducida,76,LESIONADO,HOMBRE,MOTOCICLETA,59,LESIONADO,NO_REGISTRA,SCOOTER,,,,
2021-10-18 18:49:34,-4.031892,-79.204288,Av. Orillas del Zamora,CON_LESIONADOS,Choque Vehicular,Estado de embriaguez,32,LESIONADO,HOMBRE,PEATON,,,,,,,,
2021-06-23 08:58:43,-4.002269,-79.190643,Av. Cuxibamba,SOLO_DANOS,Caida,Equipo de seguridad deficiente,76,LESIONADO,MUJER,CICLISTA,,,,,,,,
2021-01-20 04:47:51,-4.030993,-79.179534,Calle Saraguro,SOLO_DANOS,Atropellamiento,Via resbaladiza o mojada,,,,,,,,,,,,
2021-04-26 13:55:09,-4.034325,-79.177120,Av. Universitaria,CON_LESIONADOS,Choque Vehicular,Inobservancia de senales,16,LESIONADO,MUJER,OTRO,74,LESIONADO,NO_REGISTRA,PEATON,79,LESIONADO,HOMBRE,SCOOTER
2021-03-24 02:54:15,-4.010434,-79.195614,Calle Miguel Riofrio,CON_LESIONADOS,Volcamiento,Falla mecanica,35,LESIONADO,HOMBRE,SCOOTER,72,LESIONADO,NO_REGISTRA,PEATON,,,,
2021-12-15 01:43:51,-4.030484,-79.184489,Av. 8 de Diciembre,SOLO_DANOS,Accidente Laboral,Visibilidad reducida,,,,,,,,,,,,
2021-12-14 16:34:14,-3.983870,-79.196646,Calle Colon,CON_FALLECIDOS,Choque Vehicular,Equipo de seguridad deficiente,81,FALLECIDO,HOMBRE,OTRO,31,LESIONADO,NO_REGISTRA,CICLISTA,,,,
2021-06-29 07:56:11,-3.987684,-79.178603,Av. Universitaria,CON_LESIONADOS,Colision Multiple,Exceso de velocidad,27,LESIONADO,NO_REGISTRA,CICLISTA,,,,,,,,
2021-02-21 23:22:42,-4.035664,-79.172440,Calle 18 de Noviembre,CON_LESIONADOS,Volcamiento,Equipo de seguridad deficiente,68,LESIONADO,MUJER,OTRO,73,LESIONADO,HOMBRE,SCOOTER,5,LESIONADO,MUJER,VEH_LIVIANO
2021-03-18 08:59:19,-4.013304,-79.226048,Av. Manuel Agustin Aguirre,CON_LESIONADOS,Colision Multiple,Via resbaladiza o mojada,61,LESIONADO,NO_REGISTRA,SCOOTER,46,LESIONADO,MUJER,SCOOTER,7,LESIONADO,MUJER,SCOOTER
2021-06-01 10:39:49,-4.019714,-79.213701,Calle Imbabura,SOLO_DANOS,Atropellamiento,Equipo de seguridad deficiente,,,,,,,,,,,,
2021-10-12 17:02:09,-4.015219,-79.178090,Av. Cuxibamba,CON_FALLECIDOS,Atropellamiento,Mal estado de la via,25,FALLECIDO,HOMBRE,SCOOTER,67,LESIONADO,MUJER,SCOOTER,21,LESIONADO,HOMBRE,OTRO
2021-07-26 20:06:16,-4.036326,-79.202245,Calle Quito,CON_LESIONADOS,Atropellamiento,Via resbaladiza o mojada,59,LESIONADO,NO_REGISTRA,PEATON,62,LESIONADO,NO_REGISTRA,OTRO,67,LESIONADO,NO_REGISTRA,VEH_LIVIANO
2021-09-26 06:27:33,-4.030365,-79.205205,Av. Metropolitana,CON_FALLECIDOS,Atropellamiento,Inobservancia de senales,23,FALLECIDO,HOMBRE,MOTOCICLETA,,,,,,,,
2021-01-15 13:00:59,-4.024235,-79.204741,Calle 10 de Agosto,CON_LESIONADOS,Accidente Laboral,Imprudencia del conductor,34,LESIONADO,MUJER,VEH_LIVIANO,,,,,,,,
2021-12-06 23:12:47,-3.987999,-79.196856,Calle Imbabura,CON_LESIONADOS,Volcamiento,Visibilidad reducida,26,LESIONADO,HOMBRE,PEATON,27,LESIONADO,NO_REGISTRA,VEH_LIVIANO,,,,
2021-11-22 19:36:19,-4.016321,-79.203749,Calle Ramon Borrero,SOLO_DANOS,Caida,Estado de embriaguez,,,,,,,,,,,,
2021-04-27 20:17:57,-4.002018,-79.209397,Calle Saraguro,SOLO_DANOS,Caida,Estado de embriaguez,,,,,,,,,,,,
2021-12-18 00:25:51,-4.035228,-79.189401,Av. 8 de Diciembre,CON_LESIONADOS,Choque Vehicular,Visibilidad reducida,55,LESIONADO,NO_REGISTRA,CICLISTA,,,,,,,,
2021-07-24 11:20:02,-3.981675,-79.189487,Av. Universitaria,SOLO_DANOS,Volcamiento,Exceso de velocidad,,,,,,,,,,,,
2021-03-15 01:23:50,-4.035936,-79.203955,Av. Isidro Ayora,CON_FALLECIDOS,Caida,Estado de embriaguez,18,FALLECIDO,MUJER,PEATON,,,,,,,,
2021-09-02 12:32:30,-3.981342,-79.192479,Via Loja - Catamayo,CON_LESIONADOS,Atropellamiento,Visibilidad reducida,26,LESIONADO,NO_REGISTRA,MOTOCICLETA,,,,,,,,
2021-01-22 19:24:49,-3.978902,-79.199614,Av. Universitaria,CON_FALLECIDOS,Choque Vehicular,Fatiga del conductor,20,FALLECIDO,HOMBRE,SCOOTER,31,FALLECIDO,MUJER,PEATON,64,LESIONADO,MUJER,SCOOTER
2021-01-26 00:03:13,-4.017868,-79.198185,Av. Universitaria,CON_LESIONADOS,Colision Multiple,Inobservancia de senales,56,LESIONADO,HOMBRE,PEATON,44,LESIONADO,NO_REGISTRA,OTRO,,,,
2021-05-30 04:37:20,-4.029387,-79.211743,Calle Montufar,CON_FALLECIDOS,Incendio,Factores externos,69,FALLECIDO,HOMBRE,VEH_LIVIANO,,,,,,,,
2021-07-14 00:21:05,-4.023513,-79.188475,Av. Rosa Hermosa,CON_FALLECIDOS,Caida,Fatiga del conductor,71,FALLECIDO,HOMBRE,MOTOCICLETA,63,FALLECIDO,HOMBRE,PEATON,,,,
2021-08-13 03:08:30,-4.002424,-79.214731,Av. Pio Jaramillo,SOLO_DANOS,Incendio,Inobservancia de senales,,,,,,,,,,,,
2021-11-14 05:24:36,-4.036972,-79.206288,Av. Orillas del Zamora,CON_LESIONADOS,Volcamiento,Estado de embriaguez,27,LESIONADO,HOMBRE,MOTOCICLETA,46,LESIONADO,MUJER,PEATON,32,LESIONADO,HOMBRE,OTRO
2021-05-24 05:03:49,-4.014986,-79.215725,Calle Mercadillo,SOLO_DANOS,Colision Multiple,Exceso de velocidad,,,,,,,,,,,,
2021-03-27 02:11:01,-4.010932,-79.218249,Av. Orillas del Zamora,CON_FALLECIDOS,Caida,Via resbaladiza o mojada,82,FALLECIDO,MUJER,CICLISTA,64,FALLECIDO,MUJER,CICLISTA,74,LESIONADO,HOMBRE,VEH_LIVIANO
2021-01-30 17:37:33,-3.997675,-79.190881,Via Loja - Zamora,SOLO_DANOS,Choque Vehicular,Distraccion (celular/radio),,,,,,,,,,,,
2021-05-25 09:27:43,-4.004495,-79.225590,Av. Cuxibamba,SOLO_DANOS,Choque Vehicular,Visibilidad reducida,,,,,,,,,,,,
2021-09-25 20:23:29,-3.996030,-79.171435,Calle 10 de Agosto,CON_FALLECIDOS,Volcamiento,Visibilidad reducida,49,FALLECIDO,HOMBRE,CICLISTA,,,,,,,,
2021-06-28 09:25:08,-4.021051,-79.191346,Calle Quito,SOLO_DANOS,Choque Vehicular,Mal estado de la via,,,,,,,,,,,,
2021-01-08 18:10:30,-4.017115,-79.215295,Calle Colon,CON_LESIONADOS,Choque Vehicular,Falla mecanica,74,LESIONADO,HOMBRE,PEATON,40,LESIONADO,HOMBRE,SCOOTER,69,LESIONADO,HOMBRE,OTRO
2021-10-10 12:51:12,-4.034121,-79.189744,Calle Bolivar,SOLO_DANOS,Incendio,Equipo de seguridad deficiente,,,,,,,,,,,,
2021-11-16 04:54:16,-4.020328,-79.210527,Calle Imbabura,SOLO_DANOS,Caida,Mal estado de la via,,,,,,,,,,,,
2021-01-08 03:21:07,-3.985868,-79.221299,Av. Rosa Hermosa,SOLO_DANOS,Volcamiento,Equipo de seguridad deficiente,,,,,,,,,,,,
2021-03-06 19:42:16,-4.036491,-79.224620,Av. Gran Colombia,CON_FALLECIDOS,Atropellamiento,Mal estado de la via,67,FALLECIDO,HOMBRE,MOTOCICLETA,42,FALLECIDO,MUJER,OTRO,43,LESIONADO,HOMBRE,CICLISTA
2021-05-24 14:45:48,-4.031585,-79.212483,Ruta 35,SOLO_DANOS,Incendio,Distraccion (celular/radio),,,,,,,,,,,,
2021-09-03 01:17:59,-4.010048,-79.195985,Av. Universitaria,CON_LESIONADOS,Colision Multiple,Mal estado de la via,30,LESIONADO,MUJER,OTRO,,,,,,,,
2021-01-08 18:44:51,-4.034126,-79.192816,Calle 10 de Agosto,SOLO_DANOS,Atropellamiento,Exceso de velocidad,,,,,,,,,,,,
2021-08-28 00:08:56,-4.018265,-79.203547,Av. Manuel Agustin Aguirre,CON_LESIONADOS,Volcamiento,Imprudencia del conductor,20,LESIONADO,NO_REGISTRA,PEATON,75,LESIONADO,HOMBRE,VEH_LIVIANO,,,,
2021-03-26 13:49:02,-3.987349,-79.199980,Av. Manuel Agustin Aguirre,SOLO_DANOS,Incendio,Visibilidad reducida,,,,,,,,,,,,
2021-02-22 15:18:43,-4.025285,-79.209579,Calle Saraguro,SOLO_DANOS,Caida,Imprudencia del conductor,,,,,,,,,,,,
2021-12-01 19:36:28,-3.978309,-79.207084,Calle 10 de Agosto,SOLO_DANOS,Atropellamiento,Via resbaladiza o mojada,,,,,,,,,,,,
2021-12-04 15:03:00,-4.022411,-79.182695,Calle Imbabura,SOLO_DANOS,Accidente Laboral,Exceso de velocidad,,,,,,,,,,,,
2021-02-24 19:21:25,-4.034815,-79.216108,Calle Mercadillo,CON_FALLECIDOS,Caida,Falla mecanica,85,FALLECIDO,HOMBRE,PEATON,,,,,,,,
2021-10-08 20:52:21,-4.006040,-79.184502,Calle Bolivar,SOLO_DANOS,Choque Vehicular,Distraccion (celular/radio),,,,,,,,,,,,
2021-07-13 02:11:10,-3.989973,-79.175133,Calle Bolivar,CON_LESIONADOS,Volcamiento,Falla mecanica,42,LESIONADO,NO_REGISTRA,MOTOCICLETA,73,LESIONADO,NO_REGISTRA,PEATON,,,,
2021-12-11 07:38:40,-4.027338,-79.230651,Av. Orillas del Zamora,CON_LESIONADOS,Caida,Exceso de velocidad,8,LESIONADO,HOMBRE,MOTOCICLETA,,,,,,,,
2021-12-20 02:41:10,-4.029082,-79.221211,Calle Bolivar,SOLO_DANOS,Choque Vehicular,Mal estado de la via,,,,,,,,,,,,
2021-02-17 19:58:37,-4.027352,-79.222563,Av. Pio Jaramillo,CON_FALLECIDOS,Caida,Inobservancia de senales,19,FALLECIDO,MUJER,VEH_LIVIANO,68,LESIONADO,HOMBRE,SCOOTER,,,,
2021-03-10 18:02:25,-4.012968,-79.216174,Via Loja - Catamayo,CON_FALLECIDOS,Colision Multiple,Distraccion (celular/radio),30,FALLECIDO,NO_REGISTRA,PEATON,66,FALLECIDO,NO_REGISTRA,VEH_LIVIANO,,,,
2021-01-16 17:20:08,-4.010023,-79.213464,Av. Gran Colombia,SOLO_DANOS,Accidente Laboral,Falla mecanica,,,,,,,,,,,,
2021-06-01 01:37:14,-4.004589,-79.203100,Calle Colon,CON_LESIONADOS,Colision Multiple,Fatiga del conductor,75,LESIONADO,MUJER,VEH_LIVIANO,6,LESIONADO,HOMBRE,VEH_LIVIANO,,,,
2021-11-23 18:53:20,-3.993975,-79.179586,Calle 10 de Agosto,CON_FALLECIDOS,Caida,Equipo de seguridad deficiente,79,FALLECIDO,NO_REGISTRA,MOTOCICLETA,41,LESIONADO,HOMBRE,MOTOCICLETA,,,,
2021-02-10 12:25:01,-3.987574,-79.201172,Av. Reinaldo Espinosa,CON_LESIONADOS,Atropellamiento,Via resbaladiza o mojada,77,LESIONADO,MUJER,CICLISTA,5,LESIONADO,NO_REGISTRA,CICLISTA,,,,
2021-09-09 04:51:14,-4.023551,-79.229997,Via Loja - Catamayo,CON_FALLECIDOS,Colision Multiple,Fatiga del conductor,18,FALLECIDO,MUJER,MOTOCICLETA,76,FALLECIDO,MUJER,OTRO,60,LESIONADO,HOMBRE,MOTOCICLETA
2021-12-11 20:35:10,-4.022298,-79.203973,Av. Metropolitana,CON_FALLECIDOS,Colision Multiple,Factores externos,59,FALLECIDO,NO_REGISTRA,OTRO,85,FALLECIDO,MUJER,MOTOCICLETA,,,,
2021-10-16 09:21:49,-3.977920,-79.176978,Av. 8 de Diciembre,CON_FALLECIDOS,Volcamiento,Distraccion (celular/radio),82,FALLECIDO,NO_REGISTRA,MOTOCICLETA,,,,,,,,
2021-12-09 07:47:36,-4.009016,-79.209763,Av. Orillas del Zamora,CON_FALLECIDOS,Choque Vehicular,Exceso de velocidad,20,FALLECIDO,MUJER,OTRO,40,FALLECIDO,NO_REGISTRA,MOTOCICLETA,,,,
2021-04-11 11:15:18,-3.979931,-79.205407,Calle Ramon Borrero,CON_FALLECIDOS,Atropellamiento,Imprudencia del conductor,41,FALLECIDO,HOMBRE,MOTOCICLETA,67,LESIONADO,MUJER,SCOOTER,21,LESIONADO,HOMBRE,MOTOCICLETA
2021-12-01 00:28:09,-4.016820,-79.211631,Calle Colon,CON_LESIONADOS,Choque Vehicular,Equipo de seguridad deficiente,22,LESIONADO,MUJER,OTRO,32,LESIONADO,NO_REGISTRA,PEATON,36,LESIONADO,NO_REGISTRA,OTRO
2021-06-06 00:39:12,-3.985432,-79.197278,Calle Rocafuerte,CON_LESIONADOS,Choque Vehicular,Factores externos,20,LESIONADO,NO_REGISTRA,VEH_LIVIANO,,,,,,,,
2021-06-13 16:40:07,-3.978132,-79.228511,Calle Quito,CON_FALLECIDOS,Atropellamiento,Falla mecanica,38,FALLECIDO,NO_REGISTRA,PEATON,58,FALLECIDO,MUJER,MOTOCICLETA,64,LESIONADO,HOMBRE,SCOOTER
2021-10-25 09:16:59,-4.004548,-79.227037,Calle Ramon Borrero,SOLO_DANOS,Caida,Estado de embriaguez,,,,,,,,,,,,
2021-04-04 06:10:36,-4.003209,-79.221971,Av. 8 de Diciembre,SOLO_DANOS,Choque Vehicular,Visibilidad reducida,,,,,,,,,,,,
2021-06-03 11:25:49,-3.993591,-79.217181,Calle Sucre,SOLO_DANOS,Incendio,Mal estado de la via,,,,,,,,,,,,
2021-04-16 06:36:15,-4.024175,-79.181123,Av. 8 de Diciembre,CON_LESIONADOS,Caida,Factores externos,72,LESIONADO,HOMBRE,PEATON,57,LESIONADO,MUJER,PEATON,,,,
2021-06-24 15:10:22,-4.028701,-79.182473,Av. Gran Colombia,CON_FALLECIDOS,Atropellamiento,Fatiga del conductor,28,FALLECIDO,HOMBRE,SCOOTER,60,LESIONADO,NO_REGISTRA,OTRO,74,LESIONADO,NO_REGISTRA,SCOOTER
2021-07-09 06:31:36,-3.984871,-79.177219,Calle Miguel Riofrio,CON_FALLECIDOS,Colision Multiple,Equipo de seguridad deficiente,51,FALLECIDO,HOMBRE,OTRO,69,LESIONADO,MUJER,OTRO,58,LESIONADO,HOMBRE,MOTOCICLETA
2021-08-03 11:09:04,-3.991873,-79.180725,Calle Quito,SOLO_DANOS,Accidente Laboral,Estado de embriaguez,,,,,,,,,,,,
2021-09-11 06:24:08,-3.994443,-79.193256,Av. Cuxibamba,CON_FALLECIDOS,Caida,Factores externos,38,FALLECIDO,HOMBRE,MOTOCICLETA,61,FALLECIDO,NO_REGISTRA,OTRO,66,LESIONADO,MUJER,VEH_LIVIANO
2021-04-14 11:47:23,-4.030901,-79.185561,Av. Manuel Agustin Aguirre,CON_LESIONADOS,Choque Vehicular,Fatiga del conductor,68,LESIONADO,NO_REGISTRA,VEH_LIVIANO,27,LESIONADO,NO_REGISTRA,MOTOCICLETA,,,,
2021-08-30 21:32:42,-3.982377,-79.230570,Calle Imbabura,CON_LESIONADOS,Choque Vehicular,Visibilidad reducida,17,LESIONADO,NO_REGISTRA,VEH_LIVIANO,,,,,,,,
2021-03-21 01:50:43,-4.025093,-79.222366,Av. Isidro Ayora,SOLO_DANOS,Choque Vehicular,Distraccion (celular/radio),,,,,,,,,,,,
2021-07-21 09:48:27,-3.985298,-79.191537,Av. Manuel Agustin Aguirre,CON_FALLECIDOS,Incendio,Factores externos,70,FALLECIDO,HOMBRE,VEH_LIVIANO,60,FALLECIDO,HOMBRE,MOTOCICLETA,56,LESIONADO,NO_REGISTRA,VEH_LIVIANO
2021-02-10 16:00:40,-4.007752,-79.186661,Av. Universitaria,CON_FALLECIDOS,Accidente Laboral,Exceso de velocidad,73,FALLECIDO,HOMBRE,PEATON,32,LESIONADO,MUJER,PEATON,,,,
2021-09-18 16:49:48,-3.979668,-79.214228,Via Loja - Zamora,SOLO_DANOS,Incendio,Equipo de seguridad deficiente,,,,,,,,,,,,
2021-02-04 22:35:39,-4.035729,-79.198717,Calle Mercadillo,CON_FALLECIDOS,Volcamiento,Mal estado de la via,58,FALLECIDO,MUJER,PEATON,34,LESIONADO,MUJER,SCOOTER,,,,
2021-02-27 02:00:47,-4.022152,-79.222943,Av. Pio Jaramillo,CON_FALLECIDOS,Choque Vehicular,Estado de embriaguez,47,FALLECIDO,NO_REGISTRA,CICLISTA,34,LESIONADO,NO_REGISTRA,PEATON,,,,
2021-01-29 15:10:24,-3.986202,-79.205716,Calle Miguel Riofrio,SOLO_DANOS,Incendio,Imprudencia del conductor,,,,,,,,,,,,
2021-05-05 19:12:18,-4.007555,-79.182068,Ruta 35,CON_LESIONADOS,Incendio,Fatiga del conductor,54,LESIONADO,HOMBRE,VEH_LIVIANO,77,LESIONADO,NO_REGISTRA,OTRO,41,LESIONADO,NO_REGISTRA,OTRO
2021-03-04 02:17:55,-4.025597,-79.205190,Calle Bolivar,CON_FALLECIDOS,Choque Vehicular,Exceso de velocidad,61,FALLECIDO,MUJER,VEH_LIVIANO,,,,,,,,
2021-06-17 10:16:23,-3.979667,-79.226933,Av. Reinaldo Espinosa,CON_LESIONADOS,Incendio,Mal estado de la via,59,LESIONADO,MUJER,VEH_LIVIANO,,,,,,,,
2021-08-21 16:03:31,-4.002188,-79.173032,Av. Manuel Agustin Aguirre,SOLO_DANOS,Incendio,Fatiga del conductor,56,LESIONADO,HOMBRE,VEH_LIVIANO,,,,,,,,
2021-07-17 01:23:23,-3.977970,-79.190772,Calle Ramon Borrero,SOLO_DANOS,Volcamiento,Inobservancia de senales,,,,,,,,,,,,
2021-08-21 13:21:47,-4.028409,-79.210342,Calle Bolivar,CON_LESIONADOS,Caida,Estado de embriaguez,41,LESIONADO,NO_REGISTRA,OTRO,,,,,,,,
2021-12-29 20:45:21,-4.019490,-79.193612,Av. 8 de Diciembre,CON_FALLECIDOS,Incendio,Exceso de velocidad,50,FALLECIDO,HOMBRE,CICLISTA,48,FALLECIDO,NO_REGISTRA,VEH_LIVIANO,28,LESIONADO,NO_REGISTRA,MOTOCICLETA
2021-06-22 12:06:17,-4.007075,-79.200154,Via Loja - Zamora,SOLO_DANOS,Atropellamiento,Exceso de velocidad,,,,,,,,,,,,
2021-02-26 13:51:58,-3.983860,-79.212150,Calle Azogues,CON_FALLECIDOS,Choque Vehicular,Visibilidad reducida,63,FALLECIDO,HOMBRE,OTRO,,,,,,,,
2021-02-18 16:54:07,-3.981224,-79.228654,Av. Universitaria,SOLO_DANOS,Volcamiento,Inobservancia de senales,,,,,,,,,,,,
2021-11-28 05:31:19,-4.023787,-79.177855,Via Loja - Zamora,SOLO_DANOS,Incendio,Via resbaladiza o mojada,,,,,,,,,,,,
2021-06-29 20:44:26,-4.009741,-79.185601,Calle Colon,CON_FALLECIDOS,Colision Multiple,Factores externos,67,FALLECIDO,MUJER,SCOOTER,23,LESIONADO,NO_REGISTRA,SCOOTER,62,LESIONADO,MUJER,MOTOCICLETA
2021-07-09 02:37:10,-4.029969,-79.180005,Av. Manuel Agustin Aguirre,CON_LESIONADOS,Caida,Visibilidad reducida,59,LESIONADO,NO_REGISTRA,SCOOTER,,,,,,,,
2021-07-10 09:13:16,-4.009250,-79.182721,Av. Pio Jaramillo,CON_LESIONADOS,Volcamiento,Visibilidad reducida,76,LESIONADO,MUJER,PEATON,43,LESIONADO,MUJER,OTRO,,,,
2021-08-06 01:32:09,-4.001923,-79.202120,Calle Azogues,CON_FALLECIDOS,Volcamiento,Visibilidad reducida,47,FALLECIDO,NO_REGISTRA,OTRO,56,FALLECIDO,MUJER,SCOOTER,,,,
2021-08-17 14:31:59,-4.007515,-79.207128,Av. Orillas del Zamora,CON_LESIONADOS,Volcamiento,Visibilidad reducida,5,LESIONADO,HOMBRE,OTRO,,,,,,,,
2021-04-16 19:03:50,-4.012396,-79.197159,Av. Reinaldo Espinosa,CON_FALLECIDOS,Volcamiento,Inobservancia de senales,35,FALLECIDO,NO_REGISTRA,CICLISTA,59,LESIONADO,HOMBRE,MOTOCICLETA,34,LESIONADO,NO_REGISTRA,MOTOCICLETA
2021-02-14 11:02:34,-4.036063,-79.201987,Av. Isidro Ayora,CON_FALLECIDOS,Accidente Laboral,Via resbaladiza o mojada,20,FALLECIDO,NO_REGISTRA,MOTOCICLETA,,,,,,,,
2021-05-06 23:28:57,-4.015029,-79.174429,Calle Azogues,CON_FALLECIDOS,Accidente Laboral,Imprudencia del conductor,61,FALLECIDO,NO_REGISTRA,OTRO,46,FALLECIDO,MUJER,SCOOTER,70,LESIONADO,MUJER,CICLISTA
2021-03-01 22:23:50,-3.978802,-79.201390,Av. Cuxibamba,SOLO_DANOS,Atropellamiento,Falla mecanica,,,,,,,,,,,,
2021-06-03 17:06:48,-3.985515,-79.211299,Calle Saraguro,CON_FALLECIDOS,Atropellamiento,Via resbaladiza o mojada,41,FALLECIDO,MUJER,SCOOTER,39,LESIONADO,HOMBRE,CICLISTA,24,LESIONADO,MUJER,OTRO
2021-01-14 02:04:37,-4.025597,-79.230351,Calle 18 de Noviembre,CON_FALLECIDOS,Accidente Laboral,Via resbaladiza o mojada,24,FALLECIDO,HOMBRE,OTRO,25,FALLECIDO,MUJER,PEATON,49,LESIONADO,NO_REGISTRA,VEH_LIVIANO
2021-05-03 23:03:24,-4.022409,-79.215866,Av. Isidro Ayora,SOLO_DANOS,Volcamiento,Mal estado de la via,,,,,,,,,,,,