fecha_hora,latitud,longitud,via,grado_severidad,tipo_siniestro,causa_probable,victima1_edad,victima1_condicion,victima1_sexo,victima1_actor_vial,victima2_edad,victima2_condicion,victima2_sexo,victima2_actor_vial,victima3_edad,victima3_condicion,victima3_sexo,victima3_actor_vial
2021-10-20 10:38:19,-3.981479,-79.193637,Calle Quito,CON_FALLECIDOS,Accidente Laboral,Estado de embriaguez,63,FALLECIDO,HOMBRE,OTRO,76,FALLECIDO,MUJER,SCOOTER,47,LESIONADO,MUJER,OTRO
2021-08-11 23:05:35,-4.012304,-79.223027,Av. Rosa Hermosa,CON_FALLECIDOS,Volcamiento,Factores externos,84,FALLECIDO,MUJER,OTRO,62,LESIONADO,HOMBRE,MOTOCICLETA,,,,
2021-05-30 08:24:50,-3.978006,-79.189572,Calle Montufar,CON_LESIONADOS,Atropellamiento,Equipo de seguridad deficiente,57,LESIONADO,HOMBRE,SCOOTER,,,,,,,,
2021-09-15 16:20:01,-3.990875,-79.219644,Calle Colon,SOLO_DANOS,Accidente Laboral,Factores externos,,,,,,,,,,,,
2021-01-23 12:44:42,-4.009527,-79.192277,Av. Reinaldo Espinosa,CON_LESIONADOS,Incendio,Estado de embriaguez,14,LESIONADO,HOMBRE,VEH_LIVIANO,59,LESIONADO,MUJER,OTRO,,,,
2021-02-10 10:23:16,-4.032026,-79.176297,Av. Reinaldo Espinosa,CON_FALLECIDOS,Volcamiento,Fatiga del conductor,44,FALLECIDO,HOMBRE,PEATON,74,LESIONADO,MUJER,MOTOCICLETA,80,LESIONADO,NO_REGISTRA,CICLISTA
2021-01-06 09:08:39,-4.034353,-79.188282,Calle Miguel Riofrio,CON_LESIONADOS,Colision Multiple,Estado de embriaguez,60,LESIONADO,HOMBRE,OTRO,62,LESIONADO,MUJER,SCOOTER,,,,
2021-11-08 10:09:07,-4.026117,-79.200887,Via Loja - Catamayo,CON_LESIONADOS,Choque Vehicular,Via resbaladiza o mojada,45,LESIONADO,NO_REGISTRA,VEH_LIVIANO,39,LESIONADO,MUJER,OTRO,,,,
2021-11-29 12:54:55,-4.025642,-79.171285,Via Loja - Catamayo,SOLO_DANOS,Accidente Laboral,Equipo de seguridad deficiente,,,,,,,,,,,,
2021-04-23 22:15:19,-3.988790,-79.198390,Calle Colon,SOLO_DANOS,Choque Vehicular,Mal estado de la via,,,,,,,,,,,,
2021-01-06 21:06:31,-4.003813,-79.189833,Calle Quito,CON_LESIONADOS,Atropellamiento,Exceso de velocidad,37,LESIONADO,MUJER,PEATON,31,LESIONADO,MUJER,OTRO,17,LESIONADO,NO_REGISTRA,PEATON
2021-11-27 08:51:17,-3.986753,-79.196160,Calle 18 de Noviembre,CON_FALLECIDOS,Accidente Laboral,Fatiga del conductor,78,FALLECIDO,HOMBRE,OTRO,59,FALLECIDO,HOMBRE,SCOOTER,15,LESIONADO,HOMBRE,CICLISTA
2021-09-18 17:52:51,-3.988845,-79.219922,Calle Mercadillo,CON_FALLECIDOS,Colision Multiple,Fatiga del conductor,65,FALLECIDO,HOMBRE,PEATON,51,LESIONADO,MUJER,OTRO,66,LESIONADO,HOMBRE,VEH_LIVIANO
2021-03-15 06:36:55,-4.032973,-79.211587,Calle 10 de Agosto,CON_LESIONADOS,Incendio,Distraccion (celular/radio),68,LESIONADO,MUJER,MOTOCICLETA,,,,,,,,
2021-01-02 05:24:48,-4.005253,-79.223154,Av. Rosa Hermosa,CON_LESIONADOS,Incendio,Falla mecanica,58,LESIONADO,HOMBRE,OTRO,77,LESIONADO,MUJER,PEATON,,,,
2021-12-15 16:25:15,-4.015150,-79.209939,Av. Orillas del Zamora,CON_FALLECIDOS,Caida,Distraccion (celular/radio),22,FALLECIDO,NO_REGISTRA,CICLISTA,47,FALLECIDO,HOMBRE,CICLISTA,77,LESIONADO,MUJER,CICLISTA
2021-12-05 14:00:16,-4.011349,-79.190497,Calle Bolivar,CON_FALLECIDOS,Volcamiento,Distraccion (celular/radio),25,FALLECIDO,HOMBRE,OTRO,,,,,,,,
2021-06-04 21:54:36,-4.021404,-79.190404,Calle 18 de Noviembre,SOLO_DANOS,Incendio,Factores externos,,,,,,,,,,,,
2021-08-19 18:39:37,-3.996220,-79.203252,Av. Orillas del Zamora,CON_FALLECIDOS,Incendio,Equipo de seguridad deficiente,32,FALLECIDO,MUJER,OTRO,33,FALLECIDO,MUJER,MOTOCICLETA,61,LESIONADO,NO_REGISTRA,OTRO
2021-05-11 21:15:07,-4.020502,-79.215974,Av. Pio Jaramillo,CON_LESIONADOS,Caida,Falla mecanica,71,LESIONADO,MUJER,CICLISTA,45,LESIONADO,HOMBRE,OTRO,70,LESIONADO,HOMBRE,MOTOCICLETA
2021-02-18 00:08:47,-4.009776,-79.227347,Via Loja - Zamora,CON_FALLECIDOS,Incendio,Fatiga del conductor,60,FALLECIDO,MUJER,SCOOTER,40,FALLECIDO,MUJER,PEATON,,,,
2021-01-08 06:36:49,-4.032476,-79.209635,Calle Ramon Borrero,CON_FALLECIDOS,Incendio,Visibilidad reducida,66,FALLECIDO,MUJER,PEATON,71,FALLECIDO,HOMBRE,VEH_LIVIANO,72,LESIONADO,MUJER,OTRO
2021-05-20 02:36:50,-4.013684,-79.208314,Calle Montufar,CON_FALLECIDOS,Accidente Laboral,Via resbaladiza o mojada,82,FALLECIDO,NO_REGISTRA,CICLISTA,,,,,,,,
2021-02-25 12:23:46,-4.010137,-79.184895,Calle Ramon Borrero,SOLO_DANOS,Caida,Exceso de velocidad,,,,,,,,,,,,
2021-09-05 12:37:02,-3.995260,-79.191915,Av. Manuel Agustin Aguirre,CON_FALLECIDOS,Volcamiento,Falla mecanica,33,FALLECIDO,NO_REGISTRA,MOTOCICLETA,52,FALLECIDO,MUJER,OTRO,,,,
2021-05-30 02:01:11,-4.015619,-79.181533,Calle Mercadillo,CON_LESIONADOS,Choque Vehicular,Mal estado de la via,45,LESIONADO,NO_REGISTRA,CICLISTA,5,LESIONADO,MUJER,OTRO,33,LESIONADO,MUJER,SCOOTER
2021-11-14 19:38:38,-3.997020,-79.224198,Calle Bolivar,CON_LESIONADOS,Colision Multiple,Distraccion (celular/radio),5,LESIONADO,NO_REGISTRA,PEATON,,,,,,,,
2021-02-22 10:52:17,-4.006074,-79.220100,Av. Metropolitana,SOLO_DANOS,Colision Multiple,Mal estado de la via,,,,,,,,,,,,
2021-12-07 14:45:40,-3.983874,-79.202066,Calle 10 de Agosto,SOLO_DANOS,Caida,Exceso de velocidad,,,,,,,,,,,,
2021-08-04 16:02:44,-4.020893,-79.176521,Av. 8 de Diciembre,CON_FALLECIDOS,Accidente Laboral,Estado de embriaguez,46,FALLECIDO,NO_REGISTRA,MOTOCICLETA,48,FALLECIDO,HOMBRE,OTRO,,,,
2021-03-05 14:46:07,-4.023290,-79.199748,Calle Sucre,SOLO_DANOS,Volcamiento,Exceso de velocidad,,,,,,,,,,,,
2021-11-19 18:50:56,-4.026972,-79.221256,Calle Sucre,CON_FALLECIDOS,Volcamiento,Exceso de velocidad,43,FALLECIDO,NO_REGISTRA,PEATON,57,LESIONADO,MUJER,OTRO,37,LESIONADO,NO_REGISTRA,SCOOTER
2021-03-02 03:11:43,-4.022306,-79.203494,Via Loja - Catamayo,CON_LESIONADOS,Atropellamiento,Factores externos,49,LESIONADO,HOMBRE,PEATON,,,,,,,,
2021-04-13 21:18:21,-4.011209,-79.192758,Calle Montufar,CON_FALLECIDOS,Atropellamiento,Inobservancia de senales,78,FALLECIDO,HOMBRE,PEATON,54,FALLECIDO,HOMBRE,VEH_LIVIANO,32,LESIONADO,NO_REGISTRA,PEATON
2021-01-21 07:23:37,-4.024312,-79.219745,Calle Azogues,CON_FALLECIDOS,Accidente Laboral,Distraccion (celular/radio),79,FALLECIDO,HOMBRE,PEATON,,,,,,,,
2021-11-04 08:04:33,-4.032889,-79.220710,Av. Reinaldo Espinosa,SOLO_DANOS,Colision Multiple,Inobservancia de senales,,,,,,,,,,,,
2021-12-03 20:48:29,-4.019780,-79.192737,Av. Pio Jaramillo,CON_LESIONADOS,Colision Multiple,Exceso de velocidad,69,LESIONADO,MUJER,PEATON,,,,,,,,
2021-02-14 01:19:33,-4.007863,-79.192357,Calle Rocafuerte,SOLO_DANOS,Incendio,Factores externos,,,,,,,,,,,,
2021-01-22 02:38:52,-4.019843,-79.173897,Av. Pio Jaramillo,CON_FALLECIDOS,Incendio,Visibilidad reducida,26,FALLECIDO,NO_REGISTRA,CICLISTA,45,FALLECIDO,HOMBRE,SCOOTER,,,,
2021-04-16 17:57:04,-4.012056,-79.199960,Via Loja - Catamayo,SOLO_DANOS,Caida,Estado de embriaguez,,,,,,,,,,,,
2021-06-04 15:52:37,-3.987880,-79.192506,Av. Metropolitana,SOLO_DANOS,Atropellamiento,Exceso de velocidad,,,,,,,,,,,,
2021-02-05 21:37:22,-4.033847,-79.226524,Calle Rocafuerte,CON_LESIONADOS,Accidente Laboral,Falla mecanica,43,LESIONADO,NO_REGISTRA,CICLISTA,52,LESIONADO,HOMBRE,MOTOCICLETA,33,LESIONADO,NO_REGISTRA,SCOOTER
2021-09-28 05:59:35,-3.992866,-79.183635,Calle Rocafuerte,SOLO_DANOS,Choque Vehicular,Via resbaladiza o mojada,,,,,,,,,,,,
2021-07-20 03:24:53,-3.986011,-79.186717,Calle Bolivar,SOLO_DANOS,Choque Vehicular,Distraccion (celular/radio),43,LESIONADO,HOMBRE,OTRO,,,,,,,,
2021-05-27 15:21:29,-3.988141,-79.228911,Calle Mercadillo,CON_FALLECIDOS,Choque Vehicular,Fatiga del conductor,58,FALLECIDO,NO_REGISTRA,OTRO,52,FALLECIDO,MUJER,VEH_LIVIANO,25,LESIONADO,NO_REGISTRA,SCOOTER
2021-05-11 20:03:44,-3.997530,-79.222141,Via Loja - Catamayo,CON_LESIONADOS,Caida,Exceso de velocidad,41,LESIONADO,HOMBRE,OTRO,40,LESIONADO,HOMBRE,MOTOCICLETA,,,,
2021-08-18 21:59:17,-4.015911,-79.227973,Av. Reinaldo Espinosa,SOLO_DANOS,Choque Vehicular,Via resbaladiza o mojada,,,,,,,,,,,,
2021-12-01 02:29:52,-3.996431,-79.205788,Calle Colon,CON_LESIONADOS,Accidente Laboral,Fatiga del conductor,54,LESIONADO,NO_REGISTRA,VEH_LIVIANO,72,LESIONADO,MUJER,VEH_LIVIANO,65,LESIONADO,HOMBRE,MOTOCICLETA
2021-08-10 21:45:20,-3.978586,-79.228130,Calle Quito,SOLO_DANOS,Choque Vehicular,Imprudencia del conductor,5,LESIONADO,HOMBRE,PEATON,,,,,,,,
2021-07-11 21:01:41,-4.024694,-79.215074,Calle Imbabura,CON_LESIONADOS,Colision Multiple,Exceso de velocidad,19,LESIONADO,NO_REGISTRA,MOTOCICLETA,49,LESIONADO,MUJER,OTRO,,,,
2021-07-17 21:38:35,-4.005383,-79.214653,Av. Orillas del Zamora,SOLO_DANOS,Colision Multiple,Mal estado de la via,,,,,,,,,,,,
2021-02-28 10:23:28,-4.022088,-79.216749,Av. Metropolitana,CON_FALLECIDOS,Atropellamiento,Distraccion (celular/radio),60,FALLECIDO,MUJER,OTRO,,,,,,,,
2021-10-02 11:32:40,-3.996460,-79.203727,Via Loja - Catamayo,CON_FALLECIDOS,Accidente Laboral,Estado de embriaguez,63,FALLECIDO,MUJER,SCOOTER,40,FALLECIDO,NO_REGISTRA,PEATON,31,LESIONADO,NO_REGISTRA,CICLISTA
2021-04-26 18:16:48,-4.010125,-79.177018,Via Loja - Zamora,CON_LESIONADOS,Accidente Laboral,Via resbaladiza o mojada,70,LESIONADO,MUJER,SCOOTER,80,LESIONADO,MUJER,SCOOTER,,,,
2021-07-03 16:04:24,-4.003027,-79.197386,Av. Reinaldo Espinosa,SOLO_DANOS,Colision Multiple,Fatiga del conductor,,,,,,,,,,,,
2021-01-10 11:57:50,-4.014293,-79.179325,Calle Colon,CON_FALLECIDOS,Accidente Laboral,Exceso de velocidad,76,FALLECIDO,NO_REGISTRA,PEATON,38,FALLECIDO,NO_REGISTRA,VEH_LIVIANO,,,,
2021-06-24 17:06:52,-4.030302,-79.182070,Av. Isidro Ayora,CON_LESIONADOS,Accidente Laboral,Visibilidad reducida,57,LESIONADO,HOMBRE,SCOOTER,9,LESIONADO,MUJER,OTRO,67,LESIONADO,MUJER,OTRO
2021-04-06 17:42:53,-3.984176,-79.188888,Via Loja - Zamora,SOLO_DANOS,Atropellamiento,Imprudencia del conductor,79,LESIONADO,MUJER,OTRO,,,,,,,,
2021-02-15 22:03:56,-3.986527,-79.219529,Via Loja - Zamora,CON_FALLECIDOS,Choque Vehicular,Via resbaladiza o mojada,39,FALLECIDO,HOMBRE,MOTOCICLETA,6,LESIONADO,NO_REGISTRA,PEATON,10,LESIONADO,NO_REGISTRA,VEH_LIVIANO
2021-05-02 21:38:07,-3.999243,-79.216040,Calle Rocafuerte,SOLO_DANOS,Colision Multiple,Factores externos,,,,,,,,,,,,
2021-12-10 15:11:56,-4.011405,-79.196301,Av. Reinaldo Espinosa,SOLO_DANOS,Caida,Inobservancia de senales,,,,,,,,,,,,
2021-03-28 19:47:20,-4.019364,-79.177920,Av. Gran Colombia,CON_FALLECIDOS,Accidente Laboral,Factores externos,48,FALLECIDO,MUJER,CICLISTA,66,FALLECIDO,NO_REGISTRA,CICLISTA,42,LESIONADO,HOMBRE,OTRO
2021-05-09 13:03:26,-3.979202,-79.227198,Calle Azogues,SOLO_DANOS,Choque Vehicular,Mal estado de la via,,,,,,,,,,,,
2021-10-19 01:32:48,-3.990751,-79.205391,Av. Universitaria,CON_LESIONADOS,Choque Vehicular,Falla mecanica,12,LESIONADO,NO_REGISTRA,CICLISTA,55,LESIONADO,HOMBRE,VEH_LIVIANO,,,,
2021-01-24 05:26:10,-3.991860,-79.208268,Av. Universitaria,CON_LESIONADOS,Choque Vehicular,Estado de embriaguez,74,LESIONADO,MUJER,PEATON,,,,,,,,
2021-04-03 06:39:00,-4.026329,-79.214738,Calle Imbabura,CON_LESIONADOS,Volcamiento,Via resbaladiza o mojada,69,LESIONADO,HOMBRE,PEATON,38,LESIONADO,MUJER,MOTOCICLETA,67,LESIONADO,NO_REGISTRA,PEATON
2021-01-03 22:09:07,-4.010923,-79.174374,Calle 18 de Noviembre,CON_LESIONADOS,Caida,Exceso de velocidad,20,LESIONADO,NO_REGISTRA,SCOOTER,57,LESIONADO,HOMBRE,MOTOCICLETA,17,LESIONADO,NO_REGISTRA,OTRO
2021-07-05 04:41:51,-4.019586,-79.205965,Calle Miguel Riofrio,SOLO_DANOS,Caida,Mal estado de la via,,,,,,,,,,,,
2021-04-20 03:54:38,-3.988277,-79.174393,Via Loja - Catamayo,CON_LESIONADOS,Accidente Laboral,Factores externos,52,LESIONADO,NO_REGISTRA,MOTOCICLETA,33,LESIONADO,HOMBRE,OTRO,25,LESIONADO,MUJER,SCOOTER
2021-01-04 21:59:48,-4.004970,-79.202885,Calle 10 de Agosto,CON_LESIONADOS,Atropellamiento,Via resbaladiza o mojada,68,LESIONADO,NO_REGISTRA,MOTOCICLETA,30,LESIONADO,HOMBRE,OTRO,26,LESIONADO,HOMBRE,VEH_LIVIANO
2021-06-07 17:26:06,-4.028561,-79.202348,Calle Miguel Riofrio,CON_FALLECIDOS,Volcamiento,Equipo de seguridad deficiente,71,FALLECIDO,NO_REGISTRA,CICLISTA,30,LESIONADO,NO_REGISTRA,PEATON,46,LESIONADO,MUJER,VEH_LIVIANO
2021-08-13 11:40:00,-4.011538,-79.172872,Av. Isidro Ayora,CON_LESIONADOS,Incendio,Imprudencia del conductor,76,LESIONADO,NO_REGISTRA,MOTOCICLETA,,,,,,,,
2021-11-28 07:58:09,-3.992156,-79.219888,Av. Reinaldo Espinosa,CON_LESIONADOS,Colision Multiple,Falla mecanica,11,LESIONADO,MUJER,OTRO,17,LESIONADO,NO_REGISTRA,VEH_LIVIANO,,,,
2021-10-31 22:42:51,-4.032859,-79.194234,Via Loja - Zamora,CON_FALLECIDOS,Volcamiento,Factores externos,46,FALLECIDO,NO_REGISTRA,MOTOCICLETA,80,LESIONADO,NO_REGISTRA,MOTOCICLETA,,,,
2021-07-16 20:50:53,-4.018093,-79.230297,Av. Cuxibamba,CON_LESIONADOS,Atropellamiento,Inobservancia de senales,62,LESIONADO,MUJER,CICLISTA,67,LESIONADO,MUJER,MOTOCICLETA,65,LESIONADO,HOMBRE,OTRO
2021-08-17 09:50:56,-4.014178,-79.187572,Calle Imbabura,CON_LESIONADOS,Atropellamiento,Visibilidad reducida,13,LESIONADO,HOMBRE,VEH_LIVIANO,,,,,,,,
2021-11-17 19:27:38,-4.032774,-79.197134,Av. Gran Colombia,CON_LESIONADOS,Atropellamiento,Exceso de velocidad,19,LESIONADO,NO_REGISTRA,VEH_LIVIANO,,,,,,,,
2021-05-21 01:16:47,-4.012633,-79.181856,Calle Colon,SOLO_DANOS,Caida,Visibilidad reducida,,,,,,,,,,,,
2021-08-17 20:39:07,-4.008682,-79.223078,Av. Metropolitana,SOLO_DANOS,Choque Vehicular,Falla mecanica,,,,,,,,,,,,
2021-11-10 19:27:48,-4.029164,-79.174986,Calle Miguel Riofrio,CON_FALLECIDOS,Choque Vehicular,Fatiga del conductor,27,FALLECIDO,NO_REGISTRA,PEATON,74,FALLECIDO,HOMBRE,CICLISTA,72,LESIONADO,HOMBRE,CICLISTA
2021-05-01 15:13:00,-4.006675,-79.221547,Av. 8 de Diciembre,CON_FALLECIDOS,Atropellamiento,Exceso de velocidad,40,FALLECIDO,NO_REGISTRA,MOTOCICLETA,71,FALLECIDO,MUJER,OTRO,34,LESIONADO,HOMBRE,MOTOCICLETA
2021-11-05 17:25:21,-4.004882,-79.193581,Av. 8 de Diciembre,CON_FALLECIDOS,Atropellamiento,Distraccion (celular/radio),46,FALLECIDO,HOMBRE,VEH_LIVIANO,69,FALLECIDO,MUJER,OTRO,48,LESIONADO,HOMBRE,VEH_LIVIANO
2021-03-24 17:18:07,-3.996600,-79.225661,Calle Miguel Riofrio,SOLO_DANOS,Incendio,Factores externos,,,,,,,,,,,,
2021-08-29 11:57:54,-4.028654,-79.224125,Calle Sucre,SOLO_DANOS,Volcamiento,Fatiga del conductor,,,,,,,,,,,,
2021-02-02 12:15:10,-4.018722,-79.203571,Av. Pio Jaramillo,CON_FALLECIDOS,Colision Multiple,Distraccion (celular/radio),31,FALLECIDO,NO_REGISTRA,CICLISTA,68,FALLECIDO,HOMBRE,PEATON,,,,
2021-09-14 15:49:42,-4.031554,-79.209642,Av. Universitaria,SOLO_DANOS,Atropellamiento,Inobservancia de senales,,,,,,,,,,,,
2021-07-16 11:37:48,-4.017141,-79.193703,Calle Rocafuerte,SOLO_DANOS,Incendio,Equipo de seguridad deficiente,,,,,,,,,,,,
2021-10-21 16:29:31,-4.013913,-79.204378,Calle Imbabura,CON_LESIONADOS,Atropellamiento,Falla mecanica,33,LESIONADO,NO_REGISTRA,OTRO,,,,,,,,
2021-05-04 13:20:58,-4.016550,-79.187133,Calle Azogues,CON_LESIONADOS,Incendio,Equipo de seguridad deficiente,59,LESIONADO,HOMBRE,CICLISTA,5,LESIONADO,HOMBRE,SCOOTER,57,LESIONADO,HOMBRE,SCOOTER
2021-01-10 17:20:00,-3.998385,-79.199637,Calle Saraguro,CON_FALLECIDOS,Accidente Laboral,Imprudencia del conductor,44,FALLECIDO,NO_REGISTRA,OTRO,71,LESIONADO,MUJER,VEH_LIVIANO,,,,
2021-03-18 17:58:26,-4.008834,-79.196757,Calle Azogues,SOLO_DANOS,Volcamiento,Estado de embriaguez,,,,,,,,,,,,
2021-05-16 20:05:10,-4.012941,-79.208946,Ruta 35,CON_LESIONADOS,Volcamiento,Factores externos,79,LESIONADO,HOMBRE,SCOOTER,,,,,,,,
2021-01-01 08:59:25,-3.979661,-79.201514,Av. Isidro Ayora,CON_LESIONADOS,Incendio,Estado de embriaguez,77,LESIONADO,HOMBRE,OTRO,26,LESIONADO,MUJER,SCOOTER,,,,
2021-12-04 04:37:08,-3.994695,-79.178266,Av. Rosa Hermosa,SOLO_DANOS,Choque Vehicular,Exceso de velocidad,,,,,,,,,,,,
2021-10-23 08:43:15,-4.001161,-79.185256,Calle Sucre,CON_FALLECIDOS,Volcamiento,Distraccion (celular/radio),25,FALLECIDO,HOMBRE,MOTOCICLETA,25,LESIONADO,MUJER,OTRO,,,,
2021-04-14 04:54:47,-4.008580,-79.223469,Calle Colon,CON_LESIONADOS,Volcamiento,Distraccion (celular/radio),13,LESIONADO,HOMBRE,PEATON,,,,,,,,
2021-10-18 06:49:11,-3.997353,-79.176013,Calle Miguel Riofrio,SOLO_DANOS,Atropellamiento,Distraccion (celular/radio),,,,,,,,,,,,
2021-02-11 11:03:52,-4.014604,-79.230407,Calle Saraguro,CON_FALLECIDOS,Accidente Laboral,Estado de embriaguez,29,FALLECIDO,HOMBRE,SCOOTER,60,LESIONADO,NO_REGISTRA,VEH_LIVIANO,,,,
2021-07-29 18:02:52,-4.010017,-79.193327,Calle Miguel Riofrio,SOLO_DANOS,Incendio,Estado de embriaguez,39,LESIONADO,MUJER,SCOOTER,,,,,,,,
2021-07-19 21:21:57,-4.022864,-79.174270,Av. Gran Colombia,CON_FALLECIDOS,Volcamiento,Distraccion (celular/radio),46,FALLECIDO,MUJER,CICLISTA,63,LESIONADO,NO_REGISTRA,VEH_LIVIANO,,,,
2021-02-14 02:20:17,-4.000095,-79.191070,Calle Ramon Borrero,CON_FALLECIDOS,Accidente Laboral,Inobservancia de senales,45,FALLECIDO,HOMBRE,PEATON,35,FALLECIDO,MUJER,CICLISTA,,,,
2021-03-07 01:54:17,-3.980672,-79.210555,Calle Ramon Borrero,CON_LESIONADOS,Accidente Laboral,Equipo de seguridad deficiente,62,LESIONADO,HOMBRE,SCOOTER,26,LESIONADO,MUJER,OTRO,80,LESIONADO,HOMBRE,VEH_LIVIANO
2021-09-08 04:09:23,-4.036775,-79.230836,Calle Ramon Borrero,SOLO_DANOS,Colision Multiple,Exceso de velocidad,,,,,,,,,,,,
2021-12-24 18:27:54,-4.025228,-79.221458,Calle Sucre,SOLO_DANOS,Volcamiento,Visibilidad reducida,,,,,,,,,,,,
2021-08-01 09:21:36,-4.018419,-79.179084,Av. Cuxibamba,CON_LESIONADOS,Colision Multiple,Imprudencia del conductor,41,LESIONADO,HOMBRE,PEATON,77,LESIONADO,MUJER,VEH_LIVIANO,23,LESIONADO,HOMBRE,SCOOTER
2021-05-09 01:17:30,-4.006643,-79.230171,Calle 10 de Agosto,SOLO_DANOS,Colision Multiple,Inobservancia de senales,,,,,,,,,,,,
2021-10-04 22:50:57,-3.996858,-79.182846,Calle Imbabura,CON_FALLECIDOS,Volcamiento,Fatiga del conductor,42,FALLECIDO,MUJER,VEH_LIVIANO,31,FALLECIDO,HOMBRE,VEH_LIVIANO,23,LESIONADO,HOMBRE,SCOOTER
2021-12-03 05:05:23,-4.006441,-79.189997,Calle 18 de Noviembre,SOLO_DANOS,Caida,Estado de embriaguez,,,,,,,,,,,,
2021-04-22 01:58:49,-4.016378,-79.181984,Av. Pio Jaramillo,CON_LESIONADOS,Volcamiento,Estado de embriaguez,19,LESIONADO,NO_REGISTRA,MOTOCICLETA,54,LESIONADO,HOMBRE,MOTOCICLETA,57,LESIONADO,HOMBRE,SCOOTER
2021-04-13 11:07:37,-4.020145,-79.185556,Calle Ramon Borrero,CON_LESIONADOS,Caida,Exceso de velocidad,55,LESIONADO,MUJER,CICLISTA,63,LESIONADO,HOMBRE,SCOOTER,19,LESIONADO,NO_REGISTRA,VEH_LIVIANO
2021-07-03 17:29:52,-4.018580,-79.184754,Av. Manuel Agustin Aguirre,CON_FALLECIDOS,Accidente Laboral,Visibilidad reducida,41,FALLECIDO,HOMBRE,SCOOTER,70,FALLECIDO,MUJER,VEH_LIVIANO,62,LESIONADO,MUJER,VEH_LIVIANO
2021-09-05 05:44:43,-3.992985,-79.219370,Av. Rosa Hermosa,SOLO_DANOS,Incendio,Fatiga del conductor,,,,,,,,,,,,
2021-02-03 20:23:41,-4.025960,-79.196630,Via Loja - Zamora,CON_LESIONADOS,Caida,Imprudencia del conductor,25,LESIONADO,MUJER,CICLISTA,49,LESIONADO,NO_REGISTRA,MOTOCICLETA,,,,
2021-06-21 15:13:24,-4.025033,-79.210627,Calle Quito,SOLO_DANOS,Incendio,Fatiga del conductor,,,,,,,,,,,,
2021-12-18 22:08:13,-3.994269,-79.212126,Ruta 35,SOLO_DANOS,Caida,Inobservancia de senales,59,LESIONADO,NO_REGISTRA,CICLISTA,,,,,,,,
2021-05-27 05:50:42,-3.999309,-79.225306,Via Loja - Zamora,CON_LESIONADOS,Choque Vehicular,Inobservancia de senales,67,LESIONADO,NO_REGISTRA,MOTOCICLETA,7,LESIONADO,HOMBRE,PEATON,,,,
2021-01-13 08:32:59,-3.980609,-79.181812,Calle Ramon Borrero,CON_FALLECIDOS,Colision Multiple,Factores externos,69,FALLECIDO,NO_REGISTRA,SCOOTER,29,LESIONADO,NO_REGISTRA,MOTOCICLETA,52,LESIONADO,MUJER,SCOOTER
2021-01-09 15:21:08,-3.980242,-79.185610,Via Loja - Catamayo,SOLO_DANOS,Incendio,Exceso de velocidad,,,,,,,,,,,,
2021-12-12 11:16:34,-4.009407,-79.206078,Av. Isidro Ayora,CON_FALLECIDOS,Volcamiento,Visibilidad reducida,72,FALLECIDO,MUJER,CICLISTA,28,FALLECIDO,NO_REGISTRA,MOTOCICLETA,33,LESIONADO,MUJER,OTRO
2021-06-29 13:06:36,-3.997264,-79.225811,Av. Reinaldo Espinosa,CON_FALLECIDOS,Choque Vehicular,Mal estado de la via,24,FALLECIDO,HOMBRE,OTRO,27,FALLECIDO,MUJER,SCOOTER,,,,
2021-09-10 19:40:35,-4.036034,-79.229262,Calle Sucre,CON_FALLECIDOS,Incendio,Exceso de velocidad,69,FALLECIDO,NO_REGISTRA,SCOOTER,45,FALLECIDO,HOMBRE,MOTOCICLETA,9,LESIONADO,MUJER,OTRO
2021-06-18 12:33:49,-4.017994,-79.213981,Calle Miguel Riofrio,SOLO_DANOS,Accidente Laboral,Visibilidad reducida,,,,,,,,,,,,
2021-02-09 07:14:25,-4.035640,-79.190375,Calle Saraguro,CON_FALLECIDOS,Accidente Laboral,Via resbaladiza o mojada,64,FALLECIDO,HOMBRE,CICLISTA,80,FALLECIDO,MUJER,VEH_LIVIANO,72,LESIONADO,MUJER,OTRO
2021-04-26 19:26:35,-3.987801,-79.186259,Calle Colon,CON_LESIONADOS,Colision Multiple,Imprudencia del conductor,13,LESIONADO,NO_REGISTRA,VEH_LIVIANO,70,LESIONADO,HOMBRE,VEH_LIVIANO,,,,
2021-06-26 15:04:01,-4.021951,-79.224824,Calle Imbabura,CON_FALLECIDOS,Choque Vehicular,Visibilidad reducida,80,FALLECIDO,MUJER,OTRO,38,FALLECIDO,HOMBRE,PEATON,,,,
2021-11-05 02:01:24,-4.005077,-79.211411,Calle Azogues,CON_LESIONADOS,Choque Vehicular,Exceso de velocidad,42,LESIONADO,NO_REGISTRA,SCOOTER,,,,,,,,
2021-05-07 11:39:50,-4.003800,-79.221750,Via Loja - Catamayo,CON_LESIONADOS,Incendio,Imprudencia del conductor,65,LESIONADO,NO_REGISTRA,MOTOCICLETA,11,LESIONADO,NO_REGISTRA,VEH_LIVIANO,,,,
2021-03-31 23:50:27,-3.993466,-79.216119,Calle Bolivar,CON_FALLECIDOS,Accidente Laboral,Via resbaladiza o mojada,23,FALLECIDO,HOMBRE,CICLISTA,14,LESIONADO,NO_REGISTRA,MOTOCICLETA,66,LESIONADO,MUJER,VEH_LIVIANO
2021-01-22 21:02:04,-4.016831,-79.213193,Calle Azogues,CON_LESIONADOS,Volcamiento,Distraccion (celular/radio),69,LESIONADO,MUJER,CICLISTA,41,LESIONADO,MUJER,MOTOCICLETA,,,,