fecha_hora,latitud,longitud,via,grado_severidad,tipo_siniestro,causa_probable,victima1_edad,victima1_condicion,victima1_sexo,victima1_actor_vial,victima2_edad,victima2_condicion,victima2_sexo,victima2_actor_vial,victima3_edad,victima3_condicion,victima3_sexo,victima3_actor_vial
2021-01-25 04:58:13,-3.992491,-79.195107,Calle Miguel Riofrio,CON_LESIONADOS,Incendio,Falla mecanica,41,LESIONADO,NO_REGISTRA,VEH_LIVIANO,70,LESIONADO,NO_REGISTRA,SCOOTER,44,LESIONADO,HOMBRE,CICLISTA
2021-05-04 03:37:10,-4.010687,-79.180987,Av. Manuel Agustin Aguirre,SOLO_DANOS,Caida,Equipo de seguridad deficiente,,,,,,,,,,,,
2021-06-25 02:34:55,-3.983207,-79.181270,Av. Gran Colombia,SOLO_DANOS,Colision Multiple,Via resbaladiza o mojada,,,,,,,,,,,,
2021-08-02 13:25:31,-3.996670,-79.185480,Calle Bolivar,SOLO_DANOS,Choque Vehicular,Distraccion (celular/radio),,,,,,,,,,,,
2021-09-02 03:52:02,-4.017192,-79.188604,Calle Saraguro,CON_LESIONADOS,Colision Multiple,Falla mecanica,41,LESIONADO,HOMBRE,PEATON,77,LESIONADO,MUJER,OTRO,,,,
2021-03-20 17:15:02,-4.011905,-79.187428,Av. Gran Colombia,CON_FALLECIDOS,Accidente Laboral,Inobservancia de senales,57,FALLECIDO,HOMBRE,OTRO,21,FALLECIDO,NO_REGISTRA,CICLISTA,,,,
2021-03-04 18:05:41,-3.995459,-79.208144,Av. Manuel Agustin Aguirre,CON_LESIONADOS,Colision Multiple,Mal estado de la via,70,LESIONADO,NO_REGISTRA,SCOOTER,71,LESIONADO,MUJER,MOTOCICLETA,28,LESIONADO,NO_REGISTRA,PEATON
2021-08-09 21:09:51,-4.001477,-79.209174,Calle Rocafuerte,CON_LESIONADOS,Colision Multiple,Exceso de velocidad,77,LESIONADO,NO_REGISTRA,OTRO,67,LESIONADO,NO_REGISTRA,VEH_LIVIANO,,,,
2021-03-26 22:02:15,-4.030135,-79.178828,Av. Gran Colombia,SOLO_DANOS,Choque Vehicular,Falla mecanica,,,,,,,,,,,,
2021-07-21 04:18:44,-4.000792,-79.209372,Av. Rosa Hermosa,SOLO_DANOS,Caida,Falla mecanica,,,,,,,,,,,,
2021-05-14 02:53:27,-4.019984,-79.181737,Av. Pio Jaramillo,SOLO_DANOS,Incendio,Imprudencia del conductor,,,,,,,,,,,,
2021-08-31 18:47:53,-4.016688,-79.217495,Av. Metropolitana,SOLO_DANOS,Incendio,Estado de embriaguez,,,,,,,,,,,,
2021-06-09 02:09:19,-4.020944,-79.226405,Calle Azogues,CON_LESIONADOS,Choque Vehicular,Exceso de velocidad,54,LESIONADO,MUJER,CICLISTA,62,LESIONADO,MUJER,CICLISTA,,,,
2021-10-02 08:32:55,-4.028084,-79.180579,Calle Rocafuerte,CON_LESIONADOS,Choque Vehicular,Equipo de seguridad deficiente,27,LESIONADO,MUJER,CICLISTA,36,LESIONADO,HOMBRE,OTRO,6,LESIONADO,MUJER,VEH_LIVIANO
2021-01-12 17:02:24,-4.029993,-79.171930,Av. Isidro Ayora,CON_FALLECIDOS,Colision Multiple,Factores externos,55,FALLECIDO,MUJER,SCOOTER,32,LESIONADO,NO_REGISTRA,CICLISTA,63,LESIONADO,HOMBRE,PEATON
2021-02-19 17:36:20,-4.008164,-79.230378,Av. Reinaldo Espinosa,CON_FALLECIDOS,Volcamiento,Equipo de seguridad deficiente,40,FALLECIDO,MUJER,PEATON,62,LESIONADO,HOMBRE,CICLISTA,,,,
2021-12-17 23:47:28,-4.004457,-79.195513,Calle 10 de Agosto,SOLO_DANOS,Atropellamiento,Inobservancia de senales,,,,,,,,,,,,
2021-07-23 09:10:00,-4.026260,-79.212101,Av. Orillas del Zamora,CON_LESIONADOS,Accidente Laboral,Estado de embriaguez,44,LESIONADO,MUJER,SCOOTER,13,LESIONADO,NO_REGISTRA,OTRO,40,LESIONADO,NO_REGISTRA,OTRO
2021-11-12 05:42:31,-3.992868,-79.205822,Av. Reinaldo Espinosa,CON_LESIONADOS,Atropellamiento,Factores externos,42,LESIONADO,MUJER,CICLISTA,66,LESIONADO,MUJER,VEH_LIVIANO,,,,
2021-01-07 04:47:03,-4.027639,-79.205372,Av. Reinaldo Espinosa,CON_LESIONADOS,Atropellamiento,Falla mecanica,73,LESIONADO,HOMBRE,SCOOTER,12,LESIONADO,NO_REGISTRA,OTRO,46,LESIONADO,NO_REGISTRA,SCOOTER
2021-02-02 22:05:12,-3.998775,-79.176679,Calle Imbabura,SOLO_DANOS,Colision Multiple,Factores externos,72,LESIONADO,MUJER,SCOOTER,,,,,,,,
2021-05-13 08:06:44,-4.008373,-79.221314,Av. Manuel Agustin Aguirre,CON_FALLECIDOS,Atropellamiento,Mal estado de la via,24,FALLECIDO,HOMBRE,OTRO,66,FALLECIDO,HOMBRE,MOTOCICLETA,31,LESIONADO,MUJER,VEH_LIVIANO
2021-11-24 21:17:58,-4.024930,-79.179156,Calle Quito,CON_FALLECIDOS,Incendio,Equipo de seguridad deficiente,21,FALLECIDO,MUJER,CICLISTA,31,FALLECIDO,MUJER,VEH_LIVIANO,,,,
2021-12-10 02:28:28,-4.011917,-79.171348,Calle Imbabura,SOLO_DANOS,Accidente Laboral,Fatiga del conductor,,,,,,,,,,,,
2021-07-29 06:17:50,-3.980740,-79.174748,Av. Cuxibamba,CON_FALLECIDOS,Choque Vehicular,Estado de embriaguez,29,FALLECIDO,HOMBRE,PEATON,25,FALLECIDO,NO_REGISTRA,MOTOCICLETA,,,,
2021-07-04 18:35:48,-4.036680,-79.205760,Calle 18 de Noviembre,CON_LESIONADOS,Choque Vehicular,Via resbaladiza o mojada,15,LESIONADO,NO_REGISTRA,VEH_LIVIANO,20,LESIONADO,MUJER,VEH_LIVIANO,,,,
2021-11-10 12:45:37,-4.023791,-79.209119,Av. Orillas del Zamora,CON_LESIONADOS,Caida,Factores externos,7,LESIONADO,MUJER,CICLISTA,,,,,,,,
2021-01-27 18:27:17,-4.026135,-79.226978,Av. Metropolitana,CON_LESIONADOS,Colision Multiple,Equipo de seguridad deficiente,79,LESIONADO,MUJER,CICLISTA,,,,,,,,
2021-07-18 10:15:06,-4.017722,-79.227327,Av. Orillas del Zamora,CON_FALLECIDOS,Choque Vehicular,Factores externos,34,FALLECIDO,HOMBRE,CICLISTA,45,FALLECIDO,NO_REGISTRA,CICLISTA,71,LESIONADO,MUJER,CICLISTA
2021-12-27 21:46:13,-3.991175,-79.188219,Av. Orillas del Zamora,CON_LESIONADOS,Incendio,Fatiga del conductor,20,LESIONADO,HOMBRE,MOTOCICLETA,,,,,,,,
2021-10-21 03:28:16,-3.989023,-79.195520,Calle Montufar,SOLO_DANOS,Atropellamiento,Exceso de velocidad,,,,,,,,,,,,
2021-01-03 06:52:41,-3.983200,-79.198142,Calle Azogues,SOLO_DANOS,Colision Multiple,Estado de embriaguez,,,,,,,,,,,,
2021-04-15 14:59:35,-3.990047,-79.180052,Calle Rocafuerte,CON_LESIONADOS,Choque Vehicular,Via resbaladiza o mojada,22,LESIONADO,NO_REGISTRA,MOTOCICLETA,59,LESIONADO,HOMBRE,VEH_LIVIANO,71,LESIONADO,MUJER,SCOOTER
2021-09-06 14:00:15,-4.000457,-79.214616,Av. Rosa Hermosa,SOLO_DANOS,Choque Vehicular,Falla mecanica,,,,,,,,,,,,
2021-10-29 11:03:00,-4.029166,-79.210239,Calle Miguel Riofrio,SOLO_DANOS,Accidente Laboral,Via resbaladiza o mojada,,,,,,,,,,,,
2021-09-02 14:22:57,-4.031982,-79.220684,Av. Rosa Hermosa,CON_FALLECIDOS,Volcamiento,Estado de embriaguez,42,FALLECIDO,MUJER,PEATON,30,FALLECIDO,HOMBRE,SCOOTER,44,LESIONADO,HOMBRE,OTRO
2021-11-07 19:14:36,-3.990011,-79.197666,Calle Montufar,CON_FALLECIDOS,Incendio,Equipo de seguridad deficiente,68,FALLECIDO,HOMBRE,VEH_LIVIANO,,,,,,,,
2021-08-15 22:01:58,-3.979277,-79.183610,Calle Saraguro,SOLO_DANOS,Atropellamiento,Distraccion (celular/radio),,,,,,,,,,,,
2021-11-19 16:47:47,-3.995241,-79.225319,Calle Miguel Riofrio,SOLO_DANOS,Choque Vehicular,Distraccion (celular/radio),,,,,,,,,,,,
2021-03-12 20:01:36,-3.989140,-79.208297,Av. Universitaria,CON_LESIONADOS,Volcamiento,Fatiga del conductor,53,LESIONADO,NO_REGISTRA,OTRO,30,LESIONADO,NO_REGISTRA,OTRO,69,LESIONADO,HOMBRE,PEATON
2021-10-08 06:28:38,-4.007070,-79.180176,Calle Bolivar,SOLO_DANOS,Choque Vehicular,Factores externos,20,LESIONADO,NO_REGISTRA,OTRO,,,,,,,,
2021-01-23 09:27:59,-4.001009,-79.197865,Calle 10 de Agosto,CON_FALLECIDOS,Choque Vehicular,Factores externos,70,FALLECIDO,HOMBRE,MOTOCICLETA,38,LESIONADO,MUJER,VEH_LIVIANO,,,,
2021-09-28 04:08:28,-4.002209,-79.209373,Calle Colon,CON_FALLECIDOS,Atropellamiento,Equipo de seguridad deficiente,35,FALLECIDO,HOMBRE,PEATON,20,FALLECIDO,HOMBRE,MOTOCICLETA,79,LESIONADO,MUJER,SCOOTER
2021-09-08 13:41:22,-3.993801,-79.191727,Calle Bolivar,SOLO_DANOS,Colision Multiple,Equipo de seguridad deficiente,,,,,,,,,,,,
2021-10-10 11:14:29,-3.981358,-79.227633,Via Loja - Zamora,CON_FALLECIDOS,Atropellamiento,Falla mecanica,22,FALLECIDO,HOMBRE,MOTOCICLETA,30,FALLECIDO,MUJER,MOTOCICLETA,10,LESIONADO,HOMBRE,SCOOTER
2021-06-22 04:48:29,-4.032123,-79.192147,Via Loja - Catamayo,CON_FALLECIDOS,Caida,Exceso de velocidad,35,FALLECIDO,MUJER,PEATON,64,LESIONADO,NO_REGISTRA,SCOOTER,46,LESIONADO,MUJER,OTRO
2021-05-22 06:35:07,-4.002430,-79.174207,Calle Saraguro,CON_FALLECIDOS,Caida,Factores externos,82,FALLECIDO,HOMBRE,OTRO,33,LESIONADO,MUJER,SCOOTER,80,LESIONADO,MUJER,PEATON
2021-07-05 09:27:44,-3.978810,-79.189585,Av. Cuxibamba,CON_LESIONADOS,Atropellamiento,Fatiga del conductor,63,LESIONADO,NO_REGISTRA,MOTOCICLETA,24,LESIONADO,HOMBRE,SCOOTER,,,,
2021-06-04 06:35:34,-4.009884,-79.173437,Av. Manuel Agustin Aguirre,SOLO_DANOS,Accidente Laboral,Fatiga del conductor,,,,,,,,,,,,
2021-04-27 10:03:27,-4.000502,-79.193219,Av. Reinaldo Espinosa,CON_FALLECIDOS,Caida,Equipo de seguridad deficiente,42,FALLECIDO,MUJER,VEH_LIVIANO,40,LESIONADO,MUJER,CICLISTA,41,LESIONADO,MUJER,PEATON
2021-02-24 23:09:15,-4.006773,-79.183514,Calle Sucre,SOLO_DANOS,Atropellamiento,Visibilidad reducida,,,,,,,,,,,,
2021-11-09 03:42:14,-4.014383,-79.213838,Calle Saraguro,SOLO_DANOS,Volcamiento,Inobservancia de senales,,,,,,,,,,,,
2021-12-21 04:07:08,-3.999830,-79.192357,Calle Imbabura,CON_LESIONADOS,Choque Vehicular,Mal estado de la via,5,LESIONADO,HOMBRE,SCOOTER,76,LESIONADO,HOMBRE,MOTOCICLETA,,,,
2021-01-09 06:30:46,-3.997874,-79.192784,Av. Isidro Ayora,SOLO_DANOS,Accidente Laboral,Exceso de velocidad,,,,,,,,,,,,
2021-01-01 00:59:57,-4.018038,-79.217284,Calle Miguel Riofrio,SOLO_DANOS,Incendio,Mal estado de la via,,,,,,,,,,,,
2021-06-27 15:10:51,-4.032141,-79.204439,Calle Imbabura,SOLO_DANOS,Atropellamiento,Falla mecanica,,,,,,,,,,,,
2021-09-12 14:20:23,-4.004877,-79.177389,Av. Pio Jaramillo,SOLO_DANOS,Choque Vehicular,Via resbaladiza o mojada,,,,,,,,,,,,
2021-12-15 05:42:22,-4.003702,-79.207659,Calle Montufar,CON_FALLECIDOS,Atropellamiento,Fatiga del conductor,30,FALLECIDO,MUJER,OTRO,,,,,,,,
2021-02-20 03:05:38,-4.005138,-79.217204,Calle Quito,SOLO_DANOS,Caida,Mal estado de la via,,,,,,,,,,,,
2021-01-15 10:48:55,-3.997726,-79.183811,Calle 10 de Agosto,SOLO_DANOS,Atropellamiento,Equipo de seguridad deficiente,,,,,,,,,,,,
2021-07-28 15:59:32,-4.027004,-79.184911,Av. Rosa Hermosa,SOLO_DANOS,Colision Multiple,Exceso de velocidad,,,,,,,,,,,,
2021-03-24 22:41:27,-3.981997,-79.187740,Av. Isidro Ayora,CON_LESIONADOS,Caida,Estado de embriaguez,14,LESIONADO,NO_REGISTRA,VEH_LIVIANO,65,LESIONADO,MUJER,VEH_LIVIANO,,,,
2021-09-02 16:01:20,-4.036734,-79.171017,Calle Rocafuerte,CON_FALLECIDOS,Volcamiento,Visibilidad reducida,35,FALLECIDO,MUJER,PEATON,,,,,,,,
2021-04-02 16:55:59,-3.977654,-79.207481,Av. Isidro Ayora,CON_LESIONADOS,Accidente Laboral,Inobservancia de senales,24,LESIONADO,MUJER,MOTOCICLETA,,,,,,,,
2021-07-16 12:26:54,-3.998127,-79.184110,Calle Bolivar,SOLO_DANOS,Volcamiento,Inobservancia de senales,,,,,,,,,,,,
2021-04-24 07:16:54,-4.016701,-79.216894,Av. Orillas del Zamora,SOLO_DANOS,Choque Vehicular,Inobservancia de senales,,,,,,,,,,,,
2021-04-18 09:15:58,-4.033205,-79.225799,Calle Bolivar,SOLO_DANOS,Volcamiento,Imprudencia del conductor,,,,,,,,,,,,
2021-08-04 23:11:34,-4.032514,-79.220624,Av. Rosa Hermosa,SOLO_DANOS,Choque Vehicular,Visibilidad reducida,,,,,,,,,,,,
2021-03-30 16:19:44,-4.018952,-79.224888,Calle Azogues,CON_FALLECIDOS,Incendio,Estado de embriaguez,60,FALLECIDO,NO_REGISTRA,OTRO,47,FALLECIDO,MUJER,VEH_LIVIANO,19,LESIONADO,MUJER,CICLISTA
2021-02-09 11:56:03,-4.016530,-79.183315,Av. Cuxibamba,CON_FALLECIDOS,Volcamiento,Fatiga del conductor,53,FALLECIDO,HOMBRE,PEATON,75,LESIONADO,NO_REGISTRA,MOTOCICLETA,41,LESIONADO,HOMBRE,VEH_LIVIANO
2021-09-08 16:08:55,-4.028724,-79.180334,Calle Miguel Riofrio,CON_LESIONADOS,Atropellamiento,Fatiga del conductor,15,LESIONADO,NO_REGISTRA,OTRO,53,LESIONADO,NO_REGISTRA,MOTOCICLETA,74,LESIONADO,NO_REGISTRA,MOTOCICLETA
2021-09-02 01:09:59,-3.991550,-79.188631,Calle Miguel Riofrio,SOLO_DANOS,Incendio,Exceso de velocidad,,,,,,,,,,,,
2021-09-29 20:26:42,-3.998390,-79.203663,Av. Metropolitana,SOLO_DANOS,Accidente Laboral,Visibilidad reducida,,,,,,,,,,,,
2021-06-03 07:24:34,-4.021583,-79.172514,Calle Miguel Riofrio,SOLO_DANOS,Colision Multiple,Mal estado de la via,,,,,,,,,,,,
2021-04-03 22:12:05,-3.982647,-79.195957,Calle Ramon Borrero,CON_LESIONADOS,Atropellamiento,Mal estado de la via,28,LESIONADO,HOMBRE,VEH_LIVIANO,25,LESIONADO,HOMBRE,VEH_LIVIANO,,,,
2021-11-11 13:36:39,-4.007800,-79.179343,Calle Quito,CON_FALLECIDOS,Colision Multiple,Inobservancia de senales,34,FALLECIDO,HOMBRE,MOTOCICLETA,55,LESIONADO,NO_REGISTRA,VEH_LIVIANO,78,LESIONADO,NO_REGISTRA,MOTOCICLETA
2021-08-11 01:50:32,-4.001314,-79.213671,Calle Ramon Borrero,SOLO_DANOS,Atropellamiento,Estado de embriaguez,,,,,,,,,,,,
2021-02-15 17:55:49,-4.033761,-79.212600,Av. Gran Colombia,CON_LESIONADOS,Accidente Laboral,Estado de embriaguez,26,LESIONADO,MUJER,VEH_LIVIANO,63,LESIONADO,HOMBRE,SCOOTER,,,,
2021-07-03 07:56:29,-3.994366,-79.215568,Calle Imbabura,CON_LESIONADOS,Accidente Laboral,Via resbaladiza o mojada,11,LESIONADO,MUJER,SCOOTER,33,LESIONADO,NO_REGISTRA,SCOOTER,,,,
2021-07-17 02:44:41,-4.030909,-79.179632,Av. Rosa Hermosa,CON_FALLECIDOS,Accidente Laboral,Falla mecanica,81,FALLECIDO,NO_REGISTRA,SCOOTER,,,,,,,,
2021-07-06 10:34:04,-3.990658,-79.191587,Av. Manuel Agustin Aguirre,CON_LESIONADOS,Atropellamiento,Factores externos,47,LESIONADO,NO_REGISTRA,PEATON,,,,,,,,
2021-05-22 16:01:14,-4.027024,-79.221569,Av. Gran Colombia,CON_FALLECIDOS,Choque Vehicular,Exceso de velocidad,43,FALLECIDO,HOMBRE,SCOOTER,75,FALLECIDO,HOMBRE,VEH_LIVIANO,28,LESIONADO,HOMBRE,CICLISTA
2021-04-12 10:45:40,-3.988913,-79.225703,Av. Rosa Hermosa,SOLO_DANOS,Colision Multiple,Fatiga del conductor,,,,,,,,,,,,
2021-01-25 08:06:44,-3.986641,-79.192542,Av. Cuxibamba,CON_LESIONADOS,Atropellamiento,Mal estado de la via,8,LESIONADO,NO_REGISTRA,SCOOTER,,,,,,,,
2021-03-09 12:30:44,-4.008286,-79.173212,Calle Rocafuerte,CON_FALLECIDOS,Atropellamiento,Via resbaladiza o mojada,72,FALLECIDO,MUJER,PEATON,50,FALLECIDO,HOMBRE,SCOOTER,27,LESIONADO,HOMBRE,VEH_LIVIANO
2021-12-25 18:05:22,-4.020455,-79.171384,Calle Quito,SOLO_DANOS,Choque Vehicular,Exceso de velocidad,,,,,,,,,,,,
2021-11-25 06:32:21,-3.991207,-79.203741,Ruta 35,SOLO_DANOS,Choque Vehicular,Factores externos,,,,,,,,,,,,
2021-04-03 20:50:23,-3.990185,-79.210344,Av. Metropolitana,CON_FALLECIDOS,Caida,Exceso de velocidad,84,FALLECIDO,HOMBRE,MOTOCICLETA,67,LESIONADO,NO_REGISTRA,MOTOCICLETA,,,,
2021-09-15 18:24:28,-3.987205,-79.187719,Av. Cuxibamba,CON_FALLECIDOS,Incendio,Distraccion (celular/radio),54,FALLECIDO,NO_REGISTRA,VEH_LIVIANO,55,LESIONADO,HOMBRE,CICLISTA,,,,
2021-05-16 00:06:50,-4.030037,-79.196262,Ruta 35,SOLO_DANOS,Atropellamiento,Visibilidad reducida,,,,,,,,,,,,
2021-01-14 02:03:11,-4.009867,-79.227540,Calle Bolivar,CON_FALLECIDOS,Accidente Laboral,Factores externos,75,FALLECIDO,MUJER,PEATON,81,FALLECIDO,MUJER,VEH_LIVIANO,56,LESIONADO,MUJER,SCOOTER
2021-07-17 18:04:15,-4.003606,-79.222878,Av. 8 de Diciembre,SOLO_DANOS,Accidente Laboral,Mal estado de la via,,,,,,,,,,,,
2021-01-25 22:22:08,-4.027488,-79.197804,Calle Rocafuerte,SOLO_DANOS,Volcamiento,Equipo de seguridad deficiente,,,,,,,,,,,,
2021-06-02 05:39:13,-4.032593,-79.179278,Av. Reinaldo Espinosa,SOLO_DANOS,Atropellamiento,Distraccion (celular/radio),,,,,,,,,,,,
2021-10-08 22:09:01,-4.003920,-79.207475,Av. Isidro Ayora,CON_LESIONADOS,Volcamiento,Imprudencia del conductor,39,LESIONADO,HOMBRE,MOTOCICLETA,78,LESIONADO,NO_REGISTRA,SCOOTER,,,,
2021-07-25 20:38:00,-4.022004,-79.217539,Calle Mercadillo,CON_FALLECIDOS,Atropellamiento,Inobservancia de senales,59,FALLECIDO,NO_REGISTRA,VEH_LIVIANO,32,LESIONADO,NO_REGISTRA,SCOOTER,,,,
2021-06-11 22:26:51,-4.023904,-79.217627,Calle Sucre,CON_LESIONADOS,Caida,Estado de embriaguez,46,LESIONADO,MUJER,VEH_LIVIANO,,,,,,,,
2021-12-03 17:50:00,-4.004543,-79.183680,Via Loja - Zamora,CON_LESIONADOS,Incendio,Falla mecanica,49,LESIONADO,HOMBRE,MOTOCICLETA,,,,,,,,
2021-05-06 18:25:00,-4.030562,-79.225909,Calle Montufar,SOLO_DANOS,Atropellamiento,Factores externos,,,,,,,,,,,,
2021-06-23 00:25:45,-4.015474,-79.192564,Calle Rocafuerte,CON_FALLECIDOS,Accidente Laboral,Visibilidad reducida,64,FALLECIDO,NO_REGISTRA,OTRO,20,FALLECIDO,NO_REGISTRA,VEH_LIVIANO,,,,
2021-03-26 18:49:34,-4.017601,-79.188796,Calle 18 de Noviembre,SOLO_DANOS,Incendio,Exceso de velocidad,,,,,,,,,,,,
2021-07-03 06:33:29,-4.017843,-79.172790,Via Loja - Catamayo,SOLO_DANOS,Colision Multiple,Distraccion (celular/radio),,,,,,,,,,,,
2021-05-01 19:33:25,-4.031599,-79.222263,Av. Rosa Hermosa,CON_LESIONADOS,Atropellamiento,Factores externos,46,LESIONADO,HOMBRE,PEATON,58,LESIONADO,NO_REGISTRA,MOTOCICLETA,34,LESIONADO,HOMBRE,CICLISTA
2021-09-18 21:47:47,-3.989268,-79.181005,Calle Rocafuerte,CON_FALLECIDOS,Incendio,Factores externos,79,FALLECIDO,HOMBRE,MOTOCICLETA,44,FALLECIDO,MUJER,VEH_LIVIANO,,,,
2021-10-21 00:53:57,-4.015743,-79.223171,Via Loja - Catamayo,SOLO_DANOS,Atropellamiento,Exceso de velocidad,,,,,,,,,,,,
2021-08-03 12:28:59,-4.018634,-79.210863,Calle 18 de Noviembre,SOLO_DANOS,Colision Multiple,Distraccion (celular/radio),,,,,,,,,,,,
2021-03-22 15:21:39,-4.032961,-79.184257,Calle Miguel Riofrio,CON_FALLECIDOS,Accidente Laboral,Equipo de seguridad deficiente,45,FALLECIDO,HOMBRE,OTRO,65,FALLECIDO,HOMBRE,SCOOTER,28,LESIONADO,MUJER,SCOOTER
2021-12-23 21:57:57,-3.985340,-79.179746,Av. Reinaldo Espinosa,CON_FALLECIDOS,Incendio,Inobservancia de senales,53,FALLECIDO,HOMBRE,OTRO,74,LESIONADO,NO_REGISTRA,CICLISTA,65,LESIONADO,NO_REGISTRA,OTRO
2021-04-13 00:00:51,-4.023992,-79.172005,Calle Saraguro,SOLO_DANOS,Colision Multiple,Mal estado de la via,,,,,,,,,,,,
2021-01-18 01:19:14,-4.005226,-79.193554,Calle Colon,CON_LESIONADOS,Choque Vehicular,Mal estado de la via,28,LESIONADO,MUJER,VEH_LIVIANO,42,LESIONADO,MUJER,VEH_LIVIANO,67,LESIONADO,HOMBRE,OTRO
2021-10-14 15:19:36,-4.021193,-79.204440,Calle Bolivar,SOLO_DANOS,Incendio,Exceso de velocidad,,,,,,,,,,,,
2021-01-28 01:55:29,-3.981137,-79.224161,Av. Reinaldo Espinosa,CON_LESIONADOS,Accidente Laboral,Imprudencia del conductor,36,LESIONADO,NO_REGISTRA,VEH_LIVIANO,12,LESIONADO,MUJER,SCOOTER,,,,
2021-02-20 12:06:54,-3.995776,-79.194332,Calle Colon,SOLO_DANOS,Choque Vehicular,Mal estado de la via,,,,,,,,,,,,
2021-10-03 23:18:48,-3.993562,-79.216705,Av. Isidro Ayora,CON_LESIONADOS,Caida,Fatiga del conductor,37,LESIONADO,HOMBRE,VEH_LIVIANO,13,LESIONADO,HOMBRE,SCOOTER,,,,
2021-01-16 23:29:12,-4.005790,-79.207017,Av. Universitaria,CON_LESIONADOS,Choque Vehicular,Exceso de velocidad,26,LESIONADO,MUJER,SCOOTER,7,LESIONADO,NO_REGISTRA,PEATON,38,LESIONADO,HOMBRE,VEH_LIVIANO
2021-02-12 20:13:00,-4.001686,-79.197658,Calle 18 de Noviembre,CON_FALLECIDOS,Accidente Laboral,Estado de embriaguez,44,FALLECIDO,HOMBRE,OTRO,35,FALLECIDO,HOMBRE,SCOOTER,29,LESIONADO,HOMBRE,VEH_LIVIANO
2021-12-14 07:52:30,-3.998424,-79.221515,Av. Gran Colombia,CON_FALLECIDOS,Caida,Mal estado de la via,30,FALLECIDO,NO_REGISTRA,VEH_LIVIANO,,,,,,,,
2021-04-30 00:07:54,-4.009419,-79.225306,Via Loja - Catamayo,CON_LESIONADOS,Incendio,Via resbaladiza o mojada,67,LESIONADO,NO_REGISTRA,SCOOTER,,,,,,,,
2021-12-09 21:50:08,-3.983073,-79.186088,Calle 10 de Agosto,CON_FALLECIDOS,Colision Multiple,Falla mecanica,42,FALLECIDO,NO_REGISTRA,VEH_LIVIANO,40,LESIONADO,HOMBRE,SCOOTER,,,,
2021-05-11 00:23:13,-3.986183,-79.171289,Calle 18 de Noviembre,SOLO_DANOS,Caida,Equipo de seguridad deficiente,,,,,,,,,,,,
2021-10-19 05:15:46,-4.004490,-79.217830,Calle Montufar,SOLO_DANOS,Choque Vehicular,Imprudencia del conductor,,,,,,,,,,,,
2021-04-17 03:26:15,-4.033147,-79.204184,Ruta 35,CON_FALLECIDOS,Accidente Laboral,Via resbaladiza o mojada,65,FALLECIDO,MUJER,MOTOCICLETA,32,LESIONADO,HOMBRE,OTRO,,,,
2021-12-11 08:55:45,-3.999412,-79.222807,Av. Pio Jaramillo,CON_LESIONADOS,Colision Multiple,Via resbaladiza o mojada,17,LESIONADO,NO_REGISTRA,VEH_LIVIANO,,,,,,,,
2021-03-08 03:13:27,-4.012567,-79.222109,Calle Colon,CON_LESIONADOS,Incendio,Factores externos,66,LESIONADO,MUJER,SCOOTER,69,LESIONADO,HOMBRE,PEATON,,,,
2021-07-18 19:43:35,-3.995924,-79.212044,Calle Imbabura,SOLO_DANOS,Atropellamiento,Via resbaladiza o mojada,,,,,,,,,,,,
2021-07-12 01:51:29,-3.993656,-79.182757,Calle 18 de Noviembre,SOLO_DANOS,Volcamiento,Distraccion (celular/radio),,,,,,,,,,,,
2021-12-01 12:47:33,-3.985561,-79.194005,Av. Pio Jaramillo,SOLO_DANOS,Atropellamiento,Visibilidad reducida,,,,,,,,,,,,
2021-04-04 03:59:48,-4.016556,-79.171056,Ruta 35,SOLO_DANOS,Choque Vehicular,Fatiga del conductor,,,,,,,,,,,,
2021-01-14 05:12:06,-4.024375,-79.208121,Av. Universitaria,CON_FALLECIDOS,Incendio,Estado de embriaguez,56,FALLECIDO,NO_REGISTRA,PEATON,43,FALLECIDO,HOMBRE,CICLISTA,27,LESIONADO,NO_REGISTRA,CICLISTA
2021-07-02 01:20:21,-4.024271,-79.191998,Calle Rocafuerte,CON_FALLECIDOS,Colision Multiple,Factores externos,24,FALLECIDO,NO_REGISTRA,VEH_LIVIANO,70,LESIONADO,HOMBRE,MOTOCICLETA,51,LESIONADO,HOMBRE,OTRO
2021-12-20 14:06:19,-3.997150,-79.230172,Calle Ramon Borrero,SOLO_DANOS,Colision Multiple,Via resbaladiza o mojada,,,,,,,,,,,,
2021-12-21 11:05:18,-3.979514,-79.208240,Calle Rocafuerte,SOLO_DANOS,Volcamiento,Distraccion (celular/radio),,,,,,,,,,,,
2021-05-14 06:10:25,-4.025296,-79.203948,Calle Mercadillo,CON_LESIONADOS,Accidente Laboral,Inobservancia de senales,5,LESIONADO,HOMBRE,SCOOTER,18,LESIONADO,MUJER,VEH_LIVIANO,8,LESIONADO,MUJER,SCOOTER
2021-11-05 07:38:48,-4.021116,-79.189837,Ruta 35,SOLO_DANOS,Choque Vehicular,Mal estado de la via,,,,,,,,,,,,