fecha_hora,latitud,longitud,via,grado_severidad,tipo_siniestro,causa_probable,victima1_edad,victima1_condicion,victima1_sexo,victima1_actor_vial,victima2_edad,victima2_condicion,victima2_sexo,victima2_actor_vial,victima3_edad,victima3_condicion,victima3_sexo,victima3_actor_vial
2021-02-10 07:31:28,-3.981665,-79.173855,Av. Orillas del Zamora,CON_LESIONADOS,Colision Multiple,Factores externos,68,LESIONADO,MUJER,PEATON,,,,,,,,
2021-07-09 03:29:13,-3.994603,-79.205975,Av. Manuel Agustin Aguirre,SOLO_DANOS,Incendio,Factores externos,,,,,,,,,,,,
2021-03-19 13:22:16,-4.018213,-79.184081,Calle Rocafuerte,SOLO_DANOS,Caida,Imprudencia del conductor,76,LESIONADO,NO_REGISTRA,PEATON,,,,,,,,
2021-04-08 22:29:29,-4.019724,-79.191269,Via Loja - Catamayo,CON_LESIONADOS,Incendio,Falla mecanica,65,LESIONADO,MUJER,MOTOCICLETA,73,LESIONADO,MUJER,VEH_LIVIANO,64,LESIONADO,HOMBRE,CICLISTA
2021-12-08 23:42:23,-3.983410,-79.201884,Av. Cuxibamba,CON_LESIONADOS,Colision Multiple,Fatiga del conductor,61,LESIONADO,MUJER,SCOOTER,15,LESIONADO,MUJER,CICLISTA,5,LESIONADO,HOMBRE,SCOOTER
2021-05-23 16:26:09,-4.011697,-79.218160,Ruta 35,SOLO_DANOS,Caida,Distraccion (celular/radio),,,,,,,,,,,,
2021-07-17 19:19:37,-4.008627,-79.211919,Av. 8 de Diciembre,CON_FALLECIDOS,Choque Vehicular,Fatiga del conductor,70,FALLECIDO,MUJER,VEH_LIVIANO,65,LESIONADO,NO_REGISTRA,CICLISTA,44,LESIONADO,MUJER,PEATON
2021-05-04 11:17:29,-4.006708,-79.180933,Ruta 35,SOLO_DANOS,Colision Multiple,Imprudencia del conductor,,,,,,,,,,,,
2021-07-31 10:49:53,-3.978394,-79.194569,Av. Rosa Hermosa,CON_LESIONADOS,Caida,Imprudencia del conductor,56,LESIONADO,NO_REGISTRA,MOTOCICLETA,,,,,,,,
2021-06-16 04:19:51,-4.026650,-79.182598,Calle Saraguro,CON_FALLECIDOS,Volcamiento,Equipo de seguridad deficiente,35,FALLECIDO,NO_REGISTRA,MOTOCICLETA,,,,,,,,
2021-02-05 20:45:10,-3.978692,-79.219374,Av. Orillas del Zamora,SOLO_DANOS,Colision Multiple,Distraccion (celular/radio),,,,,,,,,,,,
2021-09-16 06:55:53,-4.026749,-79.202214,Av. 8 de Diciembre,CON_FALLECIDOS,Choque Vehicular,Exceso de velocidad,85,FALLECIDO,HOMBRE,SCOOTER,23,FALLECIDO,NO_REGISTRA,CICLISTA,62,LESIONADO,HOMBRE,VEH_LIVIANO
2021-11-06 07:05:24,-3.987652,-79.191595,Av. Manuel Agustin Aguirre,CON_LESIONADOS,Choque Vehicular,Inobservancia de senales,9,LESIONADO,MUJER,PEATON,74,LESIONADO,MUJER,VEH_LIVIANO,22,LESIONADO,HOMBRE,SCOOTER
2021-05-10 11:17:59,-4.014536,-79.200769,Calle 10 de Agosto,SOLO_DANOS,Volcamiento,Inobservancia de senales,,,,,,,,,,,,
2021-12-14 15:07:26,-4.000634,-79.223892,Calle Imbabura,CON_LESIONADOS,Colision Multiple,Estado de embriaguez,72,LESIONADO,NO_REGISTRA,PEATON,8,LESIONADO,HOMBRE,PEATON,13,LESIONADO,NO_REGISTRA,PEATON
2021-08-23 18:30:47,-4.023948,-79.210316,Calle Azogues,CON_LESIONADOS,Accidente Laboral,Visibilidad reducida,26,LESIONADO,HOMBRE,SCOOTER,,,,,,,,
2021-12-01 04:35:04,-3.989957,-79.183581,Calle Bolivar,CON_LESIONADOS,Volcamiento,Factores externos,51,LESIONADO,HOMBRE,PEATON,78,LESIONADO,MUJER,MOTOCICLETA,,,,
2021-09-24 01:42:44,-4.007869,-79.173725,Calle Colon,CON_FALLECIDOS,Caida,Factores externos,45,FALLECIDO,MUJER,VEH_LIVIANO,,,,,,,,
2021-07-25 07:10:33,-4.032151,-79.195523,Calle Quito,CON_LESIONADOS,Caida,Imprudencia del conductor,5,LESIONADO,HOMBRE,MOTOCICLETA,54,LESIONADO,MUJER,PEATON,,,,
2021-07-22 07:56:28,-4.011205,-79.206135,Av. Universitaria,CON_FALLECIDOS,Volcamiento,Inobservancia de senales,47,FALLECIDO,NO_REGISTRA,SCOOTER,,,,,,,,
2021-05-17 06:16:36,-4.017800,-79.191298,Calle Ramon Borrero,CON_FALLECIDOS,Accidente Laboral,Fatiga del conductor,31,FALLECIDO,NO_REGISTRA,MOTOCICLETA,50,FALLECIDO,HOMBRE,SCOOTER,59,LESIONADO,HOMBRE,PEATON
2021-07-24 18:41:37,-3.996766,-79.177788,Av. Gran Colombia,CON_FALLECIDOS,Atropellamiento,Estado de embriaguez,47,FALLECIDO,HOMBRE,PEATON,60,LESIONADO,HOMBRE,PEATON,60,LESIONADO,HOMBRE,VEH_LIVIANO
2021-06-18 17:17:07,-4.004735,-79.188327,Calle Quito,CON_FALLECIDOS,Atropellamiento,Factores externos,67,FALLECIDO,HOMBRE,OTRO,57,FALLECIDO,MUJER,SCOOTER,52,LESIONADO,MUJER,SCOOTER
2021-05-30 20:24:35,-3.993668,-79.215979,Via Loja - Zamora,SOLO_DANOS,Colision Multiple,Inobservancia de senales,,,,,,,,,,,,
2021-06-08 03:41:21,-4.006855,-79.224549,Av. 8 de Diciembre,CON_FALLECIDOS,Accidente Laboral,Equipo de seguridad deficiente,23,FALLECIDO,HOMBRE,CICLISTA,13,LESIONADO,HOMBRE,MOTOCICLETA,50,LESIONADO,MUJER,MOTOCICLETA
2021-03-22 22:37:50,-4.026793,-79.200514,Av. Universitaria,SOLO_DANOS,Atropellamiento,Factores externos,15,LESIONADO,MUJER,SCOOTER,,,,,,,,
2021-09-08 18:30:20,-4.010946,-79.224780,Calle Montufar,CON_LESIONADOS,Incendio,Inobservancia de senales,14,LESIONADO,NO_REGISTRA,SCOOTER,71,LESIONADO,NO_REGISTRA,SCOOTER,6,LESIONADO,NO_REGISTRA,PEATON
2021-04-14 19:19:23,-3.991714,-79.174617,Av. Manuel Agustin Aguirre,CON_LESIONADOS,Atropellamiento,Imprudencia del conductor,46,LESIONADO,HOMBRE,OTRO,,,,,,,,
2021-03-19 07:17:42,-4.010360,-79.199285,Calle 10 de Agosto,CON_FALLECIDOS,Choque Vehicular,Visibilidad reducida,53,FALLECIDO,MUJER,OTRO,67,FALLECIDO,HOMBRE,MOTOCICLETA,80,LESIONADO,MUJER,OTRO
2021-01-05 05:24:12,-4.005907,-79.218382,Calle Montufar,SOLO_DANOS,Atropellamiento,Visibilidad reducida,58,LESIONADO,MUJER,MOTOCICLETA,,,,,,,,
2021-03-16 16:48:04,-3.999258,-79.198854,Calle Quito,SOLO_DANOS,Caida,Exceso de velocidad,,,,,,,,,,,,
2021-09-16 23:43:29,-4.006615,-79.209565,Calle Montufar,CON_LESIONADOS,Atropellamiento,Imprudencia del conductor,69,LESIONADO,HOMBRE,SCOOTER,55,LESIONADO,NO_REGISTRA,CICLISTA,63,LESIONADO,NO_REGISTRA,OTRO
2021-09-28 02:52:18,-4.033216,-79.221469,Calle Saraguro,SOLO_DANOS,Atropellamiento,Mal estado de la via,23,LESIONADO,NO_REGISTRA,PEATON,,,,,,,,
2021-07-22 01:50:55,-4.009151,-79.209632,Av. 8 de Diciembre,CON_LESIONADOS,Choque Vehicular,Mal estado de la via,7,LESIONADO,HOMBRE,PEATON,60,LESIONADO,MUJER,OTRO,56,LESIONADO,HOMBRE,MOTOCICLETA
2021-02-27 12:10:21,-3.986460,-79.224328,Av. Universitaria,SOLO_DANOS,Colision Multiple,Via resbaladiza o mojada,,,,,,,,,,,,
2021-11-17 23:34:24,-4.005621,-79.172044,Calle Quito,CON_LESIONADOS,Caida,Visibilidad reducida,51,LESIONADO,NO_REGISTRA,CICLISTA,62,LESIONADO,HOMBRE,VEH_LIVIANO,45,LESIONADO,MUJER,OTRO
2021-01-03 23:56:39,-4.007090,-79.172414,Ruta 35,SOLO_DANOS,Volcamiento,Via resbaladiza o mojada,,,,,,,,,,,,
2021-10-05 02:05:26,-4.019262,-79.210665,Av. Rosa Hermosa,SOLO_DANOS,Atropellamiento,Fatiga del conductor,,,,,,,,,,,,
2021-08-08 13:18:41,-4.014471,-79.189715,Via Loja - Catamayo,CON_FALLECIDOS,Choque Vehicular,Fatiga del conductor,31,FALLECIDO,HOMBRE,MOTOCICLETA,28,LESIONADO,NO_REGISTRA,PEATON,,,,
2021-10-06 02:16:28,-4.012099,-79.198647,Av. Rosa Hermosa,CON_FALLECIDOS,Incendio,Imprudencia del conductor,83,FALLECIDO,HOMBRE,PEATON,32,FALLECIDO,MUJER,CICLISTA,52,LESIONADO,HOMBRE,CICLISTA
2021-09-15 00:30:01,-3.985715,-79.177937,Calle Saraguro,CON_LESIONADOS,Choque Vehicular,Equipo de seguridad deficiente,31,LESIONADO,NO_REGISTRA,PEATON,35,LESIONADO,MUJER,VEH_LIVIANO,,,,
2021-03-23 17:05:56,-4.013313,-79.190757,Calle Miguel Riofrio,CON_LESIONADOS,Colision Multiple,Inobservancia de senales,53,LESIONADO,NO_REGISTRA,SCOOTER,54,LESIONADO,HOMBRE,PEATON,,,,
2021-12-13 11:05:28,-4.026201,-79.198412,Av. 8 de Diciembre,CON_FALLECIDOS,Choque Vehicular,Visibilidad reducida,40,FALLECIDO,NO_REGISTRA,PEATON,75,LESIONADO,HOMBRE,MOTOCICLETA,,,,
2021-03-31 16:36:13,-4.020408,-79.215678,Av. Orillas del Zamora,CON_LESIONADOS,Choque Vehicular,Inobservancia de senales,22,LESIONADO,MUJER,CICLISTA,45,LESIONADO,HOMBRE,CICLISTA,,,,
2021-11-28 17:09:35,-4.020193,-79.225755,Av. 8 de Diciembre,CON_FALLECIDOS,Accidente Laboral,Via resbaladiza o mojada,37,FALLECIDO,NO_REGISTRA,CICLISTA,81,FALLECIDO,HOMBRE,OTRO,12,LESIONADO,MUJER,VEH_LIVIANO
2021-04-26 18:27:09,-4.004521,-79.176827,Calle Colon,CON_FALLECIDOS,Choque Vehicular,Fatiga del conductor,36,FALLECIDO,MUJER,VEH_LIVIANO,18,LESIONADO,HOMBRE,VEH_LIVIANO,40,LESIONADO,MUJER,CICLISTA
2021-11-29 19:04:32,-4.016702,-79.204699,Calle Montufar,CON_LESIONADOS,Colision Multiple,Equipo de seguridad deficiente,8,LESIONADO,HOMBRE,SCOOTER,24,LESIONADO,MUJER,VEH_LIVIANO,,,,
2021-10-23 10:58:49,-3.988540,-79.223273,Av. Reinaldo Espinosa,CON_FALLECIDOS,Choque Vehicular,Mal estado de la via,21,FALLECIDO,HOMBRE,SCOOTER,34,FALLECIDO,NO_REGISTRA,CICLISTA,44,LESIONADO,NO_REGISTRA,OTRO
2021-04-03 16:04:13,-4.012473,-79.220956,Av. Rosa Hermosa,CON_LESIONADOS,Incendio,Visibilidad reducida,49,LESIONADO,MUJER,PEATON,,,,,,,,
2021-02-22 21:26:49,-4.011220,-79.214279,Calle Azogues,SOLO_DANOS,Caida,Visibilidad reducida,,,,,,,,,,,,
2021-01-07 18:10:53,-4.035252,-79.206148,Calle Colon,SOLO_DANOS,Incendio,Falla mecanica,,,,,,,,,,,,
2021-02-04 11:46:14,-4.029134,-79.215070,Calle Rocafuerte,SOLO_DANOS,Accidente Laboral,Mal estado de la via,,,,,,,,,,,,
2021-04-16 03:46:04,-3.988902,-79.218254,Av. 8 de Diciembre,CON_LESIONADOS,Incendio,Imprudencia del conductor,67,LESIONADO,HOMBRE,MOTOCICLETA,,,,,,,,
2021-11-20 18:44:06,-4.005663,-79.229959,Via Loja - Catamayo,CON_LESIONADOS,Colision Multiple,Visibilidad reducida,41,LESIONADO,NO_REGISTRA,MOTOCICLETA,74,LESIONADO,MUJER,CICLISTA,37,LESIONADO,HOMBRE,PEATON
2021-05-10 04:21:58,-4.000213,-79.193273,Calle Colon,SOLO_DANOS,Atropellamiento,Visibilidad reducida,,,,,,,,,,,,
2021-08-07 22:17:06,-3.981822,-79.219964,Av. Orillas del Zamora,CON_LESIONADOS,Incendio,Imprudencia del conductor,20,LESIONADO,HOMBRE,VEH_LIVIANO,77,LESIONADO,NO_REGISTRA,MOTOCICLETA,69,LESIONADO,MUJER,PEATON
2021-11-08 16:03:21,-3.996147,-79.211406,Av. Orillas del Zamora,SOLO_DANOS,Atropellamiento,Distraccion (celular/radio),,,,,,,,,,,,
2021-09-06 17:10:23,-4.032071,-79.184765,Calle Saraguro,CON_FALLECIDOS,Caida,Fatiga del conductor,68,FALLECIDO,HOMBRE,MOTOCICLETA,62,FALLECIDO,HOMBRE,OTRO,40,LESIONADO,MUJER,OTRO
2021-12-11 02:08:07,-3.997206,-79.196498,Calle Bolivar,CON_LESIONADOS,Choque Vehicular,Equipo de seguridad deficiente,25,LESIONADO,NO_REGISTRA,VEH_LIVIANO,40,LESIONADO,NO_REGISTRA,PEATON,58,LESIONADO,HOMBRE,CICLISTA
2021-11-06 14:00:51,-4.026095,-79.196234,Calle 18 de Noviembre,SOLO_DANOS,Colision Multiple,Visibilidad reducida,,,,,,,,,,,,
2021-10-21 08:20:13,-3.990721,-79.177415,Av. 8 de Diciembre,SOLO_DANOS,Colision Multiple,Estado de embriaguez,,,,,,,,,,,,
2021-05-15 10:41:33,-3.996429,-79.179303,Calle Mercadillo,SOLO_DANOS,Accidente Laboral,Mal estado de la via,,,,,,,,,,,,
2021-11-29 20:02:50,-4.036763,-79.205395,Av. Manuel Agustin Aguirre,CON_FALLECIDOS,Incendio,Equipo de seguridad deficiente,40,FALLECIDO,MUJER,OTRO,72,LESIONADO,HOMBRE,SCOOTER,,,,
2021-10-06 23:08:44,-4.018877,-79.184856,Av. Metropolitana,CON_LESIONADOS,Incendio,Mal estado de la via,6,LESIONADO,HOMBRE,VEH_LIVIANO,,,,,,,,
2021-03-20 13:06:27,-4.036100,-79.211302,Av. 8 de Diciembre,CON_LESIONADOS,Atropellamiento,Via resbaladiza o mojada,72,LESIONADO,MUJER,SCOOTER,,,,,,,,
2021-07-09 14:59:09,-4.018055,-79.221597,Via Loja - Catamayo,CON_FALLECIDOS,Choque Vehicular,Estado de embriaguez,40,FALLECIDO,HOMBRE,CICLISTA,36,FALLECIDO,HOMBRE,SCOOTER,,,,
2021-05-05 10:45:49,-3.985243,-79.180140,Calle Sucre,SOLO_DANOS,Caida,Estado de embriaguez,,,,,,,,,,,,
2021-05-07 20:54:03,-4.014636,-79.192861,Calle Montufar,SOLO_DANOS,Colision Multiple,Via resbaladiza o mojada,,,,,,,,,,,,
2021-05-12 20:31:00,-3.982621,-79.209825,Av. Metropolitana,SOLO_DANOS,Atropellamiento,Falla mecanica,,,,,,,,,,,,
2021-01-26 13:16:31,-4.018406,-79.226218,Av. Gran Colombia,SOLO_DANOS,Choque Vehicular,Exceso de velocidad,,,,,,,,,,,,
2021-07-19 13:58:00,-3.996718,-79.179561,Calle Sucre,SOLO_DANOS,Atropellamiento,Equipo de seguridad deficiente,,,,,,,,,,,,
2021-02-04 13:28:22,-4.006814,-79.212272,Calle Montufar,SOLO_DANOS,Incendio,Mal estado de la via,,,,,,,,,,,,
2021-05-06 12:20:52,-4.011162,-79.191559,Via Loja - Catamayo,SOLO_DANOS,Choque Vehicular,Mal estado de la via,,,,,,,,,,,,
2021-06-16 07:12:09,-4.010831,-79.194058,Calle Ramon Borrero,SOLO_DANOS,Incendio,Fatiga del conductor,22,LESIONADO,HOMBRE,CICLISTA,,,,,,,,
2021-05-20 11:24:28,-3.988392,-79.224083,Av. Universitaria,CON_FALLECIDOS,Choque Vehicular,Mal estado de la via,55,FALLECIDO,MUJER,MOTOCICLETA,54,FALLECIDO,HOMBRE,SCOOTER,40,LESIONADO,MUJER,VEH_LIVIANO
2021-07-04 07:28:25,-3.987947,-79.177696,Av. Isidro Ayora,CON_FALLECIDOS,Volcamiento,Fatiga del conductor,44,FALLECIDO,HOMBRE,CICLISTA,6,LESIONADO,MUJER,SCOOTER,,,,
2021-10-01 14:43:15,-4.006022,-79.202038,Calle Montufar,CON_LESIONADOS,Atropellamiento,Fatiga del conductor,50,LESIONADO,NO_REGISTRA,SCOOTER,,,,,,,,
2021-08-20 22:27:08,-4.032367,-79.187392,Calle Imbabura,SOLO_DANOS,Choque Vehicular,Fatiga del conductor,,,,,,,,,,,,
2021-06-28 07:28:23,-4.022627,-79.222784,Ruta 35,SOLO_DANOS,Volcamiento,Exceso de velocidad,,,,,,,,,,,,
2021-12-18 01:06:24,-3.982895,-79.207533,Calle Imbabura,CON_LESIONADOS,Incendio,Exceso de velocidad,60,LESIONADO,NO_REGISTRA,OTRO,,,,,,,,
2021-05-29 00:14:20,-4.008473,-79.178828,Av. Isidro Ayora,SOLO_DANOS,Atropellamiento,Inobservancia de senales,,,,,,,,,,,,
2021-10-16 04:03:43,-3.999783,-79.225921,Calle Sucre,CON_FALLECIDOS,Choque Vehicular,Mal estado de la via,34,FALLECIDO,HOMBRE,OTRO,69,FALLECIDO,MUJER,VEH_LIVIANO,14,LESIONADO,MUJER,PEATON
2021-04-18 08:29:10,-3.977718,-79.219539,Calle Rocafuerte,CON_FALLECIDOS,Incendio,Fatiga del conductor,85,FALLECIDO,NO_REGISTRA,CICLISTA,27,FALLECIDO,MUJER,VEH_LIVIANO,,,,
2021-04-16 21:51:18,-4.009042,-79.228570,Av. Isidro Ayora,CON_LESIONADOS,Atropellamiento,Factores externos,72,LESIONADO,HOMBRE,OTRO,,,,,,,,
2021-03-25 13:01:16,-4.023519,-79.225235,Calle Saraguro,CON_FALLECIDOS,Colision Multiple,Mal estado de la via,44,FALLECIDO,NO_REGISTRA,MOTOCICLETA,80,LESIONADO,NO_REGISTRA,SCOOTER,,,,
2021-05-20 05:53:18,-4.029474,-79.218420,Av. Rosa Hermosa,CON_FALLECIDOS,Colision Multiple,Imprudencia del conductor,21,FALLECIDO,NO_REGISTRA,OTRO,49,LESIONADO,HOMBRE,SCOOTER,,,,
2021-08-24 22:06:34,-3.994583,-79.179803,Calle Colon,SOLO_DANOS,Colision Multiple,Imprudencia del conductor,,,,,,,,,,,,
2021-07-02 12:11:50,-3.980713,-79.214123,Calle Imbabura,CON_LESIONADOS,Accidente Laboral,Fatiga del conductor,28,LESIONADO,NO_REGISTRA,PEATON,,,,,,,,
2021-02-14 15:54:34,-4.019590,-79.206274,Av. Metropolitana,CON_FALLECIDOS,Atropellamiento,Estado de embriaguez,65,FALLECIDO,HOMBRE,OTRO,34,FALLECIDO,HOMBRE,CICLISTA,16,LESIONADO,HOMBRE,PEATON
2021-01-12 05:13:03,-4.024726,-79.215905,Via Loja - Catamayo,SOLO_DANOS,Atropellamiento,Mal estado de la via,,,,,,,,,,,,
2021-02-13 11:21:38,-3.977588,-79.230128,Av. Orillas del Zamora,CON_LESIONADOS,Choque Vehicular,Factores externos,69,LESIONADO,NO_REGISTRA,MOTOCICLETA,,,,,,,,
2021-01-16 12:37:48,-4.017056,-79.183206,Calle 18 de Noviembre,SOLO_DANOS,Accidente Laboral,Via resbaladiza o mojada,43,LESIONADO,HOMBRE,MOTOCICLETA,,,,,,,,
2021-10-02 17:54:24,-4.004601,-79.178812,Av. Manuel Agustin Aguirre,CON_LESIONADOS,Choque Vehicular,Imprudencia del conductor,80,LESIONADO,NO_REGISTRA,PEATON,74,LESIONADO,MUJER,PEATON,,,,
2021-09-10 07:33:59,-3.992545,-79.229040,Calle Imbabura,SOLO_DANOS,Incendio,Mal estado de la via,,,,,,,,,,,,
2021-02-03 05:35:48,-4.026841,-79.180223,Calle Colon,CON_LESIONADOS,Incendio,Distraccion (celular/radio),12,LESIONADO,HOMBRE,MOTOCICLETA,8,LESIONADO,HOMBRE,MOTOCICLETA,70,LESIONADO,HOMBRE,CICLISTA
2021-05-06 13:33:10,-4.031884,-79.218158,Via Loja - Catamayo,CON_FALLECIDOS,Colision Multiple,Inobservancia de senales,63,FALLECIDO,MUJER,OTRO,81,FALLECIDO,HOMBRE,PEATON,,,,
2021-05-25 18:28:03,-4.018133,-79.183239,Calle Colon,SOLO_DANOS,Colision Multiple,Factores externos,,,,,,,,,,,,
2021-04-08 13:17:47,-4.029190,-79.192447,Via Loja - Catamayo,CON_LESIONADOS,Accidente Laboral,Factores externos,57,LESIONADO,NO_REGISTRA,PEATON,70,LESIONADO,HOMBRE,SCOOTER,9,LESIONADO,MUJER,VEH_LIVIANO
2021-04-03 22:55:31,-4.013297,-79.214541,Av. 8 de Diciembre,CON_FALLECIDOS,Volcamiento,Exceso de velocidad,29,FALLECIDO,NO_REGISTRA,SCOOTER,,,,,,,,
2021-12-13 09:29:08,-3.994579,-79.175774,Calle 18 de Noviembre,CON_LESIONADOS,Atropellamiento,Fatiga del conductor,24,LESIONADO,MUJER,PEATON,9,LESIONADO,MUJER,OTRO,26,LESIONADO,HOMBRE,VEH_LIVIANO
2021-01-11 00:39:05,-3.997853,-79.179828,Av. Metropolitana,SOLO_DANOS,Colision Multiple,Imprudencia del conductor,,,,,,,,,,,,
2021-04-23 02:34:38,-3.981801,-79.177152,Calle Miguel Riofrio,CON_FALLECIDOS,Incendio,Inobservancia de senales,57,FALLECIDO,HOMBRE,SCOOTER,82,FALLECIDO,HOMBRE,OTRO,25,LESIONADO,NO_REGISTRA,MOTOCICLETA
2021-03-26 10:26:57,-4.025329,-79.224523,Av. Gran Colombia,SOLO_DANOS,Colision Multiple,Inobservancia de senales,,,,,,,,,,,,
2021-09-19 10:42:54,-3.996158,-79.209655,Calle Colon,CON_LESIONADOS,Atropellamiento,Estado de embriaguez,65,LESIONADO,NO_REGISTRA,MOTOCICLETA,16,LESIONADO,NO_REGISTRA,PEATON,76,LESIONADO,NO_REGISTRA,CICLISTA
2021-04-22 03:04:55,-4.030324,-79.191916,Av. Orillas del Zamora,CON_LESIONADOS,Choque Vehicular,Fatiga del conductor,35,LESIONADO,NO_REGISTRA,VEH_LIVIANO,,,,,,,,
2021-08-20 00:43:37,-4.033270,-79.177535,Calle Colon,CON_FALLECIDOS,Volcamiento,Imprudencia del conductor,79,FALLECIDO,HOMBRE,OTRO,32,LESIONADO,NO_REGISTRA,VEH_LIVIANO,75,LESIONADO,HOMBRE,MOTOCICLETA
2021-10-20 13:07:32,-4.026511,-79.223540,Av. Reinaldo Espinosa,CON_LESIONADOS,Caida,Visibilidad reducida,60,LESIONADO,NO_REGISTRA,OTRO,,,,,,,,
2021-11-07 03:13:44,-3.985405,-79.219729,Calle Quito,SOLO_DANOS,Volcamiento,Exceso de velocidad,,,,,,,,,,,,
2021-04-27 23:57:28,-4.010445,-79.171343,Via Loja - Zamora,CON_LESIONADOS,Atropellamiento,Fatiga del conductor,28,LESIONADO,NO_REGISTRA,SCOOTER,79,LESIONADO,HOMBRE,MOTOCICLETA,57,LESIONADO,MUJER,OTRO
2021-01-02 05:33:22,-4.013840,-79.177410,Av. Metropolitana,SOLO_DANOS,Accidente Laboral,Factores externos,,,,,,,,,,,,
2021-08-20 00:23:30,-3.978898,-79.173678,Via Loja - Catamayo,CON_LESIONADOS,Choque Vehicular,Inobservancia de senales,70,LESIONADO,NO_REGISTRA,OTRO,,,,,,,,
2021-04-06 17:13:42,-3.983846,-79.192623,Av. Metropolitana,CON_FALLECIDOS,Accidente Laboral,Factores externos,25,FALLECIDO,MUJER,MOTOCICLETA,38,LESIONADO,HOMBRE,MOTOCICLETA,,,,
2021-08-14 02:20:53,-4.019644,-79.206478,Via Loja - Catamayo,CON_LESIONADOS,Incendio,Imprudencia del conductor,22,LESIONADO,HOMBRE,VEH_LIVIANO,,,,,,,,
2021-02-15 21:44:30,-3.985979,-79.189417,Av. Orillas del Zamora,CON_LESIONADOS,Colision Multiple,Mal estado de la via,19,LESIONADO,HOMBRE,OTRO,77,LESIONADO,MUJER,PEATON,27,LESIONADO,MUJER,CICLISTA
2021-06-22 22:51:56,-4.031737,-79.178976,Calle Quito,CON_LESIONADOS,Choque Vehicular,Fatiga del conductor,5,LESIONADO,MUJER,OTRO,,,,,,,,
2021-08-16 14:00:59,-3.989958,-79.200823,Calle Imbabura,CON_FALLECIDOS,Atropellamiento,Falla mecanica,44,FALLECIDO,HOMBRE,MOTOCICLETA,,,,,,,,
2021-01-29 21:59:19,-4.025636,-79.200900,Av. Pio Jaramillo,SOLO_DANOS,Accidente Laboral,Imprudencia del conductor,,,,,,,,,,,,
2021-06-30 17:01:37,-4.033937,-79.183173,Calle Ramon Borrero,CON_LESIONADOS,Caida,Distraccion (celular/radio),80,LESIONADO,NO_REGISTRA,CICLISTA,,,,,,,,
2021-08-03 05:06:43,-4.036252,-79.220796,Calle Montufar,CON_FALLECIDOS,Volcamiento,Factores externos,45,FALLECIDO,HOMBRE,MOTOCICLETA,83,FALLECIDO,HOMBRE,SCOOTER,31,LESIONADO,HOMBRE,MOTOCICLETA
2021-08-22 00:55:41,-4.006438,-79.183467,Calle Mercadillo,SOLO_DANOS,Incendio,Falla mecanica,,,,,,,,,,,,
2021-06-25 06:05:40,-3.988026,-79.185227,Calle Sucre,CON_LESIONADOS,Choque Vehicular,Mal estado de la via,75,LESIONADO,NO_REGISTRA,OTRO,42,LESIONADO,HOMBRE,SCOOTER,,,,
2021-03-18 20:04:40,-3.980931,-79.177107,Av. Pio Jaramillo,CON_FALLECIDOS,Caida,Imprudencia del conductor,50,FALLECIDO,NO_REGISTRA,CICLISTA,58,FALLECIDO,MUJER,MOTOCICLETA,32,LESIONADO,NO_REGISTRA,OTRO
2021-10-16 01:13:07,-4.008322,-79.214723,Ruta 35,SOLO_DANOS,Incendio,Falla mecanica,,,,,,,,,,,,
2021-04-17 12:59:54,-4.021710,-79.223766,Calle Colon,SOLO_DANOS,Accidente Laboral,Inobservancia de senales,,,,,,,,,,,,
2021-04-08 04:17:30,-3.990459,-79.186142,Via Loja - Catamayo,CON_FALLECIDOS,Atropellamiento,Fatiga del conductor,59,FALLECIDO,MUJER,MOTOCICLETA,51,FALLECIDO,HOMBRE,MOTOCICLETA,,,,
2021-04-03 12:56:09,-3.988457,-79.225423,Calle Miguel Riofrio,SOLO_DANOS,Atropellamiento,Factores externos,,,,,,,,,,,,
2021-09-28 23:32:57,-4.016594,-79.228778,Calle Colon,CON_LESIONADOS,Colision Multiple,Via resbaladiza o mojada,25,LESIONADO,MUJER,SCOOTER,76,LESIONADO,HOMBRE,VEH_LIVIANO,41,LESIONADO,NO_REGISTRA,SCOOTER
2021-02-19 07:06:38,-4.006510,-79.178070,Calle Saraguro,CON_LESIONADOS,Atropellamiento,Falla mecanica,54,LESIONADO,MUJER,MOTOCICLETA,19,LESIONADO,HOMBRE,OTRO,39,LESIONADO,MUJER,OTRO
2021-10-02 02:36:07,-4.007992,-79.223618,Calle 18 de Noviembre,SOLO_DANOS,Choque Vehicular,Distraccion (celular/radio),,,,,,,,,,,,
2021-05-26 22:39:16,-4.019192,-79.225321,Av. Pio Jaramillo,SOLO_DANOS,Volcamiento,Estado de embriaguez,,,,,,,,,,,,
2021-03-13 15:44:18,-4.012163,-79.175967,Calle Saraguro,CON_LESIONADOS,Accidente Laboral,Distraccion (celular/radio),32,LESIONADO,NO_REGISTRA,OTRO,,,,,,,,
2021-09-04 15:07:03,-3.987587,-79.182698,Av. Isidro Ayora,CON_LESIONADOS,Atropellamiento,Falla mecanica,69,LESIONADO,HOMBRE,CICLISTA,55,LESIONADO,HOMBRE,VEH_LIVIANO,56,LESIONADO,HOMBRE,VEH_LIVIANO