fecha_hora,latitud,longitud,via,grado_severidad,tipo_siniestro,causa_probable,victima1_edad,victima1_condicion,victima1_sexo,victima1_actor_vial,victima2_edad,victima2_condicion,victima2_sexo,victima2_actor_vial,victima3_edad,victima3_condicion,victima3_sexo,victima3_actor_vial
2021-12-12 14:44:43,-3.996257,-79.182957,Via Loja - Catamayo,CON_LESIONADOS,Accidente Laboral,Exceso de velocidad,35,LESIONADO,NO_REGISTRA,OTRO,66,LESIONADO,NO_REGISTRA,CICLISTA,64,LESIONADO,HOMBRE,CICLISTA
2021-06-17 12:13:07,-3.978073,-79.207020,Av. Reinaldo Espinosa,CON_FALLECIDOS,Accidente Laboral,Fatiga del conductor,41,FALLECIDO,MUJER,PEATON,48,FALLECIDO,MUJER,SCOOTER,,,,
2021-09-08 08:04:22,-4.026663,-79.188824,Av. Cuxibamba,SOLO_DANOS,Incendio,Via resbaladiza o mojada,,,,,,,,,,,,
2021-03-22 07:25:00,-3.980233,-79.183437,Calle Saraguro,CON_LESIONADOS,Accidente Laboral,Mal estado de la via,34,LESIONADO,NO_REGISTRA,PEATON,21,LESIONADO,MUJER,MOTOCICLETA,,,,
2021-03-08 07:21:48,-3.980472,-79.176337,Calle Saraguro,CON_FALLECIDOS,Colision Multiple,Estado de embriaguez,70,FALLECIDO,MUJER,VEH_LIVIANO,67,FALLECIDO,HOMBRE,OTRO,,,,
2021-10-19 05:27:05,-3.982705,-79.215560,Av. Pio Jaramillo,SOLO_DANOS,Colision Multiple,Fatiga del conductor,,,,,,,,,,,,
2021-06-24 19:01:12,-4.028092,-79.194159,Av. Orillas del Zamora,CON_FALLECIDOS,Caida,Fatiga del conductor,32,FALLECIDO,NO_REGISTRA,SCOOTER,69,FALLECIDO,NO_REGISTRA,SCOOTER,,,,
2021-03-01 16:36:30,-3.983553,-79.211251,Av. Universitaria,CON_FALLECIDOS,Volcamiento,Mal estado de la via,49,FALLECIDO,HOMBRE,PEATON,27,FALLECIDO,MUJER,SCOOTER,32,LESIONADO,NO_REGISTRA,VEH_LIVIANO
2021-01-03 20:23:10,-3.988492,-79.205464,Av. 8 de Diciembre,SOLO_DANOS,Volcamiento,Falla mecanica,,,,,,,,,,,,
2021-04-30 03:23:01,-4.011336,-79.194131,Calle 10 de Agosto,CON_FALLECIDOS,Choque Vehicular,Inobservancia de senales,41,FALLECIDO,NO_REGISTRA,SCOOTER,22,FALLECIDO,HOMBRE,VEH_LIVIANO,76,LESIONADO,HOMBRE,CICLISTA
2021-07-28 15:02:30,-4.006192,-79.193236,Calle Mercadillo,SOLO_DANOS,Accidente Laboral,Inobservancia de senales,,,,,,,,,,,,
2021-10-06 23:54:12,-3.988100,-79.185431,Av. Pio Jaramillo,SOLO_DANOS,Volcamiento,Equipo de seguridad deficiente,,,,,,,,,,,,
2021-04-23 07:23:26,-3.998170,-79.204121,Av. 8 de Diciembre,CON_FALLECIDOS,Volcamiento,Via resbaladiza o mojada,62,FALLECIDO,NO_REGISTRA,MOTOCICLETA,59,FALLECIDO,MUJER,SCOOTER,52,LESIONADO,MUJER,SCOOTER
2021-05-31 20:46:31,-3.994145,-79.224387,Ruta 35,CON_LESIONADOS,Caida,Distraccion (celular/radio),53,LESIONADO,NO_REGISTRA,SCOOTER,,,,,,,,
2021-06-27 22:44:12,-3.991482,-79.204750,Av. Cuxibamba,CON_FALLECIDOS,Incendio,Estado de embriaguez,26,FALLECIDO,MUJER,OTRO,49,LESIONADO,MUJER,OTRO,,,,
2021-11-30 13:25:28,-4.002999,-79.197871,Ruta 35,CON_LESIONADOS,Atropellamiento,Exceso de velocidad,78,LESIONADO,NO_REGISTRA,SCOOTER,,,,,,,,
2021-04-01 13:41:05,-4.024255,-79.224963,Av. Isidro Ayora,CON_LESIONADOS,Caida,Factores externos,45,LESIONADO,NO_REGISTRA,CICLISTA,,,,,,,,
2021-03-14 05:15:41,-3.993638,-79.204977,Calle Ramon Borrero,SOLO_DANOS,Choque Vehicular,Imprudencia del conductor,,,,,,,,,,,,
2021-11-27 08:06:54,-4.016286,-79.215875,Calle Azogues,SOLO_DANOS,Choque Vehicular,Equipo de seguridad deficiente,24,LESIONADO,MUJER,SCOOTER,,,,,,,,
2021-08-09 17:21:26,-3.981230,-79.179671,Calle Sucre,CON_LESIONADOS,Incendio,Inobservancia de senales,59,LESIONADO,HOMBRE,MOTOCICLETA,35,LESIONADO,NO_REGISTRA,OTRO,75,LESIONADO,MUJER,CICLISTA
2021-09-25 06:51:11,-4.031376,-79.184965,Calle Saraguro,CON_LESIONADOS,Colision Multiple,Visibilidad reducida,47,LESIONADO,NO_REGISTRA,OTRO,,,,,,,,
2021-06-26 16:14:42,-4.027666,-79.190195,Calle Quito,SOLO_DANOS,Volcamiento,Via resbaladiza o mojada,,,,,,,,,,,,
2021-02-01 06:35:51,-4.011068,-79.213236,Av. Pio Jaramillo,CON_FALLECIDOS,Colision Multiple,Distraccion (celular/radio),49,FALLECIDO,MUJER,VEH_LIVIANO,,,,,,,,
2021-09-13 08:00:02,-4.017395,-79.212345,Calle 18 de Noviembre,CON_LESIONADOS,Choque Vehicular,Fatiga del conductor,43,LESIONADO,HOMBRE,PEATON,,,,,,,,
2021-01-28 04:20:36,-4.020086,-79.186480,Calle 10 de Agosto,SOLO_DANOS,Caida,Equipo de seguridad deficiente,,,,,,,,,,,,
2021-07-24 11:06:27,-4.028549,-79.221366,Calle Montufar,CON_LESIONADOS,Caida,Estado de embriaguez,19,LESIONADO,NO_REGISTRA,VEH_LIVIANO,27,LESIONADO,HOMBRE,SCOOTER,,,,
2021-10-08 19:11:53,-4.031974,-79.215565,Calle Quito,CON_FALLECIDOS,Colision Multiple,Factores externos,32,FALLECIDO,NO_REGISTRA,SCOOTER,85,FALLECIDO,NO_REGISTRA,VEH_LIVIANO,67,LESIONADO,HOMBRE,SCOOTER
2021-05-11 20:50:04,-3.996803,-79.220285,Av. Reinaldo Espinosa,SOLO_DANOS,Atropellamiento,Via resbaladiza o mojada,,,,,,,,,,,,
2021-04-25 15:22:36,-4.003481,-79.181326,Av. Pio Jaramillo,CON_FALLECIDOS,Caida,Factores externos,31,FALLECIDO,NO_REGISTRA,VEH_LIVIANO,55,LESIONADO,HOMBRE,MOTOCICLETA,42,LESIONADO,MUJER,SCOOTER
2021-12-30 20:16:38,-4.010797,-79.230471,Av. Reinaldo Espinosa,CON_LESIONADOS,Accidente Laboral,Falla mecanica,23,LESIONADO,NO_REGISTRA,VEH_LIVIANO,,,,,,,,
2021-12-16 16:10:27,-3.990109,-79.213092,Av. Cuxibamba,CON_LESIONADOS,Incendio,Inobservancia de senales,8,LESIONADO,MUJER,VEH_LIVIANO,59,LESIONADO,NO_REGISTRA,CICLISTA,,,,
2021-07-20 16:19:23,-4.022690,-79.190309,Av. Orillas del Zamora,CON_FALLECIDOS,Volcamiento,Factores externos,18,FALLECIDO,HOMBRE,MOTOCICLETA,8,LESIONADO,NO_REGISTRA,PEATON,,,,
2021-06-16 19:30:36,-4.010691,-79.180621,Calle Quito,CON_LESIONADOS,Colision Multiple,Distraccion (celular/radio),68,LESIONADO,NO_REGISTRA,PEATON,,,,,,,,
2021-01-03 11:32:53,-4.006121,-79.197398,Av. Pio Jaramillo,CON_FALLECIDOS,Caida,Factores externos,18,FALLECIDO,NO_REGISTRA,SCOOTER,33,LESIONADO,NO_REGISTRA,SCOOTER,11,LESIONADO,MUJER,PEATON
2021-10-25 21:41:18,-4.015479,-79.211565,Av. Isidro Ayora,CON_FALLECIDOS,Choque Vehicular,Via resbaladiza o mojada,80,FALLECIDO,MUJER,VEH_LIVIANO,74,FALLECIDO,MUJER,VEH_LIVIANO,49,LESIONADO,HOMBRE,CICLISTA
2021-03-28 03:58:36,-3.979596,-79.215423,Calle 10 de Agosto,SOLO_DANOS,Atropellamiento,Fatiga del conductor,,,,,,,,,,,,
2021-11-23 12:27:14,-4.006930,-79.214763,Calle Sucre,CON_FALLECIDOS,Volcamiento,Fatiga del conductor,25,FALLECIDO,MUJER,VEH_LIVIANO,57,FALLECIDO,NO_REGISTRA,PEATON,35,LESIONADO,NO_REGISTRA,SCOOTER
2021-05-07 18:30:43,-3.986678,-79.228243,Av. Gran Colombia,CON_LESIONADOS,Accidente Laboral,Distraccion (celular/radio),72,LESIONADO,NO_REGISTRA,CICLISTA,73,LESIONADO,NO_REGISTRA,MOTOCICLETA,,,,
2021-05-26 15:10:10,-4.035982,-79.225456,Calle Rocafuerte,CON_LESIONADOS,Atropellamiento,Distraccion (celular/radio),21,LESIONADO,NO_REGISTRA,SCOOTER,,,,,,,,
2021-08-31 13:05:31,-3.983730,-79.224545,Av. Rosa Hermosa,CON_FALLECIDOS,Choque Vehicular,Inobservancia de senales,78,FALLECIDO,HOMBRE,VEH_LIVIANO,54,FALLECIDO,MUJER,VEH_LIVIANO,40,LESIONADO,HOMBRE,PEATON
2021-05-15 18:15:44,-4.029389,-79.218136,Calle 10 de Agosto,CON_FALLECIDOS,Volcamiento,Via resbaladiza o mojada,31,FALLECIDO,NO_REGISTRA,OTRO,38,FALLECIDO,HOMBRE,VEH_LIVIANO,,,,
2021-08-06 20:48:09,-4.031063,-79.204132,Calle Rocafuerte,CON_LESIONADOS,Volcamiento,Equipo de seguridad deficiente,18,LESIONADO,MUJER,SCOOTER,32,LESIONADO,NO_REGISTRA,SCOOTER,38,LESIONADO,MUJER,PEATON
2021-07-03 14:07:17,-4.005613,-79.225695,Calle Mercadillo,CON_FALLECIDOS,Incendio,Estado de embriaguez,79,FALLECIDO,NO_REGISTRA,PEATON,65,LESIONADO,HOMBRE,VEH_LIVIANO,66,LESIONADO,MUJER,SCOOTER
2021-11-03 01:32:32,-3.987943,-79.216812,Calle Montufar,CON_FALLECIDOS,Accidente Laboral,Estado de embriaguez,80,FALLECIDO,HOMBRE,MOTOCICLETA,11,LESIONADO,MUJER,MOTOCICLETA,,,,
2021-01-27 11:40:20,-4.003405,-79.179312,Calle 18 de Noviembre,CON_FALLECIDOS,Incendio,Exceso de velocidad,18,FALLECIDO,MUJER,PEATON,52,FALLECIDO,MUJER,OTRO,46,LESIONADO,MUJER,OTRO
2021-08-18 01:41:42,-3.992597,-79.222695,Av. Isidro Ayora,CON_LESIONADOS,Colision Multiple,Visibilidad reducida,28,LESIONADO,MUJER,PEATON,,,,,,,,
2021-11-11 09:04:42,-3.985543,-79.184140,Calle Rocafuerte,SOLO_DANOS,Accidente Laboral,Inobservancia de senales,,,,,,,,,,,,
2021-10-31 20:51:32,-3.994533,-79.188910,Calle Colon,SOLO_DANOS,Choque Vehicular,Falla mecanica,,,,,,,,,,,,
2021-09-10 13:21:42,-4.027659,-79.177608,Calle Saraguro,CON_LESIONADOS,Incendio,Falla mecanica,56,LESIONADO,MUJER,PEATON,77,LESIONADO,HOMBRE,PEATON,46,LESIONADO,NO_REGISTRA,VEH_LIVIANO
2021-04-18 20:34:09,-4.013146,-79.230761,Calle Rocafuerte,CON_LESIONADOS,Accidente Laboral,Visibilidad reducida,40,LESIONADO,HOMBRE,VEH_LIVIANO,22,LESIONADO,NO_REGISTRA,OTRO,,,,
2021-05-02 10:20:29,-3.998336,-79.195780,Av. Gran Colombia,CON_LESIONADOS,Caida,Imprudencia del conductor,21,LESIONADO,NO_REGISTRA,OTRO,36,LESIONADO,NO_REGISTRA,OTRO,69,LESIONADO,MUJER,VEH_LIVIANO
2021-06-03 17:27:53,-4.007921,-79.224632,Av. Universitaria,CON_LESIONADOS,Accidente Laboral,Exceso de velocidad,29,LESIONADO,HOMBRE,MOTOCICLETA,,,,,,,,
2021-08-20 07:33:36,-4.005649,-79.187836,Calle Montufar,SOLO_DANOS,Accidente Laboral,Inobservancia de senales,,,,,,,,,,,,
2021-06-15 04:26:01,-4.010174,-79.202179,Calle 10 de Agosto,CON_FALLECIDOS,Volcamiento,Exceso de velocidad,60,FALLECIDO,NO_REGISTRA,CICLISTA,42,LESIONADO,MUJER,VEH_LIVIANO,,,,
2021-10-07 14:01:22,-4.026868,-79.181891,Av. Reinaldo Espinosa,CON_LESIONADOS,Caida,Distraccion (celular/radio),80,LESIONADO,MUJER,SCOOTER,53,LESIONADO,MUJER,MOTOCICLETA,,,,
2021-11-27 11:07:54,-4.016369,-79.227314,Calle Azogues,SOLO_DANOS,Choque Vehicular,Exceso de velocidad,,,,,,,,,,,,
2021-09-14 22:15:43,-4.035007,-79.217807,Av. Cuxibamba,CON_FALLECIDOS,Volcamiento,Distraccion (celular/radio),27,FALLECIDO,NO_REGISTRA,MOTOCICLETA,28,FALLECIDO,HOMBRE,VEH_LIVIANO,59,LESIONADO,MUJER,SCOOTER
2021-12-15 18:07:58,-3.986792,-79.229661,Av. Rosa Hermosa,SOLO_DANOS,Volcamiento,Fatiga del conductor,,,,,,,,,,,,
2021-03-23 18:44:13,-4.013131,-79.206716,Calle Montufar,SOLO_DANOS,Atropellamiento,Equipo de seguridad deficiente,,,,,,,,,,,,
2021-04-10 12:03:51,-4.005526,-79.227002,Calle Montufar,CON_FALLECIDOS,Volcamiento,Distraccion (celular/radio),54,FALLECIDO,MUJER,PEATON,30,LESIONADO,MUJER,PEATON,62,LESIONADO,NO_REGISTRA,SCOOTER
2021-05-17 02:41:37,-4.011685,-79.217749,Via Loja - Catamayo,CON_FALLECIDOS,Choque Vehicular,Falla mecanica,24,FALLECIDO,NO_REGISTRA,MOTOCICLETA,79,LESIONADO,NO_REGISTRA,VEH_LIVIANO,,,,
2021-09-29 08:53:21,-4.024654,-79.186275,Ruta 35,CON_LESIONADOS,Caida,Factores externos,24,LESIONADO,HOMBRE,CICLISTA,,,,,,,,
2021-10-24 00:51:57,-4.004334,-79.198411,Av. Reinaldo Espinosa,SOLO_DANOS,Choque Vehicular,Mal estado de la via,,,,,,,,,,,,
2021-04-27 12:01:48,-4.030528,-79.219957,Av. Reinaldo Espinosa,CON_LESIONADOS,Choque Vehicular,Fatiga del conductor,60,LESIONADO,HOMBRE,MOTOCICLETA,60,LESIONADO,HOMBRE,PEATON,19,LESIONADO,HOMBRE,SCOOTER
2021-08-05 21:08:50,-4.011447,-79.226558,Av. Metropolitana,SOLO_DANOS,Incendio,Falla mecanica,,,,,,,,,,,,
2021-09-19 20:32:55,-3.998780,-79.192465,Via Loja - Zamora,CON_LESIONADOS,Colision Multiple,Exceso de velocidad,50,LESIONADO,MUJER,MOTOCICLETA,14,LESIONADO,HOMBRE,SCOOTER,,,,
2021-01-09 04:03:58,-3.985348,-79.180500,Calle Imbabura,CON_LESIONADOS,Atropellamiento,Fatiga del conductor,77,LESIONADO,MUJER,SCOOTER,,,,,,,,
2021-04-22 13:22:50,-4.020454,-79.209221,Calle Bolivar,CON_LESIONADOS,Choque Vehicular,Factores externos,72,LESIONADO,HOMBRE,SCOOTER,,,,,,,,
2021-02-26 15:00:15,-4.028696,-79.209822,Calle Colon,SOLO_DANOS,Colision Multiple,Estado de embriaguez,57,LESIONADO,NO_REGISTRA,SCOOTER,,,,,,,,
2021-11-10 08:40:36,-4.022611,-79.193531,Av. Universitaria,CON_LESIONADOS,Accidente Laboral,Visibilidad reducida,62,LESIONADO,NO_REGISTRA,SCOOTER,71,LESIONADO,MUJER,MOTOCICLETA,7,LESIONADO,HOMBRE,CICLISTA
2021-04-28 07:50:14,-3.991286,-79.194482,Av. Gran Colombia,CON_FALLECIDOS,Colision Multiple,Fatiga del conductor,29,FALLECIDO,NO_REGISTRA,OTRO,55,FALLECIDO,NO_REGISTRA,MOTOCICLETA,,,,
2021-12-26 16:34:53,-4.016986,-79.196033,Av. Pio Jaramillo,CON_FALLECIDOS,Caida,Falla mecanica,20,FALLECIDO,MUJER,SCOOTER,42,FALLECIDO,HOMBRE,CICLISTA,21,LESIONADO,NO_REGISTRA,VEH_LIVIANO
2021-08-21 23:50:40,-4.005088,-79.228755,Av. Rosa Hermosa,CON_LESIONADOS,Accidente Laboral,Via resbaladiza o mojada,26,LESIONADO,HOMBRE,OTRO,,,,,,,,
2021-09-21 03:00:31,-3.999955,-79.205889,Calle Rocafuerte,CON_LESIONADOS,Incendio,Distraccion (celular/radio),56,LESIONADO,NO_REGISTRA,MOTOCICLETA,52,LESIONADO,NO_REGISTRA,PEATON,,,,
2021-03-13 08:34:41,-4.004073,-79.209624,Calle Ramon Borrero,CON_LESIONADOS,Incendio,Fatiga del conductor,76,LESIONADO,MUJER,OTRO,26,LESIONADO,MUJER,CICLISTA,29,LESIONADO,NO_REGISTRA,PEATON
2021-12-01 04:28:41,-4.012270,-79.189895,Via Loja - Zamora,SOLO_DANOS,Incendio,Imprudencia del conductor,19,LESIONADO,NO_REGISTRA,CICLISTA,,,,,,,,
2021-12-05 12:43:51,-4.022566,-79.200305,Calle Mercadillo,CON_LESIONADOS,Incendio,Imprudencia del conductor,31,LESIONADO,NO_REGISTRA,OTRO,,,,,,,,
2021-08-08 09:21:37,-4.035210,-79.225547,Av. Manuel Agustin Aguirre,CON_FALLECIDOS,Incendio,Mal estado de la via,40,FALLECIDO,HOMBRE,PEATON,,,,,,,,
2021-04-12 06:51:55,-3.990181,-79.173942,Calle 18 de Noviembre,CON_LESIONADOS,Volcamiento,Falla mecanica,74,LESIONADO,MUJER,VEH_LIVIANO,,,,,,,,
2021-11-25 17:05:08,-3.987268,-79.202667,Av. Metropolitana,CON_FALLECIDOS,Accidente Laboral,Equipo de seguridad deficiente,37,FALLECIDO,HOMBRE,SCOOTER,67,LESIONADO,NO_REGISTRA,SCOOTER,,,,
2021-02-25 15:34:37,-4.010931,-79.202878,Calle Saraguro,CON_LESIONADOS,Colision Multiple,Equipo de seguridad deficiente,67,LESIONADO,NO_REGISTRA,CICLISTA,45,LESIONADO,MUJER,MOTOCICLETA,69,LESIONADO,NO_REGISTRA,CICLISTA
2021-08-14 23:07:16,-3.982447,-79.220101,Calle Azogues,CON_FALLECIDOS,Colision Multiple,Equipo de seguridad deficiente,55,FALLECIDO,HOMBRE,CICLISTA,77,FALLECIDO,NO_REGISTRA,SCOOTER,34,LESIONADO,MUJER,VEH_LIVIANO
2021-05-14 07:05:12,-4.000026,-79.196956,Calle Saraguro,CON_LESIONADOS,Caida,Via resbaladiza o mojada,30,LESIONADO,MUJER,PEATON,24,LESIONADO,MUJER,OTRO,39,LESIONADO,HOMBRE,CICLISTA
2021-01-14 12:52:28,-4.022675,-79.215771,Av. Rosa Hermosa,SOLO_DANOS,Atropellamiento,Visibilidad reducida,,,,,,,,,,,,
2021-05-12 00:29:08,-3.990779,-79.213133,Calle Colon,CON_LESIONADOS,Incendio,Falla mecanica,12,LESIONADO,MUJER,PEATON,66,LESIONADO,HOMBRE,OTRO,34,LESIONADO,MUJER,MOTOCICLETA
2021-08-24 14:55:56,-3.989030,-79.183902,Calle Ramon Borrero,SOLO_DANOS,Incendio,Via resbaladiza o mojada,,,,,,,,,,,,
2021-10-04 05:39:19,-3.982651,-79.185473,Ruta 35,CON_LESIONADOS,Incendio,Falla mecanica,39,LESIONADO,NO_REGISTRA,SCOOTER,26,LESIONADO,HOMBRE,SCOOTER,,,,
2021-06-27 14:19:24,-4.014840,-79.176350,Av. Universitaria,CON_FALLECIDOS,Volcamiento,Imprudencia del conductor,58,FALLECIDO,HOMBRE,CICLISTA,71,LESIONADO,HOMBRE,OTRO,,,,
2021-08-17 19:28:52,-4.009464,-79.230212,Calle Quito,SOLO_DANOS,Colision Multiple,Equipo de seguridad deficiente,,,,,,,,,,,,
2021-01-23 21:27:35,-4.033857,-79.199741,Av. Metropolitana,CON_LESIONADOS,Colision Multiple,Factores externos,37,LESIONADO,HOMBRE,PEATON,,,,,,,,
2021-02-04 18:36:08,-4.019078,-79.210183,Calle 18 de Noviembre,SOLO_DANOS,Caida,Exceso de velocidad,,,,,,,,,,,,
2021-01-26 02:47:22,-4.005707,-79.211918,Via Loja - Catamayo,SOLO_DANOS,Caida,Equipo de seguridad deficiente,,,,,,,,,,,,
2021-11-09 06:09:40,-4.035568,-79.223404,Via Loja - Catamayo,CON_LESIONADOS,Incendio,Factores externos,78,LESIONADO,MUJER,OTRO,68,LESIONADO,HOMBRE,SCOOTER,64,LESIONADO,MUJER,CICLISTA
2021-06-19 22:23:44,-4.014052,-79.183309,Via Loja - Catamayo,CON_FALLECIDOS,Accidente Laboral,Falla mecanica,41,FALLECIDO,MUJER,SCOOTER,69,LESIONADO,HOMBRE,SCOOTER,74,LESIONADO,NO_REGISTRA,CICLISTA
2021-02-27 22:40:51,-4.026650,-79.196040,Calle Azogues,CON_LESIONADOS,Accidente Laboral,Mal estado de la via,35,LESIONADO,MUJER,MOTOCICLETA,,,,,,,,
2021-05-10 13:43:45,-4.022748,-79.182134,Ruta 35,CON_LESIONADOS,Atropellamiento,Equipo de seguridad deficiente,11,LESIONADO,MUJER,VEH_LIVIANO,72,LESIONADO,HOMBRE,PEATON,57,LESIONADO,MUJER,MOTOCICLETA
2021-11-09 15:35:44,-4.016881,-79.173446,Calle Quito,CON_LESIONADOS,Choque Vehicular,Imprudencia del conductor,77,LESIONADO,HOMBRE,PEATON,68,LESIONADO,HOMBRE,VEH_LIVIANO,,,,
2021-02-10 14:15:05,-4.007072,-79.193427,Calle Colon,CON_FALLECIDOS,Volcamiento,Imprudencia del conductor,35,FALLECIDO,MUJER,CICLISTA,84,FALLECIDO,HOMBRE,CICLISTA,,,,
2021-02-20 04:01:12,-4.018351,-79.209909,Av. Isidro Ayora,SOLO_DANOS,Caida,Via resbaladiza o mojada,,,,,,,,,,,,
2021-04-11 05:11:08,-4.033574,-79.199231,Av. Isidro Ayora,SOLO_DANOS,Choque Vehicular,Visibilidad reducida,,,,,,,,,,,,
2021-11-23 18:06:34,-3.982619,-79.202503,Calle Ramon Borrero,CON_LESIONADOS,Incendio,Mal estado de la via,7,LESIONADO,HOMBRE,CICLISTA,24,LESIONADO,MUJER,VEH_LIVIANO,,,,
2021-02-28 05:17:24,-3.995004,-79.199000,Av. Rosa Hermosa,SOLO_DANOS,Colision Multiple,Inobservancia de senales,,,,,,,,,,,,
2021-04-11 17:00:58,-3.997787,-79.209387,Via Loja - Catamayo,CON_LESIONADOS,Incendio,Fatiga del conductor,72,LESIONADO,NO_REGISTRA,SCOOTER,,,,,,,,
2021-06-14 17:53:03,-3.992989,-79.199571,Calle Sucre,SOLO_DANOS,Colision Multiple,Inobservancia de senales,,,,,,,,,,,,
2021-06-25 17:24:34,-4.013580,-79.222023,Calle Sucre,CON_FALLECIDOS,Accidente Laboral,Visibilidad reducida,65,FALLECIDO,NO_REGISTRA,VEH_LIVIANO,43,FALLECIDO,HOMBRE,PEATON,,,,
2021-01-03 05:05:01,-4.034188,-79.205872,Via Loja - Catamayo,CON_FALLECIDOS,Accidente Laboral,Inobservancia de senales,62,FALLECIDO,MUJER,MOTOCICLETA,27,LESIONADO,NO_REGISTRA,MOTOCICLETA,67,LESIONADO,HOMBRE,OTRO
2021-01-13 14:52:54,-3.996565,-79.206753,Calle Quito,CON_LESIONADOS,Atropellamiento,Equipo de seguridad deficiente,5,LESIONADO,MUJER,CICLISTA,44,LESIONADO,NO_REGISTRA,OTRO,,,,
2021-10-10 17:54:05,-3.991559,-79.194823,Calle Rocafuerte,SOLO_DANOS,Incendio,Mal estado de la via,,,,,,,,,,,,
2021-11-06 01:51:28,-3.983733,-79.197818,Calle Rocafuerte,CON_FALLECIDOS,Colision Multiple,Falla mecanica,39,FALLECIDO,NO_REGISTRA,MOTOCICLETA,29,FALLECIDO,MUJER,CICLISTA,55,LESIONADO,NO_REGISTRA,VEH_LIVIANO
2021-01-27 16:10:34,-4.008959,-79.213632,Calle Saraguro,CON_FALLECIDOS,Atropellamiento,Distraccion (celular/radio),38,FALLECIDO,MUJER,CICLISTA,75,FALLECIDO,HOMBRE,MOTOCICLETA,,,,
2021-07-11 02:09:55,-4.014254,-79.216228,Av. Pio Jaramillo,SOLO_DANOS,Accidente Laboral,Visibilidad reducida,,,,,,,,,,,,
2021-06-19 13:31:42,-3.993414,-79.203183,Ruta 35,CON_LESIONADOS,Choque Vehicular,Estado de embriaguez,78,LESIONADO,NO_REGISTRA,MOTOCICLETA,22,LESIONADO,MUJER,CICLISTA,,,,
2021-05-01 18:29:39,-3.998640,-79.179196,Calle 10 de Agosto,SOLO_DANOS,Incendio,Falla mecanica,,,,,,,,,,,,
2021-01-10 21:08:46,-3.980660,-79.178221,Calle Ramon Borrero,CON_FALLECIDOS,Accidente Laboral,Fatiga del conductor,60,FALLECIDO,MUJER,VEH_LIVIANO,74,FALLECIDO,HOMBRE,CICLISTA,34,LESIONADO,NO_REGISTRA,VEH_LIVIANO
2021-07-28 15:57:55,-4.019159,-79.212055,Av. Isidro Ayora,SOLO_DANOS,Volcamiento,Inobservancia de senales,,,,,,,,,,,,
2021-11-17 21:21:41,-4.029000,-79.185982,Av. Gran Colombia,CON_LESIONADOS,Accidente Laboral,Falla mecanica,58,LESIONADO,HOMBRE,VEH_LIVIANO,47,LESIONADO,MUJER,MOTOCICLETA,75,LESIONADO,NO_REGISTRA,VEH_LIVIANO
2021-05-23 08:17:11,-3.980470,-79.177112,Calle Quito,SOLO_DANOS,Choque Vehicular,Imprudencia del conductor,,,,,,,,,,,,
2021-06-04 00:13:41,-3.990780,-79.220871,Calle Sucre,CON_FALLECIDOS,Volcamiento,Falla mecanica,63,FALLECIDO,MUJER,CICLISTA,11,LESIONADO,NO_REGISTRA,CICLISTA,,,,
2021-04-26 20:40:15,-4.019713,-79.230128,Calle Montufar,CON_FALLECIDOS,Atropellamiento,Estado de embriaguez,33,FALLECIDO,HOMBRE,OTRO,37,FALLECIDO,HOMBRE,CICLISTA,69,LESIONADO,HOMBRE,CICLISTA
2021-12-25 20:28:07,-4.023556,-79.190295,Av. Orillas del Zamora,CON_LESIONADOS,Caida,Estado de embriaguez,63,LESIONADO,NO_REGISTRA,OTRO,77,LESIONADO,HOMBRE,OTRO,15,LESIONADO,MUJER,PEATON
2021-05-22 06:32:43,-4.000263,-79.178351,Av. Metropolitana,SOLO_DANOS,Incendio,Via resbaladiza o mojada,,,,,,,,,,,,
2021-09-26 18:24:44,-4.019968,-79.200029,Calle Saraguro,CON_FALLECIDOS,Colision Multiple,Distraccion (celular/radio),73,FALLECIDO,NO_REGISTRA,PEATON,60,FALLECIDO,MUJER,OTRO,71,LESIONADO,NO_REGISTRA,CICLISTA
2021-01-01 08:17:30,-3.993322,-79.208885,Calle Bolivar,CON_LESIONADOS,Incendio,Via resbaladiza o mojada,58,LESIONADO,MUJER,OTRO,,,,,,,,
2021-03-17 12:56:08,-4.016402,-79.183728,Av. Cuxibamba,CON_FALLECIDOS,Atropellamiento,Visibilidad reducida,41,FALLECIDO,HOMBRE,CICLISTA,26,LESIONADO,HOMBRE,CICLISTA,,,,
2021-06-06 13:40:04,-4.020583,-79.219020,Calle Saraguro,SOLO_DANOS,Atropellamiento,Inobservancia de senales,,,,,,,,,,,,
2021-12-07 14:26:12,-4.004395,-79.197303,Av. Reinaldo Espinosa,SOLO_DANOS,Caida,Mal estado de la via,,,,,,,,,,,,
2021-07-06 05:34:15,-4.012802,-79.203926,Av. Gran Colombia,CON_LESIONADOS,Volcamiento,Equipo de seguridad deficiente,65,LESIONADO,HOMBRE,MOTOCICLETA,16,LESIONADO,MUJER,VEH_LIVIANO,,,,
2021-12-18 04:34:53,-3.988617,-79.173892,Av. Rosa Hermosa,CON_LESIONADOS,Colision Multiple,Factores externos,9,LESIONADO,HOMBRE,SCOOTER,,,,,,,,
2021-12-22 21:03:57,-3.982236,-79.183745,Av. Universitaria,SOLO_DANOS,Choque Vehicular,Falla mecanica,,,,,,,,,,,,