fecha_hora,latitud,longitud,via,grado_severidad,tipo_siniestro,causa_probable,victima1_edad,victima1_condicion,victima1_sexo,victima1_actor_vial,victima2_edad,victima2_condicion,victima2_sexo,victima2_actor_vial,victima3_edad,victima3_condicion,victima3_sexo,victima3_actor_vial
2021-07-27 18:57:20,-4.000481,-79.173115,Calle Ramon Borrero,CON_FALLECIDOS,Caida,Fatiga del conductor,50,FALLECIDO,NO_REGISTRA,OTRO,6,LESIONADO,MUJER,MOTOCICLETA,,,,
2021-12-25 04:24:53,-4.005221,-79.196912,Av. Orillas del Zamora,CON_LESIONADOS,Colision Multiple,Distraccion (celular/radio),79,LESIONADO,MUJER,CICLISTA,30,LESIONADO,MUJER,CICLISTA,47,LESIONADO,NO_REGISTRA,CICLISTA
2021-04-19 16:03:52,-4.008208,-79.187092,Av. Reinaldo Espinosa,CON_LESIONADOS,Atropellamiento,Estado de embriaguez,31,LESIONADO,MUJER,CICLISTA,,,,,,,,
2021-07-10 15:33:51,-4.010221,-79.187883,Av. Metropolitana,CON_LESIONADOS,Caida,Equipo de seguridad deficiente,21,LESIONADO,NO_REGISTRA,CICLISTA,73,LESIONADO,NO_REGISTRA,OTRO,,,,
2021-04-01 23:42:35,-4.008257,-79.172263,Av. Isidro Ayora,SOLO_DANOS,Choque Vehicular,Fatiga del conductor,,,,,,,,,,,,
2021-11-22 20:21:33,-4.019473,-79.211991,Av. Orillas del Zamora,CON_LESIONADOS,Volcamiento,Imprudencia del conductor,68,LESIONADO,NO_REGISTRA,MOTOCICLETA,72,LESIONADO,NO_REGISTRA,OTRO,,,,
2021-07-14 04:09:17,-4.028226,-79.201683,Calle Quito,SOLO_DANOS,Caida,Mal estado de la via,,,,,,,,,,,,
2021-06-06 13:30:19,-3.997997,-79.179330,Calle Rocafuerte,CON_FALLECIDOS,Atropellamiento,Distraccion (celular/radio),20,FALLECIDO,MUJER,VEH_LIVIANO,75,FALLECIDO,HOMBRE,SCOOTER,29,LESIONADO,NO_REGISTRA,CICLISTA
2021-10-16 01:40:38,-4.036397,-79.185992,Calle Montufar,CON_LESIONADOS,Caida,Factores externos,38,LESIONADO,NO_REGISTRA,CICLISTA,,,,,,,,
2021-11-09 18:33:45,-3.992894,-79.180796,Calle Montufar,SOLO_DANOS,Accidente Laboral,Imprudencia del conductor,,,,,,,,,,,,
2021-01-17 18:10:49,-4.000795,-79.181259,Calle 18 de Noviembre,SOLO_DANOS,Atropellamiento,Imprudencia del conductor,,,,,,,,,,,,
2021-10-14 18:56:32,-4.003041,-79.223626,Calle Montufar,CON_LESIONADOS,Accidente Laboral,Visibilidad reducida,24,LESIONADO,HOMBRE,PEATON,,,,,,,,
2021-07-18 21:23:23,-4.008916,-79.202857,Av. Metropolitana,CON_LESIONADOS,Incendio,Equipo de seguridad deficiente,55,LESIONADO,HOMBRE,OTRO,,,,,,,,
2021-04-26 12:55:24,-4.013719,-79.221945,Av. Reinaldo Espinosa,CON_LESIONADOS,Volcamiento,Factores externos,7,LESIONADO,MUJER,CICLISTA,48,LESIONADO,HOMBRE,VEH_LIVIANO,74,LESIONADO,HOMBRE,CICLISTA
2021-05-19 17:23:14,-4.017329,-79.183189,Calle Colon,SOLO_DANOS,Colision Multiple,Falla mecanica,,,,,,,,,,,,
2021-09-03 12:05:11,-3.993721,-79.188728,Av. Pio Jaramillo,CON_FALLECIDOS,Choque Vehicular,Distraccion (celular/radio),46,FALLECIDO,NO_REGISTRA,PEATON,,,,,,,,
2021-02-02 13:30:53,-4.018081,-79.204041,Av. Rosa Hermosa,CON_LESIONADOS,Choque Vehicular,Via resbaladiza o mojada,78,LESIONADO,MUJER,SCOOTER,55,LESIONADO,HOMBRE,OTRO,,,,
2021-04-27 21:21:55,-4.002048,-79.215372,Calle Colon,SOLO_DANOS,Accidente Laboral,Mal estado de la via,,,,,,,,,,,,
2021-04-10 23:27:12,-3.996241,-79.211809,Av. Gran Colombia,CON_FALLECIDOS,Atropellamiento,Distraccion (celular/radio),82,FALLECIDO,NO_REGISTRA,PEATON,50,FALLECIDO,MUJER,MOTOCICLETA,,,,
2021-04-21 02:27:37,-3.977685,-79.200667,Calle Miguel Riofrio,CON_FALLECIDOS,Incendio,Equipo de seguridad deficiente,30,FALLECIDO,HOMBRE,MOTOCICLETA,17,LESIONADO,NO_REGISTRA,PEATON,69,LESIONADO,HOMBRE,VEH_LIVIANO
2021-10-24 18:08:44,-4.002379,-79.223633,Calle Bolivar,CON_LESIONADOS,Atropellamiento,Imprudencia del conductor,7,LESIONADO,MUJER,CICLISTA,,,,,,,,
2021-07-13 03:18:27,-4.000377,-79.219704,Calle Sucre,CON_LESIONADOS,Atropellamiento,Factores externos,9,LESIONADO,NO_REGISTRA,MOTOCICLETA,,,,,,,,
2021-03-26 15:25:28,-4.025309,-79.200459,Calle Imbabura,CON_LESIONADOS,Volcamiento,Via resbaladiza o mojada,77,LESIONADO,MUJER,PEATON,,,,,,,,
2021-12-22 10:19:10,-3.980903,-79.226610,Av. Pio Jaramillo,SOLO_DANOS,Atropellamiento,Exceso de velocidad,,,,,,,,,,,,
2021-03-01 19:30:28,-4.013396,-79.177126,Calle Ramon Borrero,SOLO_DANOS,Accidente Laboral,Inobservancia de senales,,,,,,,,,,,,
2021-12-05 18:05:45,-4.021070,-79.190575,Calle 18 de Noviembre,SOLO_DANOS,Volcamiento,Distraccion (celular/radio),,,,,,,,,,,,
2021-01-30 22:45:25,-4.032002,-79.188866,Av. Gran Colombia,CON_LESIONADOS,Accidente Laboral,Via resbaladiza o mojada,68,LESIONADO,MUJER,CICLISTA,,,,,,,,
2021-12-26 02:27:34,-4.022575,-79.220005,Via Loja - Catamayo,SOLO_DANOS,Colision Multiple,Distraccion (celular/radio),53,LESIONADO,HOMBRE,SCOOTER,,,,,,,,
2021-04-02 17:59:36,-3.978089,-79.184763,Calle Ramon Borrero,SOLO_DANOS,Atropellamiento,Imprudencia del conductor,,,,,,,,,,,,
2021-01-24 02:33:51,-4.025602,-79.221718,Av. Orillas del Zamora,SOLO_DANOS,Atropellamiento,Inobservancia de senales,,,,,,,,,,,,
2021-12-25 20:19:14,-4.023675,-79.189384,Calle 10 de Agosto,CON_FALLECIDOS,Incendio,Equipo de seguridad deficiente,33,FALLECIDO,HOMBRE,PEATON,,,,,,,,
2021-07-28 04:07:45,-4.004566,-79.180475,Calle 10 de Agosto,SOLO_DANOS,Volcamiento,Equipo de seguridad deficiente,,,,,,,,,,,,
2021-10-11 21:08:58,-3.997173,-79.221661,Calle 18 de Noviembre,CON_FALLECIDOS,Volcamiento,Inobservancia de senales,72,FALLECIDO,HOMBRE,SCOOTER,37,LESIONADO,HOMBRE,SCOOTER,31,LESIONADO,NO_REGISTRA,CICLISTA
2021-03-05 04:48:50,-3.982568,-79.191681,Av. Gran Colombia,CON_FALLECIDOS,Incendio,Factores externos,61,FALLECIDO,NO_REGISTRA,PEATON,37,FALLECIDO,MUJER,VEH_LIVIANO,34,LESIONADO,HOMBRE,CICLISTA
2021-04-22 14:42:08,-4.016967,-79.205544,Calle Bolivar,CON_LESIONADOS,Incendio,Equipo de seguridad deficiente,37,LESIONADO,HOMBRE,PEATON,62,LESIONADO,HOMBRE,VEH_LIVIANO,26,LESIONADO,HOMBRE,OTRO
2021-11-01 23:18:04,-3.991303,-79.189525,Av. Universitaria,SOLO_DANOS,Colision Multiple,Mal estado de la via,,,,,,,,,,,,
2021-07-22 22:31:55,-3.981018,-79.198143,Av. Gran Colombia,CON_FALLECIDOS,Volcamiento,Factores externos,73,FALLECIDO,HOMBRE,SCOOTER,39,LESIONADO,HOMBRE,PEATON,,,,
2021-01-26 01:44:46,-4.033540,-79.210671,Calle Bolivar,CON_LESIONADOS,Accidente Laboral,Factores externos,24,LESIONADO,HOMBRE,VEH_LIVIANO,,,,,,,,
2021-05-25 07:47:06,-4.015752,-79.226733,Av. Manuel Agustin Aguirre,CON_LESIONADOS,Choque Vehicular,Visibilidad reducida,34,LESIONADO,HOMBRE,CICLISTA,40,LESIONADO,NO_REGISTRA,CICLISTA,,,,
2021-09-05 17:32:14,-4.032733,-79.210934,Av. Universitaria,CON_FALLECIDOS,Atropellamiento,Inobservancia de senales,80,FALLECIDO,HOMBRE,SCOOTER,40,LESIONADO,MUJER,VEH_LIVIANO,,,,
2021-06-04 17:13:50,-3.983671,-79.174155,Av. Gran Colombia,CON_LESIONADOS,Volcamiento,Equipo de seguridad deficiente,15,LESIONADO,NO_REGISTRA,OTRO,,,,,,,,
2021-09-03 15:30:35,-3.990265,-79.184543,Calle Azogues,CON_FALLECIDOS,Choque Vehicular,Inobservancia de senales,79,FALLECIDO,NO_REGISTRA,OTRO,,,,,,,,
2021-11-20 02:10:35,-4.035560,-79.189958,Calle Azogues,SOLO_DANOS,Caida,Distraccion (celular/radio),,,,,,,,,,,,
2021-08-28 13:17:15,-4.017089,-79.217279,Av. Orillas del Zamora,CON_FALLECIDOS,Atropellamiento,Visibilidad reducida,84,FALLECIDO,NO_REGISTRA,VEH_LIVIANO,,,,,,,,
2021-01-30 10:36:10,-4.024403,-79.200417,Calle Ramon Borrero,SOLO_DANOS,Volcamiento,Fatiga del conductor,,,,,,,,,,,,
2021-07-20 06:22:00,-3.980167,-79.220585,Av. Reinaldo Espinosa,CON_FALLECIDOS,Accidente Laboral,Mal estado de la via,39,FALLECIDO,MUJER,OTRO,57,FALLECIDO,HOMBRE,CICLISTA,,,,
2021-09-03 16:36:46,-3.993581,-79.196532,Calle Colon,CON_FALLECIDOS,Colision Multiple,Estado de embriaguez,25,FALLECIDO,MUJER,OTRO,,,,,,,,
2021-06-17 00:16:33,-4.001514,-79.220031,Calle Imbabura,SOLO_DANOS,Colision Multiple,Exceso de velocidad,,,,,,,,,,,,
2021-10-13 10:52:12,-3.996052,-79.205910,Av. Reinaldo Espinosa,CON_FALLECIDOS,Colision Multiple,Distraccion (celular/radio),22,FALLECIDO,HOMBRE,CICLISTA,35,FALLECIDO,HOMBRE,MOTOCICLETA,17,LESIONADO,MUJER,OTRO
2021-08-09 08:34:53,-4.034658,-79.198291,Calle Ramon Borrero,CON_FALLECIDOS,Caida,Visibilidad reducida,67,FALLECIDO,NO_REGISTRA,OTRO,59,LESIONADO,MUJER,SCOOTER,65,LESIONADO,NO_REGISTRA,SCOOTER
2021-04-01 21:03:57,-3.998629,-79.178437,Av. Manuel Agustin Aguirre,SOLO_DANOS,Colision Multiple,Falla mecanica,,,,,,,,,,,,
2021-07-06 00:23:01,-3.999145,-79.189935,Calle Mercadillo,CON_FALLECIDOS,Atropellamiento,Equipo de seguridad deficiente,65,FALLECIDO,NO_REGISTRA,CICLISTA,,,,,,,,
2021-11-15 20:37:47,-4.017700,-79.215476,Av. 8 de Diciembre,CON_FALLECIDOS,Caida,Equipo de seguridad deficiente,33,FALLECIDO,MUJER,OTRO,,,,,,,,
2021-04-12 02:18:15,-4.034278,-79.218262,Av. Orillas del Zamora,CON_FALLECIDOS,Incendio,Inobservancia de senales,45,FALLECIDO,HOMBRE,MOTOCICLETA,52,FALLECIDO,MUJER,CICLISTA,74,LESIONADO,MUJER,SCOOTER
2021-09-06 04:47:07,-4.005906,-79.214315,Via Loja - Zamora,SOLO_DANOS,Colision Multiple,Inobservancia de senales,,,,,,,,,,,,
2021-07-30 23:25:21,-3.989715,-79.184569,Calle 10 de Agosto,SOLO_DANOS,Volcamiento,Equipo de seguridad deficiente,,,,,,,,,,,,
2021-10-08 18:31:42,-4.020943,-79.196479,Calle Rocafuerte,CON_LESIONADOS,Atropellamiento,Falla mecanica,14,LESIONADO,HOMBRE,PEATON,33,LESIONADO,HOMBRE,PEATON,47,LESIONADO,HOMBRE,PEATON
2021-07-07 06:10:03,-3.983182,-79.181386,Calle Colon,CON_LESIONADOS,Caida,Equipo de seguridad deficiente,78,LESIONADO,NO_REGISTRA,OTRO,,,,,,,,
2021-11-02 15:15:20,-3.984050,-79.208640,Calle Ramon Borrero,SOLO_DANOS,Colision Multiple,Exceso de velocidad,,,,,,,,,,,,
2021-10-27 14:41:02,-4.016781,-79.192073,Av. Reinaldo Espinosa,SOLO_DANOS,Volcamiento,Exceso de velocidad,,,,,,,,,,,,
2021-07-20 14:02:04,-4.029203,-79.206002,Calle Sucre,SOLO_DANOS,Colision Multiple,Factores externos,,,,,,,,,,,,
2021-01-20 07:57:59,-4.021834,-79.202477,Via Loja - Zamora,CON_LESIONADOS,Accidente Laboral,Exceso de velocidad,17,LESIONADO,NO_REGISTRA,MOTOCICLETA,,,,,,,,
2021-02-01 18:44:27,-4.010978,-79.191820,Av. Reinaldo Espinosa,CON_LESIONADOS,Volcamiento,Mal estado de la via,74,LESIONADO,HOMBRE,CICLISTA,25,LESIONADO,MUJER,OTRO,,,,
2021-12-17 05:39:48,-4.011739,-79.173624,Calle Ramon Borrero,CON_LESIONADOS,Accidente Laboral,Fatiga del conductor,22,LESIONADO,MUJER,VEH_LIVIANO,,,,,,,,
2021-03-23 00:21:36,-4.028537,-79.182560,Av. Isidro Ayora,CON_LESIONADOS,Volcamiento,Factores externos,61,LESIONADO,NO_REGISTRA,MOTOCICLETA,33,LESIONADO,HOMBRE,MOTOCICLETA,17,LESIONADO,NO_REGISTRA,PEATON
2021-11-01 10:00:13,-4.002232,-79.225039,Av. Rosa Hermosa,CON_LESIONADOS,Choque Vehicular,Via resbaladiza o mojada,47,LESIONADO,NO_REGISTRA,OTRO,,,,,,,,
2021-04-07 09:28:19,-3.996569,-79.219322,Av. Gran Colombia,CON_LESIONADOS,Atropellamiento,Factores externos,41,LESIONADO,HOMBRE,SCOOTER,22,LESIONADO,NO_REGISTRA,OTRO,,,,
2021-01-23 18:54:48,-3.978140,-79.202237,Ruta 35,CON_LESIONADOS,Caida,Falla mecanica,9,LESIONADO,MUJER,MOTOCICLETA,,,,,,,,
2021-08-25 02:23:25,-3.992459,-79.203400,Calle Bolivar,CON_FALLECIDOS,Volcamiento,Imprudencia del conductor,43,FALLECIDO,MUJER,PEATON,44,LESIONADO,MUJER,PEATON,,,,
2021-07-15 09:29:00,-4.010308,-79.193238,Calle Miguel Riofrio,CON_FALLECIDOS,Caida,Via resbaladiza o mojada,56,FALLECIDO,MUJER,OTRO,58,FALLECIDO,HOMBRE,MOTOCICLETA,,,,
2021-01-14 14:11:57,-3.993366,-79.172224,Calle Rocafuerte,SOLO_DANOS,Colision Multiple,Estado de embriaguez,,,,,,,,,,,,
2021-02-03 02:20:00,-4.022676,-79.175381,Calle Quito,CON_FALLECIDOS,Accidente Laboral,Falla mecanica,66,FALLECIDO,MUJER,SCOOTER,43,FALLECIDO,NO_REGISTRA,OTRO,23,LESIONADO,MUJER,PEATON
2022-02-15 15:11:40,-4.007388,-79.221651,Av. Reinaldo Espinosa,SOLO_DANOS,Incendio,Imprudencia del conductor,44,LESIONADO,MUJER,CICLISTA,,,,,,,,
2022-12-01 16:22:04,-4.031571,-79.184179,Calle 18 de Noviembre,CON_LESIONADOS,Accidente Laboral,Factores externos,63,LESIONADO,NO_REGISTRA,MOTOCICLETA,,,,,,,,
2022-07-13 03:44:17,-4.017888,-79.205901,Calle Colon,SOLO_DANOS,Incendio,Falla mecanica,,,,,,,,,,,,
2022-05-30 02:27:32,-4.007204,-79.225880,Calle Miguel Riofrio,SOLO_DANOS,Caida,Falla mecanica,,,,,,,,,,,,
2022-10-22 06:27:50,-4.008924,-79.204676,Calle 18 de Noviembre,SOLO_DANOS,Atropellamiento,Visibilidad reducida,7,LESIONADO,NO_REGISTRA,CICLISTA,,,,,,,,
2022-04-20 18:27:41,-4.001533,-79.225247,Av. Pio Jaramillo,CON_LESIONADOS,Caida,Mal estado de la via,20,LESIONADO,NO_REGISTRA,OTRO,45,LESIONADO,HOMBRE,CICLISTA,62,LESIONADO,MUJER,SCOOTER
2022-09-01 00:34:38,-4.034487,-79.210128,Av. Orillas del Zamora,CON_FALLECIDOS,Volcamiento,Estado de embriaguez,32,FALLECIDO,MUJER,CICLISTA,55,LESIONADO,MUJER,OTRO,58,LESIONADO,NO_REGISTRA,CICLISTA
2022-06-13 01:28:39,-3.990220,-79.228115,Calle Montufar,CON_FALLECIDOS,Choque Vehicular,Inobservancia de senales,80,FALLECIDO,NO_REGISTRA,MOTOCICLETA,26,LESIONADO,NO_REGISTRA,MOTOCICLETA,,,,
2022-03-17 06:55:29,-4.014866,-79.178520,Calle Mercadillo,CON_FALLECIDOS,Accidente Laboral,Visibilidad reducida,50,FALLECIDO,MUJER,VEH_LIVIANO,47,LESIONADO,HOMBRE,CICLISTA,30,LESIONADO,NO_REGISTRA,SCOOTER
2022-04-20 07:48:43,-3.989904,-79.193333,Calle Azogues,CON_LESIONADOS,Accidente Laboral,Falla mecanica,53,LESIONADO,NO_REGISTRA,SCOOTER,65,LESIONADO,MUJER,OTRO,,,,
2022-10-16 16:34:42,-4.021941,-79.195718,Calle Saraguro,CON_FALLECIDOS,Volcamiento,Distraccion (celular/radio),35,FALLECIDO,NO_REGISTRA,CICLISTA,,,,,,,,
2022-10-26 05:59:02,-4.036541,-79.192050,Calle Azogues,CON_LESIONADOS,Atropellamiento,Equipo de seguridad deficiente,46,LESIONADO,MUJER,OTRO,,,,,,,,
2022-08-22 11:25:39,-3.987555,-79.179189,Ruta 35,SOLO_DANOS,Atropellamiento,Imprudencia del conductor,,,,,,,,,,,,
2022-08-13 04:37:44,-4.035444,-79.176532,Calle Azogues,SOLO_DANOS,Volcamiento,Exceso de velocidad,50,LESIONADO,MUJER,CICLISTA,,,,,,,,
2022-05-17 01:58:43,-3.980070,-79.230836,Calle Saraguro,CON_LESIONADOS,Caida,Exceso de velocidad,8,LESIONADO,HOMBRE,OTRO,,,,,,,,
2022-01-29 17:44:03,-3.980122,-79.193318,Calle Saraguro,CON_LESIONADOS,Choque Vehicular,Falla mecanica,16,LESIONADO,HOMBRE,MOTOCICLETA,,,,,,,,
2022-09-21 06:19:24,-4.018017,-79.185771,Av. Universitaria,CON_LESIONADOS,Colision Multiple,Distraccion (celular/radio),50,LESIONADO,HOMBRE,MOTOCICLETA,11,LESIONADO,NO_REGISTRA,OTRO,,,,
2022-07-22 11:51:44,-4.030611,-79.223653,Calle Ramon Borrero,SOLO_DANOS,Caida,Distraccion (celular/radio),,,,,,,,,,,,
2022-12-24 18:50:30,-3.986954,-79.183528,Calle Miguel Riofrio,SOLO_DANOS,Accidente Laboral,Exceso de velocidad,,,,,,,,,,,,
2022-12-12 05:15:34,-3.994938,-79.201481,Av. Cuxibamba,SOLO_DANOS,Accidente Laboral,Inobservancia de senales,,,,,,,,,,,,
2022-12-11 13:22:55,-4.016811,-79.198744,Av. Gran Colombia,CON_FALLECIDOS,Atropellamiento,Falla mecanica,70,FALLECIDO,HOMBRE,CICLISTA,27,FALLECIDO,MUJER,PEATON,18,LESIONADO,HOMBRE,CICLISTA
2022-04-26 19:36:11,-3.978391,-79.187636,Calle 18 de Noviembre,CON_FALLECIDOS,Choque Vehicular,Equipo de seguridad deficiente,66,FALLECIDO,NO_REGISTRA,MOTOCICLETA,23,LESIONADO,HOMBRE,PEATON,19,LESIONADO,NO_REGISTRA,SCOOTER
2022-04-22 12:12:17,-4.017840,-79.216814,Calle Montufar,CON_FALLECIDOS,Volcamiento,Visibilidad reducida,65,FALLECIDO,HOMBRE,MOTOCICLETA,63,LESIONADO,HOMBRE,SCOOTER,,,,
2022-11-23 07:48:40,-3.990192,-79.219138,Calle Montufar,CON_LESIONADOS,Colision Multiple,Equipo de seguridad deficiente,51,LESIONADO,HOMBRE,VEH_LIVIANO,57,LESIONADO,HOMBRE,VEH_LIVIANO,72,LESIONADO,NO_REGISTRA,SCOOTER
2022-09-09 02:04:40,-3.989933,-79.205205,Av. Rosa Hermosa,CON_FALLECIDOS,Choque Vehicular,Distraccion (celular/radio),53,FALLECIDO,MUJER,PEATON,38,LESIONADO,MUJER,SCOOTER,,,,
2022-01-29 00:45:32,-4.003257,-79.183580,Calle 18 de Noviembre,CON_LESIONADOS,Atropellamiento,Falla mecanica,30,LESIONADO,MUJER,MOTOCICLETA,17,LESIONADO,NO_REGISTRA,CICLISTA,16,LESIONADO,NO_REGISTRA,MOTOCICLETA
2022-10-19 09:15:53,-3.986123,-79.187675,Av. 8 de Diciembre,SOLO_DANOS,Atropellamiento,Inobservancia de senales,,,,,,,,,,,,
2022-08-12 22:48:33,-3.987584,-79.203829,Calle Mercadillo,CON_LESIONADOS,Caida,Imprudencia del conductor,74,LESIONADO,NO_REGISTRA,MOTOCICLETA,69,LESIONADO,HOMBRE,MOTOCICLETA,,,,
2022-01-20 11:17:12,-3.996974,-79.206795,Calle Colon,SOLO_DANOS,Colision Multiple,Visibilidad reducida,,,,,,,,,,,,
2022-06-22 22:39:26,-4.024200,-79.218674,Calle Azogues,SOLO_DANOS,Atropellamiento,Fatiga del conductor,,,,,,,,,,,,
2022-07-31 22:12:09,-4.018441,-79.187542,Calle Azogues,CON_LESIONADOS,Colision Multiple,Via resbaladiza o mojada,68,LESIONADO,HOMBRE,MOTOCICLETA,,,,,,,,
2022-06-04 23:15:40,-3.983424,-79.196388,Calle Bolivar,CON_FALLECIDOS,Atropellamiento,Mal estado de la via,67,FALLECIDO,MUJER,OTRO,,,,,,,,
2022-04-04 08:11:32,-4.031565,-79.229137,Calle Miguel Riofrio,CON_LESIONADOS,Choque Vehicular,Factores externos,14,LESIONADO,NO_REGISTRA,MOTOCICLETA,33,LESIONADO,NO_REGISTRA,CICLISTA,37,LESIONADO,NO_REGISTRA,VEH_LIVIANO
2022-09-09 23:18:25,-3.989606,-79.174889,Calle Montufar,CON_LESIONADOS,Accidente Laboral,Estado de embriaguez,45,LESIONADO,HOMBRE,MOTOCICLETA,24,LESIONADO,HOMBRE,SCOOTER,,,,
2022-09-04 23:18:46,-4.001857,-79.171225,Calle Imbabura,CON_LESIONADOS,Atropellamiento,Falla mecanica,29,LESIONADO,NO_REGISTRA,SCOOTER,80,LESIONADO,HOMBRE,PEATON,,,,
2022-07-31 06:52:55,-3.984490,-79.221278,Calle 18 de Noviembre,CON_LESIONADOS,Choque Vehicular,Mal estado de la via,63,LESIONADO,HOMBRE,OTRO,62,LESIONADO,HOMBRE,MOTOCICLETA,,,,
2022-03-18 23:16:19,-4.005072,-79.188833,Av. Isidro Ayora,CON_FALLECIDOS,Choque Vehicular,Fatiga del conductor,27,FALLECIDO,NO_REGISTRA,CICLISTA,,,,,,,,
2022-05-07 09:17:13,-4.015415,-79.226237,Av. Pio Jaramillo,CON_FALLECIDOS,Accidente Laboral,Fatiga del conductor,46,FALLECIDO,HOMBRE,MOTOCICLETA,30,LESIONADO,HOMBRE,CICLISTA,78,LESIONADO,NO_REGISTRA,CICLISTA
2022-09-06 04:56:58,-4.015531,-79.228157,Ruta 35,SOLO_DANOS,Caida,Falla mecanica,,,,,,,,,,,,
2022-04-20 22:50:18,-3.984131,-79.183820,Calle 10 de Agosto,CON_FALLECIDOS,Incendio,Distraccion (celular/radio),37,FALLECIDO,NO_REGISTRA,CICLISTA,41,LESIONADO,HOMBRE,MOTOCICLETA,,,,
2022-11-19 18:17:48,-3.991540,-79.194933,Av. Universitaria,CON_LESIONADOS,Volcamiento,Via resbaladiza o mojada,14,LESIONADO,HOMBRE,VEH_LIVIANO,59,LESIONADO,NO_REGISTRA,CICLISTA,,,,
2022-07-17 19:48:30,-3.989180,-79.219879,Calle 10 de Agosto,SOLO_DANOS,Accidente Laboral,Distraccion (celular/radio),,,,,,,,,,,,
2022-11-09 20:41:14,-4.004572,-79.182372,Ruta 35,CON_FALLECIDOS,Colision Multiple,Equipo de seguridad deficiente,25,FALLECIDO,MUJER,CICLISTA,32,FALLECIDO,NO_REGISTRA,VEH_LIVIANO,8,LESIONADO,HOMBRE,CICLISTA
2022-07-06 12:55:06,-3.997002,-79.172942,Ruta 35,CON_FALLECIDOS,Incendio,Inobservancia de senales,47,FALLECIDO,MUJER,CICLISTA,77,FALLECIDO,NO_REGISTRA,MOTOCICLETA,52,LESIONADO,NO_REGISTRA,VEH_LIVIANO
2022-04-23 22:38:15,-4.006061,-79.201682,Calle Ramon Borrero,SOLO_DANOS,Caida,Inobservancia de senales,,,,,,,,,,,,
2022-12-06 12:32:49,-3.987187,-79.201027,Calle Saraguro,CON_FALLECIDOS,Volcamiento,Equipo de seguridad deficiente,38,FALLECIDO,MUJER,CICLISTA,27,FALLECIDO,HOMBRE,OTRO,63,LESIONADO,HOMBRE,VEH_LIVIANO
2022-09-12 14:59:39,-4.010724,-79.212473,Av. Rosa Hermosa,SOLO_DANOS,Atropellamiento,Inobservancia de senales,,,,,,,,,,,,
2022-06-08 22:58:12,-4.032078,-79.188556,Av. Universitaria,CON_FALLECIDOS,Incendio,Fatiga del conductor,28,FALLECIDO,MUJER,VEH_LIVIANO,21,FALLECIDO,HOMBRE,CICLISTA,72,LESIONADO,HOMBRE,VEH_LIVIANO
2022-03-07 18:50:16,-4.032637,-79.177525,Calle Miguel Riofrio,SOLO_DANOS,Colision Multiple,Mal estado de la via,,,,,,,,,,,,
2022-12-14 12:32:33,-4.020418,-79.217456,Av. Orillas del Zamora,CON_FALLECIDOS,Incendio,Via resbaladiza o mojada,38,FALLECIDO,NO_REGISTRA,CICLISTA,50,FALLECIDO,MUJER,VEH_LIVIANO,,,,
2022-04-15 09:45:26,-4.021994,-79.206445,Calle Bolivar,CON_LESIONADOS,Choque Vehicular,Factores externos,46,LESIONADO,MUJER,PEATON,23,LESIONADO,NO_REGISTRA,VEH_LIVIANO,,,,
2022-07-31 21:33:56,-4.035420,-79.212744,Calle Montufar,CON_LESIONADOS,Volcamiento,Distraccion (celular/radio),59,LESIONADO,MUJER,OTRO,12,LESIONADO,HOMBRE,PEATON,18,LESIONADO,MUJER,OTRO
2022-10-25 14:17:03,-4.020992,-79.223615,Calle Mercadillo,SOLO_DANOS,Colision Multiple,Visibilidad reducida,,,,,,,,,,,,
2022-01-04 04:35:57,-3.997159,-79.179620,Calle 10 de Agosto,CON_LESIONADOS,Volcamiento,Equipo de seguridad deficiente,75,LESIONADO,MUJER,CICLISTA,,,,,,,,
2022-03-03 13:22:17,-4.000075,-79.179326,Av. Gran Colombia,CON_LESIONADOS,Caida,Imprudencia del conductor,74,LESIONADO,HOMBRE,SCOOTER,22,LESIONADO,MUJER,VEH_LIVIANO,63,LESIONADO,MUJER,VEH_LIVIANO
2022-02-19 23:22:56,-4.018619,-79.181521,Calle Sucre,CON_LESIONADOS,Caida,Imprudencia del conductor,5,LESIONADO,MUJER,SCOOTER,79,LESIONADO,NO_REGISTRA,SCOOTER,35,LESIONADO,NO_REGISTRA,CICLISTA
2022-12-06 06:55:40,-4.026306,-79.226024,Av. Gran Colombia,SOLO_DANOS,Atropellamiento,Equipo de seguridad deficiente,,,,,,,,,,,,
2022-02-25 13:19:58,-4.009219,-79.227893,Calle Mercadillo,CON_FALLECIDOS,Colision Multiple,Via resbaladiza o mojada,34,FALLECIDO,MUJER,SCOOTER,48,FALLECIDO,MUJER,SCOOTER,57,LESIONADO,MUJER,VEH_LIVIANO
2022-01-13 13:21:31,-4.005620,-79.209779,Av. 8 de Diciembre,CON_LESIONADOS,Caida,Inobservancia de senales,9,LESIONADO,HOMBRE,VEH_LIVIANO,66,LESIONADO,MUJER,MOTOCICLETA,,,,