fecha_hora,latitud,longitud,via,grado_severidad,tipo_siniestro,causa_probable,victima1_edad,victima1_condicion,victima1_sexo,victima1_actor_vial,victima2_edad,victima2_condicion,victima2_sexo,victima2_actor_vial,victima3_edad,victima3_condicion,victima3_sexo,victima3_actor_vial
2022-10-12 05:24:52,-4.000712,-79.219530,Calle Imbabura,CON_FALLECIDOS,Accidente Laboral,Factores externos,64,FALLECIDO,MUJER,MOTOCICLETA,62,LESIONADO,HOMBRE,SCOOTER,,,,
2022-02-11 11:17:44,-4.022698,-79.210013,Av. Cuxibamba,CON_FALLECIDOS,Caida,Exceso de velocidad,39,FALLECIDO,HOMBRE,SCOOTER,71,LESIONADO,NO_REGISTRA,CICLISTA,16,LESIONADO,HOMBRE,CICLISTA
2022-10-18 17:39:35,-4.004747,-79.188256,Av. Metropolitana,CON_FALLECIDOS,Colision Multiple,Via resbaladiza o mojada,58,FALLECIDO,NO_REGISTRA,SCOOTER,,,,,,,,
2022-06-13 13:33:07,-3.997195,-79.207042,Calle Quito,CON_FALLECIDOS,Incendio,Mal estado de la via,39,FALLECIDO,MUJER,SCOOTER,58,FALLECIDO,NO_REGISTRA,OTRO,,,,
2022-11-14 17:49:38,-3.987848,-79.202233,Av. Isidro Ayora,SOLO_DANOS,Atropellamiento,Equipo de seguridad deficiente,,,,,,,,,,,,
2022-06-12 18:45:13,-4.001394,-79.226050,Calle Azogues,SOLO_DANOS,Atropellamiento,Imprudencia del conductor,,,,,,,,,,,,
2022-09-12 01:20:08,-3.992904,-79.180989,Calle Mercadillo,CON_FALLECIDOS,Incendio,Equipo de seguridad deficiente,34,FALLECIDO,MUJER,MOTOCICLETA,48,FALLECIDO,HOMBRE,VEH_LIVIANO,8,LESIONADO,MUJER,SCOOTER
2022-07-16 12:04:09,-4.026169,-79.221529,Calle Miguel Riofrio,SOLO_DANOS,Incendio,Distraccion (celular/radio),,,,,,,,,,,,
2022-05-15 17:08:22,-4.030170,-79.173099,Calle Bolivar,CON_LESIONADOS,Volcamiento,Visibilidad reducida,15,LESIONADO,MUJER,VEH_LIVIANO,25,LESIONADO,NO_REGISTRA,PEATON,8,LESIONADO,NO_REGISTRA,PEATON
2022-03-07 03:58:28,-3.990086,-79.193302,Via Loja - Zamora,CON_FALLECIDOS,Volcamiento,Distraccion (celular/radio),20,FALLECIDO,MUJER,SCOOTER,29,LESIONADO,NO_REGISTRA,VEH_LIVIANO,,,,
2022-01-14 12:02:09,-3.986131,-79.174909,Calle Bolivar,CON_LESIONADOS,Colision Multiple,Mal estado de la via,40,LESIONADO,HOMBRE,CICLISTA,65,LESIONADO,MUJER,SCOOTER,,,,
2022-10-21 04:37:37,-3.980982,-79.230582,Av. Cuxibamba,SOLO_DANOS,Atropellamiento,Via resbaladiza o mojada,,,,,,,,,,,,
2022-07-21 10:09:39,-4.025640,-79.199336,Calle Quito,CON_LESIONADOS,Colision Multiple,Fatiga del conductor,19,LESIONADO,NO_REGISTRA,OTRO,80,LESIONADO,NO_REGISTRA,CICLISTA,,,,
2022-01-20 00:35:40,-4.019708,-79.205378,Av. Cuxibamba,CON_FALLECIDOS,Colision Multiple,Visibilidad reducida,20,FALLECIDO,MUJER,SCOOTER,67,FALLECIDO,NO_REGISTRA,VEH_LIVIANO,5,LESIONADO,HOMBRE,CICLISTA
2022-09-28 10:30:02,-4.023539,-79.180621,Calle Sucre,SOLO_DANOS,Choque Vehicular,Equipo de seguridad deficiente,,,,,,,,,,,,
2022-10-30 00:59:16,-3.982497,-79.227966,Av. 8 de Diciembre,CON_FALLECIDOS,Caida,Mal estado de la via,58,FALLECIDO,NO_REGISTRA,PEATON,61,LESIONADO,HOMBRE,PEATON,,,,
2022-02-14 06:27:55,-4.000438,-79.205966,Calle Imbabura,CON_FALLECIDOS,Caida,Fatiga del conductor,46,FALLECIDO,NO_REGISTRA,VEH_LIVIANO,39,FALLECIDO,HOMBRE,CICLISTA,,,,
2022-07-07 03:27:31,-4.008228,-79.212323,Calle Imbabura,SOLO_DANOS,Colision Multiple,Fatiga del conductor,,,,,,,,,,,,
2022-11-11 05:19:30,-4.033606,-79.226470,Via Loja - Zamora,SOLO_DANOS,Colision Multiple,Inobservancia de senales,,,,,,,,,,,,
2022-09-02 18:52:24,-4.026007,-79.175279,Calle Sucre,CON_LESIONADOS,Volcamiento,Factores externos,29,LESIONADO,HOMBRE,OTRO,72,LESIONADO,HOMBRE,VEH_LIVIANO,23,LESIONADO,NO_REGISTRA,PEATON
2022-06-05 12:10:51,-3.990437,-79.216203,Calle Mercadillo,CON_FALLECIDOS,Volcamiento,Equipo de seguridad deficiente,45,FALLECIDO,HOMBRE,MOTOCICLETA,57,FALLECIDO,MUJER,VEH_LIVIANO,34,LESIONADO,NO_REGISTRA,VEH_LIVIANO
2022-10-01 14:28:46,-4.005342,-79.215034,Calle Imbabura,CON_LESIONADOS,Incendio,Equipo de seguridad deficiente,8,LESIONADO,NO_REGISTRA,CICLISTA,57,LESIONADO,NO_REGISTRA,CICLISTA,29,LESIONADO,NO_REGISTRA,SCOOTER
2022-08-03 03:07:34,-4.029697,-79.174702,Via Loja - Catamayo,SOLO_DANOS,Volcamiento,Estado de embriaguez,,,,,,,,,,,,
2022-04-20 00:56:53,-4.035696,-79.210310,Via Loja - Zamora,CON_FALLECIDOS,Volcamiento,Inobservancia de senales,39,FALLECIDO,NO_REGISTRA,OTRO,44,FALLECIDO,NO_REGISTRA,PEATON,49,LESIONADO,NO_REGISTRA,MOTOCICLETA
2022-02-03 22:49:22,-4.027202,-79.219989,Calle Sucre,CON_LESIONADOS,Accidente Laboral,Estado de embriaguez,33,LESIONADO,MUJER,PEATON,63,LESIONADO,NO_REGISTRA,MOTOCICLETA,,,,
2022-07-05 23:33:30,-3.980174,-79.209388,Calle Azogues,CON_LESIONADOS,Choque Vehicular,Falla mecanica,76,LESIONADO,NO_REGISTRA,MOTOCICLETA,,,,,,,,
2022-09-05 23:35:25,-4.005853,-79.214036,Calle Azogues,CON_LESIONADOS,Incendio,Estado de embriaguez,43,LESIONADO,NO_REGISTRA,SCOOTER,,,,,,,,
2022-05-13 03:49:55,-4.006782,-79.183409,Av. Metropolitana,CON_FALLECIDOS,Atropellamiento,Estado de embriaguez,42,FALLECIDO,HOMBRE,MOTOCICLETA,24,LESIONADO,NO_REGISTRA,VEH_LIVIANO,17,LESIONADO,HOMBRE,OTRO
2022-09-19 18:26:18,-3.996860,-79.175046,Av. Orillas del Zamora,CON_LESIONADOS,Colision Multiple,Via resbaladiza o mojada,23,LESIONADO,HOMBRE,SCOOTER,77,LESIONADO,NO_REGISTRA,CICLISTA,24,LESIONADO,HOMBRE,PEATON
2022-06-25 21:56:52,-3.982515,-79.185975,Av. Reinaldo Espinosa,CON_LESIONADOS,Atropellamiento,Equipo de seguridad deficiente,58,LESIONADO,NO_REGISTRA,VEH_LIVIANO,9,LESIONADO,HOMBRE,SCOOTER,,,,
2022-12-04 00:03:42,-3.979647,-79.197911,Calle Mercadillo,SOLO_DANOS,Choque Vehicular,Fatiga del conductor,,,,,,,,,,,,
2022-03-26 05:47:18,-4.019651,-79.201498,Calle Saraguro,CON_FALLECIDOS,Choque Vehicular,Falla mecanica,60,FALLECIDO,NO_REGISTRA,CICLISTA,14,LESIONADO,MUJER,OTRO,,,,
2022-06-05 06:51:44,-3.990627,-79.186836,Calle Rocafuerte,CON_LESIONADOS,Accidente Laboral,Estado de embriaguez,33,LESIONADO,HOMBRE,CICLISTA,,,,,,,,
2022-04-25 09:25:33,-3.994013,-79.185445,Calle Saraguro,CON_FALLECIDOS,Volcamiento,Exceso de velocidad,25,FALLECIDO,NO_REGISTRA,OTRO,40,FALLECIDO,HOMBRE,SCOOTER,66,LESIONADO,MUJER,VEH_LIVIANO
2022-10-09 20:55:09,-3.999222,-79.225600,Calle Ramon Borrero,SOLO_DANOS,Caida,Factores externos,,,,,,,,,,,,
2022-12-05 19:54:38,-4.018728,-79.230408,Calle Quito,CON_FALLECIDOS,Atropellamiento,Distraccion (celular/radio),52,FALLECIDO,NO_REGISTRA,MOTOCICLETA,33,LESIONADO,NO_REGISTRA,MOTOCICLETA,75,LESIONADO,NO_REGISTRA,PEATON
2022-11-01 00:35:17,-3.997457,-79.202262,Calle Imbabura,CON_LESIONADOS,Incendio,Via resbaladiza o mojada,34,LESIONADO,HOMBRE,VEH_LIVIANO,,,,,,,,
2022-04-11 16:25:27,-4.022997,-79.228406,Calle Azogues,SOLO_DANOS,Atropellamiento,Distraccion (celular/radio),,,,,,,,,,,,
2022-08-03 06:45:04,-4.034275,-79.212221,Calle Colon,CON_LESIONADOS,Accidente Laboral,Visibilidad reducida,30,LESIONADO,NO_REGISTRA,OTRO,,,,,,,,
2022-04-06 09:06:38,-4.026433,-79.171157,Calle Mercadillo,CON_LESIONADOS,Volcamiento,Mal estado de la via,26,LESIONADO,MUJER,MOTOCICLETA,,,,,,,,
2022-06-27 15:38:01,-4.008846,-79.199006,Av. Isidro Ayora,CON_FALLECIDOS,Colision Multiple,Mal estado de la via,74,FALLECIDO,HOMBRE,PEATON,,,,,,,,
2022-04-14 22:05:12,-3.984857,-79.171236,Av. Metropolitana,SOLO_DANOS,Atropellamiento,Via resbaladiza o mojada,35,LESIONADO,NO_REGISTRA,OTRO,,,,,,,,
2022-05-10 09:52:49,-4.023192,-79.192277,Calle Mercadillo,CON_LESIONADOS,Choque Vehicular,Inobservancia de senales,61,LESIONADO,HOMBRE,SCOOTER,55,LESIONADO,HOMBRE,VEH_LIVIANO,,,,
2022-08-08 21:16:25,-3.987809,-79.226822,Calle Saraguro,SOLO_DANOS,Colision Multiple,Factores externos,,,,,,,,,,,,
2022-04-26 02:45:39,-4.026096,-79.187183,Av. Universitaria,CON_FALLECIDOS,Incendio,Visibilidad reducida,74,FALLECIDO,HOMBRE,CICLISTA,,,,,,,,
2022-01-20 13:28:35,-4.009303,-79.182221,Av. Reinaldo Espinosa,CON_LESIONADOS,Colision Multiple,Distraccion (celular/radio),78,LESIONADO,MUJER,OTRO,77,LESIONADO,HOMBRE,PEATON,33,LESIONADO,NO_REGISTRA,PEATON
2022-11-26 06:41:11,-3.982033,-79.224439,Calle Mercadillo,SOLO_DANOS,Colision Multiple,Via resbaladiza o mojada,,,,,,,,,,,,
2022-09-02 19:47:32,-3.998180,-79.218017,Calle Sucre,CON_FALLECIDOS,Caida,Fatiga del conductor,47,FALLECIDO,MUJER,PEATON,,,,,,,,
2022-06-24 08:30:57,-4.028776,-79.217636,Calle Quito,CON_LESIONADOS,Colision Multiple,Fatiga del conductor,28,LESIONADO,HOMBRE,SCOOTER,,,,,,,,
2022-12-05 07:34:24,-3.984216,-79.226171,Via Loja - Catamayo,CON_LESIONADOS,Atropellamiento,Imprudencia del conductor,67,LESIONADO,NO_REGISTRA,PEATON,,,,,,,,
2022-10-30 06:55:35,-4.008797,-79.188011,Via Loja - Catamayo,CON_LESIONADOS,Accidente Laboral,Visibilidad reducida,44,LESIONADO,MUJER,SCOOTER,,,,,,,,
2022-12-11 11:03:20,-4.021451,-79.181335,Calle Mercadillo,CON_FALLECIDOS,Accidente Laboral,Exceso de velocidad,74,FALLECIDO,MUJER,CICLISTA,59,FALLECIDO,MUJER,OTRO,29,LESIONADO,HOMBRE,VEH_LIVIANO
2022-06-29 09:31:31,-3.995553,-79.225661,Via Loja - Catamayo,CON_FALLECIDOS,Atropellamiento,Visibilidad reducida,56,FALLECIDO,NO_REGISTRA,OTRO,35,FALLECIDO,HOMBRE,OTRO,,,,
2022-04-17 23:54:46,-3.977209,-79.197610,Calle Quito,SOLO_DANOS,Colision Multiple,Via resbaladiza o mojada,,,,,,,,,,,,
2022-04-20 02:42:03,-3.998775,-79.185350,Via Loja - Zamora,CON_FALLECIDOS,Volcamiento,Inobservancia de senales,23,FALLECIDO,HOMBRE,CICLISTA,69,FALLECIDO,HOMBRE,SCOOTER,,,,
2022-11-09 11:23:02,-4.032771,-79.198850,Av. Rosa Hermosa,CON_FALLECIDOS,Volcamiento,Falla mecanica,39,FALLECIDO,HOMBRE,MOTOCICLETA,50,FALLECIDO,MUJER,OTRO,,,,
2022-04-01 07:33:47,-3.990756,-79.217399,Calle Mercadillo,SOLO_DANOS,Incendio,Factores externos,80,LESIONADO,NO_REGISTRA,VEH_LIVIANO,,,,,,,,
2022-02-02 18:54:37,-4.021283,-79.211529,Av. Reinaldo Espinosa,SOLO_DANOS,Accidente Laboral,Imprudencia del conductor,,,,,,,,,,,,
2022-04-12 05:03:46,-3.985475,-79.221621,Calle Colon,CON_FALLECIDOS,Colision Multiple,Imprudencia del conductor,54,FALLECIDO,MUJER,MOTOCICLETA,,,,,,,,
2022-01-12 19:10:04,-3.990514,-79.220012,Av. Rosa Hermosa,CON_FALLECIDOS,Colision Multiple,Fatiga del conductor,83,FALLECIDO,NO_REGISTRA,SCOOTER,13,LESIONADO,NO_REGISTRA,PEATON,27,LESIONADO,MUJER,MOTOCICLETA
2022-06-07 21:51:04,-4.022523,-79.208336,Calle 18 de Noviembre,SOLO_DANOS,Volcamiento,Imprudencia del conductor,,,,,,,,,,,,
2022-01-29 04:24:08,-4.020151,-79.212794,Av. Manuel Agustin Aguirre,SOLO_DANOS,Atropellamiento,Via resbaladiza o mojada,,,,,,,,,,,,
2022-08-16 23:28:43,-3.977995,-79.180403,Av. Gran Colombia,CON_LESIONADOS,Atropellamiento,Visibilidad reducida,72,LESIONADO,MUJER,SCOOTER,,,,,,,,
2022-10-24 01:10:51,-3.996691,-79.194394,Av. Metropolitana,CON_LESIONADOS,Caida,Via resbaladiza o mojada,72,LESIONADO,MUJER,MOTOCICLETA,68,LESIONADO,NO_REGISTRA,VEH_LIVIANO,67,LESIONADO,MUJER,SCOOTER
2022-03-24 02:37:36,-4.026956,-79.192054,Calle Montufar,CON_FALLECIDOS,Accidente Laboral,Mal estado de la via,29,FALLECIDO,MUJER,VEH_LIVIANO,,,,,,,,
2022-07-06 01:23:35,-3.982573,-79.179326,Calle 18 de Noviembre,CON_FALLECIDOS,Volcamiento,Equipo de seguridad deficiente,29,FALLECIDO,HOMBRE,MOTOCICLETA,20,LESIONADO,NO_REGISTRA,CICLISTA,,,,
2022-07-15 04:17:17,-4.001124,-79.228818,Calle Azogues,CON_LESIONADOS,Accidente Laboral,Imprudencia del conductor,75,LESIONADO,HOMBRE,OTRO,,,,,,,,
2022-11-21 03:16:51,-3.977049,-79.224376,Calle Miguel Riofrio,CON_FALLECIDOS,Incendio,Distraccion (celular/radio),49,FALLECIDO,NO_REGISTRA,VEH_LIVIANO,73,LESIONADO,HOMBRE,MOTOCICLETA,64,LESIONADO,NO_REGISTRA,OTRO
2022-03-21 22:59:36,-4.021720,-79.193102,Calle 10 de Agosto,CON_FALLECIDOS,Accidente Laboral,Factores externos,49,FALLECIDO,NO_REGISTRA,MOTOCICLETA,79,FALLECIDO,MUJER,SCOOTER,69,LESIONADO,MUJER,CICLISTA
2022-02-21 22:08:43,-4.033414,-79.194013,Calle Ramon Borrero,CON_FALLECIDOS,Colision Multiple,Distraccion (celular/radio),50,FALLECIDO,HOMBRE,PEATON,18,LESIONADO,MUJER,VEH_LIVIANO,70,LESIONADO,HOMBRE,CICLISTA
2022-02-23 08:48:49,-4.024950,-79.181328,Calle Miguel Riofrio,CON_FALLECIDOS,Caida,Equipo de seguridad deficiente,28,FALLECIDO,NO_REGISTRA,MOTOCICLETA,,,,,,,,
2022-08-30 00:23:53,-3.988389,-79.194182,Av. Orillas del Zamora,CON_LESIONADOS,Caida,Imprudencia del conductor,34,LESIONADO,NO_REGISTRA,OTRO,,,,,,,,
2022-08-30 18:02:04,-4.024173,-79.196825,Calle Imbabura,SOLO_DANOS,Volcamiento,Inobservancia de senales,,,,,,,,,,,,
2022-03-10 19:34:30,-4.020157,-79.230556,Calle 18 de Noviembre,CON_LESIONADOS,Accidente Laboral,Fatiga del conductor,52,LESIONADO,HOMBRE,PEATON,,,,,,,,
2022-12-29 07:28:15,-4.022326,-79.219955,Calle Colon,CON_LESIONADOS,Caida,Visibilidad reducida,21,LESIONADO,MUJER,VEH_LIVIANO,13,LESIONADO,HOMBRE,VEH_LIVIANO,21,LESIONADO,NO_REGISTRA,MOTOCICLETA
2022-02-11 05:59:35,-4.029331,-79.198595,Calle Montufar,CON_LESIONADOS,Volcamiento,Falla mecanica,42,LESIONADO,NO_REGISTRA,OTRO,,,,,,,,
2022-06-14 06:58:09,-4.036472,-79.192728,Calle Montufar,SOLO_DANOS,Incendio,Equipo de seguridad deficiente,,,,,,,,,,,,
2022-05-14 18:28:06,-3.992318,-79.181718,Av. Universitaria,CON_LESIONADOS,Volcamiento,Equipo de seguridad deficiente,44,LESIONADO,MUJER,OTRO,29,LESIONADO,HOMBRE,SCOOTER,25,LESIONADO,NO_REGISTRA,OTRO
2022-10-14 10:17:14,-3.984587,-79.198120,Av. Metropolitana,CON_FALLECIDOS,Colision Multiple,Via resbaladiza o mojada,45,FALLECIDO,MUJER,OTRO,,,,,,,,
2022-12-24 09:42:18,-3.999697,-79.221922,Av. Reinaldo Espinosa,SOLO_DANOS,Volcamiento,Estado de embriaguez,,,,,,,,,,,,
2022-09-17 07:51:06,-4.027200,-79.218879,Av. Universitaria,CON_FALLECIDOS,Accidente Laboral,Falla mecanica,51,FALLECIDO,HOMBRE,SCOOTER,14,LESIONADO,MUJER,OTRO,19,LESIONADO,MUJER,OTRO
2022-02-26 17:02:23,-4.031086,-79.223348,Calle Mercadillo,CON_FALLECIDOS,Incendio,Fatiga del conductor,66,FALLECIDO,NO_REGISTRA,SCOOTER,63,FALLECIDO,MUJER,CICLISTA,9,LESIONADO,NO_REGISTRA,VEH_LIVIANO
2022-01-18 18:52:01,-4.023926,-79.202087,Calle Sucre,SOLO_DANOS,Accidente Laboral,Equipo de seguridad deficiente,,,,,,,,,,,,
2022-01-04 19:34:33,-4.001168,-79.226852,Calle Sucre,CON_FALLECIDOS,Atropellamiento,Estado de embriaguez,67,FALLECIDO,NO_REGISTRA,CICLISTA,,,,,,,,
2022-02-01 22:40:47,-4.026299,-79.198575,Av. Pio Jaramillo,CON_FALLECIDOS,Choque Vehicular,Inobservancia de senales,36,FALLECIDO,NO_REGISTRA,VEH_LIVIANO,68,FALLECIDO,NO_REGISTRA,PEATON,66,LESIONADO,HOMBRE,PEATON
2022-05-14 10:27:11,-4.009990,-79.181305,Calle Saraguro,SOLO_DANOS,Choque Vehicular,Imprudencia del conductor,,,,,,,,,,,,
2022-02-05 21:36:28,-3.981239,-79.176654,Calle Bolivar,CON_FALLECIDOS,Atropellamiento,Falla mecanica,45,FALLECIDO,MUJER,OTRO,51,FALLECIDO,NO_REGISTRA,VEH_LIVIANO,8,LESIONADO,MUJER,MOTOCICLETA
2022-03-06 13:14:02,-4.016472,-79.177209,Calle Colon,CON_LESIONADOS,Colision Multiple,Imprudencia del conductor,34,LESIONADO,NO_REGISTRA,OTRO,,,,,,,,
2022-09-07 03:42:56,-4.016148,-79.203164,Av. 8 de Diciembre,SOLO_DANOS,Caida,Exceso de velocidad,,,,,,,,,,,,
2022-04-23 02:16:50,-4.036658,-79.191341,Calle 18 de Noviembre,SOLO_DANOS,Incendio,Equipo de seguridad deficiente,,,,,,,,,,,,
2022-07-21 04:25:26,-3.984565,-79.223280,Calle Quito,CON_FALLECIDOS,Atropellamiento,Inobservancia de senales,50,FALLECIDO,NO_REGISTRA,VEH_LIVIANO,43,FALLECIDO,HOMBRE,VEH_LIVIANO,,,,
2022-12-04 20:50:11,-3.982950,-79.195453,Av. Reinaldo Espinosa,CON_FALLECIDOS,Incendio,Fatiga del conductor,80,FALLECIDO,NO_REGISTRA,CICLISTA,49,FALLECIDO,MUJER,PEATON,14,LESIONADO,MUJER,MOTOCICLETA
2022-01-23 02:38:59,-4.008569,-79.193340,Av. Gran Colombia,SOLO_DANOS,Atropellamiento,Visibilidad reducida,,,,,,,,,,,,
2022-04-23 22:05:58,-4.003017,-79.182301,Av. Orillas del Zamora,CON_FALLECIDOS,Caida,Factores externos,41,FALLECIDO,NO_REGISTRA,VEH_LIVIANO,84,FALLECIDO,MUJER,OTRO,56,LESIONADO,MUJER,VEH_LIVIANO
2022-07-16 02:32:59,-4.027158,-79.216200,Calle Bolivar,SOLO_DANOS,Caida,Via resbaladiza o mojada,,,,,,,,,,,,
2022-02-05 00:56:12,-3.986009,-79.203159,Calle Azogues,CON_LESIONADOS,Atropellamiento,Factores externos,70,LESIONADO,NO_REGISTRA,OTRO,37,LESIONADO,MUJER,CICLISTA,,,,
2022-04-25 16:34:14,-4.014350,-79.194548,Av. Pio Jaramillo,SOLO_DANOS,Choque Vehicular,Mal estado de la via,,,,,,,,,,,,
2022-11-08 09:22:36,-4.015109,-79.211935,Calle Colon,CON_LESIONADOS,Caida,Exceso de velocidad,38,LESIONADO,HOMBRE,PEATON,46,LESIONADO,MUJER,SCOOTER,44,LESIONADO,HOMBRE,OTRO
2022-04-28 21:03:08,-3.981821,-79.186126,Av. Universitaria,CON_LESIONADOS,Caida,Equipo de seguridad deficiente,15,LESIONADO,HOMBRE,VEH_LIVIANO,78,LESIONADO,MUJER,VEH_LIVIANO,27,LESIONADO,HOMBRE,MOTOCICLETA
2022-11-08 05:18:29,-4.010311,-79.225582,Calle Azogues,SOLO_DANOS,Choque Vehicular,Equipo de seguridad deficiente,,,,,,,,,,,,
2022-01-20 22:11:16,-3.996829,-79.219322,Calle Montufar,CON_FALLECIDOS,Incendio,Estado de embriaguez,74,FALLECIDO,NO_REGISTRA,PEATON,57,FALLECIDO,MUJER,SCOOTER,,,,
2022-06-21 14:44:14,-4.017958,-79.212837,Calle Montufar,CON_FALLECIDOS,Choque Vehicular,Distraccion (celular/radio),51,FALLECIDO,HOMBRE,SCOOTER,21,FALLECIDO,HOMBRE,MOTOCICLETA,71,LESIONADO,HOMBRE,SCOOTER
2022-12-14 20:08:07,-4.015160,-79.214882,Ruta 35,SOLO_DANOS,Atropellamiento,Estado de embriaguez,,,,,,,,,,,,
2022-03-05 14:24:03,-3.985133,-79.202007,Calle Sucre,SOLO_DANOS,Incendio,Exceso de velocidad,,,,,,,,,,,,
2022-09-17 23:59:34,-4.007113,-79.223717,Av. Pio Jaramillo,CON_FALLECIDOS,Volcamiento,Exceso de velocidad,30,FALLECIDO,MUJER,VEH_LIVIANO,30,FALLECIDO,HOMBRE,OTRO,,,,
2022-12-28 14:02:38,-4.036320,-79.188292,Av. 8 de Diciembre,CON_FALLECIDOS,Colision Multiple,Factores externos,44,FALLECIDO,NO_REGISTRA,MOTOCICLETA,57,FALLECIDO,MUJER,PEATON,,,,
2022-09-24 13:15:11,-3.978817,-79.202661,Via Loja - Catamayo,SOLO_DANOS,Choque Vehicular,Factores externos,,,,,,,,,,,,
2022-02-22 09:04:19,-3.992342,-79.216235,Av. Manuel Agustin Aguirre,SOLO_DANOS,Caida,Mal estado de la via,,,,,,,,,,,,
2022-06-28 15:49:33,-3.990358,-79.204733,Av. Gran Colombia,CON_FALLECIDOS,Volcamiento,Imprudencia del conductor,62,FALLECIDO,HOMBRE,CICLISTA,76,FALLECIDO,NO_REGISTRA,SCOOTER,79,LESIONADO,HOMBRE,PEATON
2022-02-27 00:54:10,-3.992472,-79.183559,Via Loja - Catamayo,CON_LESIONADOS,Choque Vehicular,Falla mecanica,68,LESIONADO,MUJER,OTRO,41,LESIONADO,HOMBRE,CICLISTA,47,LESIONADO,HOMBRE,PEATON
2022-05-27 13:44:36,-4.006643,-79.214113,Calle Saraguro,CON_LESIONADOS,Atropellamiento,Inobservancia de senales,73,LESIONADO,NO_REGISTRA,OTRO,30,LESIONADO,MUJER,CICLISTA,,,,
2022-10-03 14:17:32,-4.034181,-79.180328,Ruta 35,CON_LESIONADOS,Caida,Exceso de velocidad,63,LESIONADO,MUJER,OTRO,,,,,,,,
2022-02-01 00:23:39,-4.024275,-79.190801,Calle Montufar,CON_LESIONADOS,Colision Multiple,Estado de embriaguez,23,LESIONADO,NO_REGISTRA,SCOOTER,45,LESIONADO,MUJER,MOTOCICLETA,77,LESIONADO,HOMBRE,PEATON
2022-03-22 06:55:51,-3.984084,-79.227404,Av. Rosa Hermosa,CON_FALLECIDOS,Colision Multiple,Falla mecanica,54,FALLECIDO,HOMBRE,SCOOTER,63,LESIONADO,NO_REGISTRA,PEATON,,,,
2022-10-14 15:51:50,-4.019409,-79.180032,Calle 10 de Agosto,CON_FALLECIDOS,Colision Multiple,Imprudencia del conductor,30,FALLECIDO,HOMBRE,OTRO,73,FALLECIDO,MUJER,MOTOCICLETA,,,,
2022-10-02 08:49:07,-4.031677,-79.213141,Calle Quito,SOLO_DANOS,Choque Vehicular,Exceso de velocidad,,,,,,,,,,,,
2022-07-15 00:15:16,-3.986781,-79.226114,Av. 8 de Diciembre,CON_FALLECIDOS,Volcamiento,Exceso de velocidad,50,FALLECIDO,NO_REGISTRA,SCOOTER,32,FALLECIDO,NO_REGISTRA,SCOOTER,52,LESIONADO,MUJER,PEATON
2022-12-27 16:40:38,-4.018105,-79.180243,Calle Bolivar,SOLO_DANOS,Volcamiento,Estado de embriaguez,,,,,,,,,,,,
2022-03-21 17:51:23,-3.993157,-79.172649,Calle Quito,CON_LESIONADOS,Choque Vehicular,Falla mecanica,53,LESIONADO,HOMBRE,VEH_LIVIANO,,,,,,,,
2022-05-26 05:32:37,-3.989264,-79.218359,Via Loja - Catamayo,CON_FALLECIDOS,Incendio,Exceso de velocidad,19,FALLECIDO,NO_REGISTRA,MOTOCICLETA,64,FALLECIDO,HOMBRE,VEH_LIVIANO,11,LESIONADO,HOMBRE,SCOOTER
2022-08-28 10:57:03,-4.001643,-79.215190,Calle Imbabura,SOLO_DANOS,Caida,Visibilidad reducida,,,,,,,,,,,,
2022-04-06 15:55:52,-3.977331,-79.226971,Av. Cuxibamba,CON_FALLECIDOS,Accidente Laboral,Estado de embriaguez,26,FALLECIDO,MUJER,MOTOCICLETA,13,LESIONADO,NO_REGISTRA,PEATON,,,,
2022-02-24 20:15:51,-4.006170,-79.188071,Av. Universitaria,CON_FALLECIDOS,Colision Multiple,Estado de embriaguez,73,FALLECIDO,NO_REGISTRA,OTRO,40,LESIONADO,HOMBRE,SCOOTER,6,LESIONADO,NO_REGISTRA,OTRO
2022-06-29 18:48:04,-3.995492,-79.185053,Av. Orillas del Zamora,CON_LESIONADOS,Choque Vehicular,Via resbaladiza o mojada,77,LESIONADO,HOMBRE,OTRO,66,LESIONADO,MUJER,MOTOCICLETA,27,LESIONADO,NO_REGISTRA,OTRO
2022-03-19 15:00:24,-4.009042,-79.189032,Calle Rocafuerte,SOLO_DANOS,Colision Multiple,Via resbaladiza o mojada,,,,,,,,,,,,
2022-03-18 06:54:30,-3.982698,-79.184490,Calle Bolivar,SOLO_DANOS,Accidente Laboral,Estado de embriaguez,,,,,,,,,,,,
2022-07-10 12:11:03,-3.983780,-79.211608,Calle Rocafuerte,CON_FALLECIDOS,Colision Multiple,Imprudencia del conductor,35,FALLECIDO,HOMBRE,PEATON,32,LESIONADO,MUJER,OTRO,51,LESIONADO,HOMBRE,SCOOTER
2022-08-06 12:41:02,-3.986198,-79.201197,Calle Azogues,SOLO_DANOS,Accidente Laboral,Equipo de seguridad deficiente,,,,,,,,,,,,
2022-05-15 18:57:16,-3.990883,-79.230994,Av. Pio Jaramillo,CON_LESIONADOS,Accidente Laboral,Fatiga del conductor,49,LESIONADO,HOMBRE,PEATON,6,LESIONADO,MUJER,MOTOCICLETA,,,,
2022-07-06 10:45:35,-4.033058,-79.187158,Calle 10 de Agosto,CON_LESIONADOS,Accidente Laboral,Estado de embriaguez,29,LESIONADO,NO_REGISTRA,OTRO,,,,,,,,