fecha_hora,latitud,longitud,via,grado_severidad,tipo_siniestro,causa_probable,victima1_edad,victima1_condicion,victima1_sexo,victima1_actor_vial,victima2_edad,victima2_condicion,victima2_sexo,victima2_actor_vial,victima3_edad,victima3_condicion,victima3_sexo,victima3_actor_vial
2022-02-28 01:44:44,-4.029066,-79.185191,Av. Metropolitana,CON_LESIONADOS,Accidente Laboral,Distraccion (celular/radio),10,LESIONADO,MUJER,MOTOCICLETA,12,LESIONADO,NO_REGISTRA,SCOOTER,25,LESIONADO,HOMBRE,MOTOCICLETA
2022-07-22 04:09:46,-4.009753,-79.205294,Av. Pio Jaramillo,CON_FALLECIDOS,Incendio,Factores externos,46,FALLECIDO,MUJER,SCOOTER,60,FALLECIDO,MUJER,MOTOCICLETA,,,,
2022-02-15 02:40:54,-3.998552,-79.180642,Av. Orillas del Zamora,SOLO_DANOS,Colision Multiple,Visibilidad reducida,,,,,,,,,,,,
2022-10-11 19:24:38,-4.032096,-79.227854,Av. Pio Jaramillo,CON_LESIONADOS,Colision Multiple,Exceso de velocidad,44,LESIONADO,HOMBRE,OTRO,5,LESIONADO,MUJER,SCOOTER,34,LESIONADO,MUJER,PEATON
2022-11-01 13:20:11,-4.034192,-79.179059,Calle Saraguro,CON_FALLECIDOS,Accidente Laboral,Distraccion (celular/radio),57,FALLECIDO,HOMBRE,OTRO,,,,,,,,
2022-03-22 22:43:23,-4.034879,-79.178540,Av. Orillas del Zamora,CON_LESIONADOS,Caida,Inobservancia de senales,7,LESIONADO,NO_REGISTRA,CICLISTA,5,LESIONADO,NO_REGISTRA,SCOOTER,,,,
2022-05-08 13:12:16,-3.991590,-79.230490,Calle Saraguro,SOLO_DANOS,Choque Vehicular,Inobservancia de senales,,,,,,,,,,,,
2022-11-16 21:57:11,-4.025417,-79.197721,Av. Pio Jaramillo,CON_FALLECIDOS,Incendio,Distraccion (celular/radio),34,FALLECIDO,MUJER,MOTOCICLETA,55,LESIONADO,HOMBRE,OTRO,,,,
2022-11-10 08:01:40,-4.031364,-79.208210,Calle 18 de Noviembre,CON_FALLECIDOS,Accidente Laboral,Equipo de seguridad deficiente,27,FALLECIDO,NO_REGISTRA,VEH_LIVIANO,,,,,,,,
2022-06-16 01:56:36,-4.030714,-79.230029,Calle Ramon Borrero,SOLO_DANOS,Incendio,Fatiga del conductor,,,,,,,,,,,,
2022-01-20 10:14:17,-4.033617,-79.228094,Calle Sucre,CON_FALLECIDOS,Caida,Exceso de velocidad,52,FALLECIDO,MUJER,VEH_LIVIANO,19,FALLECIDO,HOMBRE,OTRO,57,LESIONADO,NO_REGISTRA,OTRO
2022-06-14 04:36:21,-4.005842,-79.213818,Via Loja - Zamora,CON_FALLECIDOS,Caida,Estado de embriaguez,80,FALLECIDO,NO_REGISTRA,CICLISTA,12,LESIONADO,HOMBRE,SCOOTER,79,LESIONADO,MUJER,SCOOTER
2022-08-26 23:00:06,-3.990106,-79.209750,Av. Metropolitana,SOLO_DANOS,Accidente Laboral,Falla mecanica,,,,,,,,,,,,
2022-12-09 09:13:00,-3.983248,-79.223142,Calle Mercadillo,CON_FALLECIDOS,Caida,Estado de embriaguez,49,FALLECIDO,NO_REGISTRA,OTRO,21,FALLECIDO,MUJER,CICLISTA,,,,
2022-09-01 12:17:14,-3.986928,-79.193431,Calle Saraguro,SOLO_DANOS,Colision Multiple,Visibilidad reducida,,,,,,,,,,,,
2022-04-27 02:33:45,-3.988636,-79.182911,Av. 8 de Diciembre,CON_LESIONADOS,Atropellamiento,Exceso de velocidad,36,LESIONADO,NO_REGISTRA,OTRO,,,,,,,,
2022-04-02 12:04:07,-4.030412,-79.209279,Av. Metropolitana,CON_LESIONADOS,Colision Multiple,Estado de embriaguez,78,LESIONADO,HOMBRE,MOTOCICLETA,46,LESIONADO,HOMBRE,VEH_LIVIANO,79,LESIONADO,NO_REGISTRA,CICLISTA
2022-05-14 11:54:23,-4.028107,-79.192589,Calle Azogues,CON_LESIONADOS,Colision Multiple,Exceso de velocidad,51,LESIONADO,HOMBRE,CICLISTA,61,LESIONADO,NO_REGISTRA,MOTOCICLETA,51,LESIONADO,NO_REGISTRA,VEH_LIVIANO
2022-04-15 03:42:35,-3.999269,-79.174998,Calle Bolivar,CON_LESIONADOS,Volcamiento,Equipo de seguridad deficiente,13,LESIONADO,MUJER,PEATON,65,LESIONADO,HOMBRE,CICLISTA,,,,
2022-03-22 15:29:20,-4.025481,-79.205691,Av. Metropolitana,CON_FALLECIDOS,Accidente Laboral,Inobservancia de senales,83,FALLECIDO,NO_REGISTRA,SCOOTER,7,LESIONADO,NO_REGISTRA,OTRO,,,,
2022-01-30 17:48:51,-4.020818,-79.183977,Calle Sucre,CON_LESIONADOS,Volcamiento,Falla mecanica,21,LESIONADO,HOMBRE,OTRO,59,LESIONADO,MUJER,MOTOCICLETA,,,,
2022-07-15 00:45:52,-4.026804,-79.220831,Calle Quito,CON_FALLECIDOS,Colision Multiple,Inobservancia de senales,28,FALLECIDO,HOMBRE,OTRO,31,FALLECIDO,HOMBRE,OTRO,,,,
2022-11-29 23:24:14,-3.991836,-79.214734,Calle Rocafuerte,SOLO_DANOS,Incendio,Equipo de seguridad deficiente,,,,,,,,,,,,
2022-10-10 03:48:37,-4.036453,-79.174524,Via Loja - Zamora,SOLO_DANOS,Accidente Laboral,Equipo de seguridad deficiente,,,,,,,,,,,,
2022-06-06 02:49:12,-4.002584,-79.213549,Calle Miguel Riofrio,CON_FALLECIDOS,Colision Multiple,Fatiga del conductor,46,FALLECIDO,HOMBRE,VEH_LIVIANO,68,FALLECIDO,HOMBRE,OTRO,39,LESIONADO,NO_REGISTRA,PEATON
2022-02-05 01:26:13,-4.024796,-79.214106,Calle Colon,CON_FALLECIDOS,Accidente Laboral,Visibilidad reducida,54,FALLECIDO,MUJER,OTRO,55,LESIONADO,MUJER,CICLISTA,,,,
2022-10-08 13:21:09,-4.024891,-79.212813,Calle Colon,CON_FALLECIDOS,Atropellamiento,Exceso de velocidad,33,FALLECIDO,HOMBRE,CICLISTA,80,LESIONADO,HOMBRE,CICLISTA,,,,
2022-07-31 17:10:27,-3.990306,-79.197522,Calle 10 de Agosto,CON_FALLECIDOS,Incendio,Imprudencia del conductor,36,FALLECIDO,HOMBRE,CICLISTA,41,LESIONADO,NO_REGISTRA,SCOOTER,31,LESIONADO,HOMBRE,PEATON
2022-05-02 05:08:31,-4.018685,-79.194343,Calle Imbabura,CON_LESIONADOS,Colision Multiple,Falla mecanica,9,LESIONADO,HOMBRE,SCOOTER,75,LESIONADO,MUJER,OTRO,43,LESIONADO,MUJER,CICLISTA
2022-04-19 13:59:51,-4.020971,-79.173465,Av. Reinaldo Espinosa,CON_LESIONADOS,Volcamiento,Exceso de velocidad,57,LESIONADO,MUJER,CICLISTA,73,LESIONADO,NO_REGISTRA,OTRO,,,,
2022-03-31 19:15:35,-4.026847,-79.200417,Calle Rocafuerte,CON_LESIONADOS,Accidente Laboral,Distraccion (celular/radio),29,LESIONADO,MUJER,VEH_LIVIANO,,,,,,,,
2022-04-16 23:17:30,-3.987550,-79.218969,Calle Imbabura,SOLO_DANOS,Colision Multiple,Distraccion (celular/radio),,,,,,,,,,,,
2022-10-27 23:39:39,-4.016450,-79.177239,Calle Sucre,CON_LESIONADOS,Colision Multiple,Factores externos,12,LESIONADO,NO_REGISTRA,OTRO,73,LESIONADO,NO_REGISTRA,OTRO,,,,
2022-05-16 01:05:29,-4.005015,-79.177454,Calle Azogues,CON_FALLECIDOS,Accidente Laboral,Via resbaladiza o mojada,84,FALLECIDO,HOMBRE,OTRO,,,,,,,,
2022-09-19 21:39:56,-4.006702,-79.185596,Av. Isidro Ayora,SOLO_DANOS,Accidente Laboral,Fatiga del conductor,,,,,,,,,,,,
2022-02-11 10:12:07,-3.977837,-79.230995,Av. Orillas del Zamora,SOLO_DANOS,Caida,Visibilidad reducida,,,,,,,,,,,,
2022-02-06 12:55:39,-4.009112,-79.172589,Av. Isidro Ayora,SOLO_DANOS,Choque Vehicular,Falla mecanica,,,,,,,,,,,,
2022-08-04 09:50:45,-4.029880,-79.174771,Calle Montufar,SOLO_DANOS,Atropellamiento,Visibilidad reducida,,,,,,,,,,,,
2022-11-26 04:28:23,-4.015339,-79.213590,Calle Sucre,CON_LESIONADOS,Incendio,Inobservancia de senales,25,LESIONADO,MUJER,SCOOTER,67,LESIONADO,HOMBRE,VEH_LIVIANO,39,LESIONADO,MUJER,SCOOTER
2022-11-16 20:37:32,-3.988598,-79.201472,Av. Orillas del Zamora,CON_FALLECIDOS,Colision Multiple,Visibilidad reducida,77,FALLECIDO,NO_REGISTRA,CICLISTA,32,FALLECIDO,NO_REGISTRA,SCOOTER,42,LESIONADO,MUJER,SCOOTER
2022-08-28 19:10:20,-4.022439,-79.228949,Av. Universitaria,SOLO_DANOS,Choque Vehicular,Visibilidad reducida,,,,,,,,,,,,
2022-10-10 07:08:24,-4.009215,-79.203639,Calle Sucre,CON_LESIONADOS,Caida,Visibilidad reducida,53,LESIONADO,MUJER,CICLISTA,,,,,,,,
2022-11-12 11:23:14,-3.989262,-79.183486,Calle Saraguro,CON_FALLECIDOS,Choque Vehicular,Estado de embriaguez,46,FALLECIDO,NO_REGISTRA,PEATON,66,FALLECIDO,HOMBRE,PEATON,45,LESIONADO,MUJER,PEATON
2022-01-25 17:28:33,-4.009740,-79.172464,Av. Rosa Hermosa,SOLO_DANOS,Caida,Visibilidad reducida,8,LESIONADO,NO_REGISTRA,SCOOTER,,,,,,,,
2022-11-20 20:18:26,-3.997290,-79.223764,Calle Colon,CON_FALLECIDOS,Volcamiento,Exceso de velocidad,58,FALLECIDO,HOMBRE,CICLISTA,39,FALLECIDO,HOMBRE,CICLISTA,,,,
2022-08-13 03:26:59,-4.016795,-79.174230,Calle Sucre,CON_LESIONADOS,Volcamiento,Fatiga del conductor,73,LESIONADO,NO_REGISTRA,CICLISTA,,,,,,,,
2022-01-18 04:20:08,-3.993512,-79.216710,Av. Cuxibamba,CON_FALLECIDOS,Atropellamiento,Visibilidad reducida,32,FALLECIDO,MUJER,VEH_LIVIANO,71,FALLECIDO,MUJER,OTRO,45,LESIONADO,NO_REGISTRA,MOTOCICLETA
2022-05-20 03:02:48,-4.018398,-79.176610,Calle Rocafuerte,SOLO_DANOS,Caida,Falla mecanica,,,,,,,,,,,,
2022-10-27 10:40:45,-4.032858,-79.174204,Av. Cuxibamba,SOLO_DANOS,Accidente Laboral,Falla mecanica,,,,,,,,,,,,
2022-03-13 06:49:46,-4.022722,-79.181631,Calle Mercadillo,SOLO_DANOS,Choque Vehicular,Fatiga del conductor,,,,,,,,,,,,
2022-12-05 17:27:24,-4.014916,-79.176122,Via Loja - Catamayo,CON_LESIONADOS,Accidente Laboral,Fatiga del conductor,34,LESIONADO,HOMBRE,CICLISTA,79,LESIONADO,HOMBRE,CICLISTA,52,LESIONADO,NO_REGISTRA,PEATON
2022-09-02 01:13:21,-3.983679,-79.171190,Calle Ramon Borrero,CON_FALLECIDOS,Choque Vehicular,Via resbaladiza o mojada,48,FALLECIDO,MUJER,CICLISTA,70,FALLECIDO,HOMBRE,OTRO,,,,
2022-05-13 17:56:49,-3.993005,-79.222762,Calle 10 de Agosto,CON_LESIONADOS,Choque Vehicular,Equipo de seguridad deficiente,53,LESIONADO,HOMBRE,CICLISTA,21,LESIONADO,NO_REGISTRA,CICLISTA,,,,
2022-10-31 00:54:54,-3.978901,-79.201198,Av. Rosa Hermosa,CON_FALLECIDOS,Colision Multiple,Estado de embriaguez,56,FALLECIDO,HOMBRE,PEATON,6,LESIONADO,HOMBRE,OTRO,35,LESIONADO,MUJER,SCOOTER
2022-04-24 21:44:59,-4.036118,-79.172975,Av. Pio Jaramillo,CON_LESIONADOS,Colision Multiple,Distraccion (celular/radio),31,LESIONADO,NO_REGISTRA,SCOOTER,37,LESIONADO,HOMBRE,CICLISTA,13,LESIONADO,MUJER,VEH_LIVIANO
2022-08-12 22:14:47,-4.006084,-79.217715,Calle Montufar,SOLO_DANOS,Colision Multiple,Falla mecanica,31,LESIONADO,HOMBRE,VEH_LIVIANO,,,,,,,,
2022-08-12 08:07:50,-4.032669,-79.214447,Via Loja - Catamayo,CON_LESIONADOS,Accidente Laboral,Visibilidad reducida,64,LESIONADO,NO_REGISTRA,MOTOCICLETA,72,LESIONADO,MUJER,PEATON,20,LESIONADO,NO_REGISTRA,VEH_LIVIANO
2022-07-13 06:20:23,-4.001100,-79.214321,Ruta 35,CON_LESIONADOS,Colision Multiple,Imprudencia del conductor,10,LESIONADO,HOMBRE,CICLISTA,,,,,,,,
2022-12-12 07:26:42,-3.983938,-79.186767,Av. Reinaldo Espinosa,CON_LESIONADOS,Colision Multiple,Equipo de seguridad deficiente,28,LESIONADO,NO_REGISTRA,MOTOCICLETA,44,LESIONADO,NO_REGISTRA,SCOOTER,21,LESIONADO,MUJER,OTRO
2022-10-14 06:06:43,-3.981568,-79.186243,Av. Pio Jaramillo,CON_LESIONADOS,Incendio,Equipo de seguridad deficiente,35,LESIONADO,MUJER,VEH_LIVIANO,72,LESIONADO,HOMBRE,SCOOTER,,,,
2022-06-04 07:24:16,-3.978765,-79.205968,Via Loja - Zamora,CON_FALLECIDOS,Atropellamiento,Distraccion (celular/radio),19,FALLECIDO,NO_REGISTRA,PEATON,80,FALLECIDO,HOMBRE,VEH_LIVIANO,,,,
2022-01-06 11:04:37,-4.013776,-79.222770,Calle Rocafuerte,CON_LESIONADOS,Atropellamiento,Falla mecanica,8,LESIONADO,HOMBRE,MOTOCICLETA,,,,,,,,
2022-10-15 03:23:41,-4.014075,-79.201740,Av. Orillas del Zamora,CON_LESIONADOS,Incendio,Falla mecanica,13,LESIONADO,MUJER,PEATON,,,,,,,,
2022-10-07 04:36:56,-4.022545,-79.225605,Av. Universitaria,CON_FALLECIDOS,Colision Multiple,Visibilidad reducida,79,FALLECIDO,MUJER,VEH_LIVIANO,66,FALLECIDO,HOMBRE,MOTOCICLETA,42,LESIONADO,MUJER,VEH_LIVIANO
2022-01-16 03:21:18,-4.006092,-79.220829,Av. Isidro Ayora,CON_FALLECIDOS,Colision Multiple,Imprudencia del conductor,55,FALLECIDO,HOMBRE,CICLISTA,52,LESIONADO,HOMBRE,CICLISTA,,,,
2022-02-13 09:08:26,-3.991546,-79.187766,Calle Bolivar,CON_LESIONADOS,Incendio,Fatiga del conductor,80,LESIONADO,MUJER,SCOOTER,71,LESIONADO,MUJER,MOTOCICLETA,44,LESIONADO,NO_REGISTRA,VEH_LIVIANO
2022-12-26 22:02:31,-4.030487,-79.208196,Calle Ramon Borrero,CON_FALLECIDOS,Volcamiento,Imprudencia del conductor,64,FALLECIDO,NO_REGISTRA,MOTOCICLETA,,,,,,,,
2022-01-07 21:02:25,-4.009180,-79.228332,Av. Rosa Hermosa,CON_LESIONADOS,Caida,Imprudencia del conductor,41,LESIONADO,MUJER,OTRO,68,LESIONADO,HOMBRE,MOTOCICLETA,33,LESIONADO,HOMBRE,MOTOCICLETA
2022-04-11 14:12:56,-4.035329,-79.228069,Calle Bolivar,CON_LESIONADOS,Colision Multiple,Distraccion (celular/radio),47,LESIONADO,NO_REGISTRA,MOTOCICLETA,10,LESIONADO,MUJER,SCOOTER,8,LESIONADO,NO_REGISTRA,PEATON
2022-05-05 08:54:57,-4.034454,-79.216799,Calle Imbabura,CON_FALLECIDOS,Atropellamiento,Imprudencia del conductor,59,FALLECIDO,HOMBRE,SCOOTER,35,FALLECIDO,MUJER,VEH_LIVIANO,46,LESIONADO,HOMBRE,SCOOTER
2022-10-21 01:48:53,-3.993812,-79.185320,Calle Colon,SOLO_DANOS,Caida,Mal estado de la via,,,,,,,,,,,,
2022-05-26 19:54:14,-3.988307,-79.196960,Calle Ramon Borrero,SOLO_DANOS,Volcamiento,Mal estado de la via,,,,,,,,,,,,
2022-06-26 08:43:15,-4.031929,-79.212196,Calle 18 de Noviembre,CON_LESIONADOS,Choque Vehicular,Imprudencia del conductor,6,LESIONADO,MUJER,OTRO,,,,,,,,
2022-01-20 06:57:24,-3.994122,-79.200493,Calle Sucre,CON_LESIONADOS,Volcamiento,Fatiga del conductor,17,LESIONADO,MUJER,MOTOCICLETA,,,,,,,,
2022-01-20 10:28:39,-3.999984,-79.190902,Av. Pio Jaramillo,SOLO_DANOS,Choque Vehicular,Estado de embriaguez,,,,,,,,,,,,
2022-04-23 20:16:52,-3.984642,-79.208227,Av. Pio Jaramillo,CON_FALLECIDOS,Incendio,Visibilidad reducida,74,FALLECIDO,HOMBRE,PEATON,64,LESIONADO,NO_REGISTRA,SCOOTER,,,,
2022-02-27 15:18:03,-3.988866,-79.219424,Av. Gran Colombia,SOLO_DANOS,Accidente Laboral,Inobservancia de senales,,,,,,,,,,,,
2022-11-29 22:11:03,-4.004233,-79.175598,Av. Rosa Hermosa,SOLO_DANOS,Atropellamiento,Exceso de velocidad,,,,,,,,,,,,
2022-11-06 12:17:23,-4.000526,-79.174460,Calle 18 de Noviembre,SOLO_DANOS,Volcamiento,Factores externos,21,LESIONADO,MUJER,PEATON,,,,,,,,
2022-06-08 02:48:00,-4.029106,-79.204076,Calle Azogues,CON_LESIONADOS,Volcamiento,Via resbaladiza o mojada,52,LESIONADO,MUJER,MOTOCICLETA,36,LESIONADO,MUJER,MOTOCICLETA,,,,
2022-03-10 08:57:56,-3.989100,-79.220712,Calle 18 de Noviembre,CON_FALLECIDOS,Colision Multiple,Fatiga del conductor,27,FALLECIDO,NO_REGISTRA,PEATON,78,FALLECIDO,HOMBRE,MOTOCICLETA,51,LESIONADO,NO_REGISTRA,VEH_LIVIANO
2022-08-24 06:14:19,-4.014810,-79.219868,Calle Ramon Borrero,CON_LESIONADOS,Caida,Imprudencia del conductor,42,LESIONADO,MUJER,MOTOCICLETA,,,,,,,,
2022-01-11 04:15:42,-4.001743,-79.183934,Calle Imbabura,CON_LESIONADOS,Accidente Laboral,Imprudencia del conductor,15,LESIONADO,NO_REGISTRA,VEH_LIVIANO,,,,,,,,
2022-04-04 22:16:23,-4.025575,-79.201746,Via Loja - Catamayo,CON_LESIONADOS,Colision Multiple,Inobservancia de senales,34,LESIONADO,NO_REGISTRA,VEH_LIVIANO,70,LESIONADO,MUJER,MOTOCICLETA,7,LESIONADO,NO_REGISTRA,SCOOTER
2022-11-28 07:26:19,-4.030370,-79.201067,Calle Quito,SOLO_DANOS,Colision Multiple,Estado de embriaguez,,,,,,,,,,,,
2022-11-24 11:59:25,-4.015335,-79.199123,Calle Imbabura,CON_LESIONADOS,Incendio,Visibilidad reducida,29,LESIONADO,HOMBRE,PEATON,45,LESIONADO,MUJER,SCOOTER,29,LESIONADO,NO_REGISTRA,SCOOTER
2022-12-21 20:59:18,-4.003448,-79.193446,Av. 8 de Diciembre,SOLO_DANOS,Atropellamiento,Visibilidad reducida,,,,,,,,,,,,
2022-02-16 05:05:45,-4.025574,-79.198113,Av. Gran Colombia,CON_LESIONADOS,Accidente Laboral,Mal estado de la via,22,LESIONADO,MUJER,SCOOTER,33,LESIONADO,NO_REGISTRA,VEH_LIVIANO,13,LESIONADO,MUJER,SCOOTER
2022-01-05 05:13:55,-3.979121,-79.229097,Via Loja - Catamayo,CON_LESIONADOS,Choque Vehicular,Mal estado de la via,72,LESIONADO,NO_REGISTRA,PEATON,19,LESIONADO,NO_REGISTRA,CICLISTA,47,LESIONADO,MUJER,MOTOCICLETA
2022-04-19 06:50:20,-3.984237,-79.176457,Calle Azogues,SOLO_DANOS,Colision Multiple,Estado de embriaguez,,,,,,,,,,,,
2022-06-25 01:36:50,-4.007145,-79.183323,Via Loja - Zamora,SOLO_DANOS,Incendio,Inobservancia de senales,,,,,,,,,,,,
2022-04-25 04:19:42,-4.017663,-79.178552,Calle Imbabura,CON_LESIONADOS,Accidente Laboral,Exceso de velocidad,75,LESIONADO,HOMBRE,MOTOCICLETA,26,LESIONADO,HOMBRE,CICLISTA,16,LESIONADO,HOMBRE,OTRO
2022-07-06 09:52:36,-4.007762,-79.225755,Av. Universitaria,SOLO_DANOS,Colision Multiple,Distraccion (celular/radio),,,,,,,,,,,,
2022-06-19 05:08:07,-3.999121,-79.184466,Via Loja - Catamayo,CON_LESIONADOS,Colision Multiple,Fatiga del conductor,27,LESIONADO,MUJER,OTRO,61,LESIONADO,HOMBRE,PEATON,,,,
2022-12-25 10:39:53,-4.029404,-79.200926,Calle Saraguro,SOLO_DANOS,Incendio,Factores externos,,,,,,,,,,,,
2022-07-27 01:44:40,-4.027353,-79.190083,Via Loja - Zamora,SOLO_DANOS,Incendio,Inobservancia de senales,32,LESIONADO,NO_REGISTRA,VEH_LIVIANO,,,,,,,,
2022-12-11 20:51:18,-3.980996,-79.213211,Calle Montufar,SOLO_DANOS,Volcamiento,Mal estado de la via,,,,,,,,,,,,
2022-12-02 02:01:25,-3.998883,-79.208372,Av. Pio Jaramillo,CON_LESIONADOS,Volcamiento,Factores externos,22,LESIONADO,MUJER,PEATON,,,,,,,,
2022-10-16 12:54:54,-4.028686,-79.173245,Calle Rocafuerte,CON_LESIONADOS,Choque Vehicular,Equipo de seguridad deficiente,78,LESIONADO,HOMBRE,VEH_LIVIANO,49,LESIONADO,HOMBRE,MOTOCICLETA,44,LESIONADO,HOMBRE,CICLISTA
2022-10-28 21:08:37,-3.987295,-79.198553,Av. Isidro Ayora,CON_FALLECIDOS,Colision Multiple,Inobservancia de senales,20,FALLECIDO,NO_REGISTRA,MOTOCICLETA,31,FALLECIDO,NO_REGISTRA,OTRO,34,LESIONADO,MUJER,OTRO
2022-07-18 20:28:48,-3.990960,-79.195815,Av. Gran Colombia,CON_LESIONADOS,Colision Multiple,Estado de embriaguez,49,LESIONADO,NO_REGISTRA,CICLISTA,57,LESIONADO,MUJER,VEH_LIVIANO,,,,
2022-07-07 05:12:30,-4.011068,-79.215710,Via Loja - Zamora,CON_LESIONADOS,Choque Vehicular,Factores externos,17,LESIONADO,HOMBRE,PEATON,68,LESIONADO,NO_REGISTRA,VEH_LIVIANO,68,LESIONADO,MUJER,MOTOCICLETA
2022-01-05 17:57:16,-4.028469,-79.199834,Av. Gran Colombia,CON_LESIONADOS,Colision Multiple,Exceso de velocidad,37,LESIONADO,MUJER,SCOOTER,35,LESIONADO,MUJER,CICLISTA,,,,
2022-01-31 13:43:33,-4.014688,-79.193938,Av. Universitaria,SOLO_DANOS,Incendio,Inobservancia de senales,43,LESIONADO,HOMBRE,CICLISTA,,,,,,,,
2022-09-16 10:17:52,-4.024105,-79.228046,Av. Gran Colombia,SOLO_DANOS,Choque Vehicular,Inobservancia de senales,,,,,,,,,,,,
2022-05-28 08:44:24,-4.003421,-79.197288,Calle Miguel Riofrio,SOLO_DANOS,Incendio,Estado de embriaguez,,,,,,,,,,,,
2022-05-20 09:46:01,-4.010670,-79.204427,Via Loja - Zamora,CON_LESIONADOS,Caida,Via resbaladiza o mojada,28,LESIONADO,HOMBRE,OTRO,24,LESIONADO,HOMBRE,CICLISTA,37,LESIONADO,MUJER,VEH_LIVIANO
2022-09-25 21:51:57,-3.989298,-79.186544,Calle 18 de Noviembre,SOLO_DANOS,Incendio,Exceso de velocidad,,,,,,,,,,,,
2022-08-13 21:45:03,-4.012698,-79.194237,Calle Miguel Riofrio,CON_LESIONADOS,Accidente Laboral,Fatiga del conductor,16,LESIONADO,MUJER,PEATON,22,LESIONADO,HOMBRE,PEATON,14,LESIONADO,NO_REGISTRA,SCOOTER
2022-12-31 11:15:42,-3.982350,-79.221396,Av. Rosa Hermosa,SOLO_DANOS,Incendio,Estado de embriaguez,,,,,,,,,,,,
2022-08-13 16:55:54,-4.036104,-79.173306,Calle Quito,CON_FALLECIDOS,Caida,Inobservancia de senales,66,FALLECIDO,HOMBRE,VEH_LIVIANO,53,LESIONADO,MUJER,CICLISTA,,,,
2022-10-10 22:34:20,-3.992665,-79.223688,Calle Quito,CON_LESIONADOS,Atropellamiento,Exceso de velocidad,79,LESIONADO,HOMBRE,VEH_LIVIANO,,,,,,,,
2022-07-02 22:42:19,-4.024291,-79.184435,Calle Azogues,CON_LESIONADOS,Accidente Laboral,Equipo de seguridad deficiente,33,LESIONADO,MUJER,CICLISTA,,,,,,,,
2022-03-15 10:59:03,-4.030942,-79.222168,Calle Ramon Borrero,CON_FALLECIDOS,Atropellamiento,Mal estado de la via,65,FALLECIDO,HOMBRE,MOTOCICLETA,,,,,,,,
2022-10-25 01:00:07,-3.980638,-79.218286,Calle Colon,CON_FALLECIDOS,Caida,Falla mecanica,62,FALLECIDO,MUJER,OTRO,70,FALLECIDO,MUJER,PEATON,59,LESIONADO,HOMBRE,SCOOTER
2022-09-13 22:05:59,-4.015514,-79.195253,Calle Miguel Riofrio,CON_LESIONADOS,Accidente Laboral,Factores externos,55,LESIONADO,NO_REGISTRA,SCOOTER,44,LESIONADO,HOMBRE,SCOOTER,,,,
2022-06-10 12:01:04,-3.989508,-79.199701,Via Loja - Catamayo,SOLO_DANOS,Atropellamiento,Fatiga del conductor,,,,,,,,,,,,
2022-05-26 10:57:27,-4.011447,-79.214158,Av. Pio Jaramillo,CON_FALLECIDOS,Choque Vehicular,Via resbaladiza o mojada,84,FALLECIDO,MUJER,CICLISTA,58,FALLECIDO,NO_REGISTRA,OTRO,46,LESIONADO,MUJER,OTRO
2022-03-01 22:48:44,-3.978911,-79.217155,Av. Cuxibamba,SOLO_DANOS,Accidente Laboral,Mal estado de la via,,,,,,,,,,,,
2022-02-05 19:54:34,-4.013630,-79.208173,Via Loja - Zamora,CON_FALLECIDOS,Choque Vehicular,Imprudencia del conductor,30,FALLECIDO,HOMBRE,CICLISTA,57,FALLECIDO,MUJER,SCOOTER,16,LESIONADO,MUJER,PEATON
2022-06-25 23:27:29,-4.032169,-79.193778,Calle 18 de Noviembre,CON_LESIONADOS,Incendio,Estado de embriaguez,62,LESIONADO,MUJER,MOTOCICLETA,62,LESIONADO,HOMBRE,VEH_LIVIANO,27,LESIONADO,HOMBRE,SCOOTER
2022-12-15 00:52:16,-3.982321,-79.219124,Av. Manuel Agustin Aguirre,SOLO_DANOS,Caida,Equipo de seguridad deficiente,,,,,,,,,,,,
2022-12-28 07:36:08,-4.030315,-79.224140,Calle Ramon Borrero,CON_LESIONADOS,Atropellamiento,Exceso de velocidad,20,LESIONADO,NO_REGISTRA,MOTOCICLETA,53,LESIONADO,MUJER,PEATON,,,,
2022-06-01 06:07:16,-3.997460,-79.226381,Calle 10 de Agosto,SOLO_DANOS,Colision Multiple,Fatiga del conductor,,,,,,,,,,,,
2022-03-30 19:30:40,-4.007444,-79.192651,Calle Miguel Riofrio,CON_LESIONADOS,Incendio,Estado de embriaguez,58,LESIONADO,MUJER,OTRO,42,LESIONADO,NO_REGISTRA,MOTOCICLETA,,,,
2022-07-31 10:03:00,-3.997510,-79.203666,Calle 18 de Noviembre,SOLO_DANOS,Caida,Via resbaladiza o mojada,,,,,,,,,,,,
2022-05-21 18:36:54,-3.995741,-79.208214,Calle Rocafuerte,CON_LESIONADOS,Choque Vehicular,Via resbaladiza o mojada,62,LESIONADO,MUJER,SCOOTER,73,LESIONADO,NO_REGISTRA,MOTOCICLETA,20,LESIONADO,NO_REGISTRA,SCOOTER
2022-08-09 12:27:08,-3.989941,-79.183517,Calle Sucre,CON_LESIONADOS,Volcamiento,Via resbaladiza o mojada,53,LESIONADO,HOMBRE,VEH_LIVIANO,,,,,,,,
2022-07-14 22:11:48,-4.021950,-79.228689,Av. Orillas del Zamora,CON_FALLECIDOS,Colision Multiple,Distraccion (celular/radio),85,FALLECIDO,NO_REGISTRA,PEATON,34,FALLECIDO,HOMBRE,SCOOTER,32,LESIONADO,NO_REGISTRA,VEH_LIVIANO