fecha_hora,latitud,longitud,via,grado_severidad,tipo_siniestro,causa_probable,victima1_edad,victima1_condicion,victima1_sexo,victima1_actor_vial,victima2_edad,victima2_condicion,victima2_sexo,victima2_actor_vial,victima3_edad,victima3_condicion,victima3_sexo,victima3_actor_vial
2022-03-13 06:56:42,-4.015026,-79.190873,Av. Manuel Agustin Aguirre,CON_FALLECIDOS,Colision Multiple,Falla mecanica,85,FALLECIDO,HOMBRE,CICLISTA,21,FALLECIDO,HOMBRE,SCOOTER,74,LESIONADO,HOMBRE,CICLISTA
2022-04-02 23:22:06,-4.026364,-79.185855,Av. Manuel Agustin Aguirre,CON_FALLECIDOS,Choque Vehicular,Falla mecanica,21,FALLECIDO,HOMBRE,PEATON,71,FALLECIDO,NO_REGISTRA,MOTOCICLETA,,,,
2022-11-13 13:41:05,-4.024044,-79.173609,Calle Imbabura,SOLO_DANOS,Atropellamiento,Exceso de velocidad,34,LESIONADO,HOMBRE,CICLISTA,,,,,,,,
2022-05-15 16:17:55,-4.026320,-79.173536,Av. Rosa Hermosa,CON_LESIONADOS,Accidente Laboral,Via resbaladiza o mojada,62,LESIONADO,HOMBRE,OTRO,24,LESIONADO,NO_REGISTRA,PEATON,,,,
2022-05-23 12:04:25,-4.032452,-79.189956,Calle Imbabura,SOLO_DANOS,Caida,Inobservancia de senales,,,,,,,,,,,,
2022-09-23 15:04:45,-3.988804,-79.186051,Av. 8 de Diciembre,CON_LESIONADOS,Caida,Mal estado de la via,20,LESIONADO,NO_REGISTRA,CICLISTA,51,LESIONADO,NO_REGISTRA,PEATON,,,,
2022-04-28 01:49:47,-4.030902,-79.207958,Av. 8 de Diciembre,CON_LESIONADOS,Caida,Fatiga del conductor,35,LESIONADO,MUJER,OTRO,23,LESIONADO,MUJER,CICLISTA,,,,
2022-10-14 00:47:20,-4.028909,-79.172405,Av. Reinaldo Espinosa,SOLO_DANOS,Volcamiento,Equipo de seguridad deficiente,,,,,,,,,,,,
2022-11-13 19:32:00,-4.013851,-79.229401,Av. Metropolitana,CON_FALLECIDOS,Colision Multiple,Fatiga del conductor,78,FALLECIDO,NO_REGISTRA,CICLISTA,20,FALLECIDO,NO_REGISTRA,OTRO,,,,
2022-07-07 22:37:36,-3.999096,-79.185115,Calle Miguel Riofrio,CON_FALLECIDOS,Volcamiento,Via resbaladiza o mojada,70,FALLECIDO,HOMBRE,PEATON,48,FALLECIDO,HOMBRE,SCOOTER,15,LESIONADO,NO_REGISTRA,SCOOTER
2022-06-23 01:56:27,-4.031570,-79.171748,Av. 8 de Diciembre,CON_FALLECIDOS,Caida,Mal estado de la via,23,FALLECIDO,HOMBRE,CICLISTA,56,LESIONADO,MUJER,CICLISTA,62,LESIONADO,NO_REGISTRA,CICLISTA
2022-06-02 22:11:23,-4.018987,-79.222584,Ruta 35,CON_FALLECIDOS,Colision Multiple,Distraccion (celular/radio),37,FALLECIDO,MUJER,MOTOCICLETA,58,LESIONADO,MUJER,VEH_LIVIANO,12,LESIONADO,HOMBRE,SCOOTER
2022-09-13 09:14:45,-4.031765,-79.183844,Av. Isidro Ayora,SOLO_DANOS,Caida,Mal estado de la via,,,,,,,,,,,,
2022-04-14 10:32:25,-4.022340,-79.211919,Av. Orillas del Zamora,SOLO_DANOS,Accidente Laboral,Falla mecanica,48,LESIONADO,MUJER,SCOOTER,,,,,,,,
2022-03-07 20:11:48,-3.991409,-79.221713,Av. Isidro Ayora,SOLO_DANOS,Caida,Factores externos,,,,,,,,,,,,
2022-05-29 15:42:40,-4.003305,-79.173001,Av. Manuel Agustin Aguirre,CON_LESIONADOS,Choque Vehicular,Falla mecanica,54,LESIONADO,NO_REGISTRA,VEH_LIVIANO,47,LESIONADO,HOMBRE,OTRO,,,,
2022-02-18 14:48:04,-3.985625,-79.185889,Av. Orillas del Zamora,SOLO_DANOS,Colision Multiple,Falla mecanica,,,,,,,,,,,,
2022-11-12 13:35:52,-4.017636,-79.175760,Via Loja - Zamora,CON_FALLECIDOS,Colision Multiple,Fatiga del conductor,60,FALLECIDO,HOMBRE,MOTOCICLETA,63,LESIONADO,HOMBRE,SCOOTER,,,,
2022-04-02 19:49:27,-3.991335,-79.229701,Calle Miguel Riofrio,CON_FALLECIDOS,Atropellamiento,Distraccion (celular/radio),85,FALLECIDO,MUJER,SCOOTER,58,FALLECIDO,NO_REGISTRA,MOTOCICLETA,24,LESIONADO,MUJER,OTRO
2022-11-11 16:24:23,-4.031205,-79.202988,Calle Imbabura,CON_LESIONADOS,Volcamiento,Equipo de seguridad deficiente,10,LESIONADO,MUJER,CICLISTA,73,LESIONADO,MUJER,VEH_LIVIANO,52,LESIONADO,HOMBRE,SCOOTER
2022-11-25 19:26:41,-3.983164,-79.210115,Calle 10 de Agosto,CON_LESIONADOS,Accidente Laboral,Visibilidad reducida,64,LESIONADO,HOMBRE,MOTOCICLETA,33,LESIONADO,HOMBRE,VEH_LIVIANO,28,LESIONADO,HOMBRE,OTRO
2022-01-16 20:10:33,-3.997089,-79.187146,Calle Imbabura,CON_FALLECIDOS,Incendio,Estado de embriaguez,74,FALLECIDO,MUJER,VEH_LIVIANO,48,FALLECIDO,HOMBRE,MOTOCICLETA,73,LESIONADO,MUJER,VEH_LIVIANO
2022-05-19 04:25:22,-3.988573,-79.228231,Av. Isidro Ayora,SOLO_DANOS,Atropellamiento,Falla mecanica,,,,,,,,,,,,
2022-08-17 23:47:09,-4.025196,-79.208441,Av. 8 de Diciembre,CON_FALLECIDOS,Accidente Laboral,Imprudencia del conductor,82,FALLECIDO,HOMBRE,MOTOCICLETA,9,LESIONADO,MUJER,PEATON,,,,
2022-01-27 07:53:25,-3.998859,-79.224281,Av. Orillas del Zamora,CON_FALLECIDOS,Volcamiento,Exceso de velocidad,37,FALLECIDO,HOMBRE,SCOOTER,60,LESIONADO,MUJER,OTRO,,,,
2022-07-21 07:27:38,-3.997808,-79.226329,Calle Ramon Borrero,CON_FALLECIDOS,Choque Vehicular,Falla mecanica,24,FALLECIDO,NO_REGISTRA,VEH_LIVIANO,26,FALLECIDO,NO_REGISTRA,OTRO,,,,
2022-10-19 17:26:02,-3.992946,-79.212157,Via Loja - Catamayo,SOLO_DANOS,Accidente Laboral,Equipo de seguridad deficiente,,,,,,,,,,,,
2022-09-17 11:43:57,-4.030626,-79.190271,Calle Bolivar,SOLO_DANOS,Choque Vehicular,Visibilidad reducida,,,,,,,,,,,,
2022-07-21 23:27:06,-3.978136,-79.187020,Calle Colon,CON_LESIONADOS,Atropellamiento,Distraccion (celular/radio),13,LESIONADO,HOMBRE,OTRO,,,,,,,,
2022-06-19 07:29:04,-3.987714,-79.203523,Av. 8 de Diciembre,CON_LESIONADOS,Choque Vehicular,Inobservancia de senales,9,LESIONADO,HOMBRE,SCOOTER,67,LESIONADO,MUJER,PEATON,,,,
2022-12-13 09:22:58,-3.991291,-79.205271,Av. Isidro Ayora,CON_FALLECIDOS,Accidente Laboral,Fatiga del conductor,19,FALLECIDO,HOMBRE,SCOOTER,18,FALLECIDO,HOMBRE,SCOOTER,8,LESIONADO,NO_REGISTRA,MOTOCICLETA
2022-07-22 22:26:21,-3.990265,-79.200970,Av. Pio Jaramillo,SOLO_DANOS,Incendio,Mal estado de la via,,,,,,,,,,,,
2022-10-10 07:38:30,-4.003860,-79.184026,Av. Pio Jaramillo,CON_LESIONADOS,Atropellamiento,Via resbaladiza o mojada,76,LESIONADO,HOMBRE,PEATON,11,LESIONADO,NO_REGISTRA,SCOOTER,,,,
2022-02-26 01:52:22,-4.025297,-79.213450,Calle Sucre,SOLO_DANOS,Volcamiento,Inobservancia de senales,68,LESIONADO,MUJER,SCOOTER,,,,,,,,
2022-04-12 17:34:00,-4.033428,-79.222646,Av. Cuxibamba,CON_FALLECIDOS,Accidente Laboral,Imprudencia del conductor,75,FALLECIDO,MUJER,OTRO,27,FALLECIDO,MUJER,MOTOCICLETA,36,LESIONADO,HOMBRE,MOTOCICLETA
2022-06-02 20:37:44,-4.008958,-79.202068,Calle Ramon Borrero,SOLO_DANOS,Volcamiento,Fatiga del conductor,,,,,,,,,,,,
2022-07-09 14:09:36,-4.007229,-79.223394,Calle Mercadillo,CON_LESIONADOS,Accidente Laboral,Equipo de seguridad deficiente,24,LESIONADO,MUJER,VEH_LIVIANO,22,LESIONADO,MUJER,CICLISTA,26,LESIONADO,NO_REGISTRA,VEH_LIVIANO
2022-06-03 15:59:29,-4.014982,-79.174340,Calle 18 de Noviembre,CON_LESIONADOS,Accidente Laboral,Exceso de velocidad,54,LESIONADO,NO_REGISTRA,MOTOCICLETA,37,LESIONADO,HOMBRE,CICLISTA,,,,
2022-12-27 18:32:07,-4.028698,-79.222838,Av. Isidro Ayora,CON_FALLECIDOS,Caida,Factores externos,48,FALLECIDO,MUJER,CICLISTA,67,LESIONADO,HOMBRE,OTRO,69,LESIONADO,HOMBRE,MOTOCICLETA
2022-01-09 09:13:50,-3.993005,-79.175854,Calle Colon,CON_FALLECIDOS,Choque Vehicular,Via resbaladiza o mojada,48,FALLECIDO,HOMBRE,VEH_LIVIANO,25,FALLECIDO,NO_REGISTRA,VEH_LIVIANO,,,,
2022-01-03 19:42:52,-4.033411,-79.194881,Calle Saraguro,CON_LESIONADOS,Colision Multiple,Inobservancia de senales,80,LESIONADO,NO_REGISTRA,MOTOCICLETA,21,LESIONADO,MUJER,OTRO,49,LESIONADO,HOMBRE,VEH_LIVIANO
2022-08-14 06:40:50,-3.995491,-79.187620,Via Loja - Catamayo,SOLO_DANOS,Accidente Laboral,Imprudencia del conductor,,,,,,,,,,,,
2022-02-14 03:01:50,-4.006097,-79.198736,Calle Rocafuerte,SOLO_DANOS,Colision Multiple,Inobservancia de senales,,,,,,,,,,,,
2022-09-13 17:20:06,-4.031088,-79.190428,Calle Sucre,CON_LESIONADOS,Caida,Factores externos,9,LESIONADO,MUJER,CICLISTA,71,LESIONADO,MUJER,VEH_LIVIANO,62,LESIONADO,MUJER,VEH_LIVIANO
2022-09-08 06:03:00,-4.013551,-79.195415,Calle 18 de Noviembre,CON_FALLECIDOS,Accidente Laboral,Fatiga del conductor,22,FALLECIDO,NO_REGISTRA,SCOOTER,20,FALLECIDO,HOMBRE,MOTOCICLETA,8,LESIONADO,MUJER,CICLISTA
2022-03-23 21:53:22,-4.002821,-79.225645,Via Loja - Catamayo,CON_LESIONADOS,Incendio,Falla mecanica,79,LESIONADO,HOMBRE,PEATON,76,LESIONADO,MUJER,OTRO,,,,
2022-05-07 09:00:42,-4.004764,-79.197850,Calle Sucre,SOLO_DANOS,Caida,Factores externos,,,,,,,,,,,,
2022-08-09 05:44:25,-4.019811,-79.179888,Ruta 35,SOLO_DANOS,Incendio,Imprudencia del conductor,,,,,,,,,,,,
2022-04-18 06:47:41,-3.982050,-79.177609,Av. Reinaldo Espinosa,SOLO_DANOS,Incendio,Distraccion (celular/radio),,,,,,,,,,,,
2022-10-17 21:40:10,-3.982543,-79.217147,Calle Saraguro,CON_LESIONADOS,Volcamiento,Via resbaladiza o mojada,16,LESIONADO,NO_REGISTRA,MOTOCICLETA,43,LESIONADO,MUJER,CICLISTA,,,,
2022-02-06 01:45:55,-4.025840,-79.205679,Calle Ramon Borrero,CON_LESIONADOS,Accidente Laboral,Inobservancia de senales,34,LESIONADO,MUJER,PEATON,80,LESIONADO,MUJER,SCOOTER,,,,
2022-10-02 01:14:15,-4.022680,-79.210889,Calle Bolivar,CON_FALLECIDOS,Volcamiento,Estado de embriaguez,52,FALLECIDO,HOMBRE,OTRO,,,,,,,,
2022-09-04 17:57:24,-4.009501,-79.189848,Calle Rocafuerte,CON_FALLECIDOS,Incendio,Inobservancia de senales,83,FALLECIDO,HOMBRE,PEATON,23,FALLECIDO,NO_REGISTRA,SCOOTER,,,,
2022-10-22 08:35:18,-4.005170,-79.226732,Via Loja - Zamora,CON_FALLECIDOS,Volcamiento,Falla mecanica,40,FALLECIDO,NO_REGISTRA,MOTOCICLETA,58,FALLECIDO,HOMBRE,OTRO,41,LESIONADO,NO_REGISTRA,CICLISTA
2022-01-13 16:48:41,-4.027441,-79.179089,Calle Colon,SOLO_DANOS,Volcamiento,Exceso de velocidad,,,,,,,,,,,,
2022-06-19 02:14:32,-4.025613,-79.224501,Av. Universitaria,SOLO_DANOS,Accidente Laboral,Mal estado de la via,,,,,,,,,,,,
2022-06-05 09:03:33,-4.022096,-79.197118,Av. Cuxibamba,SOLO_DANOS,Volcamiento,Distraccion (celular/radio),,,,,,,,,,,,
2022-04-01 14:58:06,-4.013706,-79.226222,Av. 8 de Diciembre,CON_LESIONADOS,Atropellamiento,Exceso de velocidad,34,LESIONADO,NO_REGISTRA,VEH_LIVIANO,78,LESIONADO,NO_REGISTRA,CICLISTA,47,LESIONADO,MUJER,OTRO
2022-02-28 10:54:37,-3.982579,-79.198478,Calle Azogues,SOLO_DANOS,Atropellamiento,Equipo de seguridad deficiente,,,,,,,,,,,,
2022-07-01 10:26:15,-3.978677,-79.175438,Calle Ramon Borrero,CON_LESIONADOS,Colision Multiple,Imprudencia del conductor,18,LESIONADO,MUJER,SCOOTER,40,LESIONADO,HOMBRE,CICLISTA,54,LESIONADO,HOMBRE,PEATON
2022-03-24 06:48:48,-3.987122,-79.202995,Av. Cuxibamba,SOLO_DANOS,Choque Vehicular,Imprudencia del conductor,,,,,,,,,,,,
2022-11-21 08:14:11,-3.996080,-79.218794,Calle Montufar,CON_LESIONADOS,Colision Multiple,Estado de embriaguez,70,LESIONADO,MUJER,OTRO,43,LESIONADO,HOMBRE,SCOOTER,,,,
2022-09-11 08:15:50,-3.982270,-79.209998,Av. Pio Jaramillo,CON_FALLECIDOS,Incendio,Exceso de velocidad,39,FALLECIDO,HOMBRE,MOTOCICLETA,69,LESIONADO,NO_REGISTRA,OTRO,38,LESIONADO,NO_REGISTRA,VEH_LIVIANO
2022-12-12 10:53:00,-4.005235,-79.192427,Av. Rosa Hermosa,CON_FALLECIDOS,Volcamiento,Falla mecanica,49,FALLECIDO,HOMBRE,VEH_LIVIANO,51,FALLECIDO,HOMBRE,SCOOTER,46,LESIONADO,HOMBRE,OTRO
2022-01-20 22:54:52,-3.979678,-79.217114,Av. Cuxibamba,SOLO_DANOS,Atropellamiento,Visibilidad reducida,,,,,,,,,,,,
2022-11-03 19:56:03,-4.016015,-79.193836,Calle Mercadillo,CON_LESIONADOS,Choque Vehicular,Mal estado de la via,60,LESIONADO,MUJER,PEATON,,,,,,,,
2022-04-29 04:21:26,-4.016419,-79.200011,Av. Metropolitana,SOLO_DANOS,Volcamiento,Factores externos,55,LESIONADO,MUJER,PEATON,,,,,,,,
2022-08-02 05:40:57,-3.998401,-79.182005,Calle Bolivar,SOLO_DANOS,Atropellamiento,Equipo de seguridad deficiente,,,,,,,,,,,,
2022-09-23 20:43:29,-4.032136,-79.209106,Av. Manuel Agustin Aguirre,CON_FALLECIDOS,Choque Vehicular,Inobservancia de senales,61,FALLECIDO,HOMBRE,PEATON,33,FALLECIDO,HOMBRE,VEH_LIVIANO,37,LESIONADO,MUJER,OTRO
2022-03-10 21:57:46,-3.990901,-79.223116,Calle 18 de Noviembre,CON_LESIONADOS,Accidente Laboral,Factores externos,40,LESIONADO,MUJER,VEH_LIVIANO,35,LESIONADO,MUJER,OTRO,,,,
2022-04-15 17:53:02,-4.006842,-79.192831,Via Loja - Catamayo,SOLO_DANOS,Accidente Laboral,Equipo de seguridad deficiente,,,,,,,,,,,,
2022-02-18 12:43:56,-4.033386,-79.216746,Av. Orillas del Zamora,CON_FALLECIDOS,Atropellamiento,Estado de embriaguez,41,FALLECIDO,NO_REGISTRA,OTRO,30,FALLECIDO,NO_REGISTRA,SCOOTER,,,,
2022-01-23 06:06:36,-3.990586,-79.185915,Av. Isidro Ayora,SOLO_DANOS,Colision Multiple,Exceso de velocidad,,,,,,,,,,,,
2022-03-30 21:14:47,-3.979822,-79.211567,Av. Metropolitana,CON_FALLECIDOS,Incendio,Visibilidad reducida,30,FALLECIDO,NO_REGISTRA,SCOOTER,80,FALLECIDO,HOMBRE,MOTOCICLETA,17,LESIONADO,HOMBRE,PEATON
2022-07-03 13:36:03,-4.026786,-79.228583,Via Loja - Zamora,CON_FALLECIDOS,Accidente Laboral,Estado de embriaguez,34,FALLECIDO,NO_REGISTRA,MOTOCICLETA,76,FALLECIDO,NO_REGISTRA,SCOOTER,,,,
2022-09-15 00:34:53,-3.984231,-79.230812,Av. Cuxibamba,CON_FALLECIDOS,Atropellamiento,Visibilidad reducida,21,FALLECIDO,HOMBRE,MOTOCICLETA,39,FALLECIDO,MUJER,CICLISTA,34,LESIONADO,NO_REGISTRA,OTRO
2022-01-05 09:38:08,-4.016749,-79.197748,Av. Metropolitana,CON_LESIONADOS,Accidente Laboral,Inobservancia de senales,14,LESIONADO,HOMBRE,OTRO,,,,,,,,
2022-08-07 14:55:18,-4.023854,-79.195175,Av. Universitaria,CON_LESIONADOS,Atropellamiento,Distraccion (celular/radio),79,LESIONADO,MUJER,CICLISTA,34,LESIONADO,NO_REGISTRA,VEH_LIVIANO,,,,
2022-02-10 12:04:38,-3.989402,-79.195063,Calle 10 de Agosto,CON_LESIONADOS,Accidente Laboral,Fatiga del conductor,21,LESIONADO,NO_REGISTRA,VEH_LIVIANO,45,LESIONADO,HOMBRE,SCOOTER,24,LESIONADO,NO_REGISTRA,MOTOCICLETA
2022-06-21 23:32:30,-4.021036,-79.189708,Calle Sucre,SOLO_DANOS,Accidente Laboral,Estado de embriaguez,,,,,,,,,,,,
2022-01-12 10:30:31,-4.031619,-79.182550,Calle Imbabura,CON_LESIONADOS,Caida,Mal estado de la via,53,LESIONADO,NO_REGISTRA,PEATON,,,,,,,,
2022-01-07 14:35:19,-3.987095,-79.221276,Calle Miguel Riofrio,CON_FALLECIDOS,Caida,Visibilidad reducida,57,FALLECIDO,MUJER,SCOOTER,,,,,,,,
2022-03-27 12:03:41,-4.014174,-79.191856,Av. Reinaldo Espinosa,CON_FALLECIDOS,Accidente Laboral,Falla mecanica,51,FALLECIDO,MUJER,SCOOTER,,,,,,,,
2022-12-09 12:10:09,-4.002522,-79.224204,Av. Isidro Ayora,CON_FALLECIDOS,Choque Vehicular,Estado de embriaguez,25,FALLECIDO,HOMBRE,MOTOCICLETA,53,FALLECIDO,MUJER,MOTOCICLETA,,,,
2022-09-19 13:45:16,-3.998339,-79.182445,Calle Sucre,CON_FALLECIDOS,Volcamiento,Equipo de seguridad deficiente,34,FALLECIDO,NO_REGISTRA,SCOOTER,62,FALLECIDO,HOMBRE,PEATON,,,,
2022-04-05 12:48:27,-4.030210,-79.184260,Calle Bolivar,CON_LESIONADOS,Incendio,Visibilidad reducida,17,LESIONADO,HOMBRE,SCOOTER,,,,,,,,
2022-01-12 08:52:42,-4.012164,-79.230437,Ruta 35,SOLO_DANOS,Accidente Laboral,Imprudencia del conductor,,,,,,,,,,,,
2022-03-19 00:09:27,-3.989934,-79.230277,Av. Metropolitana,CON_LESIONADOS,Colision Multiple,Factores externos,47,LESIONADO,NO_REGISTRA,CICLISTA,59,LESIONADO,NO_REGISTRA,PEATON,,,,
2022-11-12 09:19:11,-4.008495,-79.229793,Av. Isidro Ayora,CON_FALLECIDOS,Incendio,Via resbaladiza o mojada,32,FALLECIDO,MUJER,OTRO,,,,,,,,
2022-01-23 13:54:02,-3.984457,-79.206406,Av. Pio Jaramillo,CON_LESIONADOS,Accidente Laboral,Imprudencia del conductor,64,LESIONADO,NO_REGISTRA,MOTOCICLETA,10,LESIONADO,NO_REGISTRA,CICLISTA,,,,
2022-04-11 18:11:40,-4.027355,-79.222694,Calle 10 de Agosto,CON_FALLECIDOS,Accidente Laboral,Factores externos,44,FALLECIDO,MUJER,PEATON,22,LESIONADO,HOMBRE,VEH_LIVIANO,23,LESIONADO,HOMBRE,CICLISTA
2022-08-14 18:24:23,-4.016674,-79.226680,Calle Miguel Riofrio,SOLO_DANOS,Colision Multiple,Equipo de seguridad deficiente,,,,,,,,,,,,
2022-08-23 11:30:06,-4.017245,-79.223152,Via Loja - Catamayo,CON_LESIONADOS,Accidente Laboral,Visibilidad reducida,15,LESIONADO,HOMBRE,OTRO,,,,,,,,
2022-01-02 23:12:04,-3.978245,-79.185676,Calle 18 de Noviembre,CON_LESIONADOS,Caida,Mal estado de la via,44,LESIONADO,NO_REGISTRA,VEH_LIVIANO,29,LESIONADO,NO_REGISTRA,SCOOTER,77,LESIONADO,HOMBRE,SCOOTER
2022-07-04 05:50:32,-4.030923,-79.191456,Av. Isidro Ayora,SOLO_DANOS,Incendio,Estado de embriaguez,56,LESIONADO,MUJER,CICLISTA,,,,,,,,
2022-07-16 12:47:52,-4.003629,-79.196814,Calle Colon,SOLO_DANOS,Volcamiento,Inobservancia de senales,,,,,,,,,,,,
2022-10-28 18:29:26,-4.003036,-79.195543,Calle Ramon Borrero,CON_FALLECIDOS,Caida,Mal estado de la via,41,FALLECIDO,MUJER,PEATON,85,FALLECIDO,HOMBRE,OTRO,68,LESIONADO,MUJER,SCOOTER
2022-11-19 17:33:00,-3.983329,-79.187367,Calle Azogues,SOLO_DANOS,Volcamiento,Mal estado de la via,,,,,,,,,,,,
2022-05-22 10:55:10,-4.034500,-79.213680,Av. Orillas del Zamora,CON_LESIONADOS,Choque Vehicular,Falla mecanica,27,LESIONADO,MUJER,MOTOCICLETA,,,,,,,,
2022-03-09 04:39:29,-4.035177,-79.228535,Av. Universitaria,CON_LESIONADOS,Choque Vehicular,Visibilidad reducida,33,LESIONADO,HOMBRE,PEATON,,,,,,,,
2022-11-29 04:20:38,-4.028672,-79.204000,Calle Bolivar,CON_LESIONADOS,Volcamiento,Visibilidad reducida,18,LESIONADO,MUJER,PEATON,55,LESIONADO,NO_REGISTRA,SCOOTER,74,LESIONADO,MUJER,CICLISTA
2022-11-26 22:39:48,-4.024162,-79.226158,Calle Bolivar,CON_FALLECIDOS,Volcamiento,Fatiga del conductor,60,FALLECIDO,NO_REGISTRA,PEATON,37,FALLECIDO,HOMBRE,CICLISTA,,,,
2022-03-03 02:17:46,-4.035867,-79.224173,Calle 18 de Noviembre,CON_FALLECIDOS,Choque Vehicular,Exceso de velocidad,78,FALLECIDO,MUJER,CICLISTA,64,FALLECIDO,MUJER,VEH_LIVIANO,57,LESIONADO,HOMBRE,CICLISTA
2022-09-08 10:03:52,-3.995675,-79.205313,Av. Rosa Hermosa,CON_LESIONADOS,Atropellamiento,Via resbaladiza o mojada,5,LESIONADO,MUJER,VEH_LIVIANO,,,,,,,,
2022-08-22 20:40:22,-4.032763,-79.179484,Via Loja - Zamora,CON_LESIONADOS,Accidente Laboral,Mal estado de la via,52,LESIONADO,NO_REGISTRA,MOTOCICLETA,35,LESIONADO,HOMBRE,PEATON,,,,
2022-03-01 07:48:34,-3.994207,-79.227240,Av. Manuel Agustin Aguirre,CON_FALLECIDOS,Caida,Exceso de velocidad,47,FALLECIDO,MUJER,SCOOTER,18,LESIONADO,HOMBRE,OTRO,13,LESIONADO,NO_REGISTRA,SCOOTER
2022-08-26 01:08:08,-3.999700,-79.225376,Via Loja - Catamayo,SOLO_DANOS,Colision Multiple,Exceso de velocidad,,,,,,,,,,,,
2022-05-04 12:37:16,-3.991939,-79.203021,Calle Azogues,CON_LESIONADOS,Caida,Distraccion (celular/radio),32,LESIONADO,NO_REGISTRA,CICLISTA,73,LESIONADO,MUJER,VEH_LIVIANO,,,,
2022-09-07 17:20:42,-4.007827,-79.221324,Av. Manuel Agustin Aguirre,CON_FALLECIDOS,Accidente Laboral,Visibilidad reducida,19,FALLECIDO,MUJER,OTRO,21,FALLECIDO,NO_REGISTRA,OTRO,6,LESIONADO,HOMBRE,VEH_LIVIANO
2022-03-08 18:24:20,-4.009768,-79.180433,Calle Miguel Riofrio,SOLO_DANOS,Colision Multiple,Estado de embriaguez,,,,,,,,,,,,
2022-10-12 19:12:36,-4.030518,-79.205609,Av. Orillas del Zamora,CON_FALLECIDOS,Atropellamiento,Factores externos,56,FALLECIDO,MUJER,PEATON,39,FALLECIDO,MUJER,CICLISTA,,,,
2022-10-01 15:01:22,-4.018075,-79.184112,Calle Mercadillo,CON_FALLECIDOS,Choque Vehicular,Equipo de seguridad deficiente,65,FALLECIDO,HOMBRE,MOTOCICLETA,,,,,,,,
2022-12-08 04:22:30,-3.994738,-79.195247,Ruta 35,CON_FALLECIDOS,Colision Multiple,Distraccion (celular/radio),78,FALLECIDO,NO_REGISTRA,VEH_LIVIANO,26,FALLECIDO,NO_REGISTRA,PEATON,9,LESIONADO,NO_REGISTRA,OTRO
2022-05-01 09:10:47,-3.987258,-79.190578,Av. Isidro Ayora,SOLO_DANOS,Choque Vehicular,Estado de embriaguez,,,,,,,,,,,,
2022-06-09 14:18:10,-4.025416,-79.196791,Av. 8 de Diciembre,SOLO_DANOS,Accidente Laboral,Distraccion (celular/radio),,,,,,,,,,,,
2022-02-09 07:52:49,-4.034718,-79.178333,Calle Rocafuerte,SOLO_DANOS,Accidente Laboral,Via resbaladiza o mojada,,,,,,,,,,,,
2022-12-29 04:55:14,-4.033760,-79.193258,Calle Saraguro,CON_FALLECIDOS,Incendio,Mal estado de la via,50,FALLECIDO,MUJER,SCOOTER,34,LESIONADO,MUJER,CICLISTA,,,,
2022-12-30 12:56:48,-3.981482,-79.180994,Av. Isidro Ayora,SOLO_DANOS,Accidente Laboral,Estado de embriaguez,,,,,,,,,,,,
2022-09-28 19:35:36,-4.003177,-79.212613,Calle Ramon Borrero,CON_FALLECIDOS,Incendio,Falla mecanica,24,FALLECIDO,HOMBRE,VEH_LIVIANO,80,FALLECIDO,HOMBRE,OTRO,52,LESIONADO,NO_REGISTRA,OTRO
2022-04-17 11:59:46,-4.020222,-79.197490,Av. Cuxibamba,CON_FALLECIDOS,Volcamiento,Estado de embriaguez,48,FALLECIDO,NO_REGISTRA,CICLISTA,52,FALLECIDO,NO_REGISTRA,CICLISTA,46,LESIONADO,HOMBRE,MOTOCICLETA
2022-03-27 13:35:12,-3.993486,-79.171248,Calle Colon,CON_LESIONADOS,Accidente Laboral,Factores externos,43,LESIONADO,HOMBRE,OTRO,34,LESIONADO,HOMBRE,SCOOTER,,,,
2022-06-09 17:13:18,-4.013795,-79.204513,Calle 18 de Noviembre,SOLO_DANOS,Colision Multiple,Equipo de seguridad deficiente,,,,,,,,,,,,
2022-10-25 05:41:30,-4.024548,-79.217666,Av. Pio Jaramillo,CON_FALLECIDOS,Volcamiento,Factores externos,30,FALLECIDO,MUJER,CICLISTA,34,LESIONADO,HOMBRE,OTRO,,,,
2022-09-30 11:24:29,-3.984040,-79.228608,Av. Pio Jaramillo,CON_FALLECIDOS,Caida,Fatiga del conductor,41,FALLECIDO,MUJER,VEH_LIVIANO,71,LESIONADO,MUJER,OTRO,,,,
2022-02-13 02:35:26,-4.008130,-79.188759,Calle Bolivar,CON_LESIONADOS,Choque Vehicular,Equipo de seguridad deficiente,13,LESIONADO,HOMBRE,PEATON,27,LESIONADO,MUJER,OTRO,74,LESIONADO,NO_REGISTRA,CICLISTA
2022-08-03 13:40:35,-4.029264,-79.200790,Calle Sucre,CON_LESIONADOS,Caida,Mal estado de la via,27,LESIONADO,MUJER,MOTOCICLETA,,,,,,,,
2022-07-20 13:22:06,-4.032198,-79.209555,Calle Saraguro,SOLO_DANOS,Colision Multiple,Imprudencia del conductor,,,,,,,,,,,,
2022-06-14 05:30:01,-4.004209,-79.197292,Av. Reinaldo Espinosa,SOLO_DANOS,Accidente Laboral,Mal estado de la via,,,,,,,,,,,,