fecha_hora,latitud,longitud,via,grado_severidad,tipo_siniestro,causa_probable,victima1_edad,victima1_condicion,victima1_sexo,victima1_actor_vial,victima2_edad,victima2_condicion,victima2_sexo,victima2_actor_vial,victima3_edad,victima3_condicion,victima3_sexo,victima3_actor_vial
2022-12-15 16:44:40,-3.995919,-79.181828,Av. Manuel Agustin Aguirre,CON_LESIONADOS,Choque Vehicular,Factores externos,59,LESIONADO,HOMBRE,SCOOTER,47,LESIONADO,HOMBRE,SCOOTER,,,,
2022-06-09 14:22:51,-4.016030,-79.205750,Av. Isidro Ayora,CON_LESIONADOS,Colision Multiple,Inobservancia de senales,19,LESIONADO,MUJER,OTRO,,,,,,,,
2022-02-21 02:15:49,-4.015726,-79.204009,Calle Colon,SOLO_DANOS,Colision Multiple,Factores externos,,,,,,,,,,,,
2022-06-24 20:36:08,-4.021749,-79.228212,Av. Rosa Hermosa,CON_FALLECIDOS,Choque Vehicular,Distraccion (celular/radio),74,FALLECIDO,MUJER,PEATON,80,FALLECIDO,MUJER,SCOOTER,,,,
2022-11-21 09:19:19,-4.010012,-79.210958,Av. Universitaria,CON_LESIONADOS,Volcamiento,Visibilidad reducida,68,LESIONADO,NO_REGISTRA,SCOOTER,60,LESIONADO,MUJER,MOTOCICLETA,,,,
2022-11-21 08:38:17,-4.005685,-79.230111,Calle Ramon Borrero,CON_LESIONADOS,Choque Vehicular,Estado de embriaguez,60,LESIONADO,NO_REGISTRA,OTRO,,,,,,,,
2022-01-28 13:25:05,-3.993579,-79.182035,Av. Gran Colombia,CON_LESIONADOS,Accidente Laboral,Exceso de velocidad,11,LESIONADO,HOMBRE,CICLISTA,51,LESIONADO,HOMBRE,SCOOTER,31,LESIONADO,NO_REGISTRA,VEH_LIVIANO
2022-05-02 18:50:24,-4.035138,-79.216039,Calle Ramon Borrero,CON_LESIONADOS,Atropellamiento,Exceso de velocidad,39,LESIONADO,NO_REGISTRA,VEH_LIVIANO,26,LESIONADO,HOMBRE,OTRO,15,LESIONADO,MUJER,OTRO
2022-09-07 08:35:40,-4.000170,-79.182753,Av. Cuxibamba,CON_LESIONADOS,Choque Vehicular,Distraccion (celular/radio),41,LESIONADO,NO_REGISTRA,MOTOCICLETA,39,LESIONADO,HOMBRE,PEATON,34,LESIONADO,HOMBRE,OTRO
2022-02-16 04:57:40,-3.985628,-79.195575,Calle Ramon Borrero,SOLO_DANOS,Caida,Estado de embriaguez,65,LESIONADO,MUJER,VEH_LIVIANO,,,,,,,,
2022-02-25 19:25:01,-4.005253,-79.226601,Calle Quito,SOLO_DANOS,Caida,Inobservancia de senales,,,,,,,,,,,,
2022-05-06 22:10:22,-3.985936,-79.182783,Calle Imbabura,CON_FALLECIDOS,Caida,Distraccion (celular/radio),74,FALLECIDO,NO_REGISTRA,OTRO,28,LESIONADO,NO_REGISTRA,OTRO,77,LESIONADO,HOMBRE,PEATON
2022-08-15 02:44:10,-4.002508,-79.198766,Calle Quito,SOLO_DANOS,Atropellamiento,Inobservancia de senales,,,,,,,,,,,,
2022-07-06 07:03:36,-4.033576,-79.228356,Calle Miguel Riofrio,CON_LESIONADOS,Choque Vehicular,Fatiga del conductor,56,LESIONADO,NO_REGISTRA,SCOOTER,47,LESIONADO,NO_REGISTRA,PEATON,45,LESIONADO,MUJER,SCOOTER
2022-09-04 02:12:35,-3.991382,-79.229921,Av. Metropolitana,CON_LESIONADOS,Atropellamiento,Fatiga del conductor,60,LESIONADO,HOMBRE,CICLISTA,7,LESIONADO,HOMBRE,OTRO,54,LESIONADO,NO_REGISTRA,PEATON
2022-06-15 01:53:46,-4.023939,-79.206238,Av. Orillas del Zamora,CON_FALLECIDOS,Atropellamiento,Fatiga del conductor,78,FALLECIDO,MUJER,MOTOCICLETA,57,LESIONADO,HOMBRE,CICLISTA,,,,
2022-12-29 18:36:22,-3.999550,-79.178777,Calle Ramon Borrero,CON_FALLECIDOS,Volcamiento,Mal estado de la via,50,FALLECIDO,NO_REGISTRA,PEATON,73,FALLECIDO,HOMBRE,VEH_LIVIANO,48,LESIONADO,NO_REGISTRA,PEATON
2022-07-20 04:46:42,-4.015831,-79.229189,Av. Reinaldo Espinosa,CON_LESIONADOS,Accidente Laboral,Falla mecanica,73,LESIONADO,HOMBRE,PEATON,,,,,,,,
2022-09-12 00:50:20,-4.019246,-79.189796,Calle Montufar,SOLO_DANOS,Choque Vehicular,Factores externos,,,,,,,,,,,,
2022-07-04 06:57:48,-3.986622,-79.195369,Calle Miguel Riofrio,CON_FALLECIDOS,Volcamiento,Imprudencia del conductor,66,FALLECIDO,HOMBRE,VEH_LIVIANO,22,FALLECIDO,MUJER,CICLISTA,74,LESIONADO,NO_REGISTRA,VEH_LIVIANO
2022-07-13 13:41:33,-3.985951,-79.181319,Av. Manuel Agustin Aguirre,CON_LESIONADOS,Colision Multiple,Estado de embriaguez,60,LESIONADO,HOMBRE,MOTOCICLETA,50,LESIONADO,NO_REGISTRA,VEH_LIVIANO,42,LESIONADO,HOMBRE,OTRO
2022-12-24 04:12:22,-4.015815,-79.213628,Calle Imbabura,SOLO_DANOS,Choque Vehicular,Falla mecanica,,,,,,,,,,,,
2022-01-16 04:28:49,-3.979770,-79.220922,Av. Universitaria,CON_FALLECIDOS,Accidente Laboral,Inobservancia de senales,82,FALLECIDO,HOMBRE,MOTOCICLETA,25,LESIONADO,MUJER,PEATON,,,,
2022-03-07 22:20:20,-4.014128,-79.222516,Calle Ramon Borrero,CON_LESIONADOS,Caida,Fatiga del conductor,59,LESIONADO,HOMBRE,VEH_LIVIANO,23,LESIONADO,NO_REGISTRA,CICLISTA,62,LESIONADO,MUJER,SCOOTER
2022-03-30 18:18:40,-3.990243,-79.204895,Calle Azogues,CON_FALLECIDOS,Incendio,Exceso de velocidad,81,FALLECIDO,MUJER,MOTOCICLETA,20,FALLECIDO,NO_REGISTRA,PEATON,38,LESIONADO,NO_REGISTRA,OTRO
2022-10-10 07:51:20,-3.986702,-79.207869,Calle 10 de Agosto,SOLO_DANOS,Incendio,Inobservancia de senales,,,,,,,,,,,,
2022-03-15 11:20:27,-3.996256,-79.186122,Av. Orillas del Zamora,SOLO_DANOS,Volcamiento,Equipo de seguridad deficiente,,,,,,,,,,,,
2022-11-04 01:31:26,-4.019027,-79.177642,Av. Reinaldo Espinosa,CON_FALLECIDOS,Choque Vehicular,Exceso de velocidad,21,FALLECIDO,MUJER,OTRO,64,LESIONADO,HOMBRE,CICLISTA,5,LESIONADO,NO_REGISTRA,PEATON
2022-02-25 18:03:38,-3.977003,-79.204850,Calle Bolivar,CON_LESIONADOS,Volcamiento,Via resbaladiza o mojada,66,LESIONADO,MUJER,SCOOTER,,,,,,,,
2022-11-20 20:10:17,-3.995058,-79.198278,Calle Miguel Riofrio,SOLO_DANOS,Accidente Laboral,Visibilidad reducida,,,,,,,,,,,,
2022-12-01 12:37:40,-4.019173,-79.220879,Av. Rosa Hermosa,CON_LESIONADOS,Colision Multiple,Estado de embriaguez,5,LESIONADO,HOMBRE,CICLISTA,47,LESIONADO,NO_REGISTRA,SCOOTER,,,,
2022-10-26 21:56:10,-4.006644,-79.194544,Calle 18 de Noviembre,CON_LESIONADOS,Atropellamiento,Falla mecanica,46,LESIONADO,HOMBRE,SCOOTER,33,LESIONADO,HOMBRE,CICLISTA,43,LESIONADO,HOMBRE,OTRO
2022-05-19 00:28:36,-3.989521,-79.185046,Calle Mercadillo,CON_FALLECIDOS,Volcamiento,Mal estado de la via,83,FALLECIDO,NO_REGISTRA,MOTOCICLETA,43,LESIONADO,MUJER,MOTOCICLETA,,,,
2022-09-04 11:41:24,-4.010777,-79.184188,Av. Cuxibamba,CON_LESIONADOS,Incendio,Factores externos,66,LESIONADO,NO_REGISTRA,CICLISTA,21,LESIONADO,HOMBRE,OTRO,,,,
2022-11-06 13:30:45,-4.019748,-79.225186,Av. Isidro Ayora,CON_FALLECIDOS,Choque Vehicular,Estado de embriaguez,31,FALLECIDO,NO_REGISTRA,PEATON,19,FALLECIDO,HOMBRE,SCOOTER,77,LESIONADO,MUJER,MOTOCICLETA
2022-04-01 12:08:07,-4.020699,-79.219145,Calle Quito,CON_LESIONADOS,Incendio,Inobservancia de senales,22,LESIONADO,MUJER,VEH_LIVIANO,,,,,,,,
2022-01-03 16:42:14,-4.019110,-79.208449,Calle Saraguro,CON_FALLECIDOS,Caida,Inobservancia de senales,24,FALLECIDO,NO_REGISTRA,VEH_LIVIANO,52,LESIONADO,HOMBRE,PEATON,36,LESIONADO,NO_REGISTRA,CICLISTA
2022-10-24 03:28:53,-3.989316,-79.206432,Av. Rosa Hermosa,CON_LESIONADOS,Atropellamiento,Falla mecanica,23,LESIONADO,NO_REGISTRA,OTRO,,,,,,,,
2022-01-13 20:35:17,-4.019020,-79.210085,Av. Orillas del Zamora,CON_FALLECIDOS,Accidente Laboral,Distraccion (celular/radio),75,FALLECIDO,NO_REGISTRA,PEATON,54,LESIONADO,MUJER,PEATON,40,LESIONADO,NO_REGISTRA,SCOOTER
2022-06-27 15:21:06,-4.000044,-79.177766,Calle Bolivar,CON_FALLECIDOS,Caida,Factores externos,42,FALLECIDO,NO_REGISTRA,CICLISTA,20,FALLECIDO,NO_REGISTRA,VEH_LIVIANO,25,LESIONADO,MUJER,MOTOCICLETA
2022-10-11 12:03:13,-4.035210,-79.221862,Ruta 35,CON_LESIONADOS,Accidente Laboral,Via resbaladiza o mojada,19,LESIONADO,MUJER,CICLISTA,26,LESIONADO,NO_REGISTRA,OTRO,,,,
2022-11-05 10:15:59,-3.985522,-79.205743,Av. Gran Colombia,CON_FALLECIDOS,Choque Vehicular,Mal estado de la via,73,FALLECIDO,MUJER,CICLISTA,60,FALLECIDO,MUJER,CICLISTA,11,LESIONADO,NO_REGISTRA,PEATON
2022-01-22 07:25:13,-4.000829,-79.206243,Av. Isidro Ayora,SOLO_DANOS,Volcamiento,Via resbaladiza o mojada,,,,,,,,,,,,
2022-01-21 14:24:34,-4.014975,-79.182887,Calle Azogues,CON_FALLECIDOS,Atropellamiento,Fatiga del conductor,80,FALLECIDO,NO_REGISTRA,SCOOTER,67,LESIONADO,NO_REGISTRA,MOTOCICLETA,,,,
2022-11-03 03:08:23,-3.999849,-79.226618,Av. Rosa Hermosa,CON_LESIONADOS,Caida,Factores externos,23,LESIONADO,NO_REGISTRA,OTRO,16,LESIONADO,MUJER,CICLISTA,,,,
2022-01-16 11:33:17,-3.991247,-79.205919,Av. Orillas del Zamora,CON_FALLECIDOS,Choque Vehicular,Imprudencia del conductor,84,FALLECIDO,MUJER,MOTOCICLETA,72,FALLECIDO,HOMBRE,CICLISTA,33,LESIONADO,HOMBRE,SCOOTER
2022-11-15 00:30:01,-3.984071,-79.173879,Calle Quito,SOLO_DANOS,Accidente Laboral,Visibilidad reducida,,,,,,,,,,,,
2022-07-10 12:52:44,-3.999214,-79.185246,Av. Rosa Hermosa,CON_LESIONADOS,Choque Vehicular,Fatiga del conductor,33,LESIONADO,NO_REGISTRA,MOTOCICLETA,6,LESIONADO,NO_REGISTRA,OTRO,,,,
2022-09-20 01:04:15,-3.987372,-79.213198,Av. Pio Jaramillo,SOLO_DANOS,Atropellamiento,Via resbaladiza o mojada,,,,,,,,,,,,
2022-04-23 05:00:21,-4.011735,-79.181385,Av. Rosa Hermosa,CON_FALLECIDOS,Caida,Equipo de seguridad deficiente,76,FALLECIDO,MUJER,MOTOCICLETA,21,LESIONADO,NO_REGISTRA,SCOOTER,29,LESIONADO,NO_REGISTRA,MOTOCICLETA
2022-01-19 12:27:32,-4.032712,-79.207752,Av. Universitaria,SOLO_DANOS,Choque Vehicular,Imprudencia del conductor,,,,,,,,,,,,
2022-09-02 10:50:56,-3.995851,-79.212552,Calle Mercadillo,CON_FALLECIDOS,Accidente Laboral,Mal estado de la via,40,FALLECIDO,HOMBRE,OTRO,83,FALLECIDO,MUJER,SCOOTER,53,LESIONADO,MUJER,MOTOCICLETA
2022-02-26 05:23:40,-3.983729,-79.178661,Av. Pio Jaramillo,CON_FALLECIDOS,Volcamiento,Visibilidad reducida,70,FALLECIDO,HOMBRE,VEH_LIVIANO,54,LESIONADO,HOMBRE,OTRO,,,,
2022-05-28 23:52:39,-4.024812,-79.209983,Calle Azogues,CON_FALLECIDOS,Accidente Laboral,Equipo de seguridad deficiente,20,FALLECIDO,NO_REGISTRA,CICLISTA,49,FALLECIDO,MUJER,VEH_LIVIANO,42,LESIONADO,HOMBRE,CICLISTA
2022-03-04 07:23:02,-4.021701,-79.227055,Av. Pio Jaramillo,SOLO_DANOS,Caida,Imprudencia del conductor,,,,,,,,,,,,
2022-08-13 11:30:31,-3.997082,-79.227398,Av. Manuel Agustin Aguirre,SOLO_DANOS,Accidente Laboral,Fatiga del conductor,,,,,,,,,,,,
2022-07-06 04:35:04,-3.987151,-79.224498,Av. Pio Jaramillo,CON_FALLECIDOS,Volcamiento,Factores externos,67,FALLECIDO,NO_REGISTRA,CICLISTA,,,,,,,,
2022-09-16 09:04:37,-3.987485,-79.224133,Calle Sucre,CON_LESIONADOS,Incendio,Visibilidad reducida,58,LESIONADO,HOMBRE,OTRO,,,,,,,,
2022-03-25 05:59:42,-4.003452,-79.190217,Calle 10 de Agosto,SOLO_DANOS,Atropellamiento,Imprudencia del conductor,,,,,,,,,,,,
2022-12-15 04:50:47,-3.992892,-79.184663,Av. Rosa Hermosa,SOLO_DANOS,Volcamiento,Falla mecanica,,,,,,,,,,,,
2022-02-08 12:14:26,-4.022165,-79.179381,Calle Colon,CON_FALLECIDOS,Volcamiento,Factores externos,83,FALLECIDO,MUJER,SCOOTER,27,FALLECIDO,MUJER,MOTOCICLETA,25,LESIONADO,NO_REGISTRA,OTRO
2022-08-25 13:41:06,-4.020595,-79.216964,Av. Reinaldo Espinosa,SOLO_DANOS,Accidente Laboral,Equipo de seguridad deficiente,,,,,,,,,,,,
2022-07-02 23:41:27,-4.006631,-79.202804,Calle Ramon Borrero,CON_FALLECIDOS,Colision Multiple,Distraccion (celular/radio),67,FALLECIDO,MUJER,MOTOCICLETA,49,FALLECIDO,MUJER,CICLISTA,48,LESIONADO,NO_REGISTRA,CICLISTA
2022-06-09 01:04:19,-4.010023,-79.171849,Av. Isidro Ayora,SOLO_DANOS,Accidente Laboral,Factores externos,,,,,,,,,,,,
2022-03-06 18:48:59,-3.985948,-79.172946,Calle Miguel Riofrio,CON_FALLECIDOS,Volcamiento,Equipo de seguridad deficiente,21,FALLECIDO,MUJER,VEH_LIVIANO,57,FALLECIDO,MUJER,OTRO,26,LESIONADO,MUJER,MOTOCICLETA
2022-04-21 17:49:26,-3.998371,-79.214776,Calle Imbabura,SOLO_DANOS,Accidente Laboral,Estado de embriaguez,,,,,,,,,,,,
2022-05-29 09:54:24,-4.023679,-79.226866,Calle Colon,CON_FALLECIDOS,Atropellamiento,Inobservancia de senales,46,FALLECIDO,HOMBRE,SCOOTER,61,FALLECIDO,NO_REGISTRA,MOTOCICLETA,,,,
2022-01-30 02:32:00,-4.029958,-79.214869,Av. Universitaria,SOLO_DANOS,Atropellamiento,Factores externos,,,,,,,,,,,,
2022-05-07 12:05:07,-4.008490,-79.184424,Ruta 35,CON_LESIONADOS,Accidente Laboral,Inobservancia de senales,64,LESIONADO,MUJER,PEATON,23,LESIONADO,MUJER,OTRO,,,,
2022-02-15 07:00:10,-4.025865,-79.216734,Via Loja - Zamora,CON_FALLECIDOS,Choque Vehicular,Inobservancia de senales,85,FALLECIDO,NO_REGISTRA,VEH_LIVIANO,32,FALLECIDO,NO_REGISTRA,CICLISTA,,,,
2022-05-14 14:34:04,-4.008931,-79.205236,Calle Saraguro,CON_FALLECIDOS,Caida,Distraccion (celular/radio),84,FALLECIDO,HOMBRE,VEH_LIVIANO,,,,,,,,
2022-06-30 10:03:38,-4.012221,-79.218714,Calle Azogues,CON_FALLECIDOS,Incendio,Mal estado de la via,37,FALLECIDO,MUJER,VEH_LIVIANO,68,LESIONADO,HOMBRE,MOTOCICLETA,30,LESIONADO,HOMBRE,OTRO
2022-07-03 15:53:20,-4.005310,-79.202819,Calle Saraguro,CON_FALLECIDOS,Choque Vehicular,Estado de embriaguez,29,FALLECIDO,NO_REGISTRA,SCOOTER,20,FALLECIDO,NO_REGISTRA,MOTOCICLETA,,,,
2022-10-19 05:05:40,-4.014605,-79.188223,Av. Cuxibamba,SOLO_DANOS,Volcamiento,Mal estado de la via,,,,,,,,,,,,
2022-06-20 18:36:19,-4.032291,-79.204160,Av. Metropolitana,SOLO_DANOS,Choque Vehicular,Via resbaladiza o mojada,,,,,,,,,,,,
2022-11-15 22:24:35,-4.031199,-79.180994,Calle Quito,CON_LESIONADOS,Colision Multiple,Estado de embriaguez,8,LESIONADO,NO_REGISTRA,MOTOCICLETA,,,,,,,,
2022-01-13 13:53:53,-4.019522,-79.210399,Calle Colon,SOLO_DANOS,Accidente Laboral,Via resbaladiza o mojada,,,,,,,,,,,,
2022-10-10 01:27:54,-4.012731,-79.194311,Calle 10 de Agosto,CON_LESIONADOS,Accidente Laboral,Falla mecanica,28,LESIONADO,NO_REGISTRA,MOTOCICLETA,,,,,,,,
2022-10-29 23:00:23,-3.979398,-79.222918,Via Loja - Zamora,CON_LESIONADOS,Colision Multiple,Via resbaladiza o mojada,35,LESIONADO,NO_REGISTRA,PEATON,,,,,,,,
2022-12-19 08:35:45,-3.996790,-79.197383,Av. Orillas del Zamora,CON_LESIONADOS,Incendio,Via resbaladiza o mojada,73,LESIONADO,NO_REGISTRA,PEATON,,,,,,,,
2022-10-02 08:20:03,-4.006937,-79.173551,Calle Saraguro,CON_LESIONADOS,Choque Vehicular,Via resbaladiza o mojada,29,LESIONADO,HOMBRE,VEH_LIVIANO,69,LESIONADO,NO_REGISTRA,OTRO,63,LESIONADO,NO_REGISTRA,SCOOTER
2022-08-03 00:07:23,-4.027088,-79.174896,Calle Sucre,SOLO_DANOS,Colision Multiple,Factores externos,45,LESIONADO,MUJER,VEH_LIVIANO,,,,,,,,
2022-02-21 11:05:52,-3.978006,-79.229541,Calle Quito,SOLO_DANOS,Volcamiento,Visibilidad reducida,,,,,,,,,,,,
2022-05-20 18:44:43,-3.991197,-79.225336,Calle Rocafuerte,CON_LESIONADOS,Choque Vehicular,Factores externos,18,LESIONADO,MUJER,OTRO,52,LESIONADO,NO_REGISTRA,CICLISTA,,,,
2022-05-17 18:45:28,-3.980731,-79.182967,Calle Montufar,SOLO_DANOS,Accidente Laboral,Mal estado de la via,19,LESIONADO,HOMBRE,SCOOTER,,,,,,,,
2022-12-25 00:50:18,-3.993739,-79.176321,Calle Saraguro,CON_FALLECIDOS,Choque Vehicular,Distraccion (celular/radio),20,FALLECIDO,MUJER,CICLISTA,,,,,,,,
2022-06-20 04:06:34,-4.025671,-79.206236,Calle Quito,SOLO_DANOS,Caida,Distraccion (celular/radio),10,LESIONADO,HOMBRE,MOTOCICLETA,,,,,,,,
2022-04-28 06:14:40,-3.990593,-79.204640,Av. Manuel Agustin Aguirre,CON_FALLECIDOS,Atropellamiento,Mal estado de la via,20,FALLECIDO,HOMBRE,MOTOCICLETA,20,FALLECIDO,HOMBRE,PEATON,,,,
2022-12-22 12:29:59,-4.029934,-79.225920,Av. 8 de Diciembre,SOLO_DANOS,Caida,Inobservancia de senales,,,,,,,,,,,,
2022-01-20 15:21:18,-3.991756,-79.179009,Calle Colon,SOLO_DANOS,Colision Multiple,Imprudencia del conductor,,,,,,,,,,,,
2022-02-15 00:37:41,-3.990902,-79.183870,Calle Ramon Borrero,CON_LESIONADOS,Choque Vehicular,Distraccion (celular/radio),48,LESIONADO,NO_REGISTRA,OTRO,18,LESIONADO,NO_REGISTRA,CICLISTA,,,,
2022-10-04 13:46:11,-3.992883,-79.180330,Calle 10 de Agosto,CON_FALLECIDOS,Choque Vehicular,Equipo de seguridad deficiente,46,FALLECIDO,MUJER,OTRO,,,,,,,,
2022-03-28 06:42:38,-4.012453,-79.194569,Calle Imbabura,CON_FALLECIDOS,Choque Vehicular,Mal estado de la via,76,FALLECIDO,NO_REGISTRA,CICLISTA,43,LESIONADO,HOMBRE,PEATON,,,,
2022-11-02 12:22:36,-4.006248,-79.192236,Calle Imbabura,CON_FALLECIDOS,Accidente Laboral,Estado de embriaguez,34,FALLECIDO,NO_REGISTRA,CICLISTA,49,LESIONADO,HOMBRE,VEH_LIVIANO,,,,
2022-04-19 00:16:21,-4.019101,-79.181616,Calle Rocafuerte,SOLO_DANOS,Accidente Laboral,Equipo de seguridad deficiente,,,,,,,,,,,,
2022-03-24 14:36:53,-3.982385,-79.222538,Av. Cuxibamba,CON_LESIONADOS,Accidente Laboral,Distraccion (celular/radio),33,LESIONADO,HOMBRE,MOTOCICLETA,50,LESIONADO,HOMBRE,SCOOTER,44,LESIONADO,HOMBRE,VEH_LIVIANO
2022-12-26 05:04:11,-3.986180,-79.179558,Calle Quito,SOLO_DANOS,Atropellamiento,Falla mecanica,,,,,,,,,,,,
2022-09-22 09:12:54,-3.993259,-79.190156,Av. Universitaria,SOLO_DANOS,Volcamiento,Fatiga del conductor,79,LESIONADO,MUJER,OTRO,,,,,,,,
2022-09-30 03:00:28,-4.010050,-79.180288,Calle Sucre,CON_FALLECIDOS,Choque Vehicular,Falla mecanica,74,FALLECIDO,NO_REGISTRA,SCOOTER,,,,,,,,
2022-04-01 07:37:36,-3.989403,-79.179344,Av. Reinaldo Espinosa,CON_FALLECIDOS,Volcamiento,Fatiga del conductor,50,FALLECIDO,MUJER,CICLISTA,8,LESIONADO,MUJER,VEH_LIVIANO,41,LESIONADO,MUJER,PEATON
2022-02-14 00:40:24,-4.032617,-79.218551,Av. Metropolitana,SOLO_DANOS,Choque Vehicular,Estado de embriaguez,,,,,,,,,,,,
2022-03-08 11:55:40,-4.006071,-79.210740,Via Loja - Catamayo,CON_FALLECIDOS,Atropellamiento,Inobservancia de senales,32,FALLECIDO,NO_REGISTRA,VEH_LIVIANO,35,FALLECIDO,MUJER,CICLISTA,28,LESIONADO,NO_REGISTRA,CICLISTA
2022-08-08 09:26:32,-4.030769,-79.177702,Via Loja - Zamora,CON_LESIONADOS,Choque Vehicular,Fatiga del conductor,64,LESIONADO,HOMBRE,MOTOCICLETA,,,,,,,,
2022-03-02 21:02:22,-4.034390,-79.214713,Calle 18 de Noviembre,CON_LESIONADOS,Caida,Imprudencia del conductor,56,LESIONADO,NO_REGISTRA,MOTOCICLETA,,,,,,,,
2022-10-13 20:18:58,-3.989298,-79.220152,Calle Bolivar,CON_LESIONADOS,Colision Multiple,Exceso de velocidad,56,LESIONADO,HOMBRE,SCOOTER,62,LESIONADO,HOMBRE,MOTOCICLETA,,,,
2022-10-12 18:03:39,-3.999443,-79.230180,Av. Isidro Ayora,CON_FALLECIDOS,Caida,Fatiga del conductor,30,FALLECIDO,HOMBRE,MOTOCICLETA,,,,,,,,
2022-06-13 17:55:49,-4.006091,-79.192788,Av. 8 de Diciembre,SOLO_DANOS,Caida,Mal estado de la via,,,,,,,,,,,,
2022-01-02 19:49:23,-3.989759,-79.173928,Calle 10 de Agosto,SOLO_DANOS,Volcamiento,Exceso de velocidad,,,,,,,,,,,,
2022-10-16 01:46:26,-4.013967,-79.225777,Calle Montufar,SOLO_DANOS,Colision Multiple,Mal estado de la via,,,,,,,,,,,,
2022-06-22 09:25:04,-4.015522,-79.208087,Ruta 35,CON_FALLECIDOS,Atropellamiento,Inobservancia de senales,59,FALLECIDO,NO_REGISTRA,PEATON,26,FALLECIDO,NO_REGISTRA,VEH_LIVIANO,49,LESIONADO,NO_REGISTRA,SCOOTER
2022-01-04 19:27:43,-4.025305,-79.178162,Av. Orillas del Zamora,CON_LESIONADOS,Volcamiento,Imprudencia del conductor,76,LESIONADO,NO_REGISTRA,SCOOTER,67,LESIONADO,HOMBRE,SCOOTER,,,,
2022-01-23 05:18:41,-4.024155,-79.172209,Calle Saraguro,CON_FALLECIDOS,Choque Vehicular,Inobservancia de senales,29,FALLECIDO,NO_REGISTRA,PEATON,54,LESIONADO,HOMBRE,OTRO,73,LESIONADO,MUJER,PEATON
2022-02-15 00:05:01,-4.019062,-79.194066,Calle Miguel Riofrio,CON_LESIONADOS,Choque Vehicular,Fatiga del conductor,17,LESIONADO,MUJER,CICLISTA,57,LESIONADO,MUJER,SCOOTER,56,LESIONADO,NO_REGISTRA,MOTOCICLETA
2022-04-01 02:46:29,-3.998328,-79.183073,Av. Rosa Hermosa,CON_LESIONADOS,Accidente Laboral,Fatiga del conductor,57,LESIONADO,NO_REGISTRA,SCOOTER,34,LESIONADO,HOMBRE,VEH_LIVIANO,7,LESIONADO,MUJER,VEH_LIVIANO
2022-02-02 05:15:13,-4.007209,-79.224524,Av. Manuel Agustin Aguirre,CON_FALLECIDOS,Caida,Via resbaladiza o mojada,55,FALLECIDO,MUJER,OTRO,77,LESIONADO,HOMBRE,CICLISTA,52,LESIONADO,NO_REGISTRA,SCOOTER
2022-12-22 05:43:12,-4.016593,-79.200674,Calle 18 de Noviembre,CON_FALLECIDOS,Volcamiento,Fatiga del conductor,67,FALLECIDO,NO_REGISTRA,PEATON,,,,,,,,
2022-11-10 15:12:54,-4.029871,-79.206946,Calle Azogues,CON_LESIONADOS,Accidente Laboral,Distraccion (celular/radio),12,LESIONADO,MUJER,CICLISTA,34,LESIONADO,MUJER,CICLISTA,34,LESIONADO,NO_REGISTRA,OTRO
2022-09-03 07:40:33,-4.004788,-79.226423,Via Loja - Zamora,SOLO_DANOS,Colision Multiple,Via resbaladiza o mojada,,,,,,,,,,,,
2022-03-25 01:37:20,-4.015123,-79.190974,Calle Quito,SOLO_DANOS,Accidente Laboral,Exceso de velocidad,,,,,,,,,,,,
2022-02-05 01:01:25,-4.022606,-79.185457,Via Loja - Zamora,SOLO_DANOS,Caida,Fatiga del conductor,,,,,,,,,,,,
2022-02-24 19:14:37,-4.000473,-79.203834,Calle Bolivar,SOLO_DANOS,Incendio,Distraccion (celular/radio),,,,,,,,,,,,
2022-06-18 10:09:27,-4.024640,-79.209244,Via Loja - Zamora,SOLO_DANOS,Atropellamiento,Exceso de velocidad,,,,,,,,,,,,
2022-03-03 10:31:32,-3.991494,-79.195475,Calle Bolivar,SOLO_DANOS,Accidente Laboral,Imprudencia del conductor,,,,,,,,,,,,
2022-05-10 01:52:12,-4.001464,-79.217319,Calle Ramon Borrero,CON_FALLECIDOS,Colision Multiple,Equipo de seguridad deficiente,67,FALLECIDO,NO_REGISTRA,OTRO,,,,,,,,
2022-10-19 17:25:43,-3.980549,-79.177639,Calle Ramon Borrero,CON_LESIONADOS,Accidente Laboral,Mal estado de la via,69,LESIONADO,MUJER,CICLISTA,35,LESIONADO,HOMBRE,MOTOCICLETA,,,,
2022-11-20 07:34:33,-3.991651,-79.210921,Av. Isidro Ayora,SOLO_DANOS,Colision Multiple,Mal estado de la via,,,,,,,,,,,,
2022-11-20 02:19:19,-3.987377,-79.216407,Av. Manuel Agustin Aguirre,SOLO_DANOS,Incendio,Inobservancia de senales,,,,,,,,,,,,
2022-07-30 07:38:14,-3.982369,-79.184052,Av. Cuxibamba,SOLO_DANOS,Volcamiento,Inobservancia de senales,,,,,,,,,,,,
2022-03-31 01:37:37,-3.984757,-79.171286,Calle 10 de Agosto,SOLO_DANOS,Incendio,Fatiga del conductor,,,,,,,,,,,,
2022-08-01 11:07:59,-3.978161,-79.202999,Av. Metropolitana,SOLO_DANOS,Choque Vehicular,Visibilidad reducida,,,,,,,,,,,,
2022-01-24 08:40:36,-4.017706,-79.203725,Calle Rocafuerte,CON_LESIONADOS,Atropellamiento,Inobservancia de senales,38,LESIONADO,MUJER,CICLISTA,39,LESIONADO,MUJER,OTRO,,,,