fecha_hora,latitud,longitud,via,grado_severidad,tipo_siniestro,causa_probable,victima1_edad,victima1_condicion,victima1_sexo,victima1_actor_vial,victima2_edad,victima2_condicion,victima2_sexo,victima2_actor_vial,victima3_edad,victima3_condicion,victima3_sexo,victima3_actor_vial
2022-11-22 13:19:55,-4.003053,-79.202889,Av. Universitaria,CON_LESIONADOS,Incendio,Mal estado de la via,11,LESIONADO,HOMBRE,OTRO,36,LESIONADO,MUJER,PEATON,76,LESIONADO,HOMBRE,MOTOCICLETA
2022-12-14 17:55:48,-3.993747,-79.191384,Calle Rocafuerte,CON_FALLECIDOS,Accidente Laboral,Falla mecanica,69,FALLECIDO,MUJER,PEATON,72,FALLECIDO,MUJER,OTRO,64,LESIONADO,HOMBRE,CICLISTA
2022-07-23 09:50:38,-4.035698,-79.227942,Calle Sucre,SOLO_DANOS,Colision Multiple,Fatiga del conductor,,,,,,,,,,,,
2022-09-06 14:03:09,-3.987138,-79.217431,Calle 18 de Noviembre,CON_FALLECIDOS,Atropellamiento,Inobservancia de senales,76,FALLECIDO,NO_REGISTRA,OTRO,38,LESIONADO,HOMBRE,VEH_LIVIANO,60,LESIONADO,NO_REGISTRA,PEATON
2022-08-03 21:26:04,-4.019840,-79.227289,Av. Universitaria,SOLO_DANOS,Volcamiento,Via resbaladiza o mojada,,,,,,,,,,,,
2022-05-17 04:46:52,-3.995564,-79.189558,Calle Saraguro,CON_FALLECIDOS,Caida,Fatiga del conductor,40,FALLECIDO,NO_REGISTRA,MOTOCICLETA,12,LESIONADO,NO_REGISTRA,MOTOCICLETA,33,LESIONADO,NO_REGISTRA,MOTOCICLETA
2022-06-15 14:16:26,-4.028478,-79.230729,Av. Universitaria,SOLO_DANOS,Colision Multiple,Inobservancia de senales,,,,,,,,,,,,
2022-05-22 08:20:45,-3.977605,-79.226220,Via Loja - Zamora,CON_LESIONADOS,Caida,Equipo de seguridad deficiente,45,LESIONADO,MUJER,MOTOCICLETA,33,LESIONADO,MUJER,PEATON,,,,
2022-04-24 19:08:50,-4.028465,-79.217529,Av. Isidro Ayora,SOLO_DANOS,Volcamiento,Distraccion (celular/radio),,,,,,,,,,,,
2022-01-23 17:30:08,-4.030634,-79.197603,Via Loja - Zamora,CON_FALLECIDOS,Atropellamiento,Exceso de velocidad,47,FALLECIDO,NO_REGISTRA,MOTOCICLETA,25,LESIONADO,MUJER,MOTOCICLETA,,,,
2022-10-28 16:48:32,-3.998800,-79.191831,Calle Saraguro,SOLO_DANOS,Volcamiento,Via resbaladiza o mojada,,,,,,,,,,,,
2022-06-08 15:17:41,-4.017139,-79.197306,Calle Saraguro,CON_LESIONADOS,Accidente Laboral,Mal estado de la via,58,LESIONADO,NO_REGISTRA,SCOOTER,,,,,,,,
2022-06-11 13:03:49,-3.987219,-79.200296,Calle Sucre,CON_FALLECIDOS,Caida,Imprudencia del conductor,84,FALLECIDO,NO_REGISTRA,PEATON,61,FALLECIDO,MUJER,VEH_LIVIANO,57,LESIONADO,HOMBRE,VEH_LIVIANO
2022-07-27 16:09:19,-3.990148,-79.214212,Calle 10 de Agosto,CON_FALLECIDOS,Incendio,Factores externos,69,FALLECIDO,NO_REGISTRA,CICLISTA,23,LESIONADO,NO_REGISTRA,MOTOCICLETA,11,LESIONADO,NO_REGISTRA,VEH_LIVIANO
2022-07-22 04:07:29,-4.031123,-79.230784,Calle 18 de Noviembre,CON_LESIONADOS,Colision Multiple,Fatiga del conductor,56,LESIONADO,NO_REGISTRA,VEH_LIVIANO,,,,,,,,
2022-07-08 15:19:44,-4.005914,-79.202688,Calle 18 de Noviembre,CON_FALLECIDOS,Caida,Distraccion (celular/radio),35,FALLECIDO,MUJER,OTRO,,,,,,,,
2022-12-24 23:15:59,-3.997394,-79.182722,Av. 8 de Diciembre,CON_FALLECIDOS,Caida,Estado de embriaguez,22,FALLECIDO,MUJER,MOTOCICLETA,24,LESIONADO,HOMBRE,SCOOTER,,,,
2022-06-08 21:34:20,-4.015257,-79.192663,Calle Montufar,SOLO_DANOS,Accidente Laboral,Mal estado de la via,,,,,,,,,,,,
2022-10-14 20:43:02,-3.980106,-79.207209,Via Loja - Catamayo,CON_LESIONADOS,Caida,Equipo de seguridad deficiente,74,LESIONADO,MUJER,OTRO,54,LESIONADO,MUJER,CICLISTA,19,LESIONADO,NO_REGISTRA,OTRO
2022-10-02 17:32:21,-4.032580,-79.222413,Av. Rosa Hermosa,CON_FALLECIDOS,Accidente Laboral,Equipo de seguridad deficiente,42,FALLECIDO,MUJER,PEATON,55,FALLECIDO,HOMBRE,CICLISTA,80,LESIONADO,MUJER,PEATON
2022-10-04 14:07:51,-3.998442,-79.174503,Calle Mercadillo,CON_LESIONADOS,Atropellamiento,Via resbaladiza o mojada,66,LESIONADO,MUJER,CICLISTA,55,LESIONADO,MUJER,VEH_LIVIANO,,,,
2022-11-10 18:56:01,-4.024247,-79.218386,Calle Imbabura,CON_LESIONADOS,Caida,Distraccion (celular/radio),58,LESIONADO,MUJER,CICLISTA,,,,,,,,
2022-06-08 12:33:42,-4.027170,-79.202440,Calle Mercadillo,CON_LESIONADOS,Atropellamiento,Fatiga del conductor,29,LESIONADO,MUJER,PEATON,39,LESIONADO,NO_REGISTRA,VEH_LIVIANO,,,,
2022-10-30 23:16:37,-3.993220,-79.215222,Calle Saraguro,CON_FALLECIDOS,Atropellamiento,Estado de embriaguez,40,FALLECIDO,MUJER,CICLISTA,45,FALLECIDO,NO_REGISTRA,PEATON,36,LESIONADO,NO_REGISTRA,VEH_LIVIANO
2022-12-26 01:31:07,-4.018709,-79.179977,Av. Pio Jaramillo,CON_LESIONADOS,Caida,Equipo de seguridad deficiente,41,LESIONADO,HOMBRE,MOTOCICLETA,13,LESIONADO,NO_REGISTRA,SCOOTER,,,,
2022-12-30 21:53:08,-4.004160,-79.172662,Av. Orillas del Zamora,CON_FALLECIDOS,Volcamiento,Distraccion (celular/radio),69,FALLECIDO,MUJER,SCOOTER,,,,,,,,
2022-05-27 20:22:54,-4.014191,-79.219725,Calle Imbabura,SOLO_DANOS,Incendio,Distraccion (celular/radio),,,,,,,,,,,,
2022-07-03 14:20:59,-3.981203,-79.201545,Av. Isidro Ayora,CON_FALLECIDOS,Choque Vehicular,Factores externos,42,FALLECIDO,NO_REGISTRA,OTRO,61,FALLECIDO,NO_REGISTRA,MOTOCICLETA,16,LESIONADO,NO_REGISTRA,PEATON
2022-11-05 19:04:00,-4.021644,-79.195377,Calle Rocafuerte,CON_LESIONADOS,Atropellamiento,Imprudencia del conductor,56,LESIONADO,MUJER,SCOOTER,11,LESIONADO,HOMBRE,OTRO,61,LESIONADO,NO_REGISTRA,SCOOTER
2022-05-29 14:01:22,-3.982364,-79.230869,Calle Bolivar,SOLO_DANOS,Accidente Laboral,Factores externos,,,,,,,,,,,,
2022-09-16 22:43:07,-3.999295,-79.230876,Calle Quito,CON_LESIONADOS,Caida,Estado de embriaguez,33,LESIONADO,HOMBRE,MOTOCICLETA,,,,,,,,
2022-06-20 14:37:07,-4.019627,-79.186037,Av. Pio Jaramillo,CON_FALLECIDOS,Volcamiento,Imprudencia del conductor,61,FALLECIDO,NO_REGISTRA,CICLISTA,80,LESIONADO,NO_REGISTRA,OTRO,,,,
2022-01-04 08:32:59,-3.998199,-79.230133,Av. Reinaldo Espinosa,SOLO_DANOS,Atropellamiento,Imprudencia del conductor,,,,,,,,,,,,
2022-01-25 16:55:10,-3.977068,-79.216679,Calle Imbabura,CON_LESIONADOS,Colision Multiple,Distraccion (celular/radio),60,LESIONADO,HOMBRE,CICLISTA,17,LESIONADO,HOMBRE,PEATON,,,,
2022-12-17 02:12:48,-4.003653,-79.196971,Via Loja - Zamora,CON_FALLECIDOS,Caida,Estado de embriaguez,78,FALLECIDO,NO_REGISTRA,OTRO,73,FALLECIDO,NO_REGISTRA,PEATON,,,,
2022-05-31 07:49:24,-4.010685,-79.175280,Calle Colon,CON_LESIONADOS,Caida,Factores externos,66,LESIONADO,NO_REGISTRA,VEH_LIVIANO,27,LESIONADO,MUJER,CICLISTA,49,LESIONADO,NO_REGISTRA,SCOOTER
2022-03-05 21:20:40,-3.991764,-79.209189,Ruta 35,CON_LESIONADOS,Colision Multiple,Mal estado de la via,56,LESIONADO,HOMBRE,OTRO,,,,,,,,
2022-09-02 01:46:24,-3.997874,-79.213456,Av. Rosa Hermosa,SOLO_DANOS,Incendio,Visibilidad reducida,,,,,,,,,,,,
2022-09-17 01:04:01,-4.031517,-79.182075,Av. Reinaldo Espinosa,CON_FALLECIDOS,Incendio,Equipo de seguridad deficiente,50,FALLECIDO,HOMBRE,VEH_LIVIANO,76,FALLECIDO,MUJER,SCOOTER,53,LESIONADO,HOMBRE,OTRO
2022-07-06 00:18:12,-3.977523,-79.184071,Calle Quito,SOLO_DANOS,Volcamiento,Factores externos,,,,,,,,,,,,
2022-11-29 20:16:47,-3.990110,-79.186955,Av. 8 de Diciembre,SOLO_DANOS,Choque Vehicular,Inobservancia de senales,,,,,,,,,,,,
2022-11-04 16:02:09,-3.982145,-79.174148,Av. Reinaldo Espinosa,SOLO_DANOS,Atropellamiento,Mal estado de la via,,,,,,,,,,,,
2022-03-07 07:32:55,-3.978240,-79.185244,Calle Imbabura,CON_FALLECIDOS,Atropellamiento,Visibilidad reducida,85,FALLECIDO,HOMBRE,PEATON,66,FALLECIDO,MUJER,MOTOCICLETA,,,,
2022-11-16 07:05:30,-3.998892,-79.207658,Calle Rocafuerte,CON_LESIONADOS,Caida,Visibilidad reducida,13,LESIONADO,MUJER,VEH_LIVIANO,66,LESIONADO,MUJER,CICLISTA,41,LESIONADO,MUJER,CICLISTA
2022-11-28 08:45:53,-4.000031,-79.208677,Via Loja - Catamayo,CON_LESIONADOS,Caida,Estado de embriaguez,5,LESIONADO,NO_REGISTRA,PEATON,25,LESIONADO,NO_REGISTRA,MOTOCICLETA,,,,
2022-06-01 16:20:44,-4.012717,-79.229268,Calle 10 de Agosto,SOLO_DANOS,Choque Vehicular,Mal estado de la via,,,,,,,,,,,,
2022-03-06 15:21:16,-4.033347,-79.201517,Av. Gran Colombia,CON_FALLECIDOS,Colision Multiple,Falla mecanica,29,FALLECIDO,MUJER,CICLISTA,59,LESIONADO,HOMBRE,MOTOCICLETA,49,LESIONADO,NO_REGISTRA,CICLISTA
2022-01-17 12:12:14,-4.036873,-79.204117,Av. Pio Jaramillo,CON_FALLECIDOS,Volcamiento,Distraccion (celular/radio),57,FALLECIDO,HOMBRE,PEATON,67,FALLECIDO,MUJER,OTRO,,,,
2022-02-12 12:28:16,-4.027513,-79.173550,Calle Imbabura,CON_LESIONADOS,Incendio,Visibilidad reducida,43,LESIONADO,MUJER,SCOOTER,25,LESIONADO,NO_REGISTRA,CICLISTA,,,,
2022-11-17 04:48:49,-4.024077,-79.190229,Av. Reinaldo Espinosa,SOLO_DANOS,Choque Vehicular,Estado de embriaguez,,,,,,,,,,,,
2022-08-09 19:04:26,-3.981939,-79.195960,Av. 8 de Diciembre,CON_LESIONADOS,Volcamiento,Imprudencia del conductor,18,LESIONADO,MUJER,CICLISTA,50,LESIONADO,HOMBRE,PEATON,,,,
2022-03-24 19:52:34,-4.022546,-79.189663,Calle Ramon Borrero,SOLO_DANOS,Accidente Laboral,Falla mecanica,,,,,,,,,,,,
2022-09-26 13:10:14,-3.996272,-79.175223,Av. Gran Colombia,SOLO_DANOS,Accidente Laboral,Visibilidad reducida,,,,,,,,,,,,
2022-12-21 09:31:36,-4.015621,-79.228484,Av. Orillas del Zamora,SOLO_DANOS,Colision Multiple,Fatiga del conductor,,,,,,,,,,,,
2022-08-19 16:31:53,-4.011187,-79.201381,Calle Miguel Riofrio,SOLO_DANOS,Colision Multiple,Fatiga del conductor,53,LESIONADO,MUJER,OTRO,,,,,,,,
2022-05-26 03:46:32,-4.010172,-79.188114,Calle Quito,SOLO_DANOS,Caida,Visibilidad reducida,,,,,,,,,,,,
2022-07-28 21:39:13,-3.993417,-79.210436,Av. Pio Jaramillo,CON_LESIONADOS,Accidente Laboral,Inobservancia de senales,51,LESIONADO,HOMBRE,SCOOTER,46,LESIONADO,MUJER,PEATON,29,LESIONADO,NO_REGISTRA,VEH_LIVIANO
2022-08-03 13:48:29,-4.029760,-79.197132,Av. Gran Colombia,CON_LESIONADOS,Choque Vehicular,Via resbaladiza o mojada,33,LESIONADO,HOMBRE,MOTOCICLETA,67,LESIONADO,MUJER,CICLISTA,,,,
2022-02-10 02:21:34,-3.984874,-79.225054,Calle Quito,SOLO_DANOS,Caida,Via resbaladiza o mojada,,,,,,,,,,,,
2022-04-26 11:31:31,-4.016009,-79.194356,Av. 8 de Diciembre,CON_LESIONADOS,Atropellamiento,Inobservancia de senales,69,LESIONADO,HOMBRE,PEATON,78,LESIONADO,MUJER,SCOOTER,27,LESIONADO,NO_REGISTRA,MOTOCICLETA
2022-02-18 05:52:03,-3.981663,-79.177008,Via Loja - Catamayo,SOLO_DANOS,Atropellamiento,Visibilidad reducida,,,,,,,,,,,,
2022-07-08 21:25:00,-3.992871,-79.187356,Calle Miguel Riofrio,CON_FALLECIDOS,Choque Vehicular,Estado de embriaguez,72,FALLECIDO,MUJER,SCOOTER,38,FALLECIDO,MUJER,OTRO,72,LESIONADO,HOMBRE,SCOOTER
2022-07-27 04:43:08,-4.019041,-79.219764,Calle 10 de Agosto,SOLO_DANOS,Choque Vehicular,Equipo de seguridad deficiente,,,,,,,,,,,,
2022-05-24 03:37:36,-4.028815,-79.186634,Ruta 35,CON_LESIONADOS,Colision Multiple,Visibilidad reducida,37,LESIONADO,NO_REGISTRA,CICLISTA,,,,,,,,
2022-10-24 15:41:53,-4.010310,-79.186741,Calle Colon,SOLO_DANOS,Choque Vehicular,Estado de embriaguez,,,,,,,,,,,,
2022-06-08 15:02:20,-3.978674,-79.183317,Av. Cuxibamba,SOLO_DANOS,Atropellamiento,Visibilidad reducida,,,,,,,,,,,,
2022-03-14 18:15:15,-4.021042,-79.181164,Av. Gran Colombia,CON_FALLECIDOS,Choque Vehicular,Imprudencia del conductor,70,FALLECIDO,MUJER,MOTOCICLETA,,,,,,,,
2022-02-07 16:37:36,-3.998650,-79.178398,Via Loja - Catamayo,SOLO_DANOS,Incendio,Falla mecanica,,,,,,,,,,,,
2022-10-11 08:28:10,-4.022291,-79.180407,Calle Azogues,CON_FALLECIDOS,Volcamiento,Mal estado de la via,60,FALLECIDO,MUJER,OTRO,57,LESIONADO,NO_REGISTRA,CICLISTA,5,LESIONADO,HOMBRE,MOTOCICLETA
2022-08-16 03:20:52,-3.993825,-79.172660,Calle Azogues,CON_LESIONADOS,Atropellamiento,Equipo de seguridad deficiente,69,LESIONADO,MUJER,VEH_LIVIANO,77,LESIONADO,HOMBRE,VEH_LIVIANO,50,LESIONADO,MUJER,SCOOTER
2022-12-04 17:29:36,-4.005225,-79.184928,Av. Isidro Ayora,CON_FALLECIDOS,Volcamiento,Estado de embriaguez,83,FALLECIDO,MUJER,CICLISTA,,,,,,,,
2022-10-05 19:10:15,-3.993772,-79.171463,Calle 18 de Noviembre,CON_LESIONADOS,Colision Multiple,Estado de embriaguez,8,LESIONADO,HOMBRE,MOTOCICLETA,75,LESIONADO,HOMBRE,OTRO,,,,
2022-01-28 19:52:39,-4.002911,-79.179169,Av. Isidro Ayora,SOLO_DANOS,Accidente Laboral,Via resbaladiza o mojada,,,,,,,,,,,,
2022-05-31 11:25:44,-4.008049,-79.179456,Av. Pio Jaramillo,CON_FALLECIDOS,Incendio,Falla mecanica,57,FALLECIDO,HOMBRE,OTRO,75,LESIONADO,MUJER,VEH_LIVIANO,57,LESIONADO,HOMBRE,SCOOTER
2022-11-25 18:11:19,-4.007923,-79.190927,Via Loja - Zamora,CON_LESIONADOS,Choque Vehicular,Falla mecanica,33,LESIONADO,NO_REGISTRA,SCOOTER,79,LESIONADO,MUJER,SCOOTER,,,,
2022-05-22 20:08:29,-4.026212,-79.216034,Av. Orillas del Zamora,CON_FALLECIDOS,Accidente Laboral,Factores externos,48,FALLECIDO,NO_REGISTRA,MOTOCICLETA,53,FALLECIDO,HOMBRE,CICLISTA,,,,
2022-07-21 11:24:54,-4.002917,-79.216086,Av. Orillas del Zamora,CON_FALLECIDOS,Colision Multiple,Imprudencia del conductor,81,FALLECIDO,NO_REGISTRA,PEATON,72,FALLECIDO,MUJER,CICLISTA,52,LESIONADO,MUJER,VEH_LIVIANO
2022-03-26 23:17:21,-4.001376,-79.184935,Calle Bolivar,CON_LESIONADOS,Colision Multiple,Equipo de seguridad deficiente,57,LESIONADO,HOMBRE,SCOOTER,,,,,,,,
2022-03-15 00:43:52,-4.029796,-79.186612,Calle Bolivar,SOLO_DANOS,Atropellamiento,Exceso de velocidad,,,,,,,,,,,,
2022-01-31 02:03:42,-4.023918,-79.212210,Av. Gran Colombia,SOLO_DANOS,Incendio,Falla mecanica,,,,,,,,,,,,
2022-11-27 16:38:52,-3.988028,-79.210727,Calle Sucre,SOLO_DANOS,Atropellamiento,Estado de embriaguez,68,LESIONADO,MUJER,PEATON,,,,,,,,
2022-11-03 02:30:07,-4.004146,-79.225705,Av. Orillas del Zamora,CON_LESIONADOS,Colision Multiple,Factores externos,10,LESIONADO,HOMBRE,CICLISTA,65,LESIONADO,HOMBRE,MOTOCICLETA,,,,
2022-01-10 00:35:29,-4.031116,-79.211387,Calle Imbabura,CON_LESIONADOS,Choque Vehicular,Distraccion (celular/radio),43,LESIONADO,NO_REGISTRA,OTRO,64,LESIONADO,NO_REGISTRA,SCOOTER,,,,
2022-07-11 06:34:22,-4.012200,-79.229714,Av. Rosa Hermosa,CON_FALLECIDOS,Incendio,Equipo de seguridad deficiente,37,FALLECIDO,MUJER,SCOOTER,26,FALLECIDO,MUJER,SCOOTER,,,,
2022-04-11 01:14:24,-3.985264,-79.194628,Av. Gran Colombia,CON_LESIONADOS,Colision Multiple,Visibilidad reducida,53,LESIONADO,HOMBRE,CICLISTA,63,LESIONADO,MUJER,PEATON,11,LESIONADO,MUJER,OTRO
2022-02-27 14:40:26,-4.027306,-79.215567,Calle Quito,CON_LESIONADOS,Colision Multiple,Falla mecanica,78,LESIONADO,MUJER,CICLISTA,,,,,,,,
2022-06-17 00:23:22,-4.035288,-79.174592,Via Loja - Zamora,SOLO_DANOS,Accidente Laboral,Fatiga del conductor,,,,,,,,,,,,
2022-11-13 07:26:13,-3.996024,-79.183246,Calle Sucre,CON_LESIONADOS,Caida,Distraccion (celular/radio),57,LESIONADO,MUJER,PEATON,15,LESIONADO,HOMBRE,VEH_LIVIANO,33,LESIONADO,HOMBRE,OTRO
2022-12-08 20:55:45,-3.977909,-79.228477,Calle Mercadillo,CON_FALLECIDOS,Caida,Estado de embriaguez,49,FALLECIDO,NO_REGISTRA,VEH_LIVIANO,,,,,,,,
2022-05-17 06:14:15,-4.024461,-79.215372,Calle Quito,CON_LESIONADOS,Atropellamiento,Fatiga del conductor,29,LESIONADO,MUJER,OTRO,,,,,,,,
2022-12-21 14:29:27,-3.979803,-79.211687,Av. Gran Colombia,SOLO_DANOS,Incendio,Imprudencia del conductor,,,,,,,,,,,,
2022-09-22 05:54:28,-4.019134,-79.226340,Calle Imbabura,SOLO_DANOS,Colision Multiple,Via resbaladiza o mojada,,,,,,,,,,,,
2022-02-02 19:47:16,-3.991553,-79.217211,Calle Bolivar,SOLO_DANOS,Accidente Laboral,Mal estado de la via,,,,,,,,,,,,
2022-04-03 10:17:09,-4.031687,-79.198503,Calle Sucre,CON_LESIONADOS,Colision Multiple,Distraccion (celular/radio),72,LESIONADO,MUJER,OTRO,6,LESIONADO,MUJER,OTRO,,,,
2022-07-23 20:27:56,-3.979451,-79.181212,Calle Montufar,CON_FALLECIDOS,Caida,Mal estado de la via,37,FALLECIDO,MUJER,OTRO,40,LESIONADO,NO_REGISTRA,PEATON,,,,
2022-06-01 13:55:09,-3.987152,-79.171303,Av. Cuxibamba,SOLO_DANOS,Incendio,Via resbaladiza o mojada,,,,,,,,,,,,
2022-11-04 07:41:41,-4.030208,-79.201330,Via Loja - Catamayo,CON_FALLECIDOS,Atropellamiento,Fatiga del conductor,80,FALLECIDO,MUJER,VEH_LIVIANO,71,LESIONADO,NO_REGISTRA,VEH_LIVIANO,21,LESIONADO,HOMBRE,PEATON
2022-05-18 07:49:19,-3.982081,-79.178769,Via Loja - Catamayo,CON_FALLECIDOS,Atropellamiento,Visibilidad reducida,46,FALLECIDO,HOMBRE,PEATON,20,LESIONADO,HOMBRE,VEH_LIVIANO,,,,
2022-10-09 20:02:13,-4.004640,-79.230555,Av. Pio Jaramillo,CON_LESIONADOS,Atropellamiento,Falla mecanica,12,LESIONADO,MUJER,SCOOTER,44,LESIONADO,HOMBRE,PEATON,,,,
2022-03-12 19:33:40,-4.030666,-79.197224,Av. Reinaldo Espinosa,SOLO_DANOS,Choque Vehicular,Fatiga del conductor,,,,,,,,,,,,
2022-03-16 08:20:14,-4.022693,-79.183868,Av. Metropolitana,CON_LESIONADOS,Colision Multiple,Inobservancia de senales,26,LESIONADO,MUJER,MOTOCICLETA,,,,,,,,
2022-01-25 13:30:53,-4.011469,-79.183492,Calle Imbabura,CON_FALLECIDOS,Volcamiento,Visibilidad reducida,65,FALLECIDO,MUJER,MOTOCICLETA,49,FALLECIDO,MUJER,OTRO,12,LESIONADO,NO_REGISTRA,CICLISTA
2022-04-27 01:16:33,-3.995878,-79.198617,Calle Ramon Borrero,CON_LESIONADOS,Choque Vehicular,Imprudencia del conductor,22,LESIONADO,HOMBRE,CICLISTA,32,LESIONADO,MUJER,VEH_LIVIANO,,,,
2022-03-24 22:10:40,-4.033060,-79.186862,Av. Manuel Agustin Aguirre,CON_LESIONADOS,Choque Vehicular,Visibilidad reducida,78,LESIONADO,HOMBRE,OTRO,54,LESIONADO,HOMBRE,OTRO,,,,
2022-11-22 23:41:16,-4.006675,-79.194562,Calle Ramon Borrero,SOLO_DANOS,Incendio,Visibilidad reducida,,,,,,,,,,,,
2022-05-28 13:49:03,-4.028926,-79.226275,Calle Azogues,CON_LESIONADOS,Volcamiento,Imprudencia del conductor,40,LESIONADO,NO_REGISTRA,OTRO,68,LESIONADO,MUJER,SCOOTER,,,,
2022-07-09 18:45:29,-3.989908,-79.178475,Via Loja - Catamayo,CON_FALLECIDOS,Volcamiento,Fatiga del conductor,22,FALLECIDO,NO_REGISTRA,CICLISTA,64,LESIONADO,NO_REGISTRA,MOTOCICLETA,,,,
2022-10-31 09:00:22,-3.988562,-79.211406,Av. Universitaria,CON_FALLECIDOS,Volcamiento,Imprudencia del conductor,68,FALLECIDO,HOMBRE,PEATON,19,LESIONADO,HOMBRE,VEH_LIVIANO,14,LESIONADO,MUJER,SCOOTER
2022-09-28 19:18:51,-3.996936,-79.186489,Calle Azogues,SOLO_DANOS,Colision Multiple,Fatiga del conductor,,,,,,,,,,,,
2022-11-26 11:04:37,-4.014163,-79.174165,Calle Ramon Borrero,CON_LESIONADOS,Incendio,Equipo de seguridad deficiente,21,LESIONADO,HOMBRE,PEATON,28,LESIONADO,HOMBRE,CICLISTA,60,LESIONADO,HOMBRE,PEATON
2022-07-18 14:45:21,-4.029622,-79.213460,Calle Sucre,CON_LESIONADOS,Atropellamiento,Inobservancia de senales,66,LESIONADO,MUJER,OTRO,73,LESIONADO,MUJER,PEATON,9,LESIONADO,HOMBRE,PEATON
2022-06-19 04:29:17,-3.990024,-79.184287,Av. Isidro Ayora,SOLO_DANOS,Volcamiento,Visibilidad reducida,,,,,,,,,,,,
2022-03-01 07:28:38,-4.027181,-79.216748,Calle Quito,CON_FALLECIDOS,Accidente Laboral,Via resbaladiza o mojada,33,FALLECIDO,HOMBRE,PEATON,,,,,,,,
2022-01-05 11:43:22,-4.003113,-79.226127,Calle Montufar,CON_LESIONADOS,Colision Multiple,Falla mecanica,73,LESIONADO,HOMBRE,CICLISTA,25,LESIONADO,MUJER,SCOOTER,11,LESIONADO,HOMBRE,PEATON
2022-10-14 04:22:14,-4.035889,-79.188145,Calle Sucre,SOLO_DANOS,Volcamiento,Visibilidad reducida,,,,,,,,,,,,
2022-05-06 02:32:52,-3.998734,-79.201003,Calle Saraguro,CON_FALLECIDOS,Accidente Laboral,Exceso de velocidad,73,FALLECIDO,MUJER,CICLISTA,55,FALLECIDO,NO_REGISTRA,VEH_LIVIANO,21,LESIONADO,MUJER,VEH_LIVIANO
2022-05-25 12:13:12,-3.996463,-79.210331,Calle 10 de Agosto,SOLO_DANOS,Incendio,Falla mecanica,,,,,,,,,,,,
2022-07-23 15:55:57,-3.991456,-79.172291,Calle Colon,CON_FALLECIDOS,Colision Multiple,Exceso de velocidad,46,FALLECIDO,MUJER,OTRO,81,FALLECIDO,HOMBRE,OTRO,37,LESIONADO,HOMBRE,VEH_LIVIANO
2022-01-07 03:29:53,-4.004025,-79.200184,Av. Metropolitana,CON_LESIONADOS,Accidente Laboral,Visibilidad reducida,69,LESIONADO,HOMBRE,OTRO,,,,,,,,
2022-08-05 17:42:31,-4.035785,-79.194730,Av. Gran Colombia,CON_FALLECIDOS,Incendio,Falla mecanica,51,FALLECIDO,HOMBRE,MOTOCICLETA,,,,,,,,
2022-03-24 14:05:24,-3.987286,-79.186208,Av. Isidro Ayora,CON_FALLECIDOS,Caida,Mal estado de la via,27,FALLECIDO,NO_REGISTRA,VEH_LIVIANO,48,FALLECIDO,HOMBRE,VEH_LIVIANO,63,LESIONADO,HOMBRE,SCOOTER
2022-02-01 09:50:55,-3.992722,-79.196664,Calle Quito,CON_LESIONADOS,Colision Multiple,Inobservancia de senales,28,LESIONADO,MUJER,OTRO,35,LESIONADO,MUJER,SCOOTER,71,LESIONADO,HOMBRE,OTRO
2022-10-29 02:21:37,-4.017347,-79.227145,Calle Colon,CON_FALLECIDOS,Choque Vehicular,Equipo de seguridad deficiente,31,FALLECIDO,HOMBRE,SCOOTER,12,LESIONADO,NO_REGISTRA,PEATON,31,LESIONADO,HOMBRE,MOTOCICLETA
2022-09-01 14:38:08,-3.983609,-79.193216,Calle Mercadillo,CON_FALLECIDOS,Volcamiento,Exceso de velocidad,31,FALLECIDO,MUJER,MOTOCICLETA,68,FALLECIDO,HOMBRE,OTRO,44,LESIONADO,MUJER,OTRO
2022-04-23 04:06:20,-3.991495,-79.171053,Calle Quito,SOLO_DANOS,Choque Vehicular,Inobservancia de senales,,,,,,,,,,,,
2022-03-30 02:10:24,-4.034285,-79.210560,Calle 10 de Agosto,CON_LESIONADOS,Colision Multiple,Equipo de seguridad deficiente,6,LESIONADO,NO_REGISTRA,PEATON,39,LESIONADO,MUJER,VEH_LIVIANO,,,,
2022-06-16 09:31:41,-4.006711,-79.198587,Av. Orillas del Zamora,CON_FALLECIDOS,Colision Multiple,Inobservancia de senales,21,FALLECIDO,HOMBRE,MOTOCICLETA,,,,,,,,
2022-04-27 05:29:26,-4.012733,-79.226224,Calle Sucre,CON_FALLECIDOS,Caida,Inobservancia de senales,72,FALLECIDO,MUJER,CICLISTA,55,FALLECIDO,MUJER,OTRO,13,LESIONADO,MUJER,CICLISTA
2022-07-20 00:34:36,-4.034463,-79.203110,Calle Imbabura,CON_FALLECIDOS,Choque Vehicular,Exceso de velocidad,19,FALLECIDO,NO_REGISTRA,SCOOTER,18,FALLECIDO,NO_REGISTRA,SCOOTER,,,,
2022-08-22 23:52:42,-4.021212,-79.186566,Av. Rosa Hermosa,CON_FALLECIDOS,Atropellamiento,Estado de embriaguez,33,FALLECIDO,NO_REGISTRA,SCOOTER,,,,,,,,