fecha_hora,latitud,longitud,via,grado_severidad,tipo_siniestro,causa_probable,victima1_edad,victima1_condicion,victima1_sexo,victima1_actor_vial,victima2_edad,victima2_condicion,victima2_sexo,victima2_actor_vial,victima3_edad,victima3_condicion,victima3_sexo,victima3_actor_vial
2022-03-06 08:52:45,-4.011260,-79.200019,Av. Rosa Hermosa,CON_FALLECIDOS,Atropellamiento,Inobservancia de senales,66,FALLECIDO,NO_REGISTRA,VEH_LIVIANO,68,LESIONADO,MUJER,CICLISTA,,,,
2022-04-15 02:47:59,-4.028012,-79.191260,Calle 18 de Noviembre,SOLO_DANOS,Incendio,Factores externos,,,,,,,,,,,,
2022-09-01 03:43:15,-4.009730,-79.221878,Av. Rosa Hermosa,CON_FALLECIDOS,Caida,Fatiga del conductor,23,FALLECIDO,HOMBRE,OTRO,38,LESIONADO,MUJER,SCOOTER,68,LESIONADO,NO_REGISTRA,OTRO
2022-03-18 02:37:01,-3.983067,-79.178438,Av. Manuel Agustin Aguirre,CON_FALLECIDOS,Atropellamiento,Exceso de velocidad,29,FALLECIDO,HOMBRE,CICLISTA,40,LESIONADO,HOMBRE,SCOOTER,30,LESIONADO,HOMBRE,VEH_LIVIANO
2022-09-16 08:31:13,-3.991092,-79.198743,Av. Universitaria,CON_LESIONADOS,Incendio,Factores externos,48,LESIONADO,HOMBRE,CICLISTA,40,LESIONADO,MUJER,CICLISTA,72,LESIONADO,MUJER,PEATON
2022-09-28 20:12:04,-4.017548,-79.193757,Calle Sucre,SOLO_DANOS,Choque Vehicular,Exceso de velocidad,,,,,,,,,,,,
2022-12-17 02:38:17,-4.002368,-79.218030,Calle Azogues,SOLO_DANOS,Caida,Mal estado de la via,19,LESIONADO,HOMBRE,OTRO,,,,,,,,
2022-08-20 22:12:11,-4.014216,-79.204138,Calle 18 de Noviembre,SOLO_DANOS,Volcamiento,Imprudencia del conductor,,,,,,,,,,,,
2022-03-08 06:28:03,-4.013523,-79.208771,Calle 18 de Noviembre,CON_FALLECIDOS,Accidente Laboral,Imprudencia del conductor,61,FALLECIDO,HOMBRE,CICLISTA,42,FALLECIDO,NO_REGISTRA,OTRO,54,LESIONADO,HOMBRE,CICLISTA
2022-03-15 23:58:00,-3.982927,-79.226094,Av. Cuxibamba,CON_FALLECIDOS,Colision Multiple,Visibilidad reducida,50,FALLECIDO,HOMBRE,MOTOCICLETA,77,FALLECIDO,NO_REGISTRA,CICLISTA,71,LESIONADO,MUJER,PEATON
2022-06-04 22:11:01,-4.019702,-79.188934,Av. Reinaldo Espinosa,SOLO_DANOS,Choque Vehicular,Equipo de seguridad deficiente,,,,,,,,,,,,
2022-04-06 22:40:10,-4.016039,-79.192383,Calle Azogues,CON_LESIONADOS,Volcamiento,Inobservancia de senales,38,LESIONADO,HOMBRE,MOTOCICLETA,,,,,,,,
2022-03-18 18:06:30,-4.013105,-79.221729,Via Loja - Zamora,SOLO_DANOS,Caida,Estado de embriaguez,34,LESIONADO,NO_REGISTRA,PEATON,,,,,,,,
2022-03-28 19:04:28,-4.001922,-79.226656,Calle Saraguro,SOLO_DANOS,Caida,Equipo de seguridad deficiente,,,,,,,,,,,,
2022-03-14 21:01:26,-4.025488,-79.171948,Calle Imbabura,CON_LESIONADOS,Accidente Laboral,Inobservancia de senales,64,LESIONADO,NO_REGISTRA,OTRO,51,LESIONADO,NO_REGISTRA,SCOOTER,23,LESIONADO,NO_REGISTRA,MOTOCICLETA
2022-01-01 00:47:20,-4.031486,-79.227110,Calle 10 de Agosto,CON_FALLECIDOS,Atropellamiento,Inobservancia de senales,43,FALLECIDO,MUJER,SCOOTER,48,LESIONADO,HOMBRE,CICLISTA,,,,
2022-11-18 21:41:53,-4.010003,-79.197614,Calle 10 de Agosto,SOLO_DANOS,Atropellamiento,Imprudencia del conductor,,,,,,,,,,,,
2022-11-20 14:53:11,-4.011565,-79.178489,Calle Miguel Riofrio,CON_LESIONADOS,Accidente Laboral,Via resbaladiza o mojada,18,LESIONADO,NO_REGISTRA,PEATON,,,,,,,,
2022-12-01 22:44:09,-3.999832,-79.206203,Calle Mercadillo,CON_FALLECIDOS,Atropellamiento,Inobservancia de senales,54,FALLECIDO,HOMBRE,CICLISTA,85,FALLECIDO,MUJER,VEH_LIVIANO,,,,
2022-07-24 21:08:30,-3.984087,-79.182396,Calle Sucre,SOLO_DANOS,Volcamiento,Distraccion (celular/radio),,,,,,,,,,,,
2022-07-12 04:58:33,-4.009356,-79.183396,Av. 8 de Diciembre,CON_LESIONADOS,Choque Vehicular,Via resbaladiza o mojada,80,LESIONADO,NO_REGISTRA,OTRO,29,LESIONADO,NO_REGISTRA,MOTOCICLETA,54,LESIONADO,NO_REGISTRA,VEH_LIVIANO
2022-05-29 22:22:52,-3.990500,-79.202616,Calle Miguel Riofrio,SOLO_DANOS,Volcamiento,Factores externos,,,,,,,,,,,,
2022-03-02 03:33:30,-4.011758,-79.197350,Ruta 35,CON_LESIONADOS,Accidente Laboral,Visibilidad reducida,71,LESIONADO,MUJER,MOTOCICLETA,12,LESIONADO,HOMBRE,CICLISTA,,,,
2022-08-06 01:33:56,-3.993841,-79.180623,Av. Universitaria,SOLO_DANOS,Caida,Exceso de velocidad,,,,,,,,,,,,
2022-01-20 04:46:36,-3.994859,-79.176993,Av. Cuxibamba,SOLO_DANOS,Atropellamiento,Falla mecanica,,,,,,,,,,,,
2022-08-13 12:24:53,-3.993229,-79.228360,Calle Montufar,SOLO_DANOS,Atropellamiento,Visibilidad reducida,,,,,,,,,,,,
2022-12-26 03:12:39,-4.015565,-79.205498,Ruta 35,CON_LESIONADOS,Volcamiento,Estado de embriaguez,60,LESIONADO,NO_REGISTRA,SCOOTER,33,LESIONADO,HOMBRE,PEATON,,,,
2022-12-11 17:48:17,-4.026446,-79.228325,Av. Orillas del Zamora,CON_LESIONADOS,Volcamiento,Via resbaladiza o mojada,76,LESIONADO,NO_REGISTRA,VEH_LIVIANO,,,,,,,,
2022-07-01 00:43:05,-3.989858,-79.181866,Calle Sucre,SOLO_DANOS,Accidente Laboral,Falla mecanica,,,,,,,,,,,,
2022-10-23 10:37:25,-4.010815,-79.227338,Via Loja - Zamora,CON_LESIONADOS,Colision Multiple,Mal estado de la via,33,LESIONADO,NO_REGISTRA,MOTOCICLETA,,,,,,,,
2022-02-04 12:17:55,-3.987366,-79.194718,Calle Bolivar,CON_LESIONADOS,Caida,Factores externos,46,LESIONADO,NO_REGISTRA,PEATON,62,LESIONADO,MUJER,PEATON,,,,
2022-02-05 07:29:33,-4.008828,-79.230784,Via Loja - Zamora,CON_LESIONADOS,Accidente Laboral,Falla mecanica,76,LESIONADO,MUJER,MOTOCICLETA,74,LESIONADO,NO_REGISTRA,SCOOTER,40,LESIONADO,MUJER,OTRO
2022-05-04 05:22:39,-4.015387,-79.199059,Calle Sucre,CON_FALLECIDOS,Volcamiento,Exceso de velocidad,51,FALLECIDO,NO_REGISTRA,CICLISTA,53,FALLECIDO,NO_REGISTRA,VEH_LIVIANO,53,LESIONADO,HOMBRE,MOTOCICLETA
2022-01-29 02:39:50,-3.992289,-79.224561,Calle Rocafuerte,CON_LESIONADOS,Incendio,Inobservancia de senales,23,LESIONADO,NO_REGISTRA,CICLISTA,21,LESIONADO,NO_REGISTRA,VEH_LIVIANO,59,LESIONADO,HOMBRE,MOTOCICLETA
2022-03-18 02:21:57,-4.035980,-79.171196,Calle 18 de Noviembre,SOLO_DANOS,Atropellamiento,Imprudencia del conductor,,,,,,,,,,,,
2022-02-16 12:56:15,-4.001572,-79.204556,Av. Metropolitana,SOLO_DANOS,Accidente Laboral,Estado de embriaguez,,,,,,,,,,,,
2022-04-19 22:30:22,-4.036046,-79.205154,Calle Montufar,SOLO_DANOS,Incendio,Via resbaladiza o mojada,58,LESIONADO,HOMBRE,CICLISTA,,,,,,,,
2022-01-12 07:12:22,-4.010331,-79.227905,Calle Sucre,CON_LESIONADOS,Accidente Laboral,Fatiga del conductor,76,LESIONADO,MUJER,VEH_LIVIANO,,,,,,,,
2022-11-27 04:42:43,-3.979058,-79.213772,Calle Miguel Riofrio,SOLO_DANOS,Volcamiento,Inobservancia de senales,,,,,,,,,,,,
2022-07-26 15:36:29,-4.011960,-79.216765,Av. Pio Jaramillo,SOLO_DANOS,Atropellamiento,Estado de embriaguez,,,,,,,,,,,,
2022-07-15 08:58:04,-4.030211,-79.172201,Calle Imbabura,CON_FALLECIDOS,Caida,Via resbaladiza o mojada,23,FALLECIDO,MUJER,PEATON,25,FALLECIDO,MUJER,SCOOTER,69,LESIONADO,MUJER,CICLISTA
2022-01-01 23:35:54,-4.034426,-79.208632,Av. Isidro Ayora,SOLO_DANOS,Colision Multiple,Imprudencia del conductor,57,LESIONADO,NO_REGISTRA,VEH_LIVIANO,,,,,,,,
2022-01-23 21:27:08,-4.021652,-79.225192,Calle Ramon Borrero,CON_LESIONADOS,Atropellamiento,Estado de embriaguez,65,LESIONADO,NO_REGISTRA,VEH_LIVIANO,65,LESIONADO,NO_REGISTRA,VEH_LIVIANO,62,LESIONADO,HOMBRE,SCOOTER
2022-11-07 16:11:17,-4.017333,-79.173333,Av. Rosa Hermosa,CON_FALLECIDOS,Colision Multiple,Imprudencia del conductor,80,FALLECIDO,HOMBRE,SCOOTER,67,FALLECIDO,MUJER,PEATON,33,LESIONADO,HOMBRE,VEH_LIVIANO
2022-02-03 18:35:38,-4.028437,-79.202690,Av. Cuxibamba,CON_FALLECIDOS,Accidente Laboral,Distraccion (celular/radio),31,FALLECIDO,NO_REGISTRA,OTRO,,,,,,,,
2022-12-11 02:35:43,-4.029150,-79.189536,Calle Saraguro,CON_LESIONADOS,Incendio,Falla mecanica,6,LESIONADO,NO_REGISTRA,SCOOTER,,,,,,,,
2022-02-15 01:49:09,-3.980150,-79.183147,Calle Montufar,SOLO_DANOS,Volcamiento,Factores externos,,,,,,,,,,,,
2022-05-06 01:51:34,-4.017768,-79.190559,Av. 8 de Diciembre,SOLO_DANOS,Atropellamiento,Visibilidad reducida,,,,,,,,,,,,
2022-05-16 00:35:38,-3.993838,-79.213479,Av. Metropolitana,CON_LESIONADOS,Volcamiento,Falla mecanica,35,LESIONADO,MUJER,VEH_LIVIANO,48,LESIONADO,NO_REGISTRA,VEH_LIVIANO,63,LESIONADO,MUJER,VEH_LIVIANO
2022-01-27 00:13:07,-4.013831,-79.204463,Av. 8 de Diciembre,CON_LESIONADOS,Incendio,Fatiga del conductor,65,LESIONADO,HOMBRE,MOTOCICLETA,,,,,,,,
2022-01-22 18:31:25,-4.023288,-79.191125,Av. Metropolitana,CON_FALLECIDOS,Volcamiento,Estado de embriaguez,38,FALLECIDO,HOMBRE,PEATON,35,FALLECIDO,MUJER,CICLISTA,41,LESIONADO,MUJER,MOTOCICLETA
2022-07-25 17:20:29,-4.036761,-79.199886,Calle 10 de Agosto,CON_LESIONADOS,Choque Vehicular,Fatiga del conductor,36,LESIONADO,HOMBRE,OTRO,,,,,,,,
2022-08-02 01:48:51,-3.990908,-79.212692,Via Loja - Zamora,CON_FALLECIDOS,Incendio,Imprudencia del conductor,19,FALLECIDO,NO_REGISTRA,PEATON,,,,,,,,
2022-07-31 10:40:54,-3.997283,-79.181406,Via Loja - Catamayo,CON_LESIONADOS,Accidente Laboral,Imprudencia del conductor,34,LESIONADO,NO_REGISTRA,CICLISTA,,,,,,,,
2022-09-06 18:51:46,-3.998067,-79.206818,Calle Montufar,CON_LESIONADOS,Incendio,Visibilidad reducida,40,LESIONADO,HOMBRE,OTRO,43,LESIONADO,HOMBRE,PEATON,72,LESIONADO,HOMBRE,VEH_LIVIANO
2022-10-06 10:47:11,-4.001280,-79.219379,Av. Metropolitana,SOLO_DANOS,Accidente Laboral,Exceso de velocidad,,,,,,,,,,,,
2022-03-26 23:17:40,-4.031581,-79.176300,Calle Miguel Riofrio,SOLO_DANOS,Caida,Equipo de seguridad deficiente,,,,,,,,,,,,
2022-10-09 01:19:14,-3.980246,-79.171129,Av. Manuel Agustin Aguirre,CON_LESIONADOS,Choque Vehicular,Factores externos,10,LESIONADO,HOMBRE,OTRO,,,,,,,,
2022-02-28 02:04:03,-4.036052,-79.213756,Calle Saraguro,SOLO_DANOS,Volcamiento,Falla mecanica,,,,,,,,,,,,
2022-11-10 18:56:19,-4.005299,-79.191407,Calle Sucre,SOLO_DANOS,Choque Vehicular,Estado de embriaguez,,,,,,,,,,,,
2022-01-25 02:01:43,-4.022348,-79.213558,Av. Universitaria,SOLO_DANOS,Accidente Laboral,Visibilidad reducida,,,,,,,,,,,,
2022-04-15 22:29:47,-3.977438,-79.206261,Calle Rocafuerte,CON_LESIONADOS,Incendio,Distraccion (celular/radio),54,LESIONADO,NO_REGISTRA,SCOOTER,25,LESIONADO,NO_REGISTRA,OTRO,,,,
2022-08-28 17:44:34,-3.985531,-79.188005,Calle Imbabura,SOLO_DANOS,Choque Vehicular,Distraccion (celular/radio),,,,,,,,,,,,
2022-05-02 01:41:08,-4.012683,-79.223483,Av. Manuel Agustin Aguirre,CON_LESIONADOS,Atropellamiento,Equipo de seguridad deficiente,25,LESIONADO,MUJER,VEH_LIVIANO,73,LESIONADO,HOMBRE,OTRO,,,,
2022-06-17 20:02:49,-4.036098,-79.205072,Calle 18 de Noviembre,CON_FALLECIDOS,Atropellamiento,Factores externos,62,FALLECIDO,NO_REGISTRA,CICLISTA,,,,,,,,
2022-07-21 16:00:16,-3.999064,-79.228047,Av. Reinaldo Espinosa,SOLO_DANOS,Atropellamiento,Inobservancia de senales,,,,,,,,,,,,
2022-11-30 11:29:44,-4.020949,-79.172690,Calle Imbabura,SOLO_DANOS,Choque Vehicular,Estado de embriaguez,,,,,,,,,,,,
2022-04-24 01:56:40,-3.987434,-79.177062,Calle Imbabura,CON_FALLECIDOS,Choque Vehicular,Equipo de seguridad deficiente,59,FALLECIDO,HOMBRE,MOTOCICLETA,62,LESIONADO,NO_REGISTRA,MOTOCICLETA,52,LESIONADO,MUJER,SCOOTER
2022-12-24 18:09:31,-3.994121,-79.218257,Calle Mercadillo,CON_LESIONADOS,Choque Vehicular,Factores externos,35,LESIONADO,NO_REGISTRA,VEH_LIVIANO,,,,,,,,
2022-07-31 16:45:28,-4.022312,-79.196955,Via Loja - Zamora,CON_FALLECIDOS,Caida,Distraccion (celular/radio),71,FALLECIDO,NO_REGISTRA,SCOOTER,53,FALLECIDO,HOMBRE,OTRO,16,LESIONADO,HOMBRE,OTRO
2022-07-15 15:38:23,-3.991149,-79.223516,Calle Azogues,CON_FALLECIDOS,Accidente Laboral,Via resbaladiza o mojada,40,FALLECIDO,NO_REGISTRA,OTRO,,,,,,,,
2022-03-02 17:16:32,-4.012348,-79.193927,Av. Pio Jaramillo,SOLO_DANOS,Atropellamiento,Fatiga del conductor,,,,,,,,,,,,
2022-06-02 15:52:01,-3.979231,-79.174733,Calle Ramon Borrero,SOLO_DANOS,Atropellamiento,Fatiga del conductor,,,,,,,,,,,,
2022-06-22 22:50:29,-4.027664,-79.200623,Av. 8 de Diciembre,CON_FALLECIDOS,Atropellamiento,Inobservancia de senales,77,FALLECIDO,NO_REGISTRA,CICLISTA,50,FALLECIDO,HOMBRE,SCOOTER,39,LESIONADO,MUJER,PEATON
2022-08-26 14:19:36,-3.987145,-79.194756,Calle Sucre,CON_FALLECIDOS,Caida,Falla mecanica,74,FALLECIDO,HOMBRE,VEH_LIVIANO,52,FALLECIDO,NO_REGISTRA,VEH_LIVIANO,26,LESIONADO,HOMBRE,SCOOTER
2022-05-17 19:19:44,-3.992859,-79.181779,Av. Metropolitana,SOLO_DANOS,Atropellamiento,Fatiga del conductor,,,,,,,,,,,,
2022-04-06 00:19:42,-3.980902,-79.205053,Calle Saraguro,CON_FALLECIDOS,Accidente Laboral,Inobservancia de senales,50,FALLECIDO,MUJER,CICLISTA,31,LESIONADO,MUJER,PEATON,,,,
2022-12-21 20:39:08,-4.010338,-79.216135,Calle Montufar,CON_LESIONADOS,Colision Multiple,Via resbaladiza o mojada,17,LESIONADO,MUJER,MOTOCICLETA,69,LESIONADO,MUJER,MOTOCICLETA,41,LESIONADO,MUJER,SCOOTER
2022-03-23 09:41:15,-4.017502,-79.215537,Calle Sucre,SOLO_DANOS,Accidente Laboral,Exceso de velocidad,,,,,,,,,,,,
2022-03-11 04:11:25,-4.008821,-79.202044,Calle Sucre,SOLO_DANOS,Choque Vehicular,Equipo de seguridad deficiente,,,,,,,,,,,,
2022-10-22 12:10:46,-4.026423,-79.181249,Av. Isidro Ayora,SOLO_DANOS,Colision Multiple,Equipo de seguridad deficiente,16,LESIONADO,NO_REGISTRA,MOTOCICLETA,,,,,,,,
2022-03-27 10:06:52,-3.994968,-79.181904,Av. Orillas del Zamora,CON_LESIONADOS,Atropellamiento,Mal estado de la via,9,LESIONADO,NO_REGISTRA,VEH_LIVIANO,78,LESIONADO,MUJER,PEATON,,,,
2022-07-24 16:33:55,-4.036333,-79.194567,Calle Montufar,CON_FALLECIDOS,Choque Vehicular,Equipo de seguridad deficiente,50,FALLECIDO,MUJER,OTRO,45,FALLECIDO,NO_REGISTRA,VEH_LIVIANO,24,LESIONADO,MUJER,VEH_LIVIANO
2022-08-26 17:57:10,-4.003754,-79.198837,Av. Isidro Ayora,CON_FALLECIDOS,Incendio,Falla mecanica,32,FALLECIDO,MUJER,VEH_LIVIANO,18,LESIONADO,HOMBRE,SCOOTER,80,LESIONADO,MUJER,SCOOTER
2022-04-24 10:19:44,-3.993407,-79.223028,Calle Montufar,SOLO_DANOS,Caida,Distraccion (celular/radio),18,LESIONADO,HOMBRE,PEATON,,,,,,,,
2022-08-18 06:19:34,-4.028685,-79.171258,Av. Reinaldo Espinosa,CON_LESIONADOS,Incendio,Visibilidad reducida,32,LESIONADO,HOMBRE,MOTOCICLETA,64,LESIONADO,HOMBRE,VEH_LIVIANO,,,,
2022-10-09 09:07:37,-4.008079,-79.177931,Calle Colon,CON_LESIONADOS,Colision Multiple,Via resbaladiza o mojada,13,LESIONADO,NO_REGISTRA,PEATON,,,,,,,,
2022-02-23 10:10:44,-4.028477,-79.172348,Calle 10 de Agosto,CON_FALLECIDOS,Caida,Equipo de seguridad deficiente,39,FALLECIDO,HOMBRE,PEATON,35,LESIONADO,MUJER,OTRO,18,LESIONADO,NO_REGISTRA,PEATON
2022-08-10 10:04:48,-3.982867,-79.174884,Calle Imbabura,CON_LESIONADOS,Choque Vehicular,Exceso de velocidad,14,LESIONADO,MUJER,SCOOTER,74,LESIONADO,MUJER,MOTOCICLETA,,,,
2022-04-25 05:05:41,-3.988086,-79.217208,Av. Manuel Agustin Aguirre,SOLO_DANOS,Caida,Estado de embriaguez,,,,,,,,,,,,
2022-04-17 07:16:09,-4.024832,-79.227597,Calle 18 de Noviembre,CON_LESIONADOS,Caida,Via resbaladiza o mojada,50,LESIONADO,NO_REGISTRA,PEATON,,,,,,,,
2022-09-23 23:58:06,-4.004724,-79.209294,Calle Rocafuerte,SOLO_DANOS,Caida,Mal estado de la via,,,,,,,,,,,,
2022-12-10 18:02:36,-3.985624,-79.194846,Av. Cuxibamba,CON_LESIONADOS,Accidente Laboral,Via resbaladiza o mojada,59,LESIONADO,MUJER,PEATON,21,LESIONADO,HOMBRE,SCOOTER,74,LESIONADO,HOMBRE,VEH_LIVIANO
2022-06-18 03:02:55,-3.985347,-79.182150,Calle Imbabura,SOLO_DANOS,Caida,Equipo de seguridad deficiente,,,,,,,,,,,,
2022-04-13 10:00:24,-3.985043,-79.214661,Av. Isidro Ayora,CON_FALLECIDOS,Caida,Estado de embriaguez,49,FALLECIDO,HOMBRE,PEATON,26,LESIONADO,MUJER,MOTOCICLETA,61,LESIONADO,MUJER,VEH_LIVIANO
2022-06-06 12:30:41,-3.977329,-79.209450,Via Loja - Catamayo,CON_FALLECIDOS,Colision Multiple,Via resbaladiza o mojada,83,FALLECIDO,NO_REGISTRA,VEH_LIVIANO,84,FALLECIDO,HOMBRE,VEH_LIVIANO,66,LESIONADO,NO_REGISTRA,VEH_LIVIANO
2022-08-16 23:45:10,-3.996579,-79.226448,Av. Cuxibamba,CON_LESIONADOS,Volcamiento,Visibilidad reducida,27,LESIONADO,HOMBRE,MOTOCICLETA,34,LESIONADO,MUJER,SCOOTER,,,,
2022-06-12 11:57:55,-3.991555,-79.186787,Ruta 35,CON_FALLECIDOS,Colision Multiple,Exceso de velocidad,68,FALLECIDO,MUJER,CICLISTA,79,FALLECIDO,NO_REGISTRA,CICLISTA,19,LESIONADO,MUJER,OTRO
2022-11-19 20:24:02,-4.022836,-79.204575,Av. Rosa Hermosa,CON_FALLECIDOS,Choque Vehicular,Falla mecanica,38,FALLECIDO,HOMBRE,CICLISTA,,,,,,,,
2022-10-04 02:08:45,-4.024009,-79.193225,Av. Gran Colombia,CON_LESIONADOS,Caida,Factores externos,12,LESIONADO,MUJER,VEH_LIVIANO,30,LESIONADO,HOMBRE,MOTOCICLETA,18,LESIONADO,HOMBRE,PEATON
2022-06-19 06:49:45,-4.009871,-79.207435,Calle Colon,CON_FALLECIDOS,Caida,Visibilidad reducida,19,FALLECIDO,NO_REGISTRA,PEATON,48,FALLECIDO,MUJER,CICLISTA,,,,
2022-02-12 22:29:37,-4.001475,-79.185957,Calle Bolivar,SOLO_DANOS,Incendio,Inobservancia de senales,,,,,,,,,,,,
2022-10-25 05:05:57,-3.977610,-79.223544,Via Loja - Zamora,CON_LESIONADOS,Choque Vehicular,Via resbaladiza o mojada,20,LESIONADO,MUJER,OTRO,,,,,,,,
2022-01-25 18:58:36,-4.027297,-79.188493,Av. Pio Jaramillo,CON_LESIONADOS,Accidente Laboral,Via resbaladiza o mojada,41,LESIONADO,MUJER,MOTOCICLETA,71,LESIONADO,NO_REGISTRA,SCOOTER,,,,
2022-10-01 14:17:04,-4.001854,-79.171887,Av. Reinaldo Espinosa,CON_LESIONADOS,Choque Vehicular,Estado de embriaguez,69,LESIONADO,HOMBRE,CICLISTA,26,LESIONADO,MUJER,CICLISTA,77,LESIONADO,HOMBRE,OTRO
2022-08-02 08:06:13,-4.032551,-79.199150,Calle Rocafuerte,SOLO_DANOS,Choque Vehicular,Inobservancia de senales,,,,,,,,,,,,
2022-01-29 16:04:12,-4.036018,-79.227651,Calle Rocafuerte,CON_FALLECIDOS,Atropellamiento,Mal estado de la via,46,FALLECIDO,HOMBRE,SCOOTER,69,FALLECIDO,HOMBRE,MOTOCICLETA,,,,
2022-11-21 20:24:41,-4.031650,-79.224493,Via Loja - Zamora,CON_LESIONADOS,Accidente Laboral,Estado de embriaguez,6,LESIONADO,NO_REGISTRA,CICLISTA,,,,,,,,
2022-12-29 03:48:33,-4.026779,-79.193100,Calle Colon,CON_LESIONADOS,Volcamiento,Estado de embriaguez,6,LESIONADO,NO_REGISTRA,SCOOTER,65,LESIONADO,NO_REGISTRA,PEATON,29,LESIONADO,MUJER,PEATON
2022-03-19 02:48:29,-3.981220,-79.182077,Av. Universitaria,CON_FALLECIDOS,Choque Vehicular,Falla mecanica,83,FALLECIDO,MUJER,VEH_LIVIANO,41,LESIONADO,NO_REGISTRA,OTRO,56,LESIONADO,NO_REGISTRA,CICLISTA
2022-02-22 23:24:48,-4.033255,-79.204373,Calle Imbabura,SOLO_DANOS,Choque Vehicular,Falla mecanica,,,,,,,,,,,,
2022-03-03 08:27:23,-3.979221,-79.209823,Av. Gran Colombia,SOLO_DANOS,Incendio,Imprudencia del conductor,,,,,,,,,,,,
2022-03-08 21:53:33,-4.002893,-79.182788,Ruta 35,SOLO_DANOS,Incendio,Falla mecanica,,,,,,,,,,,,
2022-07-30 04:16:06,-3.989249,-79.230369,Av. Pio Jaramillo,CON_LESIONADOS,Choque Vehicular,Estado de embriaguez,7,LESIONADO,NO_REGISTRA,SCOOTER,31,LESIONADO,NO_REGISTRA,CICLISTA,63,LESIONADO,NO_REGISTRA,VEH_LIVIANO
2022-08-07 00:08:26,-4.027131,-79.198420,Calle Colon,SOLO_DANOS,Incendio,Exceso de velocidad,,,,,,,,,,,,
2022-02-01 14:29:10,-3.985943,-79.209943,Calle Sucre,SOLO_DANOS,Incendio,Estado de embriaguez,,,,,,,,,,,,
2022-12-19 18:55:14,-3.979619,-79.180618,Av. Cuxibamba,CON_LESIONADOS,Accidente Laboral,Equipo de seguridad deficiente,47,LESIONADO,NO_REGISTRA,SCOOTER,,,,,,,,
2022-11-10 09:39:47,-3.990693,-79.216900,Av. Cuxibamba,CON_LESIONADOS,Incendio,Mal estado de la via,24,LESIONADO,NO_REGISTRA,CICLISTA,,,,,,,,
2022-02-22 17:09:07,-4.023391,-79.219095,Av. Pio Jaramillo,CON_FALLECIDOS,Incendio,Falla mecanica,67,FALLECIDO,HOMBRE,PEATON,23,FALLECIDO,NO_REGISTRA,MOTOCICLETA,78,LESIONADO,MUJER,MOTOCICLETA
2022-08-23 11:52:29,-4.002334,-79.204017,Calle Bolivar,CON_LESIONADOS,Caida,Distraccion (celular/radio),38,LESIONADO,MUJER,OTRO,,,,,,,,
2022-07-12 02:24:39,-4.006857,-79.193361,Calle 10 de Agosto,SOLO_DANOS,Incendio,Falla mecanica,,,,,,,,,,,,
2022-01-11 09:40:05,-4.020801,-79.217436,Av. Metropolitana,SOLO_DANOS,Colision Multiple,Visibilidad reducida,,,,,,,,,,,,
2022-04-18 21:28:44,-3.988507,-79.178682,Av. Universitaria,CON_FALLECIDOS,Accidente Laboral,Inobservancia de senales,82,FALLECIDO,NO_REGISTRA,MOTOCICLETA,48,FALLECIDO,HOMBRE,SCOOTER,26,LESIONADO,NO_REGISTRA,VEH_LIVIANO
2022-04-22 01:37:21,-4.015952,-79.209595,Calle 10 de Agosto,CON_FALLECIDOS,Volcamiento,Estado de embriaguez,37,FALLECIDO,NO_REGISTRA,VEH_LIVIANO,25,FALLECIDO,HOMBRE,MOTOCICLETA,13,LESIONADO,HOMBRE,VEH_LIVIANO
2022-09-13 13:27:44,-3.978281,-79.223435,Calle Miguel Riofrio,CON_LESIONADOS,Atropellamiento,Via resbaladiza o mojada,38,LESIONADO,HOMBRE,MOTOCICLETA,57,LESIONADO,MUJER,OTRO,20,LESIONADO,MUJER,OTRO
2022-08-27 22:51:43,-4.010034,-79.215128,Calle 10 de Agosto,CON_LESIONADOS,Accidente Laboral,Estado de embriaguez,15,LESIONADO,MUJER,CICLISTA,35,LESIONADO,MUJER,CICLISTA,66,LESIONADO,NO_REGISTRA,CICLISTA
2022-04-23 09:37:00,-3.998289,-79.228162,Av. Rosa Hermosa,CON_FALLECIDOS,Accidente Laboral,Falla mecanica,50,FALLECIDO,NO_REGISTRA,SCOOTER,,,,,,,,
2022-09-27 06:17:06,-3.986566,-79.213860,Via Loja - Zamora,CON_LESIONADOS,Atropellamiento,Fatiga del conductor,74,LESIONADO,MUJER,PEATON,71,LESIONADO,HOMBRE,MOTOCICLETA,67,LESIONADO,HOMBRE,MOTOCICLETA
2022-09-10 13:43:25,-4.014473,-79.181238,Calle Montufar,CON_FALLECIDOS,Incendio,Exceso de velocidad,40,FALLECIDO,HOMBRE,MOTOCICLETA,76,FALLECIDO,HOMBRE,SCOOTER,71,LESIONADO,HOMBRE,OTRO
2022-09-06 01:09:30,-4.033786,-79.225124,Calle Miguel Riofrio,CON_LESIONADOS,Colision Multiple,Mal estado de la via,22,LESIONADO,MUJER,SCOOTER,59,LESIONADO,NO_REGISTRA,PEATON,15,LESIONADO,HOMBRE,SCOOTER
2022-01-02 04:01:08,-4.020292,-79.209970,Calle Quito,SOLO_DANOS,Caida,Falla mecanica,,,,,,,,,,,,
2022-12-29 16:58:05,-4.035522,-79.214696,Calle Colon,CON_LESIONADOS,Volcamiento,Falla mecanica,69,LESIONADO,HOMBRE,CICLISTA,15,LESIONADO,NO_REGISTRA,CICLISTA,44,LESIONADO,NO_REGISTRA,PEATON