fecha_hora,latitud,longitud,via,grado_severidad,tipo_siniestro,causa_probable,victima1_edad,victima1_condicion,victima1_sexo,victima1_actor_vial,victima2_edad,victima2_condicion,victima2_sexo,victima2_actor_vial,victima3_edad,victima3_condicion,victima3_sexo,victima3_actor_vial
2022-05-16 07:51:59,-3.986876,-79.225234,Via Loja - Zamora,SOLO_DANOS,Accidente Laboral,Equipo de seguridad deficiente,,,,,,,,,,,,
2022-10-12 02:20:05,-3.978996,-79.186137,Calle 10 de Agosto,SOLO_DANOS,Caida,Inobservancia de senales,,,,,,,,,,,,
2022-05-27 00:50:53,-4.009419,-79.206825,Calle Colon,CON_FALLECIDOS,Caida,Distraccion (celular/radio),68,FALLECIDO,MUJER,VEH_LIVIANO,23,FALLECIDO,HOMBRE,PEATON,51,LESIONADO,MUJER,CICLISTA
2022-06-05 05:56:39,-4.008824,-79.230080,Via Loja - Zamora,SOLO_DANOS,Atropellamiento,Imprudencia del conductor,,,,,,,,,,,,
2022-07-16 10:32:33,-4.036840,-79.176329,Calle Montufar,CON_LESIONADOS,Caida,Distraccion (celular/radio),23,LESIONADO,NO_REGISTRA,VEH_LIVIANO,,,,,,,,
2022-06-13 16:49:59,-3.992388,-79.191692,Av. Manuel Agustin Aguirre,CON_FALLECIDOS,Choque Vehicular,Factores externos,38,FALLECIDO,HOMBRE,CICLISTA,47,LESIONADO,MUJER,SCOOTER,59,LESIONADO,MUJER,PEATON
2022-08-07 10:29:06,-3.999619,-79.213040,Calle 18 de Noviembre,CON_LESIONADOS,Volcamiento,Falla mecanica,9,LESIONADO,HOMBRE,MOTOCICLETA,,,,,,,,
2022-03-05 03:32:57,-4.022131,-79.222017,Calle Miguel Riofrio,CON_FALLECIDOS,Incendio,Mal estado de la via,55,FALLECIDO,MUJER,SCOOTER,19,FALLECIDO,NO_REGISTRA,SCOOTER,74,LESIONADO,HOMBRE,MOTOCICLETA
2022-01-20 08:56:06,-4.032068,-79.221708,Calle Rocafuerte,CON_LESIONADOS,Accidente Laboral,Via resbaladiza o mojada,75,LESIONADO,HOMBRE,VEH_LIVIANO,,,,,,,,
2022-09-16 22:36:28,-4.000930,-79.214061,Av. Orillas del Zamora,CON_FALLECIDOS,Colision Multiple,Imprudencia del conductor,74,FALLECIDO,NO_REGISTRA,OTRO,,,,,,,,
2022-04-11 15:43:15,-4.011930,-79.202825,Calle Mercadillo,CON_LESIONADOS,Incendio,Distraccion (celular/radio),16,LESIONADO,MUJER,OTRO,63,LESIONADO,MUJER,MOTOCICLETA,73,LESIONADO,NO_REGISTRA,VEH_LIVIANO
2022-01-12 01:29:01,-3.994097,-79.183022,Av. Universitaria,SOLO_DANOS,Volcamiento,Fatiga del conductor,,,,,,,,,,,,
2022-02-25 03:36:50,-4.035121,-79.192259,Calle Imbabura,SOLO_DANOS,Caida,Exceso de velocidad,,,,,,,,,,,,
2022-05-13 06:02:05,-4.019633,-79.177260,Calle Montufar,CON_FALLECIDOS,Caida,Estado de embriaguez,55,FALLECIDO,HOMBRE,SCOOTER,71,LESIONADO,MUJER,SCOOTER,,,,
2022-10-29 09:11:35,-4.033706,-79.215275,Av. 8 de Diciembre,CON_FALLECIDOS,Incendio,Inobservancia de senales,60,FALLECIDO,HOMBRE,VEH_LIVIANO,78,FALLECIDO,MUJER,MOTOCICLETA,46,LESIONADO,NO_REGISTRA,MOTOCICLETA
2022-07-29 21:25:47,-4.004943,-79.219869,Calle Mercadillo,CON_LESIONADOS,Incendio,Equipo de seguridad deficiente,11,LESIONADO,HOMBRE,SCOOTER,46,LESIONADO,HOMBRE,VEH_LIVIANO,50,LESIONADO,HOMBRE,SCOOTER
2022-07-03 16:09:56,-4.011874,-79.207919,Calle Quito,SOLO_DANOS,Accidente Laboral,Visibilidad reducida,,,,,,,,,,,,
2022-04-05 10:18:37,-4.003521,-79.210364,Calle Azogues,SOLO_DANOS,Atropellamiento,Factores externos,,,,,,,,,,,,
2022-08-11 01:03:23,-3.980793,-79.209555,Calle 18 de Noviembre,SOLO_DANOS,Colision Multiple,Fatiga del conductor,,,,,,,,,,,,
2022-08-09 07:47:22,-4.032464,-79.220027,Calle Ramon Borrero,CON_FALLECIDOS,Volcamiento,Mal estado de la via,79,FALLECIDO,HOMBRE,MOTOCICLETA,46,FALLECIDO,NO_REGISTRA,CICLISTA,29,LESIONADO,HOMBRE,MOTOCICLETA
2022-10-25 23:10:45,-4.032492,-79.196353,Calle Sucre,CON_FALLECIDOS,Colision Multiple,Factores externos,34,FALLECIDO,HOMBRE,CICLISTA,71,LESIONADO,MUJER,MOTOCICLETA,,,,
2022-11-22 06:38:04,-4.035596,-79.191210,Av. Isidro Ayora,CON_FALLECIDOS,Volcamiento,Via resbaladiza o mojada,40,FALLECIDO,MUJER,OTRO,30,LESIONADO,HOMBRE,CICLISTA,,,,
2022-10-21 21:45:31,-4.022802,-79.205683,Calle Sucre,CON_LESIONADOS,Colision Multiple,Fatiga del conductor,71,LESIONADO,HOMBRE,PEATON,65,LESIONADO,MUJER,CICLISTA,,,,
2022-04-14 17:19:57,-3.988477,-79.223336,Av. Gran Colombia,SOLO_DANOS,Atropellamiento,Imprudencia del conductor,,,,,,,,,,,,
2022-04-19 23:29:46,-4.032285,-79.202372,Calle Sucre,CON_LESIONADOS,Caida,Equipo de seguridad deficiente,45,LESIONADO,NO_REGISTRA,PEATON,59,LESIONADO,MUJER,MOTOCICLETA,,,,
2022-07-29 10:37:44,-3.988483,-79.174370,Av. Pio Jaramillo,CON_FALLECIDOS,Colision Multiple,Visibilidad reducida,63,FALLECIDO,NO_REGISTRA,CICLISTA,59,LESIONADO,MUJER,SCOOTER,,,,
2022-03-16 21:43:31,-4.029244,-79.193964,Calle Rocafuerte,CON_LESIONADOS,Colision Multiple,Mal estado de la via,17,LESIONADO,NO_REGISTRA,PEATON,60,LESIONADO,HOMBRE,VEH_LIVIANO,,,,
2022-08-06 11:11:31,-3.995509,-79.223138,Calle Imbabura,CON_FALLECIDOS,Incendio,Mal estado de la via,58,FALLECIDO,HOMBRE,SCOOTER,,,,,,,,
2022-05-25 09:47:16,-4.030095,-79.221654,Calle 10 de Agosto,SOLO_DANOS,Atropellamiento,Inobservancia de senales,,,,,,,,,,,,
2022-11-22 10:01:34,-4.014787,-79.230245,Via Loja - Catamayo,CON_FALLECIDOS,Choque Vehicular,Mal estado de la via,21,FALLECIDO,NO_REGISTRA,OTRO,22,FALLECIDO,NO_REGISTRA,OTRO,76,LESIONADO,HOMBRE,SCOOTER
2022-04-06 13:26:32,-4.029208,-79.209041,Av. Metropolitana,CON_FALLECIDOS,Atropellamiento,Via resbaladiza o mojada,32,FALLECIDO,HOMBRE,CICLISTA,76,FALLECIDO,MUJER,MOTOCICLETA,,,,
2022-11-11 12:09:33,-3.980868,-79.206155,Ruta 35,SOLO_DANOS,Choque Vehicular,Imprudencia del conductor,36,LESIONADO,MUJER,MOTOCICLETA,,,,,,,,
2022-12-03 15:13:53,-4.021744,-79.198107,Av. Universitaria,CON_FALLECIDOS,Incendio,Exceso de velocidad,28,FALLECIDO,HOMBRE,OTRO,58,FALLECIDO,MUJER,CICLISTA,24,LESIONADO,NO_REGISTRA,OTRO
2022-10-19 16:40:49,-4.000274,-79.172372,Calle Saraguro,CON_LESIONADOS,Volcamiento,Imprudencia del conductor,62,LESIONADO,HOMBRE,VEH_LIVIANO,10,LESIONADO,NO_REGISTRA,SCOOTER,,,,
2022-11-28 20:06:58,-3.981393,-79.211401,Calle Miguel Riofrio,CON_LESIONADOS,Atropellamiento,Mal estado de la via,29,LESIONADO,MUJER,CICLISTA,49,LESIONADO,NO_REGISTRA,MOTOCICLETA,,,,
2022-02-15 17:31:05,-4.035545,-79.203370,Calle Montufar,CON_FALLECIDOS,Colision Multiple,Via resbaladiza o mojada,63,FALLECIDO,HOMBRE,SCOOTER,66,LESIONADO,HOMBRE,VEH_LIVIANO,41,LESIONADO,NO_REGISTRA,CICLISTA
2022-07-05 23:28:07,-3.985063,-79.201067,Av. Gran Colombia,CON_LESIONADOS,Volcamiento,Distraccion (celular/radio),49,LESIONADO,HOMBRE,CICLISTA,,,,,,,,
2022-01-31 15:16:17,-4.026939,-79.184173,Av. Cuxibamba,CON_LESIONADOS,Atropellamiento,Exceso de velocidad,49,LESIONADO,MUJER,OTRO,57,LESIONADO,NO_REGISTRA,PEATON,,,,
2022-03-17 16:08:01,-4.022136,-79.197519,Av. Reinaldo Espinosa,CON_LESIONADOS,Colision Multiple,Exceso de velocidad,59,LESIONADO,NO_REGISTRA,VEH_LIVIANO,53,LESIONADO,MUJER,SCOOTER,,,,
2022-07-26 02:38:47,-4.017232,-79.229159,Av. Manuel Agustin Aguirre,SOLO_DANOS,Caida,Estado de embriaguez,,,,,,,,,,,,
2022-03-16 20:55:55,-4.007345,-79.204878,Av. Orillas del Zamora,CON_LESIONADOS,Accidente Laboral,Mal estado de la via,41,LESIONADO,HOMBRE,PEATON,40,LESIONADO,NO_REGISTRA,VEH_LIVIANO,,,,
2022-07-01 13:05:04,-4.032566,-79.196342,Av. Pio Jaramillo,SOLO_DANOS,Caida,Factores externos,,,,,,,,,,,,
2022-03-13 09:42:42,-4.012619,-79.213854,Calle Colon,CON_FALLECIDOS,Incendio,Mal estado de la via,55,FALLECIDO,NO_REGISTRA,VEH_LIVIANO,42,LESIONADO,NO_REGISTRA,MOTOCICLETA,24,LESIONADO,NO_REGISTRA,OTRO
2022-06-18 05:33:08,-4.007049,-79.197640,Av. 8 de Diciembre,CON_LESIONADOS,Atropellamiento,Fatiga del conductor,42,LESIONADO,MUJER,VEH_LIVIANO,78,LESIONADO,HOMBRE,PEATON,13,LESIONADO,HOMBRE,PEATON
2022-02-16 08:23:20,-3.981061,-79.208017,Via Loja - Catamayo,CON_FALLECIDOS,Accidente Laboral,Mal estado de la via,71,FALLECIDO,NO_REGISTRA,PEATON,17,LESIONADO,NO_REGISTRA,MOTOCICLETA,53,LESIONADO,MUJER,SCOOTER
2022-06-13 07:08:39,-3.997364,-79.177549,Av. Gran Colombia,SOLO_DANOS,Incendio,Mal estado de la via,,,,,,,,,,,,
2022-05-31 06:25:43,-4.029030,-79.215091,Calle 10 de Agosto,CON_FALLECIDOS,Colision Multiple,Estado de embriaguez,39,FALLECIDO,HOMBRE,SCOOTER,,,,,,,,
2022-10-24 18:52:23,-4.005515,-79.221073,Calle Azogues,CON_FALLECIDOS,Atropellamiento,Imprudencia del conductor,73,FALLECIDO,MUJER,MOTOCICLETA,36,LESIONADO,HOMBRE,MOTOCICLETA,40,LESIONADO,MUJER,OTRO
2022-05-29 09:29:40,-4.012430,-79.203067,Av. Isidro Ayora,CON_FALLECIDOS,Accidente Laboral,Mal estado de la via,53,FALLECIDO,MUJER,CICLISTA,,,,,,,,
2022-07-29 02:26:38,-4.021979,-79.182961,Calle Imbabura,CON_FALLECIDOS,Volcamiento,Fatiga del conductor,81,FALLECIDO,HOMBRE,VEH_LIVIANO,52,FALLECIDO,MUJER,SCOOTER,,,,
2022-07-21 08:57:40,-4.022275,-79.224279,Calle Colon,SOLO_DANOS,Accidente Laboral,Distraccion (celular/radio),,,,,,,,,,,,
2022-12-23 01:10:39,-4.029959,-79.177190,Av. Pio Jaramillo,CON_FALLECIDOS,Incendio,Inobservancia de senales,69,FALLECIDO,NO_REGISTRA,CICLISTA,11,LESIONADO,MUJER,PEATON,,,,
2022-03-17 13:31:02,-4.021986,-79.185004,Calle 18 de Noviembre,CON_FALLECIDOS,Incendio,Via resbaladiza o mojada,29,FALLECIDO,HOMBRE,PEATON,21,FALLECIDO,NO_REGISTRA,OTRO,,,,
2022-05-29 09:08:29,-4.002470,-79.207050,Calle Mercadillo,CON_FALLECIDOS,Volcamiento,Imprudencia del conductor,23,FALLECIDO,HOMBRE,VEH_LIVIANO,27,FALLECIDO,HOMBRE,CICLISTA,31,LESIONADO,MUJER,OTRO
2022-04-06 18:49:16,-3.983736,-79.179193,Av. Gran Colombia,CON_FALLECIDOS,Choque Vehicular,Via resbaladiza o mojada,77,FALLECIDO,HOMBRE,CICLISTA,,,,,,,,
2022-03-06 22:35:23,-3.977222,-79.217938,Av. 8 de Diciembre,CON_LESIONADOS,Volcamiento,Falla mecanica,6,LESIONADO,NO_REGISTRA,PEATON,56,LESIONADO,NO_REGISTRA,MOTOCICLETA,23,LESIONADO,HOMBRE,OTRO
2022-09-28 07:33:17,-4.027186,-79.229089,Av. Manuel Agustin Aguirre,CON_LESIONADOS,Accidente Laboral,Distraccion (celular/radio),53,LESIONADO,NO_REGISTRA,PEATON,44,LESIONADO,HOMBRE,OTRO,37,LESIONADO,HOMBRE,MOTOCICLETA
2022-03-31 07:25:21,-3.979143,-79.190674,Calle Miguel Riofrio,SOLO_DANOS,Choque Vehicular,Fatiga del conductor,73,LESIONADO,NO_REGISTRA,CICLISTA,,,,,,,,
2022-01-21 00:38:03,-3.981164,-79.197535,Calle 10 de Agosto,CON_LESIONADOS,Incendio,Mal estado de la via,74,LESIONADO,NO_REGISTRA,PEATON,,,,,,,,
2022-09-22 22:57:17,-4.000711,-79.226806,Calle Bolivar,SOLO_DANOS,Colision Multiple,Mal estado de la via,,,,,,,,,,,,
2022-10-19 03:29:20,-4.000105,-79.216517,Av. Isidro Ayora,SOLO_DANOS,Colision Multiple,Factores externos,,,,,,,,,,,,
2022-04-12 23:47:07,-3.989174,-79.225609,Av. Rosa Hermosa,CON_FALLECIDOS,Colision Multiple,Distraccion (celular/radio),19,FALLECIDO,HOMBRE,CICLISTA,80,LESIONADO,NO_REGISTRA,VEH_LIVIANO,45,LESIONADO,MUJER,PEATON
2022-06-27 19:17:30,-3.985045,-79.181323,Calle 18 de Noviembre,CON_LESIONADOS,Choque Vehicular,Exceso de velocidad,51,LESIONADO,MUJER,VEH_LIVIANO,,,,,,,,
2022-05-19 19:18:52,-3.978310,-79.199641,Av. Universitaria,CON_FALLECIDOS,Volcamiento,Estado de embriaguez,52,FALLECIDO,MUJER,CICLISTA,52,FALLECIDO,HOMBRE,CICLISTA,80,LESIONADO,HOMBRE,OTRO
2022-04-13 08:32:02,-4.002415,-79.189177,Via Loja - Catamayo,SOLO_DANOS,Accidente Laboral,Mal estado de la via,,,,,,,,,,,,
2022-05-18 03:57:05,-4.032765,-79.215591,Av. Reinaldo Espinosa,CON_FALLECIDOS,Choque Vehicular,Imprudencia del conductor,67,FALLECIDO,MUJER,VEH_LIVIANO,,,,,,,,
2022-05-24 00:03:57,-4.022600,-79.210380,Av. Cuxibamba,CON_FALLECIDOS,Choque Vehicular,Exceso de velocidad,43,FALLECIDO,MUJER,MOTOCICLETA,,,,,,,,
2022-05-09 21:57:09,-4.015616,-79.219793,Av. Gran Colombia,CON_FALLECIDOS,Atropellamiento,Via resbaladiza o mojada,76,FALLECIDO,MUJER,MOTOCICLETA,52,FALLECIDO,NO_REGISTRA,PEATON,,,,
2022-07-19 18:52:51,-3.993083,-79.186460,Av. Manuel Agustin Aguirre,SOLO_DANOS,Atropellamiento,Via resbaladiza o mojada,,,,,,,,,,,,
2022-08-09 09:04:41,-4.011105,-79.207594,Calle Bolivar,CON_LESIONADOS,Volcamiento,Via resbaladiza o mojada,43,LESIONADO,NO_REGISTRA,OTRO,58,LESIONADO,MUJER,OTRO,60,LESIONADO,NO_REGISTRA,PEATON
2022-08-14 16:31:27,-4.035857,-79.208916,Calle Mercadillo,SOLO_DANOS,Choque Vehicular,Equipo de seguridad deficiente,,,,,,,,,,,,
2022-07-22 13:20:11,-3.987570,-79.187847,Calle Rocafuerte,CON_LESIONADOS,Volcamiento,Falla mecanica,37,LESIONADO,MUJER,OTRO,20,LESIONADO,HOMBRE,SCOOTER,,,,
2022-03-30 15:03:16,-3.990959,-79.175358,Via Loja - Zamora,CON_LESIONADOS,Atropellamiento,Factores externos,21,LESIONADO,NO_REGISTRA,PEATON,21,LESIONADO,MUJER,VEH_LIVIANO,80,LESIONADO,MUJER,VEH_LIVIANO
2022-09-25 15:51:02,-3.991634,-79.215914,Via Loja - Catamayo,SOLO_DANOS,Incendio,Inobservancia de senales,,,,,,,,,,,,
2022-02-08 08:40:24,-3.994365,-79.224095,Calle Bolivar,CON_LESIONADOS,Atropellamiento,Exceso de velocidad,38,LESIONADO,MUJER,SCOOTER,17,LESIONADO,MUJER,MOTOCICLETA,44,LESIONADO,MUJER,VEH_LIVIANO
2022-06-04 18:39:47,-4.020487,-79.229538,Calle Saraguro,CON_LESIONADOS,Atropellamiento,Imprudencia del conductor,10,LESIONADO,NO_REGISTRA,MOTOCICLETA,44,LESIONADO,MUJER,SCOOTER,,,,
2022-12-30 15:09:51,-4.005619,-79.229341,Av. Gran Colombia,CON_FALLECIDOS,Accidente Laboral,Imprudencia del conductor,82,FALLECIDO,HOMBRE,PEATON,37,FALLECIDO,NO_REGISTRA,CICLISTA,46,LESIONADO,NO_REGISTRA,PEATON
2022-07-13 21:25:51,-4.016995,-79.219811,Calle Ramon Borrero,CON_LESIONADOS,Accidente Laboral,Exceso de velocidad,20,LESIONADO,HOMBRE,MOTOCICLETA,57,LESIONADO,HOMBRE,PEATON,,,,
2022-05-22 00:46:45,-3.999795,-79.210327,Av. Cuxibamba,CON_LESIONADOS,Accidente Laboral,Factores externos,34,LESIONADO,MUJER,VEH_LIVIANO,,,,,,,,
2022-03-15 17:23:55,-4.010474,-79.186780,Av. Cuxibamba,CON_LESIONADOS,Atropellamiento,Imprudencia del conductor,63,LESIONADO,HOMBRE,CICLISTA,60,LESIONADO,NO_REGISTRA,OTRO,,,,
2022-03-07 01:54:06,-4.010744,-79.178666,Av. Orillas del Zamora,SOLO_DANOS,Colision Multiple,Distraccion (celular/radio),64,LESIONADO,NO_REGISTRA,PEATON,,,,,,,,
2022-10-01 00:57:00,-4.024092,-79.184263,Av. Pio Jaramillo,SOLO_DANOS,Choque Vehicular,Exceso de velocidad,,,,,,,,,,,,
2022-10-14 10:20:17,-4.031567,-79.228802,Calle Mercadillo,CON_FALLECIDOS,Atropellamiento,Equipo de seguridad deficiente,42,FALLECIDO,HOMBRE,SCOOTER,25,FALLECIDO,NO_REGISTRA,VEH_LIVIANO,55,LESIONADO,MUJER,CICLISTA
2022-11-19 01:13:09,-4.012991,-79.183557,Av. Reinaldo Espinosa,SOLO_DANOS,Incendio,Visibilidad reducida,,,,,,,,,,,,
2022-05-25 19:01:30,-4.018834,-79.200761,Ruta 35,CON_LESIONADOS,Incendio,Distraccion (celular/radio),54,LESIONADO,MUJER,CICLISTA,,,,,,,,
2022-07-22 14:13:23,-4.016514,-79.212676,Calle Miguel Riofrio,CON_LESIONADOS,Colision Multiple,Inobservancia de senales,16,LESIONADO,HOMBRE,MOTOCICLETA,22,LESIONADO,NO_REGISTRA,VEH_LIVIANO,,,,
2022-06-28 12:02:11,-4.030807,-79.184794,Calle Colon,CON_FALLECIDOS,Volcamiento,Equipo de seguridad deficiente,39,FALLECIDO,NO_REGISTRA,CICLISTA,79,LESIONADO,HOMBRE,MOTOCICLETA,,,,
2022-01-01 23:31:06,-4.017408,-79.175000,Av. Manuel Agustin Aguirre,CON_LESIONADOS,Volcamiento,Fatiga del conductor,68,LESIONADO,MUJER,SCOOTER,12,LESIONADO,MUJER,VEH_LIVIANO,49,LESIONADO,NO_REGISTRA,SCOOTER
2022-07-17 19:00:32,-4.007946,-79.179073,Via Loja - Zamora,CON_LESIONADOS,Incendio,Distraccion (celular/radio),42,LESIONADO,HOMBRE,MOTOCICLETA,,,,,,,,
2022-02-04 18:40:40,-4.019309,-79.179041,Calle Bolivar,CON_LESIONADOS,Incendio,Via resbaladiza o mojada,31,LESIONADO,HOMBRE,OTRO,79,LESIONADO,HOMBRE,MOTOCICLETA,,,,
2022-05-27 14:12:35,-3.994340,-79.224086,Av. Cuxibamba,SOLO_DANOS,Colision Multiple,Visibilidad reducida,,,,,,,,,,,,
2022-02-15 05:35:38,-3.998782,-79.214203,Av. Rosa Hermosa,CON_LESIONADOS,Colision Multiple,Imprudencia del conductor,38,LESIONADO,NO_REGISTRA,PEATON,,,,,,,,
2022-05-24 16:35:50,-4.006820,-79.195209,Calle Montufar,CON_LESIONADOS,Accidente Laboral,Visibilidad reducida,42,LESIONADO,MUJER,MOTOCICLETA,17,LESIONADO,MUJER,OTRO,,,,
2022-02-11 21:09:35,-3.989584,-79.171390,Av. Reinaldo Espinosa,CON_LESIONADOS,Incendio,Falla mecanica,20,LESIONADO,MUJER,CICLISTA,60,LESIONADO,NO_REGISTRA,CICLISTA,,,,
2022-11-30 11:30:46,-4.035657,-79.194390,Av. Reinaldo Espinosa,CON_LESIONADOS,Caida,Visibilidad reducida,47,LESIONADO,NO_REGISTRA,VEH_LIVIANO,24,LESIONADO,NO_REGISTRA,OTRO,22,LESIONADO,NO_REGISTRA,CICLISTA
2022-04-27 17:52:52,-4.000643,-79.214737,Calle Saraguro,SOLO_DANOS,Colision Multiple,Visibilidad reducida,22,LESIONADO,NO_REGISTRA,SCOOTER,,,,,,,,
2022-02-02 09:31:13,-3.989023,-79.182124,Ruta 35,SOLO_DANOS,Atropellamiento,Estado de embriaguez,,,,,,,,,,,,
2022-01-30 21:03:22,-4.025946,-79.222984,Calle Ramon Borrero,CON_FALLECIDOS,Volcamiento,Mal estado de la via,82,FALLECIDO,HOMBRE,OTRO,45,FALLECIDO,MUJER,SCOOTER,26,LESIONADO,NO_REGISTRA,SCOOTER
2022-06-13 17:58:04,-4.032285,-79.201076,Av. Pio Jaramillo,CON_LESIONADOS,Incendio,Factores externos,6,LESIONADO,MUJER,VEH_LIVIANO,35,LESIONADO,NO_REGISTRA,MOTOCICLETA,75,LESIONADO,HOMBRE,MOTOCICLETA
2022-05-30 05:40:07,-3.981839,-79.180796,Av. Universitaria,SOLO_DANOS,Accidente Laboral,Visibilidad reducida,,,,,,,,,,,,
2022-06-22 12:15:35,-4.020083,-79.205840,Av. Cuxibamba,SOLO_DANOS,Atropellamiento,Factores externos,,,,,,,,,,,,
2022-12-22 02:43:55,-3.985158,-79.201451,Via Loja - Catamayo,CON_FALLECIDOS,Accidente Laboral,Via resbaladiza o mojada,73,FALLECIDO,NO_REGISTRA,OTRO,56,LESIONADO,NO_REGISTRA,OTRO,,,,
2022-04-13 16:28:24,-4.024119,-79.172676,Via Loja - Zamora,CON_LESIONADOS,Colision Multiple,Fatiga del conductor,37,LESIONADO,HOMBRE,VEH_LIVIANO,47,LESIONADO,HOMBRE,PEATON,40,LESIONADO,MUJER,VEH_LIVIANO
2022-12-18 16:34:05,-3.996784,-79.206687,Calle Ramon Borrero,CON_FALLECIDOS,Colision Multiple,Falla mecanica,35,FALLECIDO,MUJER,CICLISTA,41,FALLECIDO,NO_REGISTRA,SCOOTER,,,,
2022-03-23 18:10:06,-4.005840,-79.193336,Calle Azogues,CON_FALLECIDOS,Colision Multiple,Via resbaladiza o mojada,23,FALLECIDO,MUJER,CICLISTA,,,,,,,,
2022-01-14 22:31:24,-4.030013,-79.207167,Calle Montufar,CON_FALLECIDOS,Choque Vehicular,Factores externos,85,FALLECIDO,MUJER,PEATON,29,LESIONADO,MUJER,MOTOCICLETA,61,LESIONADO,NO_REGISTRA,SCOOTER
2022-08-03 21:50:44,-4.001894,-79.211758,Calle Ramon Borrero,SOLO_DANOS,Atropellamiento,Mal estado de la via,,,,,,,,,,,,
2022-12-01 20:56:11,-4.021379,-79.203685,Calle 10 de Agosto,CON_LESIONADOS,Colision Multiple,Fatiga del conductor,46,LESIONADO,NO_REGISTRA,OTRO,47,LESIONADO,HOMBRE,OTRO,,,,
2022-04-26 00:58:20,-4.029617,-79.202704,Av. Isidro Ayora,CON_FALLECIDOS,Accidente Laboral,Factores externos,33,FALLECIDO,HOMBRE,SCOOTER,50,LESIONADO,HOMBRE,SCOOTER,,,,
2022-01-19 12:16:47,-4.001092,-79.199177,Av. Rosa Hermosa,SOLO_DANOS,Accidente Laboral,Factores externos,,,,,,,,,,,,
2022-10-30 19:35:59,-4.015242,-79.175089,Calle Imbabura,CON_LESIONADOS,Caida,Distraccion (celular/radio),36,LESIONADO,MUJER,VEH_LIVIANO,30,LESIONADO,HOMBRE,SCOOTER,50,LESIONADO,MUJER,VEH_LIVIANO
2022-07-01 20:49:01,-4.006013,-79.227473,Calle Azogues,CON_LESIONADOS,Caida,Distraccion (celular/radio),48,LESIONADO,MUJER,PEATON,58,LESIONADO,NO_REGISTRA,OTRO,34,LESIONADO,HOMBRE,VEH_LIVIANO
2022-08-17 09:35:51,-3.996234,-79.212477,Av. Rosa Hermosa,CON_FALLECIDOS,Volcamiento,Mal estado de la via,78,FALLECIDO,HOMBRE,CICLISTA,25,FALLECIDO,NO_REGISTRA,OTRO,,,,
2022-06-14 20:59:43,-4.027694,-79.204964,Av. Isidro Ayora,SOLO_DANOS,Accidente Laboral,Equipo de seguridad deficiente,,,,,,,,,,,,
2022-11-19 08:20:28,-3.993662,-79.214420,Av. Manuel Agustin Aguirre,CON_LESIONADOS,Accidente Laboral,Factores externos,67,LESIONADO,MUJER,CICLISTA,21,LESIONADO,HOMBRE,PEATON,,,,
2022-02-13 00:30:01,-4.008919,-79.200834,Calle 18 de Noviembre,CON_FALLECIDOS,Caida,Inobservancia de senales,75,FALLECIDO,MUJER,VEH_LIVIANO,62,FALLECIDO,NO_REGISTRA,PEATON,,,,
2022-12-22 00:17:43,-3.992697,-79.195816,Av. Gran Colombia,CON_FALLECIDOS,Volcamiento,Imprudencia del conductor,60,FALLECIDO,HOMBRE,PEATON,78,LESIONADO,NO_REGISTRA,SCOOTER,22,LESIONADO,HOMBRE,PEATON
2022-05-08 09:32:53,-4.028234,-79.219686,Av. Pio Jaramillo,SOLO_DANOS,Volcamiento,Mal estado de la via,,,,,,,,,,,,
2022-10-05 09:18:40,-3.990783,-79.209263,Calle 18 de Noviembre,SOLO_DANOS,Choque Vehicular,Factores externos,,,,,,,,,,,,
2022-09-15 09:55:25,-4.028148,-79.199366,Av. Reinaldo Espinosa,CON_FALLECIDOS,Accidente Laboral,Estado de embriaguez,61,FALLECIDO,MUJER,PEATON,5,LESIONADO,MUJER,SCOOTER,,,,
2022-10-28 11:30:03,-3.991980,-79.173306,Av. 8 de Diciembre,CON_LESIONADOS,Choque Vehicular,Exceso de velocidad,61,LESIONADO,NO_REGISTRA,PEATON,75,LESIONADO,MUJER,CICLISTA,34,LESIONADO,HOMBRE,OTRO
2022-03-27 03:03:51,-4.012158,-79.206518,Via Loja - Catamayo,SOLO_DANOS,Volcamiento,Equipo de seguridad deficiente,,,,,,,,,,,,
2022-03-29 20:08:56,-4.035753,-79.171699,Av. Manuel Agustin Aguirre,CON_FALLECIDOS,Incendio,Fatiga del conductor,27,FALLECIDO,NO_REGISTRA,MOTOCICLETA,68,LESIONADO,NO_REGISTRA,OTRO,14,LESIONADO,NO_REGISTRA,MOTOCICLETA
2022-01-09 00:36:14,-4.003296,-79.228294,Av. Gran Colombia,CON_FALLECIDOS,Atropellamiento,Mal estado de la via,42,FALLECIDO,NO_REGISTRA,MOTOCICLETA,40,FALLECIDO,HOMBRE,VEH_LIVIANO,,,,
2022-12-05 16:45:19,-4.002035,-79.225361,Calle Colon,CON_LESIONADOS,Choque Vehicular,Falla mecanica,28,LESIONADO,NO_REGISTRA,MOTOCICLETA,,,,,,,,
2022-12-12 06:40:17,-3.992207,-79.190927,Calle Saraguro,SOLO_DANOS,Accidente Laboral,Exceso de velocidad,,,,,,,,,,,,