fecha_hora,latitud,longitud,via,grado_severidad,tipo_siniestro,causa_probable,victima1_edad,victima1_condicion,victima1_sexo,victima1_actor_vial,victima2_edad,victima2_condicion,victima2_sexo,victima2_actor_vial,victima3_edad,victima3_condicion,victima3_sexo,victima3_actor_vial
2022-03-19 10:15:22,-4.031260,-79.189015,Av. Cuxibamba,CON_FALLECIDOS,Volcamiento,Visibilidad reducida,72,FALLECIDO,NO_REGISTRA,VEH_LIVIANO,38,LESIONADO,MUJER,PEATON,,,,
2022-09-09 03:37:34,-3.979101,-79.198942,Calle Azogues,CON_FALLECIDOS,Accidente Laboral,Mal estado de la via,84,FALLECIDO,NO_REGISTRA,VEH_LIVIANO,40,FALLECIDO,NO_REGISTRA,MOTOCICLETA,,,,
2022-06-14 18:34:36,-4.030344,-79.204149,Calle 18 de Noviembre,CON_LESIONADOS,Colision Multiple,Estado de embriaguez,10,LESIONADO,HOMBRE,PEATON,27,LESIONADO,NO_REGISTRA,SCOOTER,,,,
2022-10-10 06:28:37,-4.014974,-79.223919,Calle Colon,CON_FALLECIDOS,Accidente Laboral,Estado de embriaguez,75,FALLECIDO,HOMBRE,SCOOTER,55,LESIONADO,HOMBRE,CICLISTA,,,,
2022-08-29 03:28:29,-4.004835,-79.194803,Calle Colon,CON_FALLECIDOS,Caida,Falla mecanica,53,FALLECIDO,HOMBRE,CICLISTA,77,FALLECIDO,NO_REGISTRA,MOTOCICLETA,38,LESIONADO,NO_REGISTRA,CICLISTA
2022-12-26 21:53:03,-4.019045,-79.190384,Av. Pio Jaramillo,CON_LESIONADOS,Accidente Laboral,Factores externos,59,LESIONADO,HOMBRE,VEH_LIVIANO,73,LESIONADO,NO_REGISTRA,SCOOTER,,,,
2022-10-07 05:35:14,-4.006471,-79.182945,Calle Miguel Riofrio,CON_LESIONADOS,Colision Multiple,Distraccion (celular/radio),12,LESIONADO,MUJER,MOTOCICLETA,,,,,,,,
2022-07-25 05:25:55,-3.992833,-79.229460,Calle Sucre,SOLO_DANOS,Caida,Equipo de seguridad deficiente,,,,,,,,,,,,
2022-05-28 22:40:32,-4.024785,-79.206433,Calle Mercadillo,CON_FALLECIDOS,Atropellamiento,Falla mecanica,40,FALLECIDO,HOMBRE,SCOOTER,34,LESIONADO,HOMBRE,VEH_LIVIANO,,,,
2022-03-11 00:28:40,-4.017676,-79.190223,Calle 10 de Agosto,SOLO_DANOS,Choque Vehicular,Visibilidad reducida,,,,,,,,,,,,
2022-07-31 12:38:12,-4.030194,-79.201775,Calle Montufar,CON_LESIONADOS,Caida,Via resbaladiza o mojada,26,LESIONADO,HOMBRE,OTRO,18,LESIONADO,MUJER,MOTOCICLETA,,,,
2022-03-14 15:08:59,-3.981089,-79.215183,Av. Metropolitana,SOLO_DANOS,Choque Vehicular,Estado de embriaguez,,,,,,,,,,,,
2022-07-19 10:16:54,-3.989537,-79.216035,Calle Ramon Borrero,CON_FALLECIDOS,Incendio,Estado de embriaguez,57,FALLECIDO,HOMBRE,MOTOCICLETA,,,,,,,,
2022-04-18 04:33:48,-3.996548,-79.191332,Via Loja - Zamora,SOLO_DANOS,Atropellamiento,Falla mecanica,,,,,,,,,,,,
2022-04-28 05:59:01,-4.008969,-79.176285,Av. Universitaria,CON_FALLECIDOS,Choque Vehicular,Via resbaladiza o mojada,83,FALLECIDO,NO_REGISTRA,VEH_LIVIANO,46,LESIONADO,HOMBRE,OTRO,,,,
2022-08-01 22:35:29,-3.999540,-79.218302,Ruta 35,CON_LESIONADOS,Accidente Laboral,Exceso de velocidad,33,LESIONADO,MUJER,SCOOTER,71,LESIONADO,HOMBRE,SCOOTER,,,,
2022-11-25 03:58:55,-3.984252,-79.227814,Via Loja - Zamora,CON_LESIONADOS,Caida,Equipo de seguridad deficiente,48,LESIONADO,MUJER,SCOOTER,,,,,,,,
2022-02-28 20:16:52,-3.995180,-79.229376,Calle Imbabura,SOLO_DANOS,Choque Vehicular,Mal estado de la via,,,,,,,,,,,,
2022-10-18 03:29:30,-3.992174,-79.218358,Calle Rocafuerte,SOLO_DANOS,Incendio,Inobservancia de senales,,,,,,,,,,,,
2022-10-17 09:58:41,-4.032803,-79.211339,Calle 18 de Noviembre,CON_LESIONADOS,Choque Vehicular,Mal estado de la via,57,LESIONADO,HOMBRE,PEATON,,,,,,,,
2022-10-19 00:05:16,-4.003074,-79.221814,Ruta 35,CON_FALLECIDOS,Atropellamiento,Inobservancia de senales,48,FALLECIDO,HOMBRE,CICLISTA,60,LESIONADO,HOMBRE,CICLISTA,,,,
2022-07-31 21:52:10,-4.029421,-79.171014,Calle Rocafuerte,SOLO_DANOS,Accidente Laboral,Visibilidad reducida,,,,,,,,,,,,
2022-06-29 21:30:00,-4.026299,-79.200752,Av. 8 de Diciembre,CON_FALLECIDOS,Choque Vehicular,Mal estado de la via,56,FALLECIDO,HOMBRE,CICLISTA,51,LESIONADO,MUJER,MOTOCICLETA,26,LESIONADO,NO_REGISTRA,PEATON
2022-10-11 01:28:01,-3.994137,-79.195658,Calle Ramon Borrero,SOLO_DANOS,Incendio,Visibilidad reducida,,,,,,,,,,,,
2022-06-17 19:31:17,-3.986632,-79.198967,Calle Sucre,SOLO_DANOS,Caida,Equipo de seguridad deficiente,61,LESIONADO,MUJER,CICLISTA,,,,,,,,
2022-03-08 08:58:04,-4.018575,-79.221102,Calle Imbabura,CON_LESIONADOS,Volcamiento,Distraccion (celular/radio),29,LESIONADO,HOMBRE,MOTOCICLETA,71,LESIONADO,HOMBRE,VEH_LIVIANO,49,LESIONADO,HOMBRE,MOTOCICLETA
2022-03-11 01:16:55,-4.018081,-79.200180,Av. Metropolitana,SOLO_DANOS,Choque Vehicular,Via resbaladiza o mojada,,,,,,,,,,,,
2022-10-25 12:42:15,-3.992245,-79.224305,Calle Sucre,CON_FALLECIDOS,Accidente Laboral,Falla mecanica,81,FALLECIDO,HOMBRE,MOTOCICLETA,66,LESIONADO,HOMBRE,SCOOTER,,,,
2022-06-28 03:04:09,-4.005885,-79.185270,Calle Ramon Borrero,SOLO_DANOS,Colision Multiple,Factores externos,,,,,,,,,,,,
2022-05-19 13:51:48,-4.006376,-79.182597,Calle Rocafuerte,CON_LESIONADOS,Choque Vehicular,Estado de embriaguez,23,LESIONADO,HOMBRE,CICLISTA,,,,,,,,
2022-07-23 10:48:02,-3.980363,-79.205228,Calle Ramon Borrero,CON_LESIONADOS,Volcamiento,Inobservancia de senales,78,LESIONADO,HOMBRE,CICLISTA,65,LESIONADO,NO_REGISTRA,VEH_LIVIANO,55,LESIONADO,NO_REGISTRA,CICLISTA
2022-09-30 20:50:58,-3.990618,-79.206107,Calle Saraguro,SOLO_DANOS,Colision Multiple,Equipo de seguridad deficiente,,,,,,,,,,,,
2022-08-12 05:13:53,-3.983875,-79.184326,Av. Universitaria,SOLO_DANOS,Atropellamiento,Inobservancia de senales,,,,,,,,,,,,
2022-05-21 00:56:30,-4.024777,-79.196154,Av. 8 de Diciembre,CON_FALLECIDOS,Volcamiento,Via resbaladiza o mojada,31,FALLECIDO,NO_REGISTRA,CICLISTA,74,LESIONADO,HOMBRE,SCOOTER,,,,
2022-11-01 16:13:30,-4.019192,-79.218094,Via Loja - Catamayo,CON_LESIONADOS,Colision Multiple,Via resbaladiza o mojada,31,LESIONADO,HOMBRE,OTRO,63,LESIONADO,HOMBRE,SCOOTER,,,,
2022-09-06 06:41:13,-4.020841,-79.195165,Av. Metropolitana,CON_FALLECIDOS,Caida,Distraccion (celular/radio),50,FALLECIDO,MUJER,MOTOCICLETA,18,FALLECIDO,HOMBRE,OTRO,29,LESIONADO,MUJER,VEH_LIVIANO
2022-09-28 07:38:02,-4.012763,-79.184371,Calle Bolivar,SOLO_DANOS,Accidente Laboral,Visibilidad reducida,,,,,,,,,,,,
2022-08-13 17:01:17,-3.998796,-79.185276,Av. Rosa Hermosa,CON_FALLECIDOS,Accidente Laboral,Distraccion (celular/radio),70,FALLECIDO,NO_REGISTRA,CICLISTA,,,,,,,,
2022-01-23 03:18:46,-3.980647,-79.199669,Calle Ramon Borrero,CON_LESIONADOS,Colision Multiple,Fatiga del conductor,41,LESIONADO,HOMBRE,VEH_LIVIANO,,,,,,,,
2022-12-12 18:22:38,-4.017845,-79.211280,Via Loja - Zamora,CON_LESIONADOS,Atropellamiento,Mal estado de la via,17,LESIONADO,NO_REGISTRA,OTRO,55,LESIONADO,MUJER,PEATON,36,LESIONADO,NO_REGISTRA,OTRO
2022-03-30 10:42:04,-3.986419,-79.196160,Calle Sucre,SOLO_DANOS,Choque Vehicular,Visibilidad reducida,,,,,,,,,,,,
2022-07-02 20:33:36,-3.987452,-79.215785,Calle Quito,CON_LESIONADOS,Caida,Fatiga del conductor,60,LESIONADO,HOMBRE,SCOOTER,34,LESIONADO,NO_REGISTRA,OTRO,,,,
2022-08-05 20:10:49,-3.986343,-79.223781,Av. Manuel Agustin Aguirre,SOLO_DANOS,Accidente Laboral,Equipo de seguridad deficiente,,,,,,,,,,,,
2022-06-20 10:48:33,-4.031887,-79.179486,Calle 18 de Noviembre,SOLO_DANOS,Incendio,Visibilidad reducida,,,,,,,,,,,,
2022-01-05 02:21:35,-3.998777,-79.183066,Calle Imbabura,CON_LESIONADOS,Caida,Mal estado de la via,22,LESIONADO,NO_REGISTRA,VEH_LIVIANO,,,,,,,,
2022-07-31 00:00:53,-3.994310,-79.181156,Calle Sucre,CON_LESIONADOS,Incendio,Via resbaladiza o mojada,11,LESIONADO,NO_REGISTRA,SCOOTER,73,LESIONADO,MUJER,CICLISTA,22,LESIONADO,NO_REGISTRA,CICLISTA
2022-12-21 16:04:43,-4.019993,-79.223520,Calle 10 de Agosto,CON_FALLECIDOS,Choque Vehicular,Equipo de seguridad deficiente,34,FALLECIDO,HOMBRE,SCOOTER,40,LESIONADO,HOMBRE,SCOOTER,50,LESIONADO,MUJER,MOTOCICLETA
2022-03-26 06:45:12,-4.015885,-79.217251,Calle Bolivar,CON_FALLECIDOS,Incendio,Imprudencia del conductor,42,FALLECIDO,MUJER,SCOOTER,26,LESIONADO,NO_REGISTRA,MOTOCICLETA,9,LESIONADO,NO_REGISTRA,SCOOTER
2022-11-20 14:47:07,-3.979003,-79.201887,Calle Sucre,CON_LESIONADOS,Atropellamiento,Exceso de velocidad,35,LESIONADO,NO_REGISTRA,VEH_LIVIANO,,,,,,,,
2022-09-29 16:44:05,-4.008168,-79.220051,Av. 8 de Diciembre,CON_LESIONADOS,Caida,Exceso de velocidad,12,LESIONADO,MUJER,OTRO,,,,,,,,
2022-08-14 13:22:23,-3.997547,-79.182417,Av. Reinaldo Espinosa,CON_FALLECIDOS,Choque Vehicular,Visibilidad reducida,20,FALLECIDO,HOMBRE,CICLISTA,19,LESIONADO,NO_REGISTRA,OTRO,58,LESIONADO,NO_REGISTRA,MOTOCICLETA
2022-10-10 15:41:06,-3.988153,-79.198548,Calle 10 de Agosto,CON_LESIONADOS,Volcamiento,Mal estado de la via,51,LESIONADO,HOMBRE,PEATON,41,LESIONADO,HOMBRE,VEH_LIVIANO,,,,
2022-11-14 21:48:35,-4.004981,-79.227160,Calle Azogues,CON_FALLECIDOS,Incendio,Falla mecanica,38,FALLECIDO,HOMBRE,VEH_LIVIANO,70,FALLECIDO,NO_REGISTRA,PEATON,66,LESIONADO,MUJER,MOTOCICLETA
2022-06-15 06:33:30,-3.989190,-79.209950,Av. Rosa Hermosa,SOLO_DANOS,Caida,Via resbaladiza o mojada,75,LESIONADO,NO_REGISTRA,PEATON,,,,,,,,
2022-12-11 09:43:46,-4.021268,-79.201179,Calle 18 de Noviembre,CON_LESIONADOS,Volcamiento,Imprudencia del conductor,59,LESIONADO,NO_REGISTRA,PEATON,49,LESIONADO,NO_REGISTRA,MOTOCICLETA,5,LESIONADO,MUJER,CICLISTA
2022-03-27 21:59:59,-4.003193,-79.201706,Calle 10 de Agosto,CON_LESIONADOS,Incendio,Distraccion (celular/radio),65,LESIONADO,MUJER,CICLISTA,6,LESIONADO,HOMBRE,OTRO,,,,
2022-09-01 07:52:20,-3.987414,-79.199121,Av. Manuel Agustin Aguirre,CON_LESIONADOS,Caida,Inobservancia de senales,43,LESIONADO,HOMBRE,CICLISTA,73,LESIONADO,MUJER,MOTOCICLETA,27,LESIONADO,MUJER,CICLISTA
2022-01-22 03:28:09,-4.033106,-79.194596,Calle Bolivar,CON_FALLECIDOS,Caida,Estado de embriaguez,51,FALLECIDO,NO_REGISTRA,OTRO,55,FALLECIDO,MUJER,SCOOTER,5,LESIONADO,MUJER,MOTOCICLETA
2022-01-22 05:39:50,-3.994951,-79.190656,Calle Mercadillo,CON_FALLECIDOS,Incendio,Exceso de velocidad,62,FALLECIDO,HOMBRE,VEH_LIVIANO,,,,,,,,
2022-12-18 15:24:33,-4.004033,-79.224591,Calle Miguel Riofrio,CON_FALLECIDOS,Volcamiento,Visibilidad reducida,38,FALLECIDO,MUJER,PEATON,23,LESIONADO,MUJER,OTRO,30,LESIONADO,MUJER,VEH_LIVIANO
2022-11-25 08:20:02,-4.015771,-79.190669,Av. Pio Jaramillo,CON_FALLECIDOS,Accidente Laboral,Fatiga del conductor,19,FALLECIDO,NO_REGISTRA,OTRO,,,,,,,,
2022-07-11 08:28:32,-4.022848,-79.227916,Calle Bolivar,CON_FALLECIDOS,Atropellamiento,Visibilidad reducida,23,FALLECIDO,NO_REGISTRA,SCOOTER,18,FALLECIDO,HOMBRE,MOTOCICLETA,51,LESIONADO,HOMBRE,SCOOTER
2022-09-04 15:32:21,-3.996460,-79.227199,Calle Miguel Riofrio,CON_FALLECIDOS,Volcamiento,Exceso de velocidad,70,FALLECIDO,MUJER,PEATON,67,FALLECIDO,MUJER,CICLISTA,,,,
2022-04-05 07:12:09,-4.008370,-79.191445,Calle Montufar,CON_FALLECIDOS,Atropellamiento,Visibilidad reducida,60,FALLECIDO,HOMBRE,OTRO,19,FALLECIDO,NO_REGISTRA,PEATON,,,,
2022-11-24 14:56:50,-3.982693,-79.201314,Calle 18 de Noviembre,CON_FALLECIDOS,Caida,Distraccion (celular/radio),79,FALLECIDO,MUJER,SCOOTER,29,FALLECIDO,MUJER,OTRO,48,LESIONADO,NO_REGISTRA,SCOOTER
2022-12-22 19:30:26,-4.031109,-79.201827,Calle Montufar,CON_FALLECIDOS,Volcamiento,Equipo de seguridad deficiente,85,FALLECIDO,MUJER,SCOOTER,37,FALLECIDO,MUJER,MOTOCICLETA,11,LESIONADO,MUJER,OTRO
2022-03-29 15:31:03,-4.002608,-79.176119,Calle 10 de Agosto,CON_FALLECIDOS,Volcamiento,Falla mecanica,75,FALLECIDO,NO_REGISTRA,OTRO,52,FALLECIDO,HOMBRE,CICLISTA,44,LESIONADO,HOMBRE,SCOOTER
2022-04-24 06:32:02,-4.009405,-79.197629,Calle Quito,SOLO_DANOS,Volcamiento,Mal estado de la via,,,,,,,,,,,,
2022-03-21 08:16:58,-4.010904,-79.221720,Calle Imbabura,CON_LESIONADOS,Incendio,Fatiga del conductor,55,LESIONADO,MUJER,SCOOTER,57,LESIONADO,MUJER,CICLISTA,,,,
2022-02-02 05:54:50,-4.005350,-79.220352,Calle Sucre,SOLO_DANOS,Incendio,Equipo de seguridad deficiente,,,,,,,,,,,,
2022-01-03 21:09:37,-4.030814,-79.202253,Calle Saraguro,CON_FALLECIDOS,Choque Vehicular,Exceso de velocidad,58,FALLECIDO,NO_REGISTRA,VEH_LIVIANO,65,LESIONADO,HOMBRE,PEATON,,,,
2022-05-15 06:59:13,-4.021077,-79.178090,Calle Colon,SOLO_DANOS,Accidente Laboral,Estado de embriaguez,,,,,,,,,,,,
2022-07-22 09:33:49,-4.022847,-79.216780,Av. Cuxibamba,CON_FALLECIDOS,Accidente Laboral,Via resbaladiza o mojada,24,FALLECIDO,MUJER,OTRO,64,FALLECIDO,HOMBRE,MOTOCICLETA,35,LESIONADO,MUJER,CICLISTA
2022-11-12 03:00:01,-3.978262,-79.176745,Ruta 35,CON_FALLECIDOS,Incendio,Mal estado de la via,82,FALLECIDO,HOMBRE,VEH_LIVIANO,60,FALLECIDO,MUJER,PEATON,56,LESIONADO,HOMBRE,OTRO
2022-02-16 15:42:32,-4.022796,-79.172783,Av. Reinaldo Espinosa,CON_LESIONADOS,Colision Multiple,Estado de embriaguez,52,LESIONADO,HOMBRE,VEH_LIVIANO,25,LESIONADO,NO_REGISTRA,CICLISTA,,,,
2022-08-01 03:00:06,-3.982688,-79.224201,Calle Sucre,CON_LESIONADOS,Colision Multiple,Equipo de seguridad deficiente,57,LESIONADO,HOMBRE,VEH_LIVIANO,,,,,,,,
2022-02-21 13:44:08,-4.007870,-79.189330,Av. 8 de Diciembre,CON_LESIONADOS,Caida,Mal estado de la via,75,LESIONADO,MUJER,VEH_LIVIANO,15,LESIONADO,MUJER,CICLISTA,,,,
2022-04-07 15:05:50,-3.991952,-79.187903,Calle Azogues,CON_FALLECIDOS,Colision Multiple,Visibilidad reducida,67,FALLECIDO,HOMBRE,MOTOCICLETA,23,FALLECIDO,MUJER,MOTOCICLETA,,,,
2022-05-16 01:36:26,-4.003411,-79.179322,Calle 10 de Agosto,SOLO_DANOS,Volcamiento,Mal estado de la via,,,,,,,,,,,,
2022-03-15 22:35:52,-4.033928,-79.185846,Calle Saraguro,CON_FALLECIDOS,Colision Multiple,Falla mecanica,58,FALLECIDO,HOMBRE,MOTOCICLETA,49,FALLECIDO,MUJER,OTRO,57,LESIONADO,MUJER,CICLISTA
2022-08-17 20:42:52,-3.980263,-79.214487,Av. Isidro Ayora,CON_FALLECIDOS,Atropellamiento,Imprudencia del conductor,62,FALLECIDO,HOMBRE,MOTOCICLETA,59,FALLECIDO,MUJER,OTRO,37,LESIONADO,NO_REGISTRA,MOTOCICLETA
2022-09-17 00:58:07,-3.996187,-79.174228,Av. Manuel Agustin Aguirre,CON_FALLECIDOS,Incendio,Factores externos,18,FALLECIDO,NO_REGISTRA,MOTOCICLETA,,,,,,,,
2022-03-11 01:51:04,-4.007483,-79.210121,Calle Colon,CON_FALLECIDOS,Incendio,Imprudencia del conductor,74,FALLECIDO,HOMBRE,PEATON,6,LESIONADO,NO_REGISTRA,PEATON,46,LESIONADO,MUJER,MOTOCICLETA
2022-07-17 14:23:56,-3.993050,-79.172909,Av. Reinaldo Espinosa,CON_LESIONADOS,Caida,Distraccion (celular/radio),77,LESIONADO,MUJER,CICLISTA,20,LESIONADO,MUJER,VEH_LIVIANO,49,LESIONADO,HOMBRE,VEH_LIVIANO
2022-09-19 02:23:17,-3.999491,-79.221635,Av. Rosa Hermosa,CON_FALLECIDOS,Colision Multiple,Distraccion (celular/radio),59,FALLECIDO,MUJER,PEATON,43,FALLECIDO,MUJER,VEH_LIVIANO,,,,
2022-03-09 14:23:35,-4.008942,-79.214908,Calle Quito,SOLO_DANOS,Caida,Distraccion (celular/radio),,,,,,,,,,,,
2022-04-22 18:34:29,-3.985015,-79.211747,Calle Miguel Riofrio,CON_FALLECIDOS,Incendio,Visibilidad reducida,21,FALLECIDO,MUJER,VEH_LIVIANO,25,FALLECIDO,HOMBRE,PEATON,57,LESIONADO,HOMBRE,CICLISTA
2022-02-20 19:57:12,-4.008618,-79.215588,Calle Bolivar,CON_FALLECIDOS,Colision Multiple,Imprudencia del conductor,36,FALLECIDO,MUJER,CICLISTA,75,LESIONADO,MUJER,PEATON,,,,
2022-10-28 08:56:21,-3.982623,-79.230607,Calle 18 de Noviembre,CON_LESIONADOS,Caida,Estado de embriaguez,20,LESIONADO,MUJER,MOTOCICLETA,49,LESIONADO,HOMBRE,PEATON,,,,
2022-08-24 02:37:58,-4.020515,-79.173306,Calle Azogues,SOLO_DANOS,Atropellamiento,Via resbaladiza o mojada,,,,,,,,,,,,
2022-04-10 00:22:23,-4.020649,-79.177370,Av. Manuel Agustin Aguirre,CON_LESIONADOS,Incendio,Imprudencia del conductor,37,LESIONADO,MUJER,VEH_LIVIANO,36,LESIONADO,NO_REGISTRA,CICLISTA,,,,
2022-12-08 12:48:57,-3.985583,-79.224515,Av. Universitaria,CON_FALLECIDOS,Colision Multiple,Equipo de seguridad deficiente,82,FALLECIDO,NO_REGISTRA,CICLISTA,,,,,,,,
2022-01-13 16:25:01,-4.028620,-79.198477,Av. Reinaldo Espinosa,SOLO_DANOS,Volcamiento,Estado de embriaguez,,,,,,,,,,,,
2022-03-19 20:00:42,-3.977172,-79.176147,Av. Manuel Agustin Aguirre,CON_LESIONADOS,Caida,Falla mecanica,62,LESIONADO,MUJER,OTRO,,,,,,,,
2022-05-08 15:53:56,-3.989014,-79.184022,Av. Reinaldo Espinosa,CON_FALLECIDOS,Atropellamiento,Factores externos,76,FALLECIDO,NO_REGISTRA,SCOOTER,33,FALLECIDO,HOMBRE,MOTOCICLETA,21,LESIONADO,MUJER,MOTOCICLETA
2022-03-06 02:41:53,-4.029077,-79.172713,Calle Montufar,CON_FALLECIDOS,Incendio,Inobservancia de senales,23,FALLECIDO,NO_REGISTRA,MOTOCICLETA,58,FALLECIDO,HOMBRE,VEH_LIVIANO,,,,
2022-05-13 01:11:27,-3.984344,-79.223256,Calle Azogues,SOLO_DANOS,Volcamiento,Distraccion (celular/radio),,,,,,,,,,,,
2022-02-13 08:10:42,-3.979470,-79.224979,Av. Rosa Hermosa,CON_FALLECIDOS,Choque Vehicular,Imprudencia del conductor,48,FALLECIDO,HOMBRE,VEH_LIVIANO,23,FALLECIDO,MUJER,VEH_LIVIANO,,,,
2022-11-23 14:55:31,-4.011240,-79.200607,Via Loja - Zamora,CON_FALLECIDOS,Volcamiento,Fatiga del conductor,75,FALLECIDO,MUJER,OTRO,,,,,,,,
2022-11-03 02:09:21,-4.013148,-79.183657,Av. Universitaria,CON_FALLECIDOS,Incendio,Via resbaladiza o mojada,34,FALLECIDO,NO_REGISTRA,VEH_LIVIANO,60,FALLECIDO,HOMBRE,CICLISTA,,,,
2022-04-11 18:49:50,-4.002775,-79.190334,Av. Isidro Ayora,CON_FALLECIDOS,Accidente Laboral,Mal estado de la via,72,FALLECIDO,NO_REGISTRA,OTRO,31,FALLECIDO,HOMBRE,SCOOTER,,,,
2022-05-23 04:10:15,-4.007414,-79.223046,Av. Rosa Hermosa,SOLO_DANOS,Choque Vehicular,Mal estado de la via,39,LESIONADO,HOMBRE,MOTOCICLETA,,,,,,,,
2022-06-03 19:13:45,-3.977706,-79.229807,Av. Gran Colombia,SOLO_DANOS,Volcamiento,Visibilidad reducida,,,,,,,,,,,,
2022-07-12 15:45:03,-3.982749,-79.207716,Av. Orillas del Zamora,CON_FALLECIDOS,Incendio,Via resbaladiza o mojada,39,FALLECIDO,NO_REGISTRA,SCOOTER,8,LESIONADO,HOMBRE,SCOOTER,,,,
2022-12-05 11:11:52,-3.994267,-79.198004,Av. 8 de Diciembre,SOLO_DANOS,Colision Multiple,Imprudencia del conductor,,,,,,,,,,,,
2022-08-06 12:33:47,-3.977428,-79.175949,Calle Ramon Borrero,CON_FALLECIDOS,Incendio,Exceso de velocidad,52,FALLECIDO,MUJER,MOTOCICLETA,20,FALLECIDO,HOMBRE,MOTOCICLETA,,,,
2022-06-23 21:40:11,-3.981752,-79.214688,Av. Rosa Hermosa,SOLO_DANOS,Colision Multiple,Falla mecanica,,,,,,,,,,,,
2022-01-06 16:08:22,-4.028626,-79.223668,Calle Azogues,SOLO_DANOS,Caida,Distraccion (celular/radio),49,LESIONADO,HOMBRE,CICLISTA,,,,,,,,
2022-12-05 06:10:19,-4.008595,-79.174976,Av. Cuxibamba,CON_LESIONADOS,Incendio,Imprudencia del conductor,51,LESIONADO,MUJER,CICLISTA,8,LESIONADO,HOMBRE,PEATON,,,,
2022-04-18 07:23:19,-4.009041,-79.200335,Calle 18 de Noviembre,SOLO_DANOS,Caida,Estado de embriaguez,,,,,,,,,,,,
2022-02-05 22:52:13,-4.016078,-79.212728,Via Loja - Zamora,CON_FALLECIDOS,Volcamiento,Estado de embriaguez,60,FALLECIDO,MUJER,MOTOCICLETA,55,LESIONADO,HOMBRE,CICLISTA,33,LESIONADO,NO_REGISTRA,OTRO
2022-11-26 12:42:12,-4.011235,-79.195855,Av. Rosa Hermosa,CON_LESIONADOS,Caida,Factores externos,76,LESIONADO,HOMBRE,OTRO,39,LESIONADO,HOMBRE,SCOOTER,18,LESIONADO,MUJER,PEATON
2022-12-06 20:26:31,-3.996144,-79.210511,Av. Orillas del Zamora,SOLO_DANOS,Colision Multiple,Estado de embriaguez,,,,,,,,,,,,
2022-08-02 11:20:05,-4.012344,-79.173905,Av. Rosa Hermosa,CON_FALLECIDOS,Atropellamiento,Fatiga del conductor,81,FALLECIDO,MUJER,OTRO,50,FALLECIDO,NO_REGISTRA,OTRO,65,LESIONADO,HOMBRE,PEATON
2022-07-20 05:46:40,-4.017203,-79.202710,Av. Isidro Ayora,CON_LESIONADOS,Incendio,Imprudencia del conductor,7,LESIONADO,NO_REGISTRA,MOTOCICLETA,79,LESIONADO,HOMBRE,PEATON,,,,
2022-01-23 19:00:54,-4.005088,-79.185973,Av. Cuxibamba,CON_LESIONADOS,Incendio,Imprudencia del conductor,6,LESIONADO,MUJER,CICLISTA,69,LESIONADO,HOMBRE,PEATON,,,,
2022-07-08 14:59:48,-3.999368,-79.179900,Calle 18 de Noviembre,CON_FALLECIDOS,Choque Vehicular,Inobservancia de senales,48,FALLECIDO,MUJER,MOTOCICLETA,66,FALLECIDO,MUJER,OTRO,17,LESIONADO,NO_REGISTRA,OTRO
2022-05-22 19:39:23,-3.996156,-79.207090,Av. Orillas del Zamora,SOLO_DANOS,Accidente Laboral,Fatiga del conductor,,,,,,,,,,,,
2022-06-26 22:08:43,-4.012820,-79.212485,Via Loja - Zamora,CON_LESIONADOS,Incendio,Mal estado de la via,12,LESIONADO,HOMBRE,OTRO,62,LESIONADO,MUJER,PEATON,,,,
2022-04-26 00:53:31,-3.985472,-79.226548,Calle Montufar,CON_LESIONADOS,Volcamiento,Via resbaladiza o mojada,33,LESIONADO,HOMBRE,PEATON,,,,,,,,
2022-10-26 21:26:20,-3.980143,-79.191102,Av. Gran Colombia,SOLO_DANOS,Atropellamiento,Equipo de seguridad deficiente,24,LESIONADO,NO_REGISTRA,SCOOTER,,,,,,,,
2022-05-11 07:01:14,-3.980793,-79.211150,Calle Montufar,SOLO_DANOS,Atropellamiento,Factores externos,,,,,,,,,,,,
2022-02-04 08:33:09,-3.998881,-79.194119,Calle 18 de Noviembre,CON_LESIONADOS,Volcamiento,Distraccion (celular/radio),19,LESIONADO,NO_REGISTRA,SCOOTER,,,,,,,,
2022-06-25 11:40:18,-4.025258,-79.207403,Av. Gran Colombia,CON_FALLECIDOS,Incendio,Visibilidad reducida,62,FALLECIDO,NO_REGISTRA,CICLISTA,,,,,,,,
2022-01-12 19:42:26,-3.979472,-79.218532,Av. Rosa Hermosa,SOLO_DANOS,Colision Multiple,Factores externos,,,,,,,,,,,,
2022-10-01 11:47:14,-3.992530,-79.201569,Calle Saraguro,CON_FALLECIDOS,Caida,Mal estado de la via,31,FALLECIDO,NO_REGISTRA,VEH_LIVIANO,9,LESIONADO,HOMBRE,CICLISTA,19,LESIONADO,NO_REGISTRA,VEH_LIVIANO
2022-05-15 14:06:41,-4.008632,-79.171307,Calle Rocafuerte,CON_FALLECIDOS,Incendio,Factores externos,52,FALLECIDO,HOMBRE,MOTOCICLETA,82,FALLECIDO,MUJER,CICLISTA,69,LESIONADO,MUJER,PEATON
2022-05-21 23:22:44,-3.998065,-79.194733,Av. Universitaria,CON_FALLECIDOS,Choque Vehicular,Imprudencia del conductor,26,FALLECIDO,NO_REGISTRA,OTRO,78,FALLECIDO,MUJER,CICLISTA,30,LESIONADO,HOMBRE,PEATON
2022-06-19 20:29:11,-4.013441,-79.194584,Calle Ramon Borrero,CON_FALLECIDOS,Incendio,Falla mecanica,83,FALLECIDO,MUJER,MOTOCICLETA,42,LESIONADO,HOMBRE,MOTOCICLETA,61,LESIONADO,MUJER,VEH_LIVIANO