fecha_hora,latitud,longitud,via,grado_severidad,tipo_siniestro,causa_probable,victima1_edad,victima1_condicion,victima1_sexo,victima1_actor_vial,victima2_edad,victima2_condicion,victima2_sexo,victima2_actor_vial,victima3_edad,victima3_condicion,victima3_sexo,victima3_actor_vial
2022-06-18 09:22:51,-3.994632,-79.193100,Av. Manuel Agustin Aguirre,SOLO_DANOS,Choque Vehicular,Via resbaladiza o mojada,,,,,,,,,,,,
2022-08-04 16:37:46,-4.007056,-79.219077,Ruta 35,SOLO_DANOS,Incendio,Fatiga del conductor,,,,,,,,,,,,
2022-08-08 23:54:06,-3.990006,-79.172772,Av. Isidro Ayora,SOLO_DANOS,Incendio,Fatiga del conductor,,,,,,,,,,,,
2022-05-13 02:27:12,-4.005352,-79.184357,Calle Azogues,SOLO_DANOS,Atropellamiento,Mal estado de la via,,,,,,,,,,,,
2022-07-22 19:17:57,-3.977961,-79.211189,Av. 8 de Diciembre,CON_FALLECIDOS,Atropellamiento,Visibilidad reducida,58,FALLECIDO,NO_REGISTRA,CICLISTA,83,FALLECIDO,HOMBRE,PEATON,60,LESIONADO,NO_REGISTRA,VEH_LIVIANO
2022-07-27 21:32:27,-4.025571,-79.203590,Calle Imbabura,SOLO_DANOS,Atropellamiento,Inobservancia de senales,,,,,,,,,,,,
2022-07-06 00:52:53,-3.979984,-79.198929,Calle Saraguro,CON_LESIONADOS,Caida,Falla mecanica,66,LESIONADO,NO_REGISTRA,SCOOTER,51,LESIONADO,NO_REGISTRA,PEATON,,,,
2022-08-15 08:08:35,-4.031194,-79.220018,Calle Azogues,CON_LESIONADOS,Volcamiento,Inobservancia de senales,31,LESIONADO,MUJER,SCOOTER,13,LESIONADO,NO_REGISTRA,MOTOCICLETA,64,LESIONADO,MUJER,SCOOTER
2022-02-07 22:10:06,-3.981549,-79.224624,Av. Cuxibamba,CON_FALLECIDOS,Atropellamiento,Exceso de velocidad,85,FALLECIDO,MUJER,OTRO,24,FALLECIDO,MUJER,MOTOCICLETA,33,LESIONADO,MUJER,MOTOCICLETA
2022-09-05 13:05:59,-4.033899,-79.225855,Av. Reinaldo Espinosa,CON_FALLECIDOS,Choque Vehicular,Falla mecanica,24,FALLECIDO,HOMBRE,MOTOCICLETA,38,FALLECIDO,HOMBRE,CICLISTA,8,LESIONADO,MUJER,MOTOCICLETA
2022-06-17 23:55:29,-4.013319,-79.213441,Via Loja - Zamora,SOLO_DANOS,Colision Multiple,Equipo de seguridad deficiente,,,,,,,,,,,,
2022-04-08 02:41:03,-4.015875,-79.196423,Av. Orillas del Zamora,SOLO_DANOS,Incendio,Estado de embriaguez,77,LESIONADO,HOMBRE,MOTOCICLETA,,,,,,,,
2022-07-02 06:24:50,-4.021808,-79.177276,Calle Miguel Riofrio,SOLO_DANOS,Accidente Laboral,Factores externos,,,,,,,,,,,,
2022-09-11 04:45:26,-4.001516,-79.178523,Av. Rosa Hermosa,SOLO_DANOS,Colision Multiple,Estado de embriaguez,,,,,,,,,,,,
2022-04-09 12:31:25,-4.014616,-79.198371,Av. Cuxibamba,SOLO_DANOS,Incendio,Imprudencia del conductor,45,LESIONADO,HOMBRE,PEATON,,,,,,,,
2022-04-13 12:55:41,-3.997521,-79.197432,Calle Bolivar,CON_FALLECIDOS,Choque Vehicular,Mal estado de la via,51,FALLECIDO,NO_REGISTRA,CICLISTA,,,,,,,,
2022-01-02 07:12:01,-4.026386,-79.209148,Calle Colon,SOLO_DANOS,Accidente Laboral,Imprudencia del conductor,,,,,,,,,,,,
2022-04-06 03:05:22,-3.983254,-79.201782,Calle Miguel Riofrio,SOLO_DANOS,Atropellamiento,Exceso de velocidad,,,,,,,,,,,,
2022-07-03 20:58:09,-3.983416,-79.197423,Av. 8 de Diciembre,CON_FALLECIDOS,Accidente Laboral,Distraccion (celular/radio),45,FALLECIDO,NO_REGISTRA,OTRO,40,FALLECIDO,HOMBRE,CICLISTA,22,LESIONADO,HOMBRE,OTRO
2022-07-16 15:50:13,-4.003992,-79.203500,Calle Azogues,SOLO_DANOS,Accidente Laboral,Falla mecanica,,,,,,,,,,,,
2022-09-26 18:35:00,-3.980628,-79.176904,Av. Gran Colombia,SOLO_DANOS,Choque Vehicular,Visibilidad reducida,,,,,,,,,,,,
2022-08-13 22:48:53,-4.000637,-79.213011,Calle Colon,CON_FALLECIDOS,Caida,Falla mecanica,81,FALLECIDO,NO_REGISTRA,PEATON,68,FALLECIDO,HOMBRE,CICLISTA,,,,
2022-08-15 02:18:31,-4.023633,-79.209547,Av. Cuxibamba,CON_FALLECIDOS,Choque Vehicular,Inobservancia de senales,47,FALLECIDO,NO_REGISTRA,PEATON,78,FALLECIDO,MUJER,VEH_LIVIANO,16,LESIONADO,HOMBRE,VEH_LIVIANO
2022-12-19 03:33:21,-4.025058,-79.194579,Av. Pio Jaramillo,SOLO_DANOS,Accidente Laboral,Distraccion (celular/radio),,,,,,,,,,,,
2022-11-27 17:53:18,-4.018842,-79.220064,Av. Cuxibamba,CON_LESIONADOS,Atropellamiento,Imprudencia del conductor,9,LESIONADO,HOMBRE,MOTOCICLETA,28,LESIONADO,NO_REGISTRA,PEATON,,,,
2022-12-06 05:17:33,-4.035988,-79.215917,Av. Isidro Ayora,SOLO_DANOS,Caida,Visibilidad reducida,,,,,,,,,,,,
2022-09-24 05:18:17,-3.979879,-79.204101,Av. Cuxibamba,SOLO_DANOS,Caida,Visibilidad reducida,,,,,,,,,,,,
2022-07-30 22:30:42,-3.981392,-79.221436,Calle 10 de Agosto,CON_FALLECIDOS,Caida,Via resbaladiza o mojada,59,FALLECIDO,MUJER,PEATON,60,LESIONADO,NO_REGISTRA,OTRO,,,,
2022-02-12 09:54:14,-4.024118,-79.191829,Calle Imbabura,CON_FALLECIDOS,Incendio,Estado de embriaguez,60,FALLECIDO,MUJER,SCOOTER,25,FALLECIDO,NO_REGISTRA,SCOOTER,,,,
2022-04-06 11:22:34,-4.002710,-79.208439,Av. Pio Jaramillo,CON_LESIONADOS,Atropellamiento,Visibilidad reducida,37,LESIONADO,NO_REGISTRA,OTRO,,,,,,,,
2022-11-21 16:18:37,-4.000849,-79.205580,Av. Gran Colombia,SOLO_DANOS,Incendio,Estado de embriaguez,,,,,,,,,,,,
2022-02-02 08:41:08,-4.014248,-79.229762,Calle Montufar,SOLO_DANOS,Accidente Laboral,Mal estado de la via,,,,,,,,,,,,
2022-12-03 09:39:52,-3.990647,-79.206588,Av. 8 de Diciembre,CON_LESIONADOS,Volcamiento,Distraccion (celular/radio),55,LESIONADO,HOMBRE,VEH_LIVIANO,,,,,,,,
2022-03-10 15:50:10,-3.982220,-79.230934,Av. Isidro Ayora,SOLO_DANOS,Volcamiento,Falla mecanica,,,,,,,,,,,,
2022-02-05 22:46:13,-4.026443,-79.215824,Av. Gran Colombia,CON_LESIONADOS,Accidente Laboral,Fatiga del conductor,76,LESIONADO,NO_REGISTRA,PEATON,36,LESIONADO,HOMBRE,VEH_LIVIANO,15,LESIONADO,NO_REGISTRA,VEH_LIVIANO
2022-06-18 17:19:02,-4.033070,-79.184097,Av. Rosa Hermosa,CON_FALLECIDOS,Accidente Laboral,Falla mecanica,33,FALLECIDO,NO_REGISTRA,SCOOTER,73,LESIONADO,HOMBRE,VEH_LIVIANO,,,,
2022-04-21 14:41:32,-4.007914,-79.179677,Av. Gran Colombia,CON_LESIONADOS,Incendio,Mal estado de la via,29,LESIONADO,HOMBRE,MOTOCICLETA,43,LESIONADO,NO_REGISTRA,MOTOCICLETA,24,LESIONADO,MUJER,SCOOTER
2022-11-26 16:39:59,-4.014572,-79.177955,Calle Montufar,CON_FALLECIDOS,Volcamiento,Factores externos,32,FALLECIDO,MUJER,OTRO,36,FALLECIDO,MUJER,SCOOTER,20,LESIONADO,HOMBRE,VEH_LIVIANO
2022-01-18 06:15:15,-4.001788,-79.221014,Av. Gran Colombia,SOLO_DANOS,Atropellamiento,Via resbaladiza o mojada,,,,,,,,,,,,
2022-04-13 13:55:22,-3.999915,-79.215366,Via Loja - Zamora,CON_LESIONADOS,Choque Vehicular,Equipo de seguridad deficiente,36,LESIONADO,HOMBRE,CICLISTA,20,LESIONADO,MUJER,CICLISTA,28,LESIONADO,HOMBRE,SCOOTER
2022-10-21 21:38:38,-3.997571,-79.181656,Av. Orillas del Zamora,CON_LESIONADOS,Incendio,Mal estado de la via,39,LESIONADO,MUJER,SCOOTER,63,LESIONADO,NO_REGISTRA,CICLISTA,10,LESIONADO,MUJER,PEATON
2022-05-25 14:23:04,-4.007834,-79.188069,Av. Gran Colombia,CON_FALLECIDOS,Accidente Laboral,Equipo de seguridad deficiente,80,FALLECIDO,NO_REGISTRA,MOTOCICLETA,24,FALLECIDO,MUJER,CICLISTA,57,LESIONADO,NO_REGISTRA,VEH_LIVIANO
2022-04-04 03:12:32,-3.991584,-79.211083,Av. Universitaria,CON_LESIONADOS,Incendio,Inobservancia de senales,24,LESIONADO,MUJER,VEH_LIVIANO,31,LESIONADO,MUJER,PEATON,,,,
2022-01-20 16:41:41,-4.003217,-79.222524,Via Loja - Zamora,CON_FALLECIDOS,Choque Vehicular,Estado de embriaguez,40,FALLECIDO,NO_REGISTRA,OTRO,66,FALLECIDO,MUJER,PEATON,,,,
2022-10-20 06:12:10,-3.981390,-79.182657,Calle Ramon Borrero,CON_FALLECIDOS,Caida,Fatiga del conductor,73,FALLECIDO,MUJER,CICLISTA,10,LESIONADO,HOMBRE,CICLISTA,,,,
2022-04-08 10:54:10,-3.992235,-79.219341,Calle Miguel Riofrio,CON_FALLECIDOS,Volcamiento,Inobservancia de senales,26,FALLECIDO,NO_REGISTRA,VEH_LIVIANO,,,,,,,,
2022-02-16 07:24:46,-4.000805,-79.230763,Av. Pio Jaramillo,CON_FALLECIDOS,Volcamiento,Equipo de seguridad deficiente,57,FALLECIDO,MUJER,PEATON,56,LESIONADO,MUJER,CICLISTA,39,LESIONADO,MUJER,PEATON
2022-09-12 20:51:16,-4.005023,-79.220328,Av. Pio Jaramillo,CON_FALLECIDOS,Volcamiento,Inobservancia de senales,28,FALLECIDO,NO_REGISTRA,PEATON,38,FALLECIDO,HOMBRE,CICLISTA,,,,
2022-04-23 19:12:09,-4.005414,-79.192950,Via Loja - Catamayo,SOLO_DANOS,Choque Vehicular,Estado de embriaguez,,,,,,,,,,,,
2022-04-16 01:22:34,-4.008404,-79.198509,Calle 18 de Noviembre,CON_LESIONADOS,Choque Vehicular,Imprudencia del conductor,26,LESIONADO,MUJER,CICLISTA,47,LESIONADO,NO_REGISTRA,VEH_LIVIANO,,,,
2022-04-19 00:01:32,-4.004564,-79.183840,Calle Bolivar,SOLO_DANOS,Choque Vehicular,Equipo de seguridad deficiente,,,,,,,,,,,,
2022-04-27 00:15:14,-4.012483,-79.182480,Calle Sucre,SOLO_DANOS,Colision Multiple,Fatiga del conductor,,,,,,,,,,,,
2022-10-04 10:24:24,-4.003372,-79.224398,Av. Rosa Hermosa,SOLO_DANOS,Accidente Laboral,Inobservancia de senales,5,LESIONADO,NO_REGISTRA,VEH_LIVIANO,,,,,,,,
2022-05-12 12:35:50,-3.982134,-79.225590,Av. Reinaldo Espinosa,CON_LESIONADOS,Volcamiento,Mal estado de la via,78,LESIONADO,NO_REGISTRA,MOTOCICLETA,7,LESIONADO,NO_REGISTRA,VEH_LIVIANO,,,,
2022-12-24 00:11:50,-4.008194,-79.188157,Av. Rosa Hermosa,CON_LESIONADOS,Accidente Laboral,Imprudencia del conductor,57,LESIONADO,MUJER,VEH_LIVIANO,,,,,,,,
2022-11-18 20:38:39,-4.029683,-79.226088,Via Loja - Catamayo,CON_FALLECIDOS,Volcamiento,Distraccion (celular/radio),53,FALLECIDO,HOMBRE,VEH_LIVIANO,76,FALLECIDO,MUJER,SCOOTER,18,LESIONADO,MUJER,VEH_LIVIANO
2022-07-31 13:52:04,-4.018250,-79.214350,Calle Colon,SOLO_DANOS,Colision Multiple,Estado de embriaguez,,,,,,,,,,,,
2022-10-14 04:40:32,-3.990965,-79.197739,Av. Universitaria,CON_LESIONADOS,Caida,Factores externos,39,LESIONADO,HOMBRE,OTRO,,,,,,,,
2022-06-20 15:47:55,-4.002546,-79.200998,Calle Saraguro,CON_LESIONADOS,Volcamiento,Imprudencia del conductor,79,LESIONADO,MUJER,OTRO,,,,,,,,
2022-09-20 09:18:18,-4.031783,-79.186647,Calle Azogues,CON_FALLECIDOS,Colision Multiple,Equipo de seguridad deficiente,62,FALLECIDO,MUJER,MOTOCICLETA,,,,,,,,
2022-03-15 17:22:29,-3.979465,-79.176018,Calle Azogues,CON_LESIONADOS,Volcamiento,Fatiga del conductor,40,LESIONADO,HOMBRE,PEATON,46,LESIONADO,NO_REGISTRA,MOTOCICLETA,9,LESIONADO,MUJER,SCOOTER
2022-09-27 08:35:58,-4.030965,-79.202593,Via Loja - Catamayo,SOLO_DANOS,Caida,Estado de embriaguez,,,,,,,,,,,,
2022-08-02 12:47:23,-4.025557,-79.216886,Calle 18 de Noviembre,CON_LESIONADOS,Choque Vehicular,Mal estado de la via,74,LESIONADO,MUJER,OTRO,20,LESIONADO,NO_REGISTRA,CICLISTA,23,LESIONADO,MUJER,SCOOTER
2022-08-12 10:36:23,-3.979615,-79.205141,Av. Rosa Hermosa,SOLO_DANOS,Colision Multiple,Estado de embriaguez,,,,,,,,,,,,
2022-01-22 03:56:03,-3.996036,-79.219012,Calle 18 de Noviembre,CON_LESIONADOS,Choque Vehicular,Visibilidad reducida,7,LESIONADO,NO_REGISTRA,MOTOCICLETA,,,,,,,,
2022-07-14 00:09:34,-4.008484,-79.217573,Av. Rosa Hermosa,SOLO_DANOS,Choque Vehicular,Fatiga del conductor,,,,,,,,,,,,
2022-06-04 13:41:26,-3.977897,-79.197725,Via Loja - Zamora,SOLO_DANOS,Caida,Falla mecanica,,,,,,,,,,,,
2022-03-20 20:19:20,-4.018294,-79.229653,Av. Manuel Agustin Aguirre,CON_LESIONADOS,Colision Multiple,Falla mecanica,64,LESIONADO,MUJER,VEH_LIVIANO,71,LESIONADO,NO_REGISTRA,MOTOCICLETA,,,,
2022-06-14 07:53:34,-4.024601,-79.192261,Calle Miguel Riofrio,CON_LESIONADOS,Incendio,Distraccion (celular/radio),52,LESIONADO,HOMBRE,CICLISTA,,,,,,,,
2022-12-15 22:46:30,-3.982585,-79.189299,Via Loja - Catamayo,CON_LESIONADOS,Volcamiento,Mal estado de la via,30,LESIONADO,NO_REGISTRA,CICLISTA,51,LESIONADO,MUJER,OTRO,33,LESIONADO,HOMBRE,OTRO
2022-03-25 12:36:09,-4.027141,-79.218957,Av. Cuxibamba,CON_FALLECIDOS,Caida,Mal estado de la via,42,FALLECIDO,HOMBRE,CICLISTA,31,FALLECIDO,NO_REGISTRA,MOTOCICLETA,,,,
2022-07-16 19:54:58,-4.033365,-79.173125,Calle Saraguro,SOLO_DANOS,Colision Multiple,Inobservancia de senales,,,,,,,,,,,,
2022-03-16 14:57:54,-4.015714,-79.185354,Via Loja - Zamora,CON_FALLECIDOS,Volcamiento,Inobservancia de senales,53,FALLECIDO,HOMBRE,MOTOCICLETA,74,FALLECIDO,MUJER,PEATON,,,,
2022-12-06 16:45:08,-4.024733,-79.228490,Calle Saraguro,SOLO_DANOS,Volcamiento,Mal estado de la via,,,,,,,,,,,,
2022-03-18 14:39:43,-4.010701,-79.203093,Av. Reinaldo Espinosa,CON_FALLECIDOS,Volcamiento,Falla mecanica,47,FALLECIDO,HOMBRE,SCOOTER,69,FALLECIDO,NO_REGISTRA,PEATON,7,LESIONADO,MUJER,SCOOTER
2022-06-07 20:18:17,-3.992741,-79.200183,Av. Orillas del Zamora,SOLO_DANOS,Incendio,Mal estado de la via,,,,,,,,,,,,
2022-07-04 16:39:57,-4.025823,-79.220925,Calle Quito,CON_FALLECIDOS,Incendio,Fatiga del conductor,58,FALLECIDO,MUJER,MOTOCICLETA,72,FALLECIDO,HOMBRE,SCOOTER,,,,
2022-02-03 11:59:00,-3.991412,-79.223523,Via Loja - Zamora,CON_LESIONADOS,Caida,Visibilidad reducida,80,LESIONADO,HOMBRE,VEH_LIVIANO,29,LESIONADO,HOMBRE,OTRO,,,,
2022-05-16 10:49:48,-3.990995,-79.203048,Calle Colon,CON_LESIONADOS,Colision Multiple,Distraccion (celular/radio),29,LESIONADO,MUJER,PEATON,,,,,,,,
2022-11-13 19:25:52,-3.997450,-79.214867,Via Loja - Catamayo,CON_LESIONADOS,Atropellamiento,Fatiga del conductor,61,LESIONADO,NO_REGISTRA,SCOOTER,47,LESIONADO,NO_REGISTRA,PEATON,69,LESIONADO,HOMBRE,MOTOCICLETA
2022-05-05 07:17:38,-4.033039,-79.213668,Calle Sucre,SOLO_DANOS,Incendio,Visibilidad reducida,,,,,,,,,,,,
2022-07-15 21:08:34,-4.020475,-79.178169,Av. Cuxibamba,SOLO_DANOS,Choque Vehicular,Distraccion (celular/radio),,,,,,,,,,,,
2022-10-24 09:14:59,-4.004166,-79.196952,Via Loja - Catamayo,SOLO_DANOS,Colision Multiple,Exceso de velocidad,,,,,,,,,,,,
2022-08-02 18:39:40,-4.000106,-79.194693,Calle Mercadillo,CON_LESIONADOS,Volcamiento,Via resbaladiza o mojada,68,LESIONADO,HOMBRE,VEH_LIVIANO,,,,,,,,
2022-01-15 00:43:52,-4.017358,-79.184261,Av. Universitaria,SOLO_DANOS,Atropellamiento,Imprudencia del conductor,,,,,,,,,,,,
2022-02-21 18:39:30,-4.009192,-79.177832,Av. Manuel Agustin Aguirre,CON_LESIONADOS,Incendio,Estado de embriaguez,67,LESIONADO,NO_REGISTRA,SCOOTER,53,LESIONADO,NO_REGISTRA,PEATON,,,,
2022-03-04 06:44:32,-4.032525,-79.198502,Calle Miguel Riofrio,CON_LESIONADOS,Choque Vehicular,Falla mecanica,13,LESIONADO,MUJER,MOTOCICLETA,72,LESIONADO,NO_REGISTRA,VEH_LIVIANO,,,,
2022-09-22 12:09:46,-4.028625,-79.186640,Av. Rosa Hermosa,SOLO_DANOS,Accidente Laboral,Imprudencia del conductor,,,,,,,,,,,,
2022-01-26 15:52:48,-4.034402,-79.178742,Av. Pio Jaramillo,CON_FALLECIDOS,Volcamiento,Estado de embriaguez,83,FALLECIDO,NO_REGISTRA,MOTOCICLETA,55,FALLECIDO,MUJER,OTRO,77,LESIONADO,HOMBRE,SCOOTER
2022-12-03 03:18:46,-3.978420,-79.189842,Calle 18 de Noviembre,SOLO_DANOS,Incendio,Inobservancia de senales,71,LESIONADO,MUJER,VEH_LIVIANO,,,,,,,,
2022-03-01 06:35:49,-3.992200,-79.178870,Calle Mercadillo,CON_LESIONADOS,Colision Multiple,Via resbaladiza o mojada,32,LESIONADO,NO_REGISTRA,VEH_LIVIANO,24,LESIONADO,MUJER,OTRO,63,LESIONADO,MUJER,OTRO
2022-02-21 09:03:00,-3.995837,-79.213439,Calle Miguel Riofrio,SOLO_DANOS,Incendio,Fatiga del conductor,9,LESIONADO,HOMBRE,PEATON,,,,,,,,
2022-07-30 17:21:23,-3.979233,-79.199449,Calle Azogues,CON_LESIONADOS,Atropellamiento,Fatiga del conductor,28,LESIONADO,HOMBRE,PEATON,7,LESIONADO,MUJER,VEH_LIVIANO,49,LESIONADO,HOMBRE,SCOOTER
2022-01-24 06:44:56,-3.983436,-79.184143,Av. Rosa Hermosa,CON_FALLECIDOS,Volcamiento,Exceso de velocidad,51,FALLECIDO,NO_REGISTRA,OTRO,36,FALLECIDO,NO_REGISTRA,VEH_LIVIANO,,,,
2022-12-27 11:08:58,-4.033789,-79.192866,Calle Imbabura,CON_LESIONADOS,Caida,Factores externos,66,LESIONADO,HOMBRE,OTRO,58,LESIONADO,HOMBRE,VEH_LIVIANO,,,,
2022-01-07 02:34:49,-3.982921,-79.226857,Av. Isidro Ayora,CON_LESIONADOS,Colision Multiple,Via resbaladiza o mojada,56,LESIONADO,HOMBRE,MOTOCICLETA,,,,,,,,
2022-03-29 12:34:37,-3.995167,-79.227983,Calle Sucre,SOLO_DANOS,Volcamiento,Exceso de velocidad,,,,,,,,,,,,
2022-07-14 13:03:59,-3.994515,-79.194716,Av. Reinaldo Espinosa,CON_LESIONADOS,Choque Vehicular,Via resbaladiza o mojada,51,LESIONADO,MUJER,OTRO,39,LESIONADO,MUJER,VEH_LIVIANO,,,,
2022-05-04 11:43:22,-3.999634,-79.175882,Av. Pio Jaramillo,CON_LESIONADOS,Choque Vehicular,Falla mecanica,32,LESIONADO,MUJER,PEATON,52,LESIONADO,NO_REGISTRA,VEH_LIVIANO,,,,
2022-07-28 00:42:56,-4.035601,-79.196255,Calle Quito,CON_FALLECIDOS,Volcamiento,Exceso de velocidad,79,FALLECIDO,MUJER,PEATON,24,FALLECIDO,MUJER,CICLISTA,15,LESIONADO,HOMBRE,SCOOTER
2022-09-13 13:49:21,-4.024347,-79.190443,Calle Miguel Riofrio,CON_LESIONADOS,Volcamiento,Exceso de velocidad,36,LESIONADO,NO_REGISTRA,MOTOCICLETA,,,,,,,,
2022-10-12 18:45:02,-3.996827,-79.226671,Calle Saraguro,SOLO_DANOS,Colision Multiple,Equipo de seguridad deficiente,,,,,,,,,,,,
2022-02-02 11:53:52,-4.018901,-79.223095,Av. Universitaria,SOLO_DANOS,Incendio,Estado de embriaguez,,,,,,,,,,,,
2022-11-19 04:56:34,-4.029232,-79.192860,Calle Bolivar,CON_FALLECIDOS,Volcamiento,Falla mecanica,59,FALLECIDO,MUJER,OTRO,20,FALLECIDO,HOMBRE,OTRO,,,,
2022-02-15 02:51:04,-3.983584,-79.222104,Av. Metropolitana,CON_FALLECIDOS,Accidente Laboral,Falla mecanica,46,FALLECIDO,MUJER,OTRO,13,LESIONADO,NO_REGISTRA,OTRO,,,,
2022-11-17 09:43:36,-4.033125,-79.209917,Calle Colon,SOLO_DANOS,Incendio,Exceso de velocidad,80,LESIONADO,NO_REGISTRA,CICLISTA,,,,,,,,
2022-03-23 09:25:45,-4.025925,-79.224978,Av. Gran Colombia,SOLO_DANOS,Colision Multiple,Visibilidad reducida,,,,,,,,,,,,
2022-03-07 19:34:47,-4.016073,-79.174195,Av. Cuxibamba,CON_LESIONADOS,Choque Vehicular,Visibilidad reducida,38,LESIONADO,MUJER,OTRO,70,LESIONADO,HOMBRE,SCOOTER,5,LESIONADO,NO_REGISTRA,CICLISTA
2022-11-09 05:11:05,-4.018739,-79.191526,Av. Universitaria,CON_LESIONADOS,Caida,Factores externos,56,LESIONADO,MUJER,VEH_LIVIANO,14,LESIONADO,MUJER,VEH_LIVIANO,65,LESIONADO,HOMBRE,OTRO
2022-01-22 10:21:40,-3.979925,-79.189304,Av. 8 de Diciembre,CON_LESIONADOS,Volcamiento,Visibilidad reducida,77,LESIONADO,NO_REGISTRA,VEH_LIVIANO,,,,,,,,
2022-09-07 11:41:44,-4.009427,-79.211015,Av. Orillas del Zamora,CON_LESIONADOS,Incendio,Distraccion (celular/radio),27,LESIONADO,MUJER,OTRO,,,,,,,,
2022-05-21 05:10:19,-3.997201,-79.207359,Via Loja - Zamora,CON_FALLECIDOS,Atropellamiento,Imprudencia del conductor,77,FALLECIDO,NO_REGISTRA,SCOOTER,,,,,,,,
2022-01-14 01:06:01,-4.021341,-79.221818,Av. Manuel Agustin Aguirre,CON_FALLECIDOS,Choque Vehicular,Falla mecanica,62,FALLECIDO,NO_REGISTRA,SCOOTER,24,FALLECIDO,HOMBRE,MOTOCICLETA,55,LESIONADO,MUJER,OTRO
2022-05-01 20:42:42,-4.036472,-79.222959,Calle Bolivar,CON_FALLECIDOS,Colision Multiple,Equipo de seguridad deficiente,75,FALLECIDO,MUJER,SCOOTER,85,FALLECIDO,NO_REGISTRA,SCOOTER,,,,
2022-08-12 17:52:44,-4.003146,-79.210111,Calle Mercadillo,CON_LESIONADOS,Volcamiento,Via resbaladiza o mojada,56,LESIONADO,MUJER,VEH_LIVIANO,,,,,,,,
2022-03-24 12:23:56,-3.994115,-79.212244,Calle Azogues,CON_LESIONADOS,Caida,Exceso de velocidad,59,LESIONADO,MUJER,SCOOTER,60,LESIONADO,HOMBRE,CICLISTA,,,,
2022-10-15 02:55:56,-3.989944,-79.230938,Calle Ramon Borrero,SOLO_DANOS,Accidente Laboral,Factores externos,,,,,,,,,,,,
2022-06-26 02:38:00,-3.983066,-79.184147,Av. 8 de Diciembre,CON_FALLECIDOS,Accidente Laboral,Fatiga del conductor,62,FALLECIDO,MUJER,MOTOCICLETA,57,FALLECIDO,HOMBRE,OTRO,16,LESIONADO,MUJER,OTRO
2022-05-16 17:31:23,-3.998253,-79.187976,Av. Reinaldo Espinosa,SOLO_DANOS,Caida,Fatiga del conductor,,,,,,,,,,,,
2022-07-01 18:08:51,-4.025749,-79.190437,Av. Orillas del Zamora,CON_FALLECIDOS,Colision Multiple,Distraccion (celular/radio),40,FALLECIDO,NO_REGISTRA,SCOOTER,,,,,,,,
2022-04-23 12:39:52,-3.985322,-79.183694,Av. Manuel Agustin Aguirre,CON_FALLECIDOS,Caida,Mal estado de la via,50,FALLECIDO,MUJER,MOTOCICLETA,49,LESIONADO,HOMBRE,CICLISTA,6,LESIONADO,NO_REGISTRA,MOTOCICLETA
2022-03-17 12:00:42,-3.985596,-79.220392,Calle Miguel Riofrio,CON_FALLECIDOS,Caida,Falla mecanica,62,FALLECIDO,HOMBRE,OTRO,60,LESIONADO,HOMBRE,MOTOCICLETA,21,LESIONADO,NO_REGISTRA,MOTOCICLETA
2022-09-27 04:31:23,-3.979931,-79.187715,Av. Rosa Hermosa,CON_FALLECIDOS,Colision Multiple,Falla mecanica,48,FALLECIDO,MUJER,VEH_LIVIANO,71,FALLECIDO,NO_REGISTRA,SCOOTER,55,LESIONADO,NO_REGISTRA,CICLISTA
2022-01-03 11:01:55,-3.983193,-79.187415,Av. Pio Jaramillo,CON_FALLECIDOS,Volcamiento,Fatiga del conductor,40,FALLECIDO,HOMBRE,CICLISTA,55,FALLECIDO,NO_REGISTRA,MOTOCICLETA,16,LESIONADO,NO_REGISTRA,SCOOTER
2022-05-29 19:59:39,-4.000911,-79.192871,Av. Cuxibamba,CON_LESIONADOS,Colision Multiple,Fatiga del conductor,6,LESIONADO,MUJER,PEATON,,,,,,,,
2022-05-05 13:20:58,-3.987277,-79.183202,Av. Orillas del Zamora,SOLO_DANOS,Volcamiento,Mal estado de la via,,,,,,,,,,,,
2022-07-16 05:27:35,-4.022071,-79.203451,Via Loja - Zamora,CON_FALLECIDOS,Atropellamiento,Via resbaladiza o mojada,65,FALLECIDO,MUJER,VEH_LIVIANO,73,LESIONADO,NO_REGISTRA,CICLISTA,,,,
2022-04-18 15:24:30,-3.986931,-79.207960,Ruta 35,SOLO_DANOS,Incendio,Mal estado de la via,,,,,,,,,,,,
2022-02-11 08:42:50,-4.036821,-79.225350,Av. Cuxibamba,CON_FALLECIDOS,Atropellamiento,Imprudencia del conductor,44,FALLECIDO,NO_REGISTRA,OTRO,45,FALLECIDO,NO_REGISTRA,CICLISTA,21,LESIONADO,NO_REGISTRA,PEATON
2022-07-30 04:43:19,-3.986412,-79.216306,Av. Isidro Ayora,CON_FALLECIDOS,Volcamiento,Estado de embriaguez,26,FALLECIDO,NO_REGISTRA,PEATON,75,LESIONADO,NO_REGISTRA,VEH_LIVIANO,,,,
2022-10-18 20:36:40,-3.983560,-79.196179,Calle Mercadillo,SOLO_DANOS,Accidente Laboral,Inobservancia de senales,,,,,,,,,,,,
2022-06-06 13:24:34,-4.004139,-79.221089,Av. Gran Colombia,SOLO_DANOS,Incendio,Visibilidad reducida,30,LESIONADO,NO_REGISTRA,MOTOCICLETA,,,,,,,,