fecha_hora,latitud,longitud,via,grado_severidad,tipo_siniestro,causa_probable,victima1_edad,victima1_condicion,victima1_sexo,victima1_actor_vial,victima2_edad,victima2_condicion,victima2_sexo,victima2_actor_vial,victima3_edad,victima3_condicion,victima3_sexo,victima3_actor_vial
2022-04-24 10:59:39,-4.022063,-79.172909,Av. Reinaldo Espinosa,CON_LESIONADOS,Choque Vehicular,Via resbaladiza o mojada,40,LESIONADO,NO_REGISTRA,CICLISTA,48,LESIONADO,NO_REGISTRA,OTRO,,,,
2022-03-01 11:23:16,-3.989840,-79.195894,Av. Universitaria,SOLO_DANOS,Accidente Laboral,Mal estado de la via,,,,,,,,,,,,
2022-02-14 19:31:16,-3.981363,-79.178618,Via Loja - Zamora,CON_LESIONADOS,Volcamiento,Falla mecanica,61,LESIONADO,HOMBRE,VEH_LIVIANO,,,,,,,,
2022-11-02 22:42:23,-3.993778,-79.198829,Calle Sucre,CON_LESIONADOS,Volcamiento,Distraccion (celular/radio),58,LESIONADO,MUJER,SCOOTER,75,LESIONADO,HOMBRE,SCOOTER,,,,
2022-12-07 07:42:13,-4.025314,-79.181043,Calle Miguel Riofrio,SOLO_DANOS,Colision Multiple,Inobservancia de senales,,,,,,,,,,,,
2022-01-05 04:19:39,-4.020417,-79.191600,Calle Bolivar,SOLO_DANOS,Atropellamiento,Mal estado de la via,,,,,,,,,,,,
2022-10-12 23:35:12,-3.977540,-79.212608,Calle Ramon Borrero,CON_FALLECIDOS,Colision Multiple,Visibilidad reducida,39,FALLECIDO,MUJER,CICLISTA,63,LESIONADO,MUJER,MOTOCICLETA,,,,
2022-03-15 21:17:44,-4.000586,-79.179820,Via Loja - Catamayo,SOLO_DANOS,Atropellamiento,Mal estado de la via,20,LESIONADO,NO_REGISTRA,PEATON,,,,,,,,
2022-12-08 16:57:53,-4.007100,-79.218235,Calle 10 de Agosto,SOLO_DANOS,Volcamiento,Falla mecanica,,,,,,,,,,,,
2022-06-11 03:58:45,-4.014652,-79.213248,Calle Sucre,CON_FALLECIDOS,Colision Multiple,Imprudencia del conductor,42,FALLECIDO,HOMBRE,MOTOCICLETA,38,FALLECIDO,NO_REGISTRA,CICLISTA,47,LESIONADO,MUJER,PEATON
2022-08-07 08:56:12,-4.012521,-79.178507,Av. Universitaria,CON_LESIONADOS,Volcamiento,Exceso de velocidad,66,LESIONADO,NO_REGISTRA,VEH_LIVIANO,5,LESIONADO,MUJER,OTRO,66,LESIONADO,MUJER,SCOOTER
2022-04-23 12:29:03,-3.989098,-79.181251,Av. Manuel Agustin Aguirre,CON_FALLECIDOS,Accidente Laboral,Factores externos,27,FALLECIDO,HOMBRE,SCOOTER,20,FALLECIDO,MUJER,PEATON,,,,
2022-01-07 15:00:33,-3.990394,-79.186622,Calle 18 de Noviembre,CON_LESIONADOS,Volcamiento,Exceso de velocidad,39,LESIONADO,HOMBRE,SCOOTER,40,LESIONADO,NO_REGISTRA,VEH_LIVIANO,36,LESIONADO,MUJER,CICLISTA
2022-12-16 00:09:49,-4.023981,-79.225206,Calle 18 de Noviembre,CON_FALLECIDOS,Caida,Exceso de velocidad,63,FALLECIDO,NO_REGISTRA,VEH_LIVIANO,85,FALLECIDO,HOMBRE,PEATON,47,LESIONADO,NO_REGISTRA,OTRO
2022-01-17 13:16:37,-4.032131,-79.218352,Av. Metropolitana,CON_FALLECIDOS,Colision Multiple,Distraccion (celular/radio),72,FALLECIDO,MUJER,CICLISTA,55,LESIONADO,MUJER,MOTOCICLETA,10,LESIONADO,NO_REGISTRA,OTRO
2022-11-14 09:58:37,-3.987865,-79.203437,Calle Bolivar,CON_FALLECIDOS,Colision Multiple,Via resbaladiza o mojada,80,FALLECIDO,NO_REGISTRA,SCOOTER,64,FALLECIDO,MUJER,CICLISTA,54,LESIONADO,NO_REGISTRA,SCOOTER
2022-01-23 03:33:17,-3.992219,-79.192123,Via Loja - Catamayo,SOLO_DANOS,Colision Multiple,Distraccion (celular/radio),,,,,,,,,,,,
2022-12-26 13:31:35,-4.000118,-79.211394,Calle 10 de Agosto,SOLO_DANOS,Colision Multiple,Factores externos,72,LESIONADO,HOMBRE,SCOOTER,,,,,,,,
2022-04-14 14:37:57,-4.034813,-79.177518,Av. Gran Colombia,SOLO_DANOS,Volcamiento,Fatiga del conductor,,,,,,,,,,,,
2022-02-09 01:01:05,-3.978628,-79.219544,Ruta 35,CON_FALLECIDOS,Atropellamiento,Fatiga del conductor,43,FALLECIDO,MUJER,OTRO,57,FALLECIDO,NO_REGISTRA,SCOOTER,41,LESIONADO,HOMBRE,PEATON
2022-07-12 18:23:26,-3.993878,-79.227897,Via Loja - Zamora,CON_LESIONADOS,Atropellamiento,Fatiga del conductor,26,LESIONADO,NO_REGISTRA,MOTOCICLETA,,,,,,,,
2022-06-20 19:56:57,-3.999860,-79.174989,Calle Montufar,CON_FALLECIDOS,Caida,Visibilidad reducida,77,FALLECIDO,MUJER,OTRO,29,LESIONADO,HOMBRE,PEATON,31,LESIONADO,NO_REGISTRA,CICLISTA
2022-11-16 17:12:52,-4.009943,-79.193627,Calle Azogues,SOLO_DANOS,Atropellamiento,Via resbaladiza o mojada,,,,,,,,,,,,
2022-09-03 03:06:47,-4.023686,-79.222485,Calle Ramon Borrero,SOLO_DANOS,Incendio,Inobservancia de senales,,,,,,,,,,,,
2022-11-21 13:05:45,-4.006573,-79.183134,Calle Saraguro,CON_FALLECIDOS,Choque Vehicular,Fatiga del conductor,41,FALLECIDO,MUJER,VEH_LIVIANO,,,,,,,,
2022-12-11 00:25:18,-3.981894,-79.202684,Calle Saraguro,CON_LESIONADOS,Colision Multiple,Distraccion (celular/radio),33,LESIONADO,MUJER,SCOOTER,18,LESIONADO,MUJER,PEATON,80,LESIONADO,HOMBRE,PEATON
2022-01-31 09:42:25,-4.034384,-79.221391,Av. Orillas del Zamora,CON_LESIONADOS,Atropellamiento,Visibilidad reducida,51,LESIONADO,NO_REGISTRA,CICLISTA,,,,,,,,
2022-12-24 05:41:50,-4.029841,-79.196482,Av. Gran Colombia,CON_FALLECIDOS,Atropellamiento,Factores externos,66,FALLECIDO,NO_REGISTRA,SCOOTER,65,FALLECIDO,NO_REGISTRA,MOTOCICLETA,31,LESIONADO,MUJER,OTRO
2022-10-28 17:01:00,-3.977429,-79.223285,Calle Imbabura,CON_LESIONADOS,Atropellamiento,Imprudencia del conductor,17,LESIONADO,MUJER,VEH_LIVIANO,65,LESIONADO,NO_REGISTRA,SCOOTER,7,LESIONADO,MUJER,VEH_LIVIANO
2022-06-11 16:26:49,-3.982141,-79.194271,Av. Manuel Agustin Aguirre,SOLO_DANOS,Colision Multiple,Fatiga del conductor,35,LESIONADO,NO_REGISTRA,CICLISTA,,,,,,,,
2022-08-30 22:22:36,-4.006010,-79.227210,Av. Reinaldo Espinosa,CON_FALLECIDOS,Accidente Laboral,Inobservancia de senales,45,FALLECIDO,NO_REGISTRA,SCOOTER,57,LESIONADO,MUJER,SCOOTER,17,LESIONADO,MUJER,CICLISTA
2022-03-19 11:13:29,-3.977307,-79.229141,Av. Isidro Ayora,CON_FALLECIDOS,Accidente Laboral,Equipo de seguridad deficiente,83,FALLECIDO,HOMBRE,VEH_LIVIANO,34,FALLECIDO,HOMBRE,CICLISTA,58,LESIONADO,HOMBRE,SCOOTER
2022-05-25 01:29:38,-3.977437,-79.226742,Via Loja - Zamora,CON_LESIONADOS,Volcamiento,Via resbaladiza o mojada,19,LESIONADO,NO_REGISTRA,VEH_LIVIANO,,,,,,,,
2022-12-20 02:10:21,-4.009171,-79.222003,Av. Universitaria,CON_FALLECIDOS,Incendio,Equipo de seguridad deficiente,38,FALLECIDO,NO_REGISTRA,CICLISTA,29,FALLECIDO,MUJER,VEH_LIVIANO,,,,
2022-08-14 23:48:57,-4.011582,-79.224620,Av. Gran Colombia,CON_LESIONADOS,Choque Vehicular,Visibilidad reducida,25,LESIONADO,NO_REGISTRA,MOTOCICLETA,63,LESIONADO,MUJER,PEATON,,,,
2022-08-15 17:09:11,-4.004883,-79.181100,Calle Ramon Borrero,SOLO_DANOS,Accidente Laboral,Falla mecanica,,,,,,,,,,,,
2022-09-08 05:04:29,-3.980049,-79.171896,Av. Manuel Agustin Aguirre,CON_FALLECIDOS,Accidente Laboral,Via resbaladiza o mojada,30,FALLECIDO,HOMBRE,OTRO,22,FALLECIDO,NO_REGISTRA,PEATON,26,LESIONADO,NO_REGISTRA,SCOOTER
2022-04-28 22:52:55,-4.008543,-79.210110,Calle Colon,CON_LESIONADOS,Caida,Distraccion (celular/radio),44,LESIONADO,HOMBRE,SCOOTER,,,,,,,,
2022-10-10 21:19:57,-3.998120,-79.197390,Av. Manuel Agustin Aguirre,CON_FALLECIDOS,Choque Vehicular,Inobservancia de senales,72,FALLECIDO,NO_REGISTRA,VEH_LIVIANO,45,LESIONADO,MUJER,SCOOTER,,,,
2022-10-22 23:04:40,-4.023386,-79.193573,Calle Sucre,CON_FALLECIDOS,Accidente Laboral,Exceso de velocidad,25,FALLECIDO,HOMBRE,VEH_LIVIANO,,,,,,,,
2022-11-19 23:38:56,-3.982070,-79.207933,Av. 8 de Diciembre,CON_LESIONADOS,Caida,Imprudencia del conductor,5,LESIONADO,MUJER,MOTOCICLETA,71,LESIONADO,MUJER,PEATON,30,LESIONADO,MUJER,VEH_LIVIANO
2022-07-05 06:59:24,-4.031007,-79.190605,Av. Universitaria,CON_LESIONADOS,Caida,Falla mecanica,41,LESIONADO,MUJER,MOTOCICLETA,43,LESIONADO,MUJER,MOTOCICLETA,,,,
2022-10-28 03:52:27,-3.998184,-79.182034,Calle Mercadillo,CON_LESIONADOS,Colision Multiple,Imprudencia del conductor,9,LESIONADO,HOMBRE,OTRO,,,,,,,,
2022-06-06 18:28:19,-4.016287,-79.219243,Av. Isidro Ayora,SOLO_DANOS,Caida,Inobservancia de senales,,,,,,,,,,,,
2022-01-24 01:24:04,-3.991094,-79.194856,Av. Universitaria,CON_LESIONADOS,Atropellamiento,Inobservancia de senales,58,LESIONADO,NO_REGISTRA,MOTOCICLETA,75,LESIONADO,HOMBRE,MOTOCICLETA,,,,
2022-08-03 09:27:13,-4.036482,-79.201539,Calle 10 de Agosto,CON_FALLECIDOS,Colision Multiple,Falla mecanica,46,FALLECIDO,MUJER,VEH_LIVIANO,68,FALLECIDO,HOMBRE,CICLISTA,50,LESIONADO,MUJER,PEATON
2022-04-07 02:55:09,-4.028643,-79.217967,Av. Orillas del Zamora,SOLO_DANOS,Accidente Laboral,Equipo de seguridad deficiente,,,,,,,,,,,,
2022-01-22 12:58:15,-3.994009,-79.221468,Via Loja - Zamora,CON_LESIONADOS,Volcamiento,Mal estado de la via,72,LESIONADO,MUJER,MOTOCICLETA,,,,,,,,
2022-02-11 04:19:26,-3.987861,-79.177743,Av. Manuel Agustin Aguirre,CON_FALLECIDOS,Volcamiento,Via resbaladiza o mojada,35,FALLECIDO,MUJER,SCOOTER,21,FALLECIDO,NO_REGISTRA,SCOOTER,23,LESIONADO,NO_REGISTRA,PEATON
2022-10-11 18:55:38,-4.019000,-79.209895,Av. Pio Jaramillo,CON_LESIONADOS,Atropellamiento,Imprudencia del conductor,55,LESIONADO,HOMBRE,OTRO,9,LESIONADO,MUJER,CICLISTA,,,,
2022-04-13 23:29:22,-4.018895,-79.222292,Calle Colon,CON_LESIONADOS,Atropellamiento,Mal estado de la via,73,LESIONADO,HOMBRE,VEH_LIVIANO,46,LESIONADO,NO_REGISTRA,SCOOTER,,,,
2022-07-03 03:24:08,-3.994561,-79.191648,Calle Imbabura,CON_FALLECIDOS,Incendio,Inobservancia de senales,59,FALLECIDO,HOMBRE,VEH_LIVIANO,59,FALLECIDO,MUJER,MOTOCICLETA,49,LESIONADO,NO_REGISTRA,OTRO
2022-10-30 21:01:16,-3.982009,-79.198272,Calle Quito,CON_FALLECIDOS,Atropellamiento,Inobservancia de senales,63,FALLECIDO,MUJER,CICLISTA,23,FALLECIDO,MUJER,SCOOTER,58,LESIONADO,HOMBRE,PEATON
2022-02-24 09:14:58,-4.021695,-79.208374,Av. Cuxibamba,CON_FALLECIDOS,Choque Vehicular,Visibilidad reducida,32,FALLECIDO,HOMBRE,CICLISTA,25,LESIONADO,NO_REGISTRA,SCOOTER,,,,
2022-02-27 06:14:45,-3.989466,-79.193998,Av. Manuel Agustin Aguirre,CON_FALLECIDOS,Atropellamiento,Imprudencia del conductor,84,FALLECIDO,MUJER,SCOOTER,56,LESIONADO,NO_REGISTRA,MOTOCICLETA,,,,
2022-06-25 16:16:32,-4.030815,-79.175392,Av. Manuel Agustin Aguirre,CON_FALLECIDOS,Volcamiento,Equipo de seguridad deficiente,43,FALLECIDO,NO_REGISTRA,MOTOCICLETA,68,FALLECIDO,HOMBRE,VEH_LIVIANO,9,LESIONADO,MUJER,MOTOCICLETA
2022-11-25 00:33:35,-4.001478,-79.191670,Ruta 35,SOLO_DANOS,Accidente Laboral,Falla mecanica,,,,,,,,,,,,
2022-01-20 08:26:45,-4.026643,-79.219993,Calle Azogues,CON_FALLECIDOS,Colision Multiple,Falla mecanica,70,FALLECIDO,HOMBRE,CICLISTA,80,FALLECIDO,NO_REGISTRA,OTRO,54,LESIONADO,MUJER,OTRO
2022-04-10 23:50:38,-4.032305,-79.176857,Av. Universitaria,CON_LESIONADOS,Choque Vehicular,Estado de embriaguez,6,LESIONADO,HOMBRE,CICLISTA,,,,,,,,
2022-10-16 09:47:00,-3.979397,-79.191142,Ruta 35,CON_FALLECIDOS,Caida,Distraccion (celular/radio),41,FALLECIDO,MUJER,OTRO,76,FALLECIDO,HOMBRE,OTRO,63,LESIONADO,HOMBRE,MOTOCICLETA
2022-03-30 17:28:15,-3.985402,-79.183320,Av. Reinaldo Espinosa,CON_FALLECIDOS,Choque Vehicular,Equipo de seguridad deficiente,68,FALLECIDO,NO_REGISTRA,CICLISTA,30,FALLECIDO,HOMBRE,VEH_LIVIANO,,,,
2022-08-02 09:46:28,-3.979729,-79.207427,Av. Isidro Ayora,CON_FALLECIDOS,Volcamiento,Fatiga del conductor,60,FALLECIDO,MUJER,SCOOTER,31,LESIONADO,HOMBRE,MOTOCICLETA,55,LESIONADO,HOMBRE,PEATON
2022-07-28 07:26:48,-4.028150,-79.196343,Calle 18 de Noviembre,CON_LESIONADOS,Atropellamiento,Distraccion (celular/radio),61,LESIONADO,MUJER,OTRO,24,LESIONADO,NO_REGISTRA,MOTOCICLETA,,,,
2022-09-19 21:26:16,-3.992409,-79.188276,Calle Montufar,CON_FALLECIDOS,Incendio,Mal estado de la via,71,FALLECIDO,NO_REGISTRA,SCOOTER,,,,,,,,
2022-03-29 20:05:23,-4.002919,-79.214612,Calle Ramon Borrero,CON_FALLECIDOS,Incendio,Imprudencia del conductor,37,FALLECIDO,HOMBRE,SCOOTER,,,,,,,,
2022-07-14 06:19:03,-3.986556,-79.188862,Calle 18 de Noviembre,CON_FALLECIDOS,Incendio,Imprudencia del conductor,25,FALLECIDO,HOMBRE,VEH_LIVIANO,28,FALLECIDO,MUJER,VEH_LIVIANO,64,LESIONADO,MUJER,CICLISTA
2022-05-25 19:18:37,-4.031032,-79.208166,Calle Azogues,CON_LESIONADOS,Choque Vehicular,Exceso de velocidad,28,LESIONADO,MUJER,SCOOTER,,,,,,,,
2022-10-26 21:02:50,-3.998566,-79.223753,Calle Ramon Borrero,SOLO_DANOS,Atropellamiento,Visibilidad reducida,,,,,,,,,,,,
2022-09-26 11:38:09,-3.992473,-79.230603,Calle Azogues,CON_LESIONADOS,Colision Multiple,Equipo de seguridad deficiente,80,LESIONADO,NO_REGISTRA,MOTOCICLETA,,,,,,,,
2022-04-21 00:25:26,-4.012091,-79.216057,Av. 8 de Diciembre,CON_FALLECIDOS,Atropellamiento,Visibilidad reducida,44,FALLECIDO,MUJER,OTRO,,,,,,,,
2022-10-31 04:01:38,-3.986859,-79.217689,Av. Manuel Agustin Aguirre,CON_LESIONADOS,Volcamiento,Equipo de seguridad deficiente,36,LESIONADO,MUJER,MOTOCICLETA,18,LESIONADO,HOMBRE,OTRO,,,,
2022-12-16 15:23:51,-4.031968,-79.189064,Calle Azogues,SOLO_DANOS,Choque Vehicular,Estado de embriaguez,60,LESIONADO,MUJER,PEATON,,,,,,,,
2022-05-22 18:42:20,-3.985579,-79.185424,Calle Imbabura,CON_FALLECIDOS,Accidente Laboral,Visibilidad reducida,78,FALLECIDO,MUJER,CICLISTA,51,FALLECIDO,NO_REGISTRA,PEATON,69,LESIONADO,MUJER,OTRO
2022-11-26 20:33:52,-4.026768,-79.192956,Calle Bolivar,CON_FALLECIDOS,Colision Multiple,Fatiga del conductor,32,FALLECIDO,NO_REGISTRA,CICLISTA,61,FALLECIDO,NO_REGISTRA,VEH_LIVIANO,15,LESIONADO,NO_REGISTRA,SCOOTER
2022-07-08 21:24:41,-4.024627,-79.202791,Calle Colon,SOLO_DANOS,Colision Multiple,Fatiga del conductor,,,,,,,,,,,,
2022-06-16 13:09:59,-4.030231,-79.207676,Calle Imbabura,CON_LESIONADOS,Choque Vehicular,Exceso de velocidad,66,LESIONADO,HOMBRE,OTRO,77,LESIONADO,NO_REGISTRA,SCOOTER,16,LESIONADO,MUJER,MOTOCICLETA
2022-05-19 20:03:20,-4.024343,-79.220258,Calle 10 de Agosto,CON_FALLECIDOS,Atropellamiento,Via resbaladiza o mojada,47,FALLECIDO,NO_REGISTRA,MOTOCICLETA,80,FALLECIDO,NO_REGISTRA,SCOOTER,58,LESIONADO,MUJER,SCOOTER
2022-12-15 11:57:58,-4.030066,-79.177484,Av. Reinaldo Espinosa,SOLO_DANOS,Volcamiento,Falla mecanica,,,,,,,,,,,,
2022-05-03 20:10:57,-4.012049,-79.230606,Calle Imbabura,CON_FALLECIDOS,Choque Vehicular,Mal estado de la via,55,FALLECIDO,MUJER,OTRO,20,FALLECIDO,NO_REGISTRA,MOTOCICLETA,67,LESIONADO,NO_REGISTRA,SCOOTER
2022-06-04 20:14:47,-3.997088,-79.191328,Calle Rocafuerte,SOLO_DANOS,Choque Vehicular,Inobservancia de senales,,,,,,,,,,,,
2022-06-04 11:45:44,-4.034134,-79.209631,Av. Cuxibamba,CON_FALLECIDOS,Volcamiento,Via resbaladiza o mojada,47,FALLECIDO,MUJER,PEATON,67,LESIONADO,MUJER,VEH_LIVIANO,20,LESIONADO,HOMBRE,OTRO
2022-05-18 11:42:11,-4.032701,-79.226849,Calle Miguel Riofrio,CON_LESIONADOS,Volcamiento,Inobservancia de senales,74,LESIONADO,HOMBRE,PEATON,,,,,,,,
2022-07-19 03:44:17,-4.003182,-79.191961,Calle Bolivar,CON_FALLECIDOS,Choque Vehicular,Inobservancia de senales,68,FALLECIDO,MUJER,PEATON,47,FALLECIDO,MUJER,OTRO,,,,
2022-09-06 03:08:59,-3.988538,-79.187266,Calle Rocafuerte,CON_FALLECIDOS,Incendio,Mal estado de la via,21,FALLECIDO,HOMBRE,SCOOTER,53,FALLECIDO,MUJER,PEATON,34,LESIONADO,NO_REGISTRA,SCOOTER
2022-09-30 19:29:28,-3.997787,-79.225221,Calle Bolivar,CON_FALLECIDOS,Volcamiento,Imprudencia del conductor,64,FALLECIDO,HOMBRE,MOTOCICLETA,59,FALLECIDO,MUJER,PEATON,,,,
2022-11-07 08:41:47,-4.013099,-79.195326,Calle Quito,SOLO_DANOS,Incendio,Fatiga del conductor,,,,,,,,,,,,
2022-07-14 17:12:07,-4.015530,-79.181044,Calle Mercadillo,CON_LESIONADOS,Volcamiento,Exceso de velocidad,7,LESIONADO,NO_REGISTRA,MOTOCICLETA,47,LESIONADO,NO_REGISTRA,VEH_LIVIANO,,,,
2022-08-17 18:21:23,-4.020372,-79.182704,Calle Rocafuerte,CON_FALLECIDOS,Incendio,Estado de embriaguez,73,FALLECIDO,NO_REGISTRA,MOTOCICLETA,28,LESIONADO,HOMBRE,MOTOCICLETA,,,,
2022-06-09 14:30:53,-4.023442,-79.190830,Av. Gran Colombia,SOLO_DANOS,Choque Vehicular,Equipo de seguridad deficiente,,,,,,,,,,,,
2022-03-19 08:25:29,-4.026479,-79.173225,Av. Orillas del Zamora,SOLO_DANOS,Incendio,Distraccion (celular/radio),,,,,,,,,,,,
2022-01-07 00:58:24,-4.008897,-79.185406,Av. Rosa Hermosa,CON_FALLECIDOS,Accidente Laboral,Via resbaladiza o mojada,38,FALLECIDO,MUJER,PEATON,83,FALLECIDO,MUJER,MOTOCICLETA,54,LESIONADO,MUJER,VEH_LIVIANO
2022-12-24 15:24:20,-4.011257,-79.230580,Av. Reinaldo Espinosa,SOLO_DANOS,Choque Vehicular,Exceso de velocidad,,,,,,,,,,,,
2022-08-14 17:19:13,-4.004167,-79.187098,Av. Pio Jaramillo,SOLO_DANOS,Accidente Laboral,Visibilidad reducida,,,,,,,,,,,,
2022-05-06 09:56:34,-3.982313,-79.176973,Av. Universitaria,CON_FALLECIDOS,Volcamiento,Fatiga del conductor,53,FALLECIDO,HOMBRE,OTRO,21,LESIONADO,HOMBRE,CICLISTA,39,LESIONADO,HOMBRE,SCOOTER
2022-04-13 03:59:53,-4.006721,-79.188944,Calle Rocafuerte,CON_FALLECIDOS,Choque Vehicular,Inobservancia de senales,67,FALLECIDO,HOMBRE,CICLISTA,79,FALLECIDO,MUJER,OTRO,,,,
2022-12-23 18:12:37,-3.997355,-79.230999,Av. Orillas del Zamora,CON_LESIONADOS,Caida,Equipo de seguridad deficiente,47,LESIONADO,HOMBRE,SCOOTER,67,LESIONADO,NO_REGISTRA,MOTOCICLETA,,,,
2022-04-29 19:47:53,-4.012515,-79.222249,Av. Metropolitana,CON_LESIONADOS,Incendio,Mal estado de la via,26,LESIONADO,MUJER,MOTOCICLETA,48,LESIONADO,MUJER,SCOOTER,11,LESIONADO,MUJER,CICLISTA
2022-04-18 08:18:06,-4.033869,-79.194738,Via Loja - Zamora,CON_LESIONADOS,Incendio,Visibilidad reducida,53,LESIONADO,NO_REGISTRA,OTRO,67,LESIONADO,HOMBRE,VEH_LIVIANO,17,LESIONADO,MUJER,OTRO
2022-03-12 07:07:43,-4.024463,-79.198206,Calle Sucre,SOLO_DANOS,Colision Multiple,Visibilidad reducida,,,,,,,,,,,,
2022-03-06 04:45:01,-4.016182,-79.201268,Calle 10 de Agosto,CON_LESIONADOS,Choque Vehicular,Falla mecanica,48,LESIONADO,MUJER,PEATON,,,,,,,,
2022-12-25 19:08:27,-3.995356,-79.201240,Calle Saraguro,SOLO_DANOS,Incendio,Inobservancia de senales,,,,,,,,,,,,
2022-07-23 12:19:32,-4.018824,-79.185642,Av. Pio Jaramillo,CON_FALLECIDOS,Colision Multiple,Fatiga del conductor,60,FALLECIDO,NO_REGISTRA,PEATON,59,FALLECIDO,MUJER,PEATON,49,LESIONADO,MUJER,VEH_LIVIANO
2022-07-16 10:47:11,-3.999693,-79.207194,Calle Bolivar,SOLO_DANOS,Caida,Fatiga del conductor,,,,,,,,,,,,
2022-12-10 11:24:24,-4.008666,-79.196139,Av. Isidro Ayora,CON_LESIONADOS,Accidente Laboral,Mal estado de la via,55,LESIONADO,MUJER,CICLISTA,67,LESIONADO,MUJER,MOTOCICLETA,23,LESIONADO,MUJER,VEH_LIVIANO
2022-04-20 13:06:24,-4.015587,-79.185982,Av. Manuel Agustin Aguirre,SOLO_DANOS,Incendio,Falla mecanica,,,,,,,,,,,,
2022-07-31 16:56:42,-4.002879,-79.187342,Calle Saraguro,CON_FALLECIDOS,Atropellamiento,Falla mecanica,38,FALLECIDO,MUJER,CICLISTA,56,LESIONADO,MUJER,VEH_LIVIANO,,,,
2022-09-15 04:44:56,-4.002219,-79.220518,Calle 18 de Noviembre,CON_FALLECIDOS,Accidente Laboral,Visibilidad reducida,24,FALLECIDO,NO_REGISTRA,SCOOTER,53,FALLECIDO,MUJER,VEH_LIVIANO,75,LESIONADO,MUJER,OTRO
2022-04-13 15:31:39,-4.018241,-79.201989,Via Loja - Catamayo,SOLO_DANOS,Atropellamiento,Equipo de seguridad deficiente,,,,,,,,,,,,
2022-08-27 18:25:52,-4.019442,-79.213093,Calle 18 de Noviembre,CON_LESIONADOS,Atropellamiento,Equipo de seguridad deficiente,47,LESIONADO,NO_REGISTRA,CICLISTA,7,LESIONADO,NO_REGISTRA,PEATON,,,,
2022-07-01 20:03:50,-3.977880,-79.218741,Calle Quito,CON_FALLECIDOS,Colision Multiple,Distraccion (celular/radio),19,FALLECIDO,MUJER,MOTOCICLETA,,,,,,,,
2022-08-28 23:48:23,-3.988097,-79.214307,Ruta 35,CON_LESIONADOS,Atropellamiento,Estado de embriaguez,66,LESIONADO,HOMBRE,SCOOTER,,,,,,,,
2022-05-18 19:02:30,-4.024981,-79.196091,Av. Manuel Agustin Aguirre,CON_FALLECIDOS,Volcamiento,Falla mecanica,85,FALLECIDO,NO_REGISTRA,OTRO,18,FALLECIDO,MUJER,OTRO,37,LESIONADO,NO_REGISTRA,VEH_LIVIANO
2022-07-20 01:00:20,-4.024715,-79.211360,Calle Imbabura,SOLO_DANOS,Incendio,Via resbaladiza o mojada,,,,,,,,,,,,
2022-07-03 02:34:32,-4.013219,-79.230692,Calle 10 de Agosto,CON_LESIONADOS,Atropellamiento,Falla mecanica,34,LESIONADO,HOMBRE,SCOOTER,74,LESIONADO,NO_REGISTRA,CICLISTA,46,LESIONADO,HOMBRE,VEH_LIVIANO
2022-12-28 23:02:59,-4.021938,-79.171140,Av. Pio Jaramillo,CON_FALLECIDOS,Incendio,Estado de embriaguez,21,FALLECIDO,HOMBRE,MOTOCICLETA,27,FALLECIDO,HOMBRE,PEATON,73,LESIONADO,NO_REGISTRA,SCOOTER
2022-08-09 23:18:01,-4.021297,-79.188292,Av. Gran Colombia,SOLO_DANOS,Caida,Exceso de velocidad,,,,,,,,,,,,
2022-08-08 19:53:52,-4.035925,-79.227455,Calle Sucre,CON_FALLECIDOS,Colision Multiple,Factores externos,46,FALLECIDO,MUJER,SCOOTER,25,LESIONADO,NO_REGISTRA,PEATON,,,,
2022-06-05 16:33:05,-3.989813,-79.183928,Av. Cuxibamba,CON_LESIONADOS,Atropellamiento,Imprudencia del conductor,13,LESIONADO,MUJER,VEH_LIVIANO,,,,,,,,
2022-10-07 23:38:14,-4.009398,-79.183326,Av. Cuxibamba,CON_FALLECIDOS,Accidente Laboral,Factores externos,72,FALLECIDO,HOMBRE,VEH_LIVIANO,60,LESIONADO,HOMBRE,CICLISTA,,,,
2022-12-29 19:47:57,-4.035054,-79.230353,Av. Cuxibamba,CON_LESIONADOS,Accidente Laboral,Fatiga del conductor,49,LESIONADO,MUJER,OTRO,39,LESIONADO,MUJER,OTRO,,,,
2022-12-03 01:37:17,-3.993117,-79.182901,Calle Rocafuerte,CON_LESIONADOS,Incendio,Exceso de velocidad,50,LESIONADO,NO_REGISTRA,PEATON,22,LESIONADO,NO_REGISTRA,MOTOCICLETA,55,LESIONADO,MUJER,SCOOTER
2022-10-29 10:19:12,-4.001787,-79.217008,Ruta 35,CON_LESIONADOS,Atropellamiento,Imprudencia del conductor,44,LESIONADO,MUJER,OTRO,67,LESIONADO,NO_REGISTRA,PEATON,31,LESIONADO,NO_REGISTRA,PEATON
2022-09-25 16:37:42,-4.015039,-79.228450,Calle 10 de Agosto,SOLO_DANOS,Colision Multiple,Imprudencia del conductor,61,LESIONADO,MUJER,OTRO,,,,,,,,
2022-02-23 16:33:50,-3.980104,-79.219955,Av. Rosa Hermosa,CON_FALLECIDOS,Incendio,Equipo de seguridad deficiente,83,FALLECIDO,HOMBRE,PEATON,30,FALLECIDO,MUJER,CICLISTA,53,LESIONADO,HOMBRE,VEH_LIVIANO
2022-03-25 23:56:02,-3.998286,-79.204813,Av. 8 de Diciembre,SOLO_DANOS,Volcamiento,Falla mecanica,64,LESIONADO,NO_REGISTRA,VEH_LIVIANO,,,,,,,,