fecha_hora,latitud,longitud,via,grado_severidad,tipo_siniestro,causa_probable,victima1_edad,victima1_condicion,victima1_sexo,victima1_actor_vial,victima2_edad,victima2_condicion,victima2_sexo,victima2_actor_vial,victima3_edad,victima3_condicion,victima3_sexo,victima3_actor_vial
2022-05-13 06:11:31,-4.012904,-79.176087,Calle 18 de Noviembre,CON_LESIONADOS,Incendio,Via resbaladiza o mojada,38,LESIONADO,NO_REGISTRA,SCOOTER,,,,,,,,
2022-01-31 11:49:04,-4.021873,-79.225553,Av. Pio Jaramillo,SOLO_DANOS,Incendio,Distraccion (celular/radio),,,,,,,,,,,,
2022-12-31 14:48:35,-4.021872,-79.173126,Calle Bolivar,SOLO_DANOS,Accidente Laboral,Inobservancia de senales,,,,,,,,,,,,
2022-04-09 11:03:44,-4.003317,-79.210164,Av. Orillas del Zamora,CON_FALLECIDOS,Caida,Visibilidad reducida,74,FALLECIDO,NO_REGISTRA,CICLISTA,52,LESIONADO,MUJER,PEATON,68,LESIONADO,HOMBRE,MOTOCICLETA
2022-06-05 17:40:04,-3.983177,-79.181929,Calle Mercadillo,CON_LESIONADOS,Accidente Laboral,Equipo de seguridad deficiente,46,LESIONADO,MUJER,MOTOCICLETA,24,LESIONADO,HOMBRE,CICLISTA,,,,
2022-11-14 00:31:43,-3.979859,-79.215281,Calle Rocafuerte,SOLO_DANOS,Choque Vehicular,Mal estado de la via,,,,,,,,,,,,
2022-06-26 12:30:28,-3.992384,-79.186750,Av. Metropolitana,CON_LESIONADOS,Incendio,Mal estado de la via,46,LESIONADO,NO_REGISTRA,CICLISTA,74,LESIONADO,MUJER,VEH_LIVIANO,,,,
2022-06-21 13:42:35,-4.025219,-79.221506,Calle Saraguro,CON_FALLECIDOS,Incendio,Inobservancia de senales,25,FALLECIDO,HOMBRE,CICLISTA,,,,,,,,
2022-09-28 23:58:49,-3.997439,-79.176190,Calle 18 de Noviembre,CON_FALLECIDOS,Accidente Laboral,Imprudencia del conductor,39,FALLECIDO,NO_REGISTRA,SCOOTER,76,LESIONADO,MUJER,OTRO,27,LESIONADO,HOMBRE,SCOOTER
2022-03-15 01:17:22,-3.977594,-79.182303,Calle Azogues,SOLO_DANOS,Atropellamiento,Falla mecanica,,,,,,,,,,,,
2022-01-24 09:26:57,-4.035259,-79.187193,Calle Rocafuerte,SOLO_DANOS,Caida,Distraccion (celular/radio),10,LESIONADO,MUJER,MOTOCICLETA,,,,,,,,
2022-11-23 12:07:02,-4.015640,-79.225575,Calle Azogues,CON_FALLECIDOS,Caida,Equipo de seguridad deficiente,81,FALLECIDO,NO_REGISTRA,VEH_LIVIANO,39,LESIONADO,NO_REGISTRA,SCOOTER,,,,
2022-08-30 05:29:53,-4.023112,-79.188751,Calle Bolivar,SOLO_DANOS,Choque Vehicular,Visibilidad reducida,,,,,,,,,,,,
2022-09-24 17:47:11,-4.002555,-79.177614,Av. Reinaldo Espinosa,CON_FALLECIDOS,Colision Multiple,Mal estado de la via,64,FALLECIDO,MUJER,PEATON,50,LESIONADO,NO_REGISTRA,VEH_LIVIANO,,,,
2022-04-08 11:46:02,-4.031321,-79.179493,Ruta 35,CON_FALLECIDOS,Accidente Laboral,Distraccion (celular/radio),54,FALLECIDO,NO_REGISTRA,MOTOCICLETA,25,LESIONADO,NO_REGISTRA,SCOOTER,,,,
2022-05-03 04:59:18,-3.992720,-79.224410,Av. Orillas del Zamora,CON_LESIONADOS,Accidente Laboral,Falla mecanica,31,LESIONADO,MUJER,OTRO,28,LESIONADO,NO_REGISTRA,SCOOTER,,,,
2022-12-30 17:35:52,-4.018881,-79.189700,Calle Sucre,SOLO_DANOS,Accidente Laboral,Visibilidad reducida,,,,,,,,,,,,
2022-10-03 19:28:12,-4.024998,-79.203724,Av. 8 de Diciembre,CON_FALLECIDOS,Colision Multiple,Mal estado de la via,83,FALLECIDO,MUJER,SCOOTER,44,FALLECIDO,HOMBRE,OTRO,,,,
2022-01-29 22:13:21,-3.983844,-79.188817,Av. Orillas del Zamora,CON_LESIONADOS,Colision Multiple,Inobservancia de senales,37,LESIONADO,HOMBRE,OTRO,,,,,,,,
2022-11-27 12:33:58,-4.028629,-79.187980,Calle Montufar,CON_FALLECIDOS,Atropellamiento,Inobservancia de senales,60,FALLECIDO,HOMBRE,PEATON,80,FALLECIDO,MUJER,MOTOCICLETA,48,LESIONADO,NO_REGISTRA,VEH_LIVIANO
2022-06-08 12:30:31,-4.011108,-79.177112,Av. Metropolitana,SOLO_DANOS,Choque Vehicular,Factores externos,,,,,,,,,,,,
2022-08-26 21:03:04,-3.992017,-79.186739,Av. Isidro Ayora,CON_LESIONADOS,Caida,Falla mecanica,12,LESIONADO,MUJER,VEH_LIVIANO,,,,,,,,
2022-12-23 04:36:05,-4.009424,-79.227354,Calle Ramon Borrero,CON_FALLECIDOS,Volcamiento,Inobservancia de senales,50,FALLECIDO,MUJER,CICLISTA,34,LESIONADO,NO_REGISTRA,CICLISTA,41,LESIONADO,MUJER,PEATON
2022-04-22 11:45:11,-3.984572,-79.213440,Calle Saraguro,SOLO_DANOS,Incendio,Falla mecanica,,,,,,,,,,,,
2022-08-22 15:11:59,-4.024511,-79.200774,Av. Isidro Ayora,SOLO_DANOS,Caida,Inobservancia de senales,,,,,,,,,,,,
2022-02-15 08:32:55,-4.009697,-79.220642,Ruta 35,SOLO_DANOS,Incendio,Visibilidad reducida,,,,,,,,,,,,
2022-11-14 08:50:59,-3.978708,-79.200473,Av. Pio Jaramillo,CON_LESIONADOS,Choque Vehicular,Imprudencia del conductor,63,LESIONADO,NO_REGISTRA,PEATON,,,,,,,,
2022-08-06 11:01:31,-4.010173,-79.219991,Via Loja - Catamayo,CON_LESIONADOS,Choque Vehicular,Imprudencia del conductor,79,LESIONADO,HOMBRE,VEH_LIVIANO,42,LESIONADO,HOMBRE,VEH_LIVIANO,64,LESIONADO,MUJER,CICLISTA
2022-09-25 04:57:11,-3.990855,-79.220138,Av. Reinaldo Espinosa,SOLO_DANOS,Caida,Fatiga del conductor,,,,,,,,,,,,
2022-10-18 03:27:08,-4.004891,-79.202844,Calle Mercadillo,CON_LESIONADOS,Incendio,Mal estado de la via,73,LESIONADO,NO_REGISTRA,VEH_LIVIANO,18,LESIONADO,NO_REGISTRA,PEATON,65,LESIONADO,NO_REGISTRA,PEATON
2022-10-12 13:44:52,-3.996224,-79.227671,Via Loja - Catamayo,SOLO_DANOS,Colision Multiple,Falla mecanica,,,,,,,,,,,,
2022-09-18 18:51:03,-4.017259,-79.207968,Av. Rosa Hermosa,SOLO_DANOS,Volcamiento,Exceso de velocidad,,,,,,,,,,,,
2022-10-11 05:24:46,-3.981237,-79.195060,Calle Azogues,CON_FALLECIDOS,Choque Vehicular,Falla mecanica,37,FALLECIDO,HOMBRE,SCOOTER,63,FALLECIDO,MUJER,PEATON,39,LESIONADO,MUJER,OTRO
2022-02-21 02:29:14,-4.019390,-79.215109,Calle Colon,CON_FALLECIDOS,Colision Multiple,Mal estado de la via,75,FALLECIDO,MUJER,CICLISTA,41,LESIONADO,MUJER,OTRO,59,LESIONADO,MUJER,CICLISTA
2022-03-04 11:47:47,-3.982213,-79.208603,Av. Manuel Agustin Aguirre,CON_FALLECIDOS,Colision Multiple,Equipo de seguridad deficiente,35,FALLECIDO,MUJER,VEH_LIVIANO,74,FALLECIDO,HOMBRE,SCOOTER,26,LESIONADO,NO_REGISTRA,CICLISTA
2022-03-17 23:35:17,-4.013369,-79.221444,Calle Sucre,SOLO_DANOS,Colision Multiple,Equipo de seguridad deficiente,,,,,,,,,,,,
2022-09-09 04:48:12,-4.014757,-79.204746,Calle Rocafuerte,CON_LESIONADOS,Incendio,Mal estado de la via,72,LESIONADO,NO_REGISTRA,SCOOTER,,,,,,,,
2022-11-09 23:37:12,-4.019819,-79.172714,Calle Imbabura,CON_FALLECIDOS,Accidente Laboral,Factores externos,72,FALLECIDO,NO_REGISTRA,PEATON,42,FALLECIDO,HOMBRE,OTRO,52,LESIONADO,NO_REGISTRA,VEH_LIVIANO
2022-02-17 13:28:45,-4.026376,-79.214945,Via Loja - Zamora,CON_FALLECIDOS,Volcamiento,Visibilidad reducida,22,FALLECIDO,HOMBRE,VEH_LIVIANO,72,FALLECIDO,MUJER,CICLISTA,27,LESIONADO,MUJER,SCOOTER
2022-10-16 15:22:42,-3.986388,-79.224211,Av. Universitaria,SOLO_DANOS,Colision Multiple,Exceso de velocidad,,,,,,,,,,,,
2022-10-30 07:30:50,-3.978501,-79.171464,Av. Metropolitana,CON_FALLECIDOS,Accidente Laboral,Mal estado de la via,20,FALLECIDO,MUJER,OTRO,29,FALLECIDO,MUJER,MOTOCICLETA,74,LESIONADO,NO_REGISTRA,CICLISTA
2022-11-03 20:23:42,-4.032369,-79.184094,Calle Miguel Riofrio,SOLO_DANOS,Volcamiento,Exceso de velocidad,,,,,,,,,,,,
2022-05-17 11:31:18,-4.021155,-79.176299,Calle Mercadillo,CON_FALLECIDOS,Colision Multiple,Factores externos,47,FALLECIDO,MUJER,SCOOTER,58,LESIONADO,NO_REGISTRA,CICLISTA,,,,
2022-07-27 03:38:27,-4.025988,-79.225228,Calle Imbabura,SOLO_DANOS,Atropellamiento,Fatiga del conductor,,,,,,,,,,,,
2022-06-07 00:58:49,-4.025897,-79.230782,Av. Isidro Ayora,CON_LESIONADOS,Accidente Laboral,Equipo de seguridad deficiente,34,LESIONADO,NO_REGISTRA,MOTOCICLETA,,,,,,,,
2022-04-21 07:35:44,-3.980483,-79.206738,Calle Mercadillo,CON_LESIONADOS,Volcamiento,Inobservancia de senales,44,LESIONADO,MUJER,MOTOCICLETA,49,LESIONADO,NO_REGISTRA,CICLISTA,43,LESIONADO,HOMBRE,SCOOTER
2022-04-21 03:59:32,-3.997736,-79.192758,Av. Cuxibamba,CON_FALLECIDOS,Colision Multiple,Imprudencia del conductor,51,FALLECIDO,MUJER,SCOOTER,25,FALLECIDO,NO_REGISTRA,CICLISTA,,,,
2022-08-27 01:48:23,-4.030139,-79.218390,Av. Manuel Agustin Aguirre,CON_FALLECIDOS,Volcamiento,Inobservancia de senales,74,FALLECIDO,MUJER,VEH_LIVIANO,49,FALLECIDO,MUJER,OTRO,,,,
2022-10-07 03:36:06,-4.000744,-79.177527,Calle Saraguro,CON_FALLECIDOS,Atropellamiento,Imprudencia del conductor,46,FALLECIDO,NO_REGISTRA,PEATON,75,LESIONADO,HOMBRE,CICLISTA,38,LESIONADO,NO_REGISTRA,PEATON
2022-03-04 16:00:17,-4.026992,-79.221028,Av. Rosa Hermosa,SOLO_DANOS,Choque Vehicular,Mal estado de la via,,,,,,,,,,,,
2022-07-19 17:34:09,-3.997560,-79.216228,Av. Gran Colombia,CON_FALLECIDOS,Caida,Distraccion (celular/radio),29,FALLECIDO,MUJER,CICLISTA,48,FALLECIDO,NO_REGISTRA,SCOOTER,61,LESIONADO,HOMBRE,CICLISTA
2022-08-27 07:08:01,-3.982437,-79.171865,Calle Mercadillo,SOLO_DANOS,Caida,Falla mecanica,,,,,,,,,,,,
2022-01-13 09:57:34,-3.998512,-79.216081,Av. Gran Colombia,CON_LESIONADOS,Choque Vehicular,Exceso de velocidad,47,LESIONADO,MUJER,MOTOCICLETA,,,,,,,,
2022-02-17 23:17:07,-4.020455,-79.224817,Av. Metropolitana,CON_LESIONADOS,Choque Vehicular,Estado de embriaguez,48,LESIONADO,NO_REGISTRA,VEH_LIVIANO,60,LESIONADO,MUJER,MOTOCICLETA,68,LESIONADO,HOMBRE,CICLISTA
2022-12-05 06:03:05,-4.033018,-79.187384,Calle Colon,CON_LESIONADOS,Choque Vehicular,Exceso de velocidad,9,LESIONADO,NO_REGISTRA,PEATON,,,,,,,,
2022-06-25 21:48:11,-4.006094,-79.178430,Av. Gran Colombia,CON_FALLECIDOS,Accidente Laboral,Visibilidad reducida,72,FALLECIDO,NO_REGISTRA,PEATON,18,LESIONADO,NO_REGISTRA,VEH_LIVIANO,,,,
2022-06-30 08:28:41,-4.033093,-79.209155,Calle Ramon Borrero,SOLO_DANOS,Caida,Exceso de velocidad,21,LESIONADO,NO_REGISTRA,MOTOCICLETA,,,,,,,,
2022-02-08 05:38:52,-4.006656,-79.173885,Av. Metropolitana,CON_LESIONADOS,Caida,Via resbaladiza o mojada,57,LESIONADO,NO_REGISTRA,MOTOCICLETA,64,LESIONADO,NO_REGISTRA,MOTOCICLETA,48,LESIONADO,HOMBRE,SCOOTER
2022-04-13 15:11:31,-4.026635,-79.180013,Av. Metropolitana,CON_LESIONADOS,Choque Vehicular,Falla mecanica,24,LESIONADO,MUJER,CICLISTA,74,LESIONADO,HOMBRE,PEATON,,,,
2022-07-28 15:16:47,-4.025778,-79.216746,Av. Orillas del Zamora,CON_LESIONADOS,Choque Vehicular,Visibilidad reducida,50,LESIONADO,HOMBRE,PEATON,,,,,,,,
2022-11-06 03:06:48,-3.996425,-79.183546,Av. Orillas del Zamora,CON_FALLECIDOS,Colision Multiple,Imprudencia del conductor,81,FALLECIDO,MUJER,PEATON,55,FALLECIDO,NO_REGISTRA,SCOOTER,,,,
2022-06-05 04:44:18,-4.027156,-79.201390,Calle 10 de Agosto,CON_LESIONADOS,Colision Multiple,Factores externos,5,LESIONADO,MUJER,SCOOTER,,,,,,,,
2022-04-29 11:10:13,-3.989710,-79.211525,Av. Reinaldo Espinosa,CON_FALLECIDOS,Choque Vehicular,Mal estado de la via,44,FALLECIDO,HOMBRE,SCOOTER,10,LESIONADO,MUJER,OTRO,,,,
2022-08-24 19:52:06,-3.990783,-79.200820,Calle Saraguro,CON_FALLECIDOS,Choque Vehicular,Estado de embriaguez,59,FALLECIDO,HOMBRE,SCOOTER,,,,,,,,
2022-02-13 13:15:29,-3.978272,-79.193148,Av. Pio Jaramillo,CON_FALLECIDOS,Accidente Laboral,Factores externos,28,FALLECIDO,NO_REGISTRA,OTRO,,,,,,,,
2022-11-10 18:40:21,-4.011763,-79.185703,Via Loja - Zamora,SOLO_DANOS,Volcamiento,Equipo de seguridad deficiente,,,,,,,,,,,,
2022-03-02 21:19:54,-4.020404,-79.193265,Via Loja - Catamayo,CON_LESIONADOS,Accidente Laboral,Falla mecanica,27,LESIONADO,NO_REGISTRA,MOTOCICLETA,73,LESIONADO,HOMBRE,CICLISTA,13,LESIONADO,NO_REGISTRA,CICLISTA
2022-12-14 07:04:16,-4.007471,-79.202139,Calle Imbabura,SOLO_DANOS,Choque Vehicular,Exceso de velocidad,,,,,,,,,,,,
2022-04-01 01:49:48,-3.980277,-79.210573,Calle Rocafuerte,CON_LESIONADOS,Atropellamiento,Exceso de velocidad,46,LESIONADO,MUJER,PEATON,58,LESIONADO,MUJER,OTRO,51,LESIONADO,NO_REGISTRA,VEH_LIVIANO
2022-08-11 16:44:30,-3.985239,-79.221336,Av. Manuel Agustin Aguirre,SOLO_DANOS,Caida,Mal estado de la via,,,,,,,,,,,,
2022-12-03 09:14:32,-4.005168,-79.216966,Calle Quito,CON_FALLECIDOS,Atropellamiento,Distraccion (celular/radio),41,FALLECIDO,MUJER,CICLISTA,67,FALLECIDO,MUJER,MOTOCICLETA,32,LESIONADO,HOMBRE,CICLISTA
2022-10-09 18:41:02,-3.989269,-79.199787,Calle Ramon Borrero,CON_LESIONADOS,Accidente Laboral,Factores externos,8,LESIONADO,HOMBRE,CICLISTA,,,,,,,,
2022-02-24 15:38:49,-4.029989,-79.195649,Av. Metropolitana,CON_FALLECIDOS,Accidente Laboral,Exceso de velocidad,71,FALLECIDO,HOMBRE,MOTOCICLETA,67,LESIONADO,MUJER,MOTOCICLETA,38,LESIONADO,NO_REGISTRA,SCOOTER
2022-04-24 12:30:51,-3.979576,-79.202014,Calle 18 de Noviembre,CON_FALLECIDOS,Accidente Laboral,Visibilidad reducida,78,FALLECIDO,NO_REGISTRA,SCOOTER,,,,,,,,
2022-11-19 01:16:20,-4.002933,-79.199275,Av. Orillas del Zamora,SOLO_DANOS,Colision Multiple,Via resbaladiza o mojada,,,,,,,,,,,,
2022-08-16 23:38:08,-4.029814,-79.192046,Calle Montufar,CON_LESIONADOS,Incendio,Exceso de velocidad,24,LESIONADO,HOMBRE,OTRO,,,,,,,,
2022-09-27 08:23:53,-3.989298,-79.188348,Av. Universitaria,SOLO_DANOS,Choque Vehicular,Equipo de seguridad deficiente,,,,,,,,,,,,
2022-05-30 21:40:22,-3.981794,-79.183617,Calle Ramon Borrero,SOLO_DANOS,Accidente Laboral,Distraccion (celular/radio),,,,,,,,,,,,
2022-09-05 02:24:55,-3.979476,-79.185889,Calle Imbabura,SOLO_DANOS,Accidente Laboral,Via resbaladiza o mojada,,,,,,,,,,,,
2022-05-11 03:07:37,-4.022471,-79.212422,Av. Pio Jaramillo,CON_FALLECIDOS,Caida,Falla mecanica,22,FALLECIDO,NO_REGISTRA,CICLISTA,21,FALLECIDO,MUJER,SCOOTER,7,LESIONADO,MUJER,SCOOTER
2022-10-02 10:54:06,-4.014262,-79.229862,Calle Ramon Borrero,SOLO_DANOS,Accidente Laboral,Equipo de seguridad deficiente,,,,,,,,,,,,
2022-10-30 03:29:02,-4.035726,-79.194924,Calle Saraguro,CON_LESIONADOS,Choque Vehicular,Factores externos,13,LESIONADO,MUJER,PEATON,,,,,,,,
2022-05-31 05:55:41,-3.979301,-79.178885,Av. Manuel Agustin Aguirre,CON_FALLECIDOS,Choque Vehicular,Via resbaladiza o mojada,18,FALLECIDO,MUJER,SCOOTER,49,LESIONADO,HOMBRE,PEATON,,,,
2022-07-10 18:04:38,-4.007043,-79.186672,Calle Montufar,CON_LESIONADOS,Choque Vehicular,Inobservancia de senales,75,LESIONADO,HOMBRE,SCOOTER,,,,,,,,
2022-07-30 21:52:03,-3.977132,-79.219540,Calle Mercadillo,CON_LESIONADOS,Atropellamiento,Exceso de velocidad,17,LESIONADO,HOMBRE,VEH_LIVIANO,19,LESIONADO,NO_REGISTRA,VEH_LIVIANO,,,,
2022-10-05 02:50:00,-4.016708,-79.194566,Via Loja - Catamayo,CON_FALLECIDOS,Incendio,Inobservancia de senales,48,FALLECIDO,NO_REGISTRA,VEH_LIVIANO,,,,,,,,
2022-08-25 08:56:05,-3.992413,-79.219293,Av. Gran Colombia,CON_FALLECIDOS,Incendio,Mal estado de la via,59,FALLECIDO,MUJER,SCOOTER,11,LESIONADO,NO_REGISTRA,MOTOCICLETA,55,LESIONADO,HOMBRE,CICLISTA
2022-12-28 10:13:05,-3.984450,-79.226700,Av. Rosa Hermosa,SOLO_DANOS,Caida,Equipo de seguridad deficiente,,,,,,,,,,,,
2022-12-05 08:29:35,-4.012431,-79.176651,Calle Azogues,SOLO_DANOS,Accidente Laboral,Distraccion (celular/radio),,,,,,,,,,,,
2022-09-25 18:27:12,-3.987260,-79.191388,Calle 18 de Noviembre,SOLO_DANOS,Colision Multiple,Estado de embriaguez,22,LESIONADO,HOMBRE,CICLISTA,,,,,,,,
2022-01-01 22:46:42,-3.991461,-79.213018,Av. Pio Jaramillo,CON_LESIONADOS,Atropellamiento,Distraccion (celular/radio),39,LESIONADO,MUJER,MOTOCICLETA,39,LESIONADO,HOMBRE,CICLISTA,,,,
2022-04-25 04:22:57,-4.028599,-79.177558,Calle Imbabura,CON_FALLECIDOS,Incendio,Falla mecanica,54,FALLECIDO,MUJER,PEATON,30,FALLECIDO,HOMBRE,PEATON,10,LESIONADO,MUJER,MOTOCICLETA
2022-11-23 20:11:24,-4.023233,-79.196623,Calle Sucre,SOLO_DANOS,Colision Multiple,Fatiga del conductor,32,LESIONADO,MUJER,SCOOTER,,,,,,,,
2022-07-18 18:08:37,-4.010357,-79.176877,Calle Miguel Riofrio,SOLO_DANOS,Incendio,Exceso de velocidad,,,,,,,,,,,,
2022-04-18 20:03:27,-4.020241,-79.223375,Av. Orillas del Zamora,CON_LESIONADOS,Choque Vehicular,Factores externos,18,LESIONADO,MUJER,MOTOCICLETA,,,,,,,,
2022-01-03 13:11:36,-4.008924,-79.178649,Ruta 35,CON_LESIONADOS,Choque Vehicular,Visibilidad reducida,18,LESIONADO,MUJER,CICLISTA,,,,,,,,
2022-01-01 10:57:29,-4.022700,-79.206365,Calle Mercadillo,SOLO_DANOS,Colision Multiple,Imprudencia del conductor,,,,,,,,,,,,
2022-02-05 07:50:21,-4.006827,-79.220343,Calle Bolivar,CON_FALLECIDOS,Colision Multiple,Via resbaladiza o mojada,36,FALLECIDO,HOMBRE,CICLISTA,61,FALLECIDO,HOMBRE,CICLISTA,79,LESIONADO,HOMBRE,SCOOTER
2022-01-21 15:54:33,-3.987697,-79.224240,Av. Reinaldo Espinosa,CON_LESIONADOS,Accidente Laboral,Factores externos,24,LESIONADO,HOMBRE,SCOOTER,,,,,,,,
2022-10-24 09:53:30,-3.996509,-79.187374,Calle 10 de Agosto,SOLO_DANOS,Incendio,Mal estado de la via,,,,,,,,,,,,
2022-10-31 19:36:24,-3.977780,-79.199767,Av. Reinaldo Espinosa,SOLO_DANOS,Colision Multiple,Mal estado de la via,,,,,,,,,,,,
2022-02-05 06:23:46,-4.015937,-79.182622,Via Loja - Catamayo,CON_FALLECIDOS,Choque Vehicular,Equipo de seguridad deficiente,33,FALLECIDO,HOMBRE,CICLISTA,35,FALLECIDO,HOMBRE,MOTOCICLETA,,,,
2022-07-23 03:47:46,-3.996794,-79.227621,Calle Quito,SOLO_DANOS,Atropellamiento,Equipo de seguridad deficiente,,,,,,,,,,,,
2022-10-15 23:55:39,-4.014737,-79.225704,Av. 8 de Diciembre,CON_FALLECIDOS,Incendio,Equipo de seguridad deficiente,72,FALLECIDO,NO_REGISTRA,PEATON,67,FALLECIDO,NO_REGISTRA,PEATON,44,LESIONADO,NO_REGISTRA,PEATON
2022-06-20 19:53:27,-4.034712,-79.211888,Av. Isidro Ayora,CON_FALLECIDOS,Accidente Laboral,Visibilidad reducida,82,FALLECIDO,MUJER,MOTOCICLETA,37,LESIONADO,NO_REGISTRA,PEATON,,,,
2022-02-05 16:57:21,-4.033617,-79.174925,Calle 10 de Agosto,CON_LESIONADOS,Colision Multiple,Visibilidad reducida,30,LESIONADO,HOMBRE,PEATON,25,LESIONADO,NO_REGISTRA,OTRO,13,LESIONADO,HOMBRE,VEH_LIVIANO
2022-12-19 14:20:34,-3.984216,-79.223874,Calle Quito,CON_FALLECIDOS,Colision Multiple,Visibilidad reducida,48,FALLECIDO,MUJER,VEH_LIVIANO,67,FALLECIDO,NO_REGISTRA,CICLISTA,51,LESIONADO,HOMBRE,VEH_LIVIANO
2022-04-13 03:07:34,-4.020438,-79.198935,Calle Mercadillo,CON_LESIONADOS,Accidente Laboral,Equipo de seguridad deficiente,76,LESIONADO,MUJER,OTRO,15,LESIONADO,HOMBRE,MOTOCICLETA,35,LESIONADO,NO_REGISTRA,VEH_LIVIANO
2022-06-17 18:56:55,-4.007993,-79.172768,Calle Azogues,CON_LESIONADOS,Incendio,Factores externos,75,LESIONADO,HOMBRE,PEATON,28,LESIONADO,HOMBRE,OTRO,,,,
2022-09-05 10:17:21,-4.027731,-79.174714,Av. Rosa Hermosa,CON_LESIONADOS,Caida,Via resbaladiza o mojada,67,LESIONADO,NO_REGISTRA,SCOOTER,61,LESIONADO,NO_REGISTRA,CICLISTA,,,,
2022-12-26 09:24:49,-3.990251,-79.188968,Av. Metropolitana,CON_FALLECIDOS,Accidente Laboral,Imprudencia del conductor,41,FALLECIDO,HOMBRE,CICLISTA,,,,,,,,
2022-06-02 00:52:56,-3.988245,-79.218797,Calle Imbabura,CON_LESIONADOS,Accidente Laboral,Falla mecanica,6,LESIONADO,HOMBRE,OTRO,62,LESIONADO,NO_REGISTRA,OTRO,,,,
2022-06-09 12:54:46,-3.984137,-79.179794,Av. Gran Colombia,CON_FALLECIDOS,Incendio,Distraccion (celular/radio),71,FALLECIDO,MUJER,VEH_LIVIANO,33,LESIONADO,HOMBRE,VEH_LIVIANO,,,,
2022-10-07 15:07:10,-4.024494,-79.211829,Calle Montufar,CON_LESIONADOS,Atropellamiento,Via resbaladiza o mojada,59,LESIONADO,NO_REGISTRA,CICLISTA,39,LESIONADO,HOMBRE,VEH_LIVIANO,46,LESIONADO,MUJER,OTRO
2022-03-17 11:36:52,-3.987461,-79.206484,Via Loja - Zamora,SOLO_DANOS,Atropellamiento,Mal estado de la via,32,LESIONADO,HOMBRE,OTRO,,,,,,,,
2022-03-28 03:49:13,-4.010672,-79.198490,Av. Pio Jaramillo,SOLO_DANOS,Caida,Distraccion (celular/radio),27,LESIONADO,MUJER,PEATON,,,,,,,,
2022-12-23 05:46:12,-3.987184,-79.211312,Av. Gran Colombia,CON_FALLECIDOS,Choque Vehicular,Mal estado de la via,42,FALLECIDO,MUJER,MOTOCICLETA,71,FALLECIDO,MUJER,VEH_LIVIANO,71,LESIONADO,MUJER,SCOOTER
2022-06-09 22:57:59,-3.994602,-79.210910,Av. Manuel Agustin Aguirre,CON_FALLECIDOS,Colision Multiple,Exceso de velocidad,30,FALLECIDO,HOMBRE,CICLISTA,76,FALLECIDO,HOMBRE,CICLISTA,,,,
2022-09-21 04:14:53,-3.981417,-79.202581,Via Loja - Zamora,SOLO_DANOS,Incendio,Estado de embriaguez,,,,,,,,,,,,
2022-11-04 03:25:18,-4.019364,-79.227556,Calle Montufar,CON_FALLECIDOS,Atropellamiento,Estado de embriaguez,76,FALLECIDO,MUJER,VEH_LIVIANO,25,FALLECIDO,HOMBRE,SCOOTER,21,LESIONADO,MUJER,OTRO
2022-12-03 16:38:09,-4.001882,-79.193502,Via Loja - Catamayo,CON_FALLECIDOS,Colision Multiple,Falla mecanica,62,FALLECIDO,NO_REGISTRA,CICLISTA,59,FALLECIDO,MUJER,SCOOTER,,,,
2022-06-21 19:26:01,-4.013940,-79.181768,Av. Gran Colombia,CON_LESIONADOS,Caida,Inobservancia de senales,59,LESIONADO,NO_REGISTRA,VEH_LIVIANO,42,LESIONADO,MUJER,MOTOCICLETA,50,LESIONADO,NO_REGISTRA,MOTOCICLETA
2022-09-01 02:01:23,-4.016036,-79.220341,Calle 18 de Noviembre,CON_LESIONADOS,Incendio,Factores externos,5,LESIONADO,MUJER,OTRO,63,LESIONADO,NO_REGISTRA,SCOOTER,,,,
2022-10-03 02:17:31,-3.996898,-79.201885,Av. Metropolitana,CON_LESIONADOS,Caida,Distraccion (celular/radio),44,LESIONADO,HOMBRE,SCOOTER,,,,,,,,
2022-02-28 22:48:00,-4.027326,-79.210097,Via Loja - Zamora,CON_FALLECIDOS,Accidente Laboral,Inobservancia de senales,24,FALLECIDO,NO_REGISTRA,PEATON,76,FALLECIDO,MUJER,CICLISTA,,,,
2022-05-24 05:25:42,-4.003671,-79.211967,Av. Manuel Agustin Aguirre,CON_LESIONADOS,Volcamiento,Distraccion (celular/radio),53,LESIONADO,MUJER,MOTOCICLETA,45,LESIONADO,NO_REGISTRA,CICLISTA,41,LESIONADO,MUJER,VEH_LIVIANO
2022-09-10 23:19:03,-3.977287,-79.222445,Calle Bolivar,CON_LESIONADOS,Incendio,Estado de embriaguez,21,LESIONADO,MUJER,VEH_LIVIANO,,,,,,,,
2022-06-02 04:21:21,-4.032942,-79.210814,Calle Bolivar,CON_FALLECIDOS,Incendio,Equipo de seguridad deficiente,50,FALLECIDO,HOMBRE,SCOOTER,67,FALLECIDO,HOMBRE,SCOOTER,57,LESIONADO,HOMBRE,CICLISTA
2022-04-29 08:34:20,-4.009754,-79.185766,Av. Pio Jaramillo,CON_FALLECIDOS,Volcamiento,Inobservancia de senales,24,FALLECIDO,MUJER,SCOOTER,,,,,,,,