fecha_hora,latitud,longitud,via,grado_severidad,tipo_siniestro,causa_probable,victima1_edad,victima1_condicion,victima1_sexo,victima1_actor_vial,victima2_edad,victima2_condicion,victima2_sexo,victima2_actor_vial,victima3_edad,victima3_condicion,victima3_sexo,victima3_actor_vial
2022-12-01 17:36:43,-4.029080,-79.216354,Av. Isidro Ayora,SOLO_DANOS,Choque Vehicular,Equipo de seguridad deficiente,,,,,,,,,,,,
2022-11-02 08:45:21,-4.031248,-79.178283,Calle Colon,CON_LESIONADOS,Accidente Laboral,Imprudencia del conductor,57,LESIONADO,NO_REGISTRA,PEATON,30,LESIONADO,MUJER,OTRO,,,,
2022-07-25 10:57:02,-3.987409,-79.199875,Av. Pio Jaramillo,CON_FALLECIDOS,Atropellamiento,Factores externos,74,FALLECIDO,NO_REGISTRA,CICLISTA,83,FALLECIDO,MUJER,VEH_LIVIANO,49,LESIONADO,NO_REGISTRA,SCOOTER
2022-05-07 17:22:55,-3.977154,-79.187246,Calle Bolivar,CON_FALLECIDOS,Volcamiento,Factores externos,75,FALLECIDO,MUJER,OTRO,43,LESIONADO,HOMBRE,VEH_LIVIANO,26,LESIONADO,MUJER,OTRO
2022-03-22 07:15:06,-4.002381,-79.182878,Calle Ramon Borrero,SOLO_DANOS,Accidente Laboral,Exceso de velocidad,80,LESIONADO,HOMBRE,SCOOTER,,,,,,,,
2022-01-27 10:32:54,-4.009503,-79.222697,Av. Gran Colombia,CON_LESIONADOS,Accidente Laboral,Distraccion (celular/radio),34,LESIONADO,NO_REGISTRA,VEH_LIVIANO,54,LESIONADO,HOMBRE,OTRO,,,,
2022-12-31 22:43:24,-4.020675,-79.214125,Av. Isidro Ayora,SOLO_DANOS,Choque Vehicular,Fatiga del conductor,,,,,,,,,,,,
2022-06-30 04:20:21,-3.996997,-79.206530,Via Loja - Zamora,CON_FALLECIDOS,Caida,Distraccion (celular/radio),31,FALLECIDO,MUJER,SCOOTER,47,FALLECIDO,NO_REGISTRA,PEATON,,,,
2022-02-11 00:18:15,-3.984648,-79.230057,Calle 10 de Agosto,SOLO_DANOS,Choque Vehicular,Inobservancia de senales,,,,,,,,,,,,
2022-10-05 08:18:09,-4.035088,-79.172522,Av. Rosa Hermosa,CON_FALLECIDOS,Choque Vehicular,Estado de embriaguez,41,FALLECIDO,NO_REGISTRA,PEATON,53,FALLECIDO,MUJER,SCOOTER,5,LESIONADO,HOMBRE,SCOOTER
2022-01-06 16:04:10,-3.983761,-79.184510,Av. Pio Jaramillo,SOLO_DANOS,Accidente Laboral,Imprudencia del conductor,,,,,,,,,,,,
2022-07-19 02:56:55,-4.003773,-79.175381,Av. Cuxibamba,CON_LESIONADOS,Accidente Laboral,Via resbaladiza o mojada,46,LESIONADO,HOMBRE,SCOOTER,,,,,,,,
2022-12-21 09:01:18,-4.002136,-79.230508,Calle Montufar,CON_LESIONADOS,Atropellamiento,Factores externos,67,LESIONADO,MUJER,SCOOTER,,,,,,,,
2022-02-02 03:41:52,-4.009434,-79.183057,Calle Quito,CON_FALLECIDOS,Accidente Laboral,Falla mecanica,58,FALLECIDO,HOMBRE,OTRO,76,LESIONADO,NO_REGISTRA,OTRO,10,LESIONADO,HOMBRE,VEH_LIVIANO
2022-12-24 01:47:40,-3.977332,-79.186616,Calle Rocafuerte,SOLO_DANOS,Accidente Laboral,Falla mecanica,,,,,,,,,,,,
2022-11-11 19:42:07,-4.022932,-79.184557,Av. Reinaldo Espinosa,SOLO_DANOS,Caida,Exceso de velocidad,,,,,,,,,,,,
2022-07-24 05:46:28,-4.016833,-79.211912,Calle Imbabura,SOLO_DANOS,Colision Multiple,Visibilidad reducida,,,,,,,,,,,,
2022-02-02 22:31:31,-4.003893,-79.220342,Via Loja - Catamayo,SOLO_DANOS,Incendio,Via resbaladiza o mojada,,,,,,,,,,,,
2022-12-18 16:20:48,-3.982238,-79.206944,Av. Orillas del Zamora,CON_FALLECIDOS,Colision Multiple,Distraccion (celular/radio),75,FALLECIDO,MUJER,MOTOCICLETA,33,FALLECIDO,HOMBRE,SCOOTER,,,,
2022-10-02 06:29:16,-4.027556,-79.176527,Calle Azogues,SOLO_DANOS,Incendio,Estado de embriaguez,,,,,,,,,,,,
2022-05-20 21:48:07,-3.992767,-79.219121,Calle Sucre,CON_LESIONADOS,Accidente Laboral,Factores externos,53,LESIONADO,NO_REGISTRA,PEATON,79,LESIONADO,HOMBRE,OTRO,,,,
2022-02-13 19:03:15,-4.000939,-79.217978,Av. Rosa Hermosa,CON_FALLECIDOS,Colision Multiple,Exceso de velocidad,42,FALLECIDO,HOMBRE,PEATON,15,LESIONADO,MUJER,PEATON,,,,
2022-12-20 09:02:43,-3.981879,-79.205526,Via Loja - Catamayo,CON_LESIONADOS,Incendio,Via resbaladiza o mojada,54,LESIONADO,MUJER,MOTOCICLETA,70,LESIONADO,NO_REGISTRA,OTRO,,,,
2022-03-08 08:03:57,-4.026676,-79.218719,Av. Metropolitana,CON_FALLECIDOS,Choque Vehicular,Via resbaladiza o mojada,19,FALLECIDO,NO_REGISTRA,CICLISTA,69,LESIONADO,HOMBRE,MOTOCICLETA,23,LESIONADO,HOMBRE,SCOOTER
2022-06-16 02:15:13,-4.015920,-79.218319,Av. Isidro Ayora,CON_FALLECIDOS,Caida,Mal estado de la via,59,FALLECIDO,MUJER,OTRO,22,LESIONADO,NO_REGISTRA,SCOOTER,,,,
2022-11-12 11:55:53,-3.985860,-79.196073,Av. Universitaria,CON_FALLECIDOS,Choque Vehicular,Fatiga del conductor,66,FALLECIDO,NO_REGISTRA,CICLISTA,,,,,,,,
2022-01-01 20:48:08,-3.990253,-79.226750,Av. Universitaria,CON_LESIONADOS,Volcamiento,Mal estado de la via,62,LESIONADO,NO_REGISTRA,VEH_LIVIANO,62,LESIONADO,HOMBRE,SCOOTER,,,,
2022-04-25 01:31:07,-4.005378,-79.216747,Calle Montufar,CON_FALLECIDOS,Caida,Falla mecanica,66,FALLECIDO,MUJER,OTRO,26,LESIONADO,MUJER,SCOOTER,18,LESIONADO,NO_REGISTRA,MOTOCICLETA
2022-05-19 06:22:04,-4.006022,-79.187554,Ruta 35,CON_LESIONADOS,Caida,Estado de embriaguez,35,LESIONADO,HOMBRE,MOTOCICLETA,,,,,,,,
2022-06-17 10:48:10,-3.999909,-79.193700,Calle Bolivar,SOLO_DANOS,Incendio,Estado de embriaguez,,,,,,,,,,,,
2022-07-30 01:27:35,-4.003483,-79.188719,Calle 18 de Noviembre,SOLO_DANOS,Colision Multiple,Mal estado de la via,,,,,,,,,,,,
2022-07-27 23:32:12,-4.033198,-79.188277,Calle 18 de Noviembre,CON_LESIONADOS,Caida,Mal estado de la via,78,LESIONADO,MUJER,SCOOTER,,,,,,,,
2022-06-06 16:20:57,-3.986148,-79.184933,Calle 10 de Agosto,CON_FALLECIDOS,Volcamiento,Factores externos,38,FALLECIDO,HOMBRE,SCOOTER,54,LESIONADO,NO_REGISTRA,CICLISTA,56,LESIONADO,HOMBRE,MOTOCICLETA
2022-03-14 12:34:45,-4.035911,-79.174327,Calle 18 de Noviembre,CON_FALLECIDOS,Incendio,Visibilidad reducida,60,FALLECIDO,NO_REGISTRA,PEATON,68,FALLECIDO,HOMBRE,OTRO,62,LESIONADO,NO_REGISTRA,OTRO
2022-04-17 11:35:19,-4.021859,-79.174409,Calle Miguel Riofrio,SOLO_DANOS,Atropellamiento,Via resbaladiza o mojada,,,,,,,,,,,,
2022-12-06 06:06:15,-4.001461,-79.183928,Calle Ramon Borrero,CON_FALLECIDOS,Atropellamiento,Equipo de seguridad deficiente,34,FALLECIDO,NO_REGISTRA,SCOOTER,83,FALLECIDO,NO_REGISTRA,OTRO,,,,
2022-12-10 12:05:25,-4.020720,-79.223811,Ruta 35,CON_FALLECIDOS,Colision Multiple,Via resbaladiza o mojada,20,FALLECIDO,MUJER,MOTOCICLETA,,,,,,,,
2022-01-15 16:30:02,-3.999079,-79.222624,Calle 18 de Noviembre,SOLO_DANOS,Caida,Via resbaladiza o mojada,,,,,,,,,,,,
2022-03-21 15:45:47,-4.014961,-79.225194,Calle Colon,CON_FALLECIDOS,Incendio,Visibilidad reducida,33,FALLECIDO,HOMBRE,OTRO,46,FALLECIDO,MUJER,MOTOCICLETA,69,LESIONADO,HOMBRE,CICLISTA
2022-02-01 13:34:49,-4.035573,-79.171128,Calle Saraguro,CON_LESIONADOS,Caida,Falla mecanica,65,LESIONADO,HOMBRE,MOTOCICLETA,65,LESIONADO,MUJER,CICLISTA,,,,
2022-06-05 13:45:32,-3.985797,-79.200506,Calle Imbabura,SOLO_DANOS,Colision Multiple,Equipo de seguridad deficiente,,,,,,,,,,,,
2022-01-10 09:56:31,-3.996765,-79.176986,Calle Quito,CON_LESIONADOS,Accidente Laboral,Distraccion (celular/radio),79,LESIONADO,HOMBRE,SCOOTER,23,LESIONADO,HOMBRE,VEH_LIVIANO,26,LESIONADO,HOMBRE,VEH_LIVIANO
2022-11-02 23:41:01,-4.016352,-79.208002,Av. Reinaldo Espinosa,CON_FALLECIDOS,Accidente Laboral,Distraccion (celular/radio),70,FALLECIDO,NO_REGISTRA,MOTOCICLETA,52,FALLECIDO,NO_REGISTRA,SCOOTER,7,LESIONADO,NO_REGISTRA,OTRO
2022-10-22 11:49:16,-4.006584,-79.209575,Av. Gran Colombia,SOLO_DANOS,Accidente Laboral,Falla mecanica,,,,,,,,,,,,
2022-07-29 10:45:44,-3.994682,-79.214320,Calle Rocafuerte,CON_LESIONADOS,Choque Vehicular,Via resbaladiza o mojada,25,LESIONADO,MUJER,VEH_LIVIANO,22,LESIONADO,NO_REGISTRA,CICLISTA,76,LESIONADO,MUJER,PEATON
2022-05-15 09:48:26,-3.981503,-79.224574,Calle 18 de Noviembre,SOLO_DANOS,Choque Vehicular,Equipo de seguridad deficiente,,,,,,,,,,,,
2022-03-14 12:32:17,-3.986754,-79.193576,Calle Rocafuerte,CON_LESIONADOS,Atropellamiento,Distraccion (celular/radio),15,LESIONADO,MUJER,CICLISTA,47,LESIONADO,NO_REGISTRA,SCOOTER,14,LESIONADO,NO_REGISTRA,MOTOCICLETA
2022-12-04 13:23:22,-4.017240,-79.188174,Calle Azogues,CON_LESIONADOS,Incendio,Equipo de seguridad deficiente,73,LESIONADO,HOMBRE,OTRO,30,LESIONADO,HOMBRE,OTRO,55,LESIONADO,HOMBRE,MOTOCICLETA
2022-07-29 08:32:40,-4.000247,-79.199727,Av. Cuxibamba,SOLO_DANOS,Volcamiento,Mal estado de la via,,,,,,,,,,,,
2022-10-08 12:21:45,-4.033212,-79.203194,Calle Quito,CON_LESIONADOS,Atropellamiento,Inobservancia de senales,7,LESIONADO,NO_REGISTRA,VEH_LIVIANO,,,,,,,,
2022-04-09 04:07:10,-3.993383,-79.189689,Calle Azogues,CON_FALLECIDOS,Accidente Laboral,Imprudencia del conductor,23,FALLECIDO,NO_REGISTRA,VEH_LIVIANO,74,FALLECIDO,HOMBRE,MOTOCICLETA,,,,
2022-07-01 12:42:45,-4.035749,-79.180811,Av. Pio Jaramillo,CON_FALLECIDOS,Atropellamiento,Mal estado de la via,48,FALLECIDO,MUJER,MOTOCICLETA,36,LESIONADO,MUJER,SCOOTER,,,,
2022-03-20 10:16:27,-4.036725,-79.200597,Av. Manuel Agustin Aguirre,SOLO_DANOS,Choque Vehicular,Distraccion (celular/radio),,,,,,,,,,,,
2022-08-24 11:33:39,-4.029755,-79.205442,Calle Rocafuerte,SOLO_DANOS,Colision Multiple,Fatiga del conductor,52,LESIONADO,HOMBRE,VEH_LIVIANO,,,,,,,,
2022-07-15 11:02:30,-3.977408,-79.214012,Calle Rocafuerte,CON_FALLECIDOS,Incendio,Mal estado de la via,49,FALLECIDO,MUJER,CICLISTA,70,FALLECIDO,MUJER,VEH_LIVIANO,26,LESIONADO,MUJER,VEH_LIVIANO
2022-02-04 10:17:06,-4.027695,-79.199523,Calle Colon,CON_FALLECIDOS,Volcamiento,Visibilidad reducida,22,FALLECIDO,NO_REGISTRA,OTRO,,,,,,,,
2022-12-17 21:16:34,-4.032932,-79.219407,Calle Azogues,SOLO_DANOS,Volcamiento,Visibilidad reducida,,,,,,,,,,,,
2022-05-14 17:00:48,-4.013439,-79.199726,Calle Imbabura,CON_FALLECIDOS,Volcamiento,Distraccion (celular/radio),52,FALLECIDO,MUJER,PEATON,48,FALLECIDO,MUJER,MOTOCICLETA,,,,
2022-08-22 18:14:41,-4.025190,-79.192535,Av. 8 de Diciembre,SOLO_DANOS,Caida,Via resbaladiza o mojada,,,,,,,,,,,,
2022-11-16 13:34:18,-4.008324,-79.177597,Calle Sucre,CON_FALLECIDOS,Caida,Fatiga del conductor,75,FALLECIDO,HOMBRE,MOTOCICLETA,48,FALLECIDO,MUJER,OTRO,,,,
2022-07-14 22:09:19,-4.002701,-79.227190,Calle Mercadillo,CON_FALLECIDOS,Colision Multiple,Visibilidad reducida,75,FALLECIDO,HOMBRE,VEH_LIVIANO,63,FALLECIDO,HOMBRE,OTRO,35,LESIONADO,MUJER,SCOOTER
2022-11-03 08:19:38,-4.017124,-79.187534,Calle Quito,CON_FALLECIDOS,Atropellamiento,Falla mecanica,22,FALLECIDO,NO_REGISTRA,PEATON,44,LESIONADO,NO_REGISTRA,VEH_LIVIANO,74,LESIONADO,HOMBRE,MOTOCICLETA
2022-06-29 06:26:44,-4.021939,-79.171014,Calle Imbabura,CON_FALLECIDOS,Atropellamiento,Estado de embriaguez,45,FALLECIDO,MUJER,CICLISTA,74,FALLECIDO,NO_REGISTRA,CICLISTA,,,,
2022-09-05 00:13:51,-4.026787,-79.211063,Calle 18 de Noviembre,CON_LESIONADOS,Accidente Laboral,Estado de embriaguez,68,LESIONADO,NO_REGISTRA,VEH_LIVIANO,29,LESIONADO,HOMBRE,VEH_LIVIANO,,,,
2022-01-24 22:43:17,-4.011749,-79.172460,Calle Colon,CON_LESIONADOS,Caida,Estado de embriaguez,23,LESIONADO,HOMBRE,MOTOCICLETA,36,LESIONADO,NO_REGISTRA,VEH_LIVIANO,,,,
2022-09-22 13:09:26,-4.002005,-79.171715,Calle Quito,SOLO_DANOS,Accidente Laboral,Equipo de seguridad deficiente,,,,,,,,,,,,
2022-03-23 08:50:04,-3.988637,-79.230619,Calle Montufar,CON_FALLECIDOS,Choque Vehicular,Falla mecanica,74,FALLECIDO,MUJER,OTRO,58,FALLECIDO,MUJER,CICLISTA,,,,
2022-03-23 10:53:02,-3.990103,-79.173148,Av. Manuel Agustin Aguirre,CON_LESIONADOS,Accidente Laboral,Mal estado de la via,65,LESIONADO,HOMBRE,CICLISTA,,,,,,,,
2022-03-03 15:27:27,-4.023480,-79.191470,Calle Miguel Riofrio,CON_LESIONADOS,Volcamiento,Estado de embriaguez,54,LESIONADO,NO_REGISTRA,PEATON,,,,,,,,
2022-06-29 16:39:45,-3.984941,-79.212811,Av. Isidro Ayora,SOLO_DANOS,Accidente Laboral,Equipo de seguridad deficiente,,,,,,,,,,,,
2022-12-17 04:44:39,-4.016417,-79.221891,Calle Sucre,SOLO_DANOS,Atropellamiento,Visibilidad reducida,,,,,,,,,,,,
2022-03-28 03:27:12,-4.012355,-79.218416,Av. Isidro Ayora,SOLO_DANOS,Volcamiento,Factores externos,,,,,,,,,,,,
2022-11-28 19:42:57,-4.013765,-79.172010,Calle Sucre,SOLO_DANOS,Incendio,Falla mecanica,,,,,,,,,,,,
2022-12-11 16:55:25,-4.017118,-79.172164,Av. Orillas del Zamora,CON_FALLECIDOS,Choque Vehicular,Distraccion (celular/radio),65,FALLECIDO,NO_REGISTRA,VEH_LIVIANO,21,FALLECIDO,NO_REGISTRA,VEH_LIVIANO,,,,
2022-10-05 18:18:23,-4.028566,-79.191451,Calle Azogues,SOLO_DANOS,Choque Vehicular,Visibilidad reducida,,,,,,,,,,,,
2022-02-16 05:19:49,-4.026721,-79.190591,Av. Reinaldo Espinosa,CON_LESIONADOS,Colision Multiple,Equipo de seguridad deficiente,54,LESIONADO,MUJER,SCOOTER,,,,,,,,
2022-03-02 10:25:42,-4.030756,-79.177643,Calle Miguel Riofrio,CON_FALLECIDOS,Caida,Fatiga del conductor,63,FALLECIDO,NO_REGISTRA,PEATON,54,LESIONADO,NO_REGISTRA,MOTOCICLETA,23,LESIONADO,NO_REGISTRA,CICLISTA
2022-03-09 21:33:42,-4.002972,-79.218308,Calle Saraguro,CON_FALLECIDOS,Incendio,Mal estado de la via,69,FALLECIDO,HOMBRE,OTRO,,,,,,,,
2022-07-15 05:50:41,-4.034789,-79.175077,Av. Rosa Hermosa,SOLO_DANOS,Atropellamiento,Factores externos,,,,,,,,,,,,
2022-09-05 22:55:42,-3.985806,-79.221958,Calle Imbabura,CON_LESIONADOS,Accidente Laboral,Exceso de velocidad,74,LESIONADO,NO_REGISTRA,MOTOCICLETA,21,LESIONADO,NO_REGISTRA,PEATON,,,,
2022-03-20 01:56:56,-3.984989,-79.182720,Av. Pio Jaramillo,CON_FALLECIDOS,Colision Multiple,Mal estado de la via,75,FALLECIDO,NO_REGISTRA,OTRO,20,FALLECIDO,NO_REGISTRA,MOTOCICLETA,22,LESIONADO,HOMBRE,MOTOCICLETA
2022-03-04 18:12:45,-3.990860,-79.221886,Calle Mercadillo,CON_LESIONADOS,Colision Multiple,Equipo de seguridad deficiente,40,LESIONADO,NO_REGISTRA,SCOOTER,14,LESIONADO,NO_REGISTRA,PEATON,,,,
2022-08-07 02:21:05,-3.978975,-79.195021,Ruta 35,CON_LESIONADOS,Colision Multiple,Exceso de velocidad,49,LESIONADO,NO_REGISTRA,VEH_LIVIANO,,,,,,,,
2022-08-20 04:02:34,-3.979005,-79.177879,Av. Rosa Hermosa,CON_LESIONADOS,Volcamiento,Mal estado de la via,66,LESIONADO,HOMBRE,OTRO,,,,,,,,
2022-11-27 17:00:57,-4.024854,-79.199530,Calle Sucre,CON_FALLECIDOS,Incendio,Mal estado de la via,67,FALLECIDO,HOMBRE,OTRO,10,LESIONADO,HOMBRE,SCOOTER,,,,
2022-08-09 05:18:15,-4.001027,-79.181227,Av. Pio Jaramillo,CON_FALLECIDOS,Caida,Imprudencia del conductor,50,FALLECIDO,HOMBRE,MOTOCICLETA,13,LESIONADO,HOMBRE,OTRO,,,,
2022-06-14 06:13:57,-4.036052,-79.182221,Calle Rocafuerte,SOLO_DANOS,Incendio,Inobservancia de senales,24,LESIONADO,MUJER,SCOOTER,,,,,,,,
2022-05-27 17:17:06,-4.027343,-79.200408,Calle Ramon Borrero,SOLO_DANOS,Colision Multiple,Mal estado de la via,,,,,,,,,,,,
2022-10-17 15:08:05,-4.021751,-79.186730,Calle 18 de Noviembre,CON_LESIONADOS,Choque Vehicular,Fatiga del conductor,50,LESIONADO,HOMBRE,CICLISTA,67,LESIONADO,NO_REGISTRA,CICLISTA,46,LESIONADO,MUJER,CICLISTA
2022-07-10 17:23:57,-3.993196,-79.173397,Calle Ramon Borrero,SOLO_DANOS,Volcamiento,Exceso de velocidad,,,,,,,,,,,,
2022-08-12 21:46:24,-4.016995,-79.206697,Calle Imbabura,SOLO_DANOS,Choque Vehicular,Inobservancia de senales,,,,,,,,,,,,
2022-08-29 16:26:37,-4.015900,-79.174651,Av. Rosa Hermosa,SOLO_DANOS,Choque Vehicular,Visibilidad reducida,,,,,,,,,,,,
2022-07-26 19:30:44,-3.983729,-79.229012,Av. 8 de Diciembre,CON_LESIONADOS,Choque Vehicular,Equipo de seguridad deficiente,63,LESIONADO,MUJER,MOTOCICLETA,,,,,,,,
2022-11-17 13:06:23,-4.020388,-79.205672,Via Loja - Zamora,CON_FALLECIDOS,Choque Vehicular,Via resbaladiza o mojada,79,FALLECIDO,HOMBRE,MOTOCICLETA,21,LESIONADO,NO_REGISTRA,PEATON,,,,
2022-05-14 01:08:20,-4.012464,-79.224888,Calle Rocafuerte,SOLO_DANOS,Incendio,Estado de embriaguez,,,,,,,,,,,,
2022-05-11 06:03:11,-4.018605,-79.187442,Av. 8 de Diciembre,CON_LESIONADOS,Atropellamiento,Equipo de seguridad deficiente,80,LESIONADO,HOMBRE,SCOOTER,,,,,,,,
2022-09-19 16:36:17,-4.027094,-79.194127,Calle Colon,CON_FALLECIDOS,Atropellamiento,Exceso de velocidad,45,FALLECIDO,HOMBRE,SCOOTER,,,,,,,,
2022-01-04 12:07:41,-4.026796,-79.182776,Av. 8 de Diciembre,CON_LESIONADOS,Caida,Equipo de seguridad deficiente,52,LESIONADO,NO_REGISTRA,MOTOCICLETA,68,LESIONADO,HOMBRE,VEH_LIVIANO,,,,
2022-09-18 18:18:25,-4.003548,-79.194109,Calle 18 de Noviembre,CON_LESIONADOS,Colision Multiple,Equipo de seguridad deficiente,78,LESIONADO,HOMBRE,PEATON,41,LESIONADO,HOMBRE,OTRO,62,LESIONADO,NO_REGISTRA,OTRO
2022-02-08 06:47:24,-4.008660,-79.188604,Av. Rosa Hermosa,CON_LESIONADOS,Caida,Estado de embriaguez,28,LESIONADO,MUJER,VEH_LIVIANO,39,LESIONADO,NO_REGISTRA,MOTOCICLETA,,,,
2022-04-29 18:02:52,-3.994825,-79.225773,Av. Rosa Hermosa,CON_LESIONADOS,Colision Multiple,Estado de embriaguez,63,LESIONADO,MUJER,OTRO,65,LESIONADO,NO_REGISTRA,CICLISTA,,,,
2022-10-14 15:27:22,-3.986374,-79.209985,Calle 10 de Agosto,CON_LESIONADOS,Choque Vehicular,Factores externos,38,LESIONADO,NO_REGISTRA,OTRO,75,LESIONADO,NO_REGISTRA,SCOOTER,10,LESIONADO,HOMBRE,PEATON
2022-07-23 06:17:20,-4.003999,-79.222527,Calle Miguel Riofrio,SOLO_DANOS,Incendio,Fatiga del conductor,,,,,,,,,,,,
2022-08-01 08:24:12,-4.036197,-79.198987,Calle Colon,CON_LESIONADOS,Accidente Laboral,Estado de embriaguez,28,LESIONADO,MUJER,VEH_LIVIANO,67,LESIONADO,MUJER,PEATON,,,,
2022-02-18 12:42:10,-3.984134,-79.187229,Av. Cuxibamba,SOLO_DANOS,Incendio,Falla mecanica,,,,,,,,,,,,
2022-04-25 12:28:41,-4.020685,-79.213549,Av. Pio Jaramillo,SOLO_DANOS,Colision Multiple,Visibilidad reducida,,,,,,,,,,,,
2022-01-20 15:58:59,-3.994533,-79.198156,Av. Orillas del Zamora,CON_LESIONADOS,Volcamiento,Inobservancia de senales,34,LESIONADO,MUJER,SCOOTER,44,LESIONADO,HOMBRE,MOTOCICLETA,,,,
2022-07-16 19:54:58,-4.002610,-79.185222,Av. Pio Jaramillo,SOLO_DANOS,Choque Vehicular,Imprudencia del conductor,,,,,,,,,,,,
2022-03-05 08:02:53,-4.028240,-79.172286,Calle Rocafuerte,SOLO_DANOS,Atropellamiento,Imprudencia del conductor,,,,,,,,,,,,
2022-09-11 12:33:22,-4.023763,-79.228858,Calle Sucre,SOLO_DANOS,Caida,Visibilidad reducida,,,,,,,,,,,,
2022-11-09 08:44:10,-3.998924,-79.221042,Calle Bolivar,CON_LESIONADOS,Atropellamiento,Exceso de velocidad,77,LESIONADO,HOMBRE,OTRO,,,,,,,,
2022-04-11 10:07:22,-3.979351,-79.207680,Calle Montufar,SOLO_DANOS,Choque Vehicular,Factores externos,,,,,,,,,,,,
2022-05-07 04:35:12,-3.983978,-79.230153,Calle Mercadillo,CON_LESIONADOS,Volcamiento,Exceso de velocidad,59,LESIONADO,HOMBRE,CICLISTA,,,,,,,,
2022-01-20 20:56:50,-4.008097,-79.192530,Calle 18 de Noviembre,CON_FALLECIDOS,Volcamiento,Distraccion (celular/radio),28,FALLECIDO,MUJER,MOTOCICLETA,67,FALLECIDO,MUJER,CICLISTA,59,LESIONADO,NO_REGISTRA,PEATON
2022-02-11 02:28:41,-3.978559,-79.198626,Calle Saraguro,CON_FALLECIDOS,Incendio,Equipo de seguridad deficiente,49,FALLECIDO,MUJER,SCOOTER,58,FALLECIDO,HOMBRE,VEH_LIVIANO,33,LESIONADO,NO_REGISTRA,VEH_LIVIANO
2022-11-02 14:37:07,-3.980198,-79.173315,Av. Reinaldo Espinosa,CON_FALLECIDOS,Colision Multiple,Estado de embriaguez,58,FALLECIDO,MUJER,VEH_LIVIANO,,,,,,,,
2022-04-28 09:50:34,-3.996967,-79.190083,Av. Metropolitana,CON_FALLECIDOS,Caida,Via resbaladiza o mojada,45,FALLECIDO,MUJER,OTRO,29,FALLECIDO,HOMBRE,PEATON,57,LESIONADO,MUJER,SCOOTER
2022-11-03 12:37:05,-4.015275,-79.207657,Av. 8 de Diciembre,CON_FALLECIDOS,Colision Multiple,Distraccion (celular/radio),59,FALLECIDO,NO_REGISTRA,OTRO,58,FALLECIDO,HOMBRE,PEATON,,,,
2022-01-01 11:05:02,-4.026360,-79.219438,Calle Colon,SOLO_DANOS,Accidente Laboral,Mal estado de la via,,,,,,,,,,,,
2022-07-23 23:00:42,-3.980825,-79.176330,Av. Pio Jaramillo,CON_LESIONADOS,Colision Multiple,Imprudencia del conductor,5,LESIONADO,HOMBRE,OTRO,80,LESIONADO,MUJER,SCOOTER,,,,
2022-06-02 15:53:20,-4.034650,-79.211254,Calle Quito,SOLO_DANOS,Incendio,Visibilidad reducida,,,,,,,,,,,,
2022-03-28 00:16:40,-4.011288,-79.201574,Av. Isidro Ayora,CON_LESIONADOS,Accidente Laboral,Fatiga del conductor,47,LESIONADO,NO_REGISTRA,MOTOCICLETA,68,LESIONADO,MUJER,VEH_LIVIANO,,,,
2022-02-21 02:57:36,-4.033488,-79.186127,Calle Quito,CON_LESIONADOS,Atropellamiento,Falla mecanica,8,LESIONADO,NO_REGISTRA,SCOOTER,75,LESIONADO,HOMBRE,MOTOCICLETA,71,LESIONADO,HOMBRE,MOTOCICLETA
2022-02-20 09:13:52,-4.005925,-79.225363,Av. Manuel Agustin Aguirre,CON_FALLECIDOS,Incendio,Distraccion (celular/radio),65,FALLECIDO,NO_REGISTRA,OTRO,24,FALLECIDO,MUJER,MOTOCICLETA,,,,
2022-11-18 11:10:21,-4.025219,-79.221545,Av. 8 de Diciembre,CON_LESIONADOS,Accidente Laboral,Falla mecanica,72,LESIONADO,HOMBRE,SCOOTER,,,,,,,,
2022-08-25 07:39:56,-4.032520,-79.195288,Calle Colon,CON_FALLECIDOS,Caida,Imprudencia del conductor,25,FALLECIDO,NO_REGISTRA,MOTOCICLETA,19,FALLECIDO,HOMBRE,CICLISTA,,,,
2022-02-04 23:26:32,-4.011928,-79.215960,Calle Miguel Riofrio,CON_LESIONADOS,Choque Vehicular,Visibilidad reducida,75,LESIONADO,MUJER,VEH_LIVIANO,79,LESIONADO,MUJER,CICLISTA,,,,
2022-08-22 06:41:10,-3.980545,-79.190010,Calle Miguel Riofrio,CON_LESIONADOS,Incendio,Fatiga del conductor,20,LESIONADO,NO_REGISTRA,MOTOCICLETA,41,LESIONADO,MUJER,MOTOCICLETA,,,,
2022-11-30 23:05:18,-4.018132,-79.205074,Via Loja - Catamayo,CON_LESIONADOS,Incendio,Fatiga del conductor,10,LESIONADO,NO_REGISTRA,CICLISTA,43,LESIONADO,HOMBRE,CICLISTA,,,,
2022-11-22 19:44:47,-4.020724,-79.223210,Calle Rocafuerte,SOLO_DANOS,Accidente Laboral,Distraccion (celular/radio),,,,,,,,,,,,
2022-01-19 10:26:09,-4.011836,-79.187595,Av. Rosa Hermosa,CON_LESIONADOS,Volcamiento,Estado de embriaguez,11,LESIONADO,MUJER,VEH_LIVIANO,21,LESIONADO,HOMBRE,VEH_LIVIANO,,,,