fecha_hora,latitud,longitud,via,grado_severidad,tipo_siniestro,causa_probable,victima1_edad,victima1_condicion,victima1_sexo,victima1_actor_vial,victima2_edad,victima2_condicion,victima2_sexo,victima2_actor_vial,victima3_edad,victima3_condicion,victima3_sexo,victima3_actor_vial
2022-12-19 10:18:00,-3.999249,-79.220413,Av. Manuel Agustin Aguirre,CON_LESIONADOS,Atropellamiento,Equipo de seguridad deficiente,41,LESIONADO,MUJER,CICLISTA,61,LESIONADO,HOMBRE,CICLISTA,76,LESIONADO,HOMBRE,MOTOCICLETA
2022-02-13 11:27:12,-3.991792,-79.171723,Av. Pio Jaramillo,CON_FALLECIDOS,Choque Vehicular,Visibilidad reducida,19,FALLECIDO,NO_REGISTRA,OTRO,,,,,,,,
2022-09-15 10:08:03,-3.993904,-79.208054,Calle Mercadillo,CON_FALLECIDOS,Incendio,Estado de embriaguez,28,FALLECIDO,NO_REGISTRA,PEATON,26,LESIONADO,MUJER,OTRO,,,,
2022-09-20 05:52:02,-3.988882,-79.213380,Calle 18 de Noviembre,CON_FALLECIDOS,Accidente Laboral,Fatiga del conductor,65,FALLECIDO,MUJER,SCOOTER,53,FALLECIDO,NO_REGISTRA,CICLISTA,78,LESIONADO,NO_REGISTRA,MOTOCICLETA
2022-06-26 17:08:33,-4.017532,-79.176084,Av. Manuel Agustin Aguirre,CON_FALLECIDOS,Volcamiento,Factores externos,80,FALLECIDO,MUJER,VEH_LIVIANO,,,,,,,,
2022-07-09 13:22:14,-4.000351,-79.188203,Calle 18 de Noviembre,SOLO_DANOS,Colision Multiple,Exceso de velocidad,,,,,,,,,,,,
2022-06-17 13:24:46,-3.981232,-79.172838,Via Loja - Zamora,SOLO_DANOS,Colision Multiple,Fatiga del conductor,,,,,,,,,,,,
2022-06-11 08:44:11,-4.004180,-79.187636,Calle Azogues,CON_LESIONADOS,Volcamiento,Visibilidad reducida,5,LESIONADO,MUJER,SCOOTER,64,LESIONADO,MUJER,VEH_LIVIANO,,,,
2022-03-18 17:44:00,-4.003933,-79.197059,Calle Quito,CON_FALLECIDOS,Choque Vehicular,Distraccion (celular/radio),61,FALLECIDO,NO_REGISTRA,SCOOTER,32,LESIONADO,MUJER,SCOOTER,70,LESIONADO,HOMBRE,PEATON
2022-08-06 01:21:19,-4.004874,-79.204532,Calle Miguel Riofrio,CON_LESIONADOS,Colision Multiple,Mal estado de la via,8,LESIONADO,MUJER,SCOOTER,77,LESIONADO,MUJER,CICLISTA,42,LESIONADO,HOMBRE,MOTOCICLETA
2022-08-13 12:53:23,-3.990087,-79.191987,Calle Montufar,CON_LESIONADOS,Incendio,Fatiga del conductor,25,LESIONADO,HOMBRE,VEH_LIVIANO,40,LESIONADO,NO_REGISTRA,SCOOTER,24,LESIONADO,NO_REGISTRA,VEH_LIVIANO
2022-04-10 03:23:38,-3.982125,-79.230417,Calle Imbabura,CON_LESIONADOS,Choque Vehicular,Inobservancia de senales,62,LESIONADO,NO_REGISTRA,SCOOTER,71,LESIONADO,NO_REGISTRA,MOTOCICLETA,76,LESIONADO,MUJER,OTRO
2022-05-31 19:32:39,-4.016894,-79.183184,Calle Miguel Riofrio,CON_FALLECIDOS,Accidente Laboral,Falla mecanica,30,FALLECIDO,NO_REGISTRA,PEATON,42,FALLECIDO,HOMBRE,PEATON,77,LESIONADO,HOMBRE,SCOOTER
2022-02-28 09:04:02,-4.012640,-79.217749,Calle 18 de Noviembre,CON_LESIONADOS,Choque Vehicular,Distraccion (celular/radio),46,LESIONADO,HOMBRE,SCOOTER,73,LESIONADO,HOMBRE,VEH_LIVIANO,,,,
2022-03-27 16:04:52,-4.006211,-79.178170,Calle Mercadillo,CON_FALLECIDOS,Accidente Laboral,Fatiga del conductor,80,FALLECIDO,NO_REGISTRA,CICLISTA,54,LESIONADO,HOMBRE,CICLISTA,,,,
2022-07-12 16:03:28,-4.028225,-79.184224,Calle Saraguro,SOLO_DANOS,Colision Multiple,Imprudencia del conductor,,,,,,,,,,,,
2022-12-30 11:34:20,-4.010548,-79.227263,Calle Imbabura,CON_LESIONADOS,Volcamiento,Fatiga del conductor,57,LESIONADO,NO_REGISTRA,CICLISTA,24,LESIONADO,MUJER,CICLISTA,,,,
2022-02-21 12:50:12,-3.981910,-79.220212,Calle Mercadillo,CON_FALLECIDOS,Choque Vehicular,Visibilidad reducida,75,FALLECIDO,HOMBRE,VEH_LIVIANO,29,FALLECIDO,HOMBRE,SCOOTER,58,LESIONADO,HOMBRE,MOTOCICLETA
2022-11-29 12:23:25,-3.996116,-79.186649,Av. Metropolitana,SOLO_DANOS,Accidente Laboral,Fatiga del conductor,7,LESIONADO,NO_REGISTRA,SCOOTER,,,,,,,,
2022-07-11 23:35:56,-4.012116,-79.201023,Calle 10 de Agosto,CON_LESIONADOS,Incendio,Distraccion (celular/radio),23,LESIONADO,NO_REGISTRA,OTRO,46,LESIONADO,NO_REGISTRA,VEH_LIVIANO,50,LESIONADO,MUJER,OTRO
2022-07-03 23:42:35,-4.001519,-79.188359,Av. Rosa Hermosa,CON_FALLECIDOS,Atropellamiento,Estado de embriaguez,40,FALLECIDO,NO_REGISTRA,SCOOTER,52,LESIONADO,HOMBRE,MOTOCICLETA,52,LESIONADO,HOMBRE,CICLISTA
2022-07-20 01:00:00,-3.991066,-79.194800,Calle Rocafuerte,CON_FALLECIDOS,Accidente Laboral,Mal estado de la via,45,FALLECIDO,NO_REGISTRA,SCOOTER,44,FALLECIDO,HOMBRE,MOTOCICLETA,,,,
2022-10-02 20:03:24,-3.987512,-79.230701,Calle Imbabura,SOLO_DANOS,Accidente Laboral,Mal estado de la via,,,,,,,,,,,,
2022-05-07 00:08:06,-3.985306,-79.224672,Calle Miguel Riofrio,SOLO_DANOS,Incendio,Falla mecanica,32,LESIONADO,NO_REGISTRA,VEH_LIVIANO,,,,,,,,
2022-09-24 14:19:30,-4.017680,-79.230927,Calle Montufar,CON_LESIONADOS,Volcamiento,Exceso de velocidad,56,LESIONADO,NO_REGISTRA,CICLISTA,,,,,,,,
2022-07-28 01:20:17,-3.981938,-79.190822,Av. Isidro Ayora,SOLO_DANOS,Volcamiento,Factores externos,,,,,,,,,,,,
2022-07-02 22:56:14,-4.034728,-79.218416,Av. Cuxibamba,SOLO_DANOS,Atropellamiento,Estado de embriaguez,,,,,,,,,,,,
2022-02-13 03:57:10,-3.999772,-79.199998,Calle Ramon Borrero,SOLO_DANOS,Atropellamiento,Equipo de seguridad deficiente,,,,,,,,,,,,
2022-12-05 08:04:30,-4.002033,-79.188541,Calle Azogues,CON_FALLECIDOS,Atropellamiento,Visibilidad reducida,62,FALLECIDO,NO_REGISTRA,SCOOTER,25,LESIONADO,NO_REGISTRA,VEH_LIVIANO,39,LESIONADO,HOMBRE,VEH_LIVIANO
2022-12-18 12:34:19,-4.028207,-79.209731,Calle 10 de Agosto,CON_FALLECIDOS,Incendio,Imprudencia del conductor,29,FALLECIDO,NO_REGISTRA,OTRO,,,,,,,,
2022-01-25 07:20:10,-4.014692,-79.199029,Calle Montufar,SOLO_DANOS,Accidente Laboral,Equipo de seguridad deficiente,,,,,,,,,,,,
2022-02-23 10:10:55,-3.999346,-79.206083,Calle Mercadillo,SOLO_DANOS,Accidente Laboral,Equipo de seguridad deficiente,,,,,,,,,,,,
2022-07-14 09:56:26,-4.017423,-79.230381,Av. Cuxibamba,CON_FALLECIDOS,Colision Multiple,Exceso de velocidad,40,FALLECIDO,MUJER,MOTOCICLETA,81,FALLECIDO,MUJER,OTRO,,,,
2022-01-05 11:29:14,-3.984225,-79.226242,Av. Manuel Agustin Aguirre,CON_FALLECIDOS,Choque Vehicular,Falla mecanica,41,FALLECIDO,MUJER,CICLISTA,28,LESIONADO,HOMBRE,MOTOCICLETA,,,,
2022-06-25 17:14:53,-3.997208,-79.228281,Via Loja - Zamora,SOLO_DANOS,Volcamiento,Visibilidad reducida,,,,,,,,,,,,
2022-07-05 14:15:14,-4.036164,-79.192000,Av. Cuxibamba,CON_FALLECIDOS,Volcamiento,Falla mecanica,72,FALLECIDO,NO_REGISTRA,OTRO,,,,,,,,
2022-05-20 23:07:44,-4.024043,-79.198349,Calle Bolivar,CON_FALLECIDOS,Colision Multiple,Estado de embriaguez,82,FALLECIDO,MUJER,SCOOTER,76,LESIONADO,MUJER,VEH_LIVIANO,16,LESIONADO,HOMBRE,VEH_LIVIANO
2022-02-12 21:53:02,-4.021274,-79.204822,Av. 8 de Diciembre,SOLO_DANOS,Incendio,Fatiga del conductor,,,,,,,,,,,,
2022-11-07 18:05:51,-4.029153,-79.176782,Av. Universitaria,CON_FALLECIDOS,Choque Vehicular,Equipo de seguridad deficiente,72,FALLECIDO,NO_REGISTRA,MOTOCICLETA,24,FALLECIDO,MUJER,PEATON,15,LESIONADO,NO_REGISTRA,MOTOCICLETA
2022-01-25 17:28:23,-4.032555,-79.186461,Ruta 35,CON_FALLECIDOS,Choque Vehicular,Estado de embriaguez,36,FALLECIDO,HOMBRE,MOTOCICLETA,28,FALLECIDO,HOMBRE,SCOOTER,,,,
2022-08-15 11:28:35,-4.022711,-79.197001,Calle Bolivar,CON_LESIONADOS,Volcamiento,Exceso de velocidad,49,LESIONADO,HOMBRE,MOTOCICLETA,7,LESIONADO,HOMBRE,VEH_LIVIANO,,,,
2022-04-22 21:57:47,-4.018990,-79.208264,Calle Imbabura,SOLO_DANOS,Incendio,Factores externos,,,,,,,,,,,,
2022-04-29 19:09:10,-4.030451,-79.203203,Av. Manuel Agustin Aguirre,CON_FALLECIDOS,Atropellamiento,Distraccion (celular/radio),60,FALLECIDO,NO_REGISTRA,SCOOTER,11,LESIONADO,NO_REGISTRA,VEH_LIVIANO,,,,
2022-09-25 12:05:04,-4.014960,-79.198979,Av. Rosa Hermosa,CON_LESIONADOS,Colision Multiple,Equipo de seguridad deficiente,78,LESIONADO,MUJER,SCOOTER,55,LESIONADO,MUJER,MOTOCICLETA,,,,
2022-02-20 21:23:08,-4.032654,-79.190500,Av. Rosa Hermosa,CON_FALLECIDOS,Incendio,Visibilidad reducida,43,FALLECIDO,HOMBRE,CICLISTA,80,FALLECIDO,NO_REGISTRA,VEH_LIVIANO,61,LESIONADO,MUJER,CICLISTA
2022-08-28 07:47:37,-3.999100,-79.172465,Via Loja - Catamayo,SOLO_DANOS,Choque Vehicular,Distraccion (celular/radio),63,LESIONADO,HOMBRE,OTRO,,,,,,,,
2022-01-15 15:36:40,-4.003470,-79.229790,Via Loja - Catamayo,SOLO_DANOS,Incendio,Equipo de seguridad deficiente,,,,,,,,,,,,
2022-09-09 23:52:26,-4.007396,-79.177465,Av. Manuel Agustin Aguirre,CON_FALLECIDOS,Colision Multiple,Inobservancia de senales,56,FALLECIDO,HOMBRE,OTRO,71,FALLECIDO,NO_REGISTRA,SCOOTER,8,LESIONADO,NO_REGISTRA,VEH_LIVIANO
2022-08-11 18:09:14,-4.026997,-79.229567,Calle Saraguro,CON_LESIONADOS,Incendio,Estado de embriaguez,71,LESIONADO,NO_REGISTRA,OTRO,,,,,,,,
2022-06-30 06:20:30,-4.021424,-79.198974,Calle Miguel Riofrio,SOLO_DANOS,Caida,Falla mecanica,,,,,,,,,,,,
2022-08-26 09:22:46,-4.020393,-79.206621,Calle 18 de Noviembre,SOLO_DANOS,Incendio,Imprudencia del conductor,73,LESIONADO,NO_REGISTRA,SCOOTER,,,,,,,,
2022-12-10 11:01:15,-4.016695,-79.226490,Ruta 35,CON_FALLECIDOS,Choque Vehicular,Mal estado de la via,33,FALLECIDO,MUJER,PEATON,70,FALLECIDO,HOMBRE,VEH_LIVIANO,50,LESIONADO,MUJER,MOTOCICLETA
2022-06-13 23:34:04,-3.977449,-79.218232,Av. Universitaria,CON_LESIONADOS,Incendio,Distraccion (celular/radio),66,LESIONADO,HOMBRE,CICLISTA,39,LESIONADO,HOMBRE,SCOOTER,62,LESIONADO,NO_REGISTRA,SCOOTER
2022-05-06 05:56:34,-4.003242,-79.216736,Calle Bolivar,SOLO_DANOS,Choque Vehicular,Fatiga del conductor,,,,,,,,,,,,
2022-11-16 13:53:41,-4.004052,-79.174206,Av. Universitaria,CON_FALLECIDOS,Colision Multiple,Exceso de velocidad,52,FALLECIDO,HOMBRE,VEH_LIVIANO,47,FALLECIDO,HOMBRE,MOTOCICLETA,78,LESIONADO,MUJER,SCOOTER
2022-09-25 21:13:00,-3.983731,-79.186308,Calle Mercadillo,CON_LESIONADOS,Accidente Laboral,Fatiga del conductor,19,LESIONADO,NO_REGISTRA,VEH_LIVIANO,42,LESIONADO,NO_REGISTRA,MOTOCICLETA,61,LESIONADO,MUJER,VEH_LIVIANO
2022-06-01 06:54:16,-4.034100,-79.211900,Av. Pio Jaramillo,SOLO_DANOS,Colision Multiple,Inobservancia de senales,,,,,,,,,,,,
2022-12-25 14:48:40,-4.036522,-79.186070,Calle 18 de Noviembre,SOLO_DANOS,Choque Vehicular,Via resbaladiza o mojada,,,,,,,,,,,,
2022-05-18 16:23:43,-4.011311,-79.201996,Ruta 35,CON_LESIONADOS,Colision Multiple,Factores externos,30,LESIONADO,NO_REGISTRA,CICLISTA,50,LESIONADO,MUJER,CICLISTA,,,,
2022-04-09 13:55:36,-4.018509,-79.191061,Calle Saraguro,SOLO_DANOS,Incendio,Exceso de velocidad,,,,,,,,,,,,
2022-04-05 10:36:39,-4.032150,-79.185932,Av. Rosa Hermosa,CON_LESIONADOS,Atropellamiento,Fatiga del conductor,21,LESIONADO,NO_REGISTRA,PEATON,,,,,,,,
2022-10-03 17:13:45,-4.034213,-79.185764,Calle Quito,CON_FALLECIDOS,Atropellamiento,Exceso de velocidad,72,FALLECIDO,MUJER,SCOOTER,38,LESIONADO,NO_REGISTRA,VEH_LIVIANO,,,,
2022-11-18 07:24:54,-3.986470,-79.225541,Av. 8 de Diciembre,CON_LESIONADOS,Choque Vehicular,Inobservancia de senales,76,LESIONADO,NO_REGISTRA,MOTOCICLETA,76,LESIONADO,NO_REGISTRA,OTRO,,,,
2022-01-06 20:14:43,-4.020799,-79.222332,Av. Rosa Hermosa,SOLO_DANOS,Choque Vehicular,Fatiga del conductor,,,,,,,,,,,,
2022-05-26 05:40:04,-3.984712,-79.187483,Av. Pio Jaramillo,CON_LESIONADOS,Volcamiento,Imprudencia del conductor,14,LESIONADO,MUJER,SCOOTER,,,,,,,,
2022-05-30 09:53:33,-3.981084,-79.230271,Av. Pio Jaramillo,CON_LESIONADOS,Colision Multiple,Imprudencia del conductor,64,LESIONADO,MUJER,CICLISTA,26,LESIONADO,MUJER,CICLISTA,,,,
2022-08-01 05:37:01,-4.016370,-79.203563,Calle Saraguro,CON_FALLECIDOS,Choque Vehicular,Via resbaladiza o mojada,28,FALLECIDO,NO_REGISTRA,VEH_LIVIANO,83,FALLECIDO,NO_REGISTRA,SCOOTER,,,,
2022-07-22 17:15:57,-4.012862,-79.189361,Av. Orillas del Zamora,CON_FALLECIDOS,Choque Vehicular,Factores externos,57,FALLECIDO,HOMBRE,SCOOTER,24,FALLECIDO,MUJER,MOTOCICLETA,,,,
2022-05-23 10:27:35,-4.015509,-79.178564,Calle Azogues,SOLO_DANOS,Atropellamiento,Mal estado de la via,,,,,,,,,,,,
2022-11-11 17:09:44,-4.033419,-79.189636,Calle Saraguro,CON_LESIONADOS,Accidente Laboral,Equipo de seguridad deficiente,69,LESIONADO,NO_REGISTRA,PEATON,46,LESIONADO,NO_REGISTRA,VEH_LIVIANO,11,LESIONADO,HOMBRE,PEATON
2022-02-02 18:48:40,-3.985387,-79.202886,Ruta 35,CON_FALLECIDOS,Caida,Imprudencia del conductor,46,FALLECIDO,HOMBRE,MOTOCICLETA,81,FALLECIDO,MUJER,OTRO,,,,
2022-01-11 16:56:19,-4.001862,-79.215655,Calle 18 de Noviembre,SOLO_DANOS,Atropellamiento,Factores externos,,,,,,,,,,,,
2022-05-30 00:45:33,-3.978016,-79.174763,Calle Sucre,CON_FALLECIDOS,Colision Multiple,Distraccion (celular/radio),68,FALLECIDO,MUJER,SCOOTER,62,FALLECIDO,HOMBRE,CICLISTA,,,,
2022-04-24 02:44:33,-4.026484,-79.193166,Av. Universitaria,SOLO_DANOS,Volcamiento,Fatiga del conductor,,,,,,,,,,,,
2022-01-13 16:22:57,-4.019217,-79.225129,Ruta 35,CON_LESIONADOS,Caida,Distraccion (celular/radio),65,LESIONADO,HOMBRE,VEH_LIVIANO,,,,,,,,
2022-06-14 20:51:29,-4.009187,-79.171021,Calle Ramon Borrero,SOLO_DANOS,Volcamiento,Equipo de seguridad deficiente,,,,,,,,,,,,
2022-11-04 00:45:10,-4.036376,-79.214303,Calle 18 de Noviembre,SOLO_DANOS,Volcamiento,Exceso de velocidad,,,,,,,,,,,,
2022-03-30 00:08:39,-3.978100,-79.192049,Calle Montufar,CON_FALLECIDOS,Accidente Laboral,Mal estado de la via,20,FALLECIDO,MUJER,SCOOTER,27,FALLECIDO,NO_REGISTRA,OTRO,22,LESIONADO,NO_REGISTRA,CICLISTA
2022-06-23 10:50:08,-4.024746,-79.174459,Via Loja - Catamayo,CON_FALLECIDOS,Volcamiento,Inobservancia de senales,83,FALLECIDO,NO_REGISTRA,SCOOTER,22,FALLECIDO,MUJER,SCOOTER,7,LESIONADO,HOMBRE,VEH_LIVIANO
2022-01-07 09:36:54,-3.982329,-79.201348,Calle Montufar,SOLO_DANOS,Colision Multiple,Inobservancia de senales,,,,,,,,,,,,
2022-06-23 09:00:47,-3.985122,-79.206691,Calle Colon,CON_FALLECIDOS,Incendio,Estado de embriaguez,49,FALLECIDO,HOMBRE,MOTOCICLETA,23,FALLECIDO,NO_REGISTRA,CICLISTA,,,,
2022-07-26 06:43:52,-3.996351,-79.217459,Via Loja - Catamayo,SOLO_DANOS,Choque Vehicular,Imprudencia del conductor,,,,,,,,,,,,
2022-09-08 11:13:10,-4.008460,-79.201975,Av. 8 de Diciembre,SOLO_DANOS,Choque Vehicular,Mal estado de la via,,,,,,,,,,,,
2022-03-18 21:40:39,-3.988271,-79.210333,Calle Azogues,CON_FALLECIDOS,Colision Multiple,Fatiga del conductor,49,FALLECIDO,NO_REGISTRA,PEATON,54,LESIONADO,HOMBRE,CICLISTA,,,,
2022-11-11 22:37:16,-4.008986,-79.221967,Av. Cuxibamba,SOLO_DANOS,Caida,Imprudencia del conductor,,,,,,,,,,,,
2022-10-14 05:29:10,-3.988275,-79.190737,Av. Orillas del Zamora,CON_FALLECIDOS,Caida,Estado de embriaguez,23,FALLECIDO,MUJER,MOTOCICLETA,52,FALLECIDO,MUJER,MOTOCICLETA,64,LESIONADO,MUJER,OTRO
2022-06-25 16:48:04,-4.022019,-79.187537,Av. Orillas del Zamora,CON_LESIONADOS,Colision Multiple,Fatiga del conductor,52,LESIONADO,MUJER,OTRO,,,,,,,,
2022-08-10 22:44:53,-4.017934,-79.210140,Calle Quito,CON_LESIONADOS,Choque Vehicular,Via resbaladiza o mojada,6,LESIONADO,NO_REGISTRA,MOTOCICLETA,69,LESIONADO,HOMBRE,CICLISTA,,,,
2022-06-16 13:02:58,-4.011240,-79.217741,Av. Rosa Hermosa,CON_LESIONADOS,Atropellamiento,Inobservancia de senales,7,LESIONADO,NO_REGISTRA,MOTOCICLETA,67,LESIONADO,NO_REGISTRA,MOTOCICLETA,28,LESIONADO,NO_REGISTRA,PEATON
2022-12-08 01:06:53,-4.033446,-79.211465,Calle Azogues,CON_LESIONADOS,Volcamiento,Exceso de velocidad,80,LESIONADO,HOMBRE,OTRO,11,LESIONADO,HOMBRE,PEATON,,,,
2022-06-15 15:05:58,-4.012310,-79.177868,Calle Miguel Riofrio,SOLO_DANOS,Incendio,Equipo de seguridad deficiente,,,,,,,,,,,,
2022-03-05 12:09:47,-3.992532,-79.198048,Av. Gran Colombia,SOLO_DANOS,Caida,Estado de embriaguez,,,,,,,,,,,,
2022-05-05 06:31:13,-3.989065,-79.212612,Calle Imbabura,CON_FALLECIDOS,Volcamiento,Factores externos,32,FALLECIDO,NO_REGISTRA,PEATON,31,FALLECIDO,MUJER,VEH_LIVIANO,19,LESIONADO,NO_REGISTRA,CICLISTA
2022-06-02 23:35:12,-4.008328,-79.182262,Calle Colon,SOLO_DANOS,Caida,Estado de embriaguez,,,,,,,,,,,,
2022-05-11 10:51:46,-4.014423,-79.220727,Calle Miguel Riofrio,SOLO_DANOS,Caida,Exceso de velocidad,,,,,,,,,,,,
2022-01-14 14:01:54,-4.027003,-79.202481,Av. Pio Jaramillo,CON_FALLECIDOS,Colision Multiple,Exceso de velocidad,70,FALLECIDO,HOMBRE,VEH_LIVIANO,64,FALLECIDO,MUJER,SCOOTER,,,,
2022-04-28 09:28:17,-4.006951,-79.175398,Av. Universitaria,CON_FALLECIDOS,Volcamiento,Via resbaladiza o mojada,32,FALLECIDO,HOMBRE,OTRO,71,LESIONADO,NO_REGISTRA,VEH_LIVIANO,,,,
2022-05-31 07:25:53,-4.034071,-79.181140,Calle Saraguro,CON_FALLECIDOS,Incendio,Visibilidad reducida,85,FALLECIDO,NO_REGISTRA,PEATON,,,,,,,,
2022-06-02 00:34:27,-4.006293,-79.178153,Av. Pio Jaramillo,CON_LESIONADOS,Volcamiento,Equipo de seguridad deficiente,76,LESIONADO,MUJER,VEH_LIVIANO,69,LESIONADO,MUJER,OTRO,19,LESIONADO,NO_REGISTRA,PEATON
2022-03-19 13:44:26,-4.009317,-79.214551,Calle Montufar,SOLO_DANOS,Volcamiento,Exceso de velocidad,,,,,,,,,,,,
2022-10-01 13:06:52,-3.997690,-79.200723,Av. 8 de Diciembre,CON_FALLECIDOS,Atropellamiento,Equipo de seguridad deficiente,69,FALLECIDO,NO_REGISTRA,OTRO,74,LESIONADO,MUJER,VEH_LIVIANO,,,,
2022-02-24 10:43:03,-4.030852,-79.192512,Av. Orillas del Zamora,CON_FALLECIDOS,Accidente Laboral,Falla mecanica,32,FALLECIDO,NO_REGISTRA,OTRO,50,FALLECIDO,MUJER,MOTOCICLETA,32,LESIONADO,NO_REGISTRA,MOTOCICLETA
2022-12-24 15:16:08,-4.032288,-79.191238,Av. Cuxibamba,CON_LESIONADOS,Atropellamiento,Equipo de seguridad deficiente,50,LESIONADO,HOMBRE,VEH_LIVIANO,79,LESIONADO,NO_REGISTRA,CICLISTA,23,LESIONADO,HOMBRE,MOTOCICLETA
2022-06-01 04:49:19,-4.009897,-79.197322,Calle Rocafuerte,SOLO_DANOS,Incendio,Mal estado de la via,,,,,,,,,,,,
2022-01-22 22:48:38,-3.988055,-79.180620,Calle Colon,SOLO_DANOS,Choque Vehicular,Imprudencia del conductor,,,,,,,,,,,,
2022-12-11 17:20:54,-3.999653,-79.187239,Calle Miguel Riofrio,CON_FALLECIDOS,Atropellamiento,Mal estado de la via,78,FALLECIDO,HOMBRE,MOTOCICLETA,64,FALLECIDO,HOMBRE,CICLISTA,16,LESIONADO,NO_REGISTRA,MOTOCICLETA
2022-06-19 05:32:40,-3.983804,-79.205251,Calle Bolivar,CON_LESIONADOS,Choque Vehicular,Mal estado de la via,43,LESIONADO,NO_REGISTRA,SCOOTER,,,,,,,,
2022-03-28 19:33:33,-3.996133,-79.208564,Via Loja - Zamora,CON_LESIONADOS,Choque Vehicular,Imprudencia del conductor,76,LESIONADO,NO_REGISTRA,MOTOCICLETA,35,LESIONADO,MUJER,SCOOTER,,,,
2022-12-10 16:03:35,-3.986116,-79.228307,Av. Metropolitana,CON_LESIONADOS,Incendio,Equipo de seguridad deficiente,39,LESIONADO,HOMBRE,SCOOTER,17,LESIONADO,MUJER,MOTOCICLETA,6,LESIONADO,HOMBRE,SCOOTER
2022-06-21 05:58:58,-4.019308,-79.185609,Calle Rocafuerte,CON_FALLECIDOS,Choque Vehicular,Estado de embriaguez,79,FALLECIDO,NO_REGISTRA,OTRO,,,,,,,,
2022-02-03 06:05:10,-3.977158,-79.216868,Av. Orillas del Zamora,CON_LESIONADOS,Caida,Visibilidad reducida,34,LESIONADO,HOMBRE,VEH_LIVIANO,7,LESIONADO,NO_REGISTRA,CICLISTA,,,,
2022-10-09 00:22:00,-4.027820,-79.176763,Av. Pio Jaramillo,SOLO_DANOS,Caida,Via resbaladiza o mojada,,,,,,,,,,,,
2022-01-18 16:16:24,-4.016341,-79.179089,Calle Miguel Riofrio,SOLO_DANOS,Accidente Laboral,Distraccion (celular/radio),,,,,,,,,,,,
2022-06-10 16:44:28,-3.997558,-79.206042,Calle Bolivar,CON_LESIONADOS,Incendio,Distraccion (celular/radio),25,LESIONADO,HOMBRE,OTRO,70,LESIONADO,HOMBRE,VEH_LIVIANO,,,,
2022-02-23 16:47:23,-3.992404,-79.186143,Calle Ramon Borrero,CON_FALLECIDOS,Caida,Exceso de velocidad,26,FALLECIDO,HOMBRE,VEH_LIVIANO,68,FALLECIDO,NO_REGISTRA,VEH_LIVIANO,,,,
2022-01-04 19:09:33,-4.023193,-79.172643,Av. Gran Colombia,CON_LESIONADOS,Caida,Imprudencia del conductor,14,LESIONADO,MUJER,SCOOTER,25,LESIONADO,NO_REGISTRA,PEATON,,,,
2022-11-28 11:28:37,-4.026034,-79.193979,Av. Cuxibamba,CON_FALLECIDOS,Incendio,Distraccion (celular/radio),85,FALLECIDO,NO_REGISTRA,VEH_LIVIANO,52,FALLECIDO,HOMBRE,SCOOTER,72,LESIONADO,HOMBRE,PEATON
2022-05-24 16:02:56,-3.996358,-79.217444,Calle Colon,CON_FALLECIDOS,Colision Multiple,Visibilidad reducida,41,FALLECIDO,HOMBRE,MOTOCICLETA,,,,,,,,
2022-08-20 04:06:04,-4.017847,-79.177411,Calle Quito,CON_FALLECIDOS,Incendio,Via resbaladiza o mojada,52,FALLECIDO,MUJER,PEATON,36,LESIONADO,MUJER,SCOOTER,12,LESIONADO,NO_REGISTRA,VEH_LIVIANO
2022-03-14 19:21:38,-3.980229,-79.181875,Av. Manuel Agustin Aguirre,SOLO_DANOS,Caida,Visibilidad reducida,26,LESIONADO,NO_REGISTRA,PEATON,,,,,,,,
2022-05-19 22:34:11,-4.036266,-79.200292,Av. Metropolitana,CON_LESIONADOS,Volcamiento,Estado de embriaguez,73,LESIONADO,NO_REGISTRA,PEATON,16,LESIONADO,HOMBRE,MOTOCICLETA,71,LESIONADO,MUJER,MOTOCICLETA
2022-05-14 07:06:05,-4.010256,-79.219256,Calle Mercadillo,SOLO_DANOS,Choque Vehicular,Equipo de seguridad deficiente,,,,,,,,,,,,
2022-07-31 21:09:04,-4.006868,-79.198080,Calle Quito,CON_FALLECIDOS,Colision Multiple,Imprudencia del conductor,56,FALLECIDO,MUJER,MOTOCICLETA,49,LESIONADO,HOMBRE,OTRO,,,,
2022-03-10 07:16:21,-3.981580,-79.175523,Calle Azogues,SOLO_DANOS,Caida,Imprudencia del conductor,,,,,,,,,,,,
2022-08-20 22:09:32,-4.015905,-79.208464,Calle Sucre,CON_FALLECIDOS,Choque Vehicular,Falla mecanica,68,FALLECIDO,MUJER,SCOOTER,11,LESIONADO,HOMBRE,PEATON,,,,
2022-12-12 21:55:42,-3.980401,-79.210252,Calle Miguel Riofrio,CON_FALLECIDOS,Incendio,Exceso de velocidad,69,FALLECIDO,HOMBRE,PEATON,70,FALLECIDO,HOMBRE,VEH_LIVIANO,10,LESIONADO,NO_REGISTRA,OTRO
2022-04-22 21:31:40,-4.032883,-79.230951,Via Loja - Zamora,SOLO_DANOS,Accidente Laboral,Exceso de velocidad,,,,,,,,,,,,
2022-05-26 07:02:59,-3.998372,-79.209994,Calle Montufar,CON_LESIONADOS,Atropellamiento,Via resbaladiza o mojada,25,LESIONADO,HOMBRE,PEATON,10,LESIONADO,HOMBRE,SCOOTER,,,,
2022-01-11 20:27:58,-4.017547,-79.201434,Av. 8 de Diciembre,SOLO_DANOS,Atropellamiento,Imprudencia del conductor,,,,,,,,,,,,