fecha_hora,latitud,longitud,via,grado_severidad,tipo_siniestro,causa_probable,victima1_edad,victima1_condicion,victima1_sexo,victima1_actor_vial,victima2_edad,victima2_condicion,victima2_sexo,victima2_actor_vial,victima3_edad,victima3_condicion,victima3_sexo,victima3_actor_vial
2022-06-11 22:28:27,-3.999059,-79.178906,Av. Cuxibamba,SOLO_DANOS,Volcamiento,Estado de embriaguez,,,,,,,,,,,,
2022-07-17 22:53:01,-4.020965,-79.228121,Av. Cuxibamba,CON_LESIONADOS,Choque Vehicular,Distraccion (celular/radio),19,LESIONADO,NO_REGISTRA,PEATON,12,LESIONADO,NO_REGISTRA,OTRO,40,LESIONADO,HOMBRE,PEATON
2022-10-19 02:40:38,-3.984550,-79.207662,Av. Orillas del Zamora,CON_FALLECIDOS,Choque Vehicular,Equipo de seguridad deficiente,56,FALLECIDO,HOMBRE,CICLISTA,12,LESIONADO,NO_REGISTRA,MOTOCICLETA,,,,
2022-12-04 12:15:11,-4.007435,-79.226175,Calle Bolivar,SOLO_DANOS,Caida,Visibilidad reducida,,,,,,,,,,,,
2022-08-25 05:55:54,-4.034059,-79.179535,Av. Orillas del Zamora,SOLO_DANOS,Accidente Laboral,Visibilidad reducida,,,,,,,,,,,,
2022-01-19 04:47:27,-3.993061,-79.175898,Ruta 35,CON_LESIONADOS,Accidente Laboral,Distraccion (celular/radio),23,LESIONADO,HOMBRE,OTRO,,,,,,,,
2022-10-13 11:48:24,-4.027346,-79.184530,Av. Universitaria,CON_LESIONADOS,Choque Vehicular,Estado de embriaguez,65,LESIONADO,HOMBRE,SCOOTER,53,LESIONADO,MUJER,VEH_LIVIANO,,,,
2022-11-22 22:32:10,-4.009183,-79.188428,Av. Orillas del Zamora,SOLO_DANOS,Incendio,Exceso de velocidad,,,,,,,,,,,,
2022-11-27 12:21:58,-4.008981,-79.229500,Av. Gran Colombia,CON_FALLECIDOS,Choque Vehicular,Distraccion (celular/radio),36,FALLECIDO,HOMBRE,MOTOCICLETA,72,LESIONADO,HOMBRE,CICLISTA,,,,
2022-06-17 07:49:17,-4.034569,-79.206146,Av. Cuxibamba,CON_FALLECIDOS,Caida,Mal estado de la via,37,FALLECIDO,MUJER,CICLISTA,85,FALLECIDO,MUJER,CICLISTA,69,LESIONADO,MUJER,CICLISTA
2022-09-29 10:32:25,-4.033683,-79.183513,Calle Saraguro,SOLO_DANOS,Atropellamiento,Equipo de seguridad deficiente,,,,,,,,,,,,
2022-04-22 16:23:12,-4.003911,-79.174593,Av. Manuel Agustin Aguirre,CON_FALLECIDOS,Atropellamiento,Equipo de seguridad deficiente,29,FALLECIDO,MUJER,VEH_LIVIANO,16,LESIONADO,NO_REGISTRA,OTRO,80,LESIONADO,NO_REGISTRA,SCOOTER
2022-11-03 23:09:23,-3.989448,-79.192206,Av. Rosa Hermosa,SOLO_DANOS,Atropellamiento,Factores externos,,,,,,,,,,,,
2022-07-07 20:09:06,-3.996895,-79.226163,Calle Miguel Riofrio,CON_LESIONADOS,Incendio,Mal estado de la via,47,LESIONADO,HOMBRE,CICLISTA,,,,,,,,
2022-09-15 00:41:00,-4.012822,-79.208287,Av. Universitaria,CON_FALLECIDOS,Accidente Laboral,Via resbaladiza o mojada,50,FALLECIDO,MUJER,VEH_LIVIANO,69,FALLECIDO,MUJER,OTRO,22,LESIONADO,HOMBRE,OTRO
2022-06-15 16:56:06,-4.034435,-79.196178,Av. Reinaldo Espinosa,SOLO_DANOS,Choque Vehicular,Exceso de velocidad,,,,,,,,,,,,
2022-09-27 13:51:13,-4.003200,-79.208428,Av. Isidro Ayora,CON_FALLECIDOS,Atropellamiento,Estado de embriaguez,60,FALLECIDO,HOMBRE,PEATON,85,FALLECIDO,NO_REGISTRA,MOTOCICLETA,18,LESIONADO,HOMBRE,VEH_LIVIANO
2022-09-18 05:04:17,-4.005480,-79.186068,Av. Manuel Agustin Aguirre,CON_LESIONADOS,Choque Vehicular,Equipo de seguridad deficiente,71,LESIONADO,NO_REGISTRA,SCOOTER,58,LESIONADO,MUJER,SCOOTER,,,,
2022-08-18 17:10:30,-4.033036,-79.177341,Ruta 35,CON_FALLECIDOS,Atropellamiento,Via resbaladiza o mojada,54,FALLECIDO,NO_REGISTRA,OTRO,67,LESIONADO,HOMBRE,MOTOCICLETA,,,,
2022-11-14 22:25:01,-4.025460,-79.198277,Av. Reinaldo Espinosa,CON_LESIONADOS,Choque Vehicular,Visibilidad reducida,41,LESIONADO,HOMBRE,CICLISTA,73,LESIONADO,NO_REGISTRA,PEATON,,,,
2022-10-02 00:47:19,-4.031353,-79.197458,Av. Universitaria,SOLO_DANOS,Incendio,Factores externos,,,,,,,,,,,,
2022-12-21 10:08:38,-4.012697,-79.172915,Calle Saraguro,CON_LESIONADOS,Colision Multiple,Mal estado de la via,37,LESIONADO,NO_REGISTRA,VEH_LIVIANO,8,LESIONADO,MUJER,VEH_LIVIANO,63,LESIONADO,MUJER,CICLISTA
2022-11-25 06:45:41,-4.035260,-79.229604,Av. Cuxibamba,CON_LESIONADOS,Choque Vehicular,Equipo de seguridad deficiente,18,LESIONADO,NO_REGISTRA,CICLISTA,,,,,,,,
2022-09-19 00:42:56,-4.025830,-79.225087,Av. Manuel Agustin Aguirre,CON_FALLECIDOS,Incendio,Estado de embriaguez,20,FALLECIDO,NO_REGISTRA,CICLISTA,46,LESIONADO,NO_REGISTRA,PEATON,,,,
2022-10-20 21:41:33,-4.034023,-79.229668,Ruta 35,SOLO_DANOS,Caida,Imprudencia del conductor,,,,,,,,,,,,
2022-12-03 11:00:57,-4.011280,-79.172181,Av. Cuxibamba,CON_LESIONADOS,Incendio,Inobservancia de senales,40,LESIONADO,MUJER,PEATON,58,LESIONADO,MUJER,SCOOTER,77,LESIONADO,MUJER,PEATON
2022-01-26 11:27:51,-4.008362,-79.190575,Via Loja - Zamora,CON_FALLECIDOS,Colision Multiple,Estado de embriaguez,28,FALLECIDO,NO_REGISTRA,OTRO,40,FALLECIDO,NO_REGISTRA,VEH_LIVIANO,,,,
2022-07-04 16:31:09,-4.013595,-79.225874,Calle Sucre,CON_LESIONADOS,Colision Multiple,Imprudencia del conductor,10,LESIONADO,NO_REGISTRA,SCOOTER,23,LESIONADO,HOMBRE,VEH_LIVIANO,,,,
2022-09-18 02:59:09,-4.020633,-79.215876,Calle Azogues,SOLO_DANOS,Choque Vehicular,Estado de embriaguez,,,,,,,,,,,,
2022-04-18 13:56:38,-3.996027,-79.194904,Calle Miguel Riofrio,CON_LESIONADOS,Volcamiento,Imprudencia del conductor,57,LESIONADO,HOMBRE,OTRO,6,LESIONADO,HOMBRE,VEH_LIVIANO,28,LESIONADO,HOMBRE,MOTOCICLETA
2022-03-13 19:49:10,-3.999976,-79.172646,Calle Montufar,CON_FALLECIDOS,Incendio,Via resbaladiza o mojada,19,FALLECIDO,NO_REGISTRA,VEH_LIVIANO,34,FALLECIDO,HOMBRE,OTRO,47,LESIONADO,HOMBRE,PEATON
2022-01-22 01:57:48,-4.014638,-79.209375,Calle Mercadillo,CON_FALLECIDOS,Incendio,Exceso de velocidad,73,FALLECIDO,NO_REGISTRA,CICLISTA,,,,,,,,
2022-11-24 21:37:34,-4.030114,-79.192803,Av. Cuxibamba,CON_FALLECIDOS,Colision Multiple,Exceso de velocidad,64,FALLECIDO,HOMBRE,PEATON,24,LESIONADO,MUJER,CICLISTA,,,,
2022-03-13 22:52:38,-3.993325,-79.203743,Calle 18 de Noviembre,CON_LESIONADOS,Caida,Imprudencia del conductor,14,LESIONADO,NO_REGISTRA,VEH_LIVIANO,41,LESIONADO,MUJER,CICLISTA,32,LESIONADO,NO_REGISTRA,CICLISTA
2022-06-29 11:55:49,-4.019065,-79.176778,Calle 18 de Noviembre,CON_FALLECIDOS,Atropellamiento,Distraccion (celular/radio),51,FALLECIDO,NO_REGISTRA,CICLISTA,50,FALLECIDO,MUJER,SCOOTER,37,LESIONADO,HOMBRE,PEATON
2022-08-03 15:15:31,-3.989109,-79.219967,Calle 18 de Noviembre,SOLO_DANOS,Colision Multiple,Mal estado de la via,,,,,,,,,,,,
2022-11-23 21:47:10,-4.000299,-79.211030,Calle Quito,CON_FALLECIDOS,Volcamiento,Distraccion (celular/radio),75,FALLECIDO,MUJER,MOTOCICLETA,72,FALLECIDO,NO_REGISTRA,CICLISTA,10,LESIONADO,NO_REGISTRA,MOTOCICLETA
2022-08-26 03:12:03,-3.977163,-79.223584,Calle Saraguro,SOLO_DANOS,Incendio,Equipo de seguridad deficiente,,,,,,,,,,,,
2022-06-18 10:18:59,-4.000696,-79.185685,Av. Manuel Agustin Aguirre,SOLO_DANOS,Incendio,Visibilidad reducida,,,,,,,,,,,,
2022-09-10 19:38:50,-4.028431,-79.230702,Calle 10 de Agosto,CON_FALLECIDOS,Caida,Mal estado de la via,18,FALLECIDO,HOMBRE,OTRO,56,LESIONADO,MUJER,SCOOTER,46,LESIONADO,NO_REGISTRA,VEH_LIVIANO
2022-05-06 14:23:16,-3.997086,-79.224556,Av. Pio Jaramillo,SOLO_DANOS,Caida,Exceso de velocidad,,,,,,,,,,,,
2022-03-26 11:17:22,-3.980839,-79.193528,Av. Gran Colombia,CON_LESIONADOS,Accidente Laboral,Mal estado de la via,25,LESIONADO,HOMBRE,SCOOTER,54,LESIONADO,NO_REGISTRA,CICLISTA,,,,
2022-06-18 22:26:10,-4.013196,-79.207823,Av. Gran Colombia,CON_FALLECIDOS,Volcamiento,Factores externos,75,FALLECIDO,HOMBRE,MOTOCICLETA,52,FALLECIDO,MUJER,CICLISTA,60,LESIONADO,HOMBRE,PEATON
2022-10-13 22:14:32,-4.029706,-79.223542,Via Loja - Zamora,CON_LESIONADOS,Colision Multiple,Visibilidad reducida,72,LESIONADO,MUJER,VEH_LIVIANO,51,LESIONADO,HOMBRE,VEH_LIVIANO,28,LESIONADO,HOMBRE,SCOOTER
2022-05-17 21:50:16,-4.014440,-79.188213,Via Loja - Catamayo,SOLO_DANOS,Caida,Inobservancia de senales,,,,,,,,,,,,
2022-10-27 03:00:37,-4.011776,-79.186282,Calle Imbabura,CON_LESIONADOS,Caida,Mal estado de la via,25,LESIONADO,NO_REGISTRA,OTRO,,,,,,,,
2022-08-13 09:49:25,-4.030291,-79.208444,Ruta 35,CON_LESIONADOS,Choque Vehicular,Equipo de seguridad deficiente,44,LESIONADO,MUJER,PEATON,35,LESIONADO,NO_REGISTRA,SCOOTER,61,LESIONADO,NO_REGISTRA,MOTOCICLETA
2022-02-27 07:16:20,-3.996540,-79.224733,Calle 10 de Agosto,SOLO_DANOS,Volcamiento,Factores externos,,,,,,,,,,,,
2022-10-08 09:01:20,-3.983030,-79.204931,Calle Azogues,CON_LESIONADOS,Caida,Mal estado de la via,76,LESIONADO,MUJER,CICLISTA,54,LESIONADO,MUJER,MOTOCICLETA,21,LESIONADO,MUJER,CICLISTA
2022-07-24 14:29:45,-3.999967,-79.196236,Av. Manuel Agustin Aguirre,CON_FALLECIDOS,Volcamiento,Via resbaladiza o mojada,81,FALLECIDO,MUJER,VEH_LIVIANO,58,LESIONADO,HOMBRE,OTRO,28,LESIONADO,HOMBRE,OTRO
2022-04-15 16:35:38,-4.000741,-79.197397,Calle Ramon Borrero,CON_LESIONADOS,Incendio,Equipo de seguridad deficiente,9,LESIONADO,HOMBRE,VEH_LIVIANO,52,LESIONADO,HOMBRE,VEH_LIVIANO,13,LESIONADO,HOMBRE,PEATON
2022-04-04 05:08:45,-4.029932,-79.198893,Calle Ramon Borrero,CON_LESIONADOS,Choque Vehicular,Estado de embriaguez,21,LESIONADO,NO_REGISTRA,OTRO,,,,,,,,
2022-08-17 14:23:20,-3.981595,-79.200785,Calle Ramon Borrero,SOLO_DANOS,Accidente Laboral,Fatiga del conductor,,,,,,,,,,,,
2022-08-30 23:46:09,-3.993390,-79.214152,Calle 10 de Agosto,CON_FALLECIDOS,Colision Multiple,Fatiga del conductor,65,FALLECIDO,HOMBRE,MOTOCICLETA,,,,,,,,
2022-08-04 08:54:20,-3.993338,-79.225482,Ruta 35,SOLO_DANOS,Colision Multiple,Fatiga del conductor,,,,,,,,,,,,
2022-09-12 20:37:18,-4.021254,-79.187742,Av. Universitaria,SOLO_DANOS,Volcamiento,Falla mecanica,,,,,,,,,,,,
2022-03-10 12:04:51,-4.028284,-79.183576,Calle 10 de Agosto,SOLO_DANOS,Atropellamiento,Falla mecanica,,,,,,,,,,,,
2022-06-04 07:19:08,-4.032861,-79.184611,Calle Mercadillo,CON_LESIONADOS,Colision Multiple,Estado de embriaguez,15,LESIONADO,HOMBRE,MOTOCICLETA,74,LESIONADO,HOMBRE,OTRO,62,LESIONADO,HOMBRE,CICLISTA
2022-05-06 23:05:56,-3.987277,-79.225310,Calle 10 de Agosto,CON_LESIONADOS,Atropellamiento,Exceso de velocidad,71,LESIONADO,HOMBRE,MOTOCICLETA,68,LESIONADO,HOMBRE,PEATON,52,LESIONADO,NO_REGISTRA,MOTOCICLETA
2022-12-30 15:40:08,-4.001746,-79.180869,Calle Saraguro,SOLO_DANOS,Volcamiento,Inobservancia de senales,,,,,,,,,,,,
2022-12-12 23:08:51,-4.006658,-79.218646,Av. Universitaria,SOLO_DANOS,Incendio,Factores externos,,,,,,,,,,,,
2022-03-24 13:01:19,-4.011335,-79.192092,Via Loja - Zamora,CON_LESIONADOS,Incendio,Estado de embriaguez,80,LESIONADO,MUJER,OTRO,78,LESIONADO,HOMBRE,CICLISTA,,,,
2022-12-08 17:52:07,-4.019255,-79.192100,Av. Manuel Agustin Aguirre,SOLO_DANOS,Incendio,Visibilidad reducida,,,,,,,,,,,,
2022-02-11 02:31:05,-4.036429,-79.210711,Calle Mercadillo,CON_LESIONADOS,Choque Vehicular,Mal estado de la via,75,LESIONADO,NO_REGISTRA,CICLISTA,20,LESIONADO,MUJER,PEATON,34,LESIONADO,HOMBRE,OTRO
2022-08-13 12:35:55,-4.016403,-79.189293,Via Loja - Catamayo,CON_LESIONADOS,Incendio,Mal estado de la via,41,LESIONADO,NO_REGISTRA,CICLISTA,11,LESIONADO,HOMBRE,PEATON,39,LESIONADO,MUJER,MOTOCICLETA
2022-09-22 13:00:50,-4.021130,-79.185532,Av. Metropolitana,CON_LESIONADOS,Atropellamiento,Factores externos,15,LESIONADO,MUJER,PEATON,,,,,,,,
2022-08-13 17:34:01,-3.986907,-79.226943,Via Loja - Catamayo,CON_FALLECIDOS,Colision Multiple,Via resbaladiza o mojada,61,FALLECIDO,HOMBRE,MOTOCICLETA,83,FALLECIDO,HOMBRE,OTRO,72,LESIONADO,HOMBRE,CICLISTA
2022-10-13 22:47:02,-4.000885,-79.195566,Calle Bolivar,CON_LESIONADOS,Caida,Estado de embriaguez,70,LESIONADO,HOMBRE,CICLISTA,26,LESIONADO,MUJER,MOTOCICLETA,31,LESIONADO,MUJER,SCOOTER
2022-06-29 06:57:48,-4.018034,-79.188134,Av. Reinaldo Espinosa,SOLO_DANOS,Colision Multiple,Mal estado de la via,,,,,,,,,,,,
2022-08-02 08:57:52,-3.994783,-79.171755,Av. Orillas del Zamora,CON_FALLECIDOS,Colision Multiple,Falla mecanica,65,FALLECIDO,HOMBRE,VEH_LIVIANO,75,FALLECIDO,NO_REGISTRA,VEH_LIVIANO,33,LESIONADO,NO_REGISTRA,PEATON
2022-02-04 22:14:46,-4.005654,-79.189311,Av. Rosa Hermosa,CON_LESIONADOS,Choque Vehicular,Factores externos,49,LESIONADO,MUJER,PEATON,33,LESIONADO,MUJER,CICLISTA,,,,
2022-06-05 13:08:44,-4.017530,-79.224973,Av. Pio Jaramillo,CON_LESIONADOS,Volcamiento,Fatiga del conductor,38,LESIONADO,NO_REGISTRA,MOTOCICLETA,,,,,,,,
2022-11-29 12:24:59,-3.985447,-79.176133,Calle 18 de Noviembre,CON_FALLECIDOS,Atropellamiento,Imprudencia del conductor,25,FALLECIDO,NO_REGISTRA,CICLISTA,71,LESIONADO,NO_REGISTRA,SCOOTER,,,,
2022-11-07 21:04:44,-4.031805,-79.184794,Calle 18 de Noviembre,CON_LESIONADOS,Accidente Laboral,Factores externos,32,LESIONADO,HOMBRE,MOTOCICLETA,,,,,,,,
2022-09-22 15:47:40,-3.996056,-79.197272,Calle 10 de Agosto,CON_FALLECIDOS,Volcamiento,Equipo de seguridad deficiente,78,FALLECIDO,MUJER,OTRO,76,LESIONADO,HOMBRE,CICLISTA,,,,
2022-09-23 20:55:27,-4.007534,-79.226428,Ruta 35,CON_FALLECIDOS,Volcamiento,Falla mecanica,28,FALLECIDO,HOMBRE,OTRO,20,FALLECIDO,MUJER,CICLISTA,,,,
2022-12-21 02:51:43,-3.995707,-79.223404,Ruta 35,SOLO_DANOS,Choque Vehicular,Distraccion (celular/radio),,,,,,,,,,,,
2022-01-06 11:41:56,-4.023046,-79.196596,Av. Universitaria,SOLO_DANOS,Volcamiento,Visibilidad reducida,,,,,,,,,,,,
2022-02-21 05:06:26,-4.017082,-79.193531,Av. Isidro Ayora,CON_LESIONADOS,Colision Multiple,Mal estado de la via,39,LESIONADO,HOMBRE,CICLISTA,59,LESIONADO,NO_REGISTRA,OTRO,65,LESIONADO,NO_REGISTRA,SCOOTER
2022-09-30 08:12:34,-4.014075,-79.187813,Via Loja - Zamora,CON_FALLECIDOS,Colision Multiple,Imprudencia del conductor,63,FALLECIDO,HOMBRE,OTRO,27,LESIONADO,MUJER,OTRO,61,LESIONADO,HOMBRE,OTRO
2022-01-03 09:03:12,-4.008420,-79.188884,Via Loja - Zamora,SOLO_DANOS,Incendio,Exceso de velocidad,,,,,,,,,,,,
2022-04-01 01:29:41,-3.986879,-79.173653,Calle Bolivar,SOLO_DANOS,Colision Multiple,Exceso de velocidad,,,,,,,,,,,,
2022-09-09 05:18:39,-4.030339,-79.196010,Av. Pio Jaramillo,CON_FALLECIDOS,Accidente Laboral,Equipo de seguridad deficiente,41,FALLECIDO,HOMBRE,MOTOCICLETA,48,FALLECIDO,NO_REGISTRA,PEATON,,,,
2022-07-04 09:11:15,-3.996097,-79.196085,Via Loja - Catamayo,CON_FALLECIDOS,Colision Multiple,Inobservancia de senales,30,FALLECIDO,MUJER,PEATON,,,,,,,,
2022-06-12 10:15:59,-4.023060,-79.224671,Calle Miguel Riofrio,CON_FALLECIDOS,Atropellamiento,Fatiga del conductor,20,FALLECIDO,MUJER,MOTOCICLETA,43,FALLECIDO,HOMBRE,VEH_LIVIANO,34,LESIONADO,HOMBRE,CICLISTA
2022-04-16 23:34:46,-4.004010,-79.225024,Av. Orillas del Zamora,CON_FALLECIDOS,Colision Multiple,Factores externos,37,FALLECIDO,HOMBRE,SCOOTER,12,LESIONADO,MUJER,CICLISTA,,,,
2022-03-20 04:40:46,-4.019578,-79.230521,Calle 10 de Agosto,CON_LESIONADOS,Caida,Falla mecanica,61,LESIONADO,NO_REGISTRA,CICLISTA,,,,,,,,
2022-10-29 07:24:21,-3.982673,-79.180013,Calle 18 de Noviembre,SOLO_DANOS,Volcamiento,Inobservancia de senales,,,,,,,,,,,,
2022-02-23 09:07:17,-4.010014,-79.187441,Calle Bolivar,CON_FALLECIDOS,Atropellamiento,Distraccion (celular/radio),76,FALLECIDO,MUJER,VEH_LIVIANO,39,LESIONADO,NO_REGISTRA,CICLISTA,52,LESIONADO,MUJER,OTRO
2022-08-01 21:25:29,-4.006046,-79.205531,Calle Mercadillo,CON_LESIONADOS,Volcamiento,Mal estado de la via,31,LESIONADO,MUJER,CICLISTA,69,LESIONADO,HOMBRE,MOTOCICLETA,,,,
2022-07-30 05:58:43,-4.013712,-79.201179,Ruta 35,CON_LESIONADOS,Caida,Falla mecanica,79,LESIONADO,MUJER,PEATON,,,,,,,,
2022-04-20 12:55:19,-4.033944,-79.173968,Calle Mercadillo,CON_FALLECIDOS,Accidente Laboral,Visibilidad reducida,45,FALLECIDO,NO_REGISTRA,MOTOCICLETA,30,FALLECIDO,NO_REGISTRA,OTRO,33,LESIONADO,NO_REGISTRA,CICLISTA
2022-08-10 15:49:36,-4.018361,-79.195638,Calle Ramon Borrero,CON_LESIONADOS,Accidente Laboral,Factores externos,7,LESIONADO,MUJER,MOTOCICLETA,27,LESIONADO,HOMBRE,CICLISTA,7,LESIONADO,MUJER,CICLISTA
2022-09-05 08:42:28,-4.021439,-79.173288,Av. Isidro Ayora,SOLO_DANOS,Colision Multiple,Falla mecanica,,,,,,,,,,,,
2022-07-26 12:16:01,-4.013224,-79.201524,Calle Miguel Riofrio,CON_LESIONADOS,Colision Multiple,Equipo de seguridad deficiente,34,LESIONADO,NO_REGISTRA,CICLISTA,74,LESIONADO,NO_REGISTRA,PEATON,,,,
2022-01-03 02:30:12,-4.003480,-79.208435,Av. Pio Jaramillo,SOLO_DANOS,Atropellamiento,Exceso de velocidad,,,,,,,,,,,,
2022-05-26 20:04:11,-4.025916,-79.197817,Calle Rocafuerte,CON_FALLECIDOS,Choque Vehicular,Estado de embriaguez,80,FALLECIDO,NO_REGISTRA,VEH_LIVIANO,,,,,,,,
2022-03-25 06:18:38,-3.982620,-79.179243,Via Loja - Catamayo,SOLO_DANOS,Accidente Laboral,Equipo de seguridad deficiente,,,,,,,,,,,,
2022-06-14 23:00:33,-4.008766,-79.210048,Calle Imbabura,CON_FALLECIDOS,Colision Multiple,Via resbaladiza o mojada,77,FALLECIDO,HOMBRE,CICLISTA,31,LESIONADO,MUJER,VEH_LIVIANO,30,LESIONADO,NO_REGISTRA,CICLISTA
2022-05-03 12:10:46,-4.010609,-79.230655,Via Loja - Zamora,CON_LESIONADOS,Choque Vehicular,Exceso de velocidad,43,LESIONADO,NO_REGISTRA,MOTOCICLETA,20,LESIONADO,HOMBRE,SCOOTER,56,LESIONADO,HOMBRE,VEH_LIVIANO
2022-02-12 06:46:47,-3.996820,-79.203715,Av. Cuxibamba,CON_FALLECIDOS,Choque Vehicular,Visibilidad reducida,26,FALLECIDO,NO_REGISTRA,MOTOCICLETA,84,FALLECIDO,NO_REGISTRA,PEATON,,,,
2022-08-26 15:32:21,-4.017757,-79.209375,Ruta 35,CON_FALLECIDOS,Atropellamiento,Distraccion (celular/radio),37,FALLECIDO,MUJER,CICLISTA,55,LESIONADO,NO_REGISTRA,VEH_LIVIANO,39,LESIONADO,HOMBRE,CICLISTA
2022-10-23 20:56:08,-3.979066,-79.229799,Calle Miguel Riofrio,SOLO_DANOS,Incendio,Factores externos,,,,,,,,,,,,
2022-03-20 20:27:43,-3.981819,-79.222689,Av. Universitaria,CON_FALLECIDOS,Caida,Estado de embriaguez,20,FALLECIDO,MUJER,VEH_LIVIANO,50,LESIONADO,MUJER,VEH_LIVIANO,55,LESIONADO,MUJER,VEH_LIVIANO
2022-07-03 04:14:09,-4.036788,-79.220985,Calle 10 de Agosto,SOLO_DANOS,Atropellamiento,Falla mecanica,,,,,,,,,,,,
2022-08-02 15:58:14,-4.035511,-79.177778,Av. Metropolitana,SOLO_DANOS,Atropellamiento,Via resbaladiza o mojada,,,,,,,,,,,,
2022-01-11 14:34:14,-3.987321,-79.213262,Calle Quito,SOLO_DANOS,Volcamiento,Mal estado de la via,,,,,,,,,,,,
2022-01-25 03:27:13,-3.980914,-79.224226,Calle Bolivar,CON_FALLECIDOS,Atropellamiento,Inobservancia de senales,34,FALLECIDO,NO_REGISTRA,OTRO,58,LESIONADO,NO_REGISTRA,MOTOCICLETA,57,LESIONADO,NO_REGISTRA,MOTOCICLETA
2022-10-02 07:28:41,-4.028468,-79.216795,Calle Montufar,CON_LESIONADOS,Atropellamiento,Mal estado de la via,46,LESIONADO,HOMBRE,CICLISTA,15,LESIONADO,HOMBRE,VEH_LIVIANO,33,LESIONADO,NO_REGISTRA,MOTOCICLETA
2022-12-19 07:38:15,-3.987606,-79.209884,Calle 18 de Noviembre,CON_FALLECIDOS,Colision Multiple,Falla mecanica,46,FALLECIDO,HOMBRE,VEH_LIVIANO,31,LESIONADO,NO_REGISTRA,PEATON,,,,
2022-02-21 03:18:21,-4.033415,-79.202944,Av. Cuxibamba,CON_LESIONADOS,Volcamiento,Mal estado de la via,15,LESIONADO,HOMBRE,OTRO,35,LESIONADO,MUJER,MOTOCICLETA,31,LESIONADO,MUJER,SCOOTER
2022-06-01 16:07:44,-4.021711,-79.197415,Calle 18 de Noviembre,CON_LESIONADOS,Incendio,Factores externos,12,LESIONADO,HOMBRE,MOTOCICLETA,70,LESIONADO,MUJER,SCOOTER,62,LESIONADO,NO_REGISTRA,MOTOCICLETA
2022-01-21 18:37:46,-4.026246,-79.227765,Av. Cuxibamba,CON_LESIONADOS,Incendio,Inobservancia de senales,51,LESIONADO,MUJER,PEATON,36,LESIONADO,HOMBRE,OTRO,,,,
2022-08-18 00:47:04,-3.995111,-79.176998,Av. 8 de Diciembre,CON_LESIONADOS,Choque Vehicular,Inobservancia de senales,14,LESIONADO,MUJER,PEATON,74,LESIONADO,NO_REGISTRA,VEH_LIVIANO,,,,
2022-11-23 08:29:03,-3.978468,-79.226596,Av. Pio Jaramillo,CON_FALLECIDOS,Volcamiento,Via resbaladiza o mojada,20,FALLECIDO,MUJER,VEH_LIVIANO,47,FALLECIDO,NO_REGISTRA,CICLISTA,15,LESIONADO,MUJER,SCOOTER
2022-05-07 22:06:21,-4.005399,-79.217740,Calle Bolivar,CON_LESIONADOS,Accidente Laboral,Distraccion (celular/radio),30,LESIONADO,MUJER,PEATON,67,LESIONADO,HOMBRE,SCOOTER,8,LESIONADO,HOMBRE,PEATON
2022-04-28 13:25:53,-3.986310,-79.177367,Calle Azogues,SOLO_DANOS,Choque Vehicular,Via resbaladiza o mojada,,,,,,,,,,,,
2022-04-30 12:28:38,-3.985927,-79.173348,Via Loja - Catamayo,CON_FALLECIDOS,Incendio,Distraccion (celular/radio),76,FALLECIDO,HOMBRE,MOTOCICLETA,70,LESIONADO,HOMBRE,SCOOTER,,,,
2022-03-03 10:58:44,-4.025346,-79.192450,Calle Mercadillo,CON_LESIONADOS,Incendio,Exceso de velocidad,19,LESIONADO,MUJER,OTRO,22,LESIONADO,MUJER,MOTOCICLETA,6,LESIONADO,HOMBRE,MOTOCICLETA
2022-08-17 03:42:54,-4.001386,-79.207531,Calle Miguel Riofrio,SOLO_DANOS,Incendio,Distraccion (celular/radio),,,,,,,,,,,,
2022-05-28 23:42:17,-4.033382,-79.185777,Calle Bolivar,CON_LESIONADOS,Caida,Exceso de velocidad,54,LESIONADO,MUJER,OTRO,72,LESIONADO,NO_REGISTRA,MOTOCICLETA,65,LESIONADO,NO_REGISTRA,SCOOTER
2022-07-30 21:00:11,-4.009033,-79.201140,Calle Sucre,SOLO_DANOS,Choque Vehicular,Via resbaladiza o mojada,,,,,,,,,,,,
2022-05-01 20:42:47,-4.002143,-79.173680,Calle 10 de Agosto,CON_FALLECIDOS,Choque Vehicular,Mal estado de la via,38,FALLECIDO,HOMBRE,VEH_LIVIANO,,,,,,,,
2022-07-20 10:37:42,-3.987817,-79.207501,Av. Metropolitana,CON_FALLECIDOS,Atropellamiento,Falla mecanica,28,FALLECIDO,NO_REGISTRA,VEH_LIVIANO,15,LESIONADO,MUJER,OTRO,,,,
2022-03-04 16:35:44,-4.000066,-79.224347,Calle Bolivar,SOLO_DANOS,Choque Vehicular,Visibilidad reducida,,,,,,,,,,,,
2022-08-06 02:48:51,-4.011253,-79.214532,Calle Azogues,CON_LESIONADOS,Colision Multiple,Falla mecanica,78,LESIONADO,NO_REGISTRA,SCOOTER,,,,,,,,
2022-08-08 23:51:47,-4.021588,-79.205065,Calle Sucre,SOLO_DANOS,Volcamiento,Imprudencia del conductor,,,,,,,,,,,,
2022-09-11 06:06:25,-4.000145,-79.189714,Av. Orillas del Zamora,CON_FALLECIDOS,Choque Vehicular,Mal estado de la via,28,FALLECIDO,NO_REGISTRA,OTRO,,,,,,,,