fecha_hora,latitud,longitud,via,grado_severidad,tipo_siniestro,causa_probable,victima1_edad,victima1_condicion,victima1_sexo,victima1_actor_vial,victima2_edad,victima2_condicion,victima2_sexo,victima2_actor_vial,victima3_edad,victima3_condicion,victima3_sexo,victima3_actor_vial
2022-11-10 23:28:28,-4.000880,-79.195165,Av. Orillas del Zamora,CON_FALLECIDOS,Volcamiento,Falla mecanica,43,FALLECIDO,HOMBRE,PEATON,,,,,,,,
2022-02-27 08:39:53,-4.023597,-79.177065,Via Loja - Zamora,SOLO_DANOS,Atropellamiento,Exceso de velocidad,,,,,,,,,,,,
2022-02-20 11:54:40,-3.990631,-79.201353,Calle Azogues,SOLO_DANOS,Atropellamiento,Mal estado de la via,,,,,,,,,,,,
2022-08-23 01:38:55,-4.034776,-79.197375,Calle Montufar,CON_LESIONADOS,Colision Multiple,Falla mecanica,25,LESIONADO,HOMBRE,CICLISTA,28,LESIONADO,HOMBRE,MOTOCICLETA,,,,
2022-08-02 12:29:54,-3.979330,-79.177425,Av. Gran Colombia,CON_FALLECIDOS,Choque Vehicular,Falla mecanica,77,FALLECIDO,MUJER,VEH_LIVIANO,32,LESIONADO,HOMBRE,PEATON,,,,
2022-07-07 09:27:54,-3.984779,-79.201905,Av. Gran Colombia,SOLO_DANOS,Incendio,Exceso de velocidad,49,LESIONADO,NO_REGISTRA,MOTOCICLETA,,,,,,,,
2022-08-22 11:05:29,-4.013756,-79.194159,Calle Imbabura,SOLO_DANOS,Volcamiento,Fatiga del conductor,,,,,,,,,,,,
2022-06-03 02:16:48,-4.031103,-79.174017,Calle Sucre,SOLO_DANOS,Colision Multiple,Exceso de velocidad,68,LESIONADO,MUJER,OTRO,,,,,,,,
2022-10-17 09:17:02,-4.001367,-79.173954,Av. Manuel Agustin Aguirre,CON_LESIONADOS,Volcamiento,Imprudencia del conductor,36,LESIONADO,NO_REGISTRA,OTRO,51,LESIONADO,HOMBRE,CICLISTA,13,LESIONADO,HOMBRE,OTRO
2022-05-18 12:29:26,-4.017229,-79.195881,Calle Rocafuerte,CON_FALLECIDOS,Incendio,Imprudencia del conductor,51,FALLECIDO,HOMBRE,MOTOCICLETA,24,FALLECIDO,HOMBRE,VEH_LIVIANO,27,LESIONADO,MUJER,VEH_LIVIANO
2022-10-05 17:00:51,-4.012638,-79.185158,Via Loja - Catamayo,CON_LESIONADOS,Atropellamiento,Visibilidad reducida,60,LESIONADO,HOMBRE,VEH_LIVIANO,,,,,,,,
2022-06-01 01:02:15,-3.985537,-79.183165,Calle Colon,CON_FALLECIDOS,Volcamiento,Inobservancia de senales,32,FALLECIDO,NO_REGISTRA,PEATON,46,LESIONADO,MUJER,OTRO,22,LESIONADO,MUJER,VEH_LIVIANO
2022-04-01 01:36:00,-4.036838,-79.204556,Calle Ramon Borrero,SOLO_DANOS,Colision Multiple,Fatiga del conductor,,,,,,,,,,,,
2022-11-22 17:47:33,-4.026696,-79.206908,Calle 10 de Agosto,CON_LESIONADOS,Colision Multiple,Factores externos,41,LESIONADO,MUJER,PEATON,,,,,,,,
2022-05-01 17:49:11,-4.006148,-79.176143,Calle Sucre,SOLO_DANOS,Atropellamiento,Exceso de velocidad,,,,,,,,,,,,
2022-10-06 15:43:19,-3.996001,-79.194232,Calle Rocafuerte,SOLO_DANOS,Volcamiento,Factores externos,,,,,,,,,,,,
2022-01-24 01:29:22,-4.014340,-79.215665,Av. Pio Jaramillo,CON_LESIONADOS,Atropellamiento,Visibilidad reducida,16,LESIONADO,HOMBRE,OTRO,,,,,,,,
2022-08-25 17:03:34,-4.025053,-79.181386,Calle Montufar,SOLO_DANOS,Accidente Laboral,Falla mecanica,,,,,,,,,,,,
2022-08-28 14:24:20,-3.982963,-79.201534,Calle 10 de Agosto,CON_FALLECIDOS,Accidente Laboral,Equipo de seguridad deficiente,33,FALLECIDO,HOMBRE,PEATON,57,FALLECIDO,MUJER,VEH_LIVIANO,79,LESIONADO,NO_REGISTRA,CICLISTA
2022-01-14 14:03:14,-4.002371,-79.224416,Calle Imbabura,CON_LESIONADOS,Choque Vehicular,Factores externos,79,LESIONADO,NO_REGISTRA,SCOOTER,68,LESIONADO,HOMBRE,PEATON,12,LESIONADO,NO_REGISTRA,MOTOCICLETA
2022-10-31 19:40:36,-3.983460,-79.178362,Av. Manuel Agustin Aguirre,CON_FALLECIDOS,Choque Vehicular,Fatiga del conductor,53,FALLECIDO,HOMBRE,VEH_LIVIANO,67,FALLECIDO,MUJER,PEATON,,,,
2022-11-25 14:11:16,-4.002224,-79.192538,Calle Ramon Borrero,CON_LESIONADOS,Colision Multiple,Distraccion (celular/radio),37,LESIONADO,HOMBRE,CICLISTA,,,,,,,,
2022-02-13 10:42:31,-4.011002,-79.189719,Calle Quito,CON_FALLECIDOS,Atropellamiento,Estado de embriaguez,18,FALLECIDO,HOMBRE,PEATON,18,FALLECIDO,HOMBRE,PEATON,,,,
2022-04-17 13:04:00,-3.998362,-79.208500,Av. Universitaria,CON_FALLECIDOS,Colision Multiple,Falla mecanica,66,FALLECIDO,HOMBRE,SCOOTER,76,FALLECIDO,HOMBRE,PEATON,,,,
2022-12-15 09:12:03,-4.011351,-79.216362,Av. Universitaria,CON_FALLECIDOS,Caida,Fatiga del conductor,50,FALLECIDO,NO_REGISTRA,SCOOTER,,,,,,,,
2022-11-30 08:48:52,-3.998907,-79.196158,Calle Quito,CON_LESIONADOS,Colision Multiple,Fatiga del conductor,5,LESIONADO,HOMBRE,SCOOTER,8,LESIONADO,NO_REGISTRA,CICLISTA,37,LESIONADO,NO_REGISTRA,CICLISTA
2022-12-05 00:07:07,-3.991195,-79.183146,Av. Universitaria,SOLO_DANOS,Atropellamiento,Mal estado de la via,,,,,,,,,,,,
2022-04-19 11:13:01,-4.033863,-79.200649,Ruta 35,CON_LESIONADOS,Incendio,Falla mecanica,64,LESIONADO,MUJER,MOTOCICLETA,,,,,,,,
2022-07-17 11:58:41,-3.996358,-79.184621,Av. Manuel Agustin Aguirre,SOLO_DANOS,Atropellamiento,Equipo de seguridad deficiente,,,,,,,,,,,,
2022-10-24 08:02:45,-4.016991,-79.226794,Av. 8 de Diciembre,CON_LESIONADOS,Caida,Via resbaladiza o mojada,33,LESIONADO,HOMBRE,SCOOTER,,,,,,,,
2022-07-05 20:11:24,-4.018933,-79.224628,Av. Universitaria,CON_LESIONADOS,Accidente Laboral,Factores externos,14,LESIONADO,HOMBRE,PEATON,32,LESIONADO,HOMBRE,CICLISTA,,,,
2022-02-15 23:12:16,-4.001057,-79.179970,Av. Manuel Agustin Aguirre,SOLO_DANOS,Caida,Exceso de velocidad,,,,,,,,,,,,
2022-01-18 18:01:35,-3.991857,-79.204239,Av. Rosa Hermosa,SOLO_DANOS,Atropellamiento,Equipo de seguridad deficiente,,,,,,,,,,,,
2022-08-13 20:00:00,-4.023319,-79.191774,Via Loja - Zamora,CON_FALLECIDOS,Incendio,Distraccion (celular/radio),54,FALLECIDO,MUJER,VEH_LIVIANO,28,FALLECIDO,NO_REGISTRA,PEATON,,,,
2022-05-31 11:21:57,-4.030980,-79.210472,Av. Rosa Hermosa,CON_FALLECIDOS,Colision Multiple,Mal estado de la via,71,FALLECIDO,NO_REGISTRA,MOTOCICLETA,68,FALLECIDO,HOMBRE,VEH_LIVIANO,78,LESIONADO,MUJER,CICLISTA
2022-01-22 18:59:04,-4.036593,-79.210131,Av. Pio Jaramillo,CON_LESIONADOS,Atropellamiento,Factores externos,47,LESIONADO,NO_REGISTRA,CICLISTA,59,LESIONADO,NO_REGISTRA,SCOOTER,64,LESIONADO,NO_REGISTRA,OTRO
2022-10-19 22:31:19,-4.002761,-79.175409,Calle 18 de Noviembre,CON_LESIONADOS,Incendio,Distraccion (celular/radio),8,LESIONADO,MUJER,MOTOCICLETA,33,LESIONADO,NO_REGISTRA,SCOOTER,,,,
2022-09-28 00:52:19,-4.017350,-79.194671,Calle Miguel Riofrio,CON_FALLECIDOS,Colision Multiple,Estado de embriaguez,30,FALLECIDO,NO_REGISTRA,SCOOTER,35,FALLECIDO,NO_REGISTRA,MOTOCICLETA,75,LESIONADO,MUJER,VEH_LIVIANO
2022-01-02 23:13:30,-4.006500,-79.205857,Calle Ramon Borrero,CON_FALLECIDOS,Caida,Visibilidad reducida,19,FALLECIDO,NO_REGISTRA,OTRO,27,FALLECIDO,HOMBRE,SCOOTER,5,LESIONADO,HOMBRE,MOTOCICLETA
2022-10-07 16:11:51,-4.019725,-79.222240,Calle Saraguro,CON_FALLECIDOS,Volcamiento,Exceso de velocidad,76,FALLECIDO,NO_REGISTRA,MOTOCICLETA,57,FALLECIDO,NO_REGISTRA,SCOOTER,,,,
2022-04-15 23:16:25,-3.977527,-79.183201,Calle Quito,SOLO_DANOS,Colision Multiple,Inobservancia de senales,,,,,,,,,,,,
2022-05-03 01:21:03,-4.025770,-79.188752,Calle Rocafuerte,SOLO_DANOS,Choque Vehicular,Exceso de velocidad,,,,,,,,,,,,
2022-01-31 21:08:57,-3.978802,-79.174392,Calle Ramon Borrero,CON_FALLECIDOS,Colision Multiple,Exceso de velocidad,47,FALLECIDO,MUJER,VEH_LIVIANO,83,FALLECIDO,MUJER,VEH_LIVIANO,52,LESIONADO,HOMBRE,SCOOTER
2022-04-03 22:02:43,-4.029755,-79.190292,Calle Colon,SOLO_DANOS,Caida,Mal estado de la via,,,,,,,,,,,,
2022-12-16 16:09:11,-4.006092,-79.200589,Av. Universitaria,CON_LESIONADOS,Accidente Laboral,Distraccion (celular/radio),73,LESIONADO,NO_REGISTRA,MOTOCICLETA,35,LESIONADO,MUJER,SCOOTER,,,,
2022-02-20 22:05:08,-4.035471,-79.186763,Av. Isidro Ayora,CON_LESIONADOS,Accidente Laboral,Fatiga del conductor,77,LESIONADO,NO_REGISTRA,PEATON,12,LESIONADO,MUJER,VEH_LIVIANO,13,LESIONADO,HOMBRE,CICLISTA
2022-11-08 10:57:00,-3.992084,-79.226958,Av. Manuel Agustin Aguirre,CON_FALLECIDOS,Atropellamiento,Exceso de velocidad,80,FALLECIDO,MUJER,PEATON,,,,,,,,
2022-07-10 20:13:32,-3.979082,-79.178765,Calle Miguel Riofrio,CON_FALLECIDOS,Accidente Laboral,Fatiga del conductor,33,FALLECIDO,MUJER,CICLISTA,,,,,,,,
2022-05-26 10:27:02,-4.012066,-79.227221,Calle 18 de Noviembre,SOLO_DANOS,Incendio,Falla mecanica,9,LESIONADO,MUJER,MOTOCICLETA,,,,,,,,
2022-01-02 17:05:09,-4.015257,-79.201825,Av. Isidro Ayora,CON_FALLECIDOS,Choque Vehicular,Factores externos,68,FALLECIDO,MUJER,CICLISTA,50,LESIONADO,MUJER,CICLISTA,12,LESIONADO,NO_REGISTRA,VEH_LIVIANO
2022-08-11 02:12:21,-3.998162,-79.218268,Calle Mercadillo,CON_LESIONADOS,Volcamiento,Exceso de velocidad,32,LESIONADO,NO_REGISTRA,VEH_LIVIANO,24,LESIONADO,HOMBRE,VEH_LIVIANO,13,LESIONADO,NO_REGISTRA,MOTOCICLETA
2022-09-30 12:08:03,-4.001063,-79.194376,Calle Sucre,SOLO_DANOS,Volcamiento,Visibilidad reducida,,,,,,,,,,,,
2022-11-12 12:04:16,-3.995979,-79.193008,Av. Reinaldo Espinosa,CON_FALLECIDOS,Colision Multiple,Imprudencia del conductor,59,FALLECIDO,HOMBRE,CICLISTA,,,,,,,,
2022-06-17 06:50:22,-4.008090,-79.213505,Av. Rosa Hermosa,SOLO_DANOS,Accidente Laboral,Visibilidad reducida,,,,,,,,,,,,
2022-12-06 10:11:39,-4.002213,-79.214121,Av. Metropolitana,CON_LESIONADOS,Volcamiento,Distraccion (celular/radio),41,LESIONADO,NO_REGISTRA,PEATON,70,LESIONADO,HOMBRE,SCOOTER,42,LESIONADO,HOMBRE,OTRO
2022-02-08 12:14:05,-4.028673,-79.189844,Av. Gran Colombia,SOLO_DANOS,Choque Vehicular,Via resbaladiza o mojada,34,LESIONADO,MUJER,MOTOCICLETA,,,,,,,,
2022-03-17 11:54:01,-4.003960,-79.204981,Av. 8 de Diciembre,CON_FALLECIDOS,Colision Multiple,Falla mecanica,43,FALLECIDO,MUJER,SCOOTER,72,FALLECIDO,HOMBRE,VEH_LIVIANO,,,,
2022-06-03 17:08:00,-4.010361,-79.199659,Av. Pio Jaramillo,SOLO_DANOS,Accidente Laboral,Distraccion (celular/radio),,,,,,,,,,,,
2022-03-15 00:55:55,-4.002532,-79.213547,Calle Sucre,CON_LESIONADOS,Volcamiento,Visibilidad reducida,70,LESIONADO,HOMBRE,MOTOCICLETA,47,LESIONADO,NO_REGISTRA,VEH_LIVIANO,32,LESIONADO,HOMBRE,CICLISTA
2022-06-20 05:28:46,-4.017871,-79.194932,Calle 10 de Agosto,CON_FALLECIDOS,Atropellamiento,Visibilidad reducida,26,FALLECIDO,NO_REGISTRA,PEATON,,,,,,,,
2022-09-24 05:25:52,-3.997660,-79.177655,Av. Orillas del Zamora,CON_FALLECIDOS,Caida,Distraccion (celular/radio),47,FALLECIDO,MUJER,PEATON,38,FALLECIDO,NO_REGISTRA,CICLISTA,52,LESIONADO,HOMBRE,PEATON
2022-01-16 21:28:31,-3.979369,-79.191760,Calle Azogues,CON_FALLECIDOS,Atropellamiento,Distraccion (celular/radio),47,FALLECIDO,NO_REGISTRA,MOTOCICLETA,9,LESIONADO,HOMBRE,CICLISTA,,,,
2022-02-13 23:03:14,-4.029325,-79.214998,Calle Colon,CON_LESIONADOS,Atropellamiento,Factores externos,23,LESIONADO,HOMBRE,MOTOCICLETA,24,LESIONADO,HOMBRE,OTRO,,,,
2022-09-25 14:17:58,-3.987142,-79.200650,Av. Manuel Agustin Aguirre,CON_FALLECIDOS,Incendio,Mal estado de la via,50,FALLECIDO,HOMBRE,OTRO,83,FALLECIDO,HOMBRE,OTRO,,,,
2022-08-02 11:45:35,-3.989444,-79.230832,Av. Gran Colombia,CON_FALLECIDOS,Choque Vehicular,Equipo de seguridad deficiente,35,FALLECIDO,HOMBRE,VEH_LIVIANO,55,FALLECIDO,MUJER,PEATON,58,LESIONADO,MUJER,SCOOTER
2022-06-05 19:03:03,-4.008619,-79.221719,Calle 18 de Noviembre,CON_FALLECIDOS,Atropellamiento,Equipo de seguridad deficiente,77,FALLECIDO,NO_REGISTRA,MOTOCICLETA,13,LESIONADO,NO_REGISTRA,MOTOCICLETA,73,LESIONADO,HOMBRE,SCOOTER
2022-03-11 20:11:46,-4.018077,-79.214696,Calle Mercadillo,SOLO_DANOS,Atropellamiento,Distraccion (celular/radio),,,,,,,,,,,,
2022-03-15 02:41:34,-4.032804,-79.180639,Via Loja - Catamayo,CON_FALLECIDOS,Accidente Laboral,Visibilidad reducida,79,FALLECIDO,HOMBRE,VEH_LIVIANO,54,LESIONADO,MUJER,MOTOCICLETA,,,,
2022-11-26 08:29:29,-4.007748,-79.212068,Calle Mercadillo,CON_LESIONADOS,Incendio,Visibilidad reducida,34,LESIONADO,NO_REGISTRA,MOTOCICLETA,32,LESIONADO,HOMBRE,PEATON,,,,
2022-09-15 06:32:15,-4.035665,-79.198594,Av. Manuel Agustin Aguirre,SOLO_DANOS,Volcamiento,Distraccion (celular/radio),53,LESIONADO,NO_REGISTRA,PEATON,,,,,,,,
2022-01-20 03:28:43,-4.030399,-79.215786,Av. Cuxibamba,CON_FALLECIDOS,Caida,Visibilidad reducida,21,FALLECIDO,MUJER,OTRO,26,FALLECIDO,MUJER,MOTOCICLETA,,,,
2022-12-21 14:17:03,-4.008785,-79.225155,Av. Isidro Ayora,CON_FALLECIDOS,Volcamiento,Imprudencia del conductor,37,FALLECIDO,MUJER,VEH_LIVIANO,51,LESIONADO,MUJER,OTRO,,,,
2022-06-26 08:25:06,-4.034321,-79.186378,Av. Orillas del Zamora,SOLO_DANOS,Choque Vehicular,Equipo de seguridad deficiente,,,,,,,,,,,,
2022-09-20 13:01:11,-4.034876,-79.227147,Av. 8 de Diciembre,SOLO_DANOS,Colision Multiple,Visibilidad reducida,,,,,,,,,,,,
2022-03-16 13:13:52,-3.983129,-79.227767,Av. 8 de Diciembre,SOLO_DANOS,Accidente Laboral,Factores externos,,,,,,,,,,,,
2022-09-21 13:40:47,-4.013301,-79.220618,Av. Orillas del Zamora,SOLO_DANOS,Accidente Laboral,Imprudencia del conductor,,,,,,,,,,,,
2022-08-12 12:48:01,-4.016586,-79.194267,Av. Reinaldo Espinosa,CON_LESIONADOS,Caida,Fatiga del conductor,31,LESIONADO,HOMBRE,CICLISTA,61,LESIONADO,HOMBRE,MOTOCICLETA,,,,
2022-03-02 13:53:13,-3.988491,-79.202564,Calle Sucre,SOLO_DANOS,Atropellamiento,Inobservancia de senales,,,,,,,,,,,,
2022-12-21 15:21:23,-4.019061,-79.200950,Ruta 35,SOLO_DANOS,Accidente Laboral,Fatiga del conductor,,,,,,,,,,,,
2022-02-01 05:23:56,-4.031750,-79.197422,Calle Ramon Borrero,CON_LESIONADOS,Accidente Laboral,Equipo de seguridad deficiente,41,LESIONADO,HOMBRE,OTRO,43,LESIONADO,HOMBRE,MOTOCICLETA,6,LESIONADO,MUJER,OTRO
2022-02-07 16:17:06,-4.017522,-79.178988,Calle Colon,CON_LESIONADOS,Atropellamiento,Inobservancia de senales,22,LESIONADO,MUJER,SCOOTER,,,,,,,,
2022-08-05 16:52:21,-4.017280,-79.210008,Ruta 35,SOLO_DANOS,Caida,Exceso de velocidad,38,LESIONADO,HOMBRE,CICLISTA,,,,,,,,
2022-06-19 16:13:00,-3.997669,-79.205935,Ruta 35,SOLO_DANOS,Caida,Inobservancia de senales,,,,,,,,,,,,
2022-03-27 19:43:50,-4.013396,-79.199634,Via Loja - Zamora,CON_LESIONADOS,Accidente Laboral,Falla mecanica,18,LESIONADO,HOMBRE,VEH_LIVIANO,42,LESIONADO,HOMBRE,CICLISTA,,,,
2022-02-15 00:51:01,-4.008469,-79.201456,Via Loja - Zamora,CON_LESIONADOS,Volcamiento,Equipo de seguridad deficiente,40,LESIONADO,NO_REGISTRA,CICLISTA,79,LESIONADO,NO_REGISTRA,MOTOCICLETA,55,LESIONADO,NO_REGISTRA,VEH_LIVIANO
2022-01-08 21:27:59,-4.025075,-79.181681,Calle Quito,CON_LESIONADOS,Choque Vehicular,Inobservancia de senales,11,LESIONADO,HOMBRE,VEH_LIVIANO,70,LESIONADO,HOMBRE,PEATON,,,,
2022-01-22 21:35:49,-4.007800,-79.173123,Calle 10 de Agosto,CON_FALLECIDOS,Atropellamiento,Via resbaladiza o mojada,28,FALLECIDO,HOMBRE,MOTOCICLETA,,,,,,,,
2022-02-09 14:35:23,-4.025397,-79.181534,Av. Gran Colombia,CON_FALLECIDOS,Accidente Laboral,Distraccion (celular/radio),82,FALLECIDO,NO_REGISTRA,VEH_LIVIANO,39,FALLECIDO,MUJER,CICLISTA,76,LESIONADO,HOMBRE,PEATON
2022-06-16 13:51:06,-4.027582,-79.223690,Av. Manuel Agustin Aguirre,SOLO_DANOS,Incendio,Equipo de seguridad deficiente,,,,,,,,,,,,
2022-11-28 11:39:25,-4.000609,-79.204929,Calle 18 de Noviembre,SOLO_DANOS,Incendio,Estado de embriaguez,,,,,,,,,,,,
2022-06-23 09:32:52,-4.035642,-79.174934,Calle Colon,CON_FALLECIDOS,Colision Multiple,Inobservancia de senales,40,FALLECIDO,HOMBRE,VEH_LIVIANO,17,LESIONADO,MUJER,CICLISTA,51,LESIONADO,MUJER,OTRO
2022-09-17 20:45:12,-4.026399,-79.201258,Via Loja - Catamayo,CON_FALLECIDOS,Volcamiento,Equipo de seguridad deficiente,68,FALLECIDO,HOMBRE,VEH_LIVIANO,40,FALLECIDO,MUJER,OTRO,31,LESIONADO,MUJER,MOTOCICLETA
2022-08-02 00:31:45,-4.009159,-79.200226,Via Loja - Zamora,SOLO_DANOS,Atropellamiento,Via resbaladiza o mojada,,,,,,,,,,,,
2022-07-22 06:37:17,-3.978322,-79.202810,Av. Cuxibamba,CON_LESIONADOS,Atropellamiento,Falla mecanica,77,LESIONADO,NO_REGISTRA,VEH_LIVIANO,46,LESIONADO,HOMBRE,PEATON,,,,
2022-05-21 11:37:43,-3.988903,-79.218924,Calle 18 de Noviembre,CON_LESIONADOS,Atropellamiento,Mal estado de la via,17,LESIONADO,HOMBRE,VEH_LIVIANO,66,LESIONADO,HOMBRE,CICLISTA,,,,
2022-02-05 14:59:10,-4.025750,-79.218298,Calle 10 de Agosto,CON_FALLECIDOS,Incendio,Equipo de seguridad deficiente,56,FALLECIDO,NO_REGISTRA,SCOOTER,45,LESIONADO,MUJER,MOTOCICLETA,79,LESIONADO,HOMBRE,PEATON
2022-10-03 01:05:37,-4.026648,-79.212368,Av. Gran Colombia,CON_LESIONADOS,Volcamiento,Visibilidad reducida,52,LESIONADO,HOMBRE,PEATON,40,LESIONADO,MUJER,CICLISTA,41,LESIONADO,MUJER,MOTOCICLETA
2022-05-04 15:22:44,-3.994717,-79.209241,Av. Cuxibamba,CON_FALLECIDOS,Colision Multiple,Imprudencia del conductor,68,FALLECIDO,HOMBRE,CICLISTA,,,,,,,,
2022-07-01 15:14:28,-3.988545,-79.192739,Calle Imbabura,CON_FALLECIDOS,Caida,Inobservancia de senales,43,FALLECIDO,MUJER,CICLISTA,83,FALLECIDO,NO_REGISTRA,VEH_LIVIANO,,,,
2022-10-12 08:56:54,-4.028791,-79.201002,Av. Cuxibamba,SOLO_DANOS,Colision Multiple,Exceso de velocidad,,,,,,,,,,,,
2022-02-11 21:43:15,-4.013882,-79.173469,Av. Reinaldo Espinosa,CON_FALLECIDOS,Colision Multiple,Visibilidad reducida,68,FALLECIDO,NO_REGISTRA,PEATON,39,FALLECIDO,MUJER,CICLISTA,,,,
2022-10-30 03:10:44,-3.990151,-79.189789,Via Loja - Catamayo,CON_FALLECIDOS,Colision Multiple,Fatiga del conductor,30,FALLECIDO,MUJER,SCOOTER,83,FALLECIDO,HOMBRE,PEATON,66,LESIONADO,HOMBRE,PEATON
2022-05-14 10:20:57,-3.982085,-79.212696,Calle Miguel Riofrio,CON_LESIONADOS,Accidente Laboral,Falla mecanica,7,LESIONADO,HOMBRE,PEATON,24,LESIONADO,MUJER,CICLISTA,70,LESIONADO,MUJER,OTRO
2022-09-12 03:18:47,-3.998891,-79.180411,Calle Saraguro,SOLO_DANOS,Choque Vehicular,Distraccion (celular/radio),,,,,,,,,,,,
2022-05-10 17:02:54,-4.011754,-79.175587,Av. Cuxibamba,CON_FALLECIDOS,Choque Vehicular,Distraccion (celular/radio),24,FALLECIDO,MUJER,PEATON,12,LESIONADO,HOMBRE,CICLISTA,,,,
2022-04-19 06:28:25,-3.999141,-79.197572,Av. Reinaldo Espinosa,CON_FALLECIDOS,Colision Multiple,Fatiga del conductor,22,FALLECIDO,NO_REGISTRA,OTRO,79,FALLECIDO,HOMBRE,SCOOTER,64,LESIONADO,HOMBRE,VEH_LIVIANO
2022-11-12 09:51:01,-4.004704,-79.213260,Calle Azogues,CON_FALLECIDOS,Volcamiento,Estado de embriaguez,63,FALLECIDO,MUJER,OTRO,49,FALLECIDO,NO_REGISTRA,CICLISTA,,,,
2022-04-09 23:44:17,-4.002018,-79.200584,Via Loja - Catamayo,CON_LESIONADOS,Accidente Laboral,Visibilidad reducida,44,LESIONADO,NO_REGISTRA,MOTOCICLETA,,,,,,,,
2022-08-07 15:58:33,-4.023570,-79.177857,Av. Manuel Agustin Aguirre,CON_FALLECIDOS,Atropellamiento,Distraccion (celular/radio),52,FALLECIDO,MUJER,CICLISTA,83,FALLECIDO,NO_REGISTRA,VEH_LIVIANO,,,,
2022-07-18 08:12:11,-3.982480,-79.198000,Av. Orillas del Zamora,CON_FALLECIDOS,Atropellamiento,Mal estado de la via,51,FALLECIDO,HOMBRE,PEATON,76,FALLECIDO,NO_REGISTRA,VEH_LIVIANO,,,,
2022-01-30 01:31:22,-3.989226,-79.183983,Calle Bolivar,CON_LESIONADOS,Choque Vehicular,Estado de embriaguez,37,LESIONADO,MUJER,MOTOCICLETA,80,LESIONADO,MUJER,CICLISTA,,,,
2022-03-17 00:38:17,-3.977376,-79.230279,Calle Azogues,CON_LESIONADOS,Colision Multiple,Visibilidad reducida,78,LESIONADO,NO_REGISTRA,CICLISTA,38,LESIONADO,NO_REGISTRA,CICLISTA,,,,
2022-06-02 09:14:22,-4.021065,-79.217483,Calle 18 de Noviembre,SOLO_DANOS,Accidente Laboral,Factores externos,,,,,,,,,,,,
2022-03-17 13:43:29,-4.008420,-79.219451,Calle Imbabura,CON_LESIONADOS,Atropellamiento,Equipo de seguridad deficiente,28,LESIONADO,NO_REGISTRA,PEATON,39,LESIONADO,HOMBRE,OTRO,74,LESIONADO,NO_REGISTRA,OTRO
2022-09-01 03:27:22,-3.978975,-79.182832,Calle Quito,CON_FALLECIDOS,Incendio,Mal estado de la via,82,FALLECIDO,NO_REGISTRA,CICLISTA,65,FALLECIDO,MUJER,CICLISTA,41,LESIONADO,HOMBRE,MOTOCICLETA
2022-11-15 11:20:11,-3.991677,-79.214395,Calle Imbabura,SOLO_DANOS,Accidente Laboral,Via resbaladiza o mojada,,,,,,,,,,,,
2022-12-09 09:37:33,-4.022946,-79.196849,Calle Rocafuerte,CON_LESIONADOS,Atropellamiento,Via resbaladiza o mojada,5,LESIONADO,HOMBRE,SCOOTER,,,,,,,,
2022-01-01 07:48:26,-4.032382,-79.195576,Av. Orillas del Zamora,CON_FALLECIDOS,Colision Multiple,Mal estado de la via,77,FALLECIDO,NO_REGISTRA,CICLISTA,54,FALLECIDO,NO_REGISTRA,CICLISTA,,,,
2022-04-29 02:08:02,-4.005746,-79.223986,Av. Rosa Hermosa,SOLO_DANOS,Caida,Factores externos,,,,,,,,,,,,
2022-01-23 10:18:07,-3.979378,-79.214001,Calle Azogues,SOLO_DANOS,Choque Vehicular,Exceso de velocidad,,,,,,,,,,,,
2022-01-01 15:10:47,-4.024647,-79.203189,Calle Quito,CON_FALLECIDOS,Volcamiento,Via resbaladiza o mojada,22,FALLECIDO,HOMBRE,SCOOTER,57,FALLECIDO,HOMBRE,OTRO,12,LESIONADO,NO_REGISTRA,VEH_LIVIANO
2022-02-03 13:47:02,-4.007686,-79.209092,Calle Ramon Borrero,CON_LESIONADOS,Accidente Laboral,Visibilidad reducida,49,LESIONADO,NO_REGISTRA,VEH_LIVIANO,77,LESIONADO,NO_REGISTRA,OTRO,,,,
2022-11-25 12:07:22,-4.000525,-79.219162,Calle 18 de Noviembre,CON_FALLECIDOS,Volcamiento,Exceso de velocidad,53,FALLECIDO,MUJER,PEATON,61,FALLECIDO,HOMBRE,SCOOTER,51,LESIONADO,HOMBRE,SCOOTER
2022-05-19 17:13:36,-4.013904,-79.216377,Calle 10 de Agosto,SOLO_DANOS,Volcamiento,Distraccion (celular/radio),,,,,,,,,,,,
2022-04-01 08:56:01,-4.009039,-79.221886,Calle 18 de Noviembre,SOLO_DANOS,Atropellamiento,Distraccion (celular/radio),,,,,,,,,,,,
2022-10-28 01:21:40,-3.996399,-79.203950,Av. Orillas del Zamora,SOLO_DANOS,Atropellamiento,Imprudencia del conductor,,,,,,,,,,,,
2022-10-25 08:50:16,-4.014369,-79.198015,Av. 8 de Diciembre,CON_FALLECIDOS,Volcamiento,Distraccion (celular/radio),26,FALLECIDO,MUJER,PEATON,11,LESIONADO,MUJER,OTRO,69,LESIONADO,NO_REGISTRA,VEH_LIVIANO
2022-05-08 02:38:09,-4.008587,-79.208819,Calle Mercadillo,CON_FALLECIDOS,Colision Multiple,Equipo de seguridad deficiente,29,FALLECIDO,HOMBRE,SCOOTER,76,LESIONADO,MUJER,PEATON,,,,