fecha_hora,latitud,longitud,via,grado_severidad,tipo_siniestro,causa_probable,victima1_edad,victima1_condicion,victima1_sexo,victima1_actor_vial,victima2_edad,victima2_condicion,victima2_sexo,victima2_actor_vial,victima3_edad,victima3_condicion,victima3_sexo,victima3_actor_vial
2022-06-11 11:18:07,-3.993021,-79.205019,Calle Ramon Borrero,CON_LESIONADOS,Choque Vehicular,Mal estado de la via,15,LESIONADO,MUJER,VEH_LIVIANO,,,,,,,,
2022-03-24 16:30:00,-4.008296,-79.226540,Av. Metropolitana,CON_FALLECIDOS,Incendio,Via resbaladiza o mojada,29,FALLECIDO,NO_REGISTRA,OTRO,34,LESIONADO,HOMBRE,VEH_LIVIANO,,,,
2022-03-24 00:46:39,-3.998991,-79.217407,Av. Rosa Hermosa,CON_LESIONADOS,Volcamiento,Equipo de seguridad deficiente,39,LESIONADO,MUJER,VEH_LIVIANO,,,,,,,,
2022-12-22 14:25:14,-4.014026,-79.225846,Calle Ramon Borrero,CON_LESIONADOS,Caida,Visibilidad reducida,66,LESIONADO,NO_REGISTRA,SCOOTER,,,,,,,,
2022-07-20 09:33:08,-4.019295,-79.221335,Av. Rosa Hermosa,CON_LESIONADOS,Caida,Via resbaladiza o mojada,50,LESIONADO,NO_REGISTRA,CICLISTA,42,LESIONADO,MUJER,PEATON,57,LESIONADO,NO_REGISTRA,OTRO
2022-09-29 11:18:48,-4.000357,-79.208585,Av. Isidro Ayora,SOLO_DANOS,Incendio,Falla mecanica,,,,,,,,,,,,
2022-06-28 08:09:59,-3.996494,-79.186964,Calle 18 de Noviembre,SOLO_DANOS,Incendio,Falla mecanica,,,,,,,,,,,,
2022-04-10 08:49:15,-4.007581,-79.214203,Av. Orillas del Zamora,SOLO_DANOS,Colision Multiple,Inobservancia de senales,,,,,,,,,,,,
2022-01-15 21:53:34,-4.026929,-79.191961,Av. Gran Colombia,CON_LESIONADOS,Choque Vehicular,Exceso de velocidad,12,LESIONADO,MUJER,VEH_LIVIANO,,,,,,,,
2022-04-17 00:33:13,-4.029372,-79.203449,Av. Reinaldo Espinosa,SOLO_DANOS,Colision Multiple,Imprudencia del conductor,,,,,,,,,,,,
2022-11-10 02:59:22,-4.019780,-79.213077,Calle Montufar,SOLO_DANOS,Atropellamiento,Visibilidad reducida,,,,,,,,,,,,
2022-01-28 11:52:00,-4.027738,-79.210071,Av. Rosa Hermosa,CON_FALLECIDOS,Accidente Laboral,Equipo de seguridad deficiente,74,FALLECIDO,MUJER,OTRO,40,FALLECIDO,NO_REGISTRA,OTRO,,,,
2022-11-09 16:58:45,-3.989898,-79.225601,Av. Gran Colombia,SOLO_DANOS,Colision Multiple,Mal estado de la via,,,,,,,,,,,,
2022-01-15 18:58:29,-3.982796,-79.212401,Calle Sucre,CON_FALLECIDOS,Choque Vehicular,Factores externos,34,FALLECIDO,NO_REGISTRA,PEATON,,,,,,,,
2022-10-12 20:24:25,-4.021564,-79.202880,Av. Reinaldo Espinosa,SOLO_DANOS,Caida,Mal estado de la via,,,,,,,,,,,,
2022-08-05 04:37:06,-3.983566,-79.205570,Calle Saraguro,CON_LESIONADOS,Accidente Laboral,Visibilidad reducida,31,LESIONADO,HOMBRE,SCOOTER,5,LESIONADO,MUJER,PEATON,,,,
2022-01-18 20:54:17,-4.019721,-79.211301,Calle Colon,CON_LESIONADOS,Colision Multiple,Imprudencia del conductor,53,LESIONADO,HOMBRE,VEH_LIVIANO,,,,,,,,
2022-03-24 14:23:23,-4.016531,-79.177406,Av. Rosa Hermosa,CON_FALLECIDOS,Accidente Laboral,Exceso de velocidad,48,FALLECIDO,MUJER,PEATON,19,FALLECIDO,MUJER,VEH_LIVIANO,69,LESIONADO,HOMBRE,VEH_LIVIANO
2022-08-27 13:55:33,-4.036255,-79.173861,Calle Miguel Riofrio,CON_FALLECIDOS,Atropellamiento,Falla mecanica,82,FALLECIDO,HOMBRE,VEH_LIVIANO,81,FALLECIDO,HOMBRE,MOTOCICLETA,55,LESIONADO,HOMBRE,PEATON
2022-06-23 05:33:54,-3.999430,-79.226488,Calle 18 de Noviembre,CON_FALLECIDOS,Atropellamiento,Inobservancia de senales,47,FALLECIDO,MUJER,MOTOCICLETA,24,LESIONADO,HOMBRE,SCOOTER,66,LESIONADO,NO_REGISTRA,SCOOTER
2022-04-12 10:49:04,-4.012705,-79.181330,Ruta 35,CON_LESIONADOS,Incendio,Fatiga del conductor,26,LESIONADO,HOMBRE,CICLISTA,,,,,,,,
2022-02-05 14:37:06,-3.999183,-79.193905,Av. Cuxibamba,CON_FALLECIDOS,Accidente Laboral,Equipo de seguridad deficiente,33,FALLECIDO,NO_REGISTRA,PEATON,79,LESIONADO,NO_REGISTRA,CICLISTA,,,,
2022-03-17 04:00:23,-4.023799,-79.186159,Av. Isidro Ayora,SOLO_DANOS,Caida,Estado de embriaguez,72,LESIONADO,NO_REGISTRA,OTRO,,,,,,,,
2022-07-03 09:09:18,-4.032659,-79.223885,Calle Saraguro,CON_FALLECIDOS,Choque Vehicular,Estado de embriaguez,68,FALLECIDO,NO_REGISTRA,CICLISTA,46,FALLECIDO,NO_REGISTRA,OTRO,20,LESIONADO,MUJER,SCOOTER
2022-07-03 05:18:15,-4.014252,-79.225963,Av. Universitaria,SOLO_DANOS,Atropellamiento,Distraccion (celular/radio),,,,,,,,,,,,
2022-03-14 11:54:03,-3.985003,-79.196908,Calle Imbabura,CON_LESIONADOS,Atropellamiento,Estado de embriaguez,38,LESIONADO,NO_REGISTRA,SCOOTER,41,LESIONADO,MUJER,VEH_LIVIANO,29,LESIONADO,MUJER,VEH_LIVIANO
2022-04-28 08:31:41,-4.034325,-79.195034,Av. Manuel Agustin Aguirre,CON_FALLECIDOS,Incendio,Imprudencia del conductor,45,FALLECIDO,NO_REGISTRA,CICLISTA,30,FALLECIDO,NO_REGISTRA,SCOOTER,,,,
2022-11-19 09:14:51,-3.977721,-79.198939,Av. Manuel Agustin Aguirre,CON_FALLECIDOS,Choque Vehicular,Imprudencia del conductor,57,FALLECIDO,NO_REGISTRA,CICLISTA,41,FALLECIDO,MUJER,SCOOTER,20,LESIONADO,MUJER,VEH_LIVIANO
2022-10-01 10:19:25,-3.999175,-79.211661,Via Loja - Catamayo,CON_LESIONADOS,Accidente Laboral,Fatiga del conductor,56,LESIONADO,NO_REGISTRA,VEH_LIVIANO,38,LESIONADO,HOMBRE,MOTOCICLETA,,,,
2022-10-08 18:19:07,-4.008181,-79.173059,Av. Isidro Ayora,SOLO_DANOS,Caida,Exceso de velocidad,,,,,,,,,,,,
2022-05-19 08:58:18,-3.987256,-79.203395,Calle Azogues,CON_FALLECIDOS,Volcamiento,Visibilidad reducida,74,FALLECIDO,NO_REGISTRA,VEH_LIVIANO,81,FALLECIDO,MUJER,CICLISTA,,,,
2022-12-12 23:09:49,-4.003525,-79.213118,Av. Pio Jaramillo,CON_LESIONADOS,Accidente Laboral,Mal estado de la via,14,LESIONADO,MUJER,VEH_LIVIANO,66,LESIONADO,MUJER,CICLISTA,,,,
2022-11-08 21:45:56,-3.992563,-79.209644,Calle Miguel Riofrio,SOLO_DANOS,Accidente Laboral,Inobservancia de senales,,,,,,,,,,,,
2022-06-29 20:28:26,-4.019822,-79.198416,Ruta 35,SOLO_DANOS,Choque Vehicular,Visibilidad reducida,,,,,,,,,,,,
2022-06-18 16:50:05,-4.002394,-79.198307,Av. 8 de Diciembre,CON_FALLECIDOS,Choque Vehicular,Distraccion (celular/radio),54,FALLECIDO,HOMBRE,CICLISTA,,,,,,,,
2022-02-24 17:31:51,-3.993249,-79.207678,Av. 8 de Diciembre,CON_LESIONADOS,Accidente Laboral,Visibilidad reducida,66,LESIONADO,NO_REGISTRA,PEATON,,,,,,,,
2022-10-21 23:12:05,-4.005757,-79.191135,Calle Rocafuerte,SOLO_DANOS,Colision Multiple,Imprudencia del conductor,25,LESIONADO,HOMBRE,PEATON,,,,,,,,
2022-06-19 03:37:30,-4.012290,-79.215742,Av. Orillas del Zamora,SOLO_DANOS,Choque Vehicular,Estado de embriaguez,,,,,,,,,,,,
2022-08-14 03:54:11,-3.990870,-79.185505,Av. Reinaldo Espinosa,CON_LESIONADOS,Atropellamiento,Factores externos,27,LESIONADO,NO_REGISTRA,OTRO,,,,,,,,
2022-07-05 00:17:55,-3.982660,-79.177703,Av. Orillas del Zamora,CON_LESIONADOS,Volcamiento,Equipo de seguridad deficiente,26,LESIONADO,MUJER,SCOOTER,,,,,,,,
2022-10-31 14:16:26,-3.977572,-79.175929,Av. 8 de Diciembre,SOLO_DANOS,Accidente Laboral,Fatiga del conductor,,,,,,,,,,,,
2022-07-15 16:32:26,-4.004618,-79.189454,Av. Reinaldo Espinosa,CON_FALLECIDOS,Volcamiento,Via resbaladiza o mojada,33,FALLECIDO,NO_REGISTRA,OTRO,35,FALLECIDO,NO_REGISTRA,PEATON,,,,
2022-01-06 05:34:36,-4.011637,-79.176988,Calle 10 de Agosto,SOLO_DANOS,Atropellamiento,Imprudencia del conductor,,,,,,,,,,,,
2022-04-04 14:57:39,-3.994107,-79.172165,Av. Orillas del Zamora,CON_LESIONADOS,Caida,Imprudencia del conductor,69,LESIONADO,HOMBRE,OTRO,22,LESIONADO,MUJER,OTRO,,,,
2022-11-07 02:17:09,-3.983546,-79.173451,Calle Quito,CON_LESIONADOS,Incendio,Exceso de velocidad,20,LESIONADO,HOMBRE,CICLISTA,,,,,,,,
2022-05-22 08:17:35,-4.023384,-79.202193,Av. Cuxibamba,CON_FALLECIDOS,Volcamiento,Falla mecanica,60,FALLECIDO,HOMBRE,CICLISTA,,,,,,,,
2022-04-06 05:41:34,-3.998844,-79.207966,Av. Cuxibamba,CON_FALLECIDOS,Volcamiento,Via resbaladiza o mojada,75,FALLECIDO,NO_REGISTRA,OTRO,26,FALLECIDO,NO_REGISTRA,VEH_LIVIANO,80,LESIONADO,MUJER,PEATON
2022-10-01 07:42:44,-3.999229,-79.221260,Av. Reinaldo Espinosa,CON_FALLECIDOS,Accidente Laboral,Distraccion (celular/radio),35,FALLECIDO,MUJER,CICLISTA,23,FALLECIDO,HOMBRE,PEATON,,,,
2022-09-03 23:42:00,-3.990703,-79.184774,Calle Colon,SOLO_DANOS,Volcamiento,Fatiga del conductor,,,,,,,,,,,,
2022-07-02 18:22:18,-4.010611,-79.222779,Av. Orillas del Zamora,CON_LESIONADOS,Atropellamiento,Exceso de velocidad,65,LESIONADO,MUJER,PEATON,6,LESIONADO,HOMBRE,CICLISTA,54,LESIONADO,HOMBRE,MOTOCICLETA
2022-04-10 18:46:57,-4.033211,-79.199238,Calle Miguel Riofrio,CON_FALLECIDOS,Incendio,Distraccion (celular/radio),32,FALLECIDO,HOMBRE,SCOOTER,71,FALLECIDO,HOMBRE,MOTOCICLETA,59,LESIONADO,HOMBRE,VEH_LIVIANO
2022-05-31 05:51:32,-3.997171,-79.187932,Av. Rosa Hermosa,CON_LESIONADOS,Colision Multiple,Mal estado de la via,20,LESIONADO,HOMBRE,PEATON,36,LESIONADO,HOMBRE,PEATON,63,LESIONADO,MUJER,PEATON
2022-04-25 04:34:16,-4.002833,-79.180206,Ruta 35,SOLO_DANOS,Choque Vehicular,Distraccion (celular/radio),,,,,,,,,,,,
2022-04-19 14:17:46,-4.021447,-79.171305,Av. Orillas del Zamora,SOLO_DANOS,Choque Vehicular,Equipo de seguridad deficiente,,,,,,,,,,,,
2022-01-08 11:30:01,-4.020084,-79.218933,Calle 18 de Noviembre,CON_LESIONADOS,Atropellamiento,Falla mecanica,13,LESIONADO,MUJER,OTRO,,,,,,,,
2022-04-04 23:48:58,-4.011548,-79.175829,Av. Pio Jaramillo,CON_LESIONADOS,Incendio,Imprudencia del conductor,46,LESIONADO,MUJER,CICLISTA,78,LESIONADO,HOMBRE,CICLISTA,74,LESIONADO,NO_REGISTRA,CICLISTA
2022-02-22 19:09:54,-4.032103,-79.229294,Calle Colon,CON_LESIONADOS,Volcamiento,Exceso de velocidad,54,LESIONADO,HOMBRE,OTRO,,,,,,,,
2022-04-12 03:48:25,-3.993976,-79.221544,Av. Reinaldo Espinosa,CON_FALLECIDOS,Incendio,Falla mecanica,63,FALLECIDO,NO_REGISTRA,SCOOTER,7,LESIONADO,MUJER,MOTOCICLETA,21,LESIONADO,MUJER,OTRO
2022-08-29 11:48:14,-3.998996,-79.193868,Calle Sucre,CON_LESIONADOS,Accidente Laboral,Distraccion (celular/radio),17,LESIONADO,NO_REGISTRA,PEATON,79,LESIONADO,HOMBRE,SCOOTER,,,,
2022-01-27 16:30:17,-4.018819,-79.220464,Av. Gran Colombia,CON_FALLECIDOS,Atropellamiento,Imprudencia del conductor,37,FALLECIDO,HOMBRE,SCOOTER,52,LESIONADO,HOMBRE,MOTOCICLETA,,,,
2022-06-18 06:15:11,-3.995760,-79.208334,Calle Imbabura,CON_LESIONADOS,Incendio,Fatiga del conductor,18,LESIONADO,NO_REGISTRA,OTRO,,,,,,,,
2022-07-05 15:00:54,-4.033521,-79.194399,Calle Bolivar,CON_FALLECIDOS,Caida,Fatiga del conductor,48,FALLECIDO,HOMBRE,MOTOCICLETA,30,FALLECIDO,MUJER,CICLISTA,13,LESIONADO,NO_REGISTRA,OTRO
2022-11-29 00:49:19,-4.031441,-79.184274,Calle Imbabura,CON_FALLECIDOS,Volcamiento,Inobservancia de senales,75,FALLECIDO,HOMBRE,PEATON,63,LESIONADO,MUJER,VEH_LIVIANO,,,,
2022-03-03 18:15:05,-4.012453,-79.173745,Calle Mercadillo,CON_LESIONADOS,Accidente Laboral,Fatiga del conductor,12,LESIONADO,MUJER,PEATON,,,,,,,,
2022-11-07 14:55:02,-4.034300,-79.178861,Av. Gran Colombia,CON_LESIONADOS,Caida,Estado de embriaguez,60,LESIONADO,NO_REGISTRA,OTRO,,,,,,,,
2022-01-18 16:22:39,-4.011720,-79.196122,Calle 18 de Noviembre,CON_LESIONADOS,Caida,Distraccion (celular/radio),5,LESIONADO,MUJER,SCOOTER,36,LESIONADO,MUJER,PEATON,10,LESIONADO,MUJER,SCOOTER
2022-09-22 00:07:51,-4.006819,-79.224097,Av. Manuel Agustin Aguirre,CON_LESIONADOS,Incendio,Falla mecanica,6,LESIONADO,NO_REGISTRA,VEH_LIVIANO,53,LESIONADO,HOMBRE,MOTOCICLETA,,,,
2022-08-20 13:55:53,-4.020770,-79.174662,Calle Montufar,CON_FALLECIDOS,Colision Multiple,Distraccion (celular/radio),64,FALLECIDO,MUJER,OTRO,25,LESIONADO,MUJER,PEATON,,,,
2022-05-19 10:58:45,-3.987212,-79.228386,Av. Gran Colombia,SOLO_DANOS,Accidente Laboral,Equipo de seguridad deficiente,,,,,,,,,,,,
2022-03-31 04:46:10,-3.980841,-79.187699,Calle Imbabura,CON_LESIONADOS,Accidente Laboral,Visibilidad reducida,45,LESIONADO,HOMBRE,VEH_LIVIANO,,,,,,,,
2022-03-13 14:13:23,-4.009099,-79.229891,Av. Manuel Agustin Aguirre,SOLO_DANOS,Choque Vehicular,Via resbaladiza o mojada,,,,,,,,,,,,
2022-10-03 17:01:30,-4.001638,-79.210633,Calle Saraguro,CON_LESIONADOS,Choque Vehicular,Via resbaladiza o mojada,21,LESIONADO,MUJER,MOTOCICLETA,57,LESIONADO,MUJER,OTRO,32,LESIONADO,HOMBRE,CICLISTA
2022-04-04 03:21:06,-4.005660,-79.214408,Av. Cuxibamba,CON_LESIONADOS,Caida,Imprudencia del conductor,78,LESIONADO,NO_REGISTRA,SCOOTER,35,LESIONADO,NO_REGISTRA,PEATON,23,LESIONADO,HOMBRE,VEH_LIVIANO
2022-01-16 20:47:43,-4.003204,-79.221889,Calle Montufar,CON_FALLECIDOS,Incendio,Via resbaladiza o mojada,63,FALLECIDO,NO_REGISTRA,PEATON,18,FALLECIDO,MUJER,VEH_LIVIANO,38,LESIONADO,HOMBRE,CICLISTA
2022-05-11 10:40:13,-4.003212,-79.185672,Av. Universitaria,CON_FALLECIDOS,Choque Vehicular,Imprudencia del conductor,46,FALLECIDO,NO_REGISTRA,CICLISTA,,,,,,,,
2022-12-16 05:58:41,-3.983212,-79.229730,Av. Manuel Agustin Aguirre,CON_FALLECIDOS,Accidente Laboral,Inobservancia de senales,30,FALLECIDO,MUJER,OTRO,78,LESIONADO,HOMBRE,MOTOCICLETA,77,LESIONADO,NO_REGISTRA,MOTOCICLETA
2022-11-20 18:38:56,-4.008975,-79.188098,Calle Mercadillo,CON_FALLECIDOS,Choque Vehicular,Visibilidad reducida,25,FALLECIDO,MUJER,SCOOTER,62,FALLECIDO,HOMBRE,CICLISTA,27,LESIONADO,MUJER,SCOOTER
2022-10-10 15:13:48,-4.011115,-79.207181,Calle 18 de Noviembre,CON_FALLECIDOS,Accidente Laboral,Imprudencia del conductor,45,FALLECIDO,HOMBRE,PEATON,24,FALLECIDO,NO_REGISTRA,CICLISTA,,,,
2022-12-29 20:25:09,-4.019422,-79.181174,Calle Saraguro,CON_LESIONADOS,Accidente Laboral,Falla mecanica,52,LESIONADO,MUJER,OTRO,,,,,,,,
2022-04-13 02:39:52,-4.005126,-79.189857,Av. Rosa Hermosa,CON_FALLECIDOS,Volcamiento,Equipo de seguridad deficiente,38,FALLECIDO,MUJER,PEATON,21,FALLECIDO,NO_REGISTRA,CICLISTA,,,,
2022-06-14 09:13:56,-4.007658,-79.191455,Av. Reinaldo Espinosa,CON_FALLECIDOS,Caida,Imprudencia del conductor,32,FALLECIDO,HOMBRE,MOTOCICLETA,21,FALLECIDO,MUJER,OTRO,67,LESIONADO,MUJER,CICLISTA
2022-07-14 10:58:10,-4.002975,-79.217886,Av. Orillas del Zamora,CON_LESIONADOS,Incendio,Fatiga del conductor,64,LESIONADO,NO_REGISTRA,OTRO,68,LESIONADO,MUJER,SCOOTER,,,,
2022-06-01 15:48:41,-4.021373,-79.186492,Calle 18 de Noviembre,CON_FALLECIDOS,Choque Vehicular,Falla mecanica,72,FALLECIDO,NO_REGISTRA,MOTOCICLETA,75,FALLECIDO,NO_REGISTRA,OTRO,,,,
2022-07-27 11:58:36,-4.029438,-79.171362,Av. Cuxibamba,CON_FALLECIDOS,Accidente Laboral,Mal estado de la via,50,FALLECIDO,MUJER,SCOOTER,43,FALLECIDO,HOMBRE,VEH_LIVIANO,20,LESIONADO,HOMBRE,OTRO
2022-12-29 23:00:20,-4.010667,-79.187226,Av. 8 de Diciembre,SOLO_DANOS,Caida,Fatiga del conductor,,,,,,,,,,,,
2022-06-21 06:09:09,-3.985588,-79.193071,Calle Saraguro,CON_LESIONADOS,Colision Multiple,Mal estado de la via,64,LESIONADO,NO_REGISTRA,MOTOCICLETA,25,LESIONADO,MUJER,OTRO,,,,
2022-10-31 17:56:49,-4.012630,-79.207047,Calle Rocafuerte,CON_FALLECIDOS,Incendio,Via resbaladiza o mojada,51,FALLECIDO,HOMBRE,PEATON,24,FALLECIDO,MUJER,SCOOTER,,,,
2022-12-17 11:30:40,-4.035057,-79.200590,Av. Reinaldo Espinosa,SOLO_DANOS,Choque Vehicular,Visibilidad reducida,,,,,,,,,,,,
2022-05-10 22:23:45,-4.035507,-79.195426,Calle Bolivar,CON_FALLECIDOS,Choque Vehicular,Estado de embriaguez,50,FALLECIDO,NO_REGISTRA,CICLISTA,56,FALLECIDO,NO_REGISTRA,MOTOCICLETA,,,,
2022-10-21 07:52:04,-4.012894,-79.177334,Calle 18 de Noviembre,CON_LESIONADOS,Choque Vehicular,Fatiga del conductor,9,LESIONADO,NO_REGISTRA,SCOOTER,39,LESIONADO,NO_REGISTRA,OTRO,37,LESIONADO,MUJER,OTRO
2022-04-03 16:01:02,-3.998747,-79.174560,Av. Cuxibamba,CON_LESIONADOS,Volcamiento,Equipo de seguridad deficiente,38,LESIONADO,NO_REGISTRA,VEH_LIVIANO,72,LESIONADO,NO_REGISTRA,OTRO,,,,
2022-10-18 22:27:41,-4.036402,-79.228762,Calle Mercadillo,SOLO_DANOS,Caida,Falla mecanica,,,,,,,,,,,,
2022-10-08 09:08:12,-4.031413,-79.171257,Ruta 35,CON_FALLECIDOS,Volcamiento,Distraccion (celular/radio),66,FALLECIDO,MUJER,MOTOCICLETA,,,,,,,,
2022-04-25 10:56:53,-3.979743,-79.209599,Av. Orillas del Zamora,CON_LESIONADOS,Volcamiento,Exceso de velocidad,10,LESIONADO,HOMBRE,MOTOCICLETA,,,,,,,,
2022-03-11 19:26:44,-3.990449,-79.215638,Av. Manuel Agustin Aguirre,CON_LESIONADOS,Accidente Laboral,Fatiga del conductor,76,LESIONADO,HOMBRE,CICLISTA,53,LESIONADO,HOMBRE,OTRO,11,LESIONADO,MUJER,CICLISTA
2022-03-05 22:37:28,-3.981357,-79.198979,Av. Gran Colombia,CON_FALLECIDOS,Choque Vehicular,Distraccion (celular/radio),74,FALLECIDO,NO_REGISTRA,SCOOTER,62,LESIONADO,HOMBRE,SCOOTER,,,,
2022-02-06 22:55:11,-3.995519,-79.176351,Calle 10 de Agosto,CON_LESIONADOS,Accidente Laboral,Inobservancia de senales,14,LESIONADO,MUJER,VEH_LIVIANO,,,,,,,,
2022-02-12 11:44:31,-3.996094,-79.179314,Av. Reinaldo Espinosa,SOLO_DANOS,Atropellamiento,Via resbaladiza o mojada,22,LESIONADO,HOMBRE,PEATON,,,,,,,,
2022-06-19 21:52:40,-3.983201,-79.173123,Via Loja - Zamora,CON_LESIONADOS,Choque Vehicular,Fatiga del conductor,7,LESIONADO,NO_REGISTRA,CICLISTA,10,LESIONADO,MUJER,CICLISTA,,,,
2022-12-28 06:29:36,-3.998012,-79.173573,Av. 8 de Diciembre,SOLO_DANOS,Colision Multiple,Inobservancia de senales,,,,,,,,,,,,
2022-10-22 13:13:24,-4.036336,-79.219210,Calle 10 de Agosto,CON_LESIONADOS,Colision Multiple,Mal estado de la via,64,LESIONADO,MUJER,MOTOCICLETA,14,LESIONADO,NO_REGISTRA,CICLISTA,48,LESIONADO,MUJER,OTRO
2022-04-14 04:03:49,-4.017913,-79.230075,Av. Orillas del Zamora,CON_FALLECIDOS,Colision Multiple,Mal estado de la via,69,FALLECIDO,HOMBRE,OTRO,15,LESIONADO,MUJER,CICLISTA,,,,
2022-05-24 12:04:17,-3.990694,-79.192428,Av. Manuel Agustin Aguirre,CON_FALLECIDOS,Caida,Fatiga del conductor,19,FALLECIDO,HOMBRE,SCOOTER,,,,,,,,
2022-05-22 22:33:01,-3.988539,-79.199863,Ruta 35,SOLO_DANOS,Volcamiento,Via resbaladiza o mojada,,,,,,,,,,,,
2022-07-11 02:40:10,-3.989694,-79.200757,Calle Rocafuerte,CON_LESIONADOS,Colision Multiple,Inobservancia de senales,13,LESIONADO,MUJER,CICLISTA,,,,,,,,
2022-09-04 00:11:01,-4.024995,-79.197637,Ruta 35,SOLO_DANOS,Caida,Via resbaladiza o mojada,,,,,,,,,,,,
2022-07-01 23:35:24,-4.035925,-79.183775,Calle Sucre,CON_LESIONADOS,Accidente Laboral,Fatiga del conductor,71,LESIONADO,NO_REGISTRA,MOTOCICLETA,78,LESIONADO,MUJER,MOTOCICLETA,,,,
2022-01-22 00:31:26,-4.012851,-79.227895,Calle 18 de Noviembre,CON_LESIONADOS,Incendio,Mal estado de la via,29,LESIONADO,HOMBRE,VEH_LIVIANO,17,LESIONADO,MUJER,PEATON,,,,
2022-08-28 08:31:13,-4.023777,-79.223557,Av. Pio Jaramillo,SOLO_DANOS,Incendio,Falla mecanica,47,LESIONADO,MUJER,OTRO,,,,,,,,
2022-04-03 20:02:35,-4.008499,-79.198230,Calle 18 de Noviembre,CON_FALLECIDOS,Incendio,Exceso de velocidad,59,FALLECIDO,NO_REGISTRA,MOTOCICLETA,33,LESIONADO,NO_REGISTRA,SCOOTER,,,,
2022-04-07 18:30:19,-4.007927,-79.209798,Via Loja - Zamora,CON_LESIONADOS,Caida,Exceso de velocidad,37,LESIONADO,HOMBRE,VEH_LIVIANO,,,,,,,,
2022-08-21 12:52:17,-4.026820,-79.216919,Av. Cuxibamba,CON_LESIONADOS,Incendio,Visibilidad reducida,6,LESIONADO,MUJER,OTRO,66,LESIONADO,MUJER,MOTOCICLETA,34,LESIONADO,HOMBRE,OTRO
2022-10-12 17:23:43,-4.023482,-79.220796,Calle Quito,CON_FALLECIDOS,Colision Multiple,Inobservancia de senales,20,FALLECIDO,MUJER,OTRO,,,,,,,,
2022-01-16 17:31:20,-3.978779,-79.181513,Av. Rosa Hermosa,SOLO_DANOS,Incendio,Visibilidad reducida,,,,,,,,,,,,
2022-12-06 04:41:02,-3.990668,-79.196006,Av. 8 de Diciembre,CON_LESIONADOS,Incendio,Exceso de velocidad,45,LESIONADO,HOMBRE,OTRO,,,,,,,,
2022-06-09 20:13:31,-4.025365,-79.228970,Av. Universitaria,CON_FALLECIDOS,Atropellamiento,Exceso de velocidad,67,FALLECIDO,HOMBRE,VEH_LIVIANO,26,LESIONADO,NO_REGISTRA,SCOOTER,42,LESIONADO,HOMBRE,SCOOTER
2022-08-05 07:08:28,-4.010014,-79.186895,Av. Metropolitana,CON_FALLECIDOS,Incendio,Distraccion (celular/radio),64,FALLECIDO,MUJER,PEATON,28,LESIONADO,HOMBRE,VEH_LIVIANO,,,,
2022-08-10 11:36:26,-4.030706,-79.219824,Av. Metropolitana,CON_FALLECIDOS,Incendio,Inobservancia de senales,53,FALLECIDO,MUJER,MOTOCICLETA,66,LESIONADO,HOMBRE,MOTOCICLETA,,,,
2022-08-07 00:34:16,-4.017565,-79.180928,Calle Bolivar,CON_FALLECIDOS,Colision Multiple,Fatiga del conductor,58,FALLECIDO,NO_REGISTRA,MOTOCICLETA,41,FALLECIDO,NO_REGISTRA,CICLISTA,80,LESIONADO,NO_REGISTRA,PEATON
2022-05-01 23:00:04,-4.027113,-79.206848,Calle Montufar,SOLO_DANOS,Volcamiento,Mal estado de la via,54,LESIONADO,HOMBRE,SCOOTER,,,,,,,,
2022-11-04 06:18:20,-4.036704,-79.174797,Calle Quito,CON_FALLECIDOS,Incendio,Equipo de seguridad deficiente,80,FALLECIDO,MUJER,CICLISTA,,,,,,,,
2022-10-02 16:38:32,-4.004743,-79.200488,Av. Gran Colombia,CON_FALLECIDOS,Accidente Laboral,Factores externos,55,FALLECIDO,NO_REGISTRA,PEATON,38,LESIONADO,NO_REGISTRA,MOTOCICLETA,,,,
2022-06-26 07:19:22,-4.012906,-79.184094,Calle Saraguro,CON_FALLECIDOS,Accidente Laboral,Inobservancia de senales,21,FALLECIDO,HOMBRE,PEATON,74,FALLECIDO,HOMBRE,OTRO,,,,
2022-03-21 08:22:11,-3.992100,-79.192587,Av. Cuxibamba,SOLO_DANOS,Incendio,Estado de embriaguez,,,,,,,,,,,,
2022-07-22 07:57:58,-3.996972,-79.213416,Calle Saraguro,SOLO_DANOS,Colision Multiple,Estado de embriaguez,,,,,,,,,,,,
2022-03-21 06:08:44,-4.008375,-79.182714,Calle 18 de Noviembre,CON_FALLECIDOS,Accidente Laboral,Fatiga del conductor,34,FALLECIDO,NO_REGISTRA,VEH_LIVIANO,78,FALLECIDO,HOMBRE,CICLISTA,50,LESIONADO,HOMBRE,VEH_LIVIANO
2022-03-10 09:05:54,-4.003303,-79.182693,Via Loja - Catamayo,SOLO_DANOS,Atropellamiento,Fatiga del conductor,,,,,,,,,,,,
2022-05-30 05:48:01,-3.987767,-79.211281,Av. 8 de Diciembre,CON_LESIONADOS,Colision Multiple,Factores externos,30,LESIONADO,NO_REGISTRA,SCOOTER,,,,,,,,