fecha_hora,latitud,longitud,via,grado_severidad,tipo_siniestro,causa_probable,victima1_edad,victima1_condicion,victima1_sexo,victima1_actor_vial,victima2_edad,victima2_condicion,victima2_sexo,victima2_actor_vial,victima3_edad,victima3_condicion,victima3_sexo,victima3_actor_vial
2022-11-22 10:26:09,-3.991430,-79.182029,Calle Azogues,CON_FALLECIDOS,Accidente Laboral,Mal estado de la via,30,FALLECIDO,NO_REGISTRA,PEATON,85,FALLECIDO,HOMBRE,CICLISTA,76,LESIONADO,NO_REGISTRA,VEH_LIVIANO
2022-10-02 00:59:57,-4.004619,-79.221686,Calle Miguel Riofrio,CON_LESIONADOS,Accidente Laboral,Fatiga del conductor,47,LESIONADO,MUJER,MOTOCICLETA,44,LESIONADO,HOMBRE,OTRO,61,LESIONADO,NO_REGISTRA,PEATON
2022-12-06 02:38:02,-4.024652,-79.204259,Calle Quito,SOLO_DANOS,Volcamiento,Imprudencia del conductor,76,LESIONADO,MUJER,MOTOCICLETA,,,,,,,,
2022-10-21 12:16:33,-4.023806,-79.208581,Av. Isidro Ayora,CON_FALLECIDOS,Incendio,Falla mecanica,50,FALLECIDO,NO_REGISTRA,VEH_LIVIANO,34,FALLECIDO,NO_REGISTRA,CICLISTA,,,,
2022-07-03 17:51:10,-4.011225,-79.218227,Av. Gran Colombia,CON_LESIONADOS,Caida,Distraccion (celular/radio),44,LESIONADO,MUJER,SCOOTER,,,,,,,,
2022-10-05 10:37:37,-4.027928,-79.189908,Via Loja - Zamora,CON_LESIONADOS,Caida,Mal estado de la via,30,LESIONADO,MUJER,OTRO,73,LESIONADO,HOMBRE,OTRO,,,,
2022-02-18 13:52:20,-3.978175,-79.190168,Calle Bolivar,SOLO_DANOS,Incendio,Fatiga del conductor,,,,,,,,,,,,
2022-02-01 10:58:23,-4.027058,-79.224601,Av. Reinaldo Espinosa,SOLO_DANOS,Incendio,Factores externos,,,,,,,,,,,,
2022-12-22 23:22:09,-4.019453,-79.180356,Av. Isidro Ayora,SOLO_DANOS,Colision Multiple,Equipo de seguridad deficiente,,,,,,,,,,,,
2022-12-27 19:01:42,-3.996047,-79.203744,Av. Reinaldo Espinosa,SOLO_DANOS,Colision Multiple,Factores externos,,,,,,,,,,,,
2022-08-20 06:54:44,-4.003823,-79.218570,Via Loja - Zamora,CON_FALLECIDOS,Accidente Laboral,Equipo de seguridad deficiente,65,FALLECIDO,HOMBRE,CICLISTA,,,,,,,,
2022-02-18 03:43:01,-3.986279,-79.199954,Calle Miguel Riofrio,CON_LESIONADOS,Accidente Laboral,Visibilidad reducida,27,LESIONADO,NO_REGISTRA,CICLISTA,22,LESIONADO,MUJER,VEH_LIVIANO,66,LESIONADO,NO_REGISTRA,SCOOTER
2022-12-01 21:50:56,-4.032028,-79.209668,Via Loja - Catamayo,SOLO_DANOS,Colision Multiple,Fatiga del conductor,,,,,,,,,,,,
2022-11-18 05:27:31,-4.001699,-79.202503,Av. 8 de Diciembre,CON_FALLECIDOS,Accidente Laboral,Falla mecanica,32,FALLECIDO,HOMBRE,CICLISTA,74,LESIONADO,MUJER,MOTOCICLETA,76,LESIONADO,HOMBRE,SCOOTER
2022-09-26 17:27:20,-4.000214,-79.203341,Ruta 35,CON_LESIONADOS,Atropellamiento,Mal estado de la via,14,LESIONADO,HOMBRE,SCOOTER,65,LESIONADO,HOMBRE,SCOOTER,39,LESIONADO,MUJER,CICLISTA
2022-06-22 18:12:47,-4.025839,-79.205561,Av. Manuel Agustin Aguirre,CON_LESIONADOS,Caida,Exceso de velocidad,24,LESIONADO,NO_REGISTRA,MOTOCICLETA,,,,,,,,
2022-05-21 21:10:23,-3.983775,-79.221439,Calle 18 de Noviembre,CON_LESIONADOS,Caida,Exceso de velocidad,41,LESIONADO,NO_REGISTRA,CICLISTA,69,LESIONADO,MUJER,MOTOCICLETA,65,LESIONADO,HOMBRE,VEH_LIVIANO
2022-07-23 00:52:26,-4.020061,-79.216726,Calle Imbabura,CON_LESIONADOS,Accidente Laboral,Fatiga del conductor,32,LESIONADO,HOMBRE,OTRO,55,LESIONADO,HOMBRE,PEATON,8,LESIONADO,NO_REGISTRA,OTRO
2022-06-21 17:00:00,-4.005166,-79.193152,Calle Imbabura,SOLO_DANOS,Choque Vehicular,Visibilidad reducida,,,,,,,,,,,,
2022-02-25 17:50:27,-4.034631,-79.176000,Av. Pio Jaramillo,SOLO_DANOS,Caida,Imprudencia del conductor,,,,,,,,,,,,
2022-01-25 13:25:15,-4.023560,-79.180458,Av. Metropolitana,SOLO_DANOS,Volcamiento,Imprudencia del conductor,,,,,,,,,,,,
2022-05-19 03:31:52,-3.978259,-79.179036,Av. Metropolitana,SOLO_DANOS,Atropellamiento,Falla mecanica,,,,,,,,,,,,
2022-04-09 22:44:31,-3.980820,-79.174090,Av. Isidro Ayora,SOLO_DANOS,Incendio,Mal estado de la via,,,,,,,,,,,,
2022-03-24 08:48:17,-4.030071,-79.228798,Calle Miguel Riofrio,CON_LESIONADOS,Caida,Visibilidad reducida,54,LESIONADO,NO_REGISTRA,VEH_LIVIANO,73,LESIONADO,HOMBRE,MOTOCICLETA,,,,
2022-03-29 23:14:51,-4.017438,-79.189891,Calle Montufar,CON_LESIONADOS,Colision Multiple,Exceso de velocidad,74,LESIONADO,MUJER,PEATON,17,LESIONADO,HOMBRE,PEATON,,,,
2022-08-14 16:16:45,-4.009378,-79.228567,Calle Imbabura,CON_FALLECIDOS,Volcamiento,Factores externos,48,FALLECIDO,MUJER,OTRO,22,LESIONADO,NO_REGISTRA,SCOOTER,34,LESIONADO,HOMBRE,PEATON
2022-04-10 23:19:20,-3.993564,-79.181848,Calle 18 de Noviembre,CON_LESIONADOS,Accidente Laboral,Estado de embriaguez,56,LESIONADO,NO_REGISTRA,PEATON,42,LESIONADO,HOMBRE,CICLISTA,,,,
2022-04-22 23:48:38,-3.982062,-79.216660,Calle Azogues,CON_FALLECIDOS,Incendio,Imprudencia del conductor,47,FALLECIDO,NO_REGISTRA,MOTOCICLETA,,,,,,,,
2022-06-11 05:28:51,-3.977875,-79.202618,Calle Sucre,SOLO_DANOS,Caida,Estado de embriaguez,,,,,,,,,,,,
2022-02-08 04:40:05,-4.011322,-79.197574,Calle Montufar,CON_FALLECIDOS,Caida,Fatiga del conductor,50,FALLECIDO,NO_REGISTRA,VEH_LIVIANO,66,FALLECIDO,NO_REGISTRA,CICLISTA,,,,
2022-10-31 01:04:44,-4.011214,-79.208654,Calle 10 de Agosto,CON_LESIONADOS,Atropellamiento,Estado de embriaguez,59,LESIONADO,MUJER,CICLISTA,15,LESIONADO,NO_REGISTRA,CICLISTA,,,,
2022-06-13 15:49:01,-3.988679,-79.221874,Calle Bolivar,SOLO_DANOS,Volcamiento,Inobservancia de senales,,,,,,,,,,,,
2022-08-13 11:49:25,-4.001751,-79.206391,Calle Montufar,SOLO_DANOS,Atropellamiento,Factores externos,,,,,,,,,,,,
2022-06-10 19:42:25,-3.978647,-79.212415,Av. Isidro Ayora,CON_LESIONADOS,Colision Multiple,Mal estado de la via,19,LESIONADO,HOMBRE,PEATON,37,LESIONADO,HOMBRE,OTRO,,,,
2022-11-02 01:16:33,-3.983278,-79.213052,Calle Quito,CON_FALLECIDOS,Caida,Inobservancia de senales,22,FALLECIDO,NO_REGISTRA,PEATON,62,LESIONADO,NO_REGISTRA,CICLISTA,,,,
2022-01-23 17:45:45,-4.013337,-79.194656,Calle Mercadillo,SOLO_DANOS,Colision Multiple,Visibilidad reducida,,,,,,,,,,,,
2022-08-27 13:59:29,-3.984111,-79.205565,Calle Quito,CON_LESIONADOS,Colision Multiple,Exceso de velocidad,67,LESIONADO,NO_REGISTRA,SCOOTER,69,LESIONADO,MUJER,VEH_LIVIANO,56,LESIONADO,MUJER,PEATON
2022-12-14 10:07:15,-4.021129,-79.205896,Av. Pio Jaramillo,CON_FALLECIDOS,Accidente Laboral,Exceso de velocidad,60,FALLECIDO,HOMBRE,PEATON,56,LESIONADO,HOMBRE,CICLISTA,,,,
2022-01-16 14:16:59,-3.993880,-79.215401,Calle Miguel Riofrio,CON_FALLECIDOS,Caida,Visibilidad reducida,36,FALLECIDO,NO_REGISTRA,SCOOTER,18,FALLECIDO,MUJER,MOTOCICLETA,65,LESIONADO,MUJER,PEATON
2022-10-24 18:33:49,-4.006912,-79.207205,Calle Bolivar,CON_LESIONADOS,Choque Vehicular,Falla mecanica,45,LESIONADO,MUJER,VEH_LIVIANO,51,LESIONADO,NO_REGISTRA,CICLISTA,12,LESIONADO,NO_REGISTRA,PEATON
2022-04-08 22:43:48,-3.984682,-79.214157,Calle 18 de Noviembre,SOLO_DANOS,Atropellamiento,Inobservancia de senales,,,,,,,,,,,,
2022-06-19 09:20:51,-4.031333,-79.220379,Ruta 35,CON_LESIONADOS,Accidente Laboral,Inobservancia de senales,52,LESIONADO,NO_REGISTRA,VEH_LIVIANO,,,,,,,,
2022-06-06 04:53:14,-3.986641,-79.175655,Calle Saraguro,CON_FALLECIDOS,Atropellamiento,Via resbaladiza o mojada,18,FALLECIDO,MUJER,PEATON,22,FALLECIDO,HOMBRE,MOTOCICLETA,,,,
2022-12-07 09:09:19,-3.982395,-79.223709,Av. Gran Colombia,CON_FALLECIDOS,Caida,Estado de embriaguez,40,FALLECIDO,NO_REGISTRA,PEATON,37,FALLECIDO,MUJER,VEH_LIVIANO,33,LESIONADO,MUJER,PEATON
2022-05-29 02:45:49,-4.011661,-79.191832,Av. Pio Jaramillo,CON_LESIONADOS,Colision Multiple,Distraccion (celular/radio),6,LESIONADO,HOMBRE,VEH_LIVIANO,9,LESIONADO,NO_REGISTRA,CICLISTA,,,,
2022-10-30 15:05:39,-4.008863,-79.200912,Via Loja - Catamayo,CON_LESIONADOS,Caida,Fatiga del conductor,37,LESIONADO,NO_REGISTRA,VEH_LIVIANO,51,LESIONADO,MUJER,SCOOTER,61,LESIONADO,MUJER,CICLISTA
2022-09-19 11:55:09,-4.035808,-79.196166,Calle Montufar,SOLO_DANOS,Choque Vehicular,Estado de embriaguez,,,,,,,,,,,,
2022-09-28 23:00:17,-3.978869,-79.173063,Av. Isidro Ayora,CON_FALLECIDOS,Accidente Laboral,Fatiga del conductor,55,FALLECIDO,MUJER,PEATON,,,,,,,,
2022-11-02 10:20:50,-4.021139,-79.205516,Av. Rosa Hermosa,CON_FALLECIDOS,Incendio,Visibilidad reducida,20,FALLECIDO,NO_REGISTRA,VEH_LIVIANO,25,FALLECIDO,MUJER,SCOOTER,,,,
2022-11-15 01:09:10,-4.034426,-79.195022,Calle Rocafuerte,CON_LESIONADOS,Caida,Fatiga del conductor,28,LESIONADO,NO_REGISTRA,SCOOTER,,,,,,,,
2022-05-17 00:31:45,-4.034374,-79.230560,Calle Azogues,CON_FALLECIDOS,Colision Multiple,Inobservancia de senales,81,FALLECIDO,NO_REGISTRA,SCOOTER,74,FALLECIDO,NO_REGISTRA,OTRO,,,,
2022-11-28 13:56:06,-3.981464,-79.186781,Via Loja - Zamora,CON_FALLECIDOS,Caida,Mal estado de la via,40,FALLECIDO,NO_REGISTRA,PEATON,,,,,,,,
2022-11-12 16:53:35,-4.026234,-79.214779,Av. Reinaldo Espinosa,SOLO_DANOS,Volcamiento,Factores externos,,,,,,,,,,,,
2022-10-25 23:27:08,-4.009722,-79.201777,Ruta 35,SOLO_DANOS,Choque Vehicular,Visibilidad reducida,46,LESIONADO,NO_REGISTRA,MOTOCICLETA,,,,,,,,
2022-01-12 21:15:51,-4.016004,-79.223782,Av. 8 de Diciembre,CON_FALLECIDOS,Atropellamiento,Via resbaladiza o mojada,41,FALLECIDO,MUJER,SCOOTER,55,FALLECIDO,HOMBRE,PEATON,8,LESIONADO,NO_REGISTRA,PEATON
2022-10-30 14:35:12,-3.978564,-79.216794,Av. Gran Colombia,CON_FALLECIDOS,Incendio,Fatiga del conductor,77,FALLECIDO,HOMBRE,VEH_LIVIANO,48,FALLECIDO,MUJER,OTRO,18,LESIONADO,MUJER,PEATON
2022-11-10 02:24:28,-4.030992,-79.191429,Calle Sucre,CON_LESIONADOS,Colision Multiple,Visibilidad reducida,77,LESIONADO,MUJER,PEATON,,,,,,,,
2022-10-05 03:07:40,-3.988132,-79.196769,Av. Gran Colombia,SOLO_DANOS,Atropellamiento,Factores externos,,,,,,,,,,,,
2022-08-10 16:38:06,-3.993439,-79.226421,Av. Isidro Ayora,SOLO_DANOS,Volcamiento,Distraccion (celular/radio),,,,,,,,,,,,
2022-07-14 18:20:07,-4.002837,-79.215547,Av. Orillas del Zamora,CON_FALLECIDOS,Colision Multiple,Distraccion (celular/radio),52,FALLECIDO,NO_REGISTRA,CICLISTA,,,,,,,,
2022-01-18 03:46:07,-4.033853,-79.207741,Calle Rocafuerte,CON_FALLECIDOS,Volcamiento,Exceso de velocidad,41,FALLECIDO,HOMBRE,VEH_LIVIANO,,,,,,,,
2022-05-30 05:25:55,-3.997423,-79.222339,Via Loja - Catamayo,SOLO_DANOS,Colision Multiple,Exceso de velocidad,,,,,,,,,,,,
2022-05-22 04:44:10,-4.019734,-79.189648,Calle Colon,CON_FALLECIDOS,Caida,Visibilidad reducida,66,FALLECIDO,HOMBRE,OTRO,34,FALLECIDO,NO_REGISTRA,MOTOCICLETA,7,LESIONADO,NO_REGISTRA,OTRO
2022-05-18 13:02:12,-4.002896,-79.180374,Av. Pio Jaramillo,SOLO_DANOS,Choque Vehicular,Imprudencia del conductor,,,,,,,,,,,,
2022-08-02 06:05:41,-4.028483,-79.179996,Av. Universitaria,CON_FALLECIDOS,Incendio,Mal estado de la via,43,FALLECIDO,NO_REGISTRA,SCOOTER,,,,,,,,
2022-01-11 06:41:42,-4.020316,-79.219922,Av. Pio Jaramillo,CON_LESIONADOS,Volcamiento,Exceso de velocidad,66,LESIONADO,NO_REGISTRA,CICLISTA,,,,,,,,
2022-08-29 15:22:39,-3.997037,-79.175337,Calle Imbabura,SOLO_DANOS,Caida,Distraccion (celular/radio),,,,,,,,,,,,
2022-12-25 00:21:37,-4.018627,-79.195609,Av. Pio Jaramillo,CON_LESIONADOS,Choque Vehicular,Estado de embriaguez,5,LESIONADO,MUJER,MOTOCICLETA,,,,,,,,
2022-04-02 17:48:39,-4.003793,-79.193762,Av. Isidro Ayora,CON_LESIONADOS,Volcamiento,Estado de embriaguez,10,LESIONADO,NO_REGISTRA,CICLISTA,71,LESIONADO,HOMBRE,CICLISTA,,,,
2022-07-07 14:07:12,-4.028426,-79.209251,Calle Rocafuerte,CON_FALLECIDOS,Incendio,Estado de embriaguez,46,FALLECIDO,HOMBRE,SCOOTER,,,,,,,,
2022-10-13 21:05:43,-4.024756,-79.228306,Calle Colon,CON_LESIONADOS,Choque Vehicular,Factores externos,64,LESIONADO,NO_REGISTRA,PEATON,75,LESIONADO,HOMBRE,PEATON,63,LESIONADO,HOMBRE,CICLISTA
2022-12-20 20:19:30,-4.011417,-79.175498,Calle Saraguro,SOLO_DANOS,Colision Multiple,Equipo de seguridad deficiente,,,,,,,,,,,,
2022-10-29 19:23:12,-3.992153,-79.207177,Via Loja - Catamayo,CON_FALLECIDOS,Volcamiento,Exceso de velocidad,59,FALLECIDO,NO_REGISTRA,CICLISTA,66,LESIONADO,NO_REGISTRA,VEH_LIVIANO,,,,
2022-03-07 06:34:48,-3.994232,-79.205195,Calle Miguel Riofrio,CON_FALLECIDOS,Accidente Laboral,Fatiga del conductor,56,FALLECIDO,MUJER,CICLISTA,,,,,,,,
2022-12-02 03:51:29,-3.978924,-79.203859,Av. Metropolitana,CON_FALLECIDOS,Colision Multiple,Mal estado de la via,46,FALLECIDO,MUJER,SCOOTER,53,LESIONADO,NO_REGISTRA,PEATON,,,,
2022-03-26 09:29:56,-3.988322,-79.227970,Av. Reinaldo Espinosa,SOLO_DANOS,Atropellamiento,Exceso de velocidad,,,,,,,,,,,,
2022-06-01 22:15:54,-3.978098,-79.202984,Av. 8 de Diciembre,CON_FALLECIDOS,Colision Multiple,Distraccion (celular/radio),79,FALLECIDO,HOMBRE,VEH_LIVIANO,51,FALLECIDO,HOMBRE,SCOOTER,,,,
2022-03-05 00:08:14,-4.032994,-79.225064,Calle Mercadillo,CON_LESIONADOS,Volcamiento,Inobservancia de senales,23,LESIONADO,MUJER,SCOOTER,75,LESIONADO,MUJER,SCOOTER,54,LESIONADO,HOMBRE,CICLISTA
2022-06-03 01:00:57,-3.984326,-79.181411,Calle Quito,CON_FALLECIDOS,Choque Vehicular,Factores externos,63,FALLECIDO,HOMBRE,PEATON,71,FALLECIDO,NO_REGISTRA,SCOOTER,20,LESIONADO,NO_REGISTRA,MOTOCICLETA
2022-08-24 04:44:40,-3.990721,-79.217400,Ruta 35,CON_FALLECIDOS,Atropellamiento,Inobservancia de senales,82,FALLECIDO,NO_REGISTRA,PEATON,23,FALLECIDO,HOMBRE,PEATON,,,,
2022-06-25 00:47:22,-3.989888,-79.178594,Av. Isidro Ayora,CON_LESIONADOS,Choque Vehicular,Imprudencia del conductor,34,LESIONADO,MUJER,PEATON,17,LESIONADO,HOMBRE,CICLISTA,,,,
2022-10-04 23:53:52,-4.013658,-79.171977,Calle Mercadillo,CON_LESIONADOS,Caida,Falla mecanica,59,LESIONADO,MUJER,PEATON,58,LESIONADO,NO_REGISTRA,CICLISTA,66,LESIONADO,MUJER,PEATON
2022-10-12 02:23:13,-3.982649,-79.227999,Calle Azogues,CON_LESIONADOS,Atropellamiento,Distraccion (celular/radio),16,LESIONADO,HOMBRE,CICLISTA,76,LESIONADO,MUJER,MOTOCICLETA,17,LESIONADO,HOMBRE,PEATON
2022-03-30 21:52:08,-4.020882,-79.175020,Calle Colon,SOLO_DANOS,Caida,Distraccion (celular/radio),53,LESIONADO,MUJER,MOTOCICLETA,,,,,,,,
2022-11-17 12:13:13,-3.983623,-79.217097,Calle Azogues,CON_FALLECIDOS,Caida,Visibilidad reducida,49,FALLECIDO,NO_REGISTRA,MOTOCICLETA,40,LESIONADO,NO_REGISTRA,SCOOTER,65,LESIONADO,MUJER,VEH_LIVIANO
2022-05-25 08:31:55,-4.032013,-79.179934,Av. Isidro Ayora,SOLO_DANOS,Atropellamiento,Fatiga del conductor,,,,,,,,,,,,
2022-03-19 12:07:14,-4.033188,-79.219766,Calle Mercadillo,CON_FALLECIDOS,Volcamiento,Estado de embriaguez,51,FALLECIDO,HOMBRE,MOTOCICLETA,43,FALLECIDO,NO_REGISTRA,CICLISTA,75,LESIONADO,MUJER,OTRO
2022-08-18 01:59:37,-3.979729,-79.179720,Av. Universitaria,CON_FALLECIDOS,Choque Vehicular,Fatiga del conductor,81,FALLECIDO,HOMBRE,OTRO,32,FALLECIDO,MUJER,SCOOTER,70,LESIONADO,MUJER,MOTOCICLETA
2022-10-22 02:04:36,-4.005796,-79.219660,Calle 10 de Agosto,CON_LESIONADOS,Colision Multiple,Inobservancia de senales,69,LESIONADO,NO_REGISTRA,PEATON,61,LESIONADO,MUJER,OTRO,,,,
2022-07-03 07:00:21,-4.006749,-79.199871,Ruta 35,CON_FALLECIDOS,Volcamiento,Distraccion (celular/radio),53,FALLECIDO,MUJER,SCOOTER,60,FALLECIDO,NO_REGISTRA,VEH_LIVIANO,24,LESIONADO,NO_REGISTRA,OTRO
2022-10-28 03:47:04,-4.008263,-79.203060,Calle 18 de Noviembre,SOLO_DANOS,Caida,Factores externos,,,,,,,,,,,,
2022-03-26 09:43:38,-4.019021,-79.204611,Calle Rocafuerte,CON_FALLECIDOS,Atropellamiento,Fatiga del conductor,66,FALLECIDO,NO_REGISTRA,PEATON,,,,,,,,
2022-07-08 17:16:24,-4.001072,-79.186401,Av. 8 de Diciembre,CON_FALLECIDOS,Atropellamiento,Factores externos,40,FALLECIDO,MUJER,CICLISTA,,,,,,,,
2022-08-04 04:47:04,-4.012516,-79.175088,Calle 18 de Noviembre,CON_FALLECIDOS,Choque Vehicular,Imprudencia del conductor,23,FALLECIDO,HOMBRE,SCOOTER,49,LESIONADO,NO_REGISTRA,OTRO,,,,
2022-04-07 07:41:36,-3.992037,-79.222456,Via Loja - Catamayo,CON_FALLECIDOS,Choque Vehicular,Falla mecanica,82,FALLECIDO,NO_REGISTRA,SCOOTER,36,FALLECIDO,MUJER,PEATON,33,LESIONADO,MUJER,PEATON
2022-04-25 18:31:19,-4.024389,-79.214152,Calle Bolivar,CON_FALLECIDOS,Atropellamiento,Mal estado de la via,45,FALLECIDO,HOMBRE,VEH_LIVIANO,,,,,,,,
2022-10-06 15:16:41,-3.991310,-79.211507,Calle Ramon Borrero,CON_FALLECIDOS,Choque Vehicular,Mal estado de la via,31,FALLECIDO,MUJER,CICLISTA,72,LESIONADO,NO_REGISTRA,CICLISTA,14,LESIONADO,HOMBRE,OTRO
2022-06-27 07:30:19,-4.005063,-79.204293,Av. Manuel Agustin Aguirre,CON_FALLECIDOS,Accidente Laboral,Equipo de seguridad deficiente,29,FALLECIDO,MUJER,SCOOTER,37,FALLECIDO,MUJER,SCOOTER,66,LESIONADO,MUJER,SCOOTER
2022-12-09 22:24:46,-4.021762,-79.188197,Via Loja - Zamora,SOLO_DANOS,Caida,Imprudencia del conductor,,,,,,,,,,,,
2022-01-27 22:35:29,-4.023035,-79.189663,Av. Rosa Hermosa,CON_LESIONADOS,Accidente Laboral,Factores externos,54,LESIONADO,NO_REGISTRA,MOTOCICLETA,24,LESIONADO,NO_REGISTRA,MOTOCICLETA,47,LESIONADO,NO_REGISTRA,PEATON
2022-02-17 13:17:39,-4.000488,-79.180988,Calle Bolivar,CON_LESIONADOS,Accidente Laboral,Falla mecanica,70,LESIONADO,HOMBRE,CICLISTA,12,LESIONADO,HOMBRE,CICLISTA,,,,
2022-10-01 22:44:11,-4.006364,-79.216707,Av. Rosa Hermosa,CON_LESIONADOS,Colision Multiple,Estado de embriaguez,70,LESIONADO,NO_REGISTRA,CICLISTA,57,LESIONADO,MUJER,MOTOCICLETA,,,,
2022-02-15 09:26:31,-3.986649,-79.216192,Av. Manuel Agustin Aguirre,CON_LESIONADOS,Incendio,Factores externos,39,LESIONADO,MUJER,SCOOTER,,,,,,,,
2022-03-05 04:05:57,-4.029495,-79.195262,Av. Gran Colombia,CON_FALLECIDOS,Caida,Estado de embriaguez,33,FALLECIDO,HOMBRE,PEATON,39,FALLECIDO,HOMBRE,PEATON,56,LESIONADO,HOMBRE,CICLISTA
2022-06-17 01:06:41,-3.979119,-79.210912,Calle Rocafuerte,CON_LESIONADOS,Caida,Fatiga del conductor,37,LESIONADO,NO_REGISTRA,VEH_LIVIANO,20,LESIONADO,NO_REGISTRA,SCOOTER,77,LESIONADO,NO_REGISTRA,SCOOTER
2022-11-21 12:47:32,-4.007492,-79.200556,Via Loja - Zamora,CON_LESIONADOS,Incendio,Mal estado de la via,34,LESIONADO,MUJER,MOTOCICLETA,29,LESIONADO,MUJER,SCOOTER,30,LESIONADO,MUJER,CICLISTA
2022-01-22 16:33:39,-4.000316,-79.181295,Calle Colon,SOLO_DANOS,Atropellamiento,Inobservancia de senales,,,,,,,,,,,,
2022-12-11 16:24:24,-3.986763,-79.227333,Calle Sucre,CON_FALLECIDOS,Choque Vehicular,Inobservancia de senales,64,FALLECIDO,MUJER,MOTOCICLETA,,,,,,,,
2022-12-24 18:51:55,-4.035155,-79.188221,Av. Isidro Ayora,CON_LESIONADOS,Incendio,Via resbaladiza o mojada,8,LESIONADO,HOMBRE,VEH_LIVIANO,59,LESIONADO,NO_REGISTRA,CICLISTA,76,LESIONADO,NO_REGISTRA,CICLISTA
2022-05-05 03:17:10,-3.996650,-79.218071,Calle Saraguro,CON_LESIONADOS,Choque Vehicular,Imprudencia del conductor,32,LESIONADO,HOMBRE,CICLISTA,12,LESIONADO,NO_REGISTRA,PEATON,20,LESIONADO,MUJER,CICLISTA
2022-12-15 21:26:36,-3.990220,-79.193650,Av. Metropolitana,CON_FALLECIDOS,Choque Vehicular,Estado de embriaguez,40,FALLECIDO,NO_REGISTRA,CICLISTA,77,FALLECIDO,MUJER,VEH_LIVIANO,26,LESIONADO,MUJER,SCOOTER
2022-10-09 05:13:59,-3.980562,-79.204320,Calle Colon,SOLO_DANOS,Choque Vehicular,Estado de embriaguez,,,,,,,,,,,,
2022-12-03 22:53:52,-4.002651,-79.219193,Calle 18 de Noviembre,CON_LESIONADOS,Volcamiento,Fatiga del conductor,74,LESIONADO,NO_REGISTRA,MOTOCICLETA,,,,,,,,
2022-01-11 11:51:28,-3.979356,-79.212276,Via Loja - Catamayo,CON_LESIONADOS,Volcamiento,Via resbaladiza o mojada,35,LESIONADO,MUJER,PEATON,,,,,,,,
2022-02-04 00:25:13,-4.024565,-79.187646,Calle Colon,CON_FALLECIDOS,Caida,Equipo de seguridad deficiente,78,FALLECIDO,NO_REGISTRA,CICLISTA,23,LESIONADO,NO_REGISTRA,PEATON,,,,
2022-11-06 21:00:35,-3.987865,-79.193953,Av. Reinaldo Espinosa,SOLO_DANOS,Colision Multiple,Distraccion (celular/radio),,,,,,,,,,,,
2022-05-17 01:03:57,-4.015864,-79.226863,Calle 10 de Agosto,CON_FALLECIDOS,Atropellamiento,Falla mecanica,47,FALLECIDO,NO_REGISTRA,MOTOCICLETA,23,LESIONADO,NO_REGISTRA,OTRO,,,,
2022-05-14 14:43:29,-4.003406,-79.221311,Av. Rosa Hermosa,SOLO_DANOS,Volcamiento,Fatiga del conductor,,,,,,,,,,,,
2022-05-01 03:31:42,-3.990145,-79.222526,Av. Pio Jaramillo,CON_FALLECIDOS,Atropellamiento,Visibilidad reducida,82,FALLECIDO,NO_REGISTRA,OTRO,,,,,,,,
2022-11-30 19:52:15,-3.990567,-79.195774,Calle Miguel Riofrio,SOLO_DANOS,Accidente Laboral,Inobservancia de senales,,,,,,,,,,,,
2022-01-13 01:31:05,-3.981256,-79.227547,Av. Orillas del Zamora,SOLO_DANOS,Accidente Laboral,Distraccion (celular/radio),,,,,,,,,,,,
2022-10-01 12:24:07,-4.013006,-79.209182,Av. Universitaria,CON_LESIONADOS,Choque Vehicular,Factores externos,15,LESIONADO,MUJER,VEH_LIVIANO,16,LESIONADO,HOMBRE,CICLISTA,,,,
2022-05-13 18:47:19,-4.017490,-79.173791,Calle 18 de Noviembre,SOLO_DANOS,Accidente Laboral,Equipo de seguridad deficiente,,,,,,,,,,,,
2022-01-18 13:42:01,-4.033510,-79.178855,Av. Metropolitana,CON_FALLECIDOS,Caida,Imprudencia del conductor,71,FALLECIDO,NO_REGISTRA,CICLISTA,,,,,,,,
2022-06-26 22:44:52,-4.034579,-79.194713,Via Loja - Catamayo,CON_FALLECIDOS,Incendio,Factores externos,61,FALLECIDO,NO_REGISTRA,CICLISTA,53,FALLECIDO,HOMBRE,MOTOCICLETA,73,LESIONADO,MUJER,PEATON
2022-03-15 12:37:09,-4.025447,-79.229702,Calle Ramon Borrero,CON_LESIONADOS,Atropellamiento,Mal estado de la via,52,LESIONADO,HOMBRE,CICLISTA,,,,,,,,
2022-02-20 00:44:10,-3.981199,-79.226525,Av. Pio Jaramillo,CON_LESIONADOS,Choque Vehicular,Imprudencia del conductor,69,LESIONADO,NO_REGISTRA,OTRO,16,LESIONADO,HOMBRE,PEATON,,,,
2022-09-21 14:45:11,-3.988465,-79.227487,Calle Ramon Borrero,CON_FALLECIDOS,Incendio,Falla mecanica,42,FALLECIDO,HOMBRE,CICLISTA,53,FALLECIDO,MUJER,VEH_LIVIANO,41,LESIONADO,MUJER,CICLISTA
2022-03-17 20:56:16,-4.028271,-79.218013,Calle Ramon Borrero,CON_FALLECIDOS,Caida,Via resbaladiza o mojada,19,FALLECIDO,HOMBRE,VEH_LIVIANO,,,,,,,,
2022-07-16 08:33:07,-4.033665,-79.177188,Av. Rosa Hermosa,CON_LESIONADOS,Caida,Factores externos,54,LESIONADO,MUJER,OTRO,8,LESIONADO,HOMBRE,VEH_LIVIANO,12,LESIONADO,NO_REGISTRA,MOTOCICLETA