fecha_hora,latitud,longitud,via,grado_severidad,tipo_siniestro,causa_probable,victima1_edad,victima1_condicion,victima1_sexo,victima1_actor_vial,victima2_edad,victima2_condicion,victima2_sexo,victima2_actor_vial,victima3_edad,victima3_condicion,victima3_sexo,victima3_actor_vial
2022-05-17 03:41:34,-4.010752,-79.176547,Av. Pio Jaramillo,CON_LESIONADOS,Incendio,Fatiga del conductor,18,LESIONADO,MUJER,VEH_LIVIANO,,,,,,,,
2022-04-20 19:39:01,-4.007327,-79.188256,Av. Orillas del Zamora,SOLO_DANOS,Accidente Laboral,Estado de embriaguez,,,,,,,,,,,,
2022-03-18 23:36:50,-3.999694,-79.199514,Av. Universitaria,CON_FALLECIDOS,Accidente Laboral,Factores externos,68,FALLECIDO,HOMBRE,CICLISTA,48,FALLECIDO,NO_REGISTRA,MOTOCICLETA,21,LESIONADO,HOMBRE,SCOOTER
2022-05-06 18:08:13,-3.994600,-79.189194,Av. Gran Colombia,CON_LESIONADOS,Volcamiento,Inobservancia de senales,42,LESIONADO,MUJER,MOTOCICLETA,,,,,,,,
2022-08-01 07:11:56,-4.009163,-79.222961,Av. Isidro Ayora,CON_LESIONADOS,Caida,Exceso de velocidad,7,LESIONADO,MUJER,OTRO,14,LESIONADO,HOMBRE,SCOOTER,,,,
2022-08-25 15:34:51,-3.987092,-79.221062,Calle Mercadillo,SOLO_DANOS,Caida,Factores externos,,,,,,,,,,,,
2022-03-06 20:37:51,-3.994756,-79.174853,Av. Isidro Ayora,SOLO_DANOS,Colision Multiple,Estado de embriaguez,,,,,,,,,,,,
2022-11-09 22:35:47,-3.993163,-79.217979,Calle Quito,SOLO_DANOS,Incendio,Exceso de velocidad,,,,,,,,,,,,
2022-05-24 12:44:20,-4.029058,-79.175736,Av. Rosa Hermosa,CON_LESIONADOS,Incendio,Estado de embriaguez,30,LESIONADO,HOMBRE,VEH_LIVIANO,50,LESIONADO,NO_REGISTRA,SCOOTER,49,LESIONADO,HOMBRE,MOTOCICLETA
2022-10-28 16:05:05,-4.018682,-79.181758,Av. Manuel Agustin Aguirre,CON_FALLECIDOS,Volcamiento,Fatiga del conductor,60,FALLECIDO,MUJER,MOTOCICLETA,,,,,,,,
2022-08-11 07:27:08,-4.015265,-79.186418,Calle Saraguro,CON_FALLECIDOS,Incendio,Estado de embriaguez,23,FALLECIDO,MUJER,CICLISTA,36,FALLECIDO,NO_REGISTRA,MOTOCICLETA,,,,
2022-11-27 17:39:18,-3.991769,-79.216034,Calle Imbabura,SOLO_DANOS,Choque Vehicular,Equipo de seguridad deficiente,,,,,,,,,,,,
2022-12-26 11:40:49,-4.014176,-79.224433,Av. 8 de Diciembre,SOLO_DANOS,Incendio,Exceso de velocidad,,,,,,,,,,,,
2022-05-10 04:40:23,-4.028066,-79.206370,Via Loja - Catamayo,CON_FALLECIDOS,Accidente Laboral,Exceso de velocidad,69,FALLECIDO,NO_REGISTRA,OTRO,68,FALLECIDO,MUJER,MOTOCICLETA,76,LESIONADO,NO_REGISTRA,SCOOTER
2022-12-19 07:30:48,-4.033232,-79.219107,Av. Manuel Agustin Aguirre,CON_FALLECIDOS,Accidente Laboral,Imprudencia del conductor,63,FALLECIDO,HOMBRE,OTRO,11,LESIONADO,MUJER,PEATON,57,LESIONADO,HOMBRE,CICLISTA
2022-11-28 07:14:19,-3.983702,-79.180812,Av. Orillas del Zamora,CON_FALLECIDOS,Accidente Laboral,Mal estado de la via,28,FALLECIDO,NO_REGISTRA,SCOOTER,,,,,,,,
2022-10-04 18:18:14,-4.035032,-79.183228,Calle Azogues,SOLO_DANOS,Accidente Laboral,Imprudencia del conductor,70,LESIONADO,MUJER,OTRO,,,,,,,,
2022-05-29 20:01:41,-4.014737,-79.203675,Av. Cuxibamba,CON_FALLECIDOS,Colision Multiple,Exceso de velocidad,32,FALLECIDO,HOMBRE,OTRO,59,FALLECIDO,HOMBRE,CICLISTA,,,,
2022-09-28 21:25:04,-4.011629,-79.198836,Av. Pio Jaramillo,CON_LESIONADOS,Incendio,Distraccion (celular/radio),11,LESIONADO,MUJER,VEH_LIVIANO,42,LESIONADO,HOMBRE,SCOOTER,14,LESIONADO,HOMBRE,OTRO
2022-06-09 13:36:51,-4.004944,-79.191475,Calle Miguel Riofrio,SOLO_DANOS,Caida,Visibilidad reducida,,,,,,,,,,,,
2022-04-17 00:04:05,-4.025142,-79.181158,Av. Metropolitana,CON_FALLECIDOS,Choque Vehicular,Mal estado de la via,74,FALLECIDO,HOMBRE,CICLISTA,43,LESIONADO,NO_REGISTRA,SCOOTER,,,,
2022-06-15 23:26:38,-3.992598,-79.177356,Calle Miguel Riofrio,SOLO_DANOS,Incendio,Mal estado de la via,,,,,,,,,,,,
2022-10-29 04:57:46,-3.986442,-79.185387,Av. 8 de Diciembre,CON_FALLECIDOS,Choque Vehicular,Via resbaladiza o mojada,45,FALLECIDO,NO_REGISTRA,OTRO,82,FALLECIDO,MUJER,OTRO,76,LESIONADO,NO_REGISTRA,VEH_LIVIANO
2022-02-16 16:27:28,-4.033671,-79.198345,Calle Sucre,CON_LESIONADOS,Caida,Equipo de seguridad deficiente,65,LESIONADO,NO_REGISTRA,PEATON,33,LESIONADO,NO_REGISTRA,MOTOCICLETA,34,LESIONADO,NO_REGISTRA,PEATON
2022-02-17 14:46:37,-3.993136,-79.178858,Av. Reinaldo Espinosa,CON_LESIONADOS,Incendio,Imprudencia del conductor,42,LESIONADO,MUJER,CICLISTA,52,LESIONADO,NO_REGISTRA,CICLISTA,45,LESIONADO,HOMBRE,SCOOTER
2022-06-29 12:09:21,-4.012933,-79.201267,Calle Quito,SOLO_DANOS,Colision Multiple,Via resbaladiza o mojada,,,,,,,,,,,,
2022-09-11 05:23:02,-4.018462,-79.185691,Calle Azogues,SOLO_DANOS,Colision Multiple,Falla mecanica,,,,,,,,,,,,
2022-06-28 15:42:19,-4.032402,-79.204147,Calle Miguel Riofrio,CON_FALLECIDOS,Colision Multiple,Via resbaladiza o mojada,51,FALLECIDO,MUJER,SCOOTER,40,LESIONADO,NO_REGISTRA,MOTOCICLETA,,,,
2022-02-08 02:59:43,-3.988078,-79.172061,Av. Orillas del Zamora,CON_FALLECIDOS,Choque Vehicular,Inobservancia de senales,30,FALLECIDO,MUJER,VEH_LIVIANO,63,FALLECIDO,NO_REGISTRA,MOTOCICLETA,71,LESIONADO,NO_REGISTRA,PEATON
2022-01-07 10:33:17,-3.997308,-79.173852,Calle 10 de Agosto,CON_LESIONADOS,Choque Vehicular,Falla mecanica,22,LESIONADO,MUJER,PEATON,23,LESIONADO,NO_REGISTRA,VEH_LIVIANO,8,LESIONADO,HOMBRE,VEH_LIVIANO
2022-05-01 01:17:30,-3.992340,-79.223867,Av. 8 de Diciembre,SOLO_DANOS,Colision Multiple,Visibilidad reducida,,,,,,,,,,,,
2022-01-06 23:44:39,-4.013490,-79.203793,Av. Reinaldo Espinosa,CON_FALLECIDOS,Incendio,Inobservancia de senales,41,FALLECIDO,MUJER,SCOOTER,51,FALLECIDO,MUJER,VEH_LIVIANO,,,,
2022-02-27 19:30:17,-4.024739,-79.174886,Av. 8 de Diciembre,CON_LESIONADOS,Caida,Equipo de seguridad deficiente,42,LESIONADO,MUJER,OTRO,72,LESIONADO,NO_REGISTRA,OTRO,54,LESIONADO,MUJER,VEH_LIVIANO
2022-01-25 23:28:18,-4.035492,-79.205636,Calle Saraguro,CON_FALLECIDOS,Atropellamiento,Distraccion (celular/radio),39,FALLECIDO,NO_REGISTRA,OTRO,23,FALLECIDO,NO_REGISTRA,PEATON,,,,
2022-09-30 15:00:42,-4.016653,-79.199337,Calle 18 de Noviembre,CON_FALLECIDOS,Volcamiento,Mal estado de la via,67,FALLECIDO,MUJER,CICLISTA,8,LESIONADO,NO_REGISTRA,VEH_LIVIANO,50,LESIONADO,NO_REGISTRA,VEH_LIVIANO
2022-12-22 18:42:25,-4.019482,-79.174551,Av. Orillas del Zamora,CON_LESIONADOS,Colision Multiple,Equipo de seguridad deficiente,78,LESIONADO,MUJER,PEATON,57,LESIONADO,NO_REGISTRA,MOTOCICLETA,,,,
2022-11-03 09:32:40,-4.030258,-79.193684,Calle 18 de Noviembre,SOLO_DANOS,Colision Multiple,Distraccion (celular/radio),,,,,,,,,,,,
2022-10-22 02:41:50,-3.984576,-79.212504,Calle Montufar,CON_LESIONADOS,Incendio,Exceso de velocidad,12,LESIONADO,MUJER,SCOOTER,51,LESIONADO,NO_REGISTRA,OTRO,54,LESIONADO,NO_REGISTRA,PEATON
2022-08-30 21:56:43,-4.021092,-79.222314,Calle Colon,SOLO_DANOS,Accidente Laboral,Visibilidad reducida,,,,,,,,,,,,
2022-07-20 09:01:09,-3.982377,-79.226764,Calle Imbabura,CON_FALLECIDOS,Atropellamiento,Factores externos,69,FALLECIDO,HOMBRE,MOTOCICLETA,,,,,,,,
2022-07-24 16:04:10,-3.981103,-79.177436,Calle Rocafuerte,CON_LESIONADOS,Incendio,Distraccion (celular/radio),30,LESIONADO,HOMBRE,MOTOCICLETA,60,LESIONADO,MUJER,VEH_LIVIANO,,,,
2022-12-19 21:11:40,-4.015684,-79.202478,Av. Rosa Hermosa,CON_FALLECIDOS,Caida,Via resbaladiza o mojada,39,FALLECIDO,MUJER,OTRO,44,LESIONADO,HOMBRE,OTRO,,,,
2022-11-24 15:41:02,-4.018705,-79.180808,Calle Imbabura,CON_LESIONADOS,Incendio,Mal estado de la via,41,LESIONADO,MUJER,CICLISTA,,,,,,,,
2022-05-19 21:15:41,-4.031571,-79.196807,Av. Metropolitana,SOLO_DANOS,Choque Vehicular,Mal estado de la via,,,,,,,,,,,,
2022-01-12 05:52:03,-4.004004,-79.193703,Av. Metropolitana,SOLO_DANOS,Accidente Laboral,Visibilidad reducida,,,,,,,,,,,,
2022-02-05 09:17:14,-4.013606,-79.206096,Av. Universitaria,CON_FALLECIDOS,Atropellamiento,Imprudencia del conductor,26,FALLECIDO,MUJER,CICLISTA,,,,,,,,
2022-11-04 10:27:09,-4.011666,-79.191044,Av. Cuxibamba,SOLO_DANOS,Atropellamiento,Visibilidad reducida,,,,,,,,,,,,
2022-10-23 09:01:41,-4.017480,-79.197522,Calle Miguel Riofrio,SOLO_DANOS,Choque Vehicular,Fatiga del conductor,,,,,,,,,,,,
2022-03-15 21:52:53,-3.986454,-79.171800,Calle Bolivar,CON_LESIONADOS,Accidente Laboral,Factores externos,35,LESIONADO,MUJER,PEATON,6,LESIONADO,NO_REGISTRA,OTRO,,,,
2022-06-24 09:30:58,-4.015843,-79.174787,Calle Imbabura,SOLO_DANOS,Accidente Laboral,Factores externos,74,LESIONADO,HOMBRE,PEATON,,,,,,,,
2022-02-03 11:05:49,-4.009378,-79.176305,Via Loja - Catamayo,SOLO_DANOS,Colision Multiple,Inobservancia de senales,,,,,,,,,,,,
2022-05-12 22:41:31,-3.993555,-79.192119,Av. Manuel Agustin Aguirre,SOLO_DANOS,Colision Multiple,Falla mecanica,,,,,,,,,,,,
2022-03-07 10:03:18,-4.023948,-79.198366,Calle 10 de Agosto,CON_FALLECIDOS,Caida,Fatiga del conductor,18,FALLECIDO,NO_REGISTRA,OTRO,78,FALLECIDO,NO_REGISTRA,PEATON,79,LESIONADO,NO_REGISTRA,SCOOTER
2022-01-11 05:23:09,-4.014541,-79.216152,Av. Reinaldo Espinosa,CON_FALLECIDOS,Choque Vehicular,Via resbaladiza o mojada,25,FALLECIDO,MUJER,PEATON,,,,,,,,
2022-11-09 19:02:10,-3.997567,-79.173249,Av. Pio Jaramillo,SOLO_DANOS,Volcamiento,Distraccion (celular/radio),,,,,,,,,,,,
2022-07-20 22:22:43,-4.016117,-79.192051,Calle Miguel Riofrio,CON_FALLECIDOS,Caida,Falla mecanica,25,FALLECIDO,NO_REGISTRA,MOTOCICLETA,23,FALLECIDO,NO_REGISTRA,CICLISTA,67,LESIONADO,MUJER,VEH_LIVIANO
2022-02-07 23:38:23,-4.020214,-79.179847,Calle Mercadillo,CON_FALLECIDOS,Accidente Laboral,Falla mecanica,82,FALLECIDO,NO_REGISTRA,OTRO,,,,,,,,
2022-11-02 06:15:14,-3.986910,-79.197013,Calle Bolivar,CON_LESIONADOS,Choque Vehicular,Factores externos,62,LESIONADO,NO_REGISTRA,CICLISTA,47,LESIONADO,NO_REGISTRA,VEH_LIVIANO,24,LESIONADO,MUJER,OTRO
2022-10-25 05:30:20,-4.021155,-79.198280,Calle Ramon Borrero,CON_FALLECIDOS,Atropellamiento,Imprudencia del conductor,57,FALLECIDO,NO_REGISTRA,OTRO,73,FALLECIDO,HOMBRE,OTRO,11,LESIONADO,MUJER,CICLISTA
2022-10-15 13:56:36,-3.982614,-79.203656,Calle Rocafuerte,CON_FALLECIDOS,Incendio,Mal estado de la via,69,FALLECIDO,MUJER,MOTOCICLETA,65,FALLECIDO,NO_REGISTRA,OTRO,18,LESIONADO,MUJER,PEATON
2022-10-23 22:23:44,-4.002552,-79.195492,Calle Ramon Borrero,CON_LESIONADOS,Incendio,Visibilidad reducida,70,LESIONADO,NO_REGISTRA,MOTOCICLETA,69,LESIONADO,HOMBRE,OTRO,,,,
2022-10-20 23:40:05,-4.000529,-79.188610,Via Loja - Zamora,CON_FALLECIDOS,Choque Vehicular,Fatiga del conductor,33,FALLECIDO,NO_REGISTRA,PEATON,54,FALLECIDO,MUJER,SCOOTER,20,LESIONADO,NO_REGISTRA,VEH_LIVIANO
2022-09-08 01:48:09,-3.995204,-79.190991,Av. Universitaria,CON_FALLECIDOS,Choque Vehicular,Imprudencia del conductor,81,FALLECIDO,MUJER,MOTOCICLETA,,,,,,,,
2022-11-10 01:33:32,-3.988787,-79.225117,Av. Cuxibamba,CON_LESIONADOS,Volcamiento,Imprudencia del conductor,68,LESIONADO,MUJER,MOTOCICLETA,,,,,,,,
2022-08-15 05:26:04,-3.993379,-79.177244,Av. Reinaldo Espinosa,CON_LESIONADOS,Atropellamiento,Mal estado de la via,66,LESIONADO,MUJER,CICLISTA,,,,,,,,
2022-07-22 10:17:15,-3.983887,-79.196847,Calle Mercadillo,CON_FALLECIDOS,Choque Vehicular,Exceso de velocidad,55,FALLECIDO,HOMBRE,CICLISTA,,,,,,,,
2022-03-03 14:59:16,-4.033913,-79.216517,Av. Rosa Hermosa,SOLO_DANOS,Colision Multiple,Inobservancia de senales,,,,,,,,,,,,
2022-09-12 16:31:58,-3.997415,-79.224253,Calle Azogues,SOLO_DANOS,Atropellamiento,Visibilidad reducida,,,,,,,,,,,,
2022-12-02 19:10:58,-3.977454,-79.199847,Av. Cuxibamba,CON_LESIONADOS,Caida,Fatiga del conductor,44,LESIONADO,NO_REGISTRA,CICLISTA,69,LESIONADO,NO_REGISTRA,CICLISTA,57,LESIONADO,MUJER,SCOOTER
2022-03-06 03:29:15,-4.014771,-79.227333,Av. Gran Colombia,CON_LESIONADOS,Incendio,Mal estado de la via,28,LESIONADO,NO_REGISTRA,VEH_LIVIANO,33,LESIONADO,MUJER,SCOOTER,8,LESIONADO,HOMBRE,VEH_LIVIANO
2022-06-14 18:19:13,-4.014193,-79.198810,Calle Mercadillo,CON_LESIONADOS,Volcamiento,Fatiga del conductor,35,LESIONADO,HOMBRE,VEH_LIVIANO,61,LESIONADO,NO_REGISTRA,OTRO,,,,
2022-03-21 08:37:13,-3.992408,-79.222020,Av. Metropolitana,CON_LESIONADOS,Accidente Laboral,Estado de embriaguez,73,LESIONADO,NO_REGISTRA,OTRO,,,,,,,,
2022-05-09 04:31:44,-3.991446,-79.197110,Calle Colon,SOLO_DANOS,Volcamiento,Fatiga del conductor,,,,,,,,,,,,
2022-01-05 05:06:48,-4.016416,-79.205133,Calle Bolivar,CON_FALLECIDOS,Atropellamiento,Via resbaladiza o mojada,69,FALLECIDO,HOMBRE,PEATON,68,FALLECIDO,HOMBRE,SCOOTER,,,,
2022-07-19 04:27:45,-4.016502,-79.220837,Via Loja - Catamayo,CON_LESIONADOS,Incendio,Falla mecanica,79,LESIONADO,HOMBRE,CICLISTA,79,LESIONADO,MUJER,MOTOCICLETA,,,,
2022-05-13 07:50:17,-3.979831,-79.225824,Av. Cuxibamba,CON_FALLECIDOS,Choque Vehicular,Equipo de seguridad deficiente,28,FALLECIDO,HOMBRE,OTRO,39,FALLECIDO,NO_REGISTRA,SCOOTER,78,LESIONADO,NO_REGISTRA,SCOOTER
2022-07-09 19:39:00,-3.986109,-79.206572,Calle Ramon Borrero,CON_LESIONADOS,Incendio,Mal estado de la via,68,LESIONADO,HOMBRE,CICLISTA,10,LESIONADO,NO_REGISTRA,SCOOTER,,,,
2022-01-20 03:25:19,-3.997696,-79.206756,Calle Saraguro,CON_FALLECIDOS,Accidente Laboral,Falla mecanica,83,FALLECIDO,HOMBRE,MOTOCICLETA,53,FALLECIDO,NO_REGISTRA,VEH_LIVIANO,36,LESIONADO,HOMBRE,CICLISTA
2022-07-19 21:23:28,-4.009601,-79.218303,Via Loja - Catamayo,CON_LESIONADOS,Caida,Exceso de velocidad,65,LESIONADO,HOMBRE,OTRO,23,LESIONADO,NO_REGISTRA,VEH_LIVIANO,78,LESIONADO,MUJER,OTRO
2022-09-21 16:45:55,-4.009530,-79.226153,Calle 10 de Agosto,SOLO_DANOS,Choque Vehicular,Inobservancia de senales,39,LESIONADO,MUJER,MOTOCICLETA,,,,,,,,
2022-07-24 00:03:44,-3.998395,-79.199368,Calle Ramon Borrero,CON_FALLECIDOS,Choque Vehicular,Fatiga del conductor,34,FALLECIDO,HOMBRE,VEH_LIVIANO,84,FALLECIDO,HOMBRE,SCOOTER,32,LESIONADO,HOMBRE,VEH_LIVIANO
2022-10-04 22:02:51,-3.983851,-79.226375,Av. Isidro Ayora,SOLO_DANOS,Incendio,Mal estado de la via,69,LESIONADO,NO_REGISTRA,MOTOCICLETA,,,,,,,,
2022-04-13 02:31:03,-4.031692,-79.186154,Av. Reinaldo Espinosa,CON_FALLECIDOS,Caida,Distraccion (celular/radio),53,FALLECIDO,MUJER,MOTOCICLETA,52,LESIONADO,NO_REGISTRA,PEATON,10,LESIONADO,MUJER,SCOOTER
2022-03-11 09:31:20,-4.002898,-79.216658,Calle Montufar,SOLO_DANOS,Choque Vehicular,Via resbaladiza o mojada,,,,,,,,,,,,
2022-04-30 16:57:06,-3.985124,-79.221957,Calle Mercadillo,SOLO_DANOS,Accidente Laboral,Via resbaladiza o mojada,,,,,,,,,,,,
2022-10-05 05:20:25,-3.990938,-79.204993,Via Loja - Catamayo,SOLO_DANOS,Accidente Laboral,Falla mecanica,63,LESIONADO,MUJER,OTRO,,,,,,,,
2022-11-13 23:24:30,-4.003177,-79.219335,Av. Manuel Agustin Aguirre,CON_LESIONADOS,Incendio,Exceso de velocidad,37,LESIONADO,NO_REGISTRA,CICLISTA,,,,,,,,
2022-03-25 13:56:07,-4.024962,-79.177048,Av. 8 de Diciembre,CON_FALLECIDOS,Accidente Laboral,Equipo de seguridad deficiente,26,FALLECIDO,MUJER,CICLISTA,70,FALLECIDO,MUJER,MOTOCICLETA,28,LESIONADO,NO_REGISTRA,VEH_LIVIANO
2022-04-03 17:39:19,-3.983572,-79.179547,Av. Gran Colombia,SOLO_DANOS,Colision Multiple,Fatiga del conductor,,,,,,,,,,,,
2022-10-12 11:29:49,-3.987394,-79.171205,Calle Azogues,CON_LESIONADOS,Caida,Via resbaladiza o mojada,34,LESIONADO,NO_REGISTRA,OTRO,,,,,,,,
2022-01-22 20:28:50,-3.995643,-79.209461,Av. Isidro Ayora,CON_LESIONADOS,Choque Vehicular,Estado de embriaguez,40,LESIONADO,HOMBRE,MOTOCICLETA,,,,,,,,
2022-10-05 18:27:14,-4.032086,-79.215302,Calle Ramon Borrero,CON_FALLECIDOS,Caida,Equipo de seguridad deficiente,31,FALLECIDO,HOMBRE,CICLISTA,38,FALLECIDO,HOMBRE,VEH_LIVIANO,13,LESIONADO,HOMBRE,MOTOCICLETA
2022-03-10 05:34:47,-4.025593,-79.199473,Av. Cuxibamba,CON_FALLECIDOS,Volcamiento,Estado de embriaguez,57,FALLECIDO,MUJER,SCOOTER,51,FALLECIDO,NO_REGISTRA,OTRO,63,LESIONADO,HOMBRE,CICLISTA
2022-07-06 01:27:53,-4.015072,-79.209646,Via Loja - Catamayo,SOLO_DANOS,Accidente Laboral,Via resbaladiza o mojada,,,,,,,,,,,,
2022-02-13 04:03:33,-4.016010,-79.221666,Av. Rosa Hermosa,CON_FALLECIDOS,Accidente Laboral,Inobservancia de senales,82,FALLECIDO,MUJER,VEH_LIVIANO,43,LESIONADO,NO_REGISTRA,OTRO,5,LESIONADO,HOMBRE,VEH_LIVIANO
2022-01-09 19:18:19,-4.035409,-79.198903,Av. Cuxibamba,CON_FALLECIDOS,Choque Vehicular,Via resbaladiza o mojada,69,FALLECIDO,MUJER,VEH_LIVIANO,,,,,,,,
2022-11-09 02:26:04,-4.015301,-79.220934,Calle Quito,SOLO_DANOS,Atropellamiento,Imprudencia del conductor,,,,,,,,,,,,
2022-09-23 14:57:25,-4.005751,-79.189893,Via Loja - Zamora,SOLO_DANOS,Atropellamiento,Falla mecanica,,,,,,,,,,,,
2022-11-02 10:07:50,-4.003767,-79.215379,Calle Quito,CON_FALLECIDOS,Colision Multiple,Factores externos,72,FALLECIDO,MUJER,OTRO,,,,,,,,
2022-06-19 03:15:38,-3.994672,-79.178234,Via Loja - Catamayo,CON_LESIONADOS,Colision Multiple,Imprudencia del conductor,78,LESIONADO,MUJER,CICLISTA,64,LESIONADO,MUJER,CICLISTA,50,LESIONADO,MUJER,PEATON
2022-08-25 18:19:10,-3.981429,-79.208686,Calle 18 de Noviembre,SOLO_DANOS,Volcamiento,Equipo de seguridad deficiente,,,,,,,,,,,,
2022-11-01 10:22:26,-3.988892,-79.224890,Calle Quito,SOLO_DANOS,Choque Vehicular,Imprudencia del conductor,,,,,,,,,,,,
2022-09-23 18:27:47,-4.030524,-79.202242,Calle Quito,CON_LESIONADOS,Atropellamiento,Inobservancia de senales,9,LESIONADO,MUJER,SCOOTER,62,LESIONADO,NO_REGISTRA,SCOOTER,,,,
2022-01-21 05:28:36,-3.977903,-79.218550,Calle Colon,CON_LESIONADOS,Caida,Imprudencia del conductor,33,LESIONADO,HOMBRE,PEATON,79,LESIONADO,HOMBRE,SCOOTER,56,LESIONADO,HOMBRE,MOTOCICLETA
2022-01-11 03:20:30,-4.029909,-79.208773,Calle Imbabura,CON_LESIONADOS,Volcamiento,Mal estado de la via,35,LESIONADO,NO_REGISTRA,PEATON,20,LESIONADO,MUJER,SCOOTER,55,LESIONADO,NO_REGISTRA,CICLISTA
2022-05-08 23:02:34,-3.978778,-79.195101,Av. Metropolitana,CON_FALLECIDOS,Incendio,Exceso de velocidad,39,FALLECIDO,HOMBRE,PEATON,50,LESIONADO,NO_REGISTRA,PEATON,,,,
2022-07-05 09:52:38,-4.019617,-79.215758,Calle Quito,SOLO_DANOS,Volcamiento,Imprudencia del conductor,,,,,,,,,,,,
2022-12-22 08:33:14,-4.005730,-79.193321,Via Loja - Zamora,CON_FALLECIDOS,Volcamiento,Imprudencia del conductor,49,FALLECIDO,MUJER,VEH_LIVIANO,,,,,,,,
2022-04-01 17:15:39,-4.020202,-79.198342,Av. Cuxibamba,CON_LESIONADOS,Accidente Laboral,Estado de embriaguez,71,LESIONADO,NO_REGISTRA,OTRO,37,LESIONADO,HOMBRE,MOTOCICLETA,80,LESIONADO,HOMBRE,VEH_LIVIANO
2022-01-16 08:09:31,-4.002493,-79.203868,Calle Montufar,CON_FALLECIDOS,Accidente Laboral,Inobservancia de senales,44,FALLECIDO,HOMBRE,PEATON,83,FALLECIDO,HOMBRE,SCOOTER,42,LESIONADO,NO_REGISTRA,SCOOTER
2022-03-09 11:57:46,-4.034925,-79.198679,Av. Gran Colombia,CON_FALLECIDOS,Colision Multiple,Visibilidad reducida,76,FALLECIDO,MUJER,MOTOCICLETA,30,LESIONADO,HOMBRE,OTRO,64,LESIONADO,NO_REGISTRA,VEH_LIVIANO
2022-07-31 18:56:37,-4.013821,-79.221746,Calle 10 de Agosto,SOLO_DANOS,Atropellamiento,Inobservancia de senales,,,,,,,,,,,,
2022-09-08 06:17:56,-4.026248,-79.207734,Av. Rosa Hermosa,CON_LESIONADOS,Volcamiento,Fatiga del conductor,60,LESIONADO,NO_REGISTRA,SCOOTER,32,LESIONADO,MUJER,OTRO,23,LESIONADO,NO_REGISTRA,PEATON
2022-07-01 14:21:41,-4.025475,-79.180036,Calle Imbabura,SOLO_DANOS,Accidente Laboral,Estado de embriaguez,,,,,,,,,,,,
2022-08-19 00:55:39,-4.000553,-79.210056,Av. Orillas del Zamora,CON_FALLECIDOS,Atropellamiento,Equipo de seguridad deficiente,64,FALLECIDO,MUJER,VEH_LIVIANO,15,LESIONADO,NO_REGISTRA,PEATON,71,LESIONADO,MUJER,OTRO
2022-01-17 23:26:30,-4.036011,-79.218336,Calle 10 de Agosto,CON_FALLECIDOS,Atropellamiento,Estado de embriaguez,37,FALLECIDO,MUJER,OTRO,82,FALLECIDO,MUJER,VEH_LIVIANO,,,,
2022-04-25 12:53:25,-4.021465,-79.217697,Av. Universitaria,CON_LESIONADOS,Caida,Exceso de velocidad,19,LESIONADO,MUJER,VEH_LIVIANO,67,LESIONADO,MUJER,CICLISTA,7,LESIONADO,MUJER,OTRO
2022-11-09 13:51:56,-3.980458,-79.217817,Av. Universitaria,SOLO_DANOS,Colision Multiple,Distraccion (celular/radio),,,,,,,,,,,,
2022-01-11 10:16:21,-4.031747,-79.198881,Calle Sucre,CON_FALLECIDOS,Choque Vehicular,Estado de embriaguez,34,FALLECIDO,NO_REGISTRA,VEH_LIVIANO,44,FALLECIDO,NO_REGISTRA,OTRO,,,,
2022-01-06 14:10:08,-4.032625,-79.230911,Calle Quito,SOLO_DANOS,Caida,Inobservancia de senales,21,LESIONADO,MUJER,SCOOTER,,,,,,,,
2022-03-21 09:48:14,-4.013031,-79.203436,Calle Azogues,CON_LESIONADOS,Incendio,Visibilidad reducida,24,LESIONADO,MUJER,CICLISTA,18,LESIONADO,HOMBRE,VEH_LIVIANO,,,,
2022-09-14 14:31:28,-3.988925,-79.230170,Calle Miguel Riofrio,CON_LESIONADOS,Incendio,Fatiga del conductor,35,LESIONADO,MUJER,PEATON,,,,,,,,
2022-12-04 18:36:46,-4.036009,-79.224477,Av. 8 de Diciembre,CON_FALLECIDOS,Caida,Inobservancia de senales,26,FALLECIDO,HOMBRE,SCOOTER,14,LESIONADO,NO_REGISTRA,OTRO,6,LESIONADO,NO_REGISTRA,CICLISTA
2022-08-31 05:26:22,-4.022475,-79.173424,Calle 18 de Noviembre,CON_FALLECIDOS,Incendio,Estado de embriaguez,42,FALLECIDO,MUJER,VEH_LIVIANO,,,,,,,,
2022-05-24 06:16:33,-4.009442,-79.211397,Calle Azogues,SOLO_DANOS,Accidente Laboral,Estado de embriaguez,,,,,,,,,,,,
2022-04-07 07:29:48,-4.009444,-79.178362,Av. Isidro Ayora,CON_FALLECIDOS,Volcamiento,Imprudencia del conductor,20,FALLECIDO,HOMBRE,SCOOTER,65,FALLECIDO,NO_REGISTRA,VEH_LIVIANO,,,,
2022-03-13 06:03:20,-3.982734,-79.220758,Calle Colon,CON_FALLECIDOS,Accidente Laboral,Via resbaladiza o mojada,25,FALLECIDO,HOMBRE,VEH_LIVIANO,84,FALLECIDO,NO_REGISTRA,OTRO,70,LESIONADO,MUJER,CICLISTA
2022-04-10 20:18:56,-4.019439,-79.181236,Calle 18 de Noviembre,CON_LESIONADOS,Accidente Laboral,Fatiga del conductor,40,LESIONADO,HOMBRE,CICLISTA,79,LESIONADO,MUJER,MOTOCICLETA,,,,