fecha_hora,latitud,longitud,via,grado_severidad,tipo_siniestro,causa_probable,victima1_edad,victima1_condicion,victima1_sexo,victima1_actor_vial,victima2_edad,victima2_condicion,victima2_sexo,victima2_actor_vial,victima3_edad,victima3_condicion,victima3_sexo,victima3_actor_vial
2022-02-16 03:31:10,-3.979684,-79.196812,Calle Saraguro,SOLO_DANOS,Choque Vehicular,Visibilidad reducida,,,,,,,,,,,,
2022-10-26 11:34:02,-4.018277,-79.213568,Av. Rosa Hermosa,SOLO_DANOS,Caida,Distraccion (celular/radio),,,,,,,,,,,,
2022-10-14 01:43:47,-3.987896,-79.224065,Calle Saraguro,SOLO_DANOS,Choque Vehicular,Equipo de seguridad deficiente,,,,,,,,,,,,
2022-03-25 08:51:56,-4.030981,-79.219545,Calle 10 de Agosto,SOLO_DANOS,Atropellamiento,Fatiga del conductor,,,,,,,,,,,,
2022-05-12 15:30:28,-4.002501,-79.223758,Calle Mercadillo,SOLO_DANOS,Caida,Distraccion (celular/radio),,,,,,,,,,,,
2022-10-12 22:48:54,-4.030738,-79.226344,Av. Metropolitana,CON_LESIONADOS,Accidente Laboral,Visibilidad reducida,71,LESIONADO,HOMBRE,SCOOTER,,,,,,,,
2022-05-18 06:02:08,-3.984492,-79.176124,Calle Mercadillo,SOLO_DANOS,Atropellamiento,Estado de embriaguez,,,,,,,,,,,,
2022-03-07 09:49:40,-4.014915,-79.184015,Via Loja - Catamayo,SOLO_DANOS,Choque Vehicular,Imprudencia del conductor,,,,,,,,,,,,
2022-09-12 03:19:23,-3.985241,-79.176139,Calle Miguel Riofrio,CON_FALLECIDOS,Atropellamiento,Fatiga del conductor,29,FALLECIDO,MUJER,PEATON,70,FALLECIDO,MUJER,CICLISTA,,,,
2022-03-30 09:37:54,-4.006751,-79.221842,Av. Universitaria,SOLO_DANOS,Choque Vehicular,Imprudencia del conductor,,,,,,,,,,,,
2022-09-26 12:29:07,-4.002847,-79.201669,Av. Metropolitana,CON_LESIONADOS,Colision Multiple,Exceso de velocidad,57,LESIONADO,MUJER,OTRO,,,,,,,,
2022-10-12 05:42:37,-3.992080,-79.203239,Calle 10 de Agosto,SOLO_DANOS,Colision Multiple,Inobservancia de senales,,,,,,,,,,,,
2022-12-29 23:54:38,-4.021182,-79.204807,Av. 8 de Diciembre,CON_LESIONADOS,Colision Multiple,Via resbaladiza o mojada,63,LESIONADO,MUJER,PEATON,,,,,,,,
2022-01-27 06:32:58,-4.001327,-79.226735,Calle Colon,CON_FALLECIDOS,Incendio,Distraccion (celular/radio),20,FALLECIDO,HOMBRE,PEATON,18,FALLECIDO,NO_REGISTRA,OTRO,39,LESIONADO,HOMBRE,OTRO
2022-02-05 16:16:07,-4.034799,-79.195422,Av. Manuel Agustin Aguirre,SOLO_DANOS,Volcamiento,Inobservancia de senales,,,,,,,,,,,,
2022-12-23 11:55:58,-4.005147,-79.182141,Calle 18 de Noviembre,CON_FALLECIDOS,Atropellamiento,Equipo de seguridad deficiente,60,FALLECIDO,MUJER,PEATON,77,LESIONADO,MUJER,MOTOCICLETA,,,,
2022-11-24 13:05:46,-3.999791,-79.194755,Calle 10 de Agosto,SOLO_DANOS,Atropellamiento,Fatiga del conductor,,,,,,,,,,,,
2022-02-04 12:37:36,-4.014756,-79.184163,Av. Cuxibamba,SOLO_DANOS,Colision Multiple,Equipo de seguridad deficiente,,,,,,,,,,,,
2022-08-24 01:20:14,-4.020324,-79.194260,Via Loja - Zamora,CON_LESIONADOS,Colision Multiple,Distraccion (celular/radio),46,LESIONADO,MUJER,MOTOCICLETA,,,,,,,,
2022-09-13 13:49:54,-4.013228,-79.216293,Av. Rosa Hermosa,CON_LESIONADOS,Choque Vehicular,Imprudencia del conductor,53,LESIONADO,MUJER,OTRO,47,LESIONADO,NO_REGISTRA,PEATON,,,,
2022-02-15 21:41:06,-4.006612,-79.222150,Calle Saraguro,SOLO_DANOS,Accidente Laboral,Inobservancia de senales,,,,,,,,,,,,
2022-09-30 23:15:29,-4.019246,-79.171181,Av. Gran Colombia,SOLO_DANOS,Choque Vehicular,Fatiga del conductor,,,,,,,,,,,,
2022-07-30 22:11:26,-3.992760,-79.216897,Av. Metropolitana,SOLO_DANOS,Incendio,Inobservancia de senales,,,,,,,,,,,,
2022-06-13 05:01:50,-4.008321,-79.174840,Av. Metropolitana,CON_LESIONADOS,Atropellamiento,Fatiga del conductor,76,LESIONADO,MUJER,PEATON,79,LESIONADO,NO_REGISTRA,OTRO,31,LESIONADO,MUJER,MOTOCICLETA
2022-12-10 20:28:36,-3.994582,-79.200536,Av. 8 de Diciembre,CON_FALLECIDOS,Accidente Laboral,Equipo de seguridad deficiente,61,FALLECIDO,MUJER,CICLISTA,21,FALLECIDO,HOMBRE,SCOOTER,75,LESIONADO,HOMBRE,OTRO
2022-06-02 20:44:10,-3.985440,-79.212037,Calle Miguel Riofrio,CON_LESIONADOS,Accidente Laboral,Exceso de velocidad,14,LESIONADO,HOMBRE,MOTOCICLETA,32,LESIONADO,HOMBRE,SCOOTER,47,LESIONADO,NO_REGISTRA,CICLISTA
2022-03-12 12:29:57,-3.992344,-79.183209,Av. Metropolitana,CON_LESIONADOS,Choque Vehicular,Via resbaladiza o mojada,43,LESIONADO,HOMBRE,MOTOCICLETA,19,LESIONADO,NO_REGISTRA,SCOOTER,,,,
2022-10-17 17:00:07,-4.023162,-79.180801,Ruta 35,CON_FALLECIDOS,Incendio,Visibilidad reducida,19,FALLECIDO,HOMBRE,CICLISTA,48,FALLECIDO,NO_REGISTRA,PEATON,15,LESIONADO,MUJER,MOTOCICLETA
2022-03-24 23:07:27,-3.992521,-79.178509,Calle Ramon Borrero,CON_FALLECIDOS,Volcamiento,Imprudencia del conductor,59,FALLECIDO,NO_REGISTRA,VEH_LIVIANO,83,FALLECIDO,NO_REGISTRA,PEATON,38,LESIONADO,HOMBRE,PEATON
2022-09-13 03:45:06,-3.996992,-79.227970,Calle Quito,CON_LESIONADOS,Atropellamiento,Falla mecanica,74,LESIONADO,HOMBRE,OTRO,,,,,,,,
2022-01-02 23:33:59,-3.992322,-79.193833,Calle Rocafuerte,CON_LESIONADOS,Volcamiento,Via resbaladiza o mojada,25,LESIONADO,MUJER,VEH_LIVIANO,,,,,,,,
2022-09-13 22:01:21,-4.010687,-79.219278,Av. Pio Jaramillo,CON_FALLECIDOS,Atropellamiento,Factores externos,59,FALLECIDO,HOMBRE,CICLISTA,18,FALLECIDO,HOMBRE,PEATON,,,,
2022-07-27 06:59:30,-3.994031,-79.178936,Calle Quito,SOLO_DANOS,Atropellamiento,Falla mecanica,,,,,,,,,,,,
2022-12-30 04:20:19,-4.031744,-79.201751,Via Loja - Catamayo,CON_FALLECIDOS,Colision Multiple,Visibilidad reducida,46,FALLECIDO,HOMBRE,SCOOTER,76,FALLECIDO,NO_REGISTRA,VEH_LIVIANO,,,,
2022-11-19 21:15:41,-3.986228,-79.216387,Av. Rosa Hermosa,CON_LESIONADOS,Atropellamiento,Estado de embriaguez,34,LESIONADO,HOMBRE,CICLISTA,,,,,,,,
2022-09-09 04:26:22,-4.000830,-79.220967,Calle Quito,CON_LESIONADOS,Caida,Via resbaladiza o mojada,72,LESIONADO,MUJER,VEH_LIVIANO,52,LESIONADO,MUJER,CICLISTA,77,LESIONADO,MUJER,VEH_LIVIANO
2022-06-10 05:10:01,-3.987328,-79.209680,Via Loja - Catamayo,CON_FALLECIDOS,Choque Vehicular,Equipo de seguridad deficiente,35,FALLECIDO,NO_REGISTRA,CICLISTA,26,FALLECIDO,NO_REGISTRA,VEH_LIVIANO,28,LESIONADO,MUJER,PEATON
2022-08-27 18:16:45,-3.981033,-79.175619,Calle Mercadillo,CON_FALLECIDOS,Volcamiento,Equipo de seguridad deficiente,20,FALLECIDO,MUJER,VEH_LIVIANO,47,FALLECIDO,HOMBRE,SCOOTER,53,LESIONADO,NO_REGISTRA,CICLISTA
2022-05-11 09:15:58,-4.025008,-79.199865,Av. Rosa Hermosa,SOLO_DANOS,Volcamiento,Exceso de velocidad,,,,,,,,,,,,
2022-12-23 16:42:38,-3.993765,-79.185009,Av. Orillas del Zamora,CON_FALLECIDOS,Colision Multiple,Via resbaladiza o mojada,64,FALLECIDO,NO_REGISTRA,VEH_LIVIANO,,,,,,,,
2022-12-29 04:37:56,-3.983412,-79.213154,Av. Manuel Agustin Aguirre,SOLO_DANOS,Caida,Mal estado de la via,,,,,,,,,,,,
2022-06-26 05:08:47,-3.995464,-79.179886,Av. Metropolitana,CON_FALLECIDOS,Accidente Laboral,Estado de embriaguez,39,FALLECIDO,MUJER,PEATON,,,,,,,,
2022-03-09 01:20:35,-4.029083,-79.220064,Calle Montufar,CON_FALLECIDOS,Caida,Imprudencia del conductor,73,FALLECIDO,NO_REGISTRA,SCOOTER,27,LESIONADO,MUJER,CICLISTA,,,,
2022-11-03 01:52:25,-3.993430,-79.209892,Calle Montufar,CON_LESIONADOS,Incendio,Imprudencia del conductor,17,LESIONADO,HOMBRE,VEH_LIVIANO,72,LESIONADO,HOMBRE,SCOOTER,,,,
2022-07-23 09:15:46,-3.997078,-79.172267,Via Loja - Zamora,CON_LESIONADOS,Choque Vehicular,Fatiga del conductor,58,LESIONADO,NO_REGISTRA,MOTOCICLETA,17,LESIONADO,MUJER,CICLISTA,,,,
2022-03-15 10:37:12,-3.979463,-79.194321,Av. Metropolitana,CON_FALLECIDOS,Accidente Laboral,Factores externos,26,FALLECIDO,NO_REGISTRA,PEATON,29,LESIONADO,HOMBRE,OTRO,,,,
2022-07-08 08:19:46,-4.008219,-79.220408,Calle Montufar,SOLO_DANOS,Atropellamiento,Equipo de seguridad deficiente,,,,,,,,,,,,
2022-11-21 04:24:16,-4.008646,-79.223569,Calle Ramon Borrero,CON_LESIONADOS,Colision Multiple,Imprudencia del conductor,32,LESIONADO,MUJER,PEATON,,,,,,,,
2022-10-19 22:29:46,-4.019546,-79.179833,Calle Quito,SOLO_DANOS,Caida,Inobservancia de senales,,,,,,,,,,,,
2022-04-25 04:47:30,-3.977914,-79.194176,Calle Colon,CON_LESIONADOS,Choque Vehicular,Mal estado de la via,17,LESIONADO,HOMBRE,SCOOTER,60,LESIONADO,NO_REGISTRA,SCOOTER,15,LESIONADO,MUJER,CICLISTA
2022-05-26 14:33:31,-4.007477,-79.202784,Calle Rocafuerte,SOLO_DANOS,Caida,Distraccion (celular/radio),,,,,,,,,,,,
2022-12-24 04:11:12,-4.000458,-79.185944,Av. Manuel Agustin Aguirre,CON_LESIONADOS,Volcamiento,Fatiga del conductor,49,LESIONADO,HOMBRE,PEATON,,,,,,,,
2022-06-10 20:27:28,-3.986249,-79.177673,Calle Saraguro,CON_LESIONADOS,Accidente Laboral,Mal estado de la via,76,LESIONADO,HOMBRE,VEH_LIVIANO,,,,,,,,
2022-06-30 05:24:42,-4.033070,-79.175501,Ruta 35,CON_FALLECIDOS,Caida,Falla mecanica,60,FALLECIDO,MUJER,MOTOCICLETA,62,LESIONADO,MUJER,MOTOCICLETA,,,,
2022-02-07 12:24:44,-3.983465,-79.186736,Calle 10 de Agosto,SOLO_DANOS,Choque Vehicular,Visibilidad reducida,,,,,,,,,,,,
2022-01-03 16:30:05,-4.026727,-79.204939,Calle Imbabura,CON_FALLECIDOS,Atropellamiento,Falla mecanica,69,FALLECIDO,MUJER,PEATON,85,FALLECIDO,MUJER,VEH_LIVIANO,72,LESIONADO,HOMBRE,VEH_LIVIANO
2022-06-20 05:31:48,-4.012009,-79.206037,Ruta 35,CON_FALLECIDOS,Caida,Factores externos,28,FALLECIDO,MUJER,MOTOCICLETA,40,FALLECIDO,NO_REGISTRA,CICLISTA,,,,
2022-12-11 10:03:58,-4.000806,-79.196019,Calle Colon,CON_LESIONADOS,Colision Multiple,Fatiga del conductor,48,LESIONADO,HOMBRE,MOTOCICLETA,44,LESIONADO,MUJER,PEATON,22,LESIONADO,MUJER,PEATON
2022-03-16 09:13:35,-4.007069,-79.230212,Calle Colon,SOLO_DANOS,Atropellamiento,Via resbaladiza o mojada,,,,,,,,,,,,
2022-12-25 15:37:07,-4.010984,-79.172406,Calle 18 de Noviembre,SOLO_DANOS,Accidente Laboral,Factores externos,,,,,,,,,,,,
2022-01-30 02:59:09,-4.014616,-79.187555,Calle Azogues,CON_LESIONADOS,Volcamiento,Via resbaladiza o mojada,21,LESIONADO,MUJER,OTRO,,,,,,,,
2022-09-26 17:14:09,-3.997967,-79.204029,Calle Ramon Borrero,SOLO_DANOS,Volcamiento,Distraccion (celular/radio),,,,,,,,,,,,
2022-05-19 07:21:27,-3.996561,-79.218948,Calle Sucre,CON_LESIONADOS,Atropellamiento,Imprudencia del conductor,56,LESIONADO,MUJER,PEATON,,,,,,,,
2022-06-23 19:43:23,-4.013641,-79.219054,Av. Metropolitana,CON_LESIONADOS,Colision Multiple,Equipo de seguridad deficiente,54,LESIONADO,NO_REGISTRA,PEATON,49,LESIONADO,HOMBRE,SCOOTER,,,,
2022-05-24 23:52:12,-4.019502,-79.213645,Av. Universitaria,SOLO_DANOS,Incendio,Inobservancia de senales,,,,,,,,,,,,
2022-05-24 21:11:48,-3.988760,-79.197743,Calle Bolivar,SOLO_DANOS,Incendio,Fatiga del conductor,,,,,,,,,,,,
2022-07-24 00:20:01,-4.016368,-79.212701,Calle Bolivar,CON_FALLECIDOS,Volcamiento,Inobservancia de senales,38,FALLECIDO,NO_REGISTRA,SCOOTER,76,LESIONADO,NO_REGISTRA,OTRO,49,LESIONADO,NO_REGISTRA,OTRO
2022-08-22 04:56:17,-3.993894,-79.175850,Av. Gran Colombia,SOLO_DANOS,Caida,Imprudencia del conductor,,,,,,,,,,,,
2022-04-14 06:43:34,-3.993869,-79.189445,Av. Isidro Ayora,CON_FALLECIDOS,Incendio,Factores externos,67,FALLECIDO,HOMBRE,PEATON,64,FALLECIDO,HOMBRE,MOTOCICLETA,,,,
2022-07-05 16:49:13,-3.979284,-79.212769,Av. Rosa Hermosa,SOLO_DANOS,Caida,Mal estado de la via,,,,,,,,,,,,
2022-12-17 08:54:25,-4.023270,-79.217395,Calle Mercadillo,SOLO_DANOS,Atropellamiento,Exceso de velocidad,,,,,,,,,,,,
2022-06-11 13:11:04,-4.032443,-79.191945,Calle 18 de Noviembre,CON_FALLECIDOS,Caida,Fatiga del conductor,30,FALLECIDO,MUJER,CICLISTA,68,LESIONADO,HOMBRE,SCOOTER,39,LESIONADO,NO_REGISTRA,CICLISTA
2022-02-28 22:50:32,-3.980619,-79.223612,Calle 10 de Agosto,CON_LESIONADOS,Caida,Imprudencia del conductor,33,LESIONADO,NO_REGISTRA,SCOOTER,,,,,,,,
2022-01-22 10:17:01,-4.012046,-79.187486,Calle Mercadillo,CON_LESIONADOS,Caida,Estado de embriaguez,43,LESIONADO,MUJER,CICLISTA,79,LESIONADO,HOMBRE,VEH_LIVIANO,70,LESIONADO,NO_REGISTRA,SCOOTER
2022-04-14 00:43:09,-4.014107,-79.230448,Av. Manuel Agustin Aguirre,SOLO_DANOS,Choque Vehicular,Exceso de velocidad,,,,,,,,,,,,
2022-01-18 03:09:07,-4.002686,-79.180141,Calle Rocafuerte,CON_LESIONADOS,Atropellamiento,Imprudencia del conductor,80,LESIONADO,MUJER,PEATON,,,,,,,,
2022-06-28 20:51:35,-4.013941,-79.176273,Av. Cuxibamba,CON_FALLECIDOS,Atropellamiento,Factores externos,78,FALLECIDO,HOMBRE,MOTOCICLETA,,,,,,,,
2022-07-12 06:56:08,-3.986331,-79.197641,Av. Isidro Ayora,CON_FALLECIDOS,Volcamiento,Inobservancia de senales,71,FALLECIDO,MUJER,MOTOCICLETA,9,LESIONADO,MUJER,CICLISTA,80,LESIONADO,HOMBRE,MOTOCICLETA
2022-05-03 10:26:42,-3.982611,-79.175775,Av. Manuel Agustin Aguirre,SOLO_DANOS,Incendio,Mal estado de la via,,,,,,,,,,,,
2022-01-20 20:57:49,-4.036082,-79.195981,Av. Isidro Ayora,CON_FALLECIDOS,Accidente Laboral,Fatiga del conductor,42,FALLECIDO,HOMBRE,VEH_LIVIANO,19,LESIONADO,NO_REGISTRA,OTRO,13,LESIONADO,NO_REGISTRA,OTRO
2022-09-22 18:52:40,-4.017303,-79.185037,Calle 10 de Agosto,SOLO_DANOS,Atropellamiento,Inobservancia de senales,,,,,,,,,,,,
2022-12-03 14:32:08,-3.990920,-79.219317,Calle Colon,CON_FALLECIDOS,Choque Vehicular,Via resbaladiza o mojada,19,FALLECIDO,HOMBRE,VEH_LIVIANO,34,FALLECIDO,HOMBRE,PEATON,62,LESIONADO,MUJER,OTRO
2022-11-22 15:37:31,-4.006461,-79.210519,Ruta 35,CON_LESIONADOS,Incendio,Falla mecanica,79,LESIONADO,MUJER,SCOOTER,,,,,,,,
2022-12-28 17:08:49,-4.026368,-79.178573,Via Loja - Catamayo,SOLO_DANOS,Choque Vehicular,Distraccion (celular/radio),,,,,,,,,,,,
2022-06-07 23:29:05,-4.007172,-79.177951,Calle Saraguro,SOLO_DANOS,Accidente Laboral,Distraccion (celular/radio),,,,,,,,,,,,
2022-09-07 16:40:08,-4.008092,-79.201476,Via Loja - Zamora,CON_LESIONADOS,Colision Multiple,Falla mecanica,31,LESIONADO,HOMBRE,CICLISTA,78,LESIONADO,HOMBRE,MOTOCICLETA,,,,
2022-09-11 17:41:58,-4.028424,-79.218783,Via Loja - Catamayo,CON_FALLECIDOS,Volcamiento,Equipo de seguridad deficiente,51,FALLECIDO,NO_REGISTRA,PEATON,68,LESIONADO,MUJER,CICLISTA,,,,
2022-10-16 12:46:24,-4.000432,-79.192575,Av. Reinaldo Espinosa,SOLO_DANOS,Colision Multiple,Visibilidad reducida,,,,,,,,,,,,
2022-06-16 15:29:36,-3.997293,-79.171424,Av. Reinaldo Espinosa,SOLO_DANOS,Atropellamiento,Distraccion (celular/radio),,,,,,,,,,,,
2022-06-17 03:09:48,-4.027994,-79.185820,Via Loja - Zamora,CON_LESIONADOS,Incendio,Equipo de seguridad deficiente,60,LESIONADO,HOMBRE,MOTOCICLETA,80,LESIONADO,HOMBRE,OTRO,26,LESIONADO,HOMBRE,OTRO
2022-04-18 06:48:16,-4.035170,-79.189561,Av. Metropolitana,CON_LESIONADOS,Choque Vehicular,Via resbaladiza o mojada,52,LESIONADO,MUJER,CICLISTA,77,LESIONADO,NO_REGISTRA,CICLISTA,32,LESIONADO,NO_REGISTRA,PEATON
2022-05-11 22:45:26,-3.986651,-79.226387,Calle Rocafuerte,CON_LESIONADOS,Accidente Laboral,Imprudencia del conductor,61,LESIONADO,HOMBRE,SCOOTER,59,LESIONADO,MUJER,CICLISTA,,,,
2022-10-31 09:09:56,-3.978466,-79.206212,Calle 18 de Noviembre,SOLO_DANOS,Incendio,Equipo de seguridad deficiente,,,,,,,,,,,,
2022-06-22 22:10:44,-4.029038,-79.172581,Av. Rosa Hermosa,SOLO_DANOS,Incendio,Visibilidad reducida,,,,,,,,,,,,
2022-02-08 20:33:17,-3.988926,-79.189477,Av. Isidro Ayora,CON_LESIONADOS,Choque Vehicular,Distraccion (celular/radio),67,LESIONADO,NO_REGISTRA,VEH_LIVIANO,25,LESIONADO,MUJER,PEATON,,,,
2022-02-10 14:53:28,-4.000375,-79.174086,Calle Rocafuerte,SOLO_DANOS,Atropellamiento,Estado de embriaguez,,,,,,,,,,,,
2022-04-22 00:34:16,-3.990773,-79.190438,Calle 10 de Agosto,SOLO_DANOS,Atropellamiento,Imprudencia del conductor,,,,,,,,,,,,
2022-09-15 10:05:03,-3.990788,-79.172769,Av. Universitaria,SOLO_DANOS,Choque Vehicular,Imprudencia del conductor,,,,,,,,,,,,
2022-03-02 09:16:57,-4.016505,-79.193865,Calle Imbabura,CON_LESIONADOS,Choque Vehicular,Inobservancia de senales,45,LESIONADO,NO_REGISTRA,MOTOCICLETA,46,LESIONADO,HOMBRE,OTRO,80,LESIONADO,HOMBRE,SCOOTER
2022-12-05 16:10:45,-4.011189,-79.187734,Calle Miguel Riofrio,CON_FALLECIDOS,Caida,Distraccion (celular/radio),57,FALLECIDO,HOMBRE,CICLISTA,71,LESIONADO,HOMBRE,VEH_LIVIANO,,,,
2022-08-21 15:52:43,-3.977087,-79.208206,Calle Montufar,CON_FALLECIDOS,Choque Vehicular,Visibilidad reducida,71,FALLECIDO,NO_REGISTRA,CICLISTA,71,FALLECIDO,MUJER,OTRO,33,LESIONADO,MUJER,SCOOTER
2022-07-24 10:54:38,-4.016960,-79.206585,Calle Colon,CON_LESIONADOS,Choque Vehicular,Exceso de velocidad,34,LESIONADO,HOMBRE,MOTOCICLETA,,,,,,,,
2022-03-14 15:39:54,-4.010302,-79.214803,Calle Montufar,CON_FALLECIDOS,Colision Multiple,Factores externos,45,FALLECIDO,NO_REGISTRA,MOTOCICLETA,54,FALLECIDO,HOMBRE,MOTOCICLETA,30,LESIONADO,HOMBRE,OTRO
2022-03-19 23:05:59,-3.989806,-79.189479,Ruta 35,SOLO_DANOS,Incendio,Mal estado de la via,,,,,,,,,,,,
2022-10-01 17:55:44,-4.012620,-79.204402,Calle Sucre,SOLO_DANOS,Volcamiento,Factores externos,,,,,,,,,,,,
2022-01-14 02:54:49,-3.986948,-79.209626,Calle Montufar,CON_LESIONADOS,Colision Multiple,Mal estado de la via,21,LESIONADO,MUJER,OTRO,75,LESIONADO,HOMBRE,MOTOCICLETA,68,LESIONADO,HOMBRE,CICLISTA
2022-09-29 17:03:17,-4.035538,-79.173056,Via Loja - Zamora,SOLO_DANOS,Atropellamiento,Mal estado de la via,,,,,,,,,,,,
2022-07-07 18:05:19,-4.020546,-79.181150,Av. Rosa Hermosa,CON_FALLECIDOS,Choque Vehicular,Visibilidad reducida,69,FALLECIDO,MUJER,OTRO,37,FALLECIDO,NO_REGISTRA,MOTOCICLETA,8,LESIONADO,MUJER,PEATON
2022-08-23 07:26:49,-4.000001,-79.199521,Av. Cuxibamba,SOLO_DANOS,Accidente Laboral,Factores externos,,,,,,,,,,,,
2022-11-01 13:52:59,-3.990590,-79.208565,Via Loja - Catamayo,CON_LESIONADOS,Choque Vehicular,Fatiga del conductor,16,LESIONADO,NO_REGISTRA,OTRO,11,LESIONADO,MUJER,MOTOCICLETA,,,,
2022-08-18 20:18:40,-3.985289,-79.178643,Av. Isidro Ayora,CON_FALLECIDOS,Caida,Mal estado de la via,75,FALLECIDO,HOMBRE,SCOOTER,64,LESIONADO,NO_REGISTRA,SCOOTER,,,,
2022-06-06 01:58:37,-3.995881,-79.179795,Calle Imbabura,CON_LESIONADOS,Caida,Mal estado de la via,21,LESIONADO,MUJER,OTRO,39,LESIONADO,MUJER,OTRO,,,,
2022-04-21 23:38:13,-4.018251,-79.225357,Av. Orillas del Zamora,CON_FALLECIDOS,Accidente Laboral,Equipo de seguridad deficiente,38,FALLECIDO,HOMBRE,MOTOCICLETA,,,,,,,,
2022-09-18 19:49:18,-3.998909,-79.182263,Via Loja - Zamora,CON_LESIONADOS,Incendio,Via resbaladiza o mojada,51,LESIONADO,NO_REGISTRA,SCOOTER,35,LESIONADO,NO_REGISTRA,MOTOCICLETA,68,LESIONADO,MUJER,VEH_LIVIANO
2022-04-13 17:42:59,-3.983599,-79.202305,Av. Universitaria,SOLO_DANOS,Atropellamiento,Mal estado de la via,,,,,,,,,,,,
2022-07-04 23:48:37,-4.001065,-79.202022,Ruta 35,CON_LESIONADOS,Incendio,Imprudencia del conductor,60,LESIONADO,HOMBRE,OTRO,14,LESIONADO,NO_REGISTRA,PEATON,,,,
2022-09-02 04:14:33,-4.021992,-79.192814,Av. Pio Jaramillo,CON_FALLECIDOS,Colision Multiple,Falla mecanica,49,FALLECIDO,MUJER,SCOOTER,,,,,,,,
2022-08-15 20:29:11,-3.998944,-79.184630,Av. Isidro Ayora,CON_FALLECIDOS,Accidente Laboral,Imprudencia del conductor,74,FALLECIDO,MUJER,VEH_LIVIANO,9,LESIONADO,NO_REGISTRA,PEATON,,,,
2022-07-09 16:20:20,-4.028636,-79.180560,Calle Miguel Riofrio,CON_FALLECIDOS,Choque Vehicular,Falla mecanica,65,FALLECIDO,NO_REGISTRA,CICLISTA,64,FALLECIDO,NO_REGISTRA,OTRO,60,LESIONADO,NO_REGISTRA,PEATON
2022-08-10 19:16:02,-4.000470,-79.182078,Via Loja - Zamora,CON_LESIONADOS,Colision Multiple,Distraccion (celular/radio),65,LESIONADO,NO_REGISTRA,SCOOTER,79,LESIONADO,MUJER,OTRO,78,LESIONADO,NO_REGISTRA,VEH_LIVIANO
2022-02-28 00:48:03,-3.982682,-79.201203,Av. Rosa Hermosa,SOLO_DANOS,Colision Multiple,Distraccion (celular/radio),,,,,,,,,,,,
2022-07-25 18:12:08,-4.010740,-79.218430,Calle 10 de Agosto,CON_LESIONADOS,Colision Multiple,Visibilidad reducida,29,LESIONADO,NO_REGISTRA,PEATON,45,LESIONADO,NO_REGISTRA,PEATON,,,,
2022-01-23 05:37:06,-3.983625,-79.208553,Calle Sucre,CON_FALLECIDOS,Colision Multiple,Imprudencia del conductor,30,FALLECIDO,MUJER,VEH_LIVIANO,6,LESIONADO,MUJER,CICLISTA,,,,
2022-11-29 22:31:49,-3.980614,-79.171244,Calle 10 de Agosto,CON_LESIONADOS,Caida,Mal estado de la via,59,LESIONADO,MUJER,PEATON,26,LESIONADO,NO_REGISTRA,VEH_LIVIANO,78,LESIONADO,HOMBRE,OTRO
2022-11-04 05:21:44,-4.027363,-79.180511,Av. Manuel Agustin Aguirre,CON_FALLECIDOS,Incendio,Distraccion (celular/radio),53,FALLECIDO,HOMBRE,SCOOTER,52,FALLECIDO,HOMBRE,MOTOCICLETA,,,,
2022-04-24 09:50:06,-4.030013,-79.217427,Via Loja - Catamayo,CON_FALLECIDOS,Accidente Laboral,Exceso de velocidad,20,FALLECIDO,HOMBRE,SCOOTER,67,FALLECIDO,MUJER,PEATON,,,,
2022-05-03 17:59:43,-4.027642,-79.185533,Av. Rosa Hermosa,SOLO_DANOS,Accidente Laboral,Inobservancia de senales,,,,,,,,,,,,
2022-11-12 16:45:12,-3.994789,-79.198269,Av. Isidro Ayora,SOLO_DANOS,Colision Multiple,Falla mecanica,,,,,,,,,,,,
2022-03-27 06:38:26,-4.029315,-79.223777,Av. Universitaria,CON_LESIONADOS,Choque Vehicular,Factores externos,53,LESIONADO,NO_REGISTRA,MOTOCICLETA,60,LESIONADO,NO_REGISTRA,PEATON,,,,
2022-06-22 17:42:56,-4.010839,-79.185088,Av. Gran Colombia,SOLO_DANOS,Incendio,Inobservancia de senales,,,,,,,,,,,,
2022-08-29 13:58:35,-4.026864,-79.228103,Via Loja - Zamora,CON_FALLECIDOS,Volcamiento,Visibilidad reducida,69,FALLECIDO,MUJER,MOTOCICLETA,57,FALLECIDO,MUJER,OTRO,8,LESIONADO,MUJER,PEATON
2022-05-27 15:21:43,-4.022684,-79.193099,Av. Cuxibamba,CON_LESIONADOS,Atropellamiento,Imprudencia del conductor,14,LESIONADO,NO_REGISTRA,VEH_LIVIANO,11,LESIONADO,MUJER,VEH_LIVIANO,,,,
2022-12-21 18:48:13,-4.025148,-79.230638,Av. 8 de Diciembre,SOLO_DANOS,Accidente Laboral,Estado de embriaguez,,,,,,,,,,,,