fecha_hora,latitud,longitud,via,grado_severidad,tipo_siniestro,causa_probable,victima1_edad,victima1_condicion,victima1_sexo,victima1_actor_vial,victima2_edad,victima2_condicion,victima2_sexo,victima2_actor_vial,victima3_edad,victima3_condicion,victima3_sexo,victima3_actor_vial
2022-01-27 13:26:08,-3.992081,-79.182736,Calle Imbabura,CON_LESIONADOS,Atropellamiento,Equipo de seguridad deficiente,31,LESIONADO,HOMBRE,VEH_LIVIANO,79,LESIONADO,MUJER,MOTOCICLETA,,,,
2022-01-05 14:01:13,-3.993652,-79.176008,Via Loja - Catamayo,SOLO_DANOS,Accidente Laboral,Exceso de velocidad,,,,,,,,,,,,
2022-10-09 15:37:49,-4.014243,-79.206496,Calle Quito,SOLO_DANOS,Accidente Laboral,Mal estado de la via,,,,,,,,,,,,
2022-07-14 01:01:16,-4.030962,-79.206172,Via Loja - Catamayo,CON_FALLECIDOS,Atropellamiento,Via resbaladiza o mojada,54,FALLECIDO,MUJER,MOTOCICLETA,76,LESIONADO,HOMBRE,CICLISTA,,,,
2022-01-15 16:46:33,-4.023838,-79.228595,Calle Rocafuerte,CON_FALLECIDOS,Accidente Laboral,Distraccion (celular/radio),29,FALLECIDO,HOMBRE,VEH_LIVIANO,,,,,,,,
2022-04-02 00:23:51,-4.016192,-79.171954,Av. Cuxibamba,CON_LESIONADOS,Incendio,Factores externos,34,LESIONADO,MUJER,SCOOTER,7,LESIONADO,NO_REGISTRA,VEH_LIVIANO,63,LESIONADO,NO_REGISTRA,OTRO
2022-01-21 16:50:30,-4.029021,-79.220944,Ruta 35,CON_FALLECIDOS,Incendio,Mal estado de la via,41,FALLECIDO,MUJER,OTRO,36,FALLECIDO,MUJER,PEATON,,,,
2022-01-12 23:27:57,-4.016466,-79.224220,Calle Montufar,CON_FALLECIDOS,Choque Vehicular,Distraccion (celular/radio),35,FALLECIDO,MUJER,MOTOCICLETA,29,FALLECIDO,NO_REGISTRA,CICLISTA,46,LESIONADO,MUJER,PEATON
2022-04-29 08:32:52,-4.005125,-79.194178,Calle 10 de Agosto,SOLO_DANOS,Accidente Laboral,Via resbaladiza o mojada,,,,,,,,,,,,
2022-08-02 18:33:34,-3.978209,-79.174300,Calle Miguel Riofrio,SOLO_DANOS,Colision Multiple,Fatiga del conductor,,,,,,,,,,,,
2022-10-09 15:42:10,-3.982210,-79.211245,Av. Reinaldo Espinosa,SOLO_DANOS,Caida,Fatiga del conductor,,,,,,,,,,,,
2022-06-23 02:49:34,-3.980446,-79.187083,Calle Rocafuerte,CON_FALLECIDOS,Choque Vehicular,Falla mecanica,63,FALLECIDO,MUJER,CICLISTA,26,FALLECIDO,MUJER,MOTOCICLETA,80,LESIONADO,NO_REGISTRA,SCOOTER
2022-10-30 01:18:58,-4.026411,-79.220743,Via Loja - Catamayo,CON_FALLECIDOS,Choque Vehicular,Mal estado de la via,22,FALLECIDO,MUJER,OTRO,21,FALLECIDO,HOMBRE,SCOOTER,29,LESIONADO,MUJER,CICLISTA
2022-02-28 06:56:25,-4.013560,-79.217301,Calle Colon,CON_FALLECIDOS,Atropellamiento,Visibilidad reducida,25,FALLECIDO,NO_REGISTRA,OTRO,17,LESIONADO,NO_REGISTRA,CICLISTA,,,,
2022-10-28 13:21:26,-4.012422,-79.216610,Via Loja - Zamora,SOLO_DANOS,Atropellamiento,Distraccion (celular/radio),,,,,,,,,,,,
2022-09-18 09:15:29,-4.001423,-79.214051,Calle Mercadillo,SOLO_DANOS,Volcamiento,Imprudencia del conductor,24,LESIONADO,NO_REGISTRA,VEH_LIVIANO,,,,,,,,
2022-10-12 07:47:14,-4.006066,-79.221585,Calle Sucre,CON_LESIONADOS,Incendio,Mal estado de la via,8,LESIONADO,MUJER,MOTOCICLETA,52,LESIONADO,HOMBRE,MOTOCICLETA,9,LESIONADO,MUJER,SCOOTER
2022-09-22 02:03:00,-3.988498,-79.204849,Calle Colon,SOLO_DANOS,Colision Multiple,Visibilidad reducida,,,,,,,,,,,,
2022-04-08 20:33:45,-4.021222,-79.199673,Calle Miguel Riofrio,CON_FALLECIDOS,Atropellamiento,Falla mecanica,63,FALLECIDO,NO_REGISTRA,VEH_LIVIANO,18,FALLECIDO,MUJER,VEH_LIVIANO,,,,
2022-09-04 23:54:47,-4.017060,-79.175358,Av. Manuel Agustin Aguirre,CON_LESIONADOS,Accidente Laboral,Equipo de seguridad deficiente,79,LESIONADO,MUJER,VEH_LIVIANO,34,LESIONADO,HOMBRE,CICLISTA,,,,
2022-04-14 12:47:58,-4.033717,-79.227093,Calle Colon,SOLO_DANOS,Atropellamiento,Mal estado de la via,,,,,,,,,,,,
2022-06-21 22:15:15,-4.000083,-79.227913,Av. Universitaria,CON_FALLECIDOS,Colision Multiple,Fatiga del conductor,63,FALLECIDO,MUJER,CICLISTA,40,LESIONADO,NO_REGISTRA,OTRO,,,,
2022-11-28 11:40:44,-3.995147,-79.173840,Via Loja - Catamayo,CON_LESIONADOS,Colision Multiple,Via resbaladiza o mojada,21,LESIONADO,NO_REGISTRA,VEH_LIVIANO,24,LESIONADO,MUJER,MOTOCICLETA,15,LESIONADO,NO_REGISTRA,OTRO
2022-12-11 17:13:41,-3.992152,-79.182596,Calle Miguel Riofrio,CON_LESIONADOS,Caida,Distraccion (celular/radio),76,LESIONADO,NO_REGISTRA,PEATON,70,LESIONADO,HOMBRE,VEH_LIVIANO,18,LESIONADO,NO_REGISTRA,MOTOCICLETA
2022-05-27 17:37:24,-4.032727,-79.227935,Calle Colon,CON_FALLECIDOS,Caida,Imprudencia del conductor,53,FALLECIDO,HOMBRE,SCOOTER,57,LESIONADO,NO_REGISTRA,CICLISTA,24,LESIONADO,NO_REGISTRA,VEH_LIVIANO
2022-02-03 04:42:21,-4.028005,-79.201759,Av. Gran Colombia,CON_FALLECIDOS,Atropellamiento,Fatiga del conductor,18,FALLECIDO,MUJER,PEATON,62,FALLECIDO,NO_REGISTRA,MOTOCICLETA,,,,
2022-10-01 11:16:39,-3.997151,-79.197653,Calle Sucre,SOLO_DANOS,Incendio,Exceso de velocidad,,,,,,,,,,,,
2022-06-22 03:00:11,-4.001876,-79.214265,Calle Azogues,CON_LESIONADOS,Atropellamiento,Exceso de velocidad,22,LESIONADO,NO_REGISTRA,PEATON,,,,,,,,
2022-10-24 23:27:55,-4.026822,-79.213356,Av. Manuel Agustin Aguirre,CON_FALLECIDOS,Accidente Laboral,Via resbaladiza o mojada,79,FALLECIDO,NO_REGISTRA,SCOOTER,13,LESIONADO,MUJER,CICLISTA,55,LESIONADO,HOMBRE,MOTOCICLETA
2022-04-29 18:36:59,-3.993281,-79.181792,Ruta 35,CON_FALLECIDOS,Atropellamiento,Factores externos,83,FALLECIDO,NO_REGISTRA,VEH_LIVIANO,58,FALLECIDO,MUJER,SCOOTER,40,LESIONADO,NO_REGISTRA,CICLISTA
2022-03-21 16:00:46,-4.034644,-79.174565,Via Loja - Catamayo,CON_FALLECIDOS,Volcamiento,Visibilidad reducida,21,FALLECIDO,NO_REGISTRA,SCOOTER,25,FALLECIDO,MUJER,VEH_LIVIANO,,,,
2022-04-15 17:09:14,-4.007679,-79.201745,Calle Bolivar,CON_LESIONADOS,Accidente Laboral,Exceso de velocidad,49,LESIONADO,MUJER,CICLISTA,5,LESIONADO,MUJER,CICLISTA,35,LESIONADO,MUJER,VEH_LIVIANO
2022-12-08 09:02:08,-4.008689,-79.202405,Via Loja - Catamayo,CON_LESIONADOS,Caida,Imprudencia del conductor,31,LESIONADO,MUJER,CICLISTA,16,LESIONADO,NO_REGISTRA,SCOOTER,,,,
2022-04-14 16:08:01,-4.027958,-79.176752,Av. Orillas del Zamora,CON_LESIONADOS,Atropellamiento,Visibilidad reducida,27,LESIONADO,MUJER,MOTOCICLETA,65,LESIONADO,NO_REGISTRA,VEH_LIVIANO,17,LESIONADO,HOMBRE,CICLISTA
2022-10-02 20:28:53,-4.022038,-79.220948,Av. Cuxibamba,CON_FALLECIDOS,Accidente Laboral,Imprudencia del conductor,33,FALLECIDO,NO_REGISTRA,CICLISTA,44,LESIONADO,NO_REGISTRA,PEATON,68,LESIONADO,HOMBRE,OTRO
2022-10-23 23:08:05,-4.019142,-79.197841,Calle 10 de Agosto,CON_LESIONADOS,Volcamiento,Estado de embriaguez,24,LESIONADO,MUJER,CICLISTA,62,LESIONADO,NO_REGISTRA,OTRO,46,LESIONADO,NO_REGISTRA,SCOOTER
2022-05-28 13:41:21,-3.992016,-79.191495,Via Loja - Catamayo,SOLO_DANOS,Colision Multiple,Fatiga del conductor,,,,,,,,,,,,
2022-12-13 08:14:03,-3.994110,-79.224646,Av. Cuxibamba,CON_LESIONADOS,Incendio,Equipo de seguridad deficiente,71,LESIONADO,MUJER,OTRO,59,LESIONADO,MUJER,MOTOCICLETA,,,,
2022-10-15 06:43:44,-4.032156,-79.186879,Calle Sucre,CON_FALLECIDOS,Incendio,Mal estado de la via,58,FALLECIDO,NO_REGISTRA,SCOOTER,23,FALLECIDO,HOMBRE,OTRO,,,,
2022-06-19 16:50:17,-4.011330,-79.217852,Via Loja - Catamayo,CON_LESIONADOS,Caida,Fatiga del conductor,12,LESIONADO,NO_REGISTRA,PEATON,11,LESIONADO,NO_REGISTRA,CICLISTA,63,LESIONADO,MUJER,CICLISTA
2022-12-09 19:35:48,-3.995701,-79.200768,Calle Colon,CON_FALLECIDOS,Colision Multiple,Estado de embriaguez,52,FALLECIDO,HOMBRE,MOTOCICLETA,55,FALLECIDO,NO_REGISTRA,OTRO,75,LESIONADO,NO_REGISTRA,PEATON
2022-08-15 08:51:47,-4.014668,-79.176284,Via Loja - Zamora,SOLO_DANOS,Volcamiento,Inobservancia de senales,9,LESIONADO,MUJER,OTRO,,,,,,,,
2022-06-28 07:35:12,-4.027292,-79.175592,Calle Saraguro,CON_LESIONADOS,Choque Vehicular,Distraccion (celular/radio),60,LESIONADO,MUJER,OTRO,80,LESIONADO,MUJER,VEH_LIVIANO,,,,
2022-03-16 19:44:55,-4.007663,-79.179320,Av. Rosa Hermosa,SOLO_DANOS,Colision Multiple,Factores externos,,,,,,,,,,,,
2022-05-01 13:16:01,-4.030081,-79.221811,Av. 8 de Diciembre,CON_LESIONADOS,Caida,Equipo de seguridad deficiente,6,LESIONADO,MUJER,PEATON,33,LESIONADO,MUJER,PEATON,,,,
2022-05-27 07:24:53,-4.036210,-79.205174,Calle Colon,CON_FALLECIDOS,Accidente Laboral,Visibilidad reducida,61,FALLECIDO,HOMBRE,CICLISTA,18,FALLECIDO,MUJER,PEATON,,,,
2022-09-28 06:15:51,-4.021281,-79.212781,Via Loja - Catamayo,CON_FALLECIDOS,Volcamiento,Visibilidad reducida,26,FALLECIDO,NO_REGISTRA,PEATON,76,FALLECIDO,MUJER,VEH_LIVIANO,11,LESIONADO,NO_REGISTRA,CICLISTA
2022-05-18 01:38:32,-4.022407,-79.219954,Av. 8 de Diciembre,CON_FALLECIDOS,Choque Vehicular,Visibilidad reducida,33,FALLECIDO,NO_REGISTRA,PEATON,55,FALLECIDO,HOMBRE,VEH_LIVIANO,40,LESIONADO,MUJER,CICLISTA
2022-09-10 00:52:44,-3.985515,-79.173136,Av. 8 de Diciembre,SOLO_DANOS,Atropellamiento,Equipo de seguridad deficiente,49,LESIONADO,MUJER,CICLISTA,,,,,,,,
2022-10-27 00:39:08,-4.015444,-79.219642,Av. Cuxibamba,CON_LESIONADOS,Colision Multiple,Distraccion (celular/radio),40,LESIONADO,NO_REGISTRA,MOTOCICLETA,58,LESIONADO,NO_REGISTRA,PEATON,75,LESIONADO,HOMBRE,PEATON
2022-07-02 01:33:01,-4.032536,-79.213739,Av. Orillas del Zamora,CON_FALLECIDOS,Accidente Laboral,Fatiga del conductor,85,FALLECIDO,MUJER,CICLISTA,73,LESIONADO,NO_REGISTRA,VEH_LIVIANO,,,,
2022-10-15 08:22:39,-4.024746,-79.180802,Calle Bolivar,SOLO_DANOS,Caida,Fatiga del conductor,,,,,,,,,,,,
2022-09-07 05:05:05,-3.993647,-79.176466,Av. 8 de Diciembre,CON_FALLECIDOS,Choque Vehicular,Imprudencia del conductor,70,FALLECIDO,MUJER,CICLISTA,51,FALLECIDO,HOMBRE,CICLISTA,,,,
2022-11-20 00:49:51,-4.027691,-79.186396,Calle Ramon Borrero,CON_FALLECIDOS,Volcamiento,Falla mecanica,22,FALLECIDO,HOMBRE,CICLISTA,58,FALLECIDO,NO_REGISTRA,MOTOCICLETA,,,,
2022-02-07 11:29:13,-4.036279,-79.172498,Av. Rosa Hermosa,SOLO_DANOS,Accidente Laboral,Falla mecanica,,,,,,,,,,,,
2022-05-23 00:04:34,-3.999540,-79.173448,Calle Ramon Borrero,CON_FALLECIDOS,Colision Multiple,Factores externos,23,FALLECIDO,NO_REGISTRA,MOTOCICLETA,18,LESIONADO,MUJER,OTRO,49,LESIONADO,HOMBRE,MOTOCICLETA
2022-02-24 11:49:28,-4.032015,-79.182643,Calle Miguel Riofrio,CON_FALLECIDOS,Choque Vehicular,Fatiga del conductor,76,FALLECIDO,MUJER,SCOOTER,67,LESIONADO,HOMBRE,VEH_LIVIANO,15,LESIONADO,HOMBRE,MOTOCICLETA
2022-05-15 02:01:17,-3.992839,-79.191660,Av. Isidro Ayora,CON_FALLECIDOS,Colision Multiple,Inobservancia de senales,48,FALLECIDO,HOMBRE,VEH_LIVIANO,,,,,,,,
2022-10-01 12:28:37,-4.029419,-79.204461,Calle Azogues,CON_FALLECIDOS,Choque Vehicular,Mal estado de la via,38,FALLECIDO,HOMBRE,MOTOCICLETA,43,LESIONADO,NO_REGISTRA,MOTOCICLETA,,,,
2022-12-20 00:42:56,-3.979692,-79.190831,Calle Mercadillo,SOLO_DANOS,Incendio,Exceso de velocidad,,,,,,,,,,,,
2022-05-07 08:57:14,-4.023129,-79.184546,Calle 18 de Noviembre,CON_LESIONADOS,Choque Vehicular,Visibilidad reducida,42,LESIONADO,HOMBRE,VEH_LIVIANO,,,,,,,,
2022-06-16 11:27:07,-4.034257,-79.171506,Av. Manuel Agustin Aguirre,SOLO_DANOS,Incendio,Factores externos,33,LESIONADO,MUJER,PEATON,,,,,,,,
2022-07-09 07:42:12,-3.983600,-79.208027,Av. Cuxibamba,CON_LESIONADOS,Volcamiento,Estado de embriaguez,32,LESIONADO,NO_REGISTRA,MOTOCICLETA,14,LESIONADO,NO_REGISTRA,OTRO,12,LESIONADO,NO_REGISTRA,MOTOCICLETA
2022-10-31 04:38:25,-4.008855,-79.171137,Calle Ramon Borrero,CON_LESIONADOS,Incendio,Falla mecanica,31,LESIONADO,HOMBRE,MOTOCICLETA,11,LESIONADO,HOMBRE,SCOOTER,16,LESIONADO,MUJER,VEH_LIVIANO
2022-02-10 10:12:09,-3.981158,-79.220912,Av. Cuxibamba,CON_FALLECIDOS,Incendio,Fatiga del conductor,30,FALLECIDO,HOMBRE,PEATON,55,FALLECIDO,HOMBRE,VEH_LIVIANO,71,LESIONADO,NO_REGISTRA,PEATON
2022-08-14 20:41:23,-4.034051,-79.180740,Av. Metropolitana,CON_LESIONADOS,Caida,Equipo de seguridad deficiente,20,LESIONADO,NO_REGISTRA,MOTOCICLETA,,,,,,,,
2022-02-19 09:49:01,-3.982038,-79.229985,Calle Sucre,CON_LESIONADOS,Choque Vehicular,Falla mecanica,26,LESIONADO,MUJER,MOTOCICLETA,27,LESIONADO,NO_REGISTRA,VEH_LIVIANO,,,,
2022-08-06 08:14:45,-3.986444,-79.216923,Calle Colon,CON_FALLECIDOS,Caida,Mal estado de la via,50,FALLECIDO,HOMBRE,MOTOCICLETA,74,FALLECIDO,NO_REGISTRA,OTRO,,,,
2022-02-24 02:48:36,-4.024616,-79.215462,Av. Cuxibamba,SOLO_DANOS,Colision Multiple,Falla mecanica,,,,,,,,,,,,
2022-09-19 13:40:40,-4.011773,-79.174449,Calle Quito,SOLO_DANOS,Choque Vehicular,Factores externos,,,,,,,,,,,,
2022-01-26 15:03:30,-3.983689,-79.222485,Calle Sucre,CON_FALLECIDOS,Choque Vehicular,Inobservancia de senales,43,FALLECIDO,HOMBRE,SCOOTER,64,FALLECIDO,HOMBRE,SCOOTER,,,,
2022-03-31 16:03:53,-4.009438,-79.214081,Calle Mercadillo,CON_FALLECIDOS,Atropellamiento,Exceso de velocidad,48,FALLECIDO,HOMBRE,SCOOTER,,,,,,,,
2022-04-14 08:27:18,-4.016012,-79.218415,Av. Orillas del Zamora,CON_LESIONADOS,Colision Multiple,Imprudencia del conductor,57,LESIONADO,NO_REGISTRA,PEATON,15,LESIONADO,NO_REGISTRA,MOTOCICLETA,,,,
2022-12-20 02:46:08,-3.987891,-79.218741,Av. Reinaldo Espinosa,SOLO_DANOS,Atropellamiento,Via resbaladiza o mojada,,,,,,,,,,,,
2022-07-04 22:55:58,-4.021736,-79.224775,Calle Imbabura,SOLO_DANOS,Incendio,Mal estado de la via,,,,,,,,,,,,
2022-07-13 09:10:12,-3.989733,-79.180054,Calle Sucre,CON_FALLECIDOS,Caida,Factores externos,68,FALLECIDO,NO_REGISTRA,SCOOTER,50,FALLECIDO,NO_REGISTRA,OTRO,,,,
2022-01-10 00:47:09,-4.021171,-79.171789,Calle Azogues,SOLO_DANOS,Incendio,Equipo de seguridad deficiente,,,,,,,,,,,,
2022-06-05 02:45:13,-4.036045,-79.222291,Ruta 35,CON_LESIONADOS,Atropellamiento,Distraccion (celular/radio),38,LESIONADO,NO_REGISTRA,OTRO,16,LESIONADO,MUJER,VEH_LIVIANO,75,LESIONADO,MUJER,PEATON
2022-03-22 21:36:15,-4.003464,-79.188927,Calle Imbabura,SOLO_DANOS,Atropellamiento,Fatiga del conductor,,,,,,,,,,,,
2022-12-29 06:15:05,-4.035074,-79.205743,Av. Manuel Agustin Aguirre,SOLO_DANOS,Accidente Laboral,Equipo de seguridad deficiente,,,,,,,,,,,,
2022-08-13 17:19:58,-4.017477,-79.185243,Calle Imbabura,CON_LESIONADOS,Caida,Visibilidad reducida,57,LESIONADO,NO_REGISTRA,SCOOTER,,,,,,,,
2022-02-23 22:37:48,-3.982502,-79.195446,Calle Miguel Riofrio,CON_LESIONADOS,Incendio,Via resbaladiza o mojada,34,LESIONADO,HOMBRE,CICLISTA,,,,,,,,
2022-03-11 04:53:36,-3.980481,-79.209824,Calle Rocafuerte,CON_LESIONADOS,Atropellamiento,Factores externos,64,LESIONADO,NO_REGISTRA,MOTOCICLETA,,,,,,,,
2022-10-07 08:48:55,-4.001246,-79.179931,Av. Gran Colombia,SOLO_DANOS,Choque Vehicular,Via resbaladiza o mojada,,,,,,,,,,,,
2022-01-18 13:15:57,-4.034678,-79.196711,Av. Universitaria,SOLO_DANOS,Accidente Laboral,Exceso de velocidad,,,,,,,,,,,,
2022-10-12 22:52:28,-4.019325,-79.218858,Av. Rosa Hermosa,SOLO_DANOS,Incendio,Falla mecanica,,,,,,,,,,,,
2022-09-08 21:40:03,-3.980033,-79.215938,Calle Mercadillo,CON_LESIONADOS,Atropellamiento,Equipo de seguridad deficiente,18,LESIONADO,NO_REGISTRA,MOTOCICLETA,,,,,,,,
2022-08-18 10:07:38,-4.027118,-79.228107,Via Loja - Catamayo,CON_LESIONADOS,Choque Vehicular,Imprudencia del conductor,51,LESIONADO,MUJER,OTRO,17,LESIONADO,HOMBRE,VEH_LIVIANO,,,,
2022-01-19 12:04:33,-3.992931,-79.178065,Av. Manuel Agustin Aguirre,CON_LESIONADOS,Accidente Laboral,Mal estado de la via,6,LESIONADO,HOMBRE,OTRO,7,LESIONADO,HOMBRE,PEATON,41,LESIONADO,MUJER,CICLISTA
2022-11-11 10:09:09,-3.992878,-79.183840,Av. Rosa Hermosa,CON_FALLECIDOS,Choque Vehicular,Falla mecanica,43,FALLECIDO,NO_REGISTRA,SCOOTER,49,FALLECIDO,HOMBRE,CICLISTA,50,LESIONADO,HOMBRE,PEATON
2022-01-25 22:00:54,-4.005883,-79.203786,Av. Rosa Hermosa,CON_FALLECIDOS,Choque Vehicular,Falla mecanica,39,FALLECIDO,HOMBRE,SCOOTER,29,FALLECIDO,HOMBRE,VEH_LIVIANO,,,,
2022-05-01 13:04:57,-4.004028,-79.230221,Calle Montufar,SOLO_DANOS,Incendio,Via resbaladiza o mojada,,,,,,,,,,,,
2022-08-15 03:38:11,-3.988545,-79.192050,Av. Orillas del Zamora,SOLO_DANOS,Colision Multiple,Distraccion (celular/radio),,,,,,,,,,,,
2022-10-31 10:33:12,-3.977453,-79.226809,Calle 10 de Agosto,SOLO_DANOS,Choque Vehicular,Visibilidad reducida,,,,,,,,,,,,
2022-08-02 05:04:10,-3.985869,-79.228196,Calle Imbabura,SOLO_DANOS,Choque Vehicular,Exceso de velocidad,21,LESIONADO,MUJER,PEATON,,,,,,,,
2022-06-07 09:29:48,-4.032601,-79.230532,Calle Colon,SOLO_DANOS,Atropellamiento,Equipo de seguridad deficiente,,,,,,,,,,,,
2022-03-14 11:56:57,-4.014788,-79.184790,Av. Cuxibamba,SOLO_DANOS,Atropellamiento,Equipo de seguridad deficiente,,,,,,,,,,,,
2022-05-24 04:30:27,-3.991972,-79.204275,Av. Manuel Agustin Aguirre,SOLO_DANOS,Choque Vehicular,Visibilidad reducida,,,,,,,,,,,,
2022-04-18 10:59:05,-4.028631,-79.208852,Av. 8 de Diciembre,CON_LESIONADOS,Caida,Inobservancia de senales,52,LESIONADO,HOMBRE,PEATON,,,,,,,,
2022-02-05 00:20:35,-3.995384,-79.173904,Calle Saraguro,CON_LESIONADOS,Choque Vehicular,Inobservancia de senales,72,LESIONADO,MUJER,MOTOCICLETA,,,,,,,,
2022-10-15 06:18:20,-3.984553,-79.225110,Calle Colon,CON_LESIONADOS,Accidente Laboral,Visibilidad reducida,41,LESIONADO,HOMBRE,PEATON,,,,,,,,
2022-03-02 22:07:13,-4.028512,-79.230926,Calle Bolivar,CON_LESIONADOS,Atropellamiento,Distraccion (celular/radio),15,LESIONADO,MUJER,CICLISTA,70,LESIONADO,HOMBRE,CICLISTA,42,LESIONADO,NO_REGISTRA,VEH_LIVIANO
2022-07-28 07:50:16,-3.982989,-79.205389,Calle Quito,SOLO_DANOS,Caida,Equipo de seguridad deficiente,,,,,,,,,,,,
2022-10-19 04:16:17,-3.994038,-79.223521,Av. Cuxibamba,CON_LESIONADOS,Accidente Laboral,Visibilidad reducida,29,LESIONADO,NO_REGISTRA,CICLISTA,47,LESIONADO,NO_REGISTRA,OTRO,,,,
2022-02-02 19:05:50,-4.021839,-79.204812,Ruta 35,CON_LESIONADOS,Colision Multiple,Estado de embriaguez,48,LESIONADO,HOMBRE,OTRO,74,LESIONADO,MUJER,MOTOCICLETA,9,LESIONADO,NO_REGISTRA,SCOOTER
2022-03-10 06:11:24,-3.986326,-79.177136,Calle Ramon Borrero,SOLO_DANOS,Incendio,Falla mecanica,,,,,,,,,,,,
2022-04-09 23:17:51,-4.036833,-79.228461,Calle Quito,SOLO_DANOS,Caida,Estado de embriaguez,,,,,,,,,,,,
2022-02-12 08:39:54,-4.033498,-79.209345,Calle Saraguro,CON_LESIONADOS,Atropellamiento,Equipo de seguridad deficiente,16,LESIONADO,NO_REGISTRA,CICLISTA,30,LESIONADO,MUJER,PEATON,,,,
2022-12-29 08:55:48,-3.999922,-79.221448,Av. Cuxibamba,CON_FALLECIDOS,Colision Multiple,Equipo de seguridad deficiente,77,FALLECIDO,HOMBRE,MOTOCICLETA,57,LESIONADO,MUJER,PEATON,,,,
2022-10-15 08:53:21,-4.020889,-79.224033,Av. Cuxibamba,CON_FALLECIDOS,Volcamiento,Exceso de velocidad,21,FALLECIDO,NO_REGISTRA,MOTOCICLETA,49,FALLECIDO,NO_REGISTRA,SCOOTER,,,,
2022-09-15 05:18:01,-3.997417,-79.230667,Av. Universitaria,CON_LESIONADOS,Accidente Laboral,Via resbaladiza o mojada,71,LESIONADO,MUJER,CICLISTA,67,LESIONADO,NO_REGISTRA,CICLISTA,,,,
2022-03-18 09:12:03,-4.022034,-79.199980,Av. Orillas del Zamora,SOLO_DANOS,Choque Vehicular,Fatiga del conductor,,,,,,,,,,,,
2022-05-13 20:51:51,-4.019264,-79.204764,Av. Isidro Ayora,CON_FALLECIDOS,Colision Multiple,Via resbaladiza o mojada,69,FALLECIDO,MUJER,CICLISTA,58,FALLECIDO,NO_REGISTRA,MOTOCICLETA,,,,
2022-10-29 04:55:54,-4.035589,-79.222008,Calle Bolivar,SOLO_DANOS,Incendio,Mal estado de la via,,,,,,,,,,,,
2022-08-11 00:28:19,-4.025694,-79.179308,Ruta 35,CON_FALLECIDOS,Caida,Factores externos,39,FALLECIDO,HOMBRE,VEH_LIVIANO,67,FALLECIDO,MUJER,PEATON,26,LESIONADO,MUJER,MOTOCICLETA
2022-08-21 05:51:02,-3.989067,-79.225675,Av. Pio Jaramillo,SOLO_DANOS,Volcamiento,Fatiga del conductor,,,,,,,,,,,,
2022-05-10 22:49:02,-4.019776,-79.218278,Av. Gran Colombia,CON_LESIONADOS,Caida,Factores externos,12,LESIONADO,NO_REGISTRA,MOTOCICLETA,,,,,,,,
2022-02-05 16:16:40,-4.024385,-79.213571,Av. Universitaria,SOLO_DANOS,Accidente Laboral,Fatiga del conductor,,,,,,,,,,,,
2022-03-10 14:44:21,-4.022589,-79.173949,Calle Ramon Borrero,CON_FALLECIDOS,Colision Multiple,Visibilidad reducida,48,FALLECIDO,MUJER,PEATON,67,LESIONADO,HOMBRE,VEH_LIVIANO,29,LESIONADO,NO_REGISTRA,SCOOTER
2022-07-13 04:35:39,-3.994909,-79.200522,Av. Manuel Agustin Aguirre,CON_FALLECIDOS,Atropellamiento,Exceso de velocidad,72,FALLECIDO,MUJER,PEATON,79,FALLECIDO,MUJER,PEATON,,,,
2022-11-02 10:22:40,-3.991979,-79.195195,Calle Quito,CON_LESIONADOS,Accidente Laboral,Factores externos,74,LESIONADO,HOMBRE,OTRO,,,,,,,,
2022-02-22 01:01:46,-4.017665,-79.217299,Calle Ramon Borrero,CON_LESIONADOS,Caida,Imprudencia del conductor,56,LESIONADO,MUJER,CICLISTA,40,LESIONADO,NO_REGISTRA,SCOOTER,64,LESIONADO,NO_REGISTRA,CICLISTA
2022-11-30 14:23:33,-3.987794,-79.172051,Calle 18 de Noviembre,CON_LESIONADOS,Caida,Equipo de seguridad deficiente,33,LESIONADO,NO_REGISTRA,SCOOTER,,,,,,,,
2022-10-07 11:07:39,-4.028524,-79.184423,Via Loja - Zamora,CON_FALLECIDOS,Colision Multiple,Fatiga del conductor,74,FALLECIDO,NO_REGISTRA,PEATON,24,LESIONADO,NO_REGISTRA,PEATON,18,LESIONADO,HOMBRE,MOTOCICLETA
2022-06-01 16:45:22,-4.030212,-79.221607,Calle Bolivar,SOLO_DANOS,Choque Vehicular,Visibilidad reducida,,,,,,,,,,,,
2022-03-28 19:31:08,-4.032968,-79.191478,Calle Azogues,CON_FALLECIDOS,Caida,Visibilidad reducida,31,FALLECIDO,NO_REGISTRA,PEATON,9,LESIONADO,HOMBRE,PEATON,28,LESIONADO,MUJER,OTRO
2022-06-15 01:54:50,-4.018956,-79.193317,Via Loja - Catamayo,SOLO_DANOS,Colision Multiple,Factores externos,,,,,,,,,,,,
2022-12-03 14:26:19,-3.992263,-79.224836,Via Loja - Zamora,SOLO_DANOS,Atropellamiento,Exceso de velocidad,,,,,,,,,,,,
2022-10-26 16:49:56,-4.032272,-79.196901,Ruta 35,SOLO_DANOS,Incendio,Via resbaladiza o mojada,,,,,,,,,,,,
2022-12-20 20:16:30,-4.006433,-79.212976,Av. Universitaria,SOLO_DANOS,Colision Multiple,Imprudencia del conductor,,,,,,,,,,,,
2022-11-23 10:04:26,-4.001056,-79.219177,Calle Azogues,SOLO_DANOS,Caida,Estado de embriaguez,,,,,,,,,,,,