fecha_hora,latitud,longitud,via,grado_severidad,tipo_siniestro,causa_probable,victima1_edad,victima1_condicion,victima1_sexo,victima1_actor_vial,victima2_edad,victima2_condicion,victima2_sexo,victima2_actor_vial,victima3_edad,victima3_condicion,victima3_sexo,victima3_actor_vial
2022-06-19 14:55:37,-4.009749,-79.219623,Calle Imbabura,CON_LESIONADOS,Incendio,Equipo de seguridad deficiente,72,LESIONADO,HOMBRE,VEH_LIVIANO,12,LESIONADO,MUJER,VEH_LIVIANO,,,,
2022-04-10 02:17:19,-3.982700,-79.181198,Calle Imbabura,CON_LESIONADOS,Atropellamiento,Estado de embriaguez,11,LESIONADO,HOMBRE,CICLISTA,,,,,,,,
2022-08-28 08:50:13,-4.019811,-79.199485,Calle Bolivar,SOLO_DANOS,Volcamiento,Estado de embriaguez,,,,,,,,,,,,
2022-04-24 16:42:03,-3.998977,-79.185514,Av. Pio Jaramillo,CON_LESIONADOS,Choque Vehicular,Exceso de velocidad,70,LESIONADO,NO_REGISTRA,CICLISTA,50,LESIONADO,MUJER,MOTOCICLETA,,,,
2022-11-16 16:31:02,-3.989729,-79.191797,Calle Saraguro,SOLO_DANOS,Volcamiento,Distraccion (celular/radio),,,,,,,,,,,,
2022-04-30 09:16:17,-3.984645,-79.220200,Calle Mercadillo,CON_LESIONADOS,Caida,Falla mecanica,77,LESIONADO,NO_REGISTRA,MOTOCICLETA,16,LESIONADO,NO_REGISTRA,PEATON,,,,
2022-06-05 10:46:48,-4.005578,-79.190978,Calle 10 de Agosto,CON_FALLECIDOS,Choque Vehicular,Exceso de velocidad,70,FALLECIDO,MUJER,MOTOCICLETA,51,LESIONADO,MUJER,CICLISTA,38,LESIONADO,MUJER,PEATON
2022-05-04 09:28:37,-4.009507,-79.201529,Calle Rocafuerte,SOLO_DANOS,Volcamiento,Imprudencia del conductor,,,,,,,,,,,,
2022-04-06 05:08:44,-3.979003,-79.219093,Via Loja - Zamora,SOLO_DANOS,Accidente Laboral,Imprudencia del conductor,,,,,,,,,,,,
2022-02-14 22:41:55,-3.993041,-79.198562,Calle Colon,CON_FALLECIDOS,Incendio,Via resbaladiza o mojada,49,FALLECIDO,HOMBRE,MOTOCICLETA,16,LESIONADO,NO_REGISTRA,OTRO,58,LESIONADO,MUJER,VEH_LIVIANO
2022-09-12 17:35:12,-4.021483,-79.212558,Av. Universitaria,CON_FALLECIDOS,Choque Vehicular,Factores externos,42,FALLECIDO,MUJER,OTRO,,,,,,,,
2022-05-24 08:29:55,-4.030793,-79.174942,Ruta 35,CON_FALLECIDOS,Atropellamiento,Fatiga del conductor,66,FALLECIDO,NO_REGISTRA,PEATON,77,LESIONADO,NO_REGISTRA,MOTOCICLETA,68,LESIONADO,HOMBRE,CICLISTA
2022-01-24 05:47:34,-3.986468,-79.229288,Av. Rosa Hermosa,SOLO_DANOS,Incendio,Imprudencia del conductor,80,LESIONADO,HOMBRE,OTRO,,,,,,,,
2022-09-23 13:11:03,-3.981055,-79.190405,Calle 18 de Noviembre,CON_FALLECIDOS,Accidente Laboral,Mal estado de la via,85,FALLECIDO,NO_REGISTRA,SCOOTER,37,FALLECIDO,NO_REGISTRA,SCOOTER,36,LESIONADO,HOMBRE,PEATON
2022-09-08 01:05:16,-3.998707,-79.181311,Calle Imbabura,CON_FALLECIDOS,Atropellamiento,Factores externos,29,FALLECIDO,NO_REGISTRA,VEH_LIVIANO,51,FALLECIDO,NO_REGISTRA,MOTOCICLETA,8,LESIONADO,HOMBRE,SCOOTER
2022-10-03 21:55:00,-3.982259,-79.190281,Calle 18 de Noviembre,CON_FALLECIDOS,Volcamiento,Exceso de velocidad,23,FALLECIDO,MUJER,SCOOTER,55,FALLECIDO,MUJER,CICLISTA,52,LESIONADO,MUJER,SCOOTER
2022-07-02 09:19:03,-4.004956,-79.180276,Ruta 35,CON_FALLECIDOS,Atropellamiento,Imprudencia del conductor,46,FALLECIDO,MUJER,SCOOTER,23,LESIONADO,HOMBRE,OTRO,72,LESIONADO,HOMBRE,VEH_LIVIANO
2022-03-11 07:28:17,-4.020199,-79.193088,Calle 18 de Noviembre,SOLO_DANOS,Volcamiento,Falla mecanica,,,,,,,,,,,,
2022-07-04 08:39:16,-3.993523,-79.183777,Calle 10 de Agosto,CON_FALLECIDOS,Caida,Visibilidad reducida,27,FALLECIDO,NO_REGISTRA,MOTOCICLETA,67,FALLECIDO,NO_REGISTRA,SCOOTER,33,LESIONADO,MUJER,SCOOTER
2022-02-28 15:10:37,-4.009676,-79.172848,Calle Imbabura,CON_LESIONADOS,Colision Multiple,Via resbaladiza o mojada,52,LESIONADO,HOMBRE,PEATON,,,,,,,,
2022-02-18 21:48:45,-4.023686,-79.190853,Av. Isidro Ayora,CON_FALLECIDOS,Choque Vehicular,Via resbaladiza o mojada,62,FALLECIDO,HOMBRE,MOTOCICLETA,62,FALLECIDO,MUJER,CICLISTA,36,LESIONADO,MUJER,SCOOTER
2022-07-03 16:25:14,-3.995309,-79.194605,Calle Bolivar,CON_LESIONADOS,Colision Multiple,Falla mecanica,60,LESIONADO,HOMBRE,VEH_LIVIANO,,,,,,,,
2022-11-17 12:23:53,-4.005281,-79.223257,Av. Pio Jaramillo,CON_LESIONADOS,Incendio,Factores externos,11,LESIONADO,HOMBRE,PEATON,8,LESIONADO,HOMBRE,SCOOTER,,,,
2022-12-12 17:04:00,-4.006847,-79.217308,Av. Isidro Ayora,SOLO_DANOS,Atropellamiento,Equipo de seguridad deficiente,,,,,,,,,,,,
2022-04-09 17:24:49,-4.014529,-79.222903,Via Loja - Catamayo,SOLO_DANOS,Accidente Laboral,Equipo de seguridad deficiente,,,,,,,,,,,,
2022-04-21 09:20:58,-4.036769,-79.179848,Via Loja - Catamayo,CON_FALLECIDOS,Accidente Laboral,Estado de embriaguez,35,FALLECIDO,HOMBRE,PEATON,76,LESIONADO,MUJER,CICLISTA,41,LESIONADO,NO_REGISTRA,SCOOTER
2022-05-11 15:58:20,-4.013077,-79.181934,Calle Azogues,SOLO_DANOS,Caida,Visibilidad reducida,,,,,,,,,,,,
2022-01-23 18:33:42,-3.999280,-79.223343,Av. Gran Colombia,CON_LESIONADOS,Colision Multiple,Falla mecanica,26,LESIONADO,HOMBRE,CICLISTA,61,LESIONADO,HOMBRE,PEATON,,,,
2022-09-20 08:37:43,-4.014942,-79.201004,Calle 10 de Agosto,CON_LESIONADOS,Colision Multiple,Inobservancia de senales,66,LESIONADO,HOMBRE,CICLISTA,,,,,,,,
2022-11-23 07:40:54,-3.991616,-79.216064,Calle Montufar,SOLO_DANOS,Caida,Falla mecanica,,,,,,,,,,,,
2022-05-13 23:00:36,-4.034462,-79.193966,Av. Orillas del Zamora,CON_FALLECIDOS,Accidente Laboral,Exceso de velocidad,22,FALLECIDO,MUJER,MOTOCICLETA,76,FALLECIDO,MUJER,PEATON,,,,
2022-04-28 12:28:22,-3.980261,-79.181576,Av. Orillas del Zamora,CON_FALLECIDOS,Colision Multiple,Falla mecanica,42,FALLECIDO,NO_REGISTRA,CICLISTA,20,LESIONADO,MUJER,OTRO,46,LESIONADO,NO_REGISTRA,CICLISTA
2022-12-29 07:32:27,-4.029551,-79.195251,Calle Ramon Borrero,CON_LESIONADOS,Atropellamiento,Mal estado de la via,60,LESIONADO,NO_REGISTRA,CICLISTA,18,LESIONADO,HOMBRE,OTRO,,,,
2022-08-02 13:37:55,-4.026255,-79.190265,Calle Rocafuerte,CON_LESIONADOS,Atropellamiento,Estado de embriaguez,35,LESIONADO,HOMBRE,OTRO,,,,,,,,
2022-02-09 05:24:16,-4.025863,-79.208948,Av. Reinaldo Espinosa,CON_LESIONADOS,Volcamiento,Distraccion (celular/radio),24,LESIONADO,NO_REGISTRA,OTRO,70,LESIONADO,NO_REGISTRA,CICLISTA,,,,
2022-07-31 15:09:41,-4.023100,-79.225768,Av. Isidro Ayora,SOLO_DANOS,Caida,Estado de embriaguez,33,LESIONADO,NO_REGISTRA,SCOOTER,,,,,,,,
2022-05-23 03:33:41,-4.005418,-79.211121,Calle 18 de Noviembre,CON_LESIONADOS,Atropellamiento,Imprudencia del conductor,21,LESIONADO,MUJER,PEATON,,,,,,,,
2022-05-13 11:55:49,-4.010550,-79.227461,Av. 8 de Diciembre,CON_FALLECIDOS,Volcamiento,Fatiga del conductor,43,FALLECIDO,HOMBRE,MOTOCICLETA,21,LESIONADO,MUJER,SCOOTER,,,,
2022-08-28 08:58:34,-4.032093,-79.212646,Av. Rosa Hermosa,CON_LESIONADOS,Incendio,Fatiga del conductor,33,LESIONADO,HOMBRE,CICLISTA,25,LESIONADO,NO_REGISTRA,CICLISTA,52,LESIONADO,NO_REGISTRA,VEH_LIVIANO
2022-03-27 14:14:11,-4.006460,-79.204644,Av. Manuel Agustin Aguirre,CON_LESIONADOS,Volcamiento,Distraccion (celular/radio),28,LESIONADO,HOMBRE,OTRO,,,,,,,,
2022-12-07 11:03:25,-4.026637,-79.199668,Calle Bolivar,SOLO_DANOS,Atropellamiento,Factores externos,,,,,,,,,,,,
2022-06-16 03:18:39,-4.000143,-79.189819,Ruta 35,CON_LESIONADOS,Atropellamiento,Via resbaladiza o mojada,5,LESIONADO,HOMBRE,MOTOCICLETA,23,LESIONADO,HOMBRE,PEATON,,,,
2022-02-19 05:58:17,-3.995611,-79.204052,Calle Azogues,SOLO_DANOS,Accidente Laboral,Distraccion (celular/radio),,,,,,,,,,,,
2022-11-01 10:39:25,-4.023762,-79.174599,Via Loja - Zamora,SOLO_DANOS,Choque Vehicular,Visibilidad reducida,,,,,,,,,,,,
2022-02-07 15:16:24,-4.015797,-79.199949,Av. Reinaldo Espinosa,CON_LESIONADOS,Choque Vehicular,Falla mecanica,52,LESIONADO,HOMBRE,CICLISTA,44,LESIONADO,MUJER,PEATON,49,LESIONADO,HOMBRE,PEATON
2022-05-04 17:03:39,-3.998886,-79.198237,Av. Cuxibamba,CON_LESIONADOS,Incendio,Imprudencia del conductor,39,LESIONADO,MUJER,PEATON,,,,,,,,
2022-01-07 09:08:48,-4.013845,-79.230870,Calle 10 de Agosto,SOLO_DANOS,Incendio,Distraccion (celular/radio),,,,,,,,,,,,
2022-06-14 09:33:10,-4.029805,-79.218258,Av. Pio Jaramillo,CON_FALLECIDOS,Atropellamiento,Via resbaladiza o mojada,49,FALLECIDO,NO_REGISTRA,CICLISTA,56,LESIONADO,HOMBRE,PEATON,,,,
2022-12-23 17:22:55,-4.026195,-79.210153,Calle Saraguro,CON_FALLECIDOS,Colision Multiple,Distraccion (celular/radio),28,FALLECIDO,HOMBRE,CICLISTA,,,,,,,,
2022-10-28 18:13:24,-4.003250,-79.188316,Calle Montufar,SOLO_DANOS,Accidente Laboral,Fatiga del conductor,,,,,,,,,,,,
2022-08-04 04:05:40,-4.035337,-79.203354,Calle Mercadillo,SOLO_DANOS,Incendio,Estado de embriaguez,,,,,,,,,,,,
2022-12-06 22:51:12,-4.033666,-79.225710,Calle Quito,CON_LESIONADOS,Colision Multiple,Exceso de velocidad,23,LESIONADO,NO_REGISTRA,PEATON,,,,,,,,
2022-11-14 15:51:59,-3.986461,-79.199731,Calle Mercadillo,CON_LESIONADOS,Atropellamiento,Fatiga del conductor,24,LESIONADO,HOMBRE,VEH_LIVIANO,67,LESIONADO,MUJER,VEH_LIVIANO,11,LESIONADO,MUJER,MOTOCICLETA
2022-03-03 18:56:54,-3.992363,-79.179070,Calle Colon,CON_FALLECIDOS,Incendio,Mal estado de la via,39,FALLECIDO,NO_REGISTRA,OTRO,11,LESIONADO,MUJER,MOTOCICLETA,,,,
2022-12-21 17:10:10,-3.992830,-79.179154,Av. Cuxibamba,SOLO_DANOS,Caida,Visibilidad reducida,,,,,,,,,,,,
2022-08-30 06:33:40,-4.021482,-79.185187,Calle Colon,SOLO_DANOS,Accidente Laboral,Imprudencia del conductor,,,,,,,,,,,,
2022-03-03 18:05:59,-3.989700,-79.192555,Calle Montufar,SOLO_DANOS,Incendio,Mal estado de la via,,,,,,,,,,,,
2022-06-04 23:53:00,-4.017654,-79.197689,Av. Cuxibamba,CON_FALLECIDOS,Accidente Laboral,Distraccion (celular/radio),37,FALLECIDO,MUJER,VEH_LIVIANO,51,FALLECIDO,HOMBRE,SCOOTER,,,,
2022-02-08 08:54:26,-4.031123,-79.194852,Av. Reinaldo Espinosa,CON_LESIONADOS,Incendio,Imprudencia del conductor,75,LESIONADO,NO_REGISTRA,OTRO,31,LESIONADO,NO_REGISTRA,MOTOCICLETA,,,,
2022-02-15 17:32:33,-4.001329,-79.217874,Calle Montufar,CON_FALLECIDOS,Volcamiento,Imprudencia del conductor,32,FALLECIDO,NO_REGISTRA,VEH_LIVIANO,,,,,,,,
2022-07-03 09:34:06,-4.018189,-79.208785,Calle 18 de Noviembre,CON_LESIONADOS,Volcamiento,Inobservancia de senales,68,LESIONADO,MUJER,VEH_LIVIANO,71,LESIONADO,MUJER,MOTOCICLETA,6,LESIONADO,MUJER,VEH_LIVIANO
2022-11-06 00:30:38,-4.036834,-79.219353,Via Loja - Zamora,SOLO_DANOS,Incendio,Falla mecanica,,,,,,,,,,,,
2022-04-02 16:31:19,-4.035084,-79.178998,Calle Mercadillo,CON_FALLECIDOS,Accidente Laboral,Estado de embriaguez,69,FALLECIDO,MUJER,MOTOCICLETA,,,,,,,,
2022-11-22 20:14:16,-3.998337,-79.212577,Calle Montufar,CON_FALLECIDOS,Accidente Laboral,Factores externos,30,FALLECIDO,MUJER,SCOOTER,76,FALLECIDO,MUJER,SCOOTER,,,,
2022-08-20 19:11:55,-3.995882,-79.201640,Via Loja - Catamayo,SOLO_DANOS,Accidente Laboral,Exceso de velocidad,,,,,,,,,,,,
2022-03-18 12:28:02,-3.998795,-79.215998,Via Loja - Zamora,SOLO_DANOS,Colision Multiple,Via resbaladiza o mojada,,,,,,,,,,,,
2022-05-01 11:18:47,-4.002449,-79.174229,Av. Isidro Ayora,CON_FALLECIDOS,Atropellamiento,Exceso de velocidad,45,FALLECIDO,NO_REGISTRA,PEATON,39,LESIONADO,NO_REGISTRA,CICLISTA,80,LESIONADO,HOMBRE,MOTOCICLETA
2022-06-27 17:47:11,-4.004957,-79.228974,Calle Saraguro,CON_LESIONADOS,Volcamiento,Mal estado de la via,6,LESIONADO,NO_REGISTRA,PEATON,21,LESIONADO,NO_REGISTRA,PEATON,,,,
2022-08-04 00:06:41,-4.029759,-79.212468,Av. Gran Colombia,CON_FALLECIDOS,Accidente Laboral,Fatiga del conductor,36,FALLECIDO,HOMBRE,CICLISTA,38,LESIONADO,NO_REGISTRA,OTRO,19,LESIONADO,NO_REGISTRA,SCOOTER
2022-06-21 21:12:03,-4.023242,-79.211509,Calle Bolivar,CON_FALLECIDOS,Atropellamiento,Distraccion (celular/radio),24,FALLECIDO,MUJER,SCOOTER,39,LESIONADO,MUJER,VEH_LIVIANO,,,,
2022-12-04 00:56:05,-4.000865,-79.227617,Av. Orillas del Zamora,SOLO_DANOS,Caida,Inobservancia de senales,,,,,,,,,,,,
2022-11-09 12:17:03,-4.014072,-79.212981,Av. Cuxibamba,CON_LESIONADOS,Volcamiento,Distraccion (celular/radio),48,LESIONADO,NO_REGISTRA,MOTOCICLETA,29,LESIONADO,MUJER,CICLISTA,67,LESIONADO,MUJER,PEATON
2022-11-26 03:16:12,-3.981286,-79.180125,Av. Reinaldo Espinosa,CON_FALLECIDOS,Incendio,Factores externos,33,FALLECIDO,MUJER,OTRO,77,FALLECIDO,MUJER,VEH_LIVIANO,,,,
2022-03-03 05:03:01,-3.997427,-79.193592,Calle 10 de Agosto,CON_FALLECIDOS,Accidente Laboral,Exceso de velocidad,28,FALLECIDO,MUJER,SCOOTER,47,LESIONADO,MUJER,OTRO,,,,
2022-09-11 13:31:19,-4.012478,-79.219671,Via Loja - Zamora,SOLO_DANOS,Volcamiento,Estado de embriaguez,,,,,,,,,,,,
2022-04-24 00:52:40,-4.024453,-79.204662,Av. Manuel Agustin Aguirre,CON_FALLECIDOS,Colision Multiple,Mal estado de la via,47,FALLECIDO,MUJER,SCOOTER,50,FALLECIDO,HOMBRE,PEATON,43,LESIONADO,NO_REGISTRA,VEH_LIVIANO
2022-10-10 19:02:42,-3.981239,-79.197205,Calle Bolivar,CON_LESIONADOS,Volcamiento,Distraccion (celular/radio),24,LESIONADO,MUJER,PEATON,,,,,,,,
2022-01-17 05:25:23,-3.979344,-79.171204,Calle Montufar,CON_LESIONADOS,Volcamiento,Imprudencia del conductor,70,LESIONADO,HOMBRE,MOTOCICLETA,,,,,,,,
2022-04-16 06:29:52,-4.027825,-79.182999,Calle Colon,CON_LESIONADOS,Choque Vehicular,Visibilidad reducida,74,LESIONADO,HOMBRE,OTRO,26,LESIONADO,MUJER,CICLISTA,21,LESIONADO,NO_REGISTRA,OTRO
2022-11-09 00:13:28,-3.983808,-79.175839,Av. Universitaria,SOLO_DANOS,Incendio,Exceso de velocidad,20,LESIONADO,NO_REGISTRA,CICLISTA,,,,,,,,
2022-08-12 17:13:33,-4.026458,-79.207647,Calle Mercadillo,SOLO_DANOS,Incendio,Falla mecanica,,,,,,,,,,,,
2022-10-12 23:51:16,-4.016494,-79.225271,Calle Saraguro,CON_FALLECIDOS,Atropellamiento,Factores externos,58,FALLECIDO,HOMBRE,VEH_LIVIANO,,,,,,,,
2022-01-14 12:43:03,-4.009860,-79.184526,Calle Montufar,CON_FALLECIDOS,Caida,Inobservancia de senales,50,FALLECIDO,MUJER,SCOOTER,,,,,,,,
2022-01-20 04:13:05,-4.014204,-79.199961,Calle Sucre,CON_FALLECIDOS,Volcamiento,Imprudencia del conductor,78,FALLECIDO,NO_REGISTRA,MOTOCICLETA,63,LESIONADO,HOMBRE,OTRO,,,,
2022-08-08 01:42:53,-4.018471,-79.197792,Av. Pio Jaramillo,CON_LESIONADOS,Colision Multiple,Visibilidad reducida,30,LESIONADO,NO_REGISTRA,MOTOCICLETA,,,,,,,,
2022-10-02 12:32:31,-3.994161,-79.215764,Av. Isidro Ayora,CON_LESIONADOS,Caida,Falla mecanica,64,LESIONADO,MUJER,VEH_LIVIANO,,,,,,,,
2022-01-25 21:26:05,-4.029121,-79.186458,Av. Isidro Ayora,CON_FALLECIDOS,Atropellamiento,Via resbaladiza o mojada,74,FALLECIDO,HOMBRE,PEATON,,,,,,,,
2022-12-23 11:15:53,-4.023337,-79.218559,Av. Manuel Agustin Aguirre,CON_FALLECIDOS,Accidente Laboral,Equipo de seguridad deficiente,53,FALLECIDO,HOMBRE,SCOOTER,,,,,,,,
2022-04-20 01:29:14,-4.025290,-79.173429,Calle Bolivar,CON_FALLECIDOS,Volcamiento,Visibilidad reducida,61,FALLECIDO,MUJER,VEH_LIVIANO,,,,,,,,
2022-08-09 13:31:24,-3.990043,-79.200558,Ruta 35,CON_LESIONADOS,Colision Multiple,Visibilidad reducida,31,LESIONADO,NO_REGISTRA,SCOOTER,,,,,,,,
2022-05-29 23:23:57,-4.032846,-79.220110,Calle Quito,SOLO_DANOS,Caida,Exceso de velocidad,,,,,,,,,,,,
2022-10-24 09:49:57,-4.003490,-79.196449,Calle 18 de Noviembre,CON_FALLECIDOS,Caida,Imprudencia del conductor,45,FALLECIDO,MUJER,OTRO,84,FALLECIDO,NO_REGISTRA,SCOOTER,63,LESIONADO,MUJER,PEATON
2022-10-11 03:11:48,-3.983940,-79.198340,Ruta 35,CON_LESIONADOS,Choque Vehicular,Factores externos,16,LESIONADO,NO_REGISTRA,CICLISTA,,,,,,,,
2022-12-01 09:25:47,-4.020474,-79.215382,Calle Colon,CON_FALLECIDOS,Volcamiento,Exceso de velocidad,34,FALLECIDO,NO_REGISTRA,MOTOCICLETA,61,LESIONADO,MUJER,PEATON,35,LESIONADO,MUJER,PEATON
2022-05-28 16:24:04,-3.983120,-79.212423,Av. Rosa Hermosa,CON_FALLECIDOS,Incendio,Equipo de seguridad deficiente,84,FALLECIDO,HOMBRE,PEATON,67,FALLECIDO,MUJER,CICLISTA,29,LESIONADO,HOMBRE,CICLISTA
2022-07-12 21:54:35,-4.024468,-79.183214,Calle Azogues,CON_FALLECIDOS,Atropellamiento,Exceso de velocidad,37,FALLECIDO,MUJER,VEH_LIVIANO,32,LESIONADO,NO_REGISTRA,PEATON,,,,
2022-07-21 22:18:24,-3.995647,-79.200257,Av. Universitaria,SOLO_DANOS,Choque Vehicular,Imprudencia del conductor,57,LESIONADO,NO_REGISTRA,CICLISTA,,,,,,,,
2022-06-13 06:18:58,-3.977175,-79.211304,Av. Rosa Hermosa,CON_LESIONADOS,Caida,Mal estado de la via,37,LESIONADO,MUJER,VEH_LIVIANO,68,LESIONADO,HOMBRE,VEH_LIVIANO,,,,
2022-09-26 20:56:46,-4.035458,-79.204717,Av. Reinaldo Espinosa,CON_FALLECIDOS,Atropellamiento,Factores externos,74,FALLECIDO,NO_REGISTRA,SCOOTER,23,LESIONADO,HOMBRE,PEATON,52,LESIONADO,HOMBRE,CICLISTA
2022-10-12 19:03:08,-4.025878,-79.196965,Calle Quito,SOLO_DANOS,Caida,Equipo de seguridad deficiente,,,,,,,,,,,,
2022-11-14 11:33:06,-3.988815,-79.214731,Calle Azogues,CON_FALLECIDOS,Colision Multiple,Distraccion (celular/radio),57,FALLECIDO,NO_REGISTRA,MOTOCICLETA,83,FALLECIDO,HOMBRE,VEH_LIVIANO,65,LESIONADO,NO_REGISTRA,SCOOTER
2022-10-20 20:52:34,-4.033571,-79.219282,Calle Saraguro,SOLO_DANOS,Caida,Fatiga del conductor,,,,,,,,,,,,
2022-09-15 23:30:54,-4.034371,-79.192601,Av. Isidro Ayora,SOLO_DANOS,Choque Vehicular,Distraccion (celular/radio),,,,,,,,,,,,
2022-04-14 00:00:48,-4.010790,-79.184003,Calle Montufar,CON_LESIONADOS,Colision Multiple,Estado de embriaguez,14,LESIONADO,HOMBRE,CICLISTA,,,,,,,,
2022-01-26 21:20:33,-4.012414,-79.187301,Calle Colon,CON_FALLECIDOS,Volcamiento,Fatiga del conductor,61,FALLECIDO,NO_REGISTRA,CICLISTA,41,FALLECIDO,MUJER,PEATON,,,,
2022-12-19 13:26:38,-3.989399,-79.219665,Av. Universitaria,CON_FALLECIDOS,Colision Multiple,Fatiga del conductor,84,FALLECIDO,NO_REGISTRA,SCOOTER,,,,,,,,
2022-06-26 11:03:57,-4.010794,-79.190625,Av. Cuxibamba,SOLO_DANOS,Incendio,Exceso de velocidad,,,,,,,,,,,,
2022-07-21 21:54:13,-3.998503,-79.203104,Calle Mercadillo,SOLO_DANOS,Volcamiento,Equipo de seguridad deficiente,,,,,,,,,,,,
2022-12-21 15:45:56,-3.982283,-79.228815,Calle 10 de Agosto,CON_LESIONADOS,Caida,Equipo de seguridad deficiente,80,LESIONADO,NO_REGISTRA,VEH_LIVIANO,21,LESIONADO,NO_REGISTRA,MOTOCICLETA,,,,
2022-03-13 23:24:24,-4.029938,-79.175925,Ruta 35,CON_FALLECIDOS,Accidente Laboral,Factores externos,20,FALLECIDO,HOMBRE,OTRO,60,FALLECIDO,NO_REGISTRA,SCOOTER,22,LESIONADO,NO_REGISTRA,CICLISTA
2022-09-18 14:24:35,-3.980820,-79.227834,Av. Isidro Ayora,SOLO_DANOS,Atropellamiento,Factores externos,,,,,,,,,,,,
2022-03-06 13:04:57,-3.994824,-79.191545,Calle Saraguro,SOLO_DANOS,Volcamiento,Equipo de seguridad deficiente,,,,,,,,,,,,
2022-11-27 01:08:22,-4.018504,-79.198689,Av. Isidro Ayora,CON_LESIONADOS,Accidente Laboral,Exceso de velocidad,44,LESIONADO,NO_REGISTRA,OTRO,64,LESIONADO,HOMBRE,CICLISTA,15,LESIONADO,HOMBRE,MOTOCICLETA
2022-11-06 03:51:12,-4.028514,-79.219307,Via Loja - Catamayo,CON_FALLECIDOS,Choque Vehicular,Via resbaladiza o mojada,24,FALLECIDO,HOMBRE,PEATON,30,FALLECIDO,HOMBRE,MOTOCICLETA,14,LESIONADO,NO_REGISTRA,SCOOTER
2022-05-30 20:23:50,-3.996161,-79.213167,Via Loja - Zamora,CON_FALLECIDOS,Accidente Laboral,Imprudencia del conductor,69,FALLECIDO,MUJER,MOTOCICLETA,29,LESIONADO,NO_REGISTRA,MOTOCICLETA,72,LESIONADO,HOMBRE,PEATON
2022-09-19 20:12:04,-4.023277,-79.207052,Av. Reinaldo Espinosa,CON_LESIONADOS,Atropellamiento,Mal estado de la via,74,LESIONADO,HOMBRE,CICLISTA,,,,,,,,
2022-01-15 16:50:22,-3.996859,-79.196161,Calle Quito,CON_LESIONADOS,Caida,Estado de embriaguez,46,LESIONADO,NO_REGISTRA,PEATON,63,LESIONADO,NO_REGISTRA,CICLISTA,49,LESIONADO,MUJER,MOTOCICLETA
2022-06-12 04:48:56,-3.986213,-79.175909,Calle Montufar,SOLO_DANOS,Choque Vehicular,Factores externos,,,,,,,,,,,,
2022-03-31 15:40:20,-4.001683,-79.203587,Av. Cuxibamba,CON_LESIONADOS,Volcamiento,Factores externos,51,LESIONADO,NO_REGISTRA,CICLISTA,48,LESIONADO,NO_REGISTRA,MOTOCICLETA,,,,
2022-12-21 17:06:06,-4.002107,-79.187150,Via Loja - Catamayo,CON_LESIONADOS,Atropellamiento,Visibilidad reducida,16,LESIONADO,NO_REGISTRA,VEH_LIVIANO,46,LESIONADO,HOMBRE,VEH_LIVIANO,,,,
2022-03-20 20:21:37,-3.992888,-79.198649,Calle Imbabura,CON_LESIONADOS,Atropellamiento,Factores externos,74,LESIONADO,MUJER,CICLISTA,73,LESIONADO,HOMBRE,SCOOTER,69,LESIONADO,NO_REGISTRA,CICLISTA
2022-11-06 11:40:24,-4.027071,-79.172593,Calle Quito,SOLO_DANOS,Choque Vehicular,Falla mecanica,,,,,,,,,,,,
2022-03-11 20:58:11,-4.036585,-79.215781,Av. Pio Jaramillo,SOLO_DANOS,Colision Multiple,Distraccion (celular/radio),,,,,,,,,,,,
2022-11-21 22:13:59,-3.997561,-79.205669,Av. Rosa Hermosa,CON_LESIONADOS,Incendio,Factores externos,32,LESIONADO,MUJER,VEH_LIVIANO,,,,,,,,
2022-04-08 07:34:20,-4.020379,-79.226175,Calle 10 de Agosto,CON_LESIONADOS,Volcamiento,Falla mecanica,21,LESIONADO,MUJER,CICLISTA,16,LESIONADO,NO_REGISTRA,SCOOTER,64,LESIONADO,HOMBRE,PEATON
2022-01-20 19:49:52,-4.018775,-79.210338,Av. Universitaria,CON_LESIONADOS,Atropellamiento,Falla mecanica,40,LESIONADO,MUJER,SCOOTER,38,LESIONADO,NO_REGISTRA,SCOOTER,20,LESIONADO,NO_REGISTRA,MOTOCICLETA
2022-02-14 08:44:31,-4.008670,-79.208585,Av. Universitaria,CON_LESIONADOS,Accidente Laboral,Factores externos,64,LESIONADO,NO_REGISTRA,PEATON,,,,,,,,
2022-12-18 22:17:55,-4.025847,-79.215194,Calle Montufar,CON_FALLECIDOS,Colision Multiple,Via resbaladiza o mojada,46,FALLECIDO,MUJER,VEH_LIVIANO,11,LESIONADO,HOMBRE,SCOOTER,,,,
2022-04-03 22:12:15,-3.998991,-79.209426,Calle Mercadillo,CON_LESIONADOS,Colision Multiple,Distraccion (celular/radio),33,LESIONADO,HOMBRE,SCOOTER,,,,,,,,
2022-09-29 20:49:00,-4.007579,-79.213504,Calle Miguel Riofrio,CON_FALLECIDOS,Caida,Exceso de velocidad,49,FALLECIDO,MUJER,VEH_LIVIANO,31,LESIONADO,HOMBRE,PEATON,56,LESIONADO,HOMBRE,SCOOTER