fecha_hora,latitud,longitud,via,grado_severidad,tipo_siniestro,causa_probable,victima1_edad,victima1_condicion,victima1_sexo,victima1_actor_vial,victima2_edad,victima2_condicion,victima2_sexo,victima2_actor_vial,victima3_edad,victima3_condicion,victima3_sexo,victima3_actor_vial
2022-07-31 13:56:28,-3.977060,-79.227389,Ruta 35,CON_LESIONADOS,Volcamiento,Equipo de seguridad deficiente,52,LESIONADO,MUJER,PEATON,32,LESIONADO,HOMBRE,SCOOTER,,,,
2022-05-22 00:21:31,-3.994929,-79.196471,Av. Pio Jaramillo,SOLO_DANOS,Incendio,Inobservancia de senales,,,,,,,,,,,,
2022-10-19 13:07:47,-4.031124,-79.201739,Av. Universitaria,SOLO_DANOS,Volcamiento,Mal estado de la via,,,,,,,,,,,,
2022-03-12 12:17:37,-3.991172,-79.219288,Calle Miguel Riofrio,CON_FALLECIDOS,Atropellamiento,Falla mecanica,69,FALLECIDO,MUJER,OTRO,,,,,,,,
2022-12-16 03:10:38,-4.021244,-79.176229,Calle Montufar,CON_LESIONADOS,Volcamiento,Factores externos,33,LESIONADO,NO_REGISTRA,OTRO,20,LESIONADO,HOMBRE,OTRO,33,LESIONADO,HOMBRE,SCOOTER
2022-12-08 04:46:21,-4.014535,-79.175304,Calle Imbabura,CON_LESIONADOS,Accidente Laboral,Fatiga del conductor,69,LESIONADO,MUJER,MOTOCICLETA,9,LESIONADO,NO_REGISTRA,MOTOCICLETA,78,LESIONADO,HOMBRE,SCOOTER
2022-07-03 04:44:47,-4.026057,-79.201495,Av. Reinaldo Espinosa,CON_FALLECIDOS,Incendio,Exceso de velocidad,84,FALLECIDO,MUJER,OTRO,33,LESIONADO,MUJER,PEATON,,,,
2022-11-02 16:55:51,-4.035666,-79.221480,Av. Universitaria,CON_LESIONADOS,Accidente Laboral,Estado de embriaguez,77,LESIONADO,NO_REGISTRA,OTRO,72,LESIONADO,MUJER,VEH_LIVIANO,,,,
2022-01-05 15:53:04,-4.030598,-79.195519,Calle Azogues,CON_LESIONADOS,Incendio,Mal estado de la via,60,LESIONADO,MUJER,PEATON,64,LESIONADO,HOMBRE,SCOOTER,,,,
2022-12-27 19:10:54,-4.012409,-79.179636,Calle Azogues,SOLO_DANOS,Volcamiento,Factores externos,62,LESIONADO,MUJER,MOTOCICLETA,,,,,,,,
2022-08-29 06:58:56,-4.029818,-79.189851,Calle Colon,SOLO_DANOS,Colision Multiple,Estado de embriaguez,,,,,,,,,,,,
2022-10-25 11:05:27,-3.983140,-79.229336,Calle Saraguro,CON_LESIONADOS,Volcamiento,Equipo de seguridad deficiente,71,LESIONADO,MUJER,CICLISTA,58,LESIONADO,NO_REGISTRA,MOTOCICLETA,8,LESIONADO,NO_REGISTRA,MOTOCICLETA
2022-02-24 21:06:02,-4.029679,-79.175816,Via Loja - Catamayo,SOLO_DANOS,Choque Vehicular,Equipo de seguridad deficiente,,,,,,,,,,,,
2022-12-19 15:11:58,-4.029522,-79.183739,Calle 10 de Agosto,SOLO_DANOS,Incendio,Factores externos,,,,,,,,,,,,
2022-09-13 05:38:35,-4.013475,-79.192187,Calle Miguel Riofrio,CON_FALLECIDOS,Volcamiento,Imprudencia del conductor,47,FALLECIDO,HOMBRE,MOTOCICLETA,57,LESIONADO,MUJER,SCOOTER,,,,
2022-12-10 08:59:38,-4.025622,-79.212149,Av. Reinaldo Espinosa,CON_FALLECIDOS,Volcamiento,Falla mecanica,39,FALLECIDO,NO_REGISTRA,MOTOCICLETA,72,FALLECIDO,HOMBRE,MOTOCICLETA,59,LESIONADO,NO_REGISTRA,PEATON
2022-03-17 05:47:52,-3.985519,-79.215949,Calle 18 de Noviembre,CON_LESIONADOS,Accidente Laboral,Fatiga del conductor,61,LESIONADO,MUJER,VEH_LIVIANO,18,LESIONADO,NO_REGISTRA,VEH_LIVIANO,,,,
2022-09-14 20:59:35,-3.991600,-79.205230,Calle Mercadillo,SOLO_DANOS,Choque Vehicular,Inobservancia de senales,,,,,,,,,,,,
2022-04-13 02:36:14,-3.991626,-79.175073,Calle Quito,SOLO_DANOS,Incendio,Falla mecanica,,,,,,,,,,,,
2022-07-13 21:02:07,-4.024203,-79.222719,Av. Metropolitana,CON_FALLECIDOS,Volcamiento,Distraccion (celular/radio),31,FALLECIDO,HOMBRE,MOTOCICLETA,24,FALLECIDO,HOMBRE,VEH_LIVIANO,13,LESIONADO,HOMBRE,MOTOCICLETA
2022-05-05 07:55:52,-4.012151,-79.201082,Av. Manuel Agustin Aguirre,SOLO_DANOS,Atropellamiento,Estado de embriaguez,,,,,,,,,,,,
2022-04-22 10:01:07,-4.019878,-79.174187,Calle Quito,CON_LESIONADOS,Incendio,Visibilidad reducida,44,LESIONADO,NO_REGISTRA,MOTOCICLETA,69,LESIONADO,MUJER,CICLISTA,,,,
2022-11-24 16:48:32,-3.987314,-79.193778,Av. Universitaria,CON_LESIONADOS,Caida,Imprudencia del conductor,6,LESIONADO,NO_REGISTRA,MOTOCICLETA,25,LESIONADO,HOMBRE,VEH_LIVIANO,55,LESIONADO,MUJER,CICLISTA
2022-04-02 04:11:34,-4.004314,-79.227382,Ruta 35,CON_FALLECIDOS,Volcamiento,Factores externos,69,FALLECIDO,HOMBRE,CICLISTA,62,LESIONADO,NO_REGISTRA,SCOOTER,,,,
2022-03-27 01:37:50,-4.028099,-79.209089,Calle Saraguro,CON_FALLECIDOS,Incendio,Equipo de seguridad deficiente,70,FALLECIDO,HOMBRE,OTRO,51,FALLECIDO,HOMBRE,VEH_LIVIANO,,,,
2022-09-02 12:13:35,-4.031789,-79.188822,Calle Azogues,CON_FALLECIDOS,Choque Vehicular,Exceso de velocidad,50,FALLECIDO,HOMBRE,SCOOTER,58,LESIONADO,HOMBRE,OTRO,,,,
2022-01-10 14:38:52,-3.991343,-79.214079,Calle 18 de Noviembre,CON_LESIONADOS,Accidente Laboral,Imprudencia del conductor,24,LESIONADO,NO_REGISTRA,OTRO,39,LESIONADO,HOMBRE,OTRO,71,LESIONADO,HOMBRE,PEATON
2022-02-05 19:11:38,-4.006876,-79.209120,Av. Manuel Agustin Aguirre,SOLO_DANOS,Colision Multiple,Distraccion (celular/radio),43,LESIONADO,HOMBRE,CICLISTA,,,,,,,,
2022-04-12 05:58:35,-4.005515,-79.225664,Calle Imbabura,SOLO_DANOS,Colision Multiple,Imprudencia del conductor,,,,,,,,,,,,
2022-10-21 00:34:43,-4.028416,-79.221091,Calle Sucre,CON_FALLECIDOS,Accidente Laboral,Estado de embriaguez,69,FALLECIDO,MUJER,CICLISTA,25,LESIONADO,HOMBRE,CICLISTA,,,,
2022-08-13 12:06:08,-3.997730,-79.187109,Av. Isidro Ayora,CON_LESIONADOS,Atropellamiento,Imprudencia del conductor,77,LESIONADO,MUJER,VEH_LIVIANO,,,,,,,,
2022-08-06 22:54:30,-3.997870,-79.223760,Calle Rocafuerte,CON_LESIONADOS,Volcamiento,Via resbaladiza o mojada,9,LESIONADO,MUJER,CICLISTA,,,,,,,,
2022-03-11 03:10:39,-3.980397,-79.209155,Av. Orillas del Zamora,SOLO_DANOS,Choque Vehicular,Mal estado de la via,,,,,,,,,,,,
2022-11-10 08:58:50,-3.999441,-79.204865,Calle Imbabura,CON_FALLECIDOS,Volcamiento,Fatiga del conductor,78,FALLECIDO,NO_REGISTRA,MOTOCICLETA,18,FALLECIDO,NO_REGISTRA,CICLISTA,59,LESIONADO,HOMBRE,OTRO
2022-06-11 08:30:51,-3.998752,-79.190767,Av. Manuel Agustin Aguirre,CON_LESIONADOS,Atropellamiento,Estado de embriaguez,34,LESIONADO,MUJER,OTRO,30,LESIONADO,NO_REGISTRA,OTRO,44,LESIONADO,HOMBRE,SCOOTER
2022-04-15 11:21:17,-3.997300,-79.180163,Av. Rosa Hermosa,CON_LESIONADOS,Colision Multiple,Exceso de velocidad,32,LESIONADO,NO_REGISTRA,CICLISTA,28,LESIONADO,HOMBRE,CICLISTA,6,LESIONADO,HOMBRE,OTRO
2022-07-02 18:53:38,-4.003906,-79.198604,Av. Gran Colombia,CON_LESIONADOS,Colision Multiple,Fatiga del conductor,32,LESIONADO,NO_REGISTRA,MOTOCICLETA,37,LESIONADO,NO_REGISTRA,SCOOTER,59,LESIONADO,NO_REGISTRA,CICLISTA
2022-03-21 16:37:55,-3.978754,-79.225563,Av. Rosa Hermosa,SOLO_DANOS,Caida,Via resbaladiza o mojada,,,,,,,,,,,,
2022-06-28 23:21:25,-4.002740,-79.191693,Av. Reinaldo Espinosa,CON_FALLECIDOS,Accidente Laboral,Fatiga del conductor,83,FALLECIDO,NO_REGISTRA,CICLISTA,7,LESIONADO,MUJER,MOTOCICLETA,,,,
2022-11-12 08:20:22,-4.020604,-79.222113,Calle 18 de Noviembre,CON_LESIONADOS,Incendio,Inobservancia de senales,39,LESIONADO,HOMBRE,SCOOTER,6,LESIONADO,HOMBRE,OTRO,20,LESIONADO,HOMBRE,OTRO
2022-10-14 04:01:33,-4.010589,-79.201004,Av. Pio Jaramillo,SOLO_DANOS,Volcamiento,Distraccion (celular/radio),,,,,,,,,,,,
2022-06-28 01:18:27,-4.025818,-79.177256,Calle Sucre,SOLO_DANOS,Colision Multiple,Distraccion (celular/radio),,,,,,,,,,,,
2022-07-19 04:02:33,-4.034093,-79.196565,Calle 10 de Agosto,SOLO_DANOS,Atropellamiento,Via resbaladiza o mojada,,,,,,,,,,,,
2022-08-01 07:25:48,-3.977436,-79.204611,Calle Mercadillo,SOLO_DANOS,Accidente Laboral,Estado de embriaguez,,,,,,,,,,,,
2022-11-26 13:09:06,-3.986971,-79.230650,Av. Metropolitana,CON_FALLECIDOS,Accidente Laboral,Visibilidad reducida,68,FALLECIDO,NO_REGISTRA,CICLISTA,39,FALLECIDO,HOMBRE,PEATON,,,,
2022-06-02 03:45:43,-3.982564,-79.210895,Av. Metropolitana,SOLO_DANOS,Caida,Equipo de seguridad deficiente,,,,,,,,,,,,
2022-09-04 06:29:19,-3.997105,-79.230866,Calle Sucre,CON_LESIONADOS,Choque Vehicular,Mal estado de la via,52,LESIONADO,NO_REGISTRA,PEATON,30,LESIONADO,MUJER,CICLISTA,,,,
2022-07-05 11:45:48,-4.028363,-79.208906,Calle Montufar,SOLO_DANOS,Caida,Falla mecanica,,,,,,,,,,,,
2022-06-01 23:50:52,-4.030638,-79.221231,Av. Gran Colombia,CON_FALLECIDOS,Colision Multiple,Distraccion (celular/radio),73,FALLECIDO,MUJER,MOTOCICLETA,43,LESIONADO,HOMBRE,SCOOTER,,,,
2022-03-19 16:00:45,-4.030623,-79.173105,Av. Cuxibamba,SOLO_DANOS,Accidente Laboral,Via resbaladiza o mojada,,,,,,,,,,,,
2022-12-20 18:37:21,-3.986985,-79.196013,Calle Sucre,CON_FALLECIDOS,Volcamiento,Falla mecanica,78,FALLECIDO,NO_REGISTRA,CICLISTA,37,LESIONADO,NO_REGISTRA,SCOOTER,38,LESIONADO,NO_REGISTRA,OTRO
2022-12-07 23:52:45,-3.992974,-79.209936,Calle Saraguro,CON_LESIONADOS,Colision Multiple,Exceso de velocidad,26,LESIONADO,HOMBRE,PEATON,,,,,,,,
2022-07-31 17:33:49,-4.016207,-79.214654,Calle Montufar,CON_LESIONADOS,Volcamiento,Visibilidad reducida,14,LESIONADO,NO_REGISTRA,SCOOTER,,,,,,,,
2022-09-14 00:34:16,-3.998887,-79.210586,Calle Quito,CON_FALLECIDOS,Caida,Factores externos,71,FALLECIDO,MUJER,OTRO,45,FALLECIDO,NO_REGISTRA,SCOOTER,44,LESIONADO,MUJER,SCOOTER
2022-10-10 00:22:35,-4.033643,-79.221416,Calle Miguel Riofrio,CON_FALLECIDOS,Atropellamiento,Equipo de seguridad deficiente,21,FALLECIDO,MUJER,PEATON,54,LESIONADO,HOMBRE,MOTOCICLETA,,,,
2022-11-05 18:57:10,-4.021085,-79.227931,Calle 10 de Agosto,CON_FALLECIDOS,Volcamiento,Fatiga del conductor,34,FALLECIDO,NO_REGISTRA,OTRO,,,,,,,,
2022-11-11 18:53:13,-4.016926,-79.208380,Av. Reinaldo Espinosa,SOLO_DANOS,Volcamiento,Mal estado de la via,,,,,,,,,,,,
2022-09-11 14:00:53,-4.023141,-79.226294,Av. Pio Jaramillo,CON_FALLECIDOS,Accidente Laboral,Visibilidad reducida,82,FALLECIDO,HOMBRE,MOTOCICLETA,,,,,,,,
2022-09-08 06:43:18,-4.019163,-79.210318,Av. Metropolitana,SOLO_DANOS,Colision Multiple,Distraccion (celular/radio),,,,,,,,,,,,
2022-08-26 08:45:02,-4.003453,-79.188218,Av. Universitaria,SOLO_DANOS,Colision Multiple,Fatiga del conductor,54,LESIONADO,NO_REGISTRA,SCOOTER,,,,,,,,
2022-01-14 02:44:37,-4.000504,-79.221296,Calle Ramon Borrero,SOLO_DANOS,Colision Multiple,Fatiga del conductor,,,,,,,,,,,,
2022-08-22 16:27:17,-4.018173,-79.227402,Av. Orillas del Zamora,CON_FALLECIDOS,Incendio,Via resbaladiza o mojada,38,FALLECIDO,HOMBRE,SCOOTER,54,FALLECIDO,MUJER,VEH_LIVIANO,,,,
2022-08-31 14:52:30,-3.990294,-79.199808,Av. Pio Jaramillo,SOLO_DANOS,Caida,Imprudencia del conductor,,,,,,,,,,,,
2022-02-22 22:35:36,-4.034519,-79.230303,Calle Azogues,CON_LESIONADOS,Atropellamiento,Via resbaladiza o mojada,29,LESIONADO,MUJER,CICLISTA,56,LESIONADO,HOMBRE,SCOOTER,,,,
2022-04-24 23:57:40,-3.983619,-79.187119,Calle Miguel Riofrio,SOLO_DANOS,Atropellamiento,Distraccion (celular/radio),,,,,,,,,,,,
2022-05-10 14:22:47,-4.003812,-79.191325,Via Loja - Catamayo,CON_LESIONADOS,Incendio,Visibilidad reducida,18,LESIONADO,NO_REGISTRA,OTRO,39,LESIONADO,MUJER,PEATON,,,,
2022-03-13 06:59:37,-4.030070,-79.209483,Calle Rocafuerte,CON_LESIONADOS,Atropellamiento,Factores externos,17,LESIONADO,NO_REGISTRA,MOTOCICLETA,76,LESIONADO,MUJER,OTRO,,,,
2022-08-04 11:30:05,-4.011866,-79.199197,Calle 18 de Noviembre,SOLO_DANOS,Atropellamiento,Falla mecanica,,,,,,,,,,,,
2022-10-26 13:05:22,-4.008376,-79.173329,Calle Quito,CON_LESIONADOS,Caida,Estado de embriaguez,74,LESIONADO,HOMBRE,SCOOTER,19,LESIONADO,MUJER,SCOOTER,,,,
2022-08-27 09:07:47,-3.999882,-79.213504,Calle 18 de Noviembre,CON_FALLECIDOS,Choque Vehicular,Fatiga del conductor,40,FALLECIDO,NO_REGISTRA,OTRO,31,LESIONADO,HOMBRE,PEATON,,,,
2022-09-19 23:23:34,-3.999810,-79.228692,Av. Universitaria,SOLO_DANOS,Atropellamiento,Exceso de velocidad,,,,,,,,,,,,
2022-07-31 11:44:34,-4.015459,-79.197585,Av. Isidro Ayora,CON_FALLECIDOS,Accidente Laboral,Mal estado de la via,48,FALLECIDO,MUJER,OTRO,19,LESIONADO,HOMBRE,MOTOCICLETA,24,LESIONADO,HOMBRE,MOTOCICLETA
2022-05-17 05:14:04,-4.017424,-79.171647,Calle Imbabura,CON_LESIONADOS,Incendio,Distraccion (celular/radio),20,LESIONADO,NO_REGISTRA,MOTOCICLETA,10,LESIONADO,MUJER,PEATON,,,,
2022-06-28 05:24:34,-3.977117,-79.180021,Calle Colon,CON_LESIONADOS,Volcamiento,Imprudencia del conductor,77,LESIONADO,HOMBRE,PEATON,60,LESIONADO,NO_REGISTRA,CICLISTA,63,LESIONADO,HOMBRE,MOTOCICLETA
2022-06-22 09:01:54,-4.022693,-79.194132,Av. Cuxibamba,CON_FALLECIDOS,Volcamiento,Exceso de velocidad,47,FALLECIDO,NO_REGISTRA,PEATON,,,,,,,,
2022-07-01 20:36:16,-4.030773,-79.196945,Calle Montufar,CON_FALLECIDOS,Atropellamiento,Fatiga del conductor,50,FALLECIDO,MUJER,CICLISTA,24,LESIONADO,NO_REGISTRA,SCOOTER,,,,
2022-04-30 08:19:53,-4.005903,-79.211724,Calle Bolivar,CON_LESIONADOS,Atropellamiento,Mal estado de la via,47,LESIONADO,NO_REGISTRA,PEATON,14,LESIONADO,MUJER,OTRO,,,,
2022-06-08 08:59:00,-4.009536,-79.197473,Calle 18 de Noviembre,CON_LESIONADOS,Atropellamiento,Falla mecanica,5,LESIONADO,MUJER,CICLISTA,34,LESIONADO,NO_REGISTRA,VEH_LIVIANO,52,LESIONADO,NO_REGISTRA,MOTOCICLETA
2022-02-21 19:24:36,-4.025521,-79.185029,Calle Miguel Riofrio,CON_FALLECIDOS,Accidente Laboral,Via resbaladiza o mojada,39,FALLECIDO,HOMBRE,PEATON,74,LESIONADO,HOMBRE,CICLISTA,18,LESIONADO,HOMBRE,CICLISTA
2022-07-15 17:00:25,-4.030114,-79.190903,Av. Rosa Hermosa,CON_FALLECIDOS,Caida,Visibilidad reducida,70,FALLECIDO,NO_REGISTRA,SCOOTER,,,,,,,,
2022-04-14 20:32:11,-3.991224,-79.203149,Av. Universitaria,CON_LESIONADOS,Accidente Laboral,Factores externos,32,LESIONADO,HOMBRE,VEH_LIVIANO,28,LESIONADO,MUJER,MOTOCICLETA,53,LESIONADO,MUJER,MOTOCICLETA
2022-07-10 06:59:57,-4.029738,-79.228151,Av. Gran Colombia,CON_FALLECIDOS,Volcamiento,Via resbaladiza o mojada,63,FALLECIDO,NO_REGISTRA,VEH_LIVIANO,61,FALLECIDO,NO_REGISTRA,PEATON,68,LESIONADO,NO_REGISTRA,OTRO
2022-12-01 23:11:22,-3.996114,-79.177112,Av. Manuel Agustin Aguirre,CON_FALLECIDOS,Choque Vehicular,Inobservancia de senales,38,FALLECIDO,NO_REGISTRA,OTRO,,,,,,,,
2022-09-01 14:16:39,-3.984102,-79.215119,Calle Colon,SOLO_DANOS,Choque Vehicular,Fatiga del conductor,,,,,,,,,,,,
2022-03-29 14:39:41,-3.981695,-79.214008,Via Loja - Zamora,CON_LESIONADOS,Caida,Fatiga del conductor,40,LESIONADO,MUJER,VEH_LIVIANO,10,LESIONADO,MUJER,MOTOCICLETA,20,LESIONADO,MUJER,OTRO
2022-08-09 17:06:25,-3.985298,-79.207434,Calle 10 de Agosto,CON_LESIONADOS,Choque Vehicular,Visibilidad reducida,73,LESIONADO,HOMBRE,SCOOTER,,,,,,,,
2022-05-11 03:45:14,-4.019006,-79.213820,Calle Ramon Borrero,CON_FALLECIDOS,Volcamiento,Distraccion (celular/radio),52,FALLECIDO,HOMBRE,CICLISTA,74,FALLECIDO,NO_REGISTRA,CICLISTA,18,LESIONADO,NO_REGISTRA,MOTOCICLETA
2022-11-16 05:55:28,-4.034889,-79.223602,Av. Isidro Ayora,SOLO_DANOS,Colision Multiple,Visibilidad reducida,,,,,,,,,,,,
2022-04-13 05:55:38,-4.013804,-79.212335,Av. 8 de Diciembre,SOLO_DANOS,Atropellamiento,Equipo de seguridad deficiente,,,,,,,,,,,,
2022-09-04 08:03:52,-4.018958,-79.186114,Calle 10 de Agosto,SOLO_DANOS,Caida,Exceso de velocidad,,,,,,,,,,,,
2022-10-23 09:24:06,-3.994116,-79.183014,Av. Orillas del Zamora,SOLO_DANOS,Incendio,Equipo de seguridad deficiente,,,,,,,,,,,,
2022-05-27 17:56:45,-4.013996,-79.223491,Calle Saraguro,CON_FALLECIDOS,Incendio,Visibilidad reducida,67,FALLECIDO,MUJER,CICLISTA,65,FALLECIDO,HOMBRE,SCOOTER,17,LESIONADO,NO_REGISTRA,SCOOTER
2022-05-31 00:05:18,-3.977975,-79.197063,Calle Ramon Borrero,CON_LESIONADOS,Choque Vehicular,Inobservancia de senales,12,LESIONADO,MUJER,VEH_LIVIANO,37,LESIONADO,NO_REGISTRA,CICLISTA,,,,
2022-07-05 21:31:28,-4.001528,-79.200023,Calle Miguel Riofrio,CON_FALLECIDOS,Choque Vehicular,Inobservancia de senales,48,FALLECIDO,HOMBRE,OTRO,42,FALLECIDO,NO_REGISTRA,OTRO,63,LESIONADO,NO_REGISTRA,VEH_LIVIANO
2022-04-15 13:12:35,-3.998277,-79.178521,Calle Colon,CON_FALLECIDOS,Atropellamiento,Falla mecanica,64,FALLECIDO,MUJER,VEH_LIVIANO,,,,,,,,
2022-06-23 17:30:06,-4.013387,-79.189328,Calle 18 de Noviembre,SOLO_DANOS,Incendio,Via resbaladiza o mojada,,,,,,,,,,,,
2022-12-09 10:14:19,-4.001603,-79.223058,Av. Reinaldo Espinosa,CON_FALLECIDOS,Atropellamiento,Equipo de seguridad deficiente,77,FALLECIDO,NO_REGISTRA,PEATON,47,FALLECIDO,HOMBRE,VEH_LIVIANO,,,,
2022-07-24 04:18:41,-4.007346,-79.174495,Av. Rosa Hermosa,CON_LESIONADOS,Choque Vehicular,Fatiga del conductor,18,LESIONADO,NO_REGISTRA,CICLISTA,6,LESIONADO,MUJER,PEATON,,,,
2022-08-23 09:29:24,-4.030085,-79.179491,Av. Metropolitana,CON_FALLECIDOS,Caida,Equipo de seguridad deficiente,59,FALLECIDO,MUJER,PEATON,46,LESIONADO,HOMBRE,OTRO,74,LESIONADO,HOMBRE,PEATON
2022-04-20 21:35:24,-4.019197,-79.181474,Av. Gran Colombia,CON_FALLECIDOS,Volcamiento,Via resbaladiza o mojada,48,FALLECIDO,MUJER,MOTOCICLETA,60,FALLECIDO,HOMBRE,VEH_LIVIANO,,,,
2022-11-11 10:55:06,-4.018910,-79.193446,Av. Metropolitana,SOLO_DANOS,Caida,Fatiga del conductor,,,,,,,,,,,,
2022-08-02 22:22:20,-3.999122,-79.210948,Av. Isidro Ayora,CON_FALLECIDOS,Volcamiento,Imprudencia del conductor,30,FALLECIDO,MUJER,MOTOCICLETA,33,FALLECIDO,HOMBRE,SCOOTER,,,,
2022-02-26 13:48:47,-4.003349,-79.226505,Calle Colon,CON_FALLECIDOS,Caida,Estado de embriaguez,66,FALLECIDO,NO_REGISTRA,OTRO,57,LESIONADO,NO_REGISTRA,OTRO,,,,
2022-04-10 01:59:28,-4.034492,-79.176100,Av. Metropolitana,CON_LESIONADOS,Volcamiento,Equipo de seguridad deficiente,62,LESIONADO,MUJER,CICLISTA,15,LESIONADO,NO_REGISTRA,VEH_LIVIANO,53,LESIONADO,NO_REGISTRA,SCOOTER
2022-09-14 02:29:03,-4.015376,-79.186215,Calle Ramon Borrero,CON_FALLECIDOS,Volcamiento,Imprudencia del conductor,61,FALLECIDO,MUJER,OTRO,35,LESIONADO,NO_REGISTRA,SCOOTER,59,LESIONADO,HOMBRE,CICLISTA
2022-12-08 17:57:26,-3.979491,-79.172196,Calle Colon,CON_LESIONADOS,Choque Vehicular,Fatiga del conductor,43,LESIONADO,MUJER,SCOOTER,38,LESIONADO,MUJER,OTRO,,,,
2022-06-25 06:29:08,-4.024131,-79.197235,Av. Cuxibamba,CON_FALLECIDOS,Accidente Laboral,Imprudencia del conductor,80,FALLECIDO,MUJER,MOTOCICLETA,,,,,,,,
2022-09-23 05:25:57,-4.027688,-79.213763,Calle Rocafuerte,CON_LESIONADOS,Atropellamiento,Estado de embriaguez,40,LESIONADO,HOMBRE,SCOOTER,,,,,,,,
2022-09-10 02:48:53,-4.018855,-79.208567,Calle Ramon Borrero,SOLO_DANOS,Choque Vehicular,Visibilidad reducida,,,,,,,,,,,,
2022-09-09 15:54:41,-3.977376,-79.210159,Av. Universitaria,CON_LESIONADOS,Caida,Fatiga del conductor,48,LESIONADO,MUJER,SCOOTER,57,LESIONADO,MUJER,PEATON,,,,
2022-07-13 21:36:20,-4.008821,-79.206235,Av. Manuel Agustin Aguirre,SOLO_DANOS,Choque Vehicular,Falla mecanica,,,,,,,,,,,,
2022-06-18 09:13:47,-4.029695,-79.227625,Av. Cuxibamba,SOLO_DANOS,Colision Multiple,Falla mecanica,30,LESIONADO,HOMBRE,SCOOTER,,,,,,,,
2022-03-11 13:47:05,-4.002957,-79.226224,Calle Miguel Riofrio,SOLO_DANOS,Choque Vehicular,Falla mecanica,,,,,,,,,,,,
2022-06-05 08:08:40,-4.030108,-79.203368,Calle Imbabura,CON_LESIONADOS,Colision Multiple,Distraccion (celular/radio),66,LESIONADO,HOMBRE,OTRO,74,LESIONADO,HOMBRE,MOTOCICLETA,64,LESIONADO,MUJER,CICLISTA
2022-01-18 11:22:48,-3.979036,-79.201359,Via Loja - Zamora,CON_LESIONADOS,Choque Vehicular,Equipo de seguridad deficiente,15,LESIONADO,MUJER,MOTOCICLETA,72,LESIONADO,MUJER,CICLISTA,22,LESIONADO,MUJER,MOTOCICLETA
2022-08-11 01:42:04,-3.999426,-79.213604,Ruta 35,CON_LESIONADOS,Incendio,Falla mecanica,42,LESIONADO,NO_REGISTRA,PEATON,79,LESIONADO,MUJER,PEATON,64,LESIONADO,HOMBRE,VEH_LIVIANO
2022-08-10 08:27:27,-4.029029,-79.204882,Calle Saraguro,CON_LESIONADOS,Colision Multiple,Falla mecanica,62,LESIONADO,NO_REGISTRA,PEATON,,,,,,,,
2022-02-19 10:15:48,-3.980737,-79.197627,Calle Imbabura,CON_FALLECIDOS,Volcamiento,Exceso de velocidad,70,FALLECIDO,HOMBRE,SCOOTER,32,LESIONADO,MUJER,SCOOTER,,,,
2022-11-09 00:54:41,-4.016454,-79.221771,Av. Cuxibamba,SOLO_DANOS,Volcamiento,Estado de embriaguez,,,,,,,,,,,,
2022-11-30 16:05:04,-4.005425,-79.196421,Av. Orillas del Zamora,SOLO_DANOS,Caida,Falla mecanica,,,,,,,,,,,,
2022-02-28 23:13:50,-3.980775,-79.183613,Av. Reinaldo Espinosa,CON_FALLECIDOS,Volcamiento,Imprudencia del conductor,24,FALLECIDO,HOMBRE,CICLISTA,77,LESIONADO,NO_REGISTRA,MOTOCICLETA,,,,
2022-10-07 16:18:09,-3.991881,-79.186692,Av. 8 de Diciembre,SOLO_DANOS,Accidente Laboral,Distraccion (celular/radio),8,LESIONADO,NO_REGISTRA,MOTOCICLETA,,,,,,,,
2022-03-09 10:18:49,-4.036673,-79.209231,Av. Pio Jaramillo,SOLO_DANOS,Choque Vehicular,Falla mecanica,,,,,,,,,,,,
2022-06-09 16:17:48,-3.982058,-79.224104,Av. Reinaldo Espinosa,CON_FALLECIDOS,Colision Multiple,Falla mecanica,58,FALLECIDO,NO_REGISTRA,PEATON,,,,,,,,
2022-01-30 08:38:24,-3.978653,-79.220676,Calle Rocafuerte,CON_LESIONADOS,Incendio,Distraccion (celular/radio),34,LESIONADO,NO_REGISTRA,OTRO,35,LESIONADO,MUJER,CICLISTA,,,,
2022-05-31 07:13:36,-3.981189,-79.226214,Av. Universitaria,CON_FALLECIDOS,Accidente Laboral,Estado de embriaguez,24,FALLECIDO,MUJER,OTRO,46,FALLECIDO,HOMBRE,PEATON,74,LESIONADO,NO_REGISTRA,SCOOTER
2022-02-14 04:41:49,-4.002146,-79.188041,Av. Cuxibamba,CON_FALLECIDOS,Choque Vehicular,Visibilidad reducida,72,FALLECIDO,HOMBRE,SCOOTER,,,,,,,,
2022-11-23 21:36:56,-3.989089,-79.189167,Av. Gran Colombia,CON_LESIONADOS,Incendio,Exceso de velocidad,17,LESIONADO,HOMBRE,MOTOCICLETA,,,,,,,,
2022-08-22 20:19:56,-3.988339,-79.177604,Calle Sucre,CON_FALLECIDOS,Accidente Laboral,Distraccion (celular/radio),54,FALLECIDO,NO_REGISTRA,VEH_LIVIANO,79,FALLECIDO,HOMBRE,MOTOCICLETA,50,LESIONADO,MUJER,PEATON
2022-02-09 05:37:31,-4.003006,-79.226154,Calle 18 de Noviembre,CON_LESIONADOS,Colision Multiple,Factores externos,73,LESIONADO,NO_REGISTRA,MOTOCICLETA,35,LESIONADO,NO_REGISTRA,SCOOTER,,,,