fecha_hora,latitud,longitud,via,grado_severidad,tipo_siniestro,causa_probable,victima1_edad,victima1_condicion,victima1_sexo,victima1_actor_vial,victima2_edad,victima2_condicion,victima2_sexo,victima2_actor_vial,victima3_edad,victima3_condicion,victima3_sexo,victima3_actor_vial
2022-04-24 20:30:33,-4.021498,-79.174023,Av. Manuel Agustin Aguirre,SOLO_DANOS,Volcamiento,Imprudencia del conductor,,,,,,,,,,,,
2022-10-28 22:17:09,-4.002096,-79.223031,Calle Colon,SOLO_DANOS,Caida,Via resbaladiza o mojada,,,,,,,,,,,,
2022-09-12 08:14:57,-4.029526,-79.190506,Av. 8 de Diciembre,CON_LESIONADOS,Caida,Inobservancia de senales,40,LESIONADO,HOMBRE,PEATON,63,LESIONADO,HOMBRE,SCOOTER,23,LESIONADO,HOMBRE,VEH_LIVIANO
2022-04-13 04:53:52,-4.007718,-79.212061,Av. Cuxibamba,SOLO_DANOS,Atropellamiento,Estado de embriaguez,,,,,,,,,,,,
2022-06-24 03:37:46,-4.030730,-79.171733,Calle 10 de Agosto,CON_FALLECIDOS,Colision Multiple,Exceso de velocidad,54,FALLECIDO,MUJER,OTRO,25,FALLECIDO,MUJER,VEH_LIVIANO,,,,
2022-08-24 23:26:26,-3.989445,-79.206562,Calle Saraguro,SOLO_DANOS,Accidente Laboral,Factores externos,,,,,,,,,,,,
2022-11-17 02:25:29,-4.017141,-79.196728,Calle Miguel Riofrio,CON_FALLECIDOS,Colision Multiple,Imprudencia del conductor,19,FALLECIDO,NO_REGISTRA,CICLISTA,42,FALLECIDO,HOMBRE,SCOOTER,50,LESIONADO,HOMBRE,CICLISTA
2022-03-11 07:20:05,-4.034133,-79.204973,Calle Sucre,CON_LESIONADOS,Incendio,Estado de embriaguez,11,LESIONADO,MUJER,OTRO,,,,,,,,
2022-02-09 16:31:09,-3.992824,-79.180634,Av. Manuel Agustin Aguirre,CON_FALLECIDOS,Atropellamiento,Distraccion (celular/radio),50,FALLECIDO,NO_REGISTRA,CICLISTA,55,FALLECIDO,MUJER,CICLISTA,,,,
2022-02-14 11:09:30,-4.004920,-79.215920,Av. Pio Jaramillo,CON_FALLECIDOS,Colision Multiple,Via resbaladiza o mojada,43,FALLECIDO,HOMBRE,VEH_LIVIANO,77,LESIONADO,NO_REGISTRA,MOTOCICLETA,23,LESIONADO,HOMBRE,SCOOTER
2022-02-02 17:52:18,-4.025640,-79.201904,Av. Manuel Agustin Aguirre,CON_LESIONADOS,Volcamiento,Exceso de velocidad,36,LESIONADO,MUJER,OTRO,,,,,,,,
2022-12-29 17:41:27,-4.003371,-79.226661,Calle Imbabura,SOLO_DANOS,Volcamiento,Estado de embriaguez,,,,,,,,,,,,
2022-01-24 21:42:26,-3.994973,-79.176924,Av. Manuel Agustin Aguirre,SOLO_DANOS,Atropellamiento,Exceso de velocidad,,,,,,,,,,,,
2022-03-13 22:48:36,-4.034019,-79.206551,Av. Reinaldo Espinosa,CON_FALLECIDOS,Volcamiento,Via resbaladiza o mojada,61,FALLECIDO,MUJER,OTRO,,,,,,,,
2022-06-12 08:05:51,-4.004574,-79.203384,Calle Ramon Borrero,CON_LESIONADOS,Colision Multiple,Falla mecanica,22,LESIONADO,HOMBRE,VEH_LIVIANO,9,LESIONADO,HOMBRE,VEH_LIVIANO,63,LESIONADO,MUJER,OTRO
2022-12-26 00:20:38,-4.006985,-79.194296,Via Loja - Zamora,CON_LESIONADOS,Incendio,Distraccion (celular/radio),23,LESIONADO,MUJER,PEATON,72,LESIONADO,MUJER,MOTOCICLETA,16,LESIONADO,MUJER,PEATON
2022-02-17 16:45:50,-4.010018,-79.177940,Via Loja - Zamora,SOLO_DANOS,Choque Vehicular,Exceso de velocidad,,,,,,,,,,,,
2022-04-14 23:34:05,-4.022257,-79.219124,Calle Ramon Borrero,CON_LESIONADOS,Incendio,Mal estado de la via,78,LESIONADO,MUJER,VEH_LIVIANO,,,,,,,,
2022-08-31 21:07:53,-3.998933,-79.211458,Av. Cuxibamba,CON_LESIONADOS,Atropellamiento,Mal estado de la via,68,LESIONADO,MUJER,CICLISTA,18,LESIONADO,NO_REGISTRA,CICLISTA,49,LESIONADO,NO_REGISTRA,VEH_LIVIANO
2022-02-02 18:17:41,-4.006376,-79.200954,Av. Gran Colombia,CON_FALLECIDOS,Atropellamiento,Equipo de seguridad deficiente,53,FALLECIDO,MUJER,PEATON,45,FALLECIDO,MUJER,CICLISTA,74,LESIONADO,MUJER,MOTOCICLETA
2022-03-29 07:11:13,-4.015492,-79.225458,Av. Manuel Agustin Aguirre,CON_FALLECIDOS,Choque Vehicular,Mal estado de la via,41,FALLECIDO,MUJER,PEATON,36,FALLECIDO,MUJER,SCOOTER,,,,
2022-06-22 18:09:06,-3.981069,-79.207725,Calle Mercadillo,CON_LESIONADOS,Accidente Laboral,Exceso de velocidad,44,LESIONADO,MUJER,CICLISTA,76,LESIONADO,NO_REGISTRA,CICLISTA,78,LESIONADO,NO_REGISTRA,OTRO
2022-09-04 03:44:12,-3.984972,-79.204773,Calle Miguel Riofrio,CON_FALLECIDOS,Caida,Fatiga del conductor,36,FALLECIDO,NO_REGISTRA,MOTOCICLETA,20,LESIONADO,NO_REGISTRA,CICLISTA,52,LESIONADO,MUJER,PEATON
2022-04-17 13:46:18,-3.998072,-79.178781,Calle Rocafuerte,SOLO_DANOS,Atropellamiento,Visibilidad reducida,,,,,,,,,,,,
2022-02-12 18:22:51,-4.002609,-79.220513,Av. Pio Jaramillo,CON_FALLECIDOS,Caida,Distraccion (celular/radio),66,FALLECIDO,MUJER,SCOOTER,30,LESIONADO,MUJER,CICLISTA,50,LESIONADO,HOMBRE,VEH_LIVIANO
2022-06-05 15:18:21,-3.983879,-79.175301,Calle 10 de Agosto,CON_LESIONADOS,Incendio,Equipo de seguridad deficiente,75,LESIONADO,MUJER,CICLISTA,40,LESIONADO,MUJER,OTRO,14,LESIONADO,MUJER,PEATON
2022-07-04 05:18:34,-3.996329,-79.197114,Calle Rocafuerte,SOLO_DANOS,Caida,Fatiga del conductor,,,,,,,,,,,,
2022-05-31 21:33:41,-4.032408,-79.191294,Calle Colon,SOLO_DANOS,Atropellamiento,Equipo de seguridad deficiente,,,,,,,,,,,,
2022-03-30 18:54:26,-4.016453,-79.224831,Calle Miguel Riofrio,CON_LESIONADOS,Accidente Laboral,Fatiga del conductor,34,LESIONADO,MUJER,PEATON,7,LESIONADO,NO_REGISTRA,SCOOTER,65,LESIONADO,NO_REGISTRA,OTRO
2022-02-11 12:31:31,-4.016664,-79.191062,Calle Colon,CON_LESIONADOS,Colision Multiple,Inobservancia de senales,43,LESIONADO,NO_REGISTRA,MOTOCICLETA,37,LESIONADO,MUJER,PEATON,,,,
2022-12-30 15:50:41,-3.997009,-79.193373,Av. Manuel Agustin Aguirre,CON_LESIONADOS,Caida,Equipo de seguridad deficiente,29,LESIONADO,HOMBRE,VEH_LIVIANO,65,LESIONADO,HOMBRE,VEH_LIVIANO,,,,
2022-09-10 22:46:58,-4.006543,-79.200626,Calle Ramon Borrero,SOLO_DANOS,Incendio,Mal estado de la via,,,,,,,,,,,,
2022-05-30 05:37:03,-4.021362,-79.210863,Calle Colon,CON_FALLECIDOS,Incendio,Factores externos,53,FALLECIDO,HOMBRE,SCOOTER,,,,,,,,
2022-08-02 02:41:36,-4.023777,-79.221298,Av. Rosa Hermosa,CON_FALLECIDOS,Choque Vehicular,Inobservancia de senales,28,FALLECIDO,MUJER,CICLISTA,24,FALLECIDO,NO_REGISTRA,VEH_LIVIANO,51,LESIONADO,MUJER,OTRO
2022-02-08 16:10:07,-3.993404,-79.219577,Calle Sucre,SOLO_DANOS,Accidente Laboral,Equipo de seguridad deficiente,,,,,,,,,,,,
2022-02-14 19:43:19,-3.991594,-79.220616,Calle Quito,SOLO_DANOS,Caida,Mal estado de la via,,,,,,,,,,,,
2022-03-02 00:39:59,-3.986050,-79.203251,Av. Isidro Ayora,CON_LESIONADOS,Incendio,Fatiga del conductor,10,LESIONADO,HOMBRE,MOTOCICLETA,,,,,,,,
2022-06-15 15:06:16,-4.026027,-79.196782,Av. Manuel Agustin Aguirre,SOLO_DANOS,Choque Vehicular,Equipo de seguridad deficiente,47,LESIONADO,NO_REGISTRA,OTRO,,,,,,,,
2022-10-05 14:32:30,-4.025980,-79.186365,Calle 18 de Noviembre,SOLO_DANOS,Volcamiento,Distraccion (celular/radio),,,,,,,,,,,,
2022-09-21 02:25:51,-4.030382,-79.202948,Calle Saraguro,CON_FALLECIDOS,Accidente Laboral,Falla mecanica,48,FALLECIDO,HOMBRE,VEH_LIVIANO,29,FALLECIDO,HOMBRE,SCOOTER,,,,
2022-09-03 10:33:29,-4.018977,-79.188850,Calle Imbabura,CON_FALLECIDOS,Choque Vehicular,Falla mecanica,66,FALLECIDO,MUJER,OTRO,25,LESIONADO,NO_REGISTRA,SCOOTER,26,LESIONADO,HOMBRE,CICLISTA
2022-10-19 05:06:56,-3.998169,-79.214072,Calle Montufar,CON_FALLECIDOS,Caida,Distraccion (celular/radio),75,FALLECIDO,NO_REGISTRA,MOTOCICLETA,57,FALLECIDO,NO_REGISTRA,PEATON,47,LESIONADO,NO_REGISTRA,PEATON
2022-08-13 03:18:02,-4.018375,-79.205052,Calle Rocafuerte,CON_FALLECIDOS,Volcamiento,Estado de embriaguez,68,FALLECIDO,MUJER,VEH_LIVIANO,50,FALLECIDO,MUJER,VEH_LIVIANO,32,LESIONADO,MUJER,OTRO
2022-09-25 09:04:31,-3.977728,-79.230126,Via Loja - Catamayo,SOLO_DANOS,Atropellamiento,Visibilidad reducida,,,,,,,,,,,,
2022-07-03 01:03:32,-4.018167,-79.185518,Av. Cuxibamba,CON_FALLECIDOS,Choque Vehicular,Via resbaladiza o mojada,52,FALLECIDO,HOMBRE,CICLISTA,68,FALLECIDO,NO_REGISTRA,CICLISTA,,,,
2022-02-12 06:28:13,-3.983954,-79.183737,Calle Montufar,CON_FALLECIDOS,Caida,Imprudencia del conductor,30,FALLECIDO,MUJER,MOTOCICLETA,73,LESIONADO,HOMBRE,MOTOCICLETA,60,LESIONADO,NO_REGISTRA,SCOOTER
2022-10-16 23:27:13,-4.022957,-79.176422,Calle 18 de Noviembre,CON_LESIONADOS,Caida,Estado de embriaguez,24,LESIONADO,MUJER,VEH_LIVIANO,9,LESIONADO,NO_REGISTRA,SCOOTER,,,,
2022-08-08 20:59:50,-4.027095,-79.193408,Av. Gran Colombia,CON_FALLECIDOS,Caida,Distraccion (celular/radio),25,FALLECIDO,HOMBRE,MOTOCICLETA,43,LESIONADO,NO_REGISTRA,PEATON,,,,
2022-01-19 03:45:08,-3.993478,-79.219599,Av. Reinaldo Espinosa,CON_FALLECIDOS,Incendio,Falla mecanica,30,FALLECIDO,MUJER,SCOOTER,70,FALLECIDO,MUJER,PEATON,,,,
2022-06-23 15:50:52,-3.980123,-79.171778,Av. 8 de Diciembre,CON_LESIONADOS,Choque Vehicular,Falla mecanica,46,LESIONADO,MUJER,PEATON,51,LESIONADO,HOMBRE,MOTOCICLETA,53,LESIONADO,NO_REGISTRA,CICLISTA
2022-02-02 13:34:13,-4.025954,-79.182006,Av. Pio Jaramillo,SOLO_DANOS,Atropellamiento,Via resbaladiza o mojada,,,,,,,,,,,,
2022-12-08 14:18:13,-4.023234,-79.214807,Calle Miguel Riofrio,SOLO_DANOS,Colision Multiple,Falla mecanica,,,,,,,,,,,,
2022-04-28 04:10:35,-3.999785,-79.192870,Calle Bolivar,SOLO_DANOS,Incendio,Visibilidad reducida,,,,,,,,,,,,
2022-02-09 22:30:12,-4.005713,-79.179696,Ruta 35,CON_LESIONADOS,Volcamiento,Imprudencia del conductor,53,LESIONADO,NO_REGISTRA,PEATON,47,LESIONADO,MUJER,OTRO,18,LESIONADO,MUJER,MOTOCICLETA
2022-07-03 10:24:09,-3.983983,-79.224299,Av. Gran Colombia,CON_LESIONADOS,Colision Multiple,Equipo de seguridad deficiente,5,LESIONADO,MUJER,CICLISTA,46,LESIONADO,MUJER,SCOOTER,25,LESIONADO,NO_REGISTRA,SCOOTER
2022-07-22 08:37:35,-4.031841,-79.219079,Calle Ramon Borrero,CON_FALLECIDOS,Accidente Laboral,Falla mecanica,83,FALLECIDO,HOMBRE,PEATON,,,,,,,,
2022-10-03 20:01:22,-3.988178,-79.228913,Via Loja - Zamora,CON_LESIONADOS,Caida,Visibilidad reducida,10,LESIONADO,NO_REGISTRA,PEATON,20,LESIONADO,HOMBRE,CICLISTA,,,,
2022-08-06 14:07:31,-4.012395,-79.218451,Av. Cuxibamba,SOLO_DANOS,Atropellamiento,Mal estado de la via,,,,,,,,,,,,
2022-10-03 05:48:09,-4.016347,-79.202518,Calle Azogues,CON_FALLECIDOS,Choque Vehicular,Inobservancia de senales,80,FALLECIDO,NO_REGISTRA,CICLISTA,12,LESIONADO,NO_REGISTRA,VEH_LIVIANO,,,,
2022-01-17 11:37:41,-4.034091,-79.230526,Av. Orillas del Zamora,CON_FALLECIDOS,Incendio,Equipo de seguridad deficiente,77,FALLECIDO,NO_REGISTRA,CICLISTA,60,LESIONADO,NO_REGISTRA,VEH_LIVIANO,57,LESIONADO,HOMBRE,SCOOTER
2022-09-02 20:46:56,-4.001639,-79.204792,Calle 10 de Agosto,SOLO_DANOS,Volcamiento,Via resbaladiza o mojada,,,,,,,,,,,,
2022-10-02 18:03:44,-4.011591,-79.193678,Av. Gran Colombia,SOLO_DANOS,Accidente Laboral,Fatiga del conductor,,,,,,,,,,,,
2022-02-10 13:00:48,-4.034257,-79.202553,Calle Mercadillo,SOLO_DANOS,Choque Vehicular,Via resbaladiza o mojada,,,,,,,,,,,,
2022-11-01 16:15:09,-3.997759,-79.208937,Av. Rosa Hermosa,CON_FALLECIDOS,Caida,Falla mecanica,27,FALLECIDO,NO_REGISTRA,OTRO,58,LESIONADO,NO_REGISTRA,SCOOTER,34,LESIONADO,HOMBRE,MOTOCICLETA
2022-06-09 15:30:08,-3.988257,-79.226627,Calle Quito,CON_FALLECIDOS,Volcamiento,Distraccion (celular/radio),38,FALLECIDO,NO_REGISTRA,PEATON,69,FALLECIDO,MUJER,VEH_LIVIANO,17,LESIONADO,HOMBRE,SCOOTER
2022-10-03 21:43:03,-3.990579,-79.226493,Av. Orillas del Zamora,CON_FALLECIDOS,Caida,Factores externos,27,FALLECIDO,MUJER,CICLISTA,,,,,,,,
2022-12-12 02:18:46,-4.024723,-79.195630,Calle Ramon Borrero,CON_FALLECIDOS,Choque Vehicular,Mal estado de la via,52,FALLECIDO,HOMBRE,SCOOTER,49,LESIONADO,MUJER,CICLISTA,,,,
2022-06-17 21:20:42,-4.023552,-79.214862,Calle Miguel Riofrio,SOLO_DANOS,Atropellamiento,Visibilidad reducida,75,LESIONADO,NO_REGISTRA,CICLISTA,,,,,,,,
2022-09-23 03:12:57,-4.034488,-79.206869,Calle Miguel Riofrio,CON_LESIONADOS,Accidente Laboral,Imprudencia del conductor,10,LESIONADO,MUJER,SCOOTER,55,LESIONADO,MUJER,MOTOCICLETA,,,,
2022-02-04 18:04:58,-3.978864,-79.201263,Av. Isidro Ayora,CON_FALLECIDOS,Colision Multiple,Via resbaladiza o mojada,33,FALLECIDO,HOMBRE,VEH_LIVIANO,64,FALLECIDO,MUJER,PEATON,39,LESIONADO,MUJER,VEH_LIVIANO
2022-10-23 09:23:24,-4.026041,-79.193473,Calle Montufar,CON_LESIONADOS,Caida,Inobservancia de senales,50,LESIONADO,NO_REGISTRA,CICLISTA,18,LESIONADO,MUJER,SCOOTER,,,,
2022-07-03 09:56:04,-3.983676,-79.186157,Calle 10 de Agosto,CON_FALLECIDOS,Choque Vehicular,Factores externos,50,FALLECIDO,NO_REGISTRA,CICLISTA,70,FALLECIDO,NO_REGISTRA,PEATON,32,LESIONADO,NO_REGISTRA,MOTOCICLETA
2022-08-30 19:12:40,-4.000276,-79.223291,Calle 10 de Agosto,CON_FALLECIDOS,Choque Vehicular,Falla mecanica,57,FALLECIDO,NO_REGISTRA,SCOOTER,66,FALLECIDO,NO_REGISTRA,VEH_LIVIANO,49,LESIONADO,NO_REGISTRA,OTRO
2022-05-09 01:38:03,-4.016575,-79.228505,Calle Imbabura,SOLO_DANOS,Accidente Laboral,Estado de embriaguez,,,,,,,,,,,,
2022-04-27 23:43:23,-3.991311,-79.192825,Calle Rocafuerte,CON_FALLECIDOS,Volcamiento,Distraccion (celular/radio),64,FALLECIDO,NO_REGISTRA,VEH_LIVIANO,69,LESIONADO,HOMBRE,PEATON,,,,
2022-11-21 22:39:52,-4.009390,-79.173778,Calle Colon,SOLO_DANOS,Volcamiento,Equipo de seguridad deficiente,51,LESIONADO,MUJER,CICLISTA,,,,,,,,
2022-07-02 18:29:38,-3.981005,-79.181930,Av. Cuxibamba,SOLO_DANOS,Colision Multiple,Via resbaladiza o mojada,,,,,,,,,,,,
2022-10-15 12:29:24,-4.008242,-79.187964,Av. Metropolitana,CON_FALLECIDOS,Atropellamiento,Exceso de velocidad,33,FALLECIDO,MUJER,MOTOCICLETA,80,FALLECIDO,HOMBRE,PEATON,48,LESIONADO,NO_REGISTRA,CICLISTA
2022-07-11 06:32:37,-4.032110,-79.219020,Av. Metropolitana,CON_LESIONADOS,Colision Multiple,Mal estado de la via,73,LESIONADO,NO_REGISTRA,VEH_LIVIANO,,,,,,,,
2022-11-11 18:24:02,-3.984476,-79.213755,Calle 10 de Agosto,CON_FALLECIDOS,Atropellamiento,Imprudencia del conductor,69,FALLECIDO,MUJER,MOTOCICLETA,43,FALLECIDO,HOMBRE,PEATON,,,,
2022-11-21 06:32:31,-4.004902,-79.171790,Calle Quito,SOLO_DANOS,Caida,Mal estado de la via,,,,,,,,,,,,
2022-07-14 04:32:52,-4.026806,-79.175586,Av. Cuxibamba,CON_FALLECIDOS,Incendio,Factores externos,64,FALLECIDO,NO_REGISTRA,CICLISTA,25,FALLECIDO,NO_REGISTRA,CICLISTA,25,LESIONADO,NO_REGISTRA,MOTOCICLETA
2022-05-21 21:32:09,-4.021303,-79.193955,Calle Azogues,CON_LESIONADOS,Atropellamiento,Fatiga del conductor,73,LESIONADO,NO_REGISTRA,MOTOCICLETA,36,LESIONADO,NO_REGISTRA,CICLISTA,,,,
2022-11-28 11:37:31,-4.004236,-79.171160,Av. Isidro Ayora,SOLO_DANOS,Accidente Laboral,Mal estado de la via,,,,,,,,,,,,
2022-01-29 09:58:07,-3.990409,-79.196117,Av. Cuxibamba,SOLO_DANOS,Atropellamiento,Visibilidad reducida,,,,,,,,,,,,
2022-12-19 14:53:28,-4.032288,-79.223879,Av. 8 de Diciembre,CON_LESIONADOS,Choque Vehicular,Exceso de velocidad,77,LESIONADO,MUJER,PEATON,49,LESIONADO,HOMBRE,OTRO,,,,
2022-07-03 15:06:14,-4.026079,-79.180806,Calle Montufar,SOLO_DANOS,Choque Vehicular,Distraccion (celular/radio),56,LESIONADO,NO_REGISTRA,OTRO,,,,,,,,
2022-12-30 05:27:21,-3.980491,-79.210919,Av. Metropolitana,SOLO_DANOS,Incendio,Visibilidad reducida,,,,,,,,,,,,
2022-01-05 14:17:40,-3.979826,-79.177295,Av. Manuel Agustin Aguirre,SOLO_DANOS,Atropellamiento,Factores externos,,,,,,,,,,,,
2022-05-18 13:46:55,-4.001193,-79.222190,Av. Orillas del Zamora,CON_FALLECIDOS,Atropellamiento,Via resbaladiza o mojada,55,FALLECIDO,HOMBRE,OTRO,24,LESIONADO,HOMBRE,VEH_LIVIANO,58,LESIONADO,NO_REGISTRA,OTRO
2022-10-30 00:32:48,-4.020100,-79.190213,Via Loja - Zamora,CON_LESIONADOS,Colision Multiple,Exceso de velocidad,68,LESIONADO,MUJER,CICLISTA,45,LESIONADO,MUJER,SCOOTER,,,,
2022-11-29 09:30:31,-4.033079,-79.222796,Av. 8 de Diciembre,SOLO_DANOS,Atropellamiento,Visibilidad reducida,,,,,,,,,,,,
2022-03-07 23:18:32,-4.005171,-79.182304,Av. Cuxibamba,CON_FALLECIDOS,Choque Vehicular,Via resbaladiza o mojada,55,FALLECIDO,MUJER,SCOOTER,24,LESIONADO,MUJER,VEH_LIVIANO,56,LESIONADO,NO_REGISTRA,VEH_LIVIANO
2022-05-11 12:59:37,-4.015874,-79.180995,Av. Cuxibamba,CON_LESIONADOS,Caida,Mal estado de la via,54,LESIONADO,HOMBRE,MOTOCICLETA,,,,,,,,
2022-10-18 10:25:59,-3.979407,-79.180716,Av. Cuxibamba,CON_FALLECIDOS,Accidente Laboral,Fatiga del conductor,32,FALLECIDO,HOMBRE,PEATON,65,FALLECIDO,MUJER,MOTOCICLETA,,,,
2022-07-31 09:03:02,-3.983476,-79.215951,Calle Ramon Borrero,CON_FALLECIDOS,Caida,Distraccion (celular/radio),82,FALLECIDO,MUJER,CICLISTA,40,FALLECIDO,MUJER,VEH_LIVIANO,15,LESIONADO,HOMBRE,SCOOTER
2022-02-12 10:03:42,-4.006335,-79.185073,Calle Imbabura,SOLO_DANOS,Atropellamiento,Visibilidad reducida,25,LESIONADO,NO_REGISTRA,SCOOTER,,,,,,,,
2022-12-12 23:57:53,-4.013393,-79.184077,Via Loja - Zamora,CON_LESIONADOS,Caida,Falla mecanica,43,LESIONADO,MUJER,PEATON,65,LESIONADO,HOMBRE,VEH_LIVIANO,58,LESIONADO,NO_REGISTRA,PEATON
2022-03-17 09:51:33,-4.018348,-79.182996,Av. Reinaldo Espinosa,CON_FALLECIDOS,Accidente Laboral,Inobservancia de senales,65,FALLECIDO,MUJER,OTRO,39,FALLECIDO,MUJER,MOTOCICLETA,49,LESIONADO,NO_REGISTRA,VEH_LIVIANO
2022-06-20 05:47:22,-4.019513,-79.186212,Calle Colon,CON_LESIONADOS,Incendio,Mal estado de la via,65,LESIONADO,NO_REGISTRA,VEH_LIVIANO,,,,,,,,
2022-09-19 12:27:39,-4.029094,-79.188847,Calle Miguel Riofrio,CON_LESIONADOS,Incendio,Estado de embriaguez,35,LESIONADO,HOMBRE,VEH_LIVIANO,57,LESIONADO,NO_REGISTRA,CICLISTA,59,LESIONADO,HOMBRE,PEATON
2022-09-09 13:32:57,-3.978131,-79.217574,Av. Pio Jaramillo,CON_FALLECIDOS,Accidente Laboral,Inobservancia de senales,29,FALLECIDO,HOMBRE,VEH_LIVIANO,32,LESIONADO,NO_REGISTRA,MOTOCICLETA,,,,
2022-06-22 17:58:10,-4.026910,-79.217694,Via Loja - Zamora,SOLO_DANOS,Atropellamiento,Imprudencia del conductor,,,,,,,,,,,,
2022-05-24 08:20:25,-3.988785,-79.184925,Ruta 35,CON_LESIONADOS,Caida,Factores externos,19,LESIONADO,MUJER,PEATON,41,LESIONADO,HOMBRE,SCOOTER,30,LESIONADO,MUJER,OTRO
2022-07-21 14:28:59,-3.993455,-79.227070,Calle 10 de Agosto,SOLO_DANOS,Choque Vehicular,Estado de embriaguez,,,,,,,,,,,,
2022-03-26 03:51:21,-3.982540,-79.184644,Calle 10 de Agosto,SOLO_DANOS,Caida,Exceso de velocidad,17,LESIONADO,HOMBRE,MOTOCICLETA,,,,,,,,
2022-02-10 13:18:46,-4.023826,-79.175566,Av. Universitaria,CON_FALLECIDOS,Volcamiento,Distraccion (celular/radio),37,FALLECIDO,NO_REGISTRA,MOTOCICLETA,24,LESIONADO,NO_REGISTRA,CICLISTA,33,LESIONADO,NO_REGISTRA,VEH_LIVIANO
2022-02-19 23:40:19,-4.031515,-79.205034,Calle Ramon Borrero,SOLO_DANOS,Volcamiento,Visibilidad reducida,43,LESIONADO,HOMBRE,PEATON,,,,,,,,
2022-08-18 04:54:39,-3.998959,-79.175698,Av. Reinaldo Espinosa,SOLO_DANOS,Colision Multiple,Falla mecanica,,,,,,,,,,,,
2022-10-09 11:08:22,-4.022468,-79.179406,Calle Montufar,CON_FALLECIDOS,Choque Vehicular,Inobservancia de senales,37,FALLECIDO,MUJER,CICLISTA,62,LESIONADO,NO_REGISTRA,MOTOCICLETA,,,,
2022-12-12 07:34:24,-4.001805,-79.211934,Av. Universitaria,CON_LESIONADOS,Caida,Factores externos,68,LESIONADO,NO_REGISTRA,OTRO,24,LESIONADO,MUJER,OTRO,23,LESIONADO,NO_REGISTRA,CICLISTA
2022-10-20 21:44:59,-4.011018,-79.203689,Av. Universitaria,CON_FALLECIDOS,Atropellamiento,Fatiga del conductor,28,FALLECIDO,MUJER,VEH_LIVIANO,19,LESIONADO,NO_REGISTRA,SCOOTER,51,LESIONADO,MUJER,SCOOTER
2022-01-05 05:09:29,-4.018207,-79.200176,Av. Pio Jaramillo,SOLO_DANOS,Caida,Mal estado de la via,,,,,,,,,,,,
2022-12-11 04:23:06,-4.008600,-79.176581,Av. 8 de Diciembre,CON_LESIONADOS,Volcamiento,Via resbaladiza o mojada,76,LESIONADO,MUJER,CICLISTA,9,LESIONADO,MUJER,MOTOCICLETA,,,,
2022-03-19 17:29:11,-3.982108,-79.193253,Av. 8 de Diciembre,SOLO_DANOS,Incendio,Factores externos,69,LESIONADO,NO_REGISTRA,PEATON,,,,,,,,
2022-12-01 20:11:22,-3.989727,-79.177695,Calle Azogues,CON_FALLECIDOS,Volcamiento,Via resbaladiza o mojada,59,FALLECIDO,MUJER,CICLISTA,68,FALLECIDO,MUJER,OTRO,30,LESIONADO,NO_REGISTRA,OTRO
2022-10-21 07:09:59,-4.020227,-79.222122,Calle Saraguro,CON_LESIONADOS,Choque Vehicular,Equipo de seguridad deficiente,80,LESIONADO,NO_REGISTRA,OTRO,,,,,,,,
2022-04-12 23:06:40,-3.988322,-79.216523,Av. Cuxibamba,SOLO_DANOS,Caida,Falla mecanica,,,,,,,,,,,,
2022-03-01 16:06:06,-4.031583,-79.208587,Av. Reinaldo Espinosa,CON_FALLECIDOS,Incendio,Fatiga del conductor,59,FALLECIDO,MUJER,OTRO,30,LESIONADO,MUJER,VEH_LIVIANO,,,,
2022-03-14 05:04:42,-4.005237,-79.185403,Calle Miguel Riofrio,SOLO_DANOS,Colision Multiple,Visibilidad reducida,,,,,,,,,,,,
2022-11-16 07:03:22,-4.032692,-79.223385,Calle Mercadillo,SOLO_DANOS,Colision Multiple,Factores externos,,,,,,,,,,,,
2022-11-26 09:38:54,-3.985721,-79.176508,Calle 10 de Agosto,CON_FALLECIDOS,Accidente Laboral,Factores externos,20,FALLECIDO,MUJER,MOTOCICLETA,80,FALLECIDO,HOMBRE,SCOOTER,49,LESIONADO,MUJER,MOTOCICLETA
2022-12-08 10:35:56,-3.978810,-79.225397,Calle Miguel Riofrio,SOLO_DANOS,Accidente Laboral,Imprudencia del conductor,,,,,,,,,,,,
2022-10-30 13:05:36,-4.007417,-79.219376,Av. Cuxibamba,CON_FALLECIDOS,Accidente Laboral,Distraccion (celular/radio),46,FALLECIDO,MUJER,SCOOTER,31,LESIONADO,MUJER,VEH_LIVIANO,12,LESIONADO,MUJER,MOTOCICLETA
2022-12-05 15:21:28,-3.999532,-79.188079,Calle Mercadillo,CON_LESIONADOS,Caida,Falla mecanica,77,LESIONADO,MUJER,PEATON,69,LESIONADO,NO_REGISTRA,CICLISTA,,,,
2022-03-18 02:36:04,-3.989588,-79.196205,Av. Reinaldo Espinosa,CON_LESIONADOS,Colision Multiple,Falla mecanica,53,LESIONADO,HOMBRE,CICLISTA,26,LESIONADO,MUJER,VEH_LIVIANO,23,LESIONADO,MUJER,VEH_LIVIANO
2022-01-25 02:03:59,-4.033976,-79.216777,Calle Colon,SOLO_DANOS,Accidente Laboral,Fatiga del conductor,,,,,,,,,,,,
2022-08-30 07:44:24,-4.017275,-79.183521,Calle Azogues,CON_LESIONADOS,Accidente Laboral,Factores externos,63,LESIONADO,NO_REGISTRA,PEATON,32,LESIONADO,NO_REGISTRA,MOTOCICLETA,,,,