fecha_hora,latitud,longitud,via,grado_severidad,tipo_siniestro,causa_probable,victima1_edad,victima1_condicion,victima1_sexo,victima1_actor_vial,victima2_edad,victima2_condicion,victima2_sexo,victima2_actor_vial,victima3_edad,victima3_condicion,victima3_sexo,victima3_actor_vial
2022-06-16 05:48:24,-4.027426,-79.226578,Av. Reinaldo Espinosa,SOLO_DANOS,Accidente Laboral,Visibilidad reducida,,,,,,,,,,,,
2022-06-30 21:00:13,-4.035150,-79.201622,Calle Imbabura,SOLO_DANOS,Incendio,Visibilidad reducida,,,,,,,,,,,,
2022-05-05 10:52:19,-4.007539,-79.202543,Av. Orillas del Zamora,CON_FALLECIDOS,Colision Multiple,Equipo de seguridad deficiente,69,FALLECIDO,NO_REGISTRA,SCOOTER,51,LESIONADO,NO_REGISTRA,OTRO,,,,
2022-05-19 14:22:52,-3.994275,-79.227445,Calle Bolivar,SOLO_DANOS,Choque Vehicular,Falla mecanica,,,,,,,,,,,,
2022-05-31 00:49:54,-3.999121,-79.178540,Av. Universitaria,SOLO_DANOS,Caida,Visibilidad reducida,,,,,,,,,,,,
2022-02-09 04:48:44,-3.999554,-79.230713,Av. Gran Colombia,CON_FALLECIDOS,Colision Multiple,Mal estado de la via,49,FALLECIDO,HOMBRE,CICLISTA,59,LESIONADO,MUJER,SCOOTER,25,LESIONADO,NO_REGISTRA,VEH_LIVIANO
2022-04-15 23:33:39,-4.003813,-79.186126,Calle Miguel Riofrio,SOLO_DANOS,Volcamiento,Distraccion (celular/radio),,,,,,,,,,,,
2022-09-13 15:29:17,-3.987916,-79.222413,Av. Pio Jaramillo,CON_FALLECIDOS,Caida,Estado de embriaguez,28,FALLECIDO,HOMBRE,PEATON,61,FALLECIDO,MUJER,PEATON,76,LESIONADO,HOMBRE,VEH_LIVIANO
2022-12-09 07:42:55,-4.007747,-79.215286,Via Loja - Catamayo,SOLO_DANOS,Volcamiento,Inobservancia de senales,,,,,,,,,,,,
2022-12-11 11:37:48,-4.015914,-79.176806,Calle Montufar,CON_LESIONADOS,Accidente Laboral,Equipo de seguridad deficiente,73,LESIONADO,MUJER,PEATON,68,LESIONADO,MUJER,OTRO,66,LESIONADO,HOMBRE,PEATON
2022-03-22 05:45:50,-4.020832,-79.188752,Via Loja - Catamayo,CON_LESIONADOS,Volcamiento,Falla mecanica,40,LESIONADO,NO_REGISTRA,VEH_LIVIANO,,,,,,,,
2022-10-04 09:23:37,-3.992945,-79.179426,Calle Colon,CON_FALLECIDOS,Choque Vehicular,Factores externos,82,FALLECIDO,NO_REGISTRA,CICLISTA,24,FALLECIDO,NO_REGISTRA,MOTOCICLETA,,,,
2022-02-20 14:32:18,-3.982210,-79.213990,Av. Isidro Ayora,CON_LESIONADOS,Accidente Laboral,Estado de embriaguez,77,LESIONADO,MUJER,OTRO,12,LESIONADO,NO_REGISTRA,PEATON,,,,
2022-08-18 13:42:08,-4.015053,-79.207021,Calle Montufar,SOLO_DANOS,Atropellamiento,Equipo de seguridad deficiente,,,,,,,,,,,,
2022-09-28 02:24:21,-3.979142,-79.204934,Calle Imbabura,SOLO_DANOS,Volcamiento,Visibilidad reducida,,,,,,,,,,,,
2022-11-14 07:48:29,-4.022449,-79.180739,Calle 18 de Noviembre,SOLO_DANOS,Accidente Laboral,Inobservancia de senales,,,,,,,,,,,,
2022-05-18 07:11:59,-4.033563,-79.189812,Calle 18 de Noviembre,SOLO_DANOS,Accidente Laboral,Via resbaladiza o mojada,55,LESIONADO,NO_REGISTRA,PEATON,,,,,,,,
2022-09-26 10:17:51,-3.995690,-79.225823,Calle 10 de Agosto,CON_FALLECIDOS,Accidente Laboral,Distraccion (celular/radio),67,FALLECIDO,MUJER,VEH_LIVIANO,,,,,,,,
2022-08-26 18:36:23,-3.993438,-79.180020,Av. Orillas del Zamora,CON_FALLECIDOS,Volcamiento,Factores externos,24,FALLECIDO,HOMBRE,OTRO,5,LESIONADO,HOMBRE,MOTOCICLETA,,,,
2022-10-30 17:44:42,-4.031813,-79.217826,Av. Pio Jaramillo,SOLO_DANOS,Colision Multiple,Falla mecanica,,,,,,,,,,,,
2022-08-11 11:26:29,-4.005304,-79.229643,Calle Ramon Borrero,SOLO_DANOS,Atropellamiento,Equipo de seguridad deficiente,,,,,,,,,,,,
2022-03-26 03:52:18,-4.005032,-79.198244,Av. Pio Jaramillo,CON_LESIONADOS,Atropellamiento,Via resbaladiza o mojada,6,LESIONADO,HOMBRE,OTRO,,,,,,,,
2022-05-11 20:43:19,-4.010065,-79.212946,Calle Saraguro,SOLO_DANOS,Caida,Imprudencia del conductor,,,,,,,,,,,,
2022-03-05 03:56:23,-3.984537,-79.199258,Av. Rosa Hermosa,CON_LESIONADOS,Choque Vehicular,Visibilidad reducida,29,LESIONADO,MUJER,CICLISTA,69,LESIONADO,NO_REGISTRA,MOTOCICLETA,74,LESIONADO,HOMBRE,PEATON
2022-06-04 19:31:38,-3.989327,-79.181960,Calle Azogues,CON_LESIONADOS,Atropellamiento,Equipo de seguridad deficiente,23,LESIONADO,MUJER,SCOOTER,52,LESIONADO,HOMBRE,CICLISTA,,,,
2022-03-15 03:45:08,-4.017343,-79.191461,Calle Quito,CON_FALLECIDOS,Atropellamiento,Estado de embriaguez,56,FALLECIDO,HOMBRE,OTRO,72,FALLECIDO,HOMBRE,MOTOCICLETA,,,,
2022-01-04 08:49:01,-3.978873,-79.171234,Av. Reinaldo Espinosa,SOLO_DANOS,Atropellamiento,Visibilidad reducida,,,,,,,,,,,,
2022-12-31 22:57:52,-4.016549,-79.202835,Av. Metropolitana,SOLO_DANOS,Colision Multiple,Factores externos,,,,,,,,,,,,
2022-08-09 09:50:34,-3.997007,-79.194803,Calle Bolivar,CON_FALLECIDOS,Choque Vehicular,Mal estado de la via,31,FALLECIDO,MUJER,CICLISTA,55,FALLECIDO,MUJER,CICLISTA,54,LESIONADO,NO_REGISTRA,MOTOCICLETA
2022-04-04 09:49:34,-3.999129,-79.215569,Av. Orillas del Zamora,CON_LESIONADOS,Atropellamiento,Factores externos,22,LESIONADO,MUJER,VEH_LIVIANO,,,,,,,,
2022-07-03 01:08:28,-4.015279,-79.200170,Calle Azogues,CON_LESIONADOS,Caida,Mal estado de la via,67,LESIONADO,HOMBRE,OTRO,35,LESIONADO,HOMBRE,VEH_LIVIANO,,,,
2022-11-07 10:22:21,-4.026841,-79.218002,Av. Cuxibamba,CON_FALLECIDOS,Accidente Laboral,Via resbaladiza o mojada,53,FALLECIDO,NO_REGISTRA,CICLISTA,58,FALLECIDO,MUJER,OTRO,,,,
2022-12-14 04:08:30,-4.015410,-79.221271,Av. Cuxibamba,CON_LESIONADOS,Atropellamiento,Factores externos,29,LESIONADO,NO_REGISTRA,OTRO,80,LESIONADO,MUJER,CICLISTA,,,,
2022-03-29 14:31:12,-3.981371,-79.202387,Via Loja - Zamora,CON_FALLECIDOS,Incendio,Exceso de velocidad,41,FALLECIDO,HOMBRE,PEATON,51,FALLECIDO,NO_REGISTRA,CICLISTA,,,,
2022-03-19 09:33:16,-4.032348,-79.216794,Calle Montufar,SOLO_DANOS,Colision Multiple,Fatiga del conductor,,,,,,,,,,,,
2022-01-17 07:54:54,-4.031641,-79.219420,Calle 10 de Agosto,SOLO_DANOS,Accidente Laboral,Equipo de seguridad deficiente,,,,,,,,,,,,
2022-05-13 22:09:01,-4.035754,-79.207824,Av. Orillas del Zamora,CON_FALLECIDOS,Accidente Laboral,Equipo de seguridad deficiente,19,FALLECIDO,HOMBRE,VEH_LIVIANO,21,LESIONADO,NO_REGISTRA,OTRO,,,,
2022-10-02 07:50:15,-3.992278,-79.183459,Calle Quito,CON_LESIONADOS,Accidente Laboral,Via resbaladiza o mojada,58,LESIONADO,MUJER,PEATON,41,LESIONADO,MUJER,OTRO,,,,
2022-09-04 23:45:25,-3.992043,-79.213300,Calle Rocafuerte,CON_FALLECIDOS,Choque Vehicular,Mal estado de la via,84,FALLECIDO,MUJER,CICLISTA,78,FALLECIDO,HOMBRE,VEH_LIVIANO,46,LESIONADO,HOMBRE,PEATON
2022-03-21 02:29:47,-3.989483,-79.210994,Calle Saraguro,CON_LESIONADOS,Atropellamiento,Via resbaladiza o mojada,31,LESIONADO,HOMBRE,MOTOCICLETA,,,,,,,,
2022-03-22 08:17:39,-3.980520,-79.224011,Calle Rocafuerte,CON_LESIONADOS,Colision Multiple,Imprudencia del conductor,55,LESIONADO,MUJER,MOTOCICLETA,,,,,,,,
2022-10-15 08:33:04,-4.029969,-79.184580,Av. Pio Jaramillo,CON_LESIONADOS,Caida,Via resbaladiza o mojada,69,LESIONADO,HOMBRE,OTRO,,,,,,,,
2022-09-22 08:10:15,-4.025043,-79.228941,Calle Imbabura,SOLO_DANOS,Atropellamiento,Falla mecanica,,,,,,,,,,,,
2022-04-15 03:12:13,-3.998804,-79.194284,Calle Bolivar,CON_FALLECIDOS,Atropellamiento,Inobservancia de senales,66,FALLECIDO,HOMBRE,PEATON,29,FALLECIDO,MUJER,VEH_LIVIANO,,,,
2022-06-07 21:18:12,-4.004481,-79.184235,Calle Ramon Borrero,CON_FALLECIDOS,Colision Multiple,Falla mecanica,30,FALLECIDO,MUJER,PEATON,32,FALLECIDO,NO_REGISTRA,PEATON,45,LESIONADO,MUJER,MOTOCICLETA
2022-09-02 08:34:51,-3.991920,-79.186682,Calle 10 de Agosto,CON_FALLECIDOS,Accidente Laboral,Estado de embriaguez,48,FALLECIDO,MUJER,OTRO,52,FALLECIDO,HOMBRE,CICLISTA,36,LESIONADO,MUJER,SCOOTER
2022-05-11 16:16:16,-4.004163,-79.204670,Via Loja - Catamayo,CON_LESIONADOS,Volcamiento,Via resbaladiza o mojada,21,LESIONADO,HOMBRE,CICLISTA,,,,,,,,
2022-10-11 20:41:28,-4.008775,-79.196714,Calle Azogues,CON_FALLECIDOS,Incendio,Distraccion (celular/radio),70,FALLECIDO,HOMBRE,OTRO,46,FALLECIDO,HOMBRE,PEATON,,,,
2022-02-16 05:29:35,-4.035818,-79.173720,Calle 10 de Agosto,CON_FALLECIDOS,Accidente Laboral,Mal estado de la via,52,FALLECIDO,MUJER,MOTOCICLETA,36,LESIONADO,MUJER,PEATON,78,LESIONADO,NO_REGISTRA,MOTOCICLETA
2022-09-01 11:02:30,-4.032562,-79.177545,Ruta 35,CON_FALLECIDOS,Accidente Laboral,Exceso de velocidad,73,FALLECIDO,NO_REGISTRA,MOTOCICLETA,22,LESIONADO,NO_REGISTRA,CICLISTA,,,,
2022-08-28 03:43:40,-4.028416,-79.228877,Av. 8 de Diciembre,CON_FALLECIDOS,Choque Vehicular,Inobservancia de senales,25,FALLECIDO,MUJER,MOTOCICLETA,41,FALLECIDO,HOMBRE,CICLISTA,,,,
2022-02-22 21:42:31,-4.005013,-79.197568,Calle Rocafuerte,CON_LESIONADOS,Choque Vehicular,Fatiga del conductor,68,LESIONADO,NO_REGISTRA,VEH_LIVIANO,,,,,,,,
2022-10-28 07:17:45,-4.035701,-79.201737,Calle Montufar,CON_LESIONADOS,Choque Vehicular,Visibilidad reducida,75,LESIONADO,MUJER,PEATON,,,,,,,,
2022-09-25 13:40:00,-4.021644,-79.223039,Av. Metropolitana,SOLO_DANOS,Accidente Laboral,Estado de embriaguez,,,,,,,,,,,,
2022-06-02 18:01:04,-3.983079,-79.216435,Av. Isidro Ayora,CON_FALLECIDOS,Accidente Laboral,Factores externos,18,FALLECIDO,HOMBRE,SCOOTER,16,LESIONADO,HOMBRE,OTRO,23,LESIONADO,HOMBRE,OTRO
2022-12-23 22:23:50,-3.981274,-79.204682,Av. Metropolitana,CON_FALLECIDOS,Caida,Fatiga del conductor,47,FALLECIDO,NO_REGISTRA,MOTOCICLETA,23,FALLECIDO,HOMBRE,MOTOCICLETA,29,LESIONADO,NO_REGISTRA,VEH_LIVIANO
2022-01-19 00:16:44,-4.022634,-79.194313,Av. Cuxibamba,CON_LESIONADOS,Atropellamiento,Estado de embriaguez,54,LESIONADO,HOMBRE,SCOOTER,,,,,,,,
2022-06-15 21:38:30,-4.025145,-79.178373,Av. 8 de Diciembre,CON_FALLECIDOS,Volcamiento,Visibilidad reducida,23,FALLECIDO,MUJER,SCOOTER,59,LESIONADO,MUJER,CICLISTA,19,LESIONADO,NO_REGISTRA,CICLISTA
2022-04-24 07:28:25,-3.987403,-79.217639,Calle Azogues,SOLO_DANOS,Atropellamiento,Equipo de seguridad deficiente,,,,,,,,,,,,
2022-07-27 08:57:55,-4.020805,-79.182268,Calle 18 de Noviembre,CON_FALLECIDOS,Incendio,Inobservancia de senales,41,FALLECIDO,MUJER,OTRO,,,,,,,,
2022-12-15 23:00:39,-4.008372,-79.187069,Calle Saraguro,CON_FALLECIDOS,Volcamiento,Fatiga del conductor,66,FALLECIDO,HOMBRE,MOTOCICLETA,55,LESIONADO,MUJER,MOTOCICLETA,,,,
2022-09-28 13:59:55,-4.003937,-79.193395,Ruta 35,SOLO_DANOS,Colision Multiple,Inobservancia de senales,,,,,,,,,,,,
2022-10-28 09:23:16,-4.032722,-79.217196,Calle Montufar,CON_LESIONADOS,Choque Vehicular,Equipo de seguridad deficiente,66,LESIONADO,MUJER,PEATON,77,LESIONADO,HOMBRE,MOTOCICLETA,76,LESIONADO,NO_REGISTRA,CICLISTA
2022-11-22 06:20:50,-4.036774,-79.217915,Av. Gran Colombia,CON_FALLECIDOS,Choque Vehicular,Factores externos,38,FALLECIDO,MUJER,MOTOCICLETA,30,FALLECIDO,NO_REGISTRA,MOTOCICLETA,6,LESIONADO,HOMBRE,CICLISTA
2022-06-12 08:04:42,-3.997897,-79.172642,Av. Pio Jaramillo,SOLO_DANOS,Choque Vehicular,Mal estado de la via,,,,,,,,,,,,
2022-09-19 02:45:58,-3.996326,-79.229566,Via Loja - Catamayo,SOLO_DANOS,Accidente Laboral,Equipo de seguridad deficiente,,,,,,,,,,,,
2022-09-09 19:46:35,-4.006609,-79.179683,Calle 18 de Noviembre,SOLO_DANOS,Atropellamiento,Estado de embriaguez,,,,,,,,,,,,
2022-05-03 16:07:17,-4.035984,-79.189709,Av. Reinaldo Espinosa,CON_FALLECIDOS,Colision Multiple,Inobservancia de senales,73,FALLECIDO,MUJER,CICLISTA,57,LESIONADO,MUJER,PEATON,59,LESIONADO,HOMBRE,CICLISTA
2022-04-01 09:16:48,-4.030354,-79.208980,Calle Imbabura,CON_FALLECIDOS,Caida,Fatiga del conductor,47,FALLECIDO,HOMBRE,VEH_LIVIANO,15,LESIONADO,MUJER,PEATON,77,LESIONADO,NO_REGISTRA,MOTOCICLETA
2022-01-23 09:33:12,-3.997342,-79.186100,Calle Rocafuerte,SOLO_DANOS,Incendio,Visibilidad reducida,,,,,,,,,,,,
2022-09-17 03:49:48,-3.988667,-79.193179,Calle Montufar,SOLO_DANOS,Atropellamiento,Inobservancia de senales,,,,,,,,,,,,
2022-05-04 22:42:31,-3.985296,-79.213129,Calle Saraguro,SOLO_DANOS,Colision Multiple,Mal estado de la via,,,,,,,,,,,,
2022-12-08 03:38:52,-4.033500,-79.174169,Calle Colon,CON_LESIONADOS,Incendio,Visibilidad reducida,26,LESIONADO,NO_REGISTRA,SCOOTER,13,LESIONADO,HOMBRE,CICLISTA,61,LESIONADO,HOMBRE,MOTOCICLETA
2022-02-27 04:06:55,-3.994202,-79.202476,Av. Orillas del Zamora,SOLO_DANOS,Colision Multiple,Imprudencia del conductor,,,,,,,,,,,,
2022-11-04 18:41:13,-4.023763,-79.219323,Calle Montufar,SOLO_DANOS,Caida,Falla mecanica,,,,,,,,,,,,
2022-04-02 04:10:40,-3.999455,-79.207319,Calle Quito,CON_LESIONADOS,Atropellamiento,Factores externos,38,LESIONADO,HOMBRE,CICLISTA,,,,,,,,
2022-12-27 16:47:35,-4.015054,-79.226093,Av. Reinaldo Espinosa,CON_FALLECIDOS,Atropellamiento,Mal estado de la via,82,FALLECIDO,NO_REGISTRA,MOTOCICLETA,,,,,,,,
2022-11-02 03:33:19,-3.982913,-79.178730,Via Loja - Zamora,CON_LESIONADOS,Caida,Visibilidad reducida,9,LESIONADO,HOMBRE,PEATON,12,LESIONADO,NO_REGISTRA,SCOOTER,,,,
2022-10-02 13:46:25,-3.985035,-79.201265,Via Loja - Catamayo,SOLO_DANOS,Colision Multiple,Exceso de velocidad,,,,,,,,,,,,
2022-04-28 16:55:42,-3.989906,-79.224516,Av. Isidro Ayora,CON_LESIONADOS,Choque Vehicular,Equipo de seguridad deficiente,26,LESIONADO,HOMBRE,CICLISTA,41,LESIONADO,NO_REGISTRA,SCOOTER,34,LESIONADO,NO_REGISTRA,CICLISTA
2022-01-28 06:39:33,-4.005889,-79.173345,Calle Montufar,CON_FALLECIDOS,Colision Multiple,Estado de embriaguez,56,FALLECIDO,MUJER,MOTOCICLETA,77,LESIONADO,MUJER,SCOOTER,9,LESIONADO,HOMBRE,OTRO
2022-04-15 22:25:48,-4.036196,-79.213833,Ruta 35,CON_FALLECIDOS,Volcamiento,Imprudencia del conductor,66,FALLECIDO,HOMBRE,MOTOCICLETA,32,FALLECIDO,MUJER,OTRO,45,LESIONADO,NO_REGISTRA,MOTOCICLETA
2022-01-18 19:47:23,-3.993706,-79.225027,Calle Mercadillo,CON_FALLECIDOS,Caida,Factores externos,76,FALLECIDO,NO_REGISTRA,MOTOCICLETA,48,FALLECIDO,HOMBRE,CICLISTA,,,,
2022-03-01 13:09:36,-3.990322,-79.219092,Calle Bolivar,CON_LESIONADOS,Accidente Laboral,Visibilidad reducida,69,LESIONADO,MUJER,VEH_LIVIANO,32,LESIONADO,NO_REGISTRA,PEATON,29,LESIONADO,MUJER,OTRO
2022-05-01 08:34:32,-3.989951,-79.227843,Calle Quito,CON_FALLECIDOS,Incendio,Fatiga del conductor,79,FALLECIDO,NO_REGISTRA,OTRO,69,FALLECIDO,MUJER,PEATON,74,LESIONADO,MUJER,OTRO
2022-01-21 08:55:14,-4.019590,-79.172991,Av. Cuxibamba,CON_LESIONADOS,Incendio,Visibilidad reducida,58,LESIONADO,HOMBRE,SCOOTER,,,,,,,,
2022-07-20 20:44:00,-3.999896,-79.188496,Via Loja - Catamayo,SOLO_DANOS,Volcamiento,Inobservancia de senales,,,,,,,,,,,,
2022-01-14 21:20:26,-4.025071,-79.216411,Calle Sucre,CON_LESIONADOS,Caida,Fatiga del conductor,11,LESIONADO,NO_REGISTRA,VEH_LIVIANO,,,,,,,,
2022-07-07 05:11:41,-3.979488,-79.182627,Ruta 35,SOLO_DANOS,Accidente Laboral,Exceso de velocidad,,,,,,,,,,,,
2022-04-09 23:43:13,-4.006067,-79.212820,Calle 10 de Agosto,CON_LESIONADOS,Accidente Laboral,Via resbaladiza o mojada,8,LESIONADO,NO_REGISTRA,OTRO,,,,,,,,
2022-03-27 02:44:20,-3.991816,-79.211058,Calle 18 de Noviembre,CON_FALLECIDOS,Volcamiento,Fatiga del conductor,63,FALLECIDO,MUJER,PEATON,39,LESIONADO,MUJER,OTRO,,,,
2022-04-29 21:52:34,-3.999474,-79.228310,Av. Rosa Hermosa,CON_LESIONADOS,Caida,Distraccion (celular/radio),60,LESIONADO,MUJER,PEATON,47,LESIONADO,MUJER,CICLISTA,71,LESIONADO,NO_REGISTRA,CICLISTA
2022-04-19 06:12:20,-3.982143,-79.228707,Via Loja - Zamora,CON_LESIONADOS,Caida,Visibilidad reducida,21,LESIONADO,MUJER,MOTOCICLETA,,,,,,,,
2022-09-10 03:04:30,-3.978631,-79.189585,Calle Bolivar,CON_FALLECIDOS,Volcamiento,Inobservancia de senales,80,FALLECIDO,MUJER,CICLISTA,52,FALLECIDO,NO_REGISTRA,VEH_LIVIANO,40,LESIONADO,MUJER,CICLISTA
2022-06-24 14:10:53,-4.019132,-79.179481,Av. Metropolitana,CON_LESIONADOS,Colision Multiple,Mal estado de la via,66,LESIONADO,NO_REGISTRA,CICLISTA,44,LESIONADO,MUJER,CICLISTA,,,,
2022-04-06 09:02:36,-4.030014,-79.185405,Calle Azogues,CON_FALLECIDOS,Choque Vehicular,Exceso de velocidad,25,FALLECIDO,HOMBRE,PEATON,14,LESIONADO,NO_REGISTRA,OTRO,,,,
2022-07-18 00:32:46,-3.980119,-79.196882,Calle 18 de Noviembre,SOLO_DANOS,Volcamiento,Imprudencia del conductor,,,,,,,,,,,,
2022-10-23 22:10:12,-4.021921,-79.212849,Av. Pio Jaramillo,CON_LESIONADOS,Atropellamiento,Estado de embriaguez,49,LESIONADO,HOMBRE,OTRO,,,,,,,,
2022-08-27 02:37:20,-4.004204,-79.180707,Av. Rosa Hermosa,CON_LESIONADOS,Incendio,Visibilidad reducida,78,LESIONADO,NO_REGISTRA,OTRO,37,LESIONADO,HOMBRE,VEH_LIVIANO,79,LESIONADO,HOMBRE,MOTOCICLETA
2022-09-17 06:09:11,-3.989005,-79.183016,Calle Montufar,SOLO_DANOS,Choque Vehicular,Mal estado de la via,27,LESIONADO,NO_REGISTRA,PEATON,,,,,,,,
2022-01-20 05:43:07,-4.017122,-79.175538,Av. Pio Jaramillo,CON_FALLECIDOS,Accidente Laboral,Inobservancia de senales,83,FALLECIDO,NO_REGISTRA,SCOOTER,,,,,,,,
2022-09-10 14:11:14,-3.987946,-79.209622,Av. Rosa Hermosa,CON_LESIONADOS,Caida,Via resbaladiza o mojada,52,LESIONADO,HOMBRE,OTRO,,,,,,,,
2022-07-13 18:53:48,-4.028307,-79.184924,Calle Montufar,CON_FALLECIDOS,Atropellamiento,Distraccion (celular/radio),65,FALLECIDO,HOMBRE,OTRO,40,LESIONADO,HOMBRE,CICLISTA,75,LESIONADO,MUJER,SCOOTER
2022-09-25 06:03:39,-4.007180,-79.203163,Av. Reinaldo Espinosa,SOLO_DANOS,Accidente Laboral,Estado de embriaguez,34,LESIONADO,MUJER,OTRO,,,,,,,,
2022-07-20 15:17:45,-3.979401,-79.173946,Calle 18 de Noviembre,CON_LESIONADOS,Choque Vehicular,Exceso de velocidad,62,LESIONADO,MUJER,MOTOCICLETA,37,LESIONADO,NO_REGISTRA,SCOOTER,17,LESIONADO,MUJER,VEH_LIVIANO
2022-05-24 19:31:57,-4.010409,-79.220745,Calle Bolivar,SOLO_DANOS,Incendio,Falla mecanica,,,,,,,,,,,,
2022-05-08 07:14:23,-4.015874,-79.198071,Av. Isidro Ayora,CON_FALLECIDOS,Accidente Laboral,Factores externos,81,FALLECIDO,NO_REGISTRA,SCOOTER,66,FALLECIDO,MUJER,SCOOTER,78,LESIONADO,MUJER,VEH_LIVIANO
2022-06-10 21:00:55,-4.006118,-79.202819,Calle Rocafuerte,CON_LESIONADOS,Atropellamiento,Fatiga del conductor,24,LESIONADO,NO_REGISTRA,SCOOTER,71,LESIONADO,MUJER,PEATON,58,LESIONADO,MUJER,PEATON
2022-01-05 00:59:38,-4.036366,-79.206491,Via Loja - Zamora,CON_LESIONADOS,Choque Vehicular,Exceso de velocidad,31,LESIONADO,MUJER,OTRO,74,LESIONADO,NO_REGISTRA,MOTOCICLETA,,,,
2022-03-20 03:44:49,-4.033515,-79.221183,Av. Isidro Ayora,CON_LESIONADOS,Caida,Visibilidad reducida,16,LESIONADO,HOMBRE,VEH_LIVIANO,42,LESIONADO,NO_REGISTRA,OTRO,60,LESIONADO,NO_REGISTRA,PEATON
2022-12-05 01:31:57,-3.983482,-79.173867,Calle Miguel Riofrio,SOLO_DANOS,Caida,Falla mecanica,,,,,,,,,,,,
2022-07-09 06:33:23,-3.990222,-79.205271,Calle 18 de Noviembre,CON_FALLECIDOS,Colision Multiple,Equipo de seguridad deficiente,40,FALLECIDO,MUJER,VEH_LIVIANO,49,LESIONADO,NO_REGISTRA,VEH_LIVIANO,,,,
2022-07-24 09:53:35,-3.979065,-79.175744,Av. Manuel Agustin Aguirre,CON_LESIONADOS,Atropellamiento,Fatiga del conductor,29,LESIONADO,HOMBRE,OTRO,59,LESIONADO,HOMBRE,MOTOCICLETA,,,,
2022-11-25 07:15:51,-4.001941,-79.174418,Av. Pio Jaramillo,CON_FALLECIDOS,Choque Vehicular,Exceso de velocidad,61,FALLECIDO,HOMBRE,VEH_LIVIANO,54,LESIONADO,MUJER,MOTOCICLETA,,,,
2022-06-06 20:29:33,-4.019504,-79.222951,Av. Isidro Ayora,CON_FALLECIDOS,Colision Multiple,Distraccion (celular/radio),65,FALLECIDO,HOMBRE,CICLISTA,58,LESIONADO,NO_REGISTRA,PEATON,,,,
2022-07-09 09:25:18,-4.002201,-79.194002,Calle Montufar,CON_FALLECIDOS,Choque Vehicular,Fatiga del conductor,74,FALLECIDO,NO_REGISTRA,OTRO,35,FALLECIDO,HOMBRE,VEH_LIVIANO,,,,
2022-07-16 17:15:25,-4.033987,-79.203697,Calle Montufar,CON_FALLECIDOS,Choque Vehicular,Inobservancia de senales,51,FALLECIDO,MUJER,PEATON,61,FALLECIDO,MUJER,PEATON,7,LESIONADO,MUJER,PEATON
2022-09-07 23:27:43,-4.007429,-79.187126,Calle 10 de Agosto,CON_FALLECIDOS,Accidente Laboral,Visibilidad reducida,25,FALLECIDO,MUJER,CICLISTA,32,FALLECIDO,HOMBRE,OTRO,14,LESIONADO,HOMBRE,OTRO
2022-03-23 15:33:12,-4.005257,-79.218209,Via Loja - Catamayo,CON_LESIONADOS,Volcamiento,Inobservancia de senales,56,LESIONADO,MUJER,OTRO,,,,,,,,
2022-01-20 04:11:59,-4.023720,-79.217967,Av. Universitaria,SOLO_DANOS,Volcamiento,Mal estado de la via,,,,,,,,,,,,
2022-10-09 07:33:35,-4.023047,-79.213243,Calle Montufar,CON_FALLECIDOS,Volcamiento,Estado de embriaguez,66,FALLECIDO,NO_REGISTRA,OTRO,48,LESIONADO,MUJER,PEATON,19,LESIONADO,MUJER,CICLISTA
2022-08-12 05:46:45,-4.016502,-79.229181,Calle Miguel Riofrio,CON_FALLECIDOS,Caida,Factores externos,65,FALLECIDO,NO_REGISTRA,SCOOTER,39,LESIONADO,NO_REGISTRA,MOTOCICLETA,48,LESIONADO,HOMBRE,PEATON
2022-08-06 06:18:46,-3.980465,-79.206736,Av. Gran Colombia,CON_LESIONADOS,Incendio,Inobservancia de senales,60,LESIONADO,NO_REGISTRA,MOTOCICLETA,,,,,,,,
2022-10-02 11:26:49,-3.997026,-79.186804,Calle Imbabura,SOLO_DANOS,Choque Vehicular,Distraccion (celular/radio),,,,,,,,,,,,
2022-03-22 00:53:09,-4.031804,-79.190355,Calle Quito,CON_FALLECIDOS,Caida,Visibilidad reducida,42,FALLECIDO,MUJER,OTRO,48,LESIONADO,NO_REGISTRA,SCOOTER,,,,
2022-03-23 09:06:15,-4.023461,-79.220818,Calle Mercadillo,CON_FALLECIDOS,Volcamiento,Via resbaladiza o mojada,61,FALLECIDO,HOMBRE,OTRO,,,,,,,,
2022-06-03 07:27:43,-4.003064,-79.178372,Av. Gran Colombia,CON_FALLECIDOS,Accidente Laboral,Equipo de seguridad deficiente,56,FALLECIDO,MUJER,OTRO,84,FALLECIDO,MUJER,MOTOCICLETA,29,LESIONADO,HOMBRE,VEH_LIVIANO
2022-10-14 12:23:50,-4.009089,-79.213037,Av. Pio Jaramillo,CON_LESIONADOS,Choque Vehicular,Exceso de velocidad,14,LESIONADO,MUJER,MOTOCICLETA,,,,,,,,
2022-11-21 19:34:50,-4.022857,-79.198551,Calle Saraguro,SOLO_DANOS,Incendio,Exceso de velocidad,,,,,,,,,,,,
2022-07-02 05:16:43,-3.979394,-79.212096,Av. Universitaria,CON_FALLECIDOS,Incendio,Equipo de seguridad deficiente,67,FALLECIDO,HOMBRE,MOTOCICLETA,14,LESIONADO,NO_REGISTRA,SCOOTER,,,,