fecha_hora,latitud,longitud,via,grado_severidad,tipo_siniestro,causa_probable,victima1_edad,victima1_condicion,victima1_sexo,victima1_actor_vial,victima2_edad,victima2_condicion,victima2_sexo,victima2_actor_vial,victima3_edad,victima3_condicion,victima3_sexo,victima3_actor_vial
2022-01-04 18:47:46,-4.021899,-79.213908,Av. Cuxibamba,CON_LESIONADOS,Incendio,Mal estado de la via,79,LESIONADO,HOMBRE,CICLISTA,,,,,,,,
2022-10-03 13:09:14,-4.029329,-79.211142,Calle 18 de Noviembre,CON_LESIONADOS,Atropellamiento,Fatiga del conductor,14,LESIONADO,HOMBRE,VEH_LIVIANO,11,LESIONADO,NO_REGISTRA,CICLISTA,,,,
2022-10-23 13:05:21,-3.985480,-79.223865,Ruta 35,CON_FALLECIDOS,Choque Vehicular,Imprudencia del conductor,43,FALLECIDO,HOMBRE,CICLISTA,,,,,,,,
2022-01-14 12:48:47,-3.984854,-79.222883,Calle Mercadillo,CON_LESIONADOS,Accidente Laboral,Falla mecanica,33,LESIONADO,MUJER,PEATON,28,LESIONADO,NO_REGISTRA,OTRO,36,LESIONADO,HOMBRE,PEATON
2022-08-04 10:08:26,-3.996336,-79.197487,Calle Imbabura,SOLO_DANOS,Incendio,Fatiga del conductor,,,,,,,,,,,,
2022-10-30 04:01:22,-4.012104,-79.193064,Av. Gran Colombia,SOLO_DANOS,Choque Vehicular,Fatiga del conductor,61,LESIONADO,NO_REGISTRA,SCOOTER,,,,,,,,
2022-05-08 00:32:35,-3.979062,-79.228883,Calle Miguel Riofrio,CON_FALLECIDOS,Choque Vehicular,Mal estado de la via,18,FALLECIDO,NO_REGISTRA,MOTOCICLETA,,,,,,,,
2022-02-06 06:49:45,-3.984543,-79.184595,Calle Imbabura,CON_LESIONADOS,Atropellamiento,Mal estado de la via,58,LESIONADO,HOMBRE,VEH_LIVIANO,10,LESIONADO,HOMBRE,PEATON,55,LESIONADO,NO_REGISTRA,CICLISTA
2022-02-19 22:22:18,-4.001509,-79.175979,Ruta 35,CON_FALLECIDOS,Colision Multiple,Mal estado de la via,57,FALLECIDO,HOMBRE,MOTOCICLETA,68,FALLECIDO,MUJER,VEH_LIVIANO,70,LESIONADO,HOMBRE,PEATON
2022-01-30 15:10:59,-4.016088,-79.189310,Av. 8 de Diciembre,SOLO_DANOS,Colision Multiple,Mal estado de la via,,,,,,,,,,,,
2022-05-24 02:07:18,-4.036731,-79.213218,Calle Ramon Borrero,CON_FALLECIDOS,Incendio,Estado de embriaguez,76,FALLECIDO,HOMBRE,SCOOTER,18,FALLECIDO,HOMBRE,MOTOCICLETA,38,LESIONADO,NO_REGISTRA,PEATON
2022-09-10 12:13:26,-4.005589,-79.179001,Calle Imbabura,CON_LESIONADOS,Incendio,Inobservancia de senales,13,LESIONADO,NO_REGISTRA,MOTOCICLETA,,,,,,,,
2022-09-17 02:35:00,-4.007540,-79.223988,Av. 8 de Diciembre,CON_LESIONADOS,Atropellamiento,Estado de embriaguez,33,LESIONADO,NO_REGISTRA,CICLISTA,45,LESIONADO,NO_REGISTRA,CICLISTA,58,LESIONADO,NO_REGISTRA,SCOOTER
2022-09-03 14:19:44,-4.016686,-79.197575,Av. Isidro Ayora,SOLO_DANOS,Choque Vehicular,Via resbaladiza o mojada,44,LESIONADO,HOMBRE,PEATON,,,,,,,,
2022-02-25 01:57:57,-3.977175,-79.222783,Calle Sucre,CON_FALLECIDOS,Volcamiento,Inobservancia de senales,20,FALLECIDO,NO_REGISTRA,OTRO,,,,,,,,
2022-10-29 00:25:58,-4.004716,-79.197343,Av. Reinaldo Espinosa,SOLO_DANOS,Colision Multiple,Inobservancia de senales,,,,,,,,,,,,
2022-10-28 06:41:33,-4.013411,-79.217237,Calle 18 de Noviembre,CON_FALLECIDOS,Colision Multiple,Distraccion (celular/radio),22,FALLECIDO,NO_REGISTRA,VEH_LIVIANO,21,FALLECIDO,HOMBRE,MOTOCICLETA,,,,
2022-01-31 17:35:13,-4.029721,-79.215175,Av. Rosa Hermosa,SOLO_DANOS,Caida,Fatiga del conductor,,,,,,,,,,,,
2022-07-02 21:11:03,-4.014219,-79.227357,Av. Pio Jaramillo,CON_LESIONADOS,Volcamiento,Factores externos,65,LESIONADO,MUJER,CICLISTA,70,LESIONADO,HOMBRE,OTRO,,,,
2022-11-22 21:12:43,-3.996646,-79.176948,Av. Orillas del Zamora,CON_FALLECIDOS,Incendio,Visibilidad reducida,22,FALLECIDO,MUJER,VEH_LIVIANO,80,FALLECIDO,HOMBRE,VEH_LIVIANO,6,LESIONADO,MUJER,VEH_LIVIANO
2022-06-21 20:02:51,-3.979703,-79.178323,Calle Ramon Borrero,SOLO_DANOS,Caida,Equipo de seguridad deficiente,,,,,,,,,,,,
2022-07-29 19:23:58,-4.029774,-79.198172,Calle Quito,CON_FALLECIDOS,Choque Vehicular,Factores externos,76,FALLECIDO,MUJER,OTRO,19,FALLECIDO,NO_REGISTRA,MOTOCICLETA,,,,
2022-03-24 19:22:02,-4.036389,-79.216775,Via Loja - Zamora,SOLO_DANOS,Caida,Imprudencia del conductor,48,LESIONADO,NO_REGISTRA,MOTOCICLETA,,,,,,,,
2022-04-06 10:31:59,-4.013343,-79.205148,Calle Azogues,CON_LESIONADOS,Incendio,Factores externos,54,LESIONADO,HOMBRE,PEATON,23,LESIONADO,NO_REGISTRA,CICLISTA,50,LESIONADO,NO_REGISTRA,CICLISTA
2022-12-03 00:00:32,-4.036473,-79.220702,Calle Rocafuerte,SOLO_DANOS,Colision Multiple,Falla mecanica,,,,,,,,,,,,
2022-07-22 06:58:46,-4.010764,-79.215485,Calle Quito,SOLO_DANOS,Caida,Falla mecanica,,,,,,,,,,,,
2022-07-20 11:35:44,-3.985979,-79.199469,Calle Mercadillo,SOLO_DANOS,Caida,Distraccion (celular/radio),,,,,,,,,,,,
2022-12-28 22:37:17,-4.011684,-79.225518,Av. Manuel Agustin Aguirre,CON_FALLECIDOS,Incendio,Inobservancia de senales,26,FALLECIDO,HOMBRE,CICLISTA,60,FALLECIDO,MUJER,MOTOCICLETA,73,LESIONADO,HOMBRE,SCOOTER
2022-02-21 01:29:55,-4.000190,-79.202175,Av. Gran Colombia,CON_FALLECIDOS,Choque Vehicular,Inobservancia de senales,67,FALLECIDO,NO_REGISTRA,MOTOCICLETA,51,FALLECIDO,HOMBRE,SCOOTER,12,LESIONADO,NO_REGISTRA,PEATON
2022-06-11 11:43:38,-4.015558,-79.175059,Calle Miguel Riofrio,CON_LESIONADOS,Colision Multiple,Exceso de velocidad,62,LESIONADO,NO_REGISTRA,PEATON,16,LESIONADO,MUJER,VEH_LIVIANO,70,LESIONADO,NO_REGISTRA,PEATON
2022-02-04 05:41:57,-4.027171,-79.224810,Calle Sucre,CON_FALLECIDOS,Incendio,Equipo de seguridad deficiente,64,FALLECIDO,HOMBRE,VEH_LIVIANO,48,FALLECIDO,NO_REGISTRA,VEH_LIVIANO,41,LESIONADO,MUJER,OTRO
2022-02-13 02:03:12,-4.001428,-79.191932,Av. Gran Colombia,CON_LESIONADOS,Incendio,Visibilidad reducida,76,LESIONADO,HOMBRE,SCOOTER,72,LESIONADO,MUJER,SCOOTER,20,LESIONADO,MUJER,PEATON
2022-11-28 10:16:10,-4.018024,-79.185683,Av. Rosa Hermosa,CON_FALLECIDOS,Caida,Inobservancia de senales,46,FALLECIDO,HOMBRE,CICLISTA,40,LESIONADO,MUJER,OTRO,9,LESIONADO,HOMBRE,SCOOTER
2022-02-02 07:53:18,-4.019593,-79.199388,Calle 18 de Noviembre,CON_FALLECIDOS,Incendio,Exceso de velocidad,65,FALLECIDO,NO_REGISTRA,OTRO,13,LESIONADO,MUJER,SCOOTER,,,,
2022-08-28 17:55:13,-3.980881,-79.196581,Calle Ramon Borrero,SOLO_DANOS,Atropellamiento,Exceso de velocidad,,,,,,,,,,,,
2022-02-07 06:16:09,-3.978502,-79.197236,Calle Ramon Borrero,CON_LESIONADOS,Choque Vehicular,Factores externos,26,LESIONADO,HOMBRE,PEATON,75,LESIONADO,MUJER,SCOOTER,,,,
2022-07-05 02:18:52,-4.029145,-79.182010,Calle Bolivar,SOLO_DANOS,Accidente Laboral,Equipo de seguridad deficiente,,,,,,,,,,,,
2022-06-23 17:11:24,-3.989455,-79.193931,Av. Pio Jaramillo,CON_LESIONADOS,Accidente Laboral,Mal estado de la via,18,LESIONADO,NO_REGISTRA,MOTOCICLETA,72,LESIONADO,HOMBRE,SCOOTER,62,LESIONADO,NO_REGISTRA,OTRO
2022-07-11 23:13:19,-4.024824,-79.178132,Calle 18 de Noviembre,CON_LESIONADOS,Colision Multiple,Imprudencia del conductor,28,LESIONADO,NO_REGISTRA,OTRO,,,,,,,,
2022-05-16 16:10:01,-3.994198,-79.230272,Calle Bolivar,SOLO_DANOS,Incendio,Distraccion (celular/radio),,,,,,,,,,,,
2022-11-13 11:00:44,-3.992502,-79.181502,Av. Isidro Ayora,CON_LESIONADOS,Atropellamiento,Mal estado de la via,33,LESIONADO,MUJER,PEATON,38,LESIONADO,HOMBRE,SCOOTER,,,,
2022-02-15 09:33:14,-3.987517,-79.222294,Ruta 35,SOLO_DANOS,Incendio,Estado de embriaguez,,,,,,,,,,,,
2022-08-11 22:36:23,-3.996692,-79.181615,Calle Miguel Riofrio,CON_LESIONADOS,Accidente Laboral,Factores externos,10,LESIONADO,NO_REGISTRA,OTRO,,,,,,,,
2022-06-12 04:46:47,-4.021770,-79.206098,Av. Isidro Ayora,CON_LESIONADOS,Volcamiento,Factores externos,80,LESIONADO,HOMBRE,SCOOTER,36,LESIONADO,HOMBRE,PEATON,11,LESIONADO,HOMBRE,CICLISTA
2022-06-03 22:00:43,-4.007436,-79.214331,Calle Bolivar,SOLO_DANOS,Colision Multiple,Inobservancia de senales,,,,,,,,,,,,
2022-04-10 12:42:50,-3.999823,-79.216840,Calle Imbabura,CON_LESIONADOS,Accidente Laboral,Via resbaladiza o mojada,32,LESIONADO,MUJER,PEATON,,,,,,,,
2022-01-18 15:02:26,-4.007053,-79.190842,Av. Cuxibamba,SOLO_DANOS,Choque Vehicular,Inobservancia de senales,,,,,,,,,,,,
2022-11-25 21:52:51,-4.024207,-79.208722,Calle Ramon Borrero,CON_LESIONADOS,Colision Multiple,Imprudencia del conductor,57,LESIONADO,MUJER,MOTOCICLETA,,,,,,,,
2022-01-14 18:49:45,-4.012309,-79.222272,Calle Bolivar,CON_FALLECIDOS,Colision Multiple,Falla mecanica,53,FALLECIDO,MUJER,PEATON,,,,,,,,
2022-12-25 16:55:20,-4.009583,-79.180517,Calle Sucre,CON_FALLECIDOS,Atropellamiento,Distraccion (celular/radio),44,FALLECIDO,MUJER,MOTOCICLETA,48,LESIONADO,NO_REGISTRA,SCOOTER,,,,
2022-10-05 14:54:34,-3.982849,-79.215556,Calle 18 de Noviembre,CON_FALLECIDOS,Atropellamiento,Fatiga del conductor,47,FALLECIDO,NO_REGISTRA,CICLISTA,69,FALLECIDO,MUJER,VEH_LIVIANO,5,LESIONADO,HOMBRE,OTRO
2022-12-27 11:33:36,-3.997468,-79.178705,Calle Imbabura,CON_FALLECIDOS,Atropellamiento,Factores externos,58,FALLECIDO,HOMBRE,OTRO,,,,,,,,
2022-02-05 23:06:45,-4.029770,-79.176270,Calle Sucre,CON_FALLECIDOS,Colision Multiple,Estado de embriaguez,78,FALLECIDO,MUJER,MOTOCICLETA,43,FALLECIDO,NO_REGISTRA,OTRO,,,,
2022-02-27 13:32:20,-4.005940,-79.210430,Calle Colon,CON_LESIONADOS,Accidente Laboral,Via resbaladiza o mojada,68,LESIONADO,NO_REGISTRA,OTRO,,,,,,,,
2022-11-11 05:09:43,-3.987196,-79.200853,Av. Universitaria,SOLO_DANOS,Caida,Estado de embriaguez,,,,,,,,,,,,
2022-08-01 10:54:21,-3.981441,-79.175520,Calle Azogues,CON_LESIONADOS,Incendio,Fatiga del conductor,39,LESIONADO,MUJER,PEATON,13,LESIONADO,HOMBRE,MOTOCICLETA,56,LESIONADO,HOMBRE,PEATON
2022-02-14 14:23:20,-3.996158,-79.180441,Calle Saraguro,CON_LESIONADOS,Caida,Fatiga del conductor,57,LESIONADO,MUJER,MOTOCICLETA,,,,,,,,
2022-03-18 04:46:34,-3.991297,-79.197398,Av. Orillas del Zamora,SOLO_DANOS,Incendio,Imprudencia del conductor,59,LESIONADO,MUJER,CICLISTA,,,,,,,,
2022-08-02 05:52:00,-4.032436,-79.228526,Av. Universitaria,CON_FALLECIDOS,Colision Multiple,Falla mecanica,24,FALLECIDO,NO_REGISTRA,MOTOCICLETA,24,FALLECIDO,MUJER,SCOOTER,54,LESIONADO,MUJER,VEH_LIVIANO
2022-09-06 03:42:10,-4.033317,-79.210498,Calle Rocafuerte,CON_LESIONADOS,Accidente Laboral,Mal estado de la via,66,LESIONADO,MUJER,PEATON,63,LESIONADO,NO_REGISTRA,OTRO,,,,
2022-01-24 15:49:49,-4.033068,-79.184443,Calle Montufar,CON_LESIONADOS,Atropellamiento,Factores externos,45,LESIONADO,NO_REGISTRA,OTRO,29,LESIONADO,NO_REGISTRA,PEATON,70,LESIONADO,HOMBRE,PEATON
2022-04-08 10:16:27,-3.998536,-79.213854,Ruta 35,CON_LESIONADOS,Choque Vehicular,Falla mecanica,19,LESIONADO,NO_REGISTRA,SCOOTER,,,,,,,,
2022-03-30 10:49:01,-4.030208,-79.214203,Av. Gran Colombia,SOLO_DANOS,Incendio,Factores externos,,,,,,,,,,,,
2022-06-03 21:17:54,-4.019551,-79.228863,Ruta 35,SOLO_DANOS,Atropellamiento,Inobservancia de senales,,,,,,,,,,,,
2022-10-31 20:14:12,-4.002949,-79.215847,Av. 8 de Diciembre,CON_LESIONADOS,Atropellamiento,Falla mecanica,49,LESIONADO,MUJER,SCOOTER,71,LESIONADO,HOMBRE,MOTOCICLETA,73,LESIONADO,HOMBRE,VEH_LIVIANO
2022-08-17 21:35:18,-4.008243,-79.171860,Calle Colon,CON_LESIONADOS,Choque Vehicular,Factores externos,73,LESIONADO,HOMBRE,SCOOTER,,,,,,,,
2022-10-30 08:53:13,-3.983859,-79.208236,Av. Pio Jaramillo,CON_LESIONADOS,Choque Vehicular,Distraccion (celular/radio),63,LESIONADO,HOMBRE,SCOOTER,,,,,,,,
2022-02-13 12:51:41,-3.990047,-79.179962,Calle Imbabura,CON_FALLECIDOS,Atropellamiento,Via resbaladiza o mojada,61,FALLECIDO,MUJER,OTRO,57,FALLECIDO,MUJER,CICLISTA,80,LESIONADO,MUJER,CICLISTA
2022-12-04 22:12:08,-4.018405,-79.208163,Ruta 35,CON_LESIONADOS,Caida,Fatiga del conductor,40,LESIONADO,HOMBRE,OTRO,,,,,,,,
2022-03-20 15:17:39,-4.007351,-79.229647,Calle Bolivar,CON_FALLECIDOS,Choque Vehicular,Equipo de seguridad deficiente,49,FALLECIDO,HOMBRE,SCOOTER,62,LESIONADO,HOMBRE,CICLISTA,20,LESIONADO,NO_REGISTRA,SCOOTER
2022-08-21 15:51:22,-4.023339,-79.208129,Calle Saraguro,CON_LESIONADOS,Accidente Laboral,Distraccion (celular/radio),66,LESIONADO,HOMBRE,CICLISTA,16,LESIONADO,MUJER,OTRO,29,LESIONADO,NO_REGISTRA,CICLISTA
2022-06-15 07:57:02,-4.024940,-79.197843,Av. Manuel Agustin Aguirre,CON_LESIONADOS,Caida,Via resbaladiza o mojada,25,LESIONADO,NO_REGISTRA,MOTOCICLETA,29,LESIONADO,MUJER,VEH_LIVIANO,,,,
2022-08-09 02:45:19,-4.024664,-79.219652,Calle Azogues,SOLO_DANOS,Volcamiento,Via resbaladiza o mojada,,,,,,,,,,,,
2022-09-05 19:00:08,-3.996859,-79.186004,Calle Colon,SOLO_DANOS,Incendio,Falla mecanica,,,,,,,,,,,,
2022-11-19 23:05:56,-3.984925,-79.201145,Calle Saraguro,SOLO_DANOS,Caida,Factores externos,,,,,,,,,,,,
2022-12-20 03:04:59,-4.002398,-79.228318,Av. Reinaldo Espinosa,SOLO_DANOS,Accidente Laboral,Estado de embriaguez,,,,,,,,,,,,
2022-02-22 09:41:23,-4.023922,-79.201961,Calle Sucre,CON_LESIONADOS,Incendio,Visibilidad reducida,54,LESIONADO,HOMBRE,PEATON,,,,,,,,
2022-01-16 14:47:29,-4.027981,-79.182580,Via Loja - Zamora,CON_FALLECIDOS,Caida,Estado de embriaguez,53,FALLECIDO,MUJER,CICLISTA,34,FALLECIDO,HOMBRE,CICLISTA,50,LESIONADO,HOMBRE,MOTOCICLETA
2022-02-22 08:14:10,-4.026166,-79.184605,Av. Metropolitana,CON_FALLECIDOS,Colision Multiple,Factores externos,78,FALLECIDO,HOMBRE,VEH_LIVIANO,41,LESIONADO,NO_REGISTRA,OTRO,7,LESIONADO,HOMBRE,PEATON
2022-03-12 06:54:39,-4.032667,-79.219289,Calle Mercadillo,CON_LESIONADOS,Colision Multiple,Visibilidad reducida,18,LESIONADO,MUJER,SCOOTER,32,LESIONADO,NO_REGISTRA,PEATON,33,LESIONADO,HOMBRE,PEATON
2022-01-04 22:44:58,-4.032700,-79.227798,Av. Cuxibamba,CON_LESIONADOS,Colision Multiple,Visibilidad reducida,70,LESIONADO,HOMBRE,SCOOTER,9,LESIONADO,HOMBRE,VEH_LIVIANO,17,LESIONADO,NO_REGISTRA,MOTOCICLETA
2022-06-09 09:02:41,-4.026384,-79.187231,Av. Cuxibamba,CON_FALLECIDOS,Incendio,Factores externos,63,FALLECIDO,NO_REGISTRA,MOTOCICLETA,64,FALLECIDO,NO_REGISTRA,CICLISTA,69,LESIONADO,NO_REGISTRA,SCOOTER
2022-01-01 04:17:10,-4.024243,-79.174595,Calle Montufar,SOLO_DANOS,Volcamiento,Via resbaladiza o mojada,,,,,,,,,,,,
2022-11-14 06:18:55,-4.019079,-79.229902,Calle Montufar,CON_LESIONADOS,Caida,Via resbaladiza o mojada,15,LESIONADO,NO_REGISTRA,SCOOTER,,,,,,,,
2022-06-12 06:17:37,-3.989106,-79.207596,Calle 10 de Agosto,SOLO_DANOS,Atropellamiento,Mal estado de la via,,,,,,,,,,,,
2022-02-14 06:21:32,-4.032208,-79.183923,Av. Rosa Hermosa,CON_FALLECIDOS,Incendio,Visibilidad reducida,82,FALLECIDO,HOMBRE,OTRO,,,,,,,,
2022-02-10 19:54:05,-4.007218,-79.199537,Calle Miguel Riofrio,CON_FALLECIDOS,Volcamiento,Estado de embriaguez,53,FALLECIDO,MUJER,CICLISTA,27,LESIONADO,HOMBRE,VEH_LIVIANO,45,LESIONADO,MUJER,OTRO
2022-06-12 10:34:07,-3.985085,-79.230738,Calle Azogues,CON_FALLECIDOS,Colision Multiple,Equipo de seguridad deficiente,49,FALLECIDO,MUJER,MOTOCICLETA,,,,,,,,
2022-08-23 20:23:50,-4.009162,-79.183746,Calle Sucre,CON_FALLECIDOS,Caida,Estado de embriaguez,24,FALLECIDO,MUJER,VEH_LIVIANO,76,LESIONADO,MUJER,CICLISTA,,,,
2022-12-25 00:21:14,-3.997857,-79.176287,Calle Imbabura,SOLO_DANOS,Colision Multiple,Mal estado de la via,,,,,,,,,,,,
2022-05-09 12:12:10,-3.979121,-79.179464,Av. Manuel Agustin Aguirre,CON_FALLECIDOS,Caida,Factores externos,47,FALLECIDO,MUJER,SCOOTER,,,,,,,,
2022-04-01 04:06:02,-3.992648,-79.214927,Calle Colon,SOLO_DANOS,Choque Vehicular,Estado de embriaguez,,,,,,,,,,,,
2022-11-24 04:57:35,-4.035273,-79.208913,Calle Miguel Riofrio,CON_LESIONADOS,Caida,Inobservancia de senales,21,LESIONADO,NO_REGISTRA,VEH_LIVIANO,6,LESIONADO,MUJER,MOTOCICLETA,,,,
2022-08-16 07:34:11,-4.006278,-79.189189,Via Loja - Zamora,CON_LESIONADOS,Volcamiento,Falla mecanica,70,LESIONADO,MUJER,SCOOTER,71,LESIONADO,HOMBRE,CICLISTA,16,LESIONADO,NO_REGISTRA,PEATON
2022-05-15 07:24:16,-4.006266,-79.184239,Av. Rosa Hermosa,SOLO_DANOS,Volcamiento,Distraccion (celular/radio),,,,,,,,,,,,
2022-01-12 09:35:43,-4.030062,-79.225333,Calle Sucre,SOLO_DANOS,Colision Multiple,Equipo de seguridad deficiente,,,,,,,,,,,,
2022-08-10 23:58:26,-4.002109,-79.173202,Av. Manuel Agustin Aguirre,SOLO_DANOS,Choque Vehicular,Inobservancia de senales,,,,,,,,,,,,
2022-12-14 09:20:10,-4.036284,-79.180219,Calle Colon,CON_LESIONADOS,Incendio,Inobservancia de senales,45,LESIONADO,MUJER,CICLISTA,,,,,,,,
2022-10-25 19:59:25,-4.028455,-79.210608,Av. Universitaria,SOLO_DANOS,Atropellamiento,Via resbaladiza o mojada,,,,,,,,,,,,
2022-09-24 18:34:08,-3.983938,-79.189004,Av. Gran Colombia,SOLO_DANOS,Caida,Distraccion (celular/radio),,,,,,,,,,,,
2022-04-05 21:09:32,-4.026601,-79.223002,Av. Gran Colombia,CON_LESIONADOS,Caida,Equipo de seguridad deficiente,17,LESIONADO,MUJER,OTRO,52,LESIONADO,HOMBRE,CICLISTA,,,,
2022-05-15 21:34:08,-3.997706,-79.180000,Av. Rosa Hermosa,SOLO_DANOS,Caida,Via resbaladiza o mojada,,,,,,,,,,,,
2022-04-28 07:41:50,-4.032302,-79.223812,Calle Rocafuerte,SOLO_DANOS,Atropellamiento,Visibilidad reducida,73,LESIONADO,NO_REGISTRA,VEH_LIVIANO,,,,,,,,
2022-06-24 08:23:23,-4.016295,-79.197096,Calle Montufar,SOLO_DANOS,Caida,Mal estado de la via,,,,,,,,,,,,
2022-08-09 02:18:45,-4.013070,-79.202267,Av. Universitaria,CON_FALLECIDOS,Atropellamiento,Exceso de velocidad,44,FALLECIDO,NO_REGISTRA,VEH_LIVIANO,40,LESIONADO,MUJER,CICLISTA,,,,
2022-08-17 08:53:42,-3.985960,-79.184891,Av. 8 de Diciembre,CON_LESIONADOS,Volcamiento,Via resbaladiza o mojada,60,LESIONADO,MUJER,SCOOTER,39,LESIONADO,NO_REGISTRA,PEATON,63,LESIONADO,HOMBRE,VEH_LIVIANO
2022-12-30 18:44:46,-4.027556,-79.207972,Calle Azogues,SOLO_DANOS,Incendio,Exceso de velocidad,,,,,,,,,,,,
2022-11-01 10:40:20,-3.979318,-79.207342,Calle Imbabura,CON_FALLECIDOS,Caida,Distraccion (celular/radio),65,FALLECIDO,MUJER,OTRO,,,,,,,,
2022-02-27 09:25:29,-3.997001,-79.212217,Calle Quito,CON_FALLECIDOS,Colision Multiple,Imprudencia del conductor,47,FALLECIDO,MUJER,SCOOTER,66,LESIONADO,NO_REGISTRA,OTRO,,,,
2022-08-11 21:32:02,-3.995835,-79.220170,Av. Universitaria,SOLO_DANOS,Incendio,Falla mecanica,,,,,,,,,,,,
2022-10-11 19:01:52,-4.004088,-79.175832,Av. Rosa Hermosa,CON_LESIONADOS,Incendio,Via resbaladiza o mojada,41,LESIONADO,MUJER,PEATON,52,LESIONADO,HOMBRE,SCOOTER,29,LESIONADO,HOMBRE,OTRO
2022-08-01 02:48:58,-3.986920,-79.177870,Calle Miguel Riofrio,CON_LESIONADOS,Accidente Laboral,Estado de embriaguez,75,LESIONADO,MUJER,OTRO,62,LESIONADO,NO_REGISTRA,MOTOCICLETA,57,LESIONADO,HOMBRE,CICLISTA
2022-03-01 02:58:49,-4.020526,-79.183248,Calle Miguel Riofrio,CON_FALLECIDOS,Volcamiento,Fatiga del conductor,48,FALLECIDO,MUJER,CICLISTA,,,,,,,,
2022-02-09 11:50:08,-4.007566,-79.208502,Av. Reinaldo Espinosa,CON_FALLECIDOS,Atropellamiento,Visibilidad reducida,71,FALLECIDO,NO_REGISTRA,VEH_LIVIANO,,,,,,,,
2022-11-11 01:24:10,-3.985939,-79.195827,Av. 8 de Diciembre,SOLO_DANOS,Volcamiento,Visibilidad reducida,,,,,,,,,,,,
2022-01-09 20:48:44,-3.978602,-79.227283,Calle Miguel Riofrio,SOLO_DANOS,Atropellamiento,Mal estado de la via,,,,,,,,,,,,
2022-12-01 05:26:58,-4.035252,-79.206358,Av. Cuxibamba,SOLO_DANOS,Caida,Falla mecanica,67,LESIONADO,HOMBRE,CICLISTA,,,,,,,,
2022-03-27 02:48:24,-4.014697,-79.225137,Calle Rocafuerte,SOLO_DANOS,Colision Multiple,Visibilidad reducida,,,,,,,,,,,,
2022-12-20 20:44:50,-4.000639,-79.191742,Av. Isidro Ayora,CON_LESIONADOS,Caida,Exceso de velocidad,66,LESIONADO,NO_REGISTRA,MOTOCICLETA,23,LESIONADO,NO_REGISTRA,MOTOCICLETA,24,LESIONADO,NO_REGISTRA,VEH_LIVIANO
2022-05-09 09:15:32,-3.988986,-79.197519,Calle Rocafuerte,SOLO_DANOS,Accidente Laboral,Distraccion (celular/radio),24,LESIONADO,NO_REGISTRA,MOTOCICLETA,,,,,,,,
2022-08-02 14:25:51,-3.999481,-79.179643,Calle Azogues,CON_FALLECIDOS,Caida,Imprudencia del conductor,42,FALLECIDO,HOMBRE,CICLISTA,55,FALLECIDO,NO_REGISTRA,VEH_LIVIANO,32,LESIONADO,MUJER,VEH_LIVIANO
2022-07-06 06:42:07,-4.000242,-79.190126,Av. Isidro Ayora,SOLO_DANOS,Accidente Laboral,Imprudencia del conductor,,,,,,,,,,,,
2022-12-31 22:25:24,-3.996535,-79.177280,Calle Sucre,CON_FALLECIDOS,Incendio,Via resbaladiza o mojada,85,FALLECIDO,MUJER,PEATON,42,FALLECIDO,MUJER,SCOOTER,80,LESIONADO,NO_REGISTRA,SCOOTER
2022-10-05 02:41:43,-3.989286,-79.197147,Av. Cuxibamba,CON_LESIONADOS,Accidente Laboral,Via resbaladiza o mojada,45,LESIONADO,NO_REGISTRA,MOTOCICLETA,14,LESIONADO,MUJER,CICLISTA,22,LESIONADO,NO_REGISTRA,MOTOCICLETA
2022-01-19 03:08:14,-4.007962,-79.199780,Calle Mercadillo,CON_FALLECIDOS,Volcamiento,Equipo de seguridad deficiente,28,FALLECIDO,HOMBRE,MOTOCICLETA,48,LESIONADO,HOMBRE,CICLISTA,5,LESIONADO,HOMBRE,OTRO
2022-06-24 11:46:14,-3.982656,-79.175750,Av. Cuxibamba,SOLO_DANOS,Volcamiento,Mal estado de la via,,,,,,,,,,,,
2022-10-07 19:19:02,-4.032236,-79.180204,Calle Rocafuerte,SOLO_DANOS,Choque Vehicular,Estado de embriaguez,70,LESIONADO,NO_REGISTRA,VEH_LIVIANO,,,,,,,,
2022-05-03 02:42:34,-3.992464,-79.230710,Calle Sucre,SOLO_DANOS,Incendio,Via resbaladiza o mojada,,,,,,,,,,,,
2022-05-19 09:56:07,-4.033792,-79.220834,Calle Mercadillo,CON_LESIONADOS,Volcamiento,Fatiga del conductor,62,LESIONADO,NO_REGISTRA,MOTOCICLETA,,,,,,,,
2022-10-06 11:14:03,-3.979837,-79.191619,Calle Ramon Borrero,CON_FALLECIDOS,Atropellamiento,Factores externos,39,FALLECIDO,NO_REGISTRA,OTRO,,,,,,,,
2022-08-19 10:59:59,-3.985870,-79.172828,Av. Cuxibamba,CON_FALLECIDOS,Colision Multiple,Fatiga del conductor,33,FALLECIDO,NO_REGISTRA,PEATON,59,FALLECIDO,MUJER,SCOOTER,67,LESIONADO,MUJER,SCOOTER
2022-02-28 00:41:52,-3.986751,-79.176430,Av. Universitaria,CON_FALLECIDOS,Caida,Equipo de seguridad deficiente,19,FALLECIDO,MUJER,MOTOCICLETA,65,FALLECIDO,MUJER,VEH_LIVIANO,36,LESIONADO,MUJER,OTRO