fecha_hora,latitud,longitud,via,grado_severidad,tipo_siniestro,causa_probable,victima1_edad,victima1_condicion,victima1_sexo,victima1_actor_vial,victima2_edad,victima2_condicion,victima2_sexo,victima2_actor_vial,victima3_edad,victima3_condicion,victima3_sexo,victima3_actor_vial
2022-10-01 10:00:24,-3.994243,-79.176020,Av. Manuel Agustin Aguirre,CON_FALLECIDOS,Accidente Laboral,Factores externos,59,FALLECIDO,HOMBRE,MOTOCICLETA,5,LESIONADO,HOMBRE,PEATON,,,,
2022-05-05 05:21:06,-3.993482,-79.176480,Calle Rocafuerte,CON_LESIONADOS,Choque Vehicular,Inobservancia de senales,72,LESIONADO,HOMBRE,PEATON,49,LESIONADO,NO_REGISTRA,OTRO,43,LESIONADO,MUJER,CICLISTA
2022-05-14 10:16:33,-3.996622,-79.194106,Av. Reinaldo Espinosa,SOLO_DANOS,Incendio,Visibilidad reducida,,,,,,,,,,,,
2022-07-26 13:18:45,-4.010081,-79.220935,Via Loja - Catamayo,SOLO_DANOS,Caida,Estado de embriaguez,,,,,,,,,,,,
2022-01-06 02:53:01,-3.991904,-79.217499,Via Loja - Catamayo,CON_FALLECIDOS,Atropellamiento,Equipo de seguridad deficiente,35,FALLECIDO,MUJER,MOTOCICLETA,60,LESIONADO,NO_REGISTRA,VEH_LIVIANO,39,LESIONADO,MUJER,VEH_LIVIANO
2022-11-13 07:07:07,-4.014960,-79.206736,Calle Montufar,SOLO_DANOS,Choque Vehicular,Exceso de velocidad,,,,,,,,,,,,
2022-09-06 09:28:41,-4.003878,-79.192556,Av. Cuxibamba,CON_FALLECIDOS,Choque Vehicular,Factores externos,32,FALLECIDO,HOMBRE,SCOOTER,60,FALLECIDO,NO_REGISTRA,PEATON,24,LESIONADO,NO_REGISTRA,PEATON
2022-08-09 13:02:28,-4.030244,-79.214346,Av. Manuel Agustin Aguirre,CON_LESIONADOS,Caida,Inobservancia de senales,12,LESIONADO,MUJER,MOTOCICLETA,,,,,,,,
2022-06-20 23:54:35,-4.012528,-79.227842,Av. Rosa Hermosa,CON_FALLECIDOS,Caida,Distraccion (celular/radio),71,FALLECIDO,MUJER,PEATON,77,LESIONADO,MUJER,VEH_LIVIANO,72,LESIONADO,MUJER,CICLISTA
2022-03-20 23:01:03,-3.978865,-79.195355,Calle Bolivar,CON_FALLECIDOS,Atropellamiento,Mal estado de la via,51,FALLECIDO,MUJER,VEH_LIVIANO,16,LESIONADO,MUJER,CICLISTA,,,,
2022-12-30 11:43:45,-3.996871,-79.175172,Calle Ramon Borrero,CON_LESIONADOS,Atropellamiento,Equipo de seguridad deficiente,22,LESIONADO,MUJER,VEH_LIVIANO,8,LESIONADO,HOMBRE,CICLISTA,,,,
2022-08-19 07:11:15,-4.026068,-79.221348,Via Loja - Zamora,CON_FALLECIDOS,Atropellamiento,Mal estado de la via,45,FALLECIDO,NO_REGISTRA,PEATON,28,LESIONADO,NO_REGISTRA,CICLISTA,59,LESIONADO,MUJER,OTRO
2022-10-08 16:23:24,-4.036314,-79.218835,Calle Mercadillo,CON_LESIONADOS,Atropellamiento,Via resbaladiza o mojada,21,LESIONADO,HOMBRE,MOTOCICLETA,74,LESIONADO,NO_REGISTRA,MOTOCICLETA,,,,
2022-08-07 06:31:11,-4.000951,-79.197689,Ruta 35,CON_FALLECIDOS,Caida,Falla mecanica,71,FALLECIDO,NO_REGISTRA,VEH_LIVIANO,60,LESIONADO,NO_REGISTRA,PEATON,21,LESIONADO,NO_REGISTRA,VEH_LIVIANO
2022-06-24 01:28:03,-3.999817,-79.188203,Calle Bolivar,CON_FALLECIDOS,Volcamiento,Inobservancia de senales,24,FALLECIDO,NO_REGISTRA,SCOOTER,60,LESIONADO,MUJER,SCOOTER,74,LESIONADO,NO_REGISTRA,VEH_LIVIANO
2022-02-04 10:18:49,-4.011597,-79.203624,Ruta 35,SOLO_DANOS,Choque Vehicular,Visibilidad reducida,,,,,,,,,,,,
2022-02-21 01:06:02,-4.003552,-79.198524,Av. Pio Jaramillo,CON_FALLECIDOS,Volcamiento,Factores externos,76,FALLECIDO,MUJER,PEATON,59,LESIONADO,NO_REGISTRA,VEH_LIVIANO,22,LESIONADO,HOMBRE,PEATON
2022-11-19 06:55:05,-4.012334,-79.201674,Calle Montufar,CON_LESIONADOS,Volcamiento,Visibilidad reducida,48,LESIONADO,MUJER,PEATON,51,LESIONADO,NO_REGISTRA,OTRO,,,,
2022-08-29 10:00:59,-3.998674,-79.227504,Av. Isidro Ayora,SOLO_DANOS,Accidente Laboral,Factores externos,,,,,,,,,,,,
2022-03-14 18:28:17,-4.029182,-79.185374,Calle Bolivar,CON_LESIONADOS,Volcamiento,Visibilidad reducida,53,LESIONADO,MUJER,MOTOCICLETA,5,LESIONADO,MUJER,SCOOTER,57,LESIONADO,NO_REGISTRA,PEATON
2022-12-22 07:56:35,-3.999321,-79.171628,Via Loja - Catamayo,SOLO_DANOS,Colision Multiple,Via resbaladiza o mojada,,,,,,,,,,,,
2022-06-14 16:47:13,-4.012513,-79.205371,Av. Universitaria,CON_LESIONADOS,Accidente Laboral,Equipo de seguridad deficiente,26,LESIONADO,MUJER,OTRO,49,LESIONADO,NO_REGISTRA,PEATON,,,,
2022-07-25 03:18:58,-3.990970,-79.184766,Calle Sucre,CON_LESIONADOS,Colision Multiple,Mal estado de la via,16,LESIONADO,HOMBRE,VEH_LIVIANO,65,LESIONADO,HOMBRE,OTRO,10,LESIONADO,MUJER,VEH_LIVIANO
2022-06-17 19:00:15,-3.989486,-79.208617,Calle Imbabura,CON_FALLECIDOS,Incendio,Imprudencia del conductor,42,FALLECIDO,NO_REGISTRA,MOTOCICLETA,64,FALLECIDO,NO_REGISTRA,VEH_LIVIANO,75,LESIONADO,HOMBRE,MOTOCICLETA
2022-11-06 02:26:14,-4.022186,-79.179955,Av. Reinaldo Espinosa,CON_LESIONADOS,Colision Multiple,Fatiga del conductor,80,LESIONADO,NO_REGISTRA,VEH_LIVIANO,,,,,,,,
2022-08-06 19:19:30,-3.988854,-79.215417,Av. Universitaria,CON_LESIONADOS,Incendio,Estado de embriaguez,7,LESIONADO,MUJER,OTRO,,,,,,,,
2022-03-04 11:17:04,-4.010963,-79.189107,Calle Colon,SOLO_DANOS,Colision Multiple,Imprudencia del conductor,,,,,,,,,,,,
2022-09-23 12:14:22,-4.009181,-79.171912,Calle Colon,CON_FALLECIDOS,Volcamiento,Inobservancia de senales,20,FALLECIDO,MUJER,PEATON,76,LESIONADO,NO_REGISTRA,MOTOCICLETA,,,,
2022-08-14 17:13:56,-3.982001,-79.194842,Av. Manuel Agustin Aguirre,SOLO_DANOS,Choque Vehicular,Fatiga del conductor,,,,,,,,,,,,
2022-10-11 12:04:06,-4.031920,-79.205011,Av. Rosa Hermosa,SOLO_DANOS,Accidente Laboral,Estado de embriaguez,,,,,,,,,,,,
2022-12-30 10:20:15,-4.036810,-79.179269,Calle Bolivar,CON_LESIONADOS,Atropellamiento,Equipo de seguridad deficiente,9,LESIONADO,MUJER,VEH_LIVIANO,42,LESIONADO,NO_REGISTRA,SCOOTER,,,,
2022-06-27 13:24:14,-4.031924,-79.200291,Calle Rocafuerte,CON_LESIONADOS,Volcamiento,Exceso de velocidad,18,LESIONADO,NO_REGISTRA,VEH_LIVIANO,49,LESIONADO,MUJER,SCOOTER,51,LESIONADO,HOMBRE,VEH_LIVIANO
2022-09-27 08:23:57,-4.004332,-79.173498,Av. Rosa Hermosa,CON_FALLECIDOS,Accidente Laboral,Exceso de velocidad,56,FALLECIDO,MUJER,PEATON,32,FALLECIDO,HOMBRE,CICLISTA,,,,
2022-02-07 07:51:43,-4.004300,-79.200718,Calle Rocafuerte,CON_FALLECIDOS,Volcamiento,Distraccion (celular/radio),65,FALLECIDO,MUJER,SCOOTER,25,FALLECIDO,MUJER,CICLISTA,,,,
2022-12-15 06:39:27,-3.995166,-79.224698,Calle 10 de Agosto,CON_LESIONADOS,Colision Multiple,Falla mecanica,18,LESIONADO,NO_REGISTRA,MOTOCICLETA,,,,,,,,
2022-07-03 01:02:54,-4.025108,-79.200416,Calle Ramon Borrero,CON_FALLECIDOS,Volcamiento,Visibilidad reducida,20,FALLECIDO,HOMBRE,MOTOCICLETA,35,FALLECIDO,MUJER,PEATON,80,LESIONADO,HOMBRE,VEH_LIVIANO
2022-10-02 01:33:03,-4.005934,-79.196319,Calle Sucre,SOLO_DANOS,Accidente Laboral,Mal estado de la via,,,,,,,,,,,,
2022-02-01 15:21:03,-3.999641,-79.172584,Calle Imbabura,CON_FALLECIDOS,Atropellamiento,Distraccion (celular/radio),44,FALLECIDO,HOMBRE,SCOOTER,77,FALLECIDO,HOMBRE,VEH_LIVIANO,16,LESIONADO,MUJER,SCOOTER
2022-01-08 22:30:21,-3.979274,-79.195219,Via Loja - Zamora,CON_LESIONADOS,Caida,Inobservancia de senales,64,LESIONADO,HOMBRE,CICLISTA,,,,,,,,
2022-01-03 04:23:31,-4.013605,-79.192366,Calle Saraguro,SOLO_DANOS,Accidente Laboral,Inobservancia de senales,,,,,,,,,,,,
2022-08-12 15:04:36,-4.017972,-79.191375,Calle 18 de Noviembre,SOLO_DANOS,Accidente Laboral,Equipo de seguridad deficiente,,,,,,,,,,,,
2022-04-27 15:27:49,-4.001019,-79.186698,Calle Miguel Riofrio,CON_LESIONADOS,Choque Vehicular,Falla mecanica,14,LESIONADO,MUJER,OTRO,40,LESIONADO,HOMBRE,OTRO,,,,
2022-10-09 20:34:11,-4.022561,-79.226060,Via Loja - Catamayo,CON_LESIONADOS,Caida,Exceso de velocidad,25,LESIONADO,HOMBRE,OTRO,,,,,,,,
2022-05-01 12:54:36,-4.024583,-79.221716,Calle Bolivar,SOLO_DANOS,Volcamiento,Exceso de velocidad,,,,,,,,,,,,
2022-08-21 01:21:57,-4.001771,-79.227502,Av. Isidro Ayora,CON_FALLECIDOS,Volcamiento,Fatiga del conductor,27,FALLECIDO,MUJER,VEH_LIVIANO,56,FALLECIDO,HOMBRE,SCOOTER,,,,
2022-06-06 23:19:54,-4.011121,-79.212563,Via Loja - Zamora,SOLO_DANOS,Accidente Laboral,Exceso de velocidad,,,,,,,,,,,,
2022-04-15 16:46:15,-4.001177,-79.205694,Calle Bolivar,CON_LESIONADOS,Colision Multiple,Factores externos,15,LESIONADO,HOMBRE,PEATON,39,LESIONADO,HOMBRE,OTRO,,,,
2022-11-22 11:24:43,-4.011649,-79.196149,Av. Metropolitana,CON_LESIONADOS,Caida,Exceso de velocidad,53,LESIONADO,NO_REGISTRA,SCOOTER,35,LESIONADO,HOMBRE,PEATON,61,LESIONADO,NO_REGISTRA,SCOOTER
2022-02-07 01:19:31,-4.028428,-79.201930,Calle Ramon Borrero,CON_FALLECIDOS,Colision Multiple,Inobservancia de senales,52,FALLECIDO,MUJER,VEH_LIVIANO,41,FALLECIDO,NO_REGISTRA,PEATON,58,LESIONADO,HOMBRE,OTRO
2022-08-02 20:45:48,-3.993963,-79.179491,Av. Cuxibamba,CON_FALLECIDOS,Volcamiento,Imprudencia del conductor,51,FALLECIDO,HOMBRE,SCOOTER,82,FALLECIDO,MUJER,OTRO,,,,
2022-04-09 00:35:20,-3.982026,-79.171859,Calle Quito,SOLO_DANOS,Choque Vehicular,Via resbaladiza o mojada,,,,,,,,,,,,
2022-12-19 07:02:09,-3.995621,-79.172427,Ruta 35,SOLO_DANOS,Incendio,Equipo de seguridad deficiente,,,,,,,,,,,,
2022-06-22 14:28:16,-4.006053,-79.213098,Av. Manuel Agustin Aguirre,CON_LESIONADOS,Caida,Equipo de seguridad deficiente,45,LESIONADO,NO_REGISTRA,OTRO,68,LESIONADO,NO_REGISTRA,PEATON,,,,
2022-02-26 00:59:04,-3.988670,-79.198279,Calle Montufar,CON_LESIONADOS,Volcamiento,Exceso de velocidad,70,LESIONADO,MUJER,OTRO,67,LESIONADO,HOMBRE,OTRO,71,LESIONADO,MUJER,CICLISTA
2022-08-30 19:47:37,-4.025499,-79.218287,Calle 10 de Agosto,CON_LESIONADOS,Choque Vehicular,Fatiga del conductor,26,LESIONADO,MUJER,SCOOTER,,,,,,,,
2022-01-17 14:44:00,-4.009796,-79.178341,Av. Manuel Agustin Aguirre,CON_LESIONADOS,Atropellamiento,Falla mecanica,17,LESIONADO,HOMBRE,MOTOCICLETA,,,,,,,,
2022-07-15 12:19:17,-3.987389,-79.188257,Calle 10 de Agosto,SOLO_DANOS,Incendio,Falla mecanica,,,,,,,,,,,,
2022-06-10 03:28:39,-4.014511,-79.202443,Av. Metropolitana,SOLO_DANOS,Incendio,Fatiga del conductor,,,,,,,,,,,,
2022-05-20 00:12:05,-4.026865,-79.197574,Av. Pio Jaramillo,CON_LESIONADOS,Incendio,Via resbaladiza o mojada,62,LESIONADO,HOMBRE,SCOOTER,35,LESIONADO,NO_REGISTRA,CICLISTA,,,,
2022-01-06 15:27:36,-4.016233,-79.179002,Calle Saraguro,CON_FALLECIDOS,Atropellamiento,Inobservancia de senales,54,FALLECIDO,HOMBRE,PEATON,23,FALLECIDO,NO_REGISTRA,SCOOTER,49,LESIONADO,HOMBRE,MOTOCICLETA
2022-10-25 17:19:34,-4.010233,-79.192923,Via Loja - Catamayo,CON_FALLECIDOS,Incendio,Distraccion (celular/radio),64,FALLECIDO,HOMBRE,PEATON,,,,,,,,
2022-01-25 15:30:36,-4.026370,-79.224529,Calle Ramon Borrero,CON_LESIONADOS,Volcamiento,Factores externos,20,LESIONADO,HOMBRE,MOTOCICLETA,57,LESIONADO,HOMBRE,OTRO,,,,
2022-02-26 00:14:17,-3.979887,-79.223207,Calle Miguel Riofrio,SOLO_DANOS,Volcamiento,Mal estado de la via,,,,,,,,,,,,
2022-11-29 15:21:04,-4.013195,-79.196435,Av. Rosa Hermosa,CON_LESIONADOS,Accidente Laboral,Fatiga del conductor,35,LESIONADO,MUJER,PEATON,7,LESIONADO,MUJER,MOTOCICLETA,,,,
2022-09-06 06:33:08,-3.994627,-79.206588,Av. Cuxibamba,SOLO_DANOS,Accidente Laboral,Falla mecanica,,,,,,,,,,,,
2022-08-01 13:27:21,-3.993130,-79.209451,Calle Azogues,SOLO_DANOS,Incendio,Mal estado de la via,,,,,,,,,,,,
2022-11-28 02:55:46,-4.014804,-79.183323,Calle Colon,CON_FALLECIDOS,Incendio,Visibilidad reducida,60,FALLECIDO,MUJER,PEATON,50,LESIONADO,HOMBRE,PEATON,,,,
2022-09-20 15:12:15,-3.997730,-79.196506,Ruta 35,CON_LESIONADOS,Incendio,Estado de embriaguez,21,LESIONADO,NO_REGISTRA,CICLISTA,,,,,,,,
2022-03-24 00:48:29,-4.013963,-79.186530,Av. Metropolitana,SOLO_DANOS,Incendio,Falla mecanica,,,,,,,,,,,,
2022-01-04 20:20:25,-3.980688,-79.212667,Calle Montufar,CON_LESIONADOS,Accidente Laboral,Factores externos,14,LESIONADO,MUJER,OTRO,58,LESIONADO,MUJER,CICLISTA,,,,
2022-08-02 08:34:19,-4.027362,-79.195740,Calle Bolivar,SOLO_DANOS,Volcamiento,Exceso de velocidad,,,,,,,,,,,,
2022-02-18 22:00:18,-4.029306,-79.225515,Calle Azogues,CON_FALLECIDOS,Accidente Laboral,Fatiga del conductor,78,FALLECIDO,MUJER,OTRO,10,LESIONADO,NO_REGISTRA,CICLISTA,25,LESIONADO,NO_REGISTRA,PEATON
2022-03-13 00:14:51,-3.998353,-79.202278,Av. Reinaldo Espinosa,SOLO_DANOS,Caida,Distraccion (celular/radio),,,,,,,,,,,,
2022-02-18 07:08:35,-4.011597,-79.198638,Av. 8 de Diciembre,SOLO_DANOS,Atropellamiento,Visibilidad reducida,,,,,,,,,,,,
2022-07-13 11:24:36,-4.005771,-79.215009,Av. Cuxibamba,CON_FALLECIDOS,Accidente Laboral,Via resbaladiza o mojada,71,FALLECIDO,NO_REGISTRA,OTRO,38,FALLECIDO,MUJER,SCOOTER,,,,
2022-04-03 08:44:43,-4.003321,-79.208717,Av. Universitaria,CON_FALLECIDOS,Accidente Laboral,Fatiga del conductor,18,FALLECIDO,HOMBRE,SCOOTER,,,,,,,,
2022-01-28 21:53:17,-4.028725,-79.229020,Av. Reinaldo Espinosa,CON_LESIONADOS,Colision Multiple,Estado de embriaguez,43,LESIONADO,NO_REGISTRA,CICLISTA,36,LESIONADO,NO_REGISTRA,OTRO,33,LESIONADO,HOMBRE,SCOOTER
2022-07-06 13:07:09,-4.002125,-79.218798,Av. Orillas del Zamora,CON_LESIONADOS,Incendio,Fatiga del conductor,13,LESIONADO,MUJER,CICLISTA,50,LESIONADO,MUJER,CICLISTA,44,LESIONADO,MUJER,MOTOCICLETA
2022-09-16 01:10:25,-3.998429,-79.226215,Av. Pio Jaramillo,SOLO_DANOS,Volcamiento,Mal estado de la via,,,,,,,,,,,,
2022-08-05 21:53:25,-4.036369,-79.175526,Av. Cuxibamba,CON_FALLECIDOS,Colision Multiple,Distraccion (celular/radio),69,FALLECIDO,MUJER,OTRO,71,LESIONADO,MUJER,SCOOTER,,,,
2022-05-31 18:03:40,-3.989745,-79.197192,Calle Saraguro,CON_LESIONADOS,Colision Multiple,Exceso de velocidad,64,LESIONADO,NO_REGISTRA,OTRO,,,,,,,,
2022-09-01 00:06:16,-4.014140,-79.205327,Av. Cuxibamba,CON_FALLECIDOS,Colision Multiple,Imprudencia del conductor,30,FALLECIDO,NO_REGISTRA,SCOOTER,61,LESIONADO,MUJER,VEH_LIVIANO,,,,
2022-10-08 03:14:18,-3.990593,-79.194224,Av. 8 de Diciembre,CON_FALLECIDOS,Caida,Equipo de seguridad deficiente,84,FALLECIDO,HOMBRE,MOTOCICLETA,77,FALLECIDO,HOMBRE,PEATON,69,LESIONADO,MUJER,PEATON
2022-12-20 02:48:43,-4.015047,-79.180025,Via Loja - Zamora,SOLO_DANOS,Colision Multiple,Distraccion (celular/radio),27,LESIONADO,MUJER,MOTOCICLETA,,,,,,,,
2022-04-30 03:00:30,-4.009063,-79.181739,Av. 8 de Diciembre,CON_LESIONADOS,Choque Vehicular,Equipo de seguridad deficiente,20,LESIONADO,MUJER,PEATON,,,,,,,,
2022-12-23 09:15:22,-4.005928,-79.224233,Av. Reinaldo Espinosa,SOLO_DANOS,Volcamiento,Imprudencia del conductor,,,,,,,,,,,,
2022-02-17 11:44:50,-4.026494,-79.179780,Calle 18 de Noviembre,CON_FALLECIDOS,Colision Multiple,Distraccion (celular/radio),70,FALLECIDO,NO_REGISTRA,OTRO,27,FALLECIDO,NO_REGISTRA,SCOOTER,55,LESIONADO,MUJER,CICLISTA
2022-05-09 18:10:02,-4.021564,-79.224826,Calle Saraguro,SOLO_DANOS,Choque Vehicular,Fatiga del conductor,,,,,,,,,,,,
2022-10-11 20:24:27,-4.032030,-79.224687,Av. Metropolitana,CON_FALLECIDOS,Atropellamiento,Equipo de seguridad deficiente,20,FALLECIDO,HOMBRE,SCOOTER,,,,,,,,
2022-06-28 07:40:19,-4.007991,-79.208298,Calle Rocafuerte,SOLO_DANOS,Accidente Laboral,Factores externos,,,,,,,,,,,,
2022-08-02 04:01:19,-4.032382,-79.213550,Calle Montufar,SOLO_DANOS,Volcamiento,Visibilidad reducida,,,,,,,,,,,,
2022-11-26 00:24:38,-3.985092,-79.183609,Calle Ramon Borrero,SOLO_DANOS,Atropellamiento,Via resbaladiza o mojada,22,LESIONADO,NO_REGISTRA,VEH_LIVIANO,,,,,,,,
2022-12-25 23:06:21,-4.027888,-79.193242,Calle Sucre,CON_LESIONADOS,Accidente Laboral,Distraccion (celular/radio),73,LESIONADO,HOMBRE,PEATON,14,LESIONADO,NO_REGISTRA,PEATON,17,LESIONADO,MUJER,OTRO
2022-03-09 05:40:39,-4.003441,-79.222995,Av. Pio Jaramillo,CON_LESIONADOS,Choque Vehicular,Inobservancia de senales,68,LESIONADO,HOMBRE,PEATON,57,LESIONADO,NO_REGISTRA,OTRO,30,LESIONADO,MUJER,CICLISTA
2022-07-16 12:40:11,-3.982536,-79.224974,Calle Montufar,CON_LESIONADOS,Incendio,Distraccion (celular/radio),6,LESIONADO,HOMBRE,SCOOTER,,,,,,,,
2022-12-05 16:32:01,-4.032933,-79.198396,Calle Quito,CON_LESIONADOS,Accidente Laboral,Mal estado de la via,22,LESIONADO,MUJER,CICLISTA,9,LESIONADO,MUJER,VEH_LIVIANO,,,,
2022-05-03 11:33:28,-3.998885,-79.175427,Calle Ramon Borrero,CON_FALLECIDOS,Caida,Estado de embriaguez,38,FALLECIDO,HOMBRE,SCOOTER,48,FALLECIDO,NO_REGISTRA,SCOOTER,27,LESIONADO,NO_REGISTRA,MOTOCICLETA
2022-02-01 08:17:01,-4.017711,-79.174785,Av. Manuel Agustin Aguirre,CON_FALLECIDOS,Incendio,Exceso de velocidad,42,FALLECIDO,MUJER,PEATON,22,FALLECIDO,MUJER,CICLISTA,,,,
2022-06-08 18:36:06,-3.979626,-79.211475,Av. Reinaldo Espinosa,CON_FALLECIDOS,Atropellamiento,Fatiga del conductor,43,FALLECIDO,HOMBRE,SCOOTER,79,FALLECIDO,NO_REGISTRA,MOTOCICLETA,31,LESIONADO,HOMBRE,SCOOTER
2022-02-01 20:44:37,-4.025549,-79.209285,Calle 10 de Agosto,CON_LESIONADOS,Incendio,Estado de embriaguez,26,LESIONADO,HOMBRE,MOTOCICLETA,,,,,,,,
2022-07-10 02:29:53,-4.001402,-79.187806,Calle 18 de Noviembre,SOLO_DANOS,Atropellamiento,Estado de embriaguez,,,,,,,,,,,,
2022-09-03 22:35:36,-3.998277,-79.229431,Calle Mercadillo,CON_FALLECIDOS,Caida,Mal estado de la via,34,FALLECIDO,HOMBRE,CICLISTA,41,FALLECIDO,NO_REGISTRA,MOTOCICLETA,18,LESIONADO,MUJER,SCOOTER
2022-12-31 02:45:50,-3.989356,-79.183734,Calle Imbabura,CON_LESIONADOS,Volcamiento,Exceso de velocidad,23,LESIONADO,NO_REGISTRA,PEATON,37,LESIONADO,HOMBRE,OTRO,6,LESIONADO,NO_REGISTRA,CICLISTA
2022-04-15 14:34:04,-3.986992,-79.228537,Av. Metropolitana,SOLO_DANOS,Accidente Laboral,Equipo de seguridad deficiente,,,,,,,,,,,,
2022-03-10 17:52:06,-4.023574,-79.222875,Calle Rocafuerte,CON_LESIONADOS,Colision Multiple,Fatiga del conductor,29,LESIONADO,HOMBRE,CICLISTA,29,LESIONADO,HOMBRE,PEATON,26,LESIONADO,HOMBRE,MOTOCICLETA
2022-02-25 09:46:10,-3.978154,-79.191934,Via Loja - Catamayo,CON_LESIONADOS,Accidente Laboral,Visibilidad reducida,77,LESIONADO,NO_REGISTRA,SCOOTER,36,LESIONADO,MUJER,VEH_LIVIANO,68,LESIONADO,MUJER,SCOOTER
2022-08-13 06:04:45,-4.006750,-79.215836,Av. Pio Jaramillo,CON_LESIONADOS,Choque Vehicular,Visibilidad reducida,37,LESIONADO,NO_REGISTRA,VEH_LIVIANO,64,LESIONADO,NO_REGISTRA,PEATON,,,,
2022-04-28 19:15:03,-4.027225,-79.203727,Calle Imbabura,SOLO_DANOS,Atropellamiento,Imprudencia del conductor,,,,,,,,,,,,
2022-01-25 18:57:45,-3.979465,-79.174891,Av. Isidro Ayora,SOLO_DANOS,Choque Vehicular,Distraccion (celular/radio),,,,,,,,,,,,
2022-07-29 01:19:13,-4.017669,-79.198550,Av. 8 de Diciembre,CON_LESIONADOS,Choque Vehicular,Visibilidad reducida,32,LESIONADO,MUJER,SCOOTER,,,,,,,,
2022-07-12 22:25:19,-4.033168,-79.179321,Via Loja - Zamora,CON_FALLECIDOS,Accidente Laboral,Visibilidad reducida,66,FALLECIDO,NO_REGISTRA,CICLISTA,,,,,,,,
2022-04-26 13:41:41,-4.005323,-79.175206,Av. Cuxibamba,CON_FALLECIDOS,Accidente Laboral,Mal estado de la via,52,FALLECIDO,MUJER,SCOOTER,52,LESIONADO,MUJER,PEATON,46,LESIONADO,NO_REGISTRA,VEH_LIVIANO
2022-12-14 17:56:06,-3.988503,-79.171227,Via Loja - Zamora,CON_LESIONADOS,Caida,Visibilidad reducida,7,LESIONADO,MUJER,OTRO,25,LESIONADO,HOMBRE,PEATON,,,,
2022-10-08 23:22:17,-4.034339,-79.181919,Av. Universitaria,CON_LESIONADOS,Volcamiento,Imprudencia del conductor,21,LESIONADO,MUJER,OTRO,,,,,,,,
2022-11-17 07:43:01,-3.986038,-79.221097,Calle Miguel Riofrio,CON_FALLECIDOS,Volcamiento,Inobservancia de senales,25,FALLECIDO,NO_REGISTRA,OTRO,,,,,,,,
2022-09-22 22:27:48,-4.031226,-79.211241,Via Loja - Zamora,CON_LESIONADOS,Caida,Inobservancia de senales,10,LESIONADO,MUJER,MOTOCICLETA,,,,,,,,
2022-05-05 22:06:07,-4.016341,-79.207158,Calle Miguel Riofrio,CON_LESIONADOS,Incendio,Fatiga del conductor,48,LESIONADO,NO_REGISTRA,MOTOCICLETA,,,,,,,,
2022-02-23 18:03:59,-3.983906,-79.199072,Calle Bolivar,CON_LESIONADOS,Atropellamiento,Factores externos,46,LESIONADO,MUJER,OTRO,,,,,,,,
2022-08-11 17:48:18,-4.009303,-79.178811,Av. Manuel Agustin Aguirre,SOLO_DANOS,Atropellamiento,Mal estado de la via,,,,,,,,,,,,
2022-11-12 09:45:20,-4.010913,-79.178507,Calle 10 de Agosto,CON_FALLECIDOS,Caida,Mal estado de la via,83,FALLECIDO,NO_REGISTRA,PEATON,53,LESIONADO,MUJER,SCOOTER,,,,
2022-05-24 16:17:04,-4.006748,-79.201282,Calle 10 de Agosto,CON_FALLECIDOS,Volcamiento,Falla mecanica,42,FALLECIDO,MUJER,VEH_LIVIANO,65,FALLECIDO,MUJER,PEATON,40,LESIONADO,HOMBRE,MOTOCICLETA
2022-01-14 02:36:13,-3.991492,-79.177338,Av. Pio Jaramillo,SOLO_DANOS,Colision Multiple,Fatiga del conductor,,,,,,,,,,,,
2022-10-28 07:46:19,-4.003314,-79.212374,Calle Rocafuerte,CON_LESIONADOS,Atropellamiento,Imprudencia del conductor,65,LESIONADO,NO_REGISTRA,PEATON,,,,,,,,
2022-04-10 01:32:51,-4.015901,-79.215352,Calle Ramon Borrero,CON_FALLECIDOS,Volcamiento,Mal estado de la via,39,FALLECIDO,NO_REGISTRA,SCOOTER,12,LESIONADO,NO_REGISTRA,VEH_LIVIANO,68,LESIONADO,MUJER,PEATON
2022-10-15 21:33:22,-4.031241,-79.216572,Av. Isidro Ayora,CON_LESIONADOS,Choque Vehicular,Via resbaladiza o mojada,79,LESIONADO,MUJER,CICLISTA,35,LESIONADO,NO_REGISTRA,VEH_LIVIANO,,,,
2022-09-26 05:44:11,-3.985286,-79.184539,Av. Cuxibamba,SOLO_DANOS,Volcamiento,Inobservancia de senales,,,,,,,,,,,,
2022-06-10 23:08:06,-4.003932,-79.225487,Av. 8 de Diciembre,CON_LESIONADOS,Colision Multiple,Distraccion (celular/radio),78,LESIONADO,NO_REGISTRA,PEATON,16,LESIONADO,HOMBRE,VEH_LIVIANO,73,LESIONADO,MUJER,CICLISTA
2022-11-02 17:20:52,-4.002516,-79.178704,Via Loja - Catamayo,SOLO_DANOS,Volcamiento,Via resbaladiza o mojada,,,,,,,,,,,,
2022-04-13 02:42:35,-4.008340,-79.199006,Av. Universitaria,SOLO_DANOS,Colision Multiple,Distraccion (celular/radio),56,LESIONADO,NO_REGISTRA,SCOOTER,,,,,,,,
2022-04-13 03:37:37,-4.003332,-79.207551,Calle Miguel Riofrio,SOLO_DANOS,Caida,Falla mecanica,,,,,,,,,,,,
2022-02-03 10:28:47,-3.977036,-79.173346,Calle Miguel Riofrio,SOLO_DANOS,Accidente Laboral,Fatiga del conductor,,,,,,,,,,,,