fecha_hora,latitud,longitud,via,grado_severidad,tipo_siniestro,causa_probable,victima1_edad,victima1_condicion,victima1_sexo,victima1_actor_vial,victima2_edad,victima2_condicion,victima2_sexo,victima2_actor_vial,victima3_edad,victima3_condicion,victima3_sexo,victima3_actor_vial
2022-06-18 06:01:16,-3.978538,-79.208130,Calle Montufar,SOLO_DANOS,Caida,Falla mecanica,,,,,,,,,,,,
2022-03-23 19:14:46,-3.984748,-79.188483,Calle Montufar,CON_LESIONADOS,Incendio,Factores externos,8,LESIONADO,MUJER,CICLISTA,21,LESIONADO,NO_REGISTRA,SCOOTER,5,LESIONADO,MUJER,OTRO
2022-10-22 00:24:42,-4.004006,-79.173809,Calle Saraguro,SOLO_DANOS,Volcamiento,Distraccion (celular/radio),51,LESIONADO,MUJER,SCOOTER,,,,,,,,
2022-11-27 19:49:54,-4.010462,-79.230833,Calle 10 de Agosto,CON_LESIONADOS,Colision Multiple,Exceso de velocidad,21,LESIONADO,NO_REGISTRA,MOTOCICLETA,17,LESIONADO,NO_REGISTRA,PEATON,55,LESIONADO,HOMBRE,CICLISTA
2022-10-08 14:00:31,-3.983455,-79.175771,Calle Quito,CON_LESIONADOS,Atropellamiento,Equipo de seguridad deficiente,36,LESIONADO,NO_REGISTRA,SCOOTER,,,,,,,,
2022-09-29 20:10:49,-3.988268,-79.183338,Av. Cuxibamba,CON_LESIONADOS,Volcamiento,Exceso de velocidad,75,LESIONADO,HOMBRE,PEATON,,,,,,,,
2022-09-25 16:43:25,-3.998438,-79.175908,Calle Sucre,CON_LESIONADOS,Colision Multiple,Estado de embriaguez,53,LESIONADO,NO_REGISTRA,SCOOTER,,,,,,,,
2022-08-18 22:40:42,-4.033717,-79.199919,Calle 18 de Noviembre,CON_LESIONADOS,Incendio,Imprudencia del conductor,61,LESIONADO,HOMBRE,OTRO,77,LESIONADO,MUJER,PEATON,8,LESIONADO,NO_REGISTRA,PEATON
2022-05-25 03:20:43,-3.978865,-79.179309,Calle Miguel Riofrio,CON_FALLECIDOS,Volcamiento,Mal estado de la via,79,FALLECIDO,HOMBRE,MOTOCICLETA,82,FALLECIDO,HOMBRE,CICLISTA,41,LESIONADO,HOMBRE,SCOOTER
2022-05-15 18:59:58,-4.014978,-79.180189,Av. Metropolitana,CON_LESIONADOS,Choque Vehicular,Equipo de seguridad deficiente,67,LESIONADO,HOMBRE,MOTOCICLETA,,,,,,,,
2022-02-15 12:15:42,-4.029678,-79.201336,Av. Universitaria,CON_FALLECIDOS,Choque Vehicular,Mal estado de la via,41,FALLECIDO,HOMBRE,OTRO,39,FALLECIDO,HOMBRE,PEATON,30,LESIONADO,HOMBRE,CICLISTA
2022-03-13 03:45:32,-3.978109,-79.175234,Calle 10 de Agosto,CON_LESIONADOS,Incendio,Exceso de velocidad,26,LESIONADO,HOMBRE,MOTOCICLETA,67,LESIONADO,NO_REGISTRA,PEATON,44,LESIONADO,HOMBRE,MOTOCICLETA
2022-05-06 21:30:21,-3.988895,-79.205203,Av. Gran Colombia,CON_LESIONADOS,Incendio,Imprudencia del conductor,10,LESIONADO,NO_REGISTRA,MOTOCICLETA,25,LESIONADO,NO_REGISTRA,SCOOTER,,,,
2022-08-08 18:14:06,-4.006487,-79.179549,Av. Universitaria,CON_LESIONADOS,Volcamiento,Distraccion (celular/radio),15,LESIONADO,NO_REGISTRA,VEH_LIVIANO,30,LESIONADO,NO_REGISTRA,CICLISTA,,,,
2022-10-15 18:58:51,-4.019339,-79.183134,Via Loja - Catamayo,CON_FALLECIDOS,Colision Multiple,Fatiga del conductor,64,FALLECIDO,NO_REGISTRA,PEATON,52,LESIONADO,NO_REGISTRA,CICLISTA,,,,
2022-05-11 05:06:06,-4.036481,-79.175252,Calle Montufar,CON_FALLECIDOS,Volcamiento,Fatiga del conductor,33,FALLECIDO,MUJER,PEATON,,,,,,,,
2022-03-21 17:04:45,-4.018124,-79.171799,Av. Gran Colombia,SOLO_DANOS,Volcamiento,Inobservancia de senales,,,,,,,,,,,,
2022-06-22 03:35:01,-4.014184,-79.229773,Calle Mercadillo,SOLO_DANOS,Volcamiento,Mal estado de la via,,,,,,,,,,,,
2022-09-05 22:59:18,-3.978538,-79.223691,Av. Manuel Agustin Aguirre,CON_FALLECIDOS,Colision Multiple,Falla mecanica,59,FALLECIDO,MUJER,CICLISTA,22,LESIONADO,MUJER,VEH_LIVIANO,6,LESIONADO,MUJER,MOTOCICLETA
2022-04-22 12:50:07,-3.984967,-79.211265,Av. Reinaldo Espinosa,SOLO_DANOS,Incendio,Equipo de seguridad deficiente,,,,,,,,,,,,
2022-04-07 18:24:17,-4.021797,-79.221538,Calle 18 de Noviembre,CON_FALLECIDOS,Volcamiento,Mal estado de la via,38,FALLECIDO,NO_REGISTRA,SCOOTER,75,FALLECIDO,MUJER,MOTOCICLETA,,,,
2022-04-12 07:39:46,-4.003208,-79.210997,Calle 18 de Noviembre,SOLO_DANOS,Caida,Estado de embriaguez,,,,,,,,,,,,
2022-02-26 18:05:34,-4.026812,-79.208983,Av. Metropolitana,CON_FALLECIDOS,Atropellamiento,Via resbaladiza o mojada,27,FALLECIDO,HOMBRE,MOTOCICLETA,14,LESIONADO,HOMBRE,OTRO,,,,
2022-12-19 11:23:41,-4.031748,-79.198302,Ruta 35,CON_FALLECIDOS,Choque Vehicular,Inobservancia de senales,48,FALLECIDO,HOMBRE,PEATON,53,FALLECIDO,HOMBRE,VEH_LIVIANO,7,LESIONADO,HOMBRE,SCOOTER
2022-06-01 04:36:40,-4.019128,-79.190419,Ruta 35,SOLO_DANOS,Choque Vehicular,Estado de embriaguez,,,,,,,,,,,,
2022-02-11 00:11:42,-3.982651,-79.184644,Av. Isidro Ayora,CON_LESIONADOS,Incendio,Inobservancia de senales,35,LESIONADO,NO_REGISTRA,OTRO,,,,,,,,
2022-09-27 19:25:18,-4.009210,-79.220853,Av. Orillas del Zamora,CON_FALLECIDOS,Volcamiento,Factores externos,73,FALLECIDO,MUJER,SCOOTER,49,FALLECIDO,NO_REGISTRA,CICLISTA,,,,
2022-11-19 16:14:35,-4.019239,-79.196102,Calle Ramon Borrero,SOLO_DANOS,Volcamiento,Visibilidad reducida,62,LESIONADO,HOMBRE,OTRO,,,,,,,,
2022-04-10 15:29:32,-4.009623,-79.224570,Av. Isidro Ayora,CON_FALLECIDOS,Choque Vehicular,Falla mecanica,66,FALLECIDO,NO_REGISTRA,CICLISTA,67,FALLECIDO,NO_REGISTRA,CICLISTA,46,LESIONADO,HOMBRE,OTRO
2022-12-30 17:16:43,-3.977054,-79.211609,Av. Reinaldo Espinosa,SOLO_DANOS,Accidente Laboral,Fatiga del conductor,,,,,,,,,,,,
2022-03-27 19:52:43,-4.031408,-79.192071,Av. Rosa Hermosa,CON_FALLECIDOS,Atropellamiento,Inobservancia de senales,49,FALLECIDO,NO_REGISTRA,PEATON,,,,,,,,
2022-09-01 15:18:08,-4.024594,-79.224731,Calle 10 de Agosto,CON_FALLECIDOS,Accidente Laboral,Inobservancia de senales,45,FALLECIDO,HOMBRE,CICLISTA,7,LESIONADO,MUJER,PEATON,73,LESIONADO,NO_REGISTRA,SCOOTER
2022-11-05 19:01:21,-3.987965,-79.193656,Av. Isidro Ayora,CON_LESIONADOS,Choque Vehicular,Fatiga del conductor,20,LESIONADO,NO_REGISTRA,CICLISTA,,,,,,,,
2022-03-28 19:20:05,-4.023819,-79.216814,Av. Cuxibamba,CON_FALLECIDOS,Incendio,Exceso de velocidad,85,FALLECIDO,NO_REGISTRA,MOTOCICLETA,17,LESIONADO,NO_REGISTRA,OTRO,50,LESIONADO,HOMBRE,PEATON
2022-03-20 02:00:45,-4.022185,-79.175439,Calle 10 de Agosto,CON_LESIONADOS,Atropellamiento,Via resbaladiza o mojada,53,LESIONADO,MUJER,PEATON,21,LESIONADO,MUJER,PEATON,,,,
2022-03-30 05:53:44,-3.987361,-79.219947,Calle Saraguro,SOLO_DANOS,Caida,Fatiga del conductor,,,,,,,,,,,,
2022-08-17 14:40:31,-4.002340,-79.200159,Calle Azogues,CON_LESIONADOS,Accidente Laboral,Exceso de velocidad,61,LESIONADO,MUJER,PEATON,28,LESIONADO,HOMBRE,MOTOCICLETA,,,,
2022-09-01 02:48:28,-4.024966,-79.171502,Calle Ramon Borrero,CON_FALLECIDOS,Choque Vehicular,Mal estado de la via,39,FALLECIDO,MUJER,OTRO,62,FALLECIDO,NO_REGISTRA,SCOOTER,60,LESIONADO,HOMBRE,MOTOCICLETA
2022-12-25 09:52:16,-4.017944,-79.195909,Av. Pio Jaramillo,SOLO_DANOS,Incendio,Via resbaladiza o mojada,,,,,,,,,,,,
2022-05-19 15:19:40,-3.993384,-79.214400,Calle Sucre,SOLO_DANOS,Colision Multiple,Inobservancia de senales,,,,,,,,,,,,
2022-10-18 12:21:06,-4.034378,-79.223517,Av. Reinaldo Espinosa,CON_LESIONADOS,Atropellamiento,Distraccion (celular/radio),76,LESIONADO,HOMBRE,PEATON,,,,,,,,
2022-12-23 17:30:45,-3.986090,-79.206988,Av. Cuxibamba,SOLO_DANOS,Accidente Laboral,Equipo de seguridad deficiente,,,,,,,,,,,,
2022-02-22 10:22:53,-4.031423,-79.225562,Via Loja - Zamora,CON_LESIONADOS,Caida,Visibilidad reducida,50,LESIONADO,MUJER,MOTOCICLETA,21,LESIONADO,MUJER,MOTOCICLETA,11,LESIONADO,NO_REGISTRA,OTRO
2022-04-07 13:54:16,-4.019928,-79.222762,Av. Manuel Agustin Aguirre,SOLO_DANOS,Volcamiento,Inobservancia de senales,50,LESIONADO,NO_REGISTRA,PEATON,,,,,,,,
2022-08-09 22:28:09,-4.002811,-79.212215,Av. 8 de Diciembre,CON_LESIONADOS,Volcamiento,Factores externos,47,LESIONADO,MUJER,PEATON,,,,,,,,
2022-12-17 06:43:18,-3.997743,-79.202359,Via Loja - Zamora,CON_FALLECIDOS,Caida,Equipo de seguridad deficiente,23,FALLECIDO,HOMBRE,PEATON,70,FALLECIDO,HOMBRE,PEATON,80,LESIONADO,MUJER,MOTOCICLETA
2022-11-22 19:53:21,-4.033081,-79.208534,Av. Manuel Agustin Aguirre,SOLO_DANOS,Accidente Laboral,Estado de embriaguez,,,,,,,,,,,,
2022-02-08 09:27:59,-4.024551,-79.222581,Calle Saraguro,CON_FALLECIDOS,Caida,Factores externos,45,FALLECIDO,NO_REGISTRA,OTRO,,,,,,,,
2022-03-15 18:48:29,-3.980331,-79.209175,Av. Reinaldo Espinosa,CON_LESIONADOS,Accidente Laboral,Visibilidad reducida,49,LESIONADO,MUJER,OTRO,30,LESIONADO,NO_REGISTRA,PEATON,,,,
2022-06-04 04:19:56,-3.994493,-79.211469,Av. Reinaldo Espinosa,SOLO_DANOS,Atropellamiento,Exceso de velocidad,,,,,,,,,,,,
2022-10-07 14:22:33,-4.003087,-79.223667,Calle Azogues,CON_LESIONADOS,Caida,Visibilidad reducida,77,LESIONADO,HOMBRE,MOTOCICLETA,,,,,,,,
2022-04-25 07:52:05,-4.024362,-79.187946,Ruta 35,SOLO_DANOS,Volcamiento,Mal estado de la via,25,LESIONADO,HOMBRE,MOTOCICLETA,,,,,,,,
2022-08-03 13:40:43,-3.996373,-79.180010,Calle Imbabura,SOLO_DANOS,Colision Multiple,Mal estado de la via,,,,,,,,,,,,
2022-03-27 16:57:58,-4.020284,-79.198316,Av. Manuel Agustin Aguirre,CON_LESIONADOS,Atropellamiento,Falla mecanica,67,LESIONADO,NO_REGISTRA,SCOOTER,,,,,,,,
2022-08-18 23:02:47,-4.018663,-79.172616,Via Loja - Zamora,CON_LESIONADOS,Choque Vehicular,Mal estado de la via,13,LESIONADO,MUJER,VEH_LIVIANO,,,,,,,,
2022-05-04 08:16:32,-4.031514,-79.217964,Calle Imbabura,CON_LESIONADOS,Volcamiento,Inobservancia de senales,21,LESIONADO,NO_REGISTRA,OTRO,44,LESIONADO,MUJER,CICLISTA,26,LESIONADO,HOMBRE,SCOOTER
2022-09-29 14:26:24,-4.021840,-79.172839,Calle Mercadillo,CON_LESIONADOS,Choque Vehicular,Imprudencia del conductor,38,LESIONADO,HOMBRE,VEH_LIVIANO,68,LESIONADO,HOMBRE,MOTOCICLETA,70,LESIONADO,NO_REGISTRA,SCOOTER
2022-06-23 20:58:06,-4.026918,-79.216446,Av. Metropolitana,CON_LESIONADOS,Incendio,Exceso de velocidad,74,LESIONADO,MUJER,OTRO,78,LESIONADO,NO_REGISTRA,VEH_LIVIANO,24,LESIONADO,MUJER,MOTOCICLETA
2022-05-04 18:42:25,-4.018462,-79.173663,Via Loja - Catamayo,CON_FALLECIDOS,Caida,Estado de embriaguez,68,FALLECIDO,NO_REGISTRA,CICLISTA,40,LESIONADO,MUJER,VEH_LIVIANO,,,,
2022-07-20 17:14:04,-3.999220,-79.228418,Calle Sucre,SOLO_DANOS,Colision Multiple,Exceso de velocidad,26,LESIONADO,HOMBRE,PEATON,,,,,,,,
2022-05-05 21:04:33,-3.995424,-79.194278,Calle Miguel Riofrio,CON_LESIONADOS,Caida,Fatiga del conductor,79,LESIONADO,NO_REGISTRA,VEH_LIVIANO,39,LESIONADO,MUJER,SCOOTER,55,LESIONADO,MUJER,OTRO
2022-01-26 13:24:52,-4.030493,-79.206529,Via Loja - Zamora,CON_LESIONADOS,Choque Vehicular,Distraccion (celular/radio),56,LESIONADO,NO_REGISTRA,MOTOCICLETA,78,LESIONADO,NO_REGISTRA,VEH_LIVIANO,39,LESIONADO,HOMBRE,VEH_LIVIANO
2022-02-16 18:56:26,-4.023135,-79.188983,Av. Cuxibamba,CON_LESIONADOS,Caida,Factores externos,63,LESIONADO,MUJER,VEH_LIVIANO,27,LESIONADO,MUJER,MOTOCICLETA,23,LESIONADO,MUJER,VEH_LIVIANO
2022-04-04 12:48:55,-4.031942,-79.213860,Av. Metropolitana,CON_LESIONADOS,Accidente Laboral,Falla mecanica,10,LESIONADO,MUJER,OTRO,77,LESIONADO,MUJER,CICLISTA,50,LESIONADO,HOMBRE,OTRO
2022-08-01 10:01:49,-4.031936,-79.175460,Av. Isidro Ayora,SOLO_DANOS,Accidente Laboral,Distraccion (celular/radio),,,,,,,,,,,,
2022-01-01 02:36:37,-4.012846,-79.226523,Calle Quito,CON_LESIONADOS,Volcamiento,Imprudencia del conductor,60,LESIONADO,NO_REGISTRA,MOTOCICLETA,57,LESIONADO,HOMBRE,SCOOTER,,,,
2022-10-05 08:11:58,-3.999635,-79.180650,Av. Gran Colombia,SOLO_DANOS,Volcamiento,Exceso de velocidad,,,,,,,,,,,,
2022-11-06 22:30:07,-4.003405,-79.212465,Calle Miguel Riofrio,CON_LESIONADOS,Atropellamiento,Factores externos,68,LESIONADO,MUJER,CICLISTA,,,,,,,,
2022-02-26 10:31:24,-3.978715,-79.172030,Calle Ramon Borrero,CON_LESIONADOS,Choque Vehicular,Factores externos,57,LESIONADO,MUJER,VEH_LIVIANO,,,,,,,,
2022-08-07 15:34:18,-4.033770,-79.177639,Av. Reinaldo Espinosa,CON_LESIONADOS,Incendio,Estado de embriaguez,43,LESIONADO,MUJER,VEH_LIVIANO,,,,,,,,
2022-08-04 10:45:07,-4.029244,-79.210460,Calle Quito,CON_FALLECIDOS,Atropellamiento,Equipo de seguridad deficiente,30,FALLECIDO,HOMBRE,SCOOTER,84,FALLECIDO,MUJER,CICLISTA,40,LESIONADO,HOMBRE,CICLISTA
2022-11-15 07:12:02,-4.026319,-79.230237,Ruta 35,CON_LESIONADOS,Colision Multiple,Exceso de velocidad,26,LESIONADO,MUJER,VEH_LIVIANO,60,LESIONADO,MUJER,OTRO,74,LESIONADO,MUJER,SCOOTER
2022-02-08 12:38:54,-4.021579,-79.179485,Calle Azogues,SOLO_DANOS,Colision Multiple,Mal estado de la via,,,,,,,,,,,,
2022-04-24 00:06:21,-4.021002,-79.206544,Calle Ramon Borrero,CON_LESIONADOS,Colision Multiple,Exceso de velocidad,13,LESIONADO,HOMBRE,PEATON,34,LESIONADO,HOMBRE,CICLISTA,22,LESIONADO,MUJER,VEH_LIVIANO
2022-10-10 09:19:35,-4.031225,-79.173555,Calle Colon,CON_FALLECIDOS,Incendio,Visibilidad reducida,46,FALLECIDO,HOMBRE,OTRO,53,LESIONADO,NO_REGISTRA,CICLISTA,,,,
2022-03-30 21:27:31,-4.034870,-79.208740,Av. 8 de Diciembre,SOLO_DANOS,Choque Vehicular,Mal estado de la via,,,,,,,,,,,,
2022-10-23 22:42:57,-4.009405,-79.228307,Av. Cuxibamba,SOLO_DANOS,Atropellamiento,Estado de embriaguez,,,,,,,,,,,,
2022-09-16 07:54:16,-3.994703,-79.215741,Av. Manuel Agustin Aguirre,CON_FALLECIDOS,Colision Multiple,Fatiga del conductor,83,FALLECIDO,NO_REGISTRA,CICLISTA,85,FALLECIDO,HOMBRE,OTRO,,,,
2022-11-26 22:03:19,-3.978386,-79.187056,Ruta 35,CON_FALLECIDOS,Volcamiento,Via resbaladiza o mojada,18,FALLECIDO,NO_REGISTRA,PEATON,80,FALLECIDO,NO_REGISTRA,PEATON,27,LESIONADO,MUJER,MOTOCICLETA
2022-05-09 16:29:29,-3.990574,-79.178114,Calle Quito,SOLO_DANOS,Volcamiento,Distraccion (celular/radio),,,,,,,,,,,,
2022-12-22 20:35:28,-3.982812,-79.176290,Calle Miguel Riofrio,CON_FALLECIDOS,Caida,Mal estado de la via,73,FALLECIDO,NO_REGISTRA,OTRO,82,FALLECIDO,NO_REGISTRA,CICLISTA,78,LESIONADO,NO_REGISTRA,PEATON
2022-04-11 15:39:52,-4.007762,-79.227388,Ruta 35,CON_LESIONADOS,Incendio,Distraccion (celular/radio),58,LESIONADO,NO_REGISTRA,VEH_LIVIANO,,,,,,,,
2022-02-27 18:44:42,-4.004503,-79.184485,Calle Mercadillo,CON_FALLECIDOS,Atropellamiento,Distraccion (celular/radio),35,FALLECIDO,MUJER,CICLISTA,,,,,,,,
2022-11-29 17:49:54,-4.006150,-79.228291,Calle Miguel Riofrio,CON_FALLECIDOS,Volcamiento,Inobservancia de senales,76,FALLECIDO,MUJER,CICLISTA,71,FALLECIDO,NO_REGISTRA,VEH_LIVIANO,78,LESIONADO,MUJER,VEH_LIVIANO
2022-03-24 08:37:03,-4.011526,-79.216586,Calle Rocafuerte,CON_FALLECIDOS,Incendio,Imprudencia del conductor,61,FALLECIDO,HOMBRE,MOTOCICLETA,35,LESIONADO,NO_REGISTRA,MOTOCICLETA,51,LESIONADO,HOMBRE,OTRO
2022-07-17 12:07:39,-3.996095,-79.230448,Calle Ramon Borrero,CON_LESIONADOS,Accidente Laboral,Mal estado de la via,53,LESIONADO,NO_REGISTRA,VEH_LIVIANO,35,LESIONADO,NO_REGISTRA,VEH_LIVIANO,71,LESIONADO,MUJER,MOTOCICLETA
2022-09-13 07:15:41,-4.031225,-79.198443,Av. 8 de Diciembre,CON_LESIONADOS,Caida,Visibilidad reducida,73,LESIONADO,NO_REGISTRA,SCOOTER,,,,,,,,
2022-09-10 12:25:09,-3.981420,-79.207649,Calle 18 de Noviembre,CON_LESIONADOS,Atropellamiento,Via resbaladiza o mojada,54,LESIONADO,NO_REGISTRA,OTRO,44,LESIONADO,HOMBRE,PEATON,,,,
2022-05-25 23:59:04,-3.995222,-79.182243,Calle Imbabura,SOLO_DANOS,Incendio,Estado de embriaguez,5,LESIONADO,HOMBRE,CICLISTA,,,,,,,,
2022-06-22 03:10:47,-4.015457,-79.218698,Calle Sucre,CON_FALLECIDOS,Atropellamiento,Mal estado de la via,71,FALLECIDO,NO_REGISTRA,OTRO,,,,,,,,
2022-01-09 01:01:13,-4.010239,-79.223335,Av. Gran Colombia,CON_LESIONADOS,Volcamiento,Inobservancia de senales,52,LESIONADO,MUJER,OTRO,13,LESIONADO,HOMBRE,CICLISTA,49,LESIONADO,MUJER,MOTOCICLETA
2022-02-07 05:41:00,-4.008378,-79.215490,Via Loja - Catamayo,CON_FALLECIDOS,Caida,Exceso de velocidad,55,FALLECIDO,NO_REGISTRA,MOTOCICLETA,,,,,,,,
2022-05-07 12:07:25,-3.996718,-79.222065,Calle Azogues,CON_LESIONADOS,Accidente Laboral,Inobservancia de senales,21,LESIONADO,HOMBRE,CICLISTA,,,,,,,,
2022-08-12 19:01:46,-4.024680,-79.206775,Calle Imbabura,CON_FALLECIDOS,Colision Multiple,Visibilidad reducida,61,FALLECIDO,MUJER,SCOOTER,50,LESIONADO,NO_REGISTRA,PEATON,51,LESIONADO,HOMBRE,CICLISTA
2022-04-07 04:50:21,-4.029850,-79.186094,Calle Saraguro,CON_LESIONADOS,Volcamiento,Visibilidad reducida,67,LESIONADO,NO_REGISTRA,SCOOTER,76,LESIONADO,NO_REGISTRA,MOTOCICLETA,,,,
2022-05-21 17:59:19,-4.003426,-79.194119,Calle Azogues,CON_FALLECIDOS,Atropellamiento,Distraccion (celular/radio),72,FALLECIDO,HOMBRE,VEH_LIVIANO,42,LESIONADO,HOMBRE,OTRO,,,,
2022-04-19 01:39:02,-4.015149,-79.173967,Av. Reinaldo Espinosa,CON_LESIONADOS,Incendio,Imprudencia del conductor,62,LESIONADO,HOMBRE,CICLISTA,,,,,,,,
2022-09-19 03:41:47,-3.992048,-79.171354,Av. Rosa Hermosa,SOLO_DANOS,Caida,Falla mecanica,,,,,,,,,,,,
2022-09-24 00:54:13,-3.998114,-79.202847,Av. Orillas del Zamora,CON_LESIONADOS,Volcamiento,Equipo de seguridad deficiente,31,LESIONADO,HOMBRE,OTRO,37,LESIONADO,MUJER,VEH_LIVIANO,43,LESIONADO,MUJER,OTRO
2022-05-30 05:01:06,-3.995988,-79.204471,Av. Orillas del Zamora,CON_LESIONADOS,Choque Vehicular,Equipo de seguridad deficiente,15,LESIONADO,MUJER,PEATON,56,LESIONADO,HOMBRE,OTRO,,,,
2022-10-03 06:48:29,-3.980890,-79.183675,Calle Rocafuerte,SOLO_DANOS,Incendio,Falla mecanica,,,,,,,,,,,,
2022-03-26 21:27:53,-4.015011,-79.186528,Calle Azogues,CON_FALLECIDOS,Accidente Laboral,Exceso de velocidad,57,FALLECIDO,HOMBRE,VEH_LIVIANO,,,,,,,,
2022-08-07 06:18:30,-3.987335,-79.228991,Calle Mercadillo,CON_LESIONADOS,Caida,Via resbaladiza o mojada,62,LESIONADO,HOMBRE,MOTOCICLETA,75,LESIONADO,MUJER,PEATON,,,,
2022-12-27 23:14:58,-3.990478,-79.209904,Calle Rocafuerte,CON_FALLECIDOS,Colision Multiple,Visibilidad reducida,36,FALLECIDO,NO_REGISTRA,SCOOTER,35,FALLECIDO,NO_REGISTRA,MOTOCICLETA,52,LESIONADO,MUJER,OTRO
2022-01-28 04:07:04,-4.022191,-79.174074,Calle Montufar,SOLO_DANOS,Volcamiento,Falla mecanica,,,,,,,,,,,,
2022-01-08 02:15:46,-4.016061,-79.199867,Calle 10 de Agosto,SOLO_DANOS,Incendio,Via resbaladiza o mojada,,,,,,,,,,,,
2022-05-28 01:44:04,-4.004527,-79.204121,Calle Colon,CON_FALLECIDOS,Caida,Estado de embriaguez,44,FALLECIDO,HOMBRE,MOTOCICLETA,57,LESIONADO,MUJER,MOTOCICLETA,,,,
2022-07-28 08:53:47,-4.000626,-79.228398,Av. Metropolitana,SOLO_DANOS,Caida,Via resbaladiza o mojada,,,,,,,,,,,,
2022-03-24 07:15:22,-4.024681,-79.217462,Calle Bolivar,SOLO_DANOS,Caida,Equipo de seguridad deficiente,,,,,,,,,,,,
2022-10-01 11:55:46,-4.033783,-79.193054,Calle 10 de Agosto,CON_FALLECIDOS,Atropellamiento,Factores externos,38,FALLECIDO,HOMBRE,MOTOCICLETA,,,,,,,,
2022-12-25 16:23:09,-4.002487,-79.193166,Calle Azogues,CON_LESIONADOS,Caida,Fatiga del conductor,53,LESIONADO,MUJER,OTRO,77,LESIONADO,MUJER,VEH_LIVIANO,,,,
2022-12-28 04:42:27,-3.991279,-79.221296,Av. Isidro Ayora,CON_LESIONADOS,Accidente Laboral,Via resbaladiza o mojada,63,LESIONADO,NO_REGISTRA,VEH_LIVIANO,75,LESIONADO,MUJER,OTRO,61,LESIONADO,NO_REGISTRA,VEH_LIVIANO
2022-09-15 13:06:45,-3.994681,-79.182260,Calle 18 de Noviembre,CON_LESIONADOS,Incendio,Factores externos,72,LESIONADO,HOMBRE,SCOOTER,,,,,,,,
2022-02-28 18:37:46,-4.031202,-79.182218,Av. Metropolitana,CON_FALLECIDOS,Accidente Laboral,Distraccion (celular/radio),39,FALLECIDO,NO_REGISTRA,MOTOCICLETA,23,LESIONADO,MUJER,OTRO,8,LESIONADO,MUJER,MOTOCICLETA
2022-12-04 04:18:25,-3.979638,-79.179266,Av. Orillas del Zamora,CON_LESIONADOS,Atropellamiento,Mal estado de la via,36,LESIONADO,NO_REGISTRA,MOTOCICLETA,,,,,,,,
2022-07-11 22:15:12,-4.003379,-79.186332,Calle 18 de Noviembre,SOLO_DANOS,Choque Vehicular,Distraccion (celular/radio),,,,,,,,,,,,
2022-11-16 20:37:52,-4.007732,-79.216216,Calle Sucre,SOLO_DANOS,Choque Vehicular,Estado de embriaguez,,,,,,,,,,,,
2022-05-03 12:00:24,-3.991317,-79.196855,Calle Miguel Riofrio,CON_LESIONADOS,Caida,Imprudencia del conductor,46,LESIONADO,NO_REGISTRA,PEATON,41,LESIONADO,NO_REGISTRA,SCOOTER,,,,
2022-04-08 05:54:18,-3.981757,-79.171095,Calle Miguel Riofrio,CON_LESIONADOS,Incendio,Via resbaladiza o mojada,41,LESIONADO,HOMBRE,PEATON,58,LESIONADO,NO_REGISTRA,MOTOCICLETA,,,,
2022-04-18 01:30:54,-4.000535,-79.215287,Av. 8 de Diciembre,CON_FALLECIDOS,Atropellamiento,Inobservancia de senales,25,FALLECIDO,HOMBRE,OTRO,65,FALLECIDO,NO_REGISTRA,CICLISTA,67,LESIONADO,MUJER,MOTOCICLETA
2022-01-06 11:30:14,-4.005610,-79.198332,Av. 8 de Diciembre,CON_FALLECIDOS,Choque Vehicular,Equipo de seguridad deficiente,35,FALLECIDO,MUJER,SCOOTER,,,,,,,,
2022-10-11 18:20:49,-3.991306,-79.211059,Calle Mercadillo,CON_FALLECIDOS,Volcamiento,Factores externos,43,FALLECIDO,NO_REGISTRA,SCOOTER,29,FALLECIDO,HOMBRE,SCOOTER,69,LESIONADO,HOMBRE,SCOOTER
2022-04-09 02:40:38,-4.030387,-79.216823,Calle Colon,CON_FALLECIDOS,Accidente Laboral,Mal estado de la via,64,FALLECIDO,NO_REGISTRA,MOTOCICLETA,9,LESIONADO,MUJER,MOTOCICLETA,,,,
2022-03-04 17:48:25,-3.982503,-79.192868,Av. Manuel Agustin Aguirre,CON_FALLECIDOS,Atropellamiento,Imprudencia del conductor,38,FALLECIDO,NO_REGISTRA,PEATON,65,LESIONADO,MUJER,CICLISTA,25,LESIONADO,NO_REGISTRA,PEATON
2022-08-29 20:58:17,-3.988869,-79.198125,Av. Orillas del Zamora,SOLO_DANOS,Volcamiento,Mal estado de la via,,,,,,,,,,,,
2022-02-22 21:46:02,-3.999549,-79.175403,Calle Mercadillo,CON_FALLECIDOS,Volcamiento,Equipo de seguridad deficiente,57,FALLECIDO,MUJER,PEATON,72,FALLECIDO,NO_REGISTRA,PEATON,46,LESIONADO,MUJER,OTRO
2022-09-22 09:36:24,-4.018110,-79.189742,Calle Rocafuerte,SOLO_DANOS,Atropellamiento,Imprudencia del conductor,,,,,,,,,,,,
2022-02-09 22:31:10,-4.036019,-79.199778,Calle Bolivar,CON_FALLECIDOS,Accidente Laboral,Fatiga del conductor,64,FALLECIDO,HOMBRE,VEH_LIVIANO,23,FALLECIDO,NO_REGISTRA,CICLISTA,37,LESIONADO,HOMBRE,MOTOCICLETA