fecha_hora,latitud,longitud,via,grado_severidad,tipo_siniestro,causa_probable,victima1_edad,victima1_condicion,victima1_sexo,victima1_actor_vial,victima2_edad,victima2_condicion,victima2_sexo,victima2_actor_vial,victima3_edad,victima3_condicion,victima3_sexo,victima3_actor_vial
2022-07-08 03:40:59,-3.996939,-79.173923,Calle Rocafuerte,CON_LESIONADOS,Atropellamiento,Falla mecanica,57,LESIONADO,HOMBRE,MOTOCICLETA,45,LESIONADO,NO_REGISTRA,SCOOTER,10,LESIONADO,MUJER,OTRO
2022-01-12 08:42:31,-3.988317,-79.187974,Calle Mercadillo,SOLO_DANOS,Atropellamiento,Visibilidad reducida,,,,,,,,,,,,
2022-04-06 17:45:03,-3.987561,-79.194877,Av. Metropolitana,SOLO_DANOS,Incendio,Inobservancia de senales,,,,,,,,,,,,
2022-10-12 09:34:18,-4.014999,-79.223128,Calle 10 de Agosto,CON_FALLECIDOS,Colision Multiple,Distraccion (celular/radio),83,FALLECIDO,MUJER,VEH_LIVIANO,,,,,,,,
2022-10-30 10:55:42,-3.994837,-79.174887,Ruta 35,CON_LESIONADOS,Atropellamiento,Estado de embriaguez,46,LESIONADO,NO_REGISTRA,PEATON,62,LESIONADO,MUJER,PEATON,78,LESIONADO,NO_REGISTRA,PEATON
2022-12-06 20:27:40,-4.016899,-79.208195,Av. Pio Jaramillo,CON_LESIONADOS,Accidente Laboral,Mal estado de la via,60,LESIONADO,MUJER,OTRO,79,LESIONADO,MUJER,MOTOCICLETA,10,LESIONADO,HOMBRE,SCOOTER
2022-04-11 16:39:08,-4.026880,-79.171517,Calle Sucre,SOLO_DANOS,Choque Vehicular,Factores externos,,,,,,,,,,,,
2022-03-07 07:37:07,-4.020605,-79.219585,Av. Reinaldo Espinosa,CON_LESIONADOS,Volcamiento,Distraccion (celular/radio),24,LESIONADO,HOMBRE,VEH_LIVIANO,43,LESIONADO,HOMBRE,OTRO,25,LESIONADO,HOMBRE,CICLISTA
2022-04-17 23:33:36,-4.002458,-79.201360,Av. Rosa Hermosa,SOLO_DANOS,Choque Vehicular,Imprudencia del conductor,,,,,,,,,,,,
2022-01-08 19:55:24,-3.986963,-79.206695,Via Loja - Zamora,SOLO_DANOS,Atropellamiento,Factores externos,,,,,,,,,,,,
2022-07-20 08:10:09,-4.024652,-79.196490,Calle Sucre,CON_LESIONADOS,Caida,Exceso de velocidad,32,LESIONADO,NO_REGISTRA,VEH_LIVIANO,10,LESIONADO,HOMBRE,VEH_LIVIANO,70,LESIONADO,MUJER,VEH_LIVIANO
2022-09-15 12:08:32,-4.004984,-79.215882,Calle Ramon Borrero,CON_FALLECIDOS,Colision Multiple,Distraccion (celular/radio),37,FALLECIDO,MUJER,PEATON,30,FALLECIDO,HOMBRE,PEATON,25,LESIONADO,MUJER,OTRO
2022-09-11 22:32:55,-3.999407,-79.224905,Av. Manuel Agustin Aguirre,CON_LESIONADOS,Accidente Laboral,Distraccion (celular/radio),51,LESIONADO,HOMBRE,SCOOTER,76,LESIONADO,HOMBRE,CICLISTA,71,LESIONADO,NO_REGISTRA,OTRO
2022-10-30 07:17:13,-4.010573,-79.193819,Via Loja - Zamora,CON_FALLECIDOS,Incendio,Distraccion (celular/radio),76,FALLECIDO,NO_REGISTRA,PEATON,58,FALLECIDO,NO_REGISTRA,PEATON,35,LESIONADO,HOMBRE,OTRO
2022-09-01 21:52:59,-4.022841,-79.172164,Av. Manuel Agustin Aguirre,SOLO_DANOS,Choque Vehicular,Factores externos,,,,,,,,,,,,
2022-08-11 18:41:11,-3.978423,-79.173199,Calle 10 de Agosto,CON_FALLECIDOS,Volcamiento,Visibilidad reducida,81,FALLECIDO,MUJER,CICLISTA,65,LESIONADO,NO_REGISTRA,SCOOTER,,,,
2022-07-13 21:25:24,-4.007653,-79.222066,Av. Reinaldo Espinosa,SOLO_DANOS,Incendio,Visibilidad reducida,,,,,,,,,,,,
2022-01-20 08:49:56,-3.996189,-79.217302,Calle 18 de Noviembre,SOLO_DANOS,Volcamiento,Factores externos,,,,,,,,,,,,
2022-07-11 10:25:18,-3.978290,-79.203580,Av. Universitaria,SOLO_DANOS,Colision Multiple,Imprudencia del conductor,,,,,,,,,,,,
2022-07-09 13:32:18,-4.000851,-79.213251,Av. 8 de Diciembre,CON_LESIONADOS,Caida,Visibilidad reducida,27,LESIONADO,NO_REGISTRA,SCOOTER,14,LESIONADO,HOMBRE,MOTOCICLETA,,,,
2022-08-10 14:57:09,-4.010832,-79.221955,Av. Metropolitana,SOLO_DANOS,Colision Multiple,Distraccion (celular/radio),,,,,,,,,,,,
2022-09-11 23:56:43,-4.013459,-79.192554,Via Loja - Zamora,CON_LESIONADOS,Caida,Mal estado de la via,65,LESIONADO,HOMBRE,CICLISTA,,,,,,,,
2022-09-27 07:47:57,-3.980810,-79.204824,Av. Pio Jaramillo,CON_LESIONADOS,Colision Multiple,Exceso de velocidad,23,LESIONADO,HOMBRE,CICLISTA,6,LESIONADO,HOMBRE,PEATON,50,LESIONADO,MUJER,PEATON
2022-07-02 23:08:39,-3.977922,-79.194103,Calle Mercadillo,CON_LESIONADOS,Colision Multiple,Imprudencia del conductor,69,LESIONADO,HOMBRE,VEH_LIVIANO,74,LESIONADO,HOMBRE,MOTOCICLETA,9,LESIONADO,NO_REGISTRA,VEH_LIVIANO
2022-04-02 11:16:43,-4.000376,-79.209855,Calle Saraguro,SOLO_DANOS,Caida,Estado de embriaguez,14,LESIONADO,MUJER,OTRO,,,,,,,,
2022-07-07 21:34:38,-3.995377,-79.219934,Av. Gran Colombia,CON_FALLECIDOS,Choque Vehicular,Equipo de seguridad deficiente,58,FALLECIDO,MUJER,MOTOCICLETA,24,FALLECIDO,MUJER,SCOOTER,,,,
2022-01-29 15:16:58,-4.000212,-79.189564,Via Loja - Zamora,CON_FALLECIDOS,Caida,Exceso de velocidad,72,FALLECIDO,HOMBRE,PEATON,50,FALLECIDO,MUJER,MOTOCICLETA,,,,
2022-06-25 19:13:13,-4.018979,-79.201611,Av. Universitaria,CON_LESIONADOS,Caida,Visibilidad reducida,47,LESIONADO,MUJER,CICLISTA,66,LESIONADO,NO_REGISTRA,PEATON,26,LESIONADO,HOMBRE,MOTOCICLETA
2022-01-11 10:44:09,-3.983578,-79.220112,Av. 8 de Diciembre,CON_LESIONADOS,Caida,Visibilidad reducida,38,LESIONADO,NO_REGISTRA,VEH_LIVIANO,5,LESIONADO,HOMBRE,PEATON,,,,
2022-05-20 06:31:16,-3.979046,-79.213704,Av. Rosa Hermosa,SOLO_DANOS,Atropellamiento,Via resbaladiza o mojada,,,,,,,,,,,,
2022-06-18 09:19:39,-3.995487,-79.216264,Av. 8 de Diciembre,CON_FALLECIDOS,Atropellamiento,Equipo de seguridad deficiente,83,FALLECIDO,MUJER,PEATON,9,LESIONADO,HOMBRE,SCOOTER,,,,
2022-11-29 20:07:29,-3.990531,-79.175313,Calle Miguel Riofrio,CON_FALLECIDOS,Volcamiento,Factores externos,57,FALLECIDO,MUJER,MOTOCICLETA,23,LESIONADO,NO_REGISTRA,OTRO,,,,
2022-12-03 05:00:30,-4.014959,-79.226913,Av. Cuxibamba,CON_LESIONADOS,Incendio,Mal estado de la via,28,LESIONADO,NO_REGISTRA,MOTOCICLETA,34,LESIONADO,NO_REGISTRA,CICLISTA,,,,
2022-05-05 18:34:00,-4.027583,-79.191583,Av. 8 de Diciembre,CON_LESIONADOS,Caida,Via resbaladiza o mojada,58,LESIONADO,HOMBRE,MOTOCICLETA,48,LESIONADO,NO_REGISTRA,OTRO,,,,
2022-07-10 17:29:21,-4.018588,-79.224571,Av. Isidro Ayora,SOLO_DANOS,Caida,Imprudencia del conductor,,,,,,,,,,,,
2022-07-01 12:29:51,-4.020503,-79.208492,Calle Sucre,CON_LESIONADOS,Caida,Factores externos,5,LESIONADO,MUJER,CICLISTA,18,LESIONADO,HOMBRE,PEATON,58,LESIONADO,NO_REGISTRA,SCOOTER
2022-11-11 10:15:49,-3.980373,-79.215245,Calle Bolivar,CON_FALLECIDOS,Choque Vehicular,Inobservancia de senales,55,FALLECIDO,MUJER,PEATON,,,,,,,,
2022-08-14 08:20:40,-4.005946,-79.188124,Av. Cuxibamba,CON_LESIONADOS,Accidente Laboral,Inobservancia de senales,63,LESIONADO,HOMBRE,SCOOTER,51,LESIONADO,NO_REGISTRA,PEATON,76,LESIONADO,NO_REGISTRA,SCOOTER
2022-04-13 00:22:23,-4.018235,-79.207518,Calle Saraguro,CON_FALLECIDOS,Incendio,Equipo de seguridad deficiente,67,FALLECIDO,NO_REGISTRA,OTRO,70,LESIONADO,HOMBRE,SCOOTER,8,LESIONADO,HOMBRE,CICLISTA
2022-03-25 22:04:59,-4.022970,-79.217787,Calle Imbabura,SOLO_DANOS,Incendio,Equipo de seguridad deficiente,,,,,,,,,,,,
2022-12-22 15:38:58,-3.984818,-79.188896,Av. Metropolitana,CON_FALLECIDOS,Caida,Exceso de velocidad,62,FALLECIDO,HOMBRE,PEATON,74,FALLECIDO,MUJER,SCOOTER,43,LESIONADO,MUJER,SCOOTER
2022-09-19 14:23:07,-4.017233,-79.204340,Av. Gran Colombia,CON_LESIONADOS,Accidente Laboral,Imprudencia del conductor,73,LESIONADO,MUJER,PEATON,29,LESIONADO,HOMBRE,SCOOTER,58,LESIONADO,HOMBRE,CICLISTA
2022-09-13 23:57:29,-3.977009,-79.193057,Via Loja - Zamora,SOLO_DANOS,Caida,Via resbaladiza o mojada,,,,,,,,,,,,
2022-01-05 09:04:12,-3.996792,-79.220966,Av. Orillas del Zamora,SOLO_DANOS,Incendio,Factores externos,,,,,,,,,,,,
2022-08-05 09:15:13,-4.017418,-79.211756,Via Loja - Zamora,SOLO_DANOS,Incendio,Distraccion (celular/radio),,,,,,,,,,,,
2022-10-22 06:48:03,-3.991011,-79.179647,Calle Rocafuerte,CON_LESIONADOS,Volcamiento,Mal estado de la via,21,LESIONADO,MUJER,CICLISTA,45,LESIONADO,NO_REGISTRA,PEATON,5,LESIONADO,HOMBRE,CICLISTA
2022-06-18 10:13:10,-3.987666,-79.188874,Calle Colon,CON_FALLECIDOS,Caida,Equipo de seguridad deficiente,80,FALLECIDO,NO_REGISTRA,SCOOTER,,,,,,,,
2022-11-07 11:12:57,-4.007953,-79.177389,Calle Bolivar,CON_FALLECIDOS,Atropellamiento,Equipo de seguridad deficiente,42,FALLECIDO,HOMBRE,PEATON,71,LESIONADO,NO_REGISTRA,PEATON,,,,
2022-03-21 02:38:58,-4.022871,-79.176653,Calle Bolivar,SOLO_DANOS,Atropellamiento,Inobservancia de senales,,,,,,,,,,,,
2022-07-14 10:09:21,-3.987614,-79.176798,Av. Gran Colombia,SOLO_DANOS,Volcamiento,Via resbaladiza o mojada,,,,,,,,,,,,
2022-12-11 07:41:16,-4.021255,-79.178058,Ruta 35,SOLO_DANOS,Accidente Laboral,Imprudencia del conductor,,,,,,,,,,,,
2022-03-17 15:28:22,-4.005504,-79.219013,Av. Cuxibamba,SOLO_DANOS,Atropellamiento,Imprudencia del conductor,,,,,,,,,,,,
2022-02-03 04:02:14,-3.989110,-79.203516,Calle 18 de Noviembre,CON_FALLECIDOS,Volcamiento,Factores externos,39,FALLECIDO,HOMBRE,VEH_LIVIANO,47,FALLECIDO,HOMBRE,VEH_LIVIANO,,,,
2022-06-06 20:15:05,-3.985454,-79.221069,Calle Azogues,CON_LESIONADOS,Caida,Visibilidad reducida,68,LESIONADO,HOMBRE,OTRO,36,LESIONADO,MUJER,CICLISTA,,,,
2022-04-13 09:49:15,-4.013167,-79.190510,Calle Azogues,CON_FALLECIDOS,Volcamiento,Mal estado de la via,37,FALLECIDO,MUJER,OTRO,45,LESIONADO,NO_REGISTRA,PEATON,48,LESIONADO,NO_REGISTRA,OTRO
2022-03-17 22:27:22,-4.008065,-79.194865,Av. Cuxibamba,CON_FALLECIDOS,Accidente Laboral,Estado de embriaguez,52,FALLECIDO,MUJER,SCOOTER,78,FALLECIDO,MUJER,VEH_LIVIANO,27,LESIONADO,MUJER,SCOOTER
2022-03-08 09:04:49,-4.031295,-79.212458,Via Loja - Catamayo,SOLO_DANOS,Caida,Visibilidad reducida,,,,,,,,,,,,
2022-10-24 02:35:15,-3.988241,-79.228783,Av. Metropolitana,CON_FALLECIDOS,Caida,Inobservancia de senales,38,FALLECIDO,HOMBRE,PEATON,,,,,,,,
2022-07-07 15:21:45,-3.977745,-79.219999,Av. Orillas del Zamora,CON_LESIONADOS,Volcamiento,Estado de embriaguez,22,LESIONADO,HOMBRE,SCOOTER,36,LESIONADO,NO_REGISTRA,OTRO,30,LESIONADO,HOMBRE,VEH_LIVIANO
2022-10-08 17:58:01,-4.024395,-79.225216,Calle Colon,SOLO_DANOS,Caida,Distraccion (celular/radio),72,LESIONADO,NO_REGISTRA,OTRO,,,,,,,,
2022-10-01 19:39:37,-4.001613,-79.230857,Av. Pio Jaramillo,SOLO_DANOS,Incendio,Factores externos,,,,,,,,,,,,
2022-02-11 12:47:57,-4.032454,-79.204018,Av. Orillas del Zamora,SOLO_DANOS,Choque Vehicular,Factores externos,,,,,,,,,,,,
2022-10-06 23:09:51,-4.000609,-79.200213,Calle Ramon Borrero,CON_FALLECIDOS,Atropellamiento,Exceso de velocidad,21,FALLECIDO,NO_REGISTRA,OTRO,44,FALLECIDO,HOMBRE,CICLISTA,23,LESIONADO,MUJER,PEATON
2022-01-05 13:37:52,-4.011148,-79.183571,Calle Colon,CON_LESIONADOS,Choque Vehicular,Inobservancia de senales,68,LESIONADO,HOMBRE,CICLISTA,50,LESIONADO,MUJER,VEH_LIVIANO,35,LESIONADO,NO_REGISTRA,SCOOTER
2022-07-10 07:39:54,-4.026949,-79.182636,Calle Rocafuerte,SOLO_DANOS,Choque Vehicular,Imprudencia del conductor,,,,,,,,,,,,
2022-04-05 16:44:35,-4.009105,-79.200676,Calle Ramon Borrero,CON_LESIONADOS,Choque Vehicular,Distraccion (celular/radio),21,LESIONADO,NO_REGISTRA,OTRO,49,LESIONADO,HOMBRE,OTRO,31,LESIONADO,MUJER,SCOOTER
2022-01-29 05:54:27,-4.001685,-79.194690,Av. Universitaria,CON_LESIONADOS,Volcamiento,Imprudencia del conductor,10,LESIONADO,HOMBRE,OTRO,16,LESIONADO,MUJER,OTRO,70,LESIONADO,HOMBRE,PEATON
2022-09-18 16:20:17,-4.025175,-79.172771,Av. Orillas del Zamora,CON_LESIONADOS,Volcamiento,Via resbaladiza o mojada,23,LESIONADO,NO_REGISTRA,CICLISTA,5,LESIONADO,NO_REGISTRA,CICLISTA,,,,
2022-03-03 16:41:07,-4.018910,-79.180667,Av. Manuel Agustin Aguirre,CON_LESIONADOS,Colision Multiple,Mal estado de la via,51,LESIONADO,MUJER,OTRO,80,LESIONADO,MUJER,SCOOTER,10,LESIONADO,MUJER,CICLISTA
2022-06-18 04:37:39,-3.999789,-79.191366,Calle Quito,CON_FALLECIDOS,Atropellamiento,Imprudencia del conductor,68,FALLECIDO,NO_REGISTRA,SCOOTER,57,LESIONADO,NO_REGISTRA,PEATON,52,LESIONADO,NO_REGISTRA,SCOOTER
2022-05-08 00:07:48,-4.035089,-79.218228,Calle Saraguro,CON_FALLECIDOS,Atropellamiento,Via resbaladiza o mojada,64,FALLECIDO,MUJER,OTRO,26,FALLECIDO,HOMBRE,VEH_LIVIANO,23,LESIONADO,NO_REGISTRA,CICLISTA
2022-12-08 04:05:12,-4.000012,-79.172497,Av. Manuel Agustin Aguirre,CON_LESIONADOS,Colision Multiple,Exceso de velocidad,44,LESIONADO,HOMBRE,PEATON,29,LESIONADO,HOMBRE,VEH_LIVIANO,,,,
2022-01-17 21:24:37,-4.014386,-79.198348,Calle Colon,SOLO_DANOS,Choque Vehicular,Factores externos,,,,,,,,,,,,
2022-12-21 06:02:35,-4.007554,-79.216113,Calle Sucre,SOLO_DANOS,Incendio,Factores externos,,,,,,,,,,,,
2022-06-27 18:18:25,-3.996626,-79.220544,Calle Ramon Borrero,CON_FALLECIDOS,Colision Multiple,Factores externos,63,FALLECIDO,HOMBRE,SCOOTER,,,,,,,,
2022-08-14 21:13:58,-4.006554,-79.222390,Calle Quito,CON_FALLECIDOS,Volcamiento,Distraccion (celular/radio),41,FALLECIDO,HOMBRE,OTRO,51,FALLECIDO,MUJER,OTRO,54,LESIONADO,HOMBRE,PEATON
2022-05-02 05:35:41,-3.987782,-79.223429,Calle Montufar,SOLO_DANOS,Incendio,Estado de embriaguez,48,LESIONADO,NO_REGISTRA,CICLISTA,,,,,,,,
2022-09-20 19:38:13,-3.999574,-79.182578,Calle Sucre,CON_FALLECIDOS,Choque Vehicular,Exceso de velocidad,31,FALLECIDO,MUJER,SCOOTER,38,LESIONADO,MUJER,CICLISTA,65,LESIONADO,NO_REGISTRA,SCOOTER
2022-02-03 08:26:16,-4.017127,-79.174003,Calle Imbabura,CON_FALLECIDOS,Atropellamiento,Estado de embriaguez,61,FALLECIDO,HOMBRE,PEATON,23,FALLECIDO,MUJER,MOTOCICLETA,51,LESIONADO,NO_REGISTRA,SCOOTER
2022-08-07 08:09:37,-4.026329,-79.174034,Calle Montufar,CON_FALLECIDOS,Choque Vehicular,Visibilidad reducida,79,FALLECIDO,MUJER,VEH_LIVIANO,45,LESIONADO,NO_REGISTRA,SCOOTER,,,,
2022-03-30 19:39:35,-4.030155,-79.199704,Calle 18 de Noviembre,CON_FALLECIDOS,Volcamiento,Inobservancia de senales,63,FALLECIDO,HOMBRE,OTRO,44,LESIONADO,NO_REGISTRA,SCOOTER,,,,
2022-03-05 21:28:48,-3.979343,-79.209494,Calle Montufar,CON_FALLECIDOS,Colision Multiple,Fatiga del conductor,34,FALLECIDO,MUJER,SCOOTER,48,FALLECIDO,HOMBRE,SCOOTER,,,,
2022-04-20 19:09:51,-4.019175,-79.184948,Via Loja - Catamayo,CON_FALLECIDOS,Caida,Visibilidad reducida,65,FALLECIDO,MUJER,SCOOTER,71,FALLECIDO,MUJER,PEATON,52,LESIONADO,NO_REGISTRA,PEATON
2022-01-05 15:07:18,-3.989440,-79.215492,Av. Pio Jaramillo,CON_FALLECIDOS,Choque Vehicular,Exceso de velocidad,35,FALLECIDO,NO_REGISTRA,VEH_LIVIANO,74,FALLECIDO,MUJER,OTRO,,,,
2022-01-23 14:27:40,-3.978511,-79.221425,Av. Orillas del Zamora,SOLO_DANOS,Caida,Falla mecanica,,,,,,,,,,,,
2022-12-27 04:39:04,-3.993944,-79.202150,Av. Universitaria,SOLO_DANOS,Caida,Factores externos,,,,,,,,,,,,
2022-03-01 12:51:30,-3.995118,-79.196693,Calle 18 de Noviembre,CON_FALLECIDOS,Colision Multiple,Visibilidad reducida,18,FALLECIDO,MUJER,CICLISTA,71,FALLECIDO,MUJER,PEATON,25,LESIONADO,NO_REGISTRA,MOTOCICLETA
2022-11-08 21:07:20,-4.032509,-79.193566,Via Loja - Catamayo,CON_FALLECIDOS,Colision Multiple,Distraccion (celular/radio),30,FALLECIDO,HOMBRE,OTRO,64,FALLECIDO,HOMBRE,OTRO,74,LESIONADO,MUJER,PEATON
2022-01-24 08:58:39,-4.017068,-79.197689,Ruta 35,CON_FALLECIDOS,Incendio,Mal estado de la via,28,FALLECIDO,MUJER,CICLISTA,72,FALLECIDO,HOMBRE,SCOOTER,19,LESIONADO,NO_REGISTRA,OTRO
2022-07-18 11:07:11,-4.033172,-79.172349,Via Loja - Zamora,SOLO_DANOS,Accidente Laboral,Exceso de velocidad,,,,,,,,,,,,
2022-07-25 13:55:49,-3.994891,-79.218608,Calle Ramon Borrero,CON_LESIONADOS,Colision Multiple,Inobservancia de senales,47,LESIONADO,HOMBRE,VEH_LIVIANO,41,LESIONADO,MUJER,PEATON,,,,
2022-03-12 20:06:37,-4.035916,-79.178564,Ruta 35,SOLO_DANOS,Caida,Estado de embriaguez,,,,,,,,,,,,
2022-04-01 23:39:19,-4.010444,-79.193057,Calle Azogues,CON_FALLECIDOS,Atropellamiento,Falla mecanica,50,FALLECIDO,MUJER,VEH_LIVIANO,25,LESIONADO,MUJER,PEATON,,,,
2022-11-28 20:18:44,-4.022101,-79.217839,Calle 18 de Noviembre,SOLO_DANOS,Atropellamiento,Exceso de velocidad,,,,,,,,,,,,
2022-10-30 21:56:54,-4.003779,-79.180924,Calle Montufar,CON_FALLECIDOS,Colision Multiple,Estado de embriaguez,46,FALLECIDO,HOMBRE,OTRO,45,FALLECIDO,MUJER,SCOOTER,,,,
2022-09-27 18:58:40,-3.993177,-79.199696,Av. Manuel Agustin Aguirre,CON_FALLECIDOS,Accidente Laboral,Via resbaladiza o mojada,50,FALLECIDO,MUJER,MOTOCICLETA,65,LESIONADO,MUJER,SCOOTER,26,LESIONADO,NO_REGISTRA,CICLISTA
2022-02-08 14:06:50,-4.011438,-79.194984,Via Loja - Catamayo,SOLO_DANOS,Colision Multiple,Factores externos,,,,,,,,,,,,
2022-01-14 10:39:27,-4.009716,-79.230488,Calle Saraguro,SOLO_DANOS,Atropellamiento,Mal estado de la via,,,,,,,,,,,,
2022-02-08 21:07:39,-4.035262,-79.224393,Calle Azogues,CON_FALLECIDOS,Accidente Laboral,Visibilidad reducida,55,FALLECIDO,MUJER,OTRO,19,LESIONADO,HOMBRE,SCOOTER,,,,
2022-06-24 18:09:47,-3.987329,-79.230523,Av. 8 de Diciembre,SOLO_DANOS,Caida,Via resbaladiza o mojada,,,,,,,,,,,,
2022-06-17 14:01:37,-4.004285,-79.218090,Calle Imbabura,SOLO_DANOS,Choque Vehicular,Mal estado de la via,,,,,,,,,,,,
2022-02-22 13:03:12,-3.982097,-79.206574,Calle 10 de Agosto,CON_LESIONADOS,Volcamiento,Falla mecanica,51,LESIONADO,HOMBRE,OTRO,12,LESIONADO,MUJER,VEH_LIVIANO,38,LESIONADO,HOMBRE,VEH_LIVIANO
2022-03-15 08:16:42,-4.001923,-79.222201,Av. Reinaldo Espinosa,CON_FALLECIDOS,Incendio,Mal estado de la via,31,FALLECIDO,NO_REGISTRA,CICLISTA,65,FALLECIDO,HOMBRE,VEH_LIVIANO,57,LESIONADO,HOMBRE,MOTOCICLETA
2022-03-05 09:33:19,-4.006434,-79.227723,Calle Quito,SOLO_DANOS,Volcamiento,Imprudencia del conductor,,,,,,,,,,,,
2022-05-14 14:43:16,-4.023287,-79.188812,Calle Saraguro,SOLO_DANOS,Incendio,Mal estado de la via,,,,,,,,,,,,
2022-02-03 10:41:45,-3.995684,-79.197052,Calle Montufar,SOLO_DANOS,Atropellamiento,Via resbaladiza o mojada,,,,,,,,,,,,
2022-01-23 05:25:46,-3.997848,-79.191683,Av. Reinaldo Espinosa,CON_LESIONADOS,Accidente Laboral,Visibilidad reducida,46,LESIONADO,NO_REGISTRA,OTRO,15,LESIONADO,MUJER,MOTOCICLETA,,,,
2022-11-25 05:04:29,-3.994635,-79.196817,Calle 10 de Agosto,CON_LESIONADOS,Volcamiento,Equipo de seguridad deficiente,38,LESIONADO,MUJER,VEH_LIVIANO,70,LESIONADO,NO_REGISTRA,MOTOCICLETA,,,,
2022-04-18 19:10:42,-3.990276,-79.221451,Ruta 35,CON_FALLECIDOS,Atropellamiento,Falla mecanica,24,FALLECIDO,HOMBRE,SCOOTER,25,LESIONADO,HOMBRE,SCOOTER,45,LESIONADO,HOMBRE,PEATON
2022-04-16 15:18:13,-4.004594,-79.207286,Calle Rocafuerte,CON_LESIONADOS,Colision Multiple,Distraccion (celular/radio),25,LESIONADO,HOMBRE,SCOOTER,55,LESIONADO,NO_REGISTRA,CICLISTA,,,,
2022-04-22 22:03:13,-4.006832,-79.197911,Calle Montufar,SOLO_DANOS,Choque Vehicular,Mal estado de la via,,,,,,,,,,,,
2022-04-05 19:08:36,-4.034857,-79.184444,Calle Ramon Borrero,CON_LESIONADOS,Caida,Visibilidad reducida,19,LESIONADO,MUJER,VEH_LIVIANO,44,LESIONADO,NO_REGISTRA,PEATON,,,,
2022-09-07 11:21:46,-4.033838,-79.217471,Calle 10 de Agosto,CON_FALLECIDOS,Choque Vehicular,Imprudencia del conductor,59,FALLECIDO,MUJER,PEATON,,,,,,,,
2022-08-18 06:06:58,-3.979691,-79.218479,Av. Rosa Hermosa,CON_LESIONADOS,Atropellamiento,Fatiga del conductor,61,LESIONADO,NO_REGISTRA,VEH_LIVIANO,32,LESIONADO,HOMBRE,PEATON,15,LESIONADO,MUJER,MOTOCICLETA
2022-07-03 01:30:27,-4.031228,-79.186200,Av. Pio Jaramillo,SOLO_DANOS,Colision Multiple,Imprudencia del conductor,,,,,,,,,,,,
2022-08-18 19:47:00,-3.991061,-79.203608,Av. Isidro Ayora,CON_FALLECIDOS,Incendio,Estado de embriaguez,63,FALLECIDO,HOMBRE,CICLISTA,15,LESIONADO,HOMBRE,MOTOCICLETA,,,,
2022-10-05 02:57:31,-4.022891,-79.181152,Calle Mercadillo,CON_FALLECIDOS,Accidente Laboral,Via resbaladiza o mojada,63,FALLECIDO,NO_REGISTRA,SCOOTER,44,LESIONADO,NO_REGISTRA,VEH_LIVIANO,55,LESIONADO,MUJER,PEATON
2022-06-19 08:15:53,-3.993098,-79.207577,Calle 18 de Noviembre,SOLO_DANOS,Choque Vehicular,Imprudencia del conductor,,,,,,,,,,,,
2022-07-10 08:01:37,-3.982201,-79.214228,Calle Quito,CON_LESIONADOS,Caida,Inobservancia de senales,77,LESIONADO,MUJER,VEH_LIVIANO,32,LESIONADO,HOMBRE,MOTOCICLETA,42,LESIONADO,MUJER,MOTOCICLETA
2022-05-23 23:00:24,-4.024011,-79.211254,Calle Quito,CON_LESIONADOS,Atropellamiento,Factores externos,43,LESIONADO,MUJER,CICLISTA,59,LESIONADO,NO_REGISTRA,PEATON,,,,
2022-03-26 14:12:35,-4.035988,-79.212350,Calle Imbabura,CON_FALLECIDOS,Choque Vehicular,Mal estado de la via,81,FALLECIDO,MUJER,MOTOCICLETA,15,LESIONADO,HOMBRE,VEH_LIVIANO,,,,
2022-02-04 17:53:55,-3.995983,-79.222358,Av. 8 de Diciembre,SOLO_DANOS,Accidente Laboral,Imprudencia del conductor,,,,,,,,,,,,
2022-11-20 04:14:45,-4.005092,-79.178285,Ruta 35,CON_LESIONADOS,Volcamiento,Visibilidad reducida,31,LESIONADO,NO_REGISTRA,SCOOTER,42,LESIONADO,HOMBRE,MOTOCICLETA,20,LESIONADO,HOMBRE,SCOOTER
2022-04-02 14:41:45,-4.011732,-79.209031,Av. Orillas del Zamora,CON_LESIONADOS,Volcamiento,Mal estado de la via,69,LESIONADO,NO_REGISTRA,VEH_LIVIANO,,,,,,,,
2022-06-03 04:37:33,-4.006376,-79.196356,Calle Quito,CON_FALLECIDOS,Volcamiento,Mal estado de la via,51,FALLECIDO,NO_REGISTRA,PEATON,77,LESIONADO,NO_REGISTRA,PEATON,56,LESIONADO,MUJER,OTRO
2022-09-14 19:14:27,-3.985699,-79.181208,Av. 8 de Diciembre,CON_LESIONADOS,Caida,Inobservancia de senales,60,LESIONADO,NO_REGISTRA,CICLISTA,37,LESIONADO,NO_REGISTRA,PEATON,73,LESIONADO,MUJER,SCOOTER
2022-01-26 11:54:00,-4.034358,-79.171195,Calle Mercadillo,CON_FALLECIDOS,Volcamiento,Distraccion (celular/radio),70,FALLECIDO,HOMBRE,PEATON,40,FALLECIDO,HOMBRE,VEH_LIVIANO,,,,
2022-08-24 16:05:22,-4.030191,-79.183690,Calle 18 de Noviembre,SOLO_DANOS,Atropellamiento,Falla mecanica,,,,,,,,,,,,
2022-12-15 18:23:33,-4.028074,-79.224195,Av. Isidro Ayora,SOLO_DANOS,Accidente Laboral,Fatiga del conductor,,,,,,,,,,,,