fecha_hora,latitud,longitud,via,grado_severidad,tipo_siniestro,causa_probable,victima1_edad,victima1_condicion,victima1_sexo,victima1_actor_vial,victima2_edad,victima2_condicion,victima2_sexo,victima2_actor_vial,victima3_edad,victima3_condicion,victima3_sexo,victima3_actor_vial
2022-05-09 17:12:01,-3.985390,-79.222896,Via Loja - Zamora,SOLO_DANOS,Choque Vehicular,Factores externos,,,,,,,,,,,,
2022-07-29 17:23:08,-4.005243,-79.214505,Av. Gran Colombia,CON_FALLECIDOS,Caida,Estado de embriaguez,18,FALLECIDO,HOMBRE,CICLISTA,7,LESIONADO,HOMBRE,OTRO,,,,
2022-04-03 10:18:13,-4.020419,-79.184778,Calle Colon,CON_LESIONADOS,Atropellamiento,Estado de embriaguez,7,LESIONADO,HOMBRE,VEH_LIVIANO,19,LESIONADO,HOMBRE,SCOOTER,,,,
2022-05-15 16:33:22,-4.003816,-79.200315,Ruta 35,SOLO_DANOS,Accidente Laboral,Distraccion (celular/radio),,,,,,,,,,,,
2022-06-24 23:00:53,-4.024940,-79.227806,Calle Sucre,CON_LESIONADOS,Choque Vehicular,Visibilidad reducida,44,LESIONADO,MUJER,VEH_LIVIANO,74,LESIONADO,MUJER,MOTOCICLETA,,,,
2022-04-21 11:43:10,-3.983234,-79.192490,Av. 8 de Diciembre,SOLO_DANOS,Incendio,Visibilidad reducida,,,,,,,,,,,,
2022-03-02 11:10:16,-4.018874,-79.207605,Calle Imbabura,CON_FALLECIDOS,Accidente Laboral,Mal estado de la via,72,FALLECIDO,HOMBRE,PEATON,,,,,,,,
2022-06-02 18:19:08,-3.989787,-79.219384,Av. Manuel Agustin Aguirre,SOLO_DANOS,Choque Vehicular,Imprudencia del conductor,,,,,,,,,,,,
2022-05-12 13:31:34,-4.033327,-79.183436,Calle Azogues,SOLO_DANOS,Accidente Laboral,Inobservancia de senales,,,,,,,,,,,,
2022-01-12 21:23:43,-4.024567,-79.190076,Av. 8 de Diciembre,SOLO_DANOS,Choque Vehicular,Mal estado de la via,,,,,,,,,,,,
2022-03-10 15:39:57,-3.988484,-79.224829,Av. Reinaldo Espinosa,CON_FALLECIDOS,Atropellamiento,Distraccion (celular/radio),29,FALLECIDO,NO_REGISTRA,OTRO,77,FALLECIDO,HOMBRE,VEH_LIVIANO,,,,
2022-01-27 02:02:49,-4.027578,-79.210022,Calle Imbabura,SOLO_DANOS,Accidente Laboral,Estado de embriaguez,,,,,,,,,,,,
2022-09-10 12:25:52,-3.996165,-79.209698,Av. Orillas del Zamora,SOLO_DANOS,Caida,Factores externos,19,LESIONADO,MUJER,SCOOTER,,,,,,,,
2022-02-27 00:36:37,-3.985516,-79.203275,Av. Reinaldo Espinosa,CON_LESIONADOS,Accidente Laboral,Fatiga del conductor,29,LESIONADO,NO_REGISTRA,SCOOTER,56,LESIONADO,HOMBRE,MOTOCICLETA,67,LESIONADO,MUJER,CICLISTA
2022-06-11 16:08:54,-4.014053,-79.213674,Calle Mercadillo,CON_FALLECIDOS,Volcamiento,Equipo de seguridad deficiente,21,FALLECIDO,MUJER,PEATON,39,FALLECIDO,NO_REGISTRA,SCOOTER,,,,
2022-06-08 16:41:35,-4.017518,-79.212918,Calle Rocafuerte,CON_LESIONADOS,Volcamiento,Via resbaladiza o mojada,9,LESIONADO,NO_REGISTRA,MOTOCICLETA,,,,,,,,
2022-07-27 02:52:36,-4.022810,-79.201907,Calle Imbabura,CON_LESIONADOS,Choque Vehicular,Estado de embriaguez,13,LESIONADO,MUJER,PEATON,19,LESIONADO,HOMBRE,OTRO,80,LESIONADO,MUJER,PEATON
2022-12-28 10:46:18,-3.996158,-79.178631,Av. Gran Colombia,SOLO_DANOS,Accidente Laboral,Fatiga del conductor,,,,,,,,,,,,
2022-08-09 11:54:16,-3.992516,-79.194821,Av. Orillas del Zamora,CON_FALLECIDOS,Incendio,Fatiga del conductor,61,FALLECIDO,NO_REGISTRA,PEATON,63,LESIONADO,NO_REGISTRA,SCOOTER,67,LESIONADO,MUJER,MOTOCICLETA
2022-12-04 21:07:20,-3.977072,-79.192053,Calle 10 de Agosto,SOLO_DANOS,Accidente Laboral,Factores externos,,,,,,,,,,,,
2022-11-29 00:00:02,-4.010680,-79.183373,Calle Montufar,SOLO_DANOS,Caida,Visibilidad reducida,,,,,,,,,,,,
2022-10-05 00:12:03,-3.996934,-79.200488,Calle Saraguro,CON_FALLECIDOS,Incendio,Equipo de seguridad deficiente,80,FALLECIDO,NO_REGISTRA,OTRO,28,LESIONADO,NO_REGISTRA,CICLISTA,31,LESIONADO,NO_REGISTRA,PEATON
2022-02-15 19:53:44,-4.004200,-79.226881,Calle Sucre,SOLO_DANOS,Colision Multiple,Imprudencia del conductor,,,,,,,,,,,,
2022-11-12 05:26:01,-3.987662,-79.220879,Av. Manuel Agustin Aguirre,CON_FALLECIDOS,Accidente Laboral,Falla mecanica,54,FALLECIDO,HOMBRE,PEATON,,,,,,,,
2022-10-31 16:01:36,-3.979062,-79.190410,Calle Miguel Riofrio,CON_FALLECIDOS,Atropellamiento,Falla mecanica,67,FALLECIDO,HOMBRE,SCOOTER,21,FALLECIDO,MUJER,VEH_LIVIANO,30,LESIONADO,MUJER,PEATON
2022-07-08 05:59:51,-4.026284,-79.209238,Av. 8 de Diciembre,CON_LESIONADOS,Caida,Inobservancia de senales,42,LESIONADO,MUJER,CICLISTA,39,LESIONADO,HOMBRE,SCOOTER,12,LESIONADO,MUJER,OTRO
2022-02-19 02:22:27,-4.034810,-79.190677,Calle Bolivar,SOLO_DANOS,Volcamiento,Fatiga del conductor,,,,,,,,,,,,
2022-04-25 21:20:15,-3.999708,-79.207590,Calle Imbabura,SOLO_DANOS,Caida,Factores externos,,,,,,,,,,,,
2022-02-12 22:13:02,-4.021156,-79.207683,Calle Miguel Riofrio,CON_FALLECIDOS,Volcamiento,Via resbaladiza o mojada,33,FALLECIDO,MUJER,MOTOCICLETA,14,LESIONADO,NO_REGISTRA,OTRO,,,,
2022-02-21 09:01:22,-4.012600,-79.206401,Calle 18 de Noviembre,CON_LESIONADOS,Caida,Falla mecanica,66,LESIONADO,NO_REGISTRA,SCOOTER,13,LESIONADO,HOMBRE,MOTOCICLETA,38,LESIONADO,NO_REGISTRA,CICLISTA
2022-07-19 22:58:29,-4.018487,-79.199286,Av. 8 de Diciembre,CON_LESIONADOS,Accidente Laboral,Imprudencia del conductor,51,LESIONADO,NO_REGISTRA,CICLISTA,59,LESIONADO,MUJER,OTRO,26,LESIONADO,HOMBRE,CICLISTA
2022-10-05 03:32:47,-3.999247,-79.208028,Calle Bolivar,CON_LESIONADOS,Choque Vehicular,Visibilidad reducida,36,LESIONADO,HOMBRE,MOTOCICLETA,,,,,,,,
2022-05-19 10:30:59,-3.982839,-79.183736,Calle Montufar,CON_FALLECIDOS,Colision Multiple,Falla mecanica,72,FALLECIDO,MUJER,MOTOCICLETA,,,,,,,,
2022-04-19 16:44:07,-3.979051,-79.172646,Calle Quito,SOLO_DANOS,Colision Multiple,Via resbaladiza o mojada,,,,,,,,,,,,
2022-07-11 00:27:17,-4.034301,-79.189277,Calle Montufar,CON_LESIONADOS,Atropellamiento,Imprudencia del conductor,36,LESIONADO,NO_REGISTRA,MOTOCICLETA,,,,,,,,
2022-06-11 17:48:34,-4.014318,-79.201434,Via Loja - Zamora,SOLO_DANOS,Atropellamiento,Imprudencia del conductor,,,,,,,,,,,,
2022-10-05 17:45:56,-4.003285,-79.197302,Av. Pio Jaramillo,CON_FALLECIDOS,Incendio,Visibilidad reducida,41,FALLECIDO,MUJER,VEH_LIVIANO,41,FALLECIDO,MUJER,MOTOCICLETA,74,LESIONADO,NO_REGISTRA,PEATON
2022-10-30 16:32:11,-3.999025,-79.201844,Via Loja - Zamora,SOLO_DANOS,Caida,Factores externos,,,,,,,,,,,,
2022-02-26 13:37:20,-4.010152,-79.230973,Av. Universitaria,SOLO_DANOS,Volcamiento,Mal estado de la via,,,,,,,,,,,,
2022-06-02 19:17:33,-4.028798,-79.221914,Calle Quito,CON_LESIONADOS,Caida,Exceso de velocidad,32,LESIONADO,MUJER,VEH_LIVIANO,60,LESIONADO,HOMBRE,VEH_LIVIANO,31,LESIONADO,MUJER,CICLISTA
2022-01-04 08:53:27,-4.016364,-79.197787,Av. 8 de Diciembre,SOLO_DANOS,Volcamiento,Exceso de velocidad,,,,,,,,,,,,
2022-08-18 07:41:48,-4.011473,-79.228614,Av. Cuxibamba,CON_FALLECIDOS,Caida,Estado de embriaguez,26,FALLECIDO,HOMBRE,CICLISTA,62,FALLECIDO,HOMBRE,SCOOTER,,,,
2022-09-19 04:21:24,-3.981933,-79.229207,Via Loja - Catamayo,CON_FALLECIDOS,Incendio,Mal estado de la via,70,FALLECIDO,HOMBRE,MOTOCICLETA,34,LESIONADO,MUJER,SCOOTER,75,LESIONADO,HOMBRE,CICLISTA
2022-05-29 04:47:39,-4.030415,-79.214670,Calle 10 de Agosto,SOLO_DANOS,Atropellamiento,Equipo de seguridad deficiente,,,,,,,,,,,,
2022-05-21 11:28:16,-3.991381,-79.218049,Calle Montufar,SOLO_DANOS,Volcamiento,Inobservancia de senales,,,,,,,,,,,,
2022-08-22 16:14:54,-4.021192,-79.225679,Av. Rosa Hermosa,CON_LESIONADOS,Atropellamiento,Estado de embriaguez,5,LESIONADO,NO_REGISTRA,CICLISTA,7,LESIONADO,HOMBRE,OTRO,,,,
2022-02-04 08:17:10,-3.987101,-79.211073,Calle Imbabura,CON_FALLECIDOS,Incendio,Fatiga del conductor,39,FALLECIDO,HOMBRE,VEH_LIVIANO,33,FALLECIDO,MUJER,VEH_LIVIANO,,,,
2022-07-24 17:50:26,-4.036846,-79.178457,Av. Gran Colombia,SOLO_DANOS,Incendio,Falla mecanica,,,,,,,,,,,,
2022-01-14 14:27:04,-4.011111,-79.229977,Av. Isidro Ayora,SOLO_DANOS,Volcamiento,Via resbaladiza o mojada,,,,,,,,,,,,
2022-02-04 22:26:40,-3.997127,-79.218086,Via Loja - Zamora,CON_FALLECIDOS,Incendio,Mal estado de la via,57,FALLECIDO,MUJER,CICLISTA,44,FALLECIDO,HOMBRE,OTRO,18,LESIONADO,NO_REGISTRA,OTRO
2022-05-30 13:54:25,-4.030695,-79.219728,Via Loja - Catamayo,CON_FALLECIDOS,Colision Multiple,Mal estado de la via,73,FALLECIDO,HOMBRE,OTRO,37,FALLECIDO,MUJER,MOTOCICLETA,7,LESIONADO,HOMBRE,VEH_LIVIANO
2022-03-08 21:17:54,-3.977594,-79.186774,Av. Orillas del Zamora,SOLO_DANOS,Colision Multiple,Inobservancia de senales,,,,,,,,,,,,
2022-11-17 06:53:44,-4.031046,-79.188133,Calle Ramon Borrero,CON_FALLECIDOS,Volcamiento,Inobservancia de senales,64,FALLECIDO,HOMBRE,VEH_LIVIANO,76,LESIONADO,NO_REGISTRA,VEH_LIVIANO,,,,
2022-08-17 05:29:16,-3.991395,-79.187525,Calle Mercadillo,CON_LESIONADOS,Atropellamiento,Imprudencia del conductor,76,LESIONADO,NO_REGISTRA,SCOOTER,,,,,,,,
2022-07-29 07:42:06,-4.034228,-79.221877,Calle Mercadillo,CON_LESIONADOS,Incendio,Exceso de velocidad,70,LESIONADO,NO_REGISTRA,MOTOCICLETA,,,,,,,,
2022-09-24 09:29:02,-3.986694,-79.225170,Av. Universitaria,CON_FALLECIDOS,Incendio,Imprudencia del conductor,79,FALLECIDO,MUJER,SCOOTER,42,FALLECIDO,MUJER,SCOOTER,54,LESIONADO,HOMBRE,PEATON
2022-05-21 23:17:17,-3.997213,-79.200347,Av. 8 de Diciembre,SOLO_DANOS,Colision Multiple,Exceso de velocidad,,,,,,,,,,,,
2022-08-27 22:25:13,-4.001013,-79.220413,Av. Cuxibamba,SOLO_DANOS,Colision Multiple,Estado de embriaguez,,,,,,,,,,,,
2022-03-24 22:12:51,-3.987814,-79.187763,Av. Metropolitana,SOLO_DANOS,Colision Multiple,Falla mecanica,,,,,,,,,,,,
2022-10-02 00:44:59,-4.027629,-79.198355,Calle 18 de Noviembre,CON_FALLECIDOS,Volcamiento,Distraccion (celular/radio),61,FALLECIDO,NO_REGISTRA,VEH_LIVIANO,83,FALLECIDO,MUJER,SCOOTER,,,,
2022-06-25 11:41:07,-4.033491,-79.210036,Calle Colon,SOLO_DANOS,Incendio,Falla mecanica,,,,,,,,,,,,
2022-04-01 04:04:07,-4.012359,-79.211847,Calle Bolivar,SOLO_DANOS,Caida,Estado de embriaguez,,,,,,,,,,,,
2022-11-07 18:38:18,-4.027963,-79.186369,Ruta 35,CON_LESIONADOS,Atropellamiento,Via resbaladiza o mojada,12,LESIONADO,HOMBRE,SCOOTER,69,LESIONADO,HOMBRE,SCOOTER,7,LESIONADO,MUJER,MOTOCICLETA
2022-10-08 19:06:11,-3.990395,-79.226191,Av. Reinaldo Espinosa,SOLO_DANOS,Accidente Laboral,Imprudencia del conductor,,,,,,,,,,,,
2022-08-30 14:52:44,-4.028165,-79.209267,Av. Reinaldo Espinosa,SOLO_DANOS,Volcamiento,Fatiga del conductor,,,,,,,,,,,,
2022-05-01 15:50:33,-3.984207,-79.209343,Calle Rocafuerte,CON_FALLECIDOS,Colision Multiple,Falla mecanica,81,FALLECIDO,NO_REGISTRA,MOTOCICLETA,81,FALLECIDO,MUJER,MOTOCICLETA,,,,
2022-04-23 07:09:49,-3.984963,-79.217208,Av. Gran Colombia,CON_LESIONADOS,Colision Multiple,Mal estado de la via,37,LESIONADO,HOMBRE,PEATON,62,LESIONADO,NO_REGISTRA,OTRO,,,,
2022-05-13 23:06:59,-4.018370,-79.230484,Calle 10 de Agosto,CON_FALLECIDOS,Volcamiento,Equipo de seguridad deficiente,76,FALLECIDO,NO_REGISTRA,VEH_LIVIANO,67,FALLECIDO,HOMBRE,OTRO,66,LESIONADO,MUJER,OTRO
2022-02-02 07:53:36,-4.013528,-79.175096,Calle Ramon Borrero,CON_FALLECIDOS,Choque Vehicular,Mal estado de la via,31,FALLECIDO,MUJER,PEATON,37,LESIONADO,NO_REGISTRA,MOTOCICLETA,64,LESIONADO,HOMBRE,PEATON
2022-01-06 06:16:28,-3.997037,-79.219714,Calle Bolivar,CON_FALLECIDOS,Volcamiento,Fatiga del conductor,67,FALLECIDO,NO_REGISTRA,CICLISTA,,,,,,,,
2022-04-26 05:00:39,-4.014921,-79.192708,Av. Universitaria,CON_LESIONADOS,Volcamiento,Falla mecanica,64,LESIONADO,NO_REGISTRA,VEH_LIVIANO,28,LESIONADO,MUJER,MOTOCICLETA,,,,
2022-09-12 14:52:50,-3.994270,-79.184744,Av. Gran Colombia,CON_LESIONADOS,Accidente Laboral,Estado de embriaguez,62,LESIONADO,NO_REGISTRA,SCOOTER,11,LESIONADO,NO_REGISTRA,PEATON,,,,
2022-02-09 17:46:30,-3.995246,-79.210649,Av. Universitaria,SOLO_DANOS,Choque Vehicular,Inobservancia de senales,,,,,,,,,,,,
2022-04-10 14:49:20,-4.014602,-79.203932,Calle Azogues,CON_FALLECIDOS,Caida,Imprudencia del conductor,72,FALLECIDO,NO_REGISTRA,CICLISTA,,,,,,,,
2022-05-31 12:39:05,-3.987489,-79.178417,Calle Mercadillo,CON_LESIONADOS,Accidente Laboral,Visibilidad reducida,11,LESIONADO,MUJER,SCOOTER,12,LESIONADO,NO_REGISTRA,CICLISTA,69,LESIONADO,MUJER,SCOOTER
2022-12-24 23:44:13,-3.995756,-79.218229,Calle Ramon Borrero,SOLO_DANOS,Atropellamiento,Factores externos,,,,,,,,,,,,
2022-01-28 02:32:44,-4.011683,-79.210066,Av. Universitaria,CON_FALLECIDOS,Colision Multiple,Falla mecanica,54,FALLECIDO,HOMBRE,PEATON,49,FALLECIDO,NO_REGISTRA,VEH_LIVIANO,,,,
2022-01-29 13:04:10,-4.018542,-79.225771,Calle 18 de Noviembre,SOLO_DANOS,Volcamiento,Equipo de seguridad deficiente,,,,,,,,,,,,
2022-06-08 09:30:34,-3.991519,-79.196210,Calle 18 de Noviembre,CON_FALLECIDOS,Incendio,Factores externos,27,FALLECIDO,NO_REGISTRA,SCOOTER,78,LESIONADO,NO_REGISTRA,CICLISTA,44,LESIONADO,MUJER,PEATON
2022-07-04 13:45:46,-3.992166,-79.202722,Calle Rocafuerte,CON_FALLECIDOS,Choque Vehicular,Estado de embriaguez,53,FALLECIDO,NO_REGISTRA,MOTOCICLETA,59,LESIONADO,HOMBRE,CICLISTA,56,LESIONADO,HOMBRE,VEH_LIVIANO
2022-08-27 18:24:57,-4.027814,-79.184452,Calle Mercadillo,CON_LESIONADOS,Incendio,Imprudencia del conductor,11,LESIONADO,MUJER,MOTOCICLETA,36,LESIONADO,NO_REGISTRA,PEATON,78,LESIONADO,HOMBRE,SCOOTER
2022-05-02 04:50:51,-4.000069,-79.203005,Av. Rosa Hermosa,CON_LESIONADOS,Accidente Laboral,Via resbaladiza o mojada,28,LESIONADO,HOMBRE,PEATON,51,LESIONADO,MUJER,MOTOCICLETA,,,,
2022-11-13 04:24:19,-4.015252,-79.209737,Av. Reinaldo Espinosa,SOLO_DANOS,Incendio,Imprudencia del conductor,,,,,,,,,,,,
2022-10-31 04:53:53,-4.016975,-79.185863,Via Loja - Catamayo,CON_LESIONADOS,Choque Vehicular,Fatiga del conductor,49,LESIONADO,HOMBRE,PEATON,72,LESIONADO,NO_REGISTRA,MOTOCICLETA,65,LESIONADO,HOMBRE,MOTOCICLETA
2022-11-23 09:04:23,-4.026779,-79.174262,Av. Orillas del Zamora,CON_FALLECIDOS,Colision Multiple,Equipo de seguridad deficiente,27,FALLECIDO,NO_REGISTRA,CICLISTA,,,,,,,,
2022-09-03 03:43:00,-3.978195,-79.224173,Calle 18 de Noviembre,CON_LESIONADOS,Colision Multiple,Mal estado de la via,62,LESIONADO,MUJER,MOTOCICLETA,72,LESIONADO,NO_REGISTRA,OTRO,,,,
2022-03-06 11:32:32,-3.990178,-79.182674,Av. 8 de Diciembre,SOLO_DANOS,Atropellamiento,Estado de embriaguez,21,LESIONADO,NO_REGISTRA,SCOOTER,,,,,,,,
2022-11-01 14:23:59,-4.020150,-79.176583,Av. Cuxibamba,SOLO_DANOS,Incendio,Fatiga del conductor,,,,,,,,,,,,
2022-05-06 08:19:28,-4.020128,-79.205127,Calle Quito,CON_FALLECIDOS,Volcamiento,Distraccion (celular/radio),33,FALLECIDO,NO_REGISTRA,SCOOTER,53,LESIONADO,MUJER,VEH_LIVIANO,62,LESIONADO,NO_REGISTRA,VEH_LIVIANO
2022-02-10 16:33:40,-4.011635,-79.190903,Av. 8 de Diciembre,SOLO_DANOS,Caida,Equipo de seguridad deficiente,,,,,,,,,,,,
2022-03-16 01:16:37,-4.002274,-79.198175,Av. Cuxibamba,CON_LESIONADOS,Incendio,Mal estado de la via,77,LESIONADO,HOMBRE,PEATON,,,,,,,,
2022-12-17 11:43:56,-3.980011,-79.226280,Calle 10 de Agosto,SOLO_DANOS,Volcamiento,Via resbaladiza o mojada,,,,,,,,,,,,
2022-04-02 03:52:30,-4.013051,-79.212158,Calle Azogues,SOLO_DANOS,Caida,Mal estado de la via,,,,,,,,,,,,
2022-08-15 13:36:15,-3.977272,-79.208812,Av. Rosa Hermosa,CON_LESIONADOS,Incendio,Factores externos,37,LESIONADO,NO_REGISTRA,VEH_LIVIANO,29,LESIONADO,NO_REGISTRA,OTRO,,,,
2022-06-06 12:46:25,-4.005083,-79.197626,Calle Mercadillo,CON_LESIONADOS,Caida,Imprudencia del conductor,7,LESIONADO,HOMBRE,PEATON,24,LESIONADO,MUJER,OTRO,,,,
2022-01-03 05:37:58,-3.980252,-79.192704,Via Loja - Catamayo,SOLO_DANOS,Colision Multiple,Distraccion (celular/radio),,,,,,,,,,,,
2022-06-19 08:47:57,-4.015448,-79.214609,Calle 10 de Agosto,CON_LESIONADOS,Caida,Equipo de seguridad deficiente,64,LESIONADO,MUJER,OTRO,13,LESIONADO,MUJER,CICLISTA,47,LESIONADO,HOMBRE,CICLISTA
2022-09-25 05:24:16,-4.003988,-79.214192,Calle Rocafuerte,CON_FALLECIDOS,Accidente Laboral,Exceso de velocidad,84,FALLECIDO,MUJER,VEH_LIVIANO,72,FALLECIDO,NO_REGISTRA,SCOOTER,33,LESIONADO,HOMBRE,PEATON
2022-02-12 19:21:45,-4.006588,-79.181090,Av. Universitaria,CON_LESIONADOS,Accidente Laboral,Equipo de seguridad deficiente,53,LESIONADO,HOMBRE,CICLISTA,,,,,,,,
2022-11-18 01:04:12,-4.014732,-79.190289,Ruta 35,CON_FALLECIDOS,Accidente Laboral,Exceso de velocidad,30,FALLECIDO,HOMBRE,SCOOTER,18,FALLECIDO,HOMBRE,PEATON,68,LESIONADO,HOMBRE,PEATON
2022-02-13 05:11:49,-4.004227,-79.191330,Av. Orillas del Zamora,SOLO_DANOS,Volcamiento,Mal estado de la via,61,LESIONADO,MUJER,PEATON,,,,,,,,
2022-10-02 10:42:40,-3.980789,-79.228669,Calle Imbabura,CON_FALLECIDOS,Colision Multiple,Exceso de velocidad,50,FALLECIDO,MUJER,CICLISTA,45,FALLECIDO,HOMBRE,OTRO,,,,
2022-09-28 00:11:56,-4.018960,-79.192102,Calle Mercadillo,CON_FALLECIDOS,Accidente Laboral,Inobservancia de senales,37,FALLECIDO,HOMBRE,VEH_LIVIANO,40,FALLECIDO,NO_REGISTRA,MOTOCICLETA,78,LESIONADO,MUJER,PEATON
2022-07-06 09:17:09,-3.986657,-79.222526,Av. 8 de Diciembre,CON_LESIONADOS,Accidente Laboral,Mal estado de la via,70,LESIONADO,HOMBRE,CICLISTA,43,LESIONADO,MUJER,VEH_LIVIANO,71,LESIONADO,HOMBRE,CICLISTA
2022-04-06 00:15:33,-4.036563,-79.185767,Av. Orillas del Zamora,CON_LESIONADOS,Atropellamiento,Equipo de seguridad deficiente,11,LESIONADO,NO_REGISTRA,SCOOTER,42,LESIONADO,HOMBRE,PEATON,29,LESIONADO,HOMBRE,PEATON
2022-12-06 23:45:41,-4.018532,-79.227084,Ruta 35,CON_LESIONADOS,Choque Vehicular,Estado de embriaguez,48,LESIONADO,HOMBRE,VEH_LIVIANO,,,,,,,,
2022-02-12 07:19:00,-3.994105,-79.214673,Av. Manuel Agustin Aguirre,CON_FALLECIDOS,Volcamiento,Inobservancia de senales,55,FALLECIDO,HOMBRE,PEATON,56,LESIONADO,MUJER,CICLISTA,,,,
2022-10-14 09:07:37,-4.031263,-79.180424,Av. Gran Colombia,CON_LESIONADOS,Volcamiento,Factores externos,47,LESIONADO,HOMBRE,OTRO,8,LESIONADO,NO_REGISTRA,VEH_LIVIANO,,,,
2022-01-06 11:47:55,-4.033339,-79.195036,Calle Azogues,CON_LESIONADOS,Volcamiento,Fatiga del conductor,45,LESIONADO,MUJER,CICLISTA,43,LESIONADO,HOMBRE,CICLISTA,,,,
2022-01-21 02:39:44,-4.014719,-79.226712,Av. Isidro Ayora,CON_LESIONADOS,Atropellamiento,Exceso de velocidad,25,LESIONADO,MUJER,CICLISTA,44,LESIONADO,HOMBRE,OTRO,44,LESIONADO,NO_REGISTRA,OTRO
2022-12-12 09:23:26,-4.027130,-79.171456,Calle 10 de Agosto,SOLO_DANOS,Caida,Inobservancia de senales,,,,,,,,,,,,
2022-10-31 08:25:56,-3.978167,-79.174473,Ruta 35,CON_FALLECIDOS,Accidente Laboral,Imprudencia del conductor,27,FALLECIDO,MUJER,VEH_LIVIANO,,,,,,,,
2022-03-13 15:55:36,-4.006862,-79.223049,Av. Orillas del Zamora,SOLO_DANOS,Caida,Equipo de seguridad deficiente,,,,,,,,,,,,
2022-10-23 10:11:52,-3.988509,-79.197267,Calle Colon,SOLO_DANOS,Accidente Laboral,Distraccion (celular/radio),,,,,,,,,,,,
2022-03-06 09:37:31,-4.017844,-79.190413,Calle 10 de Agosto,CON_FALLECIDOS,Caida,Factores externos,53,FALLECIDO,HOMBRE,VEH_LIVIANO,17,LESIONADO,HOMBRE,CICLISTA,,,,
2022-06-05 10:16:47,-3.995651,-79.178047,Calle Sucre,CON_LESIONADOS,Colision Multiple,Distraccion (celular/radio),45,LESIONADO,NO_REGISTRA,SCOOTER,6,LESIONADO,HOMBRE,MOTOCICLETA,37,LESIONADO,MUJER,MOTOCICLETA
2022-12-09 13:15:10,-3.999944,-79.187512,Calle Sucre,CON_FALLECIDOS,Incendio,Falla mecanica,54,FALLECIDO,MUJER,SCOOTER,,,,,,,,
2022-04-22 05:36:38,-4.020220,-79.177303,Calle 18 de Noviembre,SOLO_DANOS,Atropellamiento,Via resbaladiza o mojada,,,,,,,,,,,,
2022-07-12 19:10:33,-4.018336,-79.229213,Calle 10 de Agosto,SOLO_DANOS,Incendio,Via resbaladiza o mojada,,,,,,,,,,,,
2022-06-05 12:42:33,-4.031667,-79.199068,Via Loja - Zamora,CON_LESIONADOS,Volcamiento,Estado de embriaguez,61,LESIONADO,HOMBRE,MOTOCICLETA,44,LESIONADO,MUJER,PEATON,,,,
2022-12-19 10:04:58,-4.027811,-79.196604,Calle Mercadillo,CON_LESIONADOS,Incendio,Estado de embriaguez,34,LESIONADO,NO_REGISTRA,VEH_LIVIANO,26,LESIONADO,HOMBRE,PEATON,75,LESIONADO,HOMBRE,MOTOCICLETA
2022-05-31 14:08:57,-4.002805,-79.221666,Av. Metropolitana,CON_FALLECIDOS,Volcamiento,Fatiga del conductor,39,FALLECIDO,NO_REGISTRA,VEH_LIVIANO,29,FALLECIDO,NO_REGISTRA,VEH_LIVIANO,,,,
2022-04-24 09:16:43,-3.984088,-79.183730,Calle Azogues,CON_FALLECIDOS,Volcamiento,Estado de embriaguez,63,FALLECIDO,NO_REGISTRA,OTRO,28,FALLECIDO,MUJER,OTRO,73,LESIONADO,NO_REGISTRA,CICLISTA
2022-12-25 13:14:59,-3.988935,-79.171569,Av. Reinaldo Espinosa,SOLO_DANOS,Accidente Laboral,Mal estado de la via,,,,,,,,,,,,
2022-05-03 00:00:11,-4.034545,-79.206834,Via Loja - Catamayo,SOLO_DANOS,Volcamiento,Mal estado de la via,,,,,,,,,,,,
2022-01-31 07:50:40,-4.008605,-79.221836,Calle Quito,CON_LESIONADOS,Accidente Laboral,Fatiga del conductor,47,LESIONADO,MUJER,CICLISTA,,,,,,,,
2022-12-06 22:36:24,-3.987957,-79.201313,Av. Gran Colombia,CON_FALLECIDOS,Volcamiento,Factores externos,24,FALLECIDO,MUJER,OTRO,65,FALLECIDO,HOMBRE,PEATON,8,LESIONADO,MUJER,CICLISTA
2022-06-19 05:01:28,-4.003374,-79.175744,Calle 18 de Noviembre,SOLO_DANOS,Volcamiento,Distraccion (celular/radio),,,,,,,,,,,,
2022-01-28 17:34:05,-4.032237,-79.210701,Via Loja - Catamayo,CON_FALLECIDOS,Choque Vehicular,Equipo de seguridad deficiente,31,FALLECIDO,HOMBRE,OTRO,47,FALLECIDO,HOMBRE,OTRO,,,,
2022-10-24 21:13:32,-4.027797,-79.213193,Av. Reinaldo Espinosa,CON_LESIONADOS,Choque Vehicular,Estado de embriaguez,57,LESIONADO,NO_REGISTRA,PEATON,14,LESIONADO,NO_REGISTRA,PEATON,,,,
2022-08-03 22:12:02,-3.982645,-79.208444,Calle Mercadillo,CON_FALLECIDOS,Choque Vehicular,Mal estado de la via,24,FALLECIDO,MUJER,MOTOCICLETA,80,FALLECIDO,MUJER,SCOOTER,51,LESIONADO,HOMBRE,OTRO
2022-11-17 04:56:10,-4.020284,-79.173199,Av. Manuel Agustin Aguirre,CON_LESIONADOS,Atropellamiento,Exceso de velocidad,11,LESIONADO,MUJER,SCOOTER,9,LESIONADO,MUJER,VEH_LIVIANO,,,,