fecha_hora,latitud,longitud,via,grado_severidad,tipo_siniestro,causa_probable,victima1_edad,victima1_condicion,victima1_sexo,victima1_actor_vial,victima2_edad,victima2_condicion,victima2_sexo,victima2_actor_vial,victima3_edad,victima3_condicion,victima3_sexo,victima3_actor_vial
2022-10-09 11:23:05,-4.000467,-79.197323,Calle Montufar,CON_FALLECIDOS,Caida,Imprudencia del conductor,68,FALLECIDO,HOMBRE,SCOOTER,34,LESIONADO,NO_REGISTRA,VEH_LIVIANO,40,LESIONADO,HOMBRE,PEATON
2022-06-09 21:51:54,-4.031307,-79.212524,Calle Miguel Riofrio,CON_FALLECIDOS,Atropellamiento,Falla mecanica,74,FALLECIDO,HOMBRE,MOTOCICLETA,69,LESIONADO,MUJER,PEATON,,,,
2022-09-17 19:38:11,-3.991465,-79.174536,Av. Gran Colombia,CON_LESIONADOS,Accidente Laboral,Visibilidad reducida,49,LESIONADO,MUJER,CICLISTA,30,LESIONADO,HOMBRE,PEATON,,,,
2022-04-20 15:54:48,-4.021415,-79.228438,Av. Pio Jaramillo,SOLO_DANOS,Incendio,Estado de embriaguez,,,,,,,,,,,,
2022-10-26 19:49:18,-4.030799,-79.207811,Via Loja - Zamora,CON_FALLECIDOS,Atropellamiento,Distraccion (celular/radio),72,FALLECIDO,NO_REGISTRA,PEATON,49,FALLECIDO,MUJER,PEATON,13,LESIONADO,HOMBRE,CICLISTA
2022-04-03 16:02:19,-3.985653,-79.190765,Av. Universitaria,SOLO_DANOS,Caida,Estado de embriaguez,,,,,,,,,,,,
2022-12-15 09:34:23,-3.993817,-79.222686,Calle 10 de Agosto,SOLO_DANOS,Incendio,Mal estado de la via,,,,,,,,,,,,
2022-12-24 15:42:08,-3.989023,-79.203261,Calle Miguel Riofrio,SOLO_DANOS,Choque Vehicular,Imprudencia del conductor,,,,,,,,,,,,
2022-06-06 15:20:17,-3.993780,-79.187922,Via Loja - Catamayo,CON_LESIONADOS,Atropellamiento,Falla mecanica,48,LESIONADO,NO_REGISTRA,SCOOTER,5,LESIONADO,NO_REGISTRA,PEATON,,,,
2022-05-24 01:27:45,-4.028572,-79.223398,Calle Sucre,CON_LESIONADOS,Volcamiento,Imprudencia del conductor,11,LESIONADO,HOMBRE,OTRO,,,,,,,,
2022-09-09 14:11:34,-4.030208,-79.229518,Av. Rosa Hermosa,CON_FALLECIDOS,Colision Multiple,Via resbaladiza o mojada,43,FALLECIDO,HOMBRE,OTRO,70,FALLECIDO,NO_REGISTRA,SCOOTER,,,,
2022-10-06 13:45:06,-3.994425,-79.205671,Calle Bolivar,CON_FALLECIDOS,Choque Vehicular,Equipo de seguridad deficiente,42,FALLECIDO,MUJER,CICLISTA,55,FALLECIDO,HOMBRE,SCOOTER,71,LESIONADO,HOMBRE,SCOOTER
2022-06-12 16:35:41,-4.001861,-79.178856,Av. Manuel Agustin Aguirre,SOLO_DANOS,Incendio,Visibilidad reducida,,,,,,,,,,,,
2022-03-02 19:35:43,-4.029902,-79.222350,Calle Quito,CON_LESIONADOS,Caida,Via resbaladiza o mojada,54,LESIONADO,NO_REGISTRA,OTRO,46,LESIONADO,MUJER,CICLISTA,,,,
2022-08-22 11:19:14,-4.036910,-79.208123,Calle Mercadillo,CON_LESIONADOS,Choque Vehicular,Estado de embriaguez,30,LESIONADO,MUJER,CICLISTA,14,LESIONADO,HOMBRE,OTRO,,,,
2022-07-25 07:02:58,-3.988529,-79.193254,Calle Sucre,SOLO_DANOS,Caida,Fatiga del conductor,,,,,,,,,,,,
2022-02-16 01:58:09,-3.982478,-79.174851,Calle Ramon Borrero,CON_FALLECIDOS,Accidente Laboral,Exceso de velocidad,80,FALLECIDO,NO_REGISTRA,PEATON,74,LESIONADO,HOMBRE,MOTOCICLETA,,,,
2022-12-15 18:26:29,-3.979898,-79.175699,Calle Saraguro,CON_LESIONADOS,Colision Multiple,Via resbaladiza o mojada,47,LESIONADO,HOMBRE,SCOOTER,14,LESIONADO,HOMBRE,PEATON,10,LESIONADO,HOMBRE,OTRO
2022-01-21 15:55:33,-4.003699,-79.179816,Via Loja - Catamayo,CON_FALLECIDOS,Incendio,Imprudencia del conductor,74,FALLECIDO,MUJER,VEH_LIVIANO,,,,,,,,
2022-07-25 11:18:19,-4.033446,-79.171537,Av. Reinaldo Espinosa,CON_LESIONADOS,Caida,Inobservancia de senales,8,LESIONADO,MUJER,MOTOCICLETA,75,LESIONADO,HOMBRE,MOTOCICLETA,,,,
2022-10-10 16:40:18,-3.991609,-79.218022,Av. Orillas del Zamora,CON_FALLECIDOS,Volcamiento,Fatiga del conductor,62,FALLECIDO,HOMBRE,CICLISTA,67,LESIONADO,HOMBRE,VEH_LIVIANO,,,,
2022-10-27 03:30:29,-4.005215,-79.195946,Calle 10 de Agosto,CON_FALLECIDOS,Choque Vehicular,Estado de embriaguez,60,FALLECIDO,HOMBRE,CICLISTA,,,,,,,,
2022-11-08 21:29:34,-4.001725,-79.186665,Calle Saraguro,SOLO_DANOS,Caida,Equipo de seguridad deficiente,,,,,,,,,,,,
2022-07-21 11:33:36,-3.984317,-79.230152,Av. Rosa Hermosa,SOLO_DANOS,Caida,Imprudencia del conductor,,,,,,,,,,,,
2022-02-08 22:39:09,-4.029095,-79.173196,Av. Cuxibamba,SOLO_DANOS,Volcamiento,Factores externos,,,,,,,,,,,,
2022-01-06 03:26:23,-4.028236,-79.189365,Calle Sucre,SOLO_DANOS,Accidente Laboral,Equipo de seguridad deficiente,,,,,,,,,,,,
2022-06-15 00:56:37,-4.002268,-79.225938,Av. 8 de Diciembre,CON_LESIONADOS,Incendio,Exceso de velocidad,77,LESIONADO,HOMBRE,CICLISTA,38,LESIONADO,HOMBRE,SCOOTER,,,,
2022-04-30 05:23:19,-4.032719,-79.195709,Calle Azogues,SOLO_DANOS,Incendio,Fatiga del conductor,,,,,,,,,,,,
2022-06-29 19:48:49,-4.027638,-79.185763,Calle Bolivar,SOLO_DANOS,Volcamiento,Falla mecanica,31,LESIONADO,MUJER,CICLISTA,,,,,,,,
2022-05-13 08:30:48,-4.020503,-79.205997,Av. Pio Jaramillo,CON_LESIONADOS,Caida,Via resbaladiza o mojada,37,LESIONADO,MUJER,PEATON,72,LESIONADO,MUJER,VEH_LIVIANO,,,,
2022-05-25 06:44:53,-4.010227,-79.188411,Av. Pio Jaramillo,SOLO_DANOS,Atropellamiento,Equipo de seguridad deficiente,,,,,,,,,,,,
2022-10-21 16:26:49,-3.985279,-79.213112,Calle Mercadillo,SOLO_DANOS,Caida,Equipo de seguridad deficiente,,,,,,,,,,,,
2022-08-18 00:57:18,-3.992570,-79.191020,Calle Quito,CON_FALLECIDOS,Incendio,Estado de embriaguez,18,FALLECIDO,MUJER,PEATON,31,FALLECIDO,HOMBRE,VEH_LIVIANO,8,LESIONADO,HOMBRE,PEATON
2022-10-27 21:16:48,-3.982620,-79.211293,Calle Ramon Borrero,CON_FALLECIDOS,Accidente Laboral,Via resbaladiza o mojada,62,FALLECIDO,MUJER,MOTOCICLETA,,,,,,,,
2022-04-23 15:42:46,-4.001231,-79.199936,Av. Gran Colombia,CON_FALLECIDOS,Colision Multiple,Via resbaladiza o mojada,55,FALLECIDO,MUJER,VEH_LIVIANO,7,LESIONADO,HOMBRE,VEH_LIVIANO,11,LESIONADO,HOMBRE,CICLISTA
2022-07-16 12:25:17,-4.001775,-79.172610,Calle Sucre,CON_FALLECIDOS,Atropellamiento,Mal estado de la via,79,FALLECIDO,HOMBRE,PEATON,78,LESIONADO,HOMBRE,SCOOTER,66,LESIONADO,HOMBRE,VEH_LIVIANO
2022-05-14 14:31:01,-4.010539,-79.205145,Av. Gran Colombia,CON_LESIONADOS,Incendio,Equipo de seguridad deficiente,54,LESIONADO,HOMBRE,SCOOTER,42,LESIONADO,NO_REGISTRA,CICLISTA,23,LESIONADO,NO_REGISTRA,OTRO
2022-11-21 19:42:23,-3.996305,-79.180791,Av. Universitaria,SOLO_DANOS,Atropellamiento,Fatiga del conductor,,,,,,,,,,,,
2022-02-07 05:27:55,-4.031365,-79.185311,Calle Saraguro,SOLO_DANOS,Choque Vehicular,Inobservancia de senales,,,,,,,,,,,,
2022-05-22 12:21:35,-4.032719,-79.214284,Av. Manuel Agustin Aguirre,CON_FALLECIDOS,Caida,Visibilidad reducida,30,FALLECIDO,NO_REGISTRA,OTRO,27,LESIONADO,MUJER,SCOOTER,23,LESIONADO,NO_REGISTRA,PEATON
2022-04-18 18:36:52,-4.022945,-79.183433,Av. Manuel Agustin Aguirre,CON_FALLECIDOS,Colision Multiple,Estado de embriaguez,36,FALLECIDO,HOMBRE,OTRO,61,FALLECIDO,HOMBRE,SCOOTER,38,LESIONADO,NO_REGISTRA,SCOOTER
2022-03-01 05:12:56,-3.983347,-79.222016,Calle Ramon Borrero,CON_FALLECIDOS,Choque Vehicular,Visibilidad reducida,43,FALLECIDO,NO_REGISTRA,OTRO,46,FALLECIDO,MUJER,PEATON,,,,
2022-12-25 13:19:25,-4.018156,-79.223676,Av. Universitaria,SOLO_DANOS,Incendio,Equipo de seguridad deficiente,,,,,,,,,,,,
2022-12-11 22:47:18,-3.999862,-79.225621,Calle Montufar,CON_LESIONADOS,Volcamiento,Exceso de velocidad,29,LESIONADO,HOMBRE,PEATON,34,LESIONADO,NO_REGISTRA,OTRO,63,LESIONADO,NO_REGISTRA,VEH_LIVIANO
2022-08-29 11:27:54,-4.008767,-79.198753,Calle 10 de Agosto,CON_FALLECIDOS,Atropellamiento,Fatiga del conductor,73,FALLECIDO,NO_REGISTRA,PEATON,72,FALLECIDO,MUJER,MOTOCICLETA,,,,
2022-10-18 01:41:08,-4.011243,-79.175990,Av. Isidro Ayora,CON_LESIONADOS,Colision Multiple,Imprudencia del conductor,47,LESIONADO,MUJER,PEATON,78,LESIONADO,HOMBRE,VEH_LIVIANO,33,LESIONADO,NO_REGISTRA,CICLISTA
2022-05-06 17:48:29,-4.030238,-79.196310,Via Loja - Zamora,SOLO_DANOS,Volcamiento,Inobservancia de senales,,,,,,,,,,,,
2022-06-15 06:09:12,-4.036048,-79.189045,Calle Miguel Riofrio,CON_LESIONADOS,Accidente Laboral,Visibilidad reducida,61,LESIONADO,MUJER,OTRO,,,,,,,,
2022-05-19 08:50:15,-4.018756,-79.213061,Av. Rosa Hermosa,CON_LESIONADOS,Volcamiento,Inobservancia de senales,10,LESIONADO,MUJER,MOTOCICLETA,,,,,,,,
2022-10-06 12:36:25,-4.035267,-79.223734,Calle Mercadillo,CON_LESIONADOS,Choque Vehicular,Falla mecanica,70,LESIONADO,NO_REGISTRA,PEATON,,,,,,,,
2022-05-22 14:01:02,-4.011922,-79.209105,Av. Reinaldo Espinosa,CON_LESIONADOS,Choque Vehicular,Factores externos,56,LESIONADO,NO_REGISTRA,OTRO,11,LESIONADO,MUJER,SCOOTER,53,LESIONADO,NO_REGISTRA,PEATON
2022-07-26 21:44:34,-3.985876,-79.183195,Av. Gran Colombia,CON_LESIONADOS,Colision Multiple,Fatiga del conductor,50,LESIONADO,MUJER,OTRO,8,LESIONADO,NO_REGISTRA,OTRO,69,LESIONADO,HOMBRE,CICLISTA
2022-02-09 03:08:37,-3.991104,-79.204090,Calle Azogues,CON_FALLECIDOS,Choque Vehicular,Mal estado de la via,47,FALLECIDO,HOMBRE,VEH_LIVIANO,,,,,,,,
2022-07-30 11:48:01,-4.031529,-79.211221,Calle Quito,SOLO_DANOS,Incendio,Visibilidad reducida,,,,,,,,,,,,
2022-02-01 01:28:24,-4.036000,-79.179407,Calle Sucre,CON_LESIONADOS,Accidente Laboral,Inobservancia de senales,45,LESIONADO,MUJER,VEH_LIVIANO,,,,,,,,
2022-11-22 01:48:20,-4.003722,-79.178166,Calle Miguel Riofrio,SOLO_DANOS,Choque Vehicular,Fatiga del conductor,,,,,,,,,,,,
2022-05-16 16:57:28,-4.001587,-79.218640,Av. Pio Jaramillo,CON_LESIONADOS,Caida,Fatiga del conductor,11,LESIONADO,NO_REGISTRA,PEATON,13,LESIONADO,NO_REGISTRA,OTRO,36,LESIONADO,MUJER,OTRO
2022-11-17 18:30:27,-3.993642,-79.206260,Calle 10 de Agosto,CON_FALLECIDOS,Volcamiento,Inobservancia de senales,77,FALLECIDO,HOMBRE,SCOOTER,36,FALLECIDO,HOMBRE,VEH_LIVIANO,60,LESIONADO,HOMBRE,CICLISTA
2022-01-24 22:00:15,-4.022449,-79.193985,Calle Colon,SOLO_DANOS,Incendio,Exceso de velocidad,,,,,,,,,,,,
2022-08-03 11:47:39,-3.998625,-79.175068,Av. 8 de Diciembre,SOLO_DANOS,Incendio,Distraccion (celular/radio),,,,,,,,,,,,
2022-02-01 11:26:48,-3.979310,-79.199980,Calle Ramon Borrero,SOLO_DANOS,Atropellamiento,Distraccion (celular/radio),,,,,,,,,,,,
2022-09-09 19:37:23,-3.997934,-79.205368,Av. Pio Jaramillo,SOLO_DANOS,Accidente Laboral,Mal estado de la via,,,,,,,,,,,,
2022-07-30 00:55:29,-4.017893,-79.225595,Calle Ramon Borrero,CON_LESIONADOS,Incendio,Estado de embriaguez,70,LESIONADO,MUJER,MOTOCICLETA,68,LESIONADO,HOMBRE,MOTOCICLETA,15,LESIONADO,NO_REGISTRA,SCOOTER
2022-02-10 19:53:02,-3.986439,-79.197706,Calle Ramon Borrero,CON_FALLECIDOS,Volcamiento,Visibilidad reducida,24,FALLECIDO,HOMBRE,SCOOTER,,,,,,,,
2022-09-29 01:25:03,-3.999177,-79.195717,Calle Miguel Riofrio,CON_FALLECIDOS,Choque Vehicular,Distraccion (celular/radio),84,FALLECIDO,HOMBRE,MOTOCICLETA,39,LESIONADO,HOMBRE,PEATON,76,LESIONADO,NO_REGISTRA,SCOOTER
2022-07-24 22:07:35,-3.985790,-79.176243,Calle Montufar,SOLO_DANOS,Choque Vehicular,Inobservancia de senales,,,,,,,,,,,,
2022-04-25 05:18:33,-3.989708,-79.180497,Calle Miguel Riofrio,SOLO_DANOS,Accidente Laboral,Visibilidad reducida,,,,,,,,,,,,
2022-04-01 17:56:59,-3.998116,-79.220803,Av. Metropolitana,SOLO_DANOS,Incendio,Visibilidad reducida,,,,,,,,,,,,
2022-04-03 19:55:02,-4.002295,-79.202904,Calle 10 de Agosto,SOLO_DANOS,Colision Multiple,Mal estado de la via,,,,,,,,,,,,
2022-11-04 07:48:51,-4.031337,-79.227940,Calle Sucre,SOLO_DANOS,Incendio,Factores externos,,,,,,,,,,,,
2022-10-19 06:34:51,-4.007861,-79.182339,Ruta 35,SOLO_DANOS,Atropellamiento,Visibilidad reducida,,,,,,,,,,,,
2022-02-27 12:23:12,-4.027687,-79.220909,Av. Rosa Hermosa,CON_FALLECIDOS,Choque Vehicular,Factores externos,76,FALLECIDO,MUJER,MOTOCICLETA,62,FALLECIDO,NO_REGISTRA,MOTOCICLETA,67,LESIONADO,HOMBRE,VEH_LIVIANO
2022-04-18 11:03:54,-3.980291,-79.195763,Calle Ramon Borrero,CON_FALLECIDOS,Accidente Laboral,Inobservancia de senales,52,FALLECIDO,MUJER,CICLISTA,29,FALLECIDO,NO_REGISTRA,PEATON,66,LESIONADO,NO_REGISTRA,PEATON
2022-02-23 07:42:14,-4.016780,-79.173188,Via Loja - Zamora,CON_LESIONADOS,Accidente Laboral,Fatiga del conductor,70,LESIONADO,HOMBRE,SCOOTER,21,LESIONADO,HOMBRE,CICLISTA,48,LESIONADO,NO_REGISTRA,SCOOTER
2022-07-30 16:30:22,-4.035834,-79.177159,Calle Imbabura,CON_LESIONADOS,Choque Vehicular,Imprudencia del conductor,34,LESIONADO,HOMBRE,VEH_LIVIANO,,,,,,,,
2022-07-01 02:20:58,-3.978582,-79.177684,Av. Gran Colombia,CON_FALLECIDOS,Choque Vehicular,Falla mecanica,63,FALLECIDO,HOMBRE,CICLISTA,47,FALLECIDO,HOMBRE,VEH_LIVIANO,74,LESIONADO,MUJER,OTRO
2022-09-11 22:27:46,-4.014834,-79.181048,Calle Mercadillo,CON_LESIONADOS,Volcamiento,Fatiga del conductor,57,LESIONADO,NO_REGISTRA,PEATON,,,,,,,,
2022-08-23 17:45:58,-3.989804,-79.207278,Via Loja - Zamora,SOLO_DANOS,Colision Multiple,Equipo de seguridad deficiente,,,,,,,,,,,,
2022-03-22 03:28:36,-3.998786,-79.182998,Av. Isidro Ayora,CON_LESIONADOS,Volcamiento,Imprudencia del conductor,26,LESIONADO,NO_REGISTRA,CICLISTA,53,LESIONADO,HOMBRE,PEATON,33,LESIONADO,NO_REGISTRA,OTRO
2022-10-18 22:55:31,-4.034708,-79.198659,Calle Ramon Borrero,CON_FALLECIDOS,Atropellamiento,Imprudencia del conductor,83,FALLECIDO,NO_REGISTRA,OTRO,,,,,,,,
2022-09-17 14:58:04,-4.001658,-79.211751,Av. Cuxibamba,CON_FALLECIDOS,Choque Vehicular,Fatiga del conductor,57,FALLECIDO,NO_REGISTRA,CICLISTA,60,FALLECIDO,NO_REGISTRA,OTRO,38,LESIONADO,NO_REGISTRA,CICLISTA
2022-03-29 16:55:16,-4.004663,-79.218065,Av. Manuel Agustin Aguirre,CON_FALLECIDOS,Atropellamiento,Imprudencia del conductor,83,FALLECIDO,NO_REGISTRA,CICLISTA,,,,,,,,
2022-01-06 17:36:16,-4.029378,-79.200231,Ruta 35,CON_LESIONADOS,Volcamiento,Distraccion (celular/radio),29,LESIONADO,HOMBRE,OTRO,,,,,,,,
2022-02-25 09:36:25,-4.021441,-79.229000,Calle Colon,CON_LESIONADOS,Caida,Mal estado de la via,22,LESIONADO,MUJER,OTRO,,,,,,,,
2022-12-24 16:11:42,-4.000310,-79.171575,Via Loja - Zamora,CON_LESIONADOS,Incendio,Imprudencia del conductor,70,LESIONADO,NO_REGISTRA,VEH_LIVIANO,19,LESIONADO,MUJER,VEH_LIVIANO,46,LESIONADO,MUJER,MOTOCICLETA
2022-04-17 06:40:48,-4.012690,-79.225498,Av. Pio Jaramillo,CON_LESIONADOS,Incendio,Distraccion (celular/radio),68,LESIONADO,NO_REGISTRA,CICLISTA,,,,,,,,
2022-12-11 16:15:22,-4.032404,-79.218356,Av. Metropolitana,CON_LESIONADOS,Colision Multiple,Via resbaladiza o mojada,52,LESIONADO,NO_REGISTRA,MOTOCICLETA,,,,,,,,
2022-11-29 21:47:32,-3.983085,-79.211949,Av. Pio Jaramillo,CON_LESIONADOS,Incendio,Estado de embriaguez,52,LESIONADO,HOMBRE,CICLISTA,17,LESIONADO,MUJER,OTRO,76,LESIONADO,HOMBRE,VEH_LIVIANO
2022-01-14 23:16:58,-4.011786,-79.174627,Av. Reinaldo Espinosa,CON_LESIONADOS,Volcamiento,Via resbaladiza o mojada,21,LESIONADO,MUJER,PEATON,32,LESIONADO,HOMBRE,SCOOTER,,,,
2022-07-28 15:40:20,-4.021305,-79.206479,Av. Manuel Agustin Aguirre,CON_FALLECIDOS,Incendio,Inobservancia de senales,76,FALLECIDO,MUJER,CICLISTA,63,LESIONADO,HOMBRE,PEATON,12,LESIONADO,MUJER,SCOOTER
2022-12-08 07:39:39,-3.980717,-79.185908,Calle Azogues,CON_FALLECIDOS,Caida,Exceso de velocidad,29,FALLECIDO,HOMBRE,CICLISTA,51,FALLECIDO,HOMBRE,MOTOCICLETA,70,LESIONADO,NO_REGISTRA,PEATON
2022-10-07 23:35:50,-4.001999,-79.182487,Calle Rocafuerte,CON_FALLECIDOS,Atropellamiento,Imprudencia del conductor,80,FALLECIDO,MUJER,VEH_LIVIANO,46,FALLECIDO,HOMBRE,MOTOCICLETA,,,,
2022-11-29 20:41:10,-3.993112,-79.228548,Calle Mercadillo,CON_LESIONADOS,Accidente Laboral,Imprudencia del conductor,56,LESIONADO,MUJER,OTRO,,,,,,,,
2022-10-13 05:50:02,-3.981694,-79.226695,Calle Quito,CON_LESIONADOS,Atropellamiento,Via resbaladiza o mojada,8,LESIONADO,MUJER,MOTOCICLETA,21,LESIONADO,MUJER,VEH_LIVIANO,53,LESIONADO,MUJER,PEATON
2022-02-27 09:32:40,-4.001112,-79.184676,Av. Gran Colombia,CON_LESIONADOS,Volcamiento,Imprudencia del conductor,71,LESIONADO,NO_REGISTRA,CICLISTA,27,LESIONADO,NO_REGISTRA,CICLISTA,,,,
2022-01-06 17:45:21,-3.985320,-79.202916,Av. Universitaria,CON_FALLECIDOS,Volcamiento,Estado de embriaguez,75,FALLECIDO,NO_REGISTRA,SCOOTER,45,FALLECIDO,HOMBRE,MOTOCICLETA,32,LESIONADO,NO_REGISTRA,VEH_LIVIANO
2022-04-19 13:27:53,-4.019879,-79.174694,Av. Isidro Ayora,CON_LESIONADOS,Colision Multiple,Imprudencia del conductor,12,LESIONADO,MUJER,MOTOCICLETA,,,,,,,,
2022-07-20 23:08:27,-3.993184,-79.190670,Av. Isidro Ayora,CON_LESIONADOS,Volcamiento,Imprudencia del conductor,19,LESIONADO,MUJER,PEATON,12,LESIONADO,HOMBRE,MOTOCICLETA,,,,
2022-10-07 09:09:41,-4.019251,-79.177909,Av. 8 de Diciembre,CON_FALLECIDOS,Volcamiento,Fatiga del conductor,20,FALLECIDO,NO_REGISTRA,VEH_LIVIANO,17,LESIONADO,NO_REGISTRA,VEH_LIVIANO,,,,
2022-08-02 20:34:29,-4.014038,-79.197938,Av. Isidro Ayora,CON_LESIONADOS,Incendio,Exceso de velocidad,13,LESIONADO,HOMBRE,VEH_LIVIANO,9,LESIONADO,HOMBRE,SCOOTER,,,,
2022-03-14 23:33:48,-4.030161,-79.208128,Calle Colon,CON_FALLECIDOS,Choque Vehicular,Fatiga del conductor,47,FALLECIDO,MUJER,SCOOTER,21,FALLECIDO,NO_REGISTRA,MOTOCICLETA,71,LESIONADO,HOMBRE,OTRO
2022-08-17 04:48:17,-4.035647,-79.198938,Av. Metropolitana,CON_LESIONADOS,Atropellamiento,Inobservancia de senales,18,LESIONADO,NO_REGISTRA,CICLISTA,17,LESIONADO,HOMBRE,MOTOCICLETA,,,,
2022-03-30 00:51:54,-4.035874,-79.198975,Av. Pio Jaramillo,SOLO_DANOS,Choque Vehicular,Visibilidad reducida,,,,,,,,,,,,
2022-02-25 02:36:45,-4.002013,-79.224028,Via Loja - Zamora,CON_LESIONADOS,Volcamiento,Distraccion (celular/radio),48,LESIONADO,NO_REGISTRA,OTRO,77,LESIONADO,NO_REGISTRA,SCOOTER,76,LESIONADO,MUJER,CICLISTA
2022-11-23 22:46:50,-3.985341,-79.178882,Calle Saraguro,SOLO_DANOS,Colision Multiple,Estado de embriaguez,,,,,,,,,,,,
2022-05-06 12:55:37,-3.980797,-79.212678,Calle Saraguro,CON_LESIONADOS,Colision Multiple,Equipo de seguridad deficiente,73,LESIONADO,NO_REGISTRA,PEATON,55,LESIONADO,HOMBRE,PEATON,22,LESIONADO,NO_REGISTRA,CICLISTA
2022-12-10 13:39:18,-3.977727,-79.217047,Av. Rosa Hermosa,CON_FALLECIDOS,Colision Multiple,Equipo de seguridad deficiente,71,FALLECIDO,NO_REGISTRA,PEATON,5,LESIONADO,HOMBRE,PEATON,,,,
2022-02-10 06:08:35,-4.005981,-79.199272,Av. Orillas del Zamora,CON_FALLECIDOS,Volcamiento,Imprudencia del conductor,73,FALLECIDO,HOMBRE,VEH_LIVIANO,26,LESIONADO,HOMBRE,MOTOCICLETA,,,,
2022-09-19 10:49:53,-4.033541,-79.205328,Calle Imbabura,CON_LESIONADOS,Volcamiento,Fatiga del conductor,79,LESIONADO,NO_REGISTRA,MOTOCICLETA,11,LESIONADO,NO_REGISTRA,VEH_LIVIANO,16,LESIONADO,MUJER,PEATON
2022-02-17 07:44:19,-4.029830,-79.186877,Av. Isidro Ayora,CON_LESIONADOS,Volcamiento,Via resbaladiza o mojada,31,LESIONADO,NO_REGISTRA,CICLISTA,,,,,,,,
2022-03-03 16:38:10,-4.024205,-79.172919,Calle 18 de Noviembre,SOLO_DANOS,Atropellamiento,Visibilidad reducida,,,,,,,,,,,,
2022-11-11 23:29:42,-3.978832,-79.177464,Calle Montufar,CON_LESIONADOS,Volcamiento,Falla mecanica,68,LESIONADO,MUJER,CICLISTA,,,,,,,,
2022-03-02 11:03:01,-4.017058,-79.215274,Calle Imbabura,CON_LESIONADOS,Choque Vehicular,Fatiga del conductor,14,LESIONADO,NO_REGISTRA,CICLISTA,17,LESIONADO,MUJER,MOTOCICLETA,,,,
2022-08-15 03:07:06,-4.009228,-79.205310,Av. Gran Colombia,SOLO_DANOS,Choque Vehicular,Falla mecanica,,,,,,,,,,,,
2022-07-23 01:58:28,-4.026353,-79.183244,Calle Colon,CON_LESIONADOS,Incendio,Fatiga del conductor,45,LESIONADO,NO_REGISTRA,PEATON,64,LESIONADO,HOMBRE,MOTOCICLETA,55,LESIONADO,NO_REGISTRA,CICLISTA
2022-03-10 13:26:04,-4.032680,-79.221358,Av. Orillas del Zamora,CON_LESIONADOS,Atropellamiento,Fatiga del conductor,66,LESIONADO,NO_REGISTRA,CICLISTA,,,,,,,,
2022-09-14 01:28:45,-4.014304,-79.175728,Calle Colon,CON_LESIONADOS,Accidente Laboral,Factores externos,27,LESIONADO,NO_REGISTRA,OTRO,60,LESIONADO,NO_REGISTRA,MOTOCICLETA,,,,
2022-10-30 03:53:02,-3.977881,-79.224065,Calle Bolivar,CON_LESIONADOS,Caida,Exceso de velocidad,19,LESIONADO,NO_REGISTRA,CICLISTA,,,,,,,,
2022-05-23 01:04:39,-3.986280,-79.172199,Av. Orillas del Zamora,CON_LESIONADOS,Accidente Laboral,Falla mecanica,53,LESIONADO,NO_REGISTRA,SCOOTER,,,,,,,,
2022-02-24 20:41:22,-3.979618,-79.201745,Calle Bolivar,CON_LESIONADOS,Caida,Factores externos,74,LESIONADO,MUJER,SCOOTER,,,,,,,,
2022-07-02 20:29:46,-4.004184,-79.223869,Av. Cuxibamba,CON_FALLECIDOS,Volcamiento,Distraccion (celular/radio),55,FALLECIDO,HOMBRE,SCOOTER,19,FALLECIDO,MUJER,VEH_LIVIANO,,,,
2022-09-26 17:41:46,-4.033561,-79.222666,Av. Rosa Hermosa,CON_LESIONADOS,Accidente Laboral,Inobservancia de senales,33,LESIONADO,NO_REGISTRA,MOTOCICLETA,,,,,,,,
2022-03-11 02:16:27,-3.986946,-79.181466,Calle Azogues,CON_LESIONADOS,Incendio,Distraccion (celular/radio),13,LESIONADO,MUJER,VEH_LIVIANO,65,LESIONADO,MUJER,PEATON,,,,
2022-11-02 14:28:58,-4.032865,-79.189402,Calle 18 de Noviembre,CON_FALLECIDOS,Incendio,Fatiga del conductor,29,FALLECIDO,HOMBRE,OTRO,72,FALLECIDO,MUJER,OTRO,,,,
2022-07-30 10:32:48,-4.010767,-79.195984,Via Loja - Catamayo,CON_LESIONADOS,Incendio,Factores externos,36,LESIONADO,MUJER,OTRO,33,LESIONADO,HOMBRE,OTRO,12,LESIONADO,MUJER,SCOOTER
2022-09-10 22:09:50,-4.008594,-79.172290,Calle Mercadillo,CON_FALLECIDOS,Atropellamiento,Equipo de seguridad deficiente,82,FALLECIDO,HOMBRE,CICLISTA,54,LESIONADO,NO_REGISTRA,PEATON,51,LESIONADO,MUJER,MOTOCICLETA
2022-05-06 12:36:01,-3.982943,-79.202600,Calle Colon,CON_LESIONADOS,Atropellamiento,Factores externos,9,LESIONADO,NO_REGISTRA,PEATON,,,,,,,,
2022-03-03 05:51:19,-3.995120,-79.222815,Av. Universitaria,SOLO_DANOS,Accidente Laboral,Fatiga del conductor,74,LESIONADO,HOMBRE,MOTOCICLETA,,,,,,,,