fecha_hora,latitud,longitud,via,grado_severidad,tipo_siniestro,causa_probable,victima1_edad,victima1_condicion,victima1_sexo,victima1_actor_vial,victima2_edad,victima2_condicion,victima2_sexo,victima2_actor_vial,victima3_edad,victima3_condicion,victima3_sexo,victima3_actor_vial
2022-12-20 09:11:09,-4.013945,-79.175591,Av. Gran Colombia,CON_LESIONADOS,Choque Vehicular,Factores externos,49,LESIONADO,NO_REGISTRA,SCOOTER,5,LESIONADO,HOMBRE,PEATON,19,LESIONADO,MUJER,SCOOTER
2022-08-07 10:53:54,-3.980924,-79.213520,Calle Colon,CON_LESIONADOS,Colision Multiple,Fatiga del conductor,20,LESIONADO,NO_REGISTRA,PEATON,,,,,,,,
2022-09-26 11:41:13,-4.030607,-79.219332,Calle Imbabura,CON_FALLECIDOS,Incendio,Imprudencia del conductor,40,FALLECIDO,NO_REGISTRA,SCOOTER,,,,,,,,
2022-02-13 17:01:12,-4.017463,-79.174505,Av. 8 de Diciembre,CON_FALLECIDOS,Colision Multiple,Mal estado de la via,37,FALLECIDO,NO_REGISTRA,OTRO,57,FALLECIDO,NO_REGISTRA,OTRO,,,,
2022-01-06 22:58:32,-3.987124,-79.203252,Av. Pio Jaramillo,CON_FALLECIDOS,Choque Vehicular,Estado de embriaguez,75,FALLECIDO,MUJER,SCOOTER,11,LESIONADO,HOMBRE,PEATON,33,LESIONADO,MUJER,PEATON
2022-02-25 06:52:38,-4.034924,-79.225460,Av. Gran Colombia,CON_FALLECIDOS,Colision Multiple,Estado de embriaguez,32,FALLECIDO,MUJER,MOTOCICLETA,79,FALLECIDO,MUJER,CICLISTA,,,,
2022-01-13 09:39:03,-3.996698,-79.178039,Av. Orillas del Zamora,SOLO_DANOS,Incendio,Distraccion (celular/radio),,,,,,,,,,,,
2022-12-25 14:38:52,-3.991604,-79.176477,Calle Mercadillo,CON_LESIONADOS,Atropellamiento,Fatiga del conductor,53,LESIONADO,HOMBRE,VEH_LIVIANO,21,LESIONADO,NO_REGISTRA,PEATON,15,LESIONADO,HOMBRE,OTRO
2022-11-20 06:46:17,-3.999485,-79.214557,Calle Miguel Riofrio,SOLO_DANOS,Incendio,Falla mecanica,,,,,,,,,,,,
2022-10-18 23:33:16,-4.005778,-79.196710,Av. Reinaldo Espinosa,CON_FALLECIDOS,Accidente Laboral,Equipo de seguridad deficiente,60,FALLECIDO,MUJER,CICLISTA,54,LESIONADO,NO_REGISTRA,OTRO,38,LESIONADO,NO_REGISTRA,MOTOCICLETA
2022-02-19 18:40:27,-4.015392,-79.224155,Calle Ramon Borrero,CON_LESIONADOS,Caida,Estado de embriaguez,47,LESIONADO,HOMBRE,CICLISTA,,,,,,,,
2022-03-10 13:24:18,-3.987508,-79.184277,Ruta 35,CON_LESIONADOS,Colision Multiple,Via resbaladiza o mojada,63,LESIONADO,NO_REGISTRA,VEH_LIVIANO,,,,,,,,
2022-04-17 07:42:00,-3.980077,-79.204610,Calle 10 de Agosto,CON_LESIONADOS,Atropellamiento,Mal estado de la via,70,LESIONADO,MUJER,PEATON,48,LESIONADO,NO_REGISTRA,VEH_LIVIANO,,,,
2022-01-28 01:07:15,-3.998737,-79.173548,Calle Colon,CON_FALLECIDOS,Colision Multiple,Inobservancia de senales,65,FALLECIDO,MUJER,MOTOCICLETA,79,LESIONADO,MUJER,VEH_LIVIANO,47,LESIONADO,MUJER,VEH_LIVIANO
2022-02-16 19:40:12,-3.980736,-79.184942,Av. Orillas del Zamora,CON_LESIONADOS,Choque Vehicular,Fatiga del conductor,80,LESIONADO,HOMBRE,VEH_LIVIANO,38,LESIONADO,HOMBRE,SCOOTER,32,LESIONADO,HOMBRE,VEH_LIVIANO
2022-07-28 07:15:17,-4.011931,-79.228353,Calle Rocafuerte,CON_LESIONADOS,Volcamiento,Fatiga del conductor,47,LESIONADO,NO_REGISTRA,OTRO,63,LESIONADO,HOMBRE,PEATON,,,,
2022-06-11 14:26:08,-3.997388,-79.190864,Calle Ramon Borrero,CON_LESIONADOS,Volcamiento,Visibilidad reducida,55,LESIONADO,NO_REGISTRA,MOTOCICLETA,46,LESIONADO,HOMBRE,CICLISTA,,,,
2022-04-22 10:59:20,-4.029870,-79.188438,Av. Reinaldo Espinosa,CON_LESIONADOS,Choque Vehicular,Falla mecanica,31,LESIONADO,MUJER,MOTOCICLETA,,,,,,,,
2022-05-03 08:02:53,-4.035500,-79.185050,Av. 8 de Diciembre,SOLO_DANOS,Colision Multiple,Exceso de velocidad,,,,,,,,,,,,
2022-10-21 18:14:10,-4.033077,-79.217670,Av. Rosa Hermosa,CON_FALLECIDOS,Choque Vehicular,Factores externos,30,FALLECIDO,NO_REGISTRA,PEATON,34,FALLECIDO,MUJER,CICLISTA,33,LESIONADO,HOMBRE,VEH_LIVIANO
2022-01-23 22:36:20,-3.993360,-79.190005,Via Loja - Zamora,CON_FALLECIDOS,Caida,Imprudencia del conductor,36,FALLECIDO,MUJER,MOTOCICLETA,40,FALLECIDO,NO_REGISTRA,MOTOCICLETA,13,LESIONADO,MUJER,VEH_LIVIANO
2022-12-21 04:27:36,-4.017307,-79.191165,Av. 8 de Diciembre,CON_FALLECIDOS,Colision Multiple,Factores externos,47,FALLECIDO,HOMBRE,PEATON,61,FALLECIDO,HOMBRE,CICLISTA,15,LESIONADO,MUJER,CICLISTA
2022-03-14 08:05:45,-3.980130,-79.179964,Av. 8 de Diciembre,CON_LESIONADOS,Accidente Laboral,Visibilidad reducida,57,LESIONADO,NO_REGISTRA,VEH_LIVIANO,54,LESIONADO,HOMBRE,CICLISTA,,,,
2022-04-07 15:33:49,-3.996731,-79.175359,Calle Bolivar,CON_FALLECIDOS,Caida,Imprudencia del conductor,76,FALLECIDO,HOMBRE,OTRO,,,,,,,,
2022-12-06 18:48:20,-3.991665,-79.207462,Calle 10 de Agosto,CON_FALLECIDOS,Accidente Laboral,Equipo de seguridad deficiente,85,FALLECIDO,NO_REGISTRA,VEH_LIVIANO,23,FALLECIDO,MUJER,PEATON,52,LESIONADO,MUJER,MOTOCICLETA
2022-09-20 14:08:29,-3.981012,-79.201635,Calle 18 de Noviembre,CON_LESIONADOS,Caida,Distraccion (celular/radio),5,LESIONADO,NO_REGISTRA,PEATON,34,LESIONADO,MUJER,VEH_LIVIANO,,,,
2022-09-15 03:29:00,-3.996224,-79.201103,Av. Pio Jaramillo,CON_FALLECIDOS,Volcamiento,Fatiga del conductor,24,FALLECIDO,MUJER,CICLISTA,,,,,,,,
2022-03-29 16:28:34,-3.991852,-79.187449,Calle Saraguro,CON_LESIONADOS,Volcamiento,Factores externos,52,LESIONADO,HOMBRE,PEATON,69,LESIONADO,MUJER,VEH_LIVIANO,,,,
2022-07-18 02:15:05,-4.023893,-79.184404,Calle Miguel Riofrio,CON_FALLECIDOS,Choque Vehicular,Factores externos,68,FALLECIDO,HOMBRE,MOTOCICLETA,75,LESIONADO,HOMBRE,MOTOCICLETA,,,,
2022-08-14 18:23:29,-3.982245,-79.201444,Calle Imbabura,CON_FALLECIDOS,Colision Multiple,Fatiga del conductor,23,FALLECIDO,MUJER,MOTOCICLETA,83,FALLECIDO,MUJER,OTRO,52,LESIONADO,MUJER,SCOOTER
2022-12-02 17:03:20,-3.994994,-79.210393,Av. Isidro Ayora,CON_FALLECIDOS,Volcamiento,Fatiga del conductor,18,FALLECIDO,MUJER,VEH_LIVIANO,68,FALLECIDO,NO_REGISTRA,CICLISTA,53,LESIONADO,HOMBRE,SCOOTER
2022-01-11 05:37:58,-4.030177,-79.217534,Av. Reinaldo Espinosa,SOLO_DANOS,Incendio,Equipo de seguridad deficiente,,,,,,,,,,,,
2022-01-10 20:10:15,-4.013567,-79.182998,Av. Universitaria,CON_LESIONADOS,Accidente Laboral,Imprudencia del conductor,16,LESIONADO,NO_REGISTRA,PEATON,13,LESIONADO,HOMBRE,PEATON,79,LESIONADO,HOMBRE,MOTOCICLETA
2022-09-23 06:32:01,-3.998683,-79.178796,Calle Montufar,SOLO_DANOS,Volcamiento,Estado de embriaguez,,,,,,,,,,,,
2022-10-05 11:04:42,-4.036078,-79.198483,Calle Miguel Riofrio,CON_LESIONADOS,Caida,Imprudencia del conductor,7,LESIONADO,NO_REGISTRA,MOTOCICLETA,,,,,,,,
2022-11-10 13:16:27,-4.002384,-79.206747,Calle 18 de Noviembre,CON_FALLECIDOS,Colision Multiple,Factores externos,60,FALLECIDO,HOMBRE,PEATON,77,FALLECIDO,HOMBRE,PEATON,54,LESIONADO,MUJER,SCOOTER
2022-09-25 01:40:45,-4.010153,-79.226797,Av. Cuxibamba,CON_FALLECIDOS,Volcamiento,Estado de embriaguez,37,FALLECIDO,MUJER,SCOOTER,75,FALLECIDO,HOMBRE,VEH_LIVIANO,72,LESIONADO,MUJER,SCOOTER
2022-02-20 14:39:01,-3.983986,-79.196990,Calle Bolivar,CON_FALLECIDOS,Choque Vehicular,Mal estado de la via,24,FALLECIDO,MUJER,OTRO,63,LESIONADO,HOMBRE,VEH_LIVIANO,,,,
2022-11-16 21:29:53,-3.997552,-79.214465,Av. Metropolitana,SOLO_DANOS,Atropellamiento,Imprudencia del conductor,,,,,,,,,,,,
2022-07-27 19:02:40,-4.004175,-79.197986,Av. Universitaria,CON_FALLECIDOS,Accidente Laboral,Inobservancia de senales,79,FALLECIDO,NO_REGISTRA,OTRO,31,FALLECIDO,NO_REGISTRA,CICLISTA,34,LESIONADO,NO_REGISTRA,PEATON
2022-05-04 19:25:10,-4.016608,-79.208876,Calle Ramon Borrero,SOLO_DANOS,Colision Multiple,Estado de embriaguez,,,,,,,,,,,,
2022-10-20 17:49:24,-4.035848,-79.202022,Calle Sucre,CON_LESIONADOS,Incendio,Estado de embriaguez,19,LESIONADO,HOMBRE,MOTOCICLETA,73,LESIONADO,MUJER,VEH_LIVIANO,37,LESIONADO,NO_REGISTRA,VEH_LIVIANO
2022-08-19 22:11:15,-4.011303,-79.194354,Calle Saraguro,CON_LESIONADOS,Choque Vehicular,Exceso de velocidad,36,LESIONADO,MUJER,VEH_LIVIANO,,,,,,,,
2022-09-07 06:33:06,-4.015001,-79.189978,Calle Mercadillo,SOLO_DANOS,Colision Multiple,Via resbaladiza o mojada,,,,,,,,,,,,
2022-09-30 11:35:48,-4.010843,-79.223594,Via Loja - Catamayo,CON_LESIONADOS,Caida,Factores externos,53,LESIONADO,NO_REGISTRA,SCOOTER,65,LESIONADO,MUJER,MOTOCICLETA,,,,
2022-05-19 00:56:51,-3.981141,-79.218603,Calle Montufar,SOLO_DANOS,Choque Vehicular,Fatiga del conductor,,,,,,,,,,,,
2022-09-12 06:17:21,-4.007732,-79.204802,Av. Rosa Hermosa,CON_LESIONADOS,Atropellamiento,Distraccion (celular/radio),31,LESIONADO,HOMBRE,SCOOTER,,,,,,,,
2022-04-18 15:34:00,-4.036694,-79.205902,Calle Azogues,CON_LESIONADOS,Colision Multiple,Equipo de seguridad deficiente,67,LESIONADO,HOMBRE,OTRO,50,LESIONADO,MUJER,SCOOTER,20,LESIONADO,MUJER,SCOOTER
2022-02-28 07:59:19,-4.019666,-79.180348,Ruta 35,CON_LESIONADOS,Choque Vehicular,Mal estado de la via,34,LESIONADO,NO_REGISTRA,CICLISTA,,,,,,,,
2022-12-30 05:35:09,-4.031935,-79.230770,Calle Miguel Riofrio,CON_LESIONADOS,Colision Multiple,Falla mecanica,57,LESIONADO,HOMBRE,PEATON,5,LESIONADO,NO_REGISTRA,VEH_LIVIANO,,,,
2022-05-18 08:06:34,-4.000108,-79.227727,Av. Isidro Ayora,SOLO_DANOS,Atropellamiento,Factores externos,,,,,,,,,,,,
2022-10-23 19:18:48,-3.981953,-79.186381,Calle Ramon Borrero,CON_FALLECIDOS,Caida,Estado de embriaguez,18,FALLECIDO,NO_REGISTRA,MOTOCICLETA,66,FALLECIDO,NO_REGISTRA,SCOOTER,51,LESIONADO,MUJER,SCOOTER
2022-07-25 13:02:17,-4.022523,-79.178903,Av. Reinaldo Espinosa,SOLO_DANOS,Volcamiento,Distraccion (celular/radio),,,,,,,,,,,,
2022-04-05 12:45:06,-4.033633,-79.203470,Calle Sucre,SOLO_DANOS,Volcamiento,Via resbaladiza o mojada,,,,,,,,,,,,
2022-06-15 03:19:42,-4.013272,-79.182960,Calle Quito,SOLO_DANOS,Volcamiento,Distraccion (celular/radio),,,,,,,,,,,,
2022-12-15 23:57:05,-3.984623,-79.228608,Calle Imbabura,CON_LESIONADOS,Caida,Visibilidad reducida,51,LESIONADO,MUJER,VEH_LIVIANO,54,LESIONADO,HOMBRE,MOTOCICLETA,,,,
2023-01-28 10:22:53,-3.980520,-79.179050,Calle Montufar,SOLO_DANOS,Colision Multiple,Via resbaladiza o mojada,,,,,,,,,,,,
2023-12-09 10:06:56,-3.993634,-79.172226,Calle Bolivar,CON_LESIONADOS,Colision Multiple,Falla mecanica,31,LESIONADO,NO_REGISTRA,OTRO,20,LESIONADO,MUJER,OTRO,,,,
2023-05-01 14:45:58,-4.031073,-79.208292,Av. Cuxibamba,CON_LESIONADOS,Atropellamiento,Visibilidad reducida,63,LESIONADO,HOMBRE,VEH_LIVIANO,25,LESIONADO,MUJER,SCOOTER,,,,
2023-05-04 21:48:07,-4.024580,-79.183456,Av. Manuel Agustin Aguirre,CON_FALLECIDOS,Choque Vehicular,Fatiga del conductor,31,FALLECIDO,HOMBRE,VEH_LIVIANO,47,LESIONADO,NO_REGISTRA,MOTOCICLETA,62,LESIONADO,NO_REGISTRA,CICLISTA
2023-09-08 07:56:06,-4.016456,-79.229067,Calle Colon,CON_FALLECIDOS,Choque Vehicular,Equipo de seguridad deficiente,68,FALLECIDO,NO_REGISTRA,SCOOTER,,,,,,,,
2023-06-05 08:12:46,-3.994067,-79.191844,Calle Ramon Borrero,SOLO_DANOS,Caida,Estado de embriaguez,,,,,,,,,,,,
2023-11-11 21:10:33,-4.031053,-79.201916,Calle Imbabura,CON_FALLECIDOS,Choque Vehicular,Inobservancia de senales,55,FALLECIDO,NO_REGISTRA,PEATON,26,FALLECIDO,MUJER,SCOOTER,35,LESIONADO,MUJER,OTRO
2023-04-18 22:51:43,-3.979027,-79.217933,Calle Ramon Borrero,SOLO_DANOS,Atropellamiento,Falla mecanica,,,,,,,,,,,,
2023-06-12 21:00:38,-4.000470,-79.185779,Av. Pio Jaramillo,CON_FALLECIDOS,Atropellamiento,Falla mecanica,45,FALLECIDO,NO_REGISTRA,PEATON,,,,,,,,
2023-01-06 05:23:01,-4.035439,-79.180043,Calle Rocafuerte,CON_LESIONADOS,Caida,Estado de embriaguez,11,LESIONADO,MUJER,VEH_LIVIANO,11,LESIONADO,HOMBRE,PEATON,25,LESIONADO,MUJER,PEATON
2023-05-02 12:46:36,-4.001287,-79.176814,Calle Miguel Riofrio,SOLO_DANOS,Atropellamiento,Estado de embriaguez,,,,,,,,,,,,
2023-04-17 03:04:11,-3.979472,-79.184365,Calle Saraguro,CON_FALLECIDOS,Choque Vehicular,Fatiga del conductor,43,FALLECIDO,HOMBRE,OTRO,15,LESIONADO,NO_REGISTRA,MOTOCICLETA,78,LESIONADO,MUJER,CICLISTA
2023-01-24 10:52:30,-3.982267,-79.225121,Av. Universitaria,CON_LESIONADOS,Incendio,Inobservancia de senales,74,LESIONADO,NO_REGISTRA,PEATON,,,,,,,,
2023-02-13 09:39:01,-4.011278,-79.178057,Av. Universitaria,CON_LESIONADOS,Accidente Laboral,Visibilidad reducida,7,LESIONADO,HOMBRE,OTRO,,,,,,,,
2023-12-03 12:22:56,-4.007381,-79.222099,Av. Rosa Hermosa,CON_FALLECIDOS,Caida,Fatiga del conductor,33,FALLECIDO,HOMBRE,PEATON,69,LESIONADO,HOMBRE,MOTOCICLETA,55,LESIONADO,MUJER,MOTOCICLETA
2023-10-15 01:43:49,-4.016900,-79.182784,Av. 8 de Diciembre,SOLO_DANOS,Colision Multiple,Exceso de velocidad,,,,,,,,,,,,
2023-08-04 16:28:51,-4.008315,-79.222958,Av. Pio Jaramillo,SOLO_DANOS,Choque Vehicular,Inobservancia de senales,,,,,,,,,,,,
2023-09-18 02:38:59,-3.984188,-79.193612,Av. Reinaldo Espinosa,CON_LESIONADOS,Incendio,Exceso de velocidad,58,LESIONADO,HOMBRE,OTRO,64,LESIONADO,NO_REGISTRA,SCOOTER,,,,
2023-01-18 04:57:33,-4.027210,-79.174248,Av. 8 de Diciembre,SOLO_DANOS,Caida,Mal estado de la via,,,,,,,,,,,,
2023-12-21 14:51:57,-4.025899,-79.173952,Via Loja - Zamora,CON_LESIONADOS,Atropellamiento,Estado de embriaguez,12,LESIONADO,MUJER,PEATON,17,LESIONADO,NO_REGISTRA,VEH_LIVIANO,75,LESIONADO,MUJER,SCOOTER
2023-04-08 17:39:47,-4.019861,-79.215226,Av. 8 de Diciembre,SOLO_DANOS,Atropellamiento,Fatiga del conductor,,,,,,,,,,,,
2023-11-19 02:33:16,-4.010489,-79.198906,Calle Mercadillo,CON_LESIONADOS,Colision Multiple,Falla mecanica,17,LESIONADO,MUJER,VEH_LIVIANO,36,LESIONADO,MUJER,MOTOCICLETA,,,,
2023-09-08 04:24:55,-3.978972,-79.212740,Calle Azogues,CON_LESIONADOS,Volcamiento,Fatiga del conductor,36,LESIONADO,HOMBRE,VEH_LIVIANO,68,LESIONADO,HOMBRE,CICLISTA,,,,
2023-06-04 17:08:15,-3.988039,-79.222711,Calle Miguel Riofrio,CON_LESIONADOS,Choque Vehicular,Imprudencia del conductor,47,LESIONADO,NO_REGISTRA,OTRO,,,,,,,,
2023-03-06 09:41:46,-3.984206,-79.179719,Calle Miguel Riofrio,CON_FALLECIDOS,Incendio,Falla mecanica,30,FALLECIDO,HOMBRE,MOTOCICLETA,27,FALLECIDO,NO_REGISTRA,MOTOCICLETA,,,,
2023-11-20 03:23:36,-3.998766,-79.219972,Calle Montufar,CON_FALLECIDOS,Choque Vehicular,Estado de embriaguez,78,FALLECIDO,MUJER,OTRO,42,FALLECIDO,MUJER,OTRO,47,LESIONADO,NO_REGISTRA,CICLISTA
2023-09-21 04:09:16,-4.018018,-79.216967,Av. Universitaria,CON_LESIONADOS,Choque Vehicular,Estado de embriaguez,74,LESIONADO,NO_REGISTRA,PEATON,52,LESIONADO,MUJER,OTRO,37,LESIONADO,MUJER,VEH_LIVIANO
2023-05-10 09:07:02,-4.005170,-79.194910,Calle Quito,CON_FALLECIDOS,Incendio,Factores externos,77,FALLECIDO,NO_REGISTRA,CICLISTA,29,FALLECIDO,HOMBRE,SCOOTER,9,LESIONADO,NO_REGISTRA,MOTOCICLETA
2023-12-07 03:38:23,-4.001922,-79.215982,Av. Reinaldo Espinosa,SOLO_DANOS,Caida,Exceso de velocidad,,,,,,,,,,,,
2023-01-11 03:04:35,-4.017795,-79.180906,Calle Bolivar,SOLO_DANOS,Colision Multiple,Distraccion (celular/radio),,,,,,,,,,,,
2023-05-07 04:02:54,-4.014345,-79.196384,Calle Colon,CON_LESIONADOS,Atropellamiento,Estado de embriaguez,47,LESIONADO,MUJER,OTRO,54,LESIONADO,HOMBRE,MOTOCICLETA,66,LESIONADO,HOMBRE,SCOOTER
2023-07-15 10:31:16,-4.018943,-79.171373,Calle Mercadillo,SOLO_DANOS,Accidente Laboral,Fatiga del conductor,,,,,,,,,,,,
2023-12-04 08:26:54,-3.989470,-79.221327,Av. Orillas del Zamora,SOLO_DANOS,Accidente Laboral,Inobservancia de senales,,,,,,,,,,,,
2023-04-28 10:52:06,-4.030322,-79.191093,Calle Montufar,CON_FALLECIDOS,Caida,Imprudencia del conductor,67,FALLECIDO,MUJER,VEH_LIVIANO,60,FALLECIDO,NO_REGISTRA,PEATON,79,LESIONADO,MUJER,OTRO
2023-02-03 05:35:47,-3.985928,-79.181160,Av. Manuel Agustin Aguirre,SOLO_DANOS,Incendio,Exceso de velocidad,,,,,,,,,,,,
2023-02-08 01:23:50,-4.004523,-79.173897,Calle Ramon Borrero,CON_LESIONADOS,Atropellamiento,Exceso de velocidad,55,LESIONADO,NO_REGISTRA,MOTOCICLETA,33,LESIONADO,HOMBRE,SCOOTER,,,,
2023-09-21 12:08:14,-4.024157,-79.192625,Calle Colon,CON_FALLECIDOS,Choque Vehicular,Equipo de seguridad deficiente,65,FALLECIDO,MUJER,MOTOCICLETA,62,FALLECIDO,MUJER,VEH_LIVIANO,68,LESIONADO,HOMBRE,SCOOTER
2023-11-27 14:23:00,-4.014804,-79.198279,Av. Pio Jaramillo,CON_LESIONADOS,Incendio,Inobservancia de senales,38,LESIONADO,HOMBRE,MOTOCICLETA,51,LESIONADO,NO_REGISTRA,SCOOTER,,,,
2023-02-17 04:08:40,-3.988271,-79.175960,Calle Miguel Riofrio,SOLO_DANOS,Incendio,Imprudencia del conductor,73,LESIONADO,MUJER,CICLISTA,,,,,,,,
2023-01-20 02:54:02,-4.028718,-79.216820,Calle 18 de Noviembre,CON_FALLECIDOS,Caida,Imprudencia del conductor,68,FALLECIDO,MUJER,MOTOCICLETA,53,LESIONADO,NO_REGISTRA,PEATON,6,LESIONADO,NO_REGISTRA,MOTOCICLETA
2023-06-08 05:51:44,-4.028818,-79.230441,Av. 8 de Diciembre,CON_LESIONADOS,Atropellamiento,Exceso de velocidad,58,LESIONADO,HOMBRE,SCOOTER,36,LESIONADO,NO_REGISTRA,SCOOTER,,,,
2023-04-25 05:34:10,-4.019298,-79.194183,Av. Rosa Hermosa,CON_FALLECIDOS,Colision Multiple,Exceso de velocidad,45,FALLECIDO,HOMBRE,SCOOTER,71,LESIONADO,MUJER,SCOOTER,38,LESIONADO,MUJER,MOTOCICLETA
2023-08-02 19:04:56,-3.988165,-79.217502,Calle Sucre,CON_LESIONADOS,Atropellamiento,Estado de embriaguez,62,LESIONADO,HOMBRE,OTRO,77,LESIONADO,NO_REGISTRA,SCOOTER,,,,
2023-01-04 07:58:43,-4.020843,-79.206610,Via Loja - Zamora,CON_FALLECIDOS,Colision Multiple,Equipo de seguridad deficiente,28,FALLECIDO,HOMBRE,CICLISTA,26,FALLECIDO,HOMBRE,CICLISTA,,,,
2023-08-22 15:46:59,-4.028869,-79.213464,Calle Montufar,SOLO_DANOS,Colision Multiple,Imprudencia del conductor,,,,,,,,,,,,
2023-09-18 22:52:58,-3.979806,-79.190209,Calle Sucre,CON_LESIONADOS,Incendio,Mal estado de la via,20,LESIONADO,MUJER,CICLISTA,,,,,,,,
2023-06-21 15:21:31,-4.017627,-79.177809,Calle 18 de Noviembre,CON_FALLECIDOS,Colision Multiple,Mal estado de la via,44,FALLECIDO,MUJER,PEATON,59,FALLECIDO,MUJER,VEH_LIVIANO,,,,
2023-08-13 05:55:27,-3.987721,-79.210785,Calle Bolivar,SOLO_DANOS,Caida,Falla mecanica,19,LESIONADO,HOMBRE,PEATON,,,,,,,,
2023-07-24 02:05:35,-3.990582,-79.210641,Calle 18 de Noviembre,CON_FALLECIDOS,Accidente Laboral,Exceso de velocidad,52,FALLECIDO,MUJER,SCOOTER,51,FALLECIDO,HOMBRE,PEATON,,,,
2023-02-22 19:17:30,-4.012190,-79.197603,Calle Ramon Borrero,CON_LESIONADOS,Colision Multiple,Factores externos,22,LESIONADO,HOMBRE,VEH_LIVIANO,64,LESIONADO,HOMBRE,OTRO,16,LESIONADO,NO_REGISTRA,PEATON
2023-10-23 20:55:53,-4.020140,-79.219162,Calle Miguel Riofrio,SOLO_DANOS,Atropellamiento,Equipo de seguridad deficiente,,,,,,,,,,,,
2023-09-13 17:41:00,-3.982407,-79.192709,Av. Universitaria,CON_FALLECIDOS,Colision Multiple,Via resbaladiza o mojada,84,FALLECIDO,HOMBRE,PEATON,,,,,,,,
2023-11-02 20:45:08,-4.009912,-79.201342,Calle Quito,CON_FALLECIDOS,Atropellamiento,Estado de embriaguez,70,FALLECIDO,HOMBRE,CICLISTA,85,FALLECIDO,MUJER,VEH_LIVIANO,69,LESIONADO,MUJER,PEATON
2023-02-10 16:01:56,-4.036050,-79.207496,Calle Mercadillo,CON_FALLECIDOS,Incendio,Visibilidad reducida,83,FALLECIDO,HOMBRE,VEH_LIVIANO,59,FALLECIDO,HOMBRE,VEH_LIVIANO,7,LESIONADO,NO_REGISTRA,PEATON
2023-06-17 13:03:55,-3.999037,-79.214439,Ruta 35,CON_LESIONADOS,Choque Vehicular,Inobservancia de senales,21,LESIONADO,HOMBRE,OTRO,,,,,,,,
2023-08-01 00:46:43,-3.991320,-79.224245,Calle Azogues,SOLO_DANOS,Incendio,Inobservancia de senales,,,,,,,,,,,,
2023-08-16 01:00:28,-4.000929,-79.204950,Calle Imbabura,CON_LESIONADOS,Colision Multiple,Exceso de velocidad,25,LESIONADO,NO_REGISTRA,VEH_LIVIANO,62,LESIONADO,NO_REGISTRA,CICLISTA,,,,
2023-09-25 23:20:58,-3.995728,-79.212070,Calle Bolivar,CON_LESIONADOS,Incendio,Visibilidad reducida,61,LESIONADO,HOMBRE,PEATON,,,,,,,,
2023-11-12 16:47:21,-3.999188,-79.203345,Calle Montufar,CON_LESIONADOS,Atropellamiento,Equipo de seguridad deficiente,69,LESIONADO,NO_REGISTRA,PEATON,48,LESIONADO,NO_REGISTRA,VEH_LIVIANO,35,LESIONADO,NO_REGISTRA,PEATON
2023-01-21 20:35:18,-4.010693,-79.222156,Av. Reinaldo Espinosa,CON_FALLECIDOS,Colision Multiple,Exceso de velocidad,37,FALLECIDO,HOMBRE,SCOOTER,27,LESIONADO,HOMBRE,OTRO,8,LESIONADO,NO_REGISTRA,MOTOCICLETA
2023-08-30 03:31:53,-3.982802,-79.225530,Av. Reinaldo Espinosa,CON_LESIONADOS,Volcamiento,Via resbaladiza o mojada,30,LESIONADO,HOMBRE,SCOOTER,53,LESIONADO,NO_REGISTRA,PEATON,,,,
2023-12-14 00:24:55,-3.978202,-79.221804,Calle 10 de Agosto,CON_FALLECIDOS,Atropellamiento,Exceso de velocidad,50,FALLECIDO,HOMBRE,MOTOCICLETA,39,FALLECIDO,MUJER,VEH_LIVIANO,24,LESIONADO,HOMBRE,PEATON
2023-12-14 02:01:27,-4.004143,-79.198164,Calle Azogues,CON_LESIONADOS,Colision Multiple,Falla mecanica,17,LESIONADO,HOMBRE,SCOOTER,16,LESIONADO,MUJER,OTRO,,,,
2023-12-14 19:19:17,-4.001453,-79.205048,Calle 10 de Agosto,CON_LESIONADOS,Colision Multiple,Imprudencia del conductor,64,LESIONADO,NO_REGISTRA,CICLISTA,71,LESIONADO,NO_REGISTRA,SCOOTER,,,,
2023-04-21 20:04:54,-4.014941,-79.226209,Via Loja - Zamora,SOLO_DANOS,Accidente Laboral,Estado de embriaguez,,,,,,,,,,,,
2023-11-09 01:08:56,-4.007163,-79.213310,Calle Rocafuerte,SOLO_DANOS,Atropellamiento,Falla mecanica,,,,,,,,,,,,
2023-11-26 05:27:07,-4.000021,-79.219294,Av. Rosa Hermosa,CON_LESIONADOS,Choque Vehicular,Inobservancia de senales,29,LESIONADO,HOMBRE,PEATON,58,LESIONADO,HOMBRE,MOTOCICLETA,,,,
2023-09-21 17:28:17,-4.015615,-79.187996,Calle Ramon Borrero,CON_FALLECIDOS,Choque Vehicular,Estado de embriaguez,74,FALLECIDO,MUJER,CICLISTA,48,FALLECIDO,NO_REGISTRA,CICLISTA,54,LESIONADO,HOMBRE,CICLISTA
2023-11-01 08:20:32,-3.991566,-79.216613,Calle Sucre,CON_FALLECIDOS,Choque Vehicular,Factores externos,43,FALLECIDO,HOMBRE,VEH_LIVIANO,52,FALLECIDO,MUJER,CICLISTA,47,LESIONADO,NO_REGISTRA,MOTOCICLETA
2023-11-24 20:40:50,-4.024123,-79.197262,Av. 8 de Diciembre,SOLO_DANOS,Volcamiento,Inobservancia de senales,,,,,,,,,,,,