fecha_hora,latitud,longitud,via,grado_severidad,tipo_siniestro,causa_probable,victima1_edad,victima1_condicion,victima1_sexo,victima1_actor_vial,victima2_edad,victima2_condicion,victima2_sexo,victima2_actor_vial,victima3_edad,victima3_condicion,victima3_sexo,victima3_actor_vial
2023-10-12 12:46:58,-4.002361,-79.211216,Av. Pio Jaramillo,CON_FALLECIDOS,Atropellamiento,Mal estado de la via,33,FALLECIDO,NO_REGISTRA,VEH_LIVIANO,42,LESIONADO,MUJER,MOTOCICLETA,11,LESIONADO,NO_REGISTRA,SCOOTER
2023-09-15 05:28:33,-3.979989,-79.179813,Calle Mercadillo,CON_LESIONADOS,Accidente Laboral,Visibilidad reducida,26,LESIONADO,MUJER,VEH_LIVIANO,,,,,,,,
2023-01-01 11:52:49,-4.008293,-79.220287,Calle Miguel Riofrio,CON_FALLECIDOS,Volcamiento,Fatiga del conductor,32,FALLECIDO,MUJER,VEH_LIVIANO,47,LESIONADO,HOMBRE,MOTOCICLETA,,,,
2023-01-12 20:26:11,-3.991146,-79.211878,Calle Ramon Borrero,CON_FALLECIDOS,Accidente Laboral,Fatiga del conductor,56,FALLECIDO,MUJER,VEH_LIVIANO,18,FALLECIDO,HOMBRE,CICLISTA,57,LESIONADO,MUJER,CICLISTA
2023-01-14 06:45:22,-4.035235,-79.223809,Av. Gran Colombia,CON_LESIONADOS,Caida,Via resbaladiza o mojada,72,LESIONADO,HOMBRE,OTRO,58,LESIONADO,MUJER,CICLISTA,,,,
2023-08-31 23:27:57,-4.029223,-79.194112,Calle 10 de Agosto,CON_LESIONADOS,Atropellamiento,Mal estado de la via,49,LESIONADO,HOMBRE,SCOOTER,56,LESIONADO,HOMBRE,MOTOCICLETA,,,,
2023-05-30 21:08:01,-4.006232,-79.198749,Calle Rocafuerte,SOLO_DANOS,Atropellamiento,Estado de embriaguez,,,,,,,,,,,,
2023-01-10 03:18:07,-4.003067,-79.223370,Av. Cuxibamba,SOLO_DANOS,Incendio,Inobservancia de senales,,,,,,,,,,,,
2023-12-17 21:47:33,-4.036437,-79.177758,Av. Metropolitana,SOLO_DANOS,Choque Vehicular,Imprudencia del conductor,,,,,,,,,,,,
2023-07-21 22:49:40,-3.997163,-79.192376,Ruta 35,SOLO_DANOS,Caida,Inobservancia de senales,,,,,,,,,,,,
2023-03-21 09:00:27,-3.990961,-79.177687,Ruta 35,CON_FALLECIDOS,Incendio,Fatiga del conductor,44,FALLECIDO,NO_REGISTRA,VEH_LIVIANO,52,FALLECIDO,NO_REGISTRA,OTRO,69,LESIONADO,NO_REGISTRA,PEATON
2023-10-21 21:01:03,-4.014577,-79.192386,Av. 8 de Diciembre,CON_FALLECIDOS,Atropellamiento,Mal estado de la via,78,FALLECIDO,MUJER,MOTOCICLETA,68,FALLECIDO,HOMBRE,VEH_LIVIANO,63,LESIONADO,NO_REGISTRA,VEH_LIVIANO
2023-04-02 11:46:31,-3.993769,-79.192403,Calle Quito,CON_FALLECIDOS,Volcamiento,Factores externos,55,FALLECIDO,NO_REGISTRA,VEH_LIVIANO,,,,,,,,
2023-10-03 21:17:44,-3.991595,-79.175339,Av. Universitaria,CON_FALLECIDOS,Choque Vehicular,Estado de embriaguez,75,FALLECIDO,HOMBRE,MOTOCICLETA,53,FALLECIDO,MUJER,MOTOCICLETA,42,LESIONADO,MUJER,CICLISTA
2023-06-13 13:42:12,-4.031999,-79.222814,Av. Rosa Hermosa,SOLO_DANOS,Choque Vehicular,Via resbaladiza o mojada,,,,,,,,,,,,
2023-04-04 21:59:18,-4.032503,-79.201418,Calle Rocafuerte,CON_LESIONADOS,Incendio,Inobservancia de senales,16,LESIONADO,NO_REGISTRA,CICLISTA,43,LESIONADO,MUJER,OTRO,,,,
2023-03-09 09:35:19,-4.015038,-79.184682,Av. Universitaria,SOLO_DANOS,Colision Multiple,Exceso de velocidad,,,,,,,,,,,,
2023-03-08 08:34:30,-4.026249,-79.184958,Av. Universitaria,CON_FALLECIDOS,Volcamiento,Imprudencia del conductor,50,FALLECIDO,NO_REGISTRA,VEH_LIVIANO,30,FALLECIDO,MUJER,SCOOTER,50,LESIONADO,HOMBRE,VEH_LIVIANO
2023-09-24 00:01:57,-3.985476,-79.183763,Av. Reinaldo Espinosa,CON_LESIONADOS,Atropellamiento,Fatiga del conductor,71,LESIONADO,NO_REGISTRA,CICLISTA,12,LESIONADO,HOMBRE,VEH_LIVIANO,,,,
2023-12-23 00:14:26,-3.978841,-79.228451,Calle Bolivar,CON_LESIONADOS,Choque Vehicular,Falla mecanica,74,LESIONADO,NO_REGISTRA,PEATON,72,LESIONADO,NO_REGISTRA,PEATON,51,LESIONADO,MUJER,SCOOTER
2023-11-08 09:01:40,-4.023388,-79.220344,Av. Reinaldo Espinosa,CON_LESIONADOS,Atropellamiento,Via resbaladiza o mojada,5,LESIONADO,HOMBRE,SCOOTER,30,LESIONADO,MUJER,OTRO,,,,
2023-09-22 15:32:27,-4.013631,-79.224141,Calle Quito,CON_FALLECIDOS,Incendio,Via resbaladiza o mojada,19,FALLECIDO,NO_REGISTRA,SCOOTER,57,FALLECIDO,NO_REGISTRA,SCOOTER,59,LESIONADO,NO_REGISTRA,OTRO
2023-12-19 10:22:45,-4.024966,-79.184074,Av. Gran Colombia,CON_LESIONADOS,Caida,Exceso de velocidad,70,LESIONADO,HOMBRE,VEH_LIVIANO,,,,,,,,
2023-03-26 17:48:18,-3.990976,-79.190282,Calle Rocafuerte,CON_FALLECIDOS,Incendio,Falla mecanica,60,FALLECIDO,NO_REGISTRA,CICLISTA,62,FALLECIDO,MUJER,CICLISTA,,,,
2023-10-01 10:12:47,-4.019796,-79.205409,Calle 18 de Noviembre,CON_LESIONADOS,Accidente Laboral,Mal estado de la via,28,LESIONADO,NO_REGISTRA,SCOOTER,,,,,,,,
2023-04-01 00:53:30,-3.994761,-79.173206,Calle Sucre,CON_FALLECIDOS,Incendio,Distraccion (celular/radio),79,FALLECIDO,NO_REGISTRA,PEATON,54,FALLECIDO,MUJER,CICLISTA,,,,
2023-01-09 04:49:26,-3.984818,-79.204795,Via Loja - Zamora,CON_FALLECIDOS,Volcamiento,Mal estado de la via,60,FALLECIDO,MUJER,MOTOCICLETA,14,LESIONADO,MUJER,PEATON,,,,
2023-09-06 21:57:14,-3.984286,-79.173109,Via Loja - Catamayo,CON_LESIONADOS,Volcamiento,Via resbaladiza o mojada,31,LESIONADO,MUJER,VEH_LIVIANO,43,LESIONADO,HOMBRE,SCOOTER,,,,
2023-09-24 06:33:32,-3.979373,-79.197419,Av. Universitaria,CON_LESIONADOS,Colision Multiple,Estado de embriaguez,73,LESIONADO,MUJER,VEH_LIVIANO,36,LESIONADO,MUJER,SCOOTER,62,LESIONADO,HOMBRE,SCOOTER
2023-04-22 23:55:23,-4.032518,-79.199280,Via Loja - Catamayo,SOLO_DANOS,Caida,Factores externos,,,,,,,,,,,,
2023-10-20 10:04:52,-3.989576,-79.224904,Av. Reinaldo Espinosa,SOLO_DANOS,Volcamiento,Estado de embriaguez,,,,,,,,,,,,
2023-03-28 23:33:55,-3.979284,-79.211105,Calle Ramon Borrero,SOLO_DANOS,Choque Vehicular,Imprudencia del conductor,,,,,,,,,,,,
2023-03-14 19:52:08,-4.032502,-79.205651,Calle Ramon Borrero,CON_LESIONADOS,Atropellamiento,Visibilidad reducida,38,LESIONADO,MUJER,PEATON,,,,,,,,
2023-10-23 20:32:28,-3.984725,-79.185128,Av. Gran Colombia,CON_LESIONADOS,Atropellamiento,Exceso de velocidad,35,LESIONADO,NO_REGISTRA,MOTOCICLETA,,,,,,,,
2023-10-18 07:38:57,-3.990159,-79.172202,Calle Sucre,CON_LESIONADOS,Colision Multiple,Visibilidad reducida,57,LESIONADO,NO_REGISTRA,OTRO,57,LESIONADO,NO_REGISTRA,PEATON,,,,
2023-01-22 16:48:20,-4.012995,-79.203985,Calle Miguel Riofrio,SOLO_DANOS,Incendio,Falla mecanica,,,,,,,,,,,,
2023-10-02 04:58:03,-3.991836,-79.180530,Av. Cuxibamba,SOLO_DANOS,Accidente Laboral,Equipo de seguridad deficiente,,,,,,,,,,,,
2023-06-11 07:31:07,-4.005963,-79.174559,Calle Azogues,CON_LESIONADOS,Incendio,Inobservancia de senales,14,LESIONADO,NO_REGISTRA,VEH_LIVIANO,18,LESIONADO,MUJER,PEATON,72,LESIONADO,MUJER,CICLISTA
2023-10-24 07:49:26,-4.005875,-79.218897,Av. 8 de Diciembre,SOLO_DANOS,Accidente Laboral,Fatiga del conductor,,,,,,,,,,,,
2023-12-21 00:45:30,-4.013947,-79.176059,Calle Imbabura,CON_LESIONADOS,Choque Vehicular,Imprudencia del conductor,17,LESIONADO,MUJER,CICLISTA,29,LESIONADO,NO_REGISTRA,SCOOTER,,,,
2023-06-30 14:12:54,-4.018273,-79.172628,Calle Azogues,CON_FALLECIDOS,Volcamiento,Visibilidad reducida,46,FALLECIDO,NO_REGISTRA,PEATON,20,LESIONADO,NO_REGISTRA,MOTOCICLETA,,,,
2023-07-13 17:56:23,-3.978529,-79.187974,Calle Azogues,CON_FALLECIDOS,Volcamiento,Falla mecanica,22,FALLECIDO,HOMBRE,SCOOTER,71,LESIONADO,MUJER,SCOOTER,,,,
2023-08-22 13:51:38,-3.978984,-79.224777,Ruta 35,CON_FALLECIDOS,Accidente Laboral,Equipo de seguridad deficiente,58,FALLECIDO,HOMBRE,CICLISTA,26,LESIONADO,HOMBRE,PEATON,,,,
2023-09-02 05:46:18,-3.980905,-79.191712,Calle Mercadillo,CON_LESIONADOS,Colision Multiple,Via resbaladiza o mojada,45,LESIONADO,NO_REGISTRA,OTRO,26,LESIONADO,HOMBRE,SCOOTER,79,LESIONADO,MUJER,PEATON
2023-09-27 12:22:58,-4.028040,-79.223618,Av. Metropolitana,SOLO_DANOS,Choque Vehicular,Falla mecanica,80,LESIONADO,MUJER,OTRO,,,,,,,,
2023-10-21 03:56:09,-3.996663,-79.212000,Calle Quito,SOLO_DANOS,Choque Vehicular,Estado de embriaguez,,,,,,,,,,,,
2023-10-20 10:30:15,-3.977974,-79.202310,Calle 18 de Noviembre,SOLO_DANOS,Volcamiento,Fatiga del conductor,,,,,,,,,,,,
2023-02-25 00:15:19,-4.023059,-79.202721,Av. Gran Colombia,SOLO_DANOS,Volcamiento,Exceso de velocidad,,,,,,,,,,,,
2023-10-13 07:27:03,-3.991909,-79.199168,Av. Orillas del Zamora,CON_LESIONADOS,Atropellamiento,Exceso de velocidad,38,LESIONADO,HOMBRE,SCOOTER,22,LESIONADO,NO_REGISTRA,MOTOCICLETA,71,LESIONADO,MUJER,MOTOCICLETA
2023-11-25 06:36:25,-4.034350,-79.194742,Via Loja - Catamayo,SOLO_DANOS,Accidente Laboral,Distraccion (celular/radio),,,,,,,,,,,,
2023-07-15 07:36:39,-4.016289,-79.179709,Av. Gran Colombia,CON_LESIONADOS,Colision Multiple,Fatiga del conductor,19,LESIONADO,HOMBRE,VEH_LIVIANO,79,LESIONADO,MUJER,PEATON,,,,
2023-02-02 02:53:24,-3.983332,-79.218755,Calle Montufar,CON_LESIONADOS,Atropellamiento,Via resbaladiza o mojada,77,LESIONADO,HOMBRE,MOTOCICLETA,48,LESIONADO,MUJER,VEH_LIVIANO,,,,
2023-04-26 09:33:51,-4.014166,-79.208169,Av. Gran Colombia,SOLO_DANOS,Accidente Laboral,Exceso de velocidad,,,,,,,,,,,,
2023-02-09 12:31:57,-4.000632,-79.228729,Calle 10 de Agosto,CON_LESIONADOS,Incendio,Mal estado de la via,33,LESIONADO,HOMBRE,SCOOTER,39,LESIONADO,HOMBRE,MOTOCICLETA,7,LESIONADO,NO_REGISTRA,CICLISTA
2023-07-25 03:48:42,-3.981553,-79.203738,Ruta 35,CON_FALLECIDOS,Volcamiento,Equipo de seguridad deficiente,60,FALLECIDO,MUJER,VEH_LIVIANO,65,FALLECIDO,NO_REGISTRA,MOTOCICLETA,36,LESIONADO,NO_REGISTRA,SCOOTER
2023-01-11 19:28:57,-4.033511,-79.211358,Av. Cuxibamba,CON_LESIONADOS,Atropellamiento,Imprudencia del conductor,22,LESIONADO,NO_REGISTRA,SCOOTER,,,,,,,,
2023-07-11 19:29:08,-4.008309,-79.179121,Av. 8 de Diciembre,CON_FALLECIDOS,Incendio,Factores externos,81,FALLECIDO,NO_REGISTRA,MOTOCICLETA,52,FALLECIDO,NO_REGISTRA,CICLISTA,74,LESIONADO,NO_REGISTRA,CICLISTA
2023-03-15 16:48:46,-3.985201,-79.221592,Calle Saraguro,CON_FALLECIDOS,Incendio,Factores externos,23,FALLECIDO,HOMBRE,PEATON,60,FALLECIDO,NO_REGISTRA,SCOOTER,9,LESIONADO,NO_REGISTRA,VEH_LIVIANO
2023-10-17 02:57:15,-4.023002,-79.180787,Calle Bolivar,CON_LESIONADOS,Accidente Laboral,Exceso de velocidad,49,LESIONADO,HOMBRE,SCOOTER,79,LESIONADO,NO_REGISTRA,PEATON,,,,
2023-04-19 23:16:14,-4.029038,-79.205363,Calle 10 de Agosto,SOLO_DANOS,Incendio,Equipo de seguridad deficiente,,,,,,,,,,,,
2023-10-16 06:12:44,-4.035787,-79.204714,Av. Pio Jaramillo,CON_FALLECIDOS,Volcamiento,Visibilidad reducida,41,FALLECIDO,NO_REGISTRA,OTRO,56,LESIONADO,NO_REGISTRA,SCOOTER,52,LESIONADO,HOMBRE,OTRO
2023-06-19 17:48:07,-4.009326,-79.186613,Calle Colon,SOLO_DANOS,Volcamiento,Visibilidad reducida,34,LESIONADO,HOMBRE,MOTOCICLETA,,,,,,,,
2023-07-02 23:32:14,-3.991410,-79.212538,Av. Cuxibamba,SOLO_DANOS,Colision Multiple,Visibilidad reducida,,,,,,,,,,,,
2023-01-24 22:49:37,-4.019501,-79.182995,Av. Isidro Ayora,CON_LESIONADOS,Choque Vehicular,Mal estado de la via,23,LESIONADO,HOMBRE,SCOOTER,29,LESIONADO,NO_REGISTRA,SCOOTER,25,LESIONADO,NO_REGISTRA,VEH_LIVIANO
2023-02-06 21:26:46,-4.035334,-79.183304,Av. 8 de Diciembre,CON_LESIONADOS,Choque Vehicular,Inobservancia de senales,57,LESIONADO,HOMBRE,PEATON,51,LESIONADO,NO_REGISTRA,PEATON,,,,
2023-02-01 02:15:07,-4.002218,-79.197456,Calle Imbabura,SOLO_DANOS,Choque Vehicular,Fatiga del conductor,,,,,,,,,,,,
2023-05-22 18:02:21,-4.034773,-79.194163,Av. Metropolitana,SOLO_DANOS,Colision Multiple,Exceso de velocidad,,,,,,,,,,,,
2023-07-03 05:03:02,-4.018341,-79.194590,Calle Sucre,CON_FALLECIDOS,Atropellamiento,Fatiga del conductor,50,FALLECIDO,MUJER,VEH_LIVIANO,54,FALLECIDO,NO_REGISTRA,SCOOTER,68,LESIONADO,HOMBRE,OTRO
2023-03-12 01:32:56,-4.024941,-79.223152,Av. Pio Jaramillo,SOLO_DANOS,Choque Vehicular,Equipo de seguridad deficiente,47,LESIONADO,MUJER,MOTOCICLETA,,,,,,,,
2023-05-04 00:49:46,-4.010948,-79.186685,Av. Metropolitana,CON_LESIONADOS,Accidente Laboral,Via resbaladiza o mojada,8,LESIONADO,HOMBRE,SCOOTER,25,LESIONADO,MUJER,OTRO,44,LESIONADO,MUJER,VEH_LIVIANO
2023-05-01 00:26:29,-4.033561,-79.175019,Via Loja - Catamayo,CON_LESIONADOS,Volcamiento,Exceso de velocidad,21,LESIONADO,NO_REGISTRA,SCOOTER,61,LESIONADO,MUJER,MOTOCICLETA,33,LESIONADO,MUJER,OTRO
2023-05-04 17:19:48,-3.988161,-79.203095,Calle Rocafuerte,SOLO_DANOS,Caida,Falla mecanica,,,,,,,,,,,,
2023-09-02 18:09:01,-4.015946,-79.223535,Calle Azogues,SOLO_DANOS,Atropellamiento,Factores externos,,,,,,,,,,,,
2023-12-29 08:53:14,-4.028887,-79.221007,Calle Rocafuerte,CON_LESIONADOS,Caida,Equipo de seguridad deficiente,59,LESIONADO,MUJER,CICLISTA,24,LESIONADO,NO_REGISTRA,CICLISTA,47,LESIONADO,HOMBRE,VEH_LIVIANO
2023-05-24 13:00:34,-3.984950,-79.225571,Calle Azogues,SOLO_DANOS,Incendio,Via resbaladiza o mojada,49,LESIONADO,NO_REGISTRA,VEH_LIVIANO,,,,,,,,
2023-12-04 12:50:05,-4.005706,-79.227079,Calle Montufar,CON_FALLECIDOS,Volcamiento,Via resbaladiza o mojada,26,FALLECIDO,MUJER,CICLISTA,75,LESIONADO,HOMBRE,CICLISTA,,,,
2023-05-18 18:28:10,-3.995585,-79.182234,Calle 18 de Noviembre,CON_LESIONADOS,Accidente Laboral,Inobservancia de senales,20,LESIONADO,NO_REGISTRA,CICLISTA,20,LESIONADO,MUJER,MOTOCICLETA,57,LESIONADO,MUJER,OTRO
2023-12-04 15:32:10,-4.026640,-79.219648,Av. Rosa Hermosa,CON_FALLECIDOS,Incendio,Exceso de velocidad,77,FALLECIDO,NO_REGISTRA,PEATON,43,LESIONADO,HOMBRE,CICLISTA,20,LESIONADO,NO_REGISTRA,VEH_LIVIANO
2023-08-20 00:19:22,-3.990911,-79.220819,Calle Colon,SOLO_DANOS,Volcamiento,Visibilidad reducida,,,,,,,,,,,,
2023-09-01 01:32:55,-3.994013,-79.227185,Av. Manuel Agustin Aguirre,CON_FALLECIDOS,Colision Multiple,Visibilidad reducida,65,FALLECIDO,NO_REGISTRA,MOTOCICLETA,,,,,,,,
2023-04-24 22:39:59,-3.998820,-79.224206,Calle Rocafuerte,CON_LESIONADOS,Colision Multiple,Fatiga del conductor,73,LESIONADO,NO_REGISTRA,OTRO,42,LESIONADO,NO_REGISTRA,CICLISTA,,,,
2023-05-14 05:07:05,-3.991114,-79.228196,Av. Manuel Agustin Aguirre,SOLO_DANOS,Caida,Mal estado de la via,,,,,,,,,,,,
2023-12-18 10:45:18,-4.025349,-79.192252,Av. Rosa Hermosa,SOLO_DANOS,Volcamiento,Distraccion (celular/radio),,,,,,,,,,,,
2023-04-03 16:40:48,-4.036683,-79.229122,Calle Imbabura,CON_FALLECIDOS,Volcamiento,Imprudencia del conductor,38,FALLECIDO,NO_REGISTRA,VEH_LIVIANO,,,,,,,,
2023-07-30 04:47:12,-4.032620,-79.227674,Calle Imbabura,SOLO_DANOS,Choque Vehicular,Mal estado de la via,,,,,,,,,,,,
2023-06-21 02:49:49,-4.032147,-79.229399,Av. Pio Jaramillo,SOLO_DANOS,Caida,Fatiga del conductor,,,,,,,,,,,,
2023-01-21 08:27:25,-4.029761,-79.220439,Via Loja - Zamora,SOLO_DANOS,Choque Vehicular,Mal estado de la via,32,LESIONADO,NO_REGISTRA,VEH_LIVIANO,,,,,,,,
2023-04-13 05:57:07,-4.024751,-79.228277,Calle Sucre,CON_FALLECIDOS,Incendio,Visibilidad reducida,25,FALLECIDO,MUJER,SCOOTER,70,LESIONADO,MUJER,MOTOCICLETA,28,LESIONADO,MUJER,OTRO
2023-08-25 23:44:45,-3.978345,-79.193947,Calle Imbabura,CON_FALLECIDOS,Volcamiento,Via resbaladiza o mojada,28,FALLECIDO,NO_REGISTRA,OTRO,,,,,,,,
2023-02-04 09:20:48,-3.983690,-79.178047,Calle Mercadillo,SOLO_DANOS,Accidente Laboral,Estado de embriaguez,,,,,,,,,,,,
2023-10-18 22:39:57,-4.020435,-79.189917,Calle Bolivar,CON_LESIONADOS,Incendio,Fatiga del conductor,61,LESIONADO,HOMBRE,VEH_LIVIANO,78,LESIONADO,HOMBRE,VEH_LIVIANO,,,,
2023-04-27 14:25:50,-3.991106,-79.190582,Calle Ramon Borrero,CON_FALLECIDOS,Choque Vehicular,Imprudencia del conductor,68,FALLECIDO,MUJER,VEH_LIVIANO,22,LESIONADO,HOMBRE,OTRO,,,,
2023-04-21 15:38:51,-4.013594,-79.196324,Av. Orillas del Zamora,SOLO_DANOS,Incendio,Falla mecanica,,,,,,,,,,,,
2023-09-05 22:45:08,-4.021539,-79.180396,Calle Ramon Borrero,CON_FALLECIDOS,Caida,Fatiga del conductor,71,FALLECIDO,MUJER,CICLISTA,73,FALLECIDO,HOMBRE,SCOOTER,24,LESIONADO,NO_REGISTRA,MOTOCICLETA
2023-02-10 04:10:56,-3.996750,-79.202833,Ruta 35,CON_LESIONADOS,Caida,Exceso de velocidad,28,LESIONADO,NO_REGISTRA,PEATON,66,LESIONADO,NO_REGISTRA,PEATON,54,LESIONADO,NO_REGISTRA,SCOOTER
2023-03-13 06:39:48,-4.000521,-79.219566,Calle Miguel Riofrio,CON_FALLECIDOS,Volcamiento,Distraccion (celular/radio),67,FALLECIDO,MUJER,SCOOTER,37,LESIONADO,NO_REGISTRA,VEH_LIVIANO,,,,
2023-06-09 01:55:36,-4.022784,-79.222767,Av. Pio Jaramillo,CON_FALLECIDOS,Atropellamiento,Exceso de velocidad,38,FALLECIDO,MUJER,PEATON,28,LESIONADO,HOMBRE,CICLISTA,56,LESIONADO,NO_REGISTRA,OTRO
2023-05-08 00:32:17,-4.034864,-79.177815,Calle Miguel Riofrio,SOLO_DANOS,Caida,Mal estado de la via,,,,,,,,,,,,
2023-06-21 08:36:37,-3.987275,-79.225020,Calle Bolivar,SOLO_DANOS,Colision Multiple,Equipo de seguridad deficiente,,,,,,,,,,,,
2023-05-19 20:58:38,-3.987503,-79.190740,Av. Gran Colombia,CON_FALLECIDOS,Incendio,Imprudencia del conductor,75,FALLECIDO,HOMBRE,CICLISTA,31,FALLECIDO,MUJER,VEH_LIVIANO,,,,
2023-09-27 16:54:59,-3.979875,-79.215906,Av. Pio Jaramillo,CON_LESIONADOS,Caida,Imprudencia del conductor,67,LESIONADO,MUJER,MOTOCICLETA,55,LESIONADO,HOMBRE,VEH_LIVIANO,11,LESIONADO,NO_REGISTRA,PEATON
2023-10-23 11:48:46,-3.977113,-79.227516,Calle Bolivar,SOLO_DANOS,Volcamiento,Imprudencia del conductor,,,,,,,,,,,,
2023-01-10 18:28:54,-4.014337,-79.207587,Via Loja - Zamora,SOLO_DANOS,Incendio,Exceso de velocidad,,,,,,,,,,,,
2023-08-22 16:38:20,-4.017987,-79.177018,Av. Universitaria,SOLO_DANOS,Volcamiento,Fatiga del conductor,,,,,,,,,,,,
2023-12-23 19:33:11,-4.029880,-79.191499,Calle 18 de Noviembre,CON_LESIONADOS,Atropellamiento,Exceso de velocidad,64,LESIONADO,MUJER,PEATON,20,LESIONADO,NO_REGISTRA,OTRO,,,,
2023-09-13 21:33:43,-4.024169,-79.202737,Calle Montufar,CON_LESIONADOS,Atropellamiento,Imprudencia del conductor,46,LESIONADO,NO_REGISTRA,SCOOTER,46,LESIONADO,NO_REGISTRA,PEATON,41,LESIONADO,MUJER,PEATON
2023-05-10 11:58:20,-4.009524,-79.207949,Calle Rocafuerte,SOLO_DANOS,Choque Vehicular,Inobservancia de senales,,,,,,,,,,,,
2023-06-26 16:25:11,-3.981687,-79.229479,Calle Sucre,SOLO_DANOS,Accidente Laboral,Mal estado de la via,,,,,,,,,,,,
2023-11-22 06:31:06,-4.019063,-79.206121,Av. Orillas del Zamora,SOLO_DANOS,Colision Multiple,Factores externos,,,,,,,,,,,,
2023-04-20 15:57:16,-4.019323,-79.221233,Av. Manuel Agustin Aguirre,CON_FALLECIDOS,Accidente Laboral,Factores externos,29,FALLECIDO,MUJER,MOTOCICLETA,27,FALLECIDO,HOMBRE,CICLISTA,,,,
2023-11-26 01:49:34,-4.008262,-79.217449,Av. Gran Colombia,CON_FALLECIDOS,Caida,Exceso de velocidad,19,FALLECIDO,NO_REGISTRA,MOTOCICLETA,72,FALLECIDO,MUJER,VEH_LIVIANO,27,LESIONADO,HOMBRE,OTRO
2023-12-14 14:56:51,-3.992905,-79.186724,Av. Gran Colombia,CON_LESIONADOS,Atropellamiento,Distraccion (celular/radio),66,LESIONADO,MUJER,MOTOCICLETA,64,LESIONADO,MUJER,PEATON,30,LESIONADO,MUJER,OTRO
2023-06-08 18:10:47,-3.986718,-79.195987,Ruta 35,SOLO_DANOS,Caida,Falla mecanica,,,,,,,,,,,,
2023-03-12 21:30:24,-4.032362,-79.176127,Calle 18 de Noviembre,CON_LESIONADOS,Colision Multiple,Falla mecanica,53,LESIONADO,MUJER,CICLISTA,20,LESIONADO,HOMBRE,SCOOTER,,,,
2023-03-21 05:43:08,-3.999467,-79.198061,Av. Pio Jaramillo,CON_LESIONADOS,Atropellamiento,Mal estado de la via,69,LESIONADO,HOMBRE,SCOOTER,80,LESIONADO,HOMBRE,PEATON,,,,
2023-09-05 12:19:05,-3.996535,-79.208678,Calle Bolivar,SOLO_DANOS,Accidente Laboral,Falla mecanica,,,,,,,,,,,,
2023-02-07 10:14:05,-4.020059,-79.188880,Via Loja - Zamora,SOLO_DANOS,Incendio,Distraccion (celular/radio),,,,,,,,,,,,
2023-01-27 12:39:47,-4.009024,-79.187304,Calle Rocafuerte,SOLO_DANOS,Caida,Fatiga del conductor,,,,,,,,,,,,
2023-10-03 03:48:20,-3.999186,-79.226273,Calle Miguel Riofrio,CON_FALLECIDOS,Caida,Distraccion (celular/radio),32,FALLECIDO,MUJER,SCOOTER,66,LESIONADO,HOMBRE,PEATON,,,,
2023-02-06 07:14:10,-4.022837,-79.179258,Av. Isidro Ayora,CON_LESIONADOS,Colision Multiple,Falla mecanica,30,LESIONADO,MUJER,SCOOTER,61,LESIONADO,MUJER,SCOOTER,39,LESIONADO,HOMBRE,MOTOCICLETA
2023-08-06 21:27:05,-4.019276,-79.181830,Calle Colon,CON_FALLECIDOS,Choque Vehicular,Falla mecanica,51,FALLECIDO,MUJER,SCOOTER,77,FALLECIDO,MUJER,SCOOTER,,,,
2023-04-30 12:18:57,-4.011100,-79.182982,Calle Imbabura,CON_FALLECIDOS,Atropellamiento,Distraccion (celular/radio),38,FALLECIDO,HOMBRE,PEATON,47,FALLECIDO,MUJER,CICLISTA,,,,
2023-02-15 15:10:19,-4.017749,-79.177341,Ruta 35,CON_LESIONADOS,Caida,Distraccion (celular/radio),63,LESIONADO,HOMBRE,CICLISTA,73,LESIONADO,HOMBRE,SCOOTER,,,,
2023-06-10 12:40:44,-4.017033,-79.171382,Av. Pio Jaramillo,SOLO_DANOS,Volcamiento,Factores externos,,,,,,,,,,,,
2023-02-10 05:58:31,-4.002040,-79.223439,Calle 10 de Agosto,SOLO_DANOS,Choque Vehicular,Falla mecanica,,,,,,,,,,,,
2023-11-04 16:13:57,-4.009574,-79.187247,Av. Cuxibamba,CON_LESIONADOS,Choque Vehicular,Equipo de seguridad deficiente,13,LESIONADO,NO_REGISTRA,OTRO,24,LESIONADO,NO_REGISTRA,SCOOTER,,,,
2023-12-24 15:59:19,-4.001542,-79.208005,Calle Rocafuerte,CON_FALLECIDOS,Accidente Laboral,Equipo de seguridad deficiente,20,FALLECIDO,HOMBRE,VEH_LIVIANO,50,FALLECIDO,NO_REGISTRA,CICLISTA,,,,
2023-01-14 21:27:48,-3.984516,-79.220810,Calle 10 de Agosto,CON_FALLECIDOS,Atropellamiento,Factores externos,82,FALLECIDO,HOMBRE,PEATON,,,,,,,,
2023-02-09 23:59:25,-4.013385,-79.172136,Av. Isidro Ayora,CON_LESIONADOS,Accidente Laboral,Factores externos,43,LESIONADO,HOMBRE,SCOOTER,,,,,,,,
2023-02-21 19:46:48,-4.022865,-79.189285,Calle Montufar,CON_FALLECIDOS,Volcamiento,Imprudencia del conductor,53,FALLECIDO,HOMBRE,PEATON,43,LESIONADO,HOMBRE,PEATON,25,LESIONADO,MUJER,PEATON
2023-03-12 05:18:33,-4.014635,-79.179569,Av. Rosa Hermosa,CON_FALLECIDOS,Volcamiento,Distraccion (celular/radio),84,FALLECIDO,HOMBRE,CICLISTA,19,FALLECIDO,HOMBRE,VEH_LIVIANO,33,LESIONADO,NO_REGISTRA,SCOOTER