fecha_hora,latitud,longitud,via,grado_severidad,tipo_siniestro,causa_probable,victima1_edad,victima1_condicion,victima1_sexo,victima1_actor_vial,victima2_edad,victima2_condicion,victima2_sexo,victima2_actor_vial,victima3_edad,victima3_condicion,victima3_sexo,victima3_actor_vial
2023-07-17 08:36:46,-4.033967,-79.217522,Calle Azogues,SOLO_DANOS,Colision Multiple,Imprudencia del conductor,22,LESIONADO,HOMBRE,OTRO,,,,,,,,
2023-10-10 22:14:25,-3.987696,-79.227462,Av. Universitaria,SOLO_DANOS,Choque Vehicular,Estado de embriaguez,,,,,,,,,,,,
2023-02-02 23:00:35,-4.013766,-79.228732,Av. 8 de Diciembre,CON_LESIONADOS,Volcamiento,Fatiga del conductor,69,LESIONADO,MUJER,VEH_LIVIANO,24,LESIONADO,HOMBRE,OTRO,40,LESIONADO,MUJER,VEH_LIVIANO
2023-11-17 19:59:56,-4.028108,-79.215643,Calle Quito,CON_LESIONADOS,Caida,Falla mecanica,48,LESIONADO,NO_REGISTRA,CICLISTA,14,LESIONADO,NO_REGISTRA,SCOOTER,,,,
2023-10-01 19:10:05,-4.015514,-79.202425,Via Loja - Catamayo,SOLO_DANOS,Accidente Laboral,Equipo de seguridad deficiente,,,,,,,,,,,,
2023-11-04 19:43:44,-4.033665,-79.210545,Calle Mercadillo,CON_FALLECIDOS,Incendio,Factores externos,81,FALLECIDO,MUJER,SCOOTER,32,FALLECIDO,HOMBRE,PEATON,19,LESIONADO,HOMBRE,SCOOTER
2023-11-23 02:43:24,-3.984274,-79.177966,Calle Imbabura,CON_FALLECIDOS,Volcamiento,Fatiga del conductor,80,FALLECIDO,HOMBRE,SCOOTER,18,LESIONADO,MUJER,CICLISTA,38,LESIONADO,MUJER,CICLISTA
2023-07-10 04:49:33,-3.991716,-79.219767,Calle Bolivar,CON_FALLECIDOS,Atropellamiento,Fatiga del conductor,40,FALLECIDO,MUJER,PEATON,28,FALLECIDO,HOMBRE,VEH_LIVIANO,,,,
2023-03-25 19:36:13,-4.030340,-79.191496,Av. Isidro Ayora,CON_FALLECIDOS,Volcamiento,Imprudencia del conductor,40,FALLECIDO,NO_REGISTRA,SCOOTER,80,FALLECIDO,HOMBRE,SCOOTER,49,LESIONADO,HOMBRE,VEH_LIVIANO
2023-07-03 19:36:10,-4.001256,-79.220442,Av. Manuel Agustin Aguirre,CON_LESIONADOS,Caida,Imprudencia del conductor,20,LESIONADO,HOMBRE,MOTOCICLETA,,,,,,,,
2023-06-04 11:25:24,-3.977823,-79.225493,Calle Colon,SOLO_DANOS,Atropellamiento,Distraccion (celular/radio),,,,,,,,,,,,
2023-01-13 02:07:30,-4.002615,-79.175363,Calle Sucre,SOLO_DANOS,Atropellamiento,Fatiga del conductor,,,,,,,,,,,,
2023-06-10 03:36:10,-4.020014,-79.204120,Av. Rosa Hermosa,SOLO_DANOS,Accidente Laboral,Inobservancia de senales,59,LESIONADO,NO_REGISTRA,OTRO,,,,,,,,
2023-09-07 02:30:29,-4.012786,-79.227238,Calle Sucre,CON_FALLECIDOS,Colision Multiple,Mal estado de la via,49,FALLECIDO,NO_REGISTRA,VEH_LIVIANO,84,FALLECIDO,HOMBRE,SCOOTER,13,LESIONADO,HOMBRE,CICLISTA
2023-10-29 03:37:16,-4.015315,-79.210148,Calle Quito,CON_LESIONADOS,Volcamiento,Visibilidad reducida,53,LESIONADO,MUJER,MOTOCICLETA,77,LESIONADO,HOMBRE,SCOOTER,77,LESIONADO,NO_REGISTRA,SCOOTER
2023-05-27 23:18:24,-4.009230,-79.227649,Av. Manuel Agustin Aguirre,SOLO_DANOS,Incendio,Inobservancia de senales,,,,,,,,,,,,
2023-09-21 04:41:50,-4.009060,-79.226806,Calle Colon,CON_LESIONADOS,Atropellamiento,Estado de embriaguez,43,LESIONADO,HOMBRE,CICLISTA,34,LESIONADO,HOMBRE,SCOOTER,17,LESIONADO,NO_REGISTRA,CICLISTA
2023-07-30 16:21:51,-3.991112,-79.207352,Calle Sucre,CON_FALLECIDOS,Colision Multiple,Mal estado de la via,65,FALLECIDO,MUJER,MOTOCICLETA,84,FALLECIDO,HOMBRE,SCOOTER,7,LESIONADO,HOMBRE,VEH_LIVIANO
2023-09-08 12:31:32,-3.982204,-79.230175,Calle Imbabura,CON_FALLECIDOS,Atropellamiento,Visibilidad reducida,36,FALLECIDO,HOMBRE,CICLISTA,41,FALLECIDO,MUJER,OTRO,36,LESIONADO,NO_REGISTRA,SCOOTER
2023-04-10 12:55:00,-3.993797,-79.191377,Calle Quito,SOLO_DANOS,Incendio,Inobservancia de senales,,,,,,,,,,,,
2023-05-11 22:50:55,-3.992612,-79.218929,Calle Quito,CON_FALLECIDOS,Volcamiento,Estado de embriaguez,70,FALLECIDO,MUJER,SCOOTER,76,FALLECIDO,HOMBRE,MOTOCICLETA,,,,
2023-09-29 14:27:02,-3.981056,-79.217713,Calle Azogues,SOLO_DANOS,Colision Multiple,Fatiga del conductor,22,LESIONADO,HOMBRE,SCOOTER,,,,,,,,
2023-11-03 14:13:10,-3.985076,-79.201085,Calle 10 de Agosto,CON_LESIONADOS,Colision Multiple,Exceso de velocidad,63,LESIONADO,MUJER,MOTOCICLETA,51,LESIONADO,NO_REGISTRA,VEH_LIVIANO,58,LESIONADO,NO_REGISTRA,OTRO
2023-08-14 23:21:14,-4.000184,-79.184824,Calle Quito,SOLO_DANOS,Choque Vehicular,Exceso de velocidad,47,LESIONADO,HOMBRE,CICLISTA,,,,,,,,
2023-11-07 16:28:30,-3.981775,-79.195653,Calle Rocafuerte,CON_LESIONADOS,Caida,Equipo de seguridad deficiente,64,LESIONADO,MUJER,OTRO,31,LESIONADO,NO_REGISTRA,MOTOCICLETA,67,LESIONADO,NO_REGISTRA,CICLISTA
2023-10-27 13:19:21,-4.022556,-79.223171,Av. Isidro Ayora,CON_FALLECIDOS,Colision Multiple,Exceso de velocidad,45,FALLECIDO,HOMBRE,OTRO,,,,,,,,
2023-12-21 03:32:30,-3.998075,-79.201188,Calle Ramon Borrero,CON_FALLECIDOS,Accidente Laboral,Falla mecanica,82,FALLECIDO,MUJER,PEATON,69,LESIONADO,HOMBRE,OTRO,,,,
2023-07-27 07:49:16,-4.030248,-79.173946,Av. Rosa Hermosa,CON_FALLECIDOS,Choque Vehicular,Falla mecanica,83,FALLECIDO,HOMBRE,PEATON,61,FALLECIDO,NO_REGISTRA,VEH_LIVIANO,71,LESIONADO,NO_REGISTRA,VEH_LIVIANO
2023-02-01 07:08:30,-4.031865,-79.194182,Av. Rosa Hermosa,SOLO_DANOS,Atropellamiento,Equipo de seguridad deficiente,,,,,,,,,,,,
2023-05-14 16:29:27,-3.986379,-79.212828,Calle Bolivar,CON_LESIONADOS,Atropellamiento,Imprudencia del conductor,42,LESIONADO,NO_REGISTRA,OTRO,,,,,,,,
2023-10-23 18:21:46,-3.987641,-79.204805,Av. Manuel Agustin Aguirre,CON_LESIONADOS,Colision Multiple,Factores externos,29,LESIONADO,MUJER,OTRO,19,LESIONADO,MUJER,CICLISTA,,,,
2023-03-20 03:20:32,-3.997241,-79.198258,Av. Gran Colombia,SOLO_DANOS,Atropellamiento,Fatiga del conductor,,,,,,,,,,,,
2023-07-11 19:51:59,-4.026204,-79.220765,Calle Mercadillo,CON_FALLECIDOS,Accidente Laboral,Mal estado de la via,52,FALLECIDO,NO_REGISTRA,VEH_LIVIANO,18,FALLECIDO,NO_REGISTRA,CICLISTA,79,LESIONADO,HOMBRE,SCOOTER
2023-04-24 17:27:07,-4.027959,-79.196899,Av. Gran Colombia,CON_LESIONADOS,Volcamiento,Fatiga del conductor,6,LESIONADO,NO_REGISTRA,OTRO,79,LESIONADO,NO_REGISTRA,OTRO,,,,
2023-01-30 16:46:43,-4.028477,-79.211325,Av. 8 de Diciembre,CON_LESIONADOS,Caida,Factores externos,47,LESIONADO,MUJER,SCOOTER,,,,,,,,
2023-05-16 06:51:24,-4.003038,-79.216378,Av. Rosa Hermosa,SOLO_DANOS,Caida,Exceso de velocidad,,,,,,,,,,,,
2023-07-21 18:41:13,-3.994099,-79.209027,Av. Gran Colombia,SOLO_DANOS,Atropellamiento,Imprudencia del conductor,,,,,,,,,,,,
2023-06-04 20:39:17,-3.982517,-79.190709,Calle 18 de Noviembre,CON_LESIONADOS,Caida,Via resbaladiza o mojada,63,LESIONADO,NO_REGISTRA,SCOOTER,,,,,,,,
2023-05-01 15:10:03,-4.011745,-79.192499,Calle Mercadillo,SOLO_DANOS,Accidente Laboral,Via resbaladiza o mojada,,,,,,,,,,,,
2023-03-13 11:45:09,-4.034193,-79.224383,Ruta 35,CON_LESIONADOS,Caida,Distraccion (celular/radio),46,LESIONADO,HOMBRE,OTRO,11,LESIONADO,MUJER,OTRO,,,,
2023-12-15 17:47:34,-3.988329,-79.192708,Calle 10 de Agosto,SOLO_DANOS,Caida,Imprudencia del conductor,78,LESIONADO,NO_REGISTRA,VEH_LIVIANO,,,,,,,,
2023-08-09 15:51:07,-3.982343,-79.177960,Calle Saraguro,CON_LESIONADOS,Volcamiento,Distraccion (celular/radio),76,LESIONADO,NO_REGISTRA,MOTOCICLETA,,,,,,,,
2023-06-12 00:47:31,-3.999714,-79.175257,Calle Montufar,CON_LESIONADOS,Volcamiento,Visibilidad reducida,8,LESIONADO,MUJER,PEATON,63,LESIONADO,HOMBRE,MOTOCICLETA,79,LESIONADO,NO_REGISTRA,SCOOTER
2023-12-08 14:55:16,-4.036483,-79.218092,Calle Sucre,CON_FALLECIDOS,Colision Multiple,Via resbaladiza o mojada,39,FALLECIDO,NO_REGISTRA,PEATON,67,FALLECIDO,MUJER,PEATON,31,LESIONADO,NO_REGISTRA,VEH_LIVIANO
2023-11-14 00:58:55,-3.989729,-79.226268,Av. Metropolitana,CON_FALLECIDOS,Caida,Inobservancia de senales,75,FALLECIDO,MUJER,OTRO,57,FALLECIDO,MUJER,PEATON,31,LESIONADO,HOMBRE,PEATON
2023-06-30 10:48:41,-3.996944,-79.198043,Av. Cuxibamba,CON_LESIONADOS,Accidente Laboral,Exceso de velocidad,63,LESIONADO,NO_REGISTRA,PEATON,62,LESIONADO,HOMBRE,CICLISTA,,,,
2023-02-05 21:40:37,-3.980410,-79.191452,Calle Rocafuerte,CON_LESIONADOS,Incendio,Fatiga del conductor,48,LESIONADO,HOMBRE,CICLISTA,25,LESIONADO,HOMBRE,PEATON,,,,
2023-01-03 15:51:48,-4.031652,-79.180550,Calle Colon,CON_FALLECIDOS,Incendio,Visibilidad reducida,50,FALLECIDO,MUJER,CICLISTA,65,LESIONADO,MUJER,MOTOCICLETA,23,LESIONADO,MUJER,PEATON
2023-06-12 12:14:15,-4.003032,-79.218036,Calle 18 de Noviembre,SOLO_DANOS,Volcamiento,Inobservancia de senales,,,,,,,,,,,,
2023-08-13 13:00:45,-4.035720,-79.214586,Av. Universitaria,SOLO_DANOS,Volcamiento,Exceso de velocidad,,,,,,,,,,,,
2023-12-17 19:15:01,-4.020636,-79.225132,Via Loja - Catamayo,CON_LESIONADOS,Accidente Laboral,Falla mecanica,31,LESIONADO,MUJER,CICLISTA,,,,,,,,
2023-12-30 06:44:16,-4.009018,-79.187673,Av. Orillas del Zamora,CON_LESIONADOS,Accidente Laboral,Factores externos,7,LESIONADO,NO_REGISTRA,OTRO,66,LESIONADO,HOMBRE,SCOOTER,38,LESIONADO,MUJER,MOTOCICLETA
2023-04-19 05:24:53,-3.997830,-79.204382,Av. Universitaria,CON_LESIONADOS,Volcamiento,Fatiga del conductor,78,LESIONADO,MUJER,VEH_LIVIANO,13,LESIONADO,MUJER,CICLISTA,,,,
2023-02-24 20:15:59,-3.993726,-79.224850,Av. Isidro Ayora,CON_FALLECIDOS,Accidente Laboral,Mal estado de la via,28,FALLECIDO,NO_REGISTRA,MOTOCICLETA,53,LESIONADO,NO_REGISTRA,VEH_LIVIANO,16,LESIONADO,HOMBRE,MOTOCICLETA
2023-09-14 19:31:41,-4.001107,-79.175893,Calle Quito,CON_FALLECIDOS,Caida,Factores externos,69,FALLECIDO,HOMBRE,PEATON,71,FALLECIDO,NO_REGISTRA,CICLISTA,13,LESIONADO,NO_REGISTRA,VEH_LIVIANO
2023-10-15 06:12:44,-4.025612,-79.192928,Ruta 35,CON_FALLECIDOS,Choque Vehicular,Via resbaladiza o mojada,76,FALLECIDO,MUJER,MOTOCICLETA,27,LESIONADO,MUJER,MOTOCICLETA,,,,
2023-10-11 01:06:16,-4.002109,-79.173863,Av. Rosa Hermosa,CON_LESIONADOS,Atropellamiento,Exceso de velocidad,12,LESIONADO,NO_REGISTRA,SCOOTER,15,LESIONADO,MUJER,OTRO,56,LESIONADO,NO_REGISTRA,CICLISTA
2023-10-01 13:37:15,-3.977292,-79.210308,Av. Orillas del Zamora,CON_LESIONADOS,Incendio,Factores externos,8,LESIONADO,NO_REGISTRA,OTRO,34,LESIONADO,NO_REGISTRA,VEH_LIVIANO,,,,
2023-05-26 05:43:24,-4.012922,-79.199262,Calle 10 de Agosto,CON_FALLECIDOS,Colision Multiple,Imprudencia del conductor,60,FALLECIDO,MUJER,MOTOCICLETA,6,LESIONADO,MUJER,VEH_LIVIANO,,,,
2023-08-05 01:44:18,-3.995428,-79.172525,Av. Universitaria,CON_FALLECIDOS,Volcamiento,Estado de embriaguez,62,FALLECIDO,MUJER,VEH_LIVIANO,,,,,,,,
2023-03-21 21:12:53,-4.027193,-79.188368,Av. Orillas del Zamora,SOLO_DANOS,Colision Multiple,Falla mecanica,,,,,,,,,,,,
2023-10-21 22:44:37,-3.980935,-79.213766,Av. Pio Jaramillo,SOLO_DANOS,Accidente Laboral,Visibilidad reducida,,,,,,,,,,,,
2023-04-14 05:17:48,-4.011837,-79.230605,Calle Rocafuerte,CON_FALLECIDOS,Choque Vehicular,Exceso de velocidad,83,FALLECIDO,NO_REGISTRA,OTRO,30,FALLECIDO,MUJER,OTRO,27,LESIONADO,MUJER,PEATON
2023-04-29 17:09:26,-4.032582,-79.187276,Calle Montufar,SOLO_DANOS,Atropellamiento,Exceso de velocidad,,,,,,,,,,,,
2023-01-14 03:24:02,-4.003262,-79.208438,Calle Quito,CON_LESIONADOS,Colision Multiple,Distraccion (celular/radio),40,LESIONADO,HOMBRE,VEH_LIVIANO,,,,,,,,
2023-11-22 15:37:06,-4.022328,-79.221339,Calle Imbabura,CON_FALLECIDOS,Choque Vehicular,Falla mecanica,73,FALLECIDO,NO_REGISTRA,SCOOTER,64,LESIONADO,MUJER,SCOOTER,,,,
2023-12-29 03:30:26,-3.984685,-79.213265,Calle Miguel Riofrio,CON_LESIONADOS,Accidente Laboral,Factores externos,27,LESIONADO,HOMBRE,OTRO,,,,,,,,
2023-09-13 14:32:43,-3.997830,-79.171183,Calle Quito,CON_LESIONADOS,Caida,Exceso de velocidad,10,LESIONADO,MUJER,OTRO,27,LESIONADO,NO_REGISTRA,CICLISTA,,,,
2023-01-05 10:30:00,-4.011092,-79.228593,Av. Gran Colombia,SOLO_DANOS,Accidente Laboral,Exceso de velocidad,,,,,,,,,,,,
2023-03-09 02:54:51,-4.021668,-79.171645,Calle Mercadillo,CON_LESIONADOS,Incendio,Estado de embriaguez,63,LESIONADO,NO_REGISTRA,OTRO,,,,,,,,
2023-02-08 09:26:48,-3.991024,-79.229443,Av. Manuel Agustin Aguirre,SOLO_DANOS,Volcamiento,Distraccion (celular/radio),,,,,,,,,,,,
2023-10-21 22:25:39,-3.983629,-79.173167,Av. Isidro Ayora,CON_LESIONADOS,Atropellamiento,Inobservancia de senales,63,LESIONADO,MUJER,PEATON,,,,,,,,
2023-09-09 13:29:00,-4.032860,-79.172237,Av. Reinaldo Espinosa,CON_FALLECIDOS,Caida,Exceso de velocidad,60,FALLECIDO,HOMBRE,MOTOCICLETA,68,LESIONADO,NO_REGISTRA,MOTOCICLETA,,,,
2023-10-10 20:33:42,-4.014317,-79.184528,Calle Montufar,SOLO_DANOS,Choque Vehicular,Fatiga del conductor,,,,,,,,,,,,
2023-02-23 21:20:38,-4.024642,-79.189070,Av. 8 de Diciembre,CON_LESIONADOS,Atropellamiento,Exceso de velocidad,45,LESIONADO,MUJER,MOTOCICLETA,15,LESIONADO,HOMBRE,PEATON,66,LESIONADO,NO_REGISTRA,VEH_LIVIANO
2023-07-28 14:00:50,-3.997713,-79.198641,Via Loja - Catamayo,CON_FALLECIDOS,Colision Multiple,Fatiga del conductor,60,FALLECIDO,HOMBRE,PEATON,38,FALLECIDO,NO_REGISTRA,OTRO,,,,
2023-08-15 08:33:14,-3.981267,-79.209288,Av. Orillas del Zamora,CON_LESIONADOS,Volcamiento,Falla mecanica,56,LESIONADO,NO_REGISTRA,SCOOTER,35,LESIONADO,MUJER,VEH_LIVIANO,,,,
2023-05-16 09:11:49,-4.001395,-79.178346,Via Loja - Zamora,CON_LESIONADOS,Atropellamiento,Exceso de velocidad,35,LESIONADO,HOMBRE,PEATON,78,LESIONADO,MUJER,VEH_LIVIANO,,,,
2023-08-27 03:23:49,-3.980124,-79.221573,Av. Universitaria,SOLO_DANOS,Choque Vehicular,Via resbaladiza o mojada,,,,,,,,,,,,
2023-10-28 16:25:05,-4.016014,-79.228493,Av. Metropolitana,CON_FALLECIDOS,Colision Multiple,Falla mecanica,35,FALLECIDO,HOMBRE,OTRO,,,,,,,,
2023-12-19 07:06:50,-4.034995,-79.178030,Av. 8 de Diciembre,CON_FALLECIDOS,Incendio,Imprudencia del conductor,35,FALLECIDO,HOMBRE,PEATON,29,LESIONADO,HOMBRE,OTRO,28,LESIONADO,HOMBRE,OTRO
2023-08-12 12:52:38,-4.005985,-79.189522,Calle Mercadillo,CON_FALLECIDOS,Accidente Laboral,Estado de embriaguez,31,FALLECIDO,NO_REGISTRA,OTRO,,,,,,,,
2023-03-28 11:00:29,-4.026873,-79.200979,Av. Manuel Agustin Aguirre,SOLO_DANOS,Colision Multiple,Fatiga del conductor,,,,,,,,,,,,
2023-04-01 21:16:16,-4.010823,-79.173528,Calle Sucre,CON_FALLECIDOS,Incendio,Exceso de velocidad,61,FALLECIDO,MUJER,PEATON,53,LESIONADO,MUJER,SCOOTER,,,,
2023-04-24 14:03:52,-3.989055,-79.196775,Calle 18 de Noviembre,CON_FALLECIDOS,Atropellamiento,Distraccion (celular/radio),54,FALLECIDO,HOMBRE,OTRO,12,LESIONADO,MUJER,OTRO,69,LESIONADO,MUJER,OTRO
2023-10-02 07:15:57,-3.987746,-79.178351,Av. Isidro Ayora,CON_FALLECIDOS,Choque Vehicular,Estado de embriaguez,76,FALLECIDO,MUJER,VEH_LIVIANO,78,FALLECIDO,HOMBRE,MOTOCICLETA,21,LESIONADO,MUJER,OTRO
2023-03-03 11:30:45,-4.007388,-79.175186,Av. Universitaria,CON_LESIONADOS,Caida,Inobservancia de senales,49,LESIONADO,MUJER,CICLISTA,,,,,,,,
2023-04-26 17:40:57,-4.031828,-79.211695,Ruta 35,SOLO_DANOS,Choque Vehicular,Fatiga del conductor,,,,,,,,,,,,
2023-03-22 11:51:54,-3.992228,-79.216503,Via Loja - Catamayo,SOLO_DANOS,Choque Vehicular,Exceso de velocidad,,,,,,,,,,,,
2023-11-19 18:18:09,-3.981326,-79.190581,Calle Quito,CON_FALLECIDOS,Atropellamiento,Distraccion (celular/radio),72,FALLECIDO,NO_REGISTRA,SCOOTER,38,FALLECIDO,NO_REGISTRA,SCOOTER,31,LESIONADO,MUJER,OTRO
2023-05-31 21:54:33,-4.011581,-79.200266,Calle Montufar,CON_LESIONADOS,Accidente Laboral,Via resbaladiza o mojada,56,LESIONADO,HOMBRE,OTRO,45,LESIONADO,MUJER,CICLISTA,59,LESIONADO,MUJER,SCOOTER
2023-06-03 23:59:25,-3.987803,-79.206943,Calle Bolivar,CON_LESIONADOS,Choque Vehicular,Via resbaladiza o mojada,21,LESIONADO,HOMBRE,PEATON,38,LESIONADO,NO_REGISTRA,CICLISTA,5,LESIONADO,NO_REGISTRA,OTRO
2023-04-30 11:20:28,-3.990857,-79.191244,Av. Metropolitana,SOLO_DANOS,Accidente Laboral,Imprudencia del conductor,,,,,,,,,,,,
2023-07-02 15:37:52,-3.994349,-79.194765,Calle Sucre,CON_LESIONADOS,Accidente Laboral,Estado de embriaguez,71,LESIONADO,NO_REGISTRA,SCOOTER,30,LESIONADO,HOMBRE,SCOOTER,38,LESIONADO,MUJER,SCOOTER
2023-11-05 12:11:32,-3.988744,-79.197653,Calle 18 de Noviembre,SOLO_DANOS,Caida,Factores externos,,,,,,,,,,,,
2023-01-16 04:46:38,-4.003884,-79.183098,Calle Sucre,CON_FALLECIDOS,Atropellamiento,Imprudencia del conductor,60,FALLECIDO,MUJER,VEH_LIVIANO,30,FALLECIDO,MUJER,VEH_LIVIANO,70,LESIONADO,MUJER,CICLISTA
2023-04-20 11:14:24,-4.029092,-79.180725,Calle Mercadillo,CON_LESIONADOS,Choque Vehicular,Factores externos,33,LESIONADO,NO_REGISTRA,SCOOTER,,,,,,,,
2023-09-26 07:52:11,-4.020382,-79.180970,Calle Azogues,SOLO_DANOS,Caida,Via resbaladiza o mojada,,,,,,,,,,,,
2023-06-23 21:21:58,-4.018842,-79.189771,Calle Bolivar,SOLO_DANOS,Choque Vehicular,Falla mecanica,,,,,,,,,,,,
2023-09-01 03:04:55,-4.006186,-79.195113,Calle Imbabura,CON_FALLECIDOS,Incendio,Estado de embriaguez,53,FALLECIDO,NO_REGISTRA,VEH_LIVIANO,46,FALLECIDO,MUJER,OTRO,,,,
2023-03-07 23:43:11,-4.020051,-79.205822,Calle Rocafuerte,CON_FALLECIDOS,Accidente Laboral,Via resbaladiza o mojada,29,FALLECIDO,MUJER,SCOOTER,,,,,,,,
2023-03-06 20:13:57,-4.003951,-79.213106,Calle Miguel Riofrio,SOLO_DANOS,Incendio,Via resbaladiza o mojada,,,,,,,,,,,,
2023-08-13 01:08:18,-4.019538,-79.211912,Calle Sucre,CON_FALLECIDOS,Colision Multiple,Distraccion (celular/radio),70,FALLECIDO,NO_REGISTRA,OTRO,56,FALLECIDO,HOMBRE,MOTOCICLETA,66,LESIONADO,NO_REGISTRA,VEH_LIVIANO
2023-08-22 18:38:59,-4.005174,-79.180420,Calle 10 de Agosto,SOLO_DANOS,Incendio,Estado de embriaguez,51,LESIONADO,HOMBRE,OTRO,,,,,,,,
2023-02-22 01:06:25,-3.987279,-79.212474,Calle Sucre,CON_FALLECIDOS,Choque Vehicular,Mal estado de la via,31,FALLECIDO,MUJER,CICLISTA,54,LESIONADO,HOMBRE,OTRO,26,LESIONADO,HOMBRE,CICLISTA
2023-09-17 09:44:01,-4.020145,-79.200411,Calle Miguel Riofrio,CON_FALLECIDOS,Accidente Laboral,Distraccion (celular/radio),35,FALLECIDO,NO_REGISTRA,SCOOTER,65,LESIONADO,HOMBRE,CICLISTA,,,,
2023-05-11 11:40:12,-4.029817,-79.220665,Calle Azogues,CON_FALLECIDOS,Atropellamiento,Distraccion (celular/radio),83,FALLECIDO,NO_REGISTRA,CICLISTA,25,FALLECIDO,NO_REGISTRA,SCOOTER,,,,
2023-08-28 15:46:36,-4.032203,-79.189718,Calle 18 de Noviembre,CON_LESIONADOS,Volcamiento,Factores externos,71,LESIONADO,MUJER,OTRO,5,LESIONADO,NO_REGISTRA,PEATON,,,,
2023-05-09 02:52:53,-3.988361,-79.176993,Calle 10 de Agosto,SOLO_DANOS,Incendio,Inobservancia de senales,,,,,,,,,,,,
2023-01-09 09:48:16,-4.006992,-79.171890,Calle Saraguro,CON_LESIONADOS,Atropellamiento,Visibilidad reducida,20,LESIONADO,NO_REGISTRA,PEATON,,,,,,,,
2023-09-26 05:57:16,-3.999667,-79.171845,Calle Bolivar,CON_FALLECIDOS,Choque Vehicular,Distraccion (celular/radio),74,FALLECIDO,MUJER,PEATON,63,LESIONADO,NO_REGISTRA,MOTOCICLETA,,,,
2023-01-26 13:44:08,-4.032370,-79.223029,Av. Orillas del Zamora,SOLO_DANOS,Colision Multiple,Distraccion (celular/radio),10,LESIONADO,HOMBRE,OTRO,,,,,,,,
2023-06-05 14:36:43,-3.994264,-79.207202,Av. Manuel Agustin Aguirre,SOLO_DANOS,Atropellamiento,Mal estado de la via,,,,,,,,,,,,
2023-06-30 16:30:47,-4.006945,-79.173224,Av. 8 de Diciembre,CON_LESIONADOS,Volcamiento,Imprudencia del conductor,36,LESIONADO,NO_REGISTRA,CICLISTA,62,LESIONADO,MUJER,SCOOTER,,,,
2023-05-10 23:08:29,-4.028556,-79.219105,Calle Ramon Borrero,CON_LESIONADOS,Choque Vehicular,Mal estado de la via,80,LESIONADO,NO_REGISTRA,MOTOCICLETA,58,LESIONADO,NO_REGISTRA,SCOOTER,,,,
2023-07-27 13:38:26,-4.006354,-79.182667,Av. Metropolitana,SOLO_DANOS,Colision Multiple,Mal estado de la via,,,,,,,,,,,,
2023-10-30 10:47:23,-3.993110,-79.190921,Av. Manuel Agustin Aguirre,CON_LESIONADOS,Caida,Distraccion (celular/radio),79,LESIONADO,NO_REGISTRA,VEH_LIVIANO,74,LESIONADO,NO_REGISTRA,PEATON,,,,
2023-02-19 23:52:09,-4.013213,-79.222058,Calle Imbabura,CON_FALLECIDOS,Atropellamiento,Via resbaladiza o mojada,83,FALLECIDO,NO_REGISTRA,MOTOCICLETA,79,LESIONADO,NO_REGISTRA,OTRO,,,,
2023-06-30 14:35:49,-4.021821,-79.204195,Calle Miguel Riofrio,SOLO_DANOS,Colision Multiple,Fatiga del conductor,,,,,,,,,,,,
2023-10-12 10:48:40,-4.025272,-79.225406,Calle Sucre,CON_FALLECIDOS,Incendio,Distraccion (celular/radio),43,FALLECIDO,HOMBRE,MOTOCICLETA,24,LESIONADO,MUJER,CICLISTA,,,,
2023-05-10 05:25:28,-4.000934,-79.198898,Calle Quito,CON_FALLECIDOS,Incendio,Equipo de seguridad deficiente,25,FALLECIDO,HOMBRE,SCOOTER,68,LESIONADO,HOMBRE,OTRO,56,LESIONADO,MUJER,SCOOTER
2023-01-11 10:11:19,-4.009217,-79.174443,Calle 18 de Noviembre,CON_FALLECIDOS,Caida,Imprudencia del conductor,82,FALLECIDO,MUJER,SCOOTER,28,FALLECIDO,HOMBRE,CICLISTA,,,,
2023-05-29 02:18:38,-4.011601,-79.200620,Av. Pio Jaramillo,SOLO_DANOS,Incendio,Falla mecanica,,,,,,,,,,,,
2023-05-30 10:26:19,-4.028135,-79.206862,Calle Rocafuerte,CON_LESIONADOS,Choque Vehicular,Falla mecanica,66,LESIONADO,MUJER,PEATON,,,,,,,,
2023-04-14 04:09:12,-4.034134,-79.178696,Av. Orillas del Zamora,CON_LESIONADOS,Accidente Laboral,Inobservancia de senales,70,LESIONADO,NO_REGISTRA,CICLISTA,46,LESIONADO,HOMBRE,CICLISTA,,,,
2023-07-03 21:54:43,-4.036249,-79.171833,Calle Miguel Riofrio,CON_LESIONADOS,Caida,Mal estado de la via,34,LESIONADO,HOMBRE,PEATON,60,LESIONADO,MUJER,VEH_LIVIANO,30,LESIONADO,HOMBRE,OTRO
2023-09-14 00:09:28,-4.002792,-79.207916,Av. Pio Jaramillo,SOLO_DANOS,Caida,Via resbaladiza o mojada,,,,,,,,,,,,
2023-06-05 01:48:12,-4.013734,-79.181456,Calle Miguel Riofrio,CON_FALLECIDOS,Caida,Fatiga del conductor,64,FALLECIDO,NO_REGISTRA,VEH_LIVIANO,74,FALLECIDO,NO_REGISTRA,VEH_LIVIANO,16,LESIONADO,MUJER,OTRO
2023-10-14 02:30:11,-4.014596,-79.218053,Via Loja - Zamora,CON_FALLECIDOS,Incendio,Via resbaladiza o mojada,47,FALLECIDO,MUJER,PEATON,19,LESIONADO,MUJER,SCOOTER,15,LESIONADO,NO_REGISTRA,OTRO