fecha_hora,latitud,longitud,via,grado_severidad,tipo_siniestro,causa_probable,victima1_edad,victima1_condicion,victima1_sexo,victima1_actor_vial,victima2_edad,victima2_condicion,victima2_sexo,victima2_actor_vial,victima3_edad,victima3_condicion,victima3_sexo,victima3_actor_vial
2023-07-11 16:21:12,-3.989419,-79.184198,Calle Azogues,SOLO_DANOS,Choque Vehicular,Equipo de seguridad deficiente,,,,,,,,,,,,
2023-06-05 02:54:37,-4.013709,-79.204644,Calle Montufar,SOLO_DANOS,Incendio,Equipo de seguridad deficiente,,,,,,,,,,,,
2023-09-02 04:57:42,-3.986417,-79.191899,Via Loja - Zamora,CON_LESIONADOS,Volcamiento,Equipo de seguridad deficiente,30,LESIONADO,MUJER,MOTOCICLETA,,,,,,,,
2023-01-14 09:42:36,-4.011117,-79.195244,Calle Sucre,CON_FALLECIDOS,Colision Multiple,Fatiga del conductor,46,FALLECIDO,HOMBRE,CICLISTA,61,FALLECIDO,HOMBRE,OTRO,,,,
2023-07-16 13:39:26,-4.027252,-79.191624,Calle Rocafuerte,CON_LESIONADOS,Accidente Laboral,Factores externos,33,LESIONADO,MUJER,SCOOTER,68,LESIONADO,NO_REGISTRA,OTRO,23,LESIONADO,NO_REGISTRA,PEATON
2023-12-15 02:26:18,-4.021302,-79.212876,Av. Isidro Ayora,CON_FALLECIDOS,Colision Multiple,Exceso de velocidad,68,FALLECIDO,NO_REGISTRA,SCOOTER,41,FALLECIDO,HOMBRE,PEATON,78,LESIONADO,HOMBRE,VEH_LIVIANO
2023-06-05 21:13:25,-3.978298,-79.215962,Calle Montufar,CON_FALLECIDOS,Colision Multiple,Distraccion (celular/radio),64,FALLECIDO,HOMBRE,MOTOCICLETA,36,FALLECIDO,NO_REGISTRA,VEH_LIVIANO,40,LESIONADO,MUJER,MOTOCICLETA
2023-01-04 06:28:39,-4.014667,-79.215825,Ruta 35,CON_LESIONADOS,Atropellamiento,Imprudencia del conductor,33,LESIONADO,NO_REGISTRA,MOTOCICLETA,,,,,,,,
2023-10-20 05:20:19,-4.019035,-79.198713,Calle Saraguro,SOLO_DANOS,Accidente Laboral,Mal estado de la via,,,,,,,,,,,,
2023-05-19 10:44:55,-4.015363,-79.203220,Calle Colon,CON_FALLECIDOS,Volcamiento,Imprudencia del conductor,72,FALLECIDO,NO_REGISTRA,CICLISTA,54,FALLECIDO,MUJER,PEATON,56,LESIONADO,MUJER,OTRO
2023-05-08 19:06:17,-4.003297,-79.212324,Calle Bolivar,CON_LESIONADOS,Choque Vehicular,Via resbaladiza o mojada,12,LESIONADO,HOMBRE,SCOOTER,,,,,,,,
2023-01-10 10:18:36,-4.031485,-79.214836,Av. Gran Colombia,CON_LESIONADOS,Choque Vehicular,Inobservancia de senales,13,LESIONADO,NO_REGISTRA,MOTOCICLETA,,,,,,,,
2023-08-13 21:10:33,-4.012499,-79.199579,Calle Sucre,CON_FALLECIDOS,Atropellamiento,Estado de embriaguez,62,FALLECIDO,HOMBRE,MOTOCICLETA,72,FALLECIDO,HOMBRE,MOTOCICLETA,8,LESIONADO,MUJER,VEH_LIVIANO
2023-01-24 22:31:44,-3.999779,-79.223021,Av. Universitaria,SOLO_DANOS,Colision Multiple,Estado de embriaguez,,,,,,,,,,,,
2023-08-22 03:19:47,-4.008195,-79.215788,Av. Metropolitana,CON_FALLECIDOS,Volcamiento,Via resbaladiza o mojada,18,FALLECIDO,MUJER,PEATON,,,,,,,,
2023-02-05 04:55:40,-3.985634,-79.197131,Calle Mercadillo,SOLO_DANOS,Volcamiento,Via resbaladiza o mojada,,,,,,,,,,,,
2023-09-29 23:37:00,-4.021141,-79.201611,Av. Manuel Agustin Aguirre,SOLO_DANOS,Colision Multiple,Visibilidad reducida,,,,,,,,,,,,
2023-04-30 00:29:05,-3.978101,-79.222364,Calle Ramon Borrero,CON_FALLECIDOS,Volcamiento,Visibilidad reducida,24,FALLECIDO,NO_REGISTRA,OTRO,36,FALLECIDO,NO_REGISTRA,VEH_LIVIANO,16,LESIONADO,HOMBRE,PEATON
2023-05-26 22:37:55,-3.990012,-79.190536,Av. Manuel Agustin Aguirre,SOLO_DANOS,Colision Multiple,Visibilidad reducida,,,,,,,,,,,,
2023-11-19 16:47:00,-3.985836,-79.188226,Av. 8 de Diciembre,SOLO_DANOS,Atropellamiento,Factores externos,,,,,,,,,,,,
2023-10-25 01:52:23,-3.987478,-79.179059,Calle Quito,CON_LESIONADOS,Caida,Visibilidad reducida,21,LESIONADO,NO_REGISTRA,VEH_LIVIANO,75,LESIONADO,NO_REGISTRA,SCOOTER,14,LESIONADO,HOMBRE,VEH_LIVIANO
2023-03-31 01:38:03,-3.993431,-79.206429,Av. Reinaldo Espinosa,CON_LESIONADOS,Atropellamiento,Exceso de velocidad,47,LESIONADO,HOMBRE,OTRO,43,LESIONADO,MUJER,SCOOTER,,,,
2023-03-27 09:11:43,-4.022050,-79.173810,Calle Montufar,CON_FALLECIDOS,Atropellamiento,Imprudencia del conductor,35,FALLECIDO,NO_REGISTRA,CICLISTA,8,LESIONADO,MUJER,PEATON,42,LESIONADO,NO_REGISTRA,PEATON
2023-07-29 23:16:57,-3.986087,-79.191448,Via Loja - Catamayo,CON_FALLECIDOS,Colision Multiple,Fatiga del conductor,69,FALLECIDO,MUJER,VEH_LIVIANO,,,,,,,,
2023-07-13 17:50:35,-4.033259,-79.226140,Av. Reinaldo Espinosa,CON_LESIONADOS,Volcamiento,Estado de embriaguez,12,LESIONADO,NO_REGISTRA,SCOOTER,,,,,,,,
2023-12-13 09:54:08,-4.010325,-79.223782,Calle Quito,CON_LESIONADOS,Colision Multiple,Falla mecanica,15,LESIONADO,HOMBRE,VEH_LIVIANO,10,LESIONADO,NO_REGISTRA,MOTOCICLETA,20,LESIONADO,NO_REGISTRA,PEATON
2023-04-05 04:00:47,-4.027565,-79.225557,Calle 10 de Agosto,CON_LESIONADOS,Colision Multiple,Exceso de velocidad,26,LESIONADO,HOMBRE,OTRO,16,LESIONADO,MUJER,PEATON,,,,
2023-12-14 23:59:37,-3.996518,-79.194836,Calle Quito,CON_FALLECIDOS,Incendio,Visibilidad reducida,72,FALLECIDO,NO_REGISTRA,PEATON,31,LESIONADO,MUJER,SCOOTER,,,,
2023-08-02 21:30:38,-4.018801,-79.208479,Via Loja - Zamora,CON_FALLECIDOS,Choque Vehicular,Via resbaladiza o mojada,32,FALLECIDO,MUJER,PEATON,84,FALLECIDO,NO_REGISTRA,VEH_LIVIANO,36,LESIONADO,MUJER,PEATON
2023-05-24 17:01:25,-4.019820,-79.225120,Calle Azogues,CON_LESIONADOS,Volcamiento,Fatiga del conductor,58,LESIONADO,NO_REGISTRA,CICLISTA,22,LESIONADO,MUJER,OTRO,,,,
2023-04-18 03:44:43,-4.029615,-79.189160,Av. Gran Colombia,SOLO_DANOS,Atropellamiento,Falla mecanica,,,,,,,,,,,,
2023-10-28 02:09:59,-3.998916,-79.209276,Av. Metropolitana,CON_LESIONADOS,Accidente Laboral,Mal estado de la via,35,LESIONADO,HOMBRE,CICLISTA,26,LESIONADO,MUJER,OTRO,,,,
2023-09-17 22:30:59,-3.980059,-79.183058,Ruta 35,SOLO_DANOS,Incendio,Fatiga del conductor,,,,,,,,,,,,
2023-03-10 16:18:13,-4.019509,-79.215854,Calle Mercadillo,CON_FALLECIDOS,Caida,Fatiga del conductor,31,FALLECIDO,MUJER,OTRO,78,FALLECIDO,NO_REGISTRA,VEH_LIVIANO,16,LESIONADO,HOMBRE,MOTOCICLETA
2023-11-06 11:59:12,-3.986574,-79.213389,Calle 18 de Noviembre,CON_LESIONADOS,Incendio,Factores externos,36,LESIONADO,NO_REGISTRA,VEH_LIVIANO,40,LESIONADO,MUJER,VEH_LIVIANO,,,,
2023-10-25 22:15:02,-4.031870,-79.201827,Calle Mercadillo,SOLO_DANOS,Accidente Laboral,Visibilidad reducida,,,,,,,,,,,,
2023-07-26 23:40:31,-3.998864,-79.228951,Calle Imbabura,SOLO_DANOS,Caida,Via resbaladiza o mojada,,,,,,,,,,,,
2023-08-06 18:09:50,-4.007253,-79.200979,Calle 10 de Agosto,CON_LESIONADOS,Choque Vehicular,Falla mecanica,56,LESIONADO,MUJER,PEATON,27,LESIONADO,MUJER,MOTOCICLETA,,,,
2023-02-09 22:27:41,-3.984183,-79.203403,Av. Manuel Agustin Aguirre,CON_FALLECIDOS,Caida,Factores externos,82,FALLECIDO,NO_REGISTRA,CICLISTA,67,FALLECIDO,MUJER,MOTOCICLETA,,,,
2023-09-23 02:19:06,-4.003776,-79.207975,Av. Cuxibamba,SOLO_DANOS,Incendio,Imprudencia del conductor,9,LESIONADO,HOMBRE,OTRO,,,,,,,,
2023-01-07 16:27:53,-4.034438,-79.210953,Av. Gran Colombia,CON_FALLECIDOS,Incendio,Fatiga del conductor,53,FALLECIDO,MUJER,VEH_LIVIANO,34,LESIONADO,MUJER,CICLISTA,,,,
2023-04-16 22:59:07,-4.017650,-79.212622,Av. Metropolitana,CON_LESIONADOS,Accidente Laboral,Fatiga del conductor,28,LESIONADO,HOMBRE,SCOOTER,40,LESIONADO,MUJER,SCOOTER,41,LESIONADO,NO_REGISTRA,VEH_LIVIANO
2023-12-12 07:05:11,-4.007442,-79.197658,Calle Colon,CON_FALLECIDOS,Colision Multiple,Exceso de velocidad,62,FALLECIDO,HOMBRE,OTRO,63,LESIONADO,NO_REGISTRA,SCOOTER,,,,
2023-04-05 02:26:52,-4.017374,-79.210517,Av. Orillas del Zamora,SOLO_DANOS,Caida,Estado de embriaguez,,,,,,,,,,,,
2023-07-10 22:13:48,-4.034265,-79.207271,Av. Metropolitana,CON_LESIONADOS,Incendio,Via resbaladiza o mojada,44,LESIONADO,NO_REGISTRA,CICLISTA,13,LESIONADO,HOMBRE,OTRO,,,,
2023-04-16 08:08:13,-4.002765,-79.217526,Calle Montufar,CON_LESIONADOS,Caida,Inobservancia de senales,74,LESIONADO,HOMBRE,VEH_LIVIANO,,,,,,,,
2023-01-23 04:48:03,-4.015766,-79.197704,Calle Bolivar,SOLO_DANOS,Caida,Via resbaladiza o mojada,,,,,,,,,,,,
2023-06-30 14:57:35,-4.031914,-79.192563,Calle Quito,CON_FALLECIDOS,Colision Multiple,Falla mecanica,43,FALLECIDO,MUJER,OTRO,37,LESIONADO,HOMBRE,MOTOCICLETA,18,LESIONADO,MUJER,MOTOCICLETA
2023-10-21 13:22:29,-4.025553,-79.192347,Via Loja - Zamora,CON_FALLECIDOS,Incendio,Equipo de seguridad deficiente,49,FALLECIDO,MUJER,SCOOTER,68,LESIONADO,HOMBRE,PEATON,45,LESIONADO,NO_REGISTRA,MOTOCICLETA
2023-09-01 12:17:50,-3.978097,-79.216089,Via Loja - Zamora,CON_FALLECIDOS,Caida,Imprudencia del conductor,25,FALLECIDO,HOMBRE,CICLISTA,72,LESIONADO,HOMBRE,VEH_LIVIANO,,,,
2023-07-05 09:04:09,-4.010993,-79.190459,Av. Gran Colombia,CON_FALLECIDOS,Accidente Laboral,Fatiga del conductor,71,FALLECIDO,MUJER,SCOOTER,31,FALLECIDO,MUJER,OTRO,47,LESIONADO,MUJER,OTRO
2023-03-12 19:31:31,-4.020288,-79.205199,Av. Metropolitana,CON_LESIONADOS,Volcamiento,Imprudencia del conductor,70,LESIONADO,HOMBRE,PEATON,,,,,,,,
2023-09-28 18:20:17,-3.989668,-79.220687,Av. Orillas del Zamora,SOLO_DANOS,Colision Multiple,Inobservancia de senales,,,,,,,,,,,,
2023-01-12 18:35:32,-4.011943,-79.209895,Calle Sucre,CON_FALLECIDOS,Atropellamiento,Distraccion (celular/radio),33,FALLECIDO,NO_REGISTRA,MOTOCICLETA,83,FALLECIDO,HOMBRE,PEATON,59,LESIONADO,MUJER,PEATON
2023-02-09 09:41:14,-4.005466,-79.182336,Av. Gran Colombia,CON_FALLECIDOS,Colision Multiple,Via resbaladiza o mojada,34,FALLECIDO,HOMBRE,MOTOCICLETA,44,FALLECIDO,HOMBRE,SCOOTER,,,,
2023-11-21 14:47:46,-4.007111,-79.209539,Av. Metropolitana,CON_LESIONADOS,Choque Vehicular,Mal estado de la via,5,LESIONADO,NO_REGISTRA,PEATON,,,,,,,,
2023-12-26 22:02:00,-4.010479,-79.185085,Av. Universitaria,CON_FALLECIDOS,Caida,Exceso de velocidad,51,FALLECIDO,HOMBRE,MOTOCICLETA,50,FALLECIDO,MUJER,OTRO,46,LESIONADO,NO_REGISTRA,VEH_LIVIANO
2023-03-10 06:42:32,-3.997111,-79.217563,Calle Montufar,SOLO_DANOS,Colision Multiple,Fatiga del conductor,,,,,,,,,,,,
2023-02-02 07:20:19,-4.030513,-79.186089,Calle Rocafuerte,CON_LESIONADOS,Volcamiento,Equipo de seguridad deficiente,14,LESIONADO,NO_REGISTRA,CICLISTA,,,,,,,,
2023-08-06 05:55:08,-4.012881,-79.217029,Calle 10 de Agosto,SOLO_DANOS,Colision Multiple,Visibilidad reducida,,,,,,,,,,,,
2023-12-10 17:34:27,-3.980104,-79.209889,Av. Gran Colombia,SOLO_DANOS,Accidente Laboral,Estado de embriaguez,,,,,,,,,,,,
2023-09-14 06:19:54,-3.980859,-79.183939,Calle Montufar,CON_FALLECIDOS,Atropellamiento,Exceso de velocidad,60,FALLECIDO,NO_REGISTRA,SCOOTER,46,LESIONADO,MUJER,SCOOTER,,,,
2023-11-25 05:20:00,-3.996958,-79.218172,Via Loja - Zamora,CON_LESIONADOS,Volcamiento,Visibilidad reducida,71,LESIONADO,MUJER,CICLISTA,66,LESIONADO,NO_REGISTRA,OTRO,61,LESIONADO,HOMBRE,VEH_LIVIANO
2023-04-02 17:33:34,-4.027381,-79.221165,Calle Mercadillo,CON_FALLECIDOS,Atropellamiento,Fatiga del conductor,42,FALLECIDO,MUJER,MOTOCICLETA,,,,,,,,
2023-08-03 01:22:24,-4.006364,-79.223305,Calle Azogues,SOLO_DANOS,Choque Vehicular,Estado de embriaguez,,,,,,,,,,,,
2023-09-05 22:58:21,-4.035694,-79.174277,Av. Rosa Hermosa,SOLO_DANOS,Colision Multiple,Visibilidad reducida,,,,,,,,,,,,
2023-02-08 21:43:22,-4.032043,-79.180982,Av. Manuel Agustin Aguirre,CON_LESIONADOS,Incendio,Visibilidad reducida,21,LESIONADO,NO_REGISTRA,VEH_LIVIANO,,,,,,,,
2023-12-19 20:15:09,-4.031400,-79.186457,Calle Quito,CON_LESIONADOS,Incendio,Factores externos,75,LESIONADO,MUJER,CICLISTA,36,LESIONADO,MUJER,VEH_LIVIANO,,,,
2023-07-17 16:09:26,-3.986445,-79.188617,Calle 10 de Agosto,CON_LESIONADOS,Colision Multiple,Mal estado de la via,25,LESIONADO,HOMBRE,CICLISTA,,,,,,,,
2023-02-21 00:47:52,-4.033225,-79.199401,Calle Rocafuerte,SOLO_DANOS,Colision Multiple,Falla mecanica,80,LESIONADO,HOMBRE,OTRO,,,,,,,,
2023-07-28 04:19:12,-3.992860,-79.230642,Via Loja - Zamora,SOLO_DANOS,Caida,Fatiga del conductor,,,,,,,,,,,,
2023-06-19 22:25:43,-4.004431,-79.213118,Calle 10 de Agosto,CON_LESIONADOS,Volcamiento,Exceso de velocidad,71,LESIONADO,HOMBRE,SCOOTER,,,,,,,,
2023-06-19 19:13:29,-3.980451,-79.213956,Calle Ramon Borrero,CON_FALLECIDOS,Incendio,Fatiga del conductor,39,FALLECIDO,HOMBRE,SCOOTER,61,FALLECIDO,HOMBRE,OTRO,,,,
2023-07-05 22:48:39,-4.006311,-79.220933,Av. Isidro Ayora,CON_FALLECIDOS,Caida,Fatiga del conductor,78,FALLECIDO,MUJER,MOTOCICLETA,48,LESIONADO,MUJER,MOTOCICLETA,58,LESIONADO,HOMBRE,CICLISTA
2023-10-15 15:28:43,-3.999960,-79.222065,Calle 10 de Agosto,SOLO_DANOS,Atropellamiento,Falla mecanica,,,,,,,,,,,,
2023-07-08 19:42:43,-3.984930,-79.230105,Av. Cuxibamba,SOLO_DANOS,Caida,Exceso de velocidad,,,,,,,,,,,,
2023-09-10 00:01:51,-3.994077,-79.223554,Av. Gran Colombia,CON_FALLECIDOS,Colision Multiple,Distraccion (celular/radio),58,FALLECIDO,HOMBRE,VEH_LIVIANO,23,LESIONADO,HOMBRE,PEATON,,,,
2023-05-22 05:14:14,-4.019631,-79.185716,Calle Mercadillo,CON_LESIONADOS,Volcamiento,Exceso de velocidad,77,LESIONADO,MUJER,VEH_LIVIANO,65,LESIONADO,MUJER,CICLISTA,,,,
2023-08-17 06:16:54,-4.023428,-79.175710,Av. Metropolitana,CON_FALLECIDOS,Incendio,Factores externos,62,FALLECIDO,HOMBRE,MOTOCICLETA,77,FALLECIDO,HOMBRE,SCOOTER,24,LESIONADO,MUJER,PEATON
2023-12-29 14:04:42,-3.982823,-79.189331,Calle Montufar,CON_FALLECIDOS,Colision Multiple,Exceso de velocidad,65,FALLECIDO,NO_REGISTRA,SCOOTER,60,FALLECIDO,HOMBRE,OTRO,77,LESIONADO,NO_REGISTRA,OTRO
2023-12-04 13:03:37,-3.994866,-79.190917,Calle Ramon Borrero,CON_LESIONADOS,Atropellamiento,Via resbaladiza o mojada,53,LESIONADO,NO_REGISTRA,VEH_LIVIANO,58,LESIONADO,HOMBRE,OTRO,40,LESIONADO,NO_REGISTRA,SCOOTER
2023-05-20 23:40:25,-3.986136,-79.197068,Via Loja - Catamayo,SOLO_DANOS,Accidente Laboral,Fatiga del conductor,,,,,,,,,,,,
2023-06-22 18:14:35,-3.991548,-79.217151,Av. Metropolitana,SOLO_DANOS,Incendio,Estado de embriaguez,,,,,,,,,,,,
2023-07-07 06:24:37,-4.023498,-79.221416,Calle Azogues,CON_LESIONADOS,Caida,Factores externos,11,LESIONADO,NO_REGISTRA,OTRO,25,LESIONADO,NO_REGISTRA,SCOOTER,9,LESIONADO,NO_REGISTRA,VEH_LIVIANO
2023-12-04 16:35:53,-4.013685,-79.200581,Calle Montufar,CON_FALLECIDOS,Atropellamiento,Visibilidad reducida,28,FALLECIDO,HOMBRE,CICLISTA,49,FALLECIDO,NO_REGISTRA,CICLISTA,59,LESIONADO,HOMBRE,SCOOTER
2023-09-21 00:20:14,-4.018355,-79.194639,Av. Pio Jaramillo,CON_LESIONADOS,Atropellamiento,Mal estado de la via,17,LESIONADO,NO_REGISTRA,CICLISTA,,,,,,,,
2023-11-05 00:11:50,-4.009362,-79.181792,Av. 8 de Diciembre,CON_LESIONADOS,Incendio,Exceso de velocidad,20,LESIONADO,HOMBRE,VEH_LIVIANO,26,LESIONADO,NO_REGISTRA,MOTOCICLETA,39,LESIONADO,HOMBRE,CICLISTA
2023-09-26 14:48:11,-4.017220,-79.197356,Av. Isidro Ayora,CON_FALLECIDOS,Volcamiento,Distraccion (celular/radio),71,FALLECIDO,NO_REGISTRA,MOTOCICLETA,70,FALLECIDO,MUJER,SCOOTER,,,,
2023-11-19 04:00:11,-4.036483,-79.225604,Calle Montufar,CON_LESIONADOS,Accidente Laboral,Fatiga del conductor,11,LESIONADO,NO_REGISTRA,MOTOCICLETA,,,,,,,,
2023-04-19 17:19:42,-4.001118,-79.218308,Calle Ramon Borrero,SOLO_DANOS,Incendio,Equipo de seguridad deficiente,,,,,,,,,,,,
2023-12-04 09:35:38,-3.978762,-79.172340,Av. Reinaldo Espinosa,CON_FALLECIDOS,Atropellamiento,Equipo de seguridad deficiente,76,FALLECIDO,NO_REGISTRA,VEH_LIVIANO,82,FALLECIDO,MUJER,PEATON,,,,
2023-12-31 23:22:41,-4.026588,-79.199868,Via Loja - Zamora,SOLO_DANOS,Incendio,Falla mecanica,,,,,,,,,,,,
2023-05-16 17:01:18,-3.987190,-79.191894,Av. Rosa Hermosa,SOLO_DANOS,Volcamiento,Imprudencia del conductor,,,,,,,,,,,,
2023-04-24 11:31:45,-4.024661,-79.201696,Calle Colon,CON_LESIONADOS,Caida,Mal estado de la via,45,LESIONADO,NO_REGISTRA,CICLISTA,,,,,,,,
2023-11-21 19:52:51,-3.980082,-79.207906,Calle Sucre,CON_LESIONADOS,Accidente Laboral,Mal estado de la via,23,LESIONADO,MUJER,VEH_LIVIANO,72,LESIONADO,NO_REGISTRA,SCOOTER,28,LESIONADO,NO_REGISTRA,CICLISTA
2023-01-30 23:15:01,-3.980440,-79.190481,Av. 8 de Diciembre,CON_FALLECIDOS,Atropellamiento,Exceso de velocidad,20,FALLECIDO,MUJER,VEH_LIVIANO,26,LESIONADO,MUJER,PEATON,,,,
2023-03-02 04:22:47,-3.993317,-79.229466,Calle Miguel Riofrio,CON_FALLECIDOS,Caida,Exceso de velocidad,31,FALLECIDO,MUJER,SCOOTER,26,LESIONADO,HOMBRE,PEATON,13,LESIONADO,NO_REGISTRA,CICLISTA
2023-04-15 14:41:22,-4.021719,-79.212201,Calle Miguel Riofrio,SOLO_DANOS,Accidente Laboral,Factores externos,49,LESIONADO,NO_REGISTRA,MOTOCICLETA,,,,,,,,
2023-12-16 11:24:21,-4.022369,-79.219137,Av. 8 de Diciembre,SOLO_DANOS,Accidente Laboral,Estado de embriaguez,,,,,,,,,,,,
2023-07-20 20:53:38,-4.013848,-79.212519,Av. Universitaria,CON_LESIONADOS,Accidente Laboral,Imprudencia del conductor,12,LESIONADO,MUJER,VEH_LIVIANO,,,,,,,,
2023-05-31 19:27:11,-3.990257,-79.210531,Av. Rosa Hermosa,CON_LESIONADOS,Incendio,Fatiga del conductor,19,LESIONADO,HOMBRE,OTRO,37,LESIONADO,HOMBRE,PEATON,13,LESIONADO,HOMBRE,MOTOCICLETA
2023-04-07 03:39:28,-4.025381,-79.226107,Calle Saraguro,CON_FALLECIDOS,Accidente Laboral,Mal estado de la via,21,FALLECIDO,NO_REGISTRA,MOTOCICLETA,5,LESIONADO,MUJER,PEATON,,,,
2023-06-10 07:08:49,-4.023759,-79.223625,Calle Mercadillo,CON_LESIONADOS,Incendio,Inobservancia de senales,11,LESIONADO,NO_REGISTRA,PEATON,,,,,,,,
2023-01-10 03:12:15,-3.979125,-79.175881,Calle Quito,SOLO_DANOS,Choque Vehicular,Exceso de velocidad,,,,,,,,,,,,
2023-03-13 10:56:16,-4.024891,-79.195049,Av. Isidro Ayora,SOLO_DANOS,Atropellamiento,Factores externos,,,,,,,,,,,,
2023-08-13 00:35:26,-4.011352,-79.206812,Calle Colon,SOLO_DANOS,Incendio,Imprudencia del conductor,,,,,,,,,,,,
2023-04-16 07:17:27,-3.986307,-79.207293,Calle Saraguro,CON_FALLECIDOS,Caida,Imprudencia del conductor,65,FALLECIDO,NO_REGISTRA,OTRO,75,LESIONADO,MUJER,SCOOTER,78,LESIONADO,NO_REGISTRA,CICLISTA
2023-08-23 23:45:49,-4.022228,-79.193903,Calle Azogues,CON_FALLECIDOS,Incendio,Factores externos,30,FALLECIDO,HOMBRE,OTRO,,,,,,,,
2023-10-04 18:03:18,-4.011036,-79.174351,Av. Manuel Agustin Aguirre,SOLO_DANOS,Caida,Exceso de velocidad,,,,,,,,,,,,
2023-12-01 05:30:48,-4.023027,-79.171056,Calle Azogues,SOLO_DANOS,Accidente Laboral,Falla mecanica,,,,,,,,,,,,
2023-06-12 05:02:18,-3.978518,-79.191314,Av. Metropolitana,SOLO_DANOS,Atropellamiento,Exceso de velocidad,,,,,,,,,,,,
2023-04-30 07:16:11,-4.031288,-79.221065,Calle Rocafuerte,CON_FALLECIDOS,Caida,Imprudencia del conductor,42,FALLECIDO,NO_REGISTRA,PEATON,,,,,,,,
2023-08-26 17:10:40,-4.000732,-79.176529,Av. Reinaldo Espinosa,CON_FALLECIDOS,Volcamiento,Estado de embriaguez,49,FALLECIDO,MUJER,SCOOTER,26,LESIONADO,MUJER,OTRO,,,,
2023-06-11 18:32:57,-3.998062,-79.207995,Via Loja - Catamayo,CON_LESIONADOS,Caida,Distraccion (celular/radio),39,LESIONADO,NO_REGISTRA,SCOOTER,7,LESIONADO,NO_REGISTRA,MOTOCICLETA,70,LESIONADO,MUJER,SCOOTER
2023-11-01 06:37:54,-4.015704,-79.205334,Av. Pio Jaramillo,CON_FALLECIDOS,Volcamiento,Estado de embriaguez,27,FALLECIDO,HOMBRE,CICLISTA,80,FALLECIDO,MUJER,CICLISTA,35,LESIONADO,NO_REGISTRA,VEH_LIVIANO
2023-09-20 15:29:26,-4.028818,-79.219235,Calle Sucre,CON_LESIONADOS,Choque Vehicular,Imprudencia del conductor,6,LESIONADO,NO_REGISTRA,MOTOCICLETA,,,,,,,,
2023-02-25 03:05:51,-4.011608,-79.226518,Av. Cuxibamba,SOLO_DANOS,Atropellamiento,Estado de embriaguez,,,,,,,,,,,,
2023-07-16 22:00:00,-3.985734,-79.187063,Calle Colon,CON_LESIONADOS,Caida,Imprudencia del conductor,76,LESIONADO,HOMBRE,MOTOCICLETA,22,LESIONADO,HOMBRE,OTRO,,,,
2023-06-24 01:01:37,-4.035667,-79.200294,Av. Gran Colombia,SOLO_DANOS,Incendio,Distraccion (celular/radio),,,,,,,,,,,,
2023-01-15 14:49:19,-3.996033,-79.222095,Av. Cuxibamba,SOLO_DANOS,Volcamiento,Mal estado de la via,,,,,,,,,,,,
2023-02-05 11:21:13,-4.026834,-79.225471,Av. Isidro Ayora,SOLO_DANOS,Choque Vehicular,Imprudencia del conductor,,,,,,,,,,,,
2023-03-23 14:08:09,-3.985149,-79.213146,Calle Mercadillo,CON_LESIONADOS,Incendio,Visibilidad reducida,63,LESIONADO,MUJER,CICLISTA,22,LESIONADO,MUJER,SCOOTER,,,,
2023-10-24 18:30:54,-3.995301,-79.189784,Calle Mercadillo,CON_LESIONADOS,Atropellamiento,Via resbaladiza o mojada,27,LESIONADO,MUJER,CICLISTA,26,LESIONADO,MUJER,OTRO,,,,
2023-04-18 12:30:28,-4.028957,-79.227893,Calle Miguel Riofrio,SOLO_DANOS,Colision Multiple,Falla mecanica,,,,,,,,,,,,
2023-12-26 18:00:36,-3.984217,-79.210768,Via Loja - Catamayo,SOLO_DANOS,Atropellamiento,Via resbaladiza o mojada,,,,,,,,,,,,
2023-12-24 15:13:28,-4.026802,-79.185400,Av. Orillas del Zamora,SOLO_DANOS,Choque Vehicular,Visibilidad reducida,,,,,,,,,,,,
2023-09-23 21:10:58,-4.010542,-79.198341,Calle 10 de Agosto,CON_LESIONADOS,Accidente Laboral,Imprudencia del conductor,29,LESIONADO,MUJER,OTRO,77,LESIONADO,HOMBRE,PEATON,,,,
2023-04-26 17:48:04,-4.012212,-79.202854,Calle Mercadillo,SOLO_DANOS,Caida,Exceso de velocidad,,,,,,,,,,,,
2023-11-12 04:09:04,-3.987192,-79.229762,Calle Ramon Borrero,CON_FALLECIDOS,Atropellamiento,Mal estado de la via,59,FALLECIDO,HOMBRE,OTRO,54,FALLECIDO,NO_REGISTRA,PEATON,,,,
2023-04-09 06:45:02,-3.993900,-79.219751,Via Loja - Zamora,CON_LESIONADOS,Caida,Exceso de velocidad,19,LESIONADO,HOMBRE,CICLISTA,,,,,,,,
2023-10-05 01:17:27,-3.995047,-79.180030,Calle Bolivar,CON_FALLECIDOS,Caida,Visibilidad reducida,73,FALLECIDO,HOMBRE,SCOOTER,37,FALLECIDO,HOMBRE,OTRO,33,LESIONADO,HOMBRE,PEATON
2023-11-24 06:39:57,-4.021917,-79.222480,Calle Bolivar,CON_LESIONADOS,Accidente Laboral,Inobservancia de senales,22,LESIONADO,MUJER,VEH_LIVIANO,19,LESIONADO,HOMBRE,CICLISTA,,,,
2023-11-25 17:23:15,-4.033708,-79.219499,Calle Sucre,CON_LESIONADOS,Accidente Laboral,Via resbaladiza o mojada,22,LESIONADO,HOMBRE,OTRO,5,LESIONADO,HOMBRE,OTRO,54,LESIONADO,NO_REGISTRA,OTRO