fecha_hora,latitud,longitud,via,grado_severidad,tipo_siniestro,causa_probable,victima1_edad,victima1_condicion,victima1_sexo,victima1_actor_vial,victima2_edad,victima2_condicion,victima2_sexo,victima2_actor_vial,victima3_edad,victima3_condicion,victima3_sexo,victima3_actor_vial
2023-07-19 18:34:56,-4.035251,-79.220356,Via Loja - Catamayo,CON_FALLECIDOS,Volcamiento,Visibilidad reducida,20,FALLECIDO,HOMBRE,CICLISTA,27,LESIONADO,NO_REGISTRA,PEATON,80,LESIONADO,HOMBRE,OTRO
2023-12-06 22:32:34,-3.990064,-79.185992,Av. Universitaria,CON_LESIONADOS,Choque Vehicular,Fatiga del conductor,39,LESIONADO,NO_REGISTRA,OTRO,46,LESIONADO,NO_REGISTRA,MOTOCICLETA,79,LESIONADO,NO_REGISTRA,CICLISTA
2023-05-07 17:13:14,-3.981600,-79.204628,Av. Orillas del Zamora,CON_LESIONADOS,Colision Multiple,Visibilidad reducida,58,LESIONADO,NO_REGISTRA,VEH_LIVIANO,65,LESIONADO,NO_REGISTRA,VEH_LIVIANO,24,LESIONADO,HOMBRE,CICLISTA
2023-11-01 14:34:36,-4.028308,-79.178578,Av. Orillas del Zamora,SOLO_DANOS,Caida,Inobservancia de senales,,,,,,,,,,,,
2023-01-11 21:18:01,-4.025658,-79.186396,Av. Cuxibamba,CON_LESIONADOS,Volcamiento,Via resbaladiza o mojada,50,LESIONADO,HOMBRE,VEH_LIVIANO,,,,,,,,
2023-02-11 15:24:46,-4.020309,-79.182589,Av. Manuel Agustin Aguirre,CON_FALLECIDOS,Incendio,Via resbaladiza o mojada,67,FALLECIDO,MUJER,CICLISTA,73,LESIONADO,HOMBRE,PEATON,,,,
2023-11-07 13:51:07,-4.013641,-79.210028,Av. Orillas del Zamora,CON_FALLECIDOS,Accidente Laboral,Via resbaladiza o mojada,39,FALLECIDO,HOMBRE,VEH_LIVIANO,27,FALLECIDO,MUJER,CICLISTA,,,,
2023-01-23 08:50:47,-4.034252,-79.179672,Via Loja - Zamora,SOLO_DANOS,Caida,Exceso de velocidad,,,,,,,,,,,,
2023-08-20 08:40:59,-4.030399,-79.185370,Calle Sucre,CON_LESIONADOS,Volcamiento,Factores externos,74,LESIONADO,HOMBRE,CICLISTA,70,LESIONADO,MUJER,CICLISTA,47,LESIONADO,NO_REGISTRA,MOTOCICLETA
2023-10-24 06:06:32,-4.004887,-79.200958,Av. Orillas del Zamora,CON_LESIONADOS,Choque Vehicular,Distraccion (celular/radio),50,LESIONADO,MUJER,PEATON,,,,,,,,
2023-08-15 03:31:49,-3.982563,-79.216441,Calle Quito,CON_LESIONADOS,Volcamiento,Exceso de velocidad,24,LESIONADO,NO_REGISTRA,SCOOTER,,,,,,,,
2023-09-09 21:46:44,-3.994350,-79.174815,Calle Sucre,CON_FALLECIDOS,Accidente Laboral,Imprudencia del conductor,60,FALLECIDO,NO_REGISTRA,OTRO,27,FALLECIDO,NO_REGISTRA,OTRO,73,LESIONADO,NO_REGISTRA,MOTOCICLETA
2023-01-26 22:49:29,-4.003705,-79.201590,Av. Rosa Hermosa,CON_FALLECIDOS,Atropellamiento,Exceso de velocidad,75,FALLECIDO,MUJER,SCOOTER,,,,,,,,
2023-02-22 07:47:19,-4.001908,-79.215940,Av. Rosa Hermosa,CON_LESIONADOS,Caida,Equipo de seguridad deficiente,12,LESIONADO,MUJER,PEATON,,,,,,,,
2023-05-23 18:58:24,-4.001283,-79.212052,Av. Isidro Ayora,SOLO_DANOS,Accidente Laboral,Equipo de seguridad deficiente,,,,,,,,,,,,
2023-12-17 18:27:36,-4.013738,-79.192555,Calle Bolivar,CON_LESIONADOS,Atropellamiento,Estado de embriaguez,25,LESIONADO,HOMBRE,SCOOTER,5,LESIONADO,HOMBRE,SCOOTER,,,,
2023-10-23 03:22:02,-3.996602,-79.177191,Calle Ramon Borrero,CON_FALLECIDOS,Accidente Laboral,Fatiga del conductor,26,FALLECIDO,NO_REGISTRA,PEATON,84,FALLECIDO,HOMBRE,PEATON,6,LESIONADO,HOMBRE,PEATON
2023-11-13 06:30:18,-4.032627,-79.228142,Av. Reinaldo Espinosa,SOLO_DANOS,Colision Multiple,Imprudencia del conductor,,,,,,,,,,,,
2023-04-30 17:34:39,-3.986306,-79.212893,Av. Isidro Ayora,SOLO_DANOS,Accidente Laboral,Visibilidad reducida,,,,,,,,,,,,
2023-01-09 15:25:23,-3.986044,-79.194457,Calle Miguel Riofrio,CON_FALLECIDOS,Volcamiento,Visibilidad reducida,79,FALLECIDO,MUJER,OTRO,73,LESIONADO,HOMBRE,CICLISTA,63,LESIONADO,NO_REGISTRA,SCOOTER
2023-08-16 05:49:28,-4.031686,-79.216743,Ruta 35,SOLO_DANOS,Incendio,Inobservancia de senales,,,,,,,,,,,,
2023-04-25 12:47:10,-4.032324,-79.205997,Av. Orillas del Zamora,CON_LESIONADOS,Atropellamiento,Factores externos,8,LESIONADO,MUJER,SCOOTER,49,LESIONADO,HOMBRE,SCOOTER,,,,
2023-10-16 08:23:34,-4.005720,-79.174353,Via Loja - Catamayo,SOLO_DANOS,Incendio,Factores externos,,,,,,,,,,,,
2023-05-24 03:55:54,-4.007774,-79.194471,Av. Pio Jaramillo,CON_FALLECIDOS,Accidente Laboral,Via resbaladiza o mojada,19,FALLECIDO,NO_REGISTRA,OTRO,73,LESIONADO,MUJER,SCOOTER,,,,
2023-05-18 09:21:38,-4.002687,-79.178238,Calle Bolivar,CON_FALLECIDOS,Choque Vehicular,Via resbaladiza o mojada,46,FALLECIDO,MUJER,VEH_LIVIANO,45,LESIONADO,MUJER,VEH_LIVIANO,13,LESIONADO,MUJER,SCOOTER
2023-04-22 12:06:05,-4.032217,-79.179296,Av. Metropolitana,CON_FALLECIDOS,Choque Vehicular,Equipo de seguridad deficiente,18,FALLECIDO,NO_REGISTRA,CICLISTA,62,FALLECIDO,NO_REGISTRA,CICLISTA,,,,
2023-06-03 21:07:03,-4.010679,-79.172398,Av. Isidro Ayora,SOLO_DANOS,Volcamiento,Falla mecanica,,,,,,,,,,,,
2023-10-08 15:52:19,-3.983244,-79.204067,Av. Gran Colombia,SOLO_DANOS,Accidente Laboral,Via resbaladiza o mojada,,,,,,,,,,,,
2023-08-02 03:25:24,-4.014278,-79.209143,Via Loja - Catamayo,CON_LESIONADOS,Volcamiento,Factores externos,76,LESIONADO,HOMBRE,VEH_LIVIANO,74,LESIONADO,NO_REGISTRA,VEH_LIVIANO,54,LESIONADO,MUJER,OTRO
2023-02-14 16:13:20,-4.033646,-79.226724,Calle 10 de Agosto,CON_FALLECIDOS,Volcamiento,Visibilidad reducida,70,FALLECIDO,HOMBRE,CICLISTA,,,,,,,,
2023-08-01 05:52:12,-3.981204,-79.201377,Calle 18 de Noviembre,CON_LESIONADOS,Caida,Inobservancia de senales,48,LESIONADO,MUJER,SCOOTER,,,,,,,,
2023-10-27 18:42:52,-4.003180,-79.174217,Calle Miguel Riofrio,CON_LESIONADOS,Colision Multiple,Factores externos,78,LESIONADO,HOMBRE,PEATON,,,,,,,,
2023-01-07 12:51:22,-4.036618,-79.201977,Calle Imbabura,CON_FALLECIDOS,Accidente Laboral,Imprudencia del conductor,39,FALLECIDO,MUJER,SCOOTER,63,FALLECIDO,HOMBRE,SCOOTER,8,LESIONADO,NO_REGISTRA,OTRO
2023-12-15 21:35:00,-3.990430,-79.174691,Calle Mercadillo,CON_LESIONADOS,Volcamiento,Falla mecanica,26,LESIONADO,HOMBRE,OTRO,50,LESIONADO,NO_REGISTRA,PEATON,54,LESIONADO,NO_REGISTRA,PEATON
2023-03-09 14:57:34,-4.009379,-79.195576,Calle 10 de Agosto,CON_FALLECIDOS,Choque Vehicular,Factores externos,28,FALLECIDO,NO_REGISTRA,VEH_LIVIANO,,,,,,,,
2023-04-02 17:13:52,-3.998211,-79.187282,Calle Quito,CON_LESIONADOS,Atropellamiento,Inobservancia de senales,56,LESIONADO,NO_REGISTRA,OTRO,54,LESIONADO,MUJER,OTRO,54,LESIONADO,HOMBRE,SCOOTER
2023-05-21 17:57:09,-4.006138,-79.205196,Av. Pio Jaramillo,CON_LESIONADOS,Atropellamiento,Mal estado de la via,63,LESIONADO,MUJER,MOTOCICLETA,27,LESIONADO,MUJER,OTRO,,,,
2023-04-19 12:52:22,-4.014866,-79.224952,Calle Rocafuerte,CON_FALLECIDOS,Incendio,Estado de embriaguez,44,FALLECIDO,HOMBRE,SCOOTER,,,,,,,,
2023-01-10 10:15:56,-4.028711,-79.175682,Calle Mercadillo,CON_FALLECIDOS,Accidente Laboral,Equipo de seguridad deficiente,70,FALLECIDO,HOMBRE,CICLISTA,60,FALLECIDO,HOMBRE,PEATON,,,,
2023-08-14 20:55:18,-4.009006,-79.224170,Av. Cuxibamba,SOLO_DANOS,Caida,Visibilidad reducida,,,,,,,,,,,,
2023-02-27 10:29:41,-3.996422,-79.177022,Calle Imbabura,CON_FALLECIDOS,Incendio,Inobservancia de senales,35,FALLECIDO,NO_REGISTRA,MOTOCICLETA,23,FALLECIDO,HOMBRE,VEH_LIVIANO,38,LESIONADO,MUJER,PEATON
2023-12-17 01:07:01,-4.024254,-79.206577,Av. Gran Colombia,CON_LESIONADOS,Volcamiento,Fatiga del conductor,53,LESIONADO,HOMBRE,OTRO,21,LESIONADO,HOMBRE,MOTOCICLETA,,,,
2023-05-24 10:15:02,-4.023777,-79.221521,Ruta 35,CON_LESIONADOS,Accidente Laboral,Fatiga del conductor,64,LESIONADO,HOMBRE,PEATON,67,LESIONADO,MUJER,PEATON,,,,
2023-07-25 06:36:49,-3.997611,-79.181566,Calle 10 de Agosto,CON_FALLECIDOS,Colision Multiple,Falla mecanica,21,FALLECIDO,MUJER,CICLISTA,51,FALLECIDO,NO_REGISTRA,SCOOTER,12,LESIONADO,HOMBRE,SCOOTER
2023-11-21 22:25:20,-4.005478,-79.190079,Via Loja - Zamora,CON_LESIONADOS,Accidente Laboral,Visibilidad reducida,75,LESIONADO,NO_REGISTRA,PEATON,40,LESIONADO,NO_REGISTRA,CICLISTA,78,LESIONADO,HOMBRE,OTRO
2023-04-05 17:29:07,-4.012010,-79.178437,Av. Rosa Hermosa,SOLO_DANOS,Choque Vehicular,Exceso de velocidad,,,,,,,,,,,,
2023-08-15 16:51:31,-4.034635,-79.173769,Calle Miguel Riofrio,CON_FALLECIDOS,Atropellamiento,Imprudencia del conductor,70,FALLECIDO,NO_REGISTRA,PEATON,82,FALLECIDO,NO_REGISTRA,VEH_LIVIANO,8,LESIONADO,HOMBRE,SCOOTER
2023-06-29 22:30:44,-3.985074,-79.193252,Av. Gran Colombia,CON_LESIONADOS,Caida,Inobservancia de senales,6,LESIONADO,MUJER,SCOOTER,,,,,,,,
2023-07-13 12:49:36,-4.011586,-79.211198,Av. Manuel Agustin Aguirre,CON_FALLECIDOS,Volcamiento,Mal estado de la via,76,FALLECIDO,HOMBRE,OTRO,84,FALLECIDO,HOMBRE,MOTOCICLETA,,,,
2023-06-05 01:18:02,-4.033421,-79.214783,Calle 10 de Agosto,CON_FALLECIDOS,Incendio,Falla mecanica,81,FALLECIDO,NO_REGISTRA,MOTOCICLETA,53,LESIONADO,MUJER,MOTOCICLETA,,,,
2023-05-18 21:27:32,-3.980978,-79.229103,Av. Gran Colombia,CON_LESIONADOS,Colision Multiple,Exceso de velocidad,45,LESIONADO,NO_REGISTRA,OTRO,17,LESIONADO,HOMBRE,SCOOTER,71,LESIONADO,HOMBRE,PEATON
2023-02-22 11:52:28,-4.005700,-79.209662,Calle Bolivar,CON_LESIONADOS,Incendio,Equipo de seguridad deficiente,8,LESIONADO,HOMBRE,PEATON,12,LESIONADO,MUJER,SCOOTER,,,,
2023-06-01 08:27:35,-3.988463,-79.193368,Calle Bolivar,CON_FALLECIDOS,Caida,Inobservancia de senales,36,FALLECIDO,MUJER,PEATON,15,LESIONADO,HOMBRE,SCOOTER,,,,
2023-11-22 16:21:46,-3.995124,-79.218814,Calle Quito,CON_FALLECIDOS,Accidente Laboral,Distraccion (celular/radio),31,FALLECIDO,HOMBRE,PEATON,35,LESIONADO,NO_REGISTRA,SCOOTER,45,LESIONADO,NO_REGISTRA,MOTOCICLETA
2023-03-12 16:33:12,-4.034568,-79.214387,Calle 18 de Noviembre,CON_LESIONADOS,Incendio,Inobservancia de senales,8,LESIONADO,NO_REGISTRA,PEATON,59,LESIONADO,NO_REGISTRA,SCOOTER,,,,
2023-08-28 01:25:51,-4.023826,-79.206965,Calle Ramon Borrero,CON_LESIONADOS,Caida,Visibilidad reducida,59,LESIONADO,NO_REGISTRA,VEH_LIVIANO,14,LESIONADO,HOMBRE,OTRO,31,LESIONADO,MUJER,CICLISTA
2023-07-30 02:32:49,-4.003527,-79.225780,Calle Quito,CON_LESIONADOS,Accidente Laboral,Distraccion (celular/radio),6,LESIONADO,MUJER,PEATON,56,LESIONADO,MUJER,CICLISTA,51,LESIONADO,MUJER,MOTOCICLETA
2023-10-23 23:09:30,-3.995508,-79.193212,Ruta 35,CON_FALLECIDOS,Caida,Via resbaladiza o mojada,75,FALLECIDO,MUJER,CICLISTA,40,FALLECIDO,NO_REGISTRA,VEH_LIVIANO,36,LESIONADO,NO_REGISTRA,OTRO
2023-09-08 18:02:07,-4.032854,-79.178713,Av. Gran Colombia,CON_FALLECIDOS,Accidente Laboral,Exceso de velocidad,84,FALLECIDO,NO_REGISTRA,MOTOCICLETA,72,LESIONADO,HOMBRE,OTRO,49,LESIONADO,HOMBRE,OTRO
2023-01-02 09:32:41,-4.027370,-79.222897,Calle Azogues,SOLO_DANOS,Volcamiento,Factores externos,,,,,,,,,,,,
2023-07-17 01:18:54,-3.984417,-79.220687,Calle Colon,SOLO_DANOS,Volcamiento,Falla mecanica,,,,,,,,,,,,
2023-04-07 14:52:02,-3.997164,-79.178074,Calle 10 de Agosto,CON_LESIONADOS,Choque Vehicular,Imprudencia del conductor,31,LESIONADO,HOMBRE,SCOOTER,,,,,,,,
2023-12-25 09:24:49,-4.016922,-79.220072,Calle 18 de Noviembre,CON_LESIONADOS,Choque Vehicular,Fatiga del conductor,47,LESIONADO,MUJER,VEH_LIVIANO,,,,,,,,
2023-02-11 12:09:26,-4.021144,-79.208127,Calle Miguel Riofrio,CON_FALLECIDOS,Accidente Laboral,Mal estado de la via,73,FALLECIDO,NO_REGISTRA,CICLISTA,60,LESIONADO,HOMBRE,PEATON,,,,
2023-06-23 21:58:48,-4.011390,-79.220989,Calle 18 de Noviembre,SOLO_DANOS,Incendio,Fatiga del conductor,,,,,,,,,,,,
2023-08-01 23:54:14,-4.036992,-79.180752,Av. Reinaldo Espinosa,SOLO_DANOS,Colision Multiple,Via resbaladiza o mojada,,,,,,,,,,,,
2023-06-23 20:33:57,-4.001727,-79.223031,Av. Pio Jaramillo,SOLO_DANOS,Volcamiento,Via resbaladiza o mojada,,,,,,,,,,,,
2023-05-22 10:28:46,-3.992794,-79.218683,Av. Cuxibamba,CON_FALLECIDOS,Caida,Visibilidad reducida,41,FALLECIDO,HOMBRE,SCOOTER,63,LESIONADO,NO_REGISTRA,CICLISTA,28,LESIONADO,NO_REGISTRA,OTRO
2023-09-03 17:05:57,-3.998662,-79.182799,Av. Cuxibamba,SOLO_DANOS,Volcamiento,Exceso de velocidad,,,,,,,,,,,,
2023-04-17 09:39:40,-3.994847,-79.228404,Ruta 35,SOLO_DANOS,Incendio,Exceso de velocidad,,,,,,,,,,,,
2023-02-17 15:07:01,-3.995592,-79.219750,Calle Saraguro,CON_FALLECIDOS,Choque Vehicular,Distraccion (celular/radio),40,FALLECIDO,MUJER,PEATON,16,LESIONADO,NO_REGISTRA,VEH_LIVIANO,,,,
2023-08-18 07:46:27,-4.025930,-79.218477,Calle Imbabura,SOLO_DANOS,Choque Vehicular,Factores externos,,,,,,,,,,,,
2023-08-19 13:05:39,-4.001820,-79.182762,Calle Mercadillo,CON_LESIONADOS,Choque Vehicular,Imprudencia del conductor,54,LESIONADO,NO_REGISTRA,VEH_LIVIANO,62,LESIONADO,NO_REGISTRA,OTRO,,,,
2023-01-15 00:57:56,-3.985792,-79.176009,Av. 8 de Diciembre,CON_FALLECIDOS,Atropellamiento,Mal estado de la via,44,FALLECIDO,HOMBRE,OTRO,22,FALLECIDO,HOMBRE,MOTOCICLETA,48,LESIONADO,NO_REGISTRA,SCOOTER
2023-08-25 19:34:40,-4.008498,-79.182245,Av. Cuxibamba,CON_FALLECIDOS,Incendio,Visibilidad reducida,80,FALLECIDO,HOMBRE,CICLISTA,49,LESIONADO,NO_REGISTRA,VEH_LIVIANO,,,,
2023-08-13 19:10:00,-3.996539,-79.186178,Calle Ramon Borrero,CON_LESIONADOS,Choque Vehicular,Falla mecanica,63,LESIONADO,HOMBRE,SCOOTER,,,,,,,,
2023-08-13 19:17:43,-4.029234,-79.223273,Av. Metropolitana,CON_LESIONADOS,Incendio,Factores externos,52,LESIONADO,MUJER,CICLISTA,,,,,,,,
2023-05-16 20:44:58,-4.031498,-79.203217,Calle 18 de Noviembre,CON_FALLECIDOS,Incendio,Visibilidad reducida,24,FALLECIDO,HOMBRE,SCOOTER,24,FALLECIDO,HOMBRE,CICLISTA,43,LESIONADO,HOMBRE,PEATON
2023-07-20 21:55:35,-4.017392,-79.212038,Av. Gran Colombia,SOLO_DANOS,Caida,Distraccion (celular/radio),,,,,,,,,,,,
2023-09-07 06:41:34,-4.020024,-79.173492,Calle Montufar,CON_LESIONADOS,Incendio,Via resbaladiza o mojada,9,LESIONADO,MUJER,MOTOCICLETA,75,LESIONADO,MUJER,CICLISTA,24,LESIONADO,NO_REGISTRA,CICLISTA
2023-12-18 01:36:00,-4.032005,-79.227317,Av. Orillas del Zamora,SOLO_DANOS,Choque Vehicular,Equipo de seguridad deficiente,,,,,,,,,,,,
2023-03-13 11:52:24,-4.029771,-79.199807,Calle 18 de Noviembre,CON_FALLECIDOS,Atropellamiento,Mal estado de la via,26,FALLECIDO,MUJER,PEATON,71,LESIONADO,NO_REGISTRA,OTRO,,,,
2023-11-30 18:44:40,-4.005655,-79.226092,Calle Rocafuerte,CON_LESIONADOS,Volcamiento,Falla mecanica,48,LESIONADO,MUJER,OTRO,40,LESIONADO,NO_REGISTRA,SCOOTER,41,LESIONADO,MUJER,SCOOTER
2023-07-27 14:35:57,-3.994950,-79.190688,Calle Sucre,SOLO_DANOS,Volcamiento,Falla mecanica,,,,,,,,,,,,
2023-12-25 13:29:49,-4.030403,-79.212581,Av. Universitaria,SOLO_DANOS,Atropellamiento,Via resbaladiza o mojada,71,LESIONADO,HOMBRE,SCOOTER,,,,,,,,
2023-12-11 16:37:43,-3.990364,-79.226226,Av. Reinaldo Espinosa,SOLO_DANOS,Accidente Laboral,Estado de embriaguez,,,,,,,,,,,,
2023-05-24 20:55:31,-4.019853,-79.202962,Calle 18 de Noviembre,CON_LESIONADOS,Volcamiento,Inobservancia de senales,33,LESIONADO,NO_REGISTRA,OTRO,,,,,,,,
2023-06-10 17:00:07,-3.985446,-79.208842,Calle Ramon Borrero,SOLO_DANOS,Incendio,Imprudencia del conductor,,,,,,,,,,,,
2023-08-31 20:35:17,-4.028993,-79.194243,Calle Colon,CON_LESIONADOS,Incendio,Visibilidad reducida,34,LESIONADO,NO_REGISTRA,SCOOTER,,,,,,,,
2023-12-09 19:30:23,-4.036354,-79.180711,Calle Saraguro,SOLO_DANOS,Atropellamiento,Imprudencia del conductor,,,,,,,,,,,,
2023-11-17 19:31:03,-4.002957,-79.224423,Calle 10 de Agosto,CON_LESIONADOS,Colision Multiple,Falla mecanica,79,LESIONADO,NO_REGISTRA,VEH_LIVIANO,10,LESIONADO,NO_REGISTRA,SCOOTER,46,LESIONADO,NO_REGISTRA,CICLISTA
2023-06-02 16:24:54,-4.013316,-79.228724,Av. Manuel Agustin Aguirre,SOLO_DANOS,Caida,Exceso de velocidad,,,,,,,,,,,,
2023-08-31 13:41:49,-3.995017,-79.190406,Av. Rosa Hermosa,CON_LESIONADOS,Volcamiento,Distraccion (celular/radio),13,LESIONADO,HOMBRE,SCOOTER,22,LESIONADO,HOMBRE,CICLISTA,,,,
2023-11-25 01:24:51,-4.028392,-79.222837,Calle Azogues,SOLO_DANOS,Atropellamiento,Factores externos,,,,,,,,,,,,
2023-12-10 08:58:41,-3.997475,-79.174729,Calle Imbabura,CON_LESIONADOS,Caida,Distraccion (celular/radio),71,LESIONADO,NO_REGISTRA,PEATON,50,LESIONADO,HOMBRE,VEH_LIVIANO,46,LESIONADO,HOMBRE,MOTOCICLETA
2023-07-22 19:29:48,-4.022171,-79.200368,Calle 18 de Noviembre,CON_FALLECIDOS,Incendio,Exceso de velocidad,30,FALLECIDO,HOMBRE,VEH_LIVIANO,56,LESIONADO,HOMBRE,CICLISTA,,,,
2023-08-05 03:35:27,-4.034325,-79.184785,Av. Manuel Agustin Aguirre,CON_FALLECIDOS,Incendio,Exceso de velocidad,56,FALLECIDO,MUJER,OTRO,28,FALLECIDO,HOMBRE,OTRO,18,LESIONADO,MUJER,CICLISTA
2023-03-07 14:29:29,-4.018489,-79.210919,Av. Metropolitana,CON_FALLECIDOS,Accidente Laboral,Falla mecanica,49,FALLECIDO,NO_REGISTRA,CICLISTA,60,LESIONADO,NO_REGISTRA,CICLISTA,15,LESIONADO,HOMBRE,OTRO
2023-01-11 17:07:04,-4.014387,-79.176770,Av. Reinaldo Espinosa,SOLO_DANOS,Colision Multiple,Imprudencia del conductor,,,,,,,,,,,,
2023-12-22 05:26:04,-4.024190,-79.178349,Av. Gran Colombia,SOLO_DANOS,Colision Multiple,Mal estado de la via,,,,,,,,,,,,
2023-08-02 22:22:14,-4.002863,-79.206660,Calle Sucre,CON_LESIONADOS,Choque Vehicular,Estado de embriaguez,33,LESIONADO,NO_REGISTRA,OTRO,72,LESIONADO,NO_REGISTRA,OTRO,,,,
2023-04-27 16:57:11,-4.019832,-79.228209,Calle Imbabura,CON_LESIONADOS,Volcamiento,Equipo de seguridad deficiente,27,LESIONADO,HOMBRE,CICLISTA,39,LESIONADO,MUJER,VEH_LIVIANO,,,,
2023-09-12 02:49:08,-3.985887,-79.206632,Av. Manuel Agustin Aguirre,CON_LESIONADOS,Accidente Laboral,Imprudencia del conductor,75,LESIONADO,MUJER,VEH_LIVIANO,50,LESIONADO,NO_REGISTRA,SCOOTER,,,,
2023-11-05 22:02:24,-3.978140,-79.182997,Av. Isidro Ayora,CON_LESIONADOS,Caida,Falla mecanica,24,LESIONADO,HOMBRE,SCOOTER,60,LESIONADO,NO_REGISTRA,VEH_LIVIANO,21,LESIONADO,HOMBRE,MOTOCICLETA
2023-12-14 01:08:24,-4.021009,-79.223832,Calle 10 de Agosto,CON_FALLECIDOS,Accidente Laboral,Exceso de velocidad,77,FALLECIDO,HOMBRE,OTRO,46,FALLECIDO,NO_REGISTRA,MOTOCICLETA,70,LESIONADO,HOMBRE,PEATON
2023-01-29 17:38:23,-4.018325,-79.189072,Av. Pio Jaramillo,CON_LESIONADOS,Incendio,Inobservancia de senales,32,LESIONADO,MUJER,PEATON,41,LESIONADO,NO_REGISTRA,OTRO,,,,
2023-01-24 02:25:59,-3.977657,-79.194350,Calle 18 de Noviembre,CON_FALLECIDOS,Caida,Estado de embriaguez,66,FALLECIDO,MUJER,VEH_LIVIANO,,,,,,,,
2023-08-22 01:46:04,-4.030632,-79.180155,Calle Azogues,SOLO_DANOS,Colision Multiple,Visibilidad reducida,39,LESIONADO,NO_REGISTRA,VEH_LIVIANO,,,,,,,,
2023-04-23 20:12:18,-4.008871,-79.203211,Av. Gran Colombia,CON_FALLECIDOS,Accidente Laboral,Estado de embriaguez,71,FALLECIDO,HOMBRE,PEATON,10,LESIONADO,NO_REGISTRA,CICLISTA,9,LESIONADO,MUJER,MOTOCICLETA
2023-04-05 16:27:08,-4.026059,-79.204688,Calle Saraguro,CON_FALLECIDOS,Caida,Mal estado de la via,54,FALLECIDO,HOMBRE,VEH_LIVIANO,,,,,,,,
2023-06-03 15:55:47,-3.994018,-79.229723,Calle Quito,CON_FALLECIDOS,Choque Vehicular,Inobservancia de senales,59,FALLECIDO,NO_REGISTRA,VEH_LIVIANO,,,,,,,,
2023-06-12 08:35:39,-3.989467,-79.201453,Calle 10 de Agosto,CON_FALLECIDOS,Caida,Visibilidad reducida,80,FALLECIDO,MUJER,MOTOCICLETA,71,LESIONADO,HOMBRE,VEH_LIVIANO,,,,
2023-09-06 13:14:20,-4.033459,-79.221428,Calle 18 de Noviembre,SOLO_DANOS,Volcamiento,Via resbaladiza o mojada,,,,,,,,,,,,
2023-04-22 23:41:37,-4.010496,-79.219710,Calle Bolivar,CON_FALLECIDOS,Volcamiento,Via resbaladiza o mojada,21,FALLECIDO,HOMBRE,MOTOCICLETA,68,FALLECIDO,HOMBRE,CICLISTA,63,LESIONADO,MUJER,CICLISTA
2023-04-26 13:23:14,-3.987237,-79.226335,Calle Rocafuerte,CON_LESIONADOS,Colision Multiple,Via resbaladiza o mojada,74,LESIONADO,NO_REGISTRA,SCOOTER,16,LESIONADO,MUJER,MOTOCICLETA,,,,
2023-07-06 06:46:33,-3.997168,-79.210037,Calle Quito,SOLO_DANOS,Volcamiento,Mal estado de la via,,,,,,,,,,,,
2023-08-15 00:03:52,-3.982764,-79.209487,Av. Isidro Ayora,SOLO_DANOS,Atropellamiento,Via resbaladiza o mojada,,,,,,,,,,,,
2023-03-09 15:14:59,-4.017754,-79.227962,Av. Pio Jaramillo,SOLO_DANOS,Incendio,Visibilidad reducida,,,,,,,,,,,,
2023-09-11 05:38:30,-4.026832,-79.181491,Calle Imbabura,CON_LESIONADOS,Choque Vehicular,Visibilidad reducida,38,LESIONADO,HOMBRE,MOTOCICLETA,,,,,,,,
2023-12-22 17:24:21,-4.008370,-79.178847,Calle Saraguro,CON_FALLECIDOS,Colision Multiple,Equipo de seguridad deficiente,68,FALLECIDO,NO_REGISTRA,CICLISTA,76,LESIONADO,HOMBRE,SCOOTER,,,,
2023-10-25 12:01:26,-3.977743,-79.187320,Av. Isidro Ayora,SOLO_DANOS,Choque Vehicular,Fatiga del conductor,,,,,,,,,,,,
2023-12-19 20:08:00,-4.009277,-79.183591,Calle Saraguro,CON_LESIONADOS,Volcamiento,Mal estado de la via,23,LESIONADO,HOMBRE,VEH_LIVIANO,,,,,,,,
2023-05-02 03:57:59,-4.032441,-79.230254,Ruta 35,CON_LESIONADOS,Caida,Imprudencia del conductor,53,LESIONADO,MUJER,MOTOCICLETA,,,,,,,,
2023-02-19 01:55:00,-4.016411,-79.216387,Av. Isidro Ayora,SOLO_DANOS,Incendio,Fatiga del conductor,,,,,,,,,,,,
2023-04-16 08:34:59,-4.014922,-79.196715,Av. Rosa Hermosa,CON_LESIONADOS,Accidente Laboral,Estado de embriaguez,17,LESIONADO,HOMBRE,VEH_LIVIANO,37,LESIONADO,NO_REGISTRA,SCOOTER,,,,
2023-08-05 01:52:01,-3.979703,-79.201857,Av. Orillas del Zamora,SOLO_DANOS,Accidente Laboral,Exceso de velocidad,,,,,,,,,,,,
2023-06-05 21:37:30,-4.016225,-79.227115,Av. Isidro Ayora,CON_LESIONADOS,Caida,Via resbaladiza o mojada,36,LESIONADO,NO_REGISTRA,CICLISTA,60,LESIONADO,MUJER,CICLISTA,,,,
2023-06-08 17:42:28,-3.998455,-79.189746,Calle Ramon Borrero,CON_LESIONADOS,Caida,Estado de embriaguez,80,LESIONADO,MUJER,SCOOTER,31,LESIONADO,HOMBRE,PEATON,,,,
2023-02-27 11:38:34,-4.019973,-79.181417,Calle Azogues,SOLO_DANOS,Volcamiento,Factores externos,,,,,,,,,,,,