fecha_hora,latitud,longitud,via,grado_severidad,tipo_siniestro,causa_probable,victima1_edad,victima1_condicion,victima1_sexo,victima1_actor_vial,victima2_edad,victima2_condicion,victima2_sexo,victima2_actor_vial,victima3_edad,victima3_condicion,victima3_sexo,victima3_actor_vial
2023-11-22 19:42:12,-3.979486,-79.212305,Av. Manuel Agustin Aguirre,CON_LESIONADOS,Atropellamiento,Mal estado de la via,33,LESIONADO,HOMBRE,VEH_LIVIANO,10,LESIONADO,NO_REGISTRA,MOTOCICLETA,,,,
2023-02-11 02:20:36,-3.995830,-79.225124,Av. Pio Jaramillo,CON_FALLECIDOS,Atropellamiento,Equipo de seguridad deficiente,81,FALLECIDO,NO_REGISTRA,MOTOCICLETA,,,,,,,,
2023-02-05 20:16:54,-3.997389,-79.179518,Av. Orillas del Zamora,CON_LESIONADOS,Volcamiento,Distraccion (celular/radio),38,LESIONADO,NO_REGISTRA,VEH_LIVIANO,50,LESIONADO,NO_REGISTRA,CICLISTA,,,,
2023-08-29 05:51:05,-4.009110,-79.222915,Via Loja - Catamayo,SOLO_DANOS,Volcamiento,Equipo de seguridad deficiente,,,,,,,,,,,,
2023-10-20 13:33:29,-4.017574,-79.193441,Calle Bolivar,CON_LESIONADOS,Volcamiento,Exceso de velocidad,9,LESIONADO,NO_REGISTRA,MOTOCICLETA,,,,,,,,
2023-05-17 19:09:49,-4.022737,-79.210254,Calle Quito,CON_FALLECIDOS,Choque Vehicular,Inobservancia de senales,77,FALLECIDO,MUJER,MOTOCICLETA,80,LESIONADO,NO_REGISTRA,VEH_LIVIANO,,,,
2023-11-07 04:21:49,-3.981617,-79.223380,Via Loja - Zamora,CON_FALLECIDOS,Incendio,Factores externos,26,FALLECIDO,NO_REGISTRA,VEH_LIVIANO,7,LESIONADO,NO_REGISTRA,OTRO,,,,
2023-05-29 07:51:49,-4.000398,-79.202419,Calle Sucre,CON_FALLECIDOS,Colision Multiple,Via resbaladiza o mojada,56,FALLECIDO,NO_REGISTRA,SCOOTER,52,LESIONADO,HOMBRE,PEATON,,,,
2023-12-20 03:44:56,-4.009599,-79.210580,Calle 10 de Agosto,CON_LESIONADOS,Incendio,Imprudencia del conductor,73,LESIONADO,NO_REGISTRA,SCOOTER,30,LESIONADO,NO_REGISTRA,VEH_LIVIANO,,,,
2023-09-25 08:05:18,-3.999177,-79.198359,Via Loja - Catamayo,CON_FALLECIDOS,Volcamiento,Estado de embriaguez,67,FALLECIDO,NO_REGISTRA,VEH_LIVIANO,12,LESIONADO,MUJER,VEH_LIVIANO,42,LESIONADO,NO_REGISTRA,MOTOCICLETA
2023-09-10 10:22:05,-3.979383,-79.219655,Av. Orillas del Zamora,CON_FALLECIDOS,Colision Multiple,Mal estado de la via,27,FALLECIDO,HOMBRE,CICLISTA,48,LESIONADO,NO_REGISTRA,MOTOCICLETA,,,,
2023-10-22 05:29:39,-3.987574,-79.203081,Av. Pio Jaramillo,SOLO_DANOS,Atropellamiento,Fatiga del conductor,,,,,,,,,,,,
2023-10-11 07:26:14,-3.981571,-79.175919,Av. Reinaldo Espinosa,CON_FALLECIDOS,Colision Multiple,Factores externos,23,FALLECIDO,NO_REGISTRA,CICLISTA,74,LESIONADO,NO_REGISTRA,VEH_LIVIANO,,,,
2023-06-20 09:30:30,-3.990236,-79.175624,Av. Rosa Hermosa,SOLO_DANOS,Choque Vehicular,Inobservancia de senales,,,,,,,,,,,,
2023-06-11 09:15:33,-4.002278,-79.204007,Av. Manuel Agustin Aguirre,CON_LESIONADOS,Atropellamiento,Estado de embriaguez,8,LESIONADO,MUJER,SCOOTER,,,,,,,,
2023-02-24 22:33:24,-4.008757,-79.199981,Calle Bolivar,SOLO_DANOS,Volcamiento,Imprudencia del conductor,,,,,,,,,,,,
2023-08-13 14:08:06,-4.021275,-79.214474,Calle Ramon Borrero,CON_LESIONADOS,Atropellamiento,Factores externos,56,LESIONADO,MUJER,OTRO,9,LESIONADO,MUJER,VEH_LIVIANO,17,LESIONADO,HOMBRE,SCOOTER
2023-09-15 10:09:47,-4.022662,-79.186930,Calle 10 de Agosto,CON_LESIONADOS,Accidente Laboral,Imprudencia del conductor,59,LESIONADO,MUJER,MOTOCICLETA,53,LESIONADO,HOMBRE,SCOOTER,,,,
2023-08-10 15:34:01,-4.036204,-79.223860,Av. 8 de Diciembre,CON_FALLECIDOS,Choque Vehicular,Inobservancia de senales,63,FALLECIDO,MUJER,SCOOTER,78,LESIONADO,NO_REGISTRA,VEH_LIVIANO,50,LESIONADO,NO_REGISTRA,OTRO
2023-11-11 19:31:50,-4.033340,-79.187515,Ruta 35,SOLO_DANOS,Choque Vehicular,Estado de embriaguez,,,,,,,,,,,,
2023-08-16 20:47:10,-4.035382,-79.181596,Calle Colon,SOLO_DANOS,Accidente Laboral,Visibilidad reducida,,,,,,,,,,,,
2023-12-12 20:16:05,-4.021516,-79.185764,Calle Bolivar,CON_FALLECIDOS,Choque Vehicular,Visibilidad reducida,83,FALLECIDO,HOMBRE,OTRO,,,,,,,,
2023-08-29 01:36:45,-4.002076,-79.208113,Calle Colon,CON_LESIONADOS,Atropellamiento,Falla mecanica,7,LESIONADO,HOMBRE,PEATON,18,LESIONADO,MUJER,OTRO,51,LESIONADO,NO_REGISTRA,PEATON
2023-09-25 01:18:33,-4.011749,-79.203302,Ruta 35,CON_FALLECIDOS,Atropellamiento,Exceso de velocidad,20,FALLECIDO,NO_REGISTRA,MOTOCICLETA,57,FALLECIDO,NO_REGISTRA,MOTOCICLETA,80,LESIONADO,HOMBRE,SCOOTER
2023-12-06 01:04:23,-4.024844,-79.217676,Via Loja - Zamora,CON_FALLECIDOS,Caida,Distraccion (celular/radio),24,FALLECIDO,MUJER,OTRO,,,,,,,,
2023-01-04 00:19:56,-3.979653,-79.225709,Calle Saraguro,SOLO_DANOS,Incendio,Factores externos,,,,,,,,,,,,
2023-10-22 15:03:08,-3.988978,-79.198233,Calle 10 de Agosto,CON_LESIONADOS,Accidente Laboral,Falla mecanica,17,LESIONADO,NO_REGISTRA,PEATON,,,,,,,,
2023-10-05 15:15:57,-4.017533,-79.193158,Av. 8 de Diciembre,CON_FALLECIDOS,Atropellamiento,Inobservancia de senales,21,FALLECIDO,NO_REGISTRA,SCOOTER,56,FALLECIDO,HOMBRE,PEATON,27,LESIONADO,NO_REGISTRA,CICLISTA
2023-01-18 07:19:25,-4.032009,-79.204870,Calle Ramon Borrero,CON_FALLECIDOS,Volcamiento,Imprudencia del conductor,74,FALLECIDO,MUJER,CICLISTA,,,,,,,,
2023-08-29 20:29:39,-3.993420,-79.196596,Av. Manuel Agustin Aguirre,CON_LESIONADOS,Caida,Equipo de seguridad deficiente,68,LESIONADO,NO_REGISTRA,CICLISTA,66,LESIONADO,HOMBRE,VEH_LIVIANO,,,,
2023-04-23 20:53:57,-3.992184,-79.188337,Av. Isidro Ayora,CON_LESIONADOS,Colision Multiple,Distraccion (celular/radio),29,LESIONADO,MUJER,MOTOCICLETA,,,,,,,,
2023-04-30 01:27:12,-4.002239,-79.222987,Av. Orillas del Zamora,CON_FALLECIDOS,Atropellamiento,Visibilidad reducida,72,FALLECIDO,MUJER,CICLISTA,44,LESIONADO,MUJER,CICLISTA,,,,
2023-07-07 22:26:06,-4.009092,-79.174366,Calle 10 de Agosto,CON_FALLECIDOS,Accidente Laboral,Distraccion (celular/radio),68,FALLECIDO,MUJER,VEH_LIVIANO,,,,,,,,
2023-01-23 12:23:30,-4.006723,-79.226709,Calle Montufar,SOLO_DANOS,Incendio,Estado de embriaguez,28,LESIONADO,HOMBRE,OTRO,,,,,,,,
2023-03-09 11:03:49,-4.011705,-79.210357,Av. Pio Jaramillo,CON_FALLECIDOS,Choque Vehicular,Equipo de seguridad deficiente,33,FALLECIDO,NO_REGISTRA,OTRO,,,,,,,,
2023-01-23 14:46:56,-3.997595,-79.171733,Av. Reinaldo Espinosa,CON_FALLECIDOS,Caida,Factores externos,63,FALLECIDO,HOMBRE,PEATON,14,LESIONADO,HOMBRE,CICLISTA,,,,
2023-04-05 06:14:01,-4.008816,-79.209353,Av. 8 de Diciembre,CON_FALLECIDOS,Atropellamiento,Exceso de velocidad,32,FALLECIDO,NO_REGISTRA,SCOOTER,44,FALLECIDO,NO_REGISTRA,VEH_LIVIANO,55,LESIONADO,HOMBRE,PEATON
2023-08-23 18:11:51,-3.989855,-79.206039,Av. Pio Jaramillo,CON_FALLECIDOS,Incendio,Mal estado de la via,63,FALLECIDO,HOMBRE,VEH_LIVIANO,,,,,,,,
2023-05-27 04:32:13,-4.013041,-79.172159,Calle Mercadillo,SOLO_DANOS,Colision Multiple,Falla mecanica,,,,,,,,,,,,
2023-01-18 05:13:24,-3.982156,-79.200730,Calle Quito,CON_FALLECIDOS,Volcamiento,Fatiga del conductor,60,FALLECIDO,NO_REGISTRA,VEH_LIVIANO,,,,,,,,
2023-02-01 02:39:54,-3.992258,-79.180343,Calle Ramon Borrero,CON_LESIONADOS,Caida,Estado de embriaguez,46,LESIONADO,NO_REGISTRA,VEH_LIVIANO,,,,,,,,
2023-07-30 19:36:22,-4.029134,-79.199095,Calle Rocafuerte,SOLO_DANOS,Volcamiento,Fatiga del conductor,,,,,,,,,,,,
2023-01-05 03:11:01,-4.008357,-79.201335,Calle Mercadillo,SOLO_DANOS,Choque Vehicular,Exceso de velocidad,,,,,,,,,,,,
2023-06-02 09:44:50,-3.994496,-79.183775,Av. Universitaria,CON_FALLECIDOS,Accidente Laboral,Mal estado de la via,29,FALLECIDO,MUJER,PEATON,33,LESIONADO,MUJER,MOTOCICLETA,,,,
2023-12-08 14:47:45,-3.996761,-79.179714,Av. Cuxibamba,CON_FALLECIDOS,Atropellamiento,Visibilidad reducida,68,FALLECIDO,NO_REGISTRA,OTRO,24,FALLECIDO,NO_REGISTRA,OTRO,34,LESIONADO,HOMBRE,PEATON
2023-07-24 04:29:13,-3.985412,-79.182408,Av. Universitaria,CON_LESIONADOS,Accidente Laboral,Exceso de velocidad,33,LESIONADO,MUJER,VEH_LIVIANO,33,LESIONADO,NO_REGISTRA,CICLISTA,42,LESIONADO,HOMBRE,SCOOTER
2023-07-21 18:19:12,-3.977916,-79.195565,Av. 8 de Diciembre,CON_FALLECIDOS,Incendio,Mal estado de la via,18,FALLECIDO,NO_REGISTRA,OTRO,49,LESIONADO,HOMBRE,CICLISTA,,,,
2023-09-03 17:24:00,-3.990781,-79.190642,Calle Miguel Riofrio,CON_FALLECIDOS,Caida,Distraccion (celular/radio),23,FALLECIDO,HOMBRE,OTRO,,,,,,,,
2023-04-20 08:35:48,-4.000825,-79.218976,Av. Universitaria,CON_FALLECIDOS,Accidente Laboral,Exceso de velocidad,47,FALLECIDO,MUJER,MOTOCICLETA,30,LESIONADO,MUJER,PEATON,16,LESIONADO,MUJER,VEH_LIVIANO
2023-12-10 08:46:29,-3.986410,-79.225655,Calle Imbabura,CON_FALLECIDOS,Choque Vehicular,Falla mecanica,70,FALLECIDO,HOMBRE,OTRO,,,,,,,,
2023-10-31 09:17:26,-3.988193,-79.206757,Av. Isidro Ayora,SOLO_DANOS,Incendio,Factores externos,,,,,,,,,,,,
2023-05-17 20:42:32,-4.015280,-79.227571,Av. Gran Colombia,SOLO_DANOS,Accidente Laboral,Estado de embriaguez,,,,,,,,,,,,
2023-04-06 02:38:46,-4.005253,-79.196588,Calle 18 de Noviembre,CON_FALLECIDOS,Colision Multiple,Falla mecanica,26,FALLECIDO,NO_REGISTRA,PEATON,33,FALLECIDO,HOMBRE,CICLISTA,75,LESIONADO,MUJER,PEATON
2023-05-13 00:11:05,-4.026371,-79.201256,Calle Montufar,CON_LESIONADOS,Incendio,Distraccion (celular/radio),31,LESIONADO,NO_REGISTRA,VEH_LIVIANO,49,LESIONADO,NO_REGISTRA,SCOOTER,,,,
2023-08-05 08:05:07,-3.999462,-79.179298,Calle Saraguro,CON_LESIONADOS,Caida,Via resbaladiza o mojada,65,LESIONADO,MUJER,MOTOCICLETA,18,LESIONADO,NO_REGISTRA,VEH_LIVIANO,,,,
2023-07-26 12:35:16,-4.015672,-79.182820,Calle 10 de Agosto,SOLO_DANOS,Caida,Imprudencia del conductor,,,,,,,,,,,,
2023-11-01 15:56:02,-4.036090,-79.218360,Calle Miguel Riofrio,CON_FALLECIDOS,Atropellamiento,Fatiga del conductor,39,FALLECIDO,NO_REGISTRA,SCOOTER,35,FALLECIDO,HOMBRE,MOTOCICLETA,59,LESIONADO,MUJER,PEATON
2023-05-03 11:41:30,-3.992433,-79.195386,Via Loja - Catamayo,SOLO_DANOS,Volcamiento,Inobservancia de senales,,,,,,,,,,,,
2023-07-21 03:08:15,-3.998376,-79.202046,Calle Sucre,SOLO_DANOS,Incendio,Exceso de velocidad,,,,,,,,,,,,
2023-07-26 16:52:42,-3.980058,-79.199036,Av. Orillas del Zamora,CON_LESIONADOS,Colision Multiple,Estado de embriaguez,28,LESIONADO,MUJER,VEH_LIVIANO,8,LESIONADO,HOMBRE,CICLISTA,76,LESIONADO,NO_REGISTRA,CICLISTA
2023-12-06 01:31:55,-4.031790,-79.174519,Calle Quito,CON_LESIONADOS,Volcamiento,Inobservancia de senales,47,LESIONADO,NO_REGISTRA,PEATON,59,LESIONADO,NO_REGISTRA,VEH_LIVIANO,,,,
2023-09-20 04:34:24,-4.021905,-79.204039,Calle Montufar,SOLO_DANOS,Accidente Laboral,Via resbaladiza o mojada,,,,,,,,,,,,
2023-04-14 06:31:13,-3.996487,-79.221716,Av. Gran Colombia,SOLO_DANOS,Accidente Laboral,Distraccion (celular/radio),,,,,,,,,,,,
2023-03-03 00:52:08,-3.979508,-79.194863,Via Loja - Zamora,SOLO_DANOS,Caida,Imprudencia del conductor,,,,,,,,,,,,
2023-04-05 20:38:30,-3.986841,-79.214506,Calle 10 de Agosto,CON_LESIONADOS,Caida,Visibilidad reducida,66,LESIONADO,MUJER,CICLISTA,23,LESIONADO,NO_REGISTRA,CICLISTA,,,,
2023-10-07 19:20:55,-4.008402,-79.194044,Av. Cuxibamba,CON_LESIONADOS,Volcamiento,Mal estado de la via,7,LESIONADO,MUJER,CICLISTA,27,LESIONADO,HOMBRE,MOTOCICLETA,,,,
2023-01-01 20:42:45,-4.035376,-79.225216,Av. Pio Jaramillo,CON_FALLECIDOS,Volcamiento,Distraccion (celular/radio),80,FALLECIDO,HOMBRE,CICLISTA,75,FALLECIDO,HOMBRE,SCOOTER,,,,
2023-01-15 18:52:16,-4.019574,-79.216702,Av. Pio Jaramillo,CON_LESIONADOS,Accidente Laboral,Estado de embriaguez,69,LESIONADO,NO_REGISTRA,SCOOTER,20,LESIONADO,MUJER,SCOOTER,,,,
2023-02-18 20:38:44,-3.997575,-79.197191,Av. Rosa Hermosa,CON_LESIONADOS,Volcamiento,Via resbaladiza o mojada,73,LESIONADO,NO_REGISTRA,MOTOCICLETA,,,,,,,,
2023-01-24 08:21:40,-3.983781,-79.181979,Calle Montufar,SOLO_DANOS,Volcamiento,Imprudencia del conductor,,,,,,,,,,,,
2023-12-07 09:57:32,-3.979490,-79.183551,Av. Universitaria,SOLO_DANOS,Caida,Inobservancia de senales,,,,,,,,,,,,
2023-07-11 15:26:08,-4.017054,-79.186411,Calle Rocafuerte,CON_LESIONADOS,Colision Multiple,Distraccion (celular/radio),51,LESIONADO,HOMBRE,SCOOTER,62,LESIONADO,NO_REGISTRA,SCOOTER,,,,
2023-01-16 20:03:48,-3.989084,-79.174367,Ruta 35,SOLO_DANOS,Incendio,Imprudencia del conductor,,,,,,,,,,,,
2023-09-05 09:57:13,-3.986506,-79.189009,Via Loja - Zamora,CON_LESIONADOS,Atropellamiento,Falla mecanica,6,LESIONADO,MUJER,OTRO,,,,,,,,
2023-11-08 19:50:16,-4.009764,-79.175571,Calle Miguel Riofrio,CON_LESIONADOS,Choque Vehicular,Via resbaladiza o mojada,71,LESIONADO,MUJER,SCOOTER,,,,,,,,
2023-07-16 21:09:24,-3.992774,-79.214628,Calle Montufar,CON_FALLECIDOS,Caida,Imprudencia del conductor,60,FALLECIDO,MUJER,CICLISTA,23,FALLECIDO,NO_REGISTRA,OTRO,6,LESIONADO,MUJER,VEH_LIVIANO
2023-11-02 02:01:32,-3.999954,-79.181870,Calle Ramon Borrero,CON_LESIONADOS,Choque Vehicular,Imprudencia del conductor,27,LESIONADO,HOMBRE,PEATON,17,LESIONADO,HOMBRE,PEATON,,,,
2023-06-01 17:59:59,-4.000062,-79.223868,Av. Rosa Hermosa,SOLO_DANOS,Accidente Laboral,Via resbaladiza o mojada,,,,,,,,,,,,
2023-10-10 01:03:42,-4.028160,-79.201263,Av. Cuxibamba,CON_FALLECIDOS,Accidente Laboral,Equipo de seguridad deficiente,25,FALLECIDO,NO_REGISTRA,CICLISTA,,,,,,,,
2023-03-09 09:29:04,-4.033645,-79.214711,Calle Azogues,CON_FALLECIDOS,Choque Vehicular,Falla mecanica,25,FALLECIDO,NO_REGISTRA,SCOOTER,67,FALLECIDO,NO_REGISTRA,VEH_LIVIANO,50,LESIONADO,MUJER,MOTOCICLETA
2023-01-18 07:26:44,-4.018826,-79.176872,Via Loja - Zamora,CON_LESIONADOS,Accidente Laboral,Mal estado de la via,29,LESIONADO,MUJER,MOTOCICLETA,52,LESIONADO,HOMBRE,CICLISTA,,,,
2023-10-02 08:47:00,-3.994069,-79.173389,Via Loja - Zamora,CON_LESIONADOS,Colision Multiple,Imprudencia del conductor,30,LESIONADO,NO_REGISTRA,PEATON,11,LESIONADO,MUJER,OTRO,,,,
2023-03-26 09:44:46,-4.034365,-79.189600,Calle Miguel Riofrio,CON_LESIONADOS,Incendio,Inobservancia de senales,17,LESIONADO,HOMBRE,VEH_LIVIANO,,,,,,,,
2023-12-06 12:47:32,-4.033559,-79.175768,Av. Cuxibamba,CON_FALLECIDOS,Volcamiento,Inobservancia de senales,22,FALLECIDO,MUJER,CICLISTA,,,,,,,,
2023-08-16 08:44:41,-4.020346,-79.220735,Av. Orillas del Zamora,CON_LESIONADOS,Accidente Laboral,Falla mecanica,9,LESIONADO,MUJER,MOTOCICLETA,,,,,,,,
2023-03-19 14:45:08,-3.999150,-79.223509,Calle Imbabura,SOLO_DANOS,Colision Multiple,Factores externos,,,,,,,,,,,,
2023-10-15 18:52:40,-3.998889,-79.216289,Calle Rocafuerte,CON_LESIONADOS,Colision Multiple,Fatiga del conductor,9,LESIONADO,HOMBRE,SCOOTER,74,LESIONADO,HOMBRE,CICLISTA,,,,
2023-03-31 03:04:42,-4.032921,-79.217232,Via Loja - Catamayo,CON_LESIONADOS,Colision Multiple,Via resbaladiza o mojada,41,LESIONADO,HOMBRE,PEATON,7,LESIONADO,MUJER,PEATON,,,,
2023-07-13 12:56:00,-4.024959,-79.187087,Calle Montufar,CON_LESIONADOS,Atropellamiento,Falla mecanica,30,LESIONADO,MUJER,SCOOTER,,,,,,,,
2023-02-02 03:07:37,-4.034442,-79.185004,Calle 18 de Noviembre,CON_LESIONADOS,Incendio,Imprudencia del conductor,30,LESIONADO,MUJER,SCOOTER,44,LESIONADO,NO_REGISTRA,MOTOCICLETA,47,LESIONADO,NO_REGISTRA,VEH_LIVIANO
2023-02-08 18:08:46,-4.016834,-79.201266,Av. Isidro Ayora,CON_FALLECIDOS,Choque Vehicular,Exceso de velocidad,34,FALLECIDO,HOMBRE,SCOOTER,80,FALLECIDO,HOMBRE,SCOOTER,16,LESIONADO,MUJER,CICLISTA
2023-08-17 01:07:06,-3.988239,-79.197742,Av. Metropolitana,CON_LESIONADOS,Choque Vehicular,Fatiga del conductor,14,LESIONADO,HOMBRE,VEH_LIVIANO,64,LESIONADO,NO_REGISTRA,SCOOTER,57,LESIONADO,HOMBRE,CICLISTA
2023-02-28 04:27:44,-3.978058,-79.206897,Calle 10 de Agosto,CON_FALLECIDOS,Incendio,Mal estado de la via,22,FALLECIDO,MUJER,VEH_LIVIANO,57,FALLECIDO,MUJER,OTRO,,,,
2023-12-04 09:26:03,-4.028547,-79.181098,Av. Metropolitana,CON_LESIONADOS,Accidente Laboral,Falla mecanica,7,LESIONADO,HOMBRE,MOTOCICLETA,78,LESIONADO,MUJER,MOTOCICLETA,65,LESIONADO,HOMBRE,PEATON
2023-05-17 00:49:10,-4.013245,-79.193902,Calle Miguel Riofrio,SOLO_DANOS,Atropellamiento,Imprudencia del conductor,,,,,,,,,,,,
2023-07-22 22:23:43,-3.995880,-79.203381,Calle Montufar,CON_LESIONADOS,Volcamiento,Exceso de velocidad,46,LESIONADO,HOMBRE,CICLISTA,67,LESIONADO,MUJER,MOTOCICLETA,,,,
2023-11-18 21:22:52,-3.981912,-79.186584,Via Loja - Catamayo,CON_FALLECIDOS,Incendio,Inobservancia de senales,47,FALLECIDO,HOMBRE,PEATON,76,LESIONADO,NO_REGISTRA,MOTOCICLETA,19,LESIONADO,NO_REGISTRA,CICLISTA
2023-06-27 13:08:21,-4.007000,-79.213217,Av. Manuel Agustin Aguirre,CON_FALLECIDOS,Choque Vehicular,Via resbaladiza o mojada,36,FALLECIDO,HOMBRE,CICLISTA,30,LESIONADO,NO_REGISTRA,SCOOTER,10,LESIONADO,MUJER,PEATON
2023-03-30 11:30:28,-4.012667,-79.194326,Calle Mercadillo,SOLO_DANOS,Incendio,Fatiga del conductor,,,,,,,,,,,,
2023-08-21 18:14:43,-3.992577,-79.204464,Av. Isidro Ayora,SOLO_DANOS,Atropellamiento,Mal estado de la via,,,,,,,,,,,,
2023-02-23 00:55:17,-4.004542,-79.213640,Calle Mercadillo,CON_FALLECIDOS,Atropellamiento,Via resbaladiza o mojada,62,FALLECIDO,NO_REGISTRA,PEATON,68,LESIONADO,NO_REGISTRA,CICLISTA,39,LESIONADO,HOMBRE,SCOOTER
2023-11-25 06:12:50,-4.004199,-79.176659,Calle Montufar,CON_FALLECIDOS,Atropellamiento,Equipo de seguridad deficiente,43,FALLECIDO,NO_REGISTRA,SCOOTER,,,,,,,,
2023-09-02 17:49:05,-3.985515,-79.230759,Calle 18 de Noviembre,CON_LESIONADOS,Colision Multiple,Exceso de velocidad,72,LESIONADO,MUJER,PEATON,,,,,,,,
2023-12-28 14:10:40,-3.996314,-79.198310,Calle Ramon Borrero,SOLO_DANOS,Choque Vehicular,Factores externos,,,,,,,,,,,,
2023-09-06 08:53:35,-4.010650,-79.216243,Av. Metropolitana,CON_FALLECIDOS,Incendio,Visibilidad reducida,64,FALLECIDO,NO_REGISTRA,SCOOTER,35,FALLECIDO,HOMBRE,OTRO,26,LESIONADO,HOMBRE,SCOOTER
2023-05-01 16:43:58,-4.018550,-79.215982,Av. Orillas del Zamora,SOLO_DANOS,Choque Vehicular,Falla mecanica,,,,,,,,,,,,
2023-05-03 09:40:12,-4.029810,-79.186392,Calle Mercadillo,CON_LESIONADOS,Choque Vehicular,Mal estado de la via,63,LESIONADO,MUJER,CICLISTA,,,,,,,,
2023-06-11 01:33:51,-4.033247,-79.183086,Via Loja - Zamora,SOLO_DANOS,Caida,Via resbaladiza o mojada,,,,,,,,,,,,
2023-12-06 12:11:05,-4.025170,-79.210224,Calle Mercadillo,SOLO_DANOS,Volcamiento,Equipo de seguridad deficiente,,,,,,,,,,,,
2023-07-07 15:37:59,-4.023224,-79.222998,Via Loja - Zamora,CON_FALLECIDOS,Incendio,Factores externos,61,FALLECIDO,NO_REGISTRA,CICLISTA,21,FALLECIDO,MUJER,VEH_LIVIANO,58,LESIONADO,MUJER,PEATON
2023-02-15 04:00:11,-4.029303,-79.177715,Calle Imbabura,CON_FALLECIDOS,Colision Multiple,Falla mecanica,52,FALLECIDO,NO_REGISTRA,OTRO,18,LESIONADO,MUJER,VEH_LIVIANO,,,,
2023-05-16 07:13:06,-4.022571,-79.229479,Calle Saraguro,CON_FALLECIDOS,Atropellamiento,Factores externos,28,FALLECIDO,HOMBRE,OTRO,73,LESIONADO,HOMBRE,MOTOCICLETA,34,LESIONADO,MUJER,SCOOTER
2023-07-25 10:53:14,-4.026423,-79.226000,Calle Azogues,SOLO_DANOS,Caida,Factores externos,,,,,,,,,,,,
2023-09-28 13:13:39,-4.028421,-79.210608,Av. 8 de Diciembre,SOLO_DANOS,Caida,Exceso de velocidad,,,,,,,,,,,,
2023-07-03 06:42:33,-3.983282,-79.192810,Calle Azogues,CON_FALLECIDOS,Atropellamiento,Estado de embriaguez,55,FALLECIDO,NO_REGISTRA,VEH_LIVIANO,42,LESIONADO,HOMBRE,OTRO,73,LESIONADO,MUJER,CICLISTA
2023-04-13 19:07:28,-4.022869,-79.175127,Calle 18 de Noviembre,CON_FALLECIDOS,Accidente Laboral,Via resbaladiza o mojada,57,FALLECIDO,MUJER,MOTOCICLETA,,,,,,,,
2023-10-30 10:34:59,-4.003916,-79.197942,Calle Rocafuerte,SOLO_DANOS,Incendio,Exceso de velocidad,,,,,,,,,,,,
2023-03-30 20:06:54,-3.995982,-79.192533,Av. Gran Colombia,SOLO_DANOS,Colision Multiple,Visibilidad reducida,44,LESIONADO,HOMBRE,PEATON,,,,,,,,
2023-12-28 04:58:15,-3.996636,-79.208937,Calle Montufar,CON_LESIONADOS,Volcamiento,Equipo de seguridad deficiente,45,LESIONADO,NO_REGISTRA,PEATON,18,LESIONADO,NO_REGISTRA,VEH_LIVIANO,,,,
2023-12-12 18:46:09,-4.001149,-79.197440,Av. Orillas del Zamora,SOLO_DANOS,Volcamiento,Equipo de seguridad deficiente,,,,,,,,,,,,
2023-03-03 05:05:54,-3.992070,-79.217564,Av. Isidro Ayora,CON_LESIONADOS,Atropellamiento,Visibilidad reducida,74,LESIONADO,HOMBRE,VEH_LIVIANO,,,,,,,,
2023-11-15 15:47:36,-3.990545,-79.217214,Via Loja - Catamayo,SOLO_DANOS,Colision Multiple,Visibilidad reducida,,,,,,,,,,,,
2023-06-25 08:50:34,-4.026277,-79.222081,Ruta 35,SOLO_DANOS,Incendio,Distraccion (celular/radio),,,,,,,,,,,,
2023-09-25 14:56:37,-4.028533,-79.221825,Calle 18 de Noviembre,CON_FALLECIDOS,Choque Vehicular,Fatiga del conductor,57,FALLECIDO,MUJER,OTRO,41,FALLECIDO,NO_REGISTRA,MOTOCICLETA,39,LESIONADO,MUJER,PEATON
2023-06-14 04:57:25,-3.991813,-79.210903,Av. Reinaldo Espinosa,CON_LESIONADOS,Accidente Laboral,Via resbaladiza o mojada,58,LESIONADO,MUJER,SCOOTER,,,,,,,,
2023-04-06 22:48:19,-3.999322,-79.173235,Av. Universitaria,CON_LESIONADOS,Atropellamiento,Visibilidad reducida,49,LESIONADO,NO_REGISTRA,OTRO,,,,,,,,
2023-10-23 17:12:39,-3.999464,-79.189489,Av. Pio Jaramillo,CON_LESIONADOS,Colision Multiple,Exceso de velocidad,72,LESIONADO,MUJER,PEATON,,,,,,,,
2023-10-10 05:42:12,-4.031757,-79.172046,Via Loja - Zamora,CON_FALLECIDOS,Colision Multiple,Equipo de seguridad deficiente,57,FALLECIDO,HOMBRE,VEH_LIVIANO,,,,,,,,
2023-10-19 16:40:18,-4.025144,-79.223541,Av. Pio Jaramillo,CON_LESIONADOS,Choque Vehicular,Via resbaladiza o mojada,80,LESIONADO,NO_REGISTRA,SCOOTER,59,LESIONADO,NO_REGISTRA,OTRO,,,,
2023-03-29 03:45:04,-3.978870,-79.220599,Calle Ramon Borrero,CON_LESIONADOS,Volcamiento,Falla mecanica,43,LESIONADO,NO_REGISTRA,CICLISTA,37,LESIONADO,NO_REGISTRA,MOTOCICLETA,,,,
2023-05-29 11:30:48,-3.992092,-79.185660,Calle Imbabura,SOLO_DANOS,Choque Vehicular,Via resbaladiza o mojada,,,,,,,,,,,,