fecha_hora,latitud,longitud,via,grado_severidad,tipo_siniestro,causa_probable,victima1_edad,victima1_condicion,victima1_sexo,victima1_actor_vial,victima2_edad,victima2_condicion,victima2_sexo,victima2_actor_vial,victima3_edad,victima3_condicion,victima3_sexo,victima3_actor_vial
2023-12-01 03:08:42,-4.035074,-79.171837,Calle 10 de Agosto,CON_FALLECIDOS,Volcamiento,Mal estado de la via,35,FALLECIDO,HOMBRE,SCOOTER,20,FALLECIDO,MUJER,SCOOTER,41,LESIONADO,MUJER,OTRO
2023-10-26 13:37:24,-4.000549,-79.208058,Calle Montufar,CON_LESIONADOS,Accidente Laboral,Imprudencia del conductor,5,LESIONADO,MUJER,CICLISTA,75,LESIONADO,MUJER,VEH_LIVIANO,,,,
2023-01-30 16:57:22,-3.995871,-79.225800,Calle Imbabura,CON_FALLECIDOS,Accidente Laboral,Imprudencia del conductor,76,FALLECIDO,NO_REGISTRA,PEATON,,,,,,,,
2023-09-08 16:50:01,-4.014036,-79.173328,Av. 8 de Diciembre,SOLO_DANOS,Accidente Laboral,Mal estado de la via,7,LESIONADO,HOMBRE,VEH_LIVIANO,,,,,,,,
2023-02-22 01:18:10,-4.012898,-79.175849,Av. Cuxibamba,CON_LESIONADOS,Accidente Laboral,Mal estado de la via,25,LESIONADO,MUJER,CICLISTA,79,LESIONADO,NO_REGISTRA,VEH_LIVIANO,,,,
2023-08-30 13:28:22,-3.977435,-79.183855,Av. Cuxibamba,SOLO_DANOS,Incendio,Inobservancia de senales,,,,,,,,,,,,
2023-01-10 10:42:37,-4.019665,-79.182503,Av. Cuxibamba,CON_LESIONADOS,Incendio,Equipo de seguridad deficiente,71,LESIONADO,NO_REGISTRA,VEH_LIVIANO,59,LESIONADO,MUJER,MOTOCICLETA,48,LESIONADO,MUJER,OTRO
2023-03-08 13:12:04,-3.985541,-79.179695,Av. Universitaria,CON_LESIONADOS,Choque Vehicular,Exceso de velocidad,10,LESIONADO,MUJER,OTRO,31,LESIONADO,MUJER,MOTOCICLETA,21,LESIONADO,HOMBRE,OTRO
2023-09-12 12:23:38,-4.011560,-79.223835,Calle Colon,CON_LESIONADOS,Incendio,Inobservancia de senales,77,LESIONADO,HOMBRE,VEH_LIVIANO,45,LESIONADO,NO_REGISTRA,CICLISTA,37,LESIONADO,NO_REGISTRA,CICLISTA
2023-06-20 21:19:55,-4.020644,-79.175379,Calle Sucre,SOLO_DANOS,Volcamiento,Distraccion (celular/radio),,,,,,,,,,,,
2023-07-01 15:37:14,-3.994528,-79.181249,Calle Quito,CON_LESIONADOS,Accidente Laboral,Factores externos,23,LESIONADO,HOMBRE,MOTOCICLETA,52,LESIONADO,MUJER,SCOOTER,47,LESIONADO,MUJER,OTRO
2023-10-04 10:49:06,-4.022980,-79.174202,Calle Azogues,SOLO_DANOS,Volcamiento,Imprudencia del conductor,,,,,,,,,,,,
2023-08-31 10:11:20,-3.988060,-79.225358,Av. Isidro Ayora,CON_FALLECIDOS,Incendio,Fatiga del conductor,47,FALLECIDO,HOMBRE,CICLISTA,65,FALLECIDO,NO_REGISTRA,OTRO,63,LESIONADO,HOMBRE,VEH_LIVIANO
2023-07-29 04:35:32,-3.995411,-79.182504,Calle Imbabura,SOLO_DANOS,Colision Multiple,Factores externos,,,,,,,,,,,,
2023-04-25 21:30:59,-3.985041,-79.192201,Calle Quito,CON_FALLECIDOS,Incendio,Inobservancia de senales,18,FALLECIDO,MUJER,OTRO,43,LESIONADO,HOMBRE,SCOOTER,31,LESIONADO,HOMBRE,SCOOTER
2023-11-15 18:54:23,-4.036393,-79.196239,Av. 8 de Diciembre,CON_LESIONADOS,Incendio,Exceso de velocidad,56,LESIONADO,HOMBRE,CICLISTA,48,LESIONADO,NO_REGISTRA,OTRO,,,,
2023-10-20 04:19:27,-4.002261,-79.230747,Av. 8 de Diciembre,CON_LESIONADOS,Incendio,Imprudencia del conductor,13,LESIONADO,MUJER,PEATON,,,,,,,,
2023-03-20 07:34:38,-3.999602,-79.206108,Calle 18 de Noviembre,CON_FALLECIDOS,Accidente Laboral,Factores externos,74,FALLECIDO,HOMBRE,VEH_LIVIANO,55,FALLECIDO,NO_REGISTRA,OTRO,40,LESIONADO,HOMBRE,PEATON
2023-06-11 03:38:51,-4.034197,-79.172076,Calle 18 de Noviembre,CON_FALLECIDOS,Choque Vehicular,Via resbaladiza o mojada,47,FALLECIDO,HOMBRE,MOTOCICLETA,47,LESIONADO,MUJER,MOTOCICLETA,,,,
2023-05-14 04:06:34,-3.999279,-79.198070,Calle Imbabura,CON_FALLECIDOS,Caida,Via resbaladiza o mojada,50,FALLECIDO,MUJER,CICLISTA,,,,,,,,
2023-10-28 23:22:53,-3.998718,-79.181156,Ruta 35,SOLO_DANOS,Accidente Laboral,Visibilidad reducida,,,,,,,,,,,,
2023-04-04 15:24:36,-4.026568,-79.230929,Av. Metropolitana,CON_FALLECIDOS,Volcamiento,Exceso de velocidad,51,FALLECIDO,HOMBRE,OTRO,34,FALLECIDO,MUJER,PEATON,49,LESIONADO,NO_REGISTRA,VEH_LIVIANO
2023-11-07 06:56:37,-4.025493,-79.209439,Av. Manuel Agustin Aguirre,SOLO_DANOS,Accidente Laboral,Distraccion (celular/radio),,,,,,,,,,,,
2023-07-13 23:38:06,-4.016270,-79.184273,Via Loja - Catamayo,SOLO_DANOS,Accidente Laboral,Falla mecanica,,,,,,,,,,,,
2023-01-30 09:17:02,-4.006280,-79.191432,Av. 8 de Diciembre,SOLO_DANOS,Atropellamiento,Visibilidad reducida,,,,,,,,,,,,
2023-09-13 22:01:23,-3.995867,-79.215895,Calle Miguel Riofrio,SOLO_DANOS,Incendio,Mal estado de la via,,,,,,,,,,,,
2023-12-11 00:34:14,-4.027916,-79.215867,Ruta 35,CON_LESIONADOS,Volcamiento,Exceso de velocidad,34,LESIONADO,HOMBRE,PEATON,15,LESIONADO,MUJER,PEATON,14,LESIONADO,HOMBRE,CICLISTA
2023-01-05 08:03:13,-3.991925,-79.228089,Calle Mercadillo,SOLO_DANOS,Atropellamiento,Exceso de velocidad,,,,,,,,,,,,
2023-07-12 03:00:39,-3.983415,-79.225098,Av. Orillas del Zamora,CON_LESIONADOS,Caida,Imprudencia del conductor,65,LESIONADO,HOMBRE,VEH_LIVIANO,48,LESIONADO,HOMBRE,SCOOTER,,,,
2023-01-30 13:50:31,-4.005380,-79.183664,Av. 8 de Diciembre,CON_LESIONADOS,Incendio,Factores externos,58,LESIONADO,HOMBRE,MOTOCICLETA,,,,,,,,
2023-06-02 03:40:00,-4.024900,-79.210649,Calle Saraguro,CON_LESIONADOS,Choque Vehicular,Distraccion (celular/radio),57,LESIONADO,NO_REGISTRA,PEATON,63,LESIONADO,MUJER,VEH_LIVIANO,75,LESIONADO,HOMBRE,MOTOCICLETA
2023-06-21 12:53:03,-4.024059,-79.201877,Calle 18 de Noviembre,CON_LESIONADOS,Atropellamiento,Equipo de seguridad deficiente,48,LESIONADO,NO_REGISTRA,OTRO,,,,,,,,
2023-05-06 21:57:51,-4.010360,-79.187522,Av. Manuel Agustin Aguirre,CON_LESIONADOS,Choque Vehicular,Estado de embriaguez,70,LESIONADO,MUJER,MOTOCICLETA,74,LESIONADO,MUJER,VEH_LIVIANO,,,,
2023-09-18 15:08:30,-4.014603,-79.173424,Av. Pio Jaramillo,CON_LESIONADOS,Accidente Laboral,Fatiga del conductor,71,LESIONADO,MUJER,OTRO,,,,,,,,
2023-04-11 12:04:18,-3.992276,-79.186668,Calle Saraguro,CON_LESIONADOS,Incendio,Factores externos,60,LESIONADO,NO_REGISTRA,MOTOCICLETA,,,,,,,,
2023-06-25 11:25:02,-3.977151,-79.190504,Calle Miguel Riofrio,CON_FALLECIDOS,Choque Vehicular,Mal estado de la via,35,FALLECIDO,HOMBRE,CICLISTA,33,FALLECIDO,MUJER,PEATON,55,LESIONADO,NO_REGISTRA,SCOOTER
2023-01-15 14:05:36,-4.030718,-79.220240,Av. Gran Colombia,SOLO_DANOS,Colision Multiple,Visibilidad reducida,,,,,,,,,,,,
2023-10-10 22:07:14,-3.991136,-79.181965,Via Loja - Catamayo,CON_LESIONADOS,Caida,Fatiga del conductor,75,LESIONADO,MUJER,SCOOTER,18,LESIONADO,HOMBRE,CICLISTA,13,LESIONADO,NO_REGISTRA,MOTOCICLETA
2023-02-03 05:10:59,-3.990516,-79.203653,Calle Imbabura,CON_LESIONADOS,Choque Vehicular,Fatiga del conductor,49,LESIONADO,NO_REGISTRA,MOTOCICLETA,27,LESIONADO,NO_REGISTRA,MOTOCICLETA,,,,
2023-02-25 14:26:26,-4.012919,-79.224358,Av. Universitaria,CON_FALLECIDOS,Volcamiento,Fatiga del conductor,42,FALLECIDO,HOMBRE,SCOOTER,48,FALLECIDO,MUJER,PEATON,18,LESIONADO,NO_REGISTRA,PEATON
2023-02-07 18:00:42,-4.029795,-79.226770,Av. Isidro Ayora,CON_LESIONADOS,Colision Multiple,Distraccion (celular/radio),63,LESIONADO,HOMBRE,VEH_LIVIANO,7,LESIONADO,MUJER,OTRO,51,LESIONADO,HOMBRE,VEH_LIVIANO
2023-08-15 12:30:22,-3.988061,-79.215859,Ruta 35,CON_LESIONADOS,Choque Vehicular,Imprudencia del conductor,57,LESIONADO,NO_REGISTRA,VEH_LIVIANO,24,LESIONADO,NO_REGISTRA,PEATON,,,,
2023-08-14 01:52:18,-3.980736,-79.219773,Calle Ramon Borrero,CON_LESIONADOS,Incendio,Equipo de seguridad deficiente,28,LESIONADO,HOMBRE,CICLISTA,20,LESIONADO,HOMBRE,VEH_LIVIANO,,,,
2023-01-04 01:48:47,-4.011104,-79.212427,Calle Bolivar,CON_LESIONADOS,Accidente Laboral,Via resbaladiza o mojada,22,LESIONADO,HOMBRE,VEH_LIVIANO,52,LESIONADO,MUJER,CICLISTA,36,LESIONADO,NO_REGISTRA,MOTOCICLETA
2023-11-22 18:22:19,-3.982068,-79.194452,Av. Pio Jaramillo,CON_FALLECIDOS,Incendio,Fatiga del conductor,24,FALLECIDO,MUJER,VEH_LIVIANO,63,FALLECIDO,MUJER,SCOOTER,54,LESIONADO,MUJER,VEH_LIVIANO
2023-04-30 13:26:13,-4.012399,-79.224666,Av. Reinaldo Espinosa,SOLO_DANOS,Volcamiento,Factores externos,,,,,,,,,,,,
2023-03-29 06:42:11,-4.019424,-79.183980,Av. Metropolitana,CON_LESIONADOS,Accidente Laboral,Distraccion (celular/radio),44,LESIONADO,HOMBRE,SCOOTER,18,LESIONADO,MUJER,MOTOCICLETA,6,LESIONADO,NO_REGISTRA,CICLISTA
2023-05-16 14:45:30,-4.002418,-79.202376,Av. Reinaldo Espinosa,CON_LESIONADOS,Caida,Via resbaladiza o mojada,5,LESIONADO,NO_REGISTRA,MOTOCICLETA,17,LESIONADO,MUJER,SCOOTER,,,,
2023-03-01 03:37:55,-4.016942,-79.217466,Av. 8 de Diciembre,CON_FALLECIDOS,Atropellamiento,Exceso de velocidad,55,FALLECIDO,NO_REGISTRA,VEH_LIVIANO,74,FALLECIDO,NO_REGISTRA,OTRO,,,,
2023-11-21 17:47:39,-4.035743,-79.210546,Av. 8 de Diciembre,SOLO_DANOS,Volcamiento,Imprudencia del conductor,,,,,,,,,,,,
2023-04-10 16:17:18,-4.026634,-79.171162,Av. Pio Jaramillo,SOLO_DANOS,Caida,Exceso de velocidad,,,,,,,,,,,,
2023-10-10 11:48:42,-4.015082,-79.218894,Calle Azogues,SOLO_DANOS,Accidente Laboral,Fatiga del conductor,,,,,,,,,,,,
2023-01-18 06:12:35,-3.985164,-79.217204,Av. Manuel Agustin Aguirre,CON_FALLECIDOS,Caida,Distraccion (celular/radio),78,FALLECIDO,HOMBRE,VEH_LIVIANO,44,LESIONADO,MUJER,CICLISTA,,,,
2023-05-08 13:23:57,-3.987428,-79.187322,Via Loja - Catamayo,CON_LESIONADOS,Accidente Laboral,Mal estado de la via,42,LESIONADO,HOMBRE,OTRO,,,,,,,,
2023-03-02 18:56:27,-4.019196,-79.190496,Via Loja - Catamayo,CON_LESIONADOS,Choque Vehicular,Distraccion (celular/radio),70,LESIONADO,MUJER,OTRO,16,LESIONADO,MUJER,CICLISTA,52,LESIONADO,HOMBRE,SCOOTER
2023-11-01 16:51:35,-4.030516,-79.193171,Av. Universitaria,SOLO_DANOS,Accidente Laboral,Falla mecanica,,,,,,,,,,,,
2023-10-05 16:29:18,-4.008454,-79.204742,Av. 8 de Diciembre,SOLO_DANOS,Colision Multiple,Via resbaladiza o mojada,,,,,,,,,,,,
2023-08-15 07:28:45,-3.997639,-79.222148,Calle Bolivar,CON_LESIONADOS,Volcamiento,Inobservancia de senales,11,LESIONADO,NO_REGISTRA,CICLISTA,,,,,,,,
2023-10-26 05:32:30,-4.000065,-79.195716,Av. Reinaldo Espinosa,CON_LESIONADOS,Incendio,Via resbaladiza o mojada,62,LESIONADO,MUJER,MOTOCICLETA,8,LESIONADO,MUJER,PEATON,28,LESIONADO,MUJER,VEH_LIVIANO
2023-01-29 03:45:00,-3.986152,-79.227659,Av. Manuel Agustin Aguirre,CON_FALLECIDOS,Colision Multiple,Equipo de seguridad deficiente,75,FALLECIDO,MUJER,OTRO,55,FALLECIDO,MUJER,CICLISTA,17,LESIONADO,NO_REGISTRA,PEATON
2023-08-20 10:44:36,-3.996050,-79.212512,Calle Miguel Riofrio,CON_LESIONADOS,Volcamiento,Visibilidad reducida,48,LESIONADO,NO_REGISTRA,OTRO,,,,,,,,
2023-08-03 09:12:19,-3.987437,-79.215189,Calle 18 de Noviembre,CON_FALLECIDOS,Caida,Equipo de seguridad deficiente,47,FALLECIDO,NO_REGISTRA,PEATON,,,,,,,,
2023-09-18 09:16:50,-4.018172,-79.178805,Calle Mercadillo,CON_FALLECIDOS,Colision Multiple,Equipo de seguridad deficiente,50,FALLECIDO,NO_REGISTRA,PEATON,,,,,,,,
2023-04-22 02:51:54,-3.988411,-79.211196,Av. Cuxibamba,SOLO_DANOS,Atropellamiento,Falla mecanica,,,,,,,,,,,,
2023-06-05 02:06:00,-3.978655,-79.191154,Calle 10 de Agosto,CON_FALLECIDOS,Volcamiento,Imprudencia del conductor,31,FALLECIDO,HOMBRE,MOTOCICLETA,46,FALLECIDO,NO_REGISTRA,VEH_LIVIANO,26,LESIONADO,NO_REGISTRA,OTRO
2023-03-13 00:07:57,-3.985431,-79.193506,Ruta 35,CON_FALLECIDOS,Caida,Estado de embriaguez,74,FALLECIDO,HOMBRE,SCOOTER,49,LESIONADO,MUJER,PEATON,,,,
2023-06-18 08:15:37,-4.014604,-79.214337,Calle Bolivar,CON_FALLECIDOS,Atropellamiento,Equipo de seguridad deficiente,58,FALLECIDO,NO_REGISTRA,OTRO,,,,,,,,
2023-04-03 07:55:48,-4.021151,-79.230856,Av. 8 de Diciembre,CON_LESIONADOS,Accidente Laboral,Inobservancia de senales,46,LESIONADO,MUJER,SCOOTER,30,LESIONADO,MUJER,OTRO,,,,
2023-07-07 02:51:23,-4.031004,-79.224520,Calle Miguel Riofrio,CON_LESIONADOS,Caida,Mal estado de la via,74,LESIONADO,HOMBRE,VEH_LIVIANO,20,LESIONADO,HOMBRE,CICLISTA,,,,
2023-04-15 05:38:51,-4.006863,-79.213242,Calle Ramon Borrero,SOLO_DANOS,Incendio,Via resbaladiza o mojada,,,,,,,,,,,,
2023-12-25 05:38:32,-4.005020,-79.184560,Calle Miguel Riofrio,CON_FALLECIDOS,Volcamiento,Equipo de seguridad deficiente,55,FALLECIDO,NO_REGISTRA,VEH_LIVIANO,5,LESIONADO,MUJER,PEATON,75,LESIONADO,MUJER,CICLISTA
2023-04-07 20:11:26,-3.999295,-79.173518,Av. Cuxibamba,SOLO_DANOS,Incendio,Mal estado de la via,58,LESIONADO,HOMBRE,SCOOTER,,,,,,,,
2023-05-14 05:26:01,-4.025888,-79.185897,Calle Azogues,CON_FALLECIDOS,Accidente Laboral,Via resbaladiza o mojada,49,FALLECIDO,MUJER,PEATON,63,FALLECIDO,HOMBRE,CICLISTA,30,LESIONADO,HOMBRE,CICLISTA
2023-03-05 14:28:16,-3.998821,-79.217118,Av. 8 de Diciembre,CON_FALLECIDOS,Colision Multiple,Exceso de velocidad,63,FALLECIDO,MUJER,SCOOTER,45,LESIONADO,MUJER,CICLISTA,68,LESIONADO,MUJER,PEATON
2023-11-21 07:57:18,-4.006942,-79.225849,Calle Colon,CON_LESIONADOS,Caida,Equipo de seguridad deficiente,31,LESIONADO,MUJER,SCOOTER,,,,,,,,
2023-11-19 00:48:25,-4.012844,-79.171677,Ruta 35,CON_FALLECIDOS,Colision Multiple,Imprudencia del conductor,29,FALLECIDO,HOMBRE,CICLISTA,,,,,,,,
2023-11-01 12:15:04,-4.002824,-79.217835,Av. Rosa Hermosa,CON_LESIONADOS,Accidente Laboral,Imprudencia del conductor,26,LESIONADO,NO_REGISTRA,MOTOCICLETA,76,LESIONADO,NO_REGISTRA,MOTOCICLETA,,,,
2023-04-05 10:43:41,-4.028402,-79.187020,Calle 10 de Agosto,CON_FALLECIDOS,Volcamiento,Factores externos,22,FALLECIDO,HOMBRE,CICLISTA,29,FALLECIDO,MUJER,PEATON,71,LESIONADO,MUJER,SCOOTER
2023-11-18 07:38:12,-4.018226,-79.228061,Av. 8 de Diciembre,SOLO_DANOS,Incendio,Falla mecanica,,,,,,,,,,,,
2023-08-22 20:43:49,-4.033789,-79.206224,Av. Pio Jaramillo,SOLO_DANOS,Incendio,Equipo de seguridad deficiente,31,LESIONADO,NO_REGISTRA,CICLISTA,,,,,,,,
2023-02-14 22:22:07,-4.009196,-79.200286,Av. Reinaldo Espinosa,CON_LESIONADOS,Atropellamiento,Visibilidad reducida,7,LESIONADO,MUJER,PEATON,,,,,,,,
2023-01-26 08:24:17,-4.008166,-79.185829,Calle Azogues,SOLO_DANOS,Caida,Equipo de seguridad deficiente,,,,,,,,,,,,
2023-11-01 02:31:48,-4.023901,-79.193550,Calle Azogues,CON_FALLECIDOS,Atropellamiento,Via resbaladiza o mojada,38,FALLECIDO,HOMBRE,MOTOCICLETA,12,LESIONADO,NO_REGISTRA,PEATON,16,LESIONADO,NO_REGISTRA,OTRO
2023-10-23 10:26:43,-3.994108,-79.175456,Av. Orillas del Zamora,SOLO_DANOS,Volcamiento,Factores externos,,,,,,,,,,,,
2023-01-09 20:26:10,-3.994352,-79.182326,Av. Manuel Agustin Aguirre,SOLO_DANOS,Caida,Via resbaladiza o mojada,,,,,,,,,,,,
2023-09-09 05:31:03,-3.998488,-79.222191,Calle 10 de Agosto,SOLO_DANOS,Colision Multiple,Imprudencia del conductor,,,,,,,,,,,,
2023-11-02 05:50:53,-4.012927,-79.171504,Av. Pio Jaramillo,CON_LESIONADOS,Accidente Laboral,Visibilidad reducida,69,LESIONADO,NO_REGISTRA,PEATON,77,LESIONADO,MUJER,SCOOTER,,,,
2023-01-08 19:19:04,-4.007335,-79.215968,Av. Isidro Ayora,CON_LESIONADOS,Caida,Fatiga del conductor,53,LESIONADO,NO_REGISTRA,VEH_LIVIANO,55,LESIONADO,NO_REGISTRA,MOTOCICLETA,,,,
2023-12-17 10:08:35,-4.014521,-79.190701,Calle Sucre,SOLO_DANOS,Incendio,Via resbaladiza o mojada,,,,,,,,,,,,
2023-10-23 06:30:45,-4.032622,-79.178683,Calle 18 de Noviembre,CON_LESIONADOS,Choque Vehicular,Visibilidad reducida,14,LESIONADO,HOMBRE,MOTOCICLETA,,,,,,,,
2023-04-05 03:05:24,-3.992127,-79.223283,Calle Colon,SOLO_DANOS,Atropellamiento,Mal estado de la via,,,,,,,,,,,,
2023-12-03 09:20:02,-3.996295,-79.221351,Via Loja - Catamayo,CON_LESIONADOS,Choque Vehicular,Equipo de seguridad deficiente,7,LESIONADO,NO_REGISTRA,MOTOCICLETA,64,LESIONADO,NO_REGISTRA,CICLISTA,36,LESIONADO,MUJER,VEH_LIVIANO
2023-10-05 15:15:19,-4.005999,-79.176442,Av. Rosa Hermosa,SOLO_DANOS,Colision Multiple,Imprudencia del conductor,,,,,,,,,,,,
2023-02-04 17:16:04,-4.005665,-79.221184,Calle Quito,SOLO_DANOS,Incendio,Via resbaladiza o mojada,,,,,,,,,,,,
2023-11-14 20:01:29,-4.020023,-79.227123,Calle Bolivar,CON_LESIONADOS,Caida,Fatiga del conductor,55,LESIONADO,MUJER,MOTOCICLETA,17,LESIONADO,MUJER,CICLISTA,,,,
2023-02-12 16:03:45,-4.006767,-79.217216,Via Loja - Catamayo,CON_LESIONADOS,Atropellamiento,Factores externos,55,LESIONADO,HOMBRE,CICLISTA,53,LESIONADO,MUJER,PEATON,17,LESIONADO,MUJER,SCOOTER
2023-05-16 11:20:06,-4.020339,-79.214846,Calle Saraguro,CON_FALLECIDOS,Volcamiento,Falla mecanica,30,FALLECIDO,HOMBRE,SCOOTER,37,FALLECIDO,MUJER,PEATON,13,LESIONADO,HOMBRE,PEATON
2023-11-24 03:56:12,-4.017874,-79.205112,Av. Orillas del Zamora,CON_FALLECIDOS,Incendio,Distraccion (celular/radio),28,FALLECIDO,NO_REGISTRA,CICLISTA,50,LESIONADO,MUJER,OTRO,,,,
2023-02-13 13:08:45,-4.007912,-79.202893,Calle Azogues,CON_FALLECIDOS,Accidente Laboral,Via resbaladiza o mojada,79,FALLECIDO,HOMBRE,VEH_LIVIANO,84,FALLECIDO,HOMBRE,MOTOCICLETA,21,LESIONADO,NO_REGISTRA,CICLISTA
2023-05-17 14:34:28,-4.023683,-79.192001,Av. Reinaldo Espinosa,CON_LESIONADOS,Caida,Visibilidad reducida,67,LESIONADO,MUJER,OTRO,,,,,,,,
2023-01-28 05:42:31,-4.002580,-79.211128,Calle 10 de Agosto,CON_LESIONADOS,Accidente Laboral,Exceso de velocidad,79,LESIONADO,HOMBRE,SCOOTER,11,LESIONADO,MUJER,OTRO,,,,
2023-06-29 12:23:12,-4.026804,-79.212474,Av. Pio Jaramillo,CON_FALLECIDOS,Incendio,Factores externos,19,FALLECIDO,MUJER,PEATON,58,LESIONADO,NO_REGISTRA,OTRO,28,LESIONADO,NO_REGISTRA,PEATON
2023-05-04 22:21:48,-3.995011,-79.172674,Calle Montufar,SOLO_DANOS,Incendio,Falla mecanica,,,,,,,,,,,,
2023-05-14 07:50:57,-4.017848,-79.186349,Calle Bolivar,CON_FALLECIDOS,Incendio,Estado de embriaguez,85,FALLECIDO,MUJER,PEATON,53,LESIONADO,NO_REGISTRA,PEATON,14,LESIONADO,NO_REGISTRA,PEATON
2023-07-06 02:57:20,-4.005779,-79.229258,Calle Montufar,CON_FALLECIDOS,Caida,Factores externos,38,FALLECIDO,MUJER,MOTOCICLETA,43,LESIONADO,MUJER,SCOOTER,11,LESIONADO,NO_REGISTRA,OTRO
2023-11-12 03:27:03,-4.003173,-79.209815,Calle Azogues,SOLO_DANOS,Volcamiento,Equipo de seguridad deficiente,,,,,,,,,,,,
2023-09-21 01:25:51,-3.989288,-79.218041,Calle Imbabura,CON_LESIONADOS,Volcamiento,Inobservancia de senales,41,LESIONADO,NO_REGISTRA,SCOOTER,80,LESIONADO,HOMBRE,MOTOCICLETA,,,,
2023-11-26 08:25:46,-4.013557,-79.179108,Av. Universitaria,SOLO_DANOS,Choque Vehicular,Via resbaladiza o mojada,,,,,,,,,,,,
2023-01-17 14:18:27,-4.029908,-79.187322,Calle Rocafuerte,CON_FALLECIDOS,Volcamiento,Falla mecanica,84,FALLECIDO,MUJER,MOTOCICLETA,5,LESIONADO,MUJER,SCOOTER,47,LESIONADO,NO_REGISTRA,CICLISTA
2023-12-21 20:40:40,-3.983524,-79.211743,Calle Bolivar,CON_FALLECIDOS,Volcamiento,Factores externos,31,FALLECIDO,HOMBRE,MOTOCICLETA,79,FALLECIDO,NO_REGISTRA,PEATON,63,LESIONADO,NO_REGISTRA,VEH_LIVIANO
2023-09-08 15:09:10,-3.981183,-79.213412,Av. Cuxibamba,SOLO_DANOS,Atropellamiento,Factores externos,,,,,,,,,,,,
2023-03-23 14:39:48,-3.980477,-79.218912,Av. Cuxibamba,CON_FALLECIDOS,Atropellamiento,Via resbaladiza o mojada,51,FALLECIDO,HOMBRE,OTRO,84,FALLECIDO,HOMBRE,SCOOTER,49,LESIONADO,MUJER,SCOOTER
2023-12-31 19:40:03,-4.000762,-79.210140,Av. Cuxibamba,CON_LESIONADOS,Choque Vehicular,Via resbaladiza o mojada,26,LESIONADO,MUJER,MOTOCICLETA,11,LESIONADO,HOMBRE,VEH_LIVIANO,,,,
2023-12-19 21:30:18,-4.003513,-79.216318,Av. Orillas del Zamora,CON_LESIONADOS,Colision Multiple,Fatiga del conductor,35,LESIONADO,MUJER,PEATON,,,,,,,,
2023-01-23 15:34:54,-4.030545,-79.171535,Av. Manuel Agustin Aguirre,CON_LESIONADOS,Atropellamiento,Fatiga del conductor,54,LESIONADO,MUJER,VEH_LIVIANO,28,LESIONADO,HOMBRE,PEATON,,,,
2023-09-03 08:33:56,-4.032817,-79.217941,Calle Azogues,CON_FALLECIDOS,Caida,Estado de embriaguez,75,FALLECIDO,NO_REGISTRA,VEH_LIVIANO,63,FALLECIDO,MUJER,CICLISTA,40,LESIONADO,NO_REGISTRA,MOTOCICLETA
2023-10-05 09:41:13,-4.034252,-79.205374,Av. Metropolitana,SOLO_DANOS,Colision Multiple,Exceso de velocidad,,,,,,,,,,,,
2023-01-18 22:32:22,-4.012306,-79.224388,Ruta 35,CON_FALLECIDOS,Accidente Laboral,Exceso de velocidad,34,FALLECIDO,NO_REGISTRA,CICLISTA,,,,,,,,
2023-01-09 02:47:52,-4.007069,-79.195378,Calle 10 de Agosto,CON_FALLECIDOS,Colision Multiple,Falla mecanica,72,FALLECIDO,MUJER,PEATON,34,FALLECIDO,HOMBRE,MOTOCICLETA,,,,
2023-10-23 15:24:25,-4.027099,-79.187012,Calle Saraguro,CON_LESIONADOS,Volcamiento,Fatiga del conductor,6,LESIONADO,NO_REGISTRA,PEATON,51,LESIONADO,HOMBRE,VEH_LIVIANO,53,LESIONADO,HOMBRE,SCOOTER
2023-03-15 12:52:33,-4.005050,-79.223763,Av. Cuxibamba,SOLO_DANOS,Caida,Estado de embriaguez,,,,,,,,,,,,
2023-08-16 03:14:08,-4.026111,-79.207346,Av. Gran Colombia,CON_LESIONADOS,Volcamiento,Fatiga del conductor,55,LESIONADO,NO_REGISTRA,OTRO,50,LESIONADO,MUJER,VEH_LIVIANO,62,LESIONADO,HOMBRE,VEH_LIVIANO
2023-05-18 22:17:16,-3.983312,-79.228995,Calle Imbabura,SOLO_DANOS,Colision Multiple,Mal estado de la via,,,,,,,,,,,,
2023-06-21 05:34:50,-4.033066,-79.175179,Ruta 35,CON_FALLECIDOS,Choque Vehicular,Imprudencia del conductor,56,FALLECIDO,HOMBRE,CICLISTA,,,,,,,,
2023-05-12 09:15:30,-3.985711,-79.222776,Calle Azogues,SOLO_DANOS,Choque Vehicular,Exceso de velocidad,,,,,,,,,,,,
2023-10-04 06:40:53,-4.015249,-79.204675,Av. Isidro Ayora,CON_FALLECIDOS,Accidente Laboral,Factores externos,77,FALLECIDO,MUJER,MOTOCICLETA,30,LESIONADO,HOMBRE,PEATON,,,,
2023-09-29 05:51:21,-4.036991,-79.185057,Calle Colon,SOLO_DANOS,Accidente Laboral,Exceso de velocidad,,,,,,,,,,,,
2023-02-27 14:52:53,-4.026272,-79.203833,Av. Manuel Agustin Aguirre,CON_LESIONADOS,Incendio,Falla mecanica,44,LESIONADO,NO_REGISTRA,SCOOTER,,,,,,,,
2023-12-30 02:53:26,-3.984158,-79.224019,Av. Pio Jaramillo,CON_FALLECIDOS,Accidente Laboral,Estado de embriaguez,20,FALLECIDO,NO_REGISTRA,CICLISTA,10,LESIONADO,NO_REGISTRA,PEATON,40,LESIONADO,NO_REGISTRA,MOTOCICLETA