fecha_hora,latitud,longitud,via,grado_severidad,tipo_siniestro,causa_probable,victima1_edad,victima1_condicion,victima1_sexo,victima1_actor_vial,victima2_edad,victima2_condicion,victima2_sexo,victima2_actor_vial,victima3_edad,victima3_condicion,victima3_sexo,victima3_actor_vial
2023-07-31 00:21:45,-4.035852,-79.191020,Calle Colon,CON_FALLECIDOS,Atropellamiento,Distraccion (celular/radio),85,FALLECIDO,MUJER,OTRO,43,LESIONADO,MUJER,SCOOTER,,,,
2023-10-02 10:49:39,-4.017828,-79.178258,Av. Pio Jaramillo,CON_FALLECIDOS,Incendio,Visibilidad reducida,31,FALLECIDO,MUJER,MOTOCICLETA,22,LESIONADO,MUJER,SCOOTER,64,LESIONADO,HOMBRE,VEH_LIVIANO
2023-09-21 04:33:24,-4.002534,-79.227135,Calle Sucre,CON_FALLECIDOS,Volcamiento,Visibilidad reducida,48,FALLECIDO,HOMBRE,MOTOCICLETA,78,FALLECIDO,MUJER,VEH_LIVIANO,,,,
2023-09-08 21:52:30,-3.996526,-79.189770,Av. Metropolitana,SOLO_DANOS,Incendio,Distraccion (celular/radio),,,,,,,,,,,,
2023-03-01 13:56:18,-4.026816,-79.230767,Calle Bolivar,CON_FALLECIDOS,Caida,Estado de embriaguez,25,FALLECIDO,MUJER,PEATON,35,LESIONADO,NO_REGISTRA,CICLISTA,17,LESIONADO,MUJER,CICLISTA
2023-01-06 16:39:16,-4.010072,-79.192424,Av. Manuel Agustin Aguirre,CON_FALLECIDOS,Accidente Laboral,Fatiga del conductor,42,FALLECIDO,MUJER,PEATON,,,,,,,,
2023-05-28 21:02:58,-3.985313,-79.195063,Calle 10 de Agosto,SOLO_DANOS,Incendio,Equipo de seguridad deficiente,,,,,,,,,,,,
2023-05-20 19:43:47,-4.009191,-79.196123,Calle Mercadillo,SOLO_DANOS,Colision Multiple,Via resbaladiza o mojada,,,,,,,,,,,,
2023-10-12 11:55:12,-4.017808,-79.223198,Av. Isidro Ayora,SOLO_DANOS,Choque Vehicular,Mal estado de la via,,,,,,,,,,,,
2023-05-06 17:30:21,-4.001182,-79.182971,Via Loja - Zamora,CON_LESIONADOS,Choque Vehicular,Distraccion (celular/radio),16,LESIONADO,NO_REGISTRA,MOTOCICLETA,79,LESIONADO,MUJER,PEATON,78,LESIONADO,NO_REGISTRA,PEATON
2023-08-23 02:16:59,-4.034287,-79.171995,Av. Orillas del Zamora,CON_LESIONADOS,Caida,Distraccion (celular/radio),60,LESIONADO,HOMBRE,SCOOTER,,,,,,,,
2023-11-07 16:36:49,-3.985570,-79.186113,Av. Isidro Ayora,CON_LESIONADOS,Accidente Laboral,Equipo de seguridad deficiente,54,LESIONADO,HOMBRE,VEH_LIVIANO,23,LESIONADO,MUJER,PEATON,28,LESIONADO,MUJER,VEH_LIVIANO
2023-12-12 02:09:17,-4.014975,-79.205897,Av. Metropolitana,SOLO_DANOS,Accidente Laboral,Factores externos,,,,,,,,,,,,
2023-10-14 22:09:50,-3.988176,-79.229691,Av. Isidro Ayora,CON_LESIONADOS,Caida,Imprudencia del conductor,75,LESIONADO,NO_REGISTRA,PEATON,38,LESIONADO,HOMBRE,SCOOTER,,,,
2023-09-21 18:54:36,-3.980119,-79.222253,Via Loja - Catamayo,CON_FALLECIDOS,Accidente Laboral,Distraccion (celular/radio),18,FALLECIDO,HOMBRE,PEATON,82,FALLECIDO,NO_REGISTRA,CICLISTA,9,LESIONADO,HOMBRE,MOTOCICLETA
2023-06-15 08:44:16,-4.003316,-79.199780,Calle Imbabura,CON_FALLECIDOS,Colision Multiple,Exceso de velocidad,81,FALLECIDO,NO_REGISTRA,SCOOTER,73,LESIONADO,HOMBRE,OTRO,29,LESIONADO,HOMBRE,MOTOCICLETA
2023-11-01 06:19:14,-3.977164,-79.202137,Calle Mercadillo,CON_FALLECIDOS,Incendio,Visibilidad reducida,81,FALLECIDO,MUJER,OTRO,,,,,,,,
2023-02-09 16:15:00,-4.003712,-79.222656,Via Loja - Zamora,SOLO_DANOS,Volcamiento,Factores externos,,,,,,,,,,,,
2023-12-18 18:16:01,-4.005588,-79.197847,Av. Rosa Hermosa,CON_FALLECIDOS,Incendio,Equipo de seguridad deficiente,58,FALLECIDO,HOMBRE,OTRO,77,FALLECIDO,NO_REGISTRA,PEATON,43,LESIONADO,HOMBRE,OTRO
2023-03-25 05:58:30,-3.998853,-79.222056,Calle Ramon Borrero,CON_LESIONADOS,Colision Multiple,Distraccion (celular/radio),20,LESIONADO,MUJER,PEATON,,,,,,,,
2023-01-07 14:40:30,-4.026708,-79.226881,Calle Colon,CON_FALLECIDOS,Accidente Laboral,Falla mecanica,27,FALLECIDO,MUJER,OTRO,47,FALLECIDO,HOMBRE,CICLISTA,,,,
2023-08-31 17:26:13,-4.000185,-79.198622,Calle Colon,CON_FALLECIDOS,Atropellamiento,Mal estado de la via,54,FALLECIDO,NO_REGISTRA,PEATON,51,FALLECIDO,HOMBRE,SCOOTER,74,LESIONADO,HOMBRE,SCOOTER
2023-10-17 00:11:55,-3.992015,-79.211374,Av. Cuxibamba,CON_LESIONADOS,Volcamiento,Visibilidad reducida,36,LESIONADO,HOMBRE,CICLISTA,37,LESIONADO,NO_REGISTRA,PEATON,,,,
2023-09-01 09:25:57,-4.036164,-79.187344,Calle Rocafuerte,CON_FALLECIDOS,Atropellamiento,Inobservancia de senales,33,FALLECIDO,MUJER,VEH_LIVIANO,,,,,,,,
2023-04-11 19:30:03,-3.997881,-79.174879,Via Loja - Catamayo,SOLO_DANOS,Caida,Imprudencia del conductor,17,LESIONADO,MUJER,VEH_LIVIANO,,,,,,,,
2023-07-12 01:18:10,-4.033148,-79.202762,Av. Isidro Ayora,CON_LESIONADOS,Volcamiento,Mal estado de la via,65,LESIONADO,MUJER,MOTOCICLETA,77,LESIONADO,MUJER,CICLISTA,7,LESIONADO,MUJER,MOTOCICLETA
2023-04-17 05:07:06,-4.008685,-79.197008,Calle Miguel Riofrio,CON_FALLECIDOS,Incendio,Exceso de velocidad,53,FALLECIDO,MUJER,CICLISTA,43,FALLECIDO,MUJER,CICLISTA,79,LESIONADO,HOMBRE,OTRO
2023-06-30 11:20:11,-4.004593,-79.183984,Calle Saraguro,SOLO_DANOS,Volcamiento,Visibilidad reducida,,,,,,,,,,,,
2023-06-27 07:26:21,-4.023559,-79.180973,Av. Gran Colombia,CON_LESIONADOS,Atropellamiento,Falla mecanica,39,LESIONADO,HOMBRE,OTRO,,,,,,,,
2023-01-19 07:03:08,-4.012729,-79.198506,Calle Montufar,SOLO_DANOS,Caida,Factores externos,,,,,,,,,,,,
2023-03-02 11:11:59,-4.014583,-79.227368,Calle Quito,CON_LESIONADOS,Choque Vehicular,Visibilidad reducida,30,LESIONADO,NO_REGISTRA,OTRO,28,LESIONADO,MUJER,SCOOTER,31,LESIONADO,HOMBRE,PEATON
2023-08-01 17:20:01,-3.978481,-79.198917,Av. Pio Jaramillo,CON_LESIONADOS,Colision Multiple,Estado de embriaguez,16,LESIONADO,NO_REGISTRA,OTRO,65,LESIONADO,MUJER,OTRO,,,,
2023-07-15 09:44:37,-4.020381,-79.174677,Av. Metropolitana,SOLO_DANOS,Choque Vehicular,Inobservancia de senales,,,,,,,,,,,,
2023-12-13 07:02:26,-4.005011,-79.187582,Av. Universitaria,SOLO_DANOS,Atropellamiento,Distraccion (celular/radio),,,,,,,,,,,,
2023-08-15 13:39:15,-3.980294,-79.187824,Av. Pio Jaramillo,CON_FALLECIDOS,Choque Vehicular,Via resbaladiza o mojada,49,FALLECIDO,MUJER,OTRO,68,FALLECIDO,NO_REGISTRA,PEATON,46,LESIONADO,NO_REGISTRA,VEH_LIVIANO
2023-09-02 19:29:03,-4.007907,-79.188626,Calle Colon,CON_LESIONADOS,Volcamiento,Equipo de seguridad deficiente,9,LESIONADO,MUJER,VEH_LIVIANO,71,LESIONADO,MUJER,MOTOCICLETA,,,,
2023-08-13 12:03:37,-3.999177,-79.198189,Calle Mercadillo,CON_FALLECIDOS,Accidente Laboral,Estado de embriaguez,51,FALLECIDO,NO_REGISTRA,CICLISTA,8,LESIONADO,NO_REGISTRA,CICLISTA,,,,
2023-03-26 16:13:41,-3.997927,-79.224892,Av. Gran Colombia,SOLO_DANOS,Caida,Fatiga del conductor,44,LESIONADO,NO_REGISTRA,SCOOTER,,,,,,,,
2023-03-04 17:56:10,-4.010633,-79.218643,Av. Reinaldo Espinosa,CON_LESIONADOS,Accidente Laboral,Falla mecanica,76,LESIONADO,NO_REGISTRA,PEATON,49,LESIONADO,MUJER,VEH_LIVIANO,32,LESIONADO,MUJER,CICLISTA
2023-04-30 22:37:16,-3.993559,-79.217622,Ruta 35,CON_FALLECIDOS,Caida,Imprudencia del conductor,25,FALLECIDO,HOMBRE,OTRO,61,FALLECIDO,NO_REGISTRA,CICLISTA,20,LESIONADO,HOMBRE,SCOOTER
2023-11-27 23:40:05,-4.032961,-79.216516,Calle Rocafuerte,CON_FALLECIDOS,Colision Multiple,Estado de embriaguez,30,FALLECIDO,MUJER,CICLISTA,43,FALLECIDO,MUJER,OTRO,,,,
2023-04-06 05:28:57,-4.030076,-79.185905,Av. Manuel Agustin Aguirre,CON_FALLECIDOS,Colision Multiple,Visibilidad reducida,67,FALLECIDO,HOMBRE,SCOOTER,75,LESIONADO,NO_REGISTRA,CICLISTA,,,,
2023-04-30 15:34:02,-3.993693,-79.187041,Calle Montufar,CON_LESIONADOS,Caida,Mal estado de la via,47,LESIONADO,HOMBRE,CICLISTA,39,LESIONADO,MUJER,SCOOTER,7,LESIONADO,HOMBRE,MOTOCICLETA
2023-10-16 13:42:28,-3.981145,-79.205288,Av. Universitaria,CON_LESIONADOS,Atropellamiento,Mal estado de la via,75,LESIONADO,HOMBRE,SCOOTER,18,LESIONADO,MUJER,SCOOTER,24,LESIONADO,MUJER,PEATON
2023-10-09 02:53:03,-4.036804,-79.217911,Calle Miguel Riofrio,SOLO_DANOS,Choque Vehicular,Exceso de velocidad,,,,,,,,,,,,
2023-09-19 13:07:54,-4.025360,-79.201876,Av. Metropolitana,CON_FALLECIDOS,Atropellamiento,Estado de embriaguez,52,FALLECIDO,HOMBRE,PEATON,83,FALLECIDO,MUJER,PEATON,80,LESIONADO,MUJER,OTRO
2023-09-07 02:25:10,-4.011678,-79.216508,Calle 10 de Agosto,SOLO_DANOS,Accidente Laboral,Estado de embriaguez,,,,,,,,,,,,
2023-08-02 02:43:04,-3.978616,-79.223056,Calle Mercadillo,CON_LESIONADOS,Accidente Laboral,Via resbaladiza o mojada,6,LESIONADO,MUJER,OTRO,63,LESIONADO,NO_REGISTRA,PEATON,59,LESIONADO,NO_REGISTRA,PEATON
2023-08-18 01:46:05,-4.032876,-79.176545,Calle Mercadillo,SOLO_DANOS,Atropellamiento,Via resbaladiza o mojada,39,LESIONADO,MUJER,MOTOCICLETA,,,,,,,,
2023-08-18 21:58:26,-4.024591,-79.191101,Calle 10 de Agosto,CON_LESIONADOS,Incendio,Equipo de seguridad deficiente,69,LESIONADO,HOMBRE,OTRO,78,LESIONADO,NO_REGISTRA,MOTOCICLETA,,,,
2023-05-15 00:54:01,-4.018724,-79.228223,Av. Manuel Agustin Aguirre,CON_FALLECIDOS,Volcamiento,Exceso de velocidad,18,FALLECIDO,MUJER,CICLISTA,62,FALLECIDO,HOMBRE,OTRO,12,LESIONADO,NO_REGISTRA,CICLISTA
2023-04-03 07:26:30,-4.009039,-79.225550,Calle Miguel Riofrio,CON_FALLECIDOS,Caida,Estado de embriaguez,69,FALLECIDO,MUJER,OTRO,62,LESIONADO,NO_REGISTRA,OTRO,44,LESIONADO,NO_REGISTRA,PEATON
2023-11-11 21:18:39,-3.994259,-79.215255,Calle Quito,SOLO_DANOS,Choque Vehicular,Falla mecanica,32,LESIONADO,NO_REGISTRA,MOTOCICLETA,,,,,,,,
2023-12-22 04:44:19,-4.011542,-79.218141,Calle Azogues,SOLO_DANOS,Accidente Laboral,Falla mecanica,,,,,,,,,,,,
2023-09-10 01:23:34,-4.022740,-79.194578,Calle Imbabura,CON_LESIONADOS,Caida,Distraccion (celular/radio),57,LESIONADO,HOMBRE,PEATON,65,LESIONADO,MUJER,OTRO,,,,
2023-04-01 10:36:07,-4.030792,-79.220415,Av. Manuel Agustin Aguirre,CON_FALLECIDOS,Colision Multiple,Distraccion (celular/radio),73,FALLECIDO,NO_REGISTRA,SCOOTER,10,LESIONADO,MUJER,MOTOCICLETA,,,,
2023-10-03 10:41:07,-4.002002,-79.229689,Av. Universitaria,SOLO_DANOS,Atropellamiento,Visibilidad reducida,,,,,,,,,,,,
2023-12-02 20:38:25,-4.006547,-79.220749,Ruta 35,CON_FALLECIDOS,Incendio,Imprudencia del conductor,65,FALLECIDO,NO_REGISTRA,CICLISTA,52,FALLECIDO,NO_REGISTRA,VEH_LIVIANO,46,LESIONADO,MUJER,OTRO
2023-05-23 11:27:19,-3.998612,-79.218258,Calle Azogues,CON_LESIONADOS,Volcamiento,Factores externos,75,LESIONADO,HOMBRE,MOTOCICLETA,17,LESIONADO,NO_REGISTRA,CICLISTA,,,,
2023-05-29 16:05:28,-3.978080,-79.202492,Av. Rosa Hermosa,CON_LESIONADOS,Volcamiento,Falla mecanica,55,LESIONADO,MUJER,PEATON,77,LESIONADO,MUJER,VEH_LIVIANO,6,LESIONADO,NO_REGISTRA,VEH_LIVIANO
2023-12-29 00:25:58,-4.027597,-79.189641,Av. Pio Jaramillo,CON_FALLECIDOS,Choque Vehicular,Factores externos,27,FALLECIDO,NO_REGISTRA,OTRO,25,FALLECIDO,MUJER,MOTOCICLETA,9,LESIONADO,HOMBRE,CICLISTA
2023-10-01 21:36:29,-4.012083,-79.197988,Calle Azogues,CON_FALLECIDOS,Colision Multiple,Fatiga del conductor,69,FALLECIDO,MUJER,OTRO,59,FALLECIDO,MUJER,PEATON,32,LESIONADO,HOMBRE,SCOOTER
2023-05-24 19:31:04,-4.029323,-79.195682,Av. Reinaldo Espinosa,CON_LESIONADOS,Incendio,Falla mecanica,34,LESIONADO,HOMBRE,SCOOTER,,,,,,,,
2023-07-12 10:41:11,-3.999107,-79.218402,Av. Gran Colombia,CON_FALLECIDOS,Colision Multiple,Fatiga del conductor,22,FALLECIDO,NO_REGISTRA,MOTOCICLETA,,,,,,,,
2023-08-29 01:46:08,-4.029347,-79.186440,Calle Azogues,SOLO_DANOS,Colision Multiple,Fatiga del conductor,,,,,,,,,,,,
2023-03-30 13:08:38,-4.032670,-79.207616,Av. 8 de Diciembre,CON_LESIONADOS,Accidente Laboral,Equipo de seguridad deficiente,14,LESIONADO,NO_REGISTRA,CICLISTA,76,LESIONADO,NO_REGISTRA,VEH_LIVIANO,,,,
2023-05-19 20:52:08,-3.977069,-79.224445,Av. Pio Jaramillo,SOLO_DANOS,Caida,Exceso de velocidad,,,,,,,,,,,,
2023-05-18 07:27:59,-3.981949,-79.201214,Calle Saraguro,CON_LESIONADOS,Colision Multiple,Imprudencia del conductor,9,LESIONADO,MUJER,VEH_LIVIANO,,,,,,,,
2023-07-17 05:04:54,-3.985718,-79.176581,Av. Manuel Agustin Aguirre,CON_LESIONADOS,Caida,Inobservancia de senales,39,LESIONADO,NO_REGISTRA,SCOOTER,,,,,,,,
2023-08-14 02:17:38,-4.014589,-79.185818,Calle Colon,CON_FALLECIDOS,Choque Vehicular,Estado de embriaguez,50,FALLECIDO,NO_REGISTRA,CICLISTA,8,LESIONADO,MUJER,PEATON,38,LESIONADO,MUJER,OTRO
2023-07-31 13:25:04,-4.012009,-79.204434,Av. Universitaria,SOLO_DANOS,Incendio,Factores externos,,,,,,,,,,,,
2023-12-04 01:11:45,-3.979472,-79.200644,Av. Rosa Hermosa,CON_FALLECIDOS,Caida,Imprudencia del conductor,28,FALLECIDO,MUJER,MOTOCICLETA,56,FALLECIDO,HOMBRE,SCOOTER,,,,
2023-07-15 20:46:57,-4.003883,-79.176669,Via Loja - Catamayo,CON_LESIONADOS,Incendio,Inobservancia de senales,17,LESIONADO,NO_REGISTRA,SCOOTER,25,LESIONADO,NO_REGISTRA,SCOOTER,,,,
2023-10-06 12:10:45,-4.003209,-79.213365,Calle Sucre,CON_FALLECIDOS,Choque Vehicular,Equipo de seguridad deficiente,75,FALLECIDO,HOMBRE,VEH_LIVIANO,40,LESIONADO,MUJER,MOTOCICLETA,30,LESIONADO,MUJER,MOTOCICLETA
2023-02-13 15:54:21,-3.991650,-79.218459,Av. Manuel Agustin Aguirre,CON_FALLECIDOS,Accidente Laboral,Estado de embriaguez,53,FALLECIDO,MUJER,MOTOCICLETA,23,FALLECIDO,MUJER,VEH_LIVIANO,39,LESIONADO,HOMBRE,PEATON
2023-09-12 16:31:03,-3.993466,-79.196322,Calle Colon,CON_FALLECIDOS,Incendio,Imprudencia del conductor,74,FALLECIDO,NO_REGISTRA,VEH_LIVIANO,32,FALLECIDO,MUJER,VEH_LIVIANO,29,LESIONADO,HOMBRE,MOTOCICLETA
2023-02-05 17:36:40,-4.002123,-79.198465,Calle Mercadillo,CON_LESIONADOS,Colision Multiple,Via resbaladiza o mojada,48,LESIONADO,NO_REGISTRA,CICLISTA,11,LESIONADO,MUJER,CICLISTA,75,LESIONADO,HOMBRE,SCOOTER
2023-09-24 22:46:12,-3.991889,-79.223360,Av. Pio Jaramillo,CON_FALLECIDOS,Accidente Laboral,Inobservancia de senales,83,FALLECIDO,HOMBRE,SCOOTER,36,FALLECIDO,MUJER,SCOOTER,40,LESIONADO,MUJER,SCOOTER
2023-04-20 12:33:48,-3.979393,-79.193894,Ruta 35,SOLO_DANOS,Choque Vehicular,Factores externos,,,,,,,,,,,,
2023-05-21 03:56:00,-3.987813,-79.202136,Calle Rocafuerte,CON_LESIONADOS,Colision Multiple,Via resbaladiza o mojada,26,LESIONADO,MUJER,VEH_LIVIANO,52,LESIONADO,NO_REGISTRA,MOTOCICLETA,,,,
2023-02-22 04:45:35,-4.031010,-79.190408,Calle Imbabura,CON_LESIONADOS,Incendio,Equipo de seguridad deficiente,74,LESIONADO,HOMBRE,VEH_LIVIANO,,,,,,,,
2023-05-18 14:18:52,-4.023388,-79.224272,Av. 8 de Diciembre,CON_FALLECIDOS,Volcamiento,Via resbaladiza o mojada,21,FALLECIDO,NO_REGISTRA,SCOOTER,12,LESIONADO,MUJER,VEH_LIVIANO,,,,
2023-07-22 13:36:07,-3.990599,-79.171152,Calle Miguel Riofrio,SOLO_DANOS,Incendio,Factores externos,60,LESIONADO,MUJER,CICLISTA,,,,,,,,
2023-03-09 21:11:23,-3.998537,-79.195136,Calle Colon,CON_LESIONADOS,Colision Multiple,Inobservancia de senales,24,LESIONADO,MUJER,CICLISTA,,,,,,,,
2023-04-05 03:50:56,-4.019922,-79.214532,Av. Manuel Agustin Aguirre,CON_LESIONADOS,Volcamiento,Mal estado de la via,80,LESIONADO,NO_REGISTRA,SCOOTER,21,LESIONADO,MUJER,PEATON,10,LESIONADO,MUJER,SCOOTER
2023-10-18 01:36:22,-3.987624,-79.172721,Av. Universitaria,SOLO_DANOS,Accidente Laboral,Falla mecanica,,,,,,,,,,,,
2023-10-25 21:34:51,-4.018195,-79.221829,Calle Miguel Riofrio,CON_LESIONADOS,Colision Multiple,Equipo de seguridad deficiente,43,LESIONADO,MUJER,SCOOTER,,,,,,,,
2023-12-31 12:54:33,-4.027993,-79.186163,Calle Quito,SOLO_DANOS,Accidente Laboral,Mal estado de la via,,,,,,,,,,,,
2023-08-15 15:44:58,-3.994106,-79.189584,Calle Mercadillo,CON_FALLECIDOS,Volcamiento,Fatiga del conductor,48,FALLECIDO,MUJER,CICLISTA,32,FALLECIDO,NO_REGISTRA,MOTOCICLETA,,,,
2023-06-03 09:55:09,-4.001622,-79.224705,Calle Azogues,CON_LESIONADOS,Atropellamiento,Factores externos,20,LESIONADO,NO_REGISTRA,CICLISTA,64,LESIONADO,MUJER,OTRO,53,LESIONADO,MUJER,MOTOCICLETA
2023-11-08 12:36:01,-3.997369,-79.213337,Via Loja - Catamayo,SOLO_DANOS,Volcamiento,Inobservancia de senales,,,,,,,,,,,,
2023-09-27 04:28:07,-4.010395,-79.187609,Calle Colon,CON_FALLECIDOS,Volcamiento,Falla mecanica,65,FALLECIDO,MUJER,VEH_LIVIANO,,,,,,,,
2023-01-31 08:01:29,-3.992306,-79.188137,Calle Sucre,SOLO_DANOS,Incendio,Equipo de seguridad deficiente,,,,,,,,,,,,
2023-01-11 03:44:46,-3.985606,-79.193054,Via Loja - Catamayo,SOLO_DANOS,Choque Vehicular,Imprudencia del conductor,,,,,,,,,,,,
2023-03-09 00:22:21,-4.036070,-79.184726,Ruta 35,SOLO_DANOS,Colision Multiple,Factores externos,,,,,,,,,,,,
2023-05-14 08:11:52,-4.002042,-79.187247,Ruta 35,SOLO_DANOS,Choque Vehicular,Distraccion (celular/radio),,,,,,,,,,,,
2023-10-06 21:08:48,-4.009819,-79.226299,Av. Reinaldo Espinosa,CON_FALLECIDOS,Colision Multiple,Inobservancia de senales,53,FALLECIDO,NO_REGISTRA,MOTOCICLETA,85,FALLECIDO,NO_REGISTRA,OTRO,41,LESIONADO,HOMBRE,MOTOCICLETA
2023-10-27 09:22:04,-4.007203,-79.189063,Av. Rosa Hermosa,CON_FALLECIDOS,Atropellamiento,Fatiga del conductor,21,FALLECIDO,HOMBRE,CICLISTA,49,LESIONADO,NO_REGISTRA,MOTOCICLETA,34,LESIONADO,MUJER,VEH_LIVIANO
2023-04-02 03:29:28,-3.977531,-79.177908,Av. 8 de Diciembre,SOLO_DANOS,Volcamiento,Exceso de velocidad,,,,,,,,,,,,
2023-12-26 08:32:33,-4.028277,-79.210773,Calle Bolivar,CON_FALLECIDOS,Volcamiento,Via resbaladiza o mojada,61,FALLECIDO,MUJER,SCOOTER,,,,,,,,
2023-04-21 04:19:02,-4.014487,-79.192019,Calle Quito,SOLO_DANOS,Colision Multiple,Falla mecanica,,,,,,,,,,,,
2023-06-28 13:53:28,-3.987137,-79.174245,Av. Pio Jaramillo,CON_FALLECIDOS,Colision Multiple,Estado de embriaguez,52,FALLECIDO,HOMBRE,PEATON,63,FALLECIDO,MUJER,OTRO,30,LESIONADO,MUJER,CICLISTA
2023-04-27 22:51:23,-4.022489,-79.216628,Via Loja - Catamayo,CON_LESIONADOS,Volcamiento,Mal estado de la via,77,LESIONADO,MUJER,OTRO,,,,,,,,
2023-05-19 06:00:19,-3.987745,-79.190444,Via Loja - Catamayo,SOLO_DANOS,Atropellamiento,Imprudencia del conductor,,,,,,,,,,,,
2023-05-21 17:33:30,-4.010769,-79.219722,Av. Universitaria,CON_FALLECIDOS,Colision Multiple,Imprudencia del conductor,76,FALLECIDO,MUJER,SCOOTER,47,FALLECIDO,HOMBRE,VEH_LIVIANO,,,,
2023-02-25 15:29:24,-4.013741,-79.207363,Calle Ramon Borrero,CON_FALLECIDOS,Accidente Laboral,Factores externos,27,FALLECIDO,HOMBRE,PEATON,85,FALLECIDO,NO_REGISTRA,PEATON,,,,
2023-10-22 12:01:20,-3.998267,-79.188917,Av. 8 de Diciembre,SOLO_DANOS,Choque Vehicular,Falla mecanica,,,,,,,,,,,,
2023-02-24 15:37:08,-4.010177,-79.218497,Calle Miguel Riofrio,SOLO_DANOS,Atropellamiento,Inobservancia de senales,,,,,,,,,,,,
2023-08-19 01:27:03,-4.019417,-79.190907,Calle Bolivar,SOLO_DANOS,Volcamiento,Estado de embriaguez,,,,,,,,,,,,
2023-12-11 03:20:39,-3.985864,-79.172574,Calle Miguel Riofrio,CON_LESIONADOS,Choque Vehicular,Distraccion (celular/radio),10,LESIONADO,MUJER,MOTOCICLETA,24,LESIONADO,MUJER,SCOOTER,47,LESIONADO,MUJER,OTRO
2023-08-25 23:32:03,-4.028459,-79.222768,Calle Rocafuerte,SOLO_DANOS,Atropellamiento,Falla mecanica,,,,,,,,,,,,
2023-01-17 17:24:57,-4.034337,-79.190759,Av. Cuxibamba,CON_LESIONADOS,Atropellamiento,Estado de embriaguez,68,LESIONADO,MUJER,VEH_LIVIANO,12,LESIONADO,MUJER,SCOOTER,56,LESIONADO,MUJER,PEATON
2023-08-26 18:47:30,-4.035500,-79.210034,Calle Azogues,CON_LESIONADOS,Choque Vehicular,Mal estado de la via,35,LESIONADO,NO_REGISTRA,CICLISTA,44,LESIONADO,MUJER,OTRO,,,,
2023-08-02 14:45:09,-4.003136,-79.230692,Calle 18 de Noviembre,CON_LESIONADOS,Accidente Laboral,Distraccion (celular/radio),79,LESIONADO,NO_REGISTRA,PEATON,66,LESIONADO,HOMBRE,PEATON,,,,
2023-07-16 09:42:31,-3.997532,-79.190021,Ruta 35,CON_LESIONADOS,Colision Multiple,Inobservancia de senales,54,LESIONADO,MUJER,OTRO,15,LESIONADO,MUJER,MOTOCICLETA,27,LESIONADO,NO_REGISTRA,CICLISTA
2023-06-27 20:34:05,-4.011616,-79.188705,Via Loja - Zamora,CON_FALLECIDOS,Accidente Laboral,Imprudencia del conductor,21,FALLECIDO,HOMBRE,VEH_LIVIANO,63,FALLECIDO,HOMBRE,VEH_LIVIANO,,,,
2023-01-16 22:00:40,-4.000588,-79.176947,Av. 8 de Diciembre,CON_FALLECIDOS,Incendio,Falla mecanica,27,FALLECIDO,MUJER,PEATON,,,,,,,,
2023-09-19 10:26:57,-3.994452,-79.219585,Ruta 35,SOLO_DANOS,Accidente Laboral,Falla mecanica,17,LESIONADO,MUJER,VEH_LIVIANO,,,,,,,,
2023-08-02 23:58:28,-4.029191,-79.227638,Calle Azogues,SOLO_DANOS,Choque Vehicular,Falla mecanica,,,,,,,,,,,,
2023-08-19 07:16:03,-4.027091,-79.178696,Av. Pio Jaramillo,CON_FALLECIDOS,Caida,Visibilidad reducida,43,FALLECIDO,NO_REGISTRA,PEATON,42,LESIONADO,MUJER,CICLISTA,40,LESIONADO,NO_REGISTRA,CICLISTA
2023-06-19 12:36:37,-4.017949,-79.225099,Av. Cuxibamba,CON_LESIONADOS,Accidente Laboral,Equipo de seguridad deficiente,34,LESIONADO,NO_REGISTRA,MOTOCICLETA,46,LESIONADO,HOMBRE,MOTOCICLETA,39,LESIONADO,MUJER,CICLISTA
2023-05-25 07:42:33,-3.997845,-79.181970,Ruta 35,CON_LESIONADOS,Accidente Laboral,Via resbaladiza o mojada,48,LESIONADO,MUJER,CICLISTA,76,LESIONADO,NO_REGISTRA,SCOOTER,16,LESIONADO,MUJER,CICLISTA
2023-12-09 22:12:33,-3.998045,-79.202487,Av. Orillas del Zamora,CON_FALLECIDOS,Atropellamiento,Factores externos,78,FALLECIDO,MUJER,MOTOCICLETA,82,FALLECIDO,NO_REGISTRA,CICLISTA,39,LESIONADO,HOMBRE,SCOOTER
2023-11-08 22:45:19,-4.013339,-79.210305,Calle Quito,CON_LESIONADOS,Volcamiento,Visibilidad reducida,76,LESIONADO,NO_REGISTRA,CICLISTA,,,,,,,,
2023-06-03 04:14:27,-3.990646,-79.186911,Calle Rocafuerte,CON_FALLECIDOS,Volcamiento,Visibilidad reducida,81,FALLECIDO,NO_REGISTRA,OTRO,59,FALLECIDO,NO_REGISTRA,CICLISTA,,,,
2023-03-21 21:21:50,-3.985497,-79.174118,Calle Azogues,SOLO_DANOS,Accidente Laboral,Via resbaladiza o mojada,,,,,,,,,,,,
2023-06-30 01:00:59,-3.977310,-79.190466,Calle Montufar,CON_FALLECIDOS,Caida,Estado de embriaguez,58,FALLECIDO,HOMBRE,OTRO,,,,,,,,
2023-12-24 12:09:44,-4.024543,-79.198392,Calle 10 de Agosto,CON_LESIONADOS,Volcamiento,Factores externos,76,LESIONADO,MUJER,OTRO,71,LESIONADO,NO_REGISTRA,OTRO,18,LESIONADO,NO_REGISTRA,OTRO