fecha_hora,latitud,longitud,via,grado_severidad,tipo_siniestro,causa_probable,victima1_edad,victima1_condicion,victima1_sexo,victima1_actor_vial,victima2_edad,victima2_condicion,victima2_sexo,victima2_actor_vial,victima3_edad,victima3_condicion,victima3_sexo,victima3_actor_vial
2023-02-14 02:38:52,-3.989088,-79.187970,Av. Orillas del Zamora,CON_FALLECIDOS,Volcamiento,Falla mecanica,32,FALLECIDO,HOMBRE,OTRO,63,LESIONADO,HOMBRE,MOTOCICLETA,30,LESIONADO,NO_REGISTRA,CICLISTA
2023-12-17 15:18:52,-3.981143,-79.193668,Calle 10 de Agosto,CON_FALLECIDOS,Incendio,Factores externos,60,FALLECIDO,NO_REGISTRA,MOTOCICLETA,44,FALLECIDO,HOMBRE,PEATON,,,,
2023-02-15 08:31:08,-4.019294,-79.199287,Calle Mercadillo,CON_LESIONADOS,Caida,Visibilidad reducida,43,LESIONADO,MUJER,SCOOTER,,,,,,,,
2023-02-11 21:36:39,-4.007671,-79.199336,Av. Manuel Agustin Aguirre,CON_FALLECIDOS,Accidente Laboral,Equipo de seguridad deficiente,57,FALLECIDO,MUJER,OTRO,39,FALLECIDO,NO_REGISTRA,MOTOCICLETA,16,LESIONADO,NO_REGISTRA,VEH_LIVIANO
2023-07-14 20:37:02,-4.015295,-79.208533,Av. Cuxibamba,SOLO_DANOS,Caida,Imprudencia del conductor,,,,,,,,,,,,
2023-11-17 18:08:04,-4.033023,-79.203706,Av. 8 de Diciembre,CON_FALLECIDOS,Choque Vehicular,Via resbaladiza o mojada,37,FALLECIDO,HOMBRE,OTRO,37,FALLECIDO,MUJER,MOTOCICLETA,,,,
2023-10-22 01:25:15,-4.015026,-79.174304,Calle Mercadillo,CON_LESIONADOS,Accidente Laboral,Mal estado de la via,45,LESIONADO,HOMBRE,OTRO,68,LESIONADO,MUJER,VEH_LIVIANO,19,LESIONADO,HOMBRE,CICLISTA
2023-04-10 16:46:28,-4.032311,-79.184670,Calle 10 de Agosto,CON_FALLECIDOS,Accidente Laboral,Fatiga del conductor,20,FALLECIDO,MUJER,SCOOTER,,,,,,,,
2023-06-22 13:22:03,-4.019608,-79.196010,Calle Colon,SOLO_DANOS,Accidente Laboral,Mal estado de la via,,,,,,,,,,,,
2023-02-24 07:10:37,-4.025300,-79.210502,Av. Metropolitana,SOLO_DANOS,Colision Multiple,Equipo de seguridad deficiente,,,,,,,,,,,,
2023-01-29 03:10:38,-3.981668,-79.222583,Calle 18 de Noviembre,SOLO_DANOS,Volcamiento,Visibilidad reducida,,,,,,,,,,,,
2023-03-22 08:32:10,-4.026395,-79.174815,Calle Colon,CON_FALLECIDOS,Caida,Imprudencia del conductor,61,FALLECIDO,MUJER,PEATON,60,FALLECIDO,HOMBRE,MOTOCICLETA,73,LESIONADO,MUJER,OTRO
2023-11-06 16:01:11,-4.009297,-79.209700,Via Loja - Zamora,SOLO_DANOS,Choque Vehicular,Equipo de seguridad deficiente,,,,,,,,,,,,
2023-05-09 07:32:56,-3.981295,-79.230028,Calle Mercadillo,CON_LESIONADOS,Choque Vehicular,Visibilidad reducida,21,LESIONADO,HOMBRE,OTRO,,,,,,,,
2023-05-19 14:52:15,-3.982755,-79.191465,Calle Mercadillo,CON_LESIONADOS,Accidente Laboral,Exceso de velocidad,72,LESIONADO,NO_REGISTRA,SCOOTER,32,LESIONADO,HOMBRE,OTRO,46,LESIONADO,NO_REGISTRA,OTRO
2023-03-28 05:17:20,-4.014045,-79.225442,Calle Mercadillo,CON_LESIONADOS,Choque Vehicular,Factores externos,34,LESIONADO,NO_REGISTRA,SCOOTER,,,,,,,,
2023-07-30 14:52:35,-3.987814,-79.174892,Calle Mercadillo,CON_LESIONADOS,Choque Vehicular,Fatiga del conductor,25,LESIONADO,MUJER,SCOOTER,76,LESIONADO,HOMBRE,VEH_LIVIANO,,,,
2023-06-06 14:42:28,-3.983224,-79.214765,Calle Miguel Riofrio,CON_LESIONADOS,Incendio,Distraccion (celular/radio),25,LESIONADO,MUJER,OTRO,77,LESIONADO,MUJER,MOTOCICLETA,74,LESIONADO,MUJER,OTRO
2023-03-09 16:11:36,-3.978647,-79.183528,Calle Imbabura,CON_LESIONADOS,Accidente Laboral,Distraccion (celular/radio),80,LESIONADO,HOMBRE,MOTOCICLETA,,,,,,,,
2023-12-30 02:15:20,-4.020363,-79.178856,Calle Bolivar,CON_FALLECIDOS,Accidente Laboral,Visibilidad reducida,54,FALLECIDO,MUJER,SCOOTER,65,LESIONADO,MUJER,VEH_LIVIANO,14,LESIONADO,HOMBRE,OTRO
2023-01-14 09:25:12,-3.977774,-79.210554,Av. Cuxibamba,CON_LESIONADOS,Incendio,Factores externos,60,LESIONADO,NO_REGISTRA,CICLISTA,6,LESIONADO,MUJER,OTRO,30,LESIONADO,NO_REGISTRA,MOTOCICLETA
2023-12-29 11:38:17,-3.999549,-79.221020,Calle Ramon Borrero,CON_FALLECIDOS,Atropellamiento,Factores externos,59,FALLECIDO,MUJER,PEATON,41,FALLECIDO,HOMBRE,MOTOCICLETA,,,,
2023-11-08 17:17:20,-4.029355,-79.189499,Calle Azogues,CON_LESIONADOS,Choque Vehicular,Visibilidad reducida,60,LESIONADO,HOMBRE,PEATON,26,LESIONADO,NO_REGISTRA,SCOOTER,78,LESIONADO,HOMBRE,OTRO
2023-05-27 16:44:27,-4.031093,-79.171793,Calle Montufar,CON_LESIONADOS,Caida,Equipo de seguridad deficiente,72,LESIONADO,NO_REGISTRA,PEATON,58,LESIONADO,MUJER,SCOOTER,,,,
2023-08-01 09:46:54,-4.008678,-79.211335,Ruta 35,CON_LESIONADOS,Caida,Exceso de velocidad,9,LESIONADO,MUJER,PEATON,6,LESIONADO,HOMBRE,SCOOTER,,,,
2023-08-23 13:54:50,-4.023602,-79.206106,Av. Cuxibamba,SOLO_DANOS,Colision Multiple,Factores externos,,,,,,,,,,,,
2023-07-23 09:22:16,-3.992170,-79.210982,Calle Montufar,SOLO_DANOS,Accidente Laboral,Factores externos,,,,,,,,,,,,
2023-12-14 04:59:11,-4.014524,-79.213693,Av. Reinaldo Espinosa,SOLO_DANOS,Caida,Distraccion (celular/radio),47,LESIONADO,HOMBRE,MOTOCICLETA,,,,,,,,
2023-09-21 02:06:38,-4.007669,-79.197364,Av. Orillas del Zamora,CON_LESIONADOS,Caida,Via resbaladiza o mojada,20,LESIONADO,NO_REGISTRA,MOTOCICLETA,,,,,,,,
2023-01-03 11:00:02,-3.990773,-79.228191,Calle Quito,SOLO_DANOS,Volcamiento,Inobservancia de senales,,,,,,,,,,,,
2023-12-11 22:49:17,-4.000186,-79.220003,Av. Cuxibamba,SOLO_DANOS,Volcamiento,Equipo de seguridad deficiente,,,,,,,,,,,,
2023-03-17 04:36:05,-3.997991,-79.191508,Calle Mercadillo,CON_LESIONADOS,Incendio,Equipo de seguridad deficiente,80,LESIONADO,NO_REGISTRA,MOTOCICLETA,75,LESIONADO,HOMBRE,VEH_LIVIANO,,,,
2023-08-28 12:49:30,-4.002292,-79.230133,Av. Metropolitana,CON_FALLECIDOS,Volcamiento,Exceso de velocidad,50,FALLECIDO,MUJER,PEATON,22,FALLECIDO,HOMBRE,CICLISTA,54,LESIONADO,NO_REGISTRA,MOTOCICLETA
2023-04-30 10:02:04,-4.003123,-79.179633,Calle 10 de Agosto,CON_LESIONADOS,Accidente Laboral,Factores externos,8,LESIONADO,NO_REGISTRA,CICLISTA,,,,,,,,
2023-07-21 13:34:44,-3.979979,-79.184777,Calle Imbabura,SOLO_DANOS,Incendio,Via resbaladiza o mojada,,,,,,,,,,,,
2023-06-15 11:46:20,-4.016968,-79.184585,Calle Bolivar,CON_FALLECIDOS,Atropellamiento,Imprudencia del conductor,59,FALLECIDO,HOMBRE,CICLISTA,66,FALLECIDO,NO_REGISTRA,CICLISTA,53,LESIONADO,NO_REGISTRA,SCOOTER
2023-03-25 10:09:07,-3.996021,-79.175546,Via Loja - Catamayo,SOLO_DANOS,Volcamiento,Mal estado de la via,,,,,,,,,,,,
2023-11-10 00:05:40,-4.035469,-79.208375,Calle Miguel Riofrio,CON_LESIONADOS,Atropellamiento,Mal estado de la via,61,LESIONADO,HOMBRE,PEATON,23,LESIONADO,HOMBRE,OTRO,54,LESIONADO,MUJER,MOTOCICLETA
2023-08-22 13:24:24,-4.008331,-79.220980,Calle Miguel Riofrio,CON_FALLECIDOS,Accidente Laboral,Imprudencia del conductor,51,FALLECIDO,HOMBRE,SCOOTER,,,,,,,,
2023-05-27 08:11:02,-4.002836,-79.206737,Av. Isidro Ayora,CON_LESIONADOS,Choque Vehicular,Equipo de seguridad deficiente,19,LESIONADO,MUJER,OTRO,,,,,,,,
2023-09-20 08:53:35,-3.989812,-79.215145,Via Loja - Catamayo,CON_LESIONADOS,Accidente Laboral,Visibilidad reducida,64,LESIONADO,MUJER,SCOOTER,70,LESIONADO,NO_REGISTRA,SCOOTER,6,LESIONADO,HOMBRE,PEATON
2023-06-06 22:37:05,-4.031192,-79.173291,Av. Gran Colombia,CON_FALLECIDOS,Atropellamiento,Estado de embriaguez,41,FALLECIDO,HOMBRE,OTRO,34,FALLECIDO,HOMBRE,CICLISTA,,,,
2023-01-06 20:11:35,-4.033414,-79.218986,Via Loja - Zamora,SOLO_DANOS,Caida,Via resbaladiza o mojada,,,,,,,,,,,,
2023-11-12 21:30:11,-3.983642,-79.223636,Calle Saraguro,CON_FALLECIDOS,Volcamiento,Via resbaladiza o mojada,63,FALLECIDO,NO_REGISTRA,PEATON,45,FALLECIDO,HOMBRE,MOTOCICLETA,,,,
2023-11-13 18:44:35,-4.026250,-79.212845,Av. Cuxibamba,CON_LESIONADOS,Caida,Equipo de seguridad deficiente,5,LESIONADO,HOMBRE,VEH_LIVIANO,61,LESIONADO,HOMBRE,CICLISTA,50,LESIONADO,NO_REGISTRA,CICLISTA
2023-12-06 20:00:34,-3.989130,-79.196296,Av. Manuel Agustin Aguirre,CON_FALLECIDOS,Caida,Exceso de velocidad,29,FALLECIDO,NO_REGISTRA,OTRO,53,LESIONADO,NO_REGISTRA,VEH_LIVIANO,29,LESIONADO,HOMBRE,CICLISTA
2023-10-18 02:04:42,-3.999648,-79.200426,Calle Quito,SOLO_DANOS,Atropellamiento,Falla mecanica,,,,,,,,,,,,
2023-04-08 21:50:19,-4.028517,-79.186550,Av. Gran Colombia,SOLO_DANOS,Colision Multiple,Fatiga del conductor,,,,,,,,,,,,
2023-02-02 10:42:21,-4.025867,-79.229564,Calle Saraguro,CON_LESIONADOS,Choque Vehicular,Visibilidad reducida,37,LESIONADO,MUJER,MOTOCICLETA,23,LESIONADO,MUJER,SCOOTER,,,,
2023-01-24 13:21:56,-4.014672,-79.207110,Av. Orillas del Zamora,SOLO_DANOS,Atropellamiento,Fatiga del conductor,,,,,,,,,,,,
2023-10-13 09:46:26,-3.997529,-79.207757,Via Loja - Zamora,SOLO_DANOS,Incendio,Visibilidad reducida,,,,,,,,,,,,
2023-08-17 21:30:25,-3.978525,-79.179764,Calle Quito,CON_FALLECIDOS,Accidente Laboral,Inobservancia de senales,65,FALLECIDO,MUJER,CICLISTA,79,LESIONADO,MUJER,CICLISTA,,,,
2023-04-22 22:04:41,-4.003097,-79.225932,Calle Sucre,CON_LESIONADOS,Accidente Laboral,Distraccion (celular/radio),6,LESIONADO,NO_REGISTRA,VEH_LIVIANO,40,LESIONADO,HOMBRE,OTRO,,,,
2023-01-29 03:10:35,-4.004212,-79.178857,Via Loja - Zamora,SOLO_DANOS,Volcamiento,Exceso de velocidad,,,,,,,,,,,,
2023-11-26 15:08:01,-3.982276,-79.229278,Av. Cuxibamba,SOLO_DANOS,Atropellamiento,Mal estado de la via,,,,,,,,,,,,
2023-11-17 07:38:04,-4.002312,-79.201191,Calle Mercadillo,CON_FALLECIDOS,Caida,Estado de embriaguez,40,FALLECIDO,MUJER,OTRO,37,FALLECIDO,MUJER,SCOOTER,,,,
2023-03-08 12:54:40,-3.981525,-79.185388,Calle Rocafuerte,SOLO_DANOS,Incendio,Fatiga del conductor,,,,,,,,,,,,
2023-09-24 05:58:09,-4.012432,-79.183820,Calle 10 de Agosto,CON_FALLECIDOS,Atropellamiento,Imprudencia del conductor,47,FALLECIDO,NO_REGISTRA,PEATON,35,FALLECIDO,NO_REGISTRA,MOTOCICLETA,78,LESIONADO,HOMBRE,OTRO
2023-07-22 18:34:06,-4.031305,-79.216680,Calle Miguel Riofrio,SOLO_DANOS,Volcamiento,Imprudencia del conductor,,,,,,,,,,,,
2023-07-05 08:49:33,-4.033475,-79.184215,Av. Isidro Ayora,SOLO_DANOS,Colision Multiple,Imprudencia del conductor,,,,,,,,,,,,
2023-01-13 06:13:39,-3.998754,-79.177679,Calle Bolivar,SOLO_DANOS,Volcamiento,Distraccion (celular/radio),,,,,,,,,,,,
2023-06-17 20:40:04,-4.002701,-79.207191,Av. Reinaldo Espinosa,CON_LESIONADOS,Volcamiento,Estado de embriaguez,50,LESIONADO,NO_REGISTRA,MOTOCICLETA,35,LESIONADO,HOMBRE,VEH_LIVIANO,17,LESIONADO,NO_REGISTRA,OTRO
2023-08-03 19:34:24,-4.007630,-79.200109,Calle Montufar,CON_FALLECIDOS,Volcamiento,Exceso de velocidad,53,FALLECIDO,NO_REGISTRA,VEH_LIVIANO,21,LESIONADO,NO_REGISTRA,MOTOCICLETA,,,,
2023-07-08 12:51:48,-3.994715,-79.199965,Calle Montufar,CON_FALLECIDOS,Choque Vehicular,Distraccion (celular/radio),62,FALLECIDO,MUJER,CICLISTA,80,FALLECIDO,NO_REGISTRA,OTRO,21,LESIONADO,NO_REGISTRA,CICLISTA
2023-08-27 07:41:55,-3.979362,-79.198833,Calle 10 de Agosto,CON_FALLECIDOS,Incendio,Distraccion (celular/radio),71,FALLECIDO,NO_REGISTRA,CICLISTA,52,FALLECIDO,NO_REGISTRA,VEH_LIVIANO,67,LESIONADO,NO_REGISTRA,CICLISTA
2023-07-07 17:18:31,-3.992653,-79.217916,Av. Cuxibamba,CON_FALLECIDOS,Atropellamiento,Falla mecanica,64,FALLECIDO,NO_REGISTRA,MOTOCICLETA,20,FALLECIDO,MUJER,OTRO,66,LESIONADO,NO_REGISTRA,PEATON
2023-11-23 01:26:25,-4.033309,-79.177089,Calle Imbabura,CON_LESIONADOS,Volcamiento,Distraccion (celular/radio),64,LESIONADO,MUJER,MOTOCICLETA,,,,,,,,
2023-06-03 19:20:48,-4.010719,-79.230544,Av. Gran Colombia,CON_LESIONADOS,Incendio,Inobservancia de senales,54,LESIONADO,HOMBRE,VEH_LIVIANO,12,LESIONADO,NO_REGISTRA,SCOOTER,33,LESIONADO,MUJER,VEH_LIVIANO
2023-06-30 00:40:16,-4.028667,-79.200192,Calle Bolivar,SOLO_DANOS,Incendio,Visibilidad reducida,12,LESIONADO,MUJER,MOTOCICLETA,,,,,,,,
2023-03-08 07:29:42,-4.025601,-79.229996,Calle 10 de Agosto,CON_LESIONADOS,Incendio,Visibilidad reducida,6,LESIONADO,HOMBRE,CICLISTA,,,,,,,,
2023-02-24 14:43:18,-3.993965,-79.204398,Av. Orillas del Zamora,CON_FALLECIDOS,Accidente Laboral,Mal estado de la via,37,FALLECIDO,NO_REGISTRA,OTRO,38,FALLECIDO,HOMBRE,MOTOCICLETA,41,LESIONADO,MUJER,OTRO
2023-08-25 16:48:43,-3.981514,-79.193412,Calle Rocafuerte,CON_FALLECIDOS,Volcamiento,Factores externos,73,FALLECIDO,MUJER,VEH_LIVIANO,68,LESIONADO,NO_REGISTRA,VEH_LIVIANO,,,,
2023-09-06 23:33:07,-4.010529,-79.186866,Av. Cuxibamba,SOLO_DANOS,Volcamiento,Inobservancia de senales,,,,,,,,,,,,
2023-04-28 03:49:48,-3.982643,-79.195965,Av. Orillas del Zamora,SOLO_DANOS,Colision Multiple,Falla mecanica,,,,,,,,,,,,
2023-04-23 13:39:07,-4.019362,-79.173506,Av. Pio Jaramillo,CON_FALLECIDOS,Colision Multiple,Inobservancia de senales,37,FALLECIDO,NO_REGISTRA,SCOOTER,48,LESIONADO,HOMBRE,OTRO,,,,
2023-11-21 16:34:23,-3.996098,-79.220943,Av. Orillas del Zamora,SOLO_DANOS,Colision Multiple,Falla mecanica,,,,,,,,,,,,
2023-10-14 13:25:38,-4.013546,-79.192068,Av. Gran Colombia,CON_FALLECIDOS,Volcamiento,Visibilidad reducida,63,FALLECIDO,HOMBRE,VEH_LIVIANO,69,LESIONADO,HOMBRE,PEATON,43,LESIONADO,HOMBRE,MOTOCICLETA
2023-09-24 14:46:51,-4.006627,-79.205189,Av. Rosa Hermosa,CON_LESIONADOS,Accidente Laboral,Inobservancia de senales,29,LESIONADO,MUJER,MOTOCICLETA,56,LESIONADO,HOMBRE,OTRO,57,LESIONADO,MUJER,OTRO
2023-12-10 02:59:54,-3.981803,-79.174043,Calle Azogues,CON_LESIONADOS,Choque Vehicular,Equipo de seguridad deficiente,72,LESIONADO,MUJER,OTRO,69,LESIONADO,MUJER,CICLISTA,,,,
2023-12-24 09:11:58,-4.025432,-79.207179,Calle Mercadillo,SOLO_DANOS,Incendio,Fatiga del conductor,,,,,,,,,,,,
2023-07-11 07:38:57,-4.004568,-79.223325,Calle Imbabura,CON_LESIONADOS,Accidente Laboral,Mal estado de la via,70,LESIONADO,MUJER,SCOOTER,47,LESIONADO,MUJER,MOTOCICLETA,,,,
2023-04-12 21:04:08,-4.016427,-79.211830,Av. Cuxibamba,CON_FALLECIDOS,Caida,Fatiga del conductor,55,FALLECIDO,HOMBRE,CICLISTA,7,LESIONADO,MUJER,MOTOCICLETA,11,LESIONADO,MUJER,MOTOCICLETA
2023-01-14 19:33:04,-3.997862,-79.211211,Av. Rosa Hermosa,CON_LESIONADOS,Atropellamiento,Via resbaladiza o mojada,41,LESIONADO,HOMBRE,CICLISTA,44,LESIONADO,NO_REGISTRA,SCOOTER,,,,
2023-08-27 13:19:55,-3.999185,-79.196273,Av. 8 de Diciembre,CON_LESIONADOS,Colision Multiple,Factores externos,57,LESIONADO,NO_REGISTRA,SCOOTER,,,,,,,,
2023-05-06 22:52:13,-3.996254,-79.195053,Av. Universitaria,SOLO_DANOS,Atropellamiento,Via resbaladiza o mojada,,,,,,,,,,,,
2023-01-10 16:58:36,-4.014456,-79.223575,Av. Metropolitana,CON_FALLECIDOS,Choque Vehicular,Visibilidad reducida,56,FALLECIDO,MUJER,VEH_LIVIANO,62,LESIONADO,MUJER,MOTOCICLETA,14,LESIONADO,HOMBRE,PEATON
2023-09-28 17:34:35,-4.031312,-79.221449,Calle 18 de Noviembre,SOLO_DANOS,Accidente Laboral,Factores externos,57,LESIONADO,NO_REGISTRA,CICLISTA,,,,,,,,
2023-11-25 20:21:14,-3.988275,-79.171504,Calle Saraguro,CON_FALLECIDOS,Colision Multiple,Estado de embriaguez,45,FALLECIDO,NO_REGISTRA,PEATON,61,FALLECIDO,NO_REGISTRA,CICLISTA,72,LESIONADO,HOMBRE,OTRO
2023-05-10 11:51:49,-3.992228,-79.212410,Calle Rocafuerte,CON_LESIONADOS,Choque Vehicular,Fatiga del conductor,68,LESIONADO,MUJER,PEATON,9,LESIONADO,NO_REGISTRA,CICLISTA,57,LESIONADO,HOMBRE,PEATON
2023-09-19 19:19:28,-4.033109,-79.178079,Av. Rosa Hermosa,CON_FALLECIDOS,Incendio,Factores externos,53,FALLECIDO,MUJER,VEH_LIVIANO,39,FALLECIDO,NO_REGISTRA,PEATON,72,LESIONADO,NO_REGISTRA,OTRO
2023-07-31 23:47:06,-4.028114,-79.174333,Calle Bolivar,SOLO_DANOS,Choque Vehicular,Falla mecanica,,,,,,,,,,,,
2023-12-28 07:50:12,-3.996359,-79.193280,Av. Pio Jaramillo,CON_FALLECIDOS,Colision Multiple,Exceso de velocidad,67,FALLECIDO,HOMBRE,OTRO,83,FALLECIDO,MUJER,CICLISTA,29,LESIONADO,HOMBRE,SCOOTER
2023-11-15 13:55:04,-4.022892,-79.176755,Calle Saraguro,CON_LESIONADOS,Incendio,Visibilidad reducida,31,LESIONADO,MUJER,PEATON,27,LESIONADO,NO_REGISTRA,MOTOCICLETA,,,,
2023-02-21 08:03:32,-4.004742,-79.188819,Calle Miguel Riofrio,SOLO_DANOS,Choque Vehicular,Fatiga del conductor,,,,,,,,,,,,
2023-08-04 05:30:44,-4.022861,-79.207341,Calle Sucre,SOLO_DANOS,Colision Multiple,Via resbaladiza o mojada,,,,,,,,,,,,
2023-04-03 09:26:23,-4.030443,-79.198103,Av. Gran Colombia,CON_LESIONADOS,Atropellamiento,Estado de embriaguez,76,LESIONADO,MUJER,VEH_LIVIANO,,,,,,,,
2023-10-03 05:36:28,-4.010355,-79.171406,Calle Miguel Riofrio,SOLO_DANOS,Incendio,Estado de embriaguez,,,,,,,,,,,,
2023-03-29 06:48:58,-4.031763,-79.171130,Calle Imbabura,CON_FALLECIDOS,Caida,Via resbaladiza o mojada,20,FALLECIDO,MUJER,PEATON,,,,,,,,
2023-10-26 22:27:42,-3.981749,-79.211784,Via Loja - Zamora,CON_LESIONADOS,Volcamiento,Imprudencia del conductor,69,LESIONADO,HOMBRE,MOTOCICLETA,,,,,,,,
2023-09-06 13:45:29,-3.992793,-79.188435,Calle 18 de Noviembre,SOLO_DANOS,Caida,Imprudencia del conductor,,,,,,,,,,,,
2023-05-12 09:56:29,-4.004990,-79.229899,Calle Colon,SOLO_DANOS,Choque Vehicular,Equipo de seguridad deficiente,,,,,,,,,,,,
2023-02-04 14:38:09,-4.027024,-79.217147,Av. Cuxibamba,CON_FALLECIDOS,Incendio,Fatiga del conductor,74,FALLECIDO,HOMBRE,SCOOTER,,,,,,,,
2023-02-28 22:23:10,-4.006291,-79.176196,Av. Pio Jaramillo,SOLO_DANOS,Atropellamiento,Estado de embriaguez,,,,,,,,,,,,
2023-02-06 05:58:15,-3.990927,-79.189993,Calle Miguel Riofrio,SOLO_DANOS,Accidente Laboral,Fatiga del conductor,,,,,,,,,,,,
2023-12-21 23:04:28,-3.993867,-79.185417,Av. Gran Colombia,CON_LESIONADOS,Incendio,Equipo de seguridad deficiente,36,LESIONADO,MUJER,SCOOTER,76,LESIONADO,NO_REGISTRA,CICLISTA,,,,
2023-07-03 04:47:15,-4.025914,-79.183981,Av. Isidro Ayora,CON_LESIONADOS,Caida,Mal estado de la via,42,LESIONADO,NO_REGISTRA,OTRO,15,LESIONADO,MUJER,SCOOTER,,,,
2023-09-03 13:21:00,-4.003751,-79.215297,Calle Imbabura,SOLO_DANOS,Incendio,Estado de embriaguez,,,,,,,,,,,,
2023-07-12 09:20:03,-4.015989,-79.210355,Calle Montufar,SOLO_DANOS,Accidente Laboral,Visibilidad reducida,,,,,,,,,,,,
2023-10-24 03:57:16,-4.035714,-79.208071,Av. Metropolitana,SOLO_DANOS,Colision Multiple,Equipo de seguridad deficiente,,,,,,,,,,,,
2023-12-13 11:32:17,-4.015261,-79.171744,Calle Azogues,CON_FALLECIDOS,Caida,Inobservancia de senales,70,FALLECIDO,NO_REGISTRA,SCOOTER,,,,,,,,
2023-08-15 02:33:41,-4.007907,-79.181106,Calle 18 de Noviembre,CON_LESIONADOS,Atropellamiento,Fatiga del conductor,32,LESIONADO,MUJER,OTRO,,,,,,,,
2023-07-27 18:53:47,-4.010141,-79.196836,Av. Universitaria,CON_FALLECIDOS,Incendio,Mal estado de la via,55,FALLECIDO,HOMBRE,SCOOTER,51,FALLECIDO,HOMBRE,SCOOTER,33,LESIONADO,MUJER,VEH_LIVIANO
2023-06-06 07:36:13,-4.020268,-79.219405,Calle Azogues,CON_LESIONADOS,Atropellamiento,Falla mecanica,13,LESIONADO,HOMBRE,PEATON,,,,,,,,
2023-02-03 23:09:31,-3.992899,-79.181421,Calle Mercadillo,CON_FALLECIDOS,Incendio,Fatiga del conductor,76,FALLECIDO,MUJER,OTRO,,,,,,,,
2023-05-14 18:36:19,-3.982081,-79.209459,Av. Manuel Agustin Aguirre,SOLO_DANOS,Choque Vehicular,Fatiga del conductor,,,,,,,,,,,,
2023-07-13 03:49:02,-4.013825,-79.203503,Calle 10 de Agosto,CON_LESIONADOS,Accidente Laboral,Visibilidad reducida,46,LESIONADO,MUJER,PEATON,30,LESIONADO,NO_REGISTRA,VEH_LIVIANO,71,LESIONADO,HOMBRE,MOTOCICLETA
2023-03-01 02:43:35,-4.011052,-79.220445,Calle Rocafuerte,CON_FALLECIDOS,Incendio,Factores externos,35,FALLECIDO,HOMBRE,CICLISTA,,,,,,,,
2023-03-19 01:37:40,-4.015414,-79.190937,Calle Colon,CON_LESIONADOS,Choque Vehicular,Mal estado de la via,70,LESIONADO,NO_REGISTRA,OTRO,76,LESIONADO,NO_REGISTRA,OTRO,,,,
2023-04-21 13:14:36,-4.009968,-79.179762,Av. Cuxibamba,CON_LESIONADOS,Colision Multiple,Via resbaladiza o mojada,52,LESIONADO,NO_REGISTRA,VEH_LIVIANO,60,LESIONADO,MUJER,VEH_LIVIANO,48,LESIONADO,MUJER,MOTOCICLETA
2023-09-21 02:41:04,-4.018669,-79.194687,Calle 10 de Agosto,CON_LESIONADOS,Choque Vehicular,Via resbaladiza o mojada,70,LESIONADO,NO_REGISTRA,VEH_LIVIANO,,,,,,,,
2023-06-10 21:45:24,-4.021156,-79.227377,Av. Reinaldo Espinosa,CON_FALLECIDOS,Choque Vehicular,Via resbaladiza o mojada,37,FALLECIDO,MUJER,MOTOCICLETA,17,LESIONADO,NO_REGISTRA,PEATON,56,LESIONADO,MUJER,OTRO
2023-10-12 23:15:51,-3.982085,-79.188039,Av. Reinaldo Espinosa,SOLO_DANOS,Accidente Laboral,Factores externos,,,,,,,,,,,,
2023-06-23 04:13:36,-4.012541,-79.180147,Calle Quito,SOLO_DANOS,Caida,Equipo de seguridad deficiente,,,,,,,,,,,,
2023-10-20 02:59:07,-4.021004,-79.229390,Av. Metropolitana,SOLO_DANOS,Incendio,Mal estado de la via,,,,,,,,,,,,
2023-07-16 06:49:20,-3.977669,-79.174464,Calle Mercadillo,SOLO_DANOS,Choque Vehicular,Falla mecanica,,,,,,,,,,,,
2023-04-01 16:09:55,-4.003324,-79.190549,Calle Colon,SOLO_DANOS,Volcamiento,Factores externos,,,,,,,,,,,,
2023-11-12 00:00:30,-3.998323,-79.227532,Av. Manuel Agustin Aguirre,CON_FALLECIDOS,Accidente Laboral,Mal estado de la via,76,FALLECIDO,MUJER,PEATON,20,LESIONADO,HOMBRE,OTRO,23,LESIONADO,HOMBRE,CICLISTA
2023-05-17 21:59:26,-4.008087,-79.180152,Calle Imbabura,SOLO_DANOS,Colision Multiple,Falla mecanica,71,LESIONADO,NO_REGISTRA,PEATON,,,,,,,,
2023-07-30 19:24:08,-4.023182,-79.181895,Calle Rocafuerte,SOLO_DANOS,Incendio,Via resbaladiza o mojada,,,,,,,,,,,,
2023-03-31 12:47:34,-3.988366,-79.195779,Calle Azogues,SOLO_DANOS,Choque Vehicular,Inobservancia de senales,,,,,,,,,,,,
2023-11-17 05:00:39,-3.997315,-79.194720,Ruta 35,CON_FALLECIDOS,Choque Vehicular,Falla mecanica,21,FALLECIDO,HOMBRE,PEATON,33,FALLECIDO,HOMBRE,SCOOTER,29,LESIONADO,NO_REGISTRA,PEATON
2023-09-18 01:28:19,-3.997115,-79.192398,Via Loja - Catamayo,SOLO_DANOS,Incendio,Distraccion (celular/radio),73,LESIONADO,HOMBRE,CICLISTA,,,,,,,,