fecha_hora,latitud,longitud,via,grado_severidad,tipo_siniestro,causa_probable,victima1_edad,victima1_condicion,victima1_sexo,victima1_actor_vial,victima2_edad,victima2_condicion,victima2_sexo,victima2_actor_vial,victima3_edad,victima3_condicion,victima3_sexo,victima3_actor_vial
2023-05-06 04:06:43,-4.028948,-79.190366,Calle Imbabura,SOLO_DANOS,Atropellamiento,Inobservancia de senales,,,,,,,,,,,,
2023-06-19 13:18:49,-4.000068,-79.230688,Av. Gran Colombia,CON_LESIONADOS,Incendio,Inobservancia de senales,19,LESIONADO,MUJER,PEATON,45,LESIONADO,HOMBRE,CICLISTA,63,LESIONADO,NO_REGISTRA,SCOOTER
2023-09-23 22:32:23,-4.004127,-79.178849,Av. Universitaria,CON_FALLECIDOS,Choque Vehicular,Distraccion (celular/radio),79,FALLECIDO,NO_REGISTRA,VEH_LIVIANO,55,LESIONADO,MUJER,MOTOCICLETA,,,,
2023-05-30 15:34:49,-4.023888,-79.187485,Via Loja - Zamora,CON_LESIONADOS,Caida,Distraccion (celular/radio),5,LESIONADO,NO_REGISTRA,CICLISTA,56,LESIONADO,NO_REGISTRA,PEATON,,,,
2023-08-11 03:54:05,-4.012075,-79.213435,Av. Cuxibamba,CON_FALLECIDOS,Incendio,Imprudencia del conductor,18,FALLECIDO,HOMBRE,MOTOCICLETA,31,LESIONADO,MUJER,VEH_LIVIANO,,,,
2023-05-06 16:27:09,-4.021289,-79.213838,Calle Azogues,CON_FALLECIDOS,Accidente Laboral,Falla mecanica,21,FALLECIDO,MUJER,MOTOCICLETA,,,,,,,,
2023-12-23 09:39:26,-4.012151,-79.174348,Calle Mercadillo,CON_LESIONADOS,Choque Vehicular,Exceso de velocidad,24,LESIONADO,NO_REGISTRA,VEH_LIVIANO,74,LESIONADO,NO_REGISTRA,SCOOTER,32,LESIONADO,MUJER,MOTOCICLETA
2023-10-27 14:19:03,-3.992414,-79.190446,Av. Manuel Agustin Aguirre,CON_FALLECIDOS,Colision Multiple,Exceso de velocidad,28,FALLECIDO,HOMBRE,SCOOTER,32,LESIONADO,NO_REGISTRA,SCOOTER,,,,
2023-01-21 11:54:12,-4.020761,-79.187569,Av. Orillas del Zamora,CON_LESIONADOS,Choque Vehicular,Fatiga del conductor,6,LESIONADO,NO_REGISTRA,VEH_LIVIANO,,,,,,,,
2023-11-05 20:56:24,-4.003679,-79.198596,Calle Sucre,CON_FALLECIDOS,Colision Multiple,Fatiga del conductor,59,FALLECIDO,NO_REGISTRA,CICLISTA,28,FALLECIDO,NO_REGISTRA,CICLISTA,79,LESIONADO,HOMBRE,VEH_LIVIANO
2023-11-17 19:31:43,-3.982104,-79.198058,Av. Pio Jaramillo,SOLO_DANOS,Volcamiento,Equipo de seguridad deficiente,,,,,,,,,,,,
2023-03-16 00:32:02,-3.992104,-79.171182,Av. Orillas del Zamora,SOLO_DANOS,Colision Multiple,Mal estado de la via,63,LESIONADO,MUJER,MOTOCICLETA,,,,,,,,
2023-11-27 18:18:05,-4.020447,-79.201597,Calle Azogues,SOLO_DANOS,Colision Multiple,Visibilidad reducida,,,,,,,,,,,,
2023-06-02 13:30:39,-4.018085,-79.178638,Av. Pio Jaramillo,SOLO_DANOS,Choque Vehicular,Inobservancia de senales,,,,,,,,,,,,
2023-06-19 18:10:23,-4.015117,-79.186643,Calle Miguel Riofrio,CON_LESIONADOS,Incendio,Falla mecanica,33,LESIONADO,MUJER,MOTOCICLETA,6,LESIONADO,NO_REGISTRA,PEATON,,,,
2023-04-29 04:42:47,-4.021355,-79.230929,Av. Manuel Agustin Aguirre,CON_FALLECIDOS,Colision Multiple,Imprudencia del conductor,61,FALLECIDO,HOMBRE,VEH_LIVIANO,16,LESIONADO,NO_REGISTRA,PEATON,47,LESIONADO,HOMBRE,VEH_LIVIANO
2023-07-20 00:57:59,-3.979665,-79.230831,Via Loja - Zamora,SOLO_DANOS,Accidente Laboral,Factores externos,,,,,,,,,,,,
2023-06-24 01:47:04,-3.977704,-79.180089,Av. Cuxibamba,SOLO_DANOS,Volcamiento,Estado de embriaguez,18,LESIONADO,NO_REGISTRA,OTRO,,,,,,,,
2023-04-08 04:02:02,-4.018214,-79.230147,Calle Sucre,CON_LESIONADOS,Atropellamiento,Inobservancia de senales,24,LESIONADO,MUJER,PEATON,18,LESIONADO,HOMBRE,CICLISTA,7,LESIONADO,NO_REGISTRA,OTRO
2023-09-20 21:47:13,-4.007139,-79.205735,Calle Saraguro,CON_FALLECIDOS,Caida,Imprudencia del conductor,70,FALLECIDO,HOMBRE,MOTOCICLETA,51,FALLECIDO,NO_REGISTRA,VEH_LIVIANO,,,,
2023-03-27 13:11:57,-4.026515,-79.191432,Calle Bolivar,CON_FALLECIDOS,Atropellamiento,Factores externos,60,FALLECIDO,MUJER,CICLISTA,68,FALLECIDO,NO_REGISTRA,PEATON,33,LESIONADO,NO_REGISTRA,MOTOCICLETA
2023-05-07 16:34:17,-4.024349,-79.200581,Via Loja - Catamayo,CON_LESIONADOS,Volcamiento,Fatiga del conductor,63,LESIONADO,NO_REGISTRA,VEH_LIVIANO,80,LESIONADO,MUJER,CICLISTA,,,,
2023-02-09 06:52:26,-4.019405,-79.216368,Av. Metropolitana,CON_FALLECIDOS,Accidente Laboral,Factores externos,72,FALLECIDO,HOMBRE,SCOOTER,47,FALLECIDO,HOMBRE,MOTOCICLETA,,,,
2023-03-19 23:25:16,-3.999406,-79.187147,Av. Universitaria,CON_LESIONADOS,Colision Multiple,Estado de embriaguez,5,LESIONADO,HOMBRE,VEH_LIVIANO,13,LESIONADO,NO_REGISTRA,CICLISTA,,,,
2023-08-20 15:17:32,-3.979795,-79.173776,Calle Colon,CON_FALLECIDOS,Atropellamiento,Factores externos,24,FALLECIDO,MUJER,CICLISTA,61,LESIONADO,NO_REGISTRA,VEH_LIVIANO,13,LESIONADO,NO_REGISTRA,MOTOCICLETA
2023-02-17 00:22:03,-4.011554,-79.220281,Calle Miguel Riofrio,SOLO_DANOS,Incendio,Falla mecanica,,,,,,,,,,,,
2023-08-08 11:37:50,-4.027239,-79.187789,Calle Montufar,CON_FALLECIDOS,Volcamiento,Visibilidad reducida,57,FALLECIDO,NO_REGISTRA,SCOOTER,72,LESIONADO,MUJER,VEH_LIVIANO,14,LESIONADO,MUJER,OTRO
2023-12-13 14:58:57,-4.002638,-79.223132,Calle Mercadillo,CON_FALLECIDOS,Caida,Inobservancia de senales,59,FALLECIDO,MUJER,OTRO,,,,,,,,
2023-05-20 07:10:50,-4.014533,-79.179699,Av. Reinaldo Espinosa,CON_LESIONADOS,Choque Vehicular,Factores externos,46,LESIONADO,HOMBRE,PEATON,57,LESIONADO,NO_REGISTRA,VEH_LIVIANO,11,LESIONADO,HOMBRE,OTRO
2023-01-30 18:59:56,-4.012328,-79.176803,Av. Metropolitana,CON_FALLECIDOS,Atropellamiento,Fatiga del conductor,72,FALLECIDO,HOMBRE,PEATON,,,,,,,,
2023-04-09 09:19:29,-4.008880,-79.193048,Av. Orillas del Zamora,CON_LESIONADOS,Atropellamiento,Fatiga del conductor,68,LESIONADO,NO_REGISTRA,CICLISTA,43,LESIONADO,HOMBRE,CICLISTA,,,,
2023-07-30 04:27:46,-4.025255,-79.179137,Av. Rosa Hermosa,CON_LESIONADOS,Colision Multiple,Estado de embriaguez,35,LESIONADO,MUJER,SCOOTER,48,LESIONADO,HOMBRE,PEATON,,,,
2023-08-25 15:27:29,-4.036967,-79.209528,Av. Isidro Ayora,SOLO_DANOS,Caida,Mal estado de la via,,,,,,,,,,,,
2023-02-23 16:04:46,-4.019044,-79.194203,Av. Metropolitana,SOLO_DANOS,Volcamiento,Fatiga del conductor,,,,,,,,,,,,
2023-08-05 17:35:42,-4.024373,-79.201653,Calle Mercadillo,CON_LESIONADOS,Caida,Distraccion (celular/radio),43,LESIONADO,MUJER,CICLISTA,44,LESIONADO,MUJER,SCOOTER,79,LESIONADO,HOMBRE,MOTOCICLETA
2023-02-06 20:25:16,-3.981456,-79.180829,Av. Reinaldo Espinosa,CON_FALLECIDOS,Choque Vehicular,Equipo de seguridad deficiente,38,FALLECIDO,HOMBRE,PEATON,,,,,,,,
2023-01-08 09:41:43,-4.026410,-79.202494,Calle Imbabura,CON_FALLECIDOS,Accidente Laboral,Mal estado de la via,20,FALLECIDO,HOMBRE,CICLISTA,31,LESIONADO,MUJER,MOTOCICLETA,80,LESIONADO,MUJER,OTRO
2023-01-19 06:24:37,-4.014711,-79.201815,Ruta 35,CON_FALLECIDOS,Caida,Via resbaladiza o mojada,27,FALLECIDO,HOMBRE,MOTOCICLETA,26,FALLECIDO,MUJER,CICLISTA,,,,
2023-03-10 13:10:09,-4.009576,-79.202039,Calle Azogues,SOLO_DANOS,Incendio,Mal estado de la via,46,LESIONADO,MUJER,CICLISTA,,,,,,,,
2023-02-04 14:17:33,-4.034492,-79.214520,Calle Quito,SOLO_DANOS,Choque Vehicular,Falla mecanica,,,,,,,,,,,,
2023-04-28 15:59:42,-4.027738,-79.212914,Av. Orillas del Zamora,CON_LESIONADOS,Colision Multiple,Exceso de velocidad,28,LESIONADO,NO_REGISTRA,CICLISTA,,,,,,,,
2023-04-09 06:22:00,-4.006703,-79.221761,Calle Mercadillo,CON_FALLECIDOS,Incendio,Imprudencia del conductor,49,FALLECIDO,HOMBRE,SCOOTER,47,FALLECIDO,MUJER,SCOOTER,70,LESIONADO,MUJER,SCOOTER
2023-09-06 14:39:20,-3.994706,-79.185144,Av. Isidro Ayora,CON_FALLECIDOS,Volcamiento,Falla mecanica,29,FALLECIDO,MUJER,PEATON,68,FALLECIDO,NO_REGISTRA,SCOOTER,63,LESIONADO,HOMBRE,OTRO
2023-09-14 09:21:49,-4.030347,-79.177739,Calle Montufar,CON_LESIONADOS,Incendio,Distraccion (celular/radio),69,LESIONADO,MUJER,CICLISTA,,,,,,,,
2023-07-04 07:09:15,-4.006604,-79.171794,Calle Saraguro,CON_LESIONADOS,Volcamiento,Inobservancia de senales,10,LESIONADO,MUJER,SCOOTER,,,,,,,,
2023-06-20 05:42:29,-4.029605,-79.191518,Av. Isidro Ayora,SOLO_DANOS,Caida,Fatiga del conductor,,,,,,,,,,,,
2023-02-06 07:58:39,-4.011042,-79.212136,Av. Isidro Ayora,SOLO_DANOS,Choque Vehicular,Mal estado de la via,,,,,,,,,,,,
2023-05-03 17:40:19,-4.026772,-79.201639,Calle 10 de Agosto,SOLO_DANOS,Colision Multiple,Estado de embriaguez,,,,,,,,,,,,
2023-11-30 15:09:44,-4.032195,-79.227740,Av. 8 de Diciembre,CON_FALLECIDOS,Choque Vehicular,Via resbaladiza o mojada,80,FALLECIDO,MUJER,MOTOCICLETA,36,FALLECIDO,MUJER,VEH_LIVIANO,,,,
2023-11-24 04:08:14,-4.036430,-79.171387,Calle Rocafuerte,CON_LESIONADOS,Choque Vehicular,Factores externos,63,LESIONADO,MUJER,PEATON,45,LESIONADO,HOMBRE,PEATON,16,LESIONADO,NO_REGISTRA,VEH_LIVIANO
2023-06-24 01:17:01,-4.032121,-79.225054,Av. Orillas del Zamora,SOLO_DANOS,Volcamiento,Inobservancia de senales,,,,,,,,,,,,
2023-05-11 09:55:05,-3.997501,-79.207760,Calle Quito,CON_FALLECIDOS,Caida,Imprudencia del conductor,51,FALLECIDO,HOMBRE,MOTOCICLETA,56,FALLECIDO,HOMBRE,OTRO,,,,
2023-10-20 00:04:10,-4.005658,-79.191882,Calle Sucre,CON_FALLECIDOS,Volcamiento,Estado de embriaguez,57,FALLECIDO,NO_REGISTRA,MOTOCICLETA,41,FALLECIDO,MUJER,PEATON,78,LESIONADO,MUJER,PEATON
2023-10-03 19:52:52,-3.981822,-79.209803,Calle Rocafuerte,SOLO_DANOS,Accidente Laboral,Inobservancia de senales,,,,,,,,,,,,
2023-07-20 00:26:11,-4.015645,-79.187843,Calle Imbabura,CON_LESIONADOS,Caida,Mal estado de la via,46,LESIONADO,HOMBRE,VEH_LIVIANO,16,LESIONADO,NO_REGISTRA,VEH_LIVIANO,59,LESIONADO,MUJER,MOTOCICLETA
2023-05-26 22:28:47,-4.005042,-79.188799,Calle Montufar,CON_LESIONADOS,Accidente Laboral,Equipo de seguridad deficiente,23,LESIONADO,HOMBRE,CICLISTA,14,LESIONADO,HOMBRE,PEATON,21,LESIONADO,MUJER,PEATON
2023-08-16 01:53:18,-4.007165,-79.206331,Calle 18 de Noviembre,CON_LESIONADOS,Incendio,Equipo de seguridad deficiente,26,LESIONADO,MUJER,MOTOCICLETA,76,LESIONADO,NO_REGISTRA,PEATON,,,,
2023-12-09 07:43:25,-4.007495,-79.222756,Calle Miguel Riofrio,SOLO_DANOS,Choque Vehicular,Distraccion (celular/radio),,,,,,,,,,,,
2023-09-28 15:59:59,-4.027744,-79.197458,Av. Universitaria,SOLO_DANOS,Caida,Fatiga del conductor,,,,,,,,,,,,
2023-08-11 03:17:39,-4.031195,-79.195426,Av. Manuel Agustin Aguirre,CON_FALLECIDOS,Caida,Via resbaladiza o mojada,82,FALLECIDO,NO_REGISTRA,MOTOCICLETA,70,LESIONADO,HOMBRE,SCOOTER,,,,
2023-05-20 21:12:38,-3.996295,-79.202354,Av. Gran Colombia,CON_FALLECIDOS,Atropellamiento,Inobservancia de senales,26,FALLECIDO,HOMBRE,MOTOCICLETA,,,,,,,,
2023-03-19 01:57:53,-4.009667,-79.219853,Calle Montufar,CON_LESIONADOS,Choque Vehicular,Factores externos,27,LESIONADO,MUJER,SCOOTER,72,LESIONADO,NO_REGISTRA,SCOOTER,26,LESIONADO,MUJER,SCOOTER
2023-03-09 07:21:27,-3.989032,-79.192966,Calle Colon,CON_FALLECIDOS,Volcamiento,Distraccion (celular/radio),80,FALLECIDO,NO_REGISTRA,CICLISTA,26,LESIONADO,NO_REGISTRA,SCOOTER,13,LESIONADO,NO_REGISTRA,PEATON
2023-01-14 05:53:26,-4.003064,-79.223066,Av. Cuxibamba,SOLO_DANOS,Atropellamiento,Fatiga del conductor,,,,,,,,,,,,
2023-12-26 23:22:46,-4.012946,-79.177140,Calle Ramon Borrero,SOLO_DANOS,Colision Multiple,Distraccion (celular/radio),23,LESIONADO,HOMBRE,CICLISTA,,,,,,,,
2023-04-01 02:48:34,-4.014461,-79.230809,Via Loja - Zamora,CON_FALLECIDOS,Volcamiento,Visibilidad reducida,46,FALLECIDO,MUJER,SCOOTER,63,LESIONADO,MUJER,MOTOCICLETA,,,,
2023-11-02 07:34:35,-4.021421,-79.204231,Calle Mercadillo,CON_LESIONADOS,Incendio,Distraccion (celular/radio),6,LESIONADO,NO_REGISTRA,CICLISTA,34,LESIONADO,HOMBRE,VEH_LIVIANO,32,LESIONADO,NO_REGISTRA,VEH_LIVIANO
2023-01-21 00:23:53,-3.994666,-79.221588,Av. Universitaria,SOLO_DANOS,Incendio,Exceso de velocidad,,,,,,,,,,,,
2023-10-28 13:19:22,-4.001161,-79.193537,Av. Cuxibamba,CON_LESIONADOS,Caida,Factores externos,77,LESIONADO,HOMBRE,CICLISTA,,,,,,,,
2023-04-15 03:14:09,-4.015839,-79.189761,Av. Rosa Hermosa,SOLO_DANOS,Incendio,Equipo de seguridad deficiente,,,,,,,,,,,,
2023-11-14 09:40:11,-4.018796,-79.180972,Calle Montufar,CON_LESIONADOS,Colision Multiple,Falla mecanica,37,LESIONADO,MUJER,OTRO,,,,,,,,
2023-06-26 09:53:55,-3.995220,-79.201739,Calle Saraguro,SOLO_DANOS,Incendio,Fatiga del conductor,,,,,,,,,,,,
2023-01-06 11:45:40,-4.028376,-79.202683,Calle Colon,SOLO_DANOS,Choque Vehicular,Visibilidad reducida,,,,,,,,,,,,
2023-05-13 19:34:49,-3.985182,-79.176598,Av. Gran Colombia,CON_LESIONADOS,Caida,Visibilidad reducida,68,LESIONADO,NO_REGISTRA,CICLISTA,36,LESIONADO,NO_REGISTRA,MOTOCICLETA,25,LESIONADO,NO_REGISTRA,PEATON
2023-12-09 11:30:16,-4.006365,-79.187081,Av. Isidro Ayora,CON_FALLECIDOS,Choque Vehicular,Visibilidad reducida,84,FALLECIDO,MUJER,SCOOTER,41,FALLECIDO,HOMBRE,CICLISTA,15,LESIONADO,NO_REGISTRA,OTRO
2023-11-11 06:23:52,-4.004763,-79.217029,Av. Cuxibamba,CON_FALLECIDOS,Incendio,Falla mecanica,29,FALLECIDO,HOMBRE,MOTOCICLETA,50,LESIONADO,MUJER,PEATON,,,,
2023-06-24 00:09:32,-3.977018,-79.208966,Via Loja - Zamora,SOLO_DANOS,Caida,Factores externos,,,,,,,,,,,,
2023-06-02 01:01:05,-4.025537,-79.208798,Av. Isidro Ayora,CON_FALLECIDOS,Caida,Estado de embriaguez,79,FALLECIDO,HOMBRE,VEH_LIVIANO,27,LESIONADO,NO_REGISTRA,OTRO,5,LESIONADO,MUJER,PEATON
2023-12-31 20:31:21,-3.978115,-79.191059,Calle Bolivar,CON_FALLECIDOS,Accidente Laboral,Visibilidad reducida,56,FALLECIDO,NO_REGISTRA,SCOOTER,8,LESIONADO,NO_REGISTRA,SCOOTER,,,,
2023-05-31 01:01:46,-4.031451,-79.206981,Via Loja - Zamora,SOLO_DANOS,Atropellamiento,Equipo de seguridad deficiente,,,,,,,,,,,,
2023-03-18 17:30:09,-4.008493,-79.200276,Calle Colon,SOLO_DANOS,Accidente Laboral,Mal estado de la via,,,,,,,,,,,,
2023-01-24 12:48:20,-3.996919,-79.194716,Calle Montufar,CON_LESIONADOS,Choque Vehicular,Factores externos,67,LESIONADO,NO_REGISTRA,SCOOTER,44,LESIONADO,NO_REGISTRA,MOTOCICLETA,25,LESIONADO,MUJER,SCOOTER
2023-07-22 16:54:38,-4.000988,-79.173290,Av. Rosa Hermosa,CON_LESIONADOS,Incendio,Visibilidad reducida,40,LESIONADO,HOMBRE,PEATON,,,,,,,,
2023-06-08 23:28:44,-4.022396,-79.181323,Via Loja - Catamayo,CON_FALLECIDOS,Caida,Visibilidad reducida,49,FALLECIDO,NO_REGISTRA,PEATON,,,,,,,,
2023-11-02 16:18:48,-3.982086,-79.229493,Calle 10 de Agosto,CON_LESIONADOS,Colision Multiple,Estado de embriaguez,29,LESIONADO,MUJER,PEATON,19,LESIONADO,NO_REGISTRA,MOTOCICLETA,63,LESIONADO,MUJER,CICLISTA
2023-08-25 21:57:52,-4.016190,-79.207764,Calle Sucre,CON_LESIONADOS,Atropellamiento,Visibilidad reducida,77,LESIONADO,NO_REGISTRA,SCOOTER,,,,,,,,
2023-01-19 14:31:21,-3.977544,-79.189756,Av. Pio Jaramillo,CON_FALLECIDOS,Colision Multiple,Distraccion (celular/radio),84,FALLECIDO,MUJER,SCOOTER,68,FALLECIDO,HOMBRE,MOTOCICLETA,,,,
2023-12-10 17:12:09,-4.010395,-79.187171,Via Loja - Zamora,SOLO_DANOS,Colision Multiple,Exceso de velocidad,45,LESIONADO,HOMBRE,PEATON,,,,,,,,
2023-03-20 23:03:45,-4.022506,-79.179434,Calle Montufar,SOLO_DANOS,Atropellamiento,Distraccion (celular/radio),,,,,,,,,,,,
2023-09-21 22:12:38,-3.986186,-79.187478,Calle 18 de Noviembre,SOLO_DANOS,Colision Multiple,Factores externos,,,,,,,,,,,,
2023-09-02 09:14:12,-3.989682,-79.190762,Calle Ramon Borrero,SOLO_DANOS,Choque Vehicular,Visibilidad reducida,,,,,,,,,,,,
2023-03-11 05:28:31,-4.010977,-79.213128,Calle Azogues,CON_FALLECIDOS,Atropellamiento,Visibilidad reducida,77,FALLECIDO,HOMBRE,SCOOTER,62,LESIONADO,NO_REGISTRA,CICLISTA,,,,
2023-07-27 23:54:46,-4.030543,-79.197829,Av. Orillas del Zamora,CON_LESIONADOS,Choque Vehicular,Via resbaladiza o mojada,77,LESIONADO,MUJER,PEATON,,,,,,,,
2023-04-20 05:01:31,-4.027415,-79.175100,Calle Bolivar,CON_FALLECIDOS,Atropellamiento,Distraccion (celular/radio),63,FALLECIDO,MUJER,OTRO,13,LESIONADO,HOMBRE,CICLISTA,16,LESIONADO,MUJER,SCOOTER
2023-03-29 18:09:42,-3.984635,-79.207717,Av. Universitaria,CON_FALLECIDOS,Accidente Laboral,Equipo de seguridad deficiente,79,FALLECIDO,NO_REGISTRA,PEATON,,,,,,,,
2023-06-05 01:25:21,-4.015725,-79.229406,Calle Imbabura,CON_FALLECIDOS,Colision Multiple,Estado de embriaguez,72,FALLECIDO,NO_REGISTRA,SCOOTER,55,FALLECIDO,MUJER,CICLISTA,26,LESIONADO,HOMBRE,MOTOCICLETA
2023-01-05 11:52:21,-3.981212,-79.213894,Calle Azogues,CON_LESIONADOS,Atropellamiento,Inobservancia de senales,49,LESIONADO,HOMBRE,PEATON,39,LESIONADO,NO_REGISTRA,CICLISTA,,,,
2023-09-07 02:22:25,-4.018289,-79.192168,Av. 8 de Diciembre,SOLO_DANOS,Accidente Laboral,Inobservancia de senales,,,,,,,,,,,,
2023-10-11 23:34:39,-4.014168,-79.193643,Calle Sucre,CON_LESIONADOS,Choque Vehicular,Via resbaladiza o mojada,41,LESIONADO,MUJER,MOTOCICLETA,15,LESIONADO,NO_REGISTRA,SCOOTER,,,,
2023-02-12 20:25:47,-4.025995,-79.173765,Ruta 35,CON_FALLECIDOS,Colision Multiple,Falla mecanica,70,FALLECIDO,MUJER,SCOOTER,71,LESIONADO,MUJER,OTRO,37,LESIONADO,MUJER,SCOOTER
2023-12-09 03:56:36,-3.998762,-79.218048,Calle Rocafuerte,CON_FALLECIDOS,Atropellamiento,Exceso de velocidad,36,FALLECIDO,HOMBRE,VEH_LIVIANO,57,FALLECIDO,MUJER,PEATON,71,LESIONADO,HOMBRE,VEH_LIVIANO
2023-02-19 17:52:48,-3.995681,-79.187899,Via Loja - Catamayo,SOLO_DANOS,Volcamiento,Via resbaladiza o mojada,,,,,,,,,,,,
2023-04-01 01:59:07,-4.026247,-79.216094,Av. Gran Colombia,SOLO_DANOS,Accidente Laboral,Via resbaladiza o mojada,,,,,,,,,,,,
2023-12-24 03:21:17,-4.028911,-79.188986,Av. Orillas del Zamora,CON_LESIONADOS,Accidente Laboral,Imprudencia del conductor,32,LESIONADO,MUJER,MOTOCICLETA,69,LESIONADO,HOMBRE,OTRO,22,LESIONADO,NO_REGISTRA,OTRO
2023-10-02 01:22:16,-4.029679,-79.204908,Calle Colon,CON_LESIONADOS,Colision Multiple,Estado de embriaguez,28,LESIONADO,HOMBRE,CICLISTA,55,LESIONADO,HOMBRE,PEATON,,,,
2023-04-04 20:27:06,-4.031653,-79.190663,Av. Gran Colombia,CON_FALLECIDOS,Atropellamiento,Factores externos,36,FALLECIDO,MUJER,SCOOTER,62,FALLECIDO,MUJER,OTRO,,,,
2023-08-13 22:14:10,-4.019889,-79.189550,Calle Saraguro,CON_LESIONADOS,Accidente Laboral,Fatiga del conductor,45,LESIONADO,HOMBRE,CICLISTA,57,LESIONADO,NO_REGISTRA,OTRO,,,,
2023-04-12 13:04:14,-4.007263,-79.204627,Av. Cuxibamba,CON_LESIONADOS,Caida,Via resbaladiza o mojada,36,LESIONADO,HOMBRE,MOTOCICLETA,39,LESIONADO,MUJER,CICLISTA,,,,
2023-04-26 20:15:51,-4.002723,-79.190299,Ruta 35,CON_FALLECIDOS,Volcamiento,Mal estado de la via,71,FALLECIDO,NO_REGISTRA,PEATON,52,FALLECIDO,MUJER,MOTOCICLETA,78,LESIONADO,MUJER,MOTOCICLETA
2023-08-14 09:15:05,-3.986744,-79.212808,Calle Mercadillo,SOLO_DANOS,Caida,Inobservancia de senales,,,,,,,,,,,,
2023-06-30 07:14:52,-4.013394,-79.176668,Calle Montufar,CON_LESIONADOS,Caida,Imprudencia del conductor,17,LESIONADO,MUJER,SCOOTER,,,,,,,,
2023-12-04 12:49:43,-3.988712,-79.206919,Av. Cuxibamba,CON_LESIONADOS,Colision Multiple,Mal estado de la via,16,LESIONADO,MUJER,VEH_LIVIANO,49,LESIONADO,MUJER,OTRO,,,,
2023-11-28 00:02:01,-3.993754,-79.178881,Ruta 35,CON_FALLECIDOS,Atropellamiento,Via resbaladiza o mojada,39,FALLECIDO,NO_REGISTRA,MOTOCICLETA,24,FALLECIDO,HOMBRE,PEATON,71,LESIONADO,MUJER,VEH_LIVIANO
2023-02-02 14:32:29,-4.000630,-79.212183,Av. Reinaldo Espinosa,SOLO_DANOS,Volcamiento,Equipo de seguridad deficiente,59,LESIONADO,HOMBRE,MOTOCICLETA,,,,,,,,
2023-01-03 12:53:35,-3.994996,-79.201693,Calle Imbabura,CON_LESIONADOS,Colision Multiple,Visibilidad reducida,25,LESIONADO,HOMBRE,OTRO,10,LESIONADO,NO_REGISTRA,SCOOTER,69,LESIONADO,NO_REGISTRA,PEATON
2023-05-24 00:19:12,-4.024216,-79.200182,Calle Azogues,CON_FALLECIDOS,Volcamiento,Falla mecanica,41,FALLECIDO,HOMBRE,PEATON,27,FALLECIDO,MUJER,PEATON,62,LESIONADO,NO_REGISTRA,PEATON
2023-07-06 17:59:20,-4.013459,-79.219668,Calle 10 de Agosto,SOLO_DANOS,Volcamiento,Factores externos,,,,,,,,,,,,
2023-07-13 02:59:43,-3.998944,-79.225235,Av. Rosa Hermosa,CON_FALLECIDOS,Atropellamiento,Equipo de seguridad deficiente,81,FALLECIDO,NO_REGISTRA,CICLISTA,53,LESIONADO,NO_REGISTRA,SCOOTER,23,LESIONADO,MUJER,CICLISTA
2023-08-26 11:09:10,-4.027524,-79.203325,Av. Reinaldo Espinosa,CON_FALLECIDOS,Accidente Laboral,Factores externos,29,FALLECIDO,MUJER,OTRO,18,FALLECIDO,HOMBRE,MOTOCICLETA,51,LESIONADO,NO_REGISTRA,SCOOTER
2023-01-14 04:31:46,-4.031400,-79.226623,Av. Reinaldo Espinosa,CON_LESIONADOS,Volcamiento,Falla mecanica,43,LESIONADO,MUJER,VEH_LIVIANO,15,LESIONADO,MUJER,SCOOTER,74,LESIONADO,NO_REGISTRA,SCOOTER
2023-12-23 05:26:21,-3.994293,-79.212972,Calle Sucre,CON_FALLECIDOS,Volcamiento,Falla mecanica,62,FALLECIDO,MUJER,PEATON,45,LESIONADO,HOMBRE,VEH_LIVIANO,,,,
2023-02-10 10:05:05,-4.026963,-79.216054,Calle 10 de Agosto,CON_LESIONADOS,Incendio,Distraccion (celular/radio),8,LESIONADO,MUJER,VEH_LIVIANO,,,,,,,,
2023-07-10 13:29:35,-4.024434,-79.197253,Av. Isidro Ayora,SOLO_DANOS,Choque Vehicular,Fatiga del conductor,,,,,,,,,,,,
2023-03-29 04:07:26,-4.028460,-79.218154,Calle Rocafuerte,CON_LESIONADOS,Colision Multiple,Distraccion (celular/radio),71,LESIONADO,MUJER,PEATON,24,LESIONADO,HOMBRE,VEH_LIVIANO,,,,
2023-06-15 14:00:36,-4.020579,-79.210587,Calle Quito,CON_FALLECIDOS,Accidente Laboral,Fatiga del conductor,23,FALLECIDO,NO_REGISTRA,SCOOTER,36,FALLECIDO,HOMBRE,SCOOTER,28,LESIONADO,NO_REGISTRA,SCOOTER
2023-08-18 20:24:35,-4.034463,-79.191648,Av. Universitaria,CON_LESIONADOS,Accidente Laboral,Mal estado de la via,76,LESIONADO,HOMBRE,PEATON,19,LESIONADO,MUJER,CICLISTA,,,,
2023-08-22 20:23:02,-4.035153,-79.194994,Calle Rocafuerte,CON_FALLECIDOS,Colision Multiple,Distraccion (celular/radio),54,FALLECIDO,NO_REGISTRA,SCOOTER,75,FALLECIDO,MUJER,MOTOCICLETA,47,LESIONADO,HOMBRE,MOTOCICLETA
2023-06-12 10:34:49,-4.001247,-79.227881,Calle Bolivar,CON_LESIONADOS,Caida,Exceso de velocidad,63,LESIONADO,NO_REGISTRA,VEH_LIVIANO,44,LESIONADO,NO_REGISTRA,CICLISTA,11,LESIONADO,HOMBRE,SCOOTER