fecha_hora,latitud,longitud,via,grado_severidad,tipo_siniestro,causa_probable,victima1_edad,victima1_condicion,victima1_sexo,victima1_actor_vial,victima2_edad,victima2_condicion,victima2_sexo,victima2_actor_vial,victima3_edad,victima3_condicion,victima3_sexo,victima3_actor_vial
2023-05-22 21:53:47,-4.024285,-79.211486,Calle Mercadillo,CON_LESIONADOS,Accidente Laboral,Mal estado de la via,19,LESIONADO,NO_REGISTRA,SCOOTER,29,LESIONADO,MUJER,SCOOTER,13,LESIONADO,MUJER,OTRO
2023-04-22 03:09:43,-3.990778,-79.217838,Calle Ramon Borrero,CON_LESIONADOS,Volcamiento,Distraccion (celular/radio),80,LESIONADO,MUJER,CICLISTA,41,LESIONADO,HOMBRE,MOTOCICLETA,5,LESIONADO,NO_REGISTRA,CICLISTA
2023-01-08 17:48:25,-4.009383,-79.192583,Via Loja - Catamayo,SOLO_DANOS,Atropellamiento,Visibilidad reducida,,,,,,,,,,,,
2023-02-24 04:33:23,-3.997060,-79.183943,Calle Ramon Borrero,CON_LESIONADOS,Incendio,Fatiga del conductor,7,LESIONADO,MUJER,OTRO,,,,,,,,
2023-12-06 20:35:53,-4.012963,-79.181945,Calle Rocafuerte,SOLO_DANOS,Atropellamiento,Exceso de velocidad,,,,,,,,,,,,
2023-05-29 08:41:43,-4.007155,-79.171907,Av. Pio Jaramillo,SOLO_DANOS,Caida,Inobservancia de senales,,,,,,,,,,,,
2023-09-07 23:02:10,-4.032142,-79.177941,Av. Cuxibamba,CON_LESIONADOS,Caida,Factores externos,45,LESIONADO,HOMBRE,VEH_LIVIANO,62,LESIONADO,NO_REGISTRA,OTRO,,,,
2023-05-07 19:38:03,-3.994525,-79.222296,Calle 18 de Noviembre,CON_LESIONADOS,Colision Multiple,Visibilidad reducida,28,LESIONADO,MUJER,SCOOTER,,,,,,,,
2023-05-23 08:56:04,-3.989856,-79.227699,Calle Quito,CON_LESIONADOS,Colision Multiple,Inobservancia de senales,37,LESIONADO,NO_REGISTRA,PEATON,17,LESIONADO,MUJER,PEATON,73,LESIONADO,NO_REGISTRA,VEH_LIVIANO
2023-02-03 10:19:34,-4.036552,-79.223120,Av. Pio Jaramillo,SOLO_DANOS,Volcamiento,Exceso de velocidad,17,LESIONADO,HOMBRE,SCOOTER,,,,,,,,
2023-09-04 07:40:27,-4.024204,-79.199406,Calle 18 de Noviembre,CON_LESIONADOS,Caida,Falla mecanica,53,LESIONADO,NO_REGISTRA,SCOOTER,73,LESIONADO,HOMBRE,OTRO,8,LESIONADO,NO_REGISTRA,OTRO
2023-03-21 02:53:16,-4.010445,-79.229322,Calle 18 de Noviembre,CON_FALLECIDOS,Colision Multiple,Equipo de seguridad deficiente,73,FALLECIDO,HOMBRE,SCOOTER,,,,,,,,
2023-08-31 11:55:57,-4.033396,-79.206886,Ruta 35,CON_FALLECIDOS,Accidente Laboral,Fatiga del conductor,84,FALLECIDO,MUJER,MOTOCICLETA,73,LESIONADO,HOMBRE,PEATON,,,,
2023-06-08 16:46:06,-3.989399,-79.217959,Av. Reinaldo Espinosa,CON_LESIONADOS,Incendio,Visibilidad reducida,11,LESIONADO,HOMBRE,MOTOCICLETA,,,,,,,,
2023-07-05 22:20:26,-4.030120,-79.228764,Av. Orillas del Zamora,SOLO_DANOS,Colision Multiple,Mal estado de la via,,,,,,,,,,,,
2023-05-18 08:52:36,-4.009192,-79.225901,Calle Miguel Riofrio,SOLO_DANOS,Incendio,Falla mecanica,,,,,,,,,,,,
2023-10-12 05:45:38,-4.029784,-79.185791,Av. Gran Colombia,SOLO_DANOS,Accidente Laboral,Exceso de velocidad,,,,,,,,,,,,
2023-05-13 13:41:01,-4.005225,-79.218060,Calle Sucre,SOLO_DANOS,Atropellamiento,Falla mecanica,,,,,,,,,,,,
2023-06-22 19:19:05,-3.990194,-79.194541,Av. Isidro Ayora,CON_FALLECIDOS,Choque Vehicular,Inobservancia de senales,65,FALLECIDO,HOMBRE,PEATON,78,LESIONADO,HOMBRE,VEH_LIVIANO,79,LESIONADO,NO_REGISTRA,VEH_LIVIANO
2023-02-17 20:51:45,-3.990901,-79.213624,Calle Colon,CON_LESIONADOS,Colision Multiple,Mal estado de la via,55,LESIONADO,MUJER,OTRO,,,,,,,,
2023-02-18 18:10:21,-4.013990,-79.208339,Via Loja - Zamora,SOLO_DANOS,Accidente Laboral,Distraccion (celular/radio),,,,,,,,,,,,
2023-05-13 06:57:23,-3.997763,-79.194832,Calle Sucre,CON_FALLECIDOS,Caida,Inobservancia de senales,80,FALLECIDO,HOMBRE,MOTOCICLETA,,,,,,,,
2023-12-20 01:54:18,-3.987759,-79.179331,Via Loja - Catamayo,CON_LESIONADOS,Colision Multiple,Visibilidad reducida,29,LESIONADO,NO_REGISTRA,VEH_LIVIANO,51,LESIONADO,MUJER,CICLISTA,,,,
2023-04-09 04:18:08,-4.009635,-79.212128,Calle Sucre,CON_LESIONADOS,Caida,Equipo de seguridad deficiente,51,LESIONADO,HOMBRE,SCOOTER,6,LESIONADO,HOMBRE,SCOOTER,74,LESIONADO,HOMBRE,CICLISTA
2023-06-18 23:19:14,-3.995038,-79.182705,Av. Manuel Agustin Aguirre,SOLO_DANOS,Accidente Laboral,Estado de embriaguez,,,,,,,,,,,,
2023-04-06 04:46:39,-4.025945,-79.188694,Calle Sucre,CON_LESIONADOS,Atropellamiento,Imprudencia del conductor,20,LESIONADO,MUJER,VEH_LIVIANO,,,,,,,,
2023-10-10 06:20:22,-4.033966,-79.194287,Calle Ramon Borrero,CON_LESIONADOS,Colision Multiple,Estado de embriaguez,51,LESIONADO,NO_REGISTRA,CICLISTA,6,LESIONADO,MUJER,OTRO,,,,
2023-03-23 12:55:25,-3.985881,-79.201254,Calle Rocafuerte,SOLO_DANOS,Volcamiento,Exceso de velocidad,,,,,,,,,,,,
2023-02-23 11:47:28,-4.009543,-79.176562,Calle Miguel Riofrio,CON_FALLECIDOS,Colision Multiple,Inobservancia de senales,27,FALLECIDO,HOMBRE,SCOOTER,79,FALLECIDO,HOMBRE,OTRO,,,,
2023-12-29 08:04:25,-3.983227,-79.214718,Av. Rosa Hermosa,CON_FALLECIDOS,Incendio,Via resbaladiza o mojada,34,FALLECIDO,NO_REGISTRA,MOTOCICLETA,48,LESIONADO,NO_REGISTRA,SCOOTER,21,LESIONADO,HOMBRE,SCOOTER
2023-11-27 03:14:23,-4.006477,-79.178143,Calle Quito,CON_LESIONADOS,Incendio,Estado de embriaguez,50,LESIONADO,HOMBRE,VEH_LIVIANO,13,LESIONADO,HOMBRE,OTRO,61,LESIONADO,MUJER,OTRO
2023-08-05 13:12:02,-4.012705,-79.181323,Av. 8 de Diciembre,CON_FALLECIDOS,Caida,Inobservancia de senales,55,FALLECIDO,NO_REGISTRA,OTRO,62,FALLECIDO,HOMBRE,OTRO,67,LESIONADO,MUJER,OTRO
2023-07-18 05:59:46,-3.985501,-79.188636,Av. 8 de Diciembre,CON_LESIONADOS,Caida,Falla mecanica,19,LESIONADO,HOMBRE,MOTOCICLETA,,,,,,,,
2023-09-13 21:39:49,-3.993487,-79.175578,Calle Bolivar,SOLO_DANOS,Incendio,Distraccion (celular/radio),,,,,,,,,,,,
2023-01-26 18:20:26,-3.993401,-79.203048,Av. Gran Colombia,SOLO_DANOS,Volcamiento,Estado de embriaguez,,,,,,,,,,,,
2023-10-18 00:12:23,-4.020729,-79.192207,Av. Reinaldo Espinosa,CON_FALLECIDOS,Choque Vehicular,Imprudencia del conductor,76,FALLECIDO,NO_REGISTRA,MOTOCICLETA,,,,,,,,
2023-09-27 01:05:16,-4.008681,-79.212303,Av. Gran Colombia,CON_FALLECIDOS,Colision Multiple,Exceso de velocidad,41,FALLECIDO,HOMBRE,MOTOCICLETA,25,FALLECIDO,MUJER,SCOOTER,11,LESIONADO,MUJER,MOTOCICLETA
2023-06-27 01:57:12,-4.034289,-79.226841,Calle Ramon Borrero,CON_LESIONADOS,Atropellamiento,Imprudencia del conductor,74,LESIONADO,HOMBRE,SCOOTER,,,,,,,,
2023-06-09 05:50:12,-3.986886,-79.215696,Calle Bolivar,CON_LESIONADOS,Accidente Laboral,Exceso de velocidad,5,LESIONADO,NO_REGISTRA,VEH_LIVIANO,68,LESIONADO,MUJER,VEH_LIVIANO,,,,
2023-05-20 08:58:06,-4.001439,-79.196277,Av. Orillas del Zamora,CON_FALLECIDOS,Choque Vehicular,Imprudencia del conductor,22,FALLECIDO,HOMBRE,PEATON,20,FALLECIDO,HOMBRE,MOTOCICLETA,,,,
2023-02-02 23:08:59,-3.989032,-79.203027,Calle 10 de Agosto,CON_FALLECIDOS,Incendio,Visibilidad reducida,67,FALLECIDO,MUJER,OTRO,58,FALLECIDO,NO_REGISTRA,OTRO,13,LESIONADO,HOMBRE,CICLISTA
2023-03-22 18:42:47,-4.036494,-79.212601,Calle Imbabura,CON_FALLECIDOS,Choque Vehicular,Mal estado de la via,18,FALLECIDO,HOMBRE,SCOOTER,25,FALLECIDO,MUJER,CICLISTA,,,,
2023-10-02 22:32:46,-3.982098,-79.212026,Calle Imbabura,SOLO_DANOS,Caida,Falla mecanica,,,,,,,,,,,,
2023-02-27 07:37:43,-4.001914,-79.189850,Av. Isidro Ayora,CON_LESIONADOS,Volcamiento,Distraccion (celular/radio),67,LESIONADO,HOMBRE,SCOOTER,,,,,,,,
2023-04-06 05:01:38,-3.983593,-79.178498,Ruta 35,SOLO_DANOS,Incendio,Distraccion (celular/radio),,,,,,,,,,,,
2023-02-19 11:03:26,-4.010680,-79.190317,Calle Sucre,CON_FALLECIDOS,Volcamiento,Mal estado de la via,73,FALLECIDO,MUJER,SCOOTER,21,LESIONADO,MUJER,MOTOCICLETA,,,,
2023-05-17 08:17:58,-3.989770,-79.226711,Calle Quito,SOLO_DANOS,Caida,Falla mecanica,65,LESIONADO,HOMBRE,VEH_LIVIANO,,,,,,,,
2023-12-18 04:15:34,-4.026848,-79.184366,Calle Rocafuerte,CON_FALLECIDOS,Colision Multiple,Distraccion (celular/radio),70,FALLECIDO,NO_REGISTRA,MOTOCICLETA,21,FALLECIDO,MUJER,CICLISTA,74,LESIONADO,NO_REGISTRA,PEATON
2023-07-18 15:00:12,-4.032472,-79.172800,Calle Colon,CON_FALLECIDOS,Caida,Exceso de velocidad,74,FALLECIDO,MUJER,OTRO,79,FALLECIDO,MUJER,VEH_LIVIANO,22,LESIONADO,HOMBRE,OTRO
2023-06-10 13:50:42,-4.013488,-79.192404,Calle Montufar,SOLO_DANOS,Caida,Via resbaladiza o mojada,,,,,,,,,,,,
2023-06-14 04:26:09,-4.005882,-79.191092,Ruta 35,CON_FALLECIDOS,Colision Multiple,Via resbaladiza o mojada,79,FALLECIDO,MUJER,MOTOCICLETA,20,LESIONADO,NO_REGISTRA,SCOOTER,,,,
2023-04-17 02:49:24,-3.980649,-79.196462,Av. Universitaria,CON_LESIONADOS,Volcamiento,Visibilidad reducida,16,LESIONADO,NO_REGISTRA,SCOOTER,67,LESIONADO,NO_REGISTRA,OTRO,64,LESIONADO,MUJER,PEATON
2023-01-03 01:38:41,-4.023839,-79.185675,Calle Bolivar,CON_FALLECIDOS,Accidente Laboral,Distraccion (celular/radio),67,FALLECIDO,NO_REGISTRA,CICLISTA,31,FALLECIDO,MUJER,MOTOCICLETA,49,LESIONADO,NO_REGISTRA,MOTOCICLETA
2023-11-27 02:48:00,-4.019695,-79.208146,Via Loja - Zamora,SOLO_DANOS,Incendio,Falla mecanica,,,,,,,,,,,,
2023-02-07 20:00:32,-3.979586,-79.171219,Ruta 35,CON_FALLECIDOS,Atropellamiento,Inobservancia de senales,49,FALLECIDO,MUJER,PEATON,13,LESIONADO,NO_REGISTRA,VEH_LIVIANO,19,LESIONADO,NO_REGISTRA,OTRO
2023-05-27 17:19:13,-4.019064,-79.206356,Av. Manuel Agustin Aguirre,CON_FALLECIDOS,Atropellamiento,Inobservancia de senales,53,FALLECIDO,MUJER,SCOOTER,,,,,,,,
2023-08-22 14:58:19,-4.002257,-79.189917,Av. Orillas del Zamora,CON_FALLECIDOS,Caida,Via resbaladiza o mojada,60,FALLECIDO,MUJER,SCOOTER,80,FALLECIDO,MUJER,SCOOTER,77,LESIONADO,NO_REGISTRA,PEATON
2023-09-05 21:38:26,-3.984993,-79.186789,Calle Bolivar,SOLO_DANOS,Atropellamiento,Via resbaladiza o mojada,,,,,,,,,,,,
2023-04-20 02:02:18,-4.000309,-79.214285,Calle Sucre,CON_FALLECIDOS,Accidente Laboral,Via resbaladiza o mojada,20,FALLECIDO,HOMBRE,VEH_LIVIANO,38,FALLECIDO,MUJER,VEH_LIVIANO,47,LESIONADO,NO_REGISTRA,MOTOCICLETA
2023-11-30 08:58:49,-4.000158,-79.194571,Calle Bolivar,CON_LESIONADOS,Caida,Imprudencia del conductor,62,LESIONADO,MUJER,OTRO,33,LESIONADO,HOMBRE,VEH_LIVIANO,46,LESIONADO,NO_REGISTRA,PEATON
2023-11-25 04:55:47,-3.988833,-79.173435,Calle Montufar,CON_FALLECIDOS,Colision Multiple,Fatiga del conductor,84,FALLECIDO,HOMBRE,CICLISTA,64,FALLECIDO,NO_REGISTRA,VEH_LIVIANO,,,,
2023-07-13 23:00:16,-4.034900,-79.216744,Calle Bolivar,CON_FALLECIDOS,Incendio,Estado de embriaguez,29,FALLECIDO,NO_REGISTRA,PEATON,67,FALLECIDO,HOMBRE,CICLISTA,6,LESIONADO,HOMBRE,VEH_LIVIANO
2023-09-18 05:53:44,-4.012017,-79.192188,Av. Gran Colombia,CON_LESIONADOS,Accidente Laboral,Visibilidad reducida,53,LESIONADO,HOMBRE,PEATON,57,LESIONADO,NO_REGISTRA,OTRO,39,LESIONADO,HOMBRE,CICLISTA
2023-06-06 02:18:45,-3.981025,-79.172740,Av. Rosa Hermosa,SOLO_DANOS,Atropellamiento,Factores externos,,,,,,,,,,,,
2023-03-07 07:22:14,-3.980141,-79.208230,Calle Sucre,SOLO_DANOS,Accidente Laboral,Mal estado de la via,,,,,,,,,,,,
2023-11-22 14:10:57,-3.985335,-79.194143,Av. Rosa Hermosa,CON_FALLECIDOS,Choque Vehicular,Imprudencia del conductor,37,FALLECIDO,HOMBRE,MOTOCICLETA,48,FALLECIDO,MUJER,CICLISTA,,,,
2023-12-07 08:25:28,-4.028677,-79.213935,Av. Metropolitana,SOLO_DANOS,Atropellamiento,Inobservancia de senales,,,,,,,,,,,,
2023-05-03 05:07:50,-3.982260,-79.212809,Calle Azogues,CON_FALLECIDOS,Choque Vehicular,Visibilidad reducida,51,FALLECIDO,HOMBRE,OTRO,79,LESIONADO,MUJER,VEH_LIVIANO,79,LESIONADO,HOMBRE,MOTOCICLETA
2023-08-26 09:03:21,-4.016068,-79.191156,Calle Sucre,SOLO_DANOS,Colision Multiple,Visibilidad reducida,,,,,,,,,,,,
2023-08-29 00:31:24,-4.033125,-79.230352,Av. Pio Jaramillo,CON_LESIONADOS,Volcamiento,Equipo de seguridad deficiente,59,LESIONADO,MUJER,SCOOTER,,,,,,,,
2023-01-12 16:29:25,-3.982373,-79.187934,Calle 18 de Noviembre,CON_FALLECIDOS,Volcamiento,Falla mecanica,84,FALLECIDO,NO_REGISTRA,PEATON,56,LESIONADO,HOMBRE,MOTOCICLETA,37,LESIONADO,NO_REGISTRA,MOTOCICLETA
2023-03-23 02:14:11,-3.988352,-79.175210,Av. Metropolitana,SOLO_DANOS,Atropellamiento,Visibilidad reducida,37,LESIONADO,HOMBRE,OTRO,,,,,,,,
2023-05-20 10:04:09,-4.008856,-79.201804,Calle 18 de Noviembre,CON_FALLECIDOS,Colision Multiple,Factores externos,31,FALLECIDO,HOMBRE,SCOOTER,38,LESIONADO,NO_REGISTRA,OTRO,28,LESIONADO,MUJER,SCOOTER
2023-04-24 08:30:51,-4.023119,-79.171146,Av. Reinaldo Espinosa,CON_LESIONADOS,Volcamiento,Visibilidad reducida,63,LESIONADO,NO_REGISTRA,PEATON,,,,,,,,
2023-02-02 03:41:40,-4.021362,-79.190187,Av. Pio Jaramillo,CON_LESIONADOS,Accidente Laboral,Inobservancia de senales,75,LESIONADO,HOMBRE,OTRO,14,LESIONADO,HOMBRE,OTRO,,,,
2023-07-24 06:45:16,-3.990777,-79.230910,Av. Gran Colombia,SOLO_DANOS,Caida,Equipo de seguridad deficiente,23,LESIONADO,MUJER,SCOOTER,,,,,,,,
2023-09-13 13:46:58,-4.011990,-79.186814,Av. 8 de Diciembre,CON_LESIONADOS,Volcamiento,Fatiga del conductor,10,LESIONADO,MUJER,VEH_LIVIANO,47,LESIONADO,HOMBRE,SCOOTER,,,,
2023-11-28 00:10:43,-3.984440,-79.174808,Calle Imbabura,SOLO_DANOS,Choque Vehicular,Via resbaladiza o mojada,,,,,,,,,,,,
2023-02-23 03:05:17,-3.991336,-79.221560,Av. Reinaldo Espinosa,SOLO_DANOS,Choque Vehicular,Imprudencia del conductor,,,,,,,,,,,,
2023-06-03 12:27:02,-4.033276,-79.199384,Av. 8 de Diciembre,CON_LESIONADOS,Atropellamiento,Visibilidad reducida,72,LESIONADO,NO_REGISTRA,OTRO,33,LESIONADO,MUJER,PEATON,,,,
2023-07-10 13:31:59,-4.008756,-79.173784,Av. 8 de Diciembre,SOLO_DANOS,Volcamiento,Exceso de velocidad,,,,,,,,,,,,
2023-04-13 17:10:57,-3.999414,-79.228706,Av. Manuel Agustin Aguirre,CON_LESIONADOS,Atropellamiento,Via resbaladiza o mojada,80,LESIONADO,MUJER,VEH_LIVIANO,42,LESIONADO,NO_REGISTRA,OTRO,,,,
2023-01-19 12:18:09,-3.981811,-79.185052,Av. Cuxibamba,SOLO_DANOS,Volcamiento,Equipo de seguridad deficiente,,,,,,,,,,,,
2023-02-21 20:49:19,-4.028834,-79.218437,Calle Montufar,CON_FALLECIDOS,Colision Multiple,Visibilidad reducida,38,FALLECIDO,NO_REGISTRA,SCOOTER,57,LESIONADO,MUJER,VEH_LIVIANO,,,,
2023-03-09 06:08:20,-3.981721,-79.198468,Calle 10 de Agosto,CON_FALLECIDOS,Caida,Factores externos,52,FALLECIDO,HOMBRE,VEH_LIVIANO,,,,,,,,
2023-07-12 06:07:25,-4.026934,-79.217134,Av. Pio Jaramillo,CON_FALLECIDOS,Incendio,Factores externos,38,FALLECIDO,HOMBRE,VEH_LIVIANO,68,FALLECIDO,NO_REGISTRA,CICLISTA,49,LESIONADO,NO_REGISTRA,VEH_LIVIANO
2023-02-12 01:12:30,-4.033567,-79.183219,Via Loja - Catamayo,CON_FALLECIDOS,Colision Multiple,Inobservancia de senales,26,FALLECIDO,HOMBRE,OTRO,,,,,,,,
2023-10-06 22:32:37,-4.018409,-79.185738,Calle Colon,CON_FALLECIDOS,Incendio,Distraccion (celular/radio),81,FALLECIDO,MUJER,MOTOCICLETA,,,,,,,,
2023-10-21 07:05:23,-3.982913,-79.185023,Av. 8 de Diciembre,CON_FALLECIDOS,Colision Multiple,Via resbaladiza o mojada,54,FALLECIDO,HOMBRE,VEH_LIVIANO,60,LESIONADO,HOMBRE,OTRO,30,LESIONADO,MUJER,SCOOTER
2023-11-13 00:03:46,-3.992598,-79.227811,Av. Rosa Hermosa,CON_FALLECIDOS,Atropellamiento,Visibilidad reducida,43,FALLECIDO,HOMBRE,VEH_LIVIANO,77,LESIONADO,HOMBRE,SCOOTER,64,LESIONADO,MUJER,OTRO
2023-09-05 22:57:49,-3.980286,-79.188004,Av. Cuxibamba,SOLO_DANOS,Incendio,Distraccion (celular/radio),,,,,,,,,,,,
2023-03-26 20:15:25,-4.027098,-79.186702,Av. Isidro Ayora,CON_LESIONADOS,Colision Multiple,Imprudencia del conductor,9,LESIONADO,NO_REGISTRA,VEH_LIVIANO,,,,,,,,
2023-02-13 00:55:08,-4.008299,-79.175709,Calle Miguel Riofrio,CON_LESIONADOS,Choque Vehicular,Distraccion (celular/radio),28,LESIONADO,MUJER,PEATON,5,LESIONADO,HOMBRE,OTRO,74,LESIONADO,NO_REGISTRA,OTRO
2023-11-02 11:21:08,-3.986958,-79.195820,Calle Mercadillo,SOLO_DANOS,Volcamiento,Visibilidad reducida,,,,,,,,,,,,
2023-01-12 13:40:01,-3.986015,-79.197813,Calle Miguel Riofrio,CON_FALLECIDOS,Volcamiento,Imprudencia del conductor,36,FALLECIDO,NO_REGISTRA,PEATON,74,FALLECIDO,MUJER,PEATON,72,LESIONADO,HOMBRE,MOTOCICLETA
2023-10-29 01:12:29,-4.023223,-79.190486,Calle Montufar,SOLO_DANOS,Colision Multiple,Inobservancia de senales,,,,,,,,,,,,
2023-05-14 00:20:11,-3.984210,-79.174442,Av. Gran Colombia,SOLO_DANOS,Colision Multiple,Equipo de seguridad deficiente,,,,,,,,,,,,
2023-12-23 15:48:17,-4.023192,-79.193518,Calle 18 de Noviembre,SOLO_DANOS,Atropellamiento,Inobservancia de senales,,,,,,,,,,,,
2023-03-11 18:17:46,-3.992713,-79.190398,Calle 18 de Noviembre,CON_LESIONADOS,Atropellamiento,Via resbaladiza o mojada,48,LESIONADO,NO_REGISTRA,MOTOCICLETA,73,LESIONADO,NO_REGISTRA,OTRO,,,,
2023-03-21 09:15:54,-4.015203,-79.204459,Calle Montufar,SOLO_DANOS,Colision Multiple,Visibilidad reducida,,,,,,,,,,,,
2023-07-19 19:05:01,-3.983826,-79.178208,Calle 18 de Noviembre,SOLO_DANOS,Incendio,Via resbaladiza o mojada,,,,,,,,,,,,
2023-06-04 15:32:27,-3.989016,-79.213535,Calle Imbabura,CON_LESIONADOS,Colision Multiple,Inobservancia de senales,52,LESIONADO,HOMBRE,SCOOTER,73,LESIONADO,MUJER,SCOOTER,43,LESIONADO,HOMBRE,VEH_LIVIANO
2023-12-27 11:31:17,-4.035280,-79.172746,Calle Bolivar,CON_LESIONADOS,Volcamiento,Fatiga del conductor,73,LESIONADO,HOMBRE,OTRO,48,LESIONADO,HOMBRE,PEATON,77,LESIONADO,NO_REGISTRA,PEATON
2023-01-23 02:12:20,-4.029907,-79.208008,Av. Metropolitana,CON_FALLECIDOS,Accidente Laboral,Visibilidad reducida,23,FALLECIDO,NO_REGISTRA,OTRO,77,FALLECIDO,MUJER,MOTOCICLETA,27,LESIONADO,HOMBRE,SCOOTER
2023-10-18 07:32:08,-3.981646,-79.171772,Av. Universitaria,SOLO_DANOS,Incendio,Equipo de seguridad deficiente,,,,,,,,,,,,
2023-04-11 22:09:39,-4.001790,-79.184877,Calle Mercadillo,CON_FALLECIDOS,Atropellamiento,Via resbaladiza o mojada,32,FALLECIDO,NO_REGISTRA,MOTOCICLETA,68,FALLECIDO,MUJER,MOTOCICLETA,30,LESIONADO,NO_REGISTRA,PEATON
2023-02-05 04:41:47,-4.015136,-79.185638,Calle Quito,SOLO_DANOS,Accidente Laboral,Mal estado de la via,,,,,,,,,,,,
2023-06-27 11:45:28,-3.988172,-79.229846,Calle Colon,CON_LESIONADOS,Caida,Distraccion (celular/radio),49,LESIONADO,HOMBRE,OTRO,,,,,,,,
2023-05-27 08:23:04,-3.994005,-79.185655,Calle 18 de Noviembre,SOLO_DANOS,Volcamiento,Visibilidad reducida,29,LESIONADO,NO_REGISTRA,SCOOTER,,,,,,,,
2023-04-05 00:51:19,-3.998606,-79.214748,Calle Saraguro,CON_LESIONADOS,Colision Multiple,Exceso de velocidad,48,LESIONADO,NO_REGISTRA,VEH_LIVIANO,45,LESIONADO,NO_REGISTRA,VEH_LIVIANO,26,LESIONADO,HOMBRE,PEATON
2023-06-12 09:35:43,-4.008442,-79.229754,Calle Colon,CON_LESIONADOS,Atropellamiento,Distraccion (celular/radio),9,LESIONADO,MUJER,PEATON,31,LESIONADO,NO_REGISTRA,VEH_LIVIANO,,,,
2023-12-28 18:36:07,-4.024131,-79.217156,Calle Bolivar,CON_LESIONADOS,Choque Vehicular,Imprudencia del conductor,74,LESIONADO,HOMBRE,OTRO,56,LESIONADO,HOMBRE,OTRO,32,LESIONADO,NO_REGISTRA,CICLISTA
2023-10-22 21:42:30,-4.004106,-79.178842,Calle Quito,CON_LESIONADOS,Volcamiento,Factores externos,48,LESIONADO,NO_REGISTRA,OTRO,,,,,,,,
2023-10-31 23:05:29,-3.981801,-79.201533,Calle 18 de Noviembre,SOLO_DANOS,Caida,Imprudencia del conductor,55,LESIONADO,HOMBRE,CICLISTA,,,,,,,,
2023-12-22 03:09:49,-4.019714,-79.226558,Calle Azogues,CON_FALLECIDOS,Incendio,Estado de embriaguez,29,FALLECIDO,NO_REGISTRA,PEATON,56,LESIONADO,NO_REGISTRA,CICLISTA,49,LESIONADO,HOMBRE,PEATON
2023-05-28 12:31:26,-4.036517,-79.219210,Calle Montufar,CON_LESIONADOS,Incendio,Exceso de velocidad,16,LESIONADO,MUJER,OTRO,60,LESIONADO,NO_REGISTRA,VEH_LIVIANO,15,LESIONADO,NO_REGISTRA,CICLISTA
2023-12-13 07:00:45,-3.994347,-79.221634,Calle Saraguro,SOLO_DANOS,Accidente Laboral,Inobservancia de senales,,,,,,,,,,,,
2023-06-22 11:53:20,-4.004232,-79.218701,Via Loja - Zamora,SOLO_DANOS,Caida,Estado de embriaguez,,,,,,,,,,,,
2023-11-08 02:10:24,-4.023116,-79.213436,Calle Rocafuerte,CON_FALLECIDOS,Volcamiento,Via resbaladiza o mojada,62,FALLECIDO,MUJER,SCOOTER,27,FALLECIDO,NO_REGISTRA,SCOOTER,59,LESIONADO,HOMBRE,VEH_LIVIANO
2023-01-23 18:08:11,-4.002441,-79.210913,Av. Gran Colombia,SOLO_DANOS,Choque Vehicular,Distraccion (celular/radio),,,,,,,,,,,,
2023-03-06 06:52:55,-4.011588,-79.186077,Calle Ramon Borrero,CON_LESIONADOS,Choque Vehicular,Inobservancia de senales,49,LESIONADO,MUJER,SCOOTER,,,,,,,,
2023-12-02 07:56:41,-4.012949,-79.175320,Calle Sucre,SOLO_DANOS,Accidente Laboral,Falla mecanica,,,,,,,,,,,,
2023-11-13 14:24:33,-3.987534,-79.200272,Via Loja - Zamora,CON_LESIONADOS,Volcamiento,Inobservancia de senales,55,LESIONADO,MUJER,SCOOTER,5,LESIONADO,NO_REGISTRA,MOTOCICLETA,,,,
2023-02-15 05:58:37,-4.008542,-79.227434,Calle Saraguro,CON_LESIONADOS,Incendio,Falla mecanica,49,LESIONADO,MUJER,VEH_LIVIANO,,,,,,,,
2023-02-06 06:49:12,-3.995360,-79.181932,Av. Reinaldo Espinosa,CON_LESIONADOS,Colision Multiple,Exceso de velocidad,71,LESIONADO,HOMBRE,VEH_LIVIANO,71,LESIONADO,NO_REGISTRA,CICLISTA,,,,
2023-04-22 04:42:32,-4.017170,-79.203546,Ruta 35,SOLO_DANOS,Caida,Visibilidad reducida,,,,,,,,,,,,
2023-06-13 19:09:28,-3.978815,-79.219074,Calle Mercadillo,CON_FALLECIDOS,Caida,Exceso de velocidad,72,FALLECIDO,HOMBRE,OTRO,75,LESIONADO,NO_REGISTRA,CICLISTA,15,LESIONADO,MUJER,SCOOTER
2023-05-10 23:20:23,-4.009556,-79.193832,Av. Orillas del Zamora,CON_LESIONADOS,Incendio,Estado de embriaguez,59,LESIONADO,HOMBRE,OTRO,12,LESIONADO,NO_REGISTRA,SCOOTER,41,LESIONADO,NO_REGISTRA,MOTOCICLETA
2023-06-21 05:24:12,-4.015244,-79.203580,Av. 8 de Diciembre,CON_LESIONADOS,Incendio,Exceso de velocidad,8,LESIONADO,NO_REGISTRA,SCOOTER,,,,,,,,
2023-11-14 22:27:31,-3.980560,-79.218263,Av. Reinaldo Espinosa,CON_LESIONADOS,Incendio,Visibilidad reducida,38,LESIONADO,MUJER,CICLISTA,8,LESIONADO,HOMBRE,SCOOTER,14,LESIONADO,MUJER,PEATON