fecha_hora,latitud,longitud,via,grado_severidad,tipo_siniestro,causa_probable,victima1_edad,victima1_condicion,victima1_sexo,victima1_actor_vial,victima2_edad,victima2_condicion,victima2_sexo,victima2_actor_vial,victima3_edad,victima3_condicion,victima3_sexo,victima3_actor_vial
2023-08-28 12:40:51,-4.033161,-79.179706,Via Loja - Zamora,CON_LESIONADOS,Caida,Imprudencia del conductor,34,LESIONADO,MUJER,CICLISTA,,,,,,,,
2023-01-18 03:34:24,-3.995379,-79.189344,Calle Azogues,CON_LESIONADOS,Volcamiento,Exceso de velocidad,72,LESIONADO,NO_REGISTRA,VEH_LIVIANO,,,,,,,,
2023-10-08 10:34:30,-3.991237,-79.198688,Calle Azogues,CON_LESIONADOS,Volcamiento,Exceso de velocidad,74,LESIONADO,HOMBRE,PEATON,30,LESIONADO,HOMBRE,CICLISTA,,,,
2023-12-18 00:04:41,-4.014067,-79.212976,Calle 18 de Noviembre,CON_FALLECIDOS,Incendio,Factores externos,22,FALLECIDO,NO_REGISTRA,CICLISTA,39,FALLECIDO,MUJER,PEATON,8,LESIONADO,NO_REGISTRA,VEH_LIVIANO
2023-11-29 07:26:41,-3.984753,-79.190324,Calle Imbabura,SOLO_DANOS,Caida,Visibilidad reducida,,,,,,,,,,,,
2023-01-24 04:58:25,-3.981446,-79.208142,Calle Mercadillo,CON_LESIONADOS,Colision Multiple,Mal estado de la via,56,LESIONADO,MUJER,CICLISTA,66,LESIONADO,NO_REGISTRA,CICLISTA,,,,
2023-10-08 03:21:58,-3.999003,-79.192628,Calle Azogues,SOLO_DANOS,Colision Multiple,Imprudencia del conductor,15,LESIONADO,HOMBRE,VEH_LIVIANO,,,,,,,,
2023-10-11 18:06:40,-3.998575,-79.185074,Calle 18 de Noviembre,CON_LESIONADOS,Atropellamiento,Distraccion (celular/radio),73,LESIONADO,MUJER,CICLISTA,,,,,,,,
2023-07-08 15:10:57,-4.001311,-79.179199,Calle 10 de Agosto,SOLO_DANOS,Caida,Distraccion (celular/radio),,,,,,,,,,,,
2023-09-11 00:28:44,-3.984870,-79.189570,Av. Cuxibamba,CON_LESIONADOS,Choque Vehicular,Factores externos,42,LESIONADO,HOMBRE,PEATON,57,LESIONADO,HOMBRE,SCOOTER,,,,
2023-06-09 22:06:34,-4.015296,-79.187647,Calle 10 de Agosto,CON_LESIONADOS,Accidente Laboral,Distraccion (celular/radio),70,LESIONADO,NO_REGISTRA,VEH_LIVIANO,,,,,,,,
2023-03-21 04:57:36,-3.989218,-79.177071,Calle Ramon Borrero,SOLO_DANOS,Accidente Laboral,Equipo de seguridad deficiente,,,,,,,,,,,,
2023-10-03 11:17:40,-4.023227,-79.192299,Av. 8 de Diciembre,CON_FALLECIDOS,Atropellamiento,Fatiga del conductor,24,FALLECIDO,MUJER,SCOOTER,,,,,,,,
2023-06-22 11:36:08,-3.983226,-79.230012,Av. Isidro Ayora,CON_FALLECIDOS,Volcamiento,Distraccion (celular/radio),46,FALLECIDO,MUJER,CICLISTA,44,LESIONADO,NO_REGISTRA,PEATON,8,LESIONADO,HOMBRE,VEH_LIVIANO
2023-10-11 02:23:40,-4.035206,-79.212190,Calle Quito,SOLO_DANOS,Accidente Laboral,Inobservancia de senales,26,LESIONADO,MUJER,MOTOCICLETA,,,,,,,,
2023-02-01 11:48:04,-4.011688,-79.191489,Ruta 35,SOLO_DANOS,Incendio,Via resbaladiza o mojada,,,,,,,,,,,,
2023-03-09 15:00:24,-4.001306,-79.211206,Av. Universitaria,SOLO_DANOS,Caida,Fatiga del conductor,,,,,,,,,,,,
2023-05-02 11:24:14,-4.022105,-79.185616,Calle Montufar,SOLO_DANOS,Incendio,Falla mecanica,,,,,,,,,,,,
2023-12-20 23:11:50,-3.997016,-79.228014,Calle Colon,SOLO_DANOS,Atropellamiento,Mal estado de la via,,,,,,,,,,,,
2023-02-01 17:02:03,-3.982230,-79.224325,Calle Colon,CON_LESIONADOS,Volcamiento,Inobservancia de senales,15,LESIONADO,HOMBRE,SCOOTER,18,LESIONADO,NO_REGISTRA,CICLISTA,,,,
2023-12-09 09:27:42,-3.993687,-79.217061,Av. Pio Jaramillo,SOLO_DANOS,Colision Multiple,Equipo de seguridad deficiente,,,,,,,,,,,,
2023-12-26 16:55:06,-3.988859,-79.219288,Av. Isidro Ayora,CON_LESIONADOS,Choque Vehicular,Estado de embriaguez,62,LESIONADO,NO_REGISTRA,OTRO,25,LESIONADO,MUJER,PEATON,,,,
2023-01-09 05:47:56,-3.981794,-79.172454,Av. Cuxibamba,CON_LESIONADOS,Atropellamiento,Falla mecanica,39,LESIONADO,MUJER,SCOOTER,42,LESIONADO,NO_REGISTRA,SCOOTER,,,,
2023-06-29 00:02:00,-3.984759,-79.184297,Via Loja - Catamayo,CON_LESIONADOS,Caida,Falla mecanica,43,LESIONADO,MUJER,SCOOTER,37,LESIONADO,NO_REGISTRA,PEATON,,,,
2023-08-04 07:34:10,-3.990836,-79.219124,Ruta 35,CON_FALLECIDOS,Accidente Laboral,Imprudencia del conductor,36,FALLECIDO,HOMBRE,CICLISTA,49,LESIONADO,HOMBRE,CICLISTA,,,,
2023-06-25 06:06:05,-4.029742,-79.176266,Calle 18 de Noviembre,CON_LESIONADOS,Caida,Fatiga del conductor,77,LESIONADO,MUJER,CICLISTA,54,LESIONADO,NO_REGISTRA,PEATON,24,LESIONADO,HOMBRE,OTRO
2023-11-20 03:33:11,-4.024248,-79.201125,Via Loja - Zamora,CON_FALLECIDOS,Colision Multiple,Falla mecanica,83,FALLECIDO,HOMBRE,VEH_LIVIANO,83,FALLECIDO,HOMBRE,PEATON,43,LESIONADO,NO_REGISTRA,SCOOTER
2023-12-18 17:45:30,-4.022369,-79.193323,Via Loja - Zamora,SOLO_DANOS,Atropellamiento,Estado de embriaguez,,,,,,,,,,,,
2023-02-13 03:14:13,-4.006759,-79.195651,Calle Mercadillo,SOLO_DANOS,Volcamiento,Exceso de velocidad,,,,,,,,,,,,
2023-01-26 21:51:05,-4.029024,-79.198802,Av. Universitaria,CON_FALLECIDOS,Accidente Laboral,Fatiga del conductor,60,FALLECIDO,NO_REGISTRA,PEATON,48,LESIONADO,NO_REGISTRA,VEH_LIVIANO,18,LESIONADO,MUJER,CICLISTA
2023-07-18 14:35:22,-4.029961,-79.178300,Av. Manuel Agustin Aguirre,CON_LESIONADOS,Choque Vehicular,Distraccion (celular/radio),51,LESIONADO,NO_REGISTRA,SCOOTER,18,LESIONADO,HOMBRE,MOTOCICLETA,,,,
2023-02-24 05:24:06,-3.994491,-79.178692,Av. Manuel Agustin Aguirre,CON_FALLECIDOS,Choque Vehicular,Mal estado de la via,62,FALLECIDO,NO_REGISTRA,PEATON,62,LESIONADO,NO_REGISTRA,OTRO,8,LESIONADO,HOMBRE,PEATON
2023-08-10 01:16:53,-3.982392,-79.205803,Av. Rosa Hermosa,SOLO_DANOS,Colision Multiple,Inobservancia de senales,,,,,,,,,,,,
2023-06-15 08:54:13,-4.027601,-79.217688,Calle Imbabura,CON_FALLECIDOS,Incendio,Estado de embriaguez,81,FALLECIDO,NO_REGISTRA,SCOOTER,47,FALLECIDO,NO_REGISTRA,PEATON,,,,
2023-07-20 12:16:13,-4.019227,-79.213210,Calle Ramon Borrero,SOLO_DANOS,Choque Vehicular,Distraccion (celular/radio),,,,,,,,,,,,
2023-09-27 02:30:47,-4.001776,-79.205170,Calle Imbabura,CON_LESIONADOS,Choque Vehicular,Via resbaladiza o mojada,65,LESIONADO,NO_REGISTRA,CICLISTA,38,LESIONADO,MUJER,PEATON,,,,
2023-08-07 06:14:13,-3.995073,-79.177387,Calle Saraguro,SOLO_DANOS,Colision Multiple,Visibilidad reducida,,,,,,,,,,,,
2023-08-25 04:16:42,-4.014499,-79.185922,Av. Cuxibamba,CON_FALLECIDOS,Accidente Laboral,Visibilidad reducida,58,FALLECIDO,MUJER,PEATON,80,FALLECIDO,NO_REGISTRA,CICLISTA,71,LESIONADO,HOMBRE,SCOOTER
2023-10-21 12:03:17,-3.999407,-79.220553,Av. Orillas del Zamora,CON_FALLECIDOS,Accidente Laboral,Via resbaladiza o mojada,29,FALLECIDO,NO_REGISTRA,SCOOTER,28,LESIONADO,HOMBRE,CICLISTA,,,,
2023-07-06 00:24:38,-4.019050,-79.180734,Av. Universitaria,SOLO_DANOS,Incendio,Exceso de velocidad,,,,,,,,,,,,
2023-05-30 02:48:11,-4.020273,-79.200533,Av. 8 de Diciembre,SOLO_DANOS,Atropellamiento,Fatiga del conductor,,,,,,,,,,,,
2023-04-23 17:56:56,-4.018899,-79.193861,Av. Cuxibamba,CON_FALLECIDOS,Volcamiento,Fatiga del conductor,29,FALLECIDO,NO_REGISTRA,VEH_LIVIANO,59,LESIONADO,MUJER,SCOOTER,38,LESIONADO,MUJER,PEATON
2023-08-24 23:49:45,-3.984394,-79.222973,Av. Isidro Ayora,SOLO_DANOS,Atropellamiento,Imprudencia del conductor,,,,,,,,,,,,
2023-09-11 11:24:28,-4.023852,-79.192709,Calle Mercadillo,CON_FALLECIDOS,Incendio,Falla mecanica,24,FALLECIDO,HOMBRE,OTRO,67,FALLECIDO,MUJER,CICLISTA,,,,
2023-06-09 10:24:50,-4.009846,-79.219100,Av. Orillas del Zamora,CON_FALLECIDOS,Atropellamiento,Inobservancia de senales,84,FALLECIDO,MUJER,VEH_LIVIANO,24,FALLECIDO,MUJER,OTRO,31,LESIONADO,MUJER,CICLISTA
2023-08-06 07:47:57,-3.980043,-79.216806,Calle Saraguro,CON_FALLECIDOS,Atropellamiento,Distraccion (celular/radio),72,FALLECIDO,NO_REGISTRA,PEATON,72,LESIONADO,MUJER,OTRO,22,LESIONADO,HOMBRE,MOTOCICLETA
2023-04-17 12:29:22,-4.032448,-79.210952,Av. Rosa Hermosa,SOLO_DANOS,Incendio,Distraccion (celular/radio),61,LESIONADO,HOMBRE,MOTOCICLETA,,,,,,,,
2023-08-18 20:12:25,-4.031367,-79.220010,Via Loja - Zamora,SOLO_DANOS,Accidente Laboral,Mal estado de la via,,,,,,,,,,,,
2023-12-16 23:34:16,-4.028250,-79.220321,Calle Mercadillo,SOLO_DANOS,Caida,Fatiga del conductor,,,,,,,,,,,,
2023-07-14 15:00:45,-4.017984,-79.186975,Calle Imbabura,CON_LESIONADOS,Colision Multiple,Falla mecanica,51,LESIONADO,MUJER,VEH_LIVIANO,78,LESIONADO,NO_REGISTRA,VEH_LIVIANO,,,,
2023-04-19 11:46:02,-4.009596,-79.221697,Calle Montufar,SOLO_DANOS,Atropellamiento,Fatiga del conductor,,,,,,,,,,,,
2023-03-16 02:49:46,-4.036424,-79.208960,Calle Ramon Borrero,SOLO_DANOS,Incendio,Imprudencia del conductor,,,,,,,,,,,,
2023-02-12 21:45:41,-4.016211,-79.180487,Calle Sucre,CON_FALLECIDOS,Colision Multiple,Imprudencia del conductor,47,FALLECIDO,NO_REGISTRA,PEATON,71,FALLECIDO,HOMBRE,SCOOTER,56,LESIONADO,MUJER,CICLISTA
2023-05-25 09:36:35,-4.026358,-79.229039,Calle 10 de Agosto,CON_LESIONADOS,Accidente Laboral,Factores externos,26,LESIONADO,HOMBRE,VEH_LIVIANO,29,LESIONADO,NO_REGISTRA,CICLISTA,75,LESIONADO,HOMBRE,SCOOTER
2023-06-03 19:09:06,-3.987717,-79.203087,Av. Gran Colombia,CON_LESIONADOS,Choque Vehicular,Inobservancia de senales,38,LESIONADO,MUJER,VEH_LIVIANO,69,LESIONADO,HOMBRE,OTRO,,,,
2023-11-17 16:16:47,-4.008111,-79.222908,Calle Colon,CON_FALLECIDOS,Atropellamiento,Imprudencia del conductor,85,FALLECIDO,MUJER,OTRO,29,FALLECIDO,HOMBRE,CICLISTA,52,LESIONADO,NO_REGISTRA,MOTOCICLETA
2023-05-26 08:48:41,-4.019337,-79.207647,Av. Reinaldo Espinosa,CON_LESIONADOS,Atropellamiento,Via resbaladiza o mojada,16,LESIONADO,MUJER,SCOOTER,6,LESIONADO,MUJER,OTRO,47,LESIONADO,NO_REGISTRA,PEATON
2023-09-24 11:52:18,-3.984806,-79.195317,Av. Orillas del Zamora,SOLO_DANOS,Caida,Fatiga del conductor,,,,,,,,,,,,
2023-09-27 00:13:53,-3.983384,-79.225062,Av. Isidro Ayora,SOLO_DANOS,Volcamiento,Factores externos,,,,,,,,,,,,
2023-06-18 14:30:35,-4.008338,-79.209019,Av. Isidro Ayora,SOLO_DANOS,Choque Vehicular,Visibilidad reducida,25,LESIONADO,HOMBRE,MOTOCICLETA,,,,,,,,
2023-02-17 18:54:13,-4.024264,-79.187962,Av. Isidro Ayora,SOLO_DANOS,Atropellamiento,Distraccion (celular/radio),,,,,,,,,,,,
2023-06-27 16:45:26,-3.985853,-79.183347,Calle Azogues,CON_LESIONADOS,Caida,Imprudencia del conductor,61,LESIONADO,HOMBRE,VEH_LIVIANO,29,LESIONADO,MUJER,MOTOCICLETA,,,,
2023-10-31 15:12:31,-4.023300,-79.177226,Via Loja - Zamora,CON_LESIONADOS,Colision Multiple,Distraccion (celular/radio),31,LESIONADO,MUJER,OTRO,,,,,,,,
2023-08-06 02:52:36,-4.004419,-79.224088,Av. Metropolitana,CON_LESIONADOS,Colision Multiple,Visibilidad reducida,56,LESIONADO,HOMBRE,MOTOCICLETA,41,LESIONADO,HOMBRE,OTRO,63,LESIONADO,NO_REGISTRA,MOTOCICLETA
2023-08-20 09:13:59,-4.014269,-79.228422,Via Loja - Catamayo,SOLO_DANOS,Choque Vehicular,Distraccion (celular/radio),,,,,,,,,,,,
2023-01-05 01:59:55,-4.032469,-79.226958,Av. Pio Jaramillo,CON_FALLECIDOS,Choque Vehicular,Factores externos,30,FALLECIDO,HOMBRE,MOTOCICLETA,5,LESIONADO,HOMBRE,MOTOCICLETA,76,LESIONADO,MUJER,MOTOCICLETA
2023-03-06 12:50:05,-4.014046,-79.222266,Av. Rosa Hermosa,CON_LESIONADOS,Choque Vehicular,Imprudencia del conductor,25,LESIONADO,NO_REGISTRA,PEATON,21,LESIONADO,MUJER,PEATON,33,LESIONADO,MUJER,OTRO
2023-07-08 05:45:31,-4.008809,-79.175767,Calle Mercadillo,CON_LESIONADOS,Accidente Laboral,Fatiga del conductor,9,LESIONADO,MUJER,MOTOCICLETA,42,LESIONADO,HOMBRE,PEATON,,,,
2023-03-03 07:49:44,-4.003547,-79.221427,Av. Pio Jaramillo,CON_FALLECIDOS,Caida,Equipo de seguridad deficiente,47,FALLECIDO,HOMBRE,CICLISTA,66,LESIONADO,MUJER,VEH_LIVIANO,47,LESIONADO,HOMBRE,SCOOTER
2023-09-01 06:53:15,-4.004481,-79.177466,Calle Ramon Borrero,CON_LESIONADOS,Volcamiento,Mal estado de la via,9,LESIONADO,HOMBRE,OTRO,25,LESIONADO,NO_REGISTRA,VEH_LIVIANO,38,LESIONADO,MUJER,VEH_LIVIANO
2023-02-23 22:22:23,-3.981202,-79.202951,Calle Ramon Borrero,CON_FALLECIDOS,Atropellamiento,Imprudencia del conductor,38,FALLECIDO,MUJER,MOTOCICLETA,68,FALLECIDO,MUJER,SCOOTER,32,LESIONADO,NO_REGISTRA,MOTOCICLETA
2023-05-11 09:20:50,-4.009608,-79.214151,Via Loja - Catamayo,SOLO_DANOS,Choque Vehicular,Distraccion (celular/radio),,,,,,,,,,,,
2023-02-03 06:57:52,-4.033684,-79.217879,Av. Pio Jaramillo,SOLO_DANOS,Caida,Falla mecanica,11,LESIONADO,NO_REGISTRA,VEH_LIVIANO,,,,,,,,
2023-04-06 00:31:11,-3.996395,-79.226208,Calle Imbabura,CON_FALLECIDOS,Incendio,Via resbaladiza o mojada,53,FALLECIDO,HOMBRE,CICLISTA,29,LESIONADO,NO_REGISTRA,CICLISTA,5,LESIONADO,HOMBRE,CICLISTA
2023-01-06 15:37:56,-3.989415,-79.230241,Av. Isidro Ayora,CON_LESIONADOS,Volcamiento,Inobservancia de senales,7,LESIONADO,HOMBRE,SCOOTER,48,LESIONADO,MUJER,MOTOCICLETA,58,LESIONADO,HOMBRE,PEATON
2023-11-12 01:31:03,-3.991047,-79.205924,Calle Saraguro,CON_LESIONADOS,Atropellamiento,Visibilidad reducida,32,LESIONADO,NO_REGISTRA,MOTOCICLETA,36,LESIONADO,NO_REGISTRA,PEATON,,,,
2023-11-23 06:47:59,-4.008748,-79.185259,Calle 18 de Noviembre,CON_FALLECIDOS,Volcamiento,Imprudencia del conductor,72,FALLECIDO,NO_REGISTRA,SCOOTER,,,,,,,,
2023-08-07 19:39:23,-3.990054,-79.223070,Calle Montufar,SOLO_DANOS,Accidente Laboral,Visibilidad reducida,,,,,,,,,,,,
2023-03-24 10:25:27,-4.036255,-79.178119,Av. Manuel Agustin Aguirre,CON_LESIONADOS,Caida,Via resbaladiza o mojada,20,LESIONADO,MUJER,VEH_LIVIANO,,,,,,,,
2023-02-27 10:18:57,-3.979259,-79.171707,Calle Miguel Riofrio,CON_FALLECIDOS,Accidente Laboral,Mal estado de la via,51,FALLECIDO,HOMBRE,MOTOCICLETA,79,LESIONADO,NO_REGISTRA,CICLISTA,,,,
2023-04-17 11:20:56,-4.014776,-79.201636,Av. Gran Colombia,CON_FALLECIDOS,Atropellamiento,Imprudencia del conductor,50,FALLECIDO,MUJER,PEATON,34,LESIONADO,HOMBRE,SCOOTER,,,,
2023-02-06 15:28:22,-4.034692,-79.228001,Calle Montufar,CON_FALLECIDOS,Atropellamiento,Exceso de velocidad,75,FALLECIDO,HOMBRE,MOTOCICLETA,35,LESIONADO,HOMBRE,PEATON,,,,
2023-06-06 20:46:34,-4.018132,-79.209103,Calle 18 de Noviembre,CON_LESIONADOS,Colision Multiple,Imprudencia del conductor,18,LESIONADO,NO_REGISTRA,PEATON,28,LESIONADO,HOMBRE,CICLISTA,,,,
2023-09-22 23:46:36,-4.008139,-79.175649,Calle Saraguro,SOLO_DANOS,Volcamiento,Equipo de seguridad deficiente,,,,,,,,,,,,
2023-01-22 15:13:50,-4.035030,-79.186710,Via Loja - Catamayo,CON_LESIONADOS,Caida,Factores externos,6,LESIONADO,MUJER,PEATON,30,LESIONADO,MUJER,OTRO,,,,
2023-07-21 03:52:05,-4.010449,-79.205494,Calle 10 de Agosto,CON_FALLECIDOS,Volcamiento,Visibilidad reducida,47,FALLECIDO,NO_REGISTRA,VEH_LIVIANO,61,FALLECIDO,HOMBRE,MOTOCICLETA,44,LESIONADO,MUJER,CICLISTA
2023-09-22 05:28:35,-3.988476,-79.192849,Av. Reinaldo Espinosa,SOLO_DANOS,Accidente Laboral,Exceso de velocidad,,,,,,,,,,,,
2023-02-28 20:55:35,-4.028264,-79.176864,Calle 10 de Agosto,CON_FALLECIDOS,Incendio,Visibilidad reducida,38,FALLECIDO,MUJER,CICLISTA,63,FALLECIDO,MUJER,MOTOCICLETA,46,LESIONADO,NO_REGISTRA,OTRO
2023-06-08 15:22:07,-4.007839,-79.213691,Calle Imbabura,CON_LESIONADOS,Volcamiento,Exceso de velocidad,57,LESIONADO,NO_REGISTRA,CICLISTA,14,LESIONADO,HOMBRE,MOTOCICLETA,,,,
2023-06-15 11:15:34,-3.988609,-79.230128,Av. Orillas del Zamora,SOLO_DANOS,Colision Multiple,Equipo de seguridad deficiente,,,,,,,,,,,,
2023-08-28 06:48:09,-4.018137,-79.225588,Calle Sucre,CON_FALLECIDOS,Volcamiento,Fatiga del conductor,19,FALLECIDO,HOMBRE,MOTOCICLETA,77,LESIONADO,HOMBRE,SCOOTER,51,LESIONADO,NO_REGISTRA,SCOOTER
2023-09-09 10:57:47,-3.999122,-79.183019,Calle Ramon Borrero,CON_LESIONADOS,Colision Multiple,Imprudencia del conductor,40,LESIONADO,MUJER,PEATON,39,LESIONADO,HOMBRE,SCOOTER,,,,
2023-01-06 01:18:20,-3.983179,-79.194560,Calle Azogues,SOLO_DANOS,Atropellamiento,Mal estado de la via,,,,,,,,,,,,
2023-05-22 06:09:39,-4.016109,-79.211928,Calle 10 de Agosto,CON_FALLECIDOS,Accidente Laboral,Mal estado de la via,30,FALLECIDO,HOMBRE,CICLISTA,82,FALLECIDO,HOMBRE,VEH_LIVIANO,,,,
2023-06-19 23:47:27,-3.995875,-79.182848,Av. Reinaldo Espinosa,SOLO_DANOS,Colision Multiple,Falla mecanica,,,,,,,,,,,,
2023-04-03 05:06:32,-4.036054,-79.215282,Calle 10 de Agosto,CON_FALLECIDOS,Accidente Laboral,Falla mecanica,32,FALLECIDO,MUJER,SCOOTER,49,FALLECIDO,MUJER,CICLISTA,65,LESIONADO,MUJER,OTRO
2023-04-02 21:10:52,-3.990099,-79.188120,Calle Ramon Borrero,CON_LESIONADOS,Choque Vehicular,Distraccion (celular/radio),76,LESIONADO,NO_REGISTRA,PEATON,,,,,,,,
2023-10-19 21:43:18,-3.992603,-79.194785,Av. Reinaldo Espinosa,CON_FALLECIDOS,Choque Vehicular,Factores externos,20,FALLECIDO,NO_REGISTRA,PEATON,45,FALLECIDO,NO_REGISTRA,CICLISTA,21,LESIONADO,NO_REGISTRA,MOTOCICLETA
2023-01-18 19:00:16,-4.022791,-79.189812,Calle Sucre,CON_FALLECIDOS,Accidente Laboral,Exceso de velocidad,34,FALLECIDO,HOMBRE,VEH_LIVIANO,40,LESIONADO,NO_REGISTRA,MOTOCICLETA,,,,
2023-02-23 12:44:00,-3.979222,-79.198801,Calle 10 de Agosto,CON_LESIONADOS,Volcamiento,Mal estado de la via,78,LESIONADO,MUJER,SCOOTER,,,,,,,,
2023-09-25 07:37:56,-4.003734,-79.229667,Av. Orillas del Zamora,CON_LESIONADOS,Colision Multiple,Inobservancia de senales,12,LESIONADO,NO_REGISTRA,VEH_LIVIANO,53,LESIONADO,MUJER,PEATON,51,LESIONADO,MUJER,OTRO
2023-01-02 01:14:44,-3.983310,-79.174648,Calle 18 de Noviembre,CON_LESIONADOS,Colision Multiple,Exceso de velocidad,6,LESIONADO,MUJER,PEATON,18,LESIONADO,NO_REGISTRA,SCOOTER,33,LESIONADO,HOMBRE,MOTOCICLETA
2023-04-03 11:51:39,-4.023352,-79.212809,Av. Isidro Ayora,CON_LESIONADOS,Choque Vehicular,Fatiga del conductor,62,LESIONADO,HOMBRE,PEATON,,,,,,,,
2023-09-30 14:42:42,-4.018869,-79.230918,Calle 18 de Noviembre,SOLO_DANOS,Accidente Laboral,Falla mecanica,,,,,,,,,,,,
2023-12-24 05:05:38,-4.020612,-79.220872,Calle Imbabura,CON_FALLECIDOS,Accidente Laboral,Fatiga del conductor,66,FALLECIDO,MUJER,PEATON,36,LESIONADO,MUJER,CICLISTA,24,LESIONADO,HOMBRE,MOTOCICLETA
2023-11-12 22:27:49,-3.985835,-79.183405,Av. Universitaria,CON_LESIONADOS,Choque Vehicular,Distraccion (celular/radio),68,LESIONADO,NO_REGISTRA,SCOOTER,,,,,,,,
2023-05-30 14:04:05,-4.030122,-79.211044,Calle Montufar,SOLO_DANOS,Volcamiento,Mal estado de la via,,,,,,,,,,,,
2023-10-30 23:18:12,-4.033085,-79.208768,Calle Imbabura,CON_LESIONADOS,Caida,Imprudencia del conductor,74,LESIONADO,HOMBRE,VEH_LIVIANO,22,LESIONADO,MUJER,PEATON,,,,
2023-01-28 06:06:13,-4.020376,-79.210797,Calle Saraguro,CON_LESIONADOS,Choque Vehicular,Falla mecanica,54,LESIONADO,MUJER,CICLISTA,70,LESIONADO,NO_REGISTRA,VEH_LIVIANO,8,LESIONADO,MUJER,PEATON
2023-05-23 21:21:27,-3.999708,-79.193573,Via Loja - Catamayo,SOLO_DANOS,Accidente Laboral,Inobservancia de senales,,,,,,,,,,,,
2023-08-31 01:07:26,-3.987053,-79.215981,Av. Isidro Ayora,CON_FALLECIDOS,Volcamiento,Estado de embriaguez,22,FALLECIDO,MUJER,OTRO,26,FALLECIDO,HOMBRE,OTRO,12,LESIONADO,HOMBRE,OTRO
2023-12-07 12:30:00,-4.003762,-79.189392,Calle Azogues,CON_FALLECIDOS,Incendio,Exceso de velocidad,29,FALLECIDO,NO_REGISTRA,SCOOTER,,,,,,,,
2023-05-30 21:05:21,-3.999390,-79.185970,Via Loja - Zamora,CON_LESIONADOS,Incendio,Imprudencia del conductor,9,LESIONADO,MUJER,SCOOTER,,,,,,,,
2023-05-22 05:50:11,-4.015200,-79.229929,Av. Rosa Hermosa,CON_LESIONADOS,Incendio,Exceso de velocidad,31,LESIONADO,MUJER,OTRO,,,,,,,,
2023-03-17 16:15:08,-4.003652,-79.226730,Calle 10 de Agosto,CON_FALLECIDOS,Volcamiento,Estado de embriaguez,64,FALLECIDO,NO_REGISTRA,PEATON,36,FALLECIDO,HOMBRE,VEH_LIVIANO,62,LESIONADO,NO_REGISTRA,SCOOTER
2023-11-29 20:16:06,-4.003543,-79.179863,Via Loja - Zamora,CON_LESIONADOS,Colision Multiple,Fatiga del conductor,37,LESIONADO,MUJER,MOTOCICLETA,51,LESIONADO,MUJER,VEH_LIVIANO,71,LESIONADO,HOMBRE,VEH_LIVIANO
2023-12-22 13:31:19,-4.020914,-79.208452,Calle Montufar,CON_LESIONADOS,Colision Multiple,Estado de embriaguez,38,LESIONADO,MUJER,OTRO,7,LESIONADO,MUJER,OTRO,50,LESIONADO,MUJER,VEH_LIVIANO
2023-09-11 18:38:39,-4.035925,-79.183759,Calle Bolivar,CON_FALLECIDOS,Incendio,Equipo de seguridad deficiente,49,FALLECIDO,MUJER,MOTOCICLETA,29,FALLECIDO,MUJER,PEATON,22,LESIONADO,NO_REGISTRA,VEH_LIVIANO
2023-02-03 11:23:58,-4.010406,-79.182356,Calle Mercadillo,CON_FALLECIDOS,Colision Multiple,Mal estado de la via,73,FALLECIDO,MUJER,OTRO,71,FALLECIDO,HOMBRE,MOTOCICLETA,34,LESIONADO,MUJER,OTRO
2023-03-25 20:27:41,-3.994466,-79.193761,Av. Rosa Hermosa,SOLO_DANOS,Choque Vehicular,Falla mecanica,,,,,,,,,,,,
2023-06-25 09:16:24,-3.988962,-79.176388,Via Loja - Zamora,CON_LESIONADOS,Atropellamiento,Via resbaladiza o mojada,55,LESIONADO,MUJER,OTRO,11,LESIONADO,HOMBRE,CICLISTA,,,,
2023-03-26 13:11:40,-3.979041,-79.179635,Calle Ramon Borrero,CON_FALLECIDOS,Incendio,Imprudencia del conductor,23,FALLECIDO,NO_REGISTRA,MOTOCICLETA,46,FALLECIDO,HOMBRE,CICLISTA,28,LESIONADO,HOMBRE,CICLISTA
2023-07-03 08:12:17,-3.993811,-79.185879,Calle Azogues,CON_LESIONADOS,Atropellamiento,Visibilidad reducida,47,LESIONADO,HOMBRE,MOTOCICLETA,56,LESIONADO,MUJER,CICLISTA,,,,
2023-11-15 02:02:49,-4.010714,-79.226245,Via Loja - Zamora,CON_FALLECIDOS,Volcamiento,Estado de embriaguez,49,FALLECIDO,NO_REGISTRA,PEATON,51,FALLECIDO,MUJER,MOTOCICLETA,41,LESIONADO,MUJER,CICLISTA
2023-03-08 15:01:53,-4.008184,-79.180377,Calle Rocafuerte,CON_FALLECIDOS,Accidente Laboral,Distraccion (celular/radio),82,FALLECIDO,NO_REGISTRA,OTRO,35,LESIONADO,MUJER,VEH_LIVIANO,,,,
2023-11-30 04:22:10,-4.032652,-79.218374,Calle Mercadillo,CON_FALLECIDOS,Choque Vehicular,Mal estado de la via,65,FALLECIDO,HOMBRE,MOTOCICLETA,41,FALLECIDO,HOMBRE,VEH_LIVIANO,23,LESIONADO,NO_REGISTRA,OTRO