fecha_hora,latitud,longitud,via,grado_severidad,tipo_siniestro,causa_probable,victima1_edad,victima1_condicion,victima1_sexo,victima1_actor_vial,victima2_edad,victima2_condicion,victima2_sexo,victima2_actor_vial,victima3_edad,victima3_condicion,victima3_sexo,victima3_actor_vial
2023-04-09 01:43:58,-3.979758,-79.227856,Via Loja - Zamora,CON_FALLECIDOS,Incendio,Mal estado de la via,46,FALLECIDO,MUJER,VEH_LIVIANO,28,LESIONADO,NO_REGISTRA,CICLISTA,,,,
2023-02-23 07:27:29,-4.006229,-79.182070,Av. Reinaldo Espinosa,SOLO_DANOS,Incendio,Imprudencia del conductor,,,,,,,,,,,,
2023-02-04 03:05:49,-4.027532,-79.187155,Via Loja - Catamayo,CON_FALLECIDOS,Volcamiento,Equipo de seguridad deficiente,64,FALLECIDO,MUJER,CICLISTA,12,LESIONADO,MUJER,SCOOTER,52,LESIONADO,NO_REGISTRA,VEH_LIVIANO
2023-07-14 19:01:11,-4.019159,-79.226597,Via Loja - Zamora,SOLO_DANOS,Choque Vehicular,Fatiga del conductor,,,,,,,,,,,,
2023-05-31 13:06:13,-3.988969,-79.187641,Ruta 35,CON_LESIONADOS,Volcamiento,Fatiga del conductor,34,LESIONADO,HOMBRE,VEH_LIVIANO,80,LESIONADO,NO_REGISTRA,MOTOCICLETA,,,,
2023-11-20 18:26:30,-4.027122,-79.183156,Calle Imbabura,SOLO_DANOS,Caida,Via resbaladiza o mojada,,,,,,,,,,,,
2023-10-07 22:04:09,-4.026835,-79.189205,Av. Orillas del Zamora,SOLO_DANOS,Accidente Laboral,Equipo de seguridad deficiente,30,LESIONADO,HOMBRE,PEATON,,,,,,,,
2023-07-24 23:01:43,-4.007051,-79.230511,Av. Universitaria,SOLO_DANOS,Colision Multiple,Via resbaladiza o mojada,,,,,,,,,,,,
2023-03-12 11:45:41,-3.992869,-79.203699,Av. Pio Jaramillo,SOLO_DANOS,Accidente Laboral,Factores externos,,,,,,,,,,,,
2023-03-26 19:19:28,-4.016964,-79.185861,Via Loja - Zamora,SOLO_DANOS,Caida,Equipo de seguridad deficiente,,,,,,,,,,,,
2023-12-20 02:18:38,-4.028579,-79.216309,Ruta 35,SOLO_DANOS,Colision Multiple,Factores externos,,,,,,,,,,,,
2023-09-25 17:40:05,-3.993645,-79.182855,Calle 18 de Noviembre,CON_FALLECIDOS,Atropellamiento,Exceso de velocidad,41,FALLECIDO,NO_REGISTRA,VEH_LIVIANO,10,LESIONADO,NO_REGISTRA,PEATON,24,LESIONADO,NO_REGISTRA,VEH_LIVIANO
2023-06-17 02:15:11,-4.015643,-79.214635,Via Loja - Catamayo,CON_FALLECIDOS,Accidente Laboral,Imprudencia del conductor,41,FALLECIDO,NO_REGISTRA,SCOOTER,46,FALLECIDO,MUJER,PEATON,21,LESIONADO,NO_REGISTRA,PEATON
2023-09-25 22:02:18,-3.995821,-79.221627,Calle Azogues,SOLO_DANOS,Incendio,Falla mecanica,,,,,,,,,,,,
2023-08-09 14:47:25,-3.993335,-79.218725,Via Loja - Zamora,CON_LESIONADOS,Colision Multiple,Inobservancia de senales,77,LESIONADO,HOMBRE,OTRO,65,LESIONADO,MUJER,PEATON,,,,
2023-07-29 20:16:04,-4.011092,-79.228341,Via Loja - Catamayo,SOLO_DANOS,Choque Vehicular,Mal estado de la via,,,,,,,,,,,,
2023-09-21 06:01:41,-4.023135,-79.180416,Calle Ramon Borrero,CON_FALLECIDOS,Choque Vehicular,Mal estado de la via,69,FALLECIDO,HOMBRE,SCOOTER,47,FALLECIDO,MUJER,MOTOCICLETA,19,LESIONADO,MUJER,MOTOCICLETA
2023-06-11 04:23:32,-3.994265,-79.185271,Av. Universitaria,CON_LESIONADOS,Atropellamiento,Equipo de seguridad deficiente,5,LESIONADO,HOMBRE,SCOOTER,75,LESIONADO,NO_REGISTRA,OTRO,,,,
2023-11-15 17:45:49,-4.022521,-79.189388,Calle Saraguro,CON_LESIONADOS,Incendio,Falla mecanica,74,LESIONADO,MUJER,PEATON,33,LESIONADO,MUJER,VEH_LIVIANO,,,,
2023-12-03 03:24:35,-4.002910,-79.211836,Av. Isidro Ayora,CON_FALLECIDOS,Incendio,Estado de embriaguez,26,FALLECIDO,HOMBRE,VEH_LIVIANO,,,,,,,,
2023-03-01 11:20:10,-3.993723,-79.208596,Av. 8 de Diciembre,SOLO_DANOS,Atropellamiento,Via resbaladiza o mojada,,,,,,,,,,,,
2023-01-10 14:42:33,-4.032543,-79.226339,Av. Gran Colombia,CON_FALLECIDOS,Choque Vehicular,Fatiga del conductor,40,FALLECIDO,NO_REGISTRA,PEATON,8,LESIONADO,MUJER,CICLISTA,,,,
2023-02-07 22:00:31,-4.035579,-79.191375,Av. Pio Jaramillo,SOLO_DANOS,Volcamiento,Fatiga del conductor,,,,,,,,,,,,
2023-05-20 14:31:29,-4.010313,-79.227734,Av. Reinaldo Espinosa,CON_LESIONADOS,Caida,Falla mecanica,45,LESIONADO,MUJER,MOTOCICLETA,80,LESIONADO,NO_REGISTRA,VEH_LIVIANO,35,LESIONADO,NO_REGISTRA,OTRO
2023-10-28 19:00:20,-3.977596,-79.205595,Calle Ramon Borrero,CON_LESIONADOS,Choque Vehicular,Imprudencia del conductor,53,LESIONADO,NO_REGISTRA,VEH_LIVIANO,72,LESIONADO,NO_REGISTRA,MOTOCICLETA,26,LESIONADO,HOMBRE,SCOOTER
2023-02-26 14:56:42,-4.024708,-79.202856,Av. Isidro Ayora,SOLO_DANOS,Volcamiento,Via resbaladiza o mojada,,,,,,,,,,,,
2023-01-23 19:34:22,-4.015275,-79.181187,Calle Miguel Riofrio,CON_FALLECIDOS,Accidente Laboral,Falla mecanica,82,FALLECIDO,HOMBRE,VEH_LIVIANO,28,FALLECIDO,MUJER,SCOOTER,51,LESIONADO,MUJER,PEATON
2023-08-12 08:53:44,-4.011832,-79.197879,Av. Metropolitana,CON_LESIONADOS,Caida,Via resbaladiza o mojada,61,LESIONADO,MUJER,CICLISTA,25,LESIONADO,NO_REGISTRA,PEATON,,,,
2023-04-21 13:19:48,-4.025956,-79.180107,Av. 8 de Diciembre,CON_FALLECIDOS,Accidente Laboral,Imprudencia del conductor,28,FALLECIDO,MUJER,PEATON,,,,,,,,
2023-09-13 20:23:41,-4.027947,-79.229496,Ruta 35,SOLO_DANOS,Volcamiento,Distraccion (celular/radio),,,,,,,,,,,,
2023-09-03 16:49:41,-3.993934,-79.206409,Calle 18 de Noviembre,CON_LESIONADOS,Caida,Via resbaladiza o mojada,60,LESIONADO,MUJER,SCOOTER,72,LESIONADO,HOMBRE,PEATON,,,,
2023-03-10 19:13:52,-3.985158,-79.193954,Calle Imbabura,CON_FALLECIDOS,Caida,Equipo de seguridad deficiente,77,FALLECIDO,MUJER,PEATON,6,LESIONADO,MUJER,MOTOCICLETA,,,,
2023-08-14 21:28:33,-4.026568,-79.214600,Via Loja - Catamayo,SOLO_DANOS,Colision Multiple,Factores externos,,,,,,,,,,,,
2023-06-22 07:56:00,-4.013969,-79.192446,Av. Pio Jaramillo,SOLO_DANOS,Colision Multiple,Equipo de seguridad deficiente,,,,,,,,,,,,
2023-09-09 08:57:28,-4.024439,-79.210245,Ruta 35,CON_LESIONADOS,Incendio,Exceso de velocidad,31,LESIONADO,HOMBRE,MOTOCICLETA,42,LESIONADO,NO_REGISTRA,SCOOTER,12,LESIONADO,NO_REGISTRA,CICLISTA
2023-06-03 19:16:49,-3.983519,-79.185202,Calle Colon,CON_LESIONADOS,Accidente Laboral,Fatiga del conductor,32,LESIONADO,MUJER,OTRO,41,LESIONADO,MUJER,VEH_LIVIANO,,,,
2023-01-01 11:55:52,-4.017018,-79.221282,Calle Mercadillo,SOLO_DANOS,Atropellamiento,Distraccion (celular/radio),,,,,,,,,,,,
2023-07-14 03:21:14,-4.017703,-79.182838,Av. Orillas del Zamora,CON_FALLECIDOS,Volcamiento,Via resbaladiza o mojada,53,FALLECIDO,NO_REGISTRA,OTRO,78,FALLECIDO,MUJER,PEATON,25,LESIONADO,MUJER,CICLISTA
2023-01-23 05:07:37,-4.025192,-79.173076,Av. Rosa Hermosa,CON_FALLECIDOS,Volcamiento,Visibilidad reducida,36,FALLECIDO,HOMBRE,VEH_LIVIANO,72,FALLECIDO,MUJER,SCOOTER,77,LESIONADO,NO_REGISTRA,MOTOCICLETA
2023-01-26 02:41:29,-3.995080,-79.201946,Av. Rosa Hermosa,CON_FALLECIDOS,Volcamiento,Imprudencia del conductor,82,FALLECIDO,NO_REGISTRA,MOTOCICLETA,65,FALLECIDO,HOMBRE,SCOOTER,,,,
2023-09-02 16:42:11,-3.984007,-79.190495,Calle Sucre,CON_LESIONADOS,Caida,Falla mecanica,7,LESIONADO,HOMBRE,CICLISTA,71,LESIONADO,HOMBRE,MOTOCICLETA,62,LESIONADO,MUJER,SCOOTER
2023-06-02 16:51:54,-4.028491,-79.179016,Calle Rocafuerte,CON_LESIONADOS,Colision Multiple,Via resbaladiza o mojada,33,LESIONADO,NO_REGISTRA,SCOOTER,63,LESIONADO,NO_REGISTRA,OTRO,,,,
2023-08-28 18:56:23,-3.994918,-79.228795,Av. Gran Colombia,CON_FALLECIDOS,Incendio,Distraccion (celular/radio),79,FALLECIDO,MUJER,PEATON,45,LESIONADO,NO_REGISTRA,OTRO,,,,
2023-07-29 16:53:31,-4.014759,-79.228082,Av. Pio Jaramillo,CON_LESIONADOS,Incendio,Inobservancia de senales,48,LESIONADO,HOMBRE,OTRO,37,LESIONADO,NO_REGISTRA,VEH_LIVIANO,21,LESIONADO,HOMBRE,CICLISTA
2023-06-08 13:47:19,-3.986963,-79.210507,Av. Rosa Hermosa,SOLO_DANOS,Incendio,Fatiga del conductor,,,,,,,,,,,,
2023-09-04 13:49:24,-3.979641,-79.184305,Calle Miguel Riofrio,CON_FALLECIDOS,Colision Multiple,Imprudencia del conductor,49,FALLECIDO,MUJER,SCOOTER,61,FALLECIDO,HOMBRE,CICLISTA,,,,
2023-01-16 22:07:31,-3.995599,-79.216145,Calle Miguel Riofrio,SOLO_DANOS,Atropellamiento,Fatiga del conductor,,,,,,,,,,,,
2023-02-01 12:21:38,-4.029081,-79.203289,Calle Rocafuerte,CON_FALLECIDOS,Incendio,Falla mecanica,84,FALLECIDO,HOMBRE,OTRO,53,FALLECIDO,HOMBRE,VEH_LIVIANO,,,,
2023-03-01 02:59:59,-3.991203,-79.208078,Av. 8 de Diciembre,CON_FALLECIDOS,Choque Vehicular,Fatiga del conductor,56,FALLECIDO,MUJER,VEH_LIVIANO,32,LESIONADO,NO_REGISTRA,PEATON,69,LESIONADO,NO_REGISTRA,MOTOCICLETA
2023-03-07 17:26:32,-3.996398,-79.193195,Av. Gran Colombia,SOLO_DANOS,Choque Vehicular,Visibilidad reducida,58,LESIONADO,MUJER,MOTOCICLETA,,,,,,,,
2023-05-14 11:56:06,-4.029761,-79.217078,Calle Colon,SOLO_DANOS,Accidente Laboral,Imprudencia del conductor,,,,,,,,,,,,
2023-04-16 21:03:42,-4.017835,-79.218519,Av. Orillas del Zamora,CON_LESIONADOS,Atropellamiento,Fatiga del conductor,74,LESIONADO,MUJER,PEATON,57,LESIONADO,HOMBRE,PEATON,43,LESIONADO,HOMBRE,MOTOCICLETA
2023-03-27 07:31:43,-3.985108,-79.212390,Calle Bolivar,CON_FALLECIDOS,Volcamiento,Fatiga del conductor,36,FALLECIDO,HOMBRE,OTRO,33,LESIONADO,HOMBRE,OTRO,,,,
2023-07-23 06:38:12,-4.007313,-79.187882,Via Loja - Zamora,SOLO_DANOS,Atropellamiento,Via resbaladiza o mojada,,,,,,,,,,,,
2023-05-20 10:16:09,-4.008642,-79.219441,Calle Colon,SOLO_DANOS,Colision Multiple,Fatiga del conductor,,,,,,,,,,,,
2023-02-13 10:43:44,-4.023240,-79.179063,Via Loja - Catamayo,CON_FALLECIDOS,Colision Multiple,Estado de embriaguez,57,FALLECIDO,HOMBRE,VEH_LIVIANO,77,LESIONADO,MUJER,OTRO,8,LESIONADO,HOMBRE,SCOOTER
2023-01-27 18:38:27,-3.989906,-79.230719,Av. Cuxibamba,CON_FALLECIDOS,Caida,Falla mecanica,63,FALLECIDO,MUJER,OTRO,35,LESIONADO,NO_REGISTRA,MOTOCICLETA,,,,
2023-07-27 10:20:52,-4.018116,-79.173133,Calle Mercadillo,CON_FALLECIDOS,Colision Multiple,Estado de embriaguez,61,FALLECIDO,MUJER,OTRO,70,LESIONADO,NO_REGISTRA,MOTOCICLETA,16,LESIONADO,HOMBRE,MOTOCICLETA
2023-11-08 22:25:19,-3.997808,-79.228918,Calle Azogues,CON_LESIONADOS,Atropellamiento,Mal estado de la via,80,LESIONADO,NO_REGISTRA,SCOOTER,6,LESIONADO,MUJER,SCOOTER,62,LESIONADO,NO_REGISTRA,VEH_LIVIANO
2023-03-29 22:56:42,-4.035413,-79.214737,Av. Manuel Agustin Aguirre,SOLO_DANOS,Volcamiento,Exceso de velocidad,,,,,,,,,,,,
2023-01-27 00:52:31,-4.030158,-79.186595,Av. 8 de Diciembre,SOLO_DANOS,Choque Vehicular,Via resbaladiza o mojada,,,,,,,,,,,,
2023-09-04 14:23:02,-3.984441,-79.219291,Via Loja - Catamayo,CON_FALLECIDOS,Incendio,Distraccion (celular/radio),37,FALLECIDO,HOMBRE,SCOOTER,,,,,,,,
2023-04-24 08:38:56,-4.031388,-79.225527,Av. Metropolitana,CON_FALLECIDOS,Caida,Estado de embriaguez,33,FALLECIDO,HOMBRE,MOTOCICLETA,11,LESIONADO,HOMBRE,SCOOTER,,,,
2023-03-02 18:46:32,-3.981149,-79.216424,Calle Mercadillo,SOLO_DANOS,Atropellamiento,Fatiga del conductor,,,,,,,,,,,,
2023-09-24 02:17:14,-3.983548,-79.214742,Calle Azogues,CON_LESIONADOS,Volcamiento,Factores externos,24,LESIONADO,NO_REGISTRA,VEH_LIVIANO,38,LESIONADO,MUJER,OTRO,36,LESIONADO,HOMBRE,CICLISTA
2023-03-11 17:54:50,-4.031755,-79.174102,Av. Cuxibamba,CON_FALLECIDOS,Incendio,Falla mecanica,47,FALLECIDO,MUJER,MOTOCICLETA,53,FALLECIDO,NO_REGISTRA,SCOOTER,69,LESIONADO,MUJER,VEH_LIVIANO
2023-05-09 05:16:58,-4.021339,-79.196540,Av. Rosa Hermosa,SOLO_DANOS,Accidente Laboral,Imprudencia del conductor,,,,,,,,,,,,
2023-10-09 05:39:38,-3.992881,-79.225408,Av. Reinaldo Espinosa,SOLO_DANOS,Incendio,Estado de embriaguez,,,,,,,,,,,,
2023-09-14 16:07:47,-3.989569,-79.173587,Calle Saraguro,CON_LESIONADOS,Colision Multiple,Fatiga del conductor,10,LESIONADO,MUJER,SCOOTER,33,LESIONADO,HOMBRE,CICLISTA,,,,
2023-07-02 17:50:01,-3.983158,-79.207458,Calle Quito,SOLO_DANOS,Atropellamiento,Imprudencia del conductor,,,,,,,,,,,,
2023-02-08 14:56:34,-4.025748,-79.211695,Calle Rocafuerte,CON_FALLECIDOS,Choque Vehicular,Via resbaladiza o mojada,44,FALLECIDO,MUJER,SCOOTER,63,FALLECIDO,HOMBRE,OTRO,15,LESIONADO,MUJER,SCOOTER
2023-08-27 02:13:33,-3.982651,-79.191976,Calle Montufar,SOLO_DANOS,Atropellamiento,Mal estado de la via,,,,,,,,,,,,
2023-08-05 03:06:46,-3.983328,-79.215521,Av. Orillas del Zamora,SOLO_DANOS,Colision Multiple,Factores externos,,,,,,,,,,,,
2023-11-19 07:38:15,-3.988674,-79.196677,Calle Ramon Borrero,CON_LESIONADOS,Incendio,Mal estado de la via,23,LESIONADO,HOMBRE,PEATON,12,LESIONADO,HOMBRE,VEH_LIVIANO,20,LESIONADO,HOMBRE,MOTOCICLETA
2023-03-29 19:12:30,-3.984290,-79.193331,Calle 18 de Noviembre,SOLO_DANOS,Colision Multiple,Equipo de seguridad deficiente,,,,,,,,,,,,
2023-05-13 06:21:48,-3.997302,-79.204189,Av. Metropolitana,CON_LESIONADOS,Incendio,Inobservancia de senales,69,LESIONADO,NO_REGISTRA,PEATON,21,LESIONADO,HOMBRE,MOTOCICLETA,70,LESIONADO,HOMBRE,PEATON
2023-01-07 09:26:49,-3.990483,-79.218762,Av. Rosa Hermosa,CON_FALLECIDOS,Caida,Inobservancia de senales,76,FALLECIDO,MUJER,VEH_LIVIANO,5,LESIONADO,NO_REGISTRA,VEH_LIVIANO,,,,
2023-03-13 02:38:49,-4.020821,-79.204119,Via Loja - Zamora,CON_LESIONADOS,Colision Multiple,Distraccion (celular/radio),27,LESIONADO,MUJER,VEH_LIVIANO,21,LESIONADO,MUJER,PEATON,41,LESIONADO,HOMBRE,OTRO
2023-01-08 10:46:04,-4.036049,-79.212819,Calle Bolivar,SOLO_DANOS,Colision Multiple,Via resbaladiza o mojada,,,,,,,,,,,,
2023-08-11 14:39:07,-4.013335,-79.183104,Av. Cuxibamba,CON_LESIONADOS,Caida,Visibilidad reducida,27,LESIONADO,HOMBRE,MOTOCICLETA,73,LESIONADO,MUJER,VEH_LIVIANO,,,,
2023-10-08 18:37:33,-3.986698,-79.215113,Calle Saraguro,SOLO_DANOS,Volcamiento,Fatiga del conductor,,,,,,,,,,,,
2023-06-25 01:17:28,-3.984170,-79.182344,Av. 8 de Diciembre,SOLO_DANOS,Atropellamiento,Imprudencia del conductor,,,,,,,,,,,,
2023-05-03 19:02:12,-4.030121,-79.175725,Calle Azogues,CON_LESIONADOS,Atropellamiento,Imprudencia del conductor,56,LESIONADO,MUJER,VEH_LIVIANO,,,,,,,,
2023-11-11 16:45:23,-3.998178,-79.205114,Av. Universitaria,CON_LESIONADOS,Accidente Laboral,Distraccion (celular/radio),39,LESIONADO,MUJER,SCOOTER,60,LESIONADO,HOMBRE,VEH_LIVIANO,27,LESIONADO,MUJER,OTRO
2023-03-02 06:46:01,-4.016710,-79.186346,Av. Orillas del Zamora,CON_LESIONADOS,Atropellamiento,Equipo de seguridad deficiente,51,LESIONADO,HOMBRE,SCOOTER,43,LESIONADO,NO_REGISTRA,SCOOTER,,,,
2023-09-29 00:39:30,-4.007736,-79.213986,Calle 10 de Agosto,CON_LESIONADOS,Atropellamiento,Distraccion (celular/radio),76,LESIONADO,HOMBRE,VEH_LIVIANO,44,LESIONADO,MUJER,VEH_LIVIANO,,,,
2023-09-26 09:48:19,-4.002928,-79.217911,Av. Reinaldo Espinosa,CON_FALLECIDOS,Caida,Exceso de velocidad,73,FALLECIDO,MUJER,PEATON,44,FALLECIDO,MUJER,MOTOCICLETA,44,LESIONADO,HOMBRE,PEATON
2023-03-10 12:16:21,-4.017590,-79.201650,Ruta 35,CON_LESIONADOS,Volcamiento,Visibilidad reducida,26,LESIONADO,HOMBRE,OTRO,49,LESIONADO,HOMBRE,MOTOCICLETA,80,LESIONADO,NO_REGISTRA,SCOOTER
2023-03-07 11:05:14,-4.002597,-79.182201,Calle Ramon Borrero,SOLO_DANOS,Incendio,Inobservancia de senales,28,LESIONADO,NO_REGISTRA,CICLISTA,,,,,,,,
2023-01-01 07:37:04,-3.979004,-79.191406,Via Loja - Zamora,CON_LESIONADOS,Atropellamiento,Estado de embriaguez,61,LESIONADO,NO_REGISTRA,PEATON,32,LESIONADO,NO_REGISTRA,SCOOTER,,,,
2023-07-01 13:27:20,-3.982687,-79.181522,Av. 8 de Diciembre,SOLO_DANOS,Caida,Falla mecanica,,,,,,,,,,,,
2023-05-05 03:56:09,-3.980888,-79.176397,Calle Quito,CON_LESIONADOS,Choque Vehicular,Inobservancia de senales,74,LESIONADO,HOMBRE,VEH_LIVIANO,24,LESIONADO,MUJER,OTRO,,,,
2023-09-24 22:08:17,-4.001392,-79.189995,Ruta 35,CON_LESIONADOS,Atropellamiento,Fatiga del conductor,42,LESIONADO,NO_REGISTRA,CICLISTA,,,,,,,,
2023-11-22 09:47:29,-3.991524,-79.206155,Av. Pio Jaramillo,CON_LESIONADOS,Volcamiento,Equipo de seguridad deficiente,63,LESIONADO,MUJER,VEH_LIVIANO,67,LESIONADO,MUJER,OTRO,8,LESIONADO,HOMBRE,CICLISTA
2023-06-15 07:56:45,-4.004697,-79.204542,Ruta 35,CON_LESIONADOS,Atropellamiento,Equipo de seguridad deficiente,8,LESIONADO,MUJER,PEATON,,,,,,,,
2023-11-03 23:27:50,-3.981951,-79.175773,Calle Rocafuerte,SOLO_DANOS,Accidente Laboral,Visibilidad reducida,,,,,,,,,,,,
2023-10-09 09:01:27,-4.014670,-79.216096,Via Loja - Zamora,SOLO_DANOS,Incendio,Imprudencia del conductor,,,,,,,,,,,,
2023-10-30 09:27:29,-3.978598,-79.174782,Av. Orillas del Zamora,SOLO_DANOS,Colision Multiple,Imprudencia del conductor,23,LESIONADO,MUJER,SCOOTER,,,,,,,,
2023-10-08 09:39:31,-4.027029,-79.226930,Av. Pio Jaramillo,SOLO_DANOS,Volcamiento,Falla mecanica,,,,,,,,,,,,
2023-01-03 14:05:30,-4.028813,-79.186620,Calle 10 de Agosto,CON_FALLECIDOS,Accidente Laboral,Mal estado de la via,63,FALLECIDO,MUJER,VEH_LIVIANO,12,LESIONADO,MUJER,SCOOTER,,,,
2023-05-10 07:51:31,-3.996871,-79.180095,Calle Ramon Borrero,CON_FALLECIDOS,Atropellamiento,Falla mecanica,52,FALLECIDO,HOMBRE,PEATON,82,FALLECIDO,MUJER,VEH_LIVIANO,52,LESIONADO,HOMBRE,VEH_LIVIANO
2023-01-31 06:51:26,-4.002630,-79.217378,Av. Pio Jaramillo,SOLO_DANOS,Accidente Laboral,Exceso de velocidad,,,,,,,,,,,,
2023-04-27 20:23:06,-3.994774,-79.191103,Calle Colon,CON_FALLECIDOS,Incendio,Distraccion (celular/radio),58,FALLECIDO,NO_REGISTRA,VEH_LIVIANO,64,LESIONADO,NO_REGISTRA,OTRO,45,LESIONADO,MUJER,SCOOTER
2023-06-06 05:46:11,-4.000901,-79.172695,Av. Orillas del Zamora,CON_LESIONADOS,Colision Multiple,Imprudencia del conductor,57,LESIONADO,HOMBRE,VEH_LIVIANO,53,LESIONADO,MUJER,MOTOCICLETA,77,LESIONADO,HOMBRE,OTRO
2023-05-14 19:05:04,-3.982018,-79.185831,Calle Imbabura,CON_FALLECIDOS,Accidente Laboral,Visibilidad reducida,25,FALLECIDO,HOMBRE,SCOOTER,67,FALLECIDO,HOMBRE,PEATON,,,,
2023-06-25 08:57:16,-3.981917,-79.180368,Calle Sucre,SOLO_DANOS,Choque Vehicular,Estado de embriaguez,,,,,,,,,,,,
2023-10-01 14:40:35,-3.981451,-79.217249,Calle Ramon Borrero,CON_LESIONADOS,Colision Multiple,Estado de embriaguez,58,LESIONADO,HOMBRE,OTRO,,,,,,,,
2023-05-29 17:06:35,-4.013709,-79.180743,Av. 8 de Diciembre,CON_FALLECIDOS,Caida,Imprudencia del conductor,72,FALLECIDO,NO_REGISTRA,VEH_LIVIANO,81,FALLECIDO,NO_REGISTRA,CICLISTA,70,LESIONADO,HOMBRE,OTRO
2023-02-11 23:03:20,-3.995091,-79.220281,Ruta 35,CON_LESIONADOS,Accidente Laboral,Distraccion (celular/radio),48,LESIONADO,HOMBRE,VEH_LIVIANO,45,LESIONADO,MUJER,VEH_LIVIANO,,,,
2023-10-23 06:54:36,-4.009756,-79.173173,Av. Pio Jaramillo,CON_LESIONADOS,Atropellamiento,Falla mecanica,78,LESIONADO,MUJER,VEH_LIVIANO,,,,,,,,
2023-09-16 13:17:14,-3.984988,-79.175328,Av. Pio Jaramillo,SOLO_DANOS,Choque Vehicular,Via resbaladiza o mojada,,,,,,,,,,,,
2023-02-18 17:40:36,-4.017071,-79.182645,Av. Rosa Hermosa,CON_FALLECIDOS,Choque Vehicular,Via resbaladiza o mojada,80,FALLECIDO,HOMBRE,CICLISTA,40,FALLECIDO,MUJER,VEH_LIVIANO,26,LESIONADO,HOMBRE,OTRO
2023-03-26 17:33:54,-3.989232,-79.200095,Calle 18 de Noviembre,SOLO_DANOS,Volcamiento,Via resbaladiza o mojada,,,,,,,,,,,,
2023-04-01 18:24:57,-4.022715,-79.194178,Ruta 35,CON_LESIONADOS,Caida,Mal estado de la via,14,LESIONADO,MUJER,VEH_LIVIANO,,,,,,,,
2023-02-20 05:12:58,-3.996413,-79.198520,Av. Cuxibamba,SOLO_DANOS,Accidente Laboral,Exceso de velocidad,,,,,,,,,,,,
2023-02-13 23:39:32,-3.992288,-79.229463,Av. 8 de Diciembre,SOLO_DANOS,Incendio,Inobservancia de senales,,,,,,,,,,,,
2023-11-22 20:08:23,-3.977598,-79.192705,Calle Rocafuerte,CON_FALLECIDOS,Choque Vehicular,Inobservancia de senales,31,FALLECIDO,MUJER,VEH_LIVIANO,42,LESIONADO,MUJER,VEH_LIVIANO,,,,
2023-01-17 03:21:36,-3.987225,-79.178719,Av. Manuel Agustin Aguirre,CON_FALLECIDOS,Atropellamiento,Distraccion (celular/radio),23,FALLECIDO,NO_REGISTRA,SCOOTER,,,,,,,,
2023-11-23 17:34:24,-4.034031,-79.200426,Calle Imbabura,SOLO_DANOS,Atropellamiento,Inobservancia de senales,,,,,,,,,,,,
2023-11-26 14:11:39,-4.033813,-79.207166,Av. Cuxibamba,SOLO_DANOS,Caida,Exceso de velocidad,,,,,,,,,,,,
2023-05-23 18:34:18,-4.035435,-79.175415,Av. Orillas del Zamora,CON_FALLECIDOS,Colision Multiple,Via resbaladiza o mojada,75,FALLECIDO,NO_REGISTRA,CICLISTA,72,LESIONADO,MUJER,PEATON,63,LESIONADO,HOMBRE,OTRO
2023-04-07 03:01:48,-4.001472,-79.174407,Calle Colon,CON_FALLECIDOS,Atropellamiento,Equipo de seguridad deficiente,33,FALLECIDO,NO_REGISTRA,PEATON,,,,,,,,
2023-01-02 07:22:22,-3.980052,-79.177591,Calle 10 de Agosto,CON_LESIONADOS,Colision Multiple,Exceso de velocidad,51,LESIONADO,HOMBRE,CICLISTA,14,LESIONADO,NO_REGISTRA,CICLISTA,,,,
2023-10-18 02:29:34,-4.009914,-79.210082,Av. 8 de Diciembre,CON_FALLECIDOS,Colision Multiple,Via resbaladiza o mojada,79,FALLECIDO,HOMBRE,PEATON,35,LESIONADO,NO_REGISTRA,OTRO,,,,
2023-02-04 03:02:09,-4.032796,-79.215478,Calle Miguel Riofrio,SOLO_DANOS,Atropellamiento,Imprudencia del conductor,,,,,,,,,,,,
2023-12-02 11:15:17,-4.029463,-79.173188,Calle Colon,SOLO_DANOS,Incendio,Exceso de velocidad,11,LESIONADO,NO_REGISTRA,MOTOCICLETA,,,,,,,,
2023-09-17 09:32:45,-4.013374,-79.226301,Av. Pio Jaramillo,CON_LESIONADOS,Colision Multiple,Visibilidad reducida,78,LESIONADO,NO_REGISTRA,CICLISTA,52,LESIONADO,NO_REGISTRA,SCOOTER,32,LESIONADO,HOMBRE,CICLISTA
2023-10-25 13:40:59,-4.020548,-79.173711,Av. 8 de Diciembre,SOLO_DANOS,Colision Multiple,Falla mecanica,,,,,,,,,,,,
2023-08-10 12:02:39,-4.017540,-79.229508,Calle Colon,CON_LESIONADOS,Caida,Via resbaladiza o mojada,72,LESIONADO,NO_REGISTRA,CICLISTA,69,LESIONADO,MUJER,MOTOCICLETA,55,LESIONADO,HOMBRE,SCOOTER
2023-09-22 14:59:11,-4.018600,-79.171418,Calle Rocafuerte,CON_LESIONADOS,Choque Vehicular,Visibilidad reducida,57,LESIONADO,HOMBRE,PEATON,57,LESIONADO,MUJER,MOTOCICLETA,,,,
2023-01-19 20:44:59,-4.022192,-79.191678,Calle Sucre,SOLO_DANOS,Colision Multiple,Distraccion (celular/radio),,,,,,,,,,,,
2023-10-02 19:21:17,-4.019871,-79.223340,Av. Cuxibamba,CON_FALLECIDOS,Accidente Laboral,Imprudencia del conductor,63,FALLECIDO,NO_REGISTRA,VEH_LIVIANO,,,,,,,,