fecha_hora,latitud,longitud,via,grado_severidad,tipo_siniestro,causa_probable,victima1_edad,victima1_condicion,victima1_sexo,victima1_actor_vial,victima2_edad,victima2_condicion,victima2_sexo,victima2_actor_vial,victima3_edad,victima3_condicion,victima3_sexo,victima3_actor_vial
2023-01-10 03:50:49,-3.981867,-79.179692,Calle 10 de Agosto,CON_FALLECIDOS,Choque Vehicular,Exceso de velocidad,71,FALLECIDO,MUJER,OTRO,,,,,,,,
2023-01-11 03:20:33,-3.995664,-79.214419,Via Loja - Catamayo,CON_FALLECIDOS,Choque Vehicular,Visibilidad reducida,33,FALLECIDO,NO_REGISTRA,MOTOCICLETA,25,LESIONADO,MUJER,OTRO,,,,
2023-03-05 08:37:15,-3.985198,-79.183534,Calle Saraguro,CON_FALLECIDOS,Volcamiento,Distraccion (celular/radio),27,FALLECIDO,HOMBRE,VEH_LIVIANO,52,LESIONADO,NO_REGISTRA,CICLISTA,72,LESIONADO,HOMBRE,SCOOTER
2023-11-27 04:40:21,-4.014831,-79.185047,Calle 18 de Noviembre,CON_FALLECIDOS,Atropellamiento,Fatiga del conductor,55,FALLECIDO,MUJER,MOTOCICLETA,,,,,,,,
2023-11-25 07:39:15,-4.029899,-79.226822,Calle Rocafuerte,CON_FALLECIDOS,Choque Vehicular,Factores externos,39,FALLECIDO,NO_REGISTRA,MOTOCICLETA,,,,,,,,
2023-04-08 01:24:27,-4.032523,-79.202477,Av. Cuxibamba,SOLO_DANOS,Choque Vehicular,Via resbaladiza o mojada,,,,,,,,,,,,
2023-02-10 21:33:03,-3.994106,-79.192237,Av. Isidro Ayora,CON_FALLECIDOS,Choque Vehicular,Via resbaladiza o mojada,73,FALLECIDO,MUJER,PEATON,55,FALLECIDO,MUJER,CICLISTA,30,LESIONADO,HOMBRE,VEH_LIVIANO
2023-11-06 08:19:15,-3.991538,-79.171160,Av. Gran Colombia,CON_LESIONADOS,Atropellamiento,Via resbaladiza o mojada,46,LESIONADO,NO_REGISTRA,MOTOCICLETA,,,,,,,,
2023-08-21 02:25:04,-3.986413,-79.187585,Calle Bolivar,CON_FALLECIDOS,Caida,Estado de embriaguez,52,FALLECIDO,HOMBRE,OTRO,71,LESIONADO,MUJER,OTRO,48,LESIONADO,HOMBRE,SCOOTER
2023-12-11 07:32:21,-3.996446,-79.176623,Calle Imbabura,SOLO_DANOS,Volcamiento,Estado de embriaguez,,,,,,,,,,,,
2023-01-19 04:03:31,-4.035835,-79.198380,Calle Montufar,CON_LESIONADOS,Atropellamiento,Exceso de velocidad,11,LESIONADO,NO_REGISTRA,VEH_LIVIANO,48,LESIONADO,NO_REGISTRA,CICLISTA,73,LESIONADO,HOMBRE,OTRO
2023-04-19 21:45:31,-3.996478,-79.222056,Av. Manuel Agustin Aguirre,CON_FALLECIDOS,Caida,Estado de embriaguez,61,FALLECIDO,MUJER,SCOOTER,70,LESIONADO,HOMBRE,VEH_LIVIANO,5,LESIONADO,MUJER,MOTOCICLETA
2023-06-18 13:05:23,-4.035042,-79.208596,Calle Rocafuerte,CON_LESIONADOS,Atropellamiento,Falla mecanica,7,LESIONADO,NO_REGISTRA,OTRO,,,,,,,,
2023-02-16 15:55:26,-4.019627,-79.227068,Av. Orillas del Zamora,CON_FALLECIDOS,Colision Multiple,Equipo de seguridad deficiente,26,FALLECIDO,NO_REGISTRA,VEH_LIVIANO,38,FALLECIDO,MUJER,SCOOTER,,,,
2023-11-12 20:53:09,-4.012632,-79.204725,Calle Saraguro,CON_FALLECIDOS,Volcamiento,Equipo de seguridad deficiente,34,FALLECIDO,NO_REGISTRA,VEH_LIVIANO,5,LESIONADO,MUJER,SCOOTER,,,,
2023-02-22 14:26:25,-4.006804,-79.225594,Ruta 35,CON_LESIONADOS,Caida,Imprudencia del conductor,59,LESIONADO,NO_REGISTRA,SCOOTER,,,,,,,,
2023-07-10 11:23:04,-4.012190,-79.204880,Av. Gran Colombia,CON_FALLECIDOS,Volcamiento,Estado de embriaguez,31,FALLECIDO,HOMBRE,VEH_LIVIANO,82,FALLECIDO,MUJER,SCOOTER,,,,
2023-08-25 07:28:37,-3.994693,-79.185206,Calle Saraguro,SOLO_DANOS,Atropellamiento,Imprudencia del conductor,,,,,,,,,,,,
2023-12-26 15:59:42,-3.991288,-79.204422,Calle Quito,SOLO_DANOS,Atropellamiento,Via resbaladiza o mojada,,,,,,,,,,,,
2023-05-05 17:31:17,-4.023841,-79.221990,Calle Bolivar,SOLO_DANOS,Incendio,Visibilidad reducida,,,,,,,,,,,,
2023-10-09 21:20:48,-3.980278,-79.229519,Calle Bolivar,SOLO_DANOS,Colision Multiple,Falla mecanica,,,,,,,,,,,,
2023-09-23 16:16:46,-3.983854,-79.206585,Av. Manuel Agustin Aguirre,SOLO_DANOS,Incendio,Factores externos,,,,,,,,,,,,
2023-05-19 06:02:43,-3.998085,-79.179058,Av. 8 de Diciembre,SOLO_DANOS,Volcamiento,Distraccion (celular/radio),,,,,,,,,,,,
2023-04-10 19:42:28,-3.985835,-79.201380,Calle Rocafuerte,CON_LESIONADOS,Choque Vehicular,Factores externos,7,LESIONADO,MUJER,VEH_LIVIANO,,,,,,,,
2023-01-31 19:49:12,-4.020768,-79.220564,Av. 8 de Diciembre,CON_FALLECIDOS,Choque Vehicular,Estado de embriaguez,36,FALLECIDO,HOMBRE,OTRO,6,LESIONADO,MUJER,VEH_LIVIANO,20,LESIONADO,NO_REGISTRA,CICLISTA
2023-03-22 06:49:51,-3.978484,-79.173172,Calle Colon,CON_FALLECIDOS,Colision Multiple,Via resbaladiza o mojada,77,FALLECIDO,HOMBRE,VEH_LIVIANO,24,FALLECIDO,HOMBRE,SCOOTER,14,LESIONADO,NO_REGISTRA,VEH_LIVIANO
2023-09-15 06:32:06,-4.017612,-79.204837,Via Loja - Zamora,CON_LESIONADOS,Incendio,Fatiga del conductor,68,LESIONADO,HOMBRE,MOTOCICLETA,68,LESIONADO,MUJER,VEH_LIVIANO,,,,
2023-08-20 02:58:16,-4.007690,-79.219040,Av. Pio Jaramillo,SOLO_DANOS,Choque Vehicular,Exceso de velocidad,,,,,,,,,,,,
2023-08-21 02:48:42,-3.978131,-79.225170,Av. Pio Jaramillo,CON_FALLECIDOS,Colision Multiple,Falla mecanica,49,FALLECIDO,HOMBRE,MOTOCICLETA,37,FALLECIDO,HOMBRE,CICLISTA,62,LESIONADO,MUJER,SCOOTER
2023-10-07 07:31:16,-3.980918,-79.228636,Av. Universitaria,SOLO_DANOS,Choque Vehicular,Distraccion (celular/radio),21,LESIONADO,HOMBRE,PEATON,,,,,,,,
2023-08-05 04:18:51,-4.035357,-79.207436,Av. Isidro Ayora,SOLO_DANOS,Choque Vehicular,Estado de embriaguez,,,,,,,,,,,,
2023-07-30 00:00:07,-3.994028,-79.202456,Calle Quito,CON_LESIONADOS,Atropellamiento,Imprudencia del conductor,73,LESIONADO,MUJER,MOTOCICLETA,11,LESIONADO,MUJER,SCOOTER,66,LESIONADO,MUJER,PEATON
2023-09-29 15:58:25,-3.999981,-79.192585,Calle Miguel Riofrio,SOLO_DANOS,Colision Multiple,Visibilidad reducida,68,LESIONADO,HOMBRE,SCOOTER,,,,,,,,
2023-06-17 08:54:25,-4.019516,-79.185848,Calle Quito,CON_FALLECIDOS,Accidente Laboral,Mal estado de la via,50,FALLECIDO,HOMBRE,CICLISTA,58,FALLECIDO,HOMBRE,SCOOTER,77,LESIONADO,MUJER,MOTOCICLETA
2023-09-12 07:38:24,-3.982364,-79.181825,Calle Azogues,CON_LESIONADOS,Caida,Mal estado de la via,31,LESIONADO,MUJER,SCOOTER,,,,,,,,
2023-04-07 19:46:34,-4.015952,-79.219995,Calle Miguel Riofrio,SOLO_DANOS,Atropellamiento,Falla mecanica,,,,,,,,,,,,
2023-06-26 17:48:43,-4.004448,-79.207793,Calle Imbabura,CON_FALLECIDOS,Colision Multiple,Via resbaladiza o mojada,51,FALLECIDO,NO_REGISTRA,MOTOCICLETA,18,FALLECIDO,HOMBRE,MOTOCICLETA,8,LESIONADO,HOMBRE,VEH_LIVIANO
2023-11-04 17:35:27,-3.986069,-79.175452,Calle Imbabura,SOLO_DANOS,Incendio,Fatiga del conductor,,,,,,,,,,,,
2023-04-24 10:07:26,-4.007770,-79.217058,Calle Sucre,CON_FALLECIDOS,Choque Vehicular,Falla mecanica,53,FALLECIDO,NO_REGISTRA,CICLISTA,55,LESIONADO,MUJER,MOTOCICLETA,73,LESIONADO,NO_REGISTRA,SCOOTER
2023-01-22 16:56:57,-4.029858,-79.224444,Calle Bolivar,CON_LESIONADOS,Volcamiento,Factores externos,6,LESIONADO,NO_REGISTRA,OTRO,,,,,,,,
2023-07-09 20:53:36,-4.000737,-79.203649,Calle Mercadillo,SOLO_DANOS,Accidente Laboral,Via resbaladiza o mojada,,,,,,,,,,,,
2023-06-10 01:58:22,-4.027619,-79.193264,Calle Rocafuerte,SOLO_DANOS,Accidente Laboral,Falla mecanica,,,,,,,,,,,,
2023-06-05 08:04:12,-4.023910,-79.184739,Calle Imbabura,SOLO_DANOS,Choque Vehicular,Inobservancia de senales,,,,,,,,,,,,
2023-07-23 03:03:57,-4.035019,-79.205750,Calle Ramon Borrero,SOLO_DANOS,Accidente Laboral,Mal estado de la via,31,LESIONADO,HOMBRE,CICLISTA,,,,,,,,
2023-08-21 09:53:45,-4.035632,-79.173227,Av. Manuel Agustin Aguirre,CON_FALLECIDOS,Volcamiento,Inobservancia de senales,37,FALLECIDO,NO_REGISTRA,SCOOTER,71,FALLECIDO,HOMBRE,OTRO,,,,
2023-02-28 11:17:45,-4.025964,-79.210956,Av. Gran Colombia,CON_LESIONADOS,Accidente Laboral,Imprudencia del conductor,31,LESIONADO,HOMBRE,SCOOTER,,,,,,,,
2023-03-25 18:19:56,-4.034673,-79.224773,Via Loja - Zamora,CON_FALLECIDOS,Volcamiento,Equipo de seguridad deficiente,83,FALLECIDO,HOMBRE,MOTOCICLETA,56,LESIONADO,NO_REGISTRA,PEATON,,,,
2023-10-10 16:59:31,-3.992918,-79.210481,Calle Saraguro,CON_LESIONADOS,Choque Vehicular,Equipo de seguridad deficiente,70,LESIONADO,NO_REGISTRA,CICLISTA,17,LESIONADO,MUJER,SCOOTER,62,LESIONADO,NO_REGISTRA,VEH_LIVIANO
2023-08-23 19:02:17,-3.977949,-79.195364,Calle 10 de Agosto,CON_LESIONADOS,Caida,Fatiga del conductor,74,LESIONADO,HOMBRE,SCOOTER,69,LESIONADO,HOMBRE,PEATON,35,LESIONADO,MUJER,VEH_LIVIANO
2023-11-17 23:36:49,-4.000252,-79.223941,Calle Ramon Borrero,SOLO_DANOS,Atropellamiento,Exceso de velocidad,,,,,,,,,,,,
2023-07-06 14:42:26,-4.036045,-79.223565,Av. 8 de Diciembre,CON_LESIONADOS,Colision Multiple,Equipo de seguridad deficiente,44,LESIONADO,MUJER,OTRO,49,LESIONADO,MUJER,OTRO,67,LESIONADO,MUJER,VEH_LIVIANO
2023-02-16 00:06:21,-3.995411,-79.181034,Calle Miguel Riofrio,CON_LESIONADOS,Incendio,Distraccion (celular/radio),67,LESIONADO,MUJER,VEH_LIVIANO,12,LESIONADO,HOMBRE,MOTOCICLETA,,,,
2023-03-26 19:35:26,-4.025821,-79.226478,Av. Metropolitana,CON_LESIONADOS,Accidente Laboral,Falla mecanica,68,LESIONADO,HOMBRE,PEATON,,,,,,,,
2023-05-08 22:58:55,-3.977986,-79.224438,Calle 10 de Agosto,SOLO_DANOS,Choque Vehicular,Factores externos,,,,,,,,,,,,
2023-03-18 12:05:48,-3.977713,-79.193050,Av. Rosa Hermosa,CON_LESIONADOS,Choque Vehicular,Via resbaladiza o mojada,6,LESIONADO,NO_REGISTRA,PEATON,74,LESIONADO,NO_REGISTRA,PEATON,,,,
2023-06-25 09:12:04,-4.019937,-79.208704,Calle Bolivar,CON_FALLECIDOS,Atropellamiento,Via resbaladiza o mojada,20,FALLECIDO,NO_REGISTRA,VEH_LIVIANO,14,LESIONADO,NO_REGISTRA,MOTOCICLETA,20,LESIONADO,NO_REGISTRA,MOTOCICLETA
2023-02-03 02:18:57,-3.991165,-79.228381,Calle Bolivar,SOLO_DANOS,Colision Multiple,Fatiga del conductor,,,,,,,,,,,,
2023-08-29 01:10:56,-4.000096,-79.186841,Via Loja - Zamora,CON_LESIONADOS,Atropellamiento,Mal estado de la via,8,LESIONADO,NO_REGISTRA,CICLISTA,73,LESIONADO,HOMBRE,OTRO,34,LESIONADO,HOMBRE,OTRO
2023-11-12 00:34:03,-3.981323,-79.217196,Calle 10 de Agosto,CON_LESIONADOS,Accidente Laboral,Via resbaladiza o mojada,75,LESIONADO,HOMBRE,VEH_LIVIANO,54,LESIONADO,MUJER,OTRO,26,LESIONADO,NO_REGISTRA,PEATON
2023-07-10 19:54:12,-3.980576,-79.175502,Av. Universitaria,CON_FALLECIDOS,Caida,Factores externos,33,FALLECIDO,NO_REGISTRA,OTRO,70,FALLECIDO,NO_REGISTRA,MOTOCICLETA,,,,
2023-03-09 20:45:01,-4.028077,-79.183264,Av. Isidro Ayora,CON_FALLECIDOS,Volcamiento,Mal estado de la via,44,FALLECIDO,NO_REGISTRA,MOTOCICLETA,39,LESIONADO,MUJER,VEH_LIVIANO,,,,
2023-11-18 21:22:15,-3.989685,-79.178049,Av. Pio Jaramillo,CON_FALLECIDOS,Accidente Laboral,Exceso de velocidad,54,FALLECIDO,HOMBRE,MOTOCICLETA,23,LESIONADO,NO_REGISTRA,CICLISTA,,,,
2023-12-17 02:54:48,-4.002818,-79.218956,Calle Saraguro,CON_LESIONADOS,Accidente Laboral,Imprudencia del conductor,55,LESIONADO,MUJER,PEATON,,,,,,,,
2023-03-24 21:55:14,-3.977670,-79.198127,Calle 18 de Noviembre,SOLO_DANOS,Caida,Falla mecanica,,,,,,,,,,,,
2023-09-10 20:12:34,-4.017103,-79.220862,Calle 18 de Noviembre,SOLO_DANOS,Incendio,Estado de embriaguez,,,,,,,,,,,,
2023-01-09 00:17:55,-3.989115,-79.193188,Calle Bolivar,CON_LESIONADOS,Incendio,Inobservancia de senales,77,LESIONADO,NO_REGISTRA,VEH_LIVIANO,,,,,,,,
2023-10-19 06:26:40,-4.002224,-79.189150,Av. Rosa Hermosa,CON_LESIONADOS,Caida,Factores externos,6,LESIONADO,NO_REGISTRA,MOTOCICLETA,,,,,,,,
2023-03-22 16:51:54,-4.031519,-79.221754,Av. Universitaria,CON_LESIONADOS,Caida,Mal estado de la via,75,LESIONADO,MUJER,CICLISTA,52,LESIONADO,NO_REGISTRA,SCOOTER,,,,
2023-06-02 01:59:55,-4.016431,-79.204001,Calle Bolivar,SOLO_DANOS,Caida,Factores externos,,,,,,,,,,,,
2023-08-03 03:24:39,-3.982342,-79.188885,Calle Mercadillo,CON_LESIONADOS,Incendio,Imprudencia del conductor,15,LESIONADO,MUJER,VEH_LIVIANO,79,LESIONADO,NO_REGISTRA,PEATON,49,LESIONADO,MUJER,MOTOCICLETA
2023-06-23 13:02:05,-3.979820,-79.177895,Calle Imbabura,CON_LESIONADOS,Volcamiento,Estado de embriaguez,8,LESIONADO,MUJER,SCOOTER,40,LESIONADO,NO_REGISTRA,VEH_LIVIANO,,,,
2023-04-09 07:33:41,-4.023191,-79.189392,Calle 10 de Agosto,CON_LESIONADOS,Caida,Imprudencia del conductor,27,LESIONADO,NO_REGISTRA,PEATON,52,LESIONADO,HOMBRE,PEATON,57,LESIONADO,MUJER,CICLISTA
2023-06-01 11:41:26,-4.013861,-79.173288,Ruta 35,SOLO_DANOS,Colision Multiple,Distraccion (celular/radio),10,LESIONADO,MUJER,CICLISTA,,,,,,,,
2023-12-15 07:21:25,-4.025005,-79.220377,Av. Isidro Ayora,SOLO_DANOS,Caida,Exceso de velocidad,,,,,,,,,,,,
2023-12-07 09:27:34,-3.987042,-79.225415,Av. Reinaldo Espinosa,CON_LESIONADOS,Caida,Mal estado de la via,57,LESIONADO,MUJER,PEATON,12,LESIONADO,HOMBRE,CICLISTA,,,,
2023-11-10 14:55:09,-3.982298,-79.200201,Calle 18 de Noviembre,CON_FALLECIDOS,Atropellamiento,Via resbaladiza o mojada,65,FALLECIDO,NO_REGISTRA,PEATON,31,FALLECIDO,NO_REGISTRA,PEATON,,,,
2023-12-12 00:28:35,-4.000331,-79.195903,Av. Orillas del Zamora,CON_FALLECIDOS,Choque Vehicular,Estado de embriaguez,20,FALLECIDO,NO_REGISTRA,MOTOCICLETA,59,LESIONADO,MUJER,CICLISTA,,,,
2023-01-02 22:50:23,-4.021810,-79.177481,Av. Rosa Hermosa,CON_FALLECIDOS,Atropellamiento,Falla mecanica,79,FALLECIDO,MUJER,CICLISTA,76,LESIONADO,NO_REGISTRA,OTRO,40,LESIONADO,MUJER,OTRO
2023-08-11 16:53:33,-4.032472,-79.174900,Av. Metropolitana,CON_FALLECIDOS,Choque Vehicular,Imprudencia del conductor,79,FALLECIDO,MUJER,OTRO,81,FALLECIDO,MUJER,PEATON,,,,
2023-04-09 04:54:06,-4.000834,-79.194467,Calle Bolivar,SOLO_DANOS,Caida,Exceso de velocidad,,,,,,,,,,,,
2023-12-21 04:28:49,-3.986728,-79.220940,Av. Cuxibamba,CON_LESIONADOS,Choque Vehicular,Inobservancia de senales,58,LESIONADO,NO_REGISTRA,SCOOTER,,,,,,,,
2023-08-24 00:45:13,-3.987644,-79.229895,Calle 10 de Agosto,CON_LESIONADOS,Volcamiento,Imprudencia del conductor,47,LESIONADO,HOMBRE,VEH_LIVIANO,,,,,,,,
2023-12-02 23:01:32,-4.012119,-79.177268,Calle 10 de Agosto,SOLO_DANOS,Caida,Imprudencia del conductor,,,,,,,,,,,,
2023-01-10 11:32:28,-4.011894,-79.191195,Via Loja - Zamora,SOLO_DANOS,Volcamiento,Factores externos,,,,,,,,,,,,
2023-11-15 02:08:44,-4.029932,-79.230084,Av. Reinaldo Espinosa,CON_LESIONADOS,Volcamiento,Mal estado de la via,30,LESIONADO,NO_REGISTRA,OTRO,31,LESIONADO,NO_REGISTRA,MOTOCICLETA,,,,
2023-12-15 17:34:36,-4.024924,-79.205263,Av. Metropolitana,SOLO_DANOS,Atropellamiento,Imprudencia del conductor,,,,,,,,,,,,
2023-05-08 06:55:15,-3.981043,-79.214491,Calle Miguel Riofrio,CON_LESIONADOS,Accidente Laboral,Falla mecanica,9,LESIONADO,NO_REGISTRA,PEATON,,,,,,,,
2023-10-12 03:34:51,-4.025028,-79.226970,Calle Sucre,CON_LESIONADOS,Accidente Laboral,Exceso de velocidad,33,LESIONADO,NO_REGISTRA,VEH_LIVIANO,27,LESIONADO,HOMBRE,MOTOCICLETA,27,LESIONADO,HOMBRE,VEH_LIVIANO
2023-01-27 11:40:37,-3.991135,-79.205725,Calle Quito,SOLO_DANOS,Choque Vehicular,Equipo de seguridad deficiente,,,,,,,,,,,,
2023-08-06 14:16:17,-3.982105,-79.230139,Via Loja - Catamayo,CON_LESIONADOS,Accidente Laboral,Exceso de velocidad,61,LESIONADO,MUJER,VEH_LIVIANO,30,LESIONADO,HOMBRE,SCOOTER,,,,
2023-10-02 10:52:47,-3.996521,-79.229793,Av. Orillas del Zamora,CON_FALLECIDOS,Incendio,Distraccion (celular/radio),69,FALLECIDO,NO_REGISTRA,PEATON,59,FALLECIDO,HOMBRE,VEH_LIVIANO,67,LESIONADO,NO_REGISTRA,SCOOTER
2023-12-17 05:29:05,-3.979931,-79.202949,Av. 8 de Diciembre,CON_LESIONADOS,Incendio,Exceso de velocidad,49,LESIONADO,MUJER,VEH_LIVIANO,23,LESIONADO,MUJER,PEATON,,,,
2023-07-04 13:09:50,-4.027498,-79.182857,Calle Rocafuerte,CON_FALLECIDOS,Colision Multiple,Factores externos,82,FALLECIDO,MUJER,CICLISTA,45,FALLECIDO,NO_REGISTRA,MOTOCICLETA,57,LESIONADO,MUJER,VEH_LIVIANO
2023-12-26 06:45:37,-4.010303,-79.197600,Calle 10 de Agosto,CON_FALLECIDOS,Choque Vehicular,Factores externos,80,FALLECIDO,NO_REGISTRA,OTRO,,,,,,,,
2023-10-07 21:42:50,-3.990324,-79.210527,Calle 10 de Agosto,CON_LESIONADOS,Incendio,Distraccion (celular/radio),37,LESIONADO,HOMBRE,SCOOTER,,,,,,,,
2023-01-03 15:22:50,-4.022804,-79.194755,Calle Sucre,SOLO_DANOS,Incendio,Mal estado de la via,,,,,,,,,,,,
2023-06-23 06:05:18,-4.025016,-79.197551,Av. Isidro Ayora,CON_LESIONADOS,Volcamiento,Imprudencia del conductor,47,LESIONADO,HOMBRE,CICLISTA,,,,,,,,
2023-05-01 17:01:14,-4.034509,-79.223870,Av. Gran Colombia,CON_LESIONADOS,Volcamiento,Mal estado de la via,61,LESIONADO,MUJER,SCOOTER,22,LESIONADO,MUJER,SCOOTER,,,,
2023-06-17 10:58:26,-4.034209,-79.183354,Calle Montufar,SOLO_DANOS,Accidente Laboral,Inobservancia de senales,,,,,,,,,,,,
2023-07-26 14:12:49,-4.036900,-79.196867,Av. Manuel Agustin Aguirre,CON_FALLECIDOS,Caida,Equipo de seguridad deficiente,38,FALLECIDO,NO_REGISTRA,PEATON,12,LESIONADO,HOMBRE,PEATON,,,,
2023-04-02 14:50:46,-3.982930,-79.206551,Av. Cuxibamba,CON_FALLECIDOS,Caida,Exceso de velocidad,64,FALLECIDO,HOMBRE,CICLISTA,,,,,,,,
2023-02-19 19:58:15,-4.028030,-79.182714,Av. Universitaria,CON_FALLECIDOS,Choque Vehicular,Mal estado de la via,30,FALLECIDO,HOMBRE,CICLISTA,27,FALLECIDO,MUJER,SCOOTER,11,LESIONADO,MUJER,VEH_LIVIANO
2023-07-02 11:56:16,-4.015104,-79.215646,Calle Rocafuerte,CON_FALLECIDOS,Caida,Visibilidad reducida,73,FALLECIDO,HOMBRE,PEATON,40,LESIONADO,NO_REGISTRA,OTRO,66,LESIONADO,HOMBRE,SCOOTER
2023-03-04 18:20:05,-3.990760,-79.177263,Av. Cuxibamba,CON_LESIONADOS,Caida,Distraccion (celular/radio),11,LESIONADO,HOMBRE,VEH_LIVIANO,30,LESIONADO,NO_REGISTRA,MOTOCICLETA,65,LESIONADO,NO_REGISTRA,VEH_LIVIANO
2023-12-25 07:59:26,-3.983812,-79.214152,Av. Pio Jaramillo,CON_FALLECIDOS,Colision Multiple,Inobservancia de senales,25,FALLECIDO,NO_REGISTRA,OTRO,26,FALLECIDO,HOMBRE,VEH_LIVIANO,48,LESIONADO,MUJER,OTRO
2023-06-10 14:50:57,-3.996684,-79.190971,Av. Orillas del Zamora,CON_FALLECIDOS,Choque Vehicular,Estado de embriaguez,84,FALLECIDO,MUJER,OTRO,51,FALLECIDO,MUJER,PEATON,,,,
2023-06-06 19:44:27,-4.015254,-79.213644,Av. Orillas del Zamora,SOLO_DANOS,Incendio,Distraccion (celular/radio),,,,,,,,,,,,
2023-03-17 10:01:26,-4.014391,-79.217407,Calle Ramon Borrero,CON_LESIONADOS,Volcamiento,Factores externos,53,LESIONADO,HOMBRE,VEH_LIVIANO,69,LESIONADO,MUJER,OTRO,5,LESIONADO,HOMBRE,SCOOTER
2023-06-28 04:40:12,-3.978962,-79.200129,Av. Orillas del Zamora,CON_FALLECIDOS,Incendio,Via resbaladiza o mojada,63,FALLECIDO,NO_REGISTRA,MOTOCICLETA,56,FALLECIDO,MUJER,PEATON,,,,
2023-01-25 21:46:51,-4.010193,-79.204237,Calle Ramon Borrero,CON_FALLECIDOS,Colision Multiple,Mal estado de la via,45,FALLECIDO,NO_REGISTRA,PEATON,28,LESIONADO,NO_REGISTRA,CICLISTA,,,,
2023-09-28 19:34:51,-3.992939,-79.212686,Calle Colon,SOLO_DANOS,Accidente Laboral,Equipo de seguridad deficiente,,,,,,,,,,,,
2023-01-30 23:49:55,-4.036766,-79.189773,Av. Rosa Hermosa,CON_FALLECIDOS,Accidente Laboral,Estado de embriaguez,59,FALLECIDO,NO_REGISTRA,PEATON,72,LESIONADO,HOMBRE,SCOOTER,,,,
2023-02-19 00:23:25,-4.006262,-79.177100,Av. Metropolitana,CON_FALLECIDOS,Colision Multiple,Inobservancia de senales,71,FALLECIDO,NO_REGISTRA,SCOOTER,80,FALLECIDO,NO_REGISTRA,SCOOTER,22,LESIONADO,NO_REGISTRA,PEATON
2023-09-10 00:55:40,-3.999248,-79.229658,Calle Mercadillo,SOLO_DANOS,Choque Vehicular,Falla mecanica,,,,,,,,,,,,
2023-02-24 05:26:39,-4.036819,-79.230190,Av. Pio Jaramillo,SOLO_DANOS,Choque Vehicular,Exceso de velocidad,,,,,,,,,,,,
2023-05-04 03:07:14,-3.988889,-79.177959,Av. Manuel Agustin Aguirre,CON_LESIONADOS,Accidente Laboral,Falla mecanica,48,LESIONADO,MUJER,PEATON,11,LESIONADO,HOMBRE,VEH_LIVIANO,,,,
2023-08-20 03:38:36,-4.018262,-79.222481,Calle Azogues,CON_LESIONADOS,Accidente Laboral,Equipo de seguridad deficiente,15,LESIONADO,MUJER,CICLISTA,37,LESIONADO,HOMBRE,VEH_LIVIANO,62,LESIONADO,HOMBRE,SCOOTER
2023-11-02 13:58:45,-4.035167,-79.187339,Via Loja - Zamora,CON_FALLECIDOS,Colision Multiple,Equipo de seguridad deficiente,27,FALLECIDO,NO_REGISTRA,MOTOCICLETA,74,LESIONADO,HOMBRE,MOTOCICLETA,75,LESIONADO,MUJER,PEATON
2023-04-24 03:18:50,-3.979217,-79.192623,Calle Mercadillo,CON_FALLECIDOS,Accidente Laboral,Imprudencia del conductor,58,FALLECIDO,MUJER,OTRO,,,,,,,,
2023-09-28 10:36:33,-3.985183,-79.203725,Calle 10 de Agosto,CON_LESIONADOS,Accidente Laboral,Via resbaladiza o mojada,36,LESIONADO,NO_REGISTRA,PEATON,66,LESIONADO,NO_REGISTRA,CICLISTA,,,,
2023-08-16 18:14:33,-3.993480,-79.203297,Calle Rocafuerte,CON_FALLECIDOS,Accidente Laboral,Visibilidad reducida,58,FALLECIDO,MUJER,VEH_LIVIANO,74,LESIONADO,NO_REGISTRA,OTRO,24,LESIONADO,MUJER,PEATON
2023-08-31 16:06:51,-3.991179,-79.197321,Av. Rosa Hermosa,CON_FALLECIDOS,Caida,Fatiga del conductor,52,FALLECIDO,HOMBRE,OTRO,50,LESIONADO,HOMBRE,VEH_LIVIANO,,,,
2023-11-14 11:11:14,-4.023851,-79.220317,Av. Rosa Hermosa,CON_FALLECIDOS,Caida,Via resbaladiza o mojada,30,FALLECIDO,MUJER,PEATON,,,,,,,,
2023-09-09 10:10:57,-3.993621,-79.214749,Av. Manuel Agustin Aguirre,SOLO_DANOS,Volcamiento,Exceso de velocidad,,,,,,,,,,,,
2023-05-14 14:53:19,-3.984184,-79.182675,Av. Pio Jaramillo,CON_LESIONADOS,Caida,Imprudencia del conductor,16,LESIONADO,MUJER,OTRO,18,LESIONADO,MUJER,VEH_LIVIANO,27,LESIONADO,HOMBRE,PEATON
2023-05-24 05:43:25,-4.036205,-79.171257,Calle Imbabura,CON_LESIONADOS,Choque Vehicular,Inobservancia de senales,72,LESIONADO,NO_REGISTRA,CICLISTA,8,LESIONADO,NO_REGISTRA,SCOOTER,67,LESIONADO,MUJER,SCOOTER
2023-07-24 14:40:25,-4.035419,-79.204424,Calle Ramon Borrero,CON_FALLECIDOS,Choque Vehicular,Via resbaladiza o mojada,48,FALLECIDO,NO_REGISTRA,VEH_LIVIANO,67,FALLECIDO,NO_REGISTRA,SCOOTER,,,,
2023-10-25 00:37:33,-4.024656,-79.209674,Av. Isidro Ayora,SOLO_DANOS,Colision Multiple,Via resbaladiza o mojada,,,,,,,,,,,,