fecha_hora,latitud,longitud,via,grado_severidad,tipo_siniestro,causa_probable,victima1_edad,victima1_condicion,victima1_sexo,victima1_actor_vial,victima2_edad,victima2_condicion,victima2_sexo,victima2_actor_vial,victima3_edad,victima3_condicion,victima3_sexo,victima3_actor_vial
2023-05-19 05:49:48,-3.982686,-79.176520,Ruta 35,SOLO_DANOS,Colision Multiple,Falla mecanica,,,,,,,,,,,,
2023-06-30 13:39:36,-3.995679,-79.182752,Av. Gran Colombia,SOLO_DANOS,Choque Vehicular,Factores externos,,,,,,,,,,,,
2023-10-20 08:15:39,-4.021345,-79.198023,Av. Gran Colombia,SOLO_DANOS,Incendio,Fatiga del conductor,,,,,,,,,,,,
2023-09-13 13:43:49,-3.978505,-79.201685,Via Loja - Catamayo,SOLO_DANOS,Volcamiento,Distraccion (celular/radio),,,,,,,,,,,,
2023-11-10 03:16:23,-3.991480,-79.216911,Av. Gran Colombia,SOLO_DANOS,Colision Multiple,Falla mecanica,,,,,,,,,,,,
2023-11-09 02:23:28,-4.013979,-79.208814,Av. Pio Jaramillo,CON_LESIONADOS,Colision Multiple,Estado de embriaguez,24,LESIONADO,HOMBRE,PEATON,,,,,,,,
2023-01-20 10:38:07,-4.020677,-79.186706,Av. Isidro Ayora,CON_LESIONADOS,Incendio,Inobservancia de senales,42,LESIONADO,MUJER,VEH_LIVIANO,10,LESIONADO,NO_REGISTRA,OTRO,70,LESIONADO,HOMBRE,PEATON
2023-10-18 12:46:37,-4.017223,-79.196840,Av. Reinaldo Espinosa,SOLO_DANOS,Incendio,Equipo de seguridad deficiente,,,,,,,,,,,,
2023-09-25 20:02:29,-4.017763,-79.184415,Calle Ramon Borrero,SOLO_DANOS,Choque Vehicular,Falla mecanica,,,,,,,,,,,,
2023-01-06 16:25:32,-4.012262,-79.217839,Calle Imbabura,SOLO_DANOS,Incendio,Via resbaladiza o mojada,,,,,,,,,,,,
2023-11-14 03:39:14,-3.993717,-79.174859,Calle Rocafuerte,CON_LESIONADOS,Choque Vehicular,Fatiga del conductor,15,LESIONADO,HOMBRE,OTRO,59,LESIONADO,MUJER,SCOOTER,,,,
2023-07-31 12:16:22,-4.031161,-79.196270,Calle Miguel Riofrio,SOLO_DANOS,Accidente Laboral,Exceso de velocidad,,,,,,,,,,,,
2023-01-13 09:21:52,-4.003309,-79.210651,Calle Imbabura,SOLO_DANOS,Volcamiento,Factores externos,,,,,,,,,,,,
2023-04-22 08:04:50,-4.006104,-79.209011,Av. Rosa Hermosa,CON_FALLECIDOS,Accidente Laboral,Equipo de seguridad deficiente,72,FALLECIDO,NO_REGISTRA,OTRO,60,LESIONADO,NO_REGISTRA,PEATON,,,,
2023-12-04 02:18:23,-4.018311,-79.178045,Ruta 35,CON_LESIONADOS,Accidente Laboral,Via resbaladiza o mojada,29,LESIONADO,NO_REGISTRA,VEH_LIVIANO,50,LESIONADO,MUJER,OTRO,33,LESIONADO,NO_REGISTRA,PEATON
2023-10-05 20:18:49,-4.010580,-79.187358,Calle Sucre,SOLO_DANOS,Atropellamiento,Factores externos,63,LESIONADO,NO_REGISTRA,SCOOTER,,,,,,,,
2023-05-01 09:17:42,-4.033583,-79.174290,Av. Rosa Hermosa,SOLO_DANOS,Accidente Laboral,Inobservancia de senales,,,,,,,,,,,,
2023-08-07 05:57:22,-4.004767,-79.180690,Av. Orillas del Zamora,SOLO_DANOS,Colision Multiple,Equipo de seguridad deficiente,,,,,,,,,,,,
2023-07-04 11:19:46,-3.984396,-79.201674,Av. Reinaldo Espinosa,SOLO_DANOS,Atropellamiento,Factores externos,,,,,,,,,,,,
2023-03-25 07:42:07,-3.985665,-79.190414,Calle Rocafuerte,CON_LESIONADOS,Choque Vehicular,Mal estado de la via,13,LESIONADO,HOMBRE,PEATON,42,LESIONADO,MUJER,CICLISTA,16,LESIONADO,MUJER,VEH_LIVIANO
2023-07-08 03:03:58,-4.027825,-79.221524,Calle 18 de Noviembre,CON_FALLECIDOS,Volcamiento,Equipo de seguridad deficiente,80,FALLECIDO,NO_REGISTRA,MOTOCICLETA,29,FALLECIDO,MUJER,OTRO,68,LESIONADO,NO_REGISTRA,PEATON
2023-02-03 04:18:45,-3.994149,-79.223426,Calle Mercadillo,CON_FALLECIDOS,Colision Multiple,Mal estado de la via,80,FALLECIDO,NO_REGISTRA,OTRO,49,FALLECIDO,NO_REGISTRA,OTRO,80,LESIONADO,MUJER,PEATON
2023-11-27 16:43:26,-4.004829,-79.193361,Av. Orillas del Zamora,CON_LESIONADOS,Accidente Laboral,Fatiga del conductor,55,LESIONADO,NO_REGISTRA,PEATON,52,LESIONADO,NO_REGISTRA,SCOOTER,,,,
2023-10-09 16:00:11,-4.007034,-79.202548,Calle Azogues,CON_FALLECIDOS,Choque Vehicular,Imprudencia del conductor,32,FALLECIDO,HOMBRE,OTRO,39,FALLECIDO,MUJER,PEATON,73,LESIONADO,NO_REGISTRA,OTRO
2023-04-07 12:43:14,-3.992745,-79.230801,Calle Miguel Riofrio,CON_FALLECIDOS,Atropellamiento,Exceso de velocidad,54,FALLECIDO,NO_REGISTRA,OTRO,,,,,,,,
2023-03-03 16:13:29,-4.024144,-79.186217,Av. Manuel Agustin Aguirre,CON_FALLECIDOS,Volcamiento,Equipo de seguridad deficiente,24,FALLECIDO,NO_REGISTRA,MOTOCICLETA,74,FALLECIDO,NO_REGISTRA,VEH_LIVIANO,31,LESIONADO,HOMBRE,CICLISTA
2023-12-25 02:12:24,-4.012159,-79.210197,Calle Azogues,SOLO_DANOS,Atropellamiento,Exceso de velocidad,,,,,,,,,,,,
2023-10-02 03:35:02,-3.981050,-79.209843,Calle Azogues,CON_LESIONADOS,Choque Vehicular,Estado de embriaguez,79,LESIONADO,HOMBRE,PEATON,,,,,,,,
2023-03-05 17:43:45,-4.018773,-79.219496,Calle Mercadillo,CON_FALLECIDOS,Colision Multiple,Mal estado de la via,50,FALLECIDO,HOMBRE,CICLISTA,69,FALLECIDO,MUJER,SCOOTER,14,LESIONADO,NO_REGISTRA,VEH_LIVIANO
2023-09-29 17:01:39,-4.005403,-79.179592,Calle Ramon Borrero,CON_FALLECIDOS,Caida,Factores externos,33,FALLECIDO,NO_REGISTRA,PEATON,84,FALLECIDO,NO_REGISTRA,SCOOTER,56,LESIONADO,MUJER,OTRO
2023-11-15 13:07:05,-4.014607,-79.208088,Via Loja - Catamayo,SOLO_DANOS,Volcamiento,Exceso de velocidad,,,,,,,,,,,,
2023-05-10 13:28:29,-4.003071,-79.223780,Calle Saraguro,SOLO_DANOS,Accidente Laboral,Factores externos,53,LESIONADO,MUJER,PEATON,,,,,,,,
2023-02-01 18:51:11,-3.987685,-79.223549,Via Loja - Zamora,SOLO_DANOS,Colision Multiple,Exceso de velocidad,,,,,,,,,,,,
2023-09-15 23:01:25,-4.023177,-79.185600,Av. Cuxibamba,CON_FALLECIDOS,Accidente Laboral,Mal estado de la via,67,FALLECIDO,HOMBRE,CICLISTA,25,FALLECIDO,HOMBRE,MOTOCICLETA,,,,
2023-10-12 22:32:33,-3.992198,-79.199214,Calle Mercadillo,CON_FALLECIDOS,Choque Vehicular,Factores externos,66,FALLECIDO,MUJER,SCOOTER,59,FALLECIDO,HOMBRE,SCOOTER,,,,
2023-12-01 18:20:14,-4.020547,-79.202745,Calle Bolivar,CON_LESIONADOS,Volcamiento,Equipo de seguridad deficiente,78,LESIONADO,NO_REGISTRA,MOTOCICLETA,21,LESIONADO,NO_REGISTRA,OTRO,,,,
2023-10-28 15:56:14,-4.015006,-79.221250,Calle Imbabura,SOLO_DANOS,Caida,Falla mecanica,,,,,,,,,,,,
2023-12-17 10:50:29,-4.022743,-79.202097,Calle Rocafuerte,SOLO_DANOS,Accidente Laboral,Exceso de velocidad,28,LESIONADO,MUJER,SCOOTER,,,,,,,,
2023-02-19 16:58:21,-3.977863,-79.211889,Calle 10 de Agosto,SOLO_DANOS,Caida,Visibilidad reducida,,,,,,,,,,,,
2023-04-03 09:35:21,-4.023927,-79.176721,Av. 8 de Diciembre,CON_FALLECIDOS,Caida,Factores externos,52,FALLECIDO,NO_REGISTRA,VEH_LIVIANO,70,FALLECIDO,HOMBRE,CICLISTA,42,LESIONADO,HOMBRE,VEH_LIVIANO
2023-11-12 02:49:05,-4.034709,-79.177614,Calle Miguel Riofrio,CON_LESIONADOS,Volcamiento,Equipo de seguridad deficiente,21,LESIONADO,HOMBRE,CICLISTA,71,LESIONADO,MUJER,PEATON,64,LESIONADO,NO_REGISTRA,SCOOTER
2023-12-02 16:32:50,-3.988270,-79.213104,Av. Gran Colombia,CON_FALLECIDOS,Caida,Mal estado de la via,53,FALLECIDO,NO_REGISTRA,OTRO,59,FALLECIDO,NO_REGISTRA,CICLISTA,64,LESIONADO,MUJER,VEH_LIVIANO
2023-11-20 22:18:15,-4.009273,-79.173731,Calle Miguel Riofrio,SOLO_DANOS,Incendio,Mal estado de la via,,,,,,,,,,,,
2023-02-26 07:07:10,-3.985349,-79.174361,Calle Mercadillo,CON_LESIONADOS,Accidente Laboral,Imprudencia del conductor,42,LESIONADO,NO_REGISTRA,PEATON,73,LESIONADO,HOMBRE,OTRO,,,,
2023-03-11 02:06:06,-4.023555,-79.219151,Via Loja - Catamayo,SOLO_DANOS,Choque Vehicular,Falla mecanica,,,,,,,,,,,,
2023-10-31 11:16:04,-4.022368,-79.187369,Calle Miguel Riofrio,CON_FALLECIDOS,Caida,Exceso de velocidad,28,FALLECIDO,MUJER,VEH_LIVIANO,28,FALLECIDO,NO_REGISTRA,MOTOCICLETA,58,LESIONADO,NO_REGISTRA,OTRO
2023-04-26 09:09:51,-4.021586,-79.219662,Calle Rocafuerte,SOLO_DANOS,Caida,Exceso de velocidad,,,,,,,,,,,,
2023-12-20 03:21:32,-4.001936,-79.186164,Via Loja - Zamora,SOLO_DANOS,Incendio,Inobservancia de senales,,,,,,,,,,,,
2023-11-28 02:14:54,-3.994000,-79.214111,Calle 10 de Agosto,SOLO_DANOS,Colision Multiple,Factores externos,,,,,,,,,,,,
2023-10-18 03:29:08,-4.027044,-79.226588,Av. Manuel Agustin Aguirre,CON_LESIONADOS,Accidente Laboral,Visibilidad reducida,80,LESIONADO,MUJER,OTRO,72,LESIONADO,HOMBRE,SCOOTER,,,,
2023-01-14 07:11:57,-3.997421,-79.196695,Calle Saraguro,CON_LESIONADOS,Incendio,Falla mecanica,73,LESIONADO,HOMBRE,MOTOCICLETA,12,LESIONADO,MUJER,VEH_LIVIANO,,,,
2023-08-11 23:07:23,-3.984313,-79.223985,Ruta 35,SOLO_DANOS,Atropellamiento,Imprudencia del conductor,,,,,,,,,,,,
2023-12-07 02:08:50,-4.009491,-79.226113,Calle 18 de Noviembre,CON_FALLECIDOS,Incendio,Inobservancia de senales,38,FALLECIDO,HOMBRE,MOTOCICLETA,,,,,,,,
2023-04-20 09:57:09,-3.996832,-79.206352,Av. Orillas del Zamora,CON_FALLECIDOS,Choque Vehicular,Estado de embriaguez,59,FALLECIDO,HOMBRE,OTRO,34,LESIONADO,HOMBRE,OTRO,,,,
2023-08-22 17:12:08,-4.015956,-79.227490,Av. Metropolitana,CON_FALLECIDOS,Incendio,Exceso de velocidad,60,FALLECIDO,MUJER,OTRO,38,LESIONADO,NO_REGISTRA,CICLISTA,30,LESIONADO,NO_REGISTRA,SCOOTER
2023-03-05 14:41:01,-3.985812,-79.180368,Av. Reinaldo Espinosa,CON_LESIONADOS,Incendio,Exceso de velocidad,71,LESIONADO,MUJER,VEH_LIVIANO,,,,,,,,
2023-08-06 05:19:19,-4.009980,-79.176355,Av. 8 de Diciembre,CON_FALLECIDOS,Caida,Inobservancia de senales,84,FALLECIDO,MUJER,CICLISTA,85,FALLECIDO,NO_REGISTRA,SCOOTER,73,LESIONADO,MUJER,VEH_LIVIANO
2023-02-26 18:12:33,-4.032676,-79.184254,Calle Sucre,CON_LESIONADOS,Accidente Laboral,Imprudencia del conductor,38,LESIONADO,NO_REGISTRA,VEH_LIVIANO,64,LESIONADO,MUJER,CICLISTA,,,,
2023-04-18 16:59:22,-3.979373,-79.221282,Av. Gran Colombia,CON_LESIONADOS,Choque Vehicular,Inobservancia de senales,43,LESIONADO,NO_REGISTRA,OTRO,39,LESIONADO,NO_REGISTRA,MOTOCICLETA,,,,
2023-05-15 10:19:21,-4.005803,-79.228667,Av. Manuel Agustin Aguirre,CON_FALLECIDOS,Volcamiento,Exceso de velocidad,84,FALLECIDO,MUJER,MOTOCICLETA,21,LESIONADO,HOMBRE,PEATON,5,LESIONADO,NO_REGISTRA,MOTOCICLETA
2023-04-30 22:30:43,-3.999303,-79.215540,Av. Orillas del Zamora,SOLO_DANOS,Volcamiento,Exceso de velocidad,,,,,,,,,,,,
2023-07-18 09:55:11,-4.012693,-79.201702,Calle Miguel Riofrio,CON_LESIONADOS,Accidente Laboral,Imprudencia del conductor,7,LESIONADO,NO_REGISTRA,OTRO,79,LESIONADO,MUJER,OTRO,66,LESIONADO,NO_REGISTRA,MOTOCICLETA
2023-04-27 19:58:57,-4.017162,-79.188323,Calle Azogues,CON_LESIONADOS,Incendio,Exceso de velocidad,57,LESIONADO,NO_REGISTRA,PEATON,43,LESIONADO,NO_REGISTRA,CICLISTA,,,,
2023-03-18 15:15:09,-4.033198,-79.228099,Via Loja - Zamora,CON_FALLECIDOS,Atropellamiento,Visibilidad reducida,31,FALLECIDO,NO_REGISTRA,SCOOTER,56,FALLECIDO,HOMBRE,PEATON,,,,
2023-08-18 17:25:31,-4.036647,-79.202397,Calle Montufar,SOLO_DANOS,Accidente Laboral,Fatiga del conductor,,,,,,,,,,,,
2023-11-22 03:19:02,-3.978158,-79.171058,Calle Miguel Riofrio,CON_FALLECIDOS,Choque Vehicular,Falla mecanica,30,FALLECIDO,MUJER,CICLISTA,51,FALLECIDO,MUJER,MOTOCICLETA,59,LESIONADO,NO_REGISTRA,VEH_LIVIANO
2023-12-06 22:24:38,-4.001040,-79.196595,Calle Miguel Riofrio,CON_FALLECIDOS,Colision Multiple,Fatiga del conductor,21,FALLECIDO,NO_REGISTRA,CICLISTA,,,,,,,,
2023-09-02 11:20:19,-4.031160,-79.197679,Calle Azogues,CON_FALLECIDOS,Accidente Laboral,Mal estado de la via,66,FALLECIDO,MUJER,MOTOCICLETA,58,FALLECIDO,NO_REGISTRA,PEATON,,,,
2023-10-26 19:44:19,-4.034723,-79.212031,Calle Imbabura,SOLO_DANOS,Colision Multiple,Fatiga del conductor,,,,,,,,,,,,
2023-12-01 17:43:51,-4.017398,-79.180996,Ruta 35,CON_LESIONADOS,Incendio,Mal estado de la via,71,LESIONADO,MUJER,CICLISTA,57,LESIONADO,HOMBRE,CICLISTA,,,,
2023-12-24 09:32:56,-4.001330,-79.204257,Calle 18 de Noviembre,CON_LESIONADOS,Accidente Laboral,Mal estado de la via,62,LESIONADO,MUJER,MOTOCICLETA,30,LESIONADO,NO_REGISTRA,OTRO,,,,
2023-10-04 22:51:15,-3.990958,-79.220388,Ruta 35,CON_LESIONADOS,Atropellamiento,Mal estado de la via,25,LESIONADO,MUJER,VEH_LIVIANO,,,,,,,,
2023-05-10 13:32:37,-3.982459,-79.174558,Calle Ramon Borrero,CON_FALLECIDOS,Caida,Fatiga del conductor,33,FALLECIDO,NO_REGISTRA,SCOOTER,27,FALLECIDO,NO_REGISTRA,OTRO,16,LESIONADO,HOMBRE,MOTOCICLETA
2023-09-12 17:38:57,-4.002927,-79.217216,Calle Sucre,SOLO_DANOS,Choque Vehicular,Equipo de seguridad deficiente,67,LESIONADO,NO_REGISTRA,OTRO,,,,,,,,
2023-09-04 21:16:19,-3.996112,-79.193818,Av. Rosa Hermosa,SOLO_DANOS,Caida,Mal estado de la via,,,,,,,,,,,,
2023-05-09 00:32:35,-4.006574,-79.178389,Calle Saraguro,SOLO_DANOS,Atropellamiento,Via resbaladiza o mojada,,,,,,,,,,,,
2023-08-16 15:08:22,-3.984288,-79.225235,Calle Miguel Riofrio,CON_FALLECIDOS,Volcamiento,Exceso de velocidad,61,FALLECIDO,NO_REGISTRA,VEH_LIVIANO,,,,,,,,
2023-08-10 04:32:41,-4.031681,-79.177630,Av. Cuxibamba,CON_FALLECIDOS,Accidente Laboral,Exceso de velocidad,61,FALLECIDO,MUJER,OTRO,36,LESIONADO,NO_REGISTRA,VEH_LIVIANO,44,LESIONADO,MUJER,OTRO
2023-12-15 14:57:36,-3.983036,-79.227133,Ruta 35,CON_LESIONADOS,Caida,Equipo de seguridad deficiente,71,LESIONADO,MUJER,VEH_LIVIANO,62,LESIONADO,NO_REGISTRA,PEATON,67,LESIONADO,HOMBRE,MOTOCICLETA
2023-05-27 17:59:29,-4.006938,-79.197516,Calle Quito,CON_LESIONADOS,Choque Vehicular,Factores externos,11,LESIONADO,HOMBRE,OTRO,,,,,,,,
2023-02-22 07:14:31,-4.036367,-79.200372,Calle Montufar,SOLO_DANOS,Accidente Laboral,Mal estado de la via,,,,,,,,,,,,
2023-08-31 07:03:37,-3.990126,-79.172233,Av. Orillas del Zamora,CON_LESIONADOS,Colision Multiple,Visibilidad reducida,32,LESIONADO,HOMBRE,CICLISTA,,,,,,,,
2023-05-22 04:08:01,-4.034031,-79.216771,Calle Sucre,SOLO_DANOS,Colision Multiple,Imprudencia del conductor,,,,,,,,,,,,
2023-12-05 13:46:06,-4.017624,-79.181906,Av. Metropolitana,CON_LESIONADOS,Incendio,Estado de embriaguez,51,LESIONADO,HOMBRE,SCOOTER,,,,,,,,
2023-02-28 20:09:28,-4.012822,-79.225850,Calle Rocafuerte,SOLO_DANOS,Colision Multiple,Estado de embriaguez,,,,,,,,,,,,
2023-10-17 18:34:23,-4.009732,-79.215082,Calle Azogues,CON_FALLECIDOS,Caida,Imprudencia del conductor,39,FALLECIDO,HOMBRE,SCOOTER,70,LESIONADO,HOMBRE,OTRO,,,,
2023-07-20 23:10:26,-4.035744,-79.190321,Calle Imbabura,SOLO_DANOS,Incendio,Via resbaladiza o mojada,,,,,,,,,,,,
2023-07-27 18:38:06,-3.996425,-79.203032,Calle Miguel Riofrio,CON_LESIONADOS,Caida,Imprudencia del conductor,53,LESIONADO,HOMBRE,VEH_LIVIANO,78,LESIONADO,NO_REGISTRA,PEATON,,,,
2023-06-09 14:48:10,-4.004447,-79.189872,Calle 10 de Agosto,CON_FALLECIDOS,Colision Multiple,Distraccion (celular/radio),51,FALLECIDO,HOMBRE,VEH_LIVIANO,27,FALLECIDO,NO_REGISTRA,PEATON,17,LESIONADO,HOMBRE,SCOOTER
2023-02-07 13:09:39,-4.017434,-79.181728,Calle Bolivar,CON_FALLECIDOS,Volcamiento,Factores externos,59,FALLECIDO,HOMBRE,CICLISTA,,,,,,,,
2023-01-20 11:22:11,-4.033056,-79.193559,Calle Rocafuerte,CON_FALLECIDOS,Accidente Laboral,Distraccion (celular/radio),22,FALLECIDO,NO_REGISTRA,SCOOTER,,,,,,,,
2023-12-31 22:40:12,-4.010760,-79.208945,Calle Sucre,CON_LESIONADOS,Incendio,Distraccion (celular/radio),56,LESIONADO,HOMBRE,PEATON,48,LESIONADO,HOMBRE,MOTOCICLETA,,,,
2023-02-26 22:42:04,-4.021586,-79.177782,Av. 8 de Diciembre,CON_LESIONADOS,Atropellamiento,Factores externos,57,LESIONADO,MUJER,SCOOTER,40,LESIONADO,NO_REGISTRA,PEATON,,,,
2023-12-16 23:46:32,-4.023852,-79.212218,Calle Bolivar,SOLO_DANOS,Atropellamiento,Distraccion (celular/radio),,,,,,,,,,,,
2023-05-16 00:21:24,-3.991340,-79.184434,Via Loja - Zamora,CON_FALLECIDOS,Caida,Exceso de velocidad,74,FALLECIDO,HOMBRE,OTRO,24,FALLECIDO,HOMBRE,PEATON,61,LESIONADO,HOMBRE,OTRO
2023-08-31 12:58:43,-4.017114,-79.188234,Av. Rosa Hermosa,CON_FALLECIDOS,Caida,Visibilidad reducida,65,FALLECIDO,HOMBRE,OTRO,77,FALLECIDO,HOMBRE,CICLISTA,26,LESIONADO,NO_REGISTRA,CICLISTA
2023-02-27 15:47:11,-4.019831,-79.218737,Av. Isidro Ayora,CON_FALLECIDOS,Caida,Estado de embriaguez,33,FALLECIDO,MUJER,OTRO,,,,,,,,
2023-12-03 15:10:34,-4.034471,-79.200879,Av. Cuxibamba,CON_FALLECIDOS,Accidente Laboral,Imprudencia del conductor,79,FALLECIDO,MUJER,CICLISTA,,,,,,,,
2023-11-15 01:23:41,-4.031578,-79.180153,Calle Quito,CON_FALLECIDOS,Atropellamiento,Exceso de velocidad,53,FALLECIDO,MUJER,MOTOCICLETA,76,FALLECIDO,HOMBRE,MOTOCICLETA,75,LESIONADO,HOMBRE,CICLISTA
2023-01-09 23:56:19,-3.987059,-79.174756,Av. Gran Colombia,SOLO_DANOS,Colision Multiple,Inobservancia de senales,,,,,,,,,,,,
2023-04-09 03:44:03,-3.979532,-79.199688,Calle Ramon Borrero,SOLO_DANOS,Choque Vehicular,Distraccion (celular/radio),,,,,,,,,,,,
2023-07-03 06:49:35,-4.012053,-79.201749,Av. Universitaria,CON_FALLECIDOS,Atropellamiento,Equipo de seguridad deficiente,57,FALLECIDO,HOMBRE,OTRO,69,LESIONADO,HOMBRE,OTRO,78,LESIONADO,HOMBRE,CICLISTA
2023-09-16 07:19:35,-4.001698,-79.178895,Av. 8 de Diciembre,CON_FALLECIDOS,Choque Vehicular,Estado de embriaguez,25,FALLECIDO,NO_REGISTRA,CICLISTA,,,,,,,,
2023-04-05 23:15:48,-4.011300,-79.172533,Calle Ramon Borrero,SOLO_DANOS,Choque Vehicular,Equipo de seguridad deficiente,,,,,,,,,,,,
2023-01-26 00:41:57,-3.979609,-79.194997,Calle Imbabura,CON_LESIONADOS,Choque Vehicular,Falla mecanica,76,LESIONADO,MUJER,MOTOCICLETA,43,LESIONADO,HOMBRE,MOTOCICLETA,,,,
2023-05-22 03:39:50,-3.977485,-79.191209,Av. Universitaria,CON_LESIONADOS,Incendio,Equipo de seguridad deficiente,42,LESIONADO,HOMBRE,MOTOCICLETA,,,,,,,,
2023-03-26 12:09:34,-4.005584,-79.222698,Av. Gran Colombia,CON_FALLECIDOS,Accidente Laboral,Via resbaladiza o mojada,83,FALLECIDO,HOMBRE,VEH_LIVIANO,73,FALLECIDO,MUJER,MOTOCICLETA,40,LESIONADO,NO_REGISTRA,VEH_LIVIANO
2023-10-19 02:07:31,-3.978013,-79.221124,Av. Rosa Hermosa,CON_FALLECIDOS,Choque Vehicular,Imprudencia del conductor,64,FALLECIDO,HOMBRE,PEATON,26,LESIONADO,MUJER,CICLISTA,,,,
2023-10-03 21:02:38,-4.031159,-79.227291,Calle Mercadillo,CON_FALLECIDOS,Accidente Laboral,Exceso de velocidad,66,FALLECIDO,MUJER,SCOOTER,82,FALLECIDO,HOMBRE,OTRO,25,LESIONADO,MUJER,SCOOTER
2023-08-14 09:22:46,-4.004858,-79.227149,Via Loja - Zamora,SOLO_DANOS,Volcamiento,Fatiga del conductor,,,,,,,,,,,,
2023-07-10 10:59:12,-4.028396,-79.177187,Av. Metropolitana,SOLO_DANOS,Incendio,Visibilidad reducida,,,,,,,,,,,,
2023-12-21 21:05:19,-4.004553,-79.188273,Calle Quito,CON_FALLECIDOS,Choque Vehicular,Exceso de velocidad,57,FALLECIDO,NO_REGISTRA,MOTOCICLETA,56,FALLECIDO,NO_REGISTRA,VEH_LIVIANO,35,LESIONADO,HOMBRE,VEH_LIVIANO
2023-11-03 07:53:41,-3.992810,-79.229403,Ruta 35,SOLO_DANOS,Choque Vehicular,Fatiga del conductor,,,,,,,,,,,,
2023-06-11 14:18:38,-3.989572,-79.187192,Calle Mercadillo,SOLO_DANOS,Atropellamiento,Estado de embriaguez,,,,,,,,,,,,
2023-07-26 15:35:21,-3.985935,-79.192404,Av. Metropolitana,SOLO_DANOS,Atropellamiento,Falla mecanica,,,,,,,,,,,,
2023-11-05 06:41:44,-4.003967,-79.221504,Av. Reinaldo Espinosa,SOLO_DANOS,Caida,Equipo de seguridad deficiente,,,,,,,,,,,,
2023-03-15 17:07:59,-4.015034,-79.191326,Calle Ramon Borrero,CON_LESIONADOS,Accidente Laboral,Equipo de seguridad deficiente,74,LESIONADO,HOMBRE,SCOOTER,34,LESIONADO,HOMBRE,CICLISTA,,,,
2023-03-30 15:41:28,-3.981658,-79.203682,Calle Mercadillo,CON_FALLECIDOS,Caida,Distraccion (celular/radio),54,FALLECIDO,MUJER,OTRO,82,FALLECIDO,NO_REGISTRA,PEATON,,,,
2023-12-20 20:16:33,-3.992731,-79.182176,Calle Quito,CON_FALLECIDOS,Volcamiento,Distraccion (celular/radio),75,FALLECIDO,MUJER,SCOOTER,64,LESIONADO,MUJER,OTRO,,,,
2023-05-09 03:58:43,-4.022212,-79.205451,Via Loja - Catamayo,CON_FALLECIDOS,Volcamiento,Factores externos,44,FALLECIDO,HOMBRE,OTRO,68,LESIONADO,MUJER,OTRO,7,LESIONADO,HOMBRE,OTRO
2023-09-29 07:38:21,-4.026407,-79.183989,Calle Imbabura,CON_FALLECIDOS,Choque Vehicular,Exceso de velocidad,51,FALLECIDO,NO_REGISTRA,MOTOCICLETA,63,FALLECIDO,HOMBRE,PEATON,33,LESIONADO,HOMBRE,CICLISTA
2023-02-26 03:46:10,-3.990730,-79.212090,Av. Universitaria,CON_FALLECIDOS,Incendio,Inobservancia de senales,69,FALLECIDO,MUJER,PEATON,,,,,,,,
2023-09-16 21:24:13,-4.032906,-79.223045,Via Loja - Zamora,SOLO_DANOS,Atropellamiento,Imprudencia del conductor,,,,,,,,,,,,
2023-05-16 06:19:08,-4.013157,-79.209892,Calle Rocafuerte,CON_FALLECIDOS,Accidente Laboral,Imprudencia del conductor,41,FALLECIDO,NO_REGISTRA,SCOOTER,49,LESIONADO,NO_REGISTRA,VEH_LIVIANO,,,,
2023-03-20 21:41:33,-4.032770,-79.225137,Ruta 35,CON_FALLECIDOS,Choque Vehicular,Falla mecanica,30,FALLECIDO,MUJER,PEATON,62,FALLECIDO,MUJER,OTRO,,,,
2023-10-17 07:32:17,-4.009163,-79.230700,Calle Rocafuerte,CON_FALLECIDOS,Caida,Factores externos,56,FALLECIDO,MUJER,MOTOCICLETA,64,LESIONADO,HOMBRE,VEH_LIVIANO,,,,
2023-05-28 05:53:09,-4.015809,-79.220476,Calle Bolivar,CON_FALLECIDOS,Accidente Laboral,Equipo de seguridad deficiente,39,FALLECIDO,HOMBRE,OTRO,82,FALLECIDO,HOMBRE,OTRO,,,,
2023-03-01 22:30:10,-3.994029,-79.206110,Av. Manuel Agustin Aguirre,CON_LESIONADOS,Accidente Laboral,Mal estado de la via,16,LESIONADO,NO_REGISTRA,SCOOTER,36,LESIONADO,HOMBRE,PEATON,,,,
2023-02-27 11:21:40,-4.009187,-79.177031,Calle Colon,CON_FALLECIDOS,Caida,Estado de embriaguez,79,FALLECIDO,MUJER,PEATON,,,,,,,,
2023-07-27 07:48:19,-3.979423,-79.206458,Av. 8 de Diciembre,SOLO_DANOS,Colision Multiple,Falla mecanica,,,,,,,,,,,,
2023-05-07 00:55:50,-4.035886,-79.191463,Calle Rocafuerte,SOLO_DANOS,Atropellamiento,Equipo de seguridad deficiente,,,,,,,,,,,,
2023-08-16 06:56:34,-4.028317,-79.188443,Av. Metropolitana,SOLO_DANOS,Incendio,Fatiga del conductor,23,LESIONADO,HOMBRE,CICLISTA,,,,,,,,
2023-10-19 20:46:56,-4.012695,-79.221824,Via Loja - Catamayo,SOLO_DANOS,Atropellamiento,Exceso de velocidad,,,,,,,,,,,,