fecha_hora,latitud,longitud,via,grado_severidad,tipo_siniestro,causa_probable,victima1_edad,victima1_condicion,victima1_sexo,victima1_actor_vial,victima2_edad,victima2_condicion,victima2_sexo,victima2_actor_vial,victima3_edad,victima3_condicion,victima3_sexo,victima3_actor_vial
2023-02-04 21:29:52,-4.023846,-79.229870,Av. Cuxibamba,CON_FALLECIDOS,Incendio,Mal estado de la via,75,FALLECIDO,MUJER,CICLISTA,66,FALLECIDO,NO_REGISTRA,SCOOTER,29,LESIONADO,HOMBRE,PEATON
2023-05-01 04:11:38,-3.999188,-79.180035,Via Loja - Zamora,CON_LESIONADOS,Volcamiento,Falla mecanica,24,LESIONADO,MUJER,PEATON,41,LESIONADO,NO_REGISTRA,SCOOTER,60,LESIONADO,NO_REGISTRA,OTRO
2023-09-14 06:58:50,-4.020733,-79.173445,Av. Rosa Hermosa,SOLO_DANOS,Accidente Laboral,Visibilidad reducida,,,,,,,,,,,,
2023-05-26 19:25:31,-3.979015,-79.226892,Via Loja - Catamayo,SOLO_DANOS,Accidente Laboral,Equipo de seguridad deficiente,,,,,,,,,,,,
2023-01-23 15:00:50,-4.028839,-79.183233,Calle Miguel Riofrio,SOLO_DANOS,Colision Multiple,Mal estado de la via,,,,,,,,,,,,
2023-01-02 05:42:54,-4.023633,-79.228593,Calle Mercadillo,CON_FALLECIDOS,Atropellamiento,Visibilidad reducida,30,FALLECIDO,NO_REGISTRA,CICLISTA,63,FALLECIDO,NO_REGISTRA,OTRO,,,,
2023-12-25 13:32:37,-3.992399,-79.187243,Av. Cuxibamba,SOLO_DANOS,Volcamiento,Falla mecanica,,,,,,,,,,,,
2023-09-14 21:44:08,-4.005403,-79.182195,Calle Colon,SOLO_DANOS,Colision Multiple,Inobservancia de senales,,,,,,,,,,,,
2023-02-18 18:35:53,-3.979622,-79.193949,Av. Cuxibamba,SOLO_DANOS,Volcamiento,Factores externos,,,,,,,,,,,,
2023-06-18 12:34:24,-3.978118,-79.199956,Calle Azogues,CON_LESIONADOS,Caida,Via resbaladiza o mojada,53,LESIONADO,MUJER,CICLISTA,,,,,,,,
2023-03-08 17:05:12,-4.002482,-79.191091,Av. Rosa Hermosa,CON_FALLECIDOS,Volcamiento,Imprudencia del conductor,85,FALLECIDO,HOMBRE,CICLISTA,42,FALLECIDO,MUJER,SCOOTER,36,LESIONADO,MUJER,MOTOCICLETA
2023-12-02 17:04:53,-3.977433,-79.206923,Av. Metropolitana,SOLO_DANOS,Incendio,Estado de embriaguez,,,,,,,,,,,,
2023-06-29 21:45:52,-3.977259,-79.182954,Calle Miguel Riofrio,SOLO_DANOS,Volcamiento,Equipo de seguridad deficiente,,,,,,,,,,,,
2023-07-14 21:19:54,-3.997890,-79.210320,Calle Rocafuerte,CON_LESIONADOS,Volcamiento,Visibilidad reducida,12,LESIONADO,MUJER,CICLISTA,61,LESIONADO,HOMBRE,MOTOCICLETA,68,LESIONADO,MUJER,OTRO
2023-04-27 06:37:55,-3.999093,-79.210337,Calle Saraguro,CON_FALLECIDOS,Volcamiento,Falla mecanica,32,FALLECIDO,HOMBRE,OTRO,57,LESIONADO,NO_REGISTRA,SCOOTER,36,LESIONADO,HOMBRE,OTRO
2023-07-24 04:59:00,-4.006332,-79.185696,Calle Bolivar,SOLO_DANOS,Volcamiento,Factores externos,,,,,,,,,,,,
2023-04-12 17:08:00,-4.022914,-79.203200,Av. Metropolitana,CON_LESIONADOS,Choque Vehicular,Fatiga del conductor,66,LESIONADO,HOMBRE,CICLISTA,,,,,,,,
2023-12-28 23:41:37,-3.992015,-79.218745,Av. Orillas del Zamora,SOLO_DANOS,Choque Vehicular,Falla mecanica,,,,,,,,,,,,
2023-11-04 05:27:14,-4.005188,-79.199789,Av. Universitaria,CON_FALLECIDOS,Caida,Fatiga del conductor,68,FALLECIDO,HOMBRE,VEH_LIVIANO,21,FALLECIDO,MUJER,CICLISTA,18,LESIONADO,NO_REGISTRA,CICLISTA
2023-09-11 05:37:44,-3.980610,-79.188730,Calle 18 de Noviembre,SOLO_DANOS,Accidente Laboral,Inobservancia de senales,,,,,,,,,,,,
2023-11-30 12:03:18,-4.005064,-79.178018,Calle Bolivar,CON_FALLECIDOS,Choque Vehicular,Factores externos,67,FALLECIDO,NO_REGISTRA,SCOOTER,60,LESIONADO,MUJER,OTRO,,,,
2023-07-27 17:47:05,-4.035645,-79.219308,Calle Azogues,CON_FALLECIDOS,Volcamiento,Imprudencia del conductor,27,FALLECIDO,MUJER,PEATON,68,LESIONADO,NO_REGISTRA,OTRO,47,LESIONADO,MUJER,VEH_LIVIANO
2023-12-07 19:17:30,-4.024655,-79.190044,Av. Gran Colombia,SOLO_DANOS,Atropellamiento,Inobservancia de senales,,,,,,,,,,,,
2023-05-18 02:37:07,-4.022976,-79.217555,Av. Isidro Ayora,SOLO_DANOS,Caida,Inobservancia de senales,,,,,,,,,,,,
2023-02-22 05:45:06,-4.029123,-79.201465,Ruta 35,SOLO_DANOS,Colision Multiple,Equipo de seguridad deficiente,,,,,,,,,,,,
2023-10-11 15:21:43,-4.022262,-79.185453,Calle Saraguro,SOLO_DANOS,Caida,Imprudencia del conductor,,,,,,,,,,,,
2023-07-05 15:32:45,-3.991798,-79.203168,Av. Cuxibamba,SOLO_DANOS,Incendio,Factores externos,,,,,,,,,,,,
2023-02-25 21:14:42,-3.980323,-79.181822,Calle Miguel Riofrio,SOLO_DANOS,Volcamiento,Distraccion (celular/radio),,,,,,,,,,,,
2023-05-04 17:32:44,-4.006246,-79.216224,Av. Isidro Ayora,CON_FALLECIDOS,Choque Vehicular,Factores externos,65,FALLECIDO,MUJER,VEH_LIVIANO,54,FALLECIDO,MUJER,MOTOCICLETA,,,,
2023-01-04 16:06:29,-4.012605,-79.210560,Calle Quito,SOLO_DANOS,Volcamiento,Factores externos,,,,,,,,,,,,
2023-10-30 04:04:03,-3.984048,-79.218272,Av. Reinaldo Espinosa,CON_LESIONADOS,Accidente Laboral,Visibilidad reducida,57,LESIONADO,NO_REGISTRA,OTRO,79,LESIONADO,MUJER,PEATON,38,LESIONADO,NO_REGISTRA,OTRO
2023-09-03 07:52:59,-4.035430,-79.206863,Av. Cuxibamba,SOLO_DANOS,Volcamiento,Equipo de seguridad deficiente,,,,,,,,,,,,
2023-09-09 09:48:56,-4.035844,-79.217728,Av. Reinaldo Espinosa,SOLO_DANOS,Caida,Factores externos,,,,,,,,,,,,
2023-02-12 18:21:19,-4.025881,-79.193640,Calle Bolivar,CON_LESIONADOS,Incendio,Exceso de velocidad,11,LESIONADO,NO_REGISTRA,PEATON,23,LESIONADO,MUJER,VEH_LIVIANO,69,LESIONADO,NO_REGISTRA,VEH_LIVIANO
2023-03-31 22:28:47,-3.978411,-79.228813,Av. Orillas del Zamora,CON_FALLECIDOS,Incendio,Equipo de seguridad deficiente,34,FALLECIDO,HOMBRE,PEATON,16,LESIONADO,MUJER,SCOOTER,10,LESIONADO,HOMBRE,OTRO
2023-02-27 12:07:03,-4.012424,-79.215241,Calle Quito,CON_FALLECIDOS,Accidente Laboral,Factores externos,20,FALLECIDO,HOMBRE,PEATON,8,LESIONADO,MUJER,MOTOCICLETA,,,,
2023-07-27 20:58:33,-4.034182,-79.218730,Av. Orillas del Zamora,CON_FALLECIDOS,Atropellamiento,Estado de embriaguez,35,FALLECIDO,MUJER,VEH_LIVIANO,60,FALLECIDO,HOMBRE,PEATON,41,LESIONADO,NO_REGISTRA,CICLISTA
2023-03-28 12:46:00,-4.004541,-79.197333,Av. Universitaria,CON_LESIONADOS,Volcamiento,Visibilidad reducida,44,LESIONADO,MUJER,MOTOCICLETA,12,LESIONADO,NO_REGISTRA,CICLISTA,,,,
2023-05-12 03:14:45,-4.031294,-79.205092,Av. Cuxibamba,CON_FALLECIDOS,Caida,Via resbaladiza o mojada,57,FALLECIDO,NO_REGISTRA,MOTOCICLETA,77,LESIONADO,MUJER,CICLISTA,,,,
2023-07-27 23:39:44,-3.995537,-79.200136,Calle Miguel Riofrio,CON_FALLECIDOS,Accidente Laboral,Fatiga del conductor,30,FALLECIDO,HOMBRE,CICLISTA,39,FALLECIDO,HOMBRE,OTRO,75,LESIONADO,MUJER,SCOOTER
2023-02-01 04:33:42,-3.982278,-79.207133,Calle Quito,CON_LESIONADOS,Colision Multiple,Distraccion (celular/radio),57,LESIONADO,MUJER,CICLISTA,,,,,,,,
2023-09-29 14:40:41,-4.001318,-79.211153,Calle Mercadillo,CON_LESIONADOS,Accidente Laboral,Inobservancia de senales,7,LESIONADO,NO_REGISTRA,SCOOTER,41,LESIONADO,MUJER,OTRO,,,,
2023-04-28 11:28:41,-4.024540,-79.173344,Av. 8 de Diciembre,CON_LESIONADOS,Accidente Laboral,Factores externos,33,LESIONADO,NO_REGISTRA,VEH_LIVIANO,56,LESIONADO,NO_REGISTRA,MOTOCICLETA,15,LESIONADO,HOMBRE,VEH_LIVIANO
2023-09-14 02:53:23,-4.021813,-79.182890,Calle 18 de Noviembre,SOLO_DANOS,Choque Vehicular,Factores externos,,,,,,,,,,,,
2023-08-12 10:22:45,-4.006669,-79.188794,Av. Isidro Ayora,CON_LESIONADOS,Volcamiento,Inobservancia de senales,29,LESIONADO,HOMBRE,CICLISTA,,,,,,,,
2023-08-28 01:51:32,-4.030482,-79.192878,Av. Pio Jaramillo,CON_LESIONADOS,Volcamiento,Equipo de seguridad deficiente,21,LESIONADO,NO_REGISTRA,PEATON,,,,,,,,
2023-11-05 11:15:47,-4.026758,-79.196309,Av. Pio Jaramillo,CON_LESIONADOS,Incendio,Fatiga del conductor,27,LESIONADO,NO_REGISTRA,SCOOTER,,,,,,,,
2023-06-05 04:31:50,-3.985840,-79.175178,Av. Rosa Hermosa,CON_FALLECIDOS,Atropellamiento,Fatiga del conductor,48,FALLECIDO,HOMBRE,OTRO,,,,,,,,
2023-09-23 05:11:38,-4.024287,-79.220227,Av. Orillas del Zamora,CON_FALLECIDOS,Atropellamiento,Estado de embriaguez,71,FALLECIDO,MUJER,SCOOTER,47,FALLECIDO,NO_REGISTRA,OTRO,67,LESIONADO,NO_REGISTRA,MOTOCICLETA
2023-09-30 02:35:28,-4.004780,-79.215559,Calle 18 de Noviembre,CON_FALLECIDOS,Volcamiento,Mal estado de la via,80,FALLECIDO,MUJER,VEH_LIVIANO,29,LESIONADO,NO_REGISTRA,PEATON,,,,
2023-07-28 16:05:38,-4.011772,-79.218679,Calle 18 de Noviembre,CON_FALLECIDOS,Incendio,Equipo de seguridad deficiente,69,FALLECIDO,HOMBRE,PEATON,79,FALLECIDO,NO_REGISTRA,PEATON,,,,
2023-12-07 13:32:38,-4.012826,-79.229776,Via Loja - Zamora,CON_FALLECIDOS,Incendio,Fatiga del conductor,52,FALLECIDO,HOMBRE,OTRO,26,FALLECIDO,NO_REGISTRA,OTRO,,,,
2023-04-14 16:56:07,-3.994402,-79.206248,Calle Bolivar,CON_FALLECIDOS,Accidente Laboral,Inobservancia de senales,59,FALLECIDO,MUJER,OTRO,45,LESIONADO,MUJER,SCOOTER,75,LESIONADO,MUJER,SCOOTER
2023-09-23 13:22:09,-4.014234,-79.183956,Calle Montufar,CON_FALLECIDOS,Caida,Factores externos,55,FALLECIDO,NO_REGISTRA,OTRO,16,LESIONADO,HOMBRE,CICLISTA,17,LESIONADO,HOMBRE,SCOOTER
2023-03-22 17:12:17,-4.018108,-79.198876,Calle Ramon Borrero,CON_FALLECIDOS,Volcamiento,Estado de embriaguez,34,FALLECIDO,MUJER,PEATON,22,LESIONADO,NO_REGISTRA,MOTOCICLETA,42,LESIONADO,NO_REGISTRA,MOTOCICLETA
2023-08-01 00:49:28,-3.985022,-79.173854,Calle Miguel Riofrio,SOLO_DANOS,Volcamiento,Visibilidad reducida,,,,,,,,,,,,
2023-05-05 21:53:30,-4.013439,-79.182817,Calle Colon,CON_LESIONADOS,Atropellamiento,Falla mecanica,14,LESIONADO,MUJER,OTRO,72,LESIONADO,MUJER,SCOOTER,26,LESIONADO,HOMBRE,OTRO
2023-05-05 05:56:06,-3.999112,-79.227287,Via Loja - Catamayo,SOLO_DANOS,Choque Vehicular,Exceso de velocidad,,,,,,,,,,,,
2023-03-15 04:58:02,-4.000609,-79.211397,Via Loja - Catamayo,CON_FALLECIDOS,Volcamiento,Falla mecanica,36,FALLECIDO,MUJER,PEATON,49,LESIONADO,MUJER,CICLISTA,73,LESIONADO,NO_REGISTRA,CICLISTA
2023-09-15 16:35:14,-4.025118,-79.223608,Av. 8 de Diciembre,CON_LESIONADOS,Atropellamiento,Falla mecanica,15,LESIONADO,MUJER,OTRO,79,LESIONADO,HOMBRE,VEH_LIVIANO,,,,
2023-05-16 05:31:01,-3.996473,-79.174262,Av. Universitaria,CON_LESIONADOS,Accidente Laboral,Visibilidad reducida,59,LESIONADO,NO_REGISTRA,SCOOTER,,,,,,,,
2023-10-26 19:46:50,-4.021465,-79.207595,Av. Manuel Agustin Aguirre,CON_FALLECIDOS,Incendio,Equipo de seguridad deficiente,44,FALLECIDO,MUJER,VEH_LIVIANO,34,FALLECIDO,NO_REGISTRA,VEH_LIVIANO,,,,
2023-02-02 19:37:50,-3.987000,-79.225201,Av. Metropolitana,CON_LESIONADOS,Colision Multiple,Fatiga del conductor,22,LESIONADO,MUJER,PEATON,60,LESIONADO,HOMBRE,MOTOCICLETA,,,,
2023-09-08 00:17:34,-3.998255,-79.220957,Av. Gran Colombia,CON_FALLECIDOS,Atropellamiento,Mal estado de la via,80,FALLECIDO,NO_REGISTRA,SCOOTER,73,FALLECIDO,HOMBRE,OTRO,68,LESIONADO,MUJER,MOTOCICLETA
2023-09-10 08:07:57,-3.997598,-79.186091,Calle 10 de Agosto,CON_LESIONADOS,Accidente Laboral,Factores externos,6,LESIONADO,HOMBRE,MOTOCICLETA,,,,,,,,
2023-08-30 16:01:45,-3.985838,-79.172089,Calle Quito,CON_LESIONADOS,Incendio,Exceso de velocidad,19,LESIONADO,MUJER,PEATON,,,,,,,,
2023-11-14 23:46:49,-3.978706,-79.222444,Av. Orillas del Zamora,SOLO_DANOS,Accidente Laboral,Via resbaladiza o mojada,,,,,,,,,,,,
2023-03-27 18:45:34,-3.981499,-79.222361,Av. Metropolitana,SOLO_DANOS,Volcamiento,Distraccion (celular/radio),,,,,,,,,,,,
2023-09-20 14:48:13,-3.991162,-79.227130,Calle Mercadillo,CON_LESIONADOS,Caida,Factores externos,41,LESIONADO,HOMBRE,CICLISTA,73,LESIONADO,NO_REGISTRA,OTRO,71,LESIONADO,HOMBRE,CICLISTA
2023-04-22 16:51:33,-3.992565,-79.182716,Calle Azogues,CON_FALLECIDOS,Volcamiento,Visibilidad reducida,48,FALLECIDO,HOMBRE,PEATON,82,FALLECIDO,MUJER,VEH_LIVIANO,22,LESIONADO,HOMBRE,CICLISTA
2023-10-28 07:40:45,-3.996011,-79.226857,Calle Azogues,SOLO_DANOS,Choque Vehicular,Mal estado de la via,,,,,,,,,,,,
2023-07-31 16:41:21,-4.008775,-79.218513,Calle Imbabura,CON_LESIONADOS,Atropellamiento,Inobservancia de senales,31,LESIONADO,NO_REGISTRA,SCOOTER,53,LESIONADO,NO_REGISTRA,PEATON,74,LESIONADO,MUJER,MOTOCICLETA
2023-11-20 20:51:21,-4.019494,-79.219554,Calle 10 de Agosto,CON_FALLECIDOS,Volcamiento,Factores externos,75,FALLECIDO,MUJER,OTRO,19,FALLECIDO,NO_REGISTRA,CICLISTA,,,,
2023-08-14 08:20:14,-3.991317,-79.197072,Calle Bolivar,CON_LESIONADOS,Volcamiento,Estado de embriaguez,77,LESIONADO,NO_REGISTRA,PEATON,60,LESIONADO,NO_REGISTRA,VEH_LIVIANO,,,,
2023-12-06 12:16:09,-4.022681,-79.202908,Av. Metropolitana,CON_FALLECIDOS,Atropellamiento,Inobservancia de senales,42,FALLECIDO,HOMBRE,OTRO,58,FALLECIDO,HOMBRE,CICLISTA,34,LESIONADO,HOMBRE,SCOOTER
2023-03-13 16:22:54,-3.996728,-79.189851,Calle Imbabura,CON_LESIONADOS,Colision Multiple,Visibilidad reducida,32,LESIONADO,MUJER,OTRO,28,LESIONADO,MUJER,CICLISTA,55,LESIONADO,MUJER,MOTOCICLETA
2023-05-18 18:32:47,-3.989039,-79.221626,Av. Universitaria,CON_FALLECIDOS,Choque Vehicular,Falla mecanica,81,FALLECIDO,HOMBRE,SCOOTER,54,FALLECIDO,MUJER,OTRO,23,LESIONADO,HOMBRE,SCOOTER
2023-08-15 19:37:59,-3.984081,-79.218470,Av. Orillas del Zamora,CON_FALLECIDOS,Colision Multiple,Fatiga del conductor,52,FALLECIDO,NO_REGISTRA,OTRO,,,,,,,,
2023-11-14 07:11:58,-3.998374,-79.219545,Calle Ramon Borrero,CON_LESIONADOS,Choque Vehicular,Estado de embriaguez,19,LESIONADO,NO_REGISTRA,VEH_LIVIANO,34,LESIONADO,NO_REGISTRA,VEH_LIVIANO,,,,
2023-01-06 09:21:18,-4.011526,-79.211932,Av. Manuel Agustin Aguirre,CON_FALLECIDOS,Volcamiento,Mal estado de la via,31,FALLECIDO,HOMBRE,CICLISTA,69,FALLECIDO,HOMBRE,VEH_LIVIANO,77,LESIONADO,MUJER,PEATON
2023-05-01 11:57:48,-4.026155,-79.196295,Calle 18 de Noviembre,SOLO_DANOS,Atropellamiento,Equipo de seguridad deficiente,24,LESIONADO,HOMBRE,VEH_LIVIANO,,,,,,,,
2023-04-12 21:23:12,-4.027430,-79.185729,Av. Cuxibamba,SOLO_DANOS,Choque Vehicular,Equipo de seguridad deficiente,,,,,,,,,,,,
2023-08-18 05:22:37,-4.018002,-79.203596,Av. Reinaldo Espinosa,CON_FALLECIDOS,Incendio,Mal estado de la via,82,FALLECIDO,HOMBRE,PEATON,,,,,,,,
2023-01-12 10:19:12,-3.985912,-79.182760,Calle Quito,CON_LESIONADOS,Incendio,Falla mecanica,45,LESIONADO,HOMBRE,PEATON,61,LESIONADO,MUJER,OTRO,,,,
2023-01-14 18:07:32,-4.020185,-79.184021,Calle Imbabura,CON_LESIONADOS,Caida,Falla mecanica,17,LESIONADO,NO_REGISTRA,SCOOTER,5,LESIONADO,NO_REGISTRA,SCOOTER,19,LESIONADO,NO_REGISTRA,PEATON
2023-09-10 11:14:57,-3.983499,-79.228866,Calle Quito,SOLO_DANOS,Atropellamiento,Inobservancia de senales,,,,,,,,,,,,
2023-11-23 01:29:46,-4.012063,-79.214403,Calle Colon,SOLO_DANOS,Caida,Visibilidad reducida,,,,,,,,,,,,
2023-09-01 00:39:38,-4.018500,-79.172623,Av. Isidro Ayora,CON_LESIONADOS,Volcamiento,Imprudencia del conductor,51,LESIONADO,HOMBRE,OTRO,80,LESIONADO,HOMBRE,MOTOCICLETA,12,LESIONADO,MUJER,CICLISTA
2023-08-30 12:00:58,-4.017467,-79.194788,Av. 8 de Diciembre,CON_FALLECIDOS,Incendio,Inobservancia de senales,56,FALLECIDO,MUJER,SCOOTER,,,,,,,,
2023-04-27 05:37:55,-4.035892,-79.174105,Calle Azogues,CON_LESIONADOS,Atropellamiento,Distraccion (celular/radio),61,LESIONADO,MUJER,PEATON,48,LESIONADO,MUJER,CICLISTA,53,LESIONADO,NO_REGISTRA,VEH_LIVIANO
2023-01-04 01:09:00,-3.994628,-79.209872,Av. Gran Colombia,SOLO_DANOS,Atropellamiento,Fatiga del conductor,,,,,,,,,,,,
2023-03-20 01:23:28,-4.022072,-79.201720,Av. Isidro Ayora,CON_LESIONADOS,Incendio,Equipo de seguridad deficiente,15,LESIONADO,MUJER,PEATON,,,,,,,,
2023-07-28 00:28:00,-3.977685,-79.213630,Ruta 35,CON_LESIONADOS,Choque Vehicular,Inobservancia de senales,53,LESIONADO,HOMBRE,SCOOTER,18,LESIONADO,NO_REGISTRA,OTRO,50,LESIONADO,HOMBRE,VEH_LIVIANO
2023-10-26 11:37:04,-4.014781,-79.208861,Calle Bolivar,CON_LESIONADOS,Accidente Laboral,Mal estado de la via,74,LESIONADO,HOMBRE,SCOOTER,,,,,,,,
2023-12-03 19:50:49,-4.035699,-79.199251,Av. Isidro Ayora,CON_LESIONADOS,Atropellamiento,Falla mecanica,61,LESIONADO,HOMBRE,VEH_LIVIANO,9,LESIONADO,HOMBRE,MOTOCICLETA,70,LESIONADO,HOMBRE,CICLISTA
2023-08-04 19:47:52,-4.014033,-79.199274,Calle Saraguro,SOLO_DANOS,Colision Multiple,Equipo de seguridad deficiente,,,,,,,,,,,,
2023-07-20 05:59:32,-4.011173,-79.172226,Av. Isidro Ayora,SOLO_DANOS,Accidente Laboral,Exceso de velocidad,,,,,,,,,,,,
2023-04-19 14:38:30,-4.036149,-79.192660,Via Loja - Catamayo,CON_LESIONADOS,Accidente Laboral,Imprudencia del conductor,74,LESIONADO,HOMBRE,PEATON,,,,,,,,
2023-07-12 08:58:29,-4.021362,-79.179668,Av. Universitaria,CON_FALLECIDOS,Accidente Laboral,Fatiga del conductor,79,FALLECIDO,HOMBRE,OTRO,49,LESIONADO,MUJER,PEATON,,,,
2023-04-11 02:40:11,-3.988526,-79.175201,Calle 10 de Agosto,CON_FALLECIDOS,Caida,Via resbaladiza o mojada,66,FALLECIDO,HOMBRE,PEATON,34,LESIONADO,NO_REGISTRA,PEATON,,,,
2023-01-03 11:24:22,-3.980639,-79.192375,Via Loja - Zamora,CON_FALLECIDOS,Accidente Laboral,Exceso de velocidad,72,FALLECIDO,NO_REGISTRA,MOTOCICLETA,62,LESIONADO,MUJER,VEH_LIVIANO,,,,
2023-12-06 20:53:28,-3.998069,-79.214967,Ruta 35,CON_LESIONADOS,Incendio,Via resbaladiza o mojada,19,LESIONADO,MUJER,CICLISTA,,,,,,,,
2023-07-25 16:19:17,-4.020635,-79.187066,Av. 8 de Diciembre,CON_FALLECIDOS,Atropellamiento,Fatiga del conductor,26,FALLECIDO,HOMBRE,MOTOCICLETA,35,FALLECIDO,HOMBRE,PEATON,42,LESIONADO,HOMBRE,OTRO
2023-12-14 11:32:25,-3.978004,-79.215501,Av. 8 de Diciembre,SOLO_DANOS,Accidente Laboral,Estado de embriaguez,,,,,,,,,,,,
2023-06-08 03:20:31,-4.017991,-79.192382,Calle Miguel Riofrio,CON_LESIONADOS,Incendio,Exceso de velocidad,58,LESIONADO,NO_REGISTRA,CICLISTA,45,LESIONADO,NO_REGISTRA,PEATON,,,,
2023-02-23 06:46:42,-4.034678,-79.203697,Calle Bolivar,CON_FALLECIDOS,Colision Multiple,Factores externos,45,FALLECIDO,HOMBRE,PEATON,39,FALLECIDO,NO_REGISTRA,CICLISTA,,,,
2023-01-16 05:04:28,-3.987517,-79.192441,Av. 8 de Diciembre,CON_LESIONADOS,Caida,Factores externos,40,LESIONADO,HOMBRE,VEH_LIVIANO,,,,,,,,
2023-07-05 12:14:22,-3.990445,-79.230378,Calle Mercadillo,CON_FALLECIDOS,Accidente Laboral,Factores externos,25,FALLECIDO,NO_REGISTRA,MOTOCICLETA,74,FALLECIDO,HOMBRE,OTRO,48,LESIONADO,HOMBRE,VEH_LIVIANO
2023-08-20 09:16:27,-4.002035,-79.204495,Calle Azogues,SOLO_DANOS,Choque Vehicular,Mal estado de la via,5,LESIONADO,NO_REGISTRA,SCOOTER,,,,,,,,
2023-08-05 14:40:46,-4.026789,-79.224220,Calle Imbabura,CON_LESIONADOS,Incendio,Via resbaladiza o mojada,59,LESIONADO,HOMBRE,CICLISTA,62,LESIONADO,HOMBRE,VEH_LIVIANO,,,,
2023-07-05 20:22:42,-4.016218,-79.214974,Calle Rocafuerte,CON_LESIONADOS,Choque Vehicular,Visibilidad reducida,24,LESIONADO,NO_REGISTRA,OTRO,,,,,,,,
2023-04-07 00:15:59,-3.988138,-79.182078,Av. Orillas del Zamora,CON_FALLECIDOS,Incendio,Imprudencia del conductor,51,FALLECIDO,MUJER,PEATON,,,,,,,,
2023-12-25 17:31:17,-4.007178,-79.185059,Av. Cuxibamba,CON_LESIONADOS,Colision Multiple,Fatiga del conductor,37,LESIONADO,HOMBRE,OTRO,12,LESIONADO,HOMBRE,CICLISTA,,,,
2023-11-27 09:17:12,-3.995909,-79.189836,Calle Rocafuerte,CON_FALLECIDOS,Caida,Equipo de seguridad deficiente,53,FALLECIDO,MUJER,PEATON,18,FALLECIDO,NO_REGISTRA,PEATON,,,,
2023-06-05 09:34:25,-4.003157,-79.192814,Calle 10 de Agosto,SOLO_DANOS,Incendio,Imprudencia del conductor,,,,,,,,,,,,
2023-03-01 11:18:04,-4.020168,-79.200985,Av. Metropolitana,CON_FALLECIDOS,Colision Multiple,Mal estado de la via,64,FALLECIDO,NO_REGISTRA,SCOOTER,31,LESIONADO,HOMBRE,PEATON,14,LESIONADO,HOMBRE,CICLISTA
2023-10-18 09:11:05,-4.013596,-79.209678,Calle 18 de Noviembre,SOLO_DANOS,Choque Vehicular,Imprudencia del conductor,,,,,,,,,,,,
2023-04-26 23:29:44,-3.985053,-79.182832,Av. Isidro Ayora,CON_FALLECIDOS,Caida,Factores externos,29,FALLECIDO,MUJER,PEATON,38,FALLECIDO,HOMBRE,CICLISTA,29,LESIONADO,HOMBRE,MOTOCICLETA
2023-01-28 22:48:14,-4.006208,-79.171208,Av. Universitaria,CON_FALLECIDOS,Accidente Laboral,Fatiga del conductor,61,FALLECIDO,NO_REGISTRA,VEH_LIVIANO,25,LESIONADO,NO_REGISTRA,CICLISTA,8,LESIONADO,NO_REGISTRA,PEATON
2023-02-28 18:38:52,-4.003862,-79.181264,Calle Saraguro,CON_LESIONADOS,Atropellamiento,Equipo de seguridad deficiente,64,LESIONADO,NO_REGISTRA,MOTOCICLETA,54,LESIONADO,NO_REGISTRA,CICLISTA,,,,
2023-10-16 05:59:21,-4.006801,-79.195477,Calle Mercadillo,CON_FALLECIDOS,Accidente Laboral,Inobservancia de senales,37,FALLECIDO,MUJER,PEATON,47,FALLECIDO,MUJER,VEH_LIVIANO,37,LESIONADO,MUJER,VEH_LIVIANO
2023-11-02 10:03:09,-3.983197,-79.194141,Via Loja - Catamayo,CON_LESIONADOS,Accidente Laboral,Estado de embriaguez,77,LESIONADO,HOMBRE,PEATON,55,LESIONADO,NO_REGISTRA,OTRO,74,LESIONADO,MUJER,OTRO
2023-07-01 19:39:18,-4.004472,-79.200901,Calle Miguel Riofrio,CON_FALLECIDOS,Choque Vehicular,Estado de embriaguez,29,FALLECIDO,NO_REGISTRA,VEH_LIVIANO,80,FALLECIDO,MUJER,MOTOCICLETA,16,LESIONADO,HOMBRE,PEATON
2023-06-13 08:08:12,-3.977600,-79.229530,Calle Quito,CON_FALLECIDOS,Caida,Factores externos,61,FALLECIDO,NO_REGISTRA,SCOOTER,23,FALLECIDO,NO_REGISTRA,MOTOCICLETA,68,LESIONADO,MUJER,VEH_LIVIANO
2023-02-25 03:40:27,-4.011845,-79.209456,Av. 8 de Diciembre,SOLO_DANOS,Atropellamiento,Inobservancia de senales,,,,,,,,,,,,
2023-11-23 10:49:43,-3.987272,-79.196779,Calle Quito,CON_LESIONADOS,Atropellamiento,Visibilidad reducida,39,LESIONADO,NO_REGISTRA,SCOOTER,27,LESIONADO,MUJER,CICLISTA,,,,
2023-03-31 09:59:48,-4.016143,-79.175899,Calle Rocafuerte,CON_LESIONADOS,Volcamiento,Factores externos,78,LESIONADO,MUJER,OTRO,61,LESIONADO,HOMBRE,SCOOTER,,,,
2023-07-02 09:00:48,-4.020761,-79.224135,Calle 10 de Agosto,CON_FALLECIDOS,Volcamiento,Factores externos,37,FALLECIDO,NO_REGISTRA,OTRO,76,FALLECIDO,HOMBRE,MOTOCICLETA,35,LESIONADO,NO_REGISTRA,OTRO
2023-11-06 15:46:53,-4.000679,-79.202006,Calle Saraguro,CON_LESIONADOS,Accidente Laboral,Exceso de velocidad,36,LESIONADO,NO_REGISTRA,PEATON,63,LESIONADO,MUJER,PEATON,31,LESIONADO,HOMBRE,PEATON