fecha_hora,latitud,longitud,via,grado_severidad,tipo_siniestro,causa_probable,victima1_edad,victima1_condicion,victima1_sexo,victima1_actor_vial,victima2_edad,victima2_condicion,victima2_sexo,victima2_actor_vial,victima3_edad,victima3_condicion,victima3_sexo,victima3_actor_vial
2023-08-05 18:37:06,-3.998942,-79.192347,Calle Montufar,CON_FALLECIDOS,Atropellamiento,Inobservancia de senales,21,FALLECIDO,HOMBRE,OTRO,23,LESIONADO,HOMBRE,OTRO,60,LESIONADO,HOMBRE,PEATON
2023-10-19 22:13:12,-4.012107,-79.196869,Av. Isidro Ayora,CON_FALLECIDOS,Caida,Distraccion (celular/radio),70,FALLECIDO,HOMBRE,CICLISTA,45,LESIONADO,HOMBRE,VEH_LIVIANO,41,LESIONADO,HOMBRE,SCOOTER
2023-03-05 07:31:05,-4.004287,-79.227623,Calle Quito,CON_FALLECIDOS,Choque Vehicular,Exceso de velocidad,68,FALLECIDO,MUJER,PEATON,47,FALLECIDO,NO_REGISTRA,MOTOCICLETA,,,,
2023-03-26 21:25:35,-4.002538,-79.224098,Calle 18 de Noviembre,SOLO_DANOS,Incendio,Via resbaladiza o mojada,,,,,,,,,,,,
2023-07-09 18:49:53,-4.006420,-79.185917,Av. Universitaria,SOLO_DANOS,Choque Vehicular,Distraccion (celular/radio),,,,,,,,,,,,
2023-09-18 06:16:53,-4.029704,-79.215477,Calle Imbabura,CON_LESIONADOS,Accidente Laboral,Via resbaladiza o mojada,66,LESIONADO,HOMBRE,PEATON,,,,,,,,
2023-05-26 06:01:47,-3.980524,-79.223750,Calle 18 de Noviembre,CON_LESIONADOS,Colision Multiple,Fatiga del conductor,26,LESIONADO,MUJER,PEATON,52,LESIONADO,HOMBRE,SCOOTER,73,LESIONADO,MUJER,VEH_LIVIANO
2023-07-27 08:19:02,-4.033249,-79.191867,Calle Ramon Borrero,SOLO_DANOS,Atropellamiento,Inobservancia de senales,,,,,,,,,,,,
2023-01-11 01:30:26,-4.006597,-79.173610,Av. Reinaldo Espinosa,CON_LESIONADOS,Incendio,Exceso de velocidad,36,LESIONADO,MUJER,OTRO,,,,,,,,
2023-11-10 13:50:18,-4.007853,-79.191177,Av. Reinaldo Espinosa,CON_LESIONADOS,Caida,Via resbaladiza o mojada,79,LESIONADO,MUJER,PEATON,,,,,,,,
2023-01-16 03:41:49,-4.003255,-79.222549,Calle Mercadillo,CON_LESIONADOS,Caida,Exceso de velocidad,52,LESIONADO,HOMBRE,PEATON,11,LESIONADO,MUJER,CICLISTA,,,,
2023-06-23 23:38:00,-4.015647,-79.177851,Calle 18 de Noviembre,CON_FALLECIDOS,Incendio,Distraccion (celular/radio),19,FALLECIDO,HOMBRE,MOTOCICLETA,26,FALLECIDO,NO_REGISTRA,CICLISTA,54,LESIONADO,NO_REGISTRA,VEH_LIVIANO
2023-11-23 04:28:32,-3.995595,-79.171790,Av. Manuel Agustin Aguirre,SOLO_DANOS,Caida,Falla mecanica,51,LESIONADO,MUJER,VEH_LIVIANO,,,,,,,,
2023-10-04 15:13:09,-4.007641,-79.207221,Av. Isidro Ayora,CON_LESIONADOS,Colision Multiple,Exceso de velocidad,29,LESIONADO,NO_REGISTRA,PEATON,69,LESIONADO,NO_REGISTRA,VEH_LIVIANO,54,LESIONADO,HOMBRE,MOTOCICLETA
2023-01-11 22:58:00,-3.991883,-79.224549,Calle Rocafuerte,SOLO_DANOS,Caida,Via resbaladiza o mojada,,,,,,,,,,,,
2023-01-30 20:06:30,-4.025469,-79.171891,Av. Metropolitana,SOLO_DANOS,Incendio,Inobservancia de senales,,,,,,,,,,,,
2023-11-13 21:28:42,-4.018011,-79.226060,Av. Cuxibamba,CON_LESIONADOS,Caida,Mal estado de la via,21,LESIONADO,NO_REGISTRA,PEATON,8,LESIONADO,MUJER,CICLISTA,,,,
2023-09-19 15:04:00,-4.016449,-79.194679,Calle 18 de Noviembre,CON_FALLECIDOS,Accidente Laboral,Distraccion (celular/radio),38,FALLECIDO,NO_REGISTRA,VEH_LIVIANO,73,FALLECIDO,HOMBRE,SCOOTER,57,LESIONADO,MUJER,MOTOCICLETA
2023-12-04 13:57:37,-4.033436,-79.229841,Calle Miguel Riofrio,CON_LESIONADOS,Accidente Laboral,Equipo de seguridad deficiente,33,LESIONADO,MUJER,MOTOCICLETA,14,LESIONADO,HOMBRE,OTRO,,,,
2023-01-15 10:14:03,-4.010850,-79.187429,Calle Mercadillo,CON_LESIONADOS,Colision Multiple,Exceso de velocidad,52,LESIONADO,NO_REGISTRA,SCOOTER,57,LESIONADO,NO_REGISTRA,SCOOTER,,,,
2023-03-04 22:36:14,-3.984817,-79.213274,Av. Pio Jaramillo,CON_FALLECIDOS,Volcamiento,Falla mecanica,62,FALLECIDO,MUJER,OTRO,64,FALLECIDO,NO_REGISTRA,PEATON,19,LESIONADO,MUJER,OTRO
2023-01-13 15:09:17,-4.030811,-79.194480,Av. Gran Colombia,CON_LESIONADOS,Incendio,Distraccion (celular/radio),58,LESIONADO,HOMBRE,PEATON,,,,,,,,
2023-01-16 20:52:49,-3.983228,-79.190099,Av. Universitaria,SOLO_DANOS,Accidente Laboral,Falla mecanica,62,LESIONADO,HOMBRE,PEATON,,,,,,,,
2023-11-13 17:03:04,-4.029193,-79.183071,Calle 10 de Agosto,CON_LESIONADOS,Choque Vehicular,Equipo de seguridad deficiente,78,LESIONADO,NO_REGISTRA,CICLISTA,59,LESIONADO,MUJER,OTRO,63,LESIONADO,HOMBRE,SCOOTER
2023-03-04 02:46:34,-4.020984,-79.224766,Calle Saraguro,CON_FALLECIDOS,Colision Multiple,Visibilidad reducida,44,FALLECIDO,HOMBRE,SCOOTER,79,FALLECIDO,NO_REGISTRA,MOTOCICLETA,,,,
2023-11-08 20:37:11,-4.006742,-79.229176,Av. Pio Jaramillo,SOLO_DANOS,Choque Vehicular,Distraccion (celular/radio),,,,,,,,,,,,
2023-01-06 08:47:14,-4.012794,-79.190172,Calle Imbabura,CON_LESIONADOS,Atropellamiento,Estado de embriaguez,54,LESIONADO,MUJER,MOTOCICLETA,55,LESIONADO,HOMBRE,SCOOTER,,,,
2023-06-09 14:31:12,-3.979042,-79.194824,Calle Quito,SOLO_DANOS,Accidente Laboral,Factores externos,,,,,,,,,,,,
2023-05-09 04:10:45,-3.994795,-79.196519,Calle Saraguro,SOLO_DANOS,Accidente Laboral,Fatiga del conductor,,,,,,,,,,,,
2023-07-15 13:34:54,-3.979261,-79.213712,Calle Ramon Borrero,CON_LESIONADOS,Volcamiento,Exceso de velocidad,22,LESIONADO,HOMBRE,OTRO,,,,,,,,
2023-10-17 04:12:40,-4.012028,-79.218128,Av. Manuel Agustin Aguirre,SOLO_DANOS,Atropellamiento,Mal estado de la via,,,,,,,,,,,,
2023-07-31 04:07:00,-3.993559,-79.199449,Calle 10 de Agosto,CON_FALLECIDOS,Accidente Laboral,Distraccion (celular/radio),55,FALLECIDO,MUJER,SCOOTER,65,FALLECIDO,HOMBRE,MOTOCICLETA,41,LESIONADO,NO_REGISTRA,VEH_LIVIANO
2023-06-22 02:07:50,-4.009270,-79.222577,Calle Sucre,CON_FALLECIDOS,Atropellamiento,Fatiga del conductor,72,FALLECIDO,NO_REGISTRA,SCOOTER,12,LESIONADO,MUJER,OTRO,,,,
2023-01-31 13:47:23,-4.012024,-79.197701,Av. Manuel Agustin Aguirre,SOLO_DANOS,Atropellamiento,Factores externos,,,,,,,,,,,,
2023-02-05 13:15:21,-4.030085,-79.176665,Calle Azogues,CON_FALLECIDOS,Choque Vehicular,Estado de embriaguez,30,FALLECIDO,HOMBRE,SCOOTER,57,LESIONADO,NO_REGISTRA,CICLISTA,,,,
2023-08-27 17:22:27,-3.988262,-79.184720,Calle Colon,CON_FALLECIDOS,Incendio,Estado de embriaguez,60,FALLECIDO,MUJER,VEH_LIVIANO,56,LESIONADO,NO_REGISTRA,MOTOCICLETA,,,,
2023-05-22 22:14:52,-3.996738,-79.217478,Ruta 35,CON_LESIONADOS,Choque Vehicular,Inobservancia de senales,16,LESIONADO,NO_REGISTRA,OTRO,21,LESIONADO,NO_REGISTRA,MOTOCICLETA,68,LESIONADO,MUJER,PEATON
2023-05-20 16:15:38,-4.019630,-79.230061,Av. Reinaldo Espinosa,CON_FALLECIDOS,Volcamiento,Falla mecanica,46,FALLECIDO,NO_REGISTRA,OTRO,83,FALLECIDO,NO_REGISTRA,CICLISTA,,,,
2023-09-30 20:05:28,-4.027303,-79.226971,Calle Colon,SOLO_DANOS,Colision Multiple,Estado de embriaguez,,,,,,,,,,,,
2023-03-25 16:15:27,-4.012646,-79.208753,Av. Rosa Hermosa,CON_LESIONADOS,Incendio,Factores externos,15,LESIONADO,NO_REGISTRA,MOTOCICLETA,39,LESIONADO,NO_REGISTRA,CICLISTA,,,,
2023-06-29 23:27:30,-4.021976,-79.228716,Av. Pio Jaramillo,CON_LESIONADOS,Colision Multiple,Inobservancia de senales,65,LESIONADO,NO_REGISTRA,VEH_LIVIANO,,,,,,,,
2023-09-18 11:15:23,-3.984640,-79.220477,Via Loja - Zamora,CON_LESIONADOS,Choque Vehicular,Inobservancia de senales,80,LESIONADO,NO_REGISTRA,SCOOTER,34,LESIONADO,NO_REGISTRA,VEH_LIVIANO,,,,
2023-12-14 22:12:52,-4.025030,-79.203545,Av. Reinaldo Espinosa,CON_LESIONADOS,Incendio,Distraccion (celular/radio),47,LESIONADO,HOMBRE,SCOOTER,,,,,,,,
2023-07-15 14:46:11,-4.036828,-79.175897,Via Loja - Zamora,CON_FALLECIDOS,Volcamiento,Distraccion (celular/radio),77,FALLECIDO,HOMBRE,MOTOCICLETA,33,FALLECIDO,MUJER,SCOOTER,13,LESIONADO,HOMBRE,VEH_LIVIANO
2023-12-20 01:15:29,-4.018062,-79.214858,Calle 10 de Agosto,CON_LESIONADOS,Choque Vehicular,Visibilidad reducida,43,LESIONADO,HOMBRE,CICLISTA,,,,,,,,
2023-08-10 12:32:04,-3.980718,-79.209006,Calle Quito,CON_FALLECIDOS,Colision Multiple,Exceso de velocidad,47,FALLECIDO,NO_REGISTRA,SCOOTER,36,FALLECIDO,NO_REGISTRA,MOTOCICLETA,,,,
2023-12-18 17:00:35,-4.031769,-79.202632,Calle Rocafuerte,CON_FALLECIDOS,Accidente Laboral,Factores externos,62,FALLECIDO,HOMBRE,PEATON,57,FALLECIDO,NO_REGISTRA,OTRO,16,LESIONADO,HOMBRE,CICLISTA
2023-05-05 16:48:54,-4.007398,-79.209683,Av. Cuxibamba,CON_FALLECIDOS,Colision Multiple,Falla mecanica,75,FALLECIDO,MUJER,VEH_LIVIANO,77,LESIONADO,NO_REGISTRA,SCOOTER,51,LESIONADO,NO_REGISTRA,VEH_LIVIANO
2023-06-01 19:06:31,-3.995133,-79.199481,Calle Colon,CON_LESIONADOS,Colision Multiple,Equipo de seguridad deficiente,48,LESIONADO,NO_REGISTRA,SCOOTER,,,,,,,,
2023-08-23 11:54:25,-4.023726,-79.180850,Av. Reinaldo Espinosa,CON_LESIONADOS,Volcamiento,Equipo de seguridad deficiente,51,LESIONADO,HOMBRE,CICLISTA,19,LESIONADO,MUJER,SCOOTER,,,,
2023-09-24 02:20:17,-3.999944,-79.187289,Calle Rocafuerte,SOLO_DANOS,Caida,Fatiga del conductor,,,,,,,,,,,,
2023-10-15 22:26:06,-4.010674,-79.204425,Calle Bolivar,SOLO_DANOS,Choque Vehicular,Inobservancia de senales,,,,,,,,,,,,
2023-02-22 21:34:22,-3.983600,-79.192895,Calle Miguel Riofrio,SOLO_DANOS,Volcamiento,Factores externos,,,,,,,,,,,,
2023-09-29 14:23:54,-3.988655,-79.178824,Av. Metropolitana,SOLO_DANOS,Colision Multiple,Distraccion (celular/radio),,,,,,,,,,,,
2023-06-23 16:55:50,-3.993881,-79.171549,Av. Gran Colombia,CON_FALLECIDOS,Volcamiento,Fatiga del conductor,19,FALLECIDO,NO_REGISTRA,VEH_LIVIANO,35,FALLECIDO,MUJER,VEH_LIVIANO,80,LESIONADO,MUJER,OTRO
2023-06-22 11:09:54,-4.008152,-79.207372,Calle Colon,SOLO_DANOS,Atropellamiento,Estado de embriaguez,,,,,,,,,,,,
2023-11-13 05:01:56,-4.000562,-79.227278,Calle Imbabura,CON_LESIONADOS,Colision Multiple,Via resbaladiza o mojada,49,LESIONADO,MUJER,CICLISTA,18,LESIONADO,MUJER,CICLISTA,65,LESIONADO,NO_REGISTRA,PEATON
2023-03-06 17:23:51,-4.007494,-79.217182,Calle Rocafuerte,CON_LESIONADOS,Volcamiento,Imprudencia del conductor,79,LESIONADO,HOMBRE,MOTOCICLETA,41,LESIONADO,NO_REGISTRA,PEATON,,,,
2023-08-11 09:38:51,-4.005442,-79.209175,Calle Quito,CON_FALLECIDOS,Incendio,Inobservancia de senales,67,FALLECIDO,HOMBRE,PEATON,,,,,,,,
2023-11-24 00:01:01,-4.023829,-79.222218,Calle Mercadillo,CON_LESIONADOS,Volcamiento,Estado de embriaguez,71,LESIONADO,HOMBRE,CICLISTA,58,LESIONADO,NO_REGISTRA,CICLISTA,65,LESIONADO,MUJER,PEATON
2023-05-07 23:05:17,-4.017213,-79.223790,Av. Metropolitana,CON_LESIONADOS,Volcamiento,Mal estado de la via,10,LESIONADO,HOMBRE,PEATON,33,LESIONADO,MUJER,VEH_LIVIANO,,,,
2023-12-19 14:00:47,-3.979151,-79.188098,Av. Orillas del Zamora,SOLO_DANOS,Volcamiento,Fatiga del conductor,,,,,,,,,,,,
2023-09-28 18:57:53,-4.027237,-79.229561,Calle Quito,CON_LESIONADOS,Choque Vehicular,Imprudencia del conductor,20,LESIONADO,HOMBRE,SCOOTER,,,,,,,,
2023-03-24 00:27:38,-4.035633,-79.210942,Calle Sucre,CON_FALLECIDOS,Atropellamiento,Inobservancia de senales,81,FALLECIDO,MUJER,MOTOCICLETA,,,,,,,,
2023-04-09 10:52:34,-4.021463,-79.188223,Calle Saraguro,CON_FALLECIDOS,Caida,Factores externos,64,FALLECIDO,MUJER,SCOOTER,53,LESIONADO,NO_REGISTRA,CICLISTA,,,,
2023-05-27 18:57:48,-3.999324,-79.214006,Calle Azogues,SOLO_DANOS,Caida,Distraccion (celular/radio),,,,,,,,,,,,
2023-05-27 21:06:02,-4.029073,-79.211458,Calle Ramon Borrero,CON_FALLECIDOS,Volcamiento,Imprudencia del conductor,34,FALLECIDO,MUJER,MOTOCICLETA,36,FALLECIDO,MUJER,OTRO,5,LESIONADO,HOMBRE,VEH_LIVIANO
2023-05-20 10:28:35,-3.977288,-79.180264,Calle Ramon Borrero,SOLO_DANOS,Accidente Laboral,Factores externos,58,LESIONADO,MUJER,MOTOCICLETA,,,,,,,,
2023-10-06 07:46:33,-3.990199,-79.173106,Av. Cuxibamba,CON_LESIONADOS,Caida,Falla mecanica,42,LESIONADO,HOMBRE,CICLISTA,75,LESIONADO,MUJER,OTRO,57,LESIONADO,NO_REGISTRA,OTRO
2023-07-18 16:32:14,-3.995037,-79.174713,Via Loja - Zamora,CON_FALLECIDOS,Accidente Laboral,Mal estado de la via,85,FALLECIDO,HOMBRE,VEH_LIVIANO,38,FALLECIDO,HOMBRE,MOTOCICLETA,24,LESIONADO,NO_REGISTRA,SCOOTER
2023-11-05 19:12:35,-3.989067,-79.182724,Calle 10 de Agosto,SOLO_DANOS,Atropellamiento,Falla mecanica,,,,,,,,,,,,
2023-01-01 01:04:45,-3.981324,-79.210209,Calle Saraguro,CON_LESIONADOS,Volcamiento,Falla mecanica,77,LESIONADO,HOMBRE,VEH_LIVIANO,,,,,,,,
2023-10-10 22:50:00,-3.979388,-79.192467,Av. Cuxibamba,SOLO_DANOS,Choque Vehicular,Visibilidad reducida,,,,,,,,,,,,
2023-01-07 10:59:36,-4.015791,-79.224827,Calle Bolivar,CON_FALLECIDOS,Volcamiento,Inobservancia de senales,60,FALLECIDO,MUJER,VEH_LIVIANO,79,FALLECIDO,HOMBRE,VEH_LIVIANO,,,,
2023-10-19 08:47:29,-4.005537,-79.192754,Av. Gran Colombia,CON_FALLECIDOS,Incendio,Imprudencia del conductor,53,FALLECIDO,HOMBRE,SCOOTER,51,LESIONADO,MUJER,VEH_LIVIANO,,,,
2023-02-16 14:55:38,-4.016032,-79.199641,Av. Universitaria,CON_LESIONADOS,Atropellamiento,Mal estado de la via,55,LESIONADO,HOMBRE,MOTOCICLETA,74,LESIONADO,HOMBRE,VEH_LIVIANO,,,,
2023-04-17 14:15:57,-4.012093,-79.188465,Av. Isidro Ayora,CON_FALLECIDOS,Choque Vehicular,Inobservancia de senales,32,FALLECIDO,HOMBRE,PEATON,35,FALLECIDO,MUJER,CICLISTA,,,,
2023-04-25 03:53:24,-3.996995,-79.219013,Via Loja - Catamayo,CON_LESIONADOS,Colision Multiple,Via resbaladiza o mojada,75,LESIONADO,MUJER,OTRO,55,LESIONADO,HOMBRE,OTRO,,,,
2023-07-12 02:12:42,-3.993460,-79.226324,Calle Colon,SOLO_DANOS,Choque Vehicular,Estado de embriaguez,,,,,,,,,,,,
2023-05-17 03:20:49,-3.983277,-79.230076,Av. Metropolitana,CON_FALLECIDOS,Caida,Falla mecanica,38,FALLECIDO,HOMBRE,OTRO,,,,,,,,
2023-12-14 09:38:52,-3.989396,-79.186492,Calle Mercadillo,CON_FALLECIDOS,Caida,Via resbaladiza o mojada,21,FALLECIDO,HOMBRE,SCOOTER,59,FALLECIDO,NO_REGISTRA,SCOOTER,23,LESIONADO,MUJER,SCOOTER
2023-05-02 23:40:20,-3.999549,-79.225778,Calle Bolivar,CON_LESIONADOS,Choque Vehicular,Imprudencia del conductor,60,LESIONADO,MUJER,SCOOTER,27,LESIONADO,HOMBRE,PEATON,45,LESIONADO,NO_REGISTRA,PEATON
2023-07-16 02:37:17,-4.000712,-79.204256,Calle Sucre,CON_LESIONADOS,Incendio,Imprudencia del conductor,35,LESIONADO,MUJER,CICLISTA,7,LESIONADO,MUJER,MOTOCICLETA,,,,
2023-12-23 04:14:18,-3.985463,-79.218887,Av. Rosa Hermosa,CON_LESIONADOS,Choque Vehicular,Fatiga del conductor,7,LESIONADO,NO_REGISTRA,SCOOTER,31,LESIONADO,MUJER,CICLISTA,,,,
2023-05-22 13:38:47,-3.987702,-79.216679,Calle Rocafuerte,CON_FALLECIDOS,Choque Vehicular,Equipo de seguridad deficiente,51,FALLECIDO,MUJER,SCOOTER,23,FALLECIDO,HOMBRE,PEATON,,,,
2023-05-14 15:10:18,-4.014784,-79.172888,Av. Manuel Agustin Aguirre,CON_LESIONADOS,Incendio,Inobservancia de senales,30,LESIONADO,HOMBRE,MOTOCICLETA,17,LESIONADO,NO_REGISTRA,VEH_LIVIANO,8,LESIONADO,HOMBRE,OTRO
2023-10-27 16:39:02,-4.005406,-79.193333,Calle 10 de Agosto,CON_LESIONADOS,Accidente Laboral,Exceso de velocidad,80,LESIONADO,HOMBRE,MOTOCICLETA,,,,,,,,
2023-05-05 15:04:25,-3.987748,-79.211502,Calle 18 de Noviembre,SOLO_DANOS,Accidente Laboral,Factores externos,,,,,,,,,,,,
2023-01-06 08:06:40,-4.004799,-79.201065,Calle Imbabura,SOLO_DANOS,Colision Multiple,Exceso de velocidad,,,,,,,,,,,,
2023-12-26 21:31:21,-4.030194,-79.171041,Calle Azogues,CON_LESIONADOS,Caida,Factores externos,29,LESIONADO,NO_REGISTRA,OTRO,32,LESIONADO,MUJER,CICLISTA,,,,
2023-04-06 21:54:40,-4.007153,-79.179944,Av. Orillas del Zamora,CON_FALLECIDOS,Accidente Laboral,Exceso de velocidad,59,FALLECIDO,HOMBRE,MOTOCICLETA,53,FALLECIDO,HOMBRE,MOTOCICLETA,49,LESIONADO,NO_REGISTRA,VEH_LIVIANO
2023-04-29 11:39:53,-4.010012,-79.205986,Av. Rosa Hermosa,CON_LESIONADOS,Choque Vehicular,Imprudencia del conductor,40,LESIONADO,HOMBRE,MOTOCICLETA,40,LESIONADO,HOMBRE,PEATON,,,,
2023-02-17 21:43:54,-4.031177,-79.199525,Calle Ramon Borrero,CON_FALLECIDOS,Caida,Exceso de velocidad,36,FALLECIDO,HOMBRE,SCOOTER,35,FALLECIDO,HOMBRE,CICLISTA,80,LESIONADO,MUJER,OTRO
2023-02-25 06:27:31,-4.032552,-79.210961,Calle Sucre,SOLO_DANOS,Choque Vehicular,Mal estado de la via,,,,,,,,,,,,
2023-07-30 19:22:49,-3.978983,-79.192592,Calle 18 de Noviembre,CON_FALLECIDOS,Incendio,Imprudencia del conductor,32,FALLECIDO,MUJER,MOTOCICLETA,23,FALLECIDO,NO_REGISTRA,OTRO,48,LESIONADO,MUJER,PEATON
2023-05-01 12:48:54,-4.011267,-79.212927,Calle Saraguro,CON_LESIONADOS,Choque Vehicular,Via resbaladiza o mojada,72,LESIONADO,MUJER,OTRO,23,LESIONADO,NO_REGISTRA,SCOOTER,,,,
2023-04-02 19:30:14,-4.004812,-79.200328,Av. Gran Colombia,CON_FALLECIDOS,Choque Vehicular,Visibilidad reducida,68,FALLECIDO,NO_REGISTRA,MOTOCICLETA,,,,,,,,
2023-04-27 11:20:57,-3.995843,-79.226675,Av. Cuxibamba,CON_LESIONADOS,Volcamiento,Exceso de velocidad,18,LESIONADO,NO_REGISTRA,OTRO,,,,,,,,
2023-05-20 18:36:06,-3.985884,-79.207603,Av. Rosa Hermosa,SOLO_DANOS,Colision Multiple,Visibilidad reducida,,,,,,,,,,,,
2023-10-23 19:46:26,-4.035162,-79.189774,Via Loja - Zamora,SOLO_DANOS,Atropellamiento,Visibilidad reducida,,,,,,,,,,,,
2023-04-10 18:53:26,-4.009451,-79.172071,Av. Metropolitana,CON_FALLECIDOS,Choque Vehicular,Distraccion (celular/radio),85,FALLECIDO,MUJER,OTRO,29,FALLECIDO,HOMBRE,VEH_LIVIANO,67,LESIONADO,NO_REGISTRA,SCOOTER
2023-06-20 05:02:25,-4.009537,-79.181108,Calle Colon,CON_LESIONADOS,Volcamiento,Visibilidad reducida,19,LESIONADO,HOMBRE,VEH_LIVIANO,63,LESIONADO,NO_REGISTRA,VEH_LIVIANO,,,,
2023-05-20 14:23:25,-3.999167,-79.226386,Av. Reinaldo Espinosa,SOLO_DANOS,Incendio,Exceso de velocidad,,,,,,,,,,,,
2023-01-25 16:55:23,-3.984213,-79.203141,Av. 8 de Diciembre,CON_LESIONADOS,Caida,Equipo de seguridad deficiente,69,LESIONADO,HOMBRE,PEATON,,,,,,,,
2023-01-04 17:27:00,-3.983823,-79.189691,Via Loja - Catamayo,SOLO_DANOS,Accidente Laboral,Via resbaladiza o mojada,,,,,,,,,,,,
2023-02-20 16:00:04,-4.021761,-79.177788,Av. Reinaldo Espinosa,CON_FALLECIDOS,Atropellamiento,Imprudencia del conductor,42,FALLECIDO,HOMBRE,SCOOTER,80,LESIONADO,HOMBRE,VEH_LIVIANO,,,,
2023-11-02 02:02:15,-4.013524,-79.219815,Calle Bolivar,CON_LESIONADOS,Caida,Falla mecanica,23,LESIONADO,HOMBRE,OTRO,28,LESIONADO,HOMBRE,CICLISTA,34,LESIONADO,HOMBRE,CICLISTA
2023-07-20 19:39:32,-4.028977,-79.196000,Calle Sucre,CON_LESIONADOS,Colision Multiple,Inobservancia de senales,20,LESIONADO,HOMBRE,SCOOTER,69,LESIONADO,NO_REGISTRA,PEATON,41,LESIONADO,HOMBRE,PEATON
2023-10-14 20:49:26,-4.012582,-79.173369,Calle Saraguro,SOLO_DANOS,Volcamiento,Imprudencia del conductor,,,,,,,,,,,,
2023-11-17 01:26:20,-3.979005,-79.187663,Calle Azogues,SOLO_DANOS,Volcamiento,Estado de embriaguez,40,LESIONADO,NO_REGISTRA,SCOOTER,,,,,,,,
2023-04-23 16:37:48,-3.988224,-79.220926,Calle Mercadillo,SOLO_DANOS,Volcamiento,Exceso de velocidad,,,,,,,,,,,,
2023-08-06 00:57:13,-3.995450,-79.197698,Calle Rocafuerte,CON_LESIONADOS,Accidente Laboral,Inobservancia de senales,63,LESIONADO,HOMBRE,CICLISTA,57,LESIONADO,HOMBRE,VEH_LIVIANO,,,,
2023-02-08 07:21:59,-3.991083,-79.188002,Calle Imbabura,SOLO_DANOS,Volcamiento,Via resbaladiza o mojada,,,,,,,,,,,,
2023-04-05 13:22:29,-4.019671,-79.216883,Av. Manuel Agustin Aguirre,CON_LESIONADOS,Caida,Distraccion (celular/radio),75,LESIONADO,MUJER,CICLISTA,35,LESIONADO,NO_REGISTRA,VEH_LIVIANO,,,,
2023-04-19 04:41:14,-4.031015,-79.184469,Av. Metropolitana,CON_FALLECIDOS,Volcamiento,Visibilidad reducida,38,FALLECIDO,HOMBRE,SCOOTER,20,LESIONADO,HOMBRE,PEATON,19,LESIONADO,NO_REGISTRA,VEH_LIVIANO
2023-06-07 12:35:47,-4.009574,-79.226556,Calle Rocafuerte,CON_FALLECIDOS,Colision Multiple,Exceso de velocidad,32,FALLECIDO,MUJER,CICLISTA,43,FALLECIDO,NO_REGISTRA,CICLISTA,12,LESIONADO,MUJER,CICLISTA
2023-05-18 17:17:06,-4.017619,-79.213950,Av. Cuxibamba,SOLO_DANOS,Atropellamiento,Falla mecanica,,,,,,,,,,,,
2023-12-30 02:10:51,-3.987540,-79.203002,Ruta 35,SOLO_DANOS,Accidente Laboral,Imprudencia del conductor,67,LESIONADO,MUJER,VEH_LIVIANO,,,,,,,,
2023-01-02 17:16:56,-3.990110,-79.194127,Av. Universitaria,SOLO_DANOS,Accidente Laboral,Visibilidad reducida,,,,,,,,,,,,
2023-10-09 14:20:01,-4.029580,-79.178986,Ruta 35,CON_LESIONADOS,Volcamiento,Exceso de velocidad,55,LESIONADO,MUJER,SCOOTER,13,LESIONADO,NO_REGISTRA,MOTOCICLETA,76,LESIONADO,HOMBRE,MOTOCICLETA
2023-10-27 18:53:23,-3.991543,-79.216490,Via Loja - Zamora,SOLO_DANOS,Caida,Factores externos,,,,,,,,,,,,
2023-11-18 16:37:15,-4.001302,-79.174239,Calle Miguel Riofrio,CON_FALLECIDOS,Colision Multiple,Factores externos,83,FALLECIDO,MUJER,SCOOTER,55,FALLECIDO,HOMBRE,PEATON,77,LESIONADO,HOMBRE,VEH_LIVIANO
2023-05-17 13:40:27,-4.019190,-79.210974,Calle 18 de Noviembre,SOLO_DANOS,Caida,Factores externos,,,,,,,,,,,,
2023-03-14 20:26:13,-4.005782,-79.195481,Av. Universitaria,SOLO_DANOS,Incendio,Equipo de seguridad deficiente,,,,,,,,,,,,
2023-07-29 22:14:31,-3.991628,-79.195110,Av. Metropolitana,CON_FALLECIDOS,Accidente Laboral,Exceso de velocidad,46,FALLECIDO,HOMBRE,OTRO,53,FALLECIDO,NO_REGISTRA,OTRO,25,LESIONADO,HOMBRE,SCOOTER
2023-02-03 08:29:59,-3.978313,-79.204800,Via Loja - Zamora,SOLO_DANOS,Incendio,Imprudencia del conductor,,,,,,,,,,,,
2023-09-01 03:48:24,-3.989466,-79.228286,Av. Manuel Agustin Aguirre,SOLO_DANOS,Accidente Laboral,Estado de embriaguez,80,LESIONADO,NO_REGISTRA,SCOOTER,,,,,,,,
2023-08-08 19:40:15,-3.989390,-79.196861,Av. Orillas del Zamora,CON_LESIONADOS,Incendio,Exceso de velocidad,59,LESIONADO,HOMBRE,PEATON,,,,,,,,
2023-04-02 13:03:05,-4.017605,-79.197827,Calle 18 de Noviembre,CON_LESIONADOS,Atropellamiento,Equipo de seguridad deficiente,13,LESIONADO,NO_REGISTRA,SCOOTER,80,LESIONADO,HOMBRE,CICLISTA,,,,