fecha_hora,latitud,longitud,via,grado_severidad,tipo_siniestro,causa_probable,victima1_edad,victima1_condicion,victima1_sexo,victima1_actor_vial,victima2_edad,victima2_condicion,victima2_sexo,victima2_actor_vial,victima3_edad,victima3_condicion,victima3_sexo,victima3_actor_vial
2023-02-19 04:30:22,-4.028465,-79.210904,Calle Miguel Riofrio,CON_FALLECIDOS,Choque Vehicular,Inobservancia de senales,60,FALLECIDO,NO_REGISTRA,CICLISTA,80,LESIONADO,HOMBRE,PEATON,63,LESIONADO,NO_REGISTRA,CICLISTA
2023-07-30 00:10:34,-4.029579,-79.205899,Av. 8 de Diciembre,CON_LESIONADOS,Volcamiento,Estado de embriaguez,10,LESIONADO,NO_REGISTRA,PEATON,,,,,,,,
2023-08-07 19:29:42,-3.998675,-79.204837,Calle Montufar,SOLO_DANOS,Caida,Mal estado de la via,,,,,,,,,,,,
2023-08-19 00:51:05,-3.979271,-79.211177,Av. Manuel Agustin Aguirre,CON_FALLECIDOS,Choque Vehicular,Imprudencia del conductor,80,FALLECIDO,MUJER,OTRO,47,LESIONADO,MUJER,OTRO,52,LESIONADO,NO_REGISTRA,VEH_LIVIANO
2023-09-22 17:25:26,-3.978685,-79.229637,Calle Imbabura,CON_FALLECIDOS,Choque Vehicular,Distraccion (celular/radio),68,FALLECIDO,MUJER,VEH_LIVIANO,43,FALLECIDO,HOMBRE,MOTOCICLETA,77,LESIONADO,HOMBRE,OTRO
2023-04-04 20:47:43,-3.999086,-79.180939,Calle Quito,SOLO_DANOS,Volcamiento,Exceso de velocidad,,,,,,,,,,,,
2023-06-20 17:17:50,-4.020398,-79.217544,Calle Sucre,CON_LESIONADOS,Caida,Visibilidad reducida,45,LESIONADO,HOMBRE,OTRO,,,,,,,,
2023-03-25 02:05:53,-3.989500,-79.230589,Calle Mercadillo,CON_FALLECIDOS,Colision Multiple,Falla mecanica,59,FALLECIDO,MUJER,CICLISTA,57,LESIONADO,MUJER,PEATON,32,LESIONADO,MUJER,MOTOCICLETA
2023-10-08 08:27:51,-3.994563,-79.228860,Calle Mercadillo,SOLO_DANOS,Incendio,Distraccion (celular/radio),,,,,,,,,,,,
2023-11-07 19:09:20,-4.008354,-79.180703,Av. Isidro Ayora,SOLO_DANOS,Atropellamiento,Factores externos,26,LESIONADO,HOMBRE,CICLISTA,,,,,,,,
2023-08-17 08:25:36,-3.993066,-79.229604,Calle Imbabura,SOLO_DANOS,Accidente Laboral,Factores externos,,,,,,,,,,,,
2023-07-10 20:26:55,-4.002550,-79.218620,Av. Manuel Agustin Aguirre,CON_LESIONADOS,Incendio,Imprudencia del conductor,12,LESIONADO,NO_REGISTRA,OTRO,,,,,,,,
2023-05-07 22:11:32,-4.010495,-79.178320,Av. Rosa Hermosa,CON_FALLECIDOS,Atropellamiento,Distraccion (celular/radio),52,FALLECIDO,MUJER,MOTOCICLETA,,,,,,,,
2023-06-01 04:34:46,-4.024428,-79.180399,Av. Gran Colombia,CON_FALLECIDOS,Accidente Laboral,Exceso de velocidad,63,FALLECIDO,MUJER,MOTOCICLETA,34,FALLECIDO,MUJER,CICLISTA,72,LESIONADO,HOMBRE,PEATON
2023-03-25 20:42:19,-3.982917,-79.193627,Av. Orillas del Zamora,CON_LESIONADOS,Choque Vehicular,Inobservancia de senales,51,LESIONADO,NO_REGISTRA,OTRO,42,LESIONADO,HOMBRE,MOTOCICLETA,,,,
2023-03-27 04:48:53,-4.006335,-79.189194,Av. 8 de Diciembre,SOLO_DANOS,Volcamiento,Equipo de seguridad deficiente,,,,,,,,,,,,
2023-08-11 10:21:50,-3.992705,-79.184078,Calle 10 de Agosto,SOLO_DANOS,Choque Vehicular,Exceso de velocidad,16,LESIONADO,MUJER,OTRO,,,,,,,,
2023-08-30 20:22:41,-4.011071,-79.191075,Calle 18 de Noviembre,SOLO_DANOS,Caida,Via resbaladiza o mojada,,,,,,,,,,,,
2023-02-26 14:05:37,-4.000281,-79.173407,Calle Sucre,SOLO_DANOS,Volcamiento,Visibilidad reducida,16,LESIONADO,NO_REGISTRA,PEATON,,,,,,,,
2023-05-03 17:04:06,-3.994560,-79.174771,Av. 8 de Diciembre,CON_FALLECIDOS,Volcamiento,Distraccion (celular/radio),40,FALLECIDO,HOMBRE,VEH_LIVIANO,68,LESIONADO,MUJER,VEH_LIVIANO,70,LESIONADO,NO_REGISTRA,PEATON
2023-07-22 21:42:45,-4.026784,-79.199236,Via Loja - Zamora,SOLO_DANOS,Atropellamiento,Imprudencia del conductor,,,,,,,,,,,,
2023-06-18 08:09:54,-3.977266,-79.205137,Calle Imbabura,CON_FALLECIDOS,Atropellamiento,Factores externos,28,FALLECIDO,HOMBRE,OTRO,,,,,,,,
2023-09-07 21:33:15,-3.984488,-79.184927,Calle Mercadillo,CON_LESIONADOS,Atropellamiento,Exceso de velocidad,17,LESIONADO,HOMBRE,SCOOTER,70,LESIONADO,HOMBRE,MOTOCICLETA,,,,
2023-09-21 04:53:58,-3.979131,-79.189224,Via Loja - Catamayo,CON_FALLECIDOS,Colision Multiple,Imprudencia del conductor,28,FALLECIDO,HOMBRE,VEH_LIVIANO,51,FALLECIDO,HOMBRE,PEATON,28,LESIONADO,MUJER,CICLISTA
2023-07-06 12:10:49,-3.987453,-79.221960,Calle Azogues,CON_LESIONADOS,Colision Multiple,Equipo de seguridad deficiente,14,LESIONADO,HOMBRE,PEATON,24,LESIONADO,NO_REGISTRA,PEATON,76,LESIONADO,MUJER,OTRO
2023-08-21 15:20:47,-4.019987,-79.208519,Av. Universitaria,SOLO_DANOS,Caida,Visibilidad reducida,,,,,,,,,,,,
2023-07-21 17:27:05,-4.028400,-79.221200,Calle Montufar,CON_FALLECIDOS,Incendio,Estado de embriaguez,54,FALLECIDO,MUJER,VEH_LIVIANO,84,FALLECIDO,MUJER,OTRO,28,LESIONADO,NO_REGISTRA,MOTOCICLETA
2023-07-18 04:04:27,-3.985773,-79.198267,Calle Imbabura,SOLO_DANOS,Volcamiento,Visibilidad reducida,,,,,,,,,,,,
2023-03-31 23:30:32,-4.026548,-79.173234,Calle Bolivar,CON_FALLECIDOS,Accidente Laboral,Visibilidad reducida,33,FALLECIDO,MUJER,SCOOTER,82,FALLECIDO,MUJER,VEH_LIVIANO,22,LESIONADO,MUJER,CICLISTA
2023-11-22 12:51:10,-4.016600,-79.177889,Via Loja - Catamayo,CON_LESIONADOS,Atropellamiento,Imprudencia del conductor,23,LESIONADO,NO_REGISTRA,SCOOTER,,,,,,,,
2023-12-18 11:48:16,-3.993379,-79.191985,Calle Mercadillo,CON_FALLECIDOS,Accidente Laboral,Estado de embriaguez,57,FALLECIDO,HOMBRE,VEH_LIVIANO,50,FALLECIDO,NO_REGISTRA,CICLISTA,,,,
2023-04-08 02:23:45,-3.984480,-79.175065,Calle Imbabura,CON_LESIONADOS,Accidente Laboral,Estado de embriaguez,78,LESIONADO,HOMBRE,PEATON,,,,,,,,
2023-03-21 23:13:01,-4.020730,-79.204617,Av. Reinaldo Espinosa,CON_FALLECIDOS,Choque Vehicular,Equipo de seguridad deficiente,32,FALLECIDO,NO_REGISTRA,VEH_LIVIANO,54,FALLECIDO,NO_REGISTRA,OTRO,,,,
2023-11-13 23:42:37,-3.987832,-79.199180,Calle 10 de Agosto,CON_LESIONADOS,Colision Multiple,Distraccion (celular/radio),9,LESIONADO,HOMBRE,MOTOCICLETA,42,LESIONADO,HOMBRE,VEH_LIVIANO,,,,
2023-11-23 05:37:31,-4.015042,-79.196937,Av. Cuxibamba,SOLO_DANOS,Incendio,Distraccion (celular/radio),,,,,,,,,,,,
2023-07-29 06:34:29,-4.000633,-79.201726,Calle 10 de Agosto,SOLO_DANOS,Atropellamiento,Falla mecanica,,,,,,,,,,,,
2023-05-20 20:31:33,-4.031107,-79.228408,Calle Miguel Riofrio,CON_LESIONADOS,Colision Multiple,Imprudencia del conductor,44,LESIONADO,NO_REGISTRA,SCOOTER,58,LESIONADO,NO_REGISTRA,VEH_LIVIANO,,,,
2023-08-28 05:41:57,-3.978366,-79.174035,Av. Universitaria,CON_FALLECIDOS,Volcamiento,Imprudencia del conductor,82,FALLECIDO,HOMBRE,SCOOTER,19,FALLECIDO,HOMBRE,CICLISTA,26,LESIONADO,NO_REGISTRA,PEATON
2023-06-04 05:23:38,-4.003769,-79.178796,Calle Quito,CON_LESIONADOS,Incendio,Equipo de seguridad deficiente,10,LESIONADO,MUJER,VEH_LIVIANO,76,LESIONADO,HOMBRE,PEATON,,,,
2023-11-11 06:59:14,-4.003090,-79.202370,Calle 18 de Noviembre,CON_LESIONADOS,Volcamiento,Via resbaladiza o mojada,79,LESIONADO,MUJER,SCOOTER,15,LESIONADO,MUJER,MOTOCICLETA,,,,
2023-06-04 04:04:57,-4.031286,-79.183510,Av. Rosa Hermosa,SOLO_DANOS,Incendio,Distraccion (celular/radio),,,,,,,,,,,,
2023-10-05 08:12:54,-4.036867,-79.204021,Calle Mercadillo,CON_LESIONADOS,Colision Multiple,Estado de embriaguez,8,LESIONADO,NO_REGISTRA,PEATON,75,LESIONADO,HOMBRE,PEATON,,,,
2023-03-21 17:57:08,-4.018216,-79.226723,Av. Reinaldo Espinosa,CON_FALLECIDOS,Colision Multiple,Falla mecanica,39,FALLECIDO,MUJER,CICLISTA,20,FALLECIDO,MUJER,OTRO,,,,
2023-05-10 05:06:52,-4.016213,-79.205083,Calle Saraguro,CON_FALLECIDOS,Incendio,Estado de embriaguez,23,FALLECIDO,HOMBRE,OTRO,74,FALLECIDO,MUJER,CICLISTA,,,,
2023-12-30 19:56:18,-4.004293,-79.184949,Ruta 35,SOLO_DANOS,Choque Vehicular,Inobservancia de senales,,,,,,,,,,,,
2023-06-06 14:48:10,-3.988710,-79.188105,Calle Rocafuerte,CON_FALLECIDOS,Volcamiento,Exceso de velocidad,19,FALLECIDO,NO_REGISTRA,SCOOTER,74,FALLECIDO,NO_REGISTRA,OTRO,71,LESIONADO,HOMBRE,PEATON
2023-10-07 21:48:22,-4.010301,-79.173126,Av. Cuxibamba,CON_FALLECIDOS,Colision Multiple,Factores externos,64,FALLECIDO,HOMBRE,MOTOCICLETA,42,FALLECIDO,HOMBRE,OTRO,,,,
2023-09-11 20:34:51,-3.985915,-79.229540,Av. Pio Jaramillo,CON_LESIONADOS,Volcamiento,Mal estado de la via,6,LESIONADO,HOMBRE,SCOOTER,,,,,,,,
2023-08-30 14:06:29,-4.033181,-79.228373,Av. Rosa Hermosa,CON_FALLECIDOS,Volcamiento,Distraccion (celular/radio),60,FALLECIDO,HOMBRE,PEATON,25,LESIONADO,HOMBRE,CICLISTA,12,LESIONADO,NO_REGISTRA,SCOOTER
2023-11-24 11:13:46,-4.017507,-79.202680,Calle Miguel Riofrio,CON_FALLECIDOS,Choque Vehicular,Visibilidad reducida,32,FALLECIDO,NO_REGISTRA,OTRO,28,FALLECIDO,NO_REGISTRA,OTRO,36,LESIONADO,MUJER,VEH_LIVIANO
2023-08-28 16:20:59,-3.992033,-79.214446,Av. Universitaria,SOLO_DANOS,Volcamiento,Mal estado de la via,,,,,,,,,,,,
2023-02-08 09:16:51,-4.006894,-79.186373,Av. Cuxibamba,CON_FALLECIDOS,Incendio,Visibilidad reducida,56,FALLECIDO,MUJER,MOTOCICLETA,19,LESIONADO,NO_REGISTRA,VEH_LIVIANO,53,LESIONADO,NO_REGISTRA,OTRO
2023-08-04 20:38:16,-3.992551,-79.210852,Calle Azogues,CON_LESIONADOS,Incendio,Mal estado de la via,41,LESIONADO,NO_REGISTRA,MOTOCICLETA,,,,,,,,
2023-12-07 16:00:48,-4.016949,-79.223456,Calle Saraguro,CON_LESIONADOS,Caida,Factores externos,79,LESIONADO,HOMBRE,OTRO,,,,,,,,
2023-06-23 07:44:47,-4.036903,-79.196816,Ruta 35,CON_FALLECIDOS,Choque Vehicular,Via resbaladiza o mojada,54,FALLECIDO,HOMBRE,MOTOCICLETA,42,FALLECIDO,MUJER,MOTOCICLETA,,,,
2023-12-25 16:28:36,-4.021576,-79.222555,Av. Cuxibamba,CON_FALLECIDOS,Accidente Laboral,Via resbaladiza o mojada,53,FALLECIDO,HOMBRE,CICLISTA,53,FALLECIDO,NO_REGISTRA,SCOOTER,5,LESIONADO,HOMBRE,OTRO
2023-01-28 03:52:31,-4.036617,-79.219760,Calle Saraguro,SOLO_DANOS,Choque Vehicular,Factores externos,,,,,,,,,,,,
2023-06-06 04:24:10,-4.033404,-79.194974,Av. Universitaria,CON_LESIONADOS,Volcamiento,Visibilidad reducida,51,LESIONADO,NO_REGISTRA,OTRO,,,,,,,,
2023-04-29 06:35:36,-4.006202,-79.212233,Via Loja - Catamayo,CON_FALLECIDOS,Incendio,Equipo de seguridad deficiente,77,FALLECIDO,HOMBRE,MOTOCICLETA,,,,,,,,
2023-08-16 19:07:30,-4.027940,-79.190918,Calle Quito,CON_FALLECIDOS,Atropellamiento,Distraccion (celular/radio),78,FALLECIDO,MUJER,SCOOTER,62,FALLECIDO,NO_REGISTRA,OTRO,34,LESIONADO,NO_REGISTRA,VEH_LIVIANO
2023-05-08 23:30:08,-4.014382,-79.172812,Calle 10 de Agosto,CON_FALLECIDOS,Volcamiento,Factores externos,26,FALLECIDO,NO_REGISTRA,MOTOCICLETA,10,LESIONADO,NO_REGISTRA,CICLISTA,60,LESIONADO,NO_REGISTRA,SCOOTER
2023-11-30 18:08:15,-4.019796,-79.194366,Via Loja - Catamayo,CON_FALLECIDOS,Caida,Fatiga del conductor,21,FALLECIDO,MUJER,MOTOCICLETA,66,FALLECIDO,NO_REGISTRA,VEH_LIVIANO,68,LESIONADO,NO_REGISTRA,OTRO
2023-03-24 00:10:49,-4.033839,-79.229881,Calle Montufar,SOLO_DANOS,Choque Vehicular,Mal estado de la via,44,LESIONADO,NO_REGISTRA,OTRO,,,,,,,,
2023-05-22 19:30:39,-3.979099,-79.211944,Av. Orillas del Zamora,CON_LESIONADOS,Colision Multiple,Fatiga del conductor,38,LESIONADO,NO_REGISTRA,MOTOCICLETA,9,LESIONADO,MUJER,SCOOTER,,,,
2023-07-02 20:58:31,-4.032352,-79.180874,Calle Bolivar,CON_LESIONADOS,Volcamiento,Distraccion (celular/radio),33,LESIONADO,MUJER,PEATON,,,,,,,,
2023-03-16 04:27:39,-4.019286,-79.182005,Av. Reinaldo Espinosa,SOLO_DANOS,Atropellamiento,Equipo de seguridad deficiente,,,,,,,,,,,,
2023-12-12 10:54:33,-3.997718,-79.201806,Calle Saraguro,CON_LESIONADOS,Volcamiento,Equipo de seguridad deficiente,36,LESIONADO,MUJER,CICLISTA,13,LESIONADO,NO_REGISTRA,PEATON,8,LESIONADO,MUJER,PEATON
2023-01-22 04:38:14,-3.983857,-79.209861,Av. Cuxibamba,SOLO_DANOS,Accidente Laboral,Imprudencia del conductor,,,,,,,,,,,,
2023-09-10 03:14:05,-3.995787,-79.206238,Av. Metropolitana,CON_FALLECIDOS,Colision Multiple,Via resbaladiza o mojada,78,FALLECIDO,NO_REGISTRA,CICLISTA,73,LESIONADO,HOMBRE,VEH_LIVIANO,,,,
2023-11-04 07:31:55,-4.003552,-79.227340,Av. Pio Jaramillo,SOLO_DANOS,Volcamiento,Via resbaladiza o mojada,,,,,,,,,,,,
2023-11-14 15:03:28,-4.000714,-79.197981,Calle Imbabura,CON_LESIONADOS,Incendio,Equipo de seguridad deficiente,42,LESIONADO,MUJER,MOTOCICLETA,,,,,,,,
2023-07-12 15:18:47,-4.036809,-79.173848,Av. Isidro Ayora,SOLO_DANOS,Incendio,Falla mecanica,,,,,,,,,,,,
2023-04-13 01:45:13,-3.987524,-79.201589,Ruta 35,CON_LESIONADOS,Incendio,Distraccion (celular/radio),37,LESIONADO,MUJER,OTRO,53,LESIONADO,NO_REGISTRA,VEH_LIVIANO,,,,
2023-12-14 07:57:58,-4.020241,-79.197988,Calle Sucre,SOLO_DANOS,Incendio,Falla mecanica,,,,,,,,,,,,
2023-03-12 19:59:29,-4.036915,-79.171937,Av. Rosa Hermosa,CON_LESIONADOS,Colision Multiple,Exceso de velocidad,26,LESIONADO,HOMBRE,CICLISTA,5,LESIONADO,NO_REGISTRA,OTRO,,,,
2023-04-09 23:59:25,-4.008665,-79.174301,Calle 18 de Noviembre,SOLO_DANOS,Volcamiento,Factores externos,,,,,,,,,,,,
2023-02-17 16:51:07,-4.031428,-79.200396,Av. Pio Jaramillo,CON_LESIONADOS,Atropellamiento,Inobservancia de senales,34,LESIONADO,HOMBRE,VEH_LIVIANO,28,LESIONADO,MUJER,PEATON,,,,
2023-10-22 01:00:25,-3.986534,-79.219059,Av. Universitaria,CON_FALLECIDOS,Caida,Fatiga del conductor,35,FALLECIDO,HOMBRE,MOTOCICLETA,12,LESIONADO,HOMBRE,CICLISTA,53,LESIONADO,MUJER,VEH_LIVIANO
2023-01-19 09:12:49,-4.008323,-79.193289,Calle Miguel Riofrio,CON_LESIONADOS,Incendio,Estado de embriaguez,11,LESIONADO,MUJER,CICLISTA,,,,,,,,
2023-08-28 00:57:13,-3.984174,-79.213697,Calle Imbabura,CON_LESIONADOS,Atropellamiento,Inobservancia de senales,48,LESIONADO,HOMBRE,CICLISTA,79,LESIONADO,NO_REGISTRA,SCOOTER,,,,
2023-05-04 09:50:56,-3.990373,-79.228817,Av. Gran Colombia,CON_FALLECIDOS,Incendio,Exceso de velocidad,81,FALLECIDO,NO_REGISTRA,MOTOCICLETA,,,,,,,,
2023-02-24 22:42:40,-4.005150,-79.222072,Calle 18 de Noviembre,SOLO_DANOS,Colision Multiple,Exceso de velocidad,78,LESIONADO,NO_REGISTRA,PEATON,,,,,,,,
2023-07-14 22:23:19,-4.006073,-79.174792,Av. Orillas del Zamora,CON_LESIONADOS,Accidente Laboral,Via resbaladiza o mojada,80,LESIONADO,NO_REGISTRA,VEH_LIVIANO,,,,,,,,
2023-10-05 01:51:14,-3.986710,-79.190555,Av. 8 de Diciembre,SOLO_DANOS,Caida,Inobservancia de senales,37,LESIONADO,MUJER,MOTOCICLETA,,,,,,,,
2023-01-05 17:55:17,-4.027186,-79.201008,Ruta 35,SOLO_DANOS,Atropellamiento,Equipo de seguridad deficiente,,,,,,,,,,,,
2023-03-11 14:26:42,-3.986477,-79.190587,Av. Isidro Ayora,CON_FALLECIDOS,Volcamiento,Via resbaladiza o mojada,40,FALLECIDO,HOMBRE,OTRO,,,,,,,,
2023-05-27 04:15:24,-3.981538,-79.201853,Calle 18 de Noviembre,CON_LESIONADOS,Choque Vehicular,Fatiga del conductor,66,LESIONADO,MUJER,CICLISTA,,,,,,,,
2023-09-28 02:04:44,-4.013755,-79.207894,Ruta 35,CON_FALLECIDOS,Incendio,Inobservancia de senales,58,FALLECIDO,NO_REGISTRA,VEH_LIVIANO,63,FALLECIDO,MUJER,MOTOCICLETA,27,LESIONADO,HOMBRE,MOTOCICLETA
2023-07-18 23:27:43,-4.021613,-79.187399,Calle Bolivar,CON_LESIONADOS,Accidente Laboral,Estado de embriaguez,53,LESIONADO,MUJER,CICLISTA,40,LESIONADO,HOMBRE,SCOOTER,50,LESIONADO,HOMBRE,OTRO
2023-01-26 22:16:57,-3.995893,-79.214076,Calle Bolivar,CON_FALLECIDOS,Volcamiento,Visibilidad reducida,42,FALLECIDO,NO_REGISTRA,MOTOCICLETA,72,LESIONADO,MUJER,MOTOCICLETA,,,,
2023-12-02 06:32:52,-3.979667,-79.171451,Ruta 35,SOLO_DANOS,Incendio,Imprudencia del conductor,,,,,,,,,,,,
2023-01-21 19:00:49,-3.999003,-79.203872,Av. Isidro Ayora,CON_LESIONADOS,Incendio,Distraccion (celular/radio),8,LESIONADO,HOMBRE,SCOOTER,22,LESIONADO,MUJER,VEH_LIVIANO,,,,
2023-01-24 10:26:36,-3.984396,-79.200354,Av. Metropolitana,CON_LESIONADOS,Choque Vehicular,Exceso de velocidad,55,LESIONADO,MUJER,CICLISTA,23,LESIONADO,HOMBRE,VEH_LIVIANO,48,LESIONADO,HOMBRE,PEATON
2023-04-28 22:07:47,-3.979208,-79.209650,Av. Isidro Ayora,SOLO_DANOS,Volcamiento,Inobservancia de senales,,,,,,,,,,,,
2023-12-30 05:43:02,-4.013063,-79.182916,Av. Cuxibamba,CON_LESIONADOS,Volcamiento,Imprudencia del conductor,30,LESIONADO,MUJER,MOTOCICLETA,,,,,,,,
2023-09-11 02:27:27,-3.977223,-79.203783,Av. Rosa Hermosa,CON_LESIONADOS,Colision Multiple,Distraccion (celular/radio),43,LESIONADO,HOMBRE,PEATON,,,,,,,,
2023-04-29 12:27:57,-4.013058,-79.220831,Av. Reinaldo Espinosa,SOLO_DANOS,Colision Multiple,Visibilidad reducida,,,,,,,,,,,,
2023-02-13 17:06:34,-3.984680,-79.196057,Av. Gran Colombia,CON_FALLECIDOS,Accidente Laboral,Factores externos,67,FALLECIDO,NO_REGISTRA,VEH_LIVIANO,85,FALLECIDO,HOMBRE,SCOOTER,25,LESIONADO,HOMBRE,MOTOCICLETA
2023-05-13 19:01:22,-4.020498,-79.186741,Calle Ramon Borrero,CON_LESIONADOS,Atropellamiento,Distraccion (celular/radio),64,LESIONADO,NO_REGISTRA,SCOOTER,5,LESIONADO,HOMBRE,SCOOTER,64,LESIONADO,MUJER,OTRO
2023-11-22 23:55:59,-3.981297,-79.194799,Av. Reinaldo Espinosa,SOLO_DANOS,Atropellamiento,Exceso de velocidad,74,LESIONADO,HOMBRE,MOTOCICLETA,,,,,,,,
2023-06-02 15:24:12,-4.011071,-79.217325,Calle Miguel Riofrio,SOLO_DANOS,Choque Vehicular,Mal estado de la via,,,,,,,,,,,,
2023-02-01 09:02:46,-4.026294,-79.179402,Calle Bolivar,CON_LESIONADOS,Choque Vehicular,Mal estado de la via,48,LESIONADO,NO_REGISTRA,CICLISTA,13,LESIONADO,HOMBRE,VEH_LIVIANO,,,,
2023-05-11 15:04:32,-3.986970,-79.189336,Calle Saraguro,SOLO_DANOS,Incendio,Estado de embriaguez,,,,,,,,,,,,
2023-09-14 21:37:24,-3.978415,-79.209253,Calle 18 de Noviembre,CON_FALLECIDOS,Incendio,Inobservancia de senales,46,FALLECIDO,HOMBRE,VEH_LIVIANO,28,FALLECIDO,NO_REGISTRA,MOTOCICLETA,72,LESIONADO,HOMBRE,PEATON
2023-04-04 18:32:13,-3.980706,-79.215301,Calle Montufar,CON_LESIONADOS,Atropellamiento,Distraccion (celular/radio),36,LESIONADO,NO_REGISTRA,PEATON,,,,,,,,
2023-06-11 09:22:58,-4.031700,-79.171010,Av. Cuxibamba,SOLO_DANOS,Volcamiento,Falla mecanica,,,,,,,,,,,,
2023-04-15 09:32:13,-4.011399,-79.201559,Calle Azogues,CON_LESIONADOS,Accidente Laboral,Distraccion (celular/radio),14,LESIONADO,HOMBRE,PEATON,33,LESIONADO,NO_REGISTRA,OTRO,22,LESIONADO,NO_REGISTRA,VEH_LIVIANO
2023-04-28 04:35:06,-4.004315,-79.183532,Calle Saraguro,SOLO_DANOS,Accidente Laboral,Via resbaladiza o mojada,,,,,,,,,,,,
2023-04-21 20:54:05,-4.027373,-79.213538,Av. Rosa Hermosa,CON_LESIONADOS,Atropellamiento,Estado de embriaguez,47,LESIONADO,NO_REGISTRA,SCOOTER,,,,,,,,
2023-01-19 11:30:17,-3.979847,-79.225407,Av. Isidro Ayora,SOLO_DANOS,Caida,Via resbaladiza o mojada,,,,,,,,,,,,
2023-02-11 18:36:30,-3.980257,-79.199020,Av. Reinaldo Espinosa,CON_LESIONADOS,Incendio,Imprudencia del conductor,41,LESIONADO,MUJER,SCOOTER,,,,,,,,
2023-07-09 08:19:20,-4.035407,-79.201361,Calle Quito,SOLO_DANOS,Atropellamiento,Equipo de seguridad deficiente,5,LESIONADO,MUJER,MOTOCICLETA,,,,,,,,
2023-09-23 03:03:46,-4.014602,-79.175031,Av. Rosa Hermosa,SOLO_DANOS,Choque Vehicular,Visibilidad reducida,,,,,,,,,,,,
2023-08-31 06:07:41,-3.997269,-79.208207,Calle Colon,CON_LESIONADOS,Atropellamiento,Factores externos,13,LESIONADO,MUJER,VEH_LIVIANO,7,LESIONADO,MUJER,VEH_LIVIANO,,,,
2023-09-15 17:35:00,-4.002978,-79.179546,Av. Universitaria,CON_LESIONADOS,Caida,Via resbaladiza o mojada,49,LESIONADO,MUJER,VEH_LIVIANO,62,LESIONADO,NO_REGISTRA,SCOOTER,44,LESIONADO,HOMBRE,SCOOTER
2023-10-13 02:28:30,-4.026259,-79.177126,Av. Universitaria,SOLO_DANOS,Accidente Laboral,Exceso de velocidad,,,,,,,,,,,,
2023-06-17 12:25:27,-4.009746,-79.228318,Calle Mercadillo,CON_FALLECIDOS,Colision Multiple,Inobservancia de senales,58,FALLECIDO,MUJER,SCOOTER,67,LESIONADO,HOMBRE,MOTOCICLETA,58,LESIONADO,HOMBRE,OTRO
2023-02-02 19:22:15,-4.024610,-79.210429,Av. Manuel Agustin Aguirre,CON_LESIONADOS,Accidente Laboral,Visibilidad reducida,20,LESIONADO,HOMBRE,SCOOTER,,,,,,,,
2023-05-15 20:58:15,-4.015484,-79.192109,Via Loja - Zamora,SOLO_DANOS,Choque Vehicular,Estado de embriaguez,,,,,,,,,,,,
2023-11-04 18:37:59,-4.012884,-79.190535,Calle 18 de Noviembre,SOLO_DANOS,Caida,Factores externos,,,,,,,,,,,,
2023-03-07 06:15:14,-3.991716,-79.203931,Av. Isidro Ayora,CON_LESIONADOS,Incendio,Distraccion (celular/radio),22,LESIONADO,MUJER,MOTOCICLETA,77,LESIONADO,MUJER,SCOOTER,,,,
2023-05-23 23:03:59,-4.004505,-79.219888,Av. Orillas del Zamora,SOLO_DANOS,Caida,Mal estado de la via,,,,,,,,,,,,
2023-10-17 04:05:10,-4.012671,-79.171251,Calle Sucre,CON_FALLECIDOS,Volcamiento,Visibilidad reducida,27,FALLECIDO,MUJER,VEH_LIVIANO,76,FALLECIDO,HOMBRE,VEH_LIVIANO,,,,
2023-01-09 11:42:17,-3.985448,-79.215563,Calle Miguel Riofrio,CON_LESIONADOS,Caida,Distraccion (celular/radio),20,LESIONADO,HOMBRE,OTRO,20,LESIONADO,HOMBRE,PEATON,,,,
2023-08-08 22:32:27,-4.032782,-79.177290,Av. Rosa Hermosa,CON_FALLECIDOS,Colision Multiple,Mal estado de la via,63,FALLECIDO,NO_REGISTRA,VEH_LIVIANO,20,FALLECIDO,MUJER,MOTOCICLETA,,,,
2023-01-12 06:19:42,-4.024001,-79.183975,Calle 10 de Agosto,CON_FALLECIDOS,Volcamiento,Mal estado de la via,77,FALLECIDO,MUJER,SCOOTER,27,FALLECIDO,NO_REGISTRA,OTRO,54,LESIONADO,NO_REGISTRA,OTRO
2023-12-02 04:28:37,-4.027005,-79.225166,Calle Imbabura,CON_FALLECIDOS,Atropellamiento,Imprudencia del conductor,79,FALLECIDO,NO_REGISTRA,CICLISTA,27,LESIONADO,NO_REGISTRA,SCOOTER,28,LESIONADO,NO_REGISTRA,OTRO
2023-11-16 00:34:39,-4.012461,-79.172008,Calle Rocafuerte,SOLO_DANOS,Volcamiento,Imprudencia del conductor,34,LESIONADO,HOMBRE,CICLISTA,,,,,,,,
2023-10-24 10:51:17,-3.990421,-79.175643,Av. Cuxibamba,CON_LESIONADOS,Incendio,Inobservancia de senales,23,LESIONADO,MUJER,SCOOTER,76,LESIONADO,MUJER,VEH_LIVIANO,53,LESIONADO,HOMBRE,CICLISTA
2023-05-19 06:08:54,-4.010418,-79.225089,Via Loja - Catamayo,SOLO_DANOS,Atropellamiento,Inobservancia de senales,,,,,,,,,,,,
2023-10-30 17:03:42,-3.988609,-79.227816,Via Loja - Zamora,CON_LESIONADOS,Volcamiento,Equipo de seguridad deficiente,24,LESIONADO,MUJER,SCOOTER,56,LESIONADO,NO_REGISTRA,VEH_LIVIANO,,,,