fecha_hora,latitud,longitud,via,grado_severidad,tipo_siniestro,causa_probable,victima1_edad,victima1_condicion,victima1_sexo,victima1_actor_vial,victima2_edad,victima2_condicion,victima2_sexo,victima2_actor_vial,victima3_edad,victima3_condicion,victima3_sexo,victima3_actor_vial
2023-04-04 11:41:25,-3.982093,-79.202201,Av. Pio Jaramillo,CON_LESIONADOS,Caida,Mal estado de la via,60,LESIONADO,HOMBRE,CICLISTA,42,LESIONADO,NO_REGISTRA,VEH_LIVIANO,43,LESIONADO,NO_REGISTRA,OTRO
2023-07-25 06:15:49,-4.006442,-79.196357,Calle 18 de Noviembre,CON_FALLECIDOS,Colision Multiple,Factores externos,43,FALLECIDO,MUJER,VEH_LIVIANO,45,FALLECIDO,HOMBRE,PEATON,38,LESIONADO,MUJER,SCOOTER
2023-02-17 07:56:10,-3.982550,-79.220322,Av. Universitaria,CON_FALLECIDOS,Caida,Exceso de velocidad,66,FALLECIDO,MUJER,SCOOTER,81,FALLECIDO,NO_REGISTRA,CICLISTA,,,,
2023-02-10 02:45:44,-3.991716,-79.197654,Calle Rocafuerte,CON_FALLECIDOS,Choque Vehicular,Mal estado de la via,59,FALLECIDO,NO_REGISTRA,PEATON,77,FALLECIDO,MUJER,MOTOCICLETA,,,,
2023-02-18 22:47:47,-4.000526,-79.211863,Ruta 35,CON_FALLECIDOS,Caida,Exceso de velocidad,43,FALLECIDO,NO_REGISTRA,VEH_LIVIANO,53,FALLECIDO,NO_REGISTRA,OTRO,80,LESIONADO,MUJER,OTRO
2023-09-26 00:57:38,-4.008223,-79.201267,Calle Rocafuerte,CON_LESIONADOS,Choque Vehicular,Estado de embriaguez,7,LESIONADO,HOMBRE,PEATON,49,LESIONADO,HOMBRE,CICLISTA,,,,
2023-05-26 18:09:49,-4.030160,-79.216195,Av. Pio Jaramillo,CON_LESIONADOS,Choque Vehicular,Mal estado de la via,48,LESIONADO,HOMBRE,OTRO,31,LESIONADO,NO_REGISTRA,VEH_LIVIANO,7,LESIONADO,MUJER,PEATON
2023-08-05 18:01:37,-3.988593,-79.224356,Av. Metropolitana,CON_FALLECIDOS,Accidente Laboral,Mal estado de la via,60,FALLECIDO,MUJER,MOTOCICLETA,26,FALLECIDO,NO_REGISTRA,VEH_LIVIANO,59,LESIONADO,MUJER,SCOOTER
2023-04-30 18:15:25,-3.982372,-79.204254,Calle Montufar,CON_LESIONADOS,Incendio,Inobservancia de senales,17,LESIONADO,NO_REGISTRA,PEATON,,,,,,,,
2023-02-26 10:08:56,-4.025328,-79.172810,Calle Saraguro,CON_FALLECIDOS,Choque Vehicular,Factores externos,65,FALLECIDO,HOMBRE,MOTOCICLETA,,,,,,,,
2023-07-28 09:14:20,-3.999225,-79.197164,Calle Bolivar,SOLO_DANOS,Incendio,Distraccion (celular/radio),,,,,,,,,,,,
2023-06-01 07:56:20,-4.012274,-79.181056,Calle Azogues,CON_FALLECIDOS,Caida,Exceso de velocidad,66,FALLECIDO,NO_REGISTRA,MOTOCICLETA,63,FALLECIDO,HOMBRE,MOTOCICLETA,,,,
2023-04-07 15:43:19,-4.012543,-79.208775,Calle 18 de Noviembre,SOLO_DANOS,Colision Multiple,Estado de embriaguez,,,,,,,,,,,,
2023-08-25 04:09:02,-3.990466,-79.223672,Calle Ramon Borrero,CON_LESIONADOS,Incendio,Via resbaladiza o mojada,78,LESIONADO,NO_REGISTRA,OTRO,,,,,,,,
2023-04-19 21:34:32,-4.021258,-79.197123,Calle Azogues,SOLO_DANOS,Volcamiento,Factores externos,,,,,,,,,,,,
2023-06-25 10:29:07,-4.027074,-79.194423,Av. Pio Jaramillo,SOLO_DANOS,Volcamiento,Via resbaladiza o mojada,,,,,,,,,,,,
2023-04-10 13:35:29,-3.985140,-79.226549,Av. Gran Colombia,CON_FALLECIDOS,Accidente Laboral,Distraccion (celular/radio),47,FALLECIDO,NO_REGISTRA,SCOOTER,82,FALLECIDO,NO_REGISTRA,MOTOCICLETA,,,,
2023-07-05 12:27:53,-4.000255,-79.213642,Calle Imbabura,CON_LESIONADOS,Volcamiento,Exceso de velocidad,74,LESIONADO,NO_REGISTRA,OTRO,66,LESIONADO,HOMBRE,CICLISTA,,,,
2023-07-20 18:48:52,-4.000215,-79.177240,Calle Quito,CON_FALLECIDOS,Colision Multiple,Inobservancia de senales,59,FALLECIDO,HOMBRE,CICLISTA,36,FALLECIDO,MUJER,VEH_LIVIANO,,,,
2023-01-14 02:25:04,-4.022138,-79.190873,Av. Cuxibamba,CON_FALLECIDOS,Caida,Via resbaladiza o mojada,50,FALLECIDO,HOMBRE,CICLISTA,55,FALLECIDO,NO_REGISTRA,OTRO,48,LESIONADO,MUJER,OTRO
2023-11-13 03:28:15,-4.024650,-79.173625,Via Loja - Catamayo,SOLO_DANOS,Volcamiento,Factores externos,,,,,,,,,,,,
2023-09-08 20:42:53,-3.985867,-79.221157,Av. Gran Colombia,CON_FALLECIDOS,Colision Multiple,Imprudencia del conductor,75,FALLECIDO,NO_REGISTRA,CICLISTA,51,FALLECIDO,NO_REGISTRA,PEATON,47,LESIONADO,HOMBRE,MOTOCICLETA
2023-01-29 07:46:45,-3.982084,-79.179326,Calle Ramon Borrero,CON_LESIONADOS,Choque Vehicular,Factores externos,42,LESIONADO,MUJER,SCOOTER,,,,,,,,
2023-03-28 23:33:45,-4.008619,-79.223183,Av. Orillas del Zamora,CON_LESIONADOS,Accidente Laboral,Inobservancia de senales,39,LESIONADO,MUJER,MOTOCICLETA,37,LESIONADO,NO_REGISTRA,VEH_LIVIANO,,,,
2023-08-26 15:55:32,-3.994755,-79.219514,Av. Cuxibamba,CON_LESIONADOS,Choque Vehicular,Factores externos,12,LESIONADO,MUJER,OTRO,32,LESIONADO,HOMBRE,MOTOCICLETA,,,,
2023-06-06 17:52:49,-3.983725,-79.191559,Calle Ramon Borrero,CON_FALLECIDOS,Atropellamiento,Imprudencia del conductor,29,FALLECIDO,MUJER,PEATON,64,FALLECIDO,NO_REGISTRA,VEH_LIVIANO,55,LESIONADO,NO_REGISTRA,SCOOTER
2023-01-12 14:24:52,-3.991671,-79.224551,Av. Orillas del Zamora,SOLO_DANOS,Incendio,Distraccion (celular/radio),,,,,,,,,,,,
2023-12-12 20:29:48,-4.019167,-79.228524,Av. Metropolitana,CON_FALLECIDOS,Choque Vehicular,Estado de embriaguez,49,FALLECIDO,NO_REGISTRA,OTRO,75,FALLECIDO,MUJER,PEATON,16,LESIONADO,MUJER,OTRO
2023-11-02 13:50:08,-3.987038,-79.204241,Via Loja - Zamora,CON_FALLECIDOS,Caida,Mal estado de la via,66,FALLECIDO,NO_REGISTRA,CICLISTA,33,FALLECIDO,MUJER,PEATON,76,LESIONADO,HOMBRE,CICLISTA
2023-04-04 11:38:14,-4.036072,-79.230358,Calle Saraguro,CON_FALLECIDOS,Volcamiento,Fatiga del conductor,34,FALLECIDO,NO_REGISTRA,VEH_LIVIANO,32,FALLECIDO,HOMBRE,OTRO,18,LESIONADO,NO_REGISTRA,CICLISTA
2023-02-19 05:46:42,-4.007243,-79.202168,Calle 18 de Noviembre,SOLO_DANOS,Colision Multiple,Equipo de seguridad deficiente,,,,,,,,,,,,
2023-04-20 08:47:48,-4.021854,-79.191816,Calle 18 de Noviembre,CON_FALLECIDOS,Choque Vehicular,Factores externos,70,FALLECIDO,MUJER,MOTOCICLETA,,,,,,,,
2023-01-25 20:00:11,-4.001036,-79.213998,Via Loja - Zamora,SOLO_DANOS,Volcamiento,Visibilidad reducida,23,LESIONADO,HOMBRE,PEATON,,,,,,,,
2023-05-06 01:22:09,-4.017629,-79.228450,Calle Miguel Riofrio,CON_FALLECIDOS,Colision Multiple,Falla mecanica,69,FALLECIDO,MUJER,MOTOCICLETA,55,LESIONADO,HOMBRE,SCOOTER,,,,
2023-09-06 20:28:43,-4.030142,-79.204583,Calle 18 de Noviembre,CON_FALLECIDOS,Incendio,Inobservancia de senales,40,FALLECIDO,HOMBRE,VEH_LIVIANO,80,FALLECIDO,NO_REGISTRA,MOTOCICLETA,29,LESIONADO,HOMBRE,SCOOTER
2023-05-29 13:27:05,-3.988306,-79.193236,Calle Colon,CON_FALLECIDOS,Incendio,Imprudencia del conductor,34,FALLECIDO,MUJER,SCOOTER,46,LESIONADO,NO_REGISTRA,SCOOTER,,,,
2023-05-06 23:22:53,-4.007709,-79.213221,Calle Colon,CON_FALLECIDOS,Atropellamiento,Factores externos,76,FALLECIDO,HOMBRE,OTRO,38,FALLECIDO,HOMBRE,SCOOTER,43,LESIONADO,HOMBRE,VEH_LIVIANO
2023-05-21 07:43:03,-4.036595,-79.220685,Calle Saraguro,SOLO_DANOS,Accidente Laboral,Equipo de seguridad deficiente,,,,,,,,,,,,
2023-01-01 01:16:29,-3.977641,-79.189574,Av. Metropolitana,CON_LESIONADOS,Caida,Fatiga del conductor,29,LESIONADO,NO_REGISTRA,VEH_LIVIANO,42,LESIONADO,MUJER,CICLISTA,,,,
2023-05-05 22:15:58,-3.989732,-79.192291,Calle Mercadillo,SOLO_DANOS,Volcamiento,Via resbaladiza o mojada,,,,,,,,,,,,
2023-08-01 02:04:22,-4.033961,-79.228362,Av. Metropolitana,CON_LESIONADOS,Choque Vehicular,Inobservancia de senales,35,LESIONADO,HOMBRE,MOTOCICLETA,48,LESIONADO,HOMBRE,SCOOTER,,,,
2023-03-12 18:47:58,-4.035060,-79.184356,Calle Quito,CON_FALLECIDOS,Caida,Visibilidad reducida,80,FALLECIDO,NO_REGISTRA,CICLISTA,24,LESIONADO,NO_REGISTRA,OTRO,63,LESIONADO,NO_REGISTRA,PEATON
2023-08-26 21:24:40,-4.010224,-79.174839,Via Loja - Catamayo,CON_FALLECIDOS,Atropellamiento,Estado de embriaguez,52,FALLECIDO,HOMBRE,OTRO,52,FALLECIDO,MUJER,OTRO,,,,
2023-02-07 10:23:52,-4.020619,-79.212277,Calle Quito,SOLO_DANOS,Choque Vehicular,Visibilidad reducida,,,,,,,,,,,,
2023-01-04 07:52:55,-4.014953,-79.201735,Calle 18 de Noviembre,SOLO_DANOS,Incendio,Estado de embriaguez,,,,,,,,,,,,
2023-08-10 12:50:20,-3.999534,-79.228089,Calle 10 de Agosto,CON_LESIONADOS,Atropellamiento,Estado de embriaguez,57,LESIONADO,NO_REGISTRA,CICLISTA,19,LESIONADO,HOMBRE,MOTOCICLETA,,,,
2023-01-01 00:10:34,-4.032977,-79.184720,Calle Azogues,CON_LESIONADOS,Atropellamiento,Equipo de seguridad deficiente,37,LESIONADO,HOMBRE,SCOOTER,,,,,,,,
2023-11-29 13:30:18,-3.984397,-79.204684,Calle Saraguro,CON_FALLECIDOS,Colision Multiple,Factores externos,68,FALLECIDO,NO_REGISTRA,OTRO,27,LESIONADO,MUJER,VEH_LIVIANO,58,LESIONADO,MUJER,MOTOCICLETA
2023-12-20 09:33:23,-4.027314,-79.212055,Calle Azogues,CON_FALLECIDOS,Choque Vehicular,Exceso de velocidad,28,FALLECIDO,MUJER,PEATON,33,FALLECIDO,HOMBRE,PEATON,,,,
2023-11-13 13:08:01,-3.981642,-79.185458,Av. Metropolitana,CON_FALLECIDOS,Accidente Laboral,Distraccion (celular/radio),35,FALLECIDO,MUJER,PEATON,24,FALLECIDO,NO_REGISTRA,MOTOCICLETA,6,LESIONADO,NO_REGISTRA,VEH_LIVIANO
2023-11-23 12:41:05,-4.001632,-79.191464,Calle Mercadillo,CON_FALLECIDOS,Volcamiento,Factores externos,41,FALLECIDO,NO_REGISTRA,SCOOTER,23,LESIONADO,NO_REGISTRA,OTRO,52,LESIONADO,HOMBRE,OTRO
2023-07-06 04:59:36,-4.009106,-79.201532,Calle Azogues,CON_LESIONADOS,Caida,Fatiga del conductor,33,LESIONADO,NO_REGISTRA,MOTOCICLETA,31,LESIONADO,MUJER,OTRO,,,,
2023-01-22 20:50:35,-4.034151,-79.209845,Av. Reinaldo Espinosa,CON_FALLECIDOS,Caida,Factores externos,59,FALLECIDO,MUJER,OTRO,48,LESIONADO,NO_REGISTRA,VEH_LIVIANO,,,,
2023-10-26 18:09:58,-4.007143,-79.174825,Calle Colon,SOLO_DANOS,Colision Multiple,Estado de embriaguez,,,,,,,,,,,,
2023-07-02 04:31:19,-4.035852,-79.195813,Calle Quito,CON_LESIONADOS,Caida,Factores externos,41,LESIONADO,HOMBRE,MOTOCICLETA,69,LESIONADO,HOMBRE,VEH_LIVIANO,40,LESIONADO,MUJER,VEH_LIVIANO
2023-12-02 03:41:41,-4.029144,-79.225951,Av. Universitaria,SOLO_DANOS,Incendio,Factores externos,,,,,,,,,,,,
2023-04-23 15:08:39,-4.012769,-79.203150,Av. Reinaldo Espinosa,CON_FALLECIDOS,Volcamiento,Distraccion (celular/radio),61,FALLECIDO,NO_REGISTRA,CICLISTA,65,LESIONADO,HOMBRE,PEATON,,,,
2023-06-07 20:36:25,-4.033511,-79.179639,Av. Rosa Hermosa,SOLO_DANOS,Atropellamiento,Fatiga del conductor,45,LESIONADO,NO_REGISTRA,VEH_LIVIANO,,,,,,,,
2023-09-23 10:40:12,-4.028259,-79.199652,Av. Rosa Hermosa,CON_LESIONADOS,Volcamiento,Exceso de velocidad,31,LESIONADO,NO_REGISTRA,VEH_LIVIANO,,,,,,,,
2023-10-18 01:11:08,-3.985830,-79.186425,Av. Cuxibamba,CON_FALLECIDOS,Choque Vehicular,Visibilidad reducida,25,FALLECIDO,HOMBRE,MOTOCICLETA,24,LESIONADO,MUJER,VEH_LIVIANO,79,LESIONADO,HOMBRE,VEH_LIVIANO
2023-07-02 07:14:20,-4.008252,-79.173446,Av. Orillas del Zamora,CON_FALLECIDOS,Choque Vehicular,Via resbaladiza o mojada,22,FALLECIDO,HOMBRE,PEATON,35,FALLECIDO,NO_REGISTRA,PEATON,30,LESIONADO,MUJER,VEH_LIVIANO
2023-04-09 15:08:36,-3.992671,-79.184140,Calle Mercadillo,CON_LESIONADOS,Colision Multiple,Inobservancia de senales,28,LESIONADO,HOMBRE,CICLISTA,27,LESIONADO,HOMBRE,PEATON,38,LESIONADO,NO_REGISTRA,OTRO
2023-12-03 13:42:13,-4.023704,-79.184851,Calle Bolivar,CON_LESIONADOS,Incendio,Exceso de velocidad,80,LESIONADO,MUJER,CICLISTA,22,LESIONADO,NO_REGISTRA,MOTOCICLETA,43,LESIONADO,NO_REGISTRA,OTRO
2023-12-27 11:16:30,-3.987263,-79.182504,Av. Pio Jaramillo,CON_FALLECIDOS,Colision Multiple,Visibilidad reducida,20,FALLECIDO,NO_REGISTRA,MOTOCICLETA,74,FALLECIDO,NO_REGISTRA,PEATON,63,LESIONADO,HOMBRE,PEATON
2023-08-01 04:53:44,-3.995653,-79.193241,Ruta 35,SOLO_DANOS,Caida,Estado de embriaguez,22,LESIONADO,MUJER,SCOOTER,,,,,,,,
2023-12-14 01:11:43,-3.996564,-79.223678,Calle Miguel Riofrio,SOLO_DANOS,Colision Multiple,Distraccion (celular/radio),,,,,,,,,,,,
2023-03-23 10:42:27,-3.990384,-79.205224,Av. Manuel Agustin Aguirre,CON_FALLECIDOS,Volcamiento,Via resbaladiza o mojada,44,FALLECIDO,HOMBRE,PEATON,62,FALLECIDO,HOMBRE,VEH_LIVIANO,47,LESIONADO,NO_REGISTRA,OTRO
2023-05-04 07:13:52,-4.027341,-79.216038,Calle Ramon Borrero,CON_FALLECIDOS,Colision Multiple,Exceso de velocidad,54,FALLECIDO,HOMBRE,CICLISTA,5,LESIONADO,NO_REGISTRA,CICLISTA,,,,
2023-02-26 16:47:28,-4.009266,-79.199392,Calle Quito,CON_FALLECIDOS,Caida,Via resbaladiza o mojada,35,FALLECIDO,NO_REGISTRA,OTRO,33,FALLECIDO,HOMBRE,VEH_LIVIANO,,,,
2023-02-06 07:39:19,-3.992889,-79.212483,Av. Rosa Hermosa,CON_FALLECIDOS,Atropellamiento,Imprudencia del conductor,65,FALLECIDO,MUJER,OTRO,34,LESIONADO,NO_REGISTRA,SCOOTER,70,LESIONADO,NO_REGISTRA,MOTOCICLETA
2023-12-05 07:51:39,-4.021726,-79.205927,Av. Manuel Agustin Aguirre,CON_LESIONADOS,Caida,Distraccion (celular/radio),22,LESIONADO,HOMBRE,MOTOCICLETA,61,LESIONADO,NO_REGISTRA,PEATON,,,,
2023-12-27 11:37:53,-4.000719,-79.181357,Av. 8 de Diciembre,CON_FALLECIDOS,Atropellamiento,Visibilidad reducida,50,FALLECIDO,MUJER,MOTOCICLETA,,,,,,,,
2023-01-17 03:43:25,-3.991846,-79.178437,Av. Reinaldo Espinosa,CON_LESIONADOS,Accidente Laboral,Mal estado de la via,60,LESIONADO,NO_REGISTRA,PEATON,16,LESIONADO,HOMBRE,OTRO,,,,
2023-12-23 15:47:38,-4.006510,-79.200947,Calle Saraguro,CON_FALLECIDOS,Choque Vehicular,Imprudencia del conductor,80,FALLECIDO,HOMBRE,OTRO,10,LESIONADO,HOMBRE,VEH_LIVIANO,,,,
2023-01-21 06:10:42,-3.988462,-79.201301,Calle Colon,SOLO_DANOS,Choque Vehicular,Visibilidad reducida,,,,,,,,,,,,
2023-11-10 04:56:16,-4.020651,-79.209338,Av. Universitaria,CON_LESIONADOS,Volcamiento,Equipo de seguridad deficiente,52,LESIONADO,HOMBRE,SCOOTER,34,LESIONADO,NO_REGISTRA,MOTOCICLETA,19,LESIONADO,HOMBRE,SCOOTER
2023-06-26 00:41:40,-4.005856,-79.197568,Av. Rosa Hermosa,SOLO_DANOS,Choque Vehicular,Exceso de velocidad,,,,,,,,,,,,
2023-07-05 05:15:50,-4.007258,-79.182715,Calle Saraguro,CON_LESIONADOS,Incendio,Inobservancia de senales,64,LESIONADO,HOMBRE,PEATON,,,,,,,,
2023-05-19 14:38:49,-4.032658,-79.230728,Av. Metropolitana,CON_FALLECIDOS,Caida,Mal estado de la via,26,FALLECIDO,MUJER,OTRO,45,LESIONADO,MUJER,OTRO,66,LESIONADO,MUJER,MOTOCICLETA
2023-11-11 12:24:15,-4.019368,-79.183173,Calle 10 de Agosto,CON_FALLECIDOS,Caida,Distraccion (celular/radio),23,FALLECIDO,NO_REGISTRA,SCOOTER,13,LESIONADO,HOMBRE,CICLISTA,54,LESIONADO,NO_REGISTRA,PEATON
2023-05-18 13:17:20,-3.993995,-79.212447,Calle Bolivar,CON_FALLECIDOS,Incendio,Fatiga del conductor,29,FALLECIDO,MUJER,CICLISTA,74,FALLECIDO,MUJER,VEH_LIVIANO,48,LESIONADO,HOMBRE,SCOOTER
2023-05-21 07:48:46,-4.016855,-79.182716,Calle Quito,SOLO_DANOS,Volcamiento,Exceso de velocidad,,,,,,,,,,,,
2023-05-02 18:17:52,-4.034154,-79.221212,Av. Gran Colombia,CON_FALLECIDOS,Accidente Laboral,Estado de embriaguez,31,FALLECIDO,MUJER,CICLISTA,36,FALLECIDO,NO_REGISTRA,VEH_LIVIANO,21,LESIONADO,HOMBRE,PEATON
2023-04-15 03:48:03,-3.989246,-79.190120,Calle 10 de Agosto,CON_FALLECIDOS,Atropellamiento,Factores externos,27,FALLECIDO,NO_REGISTRA,VEH_LIVIANO,62,FALLECIDO,NO_REGISTRA,PEATON,,,,
2023-08-19 08:59:35,-4.033325,-79.211609,Calle 10 de Agosto,CON_LESIONADOS,Caida,Via resbaladiza o mojada,53,LESIONADO,HOMBRE,CICLISTA,,,,,,,,
2023-09-14 10:05:27,-4.001993,-79.199564,Calle Rocafuerte,CON_LESIONADOS,Choque Vehicular,Inobservancia de senales,68,LESIONADO,NO_REGISTRA,VEH_LIVIANO,33,LESIONADO,HOMBRE,SCOOTER,,,,
2023-08-11 20:12:59,-4.006632,-79.179057,Av. Cuxibamba,SOLO_DANOS,Caida,Visibilidad reducida,,,,,,,,,,,,
2023-07-16 19:20:42,-3.980779,-79.216605,Av. Gran Colombia,CON_FALLECIDOS,Atropellamiento,Equipo de seguridad deficiente,69,FALLECIDO,HOMBRE,CICLISTA,18,FALLECIDO,HOMBRE,MOTOCICLETA,19,LESIONADO,NO_REGISTRA,VEH_LIVIANO
2023-03-02 14:45:23,-4.007703,-79.176089,Calle Saraguro,CON_FALLECIDOS,Accidente Laboral,Distraccion (celular/radio),19,FALLECIDO,HOMBRE,CICLISTA,55,FALLECIDO,HOMBRE,SCOOTER,77,LESIONADO,HOMBRE,PEATON
2023-02-15 02:33:45,-3.992568,-79.191963,Calle 18 de Noviembre,CON_FALLECIDOS,Accidente Laboral,Equipo de seguridad deficiente,84,FALLECIDO,MUJER,MOTOCICLETA,64,FALLECIDO,HOMBRE,MOTOCICLETA,9,LESIONADO,NO_REGISTRA,CICLISTA
2023-09-21 04:52:56,-3.978791,-79.181877,Av. Isidro Ayora,CON_LESIONADOS,Accidente Laboral,Distraccion (celular/radio),16,LESIONADO,HOMBRE,OTRO,8,LESIONADO,HOMBRE,OTRO,15,LESIONADO,NO_REGISTRA,PEATON
2023-07-04 09:34:05,-4.020745,-79.181238,Calle Bolivar,CON_LESIONADOS,Volcamiento,Inobservancia de senales,76,LESIONADO,HOMBRE,SCOOTER,36,LESIONADO,HOMBRE,MOTOCICLETA,58,LESIONADO,MUJER,MOTOCICLETA
2023-06-15 16:02:10,-4.004743,-79.226630,Calle Quito,SOLO_DANOS,Accidente Laboral,Falla mecanica,,,,,,,,,,,,
2023-12-25 08:33:08,-3.984590,-79.219106,Calle Rocafuerte,CON_FALLECIDOS,Accidente Laboral,Mal estado de la via,26,FALLECIDO,MUJER,CICLISTA,47,LESIONADO,NO_REGISTRA,VEH_LIVIANO,,,,
2023-02-08 07:39:47,-4.033942,-79.216701,Via Loja - Zamora,SOLO_DANOS,Caida,Equipo de seguridad deficiente,,,,,,,,,,,,
2023-07-06 18:12:53,-3.980586,-79.193764,Av. Cuxibamba,CON_LESIONADOS,Volcamiento,Mal estado de la via,38,LESIONADO,NO_REGISTRA,SCOOTER,,,,,,,,
2023-04-22 09:57:14,-3.993322,-79.216940,Calle Saraguro,CON_LESIONADOS,Accidente Laboral,Factores externos,48,LESIONADO,NO_REGISTRA,SCOOTER,17,LESIONADO,NO_REGISTRA,PEATON,,,,
2023-07-02 23:52:47,-4.014291,-79.221545,Calle Imbabura,SOLO_DANOS,Caida,Fatiga del conductor,,,,,,,,,,,,
2023-10-28 16:46:14,-4.020832,-79.204891,Av. Rosa Hermosa,SOLO_DANOS,Incendio,Inobservancia de senales,,,,,,,,,,,,
2023-07-25 02:40:16,-4.012032,-79.214479,Calle 18 de Noviembre,CON_FALLECIDOS,Accidente Laboral,Fatiga del conductor,47,FALLECIDO,HOMBRE,PEATON,32,FALLECIDO,HOMBRE,PEATON,11,LESIONADO,MUJER,SCOOTER
2023-08-25 11:26:48,-4.004624,-79.172921,Av. Isidro Ayora,CON_FALLECIDOS,Incendio,Exceso de velocidad,48,FALLECIDO,HOMBRE,OTRO,,,,,,,,
2023-10-13 07:00:57,-4.023819,-79.195508,Calle Azogues,CON_FALLECIDOS,Accidente Laboral,Visibilidad reducida,69,FALLECIDO,NO_REGISTRA,SCOOTER,63,FALLECIDO,NO_REGISTRA,PEATON,,,,
2023-11-11 22:23:44,-4.011666,-79.224016,Calle Azogues,SOLO_DANOS,Choque Vehicular,Factores externos,,,,,,,,,,,,
2023-01-29 14:15:15,-3.994094,-79.190416,Calle Quito,CON_FALLECIDOS,Incendio,Inobservancia de senales,63,FALLECIDO,NO_REGISTRA,OTRO,40,LESIONADO,NO_REGISTRA,MOTOCICLETA,8,LESIONADO,HOMBRE,SCOOTER
2023-04-20 16:16:19,-3.999287,-79.193265,Calle Mercadillo,CON_FALLECIDOS,Accidente Laboral,Visibilidad reducida,33,FALLECIDO,NO_REGISTRA,MOTOCICLETA,67,FALLECIDO,NO_REGISTRA,PEATON,79,LESIONADO,HOMBRE,SCOOTER
2023-12-02 03:59:26,-4.016830,-79.177057,Av. Rosa Hermosa,SOLO_DANOS,Accidente Laboral,Equipo de seguridad deficiente,,,,,,,,,,,,
2023-11-10 02:25:50,-4.013929,-79.182406,Calle 18 de Noviembre,CON_LESIONADOS,Accidente Laboral,Imprudencia del conductor,33,LESIONADO,MUJER,VEH_LIVIANO,28,LESIONADO,HOMBRE,CICLISTA,,,,
2023-03-26 16:55:24,-4.015928,-79.213576,Av. Metropolitana,SOLO_DANOS,Choque Vehicular,Distraccion (celular/radio),52,LESIONADO,HOMBRE,OTRO,,,,,,,,
2023-03-08 15:47:23,-3.986684,-79.210205,Av. Rosa Hermosa,CON_FALLECIDOS,Atropellamiento,Fatiga del conductor,70,FALLECIDO,NO_REGISTRA,OTRO,,,,,,,,
2023-12-31 15:00:03,-4.016817,-79.230860,Calle Quito,SOLO_DANOS,Choque Vehicular,Equipo de seguridad deficiente,13,LESIONADO,MUJER,VEH_LIVIANO,,,,,,,,
2023-04-27 06:29:01,-4.012671,-79.185223,Av. Reinaldo Espinosa,CON_LESIONADOS,Atropellamiento,Visibilidad reducida,50,LESIONADO,NO_REGISTRA,PEATON,,,,,,,,
2023-04-03 22:33:39,-3.983677,-79.181728,Av. Pio Jaramillo,SOLO_DANOS,Volcamiento,Visibilidad reducida,,,,,,,,,,,,
2023-04-26 12:02:01,-4.004168,-79.222080,Calle Mercadillo,SOLO_DANOS,Volcamiento,Exceso de velocidad,,,,,,,,,,,,
2023-10-07 04:01:00,-4.010328,-79.225518,Calle 18 de Noviembre,CON_FALLECIDOS,Atropellamiento,Falla mecanica,79,FALLECIDO,MUJER,MOTOCICLETA,63,LESIONADO,NO_REGISTRA,VEH_LIVIANO,17,LESIONADO,MUJER,OTRO
2023-08-20 18:44:43,-4.035247,-79.205824,Calle Saraguro,SOLO_DANOS,Volcamiento,Falla mecanica,,,,,,,,,,,,
2023-06-01 21:09:25,-4.027653,-79.205055,Av. Gran Colombia,CON_LESIONADOS,Choque Vehicular,Inobservancia de senales,28,LESIONADO,HOMBRE,OTRO,,,,,,,,
2023-08-06 13:22:22,-4.026470,-79.172141,Av. Universitaria,CON_FALLECIDOS,Atropellamiento,Inobservancia de senales,78,FALLECIDO,NO_REGISTRA,SCOOTER,29,LESIONADO,HOMBRE,MOTOCICLETA,21,LESIONADO,MUJER,SCOOTER
2023-02-07 12:02:31,-4.032387,-79.197600,Calle Mercadillo,CON_FALLECIDOS,Choque Vehicular,Visibilidad reducida,41,FALLECIDO,MUJER,SCOOTER,58,FALLECIDO,HOMBRE,MOTOCICLETA,11,LESIONADO,MUJER,SCOOTER
2023-04-11 02:48:37,-4.006328,-79.219415,Av. Isidro Ayora,CON_LESIONADOS,Colision Multiple,Fatiga del conductor,8,LESIONADO,MUJER,MOTOCICLETA,,,,,,,,
2023-02-22 14:16:07,-4.000277,-79.194555,Calle Ramon Borrero,SOLO_DANOS,Colision Multiple,Estado de embriaguez,,,,,,,,,,,,
2023-03-13 16:07:57,-4.008573,-79.175180,Av. Manuel Agustin Aguirre,CON_LESIONADOS,Atropellamiento,Mal estado de la via,72,LESIONADO,MUJER,VEH_LIVIANO,76,LESIONADO,MUJER,MOTOCICLETA,,,,
2023-01-30 10:36:15,-4.001592,-79.216857,Calle 10 de Agosto,CON_LESIONADOS,Colision Multiple,Falla mecanica,9,LESIONADO,MUJER,VEH_LIVIANO,22,LESIONADO,NO_REGISTRA,PEATON,,,,
2023-09-11 22:21:30,-4.013818,-79.221073,Calle Rocafuerte,CON_LESIONADOS,Accidente Laboral,Visibilidad reducida,70,LESIONADO,HOMBRE,OTRO,,,,,,,,
2023-07-24 15:35:12,-3.987595,-79.184881,Calle Azogues,SOLO_DANOS,Colision Multiple,Exceso de velocidad,,,,,,,,,,,,
2023-03-09 19:46:40,-4.006672,-79.193806,Av. Orillas del Zamora,CON_FALLECIDOS,Caida,Mal estado de la via,36,FALLECIDO,HOMBRE,OTRO,,,,,,,,