fecha_hora,latitud,longitud,via,grado_severidad,tipo_siniestro,causa_probable,victima1_edad,victima1_condicion,victima1_sexo,victima1_actor_vial,victima2_edad,victima2_condicion,victima2_sexo,victima2_actor_vial,victima3_edad,victima3_condicion,victima3_sexo,victima3_actor_vial
2023-12-08 07:57:25,-3.989454,-79.213040,Calle Miguel Riofrio,CON_LESIONADOS,Accidente Laboral,Visibilidad reducida,72,LESIONADO,NO_REGISTRA,MOTOCICLETA,,,,,,,,
2023-01-31 15:38:53,-3.998110,-79.209419,Av. Metropolitana,SOLO_DANOS,Colision Multiple,Distraccion (celular/radio),,,,,,,,,,,,
2023-09-14 04:42:59,-4.012048,-79.187347,Calle Quito,SOLO_DANOS,Caida,Imprudencia del conductor,,,,,,,,,,,,
2023-05-15 01:42:46,-4.001974,-79.193629,Calle Bolivar,SOLO_DANOS,Accidente Laboral,Imprudencia del conductor,,,,,,,,,,,,
2023-03-22 09:07:03,-4.029992,-79.202356,Av. 8 de Diciembre,SOLO_DANOS,Incendio,Exceso de velocidad,,,,,,,,,,,,
2023-04-21 20:03:10,-3.990335,-79.173087,Calle Saraguro,CON_FALLECIDOS,Atropellamiento,Distraccion (celular/radio),44,FALLECIDO,MUJER,OTRO,59,FALLECIDO,HOMBRE,SCOOTER,48,LESIONADO,NO_REGISTRA,OTRO
2023-01-23 21:14:15,-3.982563,-79.185942,Av. Reinaldo Espinosa,CON_FALLECIDOS,Volcamiento,Factores externos,63,FALLECIDO,HOMBRE,MOTOCICLETA,18,FALLECIDO,MUJER,MOTOCICLETA,,,,
2023-07-08 04:25:55,-4.019695,-79.189512,Calle 18 de Noviembre,SOLO_DANOS,Atropellamiento,Imprudencia del conductor,,,,,,,,,,,,
2023-07-13 19:28:53,-4.011812,-79.204505,Calle Bolivar,CON_FALLECIDOS,Atropellamiento,Equipo de seguridad deficiente,83,FALLECIDO,NO_REGISTRA,PEATON,24,LESIONADO,NO_REGISTRA,OTRO,,,,
2023-01-18 16:56:28,-4.003270,-79.219639,Calle Bolivar,SOLO_DANOS,Incendio,Visibilidad reducida,,,,,,,,,,,,
2023-09-22 13:36:21,-4.007691,-79.213881,Ruta 35,CON_LESIONADOS,Caida,Equipo de seguridad deficiente,27,LESIONADO,HOMBRE,CICLISTA,,,,,,,,
2023-11-26 01:25:44,-4.034796,-79.204052,Calle Rocafuerte,CON_FALLECIDOS,Atropellamiento,Equipo de seguridad deficiente,46,FALLECIDO,NO_REGISTRA,PEATON,47,LESIONADO,HOMBRE,OTRO,,,,
2023-09-23 02:53:57,-4.030275,-79.226802,Av. Orillas del Zamora,SOLO_DANOS,Atropellamiento,Mal estado de la via,,,,,,,,,,,,
2023-12-08 10:49:10,-4.023794,-79.186929,Av. Reinaldo Espinosa,SOLO_DANOS,Atropellamiento,Estado de embriaguez,5,LESIONADO,MUJER,CICLISTA,,,,,,,,
2023-02-13 17:12:32,-4.005885,-79.181760,Av. Orillas del Zamora,SOLO_DANOS,Caida,Inobservancia de senales,,,,,,,,,,,,
2023-05-27 15:48:03,-3.978613,-79.205063,Av. Metropolitana,CON_LESIONADOS,Volcamiento,Inobservancia de senales,9,LESIONADO,HOMBRE,PEATON,32,LESIONADO,NO_REGISTRA,VEH_LIVIANO,,,,
2023-07-17 23:58:05,-3.988754,-79.224030,Calle Colon,CON_FALLECIDOS,Colision Multiple,Via resbaladiza o mojada,34,FALLECIDO,MUJER,PEATON,22,LESIONADO,MUJER,MOTOCICLETA,70,LESIONADO,HOMBRE,VEH_LIVIANO
2023-01-19 21:01:22,-3.993519,-79.226917,Calle Ramon Borrero,CON_FALLECIDOS,Accidente Laboral,Estado de embriaguez,63,FALLECIDO,NO_REGISTRA,PEATON,74,FALLECIDO,NO_REGISTRA,CICLISTA,49,LESIONADO,HOMBRE,CICLISTA
2023-01-17 19:55:26,-4.010936,-79.192455,Calle 18 de Noviembre,CON_LESIONADOS,Atropellamiento,Falla mecanica,59,LESIONADO,MUJER,OTRO,7,LESIONADO,MUJER,MOTOCICLETA,,,,
2023-06-28 00:24:25,-4.018338,-79.209759,Calle Sucre,CON_FALLECIDOS,Incendio,Inobservancia de senales,81,FALLECIDO,NO_REGISTRA,MOTOCICLETA,,,,,,,,
2023-09-18 16:06:48,-3.999220,-79.199985,Av. Metropolitana,SOLO_DANOS,Atropellamiento,Exceso de velocidad,,,,,,,,,,,,
2023-06-07 09:06:36,-3.978991,-79.178364,Calle Saraguro,CON_FALLECIDOS,Caida,Via resbaladiza o mojada,27,FALLECIDO,NO_REGISTRA,MOTOCICLETA,74,LESIONADO,HOMBRE,SCOOTER,68,LESIONADO,NO_REGISTRA,CICLISTA
2023-03-25 13:57:51,-4.016269,-79.222810,Av. Reinaldo Espinosa,CON_FALLECIDOS,Atropellamiento,Imprudencia del conductor,81,FALLECIDO,HOMBRE,VEH_LIVIANO,68,FALLECIDO,HOMBRE,PEATON,,,,
2023-11-26 20:05:46,-4.025574,-79.176758,Av. Manuel Agustin Aguirre,CON_LESIONADOS,Accidente Laboral,Visibilidad reducida,72,LESIONADO,HOMBRE,MOTOCICLETA,42,LESIONADO,NO_REGISTRA,MOTOCICLETA,,,,
2023-03-18 07:54:02,-4.021791,-79.223154,Calle Saraguro,CON_LESIONADOS,Accidente Laboral,Estado de embriaguez,37,LESIONADO,HOMBRE,PEATON,14,LESIONADO,NO_REGISTRA,OTRO,40,LESIONADO,MUJER,OTRO
2023-02-21 22:29:00,-4.033248,-79.206359,Calle Miguel Riofrio,CON_LESIONADOS,Accidente Laboral,Falla mecanica,47,LESIONADO,NO_REGISTRA,VEH_LIVIANO,,,,,,,,
2023-08-10 16:24:48,-4.036884,-79.181593,Calle Rocafuerte,CON_LESIONADOS,Volcamiento,Mal estado de la via,57,LESIONADO,NO_REGISTRA,MOTOCICLETA,67,LESIONADO,NO_REGISTRA,SCOOTER,18,LESIONADO,MUJER,SCOOTER
2023-12-11 09:52:15,-3.996196,-79.172038,Calle Rocafuerte,CON_LESIONADOS,Colision Multiple,Factores externos,33,LESIONADO,NO_REGISTRA,VEH_LIVIANO,21,LESIONADO,HOMBRE,VEH_LIVIANO,73,LESIONADO,HOMBRE,PEATON
2023-07-21 22:42:51,-4.018058,-79.209071,Av. 8 de Diciembre,CON_LESIONADOS,Incendio,Mal estado de la via,31,LESIONADO,NO_REGISTRA,MOTOCICLETA,17,LESIONADO,MUJER,OTRO,16,LESIONADO,HOMBRE,OTRO
2023-09-26 16:49:58,-3.977373,-79.211220,Calle Quito,CON_LESIONADOS,Choque Vehicular,Distraccion (celular/radio),62,LESIONADO,MUJER,MOTOCICLETA,68,LESIONADO,MUJER,CICLISTA,,,,
2023-04-02 16:18:24,-3.988979,-79.227664,Calle Bolivar,SOLO_DANOS,Volcamiento,Exceso de velocidad,,,,,,,,,,,,
2023-09-17 18:43:28,-3.998877,-79.209579,Calle Rocafuerte,CON_FALLECIDOS,Atropellamiento,Visibilidad reducida,72,FALLECIDO,MUJER,MOTOCICLETA,,,,,,,,
2023-07-03 15:21:37,-4.013237,-79.177052,Calle Montufar,CON_LESIONADOS,Colision Multiple,Inobservancia de senales,23,LESIONADO,MUJER,CICLISTA,40,LESIONADO,MUJER,VEH_LIVIANO,,,,
2023-03-01 19:34:14,-3.978320,-79.225744,Av. Manuel Agustin Aguirre,CON_LESIONADOS,Choque Vehicular,Imprudencia del conductor,43,LESIONADO,MUJER,VEH_LIVIANO,57,LESIONADO,NO_REGISTRA,PEATON,,,,
2023-03-11 17:03:34,-3.977027,-79.175960,Calle 10 de Agosto,CON_LESIONADOS,Volcamiento,Exceso de velocidad,28,LESIONADO,NO_REGISTRA,OTRO,26,LESIONADO,MUJER,MOTOCICLETA,,,,
2023-10-09 19:53:07,-3.997846,-79.213051,Calle Quito,CON_FALLECIDOS,Incendio,Falla mecanica,81,FALLECIDO,NO_REGISTRA,CICLISTA,54,FALLECIDO,NO_REGISTRA,MOTOCICLETA,,,,
2023-10-25 04:43:50,-4.030097,-79.221521,Via Loja - Catamayo,SOLO_DANOS,Incendio,Via resbaladiza o mojada,,,,,,,,,,,,
2023-01-25 02:28:22,-3.980352,-79.215766,Calle 18 de Noviembre,SOLO_DANOS,Choque Vehicular,Mal estado de la via,,,,,,,,,,,,
2023-02-08 00:14:37,-4.018363,-79.209738,Calle Rocafuerte,CON_LESIONADOS,Volcamiento,Falla mecanica,61,LESIONADO,HOMBRE,CICLISTA,,,,,,,,
2023-11-12 12:49:15,-4.021694,-79.183320,Av. 8 de Diciembre,SOLO_DANOS,Caida,Distraccion (celular/radio),,,,,,,,,,,,
2023-05-10 18:31:42,-4.034753,-79.176925,Av. Pio Jaramillo,CON_FALLECIDOS,Choque Vehicular,Visibilidad reducida,59,FALLECIDO,HOMBRE,OTRO,37,FALLECIDO,MUJER,PEATON,,,,
2023-06-24 02:58:12,-3.992628,-79.182069,Calle Quito,CON_LESIONADOS,Atropellamiento,Via resbaladiza o mojada,49,LESIONADO,NO_REGISTRA,MOTOCICLETA,54,LESIONADO,NO_REGISTRA,MOTOCICLETA,,,,
2023-07-15 17:50:55,-3.996024,-79.189081,Ruta 35,SOLO_DANOS,Atropellamiento,Inobservancia de senales,38,LESIONADO,MUJER,SCOOTER,,,,,,,,
2023-10-03 16:04:29,-3.996549,-79.189647,Calle Miguel Riofrio,SOLO_DANOS,Caida,Exceso de velocidad,,,,,,,,,,,,
2023-03-21 15:58:02,-4.004032,-79.185777,Calle Mercadillo,SOLO_DANOS,Choque Vehicular,Fatiga del conductor,,,,,,,,,,,,
2023-11-06 14:20:52,-3.985705,-79.172502,Calle Miguel Riofrio,CON_LESIONADOS,Incendio,Inobservancia de senales,10,LESIONADO,MUJER,CICLISTA,,,,,,,,
2023-01-03 03:42:33,-4.034704,-79.213302,Via Loja - Zamora,CON_LESIONADOS,Colision Multiple,Exceso de velocidad,28,LESIONADO,NO_REGISTRA,OTRO,6,LESIONADO,HOMBRE,VEH_LIVIANO,20,LESIONADO,HOMBRE,VEH_LIVIANO
2023-10-06 14:54:29,-4.004700,-79.223204,Calle Bolivar,CON_LESIONADOS,Colision Multiple,Mal estado de la via,21,LESIONADO,HOMBRE,MOTOCICLETA,,,,,,,,
2023-05-22 13:20:43,-4.025956,-79.181315,Calle Colon,CON_LESIONADOS,Choque Vehicular,Via resbaladiza o mojada,52,LESIONADO,NO_REGISTRA,CICLISTA,,,,,,,,
2023-05-22 00:14:26,-3.999221,-79.189776,Av. Manuel Agustin Aguirre,CON_FALLECIDOS,Accidente Laboral,Imprudencia del conductor,22,FALLECIDO,HOMBRE,PEATON,,,,,,,,
2023-05-21 13:40:12,-4.034647,-79.172615,Calle Saraguro,CON_LESIONADOS,Colision Multiple,Distraccion (celular/radio),31,LESIONADO,NO_REGISTRA,CICLISTA,,,,,,,,
2023-06-16 02:12:52,-4.015406,-79.215586,Calle Mercadillo,SOLO_DANOS,Incendio,Falla mecanica,,,,,,,,,,,,
2023-08-09 11:00:50,-4.036325,-79.192803,Calle Quito,SOLO_DANOS,Colision Multiple,Fatiga del conductor,,,,,,,,,,,,
2023-05-07 22:50:36,-4.027643,-79.189309,Av. Pio Jaramillo,SOLO_DANOS,Colision Multiple,Estado de embriaguez,,,,,,,,,,,,
2023-11-26 12:26:27,-4.011566,-79.190520,Calle Saraguro,SOLO_DANOS,Caida,Via resbaladiza o mojada,,,,,,,,,,,,
2023-01-06 19:12:36,-4.026752,-79.200992,Calle Rocafuerte,CON_LESIONADOS,Atropellamiento,Falla mecanica,55,LESIONADO,MUJER,VEH_LIVIANO,21,LESIONADO,NO_REGISTRA,OTRO,22,LESIONADO,HOMBRE,SCOOTER
2023-05-23 19:17:41,-3.998641,-79.223071,Av. Isidro Ayora,SOLO_DANOS,Volcamiento,Equipo de seguridad deficiente,,,,,,,,,,,,
2023-11-02 01:35:39,-4.020930,-79.185381,Av. Reinaldo Espinosa,CON_FALLECIDOS,Caida,Fatiga del conductor,64,FALLECIDO,HOMBRE,PEATON,59,FALLECIDO,NO_REGISTRA,PEATON,,,,
2023-07-07 21:31:13,-3.987486,-79.178622,Calle Saraguro,CON_FALLECIDOS,Volcamiento,Visibilidad reducida,62,FALLECIDO,NO_REGISTRA,OTRO,59,LESIONADO,HOMBRE,VEH_LIVIANO,,,,
2023-01-15 21:30:47,-3.979106,-79.207764,Av. 8 de Diciembre,CON_FALLECIDOS,Caida,Distraccion (celular/radio),25,FALLECIDO,HOMBRE,OTRO,47,FALLECIDO,NO_REGISTRA,SCOOTER,,,,
2023-04-11 15:12:59,-4.005823,-79.186604,Av. Universitaria,CON_FALLECIDOS,Atropellamiento,Exceso de velocidad,59,FALLECIDO,NO_REGISTRA,SCOOTER,72,LESIONADO,HOMBRE,CICLISTA,25,LESIONADO,NO_REGISTRA,OTRO
2023-12-02 12:02:05,-4.009495,-79.171972,Calle Mercadillo,CON_FALLECIDOS,Choque Vehicular,Factores externos,75,FALLECIDO,NO_REGISTRA,SCOOTER,85,FALLECIDO,HOMBRE,VEH_LIVIANO,,,,
2023-09-04 12:42:31,-4.029394,-79.213871,Av. Reinaldo Espinosa,CON_FALLECIDOS,Choque Vehicular,Distraccion (celular/radio),65,FALLECIDO,MUJER,PEATON,,,,,,,,
2023-07-25 11:47:06,-3.992502,-79.181429,Calle 10 de Agosto,SOLO_DANOS,Volcamiento,Imprudencia del conductor,,,,,,,,,,,,
2023-01-19 17:22:09,-3.979173,-79.221153,Calle Imbabura,CON_FALLECIDOS,Atropellamiento,Estado de embriaguez,82,FALLECIDO,HOMBRE,MOTOCICLETA,,,,,,,,
2023-12-27 19:20:27,-3.994961,-79.209791,Via Loja - Zamora,CON_FALLECIDOS,Choque Vehicular,Via resbaladiza o mojada,77,FALLECIDO,HOMBRE,SCOOTER,,,,,,,,
2023-12-20 04:17:44,-4.024200,-79.189268,Av. Pio Jaramillo,CON_LESIONADOS,Accidente Laboral,Visibilidad reducida,34,LESIONADO,MUJER,PEATON,,,,,,,,
2023-11-04 00:47:47,-4.022629,-79.211917,Calle Saraguro,CON_LESIONADOS,Colision Multiple,Imprudencia del conductor,44,LESIONADO,NO_REGISTRA,MOTOCICLETA,,,,,,,,
2023-10-26 13:11:42,-3.988615,-79.197771,Calle Mercadillo,SOLO_DANOS,Volcamiento,Visibilidad reducida,,,,,,,,,,,,
2023-09-15 12:21:23,-3.991686,-79.199622,Av. Universitaria,CON_FALLECIDOS,Caida,Equipo de seguridad deficiente,71,FALLECIDO,MUJER,OTRO,76,FALLECIDO,HOMBRE,SCOOTER,77,LESIONADO,NO_REGISTRA,VEH_LIVIANO
2023-07-01 22:35:55,-3.999383,-79.180166,Calle Azogues,CON_FALLECIDOS,Incendio,Via resbaladiza o mojada,70,FALLECIDO,HOMBRE,OTRO,69,FALLECIDO,NO_REGISTRA,SCOOTER,67,LESIONADO,NO_REGISTRA,CICLISTA
2023-01-30 00:17:27,-4.006437,-79.189801,Calle Quito,CON_LESIONADOS,Incendio,Falla mecanica,40,LESIONADO,MUJER,PEATON,,,,,,,,
2023-09-17 14:29:20,-4.009912,-79.201518,Av. Orillas del Zamora,CON_FALLECIDOS,Colision Multiple,Estado de embriaguez,29,FALLECIDO,MUJER,MOTOCICLETA,8,LESIONADO,HOMBRE,SCOOTER,28,LESIONADO,NO_REGISTRA,MOTOCICLETA
2023-12-23 11:27:14,-4.021348,-79.202589,Ruta 35,CON_FALLECIDOS,Volcamiento,Equipo de seguridad deficiente,24,FALLECIDO,NO_REGISTRA,PEATON,7,LESIONADO,MUJER,VEH_LIVIANO,7,LESIONADO,HOMBRE,VEH_LIVIANO
2023-08-25 15:56:13,-4.029201,-79.204054,Av. Gran Colombia,SOLO_DANOS,Colision Multiple,Equipo de seguridad deficiente,,,,,,,,,,,,
2023-05-21 06:28:17,-3.983593,-79.213138,Av. Pio Jaramillo,SOLO_DANOS,Caida,Distraccion (celular/radio),,,,,,,,,,,,
2023-01-27 23:43:22,-3.977884,-79.186145,Ruta 35,SOLO_DANOS,Atropellamiento,Equipo de seguridad deficiente,,,,,,,,,,,,
2023-05-14 08:03:37,-4.022247,-79.201611,Calle Saraguro,CON_LESIONADOS,Atropellamiento,Factores externos,39,LESIONADO,NO_REGISTRA,MOTOCICLETA,27,LESIONADO,HOMBRE,OTRO,16,LESIONADO,HOMBRE,VEH_LIVIANO
2023-03-14 03:25:55,-4.025340,-79.171775,Av. Cuxibamba,CON_LESIONADOS,Volcamiento,Factores externos,32,LESIONADO,NO_REGISTRA,CICLISTA,49,LESIONADO,MUJER,SCOOTER,29,LESIONADO,MUJER,OTRO
2023-09-15 02:15:03,-4.007155,-79.199207,Av. Orillas del Zamora,SOLO_DANOS,Atropellamiento,Distraccion (celular/radio),,,,,,,,,,,,
2023-10-04 03:09:08,-4.005836,-79.216743,Av. Manuel Agustin Aguirre,CON_LESIONADOS,Volcamiento,Inobservancia de senales,38,LESIONADO,NO_REGISTRA,MOTOCICLETA,,,,,,,,
2023-06-21 18:09:18,-3.996088,-79.194119,Calle Saraguro,CON_FALLECIDOS,Colision Multiple,Imprudencia del conductor,21,FALLECIDO,NO_REGISTRA,CICLISTA,73,FALLECIDO,NO_REGISTRA,PEATON,31,LESIONADO,HOMBRE,OTRO
2023-09-21 22:57:03,-3.979110,-79.213652,Av. Orillas del Zamora,CON_FALLECIDOS,Colision Multiple,Factores externos,36,FALLECIDO,MUJER,CICLISTA,,,,,,,,
2023-04-21 16:05:08,-4.022102,-79.222317,Calle 18 de Noviembre,CON_LESIONADOS,Incendio,Via resbaladiza o mojada,27,LESIONADO,HOMBRE,MOTOCICLETA,71,LESIONADO,HOMBRE,CICLISTA,54,LESIONADO,NO_REGISTRA,SCOOTER
2023-11-29 09:54:56,-3.991322,-79.215575,Calle Quito,CON_FALLECIDOS,Accidente Laboral,Falla mecanica,54,FALLECIDO,NO_REGISTRA,VEH_LIVIANO,46,LESIONADO,MUJER,OTRO,,,,
2023-10-23 11:41:52,-4.021536,-79.183093,Calle Colon,CON_FALLECIDOS,Incendio,Exceso de velocidad,85,FALLECIDO,MUJER,SCOOTER,5,LESIONADO,HOMBRE,MOTOCICLETA,14,LESIONADO,MUJER,CICLISTA
2023-01-19 07:23:29,-3.978277,-79.203710,Calle Ramon Borrero,CON_LESIONADOS,Incendio,Exceso de velocidad,59,LESIONADO,HOMBRE,OTRO,76,LESIONADO,HOMBRE,SCOOTER,42,LESIONADO,HOMBRE,VEH_LIVIANO
2023-11-30 13:44:03,-3.986714,-79.211851,Calle Bolivar,CON_FALLECIDOS,Atropellamiento,Exceso de velocidad,61,FALLECIDO,MUJER,VEH_LIVIANO,54,FALLECIDO,MUJER,CICLISTA,30,LESIONADO,HOMBRE,OTRO
2023-11-19 20:15:10,-4.001375,-79.184360,Via Loja - Catamayo,CON_LESIONADOS,Volcamiento,Inobservancia de senales,69,LESIONADO,NO_REGISTRA,SCOOTER,12,LESIONADO,HOMBRE,VEH_LIVIANO,68,LESIONADO,MUJER,SCOOTER
2023-06-20 20:18:33,-3.982748,-79.204792,Calle Azogues,CON_FALLECIDOS,Choque Vehicular,Exceso de velocidad,49,FALLECIDO,NO_REGISTRA,VEH_LIVIANO,,,,,,,,
2023-10-22 02:47:48,-3.983546,-79.187760,Calle Miguel Riofrio,CON_LESIONADOS,Choque Vehicular,Factores externos,43,LESIONADO,HOMBRE,MOTOCICLETA,50,LESIONADO,HOMBRE,OTRO,70,LESIONADO,MUJER,SCOOTER
2023-10-23 01:35:47,-4.025303,-79.212074,Calle Bolivar,CON_LESIONADOS,Volcamiento,Fatiga del conductor,20,LESIONADO,MUJER,PEATON,20,LESIONADO,HOMBRE,MOTOCICLETA,,,,
2023-08-17 05:54:47,-3.980238,-79.229867,Av. Reinaldo Espinosa,CON_FALLECIDOS,Volcamiento,Equipo de seguridad deficiente,79,FALLECIDO,NO_REGISTRA,OTRO,38,FALLECIDO,NO_REGISTRA,OTRO,51,LESIONADO,HOMBRE,PEATON
2023-01-17 03:15:29,-3.999773,-79.185160,Calle Miguel Riofrio,CON_FALLECIDOS,Accidente Laboral,Estado de embriaguez,49,FALLECIDO,HOMBRE,CICLISTA,74,LESIONADO,HOMBRE,MOTOCICLETA,,,,
2023-05-04 23:26:01,-4.018205,-79.184336,Via Loja - Zamora,CON_LESIONADOS,Volcamiento,Visibilidad reducida,54,LESIONADO,NO_REGISTRA,SCOOTER,59,LESIONADO,NO_REGISTRA,CICLISTA,,,,
2023-06-22 04:36:50,-4.005186,-79.209393,Calle Bolivar,SOLO_DANOS,Incendio,Factores externos,,,,,,,,,,,,
2023-05-24 14:53:46,-4.032393,-79.175426,Av. 8 de Diciembre,CON_LESIONADOS,Choque Vehicular,Exceso de velocidad,24,LESIONADO,NO_REGISTRA,CICLISTA,10,LESIONADO,MUJER,MOTOCICLETA,,,,
2023-07-13 02:44:26,-3.995961,-79.229588,Av. Manuel Agustin Aguirre,CON_LESIONADOS,Incendio,Factores externos,5,LESIONADO,MUJER,MOTOCICLETA,72,LESIONADO,HOMBRE,CICLISTA,,,,
2023-01-15 17:30:39,-3.994604,-79.184238,Av. Gran Colombia,SOLO_DANOS,Incendio,Mal estado de la via,,,,,,,,,,,,
2023-03-07 22:26:59,-3.987938,-79.193655,Calle Mercadillo,CON_LESIONADOS,Atropellamiento,Falla mecanica,58,LESIONADO,NO_REGISTRA,MOTOCICLETA,64,LESIONADO,NO_REGISTRA,SCOOTER,33,LESIONADO,HOMBRE,VEH_LIVIANO
2023-04-15 17:27:24,-4.012427,-79.219969,Via Loja - Catamayo,CON_LESIONADOS,Volcamiento,Falla mecanica,70,LESIONADO,HOMBRE,CICLISTA,73,LESIONADO,NO_REGISTRA,MOTOCICLETA,,,,
2023-09-18 19:41:49,-3.996028,-79.176792,Calle 10 de Agosto,CON_LESIONADOS,Colision Multiple,Falla mecanica,56,LESIONADO,HOMBRE,PEATON,52,LESIONADO,NO_REGISTRA,MOTOCICLETA,62,LESIONADO,HOMBRE,OTRO
2023-12-20 21:21:10,-4.009063,-79.215066,Av. Manuel Agustin Aguirre,CON_LESIONADOS,Choque Vehicular,Fatiga del conductor,19,LESIONADO,NO_REGISTRA,PEATON,38,LESIONADO,MUJER,OTRO,56,LESIONADO,MUJER,OTRO
2023-10-20 19:35:42,-3.994111,-79.222637,Calle Bolivar,CON_LESIONADOS,Colision Multiple,Imprudencia del conductor,66,LESIONADO,MUJER,MOTOCICLETA,63,LESIONADO,HOMBRE,OTRO,,,,
2023-05-29 22:05:11,-4.032204,-79.202968,Av. Rosa Hermosa,CON_LESIONADOS,Incendio,Fatiga del conductor,54,LESIONADO,HOMBRE,SCOOTER,,,,,,,,
2023-03-07 04:00:19,-3.984538,-79.216549,Via Loja - Zamora,CON_LESIONADOS,Caida,Estado de embriaguez,14,LESIONADO,NO_REGISTRA,OTRO,45,LESIONADO,HOMBRE,PEATON,53,LESIONADO,MUJER,CICLISTA
2023-11-03 08:30:13,-3.992013,-79.178508,Calle Saraguro,CON_FALLECIDOS,Caida,Exceso de velocidad,75,FALLECIDO,NO_REGISTRA,PEATON,18,FALLECIDO,NO_REGISTRA,CICLISTA,20,LESIONADO,NO_REGISTRA,SCOOTER
2023-06-29 20:47:52,-4.002194,-79.180359,Calle Saraguro,CON_LESIONADOS,Accidente Laboral,Inobservancia de senales,5,LESIONADO,NO_REGISTRA,SCOOTER,,,,,,,,
2023-09-17 03:34:35,-3.997415,-79.174343,Calle 10 de Agosto,SOLO_DANOS,Atropellamiento,Visibilidad reducida,,,,,,,,,,,,
2023-12-08 08:02:51,-4.033429,-79.226368,Av. Rosa Hermosa,SOLO_DANOS,Atropellamiento,Distraccion (celular/radio),,,,,,,,,,,,
2023-12-21 23:17:44,-3.987408,-79.185301,Calle Sucre,CON_LESIONADOS,Accidente Laboral,Distraccion (celular/radio),27,LESIONADO,NO_REGISTRA,SCOOTER,,,,,,,,
2023-03-25 18:56:41,-3.991098,-79.206539,Calle Miguel Riofrio,SOLO_DANOS,Choque Vehicular,Exceso de velocidad,,,,,,,,,,,,
2023-01-06 02:43:58,-3.995278,-79.198009,Via Loja - Catamayo,CON_LESIONADOS,Atropellamiento,Distraccion (celular/radio),77,LESIONADO,MUJER,SCOOTER,,,,,,,,
2023-09-25 06:28:52,-3.979711,-79.195287,Av. Universitaria,CON_FALLECIDOS,Caida,Exceso de velocidad,48,FALLECIDO,MUJER,CICLISTA,56,FALLECIDO,MUJER,SCOOTER,,,,
2023-09-18 11:20:59,-3.983782,-79.212593,Av. Universitaria,CON_LESIONADOS,Volcamiento,Fatiga del conductor,40,LESIONADO,MUJER,CICLISTA,46,LESIONADO,NO_REGISTRA,OTRO,,,,
2023-09-25 11:10:27,-4.012805,-79.224611,Av. Orillas del Zamora,SOLO_DANOS,Choque Vehicular,Visibilidad reducida,,,,,,,,,,,,
2023-01-13 05:45:30,-3.989925,-79.200247,Av. Cuxibamba,CON_FALLECIDOS,Caida,Fatiga del conductor,20,FALLECIDO,NO_REGISTRA,OTRO,33,FALLECIDO,MUJER,VEH_LIVIANO,58,LESIONADO,HOMBRE,SCOOTER
2023-01-15 13:40:36,-3.984104,-79.220980,Calle Mercadillo,CON_LESIONADOS,Accidente Laboral,Imprudencia del conductor,71,LESIONADO,HOMBRE,CICLISTA,,,,,,,,
2023-01-08 17:47:56,-3.997075,-79.178695,Calle Saraguro,CON_FALLECIDOS,Atropellamiento,Fatiga del conductor,35,FALLECIDO,MUJER,VEH_LIVIANO,72,LESIONADO,MUJER,CICLISTA,,,,
2023-09-19 10:16:18,-4.021134,-79.185174,Calle Imbabura,CON_FALLECIDOS,Accidente Laboral,Visibilidad reducida,56,FALLECIDO,NO_REGISTRA,PEATON,65,FALLECIDO,HOMBRE,CICLISTA,9,LESIONADO,HOMBRE,OTRO
2023-08-15 05:25:09,-4.011187,-79.211802,Calle 18 de Noviembre,SOLO_DANOS,Incendio,Visibilidad reducida,,,,,,,,,,,,
2023-02-27 12:10:51,-4.012938,-79.174652,Calle Bolivar,SOLO_DANOS,Accidente Laboral,Distraccion (celular/radio),,,,,,,,,,,,
2023-11-27 07:27:58,-3.999677,-79.195902,Ruta 35,CON_LESIONADOS,Accidente Laboral,Mal estado de la via,65,LESIONADO,NO_REGISTRA,OTRO,,,,,,,,
2023-12-07 15:34:20,-3.994562,-79.174800,Av. Isidro Ayora,CON_LESIONADOS,Atropellamiento,Exceso de velocidad,79,LESIONADO,MUJER,SCOOTER,,,,,,,,
2023-09-06 23:20:36,-4.018597,-79.222613,Av. Cuxibamba,SOLO_DANOS,Choque Vehicular,Via resbaladiza o mojada,,,,,,,,,,,,
2023-03-14 13:32:34,-4.021230,-79.183080,Av. Cuxibamba,CON_LESIONADOS,Caida,Factores externos,55,LESIONADO,MUJER,SCOOTER,63,LESIONADO,MUJER,PEATON,56,LESIONADO,HOMBRE,SCOOTER
2023-08-13 19:34:42,-4.021334,-79.183375,Via Loja - Zamora,CON_FALLECIDOS,Colision Multiple,Distraccion (celular/radio),31,FALLECIDO,NO_REGISTRA,SCOOTER,63,FALLECIDO,NO_REGISTRA,VEH_LIVIANO,44,LESIONADO,HOMBRE,OTRO
2023-09-18 18:01:04,-3.977063,-79.208994,Av. Reinaldo Espinosa,SOLO_DANOS,Choque Vehicular,Factores externos,,,,,,,,,,,,
2023-04-25 01:25:48,-4.029151,-79.204480,Calle Azogues,SOLO_DANOS,Caida,Imprudencia del conductor,,,,,,,,,,,,
2023-09-26 08:05:55,-4.019666,-79.187228,Calle 10 de Agosto,SOLO_DANOS,Incendio,Via resbaladiza o mojada,,,,,,,,,,,,