fecha_hora,latitud,longitud,via,grado_severidad,tipo_siniestro,causa_probable,victima1_edad,victima1_condicion,victima1_sexo,victima1_actor_vial,victima2_edad,victima2_condicion,victima2_sexo,victima2_actor_vial,victima3_edad,victima3_condicion,victima3_sexo,victima3_actor_vial
2023-11-27 13:19:50,-4.006599,-79.211602,Av. Orillas del Zamora,SOLO_DANOS,Incendio,Factores externos,,,,,,,,,,,,
2023-09-17 22:43:11,-4.030468,-79.174386,Calle Mercadillo,CON_LESIONADOS,Volcamiento,Via resbaladiza o mojada,73,LESIONADO,HOMBRE,SCOOTER,40,LESIONADO,NO_REGISTRA,OTRO,12,LESIONADO,HOMBRE,SCOOTER
2023-10-10 07:44:23,-3.982130,-79.197967,Calle Imbabura,SOLO_DANOS,Volcamiento,Via resbaladiza o mojada,,,,,,,,,,,,
2023-02-09 20:57:32,-4.001487,-79.214844,Calle 18 de Noviembre,CON_FALLECIDOS,Caida,Visibilidad reducida,80,FALLECIDO,HOMBRE,MOTOCICLETA,23,FALLECIDO,HOMBRE,SCOOTER,,,,
2023-07-06 05:49:49,-3.998803,-79.186157,Av. Reinaldo Espinosa,CON_FALLECIDOS,Colision Multiple,Imprudencia del conductor,36,FALLECIDO,NO_REGISTRA,VEH_LIVIANO,67,FALLECIDO,NO_REGISTRA,OTRO,71,LESIONADO,MUJER,MOTOCICLETA
2023-11-06 18:45:05,-3.984985,-79.215552,Calle Miguel Riofrio,CON_LESIONADOS,Choque Vehicular,Mal estado de la via,61,LESIONADO,HOMBRE,MOTOCICLETA,80,LESIONADO,HOMBRE,OTRO,59,LESIONADO,HOMBRE,VEH_LIVIANO
2023-09-20 20:05:32,-4.020615,-79.184865,Av. Metropolitana,SOLO_DANOS,Atropellamiento,Visibilidad reducida,79,LESIONADO,NO_REGISTRA,SCOOTER,,,,,,,,
2023-07-15 22:58:35,-4.033748,-79.188204,Calle 18 de Noviembre,CON_FALLECIDOS,Accidente Laboral,Factores externos,54,FALLECIDO,HOMBRE,CICLISTA,74,FALLECIDO,HOMBRE,PEATON,35,LESIONADO,MUJER,SCOOTER
2023-08-30 21:06:16,-3.994872,-79.172983,Av. 8 de Diciembre,CON_LESIONADOS,Colision Multiple,Mal estado de la via,65,LESIONADO,NO_REGISTRA,MOTOCICLETA,51,LESIONADO,HOMBRE,MOTOCICLETA,,,,
2023-06-17 12:25:24,-3.987593,-79.193105,Calle Sucre,SOLO_DANOS,Atropellamiento,Imprudencia del conductor,,,,,,,,,,,,
2023-01-16 01:39:58,-3.992652,-79.225268,Calle Rocafuerte,CON_LESIONADOS,Atropellamiento,Visibilidad reducida,45,LESIONADO,MUJER,VEH_LIVIANO,77,LESIONADO,NO_REGISTRA,OTRO,,,,
2023-04-08 18:09:31,-3.983052,-79.202334,Av. Pio Jaramillo,CON_LESIONADOS,Incendio,Fatiga del conductor,27,LESIONADO,NO_REGISTRA,CICLISTA,7,LESIONADO,HOMBRE,MOTOCICLETA,17,LESIONADO,MUJER,SCOOTER
2023-05-12 20:01:49,-4.032861,-79.206612,Calle Ramon Borrero,CON_FALLECIDOS,Atropellamiento,Factores externos,38,FALLECIDO,HOMBRE,MOTOCICLETA,33,FALLECIDO,HOMBRE,PEATON,,,,
2023-08-03 16:22:27,-4.013705,-79.226467,Via Loja - Catamayo,CON_FALLECIDOS,Accidente Laboral,Estado de embriaguez,45,FALLECIDO,NO_REGISTRA,OTRO,56,FALLECIDO,MUJER,SCOOTER,,,,
2023-02-25 23:36:30,-4.023365,-79.212955,Av. Isidro Ayora,SOLO_DANOS,Caida,Fatiga del conductor,7,LESIONADO,NO_REGISTRA,CICLISTA,,,,,,,,
2023-06-24 22:25:58,-4.003021,-79.175465,Av. Orillas del Zamora,CON_FALLECIDOS,Caida,Distraccion (celular/radio),28,FALLECIDO,HOMBRE,VEH_LIVIANO,69,FALLECIDO,HOMBRE,SCOOTER,8,LESIONADO,MUJER,OTRO
2023-07-28 05:33:00,-3.988263,-79.181687,Calle Azogues,SOLO_DANOS,Colision Multiple,Fatiga del conductor,,,,,,,,,,,,
2023-03-22 14:14:05,-4.022709,-79.216289,Via Loja - Catamayo,SOLO_DANOS,Choque Vehicular,Mal estado de la via,,,,,,,,,,,,
2023-02-12 13:46:09,-3.978146,-79.204680,Calle Quito,CON_FALLECIDOS,Incendio,Factores externos,74,FALLECIDO,MUJER,VEH_LIVIANO,,,,,,,,
2023-09-08 12:39:35,-4.024192,-79.230581,Via Loja - Catamayo,CON_LESIONADOS,Colision Multiple,Inobservancia de senales,74,LESIONADO,NO_REGISTRA,MOTOCICLETA,68,LESIONADO,MUJER,CICLISTA,7,LESIONADO,MUJER,PEATON
2023-08-31 14:10:42,-3.999339,-79.197267,Av. Orillas del Zamora,SOLO_DANOS,Caida,Equipo de seguridad deficiente,,,,,,,,,,,,
2023-03-20 15:26:20,-4.027278,-79.183265,Av. Manuel Agustin Aguirre,CON_FALLECIDOS,Atropellamiento,Estado de embriaguez,46,FALLECIDO,NO_REGISTRA,PEATON,32,LESIONADO,NO_REGISTRA,CICLISTA,,,,
2023-04-12 13:32:13,-4.020871,-79.224969,Calle Mercadillo,SOLO_DANOS,Accidente Laboral,Mal estado de la via,,,,,,,,,,,,
2023-04-28 17:06:52,-3.998974,-79.179364,Calle Quito,CON_FALLECIDOS,Accidente Laboral,Fatiga del conductor,57,FALLECIDO,MUJER,OTRO,44,FALLECIDO,MUJER,OTRO,44,LESIONADO,HOMBRE,SCOOTER
2023-03-24 08:13:54,-3.994321,-79.218980,Av. Gran Colombia,SOLO_DANOS,Incendio,Visibilidad reducida,,,,,,,,,,,,
2023-07-03 22:18:57,-3.984567,-79.209809,Av. Cuxibamba,SOLO_DANOS,Volcamiento,Via resbaladiza o mojada,,,,,,,,,,,,
2023-10-28 23:48:45,-4.021295,-79.181180,Av. Cuxibamba,CON_FALLECIDOS,Colision Multiple,Falla mecanica,36,FALLECIDO,MUJER,MOTOCICLETA,73,LESIONADO,MUJER,PEATON,33,LESIONADO,MUJER,OTRO
2023-11-07 12:43:13,-4.025680,-79.199438,Calle Sucre,CON_FALLECIDOS,Choque Vehicular,Exceso de velocidad,35,FALLECIDO,NO_REGISTRA,CICLISTA,52,FALLECIDO,NO_REGISTRA,SCOOTER,,,,
2023-01-31 13:12:41,-3.984710,-79.227691,Av. Isidro Ayora,CON_LESIONADOS,Atropellamiento,Inobservancia de senales,78,LESIONADO,HOMBRE,CICLISTA,,,,,,,,
2023-12-20 16:44:11,-4.025160,-79.202215,Calle Quito,CON_LESIONADOS,Choque Vehicular,Mal estado de la via,26,LESIONADO,NO_REGISTRA,SCOOTER,,,,,,,,
2023-02-12 00:28:09,-4.028095,-79.210701,Av. Rosa Hermosa,SOLO_DANOS,Incendio,Distraccion (celular/radio),,,,,,,,,,,,
2023-07-15 11:13:20,-3.999384,-79.182135,Calle Azogues,SOLO_DANOS,Caida,Falla mecanica,,,,,,,,,,,,
2023-02-08 04:13:43,-3.999703,-79.172659,Calle Colon,CON_LESIONADOS,Choque Vehicular,Falla mecanica,71,LESIONADO,NO_REGISTRA,SCOOTER,61,LESIONADO,NO_REGISTRA,MOTOCICLETA,,,,
2023-10-12 03:53:43,-4.009650,-79.181113,Calle Saraguro,CON_FALLECIDOS,Volcamiento,Distraccion (celular/radio),26,FALLECIDO,MUJER,OTRO,14,LESIONADO,NO_REGISTRA,CICLISTA,,,,
2023-12-10 15:29:23,-3.997518,-79.197515,Av. Metropolitana,CON_LESIONADOS,Volcamiento,Imprudencia del conductor,66,LESIONADO,MUJER,CICLISTA,20,LESIONADO,HOMBRE,CICLISTA,,,,
2023-01-03 08:14:07,-3.985408,-79.201214,Calle Rocafuerte,CON_FALLECIDOS,Volcamiento,Inobservancia de senales,71,FALLECIDO,MUJER,OTRO,67,LESIONADO,HOMBRE,VEH_LIVIANO,70,LESIONADO,NO_REGISTRA,OTRO
2023-01-05 12:21:56,-4.014839,-79.190059,Av. Orillas del Zamora,CON_FALLECIDOS,Choque Vehicular,Equipo de seguridad deficiente,28,FALLECIDO,MUJER,OTRO,31,LESIONADO,HOMBRE,SCOOTER,36,LESIONADO,HOMBRE,MOTOCICLETA
2023-10-31 01:32:07,-4.021255,-79.175982,Av. Pio Jaramillo,SOLO_DANOS,Colision Multiple,Falla mecanica,,,,,,,,,,,,
2023-05-23 15:18:59,-3.978543,-79.184379,Av. 8 de Diciembre,CON_LESIONADOS,Choque Vehicular,Via resbaladiza o mojada,8,LESIONADO,HOMBRE,MOTOCICLETA,,,,,,,,
2023-07-22 15:35:10,-3.985251,-79.213788,Av. Isidro Ayora,CON_FALLECIDOS,Choque Vehicular,Factores externos,27,FALLECIDO,NO_REGISTRA,VEH_LIVIANO,72,FALLECIDO,NO_REGISTRA,MOTOCICLETA,,,,
2023-09-30 23:45:34,-4.016828,-79.209615,Calle 18 de Noviembre,SOLO_DANOS,Atropellamiento,Imprudencia del conductor,,,,,,,,,,,,
2023-07-29 18:56:54,-4.006902,-79.208832,Av. Pio Jaramillo,SOLO_DANOS,Volcamiento,Fatiga del conductor,48,LESIONADO,HOMBRE,OTRO,,,,,,,,
2023-06-15 13:08:03,-4.009951,-79.179895,Calle Saraguro,SOLO_DANOS,Caida,Equipo de seguridad deficiente,,,,,,,,,,,,
2023-05-08 06:33:30,-4.001694,-79.226085,Av. Pio Jaramillo,CON_FALLECIDOS,Accidente Laboral,Via resbaladiza o mojada,69,FALLECIDO,MUJER,SCOOTER,57,LESIONADO,HOMBRE,MOTOCICLETA,,,,
2023-08-23 13:17:52,-3.987522,-79.214454,Calle Miguel Riofrio,SOLO_DANOS,Accidente Laboral,Fatiga del conductor,,,,,,,,,,,,
2023-07-23 19:41:20,-4.032446,-79.198596,Calle Quito,SOLO_DANOS,Accidente Laboral,Distraccion (celular/radio),,,,,,,,,,,,
2023-11-20 00:41:53,-3.986504,-79.204229,Calle Miguel Riofrio,CON_LESIONADOS,Caida,Estado de embriaguez,63,LESIONADO,NO_REGISTRA,PEATON,,,,,,,,
2023-07-19 18:26:05,-4.007084,-79.171983,Calle 18 de Noviembre,CON_FALLECIDOS,Incendio,Distraccion (celular/radio),22,FALLECIDO,HOMBRE,SCOOTER,67,LESIONADO,MUJER,OTRO,75,LESIONADO,NO_REGISTRA,CICLISTA
2023-11-05 11:52:29,-3.999050,-79.220873,Calle Montufar,CON_LESIONADOS,Incendio,Fatiga del conductor,34,LESIONADO,MUJER,PEATON,23,LESIONADO,MUJER,VEH_LIVIANO,,,,
2023-04-22 13:39:18,-4.026866,-79.207757,Calle Colon,CON_FALLECIDOS,Choque Vehicular,Distraccion (celular/radio),33,FALLECIDO,NO_REGISTRA,VEH_LIVIANO,31,LESIONADO,MUJER,MOTOCICLETA,28,LESIONADO,HOMBRE,MOTOCICLETA
2023-06-16 15:48:46,-3.995199,-79.193639,Av. Reinaldo Espinosa,SOLO_DANOS,Atropellamiento,Exceso de velocidad,,,,,,,,,,,,
2023-08-27 05:09:43,-4.021824,-79.202911,Calle Quito,CON_LESIONADOS,Colision Multiple,Exceso de velocidad,51,LESIONADO,MUJER,VEH_LIVIANO,,,,,,,,
2023-06-04 17:54:53,-4.030594,-79.187650,Via Loja - Catamayo,CON_FALLECIDOS,Atropellamiento,Via resbaladiza o mojada,43,FALLECIDO,HOMBRE,MOTOCICLETA,79,FALLECIDO,NO_REGISTRA,PEATON,26,LESIONADO,NO_REGISTRA,OTRO
2023-03-01 19:09:59,-4.011861,-79.225771,Calle 18 de Noviembre,CON_FALLECIDOS,Choque Vehicular,Fatiga del conductor,42,FALLECIDO,NO_REGISTRA,OTRO,77,FALLECIDO,NO_REGISTRA,MOTOCICLETA,18,LESIONADO,MUJER,OTRO
2023-05-13 04:34:26,-3.994263,-79.196967,Calle Quito,SOLO_DANOS,Incendio,Equipo de seguridad deficiente,65,LESIONADO,NO_REGISTRA,MOTOCICLETA,,,,,,,,
2023-08-27 17:59:51,-3.997827,-79.174071,Calle Rocafuerte,CON_FALLECIDOS,Volcamiento,Estado de embriaguez,32,FALLECIDO,MUJER,OTRO,,,,,,,,
2023-11-17 13:08:57,-4.006997,-79.217753,Calle Ramon Borrero,CON_FALLECIDOS,Atropellamiento,Via resbaladiza o mojada,70,FALLECIDO,HOMBRE,PEATON,66,FALLECIDO,NO_REGISTRA,MOTOCICLETA,22,LESIONADO,NO_REGISTRA,CICLISTA
2023-05-31 01:14:04,-3.996647,-79.220655,Calle Saraguro,CON_FALLECIDOS,Volcamiento,Via resbaladiza o mojada,24,FALLECIDO,HOMBRE,OTRO,48,LESIONADO,NO_REGISTRA,MOTOCICLETA,67,LESIONADO,NO_REGISTRA,PEATON
2023-12-30 01:35:29,-4.002479,-79.214678,Calle Montufar,CON_LESIONADOS,Atropellamiento,Equipo de seguridad deficiente,43,LESIONADO,NO_REGISTRA,SCOOTER,10,LESIONADO,HOMBRE,OTRO,,,,
2023-07-07 04:37:43,-4.003426,-79.197127,Av. Pio Jaramillo,SOLO_DANOS,Caida,Falla mecanica,,,,,,,,,,,,
2023-08-23 22:51:14,-4.021700,-79.197797,Via Loja - Catamayo,CON_LESIONADOS,Colision Multiple,Fatiga del conductor,9,LESIONADO,MUJER,PEATON,,,,,,,,
2023-08-09 00:15:43,-4.008656,-79.196479,Av. Orillas del Zamora,CON_LESIONADOS,Choque Vehicular,Fatiga del conductor,44,LESIONADO,NO_REGISTRA,PEATON,,,,,,,,
2023-03-07 09:26:02,-4.020702,-79.222019,Calle Azogues,CON_LESIONADOS,Volcamiento,Visibilidad reducida,37,LESIONADO,NO_REGISTRA,CICLISTA,,,,,,,,
2023-07-23 17:58:38,-4.000669,-79.176812,Calle Colon,SOLO_DANOS,Volcamiento,Mal estado de la via,,,,,,,,,,,,
2023-11-22 09:33:36,-4.027224,-79.210559,Av. Cuxibamba,CON_LESIONADOS,Atropellamiento,Distraccion (celular/radio),44,LESIONADO,HOMBRE,MOTOCICLETA,27,LESIONADO,MUJER,VEH_LIVIANO,62,LESIONADO,HOMBRE,CICLISTA
2023-05-18 03:10:32,-4.035530,-79.202248,Via Loja - Zamora,CON_FALLECIDOS,Volcamiento,Equipo de seguridad deficiente,55,FALLECIDO,HOMBRE,CICLISTA,23,FALLECIDO,NO_REGISTRA,OTRO,,,,
2023-01-09 07:34:35,-3.983011,-79.228962,Av. Isidro Ayora,CON_FALLECIDOS,Accidente Laboral,Inobservancia de senales,59,FALLECIDO,NO_REGISTRA,VEH_LIVIANO,70,LESIONADO,MUJER,CICLISTA,56,LESIONADO,NO_REGISTRA,CICLISTA
2023-03-10 20:58:49,-3.988382,-79.182214,Av. Pio Jaramillo,CON_FALLECIDOS,Volcamiento,Falla mecanica,20,FALLECIDO,HOMBRE,PEATON,17,LESIONADO,HOMBRE,CICLISTA,67,LESIONADO,HOMBRE,MOTOCICLETA
2023-12-06 11:10:07,-4.026981,-79.178801,Calle Ramon Borrero,CON_LESIONADOS,Volcamiento,Imprudencia del conductor,70,LESIONADO,MUJER,SCOOTER,80,LESIONADO,NO_REGISTRA,PEATON,,,,
2023-07-13 10:38:56,-3.979305,-79.196908,Av. Reinaldo Espinosa,CON_LESIONADOS,Incendio,Via resbaladiza o mojada,76,LESIONADO,MUJER,SCOOTER,,,,,,,,
2023-01-14 01:32:51,-4.008056,-79.187536,Calle Imbabura,CON_LESIONADOS,Caida,Exceso de velocidad,37,LESIONADO,NO_REGISTRA,MOTOCICLETA,,,,,,,,
2023-06-29 08:42:32,-4.003449,-79.190988,Calle Bolivar,SOLO_DANOS,Colision Multiple,Falla mecanica,,,,,,,,,,,,
2023-07-21 07:31:43,-4.009376,-79.223426,Via Loja - Catamayo,CON_FALLECIDOS,Accidente Laboral,Fatiga del conductor,53,FALLECIDO,HOMBRE,PEATON,,,,,,,,
2023-05-08 01:05:19,-4.014233,-79.171478,Av. Orillas del Zamora,CON_LESIONADOS,Caida,Estado de embriaguez,16,LESIONADO,HOMBRE,OTRO,31,LESIONADO,MUJER,VEH_LIVIANO,69,LESIONADO,NO_REGISTRA,CICLISTA
2023-02-05 18:16:05,-4.034597,-79.223393,Calle Azogues,CON_FALLECIDOS,Volcamiento,Inobservancia de senales,82,FALLECIDO,HOMBRE,CICLISTA,43,LESIONADO,MUJER,CICLISTA,,,,
2023-02-21 11:52:25,-3.980622,-79.202162,Ruta 35,CON_LESIONADOS,Choque Vehicular,Distraccion (celular/radio),8,LESIONADO,HOMBRE,PEATON,27,LESIONADO,HOMBRE,SCOOTER,53,LESIONADO,HOMBRE,PEATON
2023-12-20 22:59:36,-3.997590,-79.188094,Av. Manuel Agustin Aguirre,SOLO_DANOS,Choque Vehicular,Imprudencia del conductor,,,,,,,,,,,,
2023-10-01 03:29:36,-3.980802,-79.196756,Av. Rosa Hermosa,CON_FALLECIDOS,Incendio,Visibilidad reducida,29,FALLECIDO,MUJER,CICLISTA,82,FALLECIDO,NO_REGISTRA,CICLISTA,,,,
2023-12-27 00:24:02,-4.035999,-79.212381,Calle Quito,SOLO_DANOS,Accidente Laboral,Falla mecanica,,,,,,,,,,,,
2023-07-24 10:56:11,-4.014985,-79.224837,Av. Pio Jaramillo,SOLO_DANOS,Atropellamiento,Distraccion (celular/radio),,,,,,,,,,,,
2023-10-05 04:24:57,-4.017467,-79.215746,Calle Miguel Riofrio,SOLO_DANOS,Choque Vehicular,Estado de embriaguez,,,,,,,,,,,,
2023-05-07 17:52:10,-4.029810,-79.206038,Calle Azogues,CON_FALLECIDOS,Caida,Fatiga del conductor,61,FALLECIDO,NO_REGISTRA,MOTOCICLETA,30,LESIONADO,NO_REGISTRA,VEH_LIVIANO,48,LESIONADO,HOMBRE,MOTOCICLETA
2023-01-04 00:04:09,-4.005833,-79.223490,Av. Isidro Ayora,CON_FALLECIDOS,Incendio,Estado de embriaguez,38,FALLECIDO,NO_REGISTRA,VEH_LIVIANO,51,FALLECIDO,NO_REGISTRA,SCOOTER,21,LESIONADO,NO_REGISTRA,CICLISTA
2023-08-02 18:25:06,-4.017538,-79.219046,Calle 10 de Agosto,SOLO_DANOS,Volcamiento,Equipo de seguridad deficiente,,,,,,,,,,,,
2023-09-21 19:05:08,-3.993232,-79.212826,Via Loja - Zamora,SOLO_DANOS,Colision Multiple,Imprudencia del conductor,,,,,,,,,,,,
2023-10-14 16:17:14,-4.009018,-79.226241,Via Loja - Zamora,SOLO_DANOS,Atropellamiento,Via resbaladiza o mojada,,,,,,,,,,,,
2023-10-13 15:41:26,-4.001721,-79.183197,Av. Universitaria,SOLO_DANOS,Volcamiento,Visibilidad reducida,,,,,,,,,,,,
2023-01-28 20:39:58,-4.025041,-79.191679,Av. 8 de Diciembre,CON_LESIONADOS,Colision Multiple,Fatiga del conductor,50,LESIONADO,NO_REGISTRA,OTRO,19,LESIONADO,HOMBRE,VEH_LIVIANO,,,,
2023-07-28 19:32:12,-3.995752,-79.189671,Calle Bolivar,CON_LESIONADOS,Accidente Laboral,Inobservancia de senales,52,LESIONADO,MUJER,CICLISTA,16,LESIONADO,HOMBRE,OTRO,,,,
2023-05-02 12:36:10,-4.024750,-79.223520,Calle Miguel Riofrio,CON_FALLECIDOS,Caida,Falla mecanica,63,FALLECIDO,MUJER,MOTOCICLETA,30,FALLECIDO,NO_REGISTRA,MOTOCICLETA,,,,
2023-02-17 14:14:00,-4.011766,-79.226439,Av. 8 de Diciembre,SOLO_DANOS,Caida,Imprudencia del conductor,,,,,,,,,,,,
2023-05-08 01:47:30,-4.026571,-79.218948,Calle Sucre,CON_FALLECIDOS,Colision Multiple,Exceso de velocidad,48,FALLECIDO,HOMBRE,CICLISTA,64,FALLECIDO,MUJER,VEH_LIVIANO,,,,
2023-12-29 20:39:36,-4.012151,-79.175768,Calle Montufar,SOLO_DANOS,Accidente Laboral,Estado de embriaguez,,,,,,,,,,,,
2023-01-30 01:36:49,-3.997320,-79.198861,Calle Imbabura,SOLO_DANOS,Atropellamiento,Visibilidad reducida,,,,,,,,,,,,
2023-03-29 15:51:05,-3.996052,-79.203106,Calle Imbabura,SOLO_DANOS,Incendio,Fatiga del conductor,,,,,,,,,,,,
2023-08-23 18:29:05,-3.993861,-79.176648,Calle Saraguro,CON_LESIONADOS,Choque Vehicular,Mal estado de la via,79,LESIONADO,NO_REGISTRA,PEATON,52,LESIONADO,MUJER,OTRO,,,,
2023-11-03 17:10:16,-4.016398,-79.225726,Av. Manuel Agustin Aguirre,CON_LESIONADOS,Volcamiento,Estado de embriaguez,79,LESIONADO,NO_REGISTRA,SCOOTER,28,LESIONADO,NO_REGISTRA,MOTOCICLETA,30,LESIONADO,MUJER,MOTOCICLETA
2023-05-27 19:18:53,-3.983025,-79.181309,Calle Montufar,CON_LESIONADOS,Atropellamiento,Estado de embriaguez,28,LESIONADO,MUJER,CICLISTA,,,,,,,,
2023-01-17 16:50:53,-4.005952,-79.179887,Av. Cuxibamba,CON_LESIONADOS,Choque Vehicular,Inobservancia de senales,32,LESIONADO,MUJER,OTRO,,,,,,,,
2023-12-07 15:31:33,-4.016400,-79.225125,Calle Rocafuerte,CON_FALLECIDOS,Choque Vehicular,Distraccion (celular/radio),71,FALLECIDO,NO_REGISTRA,CICLISTA,67,LESIONADO,HOMBRE,VEH_LIVIANO,,,,
2023-06-05 21:47:12,-4.024154,-79.188379,Av. Universitaria,CON_LESIONADOS,Incendio,Via resbaladiza o mojada,18,LESIONADO,NO_REGISTRA,VEH_LIVIANO,34,LESIONADO,MUJER,SCOOTER,,,,
2023-12-03 12:05:54,-3.995428,-79.192757,Calle Bolivar,CON_FALLECIDOS,Accidente Laboral,Fatiga del conductor,18,FALLECIDO,MUJER,MOTOCICLETA,20,FALLECIDO,HOMBRE,MOTOCICLETA,,,,
2023-10-30 19:41:56,-4.002219,-79.215430,Calle Ramon Borrero,SOLO_DANOS,Colision Multiple,Factores externos,,,,,,,,,,,,
2023-06-10 01:02:14,-4.010008,-79.200429,Calle Azogues,SOLO_DANOS,Volcamiento,Inobservancia de senales,,,,,,,,,,,,
2023-04-19 12:21:07,-4.030648,-79.208383,Calle Azogues,CON_LESIONADOS,Colision Multiple,Visibilidad reducida,75,LESIONADO,MUJER,OTRO,,,,,,,,
2023-10-31 09:22:21,-4.001548,-79.213263,Via Loja - Zamora,CON_LESIONADOS,Caida,Via resbaladiza o mojada,80,LESIONADO,NO_REGISTRA,OTRO,12,LESIONADO,HOMBRE,CICLISTA,17,LESIONADO,MUJER,CICLISTA
2023-09-11 14:11:24,-4.012827,-79.210546,Av. Metropolitana,CON_FALLECIDOS,Accidente Laboral,Fatiga del conductor,83,FALLECIDO,NO_REGISTRA,MOTOCICLETA,48,LESIONADO,NO_REGISTRA,OTRO,40,LESIONADO,MUJER,VEH_LIVIANO
2023-09-18 19:43:49,-4.028638,-79.203182,Av. Isidro Ayora,CON_FALLECIDOS,Incendio,Estado de embriaguez,81,FALLECIDO,NO_REGISTRA,OTRO,65,LESIONADO,HOMBRE,OTRO,,,,
2023-12-06 11:34:19,-4.029394,-79.208410,Calle Montufar,CON_LESIONADOS,Choque Vehicular,Mal estado de la via,42,LESIONADO,NO_REGISTRA,OTRO,16,LESIONADO,MUJER,PEATON,,,,
2023-09-08 16:56:31,-3.983497,-79.222136,Calle Ramon Borrero,SOLO_DANOS,Incendio,Mal estado de la via,,,,,,,,,,,,
2023-09-26 20:33:36,-3.993151,-79.206459,Av. Reinaldo Espinosa,CON_LESIONADOS,Caida,Mal estado de la via,38,LESIONADO,NO_REGISTRA,CICLISTA,49,LESIONADO,MUJER,PEATON,,,,
2023-01-01 08:00:41,-4.019144,-79.180520,Calle Azogues,CON_LESIONADOS,Atropellamiento,Equipo de seguridad deficiente,78,LESIONADO,MUJER,CICLISTA,10,LESIONADO,NO_REGISTRA,CICLISTA,9,LESIONADO,HOMBRE,VEH_LIVIANO
2023-08-02 23:49:47,-3.990142,-79.183016,Av. Universitaria,CON_LESIONADOS,Atropellamiento,Via resbaladiza o mojada,27,LESIONADO,NO_REGISTRA,CICLISTA,,,,,,,,
2023-06-26 18:48:59,-3.990515,-79.223529,Av. Orillas del Zamora,CON_LESIONADOS,Incendio,Mal estado de la via,31,LESIONADO,NO_REGISTRA,CICLISTA,51,LESIONADO,HOMBRE,CICLISTA,36,LESIONADO,MUJER,CICLISTA
2023-08-13 13:55:23,-4.010933,-79.174186,Calle Miguel Riofrio,CON_LESIONADOS,Atropellamiento,Factores externos,76,LESIONADO,HOMBRE,OTRO,,,,,,,,
2023-06-27 10:54:27,-4.007493,-79.194823,Av. Universitaria,CON_FALLECIDOS,Caida,Visibilidad reducida,46,FALLECIDO,HOMBRE,SCOOTER,25,FALLECIDO,MUJER,CICLISTA,,,,
2023-10-26 07:06:35,-4.016720,-79.177594,Av. Isidro Ayora,CON_LESIONADOS,Caida,Factores externos,27,LESIONADO,HOMBRE,VEH_LIVIANO,48,LESIONADO,NO_REGISTRA,CICLISTA,32,LESIONADO,NO_REGISTRA,VEH_LIVIANO
2023-08-25 15:09:00,-4.035297,-79.177717,Av. Cuxibamba,SOLO_DANOS,Atropellamiento,Estado de embriaguez,,,,,,,,,,,,
2023-11-06 23:35:18,-4.014167,-79.225941,Via Loja - Zamora,CON_FALLECIDOS,Colision Multiple,Distraccion (celular/radio),47,FALLECIDO,HOMBRE,MOTOCICLETA,23,FALLECIDO,HOMBRE,SCOOTER,76,LESIONADO,MUJER,SCOOTER
2023-06-27 00:31:10,-4.027132,-79.178047,Ruta 35,CON_LESIONADOS,Incendio,Estado de embriaguez,66,LESIONADO,HOMBRE,VEH_LIVIANO,42,LESIONADO,MUJER,VEH_LIVIANO,60,LESIONADO,HOMBRE,VEH_LIVIANO
2023-11-10 06:08:30,-4.020144,-79.227458,Via Loja - Catamayo,CON_FALLECIDOS,Atropellamiento,Visibilidad reducida,27,FALLECIDO,NO_REGISTRA,SCOOTER,48,LESIONADO,NO_REGISTRA,CICLISTA,,,,
2023-01-14 21:17:02,-4.026003,-79.185456,Calle Imbabura,CON_FALLECIDOS,Atropellamiento,Factores externos,22,FALLECIDO,HOMBRE,CICLISTA,,,,,,,,
2023-05-26 12:02:33,-3.994782,-79.179299,Av. Rosa Hermosa,SOLO_DANOS,Caida,Visibilidad reducida,,,,,,,,,,,,
2023-08-07 12:28:33,-4.009435,-79.183595,Av. Gran Colombia,CON_FALLECIDOS,Choque Vehicular,Fatiga del conductor,25,FALLECIDO,HOMBRE,VEH_LIVIANO,,,,,,,,
2023-08-07 12:55:54,-3.982628,-79.215478,Calle Bolivar,SOLO_DANOS,Choque Vehicular,Imprudencia del conductor,71,LESIONADO,MUJER,SCOOTER,,,,,,,,
2023-01-09 12:09:47,-4.002653,-79.217662,Calle Quito,CON_FALLECIDOS,Volcamiento,Exceso de velocidad,79,FALLECIDO,MUJER,CICLISTA,,,,,,,,
2023-10-15 12:19:21,-4.008425,-79.182822,Av. Gran Colombia,SOLO_DANOS,Atropellamiento,Factores externos,,,,,,,,,,,,
2023-01-17 23:25:54,-4.023950,-79.209183,Av. Reinaldo Espinosa,CON_LESIONADOS,Colision Multiple,Distraccion (celular/radio),51,LESIONADO,HOMBRE,OTRO,55,LESIONADO,HOMBRE,PEATON,,,,
2023-04-24 14:31:15,-3.989597,-79.206689,Av. Metropolitana,CON_LESIONADOS,Colision Multiple,Fatiga del conductor,67,LESIONADO,NO_REGISTRA,MOTOCICLETA,,,,,,,,
2023-12-03 15:03:28,-4.010355,-79.176731,Calle Montufar,CON_FALLECIDOS,Colision Multiple,Exceso de velocidad,34,FALLECIDO,HOMBRE,MOTOCICLETA,45,FALLECIDO,NO_REGISTRA,SCOOTER,,,,