fecha_hora,latitud,longitud,via,grado_severidad,tipo_siniestro,causa_probable,victima1_edad,victima1_condicion,victima1_sexo,victima1_actor_vial,victima2_edad,victima2_condicion,victima2_sexo,victima2_actor_vial,victima3_edad,victima3_condicion,victima3_sexo,victima3_actor_vial
2023-08-11 08:33:02,-4.012346,-79.198546,Av. Rosa Hermosa,CON_FALLECIDOS,Incendio,Visibilidad reducida,78,FALLECIDO,HOMBRE,MOTOCICLETA,84,FALLECIDO,MUJER,SCOOTER,41,LESIONADO,NO_REGISTRA,MOTOCICLETA
2023-10-28 00:33:20,-3.991799,-79.190097,Calle 18 de Noviembre,CON_FALLECIDOS,Incendio,Visibilidad reducida,24,FALLECIDO,NO_REGISTRA,VEH_LIVIANO,64,LESIONADO,NO_REGISTRA,OTRO,,,,
2023-01-01 17:03:40,-4.011850,-79.223723,Ruta 35,SOLO_DANOS,Volcamiento,Estado de embriaguez,,,,,,,,,,,,
2023-08-22 23:56:43,-4.026972,-79.187506,Av. Metropolitana,CON_LESIONADOS,Atropellamiento,Factores externos,10,LESIONADO,NO_REGISTRA,SCOOTER,64,LESIONADO,MUJER,SCOOTER,75,LESIONADO,HOMBRE,OTRO
2023-03-09 11:01:05,-3.980029,-79.197013,Calle Saraguro,SOLO_DANOS,Incendio,Imprudencia del conductor,,,,,,,,,,,,
2023-12-27 21:06:25,-3.997123,-79.222386,Calle Quito,SOLO_DANOS,Accidente Laboral,Visibilidad reducida,,,,,,,,,,,,
2023-08-21 23:29:23,-4.013493,-79.184799,Calle Mercadillo,CON_FALLECIDOS,Volcamiento,Estado de embriaguez,45,FALLECIDO,MUJER,OTRO,46,LESIONADO,NO_REGISTRA,SCOOTER,12,LESIONADO,MUJER,CICLISTA
2023-07-06 21:49:56,-4.024113,-79.218318,Av. Pio Jaramillo,SOLO_DANOS,Accidente Laboral,Factores externos,,,,,,,,,,,,
2023-02-20 21:18:02,-3.992221,-79.174078,Av. Orillas del Zamora,CON_FALLECIDOS,Accidente Laboral,Inobservancia de senales,69,FALLECIDO,NO_REGISTRA,OTRO,71,LESIONADO,NO_REGISTRA,MOTOCICLETA,,,,
2023-06-30 19:57:40,-3.988122,-79.185735,Av. Rosa Hermosa,CON_FALLECIDOS,Volcamiento,Imprudencia del conductor,80,FALLECIDO,HOMBRE,MOTOCICLETA,41,FALLECIDO,MUJER,CICLISTA,42,LESIONADO,NO_REGISTRA,SCOOTER
2023-01-22 10:34:28,-4.004784,-79.197078,Av. Cuxibamba,CON_FALLECIDOS,Choque Vehicular,Estado de embriaguez,23,FALLECIDO,HOMBRE,SCOOTER,44,LESIONADO,NO_REGISTRA,SCOOTER,,,,
2023-03-19 06:03:43,-4.003646,-79.220409,Av. Pio Jaramillo,SOLO_DANOS,Volcamiento,Mal estado de la via,,,,,,,,,,,,
2023-11-02 12:28:21,-4.006515,-79.192528,Calle Montufar,SOLO_DANOS,Choque Vehicular,Factores externos,,,,,,,,,,,,
2023-03-20 14:06:15,-3.996324,-79.224475,Av. Manuel Agustin Aguirre,CON_FALLECIDOS,Caida,Estado de embriaguez,45,FALLECIDO,NO_REGISTRA,CICLISTA,82,FALLECIDO,NO_REGISTRA,PEATON,36,LESIONADO,HOMBRE,OTRO
2023-04-18 15:47:37,-4.022335,-79.198276,Av. Pio Jaramillo,CON_FALLECIDOS,Caida,Inobservancia de senales,54,FALLECIDO,HOMBRE,VEH_LIVIANO,71,FALLECIDO,HOMBRE,OTRO,40,LESIONADO,MUJER,MOTOCICLETA
2023-11-01 21:54:43,-4.016777,-79.221682,Av. Gran Colombia,SOLO_DANOS,Incendio,Fatiga del conductor,,,,,,,,,,,,
2023-07-21 12:42:12,-3.987668,-79.192597,Calle 18 de Noviembre,CON_LESIONADOS,Caida,Via resbaladiza o mojada,70,LESIONADO,HOMBRE,VEH_LIVIANO,62,LESIONADO,HOMBRE,MOTOCICLETA,,,,
2023-06-23 20:03:31,-4.006893,-79.201883,Calle Quito,CON_LESIONADOS,Incendio,Mal estado de la via,37,LESIONADO,HOMBRE,MOTOCICLETA,36,LESIONADO,MUJER,PEATON,60,LESIONADO,HOMBRE,MOTOCICLETA
2023-11-07 12:08:15,-3.978356,-79.197212,Av. Isidro Ayora,CON_FALLECIDOS,Volcamiento,Imprudencia del conductor,69,FALLECIDO,MUJER,VEH_LIVIANO,41,FALLECIDO,MUJER,VEH_LIVIANO,6,LESIONADO,MUJER,PEATON
2023-12-17 15:06:44,-4.003352,-79.206046,Calle Bolivar,CON_FALLECIDOS,Caida,Exceso de velocidad,51,FALLECIDO,MUJER,OTRO,51,LESIONADO,MUJER,MOTOCICLETA,,,,
2023-10-25 12:45:09,-3.991915,-79.189307,Av. Gran Colombia,SOLO_DANOS,Choque Vehicular,Estado de embriaguez,,,,,,,,,,,,
2023-04-05 22:23:42,-4.035270,-79.228757,Calle Quito,SOLO_DANOS,Atropellamiento,Imprudencia del conductor,,,,,,,,,,,,
2023-08-20 01:38:46,-3.986799,-79.187930,Calle Imbabura,CON_LESIONADOS,Caida,Fatiga del conductor,71,LESIONADO,HOMBRE,CICLISTA,72,LESIONADO,HOMBRE,SCOOTER,,,,
2023-01-05 00:31:13,-3.982144,-79.192916,Calle Azogues,CON_LESIONADOS,Incendio,Exceso de velocidad,20,LESIONADO,HOMBRE,VEH_LIVIANO,7,LESIONADO,MUJER,CICLISTA,19,LESIONADO,MUJER,CICLISTA
2023-11-04 19:48:49,-4.011260,-79.227371,Ruta 35,CON_FALLECIDOS,Atropellamiento,Inobservancia de senales,35,FALLECIDO,NO_REGISTRA,CICLISTA,26,FALLECIDO,NO_REGISTRA,CICLISTA,,,,
2023-05-06 04:42:45,-4.001495,-79.184556,Av. Manuel Agustin Aguirre,CON_FALLECIDOS,Accidente Laboral,Factores externos,58,FALLECIDO,HOMBRE,SCOOTER,62,FALLECIDO,HOMBRE,MOTOCICLETA,80,LESIONADO,HOMBRE,MOTOCICLETA
2023-04-07 21:15:02,-4.026848,-79.214085,Av. Gran Colombia,CON_FALLECIDOS,Accidente Laboral,Via resbaladiza o mojada,48,FALLECIDO,NO_REGISTRA,OTRO,21,FALLECIDO,MUJER,OTRO,33,LESIONADO,HOMBRE,OTRO
2023-07-07 13:19:46,-3.996649,-79.189413,Av. 8 de Diciembre,CON_FALLECIDOS,Choque Vehicular,Inobservancia de senales,67,FALLECIDO,HOMBRE,VEH_LIVIANO,27,LESIONADO,HOMBRE,SCOOTER,,,,
2023-04-14 22:55:42,-4.015981,-79.180524,Av. Gran Colombia,CON_LESIONADOS,Incendio,Inobservancia de senales,73,LESIONADO,HOMBRE,SCOOTER,7,LESIONADO,MUJER,PEATON,,,,
2023-10-09 17:28:42,-4.035759,-79.220498,Av. Universitaria,SOLO_DANOS,Colision Multiple,Falla mecanica,,,,,,,,,,,,
2023-12-17 02:00:57,-4.000184,-79.171522,Calle 18 de Noviembre,SOLO_DANOS,Colision Multiple,Imprudencia del conductor,,,,,,,,,,,,
2023-08-13 22:38:34,-4.032175,-79.185521,Calle Montufar,CON_LESIONADOS,Accidente Laboral,Mal estado de la via,10,LESIONADO,HOMBRE,MOTOCICLETA,,,,,,,,
2023-05-31 17:29:58,-4.022177,-79.173104,Calle Quito,CON_LESIONADOS,Colision Multiple,Factores externos,67,LESIONADO,HOMBRE,CICLISTA,43,LESIONADO,NO_REGISTRA,VEH_LIVIANO,,,,
2023-12-03 22:46:38,-4.006597,-79.181933,Av. Isidro Ayora,SOLO_DANOS,Caida,Distraccion (celular/radio),,,,,,,,,,,,
2023-11-17 07:13:25,-3.994310,-79.211485,Av. Pio Jaramillo,CON_LESIONADOS,Accidente Laboral,Factores externos,60,LESIONADO,NO_REGISTRA,SCOOTER,69,LESIONADO,MUJER,OTRO,,,,
2023-11-18 04:35:41,-4.006926,-79.180598,Av. Metropolitana,SOLO_DANOS,Choque Vehicular,Visibilidad reducida,,,,,,,,,,,,
2023-03-25 14:09:39,-3.987281,-79.197793,Av. Reinaldo Espinosa,CON_LESIONADOS,Caida,Mal estado de la via,14,LESIONADO,MUJER,CICLISTA,66,LESIONADO,MUJER,SCOOTER,,,,
2023-01-21 15:06:40,-3.983084,-79.188018,Via Loja - Catamayo,SOLO_DANOS,Incendio,Visibilidad reducida,,,,,,,,,,,,
2023-02-22 22:58:36,-4.000937,-79.206246,Calle Saraguro,CON_LESIONADOS,Volcamiento,Equipo de seguridad deficiente,15,LESIONADO,MUJER,PEATON,25,LESIONADO,MUJER,OTRO,,,,
2023-08-18 00:06:25,-4.028343,-79.214015,Ruta 35,SOLO_DANOS,Atropellamiento,Inobservancia de senales,,,,,,,,,,,,
2023-03-15 16:01:21,-4.005701,-79.209499,Calle Montufar,SOLO_DANOS,Atropellamiento,Via resbaladiza o mojada,,,,,,,,,,,,
2023-02-25 04:28:49,-3.985620,-79.206288,Av. Universitaria,CON_LESIONADOS,Atropellamiento,Imprudencia del conductor,59,LESIONADO,MUJER,VEH_LIVIANO,,,,,,,,
2023-02-16 17:32:56,-4.031376,-79.179540,Calle Montufar,CON_FALLECIDOS,Incendio,Imprudencia del conductor,83,FALLECIDO,HOMBRE,VEH_LIVIANO,,,,,,,,
2023-03-15 01:24:51,-4.009306,-79.192381,Via Loja - Catamayo,CON_FALLECIDOS,Colision Multiple,Distraccion (celular/radio),76,FALLECIDO,MUJER,PEATON,44,FALLECIDO,HOMBRE,MOTOCICLETA,57,LESIONADO,NO_REGISTRA,OTRO
2023-01-19 07:08:48,-3.978551,-79.191606,Calle Rocafuerte,SOLO_DANOS,Incendio,Falla mecanica,,,,,,,,,,,,
2023-06-05 02:28:25,-3.985719,-79.209861,Av. Metropolitana,SOLO_DANOS,Choque Vehicular,Via resbaladiza o mojada,,,,,,,,,,,,
2023-11-18 01:34:43,-4.026363,-79.172381,Calle Miguel Riofrio,CON_LESIONADOS,Incendio,Equipo de seguridad deficiente,47,LESIONADO,HOMBRE,OTRO,54,LESIONADO,NO_REGISTRA,CICLISTA,,,,
2023-12-04 06:19:39,-3.987842,-79.178167,Av. Gran Colombia,SOLO_DANOS,Incendio,Imprudencia del conductor,,,,,,,,,,,,
2023-03-20 10:14:02,-3.999231,-79.223493,Av. Metropolitana,SOLO_DANOS,Incendio,Estado de embriaguez,,,,,,,,,,,,
2023-11-29 18:01:59,-4.010868,-79.213813,Calle Azogues,SOLO_DANOS,Atropellamiento,Via resbaladiza o mojada,,,,,,,,,,,,
2023-05-11 22:12:06,-4.001079,-79.189279,Av. 8 de Diciembre,SOLO_DANOS,Colision Multiple,Inobservancia de senales,,,,,,,,,,,,
2023-08-25 08:03:48,-4.016847,-79.226915,Calle 18 de Noviembre,SOLO_DANOS,Incendio,Falla mecanica,,,,,,,,,,,,
2023-11-13 16:47:24,-4.023301,-79.172605,Av. Reinaldo Espinosa,CON_FALLECIDOS,Colision Multiple,Exceso de velocidad,37,FALLECIDO,NO_REGISTRA,SCOOTER,46,LESIONADO,MUJER,MOTOCICLETA,,,,
2023-04-30 23:06:43,-4.019416,-79.226633,Calle Colon,CON_FALLECIDOS,Volcamiento,Factores externos,41,FALLECIDO,MUJER,PEATON,22,LESIONADO,NO_REGISTRA,MOTOCICLETA,43,LESIONADO,MUJER,OTRO
2023-12-16 11:27:23,-4.000686,-79.171856,Calle Miguel Riofrio,SOLO_DANOS,Caida,Equipo de seguridad deficiente,,,,,,,,,,,,
2023-09-23 02:40:05,-4.002228,-79.195009,Calle Montufar,SOLO_DANOS,Choque Vehicular,Imprudencia del conductor,51,LESIONADO,MUJER,OTRO,,,,,,,,
2023-08-29 13:35:33,-4.027241,-79.200124,Av. Orillas del Zamora,CON_LESIONADOS,Caida,Distraccion (celular/radio),62,LESIONADO,MUJER,VEH_LIVIANO,,,,,,,,
2023-03-23 09:55:07,-4.025536,-79.200392,Calle Saraguro,CON_LESIONADOS,Accidente Laboral,Distraccion (celular/radio),32,LESIONADO,HOMBRE,OTRO,13,LESIONADO,HOMBRE,MOTOCICLETA,,,,
2023-08-13 08:59:38,-4.018603,-79.206856,Av. Universitaria,SOLO_DANOS,Colision Multiple,Exceso de velocidad,,,,,,,,,,,,
2023-05-28 15:14:27,-3.994081,-79.214306,Av. Reinaldo Espinosa,CON_LESIONADOS,Colision Multiple,Inobservancia de senales,45,LESIONADO,MUJER,SCOOTER,56,LESIONADO,NO_REGISTRA,PEATON,25,LESIONADO,HOMBRE,OTRO
2023-03-19 12:38:38,-4.004560,-79.177914,Av. Manuel Agustin Aguirre,SOLO_DANOS,Volcamiento,Distraccion (celular/radio),,,,,,,,,,,,
2023-02-06 06:27:50,-4.019718,-79.189209,Calle Quito,CON_FALLECIDOS,Atropellamiento,Estado de embriaguez,30,FALLECIDO,HOMBRE,OTRO,85,FALLECIDO,HOMBRE,VEH_LIVIANO,,,,
2023-02-16 16:30:35,-4.027284,-79.204570,Av. Universitaria,CON_LESIONADOS,Volcamiento,Fatiga del conductor,69,LESIONADO,MUJER,CICLISTA,65,LESIONADO,MUJER,OTRO,,,,
2023-09-23 04:05:10,-3.996024,-79.207587,Calle Mercadillo,CON_FALLECIDOS,Atropellamiento,Exceso de velocidad,23,FALLECIDO,HOMBRE,OTRO,30,FALLECIDO,NO_REGISTRA,PEATON,,,,
2023-02-12 09:21:26,-3.977916,-79.215396,Calle Montufar,SOLO_DANOS,Accidente Laboral,Fatiga del conductor,,,,,,,,,,,,
2023-07-01 05:56:01,-3.978078,-79.175184,Av. Manuel Agustin Aguirre,CON_LESIONADOS,Volcamiento,Exceso de velocidad,65,LESIONADO,NO_REGISTRA,OTRO,16,LESIONADO,MUJER,MOTOCICLETA,,,,
2023-12-14 04:11:38,-4.013285,-79.171208,Calle Sucre,CON_LESIONADOS,Incendio,Visibilidad reducida,63,LESIONADO,NO_REGISTRA,PEATON,,,,,,,,
2023-05-03 17:09:54,-3.979973,-79.228830,Calle Imbabura,CON_LESIONADOS,Choque Vehicular,Falla mecanica,19,LESIONADO,MUJER,SCOOTER,47,LESIONADO,HOMBRE,VEH_LIVIANO,26,LESIONADO,NO_REGISTRA,VEH_LIVIANO
2023-01-16 14:42:43,-3.988842,-79.175593,Av. Reinaldo Espinosa,SOLO_DANOS,Volcamiento,Via resbaladiza o mojada,,,,,,,,,,,,
2023-05-10 08:26:28,-4.032256,-79.194275,Av. Universitaria,CON_LESIONADOS,Colision Multiple,Fatiga del conductor,22,LESIONADO,NO_REGISTRA,SCOOTER,,,,,,,,
2023-10-08 08:08:14,-4.008519,-79.203235,Calle Mercadillo,CON_FALLECIDOS,Accidente Laboral,Visibilidad reducida,25,FALLECIDO,MUJER,SCOOTER,39,FALLECIDO,NO_REGISTRA,VEH_LIVIANO,36,LESIONADO,HOMBRE,VEH_LIVIANO
2023-07-26 01:50:38,-3.998909,-79.181304,Av. Reinaldo Espinosa,CON_FALLECIDOS,Incendio,Imprudencia del conductor,73,FALLECIDO,MUJER,MOTOCICLETA,20,LESIONADO,NO_REGISTRA,PEATON,,,,
2023-02-15 22:51:01,-3.978222,-79.203143,Calle Rocafuerte,CON_LESIONADOS,Caida,Estado de embriaguez,22,LESIONADO,MUJER,PEATON,23,LESIONADO,HOMBRE,MOTOCICLETA,8,LESIONADO,HOMBRE,OTRO
2023-01-18 14:39:26,-4.030130,-79.175996,Calle 10 de Agosto,SOLO_DANOS,Atropellamiento,Fatiga del conductor,,,,,,,,,,,,
2023-06-24 08:54:11,-4.017775,-79.182953,Calle Quito,SOLO_DANOS,Volcamiento,Exceso de velocidad,,,,,,,,,,,,
2023-06-28 23:01:40,-3.987045,-79.175798,Av. Reinaldo Espinosa,CON_FALLECIDOS,Colision Multiple,Fatiga del conductor,84,FALLECIDO,HOMBRE,MOTOCICLETA,42,FALLECIDO,NO_REGISTRA,CICLISTA,,,,
2023-09-17 22:04:43,-3.999136,-79.218624,Calle Mercadillo,CON_FALLECIDOS,Volcamiento,Via resbaladiza o mojada,72,FALLECIDO,MUJER,OTRO,17,LESIONADO,MUJER,OTRO,,,,
2023-03-05 08:30:36,-3.983262,-79.220473,Calle Mercadillo,CON_LESIONADOS,Atropellamiento,Falla mecanica,44,LESIONADO,NO_REGISTRA,MOTOCICLETA,14,LESIONADO,NO_REGISTRA,VEH_LIVIANO,,,,
2023-04-27 19:48:45,-4.009602,-79.185649,Av. Reinaldo Espinosa,CON_LESIONADOS,Choque Vehicular,Falla mecanica,8,LESIONADO,HOMBRE,MOTOCICLETA,62,LESIONADO,MUJER,OTRO,,,,
2023-05-02 21:02:42,-4.015267,-79.174148,Calle Colon,SOLO_DANOS,Caida,Via resbaladiza o mojada,,,,,,,,,,,,
2023-05-15 18:13:20,-3.982648,-79.193584,Calle Colon,CON_FALLECIDOS,Caida,Factores externos,21,FALLECIDO,HOMBRE,SCOOTER,30,FALLECIDO,MUJER,PEATON,,,,
2023-09-19 16:19:17,-4.029719,-79.218027,Av. Rosa Hermosa,SOLO_DANOS,Choque Vehicular,Visibilidad reducida,,,,,,,,,,,,
2023-12-06 23:47:58,-4.012531,-79.184963,Av. Isidro Ayora,CON_FALLECIDOS,Accidente Laboral,Estado de embriaguez,38,FALLECIDO,MUJER,MOTOCICLETA,21,LESIONADO,MUJER,OTRO,31,LESIONADO,NO_REGISTRA,MOTOCICLETA
2023-08-18 14:22:16,-4.027116,-79.224912,Calle 18 de Noviembre,CON_LESIONADOS,Accidente Laboral,Visibilidad reducida,54,LESIONADO,NO_REGISTRA,SCOOTER,36,LESIONADO,MUJER,OTRO,52,LESIONADO,HOMBRE,CICLISTA
2023-01-30 20:39:52,-4.033720,-79.177166,Calle Azogues,CON_FALLECIDOS,Choque Vehicular,Distraccion (celular/radio),74,FALLECIDO,MUJER,MOTOCICLETA,72,FALLECIDO,HOMBRE,PEATON,69,LESIONADO,MUJER,SCOOTER
2023-06-27 02:02:18,-3.997386,-79.190843,Av. Cuxibamba,SOLO_DANOS,Incendio,Distraccion (celular/radio),,,,,,,,,,,,
2023-07-20 16:04:38,-4.007849,-79.200375,Calle Quito,CON_FALLECIDOS,Choque Vehicular,Equipo de seguridad deficiente,28,FALLECIDO,HOMBRE,MOTOCICLETA,69,FALLECIDO,MUJER,MOTOCICLETA,35,LESIONADO,NO_REGISTRA,CICLISTA
2023-03-01 20:56:24,-4.015203,-79.226891,Calle Bolivar,CON_LESIONADOS,Atropellamiento,Inobservancia de senales,40,LESIONADO,MUJER,PEATON,16,LESIONADO,NO_REGISTRA,OTRO,,,,
2023-12-05 13:24:29,-4.006234,-79.192368,Calle Azogues,CON_FALLECIDOS,Choque Vehicular,Equipo de seguridad deficiente,70,FALLECIDO,NO_REGISTRA,VEH_LIVIANO,64,LESIONADO,HOMBRE,VEH_LIVIANO,,,,
2023-10-02 09:05:21,-4.003952,-79.199550,Calle Bolivar,CON_FALLECIDOS,Caida,Factores externos,73,FALLECIDO,HOMBRE,VEH_LIVIANO,,,,,,,,
2023-06-06 23:28:08,-3.983266,-79.190407,Calle Imbabura,CON_FALLECIDOS,Atropellamiento,Distraccion (celular/radio),43,FALLECIDO,HOMBRE,PEATON,,,,,,,,
2023-11-24 15:43:59,-3.986420,-79.213737,Calle Ramon Borrero,SOLO_DANOS,Volcamiento,Inobservancia de senales,19,LESIONADO,NO_REGISTRA,VEH_LIVIANO,,,,,,,,
2023-04-12 13:22:05,-4.008045,-79.194650,Via Loja - Catamayo,CON_LESIONADOS,Caida,Imprudencia del conductor,69,LESIONADO,MUJER,VEH_LIVIANO,80,LESIONADO,NO_REGISTRA,PEATON,9,LESIONADO,NO_REGISTRA,PEATON
2023-09-04 15:26:33,-3.980702,-79.171642,Av. Cuxibamba,CON_LESIONADOS,Caida,Estado de embriaguez,66,LESIONADO,HOMBRE,VEH_LIVIANO,13,LESIONADO,NO_REGISTRA,PEATON,,,,
2023-04-08 09:17:40,-3.977823,-79.178350,Av. Orillas del Zamora,CON_LESIONADOS,Choque Vehicular,Falla mecanica,28,LESIONADO,NO_REGISTRA,VEH_LIVIANO,78,LESIONADO,HOMBRE,VEH_LIVIANO,5,LESIONADO,MUJER,CICLISTA
2023-10-27 08:01:16,-3.995274,-79.178007,Av. 8 de Diciembre,SOLO_DANOS,Colision Multiple,Fatiga del conductor,,,,,,,,,,,,
2023-03-26 12:58:31,-4.013587,-79.207862,Av. Metropolitana,CON_FALLECIDOS,Atropellamiento,Fatiga del conductor,64,FALLECIDO,MUJER,PEATON,23,FALLECIDO,NO_REGISTRA,VEH_LIVIANO,10,LESIONADO,HOMBRE,VEH_LIVIANO
2023-08-25 20:26:18,-3.994838,-79.181525,Calle Miguel Riofrio,CON_LESIONADOS,Volcamiento,Visibilidad reducida,66,LESIONADO,MUJER,PEATON,,,,,,,,
2023-08-21 05:46:26,-4.021933,-79.185279,Av. Cuxibamba,CON_FALLECIDOS,Accidente Laboral,Via resbaladiza o mojada,21,FALLECIDO,MUJER,MOTOCICLETA,,,,,,,,
2023-05-16 21:34:29,-3.988861,-79.188406,Calle 10 de Agosto,SOLO_DANOS,Accidente Laboral,Estado de embriaguez,,,,,,,,,,,,
2023-09-01 03:16:41,-4.026727,-79.230716,Calle Colon,CON_LESIONADOS,Volcamiento,Factores externos,53,LESIONADO,HOMBRE,OTRO,50,LESIONADO,NO_REGISTRA,OTRO,,,,
2023-07-10 19:07:38,-4.003874,-79.194546,Calle Sucre,SOLO_DANOS,Caida,Imprudencia del conductor,,,,,,,,,,,,
2023-08-23 23:28:04,-3.979140,-79.188081,Calle Saraguro,CON_LESIONADOS,Atropellamiento,Via resbaladiza o mojada,9,LESIONADO,NO_REGISTRA,CICLISTA,10,LESIONADO,NO_REGISTRA,MOTOCICLETA,28,LESIONADO,HOMBRE,SCOOTER
2023-04-17 06:28:08,-3.984279,-79.189173,Via Loja - Zamora,CON_FALLECIDOS,Colision Multiple,Imprudencia del conductor,25,FALLECIDO,MUJER,OTRO,,,,,,,,
2023-08-22 09:55:17,-3.978956,-79.189961,Av. Cuxibamba,CON_FALLECIDOS,Accidente Laboral,Factores externos,20,FALLECIDO,NO_REGISTRA,VEH_LIVIANO,78,FALLECIDO,MUJER,OTRO,30,LESIONADO,HOMBRE,PEATON
2023-07-03 02:32:32,-4.006982,-79.208919,Calle Miguel Riofrio,CON_FALLECIDOS,Incendio,Equipo de seguridad deficiente,75,FALLECIDO,MUJER,OTRO,,,,,,,,
2023-04-16 03:04:07,-4.013868,-79.185637,Av. 8 de Diciembre,SOLO_DANOS,Incendio,Estado de embriaguez,,,,,,,,,,,,
2023-01-28 23:49:03,-3.984372,-79.202738,Calle Sucre,CON_FALLECIDOS,Choque Vehicular,Fatiga del conductor,61,FALLECIDO,HOMBRE,CICLISTA,8,LESIONADO,HOMBRE,MOTOCICLETA,,,,
2023-03-13 22:14:30,-4.025624,-79.208132,Av. 8 de Diciembre,SOLO_DANOS,Caida,Visibilidad reducida,,,,,,,,,,,,
2023-03-29 09:03:48,-4.000928,-79.200631,Calle 10 de Agosto,CON_FALLECIDOS,Incendio,Falla mecanica,55,FALLECIDO,NO_REGISTRA,SCOOTER,34,FALLECIDO,NO_REGISTRA,MOTOCICLETA,52,LESIONADO,NO_REGISTRA,PEATON
2023-02-03 08:13:15,-4.028898,-79.198417,Calle 18 de Noviembre,SOLO_DANOS,Atropellamiento,Imprudencia del conductor,,,,,,,,,,,,
2023-06-09 10:12:36,-4.033578,-79.183383,Av. Gran Colombia,CON_LESIONADOS,Atropellamiento,Inobservancia de senales,61,LESIONADO,MUJER,CICLISTA,,,,,,,,
2023-01-06 09:45:10,-3.996941,-79.200333,Calle Mercadillo,CON_FALLECIDOS,Volcamiento,Via resbaladiza o mojada,31,FALLECIDO,NO_REGISTRA,CICLISTA,,,,,,,,
2023-04-18 11:19:44,-4.018056,-79.173736,Via Loja - Zamora,CON_LESIONADOS,Colision Multiple,Falla mecanica,7,LESIONADO,MUJER,OTRO,,,,,,,,
2023-12-13 14:27:15,-3.986916,-79.211692,Av. Universitaria,CON_LESIONADOS,Incendio,Imprudencia del conductor,77,LESIONADO,MUJER,MOTOCICLETA,51,LESIONADO,HOMBRE,SCOOTER,77,LESIONADO,HOMBRE,MOTOCICLETA
2023-10-18 00:33:58,-4.011125,-79.195651,Calle Imbabura,CON_FALLECIDOS,Volcamiento,Distraccion (celular/radio),58,FALLECIDO,MUJER,MOTOCICLETA,,,,,,,,
2023-08-02 10:55:02,-4.015206,-79.216057,Av. Reinaldo Espinosa,CON_FALLECIDOS,Colision Multiple,Exceso de velocidad,36,FALLECIDO,MUJER,PEATON,21,FALLECIDO,HOMBRE,CICLISTA,,,,
2023-09-19 14:01:47,-4.004875,-79.201905,Av. Gran Colombia,CON_FALLECIDOS,Choque Vehicular,Imprudencia del conductor,79,FALLECIDO,HOMBRE,MOTOCICLETA,18,LESIONADO,MUJER,PEATON,,,,
2023-09-20 15:02:53,-3.980646,-79.180339,Calle Imbabura,SOLO_DANOS,Choque Vehicular,Distraccion (celular/radio),,,,,,,,,,,,
2023-07-28 21:23:27,-4.010857,-79.213131,Calle Miguel Riofrio,CON_LESIONADOS,Accidente Laboral,Inobservancia de senales,27,LESIONADO,NO_REGISTRA,OTRO,,,,,,,,
2023-09-22 12:33:56,-4.033818,-79.182637,Av. 8 de Diciembre,SOLO_DANOS,Colision Multiple,Equipo de seguridad deficiente,,,,,,,,,,,,
2023-01-05 21:08:03,-4.011091,-79.220504,Calle Miguel Riofrio,CON_LESIONADOS,Atropellamiento,Equipo de seguridad deficiente,78,LESIONADO,NO_REGISTRA,PEATON,,,,,,,,
2023-05-11 19:00:49,-3.991204,-79.172888,Av. Reinaldo Espinosa,SOLO_DANOS,Volcamiento,Mal estado de la via,37,LESIONADO,NO_REGISTRA,PEATON,,,,,,,,
2023-12-07 13:28:52,-4.036781,-79.176643,Calle 10 de Agosto,SOLO_DANOS,Colision Multiple,Inobservancia de senales,,,,,,,,,,,,
2023-09-30 23:38:18,-4.006602,-79.221954,Calle Azogues,CON_FALLECIDOS,Colision Multiple,Visibilidad reducida,56,FALLECIDO,MUJER,VEH_LIVIANO,53,LESIONADO,NO_REGISTRA,OTRO,,,,
2023-12-13 15:13:25,-4.008819,-79.194642,Calle Colon,CON_LESIONADOS,Incendio,Factores externos,52,LESIONADO,NO_REGISTRA,CICLISTA,42,LESIONADO,MUJER,MOTOCICLETA,32,LESIONADO,NO_REGISTRA,SCOOTER
2023-05-10 07:58:55,-4.036669,-79.185454,Av. Pio Jaramillo,CON_LESIONADOS,Atropellamiento,Via resbaladiza o mojada,10,LESIONADO,HOMBRE,VEH_LIVIANO,59,LESIONADO,MUJER,OTRO,61,LESIONADO,NO_REGISTRA,CICLISTA
2023-06-04 12:10:03,-3.996156,-79.184867,Calle Mercadillo,CON_FALLECIDOS,Incendio,Exceso de velocidad,27,FALLECIDO,HOMBRE,VEH_LIVIANO,62,FALLECIDO,HOMBRE,MOTOCICLETA,15,LESIONADO,MUJER,PEATON
2023-03-20 12:39:44,-3.993897,-79.184621,Calle Azogues,SOLO_DANOS,Incendio,Visibilidad reducida,,,,,,,,,,,,
2023-10-06 04:22:04,-4.009826,-79.222951,Av. Manuel Agustin Aguirre,CON_FALLECIDOS,Incendio,Visibilidad reducida,75,FALLECIDO,MUJER,MOTOCICLETA,75,FALLECIDO,HOMBRE,MOTOCICLETA,60,LESIONADO,HOMBRE,CICLISTA
2023-07-14 07:23:53,-3.978761,-79.186297,Calle Sucre,SOLO_DANOS,Volcamiento,Mal estado de la via,,,,,,,,,,,,
2023-03-12 12:05:34,-4.033592,-79.219407,Calle Quito,CON_FALLECIDOS,Colision Multiple,Imprudencia del conductor,58,FALLECIDO,MUJER,SCOOTER,77,FALLECIDO,MUJER,SCOOTER,57,LESIONADO,MUJER,OTRO