fecha_hora,latitud,longitud,via,grado_severidad,tipo_siniestro,causa_probable,victima1_edad,victima1_condicion,victima1_sexo,victima1_actor_vial,victima2_edad,victima2_condicion,victima2_sexo,victima2_actor_vial,victima3_edad,victima3_condicion,victima3_sexo,victima3_actor_vial
2023-05-16 05:20:33,-4.015045,-79.207067,Av. Manuel Agustin Aguirre,CON_FALLECIDOS,Colision Multiple,Factores externos,37,FALLECIDO,NO_REGISTRA,CICLISTA,56,FALLECIDO,HOMBRE,MOTOCICLETA,50,LESIONADO,NO_REGISTRA,VEH_LIVIANO
2023-08-24 12:13:28,-4.017769,-79.199345,Via Loja - Catamayo,CON_FALLECIDOS,Volcamiento,Visibilidad reducida,25,FALLECIDO,HOMBRE,CICLISTA,81,FALLECIDO,MUJER,PEATON,54,LESIONADO,MUJER,CICLISTA
2023-02-23 09:21:54,-4.016403,-79.227724,Calle Rocafuerte,SOLO_DANOS,Colision Multiple,Distraccion (celular/radio),,,,,,,,,,,,
2023-08-18 03:26:00,-4.005174,-79.224009,Calle Colon,CON_FALLECIDOS,Incendio,Imprudencia del conductor,56,FALLECIDO,HOMBRE,OTRO,29,FALLECIDO,MUJER,CICLISTA,,,,
2023-10-04 05:54:27,-3.982453,-79.175494,Av. Universitaria,SOLO_DANOS,Atropellamiento,Fatiga del conductor,,,,,,,,,,,,
2023-01-14 17:14:09,-4.026894,-79.229830,Calle Azogues,CON_FALLECIDOS,Choque Vehicular,Falla mecanica,62,FALLECIDO,NO_REGISTRA,OTRO,70,FALLECIDO,NO_REGISTRA,SCOOTER,62,LESIONADO,HOMBRE,PEATON
2023-07-18 04:29:02,-4.036134,-79.209575,Via Loja - Catamayo,SOLO_DANOS,Incendio,Falla mecanica,,,,,,,,,,,,
2023-11-28 17:57:18,-4.008560,-79.175180,Av. Manuel Agustin Aguirre,CON_LESIONADOS,Incendio,Equipo de seguridad deficiente,18,LESIONADO,NO_REGISTRA,SCOOTER,,,,,,,,
2023-09-23 23:29:37,-3.977042,-79.221030,Via Loja - Catamayo,SOLO_DANOS,Caida,Falla mecanica,,,,,,,,,,,,
2023-08-16 00:32:56,-3.990474,-79.205110,Av. Metropolitana,CON_FALLECIDOS,Atropellamiento,Visibilidad reducida,24,FALLECIDO,HOMBRE,SCOOTER,51,FALLECIDO,NO_REGISTRA,SCOOTER,68,LESIONADO,NO_REGISTRA,CICLISTA
2023-01-21 12:34:19,-3.982454,-79.184481,Via Loja - Catamayo,CON_LESIONADOS,Accidente Laboral,Imprudencia del conductor,6,LESIONADO,HOMBRE,VEH_LIVIANO,,,,,,,,
2023-03-30 04:31:43,-3.996913,-79.230186,Av. Cuxibamba,CON_FALLECIDOS,Accidente Laboral,Mal estado de la via,28,FALLECIDO,HOMBRE,CICLISTA,46,LESIONADO,NO_REGISTRA,OTRO,12,LESIONADO,MUJER,CICLISTA
2023-04-17 04:24:39,-3.982730,-79.204535,Calle Miguel Riofrio,CON_LESIONADOS,Choque Vehicular,Estado de embriaguez,9,LESIONADO,HOMBRE,MOTOCICLETA,,,,,,,,
2023-07-04 14:08:54,-3.988416,-79.211954,Av. Gran Colombia,CON_LESIONADOS,Caida,Mal estado de la via,62,LESIONADO,HOMBRE,OTRO,68,LESIONADO,NO_REGISTRA,PEATON,,,,
2023-08-15 20:24:08,-4.029229,-79.173816,Via Loja - Zamora,CON_FALLECIDOS,Caida,Via resbaladiza o mojada,50,FALLECIDO,NO_REGISTRA,VEH_LIVIANO,79,LESIONADO,MUJER,OTRO,77,LESIONADO,HOMBRE,OTRO
2023-07-18 00:00:57,-4.028369,-79.185741,Av. Universitaria,CON_FALLECIDOS,Colision Multiple,Via resbaladiza o mojada,60,FALLECIDO,HOMBRE,CICLISTA,59,FALLECIDO,NO_REGISTRA,VEH_LIVIANO,5,LESIONADO,NO_REGISTRA,OTRO
2023-07-21 17:26:54,-4.030531,-79.172991,Av. Pio Jaramillo,CON_FALLECIDOS,Atropellamiento,Exceso de velocidad,52,FALLECIDO,HOMBRE,MOTOCICLETA,,,,,,,,
2023-02-04 15:53:17,-4.006571,-79.218018,Av. Cuxibamba,CON_LESIONADOS,Incendio,Distraccion (celular/radio),67,LESIONADO,HOMBRE,VEH_LIVIANO,77,LESIONADO,MUJER,PEATON,46,LESIONADO,NO_REGISTRA,MOTOCICLETA
2023-12-01 07:41:14,-4.019864,-79.207209,Av. Pio Jaramillo,CON_FALLECIDOS,Incendio,Estado de embriaguez,24,FALLECIDO,HOMBRE,CICLISTA,,,,,,,,
2023-10-18 12:03:38,-4.016864,-79.198123,Av. Pio Jaramillo,SOLO_DANOS,Colision Multiple,Estado de embriaguez,,,,,,,,,,,,
2023-08-08 21:17:15,-3.991134,-79.207819,Calle Colon,CON_LESIONADOS,Colision Multiple,Via resbaladiza o mojada,67,LESIONADO,MUJER,MOTOCICLETA,,,,,,,,
2023-10-16 13:40:13,-3.980973,-79.192978,Av. Cuxibamba,CON_LESIONADOS,Volcamiento,Inobservancia de senales,15,LESIONADO,MUJER,VEH_LIVIANO,,,,,,,,
2023-02-13 13:32:28,-3.980282,-79.183580,Calle Ramon Borrero,CON_LESIONADOS,Accidente Laboral,Equipo de seguridad deficiente,52,LESIONADO,HOMBRE,PEATON,,,,,,,,
2023-10-05 23:25:25,-4.016305,-79.209747,Calle 10 de Agosto,SOLO_DANOS,Atropellamiento,Factores externos,,,,,,,,,,,,
2023-07-01 19:05:25,-3.981881,-79.171441,Av. Pio Jaramillo,SOLO_DANOS,Accidente Laboral,Factores externos,,,,,,,,,,,,
2023-09-26 06:09:20,-4.018999,-79.210558,Calle Colon,CON_FALLECIDOS,Incendio,Falla mecanica,43,FALLECIDO,MUJER,SCOOTER,48,FALLECIDO,MUJER,MOTOCICLETA,56,LESIONADO,HOMBRE,SCOOTER
2023-04-08 15:23:20,-4.014443,-79.177101,Via Loja - Catamayo,CON_LESIONADOS,Accidente Laboral,Distraccion (celular/radio),64,LESIONADO,NO_REGISTRA,SCOOTER,,,,,,,,
2023-01-18 03:25:59,-3.988949,-79.204310,Calle 10 de Agosto,SOLO_DANOS,Choque Vehicular,Visibilidad reducida,,,,,,,,,,,,
2023-07-03 11:14:17,-4.003589,-79.203183,Calle Montufar,CON_LESIONADOS,Caida,Mal estado de la via,42,LESIONADO,MUJER,PEATON,75,LESIONADO,NO_REGISTRA,OTRO,23,LESIONADO,NO_REGISTRA,MOTOCICLETA
2023-02-20 18:07:56,-4.036516,-79.207540,Via Loja - Catamayo,CON_FALLECIDOS,Atropellamiento,Equipo de seguridad deficiente,75,FALLECIDO,HOMBRE,SCOOTER,,,,,,,,
2023-08-02 04:59:49,-3.983638,-79.193815,Av. Pio Jaramillo,CON_LESIONADOS,Volcamiento,Mal estado de la via,45,LESIONADO,MUJER,SCOOTER,62,LESIONADO,NO_REGISTRA,SCOOTER,51,LESIONADO,NO_REGISTRA,VEH_LIVIANO
2023-11-22 12:20:39,-4.022530,-79.172420,Av. Rosa Hermosa,CON_LESIONADOS,Choque Vehicular,Via resbaladiza o mojada,39,LESIONADO,NO_REGISTRA,SCOOTER,67,LESIONADO,NO_REGISTRA,OTRO,72,LESIONADO,NO_REGISTRA,SCOOTER
2023-11-15 18:05:35,-3.993707,-79.180303,Calle Montufar,CON_FALLECIDOS,Volcamiento,Distraccion (celular/radio),80,FALLECIDO,NO_REGISTRA,VEH_LIVIANO,34,FALLECIDO,MUJER,CICLISTA,,,,
2023-12-03 20:22:40,-3.999009,-79.177385,Via Loja - Zamora,SOLO_DANOS,Caida,Via resbaladiza o mojada,,,,,,,,,,,,
2023-03-02 09:50:28,-4.012400,-79.218181,Ruta 35,SOLO_DANOS,Incendio,Factores externos,,,,,,,,,,,,
2023-04-09 19:51:23,-4.003687,-79.212621,Av. Isidro Ayora,CON_FALLECIDOS,Volcamiento,Imprudencia del conductor,38,FALLECIDO,NO_REGISTRA,PEATON,72,LESIONADO,NO_REGISTRA,VEH_LIVIANO,,,,
2023-06-10 15:20:07,-3.982969,-79.219590,Av. Isidro Ayora,CON_LESIONADOS,Atropellamiento,Estado de embriaguez,29,LESIONADO,NO_REGISTRA,CICLISTA,,,,,,,,
2023-01-30 00:00:59,-4.017721,-79.192057,Av. Pio Jaramillo,CON_FALLECIDOS,Accidente Laboral,Exceso de velocidad,77,FALLECIDO,MUJER,CICLISTA,,,,,,,,
2023-04-01 04:30:13,-4.025078,-79.216574,Calle 18 de Noviembre,CON_FALLECIDOS,Choque Vehicular,Mal estado de la via,75,FALLECIDO,MUJER,OTRO,72,LESIONADO,HOMBRE,CICLISTA,35,LESIONADO,HOMBRE,MOTOCICLETA
2023-01-25 13:17:25,-4.009667,-79.203874,Calle Saraguro,CON_LESIONADOS,Incendio,Estado de embriaguez,33,LESIONADO,NO_REGISTRA,CICLISTA,46,LESIONADO,HOMBRE,SCOOTER,77,LESIONADO,NO_REGISTRA,OTRO
2023-05-31 19:45:07,-3.997805,-79.197103,Calle Rocafuerte,CON_FALLECIDOS,Choque Vehicular,Equipo de seguridad deficiente,68,FALLECIDO,NO_REGISTRA,MOTOCICLETA,65,FALLECIDO,MUJER,VEH_LIVIANO,,,,
2023-03-22 23:09:49,-4.021574,-79.197990,Calle Miguel Riofrio,CON_LESIONADOS,Incendio,Fatiga del conductor,59,LESIONADO,MUJER,CICLISTA,74,LESIONADO,HOMBRE,MOTOCICLETA,,,,
2023-08-11 06:02:01,-3.991712,-79.200502,Calle Azogues,CON_LESIONADOS,Incendio,Falla mecanica,22,LESIONADO,HOMBRE,PEATON,,,,,,,,
2023-03-16 01:43:54,-4.009082,-79.177557,Av. Reinaldo Espinosa,SOLO_DANOS,Choque Vehicular,Exceso de velocidad,,,,,,,,,,,,
2023-12-14 06:16:35,-3.989391,-79.203502,Calle Rocafuerte,SOLO_DANOS,Accidente Laboral,Mal estado de la via,,,,,,,,,,,,
2023-11-23 01:59:56,-4.021528,-79.187921,Av. Rosa Hermosa,CON_FALLECIDOS,Volcamiento,Distraccion (celular/radio),74,FALLECIDO,HOMBRE,PEATON,63,FALLECIDO,NO_REGISTRA,MOTOCICLETA,,,,
2023-08-17 08:00:46,-3.999218,-79.179830,Av. Isidro Ayora,CON_FALLECIDOS,Atropellamiento,Estado de embriaguez,55,FALLECIDO,NO_REGISTRA,PEATON,37,FALLECIDO,NO_REGISTRA,CICLISTA,47,LESIONADO,NO_REGISTRA,OTRO
2023-09-11 02:16:50,-4.024442,-79.203269,Ruta 35,CON_LESIONADOS,Colision Multiple,Estado de embriaguez,9,LESIONADO,NO_REGISTRA,PEATON,,,,,,,,
2023-03-14 05:57:47,-4.011857,-79.189736,Av. Gran Colombia,SOLO_DANOS,Volcamiento,Imprudencia del conductor,,,,,,,,,,,,
2023-11-04 12:48:04,-3.980527,-79.173652,Calle Miguel Riofrio,CON_LESIONADOS,Atropellamiento,Exceso de velocidad,45,LESIONADO,NO_REGISTRA,PEATON,18,LESIONADO,MUJER,SCOOTER,,,,
2023-02-10 15:31:30,-4.028797,-79.181957,Calle Quito,CON_FALLECIDOS,Choque Vehicular,Estado de embriaguez,28,FALLECIDO,NO_REGISTRA,SCOOTER,53,FALLECIDO,NO_REGISTRA,CICLISTA,65,LESIONADO,HOMBRE,PEATON
2023-06-11 19:06:18,-3.983464,-79.230206,Calle Colon,CON_FALLECIDOS,Choque Vehicular,Imprudencia del conductor,22,FALLECIDO,NO_REGISTRA,SCOOTER,58,FALLECIDO,HOMBRE,SCOOTER,73,LESIONADO,MUJER,MOTOCICLETA
2023-04-24 09:45:22,-4.027992,-79.217097,Calle Montufar,SOLO_DANOS,Atropellamiento,Factores externos,,,,,,,,,,,,
2023-12-14 12:38:18,-4.019115,-79.183325,Calle Azogues,SOLO_DANOS,Accidente Laboral,Equipo de seguridad deficiente,,,,,,,,,,,,
2023-04-11 09:12:30,-3.982643,-79.192644,Calle Saraguro,CON_LESIONADOS,Colision Multiple,Inobservancia de senales,39,LESIONADO,HOMBRE,OTRO,39,LESIONADO,MUJER,CICLISTA,,,,
2023-03-19 12:26:26,-3.995659,-79.216917,Calle Miguel Riofrio,CON_LESIONADOS,Incendio,Factores externos,34,LESIONADO,NO_REGISTRA,VEH_LIVIANO,,,,,,,,
2023-04-18 09:08:53,-4.023304,-79.217441,Av. Pio Jaramillo,CON_FALLECIDOS,Accidente Laboral,Fatiga del conductor,39,FALLECIDO,MUJER,CICLISTA,22,FALLECIDO,MUJER,SCOOTER,,,,
2023-09-20 19:48:01,-4.025399,-79.217979,Av. Cuxibamba,CON_LESIONADOS,Choque Vehicular,Equipo de seguridad deficiente,7,LESIONADO,NO_REGISTRA,OTRO,8,LESIONADO,HOMBRE,VEH_LIVIANO,,,,
2023-03-20 02:34:23,-4.016574,-79.207409,Ruta 35,SOLO_DANOS,Atropellamiento,Inobservancia de senales,,,,,,,,,,,,
2023-10-28 04:35:47,-4.026795,-79.176159,Calle Montufar,CON_FALLECIDOS,Choque Vehicular,Factores externos,43,FALLECIDO,HOMBRE,OTRO,82,FALLECIDO,NO_REGISTRA,PEATON,,,,
2023-11-27 21:27:34,-4.030103,-79.188612,Via Loja - Catamayo,CON_LESIONADOS,Volcamiento,Mal estado de la via,33,LESIONADO,NO_REGISTRA,MOTOCICLETA,12,LESIONADO,NO_REGISTRA,VEH_LIVIANO,,,,
2023-04-03 18:57:50,-3.994625,-79.206389,Av. Reinaldo Espinosa,SOLO_DANOS,Incendio,Visibilidad reducida,80,LESIONADO,NO_REGISTRA,CICLISTA,,,,,,,,
2023-01-10 22:26:47,-4.035181,-79.214845,Av. Universitaria,CON_FALLECIDOS,Caida,Visibilidad reducida,47,FALLECIDO,MUJER,SCOOTER,53,FALLECIDO,MUJER,OTRO,17,LESIONADO,MUJER,CICLISTA
2023-06-12 14:15:14,-4.015201,-79.219017,Av. Orillas del Zamora,SOLO_DANOS,Volcamiento,Inobservancia de senales,,,,,,,,,,,,
2023-01-26 15:21:35,-4.001801,-79.187025,Calle Colon,CON_LESIONADOS,Caida,Falla mecanica,21,LESIONADO,NO_REGISTRA,SCOOTER,22,LESIONADO,NO_REGISTRA,SCOOTER,,,,
2023-01-02 12:01:00,-4.027131,-79.205103,Av. Manuel Agustin Aguirre,CON_FALLECIDOS,Volcamiento,Inobservancia de senales,63,FALLECIDO,HOMBRE,MOTOCICLETA,16,LESIONADO,NO_REGISTRA,PEATON,,,,
2023-08-06 08:40:57,-4.023528,-79.210601,Ruta 35,CON_FALLECIDOS,Atropellamiento,Distraccion (celular/radio),78,FALLECIDO,HOMBRE,SCOOTER,18,FALLECIDO,MUJER,CICLISTA,40,LESIONADO,NO_REGISTRA,MOTOCICLETA
2023-12-24 09:09:41,-3.996207,-79.175091,Av. Reinaldo Espinosa,SOLO_DANOS,Volcamiento,Imprudencia del conductor,,,,,,,,,,,,
2023-09-10 04:25:07,-3.989088,-79.206225,Av. Metropolitana,CON_LESIONADOS,Choque Vehicular,Inobservancia de senales,72,LESIONADO,MUJER,VEH_LIVIANO,,,,,,,,
2023-11-21 11:24:13,-3.985194,-79.192450,Av. Isidro Ayora,CON_LESIONADOS,Caida,Mal estado de la via,75,LESIONADO,NO_REGISTRA,MOTOCICLETA,7,LESIONADO,MUJER,PEATON,,,,
2023-05-20 07:40:52,-4.009327,-79.185047,Calle Montufar,SOLO_DANOS,Caida,Factores externos,,,,,,,,,,,,
2023-11-12 22:49:11,-4.003079,-79.218528,Av. Universitaria,CON_FALLECIDOS,Volcamiento,Factores externos,36,FALLECIDO,MUJER,PEATON,42,LESIONADO,HOMBRE,VEH_LIVIANO,32,LESIONADO,MUJER,OTRO
2023-09-21 00:11:16,-3.992049,-79.224839,Calle Sucre,SOLO_DANOS,Atropellamiento,Via resbaladiza o mojada,,,,,,,,,,,,
2023-07-19 19:33:31,-4.028517,-79.189437,Calle Rocafuerte,SOLO_DANOS,Choque Vehicular,Fatiga del conductor,,,,,,,,,,,,
2023-12-21 19:18:42,-4.000628,-79.209370,Calle Rocafuerte,CON_LESIONADOS,Choque Vehicular,Distraccion (celular/radio),34,LESIONADO,MUJER,MOTOCICLETA,23,LESIONADO,HOMBRE,PEATON,,,,
2023-02-18 17:58:04,-4.013846,-79.187281,Av. Rosa Hermosa,SOLO_DANOS,Atropellamiento,Visibilidad reducida,,,,,,,,,,,,
2023-09-23 03:29:27,-4.023939,-79.230864,Av. Rosa Hermosa,SOLO_DANOS,Caida,Via resbaladiza o mojada,,,,,,,,,,,,
2023-07-29 21:54:13,-3.986476,-79.204108,Av. Metropolitana,CON_LESIONADOS,Incendio,Mal estado de la via,58,LESIONADO,HOMBRE,CICLISTA,74,LESIONADO,MUJER,SCOOTER,,,,
2023-05-02 21:21:11,-4.013801,-79.215156,Av. Metropolitana,CON_FALLECIDOS,Atropellamiento,Fatiga del conductor,53,FALLECIDO,MUJER,CICLISTA,30,LESIONADO,MUJER,PEATON,,,,
2023-04-30 15:22:58,-3.981744,-79.223786,Av. Rosa Hermosa,SOLO_DANOS,Colision Multiple,Equipo de seguridad deficiente,,,,,,,,,,,,
2023-02-15 20:16:51,-3.988629,-79.221234,Av. Gran Colombia,CON_LESIONADOS,Colision Multiple,Fatiga del conductor,22,LESIONADO,MUJER,MOTOCICLETA,7,LESIONADO,HOMBRE,PEATON,22,LESIONADO,MUJER,SCOOTER
2023-04-16 05:52:09,-4.007330,-79.190051,Av. Manuel Agustin Aguirre,CON_FALLECIDOS,Caida,Falla mecanica,41,FALLECIDO,HOMBRE,SCOOTER,,,,,,,,
2023-11-07 09:06:39,-4.019321,-79.189377,Calle Bolivar,CON_LESIONADOS,Atropellamiento,Falla mecanica,12,LESIONADO,MUJER,PEATON,55,LESIONADO,MUJER,OTRO,22,LESIONADO,MUJER,PEATON
2023-02-17 21:55:28,-3.977273,-79.176002,Calle Ramon Borrero,CON_LESIONADOS,Choque Vehicular,Equipo de seguridad deficiente,65,LESIONADO,NO_REGISTRA,VEH_LIVIANO,68,LESIONADO,NO_REGISTRA,SCOOTER,,,,
2023-05-09 04:58:06,-4.028333,-79.223948,Av. 8 de Diciembre,CON_FALLECIDOS,Incendio,Equipo de seguridad deficiente,80,FALLECIDO,HOMBRE,CICLISTA,,,,,,,,
2023-04-13 07:05:02,-3.977238,-79.221948,Av. Reinaldo Espinosa,CON_LESIONADOS,Atropellamiento,Via resbaladiza o mojada,30,LESIONADO,HOMBRE,SCOOTER,,,,,,,,
2023-09-14 09:00:51,-3.977536,-79.213160,Calle Quito,CON_LESIONADOS,Caida,Visibilidad reducida,48,LESIONADO,HOMBRE,MOTOCICLETA,,,,,,,,
2023-11-01 06:53:25,-4.018170,-79.206421,Av. Gran Colombia,CON_LESIONADOS,Volcamiento,Equipo de seguridad deficiente,42,LESIONADO,HOMBRE,SCOOTER,31,LESIONADO,MUJER,CICLISTA,,,,
2023-11-09 19:00:16,-3.997613,-79.178440,Av. Reinaldo Espinosa,SOLO_DANOS,Choque Vehicular,Distraccion (celular/radio),,,,,,,,,,,,
2023-09-03 19:41:04,-3.984998,-79.209466,Via Loja - Catamayo,CON_LESIONADOS,Choque Vehicular,Via resbaladiza o mojada,75,LESIONADO,HOMBRE,PEATON,,,,,,,,
2023-09-04 18:18:13,-4.036721,-79.171350,Calle Bolivar,CON_FALLECIDOS,Caida,Via resbaladiza o mojada,78,FALLECIDO,MUJER,VEH_LIVIANO,59,FALLECIDO,HOMBRE,VEH_LIVIANO,,,,
2023-05-01 19:43:21,-4.027803,-79.185622,Calle Imbabura,CON_FALLECIDOS,Choque Vehicular,Estado de embriaguez,70,FALLECIDO,NO_REGISTRA,VEH_LIVIANO,13,LESIONADO,NO_REGISTRA,PEATON,,,,
2023-05-15 16:23:56,-4.013886,-79.200125,Av. Reinaldo Espinosa,CON_FALLECIDOS,Atropellamiento,Exceso de velocidad,57,FALLECIDO,MUJER,MOTOCICLETA,,,,,,,,
2023-03-02 20:38:38,-4.031623,-79.176219,Via Loja - Catamayo,SOLO_DANOS,Incendio,Visibilidad reducida,,,,,,,,,,,,
2023-09-12 13:04:39,-4.019851,-79.220807,Av. Rosa Hermosa,CON_LESIONADOS,Incendio,Equipo de seguridad deficiente,70,LESIONADO,HOMBRE,VEH_LIVIANO,,,,,,,,
2023-06-16 20:16:27,-4.032130,-79.218142,Calle Quito,SOLO_DANOS,Accidente Laboral,Imprudencia del conductor,,,,,,,,,,,,
2023-06-14 18:03:18,-3.982259,-79.214014,Calle Bolivar,CON_LESIONADOS,Choque Vehicular,Imprudencia del conductor,78,LESIONADO,NO_REGISTRA,CICLISTA,16,LESIONADO,MUJER,MOTOCICLETA,12,LESIONADO,MUJER,PEATON
2023-11-07 20:38:03,-3.982040,-79.181154,Ruta 35,CON_FALLECIDOS,Incendio,Estado de embriaguez,58,FALLECIDO,HOMBRE,VEH_LIVIANO,35,FALLECIDO,NO_REGISTRA,PEATON,30,LESIONADO,NO_REGISTRA,SCOOTER
2023-07-13 03:32:24,-4.008089,-79.181901,Av. Cuxibamba,SOLO_DANOS,Atropellamiento,Distraccion (celular/radio),,,,,,,,,,,,
2023-08-10 08:51:48,-3.988704,-79.211433,Av. Universitaria,SOLO_DANOS,Accidente Laboral,Estado de embriaguez,,,,,,,,,,,,
2023-01-16 00:05:24,-4.016223,-79.178943,Calle 18 de Noviembre,CON_FALLECIDOS,Atropellamiento,Imprudencia del conductor,74,FALLECIDO,NO_REGISTRA,PEATON,73,LESIONADO,HOMBRE,PEATON,74,LESIONADO,NO_REGISTRA,PEATON
2023-06-09 22:40:01,-4.012338,-79.183581,Av. Isidro Ayora,SOLO_DANOS,Choque Vehicular,Distraccion (celular/radio),,,,,,,,,,,,
2023-03-24 00:34:08,-4.031007,-79.230443,Av. Gran Colombia,CON_LESIONADOS,Accidente Laboral,Inobservancia de senales,10,LESIONADO,MUJER,MOTOCICLETA,22,LESIONADO,HOMBRE,OTRO,,,,
2023-04-10 08:08:52,-4.003546,-79.222403,Calle Azogues,SOLO_DANOS,Choque Vehicular,Via resbaladiza o mojada,,,,,,,,,,,,
2023-03-01 01:26:46,-4.015871,-79.208270,Av. Isidro Ayora,CON_FALLECIDOS,Incendio,Via resbaladiza o mojada,37,FALLECIDO,NO_REGISTRA,PEATON,19,FALLECIDO,HOMBRE,SCOOTER,71,LESIONADO,HOMBRE,PEATON
2023-08-16 23:30:24,-4.021061,-79.175395,Av. Manuel Agustin Aguirre,CON_FALLECIDOS,Volcamiento,Factores externos,57,FALLECIDO,MUJER,PEATON,70,FALLECIDO,MUJER,VEH_LIVIANO,,,,
2023-10-19 08:51:00,-4.007880,-79.195975,Av. Isidro Ayora,CON_FALLECIDOS,Choque Vehicular,Equipo de seguridad deficiente,22,FALLECIDO,NO_REGISTRA,SCOOTER,39,LESIONADO,MUJER,CICLISTA,27,LESIONADO,MUJER,OTRO
2023-03-08 11:48:27,-3.991390,-79.211728,Calle Ramon Borrero,CON_LESIONADOS,Caida,Imprudencia del conductor,78,LESIONADO,NO_REGISTRA,SCOOTER,67,LESIONADO,MUJER,SCOOTER,72,LESIONADO,NO_REGISTRA,SCOOTER
2023-04-14 18:09:31,-4.035736,-79.210319,Av. 8 de Diciembre,CON_FALLECIDOS,Volcamiento,Inobservancia de senales,46,FALLECIDO,HOMBRE,VEH_LIVIANO,36,FALLECIDO,HOMBRE,VEH_LIVIANO,5,LESIONADO,NO_REGISTRA,MOTOCICLETA
2023-02-14 03:33:18,-3.979291,-79.217782,Av. Gran Colombia,CON_LESIONADOS,Caida,Factores externos,32,LESIONADO,HOMBRE,OTRO,59,LESIONADO,NO_REGISTRA,VEH_LIVIANO,32,LESIONADO,MUJER,OTRO
2023-08-14 04:33:55,-4.026412,-79.214261,Calle Quito,SOLO_DANOS,Volcamiento,Factores externos,,,,,,,,,,,,
2023-02-15 00:55:25,-3.977099,-79.200473,Av. Rosa Hermosa,SOLO_DANOS,Volcamiento,Mal estado de la via,76,LESIONADO,NO_REGISTRA,CICLISTA,,,,,,,,
2023-11-18 02:20:04,-4.010381,-79.174688,Av. Manuel Agustin Aguirre,CON_FALLECIDOS,Colision Multiple,Visibilidad reducida,69,FALLECIDO,NO_REGISTRA,PEATON,17,LESIONADO,NO_REGISTRA,OTRO,,,,
2023-01-28 07:17:58,-4.033995,-79.206132,Av. Pio Jaramillo,CON_LESIONADOS,Volcamiento,Inobservancia de senales,20,LESIONADO,NO_REGISTRA,VEH_LIVIANO,38,LESIONADO,MUJER,PEATON,,,,
2023-11-18 04:09:35,-4.004975,-79.186650,Calle Saraguro,CON_FALLECIDOS,Volcamiento,Imprudencia del conductor,21,FALLECIDO,NO_REGISTRA,VEH_LIVIANO,18,LESIONADO,HOMBRE,CICLISTA,27,LESIONADO,MUJER,VEH_LIVIANO
2023-12-20 12:19:45,-3.985719,-79.200686,Calle 10 de Agosto,CON_FALLECIDOS,Volcamiento,Exceso de velocidad,33,FALLECIDO,MUJER,OTRO,,,,,,,,
2023-01-28 09:56:10,-4.006847,-79.198732,Via Loja - Zamora,CON_FALLECIDOS,Incendio,Exceso de velocidad,63,FALLECIDO,HOMBRE,SCOOTER,35,LESIONADO,HOMBRE,OTRO,,,,
2023-03-19 01:30:02,-3.987168,-79.200676,Calle Montufar,CON_FALLECIDOS,Volcamiento,Falla mecanica,62,FALLECIDO,HOMBRE,OTRO,47,FALLECIDO,MUJER,MOTOCICLETA,76,LESIONADO,HOMBRE,VEH_LIVIANO
2023-11-17 00:49:12,-4.033481,-79.213250,Calle Saraguro,SOLO_DANOS,Accidente Laboral,Exceso de velocidad,31,LESIONADO,MUJER,PEATON,,,,,,,,
2023-04-21 17:52:53,-3.978982,-79.188404,Calle Rocafuerte,SOLO_DANOS,Accidente Laboral,Imprudencia del conductor,,,,,,,,,,,,
2023-01-24 03:14:23,-4.031989,-79.209873,Calle Quito,SOLO_DANOS,Caida,Inobservancia de senales,,,,,,,,,,,,
2023-01-25 12:46:14,-3.994938,-79.207002,Calle 10 de Agosto,CON_FALLECIDOS,Volcamiento,Imprudencia del conductor,50,FALLECIDO,HOMBRE,PEATON,26,FALLECIDO,MUJER,OTRO,,,,
2023-05-19 09:30:15,-4.002232,-79.188494,Calle Colon,CON_FALLECIDOS,Volcamiento,Visibilidad reducida,48,FALLECIDO,MUJER,OTRO,68,LESIONADO,NO_REGISTRA,MOTOCICLETA,57,LESIONADO,NO_REGISTRA,OTRO
2023-03-26 08:10:37,-3.992938,-79.175240,Av. Manuel Agustin Aguirre,SOLO_DANOS,Colision Multiple,Falla mecanica,,,,,,,,,,,,
2023-06-01 01:50:28,-3.991993,-79.190106,Calle 18 de Noviembre,CON_FALLECIDOS,Volcamiento,Falla mecanica,39,FALLECIDO,NO_REGISTRA,VEH_LIVIANO,25,LESIONADO,MUJER,PEATON,,,,
2023-07-24 01:41:56,-4.033873,-79.229696,Calle Ramon Borrero,CON_FALLECIDOS,Incendio,Via resbaladiza o mojada,33,FALLECIDO,HOMBRE,PEATON,,,,,,,,
2023-05-09 17:33:39,-4.033057,-79.218467,Av. Pio Jaramillo,CON_LESIONADOS,Caida,Inobservancia de senales,26,LESIONADO,MUJER,MOTOCICLETA,,,,,,,,
2023-04-19 12:54:50,-4.014058,-79.194863,Calle Montufar,CON_FALLECIDOS,Accidente Laboral,Imprudencia del conductor,61,FALLECIDO,MUJER,MOTOCICLETA,20,LESIONADO,HOMBRE,MOTOCICLETA,,,,
2023-01-06 16:51:21,-4.027725,-79.190639,Calle Saraguro,CON_LESIONADOS,Accidente Laboral,Mal estado de la via,46,LESIONADO,HOMBRE,SCOOTER,33,LESIONADO,NO_REGISTRA,PEATON,,,,