fecha_hora,latitud,longitud,via,grado_severidad,tipo_siniestro,causa_probable,victima1_edad,victima1_condicion,victima1_sexo,victima1_actor_vial,victima2_edad,victima2_condicion,victima2_sexo,victima2_actor_vial,victima3_edad,victima3_condicion,victima3_sexo,victima3_actor_vial
2023-01-10 11:40:40,-4.008130,-79.212745,Av. 8 de Diciembre,CON_LESIONADOS,Atropellamiento,Via resbaladiza o mojada,75,LESIONADO,MUJER,MOTOCICLETA,,,,,,,,
2023-02-15 10:11:07,-4.032790,-79.194575,Calle Sucre,CON_LESIONADOS,Incendio,Equipo de seguridad deficiente,22,LESIONADO,MUJER,PEATON,9,LESIONADO,HOMBRE,MOTOCICLETA,8,LESIONADO,NO_REGISTRA,PEATON
2023-12-02 02:35:33,-4.025399,-79.230452,Via Loja - Catamayo,SOLO_DANOS,Atropellamiento,Fatiga del conductor,,,,,,,,,,,,
2023-03-02 07:00:49,-4.031475,-79.202296,Av. Cuxibamba,CON_LESIONADOS,Caida,Exceso de velocidad,43,LESIONADO,MUJER,OTRO,41,LESIONADO,HOMBRE,VEH_LIVIANO,58,LESIONADO,HOMBRE,CICLISTA
2023-02-25 10:13:50,-3.997135,-79.213860,Calle Bolivar,CON_FALLECIDOS,Colision Multiple,Equipo de seguridad deficiente,44,FALLECIDO,HOMBRE,SCOOTER,38,FALLECIDO,NO_REGISTRA,CICLISTA,60,LESIONADO,HOMBRE,PEATON
2023-08-08 19:15:22,-4.019838,-79.187322,Calle Imbabura,SOLO_DANOS,Volcamiento,Via resbaladiza o mojada,,,,,,,,,,,,
2023-10-16 12:09:56,-4.016829,-79.215822,Av. 8 de Diciembre,SOLO_DANOS,Caida,Exceso de velocidad,77,LESIONADO,NO_REGISTRA,PEATON,,,,,,,,
2023-07-05 12:46:04,-4.010487,-79.195289,Calle Miguel Riofrio,CON_FALLECIDOS,Incendio,Equipo de seguridad deficiente,81,FALLECIDO,HOMBRE,MOTOCICLETA,40,LESIONADO,MUJER,CICLISTA,,,,
2023-01-29 18:49:10,-4.000598,-79.184982,Calle Bolivar,SOLO_DANOS,Choque Vehicular,Imprudencia del conductor,,,,,,,,,,,,
2023-11-28 07:25:59,-4.019105,-79.230528,Calle Azogues,SOLO_DANOS,Accidente Laboral,Inobservancia de senales,,,,,,,,,,,,
2023-09-11 12:15:18,-3.999403,-79.191221,Av. Reinaldo Espinosa,CON_LESIONADOS,Atropellamiento,Inobservancia de senales,12,LESIONADO,MUJER,SCOOTER,44,LESIONADO,HOMBRE,PEATON,,,,
2023-01-11 18:06:20,-3.983882,-79.172102,Calle 10 de Agosto,CON_LESIONADOS,Colision Multiple,Mal estado de la via,9,LESIONADO,MUJER,MOTOCICLETA,49,LESIONADO,NO_REGISTRA,MOTOCICLETA,70,LESIONADO,HOMBRE,MOTOCICLETA
2023-01-14 09:05:57,-4.032708,-79.212241,Av. Isidro Ayora,SOLO_DANOS,Caida,Equipo de seguridad deficiente,,,,,,,,,,,,
2023-04-23 22:27:14,-3.986386,-79.207566,Calle 18 de Noviembre,CON_FALLECIDOS,Colision Multiple,Imprudencia del conductor,49,FALLECIDO,MUJER,CICLISTA,75,LESIONADO,HOMBRE,SCOOTER,,,,
2023-10-19 03:28:34,-3.999586,-79.200148,Calle Quito,CON_FALLECIDOS,Atropellamiento,Visibilidad reducida,31,FALLECIDO,NO_REGISTRA,VEH_LIVIANO,57,LESIONADO,MUJER,SCOOTER,58,LESIONADO,NO_REGISTRA,PEATON
2023-05-31 05:19:04,-4.011709,-79.226769,Calle Ramon Borrero,CON_LESIONADOS,Colision Multiple,Fatiga del conductor,17,LESIONADO,NO_REGISTRA,CICLISTA,52,LESIONADO,MUJER,OTRO,,,,
2023-08-18 18:25:43,-3.993757,-79.194833,Calle 18 de Noviembre,SOLO_DANOS,Incendio,Falla mecanica,,,,,,,,,,,,
2023-12-14 10:30:29,-3.986692,-79.207589,Av. Pio Jaramillo,SOLO_DANOS,Incendio,Distraccion (celular/radio),,,,,,,,,,,,
2023-09-25 09:56:38,-3.987407,-79.197623,Av. Manuel Agustin Aguirre,CON_FALLECIDOS,Incendio,Fatiga del conductor,35,FALLECIDO,HOMBRE,CICLISTA,24,FALLECIDO,MUJER,SCOOTER,73,LESIONADO,NO_REGISTRA,PEATON
2023-05-14 15:55:38,-4.006661,-79.184577,Av. Gran Colombia,CON_FALLECIDOS,Caida,Factores externos,21,FALLECIDO,MUJER,SCOOTER,69,LESIONADO,NO_REGISTRA,PEATON,,,,
2023-05-10 11:46:54,-4.022132,-79.194972,Av. Rosa Hermosa,SOLO_DANOS,Choque Vehicular,Estado de embriaguez,,,,,,,,,,,,
2023-07-14 21:27:36,-3.983740,-79.201387,Calle Sucre,CON_LESIONADOS,Choque Vehicular,Imprudencia del conductor,16,LESIONADO,NO_REGISTRA,MOTOCICLETA,74,LESIONADO,MUJER,OTRO,44,LESIONADO,NO_REGISTRA,MOTOCICLETA
2023-03-04 18:00:54,-4.020808,-79.194918,Calle Imbabura,CON_LESIONADOS,Incendio,Distraccion (celular/radio),44,LESIONADO,HOMBRE,MOTOCICLETA,,,,,,,,
2023-05-02 07:15:20,-4.025699,-79.228557,Calle Ramon Borrero,CON_FALLECIDOS,Choque Vehicular,Visibilidad reducida,26,FALLECIDO,HOMBRE,CICLISTA,10,LESIONADO,HOMBRE,OTRO,28,LESIONADO,MUJER,PEATON
2023-10-27 19:40:24,-4.014730,-79.214588,Via Loja - Zamora,CON_LESIONADOS,Incendio,Equipo de seguridad deficiente,71,LESIONADO,NO_REGISTRA,MOTOCICLETA,56,LESIONADO,MUJER,VEH_LIVIANO,,,,
2023-11-13 17:27:13,-3.984443,-79.223304,Calle Mercadillo,CON_FALLECIDOS,Caida,Inobservancia de senales,38,FALLECIDO,MUJER,VEH_LIVIANO,45,FALLECIDO,MUJER,CICLISTA,,,,
2023-05-26 14:27:27,-3.986846,-79.182769,Av. Reinaldo Espinosa,SOLO_DANOS,Volcamiento,Via resbaladiza o mojada,,,,,,,,,,,,
2023-09-04 15:54:44,-3.981055,-79.172578,Calle Imbabura,CON_LESIONADOS,Choque Vehicular,Equipo de seguridad deficiente,76,LESIONADO,MUJER,OTRO,72,LESIONADO,NO_REGISTRA,VEH_LIVIANO,,,,
2023-10-04 02:15:33,-3.989340,-79.216157,Av. 8 de Diciembre,SOLO_DANOS,Colision Multiple,Fatiga del conductor,,,,,,,,,,,,
2023-05-28 17:56:23,-3.985359,-79.182546,Via Loja - Catamayo,SOLO_DANOS,Accidente Laboral,Equipo de seguridad deficiente,,,,,,,,,,,,
2023-10-27 05:15:30,-3.995034,-79.212249,Via Loja - Zamora,SOLO_DANOS,Choque Vehicular,Imprudencia del conductor,,,,,,,,,,,,
2023-04-15 01:39:48,-3.992440,-79.202284,Calle Ramon Borrero,CON_FALLECIDOS,Atropellamiento,Visibilidad reducida,75,FALLECIDO,MUJER,OTRO,,,,,,,,
2023-01-01 23:57:28,-3.987618,-79.210011,Calle Azogues,SOLO_DANOS,Choque Vehicular,Fatiga del conductor,,,,,,,,,,,,
2023-06-05 07:03:24,-4.028491,-79.189853,Calle Colon,CON_FALLECIDOS,Caida,Mal estado de la via,63,FALLECIDO,MUJER,SCOOTER,77,LESIONADO,MUJER,OTRO,30,LESIONADO,MUJER,PEATON
2023-09-02 01:31:19,-4.012125,-79.194047,Calle Sucre,CON_FALLECIDOS,Choque Vehicular,Inobservancia de senales,18,FALLECIDO,MUJER,PEATON,27,FALLECIDO,HOMBRE,SCOOTER,61,LESIONADO,NO_REGISTRA,OTRO
2023-10-19 14:33:08,-4.003568,-79.184926,Calle Azogues,CON_FALLECIDOS,Caida,Equipo de seguridad deficiente,79,FALLECIDO,NO_REGISTRA,VEH_LIVIANO,43,FALLECIDO,HOMBRE,SCOOTER,30,LESIONADO,MUJER,VEH_LIVIANO
2023-01-03 04:27:54,-3.978717,-79.188094,Via Loja - Catamayo,CON_LESIONADOS,Caida,Fatiga del conductor,64,LESIONADO,MUJER,MOTOCICLETA,35,LESIONADO,NO_REGISTRA,MOTOCICLETA,42,LESIONADO,MUJER,MOTOCICLETA
2023-11-04 02:45:28,-3.993008,-79.214487,Av. Universitaria,CON_FALLECIDOS,Colision Multiple,Equipo de seguridad deficiente,70,FALLECIDO,MUJER,CICLISTA,40,FALLECIDO,HOMBRE,PEATON,70,LESIONADO,NO_REGISTRA,SCOOTER
2023-10-30 00:47:00,-4.011542,-79.199919,Av. Orillas del Zamora,CON_FALLECIDOS,Colision Multiple,Fatiga del conductor,81,FALLECIDO,NO_REGISTRA,PEATON,76,FALLECIDO,MUJER,PEATON,35,LESIONADO,NO_REGISTRA,SCOOTER
2023-03-02 01:02:14,-3.987848,-79.204151,Calle Miguel Riofrio,CON_LESIONADOS,Atropellamiento,Exceso de velocidad,55,LESIONADO,MUJER,CICLISTA,42,LESIONADO,NO_REGISTRA,MOTOCICLETA,,,,
2023-08-09 09:35:56,-3.995398,-79.213224,Av. 8 de Diciembre,CON_LESIONADOS,Accidente Laboral,Fatiga del conductor,62,LESIONADO,NO_REGISTRA,MOTOCICLETA,74,LESIONADO,NO_REGISTRA,OTRO,28,LESIONADO,HOMBRE,SCOOTER
2023-03-11 13:02:19,-4.015270,-79.208970,Av. Rosa Hermosa,CON_FALLECIDOS,Accidente Laboral,Distraccion (celular/radio),73,FALLECIDO,NO_REGISTRA,CICLISTA,,,,,,,,
2023-04-07 13:00:47,-3.986824,-79.171602,Calle Mercadillo,SOLO_DANOS,Accidente Laboral,Estado de embriaguez,,,,,,,,,,,,
2023-01-05 22:44:28,-4.014744,-79.185266,Via Loja - Zamora,CON_LESIONADOS,Caida,Inobservancia de senales,7,LESIONADO,NO_REGISTRA,VEH_LIVIANO,31,LESIONADO,MUJER,VEH_LIVIANO,32,LESIONADO,NO_REGISTRA,SCOOTER
2023-05-21 09:54:00,-3.980049,-79.206152,Calle Ramon Borrero,CON_LESIONADOS,Volcamiento,Factores externos,15,LESIONADO,HOMBRE,SCOOTER,45,LESIONADO,HOMBRE,CICLISTA,18,LESIONADO,MUJER,SCOOTER
2023-04-29 13:08:04,-4.005143,-79.181713,Av. Cuxibamba,CON_LESIONADOS,Atropellamiento,Distraccion (celular/radio),62,LESIONADO,HOMBRE,MOTOCICLETA,15,LESIONADO,HOMBRE,MOTOCICLETA,50,LESIONADO,HOMBRE,SCOOTER
2023-06-06 07:48:30,-3.985783,-79.227690,Calle Sucre,CON_LESIONADOS,Incendio,Distraccion (celular/radio),8,LESIONADO,MUJER,OTRO,22,LESIONADO,NO_REGISTRA,MOTOCICLETA,72,LESIONADO,MUJER,PEATON
2023-06-07 17:24:01,-3.995155,-79.175743,Calle Imbabura,SOLO_DANOS,Choque Vehicular,Factores externos,,,,,,,,,,,,
2023-03-06 11:29:34,-3.985130,-79.190638,Av. Universitaria,CON_LESIONADOS,Incendio,Via resbaladiza o mojada,11,LESIONADO,MUJER,OTRO,,,,,,,,
2023-09-03 18:20:34,-3.980688,-79.182931,Calle Mercadillo,CON_LESIONADOS,Volcamiento,Estado de embriaguez,28,LESIONADO,NO_REGISTRA,VEH_LIVIANO,23,LESIONADO,MUJER,CICLISTA,70,LESIONADO,MUJER,PEATON
2023-02-06 21:26:55,-4.004736,-79.213731,Calle Imbabura,CON_LESIONADOS,Accidente Laboral,Via resbaladiza o mojada,49,LESIONADO,HOMBRE,MOTOCICLETA,,,,,,,,
2023-11-06 13:56:14,-4.032133,-79.204521,Calle Mercadillo,SOLO_DANOS,Incendio,Mal estado de la via,,,,,,,,,,,,
2023-08-23 02:34:24,-4.035519,-79.194801,Calle Quito,CON_LESIONADOS,Incendio,Inobservancia de senales,15,LESIONADO,MUJER,CICLISTA,32,LESIONADO,MUJER,SCOOTER,,,,
2023-09-24 22:55:29,-4.024175,-79.200879,Calle Montufar,CON_LESIONADOS,Incendio,Equipo de seguridad deficiente,42,LESIONADO,NO_REGISTRA,CICLISTA,51,LESIONADO,MUJER,CICLISTA,,,,
2023-08-01 22:18:35,-4.019661,-79.194631,Calle Miguel Riofrio,CON_LESIONADOS,Caida,Imprudencia del conductor,38,LESIONADO,HOMBRE,SCOOTER,5,LESIONADO,HOMBRE,CICLISTA,,,,
2023-04-30 13:38:50,-4.000530,-79.230163,Via Loja - Catamayo,CON_FALLECIDOS,Accidente Laboral,Inobservancia de senales,62,FALLECIDO,HOMBRE,SCOOTER,11,LESIONADO,MUJER,MOTOCICLETA,28,LESIONADO,MUJER,OTRO
2023-03-10 05:54:33,-4.027268,-79.200685,Av. Reinaldo Espinosa,CON_LESIONADOS,Atropellamiento,Estado de embriaguez,30,LESIONADO,MUJER,PEATON,67,LESIONADO,MUJER,CICLISTA,,,,
2023-10-12 08:00:24,-3.980970,-79.177013,Calle 18 de Noviembre,CON_FALLECIDOS,Caida,Fatiga del conductor,78,FALLECIDO,MUJER,OTRO,25,LESIONADO,HOMBRE,MOTOCICLETA,,,,
2023-03-31 01:39:58,-3.997926,-79.180384,Av. Rosa Hermosa,SOLO_DANOS,Choque Vehicular,Estado de embriaguez,,,,,,,,,,,,
2023-11-30 14:03:56,-3.992803,-79.175964,Av. Universitaria,CON_FALLECIDOS,Volcamiento,Factores externos,77,FALLECIDO,HOMBRE,CICLISTA,58,FALLECIDO,HOMBRE,MOTOCICLETA,24,LESIONADO,HOMBRE,SCOOTER
2023-04-11 17:30:30,-3.977942,-79.171202,Via Loja - Zamora,CON_LESIONADOS,Atropellamiento,Visibilidad reducida,18,LESIONADO,HOMBRE,MOTOCICLETA,80,LESIONADO,NO_REGISTRA,SCOOTER,70,LESIONADO,HOMBRE,OTRO
2023-11-02 22:20:40,-3.983328,-79.172472,Av. Gran Colombia,SOLO_DANOS,Choque Vehicular,Visibilidad reducida,,,,,,,,,,,,
2023-06-03 16:51:46,-4.010067,-79.182525,Av. Manuel Agustin Aguirre,SOLO_DANOS,Volcamiento,Fatiga del conductor,,,,,,,,,,,,
2023-12-10 12:30:50,-4.032174,-79.176368,Av. Manuel Agustin Aguirre,SOLO_DANOS,Caida,Factores externos,,,,,,,,,,,,
2023-04-13 07:12:05,-4.001749,-79.187874,Av. Metropolitana,SOLO_DANOS,Colision Multiple,Falla mecanica,,,,,,,,,,,,
2023-09-28 18:12:07,-4.016594,-79.185228,Av. Orillas del Zamora,CON_FALLECIDOS,Volcamiento,Inobservancia de senales,52,FALLECIDO,NO_REGISTRA,PEATON,55,FALLECIDO,MUJER,MOTOCICLETA,43,LESIONADO,NO_REGISTRA,OTRO
2023-05-14 18:53:06,-4.002881,-79.201986,Calle Sucre,CON_LESIONADOS,Volcamiento,Inobservancia de senales,24,LESIONADO,MUJER,SCOOTER,,,,,,,,
2023-05-07 01:23:52,-4.006749,-79.221955,Av. Isidro Ayora,CON_FALLECIDOS,Caida,Factores externos,49,FALLECIDO,HOMBRE,VEH_LIVIANO,58,FALLECIDO,HOMBRE,CICLISTA,,,,
2023-10-05 03:57:11,-4.023151,-79.215674,Av. Orillas del Zamora,CON_FALLECIDOS,Atropellamiento,Falla mecanica,69,FALLECIDO,MUJER,PEATON,82,FALLECIDO,HOMBRE,VEH_LIVIANO,,,,
2023-06-06 06:50:15,-4.015836,-79.219852,Calle Bolivar,CON_FALLECIDOS,Colision Multiple,Equipo de seguridad deficiente,56,FALLECIDO,NO_REGISTRA,PEATON,51,LESIONADO,HOMBRE,SCOOTER,,,,
2023-10-24 07:04:43,-3.992401,-79.207612,Via Loja - Catamayo,CON_LESIONADOS,Accidente Laboral,Mal estado de la via,23,LESIONADO,NO_REGISTRA,MOTOCICLETA,,,,,,,,
2023-12-24 01:24:24,-3.979153,-79.221319,Av. 8 de Diciembre,SOLO_DANOS,Accidente Laboral,Distraccion (celular/radio),,,,,,,,,,,,
2023-04-14 14:51:53,-4.001445,-79.200003,Calle Quito,CON_LESIONADOS,Atropellamiento,Distraccion (celular/radio),40,LESIONADO,HOMBRE,MOTOCICLETA,,,,,,,,
2023-01-30 01:41:24,-4.010551,-79.223867,Calle Colon,CON_LESIONADOS,Atropellamiento,Distraccion (celular/radio),43,LESIONADO,HOMBRE,CICLISTA,31,LESIONADO,NO_REGISTRA,VEH_LIVIANO,57,LESIONADO,MUJER,PEATON
2023-10-12 17:26:30,-3.989888,-79.196055,Calle Azogues,CON_FALLECIDOS,Incendio,Falla mecanica,44,FALLECIDO,NO_REGISTRA,SCOOTER,,,,,,,,
2023-01-29 23:02:52,-4.011196,-79.172551,Calle Montufar,CON_LESIONADOS,Caida,Mal estado de la via,56,LESIONADO,HOMBRE,OTRO,44,LESIONADO,MUJER,SCOOTER,,,,
2023-06-19 13:15:53,-4.004631,-79.229079,Calle Mercadillo,CON_FALLECIDOS,Choque Vehicular,Falla mecanica,71,FALLECIDO,MUJER,SCOOTER,48,FALLECIDO,MUJER,MOTOCICLETA,77,LESIONADO,MUJER,SCOOTER
2023-09-08 03:16:24,-4.020065,-79.187381,Calle Mercadillo,CON_FALLECIDOS,Incendio,Falla mecanica,31,FALLECIDO,MUJER,VEH_LIVIANO,72,FALLECIDO,MUJER,OTRO,36,LESIONADO,MUJER,PEATON
2023-03-04 07:26:10,-4.003631,-79.208207,Av. Cuxibamba,CON_LESIONADOS,Colision Multiple,Via resbaladiza o mojada,34,LESIONADO,HOMBRE,MOTOCICLETA,63,LESIONADO,NO_REGISTRA,VEH_LIVIANO,40,LESIONADO,NO_REGISTRA,CICLISTA
2023-01-27 17:06:16,-3.980461,-79.187602,Calle Imbabura,CON_LESIONADOS,Atropellamiento,Fatiga del conductor,54,LESIONADO,MUJER,CICLISTA,35,LESIONADO,MUJER,VEH_LIVIANO,45,LESIONADO,NO_REGISTRA,PEATON
2023-04-11 10:50:27,-4.035949,-79.223094,Ruta 35,SOLO_DANOS,Colision Multiple,Estado de embriaguez,,,,,,,,,,,,
2023-12-18 14:09:19,-4.032492,-79.199681,Via Loja - Zamora,SOLO_DANOS,Choque Vehicular,Imprudencia del conductor,,,,,,,,,,,,
2023-05-17 11:54:03,-4.016155,-79.175160,Calle Colon,CON_LESIONADOS,Colision Multiple,Estado de embriaguez,42,LESIONADO,NO_REGISTRA,CICLISTA,78,LESIONADO,HOMBRE,OTRO,35,LESIONADO,HOMBRE,MOTOCICLETA
2023-01-27 03:51:27,-3.978780,-79.210006,Calle Miguel Riofrio,CON_LESIONADOS,Colision Multiple,Distraccion (celular/radio),8,LESIONADO,HOMBRE,OTRO,10,LESIONADO,MUJER,SCOOTER,26,LESIONADO,HOMBRE,CICLISTA
2023-01-31 09:54:49,-4.024698,-79.220093,Calle Azogues,CON_LESIONADOS,Choque Vehicular,Imprudencia del conductor,45,LESIONADO,HOMBRE,CICLISTA,65,LESIONADO,HOMBRE,SCOOTER,61,LESIONADO,HOMBRE,SCOOTER
2023-06-11 04:55:19,-4.024606,-79.186677,Calle Montufar,CON_FALLECIDOS,Volcamiento,Fatiga del conductor,54,FALLECIDO,NO_REGISTRA,VEH_LIVIANO,77,LESIONADO,HOMBRE,MOTOCICLETA,27,LESIONADO,HOMBRE,SCOOTER
2023-08-03 12:57:41,-4.012941,-79.216675,Calle 18 de Noviembre,CON_LESIONADOS,Accidente Laboral,Falla mecanica,57,LESIONADO,NO_REGISTRA,VEH_LIVIANO,41,LESIONADO,NO_REGISTRA,VEH_LIVIANO,45,LESIONADO,MUJER,VEH_LIVIANO
2023-12-16 11:07:01,-4.004495,-79.216807,Calle Quito,CON_FALLECIDOS,Atropellamiento,Exceso de velocidad,45,FALLECIDO,NO_REGISTRA,VEH_LIVIANO,45,FALLECIDO,NO_REGISTRA,MOTOCICLETA,,,,
2023-08-04 14:42:49,-4.030821,-79.223953,Av. Reinaldo Espinosa,CON_FALLECIDOS,Atropellamiento,Via resbaladiza o mojada,32,FALLECIDO,NO_REGISTRA,MOTOCICLETA,49,LESIONADO,NO_REGISTRA,MOTOCICLETA,42,LESIONADO,MUJER,SCOOTER
2023-10-17 05:54:34,-4.006386,-79.183345,Calle Miguel Riofrio,SOLO_DANOS,Volcamiento,Falla mecanica,,,,,,,,,,,,
2023-07-19 12:01:50,-3.977480,-79.191360,Calle Imbabura,CON_LESIONADOS,Accidente Laboral,Falla mecanica,39,LESIONADO,HOMBRE,CICLISTA,36,LESIONADO,NO_REGISTRA,SCOOTER,41,LESIONADO,HOMBRE,MOTOCICLETA
2023-11-25 01:26:51,-4.025557,-79.196525,Av. Rosa Hermosa,CON_FALLECIDOS,Incendio,Mal estado de la via,24,FALLECIDO,NO_REGISTRA,VEH_LIVIANO,,,,,,,,
2023-11-08 23:07:58,-3.998805,-79.184028,Ruta 35,CON_LESIONADOS,Volcamiento,Exceso de velocidad,18,LESIONADO,NO_REGISTRA,CICLISTA,5,LESIONADO,HOMBRE,MOTOCICLETA,,,,
2023-11-28 15:06:51,-3.987225,-79.226991,Calle Sucre,CON_FALLECIDOS,Choque Vehicular,Via resbaladiza o mojada,74,FALLECIDO,MUJER,VEH_LIVIANO,44,FALLECIDO,MUJER,PEATON,13,LESIONADO,NO_REGISTRA,OTRO
2023-07-22 08:13:24,-4.004685,-79.198679,Av. Pio Jaramillo,CON_LESIONADOS,Choque Vehicular,Falla mecanica,66,LESIONADO,NO_REGISTRA,VEH_LIVIANO,18,LESIONADO,MUJER,SCOOTER,,,,
2023-07-12 18:02:17,-3.983244,-79.180116,Calle Mercadillo,SOLO_DANOS,Accidente Laboral,Via resbaladiza o mojada,,,,,,,,,,,,
2023-10-20 10:47:19,-3.985966,-79.205106,Calle Rocafuerte,SOLO_DANOS,Choque Vehicular,Estado de embriaguez,,,,,,,,,,,,
2023-05-21 22:41:18,-4.003849,-79.201018,Calle Azogues,CON_FALLECIDOS,Volcamiento,Inobservancia de senales,54,FALLECIDO,MUJER,MOTOCICLETA,20,FALLECIDO,NO_REGISTRA,OTRO,21,LESIONADO,NO_REGISTRA,VEH_LIVIANO
2023-03-31 03:46:08,-4.030048,-79.188598,Ruta 35,CON_FALLECIDOS,Accidente Laboral,Exceso de velocidad,47,FALLECIDO,MUJER,SCOOTER,10,LESIONADO,HOMBRE,OTRO,51,LESIONADO,NO_REGISTRA,CICLISTA
2023-03-03 09:40:47,-4.035327,-79.186051,Calle Montufar,CON_FALLECIDOS,Choque Vehicular,Factores externos,82,FALLECIDO,NO_REGISTRA,MOTOCICLETA,79,LESIONADO,NO_REGISTRA,OTRO,,,,
2023-10-04 11:00:58,-3.985424,-79.172650,Calle Sucre,CON_FALLECIDOS,Atropellamiento,Factores externos,70,FALLECIDO,HOMBRE,VEH_LIVIANO,41,LESIONADO,MUJER,VEH_LIVIANO,,,,
2023-11-18 02:05:35,-4.007273,-79.191081,Calle Sucre,SOLO_DANOS,Incendio,Fatiga del conductor,,,,,,,,,,,,
2023-05-30 01:14:21,-3.991204,-79.187029,Av. Orillas del Zamora,CON_LESIONADOS,Caida,Visibilidad reducida,27,LESIONADO,MUJER,CICLISTA,8,LESIONADO,MUJER,CICLISTA,,,,
2023-05-01 19:06:55,-4.013592,-79.175569,Via Loja - Catamayo,CON_LESIONADOS,Accidente Laboral,Equipo de seguridad deficiente,64,LESIONADO,NO_REGISTRA,VEH_LIVIANO,20,LESIONADO,MUJER,SCOOTER,,,,
2023-01-07 16:27:47,-4.007027,-79.203350,Ruta 35,CON_LESIONADOS,Colision Multiple,Estado de embriaguez,52,LESIONADO,NO_REGISTRA,OTRO,66,LESIONADO,HOMBRE,PEATON,20,LESIONADO,HOMBRE,VEH_LIVIANO
2023-03-27 08:25:15,-4.031844,-79.227336,Ruta 35,SOLO_DANOS,Incendio,Factores externos,,,,,,,,,,,,
2023-07-21 19:35:29,-4.036647,-79.225474,Calle 18 de Noviembre,CON_FALLECIDOS,Incendio,Equipo de seguridad deficiente,64,FALLECIDO,MUJER,MOTOCICLETA,37,FALLECIDO,HOMBRE,VEH_LIVIANO,48,LESIONADO,MUJER,SCOOTER
2023-05-14 11:48:36,-4.036152,-79.192766,Calle Sucre,SOLO_DANOS,Caida,Falla mecanica,,,,,,,,,,,,
2023-10-31 07:52:39,-4.028366,-79.209327,Calle Bolivar,CON_FALLECIDOS,Caida,Visibilidad reducida,77,FALLECIDO,MUJER,MOTOCICLETA,,,,,,,,
2023-05-16 11:28:04,-4.025427,-79.206710,Av. 8 de Diciembre,CON_LESIONADOS,Caida,Distraccion (celular/radio),70,LESIONADO,HOMBRE,VEH_LIVIANO,50,LESIONADO,HOMBRE,MOTOCICLETA,73,LESIONADO,HOMBRE,OTRO
2023-02-26 03:49:42,-4.005413,-79.176412,Calle Rocafuerte,CON_LESIONADOS,Colision Multiple,Falla mecanica,35,LESIONADO,HOMBRE,VEH_LIVIANO,39,LESIONADO,MUJER,VEH_LIVIANO,77,LESIONADO,HOMBRE,CICLISTA
2023-01-03 05:28:35,-4.022356,-79.178737,Calle Rocafuerte,CON_FALLECIDOS,Choque Vehicular,Exceso de velocidad,41,FALLECIDO,MUJER,CICLISTA,51,FALLECIDO,MUJER,PEATON,23,LESIONADO,NO_REGISTRA,CICLISTA
2023-05-26 18:17:11,-3.983623,-79.201345,Calle Sucre,SOLO_DANOS,Accidente Laboral,Inobservancia de senales,,,,,,,,,,,,
2023-03-10 17:49:50,-3.994001,-79.177885,Via Loja - Zamora,CON_LESIONADOS,Caida,Falla mecanica,20,LESIONADO,NO_REGISTRA,SCOOTER,42,LESIONADO,NO_REGISTRA,MOTOCICLETA,63,LESIONADO,NO_REGISTRA,PEATON
2023-03-29 08:31:08,-3.991018,-79.188136,Av. Universitaria,CON_FALLECIDOS,Caida,Fatiga del conductor,77,FALLECIDO,NO_REGISTRA,SCOOTER,74,FALLECIDO,MUJER,OTRO,43,LESIONADO,MUJER,SCOOTER
2023-11-03 23:40:36,-4.011796,-79.229380,Calle Saraguro,CON_LESIONADOS,Accidente Laboral,Distraccion (celular/radio),47,LESIONADO,HOMBRE,VEH_LIVIANO,,,,,,,,
2023-05-22 07:02:14,-3.978041,-79.183830,Calle Saraguro,SOLO_DANOS,Accidente Laboral,Fatiga del conductor,,,,,,,,,,,,
2023-06-25 01:54:59,-3.984550,-79.192172,Av. 8 de Diciembre,CON_LESIONADOS,Colision Multiple,Fatiga del conductor,71,LESIONADO,NO_REGISTRA,SCOOTER,57,LESIONADO,MUJER,OTRO,77,LESIONADO,NO_REGISTRA,VEH_LIVIANO
2023-03-09 19:00:19,-3.991646,-79.205987,Av. Cuxibamba,CON_FALLECIDOS,Incendio,Inobservancia de senales,41,FALLECIDO,NO_REGISTRA,MOTOCICLETA,66,LESIONADO,MUJER,CICLISTA,34,LESIONADO,NO_REGISTRA,SCOOTER
2023-07-28 15:19:14,-3.987425,-79.186061,Calle Quito,CON_LESIONADOS,Choque Vehicular,Equipo de seguridad deficiente,72,LESIONADO,HOMBRE,VEH_LIVIANO,,,,,,,,
2023-12-08 12:03:42,-4.012786,-79.172881,Calle 18 de Noviembre,CON_LESIONADOS,Caida,Inobservancia de senales,8,LESIONADO,NO_REGISTRA,SCOOTER,32,LESIONADO,MUJER,SCOOTER,46,LESIONADO,HOMBRE,VEH_LIVIANO
2023-11-14 04:13:34,-4.027218,-79.198810,Av. Gran Colombia,CON_LESIONADOS,Choque Vehicular,Falla mecanica,42,LESIONADO,NO_REGISTRA,SCOOTER,79,LESIONADO,NO_REGISTRA,VEH_LIVIANO,44,LESIONADO,MUJER,VEH_LIVIANO
2023-08-15 20:53:00,-3.986191,-79.196053,Calle Miguel Riofrio,CON_LESIONADOS,Caida,Equipo de seguridad deficiente,22,LESIONADO,NO_REGISTRA,PEATON,28,LESIONADO,MUJER,SCOOTER,,,,
2023-05-07 18:53:38,-4.014911,-79.228341,Calle Colon,CON_LESIONADOS,Colision Multiple,Inobservancia de senales,37,LESIONADO,HOMBRE,MOTOCICLETA,58,LESIONADO,MUJER,OTRO,,,,