fecha_hora,latitud,longitud,via,grado_severidad,tipo_siniestro,causa_probable,victima1_edad,victima1_condicion,victima1_sexo,victima1_actor_vial,victima2_edad,victima2_condicion,victima2_sexo,victima2_actor_vial,victima3_edad,victima3_condicion,victima3_sexo,victima3_actor_vial
2023-06-16 23:07:20,-3.992099,-79.222625,Av. Orillas del Zamora,SOLO_DANOS,Incendio,Imprudencia del conductor,,,,,,,,,,,,
2023-09-18 23:15:58,-3.986490,-79.209551,Av. Reinaldo Espinosa,CON_FALLECIDOS,Incendio,Imprudencia del conductor,67,FALLECIDO,MUJER,SCOOTER,54,FALLECIDO,NO_REGISTRA,SCOOTER,,,,
2023-06-20 05:08:25,-4.004681,-79.190838,Av. Manuel Agustin Aguirre,SOLO_DANOS,Colision Multiple,Distraccion (celular/radio),11,LESIONADO,MUJER,CICLISTA,,,,,,,,
2023-06-22 17:36:40,-4.016534,-79.198859,Calle Saraguro,CON_FALLECIDOS,Incendio,Inobservancia de senales,79,FALLECIDO,MUJER,CICLISTA,,,,,,,,
2023-06-10 00:14:11,-3.998052,-79.179999,Calle Saraguro,SOLO_DANOS,Caida,Exceso de velocidad,,,,,,,,,,,,
2023-04-13 12:14:05,-4.033518,-79.218634,Calle Sucre,SOLO_DANOS,Accidente Laboral,Equipo de seguridad deficiente,,,,,,,,,,,,
2023-11-04 21:41:47,-4.001996,-79.175208,Calle Mercadillo,SOLO_DANOS,Atropellamiento,Factores externos,,,,,,,,,,,,
2023-03-15 16:07:45,-3.990265,-79.219066,Calle 10 de Agosto,CON_LESIONADOS,Caida,Distraccion (celular/radio),10,LESIONADO,NO_REGISTRA,MOTOCICLETA,80,LESIONADO,HOMBRE,CICLISTA,,,,
2023-08-08 09:02:54,-3.987239,-79.179005,Calle Sucre,CON_FALLECIDOS,Caida,Distraccion (celular/radio),28,FALLECIDO,HOMBRE,VEH_LIVIANO,62,FALLECIDO,HOMBRE,SCOOTER,,,,
2023-02-14 23:41:46,-4.002698,-79.211909,Calle Colon,SOLO_DANOS,Accidente Laboral,Exceso de velocidad,,,,,,,,,,,,
2023-12-11 06:53:01,-3.989172,-79.230648,Ruta 35,CON_LESIONADOS,Caida,Exceso de velocidad,50,LESIONADO,NO_REGISTRA,SCOOTER,64,LESIONADO,HOMBRE,OTRO,,,,
2023-05-23 05:13:32,-4.027964,-79.189373,Calle Azogues,SOLO_DANOS,Colision Multiple,Fatiga del conductor,10,LESIONADO,NO_REGISTRA,VEH_LIVIANO,,,,,,,,
2023-03-30 05:12:45,-3.991417,-79.215863,Calle Montufar,CON_LESIONADOS,Choque Vehicular,Factores externos,74,LESIONADO,NO_REGISTRA,SCOOTER,64,LESIONADO,NO_REGISTRA,SCOOTER,,,,
2023-09-19 03:04:17,-4.010492,-79.181704,Ruta 35,CON_FALLECIDOS,Incendio,Falla mecanica,74,FALLECIDO,HOMBRE,SCOOTER,,,,,,,,
2023-04-26 01:11:09,-3.990994,-79.204711,Calle Imbabura,CON_FALLECIDOS,Atropellamiento,Equipo de seguridad deficiente,67,FALLECIDO,NO_REGISTRA,CICLISTA,47,FALLECIDO,NO_REGISTRA,VEH_LIVIANO,78,LESIONADO,NO_REGISTRA,PEATON
2023-06-12 03:37:31,-4.002219,-79.193620,Av. Manuel Agustin Aguirre,SOLO_DANOS,Caida,Inobservancia de senales,,,,,,,,,,,,
2023-01-01 18:57:57,-4.022559,-79.209076,Calle Rocafuerte,CON_FALLECIDOS,Volcamiento,Estado de embriaguez,49,FALLECIDO,HOMBRE,SCOOTER,18,FALLECIDO,MUJER,OTRO,48,LESIONADO,NO_REGISTRA,PEATON
2023-12-15 09:52:12,-4.001843,-79.206936,Av. 8 de Diciembre,CON_FALLECIDOS,Volcamiento,Visibilidad reducida,60,FALLECIDO,NO_REGISTRA,CICLISTA,7,LESIONADO,NO_REGISTRA,MOTOCICLETA,,,,
2023-07-25 16:02:46,-4.023433,-79.204846,Via Loja - Zamora,CON_LESIONADOS,Volcamiento,Factores externos,12,LESIONADO,NO_REGISTRA,VEH_LIVIANO,58,LESIONADO,MUJER,SCOOTER,9,LESIONADO,HOMBRE,PEATON
2023-08-06 19:36:04,-4.032087,-79.224582,Via Loja - Zamora,CON_LESIONADOS,Accidente Laboral,Estado de embriaguez,75,LESIONADO,NO_REGISTRA,CICLISTA,41,LESIONADO,NO_REGISTRA,CICLISTA,,,,
2023-06-29 07:58:10,-3.999915,-79.194629,Calle 10 de Agosto,SOLO_DANOS,Colision Multiple,Mal estado de la via,,,,,,,,,,,,
2023-06-25 19:36:42,-4.010135,-79.203866,Calle 18 de Noviembre,CON_LESIONADOS,Caida,Factores externos,37,LESIONADO,HOMBRE,CICLISTA,10,LESIONADO,NO_REGISTRA,CICLISTA,80,LESIONADO,NO_REGISTRA,MOTOCICLETA
2023-07-01 19:38:53,-4.011944,-79.198744,Calle Bolivar,CON_LESIONADOS,Volcamiento,Distraccion (celular/radio),14,LESIONADO,HOMBRE,CICLISTA,44,LESIONADO,NO_REGISTRA,VEH_LIVIANO,40,LESIONADO,NO_REGISTRA,VEH_LIVIANO
2023-01-29 11:34:44,-4.008166,-79.197766,Av. 8 de Diciembre,SOLO_DANOS,Atropellamiento,Distraccion (celular/radio),,,,,,,,,,,,
2023-04-27 10:06:01,-4.014562,-79.176030,Av. Gran Colombia,CON_FALLECIDOS,Atropellamiento,Imprudencia del conductor,55,FALLECIDO,NO_REGISTRA,OTRO,32,LESIONADO,MUJER,SCOOTER,27,LESIONADO,MUJER,MOTOCICLETA
2023-11-10 10:28:51,-4.004184,-79.208865,Av. Rosa Hermosa,CON_LESIONADOS,Choque Vehicular,Factores externos,65,LESIONADO,NO_REGISTRA,OTRO,,,,,,,,
2023-03-13 13:05:59,-3.995508,-79.197118,Av. Manuel Agustin Aguirre,SOLO_DANOS,Colision Multiple,Via resbaladiza o mojada,,,,,,,,,,,,
2023-09-08 09:58:10,-4.011955,-79.214133,Calle Mercadillo,CON_LESIONADOS,Caida,Visibilidad reducida,71,LESIONADO,HOMBRE,SCOOTER,65,LESIONADO,HOMBRE,MOTOCICLETA,,,,
2023-03-25 23:05:16,-4.025260,-79.189625,Av. Isidro Ayora,CON_LESIONADOS,Caida,Fatiga del conductor,72,LESIONADO,MUJER,OTRO,,,,,,,,
2023-11-17 21:43:47,-3.989091,-79.220717,Calle 10 de Agosto,SOLO_DANOS,Caida,Via resbaladiza o mojada,,,,,,,,,,,,
2023-06-17 10:22:54,-4.004522,-79.183297,Av. Cuxibamba,SOLO_DANOS,Colision Multiple,Fatiga del conductor,,,,,,,,,,,,
2023-07-30 14:37:53,-4.029983,-79.207229,Via Loja - Catamayo,CON_LESIONADOS,Colision Multiple,Equipo de seguridad deficiente,24,LESIONADO,MUJER,CICLISTA,9,LESIONADO,MUJER,CICLISTA,,,,
2023-10-01 19:46:37,-4.025312,-79.227047,Av. Universitaria,CON_FALLECIDOS,Accidente Laboral,Imprudencia del conductor,81,FALLECIDO,NO_REGISTRA,CICLISTA,44,LESIONADO,HOMBRE,OTRO,,,,
2023-11-10 16:33:40,-4.031594,-79.221753,Av. Reinaldo Espinosa,CON_FALLECIDOS,Atropellamiento,Factores externos,65,FALLECIDO,MUJER,MOTOCICLETA,62,LESIONADO,NO_REGISTRA,OTRO,,,,
2023-04-02 06:13:08,-4.004848,-79.216171,Calle Imbabura,CON_LESIONADOS,Atropellamiento,Mal estado de la via,44,LESIONADO,HOMBRE,OTRO,,,,,,,,
2023-05-14 01:52:33,-4.013210,-79.182867,Calle Mercadillo,CON_LESIONADOS,Volcamiento,Distraccion (celular/radio),14,LESIONADO,HOMBRE,OTRO,21,LESIONADO,MUJER,PEATON,64,LESIONADO,HOMBRE,MOTOCICLETA
2023-12-27 02:57:37,-4.007497,-79.202160,Calle Quito,SOLO_DANOS,Atropellamiento,Via resbaladiza o mojada,,,,,,,,,,,,
2023-04-16 19:07:50,-4.024320,-79.201056,Calle Colon,CON_LESIONADOS,Volcamiento,Factores externos,61,LESIONADO,NO_REGISTRA,VEH_LIVIANO,52,LESIONADO,HOMBRE,VEH_LIVIANO,,,,
2023-11-08 04:04:12,-3.986131,-79.182844,Calle Colon,CON_LESIONADOS,Atropellamiento,Mal estado de la via,5,LESIONADO,HOMBRE,SCOOTER,13,LESIONADO,NO_REGISTRA,OTRO,,,,
2023-10-30 22:02:26,-4.030735,-79.219655,Calle Bolivar,CON_LESIONADOS,Choque Vehicular,Mal estado de la via,74,LESIONADO,NO_REGISTRA,CICLISTA,69,LESIONADO,NO_REGISTRA,SCOOTER,51,LESIONADO,MUJER,OTRO
2023-11-01 15:27:09,-4.019943,-79.217794,Av. Orillas del Zamora,CON_LESIONADOS,Caida,Estado de embriaguez,50,LESIONADO,MUJER,VEH_LIVIANO,69,LESIONADO,MUJER,SCOOTER,66,LESIONADO,NO_REGISTRA,MOTOCICLETA
2023-05-22 09:22:28,-4.010757,-79.211597,Av. 8 de Diciembre,CON_LESIONADOS,Choque Vehicular,Distraccion (celular/radio),31,LESIONADO,HOMBRE,PEATON,42,LESIONADO,HOMBRE,OTRO,71,LESIONADO,HOMBRE,CICLISTA
2023-04-15 23:30:02,-3.992253,-79.176686,Av. Manuel Agustin Aguirre,SOLO_DANOS,Choque Vehicular,Imprudencia del conductor,,,,,,,,,,,,
2023-11-11 01:40:49,-4.033369,-79.225060,Calle Sucre,SOLO_DANOS,Incendio,Distraccion (celular/radio),,,,,,,,,,,,
2023-07-06 00:40:29,-4.003259,-79.212750,Av. Rosa Hermosa,CON_FALLECIDOS,Atropellamiento,Distraccion (celular/radio),38,FALLECIDO,HOMBRE,PEATON,67,FALLECIDO,MUJER,OTRO,5,LESIONADO,NO_REGISTRA,MOTOCICLETA
2023-07-25 22:13:51,-3.982517,-79.214922,Av. Gran Colombia,CON_LESIONADOS,Accidente Laboral,Mal estado de la via,33,LESIONADO,HOMBRE,PEATON,,,,,,,,
2023-03-05 00:02:04,-3.994194,-79.205371,Av. Manuel Agustin Aguirre,CON_LESIONADOS,Colision Multiple,Via resbaladiza o mojada,29,LESIONADO,MUJER,MOTOCICLETA,42,LESIONADO,MUJER,MOTOCICLETA,,,,
2023-09-14 01:35:04,-4.004925,-79.192342,Calle Rocafuerte,CON_LESIONADOS,Atropellamiento,Equipo de seguridad deficiente,77,LESIONADO,HOMBRE,PEATON,61,LESIONADO,HOMBRE,SCOOTER,,,,
2023-07-01 06:36:33,-4.026424,-79.198523,Calle Bolivar,CON_FALLECIDOS,Choque Vehicular,Estado de embriaguez,58,FALLECIDO,MUJER,VEH_LIVIANO,74,FALLECIDO,NO_REGISTRA,PEATON,65,LESIONADO,NO_REGISTRA,PEATON
2023-04-09 18:39:54,-4.003062,-79.199200,Calle Saraguro,CON_LESIONADOS,Incendio,Estado de embriaguez,77,LESIONADO,HOMBRE,MOTOCICLETA,71,LESIONADO,HOMBRE,OTRO,67,LESIONADO,HOMBRE,PEATON
2023-06-14 09:45:24,-4.010883,-79.179783,Av. Metropolitana,SOLO_DANOS,Volcamiento,Factores externos,,,,,,,,,,,,
2023-04-14 16:50:42,-3.998647,-79.182485,Ruta 35,SOLO_DANOS,Incendio,Mal estado de la via,,,,,,,,,,,,
2023-09-26 11:23:25,-4.022168,-79.187585,Calle Saraguro,CON_FALLECIDOS,Accidente Laboral,Factores externos,48,FALLECIDO,NO_REGISTRA,CICLISTA,,,,,,,,
2023-06-01 21:29:51,-4.017644,-79.191125,Calle Imbabura,CON_FALLECIDOS,Accidente Laboral,Visibilidad reducida,84,FALLECIDO,NO_REGISTRA,PEATON,35,LESIONADO,MUJER,MOTOCICLETA,,,,
2023-07-29 08:55:09,-4.034790,-79.224842,Av. 8 de Diciembre,CON_LESIONADOS,Volcamiento,Factores externos,9,LESIONADO,HOMBRE,MOTOCICLETA,50,LESIONADO,NO_REGISTRA,SCOOTER,38,LESIONADO,NO_REGISTRA,MOTOCICLETA
2023-11-23 05:50:28,-3.993278,-79.205793,Av. Isidro Ayora,CON_FALLECIDOS,Choque Vehicular,Fatiga del conductor,28,FALLECIDO,NO_REGISTRA,CICLISTA,85,FALLECIDO,MUJER,VEH_LIVIANO,,,,
2023-11-19 09:37:54,-4.002278,-79.207412,Via Loja - Zamora,CON_FALLECIDOS,Accidente Laboral,Falla mecanica,84,FALLECIDO,MUJER,VEH_LIVIANO,22,LESIONADO,HOMBRE,SCOOTER,19,LESIONADO,NO_REGISTRA,PEATON
2023-12-30 01:46:03,-3.980076,-79.200397,Av. Isidro Ayora,CON_FALLECIDOS,Incendio,Exceso de velocidad,49,FALLECIDO,MUJER,SCOOTER,45,FALLECIDO,NO_REGISTRA,VEH_LIVIANO,21,LESIONADO,NO_REGISTRA,OTRO
2023-05-12 04:23:29,-3.983783,-79.230330,Av. Isidro Ayora,CON_LESIONADOS,Atropellamiento,Factores externos,16,LESIONADO,NO_REGISTRA,VEH_LIVIANO,41,LESIONADO,MUJER,OTRO,80,LESIONADO,NO_REGISTRA,PEATON
2023-02-26 20:16:32,-3.984137,-79.204973,Calle 10 de Agosto,SOLO_DANOS,Colision Multiple,Inobservancia de senales,,,,,,,,,,,,
2023-04-21 01:15:00,-3.994905,-79.208573,Calle Colon,CON_FALLECIDOS,Colision Multiple,Equipo de seguridad deficiente,80,FALLECIDO,HOMBRE,SCOOTER,42,FALLECIDO,HOMBRE,SCOOTER,32,LESIONADO,HOMBRE,OTRO
2023-02-17 01:36:31,-3.985716,-79.186311,Calle Bolivar,CON_FALLECIDOS,Colision Multiple,Factores externos,58,FALLECIDO,MUJER,PEATON,,,,,,,,
2023-09-20 22:32:22,-4.003326,-79.230799,Av. Pio Jaramillo,SOLO_DANOS,Choque Vehicular,Mal estado de la via,,,,,,,,,,,,
2023-03-30 00:04:40,-4.005278,-79.208482,Av. Cuxibamba,CON_FALLECIDOS,Volcamiento,Estado de embriaguez,21,FALLECIDO,MUJER,MOTOCICLETA,41,LESIONADO,MUJER,OTRO,29,LESIONADO,HOMBRE,SCOOTER
2023-05-16 02:49:58,-4.019797,-79.203167,Av. Manuel Agustin Aguirre,SOLO_DANOS,Choque Vehicular,Falla mecanica,,,,,,,,,,,,
2023-02-21 18:27:26,-3.983111,-79.180756,Av. Reinaldo Espinosa,CON_FALLECIDOS,Colision Multiple,Visibilidad reducida,55,FALLECIDO,MUJER,OTRO,47,LESIONADO,NO_REGISTRA,VEH_LIVIANO,,,,
2023-08-07 12:05:16,-3.979264,-79.181639,Calle 18 de Noviembre,CON_LESIONADOS,Accidente Laboral,Via resbaladiza o mojada,23,LESIONADO,MUJER,CICLISTA,,,,,,,,
2023-05-30 06:53:56,-4.025349,-79.214131,Av. Gran Colombia,SOLO_DANOS,Incendio,Imprudencia del conductor,,,,,,,,,,,,
2023-11-24 14:03:48,-4.001875,-79.215439,Av. Universitaria,SOLO_DANOS,Caida,Estado de embriaguez,,,,,,,,,,,,
2023-06-29 22:13:02,-4.007298,-79.221044,Calle Saraguro,CON_FALLECIDOS,Incendio,Factores externos,18,FALLECIDO,MUJER,VEH_LIVIANO,,,,,,,,
2023-12-17 15:02:46,-4.003069,-79.182537,Calle Colon,CON_LESIONADOS,Accidente Laboral,Via resbaladiza o mojada,46,LESIONADO,MUJER,MOTOCICLETA,51,LESIONADO,MUJER,CICLISTA,,,,
2023-01-07 21:52:56,-4.013902,-79.184950,Calle 18 de Noviembre,CON_LESIONADOS,Atropellamiento,Estado de embriaguez,7,LESIONADO,MUJER,SCOOTER,,,,,,,,
2023-07-29 15:00:26,-4.028442,-79.198518,Av. Reinaldo Espinosa,SOLO_DANOS,Choque Vehicular,Mal estado de la via,,,,,,,,,,,,
2023-07-10 11:00:34,-4.019033,-79.194630,Calle Colon,CON_LESIONADOS,Colision Multiple,Inobservancia de senales,9,LESIONADO,NO_REGISTRA,MOTOCICLETA,,,,,,,,
2023-08-21 06:45:44,-4.007713,-79.218739,Calle Azogues,SOLO_DANOS,Incendio,Distraccion (celular/radio),,,,,,,,,,,,
2023-07-15 07:33:11,-4.034870,-79.193955,Av. Metropolitana,CON_LESIONADOS,Accidente Laboral,Exceso de velocidad,73,LESIONADO,MUJER,MOTOCICLETA,,,,,,,,
2023-08-21 20:14:51,-3.984975,-79.229470,Calle Azogues,CON_LESIONADOS,Atropellamiento,Mal estado de la via,75,LESIONADO,HOMBRE,CICLISTA,10,LESIONADO,HOMBRE,PEATON,52,LESIONADO,MUJER,VEH_LIVIANO
2023-05-11 09:18:00,-4.012762,-79.223241,Calle 10 de Agosto,CON_FALLECIDOS,Accidente Laboral,Via resbaladiza o mojada,73,FALLECIDO,NO_REGISTRA,SCOOTER,23,LESIONADO,NO_REGISTRA,OTRO,39,LESIONADO,HOMBRE,VEH_LIVIANO
2023-05-18 04:51:19,-3.995556,-79.215353,Calle Quito,CON_FALLECIDOS,Caida,Equipo de seguridad deficiente,75,FALLECIDO,HOMBRE,CICLISTA,45,FALLECIDO,HOMBRE,MOTOCICLETA,,,,
2023-05-28 17:45:28,-4.024925,-79.190482,Calle Saraguro,CON_LESIONADOS,Volcamiento,Imprudencia del conductor,45,LESIONADO,MUJER,VEH_LIVIANO,17,LESIONADO,NO_REGISTRA,OTRO,51,LESIONADO,HOMBRE,CICLISTA
2023-02-11 18:29:58,-3.989196,-79.181562,Av. Reinaldo Espinosa,SOLO_DANOS,Colision Multiple,Equipo de seguridad deficiente,,,,,,,,,,,,
2023-04-10 18:48:28,-4.016170,-79.220157,Av. Orillas del Zamora,CON_FALLECIDOS,Colision Multiple,Equipo de seguridad deficiente,63,FALLECIDO,HOMBRE,VEH_LIVIANO,,,,,,,,
2023-03-07 17:53:28,-4.002355,-79.205616,Av. Orillas del Zamora,SOLO_DANOS,Caida,Via resbaladiza o mojada,,,,,,,,,,,,
2023-10-22 09:09:00,-4.028664,-79.189673,Ruta 35,SOLO_DANOS,Choque Vehicular,Exceso de velocidad,,,,,,,,,,,,
2023-05-26 11:14:42,-3.977851,-79.226887,Calle Azogues,SOLO_DANOS,Accidente Laboral,Inobservancia de senales,,,,,,,,,,,,
2023-10-31 03:13:58,-4.029787,-79.185985,Calle Colon,CON_FALLECIDOS,Choque Vehicular,Equipo de seguridad deficiente,52,FALLECIDO,HOMBRE,OTRO,,,,,,,,
2023-07-29 00:24:46,-4.023400,-79.191018,Calle 18 de Noviembre,SOLO_DANOS,Volcamiento,Exceso de velocidad,,,,,,,,,,,,
2023-07-31 08:51:20,-4.001390,-79.191169,Via Loja - Catamayo,SOLO_DANOS,Choque Vehicular,Exceso de velocidad,,,,,,,,,,,,
2023-08-10 12:29:59,-4.007938,-79.225512,Calle Miguel Riofrio,CON_LESIONADOS,Accidente Laboral,Falla mecanica,10,LESIONADO,HOMBRE,PEATON,,,,,,,,
2023-04-07 00:31:56,-3.984834,-79.213055,Calle Bolivar,CON_FALLECIDOS,Caida,Distraccion (celular/radio),59,FALLECIDO,MUJER,SCOOTER,79,LESIONADO,HOMBRE,SCOOTER,,,,
2023-11-03 13:12:57,-4.028843,-79.220327,Calle Saraguro,CON_LESIONADOS,Atropellamiento,Inobservancia de senales,63,LESIONADO,HOMBRE,MOTOCICLETA,,,,,,,,
2023-11-25 05:44:33,-3.990681,-79.191957,Calle Imbabura,CON_FALLECIDOS,Choque Vehicular,Factores externos,53,FALLECIDO,NO_REGISTRA,CICLISTA,36,LESIONADO,MUJER,OTRO,,,,
2023-12-15 18:50:12,-4.019692,-79.220045,Calle Saraguro,CON_LESIONADOS,Incendio,Factores externos,33,LESIONADO,HOMBRE,SCOOTER,,,,,,,,
2023-01-09 09:17:31,-3.996080,-79.179750,Calle Mercadillo,CON_FALLECIDOS,Choque Vehicular,Fatiga del conductor,43,FALLECIDO,HOMBRE,CICLISTA,71,FALLECIDO,MUJER,SCOOTER,13,LESIONADO,HOMBRE,PEATON
2023-10-10 12:35:33,-4.006220,-79.194802,Av. Universitaria,SOLO_DANOS,Volcamiento,Visibilidad reducida,,,,,,,,,,,,
2023-07-30 02:40:22,-4.032788,-79.178691,Calle Azogues,SOLO_DANOS,Atropellamiento,Fatiga del conductor,,,,,,,,,,,,
2023-07-08 04:39:13,-3.981481,-79.221518,Calle Miguel Riofrio,CON_FALLECIDOS,Caida,Via resbaladiza o mojada,48,FALLECIDO,HOMBRE,VEH_LIVIANO,59,LESIONADO,NO_REGISTRA,MOTOCICLETA,69,LESIONADO,MUJER,OTRO
2023-07-18 09:28:57,-4.007951,-79.223303,Calle Azogues,CON_LESIONADOS,Volcamiento,Visibilidad reducida,54,LESIONADO,MUJER,PEATON,14,LESIONADO,HOMBRE,PEATON,72,LESIONADO,MUJER,SCOOTER
2023-11-14 17:49:56,-4.027421,-79.171478,Av. Universitaria,SOLO_DANOS,Volcamiento,Via resbaladiza o mojada,,,,,,,,,,,,
2023-07-20 06:57:15,-4.007518,-79.208551,Av. Cuxibamba,SOLO_DANOS,Accidente Laboral,Mal estado de la via,,,,,,,,,,,,
2023-10-30 03:00:55,-3.996399,-79.222609,Av. Orillas del Zamora,CON_FALLECIDOS,Caida,Estado de embriaguez,40,FALLECIDO,HOMBRE,OTRO,56,FALLECIDO,NO_REGISTRA,OTRO,13,LESIONADO,NO_REGISTRA,OTRO
2023-03-27 20:12:37,-3.981940,-79.215809,Calle Saraguro,CON_FALLECIDOS,Choque Vehicular,Distraccion (celular/radio),57,FALLECIDO,HOMBRE,VEH_LIVIANO,,,,,,,,
2023-01-02 10:08:52,-4.035179,-79.186018,Av. Rosa Hermosa,CON_FALLECIDOS,Incendio,Falla mecanica,47,FALLECIDO,MUJER,MOTOCICLETA,61,FALLECIDO,HOMBRE,VEH_LIVIANO,43,LESIONADO,MUJER,VEH_LIVIANO
2023-07-28 10:46:26,-3.996155,-79.190798,Av. Orillas del Zamora,SOLO_DANOS,Caida,Via resbaladiza o mojada,,,,,,,,,,,,
2023-05-23 02:52:44,-4.035986,-79.209706,Calle Rocafuerte,CON_FALLECIDOS,Colision Multiple,Estado de embriaguez,39,FALLECIDO,MUJER,SCOOTER,9,LESIONADO,NO_REGISTRA,PEATON,,,,
2023-12-07 21:38:18,-3.981375,-79.172368,Via Loja - Zamora,CON_LESIONADOS,Choque Vehicular,Distraccion (celular/radio),56,LESIONADO,MUJER,VEH_LIVIANO,17,LESIONADO,HOMBRE,PEATON,,,,
2023-10-10 00:10:52,-4.019000,-79.181198,Av. Metropolitana,CON_FALLECIDOS,Volcamiento,Mal estado de la via,36,FALLECIDO,MUJER,SCOOTER,56,FALLECIDO,MUJER,OTRO,56,LESIONADO,HOMBRE,MOTOCICLETA
2023-03-10 12:42:19,-4.034660,-79.225805,Ruta 35,CON_FALLECIDOS,Colision Multiple,Distraccion (celular/radio),18,FALLECIDO,NO_REGISTRA,CICLISTA,15,LESIONADO,HOMBRE,PEATON,,,,
2023-05-23 17:55:55,-4.027608,-79.205477,Av. Orillas del Zamora,CON_FALLECIDOS,Choque Vehicular,Via resbaladiza o mojada,69,FALLECIDO,NO_REGISTRA,OTRO,,,,,,,,
2023-06-22 13:21:03,-3.986082,-79.196528,Av. Metropolitana,CON_FALLECIDOS,Atropellamiento,Via resbaladiza o mojada,38,FALLECIDO,MUJER,VEH_LIVIANO,8,LESIONADO,MUJER,PEATON,45,LESIONADO,MUJER,SCOOTER
2023-12-19 20:29:29,-3.998845,-79.200295,Calle Colon,CON_LESIONADOS,Atropellamiento,Mal estado de la via,60,LESIONADO,MUJER,MOTOCICLETA,,,,,,,,
2023-02-05 06:11:04,-3.981607,-79.202263,Via Loja - Catamayo,CON_FALLECIDOS,Incendio,Fatiga del conductor,68,FALLECIDO,NO_REGISTRA,VEH_LIVIANO,32,LESIONADO,NO_REGISTRA,VEH_LIVIANO,10,LESIONADO,HOMBRE,SCOOTER
2023-09-14 12:21:04,-4.027072,-79.178845,Calle Miguel Riofrio,CON_FALLECIDOS,Caida,Via resbaladiza o mojada,85,FALLECIDO,NO_REGISTRA,SCOOTER,74,FALLECIDO,MUJER,CICLISTA,60,LESIONADO,HOMBRE,SCOOTER
2023-02-19 17:40:49,-4.026308,-79.228813,Calle Azogues,CON_LESIONADOS,Volcamiento,Inobservancia de senales,66,LESIONADO,HOMBRE,OTRO,64,LESIONADO,MUJER,VEH_LIVIANO,,,,
2023-11-23 09:17:26,-4.020031,-79.178594,Calle Imbabura,SOLO_DANOS,Volcamiento,Factores externos,,,,,,,,,,,,
2023-02-15 13:42:28,-4.005144,-79.184458,Av. Reinaldo Espinosa,CON_FALLECIDOS,Caida,Distraccion (celular/radio),81,FALLECIDO,HOMBRE,PEATON,8,LESIONADO,NO_REGISTRA,VEH_LIVIANO,,,,
2023-10-09 17:36:34,-4.004525,-79.181822,Calle Colon,CON_FALLECIDOS,Incendio,Via resbaladiza o mojada,18,FALLECIDO,HOMBRE,OTRO,,,,,,,,
2023-02-08 13:46:11,-3.989458,-79.202348,Via Loja - Zamora,CON_LESIONADOS,Volcamiento,Imprudencia del conductor,18,LESIONADO,NO_REGISTRA,OTRO,54,LESIONADO,MUJER,PEATON,,,,
2023-06-08 10:40:36,-4.032178,-79.230863,Calle Imbabura,CON_LESIONADOS,Caida,Exceso de velocidad,55,LESIONADO,MUJER,CICLISTA,69,LESIONADO,HOMBRE,CICLISTA,31,LESIONADO,MUJER,CICLISTA
2023-07-03 00:11:12,-4.011243,-79.226299,Av. Pio Jaramillo,CON_FALLECIDOS,Atropellamiento,Falla mecanica,71,FALLECIDO,HOMBRE,SCOOTER,37,FALLECIDO,HOMBRE,SCOOTER,52,LESIONADO,HOMBRE,OTRO
2023-01-07 09:36:28,-4.031524,-79.192537,Av. Reinaldo Espinosa,CON_LESIONADOS,Atropellamiento,Equipo de seguridad deficiente,54,LESIONADO,NO_REGISTRA,CICLISTA,23,LESIONADO,HOMBRE,CICLISTA,64,LESIONADO,HOMBRE,OTRO
2023-12-01 00:12:48,-4.004705,-79.205361,Calle Imbabura,CON_LESIONADOS,Colision Multiple,Factores externos,36,LESIONADO,NO_REGISTRA,VEH_LIVIANO,,,,,,,,
2023-03-09 11:17:50,-4.007483,-79.179460,Via Loja - Zamora,CON_LESIONADOS,Volcamiento,Exceso de velocidad,47,LESIONADO,NO_REGISTRA,PEATON,,,,,,,,
2023-01-24 01:25:12,-3.997837,-79.204643,Av. Rosa Hermosa,CON_LESIONADOS,Accidente Laboral,Inobservancia de senales,21,LESIONADO,HOMBRE,MOTOCICLETA,9,LESIONADO,MUJER,MOTOCICLETA,6,LESIONADO,NO_REGISTRA,SCOOTER
2023-08-05 09:11:54,-3.997366,-79.196719,Calle Miguel Riofrio,CON_FALLECIDOS,Atropellamiento,Estado de embriaguez,58,FALLECIDO,MUJER,SCOOTER,69,FALLECIDO,HOMBRE,VEH_LIVIANO,65,LESIONADO,NO_REGISTRA,PEATON
2023-01-14 04:32:56,-3.992808,-79.195511,Av. Reinaldo Espinosa,CON_FALLECIDOS,Choque Vehicular,Visibilidad reducida,59,FALLECIDO,MUJER,CICLISTA,76,FALLECIDO,HOMBRE,VEH_LIVIANO,40,LESIONADO,HOMBRE,OTRO
2023-07-15 16:10:03,-4.013517,-79.182872,Ruta 35,CON_FALLECIDOS,Colision Multiple,Distraccion (celular/radio),75,FALLECIDO,HOMBRE,MOTOCICLETA,68,LESIONADO,NO_REGISTRA,SCOOTER,33,LESIONADO,MUJER,CICLISTA
2023-08-27 01:27:44,-4.035591,-79.189871,Calle Quito,CON_FALLECIDOS,Volcamiento,Mal estado de la via,42,FALLECIDO,NO_REGISTRA,SCOOTER,42,LESIONADO,NO_REGISTRA,SCOOTER,,,,