fecha_hora,latitud,longitud,via,grado_severidad,tipo_siniestro,causa_probable,victima1_edad,victima1_condicion,victima1_sexo,victima1_actor_vial,victima2_edad,victima2_condicion,victima2_sexo,victima2_actor_vial,victima3_edad,victima3_condicion,victima3_sexo,victima3_actor_vial
2023-07-23 00:56:43,-3.995312,-79.182452,Av. Universitaria,CON_LESIONADOS,Choque Vehicular,Visibilidad reducida,23,LESIONADO,HOMBRE,MOTOCICLETA,,,,,,,,
2023-01-08 05:51:25,-3.981952,-79.185109,Av. Metropolitana,CON_LESIONADOS,Colision Multiple,Distraccion (celular/radio),24,LESIONADO,NO_REGISTRA,MOTOCICLETA,62,LESIONADO,MUJER,OTRO,57,LESIONADO,NO_REGISTRA,MOTOCICLETA
2023-09-06 15:28:45,-4.030889,-79.227931,Av. Universitaria,CON_FALLECIDOS,Incendio,Distraccion (celular/radio),35,FALLECIDO,HOMBRE,OTRO,,,,,,,,
2023-09-09 17:49:45,-4.007060,-79.221519,Calle Quito,CON_LESIONADOS,Choque Vehicular,Via resbaladiza o mojada,58,LESIONADO,HOMBRE,OTRO,54,LESIONADO,HOMBRE,MOTOCICLETA,70,LESIONADO,HOMBRE,OTRO
2023-10-07 06:35:24,-4.006409,-79.228041,Calle 18 de Noviembre,CON_LESIONADOS,Accidente Laboral,Equipo de seguridad deficiente,18,LESIONADO,MUJER,PEATON,12,LESIONADO,NO_REGISTRA,SCOOTER,36,LESIONADO,MUJER,SCOOTER
2023-09-27 16:58:21,-3.992759,-79.173563,Via Loja - Catamayo,CON_LESIONADOS,Colision Multiple,Mal estado de la via,51,LESIONADO,MUJER,OTRO,16,LESIONADO,HOMBRE,PEATON,38,LESIONADO,HOMBRE,VEH_LIVIANO
2023-02-24 21:29:27,-3.986143,-79.219457,Av. Rosa Hermosa,SOLO_DANOS,Colision Multiple,Equipo de seguridad deficiente,,,,,,,,,,,,
2023-06-07 12:19:35,-3.978512,-79.175658,Av. Orillas del Zamora,CON_FALLECIDOS,Colision Multiple,Falla mecanica,66,FALLECIDO,NO_REGISTRA,MOTOCICLETA,77,FALLECIDO,MUJER,CICLISTA,65,LESIONADO,MUJER,VEH_LIVIANO
2023-05-27 23:31:47,-3.979148,-79.189789,Av. Metropolitana,SOLO_DANOS,Incendio,Estado de embriaguez,70,LESIONADO,MUJER,PEATON,,,,,,,,
2023-05-26 20:55:51,-3.977253,-79.229459,Av. Orillas del Zamora,CON_FALLECIDOS,Incendio,Inobservancia de senales,49,FALLECIDO,NO_REGISTRA,VEH_LIVIANO,84,FALLECIDO,HOMBRE,CICLISTA,48,LESIONADO,NO_REGISTRA,MOTOCICLETA
2023-01-24 14:16:45,-3.994900,-79.229236,Av. Orillas del Zamora,CON_FALLECIDOS,Colision Multiple,Via resbaladiza o mojada,19,FALLECIDO,MUJER,SCOOTER,47,LESIONADO,MUJER,CICLISTA,,,,
2023-08-06 11:07:17,-4.025774,-79.215151,Calle Imbabura,CON_FALLECIDOS,Volcamiento,Inobservancia de senales,79,FALLECIDO,HOMBRE,MOTOCICLETA,32,FALLECIDO,MUJER,PEATON,,,,
2023-09-07 21:20:14,-3.989791,-79.179489,Ruta 35,CON_FALLECIDOS,Volcamiento,Estado de embriaguez,33,FALLECIDO,MUJER,MOTOCICLETA,73,FALLECIDO,MUJER,SCOOTER,13,LESIONADO,HOMBRE,MOTOCICLETA
2023-09-26 09:43:41,-3.980569,-79.184621,Calle Saraguro,CON_FALLECIDOS,Incendio,Imprudencia del conductor,46,FALLECIDO,NO_REGISTRA,VEH_LIVIANO,22,LESIONADO,MUJER,CICLISTA,45,LESIONADO,MUJER,PEATON
2023-06-10 18:26:11,-4.013470,-79.224587,Calle Saraguro,CON_LESIONADOS,Atropellamiento,Imprudencia del conductor,8,LESIONADO,MUJER,PEATON,,,,,,,,
2023-06-08 10:58:27,-4.000635,-79.188074,Ruta 35,CON_LESIONADOS,Choque Vehicular,Equipo de seguridad deficiente,20,LESIONADO,NO_REGISTRA,VEH_LIVIANO,8,LESIONADO,NO_REGISTRA,SCOOTER,15,LESIONADO,HOMBRE,PEATON
2023-04-27 17:39:20,-4.007708,-79.204856,Via Loja - Catamayo,SOLO_DANOS,Accidente Laboral,Imprudencia del conductor,,,,,,,,,,,,
2023-11-17 08:30:31,-3.991622,-79.216730,Av. Orillas del Zamora,CON_FALLECIDOS,Caida,Via resbaladiza o mojada,46,FALLECIDO,HOMBRE,OTRO,18,LESIONADO,MUJER,CICLISTA,,,,
2023-05-04 01:42:36,-4.033470,-79.225345,Av. Metropolitana,CON_LESIONADOS,Accidente Laboral,Factores externos,55,LESIONADO,HOMBRE,CICLISTA,6,LESIONADO,MUJER,CICLISTA,,,,
2023-09-16 17:12:10,-4.015638,-79.213352,Calle 18 de Noviembre,CON_LESIONADOS,Choque Vehicular,Distraccion (celular/radio),59,LESIONADO,NO_REGISTRA,OTRO,68,LESIONADO,NO_REGISTRA,VEH_LIVIANO,58,LESIONADO,MUJER,SCOOTER
2023-02-14 16:20:54,-4.021838,-79.183731,Calle Rocafuerte,CON_LESIONADOS,Caida,Via resbaladiza o mojada,20,LESIONADO,MUJER,CICLISTA,,,,,,,,
2023-09-07 14:38:13,-3.980855,-79.217314,Calle Quito,CON_FALLECIDOS,Accidente Laboral,Via resbaladiza o mojada,65,FALLECIDO,MUJER,PEATON,75,LESIONADO,NO_REGISTRA,VEH_LIVIANO,,,,
2023-07-03 19:46:56,-4.009765,-79.212824,Calle Montufar,CON_LESIONADOS,Colision Multiple,Exceso de velocidad,78,LESIONADO,HOMBRE,VEH_LIVIANO,33,LESIONADO,MUJER,CICLISTA,67,LESIONADO,HOMBRE,CICLISTA
2023-11-22 09:36:51,-3.999951,-79.177588,Calle Miguel Riofrio,CON_LESIONADOS,Choque Vehicular,Via resbaladiza o mojada,63,LESIONADO,NO_REGISTRA,SCOOTER,,,,,,,,
2023-10-24 13:04:51,-4.026822,-79.217264,Calle Montufar,SOLO_DANOS,Accidente Laboral,Estado de embriaguez,6,LESIONADO,MUJER,PEATON,,,,,,,,
2023-12-24 03:14:09,-3.999773,-79.204771,Via Loja - Catamayo,CON_LESIONADOS,Choque Vehicular,Imprudencia del conductor,10,LESIONADO,HOMBRE,VEH_LIVIANO,66,LESIONADO,NO_REGISTRA,MOTOCICLETA,,,,
2023-12-13 11:58:37,-3.982404,-79.203530,Calle Mercadillo,CON_FALLECIDOS,Volcamiento,Visibilidad reducida,38,FALLECIDO,MUJER,OTRO,66,FALLECIDO,MUJER,CICLISTA,73,LESIONADO,MUJER,SCOOTER
2023-02-07 07:44:20,-3.982742,-79.197977,Av. Reinaldo Espinosa,CON_FALLECIDOS,Atropellamiento,Fatiga del conductor,29,FALLECIDO,MUJER,OTRO,31,LESIONADO,MUJER,OTRO,,,,
2023-06-23 13:15:12,-4.014847,-79.209191,Calle Sucre,SOLO_DANOS,Volcamiento,Visibilidad reducida,,,,,,,,,,,,
2023-09-25 06:52:24,-4.006511,-79.182263,Calle Sucre,CON_LESIONADOS,Atropellamiento,Fatiga del conductor,32,LESIONADO,MUJER,CICLISTA,68,LESIONADO,NO_REGISTRA,VEH_LIVIANO,,,,
2023-10-13 14:20:26,-3.979767,-79.198628,Calle Bolivar,SOLO_DANOS,Incendio,Exceso de velocidad,,,,,,,,,,,,
2023-07-15 01:46:53,-4.036476,-79.205646,Calle Montufar,CON_FALLECIDOS,Colision Multiple,Via resbaladiza o mojada,60,FALLECIDO,NO_REGISTRA,SCOOTER,79,FALLECIDO,MUJER,MOTOCICLETA,73,LESIONADO,HOMBRE,SCOOTER
2023-03-17 11:38:10,-4.019333,-79.211159,Calle Mercadillo,CON_LESIONADOS,Choque Vehicular,Fatiga del conductor,32,LESIONADO,NO_REGISTRA,CICLISTA,13,LESIONADO,NO_REGISTRA,CICLISTA,5,LESIONADO,MUJER,PEATON
2023-12-26 02:32:39,-3.990834,-79.210890,Av. Rosa Hermosa,SOLO_DANOS,Choque Vehicular,Distraccion (celular/radio),,,,,,,,,,,,
2023-01-21 14:34:51,-4.015789,-79.176474,Calle Sucre,CON_FALLECIDOS,Accidente Laboral,Via resbaladiza o mojada,41,FALLECIDO,NO_REGISTRA,OTRO,25,FALLECIDO,MUJER,MOTOCICLETA,67,LESIONADO,HOMBRE,MOTOCICLETA
2023-01-23 04:48:56,-4.002507,-79.172120,Calle Sucre,CON_FALLECIDOS,Choque Vehicular,Via resbaladiza o mojada,28,FALLECIDO,MUJER,CICLISTA,76,FALLECIDO,HOMBRE,PEATON,,,,
2023-03-02 00:38:02,-3.999103,-79.209438,Av. 8 de Diciembre,CON_LESIONADOS,Incendio,Distraccion (celular/radio),80,LESIONADO,MUJER,OTRO,,,,,,,,
2023-03-22 17:33:38,-4.006212,-79.195193,Calle Azogues,SOLO_DANOS,Choque Vehicular,Inobservancia de senales,,,,,,,,,,,,
2023-07-22 05:16:18,-4.035000,-79.197763,Calle Quito,CON_LESIONADOS,Volcamiento,Falla mecanica,80,LESIONADO,HOMBRE,SCOOTER,57,LESIONADO,HOMBRE,VEH_LIVIANO,,,,
2023-11-28 00:50:48,-3.988666,-79.218825,Calle Mercadillo,CON_LESIONADOS,Caida,Exceso de velocidad,23,LESIONADO,HOMBRE,CICLISTA,,,,,,,,
2023-11-30 01:51:32,-4.018570,-79.176345,Via Loja - Zamora,CON_FALLECIDOS,Caida,Factores externos,47,FALLECIDO,HOMBRE,CICLISTA,79,LESIONADO,MUJER,SCOOTER,56,LESIONADO,NO_REGISTRA,PEATON
2023-08-22 14:54:44,-4.031577,-79.175106,Calle Saraguro,CON_LESIONADOS,Volcamiento,Mal estado de la via,38,LESIONADO,NO_REGISTRA,PEATON,,,,,,,,
2023-10-09 14:09:48,-3.978288,-79.219106,Calle Montufar,CON_LESIONADOS,Accidente Laboral,Exceso de velocidad,56,LESIONADO,MUJER,MOTOCICLETA,,,,,,,,
2023-10-25 23:35:18,-3.989193,-79.224994,Via Loja - Catamayo,CON_FALLECIDOS,Incendio,Factores externos,26,FALLECIDO,HOMBRE,CICLISTA,26,FALLECIDO,HOMBRE,PEATON,10,LESIONADO,NO_REGISTRA,VEH_LIVIANO
2023-08-03 02:07:18,-4.019097,-79.172211,Calle Quito,SOLO_DANOS,Volcamiento,Falla mecanica,,,,,,,,,,,,
2023-10-15 20:51:40,-3.996862,-79.195534,Calle Colon,CON_FALLECIDOS,Colision Multiple,Mal estado de la via,72,FALLECIDO,HOMBRE,PEATON,63,FALLECIDO,HOMBRE,MOTOCICLETA,30,LESIONADO,NO_REGISTRA,PEATON
2023-10-13 00:07:20,-3.984120,-79.189924,Calle Sucre,CON_FALLECIDOS,Atropellamiento,Imprudencia del conductor,56,FALLECIDO,MUJER,OTRO,15,LESIONADO,NO_REGISTRA,VEH_LIVIANO,41,LESIONADO,HOMBRE,CICLISTA
2023-01-05 12:21:50,-4.018513,-79.214703,Calle Sucre,CON_LESIONADOS,Accidente Laboral,Distraccion (celular/radio),65,LESIONADO,HOMBRE,CICLISTA,45,LESIONADO,NO_REGISTRA,MOTOCICLETA,67,LESIONADO,MUJER,CICLISTA
2023-06-06 05:52:53,-4.008606,-79.226480,Via Loja - Catamayo,CON_FALLECIDOS,Colision Multiple,Mal estado de la via,79,FALLECIDO,NO_REGISTRA,MOTOCICLETA,75,FALLECIDO,HOMBRE,VEH_LIVIANO,22,LESIONADO,NO_REGISTRA,OTRO
2023-11-17 08:35:06,-4.013190,-79.186278,Av. Reinaldo Espinosa,CON_FALLECIDOS,Choque Vehicular,Visibilidad reducida,45,FALLECIDO,HOMBRE,MOTOCICLETA,80,FALLECIDO,HOMBRE,MOTOCICLETA,,,,
2023-09-27 12:11:44,-4.019909,-79.221976,Ruta 35,CON_LESIONADOS,Accidente Laboral,Fatiga del conductor,19,LESIONADO,MUJER,CICLISTA,29,LESIONADO,NO_REGISTRA,PEATON,,,,
2023-09-23 00:31:04,-3.998669,-79.211762,Av. Metropolitana,SOLO_DANOS,Volcamiento,Inobservancia de senales,,,,,,,,,,,,
2023-07-09 14:43:48,-3.998141,-79.171405,Av. Manuel Agustin Aguirre,CON_LESIONADOS,Incendio,Imprudencia del conductor,45,LESIONADO,HOMBRE,VEH_LIVIANO,49,LESIONADO,NO_REGISTRA,MOTOCICLETA,,,,
2023-10-11 09:39:01,-4.033753,-79.203884,Calle Rocafuerte,CON_FALLECIDOS,Colision Multiple,Imprudencia del conductor,24,FALLECIDO,HOMBRE,MOTOCICLETA,45,LESIONADO,MUJER,MOTOCICLETA,,,,
2023-05-11 19:16:29,-4.018115,-79.218811,Calle Montufar,CON_LESIONADOS,Choque Vehicular,Distraccion (celular/radio),75,LESIONADO,HOMBRE,VEH_LIVIANO,,,,,,,,
2023-01-04 07:28:24,-3.981869,-79.187761,Via Loja - Catamayo,CON_FALLECIDOS,Choque Vehicular,Imprudencia del conductor,23,FALLECIDO,NO_REGISTRA,CICLISTA,35,FALLECIDO,MUJER,SCOOTER,,,,
2023-11-28 07:37:58,-3.977325,-79.230782,Av. Manuel Agustin Aguirre,SOLO_DANOS,Accidente Laboral,Visibilidad reducida,,,,,,,,,,,,
2023-09-14 09:38:36,-3.993191,-79.176784,Av. Rosa Hermosa,CON_LESIONADOS,Caida,Falla mecanica,71,LESIONADO,MUJER,CICLISTA,46,LESIONADO,MUJER,MOTOCICLETA,50,LESIONADO,HOMBRE,PEATON
2023-06-23 13:36:26,-3.978493,-79.187015,Av. Rosa Hermosa,CON_LESIONADOS,Accidente Laboral,Fatiga del conductor,68,LESIONADO,HOMBRE,MOTOCICLETA,,,,,,,,
2023-10-01 08:09:02,-4.028525,-79.213426,Calle 10 de Agosto,CON_LESIONADOS,Atropellamiento,Inobservancia de senales,16,LESIONADO,MUJER,SCOOTER,,,,,,,,
2023-08-19 01:55:55,-3.994964,-79.173387,Calle Mercadillo,CON_LESIONADOS,Colision Multiple,Mal estado de la via,12,LESIONADO,NO_REGISTRA,MOTOCICLETA,77,LESIONADO,MUJER,CICLISTA,34,LESIONADO,MUJER,PEATON
2023-08-11 12:25:51,-4.011910,-79.208027,Calle 18 de Noviembre,CON_FALLECIDOS,Incendio,Inobservancia de senales,69,FALLECIDO,NO_REGISTRA,PEATON,65,FALLECIDO,MUJER,CICLISTA,,,,
2023-04-02 20:43:05,-4.012667,-79.198125,Av. Rosa Hermosa,CON_FALLECIDOS,Colision Multiple,Via resbaladiza o mojada,32,FALLECIDO,NO_REGISTRA,VEH_LIVIANO,32,LESIONADO,NO_REGISTRA,VEH_LIVIANO,,,,
2023-01-02 18:40:28,-4.032287,-79.183187,Calle Miguel Riofrio,SOLO_DANOS,Atropellamiento,Factores externos,,,,,,,,,,,,
2023-07-25 22:54:02,-3.990393,-79.186872,Av. Orillas del Zamora,SOLO_DANOS,Choque Vehicular,Via resbaladiza o mojada,,,,,,,,,,,,
2023-07-14 02:56:17,-4.015864,-79.187089,Calle Imbabura,CON_LESIONADOS,Colision Multiple,Inobservancia de senales,35,LESIONADO,NO_REGISTRA,MOTOCICLETA,46,LESIONADO,MUJER,OTRO,32,LESIONADO,HOMBRE,PEATON
2023-06-29 06:49:54,-3.984371,-79.214020,Av. Isidro Ayora,SOLO_DANOS,Caida,Falla mecanica,,,,,,,,,,,,
2023-01-13 13:13:51,-4.018509,-79.225965,Av. Metropolitana,CON_FALLECIDOS,Incendio,Via resbaladiza o mojada,18,FALLECIDO,MUJER,VEH_LIVIANO,78,FALLECIDO,NO_REGISTRA,VEH_LIVIANO,,,,
2023-08-25 01:06:58,-3.986161,-79.188981,Av. Gran Colombia,SOLO_DANOS,Accidente Laboral,Equipo de seguridad deficiente,,,,,,,,,,,,
2023-01-24 23:56:23,-4.028398,-79.189816,Calle Colon,SOLO_DANOS,Volcamiento,Mal estado de la via,,,,,,,,,,,,
2023-11-02 20:12:30,-4.024699,-79.195083,Calle Montufar,CON_LESIONADOS,Atropellamiento,Fatiga del conductor,7,LESIONADO,NO_REGISTRA,MOTOCICLETA,52,LESIONADO,NO_REGISTRA,PEATON,,,,
2023-11-08 19:08:05,-4.016599,-79.207339,Calle Mercadillo,CON_FALLECIDOS,Incendio,Falla mecanica,22,FALLECIDO,MUJER,SCOOTER,,,,,,,,
2023-11-03 01:31:24,-4.025650,-79.172004,Calle Miguel Riofrio,SOLO_DANOS,Caida,Distraccion (celular/radio),,,,,,,,,,,,
2023-05-21 21:10:04,-3.996709,-79.178711,Av. Metropolitana,SOLO_DANOS,Caida,Falla mecanica,,,,,,,,,,,,
2023-02-08 13:20:37,-3.997932,-79.211893,Av. Reinaldo Espinosa,SOLO_DANOS,Incendio,Exceso de velocidad,,,,,,,,,,,,
2023-02-15 10:11:10,-4.011348,-79.203081,Av. Reinaldo Espinosa,CON_FALLECIDOS,Incendio,Fatiga del conductor,19,FALLECIDO,HOMBRE,PEATON,32,FALLECIDO,HOMBRE,CICLISTA,74,LESIONADO,HOMBRE,PEATON
2023-10-12 11:13:09,-3.992957,-79.208687,Via Loja - Catamayo,CON_LESIONADOS,Atropellamiento,Inobservancia de senales,69,LESIONADO,NO_REGISTRA,OTRO,50,LESIONADO,MUJER,PEATON,,,,
2023-12-16 10:43:26,-4.004158,-79.201420,Calle Azogues,CON_LESIONADOS,Atropellamiento,Inobservancia de senales,39,LESIONADO,NO_REGISTRA,SCOOTER,26,LESIONADO,NO_REGISTRA,CICLISTA,68,LESIONADO,NO_REGISTRA,SCOOTER
2023-02-19 13:09:29,-3.994763,-79.187899,Av. Metropolitana,CON_FALLECIDOS,Caida,Falla mecanica,58,FALLECIDO,NO_REGISTRA,CICLISTA,,,,,,,,
2023-06-29 20:43:54,-4.008441,-79.218224,Av. Rosa Hermosa,CON_FALLECIDOS,Colision Multiple,Fatiga del conductor,81,FALLECIDO,NO_REGISTRA,MOTOCICLETA,77,FALLECIDO,HOMBRE,PEATON,56,LESIONADO,HOMBRE,MOTOCICLETA
2023-05-22 09:13:00,-4.008672,-79.198511,Calle Imbabura,CON_LESIONADOS,Accidente Laboral,Distraccion (celular/radio),30,LESIONADO,MUJER,PEATON,,,,,,,,
2023-02-01 17:44:49,-4.016327,-79.187342,Av. Gran Colombia,CON_LESIONADOS,Volcamiento,Via resbaladiza o mojada,66,LESIONADO,HOMBRE,SCOOTER,61,LESIONADO,MUJER,OTRO,44,LESIONADO,HOMBRE,VEH_LIVIANO
2023-01-16 18:13:29,-4.003702,-79.191879,Calle Colon,SOLO_DANOS,Atropellamiento,Factores externos,,,,,,,,,,,,
2023-02-26 16:18:07,-4.005482,-79.224956,Via Loja - Catamayo,CON_LESIONADOS,Colision Multiple,Visibilidad reducida,47,LESIONADO,NO_REGISTRA,CICLISTA,,,,,,,,
2023-05-05 07:09:11,-3.988494,-79.182438,Via Loja - Zamora,CON_LESIONADOS,Atropellamiento,Inobservancia de senales,51,LESIONADO,NO_REGISTRA,MOTOCICLETA,51,LESIONADO,MUJER,MOTOCICLETA,26,LESIONADO,HOMBRE,MOTOCICLETA
2023-01-08 16:31:29,-4.026888,-79.204364,Av. Metropolitana,CON_FALLECIDOS,Volcamiento,Imprudencia del conductor,60,FALLECIDO,HOMBRE,PEATON,68,FALLECIDO,NO_REGISTRA,CICLISTA,23,LESIONADO,HOMBRE,MOTOCICLETA
2023-08-27 04:56:04,-4.017819,-79.173421,Via Loja - Catamayo,SOLO_DANOS,Choque Vehicular,Inobservancia de senales,,,,,,,,,,,,
2023-12-25 15:40:28,-3.995460,-79.178870,Av. Reinaldo Espinosa,SOLO_DANOS,Incendio,Estado de embriaguez,,,,,,,,,,,,
2023-06-21 07:42:54,-4.021455,-79.210920,Ruta 35,SOLO_DANOS,Caida,Imprudencia del conductor,,,,,,,,,,,,
2023-07-21 11:33:40,-4.010202,-79.206086,Ruta 35,SOLO_DANOS,Choque Vehicular,Fatiga del conductor,,,,,,,,,,,,
2023-04-28 00:41:48,-4.001787,-79.196689,Av. Universitaria,CON_LESIONADOS,Caida,Via resbaladiza o mojada,73,LESIONADO,MUJER,CICLISTA,72,LESIONADO,MUJER,VEH_LIVIANO,19,LESIONADO,NO_REGISTRA,SCOOTER
2023-07-25 08:35:20,-4.000257,-79.199437,Calle Ramon Borrero,SOLO_DANOS,Volcamiento,Exceso de velocidad,,,,,,,,,,,,
2023-03-10 14:04:32,-4.017540,-79.175769,Calle Imbabura,CON_FALLECIDOS,Choque Vehicular,Mal estado de la via,38,FALLECIDO,NO_REGISTRA,SCOOTER,51,FALLECIDO,MUJER,MOTOCICLETA,,,,
2023-03-16 10:39:23,-3.979687,-79.187469,Av. Gran Colombia,SOLO_DANOS,Incendio,Fatiga del conductor,,,,,,,,,,,,
2023-10-03 06:56:49,-4.025694,-79.173114,Calle Miguel Riofrio,SOLO_DANOS,Colision Multiple,Fatiga del conductor,,,,,,,,,,,,
2023-09-17 22:27:16,-4.004203,-79.224894,Calle 18 de Noviembre,CON_FALLECIDOS,Accidente Laboral,Falla mecanica,30,FALLECIDO,MUJER,CICLISTA,29,FALLECIDO,NO_REGISTRA,CICLISTA,,,,
2023-05-10 03:33:59,-3.980910,-79.194142,Calle Mercadillo,SOLO_DANOS,Incendio,Imprudencia del conductor,,,,,,,,,,,,
2023-05-24 13:27:36,-4.021440,-79.192795,Av. Manuel Agustin Aguirre,SOLO_DANOS,Choque Vehicular,Imprudencia del conductor,,,,,,,,,,,,
2023-12-14 22:25:56,-4.023660,-79.177721,Calle Saraguro,SOLO_DANOS,Caida,Fatiga del conductor,,,,,,,,,,,,
2023-03-16 05:41:41,-4.020851,-79.230991,Av. Pio Jaramillo,CON_LESIONADOS,Accidente Laboral,Exceso de velocidad,61,LESIONADO,NO_REGISTRA,PEATON,58,LESIONADO,NO_REGISTRA,SCOOTER,47,LESIONADO,MUJER,SCOOTER
2023-05-03 12:10:11,-4.019718,-79.224390,Av. Manuel Agustin Aguirre,CON_FALLECIDOS,Accidente Laboral,Via resbaladiza o mojada,63,FALLECIDO,HOMBRE,OTRO,73,LESIONADO,HOMBRE,VEH_LIVIANO,,,,
2023-07-03 00:11:49,-3.992345,-79.191776,Via Loja - Catamayo,SOLO_DANOS,Colision Multiple,Falla mecanica,28,LESIONADO,NO_REGISTRA,OTRO,,,,,,,,
2023-12-20 20:05:41,-4.013847,-79.225194,Via Loja - Catamayo,CON_FALLECIDOS,Atropellamiento,Factores externos,76,FALLECIDO,MUJER,CICLISTA,50,FALLECIDO,HOMBRE,VEH_LIVIANO,,,,
2023-05-14 11:20:02,-4.028427,-79.228546,Calle Saraguro,CON_FALLECIDOS,Choque Vehicular,Exceso de velocidad,24,FALLECIDO,MUJER,OTRO,,,,,,,,
2023-12-25 11:35:00,-4.025044,-79.216429,Av. Gran Colombia,CON_FALLECIDOS,Incendio,Estado de embriaguez,66,FALLECIDO,NO_REGISTRA,VEH_LIVIANO,80,LESIONADO,HOMBRE,VEH_LIVIANO,,,,
2023-03-11 20:31:40,-3.984899,-79.193425,Av. Gran Colombia,CON_LESIONADOS,Colision Multiple,Via resbaladiza o mojada,52,LESIONADO,HOMBRE,VEH_LIVIANO,30,LESIONADO,MUJER,VEH_LIVIANO,44,LESIONADO,HOMBRE,SCOOTER
2023-04-21 10:40:30,-4.030885,-79.208851,Av. 8 de Diciembre,CON_FALLECIDOS,Atropellamiento,Inobservancia de senales,22,FALLECIDO,HOMBRE,PEATON,30,LESIONADO,NO_REGISTRA,SCOOTER,,,,
2023-10-06 21:58:08,-4.020059,-79.199069,Av. Isidro Ayora,SOLO_DANOS,Colision Multiple,Inobservancia de senales,,,,,,,,,,,,
2023-03-28 17:35:02,-3.979581,-79.182436,Calle 10 de Agosto,CON_FALLECIDOS,Volcamiento,Inobservancia de senales,58,FALLECIDO,MUJER,VEH_LIVIANO,44,FALLECIDO,HOMBRE,VEH_LIVIANO,,,,
2023-01-13 11:35:19,-4.036879,-79.220858,Calle Bolivar,CON_LESIONADOS,Atropellamiento,Via resbaladiza o mojada,14,LESIONADO,NO_REGISTRA,CICLISTA,16,LESIONADO,NO_REGISTRA,PEATON,,,,
2023-09-13 15:27:06,-4.025221,-79.176620,Av. Reinaldo Espinosa,SOLO_DANOS,Accidente Laboral,Fatiga del conductor,,,,,,,,,,,,
2023-01-29 03:52:38,-3.978733,-79.194805,Calle Rocafuerte,CON_FALLECIDOS,Choque Vehicular,Factores externos,76,FALLECIDO,NO_REGISTRA,MOTOCICLETA,35,FALLECIDO,MUJER,VEH_LIVIANO,,,,
2023-08-06 07:32:47,-4.023843,-79.178616,Calle Mercadillo,CON_LESIONADOS,Volcamiento,Mal estado de la via,17,LESIONADO,HOMBRE,OTRO,42,LESIONADO,NO_REGISTRA,OTRO,15,LESIONADO,HOMBRE,SCOOTER
2023-04-11 11:59:44,-4.015614,-79.194692,Calle Ramon Borrero,CON_FALLECIDOS,Atropellamiento,Mal estado de la via,46,FALLECIDO,MUJER,VEH_LIVIANO,56,FALLECIDO,HOMBRE,CICLISTA,19,LESIONADO,MUJER,VEH_LIVIANO
2023-02-01 17:22:30,-3.979476,-79.224782,Ruta 35,SOLO_DANOS,Colision Multiple,Equipo de seguridad deficiente,,,,,,,,,,,,
2023-09-20 14:57:48,-4.031767,-79.190191,Av. 8 de Diciembre,CON_FALLECIDOS,Volcamiento,Equipo de seguridad deficiente,78,FALLECIDO,HOMBRE,OTRO,74,FALLECIDO,HOMBRE,OTRO,,,,
2023-11-20 12:55:12,-4.030288,-79.189662,Calle Bolivar,CON_LESIONADOS,Incendio,Falla mecanica,63,LESIONADO,NO_REGISTRA,PEATON,48,LESIONADO,HOMBRE,OTRO,,,,
2023-08-25 20:04:15,-3.988102,-79.217542,Av. Orillas del Zamora,CON_LESIONADOS,Colision Multiple,Equipo de seguridad deficiente,75,LESIONADO,NO_REGISTRA,MOTOCICLETA,16,LESIONADO,NO_REGISTRA,CICLISTA,48,LESIONADO,MUJER,SCOOTER
2023-10-16 16:06:50,-3.992391,-79.214745,Calle Montufar,CON_LESIONADOS,Incendio,Distraccion (celular/radio),58,LESIONADO,HOMBRE,VEH_LIVIANO,,,,,,,,
2023-10-09 11:58:38,-3.977036,-79.189693,Av. Orillas del Zamora,CON_LESIONADOS,Caida,Fatiga del conductor,18,LESIONADO,HOMBRE,CICLISTA,69,LESIONADO,MUJER,CICLISTA,33,LESIONADO,MUJER,PEATON
2023-10-10 02:52:52,-3.996867,-79.174375,Calle Ramon Borrero,CON_FALLECIDOS,Choque Vehicular,Mal estado de la via,37,FALLECIDO,NO_REGISTRA,CICLISTA,23,LESIONADO,MUJER,SCOOTER,,,,
2023-08-16 00:18:33,-3.988673,-79.227048,Calle Mercadillo,CON_FALLECIDOS,Choque Vehicular,Factores externos,84,FALLECIDO,NO_REGISTRA,CICLISTA,59,LESIONADO,HOMBRE,PEATON,64,LESIONADO,MUJER,SCOOTER
2023-02-08 00:54:45,-3.985555,-79.219640,Calle Azogues,SOLO_DANOS,Accidente Laboral,Distraccion (celular/radio),,,,,,,,,,,,
2023-10-22 16:12:39,-3.978128,-79.182179,Av. 8 de Diciembre,SOLO_DANOS,Colision Multiple,Mal estado de la via,,,,,,,,,,,,
2023-08-24 03:46:47,-3.994957,-79.190374,Calle Mercadillo,CON_LESIONADOS,Volcamiento,Falla mecanica,45,LESIONADO,HOMBRE,SCOOTER,,,,,,,,
2023-12-05 06:06:50,-3.996819,-79.185726,Calle Saraguro,CON_FALLECIDOS,Accidente Laboral,Distraccion (celular/radio),34,FALLECIDO,HOMBRE,PEATON,,,,,,,,
2023-12-14 21:03:32,-4.030296,-79.229912,Ruta 35,CON_LESIONADOS,Atropellamiento,Exceso de velocidad,78,LESIONADO,HOMBRE,PEATON,45,LESIONADO,NO_REGISTRA,OTRO,,,,