fecha_hora,latitud,longitud,via,grado_severidad,tipo_siniestro,causa_probable,victima1_edad,victima1_condicion,victima1_sexo,victima1_actor_vial,victima2_edad,victima2_condicion,victima2_sexo,victima2_actor_vial,victima3_edad,victima3_condicion,victima3_sexo,victima3_actor_vial
2023-02-26 03:07:09,-4.036053,-79.196334,Ruta 35,CON_FALLECIDOS,Volcamiento,Falla mecanica,48,FALLECIDO,HOMBRE,OTRO,,,,,,,,
2023-11-17 16:38:09,-4.021181,-79.208297,Calle Rocafuerte,SOLO_DANOS,Accidente Laboral,Mal estado de la via,,,,,,,,,,,,
2023-03-30 23:24:46,-3.985438,-79.215772,Calle Azogues,CON_FALLECIDOS,Accidente Laboral,Mal estado de la via,55,FALLECIDO,MUJER,VEH_LIVIANO,71,FALLECIDO,NO_REGISTRA,CICLISTA,54,LESIONADO,HOMBRE,CICLISTA
2023-05-02 18:55:38,-3.988620,-79.194213,Calle 10 de Agosto,CON_FALLECIDOS,Atropellamiento,Equipo de seguridad deficiente,46,FALLECIDO,NO_REGISTRA,CICLISTA,69,FALLECIDO,MUJER,MOTOCICLETA,,,,
2023-06-28 21:50:01,-4.036913,-79.183154,Calle Mercadillo,CON_FALLECIDOS,Atropellamiento,Factores externos,63,FALLECIDO,MUJER,OTRO,10,LESIONADO,HOMBRE,OTRO,78,LESIONADO,HOMBRE,OTRO
2023-12-27 10:31:07,-4.025303,-79.178238,Av. Isidro Ayora,CON_LESIONADOS,Incendio,Exceso de velocidad,58,LESIONADO,MUJER,SCOOTER,26,LESIONADO,HOMBRE,CICLISTA,,,,
2023-08-02 16:52:55,-4.026373,-79.207964,Av. Orillas del Zamora,CON_FALLECIDOS,Incendio,Visibilidad reducida,52,FALLECIDO,MUJER,OTRO,70,LESIONADO,HOMBRE,MOTOCICLETA,34,LESIONADO,MUJER,VEH_LIVIANO
2023-11-30 19:16:53,-4.030835,-79.180857,Av. Isidro Ayora,CON_LESIONADOS,Volcamiento,Inobservancia de senales,51,LESIONADO,NO_REGISTRA,SCOOTER,,,,,,,,
2023-06-09 11:51:57,-3.995864,-79.203132,Via Loja - Zamora,CON_LESIONADOS,Atropellamiento,Imprudencia del conductor,13,LESIONADO,MUJER,SCOOTER,15,LESIONADO,MUJER,CICLISTA,,,,
2023-12-08 01:14:23,-3.989950,-79.200794,Av. Metropolitana,SOLO_DANOS,Choque Vehicular,Factores externos,,,,,,,,,,,,
2023-09-05 20:18:33,-4.009359,-79.225158,Av. Reinaldo Espinosa,SOLO_DANOS,Colision Multiple,Via resbaladiza o mojada,,,,,,,,,,,,
2023-01-18 09:46:18,-3.989855,-79.184817,Av. Orillas del Zamora,CON_FALLECIDOS,Accidente Laboral,Estado de embriaguez,79,FALLECIDO,HOMBRE,OTRO,55,FALLECIDO,MUJER,OTRO,,,,
2023-05-31 10:47:13,-4.023471,-79.174536,Av. Gran Colombia,CON_LESIONADOS,Incendio,Mal estado de la via,41,LESIONADO,NO_REGISTRA,PEATON,59,LESIONADO,MUJER,PEATON,37,LESIONADO,HOMBRE,VEH_LIVIANO
2023-05-07 11:34:27,-4.006603,-79.230605,Calle Ramon Borrero,CON_LESIONADOS,Colision Multiple,Visibilidad reducida,12,LESIONADO,MUJER,CICLISTA,76,LESIONADO,HOMBRE,SCOOTER,45,LESIONADO,HOMBRE,PEATON
2023-08-30 16:54:34,-4.003535,-79.219201,Via Loja - Zamora,CON_FALLECIDOS,Choque Vehicular,Falla mecanica,35,FALLECIDO,MUJER,SCOOTER,68,FALLECIDO,HOMBRE,SCOOTER,39,LESIONADO,MUJER,CICLISTA
2023-08-04 05:33:55,-3.983988,-79.223212,Calle 18 de Noviembre,SOLO_DANOS,Choque Vehicular,Falla mecanica,,,,,,,,,,,,
2023-06-25 07:47:36,-4.010020,-79.205995,Av. Universitaria,CON_LESIONADOS,Caida,Visibilidad reducida,18,LESIONADO,HOMBRE,CICLISTA,,,,,,,,
2023-06-02 13:53:10,-3.980359,-79.196381,Av. Isidro Ayora,CON_FALLECIDOS,Caida,Inobservancia de senales,84,FALLECIDO,NO_REGISTRA,PEATON,55,LESIONADO,MUJER,VEH_LIVIANO,,,,
2023-09-12 16:26:30,-4.011746,-79.229039,Av. Universitaria,CON_FALLECIDOS,Incendio,Visibilidad reducida,35,FALLECIDO,MUJER,OTRO,18,FALLECIDO,MUJER,CICLISTA,39,LESIONADO,MUJER,OTRO
2023-06-22 23:52:29,-4.019675,-79.186349,Av. Rosa Hermosa,CON_LESIONADOS,Incendio,Fatiga del conductor,24,LESIONADO,MUJER,VEH_LIVIANO,,,,,,,,
2023-01-03 10:15:57,-4.002744,-79.217869,Calle Rocafuerte,SOLO_DANOS,Atropellamiento,Inobservancia de senales,,,,,,,,,,,,
2023-11-03 12:31:51,-4.013048,-79.177755,Calle Miguel Riofrio,CON_FALLECIDOS,Incendio,Factores externos,72,FALLECIDO,HOMBRE,OTRO,45,LESIONADO,NO_REGISTRA,PEATON,,,,
2023-07-20 17:21:02,-4.005168,-79.224205,Av. Rosa Hermosa,CON_FALLECIDOS,Volcamiento,Via resbaladiza o mojada,27,FALLECIDO,HOMBRE,CICLISTA,38,LESIONADO,NO_REGISTRA,OTRO,34,LESIONADO,HOMBRE,VEH_LIVIANO
2023-09-17 19:57:22,-4.008121,-79.210042,Av. 8 de Diciembre,CON_LESIONADOS,Choque Vehicular,Estado de embriaguez,78,LESIONADO,MUJER,VEH_LIVIANO,76,LESIONADO,MUJER,CICLISTA,46,LESIONADO,NO_REGISTRA,VEH_LIVIANO
2023-08-26 21:53:54,-3.999731,-79.184135,Calle Saraguro,SOLO_DANOS,Colision Multiple,Distraccion (celular/radio),,,,,,,,,,,,
2023-03-14 11:04:47,-4.034562,-79.180354,Calle Rocafuerte,SOLO_DANOS,Caida,Visibilidad reducida,9,LESIONADO,NO_REGISTRA,MOTOCICLETA,,,,,,,,
2023-10-03 10:42:07,-4.003684,-79.174839,Calle Quito,CON_LESIONADOS,Atropellamiento,Imprudencia del conductor,11,LESIONADO,HOMBRE,MOTOCICLETA,,,,,,,,
2023-10-25 17:45:02,-4.010038,-79.217593,Av. Metropolitana,CON_FALLECIDOS,Caida,Fatiga del conductor,64,FALLECIDO,NO_REGISTRA,VEH_LIVIANO,,,,,,,,
2023-01-07 09:33:41,-4.031971,-79.217252,Calle Sucre,SOLO_DANOS,Volcamiento,Via resbaladiza o mojada,,,,,,,,,,,,
2023-06-13 09:29:14,-4.012188,-79.230911,Av. Manuel Agustin Aguirre,CON_FALLECIDOS,Atropellamiento,Equipo de seguridad deficiente,19,FALLECIDO,NO_REGISTRA,VEH_LIVIANO,75,FALLECIDO,HOMBRE,SCOOTER,,,,
2023-03-03 00:42:07,-4.036598,-79.197024,Av. Rosa Hermosa,CON_LESIONADOS,Volcamiento,Imprudencia del conductor,56,LESIONADO,MUJER,MOTOCICLETA,46,LESIONADO,MUJER,VEH_LIVIANO,,,,
2023-10-10 00:13:29,-3.997275,-79.205490,Av. Isidro Ayora,SOLO_DANOS,Caida,Inobservancia de senales,,,,,,,,,,,,
2023-06-14 01:45:46,-4.030668,-79.194325,Calle Colon,CON_LESIONADOS,Colision Multiple,Equipo de seguridad deficiente,63,LESIONADO,NO_REGISTRA,OTRO,22,LESIONADO,NO_REGISTRA,CICLISTA,,,,
2023-12-08 21:19:20,-3.991620,-79.220360,Calle Mercadillo,SOLO_DANOS,Caida,Distraccion (celular/radio),5,LESIONADO,HOMBRE,SCOOTER,,,,,,,,
2023-03-19 01:54:38,-4.036826,-79.214550,Calle Rocafuerte,CON_LESIONADOS,Colision Multiple,Fatiga del conductor,19,LESIONADO,NO_REGISTRA,PEATON,9,LESIONADO,MUJER,CICLISTA,66,LESIONADO,HOMBRE,PEATON
2023-11-27 12:17:10,-4.004926,-79.225301,Av. 8 de Diciembre,SOLO_DANOS,Colision Multiple,Equipo de seguridad deficiente,,,,,,,,,,,,
2023-06-15 19:01:44,-4.012230,-79.221940,Av. Metropolitana,CON_FALLECIDOS,Atropellamiento,Factores externos,30,FALLECIDO,HOMBRE,PEATON,12,LESIONADO,NO_REGISTRA,VEH_LIVIANO,66,LESIONADO,HOMBRE,CICLISTA
2023-09-23 06:26:34,-3.990397,-79.171472,Calle Quito,SOLO_DANOS,Accidente Laboral,Mal estado de la via,,,,,,,,,,,,
2023-02-09 02:52:22,-3.991262,-79.195871,Av. Gran Colombia,CON_FALLECIDOS,Accidente Laboral,Fatiga del conductor,26,FALLECIDO,NO_REGISTRA,SCOOTER,49,LESIONADO,MUJER,CICLISTA,,,,
2023-06-22 22:52:09,-3.995294,-79.198791,Calle 10 de Agosto,SOLO_DANOS,Volcamiento,Visibilidad reducida,,,,,,,,,,,,
2023-12-03 23:34:20,-3.983199,-79.201599,Av. Metropolitana,CON_LESIONADOS,Choque Vehicular,Estado de embriaguez,58,LESIONADO,HOMBRE,MOTOCICLETA,,,,,,,,
2023-01-06 16:45:33,-3.988012,-79.192513,Calle Saraguro,CON_LESIONADOS,Atropellamiento,Via resbaladiza o mojada,65,LESIONADO,HOMBRE,MOTOCICLETA,53,LESIONADO,NO_REGISTRA,PEATON,34,LESIONADO,HOMBRE,VEH_LIVIANO
2023-11-22 03:03:33,-4.012781,-79.195787,Calle Sucre,CON_FALLECIDOS,Incendio,Mal estado de la via,57,FALLECIDO,MUJER,SCOOTER,18,FALLECIDO,MUJER,SCOOTER,54,LESIONADO,NO_REGISTRA,PEATON
2023-12-15 18:51:23,-4.028727,-79.193215,Av. Isidro Ayora,CON_LESIONADOS,Caida,Estado de embriaguez,67,LESIONADO,NO_REGISTRA,PEATON,,,,,,,,
2023-04-15 20:49:03,-3.980828,-79.195507,Av. Universitaria,CON_LESIONADOS,Caida,Factores externos,61,LESIONADO,HOMBRE,PEATON,50,LESIONADO,NO_REGISTRA,MOTOCICLETA,16,LESIONADO,MUJER,MOTOCICLETA
2023-03-14 10:25:28,-3.997228,-79.216786,Av. Cuxibamba,CON_FALLECIDOS,Accidente Laboral,Imprudencia del conductor,49,FALLECIDO,HOMBRE,CICLISTA,6,LESIONADO,HOMBRE,MOTOCICLETA,,,,
2023-03-19 23:48:14,-4.016960,-79.227914,Av. Universitaria,SOLO_DANOS,Choque Vehicular,Imprudencia del conductor,,,,,,,,,,,,
2023-09-18 06:25:15,-4.026188,-79.195943,Calle Montufar,SOLO_DANOS,Choque Vehicular,Factores externos,,,,,,,,,,,,
2023-03-06 06:33:21,-3.981343,-79.201378,Calle Quito,CON_FALLECIDOS,Volcamiento,Imprudencia del conductor,83,FALLECIDO,HOMBRE,PEATON,50,LESIONADO,NO_REGISTRA,SCOOTER,30,LESIONADO,HOMBRE,VEH_LIVIANO
2023-03-09 23:34:35,-4.007619,-79.187949,Via Loja - Zamora,CON_FALLECIDOS,Accidente Laboral,Falla mecanica,83,FALLECIDO,HOMBRE,CICLISTA,,,,,,,,
2023-07-23 19:38:12,-3.981600,-79.188670,Av. Cuxibamba,CON_LESIONADOS,Accidente Laboral,Factores externos,62,LESIONADO,NO_REGISTRA,CICLISTA,12,LESIONADO,NO_REGISTRA,OTRO,,,,
2023-06-07 10:57:15,-4.004837,-79.228923,Av. 8 de Diciembre,SOLO_DANOS,Accidente Laboral,Factores externos,,,,,,,,,,,,
2023-03-09 23:13:11,-4.010959,-79.181449,Calle 10 de Agosto,SOLO_DANOS,Volcamiento,Exceso de velocidad,,,,,,,,,,,,
2023-08-25 03:59:34,-3.992353,-79.171999,Av. Reinaldo Espinosa,SOLO_DANOS,Incendio,Imprudencia del conductor,50,LESIONADO,MUJER,CICLISTA,,,,,,,,
2023-12-20 17:13:54,-4.025658,-79.173215,Calle Quito,SOLO_DANOS,Caida,Inobservancia de senales,,,,,,,,,,,,
2023-03-14 22:26:17,-3.997143,-79.182127,Calle Mercadillo,CON_LESIONADOS,Colision Multiple,Falla mecanica,31,LESIONADO,HOMBRE,PEATON,,,,,,,,
2023-05-14 00:32:53,-4.034276,-79.195417,Av. Pio Jaramillo,CON_LESIONADOS,Incendio,Imprudencia del conductor,75,LESIONADO,MUJER,OTRO,,,,,,,,
2023-11-24 10:44:20,-3.983841,-79.224908,Ruta 35,CON_FALLECIDOS,Choque Vehicular,Estado de embriaguez,48,FALLECIDO,MUJER,CICLISTA,,,,,,,,
2023-02-16 00:20:52,-3.978459,-79.219711,Av. Reinaldo Espinosa,CON_LESIONADOS,Colision Multiple,Factores externos,41,LESIONADO,MUJER,VEH_LIVIANO,32,LESIONADO,HOMBRE,MOTOCICLETA,,,,
2023-04-10 16:41:39,-4.026570,-79.198658,Av. Metropolitana,CON_FALLECIDOS,Accidente Laboral,Imprudencia del conductor,75,FALLECIDO,HOMBRE,PEATON,63,FALLECIDO,HOMBRE,PEATON,22,LESIONADO,HOMBRE,OTRO
2023-08-06 05:05:08,-4.002502,-79.176680,Calle Ramon Borrero,CON_FALLECIDOS,Atropellamiento,Exceso de velocidad,46,FALLECIDO,NO_REGISTRA,CICLISTA,20,FALLECIDO,NO_REGISTRA,OTRO,61,LESIONADO,MUJER,CICLISTA
2023-08-23 03:48:52,-3.999695,-79.182308,Calle Mercadillo,CON_FALLECIDOS,Volcamiento,Mal estado de la via,22,FALLECIDO,NO_REGISTRA,MOTOCICLETA,80,LESIONADO,MUJER,SCOOTER,,,,
2023-01-26 10:56:48,-4.001275,-79.210974,Calle Rocafuerte,CON_FALLECIDOS,Atropellamiento,Fatiga del conductor,38,FALLECIDO,NO_REGISTRA,PEATON,,,,,,,,
2023-04-09 20:56:15,-3.980266,-79.181610,Calle Colon,CON_LESIONADOS,Choque Vehicular,Imprudencia del conductor,39,LESIONADO,MUJER,VEH_LIVIANO,24,LESIONADO,NO_REGISTRA,CICLISTA,57,LESIONADO,HOMBRE,SCOOTER
2023-11-23 19:48:37,-4.005765,-79.198996,Via Loja - Zamora,CON_LESIONADOS,Colision Multiple,Via resbaladiza o mojada,20,LESIONADO,HOMBRE,VEH_LIVIANO,27,LESIONADO,NO_REGISTRA,OTRO,,,,
2023-01-12 01:01:57,-3.978163,-79.201773,Calle Quito,CON_FALLECIDOS,Atropellamiento,Falla mecanica,44,FALLECIDO,NO_REGISTRA,PEATON,29,FALLECIDO,MUJER,PEATON,,,,
2023-04-26 02:27:34,-3.977699,-79.227802,Ruta 35,SOLO_DANOS,Choque Vehicular,Imprudencia del conductor,,,,,,,,,,,,
2023-06-19 06:27:00,-4.003270,-79.171404,Av. 8 de Diciembre,CON_LESIONADOS,Volcamiento,Falla mecanica,58,LESIONADO,MUJER,CICLISTA,66,LESIONADO,HOMBRE,PEATON,12,LESIONADO,HOMBRE,OTRO
2023-09-06 03:56:52,-4.027389,-79.216529,Calle 10 de Agosto,CON_LESIONADOS,Incendio,Distraccion (celular/radio),66,LESIONADO,HOMBRE,OTRO,,,,,,,,
2023-11-29 07:12:15,-4.036276,-79.224841,Av. Cuxibamba,CON_FALLECIDOS,Volcamiento,Distraccion (celular/radio),76,FALLECIDO,HOMBRE,VEH_LIVIANO,73,FALLECIDO,MUJER,SCOOTER,32,LESIONADO,NO_REGISTRA,MOTOCICLETA
2023-05-15 14:22:29,-4.002964,-79.177440,Ruta 35,CON_FALLECIDOS,Accidente Laboral,Estado de embriaguez,73,FALLECIDO,MUJER,VEH_LIVIANO,14,LESIONADO,MUJER,PEATON,80,LESIONADO,NO_REGISTRA,CICLISTA
2023-04-20 14:00:52,-4.023783,-79.207095,Av. 8 de Diciembre,CON_LESIONADOS,Volcamiento,Factores externos,60,LESIONADO,MUJER,SCOOTER,,,,,,,,
2023-05-10 01:49:52,-3.978374,-79.215245,Calle 18 de Noviembre,SOLO_DANOS,Incendio,Equipo de seguridad deficiente,,,,,,,,,,,,
2023-03-19 18:00:09,-4.018329,-79.190820,Calle Rocafuerte,CON_FALLECIDOS,Atropellamiento,Fatiga del conductor,50,FALLECIDO,NO_REGISTRA,PEATON,74,FALLECIDO,MUJER,PEATON,9,LESIONADO,MUJER,OTRO
2023-06-25 01:51:50,-4.011761,-79.200440,Calle Miguel Riofrio,SOLO_DANOS,Incendio,Falla mecanica,,,,,,,,,,,,
2023-09-19 22:54:59,-3.977315,-79.207227,Via Loja - Zamora,CON_LESIONADOS,Colision Multiple,Estado de embriaguez,21,LESIONADO,NO_REGISTRA,CICLISTA,,,,,,,,
2023-10-31 08:23:54,-4.010152,-79.224728,Av. Cuxibamba,CON_FALLECIDOS,Accidente Laboral,Visibilidad reducida,37,FALLECIDO,NO_REGISTRA,OTRO,76,FALLECIDO,MUJER,SCOOTER,64,LESIONADO,NO_REGISTRA,OTRO
2023-04-20 03:52:46,-4.029871,-79.175003,Calle Saraguro,CON_LESIONADOS,Caida,Mal estado de la via,33,LESIONADO,HOMBRE,CICLISTA,13,LESIONADO,NO_REGISTRA,OTRO,73,LESIONADO,MUJER,SCOOTER
2023-04-03 17:41:00,-3.986740,-79.215489,Calle Colon,SOLO_DANOS,Volcamiento,Estado de embriaguez,,,,,,,,,,,,
2023-10-09 07:44:27,-4.036925,-79.224542,Calle Bolivar,CON_LESIONADOS,Incendio,Imprudencia del conductor,59,LESIONADO,MUJER,MOTOCICLETA,51,LESIONADO,NO_REGISTRA,VEH_LIVIANO,,,,
2023-06-02 11:41:33,-3.984943,-79.220053,Calle Ramon Borrero,CON_LESIONADOS,Incendio,Mal estado de la via,7,LESIONADO,MUJER,VEH_LIVIANO,23,LESIONADO,HOMBRE,MOTOCICLETA,32,LESIONADO,MUJER,OTRO
2023-04-27 02:35:24,-4.033881,-79.190381,Calle Quito,SOLO_DANOS,Incendio,Fatiga del conductor,,,,,,,,,,,,
2023-05-12 04:34:39,-3.987163,-79.222886,Calle Ramon Borrero,CON_LESIONADOS,Atropellamiento,Distraccion (celular/radio),18,LESIONADO,MUJER,VEH_LIVIANO,,,,,,,,
2023-04-22 15:09:24,-3.983626,-79.179626,Calle Azogues,CON_FALLECIDOS,Volcamiento,Estado de embriaguez,83,FALLECIDO,MUJER,CICLISTA,84,FALLECIDO,NO_REGISTRA,PEATON,21,LESIONADO,HOMBRE,SCOOTER
2023-07-21 10:39:05,-4.003643,-79.181188,Calle Quito,SOLO_DANOS,Atropellamiento,Mal estado de la via,,,,,,,,,,,,
2023-07-29 03:53:57,-3.994473,-79.228992,Calle Azogues,CON_FALLECIDOS,Accidente Laboral,Exceso de velocidad,52,FALLECIDO,MUJER,OTRO,17,LESIONADO,MUJER,MOTOCICLETA,,,,
2023-06-20 12:16:49,-4.030971,-79.218983,Av. Cuxibamba,CON_FALLECIDOS,Atropellamiento,Falla mecanica,25,FALLECIDO,HOMBRE,CICLISTA,24,LESIONADO,NO_REGISTRA,PEATON,59,LESIONADO,NO_REGISTRA,SCOOTER
2023-05-31 07:21:40,-4.006345,-79.211682,Calle Bolivar,SOLO_DANOS,Accidente Laboral,Exceso de velocidad,,,,,,,,,,,,
2023-02-10 21:34:34,-3.988709,-79.213522,Calle Rocafuerte,CON_FALLECIDOS,Volcamiento,Exceso de velocidad,58,FALLECIDO,MUJER,CICLISTA,39,FALLECIDO,NO_REGISTRA,VEH_LIVIANO,27,LESIONADO,MUJER,CICLISTA
2023-06-02 16:33:57,-4.011989,-79.220305,Av. Isidro Ayora,SOLO_DANOS,Atropellamiento,Fatiga del conductor,,,,,,,,,,,,
2023-11-27 09:48:30,-4.014359,-79.191814,Av. Universitaria,CON_FALLECIDOS,Colision Multiple,Equipo de seguridad deficiente,69,FALLECIDO,HOMBRE,PEATON,67,LESIONADO,NO_REGISTRA,SCOOTER,14,LESIONADO,NO_REGISTRA,OTRO
2023-03-04 01:19:14,-3.991883,-79.193941,Calle Colon,CON_FALLECIDOS,Accidente Laboral,Via resbaladiza o mojada,79,FALLECIDO,HOMBRE,MOTOCICLETA,,,,,,,,
2023-04-02 11:37:40,-3.984979,-79.182111,Av. Manuel Agustin Aguirre,CON_LESIONADOS,Choque Vehicular,Distraccion (celular/radio),10,LESIONADO,HOMBRE,PEATON,,,,,,,,
2023-04-04 01:55:54,-3.978239,-79.197551,Via Loja - Catamayo,CON_FALLECIDOS,Colision Multiple,Distraccion (celular/radio),48,FALLECIDO,MUJER,CICLISTA,50,FALLECIDO,MUJER,VEH_LIVIANO,73,LESIONADO,MUJER,MOTOCICLETA
2023-11-13 04:37:01,-4.013236,-79.209572,Av. Reinaldo Espinosa,CON_FALLECIDOS,Incendio,Falla mecanica,76,FALLECIDO,HOMBRE,OTRO,,,,,,,,
2023-08-20 05:25:06,-3.993835,-79.171722,Av. Gran Colombia,CON_LESIONADOS,Accidente Laboral,Mal estado de la via,64,LESIONADO,NO_REGISTRA,CICLISTA,55,LESIONADO,MUJER,CICLISTA,37,LESIONADO,NO_REGISTRA,MOTOCICLETA
2023-07-15 07:07:42,-3.992058,-79.176020,Av. Metropolitana,CON_LESIONADOS,Caida,Factores externos,62,LESIONADO,NO_REGISTRA,PEATON,44,LESIONADO,HOMBRE,MOTOCICLETA,67,LESIONADO,HOMBRE,SCOOTER
2023-10-31 19:04:14,-3.996600,-79.201589,Calle Rocafuerte,SOLO_DANOS,Caida,Equipo de seguridad deficiente,53,LESIONADO,MUJER,OTRO,,,,,,,,
2023-06-27 08:35:16,-4.026117,-79.200255,Calle Imbabura,CON_FALLECIDOS,Accidente Laboral,Falla mecanica,73,FALLECIDO,HOMBRE,CICLISTA,54,LESIONADO,MUJER,SCOOTER,27,LESIONADO,HOMBRE,CICLISTA
2023-03-05 21:43:37,-3.992925,-79.189617,Calle 18 de Noviembre,CON_LESIONADOS,Incendio,Falla mecanica,65,LESIONADO,MUJER,SCOOTER,54,LESIONADO,HOMBRE,CICLISTA,74,LESIONADO,MUJER,CICLISTA
2023-08-25 03:44:02,-3.977954,-79.193822,Calle Miguel Riofrio,CON_FALLECIDOS,Incendio,Imprudencia del conductor,79,FALLECIDO,NO_REGISTRA,VEH_LIVIANO,28,FALLECIDO,HOMBRE,MOTOCICLETA,,,,
2023-06-18 07:54:28,-3.994762,-79.185102,Calle Montufar,CON_LESIONADOS,Atropellamiento,Exceso de velocidad,62,LESIONADO,MUJER,PEATON,,,,,,,,
2023-12-02 04:21:50,-4.024448,-79.184353,Av. Universitaria,CON_FALLECIDOS,Choque Vehicular,Factores externos,54,FALLECIDO,NO_REGISTRA,PEATON,65,LESIONADO,MUJER,SCOOTER,,,,
2023-09-17 20:05:17,-3.981924,-79.191940,Av. Pio Jaramillo,CON_LESIONADOS,Atropellamiento,Exceso de velocidad,27,LESIONADO,NO_REGISTRA,SCOOTER,,,,,,,,
2023-04-27 18:51:22,-4.025335,-79.208350,Av. Pio Jaramillo,CON_LESIONADOS,Choque Vehicular,Via resbaladiza o mojada,23,LESIONADO,NO_REGISTRA,SCOOTER,8,LESIONADO,HOMBRE,VEH_LIVIANO,55,LESIONADO,HOMBRE,CICLISTA
2023-12-21 20:02:54,-4.034676,-79.190583,Calle Imbabura,SOLO_DANOS,Accidente Laboral,Inobservancia de senales,,,,,,,,,,,,
2023-02-22 13:51:46,-4.024917,-79.221189,Calle Ramon Borrero,CON_LESIONADOS,Volcamiento,Distraccion (celular/radio),8,LESIONADO,NO_REGISTRA,MOTOCICLETA,51,LESIONADO,HOMBRE,VEH_LIVIANO,64,LESIONADO,HOMBRE,MOTOCICLETA
2023-07-03 14:54:42,-4.029338,-79.190473,Calle Montufar,SOLO_DANOS,Atropellamiento,Equipo de seguridad deficiente,,,,,,,,,,,,
2023-10-13 16:57:07,-3.980657,-79.214184,Av. Universitaria,SOLO_DANOS,Volcamiento,Imprudencia del conductor,,,,,,,,,,,,
2023-06-24 02:53:37,-4.032514,-79.196607,Av. Gran Colombia,SOLO_DANOS,Accidente Laboral,Visibilidad reducida,34,LESIONADO,HOMBRE,PEATON,,,,,,,,
2023-05-15 14:30:36,-4.021836,-79.197376,Via Loja - Zamora,CON_LESIONADOS,Colision Multiple,Inobservancia de senales,63,LESIONADO,HOMBRE,SCOOTER,20,LESIONADO,MUJER,SCOOTER,58,LESIONADO,NO_REGISTRA,PEATON
2023-01-28 21:23:50,-4.007160,-79.205907,Av. Rosa Hermosa,CON_LESIONADOS,Choque Vehicular,Exceso de velocidad,9,LESIONADO,MUJER,OTRO,18,LESIONADO,HOMBRE,MOTOCICLETA,26,LESIONADO,NO_REGISTRA,PEATON
2023-05-18 20:41:23,-4.015071,-79.207386,Calle Miguel Riofrio,CON_FALLECIDOS,Accidente Laboral,Imprudencia del conductor,59,FALLECIDO,NO_REGISTRA,SCOOTER,31,LESIONADO,HOMBRE,OTRO,5,LESIONADO,HOMBRE,OTRO
2023-03-16 23:41:49,-4.010647,-79.199762,Calle Montufar,CON_FALLECIDOS,Incendio,Imprudencia del conductor,68,FALLECIDO,MUJER,CICLISTA,36,FALLECIDO,NO_REGISTRA,PEATON,14,LESIONADO,HOMBRE,PEATON
2023-07-08 02:41:26,-3.988902,-79.193917,Calle Colon,CON_LESIONADOS,Accidente Laboral,Estado de embriaguez,69,LESIONADO,NO_REGISTRA,SCOOTER,,,,,,,,
2023-05-23 04:07:10,-4.021289,-79.212962,Calle Sucre,CON_LESIONADOS,Incendio,Inobservancia de senales,34,LESIONADO,NO_REGISTRA,OTRO,37,LESIONADO,MUJER,MOTOCICLETA,,,,
2023-01-20 15:28:04,-3.980752,-79.229068,Calle Quito,CON_LESIONADOS,Volcamiento,Factores externos,71,LESIONADO,NO_REGISTRA,VEH_LIVIANO,,,,,,,,
2023-09-19 18:50:51,-4.011984,-79.172078,Calle Quito,SOLO_DANOS,Caida,Factores externos,,,,,,,,,,,,
2023-11-03 13:00:26,-3.996339,-79.220864,Av. Cuxibamba,CON_FALLECIDOS,Incendio,Exceso de velocidad,64,FALLECIDO,NO_REGISTRA,SCOOTER,29,FALLECIDO,MUJER,OTRO,39,LESIONADO,MUJER,PEATON
2023-07-27 06:41:22,-3.994741,-79.176515,Calle Ramon Borrero,CON_FALLECIDOS,Colision Multiple,Factores externos,38,FALLECIDO,MUJER,VEH_LIVIANO,47,LESIONADO,NO_REGISTRA,SCOOTER,,,,
2023-12-12 19:38:49,-3.982461,-79.225862,Ruta 35,SOLO_DANOS,Colision Multiple,Equipo de seguridad deficiente,,,,,,,,,,,,
2023-07-04 22:17:55,-4.008735,-79.202703,Calle Rocafuerte,CON_LESIONADOS,Accidente Laboral,Estado de embriaguez,78,LESIONADO,MUJER,SCOOTER,,,,,,,,
2023-10-27 11:14:18,-3.999180,-79.176580,Av. Reinaldo Espinosa,CON_LESIONADOS,Volcamiento,Imprudencia del conductor,48,LESIONADO,NO_REGISTRA,SCOOTER,70,LESIONADO,MUJER,PEATON,,,,
2023-04-25 05:44:10,-4.006040,-79.186227,Av. Gran Colombia,CON_FALLECIDOS,Caida,Visibilidad reducida,74,FALLECIDO,HOMBRE,PEATON,59,FALLECIDO,HOMBRE,PEATON,70,LESIONADO,NO_REGISTRA,OTRO
2023-11-07 09:53:55,-4.017620,-79.225623,Calle Bolivar,CON_FALLECIDOS,Incendio,Inobservancia de senales,82,FALLECIDO,HOMBRE,SCOOTER,40,FALLECIDO,MUJER,PEATON,79,LESIONADO,NO_REGISTRA,OTRO
2023-06-04 11:40:18,-3.990715,-79.185674,Via Loja - Zamora,CON_LESIONADOS,Incendio,Fatiga del conductor,69,LESIONADO,HOMBRE,MOTOCICLETA,65,LESIONADO,MUJER,MOTOCICLETA,18,LESIONADO,HOMBRE,PEATON
2023-06-03 01:47:27,-4.033922,-79.207549,Calle Mercadillo,SOLO_DANOS,Colision Multiple,Falla mecanica,53,LESIONADO,NO_REGISTRA,VEH_LIVIANO,,,,,,,,