fecha_hora,latitud,longitud,via,grado_severidad,tipo_siniestro,causa_probable,victima1_edad,victima1_condicion,victima1_sexo,victima1_actor_vial,victima2_edad,victima2_condicion,victima2_sexo,victima2_actor_vial,victima3_edad,victima3_condicion,victima3_sexo,victima3_actor_vial
2023-10-03 07:52:03,-4.028336,-79.212257,Via Loja - Zamora,SOLO_DANOS,Volcamiento,Fatiga del conductor,,,,,,,,,,,,
2023-09-02 09:06:33,-4.033953,-79.174043,Av. Gran Colombia,CON_FALLECIDOS,Choque Vehicular,Mal estado de la via,29,FALLECIDO,HOMBRE,MOTOCICLETA,,,,,,,,
2023-10-10 19:14:58,-4.023172,-79.214121,Via Loja - Zamora,SOLO_DANOS,Choque Vehicular,Via resbaladiza o mojada,,,,,,,,,,,,
2023-05-29 03:31:08,-4.024453,-79.202896,Calle Mercadillo,CON_FALLECIDOS,Caida,Distraccion (celular/radio),51,FALLECIDO,MUJER,SCOOTER,57,FALLECIDO,HOMBRE,SCOOTER,34,LESIONADO,HOMBRE,PEATON
2023-07-18 20:51:51,-4.030475,-79.175629,Av. Pio Jaramillo,CON_LESIONADOS,Colision Multiple,Inobservancia de senales,60,LESIONADO,MUJER,SCOOTER,69,LESIONADO,HOMBRE,OTRO,,,,
2023-09-02 08:28:53,-4.009086,-79.206128,Av. Cuxibamba,SOLO_DANOS,Caida,Estado de embriaguez,,,,,,,,,,,,
2023-08-18 07:32:53,-4.027481,-79.208732,Av. Reinaldo Espinosa,CON_FALLECIDOS,Caida,Visibilidad reducida,33,FALLECIDO,NO_REGISTRA,PEATON,,,,,,,,
2023-06-14 05:38:40,-3.998994,-79.212129,Via Loja - Catamayo,SOLO_DANOS,Atropellamiento,Equipo de seguridad deficiente,,,,,,,,,,,,
2023-07-29 15:22:02,-4.032952,-79.175661,Calle Imbabura,SOLO_DANOS,Accidente Laboral,Distraccion (celular/radio),,,,,,,,,,,,
2023-11-27 16:58:23,-4.022889,-79.181383,Av. Isidro Ayora,CON_LESIONADOS,Volcamiento,Visibilidad reducida,36,LESIONADO,NO_REGISTRA,OTRO,72,LESIONADO,HOMBRE,PEATON,,,,
2023-10-27 16:08:30,-4.017857,-79.209532,Via Loja - Zamora,CON_LESIONADOS,Caida,Visibilidad reducida,28,LESIONADO,NO_REGISTRA,SCOOTER,,,,,,,,
2023-10-12 12:58:28,-3.981527,-79.224793,Via Loja - Catamayo,CON_FALLECIDOS,Caida,Distraccion (celular/radio),36,FALLECIDO,HOMBRE,OTRO,75,FALLECIDO,NO_REGISTRA,OTRO,,,,
2023-01-23 10:28:45,-4.000396,-79.184315,Calle Colon,CON_LESIONADOS,Colision Multiple,Via resbaladiza o mojada,55,LESIONADO,HOMBRE,VEH_LIVIANO,,,,,,,,
2023-01-10 00:43:05,-4.003600,-79.189044,Av. Rosa Hermosa,CON_FALLECIDOS,Choque Vehicular,Fatiga del conductor,33,FALLECIDO,MUJER,MOTOCICLETA,18,LESIONADO,NO_REGISTRA,CICLISTA,38,LESIONADO,NO_REGISTRA,PEATON
2023-04-04 16:26:21,-3.990269,-79.209887,Av. Isidro Ayora,CON_FALLECIDOS,Choque Vehicular,Exceso de velocidad,36,FALLECIDO,MUJER,MOTOCICLETA,35,FALLECIDO,NO_REGISTRA,CICLISTA,70,LESIONADO,HOMBRE,CICLISTA
2023-01-28 12:02:18,-3.995471,-79.209139,Ruta 35,SOLO_DANOS,Incendio,Falla mecanica,,,,,,,,,,,,
2023-11-05 04:47:52,-4.029157,-79.225279,Calle Azogues,SOLO_DANOS,Incendio,Fatiga del conductor,,,,,,,,,,,,
2023-08-15 05:44:04,-3.997614,-79.220091,Calle Imbabura,CON_FALLECIDOS,Accidente Laboral,Estado de embriaguez,30,FALLECIDO,MUJER,MOTOCICLETA,10,LESIONADO,NO_REGISTRA,CICLISTA,,,,
2023-09-02 02:07:18,-4.000159,-79.174343,Av. Isidro Ayora,CON_LESIONADOS,Volcamiento,Fatiga del conductor,65,LESIONADO,HOMBRE,OTRO,24,LESIONADO,NO_REGISTRA,MOTOCICLETA,35,LESIONADO,HOMBRE,SCOOTER
2023-06-22 21:21:28,-3.982470,-79.226286,Via Loja - Catamayo,CON_LESIONADOS,Incendio,Equipo de seguridad deficiente,70,LESIONADO,NO_REGISTRA,SCOOTER,5,LESIONADO,MUJER,MOTOCICLETA,9,LESIONADO,NO_REGISTRA,VEH_LIVIANO
2023-10-03 11:31:24,-4.023705,-79.209412,Calle Imbabura,CON_LESIONADOS,Volcamiento,Equipo de seguridad deficiente,22,LESIONADO,NO_REGISTRA,PEATON,28,LESIONADO,HOMBRE,VEH_LIVIANO,,,,
2023-09-26 06:06:26,-3.999216,-79.209673,Av. Rosa Hermosa,CON_LESIONADOS,Colision Multiple,Equipo de seguridad deficiente,79,LESIONADO,MUJER,OTRO,74,LESIONADO,NO_REGISTRA,OTRO,43,LESIONADO,HOMBRE,OTRO
2023-07-30 06:47:59,-4.005828,-79.221576,Av. Gran Colombia,CON_FALLECIDOS,Caida,Factores externos,83,FALLECIDO,NO_REGISTRA,PEATON,67,FALLECIDO,NO_REGISTRA,MOTOCICLETA,,,,
2023-01-07 21:34:20,-4.008864,-79.176832,Calle Quito,CON_LESIONADOS,Caida,Via resbaladiza o mojada,35,LESIONADO,HOMBRE,VEH_LIVIANO,,,,,,,,
2023-04-28 01:26:18,-3.999523,-79.186763,Calle Ramon Borrero,CON_FALLECIDOS,Colision Multiple,Factores externos,75,FALLECIDO,MUJER,PEATON,58,FALLECIDO,HOMBRE,OTRO,,,,
2023-11-26 20:27:27,-3.995259,-79.179578,Calle Colon,SOLO_DANOS,Volcamiento,Distraccion (celular/radio),,,,,,,,,,,,
2023-01-30 04:56:42,-3.987194,-79.224879,Calle Ramon Borrero,CON_FALLECIDOS,Caida,Inobservancia de senales,51,FALLECIDO,HOMBRE,VEH_LIVIANO,61,FALLECIDO,MUJER,OTRO,55,LESIONADO,MUJER,MOTOCICLETA
2023-09-09 14:01:52,-4.013260,-79.190813,Calle Sucre,CON_FALLECIDOS,Choque Vehicular,Factores externos,24,FALLECIDO,MUJER,SCOOTER,,,,,,,,
2023-03-03 17:45:45,-3.982416,-79.188280,Av. Isidro Ayora,CON_LESIONADOS,Accidente Laboral,Imprudencia del conductor,6,LESIONADO,NO_REGISTRA,PEATON,,,,,,,,
2023-12-23 02:47:28,-3.994353,-79.226757,Calle 10 de Agosto,CON_FALLECIDOS,Colision Multiple,Via resbaladiza o mojada,22,FALLECIDO,HOMBRE,OTRO,54,FALLECIDO,HOMBRE,CICLISTA,,,,
2023-11-03 00:03:02,-4.004174,-79.211779,Calle 18 de Noviembre,SOLO_DANOS,Caida,Visibilidad reducida,,,,,,,,,,,,
2023-04-05 05:18:02,-4.014359,-79.171534,Av. 8 de Diciembre,CON_FALLECIDOS,Caida,Equipo de seguridad deficiente,32,FALLECIDO,HOMBRE,OTRO,67,FALLECIDO,NO_REGISTRA,VEH_LIVIANO,42,LESIONADO,HOMBRE,MOTOCICLETA
2023-02-18 20:06:57,-4.024454,-79.185305,Calle Quito,SOLO_DANOS,Volcamiento,Visibilidad reducida,,,,,,,,,,,,
2023-06-10 16:08:38,-4.013158,-79.172262,Calle 10 de Agosto,SOLO_DANOS,Accidente Laboral,Equipo de seguridad deficiente,,,,,,,,,,,,
2023-07-17 05:12:10,-4.013931,-79.200349,Calle Ramon Borrero,SOLO_DANOS,Choque Vehicular,Fatiga del conductor,,,,,,,,,,,,
2023-10-12 21:18:12,-3.999350,-79.208864,Calle Azogues,SOLO_DANOS,Accidente Laboral,Exceso de velocidad,,,,,,,,,,,,
2023-05-14 10:14:28,-4.013587,-79.216956,Av. 8 de Diciembre,SOLO_DANOS,Colision Multiple,Estado de embriaguez,,,,,,,,,,,,
2023-08-30 16:24:37,-4.016702,-79.227722,Calle 18 de Noviembre,CON_LESIONADOS,Colision Multiple,Inobservancia de senales,74,LESIONADO,NO_REGISTRA,CICLISTA,,,,,,,,
2023-06-29 19:52:39,-4.028036,-79.191199,Av. Orillas del Zamora,SOLO_DANOS,Accidente Laboral,Via resbaladiza o mojada,,,,,,,,,,,,
2023-05-06 08:09:20,-4.005388,-79.193287,Av. Reinaldo Espinosa,CON_FALLECIDOS,Choque Vehicular,Inobservancia de senales,81,FALLECIDO,MUJER,PEATON,20,FALLECIDO,MUJER,SCOOTER,62,LESIONADO,NO_REGISTRA,VEH_LIVIANO
2023-10-28 23:40:05,-4.001121,-79.189438,Av. Gran Colombia,SOLO_DANOS,Volcamiento,Via resbaladiza o mojada,,,,,,,,,,,,
2023-12-13 15:23:31,-4.005835,-79.195204,Av. Universitaria,SOLO_DANOS,Colision Multiple,Fatiga del conductor,,,,,,,,,,,,
2023-06-16 23:54:11,-4.021232,-79.185471,Av. Cuxibamba,CON_FALLECIDOS,Volcamiento,Equipo de seguridad deficiente,30,FALLECIDO,NO_REGISTRA,SCOOTER,13,LESIONADO,NO_REGISTRA,MOTOCICLETA,30,LESIONADO,MUJER,CICLISTA
2023-08-24 21:05:26,-4.005190,-79.207626,Calle Rocafuerte,CON_FALLECIDOS,Volcamiento,Mal estado de la via,28,FALLECIDO,NO_REGISTRA,OTRO,51,FALLECIDO,NO_REGISTRA,MOTOCICLETA,,,,
2023-11-01 13:17:09,-4.025058,-79.205332,Calle Rocafuerte,CON_FALLECIDOS,Choque Vehicular,Distraccion (celular/radio),34,FALLECIDO,HOMBRE,VEH_LIVIANO,26,LESIONADO,NO_REGISTRA,OTRO,20,LESIONADO,MUJER,MOTOCICLETA
2023-11-08 23:58:23,-3.998316,-79.208371,Av. Cuxibamba,CON_FALLECIDOS,Accidente Laboral,Fatiga del conductor,19,FALLECIDO,HOMBRE,MOTOCICLETA,60,LESIONADO,MUJER,OTRO,18,LESIONADO,HOMBRE,VEH_LIVIANO
2023-03-15 14:03:03,-4.001227,-79.213816,Av. Universitaria,SOLO_DANOS,Choque Vehicular,Visibilidad reducida,,,,,,,,,,,,
2023-04-30 12:34:14,-4.002731,-79.179886,Calle Rocafuerte,CON_FALLECIDOS,Accidente Laboral,Imprudencia del conductor,20,FALLECIDO,HOMBRE,PEATON,20,FALLECIDO,NO_REGISTRA,VEH_LIVIANO,66,LESIONADO,HOMBRE,CICLISTA
2023-05-08 15:32:13,-3.998033,-79.203418,Calle Mercadillo,CON_LESIONADOS,Accidente Laboral,Exceso de velocidad,46,LESIONADO,NO_REGISTRA,OTRO,74,LESIONADO,MUJER,VEH_LIVIANO,,,,
2023-01-11 19:33:18,-3.985977,-79.217919,Calle Quito,CON_LESIONADOS,Incendio,Distraccion (celular/radio),13,LESIONADO,HOMBRE,CICLISTA,,,,,,,,
2023-11-25 10:54:52,-4.000551,-79.212558,Calle Quito,SOLO_DANOS,Accidente Laboral,Inobservancia de senales,,,,,,,,,,,,
2023-11-18 13:42:48,-4.021341,-79.197615,Av. 8 de Diciembre,CON_LESIONADOS,Volcamiento,Exceso de velocidad,72,LESIONADO,NO_REGISTRA,PEATON,,,,,,,,
2023-10-07 09:08:38,-3.991351,-79.181576,Calle Rocafuerte,CON_LESIONADOS,Colision Multiple,Fatiga del conductor,73,LESIONADO,HOMBRE,MOTOCICLETA,,,,,,,,
2023-07-21 07:19:29,-3.978423,-79.218053,Calle Mercadillo,CON_LESIONADOS,Accidente Laboral,Factores externos,19,LESIONADO,NO_REGISTRA,CICLISTA,16,LESIONADO,NO_REGISTRA,CICLISTA,73,LESIONADO,NO_REGISTRA,CICLISTA
2023-08-18 23:29:39,-4.028007,-79.220983,Av. Cuxibamba,SOLO_DANOS,Caida,Imprudencia del conductor,,,,,,,,,,,,
2023-01-21 11:54:01,-3.986742,-79.176251,Calle 18 de Noviembre,CON_FALLECIDOS,Volcamiento,Estado de embriaguez,75,FALLECIDO,HOMBRE,MOTOCICLETA,83,FALLECIDO,HOMBRE,SCOOTER,8,LESIONADO,NO_REGISTRA,OTRO
2023-01-10 00:04:18,-4.005210,-79.191937,Calle Azogues,CON_FALLECIDOS,Caida,Fatiga del conductor,65,FALLECIDO,MUJER,OTRO,43,FALLECIDO,HOMBRE,OTRO,22,LESIONADO,MUJER,SCOOTER
2023-08-20 02:06:39,-4.014522,-79.202065,Av. Manuel Agustin Aguirre,CON_LESIONADOS,Caida,Factores externos,23,LESIONADO,NO_REGISTRA,MOTOCICLETA,44,LESIONADO,MUJER,VEH_LIVIANO,53,LESIONADO,HOMBRE,OTRO
2023-11-14 14:22:21,-3.993904,-79.186049,Av. Metropolitana,CON_FALLECIDOS,Incendio,Fatiga del conductor,45,FALLECIDO,MUJER,OTRO,79,LESIONADO,NO_REGISTRA,PEATON,,,,
2023-01-26 12:11:22,-3.998159,-79.226175,Via Loja - Zamora,SOLO_DANOS,Atropellamiento,Fatiga del conductor,,,,,,,,,,,,
2023-06-12 01:20:24,-3.986042,-79.179620,Av. 8 de Diciembre,CON_FALLECIDOS,Colision Multiple,Via resbaladiza o mojada,85,FALLECIDO,NO_REGISTRA,PEATON,47,FALLECIDO,NO_REGISTRA,PEATON,55,LESIONADO,HOMBRE,VEH_LIVIANO
2023-10-30 10:36:51,-4.020368,-79.224928,Av. Pio Jaramillo,CON_LESIONADOS,Volcamiento,Imprudencia del conductor,35,LESIONADO,MUJER,VEH_LIVIANO,,,,,,,,
2023-08-14 13:13:55,-3.990328,-79.191689,Av. Cuxibamba,CON_FALLECIDOS,Atropellamiento,Mal estado de la via,82,FALLECIDO,NO_REGISTRA,CICLISTA,61,FALLECIDO,NO_REGISTRA,CICLISTA,48,LESIONADO,HOMBRE,SCOOTER
2023-09-14 04:21:27,-4.004768,-79.220926,Calle Sucre,CON_FALLECIDOS,Volcamiento,Visibilidad reducida,61,FALLECIDO,NO_REGISTRA,MOTOCICLETA,,,,,,,,
2023-09-19 19:41:24,-4.034305,-79.227966,Av. Rosa Hermosa,CON_FALLECIDOS,Choque Vehicular,Inobservancia de senales,39,FALLECIDO,HOMBRE,PEATON,34,FALLECIDO,NO_REGISTRA,OTRO,62,LESIONADO,MUJER,MOTOCICLETA
2023-11-05 13:13:11,-4.005351,-79.175886,Via Loja - Catamayo,CON_LESIONADOS,Caida,Imprudencia del conductor,50,LESIONADO,MUJER,CICLISTA,63,LESIONADO,NO_REGISTRA,VEH_LIVIANO,,,,
2023-04-12 03:42:38,-3.987780,-79.217366,Calle 10 de Agosto,SOLO_DANOS,Incendio,Imprudencia del conductor,,,,,,,,,,,,
2023-10-21 20:13:48,-4.006029,-79.178493,Av. Orillas del Zamora,CON_LESIONADOS,Choque Vehicular,Exceso de velocidad,26,LESIONADO,MUJER,VEH_LIVIANO,,,,,,,,
2023-12-01 22:19:16,-4.022398,-79.226737,Av. Rosa Hermosa,CON_LESIONADOS,Colision Multiple,Visibilidad reducida,74,LESIONADO,HOMBRE,VEH_LIVIANO,26,LESIONADO,HOMBRE,CICLISTA,,,,
2023-10-26 18:41:08,-4.003731,-79.174685,Via Loja - Zamora,CON_LESIONADOS,Incendio,Equipo de seguridad deficiente,69,LESIONADO,MUJER,PEATON,16,LESIONADO,NO_REGISTRA,PEATON,59,LESIONADO,HOMBRE,PEATON
2023-04-14 22:54:04,-3.988176,-79.207878,Calle Quito,CON_LESIONADOS,Volcamiento,Exceso de velocidad,80,LESIONADO,HOMBRE,SCOOTER,43,LESIONADO,HOMBRE,MOTOCICLETA,,,,
2023-05-13 03:52:40,-3.983343,-79.187605,Av. Manuel Agustin Aguirre,CON_FALLECIDOS,Atropellamiento,Falla mecanica,64,FALLECIDO,HOMBRE,VEH_LIVIANO,71,LESIONADO,NO_REGISTRA,OTRO,,,,
2023-02-02 20:53:35,-4.007273,-79.202391,Av. Pio Jaramillo,CON_LESIONADOS,Accidente Laboral,Exceso de velocidad,42,LESIONADO,NO_REGISTRA,OTRO,,,,,,,,
2023-09-12 04:48:09,-4.019410,-79.215395,Av. Gran Colombia,SOLO_DANOS,Atropellamiento,Exceso de velocidad,,,,,,,,,,,,
2023-08-12 22:35:03,-4.013920,-79.187449,Via Loja - Zamora,CON_FALLECIDOS,Colision Multiple,Visibilidad reducida,41,FALLECIDO,NO_REGISTRA,PEATON,14,LESIONADO,NO_REGISTRA,VEH_LIVIANO,,,,
2023-11-30 13:27:25,-3.986337,-79.213684,Calle Mercadillo,CON_FALLECIDOS,Accidente Laboral,Inobservancia de senales,63,FALLECIDO,NO_REGISTRA,MOTOCICLETA,58,FALLECIDO,HOMBRE,MOTOCICLETA,73,LESIONADO,HOMBRE,PEATON
2023-01-09 08:33:26,-3.977341,-79.194387,Via Loja - Catamayo,SOLO_DANOS,Atropellamiento,Distraccion (celular/radio),,,,,,,,,,,,
2023-01-21 19:27:06,-3.980186,-79.178478,Calle Rocafuerte,CON_LESIONADOS,Accidente Laboral,Mal estado de la via,23,LESIONADO,NO_REGISTRA,MOTOCICLETA,10,LESIONADO,MUJER,CICLISTA,21,LESIONADO,MUJER,MOTOCICLETA
2023-09-23 12:53:31,-4.026642,-79.171354,Av. Pio Jaramillo,CON_LESIONADOS,Incendio,Fatiga del conductor,72,LESIONADO,NO_REGISTRA,SCOOTER,12,LESIONADO,NO_REGISTRA,OTRO,,,,
2023-10-24 16:39:39,-4.024186,-79.186117,Calle Azogues,SOLO_DANOS,Atropellamiento,Fatiga del conductor,,,,,,,,,,,,
2023-06-02 18:08:05,-4.010857,-79.174608,Via Loja - Zamora,CON_LESIONADOS,Accidente Laboral,Distraccion (celular/radio),43,LESIONADO,NO_REGISTRA,SCOOTER,52,LESIONADO,NO_REGISTRA,VEH_LIVIANO,45,LESIONADO,HOMBRE,OTRO
2023-09-15 22:53:18,-4.026317,-79.208111,Av. Manuel Agustin Aguirre,CON_FALLECIDOS,Volcamiento,Imprudencia del conductor,54,FALLECIDO,MUJER,SCOOTER,66,LESIONADO,MUJER,MOTOCICLETA,22,LESIONADO,NO_REGISTRA,PEATON
2023-11-25 03:15:21,-4.015381,-79.206354,Calle Ramon Borrero,CON_LESIONADOS,Choque Vehicular,Estado de embriaguez,60,LESIONADO,MUJER,CICLISTA,27,LESIONADO,HOMBRE,PEATON,,,,
2023-04-10 04:04:59,-3.992990,-79.204680,Av. Pio Jaramillo,SOLO_DANOS,Colision Multiple,Falla mecanica,,,,,,,,,,,,
2023-12-31 00:21:49,-3.984256,-79.191842,Av. Universitaria,CON_LESIONADOS,Accidente Laboral,Equipo de seguridad deficiente,25,LESIONADO,NO_REGISTRA,MOTOCICLETA,,,,,,,,
2023-08-31 04:04:37,-4.006075,-79.204372,Av. Reinaldo Espinosa,SOLO_DANOS,Accidente Laboral,Visibilidad reducida,,,,,,,,,,,,
2023-03-29 03:41:39,-4.004017,-79.183537,Calle Miguel Riofrio,CON_LESIONADOS,Colision Multiple,Via resbaladiza o mojada,26,LESIONADO,HOMBRE,CICLISTA,19,LESIONADO,MUJER,OTRO,,,,
2023-04-14 15:36:55,-3.997446,-79.182261,Calle Quito,CON_LESIONADOS,Incendio,Equipo de seguridad deficiente,36,LESIONADO,HOMBRE,OTRO,47,LESIONADO,HOMBRE,MOTOCICLETA,23,LESIONADO,HOMBRE,MOTOCICLETA
2023-10-07 18:36:58,-3.979727,-79.171192,Calle Mercadillo,CON_FALLECIDOS,Volcamiento,Distraccion (celular/radio),18,FALLECIDO,HOMBRE,VEH_LIVIANO,66,LESIONADO,MUJER,SCOOTER,,,,
2023-03-12 10:39:29,-4.024443,-79.200434,Ruta 35,SOLO_DANOS,Incendio,Mal estado de la via,,,,,,,,,,,,
2023-07-07 06:01:59,-4.028966,-79.215900,Av. Cuxibamba,SOLO_DANOS,Colision Multiple,Estado de embriaguez,,,,,,,,,,,,
2023-03-29 09:20:54,-4.029225,-79.208046,Calle Quito,CON_FALLECIDOS,Volcamiento,Distraccion (celular/radio),24,FALLECIDO,HOMBRE,CICLISTA,64,LESIONADO,NO_REGISTRA,SCOOTER,26,LESIONADO,MUJER,SCOOTER
2023-07-07 21:26:11,-4.036559,-79.192104,Ruta 35,SOLO_DANOS,Colision Multiple,Falla mecanica,,,,,,,,,,,,
2023-10-14 05:35:47,-3.988067,-79.229880,Calle Miguel Riofrio,SOLO_DANOS,Volcamiento,Exceso de velocidad,,,,,,,,,,,,
2023-08-30 02:27:44,-4.012974,-79.199426,Av. Gran Colombia,CON_FALLECIDOS,Colision Multiple,Via resbaladiza o mojada,78,FALLECIDO,HOMBRE,MOTOCICLETA,64,FALLECIDO,MUJER,PEATON,36,LESIONADO,HOMBRE,OTRO
2023-10-11 06:26:58,-3.977583,-79.204057,Calle 10 de Agosto,CON_LESIONADOS,Colision Multiple,Inobservancia de senales,41,LESIONADO,MUJER,VEH_LIVIANO,38,LESIONADO,NO_REGISTRA,VEH_LIVIANO,19,LESIONADO,MUJER,OTRO
2023-05-15 19:15:40,-4.002384,-79.206791,Av. Reinaldo Espinosa,CON_LESIONADOS,Incendio,Mal estado de la via,23,LESIONADO,NO_REGISTRA,OTRO,47,LESIONADO,HOMBRE,PEATON,19,LESIONADO,MUJER,MOTOCICLETA
2023-08-19 19:33:28,-4.007065,-79.226051,Calle Rocafuerte,CON_FALLECIDOS,Colision Multiple,Visibilidad reducida,67,FALLECIDO,NO_REGISTRA,SCOOTER,45,LESIONADO,NO_REGISTRA,CICLISTA,29,LESIONADO,HOMBRE,CICLISTA
2023-01-11 18:30:34,-3.984655,-79.187866,Av. Reinaldo Espinosa,CON_FALLECIDOS,Atropellamiento,Factores externos,51,FALLECIDO,HOMBRE,OTRO,,,,,,,,
2023-12-18 04:44:52,-4.004131,-79.172106,Av. Orillas del Zamora,CON_FALLECIDOS,Atropellamiento,Estado de embriaguez,82,FALLECIDO,HOMBRE,CICLISTA,57,LESIONADO,HOMBRE,CICLISTA,,,,
2023-06-16 13:09:22,-4.017901,-79.223569,Calle Montufar,CON_LESIONADOS,Volcamiento,Factores externos,57,LESIONADO,NO_REGISTRA,MOTOCICLETA,27,LESIONADO,MUJER,MOTOCICLETA,12,LESIONADO,HOMBRE,PEATON
2023-03-11 01:07:16,-3.989135,-79.217827,Ruta 35,CON_FALLECIDOS,Atropellamiento,Exceso de velocidad,42,FALLECIDO,NO_REGISTRA,VEH_LIVIANO,40,FALLECIDO,NO_REGISTRA,OTRO,63,LESIONADO,NO_REGISTRA,VEH_LIVIANO
2023-05-17 05:15:20,-4.012331,-79.199389,Calle Azogues,CON_FALLECIDOS,Choque Vehicular,Exceso de velocidad,34,FALLECIDO,NO_REGISTRA,SCOOTER,77,LESIONADO,MUJER,CICLISTA,,,,
2023-07-04 15:46:23,-3.993987,-79.211270,Av. Metropolitana,SOLO_DANOS,Colision Multiple,Mal estado de la via,,,,,,,,,,,,
2023-02-26 06:53:25,-3.995485,-79.213181,Av. Metropolitana,CON_LESIONADOS,Colision Multiple,Falla mecanica,10,LESIONADO,HOMBRE,OTRO,,,,,,,,
2023-03-17 04:34:16,-3.990738,-79.205733,Calle Colon,CON_FALLECIDOS,Accidente Laboral,Exceso de velocidad,56,FALLECIDO,HOMBRE,SCOOTER,33,FALLECIDO,HOMBRE,MOTOCICLETA,6,LESIONADO,MUJER,CICLISTA
2023-12-03 20:38:24,-4.028536,-79.207483,Av. 8 de Diciembre,CON_LESIONADOS,Incendio,Imprudencia del conductor,44,LESIONADO,NO_REGISTRA,MOTOCICLETA,,,,,,,,
2023-05-25 02:42:00,-4.031824,-79.220699,Av. Pio Jaramillo,CON_FALLECIDOS,Caida,Equipo de seguridad deficiente,46,FALLECIDO,HOMBRE,PEATON,26,LESIONADO,MUJER,OTRO,45,LESIONADO,MUJER,MOTOCICLETA
2023-11-23 05:08:06,-4.023599,-79.185616,Ruta 35,SOLO_DANOS,Atropellamiento,Visibilidad reducida,,,,,,,,,,,,
2023-02-04 21:58:07,-3.997020,-79.188484,Ruta 35,CON_FALLECIDOS,Accidente Laboral,Falla mecanica,66,FALLECIDO,MUJER,CICLISTA,84,FALLECIDO,MUJER,OTRO,51,LESIONADO,NO_REGISTRA,VEH_LIVIANO
2023-07-30 06:04:24,-3.989430,-79.192416,Calle Quito,CON_LESIONADOS,Caida,Imprudencia del conductor,5,LESIONADO,NO_REGISTRA,OTRO,,,,,,,,
2023-07-17 07:50:13,-3.979464,-79.215873,Av. Rosa Hermosa,CON_LESIONADOS,Volcamiento,Factores externos,37,LESIONADO,MUJER,CICLISTA,5,LESIONADO,NO_REGISTRA,MOTOCICLETA,,,,
2023-10-14 12:20:41,-4.030382,-79.208164,Av. Gran Colombia,SOLO_DANOS,Incendio,Equipo de seguridad deficiente,,,,,,,,,,,,
2023-04-03 00:35:12,-4.029672,-79.175270,Av. Reinaldo Espinosa,CON_LESIONADOS,Caida,Estado de embriaguez,60,LESIONADO,NO_REGISTRA,OTRO,,,,,,,,
2023-09-24 00:47:31,-4.022276,-79.200651,Calle Bolivar,CON_LESIONADOS,Choque Vehicular,Exceso de velocidad,16,LESIONADO,HOMBRE,CICLISTA,38,LESIONADO,MUJER,CICLISTA,11,LESIONADO,MUJER,OTRO
2023-03-19 21:32:46,-3.997456,-79.197275,Via Loja - Zamora,SOLO_DANOS,Colision Multiple,Via resbaladiza o mojada,,,,,,,,,,,,
2023-09-12 02:24:17,-3.980029,-79.210944,Av. Pio Jaramillo,CON_FALLECIDOS,Caida,Via resbaladiza o mojada,31,FALLECIDO,MUJER,VEH_LIVIANO,,,,,,,,
2023-12-17 23:15:52,-4.025372,-79.175801,Calle Imbabura,CON_FALLECIDOS,Choque Vehicular,Imprudencia del conductor,53,FALLECIDO,NO_REGISTRA,SCOOTER,20,FALLECIDO,MUJER,VEH_LIVIANO,18,LESIONADO,MUJER,SCOOTER
2023-03-31 00:02:59,-4.000637,-79.175780,Av. Isidro Ayora,SOLO_DANOS,Caida,Equipo de seguridad deficiente,,,,,,,,,,,,
2023-01-04 11:36:52,-4.010631,-79.212560,Av. Cuxibamba,CON_FALLECIDOS,Caida,Via resbaladiza o mojada,24,FALLECIDO,HOMBRE,PEATON,77,LESIONADO,HOMBRE,OTRO,,,,
2023-11-04 19:42:41,-4.002312,-79.176766,Av. Gran Colombia,CON_FALLECIDOS,Choque Vehicular,Imprudencia del conductor,37,FALLECIDO,NO_REGISTRA,OTRO,84,FALLECIDO,HOMBRE,OTRO,,,,
2023-06-09 10:30:21,-4.005159,-79.189022,Calle Montufar,CON_FALLECIDOS,Caida,Exceso de velocidad,65,FALLECIDO,HOMBRE,CICLISTA,,,,,,,,
2023-11-06 02:35:01,-4.029141,-79.208582,Calle 18 de Noviembre,CON_LESIONADOS,Atropellamiento,Estado de embriaguez,45,LESIONADO,NO_REGISTRA,PEATON,5,LESIONADO,HOMBRE,MOTOCICLETA,76,LESIONADO,NO_REGISTRA,SCOOTER
2023-01-17 00:51:24,-4.009416,-79.203175,Calle 10 de Agosto,SOLO_DANOS,Colision Multiple,Fatiga del conductor,,,,,,,,,,,,
2023-01-20 10:19:33,-4.029266,-79.171640,Via Loja - Zamora,CON_LESIONADOS,Caida,Via resbaladiza o mojada,29,LESIONADO,MUJER,PEATON,,,,,,,,
2023-03-31 12:34:41,-3.983342,-79.173673,Av. Rosa Hermosa,CON_FALLECIDOS,Accidente Laboral,Via resbaladiza o mojada,34,FALLECIDO,NO_REGISTRA,VEH_LIVIANO,51,FALLECIDO,HOMBRE,VEH_LIVIANO,,,,
2023-11-18 12:23:55,-4.032413,-79.178232,Calle Saraguro,CON_LESIONADOS,Choque Vehicular,Imprudencia del conductor,50,LESIONADO,NO_REGISTRA,CICLISTA,,,,,,,,
2023-06-27 12:18:37,-3.983586,-79.208199,Calle Montufar,SOLO_DANOS,Caida,Distraccion (celular/radio),,,,,,,,,,,,
2023-02-01 19:37:33,-4.031984,-79.199955,Av. Orillas del Zamora,CON_LESIONADOS,Colision Multiple,Inobservancia de senales,16,LESIONADO,MUJER,PEATON,79,LESIONADO,HOMBRE,SCOOTER,54,LESIONADO,MUJER,OTRO