fecha_hora,latitud,longitud,via,grado_severidad,tipo_siniestro,causa_probable,victima1_edad,victima1_condicion,victima1_sexo,victima1_actor_vial,victima2_edad,victima2_condicion,victima2_sexo,victima2_actor_vial,victima3_edad,victima3_condicion,victima3_sexo,victima3_actor_vial
2023-07-07 03:01:09,-4.028296,-79.179166,Calle Mercadillo,CON_LESIONADOS,Caida,Fatiga del conductor,35,LESIONADO,NO_REGISTRA,CICLISTA,,,,,,,,
2023-07-10 02:33:21,-3.994719,-79.176668,Via Loja - Zamora,SOLO_DANOS,Colision Multiple,Fatiga del conductor,,,,,,,,,,,,
2023-04-14 08:24:17,-4.006197,-79.204827,Calle Sucre,SOLO_DANOS,Choque Vehicular,Fatiga del conductor,,,,,,,,,,,,
2023-06-07 09:10:07,-4.007347,-79.172608,Av. Metropolitana,CON_FALLECIDOS,Accidente Laboral,Exceso de velocidad,18,FALLECIDO,HOMBRE,VEH_LIVIANO,,,,,,,,
2023-04-20 00:46:01,-3.992724,-79.174602,Av. Rosa Hermosa,CON_FALLECIDOS,Volcamiento,Distraccion (celular/radio),29,FALLECIDO,HOMBRE,MOTOCICLETA,,,,,,,,
2023-02-17 02:24:49,-4.034365,-79.216896,Av. 8 de Diciembre,SOLO_DANOS,Volcamiento,Equipo de seguridad deficiente,,,,,,,,,,,,
2023-09-15 09:33:00,-3.988974,-79.222900,Calle Bolivar,SOLO_DANOS,Caida,Visibilidad reducida,,,,,,,,,,,,
2023-11-02 20:01:40,-3.978567,-79.198238,Calle Rocafuerte,CON_FALLECIDOS,Caida,Mal estado de la via,35,FALLECIDO,MUJER,OTRO,41,FALLECIDO,NO_REGISTRA,VEH_LIVIANO,57,LESIONADO,MUJER,VEH_LIVIANO
2023-08-11 13:57:34,-3.988010,-79.203489,Calle Azogues,SOLO_DANOS,Incendio,Visibilidad reducida,,,,,,,,,,,,
2023-08-31 03:26:52,-4.032504,-79.210318,Calle Miguel Riofrio,CON_FALLECIDOS,Choque Vehicular,Distraccion (celular/radio),77,FALLECIDO,MUJER,CICLISTA,57,LESIONADO,NO_REGISTRA,PEATON,,,,
2023-09-27 20:31:53,-3.998428,-79.189716,Av. Rosa Hermosa,CON_LESIONADOS,Choque Vehicular,Mal estado de la via,48,LESIONADO,NO_REGISTRA,VEH_LIVIANO,,,,,,,,
2023-08-29 15:42:24,-4.032128,-79.194397,Av. Manuel Agustin Aguirre,CON_LESIONADOS,Accidente Laboral,Imprudencia del conductor,56,LESIONADO,HOMBRE,OTRO,25,LESIONADO,MUJER,PEATON,,,,
2023-09-21 06:23:49,-4.033155,-79.213292,Av. Orillas del Zamora,CON_LESIONADOS,Incendio,Factores externos,71,LESIONADO,MUJER,CICLISTA,9,LESIONADO,NO_REGISTRA,OTRO,,,,
2023-12-25 21:50:58,-3.983235,-79.187758,Calle Rocafuerte,SOLO_DANOS,Incendio,Falla mecanica,,,,,,,,,,,,
2023-11-14 17:23:48,-4.009453,-79.214187,Av. Rosa Hermosa,CON_FALLECIDOS,Caida,Factores externos,78,FALLECIDO,NO_REGISTRA,SCOOTER,27,LESIONADO,NO_REGISTRA,MOTOCICLETA,,,,
2023-04-26 18:24:21,-3.998837,-79.221746,Calle Rocafuerte,CON_LESIONADOS,Atropellamiento,Distraccion (celular/radio),31,LESIONADO,NO_REGISTRA,SCOOTER,,,,,,,,
2023-11-23 21:25:50,-3.993106,-79.222999,Av. Universitaria,CON_FALLECIDOS,Incendio,Imprudencia del conductor,82,FALLECIDO,NO_REGISTRA,SCOOTER,67,LESIONADO,MUJER,SCOOTER,43,LESIONADO,NO_REGISTRA,PEATON
2023-04-09 02:54:23,-3.980732,-79.195418,Av. Isidro Ayora,SOLO_DANOS,Accidente Laboral,Fatiga del conductor,,,,,,,,,,,,
2023-12-30 14:49:05,-4.013970,-79.184829,Calle Mercadillo,SOLO_DANOS,Volcamiento,Visibilidad reducida,,,,,,,,,,,,
2023-09-17 06:05:05,-4.032622,-79.181214,Av. Reinaldo Espinosa,CON_LESIONADOS,Atropellamiento,Factores externos,24,LESIONADO,MUJER,PEATON,,,,,,,,
2023-01-12 08:45:52,-4.030112,-79.205126,Calle Montufar,CON_LESIONADOS,Incendio,Mal estado de la via,52,LESIONADO,HOMBRE,OTRO,,,,,,,,
2023-12-10 16:55:29,-3.989405,-79.178740,Calle Bolivar,CON_FALLECIDOS,Accidente Laboral,Visibilidad reducida,81,FALLECIDO,NO_REGISTRA,MOTOCICLETA,69,FALLECIDO,MUJER,OTRO,26,LESIONADO,NO_REGISTRA,CICLISTA
2023-12-11 20:03:06,-4.034664,-79.186781,Av. Reinaldo Espinosa,CON_FALLECIDOS,Choque Vehicular,Estado de embriaguez,69,FALLECIDO,NO_REGISTRA,SCOOTER,28,FALLECIDO,MUJER,OTRO,,,,
2023-11-08 01:46:23,-3.998945,-79.176247,Calle Quito,CON_FALLECIDOS,Accidente Laboral,Falla mecanica,76,FALLECIDO,HOMBRE,OTRO,35,FALLECIDO,NO_REGISTRA,SCOOTER,24,LESIONADO,HOMBRE,MOTOCICLETA
2023-05-18 17:10:22,-3.991110,-79.173261,Av. Reinaldo Espinosa,CON_FALLECIDOS,Accidente Laboral,Estado de embriaguez,85,FALLECIDO,MUJER,MOTOCICLETA,60,FALLECIDO,NO_REGISTRA,VEH_LIVIANO,,,,
2023-06-10 08:50:24,-4.006939,-79.182125,Av. Metropolitana,CON_LESIONADOS,Caida,Via resbaladiza o mojada,22,LESIONADO,MUJER,CICLISTA,,,,,,,,
2023-08-12 05:23:08,-4.009787,-79.193942,Calle Rocafuerte,CON_LESIONADOS,Incendio,Factores externos,36,LESIONADO,HOMBRE,MOTOCICLETA,,,,,,,,
2023-10-22 19:29:11,-3.983990,-79.196030,Calle Imbabura,SOLO_DANOS,Incendio,Mal estado de la via,,,,,,,,,,,,
2023-02-26 19:51:29,-3.992324,-79.192202,Calle Azogues,SOLO_DANOS,Colision Multiple,Exceso de velocidad,,,,,,,,,,,,
2023-06-29 10:05:42,-4.030574,-79.196676,Av. 8 de Diciembre,CON_FALLECIDOS,Choque Vehicular,Distraccion (celular/radio),59,FALLECIDO,HOMBRE,PEATON,27,LESIONADO,NO_REGISTRA,CICLISTA,41,LESIONADO,MUJER,MOTOCICLETA
2023-12-01 18:16:52,-4.006202,-79.228198,Calle Imbabura,CON_LESIONADOS,Volcamiento,Visibilidad reducida,11,LESIONADO,HOMBRE,MOTOCICLETA,,,,,,,,
2023-05-21 22:22:19,-3.985886,-79.210226,Ruta 35,SOLO_DANOS,Caida,Via resbaladiza o mojada,,,,,,,,,,,,
2023-11-05 08:03:16,-4.035707,-79.199290,Calle Saraguro,CON_LESIONADOS,Caida,Exceso de velocidad,76,LESIONADO,HOMBRE,CICLISTA,,,,,,,,
2023-01-05 23:26:34,-3.998284,-79.189713,Calle Rocafuerte,CON_FALLECIDOS,Caida,Distraccion (celular/radio),39,FALLECIDO,MUJER,CICLISTA,28,FALLECIDO,MUJER,VEH_LIVIANO,69,LESIONADO,MUJER,CICLISTA
2023-11-21 23:25:54,-4.010398,-79.176578,Av. Reinaldo Espinosa,SOLO_DANOS,Volcamiento,Factores externos,,,,,,,,,,,,
2023-07-10 04:55:43,-4.026290,-79.179963,Calle Rocafuerte,CON_FALLECIDOS,Volcamiento,Factores externos,59,FALLECIDO,MUJER,MOTOCICLETA,18,FALLECIDO,HOMBRE,CICLISTA,,,,
2023-07-29 03:03:00,-4.024027,-79.185356,Av. Pio Jaramillo,CON_LESIONADOS,Atropellamiento,Falla mecanica,23,LESIONADO,MUJER,OTRO,,,,,,,,
2023-10-09 10:25:28,-4.028388,-79.191467,Av. 8 de Diciembre,CON_FALLECIDOS,Colision Multiple,Fatiga del conductor,74,FALLECIDO,MUJER,MOTOCICLETA,15,LESIONADO,MUJER,OTRO,,,,
2023-09-04 12:22:29,-3.995295,-79.194136,Av. Rosa Hermosa,SOLO_DANOS,Incendio,Inobservancia de senales,,,,,,,,,,,,
2023-05-02 00:27:42,-3.982349,-79.178362,Av. Cuxibamba,SOLO_DANOS,Caida,Estado de embriaguez,,,,,,,,,,,,
2023-12-19 18:05:35,-3.980416,-79.188284,Av. Gran Colombia,CON_LESIONADOS,Caida,Fatiga del conductor,32,LESIONADO,NO_REGISTRA,SCOOTER,,,,,,,,
2023-11-26 12:21:50,-4.010192,-79.189424,Av. Gran Colombia,SOLO_DANOS,Atropellamiento,Fatiga del conductor,,,,,,,,,,,,
2023-07-18 20:09:26,-3.988891,-79.196213,Via Loja - Catamayo,CON_FALLECIDOS,Caida,Equipo de seguridad deficiente,64,FALLECIDO,HOMBRE,CICLISTA,45,FALLECIDO,MUJER,VEH_LIVIANO,24,LESIONADO,MUJER,CICLISTA
2023-01-21 15:16:19,-4.008498,-79.210272,Av. Cuxibamba,SOLO_DANOS,Colision Multiple,Fatiga del conductor,,,,,,,,,,,,
2023-10-13 18:25:09,-4.031779,-79.205404,Calle Sucre,CON_LESIONADOS,Caida,Equipo de seguridad deficiente,65,LESIONADO,HOMBRE,MOTOCICLETA,55,LESIONADO,MUJER,SCOOTER,,,,
2023-12-03 18:41:14,-4.021961,-79.215547,Calle 10 de Agosto,CON_LESIONADOS,Choque Vehicular,Estado de embriaguez,49,LESIONADO,NO_REGISTRA,CICLISTA,54,LESIONADO,NO_REGISTRA,SCOOTER,,,,
2023-04-07 03:17:34,-3.991112,-79.196096,Calle Sucre,SOLO_DANOS,Caida,Falla mecanica,8,LESIONADO,MUJER,SCOOTER,,,,,,,,
2023-04-08 06:01:08,-4.008908,-79.173922,Via Loja - Catamayo,CON_LESIONADOS,Incendio,Estado de embriaguez,49,LESIONADO,HOMBRE,PEATON,28,LESIONADO,MUJER,CICLISTA,69,LESIONADO,HOMBRE,MOTOCICLETA
2023-03-08 12:05:03,-4.036025,-79.212216,Calle Bolivar,SOLO_DANOS,Volcamiento,Factores externos,,,,,,,,,,,,
2023-06-07 18:33:09,-4.024901,-79.226938,Calle Imbabura,SOLO_DANOS,Choque Vehicular,Inobservancia de senales,,,,,,,,,,,,
2023-08-09 22:11:38,-3.978912,-79.221892,Ruta 35,CON_LESIONADOS,Accidente Laboral,Distraccion (celular/radio),6,LESIONADO,MUJER,OTRO,64,LESIONADO,HOMBRE,SCOOTER,,,,
2023-06-26 10:46:57,-3.992607,-79.218871,Calle Montufar,CON_FALLECIDOS,Atropellamiento,Visibilidad reducida,20,FALLECIDO,NO_REGISTRA,MOTOCICLETA,26,FALLECIDO,NO_REGISTRA,CICLISTA,66,LESIONADO,HOMBRE,SCOOTER
2023-09-24 14:50:01,-3.997114,-79.181309,Av. Metropolitana,CON_LESIONADOS,Caida,Falla mecanica,42,LESIONADO,MUJER,VEH_LIVIANO,18,LESIONADO,NO_REGISTRA,PEATON,75,LESIONADO,NO_REGISTRA,MOTOCICLETA
2023-03-17 10:26:11,-3.983355,-79.207935,Calle Rocafuerte,CON_FALLECIDOS,Atropellamiento,Factores externos,55,FALLECIDO,NO_REGISTRA,VEH_LIVIANO,19,LESIONADO,HOMBRE,VEH_LIVIANO,10,LESIONADO,NO_REGISTRA,MOTOCICLETA
2023-03-11 06:44:38,-3.981080,-79.179887,Calle Sucre,CON_FALLECIDOS,Volcamiento,Mal estado de la via,56,FALLECIDO,NO_REGISTRA,SCOOTER,84,FALLECIDO,HOMBRE,VEH_LIVIANO,29,LESIONADO,MUJER,VEH_LIVIANO
2023-10-18 09:00:44,-3.979272,-79.216215,Av. Universitaria,SOLO_DANOS,Accidente Laboral,Fatiga del conductor,,,,,,,,,,,,
2023-03-08 17:48:43,-4.032498,-79.229399,Calle Azogues,CON_LESIONADOS,Atropellamiento,Fatiga del conductor,51,LESIONADO,HOMBRE,VEH_LIVIANO,69,LESIONADO,HOMBRE,SCOOTER,,,,
2023-01-14 14:51:06,-3.995830,-79.184967,Calle Mercadillo,CON_LESIONADOS,Choque Vehicular,Equipo de seguridad deficiente,61,LESIONADO,NO_REGISTRA,PEATON,17,LESIONADO,MUJER,CICLISTA,,,,
2023-05-31 04:09:03,-3.990782,-79.203091,Calle 10 de Agosto,CON_LESIONADOS,Volcamiento,Inobservancia de senales,24,LESIONADO,MUJER,SCOOTER,33,LESIONADO,NO_REGISTRA,OTRO,,,,
2023-07-06 10:42:39,-4.016984,-79.221905,Av. Universitaria,SOLO_DANOS,Choque Vehicular,Equipo de seguridad deficiente,,,,,,,,,,,,
2023-04-03 23:38:49,-4.022465,-79.211933,Calle Quito,CON_FALLECIDOS,Volcamiento,Factores externos,84,FALLECIDO,MUJER,SCOOTER,55,LESIONADO,HOMBRE,SCOOTER,,,,
2023-12-02 14:41:02,-3.977488,-79.224751,Calle Quito,CON_FALLECIDOS,Accidente Laboral,Equipo de seguridad deficiente,50,FALLECIDO,HOMBRE,SCOOTER,47,FALLECIDO,HOMBRE,SCOOTER,78,LESIONADO,HOMBRE,OTRO
2023-07-07 10:26:56,-3.984937,-79.202426,Calle 10 de Agosto,CON_LESIONADOS,Choque Vehicular,Mal estado de la via,26,LESIONADO,MUJER,OTRO,11,LESIONADO,MUJER,MOTOCICLETA,,,,
2023-01-28 03:01:45,-4.007927,-79.192287,Av. Cuxibamba,SOLO_DANOS,Caida,Exceso de velocidad,9,LESIONADO,MUJER,SCOOTER,,,,,,,,
2023-09-30 00:45:29,-4.025318,-79.197015,Av. 8 de Diciembre,SOLO_DANOS,Colision Multiple,Visibilidad reducida,,,,,,,,,,,,
2023-05-11 20:18:04,-4.008699,-79.225401,Via Loja - Catamayo,SOLO_DANOS,Atropellamiento,Distraccion (celular/radio),,,,,,,,,,,,
2023-05-22 18:47:39,-4.018088,-79.185435,Av. 8 de Diciembre,SOLO_DANOS,Atropellamiento,Estado de embriaguez,,,,,,,,,,,,
2023-02-21 23:31:54,-4.020873,-79.190213,Calle Imbabura,SOLO_DANOS,Choque Vehicular,Fatiga del conductor,,,,,,,,,,,,
2023-09-21 10:50:07,-4.022521,-79.223547,Ruta 35,CON_FALLECIDOS,Caida,Estado de embriaguez,30,FALLECIDO,NO_REGISTRA,OTRO,25,LESIONADO,HOMBRE,SCOOTER,,,,
2023-09-15 11:46:14,-4.011895,-79.219878,Calle Rocafuerte,CON_LESIONADOS,Accidente Laboral,Via resbaladiza o mojada,8,LESIONADO,NO_REGISTRA,SCOOTER,80,LESIONADO,HOMBRE,OTRO,,,,
2023-03-21 18:58:39,-4.035260,-79.206988,Calle Saraguro,SOLO_DANOS,Volcamiento,Via resbaladiza o mojada,,,,,,,,,,,,
2023-08-18 20:23:34,-4.007831,-79.177223,Calle Quito,CON_LESIONADOS,Choque Vehicular,Equipo de seguridad deficiente,16,LESIONADO,MUJER,CICLISTA,32,LESIONADO,MUJER,CICLISTA,79,LESIONADO,MUJER,CICLISTA
2023-06-29 15:56:49,-3.997240,-79.186041,Av. 8 de Diciembre,CON_LESIONADOS,Accidente Laboral,Via resbaladiza o mojada,46,LESIONADO,NO_REGISTRA,CICLISTA,14,LESIONADO,NO_REGISTRA,MOTOCICLETA,,,,
2023-01-07 18:22:56,-3.988486,-79.201935,Av. Manuel Agustin Aguirre,CON_FALLECIDOS,Accidente Laboral,Factores externos,18,FALLECIDO,MUJER,PEATON,15,LESIONADO,HOMBRE,VEH_LIVIANO,,,,
2023-06-21 17:27:13,-4.001712,-79.188165,Calle Azogues,CON_LESIONADOS,Incendio,Estado de embriaguez,75,LESIONADO,NO_REGISTRA,OTRO,,,,,,,,
2023-11-26 06:32:21,-4.009138,-79.193886,Calle Ramon Borrero,CON_FALLECIDOS,Volcamiento,Visibilidad reducida,48,FALLECIDO,NO_REGISTRA,VEH_LIVIANO,32,FALLECIDO,MUJER,OTRO,,,,
2023-11-12 02:57:31,-4.028320,-79.194248,Ruta 35,SOLO_DANOS,Incendio,Falla mecanica,,,,,,,,,,,,
2023-03-10 21:50:04,-4.022253,-79.174477,Calle Colon,CON_LESIONADOS,Atropellamiento,Mal estado de la via,50,LESIONADO,HOMBRE,OTRO,7,LESIONADO,HOMBRE,OTRO,35,LESIONADO,NO_REGISTRA,OTRO
2023-09-18 10:12:35,-4.008607,-79.198362,Calle Montufar,CON_FALLECIDOS,Accidente Laboral,Distraccion (celular/radio),40,FALLECIDO,HOMBRE,OTRO,65,LESIONADO,MUJER,VEH_LIVIANO,,,,
2023-03-15 14:25:51,-4.013381,-79.183317,Calle Sucre,SOLO_DANOS,Accidente Laboral,Falla mecanica,,,,,,,,,,,,
2023-11-02 15:26:19,-4.036858,-79.191500,Calle Azogues,SOLO_DANOS,Atropellamiento,Factores externos,,,,,,,,,,,,
2023-06-13 10:00:54,-4.000552,-79.209878,Ruta 35,SOLO_DANOS,Volcamiento,Via resbaladiza o mojada,51,LESIONADO,HOMBRE,PEATON,,,,,,,,
2023-04-11 16:03:48,-4.020704,-79.181456,Av. Orillas del Zamora,CON_FALLECIDOS,Choque Vehicular,Falla mecanica,75,FALLECIDO,MUJER,VEH_LIVIANO,39,FALLECIDO,NO_REGISTRA,VEH_LIVIANO,23,LESIONADO,MUJER,CICLISTA
2023-10-16 07:55:43,-3.978722,-79.229783,Calle 10 de Agosto,CON_FALLECIDOS,Volcamiento,Via resbaladiza o mojada,53,FALLECIDO,HOMBRE,MOTOCICLETA,38,FALLECIDO,HOMBRE,CICLISTA,21,LESIONADO,HOMBRE,SCOOTER
2023-10-12 05:44:58,-4.001902,-79.196159,Calle Miguel Riofrio,CON_FALLECIDOS,Incendio,Fatiga del conductor,61,FALLECIDO,MUJER,VEH_LIVIANO,,,,,,,,
2023-06-20 13:10:57,-4.016060,-79.180864,Via Loja - Catamayo,CON_FALLECIDOS,Caida,Via resbaladiza o mojada,41,FALLECIDO,NO_REGISTRA,PEATON,60,FALLECIDO,NO_REGISTRA,MOTOCICLETA,27,LESIONADO,NO_REGISTRA,OTRO
2023-01-28 23:35:44,-4.034827,-79.213560,Calle Azogues,SOLO_DANOS,Accidente Laboral,Estado de embriaguez,,,,,,,,,,,,
2023-02-21 00:55:20,-4.024775,-79.214400,Av. Metropolitana,CON_LESIONADOS,Volcamiento,Fatiga del conductor,30,LESIONADO,NO_REGISTRA,MOTOCICLETA,73,LESIONADO,NO_REGISTRA,SCOOTER,,,,
2023-07-19 16:43:02,-3.980097,-79.199903,Calle 18 de Noviembre,SOLO_DANOS,Incendio,Visibilidad reducida,,,,,,,,,,,,
2023-10-06 22:50:05,-3.983177,-79.195688,Via Loja - Catamayo,CON_LESIONADOS,Colision Multiple,Mal estado de la via,48,LESIONADO,HOMBRE,VEH_LIVIANO,57,LESIONADO,HOMBRE,SCOOTER,7,LESIONADO,NO_REGISTRA,SCOOTER
2023-02-28 06:25:33,-3.992957,-79.222610,Calle Bolivar,CON_LESIONADOS,Choque Vehicular,Inobservancia de senales,53,LESIONADO,NO_REGISTRA,MOTOCICLETA,58,LESIONADO,MUJER,PEATON,,,,
2023-07-14 05:52:12,-4.032776,-79.218272,Calle 18 de Noviembre,CON_FALLECIDOS,Atropellamiento,Estado de embriaguez,49,FALLECIDO,HOMBRE,VEH_LIVIANO,54,LESIONADO,MUJER,SCOOTER,59,LESIONADO,HOMBRE,MOTOCICLETA
2023-07-24 15:43:02,-4.005186,-79.228306,Av. Isidro Ayora,CON_LESIONADOS,Accidente Laboral,Exceso de velocidad,22,LESIONADO,HOMBRE,CICLISTA,25,LESIONADO,NO_REGISTRA,VEH_LIVIANO,,,,
2023-06-10 11:49:42,-4.020499,-79.191831,Av. Universitaria,CON_LESIONADOS,Choque Vehicular,Equipo de seguridad deficiente,61,LESIONADO,HOMBRE,VEH_LIVIANO,30,LESIONADO,MUJER,CICLISTA,,,,
2023-05-23 02:05:12,-4.022763,-79.172377,Calle 10 de Agosto,CON_LESIONADOS,Volcamiento,Visibilidad reducida,7,LESIONADO,HOMBRE,PEATON,53,LESIONADO,MUJER,PEATON,,,,
2023-08-29 12:49:54,-4.022520,-79.212209,Calle Ramon Borrero,CON_FALLECIDOS,Choque Vehicular,Inobservancia de senales,26,FALLECIDO,HOMBRE,OTRO,44,FALLECIDO,HOMBRE,PEATON,5,LESIONADO,MUJER,SCOOTER
2023-09-25 03:58:09,-3.990090,-79.219549,Av. Metropolitana,SOLO_DANOS,Incendio,Inobservancia de senales,,,,,,,,,,,,
2023-04-22 06:43:14,-3.983165,-79.186367,Calle 18 de Noviembre,CON_LESIONADOS,Atropellamiento,Imprudencia del conductor,65,LESIONADO,NO_REGISTRA,OTRO,29,LESIONADO,NO_REGISTRA,OTRO,,,,
2023-12-04 05:20:32,-3.984010,-79.188785,Calle Quito,CON_FALLECIDOS,Volcamiento,Visibilidad reducida,80,FALLECIDO,MUJER,OTRO,72,FALLECIDO,HOMBRE,CICLISTA,53,LESIONADO,HOMBRE,SCOOTER
2023-03-21 22:28:10,-3.996601,-79.190478,Av. Isidro Ayora,CON_LESIONADOS,Colision Multiple,Inobservancia de senales,70,LESIONADO,HOMBRE,OTRO,48,LESIONADO,MUJER,PEATON,,,,
2023-09-12 04:17:53,-3.989552,-79.191069,Calle 10 de Agosto,SOLO_DANOS,Accidente Laboral,Inobservancia de senales,,,,,,,,,,,,
2023-02-26 01:32:57,-3.984208,-79.203955,Calle Azogues,CON_LESIONADOS,Caida,Factores externos,45,LESIONADO,HOMBRE,PEATON,11,LESIONADO,MUJER,PEATON,,,,
2023-10-15 22:18:18,-4.035837,-79.178745,Calle Mercadillo,SOLO_DANOS,Volcamiento,Estado de embriaguez,,,,,,,,,,,,
2023-09-22 22:07:19,-4.027746,-79.210681,Calle Montufar,CON_FALLECIDOS,Colision Multiple,Imprudencia del conductor,35,FALLECIDO,NO_REGISTRA,SCOOTER,65,FALLECIDO,NO_REGISTRA,SCOOTER,71,LESIONADO,MUJER,VEH_LIVIANO
2023-03-04 20:21:05,-3.982445,-79.225180,Calle 10 de Agosto,SOLO_DANOS,Caida,Fatiga del conductor,,,,,,,,,,,,
2023-08-21 19:41:05,-3.995522,-79.190930,Calle Rocafuerte,SOLO_DANOS,Incendio,Estado de embriaguez,,,,,,,,,,,,
2023-07-22 08:02:00,-4.025782,-79.219700,Av. Rosa Hermosa,CON_FALLECIDOS,Caida,Falla mecanica,38,FALLECIDO,HOMBRE,VEH_LIVIANO,71,FALLECIDO,HOMBRE,CICLISTA,,,,
2023-04-03 04:27:48,-3.995402,-79.191868,Calle Montufar,CON_LESIONADOS,Incendio,Distraccion (celular/radio),25,LESIONADO,NO_REGISTRA,VEH_LIVIANO,55,LESIONADO,HOMBRE,OTRO,30,LESIONADO,HOMBRE,CICLISTA
2023-04-20 20:08:50,-4.015313,-79.183335,Av. Gran Colombia,SOLO_DANOS,Incendio,Fatiga del conductor,,,,,,,,,,,,
2023-04-04 10:39:59,-4.026920,-79.177773,Av. Reinaldo Espinosa,CON_FALLECIDOS,Accidente Laboral,Distraccion (celular/radio),57,FALLECIDO,MUJER,OTRO,74,LESIONADO,NO_REGISTRA,CICLISTA,73,LESIONADO,HOMBRE,CICLISTA
2023-07-14 00:26:25,-3.980331,-79.230031,Av. Cuxibamba,SOLO_DANOS,Incendio,Factores externos,,,,,,,,,,,,
2023-07-25 07:39:06,-4.009066,-79.190888,Av. Isidro Ayora,SOLO_DANOS,Volcamiento,Estado de embriaguez,,,,,,,,,,,,
2023-05-23 12:52:57,-3.990325,-79.186926,Calle Ramon Borrero,SOLO_DANOS,Volcamiento,Imprudencia del conductor,,,,,,,,,,,,
2023-12-22 02:44:30,-4.013141,-79.224348,Calle Saraguro,SOLO_DANOS,Caida,Distraccion (celular/radio),,,,,,,,,,,,
2023-07-26 19:21:42,-4.035995,-79.214424,Av. 8 de Diciembre,SOLO_DANOS,Accidente Laboral,Visibilidad reducida,69,LESIONADO,MUJER,OTRO,,,,,,,,
2023-03-05 16:36:45,-3.998469,-79.198234,Calle Ramon Borrero,SOLO_DANOS,Atropellamiento,Imprudencia del conductor,,,,,,,,,,,,
2023-03-15 01:47:41,-4.030639,-79.181443,Av. Reinaldo Espinosa,CON_LESIONADOS,Accidente Laboral,Exceso de velocidad,54,LESIONADO,HOMBRE,PEATON,23,LESIONADO,NO_REGISTRA,PEATON,22,LESIONADO,MUJER,CICLISTA
2023-08-26 08:24:03,-3.994172,-79.223282,Calle 10 de Agosto,CON_LESIONADOS,Incendio,Fatiga del conductor,51,LESIONADO,HOMBRE,PEATON,,,,,,,,
2023-06-02 05:09:18,-4.031712,-79.183612,Av. Rosa Hermosa,SOLO_DANOS,Choque Vehicular,Visibilidad reducida,,,,,,,,,,,,
2023-12-06 12:46:47,-3.987070,-79.195502,Calle Quito,SOLO_DANOS,Incendio,Estado de embriaguez,,,,,,,,,,,,
2023-11-24 17:25:22,-4.033977,-79.209556,Calle Saraguro,CON_FALLECIDOS,Caida,Inobservancia de senales,30,FALLECIDO,NO_REGISTRA,MOTOCICLETA,,,,,,,,
2023-02-25 21:45:59,-4.001338,-79.211867,Av. Cuxibamba,CON_FALLECIDOS,Choque Vehicular,Estado de embriaguez,71,FALLECIDO,MUJER,VEH_LIVIANO,85,FALLECIDO,MUJER,MOTOCICLETA,51,LESIONADO,HOMBRE,SCOOTER
2023-10-21 07:48:23,-4.023005,-79.210446,Av. Reinaldo Espinosa,CON_LESIONADOS,Atropellamiento,Fatiga del conductor,69,LESIONADO,MUJER,PEATON,78,LESIONADO,NO_REGISTRA,OTRO,,,,
2023-06-08 05:37:14,-3.981561,-79.194503,Calle Mercadillo,SOLO_DANOS,Volcamiento,Visibilidad reducida,,,,,,,,,,,,
2023-09-03 22:31:38,-3.986667,-79.187504,Av. Isidro Ayora,CON_LESIONADOS,Incendio,Distraccion (celular/radio),26,LESIONADO,HOMBRE,PEATON,24,LESIONADO,HOMBRE,VEH_LIVIANO,,,,
2023-08-25 07:53:13,-3.997721,-79.222498,Av. Universitaria,CON_LESIONADOS,Choque Vehicular,Fatiga del conductor,23,LESIONADO,HOMBRE,MOTOCICLETA,,,,,,,,
2023-11-14 21:16:11,-3.995367,-79.216322,Ruta 35,CON_FALLECIDOS,Volcamiento,Distraccion (celular/radio),70,FALLECIDO,HOMBRE,CICLISTA,,,,,,,,
2023-04-28 07:28:19,-4.034259,-79.198071,Calle Bolivar,CON_LESIONADOS,Accidente Laboral,Distraccion (celular/radio),57,LESIONADO,MUJER,SCOOTER,51,LESIONADO,NO_REGISTRA,MOTOCICLETA,36,LESIONADO,HOMBRE,SCOOTER
2023-02-16 06:15:22,-4.017084,-79.172195,Av. Gran Colombia,SOLO_DANOS,Colision Multiple,Distraccion (celular/radio),36,LESIONADO,MUJER,OTRO,,,,,,,,
2023-11-28 00:56:59,-4.024980,-79.181323,Calle Bolivar,SOLO_DANOS,Incendio,Visibilidad reducida,53,LESIONADO,MUJER,OTRO,,,,,,,,
2023-08-20 09:50:02,-3.978672,-79.193534,Calle Montufar,CON_FALLECIDOS,Choque Vehicular,Distraccion (celular/radio),22,FALLECIDO,HOMBRE,CICLISTA,35,LESIONADO,NO_REGISTRA,PEATON,24,LESIONADO,MUJER,CICLISTA
2023-09-19 22:27:11,-4.009300,-79.223368,Via Loja - Catamayo,CON_LESIONADOS,Incendio,Estado de embriaguez,76,LESIONADO,HOMBRE,OTRO,70,LESIONADO,NO_REGISTRA,SCOOTER,45,LESIONADO,HOMBRE,CICLISTA
2023-02-08 03:25:53,-4.015577,-79.203807,Calle Miguel Riofrio,CON_FALLECIDOS,Atropellamiento,Visibilidad reducida,34,FALLECIDO,NO_REGISTRA,OTRO,33,LESIONADO,MUJER,VEH_LIVIANO,,,,