fecha_hora,latitud,longitud,via,grado_severidad,tipo_siniestro,causa_probable,victima1_edad,victima1_condicion,victima1_sexo,victima1_actor_vial,victima2_edad,victima2_condicion,victima2_sexo,victima2_actor_vial,victima3_edad,victima3_condicion,victima3_sexo,victima3_actor_vial
2023-02-04 15:56:30,-4.007704,-79.217757,Av. Isidro Ayora,SOLO_DANOS,Volcamiento,Mal estado de la via,,,,,,,,,,,,
2023-05-10 04:05:12,-4.014837,-79.176122,Calle Bolivar,CON_LESIONADOS,Choque Vehicular,Mal estado de la via,42,LESIONADO,NO_REGISTRA,PEATON,33,LESIONADO,HOMBRE,PEATON,62,LESIONADO,HOMBRE,OTRO
2023-07-02 19:16:54,-3.995649,-79.183561,Calle 18 de Noviembre,CON_LESIONADOS,Accidente Laboral,Via resbaladiza o mojada,28,LESIONADO,NO_REGISTRA,OTRO,73,LESIONADO,HOMBRE,CICLISTA,34,LESIONADO,HOMBRE,MOTOCICLETA
2023-11-04 22:37:00,-3.985675,-79.227598,Via Loja - Catamayo,CON_LESIONADOS,Caida,Via resbaladiza o mojada,72,LESIONADO,MUJER,CICLISTA,58,LESIONADO,NO_REGISTRA,PEATON,70,LESIONADO,MUJER,OTRO
2023-04-22 09:08:16,-4.003582,-79.186164,Calle Bolivar,SOLO_DANOS,Colision Multiple,Estado de embriaguez,,,,,,,,,,,,
2023-08-25 04:03:00,-4.026829,-79.222442,Av. Universitaria,CON_LESIONADOS,Colision Multiple,Inobservancia de senales,30,LESIONADO,NO_REGISTRA,CICLISTA,22,LESIONADO,HOMBRE,PEATON,,,,
2023-11-16 17:03:33,-3.988315,-79.218583,Calle Bolivar,SOLO_DANOS,Incendio,Visibilidad reducida,,,,,,,,,,,,
2023-07-07 23:29:40,-3.989066,-79.208247,Av. Pio Jaramillo,CON_FALLECIDOS,Caida,Inobservancia de senales,67,FALLECIDO,NO_REGISTRA,CICLISTA,84,FALLECIDO,HOMBRE,MOTOCICLETA,53,LESIONADO,NO_REGISTRA,PEATON
2023-06-16 14:54:18,-4.021632,-79.177222,Calle 18 de Noviembre,CON_LESIONADOS,Accidente Laboral,Inobservancia de senales,63,LESIONADO,MUJER,PEATON,51,LESIONADO,NO_REGISTRA,SCOOTER,80,LESIONADO,MUJER,OTRO
2023-09-18 18:33:49,-4.027101,-79.223984,Calle Montufar,CON_FALLECIDOS,Volcamiento,Exceso de velocidad,26,FALLECIDO,NO_REGISTRA,OTRO,42,LESIONADO,NO_REGISTRA,SCOOTER,14,LESIONADO,NO_REGISTRA,SCOOTER
2023-06-21 02:04:51,-3.989628,-79.200331,Calle Quito,CON_FALLECIDOS,Caida,Distraccion (celular/radio),60,FALLECIDO,HOMBRE,OTRO,,,,,,,,
2023-01-10 05:43:26,-3.984319,-79.218677,Calle Saraguro,CON_LESIONADOS,Volcamiento,Exceso de velocidad,67,LESIONADO,NO_REGISTRA,PEATON,,,,,,,,
2023-01-19 08:36:15,-3.991627,-79.196481,Calle 10 de Agosto,CON_FALLECIDOS,Choque Vehicular,Mal estado de la via,74,FALLECIDO,NO_REGISTRA,OTRO,48,LESIONADO,NO_REGISTRA,CICLISTA,,,,
2023-08-23 21:57:35,-3.984261,-79.226947,Calle Mercadillo,SOLO_DANOS,Incendio,Factores externos,,,,,,,,,,,,
2023-07-04 02:54:57,-4.011148,-79.190617,Calle Ramon Borrero,CON_FALLECIDOS,Volcamiento,Factores externos,53,FALLECIDO,MUJER,VEH_LIVIANO,58,LESIONADO,HOMBRE,MOTOCICLETA,12,LESIONADO,NO_REGISTRA,OTRO
2023-11-09 09:49:41,-3.985874,-79.191538,Calle Rocafuerte,SOLO_DANOS,Caida,Via resbaladiza o mojada,,,,,,,,,,,,
2023-07-31 00:41:01,-4.036540,-79.223704,Av. Universitaria,CON_FALLECIDOS,Volcamiento,Inobservancia de senales,78,FALLECIDO,MUJER,CICLISTA,70,LESIONADO,HOMBRE,CICLISTA,47,LESIONADO,NO_REGISTRA,MOTOCICLETA
2023-11-29 16:45:12,-4.012656,-79.208745,Av. Orillas del Zamora,CON_LESIONADOS,Atropellamiento,Estado de embriaguez,76,LESIONADO,HOMBRE,OTRO,52,LESIONADO,MUJER,OTRO,58,LESIONADO,MUJER,VEH_LIVIANO
2023-04-09 06:27:24,-3.991299,-79.206365,Av. Metropolitana,CON_LESIONADOS,Caida,Fatiga del conductor,39,LESIONADO,MUJER,SCOOTER,33,LESIONADO,HOMBRE,OTRO,,,,
2023-10-21 02:26:21,-4.003493,-79.181202,Av. Universitaria,SOLO_DANOS,Atropellamiento,Via resbaladiza o mojada,,,,,,,,,,,,
2023-02-26 20:06:46,-4.016922,-79.222188,Av. Isidro Ayora,CON_FALLECIDOS,Choque Vehicular,Factores externos,29,FALLECIDO,MUJER,OTRO,,,,,,,,
2023-07-18 13:53:30,-4.023771,-79.172132,Av. 8 de Diciembre,CON_LESIONADOS,Volcamiento,Via resbaladiza o mojada,60,LESIONADO,MUJER,OTRO,,,,,,,,
2023-03-24 17:55:17,-3.991401,-79.230535,Ruta 35,CON_LESIONADOS,Choque Vehicular,Fatiga del conductor,72,LESIONADO,NO_REGISTRA,CICLISTA,36,LESIONADO,HOMBRE,PEATON,38,LESIONADO,NO_REGISTRA,PEATON
2023-12-24 01:22:21,-4.013210,-79.207295,Calle Colon,CON_LESIONADOS,Atropellamiento,Equipo de seguridad deficiente,30,LESIONADO,MUJER,VEH_LIVIANO,,,,,,,,
2023-10-08 17:20:11,-3.991545,-79.207987,Calle Rocafuerte,CON_LESIONADOS,Volcamiento,Distraccion (celular/radio),53,LESIONADO,HOMBRE,VEH_LIVIANO,,,,,,,,
2023-11-20 00:44:50,-3.980695,-79.191474,Av. Universitaria,SOLO_DANOS,Colision Multiple,Imprudencia del conductor,,,,,,,,,,,,
2023-07-06 13:55:55,-4.017365,-79.200356,Via Loja - Catamayo,CON_FALLECIDOS,Incendio,Exceso de velocidad,56,FALLECIDO,MUJER,CICLISTA,68,LESIONADO,HOMBRE,PEATON,,,,
2023-01-18 10:09:52,-4.005977,-79.228053,Av. Cuxibamba,CON_FALLECIDOS,Volcamiento,Imprudencia del conductor,58,FALLECIDO,HOMBRE,SCOOTER,74,FALLECIDO,MUJER,OTRO,15,LESIONADO,MUJER,PEATON
2023-06-04 07:43:10,-4.011240,-79.189381,Calle Colon,SOLO_DANOS,Colision Multiple,Imprudencia del conductor,,,,,,,,,,,,
2023-05-18 15:32:16,-3.990271,-79.229115,Via Loja - Catamayo,CON_FALLECIDOS,Accidente Laboral,Via resbaladiza o mojada,77,FALLECIDO,MUJER,PEATON,53,FALLECIDO,MUJER,OTRO,19,LESIONADO,HOMBRE,VEH_LIVIANO
2023-06-01 13:31:40,-4.034005,-79.218314,Calle Saraguro,CON_FALLECIDOS,Caida,Imprudencia del conductor,69,FALLECIDO,HOMBRE,OTRO,54,FALLECIDO,NO_REGISTRA,CICLISTA,15,LESIONADO,MUJER,CICLISTA
2023-07-22 09:37:30,-3.988452,-79.217785,Calle Mercadillo,CON_FALLECIDOS,Incendio,Factores externos,18,FALLECIDO,NO_REGISTRA,SCOOTER,74,FALLECIDO,MUJER,OTRO,7,LESIONADO,MUJER,OTRO
2023-04-05 11:28:12,-4.026158,-79.229381,Calle Colon,SOLO_DANOS,Accidente Laboral,Distraccion (celular/radio),,,,,,,,,,,,
2023-12-07 19:20:51,-3.988848,-79.175690,Av. Pio Jaramillo,CON_LESIONADOS,Incendio,Inobservancia de senales,17,LESIONADO,NO_REGISTRA,CICLISTA,47,LESIONADO,HOMBRE,MOTOCICLETA,,,,
2023-04-26 21:27:02,-4.028274,-79.182400,Calle Bolivar,CON_FALLECIDOS,Caida,Factores externos,18,FALLECIDO,NO_REGISTRA,VEH_LIVIANO,58,FALLECIDO,NO_REGISTRA,CICLISTA,,,,
2023-01-13 03:07:38,-3.994003,-79.229641,Av. Cuxibamba,CON_LESIONADOS,Colision Multiple,Imprudencia del conductor,53,LESIONADO,NO_REGISTRA,MOTOCICLETA,80,LESIONADO,HOMBRE,OTRO,6,LESIONADO,MUJER,VEH_LIVIANO
2023-03-22 18:06:31,-3.979758,-79.188552,Ruta 35,SOLO_DANOS,Caida,Factores externos,,,,,,,,,,,,
2023-02-12 02:23:56,-3.994221,-79.209411,Calle Rocafuerte,CON_FALLECIDOS,Choque Vehicular,Mal estado de la via,47,FALLECIDO,HOMBRE,SCOOTER,61,LESIONADO,NO_REGISTRA,PEATON,13,LESIONADO,NO_REGISTRA,VEH_LIVIANO
2023-08-21 22:28:42,-3.990525,-79.224984,Av. Orillas del Zamora,CON_FALLECIDOS,Caida,Via resbaladiza o mojada,65,FALLECIDO,MUJER,CICLISTA,63,FALLECIDO,NO_REGISTRA,OTRO,,,,
2023-02-27 18:03:15,-3.991908,-79.178483,Calle Ramon Borrero,CON_FALLECIDOS,Choque Vehicular,Fatiga del conductor,29,FALLECIDO,MUJER,SCOOTER,69,FALLECIDO,HOMBRE,VEH_LIVIANO,,,,
2023-05-04 13:45:47,-4.010989,-79.215407,Calle Montufar,CON_LESIONADOS,Atropellamiento,Factores externos,10,LESIONADO,NO_REGISTRA,MOTOCICLETA,68,LESIONADO,HOMBRE,MOTOCICLETA,,,,
2023-12-18 22:43:24,-4.005125,-79.172289,Calle 10 de Agosto,CON_LESIONADOS,Incendio,Inobservancia de senales,45,LESIONADO,MUJER,VEH_LIVIANO,20,LESIONADO,NO_REGISTRA,VEH_LIVIANO,34,LESIONADO,NO_REGISTRA,OTRO
2023-12-07 19:39:41,-4.024199,-79.196321,Av. Universitaria,CON_LESIONADOS,Incendio,Visibilidad reducida,76,LESIONADO,HOMBRE,PEATON,72,LESIONADO,NO_REGISTRA,OTRO,,,,
2023-08-09 07:06:47,-3.996460,-79.225486,Av. Manuel Agustin Aguirre,SOLO_DANOS,Incendio,Visibilidad reducida,,,,,,,,,,,,
2023-03-28 16:14:02,-4.027100,-79.177685,Calle 10 de Agosto,CON_LESIONADOS,Colision Multiple,Distraccion (celular/radio),27,LESIONADO,HOMBRE,SCOOTER,47,LESIONADO,HOMBRE,CICLISTA,,,,
2023-08-10 22:46:53,-3.987167,-79.179152,Av. Rosa Hermosa,CON_FALLECIDOS,Incendio,Via resbaladiza o mojada,83,FALLECIDO,NO_REGISTRA,VEH_LIVIANO,80,FALLECIDO,NO_REGISTRA,MOTOCICLETA,,,,
2023-05-08 16:59:08,-4.031318,-79.221625,Av. Reinaldo Espinosa,CON_FALLECIDOS,Accidente Laboral,Factores externos,81,FALLECIDO,MUJER,OTRO,30,LESIONADO,NO_REGISTRA,SCOOTER,,,,
2023-07-26 02:58:25,-4.027343,-79.182609,Calle Sucre,SOLO_DANOS,Accidente Laboral,Imprudencia del conductor,,,,,,,,,,,,
2023-09-10 00:28:55,-4.003342,-79.203752,Calle Rocafuerte,CON_LESIONADOS,Choque Vehicular,Fatiga del conductor,67,LESIONADO,MUJER,OTRO,32,LESIONADO,HOMBRE,MOTOCICLETA,,,,
2023-03-02 09:52:19,-4.020765,-79.199235,Av. Gran Colombia,CON_FALLECIDOS,Atropellamiento,Equipo de seguridad deficiente,18,FALLECIDO,MUJER,VEH_LIVIANO,45,FALLECIDO,NO_REGISTRA,VEH_LIVIANO,,,,
2023-07-09 18:13:03,-4.015790,-79.230583,Calle Imbabura,SOLO_DANOS,Accidente Laboral,Fatiga del conductor,,,,,,,,,,,,
2023-07-18 14:54:53,-3.984874,-79.208447,Calle Bolivar,SOLO_DANOS,Caida,Estado de embriaguez,42,LESIONADO,MUJER,SCOOTER,,,,,,,,
2023-09-07 17:56:49,-4.010559,-79.182692,Calle Saraguro,CON_LESIONADOS,Colision Multiple,Visibilidad reducida,52,LESIONADO,HOMBRE,PEATON,21,LESIONADO,NO_REGISTRA,SCOOTER,11,LESIONADO,HOMBRE,PEATON
2023-06-07 08:05:29,-4.010378,-79.221887,Calle Saraguro,CON_FALLECIDOS,Caida,Fatiga del conductor,62,FALLECIDO,MUJER,OTRO,69,LESIONADO,NO_REGISTRA,CICLISTA,68,LESIONADO,MUJER,MOTOCICLETA
2023-03-10 02:52:34,-3.979988,-79.222087,Av. Isidro Ayora,SOLO_DANOS,Volcamiento,Mal estado de la via,79,LESIONADO,HOMBRE,MOTOCICLETA,,,,,,,,
2023-11-26 22:05:05,-3.991468,-79.220511,Calle Azogues,CON_LESIONADOS,Atropellamiento,Imprudencia del conductor,80,LESIONADO,NO_REGISTRA,PEATON,,,,,,,,
2023-08-23 00:31:55,-3.978025,-79.180234,Calle Sucre,CON_FALLECIDOS,Incendio,Via resbaladiza o mojada,21,FALLECIDO,MUJER,OTRO,26,FALLECIDO,HOMBRE,PEATON,9,LESIONADO,MUJER,VEH_LIVIANO
2023-05-07 13:05:37,-3.988605,-79.223311,Via Loja - Catamayo,SOLO_DANOS,Accidente Laboral,Exceso de velocidad,18,LESIONADO,NO_REGISTRA,OTRO,,,,,,,,
2023-01-25 13:27:05,-3.985313,-79.215282,Calle Imbabura,CON_FALLECIDOS,Choque Vehicular,Via resbaladiza o mojada,63,FALLECIDO,MUJER,PEATON,25,LESIONADO,HOMBRE,SCOOTER,7,LESIONADO,HOMBRE,MOTOCICLETA
2023-06-01 00:52:58,-4.007252,-79.223060,Av. Gran Colombia,CON_FALLECIDOS,Choque Vehicular,Factores externos,82,FALLECIDO,NO_REGISTRA,VEH_LIVIANO,72,FALLECIDO,HOMBRE,PEATON,37,LESIONADO,NO_REGISTRA,OTRO
2023-06-02 08:01:19,-4.025083,-79.180136,Av. Pio Jaramillo,SOLO_DANOS,Atropellamiento,Fatiga del conductor,,,,,,,,,,,,
2023-10-28 13:04:20,-3.995323,-79.223231,Calle Montufar,CON_FALLECIDOS,Caida,Exceso de velocidad,83,FALLECIDO,NO_REGISTRA,VEH_LIVIANO,73,LESIONADO,HOMBRE,MOTOCICLETA,,,,
2023-02-01 17:55:59,-4.017811,-79.217360,Via Loja - Catamayo,CON_LESIONADOS,Incendio,Factores externos,73,LESIONADO,MUJER,VEH_LIVIANO,,,,,,,,
2023-02-26 03:16:43,-4.009737,-79.217813,Calle 10 de Agosto,CON_LESIONADOS,Choque Vehicular,Inobservancia de senales,42,LESIONADO,HOMBRE,MOTOCICLETA,,,,,,,,
2023-02-24 10:24:23,-4.028895,-79.173125,Calle Colon,CON_FALLECIDOS,Choque Vehicular,Mal estado de la via,78,FALLECIDO,NO_REGISTRA,VEH_LIVIANO,14,LESIONADO,MUJER,SCOOTER,40,LESIONADO,HOMBRE,MOTOCICLETA
2023-04-19 12:36:22,-4.008794,-79.186993,Av. 8 de Diciembre,CON_FALLECIDOS,Colision Multiple,Distraccion (celular/radio),76,FALLECIDO,NO_REGISTRA,OTRO,8,LESIONADO,HOMBRE,PEATON,,,,
2023-02-15 03:11:41,-3.998792,-79.202014,Calle Colon,CON_LESIONADOS,Accidente Laboral,Fatiga del conductor,67,LESIONADO,MUJER,CICLISTA,,,,,,,,
2023-11-05 03:26:57,-3.982226,-79.190130,Via Loja - Zamora,SOLO_DANOS,Colision Multiple,Equipo de seguridad deficiente,,,,,,,,,,,,
2023-05-21 20:04:35,-4.029161,-79.193300,Calle Bolivar,CON_FALLECIDOS,Volcamiento,Falla mecanica,68,FALLECIDO,HOMBRE,SCOOTER,25,FALLECIDO,MUJER,OTRO,26,LESIONADO,HOMBRE,CICLISTA
2023-03-01 06:13:20,-4.003612,-79.200238,Calle Quito,CON_LESIONADOS,Incendio,Imprudencia del conductor,65,LESIONADO,HOMBRE,VEH_LIVIANO,,,,,,,,
2023-01-23 05:54:08,-4.034914,-79.229651,Via Loja - Zamora,CON_LESIONADOS,Colision Multiple,Factores externos,19,LESIONADO,NO_REGISTRA,SCOOTER,46,LESIONADO,NO_REGISTRA,OTRO,11,LESIONADO,NO_REGISTRA,SCOOTER
2023-08-07 01:03:15,-4.034386,-79.189476,Calle Colon,CON_FALLECIDOS,Atropellamiento,Falla mecanica,49,FALLECIDO,NO_REGISTRA,OTRO,22,FALLECIDO,NO_REGISTRA,SCOOTER,8,LESIONADO,NO_REGISTRA,OTRO
2023-03-16 22:52:48,-4.022312,-79.225434,Calle 18 de Noviembre,CON_LESIONADOS,Incendio,Estado de embriaguez,65,LESIONADO,NO_REGISTRA,CICLISTA,71,LESIONADO,HOMBRE,SCOOTER,14,LESIONADO,NO_REGISTRA,OTRO
2023-03-30 23:18:19,-3.990593,-79.220750,Calle Ramon Borrero,CON_FALLECIDOS,Accidente Laboral,Estado de embriaguez,63,FALLECIDO,NO_REGISTRA,MOTOCICLETA,27,FALLECIDO,NO_REGISTRA,MOTOCICLETA,,,,
2023-07-06 22:36:10,-4.020366,-79.202022,Calle 18 de Noviembre,SOLO_DANOS,Incendio,Factores externos,22,LESIONADO,MUJER,PEATON,,,,,,,,
2023-01-07 00:28:57,-3.992540,-79.188368,Calle 10 de Agosto,SOLO_DANOS,Accidente Laboral,Visibilidad reducida,,,,,,,,,,,,
2023-02-23 16:06:45,-3.999642,-79.230962,Via Loja - Zamora,CON_LESIONADOS,Colision Multiple,Falla mecanica,77,LESIONADO,NO_REGISTRA,PEATON,,,,,,,,
2023-07-04 20:20:08,-4.034499,-79.207523,Ruta 35,CON_LESIONADOS,Accidente Laboral,Factores externos,64,LESIONADO,HOMBRE,PEATON,59,LESIONADO,MUJER,MOTOCICLETA,,,,
2023-04-30 04:29:15,-4.013648,-79.194681,Calle Miguel Riofrio,SOLO_DANOS,Colision Multiple,Inobservancia de senales,,,,,,,,,,,,
2023-12-11 23:55:36,-3.990284,-79.211158,Calle Sucre,CON_LESIONADOS,Atropellamiento,Distraccion (celular/radio),34,LESIONADO,HOMBRE,MOTOCICLETA,,,,,,,,
2023-10-23 23:09:11,-3.989870,-79.186994,Av. Metropolitana,CON_LESIONADOS,Colision Multiple,Distraccion (celular/radio),38,LESIONADO,MUJER,SCOOTER,69,LESIONADO,NO_REGISTRA,MOTOCICLETA,,,,
2023-07-24 03:35:41,-4.009544,-79.173155,Ruta 35,CON_LESIONADOS,Incendio,Inobservancia de senales,29,LESIONADO,NO_REGISTRA,CICLISTA,24,LESIONADO,HOMBRE,OTRO,36,LESIONADO,HOMBRE,PEATON
2023-07-16 21:35:50,-3.979473,-79.209736,Calle Colon,CON_LESIONADOS,Caida,Visibilidad reducida,51,LESIONADO,HOMBRE,OTRO,44,LESIONADO,HOMBRE,CICLISTA,58,LESIONADO,NO_REGISTRA,VEH_LIVIANO
2023-02-09 20:33:29,-4.031848,-79.201422,Av. Universitaria,SOLO_DANOS,Incendio,Visibilidad reducida,,,,,,,,,,,,
2023-02-03 13:33:35,-4.018503,-79.176082,Calle Azogues,CON_FALLECIDOS,Choque Vehicular,Fatiga del conductor,21,FALLECIDO,NO_REGISTRA,SCOOTER,81,FALLECIDO,NO_REGISTRA,VEH_LIVIANO,9,LESIONADO,MUJER,SCOOTER
2023-02-14 14:31:12,-4.021419,-79.204640,Calle Ramon Borrero,SOLO_DANOS,Choque Vehicular,Estado de embriaguez,,,,,,,,,,,,
2023-01-30 08:29:50,-4.014308,-79.172372,Calle Montufar,SOLO_DANOS,Caida,Via resbaladiza o mojada,,,,,,,,,,,,
2023-04-10 19:40:51,-3.987661,-79.188363,Av. Pio Jaramillo,SOLO_DANOS,Accidente Laboral,Fatiga del conductor,,,,,,,,,,,,
2023-04-29 04:40:35,-4.028206,-79.189025,Av. Rosa Hermosa,CON_LESIONADOS,Accidente Laboral,Fatiga del conductor,54,LESIONADO,NO_REGISTRA,PEATON,,,,,,,,
2023-06-20 11:20:51,-4.033853,-79.223007,Via Loja - Zamora,CON_FALLECIDOS,Colision Multiple,Via resbaladiza o mojada,38,FALLECIDO,HOMBRE,PEATON,79,LESIONADO,NO_REGISTRA,VEH_LIVIANO,,,,
2023-02-12 04:02:23,-4.009470,-79.175460,Av. Pio Jaramillo,CON_FALLECIDOS,Atropellamiento,Falla mecanica,58,FALLECIDO,MUJER,VEH_LIVIANO,58,FALLECIDO,NO_REGISTRA,CICLISTA,28,LESIONADO,NO_REGISTRA,PEATON
2023-03-29 09:56:29,-4.029669,-79.203753,Av. Pio Jaramillo,CON_FALLECIDOS,Volcamiento,Imprudencia del conductor,27,FALLECIDO,HOMBRE,CICLISTA,,,,,,,,
2023-03-10 16:58:26,-3.990051,-79.188895,Ruta 35,CON_LESIONADOS,Caida,Visibilidad reducida,14,LESIONADO,MUJER,MOTOCICLETA,17,LESIONADO,MUJER,SCOOTER,,,,
2023-08-02 10:02:08,-4.026601,-79.197289,Calle Miguel Riofrio,SOLO_DANOS,Accidente Laboral,Via resbaladiza o mojada,26,LESIONADO,NO_REGISTRA,MOTOCICLETA,,,,,,,,
2023-02-04 19:34:07,-4.011809,-79.202957,Ruta 35,CON_FALLECIDOS,Atropellamiento,Equipo de seguridad deficiente,68,FALLECIDO,NO_REGISTRA,CICLISTA,66,FALLECIDO,MUJER,MOTOCICLETA,21,LESIONADO,HOMBRE,OTRO
2023-06-22 08:14:25,-3.982161,-79.203628,Calle Rocafuerte,CON_LESIONADOS,Volcamiento,Estado de embriaguez,58,LESIONADO,HOMBRE,SCOOTER,14,LESIONADO,HOMBRE,MOTOCICLETA,,,,
2023-09-23 04:31:34,-3.984982,-79.221324,Av. Manuel Agustin Aguirre,SOLO_DANOS,Choque Vehicular,Imprudencia del conductor,,,,,,,,,,,,
2023-05-26 01:06:50,-3.983832,-79.177746,Via Loja - Catamayo,SOLO_DANOS,Colision Multiple,Imprudencia del conductor,,,,,,,,,,,,
2023-08-07 02:03:03,-4.021177,-79.220232,Av. Reinaldo Espinosa,CON_FALLECIDOS,Choque Vehicular,Via resbaladiza o mojada,85,FALLECIDO,NO_REGISTRA,MOTOCICLETA,,,,,,,,
2023-01-26 09:41:26,-4.009618,-79.227826,Calle Montufar,SOLO_DANOS,Accidente Laboral,Exceso de velocidad,,,,,,,,,,,,
2023-01-23 06:03:15,-4.025267,-79.224074,Av. Manuel Agustin Aguirre,CON_FALLECIDOS,Volcamiento,Exceso de velocidad,80,FALLECIDO,NO_REGISTRA,OTRO,54,LESIONADO,HOMBRE,PEATON,15,LESIONADO,MUJER,CICLISTA
2023-09-29 08:41:58,-3.980003,-79.173043,Calle Rocafuerte,CON_LESIONADOS,Volcamiento,Imprudencia del conductor,65,LESIONADO,HOMBRE,CICLISTA,18,LESIONADO,NO_REGISTRA,CICLISTA,,,,
2023-02-02 15:28:15,-4.031390,-79.171573,Av. Metropolitana,CON_FALLECIDOS,Atropellamiento,Imprudencia del conductor,68,FALLECIDO,NO_REGISTRA,OTRO,58,FALLECIDO,NO_REGISTRA,SCOOTER,37,LESIONADO,NO_REGISTRA,CICLISTA
2023-01-25 04:39:36,-3.999293,-79.184411,Av. Manuel Agustin Aguirre,SOLO_DANOS,Accidente Laboral,Via resbaladiza o mojada,,,,,,,,,,,,
2023-12-29 05:48:55,-4.035364,-79.182497,Av. Metropolitana,CON_LESIONADOS,Atropellamiento,Factores externos,39,LESIONADO,HOMBRE,OTRO,,,,,,,,
2023-03-23 13:01:11,-4.010320,-79.199587,Via Loja - Catamayo,SOLO_DANOS,Incendio,Equipo de seguridad deficiente,,,,,,,,,,,,
2023-05-06 02:52:20,-4.009985,-79.223391,Calle Azogues,CON_FALLECIDOS,Atropellamiento,Estado de embriaguez,56,FALLECIDO,NO_REGISTRA,VEH_LIVIANO,46,FALLECIDO,NO_REGISTRA,CICLISTA,72,LESIONADO,MUJER,OTRO
2023-04-26 18:17:56,-4.015993,-79.200414,Ruta 35,CON_FALLECIDOS,Choque Vehicular,Mal estado de la via,58,FALLECIDO,NO_REGISTRA,OTRO,24,FALLECIDO,NO_REGISTRA,VEH_LIVIANO,17,LESIONADO,NO_REGISTRA,PEATON
2023-08-07 19:35:47,-4.004994,-79.227037,Calle Saraguro,CON_FALLECIDOS,Colision Multiple,Inobservancia de senales,20,FALLECIDO,MUJER,PEATON,24,FALLECIDO,MUJER,OTRO,30,LESIONADO,MUJER,VEH_LIVIANO
2023-06-19 11:19:42,-4.012797,-79.206388,Calle Bolivar,CON_LESIONADOS,Incendio,Visibilidad reducida,7,LESIONADO,HOMBRE,VEH_LIVIANO,10,LESIONADO,NO_REGISTRA,SCOOTER,,,,
2023-06-16 02:13:53,-4.005730,-79.178625,Av. Reinaldo Espinosa,CON_FALLECIDOS,Accidente Laboral,Fatiga del conductor,42,FALLECIDO,MUJER,MOTOCICLETA,,,,,,,,
2023-01-05 11:58:40,-3.993863,-79.218713,Av. Universitaria,CON_LESIONADOS,Caida,Via resbaladiza o mojada,77,LESIONADO,HOMBRE,SCOOTER,55,LESIONADO,HOMBRE,VEH_LIVIANO,,,,
2023-04-12 21:40:33,-4.023752,-79.210359,Av. Cuxibamba,CON_LESIONADOS,Accidente Laboral,Distraccion (celular/radio),33,LESIONADO,MUJER,OTRO,62,LESIONADO,NO_REGISTRA,PEATON,31,LESIONADO,HOMBRE,VEH_LIVIANO
2023-11-09 03:22:22,-4.014788,-79.196035,Av. Orillas del Zamora,SOLO_DANOS,Caida,Imprudencia del conductor,,,,,,,,,,,,
2023-09-03 03:17:34,-4.016394,-79.205543,Av. Manuel Agustin Aguirre,SOLO_DANOS,Incendio,Falla mecanica,,,,,,,,,,,,
2023-09-05 23:18:19,-3.999515,-79.188698,Calle Imbabura,CON_LESIONADOS,Colision Multiple,Inobservancia de senales,30,LESIONADO,HOMBRE,MOTOCICLETA,,,,,,,,
2023-09-15 12:42:59,-4.018561,-79.200330,Av. 8 de Diciembre,CON_FALLECIDOS,Accidente Laboral,Fatiga del conductor,79,FALLECIDO,HOMBRE,OTRO,75,LESIONADO,HOMBRE,PEATON,46,LESIONADO,MUJER,VEH_LIVIANO
2023-07-24 11:55:03,-3.991584,-79.219347,Calle Colon,CON_FALLECIDOS,Colision Multiple,Inobservancia de senales,53,FALLECIDO,HOMBRE,CICLISTA,42,FALLECIDO,HOMBRE,PEATON,57,LESIONADO,HOMBRE,MOTOCICLETA
2023-08-23 12:12:33,-3.991277,-79.197263,Av. 8 de Diciembre,CON_FALLECIDOS,Caida,Inobservancia de senales,28,FALLECIDO,MUJER,SCOOTER,47,FALLECIDO,MUJER,MOTOCICLETA,,,,
2023-09-09 14:13:28,-4.005902,-79.210735,Calle Quito,CON_LESIONADOS,Choque Vehicular,Estado de embriaguez,43,LESIONADO,HOMBRE,PEATON,60,LESIONADO,MUJER,OTRO,,,,
2023-08-14 22:47:17,-4.016907,-79.224015,Av. Universitaria,CON_LESIONADOS,Incendio,Estado de embriaguez,47,LESIONADO,NO_REGISTRA,PEATON,,,,,,,,
2023-09-20 20:11:52,-4.015712,-79.177553,Calle Colon,CON_FALLECIDOS,Caida,Visibilidad reducida,52,FALLECIDO,MUJER,CICLISTA,,,,,,,,
2023-10-26 05:28:38,-3.978438,-79.207662,Av. Metropolitana,SOLO_DANOS,Volcamiento,Falla mecanica,,,,,,,,,,,,
2023-10-19 04:46:13,-3.977879,-79.204321,Av. Metropolitana,SOLO_DANOS,Caida,Via resbaladiza o mojada,9,LESIONADO,NO_REGISTRA,CICLISTA,,,,,,,,
2023-06-01 01:54:31,-3.996651,-79.191499,Av. Pio Jaramillo,CON_FALLECIDOS,Caida,Factores externos,44,FALLECIDO,NO_REGISTRA,OTRO,60,FALLECIDO,HOMBRE,VEH_LIVIANO,,,,
2023-08-21 09:15:17,-3.995908,-79.216024,Calle Miguel Riofrio,SOLO_DANOS,Colision Multiple,Distraccion (celular/radio),,,,,,,,,,,,
2023-08-14 01:28:41,-4.006681,-79.228030,Ruta 35,SOLO_DANOS,Caida,Factores externos,,,,,,,,,,,,