fecha_hora,latitud,longitud,via,grado_severidad,tipo_siniestro,causa_probable,victima1_edad,victima1_condicion,victima1_sexo,victima1_actor_vial,victima2_edad,victima2_condicion,victima2_sexo,victima2_actor_vial,victima3_edad,victima3_condicion,victima3_sexo,victima3_actor_vial
2023-06-03 05:06:06,-4.000303,-79.184602,Calle Sucre,CON_LESIONADOS,Atropellamiento,Imprudencia del conductor,66,LESIONADO,MUJER,CICLISTA,34,LESIONADO,HOMBRE,MOTOCICLETA,54,LESIONADO,MUJER,SCOOTER
2023-02-04 15:40:43,-4.029872,-79.179660,Calle Imbabura,CON_LESIONADOS,Incendio,Via resbaladiza o mojada,35,LESIONADO,NO_REGISTRA,PEATON,36,LESIONADO,HOMBRE,PEATON,18,LESIONADO,HOMBRE,CICLISTA
2023-07-02 20:54:04,-4.023929,-79.203098,Calle Montufar,SOLO_DANOS,Colision Multiple,Visibilidad reducida,,,,,,,,,,,,
2023-01-07 17:29:40,-4.016905,-79.210318,Calle Colon,SOLO_DANOS,Volcamiento,Mal estado de la via,,,,,,,,,,,,
2023-12-22 11:59:09,-3.989786,-79.203744,Via Loja - Zamora,SOLO_DANOS,Colision Multiple,Fatiga del conductor,,,,,,,,,,,,
2023-01-01 02:21:23,-3.985114,-79.212209,Calle Ramon Borrero,CON_FALLECIDOS,Atropellamiento,Fatiga del conductor,44,FALLECIDO,HOMBRE,CICLISTA,35,LESIONADO,NO_REGISTRA,OTRO,,,,
2023-02-02 01:09:33,-4.006064,-79.192246,Calle Ramon Borrero,CON_FALLECIDOS,Incendio,Factores externos,34,FALLECIDO,NO_REGISTRA,SCOOTER,,,,,,,,
2023-11-05 16:29:30,-3.983026,-79.190373,Via Loja - Catamayo,CON_FALLECIDOS,Incendio,Distraccion (celular/radio),62,FALLECIDO,NO_REGISTRA,OTRO,44,FALLECIDO,HOMBRE,VEH_LIVIANO,54,LESIONADO,MUJER,PEATON
2023-02-10 05:47:15,-3.987854,-79.173647,Calle Montufar,CON_FALLECIDOS,Incendio,Visibilidad reducida,75,FALLECIDO,NO_REGISTRA,MOTOCICLETA,47,LESIONADO,NO_REGISTRA,CICLISTA,,,,
2023-05-22 08:13:50,-4.021267,-79.215856,Av. Isidro Ayora,CON_FALLECIDOS,Volcamiento,Estado de embriaguez,27,FALLECIDO,MUJER,MOTOCICLETA,26,LESIONADO,HOMBRE,OTRO,,,,
2023-10-13 08:00:48,-3.992232,-79.181374,Av. Cuxibamba,SOLO_DANOS,Incendio,Inobservancia de senales,,,,,,,,,,,,
2023-01-13 05:01:52,-4.028479,-79.218623,Av. Pio Jaramillo,SOLO_DANOS,Caida,Visibilidad reducida,5,LESIONADO,NO_REGISTRA,OTRO,,,,,,,,
2023-03-19 21:43:54,-3.985826,-79.215191,Calle Azogues,CON_FALLECIDOS,Volcamiento,Via resbaladiza o mojada,73,FALLECIDO,HOMBRE,VEH_LIVIANO,32,FALLECIDO,NO_REGISTRA,CICLISTA,29,LESIONADO,MUJER,PEATON
2023-11-01 12:18:25,-4.012346,-79.178920,Calle Sucre,CON_LESIONADOS,Caida,Imprudencia del conductor,58,LESIONADO,HOMBRE,CICLISTA,,,,,,,,
2023-04-19 05:27:33,-4.028843,-79.181569,Ruta 35,CON_FALLECIDOS,Caida,Equipo de seguridad deficiente,43,FALLECIDO,NO_REGISTRA,MOTOCICLETA,62,FALLECIDO,NO_REGISTRA,OTRO,,,,
2023-03-26 01:55:31,-4.019280,-79.185383,Av. 8 de Diciembre,SOLO_DANOS,Caida,Distraccion (celular/radio),,,,,,,,,,,,
2023-04-20 04:37:15,-4.027996,-79.206396,Ruta 35,SOLO_DANOS,Accidente Laboral,Falla mecanica,,,,,,,,,,,,
2023-01-09 02:16:50,-4.012531,-79.217754,Calle Imbabura,CON_FALLECIDOS,Choque Vehicular,Estado de embriaguez,80,FALLECIDO,NO_REGISTRA,OTRO,38,FALLECIDO,NO_REGISTRA,OTRO,34,LESIONADO,HOMBRE,OTRO
2023-05-24 07:58:03,-3.993924,-79.187348,Ruta 35,CON_FALLECIDOS,Choque Vehicular,Exceso de velocidad,51,FALLECIDO,NO_REGISTRA,PEATON,10,LESIONADO,HOMBRE,PEATON,,,,
2023-01-12 02:51:04,-4.019019,-79.183518,Via Loja - Zamora,CON_LESIONADOS,Volcamiento,Mal estado de la via,33,LESIONADO,NO_REGISTRA,SCOOTER,,,,,,,,
2023-07-11 03:51:20,-4.035334,-79.218191,Calle Quito,SOLO_DANOS,Caida,Factores externos,,,,,,,,,,,,
2023-03-13 21:42:46,-4.028588,-79.202810,Av. Isidro Ayora,CON_FALLECIDOS,Atropellamiento,Factores externos,43,FALLECIDO,HOMBRE,VEH_LIVIANO,36,FALLECIDO,NO_REGISTRA,MOTOCICLETA,31,LESIONADO,MUJER,CICLISTA
2023-09-24 13:37:22,-3.988260,-79.218221,Calle Rocafuerte,SOLO_DANOS,Choque Vehicular,Falla mecanica,,,,,,,,,,,,
2023-03-22 03:13:50,-4.011721,-79.174619,Calle Azogues,SOLO_DANOS,Caida,Visibilidad reducida,,,,,,,,,,,,
2023-05-18 02:23:26,-4.010581,-79.204480,Calle Bolivar,CON_LESIONADOS,Accidente Laboral,Factores externos,13,LESIONADO,MUJER,OTRO,6,LESIONADO,NO_REGISTRA,CICLISTA,,,,
2023-04-05 22:04:26,-4.018555,-79.182506,Calle Bolivar,SOLO_DANOS,Caida,Inobservancia de senales,,,,,,,,,,,,
2023-11-28 15:23:30,-3.980486,-79.203861,Av. Cuxibamba,CON_FALLECIDOS,Incendio,Inobservancia de senales,23,FALLECIDO,MUJER,CICLISTA,38,FALLECIDO,HOMBRE,OTRO,15,LESIONADO,HOMBRE,OTRO
2023-01-11 04:15:37,-3.985859,-79.222420,Calle Sucre,CON_FALLECIDOS,Caida,Via resbaladiza o mojada,46,FALLECIDO,HOMBRE,OTRO,68,LESIONADO,NO_REGISTRA,MOTOCICLETA,,,,
2023-03-15 16:16:07,-4.002441,-79.215173,Via Loja - Catamayo,CON_FALLECIDOS,Choque Vehicular,Distraccion (celular/radio),80,FALLECIDO,HOMBRE,VEH_LIVIANO,66,LESIONADO,HOMBRE,CICLISTA,31,LESIONADO,MUJER,MOTOCICLETA
2023-10-26 12:36:24,-4.024721,-79.201196,Av. Rosa Hermosa,SOLO_DANOS,Caida,Via resbaladiza o mojada,,,,,,,,,,,,
2023-06-24 03:35:29,-3.995791,-79.183153,Via Loja - Catamayo,CON_FALLECIDOS,Accidente Laboral,Inobservancia de senales,52,FALLECIDO,MUJER,CICLISTA,61,FALLECIDO,HOMBRE,PEATON,69,LESIONADO,HOMBRE,OTRO
2023-09-29 07:40:11,-4.000329,-79.192190,Via Loja - Zamora,CON_LESIONADOS,Colision Multiple,Visibilidad reducida,38,LESIONADO,HOMBRE,VEH_LIVIANO,45,LESIONADO,HOMBRE,MOTOCICLETA,49,LESIONADO,HOMBRE,OTRO
2023-12-25 21:36:24,-4.012731,-79.192365,Av. Cuxibamba,CON_FALLECIDOS,Volcamiento,Distraccion (celular/radio),45,FALLECIDO,HOMBRE,OTRO,61,LESIONADO,HOMBRE,MOTOCICLETA,8,LESIONADO,NO_REGISTRA,CICLISTA
2023-06-15 05:01:38,-4.004039,-79.218534,Calle Sucre,CON_FALLECIDOS,Accidente Laboral,Exceso de velocidad,42,FALLECIDO,NO_REGISTRA,MOTOCICLETA,,,,,,,,
2023-02-18 06:04:46,-4.017465,-79.178639,Calle 18 de Noviembre,CON_FALLECIDOS,Caida,Mal estado de la via,47,FALLECIDO,NO_REGISTRA,CICLISTA,78,LESIONADO,NO_REGISTRA,SCOOTER,34,LESIONADO,HOMBRE,OTRO
2023-01-04 09:05:40,-3.995945,-79.177426,Calle 18 de Noviembre,CON_FALLECIDOS,Choque Vehicular,Exceso de velocidad,29,FALLECIDO,HOMBRE,MOTOCICLETA,6,LESIONADO,NO_REGISTRA,PEATON,,,,
2023-07-16 16:59:18,-3.990093,-79.209866,Av. 8 de Diciembre,SOLO_DANOS,Accidente Laboral,Equipo de seguridad deficiente,,,,,,,,,,,,
2023-09-05 13:34:52,-3.989194,-79.223945,Av. 8 de Diciembre,SOLO_DANOS,Choque Vehicular,Estado de embriaguez,,,,,,,,,,,,
2023-01-22 05:16:54,-3.978292,-79.216014,Av. Orillas del Zamora,CON_FALLECIDOS,Caida,Visibilidad reducida,84,FALLECIDO,HOMBRE,OTRO,29,LESIONADO,MUJER,MOTOCICLETA,,,,
2023-11-29 02:34:38,-4.034697,-79.226660,Calle Montufar,SOLO_DANOS,Incendio,Inobservancia de senales,,,,,,,,,,,,
2023-05-13 14:26:50,-4.036607,-79.221125,Av. Metropolitana,CON_FALLECIDOS,Caida,Factores externos,30,FALLECIDO,NO_REGISTRA,CICLISTA,51,FALLECIDO,NO_REGISTRA,MOTOCICLETA,,,,
2023-04-08 23:17:31,-3.996296,-79.222095,Av. Manuel Agustin Aguirre,CON_LESIONADOS,Atropellamiento,Inobservancia de senales,34,LESIONADO,NO_REGISTRA,PEATON,,,,,,,,
2023-03-21 19:57:08,-3.980633,-79.220533,Av. Rosa Hermosa,CON_LESIONADOS,Volcamiento,Inobservancia de senales,13,LESIONADO,NO_REGISTRA,CICLISTA,42,LESIONADO,HOMBRE,MOTOCICLETA,69,LESIONADO,NO_REGISTRA,VEH_LIVIANO
2023-10-31 11:20:52,-4.027951,-79.179211,Calle Miguel Riofrio,SOLO_DANOS,Incendio,Exceso de velocidad,,,,,,,,,,,,
2023-06-09 01:46:15,-4.022022,-79.219481,Av. Isidro Ayora,SOLO_DANOS,Caida,Falla mecanica,,,,,,,,,,,,
2023-05-15 06:54:53,-4.005648,-79.225706,Av. Gran Colombia,CON_LESIONADOS,Caida,Equipo de seguridad deficiente,70,LESIONADO,MUJER,OTRO,,,,,,,,
2023-07-26 09:50:50,-4.035094,-79.185984,Av. Cuxibamba,CON_LESIONADOS,Incendio,Via resbaladiza o mojada,26,LESIONADO,HOMBRE,PEATON,,,,,,,,
2023-01-11 21:55:53,-4.004338,-79.227477,Av. Reinaldo Espinosa,CON_LESIONADOS,Incendio,Fatiga del conductor,38,LESIONADO,NO_REGISTRA,OTRO,,,,,,,,
2023-09-03 16:27:09,-3.977554,-79.205419,Calle Montufar,SOLO_DANOS,Volcamiento,Factores externos,,,,,,,,,,,,
2023-04-01 08:57:13,-3.986599,-79.194681,Calle Montufar,CON_FALLECIDOS,Volcamiento,Distraccion (celular/radio),83,FALLECIDO,NO_REGISTRA,OTRO,63,LESIONADO,MUJER,CICLISTA,65,LESIONADO,HOMBRE,VEH_LIVIANO
2023-09-18 16:45:22,-4.023586,-79.218104,Calle Bolivar,CON_FALLECIDOS,Colision Multiple,Estado de embriaguez,37,FALLECIDO,NO_REGISTRA,PEATON,70,FALLECIDO,HOMBRE,SCOOTER,37,LESIONADO,NO_REGISTRA,PEATON
2023-06-09 13:47:50,-3.986560,-79.226487,Ruta 35,CON_FALLECIDOS,Atropellamiento,Mal estado de la via,28,FALLECIDO,NO_REGISTRA,CICLISTA,56,FALLECIDO,HOMBRE,MOTOCICLETA,52,LESIONADO,HOMBRE,VEH_LIVIANO
2023-09-16 12:55:29,-4.013760,-79.211322,Av. 8 de Diciembre,SOLO_DANOS,Choque Vehicular,Mal estado de la via,,,,,,,,,,,,
2023-04-14 16:24:18,-3.979559,-79.220041,Via Loja - Catamayo,SOLO_DANOS,Colision Multiple,Mal estado de la via,,,,,,,,,,,,
2023-10-29 04:32:40,-4.001957,-79.177351,Calle 10 de Agosto,CON_LESIONADOS,Volcamiento,Exceso de velocidad,8,LESIONADO,NO_REGISTRA,SCOOTER,60,LESIONADO,MUJER,VEH_LIVIANO,6,LESIONADO,MUJER,CICLISTA
2023-01-03 12:05:11,-3.998376,-79.215465,Calle 10 de Agosto,SOLO_DANOS,Volcamiento,Visibilidad reducida,,,,,,,,,,,,
2023-12-08 22:26:48,-3.994375,-79.214122,Calle Rocafuerte,CON_LESIONADOS,Colision Multiple,Estado de embriaguez,80,LESIONADO,NO_REGISTRA,MOTOCICLETA,50,LESIONADO,NO_REGISTRA,VEH_LIVIANO,34,LESIONADO,HOMBRE,VEH_LIVIANO
2023-05-31 14:13:21,-4.014158,-79.176644,Calle Montufar,CON_FALLECIDOS,Accidente Laboral,Falla mecanica,69,FALLECIDO,MUJER,SCOOTER,,,,,,,,
2023-06-17 14:29:17,-3.997912,-79.183739,Calle Rocafuerte,SOLO_DANOS,Incendio,Factores externos,,,,,,,,,,,,
2023-05-06 14:55:46,-4.033003,-79.173190,Av. Metropolitana,SOLO_DANOS,Colision Multiple,Factores externos,,,,,,,,,,,,
2023-12-29 23:33:28,-4.031213,-79.218747,Av. Orillas del Zamora,CON_LESIONADOS,Volcamiento,Fatiga del conductor,41,LESIONADO,NO_REGISTRA,MOTOCICLETA,6,LESIONADO,NO_REGISTRA,CICLISTA,40,LESIONADO,NO_REGISTRA,VEH_LIVIANO
2023-02-23 19:07:37,-4.008137,-79.225160,Av. Orillas del Zamora,CON_FALLECIDOS,Accidente Laboral,Fatiga del conductor,82,FALLECIDO,HOMBRE,SCOOTER,,,,,,,,
2023-04-23 12:55:45,-4.009847,-79.228879,Av. 8 de Diciembre,SOLO_DANOS,Colision Multiple,Via resbaladiza o mojada,28,LESIONADO,MUJER,SCOOTER,,,,,,,,
2023-01-07 13:49:56,-3.985119,-79.190381,Calle Ramon Borrero,CON_LESIONADOS,Caida,Via resbaladiza o mojada,52,LESIONADO,MUJER,PEATON,59,LESIONADO,HOMBRE,PEATON,,,,
2023-02-16 19:54:23,-4.026988,-79.228223,Calle Bolivar,CON_FALLECIDOS,Accidente Laboral,Estado de embriaguez,38,FALLECIDO,MUJER,VEH_LIVIANO,24,FALLECIDO,HOMBRE,VEH_LIVIANO,39,LESIONADO,NO_REGISTRA,PEATON
2023-07-29 12:15:01,-3.984212,-79.222287,Av. Metropolitana,CON_LESIONADOS,Volcamiento,Exceso de velocidad,48,LESIONADO,MUJER,MOTOCICLETA,,,,,,,,
2023-12-28 13:31:26,-3.980092,-79.188774,Calle Mercadillo,CON_LESIONADOS,Colision Multiple,Factores externos,80,LESIONADO,MUJER,CICLISTA,,,,,,,,
2023-10-03 11:25:30,-4.012657,-79.210100,Av. Isidro Ayora,SOLO_DANOS,Incendio,Exceso de velocidad,,,,,,,,,,,,
2023-04-20 15:33:45,-3.988744,-79.173793,Calle Saraguro,SOLO_DANOS,Volcamiento,Via resbaladiza o mojada,5,LESIONADO,HOMBRE,PEATON,,,,,,,,
2023-02-25 06:51:02,-4.004458,-79.190329,Av. Metropolitana,CON_FALLECIDOS,Atropellamiento,Exceso de velocidad,30,FALLECIDO,NO_REGISTRA,CICLISTA,72,LESIONADO,NO_REGISTRA,PEATON,72,LESIONADO,NO_REGISTRA,MOTOCICLETA
2023-07-15 02:12:22,-3.989184,-79.208364,Av. 8 de Diciembre,CON_LESIONADOS,Accidente Laboral,Via resbaladiza o mojada,26,LESIONADO,HOMBRE,MOTOCICLETA,21,LESIONADO,HOMBRE,OTRO,,,,
2023-03-28 15:05:45,-3.999079,-79.194384,Calle Saraguro,SOLO_DANOS,Colision Multiple,Fatiga del conductor,,,,,,,,,,,,
2023-10-21 23:07:19,-4.003700,-79.187425,Av. Cuxibamba,SOLO_DANOS,Atropellamiento,Equipo de seguridad deficiente,,,,,,,,,,,,
2023-10-19 00:51:59,-4.036402,-79.197444,Calle Ramon Borrero,SOLO_DANOS,Volcamiento,Imprudencia del conductor,,,,,,,,,,,,
2023-10-20 02:32:14,-4.023952,-79.173145,Calle Saraguro,CON_LESIONADOS,Choque Vehicular,Factores externos,64,LESIONADO,HOMBRE,OTRO,74,LESIONADO,NO_REGISTRA,CICLISTA,20,LESIONADO,MUJER,PEATON
2023-02-17 02:29:18,-4.031143,-79.199416,Av. Metropolitana,CON_LESIONADOS,Volcamiento,Factores externos,73,LESIONADO,MUJER,MOTOCICLETA,52,LESIONADO,HOMBRE,VEH_LIVIANO,20,LESIONADO,HOMBRE,PEATON
2023-01-25 18:10:12,-3.981429,-79.197980,Av. 8 de Diciembre,SOLO_DANOS,Incendio,Via resbaladiza o mojada,35,LESIONADO,HOMBRE,SCOOTER,,,,,,,,
2023-07-11 07:43:58,-3.992131,-79.213183,Calle Mercadillo,CON_FALLECIDOS,Atropellamiento,Exceso de velocidad,48,FALLECIDO,HOMBRE,SCOOTER,,,,,,,,
2023-04-15 07:21:46,-3.984481,-79.173290,Calle Montufar,CON_FALLECIDOS,Volcamiento,Estado de embriaguez,35,FALLECIDO,HOMBRE,OTRO,,,,,,,,
2023-04-28 04:29:09,-4.001839,-79.214349,Calle Rocafuerte,SOLO_DANOS,Incendio,Fatiga del conductor,,,,,,,,,,,,
2023-11-06 11:22:01,-3.986346,-79.219399,Calle Quito,SOLO_DANOS,Colision Multiple,Distraccion (celular/radio),,,,,,,,,,,,
2023-10-17 19:18:52,-4.016093,-79.189898,Calle Azogues,CON_LESIONADOS,Caida,Estado de embriaguez,37,LESIONADO,HOMBRE,SCOOTER,24,LESIONADO,MUJER,VEH_LIVIANO,26,LESIONADO,HOMBRE,OTRO
2023-06-29 13:04:56,-3.989188,-79.198312,Calle Saraguro,CON_LESIONADOS,Volcamiento,Imprudencia del conductor,34,LESIONADO,HOMBRE,MOTOCICLETA,27,LESIONADO,NO_REGISTRA,PEATON,,,,
2023-10-27 15:16:07,-4.014996,-79.204367,Via Loja - Zamora,CON_FALLECIDOS,Incendio,Via resbaladiza o mojada,18,FALLECIDO,MUJER,MOTOCICLETA,78,LESIONADO,HOMBRE,OTRO,29,LESIONADO,NO_REGISTRA,VEH_LIVIANO
2023-05-08 11:03:10,-3.979578,-79.210228,Calle Bolivar,CON_LESIONADOS,Caida,Equipo de seguridad deficiente,68,LESIONADO,HOMBRE,VEH_LIVIANO,7,LESIONADO,NO_REGISTRA,MOTOCICLETA,,,,
2023-02-01 06:53:54,-4.016923,-79.225622,Via Loja - Catamayo,SOLO_DANOS,Accidente Laboral,Falla mecanica,,,,,,,,,,,,
2023-04-18 08:10:08,-4.017031,-79.175593,Calle Mercadillo,CON_FALLECIDOS,Volcamiento,Fatiga del conductor,20,FALLECIDO,HOMBRE,CICLISTA,40,LESIONADO,NO_REGISTRA,VEH_LIVIANO,8,LESIONADO,NO_REGISTRA,VEH_LIVIANO
2023-08-17 00:28:35,-4.028683,-79.176512,Av. Orillas del Zamora,SOLO_DANOS,Accidente Laboral,Exceso de velocidad,,,,,,,,,,,,
2023-12-11 12:34:50,-4.008049,-79.174589,Av. Manuel Agustin Aguirre,CON_LESIONADOS,Incendio,Falla mecanica,56,LESIONADO,MUJER,SCOOTER,36,LESIONADO,MUJER,OTRO,79,LESIONADO,NO_REGISTRA,MOTOCICLETA
2023-04-16 03:19:24,-4.018151,-79.196137,Av. Gran Colombia,CON_FALLECIDOS,Incendio,Visibilidad reducida,80,FALLECIDO,NO_REGISTRA,VEH_LIVIANO,79,LESIONADO,HOMBRE,OTRO,,,,
2023-10-02 10:41:22,-4.022000,-79.185997,Calle Sucre,CON_LESIONADOS,Atropellamiento,Estado de embriaguez,79,LESIONADO,MUJER,SCOOTER,,,,,,,,
2023-05-19 06:35:25,-4.023684,-79.181639,Calle 10 de Agosto,CON_LESIONADOS,Atropellamiento,Falla mecanica,20,LESIONADO,HOMBRE,CICLISTA,,,,,,,,
2023-02-10 07:41:37,-3.987683,-79.185907,Av. Metropolitana,SOLO_DANOS,Volcamiento,Imprudencia del conductor,22,LESIONADO,HOMBRE,SCOOTER,,,,,,,,
2023-07-26 08:31:33,-3.993156,-79.201292,Av. 8 de Diciembre,SOLO_DANOS,Volcamiento,Exceso de velocidad,,,,,,,,,,,,
2023-03-31 23:00:05,-4.020563,-79.183615,Calle Miguel Riofrio,SOLO_DANOS,Atropellamiento,Equipo de seguridad deficiente,,,,,,,,,,,,
2023-04-12 08:43:32,-4.006579,-79.206613,Calle Colon,CON_LESIONADOS,Accidente Laboral,Factores externos,77,LESIONADO,NO_REGISTRA,OTRO,,,,,,,,
2023-07-20 23:55:05,-4.006633,-79.216252,Av. Metropolitana,CON_FALLECIDOS,Incendio,Exceso de velocidad,27,FALLECIDO,NO_REGISTRA,SCOOTER,,,,,,,,
2023-06-24 09:24:07,-3.996931,-79.207396,Ruta 35,CON_FALLECIDOS,Atropellamiento,Fatiga del conductor,29,FALLECIDO,NO_REGISTRA,PEATON,54,FALLECIDO,HOMBRE,MOTOCICLETA,50,LESIONADO,MUJER,VEH_LIVIANO
2023-10-06 15:39:36,-4.013856,-79.223033,Av. Isidro Ayora,SOLO_DANOS,Accidente Laboral,Factores externos,,,,,,,,,,,,
2023-03-19 05:18:59,-4.003648,-79.224982,Ruta 35,CON_FALLECIDOS,Atropellamiento,Via resbaladiza o mojada,65,FALLECIDO,NO_REGISTRA,VEH_LIVIANO,65,FALLECIDO,MUJER,MOTOCICLETA,15,LESIONADO,NO_REGISTRA,VEH_LIVIANO
2023-06-20 17:21:36,-4.014714,-79.175289,Calle Saraguro,CON_FALLECIDOS,Caida,Imprudencia del conductor,71,FALLECIDO,HOMBRE,MOTOCICLETA,71,FALLECIDO,NO_REGISTRA,PEATON,58,LESIONADO,NO_REGISTRA,SCOOTER
2023-01-01 02:26:48,-3.997940,-79.230531,Av. Manuel Agustin Aguirre,CON_LESIONADOS,Colision Multiple,Falla mecanica,23,LESIONADO,MUJER,OTRO,36,LESIONADO,MUJER,SCOOTER,58,LESIONADO,HOMBRE,CICLISTA
2023-06-26 23:13:46,-4.004622,-79.195317,Calle Imbabura,CON_FALLECIDOS,Colision Multiple,Inobservancia de senales,37,FALLECIDO,NO_REGISTRA,CICLISTA,34,LESIONADO,HOMBRE,SCOOTER,5,LESIONADO,MUJER,OTRO
2023-07-21 13:19:29,-3.996011,-79.214660,Calle Sucre,CON_LESIONADOS,Atropellamiento,Factores externos,17,LESIONADO,MUJER,SCOOTER,62,LESIONADO,MUJER,SCOOTER,28,LESIONADO,HOMBRE,PEATON
2023-04-20 14:22:30,-4.009366,-79.180043,Av. Orillas del Zamora,CON_LESIONADOS,Atropellamiento,Imprudencia del conductor,48,LESIONADO,NO_REGISTRA,CICLISTA,17,LESIONADO,NO_REGISTRA,CICLISTA,74,LESIONADO,MUJER,OTRO
2023-03-02 11:18:24,-3.982824,-79.176979,Calle Saraguro,SOLO_DANOS,Caida,Via resbaladiza o mojada,,,,,,,,,,,,
2023-08-23 06:33:10,-4.013581,-79.204838,Calle Mercadillo,CON_LESIONADOS,Caida,Distraccion (celular/radio),49,LESIONADO,NO_REGISTRA,CICLISTA,41,LESIONADO,NO_REGISTRA,CICLISTA,,,,
2023-05-01 10:37:05,-3.979860,-79.223574,Av. Universitaria,SOLO_DANOS,Atropellamiento,Falla mecanica,,,,,,,,,,,,
2023-09-16 11:54:55,-3.991584,-79.196887,Av. Isidro Ayora,CON_FALLECIDOS,Accidente Laboral,Visibilidad reducida,53,FALLECIDO,NO_REGISTRA,CICLISTA,70,LESIONADO,MUJER,PEATON,18,LESIONADO,NO_REGISTRA,OTRO
2023-10-26 13:00:07,-3.991151,-79.186626,Calle Sucre,CON_LESIONADOS,Volcamiento,Fatiga del conductor,58,LESIONADO,NO_REGISTRA,PEATON,,,,,,,,
2023-09-05 20:36:37,-3.985432,-79.182330,Calle Bolivar,CON_LESIONADOS,Choque Vehicular,Inobservancia de senales,77,LESIONADO,NO_REGISTRA,VEH_LIVIANO,26,LESIONADO,NO_REGISTRA,OTRO,,,,
2023-05-30 16:33:40,-4.019605,-79.221614,Calle Montufar,CON_LESIONADOS,Caida,Factores externos,52,LESIONADO,MUJER,OTRO,75,LESIONADO,MUJER,MOTOCICLETA,22,LESIONADO,MUJER,MOTOCICLETA
2023-06-28 11:42:53,-4.010955,-79.226824,Av. Rosa Hermosa,CON_LESIONADOS,Choque Vehicular,Falla mecanica,61,LESIONADO,HOMBRE,VEH_LIVIANO,25,LESIONADO,NO_REGISTRA,MOTOCICLETA,50,LESIONADO,NO_REGISTRA,VEH_LIVIANO
2023-05-09 20:58:05,-4.021267,-79.186081,Calle Miguel Riofrio,CON_FALLECIDOS,Atropellamiento,Inobservancia de senales,78,FALLECIDO,MUJER,OTRO,39,LESIONADO,MUJER,SCOOTER,,,,
2023-05-02 06:37:53,-4.018192,-79.183028,Calle Azogues,SOLO_DANOS,Choque Vehicular,Inobservancia de senales,,,,,,,,,,,,
2023-10-16 08:56:28,-3.985015,-79.213527,Av. Cuxibamba,SOLO_DANOS,Incendio,Mal estado de la via,71,LESIONADO,HOMBRE,PEATON,,,,,,,,
2023-07-31 10:07:52,-3.978252,-79.213767,Calle Bolivar,CON_FALLECIDOS,Choque Vehicular,Factores externos,76,FALLECIDO,MUJER,SCOOTER,27,LESIONADO,HOMBRE,MOTOCICLETA,,,,
2023-08-04 07:08:45,-4.021706,-79.171172,Calle Ramon Borrero,SOLO_DANOS,Incendio,Imprudencia del conductor,,,,,,,,,,,,
2023-08-12 03:42:11,-4.017254,-79.192179,Av. Reinaldo Espinosa,SOLO_DANOS,Incendio,Distraccion (celular/radio),,,,,,,,,,,,
2023-12-08 19:32:47,-4.015415,-79.193677,Via Loja - Catamayo,CON_FALLECIDOS,Colision Multiple,Equipo de seguridad deficiente,39,FALLECIDO,MUJER,CICLISTA,,,,,,,,
2023-04-08 15:03:53,-4.034937,-79.220847,Av. Isidro Ayora,SOLO_DANOS,Atropellamiento,Fatiga del conductor,26,LESIONADO,NO_REGISTRA,PEATON,,,,,,,,
2023-11-06 13:15:35,-3.980823,-79.199429,Via Loja - Zamora,CON_FALLECIDOS,Incendio,Mal estado de la via,46,FALLECIDO,NO_REGISTRA,SCOOTER,54,FALLECIDO,NO_REGISTRA,OTRO,61,LESIONADO,HOMBRE,VEH_LIVIANO
2023-02-25 15:04:08,-4.027617,-79.228614,Calle Mercadillo,CON_FALLECIDOS,Accidente Laboral,Falla mecanica,51,FALLECIDO,NO_REGISTRA,CICLISTA,26,FALLECIDO,MUJER,PEATON,,,,
2023-02-02 13:13:31,-3.984549,-79.210409,Ruta 35,SOLO_DANOS,Accidente Laboral,Equipo de seguridad deficiente,70,LESIONADO,NO_REGISTRA,SCOOTER,,,,,,,,
2023-09-05 04:55:37,-4.015525,-79.177420,Via Loja - Zamora,SOLO_DANOS,Volcamiento,Via resbaladiza o mojada,,,,,,,,,,,,
2023-07-04 00:57:05,-3.989480,-79.181822,Av. 8 de Diciembre,CON_FALLECIDOS,Atropellamiento,Estado de embriaguez,64,FALLECIDO,MUJER,CICLISTA,46,FALLECIDO,HOMBRE,OTRO,71,LESIONADO,HOMBRE,MOTOCICLETA
2023-09-10 06:04:12,-3.980346,-79.178814,Calle 10 de Agosto,CON_LESIONADOS,Incendio,Inobservancia de senales,43,LESIONADO,NO_REGISTRA,CICLISTA,48,LESIONADO,MUJER,MOTOCICLETA,43,LESIONADO,MUJER,SCOOTER
2023-03-30 10:23:06,-4.035854,-79.184665,Calle Bolivar,SOLO_DANOS,Accidente Laboral,Exceso de velocidad,,,,,,,,,,,,
2023-07-18 11:08:29,-3.980807,-79.209493,Calle Rocafuerte,CON_FALLECIDOS,Atropellamiento,Equipo de seguridad deficiente,72,FALLECIDO,HOMBRE,CICLISTA,59,LESIONADO,HOMBRE,PEATON,,,,
2023-05-18 05:32:09,-3.998046,-79.200218,Calle Sucre,CON_FALLECIDOS,Caida,Visibilidad reducida,57,FALLECIDO,MUJER,OTRO,39,FALLECIDO,HOMBRE,SCOOTER,75,LESIONADO,HOMBRE,SCOOTER
2023-04-06 22:14:37,-4.009810,-79.208114,Av. 8 de Diciembre,CON_LESIONADOS,Atropellamiento,Visibilidad reducida,59,LESIONADO,HOMBRE,SCOOTER,44,LESIONADO,NO_REGISTRA,SCOOTER,37,LESIONADO,NO_REGISTRA,SCOOTER