fecha_hora,latitud,longitud,via,grado_severidad,tipo_siniestro,causa_probable,victima1_edad,victima1_condicion,victima1_sexo,victima1_actor_vial,victima2_edad,victima2_condicion,victima2_sexo,victima2_actor_vial,victima3_edad,victima3_condicion,victima3_sexo,victima3_actor_vial
2023-09-14 03:34:19,-4.017642,-79.217934,Av. Isidro Ayora,CON_LESIONADOS,Atropellamiento,Falla mecanica,9,LESIONADO,HOMBRE,PEATON,,,,,,,,
2023-11-25 08:13:14,-4.028189,-79.180998,Calle Colon,SOLO_DANOS,Choque Vehicular,Visibilidad reducida,,,,,,,,,,,,
2023-12-09 11:04:20,-4.027475,-79.228369,Via Loja - Catamayo,SOLO_DANOS,Choque Vehicular,Estado de embriaguez,,,,,,,,,,,,
2023-11-28 15:33:29,-3.980582,-79.190297,Calle Saraguro,SOLO_DANOS,Atropellamiento,Distraccion (celular/radio),,,,,,,,,,,,
2023-10-28 17:44:19,-4.012782,-79.203443,Av. Cuxibamba,CON_FALLECIDOS,Caida,Mal estado de la via,34,FALLECIDO,NO_REGISTRA,OTRO,19,FALLECIDO,MUJER,MOTOCICLETA,49,LESIONADO,NO_REGISTRA,CICLISTA
2023-08-02 12:20:20,-4.028301,-79.172899,Calle Colon,CON_LESIONADOS,Colision Multiple,Mal estado de la via,40,LESIONADO,MUJER,OTRO,,,,,,,,
2023-05-11 21:44:32,-4.009203,-79.193120,Av. Pio Jaramillo,SOLO_DANOS,Volcamiento,Factores externos,,,,,,,,,,,,
2023-08-06 13:40:46,-3.980737,-79.196415,Av. Cuxibamba,CON_LESIONADOS,Volcamiento,Mal estado de la via,38,LESIONADO,HOMBRE,CICLISTA,23,LESIONADO,MUJER,MOTOCICLETA,,,,
2023-12-24 18:47:02,-4.005392,-79.180626,Calle Imbabura,CON_FALLECIDOS,Choque Vehicular,Fatiga del conductor,83,FALLECIDO,MUJER,PEATON,26,FALLECIDO,MUJER,MOTOCICLETA,18,LESIONADO,MUJER,PEATON
2023-08-16 13:48:14,-4.012682,-79.216863,Calle Mercadillo,CON_FALLECIDOS,Accidente Laboral,Estado de embriaguez,36,FALLECIDO,MUJER,MOTOCICLETA,80,FALLECIDO,NO_REGISTRA,SCOOTER,,,,
2023-08-13 08:02:01,-4.029014,-79.226051,Calle 10 de Agosto,CON_FALLECIDOS,Volcamiento,Distraccion (celular/radio),37,FALLECIDO,NO_REGISTRA,VEH_LIVIANO,23,FALLECIDO,MUJER,OTRO,65,LESIONADO,MUJER,CICLISTA
2023-04-21 11:09:53,-3.995235,-79.201811,Calle Bolivar,CON_FALLECIDOS,Incendio,Factores externos,77,FALLECIDO,MUJER,OTRO,67,FALLECIDO,NO_REGISTRA,VEH_LIVIANO,61,LESIONADO,HOMBRE,PEATON
2023-01-21 22:58:16,-4.008904,-79.196450,Av. Metropolitana,CON_LESIONADOS,Volcamiento,Exceso de velocidad,5,LESIONADO,NO_REGISTRA,SCOOTER,,,,,,,,
2023-05-13 21:35:22,-4.012183,-79.194930,Via Loja - Zamora,SOLO_DANOS,Colision Multiple,Mal estado de la via,,,,,,,,,,,,
2023-02-16 06:46:36,-3.991902,-79.206927,Calle Imbabura,CON_LESIONADOS,Accidente Laboral,Distraccion (celular/radio),29,LESIONADO,HOMBRE,OTRO,,,,,,,,
2023-05-28 17:58:42,-3.987334,-79.197889,Calle Mercadillo,SOLO_DANOS,Choque Vehicular,Falla mecanica,,,,,,,,,,,,
2023-10-24 15:34:45,-4.008289,-79.221259,Calle 10 de Agosto,CON_LESIONADOS,Incendio,Factores externos,35,LESIONADO,NO_REGISTRA,MOTOCICLETA,76,LESIONADO,HOMBRE,CICLISTA,,,,
2023-03-03 17:55:40,-4.004423,-79.223495,Calle Sucre,CON_LESIONADOS,Incendio,Via resbaladiza o mojada,6,LESIONADO,MUJER,VEH_LIVIANO,,,,,,,,
2023-06-18 20:25:36,-3.985971,-79.207193,Av. Universitaria,SOLO_DANOS,Volcamiento,Inobservancia de senales,,,,,,,,,,,,
2023-10-26 14:48:15,-4.009301,-79.229233,Via Loja - Catamayo,CON_LESIONADOS,Colision Multiple,Equipo de seguridad deficiente,14,LESIONADO,MUJER,VEH_LIVIANO,79,LESIONADO,NO_REGISTRA,SCOOTER,17,LESIONADO,MUJER,MOTOCICLETA
2023-07-10 22:41:27,-3.983055,-79.210858,Calle Ramon Borrero,CON_LESIONADOS,Caida,Estado de embriaguez,67,LESIONADO,NO_REGISTRA,MOTOCICLETA,54,LESIONADO,HOMBRE,VEH_LIVIANO,,,,
2023-10-16 20:26:36,-4.015115,-79.183208,Av. Pio Jaramillo,CON_LESIONADOS,Incendio,Visibilidad reducida,46,LESIONADO,HOMBRE,SCOOTER,6,LESIONADO,MUJER,VEH_LIVIANO,,,,
2023-06-28 17:21:07,-3.990535,-79.228502,Calle Quito,CON_FALLECIDOS,Accidente Laboral,Estado de embriaguez,34,FALLECIDO,MUJER,CICLISTA,70,LESIONADO,MUJER,CICLISTA,,,,
2023-11-03 14:35:58,-3.979727,-79.218414,Calle Saraguro,CON_FALLECIDOS,Incendio,Fatiga del conductor,55,FALLECIDO,NO_REGISTRA,CICLISTA,32,FALLECIDO,HOMBRE,CICLISTA,,,,
2023-08-06 14:06:30,-4.010799,-79.181167,Calle Saraguro,CON_FALLECIDOS,Volcamiento,Estado de embriaguez,53,FALLECIDO,HOMBRE,CICLISTA,,,,,,,,
2023-01-30 03:00:14,-4.022485,-79.200741,Av. 8 de Diciembre,CON_FALLECIDOS,Incendio,Inobservancia de senales,76,FALLECIDO,MUJER,VEH_LIVIANO,22,LESIONADO,NO_REGISTRA,VEH_LIVIANO,,,,
2023-04-22 00:24:19,-4.001775,-79.200088,Calle 18 de Noviembre,SOLO_DANOS,Choque Vehicular,Inobservancia de senales,,,,,,,,,,,,
2023-05-28 06:30:50,-3.991607,-79.227953,Calle Ramon Borrero,CON_LESIONADOS,Choque Vehicular,Exceso de velocidad,22,LESIONADO,MUJER,VEH_LIVIANO,67,LESIONADO,NO_REGISTRA,SCOOTER,,,,
2023-07-24 02:01:45,-4.010369,-79.201698,Calle Azogues,CON_LESIONADOS,Choque Vehicular,Fatiga del conductor,50,LESIONADO,NO_REGISTRA,VEH_LIVIANO,19,LESIONADO,NO_REGISTRA,CICLISTA,,,,
2023-10-06 15:42:44,-4.007018,-79.228595,Av. Metropolitana,SOLO_DANOS,Incendio,Estado de embriaguez,,,,,,,,,,,,
2023-09-09 12:22:04,-3.990109,-79.171172,Av. Reinaldo Espinosa,SOLO_DANOS,Accidente Laboral,Inobservancia de senales,,,,,,,,,,,,
2023-07-18 06:17:07,-3.980590,-79.210610,Calle Colon,CON_LESIONADOS,Atropellamiento,Factores externos,10,LESIONADO,MUJER,SCOOTER,,,,,,,,
2023-11-15 03:38:53,-4.009220,-79.219231,Av. Isidro Ayora,SOLO_DANOS,Atropellamiento,Estado de embriaguez,28,LESIONADO,MUJER,SCOOTER,,,,,,,,
2023-03-02 02:09:41,-3.996084,-79.184936,Calle Azogues,CON_LESIONADOS,Colision Multiple,Mal estado de la via,67,LESIONADO,NO_REGISTRA,PEATON,18,LESIONADO,HOMBRE,SCOOTER,,,,
2023-01-04 21:06:04,-3.987444,-79.178777,Calle Colon,CON_FALLECIDOS,Caida,Imprudencia del conductor,31,FALLECIDO,MUJER,OTRO,56,FALLECIDO,NO_REGISTRA,OTRO,67,LESIONADO,HOMBRE,MOTOCICLETA
2023-12-18 15:25:12,-4.005779,-79.197229,Av. Gran Colombia,CON_LESIONADOS,Colision Multiple,Via resbaladiza o mojada,19,LESIONADO,NO_REGISTRA,CICLISTA,43,LESIONADO,NO_REGISTRA,PEATON,,,,
2023-05-04 15:23:11,-3.978653,-79.189360,Calle 18 de Noviembre,CON_FALLECIDOS,Colision Multiple,Falla mecanica,28,FALLECIDO,HOMBRE,CICLISTA,,,,,,,,
2023-08-30 14:21:19,-3.987661,-79.187176,Av. 8 de Diciembre,SOLO_DANOS,Caida,Visibilidad reducida,,,,,,,,,,,,
2023-12-09 05:45:14,-3.997078,-79.173861,Calle Ramon Borrero,CON_FALLECIDOS,Atropellamiento,Via resbaladiza o mojada,83,FALLECIDO,NO_REGISTRA,CICLISTA,43,LESIONADO,NO_REGISTRA,PEATON,68,LESIONADO,HOMBRE,CICLISTA
2023-01-03 02:59:07,-4.002218,-79.226945,Av. Metropolitana,SOLO_DANOS,Accidente Laboral,Fatiga del conductor,,,,,,,,,,,,
2023-04-18 11:44:14,-4.012593,-79.202432,Via Loja - Zamora,CON_LESIONADOS,Choque Vehicular,Mal estado de la via,78,LESIONADO,HOMBRE,MOTOCICLETA,,,,,,,,
2023-07-16 02:36:01,-4.033906,-79.207855,Av. Pio Jaramillo,CON_FALLECIDOS,Colision Multiple,Falla mecanica,46,FALLECIDO,MUJER,SCOOTER,73,FALLECIDO,NO_REGISTRA,VEH_LIVIANO,,,,
2023-01-25 14:29:10,-4.036051,-79.203480,Av. Rosa Hermosa,CON_LESIONADOS,Caida,Imprudencia del conductor,20,LESIONADO,NO_REGISTRA,OTRO,,,,,,,,
2023-08-11 15:56:36,-3.980894,-79.216368,Calle Mercadillo,SOLO_DANOS,Accidente Laboral,Distraccion (celular/radio),,,,,,,,,,,,
2023-10-06 09:38:01,-4.013190,-79.196428,Calle Mercadillo,CON_FALLECIDOS,Caida,Imprudencia del conductor,37,FALLECIDO,MUJER,MOTOCICLETA,,,,,,,,
2023-01-12 21:08:18,-3.993201,-79.208416,Av. Pio Jaramillo,CON_FALLECIDOS,Caida,Inobservancia de senales,20,FALLECIDO,NO_REGISTRA,MOTOCICLETA,30,FALLECIDO,HOMBRE,SCOOTER,15,LESIONADO,MUJER,PEATON
2023-02-15 22:06:12,-3.997219,-79.216501,Av. Universitaria,CON_LESIONADOS,Accidente Laboral,Imprudencia del conductor,37,LESIONADO,HOMBRE,PEATON,,,,,,,,
2023-01-17 19:04:48,-3.987996,-79.198261,Calle 18 de Noviembre,SOLO_DANOS,Atropellamiento,Inobservancia de senales,44,LESIONADO,HOMBRE,MOTOCICLETA,,,,,,,,
2023-08-01 01:59:18,-3.989426,-79.177254,Via Loja - Catamayo,CON_FALLECIDOS,Caida,Inobservancia de senales,41,FALLECIDO,HOMBRE,MOTOCICLETA,56,FALLECIDO,NO_REGISTRA,MOTOCICLETA,61,LESIONADO,HOMBRE,SCOOTER
2023-05-05 20:20:29,-4.035672,-79.179014,Av. Pio Jaramillo,CON_FALLECIDOS,Choque Vehicular,Fatiga del conductor,52,FALLECIDO,NO_REGISTRA,MOTOCICLETA,39,FALLECIDO,HOMBRE,PEATON,62,LESIONADO,NO_REGISTRA,CICLISTA
2024-10-27 19:01:03,-4.017238,-79.222978,Av. Cuxibamba,CON_LESIONADOS,Caida,Factores externos,68,LESIONADO,MUJER,VEH_LIVIANO,,,,,,,,
2024-12-11 13:49:02,-3.991325,-79.229689,Av. Reinaldo Espinosa,SOLO_DANOS,Atropellamiento,Factores externos,,,,,,,,,,,,
2024-06-25 01:24:49,-4.000680,-79.188225,Calle Bolivar,SOLO_DANOS,Colision Multiple,Inobservancia de senales,,,,,,,,,,,,
2024-10-05 21:08:10,-3.985510,-79.221381,Calle Miguel Riofrio,CON_LESIONADOS,Caida,Via resbaladiza o mojada,42,LESIONADO,MUJER,CICLISTA,76,LESIONADO,HOMBRE,MOTOCICLETA,,,,
2024-08-04 23:37:31,-3.990154,-79.174544,Av. Metropolitana,CON_FALLECIDOS,Atropellamiento,Equipo de seguridad deficiente,48,FALLECIDO,NO_REGISTRA,CICLISTA,54,LESIONADO,MUJER,SCOOTER,77,LESIONADO,MUJER,SCOOTER
2024-09-06 16:05:19,-3.980839,-79.184474,Av. Pio Jaramillo,SOLO_DANOS,Volcamiento,Falla mecanica,,,,,,,,,,,,
2024-05-24 21:20:45,-4.034711,-79.187292,Calle Bolivar,SOLO_DANOS,Incendio,Imprudencia del conductor,,,,,,,,,,,,
2024-07-28 13:49:29,-3.988425,-79.221752,Calle 10 de Agosto,SOLO_DANOS,Atropellamiento,Exceso de velocidad,,,,,,,,,,,,
2024-08-15 00:31:04,-4.031973,-79.225657,Av. 8 de Diciembre,SOLO_DANOS,Volcamiento,Estado de embriaguez,21,LESIONADO,HOMBRE,VEH_LIVIANO,,,,,,,,
2024-05-12 10:22:29,-4.015603,-79.211115,Calle 18 de Noviembre,CON_LESIONADOS,Incendio,Distraccion (celular/radio),29,LESIONADO,NO_REGISTRA,SCOOTER,,,,,,,,
2024-10-07 00:05:03,-4.017963,-79.221031,Ruta 35,CON_LESIONADOS,Incendio,Fatiga del conductor,56,LESIONADO,MUJER,VEH_LIVIANO,,,,,,,,
2024-09-09 19:19:43,-3.980015,-79.174399,Calle Ramon Borrero,CON_FALLECIDOS,Colision Multiple,Fatiga del conductor,56,FALLECIDO,NO_REGISTRA,CICLISTA,19,LESIONADO,HOMBRE,VEH_LIVIANO,,,,
2024-08-31 10:54:50,-4.006772,-79.183471,Av. Rosa Hermosa,CON_LESIONADOS,Choque Vehicular,Fatiga del conductor,37,LESIONADO,NO_REGISTRA,SCOOTER,,,,,,,,
2024-06-06 08:05:32,-3.978537,-79.224160,Av. Isidro Ayora,SOLO_DANOS,Incendio,Via resbaladiza o mojada,,,,,,,,,,,,
2024-05-01 16:48:39,-3.993794,-79.180841,Av. Universitaria,CON_LESIONADOS,Accidente Laboral,Inobservancia de senales,69,LESIONADO,NO_REGISTRA,PEATON,48,LESIONADO,NO_REGISTRA,CICLISTA,,,,
2024-03-11 18:30:33,-4.031311,-79.189351,Av. Metropolitana,CON_LESIONADOS,Incendio,Estado de embriaguez,39,LESIONADO,MUJER,PEATON,,,,,,,,
2024-04-24 20:45:57,-3.990012,-79.208686,Av. Universitaria,SOLO_DANOS,Atropellamiento,Exceso de velocidad,,,,,,,,,,,,
2024-12-12 10:48:01,-4.026301,-79.189206,Av. Pio Jaramillo,CON_LESIONADOS,Volcamiento,Mal estado de la via,34,LESIONADO,HOMBRE,PEATON,51,LESIONADO,MUJER,PEATON,,,,
2024-11-19 12:18:46,-3.978613,-79.178952,Calle Mercadillo,SOLO_DANOS,Accidente Laboral,Visibilidad reducida,,,,,,,,,,,,
2024-06-03 09:56:15,-4.021549,-79.203029,Calle Saraguro,CON_LESIONADOS,Colision Multiple,Imprudencia del conductor,7,LESIONADO,MUJER,MOTOCICLETA,50,LESIONADO,NO_REGISTRA,OTRO,58,LESIONADO,MUJER,SCOOTER
2024-07-16 06:16:26,-3.983582,-79.229152,Calle Azogues,CON_LESIONADOS,Accidente Laboral,Inobservancia de senales,28,LESIONADO,MUJER,SCOOTER,53,LESIONADO,NO_REGISTRA,PEATON,72,LESIONADO,HOMBRE,OTRO
2024-01-02 14:09:44,-4.007796,-79.186539,Av. Gran Colombia,CON_FALLECIDOS,Atropellamiento,Equipo de seguridad deficiente,25,FALLECIDO,HOMBRE,SCOOTER,33,FALLECIDO,NO_REGISTRA,MOTOCICLETA,,,,
2024-08-08 20:33:19,-3.999204,-79.181581,Ruta 35,CON_FALLECIDOS,Atropellamiento,Via resbaladiza o mojada,25,FALLECIDO,HOMBRE,CICLISTA,64,FALLECIDO,NO_REGISTRA,OTRO,74,LESIONADO,HOMBRE,CICLISTA
2024-03-24 07:51:56,-4.017152,-79.183380,Av. Gran Colombia,CON_LESIONADOS,Volcamiento,Visibilidad reducida,29,LESIONADO,MUJER,VEH_LIVIANO,,,,,,,,
2024-02-11 02:35:00,-4.032831,-79.179771,Calle 10 de Agosto,CON_LESIONADOS,Volcamiento,Via resbaladiza o mojada,26,LESIONADO,NO_REGISTRA,PEATON,,,,,,,,
2024-03-21 01:53:36,-4.031547,-79.173352,Calle 10 de Agosto,SOLO_DANOS,Colision Multiple,Distraccion (celular/radio),,,,,,,,,,,,
2024-04-06 04:26:24,-4.026394,-79.204680,Av. Cuxibamba,CON_FALLECIDOS,Volcamiento,Mal estado de la via,42,FALLECIDO,HOMBRE,PEATON,82,FALLECIDO,HOMBRE,SCOOTER,67,LESIONADO,HOMBRE,CICLISTA
2024-02-28 05:51:37,-3.998003,-79.194004,Calle Colon,CON_FALLECIDOS,Incendio,Exceso de velocidad,21,FALLECIDO,MUJER,OTRO,23,FALLECIDO,HOMBRE,MOTOCICLETA,26,LESIONADO,NO_REGISTRA,CICLISTA
2024-12-16 07:17:15,-4.017634,-79.191937,Calle Miguel Riofrio,CON_FALLECIDOS,Incendio,Exceso de velocidad,85,FALLECIDO,MUJER,VEH_LIVIANO,45,LESIONADO,MUJER,VEH_LIVIANO,29,LESIONADO,HOMBRE,SCOOTER
2024-03-03 02:16:10,-4.019409,-79.223062,Av. Gran Colombia,SOLO_DANOS,Caida,Estado de embriaguez,,,,,,,,,,,,
2024-11-15 04:44:02,-3.987433,-79.226500,Via Loja - Catamayo,CON_LESIONADOS,Accidente Laboral,Visibilidad reducida,69,LESIONADO,HOMBRE,SCOOTER,38,LESIONADO,NO_REGISTRA,SCOOTER,29,LESIONADO,NO_REGISTRA,SCOOTER
2024-04-04 09:37:25,-3.980836,-79.186106,Via Loja - Zamora,SOLO_DANOS,Incendio,Distraccion (celular/radio),,,,,,,,,,,,
2024-01-13 10:31:58,-3.978432,-79.177332,Calle Mercadillo,CON_LESIONADOS,Caida,Inobservancia de senales,64,LESIONADO,MUJER,MOTOCICLETA,18,LESIONADO,NO_REGISTRA,MOTOCICLETA,28,LESIONADO,HOMBRE,OTRO
2024-05-06 19:21:17,-4.017157,-79.209997,Av. Reinaldo Espinosa,CON_LESIONADOS,Incendio,Distraccion (celular/radio),12,LESIONADO,MUJER,VEH_LIVIANO,30,LESIONADO,HOMBRE,SCOOTER,59,LESIONADO,MUJER,SCOOTER
2024-12-12 16:32:20,-4.025963,-79.187660,Calle Saraguro,CON_FALLECIDOS,Accidente Laboral,Equipo de seguridad deficiente,53,FALLECIDO,NO_REGISTRA,VEH_LIVIANO,67,FALLECIDO,MUJER,PEATON,73,LESIONADO,HOMBRE,PEATON
2024-05-17 06:27:42,-4.006276,-79.189570,Calle Quito,CON_FALLECIDOS,Atropellamiento,Falla mecanica,77,FALLECIDO,HOMBRE,MOTOCICLETA,35,LESIONADO,HOMBRE,MOTOCICLETA,,,,
2024-04-11 21:17:35,-3.989277,-79.186196,Via Loja - Catamayo,CON_FALLECIDOS,Colision Multiple,Fatiga del conductor,60,FALLECIDO,HOMBRE,PEATON,73,FALLECIDO,HOMBRE,SCOOTER,57,LESIONADO,MUJER,PEATON
2024-04-27 05:53:04,-3.985664,-79.229950,Av. Reinaldo Espinosa,SOLO_DANOS,Accidente Laboral,Estado de embriaguez,,,,,,,,,,,,
2024-03-29 03:39:13,-4.035387,-79.203211,Calle Mercadillo,SOLO_DANOS,Incendio,Imprudencia del conductor,,,,,,,,,,,,
2024-08-23 13:48:46,-3.993163,-79.201855,Av. Pio Jaramillo,SOLO_DANOS,Incendio,Equipo de seguridad deficiente,,,,,,,,,,,,
2024-08-01 17:24:35,-3.981513,-79.224159,Av. Isidro Ayora,CON_FALLECIDOS,Volcamiento,Via resbaladiza o mojada,49,FALLECIDO,NO_REGISTRA,CICLISTA,19,FALLECIDO,NO_REGISTRA,VEH_LIVIANO,69,LESIONADO,HOMBRE,CICLISTA
2024-11-13 00:13:42,-3.979802,-79.195294,Av. Reinaldo Espinosa,CON_LESIONADOS,Choque Vehicular,Visibilidad reducida,55,LESIONADO,MUJER,SCOOTER,38,LESIONADO,MUJER,MOTOCICLETA,72,LESIONADO,NO_REGISTRA,VEH_LIVIANO
2024-10-27 06:26:23,-3.979158,-79.224753,Calle Montufar,CON_FALLECIDOS,Volcamiento,Visibilidad reducida,35,FALLECIDO,HOMBRE,OTRO,66,LESIONADO,NO_REGISTRA,CICLISTA,56,LESIONADO,NO_REGISTRA,VEH_LIVIANO
2024-05-13 01:18:22,-4.028125,-79.221693,Calle Azogues,SOLO_DANOS,Choque Vehicular,Inobservancia de senales,,,,,,,,,,,,
2024-02-20 04:45:31,-4.014711,-79.227116,Av. Cuxibamba,CON_FALLECIDOS,Incendio,Falla mecanica,18,FALLECIDO,MUJER,PEATON,60,FALLECIDO,NO_REGISTRA,CICLISTA,64,LESIONADO,MUJER,OTRO
2024-07-16 03:16:11,-4.028136,-79.208900,Calle Bolivar,CON_LESIONADOS,Colision Multiple,Estado de embriaguez,7,LESIONADO,MUJER,MOTOCICLETA,,,,,,,,
2024-04-30 04:48:54,-3.991112,-79.191439,Av. Rosa Hermosa,CON_FALLECIDOS,Accidente Laboral,Falla mecanica,78,FALLECIDO,MUJER,OTRO,77,FALLECIDO,HOMBRE,OTRO,47,LESIONADO,HOMBRE,PEATON
2024-07-17 23:47:07,-3.997505,-79.214774,Calle Saraguro,SOLO_DANOS,Incendio,Mal estado de la via,,,,,,,,,,,,
2024-11-19 02:33:20,-3.983403,-79.225179,Calle Colon,SOLO_DANOS,Volcamiento,Visibilidad reducida,29,LESIONADO,MUJER,SCOOTER,,,,,,,,
2024-02-10 03:46:21,-3.983154,-79.229822,Via Loja - Catamayo,CON_LESIONADOS,Colision Multiple,Imprudencia del conductor,9,LESIONADO,HOMBRE,MOTOCICLETA,72,LESIONADO,HOMBRE,VEH_LIVIANO,50,LESIONADO,MUJER,PEATON
2024-10-17 04:07:07,-3.994468,-79.207054,Av. Cuxibamba,CON_LESIONADOS,Colision Multiple,Distraccion (celular/radio),32,LESIONADO,MUJER,SCOOTER,49,LESIONADO,HOMBRE,MOTOCICLETA,15,LESIONADO,MUJER,PEATON
2024-10-16 21:40:04,-3.993403,-79.218839,Via Loja - Zamora,CON_LESIONADOS,Volcamiento,Mal estado de la via,11,LESIONADO,HOMBRE,VEH_LIVIANO,,,,,,,,
2024-10-30 10:32:13,-3.990149,-79.202972,Calle 18 de Noviembre,SOLO_DANOS,Atropellamiento,Imprudencia del conductor,22,LESIONADO,NO_REGISTRA,MOTOCICLETA,,,,,,,,
2024-06-03 20:36:52,-3.988117,-79.182169,Calle Rocafuerte,CON_FALLECIDOS,Accidente Laboral,Inobservancia de senales,55,FALLECIDO,MUJER,VEH_LIVIANO,71,FALLECIDO,HOMBRE,OTRO,,,,
2024-12-17 19:56:06,-3.977288,-79.218292,Calle Mercadillo,CON_LESIONADOS,Incendio,Inobservancia de senales,50,LESIONADO,MUJER,OTRO,64,LESIONADO,NO_REGISTRA,SCOOTER,31,LESIONADO,NO_REGISTRA,SCOOTER
2024-03-23 02:21:57,-4.015074,-79.186974,Av. Cuxibamba,SOLO_DANOS,Incendio,Via resbaladiza o mojada,,,,,,,,,,,,
2024-01-20 09:51:29,-4.012164,-79.192435,Av. Pio Jaramillo,CON_LESIONADOS,Colision Multiple,Mal estado de la via,68,LESIONADO,HOMBRE,MOTOCICLETA,56,LESIONADO,HOMBRE,SCOOTER,,,,
2024-05-26 14:24:53,-3.990682,-79.209017,Calle Rocafuerte,SOLO_DANOS,Atropellamiento,Via resbaladiza o mojada,,,,,,,,,,,,
2024-03-10 19:22:02,-4.015632,-79.178089,Calle Rocafuerte,CON_FALLECIDOS,Caida,Estado de embriaguez,68,FALLECIDO,NO_REGISTRA,PEATON,,,,,,,,
2024-09-06 00:18:15,-4.010063,-79.202457,Av. Cuxibamba,SOLO_DANOS,Caida,Inobservancia de senales,,,,,,,,,,,,
2024-01-19 12:14:58,-4.021751,-79.181081,Calle Azogues,CON_LESIONADOS,Accidente Laboral,Falla mecanica,76,LESIONADO,NO_REGISTRA,CICLISTA,23,LESIONADO,MUJER,VEH_LIVIANO,12,LESIONADO,HOMBRE,OTRO
2024-02-01 10:34:57,-4.032017,-79.188979,Calle 18 de Noviembre,CON_LESIONADOS,Atropellamiento,Visibilidad reducida,71,LESIONADO,NO_REGISTRA,SCOOTER,74,LESIONADO,NO_REGISTRA,OTRO,18,LESIONADO,NO_REGISTRA,OTRO
2024-06-16 08:31:53,-3.981388,-79.228089,Av. Metropolitana,CON_LESIONADOS,Colision Multiple,Estado de embriaguez,62,LESIONADO,MUJER,MOTOCICLETA,23,LESIONADO,NO_REGISTRA,VEH_LIVIANO,21,LESIONADO,HOMBRE,VEH_LIVIANO
2024-09-09 21:30:54,-4.028737,-79.190082,Av. Gran Colombia,CON_FALLECIDOS,Colision Multiple,Visibilidad reducida,52,FALLECIDO,HOMBRE,PEATON,,,,,,,,
2024-10-01 23:24:05,-4.028326,-79.223530,Av. 8 de Diciembre,CON_FALLECIDOS,Colision Multiple,Estado de embriaguez,26,FALLECIDO,MUJER,MOTOCICLETA,,,,,,,,
2024-12-25 05:04:27,-4.009952,-79.190498,Av. Isidro Ayora,CON_LESIONADOS,Volcamiento,Imprudencia del conductor,38,LESIONADO,NO_REGISTRA,OTRO,,,,,,,,
2024-09-11 22:26:53,-3.983823,-79.219882,Calle Miguel Riofrio,SOLO_DANOS,Atropellamiento,Visibilidad reducida,,,,,,,,,,,,
2024-12-01 02:50:12,-3.988098,-79.227711,Calle Rocafuerte,CON_LESIONADOS,Incendio,Inobservancia de senales,24,LESIONADO,MUJER,CICLISTA,,,,,,,,
2024-08-08 01:01:39,-4.029018,-79.213641,Via Loja - Catamayo,CON_LESIONADOS,Incendio,Distraccion (celular/radio),39,LESIONADO,HOMBRE,VEH_LIVIANO,38,LESIONADO,MUJER,PEATON,,,,
2024-01-10 20:24:24,-4.009777,-79.192673,Ruta 35,CON_LESIONADOS,Colision Multiple,Imprudencia del conductor,30,LESIONADO,NO_REGISTRA,MOTOCICLETA,,,,,,,,
2024-05-19 11:49:43,-4.008944,-79.188632,Av. Manuel Agustin Aguirre,CON_LESIONADOS,Atropellamiento,Exceso de velocidad,69,LESIONADO,HOMBRE,VEH_LIVIANO,40,LESIONADO,HOMBRE,VEH_LIVIANO,58,LESIONADO,MUJER,CICLISTA
2024-03-23 17:27:03,-3.985991,-79.225758,Av. Manuel Agustin Aguirre,CON_LESIONADOS,Accidente Laboral,Distraccion (celular/radio),64,LESIONADO,MUJER,SCOOTER,80,LESIONADO,MUJER,MOTOCICLETA,,,,
2024-06-19 03:56:44,-4.022974,-79.208541,Av. Rosa Hermosa,CON_LESIONADOS,Atropellamiento,Estado de embriaguez,39,LESIONADO,NO_REGISTRA,VEH_LIVIANO,65,LESIONADO,MUJER,CICLISTA,38,LESIONADO,HOMBRE,OTRO
2024-07-11 19:20:50,-3.980638,-79.179224,Calle Miguel Riofrio,SOLO_DANOS,Incendio,Imprudencia del conductor,,,,,,,,,,,,
2024-04-22 15:19:35,-3.987261,-79.206137,Calle Montufar,CON_FALLECIDOS,Colision Multiple,Exceso de velocidad,50,FALLECIDO,HOMBRE,PEATON,73,LESIONADO,NO_REGISTRA,CICLISTA,64,LESIONADO,MUJER,VEH_LIVIANO
2024-06-29 03:13:20,-4.025188,-79.230953,Av. Universitaria,CON_FALLECIDOS,Incendio,Via resbaladiza o mojada,73,FALLECIDO,NO_REGISTRA,PEATON,,,,,,,,
2024-05-03 11:39:40,-3.980849,-79.197929,Via Loja - Zamora,CON_FALLECIDOS,Colision Multiple,Falla mecanica,51,FALLECIDO,MUJER,PEATON,42,FALLECIDO,NO_REGISTRA,OTRO,,,,
2024-04-25 15:29:05,-3.990763,-79.181347,Av. Metropolitana,CON_FALLECIDOS,Caida,Imprudencia del conductor,62,FALLECIDO,MUJER,VEH_LIVIANO,25,FALLECIDO,HOMBRE,OTRO,23,LESIONADO,MUJER,VEH_LIVIANO
2024-11-16 20:14:12,-3.996403,-79.172375,Av. 8 de Diciembre,SOLO_DANOS,Accidente Laboral,Mal estado de la via,,,,,,,,,,,,
2024-08-30 11:59:27,-3.982816,-79.210793,Calle 18 de Noviembre,SOLO_DANOS,Accidente Laboral,Mal estado de la via,77,LESIONADO,HOMBRE,VEH_LIVIANO,,,,,,,,