fecha_hora,latitud,longitud,via,grado_severidad,tipo_siniestro,causa_probable,victima1_edad,victima1_condicion,victima1_sexo,victima1_actor_vial,victima2_edad,victima2_condicion,victima2_sexo,victima2_actor_vial,victima3_edad,victima3_condicion,victima3_sexo,victima3_actor_vial
2024-01-16 18:38:02,-4.022204,-79.225684,Calle Sucre,CON_FALLECIDOS,Atropellamiento,Falla mecanica,21,FALLECIDO,HOMBRE,MOTOCICLETA,67,LESIONADO,HOMBRE,PEATON,55,LESIONADO,HOMBRE,VEH_LIVIANO
2024-04-19 07:24:30,-3.981695,-79.193223,Av. Metropolitana,CON_FALLECIDOS,Colision Multiple,Imprudencia del conductor,48,FALLECIDO,HOMBRE,PEATON,19,LESIONADO,MUJER,OTRO,40,LESIONADO,NO_REGISTRA,CICLISTA
2024-11-07 10:52:55,-3.981509,-79.189162,Calle Sucre,CON_FALLECIDOS,Atropellamiento,Visibilidad reducida,62,FALLECIDO,MUJER,SCOOTER,,,,,,,,
2024-04-12 11:01:13,-3.980062,-79.214451,Calle Rocafuerte,SOLO_DANOS,Accidente Laboral,Visibilidad reducida,,,,,,,,,,,,
2024-05-01 05:48:34,-4.025731,-79.180474,Av. Cuxibamba,CON_LESIONADOS,Volcamiento,Fatiga del conductor,21,LESIONADO,NO_REGISTRA,CICLISTA,,,,,,,,
2024-12-08 01:53:09,-4.016666,-79.204465,Calle Montufar,CON_FALLECIDOS,Accidente Laboral,Exceso de velocidad,32,FALLECIDO,HOMBRE,PEATON,70,FALLECIDO,HOMBRE,VEH_LIVIANO,,,,
2024-08-29 10:41:53,-4.031590,-79.204551,Calle Saraguro,CON_FALLECIDOS,Colision Multiple,Via resbaladiza o mojada,41,FALLECIDO,NO_REGISTRA,VEH_LIVIANO,,,,,,,,
2024-03-15 12:23:06,-4.001848,-79.174429,Calle Sucre,CON_FALLECIDOS,Volcamiento,Distraccion (celular/radio),75,FALLECIDO,HOMBRE,MOTOCICLETA,22,FALLECIDO,MUJER,VEH_LIVIANO,,,,
2024-05-25 03:42:50,-4.024385,-79.214790,Av. Pio Jaramillo,CON_FALLECIDOS,Accidente Laboral,Visibilidad reducida,20,FALLECIDO,MUJER,PEATON,49,FALLECIDO,MUJER,OTRO,,,,
2024-10-28 22:02:31,-4.024077,-79.216920,Av. Metropolitana,CON_LESIONADOS,Volcamiento,Falla mecanica,44,LESIONADO,HOMBRE,SCOOTER,,,,,,,,
2024-11-09 15:37:04,-4.028558,-79.189129,Calle Imbabura,CON_FALLECIDOS,Incendio,Imprudencia del conductor,62,FALLECIDO,MUJER,CICLISTA,33,LESIONADO,MUJER,CICLISTA,,,,
2024-02-14 00:04:23,-4.016593,-79.191033,Av. Gran Colombia,CON_FALLECIDOS,Atropellamiento,Mal estado de la via,22,FALLECIDO,HOMBRE,SCOOTER,,,,,,,,
2024-07-08 06:43:18,-4.004131,-79.187734,Av. Universitaria,CON_FALLECIDOS,Volcamiento,Distraccion (celular/radio),40,FALLECIDO,MUJER,PEATON,,,,,,,,
2024-03-03 05:56:53,-3.998779,-79.201994,Av. Isidro Ayora,SOLO_DANOS,Volcamiento,Estado de embriaguez,,,,,,,,,,,,
2024-10-13 00:13:27,-4.006007,-79.183983,Calle 10 de Agosto,SOLO_DANOS,Accidente Laboral,Imprudencia del conductor,,,,,,,,,,,,
2024-07-06 13:52:07,-4.030198,-79.223410,Av. Rosa Hermosa,SOLO_DANOS,Accidente Laboral,Distraccion (celular/radio),,,,,,,,,,,,
2024-08-24 19:34:39,-3.978345,-79.171772,Calle Miguel Riofrio,CON_LESIONADOS,Caida,Distraccion (celular/radio),74,LESIONADO,HOMBRE,PEATON,63,LESIONADO,NO_REGISTRA,VEH_LIVIANO,,,,
2024-04-17 04:36:11,-3.985828,-79.229339,Calle Azogues,CON_FALLECIDOS,Incendio,Imprudencia del conductor,29,FALLECIDO,HOMBRE,OTRO,,,,,,,,
2024-02-06 19:58:12,-4.022230,-79.188748,Via Loja - Catamayo,CON_LESIONADOS,Choque Vehicular,Visibilidad reducida,10,LESIONADO,MUJER,MOTOCICLETA,32,LESIONADO,NO_REGISTRA,SCOOTER,,,,
2024-03-20 11:46:13,-3.999887,-79.203564,Av. Pio Jaramillo,CON_FALLECIDOS,Atropellamiento,Equipo de seguridad deficiente,32,FALLECIDO,HOMBRE,CICLISTA,76,FALLECIDO,MUJER,CICLISTA,19,LESIONADO,MUJER,VEH_LIVIANO
2024-04-04 13:05:08,-4.019690,-79.186061,Av. Manuel Agustin Aguirre,CON_FALLECIDOS,Atropellamiento,Inobservancia de senales,72,FALLECIDO,NO_REGISTRA,CICLISTA,61,LESIONADO,MUJER,VEH_LIVIANO,14,LESIONADO,HOMBRE,VEH_LIVIANO
2024-04-09 00:37:05,-3.991135,-79.201075,Calle Saraguro,SOLO_DANOS,Incendio,Inobservancia de senales,,,,,,,,,,,,
2024-05-22 09:14:40,-4.034373,-79.200189,Av. Metropolitana,SOLO_DANOS,Atropellamiento,Factores externos,,,,,,,,,,,,
2024-05-24 11:57:39,-4.035846,-79.176255,Av. Universitaria,CON_FALLECIDOS,Choque Vehicular,Visibilidad reducida,60,FALLECIDO,HOMBRE,PEATON,26,FALLECIDO,HOMBRE,PEATON,45,LESIONADO,MUJER,CICLISTA
2024-01-27 03:38:46,-4.023878,-79.217076,Ruta 35,CON_FALLECIDOS,Incendio,Factores externos,71,FALLECIDO,HOMBRE,SCOOTER,31,LESIONADO,NO_REGISTRA,MOTOCICLETA,49,LESIONADO,MUJER,CICLISTA
2024-03-11 16:42:18,-4.031964,-79.187268,Calle Quito,CON_FALLECIDOS,Choque Vehicular,Fatiga del conductor,53,FALLECIDO,HOMBRE,CICLISTA,49,FALLECIDO,MUJER,VEH_LIVIANO,,,,
2024-02-29 06:23:24,-3.995487,-79.189338,Via Loja - Catamayo,CON_LESIONADOS,Incendio,Estado de embriaguez,52,LESIONADO,NO_REGISTRA,VEH_LIVIANO,16,LESIONADO,HOMBRE,SCOOTER,,,,
2024-11-04 04:16:40,-4.009294,-79.205848,Av. Reinaldo Espinosa,CON_LESIONADOS,Atropellamiento,Mal estado de la via,23,LESIONADO,MUJER,MOTOCICLETA,78,LESIONADO,MUJER,SCOOTER,56,LESIONADO,NO_REGISTRA,OTRO
2024-12-01 04:46:49,-3.980282,-79.173211,Av. Cuxibamba,SOLO_DANOS,Atropellamiento,Exceso de velocidad,,,,,,,,,,,,
2024-02-18 11:36:02,-4.035243,-79.212781,Av. 8 de Diciembre,SOLO_DANOS,Accidente Laboral,Factores externos,,,,,,,,,,,,
2024-11-17 23:54:17,-4.022962,-79.217419,Av. Reinaldo Espinosa,CON_LESIONADOS,Choque Vehicular,Fatiga del conductor,28,LESIONADO,NO_REGISTRA,VEH_LIVIANO,,,,,,,,
2024-11-03 03:27:50,-4.002439,-79.183637,Calle Rocafuerte,SOLO_DANOS,Atropellamiento,Exceso de velocidad,,,,,,,,,,,,
2024-07-13 03:25:33,-4.027461,-79.172944,Calle Quito,SOLO_DANOS,Incendio,Distraccion (celular/radio),,,,,,,,,,,,
2024-05-03 21:01:50,-4.014620,-79.225357,Calle Saraguro,CON_LESIONADOS,Atropellamiento,Estado de embriaguez,49,LESIONADO,MUJER,CICLISTA,22,LESIONADO,MUJER,VEH_LIVIANO,,,,
2024-11-19 21:52:26,-3.977246,-79.194117,Calle Montufar,CON_LESIONADOS,Atropellamiento,Via resbaladiza o mojada,69,LESIONADO,NO_REGISTRA,OTRO,36,LESIONADO,HOMBRE,MOTOCICLETA,36,LESIONADO,MUJER,MOTOCICLETA
2024-05-02 04:27:54,-4.030863,-79.181539,Calle 18 de Noviembre,SOLO_DANOS,Incendio,Equipo de seguridad deficiente,,,,,,,,,,,,
2024-05-30 21:52:27,-3.980687,-79.172824,Via Loja - Zamora,SOLO_DANOS,Caida,Equipo de seguridad deficiente,,,,,,,,,,,,
2024-08-29 07:22:04,-4.019469,-79.229741,Av. 8 de Diciembre,CON_FALLECIDOS,Atropellamiento,Mal estado de la via,29,FALLECIDO,MUJER,MOTOCICLETA,78,FALLECIDO,HOMBRE,OTRO,28,LESIONADO,HOMBRE,MOTOCICLETA
2024-02-11 21:09:35,-4.003958,-79.179117,Av. Gran Colombia,CON_FALLECIDOS,Choque Vehicular,Falla mecanica,44,FALLECIDO,HOMBRE,CICLISTA,17,LESIONADO,HOMBRE,OTRO,70,LESIONADO,HOMBRE,PEATON
2024-03-30 19:45:02,-4.023169,-79.197133,Calle Quito,SOLO_DANOS,Colision Multiple,Exceso de velocidad,,,,,,,,,,,,
2024-01-01 07:27:54,-4.010456,-79.199569,Calle Rocafuerte,SOLO_DANOS,Incendio,Visibilidad reducida,,,,,,,,,,,,
2024-09-09 10:17:18,-3.986894,-79.183784,Calle 18 de Noviembre,CON_LESIONADOS,Volcamiento,Imprudencia del conductor,48,LESIONADO,NO_REGISTRA,VEH_LIVIANO,,,,,,,,
2024-12-07 18:08:59,-4.016653,-79.193925,Av. Metropolitana,SOLO_DANOS,Incendio,Distraccion (celular/radio),,,,,,,,,,,,
2024-01-14 15:47:21,-3.986110,-79.197839,Av. 8 de Diciembre,CON_LESIONADOS,Volcamiento,Mal estado de la via,44,LESIONADO,HOMBRE,CICLISTA,,,,,,,,
2024-02-08 23:03:08,-3.991717,-79.192516,Calle 10 de Agosto,CON_LESIONADOS,Accidente Laboral,Visibilidad reducida,56,LESIONADO,HOMBRE,PEATON,,,,,,,,
2024-02-13 00:50:43,-4.029726,-79.219435,Av. Reinaldo Espinosa,CON_LESIONADOS,Incendio,Visibilidad reducida,73,LESIONADO,HOMBRE,PEATON,,,,,,,,
2024-10-13 11:03:02,-3.995777,-79.211105,Calle 10 de Agosto,SOLO_DANOS,Volcamiento,Inobservancia de senales,,,,,,,,,,,,
2024-09-12 17:09:27,-3.997366,-79.209699,Calle Imbabura,SOLO_DANOS,Caida,Equipo de seguridad deficiente,,,,,,,,,,,,
2024-12-29 03:26:25,-3.988196,-79.186625,Calle Saraguro,CON_FALLECIDOS,Accidente Laboral,Fatiga del conductor,64,FALLECIDO,HOMBRE,VEH_LIVIANO,,,,,,,,
2024-02-28 11:31:54,-3.985366,-79.215713,Av. Universitaria,CON_FALLECIDOS,Volcamiento,Fatiga del conductor,65,FALLECIDO,MUJER,SCOOTER,73,FALLECIDO,NO_REGISTRA,CICLISTA,51,LESIONADO,MUJER,OTRO
2024-02-27 23:38:53,-4.023301,-79.230398,Calle Miguel Riofrio,CON_LESIONADOS,Choque Vehicular,Falla mecanica,22,LESIONADO,MUJER,PEATON,26,LESIONADO,MUJER,PEATON,,,,
2024-11-16 02:24:09,-3.999124,-79.221943,Av. 8 de Diciembre,CON_FALLECIDOS,Atropellamiento,Factores externos,79,FALLECIDO,HOMBRE,PEATON,75,FALLECIDO,HOMBRE,PEATON,,,,
2024-12-12 07:04:19,-3.994083,-79.172900,Calle Montufar,CON_FALLECIDOS,Atropellamiento,Imprudencia del conductor,82,FALLECIDO,MUJER,CICLISTA,,,,,,,,
2024-10-31 05:28:03,-4.036951,-79.198546,Calle Colon,CON_FALLECIDOS,Accidente Laboral,Imprudencia del conductor,26,FALLECIDO,HOMBRE,CICLISTA,,,,,,,,
2024-08-06 13:55:54,-4.034756,-79.174214,Av. Cuxibamba,CON_LESIONADOS,Volcamiento,Fatiga del conductor,26,LESIONADO,HOMBRE,PEATON,23,LESIONADO,NO_REGISTRA,SCOOTER,,,,
2024-05-07 22:05:40,-4.029411,-79.200857,Av. Universitaria,SOLO_DANOS,Choque Vehicular,Exceso de velocidad,,,,,,,,,,,,
2024-06-25 07:07:27,-4.003355,-79.207735,Av. Gran Colombia,CON_FALLECIDOS,Atropellamiento,Mal estado de la via,63,FALLECIDO,NO_REGISTRA,MOTOCICLETA,29,LESIONADO,HOMBRE,SCOOTER,,,,
2024-06-14 20:00:21,-4.028014,-79.224806,Calle Imbabura,CON_LESIONADOS,Atropellamiento,Mal estado de la via,49,LESIONADO,HOMBRE,OTRO,35,LESIONADO,HOMBRE,CICLISTA,59,LESIONADO,MUJER,MOTOCICLETA
2024-02-23 14:11:51,-4.016397,-79.227588,Av. Manuel Agustin Aguirre,SOLO_DANOS,Caida,Factores externos,,,,,,,,,,,,
2024-12-11 01:41:41,-4.012988,-79.215360,Av. Orillas del Zamora,CON_FALLECIDOS,Caida,Imprudencia del conductor,73,FALLECIDO,HOMBRE,PEATON,69,LESIONADO,NO_REGISTRA,MOTOCICLETA,,,,
2024-03-11 12:48:04,-3.997243,-79.202959,Calle Quito,CON_FALLECIDOS,Caida,Estado de embriaguez,70,FALLECIDO,HOMBRE,SCOOTER,36,FALLECIDO,MUJER,MOTOCICLETA,8,LESIONADO,NO_REGISTRA,SCOOTER
2024-08-31 15:08:40,-3.991052,-79.183006,Via Loja - Catamayo,CON_FALLECIDOS,Colision Multiple,Equipo de seguridad deficiente,47,FALLECIDO,HOMBRE,OTRO,83,FALLECIDO,HOMBRE,PEATON,,,,
2024-06-18 02:37:01,-4.030280,-79.177307,Calle Montufar,SOLO_DANOS,Incendio,Exceso de velocidad,,,,,,,,,,,,
2024-02-28 12:19:23,-4.002229,-79.184162,Calle Miguel Riofrio,SOLO_DANOS,Volcamiento,Exceso de velocidad,,,,,,,,,,,,
2024-06-23 01:14:18,-4.009814,-79.208732,Calle Miguel Riofrio,CON_FALLECIDOS,Volcamiento,Inobservancia de senales,41,FALLECIDO,NO_REGISTRA,OTRO,53,LESIONADO,NO_REGISTRA,CICLISTA,41,LESIONADO,MUJER,CICLISTA
2024-08-19 00:28:27,-4.012897,-79.201113,Calle Mercadillo,CON_FALLECIDOS,Caida,Visibilidad reducida,35,FALLECIDO,HOMBRE,SCOOTER,35,FALLECIDO,MUJER,VEH_LIVIANO,,,,
2024-05-04 16:43:21,-4.002596,-79.206274,Calle Quito,CON_FALLECIDOS,Caida,Visibilidad reducida,28,FALLECIDO,MUJER,MOTOCICLETA,68,LESIONADO,NO_REGISTRA,CICLISTA,,,,
2024-12-04 09:42:44,-4.006408,-79.197049,Calle 10 de Agosto,CON_FALLECIDOS,Choque Vehicular,Equipo de seguridad deficiente,39,FALLECIDO,NO_REGISTRA,VEH_LIVIANO,50,LESIONADO,MUJER,CICLISTA,80,LESIONADO,MUJER,MOTOCICLETA
2024-06-05 11:52:16,-4.028083,-79.181430,Via Loja - Zamora,CON_LESIONADOS,Caida,Imprudencia del conductor,53,LESIONADO,HOMBRE,PEATON,,,,,,,,
2024-12-17 13:37:20,-4.009214,-79.211023,Calle Saraguro,SOLO_DANOS,Accidente Laboral,Fatiga del conductor,,,,,,,,,,,,
2024-05-19 11:35:14,-3.985752,-79.187413,Calle 18 de Noviembre,CON_LESIONADOS,Volcamiento,Distraccion (celular/radio),51,LESIONADO,HOMBRE,OTRO,60,LESIONADO,HOMBRE,SCOOTER,25,LESIONADO,HOMBRE,OTRO
2024-05-03 04:25:51,-3.995319,-79.217272,Calle 18 de Noviembre,CON_LESIONADOS,Caida,Estado de embriaguez,43,LESIONADO,NO_REGISTRA,PEATON,24,LESIONADO,MUJER,CICLISTA,,,,
2024-12-17 16:42:32,-4.014449,-79.191374,Calle Azogues,CON_LESIONADOS,Choque Vehicular,Falla mecanica,27,LESIONADO,NO_REGISTRA,PEATON,,,,,,,,
2024-09-25 23:05:13,-4.006711,-79.218075,Calle Colon,SOLO_DANOS,Caida,Equipo de seguridad deficiente,,,,,,,,,,,,
2024-06-01 18:20:00,-4.021432,-79.195298,Calle Saraguro,SOLO_DANOS,Colision Multiple,Equipo de seguridad deficiente,,,,,,,,,,,,
2024-09-15 11:53:03,-4.016009,-79.182900,Ruta 35,SOLO_DANOS,Caida,Inobservancia de senales,,,,,,,,,,,,
2024-07-15 13:17:02,-4.019349,-79.223783,Av. Rosa Hermosa,CON_FALLECIDOS,Colision Multiple,Factores externos,57,FALLECIDO,MUJER,PEATON,72,FALLECIDO,MUJER,MOTOCICLETA,,,,
2024-09-08 22:09:50,-4.026573,-79.173174,Ruta 35,SOLO_DANOS,Accidente Laboral,Mal estado de la via,,,,,,,,,,,,
2024-10-27 07:01:28,-4.023954,-79.206184,Calle Ramon Borrero,SOLO_DANOS,Accidente Laboral,Via resbaladiza o mojada,,,,,,,,,,,,
2024-12-23 02:04:45,-4.001041,-79.211124,Calle 18 de Noviembre,CON_FALLECIDOS,Incendio,Visibilidad reducida,74,FALLECIDO,HOMBRE,VEH_LIVIANO,74,FALLECIDO,NO_REGISTRA,MOTOCICLETA,16,LESIONADO,NO_REGISTRA,VEH_LIVIANO
2024-06-28 00:05:53,-3.989139,-79.201856,Av. Cuxibamba,SOLO_DANOS,Choque Vehicular,Fatiga del conductor,,,,,,,,,,,,
2024-04-18 20:27:45,-3.981835,-79.174449,Av. Manuel Agustin Aguirre,CON_LESIONADOS,Volcamiento,Visibilidad reducida,18,LESIONADO,NO_REGISTRA,CICLISTA,62,LESIONADO,NO_REGISTRA,SCOOTER,35,LESIONADO,MUJER,OTRO
2024-04-24 15:42:48,-3.992943,-79.212311,Calle Mercadillo,CON_FALLECIDOS,Atropellamiento,Falla mecanica,31,FALLECIDO,NO_REGISTRA,PEATON,60,LESIONADO,HOMBRE,PEATON,30,LESIONADO,HOMBRE,OTRO
2024-09-10 23:34:09,-4.000447,-79.229277,Av. Cuxibamba,CON_FALLECIDOS,Choque Vehicular,Fatiga del conductor,55,FALLECIDO,NO_REGISTRA,PEATON,28,LESIONADO,NO_REGISTRA,SCOOTER,,,,
2024-07-26 11:17:10,-4.028786,-79.180003,Av. Orillas del Zamora,SOLO_DANOS,Volcamiento,Exceso de velocidad,,,,,,,,,,,,
2024-02-04 00:27:44,-3.997184,-79.220519,Av. Cuxibamba,CON_FALLECIDOS,Atropellamiento,Via resbaladiza o mojada,28,FALLECIDO,NO_REGISTRA,VEH_LIVIANO,55,FALLECIDO,HOMBRE,VEH_LIVIANO,42,LESIONADO,NO_REGISTRA,SCOOTER
2024-12-11 08:43:35,-4.023424,-79.215950,Calle Colon,CON_LESIONADOS,Volcamiento,Inobservancia de senales,21,LESIONADO,NO_REGISTRA,VEH_LIVIANO,18,LESIONADO,NO_REGISTRA,OTRO,53,LESIONADO,MUJER,SCOOTER
2024-03-23 14:19:58,-3.996214,-79.188718,Calle Imbabura,SOLO_DANOS,Choque Vehicular,Fatiga del conductor,,,,,,,,,,,,
2024-11-21 14:11:06,-3.995427,-79.199563,Via Loja - Catamayo,CON_FALLECIDOS,Incendio,Equipo de seguridad deficiente,39,FALLECIDO,MUJER,CICLISTA,16,LESIONADO,HOMBRE,PEATON,,,,
2024-01-31 01:36:49,-3.983141,-79.195836,Av. Universitaria,CON_FALLECIDOS,Colision Multiple,Visibilidad reducida,64,FALLECIDO,MUJER,PEATON,,,,,,,,
2024-12-09 02:52:12,-4.004016,-79.214298,Av. Rosa Hermosa,CON_LESIONADOS,Caida,Distraccion (celular/radio),14,LESIONADO,MUJER,PEATON,71,LESIONADO,MUJER,VEH_LIVIANO,12,LESIONADO,MUJER,CICLISTA
2024-06-08 01:15:16,-3.993425,-79.194974,Av. Universitaria,SOLO_DANOS,Volcamiento,Mal estado de la via,,,,,,,,,,,,
2024-09-25 10:12:12,-3.990621,-79.173620,Calle Imbabura,CON_FALLECIDOS,Accidente Laboral,Imprudencia del conductor,77,FALLECIDO,NO_REGISTRA,CICLISTA,69,LESIONADO,HOMBRE,MOTOCICLETA,61,LESIONADO,MUJER,CICLISTA
2024-04-12 14:23:16,-3.989341,-79.194560,Via Loja - Zamora,CON_LESIONADOS,Choque Vehicular,Imprudencia del conductor,48,LESIONADO,NO_REGISTRA,SCOOTER,32,LESIONADO,HOMBRE,CICLISTA,43,LESIONADO,MUJER,VEH_LIVIANO
2024-09-22 02:54:57,-4.017827,-79.184917,Av. Gran Colombia,CON_LESIONADOS,Atropellamiento,Estado de embriaguez,64,LESIONADO,MUJER,PEATON,,,,,,,,
2024-03-08 20:29:20,-4.004440,-79.195617,Calle 18 de Noviembre,CON_LESIONADOS,Incendio,Mal estado de la via,32,LESIONADO,HOMBRE,CICLISTA,37,LESIONADO,MUJER,MOTOCICLETA,51,LESIONADO,NO_REGISTRA,OTRO
2024-10-29 07:43:31,-4.003099,-79.220832,Via Loja - Zamora,CON_LESIONADOS,Accidente Laboral,Distraccion (celular/radio),29,LESIONADO,HOMBRE,MOTOCICLETA,,,,,,,,
2024-10-04 05:30:19,-3.990944,-79.206935,Av. 8 de Diciembre,CON_FALLECIDOS,Choque Vehicular,Exceso de velocidad,44,FALLECIDO,NO_REGISTRA,OTRO,9,LESIONADO,MUJER,VEH_LIVIANO,,,,
2024-02-17 21:53:28,-3.989430,-79.218630,Via Loja - Zamora,CON_FALLECIDOS,Choque Vehicular,Inobservancia de senales,50,FALLECIDO,HOMBRE,PEATON,71,FALLECIDO,HOMBRE,MOTOCICLETA,,,,
2024-09-06 09:04:55,-4.031027,-79.195857,Calle Ramon Borrero,CON_FALLECIDOS,Choque Vehicular,Mal estado de la via,36,FALLECIDO,MUJER,MOTOCICLETA,73,FALLECIDO,MUJER,VEH_LIVIANO,34,LESIONADO,NO_REGISTRA,SCOOTER
2024-04-22 15:19:16,-3.997715,-79.194386,Av. 8 de Diciembre,CON_LESIONADOS,Colision Multiple,Equipo de seguridad deficiente,26,LESIONADO,HOMBRE,OTRO,,,,,,,,
2024-12-18 17:36:47,-4.009846,-79.174201,Av. Manuel Agustin Aguirre,SOLO_DANOS,Accidente Laboral,Imprudencia del conductor,54,LESIONADO,MUJER,CICLISTA,,,,,,,,
2024-04-03 15:24:51,-4.019924,-79.183537,Calle 10 de Agosto,CON_FALLECIDOS,Caida,Factores externos,45,FALLECIDO,HOMBRE,PEATON,24,LESIONADO,HOMBRE,SCOOTER,58,LESIONADO,MUJER,MOTOCICLETA
2024-04-24 11:27:23,-4.032840,-79.190615,Calle Ramon Borrero,SOLO_DANOS,Atropellamiento,Equipo de seguridad deficiente,,,,,,,,,,,,
2024-01-11 23:21:23,-3.998757,-79.190678,Av. Reinaldo Espinosa,CON_LESIONADOS,Choque Vehicular,Estado de embriaguez,45,LESIONADO,HOMBRE,SCOOTER,,,,,,,,
2024-03-06 00:16:17,-4.033341,-79.218409,Calle 18 de Noviembre,SOLO_DANOS,Incendio,Via resbaladiza o mojada,,,,,,,,,,,,
2024-11-02 23:12:52,-4.026818,-79.220737,Calle Mercadillo,CON_FALLECIDOS,Colision Multiple,Inobservancia de senales,59,FALLECIDO,MUJER,OTRO,21,FALLECIDO,HOMBRE,MOTOCICLETA,33,LESIONADO,HOMBRE,CICLISTA
2024-07-16 06:19:18,-4.032943,-79.187875,Calle Miguel Riofrio,CON_FALLECIDOS,Accidente Laboral,Equipo de seguridad deficiente,70,FALLECIDO,HOMBRE,CICLISTA,22,LESIONADO,MUJER,PEATON,13,LESIONADO,MUJER,OTRO
2024-06-23 00:12:15,-3.984579,-79.195087,Calle 18 de Noviembre,SOLO_DANOS,Atropellamiento,Imprudencia del conductor,,,,,,,,,,,,
2024-05-08 05:13:52,-3.985738,-79.181849,Calle 18 de Noviembre,CON_LESIONADOS,Atropellamiento,Imprudencia del conductor,63,LESIONADO,NO_REGISTRA,MOTOCICLETA,9,LESIONADO,MUJER,OTRO,56,LESIONADO,MUJER,CICLISTA
2024-06-05 14:20:30,-4.026893,-79.182311,Av. Cuxibamba,SOLO_DANOS,Accidente Laboral,Estado de embriaguez,,,,,,,,,,,,
2024-07-15 04:26:24,-4.008343,-79.216468,Av. Universitaria,SOLO_DANOS,Colision Multiple,Via resbaladiza o mojada,,,,,,,,,,,,
2024-06-09 06:00:05,-3.997386,-79.188605,Av. Manuel Agustin Aguirre,SOLO_DANOS,Choque Vehicular,Exceso de velocidad,,,,,,,,,,,,
2024-10-12 09:04:53,-4.008971,-79.189607,Calle Miguel Riofrio,CON_FALLECIDOS,Accidente Laboral,Imprudencia del conductor,85,FALLECIDO,HOMBRE,PEATON,82,FALLECIDO,HOMBRE,SCOOTER,,,,
2024-10-06 12:00:55,-3.983382,-79.190522,Av. Orillas del Zamora,SOLO_DANOS,Caida,Fatiga del conductor,,,,,,,,,,,,
2024-05-10 21:46:16,-3.982677,-79.213544,Calle Sucre,SOLO_DANOS,Volcamiento,Via resbaladiza o mojada,,,,,,,,,,,,
2024-09-04 09:59:43,-3.978658,-79.221029,Av. Pio Jaramillo,CON_FALLECIDOS,Atropellamiento,Falla mecanica,35,FALLECIDO,NO_REGISTRA,CICLISTA,,,,,,,,
2024-05-30 11:16:13,-3.999614,-79.199270,Calle Sucre,CON_FALLECIDOS,Colision Multiple,Visibilidad reducida,72,FALLECIDO,NO_REGISTRA,PEATON,39,FALLECIDO,HOMBRE,CICLISTA,,,,
2024-08-13 19:34:08,-4.020532,-79.216107,Ruta 35,CON_LESIONADOS,Caida,Fatiga del conductor,31,LESIONADO,NO_REGISTRA,SCOOTER,,,,,,,,
2024-08-11 05:34:07,-4.020106,-79.199114,Calle Imbabura,CON_LESIONADOS,Caida,Imprudencia del conductor,63,LESIONADO,MUJER,CICLISTA,39,LESIONADO,NO_REGISTRA,MOTOCICLETA,45,LESIONADO,HOMBRE,OTRO
2024-08-05 22:07:31,-3.977942,-79.180177,Calle Rocafuerte,CON_FALLECIDOS,Choque Vehicular,Falla mecanica,47,FALLECIDO,MUJER,VEH_LIVIANO,56,FALLECIDO,NO_REGISTRA,PEATON,,,,
2024-06-01 02:05:47,-4.033745,-79.229386,Av. Rosa Hermosa,SOLO_DANOS,Caida,Via resbaladiza o mojada,,,,,,,,,,,,
2024-10-01 08:46:12,-4.025164,-79.219412,Calle Saraguro,SOLO_DANOS,Atropellamiento,Inobservancia de senales,,,,,,,,,,,,
2024-01-06 06:32:30,-4.029087,-79.201483,Av. Reinaldo Espinosa,SOLO_DANOS,Caida,Estado de embriaguez,72,LESIONADO,NO_REGISTRA,VEH_LIVIANO,,,,,,,,
2024-06-30 23:20:53,-4.020516,-79.191562,Calle Miguel Riofrio,CON_LESIONADOS,Caida,Visibilidad reducida,56,LESIONADO,MUJER,MOTOCICLETA,74,LESIONADO,HOMBRE,VEH_LIVIANO,17,LESIONADO,MUJER,VEH_LIVIANO
2024-03-25 16:48:27,-4.000721,-79.198993,Calle Quito,SOLO_DANOS,Colision Multiple,Distraccion (celular/radio),69,LESIONADO,MUJER,VEH_LIVIANO,,,,,,,,
2024-05-31 04:54:11,-4.018395,-79.191134,Calle Rocafuerte,CON_FALLECIDOS,Colision Multiple,Visibilidad reducida,72,FALLECIDO,MUJER,OTRO,67,FALLECIDO,NO_REGISTRA,OTRO,21,LESIONADO,HOMBRE,CICLISTA
2024-05-22 06:54:52,-4.017153,-79.220279,Calle Colon,CON_FALLECIDOS,Atropellamiento,Factores externos,32,FALLECIDO,MUJER,MOTOCICLETA,38,LESIONADO,HOMBRE,SCOOTER,,,,
2024-11-20 12:55:58,-4.035111,-79.183728,Calle 10 de Agosto,CON_LESIONADOS,Choque Vehicular,Mal estado de la via,7,LESIONADO,NO_REGISTRA,MOTOCICLETA,24,LESIONADO,NO_REGISTRA,PEATON,51,LESIONADO,HOMBRE,OTRO
2024-05-24 08:45:08,-3.982606,-79.206364,Calle Azogues,CON_LESIONADOS,Incendio,Exceso de velocidad,32,LESIONADO,HOMBRE,MOTOCICLETA,,,,,,,,
2024-11-04 03:59:41,-4.006091,-79.230265,Av. Orillas del Zamora,CON_LESIONADOS,Atropellamiento,Distraccion (celular/radio),62,LESIONADO,MUJER,VEH_LIVIANO,,,,,,,,