fecha_hora,latitud,longitud,via,grado_severidad,tipo_siniestro,causa_probable,victima1_edad,victima1_condicion,victima1_sexo,victima1_actor_vial,victima2_edad,victima2_condicion,victima2_sexo,victima2_actor_vial,victima3_edad,victima3_condicion,victima3_sexo,victima3_actor_vial
2024-11-16 04:06:38,-4.022601,-79.199826,Calle Ramon Borrero,CON_FALLECIDOS,Atropellamiento,Imprudencia del conductor,44,FALLECIDO,MUJER,PEATON,,,,,,,,
2024-06-01 12:54:22,-3.977220,-79.191602,Av. Cuxibamba,CON_FALLECIDOS,Choque Vehicular,Mal estado de la via,39,FALLECIDO,MUJER,PEATON,45,LESIONADO,NO_REGISTRA,PEATON,,,,
2024-01-14 13:02:42,-4.000308,-79.201201,Via Loja - Catamayo,CON_FALLECIDOS,Accidente Laboral,Falla mecanica,68,FALLECIDO,HOMBRE,OTRO,55,LESIONADO,MUJER,CICLISTA,,,,
2024-06-12 14:58:26,-3.987223,-79.221564,Calle 18 de Noviembre,SOLO_DANOS,Accidente Laboral,Factores externos,75,LESIONADO,HOMBRE,SCOOTER,,,,,,,,
2024-01-06 00:33:26,-3.993595,-79.190723,Av. Gran Colombia,SOLO_DANOS,Volcamiento,Distraccion (celular/radio),,,,,,,,,,,,
2024-08-30 09:25:41,-3.980058,-79.223405,Calle Montufar,SOLO_DANOS,Choque Vehicular,Via resbaladiza o mojada,,,,,,,,,,,,
2024-04-16 05:59:18,-3.985198,-79.202658,Av. Gran Colombia,CON_LESIONADOS,Atropellamiento,Equipo de seguridad deficiente,70,LESIONADO,NO_REGISTRA,SCOOTER,24,LESIONADO,MUJER,SCOOTER,75,LESIONADO,MUJER,MOTOCICLETA
2024-08-27 22:24:58,-4.033630,-79.209283,Calle Rocafuerte,CON_FALLECIDOS,Caida,Fatiga del conductor,42,FALLECIDO,MUJER,MOTOCICLETA,35,FALLECIDO,HOMBRE,VEH_LIVIANO,13,LESIONADO,HOMBRE,SCOOTER
2024-01-09 14:04:41,-4.012909,-79.191626,Calle Mercadillo,CON_LESIONADOS,Caida,Via resbaladiza o mojada,19,LESIONADO,HOMBRE,PEATON,27,LESIONADO,MUJER,OTRO,,,,
2024-08-23 08:34:55,-3.984754,-79.206410,Av. Universitaria,CON_LESIONADOS,Choque Vehicular,Visibilidad reducida,16,LESIONADO,NO_REGISTRA,PEATON,12,LESIONADO,MUJER,VEH_LIVIANO,,,,
2024-08-06 14:58:03,-4.027533,-79.172060,Calle 10 de Agosto,SOLO_DANOS,Incendio,Estado de embriaguez,,,,,,,,,,,,
2024-06-24 04:16:49,-4.016115,-79.176754,Av. Orillas del Zamora,SOLO_DANOS,Volcamiento,Imprudencia del conductor,,,,,,,,,,,,
2024-08-20 19:31:28,-3.982898,-79.207254,Calle Azogues,SOLO_DANOS,Volcamiento,Distraccion (celular/radio),,,,,,,,,,,,
2024-03-30 05:29:25,-3.993930,-79.175839,Av. Metropolitana,CON_FALLECIDOS,Caida,Equipo de seguridad deficiente,48,FALLECIDO,NO_REGISTRA,MOTOCICLETA,,,,,,,,
2024-11-17 06:48:24,-3.995264,-79.176209,Calle Rocafuerte,CON_LESIONADOS,Volcamiento,Visibilidad reducida,70,LESIONADO,NO_REGISTRA,PEATON,55,LESIONADO,NO_REGISTRA,SCOOTER,78,LESIONADO,NO_REGISTRA,PEATON
2024-09-13 01:31:01,-3.993741,-79.210223,Via Loja - Zamora,SOLO_DANOS,Accidente Laboral,Factores externos,,,,,,,,,,,,
2024-04-27 22:36:26,-3.991098,-79.224655,Calle Bolivar,SOLO_DANOS,Choque Vehicular,Factores externos,,,,,,,,,,,,
2024-08-25 06:09:47,-4.028615,-79.223888,Calle Saraguro,CON_FALLECIDOS,Choque Vehicular,Exceso de velocidad,81,FALLECIDO,MUJER,MOTOCICLETA,53,FALLECIDO,HOMBRE,VEH_LIVIANO,31,LESIONADO,MUJER,VEH_LIVIANO
2024-11-17 08:21:32,-3.983681,-79.195865,Av. Manuel Agustin Aguirre,CON_LESIONADOS,Incendio,Mal estado de la via,79,LESIONADO,HOMBRE,CICLISTA,,,,,,,,
2024-07-25 13:41:25,-4.017339,-79.208082,Calle Ramon Borrero,CON_FALLECIDOS,Accidente Laboral,Factores externos,43,FALLECIDO,NO_REGISTRA,VEH_LIVIANO,57,FALLECIDO,MUJER,CICLISTA,,,,
2024-05-06 12:14:29,-4.021371,-79.216305,Calle Mercadillo,CON_LESIONADOS,Colision Multiple,Estado de embriaguez,50,LESIONADO,NO_REGISTRA,CICLISTA,8,LESIONADO,MUJER,VEH_LIVIANO,14,LESIONADO,MUJER,VEH_LIVIANO
2024-10-02 02:03:49,-4.030778,-79.194065,Calle Montufar,CON_FALLECIDOS,Incendio,Factores externos,65,FALLECIDO,NO_REGISTRA,CICLISTA,83,FALLECIDO,HOMBRE,SCOOTER,13,LESIONADO,HOMBRE,OTRO
2024-05-03 07:11:56,-3.997310,-79.223808,Av. Pio Jaramillo,CON_LESIONADOS,Choque Vehicular,Mal estado de la via,26,LESIONADO,HOMBRE,CICLISTA,47,LESIONADO,MUJER,MOTOCICLETA,,,,
2024-08-23 10:48:21,-3.993261,-79.218999,Av. Metropolitana,CON_FALLECIDOS,Choque Vehicular,Via resbaladiza o mojada,64,FALLECIDO,HOMBRE,OTRO,40,LESIONADO,NO_REGISTRA,OTRO,,,,
2024-01-28 04:22:39,-4.003562,-79.185341,Av. Metropolitana,CON_FALLECIDOS,Choque Vehicular,Visibilidad reducida,69,FALLECIDO,NO_REGISTRA,CICLISTA,62,FALLECIDO,HOMBRE,PEATON,11,LESIONADO,HOMBRE,MOTOCICLETA
2024-03-05 04:54:01,-4.004247,-79.175825,Via Loja - Catamayo,SOLO_DANOS,Colision Multiple,Imprudencia del conductor,,,,,,,,,,,,
2024-07-28 05:27:26,-4.019556,-79.224859,Calle 18 de Noviembre,CON_FALLECIDOS,Colision Multiple,Mal estado de la via,49,FALLECIDO,MUJER,CICLISTA,63,FALLECIDO,HOMBRE,OTRO,,,,
2024-08-13 17:36:37,-4.024729,-79.210397,Av. Manuel Agustin Aguirre,CON_FALLECIDOS,Incendio,Inobservancia de senales,27,FALLECIDO,HOMBRE,VEH_LIVIANO,33,FALLECIDO,HOMBRE,PEATON,44,LESIONADO,HOMBRE,OTRO
2024-11-08 16:10:55,-3.982957,-79.176699,Av. Metropolitana,CON_LESIONADOS,Incendio,Distraccion (celular/radio),53,LESIONADO,MUJER,PEATON,46,LESIONADO,HOMBRE,PEATON,,,,
2024-02-10 19:42:30,-3.979399,-79.191208,Calle 10 de Agosto,SOLO_DANOS,Atropellamiento,Visibilidad reducida,,,,,,,,,,,,
2024-08-21 15:19:44,-4.030138,-79.224076,Av. Gran Colombia,SOLO_DANOS,Colision Multiple,Equipo de seguridad deficiente,,,,,,,,,,,,
2024-07-30 00:36:01,-4.021552,-79.205879,Calle Quito,CON_LESIONADOS,Volcamiento,Mal estado de la via,30,LESIONADO,HOMBRE,OTRO,63,LESIONADO,HOMBRE,MOTOCICLETA,34,LESIONADO,HOMBRE,PEATON
2024-07-06 13:49:30,-4.025737,-79.179541,Av. Manuel Agustin Aguirre,SOLO_DANOS,Accidente Laboral,Exceso de velocidad,,,,,,,,,,,,
2024-01-07 20:29:10,-4.022412,-79.184716,Via Loja - Zamora,CON_LESIONADOS,Colision Multiple,Via resbaladiza o mojada,12,LESIONADO,HOMBRE,CICLISTA,49,LESIONADO,NO_REGISTRA,SCOOTER,77,LESIONADO,HOMBRE,SCOOTER
2024-11-18 17:25:15,-4.036990,-79.199494,Av. Universitaria,SOLO_DANOS,Choque Vehicular,Factores externos,74,LESIONADO,NO_REGISTRA,SCOOTER,,,,,,,,
2024-12-04 21:09:51,-3.977927,-79.181709,Calle 10 de Agosto,CON_FALLECIDOS,Atropellamiento,Imprudencia del conductor,77,FALLECIDO,NO_REGISTRA,MOTOCICLETA,61,FALLECIDO,MUJER,CICLISTA,,,,
2024-12-02 09:39:08,-4.008342,-79.192880,Calle 18 de Noviembre,CON_LESIONADOS,Volcamiento,Visibilidad reducida,27,LESIONADO,NO_REGISTRA,OTRO,,,,,,,,
2024-04-25 02:46:20,-4.004522,-79.220216,Calle Miguel Riofrio,CON_FALLECIDOS,Volcamiento,Imprudencia del conductor,77,FALLECIDO,NO_REGISTRA,OTRO,,,,,,,,
2024-08-16 12:29:22,-3.993713,-79.205632,Av. Universitaria,SOLO_DANOS,Accidente Laboral,Exceso de velocidad,,,,,,,,,,,,
2024-03-28 20:32:12,-4.026905,-79.213844,Calle Quito,SOLO_DANOS,Choque Vehicular,Via resbaladiza o mojada,,,,,,,,,,,,
2024-01-10 01:37:31,-3.995397,-79.191356,Calle Saraguro,CON_FALLECIDOS,Atropellamiento,Estado de embriaguez,19,FALLECIDO,NO_REGISTRA,VEH_LIVIANO,45,LESIONADO,HOMBRE,SCOOTER,79,LESIONADO,MUJER,VEH_LIVIANO
2024-03-21 07:58:43,-4.017292,-79.196113,Calle 10 de Agosto,CON_FALLECIDOS,Volcamiento,Inobservancia de senales,63,FALLECIDO,MUJER,CICLISTA,77,FALLECIDO,HOMBRE,CICLISTA,28,LESIONADO,NO_REGISTRA,VEH_LIVIANO
2024-09-20 03:49:18,-4.020019,-79.182783,Calle 18 de Noviembre,SOLO_DANOS,Volcamiento,Visibilidad reducida,,,,,,,,,,,,
2024-05-17 10:24:51,-4.023134,-79.210476,Av. Reinaldo Espinosa,CON_LESIONADOS,Accidente Laboral,Falla mecanica,40,LESIONADO,HOMBRE,CICLISTA,57,LESIONADO,HOMBRE,OTRO,,,,
2024-08-14 16:15:29,-4.003042,-79.196669,Calle Mercadillo,CON_FALLECIDOS,Colision Multiple,Via resbaladiza o mojada,45,FALLECIDO,NO_REGISTRA,CICLISTA,28,FALLECIDO,HOMBRE,OTRO,,,,
2024-01-24 23:09:45,-4.004843,-79.198479,Av. Pio Jaramillo,SOLO_DANOS,Incendio,Equipo de seguridad deficiente,,,,,,,,,,,,
2024-03-28 05:37:27,-4.000092,-79.215109,Calle Azogues,SOLO_DANOS,Volcamiento,Exceso de velocidad,,,,,,,,,,,,
2024-08-31 08:15:45,-3.993708,-79.216464,Av. Reinaldo Espinosa,CON_FALLECIDOS,Caida,Mal estado de la via,77,FALLECIDO,MUJER,MOTOCICLETA,82,FALLECIDO,HOMBRE,CICLISTA,27,LESIONADO,NO_REGISTRA,VEH_LIVIANO
2024-11-11 09:25:14,-4.020904,-79.175902,Calle Miguel Riofrio,CON_FALLECIDOS,Incendio,Equipo de seguridad deficiente,70,FALLECIDO,HOMBRE,CICLISTA,41,FALLECIDO,HOMBRE,CICLISTA,,,,
2024-06-29 02:10:04,-4.029568,-79.201872,Av. Universitaria,SOLO_DANOS,Incendio,Visibilidad reducida,9,LESIONADO,MUJER,CICLISTA,,,,,,,,
2024-01-13 08:46:12,-3.986611,-79.208627,Calle Bolivar,CON_LESIONADOS,Volcamiento,Distraccion (celular/radio),66,LESIONADO,HOMBRE,SCOOTER,7,LESIONADO,HOMBRE,PEATON,,,,
2024-04-18 16:41:29,-4.034554,-79.186943,Av. Metropolitana,CON_LESIONADOS,Accidente Laboral,Factores externos,76,LESIONADO,MUJER,PEATON,63,LESIONADO,NO_REGISTRA,MOTOCICLETA,77,LESIONADO,NO_REGISTRA,MOTOCICLETA
2024-08-03 03:53:42,-4.019323,-79.217093,Av. Pio Jaramillo,CON_FALLECIDOS,Caida,Distraccion (celular/radio),65,FALLECIDO,NO_REGISTRA,SCOOTER,64,LESIONADO,MUJER,MOTOCICLETA,,,,
2024-05-13 20:33:51,-3.979642,-79.215903,Calle Quito,CON_FALLECIDOS,Accidente Laboral,Exceso de velocidad,29,FALLECIDO,HOMBRE,CICLISTA,,,,,,,,
2024-06-08 03:38:24,-4.003147,-79.226548,Av. Orillas del Zamora,SOLO_DANOS,Colision Multiple,Equipo de seguridad deficiente,,,,,,,,,,,,
2024-08-10 05:50:19,-4.013154,-79.226681,Calle Imbabura,SOLO_DANOS,Incendio,Inobservancia de senales,,,,,,,,,,,,
2024-04-15 11:07:21,-4.012780,-79.226333,Calle Azogues,CON_LESIONADOS,Choque Vehicular,Mal estado de la via,72,LESIONADO,MUJER,CICLISTA,69,LESIONADO,MUJER,VEH_LIVIANO,75,LESIONADO,NO_REGISTRA,VEH_LIVIANO
2024-08-26 20:41:14,-4.033317,-79.203015,Ruta 35,CON_FALLECIDOS,Atropellamiento,Mal estado de la via,46,FALLECIDO,HOMBRE,VEH_LIVIANO,20,FALLECIDO,MUJER,OTRO,71,LESIONADO,HOMBRE,PEATON
2024-11-04 14:34:05,-4.000230,-79.187747,Calle Colon,CON_LESIONADOS,Volcamiento,Via resbaladiza o mojada,50,LESIONADO,HOMBRE,PEATON,,,,,,,,
2024-08-29 18:59:31,-4.021030,-79.192717,Calle Miguel Riofrio,CON_LESIONADOS,Accidente Laboral,Fatiga del conductor,66,LESIONADO,NO_REGISTRA,VEH_LIVIANO,24,LESIONADO,HOMBRE,OTRO,52,LESIONADO,NO_REGISTRA,OTRO
2024-06-13 16:24:44,-4.032798,-79.183254,Av. Reinaldo Espinosa,SOLO_DANOS,Colision Multiple,Visibilidad reducida,,,,,,,,,,,,
2024-10-30 21:54:53,-4.006434,-79.190017,Av. Isidro Ayora,SOLO_DANOS,Incendio,Imprudencia del conductor,,,,,,,,,,,,
2024-10-05 05:24:05,-4.035605,-79.223262,Calle 18 de Noviembre,CON_FALLECIDOS,Colision Multiple,Inobservancia de senales,32,FALLECIDO,HOMBRE,SCOOTER,44,LESIONADO,MUJER,CICLISTA,67,LESIONADO,HOMBRE,PEATON
2024-01-08 20:40:21,-4.025964,-79.207911,Calle Quito,SOLO_DANOS,Incendio,Estado de embriaguez,,,,,,,,,,,,
2024-01-09 12:33:52,-3.982860,-79.221394,Calle Quito,CON_LESIONADOS,Accidente Laboral,Via resbaladiza o mojada,65,LESIONADO,NO_REGISTRA,MOTOCICLETA,,,,,,,,
2024-02-19 12:55:53,-4.014878,-79.174454,Via Loja - Catamayo,CON_LESIONADOS,Choque Vehicular,Mal estado de la via,36,LESIONADO,HOMBRE,OTRO,19,LESIONADO,NO_REGISTRA,MOTOCICLETA,,,,
2024-07-16 03:53:41,-4.012382,-79.226115,Calle Imbabura,CON_LESIONADOS,Accidente Laboral,Estado de embriaguez,39,LESIONADO,MUJER,CICLISTA,,,,,,,,
2024-02-05 22:51:09,-4.007926,-79.224532,Calle Ramon Borrero,CON_FALLECIDOS,Caida,Factores externos,46,FALLECIDO,NO_REGISTRA,MOTOCICLETA,82,FALLECIDO,MUJER,MOTOCICLETA,56,LESIONADO,MUJER,CICLISTA
2024-08-19 04:35:11,-4.001991,-79.212238,Calle 10 de Agosto,CON_FALLECIDOS,Atropellamiento,Visibilidad reducida,69,FALLECIDO,MUJER,SCOOTER,45,FALLECIDO,MUJER,PEATON,20,LESIONADO,NO_REGISTRA,SCOOTER
2024-02-22 04:55:08,-4.008904,-79.225002,Via Loja - Catamayo,CON_LESIONADOS,Accidente Laboral,Factores externos,6,LESIONADO,MUJER,VEH_LIVIANO,,,,,,,,
2024-11-17 07:46:24,-3.983183,-79.187678,Calle Imbabura,SOLO_DANOS,Accidente Laboral,Exceso de velocidad,,,,,,,,,,,,
2024-09-13 16:50:40,-3.995685,-79.210637,Av. Manuel Agustin Aguirre,SOLO_DANOS,Atropellamiento,Via resbaladiza o mojada,,,,,,,,,,,,
2024-07-24 18:21:28,-4.003816,-79.220496,Av. Isidro Ayora,CON_FALLECIDOS,Accidente Laboral,Visibilidad reducida,64,FALLECIDO,NO_REGISTRA,OTRO,78,FALLECIDO,MUJER,VEH_LIVIANO,65,LESIONADO,HOMBRE,CICLISTA
2024-01-07 22:52:37,-4.028363,-79.215199,Via Loja - Zamora,SOLO_DANOS,Accidente Laboral,Fatiga del conductor,,,,,,,,,,,,
2024-06-18 03:26:17,-4.011076,-79.173857,Calle 18 de Noviembre,CON_LESIONADOS,Atropellamiento,Via resbaladiza o mojada,79,LESIONADO,MUJER,PEATON,,,,,,,,
2024-10-18 04:09:01,-4.000242,-79.227575,Calle 10 de Agosto,SOLO_DANOS,Choque Vehicular,Imprudencia del conductor,47,LESIONADO,NO_REGISTRA,CICLISTA,,,,,,,,
2024-03-23 19:11:28,-3.994184,-79.180989,Calle Azogues,CON_FALLECIDOS,Choque Vehicular,Estado de embriaguez,41,FALLECIDO,HOMBRE,SCOOTER,62,FALLECIDO,NO_REGISTRA,OTRO,,,,
2024-04-26 00:44:51,-4.004803,-79.171672,Calle 18 de Noviembre,CON_LESIONADOS,Colision Multiple,Visibilidad reducida,24,LESIONADO,NO_REGISTRA,VEH_LIVIANO,,,,,,,,
2024-10-07 22:41:07,-3.986749,-79.172886,Av. Pio Jaramillo,SOLO_DANOS,Colision Multiple,Estado de embriaguez,,,,,,,,,,,,
2024-01-19 06:02:25,-3.997199,-79.185979,Av. Gran Colombia,CON_FALLECIDOS,Incendio,Imprudencia del conductor,38,FALLECIDO,NO_REGISTRA,OTRO,36,LESIONADO,HOMBRE,VEH_LIVIANO,18,LESIONADO,MUJER,PEATON
2024-07-04 04:54:25,-4.020289,-79.214003,Av. 8 de Diciembre,SOLO_DANOS,Accidente Laboral,Exceso de velocidad,,,,,,,,,,,,
2024-05-27 11:46:36,-3.982059,-79.196510,Ruta 35,CON_FALLECIDOS,Atropellamiento,Distraccion (celular/radio),53,FALLECIDO,HOMBRE,SCOOTER,36,FALLECIDO,MUJER,OTRO,31,LESIONADO,NO_REGISTRA,CICLISTA
2024-11-09 05:48:22,-4.002688,-79.190530,Av. Cuxibamba,CON_LESIONADOS,Colision Multiple,Mal estado de la via,22,LESIONADO,MUJER,VEH_LIVIANO,,,,,,,,
2024-03-13 04:30:16,-4.006189,-79.172136,Av. Reinaldo Espinosa,CON_LESIONADOS,Choque Vehicular,Equipo de seguridad deficiente,58,LESIONADO,NO_REGISTRA,VEH_LIVIANO,38,LESIONADO,HOMBRE,MOTOCICLETA,39,LESIONADO,MUJER,PEATON
2024-01-16 15:11:04,-3.992616,-79.177511,Calle Ramon Borrero,CON_FALLECIDOS,Accidente Laboral,Mal estado de la via,78,FALLECIDO,NO_REGISTRA,OTRO,84,FALLECIDO,NO_REGISTRA,OTRO,26,LESIONADO,MUJER,VEH_LIVIANO
2024-06-23 23:04:57,-4.004806,-79.220084,Calle 10 de Agosto,CON_LESIONADOS,Volcamiento,Visibilidad reducida,27,LESIONADO,HOMBRE,CICLISTA,56,LESIONADO,NO_REGISTRA,PEATON,78,LESIONADO,HOMBRE,SCOOTER
2024-02-19 19:12:52,-3.990488,-79.207819,Av. 8 de Diciembre,CON_FALLECIDOS,Atropellamiento,Falla mecanica,55,FALLECIDO,HOMBRE,OTRO,65,FALLECIDO,HOMBRE,MOTOCICLETA,,,,
2024-09-14 02:40:00,-3.986808,-79.209497,Av. Pio Jaramillo,SOLO_DANOS,Colision Multiple,Fatiga del conductor,,,,,,,,,,,,
2024-11-29 15:52:01,-4.001999,-79.180790,Av. Isidro Ayora,CON_LESIONADOS,Caida,Exceso de velocidad,49,LESIONADO,HOMBRE,MOTOCICLETA,10,LESIONADO,NO_REGISTRA,VEH_LIVIANO,,,,
2024-02-05 09:15:33,-3.988217,-79.171135,Av. Isidro Ayora,CON_FALLECIDOS,Atropellamiento,Mal estado de la via,38,FALLECIDO,HOMBRE,CICLISTA,24,FALLECIDO,HOMBRE,PEATON,54,LESIONADO,HOMBRE,PEATON
2024-08-10 05:22:26,-3.978860,-79.184209,Calle 10 de Agosto,CON_FALLECIDOS,Caida,Factores externos,82,FALLECIDO,HOMBRE,CICLISTA,37,LESIONADO,MUJER,VEH_LIVIANO,34,LESIONADO,NO_REGISTRA,CICLISTA
2024-03-17 22:22:57,-3.984921,-79.199854,Av. Pio Jaramillo,SOLO_DANOS,Choque Vehicular,Estado de embriaguez,,,,,,,,,,,,
2024-04-03 05:31:19,-3.982986,-79.174716,Calle Montufar,SOLO_DANOS,Atropellamiento,Imprudencia del conductor,,,,,,,,,,,,
2024-05-04 08:02:22,-3.978062,-79.227632,Calle Ramon Borrero,CON_LESIONADOS,Volcamiento,Estado de embriaguez,31,LESIONADO,HOMBRE,SCOOTER,21,LESIONADO,HOMBRE,SCOOTER,,,,
2024-05-29 18:44:37,-3.986193,-79.199601,Av. Pio Jaramillo,CON_LESIONADOS,Atropellamiento,Distraccion (celular/radio),70,LESIONADO,NO_REGISTRA,PEATON,,,,,,,,
2024-10-15 10:09:41,-4.016106,-79.216851,Av. Metropolitana,CON_LESIONADOS,Atropellamiento,Via resbaladiza o mojada,33,LESIONADO,HOMBRE,VEH_LIVIANO,36,LESIONADO,HOMBRE,VEH_LIVIANO,,,,
2024-07-04 13:57:34,-4.007118,-79.201081,Calle Sucre,CON_FALLECIDOS,Volcamiento,Via resbaladiza o mojada,60,FALLECIDO,HOMBRE,SCOOTER,,,,,,,,
2024-03-07 16:53:35,-3.996393,-79.207760,Av. Universitaria,SOLO_DANOS,Volcamiento,Factores externos,,,,,,,,,,,,
2024-06-21 04:06:19,-4.020513,-79.190422,Calle Mercadillo,CON_FALLECIDOS,Colision Multiple,Mal estado de la via,32,FALLECIDO,HOMBRE,CICLISTA,49,FALLECIDO,MUJER,CICLISTA,47,LESIONADO,NO_REGISTRA,VEH_LIVIANO
2024-01-25 07:46:28,-4.026779,-79.200280,Calle Imbabura,CON_LESIONADOS,Choque Vehicular,Falla mecanica,41,LESIONADO,NO_REGISTRA,PEATON,74,LESIONADO,HOMBRE,SCOOTER,,,,
2024-02-07 06:05:21,-3.986801,-79.181733,Calle Quito,SOLO_DANOS,Colision Multiple,Visibilidad reducida,,,,,,,,,,,,
2024-11-15 06:44:48,-4.003258,-79.191005,Calle Sucre,CON_FALLECIDOS,Atropellamiento,Via resbaladiza o mojada,46,FALLECIDO,MUJER,SCOOTER,60,FALLECIDO,NO_REGISTRA,OTRO,72,LESIONADO,MUJER,MOTOCICLETA
2024-08-05 06:27:02,-3.986292,-79.228823,Av. Universitaria,CON_FALLECIDOS,Atropellamiento,Inobservancia de senales,45,FALLECIDO,HOMBRE,MOTOCICLETA,50,FALLECIDO,HOMBRE,MOTOCICLETA,13,LESIONADO,HOMBRE,MOTOCICLETA
2024-05-08 16:56:16,-4.021165,-79.198836,Calle Colon,SOLO_DANOS,Volcamiento,Equipo de seguridad deficiente,,,,,,,,,,,,
2024-05-27 10:00:49,-4.010774,-79.197824,Calle Ramon Borrero,SOLO_DANOS,Incendio,Exceso de velocidad,,,,,,,,,,,,
2024-01-01 00:34:29,-3.992578,-79.178287,Calle Imbabura,CON_LESIONADOS,Incendio,Imprudencia del conductor,46,LESIONADO,MUJER,CICLISTA,,,,,,,,
2024-04-23 12:50:58,-3.977927,-79.195657,Av. Reinaldo Espinosa,CON_FALLECIDOS,Incendio,Falla mecanica,52,FALLECIDO,MUJER,VEH_LIVIANO,46,LESIONADO,MUJER,CICLISTA,,,,
2024-07-04 19:15:53,-4.017438,-79.202753,Calle Quito,CON_FALLECIDOS,Volcamiento,Exceso de velocidad,50,FALLECIDO,HOMBRE,MOTOCICLETA,,,,,,,,
2024-06-07 18:06:04,-4.022832,-79.213455,Calle 10 de Agosto,CON_FALLECIDOS,Atropellamiento,Equipo de seguridad deficiente,47,FALLECIDO,HOMBRE,OTRO,26,FALLECIDO,HOMBRE,OTRO,64,LESIONADO,MUJER,SCOOTER
2024-03-13 07:19:52,-4.029042,-79.220243,Av. Orillas del Zamora,CON_FALLECIDOS,Accidente Laboral,Via resbaladiza o mojada,26,FALLECIDO,HOMBRE,OTRO,19,LESIONADO,HOMBRE,OTRO,32,LESIONADO,NO_REGISTRA,CICLISTA
2024-07-30 12:38:35,-3.984697,-79.189765,Av. Gran Colombia,CON_LESIONADOS,Accidente Laboral,Visibilidad reducida,10,LESIONADO,MUJER,CICLISTA,,,,,,,,
2024-09-07 15:43:12,-4.026971,-79.211325,Via Loja - Catamayo,CON_FALLECIDOS,Choque Vehicular,Exceso de velocidad,18,FALLECIDO,NO_REGISTRA,VEH_LIVIANO,56,FALLECIDO,MUJER,SCOOTER,36,LESIONADO,HOMBRE,CICLISTA
2024-05-13 02:13:21,-3.981528,-79.179903,Av. Orillas del Zamora,CON_FALLECIDOS,Accidente Laboral,Falla mecanica,31,FALLECIDO,MUJER,OTRO,,,,,,,,
2024-12-22 13:52:49,-4.028430,-79.188674,Calle Sucre,CON_LESIONADOS,Choque Vehicular,Visibilidad reducida,15,LESIONADO,MUJER,SCOOTER,75,LESIONADO,NO_REGISTRA,CICLISTA,,,,
2024-03-06 04:40:41,-3.977836,-79.182023,Av. Gran Colombia,SOLO_DANOS,Colision Multiple,Mal estado de la via,,,,,,,,,,,,
2024-01-19 06:22:52,-3.983751,-79.195076,Calle Quito,CON_LESIONADOS,Atropellamiento,Mal estado de la via,79,LESIONADO,NO_REGISTRA,PEATON,30,LESIONADO,NO_REGISTRA,SCOOTER,,,,
2024-03-21 14:40:45,-4.029804,-79.214169,Calle 18 de Noviembre,CON_LESIONADOS,Incendio,Factores externos,46,LESIONADO,HOMBRE,CICLISTA,21,LESIONADO,HOMBRE,OTRO,,,,
2024-05-20 03:41:21,-3.985151,-79.217179,Ruta 35,SOLO_DANOS,Volcamiento,Imprudencia del conductor,,,,,,,,,,,,
2024-06-04 20:14:53,-4.033812,-79.182467,Av. 8 de Diciembre,CON_LESIONADOS,Volcamiento,Equipo de seguridad deficiente,51,LESIONADO,NO_REGISTRA,VEH_LIVIANO,50,LESIONADO,NO_REGISTRA,SCOOTER,,,,
2024-03-11 10:23:02,-4.011089,-79.177054,Av. Gran Colombia,CON_LESIONADOS,Caida,Estado de embriaguez,17,LESIONADO,NO_REGISTRA,OTRO,69,LESIONADO,MUJER,MOTOCICLETA,66,LESIONADO,MUJER,CICLISTA
2024-04-25 05:44:20,-3.984630,-79.217136,Calle Colon,CON_FALLECIDOS,Accidente Laboral,Mal estado de la via,77,FALLECIDO,NO_REGISTRA,PEATON,31,LESIONADO,NO_REGISTRA,VEH_LIVIANO,11,LESIONADO,HOMBRE,OTRO
2024-09-27 11:27:47,-3.999761,-79.174583,Calle Azogues,SOLO_DANOS,Choque Vehicular,Via resbaladiza o mojada,,,,,,,,,,,,
2024-01-04 07:45:40,-4.002325,-79.211955,Calle Montufar,SOLO_DANOS,Incendio,Estado de embriaguez,,,,,,,,,,,,
2024-06-17 09:27:33,-4.032780,-79.191826,Calle Rocafuerte,CON_LESIONADOS,Accidente Laboral,Exceso de velocidad,13,LESIONADO,HOMBRE,VEH_LIVIANO,51,LESIONADO,MUJER,CICLISTA,,,,
2024-07-21 23:57:34,-3.980034,-79.216457,Av. Manuel Agustin Aguirre,SOLO_DANOS,Accidente Laboral,Distraccion (celular/radio),,,,,,,,,,,,
2024-04-30 00:07:36,-4.028124,-79.201853,Calle Rocafuerte,SOLO_DANOS,Colision Multiple,Via resbaladiza o mojada,15,LESIONADO,MUJER,PEATON,,,,,,,,
2024-10-20 22:22:19,-3.996045,-79.210314,Calle 10 de Agosto,CON_FALLECIDOS,Choque Vehicular,Equipo de seguridad deficiente,59,FALLECIDO,HOMBRE,MOTOCICLETA,55,LESIONADO,MUJER,OTRO,5,LESIONADO,NO_REGISTRA,VEH_LIVIANO
2024-01-26 15:24:13,-4.024846,-79.226854,Via Loja - Zamora,CON_LESIONADOS,Colision Multiple,Exceso de velocidad,26,LESIONADO,NO_REGISTRA,SCOOTER,8,LESIONADO,HOMBRE,VEH_LIVIANO,,,,