fecha_hora,latitud,longitud,via,grado_severidad,tipo_siniestro,causa_probable,victima1_edad,victima1_condicion,victima1_sexo,victima1_actor_vial,victima2_edad,victima2_condicion,victima2_sexo,victima2_actor_vial,victima3_edad,victima3_condicion,victima3_sexo,victima3_actor_vial
2024-10-13 09:36:06,-3.994127,-79.219360,Calle Bolivar,SOLO_DANOS,Atropellamiento,Exceso de velocidad,,,,,,,,,,,,
2024-03-03 11:59:53,-4.001306,-79.193161,Calle Montufar,CON_LESIONADOS,Accidente Laboral,Equipo de seguridad deficiente,41,LESIONADO,NO_REGISTRA,VEH_LIVIANO,,,,,,,,
2024-02-20 13:38:27,-3.985000,-79.171870,Av. Gran Colombia,CON_FALLECIDOS,Accidente Laboral,Estado de embriaguez,61,FALLECIDO,HOMBRE,SCOOTER,34,FALLECIDO,NO_REGISTRA,MOTOCICLETA,,,,
2024-05-04 21:39:44,-3.993312,-79.195569,Av. Cuxibamba,CON_FALLECIDOS,Accidente Laboral,Fatiga del conductor,68,FALLECIDO,NO_REGISTRA,CICLISTA,27,LESIONADO,MUJER,VEH_LIVIANO,,,,
2024-06-23 16:37:25,-4.004816,-79.206443,Calle Bolivar,CON_FALLECIDOS,Volcamiento,Fatiga del conductor,42,FALLECIDO,NO_REGISTRA,SCOOTER,67,LESIONADO,NO_REGISTRA,OTRO,78,LESIONADO,NO_REGISTRA,VEH_LIVIANO
2024-10-15 05:21:58,-4.005613,-79.183098,Av. Reinaldo Espinosa,CON_LESIONADOS,Accidente Laboral,Distraccion (celular/radio),53,LESIONADO,NO_REGISTRA,OTRO,,,,,,,,
2024-05-16 01:22:55,-4.004352,-79.219455,Av. Metropolitana,CON_FALLECIDOS,Atropellamiento,Equipo de seguridad deficiente,32,FALLECIDO,HOMBRE,MOTOCICLETA,19,LESIONADO,NO_REGISTRA,VEH_LIVIANO,,,,
2024-02-12 12:49:35,-4.016868,-79.199262,Calle Saraguro,CON_LESIONADOS,Incendio,Estado de embriaguez,57,LESIONADO,NO_REGISTRA,SCOOTER,30,LESIONADO,HOMBRE,VEH_LIVIANO,22,LESIONADO,HOMBRE,PEATON
2024-11-05 03:02:49,-4.033341,-79.218540,Calle Mercadillo,SOLO_DANOS,Incendio,Inobservancia de senales,,,,,,,,,,,,
2024-12-11 15:26:51,-4.033092,-79.208645,Av. Rosa Hermosa,CON_LESIONADOS,Volcamiento,Equipo de seguridad deficiente,56,LESIONADO,NO_REGISTRA,PEATON,19,LESIONADO,MUJER,VEH_LIVIANO,,,,
2024-09-21 03:25:46,-4.016643,-79.223935,Calle Bolivar,CON_LESIONADOS,Accidente Laboral,Fatiga del conductor,41,LESIONADO,HOMBRE,PEATON,42,LESIONADO,NO_REGISTRA,OTRO,,,,
2024-07-24 09:24:13,-4.015049,-79.205739,Calle Miguel Riofrio,SOLO_DANOS,Colision Multiple,Via resbaladiza o mojada,,,,,,,,,,,,
2024-04-12 16:28:10,-3.984220,-79.179817,Av. Pio Jaramillo,SOLO_DANOS,Incendio,Imprudencia del conductor,61,LESIONADO,MUJER,MOTOCICLETA,,,,,,,,
2024-04-26 12:11:13,-3.981941,-79.196229,Av. 8 de Diciembre,SOLO_DANOS,Incendio,Via resbaladiza o mojada,,,,,,,,,,,,
2024-05-05 23:26:46,-4.007387,-79.205194,Av. Orillas del Zamora,CON_LESIONADOS,Volcamiento,Distraccion (celular/radio),46,LESIONADO,NO_REGISTRA,SCOOTER,11,LESIONADO,MUJER,OTRO,19,LESIONADO,HOMBRE,MOTOCICLETA
2024-03-09 19:14:16,-4.011911,-79.178273,Calle Saraguro,CON_LESIONADOS,Volcamiento,Falla mecanica,12,LESIONADO,MUJER,SCOOTER,78,LESIONADO,HOMBRE,CICLISTA,,,,
2024-04-28 23:08:44,-4.026532,-79.227629,Calle Imbabura,SOLO_DANOS,Volcamiento,Mal estado de la via,,,,,,,,,,,,
2024-03-27 12:58:07,-3.989498,-79.190094,Av. Orillas del Zamora,SOLO_DANOS,Volcamiento,Visibilidad reducida,,,,,,,,,,,,
2024-06-18 11:15:41,-3.979685,-79.206558,Calle Miguel Riofrio,SOLO_DANOS,Caida,Falla mecanica,,,,,,,,,,,,
2024-07-15 19:49:12,-4.019094,-79.230166,Av. Universitaria,CON_LESIONADOS,Volcamiento,Imprudencia del conductor,53,LESIONADO,HOMBRE,PEATON,7,LESIONADO,MUJER,PEATON,,,,
2024-03-25 06:30:14,-4.000835,-79.181111,Calle Sucre,CON_LESIONADOS,Colision Multiple,Distraccion (celular/radio),10,LESIONADO,HOMBRE,VEH_LIVIANO,63,LESIONADO,NO_REGISTRA,PEATON,,,,
2024-03-12 16:45:00,-4.031101,-79.186966,Av. Reinaldo Espinosa,SOLO_DANOS,Accidente Laboral,Fatiga del conductor,,,,,,,,,,,,
2024-04-26 14:36:14,-3.998042,-79.227340,Av. Rosa Hermosa,CON_FALLECIDOS,Atropellamiento,Visibilidad reducida,68,FALLECIDO,NO_REGISTRA,CICLISTA,45,FALLECIDO,MUJER,MOTOCICLETA,,,,
2024-12-29 04:53:49,-3.999084,-79.204126,Av. Universitaria,CON_LESIONADOS,Choque Vehicular,Factores externos,14,LESIONADO,MUJER,OTRO,66,LESIONADO,MUJER,MOTOCICLETA,,,,
2024-01-26 09:12:48,-4.036370,-79.195196,Calle Ramon Borrero,CON_LESIONADOS,Accidente Laboral,Exceso de velocidad,7,LESIONADO,NO_REGISTRA,PEATON,38,LESIONADO,MUJER,CICLISTA,35,LESIONADO,NO_REGISTRA,PEATON
2024-03-01 04:38:19,-3.991499,-79.204055,Calle 10 de Agosto,CON_FALLECIDOS,Accidente Laboral,Estado de embriaguez,43,FALLECIDO,NO_REGISTRA,VEH_LIVIANO,49,FALLECIDO,NO_REGISTRA,OTRO,,,,
2024-11-16 22:50:49,-4.021623,-79.219154,Av. Isidro Ayora,SOLO_DANOS,Incendio,Falla mecanica,,,,,,,,,,,,
2024-01-22 22:42:04,-4.007476,-79.217077,Av. Orillas del Zamora,SOLO_DANOS,Colision Multiple,Mal estado de la via,,,,,,,,,,,,
2024-06-29 17:34:51,-4.002513,-79.189355,Calle Mercadillo,CON_FALLECIDOS,Colision Multiple,Equipo de seguridad deficiente,57,FALLECIDO,MUJER,OTRO,46,FALLECIDO,NO_REGISTRA,PEATON,66,LESIONADO,NO_REGISTRA,PEATON
2024-01-03 16:17:52,-4.013621,-79.176048,Av. Isidro Ayora,CON_FALLECIDOS,Atropellamiento,Falla mecanica,52,FALLECIDO,NO_REGISTRA,VEH_LIVIANO,52,FALLECIDO,HOMBRE,SCOOTER,53,LESIONADO,MUJER,SCOOTER
2024-05-14 13:50:12,-4.029732,-79.174856,Calle Imbabura,CON_LESIONADOS,Atropellamiento,Imprudencia del conductor,16,LESIONADO,HOMBRE,SCOOTER,,,,,,,,
2024-08-04 04:44:41,-4.024383,-79.178237,Calle Azogues,CON_FALLECIDOS,Atropellamiento,Via resbaladiza o mojada,78,FALLECIDO,MUJER,PEATON,43,LESIONADO,NO_REGISTRA,VEH_LIVIANO,,,,
2024-07-24 19:54:48,-4.023768,-79.193944,Calle Montufar,CON_LESIONADOS,Volcamiento,Distraccion (celular/radio),13,LESIONADO,NO_REGISTRA,CICLISTA,7,LESIONADO,MUJER,VEH_LIVIANO,11,LESIONADO,HOMBRE,VEH_LIVIANO
2024-04-29 10:45:38,-3.989119,-79.191237,Calle Imbabura,CON_FALLECIDOS,Volcamiento,Falla mecanica,62,FALLECIDO,MUJER,PEATON,51,FALLECIDO,NO_REGISTRA,PEATON,12,LESIONADO,NO_REGISTRA,VEH_LIVIANO
2024-07-07 00:43:27,-4.022369,-79.185364,Calle Azogues,CON_FALLECIDOS,Incendio,Factores externos,63,FALLECIDO,MUJER,VEH_LIVIANO,,,,,,,,
2024-06-01 05:40:43,-4.034357,-79.227492,Calle Quito,CON_LESIONADOS,Caida,Distraccion (celular/radio),63,LESIONADO,MUJER,PEATON,24,LESIONADO,HOMBRE,OTRO,,,,
2024-08-07 02:43:35,-4.000392,-79.199824,Av. Cuxibamba,CON_LESIONADOS,Colision Multiple,Inobservancia de senales,31,LESIONADO,HOMBRE,VEH_LIVIANO,,,,,,,,
2024-01-06 15:00:41,-4.013796,-79.220916,Via Loja - Catamayo,CON_LESIONADOS,Caida,Inobservancia de senales,17,LESIONADO,HOMBRE,CICLISTA,13,LESIONADO,NO_REGISTRA,OTRO,,,,
2024-11-14 12:50:17,-3.983713,-79.186274,Calle 18 de Noviembre,SOLO_DANOS,Accidente Laboral,Inobservancia de senales,,,,,,,,,,,,
2024-02-07 09:28:02,-4.024402,-79.195515,Ruta 35,SOLO_DANOS,Caida,Fatiga del conductor,,,,,,,,,,,,
2024-07-05 20:24:32,-4.004546,-79.229004,Av. Orillas del Zamora,CON_LESIONADOS,Caida,Exceso de velocidad,24,LESIONADO,HOMBRE,MOTOCICLETA,,,,,,,,
2024-11-21 08:16:38,-3.979210,-79.227546,Via Loja - Catamayo,CON_LESIONADOS,Choque Vehicular,Factores externos,79,LESIONADO,NO_REGISTRA,PEATON,21,LESIONADO,HOMBRE,OTRO,,,,
2024-03-13 22:21:25,-4.002974,-79.175536,Av. 8 de Diciembre,CON_LESIONADOS,Atropellamiento,Imprudencia del conductor,78,LESIONADO,NO_REGISTRA,MOTOCICLETA,,,,,,,,
2024-11-25 08:15:14,-4.016552,-79.212302,Calle Ramon Borrero,SOLO_DANOS,Atropellamiento,Via resbaladiza o mojada,,,,,,,,,,,,
2024-06-18 18:34:31,-3.993731,-79.183659,Calle Rocafuerte,CON_LESIONADOS,Choque Vehicular,Exceso de velocidad,10,LESIONADO,MUJER,VEH_LIVIANO,71,LESIONADO,NO_REGISTRA,CICLISTA,,,,
2024-02-14 01:04:54,-3.977831,-79.211683,Av. Orillas del Zamora,CON_LESIONADOS,Choque Vehicular,Estado de embriaguez,58,LESIONADO,MUJER,CICLISTA,21,LESIONADO,MUJER,MOTOCICLETA,,,,
2024-10-21 16:15:46,-4.012515,-79.182832,Av. Universitaria,CON_FALLECIDOS,Incendio,Visibilidad reducida,75,FALLECIDO,NO_REGISTRA,VEH_LIVIANO,67,FALLECIDO,NO_REGISTRA,PEATON,,,,
2024-09-16 12:42:11,-3.991197,-79.195076,Calle 18 de Noviembre,CON_LESIONADOS,Choque Vehicular,Exceso de velocidad,19,LESIONADO,HOMBRE,SCOOTER,11,LESIONADO,NO_REGISTRA,SCOOTER,,,,
2024-07-31 16:50:34,-4.004352,-79.225851,Via Loja - Zamora,SOLO_DANOS,Accidente Laboral,Inobservancia de senales,,,,,,,,,,,,
2024-03-25 06:18:12,-3.981624,-79.213919,Calle Colon,CON_FALLECIDOS,Volcamiento,Factores externos,56,FALLECIDO,NO_REGISTRA,SCOOTER,81,FALLECIDO,NO_REGISTRA,CICLISTA,29,LESIONADO,NO_REGISTRA,VEH_LIVIANO
2024-08-10 04:46:58,-3.980008,-79.204063,Av. Pio Jaramillo,CON_LESIONADOS,Volcamiento,Mal estado de la via,60,LESIONADO,MUJER,VEH_LIVIANO,46,LESIONADO,HOMBRE,OTRO,59,LESIONADO,NO_REGISTRA,OTRO
2024-02-14 12:26:55,-3.998097,-79.184489,Av. Universitaria,CON_FALLECIDOS,Incendio,Via resbaladiza o mojada,73,FALLECIDO,NO_REGISTRA,VEH_LIVIANO,48,LESIONADO,MUJER,MOTOCICLETA,79,LESIONADO,HOMBRE,MOTOCICLETA
2024-03-27 02:49:34,-3.987625,-79.221552,Calle Miguel Riofrio,SOLO_DANOS,Colision Multiple,Fatiga del conductor,,,,,,,,,,,,
2024-12-18 08:43:08,-4.011727,-79.174919,Calle Mercadillo,CON_FALLECIDOS,Atropellamiento,Mal estado de la via,40,FALLECIDO,NO_REGISTRA,OTRO,39,FALLECIDO,MUJER,PEATON,80,LESIONADO,MUJER,VEH_LIVIANO
2024-09-02 06:14:46,-4.017917,-79.206969,Calle Azogues,SOLO_DANOS,Volcamiento,Visibilidad reducida,,,,,,,,,,,,
2024-05-20 20:01:33,-4.035026,-79.228067,Av. Rosa Hermosa,CON_FALLECIDOS,Caida,Falla mecanica,67,FALLECIDO,NO_REGISTRA,MOTOCICLETA,,,,,,,,
2024-03-29 21:29:30,-4.008195,-79.194967,Calle Azogues,CON_LESIONADOS,Atropellamiento,Estado de embriaguez,18,LESIONADO,HOMBRE,CICLISTA,,,,,,,,
2024-07-14 18:44:20,-3.991929,-79.172563,Av. Cuxibamba,CON_FALLECIDOS,Accidente Laboral,Mal estado de la via,18,FALLECIDO,HOMBRE,VEH_LIVIANO,30,LESIONADO,NO_REGISTRA,PEATON,28,LESIONADO,HOMBRE,VEH_LIVIANO
2024-08-11 12:36:58,-3.986861,-79.219912,Calle Montufar,CON_FALLECIDOS,Choque Vehicular,Inobservancia de senales,74,FALLECIDO,NO_REGISTRA,MOTOCICLETA,50,FALLECIDO,NO_REGISTRA,MOTOCICLETA,47,LESIONADO,NO_REGISTRA,CICLISTA
2024-10-26 22:59:56,-3.998616,-79.215436,Calle Miguel Riofrio,CON_LESIONADOS,Colision Multiple,Via resbaladiza o mojada,19,LESIONADO,NO_REGISTRA,SCOOTER,66,LESIONADO,NO_REGISTRA,SCOOTER,,,,
2024-09-11 13:55:37,-3.977139,-79.219645,Calle Colon,SOLO_DANOS,Accidente Laboral,Visibilidad reducida,,,,,,,,,,,,
2024-11-13 23:31:03,-3.994976,-79.183059,Av. Rosa Hermosa,CON_LESIONADOS,Choque Vehicular,Fatiga del conductor,46,LESIONADO,MUJER,SCOOTER,,,,,,,,
2024-10-03 11:00:38,-4.029385,-79.180160,Av. Manuel Agustin Aguirre,CON_FALLECIDOS,Colision Multiple,Visibilidad reducida,67,FALLECIDO,MUJER,OTRO,,,,,,,,
2024-12-11 22:07:10,-4.013230,-79.187878,Via Loja - Zamora,SOLO_DANOS,Accidente Laboral,Fatiga del conductor,,,,,,,,,,,,
2024-05-04 23:05:45,-3.985415,-79.195215,Av. Isidro Ayora,CON_LESIONADOS,Accidente Laboral,Falla mecanica,44,LESIONADO,MUJER,CICLISTA,,,,,,,,
2024-03-29 13:55:25,-3.988313,-79.198713,Calle Rocafuerte,CON_LESIONADOS,Caida,Estado de embriaguez,16,LESIONADO,MUJER,MOTOCICLETA,26,LESIONADO,MUJER,MOTOCICLETA,65,LESIONADO,MUJER,MOTOCICLETA
2024-03-05 16:30:33,-4.029912,-79.228561,Av. Reinaldo Espinosa,SOLO_DANOS,Accidente Laboral,Mal estado de la via,,,,,,,,,,,,
2024-07-22 12:41:49,-3.988895,-79.230520,Av. Cuxibamba,CON_LESIONADOS,Atropellamiento,Mal estado de la via,12,LESIONADO,MUJER,VEH_LIVIANO,,,,,,,,
2024-08-08 10:34:02,-3.990265,-79.184012,Calle Imbabura,CON_LESIONADOS,Colision Multiple,Fatiga del conductor,79,LESIONADO,HOMBRE,OTRO,52,LESIONADO,HOMBRE,VEH_LIVIANO,62,LESIONADO,MUJER,CICLISTA
2024-11-22 07:52:32,-3.983280,-79.223258,Calle Saraguro,CON_LESIONADOS,Volcamiento,Fatiga del conductor,64,LESIONADO,NO_REGISTRA,CICLISTA,66,LESIONADO,MUJER,OTRO,,,,
2024-08-13 18:03:40,-4.002006,-79.202338,Calle Bolivar,CON_FALLECIDOS,Caida,Distraccion (celular/radio),60,FALLECIDO,MUJER,PEATON,26,FALLECIDO,MUJER,SCOOTER,69,LESIONADO,MUJER,MOTOCICLETA
2024-11-02 18:06:55,-4.003908,-79.228402,Calle Sucre,SOLO_DANOS,Incendio,Inobservancia de senales,,,,,,,,,,,,
2024-04-22 13:15:57,-3.999006,-79.200265,Av. Metropolitana,SOLO_DANOS,Volcamiento,Exceso de velocidad,,,,,,,,,,,,
2024-01-24 16:07:42,-3.994799,-79.210910,Calle Imbabura,SOLO_DANOS,Caida,Via resbaladiza o mojada,,,,,,,,,,,,
2024-08-28 22:09:08,-3.995110,-79.203647,Calle Miguel Riofrio,SOLO_DANOS,Incendio,Inobservancia de senales,,,,,,,,,,,,
2024-09-10 16:59:25,-4.019306,-79.185751,Calle Ramon Borrero,CON_FALLECIDOS,Atropellamiento,Mal estado de la via,80,FALLECIDO,MUJER,MOTOCICLETA,79,LESIONADO,HOMBRE,OTRO,,,,
2024-01-24 06:23:12,-3.993901,-79.174887,Av. Metropolitana,CON_FALLECIDOS,Volcamiento,Distraccion (celular/radio),54,FALLECIDO,HOMBRE,OTRO,32,FALLECIDO,NO_REGISTRA,CICLISTA,32,LESIONADO,NO_REGISTRA,CICLISTA
2024-09-11 06:01:01,-4.007266,-79.213150,Calle Imbabura,CON_LESIONADOS,Atropellamiento,Inobservancia de senales,11,LESIONADO,HOMBRE,MOTOCICLETA,60,LESIONADO,HOMBRE,CICLISTA,49,LESIONADO,NO_REGISTRA,CICLISTA
2024-07-21 13:33:03,-4.024248,-79.208203,Av. Cuxibamba,CON_LESIONADOS,Atropellamiento,Mal estado de la via,14,LESIONADO,NO_REGISTRA,PEATON,14,LESIONADO,NO_REGISTRA,PEATON,33,LESIONADO,HOMBRE,PEATON
2024-07-08 21:23:43,-4.034731,-79.220994,Av. Universitaria,SOLO_DANOS,Atropellamiento,Equipo de seguridad deficiente,,,,,,,,,,,,
2024-03-25 08:21:20,-4.018783,-79.230044,Calle Colon,CON_FALLECIDOS,Atropellamiento,Distraccion (celular/radio),73,FALLECIDO,NO_REGISTRA,OTRO,68,FALLECIDO,NO_REGISTRA,CICLISTA,59,LESIONADO,HOMBRE,OTRO
2024-03-16 15:48:00,-4.009687,-79.176160,Av. Metropolitana,CON_LESIONADOS,Colision Multiple,Exceso de velocidad,22,LESIONADO,MUJER,PEATON,57,LESIONADO,HOMBRE,SCOOTER,,,,
2024-06-08 04:49:32,-4.023533,-79.203373,Av. Cuxibamba,SOLO_DANOS,Caida,Exceso de velocidad,,,,,,,,,,,,
2024-03-23 15:13:30,-4.008981,-79.198102,Calle Miguel Riofrio,SOLO_DANOS,Volcamiento,Via resbaladiza o mojada,,,,,,,,,,,,
2024-01-05 15:47:33,-3.995774,-79.204391,Calle Azogues,CON_FALLECIDOS,Caida,Inobservancia de senales,83,FALLECIDO,NO_REGISTRA,PEATON,23,FALLECIDO,HOMBRE,CICLISTA,64,LESIONADO,NO_REGISTRA,SCOOTER
2024-04-05 12:51:22,-3.977456,-79.226640,Calle Imbabura,CON_LESIONADOS,Accidente Laboral,Falla mecanica,21,LESIONADO,NO_REGISTRA,CICLISTA,,,,,,,,
2024-11-13 19:42:04,-3.992516,-79.188720,Av. Reinaldo Espinosa,CON_LESIONADOS,Incendio,Fatiga del conductor,8,LESIONADO,HOMBRE,SCOOTER,45,LESIONADO,HOMBRE,CICLISTA,33,LESIONADO,NO_REGISTRA,SCOOTER
2024-05-26 11:43:46,-3.997582,-79.212391,Calle Ramon Borrero,CON_LESIONADOS,Incendio,Estado de embriaguez,31,LESIONADO,MUJER,VEH_LIVIANO,,,,,,,,
2024-02-09 00:23:29,-4.022273,-79.211679,Calle Colon,CON_FALLECIDOS,Volcamiento,Equipo de seguridad deficiente,49,FALLECIDO,MUJER,CICLISTA,34,LESIONADO,HOMBRE,MOTOCICLETA,,,,
2024-06-04 18:17:35,-4.006142,-79.224828,Av. Manuel Agustin Aguirre,CON_LESIONADOS,Accidente Laboral,Falla mecanica,33,LESIONADO,NO_REGISTRA,PEATON,,,,,,,,
2024-06-21 00:38:10,-3.987372,-79.190884,Calle Sucre,SOLO_DANOS,Choque Vehicular,Via resbaladiza o mojada,,,,,,,,,,,,
2024-01-27 14:58:08,-3.997717,-79.172551,Via Loja - Zamora,CON_FALLECIDOS,Caida,Imprudencia del conductor,62,FALLECIDO,HOMBRE,OTRO,34,FALLECIDO,NO_REGISTRA,VEH_LIVIANO,23,LESIONADO,HOMBRE,VEH_LIVIANO
2024-10-05 13:45:25,-4.014044,-79.174367,Av. Orillas del Zamora,CON_LESIONADOS,Accidente Laboral,Distraccion (celular/radio),51,LESIONADO,NO_REGISTRA,OTRO,26,LESIONADO,MUJER,VEH_LIVIANO,64,LESIONADO,NO_REGISTRA,SCOOTER
2024-10-26 11:23:23,-4.018440,-79.216342,Calle Miguel Riofrio,CON_FALLECIDOS,Colision Multiple,Inobservancia de senales,72,FALLECIDO,NO_REGISTRA,OTRO,76,FALLECIDO,MUJER,CICLISTA,47,LESIONADO,NO_REGISTRA,SCOOTER
2024-09-19 08:10:23,-4.004322,-79.187401,Calle Rocafuerte,CON_FALLECIDOS,Atropellamiento,Via resbaladiza o mojada,54,FALLECIDO,HOMBRE,SCOOTER,61,FALLECIDO,NO_REGISTRA,SCOOTER,21,LESIONADO,MUJER,SCOOTER
2024-04-05 15:12:07,-4.032606,-79.186986,Via Loja - Zamora,CON_LESIONADOS,Atropellamiento,Inobservancia de senales,65,LESIONADO,NO_REGISTRA,VEH_LIVIANO,62,LESIONADO,MUJER,OTRO,77,LESIONADO,NO_REGISTRA,OTRO
2024-02-18 23:57:20,-4.011147,-79.182235,Calle Saraguro,SOLO_DANOS,Incendio,Via resbaladiza o mojada,28,LESIONADO,NO_REGISTRA,SCOOTER,,,,,,,,
2024-12-11 08:31:25,-4.012892,-79.202007,Via Loja - Zamora,SOLO_DANOS,Colision Multiple,Fatiga del conductor,44,LESIONADO,NO_REGISTRA,CICLISTA,,,,,,,,
2024-03-18 15:18:46,-3.995922,-79.171271,Calle Miguel Riofrio,SOLO_DANOS,Choque Vehicular,Exceso de velocidad,,,,,,,,,,,,
2024-01-30 08:57:23,-3.978985,-79.215910,Av. Universitaria,CON_LESIONADOS,Accidente Laboral,Falla mecanica,45,LESIONADO,HOMBRE,CICLISTA,17,LESIONADO,MUJER,CICLISTA,,,,
2024-01-17 14:28:40,-4.033345,-79.199331,Calle Mercadillo,CON_FALLECIDOS,Caida,Estado de embriaguez,59,FALLECIDO,HOMBRE,MOTOCICLETA,72,FALLECIDO,NO_REGISTRA,VEH_LIVIANO,17,LESIONADO,MUJER,SCOOTER
2024-02-10 18:19:25,-4.036241,-79.222242,Via Loja - Catamayo,CON_FALLECIDOS,Volcamiento,Inobservancia de senales,77,FALLECIDO,HOMBRE,OTRO,,,,,,,,
2024-07-13 23:50:30,-3.997509,-79.179293,Calle Colon,CON_FALLECIDOS,Accidente Laboral,Via resbaladiza o mojada,48,FALLECIDO,HOMBRE,PEATON,,,,,,,,
2024-11-14 15:05:26,-4.007311,-79.214065,Av. Cuxibamba,CON_LESIONADOS,Volcamiento,Imprudencia del conductor,44,LESIONADO,HOMBRE,PEATON,28,LESIONADO,MUJER,PEATON,76,LESIONADO,HOMBRE,CICLISTA
2024-11-20 17:32:07,-4.033206,-79.190943,Calle Rocafuerte,SOLO_DANOS,Incendio,Via resbaladiza o mojada,45,LESIONADO,HOMBRE,CICLISTA,,,,,,,,
2024-08-12 22:42:01,-4.015787,-79.197443,Calle Montufar,CON_LESIONADOS,Colision Multiple,Inobservancia de senales,35,LESIONADO,HOMBRE,SCOOTER,67,LESIONADO,MUJER,SCOOTER,,,,
2024-05-10 21:35:01,-4.002512,-79.198249,Via Loja - Zamora,SOLO_DANOS,Accidente Laboral,Exceso de velocidad,,,,,,,,,,,,
2024-11-25 00:02:14,-4.025757,-79.186667,Av. Isidro Ayora,SOLO_DANOS,Volcamiento,Fatiga del conductor,,,,,,,,,,,,
2024-03-09 09:21:36,-4.008278,-79.193461,Calle 18 de Noviembre,SOLO_DANOS,Accidente Laboral,Mal estado de la via,,,,,,,,,,,,
2024-12-16 11:29:36,-3.977321,-79.206189,Calle Colon,SOLO_DANOS,Colision Multiple,Imprudencia del conductor,,,,,,,,,,,,
2024-03-10 04:49:53,-4.029075,-79.211570,Calle Sucre,CON_LESIONADOS,Caida,Mal estado de la via,23,LESIONADO,NO_REGISTRA,OTRO,55,LESIONADO,MUJER,CICLISTA,,,,
2024-10-11 05:47:37,-4.010338,-79.191883,Calle Montufar,SOLO_DANOS,Caida,Inobservancia de senales,,,,,,,,,,,,
2024-11-05 04:26:09,-4.011229,-79.200810,Via Loja - Zamora,CON_FALLECIDOS,Choque Vehicular,Falla mecanica,64,FALLECIDO,HOMBRE,PEATON,26,FALLECIDO,MUJER,PEATON,,,,
2024-03-24 10:54:09,-4.028523,-79.207066,Calle Quito,SOLO_DANOS,Accidente Laboral,Mal estado de la via,,,,,,,,,,,,
2024-12-03 06:53:24,-3.983822,-79.207762,Av. Gran Colombia,SOLO_DANOS,Incendio,Exceso de velocidad,,,,,,,,,,,,
2024-07-05 23:34:33,-3.996500,-79.229064,Av. Rosa Hermosa,SOLO_DANOS,Atropellamiento,Imprudencia del conductor,,,,,,,,,,,,
2024-09-20 19:15:40,-3.990590,-79.187745,Calle Rocafuerte,CON_LESIONADOS,Volcamiento,Distraccion (celular/radio),23,LESIONADO,MUJER,SCOOTER,,,,,,,,
2024-03-27 09:33:44,-4.017494,-79.226584,Via Loja - Zamora,CON_FALLECIDOS,Colision Multiple,Distraccion (celular/radio),40,FALLECIDO,HOMBRE,OTRO,58,FALLECIDO,NO_REGISTRA,PEATON,65,LESIONADO,MUJER,VEH_LIVIANO
2024-03-16 14:43:54,-4.022328,-79.188936,Av. Universitaria,SOLO_DANOS,Choque Vehicular,Distraccion (celular/radio),,,,,,,,,,,,
2024-08-10 20:35:11,-4.031641,-79.214489,Calle Imbabura,CON_LESIONADOS,Choque Vehicular,Visibilidad reducida,77,LESIONADO,HOMBRE,SCOOTER,37,LESIONADO,MUJER,VEH_LIVIANO,27,LESIONADO,NO_REGISTRA,SCOOTER
2024-03-22 12:22:20,-4.035607,-79.228125,Calle Bolivar,CON_LESIONADOS,Atropellamiento,Exceso de velocidad,50,LESIONADO,HOMBRE,OTRO,,,,,,,,
2024-06-25 00:46:32,-4.001029,-79.182406,Calle Azogues,CON_LESIONADOS,Choque Vehicular,Visibilidad reducida,37,LESIONADO,NO_REGISTRA,SCOOTER,,,,,,,,
2024-03-31 08:58:20,-4.024140,-79.187511,Av. 8 de Diciembre,CON_LESIONADOS,Caida,Fatiga del conductor,18,LESIONADO,HOMBRE,MOTOCICLETA,,,,,,,,
2024-03-05 00:25:10,-4.028091,-79.182025,Av. Gran Colombia,CON_LESIONADOS,Volcamiento,Estado de embriaguez,20,LESIONADO,MUJER,PEATON,58,LESIONADO,NO_REGISTRA,OTRO,,,,
2024-07-15 08:58:55,-4.006924,-79.222687,Calle Ramon Borrero,CON_FALLECIDOS,Choque Vehicular,Mal estado de la via,28,FALLECIDO,NO_REGISTRA,SCOOTER,53,FALLECIDO,NO_REGISTRA,PEATON,20,LESIONADO,HOMBRE,OTRO
2024-01-17 21:16:03,-4.003085,-79.174164,Calle Miguel Riofrio,CON_LESIONADOS,Colision Multiple,Mal estado de la via,47,LESIONADO,NO_REGISTRA,PEATON,75,LESIONADO,NO_REGISTRA,CICLISTA,,,,
2024-09-30 15:56:49,-4.014687,-79.178313,Calle Sucre,SOLO_DANOS,Atropellamiento,Via resbaladiza o mojada,,,,,,,,,,,,
2024-08-26 16:52:53,-3.988088,-79.210690,Av. 8 de Diciembre,SOLO_DANOS,Atropellamiento,Falla mecanica,,,,,,,,,,,,
2024-09-03 15:35:49,-3.983183,-79.206640,Av. Rosa Hermosa,SOLO_DANOS,Atropellamiento,Exceso de velocidad,,,,,,,,,,,,
2024-05-23 08:54:34,-3.999755,-79.229781,Calle Mercadillo,CON_FALLECIDOS,Accidente Laboral,Via resbaladiza o mojada,19,FALLECIDO,NO_REGISTRA,PEATON,,,,,,,,
2024-10-19 05:49:16,-3.999199,-79.201206,Calle Miguel Riofrio,SOLO_DANOS,Caida,Estado de embriaguez,,,,,,,,,,,,