fecha_hora,latitud,longitud,via,grado_severidad,tipo_siniestro,causa_probable,victima1_edad,victima1_condicion,victima1_sexo,victima1_actor_vial,victima2_edad,victima2_condicion,victima2_sexo,victima2_actor_vial,victima3_edad,victima3_condicion,victima3_sexo,victima3_actor_vial
2024-05-22 13:09:18,-4.022698,-79.216672,Calle Sucre,SOLO_DANOS,Choque Vehicular,Estado de embriaguez,,,,,,,,,,,,
2024-03-04 09:12:39,-4.024853,-79.180596,Av. Pio Jaramillo,CON_LESIONADOS,Atropellamiento,Falla mecanica,37,LESIONADO,NO_REGISTRA,VEH_LIVIANO,29,LESIONADO,MUJER,OTRO,,,,
2024-07-05 04:33:53,-3.990845,-79.197498,Calle Rocafuerte,CON_LESIONADOS,Incendio,Equipo de seguridad deficiente,33,LESIONADO,NO_REGISTRA,CICLISTA,15,LESIONADO,MUJER,VEH_LIVIANO,,,,
2024-01-27 09:51:32,-4.013510,-79.175081,Av. Manuel Agustin Aguirre,CON_FALLECIDOS,Atropellamiento,Equipo de seguridad deficiente,53,FALLECIDO,NO_REGISTRA,MOTOCICLETA,53,FALLECIDO,NO_REGISTRA,CICLISTA,,,,
2024-04-05 04:28:11,-3.996243,-79.202146,Av. Isidro Ayora,SOLO_DANOS,Atropellamiento,Mal estado de la via,,,,,,,,,,,,
2024-03-28 17:34:35,-4.029348,-79.221023,Calle Quito,SOLO_DANOS,Atropellamiento,Fatiga del conductor,,,,,,,,,,,,
2024-10-13 07:14:38,-4.031424,-79.191300,Av. Universitaria,SOLO_DANOS,Choque Vehicular,Factores externos,,,,,,,,,,,,
2024-08-04 17:37:20,-3.997887,-79.172363,Calle Mercadillo,CON_LESIONADOS,Colision Multiple,Factores externos,66,LESIONADO,MUJER,VEH_LIVIANO,24,LESIONADO,NO_REGISTRA,CICLISTA,39,LESIONADO,MUJER,VEH_LIVIANO
2024-08-21 09:40:45,-4.015683,-79.196828,Calle 10 de Agosto,CON_FALLECIDOS,Accidente Laboral,Imprudencia del conductor,35,FALLECIDO,HOMBRE,OTRO,58,LESIONADO,NO_REGISTRA,SCOOTER,,,,
2024-10-24 07:15:10,-4.006346,-79.180051,Ruta 35,CON_LESIONADOS,Colision Multiple,Factores externos,80,LESIONADO,NO_REGISTRA,MOTOCICLETA,,,,,,,,
2024-01-19 03:57:15,-4.013149,-79.187753,Av. Orillas del Zamora,SOLO_DANOS,Choque Vehicular,Distraccion (celular/radio),,,,,,,,,,,,
2024-04-30 21:15:18,-4.020672,-79.223895,Calle Azogues,SOLO_DANOS,Caida,Exceso de velocidad,47,LESIONADO,MUJER,SCOOTER,,,,,,,,
2024-09-25 10:05:43,-3.992063,-79.177074,Av. Pio Jaramillo,CON_FALLECIDOS,Incendio,Estado de embriaguez,72,FALLECIDO,HOMBRE,SCOOTER,53,LESIONADO,NO_REGISTRA,VEH_LIVIANO,9,LESIONADO,MUJER,OTRO
2024-01-15 05:15:33,-4.026226,-79.205459,Calle Colon,CON_FALLECIDOS,Atropellamiento,Fatiga del conductor,24,FALLECIDO,HOMBRE,CICLISTA,,,,,,,,
2024-05-09 20:11:15,-4.032089,-79.172491,Av. Isidro Ayora,CON_FALLECIDOS,Choque Vehicular,Imprudencia del conductor,69,FALLECIDO,HOMBRE,OTRO,67,FALLECIDO,MUJER,CICLISTA,,,,
2024-08-28 11:10:30,-4.015626,-79.189606,Calle Colon,CON_LESIONADOS,Atropellamiento,Via resbaladiza o mojada,46,LESIONADO,HOMBRE,VEH_LIVIANO,74,LESIONADO,MUJER,MOTOCICLETA,,,,
2024-11-13 07:01:39,-3.994457,-79.172387,Av. Universitaria,CON_FALLECIDOS,Atropellamiento,Factores externos,75,FALLECIDO,NO_REGISTRA,PEATON,52,FALLECIDO,MUJER,OTRO,55,LESIONADO,HOMBRE,OTRO
2024-11-10 12:44:17,-4.028200,-79.175322,Calle Montufar,CON_FALLECIDOS,Atropellamiento,Factores externos,19,FALLECIDO,NO_REGISTRA,VEH_LIVIANO,85,FALLECIDO,NO_REGISTRA,VEH_LIVIANO,31,LESIONADO,MUJER,CICLISTA
2024-11-02 12:59:09,-3.997039,-79.188569,Calle Quito,CON_LESIONADOS,Choque Vehicular,Distraccion (celular/radio),21,LESIONADO,HOMBRE,OTRO,25,LESIONADO,MUJER,SCOOTER,7,LESIONADO,NO_REGISTRA,SCOOTER
2024-02-22 18:07:11,-3.979733,-79.192803,Calle Mercadillo,SOLO_DANOS,Incendio,Imprudencia del conductor,,,,,,,,,,,,
2024-12-06 09:53:01,-4.029738,-79.201262,Calle Sucre,CON_FALLECIDOS,Atropellamiento,Fatiga del conductor,57,FALLECIDO,HOMBRE,SCOOTER,,,,,,,,
2024-05-29 15:48:57,-4.024800,-79.209604,Calle Bolivar,CON_FALLECIDOS,Volcamiento,Fatiga del conductor,59,FALLECIDO,NO_REGISTRA,OTRO,82,FALLECIDO,NO_REGISTRA,SCOOTER,,,,
2024-02-22 21:04:20,-3.990856,-79.197994,Av. Cuxibamba,CON_LESIONADOS,Atropellamiento,Inobservancia de senales,13,LESIONADO,NO_REGISTRA,OTRO,,,,,,,,
2024-09-24 19:18:57,-4.035501,-79.198828,Av. Reinaldo Espinosa,CON_FALLECIDOS,Colision Multiple,Equipo de seguridad deficiente,43,FALLECIDO,NO_REGISTRA,MOTOCICLETA,,,,,,,,
2024-10-31 22:24:53,-3.990671,-79.189992,Calle Colon,CON_LESIONADOS,Choque Vehicular,Falla mecanica,38,LESIONADO,NO_REGISTRA,VEH_LIVIANO,42,LESIONADO,MUJER,SCOOTER,,,,
2024-09-17 19:37:29,-4.020972,-79.228629,Calle Mercadillo,CON_LESIONADOS,Accidente Laboral,Inobservancia de senales,52,LESIONADO,HOMBRE,MOTOCICLETA,,,,,,,,
2024-09-28 21:19:59,-3.988098,-79.191641,Av. Orillas del Zamora,CON_LESIONADOS,Atropellamiento,Exceso de velocidad,22,LESIONADO,HOMBRE,VEH_LIVIANO,75,LESIONADO,MUJER,PEATON,53,LESIONADO,HOMBRE,OTRO
2024-12-29 11:39:31,-4.028698,-79.194442,Av. Gran Colombia,CON_FALLECIDOS,Caida,Via resbaladiza o mojada,50,FALLECIDO,HOMBRE,CICLISTA,65,FALLECIDO,NO_REGISTRA,VEH_LIVIANO,,,,
2024-09-09 20:25:20,-4.000425,-79.193007,Ruta 35,CON_LESIONADOS,Colision Multiple,Equipo de seguridad deficiente,58,LESIONADO,HOMBRE,VEH_LIVIANO,,,,,,,,
2024-10-27 15:20:53,-4.017664,-79.182290,Calle Rocafuerte,SOLO_DANOS,Incendio,Inobservancia de senales,,,,,,,,,,,,
2024-06-23 05:04:47,-3.996012,-79.207737,Calle Azogues,SOLO_DANOS,Caida,Fatiga del conductor,52,LESIONADO,MUJER,PEATON,,,,,,,,
2024-01-26 16:52:24,-3.990969,-79.217266,Calle 10 de Agosto,SOLO_DANOS,Choque Vehicular,Fatiga del conductor,,,,,,,,,,,,
2024-10-24 06:21:38,-3.994959,-79.227688,Calle Miguel Riofrio,CON_LESIONADOS,Caida,Exceso de velocidad,35,LESIONADO,NO_REGISTRA,SCOOTER,43,LESIONADO,HOMBRE,CICLISTA,,,,
2024-08-16 08:33:07,-4.028004,-79.229348,Calle Azogues,CON_FALLECIDOS,Accidente Laboral,Factores externos,18,FALLECIDO,MUJER,PEATON,,,,,,,,
2024-01-07 14:54:03,-4.023093,-79.180355,Calle Quito,CON_FALLECIDOS,Choque Vehicular,Mal estado de la via,33,FALLECIDO,MUJER,MOTOCICLETA,58,FALLECIDO,HOMBRE,MOTOCICLETA,15,LESIONADO,MUJER,VEH_LIVIANO
2024-12-24 04:56:54,-4.018759,-79.182839,Calle 18 de Noviembre,CON_LESIONADOS,Choque Vehicular,Visibilidad reducida,66,LESIONADO,MUJER,PEATON,33,LESIONADO,HOMBRE,CICLISTA,18,LESIONADO,NO_REGISTRA,VEH_LIVIANO
2024-09-05 03:17:28,-3.984005,-79.222855,Calle Saraguro,CON_LESIONADOS,Colision Multiple,Visibilidad reducida,40,LESIONADO,NO_REGISTRA,VEH_LIVIANO,56,LESIONADO,HOMBRE,PEATON,,,,
2024-12-11 03:13:07,-4.024511,-79.201289,Av. 8 de Diciembre,CON_LESIONADOS,Colision Multiple,Estado de embriaguez,63,LESIONADO,MUJER,VEH_LIVIANO,12,LESIONADO,HOMBRE,CICLISTA,7,LESIONADO,NO_REGISTRA,MOTOCICLETA
2024-03-14 05:26:10,-3.992311,-79.208123,Calle Azogues,SOLO_DANOS,Volcamiento,Visibilidad reducida,,,,,,,,,,,,
2024-07-18 05:52:23,-3.988517,-79.215752,Calle Saraguro,SOLO_DANOS,Colision Multiple,Fatiga del conductor,,,,,,,,,,,,
2024-04-04 15:13:04,-4.020408,-79.209393,Ruta 35,CON_LESIONADOS,Atropellamiento,Imprudencia del conductor,73,LESIONADO,MUJER,PEATON,67,LESIONADO,HOMBRE,CICLISTA,76,LESIONADO,MUJER,VEH_LIVIANO
2024-10-07 19:00:38,-3.994108,-79.184055,Calle Bolivar,CON_FALLECIDOS,Incendio,Factores externos,20,FALLECIDO,NO_REGISTRA,CICLISTA,21,FALLECIDO,HOMBRE,SCOOTER,,,,
2024-08-01 10:31:03,-4.031281,-79.181959,Calle Saraguro,CON_LESIONADOS,Volcamiento,Inobservancia de senales,74,LESIONADO,NO_REGISTRA,MOTOCICLETA,29,LESIONADO,MUJER,VEH_LIVIANO,57,LESIONADO,MUJER,PEATON
2024-07-16 01:24:25,-4.023049,-79.188224,Calle Bolivar,CON_LESIONADOS,Accidente Laboral,Fatiga del conductor,79,LESIONADO,MUJER,SCOOTER,,,,,,,,
2024-06-07 23:49:09,-4.002999,-79.208514,Av. Manuel Agustin Aguirre,CON_FALLECIDOS,Choque Vehicular,Distraccion (celular/radio),18,FALLECIDO,NO_REGISTRA,SCOOTER,69,FALLECIDO,MUJER,MOTOCICLETA,,,,
2024-04-29 04:39:55,-4.002120,-79.227862,Av. Metropolitana,SOLO_DANOS,Atropellamiento,Via resbaladiza o mojada,,,,,,,,,,,,
2024-10-14 12:34:08,-4.010599,-79.192074,Av. Universitaria,CON_LESIONADOS,Incendio,Mal estado de la via,33,LESIONADO,HOMBRE,PEATON,16,LESIONADO,NO_REGISTRA,CICLISTA,21,LESIONADO,NO_REGISTRA,MOTOCICLETA
2024-06-03 09:46:57,-3.990489,-79.198235,Av. Metropolitana,SOLO_DANOS,Volcamiento,Visibilidad reducida,47,LESIONADO,MUJER,SCOOTER,,,,,,,,
2024-09-05 19:59:42,-4.009254,-79.202760,Calle Rocafuerte,SOLO_DANOS,Volcamiento,Via resbaladiza o mojada,,,,,,,,,,,,
2024-08-21 02:41:00,-3.993879,-79.212519,Calle Azogues,CON_LESIONADOS,Caida,Exceso de velocidad,18,LESIONADO,NO_REGISTRA,VEH_LIVIANO,19,LESIONADO,MUJER,VEH_LIVIANO,,,,
2024-01-02 06:44:44,-3.978880,-79.219938,Av. Reinaldo Espinosa,CON_FALLECIDOS,Colision Multiple,Mal estado de la via,58,FALLECIDO,MUJER,CICLISTA,60,FALLECIDO,MUJER,PEATON,7,LESIONADO,MUJER,SCOOTER
2024-02-28 10:20:11,-3.987483,-79.222636,Av. Rosa Hermosa,CON_LESIONADOS,Accidente Laboral,Via resbaladiza o mojada,54,LESIONADO,MUJER,OTRO,37,LESIONADO,NO_REGISTRA,VEH_LIVIANO,25,LESIONADO,NO_REGISTRA,PEATON
2024-02-26 05:52:41,-3.981989,-79.196967,Av. Reinaldo Espinosa,SOLO_DANOS,Caida,Visibilidad reducida,,,,,,,,,,,,
2024-11-07 06:59:55,-4.034727,-79.218071,Via Loja - Catamayo,SOLO_DANOS,Incendio,Estado de embriaguez,,,,,,,,,,,,
2024-11-27 18:15:02,-4.010069,-79.212670,Av. Orillas del Zamora,CON_FALLECIDOS,Incendio,Falla mecanica,29,FALLECIDO,HOMBRE,OTRO,49,FALLECIDO,NO_REGISTRA,PEATON,54,LESIONADO,MUJER,SCOOTER
2024-07-13 03:19:16,-4.028027,-79.214601,Calle Miguel Riofrio,CON_FALLECIDOS,Colision Multiple,Distraccion (celular/radio),75,FALLECIDO,NO_REGISTRA,MOTOCICLETA,58,FALLECIDO,NO_REGISTRA,VEH_LIVIANO,,,,
2024-08-18 19:04:41,-3.987838,-79.172889,Av. Manuel Agustin Aguirre,CON_LESIONADOS,Accidente Laboral,Distraccion (celular/radio),44,LESIONADO,MUJER,VEH_LIVIANO,,,,,,,,
2024-12-29 07:41:21,-4.032083,-79.229612,Av. Reinaldo Espinosa,CON_FALLECIDOS,Incendio,Via resbaladiza o mojada,55,FALLECIDO,MUJER,MOTOCICLETA,36,FALLECIDO,NO_REGISTRA,MOTOCICLETA,,,,
2024-11-01 04:54:53,-4.023968,-79.212275,Calle Quito,CON_FALLECIDOS,Caida,Estado de embriaguez,79,FALLECIDO,MUJER,PEATON,61,FALLECIDO,MUJER,VEH_LIVIANO,28,LESIONADO,MUJER,CICLISTA
2024-05-16 04:07:35,-3.985083,-79.178118,Calle Saraguro,CON_FALLECIDOS,Incendio,Imprudencia del conductor,27,FALLECIDO,HOMBRE,OTRO,65,FALLECIDO,HOMBRE,MOTOCICLETA,66,LESIONADO,NO_REGISTRA,CICLISTA
2024-03-10 16:05:55,-4.030891,-79.217664,Av. Gran Colombia,SOLO_DANOS,Choque Vehicular,Equipo de seguridad deficiente,,,,,,,,,,,,
2024-12-28 18:52:23,-4.010032,-79.204620,Calle 18 de Noviembre,CON_LESIONADOS,Caida,Mal estado de la via,12,LESIONADO,MUJER,MOTOCICLETA,,,,,,,,
2024-03-10 05:53:13,-4.033806,-79.192921,Calle Sucre,CON_FALLECIDOS,Incendio,Mal estado de la via,28,FALLECIDO,NO_REGISTRA,MOTOCICLETA,74,LESIONADO,HOMBRE,VEH_LIVIANO,,,,
2024-03-12 18:51:47,-3.989009,-79.194991,Av. Pio Jaramillo,SOLO_DANOS,Choque Vehicular,Visibilidad reducida,,,,,,,,,,,,
2024-01-08 05:35:01,-3.984128,-79.197441,Calle Miguel Riofrio,SOLO_DANOS,Choque Vehicular,Mal estado de la via,,,,,,,,,,,,
2024-06-18 14:53:27,-3.981090,-79.219069,Av. Isidro Ayora,SOLO_DANOS,Choque Vehicular,Equipo de seguridad deficiente,,,,,,,,,,,,
2024-08-15 04:12:38,-4.016980,-79.221075,Via Loja - Zamora,CON_FALLECIDOS,Atropellamiento,Estado de embriaguez,71,FALLECIDO,MUJER,PEATON,80,LESIONADO,MUJER,MOTOCICLETA,,,,
2024-02-23 21:00:46,-4.000522,-79.172485,Calle Montufar,CON_LESIONADOS,Atropellamiento,Exceso de velocidad,70,LESIONADO,MUJER,MOTOCICLETA,76,LESIONADO,MUJER,SCOOTER,,,,
2024-04-04 05:04:42,-4.033690,-79.192928,Calle 18 de Noviembre,CON_LESIONADOS,Caida,Inobservancia de senales,10,LESIONADO,MUJER,MOTOCICLETA,35,LESIONADO,NO_REGISTRA,PEATON,62,LESIONADO,MUJER,PEATON
2024-05-27 21:42:06,-4.028269,-79.193820,Av. Pio Jaramillo,CON_LESIONADOS,Caida,Imprudencia del conductor,20,LESIONADO,NO_REGISTRA,SCOOTER,25,LESIONADO,HOMBRE,CICLISTA,51,LESIONADO,NO_REGISTRA,OTRO
2024-04-13 00:25:14,-4.012870,-79.199735,Calle Quito,SOLO_DANOS,Caida,Fatiga del conductor,,,,,,,,,,,,
2024-08-15 23:10:32,-4.034207,-79.225955,Av. Orillas del Zamora,CON_LESIONADOS,Volcamiento,Distraccion (celular/radio),6,LESIONADO,MUJER,OTRO,49,LESIONADO,NO_REGISTRA,MOTOCICLETA,14,LESIONADO,NO_REGISTRA,OTRO
2024-12-04 07:04:57,-3.983806,-79.197303,Calle 10 de Agosto,SOLO_DANOS,Volcamiento,Visibilidad reducida,,,,,,,,,,,,
2024-07-14 04:17:06,-3.984409,-79.211974,Calle Quito,CON_LESIONADOS,Atropellamiento,Mal estado de la via,41,LESIONADO,MUJER,SCOOTER,38,LESIONADO,MUJER,SCOOTER,,,,
2024-02-21 12:53:26,-4.002775,-79.226758,Av. Orillas del Zamora,SOLO_DANOS,Choque Vehicular,Via resbaladiza o mojada,,,,,,,,,,,,
2024-04-09 15:04:50,-3.992638,-79.224358,Av. 8 de Diciembre,SOLO_DANOS,Volcamiento,Factores externos,,,,,,,,,,,,
2024-05-30 14:13:03,-4.012999,-79.175722,Calle 10 de Agosto,CON_FALLECIDOS,Volcamiento,Visibilidad reducida,83,FALLECIDO,HOMBRE,MOTOCICLETA,19,FALLECIDO,NO_REGISTRA,SCOOTER,70,LESIONADO,MUJER,CICLISTA
2024-04-24 16:33:03,-3.992510,-79.176109,Av. Manuel Agustin Aguirre,SOLO_DANOS,Choque Vehicular,Imprudencia del conductor,,,,,,,,,,,,
2024-04-25 21:01:34,-4.023650,-79.175042,Ruta 35,CON_LESIONADOS,Accidente Laboral,Falla mecanica,67,LESIONADO,MUJER,PEATON,58,LESIONADO,NO_REGISTRA,MOTOCICLETA,5,LESIONADO,MUJER,CICLISTA
2024-09-17 08:55:41,-4.033126,-79.211011,Calle Bolivar,CON_FALLECIDOS,Accidente Laboral,Distraccion (celular/radio),63,FALLECIDO,HOMBRE,VEH_LIVIANO,18,FALLECIDO,NO_REGISTRA,MOTOCICLETA,,,,
2024-03-14 12:45:24,-4.001281,-79.194297,Av. Universitaria,SOLO_DANOS,Caida,Visibilidad reducida,,,,,,,,,,,,
2024-05-22 11:49:05,-4.000453,-79.230585,Calle Bolivar,SOLO_DANOS,Accidente Laboral,Imprudencia del conductor,,,,,,,,,,,,
2024-04-16 05:30:49,-4.008348,-79.229080,Via Loja - Zamora,SOLO_DANOS,Colision Multiple,Imprudencia del conductor,,,,,,,,,,,,
2024-11-10 22:34:11,-4.027828,-79.191512,Av. Gran Colombia,CON_FALLECIDOS,Atropellamiento,Inobservancia de senales,19,FALLECIDO,MUJER,MOTOCICLETA,71,FALLECIDO,HOMBRE,VEH_LIVIANO,,,,
2024-04-29 18:13:36,-3.983224,-79.180004,Calle Ramon Borrero,CON_LESIONADOS,Caida,Exceso de velocidad,35,LESIONADO,NO_REGISTRA,PEATON,38,LESIONADO,MUJER,OTRO,5,LESIONADO,HOMBRE,PEATON
2024-07-27 20:49:32,-3.985362,-79.204971,Av. Reinaldo Espinosa,SOLO_DANOS,Incendio,Inobservancia de senales,,,,,,,,,,,,
2024-11-21 08:21:19,-4.024080,-79.191361,Av. Rosa Hermosa,SOLO_DANOS,Volcamiento,Mal estado de la via,,,,,,,,,,,,
2024-01-01 01:23:23,-4.021107,-79.173897,Calle Miguel Riofrio,SOLO_DANOS,Incendio,Estado de embriaguez,,,,,,,,,,,,
2024-11-06 23:57:06,-3.980791,-79.175347,Calle Saraguro,CON_FALLECIDOS,Caida,Inobservancia de senales,43,FALLECIDO,NO_REGISTRA,PEATON,57,FALLECIDO,HOMBRE,SCOOTER,,,,
2024-06-16 15:27:02,-4.005145,-79.188831,Av. 8 de Diciembre,SOLO_DANOS,Colision Multiple,Mal estado de la via,,,,,,,,,,,,
2024-02-09 01:28:52,-3.990458,-79.197013,Calle Miguel Riofrio,CON_LESIONADOS,Choque Vehicular,Fatiga del conductor,78,LESIONADO,NO_REGISTRA,VEH_LIVIANO,,,,,,,,
2024-08-21 01:07:56,-4.020543,-79.181462,Av. Cuxibamba,SOLO_DANOS,Incendio,Exceso de velocidad,,,,,,,,,,,,
2024-12-22 10:43:40,-4.006043,-79.191441,Calle Miguel Riofrio,SOLO_DANOS,Volcamiento,Fatiga del conductor,,,,,,,,,,,,
2024-08-30 19:21:38,-4.025212,-79.184465,Av. Universitaria,CON_FALLECIDOS,Accidente Laboral,Estado de embriaguez,33,FALLECIDO,HOMBRE,CICLISTA,15,LESIONADO,MUJER,PEATON,,,,
2024-06-06 16:22:11,-3.990904,-79.228153,Calle Bolivar,SOLO_DANOS,Choque Vehicular,Equipo de seguridad deficiente,,,,,,,,,,,,
2024-08-17 01:41:48,-3.983526,-79.176455,Av. Gran Colombia,CON_LESIONADOS,Caida,Via resbaladiza o mojada,10,LESIONADO,MUJER,SCOOTER,41,LESIONADO,MUJER,OTRO,,,,
2024-09-11 22:19:45,-4.009544,-79.200666,Av. Metropolitana,CON_FALLECIDOS,Choque Vehicular,Via resbaladiza o mojada,20,FALLECIDO,MUJER,OTRO,56,FALLECIDO,MUJER,VEH_LIVIANO,,,,
2024-08-24 12:03:35,-4.004755,-79.184410,Av. 8 de Diciembre,SOLO_DANOS,Accidente Laboral,Mal estado de la via,,,,,,,,,,,,
2024-07-02 17:29:59,-4.009550,-79.228915,Calle Sucre,SOLO_DANOS,Caida,Estado de embriaguez,,,,,,,,,,,,
2024-04-14 09:03:10,-3.996220,-79.187766,Via Loja - Catamayo,CON_LESIONADOS,Colision Multiple,Equipo de seguridad deficiente,22,LESIONADO,HOMBRE,VEH_LIVIANO,,,,,,,,
2024-03-29 15:57:22,-4.016080,-79.224791,Calle 10 de Agosto,CON_LESIONADOS,Accidente Laboral,Fatiga del conductor,11,LESIONADO,NO_REGISTRA,PEATON,36,LESIONADO,HOMBRE,CICLISTA,76,LESIONADO,MUJER,PEATON
2024-01-17 16:00:53,-3.985012,-79.197129,Calle Mercadillo,CON_FALLECIDOS,Volcamiento,Imprudencia del conductor,50,FALLECIDO,MUJER,PEATON,81,FALLECIDO,NO_REGISTRA,SCOOTER,70,LESIONADO,HOMBRE,CICLISTA
2024-05-29 01:03:03,-3.979613,-79.180547,Calle Bolivar,CON_LESIONADOS,Volcamiento,Factores externos,44,LESIONADO,NO_REGISTRA,PEATON,69,LESIONADO,MUJER,PEATON,,,,
2024-03-12 08:01:19,-4.024227,-79.187032,Calle Bolivar,CON_LESIONADOS,Accidente Laboral,Equipo de seguridad deficiente,33,LESIONADO,NO_REGISTRA,CICLISTA,45,LESIONADO,HOMBRE,VEH_LIVIANO,,,,
2024-04-08 03:34:09,-4.021554,-79.193453,Av. Isidro Ayora,CON_FALLECIDOS,Atropellamiento,Exceso de velocidad,51,FALLECIDO,MUJER,OTRO,51,FALLECIDO,NO_REGISTRA,PEATON,76,LESIONADO,HOMBRE,SCOOTER
2024-11-28 13:46:22,-4.017154,-79.201595,Calle Colon,SOLO_DANOS,Incendio,Imprudencia del conductor,,,,,,,,,,,,
2024-11-14 10:43:34,-4.002910,-79.211908,Av. Universitaria,SOLO_DANOS,Caida,Falla mecanica,,,,,,,,,,,,
2024-07-14 12:48:33,-4.005184,-79.207320,Av. Metropolitana,CON_LESIONADOS,Volcamiento,Factores externos,18,LESIONADO,NO_REGISTRA,CICLISTA,,,,,,,,
2024-11-02 23:22:27,-4.024328,-79.224131,Av. Isidro Ayora,SOLO_DANOS,Volcamiento,Falla mecanica,,,,,,,,,,,,
2024-08-23 10:01:24,-4.021031,-79.196234,Via Loja - Catamayo,CON_LESIONADOS,Atropellamiento,Distraccion (celular/radio),75,LESIONADO,MUJER,OTRO,,,,,,,,
2024-07-16 10:13:38,-4.018225,-79.207971,Calle Rocafuerte,CON_FALLECIDOS,Colision Multiple,Fatiga del conductor,38,FALLECIDO,HOMBRE,CICLISTA,48,FALLECIDO,MUJER,MOTOCICLETA,56,LESIONADO,HOMBRE,VEH_LIVIANO
2024-04-18 23:47:54,-4.032938,-79.194998,Calle 10 de Agosto,SOLO_DANOS,Choque Vehicular,Factores externos,79,LESIONADO,HOMBRE,CICLISTA,,,,,,,,
2024-08-18 07:21:48,-4.016815,-79.198028,Av. 8 de Diciembre,SOLO_DANOS,Choque Vehicular,Inobservancia de senales,49,LESIONADO,HOMBRE,MOTOCICLETA,,,,,,,,
2024-08-30 22:50:17,-4.020522,-79.186712,Calle Miguel Riofrio,SOLO_DANOS,Accidente Laboral,Visibilidad reducida,,,,,,,,,,,,
2024-08-15 22:19:17,-3.988100,-79.188091,Calle Miguel Riofrio,CON_LESIONADOS,Caida,Distraccion (celular/radio),16,LESIONADO,HOMBRE,CICLISTA,35,LESIONADO,NO_REGISTRA,MOTOCICLETA,,,,
2024-03-22 07:27:36,-3.982309,-79.206812,Av. Metropolitana,SOLO_DANOS,Colision Multiple,Visibilidad reducida,,,,,,,,,,,,
2024-02-09 07:02:04,-3.998103,-79.175202,Calle Saraguro,SOLO_DANOS,Atropellamiento,Inobservancia de senales,,,,,,,,,,,,
2024-02-20 16:30:55,-3.994558,-79.183446,Calle Azogues,SOLO_DANOS,Volcamiento,Falla mecanica,,,,,,,,,,,,
2024-09-17 22:06:19,-4.001785,-79.213206,Av. Gran Colombia,SOLO_DANOS,Volcamiento,Mal estado de la via,,,,,,,,,,,,
2024-03-05 08:38:21,-4.028335,-79.192226,Av. Gran Colombia,CON_FALLECIDOS,Caida,Fatiga del conductor,82,FALLECIDO,HOMBRE,CICLISTA,66,FALLECIDO,NO_REGISTRA,VEH_LIVIANO,62,LESIONADO,MUJER,CICLISTA
2024-02-15 12:02:00,-4.023420,-79.176957,Av. Isidro Ayora,CON_FALLECIDOS,Choque Vehicular,Via resbaladiza o mojada,19,FALLECIDO,NO_REGISTRA,SCOOTER,39,FALLECIDO,MUJER,CICLISTA,44,LESIONADO,HOMBRE,MOTOCICLETA
2024-10-29 12:53:13,-4.008135,-79.207111,Calle Ramon Borrero,SOLO_DANOS,Atropellamiento,Estado de embriaguez,,,,,,,,,,,,
2024-08-06 21:43:45,-3.999080,-79.226009,Calle Saraguro,CON_LESIONADOS,Accidente Laboral,Factores externos,6,LESIONADO,MUJER,VEH_LIVIANO,59,LESIONADO,MUJER,MOTOCICLETA,,,,
2024-11-06 22:38:03,-4.033747,-79.198074,Via Loja - Catamayo,CON_FALLECIDOS,Volcamiento,Estado de embriaguez,64,FALLECIDO,HOMBRE,CICLISTA,35,FALLECIDO,HOMBRE,OTRO,68,LESIONADO,NO_REGISTRA,MOTOCICLETA
2024-08-20 15:37:37,-3.982364,-79.185678,Calle Imbabura,SOLO_DANOS,Colision Multiple,Estado de embriaguez,,,,,,,,,,,,
2024-08-18 02:34:39,-4.006977,-79.175872,Via Loja - Catamayo,SOLO_DANOS,Volcamiento,Equipo de seguridad deficiente,,,,,,,,,,,,
2024-04-02 00:35:33,-4.036262,-79.229742,Calle Sucre,CON_LESIONADOS,Accidente Laboral,Estado de embriaguez,9,LESIONADO,HOMBRE,VEH_LIVIANO,,,,,,,,
2024-10-31 04:14:05,-3.989376,-79.193568,Calle 10 de Agosto,SOLO_DANOS,Atropellamiento,Fatiga del conductor,,,,,,,,,,,,
2024-10-06 05:16:54,-3.998420,-79.177506,Av. Gran Colombia,SOLO_DANOS,Caida,Estado de embriaguez,,,,,,,,,,,,
2024-12-29 15:13:11,-4.029241,-79.221744,Calle Ramon Borrero,CON_FALLECIDOS,Volcamiento,Distraccion (celular/radio),80,FALLECIDO,MUJER,OTRO,54,FALLECIDO,NO_REGISTRA,SCOOTER,,,,
2024-01-20 07:10:30,-4.005027,-79.225270,Av. Cuxibamba,SOLO_DANOS,Incendio,Exceso de velocidad,,,,,,,,,,,,
2024-05-13 18:35:25,-4.007502,-79.212204,Calle Bolivar,CON_FALLECIDOS,Atropellamiento,Visibilidad reducida,49,FALLECIDO,MUJER,MOTOCICLETA,43,LESIONADO,MUJER,VEH_LIVIANO,31,LESIONADO,MUJER,SCOOTER
2024-03-13 20:32:10,-3.994102,-79.190906,Via Loja - Catamayo,CON_LESIONADOS,Choque Vehicular,Falla mecanica,69,LESIONADO,HOMBRE,CICLISTA,75,LESIONADO,HOMBRE,MOTOCICLETA,8,LESIONADO,NO_REGISTRA,PEATON