fecha_hora,latitud,longitud,via,grado_severidad,tipo_siniestro,causa_probable,victima1_edad,victima1_condicion,victima1_sexo,victima1_actor_vial,victima2_edad,victima2_condicion,victima2_sexo,victima2_actor_vial,victima3_edad,victima3_condicion,victima3_sexo,victima3_actor_vial
2024-06-12 19:22:31,-3.985969,-79.183361,Av. Orillas del Zamora,CON_FALLECIDOS,Atropellamiento,Fatiga del conductor,32,FALLECIDO,HOMBRE,SCOOTER,60,FALLECIDO,MUJER,PEATON,,,,
2024-11-20 12:23:14,-4.016741,-79.193756,Av. Reinaldo Espinosa,CON_LESIONADOS,Caida,Exceso de velocidad,74,LESIONADO,NO_REGISTRA,CICLISTA,31,LESIONADO,HOMBRE,MOTOCICLETA,76,LESIONADO,NO_REGISTRA,VEH_LIVIANO
2024-08-22 07:23:23,-3.999670,-79.220288,Calle Mercadillo,CON_LESIONADOS,Colision Multiple,Imprudencia del conductor,53,LESIONADO,NO_REGISTRA,OTRO,66,LESIONADO,NO_REGISTRA,PEATON,,,,
2024-05-15 10:09:18,-4.002290,-79.183649,Av. Rosa Hermosa,CON_FALLECIDOS,Atropellamiento,Equipo de seguridad deficiente,73,FALLECIDO,MUJER,VEH_LIVIANO,7,LESIONADO,NO_REGISTRA,CICLISTA,,,,
2024-04-27 08:10:49,-4.027668,-79.183096,Av. Pio Jaramillo,SOLO_DANOS,Incendio,Inobservancia de senales,,,,,,,,,,,,
2024-02-29 09:54:46,-4.018389,-79.211024,Av. Universitaria,SOLO_DANOS,Accidente Laboral,Via resbaladiza o mojada,48,LESIONADO,MUJER,SCOOTER,,,,,,,,
2024-12-29 06:40:30,-4.004481,-79.204124,Calle Imbabura,CON_LESIONADOS,Atropellamiento,Fatiga del conductor,27,LESIONADO,HOMBRE,OTRO,79,LESIONADO,MUJER,CICLISTA,21,LESIONADO,HOMBRE,PEATON
2024-09-29 06:45:05,-4.030414,-79.229797,Calle 10 de Agosto,CON_FALLECIDOS,Atropellamiento,Mal estado de la via,85,FALLECIDO,MUJER,PEATON,75,FALLECIDO,NO_REGISTRA,MOTOCICLETA,39,LESIONADO,NO_REGISTRA,CICLISTA
2024-11-16 11:10:11,-4.014724,-79.217246,Calle Colon,CON_LESIONADOS,Accidente Laboral,Factores externos,5,LESIONADO,HOMBRE,PEATON,,,,,,,,
2024-12-03 23:19:20,-4.003272,-79.219965,Av. Rosa Hermosa,SOLO_DANOS,Atropellamiento,Equipo de seguridad deficiente,,,,,,,,,,,,
2024-08-25 04:40:00,-4.027871,-79.219334,Via Loja - Catamayo,SOLO_DANOS,Colision Multiple,Fatiga del conductor,51,LESIONADO,NO_REGISTRA,SCOOTER,,,,,,,,
2024-04-22 11:09:01,-4.005408,-79.212252,Calle Quito,CON_LESIONADOS,Volcamiento,Equipo de seguridad deficiente,72,LESIONADO,HOMBRE,OTRO,16,LESIONADO,NO_REGISTRA,PEATON,56,LESIONADO,MUJER,MOTOCICLETA
2024-06-14 01:31:30,-3.991452,-79.205659,Calle Colon,SOLO_DANOS,Choque Vehicular,Mal estado de la via,,,,,,,,,,,,
2024-09-06 14:44:36,-4.000108,-79.177542,Av. Universitaria,CON_LESIONADOS,Accidente Laboral,Fatiga del conductor,52,LESIONADO,NO_REGISTRA,OTRO,78,LESIONADO,NO_REGISTRA,VEH_LIVIANO,46,LESIONADO,MUJER,PEATON
2024-07-18 00:03:12,-3.990757,-79.189328,Via Loja - Zamora,CON_FALLECIDOS,Volcamiento,Factores externos,74,FALLECIDO,HOMBRE,PEATON,69,FALLECIDO,HOMBRE,MOTOCICLETA,16,LESIONADO,HOMBRE,CICLISTA
2024-04-29 02:26:10,-3.988721,-79.180009,Calle Saraguro,CON_LESIONADOS,Choque Vehicular,Inobservancia de senales,72,LESIONADO,HOMBRE,VEH_LIVIANO,,,,,,,,
2024-07-14 03:31:32,-4.012188,-79.189543,Av. Isidro Ayora,SOLO_DANOS,Incendio,Inobservancia de senales,,,,,,,,,,,,
2024-10-23 14:41:01,-4.026221,-79.200193,Av. Rosa Hermosa,CON_FALLECIDOS,Incendio,Estado de embriaguez,63,FALLECIDO,NO_REGISTRA,CICLISTA,41,FALLECIDO,NO_REGISTRA,VEH_LIVIANO,16,LESIONADO,MUJER,VEH_LIVIANO
2024-01-26 17:45:42,-4.027845,-79.213132,Calle Rocafuerte,CON_FALLECIDOS,Atropellamiento,Factores externos,37,FALLECIDO,HOMBRE,OTRO,25,FALLECIDO,NO_REGISTRA,SCOOTER,6,LESIONADO,HOMBRE,SCOOTER
2024-11-15 00:45:12,-3.997792,-79.179743,Av. Reinaldo Espinosa,SOLO_DANOS,Atropellamiento,Inobservancia de senales,77,LESIONADO,HOMBRE,PEATON,,,,,,,,
2024-10-26 04:25:12,-4.025920,-79.204351,Av. Rosa Hermosa,SOLO_DANOS,Colision Multiple,Factores externos,,,,,,,,,,,,
2024-03-16 10:35:48,-3.994267,-79.222126,Av. Orillas del Zamora,CON_LESIONADOS,Caida,Estado de embriaguez,20,LESIONADO,HOMBRE,SCOOTER,,,,,,,,
2024-05-02 12:48:46,-3.986097,-79.172769,Calle 18 de Noviembre,SOLO_DANOS,Choque Vehicular,Exceso de velocidad,,,,,,,,,,,,
2024-07-23 18:52:50,-3.986880,-79.200794,Calle Colon,CON_FALLECIDOS,Colision Multiple,Inobservancia de senales,76,FALLECIDO,NO_REGISTRA,VEH_LIVIANO,53,FALLECIDO,HOMBRE,CICLISTA,12,LESIONADO,MUJER,PEATON
2024-11-06 05:11:58,-4.028111,-79.227760,Calle Azogues,SOLO_DANOS,Atropellamiento,Factores externos,,,,,,,,,,,,
2024-05-14 10:48:24,-3.987595,-79.222840,Calle Rocafuerte,SOLO_DANOS,Colision Multiple,Inobservancia de senales,,,,,,,,,,,,
2024-10-29 17:41:59,-4.012366,-79.179979,Ruta 35,CON_LESIONADOS,Atropellamiento,Equipo de seguridad deficiente,69,LESIONADO,HOMBRE,CICLISTA,,,,,,,,
2024-07-02 17:36:46,-4.015796,-79.172396,Calle Sucre,SOLO_DANOS,Caida,Visibilidad reducida,,,,,,,,,,,,
2024-08-09 16:49:48,-4.024940,-79.184164,Av. Isidro Ayora,CON_FALLECIDOS,Atropellamiento,Distraccion (celular/radio),38,FALLECIDO,MUJER,MOTOCICLETA,49,FALLECIDO,NO_REGISTRA,PEATON,60,LESIONADO,MUJER,CICLISTA
2024-01-18 05:20:30,-3.978892,-79.182843,Av. Metropolitana,SOLO_DANOS,Volcamiento,Via resbaladiza o mojada,,,,,,,,,,,,
2024-02-24 12:10:43,-3.999186,-79.193614,Av. Metropolitana,SOLO_DANOS,Volcamiento,Visibilidad reducida,,,,,,,,,,,,
2024-11-11 23:50:35,-4.016203,-79.220688,Calle Miguel Riofrio,CON_LESIONADOS,Atropellamiento,Inobservancia de senales,13,LESIONADO,HOMBRE,OTRO,,,,,,,,
2024-07-05 21:07:06,-4.017409,-79.227911,Av. Cuxibamba,CON_FALLECIDOS,Volcamiento,Fatiga del conductor,34,FALLECIDO,HOMBRE,SCOOTER,74,LESIONADO,MUJER,CICLISTA,67,LESIONADO,MUJER,OTRO
2024-06-21 22:44:05,-3.990609,-79.171057,Calle Mercadillo,SOLO_DANOS,Caida,Exceso de velocidad,,,,,,,,,,,,
2024-02-29 18:25:26,-4.016337,-79.212793,Calle Miguel Riofrio,CON_FALLECIDOS,Colision Multiple,Imprudencia del conductor,28,FALLECIDO,MUJER,OTRO,48,LESIONADO,NO_REGISTRA,CICLISTA,,,,
2024-03-21 09:35:34,-4.005744,-79.214615,Calle Mercadillo,CON_LESIONADOS,Volcamiento,Imprudencia del conductor,38,LESIONADO,NO_REGISTRA,PEATON,,,,,,,,
2024-11-05 12:30:39,-3.982185,-79.187577,Via Loja - Zamora,SOLO_DANOS,Volcamiento,Factores externos,,,,,,,,,,,,
2024-12-10 22:24:48,-3.985412,-79.216622,Ruta 35,CON_FALLECIDOS,Volcamiento,Inobservancia de senales,25,FALLECIDO,MUJER,CICLISTA,30,LESIONADO,MUJER,PEATON,14,LESIONADO,MUJER,MOTOCICLETA
2024-02-26 17:08:45,-4.027988,-79.180329,Calle Sucre,SOLO_DANOS,Atropellamiento,Mal estado de la via,,,,,,,,,,,,
2024-07-19 20:23:10,-4.016748,-79.227077,Av. Orillas del Zamora,CON_LESIONADOS,Volcamiento,Visibilidad reducida,47,LESIONADO,MUJER,SCOOTER,61,LESIONADO,NO_REGISTRA,CICLISTA,5,LESIONADO,HOMBRE,MOTOCICLETA
2024-09-24 01:20:00,-4.015350,-79.189924,Calle Miguel Riofrio,CON_LESIONADOS,Incendio,Equipo de seguridad deficiente,47,LESIONADO,HOMBRE,VEH_LIVIANO,53,LESIONADO,MUJER,MOTOCICLETA,,,,
2024-03-04 19:52:54,-4.029297,-79.177865,Av. Gran Colombia,CON_LESIONADOS,Accidente Laboral,Visibilidad reducida,20,LESIONADO,NO_REGISTRA,PEATON,50,LESIONADO,NO_REGISTRA,MOTOCICLETA,20,LESIONADO,HOMBRE,MOTOCICLETA
2024-01-03 11:02:36,-4.021060,-79.190665,Via Loja - Zamora,CON_FALLECIDOS,Caida,Fatiga del conductor,72,FALLECIDO,HOMBRE,VEH_LIVIANO,41,FALLECIDO,MUJER,OTRO,18,LESIONADO,MUJER,MOTOCICLETA
2024-08-11 16:45:15,-3.996055,-79.222707,Av. Isidro Ayora,SOLO_DANOS,Incendio,Inobservancia de senales,,,,,,,,,,,,
2024-07-30 09:14:40,-4.000204,-79.207870,Calle Ramon Borrero,CON_FALLECIDOS,Atropellamiento,Estado de embriaguez,38,FALLECIDO,HOMBRE,MOTOCICLETA,55,FALLECIDO,NO_REGISTRA,CICLISTA,29,LESIONADO,NO_REGISTRA,MOTOCICLETA
2024-11-22 05:51:49,-3.978202,-79.193965,Calle Azogues,SOLO_DANOS,Caida,Inobservancia de senales,,,,,,,,,,,,
2024-01-11 06:54:25,-4.013677,-79.216592,Calle Miguel Riofrio,CON_LESIONADOS,Volcamiento,Mal estado de la via,35,LESIONADO,NO_REGISTRA,PEATON,56,LESIONADO,HOMBRE,VEH_LIVIANO,25,LESIONADO,HOMBRE,PEATON
2024-09-04 03:02:22,-3.988272,-79.185216,Calle Azogues,CON_FALLECIDOS,Volcamiento,Imprudencia del conductor,74,FALLECIDO,MUJER,MOTOCICLETA,,,,,,,,
2024-07-24 13:31:00,-4.018567,-79.187768,Av. Gran Colombia,SOLO_DANOS,Atropellamiento,Exceso de velocidad,,,,,,,,,,,,
2024-07-17 05:01:57,-3.991625,-79.218096,Av. Rosa Hermosa,SOLO_DANOS,Incendio,Factores externos,59,LESIONADO,NO_REGISTRA,CICLISTA,,,,,,,,
2024-03-25 02:49:57,-4.025274,-79.226955,Calle Rocafuerte,CON_LESIONADOS,Choque Vehicular,Imprudencia del conductor,24,LESIONADO,HOMBRE,SCOOTER,11,LESIONADO,HOMBRE,CICLISTA,,,,
2024-05-29 11:55:03,-3.989348,-79.228622,Av. Pio Jaramillo,SOLO_DANOS,Atropellamiento,Visibilidad reducida,,,,,,,,,,,,
2024-09-19 00:02:21,-4.015818,-79.186467,Av. Isidro Ayora,CON_LESIONADOS,Colision Multiple,Exceso de velocidad,76,LESIONADO,NO_REGISTRA,PEATON,28,LESIONADO,MUJER,VEH_LIVIANO,,,,
2024-03-06 03:04:58,-3.983175,-79.186799,Calle Rocafuerte,SOLO_DANOS,Atropellamiento,Exceso de velocidad,,,,,,,,,,,,
2024-10-18 11:00:15,-4.024641,-79.177350,Av. Metropolitana,CON_LESIONADOS,Incendio,Distraccion (celular/radio),40,LESIONADO,MUJER,SCOOTER,55,LESIONADO,NO_REGISTRA,MOTOCICLETA,,,,
2024-02-19 15:31:09,-3.992878,-79.173162,Calle Bolivar,CON_FALLECIDOS,Volcamiento,Mal estado de la via,36,FALLECIDO,HOMBRE,SCOOTER,72,FALLECIDO,MUJER,VEH_LIVIANO,41,LESIONADO,MUJER,OTRO
2024-11-15 18:07:14,-3.991405,-79.182168,Calle Bolivar,SOLO_DANOS,Incendio,Visibilidad reducida,,,,,,,,,,,,
2024-12-30 23:56:14,-3.992832,-79.212961,Av. 8 de Diciembre,CON_LESIONADOS,Volcamiento,Mal estado de la via,27,LESIONADO,MUJER,PEATON,,,,,,,,
2024-06-06 15:01:49,-3.987208,-79.184544,Av. Orillas del Zamora,CON_LESIONADOS,Caida,Distraccion (celular/radio),61,LESIONADO,MUJER,MOTOCICLETA,,,,,,,,
2024-08-22 16:20:27,-4.020747,-79.220509,Calle 18 de Noviembre,CON_FALLECIDOS,Atropellamiento,Fatiga del conductor,77,FALLECIDO,NO_REGISTRA,MOTOCICLETA,36,FALLECIDO,HOMBRE,SCOOTER,45,LESIONADO,NO_REGISTRA,PEATON
2024-04-01 21:38:34,-4.004248,-79.184795,Av. Rosa Hermosa,CON_FALLECIDOS,Choque Vehicular,Inobservancia de senales,38,FALLECIDO,HOMBRE,CICLISTA,,,,,,,,
2024-04-02 11:56:13,-4.012965,-79.180231,Calle Sucre,SOLO_DANOS,Volcamiento,Exceso de velocidad,,,,,,,,,,,,
2024-07-03 16:02:49,-4.030180,-79.187767,Calle Rocafuerte,CON_LESIONADOS,Accidente Laboral,Distraccion (celular/radio),69,LESIONADO,HOMBRE,SCOOTER,29,LESIONADO,MUJER,VEH_LIVIANO,64,LESIONADO,MUJER,MOTOCICLETA
2024-09-10 20:14:40,-4.014191,-79.179277,Av. Orillas del Zamora,CON_LESIONADOS,Incendio,Equipo de seguridad deficiente,27,LESIONADO,HOMBRE,MOTOCICLETA,44,LESIONADO,HOMBRE,VEH_LIVIANO,,,,
2024-05-18 09:11:02,-3.989646,-79.195697,Calle Saraguro,SOLO_DANOS,Atropellamiento,Imprudencia del conductor,,,,,,,,,,,,
2024-12-24 13:20:08,-4.023863,-79.213606,Calle Mercadillo,SOLO_DANOS,Caida,Factores externos,,,,,,,,,,,,
2024-03-31 00:24:35,-3.982922,-79.184768,Calle Bolivar,SOLO_DANOS,Incendio,Exceso de velocidad,,,,,,,,,,,,
2024-12-04 04:47:42,-4.030408,-79.201542,Calle Quito,SOLO_DANOS,Volcamiento,Exceso de velocidad,,,,,,,,,,,,
2024-11-17 03:14:54,-4.011046,-79.211592,Calle Rocafuerte,CON_FALLECIDOS,Accidente Laboral,Distraccion (celular/radio),29,FALLECIDO,NO_REGISTRA,CICLISTA,80,FALLECIDO,HOMBRE,MOTOCICLETA,,,,
2024-11-04 06:29:52,-4.010676,-79.189691,Calle Imbabura,CON_FALLECIDOS,Atropellamiento,Distraccion (celular/radio),83,FALLECIDO,NO_REGISTRA,SCOOTER,76,FALLECIDO,MUJER,PEATON,67,LESIONADO,HOMBRE,MOTOCICLETA
2024-05-28 00:43:29,-3.996339,-79.185852,Calle Rocafuerte,SOLO_DANOS,Accidente Laboral,Inobservancia de senales,,,,,,,,,,,,
2024-07-20 04:11:51,-3.997368,-79.195253,Calle 10 de Agosto,CON_FALLECIDOS,Atropellamiento,Factores externos,57,FALLECIDO,MUJER,OTRO,48,LESIONADO,MUJER,OTRO,,,,
2024-01-26 02:34:59,-3.985574,-79.210015,Calle Azogues,CON_FALLECIDOS,Volcamiento,Visibilidad reducida,26,FALLECIDO,NO_REGISTRA,SCOOTER,,,,,,,,
2024-09-29 14:53:04,-3.999674,-79.215081,Calle 10 de Agosto,CON_LESIONADOS,Atropellamiento,Via resbaladiza o mojada,78,LESIONADO,MUJER,VEH_LIVIANO,,,,,,,,
2024-10-05 21:20:27,-4.019062,-79.212960,Calle Ramon Borrero,CON_FALLECIDOS,Atropellamiento,Mal estado de la via,78,FALLECIDO,MUJER,PEATON,35,LESIONADO,NO_REGISTRA,SCOOTER,63,LESIONADO,NO_REGISTRA,CICLISTA
2024-11-22 12:22:11,-4.036967,-79.174179,Calle Colon,SOLO_DANOS,Incendio,Mal estado de la via,,,,,,,,,,,,
2024-07-22 23:38:20,-4.022384,-79.192007,Calle Sucre,CON_FALLECIDOS,Atropellamiento,Fatiga del conductor,85,FALLECIDO,NO_REGISTRA,VEH_LIVIANO,21,FALLECIDO,MUJER,MOTOCICLETA,11,LESIONADO,HOMBRE,SCOOTER
2024-10-26 18:42:36,-4.016691,-79.192233,Calle Miguel Riofrio,SOLO_DANOS,Caida,Exceso de velocidad,,,,,,,,,,,,
2024-06-25 20:52:06,-3.989931,-79.210823,Calle Colon,CON_FALLECIDOS,Atropellamiento,Exceso de velocidad,30,FALLECIDO,HOMBRE,PEATON,63,LESIONADO,HOMBRE,VEH_LIVIANO,,,,
2024-03-13 22:57:56,-4.024789,-79.195041,Av. Isidro Ayora,CON_FALLECIDOS,Accidente Laboral,Imprudencia del conductor,36,FALLECIDO,NO_REGISTRA,CICLISTA,51,FALLECIDO,MUJER,MOTOCICLETA,37,LESIONADO,HOMBRE,MOTOCICLETA
2024-02-05 20:00:07,-4.016981,-79.181867,Calle Sucre,SOLO_DANOS,Colision Multiple,Imprudencia del conductor,,,,,,,,,,,,
2024-08-07 19:39:17,-4.008082,-79.212364,Av. 8 de Diciembre,CON_FALLECIDOS,Accidente Laboral,Falla mecanica,23,FALLECIDO,MUJER,VEH_LIVIANO,,,,,,,,
2024-10-21 23:28:20,-4.010789,-79.221220,Av. Cuxibamba,CON_LESIONADOS,Incendio,Factores externos,74,LESIONADO,MUJER,MOTOCICLETA,,,,,,,,
2024-11-29 08:25:20,-3.985882,-79.206662,Av. Cuxibamba,CON_LESIONADOS,Accidente Laboral,Mal estado de la via,61,LESIONADO,MUJER,PEATON,,,,,,,,
2024-01-06 12:26:06,-4.036703,-79.193878,Av. Rosa Hermosa,SOLO_DANOS,Accidente Laboral,Falla mecanica,,,,,,,,,,,,
2024-03-27 06:22:58,-4.027335,-79.184996,Av. Universitaria,CON_FALLECIDOS,Colision Multiple,Via resbaladiza o mojada,39,FALLECIDO,HOMBRE,VEH_LIVIANO,74,LESIONADO,MUJER,PEATON,,,,
2024-11-15 11:56:23,-4.030978,-79.177255,Av. Metropolitana,CON_FALLECIDOS,Incendio,Imprudencia del conductor,60,FALLECIDO,NO_REGISTRA,SCOOTER,,,,,,,,
2024-09-22 14:54:55,-4.030708,-79.176280,Calle Montufar,CON_LESIONADOS,Accidente Laboral,Falla mecanica,50,LESIONADO,NO_REGISTRA,MOTOCICLETA,50,LESIONADO,MUJER,CICLISTA,,,,
2024-09-30 01:11:01,-4.030616,-79.205160,Av. Isidro Ayora,CON_FALLECIDOS,Incendio,Factores externos,27,FALLECIDO,MUJER,VEH_LIVIANO,,,,,,,,
2024-03-30 03:58:48,-4.010553,-79.228160,Calle Ramon Borrero,CON_FALLECIDOS,Incendio,Factores externos,36,FALLECIDO,HOMBRE,PEATON,64,FALLECIDO,NO_REGISTRA,OTRO,,,,
2024-02-14 08:58:36,-4.005027,-79.174277,Calle 18 de Noviembre,CON_FALLECIDOS,Volcamiento,Via resbaladiza o mojada,37,FALLECIDO,HOMBRE,PEATON,81,FALLECIDO,MUJER,VEH_LIVIANO,,,,
2024-08-04 10:22:25,-4.005685,-79.211937,Av. Manuel Agustin Aguirre,CON_FALLECIDOS,Accidente Laboral,Equipo de seguridad deficiente,72,FALLECIDO,HOMBRE,OTRO,61,FALLECIDO,NO_REGISTRA,PEATON,,,,
2024-10-27 18:00:53,-4.008846,-79.178306,Av. Metropolitana,CON_FALLECIDOS,Volcamiento,Falla mecanica,55,FALLECIDO,HOMBRE,CICLISTA,19,LESIONADO,MUJER,OTRO,,,,
2024-10-30 16:37:31,-4.016418,-79.199920,Calle Mercadillo,CON_FALLECIDOS,Atropellamiento,Exceso de velocidad,40,FALLECIDO,MUJER,OTRO,73,FALLECIDO,NO_REGISTRA,PEATON,50,LESIONADO,HOMBRE,VEH_LIVIANO
2024-11-10 09:49:18,-4.005459,-79.206068,Av. Pio Jaramillo,CON_FALLECIDOS,Accidente Laboral,Mal estado de la via,59,FALLECIDO,MUJER,OTRO,38,FALLECIDO,NO_REGISTRA,CICLISTA,66,LESIONADO,HOMBRE,CICLISTA
2024-07-05 09:02:34,-3.988674,-79.218829,Av. Metropolitana,CON_LESIONADOS,Accidente Laboral,Via resbaladiza o mojada,56,LESIONADO,HOMBRE,MOTOCICLETA,79,LESIONADO,NO_REGISTRA,CICLISTA,,,,
2024-03-17 20:47:36,-3.989519,-79.171925,Av. Gran Colombia,SOLO_DANOS,Choque Vehicular,Imprudencia del conductor,,,,,,,,,,,,
2024-11-30 15:56:00,-3.977571,-79.216742,Ruta 35,CON_LESIONADOS,Atropellamiento,Exceso de velocidad,76,LESIONADO,HOMBRE,SCOOTER,27,LESIONADO,NO_REGISTRA,MOTOCICLETA,8,LESIONADO,MUJER,OTRO
2024-04-15 20:17:09,-4.001489,-79.223864,Calle Colon,CON_FALLECIDOS,Accidente Laboral,Factores externos,22,FALLECIDO,MUJER,PEATON,52,LESIONADO,HOMBRE,OTRO,16,LESIONADO,NO_REGISTRA,OTRO
2024-02-08 01:24:08,-3.984918,-79.188215,Av. Pio Jaramillo,CON_FALLECIDOS,Choque Vehicular,Equipo de seguridad deficiente,67,FALLECIDO,NO_REGISTRA,VEH_LIVIANO,36,LESIONADO,MUJER,CICLISTA,,,,
2024-10-01 06:32:31,-4.034512,-79.198483,Av. Metropolitana,SOLO_DANOS,Incendio,Via resbaladiza o mojada,,,,,,,,,,,,
2024-12-20 05:50:15,-4.006752,-79.224671,Av. Gran Colombia,SOLO_DANOS,Caida,Inobservancia de senales,,,,,,,,,,,,
2024-08-06 09:34:28,-4.016895,-79.213517,Calle Ramon Borrero,SOLO_DANOS,Colision Multiple,Falla mecanica,,,,,,,,,,,,
2024-03-10 08:00:39,-4.010945,-79.180413,Calle Sucre,CON_FALLECIDOS,Colision Multiple,Factores externos,22,FALLECIDO,HOMBRE,OTRO,65,FALLECIDO,MUJER,OTRO,50,LESIONADO,HOMBRE,PEATON
2024-05-20 01:37:09,-4.000965,-79.208981,Calle Bolivar,CON_FALLECIDOS,Volcamiento,Factores externos,45,FALLECIDO,HOMBRE,PEATON,78,FALLECIDO,MUJER,SCOOTER,26,LESIONADO,MUJER,CICLISTA
2024-05-29 15:59:30,-4.012812,-79.217768,Calle Azogues,SOLO_DANOS,Choque Vehicular,Falla mecanica,,,,,,,,,,,,
2024-02-09 22:53:31,-4.029302,-79.188818,Calle 10 de Agosto,CON_FALLECIDOS,Caida,Equipo de seguridad deficiente,41,FALLECIDO,HOMBRE,CICLISTA,27,LESIONADO,HOMBRE,PEATON,,,,
2024-10-08 17:44:35,-4.007356,-79.211459,Av. Pio Jaramillo,SOLO_DANOS,Choque Vehicular,Inobservancia de senales,,,,,,,,,,,,
2024-04-10 11:13:26,-4.020862,-79.223147,Av. Metropolitana,CON_LESIONADOS,Accidente Laboral,Distraccion (celular/radio),20,LESIONADO,NO_REGISTRA,PEATON,56,LESIONADO,MUJER,SCOOTER,,,,
2024-01-09 16:13:46,-4.022125,-79.229072,Av. Pio Jaramillo,CON_FALLECIDOS,Colision Multiple,Distraccion (celular/radio),33,FALLECIDO,HOMBRE,MOTOCICLETA,33,FALLECIDO,MUJER,MOTOCICLETA,8,LESIONADO,MUJER,CICLISTA
2024-05-03 08:23:14,-4.017869,-79.178259,Calle Bolivar,CON_FALLECIDOS,Atropellamiento,Falla mecanica,81,FALLECIDO,HOMBRE,PEATON,60,LESIONADO,NO_REGISTRA,VEH_LIVIANO,47,LESIONADO,HOMBRE,CICLISTA
2024-12-14 11:31:26,-4.014525,-79.173014,Calle Miguel Riofrio,CON_FALLECIDOS,Caida,Visibilidad reducida,53,FALLECIDO,NO_REGISTRA,OTRO,,,,,,,,
2024-01-31 01:29:24,-3.995018,-79.192717,Av. Orillas del Zamora,CON_LESIONADOS,Caida,Visibilidad reducida,56,LESIONADO,MUJER,CICLISTA,18,LESIONADO,MUJER,MOTOCICLETA,,,,
2024-12-04 21:31:52,-3.985058,-79.198392,Av. Cuxibamba,SOLO_DANOS,Colision Multiple,Distraccion (celular/radio),58,LESIONADO,MUJER,MOTOCICLETA,,,,,,,,
2024-02-18 22:34:55,-3.992547,-79.220013,Av. Universitaria,CON_FALLECIDOS,Accidente Laboral,Distraccion (celular/radio),35,FALLECIDO,NO_REGISTRA,VEH_LIVIANO,29,FALLECIDO,MUJER,MOTOCICLETA,9,LESIONADO,HOMBRE,SCOOTER
2024-07-07 01:51:29,-3.979317,-79.212883,Calle Sucre,SOLO_DANOS,Volcamiento,Mal estado de la via,,,,,,,,,,,,
2024-05-15 12:00:25,-3.987290,-79.191742,Calle Rocafuerte,CON_LESIONADOS,Colision Multiple,Equipo de seguridad deficiente,45,LESIONADO,HOMBRE,MOTOCICLETA,75,LESIONADO,NO_REGISTRA,SCOOTER,64,LESIONADO,MUJER,OTRO
2024-08-18 12:40:34,-3.984287,-79.185147,Ruta 35,SOLO_DANOS,Choque Vehicular,Fatiga del conductor,,,,,,,,,,,,
2024-03-23 05:53:14,-4.018522,-79.189189,Calle Miguel Riofrio,SOLO_DANOS,Choque Vehicular,Distraccion (celular/radio),,,,,,,,,,,,
2024-04-01 17:32:32,-3.979299,-79.222523,Av. Manuel Agustin Aguirre,CON_FALLECIDOS,Choque Vehicular,Imprudencia del conductor,81,FALLECIDO,NO_REGISTRA,CICLISTA,55,FALLECIDO,MUJER,PEATON,72,LESIONADO,MUJER,SCOOTER
2024-10-20 14:55:30,-3.994203,-79.210522,Av. Manuel Agustin Aguirre,CON_FALLECIDOS,Choque Vehicular,Via resbaladiza o mojada,37,FALLECIDO,NO_REGISTRA,PEATON,79,LESIONADO,MUJER,SCOOTER,33,LESIONADO,HOMBRE,CICLISTA
2024-05-13 04:56:24,-4.025177,-79.205657,Calle Mercadillo,SOLO_DANOS,Incendio,Fatiga del conductor,,,,,,,,,,,,
2024-06-11 17:58:25,-4.023354,-79.218999,Calle Miguel Riofrio,SOLO_DANOS,Atropellamiento,Via resbaladiza o mojada,,,,,,,,,,,,
2024-06-30 19:16:17,-4.034437,-79.173491,Calle Imbabura,CON_LESIONADOS,Colision Multiple,Factores externos,31,LESIONADO,HOMBRE,VEH_LIVIANO,31,LESIONADO,MUJER,PEATON,,,,
2024-01-28 11:33:10,-4.006445,-79.216524,Av. Pio Jaramillo,CON_LESIONADOS,Choque Vehicular,Estado de embriaguez,21,LESIONADO,HOMBRE,SCOOTER,73,LESIONADO,MUJER,MOTOCICLETA,57,LESIONADO,NO_REGISTRA,CICLISTA
2024-08-25 05:26:05,-3.993207,-79.218467,Ruta 35,SOLO_DANOS,Accidente Laboral,Via resbaladiza o mojada,,,,,,,,,,,,
2024-09-16 06:16:13,-4.022655,-79.229469,Av. Cuxibamba,CON_LESIONADOS,Volcamiento,Imprudencia del conductor,13,LESIONADO,NO_REGISTRA,OTRO,,,,,,,,
2024-11-17 04:39:22,-4.021645,-79.220251,Av. Isidro Ayora,CON_FALLECIDOS,Colision Multiple,Falla mecanica,56,FALLECIDO,HOMBRE,PEATON,68,LESIONADO,MUJER,OTRO,,,,
2024-12-30 02:11:40,-4.021449,-79.206905,Via Loja - Catamayo,SOLO_DANOS,Atropellamiento,Via resbaladiza o mojada,,,,,,,,,,,,
2024-06-25 16:23:36,-4.032401,-79.217181,Ruta 35,CON_FALLECIDOS,Caida,Falla mecanica,27,FALLECIDO,HOMBRE,SCOOTER,42,LESIONADO,NO_REGISTRA,MOTOCICLETA,,,,
2024-04-02 18:43:43,-3.977364,-79.206146,Calle Montufar,CON_FALLECIDOS,Incendio,Mal estado de la via,28,FALLECIDO,MUJER,VEH_LIVIANO,32,FALLECIDO,MUJER,PEATON,14,LESIONADO,HOMBRE,OTRO