fecha_hora,latitud,longitud,via,grado_severidad,tipo_siniestro,causa_probable,victima1_edad,victima1_condicion,victima1_sexo,victima1_actor_vial,victima2_edad,victima2_condicion,victima2_sexo,victima2_actor_vial,victima3_edad,victima3_condicion,victima3_sexo,victima3_actor_vial
2024-11-20 21:35:50,-4.002160,-79.194336,Av. Pio Jaramillo,CON_LESIONADOS,Atropellamiento,Mal estado de la via,48,LESIONADO,NO_REGISTRA,MOTOCICLETA,20,LESIONADO,HOMBRE,MOTOCICLETA,,,,
2024-12-14 05:10:35,-3.998938,-79.229775,Av. Orillas del Zamora,SOLO_DANOS,Volcamiento,Distraccion (celular/radio),,,,,,,,,,,,
2024-05-01 03:34:39,-3.984119,-79.222220,Calle 10 de Agosto,CON_FALLECIDOS,Choque Vehicular,Equipo de seguridad deficiente,28,FALLECIDO,MUJER,CICLISTA,28,FALLECIDO,HOMBRE,SCOOTER,17,LESIONADO,MUJER,SCOOTER
2024-02-05 01:10:14,-4.006126,-79.183339,Calle Miguel Riofrio,CON_LESIONADOS,Caida,Estado de embriaguez,59,LESIONADO,HOMBRE,SCOOTER,,,,,,,,
2024-05-03 01:56:09,-3.977820,-79.227736,Calle 10 de Agosto,CON_FALLECIDOS,Colision Multiple,Via resbaladiza o mojada,55,FALLECIDO,NO_REGISTRA,OTRO,,,,,,,,
2024-03-03 08:13:11,-3.993597,-79.174310,Av. Metropolitana,SOLO_DANOS,Atropellamiento,Falla mecanica,44,LESIONADO,HOMBRE,CICLISTA,,,,,,,,
2024-08-10 14:45:15,-3.981094,-79.193473,Av. Universitaria,CON_FALLECIDOS,Colision Multiple,Visibilidad reducida,52,FALLECIDO,MUJER,SCOOTER,52,LESIONADO,MUJER,OTRO,44,LESIONADO,MUJER,SCOOTER
2024-04-25 00:07:01,-4.005691,-79.185544,Av. Orillas del Zamora,CON_LESIONADOS,Volcamiento,Via resbaladiza o mojada,13,LESIONADO,NO_REGISTRA,SCOOTER,,,,,,,,
2024-04-28 00:18:24,-4.001810,-79.216143,Av. Pio Jaramillo,CON_FALLECIDOS,Accidente Laboral,Estado de embriaguez,82,FALLECIDO,NO_REGISTRA,OTRO,34,LESIONADO,MUJER,VEH_LIVIANO,11,LESIONADO,MUJER,PEATON
2024-08-19 03:50:58,-3.986238,-79.175581,Via Loja - Catamayo,SOLO_DANOS,Incendio,Mal estado de la via,69,LESIONADO,MUJER,PEATON,,,,,,,,
2024-09-10 18:12:50,-3.993927,-79.171936,Calle Azogues,CON_LESIONADOS,Choque Vehicular,Imprudencia del conductor,64,LESIONADO,HOMBRE,PEATON,31,LESIONADO,MUJER,OTRO,55,LESIONADO,MUJER,MOTOCICLETA
2024-05-24 14:07:01,-3.990443,-79.173826,Calle Miguel Riofrio,CON_FALLECIDOS,Incendio,Exceso de velocidad,40,FALLECIDO,MUJER,VEH_LIVIANO,,,,,,,,
2024-11-11 01:36:32,-4.004829,-79.214876,Calle Mercadillo,CON_LESIONADOS,Incendio,Falla mecanica,37,LESIONADO,HOMBRE,CICLISTA,71,LESIONADO,NO_REGISTRA,MOTOCICLETA,31,LESIONADO,HOMBRE,SCOOTER
2024-10-30 10:57:33,-3.991168,-79.213326,Calle Montufar,CON_LESIONADOS,Atropellamiento,Estado de embriaguez,25,LESIONADO,NO_REGISTRA,OTRO,,,,,,,,
2024-11-25 12:38:53,-4.023719,-79.202143,Calle Quito,SOLO_DANOS,Volcamiento,Inobservancia de senales,,,,,,,,,,,,
2024-02-05 20:42:38,-4.016754,-79.199988,Calle Sucre,CON_FALLECIDOS,Atropellamiento,Falla mecanica,28,FALLECIDO,MUJER,PEATON,69,FALLECIDO,MUJER,VEH_LIVIANO,59,LESIONADO,HOMBRE,OTRO
2024-06-29 16:30:02,-3.990886,-79.187879,Calle Quito,SOLO_DANOS,Accidente Laboral,Fatiga del conductor,,,,,,,,,,,,
2024-09-11 07:48:51,-3.980413,-79.208391,Av. Isidro Ayora,CON_FALLECIDOS,Atropellamiento,Fatiga del conductor,45,FALLECIDO,MUJER,CICLISTA,39,FALLECIDO,MUJER,OTRO,39,LESIONADO,NO_REGISTRA,PEATON
2024-05-08 09:48:37,-4.013561,-79.184866,Via Loja - Zamora,SOLO_DANOS,Incendio,Fatiga del conductor,,,,,,,,,,,,
2024-08-13 00:16:14,-4.018068,-79.196634,Av. Universitaria,CON_FALLECIDOS,Incendio,Falla mecanica,53,FALLECIDO,MUJER,MOTOCICLETA,58,FALLECIDO,HOMBRE,MOTOCICLETA,63,LESIONADO,MUJER,SCOOTER
2024-09-30 07:04:50,-4.018197,-79.228237,Calle Ramon Borrero,SOLO_DANOS,Volcamiento,Inobservancia de senales,,,,,,,,,,,,
2024-02-03 03:27:11,-4.014309,-79.177027,Calle Rocafuerte,SOLO_DANOS,Volcamiento,Visibilidad reducida,,,,,,,,,,,,
2024-11-29 06:28:33,-3.977847,-79.196610,Av. 8 de Diciembre,SOLO_DANOS,Colision Multiple,Estado de embriaguez,,,,,,,,,,,,
2024-04-04 10:13:00,-4.012914,-79.225397,Via Loja - Catamayo,CON_FALLECIDOS,Volcamiento,Inobservancia de senales,61,FALLECIDO,NO_REGISTRA,OTRO,54,FALLECIDO,MUJER,SCOOTER,,,,
2024-05-12 18:41:30,-3.994642,-79.217629,Calle Azogues,CON_FALLECIDOS,Colision Multiple,Inobservancia de senales,72,FALLECIDO,HOMBRE,MOTOCICLETA,,,,,,,,
2024-04-24 05:09:42,-3.990650,-79.211451,Calle Bolivar,SOLO_DANOS,Colision Multiple,Estado de embriaguez,,,,,,,,,,,,
2024-01-13 12:35:25,-3.982379,-79.192247,Calle Quito,SOLO_DANOS,Colision Multiple,Exceso de velocidad,16,LESIONADO,HOMBRE,PEATON,,,,,,,,
2024-06-15 23:02:19,-4.014563,-79.210156,Calle Rocafuerte,CON_LESIONADOS,Incendio,Falla mecanica,71,LESIONADO,HOMBRE,SCOOTER,19,LESIONADO,MUJER,VEH_LIVIANO,50,LESIONADO,NO_REGISTRA,PEATON
2024-05-05 12:36:59,-3.988995,-79.215675,Calle Quito,CON_LESIONADOS,Colision Multiple,Factores externos,31,LESIONADO,MUJER,OTRO,,,,,,,,
2024-10-04 17:56:12,-4.023497,-79.189050,Av. Pio Jaramillo,SOLO_DANOS,Accidente Laboral,Visibilidad reducida,,,,,,,,,,,,
2024-12-28 15:04:37,-3.999543,-79.183584,Av. Rosa Hermosa,CON_FALLECIDOS,Caida,Via resbaladiza o mojada,71,FALLECIDO,HOMBRE,PEATON,20,LESIONADO,HOMBRE,OTRO,13,LESIONADO,HOMBRE,PEATON
2024-08-12 20:33:42,-3.985211,-79.203382,Av. Cuxibamba,CON_LESIONADOS,Choque Vehicular,Inobservancia de senales,73,LESIONADO,MUJER,OTRO,72,LESIONADO,HOMBRE,PEATON,,,,
2024-09-06 06:20:12,-3.999889,-79.180637,Av. Pio Jaramillo,CON_LESIONADOS,Incendio,Inobservancia de senales,28,LESIONADO,NO_REGISTRA,OTRO,70,LESIONADO,HOMBRE,MOTOCICLETA,56,LESIONADO,NO_REGISTRA,MOTOCICLETA
2024-01-02 08:02:52,-4.000919,-79.216027,Via Loja - Zamora,CON_LESIONADOS,Incendio,Exceso de velocidad,76,LESIONADO,HOMBRE,VEH_LIVIANO,24,LESIONADO,HOMBRE,PEATON,74,LESIONADO,NO_REGISTRA,VEH_LIVIANO
2024-10-16 17:35:21,-3.991969,-79.229940,Av. Orillas del Zamora,CON_LESIONADOS,Accidente Laboral,Inobservancia de senales,30,LESIONADO,MUJER,VEH_LIVIANO,,,,,,,,
2024-07-02 18:16:16,-4.033999,-79.210000,Av. Pio Jaramillo,CON_FALLECIDOS,Accidente Laboral,Distraccion (celular/radio),29,FALLECIDO,HOMBRE,SCOOTER,46,FALLECIDO,NO_REGISTRA,OTRO,,,,
2024-01-27 07:34:49,-4.007150,-79.183508,Ruta 35,CON_LESIONADOS,Atropellamiento,Distraccion (celular/radio),25,LESIONADO,MUJER,PEATON,,,,,,,,
2024-01-14 20:53:57,-3.981780,-79.200996,Av. Manuel Agustin Aguirre,CON_LESIONADOS,Colision Multiple,Falla mecanica,29,LESIONADO,HOMBRE,PEATON,23,LESIONADO,HOMBRE,SCOOTER,21,LESIONADO,MUJER,PEATON
2024-05-21 07:45:51,-3.988945,-79.227212,Av. Pio Jaramillo,CON_LESIONADOS,Choque Vehicular,Estado de embriaguez,22,LESIONADO,HOMBRE,OTRO,43,LESIONADO,HOMBRE,MOTOCICLETA,,,,
2024-11-05 13:16:14,-4.000547,-79.189775,Calle Azogues,CON_FALLECIDOS,Atropellamiento,Inobservancia de senales,52,FALLECIDO,NO_REGISTRA,SCOOTER,,,,,,,,
2024-04-10 06:26:56,-3.986982,-79.208721,Calle Saraguro,SOLO_DANOS,Choque Vehicular,Exceso de velocidad,,,,,,,,,,,,
2024-04-14 09:05:44,-3.979175,-79.215665,Calle Azogues,CON_FALLECIDOS,Colision Multiple,Fatiga del conductor,41,FALLECIDO,HOMBRE,SCOOTER,60,FALLECIDO,MUJER,CICLISTA,,,,
2024-08-27 18:54:59,-4.027167,-79.180548,Av. Rosa Hermosa,CON_FALLECIDOS,Volcamiento,Mal estado de la via,58,FALLECIDO,NO_REGISTRA,SCOOTER,31,FALLECIDO,HOMBRE,MOTOCICLETA,,,,
2024-08-04 09:53:23,-4.034861,-79.229806,Calle 10 de Agosto,CON_LESIONADOS,Volcamiento,Imprudencia del conductor,65,LESIONADO,HOMBRE,SCOOTER,,,,,,,,
2024-08-14 11:26:13,-3.991643,-79.181233,Calle 18 de Noviembre,SOLO_DANOS,Accidente Laboral,Factores externos,,,,,,,,,,,,
2024-05-16 16:01:17,-4.004180,-79.205448,Calle Quito,CON_FALLECIDOS,Choque Vehicular,Distraccion (celular/radio),21,FALLECIDO,MUJER,VEH_LIVIANO,65,FALLECIDO,HOMBRE,OTRO,25,LESIONADO,HOMBRE,PEATON
2024-03-05 07:21:03,-4.019665,-79.180813,Av. Metropolitana,SOLO_DANOS,Caida,Fatiga del conductor,10,LESIONADO,HOMBRE,CICLISTA,,,,,,,,
2024-04-19 00:58:37,-4.030847,-79.174270,Via Loja - Zamora,SOLO_DANOS,Incendio,Inobservancia de senales,,,,,,,,,,,,
2024-10-05 06:50:37,-3.978973,-79.216891,Calle Miguel Riofrio,CON_FALLECIDOS,Volcamiento,Distraccion (celular/radio),52,FALLECIDO,MUJER,CICLISTA,62,LESIONADO,NO_REGISTRA,MOTOCICLETA,28,LESIONADO,NO_REGISTRA,MOTOCICLETA
2024-08-10 09:23:10,-4.032963,-79.230068,Calle Rocafuerte,CON_LESIONADOS,Atropellamiento,Via resbaladiza o mojada,9,LESIONADO,MUJER,PEATON,,,,,,,,
2024-03-10 03:22:43,-4.034908,-79.196419,Via Loja - Zamora,CON_LESIONADOS,Colision Multiple,Inobservancia de senales,22,LESIONADO,HOMBRE,PEATON,51,LESIONADO,NO_REGISTRA,MOTOCICLETA,78,LESIONADO,NO_REGISTRA,PEATON
2024-02-01 08:47:39,-4.000513,-79.213072,Calle 10 de Agosto,CON_LESIONADOS,Volcamiento,Visibilidad reducida,66,LESIONADO,MUJER,MOTOCICLETA,60,LESIONADO,HOMBRE,MOTOCICLETA,70,LESIONADO,NO_REGISTRA,SCOOTER
2024-05-26 20:56:02,-4.012103,-79.228914,Av. Rosa Hermosa,SOLO_DANOS,Volcamiento,Exceso de velocidad,,,,,,,,,,,,
2024-09-29 06:45:17,-3.983002,-79.200842,Calle Colon,CON_LESIONADOS,Choque Vehicular,Exceso de velocidad,6,LESIONADO,HOMBRE,CICLISTA,17,LESIONADO,MUJER,OTRO,20,LESIONADO,MUJER,PEATON
2024-04-13 20:51:10,-3.991202,-79.171525,Via Loja - Zamora,CON_LESIONADOS,Incendio,Factores externos,14,LESIONADO,NO_REGISTRA,PEATON,,,,,,,,
2024-10-09 04:45:09,-3.983745,-79.174480,Av. Isidro Ayora,SOLO_DANOS,Atropellamiento,Mal estado de la via,,,,,,,,,,,,
2024-07-09 14:50:21,-4.027367,-79.206058,Av. Universitaria,SOLO_DANOS,Atropellamiento,Mal estado de la via,,,,,,,,,,,,
2024-05-15 11:01:05,-4.021359,-79.184149,Ruta 35,SOLO_DANOS,Caida,Exceso de velocidad,,,,,,,,,,,,
2024-10-12 04:41:28,-3.994589,-79.229357,Calle 10 de Agosto,SOLO_DANOS,Colision Multiple,Exceso de velocidad,,,,,,,,,,,,
2024-07-14 13:57:37,-3.998503,-79.229084,Via Loja - Catamayo,SOLO_DANOS,Choque Vehicular,Estado de embriaguez,,,,,,,,,,,,
2024-06-28 06:56:04,-4.026307,-79.212179,Calle Azogues,CON_LESIONADOS,Choque Vehicular,Distraccion (celular/radio),52,LESIONADO,NO_REGISTRA,OTRO,,,,,,,,
2024-02-04 23:38:54,-4.011321,-79.190274,Via Loja - Zamora,CON_LESIONADOS,Colision Multiple,Exceso de velocidad,80,LESIONADO,NO_REGISTRA,CICLISTA,,,,,,,,
2024-02-06 21:03:10,-3.991417,-79.199465,Calle Mercadillo,SOLO_DANOS,Choque Vehicular,Equipo de seguridad deficiente,,,,,,,,,,,,
2024-12-30 02:56:11,-4.000613,-79.178137,Av. Cuxibamba,CON_FALLECIDOS,Choque Vehicular,Fatiga del conductor,61,FALLECIDO,HOMBRE,SCOOTER,81,FALLECIDO,NO_REGISTRA,VEH_LIVIANO,46,LESIONADO,HOMBRE,PEATON
2024-02-09 04:02:35,-3.979495,-79.173313,Calle Bolivar,CON_FALLECIDOS,Caida,Via resbaladiza o mojada,21,FALLECIDO,MUJER,CICLISTA,,,,,,,,
2024-05-17 08:23:31,-4.009609,-79.197707,Av. Metropolitana,CON_LESIONADOS,Colision Multiple,Equipo de seguridad deficiente,15,LESIONADO,MUJER,SCOOTER,48,LESIONADO,NO_REGISTRA,CICLISTA,,,,
2024-08-28 06:55:19,-3.983356,-79.188181,Calle Azogues,CON_LESIONADOS,Colision Multiple,Factores externos,7,LESIONADO,NO_REGISTRA,OTRO,52,LESIONADO,NO_REGISTRA,CICLISTA,,,,
2024-08-28 00:06:02,-4.026728,-79.183848,Av. Manuel Agustin Aguirre,CON_FALLECIDOS,Accidente Laboral,Falla mecanica,24,FALLECIDO,NO_REGISTRA,CICLISTA,,,,,,,,
2024-04-11 04:07:24,-4.000730,-79.203188,Calle Quito,CON_FALLECIDOS,Accidente Laboral,Imprudencia del conductor,30,FALLECIDO,MUJER,MOTOCICLETA,46,FALLECIDO,MUJER,VEH_LIVIANO,,,,
2024-08-09 09:16:04,-3.996822,-79.177404,Av. Reinaldo Espinosa,CON_FALLECIDOS,Accidente Laboral,Inobservancia de senales,77,FALLECIDO,HOMBRE,VEH_LIVIANO,37,LESIONADO,HOMBRE,PEATON,,,,
2024-03-12 16:32:20,-4.034454,-79.212731,Av. Metropolitana,CON_LESIONADOS,Accidente Laboral,Mal estado de la via,54,LESIONADO,MUJER,OTRO,77,LESIONADO,HOMBRE,PEATON,,,,
2024-10-03 08:54:17,-4.030111,-79.205824,Calle Saraguro,SOLO_DANOS,Caida,Equipo de seguridad deficiente,,,,,,,,,,,,
2024-12-05 11:56:20,-4.012534,-79.227897,Ruta 35,CON_LESIONADOS,Colision Multiple,Via resbaladiza o mojada,61,LESIONADO,HOMBRE,MOTOCICLETA,46,LESIONADO,HOMBRE,MOTOCICLETA,19,LESIONADO,MUJER,SCOOTER
2024-12-14 01:50:41,-4.024397,-79.172899,Av. 8 de Diciembre,CON_FALLECIDOS,Choque Vehicular,Inobservancia de senales,21,FALLECIDO,NO_REGISTRA,VEH_LIVIANO,36,FALLECIDO,MUJER,CICLISTA,62,LESIONADO,MUJER,PEATON
2024-11-12 05:49:15,-4.012490,-79.182394,Av. Manuel Agustin Aguirre,CON_FALLECIDOS,Colision Multiple,Factores externos,57,FALLECIDO,MUJER,MOTOCICLETA,,,,,,,,
2024-03-22 22:29:38,-4.022159,-79.175424,Calle Quito,SOLO_DANOS,Incendio,Falla mecanica,,,,,,,,,,,,
2024-03-14 02:33:03,-3.982153,-79.179898,Calle Ramon Borrero,CON_FALLECIDOS,Incendio,Inobservancia de senales,52,FALLECIDO,MUJER,OTRO,68,FALLECIDO,MUJER,VEH_LIVIANO,80,LESIONADO,HOMBRE,VEH_LIVIANO
2024-07-03 09:55:55,-4.029656,-79.184844,Calle Sucre,SOLO_DANOS,Caida,Via resbaladiza o mojada,,,,,,,,,,,,
2024-08-05 05:56:36,-3.995148,-79.226445,Calle Mercadillo,SOLO_DANOS,Atropellamiento,Via resbaladiza o mojada,,,,,,,,,,,,
2024-10-28 03:25:12,-4.006617,-79.224859,Av. Orillas del Zamora,SOLO_DANOS,Choque Vehicular,Factores externos,,,,,,,,,,,,
2024-03-24 02:12:43,-4.028729,-79.193071,Av. Manuel Agustin Aguirre,CON_FALLECIDOS,Choque Vehicular,Distraccion (celular/radio),20,FALLECIDO,HOMBRE,SCOOTER,47,LESIONADO,MUJER,CICLISTA,68,LESIONADO,MUJER,SCOOTER
2024-11-03 01:18:55,-3.977552,-79.205520,Ruta 35,CON_LESIONADOS,Volcamiento,Factores externos,45,LESIONADO,MUJER,MOTOCICLETA,80,LESIONADO,NO_REGISTRA,MOTOCICLETA,25,LESIONADO,HOMBRE,SCOOTER
2024-02-05 09:37:21,-3.996137,-79.192443,Av. Manuel Agustin Aguirre,CON_FALLECIDOS,Accidente Laboral,Distraccion (celular/radio),22,FALLECIDO,MUJER,CICLISTA,68,FALLECIDO,NO_REGISTRA,VEH_LIVIANO,64,LESIONADO,HOMBRE,VEH_LIVIANO
2024-06-27 04:15:55,-4.033646,-79.185644,Av. Rosa Hermosa,CON_LESIONADOS,Choque Vehicular,Falla mecanica,44,LESIONADO,NO_REGISTRA,CICLISTA,,,,,,,,
2024-12-16 03:51:05,-4.004125,-79.181002,Calle Ramon Borrero,SOLO_DANOS,Atropellamiento,Via resbaladiza o mojada,,,,,,,,,,,,
2024-03-27 06:58:11,-3.998235,-79.223437,Calle Ramon Borrero,CON_FALLECIDOS,Atropellamiento,Factores externos,46,FALLECIDO,MUJER,PEATON,34,LESIONADO,NO_REGISTRA,CICLISTA,,,,
2024-04-12 23:57:48,-4.014262,-79.207893,Av. Rosa Hermosa,CON_LESIONADOS,Choque Vehicular,Estado de embriaguez,66,LESIONADO,NO_REGISTRA,MOTOCICLETA,72,LESIONADO,HOMBRE,MOTOCICLETA,,,,
2024-02-27 20:41:54,-3.977310,-79.202376,Av. Reinaldo Espinosa,SOLO_DANOS,Atropellamiento,Mal estado de la via,,,,,,,,,,,,
2024-04-21 23:09:27,-4.023030,-79.204822,Av. Orillas del Zamora,CON_LESIONADOS,Choque Vehicular,Factores externos,25,LESIONADO,MUJER,VEH_LIVIANO,6,LESIONADO,HOMBRE,VEH_LIVIANO,22,LESIONADO,NO_REGISTRA,VEH_LIVIANO
2024-11-09 21:21:26,-4.011747,-79.209608,Calle 10 de Agosto,CON_LESIONADOS,Incendio,Inobservancia de senales,44,LESIONADO,HOMBRE,VEH_LIVIANO,61,LESIONADO,HOMBRE,MOTOCICLETA,23,LESIONADO,NO_REGISTRA,VEH_LIVIANO
2024-12-26 12:33:51,-3.982008,-79.204172,Via Loja - Zamora,CON_FALLECIDOS,Caida,Imprudencia del conductor,66,FALLECIDO,NO_REGISTRA,MOTOCICLETA,84,FALLECIDO,HOMBRE,OTRO,26,LESIONADO,MUJER,SCOOTER
2024-04-08 11:42:30,-4.007099,-79.174296,Av. Cuxibamba,CON_FALLECIDOS,Incendio,Inobservancia de senales,45,FALLECIDO,MUJER,SCOOTER,58,LESIONADO,NO_REGISTRA,CICLISTA,73,LESIONADO,HOMBRE,PEATON
2024-07-10 13:16:49,-4.023369,-79.172816,Calle Saraguro,CON_FALLECIDOS,Incendio,Falla mecanica,51,FALLECIDO,NO_REGISTRA,PEATON,,,,,,,,
2024-03-04 14:58:23,-4.034900,-79.174696,Calle Saraguro,SOLO_DANOS,Incendio,Mal estado de la via,,,,,,,,,,,,
2024-12-03 23:55:40,-3.996741,-79.203092,Av. Cuxibamba,CON_LESIONADOS,Colision Multiple,Estado de embriaguez,80,LESIONADO,NO_REGISTRA,OTRO,57,LESIONADO,HOMBRE,CICLISTA,,,,
2024-07-30 01:52:41,-4.014165,-79.187420,Calle Quito,CON_FALLECIDOS,Colision Multiple,Equipo de seguridad deficiente,57,FALLECIDO,HOMBRE,CICLISTA,47,FALLECIDO,MUJER,CICLISTA,63,LESIONADO,HOMBRE,MOTOCICLETA
2024-12-03 07:09:40,-3.984339,-79.198395,Av. Gran Colombia,CON_LESIONADOS,Caida,Exceso de velocidad,40,LESIONADO,HOMBRE,PEATON,,,,,,,,
2024-04-19 20:22:09,-4.002146,-79.188296,Calle Quito,CON_LESIONADOS,Colision Multiple,Imprudencia del conductor,74,LESIONADO,MUJER,PEATON,,,,,,,,
2024-10-13 16:00:09,-4.025823,-79.225030,Calle Miguel Riofrio,CON_LESIONADOS,Incendio,Distraccion (celular/radio),66,LESIONADO,MUJER,PEATON,29,LESIONADO,MUJER,CICLISTA,9,LESIONADO,HOMBRE,MOTOCICLETA
2024-08-04 13:30:34,-4.022897,-79.177491,Av. Isidro Ayora,SOLO_DANOS,Accidente Laboral,Visibilidad reducida,,,,,,,,,,,,
2024-05-24 03:03:54,-3.996227,-79.226991,Calle Sucre,CON_FALLECIDOS,Atropellamiento,Visibilidad reducida,73,FALLECIDO,HOMBRE,SCOOTER,,,,,,,,
2024-02-08 19:00:55,-3.981517,-79.216052,Av. Manuel Agustin Aguirre,SOLO_DANOS,Atropellamiento,Imprudencia del conductor,,,,,,,,,,,,
2024-05-19 13:36:48,-3.978748,-79.213091,Calle 18 de Noviembre,CON_LESIONADOS,Accidente Laboral,Exceso de velocidad,52,LESIONADO,MUJER,OTRO,79,LESIONADO,HOMBRE,CICLISTA,41,LESIONADO,MUJER,VEH_LIVIANO
2024-04-29 02:55:22,-4.009718,-79.174922,Calle Sucre,CON_LESIONADOS,Atropellamiento,Visibilidad reducida,74,LESIONADO,HOMBRE,CICLISTA,48,LESIONADO,MUJER,OTRO,28,LESIONADO,NO_REGISTRA,PEATON
2024-11-21 19:06:08,-3.978825,-79.199712,Calle 18 de Noviembre,SOLO_DANOS,Colision Multiple,Falla mecanica,,,,,,,,,,,,
2024-01-06 00:20:04,-3.986311,-79.200118,Av. Universitaria,CON_LESIONADOS,Colision Multiple,Imprudencia del conductor,77,LESIONADO,HOMBRE,OTRO,6,LESIONADO,HOMBRE,VEH_LIVIANO,42,LESIONADO,NO_REGISTRA,PEATON
2024-08-11 00:38:52,-3.999683,-79.216103,Calle Ramon Borrero,CON_LESIONADOS,Atropellamiento,Inobservancia de senales,38,LESIONADO,MUJER,VEH_LIVIANO,,,,,,,,
2024-10-13 22:43:40,-4.020139,-79.187981,Av. Rosa Hermosa,SOLO_DANOS,Colision Multiple,Imprudencia del conductor,,,,,,,,,,,,
2024-04-11 00:06:51,-3.997488,-79.182694,Calle Bolivar,SOLO_DANOS,Accidente Laboral,Distraccion (celular/radio),,,,,,,,,,,,
2024-02-04 19:06:46,-3.994135,-79.216184,Av. Rosa Hermosa,CON_LESIONADOS,Atropellamiento,Via resbaladiza o mojada,5,LESIONADO,NO_REGISTRA,SCOOTER,79,LESIONADO,MUJER,PEATON,32,LESIONADO,HOMBRE,PEATON
2024-12-31 17:46:06,-4.031027,-79.185634,Calle Quito,CON_LESIONADOS,Caida,Mal estado de la via,75,LESIONADO,MUJER,OTRO,,,,,,,,
2024-09-02 01:48:04,-4.011079,-79.213442,Calle Mercadillo,CON_LESIONADOS,Accidente Laboral,Distraccion (celular/radio),57,LESIONADO,HOMBRE,OTRO,20,LESIONADO,MUJER,CICLISTA,,,,
2024-03-23 14:04:59,-4.019105,-79.188214,Av. Universitaria,SOLO_DANOS,Volcamiento,Equipo de seguridad deficiente,,,,,,,,,,,,
2024-12-02 16:50:17,-3.999712,-79.188845,Av. Gran Colombia,SOLO_DANOS,Accidente Laboral,Mal estado de la via,,,,,,,,,,,,
2024-10-16 07:59:09,-3.983423,-79.227142,Calle 10 de Agosto,CON_FALLECIDOS,Colision Multiple,Exceso de velocidad,76,FALLECIDO,MUJER,OTRO,,,,,,,,
2024-01-09 15:06:59,-3.985524,-79.188456,Calle Saraguro,CON_FALLECIDOS,Choque Vehicular,Factores externos,50,FALLECIDO,HOMBRE,OTRO,16,LESIONADO,NO_REGISTRA,PEATON,15,LESIONADO,HOMBRE,OTRO
2024-10-23 19:47:09,-3.990146,-79.226402,Calle Colon,CON_FALLECIDOS,Caida,Factores externos,34,FALLECIDO,NO_REGISTRA,OTRO,32,FALLECIDO,HOMBRE,OTRO,23,LESIONADO,MUJER,OTRO
2024-04-12 13:21:01,-4.032984,-79.191157,Calle Quito,CON_FALLECIDOS,Atropellamiento,Fatiga del conductor,32,FALLECIDO,NO_REGISTRA,SCOOTER,43,FALLECIDO,HOMBRE,MOTOCICLETA,78,LESIONADO,HOMBRE,CICLISTA
2024-10-18 02:47:05,-4.035144,-79.202261,Av. Gran Colombia,CON_FALLECIDOS,Choque Vehicular,Visibilidad reducida,50,FALLECIDO,HOMBRE,VEH_LIVIANO,58,LESIONADO,NO_REGISTRA,SCOOTER,,,,
2024-10-05 09:20:52,-4.031881,-79.189940,Calle Mercadillo,SOLO_DANOS,Colision Multiple,Falla mecanica,,,,,,,,,,,,
2024-08-05 07:34:18,-3.985881,-79.188209,Av. Pio Jaramillo,SOLO_DANOS,Caida,Mal estado de la via,,,,,,,,,,,,
2024-02-12 07:49:59,-4.017646,-79.202488,Calle 18 de Noviembre,CON_LESIONADOS,Incendio,Falla mecanica,9,LESIONADO,MUJER,VEH_LIVIANO,,,,,,,,
2024-08-18 20:17:57,-4.023012,-79.177006,Av. Reinaldo Espinosa,SOLO_DANOS,Incendio,Mal estado de la via,,,,,,,,,,,,
2024-11-15 22:28:42,-4.005878,-79.193533,Calle Azogues,CON_FALLECIDOS,Caida,Factores externos,44,FALLECIDO,HOMBRE,MOTOCICLETA,29,FALLECIDO,HOMBRE,VEH_LIVIANO,28,LESIONADO,NO_REGISTRA,VEH_LIVIANO
2024-12-21 13:56:27,-4.004952,-79.226732,Av. Gran Colombia,SOLO_DANOS,Caida,Via resbaladiza o mojada,,,,,,,,,,,,
2024-05-05 07:11:16,-3.997973,-79.189662,Calle Imbabura,CON_FALLECIDOS,Atropellamiento,Imprudencia del conductor,24,FALLECIDO,MUJER,OTRO,,,,,,,,
2024-12-23 23:22:57,-3.999145,-79.211919,Av. Reinaldo Espinosa,SOLO_DANOS,Accidente Laboral,Via resbaladiza o mojada,,,,,,,,,,,,
2024-01-02 16:01:56,-3.978684,-79.195213,Via Loja - Zamora,CON_LESIONADOS,Incendio,Visibilidad reducida,46,LESIONADO,MUJER,OTRO,,,,,,,,
2024-01-17 04:47:47,-4.004859,-79.202453,Av. Metropolitana,SOLO_DANOS,Caida,Inobservancia de senales,,,,,,,,,,,,
2024-06-06 09:29:56,-3.980562,-79.186010,Calle Miguel Riofrio,SOLO_DANOS,Incendio,Inobservancia de senales,,,,,,,,,,,,
2024-08-03 13:57:14,-4.023399,-79.172451,Calle Mercadillo,CON_FALLECIDOS,Accidente Laboral,Mal estado de la via,39,FALLECIDO,NO_REGISTRA,PEATON,,,,,,,,
2024-02-13 08:00:24,-4.007468,-79.201832,Calle Imbabura,SOLO_DANOS,Volcamiento,Distraccion (celular/radio),,,,,,,,,,,,