fecha_hora,latitud,longitud,via,grado_severidad,tipo_siniestro,causa_probable,victima1_edad,victima1_condicion,victima1_sexo,victima1_actor_vial,victima2_edad,victima2_condicion,victima2_sexo,victima2_actor_vial,victima3_edad,victima3_condicion,victima3_sexo,victima3_actor_vial
2024-04-04 23:29:50,-4.009311,-79.197579,Calle Rocafuerte,CON_FALLECIDOS,Accidente Laboral,Falla mecanica,48,FALLECIDO,MUJER,VEH_LIVIANO,,,,,,,,
2024-03-23 08:26:55,-4.004618,-79.171709,Calle Ramon Borrero,SOLO_DANOS,Choque Vehicular,Equipo de seguridad deficiente,,,,,,,,,,,,
2024-08-04 13:32:48,-4.002006,-79.178809,Calle Imbabura,CON_FALLECIDOS,Incendio,Distraccion (celular/radio),20,FALLECIDO,NO_REGISTRA,OTRO,64,LESIONADO,MUJER,SCOOTER,,,,
2024-12-22 08:43:37,-4.024942,-79.198362,Calle Rocafuerte,SOLO_DANOS,Colision Multiple,Factores externos,15,LESIONADO,MUJER,PEATON,,,,,,,,
2024-02-22 08:32:55,-3.997369,-79.221137,Av. Orillas del Zamora,CON_FALLECIDOS,Atropellamiento,Distraccion (celular/radio),29,FALLECIDO,NO_REGISTRA,SCOOTER,72,FALLECIDO,HOMBRE,MOTOCICLETA,56,LESIONADO,HOMBRE,OTRO
2024-05-20 09:03:38,-4.034253,-79.176803,Via Loja - Catamayo,SOLO_DANOS,Colision Multiple,Visibilidad reducida,,,,,,,,,,,,
2024-10-17 00:20:28,-4.014786,-79.189847,Av. Metropolitana,CON_LESIONADOS,Colision Multiple,Via resbaladiza o mojada,41,LESIONADO,MUJER,SCOOTER,50,LESIONADO,HOMBRE,VEH_LIVIANO,,,,
2024-12-06 01:47:56,-3.988281,-79.221272,Av. Reinaldo Espinosa,SOLO_DANOS,Atropellamiento,Falla mecanica,,,,,,,,,,,,
2024-02-22 01:20:49,-3.982452,-79.193060,Calle 18 de Noviembre,CON_LESIONADOS,Accidente Laboral,Equipo de seguridad deficiente,60,LESIONADO,HOMBRE,CICLISTA,16,LESIONADO,NO_REGISTRA,OTRO,51,LESIONADO,NO_REGISTRA,MOTOCICLETA
2024-11-07 11:44:03,-4.033245,-79.196711,Calle Quito,CON_FALLECIDOS,Caida,Distraccion (celular/radio),63,FALLECIDO,HOMBRE,VEH_LIVIANO,19,FALLECIDO,MUJER,SCOOTER,,,,
2024-11-09 13:38:57,-4.006606,-79.220991,Calle Azogues,CON_LESIONADOS,Colision Multiple,Inobservancia de senales,74,LESIONADO,NO_REGISTRA,CICLISTA,,,,,,,,
2024-11-10 03:30:02,-4.027723,-79.218514,Calle 10 de Agosto,CON_LESIONADOS,Incendio,Visibilidad reducida,17,LESIONADO,HOMBRE,MOTOCICLETA,,,,,,,,
2024-07-30 15:33:50,-3.980551,-79.207196,Calle Bolivar,SOLO_DANOS,Incendio,Via resbaladiza o mojada,,,,,,,,,,,,
2024-11-02 21:30:24,-4.014600,-79.207496,Ruta 35,SOLO_DANOS,Accidente Laboral,Distraccion (celular/radio),,,,,,,,,,,,
2024-01-19 00:53:57,-4.020881,-79.202353,Calle 10 de Agosto,CON_FALLECIDOS,Volcamiento,Equipo de seguridad deficiente,55,FALLECIDO,NO_REGISTRA,SCOOTER,41,LESIONADO,HOMBRE,PEATON,,,,
2024-02-06 18:56:25,-3.988185,-79.176099,Calle Montufar,CON_FALLECIDOS,Accidente Laboral,Estado de embriaguez,50,FALLECIDO,NO_REGISTRA,OTRO,9,LESIONADO,NO_REGISTRA,SCOOTER,18,LESIONADO,HOMBRE,OTRO
2024-12-05 03:11:53,-3.985362,-79.192018,Av. Rosa Hermosa,SOLO_DANOS,Volcamiento,Fatiga del conductor,,,,,,,,,,,,
2024-04-11 13:37:50,-4.013150,-79.171067,Av. Isidro Ayora,CON_FALLECIDOS,Accidente Laboral,Mal estado de la via,57,FALLECIDO,HOMBRE,CICLISTA,41,LESIONADO,NO_REGISTRA,PEATON,,,,
2024-10-16 13:46:31,-4.006562,-79.216712,Via Loja - Catamayo,CON_LESIONADOS,Caida,Via resbaladiza o mojada,25,LESIONADO,MUJER,CICLISTA,41,LESIONADO,HOMBRE,VEH_LIVIANO,68,LESIONADO,MUJER,VEH_LIVIANO
2024-04-22 03:20:56,-4.032458,-79.207810,Av. Cuxibamba,CON_LESIONADOS,Atropellamiento,Visibilidad reducida,46,LESIONADO,MUJER,PEATON,48,LESIONADO,MUJER,SCOOTER,,,,
2024-03-04 21:23:00,-3.983764,-79.216009,Av. Isidro Ayora,SOLO_DANOS,Accidente Laboral,Distraccion (celular/radio),,,,,,,,,,,,
2024-10-09 22:17:20,-4.008950,-79.197423,Av. Reinaldo Espinosa,CON_LESIONADOS,Choque Vehicular,Falla mecanica,46,LESIONADO,NO_REGISTRA,OTRO,38,LESIONADO,MUJER,SCOOTER,46,LESIONADO,HOMBRE,OTRO
2024-10-21 14:28:35,-3.985191,-79.182223,Calle Rocafuerte,CON_FALLECIDOS,Colision Multiple,Visibilidad reducida,76,FALLECIDO,NO_REGISTRA,VEH_LIVIANO,19,LESIONADO,HOMBRE,OTRO,20,LESIONADO,MUJER,OTRO
2024-03-26 15:35:32,-4.035399,-79.216850,Av. Gran Colombia,CON_LESIONADOS,Choque Vehicular,Exceso de velocidad,32,LESIONADO,NO_REGISTRA,MOTOCICLETA,74,LESIONADO,HOMBRE,VEH_LIVIANO,,,,
2024-01-24 11:30:40,-4.022385,-79.182069,Ruta 35,CON_FALLECIDOS,Accidente Laboral,Fatiga del conductor,68,FALLECIDO,MUJER,OTRO,31,FALLECIDO,HOMBRE,MOTOCICLETA,,,,
2024-11-23 21:58:54,-3.979408,-79.209537,Av. Rosa Hermosa,CON_FALLECIDOS,Volcamiento,Equipo de seguridad deficiente,80,FALLECIDO,NO_REGISTRA,OTRO,41,FALLECIDO,HOMBRE,MOTOCICLETA,74,LESIONADO,HOMBRE,OTRO
2024-09-27 11:27:15,-4.022256,-79.204388,Av. Orillas del Zamora,CON_LESIONADOS,Colision Multiple,Inobservancia de senales,35,LESIONADO,MUJER,SCOOTER,27,LESIONADO,MUJER,SCOOTER,68,LESIONADO,NO_REGISTRA,SCOOTER
2024-09-15 08:57:48,-4.010069,-79.206488,Av. Reinaldo Espinosa,SOLO_DANOS,Atropellamiento,Inobservancia de senales,,,,,,,,,,,,
2024-12-03 07:20:14,-4.011565,-79.195817,Av. Universitaria,CON_LESIONADOS,Choque Vehicular,Equipo de seguridad deficiente,40,LESIONADO,HOMBRE,PEATON,,,,,,,,
2024-02-03 06:36:30,-3.982059,-79.205012,Calle Mercadillo,CON_FALLECIDOS,Colision Multiple,Distraccion (celular/radio),29,FALLECIDO,HOMBRE,SCOOTER,,,,,,,,
2024-01-04 19:27:23,-4.020000,-79.171823,Ruta 35,CON_FALLECIDOS,Atropellamiento,Distraccion (celular/radio),38,FALLECIDO,HOMBRE,SCOOTER,72,LESIONADO,MUJER,PEATON,74,LESIONADO,MUJER,OTRO
2024-07-11 01:03:19,-3.994216,-79.205364,Av. Reinaldo Espinosa,CON_FALLECIDOS,Choque Vehicular,Factores externos,82,FALLECIDO,MUJER,PEATON,74,FALLECIDO,NO_REGISTRA,MOTOCICLETA,,,,
2024-01-01 12:00:54,-3.992313,-79.230235,Av. Isidro Ayora,SOLO_DANOS,Colision Multiple,Falla mecanica,,,,,,,,,,,,
2024-07-24 12:33:37,-3.996396,-79.171433,Av. Cuxibamba,CON_FALLECIDOS,Choque Vehicular,Visibilidad reducida,19,FALLECIDO,HOMBRE,VEH_LIVIANO,75,LESIONADO,NO_REGISTRA,VEH_LIVIANO,23,LESIONADO,MUJER,SCOOTER
2024-11-03 07:24:18,-3.982916,-79.185814,Via Loja - Zamora,SOLO_DANOS,Accidente Laboral,Equipo de seguridad deficiente,,,,,,,,,,,,
2024-04-20 02:31:52,-4.033941,-79.217690,Av. Isidro Ayora,SOLO_DANOS,Atropellamiento,Inobservancia de senales,,,,,,,,,,,,
2024-10-26 23:50:24,-3.984273,-79.214121,Av. Cuxibamba,CON_FALLECIDOS,Choque Vehicular,Mal estado de la via,69,FALLECIDO,MUJER,OTRO,20,LESIONADO,HOMBRE,PEATON,65,LESIONADO,HOMBRE,CICLISTA
2024-04-06 06:31:57,-3.996056,-79.192805,Calle Mercadillo,CON_FALLECIDOS,Atropellamiento,Distraccion (celular/radio),57,FALLECIDO,HOMBRE,VEH_LIVIANO,79,FALLECIDO,NO_REGISTRA,VEH_LIVIANO,76,LESIONADO,NO_REGISTRA,OTRO
2024-10-27 18:14:14,-4.006341,-79.190102,Av. Gran Colombia,CON_FALLECIDOS,Incendio,Falla mecanica,68,FALLECIDO,HOMBRE,OTRO,,,,,,,,
2024-02-10 23:36:58,-4.004359,-79.207408,Calle Bolivar,SOLO_DANOS,Incendio,Equipo de seguridad deficiente,,,,,,,,,,,,
2024-05-28 16:56:08,-4.025043,-79.186935,Av. Universitaria,CON_FALLECIDOS,Incendio,Factores externos,32,FALLECIDO,MUJER,CICLISTA,29,LESIONADO,HOMBRE,PEATON,9,LESIONADO,MUJER,MOTOCICLETA
2024-11-10 22:23:11,-4.034106,-79.180734,Via Loja - Catamayo,SOLO_DANOS,Caida,Fatiga del conductor,,,,,,,,,,,,
2024-05-20 23:33:40,-4.008279,-79.198504,Av. Rosa Hermosa,CON_FALLECIDOS,Colision Multiple,Falla mecanica,18,FALLECIDO,MUJER,OTRO,79,LESIONADO,MUJER,VEH_LIVIANO,5,LESIONADO,HOMBRE,OTRO
2024-12-23 10:29:18,-4.018835,-79.175140,Av. Rosa Hermosa,SOLO_DANOS,Caida,Fatiga del conductor,,,,,,,,,,,,
2024-08-20 05:20:54,-4.012016,-79.182959,Calle Mercadillo,CON_LESIONADOS,Atropellamiento,Falla mecanica,32,LESIONADO,NO_REGISTRA,VEH_LIVIANO,,,,,,,,
2024-09-07 17:02:44,-4.007634,-79.228468,Calle Ramon Borrero,CON_LESIONADOS,Accidente Laboral,Falla mecanica,10,LESIONADO,HOMBRE,CICLISTA,27,LESIONADO,MUJER,MOTOCICLETA,,,,
2024-01-14 16:18:33,-3.982968,-79.188282,Calle 18 de Noviembre,CON_FALLECIDOS,Choque Vehicular,Factores externos,44,FALLECIDO,MUJER,CICLISTA,22,FALLECIDO,MUJER,VEH_LIVIANO,,,,
2024-11-02 16:35:30,-3.992016,-79.172703,Calle Montufar,CON_LESIONADOS,Caida,Inobservancia de senales,38,LESIONADO,MUJER,MOTOCICLETA,67,LESIONADO,HOMBRE,SCOOTER,,,,
2024-12-22 20:14:30,-3.981858,-79.193045,Calle Bolivar,CON_LESIONADOS,Incendio,Equipo de seguridad deficiente,48,LESIONADO,HOMBRE,PEATON,19,LESIONADO,NO_REGISTRA,MOTOCICLETA,10,LESIONADO,HOMBRE,MOTOCICLETA
2024-08-02 13:38:10,-4.022312,-79.194124,Calle Colon,SOLO_DANOS,Colision Multiple,Inobservancia de senales,,,,,,,,,,,,
2024-09-03 13:10:06,-4.036040,-79.197718,Via Loja - Zamora,CON_FALLECIDOS,Colision Multiple,Equipo de seguridad deficiente,21,FALLECIDO,MUJER,SCOOTER,,,,,,,,
2024-03-05 17:44:06,-4.010100,-79.204648,Calle Quito,SOLO_DANOS,Colision Multiple,Imprudencia del conductor,,,,,,,,,,,,
2024-04-05 18:09:56,-4.005732,-79.184118,Av. Manuel Agustin Aguirre,CON_FALLECIDOS,Volcamiento,Via resbaladiza o mojada,24,FALLECIDO,NO_REGISTRA,PEATON,18,FALLECIDO,NO_REGISTRA,OTRO,7,LESIONADO,HOMBRE,PEATON
2024-06-24 11:38:32,-3.984585,-79.171725,Via Loja - Catamayo,CON_FALLECIDOS,Volcamiento,Mal estado de la via,42,FALLECIDO,MUJER,PEATON,77,FALLECIDO,MUJER,SCOOTER,47,LESIONADO,MUJER,MOTOCICLETA
2024-12-10 07:19:05,-4.014207,-79.188283,Via Loja - Catamayo,CON_LESIONADOS,Accidente Laboral,Estado de embriaguez,23,LESIONADO,HOMBRE,OTRO,64,LESIONADO,MUJER,MOTOCICLETA,54,LESIONADO,NO_REGISTRA,CICLISTA
2024-07-25 19:46:06,-3.994840,-79.213247,Av. Universitaria,CON_FALLECIDOS,Incendio,Distraccion (celular/radio),63,FALLECIDO,MUJER,CICLISTA,61,FALLECIDO,NO_REGISTRA,PEATON,29,LESIONADO,MUJER,VEH_LIVIANO
2024-08-31 14:13:16,-3.997932,-79.227014,Calle Azogues,SOLO_DANOS,Volcamiento,Equipo de seguridad deficiente,,,,,,,,,,,,
2024-05-03 20:42:49,-4.007072,-79.178196,Calle Azogues,CON_LESIONADOS,Caida,Via resbaladiza o mojada,41,LESIONADO,NO_REGISTRA,MOTOCICLETA,,,,,,,,
2024-12-27 17:27:25,-4.014071,-79.172255,Calle Quito,CON_LESIONADOS,Caida,Mal estado de la via,76,LESIONADO,MUJER,CICLISTA,40,LESIONADO,NO_REGISTRA,OTRO,,,,
2024-09-12 07:11:44,-4.014510,-79.172719,Av. Manuel Agustin Aguirre,CON_FALLECIDOS,Accidente Laboral,Equipo de seguridad deficiente,44,FALLECIDO,MUJER,MOTOCICLETA,,,,,,,,
2024-08-19 06:14:53,-4.015815,-79.226207,Calle Ramon Borrero,CON_LESIONADOS,Accidente Laboral,Inobservancia de senales,45,LESIONADO,NO_REGISTRA,VEH_LIVIANO,,,,,,,,
2024-11-16 09:50:27,-3.979352,-79.203383,Av. Orillas del Zamora,SOLO_DANOS,Caida,Estado de embriaguez,21,LESIONADO,NO_REGISTRA,SCOOTER,,,,,,,,
2024-03-08 20:25:40,-4.001004,-79.212069,Calle Mercadillo,SOLO_DANOS,Choque Vehicular,Via resbaladiza o mojada,,,,,,,,,,,,
2024-06-09 20:36:14,-3.980002,-79.185600,Calle 10 de Agosto,CON_LESIONADOS,Atropellamiento,Distraccion (celular/radio),20,LESIONADO,MUJER,PEATON,62,LESIONADO,MUJER,MOTOCICLETA,71,LESIONADO,HOMBRE,MOTOCICLETA
2024-05-06 07:08:09,-3.990900,-79.207923,Calle 10 de Agosto,CON_FALLECIDOS,Incendio,Distraccion (celular/radio),61,FALLECIDO,NO_REGISTRA,OTRO,83,FALLECIDO,MUJER,VEH_LIVIANO,,,,
2024-03-26 15:51:42,-4.000112,-79.212564,Av. Gran Colombia,SOLO_DANOS,Choque Vehicular,Falla mecanica,,,,,,,,,,,,
2024-05-20 20:04:40,-4.010779,-79.174895,Via Loja - Catamayo,CON_LESIONADOS,Accidente Laboral,Distraccion (celular/radio),73,LESIONADO,NO_REGISTRA,OTRO,,,,,,,,
2024-01-04 00:27:28,-4.019299,-79.196388,Calle Azogues,CON_LESIONADOS,Choque Vehicular,Equipo de seguridad deficiente,27,LESIONADO,MUJER,VEH_LIVIANO,79,LESIONADO,HOMBRE,PEATON,,,,
2024-01-25 10:57:12,-3.979133,-79.222157,Av. Orillas del Zamora,CON_LESIONADOS,Atropellamiento,Fatiga del conductor,35,LESIONADO,MUJER,OTRO,10,LESIONADO,MUJER,OTRO,,,,
2024-03-04 08:34:55,-4.023008,-79.209715,Av. Universitaria,CON_FALLECIDOS,Choque Vehicular,Via resbaladiza o mojada,34,FALLECIDO,NO_REGISTRA,MOTOCICLETA,53,FALLECIDO,NO_REGISTRA,MOTOCICLETA,43,LESIONADO,NO_REGISTRA,SCOOTER
2024-05-16 11:57:32,-4.029854,-79.195557,Av. Gran Colombia,CON_FALLECIDOS,Volcamiento,Visibilidad reducida,39,FALLECIDO,HOMBRE,VEH_LIVIANO,84,FALLECIDO,HOMBRE,SCOOTER,43,LESIONADO,NO_REGISTRA,CICLISTA
2024-01-22 00:50:26,-4.021781,-79.175127,Av. Isidro Ayora,SOLO_DANOS,Accidente Laboral,Visibilidad reducida,,,,,,,,,,,,
2024-04-27 18:07:13,-4.007515,-79.178027,Ruta 35,CON_FALLECIDOS,Colision Multiple,Fatiga del conductor,66,FALLECIDO,MUJER,CICLISTA,64,FALLECIDO,HOMBRE,MOTOCICLETA,65,LESIONADO,MUJER,MOTOCICLETA
2024-04-27 10:42:23,-3.996122,-79.207120,Calle Bolivar,CON_LESIONADOS,Volcamiento,Distraccion (celular/radio),80,LESIONADO,NO_REGISTRA,MOTOCICLETA,26,LESIONADO,HOMBRE,PEATON,58,LESIONADO,HOMBRE,OTRO
2024-07-19 04:15:36,-4.002483,-79.199732,Calle Miguel Riofrio,SOLO_DANOS,Accidente Laboral,Distraccion (celular/radio),,,,,,,,,,,,
2024-09-24 03:01:28,-3.992665,-79.209736,Calle Azogues,CON_FALLECIDOS,Caida,Falla mecanica,21,FALLECIDO,NO_REGISTRA,CICLISTA,57,LESIONADO,HOMBRE,PEATON,35,LESIONADO,MUJER,CICLISTA
2024-12-23 23:43:25,-4.028477,-79.179759,Av. Cuxibamba,CON_FALLECIDOS,Colision Multiple,Imprudencia del conductor,60,FALLECIDO,NO_REGISTRA,MOTOCICLETA,82,FALLECIDO,MUJER,SCOOTER,15,LESIONADO,NO_REGISTRA,OTRO
2024-09-11 08:45:58,-4.003259,-79.207458,Calle Montufar,CON_LESIONADOS,Colision Multiple,Imprudencia del conductor,70,LESIONADO,MUJER,SCOOTER,75,LESIONADO,NO_REGISTRA,MOTOCICLETA,19,LESIONADO,HOMBRE,CICLISTA
2024-02-25 19:52:35,-3.995711,-79.183110,Via Loja - Zamora,CON_LESIONADOS,Choque Vehicular,Falla mecanica,47,LESIONADO,MUJER,VEH_LIVIANO,,,,,,,,
2024-03-24 16:24:25,-3.991132,-79.205388,Calle Bolivar,SOLO_DANOS,Volcamiento,Mal estado de la via,43,LESIONADO,MUJER,PEATON,,,,,,,,
2024-05-02 16:31:34,-3.999126,-79.184937,Calle Imbabura,SOLO_DANOS,Incendio,Estado de embriaguez,,,,,,,,,,,,
2024-09-29 15:18:13,-4.028476,-79.171461,Calle Saraguro,SOLO_DANOS,Caida,Inobservancia de senales,,,,,,,,,,,,
2024-04-08 06:59:13,-4.009282,-79.218899,Av. Reinaldo Espinosa,SOLO_DANOS,Accidente Laboral,Equipo de seguridad deficiente,,,,,,,,,,,,
2024-01-31 04:32:24,-4.032287,-79.216608,Calle Rocafuerte,CON_FALLECIDOS,Caida,Distraccion (celular/radio),70,FALLECIDO,MUJER,MOTOCICLETA,5,LESIONADO,MUJER,OTRO,,,,
2024-05-25 01:51:24,-3.992917,-79.196045,Calle 10 de Agosto,SOLO_DANOS,Atropellamiento,Visibilidad reducida,,,,,,,,,,,,
2024-05-06 00:50:51,-3.993682,-79.189093,Calle 18 de Noviembre,CON_LESIONADOS,Choque Vehicular,Visibilidad reducida,79,LESIONADO,MUJER,MOTOCICLETA,54,LESIONADO,NO_REGISTRA,MOTOCICLETA,,,,
2024-04-13 21:40:11,-4.031718,-79.187045,Calle Saraguro,CON_FALLECIDOS,Volcamiento,Equipo de seguridad deficiente,27,FALLECIDO,MUJER,SCOOTER,25,FALLECIDO,NO_REGISTRA,CICLISTA,,,,
2024-04-23 07:54:16,-3.991604,-79.175398,Av. Gran Colombia,CON_FALLECIDOS,Incendio,Exceso de velocidad,62,FALLECIDO,NO_REGISTRA,SCOOTER,55,LESIONADO,HOMBRE,VEH_LIVIANO,49,LESIONADO,HOMBRE,PEATON
2024-09-12 02:22:49,-3.977302,-79.221420,Av. Pio Jaramillo,SOLO_DANOS,Atropellamiento,Visibilidad reducida,,,,,,,,,,,,
2024-12-11 09:22:58,-4.002234,-79.172974,Calle Mercadillo,CON_LESIONADOS,Colision Multiple,Distraccion (celular/radio),10,LESIONADO,MUJER,PEATON,61,LESIONADO,HOMBRE,CICLISTA,,,,
2024-05-02 06:28:50,-3.995244,-79.187360,Calle Ramon Borrero,CON_FALLECIDOS,Atropellamiento,Exceso de velocidad,74,FALLECIDO,NO_REGISTRA,PEATON,34,LESIONADO,NO_REGISTRA,OTRO,,,,
2024-12-18 04:30:03,-3.989866,-79.201835,Calle Imbabura,SOLO_DANOS,Accidente Laboral,Distraccion (celular/radio),,,,,,,,,,,,
2024-10-26 05:56:51,-4.023227,-79.219796,Ruta 35,CON_LESIONADOS,Incendio,Factores externos,65,LESIONADO,NO_REGISTRA,VEH_LIVIANO,43,LESIONADO,MUJER,PEATON,55,LESIONADO,MUJER,SCOOTER
2024-06-25 15:52:44,-3.988055,-79.182927,Calle Mercadillo,SOLO_DANOS,Colision Multiple,Via resbaladiza o mojada,53,LESIONADO,MUJER,OTRO,,,,,,,,
2024-01-29 06:06:06,-4.005473,-79.229296,Av. 8 de Diciembre,SOLO_DANOS,Colision Multiple,Inobservancia de senales,,,,,,,,,,,,
2024-06-08 08:46:44,-3.988908,-79.228898,Av. Metropolitana,SOLO_DANOS,Accidente Laboral,Visibilidad reducida,,,,,,,,,,,,
2024-12-23 02:33:07,-4.023870,-79.225906,Calle Miguel Riofrio,CON_LESIONADOS,Colision Multiple,Factores externos,58,LESIONADO,MUJER,CICLISTA,,,,,,,,
2024-07-11 00:02:16,-3.984068,-79.226160,Calle 18 de Noviembre,SOLO_DANOS,Incendio,Via resbaladiza o mojada,,,,,,,,,,,,
2024-02-10 02:55:05,-4.007490,-79.211509,Av. 8 de Diciembre,SOLO_DANOS,Atropellamiento,Distraccion (celular/radio),,,,,,,,,,,,
2024-09-10 11:06:34,-4.009857,-79.213971,Calle Saraguro,CON_LESIONADOS,Choque Vehicular,Fatiga del conductor,68,LESIONADO,NO_REGISTRA,CICLISTA,,,,,,,,
2024-02-06 10:09:35,-3.999396,-79.230048,Calle Mercadillo,CON_FALLECIDOS,Caida,Distraccion (celular/radio),22,FALLECIDO,MUJER,MOTOCICLETA,69,FALLECIDO,MUJER,MOTOCICLETA,,,,
2024-06-11 13:29:17,-4.016497,-79.176541,Calle Quito,CON_FALLECIDOS,Choque Vehicular,Estado de embriaguez,62,FALLECIDO,MUJER,SCOOTER,67,FALLECIDO,HOMBRE,CICLISTA,,,,
2024-07-06 11:46:56,-4.022682,-79.219568,Av. Reinaldo Espinosa,CON_FALLECIDOS,Choque Vehicular,Via resbaladiza o mojada,58,FALLECIDO,NO_REGISTRA,SCOOTER,,,,,,,,
2024-02-24 10:06:12,-3.993780,-79.197701,Calle Colon,CON_LESIONADOS,Incendio,Factores externos,7,LESIONADO,HOMBRE,VEH_LIVIANO,,,,,,,,
2024-10-27 07:29:22,-3.979329,-79.222316,Av. Rosa Hermosa,CON_FALLECIDOS,Atropellamiento,Fatiga del conductor,75,FALLECIDO,NO_REGISTRA,VEH_LIVIANO,13,LESIONADO,NO_REGISTRA,SCOOTER,67,LESIONADO,NO_REGISTRA,MOTOCICLETA
2024-10-30 06:29:10,-3.997470,-79.181920,Calle 10 de Agosto,SOLO_DANOS,Colision Multiple,Distraccion (celular/radio),,,,,,,,,,,,
2024-06-29 15:03:11,-3.994864,-79.184938,Av. Manuel Agustin Aguirre,SOLO_DANOS,Accidente Laboral,Mal estado de la via,70,LESIONADO,MUJER,VEH_LIVIANO,,,,,,,,
2024-04-25 03:16:46,-4.034625,-79.186312,Av. Gran Colombia,CON_LESIONADOS,Incendio,Imprudencia del conductor,27,LESIONADO,NO_REGISTRA,PEATON,63,LESIONADO,MUJER,VEH_LIVIANO,56,LESIONADO,HOMBRE,PEATON
2024-06-22 16:11:26,-4.004072,-79.175553,Av. Orillas del Zamora,CON_LESIONADOS,Choque Vehicular,Via resbaladiza o mojada,75,LESIONADO,HOMBRE,OTRO,53,LESIONADO,HOMBRE,SCOOTER,75,LESIONADO,NO_REGISTRA,VEH_LIVIANO
2024-10-01 10:48:18,-4.020021,-79.199611,Av. Orillas del Zamora,SOLO_DANOS,Colision Multiple,Fatiga del conductor,,,,,,,,,,,,
2024-03-13 11:42:07,-4.027192,-79.229898,Av. Universitaria,CON_FALLECIDOS,Incendio,Fatiga del conductor,21,FALLECIDO,NO_REGISTRA,PEATON,41,LESIONADO,HOMBRE,CICLISTA,70,LESIONADO,MUJER,PEATON
2024-03-07 22:43:14,-3.977281,-79.215762,Ruta 35,CON_FALLECIDOS,Volcamiento,Imprudencia del conductor,36,FALLECIDO,MUJER,OTRO,37,FALLECIDO,NO_REGISTRA,OTRO,15,LESIONADO,MUJER,SCOOTER
2024-03-14 06:29:08,-4.003885,-79.204770,Av. Universitaria,CON_FALLECIDOS,Accidente Laboral,Mal estado de la via,32,FALLECIDO,NO_REGISTRA,CICLISTA,22,LESIONADO,NO_REGISTRA,MOTOCICLETA,24,LESIONADO,MUJER,SCOOTER
2024-04-02 15:49:12,-4.001824,-79.185008,Calle Rocafuerte,CON_LESIONADOS,Accidente Laboral,Visibilidad reducida,69,LESIONADO,HOMBRE,CICLISTA,34,LESIONADO,MUJER,CICLISTA,77,LESIONADO,NO_REGISTRA,CICLISTA
2024-11-10 16:04:38,-4.020335,-79.229869,Via Loja - Zamora,CON_LESIONADOS,Colision Multiple,Mal estado de la via,61,LESIONADO,HOMBRE,MOTOCICLETA,7,LESIONADO,NO_REGISTRA,CICLISTA,50,LESIONADO,MUJER,VEH_LIVIANO
2024-07-23 09:15:45,-3.995915,-79.172240,Calle Montufar,CON_FALLECIDOS,Volcamiento,Visibilidad reducida,42,FALLECIDO,HOMBRE,PEATON,25,FALLECIDO,NO_REGISTRA,VEH_LIVIANO,75,LESIONADO,NO_REGISTRA,OTRO
2024-04-20 13:22:15,-4.016610,-79.216765,Calle Colon,SOLO_DANOS,Atropellamiento,Exceso de velocidad,,,,,,,,,,,,
2024-05-14 10:16:29,-4.024710,-79.186536,Av. Pio Jaramillo,CON_LESIONADOS,Caida,Falla mecanica,15,LESIONADO,MUJER,SCOOTER,,,,,,,,
2024-09-08 16:09:58,-3.985492,-79.205533,Calle Mercadillo,SOLO_DANOS,Choque Vehicular,Via resbaladiza o mojada,,,,,,,,,,,,
2024-04-26 04:00:00,-4.028754,-79.216059,Calle Colon,CON_FALLECIDOS,Caida,Equipo de seguridad deficiente,67,FALLECIDO,HOMBRE,OTRO,71,LESIONADO,HOMBRE,OTRO,,,,
2024-04-13 15:21:19,-4.019138,-79.218945,Via Loja - Zamora,SOLO_DANOS,Accidente Laboral,Estado de embriaguez,,,,,,,,,,,,
2024-06-02 19:31:14,-4.021134,-79.190501,Av. Orillas del Zamora,CON_LESIONADOS,Colision Multiple,Estado de embriaguez,21,LESIONADO,MUJER,CICLISTA,22,LESIONADO,MUJER,PEATON,60,LESIONADO,NO_REGISTRA,OTRO
2024-07-19 05:37:38,-4.019764,-79.217723,Calle 10 de Agosto,SOLO_DANOS,Incendio,Exceso de velocidad,,,,,,,,,,,,
2024-03-30 14:52:36,-4.000333,-79.222181,Av. Orillas del Zamora,CON_FALLECIDOS,Colision Multiple,Via resbaladiza o mojada,77,FALLECIDO,MUJER,SCOOTER,,,,,,,,
2024-06-04 22:35:40,-4.035930,-79.229206,Via Loja - Catamayo,CON_FALLECIDOS,Volcamiento,Visibilidad reducida,63,FALLECIDO,NO_REGISTRA,SCOOTER,28,LESIONADO,MUJER,SCOOTER,,,,
2024-05-13 00:57:45,-4.001995,-79.173091,Av. Reinaldo Espinosa,SOLO_DANOS,Accidente Laboral,Mal estado de la via,,,,,,,,,,,,
2024-03-11 13:39:13,-3.981876,-79.181448,Calle 10 de Agosto,SOLO_DANOS,Atropellamiento,Falla mecanica,,,,,,,,,,,,
2024-06-15 20:46:06,-3.991402,-79.179517,Calle Miguel Riofrio,CON_FALLECIDOS,Volcamiento,Via resbaladiza o mojada,68,FALLECIDO,MUJER,PEATON,31,FALLECIDO,NO_REGISTRA,PEATON,,,,