fecha_hora,latitud,longitud,via,grado_severidad,tipo_siniestro,causa_probable,victima1_edad,victima1_condicion,victima1_sexo,victima1_actor_vial,victima2_edad,victima2_condicion,victima2_sexo,victima2_actor_vial,victima3_edad,victima3_condicion,victima3_sexo,victima3_actor_vial
2024-08-17 15:56:14,-4.024311,-79.227429,Calle Ramon Borrero,SOLO_DANOS,Atropellamiento,Exceso de velocidad,,,,,,,,,,,,
2024-09-01 01:47:48,-4.013165,-79.227273,Calle 10 de Agosto,CON_LESIONADOS,Incendio,Mal estado de la via,33,LESIONADO,MUJER,SCOOTER,,,,,,,,
2024-07-01 06:39:00,-3.992418,-79.185588,Av. 8 de Diciembre,CON_FALLECIDOS,Caida,Exceso de velocidad,35,FALLECIDO,HOMBRE,MOTOCICLETA,30,FALLECIDO,MUJER,SCOOTER,,,,
2024-05-24 00:30:33,-4.029096,-79.199426,Av. 8 de Diciembre,CON_FALLECIDOS,Atropellamiento,Visibilidad reducida,44,FALLECIDO,MUJER,SCOOTER,63,LESIONADO,MUJER,PEATON,76,LESIONADO,HOMBRE,MOTOCICLETA
2024-01-21 12:45:56,-4.002271,-79.180997,Calle 10 de Agosto,CON_FALLECIDOS,Accidente Laboral,Equipo de seguridad deficiente,39,FALLECIDO,NO_REGISTRA,SCOOTER,,,,,,,,
2024-05-14 01:57:18,-4.032345,-79.228283,Ruta 35,CON_LESIONADOS,Atropellamiento,Equipo de seguridad deficiente,33,LESIONADO,NO_REGISTRA,VEH_LIVIANO,62,LESIONADO,NO_REGISTRA,SCOOTER,57,LESIONADO,MUJER,VEH_LIVIANO
2024-10-02 14:08:01,-3.977066,-79.208587,Calle Montufar,CON_LESIONADOS,Colision Multiple,Inobservancia de senales,18,LESIONADO,HOMBRE,CICLISTA,25,LESIONADO,HOMBRE,PEATON,,,,
2024-11-21 23:20:08,-4.034494,-79.216339,Av. Rosa Hermosa,SOLO_DANOS,Choque Vehicular,Equipo de seguridad deficiente,,,,,,,,,,,,
2024-09-12 15:30:23,-4.022155,-79.214767,Av. Isidro Ayora,CON_LESIONADOS,Choque Vehicular,Falla mecanica,16,LESIONADO,MUJER,CICLISTA,,,,,,,,
2024-09-12 18:33:06,-3.991747,-79.207364,Ruta 35,SOLO_DANOS,Atropellamiento,Via resbaladiza o mojada,,,,,,,,,,,,
2024-01-25 16:52:14,-4.016749,-79.224588,Via Loja - Zamora,CON_FALLECIDOS,Accidente Laboral,Factores externos,32,FALLECIDO,MUJER,VEH_LIVIANO,33,FALLECIDO,HOMBRE,SCOOTER,,,,
2024-02-19 05:06:07,-4.018295,-79.228506,Calle Miguel Riofrio,SOLO_DANOS,Incendio,Visibilidad reducida,,,,,,,,,,,,
2024-06-20 08:57:57,-4.010159,-79.176635,Av. Universitaria,SOLO_DANOS,Incendio,Exceso de velocidad,,,,,,,,,,,,
2024-03-23 02:10:03,-3.993718,-79.224747,Ruta 35,CON_LESIONADOS,Caida,Inobservancia de senales,29,LESIONADO,NO_REGISTRA,PEATON,,,,,,,,
2024-01-25 03:01:27,-3.982848,-79.191258,Calle 10 de Agosto,CON_FALLECIDOS,Incendio,Equipo de seguridad deficiente,54,FALLECIDO,MUJER,OTRO,27,LESIONADO,NO_REGISTRA,VEH_LIVIANO,80,LESIONADO,MUJER,OTRO
2024-05-17 18:19:43,-4.035368,-79.219698,Av. Pio Jaramillo,SOLO_DANOS,Caida,Exceso de velocidad,,,,,,,,,,,,
2024-11-09 23:48:17,-4.019319,-79.192948,Ruta 35,SOLO_DANOS,Volcamiento,Exceso de velocidad,35,LESIONADO,HOMBRE,PEATON,,,,,,,,
2024-12-06 06:52:37,-3.987729,-79.175475,Av. Universitaria,SOLO_DANOS,Volcamiento,Exceso de velocidad,,,,,,,,,,,,
2024-01-04 01:20:17,-3.992224,-79.184022,Av. Reinaldo Espinosa,CON_LESIONADOS,Colision Multiple,Imprudencia del conductor,70,LESIONADO,MUJER,SCOOTER,9,LESIONADO,HOMBRE,VEH_LIVIANO,27,LESIONADO,NO_REGISTRA,OTRO
2024-01-30 21:23:38,-4.023361,-79.222373,Calle 18 de Noviembre,CON_LESIONADOS,Volcamiento,Falla mecanica,20,LESIONADO,MUJER,SCOOTER,,,,,,,,
2024-10-30 12:37:57,-4.028579,-79.188787,Av. Cuxibamba,SOLO_DANOS,Caida,Estado de embriaguez,,,,,,,,,,,,
2024-06-03 10:31:44,-3.981113,-79.197168,Calle Quito,CON_FALLECIDOS,Colision Multiple,Factores externos,46,FALLECIDO,NO_REGISTRA,PEATON,75,LESIONADO,HOMBRE,MOTOCICLETA,,,,
2024-01-18 11:16:05,-4.016920,-79.198705,Via Loja - Catamayo,CON_LESIONADOS,Atropellamiento,Estado de embriaguez,76,LESIONADO,MUJER,SCOOTER,66,LESIONADO,MUJER,SCOOTER,,,,
2024-10-14 11:58:29,-3.988966,-79.208244,Calle Saraguro,CON_LESIONADOS,Accidente Laboral,Inobservancia de senales,41,LESIONADO,HOMBRE,MOTOCICLETA,12,LESIONADO,NO_REGISTRA,CICLISTA,31,LESIONADO,NO_REGISTRA,PEATON
2024-10-02 00:06:22,-4.011699,-79.184313,Av. Universitaria,CON_LESIONADOS,Accidente Laboral,Falla mecanica,77,LESIONADO,HOMBRE,SCOOTER,44,LESIONADO,NO_REGISTRA,OTRO,8,LESIONADO,MUJER,SCOOTER
2024-10-15 20:21:06,-3.982256,-79.193915,Calle Quito,CON_FALLECIDOS,Caida,Falla mecanica,85,FALLECIDO,HOMBRE,SCOOTER,66,FALLECIDO,MUJER,SCOOTER,29,LESIONADO,NO_REGISTRA,MOTOCICLETA
2024-01-23 16:17:21,-4.015140,-79.220205,Ruta 35,CON_LESIONADOS,Choque Vehicular,Via resbaladiza o mojada,58,LESIONADO,HOMBRE,PEATON,34,LESIONADO,MUJER,PEATON,,,,
2024-09-17 08:18:18,-3.982957,-79.224030,Ruta 35,CON_LESIONADOS,Choque Vehicular,Mal estado de la via,40,LESIONADO,MUJER,SCOOTER,70,LESIONADO,MUJER,SCOOTER,19,LESIONADO,MUJER,VEH_LIVIANO
2024-02-13 16:18:39,-4.004210,-79.206679,Calle Saraguro,SOLO_DANOS,Caida,Equipo de seguridad deficiente,,,,,,,,,,,,
2024-03-23 15:42:51,-3.985049,-79.178066,Av. Reinaldo Espinosa,SOLO_DANOS,Caida,Fatiga del conductor,,,,,,,,,,,,
2024-08-26 20:14:59,-4.027320,-79.173390,Av. Metropolitana,CON_LESIONADOS,Colision Multiple,Visibilidad reducida,30,LESIONADO,NO_REGISTRA,CICLISTA,,,,,,,,
2024-11-19 07:39:22,-3.995496,-79.224605,Av. Gran Colombia,CON_LESIONADOS,Incendio,Inobservancia de senales,46,LESIONADO,MUJER,CICLISTA,47,LESIONADO,MUJER,CICLISTA,21,LESIONADO,MUJER,PEATON
2024-09-12 11:35:36,-3.983930,-79.181820,Av. Isidro Ayora,CON_LESIONADOS,Caida,Exceso de velocidad,70,LESIONADO,MUJER,CICLISTA,23,LESIONADO,NO_REGISTRA,PEATON,,,,
2024-11-03 06:52:59,-3.979704,-79.212088,Ruta 35,SOLO_DANOS,Caida,Visibilidad reducida,,,,,,,,,,,,
2024-11-21 12:37:01,-3.999944,-79.173371,Calle Montufar,CON_LESIONADOS,Incendio,Falla mecanica,36,LESIONADO,NO_REGISTRA,VEH_LIVIANO,17,LESIONADO,NO_REGISTRA,VEH_LIVIANO,16,LESIONADO,HOMBRE,VEH_LIVIANO
2024-02-19 06:30:38,-4.034085,-79.183933,Av. Isidro Ayora,SOLO_DANOS,Atropellamiento,Estado de embriaguez,,,,,,,,,,,,
2024-07-21 12:13:56,-3.980798,-79.187705,Calle Colon,CON_FALLECIDOS,Incendio,Falla mecanica,26,FALLECIDO,NO_REGISTRA,OTRO,51,FALLECIDO,NO_REGISTRA,VEH_LIVIANO,,,,
2024-08-13 03:12:14,-4.000511,-79.229946,Av. 8 de Diciembre,CON_FALLECIDOS,Caida,Mal estado de la via,35,FALLECIDO,HOMBRE,OTRO,81,FALLECIDO,HOMBRE,OTRO,27,LESIONADO,NO_REGISTRA,OTRO
2024-07-10 13:10:35,-3.982451,-79.221304,Calle Saraguro,CON_FALLECIDOS,Atropellamiento,Inobservancia de senales,82,FALLECIDO,MUJER,PEATON,62,FALLECIDO,MUJER,PEATON,,,,
2024-04-08 23:15:34,-4.026783,-79.229531,Av. Universitaria,CON_FALLECIDOS,Volcamiento,Equipo de seguridad deficiente,27,FALLECIDO,HOMBRE,CICLISTA,48,FALLECIDO,HOMBRE,OTRO,,,,
2024-02-15 02:07:27,-4.021129,-79.172357,Calle Miguel Riofrio,CON_LESIONADOS,Accidente Laboral,Via resbaladiza o mojada,61,LESIONADO,MUJER,PEATON,,,,,,,,
2024-12-16 17:29:32,-4.036718,-79.199530,Calle Colon,CON_FALLECIDOS,Incendio,Visibilidad reducida,26,FALLECIDO,NO_REGISTRA,SCOOTER,34,FALLECIDO,NO_REGISTRA,SCOOTER,54,LESIONADO,HOMBRE,OTRO
2024-12-17 03:26:37,-3.978994,-79.191330,Calle 10 de Agosto,CON_LESIONADOS,Colision Multiple,Imprudencia del conductor,64,LESIONADO,HOMBRE,PEATON,18,LESIONADO,HOMBRE,OTRO,,,,
2024-05-09 23:43:55,-4.023919,-79.177800,Calle Sucre,CON_FALLECIDOS,Incendio,Mal estado de la via,51,FALLECIDO,MUJER,MOTOCICLETA,22,FALLECIDO,HOMBRE,OTRO,,,,
2024-12-04 01:04:42,-3.991319,-79.173113,Av. Orillas del Zamora,CON_LESIONADOS,Choque Vehicular,Estado de embriaguez,29,LESIONADO,HOMBRE,MOTOCICLETA,65,LESIONADO,HOMBRE,VEH_LIVIANO,15,LESIONADO,NO_REGISTRA,MOTOCICLETA
2024-06-03 06:42:08,-3.999616,-79.191094,Av. Isidro Ayora,CON_LESIONADOS,Incendio,Falla mecanica,65,LESIONADO,HOMBRE,CICLISTA,21,LESIONADO,MUJER,OTRO,,,,
2024-12-10 06:38:54,-3.979991,-79.197677,Calle Rocafuerte,CON_FALLECIDOS,Volcamiento,Via resbaladiza o mojada,37,FALLECIDO,MUJER,SCOOTER,45,LESIONADO,NO_REGISTRA,VEH_LIVIANO,18,LESIONADO,NO_REGISTRA,OTRO
2024-06-01 20:36:34,-4.012639,-79.197847,Av. Rosa Hermosa,CON_FALLECIDOS,Volcamiento,Inobservancia de senales,66,FALLECIDO,MUJER,VEH_LIVIANO,36,LESIONADO,MUJER,MOTOCICLETA,45,LESIONADO,MUJER,SCOOTER
2024-11-06 14:29:31,-3.997483,-79.208578,Calle Miguel Riofrio,SOLO_DANOS,Choque Vehicular,Estado de embriaguez,,,,,,,,,,,,
2024-12-04 16:19:21,-4.009040,-79.221363,Av. Orillas del Zamora,SOLO_DANOS,Caida,Equipo de seguridad deficiente,,,,,,,,,,,,
2024-08-01 09:41:06,-4.033656,-79.213436,Av. Pio Jaramillo,CON_LESIONADOS,Caida,Exceso de velocidad,45,LESIONADO,MUJER,CICLISTA,53,LESIONADO,HOMBRE,CICLISTA,39,LESIONADO,NO_REGISTRA,PEATON
2024-11-15 06:10:36,-4.016823,-79.195404,Calle Montufar,SOLO_DANOS,Choque Vehicular,Estado de embriaguez,,,,,,,,,,,,
2024-03-07 08:11:29,-3.986269,-79.202934,Calle Bolivar,CON_LESIONADOS,Choque Vehicular,Fatiga del conductor,34,LESIONADO,MUJER,CICLISTA,,,,,,,,
2024-08-19 04:32:36,-4.035333,-79.213644,Calle Miguel Riofrio,SOLO_DANOS,Accidente Laboral,Distraccion (celular/radio),,,,,,,,,,,,
2024-08-02 09:14:48,-3.987698,-79.189495,Calle Bolivar,CON_LESIONADOS,Incendio,Equipo de seguridad deficiente,50,LESIONADO,HOMBRE,CICLISTA,55,LESIONADO,HOMBRE,PEATON,46,LESIONADO,NO_REGISTRA,PEATON
2024-04-11 00:26:30,-4.020528,-79.222299,Av. Reinaldo Espinosa,CON_FALLECIDOS,Caida,Exceso de velocidad,54,FALLECIDO,MUJER,SCOOTER,80,LESIONADO,NO_REGISTRA,VEH_LIVIANO,,,,
2024-01-04 19:10:15,-4.019529,-79.174578,Calle Miguel Riofrio,CON_FALLECIDOS,Colision Multiple,Mal estado de la via,53,FALLECIDO,NO_REGISTRA,MOTOCICLETA,57,LESIONADO,MUJER,VEH_LIVIANO,19,LESIONADO,MUJER,PEATON
2024-01-31 11:36:49,-3.994878,-79.184680,Calle Bolivar,CON_LESIONADOS,Choque Vehicular,Distraccion (celular/radio),14,LESIONADO,NO_REGISTRA,VEH_LIVIANO,,,,,,,,
2024-06-09 04:50:34,-4.031816,-79.204059,Calle Sucre,SOLO_DANOS,Volcamiento,Fatiga del conductor,,,,,,,,,,,,
2024-07-23 06:03:01,-4.023720,-79.186650,Calle Mercadillo,CON_FALLECIDOS,Choque Vehicular,Visibilidad reducida,60,FALLECIDO,HOMBRE,PEATON,53,LESIONADO,NO_REGISTRA,PEATON,47,LESIONADO,NO_REGISTRA,PEATON
2024-09-14 14:38:54,-4.013689,-79.214619,Av. Gran Colombia,CON_LESIONADOS,Volcamiento,Visibilidad reducida,10,LESIONADO,MUJER,OTRO,45,LESIONADO,MUJER,CICLISTA,,,,
2024-04-13 02:50:05,-3.987024,-79.172091,Av. Reinaldo Espinosa,CON_FALLECIDOS,Colision Multiple,Equipo de seguridad deficiente,38,FALLECIDO,HOMBRE,SCOOTER,22,FALLECIDO,HOMBRE,PEATON,,,,
2024-12-25 23:20:23,-4.032521,-79.214995,Av. Rosa Hermosa,CON_FALLECIDOS,Choque Vehicular,Visibilidad reducida,44,FALLECIDO,HOMBRE,SCOOTER,,,,,,,,
2024-03-11 12:31:27,-4.019105,-79.211100,Calle 10 de Agosto,CON_FALLECIDOS,Caida,Fatiga del conductor,72,FALLECIDO,NO_REGISTRA,VEH_LIVIANO,15,LESIONADO,HOMBRE,VEH_LIVIANO,53,LESIONADO,MUJER,OTRO
2024-02-14 07:55:28,-3.998749,-79.209942,Via Loja - Catamayo,CON_FALLECIDOS,Caida,Via resbaladiza o mojada,74,FALLECIDO,MUJER,MOTOCICLETA,56,FALLECIDO,MUJER,PEATON,,,,
2024-10-21 11:25:25,-4.012052,-79.174177,Calle Miguel Riofrio,CON_LESIONADOS,Accidente Laboral,Distraccion (celular/radio),64,LESIONADO,NO_REGISTRA,MOTOCICLETA,12,LESIONADO,HOMBRE,CICLISTA,,,,
2024-03-24 21:03:47,-3.991662,-79.218828,Calle Ramon Borrero,SOLO_DANOS,Incendio,Visibilidad reducida,,,,,,,,,,,,
2024-04-17 18:58:04,-3.987014,-79.190979,Calle Rocafuerte,CON_LESIONADOS,Colision Multiple,Estado de embriaguez,13,LESIONADO,MUJER,CICLISTA,18,LESIONADO,MUJER,VEH_LIVIANO,22,LESIONADO,HOMBRE,CICLISTA
2024-06-15 16:30:58,-4.032663,-79.223552,Calle Mercadillo,CON_FALLECIDOS,Choque Vehicular,Factores externos,44,FALLECIDO,NO_REGISTRA,SCOOTER,29,FALLECIDO,HOMBRE,PEATON,38,LESIONADO,HOMBRE,CICLISTA
2024-09-22 11:41:15,-4.022364,-79.192218,Calle Saraguro,CON_LESIONADOS,Colision Multiple,Visibilidad reducida,11,LESIONADO,NO_REGISTRA,VEH_LIVIANO,66,LESIONADO,HOMBRE,MOTOCICLETA,,,,
2024-09-07 23:20:59,-4.015404,-79.196631,Calle Quito,CON_FALLECIDOS,Choque Vehicular,Visibilidad reducida,67,FALLECIDO,HOMBRE,VEH_LIVIANO,24,LESIONADO,NO_REGISTRA,VEH_LIVIANO,10,LESIONADO,MUJER,MOTOCICLETA
2024-05-30 22:18:17,-3.990777,-79.199842,Calle Imbabura,CON_LESIONADOS,Incendio,Equipo de seguridad deficiente,72,LESIONADO,NO_REGISTRA,SCOOTER,,,,,,,,
2024-12-01 07:52:10,-4.013809,-79.195953,Calle Montufar,CON_LESIONADOS,Choque Vehicular,Equipo de seguridad deficiente,33,LESIONADO,MUJER,OTRO,13,LESIONADO,HOMBRE,PEATON,,,,
2024-04-04 09:55:22,-3.979844,-79.174201,Av. Reinaldo Espinosa,SOLO_DANOS,Accidente Laboral,Inobservancia de senales,,,,,,,,,,,,
2024-10-17 10:32:24,-4.035272,-79.216175,Av. Cuxibamba,SOLO_DANOS,Caida,Mal estado de la via,,,,,,,,,,,,
2024-05-24 18:35:46,-4.009645,-79.174249,Calle Ramon Borrero,CON_LESIONADOS,Accidente Laboral,Equipo de seguridad deficiente,62,LESIONADO,MUJER,SCOOTER,32,LESIONADO,NO_REGISTRA,SCOOTER,,,,
2024-01-29 02:27:26,-4.012113,-79.193374,Calle Sucre,CON_FALLECIDOS,Atropellamiento,Mal estado de la via,61,FALLECIDO,MUJER,SCOOTER,72,FALLECIDO,HOMBRE,OTRO,60,LESIONADO,HOMBRE,PEATON
2024-06-10 05:23:38,-4.030551,-79.223859,Calle Montufar,SOLO_DANOS,Colision Multiple,Distraccion (celular/radio),,,,,,,,,,,,
2024-11-14 15:22:37,-4.032547,-79.203598,Calle Imbabura,CON_FALLECIDOS,Colision Multiple,Exceso de velocidad,76,FALLECIDO,NO_REGISTRA,OTRO,52,FALLECIDO,HOMBRE,SCOOTER,,,,
2024-12-03 01:10:57,-4.021695,-79.219590,Via Loja - Catamayo,CON_LESIONADOS,Caida,Via resbaladiza o mojada,16,LESIONADO,MUJER,SCOOTER,51,LESIONADO,MUJER,VEH_LIVIANO,25,LESIONADO,NO_REGISTRA,CICLISTA
2024-04-25 02:19:23,-4.006447,-79.206135,Av. 8 de Diciembre,CON_FALLECIDOS,Incendio,Inobservancia de senales,47,FALLECIDO,HOMBRE,PEATON,,,,,,,,
2024-09-20 05:24:12,-4.013515,-79.179503,Av. Rosa Hermosa,CON_LESIONADOS,Caida,Fatiga del conductor,65,LESIONADO,NO_REGISTRA,OTRO,12,LESIONADO,NO_REGISTRA,MOTOCICLETA,58,LESIONADO,MUJER,PEATON
2024-03-28 07:52:14,-4.022133,-79.227250,Av. Isidro Ayora,SOLO_DANOS,Incendio,Fatiga del conductor,,,,,,,,,,,,
2024-10-10 22:40:44,-4.029484,-79.194911,Av. Pio Jaramillo,SOLO_DANOS,Volcamiento,Equipo de seguridad deficiente,,,,,,,,,,,,
2024-01-09 21:43:29,-3.992510,-79.217709,Calle 10 de Agosto,CON_FALLECIDOS,Colision Multiple,Visibilidad reducida,19,FALLECIDO,MUJER,PEATON,16,LESIONADO,NO_REGISTRA,PEATON,,,,
2024-03-28 21:28:24,-4.026469,-79.191390,Av. Manuel Agustin Aguirre,CON_FALLECIDOS,Incendio,Exceso de velocidad,40,FALLECIDO,MUJER,CICLISTA,57,FALLECIDO,NO_REGISTRA,PEATON,14,LESIONADO,NO_REGISTRA,CICLISTA
2024-04-20 06:12:58,-3.990686,-79.196963,Calle Sucre,SOLO_DANOS,Accidente Laboral,Equipo de seguridad deficiente,,,,,,,,,,,,
2024-02-06 18:17:22,-3.995540,-79.202045,Av. Orillas del Zamora,CON_LESIONADOS,Caida,Fatiga del conductor,58,LESIONADO,MUJER,OTRO,43,LESIONADO,HOMBRE,CICLISTA,,,,
2024-01-23 20:26:35,-4.005831,-79.180787,Av. Universitaria,SOLO_DANOS,Accidente Laboral,Falla mecanica,,,,,,,,,,,,
2024-08-31 22:13:21,-4.021538,-79.198741,Av. Reinaldo Espinosa,SOLO_DANOS,Colision Multiple,Estado de embriaguez,,,,,,,,,,,,
2024-09-13 13:41:29,-4.024457,-79.183417,Via Loja - Catamayo,CON_LESIONADOS,Volcamiento,Inobservancia de senales,15,LESIONADO,MUJER,PEATON,51,LESIONADO,NO_REGISTRA,PEATON,,,,
2024-02-18 16:37:24,-4.006184,-79.178184,Av. Universitaria,SOLO_DANOS,Accidente Laboral,Imprudencia del conductor,,,,,,,,,,,,
2024-09-29 09:01:39,-3.982500,-79.202460,Av. Orillas del Zamora,CON_FALLECIDOS,Incendio,Exceso de velocidad,75,FALLECIDO,MUJER,VEH_LIVIANO,39,LESIONADO,HOMBRE,MOTOCICLETA,33,LESIONADO,NO_REGISTRA,PEATON
2024-12-07 17:07:57,-4.022184,-79.178400,Calle Colon,SOLO_DANOS,Colision Multiple,Factores externos,,,,,,,,,,,,
2024-09-27 08:59:49,-4.027331,-79.197220,Calle 18 de Noviembre,SOLO_DANOS,Colision Multiple,Equipo de seguridad deficiente,,,,,,,,,,,,
2024-11-06 02:35:19,-4.009632,-79.192189,Calle 18 de Noviembre,SOLO_DANOS,Choque Vehicular,Imprudencia del conductor,,,,,,,,,,,,
2024-09-22 09:23:58,-4.014491,-79.202297,Av. Rosa Hermosa,CON_LESIONADOS,Atropellamiento,Equipo de seguridad deficiente,59,LESIONADO,NO_REGISTRA,OTRO,43,LESIONADO,HOMBRE,MOTOCICLETA,,,,
2024-12-02 09:15:37,-3.995452,-79.199432,Calle Ramon Borrero,CON_FALLECIDOS,Volcamiento,Mal estado de la via,19,FALLECIDO,HOMBRE,PEATON,,,,,,,,
2024-06-08 20:58:58,-3.987523,-79.189329,Calle Azogues,SOLO_DANOS,Caida,Inobservancia de senales,,,,,,,,,,,,
2024-08-23 07:35:54,-4.032558,-79.186714,Calle Imbabura,CON_FALLECIDOS,Choque Vehicular,Visibilidad reducida,44,FALLECIDO,NO_REGISTRA,MOTOCICLETA,81,FALLECIDO,MUJER,CICLISTA,9,LESIONADO,MUJER,SCOOTER
2024-07-11 07:04:51,-3.987683,-79.200489,Av. Pio Jaramillo,CON_LESIONADOS,Atropellamiento,Factores externos,53,LESIONADO,HOMBRE,OTRO,80,LESIONADO,NO_REGISTRA,PEATON,,,,
2024-02-14 19:17:38,-3.988863,-79.226688,Calle Azogues,SOLO_DANOS,Caida,Fatiga del conductor,,,,,,,,,,,,
2024-07-08 17:13:44,-4.033095,-79.188792,Calle 10 de Agosto,CON_LESIONADOS,Caida,Distraccion (celular/radio),77,LESIONADO,MUJER,OTRO,,,,,,,,
2024-08-11 13:07:52,-4.031920,-79.183025,Calle Miguel Riofrio,SOLO_DANOS,Volcamiento,Inobservancia de senales,,,,,,,,,,,,
2024-03-20 00:01:44,-3.984748,-79.191351,Calle Bolivar,CON_FALLECIDOS,Atropellamiento,Distraccion (celular/radio),69,FALLECIDO,HOMBRE,PEATON,,,,,,,,
2024-01-22 20:59:26,-3.995236,-79.213083,Via Loja - Zamora,CON_FALLECIDOS,Colision Multiple,Imprudencia del conductor,34,FALLECIDO,MUJER,OTRO,57,FALLECIDO,MUJER,MOTOCICLETA,23,LESIONADO,HOMBRE,VEH_LIVIANO
2024-08-15 17:49:55,-4.027525,-79.191538,Calle Saraguro,CON_LESIONADOS,Colision Multiple,Inobservancia de senales,59,LESIONADO,MUJER,SCOOTER,22,LESIONADO,MUJER,MOTOCICLETA,,,,
2024-12-07 17:58:00,-4.028001,-79.182019,Av. 8 de Diciembre,CON_FALLECIDOS,Incendio,Mal estado de la via,72,FALLECIDO,HOMBRE,OTRO,73,LESIONADO,NO_REGISTRA,MOTOCICLETA,71,LESIONADO,HOMBRE,VEH_LIVIANO
2024-02-05 13:03:32,-4.002029,-79.224597,Calle Saraguro,SOLO_DANOS,Caida,Inobservancia de senales,,,,,,,,,,,,
2024-01-04 04:35:46,-4.005264,-79.172243,Calle Sucre,CON_LESIONADOS,Choque Vehicular,Fatiga del conductor,43,LESIONADO,MUJER,MOTOCICLETA,41,LESIONADO,NO_REGISTRA,PEATON,41,LESIONADO,MUJER,CICLISTA
2024-09-09 16:01:07,-4.011366,-79.228205,Calle Montufar,SOLO_DANOS,Caida,Fatiga del conductor,,,,,,,,,,,,
2024-04-22 06:59:02,-4.006887,-79.174731,Ruta 35,CON_FALLECIDOS,Colision Multiple,Equipo de seguridad deficiente,57,FALLECIDO,HOMBRE,OTRO,29,FALLECIDO,MUJER,CICLISTA,,,,
2024-12-01 04:12:16,-3.995776,-79.223668,Calle Ramon Borrero,CON_LESIONADOS,Atropellamiento,Imprudencia del conductor,46,LESIONADO,MUJER,OTRO,,,,,,,,
2024-07-10 17:31:48,-4.007628,-79.194606,Calle Azogues,CON_FALLECIDOS,Atropellamiento,Imprudencia del conductor,18,FALLECIDO,NO_REGISTRA,SCOOTER,83,FALLECIDO,MUJER,MOTOCICLETA,60,LESIONADO,MUJER,SCOOTER
2024-05-31 02:58:34,-4.011826,-79.203703,Av. Universitaria,SOLO_DANOS,Incendio,Via resbaladiza o mojada,,,,,,,,,,,,
2024-11-18 20:38:25,-4.034772,-79.194056,Calle Quito,CON_FALLECIDOS,Colision Multiple,Via resbaladiza o mojada,64,FALLECIDO,MUJER,PEATON,45,LESIONADO,HOMBRE,MOTOCICLETA,,,,
2024-03-12 11:30:57,-3.995542,-79.180939,Calle Saraguro,SOLO_DANOS,Atropellamiento,Fatiga del conductor,,,,,,,,,,,,
2024-04-09 22:42:22,-4.014182,-79.181777,Calle 10 de Agosto,CON_LESIONADOS,Volcamiento,Factores externos,32,LESIONADO,NO_REGISTRA,MOTOCICLETA,,,,,,,,
2024-07-15 17:28:03,-4.013755,-79.191754,Av. Universitaria,SOLO_DANOS,Incendio,Falla mecanica,,,,,,,,,,,,
2024-10-22 01:05:21,-4.024903,-79.179103,Calle Imbabura,SOLO_DANOS,Caida,Factores externos,,,,,,,,,,,,
2024-01-16 10:32:47,-4.015644,-79.227306,Calle Saraguro,SOLO_DANOS,Colision Multiple,Distraccion (celular/radio),,,,,,,,,,,,
2024-06-14 19:40:32,-3.997358,-79.178082,Calle Quito,CON_FALLECIDOS,Accidente Laboral,Inobservancia de senales,41,FALLECIDO,NO_REGISTRA,VEH_LIVIANO,50,LESIONADO,NO_REGISTRA,VEH_LIVIANO,,,,
2024-05-18 12:30:26,-4.007260,-79.221022,Calle Bolivar,SOLO_DANOS,Accidente Laboral,Mal estado de la via,,,,,,,,,,,,
2024-05-23 08:26:15,-4.017342,-79.178251,Ruta 35,CON_LESIONADOS,Volcamiento,Visibilidad reducida,40,LESIONADO,HOMBRE,CICLISTA,50,LESIONADO,MUJER,PEATON,55,LESIONADO,MUJER,OTRO
2024-09-11 11:32:33,-3.994838,-79.229599,Calle Ramon Borrero,CON_LESIONADOS,Atropellamiento,Estado de embriaguez,35,LESIONADO,NO_REGISTRA,VEH_LIVIANO,32,LESIONADO,NO_REGISTRA,VEH_LIVIANO,,,,
2024-12-09 07:05:50,-4.006919,-79.228289,Av. Manuel Agustin Aguirre,CON_LESIONADOS,Caida,Falla mecanica,22,LESIONADO,NO_REGISTRA,PEATON,38,LESIONADO,HOMBRE,VEH_LIVIANO,,,,
2024-04-07 04:12:58,-4.012022,-79.184608,Calle Miguel Riofrio,SOLO_DANOS,Choque Vehicular,Visibilidad reducida,,,,,,,,,,,,
2024-11-09 23:47:53,-4.008280,-79.220122,Av. Gran Colombia,SOLO_DANOS,Choque Vehicular,Visibilidad reducida,,,,,,,,,,,,
2024-02-21 15:38:36,-4.021547,-79.196258,Av. 8 de Diciembre,CON_LESIONADOS,Accidente Laboral,Equipo de seguridad deficiente,60,LESIONADO,NO_REGISTRA,PEATON,,,,,,,,
2024-07-18 06:27:12,-3.987676,-79.220773,Av. Metropolitana,CON_LESIONADOS,Colision Multiple,Via resbaladiza o mojada,10,LESIONADO,MUJER,MOTOCICLETA,,,,,,,,
2024-08-03 07:43:01,-4.000715,-79.219463,Calle Quito,CON_FALLECIDOS,Volcamiento,Falla mecanica,74,FALLECIDO,HOMBRE,CICLISTA,72,LESIONADO,HOMBRE,SCOOTER,,,,
2024-04-27 03:57:03,-4.018968,-79.174968,Calle Sucre,SOLO_DANOS,Accidente Laboral,Equipo de seguridad deficiente,,,,,,,,,,,,