fecha_hora,latitud,longitud,via,grado_severidad,tipo_siniestro,causa_probable,victima1_edad,victima1_condicion,victima1_sexo,victima1_actor_vial,victima2_edad,victima2_condicion,victima2_sexo,victima2_actor_vial,victima3_edad,victima3_condicion,victima3_sexo,victima3_actor_vial
2024-02-22 12:15:29,-4.031965,-79.218739,Calle Azogues,SOLO_DANOS,Caida,Visibilidad reducida,33,LESIONADO,NO_REGISTRA,SCOOTER,,,,,,,,
2024-04-04 10:58:36,-4.023771,-79.212068,Av. Isidro Ayora,SOLO_DANOS,Volcamiento,Visibilidad reducida,,,,,,,,,,,,
2024-05-07 09:01:09,-4.024668,-79.197743,Calle 10 de Agosto,CON_FALLECIDOS,Choque Vehicular,Falla mecanica,43,FALLECIDO,NO_REGISTRA,OTRO,45,FALLECIDO,MUJER,CICLISTA,16,LESIONADO,NO_REGISTRA,VEH_LIVIANO
2024-02-19 05:37:16,-3.986641,-79.218911,Calle Colon,SOLO_DANOS,Accidente Laboral,Equipo de seguridad deficiente,,,,,,,,,,,,
2024-11-14 18:36:50,-4.035079,-79.179083,Ruta 35,SOLO_DANOS,Volcamiento,Fatiga del conductor,,,,,,,,,,,,
2024-12-24 17:34:28,-4.032759,-79.208913,Calle Colon,CON_LESIONADOS,Incendio,Inobservancia de senales,80,LESIONADO,HOMBRE,VEH_LIVIANO,22,LESIONADO,MUJER,CICLISTA,,,,
2024-04-20 06:10:39,-4.027884,-79.172586,Av. Orillas del Zamora,SOLO_DANOS,Colision Multiple,Inobservancia de senales,,,,,,,,,,,,
2024-04-02 03:24:32,-3.987327,-79.226927,Via Loja - Catamayo,CON_FALLECIDOS,Atropellamiento,Mal estado de la via,70,FALLECIDO,NO_REGISTRA,MOTOCICLETA,80,FALLECIDO,NO_REGISTRA,VEH_LIVIANO,74,LESIONADO,HOMBRE,CICLISTA
2024-08-15 11:13:35,-4.025609,-79.207356,Av. Universitaria,CON_FALLECIDOS,Accidente Laboral,Exceso de velocidad,69,FALLECIDO,NO_REGISTRA,VEH_LIVIANO,17,LESIONADO,NO_REGISTRA,CICLISTA,40,LESIONADO,NO_REGISTRA,CICLISTA
2024-01-24 13:24:04,-4.007387,-79.197750,Av. Gran Colombia,CON_FALLECIDOS,Choque Vehicular,Inobservancia de senales,23,FALLECIDO,MUJER,MOTOCICLETA,,,,,,,,
2024-04-21 19:57:41,-4.029660,-79.227827,Calle Ramon Borrero,SOLO_DANOS,Volcamiento,Via resbaladiza o mojada,,,,,,,,,,,,
2024-06-20 14:51:05,-4.006806,-79.174044,Calle Azogues,CON_LESIONADOS,Accidente Laboral,Exceso de velocidad,41,LESIONADO,NO_REGISTRA,MOTOCICLETA,44,LESIONADO,MUJER,PEATON,28,LESIONADO,MUJER,CICLISTA
2024-06-29 10:47:14,-4.009704,-79.197518,Av. Cuxibamba,CON_LESIONADOS,Volcamiento,Via resbaladiza o mojada,7,LESIONADO,HOMBRE,OTRO,17,LESIONADO,HOMBRE,SCOOTER,,,,
2024-08-14 18:06:42,-4.023361,-79.207638,Calle 18 de Noviembre,CON_LESIONADOS,Atropellamiento,Fatiga del conductor,76,LESIONADO,MUJER,SCOOTER,,,,,,,,
2024-12-15 07:18:12,-4.024038,-79.196005,Calle Miguel Riofrio,CON_FALLECIDOS,Atropellamiento,Estado de embriaguez,35,FALLECIDO,MUJER,MOTOCICLETA,,,,,,,,
2024-09-21 08:13:14,-3.982744,-79.224871,Av. Gran Colombia,CON_LESIONADOS,Choque Vehicular,Estado de embriaguez,21,LESIONADO,NO_REGISTRA,CICLISTA,,,,,,,,
2024-12-05 21:36:37,-4.002233,-79.172749,Av. Pio Jaramillo,SOLO_DANOS,Atropellamiento,Inobservancia de senales,,,,,,,,,,,,
2024-07-29 04:04:22,-3.992856,-79.229690,Via Loja - Zamora,CON_LESIONADOS,Accidente Laboral,Distraccion (celular/radio),60,LESIONADO,MUJER,OTRO,30,LESIONADO,HOMBRE,MOTOCICLETA,,,,
2024-01-15 05:28:01,-4.022666,-79.171656,Calle Colon,CON_LESIONADOS,Choque Vehicular,Estado de embriaguez,34,LESIONADO,NO_REGISTRA,CICLISTA,46,LESIONADO,HOMBRE,VEH_LIVIANO,41,LESIONADO,MUJER,CICLISTA
2024-05-06 09:30:29,-3.996373,-79.197581,Calle Bolivar,CON_FALLECIDOS,Caida,Mal estado de la via,74,FALLECIDO,HOMBRE,OTRO,40,FALLECIDO,NO_REGISTRA,SCOOTER,,,,
2024-09-28 12:51:11,-4.024231,-79.229806,Calle Quito,CON_FALLECIDOS,Accidente Laboral,Visibilidad reducida,36,FALLECIDO,HOMBRE,OTRO,67,FALLECIDO,HOMBRE,PEATON,,,,
2024-04-01 18:06:26,-3.991416,-79.181736,Via Loja - Zamora,CON_FALLECIDOS,Choque Vehicular,Exceso de velocidad,79,FALLECIDO,HOMBRE,OTRO,75,FALLECIDO,HOMBRE,CICLISTA,,,,
2024-06-06 07:29:54,-3.995629,-79.197639,Av. Cuxibamba,CON_LESIONADOS,Colision Multiple,Factores externos,28,LESIONADO,HOMBRE,SCOOTER,77,LESIONADO,NO_REGISTRA,VEH_LIVIANO,18,LESIONADO,NO_REGISTRA,MOTOCICLETA
2024-07-30 20:12:03,-4.021302,-79.205191,Av. Pio Jaramillo,SOLO_DANOS,Volcamiento,Mal estado de la via,,,,,,,,,,,,
2024-10-14 16:20:16,-3.978121,-79.198606,Av. Cuxibamba,CON_LESIONADOS,Caida,Imprudencia del conductor,59,LESIONADO,HOMBRE,VEH_LIVIANO,57,LESIONADO,NO_REGISTRA,PEATON,,,,
2024-01-23 02:47:24,-4.019631,-79.220095,Av. Manuel Agustin Aguirre,SOLO_DANOS,Accidente Laboral,Fatiga del conductor,,,,,,,,,,,,
2024-10-01 23:29:26,-3.985318,-79.193539,Calle Quito,CON_FALLECIDOS,Caida,Exceso de velocidad,53,FALLECIDO,HOMBRE,SCOOTER,19,LESIONADO,MUJER,MOTOCICLETA,18,LESIONADO,HOMBRE,MOTOCICLETA
2024-05-21 17:40:51,-3.998254,-79.190818,Calle Imbabura,CON_LESIONADOS,Accidente Laboral,Equipo de seguridad deficiente,69,LESIONADO,MUJER,PEATON,32,LESIONADO,HOMBRE,MOTOCICLETA,35,LESIONADO,MUJER,SCOOTER
2024-05-09 01:05:57,-3.983264,-79.209056,Av. Rosa Hermosa,CON_LESIONADOS,Incendio,Equipo de seguridad deficiente,77,LESIONADO,HOMBRE,MOTOCICLETA,,,,,,,,
2024-12-25 10:59:28,-4.007788,-79.201084,Calle Mercadillo,CON_LESIONADOS,Incendio,Exceso de velocidad,79,LESIONADO,NO_REGISTRA,PEATON,,,,,,,,
2024-01-30 23:23:38,-4.004607,-79.185816,Calle 10 de Agosto,CON_LESIONADOS,Accidente Laboral,Estado de embriaguez,62,LESIONADO,MUJER,SCOOTER,,,,,,,,
2024-12-02 22:00:01,-4.031965,-79.218217,Calle Bolivar,CON_FALLECIDOS,Incendio,Distraccion (celular/radio),19,FALLECIDO,NO_REGISTRA,CICLISTA,51,LESIONADO,NO_REGISTRA,OTRO,33,LESIONADO,MUJER,VEH_LIVIANO
2024-04-18 19:14:54,-3.983426,-79.216361,Calle 18 de Noviembre,CON_LESIONADOS,Caida,Mal estado de la via,34,LESIONADO,NO_REGISTRA,SCOOTER,6,LESIONADO,NO_REGISTRA,CICLISTA,69,LESIONADO,MUJER,CICLISTA
2024-07-09 17:12:59,-4.035291,-79.206536,Calle Sucre,CON_LESIONADOS,Volcamiento,Falla mecanica,75,LESIONADO,MUJER,SCOOTER,52,LESIONADO,NO_REGISTRA,PEATON,,,,
2024-05-22 07:53:36,-3.999201,-79.209097,Av. Rosa Hermosa,CON_FALLECIDOS,Atropellamiento,Fatiga del conductor,78,FALLECIDO,MUJER,CICLISTA,,,,,,,,
2024-03-12 07:12:50,-3.990491,-79.208170,Via Loja - Zamora,SOLO_DANOS,Choque Vehicular,Inobservancia de senales,,,,,,,,,,,,
2024-11-22 11:59:18,-4.007653,-79.200452,Av. Isidro Ayora,CON_LESIONADOS,Accidente Laboral,Mal estado de la via,41,LESIONADO,MUJER,PEATON,,,,,,,,
2024-01-04 11:03:40,-3.995189,-79.212937,Calle Colon,CON_FALLECIDOS,Choque Vehicular,Inobservancia de senales,78,FALLECIDO,NO_REGISTRA,CICLISTA,51,LESIONADO,HOMBRE,VEH_LIVIANO,,,,
2024-10-26 03:00:43,-4.032753,-79.186136,Via Loja - Catamayo,SOLO_DANOS,Colision Multiple,Equipo de seguridad deficiente,,,,,,,,,,,,
2024-01-01 04:20:02,-4.018565,-79.192115,Calle Saraguro,CON_LESIONADOS,Incendio,Visibilidad reducida,35,LESIONADO,HOMBRE,VEH_LIVIANO,,,,,,,,
2024-06-03 09:06:01,-4.003599,-79.222733,Av. Manuel Agustin Aguirre,CON_LESIONADOS,Accidente Laboral,Distraccion (celular/radio),7,LESIONADO,HOMBRE,SCOOTER,55,LESIONADO,HOMBRE,CICLISTA,46,LESIONADO,NO_REGISTRA,OTRO
2024-07-28 21:41:57,-4.010423,-79.201785,Calle Imbabura,CON_LESIONADOS,Caida,Estado de embriaguez,16,LESIONADO,MUJER,MOTOCICLETA,78,LESIONADO,MUJER,VEH_LIVIANO,,,,
2024-11-26 21:41:54,-3.986742,-79.194749,Av. Reinaldo Espinosa,CON_FALLECIDOS,Choque Vehicular,Via resbaladiza o mojada,19,FALLECIDO,NO_REGISTRA,PEATON,74,FALLECIDO,HOMBRE,PEATON,60,LESIONADO,HOMBRE,MOTOCICLETA
2024-01-24 14:52:50,-3.978580,-79.210289,Av. Gran Colombia,SOLO_DANOS,Caida,Exceso de velocidad,,,,,,,,,,,,
2024-05-03 14:44:07,-3.989995,-79.224192,Calle Miguel Riofrio,CON_LESIONADOS,Choque Vehicular,Via resbaladiza o mojada,19,LESIONADO,MUJER,VEH_LIVIANO,68,LESIONADO,NO_REGISTRA,PEATON,15,LESIONADO,MUJER,SCOOTER
2024-11-23 03:02:34,-3.991342,-79.197690,Calle Ramon Borrero,SOLO_DANOS,Choque Vehicular,Fatiga del conductor,,,,,,,,,,,,
2024-02-16 00:08:33,-3.977016,-79.220699,Calle Montufar,CON_LESIONADOS,Choque Vehicular,Estado de embriaguez,10,LESIONADO,NO_REGISTRA,CICLISTA,34,LESIONADO,NO_REGISTRA,OTRO,,,,
2024-06-02 04:56:38,-4.009298,-79.207593,Av. Reinaldo Espinosa,CON_LESIONADOS,Atropellamiento,Visibilidad reducida,59,LESIONADO,MUJER,CICLISTA,51,LESIONADO,MUJER,MOTOCICLETA,,,,
2024-03-04 18:39:36,-4.004001,-79.226595,Via Loja - Catamayo,CON_FALLECIDOS,Volcamiento,Visibilidad reducida,22,FALLECIDO,MUJER,SCOOTER,,,,,,,,
2024-09-02 03:51:20,-4.034553,-79.173067,Calle Imbabura,CON_FALLECIDOS,Choque Vehicular,Mal estado de la via,19,FALLECIDO,MUJER,SCOOTER,27,FALLECIDO,MUJER,SCOOTER,53,LESIONADO,MUJER,CICLISTA
2024-12-23 03:03:57,-4.031436,-79.180617,Via Loja - Catamayo,SOLO_DANOS,Atropellamiento,Factores externos,,,,,,,,,,,,
2024-01-15 09:15:30,-4.035037,-79.182890,Calle Azogues,CON_LESIONADOS,Accidente Laboral,Mal estado de la via,5,LESIONADO,NO_REGISTRA,CICLISTA,74,LESIONADO,NO_REGISTRA,VEH_LIVIANO,71,LESIONADO,NO_REGISTRA,VEH_LIVIANO
2024-01-15 22:13:43,-4.016462,-79.174868,Ruta 35,SOLO_DANOS,Choque Vehicular,Fatiga del conductor,,,,,,,,,,,,
2024-06-11 10:02:31,-3.998748,-79.179775,Calle Saraguro,CON_FALLECIDOS,Choque Vehicular,Via resbaladiza o mojada,82,FALLECIDO,NO_REGISTRA,VEH_LIVIANO,51,FALLECIDO,HOMBRE,OTRO,,,,
2024-02-07 15:46:28,-3.991552,-79.213023,Av. Pio Jaramillo,CON_FALLECIDOS,Incendio,Estado de embriaguez,61,FALLECIDO,HOMBRE,OTRO,31,LESIONADO,HOMBRE,OTRO,35,LESIONADO,NO_REGISTRA,SCOOTER
2024-05-13 08:15:41,-4.016998,-79.222995,Av. 8 de Diciembre,SOLO_DANOS,Choque Vehicular,Inobservancia de senales,,,,,,,,,,,,
2024-06-27 17:28:23,-3.993172,-79.197522,Av. Metropolitana,CON_LESIONADOS,Incendio,Falla mecanica,22,LESIONADO,NO_REGISTRA,CICLISTA,50,LESIONADO,NO_REGISTRA,OTRO,,,,
2024-05-14 20:33:36,-4.001771,-79.200865,Via Loja - Catamayo,CON_FALLECIDOS,Atropellamiento,Exceso de velocidad,52,FALLECIDO,NO_REGISTRA,MOTOCICLETA,,,,,,,,
2024-08-07 04:03:23,-3.981447,-79.221342,Calle Rocafuerte,CON_LESIONADOS,Accidente Laboral,Inobservancia de senales,74,LESIONADO,MUJER,CICLISTA,,,,,,,,
2024-05-17 16:33:48,-4.008697,-79.212551,Av. Universitaria,CON_FALLECIDOS,Colision Multiple,Visibilidad reducida,60,FALLECIDO,NO_REGISTRA,MOTOCICLETA,,,,,,,,
2024-05-16 21:53:07,-4.016721,-79.181114,Calle Rocafuerte,SOLO_DANOS,Choque Vehicular,Falla mecanica,,,,,,,,,,,,
2024-08-05 18:08:30,-4.033482,-79.210353,Calle Azogues,CON_FALLECIDOS,Choque Vehicular,Fatiga del conductor,57,FALLECIDO,MUJER,SCOOTER,79,FALLECIDO,MUJER,MOTOCICLETA,66,LESIONADO,NO_REGISTRA,VEH_LIVIANO
2024-03-27 22:23:52,-3.999405,-79.187772,Ruta 35,CON_FALLECIDOS,Volcamiento,Imprudencia del conductor,41,FALLECIDO,MUJER,VEH_LIVIANO,66,FALLECIDO,NO_REGISTRA,SCOOTER,20,LESIONADO,MUJER,CICLISTA
2024-10-16 08:57:11,-4.029881,-79.175809,Calle Ramon Borrero,CON_FALLECIDOS,Caida,Mal estado de la via,73,FALLECIDO,MUJER,CICLISTA,85,FALLECIDO,HOMBRE,MOTOCICLETA,27,LESIONADO,MUJER,MOTOCICLETA
2024-12-29 22:20:29,-4.025809,-79.173337,Calle Miguel Riofrio,SOLO_DANOS,Accidente Laboral,Via resbaladiza o mojada,,,,,,,,,,,,
2024-04-20 04:50:15,-3.982559,-79.171859,Av. Cuxibamba,SOLO_DANOS,Choque Vehicular,Falla mecanica,,,,,,,,,,,,
2024-07-24 16:53:58,-3.979159,-79.183099,Av. Pio Jaramillo,CON_LESIONADOS,Accidente Laboral,Visibilidad reducida,18,LESIONADO,MUJER,CICLISTA,,,,,,,,
2024-08-10 08:07:34,-3.994689,-79.222007,Calle 10 de Agosto,SOLO_DANOS,Colision Multiple,Mal estado de la via,,,,,,,,,,,,
2024-01-01 02:47:58,-3.990801,-79.204393,Av. 8 de Diciembre,CON_FALLECIDOS,Choque Vehicular,Inobservancia de senales,76,FALLECIDO,NO_REGISTRA,PEATON,27,LESIONADO,MUJER,CICLISTA,,,,
2024-12-27 05:33:30,-4.012174,-79.176453,Calle Sucre,CON_FALLECIDOS,Accidente Laboral,Equipo de seguridad deficiente,75,FALLECIDO,HOMBRE,PEATON,79,LESIONADO,NO_REGISTRA,SCOOTER,38,LESIONADO,MUJER,CICLISTA
2024-05-20 23:04:17,-4.029079,-79.175312,Av. Orillas del Zamora,CON_LESIONADOS,Accidente Laboral,Exceso de velocidad,22,LESIONADO,HOMBRE,OTRO,,,,,,,,
2024-04-03 19:07:53,-4.009386,-79.225457,Av. Pio Jaramillo,CON_LESIONADOS,Colision Multiple,Via resbaladiza o mojada,50,LESIONADO,MUJER,OTRO,65,LESIONADO,HOMBRE,OTRO,50,LESIONADO,MUJER,PEATON
2024-03-26 10:09:35,-3.999930,-79.191308,Calle Azogues,CON_FALLECIDOS,Volcamiento,Estado de embriaguez,23,FALLECIDO,MUJER,SCOOTER,62,FALLECIDO,NO_REGISTRA,CICLISTA,58,LESIONADO,NO_REGISTRA,OTRO
2024-02-26 13:09:22,-4.026011,-79.190870,Via Loja - Catamayo,CON_LESIONADOS,Choque Vehicular,Mal estado de la via,34,LESIONADO,HOMBRE,PEATON,11,LESIONADO,NO_REGISTRA,MOTOCICLETA,29,LESIONADO,MUJER,OTRO
2024-08-21 18:13:32,-3.993753,-79.175232,Calle Bolivar,SOLO_DANOS,Incendio,Visibilidad reducida,,,,,,,,,,,,
2024-10-03 03:19:31,-3.982140,-79.184834,Calle Bolivar,CON_FALLECIDOS,Atropellamiento,Falla mecanica,83,FALLECIDO,MUJER,VEH_LIVIANO,15,LESIONADO,HOMBRE,OTRO,44,LESIONADO,HOMBRE,MOTOCICLETA
2024-10-06 05:35:01,-4.033444,-79.207761,Av. Pio Jaramillo,SOLO_DANOS,Incendio,Inobservancia de senales,,,,,,,,,,,,
2024-04-06 11:53:26,-4.030279,-79.229433,Calle Ramon Borrero,CON_LESIONADOS,Caida,Exceso de velocidad,29,LESIONADO,NO_REGISTRA,MOTOCICLETA,39,LESIONADO,NO_REGISTRA,PEATON,,,,
2024-02-26 19:36:19,-4.014046,-79.171744,Calle 18 de Noviembre,CON_LESIONADOS,Volcamiento,Inobservancia de senales,44,LESIONADO,NO_REGISTRA,SCOOTER,61,LESIONADO,NO_REGISTRA,PEATON,,,,
2024-06-24 13:51:19,-3.995250,-79.200934,Av. Manuel Agustin Aguirre,CON_FALLECIDOS,Colision Multiple,Via resbaladiza o mojada,53,FALLECIDO,HOMBRE,VEH_LIVIANO,46,FALLECIDO,NO_REGISTRA,VEH_LIVIANO,61,LESIONADO,MUJER,VEH_LIVIANO
2024-07-19 05:17:28,-3.999169,-79.220582,Calle Saraguro,CON_LESIONADOS,Atropellamiento,Falla mecanica,21,LESIONADO,MUJER,OTRO,33,LESIONADO,MUJER,VEH_LIVIANO,64,LESIONADO,MUJER,MOTOCICLETA
2024-10-26 09:45:45,-4.034151,-79.212014,Av. Universitaria,CON_FALLECIDOS,Colision Multiple,Equipo de seguridad deficiente,39,FALLECIDO,HOMBRE,SCOOTER,,,,,,,,
2024-12-06 08:30:35,-4.008280,-79.217201,Av. Universitaria,SOLO_DANOS,Choque Vehicular,Factores externos,,,,,,,,,,,,
2024-10-17 15:06:17,-4.024530,-79.182992,Av. Manuel Agustin Aguirre,CON_LESIONADOS,Accidente Laboral,Exceso de velocidad,36,LESIONADO,MUJER,VEH_LIVIANO,,,,,,,,
2024-04-18 16:12:26,-4.001731,-79.203279,Av. Manuel Agustin Aguirre,SOLO_DANOS,Accidente Laboral,Equipo de seguridad deficiente,,,,,,,,,,,,
2024-11-30 06:30:26,-3.996466,-79.196430,Av. Cuxibamba,CON_FALLECIDOS,Volcamiento,Exceso de velocidad,62,FALLECIDO,NO_REGISTRA,MOTOCICLETA,62,FALLECIDO,MUJER,SCOOTER,42,LESIONADO,MUJER,SCOOTER
2024-11-13 04:06:53,-4.018468,-79.177735,Calle Mercadillo,SOLO_DANOS,Incendio,Via resbaladiza o mojada,,,,,,,,,,,,
2024-09-10 10:06:14,-4.017449,-79.224961,Av. Pio Jaramillo,CON_FALLECIDOS,Choque Vehicular,Visibilidad reducida,83,FALLECIDO,HOMBRE,CICLISTA,46,FALLECIDO,NO_REGISTRA,PEATON,51,LESIONADO,HOMBRE,VEH_LIVIANO
2024-07-30 21:41:18,-3.984210,-79.223742,Av. 8 de Diciembre,CON_LESIONADOS,Choque Vehicular,Equipo de seguridad deficiente,58,LESIONADO,NO_REGISTRA,OTRO,36,LESIONADO,MUJER,VEH_LIVIANO,41,LESIONADO,MUJER,MOTOCICLETA
2024-12-25 21:25:08,-4.015971,-79.179596,Av. Gran Colombia,CON_FALLECIDOS,Caida,Inobservancia de senales,43,FALLECIDO,HOMBRE,PEATON,,,,,,,,
2024-07-15 17:00:42,-3.989201,-79.181372,Av. Metropolitana,CON_FALLECIDOS,Colision Multiple,Factores externos,78,FALLECIDO,HOMBRE,SCOOTER,67,FALLECIDO,NO_REGISTRA,VEH_LIVIANO,39,LESIONADO,HOMBRE,CICLISTA
2024-03-12 06:07:07,-4.017309,-79.197501,Via Loja - Zamora,SOLO_DANOS,Volcamiento,Visibilidad reducida,,,,,,,,,,,,
2024-11-20 11:13:02,-4.006248,-79.189315,Calle Sucre,CON_FALLECIDOS,Colision Multiple,Falla mecanica,72,FALLECIDO,MUJER,PEATON,10,LESIONADO,MUJER,MOTOCICLETA,,,,
2024-03-07 12:34:08,-4.036313,-79.205832,Av. Metropolitana,SOLO_DANOS,Volcamiento,Via resbaladiza o mojada,,,,,,,,,,,,
2024-06-05 23:32:08,-3.979378,-79.173601,Av. 8 de Diciembre,CON_LESIONADOS,Colision Multiple,Mal estado de la via,43,LESIONADO,HOMBRE,CICLISTA,18,LESIONADO,NO_REGISTRA,SCOOTER,,,,
2024-06-11 18:31:29,-3.985746,-79.220914,Av. Universitaria,SOLO_DANOS,Accidente Laboral,Distraccion (celular/radio),,,,,,,,,,,,
2024-01-05 18:04:07,-3.995766,-79.221672,Calle Ramon Borrero,SOLO_DANOS,Colision Multiple,Imprudencia del conductor,28,LESIONADO,MUJER,CICLISTA,,,,,,,,
2024-09-29 15:21:50,-4.027734,-79.200862,Av. 8 de Diciembre,CON_FALLECIDOS,Choque Vehicular,Exceso de velocidad,84,FALLECIDO,MUJER,SCOOTER,34,FALLECIDO,NO_REGISTRA,MOTOCICLETA,,,,
2024-01-08 03:32:42,-4.028078,-79.221800,Via Loja - Catamayo,SOLO_DANOS,Incendio,Inobservancia de senales,,,,,,,,,,,,
2024-04-22 02:55:57,-3.994867,-79.210252,Av. Orillas del Zamora,CON_FALLECIDOS,Caida,Distraccion (celular/radio),78,FALLECIDO,HOMBRE,VEH_LIVIANO,46,FALLECIDO,NO_REGISTRA,OTRO,7,LESIONADO,NO_REGISTRA,VEH_LIVIANO
2024-06-08 02:52:51,-4.004207,-79.216591,Calle 10 de Agosto,CON_FALLECIDOS,Choque Vehicular,Distraccion (celular/radio),39,FALLECIDO,HOMBRE,SCOOTER,31,FALLECIDO,HOMBRE,VEH_LIVIANO,23,LESIONADO,NO_REGISTRA,SCOOTER
2024-06-07 15:36:03,-4.014688,-79.171779,Av. Rosa Hermosa,CON_LESIONADOS,Caida,Inobservancia de senales,12,LESIONADO,NO_REGISTRA,OTRO,,,,,,,,
2024-03-23 20:16:07,-4.024177,-79.224613,Calle Rocafuerte,CON_LESIONADOS,Atropellamiento,Imprudencia del conductor,27,LESIONADO,HOMBRE,CICLISTA,48,LESIONADO,MUJER,SCOOTER,,,,
2024-10-10 00:37:29,-4.012577,-79.191411,Via Loja - Zamora,CON_FALLECIDOS,Volcamiento,Via resbaladiza o mojada,29,FALLECIDO,MUJER,SCOOTER,43,LESIONADO,HOMBRE,OTRO,,,,
2024-02-06 18:39:16,-4.011890,-79.219293,Av. Universitaria,CON_FALLECIDOS,Caida,Factores externos,23,FALLECIDO,HOMBRE,VEH_LIVIANO,60,FALLECIDO,NO_REGISTRA,OTRO,69,LESIONADO,NO_REGISTRA,MOTOCICLETA
2024-02-08 02:22:56,-3.988375,-79.203735,Av. Isidro Ayora,CON_LESIONADOS,Volcamiento,Mal estado de la via,80,LESIONADO,NO_REGISTRA,CICLISTA,26,LESIONADO,HOMBRE,PEATON,,,,
2024-04-03 13:48:17,-3.989366,-79.230803,Av. 8 de Diciembre,SOLO_DANOS,Accidente Laboral,Distraccion (celular/radio),,,,,,,,,,,,
2024-02-23 14:17:56,-3.996589,-79.203189,Calle 10 de Agosto,CON_FALLECIDOS,Colision Multiple,Imprudencia del conductor,84,FALLECIDO,HOMBRE,CICLISTA,12,LESIONADO,MUJER,CICLISTA,,,,
2024-03-08 08:35:40,-4.005001,-79.187916,Av. Pio Jaramillo,SOLO_DANOS,Choque Vehicular,Inobservancia de senales,,,,,,,,,,,,
2024-04-27 17:54:43,-4.032309,-79.223253,Av. Orillas del Zamora,CON_LESIONADOS,Caida,Fatiga del conductor,69,LESIONADO,NO_REGISTRA,SCOOTER,,,,,,,,
2024-06-10 16:44:55,-4.030459,-79.198956,Av. Rosa Hermosa,SOLO_DANOS,Incendio,Visibilidad reducida,,,,,,,,,,,,
2024-12-26 14:55:08,-4.027224,-79.172039,Calle Azogues,SOLO_DANOS,Caida,Fatiga del conductor,,,,,,,,,,,,
2024-08-30 08:16:14,-3.999418,-79.175252,Calle 18 de Noviembre,CON_FALLECIDOS,Atropellamiento,Fatiga del conductor,64,FALLECIDO,HOMBRE,OTRO,63,FALLECIDO,MUJER,MOTOCICLETA,80,LESIONADO,NO_REGISTRA,SCOOTER
2024-04-22 00:12:40,-4.027607,-79.181581,Calle Saraguro,SOLO_DANOS,Choque Vehicular,Falla mecanica,,,,,,,,,,,,
2024-09-10 18:04:26,-3.986817,-79.226996,Av. Reinaldo Espinosa,CON_LESIONADOS,Caida,Distraccion (celular/radio),26,LESIONADO,HOMBRE,SCOOTER,,,,,,,,
2024-11-09 19:42:49,-3.980370,-79.211706,Calle Colon,CON_FALLECIDOS,Atropellamiento,Imprudencia del conductor,31,FALLECIDO,MUJER,OTRO,71,LESIONADO,NO_REGISTRA,MOTOCICLETA,43,LESIONADO,NO_REGISTRA,VEH_LIVIANO
2024-11-28 05:48:49,-4.028357,-79.201207,Via Loja - Catamayo,CON_LESIONADOS,Volcamiento,Imprudencia del conductor,55,LESIONADO,NO_REGISTRA,MOTOCICLETA,24,LESIONADO,NO_REGISTRA,MOTOCICLETA,12,LESIONADO,NO_REGISTRA,VEH_LIVIANO
2024-03-11 21:00:44,-4.018655,-79.206386,Av. Orillas del Zamora,CON_LESIONADOS,Accidente Laboral,Estado de embriaguez,74,LESIONADO,MUJER,OTRO,40,LESIONADO,HOMBRE,OTRO,39,LESIONADO,NO_REGISTRA,PEATON
2024-08-19 19:05:11,-4.022653,-79.228154,Via Loja - Zamora,SOLO_DANOS,Colision Multiple,Inobservancia de senales,,,,,,,,,,,,
2024-11-19 13:01:44,-4.025996,-79.186694,Calle Quito,SOLO_DANOS,Choque Vehicular,Equipo de seguridad deficiente,,,,,,,,,,,,
2024-05-17 17:55:14,-3.983128,-79.215078,Calle Mercadillo,CON_FALLECIDOS,Atropellamiento,Estado de embriaguez,35,FALLECIDO,HOMBRE,PEATON,48,LESIONADO,NO_REGISTRA,PEATON,,,,
2024-04-17 15:28:44,-4.031015,-79.184511,Via Loja - Zamora,SOLO_DANOS,Accidente Laboral,Distraccion (celular/radio),,,,,,,,,,,,
2024-03-10 17:30:17,-4.010130,-79.173651,Calle Rocafuerte,CON_FALLECIDOS,Caida,Falla mecanica,60,FALLECIDO,MUJER,SCOOTER,62,FALLECIDO,MUJER,VEH_LIVIANO,,,,
2024-02-29 10:13:30,-4.021036,-79.209246,Av. Rosa Hermosa,CON_LESIONADOS,Incendio,Estado de embriaguez,65,LESIONADO,HOMBRE,OTRO,32,LESIONADO,HOMBRE,OTRO,,,,
2024-09-09 11:50:26,-3.988245,-79.201165,Calle Colon,SOLO_DANOS,Incendio,Fatiga del conductor,,,,,,,,,,,,
2024-08-27 20:52:14,-4.005529,-79.187954,Ruta 35,CON_LESIONADOS,Colision Multiple,Equipo de seguridad deficiente,11,LESIONADO,HOMBRE,VEH_LIVIANO,,,,,,,,
2024-07-10 12:08:13,-4.032694,-79.211231,Calle Colon,SOLO_DANOS,Atropellamiento,Via resbaladiza o mojada,,,,,,,,,,,,
2024-05-26 12:44:05,-3.982566,-79.192403,Calle 10 de Agosto,CON_LESIONADOS,Incendio,Distraccion (celular/radio),55,LESIONADO,MUJER,MOTOCICLETA,73,LESIONADO,MUJER,SCOOTER,,,,