fecha_hora,latitud,longitud,via,grado_severidad,tipo_siniestro,causa_probable,victima1_edad,victima1_condicion,victima1_sexo,victima1_actor_vial,victima2_edad,victima2_condicion,victima2_sexo,victima2_actor_vial,victima3_edad,victima3_condicion,victima3_sexo,victima3_actor_vial
2024-07-23 02:55:05,-3.977765,-79.190730,Calle Miguel Riofrio,SOLO_DANOS,Atropellamiento,Mal estado de la via,,,,,,,,,,,,
2024-12-25 12:15:26,-4.018823,-79.215819,Via Loja - Zamora,CON_LESIONADOS,Atropellamiento,Equipo de seguridad deficiente,35,LESIONADO,HOMBRE,OTRO,10,LESIONADO,NO_REGISTRA,MOTOCICLETA,38,LESIONADO,NO_REGISTRA,OTRO
2024-11-20 13:03:50,-3.991371,-79.216384,Ruta 35,CON_LESIONADOS,Caida,Inobservancia de senales,12,LESIONADO,NO_REGISTRA,OTRO,,,,,,,,
2024-12-08 12:04:01,-3.984318,-79.221425,Av. Gran Colombia,CON_LESIONADOS,Caida,Estado de embriaguez,11,LESIONADO,NO_REGISTRA,MOTOCICLETA,,,,,,,,
2024-02-05 10:33:02,-4.028054,-79.188803,Calle Bolivar,CON_LESIONADOS,Atropellamiento,Distraccion (celular/radio),66,LESIONADO,HOMBRE,VEH_LIVIANO,11,LESIONADO,NO_REGISTRA,OTRO,56,LESIONADO,HOMBRE,SCOOTER
2024-11-26 16:16:58,-3.984506,-79.187158,Calle Colon,CON_LESIONADOS,Colision Multiple,Fatiga del conductor,59,LESIONADO,NO_REGISTRA,SCOOTER,,,,,,,,
2024-10-27 09:54:18,-4.004595,-79.179844,Av. Orillas del Zamora,CON_LESIONADOS,Choque Vehicular,Inobservancia de senales,76,LESIONADO,NO_REGISTRA,CICLISTA,29,LESIONADO,MUJER,OTRO,66,LESIONADO,MUJER,OTRO
2024-02-01 17:52:50,-3.981936,-79.220529,Av. Orillas del Zamora,CON_LESIONADOS,Choque Vehicular,Equipo de seguridad deficiente,8,LESIONADO,MUJER,PEATON,,,,,,,,
2024-11-04 10:05:37,-3.992583,-79.195500,Av. 8 de Diciembre,CON_LESIONADOS,Atropellamiento,Fatiga del conductor,78,LESIONADO,MUJER,VEH_LIVIANO,46,LESIONADO,HOMBRE,SCOOTER,,,,
2024-04-17 16:17:03,-4.001547,-79.196868,Ruta 35,CON_LESIONADOS,Choque Vehicular,Falla mecanica,49,LESIONADO,NO_REGISTRA,SCOOTER,18,LESIONADO,NO_REGISTRA,OTRO,44,LESIONADO,MUJER,OTRO
2024-10-28 04:05:12,-4.006550,-79.189258,Calle 10 de Agosto,SOLO_DANOS,Incendio,Imprudencia del conductor,,,,,,,,,,,,
2024-02-24 16:14:47,-4.024099,-79.171726,Av. Universitaria,SOLO_DANOS,Caida,Fatiga del conductor,,,,,,,,,,,,
2024-02-09 13:44:18,-4.033859,-79.224092,Av. Cuxibamba,SOLO_DANOS,Atropellamiento,Equipo de seguridad deficiente,,,,,,,,,,,,
2024-01-20 23:21:15,-4.003743,-79.226365,Calle Imbabura,CON_FALLECIDOS,Accidente Laboral,Via resbaladiza o mojada,61,FALLECIDO,NO_REGISTRA,OTRO,22,LESIONADO,HOMBRE,OTRO,33,LESIONADO,MUJER,MOTOCICLETA
2024-07-10 11:27:25,-4.016662,-79.194308,Calle Ramon Borrero,CON_FALLECIDOS,Accidente Laboral,Falla mecanica,47,FALLECIDO,MUJER,MOTOCICLETA,15,LESIONADO,HOMBRE,PEATON,35,LESIONADO,MUJER,PEATON
2024-03-06 14:13:41,-3.994778,-79.208812,Calle 18 de Noviembre,SOLO_DANOS,Colision Multiple,Estado de embriaguez,,,,,,,,,,,,
2024-02-24 09:42:18,-3.979425,-79.222166,Calle Colon,CON_FALLECIDOS,Atropellamiento,Exceso de velocidad,35,FALLECIDO,HOMBRE,MOTOCICLETA,,,,,,,,
2024-03-12 00:58:48,-4.036127,-79.190736,Via Loja - Zamora,CON_FALLECIDOS,Volcamiento,Fatiga del conductor,73,FALLECIDO,MUJER,VEH_LIVIANO,75,LESIONADO,MUJER,PEATON,,,,
2024-07-08 11:38:51,-4.013290,-79.225021,Av. Gran Colombia,SOLO_DANOS,Volcamiento,Visibilidad reducida,,,,,,,,,,,,
2024-12-02 03:36:29,-4.019746,-79.208244,Av. Universitaria,SOLO_DANOS,Caida,Factores externos,,,,,,,,,,,,
2024-07-20 01:09:42,-4.007655,-79.173698,Calle Miguel Riofrio,CON_FALLECIDOS,Atropellamiento,Inobservancia de senales,84,FALLECIDO,MUJER,PEATON,75,FALLECIDO,NO_REGISTRA,OTRO,14,LESIONADO,HOMBRE,VEH_LIVIANO
2024-08-28 21:01:58,-3.989278,-79.228587,Av. Universitaria,CON_FALLECIDOS,Atropellamiento,Via resbaladiza o mojada,66,FALLECIDO,HOMBRE,OTRO,79,FALLECIDO,MUJER,VEH_LIVIANO,,,,
2024-08-22 02:48:45,-4.009377,-79.208875,Via Loja - Catamayo,CON_LESIONADOS,Atropellamiento,Fatiga del conductor,24,LESIONADO,NO_REGISTRA,MOTOCICLETA,19,LESIONADO,MUJER,MOTOCICLETA,10,LESIONADO,MUJER,CICLISTA
2024-11-27 22:33:08,-4.017953,-79.222156,Calle Saraguro,CON_FALLECIDOS,Incendio,Distraccion (celular/radio),38,FALLECIDO,MUJER,PEATON,41,LESIONADO,HOMBRE,OTRO,57,LESIONADO,NO_REGISTRA,SCOOTER
2024-12-07 10:31:38,-4.003824,-79.218287,Calle Colon,SOLO_DANOS,Caida,Falla mecanica,,,,,,,,,,,,
2024-01-17 09:29:00,-4.035641,-79.175760,Ruta 35,SOLO_DANOS,Choque Vehicular,Inobservancia de senales,6,LESIONADO,NO_REGISTRA,PEATON,,,,,,,,
2024-10-10 15:20:39,-3.982532,-79.218424,Via Loja - Catamayo,SOLO_DANOS,Choque Vehicular,Fatiga del conductor,,,,,,,,,,,,
2024-01-17 02:19:18,-3.980999,-79.197247,Calle Imbabura,CON_LESIONADOS,Colision Multiple,Mal estado de la via,34,LESIONADO,MUJER,VEH_LIVIANO,77,LESIONADO,MUJER,VEH_LIVIANO,30,LESIONADO,HOMBRE,OTRO
2024-02-15 21:50:45,-4.001468,-79.184878,Av. Manuel Agustin Aguirre,SOLO_DANOS,Volcamiento,Via resbaladiza o mojada,,,,,,,,,,,,
2024-06-17 11:47:06,-4.026113,-79.214696,Calle Saraguro,CON_FALLECIDOS,Colision Multiple,Equipo de seguridad deficiente,21,FALLECIDO,MUJER,MOTOCICLETA,53,LESIONADO,HOMBRE,VEH_LIVIANO,8,LESIONADO,NO_REGISTRA,VEH_LIVIANO
2024-03-20 00:07:15,-4.015463,-79.221397,Via Loja - Zamora,CON_FALLECIDOS,Atropellamiento,Fatiga del conductor,77,FALLECIDO,HOMBRE,CICLISTA,82,FALLECIDO,MUJER,OTRO,58,LESIONADO,NO_REGISTRA,PEATON
2024-03-14 07:27:04,-4.022359,-79.198648,Calle Mercadillo,CON_FALLECIDOS,Accidente Laboral,Equipo de seguridad deficiente,80,FALLECIDO,MUJER,VEH_LIVIANO,6,LESIONADO,MUJER,OTRO,,,,
2024-02-02 14:21:47,-4.012898,-79.186861,Calle Miguel Riofrio,CON_LESIONADOS,Incendio,Fatiga del conductor,71,LESIONADO,NO_REGISTRA,MOTOCICLETA,40,LESIONADO,NO_REGISTRA,OTRO,66,LESIONADO,HOMBRE,VEH_LIVIANO
2024-08-05 04:18:27,-3.992910,-79.195230,Av. Metropolitana,SOLO_DANOS,Atropellamiento,Exceso de velocidad,,,,,,,,,,,,
2024-11-12 01:50:02,-3.991891,-79.214217,Calle Montufar,CON_LESIONADOS,Incendio,Distraccion (celular/radio),36,LESIONADO,NO_REGISTRA,MOTOCICLETA,80,LESIONADO,HOMBRE,MOTOCICLETA,28,LESIONADO,NO_REGISTRA,MOTOCICLETA
2024-07-08 14:56:53,-4.020375,-79.173505,Av. Rosa Hermosa,CON_LESIONADOS,Accidente Laboral,Distraccion (celular/radio),25,LESIONADO,NO_REGISTRA,PEATON,77,LESIONADO,NO_REGISTRA,VEH_LIVIANO,35,LESIONADO,NO_REGISTRA,MOTOCICLETA
2024-11-14 08:07:12,-4.018444,-79.182071,Av. Orillas del Zamora,CON_FALLECIDOS,Volcamiento,Visibilidad reducida,29,FALLECIDO,HOMBRE,SCOOTER,22,FALLECIDO,NO_REGISTRA,PEATON,80,LESIONADO,NO_REGISTRA,CICLISTA
2024-03-29 20:06:29,-4.000502,-79.178617,Calle Bolivar,CON_FALLECIDOS,Volcamiento,Exceso de velocidad,31,FALLECIDO,HOMBRE,SCOOTER,30,LESIONADO,HOMBRE,MOTOCICLETA,41,LESIONADO,NO_REGISTRA,MOTOCICLETA
2024-12-02 12:40:06,-3.999679,-79.219458,Av. Pio Jaramillo,CON_LESIONADOS,Choque Vehicular,Imprudencia del conductor,69,LESIONADO,MUJER,CICLISTA,6,LESIONADO,MUJER,VEH_LIVIANO,15,LESIONADO,HOMBRE,OTRO
2024-05-12 12:25:07,-3.990464,-79.193834,Av. Reinaldo Espinosa,SOLO_DANOS,Incendio,Mal estado de la via,,,,,,,,,,,,
2024-03-14 02:15:38,-3.992913,-79.221262,Calle Miguel Riofrio,SOLO_DANOS,Volcamiento,Fatiga del conductor,9,LESIONADO,MUJER,OTRO,,,,,,,,
2024-09-03 05:08:29,-4.021320,-79.197047,Via Loja - Zamora,CON_LESIONADOS,Caida,Estado de embriaguez,79,LESIONADO,HOMBRE,VEH_LIVIANO,,,,,,,,
2024-03-04 15:17:57,-4.025980,-79.183406,Av. Manuel Agustin Aguirre,CON_FALLECIDOS,Accidente Laboral,Visibilidad reducida,48,FALLECIDO,MUJER,VEH_LIVIANO,69,LESIONADO,HOMBRE,CICLISTA,35,LESIONADO,HOMBRE,VEH_LIVIANO
2024-07-21 00:57:09,-3.987650,-79.220510,Av. Isidro Ayora,CON_FALLECIDOS,Colision Multiple,Estado de embriaguez,53,FALLECIDO,NO_REGISTRA,SCOOTER,,,,,,,,
2024-08-02 18:12:15,-3.999992,-79.198641,Av. Rosa Hermosa,SOLO_DANOS,Atropellamiento,Imprudencia del conductor,,,,,,,,,,,,
2024-08-06 12:08:25,-3.988288,-79.180657,Av. Isidro Ayora,CON_FALLECIDOS,Atropellamiento,Visibilidad reducida,59,FALLECIDO,HOMBRE,OTRO,35,LESIONADO,NO_REGISTRA,PEATON,,,,
2024-07-30 22:07:15,-4.033585,-79.204589,Calle Miguel Riofrio,CON_LESIONADOS,Colision Multiple,Equipo de seguridad deficiente,40,LESIONADO,HOMBRE,VEH_LIVIANO,,,,,,,,
2024-04-03 16:01:45,-3.980195,-79.225239,Av. Orillas del Zamora,SOLO_DANOS,Accidente Laboral,Equipo de seguridad deficiente,,,,,,,,,,,,
2024-09-19 06:12:48,-3.999905,-79.188539,Via Loja - Catamayo,CON_FALLECIDOS,Caida,Fatiga del conductor,19,FALLECIDO,MUJER,CICLISTA,65,LESIONADO,MUJER,SCOOTER,,,,
2024-08-08 07:08:05,-3.999094,-79.174573,Av. Gran Colombia,SOLO_DANOS,Choque Vehicular,Fatiga del conductor,,,,,,,,,,,,
2024-10-25 03:58:01,-4.010079,-79.213349,Av. Pio Jaramillo,SOLO_DANOS,Incendio,Distraccion (celular/radio),,,,,,,,,,,,
2024-11-02 18:33:31,-4.005917,-79.172499,Via Loja - Zamora,CON_LESIONADOS,Colision Multiple,Equipo de seguridad deficiente,12,LESIONADO,NO_REGISTRA,OTRO,23,LESIONADO,MUJER,MOTOCICLETA,79,LESIONADO,NO_REGISTRA,OTRO
2024-08-29 00:47:29,-4.004764,-79.183561,Via Loja - Catamayo,CON_LESIONADOS,Accidente Laboral,Visibilidad reducida,9,LESIONADO,HOMBRE,CICLISTA,78,LESIONADO,HOMBRE,VEH_LIVIANO,47,LESIONADO,NO_REGISTRA,CICLISTA
2024-11-19 09:12:09,-4.019335,-79.205634,Calle Colon,CON_LESIONADOS,Atropellamiento,Estado de embriaguez,28,LESIONADO,HOMBRE,MOTOCICLETA,55,LESIONADO,NO_REGISTRA,CICLISTA,,,,
2024-05-28 06:06:06,-4.003120,-79.176383,Av. Reinaldo Espinosa,CON_LESIONADOS,Choque Vehicular,Factores externos,7,LESIONADO,HOMBRE,CICLISTA,57,LESIONADO,HOMBRE,CICLISTA,,,,
2024-07-14 11:48:27,-4.007721,-79.218973,Ruta 35,CON_FALLECIDOS,Incendio,Equipo de seguridad deficiente,32,FALLECIDO,MUJER,OTRO,48,FALLECIDO,HOMBRE,CICLISTA,,,,
2024-02-15 08:31:47,-4.033619,-79.222054,Calle Rocafuerte,SOLO_DANOS,Accidente Laboral,Factores externos,,,,,,,,,,,,
2024-08-05 18:16:41,-3.991163,-79.184546,Calle Azogues,CON_FALLECIDOS,Incendio,Equipo de seguridad deficiente,61,FALLECIDO,NO_REGISTRA,PEATON,48,LESIONADO,MUJER,PEATON,67,LESIONADO,HOMBRE,SCOOTER
2024-03-06 23:29:57,-4.025197,-79.204526,Av. Gran Colombia,CON_FALLECIDOS,Incendio,Via resbaladiza o mojada,59,FALLECIDO,NO_REGISTRA,SCOOTER,41,FALLECIDO,NO_REGISTRA,PEATON,62,LESIONADO,NO_REGISTRA,VEH_LIVIANO
2024-12-20 11:57:46,-4.015598,-79.189031,Via Loja - Zamora,SOLO_DANOS,Incendio,Factores externos,,,,,,,,,,,,
2024-08-23 12:13:58,-4.023021,-79.217442,Calle Colon,SOLO_DANOS,Accidente Laboral,Fatiga del conductor,,,,,,,,,,,,
2024-08-23 23:14:24,-3.978403,-79.192370,Calle 18 de Noviembre,CON_FALLECIDOS,Volcamiento,Distraccion (celular/radio),66,FALLECIDO,MUJER,CICLISTA,79,FALLECIDO,HOMBRE,CICLISTA,,,,
2024-11-27 06:47:45,-4.025980,-79.217209,Calle Bolivar,SOLO_DANOS,Volcamiento,Exceso de velocidad,,,,,,,,,,,,
2024-03-08 08:17:47,-4.000658,-79.221362,Calle Imbabura,CON_FALLECIDOS,Atropellamiento,Factores externos,69,FALLECIDO,MUJER,PEATON,,,,,,,,
2024-09-04 18:10:27,-4.034607,-79.191197,Calle Bolivar,CON_FALLECIDOS,Incendio,Estado de embriaguez,51,FALLECIDO,HOMBRE,OTRO,78,FALLECIDO,NO_REGISTRA,OTRO,50,LESIONADO,NO_REGISTRA,SCOOTER
2024-03-02 15:03:21,-3.982941,-79.182801,Via Loja - Catamayo,SOLO_DANOS,Accidente Laboral,Fatiga del conductor,,,,,,,,,,,,
2024-04-01 21:47:41,-3.978259,-79.205802,Av. Pio Jaramillo,CON_LESIONADOS,Volcamiento,Imprudencia del conductor,38,LESIONADO,MUJER,PEATON,6,LESIONADO,MUJER,PEATON,6,LESIONADO,HOMBRE,MOTOCICLETA
2024-04-06 05:36:27,-3.984845,-79.181038,Calle Montufar,CON_FALLECIDOS,Colision Multiple,Inobservancia de senales,74,FALLECIDO,HOMBRE,MOTOCICLETA,71,FALLECIDO,NO_REGISTRA,VEH_LIVIANO,,,,
2024-10-21 07:24:13,-3.985354,-79.190119,Calle Montufar,SOLO_DANOS,Caida,Visibilidad reducida,,,,,,,,,,,,
2024-05-12 19:24:18,-3.986332,-79.211409,Av. Metropolitana,CON_LESIONADOS,Incendio,Estado de embriaguez,58,LESIONADO,NO_REGISTRA,MOTOCICLETA,21,LESIONADO,HOMBRE,VEH_LIVIANO,41,LESIONADO,MUJER,PEATON
2024-03-15 07:39:24,-4.005089,-79.206852,Calle 10 de Agosto,CON_LESIONADOS,Accidente Laboral,Falla mecanica,58,LESIONADO,NO_REGISTRA,OTRO,,,,,,,,
2024-01-06 09:38:28,-4.005435,-79.199961,Calle Azogues,CON_FALLECIDOS,Caida,Factores externos,60,FALLECIDO,NO_REGISTRA,OTRO,46,FALLECIDO,HOMBRE,CICLISTA,33,LESIONADO,NO_REGISTRA,PEATON
2024-04-18 00:19:05,-3.985764,-79.230363,Via Loja - Catamayo,CON_FALLECIDOS,Colision Multiple,Equipo de seguridad deficiente,58,FALLECIDO,MUJER,SCOOTER,72,FALLECIDO,HOMBRE,VEH_LIVIANO,48,LESIONADO,MUJER,OTRO
2024-06-19 20:37:29,-3.983587,-79.230306,Av. Rosa Hermosa,SOLO_DANOS,Caida,Exceso de velocidad,,,,,,,,,,,,
2024-06-02 20:26:48,-3.979720,-79.219872,Calle 18 de Noviembre,SOLO_DANOS,Atropellamiento,Factores externos,,,,,,,,,,,,
2024-04-15 18:57:09,-3.992140,-79.225251,Av. Universitaria,CON_FALLECIDOS,Volcamiento,Mal estado de la via,27,FALLECIDO,NO_REGISTRA,CICLISTA,,,,,,,,
2024-05-15 14:02:04,-4.035952,-79.209964,Av. Pio Jaramillo,CON_FALLECIDOS,Volcamiento,Estado de embriaguez,83,FALLECIDO,MUJER,CICLISTA,19,FALLECIDO,HOMBRE,CICLISTA,5,LESIONADO,MUJER,CICLISTA
2024-03-16 04:59:01,-4.005930,-79.217255,Av. Reinaldo Espinosa,CON_LESIONADOS,Incendio,Factores externos,47,LESIONADO,MUJER,OTRO,64,LESIONADO,HOMBRE,VEH_LIVIANO,,,,
2024-02-16 09:02:34,-4.021982,-79.179699,Via Loja - Zamora,CON_LESIONADOS,Volcamiento,Inobservancia de senales,27,LESIONADO,NO_REGISTRA,PEATON,28,LESIONADO,MUJER,MOTOCICLETA,,,,
2024-05-08 07:54:11,-3.983735,-79.181460,Calle 10 de Agosto,SOLO_DANOS,Incendio,Mal estado de la via,,,,,,,,,,,,
2024-10-27 13:00:47,-3.977423,-79.179778,Av. Reinaldo Espinosa,CON_LESIONADOS,Choque Vehicular,Via resbaladiza o mojada,56,LESIONADO,NO_REGISTRA,OTRO,11,LESIONADO,NO_REGISTRA,VEH_LIVIANO,,,,
2024-12-18 16:50:10,-4.011269,-79.193637,Calle Miguel Riofrio,CON_FALLECIDOS,Colision Multiple,Visibilidad reducida,83,FALLECIDO,NO_REGISTRA,CICLISTA,,,,,,,,
2024-09-03 10:23:46,-3.983908,-79.187753,Ruta 35,CON_LESIONADOS,Choque Vehicular,Visibilidad reducida,8,LESIONADO,NO_REGISTRA,MOTOCICLETA,,,,,,,,
2024-09-18 17:12:51,-4.020133,-79.204073,Calle 18 de Noviembre,SOLO_DANOS,Incendio,Exceso de velocidad,,,,,,,,,,,,
2024-12-02 02:40:23,-4.002953,-79.184245,Calle Saraguro,SOLO_DANOS,Accidente Laboral,Via resbaladiza o mojada,60,LESIONADO,HOMBRE,SCOOTER,,,,,,,,
2024-03-15 10:07:00,-4.028959,-79.200609,Av. Reinaldo Espinosa,SOLO_DANOS,Choque Vehicular,Fatiga del conductor,,,,,,,,,,,,
2024-01-20 06:25:16,-4.028021,-79.194948,Calle Sucre,SOLO_DANOS,Incendio,Mal estado de la via,,,,,,,,,,,,
2024-11-09 16:58:51,-3.988362,-79.213654,Calle Azogues,SOLO_DANOS,Choque Vehicular,Imprudencia del conductor,,,,,,,,,,,,
2024-10-03 08:53:29,-4.023294,-79.230873,Calle Bolivar,CON_FALLECIDOS,Caida,Distraccion (celular/radio),66,FALLECIDO,MUJER,SCOOTER,85,FALLECIDO,NO_REGISTRA,SCOOTER,,,,
2024-08-25 15:30:01,-4.005107,-79.223122,Ruta 35,CON_LESIONADOS,Volcamiento,Factores externos,54,LESIONADO,NO_REGISTRA,OTRO,,,,,,,,
2024-11-04 20:36:54,-3.979722,-79.184312,Calle Sucre,CON_FALLECIDOS,Choque Vehicular,Via resbaladiza o mojada,85,FALLECIDO,HOMBRE,CICLISTA,7,LESIONADO,MUJER,PEATON,,,,
2024-08-07 21:25:03,-4.001387,-79.202492,Av. Universitaria,CON_FALLECIDOS,Atropellamiento,Factores externos,68,FALLECIDO,MUJER,PEATON,33,FALLECIDO,NO_REGISTRA,CICLISTA,75,LESIONADO,MUJER,PEATON
2024-11-19 09:02:21,-4.004892,-79.184852,Calle 10 de Agosto,SOLO_DANOS,Incendio,Visibilidad reducida,,,,,,,,,,,,
2024-05-10 07:04:08,-4.021227,-79.211064,Calle Mercadillo,CON_LESIONADOS,Volcamiento,Via resbaladiza o mojada,70,LESIONADO,NO_REGISTRA,OTRO,22,LESIONADO,NO_REGISTRA,PEATON,,,,
2024-08-05 14:49:57,-4.031845,-79.218474,Av. Metropolitana,CON_LESIONADOS,Atropellamiento,Distraccion (celular/radio),63,LESIONADO,HOMBRE,SCOOTER,,,,,,,,
2024-05-19 02:42:39,-3.984154,-79.189545,Av. 8 de Diciembre,CON_LESIONADOS,Atropellamiento,Via resbaladiza o mojada,45,LESIONADO,NO_REGISTRA,SCOOTER,42,LESIONADO,MUJER,SCOOTER,38,LESIONADO,HOMBRE,VEH_LIVIANO
2024-03-03 05:21:22,-4.000628,-79.189635,Calle Mercadillo,CON_FALLECIDOS,Atropellamiento,Exceso de velocidad,45,FALLECIDO,HOMBRE,PEATON,10,LESIONADO,NO_REGISTRA,OTRO,,,,
2024-08-22 16:03:21,-4.017928,-79.173074,Calle Mercadillo,SOLO_DANOS,Caida,Equipo de seguridad deficiente,,,,,,,,,,,,
2024-06-23 13:42:37,-4.003231,-79.216207,Av. Gran Colombia,SOLO_DANOS,Volcamiento,Visibilidad reducida,53,LESIONADO,NO_REGISTRA,VEH_LIVIANO,,,,,,,,
2024-07-23 02:39:15,-4.021674,-79.175410,Calle Rocafuerte,SOLO_DANOS,Colision Multiple,Exceso de velocidad,,,,,,,,,,,,
2024-07-11 23:44:00,-3.994110,-79.181606,Av. Cuxibamba,CON_LESIONADOS,Colision Multiple,Fatiga del conductor,79,LESIONADO,MUJER,OTRO,,,,,,,,
2024-08-29 13:09:12,-3.994412,-79.192109,Av. Cuxibamba,CON_FALLECIDOS,Colision Multiple,Via resbaladiza o mojada,76,FALLECIDO,HOMBRE,PEATON,,,,,,,,
2024-10-11 15:03:32,-4.004126,-79.221349,Calle 10 de Agosto,SOLO_DANOS,Colision Multiple,Distraccion (celular/radio),,,,,,,,,,,,
2024-10-09 19:23:38,-3.987922,-79.228969,Calle Mercadillo,CON_LESIONADOS,Caida,Imprudencia del conductor,64,LESIONADO,MUJER,OTRO,,,,,,,,
2024-11-16 18:52:07,-4.036554,-79.206782,Av. Pio Jaramillo,CON_FALLECIDOS,Incendio,Visibilidad reducida,59,FALLECIDO,NO_REGISTRA,CICLISTA,26,FALLECIDO,MUJER,OTRO,74,LESIONADO,NO_REGISTRA,CICLISTA
2024-08-06 05:16:41,-3.979361,-79.229650,Calle Colon,CON_LESIONADOS,Accidente Laboral,Via resbaladiza o mojada,27,LESIONADO,MUJER,OTRO,,,,,,,,
2024-09-20 20:29:21,-4.022585,-79.211603,Av. Gran Colombia,CON_FALLECIDOS,Accidente Laboral,Exceso de velocidad,42,FALLECIDO,NO_REGISTRA,PEATON,38,FALLECIDO,NO_REGISTRA,CICLISTA,23,LESIONADO,MUJER,SCOOTER
2024-07-16 05:08:16,-4.013747,-79.207254,Av. Gran Colombia,CON_FALLECIDOS,Choque Vehicular,Visibilidad reducida,33,FALLECIDO,HOMBRE,SCOOTER,46,FALLECIDO,NO_REGISTRA,OTRO,35,LESIONADO,NO_REGISTRA,VEH_LIVIANO
2024-07-16 12:56:30,-4.008169,-79.201033,Av. 8 de Diciembre,CON_LESIONADOS,Atropellamiento,Visibilidad reducida,26,LESIONADO,HOMBRE,SCOOTER,25,LESIONADO,NO_REGISTRA,SCOOTER,55,LESIONADO,HOMBRE,OTRO
2024-11-19 10:03:13,-4.027518,-79.216083,Via Loja - Zamora,CON_FALLECIDOS,Atropellamiento,Distraccion (celular/radio),52,FALLECIDO,HOMBRE,SCOOTER,69,LESIONADO,MUJER,CICLISTA,41,LESIONADO,HOMBRE,SCOOTER
2024-10-11 11:37:14,-3.990647,-79.188383,Calle Rocafuerte,SOLO_DANOS,Incendio,Equipo de seguridad deficiente,,,,,,,,,,,,
2024-11-11 13:01:37,-4.002266,-79.178978,Ruta 35,CON_FALLECIDOS,Volcamiento,Inobservancia de senales,39,FALLECIDO,MUJER,SCOOTER,18,FALLECIDO,NO_REGISTRA,PEATON,,,,
2024-12-13 10:18:38,-3.993496,-79.227785,Via Loja - Catamayo,CON_LESIONADOS,Atropellamiento,Distraccion (celular/radio),50,LESIONADO,MUJER,OTRO,,,,,,,,
2024-10-12 12:19:41,-4.029257,-79.224871,Calle Bolivar,CON_LESIONADOS,Caida,Distraccion (celular/radio),23,LESIONADO,MUJER,VEH_LIVIANO,53,LESIONADO,NO_REGISTRA,SCOOTER,,,,
2024-05-31 05:46:38,-3.998146,-79.213109,Av. Isidro Ayora,CON_LESIONADOS,Accidente Laboral,Equipo de seguridad deficiente,29,LESIONADO,MUJER,MOTOCICLETA,,,,,,,,
2024-05-09 15:38:46,-4.021085,-79.226988,Calle Rocafuerte,SOLO_DANOS,Atropellamiento,Exceso de velocidad,,,,,,,,,,,,
2024-07-15 14:09:12,-4.013221,-79.175031,Av. 8 de Diciembre,CON_FALLECIDOS,Colision Multiple,Distraccion (celular/radio),41,FALLECIDO,MUJER,VEH_LIVIANO,39,FALLECIDO,MUJER,OTRO,66,LESIONADO,NO_REGISTRA,OTRO
2024-05-06 08:28:18,-4.008251,-79.200557,Av. Isidro Ayora,SOLO_DANOS,Colision Multiple,Inobservancia de senales,,,,,,,,,,,,
2024-03-18 12:03:39,-3.988705,-79.210025,Av. Rosa Hermosa,CON_LESIONADOS,Incendio,Imprudencia del conductor,50,LESIONADO,HOMBRE,OTRO,42,LESIONADO,HOMBRE,CICLISTA,,,,
2024-10-22 20:47:27,-4.026182,-79.188151,Calle Rocafuerte,CON_FALLECIDOS,Accidente Laboral,Exceso de velocidad,19,FALLECIDO,NO_REGISTRA,SCOOTER,79,FALLECIDO,NO_REGISTRA,SCOOTER,42,LESIONADO,NO_REGISTRA,PEATON
2024-01-17 11:50:27,-4.034174,-79.214992,Calle Sucre,CON_FALLECIDOS,Colision Multiple,Inobservancia de senales,49,FALLECIDO,MUJER,PEATON,,,,,,,,
2024-10-28 15:18:45,-4.024674,-79.184698,Av. Isidro Ayora,CON_LESIONADOS,Caida,Inobservancia de senales,66,LESIONADO,MUJER,VEH_LIVIANO,27,LESIONADO,HOMBRE,VEH_LIVIANO,27,LESIONADO,HOMBRE,OTRO
2024-01-13 05:08:33,-4.024790,-79.207371,Calle Saraguro,CON_FALLECIDOS,Colision Multiple,Distraccion (celular/radio),75,FALLECIDO,HOMBRE,PEATON,,,,,,,,
2024-11-21 01:39:17,-4.013772,-79.183955,Av. Metropolitana,SOLO_DANOS,Accidente Laboral,Equipo de seguridad deficiente,,,,,,,,,,,,
2024-06-15 03:07:59,-3.989595,-79.186123,Via Loja - Catamayo,CON_LESIONADOS,Caida,Mal estado de la via,58,LESIONADO,NO_REGISTRA,SCOOTER,49,LESIONADO,HOMBRE,SCOOTER,,,,
2024-04-14 04:07:43,-4.012074,-79.199493,Via Loja - Zamora,CON_FALLECIDOS,Accidente Laboral,Imprudencia del conductor,76,FALLECIDO,HOMBRE,VEH_LIVIANO,67,FALLECIDO,NO_REGISTRA,MOTOCICLETA,57,LESIONADO,HOMBRE,SCOOTER
2024-08-25 11:54:53,-3.998284,-79.172508,Av. Isidro Ayora,CON_LESIONADOS,Accidente Laboral,Mal estado de la via,66,LESIONADO,NO_REGISTRA,MOTOCICLETA,21,LESIONADO,MUJER,MOTOCICLETA,,,,
2024-05-25 13:24:45,-3.990393,-79.226128,Calle 10 de Agosto,CON_LESIONADOS,Choque Vehicular,Fatiga del conductor,37,LESIONADO,HOMBRE,VEH_LIVIANO,15,LESIONADO,HOMBRE,VEH_LIVIANO,56,LESIONADO,NO_REGISTRA,VEH_LIVIANO