fecha_hora,latitud,longitud,via,grado_severidad,tipo_siniestro,causa_probable,victima1_edad,victima1_condicion,victima1_sexo,victima1_actor_vial,victima2_edad,victima2_condicion,victima2_sexo,victima2_actor_vial,victima3_edad,victima3_condicion,victima3_sexo,victima3_actor_vial
2024-05-30 22:54:53,-3.991941,-79.203399,Ruta 35,CON_LESIONADOS,Volcamiento,Falla mecanica,49,LESIONADO,NO_REGISTRA,OTRO,37,LESIONADO,MUJER,CICLISTA,76,LESIONADO,MUJER,OTRO
2024-03-25 04:25:36,-4.029809,-79.194689,Av. Metropolitana,CON_LESIONADOS,Choque Vehicular,Falla mecanica,27,LESIONADO,NO_REGISTRA,OTRO,11,LESIONADO,HOMBRE,VEH_LIVIANO,,,,
2024-08-14 20:19:33,-4.016365,-79.225622,Av. Reinaldo Espinosa,CON_LESIONADOS,Volcamiento,Inobservancia de senales,71,LESIONADO,HOMBRE,SCOOTER,,,,,,,,
2024-04-24 12:41:27,-3.977637,-79.215382,Av. Reinaldo Espinosa,SOLO_DANOS,Caida,Fatiga del conductor,,,,,,,,,,,,
2024-02-14 10:13:08,-4.027192,-79.173740,Av. Isidro Ayora,SOLO_DANOS,Caida,Estado de embriaguez,45,LESIONADO,HOMBRE,MOTOCICLETA,,,,,,,,
2024-02-03 21:38:56,-4.023575,-79.208134,Av. Isidro Ayora,CON_FALLECIDOS,Choque Vehicular,Inobservancia de senales,72,FALLECIDO,HOMBRE,OTRO,57,FALLECIDO,NO_REGISTRA,SCOOTER,25,LESIONADO,HOMBRE,OTRO
2024-06-04 02:38:18,-4.034979,-79.230132,Av. 8 de Diciembre,CON_LESIONADOS,Colision Multiple,Fatiga del conductor,11,LESIONADO,NO_REGISTRA,OTRO,,,,,,,,
2024-09-11 16:23:20,-4.005236,-79.203650,Calle Ramon Borrero,SOLO_DANOS,Incendio,Via resbaladiza o mojada,,,,,,,,,,,,
2024-01-24 04:29:32,-4.034962,-79.180899,Calle Bolivar,CON_FALLECIDOS,Caida,Via resbaladiza o mojada,26,FALLECIDO,NO_REGISTRA,VEH_LIVIANO,80,FALLECIDO,MUJER,OTRO,,,,
2024-07-30 13:23:09,-4.025654,-79.219322,Av. Reinaldo Espinosa,SOLO_DANOS,Accidente Laboral,Via resbaladiza o mojada,,,,,,,,,,,,
2024-05-16 03:57:26,-4.016908,-79.192410,Calle Miguel Riofrio,SOLO_DANOS,Choque Vehicular,Visibilidad reducida,,,,,,,,,,,,
2024-04-14 05:13:45,-4.034677,-79.217923,Av. 8 de Diciembre,SOLO_DANOS,Incendio,Equipo de seguridad deficiente,,,,,,,,,,,,
2024-02-26 07:53:31,-4.014740,-79.204795,Av. Manuel Agustin Aguirre,SOLO_DANOS,Choque Vehicular,Visibilidad reducida,,,,,,,,,,,,
2024-09-03 02:14:42,-4.011719,-79.177870,Av. Manuel Agustin Aguirre,CON_LESIONADOS,Atropellamiento,Factores externos,9,LESIONADO,HOMBRE,OTRO,,,,,,,,
2024-04-16 12:33:29,-4.028958,-79.196617,Calle Miguel Riofrio,CON_LESIONADOS,Choque Vehicular,Distraccion (celular/radio),38,LESIONADO,MUJER,PEATON,52,LESIONADO,MUJER,VEH_LIVIANO,23,LESIONADO,MUJER,SCOOTER
2024-11-06 18:31:50,-3.982417,-79.223975,Ruta 35,CON_FALLECIDOS,Colision Multiple,Equipo de seguridad deficiente,54,FALLECIDO,NO_REGISTRA,SCOOTER,59,LESIONADO,MUJER,PEATON,,,,
2024-08-28 07:11:41,-4.031383,-79.218364,Av. Orillas del Zamora,CON_FALLECIDOS,Choque Vehicular,Distraccion (celular/radio),31,FALLECIDO,MUJER,OTRO,,,,,,,,
2024-04-01 08:43:27,-4.030756,-79.206531,Av. Manuel Agustin Aguirre,CON_FALLECIDOS,Atropellamiento,Imprudencia del conductor,72,FALLECIDO,HOMBRE,OTRO,72,LESIONADO,MUJER,SCOOTER,,,,
2024-11-09 05:46:21,-4.031285,-79.185823,Av. Cuxibamba,CON_LESIONADOS,Colision Multiple,Visibilidad reducida,25,LESIONADO,HOMBRE,SCOOTER,,,,,,,,
2024-10-23 03:16:36,-4.002133,-79.205222,Av. Cuxibamba,SOLO_DANOS,Volcamiento,Factores externos,,,,,,,,,,,,
2024-12-09 04:07:31,-4.015869,-79.188191,Av. Metropolitana,SOLO_DANOS,Choque Vehicular,Falla mecanica,,,,,,,,,,,,
2024-02-22 13:16:35,-4.007886,-79.212150,Calle 10 de Agosto,SOLO_DANOS,Colision Multiple,Equipo de seguridad deficiente,,,,,,,,,,,,
2024-12-02 06:24:15,-4.003074,-79.186880,Calle Ramon Borrero,SOLO_DANOS,Incendio,Falla mecanica,76,LESIONADO,HOMBRE,MOTOCICLETA,,,,,,,,
2024-03-18 21:48:59,-4.029567,-79.189746,Calle Sucre,SOLO_DANOS,Volcamiento,Mal estado de la via,,,,,,,,,,,,
2024-08-23 13:16:29,-3.987256,-79.199532,Via Loja - Zamora,SOLO_DANOS,Colision Multiple,Fatiga del conductor,24,LESIONADO,NO_REGISTRA,SCOOTER,,,,,,,,
2024-02-19 23:53:33,-4.017291,-79.194967,Calle Rocafuerte,CON_FALLECIDOS,Colision Multiple,Falla mecanica,77,FALLECIDO,NO_REGISTRA,MOTOCICLETA,12,LESIONADO,MUJER,SCOOTER,,,,
2024-11-30 01:14:26,-4.008643,-79.202314,Av. Isidro Ayora,CON_LESIONADOS,Accidente Laboral,Fatiga del conductor,48,LESIONADO,HOMBRE,CICLISTA,42,LESIONADO,NO_REGISTRA,SCOOTER,,,,
2024-11-17 11:37:05,-3.987851,-79.198835,Av. Manuel Agustin Aguirre,CON_FALLECIDOS,Volcamiento,Fatiga del conductor,41,FALLECIDO,MUJER,CICLISTA,63,FALLECIDO,HOMBRE,CICLISTA,,,,
2024-09-01 07:20:05,-4.035902,-79.183984,Calle Montufar,CON_LESIONADOS,Atropellamiento,Fatiga del conductor,20,LESIONADO,MUJER,OTRO,,,,,,,,
2024-11-15 07:23:05,-3.987636,-79.194732,Av. Metropolitana,CON_FALLECIDOS,Volcamiento,Estado de embriaguez,66,FALLECIDO,MUJER,CICLISTA,29,LESIONADO,NO_REGISTRA,SCOOTER,57,LESIONADO,MUJER,MOTOCICLETA
2024-01-26 06:33:58,-4.028623,-79.197021,Calle Imbabura,CON_LESIONADOS,Accidente Laboral,Via resbaladiza o mojada,75,LESIONADO,MUJER,CICLISTA,44,LESIONADO,NO_REGISTRA,MOTOCICLETA,39,LESIONADO,MUJER,OTRO
2024-10-13 00:39:32,-4.035871,-79.219819,Calle Montufar,CON_FALLECIDOS,Choque Vehicular,Mal estado de la via,23,FALLECIDO,NO_REGISTRA,CICLISTA,46,FALLECIDO,MUJER,CICLISTA,6,LESIONADO,MUJER,CICLISTA
2024-05-26 23:19:24,-3.980574,-79.196711,Calle Colon,SOLO_DANOS,Caida,Falla mecanica,,,,,,,,,,,,
2024-07-13 05:37:17,-4.028411,-79.182925,Calle Ramon Borrero,SOLO_DANOS,Accidente Laboral,Visibilidad reducida,57,LESIONADO,NO_REGISTRA,VEH_LIVIANO,,,,,,,,
2024-04-13 17:37:53,-4.018201,-79.205656,Av. Orillas del Zamora,SOLO_DANOS,Incendio,Fatiga del conductor,,,,,,,,,,,,
2024-12-03 05:47:58,-4.026618,-79.212513,Av. 8 de Diciembre,CON_LESIONADOS,Choque Vehicular,Equipo de seguridad deficiente,27,LESIONADO,HOMBRE,OTRO,80,LESIONADO,NO_REGISTRA,PEATON,7,LESIONADO,MUJER,MOTOCICLETA
2024-05-26 16:02:13,-3.987917,-79.214661,Av. Cuxibamba,CON_FALLECIDOS,Incendio,Fatiga del conductor,53,FALLECIDO,MUJER,VEH_LIVIANO,,,,,,,,
2024-10-14 19:15:48,-4.001013,-79.222024,Calle Miguel Riofrio,CON_LESIONADOS,Caida,Mal estado de la via,8,LESIONADO,HOMBRE,CICLISTA,51,LESIONADO,NO_REGISTRA,VEH_LIVIANO,78,LESIONADO,MUJER,OTRO
2024-10-13 17:26:52,-3.985967,-79.173921,Via Loja - Catamayo,SOLO_DANOS,Incendio,Imprudencia del conductor,,,,,,,,,,,,
2024-07-27 14:25:38,-3.989998,-79.208708,Calle Imbabura,CON_FALLECIDOS,Caida,Distraccion (celular/radio),80,FALLECIDO,HOMBRE,CICLISTA,59,FALLECIDO,MUJER,PEATON,,,,
2024-10-12 00:47:05,-3.986683,-79.206327,Calle Bolivar,CON_FALLECIDOS,Colision Multiple,Estado de embriaguez,46,FALLECIDO,MUJER,CICLISTA,20,LESIONADO,MUJER,SCOOTER,64,LESIONADO,HOMBRE,CICLISTA
2024-11-15 06:36:31,-3.989021,-79.219404,Av. Pio Jaramillo,CON_FALLECIDOS,Accidente Laboral,Imprudencia del conductor,49,FALLECIDO,HOMBRE,SCOOTER,40,LESIONADO,NO_REGISTRA,PEATON,,,,
2024-12-27 01:13:47,-3.990369,-79.206708,Av. 8 de Diciembre,CON_LESIONADOS,Choque Vehicular,Imprudencia del conductor,19,LESIONADO,HOMBRE,CICLISTA,,,,,,,,
2024-06-05 13:37:35,-4.020794,-79.190698,Av. Pio Jaramillo,CON_LESIONADOS,Colision Multiple,Inobservancia de senales,78,LESIONADO,MUJER,OTRO,41,LESIONADO,HOMBRE,OTRO,27,LESIONADO,HOMBRE,VEH_LIVIANO
2024-02-28 02:49:00,-3.999135,-79.218439,Av. Reinaldo Espinosa,CON_FALLECIDOS,Caida,Fatiga del conductor,38,FALLECIDO,NO_REGISTRA,SCOOTER,,,,,,,,
2024-10-25 16:35:15,-3.996330,-79.201889,Av. Pio Jaramillo,CON_LESIONADOS,Colision Multiple,Exceso de velocidad,78,LESIONADO,HOMBRE,OTRO,26,LESIONADO,MUJER,PEATON,,,,
2024-06-06 15:49:02,-4.018662,-79.209917,Calle Imbabura,SOLO_DANOS,Colision Multiple,Visibilidad reducida,,,,,,,,,,,,
2024-09-14 08:27:53,-4.029261,-79.201928,Calle Azogues,SOLO_DANOS,Incendio,Imprudencia del conductor,,,,,,,,,,,,
2024-09-25 13:00:06,-3.978112,-79.188204,Av. Cuxibamba,CON_FALLECIDOS,Incendio,Inobservancia de senales,27,FALLECIDO,HOMBRE,VEH_LIVIANO,57,LESIONADO,NO_REGISTRA,CICLISTA,37,LESIONADO,NO_REGISTRA,VEH_LIVIANO
2024-08-21 22:13:00,-4.002140,-79.171333,Calle Imbabura,CON_FALLECIDOS,Volcamiento,Via resbaladiza o mojada,55,FALLECIDO,MUJER,MOTOCICLETA,64,FALLECIDO,HOMBRE,VEH_LIVIANO,,,,
2024-05-20 04:11:26,-3.989821,-79.194407,Calle Mercadillo,SOLO_DANOS,Volcamiento,Falla mecanica,,,,,,,,,,,,
2024-04-18 23:28:34,-4.022775,-79.216126,Av. Cuxibamba,SOLO_DANOS,Choque Vehicular,Via resbaladiza o mojada,,,,,,,,,,,,
2024-07-18 15:46:11,-3.994104,-79.220121,Calle Colon,CON_LESIONADOS,Caida,Mal estado de la via,69,LESIONADO,MUJER,OTRO,44,LESIONADO,NO_REGISTRA,OTRO,36,LESIONADO,HOMBRE,OTRO
2024-09-16 03:03:45,-4.033222,-79.201066,Av. Isidro Ayora,CON_FALLECIDOS,Choque Vehicular,Factores externos,32,FALLECIDO,MUJER,CICLISTA,41,FALLECIDO,MUJER,CICLISTA,,,,
2024-11-28 08:53:11,-3.999491,-79.224795,Calle Bolivar,CON_FALLECIDOS,Caida,Visibilidad reducida,83,FALLECIDO,HOMBRE,CICLISTA,22,FALLECIDO,MUJER,MOTOCICLETA,68,LESIONADO,MUJER,SCOOTER
2024-05-15 02:31:03,-4.006043,-79.195049,Ruta 35,SOLO_DANOS,Atropellamiento,Visibilidad reducida,,,,,,,,,,,,
2024-05-23 01:05:48,-4.007735,-79.181255,Av. Manuel Agustin Aguirre,SOLO_DANOS,Volcamiento,Distraccion (celular/radio),,,,,,,,,,,,
2024-03-10 22:06:19,-4.035054,-79.204070,Av. Cuxibamba,SOLO_DANOS,Colision Multiple,Equipo de seguridad deficiente,,,,,,,,,,,,
2024-08-19 15:26:29,-4.033330,-79.173703,Av. 8 de Diciembre,CON_FALLECIDOS,Accidente Laboral,Visibilidad reducida,33,FALLECIDO,MUJER,VEH_LIVIANO,71,LESIONADO,HOMBRE,SCOOTER,,,,
2024-08-07 19:58:55,-4.027553,-79.207923,Calle Saraguro,CON_FALLECIDOS,Choque Vehicular,Visibilidad reducida,33,FALLECIDO,MUJER,CICLISTA,75,FALLECIDO,MUJER,MOTOCICLETA,66,LESIONADO,HOMBRE,PEATON
2024-03-24 14:53:12,-3.995087,-79.171840,Calle Montufar,SOLO_DANOS,Caida,Fatiga del conductor,,,,,,,,,,,,
2024-05-15 01:43:04,-4.029369,-79.171966,Calle 10 de Agosto,CON_FALLECIDOS,Colision Multiple,Exceso de velocidad,19,FALLECIDO,MUJER,CICLISTA,54,FALLECIDO,HOMBRE,SCOOTER,60,LESIONADO,HOMBRE,CICLISTA
2024-11-19 11:16:29,-4.015040,-79.203209,Calle 18 de Noviembre,CON_FALLECIDOS,Incendio,Visibilidad reducida,83,FALLECIDO,NO_REGISTRA,VEH_LIVIANO,72,LESIONADO,HOMBRE,PEATON,,,,
2024-08-10 15:57:14,-4.012869,-79.229614,Calle Sucre,CON_FALLECIDOS,Choque Vehicular,Visibilidad reducida,46,FALLECIDO,HOMBRE,OTRO,33,LESIONADO,NO_REGISTRA,SCOOTER,,,,
2024-10-25 06:15:24,-3.991894,-79.184714,Av. Orillas del Zamora,CON_FALLECIDOS,Choque Vehicular,Exceso de velocidad,65,FALLECIDO,MUJER,SCOOTER,67,LESIONADO,HOMBRE,VEH_LIVIANO,,,,
2024-08-18 12:32:58,-3.978196,-79.204718,Av. Reinaldo Espinosa,SOLO_DANOS,Incendio,Falla mecanica,,,,,,,,,,,,
2024-04-23 15:56:17,-4.028384,-79.213114,Calle Quito,SOLO_DANOS,Accidente Laboral,Inobservancia de senales,,,,,,,,,,,,
2024-04-02 23:11:26,-4.029563,-79.173506,Calle Rocafuerte,CON_FALLECIDOS,Volcamiento,Falla mecanica,80,FALLECIDO,NO_REGISTRA,PEATON,36,FALLECIDO,HOMBRE,SCOOTER,29,LESIONADO,NO_REGISTRA,CICLISTA
2024-06-25 01:02:36,-4.015596,-79.193334,Av. Orillas del Zamora,SOLO_DANOS,Colision Multiple,Exceso de velocidad,,,,,,,,,,,,
2024-11-14 17:31:21,-4.026363,-79.209490,Via Loja - Zamora,CON_LESIONADOS,Volcamiento,Mal estado de la via,17,LESIONADO,MUJER,VEH_LIVIANO,49,LESIONADO,HOMBRE,OTRO,46,LESIONADO,HOMBRE,CICLISTA
2024-08-22 13:01:57,-4.001349,-79.218984,Calle Montufar,CON_LESIONADOS,Volcamiento,Inobservancia de senales,12,LESIONADO,HOMBRE,OTRO,53,LESIONADO,HOMBRE,VEH_LIVIANO,42,LESIONADO,NO_REGISTRA,VEH_LIVIANO
2024-06-08 12:58:21,-4.027528,-79.213340,Calle Sucre,CON_FALLECIDOS,Volcamiento,Fatiga del conductor,54,FALLECIDO,HOMBRE,CICLISTA,38,LESIONADO,HOMBRE,OTRO,74,LESIONADO,NO_REGISTRA,CICLISTA
2024-08-28 10:27:41,-3.980886,-79.196254,Calle 10 de Agosto,CON_FALLECIDOS,Incendio,Imprudencia del conductor,70,FALLECIDO,HOMBRE,CICLISTA,31,FALLECIDO,MUJER,PEATON,41,LESIONADO,NO_REGISTRA,SCOOTER
2024-10-11 15:07:32,-4.011912,-79.178759,Av. Cuxibamba,CON_FALLECIDOS,Atropellamiento,Inobservancia de senales,28,FALLECIDO,HOMBRE,OTRO,37,LESIONADO,HOMBRE,PEATON,18,LESIONADO,NO_REGISTRA,MOTOCICLETA
2024-03-02 08:46:53,-3.985500,-79.177065,Calle Imbabura,SOLO_DANOS,Accidente Laboral,Distraccion (celular/radio),,,,,,,,,,,,
2024-07-07 18:41:27,-4.003292,-79.180583,Av. Gran Colombia,CON_LESIONADOS,Caida,Exceso de velocidad,20,LESIONADO,MUJER,VEH_LIVIANO,,,,,,,,
2024-03-06 05:28:44,-3.989591,-79.182671,Calle Montufar,CON_LESIONADOS,Accidente Laboral,Distraccion (celular/radio),49,LESIONADO,HOMBRE,MOTOCICLETA,,,,,,,,
2024-06-22 20:50:30,-3.977602,-79.180447,Av. Manuel Agustin Aguirre,SOLO_DANOS,Volcamiento,Falla mecanica,,,,,,,,,,,,
2024-05-24 06:41:57,-4.009273,-79.218246,Av. Isidro Ayora,SOLO_DANOS,Caida,Fatiga del conductor,6,LESIONADO,MUJER,PEATON,,,,,,,,
2024-07-15 05:18:30,-4.012625,-79.192239,Calle 10 de Agosto,CON_LESIONADOS,Colision Multiple,Equipo de seguridad deficiente,46,LESIONADO,MUJER,MOTOCICLETA,18,LESIONADO,NO_REGISTRA,CICLISTA,,,,
2024-06-01 23:07:29,-3.991375,-79.202927,Av. Reinaldo Espinosa,CON_FALLECIDOS,Atropellamiento,Visibilidad reducida,26,FALLECIDO,NO_REGISTRA,VEH_LIVIANO,43,FALLECIDO,NO_REGISTRA,MOTOCICLETA,17,LESIONADO,NO_REGISTRA,VEH_LIVIANO
2024-11-28 00:03:23,-3.998516,-79.175990,Av. Universitaria,CON_LESIONADOS,Colision Multiple,Equipo de seguridad deficiente,32,LESIONADO,NO_REGISTRA,PEATON,44,LESIONADO,NO_REGISTRA,VEH_LIVIANO,30,LESIONADO,MUJER,MOTOCICLETA
2024-04-20 07:02:09,-4.028178,-79.217628,Calle Ramon Borrero,CON_FALLECIDOS,Accidente Laboral,Visibilidad reducida,27,FALLECIDO,HOMBRE,OTRO,69,LESIONADO,HOMBRE,OTRO,,,,
2024-03-18 06:29:48,-4.027366,-79.215607,Av. Cuxibamba,CON_LESIONADOS,Atropellamiento,Mal estado de la via,52,LESIONADO,NO_REGISTRA,PEATON,80,LESIONADO,HOMBRE,PEATON,19,LESIONADO,NO_REGISTRA,MOTOCICLETA
2024-11-12 06:14:42,-3.988212,-79.184724,Calle Rocafuerte,SOLO_DANOS,Volcamiento,Factores externos,,,,,,,,,,,,
2024-05-16 18:04:17,-4.007161,-79.219587,Calle Sucre,CON_LESIONADOS,Colision Multiple,Factores externos,63,LESIONADO,NO_REGISTRA,SCOOTER,,,,,,,,
2024-08-30 16:03:48,-4.001381,-79.229264,Via Loja - Zamora,SOLO_DANOS,Incendio,Estado de embriaguez,,,,,,,,,,,,
2024-01-16 20:14:28,-4.000734,-79.200538,Calle Quito,CON_LESIONADOS,Atropellamiento,Via resbaladiza o mojada,75,LESIONADO,MUJER,PEATON,19,LESIONADO,HOMBRE,CICLISTA,,,,
2024-09-15 22:37:51,-3.990365,-79.228180,Av. Pio Jaramillo,SOLO_DANOS,Caida,Visibilidad reducida,,,,,,,,,,,,
2024-06-18 00:32:38,-4.030978,-79.172888,Av. Gran Colombia,SOLO_DANOS,Colision Multiple,Factores externos,,,,,,,,,,,,
2024-10-23 14:50:49,-4.022782,-79.198173,Calle 10 de Agosto,CON_LESIONADOS,Accidente Laboral,Mal estado de la via,39,LESIONADO,HOMBRE,SCOOTER,71,LESIONADO,HOMBRE,SCOOTER,,,,
2024-05-31 16:25:08,-3.982290,-79.218624,Av. Universitaria,CON_FALLECIDOS,Choque Vehicular,Equipo de seguridad deficiente,54,FALLECIDO,NO_REGISTRA,MOTOCICLETA,12,LESIONADO,HOMBRE,PEATON,69,LESIONADO,NO_REGISTRA,MOTOCICLETA
2024-06-14 21:33:31,-4.005526,-79.199187,Calle Miguel Riofrio,SOLO_DANOS,Caida,Imprudencia del conductor,,,,,,,,,,,,
2024-07-17 07:28:49,-4.010998,-79.190071,Av. Universitaria,CON_FALLECIDOS,Choque Vehicular,Estado de embriaguez,65,FALLECIDO,NO_REGISTRA,PEATON,17,LESIONADO,NO_REGISTRA,VEH_LIVIANO,53,LESIONADO,MUJER,MOTOCICLETA
2024-01-06 17:51:10,-4.000947,-79.201387,Av. Metropolitana,SOLO_DANOS,Choque Vehicular,Visibilidad reducida,,,,,,,,,,,,
2024-04-08 11:22:04,-3.978623,-79.173064,Av. Reinaldo Espinosa,CON_LESIONADOS,Colision Multiple,Visibilidad reducida,33,LESIONADO,MUJER,SCOOTER,16,LESIONADO,HOMBRE,PEATON,69,LESIONADO,NO_REGISTRA,VEH_LIVIANO
2024-11-07 05:14:22,-4.019918,-79.174758,Via Loja - Zamora,CON_FALLECIDOS,Colision Multiple,Fatiga del conductor,25,FALLECIDO,NO_REGISTRA,PEATON,78,LESIONADO,NO_REGISTRA,CICLISTA,35,LESIONADO,MUJER,MOTOCICLETA
2024-03-05 04:14:38,-3.990280,-79.190452,Via Loja - Zamora,CON_LESIONADOS,Caida,Estado de embriaguez,27,LESIONADO,HOMBRE,SCOOTER,15,LESIONADO,HOMBRE,OTRO,70,LESIONADO,NO_REGISTRA,PEATON
2024-01-18 14:40:40,-4.017221,-79.209592,Calle Azogues,CON_LESIONADOS,Incendio,Falla mecanica,25,LESIONADO,MUJER,SCOOTER,,,,,,,,
2024-04-04 06:43:49,-3.995621,-79.213319,Via Loja - Zamora,CON_LESIONADOS,Caida,Exceso de velocidad,36,LESIONADO,MUJER,VEH_LIVIANO,61,LESIONADO,HOMBRE,PEATON,40,LESIONADO,HOMBRE,OTRO
2024-06-29 14:58:15,-3.984576,-79.221596,Calle Saraguro,SOLO_DANOS,Caida,Estado de embriaguez,,,,,,,,,,,,
2024-09-08 00:22:51,-3.998835,-79.179705,Av. Rosa Hermosa,CON_FALLECIDOS,Choque Vehicular,Mal estado de la via,22,FALLECIDO,HOMBRE,CICLISTA,38,FALLECIDO,MUJER,MOTOCICLETA,11,LESIONADO,MUJER,VEH_LIVIANO
2024-12-24 01:41:32,-4.004147,-79.213440,Calle Azogues,SOLO_DANOS,Caida,Visibilidad reducida,,,,,,,,,,,,
2024-09-26 00:41:51,-3.990185,-79.210330,Calle 18 de Noviembre,SOLO_DANOS,Incendio,Fatiga del conductor,,,,,,,,,,,,
2024-04-19 01:31:52,-3.991534,-79.188332,Ruta 35,CON_LESIONADOS,Atropellamiento,Falla mecanica,32,LESIONADO,MUJER,PEATON,71,LESIONADO,HOMBRE,PEATON,51,LESIONADO,NO_REGISTRA,SCOOTER
2024-02-29 21:45:11,-4.003357,-79.201204,Calle Bolivar,CON_LESIONADOS,Choque Vehicular,Estado de embriaguez,53,LESIONADO,NO_REGISTRA,OTRO,11,LESIONADO,NO_REGISTRA,CICLISTA,,,,
2024-10-10 16:30:04,-4.005884,-79.217384,Av. Metropolitana,CON_FALLECIDOS,Atropellamiento,Distraccion (celular/radio),42,FALLECIDO,MUJER,VEH_LIVIANO,74,FALLECIDO,MUJER,MOTOCICLETA,56,LESIONADO,HOMBRE,SCOOTER
2024-09-25 18:47:02,-3.994539,-79.220810,Via Loja - Catamayo,CON_LESIONADOS,Incendio,Distraccion (celular/radio),71,LESIONADO,MUJER,OTRO,28,LESIONADO,MUJER,VEH_LIVIANO,,,,
2024-07-29 11:53:45,-4.022043,-79.205116,Calle Quito,CON_LESIONADOS,Volcamiento,Fatiga del conductor,61,LESIONADO,HOMBRE,OTRO,,,,,,,,
2024-04-29 17:29:23,-3.982393,-79.186286,Calle Bolivar,SOLO_DANOS,Atropellamiento,Falla mecanica,,,,,,,,,,,,
2024-02-29 08:29:41,-4.001573,-79.178744,Calle Colon,CON_FALLECIDOS,Atropellamiento,Factores externos,24,FALLECIDO,MUJER,SCOOTER,,,,,,,,
2024-09-18 04:28:59,-3.980434,-79.177374,Av. Rosa Hermosa,CON_LESIONADOS,Incendio,Factores externos,56,LESIONADO,HOMBRE,CICLISTA,51,LESIONADO,HOMBRE,VEH_LIVIANO,,,,
2024-07-18 09:18:19,-3.987118,-79.217605,Av. Reinaldo Espinosa,CON_FALLECIDOS,Volcamiento,Equipo de seguridad deficiente,64,FALLECIDO,MUJER,VEH_LIVIANO,54,FALLECIDO,NO_REGISTRA,SCOOTER,,,,
2024-07-15 07:44:24,-4.022512,-79.200612,Av. 8 de Diciembre,CON_LESIONADOS,Choque Vehicular,Factores externos,64,LESIONADO,HOMBRE,CICLISTA,73,LESIONADO,HOMBRE,CICLISTA,20,LESIONADO,MUJER,OTRO
2024-03-15 18:39:48,-4.017802,-79.195395,Calle Quito,CON_LESIONADOS,Volcamiento,Mal estado de la via,49,LESIONADO,HOMBRE,CICLISTA,32,LESIONADO,NO_REGISTRA,OTRO,,,,
2024-12-27 06:43:13,-4.029675,-79.180392,Calle Miguel Riofrio,CON_LESIONADOS,Atropellamiento,Falla mecanica,71,LESIONADO,MUJER,PEATON,36,LESIONADO,HOMBRE,MOTOCICLETA,47,LESIONADO,NO_REGISTRA,VEH_LIVIANO
2024-07-14 03:38:32,-3.997978,-79.194977,Calle Montufar,CON_FALLECIDOS,Volcamiento,Fatiga del conductor,53,FALLECIDO,NO_REGISTRA,MOTOCICLETA,47,LESIONADO,MUJER,VEH_LIVIANO,10,LESIONADO,MUJER,SCOOTER
2024-12-19 01:32:38,-4.016877,-79.221713,Av. Metropolitana,CON_FALLECIDOS,Accidente Laboral,Equipo de seguridad deficiente,28,FALLECIDO,MUJER,OTRO,5,LESIONADO,MUJER,PEATON,40,LESIONADO,NO_REGISTRA,SCOOTER
2024-06-23 20:20:13,-4.032224,-79.228258,Calle Miguel Riofrio,SOLO_DANOS,Colision Multiple,Estado de embriaguez,,,,,,,,,,,,
2024-06-08 15:48:14,-4.034600,-79.186917,Calle Sucre,SOLO_DANOS,Volcamiento,Fatiga del conductor,,,,,,,,,,,,
2024-12-24 04:42:55,-4.033401,-79.213844,Av. Metropolitana,CON_LESIONADOS,Atropellamiento,Fatiga del conductor,41,LESIONADO,NO_REGISTRA,SCOOTER,53,LESIONADO,MUJER,CICLISTA,72,LESIONADO,MUJER,PEATON
2024-04-15 11:07:27,-3.994124,-79.215508,Via Loja - Catamayo,CON_FALLECIDOS,Choque Vehicular,Factores externos,73,FALLECIDO,MUJER,SCOOTER,74,FALLECIDO,MUJER,VEH_LIVIANO,,,,
2024-05-10 08:23:35,-4.011929,-79.199390,Calle Imbabura,CON_LESIONADOS,Volcamiento,Imprudencia del conductor,60,LESIONADO,NO_REGISTRA,MOTOCICLETA,20,LESIONADO,NO_REGISTRA,CICLISTA,,,,
2024-04-21 17:53:16,-4.021714,-79.228693,Calle Colon,CON_LESIONADOS,Caida,Fatiga del conductor,58,LESIONADO,HOMBRE,OTRO,54,LESIONADO,HOMBRE,CICLISTA,18,LESIONADO,NO_REGISTRA,CICLISTA
2024-04-01 02:36:59,-4.032477,-79.171904,Av. Cuxibamba,CON_FALLECIDOS,Volcamiento,Falla mecanica,41,FALLECIDO,NO_REGISTRA,PEATON,34,FALLECIDO,MUJER,VEH_LIVIANO,41,LESIONADO,MUJER,CICLISTA
2024-12-16 07:58:55,-4.031790,-79.202786,Calle Miguel Riofrio,CON_FALLECIDOS,Caida,Estado de embriaguez,55,FALLECIDO,MUJER,CICLISTA,68,LESIONADO,NO_REGISTRA,VEH_LIVIANO,26,LESIONADO,HOMBRE,MOTOCICLETA
2024-03-16 07:17:15,-4.011585,-79.212416,Av. Manuel Agustin Aguirre,CON_FALLECIDOS,Atropellamiento,Via resbaladiza o mojada,25,FALLECIDO,NO_REGISTRA,PEATON,23,FALLECIDO,HOMBRE,MOTOCICLETA,39,LESIONADO,HOMBRE,VEH_LIVIANO
2024-09-10 22:33:28,-3.998964,-79.208311,Av. Orillas del Zamora,SOLO_DANOS,Choque Vehicular,Estado de embriaguez,44,LESIONADO,MUJER,VEH_LIVIANO,,,,,,,,
2024-02-17 11:44:00,-4.018066,-79.201056,Av. Gran Colombia,SOLO_DANOS,Incendio,Fatiga del conductor,,,,,,,,,,,,
2024-12-30 22:22:52,-3.978873,-79.210940,Calle Rocafuerte,SOLO_DANOS,Caida,Distraccion (celular/radio),,,,,,,,,,,,