fecha_hora,latitud,longitud,via,grado_severidad,tipo_siniestro,causa_probable,victima1_edad,victima1_condicion,victima1_sexo,victima1_actor_vial,victima2_edad,victima2_condicion,victima2_sexo,victima2_actor_vial,victima3_edad,victima3_condicion,victima3_sexo,victima3_actor_vial
2024-05-01 04:55:43,-4.010505,-79.195327,Calle Montufar,CON_FALLECIDOS,Choque Vehicular,Estado de embriaguez,77,FALLECIDO,NO_REGISTRA,VEH_LIVIANO,42,FALLECIDO,HOMBRE,CICLISTA,44,LESIONADO,NO_REGISTRA,OTRO
2024-07-23 03:59:20,-4.011874,-79.214693,Av. Cuxibamba,SOLO_DANOS,Atropellamiento,Fatiga del conductor,50,LESIONADO,HOMBRE,PEATON,,,,,,,,
2024-08-27 03:56:32,-3.989941,-79.193955,Calle 18 de Noviembre,CON_FALLECIDOS,Accidente Laboral,Estado de embriaguez,57,FALLECIDO,HOMBRE,PEATON,27,FALLECIDO,HOMBRE,OTRO,23,LESIONADO,MUJER,PEATON
2024-11-24 03:06:48,-4.036099,-79.216668,Calle Miguel Riofrio,CON_FALLECIDOS,Incendio,Distraccion (celular/radio),55,FALLECIDO,NO_REGISTRA,PEATON,36,LESIONADO,HOMBRE,VEH_LIVIANO,65,LESIONADO,HOMBRE,CICLISTA
2024-02-08 07:21:49,-4.025388,-79.224060,Av. Rosa Hermosa,CON_FALLECIDOS,Volcamiento,Distraccion (celular/radio),23,FALLECIDO,MUJER,SCOOTER,17,LESIONADO,NO_REGISTRA,MOTOCICLETA,,,,
2024-11-24 21:47:42,-4.003316,-79.221741,Calle Azogues,CON_LESIONADOS,Choque Vehicular,Via resbaladiza o mojada,6,LESIONADO,NO_REGISTRA,MOTOCICLETA,,,,,,,,
2024-10-19 21:02:27,-4.023832,-79.173146,Ruta 35,CON_FALLECIDOS,Accidente Laboral,Estado de embriaguez,60,FALLECIDO,MUJER,CICLISTA,81,FALLECIDO,NO_REGISTRA,OTRO,59,LESIONADO,HOMBRE,PEATON
2024-01-31 07:27:39,-3.993170,-79.215499,Calle 18 de Noviembre,SOLO_DANOS,Accidente Laboral,Falla mecanica,,,,,,,,,,,,
2024-05-10 14:13:07,-3.999909,-79.228739,Calle Mercadillo,CON_LESIONADOS,Accidente Laboral,Via resbaladiza o mojada,36,LESIONADO,HOMBRE,PEATON,,,,,,,,
2024-09-15 08:24:06,-3.977752,-79.212627,Ruta 35,CON_FALLECIDOS,Accidente Laboral,Exceso de velocidad,45,FALLECIDO,NO_REGISTRA,PEATON,21,LESIONADO,HOMBRE,VEH_LIVIANO,,,,
2024-06-30 08:48:43,-4.008759,-79.185566,Calle Imbabura,CON_LESIONADOS,Choque Vehicular,Falla mecanica,31,LESIONADO,NO_REGISTRA,CICLISTA,80,LESIONADO,MUJER,OTRO,29,LESIONADO,HOMBRE,VEH_LIVIANO
2024-03-31 07:22:44,-4.010489,-79.219405,Calle Ramon Borrero,CON_FALLECIDOS,Caida,Factores externos,68,FALLECIDO,HOMBRE,CICLISTA,,,,,,,,
2024-04-23 23:43:57,-4.027302,-79.199996,Calle Azogues,CON_LESIONADOS,Choque Vehicular,Distraccion (celular/radio),21,LESIONADO,NO_REGISTRA,PEATON,70,LESIONADO,NO_REGISTRA,PEATON,,,,
2024-07-21 02:27:53,-4.024316,-79.181895,Av. Universitaria,CON_FALLECIDOS,Choque Vehicular,Fatiga del conductor,30,FALLECIDO,MUJER,CICLISTA,40,LESIONADO,NO_REGISTRA,PEATON,8,LESIONADO,HOMBRE,VEH_LIVIANO
2024-03-30 02:17:59,-4.029637,-79.187974,Av. Reinaldo Espinosa,SOLO_DANOS,Atropellamiento,Factores externos,,,,,,,,,,,,
2024-07-02 06:56:56,-4.036265,-79.198282,Calle Quito,CON_LESIONADOS,Caida,Mal estado de la via,76,LESIONADO,MUJER,SCOOTER,,,,,,,,
2024-10-11 13:32:17,-4.012346,-79.194191,Calle Imbabura,CON_LESIONADOS,Caida,Factores externos,28,LESIONADO,NO_REGISTRA,MOTOCICLETA,,,,,,,,
2024-04-17 13:49:54,-4.011094,-79.187299,Av. Manuel Agustin Aguirre,CON_FALLECIDOS,Incendio,Imprudencia del conductor,74,FALLECIDO,MUJER,OTRO,17,LESIONADO,MUJER,PEATON,,,,
2024-11-13 04:21:49,-3.994679,-79.203827,Calle Rocafuerte,CON_LESIONADOS,Colision Multiple,Fatiga del conductor,59,LESIONADO,NO_REGISTRA,MOTOCICLETA,37,LESIONADO,MUJER,PEATON,,,,
2024-09-17 05:13:54,-4.034677,-79.217180,Calle Colon,SOLO_DANOS,Incendio,Distraccion (celular/radio),,,,,,,,,,,,
2024-04-07 03:25:29,-3.999870,-79.175649,Calle Ramon Borrero,CON_LESIONADOS,Atropellamiento,Inobservancia de senales,73,LESIONADO,HOMBRE,SCOOTER,5,LESIONADO,MUJER,PEATON,22,LESIONADO,NO_REGISTRA,VEH_LIVIANO
2024-05-24 18:33:11,-4.020266,-79.188851,Via Loja - Catamayo,SOLO_DANOS,Atropellamiento,Exceso de velocidad,,,,,,,,,,,,
2024-06-15 03:45:07,-3.994623,-79.184844,Calle 18 de Noviembre,SOLO_DANOS,Colision Multiple,Distraccion (celular/radio),,,,,,,,,,,,
2024-09-21 10:30:34,-4.016196,-79.188916,Calle Mercadillo,SOLO_DANOS,Atropellamiento,Equipo de seguridad deficiente,,,,,,,,,,,,
2024-10-22 10:02:56,-4.024476,-79.174430,Calle Montufar,CON_LESIONADOS,Accidente Laboral,Estado de embriaguez,48,LESIONADO,NO_REGISTRA,MOTOCICLETA,,,,,,,,
2024-05-06 09:54:41,-4.026317,-79.185974,Calle Colon,CON_LESIONADOS,Volcamiento,Falla mecanica,60,LESIONADO,NO_REGISTRA,SCOOTER,25,LESIONADO,HOMBRE,CICLISTA,,,,
2024-10-30 22:11:36,-4.008385,-79.182602,Calle Rocafuerte,CON_FALLECIDOS,Caida,Equipo de seguridad deficiente,62,FALLECIDO,MUJER,SCOOTER,57,LESIONADO,MUJER,VEH_LIVIANO,79,LESIONADO,NO_REGISTRA,PEATON
2024-11-04 12:08:31,-3.985990,-79.222060,Calle Saraguro,CON_LESIONADOS,Choque Vehicular,Via resbaladiza o mojada,9,LESIONADO,MUJER,MOTOCICLETA,32,LESIONADO,HOMBRE,SCOOTER,78,LESIONADO,HOMBRE,MOTOCICLETA
2024-10-15 03:43:13,-4.022141,-79.189888,Calle Sucre,SOLO_DANOS,Volcamiento,Equipo de seguridad deficiente,,,,,,,,,,,,
2024-08-07 05:16:46,-4.017567,-79.209561,Av. Pio Jaramillo,SOLO_DANOS,Caida,Imprudencia del conductor,,,,,,,,,,,,
2024-12-01 03:10:42,-3.988049,-79.196945,Calle 18 de Noviembre,CON_LESIONADOS,Colision Multiple,Falla mecanica,74,LESIONADO,NO_REGISTRA,MOTOCICLETA,56,LESIONADO,NO_REGISTRA,VEH_LIVIANO,25,LESIONADO,NO_REGISTRA,MOTOCICLETA
2024-02-19 23:50:15,-4.020228,-79.199558,Calle Colon,CON_FALLECIDOS,Caida,Visibilidad reducida,60,FALLECIDO,HOMBRE,OTRO,,,,,,,,
2024-12-09 18:29:31,-3.980594,-79.212240,Calle Sucre,CON_LESIONADOS,Atropellamiento,Via resbaladiza o mojada,64,LESIONADO,HOMBRE,MOTOCICLETA,67,LESIONADO,NO_REGISTRA,MOTOCICLETA,60,LESIONADO,HOMBRE,OTRO
2024-12-20 01:35:05,-4.032577,-79.171435,Calle Rocafuerte,CON_LESIONADOS,Accidente Laboral,Distraccion (celular/radio),56,LESIONADO,MUJER,VEH_LIVIANO,45,LESIONADO,NO_REGISTRA,OTRO,27,LESIONADO,HOMBRE,VEH_LIVIANO
2024-10-06 03:15:20,-3.988579,-79.193729,Av. Rosa Hermosa,CON_LESIONADOS,Choque Vehicular,Exceso de velocidad,63,LESIONADO,HOMBRE,SCOOTER,51,LESIONADO,MUJER,CICLISTA,79,LESIONADO,NO_REGISTRA,SCOOTER
2024-09-07 09:04:01,-4.018161,-79.204456,Av. Pio Jaramillo,CON_FALLECIDOS,Colision Multiple,Factores externos,50,FALLECIDO,MUJER,OTRO,5,LESIONADO,HOMBRE,VEH_LIVIANO,,,,
2024-10-20 16:49:23,-4.007565,-79.178928,Av. Rosa Hermosa,CON_LESIONADOS,Caida,Inobservancia de senales,38,LESIONADO,NO_REGISTRA,PEATON,35,LESIONADO,HOMBRE,SCOOTER,10,LESIONADO,MUJER,CICLISTA
2024-01-02 06:34:58,-3.989272,-79.172767,Calle Colon,SOLO_DANOS,Choque Vehicular,Via resbaladiza o mojada,,,,,,,,,,,,
2024-02-12 13:06:13,-4.026742,-79.171691,Calle Azogues,SOLO_DANOS,Colision Multiple,Equipo de seguridad deficiente,,,,,,,,,,,,
2024-02-20 07:17:34,-3.977315,-79.216087,Calle Montufar,SOLO_DANOS,Incendio,Estado de embriaguez,,,,,,,,,,,,
2024-10-03 02:51:25,-4.031625,-79.225885,Calle Colon,CON_FALLECIDOS,Volcamiento,Fatiga del conductor,50,FALLECIDO,MUJER,SCOOTER,52,FALLECIDO,NO_REGISTRA,PEATON,,,,
2024-01-14 02:13:44,-3.993891,-79.173479,Via Loja - Catamayo,CON_FALLECIDOS,Choque Vehicular,Estado de embriaguez,39,FALLECIDO,HOMBRE,OTRO,79,FALLECIDO,HOMBRE,PEATON,32,LESIONADO,HOMBRE,CICLISTA
2024-03-15 13:36:18,-4.025554,-79.206071,Calle 18 de Noviembre,CON_FALLECIDOS,Caida,Exceso de velocidad,21,FALLECIDO,MUJER,PEATON,81,FALLECIDO,MUJER,CICLISTA,,,,
2024-08-19 13:02:00,-4.000238,-79.171897,Av. Manuel Agustin Aguirre,SOLO_DANOS,Caida,Falla mecanica,,,,,,,,,,,,
2024-04-29 19:42:09,-3.997607,-79.171141,Av. Universitaria,SOLO_DANOS,Caida,Mal estado de la via,,,,,,,,,,,,
2024-05-31 07:51:04,-4.008150,-79.203472,Calle Bolivar,SOLO_DANOS,Choque Vehicular,Equipo de seguridad deficiente,,,,,,,,,,,,
2024-08-25 09:28:27,-4.014422,-79.172621,Av. Reinaldo Espinosa,CON_FALLECIDOS,Colision Multiple,Mal estado de la via,29,FALLECIDO,HOMBRE,SCOOTER,47,FALLECIDO,HOMBRE,PEATON,41,LESIONADO,HOMBRE,PEATON
2024-11-06 02:25:06,-3.982377,-79.188432,Calle Rocafuerte,CON_FALLECIDOS,Incendio,Via resbaladiza o mojada,77,FALLECIDO,HOMBRE,PEATON,7,LESIONADO,HOMBRE,SCOOTER,26,LESIONADO,MUJER,PEATON
2024-06-18 03:25:04,-3.990588,-79.209077,Ruta 35,SOLO_DANOS,Volcamiento,Inobservancia de senales,,,,,,,,,,,,
2024-11-25 18:25:50,-3.981785,-79.184927,Calle Colon,CON_FALLECIDOS,Incendio,Distraccion (celular/radio),80,FALLECIDO,HOMBRE,SCOOTER,41,FALLECIDO,MUJER,OTRO,,,,
2024-12-21 06:50:31,-3.984205,-79.203375,Av. Reinaldo Espinosa,CON_LESIONADOS,Caida,Distraccion (celular/radio),67,LESIONADO,NO_REGISTRA,MOTOCICLETA,,,,,,,,
2024-01-23 19:31:00,-4.033593,-79.214952,Calle Azogues,CON_LESIONADOS,Accidente Laboral,Exceso de velocidad,16,LESIONADO,HOMBRE,MOTOCICLETA,,,,,,,,
2024-05-09 15:38:45,-4.025791,-79.197428,Calle Rocafuerte,SOLO_DANOS,Incendio,Equipo de seguridad deficiente,,,,,,,,,,,,
2024-01-02 00:16:08,-4.018062,-79.188646,Calle Quito,CON_FALLECIDOS,Colision Multiple,Factores externos,20,FALLECIDO,MUJER,OTRO,,,,,,,,
2024-02-10 13:50:14,-3.995731,-79.193676,Av. 8 de Diciembre,CON_FALLECIDOS,Incendio,Fatiga del conductor,40,FALLECIDO,HOMBRE,PEATON,35,LESIONADO,NO_REGISTRA,SCOOTER,17,LESIONADO,MUJER,VEH_LIVIANO
2024-11-02 12:24:28,-3.983265,-79.226188,Av. 8 de Diciembre,SOLO_DANOS,Choque Vehicular,Via resbaladiza o mojada,,,,,,,,,,,,
2024-12-18 15:05:00,-3.990222,-79.204407,Calle 18 de Noviembre,CON_LESIONADOS,Volcamiento,Inobservancia de senales,30,LESIONADO,NO_REGISTRA,CICLISTA,,,,,,,,
2024-11-02 15:50:37,-4.034636,-79.189893,Calle Miguel Riofrio,SOLO_DANOS,Volcamiento,Distraccion (celular/radio),23,LESIONADO,NO_REGISTRA,CICLISTA,,,,,,,,
2024-01-09 20:02:32,-4.028807,-79.178799,Calle 10 de Agosto,SOLO_DANOS,Volcamiento,Distraccion (celular/radio),,,,,,,,,,,,
2024-07-13 13:44:12,-3.997224,-79.222578,Av. Pio Jaramillo,SOLO_DANOS,Volcamiento,Inobservancia de senales,,,,,,,,,,,,
2024-09-14 21:34:34,-3.992611,-79.177493,Av. Orillas del Zamora,CON_FALLECIDOS,Incendio,Distraccion (celular/radio),85,FALLECIDO,NO_REGISTRA,OTRO,31,LESIONADO,HOMBRE,CICLISTA,66,LESIONADO,MUJER,SCOOTER
2024-02-02 18:18:15,-4.011674,-79.208287,Calle Montufar,CON_FALLECIDOS,Volcamiento,Exceso de velocidad,25,FALLECIDO,HOMBRE,OTRO,58,FALLECIDO,MUJER,VEH_LIVIANO,68,LESIONADO,MUJER,CICLISTA
2024-10-18 23:19:33,-4.032880,-79.200732,Via Loja - Catamayo,SOLO_DANOS,Caida,Falla mecanica,,,,,,,,,,,,
2024-04-27 04:09:07,-4.027217,-79.181059,Calle Montufar,CON_LESIONADOS,Incendio,Mal estado de la via,37,LESIONADO,MUJER,PEATON,64,LESIONADO,MUJER,VEH_LIVIANO,54,LESIONADO,NO_REGISTRA,PEATON
2024-06-27 15:35:20,-4.027299,-79.227605,Via Loja - Zamora,CON_LESIONADOS,Accidente Laboral,Inobservancia de senales,25,LESIONADO,MUJER,OTRO,20,LESIONADO,HOMBRE,VEH_LIVIANO,36,LESIONADO,MUJER,SCOOTER
2024-08-10 11:39:18,-4.030754,-79.198469,Calle Montufar,CON_LESIONADOS,Colision Multiple,Exceso de velocidad,51,LESIONADO,HOMBRE,PEATON,,,,,,,,
2024-02-01 16:12:00,-4.008780,-79.178403,Via Loja - Catamayo,SOLO_DANOS,Caida,Distraccion (celular/radio),,,,,,,,,,,,
2024-04-11 22:08:42,-4.007714,-79.196806,Av. Cuxibamba,CON_LESIONADOS,Volcamiento,Imprudencia del conductor,45,LESIONADO,MUJER,CICLISTA,,,,,,,,
2024-07-09 14:24:32,-4.034866,-79.197961,Calle 10 de Agosto,CON_LESIONADOS,Incendio,Exceso de velocidad,50,LESIONADO,HOMBRE,CICLISTA,63,LESIONADO,NO_REGISTRA,MOTOCICLETA,40,LESIONADO,MUJER,CICLISTA
2024-08-15 09:42:59,-4.006408,-79.201359,Calle Quito,SOLO_DANOS,Atropellamiento,Fatiga del conductor,,,,,,,,,,,,
2024-05-19 11:52:17,-3.999002,-79.197532,Calle Mercadillo,SOLO_DANOS,Colision Multiple,Mal estado de la via,,,,,,,,,,,,
2024-01-05 15:21:50,-4.034173,-79.180298,Av. Gran Colombia,CON_LESIONADOS,Caida,Via resbaladiza o mojada,34,LESIONADO,NO_REGISTRA,VEH_LIVIANO,27,LESIONADO,HOMBRE,SCOOTER,,,,
2024-02-01 06:25:50,-4.014821,-79.202552,Calle Mercadillo,CON_FALLECIDOS,Accidente Laboral,Distraccion (celular/radio),60,FALLECIDO,HOMBRE,VEH_LIVIANO,81,FALLECIDO,HOMBRE,VEH_LIVIANO,71,LESIONADO,MUJER,CICLISTA
2024-01-08 04:02:38,-4.012258,-79.178936,Av. Pio Jaramillo,CON_FALLECIDOS,Atropellamiento,Exceso de velocidad,75,FALLECIDO,NO_REGISTRA,MOTOCICLETA,57,LESIONADO,HOMBRE,MOTOCICLETA,65,LESIONADO,HOMBRE,PEATON
2024-06-19 10:21:06,-3.985599,-79.206404,Calle Miguel Riofrio,CON_FALLECIDOS,Choque Vehicular,Inobservancia de senales,60,FALLECIDO,HOMBRE,SCOOTER,70,FALLECIDO,NO_REGISTRA,VEH_LIVIANO,,,,
2024-03-25 11:36:03,-3.996737,-79.207696,Calle Bolivar,CON_LESIONADOS,Choque Vehicular,Estado de embriaguez,9,LESIONADO,HOMBRE,MOTOCICLETA,,,,,,,,
2024-12-14 15:14:18,-3.991711,-79.178902,Ruta 35,CON_FALLECIDOS,Atropellamiento,Distraccion (celular/radio),24,FALLECIDO,HOMBRE,SCOOTER,53,LESIONADO,MUJER,PEATON,48,LESIONADO,MUJER,VEH_LIVIANO
2024-12-09 03:39:15,-4.022557,-79.208720,Av. Pio Jaramillo,CON_LESIONADOS,Accidente Laboral,Falla mecanica,17,LESIONADO,NO_REGISTRA,SCOOTER,7,LESIONADO,NO_REGISTRA,OTRO,,,,
2024-10-23 01:54:08,-4.032435,-79.174047,Calle Miguel Riofrio,SOLO_DANOS,Caida,Falla mecanica,,,,,,,,,,,,
2024-11-22 10:47:46,-3.990583,-79.202473,Calle Azogues,CON_FALLECIDOS,Choque Vehicular,Via resbaladiza o mojada,81,FALLECIDO,MUJER,VEH_LIVIANO,48,FALLECIDO,HOMBRE,PEATON,50,LESIONADO,HOMBRE,VEH_LIVIANO
2024-09-18 02:47:52,-4.017431,-79.197458,Av. Metropolitana,CON_LESIONADOS,Atropellamiento,Exceso de velocidad,35,LESIONADO,MUJER,OTRO,17,LESIONADO,HOMBRE,PEATON,65,LESIONADO,HOMBRE,MOTOCICLETA
2024-07-25 06:41:05,-4.023265,-79.177418,Av. Manuel Agustin Aguirre,CON_FALLECIDOS,Volcamiento,Imprudencia del conductor,48,FALLECIDO,NO_REGISTRA,VEH_LIVIANO,84,FALLECIDO,HOMBRE,VEH_LIVIANO,,,,
2024-11-22 18:09:59,-3.987836,-79.227075,Calle Montufar,CON_LESIONADOS,Choque Vehicular,Imprudencia del conductor,52,LESIONADO,HOMBRE,SCOOTER,43,LESIONADO,MUJER,PEATON,,,,
2024-07-08 11:56:36,-4.031330,-79.177135,Av. Gran Colombia,SOLO_DANOS,Caida,Estado de embriaguez,,,,,,,,,,,,
2024-07-21 11:19:46,-4.007842,-79.208213,Av. Cuxibamba,CON_FALLECIDOS,Choque Vehicular,Inobservancia de senales,20,FALLECIDO,NO_REGISTRA,MOTOCICLETA,,,,,,,,
2024-06-24 16:36:19,-4.001163,-79.184004,Ruta 35,CON_LESIONADOS,Accidente Laboral,Via resbaladiza o mojada,43,LESIONADO,HOMBRE,VEH_LIVIANO,38,LESIONADO,HOMBRE,MOTOCICLETA,17,LESIONADO,NO_REGISTRA,SCOOTER
2024-12-16 06:42:24,-4.020385,-79.189215,Calle Saraguro,CON_FALLECIDOS,Volcamiento,Imprudencia del conductor,58,FALLECIDO,HOMBRE,OTRO,73,LESIONADO,NO_REGISTRA,CICLISTA,63,LESIONADO,NO_REGISTRA,PEATON
2024-10-22 12:22:24,-4.000274,-79.181411,Calle Bolivar,SOLO_DANOS,Volcamiento,Distraccion (celular/radio),,,,,,,,,,,,
2024-09-06 15:42:21,-4.020727,-79.227586,Av. Pio Jaramillo,CON_LESIONADOS,Atropellamiento,Visibilidad reducida,44,LESIONADO,NO_REGISTRA,VEH_LIVIANO,42,LESIONADO,NO_REGISTRA,MOTOCICLETA,54,LESIONADO,HOMBRE,MOTOCICLETA
2024-03-29 08:51:42,-4.025606,-79.224043,Av. Orillas del Zamora,SOLO_DANOS,Incendio,Fatiga del conductor,29,LESIONADO,HOMBRE,VEH_LIVIANO,,,,,,,,
2024-12-18 03:59:08,-4.007613,-79.193584,Av. 8 de Diciembre,SOLO_DANOS,Volcamiento,Imprudencia del conductor,,,,,,,,,,,,
2024-02-06 06:26:27,-4.027255,-79.183555,Av. Metropolitana,SOLO_DANOS,Atropellamiento,Via resbaladiza o mojada,,,,,,,,,,,,
2024-06-26 13:03:41,-4.005408,-79.222572,Calle Bolivar,CON_LESIONADOS,Accidente Laboral,Mal estado de la via,63,LESIONADO,MUJER,OTRO,9,LESIONADO,NO_REGISTRA,VEH_LIVIANO,,,,
2024-01-04 11:20:53,-4.028259,-79.214770,Calle 18 de Noviembre,SOLO_DANOS,Accidente Laboral,Falla mecanica,,,,,,,,,,,,
2024-08-04 11:22:53,-4.026538,-79.222276,Calle Imbabura,CON_LESIONADOS,Accidente Laboral,Distraccion (celular/radio),78,LESIONADO,MUJER,PEATON,80,LESIONADO,NO_REGISTRA,OTRO,,,,
2024-11-08 04:29:41,-4.035447,-79.215151,Av. Metropolitana,CON_LESIONADOS,Atropellamiento,Estado de embriaguez,50,LESIONADO,NO_REGISTRA,CICLISTA,,,,,,,,
2024-07-27 05:32:44,-4.027978,-79.172428,Ruta 35,CON_LESIONADOS,Incendio,Distraccion (celular/radio),6,LESIONADO,HOMBRE,CICLISTA,75,LESIONADO,MUJER,SCOOTER,,,,
2024-04-06 15:33:36,-4.007702,-79.199254,Av. 8 de Diciembre,SOLO_DANOS,Accidente Laboral,Estado de embriaguez,,,,,,,,,,,,
2024-08-10 12:11:52,-4.021858,-79.179306,Av. Gran Colombia,SOLO_DANOS,Volcamiento,Exceso de velocidad,,,,,,,,,,,,
2024-10-17 04:13:07,-4.036981,-79.208439,Calle Ramon Borrero,SOLO_DANOS,Choque Vehicular,Imprudencia del conductor,,,,,,,,,,,,
2024-07-06 23:22:38,-3.987532,-79.207499,Calle Azogues,SOLO_DANOS,Colision Multiple,Factores externos,,,,,,,,,,,,
2024-11-06 08:08:10,-4.024683,-79.209631,Av. Universitaria,SOLO_DANOS,Volcamiento,Via resbaladiza o mojada,,,,,,,,,,,,
2024-12-05 21:58:33,-4.029241,-79.193851,Calle Miguel Riofrio,CON_LESIONADOS,Choque Vehicular,Equipo de seguridad deficiente,32,LESIONADO,MUJER,VEH_LIVIANO,,,,,,,,
2024-03-17 12:23:05,-4.003547,-79.228006,Calle Montufar,CON_LESIONADOS,Volcamiento,Exceso de velocidad,37,LESIONADO,NO_REGISTRA,SCOOTER,,,,,,,,
2024-11-10 06:37:34,-4.011018,-79.209442,Ruta 35,SOLO_DANOS,Caida,Mal estado de la via,,,,,,,,,,,,
2024-10-16 15:19:21,-4.013340,-79.209207,Av. Metropolitana,CON_LESIONADOS,Colision Multiple,Distraccion (celular/radio),42,LESIONADO,HOMBRE,MOTOCICLETA,,,,,,,,
2024-11-01 07:34:33,-3.987424,-79.208242,Av. Orillas del Zamora,CON_FALLECIDOS,Caida,Visibilidad reducida,61,FALLECIDO,NO_REGISTRA,PEATON,49,LESIONADO,HOMBRE,PEATON,,,,
2024-11-21 02:54:57,-4.007295,-79.218303,Av. 8 de Diciembre,SOLO_DANOS,Volcamiento,Imprudencia del conductor,,,,,,,,,,,,
2024-01-15 06:56:59,-3.992958,-79.185225,Av. Isidro Ayora,CON_LESIONADOS,Incendio,Fatiga del conductor,43,LESIONADO,NO_REGISTRA,CICLISTA,32,LESIONADO,NO_REGISTRA,SCOOTER,47,LESIONADO,MUJER,MOTOCICLETA
2024-05-20 07:34:08,-3.993877,-79.203873,Av. Isidro Ayora,CON_FALLECIDOS,Volcamiento,Visibilidad reducida,81,FALLECIDO,NO_REGISTRA,OTRO,61,FALLECIDO,MUJER,OTRO,57,LESIONADO,HOMBRE,MOTOCICLETA
2024-06-27 12:52:10,-4.011510,-79.181926,Calle 18 de Noviembre,CON_LESIONADOS,Caida,Mal estado de la via,43,LESIONADO,NO_REGISTRA,SCOOTER,74,LESIONADO,HOMBRE,VEH_LIVIANO,,,,
2024-07-08 09:11:29,-3.997174,-79.219508,Calle Rocafuerte,SOLO_DANOS,Atropellamiento,Fatiga del conductor,,,,,,,,,,,,
2024-11-24 13:48:58,-3.982748,-79.220608,Av. Gran Colombia,CON_LESIONADOS,Volcamiento,Distraccion (celular/radio),10,LESIONADO,NO_REGISTRA,SCOOTER,,,,,,,,
2024-09-19 09:13:25,-4.001156,-79.192833,Av. Cuxibamba,CON_FALLECIDOS,Accidente Laboral,Factores externos,22,FALLECIDO,NO_REGISTRA,SCOOTER,,,,,,,,
2024-03-02 22:05:35,-4.005363,-79.200562,Av. Rosa Hermosa,CON_LESIONADOS,Accidente Laboral,Via resbaladiza o mojada,48,LESIONADO,NO_REGISTRA,SCOOTER,,,,,,,,
2024-01-09 03:33:16,-4.013010,-79.227463,Av. Rosa Hermosa,SOLO_DANOS,Atropellamiento,Imprudencia del conductor,,,,,,,,,,,,
2024-07-21 19:13:56,-4.024465,-79.190302,Av. Pio Jaramillo,CON_LESIONADOS,Volcamiento,Mal estado de la via,51,LESIONADO,HOMBRE,OTRO,62,LESIONADO,NO_REGISTRA,SCOOTER,,,,
2024-04-01 20:29:49,-4.009545,-79.216675,Calle Mercadillo,CON_FALLECIDOS,Incendio,Imprudencia del conductor,69,FALLECIDO,NO_REGISTRA,CICLISTA,74,LESIONADO,NO_REGISTRA,SCOOTER,,,,
2024-10-18 14:48:10,-4.008504,-79.209646,Calle Miguel Riofrio,CON_FALLECIDOS,Choque Vehicular,Via resbaladiza o mojada,62,FALLECIDO,HOMBRE,PEATON,34,FALLECIDO,MUJER,VEH_LIVIANO,,,,
2024-07-06 01:43:14,-4.017671,-79.198946,Av. Rosa Hermosa,SOLO_DANOS,Choque Vehicular,Distraccion (celular/radio),,,,,,,,,,,,
2024-01-09 15:41:44,-4.028079,-79.182061,Calle Montufar,SOLO_DANOS,Atropellamiento,Equipo de seguridad deficiente,,,,,,,,,,,,
2024-06-05 19:55:06,-3.992601,-79.208254,Av. Cuxibamba,CON_LESIONADOS,Atropellamiento,Inobservancia de senales,26,LESIONADO,NO_REGISTRA,OTRO,,,,,,,,
2024-12-19 03:39:46,-3.988535,-79.211145,Calle Ramon Borrero,CON_LESIONADOS,Atropellamiento,Visibilidad reducida,17,LESIONADO,HOMBRE,OTRO,45,LESIONADO,NO_REGISTRA,SCOOTER,45,LESIONADO,MUJER,CICLISTA
2024-01-26 11:54:23,-4.027737,-79.219171,Calle Imbabura,CON_LESIONADOS,Atropellamiento,Via resbaladiza o mojada,20,LESIONADO,MUJER,PEATON,16,LESIONADO,MUJER,PEATON,66,LESIONADO,NO_REGISTRA,SCOOTER
2024-03-08 23:25:13,-4.014598,-79.180349,Av. Isidro Ayora,CON_LESIONADOS,Volcamiento,Falla mecanica,53,LESIONADO,HOMBRE,CICLISTA,,,,,,,,
2024-03-27 06:46:54,-4.003723,-79.173795,Calle 10 de Agosto,CON_LESIONADOS,Caida,Mal estado de la via,10,LESIONADO,NO_REGISTRA,CICLISTA,50,LESIONADO,MUJER,PEATON,23,LESIONADO,NO_REGISTRA,SCOOTER
2024-11-12 16:10:55,-4.020625,-79.198154,Av. 8 de Diciembre,CON_LESIONADOS,Accidente Laboral,Distraccion (celular/radio),31,LESIONADO,NO_REGISTRA,PEATON,33,LESIONADO,HOMBRE,CICLISTA,71,LESIONADO,NO_REGISTRA,PEATON
2024-10-02 07:55:57,-4.009315,-79.197310,Av. Orillas del Zamora,SOLO_DANOS,Choque Vehicular,Equipo de seguridad deficiente,,,,,,,,,,,,
2024-04-26 22:14:56,-3.995211,-79.185821,Calle Ramon Borrero,SOLO_DANOS,Colision Multiple,Mal estado de la via,,,,,,,,,,,,
2024-04-10 03:48:27,-4.013259,-79.199711,Calle Rocafuerte,CON_FALLECIDOS,Atropellamiento,Fatiga del conductor,26,FALLECIDO,NO_REGISTRA,MOTOCICLETA,19,FALLECIDO,NO_REGISTRA,PEATON,33,LESIONADO,NO_REGISTRA,MOTOCICLETA