fecha_hora,latitud,longitud,via,grado_severidad,tipo_siniestro,causa_probable,victima1_edad,victima1_condicion,victima1_sexo,victima1_actor_vial,victima2_edad,victima2_condicion,victima2_sexo,victima2_actor_vial,victima3_edad,victima3_condicion,victima3_sexo,victima3_actor_vial
2024-07-05 03:16:29,-4.011671,-79.222772,Av. 8 de Diciembre,CON_FALLECIDOS,Accidente Laboral,Mal estado de la via,21,FALLECIDO,MUJER,MOTOCICLETA,75,FALLECIDO,HOMBRE,CICLISTA,,,,
2024-01-19 15:45:28,-4.033140,-79.183400,Calle Bolivar,SOLO_DANOS,Accidente Laboral,Via resbaladiza o mojada,,,,,,,,,,,,
2024-06-07 13:22:29,-4.007884,-79.191011,Calle Azogues,CON_FALLECIDOS,Incendio,Inobservancia de senales,58,FALLECIDO,HOMBRE,OTRO,,,,,,,,
2024-09-04 00:54:47,-3.985051,-79.220931,Calle Montufar,CON_LESIONADOS,Choque Vehicular,Exceso de velocidad,50,LESIONADO,MUJER,MOTOCICLETA,63,LESIONADO,NO_REGISTRA,OTRO,29,LESIONADO,MUJER,PEATON
2024-06-26 23:59:54,-4.020052,-79.195868,Av. Cuxibamba,CON_FALLECIDOS,Incendio,Imprudencia del conductor,80,FALLECIDO,HOMBRE,MOTOCICLETA,56,LESIONADO,NO_REGISTRA,OTRO,,,,
2024-04-13 01:19:31,-4.014209,-79.189125,Calle Miguel Riofrio,CON_LESIONADOS,Choque Vehicular,Fatiga del conductor,29,LESIONADO,HOMBRE,SCOOTER,19,LESIONADO,HOMBRE,PEATON,49,LESIONADO,MUJER,CICLISTA
2024-04-11 23:25:40,-4.021752,-79.224116,Av. Reinaldo Espinosa,SOLO_DANOS,Accidente Laboral,Via resbaladiza o mojada,,,,,,,,,,,,
2024-08-14 14:18:42,-3.985166,-79.204427,Av. Reinaldo Espinosa,CON_LESIONADOS,Volcamiento,Distraccion (celular/radio),44,LESIONADO,MUJER,OTRO,75,LESIONADO,NO_REGISTRA,VEH_LIVIANO,9,LESIONADO,NO_REGISTRA,CICLISTA
2024-04-30 00:23:03,-3.991589,-79.207542,Av. Pio Jaramillo,CON_FALLECIDOS,Caida,Factores externos,25,FALLECIDO,NO_REGISTRA,PEATON,30,LESIONADO,NO_REGISTRA,CICLISTA,,,,
2024-03-06 01:47:47,-3.983157,-79.185303,Av. 8 de Diciembre,CON_FALLECIDOS,Colision Multiple,Inobservancia de senales,18,FALLECIDO,MUJER,CICLISTA,27,FALLECIDO,MUJER,SCOOTER,67,LESIONADO,HOMBRE,OTRO
2024-06-03 20:30:02,-3.985737,-79.210241,Calle Colon,CON_FALLECIDOS,Volcamiento,Falla mecanica,66,FALLECIDO,MUJER,MOTOCICLETA,35,LESIONADO,MUJER,CICLISTA,,,,
2024-03-13 21:39:51,-4.016333,-79.219821,Av. Metropolitana,CON_FALLECIDOS,Accidente Laboral,Equipo de seguridad deficiente,80,FALLECIDO,MUJER,CICLISTA,56,LESIONADO,HOMBRE,MOTOCICLETA,,,,
2024-06-04 22:08:15,-3.988177,-79.194963,Av. Reinaldo Espinosa,CON_FALLECIDOS,Colision Multiple,Factores externos,83,FALLECIDO,HOMBRE,VEH_LIVIANO,,,,,,,,
2024-04-03 06:15:02,-4.002952,-79.216195,Calle Azogues,CON_FALLECIDOS,Volcamiento,Distraccion (celular/radio),76,FALLECIDO,NO_REGISTRA,PEATON,29,LESIONADO,NO_REGISTRA,SCOOTER,38,LESIONADO,NO_REGISTRA,MOTOCICLETA
2024-10-10 23:29:38,-3.979665,-79.215547,Calle Bolivar,SOLO_DANOS,Accidente Laboral,Factores externos,,,,,,,,,,,,
2024-10-01 20:27:18,-4.010879,-79.187457,Calle Sucre,CON_FALLECIDOS,Accidente Laboral,Distraccion (celular/radio),73,FALLECIDO,MUJER,PEATON,30,FALLECIDO,NO_REGISTRA,MOTOCICLETA,52,LESIONADO,NO_REGISTRA,SCOOTER
2024-03-03 19:03:02,-3.992250,-79.191351,Calle 18 de Noviembre,CON_LESIONADOS,Volcamiento,Via resbaladiza o mojada,57,LESIONADO,HOMBRE,OTRO,60,LESIONADO,HOMBRE,MOTOCICLETA,,,,
2024-04-08 02:17:25,-3.995690,-79.208125,Av. Universitaria,SOLO_DANOS,Choque Vehicular,Equipo de seguridad deficiente,,,,,,,,,,,,
2024-08-28 23:45:17,-4.001150,-79.209762,Calle Rocafuerte,CON_FALLECIDOS,Choque Vehicular,Inobservancia de senales,22,FALLECIDO,HOMBRE,OTRO,25,LESIONADO,MUJER,VEH_LIVIANO,51,LESIONADO,NO_REGISTRA,SCOOTER
2024-03-30 14:06:51,-4.017876,-79.226174,Calle 10 de Agosto,CON_LESIONADOS,Colision Multiple,Distraccion (celular/radio),72,LESIONADO,NO_REGISTRA,VEH_LIVIANO,,,,,,,,
2024-04-03 00:10:44,-4.014060,-79.204421,Calle Quito,SOLO_DANOS,Colision Multiple,Imprudencia del conductor,,,,,,,,,,,,
2024-10-03 18:30:34,-3.982661,-79.227033,Av. Pio Jaramillo,CON_FALLECIDOS,Volcamiento,Imprudencia del conductor,67,FALLECIDO,HOMBRE,VEH_LIVIANO,14,LESIONADO,NO_REGISTRA,OTRO,,,,
2024-07-07 04:34:15,-3.995430,-79.195081,Calle Miguel Riofrio,CON_FALLECIDOS,Caida,Estado de embriaguez,58,FALLECIDO,HOMBRE,PEATON,33,FALLECIDO,NO_REGISTRA,VEH_LIVIANO,,,,
2024-07-15 09:56:44,-4.012418,-79.207020,Calle Colon,SOLO_DANOS,Choque Vehicular,Fatiga del conductor,,,,,,,,,,,,
2024-02-29 23:28:31,-4.014627,-79.228958,Av. Isidro Ayora,SOLO_DANOS,Volcamiento,Estado de embriaguez,,,,,,,,,,,,
2024-09-12 04:01:36,-4.019256,-79.199324,Av. Manuel Agustin Aguirre,SOLO_DANOS,Colision Multiple,Distraccion (celular/radio),,,,,,,,,,,,
2024-01-10 20:42:21,-3.982298,-79.176687,Calle Miguel Riofrio,SOLO_DANOS,Colision Multiple,Exceso de velocidad,,,,,,,,,,,,
2024-07-22 01:47:24,-3.999381,-79.219567,Via Loja - Zamora,SOLO_DANOS,Caida,Visibilidad reducida,,,,,,,,,,,,
2024-08-14 00:28:16,-4.016937,-79.172983,Calle Ramon Borrero,CON_FALLECIDOS,Accidente Laboral,Falla mecanica,41,FALLECIDO,MUJER,OTRO,53,LESIONADO,MUJER,SCOOTER,37,LESIONADO,MUJER,MOTOCICLETA
2024-12-23 08:58:04,-3.993890,-79.172354,Calle Azogues,CON_LESIONADOS,Choque Vehicular,Factores externos,71,LESIONADO,HOMBRE,PEATON,,,,,,,,
2024-05-11 00:43:49,-4.021959,-79.223257,Calle Montufar,SOLO_DANOS,Caida,Imprudencia del conductor,64,LESIONADO,HOMBRE,OTRO,,,,,,,,
2024-03-31 09:27:49,-4.026257,-79.216170,Calle Colon,SOLO_DANOS,Choque Vehicular,Falla mecanica,,,,,,,,,,,,
2024-10-18 13:11:04,-4.017118,-79.177595,Via Loja - Catamayo,SOLO_DANOS,Accidente Laboral,Inobservancia de senales,,,,,,,,,,,,
2024-11-11 12:16:08,-4.036921,-79.173759,Av. Pio Jaramillo,SOLO_DANOS,Choque Vehicular,Factores externos,,,,,,,,,,,,
2024-05-09 05:40:01,-3.998762,-79.204429,Calle Mercadillo,CON_LESIONADOS,Accidente Laboral,Fatiga del conductor,14,LESIONADO,HOMBRE,CICLISTA,,,,,,,,
2024-09-06 16:58:30,-4.005091,-79.175530,Av. Reinaldo Espinosa,SOLO_DANOS,Volcamiento,Inobservancia de senales,,,,,,,,,,,,
2024-06-20 14:10:19,-4.011684,-79.208863,Av. 8 de Diciembre,CON_FALLECIDOS,Volcamiento,Distraccion (celular/radio),54,FALLECIDO,HOMBRE,PEATON,56,LESIONADO,NO_REGISTRA,VEH_LIVIANO,,,,
2024-08-15 13:12:55,-3.981900,-79.187783,Av. Cuxibamba,CON_FALLECIDOS,Caida,Fatiga del conductor,50,FALLECIDO,MUJER,PEATON,41,LESIONADO,HOMBRE,CICLISTA,,,,
2024-04-17 18:34:32,-4.036532,-79.176694,Av. Metropolitana,SOLO_DANOS,Choque Vehicular,Exceso de velocidad,,,,,,,,,,,,
2024-08-27 02:07:07,-4.017302,-79.205558,Calle 18 de Noviembre,SOLO_DANOS,Caida,Visibilidad reducida,,,,,,,,,,,,
2024-05-12 17:48:52,-3.989557,-79.221477,Calle Azogues,SOLO_DANOS,Caida,Estado de embriaguez,,,,,,,,,,,,
2024-06-02 14:34:28,-3.999207,-79.225718,Calle 10 de Agosto,SOLO_DANOS,Atropellamiento,Factores externos,70,LESIONADO,NO_REGISTRA,PEATON,,,,,,,,
2024-08-22 02:59:07,-4.011975,-79.200256,Calle Azogues,CON_LESIONADOS,Caida,Visibilidad reducida,9,LESIONADO,HOMBRE,VEH_LIVIANO,17,LESIONADO,HOMBRE,MOTOCICLETA,12,LESIONADO,MUJER,CICLISTA
2024-04-29 14:14:34,-4.028640,-79.176794,Ruta 35,CON_FALLECIDOS,Choque Vehicular,Imprudencia del conductor,46,FALLECIDO,HOMBRE,MOTOCICLETA,26,FALLECIDO,MUJER,SCOOTER,43,LESIONADO,NO_REGISTRA,PEATON
2024-12-10 06:02:02,-3.990025,-79.203456,Av. Universitaria,SOLO_DANOS,Accidente Laboral,Inobservancia de senales,,,,,,,,,,,,
2024-02-11 19:34:08,-4.017099,-79.217942,Av. Metropolitana,CON_FALLECIDOS,Atropellamiento,Falla mecanica,85,FALLECIDO,HOMBRE,PEATON,,,,,,,,
2024-01-28 07:23:24,-4.019437,-79.184803,Via Loja - Catamayo,CON_LESIONADOS,Caida,Mal estado de la via,73,LESIONADO,MUJER,SCOOTER,,,,,,,,
2024-05-15 03:39:45,-4.027378,-79.192114,Av. 8 de Diciembre,SOLO_DANOS,Accidente Laboral,Mal estado de la via,,,,,,,,,,,,
2024-03-12 07:55:44,-4.021374,-79.230898,Calle Quito,CON_LESIONADOS,Caida,Falla mecanica,32,LESIONADO,MUJER,SCOOTER,,,,,,,,
2024-12-27 23:49:55,-3.996406,-79.209010,Av. Manuel Agustin Aguirre,CON_FALLECIDOS,Choque Vehicular,Estado de embriaguez,84,FALLECIDO,NO_REGISTRA,VEH_LIVIANO,,,,,,,,
2024-02-12 06:20:07,-4.014236,-79.200055,Calle Imbabura,CON_LESIONADOS,Volcamiento,Via resbaladiza o mojada,44,LESIONADO,HOMBRE,CICLISTA,,,,,,,,
2024-01-09 14:26:34,-4.012128,-79.209694,Av. Orillas del Zamora,SOLO_DANOS,Accidente Laboral,Visibilidad reducida,,,,,,,,,,,,
2024-01-09 15:52:39,-4.012427,-79.221450,Av. Universitaria,CON_FALLECIDOS,Accidente Laboral,Imprudencia del conductor,31,FALLECIDO,MUJER,MOTOCICLETA,38,FALLECIDO,HOMBRE,SCOOTER,50,LESIONADO,HOMBRE,CICLISTA
2024-06-24 07:44:05,-4.012199,-79.201049,Av. Isidro Ayora,CON_FALLECIDOS,Colision Multiple,Factores externos,27,FALLECIDO,HOMBRE,MOTOCICLETA,50,FALLECIDO,HOMBRE,VEH_LIVIANO,39,LESIONADO,HOMBRE,CICLISTA
2024-04-26 11:46:17,-3.981441,-79.221816,Calle Colon,CON_LESIONADOS,Caida,Factores externos,80,LESIONADO,MUJER,CICLISTA,35,LESIONADO,NO_REGISTRA,PEATON,26,LESIONADO,HOMBRE,SCOOTER
2024-01-20 22:00:11,-4.004234,-79.222585,Via Loja - Zamora,SOLO_DANOS,Accidente Laboral,Equipo de seguridad deficiente,69,LESIONADO,HOMBRE,CICLISTA,,,,,,,,
2024-10-07 05:55:34,-3.991316,-79.196842,Calle Montufar,CON_LESIONADOS,Incendio,Fatiga del conductor,49,LESIONADO,NO_REGISTRA,SCOOTER,18,LESIONADO,MUJER,OTRO,77,LESIONADO,MUJER,OTRO
2024-05-14 02:10:35,-3.999802,-79.191855,Calle Montufar,SOLO_DANOS,Colision Multiple,Estado de embriaguez,,,,,,,,,,,,
2024-04-23 09:42:41,-3.987960,-79.186592,Via Loja - Zamora,CON_LESIONADOS,Volcamiento,Equipo de seguridad deficiente,40,LESIONADO,NO_REGISTRA,SCOOTER,25,LESIONADO,MUJER,OTRO,,,,
2024-02-19 15:38:16,-4.012202,-79.176084,Calle 18 de Noviembre,CON_LESIONADOS,Volcamiento,Mal estado de la via,24,LESIONADO,NO_REGISTRA,OTRO,14,LESIONADO,NO_REGISTRA,CICLISTA,78,LESIONADO,HOMBRE,MOTOCICLETA
2024-06-02 21:07:23,-4.011444,-79.182565,Calle 10 de Agosto,CON_FALLECIDOS,Atropellamiento,Fatiga del conductor,45,FALLECIDO,HOMBRE,PEATON,,,,,,,,
2024-08-08 21:05:19,-4.022689,-79.229223,Ruta 35,SOLO_DANOS,Caida,Inobservancia de senales,29,LESIONADO,NO_REGISTRA,OTRO,,,,,,,,
2024-09-19 14:53:58,-4.020506,-79.214894,Calle Sucre,CON_FALLECIDOS,Caida,Exceso de velocidad,78,FALLECIDO,MUJER,PEATON,34,LESIONADO,HOMBRE,OTRO,,,,
2024-05-09 16:44:17,-4.017319,-79.189568,Av. Metropolitana,CON_LESIONADOS,Colision Multiple,Exceso de velocidad,58,LESIONADO,MUJER,CICLISTA,,,,,,,,
2024-12-17 17:48:34,-3.984380,-79.182763,Calle 10 de Agosto,CON_LESIONADOS,Atropellamiento,Equipo de seguridad deficiente,42,LESIONADO,HOMBRE,VEH_LIVIANO,,,,,,,,
2024-12-27 19:24:14,-3.992296,-79.202199,Via Loja - Zamora,SOLO_DANOS,Volcamiento,Inobservancia de senales,,,,,,,,,,,,
2024-08-14 22:32:35,-3.985957,-79.221215,Av. Universitaria,SOLO_DANOS,Atropellamiento,Falla mecanica,42,LESIONADO,MUJER,OTRO,,,,,,,,
2024-08-26 00:45:16,-4.000355,-79.186801,Calle Rocafuerte,SOLO_DANOS,Colision Multiple,Mal estado de la via,,,,,,,,,,,,
2024-07-20 06:40:52,-3.997488,-79.202520,Via Loja - Zamora,CON_LESIONADOS,Atropellamiento,Falla mecanica,76,LESIONADO,NO_REGISTRA,SCOOTER,65,LESIONADO,NO_REGISTRA,PEATON,60,LESIONADO,NO_REGISTRA,OTRO
2024-07-09 08:17:41,-4.020774,-79.196216,Av. Gran Colombia,CON_FALLECIDOS,Volcamiento,Exceso de velocidad,77,FALLECIDO,HOMBRE,CICLISTA,64,LESIONADO,MUJER,VEH_LIVIANO,59,LESIONADO,MUJER,MOTOCICLETA
2024-02-27 13:31:57,-4.034341,-79.226062,Av. Orillas del Zamora,CON_FALLECIDOS,Incendio,Equipo de seguridad deficiente,79,FALLECIDO,NO_REGISTRA,MOTOCICLETA,,,,,,,,
2024-04-09 21:01:35,-4.015700,-79.230677,Calle Colon,CON_LESIONADOS,Choque Vehicular,Equipo de seguridad deficiente,39,LESIONADO,NO_REGISTRA,MOTOCICLETA,28,LESIONADO,HOMBRE,PEATON,12,LESIONADO,MUJER,PEATON
2024-11-06 08:06:43,-3.980324,-79.200784,Av. 8 de Diciembre,CON_FALLECIDOS,Incendio,Imprudencia del conductor,22,FALLECIDO,HOMBRE,VEH_LIVIANO,14,LESIONADO,MUJER,CICLISTA,40,LESIONADO,MUJER,PEATON
2024-04-12 22:22:55,-4.007705,-79.222103,Calle Saraguro,CON_FALLECIDOS,Volcamiento,Inobservancia de senales,68,FALLECIDO,NO_REGISTRA,VEH_LIVIANO,69,FALLECIDO,NO_REGISTRA,SCOOTER,,,,
2024-01-15 07:01:17,-3.986948,-79.185022,Av. Reinaldo Espinosa,CON_FALLECIDOS,Atropellamiento,Inobservancia de senales,51,FALLECIDO,HOMBRE,OTRO,66,FALLECIDO,NO_REGISTRA,MOTOCICLETA,45,LESIONADO,MUJER,OTRO
2024-05-19 17:20:10,-3.998940,-79.185258,Calle Saraguro,CON_FALLECIDOS,Atropellamiento,Inobservancia de senales,49,FALLECIDO,NO_REGISTRA,OTRO,,,,,,,,
2024-12-01 10:59:06,-4.014103,-79.192089,Av. Metropolitana,CON_FALLECIDOS,Volcamiento,Mal estado de la via,24,FALLECIDO,HOMBRE,OTRO,,,,,,,,
2024-10-27 15:38:15,-4.012217,-79.201981,Via Loja - Zamora,CON_LESIONADOS,Choque Vehicular,Mal estado de la via,30,LESIONADO,HOMBRE,SCOOTER,,,,,,,,
2024-08-24 15:26:12,-4.020075,-79.222394,Av. 8 de Diciembre,CON_LESIONADOS,Caida,Equipo de seguridad deficiente,19,LESIONADO,NO_REGISTRA,CICLISTA,55,LESIONADO,NO_REGISTRA,VEH_LIVIANO,66,LESIONADO,MUJER,VEH_LIVIANO
2024-05-30 01:33:41,-3.993202,-79.179854,Calle Ramon Borrero,CON_FALLECIDOS,Caida,Mal estado de la via,29,FALLECIDO,HOMBRE,MOTOCICLETA,65,FALLECIDO,MUJER,OTRO,23,LESIONADO,MUJER,PEATON
2024-01-14 19:47:31,-4.010851,-79.212833,Av. Manuel Agustin Aguirre,SOLO_DANOS,Volcamiento,Exceso de velocidad,,,,,,,,,,,,
2024-06-16 23:08:55,-4.021645,-79.209429,Av. Manuel Agustin Aguirre,CON_LESIONADOS,Volcamiento,Equipo de seguridad deficiente,16,LESIONADO,NO_REGISTRA,OTRO,56,LESIONADO,HOMBRE,MOTOCICLETA,64,LESIONADO,NO_REGISTRA,MOTOCICLETA
2024-12-13 03:53:32,-4.024768,-79.227744,Calle Rocafuerte,SOLO_DANOS,Incendio,Equipo de seguridad deficiente,69,LESIONADO,NO_REGISTRA,CICLISTA,,,,,,,,
2024-10-25 15:09:23,-3.987162,-79.221199,Av. Cuxibamba,CON_LESIONADOS,Colision Multiple,Equipo de seguridad deficiente,23,LESIONADO,MUJER,PEATON,60,LESIONADO,MUJER,SCOOTER,,,,
2024-12-30 18:11:25,-3.992274,-79.222326,Calle Mercadillo,CON_FALLECIDOS,Volcamiento,Estado de embriaguez,21,FALLECIDO,HOMBRE,MOTOCICLETA,37,FALLECIDO,HOMBRE,OTRO,,,,
2024-03-13 19:53:16,-3.994879,-79.183041,Av. Isidro Ayora,SOLO_DANOS,Choque Vehicular,Fatiga del conductor,,,,,,,,,,,,
2024-02-20 00:35:56,-4.032612,-79.230570,Av. Gran Colombia,CON_FALLECIDOS,Choque Vehicular,Exceso de velocidad,40,FALLECIDO,NO_REGISTRA,CICLISTA,24,LESIONADO,MUJER,VEH_LIVIANO,38,LESIONADO,NO_REGISTRA,VEH_LIVIANO
2024-12-09 11:17:54,-4.025456,-79.228237,Calle Mercadillo,CON_LESIONADOS,Volcamiento,Imprudencia del conductor,42,LESIONADO,HOMBRE,MOTOCICLETA,,,,,,,,
2024-05-09 20:23:55,-4.006130,-79.221504,Av. Metropolitana,CON_LESIONADOS,Choque Vehicular,Visibilidad reducida,19,LESIONADO,MUJER,CICLISTA,17,LESIONADO,NO_REGISTRA,VEH_LIVIANO,,,,
2024-05-09 21:14:40,-3.981474,-79.207799,Av. Manuel Agustin Aguirre,SOLO_DANOS,Accidente Laboral,Fatiga del conductor,,,,,,,,,,,,
2024-11-24 19:49:54,-4.019383,-79.198099,Av. Cuxibamba,CON_FALLECIDOS,Atropellamiento,Exceso de velocidad,38,FALLECIDO,HOMBRE,SCOOTER,40,FALLECIDO,HOMBRE,SCOOTER,25,LESIONADO,MUJER,SCOOTER
2024-02-23 01:04:22,-4.005599,-79.221310,Calle Montufar,CON_FALLECIDOS,Incendio,Estado de embriaguez,82,FALLECIDO,NO_REGISTRA,CICLISTA,59,FALLECIDO,NO_REGISTRA,SCOOTER,70,LESIONADO,HOMBRE,VEH_LIVIANO
2024-04-08 06:12:32,-3.987324,-79.189562,Calle Mercadillo,CON_LESIONADOS,Choque Vehicular,Visibilidad reducida,66,LESIONADO,MUJER,VEH_LIVIANO,58,LESIONADO,NO_REGISTRA,VEH_LIVIANO,,,,
2024-09-14 18:31:28,-4.020218,-79.194648,Av. Pio Jaramillo,CON_LESIONADOS,Choque Vehicular,Exceso de velocidad,45,LESIONADO,HOMBRE,PEATON,17,LESIONADO,HOMBRE,VEH_LIVIANO,27,LESIONADO,NO_REGISTRA,SCOOTER
2024-03-04 06:11:08,-4.008329,-79.223009,Av. Isidro Ayora,CON_LESIONADOS,Caida,Mal estado de la via,45,LESIONADO,NO_REGISTRA,CICLISTA,43,LESIONADO,NO_REGISTRA,CICLISTA,19,LESIONADO,HOMBRE,SCOOTER
2024-04-09 15:40:59,-3.979654,-79.201081,Calle Sucre,SOLO_DANOS,Choque Vehicular,Imprudencia del conductor,,,,,,,,,,,,
2024-06-05 09:28:00,-3.989423,-79.203657,Calle Miguel Riofrio,CON_FALLECIDOS,Accidente Laboral,Factores externos,59,FALLECIDO,MUJER,OTRO,22,LESIONADO,NO_REGISTRA,OTRO,33,LESIONADO,HOMBRE,VEH_LIVIANO
2024-05-23 14:39:31,-4.028612,-79.195482,Av. Isidro Ayora,CON_LESIONADOS,Volcamiento,Via resbaladiza o mojada,48,LESIONADO,MUJER,CICLISTA,,,,,,,,
2024-10-29 03:56:37,-3.992814,-79.205352,Calle 18 de Noviembre,CON_FALLECIDOS,Caida,Inobservancia de senales,69,FALLECIDO,NO_REGISTRA,CICLISTA,49,FALLECIDO,HOMBRE,VEH_LIVIANO,48,LESIONADO,NO_REGISTRA,SCOOTER
2024-04-09 22:05:55,-4.028782,-79.175671,Av. Reinaldo Espinosa,SOLO_DANOS,Volcamiento,Mal estado de la via,,,,,,,,,,,,
2024-09-10 21:37:34,-3.994113,-79.179204,Av. 8 de Diciembre,CON_LESIONADOS,Incendio,Equipo de seguridad deficiente,7,LESIONADO,MUJER,MOTOCICLETA,30,LESIONADO,MUJER,SCOOTER,9,LESIONADO,HOMBRE,OTRO
2024-05-26 05:30:07,-4.013496,-79.176989,Calle Ramon Borrero,SOLO_DANOS,Caida,Factores externos,,,,,,,,,,,,
2024-03-31 03:46:06,-4.004378,-79.194735,Av. Cuxibamba,CON_LESIONADOS,Incendio,Factores externos,59,LESIONADO,MUJER,PEATON,46,LESIONADO,HOMBRE,VEH_LIVIANO,,,,
2024-04-17 18:54:14,-3.998977,-79.195474,Av. 8 de Diciembre,CON_LESIONADOS,Incendio,Fatiga del conductor,32,LESIONADO,NO_REGISTRA,PEATON,7,LESIONADO,MUJER,PEATON,,,,
2024-05-24 15:11:27,-3.989774,-79.192498,Calle Saraguro,CON_FALLECIDOS,Accidente Laboral,Factores externos,55,FALLECIDO,MUJER,VEH_LIVIANO,77,FALLECIDO,MUJER,OTRO,72,LESIONADO,NO_REGISTRA,SCOOTER
2024-02-04 08:20:36,-4.001629,-79.210334,Av. 8 de Diciembre,CON_LESIONADOS,Accidente Laboral,Falla mecanica,31,LESIONADO,MUJER,PEATON,19,LESIONADO,HOMBRE,CICLISTA,57,LESIONADO,MUJER,MOTOCICLETA
2024-08-17 04:49:53,-4.016178,-79.223676,Av. Gran Colombia,CON_LESIONADOS,Colision Multiple,Falla mecanica,75,LESIONADO,HOMBRE,MOTOCICLETA,8,LESIONADO,NO_REGISTRA,OTRO,,,,
2024-08-29 03:20:55,-3.983913,-79.185051,Av. Cuxibamba,SOLO_DANOS,Incendio,Equipo de seguridad deficiente,,,,,,,,,,,,
2024-04-04 16:35:57,-4.008284,-79.224310,Calle Mercadillo,CON_LESIONADOS,Incendio,Exceso de velocidad,45,LESIONADO,HOMBRE,MOTOCICLETA,19,LESIONADO,HOMBRE,VEH_LIVIANO,,,,
2024-09-18 09:45:30,-4.003437,-79.215004,Calle Rocafuerte,CON_FALLECIDOS,Volcamiento,Factores externos,51,FALLECIDO,HOMBRE,OTRO,58,FALLECIDO,MUJER,PEATON,,,,
2024-04-06 10:33:00,-4.023723,-79.224198,Calle Colon,CON_FALLECIDOS,Caida,Falla mecanica,64,FALLECIDO,MUJER,CICLISTA,65,FALLECIDO,NO_REGISTRA,MOTOCICLETA,25,LESIONADO,HOMBRE,CICLISTA
2024-10-23 14:28:07,-3.997208,-79.201065,Av. Gran Colombia,CON_LESIONADOS,Choque Vehicular,Distraccion (celular/radio),54,LESIONADO,MUJER,SCOOTER,60,LESIONADO,HOMBRE,CICLISTA,,,,
2024-05-30 23:24:42,-4.018234,-79.204391,Av. Rosa Hermosa,SOLO_DANOS,Choque Vehicular,Equipo de seguridad deficiente,,,,,,,,,,,,
2024-02-11 22:18:02,-4.012386,-79.177656,Via Loja - Catamayo,CON_FALLECIDOS,Caida,Equipo de seguridad deficiente,21,FALLECIDO,NO_REGISTRA,VEH_LIVIANO,26,LESIONADO,HOMBRE,SCOOTER,46,LESIONADO,NO_REGISTRA,OTRO
2024-09-24 18:11:52,-3.992656,-79.208096,Calle Quito,CON_LESIONADOS,Incendio,Fatiga del conductor,40,LESIONADO,NO_REGISTRA,OTRO,32,LESIONADO,HOMBRE,VEH_LIVIANO,19,LESIONADO,HOMBRE,SCOOTER
2024-06-03 05:44:06,-4.012039,-79.205308,Calle Colon,SOLO_DANOS,Incendio,Distraccion (celular/radio),56,LESIONADO,NO_REGISTRA,SCOOTER,,,,,,,,
2024-05-14 23:48:12,-4.011495,-79.183351,Av. Gran Colombia,CON_LESIONADOS,Choque Vehicular,Fatiga del conductor,75,LESIONADO,HOMBRE,SCOOTER,5,LESIONADO,MUJER,OTRO,,,,
2024-07-14 22:55:45,-4.032938,-79.200145,Av. Orillas del Zamora,SOLO_DANOS,Choque Vehicular,Inobservancia de senales,23,LESIONADO,MUJER,CICLISTA,,,,,,,,
2024-04-05 06:50:10,-3.989326,-79.173750,Calle Sucre,SOLO_DANOS,Volcamiento,Falla mecanica,,,,,,,,,,,,
2024-09-25 01:13:40,-3.987349,-79.191060,Av. Cuxibamba,CON_LESIONADOS,Volcamiento,Factores externos,28,LESIONADO,HOMBRE,MOTOCICLETA,69,LESIONADO,NO_REGISTRA,SCOOTER,67,LESIONADO,HOMBRE,SCOOTER
2024-05-09 16:59:26,-3.977497,-79.223866,Calle Rocafuerte,SOLO_DANOS,Choque Vehicular,Fatiga del conductor,,,,,,,,,,,,
2024-05-23 19:17:31,-4.029712,-79.185483,Calle Imbabura,SOLO_DANOS,Caida,Visibilidad reducida,,,,,,,,,,,,
2024-03-27 13:03:25,-4.028477,-79.213078,Av. Cuxibamba,CON_FALLECIDOS,Caida,Falla mecanica,77,FALLECIDO,MUJER,CICLISTA,,,,,,,,
2024-07-03 14:19:08,-3.996572,-79.208603,Calle Saraguro,CON_LESIONADOS,Colision Multiple,Fatiga del conductor,10,LESIONADO,NO_REGISTRA,VEH_LIVIANO,53,LESIONADO,NO_REGISTRA,SCOOTER,39,LESIONADO,MUJER,VEH_LIVIANO
2024-12-02 06:57:42,-3.982690,-79.197413,Calle Azogues,CON_LESIONADOS,Volcamiento,Factores externos,23,LESIONADO,MUJER,OTRO,60,LESIONADO,HOMBRE,PEATON,,,,
2024-06-01 02:09:49,-3.993809,-79.196857,Calle Ramon Borrero,CON_FALLECIDOS,Colision Multiple,Exceso de velocidad,76,FALLECIDO,NO_REGISTRA,CICLISTA,,,,,,,,
2024-10-06 03:46:37,-4.025004,-79.220089,Via Loja - Zamora,CON_FALLECIDOS,Choque Vehicular,Mal estado de la via,53,FALLECIDO,HOMBRE,MOTOCICLETA,26,FALLECIDO,HOMBRE,SCOOTER,,,,
2024-12-29 19:37:13,-3.983543,-79.217093,Calle Rocafuerte,CON_LESIONADOS,Choque Vehicular,Distraccion (celular/radio),34,LESIONADO,HOMBRE,SCOOTER,48,LESIONADO,HOMBRE,SCOOTER,50,LESIONADO,HOMBRE,CICLISTA
2024-02-12 15:17:37,-3.993542,-79.217268,Calle Ramon Borrero,CON_LESIONADOS,Caida,Equipo de seguridad deficiente,24,LESIONADO,MUJER,PEATON,25,LESIONADO,MUJER,PEATON,12,LESIONADO,MUJER,MOTOCICLETA