fecha_hora,latitud,longitud,via,grado_severidad,tipo_siniestro,causa_probable,victima1_edad,victima1_condicion,victima1_sexo,victima1_actor_vial,victima2_edad,victima2_condicion,victima2_sexo,victima2_actor_vial,victima3_edad,victima3_condicion,victima3_sexo,victima3_actor_vial
2024-01-01 16:50:44,-3.996752,-79.197617,Av. Rosa Hermosa,SOLO_DANOS,Colision Multiple,Via resbaladiza o mojada,,,,,,,,,,,,
2024-07-19 15:29:05,-3.993833,-79.194845,Av. 8 de Diciembre,SOLO_DANOS,Volcamiento,Mal estado de la via,,,,,,,,,,,,
2024-06-16 05:33:14,-4.012265,-79.174854,Av. Rosa Hermosa,CON_LESIONADOS,Atropellamiento,Visibilidad reducida,62,LESIONADO,MUJER,MOTOCICLETA,,,,,,,,
2024-12-18 01:03:51,-3.994011,-79.210518,Calle Sucre,CON_FALLECIDOS,Choque Vehicular,Equipo de seguridad deficiente,30,FALLECIDO,NO_REGISTRA,PEATON,,,,,,,,
2024-01-27 15:15:44,-4.000372,-79.223814,Calle Azogues,CON_LESIONADOS,Atropellamiento,Via resbaladiza o mojada,40,LESIONADO,MUJER,MOTOCICLETA,20,LESIONADO,HOMBRE,CICLISTA,41,LESIONADO,HOMBRE,PEATON
2024-12-09 16:18:35,-4.008841,-79.181731,Calle Mercadillo,CON_LESIONADOS,Accidente Laboral,Fatiga del conductor,27,LESIONADO,MUJER,SCOOTER,63,LESIONADO,HOMBRE,SCOOTER,71,LESIONADO,HOMBRE,OTRO
2024-06-14 10:26:55,-4.027404,-79.228791,Calle Saraguro,SOLO_DANOS,Colision Multiple,Falla mecanica,,,,,,,,,,,,
2024-09-28 06:29:14,-4.034263,-79.217750,Calle Bolivar,SOLO_DANOS,Atropellamiento,Visibilidad reducida,,,,,,,,,,,,
2024-08-02 08:49:14,-3.994097,-79.189270,Av. Gran Colombia,CON_LESIONADOS,Incendio,Equipo de seguridad deficiente,35,LESIONADO,MUJER,PEATON,30,LESIONADO,NO_REGISTRA,SCOOTER,,,,
2024-09-29 18:20:40,-4.014101,-79.190256,Av. Metropolitana,CON_FALLECIDOS,Choque Vehicular,Factores externos,32,FALLECIDO,HOMBRE,MOTOCICLETA,8,LESIONADO,MUJER,CICLISTA,,,,
2024-04-22 03:34:24,-4.033225,-79.199546,Calle Bolivar,CON_LESIONADOS,Incendio,Falla mecanica,8,LESIONADO,MUJER,VEH_LIVIANO,20,LESIONADO,NO_REGISTRA,CICLISTA,51,LESIONADO,NO_REGISTRA,PEATON
2024-03-20 08:33:36,-3.984854,-79.228341,Av. Orillas del Zamora,CON_FALLECIDOS,Choque Vehicular,Imprudencia del conductor,37,FALLECIDO,NO_REGISTRA,CICLISTA,44,FALLECIDO,HOMBRE,MOTOCICLETA,23,LESIONADO,NO_REGISTRA,CICLISTA
2024-01-06 16:08:05,-3.986367,-79.197118,Calle Quito,SOLO_DANOS,Volcamiento,Mal estado de la via,,,,,,,,,,,,
2024-12-03 02:40:26,-4.008419,-79.201118,Calle Colon,CON_LESIONADOS,Atropellamiento,Estado de embriaguez,21,LESIONADO,MUJER,CICLISTA,,,,,,,,
2024-03-18 14:48:29,-4.032314,-79.206011,Av. Reinaldo Espinosa,CON_FALLECIDOS,Accidente Laboral,Visibilidad reducida,42,FALLECIDO,MUJER,PEATON,84,FALLECIDO,HOMBRE,OTRO,32,LESIONADO,NO_REGISTRA,OTRO
2024-05-19 05:46:28,-3.994429,-79.181341,Calle Saraguro,SOLO_DANOS,Atropellamiento,Mal estado de la via,,,,,,,,,,,,
2024-12-30 03:51:10,-4.022316,-79.192529,Av. 8 de Diciembre,SOLO_DANOS,Accidente Laboral,Equipo de seguridad deficiente,,,,,,,,,,,,
2024-12-19 22:51:02,-4.013751,-79.227189,Calle Azogues,CON_FALLECIDOS,Volcamiento,Exceso de velocidad,68,FALLECIDO,HOMBRE,CICLISTA,39,FALLECIDO,HOMBRE,VEH_LIVIANO,53,LESIONADO,NO_REGISTRA,SCOOTER
2024-11-04 07:37:20,-4.028879,-79.202979,Av. Metropolitana,SOLO_DANOS,Colision Multiple,Factores externos,,,,,,,,,,,,
2024-12-31 14:44:44,-4.012154,-79.202770,Av. Reinaldo Espinosa,CON_LESIONADOS,Choque Vehicular,Imprudencia del conductor,68,LESIONADO,NO_REGISTRA,CICLISTA,,,,,,,,
2024-10-06 14:57:36,-4.032763,-79.177740,Calle Imbabura,CON_LESIONADOS,Atropellamiento,Visibilidad reducida,70,LESIONADO,HOMBRE,OTRO,53,LESIONADO,NO_REGISTRA,MOTOCICLETA,48,LESIONADO,HOMBRE,CICLISTA
2024-01-19 19:09:30,-4.036195,-79.218306,Calle Bolivar,SOLO_DANOS,Colision Multiple,Equipo de seguridad deficiente,,,,,,,,,,,,
2024-07-31 08:12:31,-4.017974,-79.199174,Calle Azogues,SOLO_DANOS,Atropellamiento,Estado de embriaguez,,,,,,,,,,,,
2024-01-02 14:24:04,-4.011374,-79.198409,Calle Bolivar,CON_LESIONADOS,Incendio,Equipo de seguridad deficiente,31,LESIONADO,MUJER,VEH_LIVIANO,,,,,,,,
2024-08-23 07:29:51,-3.999228,-79.194591,Calle Bolivar,CON_LESIONADOS,Incendio,Factores externos,35,LESIONADO,HOMBRE,CICLISTA,,,,,,,,
2024-06-25 10:06:05,-4.010092,-79.191931,Calle Sucre,SOLO_DANOS,Incendio,Mal estado de la via,,,,,,,,,,,,
2024-12-03 03:28:26,-4.033755,-79.213217,Av. Universitaria,SOLO_DANOS,Choque Vehicular,Distraccion (celular/radio),,,,,,,,,,,,
2024-09-19 05:54:05,-4.007654,-79.222254,Calle 18 de Noviembre,SOLO_DANOS,Incendio,Mal estado de la via,,,,,,,,,,,,
2024-07-29 19:51:20,-3.979574,-79.221848,Via Loja - Zamora,CON_FALLECIDOS,Caida,Fatiga del conductor,59,FALLECIDO,MUJER,SCOOTER,18,FALLECIDO,MUJER,PEATON,,,,
2024-06-13 08:00:57,-4.030065,-79.207388,Calle Sucre,CON_LESIONADOS,Caida,Falla mecanica,23,LESIONADO,HOMBRE,VEH_LIVIANO,73,LESIONADO,MUJER,SCOOTER,,,,
2024-01-09 09:30:17,-4.008774,-79.188825,Calle Saraguro,SOLO_DANOS,Caida,Factores externos,,,,,,,,,,,,
2024-04-24 20:40:23,-3.987106,-79.189034,Calle Colon,CON_FALLECIDOS,Choque Vehicular,Via resbaladiza o mojada,59,FALLECIDO,HOMBRE,CICLISTA,13,LESIONADO,NO_REGISTRA,SCOOTER,79,LESIONADO,NO_REGISTRA,VEH_LIVIANO
2024-05-09 17:32:16,-4.025658,-79.226752,Av. Reinaldo Espinosa,SOLO_DANOS,Caida,Estado de embriaguez,,,,,,,,,,,,
2024-10-02 06:41:37,-4.018190,-79.201950,Via Loja - Catamayo,CON_FALLECIDOS,Volcamiento,Imprudencia del conductor,76,FALLECIDO,NO_REGISTRA,PEATON,57,FALLECIDO,HOMBRE,SCOOTER,15,LESIONADO,NO_REGISTRA,MOTOCICLETA
2024-09-18 12:43:19,-3.990877,-79.194545,Av. Cuxibamba,CON_LESIONADOS,Choque Vehicular,Fatiga del conductor,7,LESIONADO,NO_REGISTRA,SCOOTER,75,LESIONADO,NO_REGISTRA,CICLISTA,6,LESIONADO,NO_REGISTRA,VEH_LIVIANO
2024-04-24 02:23:44,-3.978400,-79.200600,Calle 18 de Noviembre,CON_LESIONADOS,Atropellamiento,Falla mecanica,7,LESIONADO,NO_REGISTRA,CICLISTA,,,,,,,,
2024-10-09 20:51:14,-3.992570,-79.184096,Av. Pio Jaramillo,CON_FALLECIDOS,Atropellamiento,Mal estado de la via,80,FALLECIDO,NO_REGISTRA,SCOOTER,5,LESIONADO,NO_REGISTRA,CICLISTA,,,,
2024-05-09 00:18:32,-3.997148,-79.183005,Av. Metropolitana,SOLO_DANOS,Accidente Laboral,Exceso de velocidad,,,,,,,,,,,,
2024-12-16 06:51:34,-4.009904,-79.186018,Ruta 35,CON_FALLECIDOS,Incendio,Exceso de velocidad,19,FALLECIDO,NO_REGISTRA,SCOOTER,20,FALLECIDO,MUJER,VEH_LIVIANO,32,LESIONADO,HOMBRE,VEH_LIVIANO
2024-10-14 12:00:32,-3.981182,-79.204417,Calle Colon,SOLO_DANOS,Choque Vehicular,Distraccion (celular/radio),,,,,,,,,,,,
2024-03-01 05:41:02,-3.987074,-79.178458,Av. Gran Colombia,CON_LESIONADOS,Colision Multiple,Fatiga del conductor,10,LESIONADO,HOMBRE,PEATON,45,LESIONADO,HOMBRE,OTRO,,,,
2024-02-13 06:20:06,-4.006107,-79.218600,Ruta 35,CON_LESIONADOS,Accidente Laboral,Equipo de seguridad deficiente,24,LESIONADO,HOMBRE,CICLISTA,,,,,,,,
2024-10-12 14:58:51,-4.034629,-79.221001,Av. Pio Jaramillo,SOLO_DANOS,Accidente Laboral,Fatiga del conductor,,,,,,,,,,,,
2024-05-17 10:05:45,-4.032472,-79.210548,Av. Orillas del Zamora,CON_FALLECIDOS,Atropellamiento,Falla mecanica,76,FALLECIDO,HOMBRE,OTRO,22,FALLECIDO,MUJER,SCOOTER,41,LESIONADO,HOMBRE,OTRO
2024-03-16 22:08:16,-4.030519,-79.224121,Calle Quito,CON_LESIONADOS,Colision Multiple,Visibilidad reducida,31,LESIONADO,HOMBRE,OTRO,,,,,,,,
2024-12-17 06:50:47,-4.007316,-79.229272,Av. Pio Jaramillo,CON_LESIONADOS,Atropellamiento,Equipo de seguridad deficiente,53,LESIONADO,NO_REGISTRA,SCOOTER,61,LESIONADO,NO_REGISTRA,CICLISTA,,,,
2024-10-01 12:07:48,-3.997118,-79.214608,Calle Rocafuerte,SOLO_DANOS,Caida,Equipo de seguridad deficiente,,,,,,,,,,,,
2024-01-14 02:52:31,-3.979964,-79.218525,Via Loja - Catamayo,CON_FALLECIDOS,Volcamiento,Exceso de velocidad,76,FALLECIDO,NO_REGISTRA,OTRO,52,FALLECIDO,NO_REGISTRA,VEH_LIVIANO,73,LESIONADO,HOMBRE,CICLISTA
2024-04-08 10:42:05,-3.992574,-79.218017,Av. Rosa Hermosa,CON_FALLECIDOS,Incendio,Distraccion (celular/radio),63,FALLECIDO,HOMBRE,OTRO,77,FALLECIDO,HOMBRE,CICLISTA,,,,
2024-11-13 17:17:59,-4.019289,-79.221399,Calle Colon,SOLO_DANOS,Volcamiento,Imprudencia del conductor,,,,,,,,,,,,
2024-11-04 22:10:25,-4.030895,-79.230446,Calle Saraguro,SOLO_DANOS,Colision Multiple,Equipo de seguridad deficiente,,,,,,,,,,,,
2024-12-04 15:55:18,-4.030008,-79.183074,Av. Gran Colombia,CON_LESIONADOS,Choque Vehicular,Factores externos,26,LESIONADO,HOMBRE,OTRO,74,LESIONADO,HOMBRE,SCOOTER,9,LESIONADO,MUJER,OTRO
2024-02-10 15:54:55,-4.019510,-79.193660,Calle Miguel Riofrio,CON_LESIONADOS,Accidente Laboral,Distraccion (celular/radio),8,LESIONADO,NO_REGISTRA,PEATON,14,LESIONADO,MUJER,CICLISTA,,,,
2024-11-15 18:25:23,-4.020694,-79.228149,Calle Rocafuerte,SOLO_DANOS,Colision Multiple,Visibilidad reducida,,,,,,,,,,,,
2024-04-17 22:00:27,-3.997884,-79.197422,Av. Isidro Ayora,CON_LESIONADOS,Colision Multiple,Equipo de seguridad deficiente,78,LESIONADO,HOMBRE,CICLISTA,,,,,,,,
2024-08-01 13:26:03,-3.983117,-79.200203,Av. Universitaria,SOLO_DANOS,Caida,Imprudencia del conductor,,,,,,,,,,,,
2024-07-21 21:52:20,-4.011381,-79.206351,Via Loja - Catamayo,CON_FALLECIDOS,Incendio,Mal estado de la via,22,FALLECIDO,HOMBRE,OTRO,71,FALLECIDO,HOMBRE,MOTOCICLETA,,,,
2024-09-01 11:53:57,-3.994753,-79.181289,Av. 8 de Diciembre,SOLO_DANOS,Caida,Estado de embriaguez,,,,,,,,,,,,
2024-07-14 20:36:02,-4.011972,-79.206965,Via Loja - Catamayo,CON_LESIONADOS,Atropellamiento,Falla mecanica,56,LESIONADO,NO_REGISTRA,CICLISTA,26,LESIONADO,MUJER,PEATON,,,,
2024-11-20 08:36:28,-3.997571,-79.180253,Av. Universitaria,CON_FALLECIDOS,Volcamiento,Equipo de seguridad deficiente,31,FALLECIDO,MUJER,OTRO,44,FALLECIDO,MUJER,OTRO,,,,
2024-08-06 23:31:09,-4.021069,-79.221390,Ruta 35,CON_LESIONADOS,Incendio,Estado de embriaguez,53,LESIONADO,HOMBRE,SCOOTER,35,LESIONADO,HOMBRE,MOTOCICLETA,25,LESIONADO,HOMBRE,PEATON
2024-04-24 20:31:43,-3.996608,-79.171712,Calle Rocafuerte,CON_FALLECIDOS,Incendio,Estado de embriaguez,25,FALLECIDO,NO_REGISTRA,CICLISTA,51,FALLECIDO,HOMBRE,OTRO,,,,
2024-04-02 10:12:51,-4.019653,-79.225556,Av. Gran Colombia,CON_LESIONADOS,Colision Multiple,Distraccion (celular/radio),26,LESIONADO,MUJER,OTRO,39,LESIONADO,HOMBRE,VEH_LIVIANO,71,LESIONADO,HOMBRE,PEATON
2024-06-16 17:15:19,-4.004251,-79.219475,Av. Gran Colombia,SOLO_DANOS,Caida,Exceso de velocidad,,,,,,,,,,,,
2024-12-17 06:02:36,-4.032236,-79.216284,Calle Rocafuerte,SOLO_DANOS,Atropellamiento,Estado de embriaguez,,,,,,,,,,,,
2024-03-05 19:38:04,-4.010676,-79.202213,Calle Bolivar,CON_FALLECIDOS,Choque Vehicular,Distraccion (celular/radio),27,FALLECIDO,NO_REGISTRA,CICLISTA,41,FALLECIDO,NO_REGISTRA,SCOOTER,12,LESIONADO,MUJER,PEATON
2024-05-02 10:25:58,-3.993758,-79.212896,Calle Miguel Riofrio,CON_FALLECIDOS,Incendio,Fatiga del conductor,64,FALLECIDO,NO_REGISTRA,CICLISTA,,,,,,,,
2024-07-23 06:17:21,-4.008540,-79.186303,Via Loja - Catamayo,SOLO_DANOS,Atropellamiento,Exceso de velocidad,,,,,,,,,,,,
2024-11-15 13:55:53,-4.035260,-79.222469,Av. Orillas del Zamora,CON_LESIONADOS,Caida,Imprudencia del conductor,31,LESIONADO,NO_REGISTRA,CICLISTA,,,,,,,,
2024-04-07 05:23:25,-3.989701,-79.211053,Calle Sucre,SOLO_DANOS,Colision Multiple,Factores externos,,,,,,,,,,,,
2024-11-14 08:32:48,-4.029586,-79.200634,Calle Colon,SOLO_DANOS,Choque Vehicular,Imprudencia del conductor,34,LESIONADO,NO_REGISTRA,MOTOCICLETA,,,,,,,,
2024-11-11 12:42:38,-4.025097,-79.182350,Av. Rosa Hermosa,CON_FALLECIDOS,Atropellamiento,Estado de embriaguez,68,FALLECIDO,MUJER,OTRO,41,FALLECIDO,HOMBRE,CICLISTA,67,LESIONADO,MUJER,SCOOTER
2024-10-21 08:45:39,-4.017956,-79.223267,Calle Sucre,SOLO_DANOS,Atropellamiento,Visibilidad reducida,,,,,,,,,,,,
2024-01-13 18:13:14,-4.023535,-79.219165,Calle Azogues,CON_LESIONADOS,Colision Multiple,Exceso de velocidad,19,LESIONADO,NO_REGISTRA,CICLISTA,28,LESIONADO,NO_REGISTRA,MOTOCICLETA,41,LESIONADO,NO_REGISTRA,PEATON
2024-12-26 01:22:00,-3.998119,-79.214878,Av. Orillas del Zamora,SOLO_DANOS,Accidente Laboral,Equipo de seguridad deficiente,,,,,,,,,,,,
2024-08-02 13:20:34,-3.977104,-79.200896,Av. Gran Colombia,SOLO_DANOS,Accidente Laboral,Estado de embriaguez,,,,,,,,,,,,
2024-02-07 23:26:59,-4.019262,-79.188683,Av. Metropolitana,CON_LESIONADOS,Colision Multiple,Via resbaladiza o mojada,65,LESIONADO,MUJER,VEH_LIVIANO,,,,,,,,
2024-02-11 05:58:58,-4.010384,-79.189415,Av. Cuxibamba,SOLO_DANOS,Incendio,Estado de embriaguez,,,,,,,,,,,,
2024-12-16 12:09:34,-3.982598,-79.220208,Av. Rosa Hermosa,CON_LESIONADOS,Colision Multiple,Exceso de velocidad,14,LESIONADO,HOMBRE,OTRO,,,,,,,,
2024-06-23 04:33:12,-4.024727,-79.228154,Via Loja - Catamayo,SOLO_DANOS,Incendio,Distraccion (celular/radio),,,,,,,,,,,,
2024-01-30 03:45:51,-4.014365,-79.205360,Calle Quito,CON_FALLECIDOS,Accidente Laboral,Estado de embriaguez,60,FALLECIDO,NO_REGISTRA,OTRO,,,,,,,,
2024-10-13 09:37:14,-3.986627,-79.178447,Calle Montufar,CON_FALLECIDOS,Choque Vehicular,Visibilidad reducida,36,FALLECIDO,HOMBRE,CICLISTA,71,LESIONADO,NO_REGISTRA,MOTOCICLETA,80,LESIONADO,HOMBRE,VEH_LIVIANO
2024-11-24 05:10:31,-3.990759,-79.217325,Via Loja - Catamayo,CON_FALLECIDOS,Atropellamiento,Distraccion (celular/radio),48,FALLECIDO,NO_REGISTRA,SCOOTER,52,LESIONADO,HOMBRE,CICLISTA,72,LESIONADO,HOMBRE,OTRO
2024-09-26 01:21:32,-3.988356,-79.210957,Av. 8 de Diciembre,SOLO_DANOS,Incendio,Mal estado de la via,38,LESIONADO,MUJER,CICLISTA,,,,,,,,
2024-10-27 22:00:06,-3.989145,-79.191961,Av. 8 de Diciembre,CON_FALLECIDOS,Colision Multiple,Falla mecanica,63,FALLECIDO,NO_REGISTRA,VEH_LIVIANO,29,LESIONADO,NO_REGISTRA,PEATON,8,LESIONADO,NO_REGISTRA,SCOOTER
2024-05-14 01:30:13,-4.013729,-79.204411,Calle Ramon Borrero,CON_FALLECIDOS,Accidente Laboral,Estado de embriaguez,39,FALLECIDO,HOMBRE,OTRO,61,LESIONADO,NO_REGISTRA,PEATON,80,LESIONADO,MUJER,VEH_LIVIANO
2024-10-25 17:16:52,-4.004158,-79.190715,Calle Mercadillo,CON_LESIONADOS,Accidente Laboral,Falla mecanica,63,LESIONADO,NO_REGISTRA,PEATON,38,LESIONADO,HOMBRE,PEATON,29,LESIONADO,MUJER,PEATON
2024-06-12 23:25:28,-4.020387,-79.204463,Via Loja - Zamora,CON_FALLECIDOS,Volcamiento,Mal estado de la via,37,FALLECIDO,NO_REGISTRA,PEATON,60,FALLECIDO,HOMBRE,MOTOCICLETA,,,,
2024-06-12 14:03:53,-3.977673,-79.209453,Calle Sucre,CON_LESIONADOS,Accidente Laboral,Fatiga del conductor,9,LESIONADO,MUJER,PEATON,,,,,,,,
2024-02-26 04:29:41,-4.006944,-79.211198,Calle Bolivar,CON_LESIONADOS,Choque Vehicular,Falla mecanica,21,LESIONADO,MUJER,OTRO,63,LESIONADO,HOMBRE,PEATON,,,,
2024-01-17 10:22:08,-3.992908,-79.219529,Av. Pio Jaramillo,CON_LESIONADOS,Colision Multiple,Via resbaladiza o mojada,62,LESIONADO,NO_REGISTRA,CICLISTA,,,,,,,,
2024-07-22 05:22:53,-4.028717,-79.214516,Av. Isidro Ayora,SOLO_DANOS,Incendio,Exceso de velocidad,,,,,,,,,,,,
2024-09-23 00:55:05,-4.012721,-79.213584,Via Loja - Zamora,SOLO_DANOS,Incendio,Fatiga del conductor,,,,,,,,,,,,
2024-07-26 23:44:22,-3.991127,-79.221775,Ruta 35,CON_FALLECIDOS,Atropellamiento,Via resbaladiza o mojada,85,FALLECIDO,NO_REGISTRA,SCOOTER,54,FALLECIDO,MUJER,PEATON,52,LESIONADO,MUJER,OTRO
2024-09-10 20:54:51,-4.030509,-79.188871,Calle Saraguro,CON_FALLECIDOS,Choque Vehicular,Imprudencia del conductor,70,FALLECIDO,NO_REGISTRA,VEH_LIVIANO,21,LESIONADO,NO_REGISTRA,VEH_LIVIANO,20,LESIONADO,NO_REGISTRA,OTRO
2024-06-12 13:05:26,-4.029460,-79.209647,Av. Rosa Hermosa,SOLO_DANOS,Colision Multiple,Falla mecanica,,,,,,,,,,,,
2024-09-24 10:21:49,-4.030684,-79.225115,Av. Orillas del Zamora,SOLO_DANOS,Accidente Laboral,Falla mecanica,5,LESIONADO,NO_REGISTRA,OTRO,,,,,,,,
2024-03-19 17:38:36,-4.031928,-79.186120,Calle Mercadillo,CON_LESIONADOS,Volcamiento,Estado de embriaguez,37,LESIONADO,HOMBRE,OTRO,,,,,,,,
2024-10-26 15:16:26,-4.000513,-79.183620,Av. Cuxibamba,CON_LESIONADOS,Choque Vehicular,Falla mecanica,8,LESIONADO,MUJER,OTRO,44,LESIONADO,HOMBRE,CICLISTA,12,LESIONADO,NO_REGISTRA,PEATON
2024-11-12 08:22:00,-4.029991,-79.206039,Av. 8 de Diciembre,CON_LESIONADOS,Volcamiento,Visibilidad reducida,67,LESIONADO,MUJER,MOTOCICLETA,77,LESIONADO,MUJER,MOTOCICLETA,53,LESIONADO,NO_REGISTRA,VEH_LIVIANO
2024-12-11 22:31:15,-3.981780,-79.204401,Av. Orillas del Zamora,SOLO_DANOS,Colision Multiple,Fatiga del conductor,59,LESIONADO,MUJER,MOTOCICLETA,,,,,,,,
2024-09-01 11:13:47,-3.987513,-79.226462,Av. Reinaldo Espinosa,CON_LESIONADOS,Incendio,Exceso de velocidad,51,LESIONADO,MUJER,VEH_LIVIANO,61,LESIONADO,HOMBRE,OTRO,,,,
2024-02-17 00:15:55,-4.024295,-79.173218,Calle Sucre,SOLO_DANOS,Choque Vehicular,Imprudencia del conductor,,,,,,,,,,,,
2024-04-17 22:36:21,-4.010939,-79.192316,Av. Gran Colombia,SOLO_DANOS,Colision Multiple,Visibilidad reducida,,,,,,,,,,,,
2024-09-02 10:50:19,-4.007227,-79.189347,Calle Mercadillo,CON_LESIONADOS,Accidente Laboral,Estado de embriaguez,32,LESIONADO,MUJER,VEH_LIVIANO,59,LESIONADO,HOMBRE,OTRO,,,,
2024-03-02 09:27:21,-4.007614,-79.222849,Via Loja - Zamora,CON_FALLECIDOS,Colision Multiple,Distraccion (celular/radio),44,FALLECIDO,HOMBRE,VEH_LIVIANO,,,,,,,,
2024-09-19 21:43:19,-4.009722,-79.205628,Calle Rocafuerte,CON_LESIONADOS,Choque Vehicular,Distraccion (celular/radio),56,LESIONADO,HOMBRE,SCOOTER,19,LESIONADO,HOMBRE,CICLISTA,,,,
2024-08-04 15:38:12,-3.997176,-79.185987,Av. Rosa Hermosa,CON_LESIONADOS,Accidente Laboral,Visibilidad reducida,11,LESIONADO,HOMBRE,OTRO,65,LESIONADO,MUJER,SCOOTER,,,,
2024-01-18 11:40:44,-4.004903,-79.212727,Calle Rocafuerte,CON_LESIONADOS,Colision Multiple,Estado de embriaguez,73,LESIONADO,MUJER,OTRO,12,LESIONADO,HOMBRE,VEH_LIVIANO,41,LESIONADO,HOMBRE,PEATON
2024-06-24 18:05:43,-3.987457,-79.188891,Ruta 35,CON_LESIONADOS,Atropellamiento,Falla mecanica,26,LESIONADO,HOMBRE,MOTOCICLETA,,,,,,,,
2024-12-27 16:08:24,-4.006025,-79.176338,Calle Bolivar,CON_LESIONADOS,Incendio,Visibilidad reducida,46,LESIONADO,NO_REGISTRA,MOTOCICLETA,51,LESIONADO,NO_REGISTRA,VEH_LIVIANO,,,,
2024-05-29 18:38:11,-3.990616,-79.181307,Av. Metropolitana,CON_FALLECIDOS,Atropellamiento,Imprudencia del conductor,23,FALLECIDO,MUJER,OTRO,49,FALLECIDO,MUJER,SCOOTER,50,LESIONADO,MUJER,SCOOTER
2024-03-27 03:56:20,-3.993993,-79.221237,Av. Isidro Ayora,SOLO_DANOS,Volcamiento,Factores externos,,,,,,,,,,,,
2024-06-06 04:55:25,-4.019701,-79.225021,Av. Metropolitana,CON_FALLECIDOS,Choque Vehicular,Fatiga del conductor,43,FALLECIDO,HOMBRE,CICLISTA,51,FALLECIDO,HOMBRE,VEH_LIVIANO,22,LESIONADO,NO_REGISTRA,SCOOTER
2024-09-26 10:41:16,-4.001287,-79.199406,Calle Colon,SOLO_DANOS,Colision Multiple,Imprudencia del conductor,,,,,,,,,,,,
2024-06-18 17:37:30,-4.021776,-79.173816,Calle Rocafuerte,CON_FALLECIDOS,Atropellamiento,Falla mecanica,18,FALLECIDO,NO_REGISTRA,CICLISTA,,,,,,,,
2024-05-19 01:46:52,-3.995447,-79.224966,Calle Ramon Borrero,CON_LESIONADOS,Atropellamiento,Via resbaladiza o mojada,16,LESIONADO,HOMBRE,OTRO,42,LESIONADO,NO_REGISTRA,PEATON,,,,
2024-04-07 01:45:24,-4.021852,-79.201610,Calle Miguel Riofrio,SOLO_DANOS,Accidente Laboral,Equipo de seguridad deficiente,,,,,,,,,,,,
2024-01-07 22:52:19,-3.986910,-79.171075,Calle Colon,CON_FALLECIDOS,Incendio,Fatiga del conductor,58,FALLECIDO,NO_REGISTRA,OTRO,60,LESIONADO,NO_REGISTRA,MOTOCICLETA,,,,
2024-04-17 18:57:59,-3.997087,-79.193624,Calle Colon,CON_FALLECIDOS,Caida,Inobservancia de senales,31,FALLECIDO,HOMBRE,VEH_LIVIANO,,,,,,,,
2024-11-08 15:37:45,-4.000176,-79.208188,Calle Sucre,CON_FALLECIDOS,Incendio,Estado de embriaguez,64,FALLECIDO,NO_REGISTRA,CICLISTA,,,,,,,,
2024-02-09 16:57:42,-4.020799,-79.181858,Av. Pio Jaramillo,SOLO_DANOS,Colision Multiple,Equipo de seguridad deficiente,67,LESIONADO,HOMBRE,SCOOTER,,,,,,,,
2024-06-27 04:00:10,-4.031554,-79.185410,Calle Rocafuerte,SOLO_DANOS,Atropellamiento,Exceso de velocidad,,,,,,,,,,,,
2024-08-15 14:54:14,-3.979409,-79.210667,Av. 8 de Diciembre,CON_LESIONADOS,Atropellamiento,Distraccion (celular/radio),75,LESIONADO,NO_REGISTRA,MOTOCICLETA,64,LESIONADO,HOMBRE,MOTOCICLETA,62,LESIONADO,MUJER,CICLISTA
2024-04-06 15:10:21,-4.030002,-79.209304,Calle Miguel Riofrio,CON_FALLECIDOS,Colision Multiple,Factores externos,23,FALLECIDO,NO_REGISTRA,MOTOCICLETA,83,FALLECIDO,MUJER,OTRO,23,LESIONADO,HOMBRE,SCOOTER
2024-06-22 12:03:53,-3.977283,-79.193036,Via Loja - Zamora,SOLO_DANOS,Choque Vehicular,Imprudencia del conductor,,,,,,,,,,,,
2024-05-26 02:32:13,-4.032089,-79.194142,Av. Rosa Hermosa,SOLO_DANOS,Volcamiento,Falla mecanica,,,,,,,,,,,,
2024-08-31 14:29:47,-3.990101,-79.221668,Calle Ramon Borrero,CON_FALLECIDOS,Accidente Laboral,Fatiga del conductor,69,FALLECIDO,MUJER,SCOOTER,68,LESIONADO,MUJER,SCOOTER,75,LESIONADO,NO_REGISTRA,SCOOTER
2024-10-06 16:19:24,-4.008408,-79.219225,Calle Bolivar,CON_FALLECIDOS,Volcamiento,Equipo de seguridad deficiente,28,FALLECIDO,MUJER,CICLISTA,,,,,,,,
2024-01-27 13:43:29,-4.021563,-79.193606,Av. Cuxibamba,CON_LESIONADOS,Choque Vehicular,Via resbaladiza o mojada,15,LESIONADO,NO_REGISTRA,OTRO,41,LESIONADO,MUJER,PEATON,46,LESIONADO,HOMBRE,OTRO
2024-08-08 14:10:59,-4.007364,-79.227298,Calle Montufar,CON_FALLECIDOS,Choque Vehicular,Fatiga del conductor,30,FALLECIDO,NO_REGISTRA,CICLISTA,47,FALLECIDO,HOMBRE,OTRO,23,LESIONADO,MUJER,CICLISTA
2024-06-09 10:12:48,-4.023025,-79.182107,Calle Rocafuerte,CON_LESIONADOS,Atropellamiento,Via resbaladiza o mojada,51,LESIONADO,MUJER,PEATON,,,,,,,,