fecha_hora,latitud,longitud,via,grado_severidad,tipo_siniestro,causa_probable,victima1_edad,victima1_condicion,victima1_sexo,victima1_actor_vial,victima2_edad,victima2_condicion,victima2_sexo,victima2_actor_vial,victima3_edad,victima3_condicion,victima3_sexo,victima3_actor_vial
2024-06-29 11:46:53,-4.012170,-79.173391,Ruta 35,CON_LESIONADOS,Accidente Laboral,Estado de embriaguez,20,LESIONADO,HOMBRE,PEATON,60,LESIONADO,HOMBRE,CICLISTA,39,LESIONADO,NO_REGISTRA,MOTOCICLETA
2024-09-18 06:40:25,-3.998690,-79.202171,Calle Miguel Riofrio,CON_LESIONADOS,Caida,Equipo de seguridad deficiente,6,LESIONADO,MUJER,OTRO,29,LESIONADO,HOMBRE,PEATON,,,,
2024-02-28 01:03:22,-4.008903,-79.223206,Calle Miguel Riofrio,SOLO_DANOS,Caida,Falla mecanica,,,,,,,,,,,,
2024-06-08 21:43:01,-3.977113,-79.222709,Calle Sucre,CON_FALLECIDOS,Accidente Laboral,Via resbaladiza o mojada,44,FALLECIDO,HOMBRE,SCOOTER,41,FALLECIDO,HOMBRE,OTRO,64,LESIONADO,MUJER,OTRO
2024-05-07 03:41:34,-4.018143,-79.198122,Calle Ramon Borrero,CON_FALLECIDOS,Volcamiento,Exceso de velocidad,19,FALLECIDO,HOMBRE,PEATON,53,LESIONADO,NO_REGISTRA,OTRO,,,,
2024-09-02 11:39:54,-3.988701,-79.227110,Av. Cuxibamba,SOLO_DANOS,Incendio,Distraccion (celular/radio),78,LESIONADO,MUJER,PEATON,,,,,,,,
2024-11-23 04:44:30,-4.021379,-79.191063,Calle Montufar,CON_LESIONADOS,Incendio,Inobservancia de senales,77,LESIONADO,MUJER,OTRO,15,LESIONADO,MUJER,PEATON,40,LESIONADO,HOMBRE,VEH_LIVIANO
2024-12-26 08:55:52,-3.998848,-79.187637,Ruta 35,CON_FALLECIDOS,Atropellamiento,Inobservancia de senales,24,FALLECIDO,MUJER,SCOOTER,,,,,,,,
2024-09-07 20:16:29,-4.002630,-79.178114,Calle 10 de Agosto,CON_FALLECIDOS,Volcamiento,Exceso de velocidad,27,FALLECIDO,MUJER,SCOOTER,82,FALLECIDO,NO_REGISTRA,MOTOCICLETA,,,,
2024-08-26 23:48:22,-4.026142,-79.186411,Av. Orillas del Zamora,SOLO_DANOS,Incendio,Imprudencia del conductor,,,,,,,,,,,,
2024-04-26 17:25:41,-3.979622,-79.196683,Calle Saraguro,CON_LESIONADOS,Volcamiento,Mal estado de la via,78,LESIONADO,NO_REGISTRA,PEATON,67,LESIONADO,HOMBRE,OTRO,41,LESIONADO,MUJER,MOTOCICLETA
2024-06-18 12:54:09,-3.978398,-79.176775,Via Loja - Catamayo,CON_FALLECIDOS,Colision Multiple,Via resbaladiza o mojada,54,FALLECIDO,MUJER,MOTOCICLETA,22,FALLECIDO,HOMBRE,SCOOTER,,,,
2024-12-11 08:38:26,-4.007628,-79.202541,Calle Sucre,CON_LESIONADOS,Incendio,Fatiga del conductor,58,LESIONADO,MUJER,SCOOTER,10,LESIONADO,HOMBRE,VEH_LIVIANO,56,LESIONADO,NO_REGISTRA,CICLISTA
2024-01-11 01:42:39,-4.009525,-79.177992,Calle Azogues,CON_LESIONADOS,Caida,Factores externos,78,LESIONADO,MUJER,CICLISTA,28,LESIONADO,NO_REGISTRA,MOTOCICLETA,12,LESIONADO,NO_REGISTRA,MOTOCICLETA
2024-10-23 03:27:54,-3.987980,-79.214156,Av. Universitaria,CON_FALLECIDOS,Colision Multiple,Mal estado de la via,84,FALLECIDO,NO_REGISTRA,SCOOTER,39,FALLECIDO,MUJER,MOTOCICLETA,,,,
2024-02-09 04:53:03,-3.984661,-79.188788,Calle Mercadillo,CON_FALLECIDOS,Incendio,Visibilidad reducida,21,FALLECIDO,HOMBRE,OTRO,42,LESIONADO,MUJER,VEH_LIVIANO,,,,
2024-05-12 15:11:51,-4.027621,-79.204481,Av. Universitaria,SOLO_DANOS,Incendio,Estado de embriaguez,23,LESIONADO,MUJER,VEH_LIVIANO,,,,,,,,
2024-02-08 18:35:01,-4.029000,-79.205243,Av. Gran Colombia,CON_FALLECIDOS,Colision Multiple,Fatiga del conductor,85,FALLECIDO,HOMBRE,PEATON,55,LESIONADO,MUJER,PEATON,75,LESIONADO,MUJER,CICLISTA
2024-07-05 05:35:01,-3.994127,-79.183838,Av. Manuel Agustin Aguirre,CON_FALLECIDOS,Incendio,Falla mecanica,48,FALLECIDO,HOMBRE,PEATON,84,FALLECIDO,MUJER,OTRO,23,LESIONADO,HOMBRE,PEATON
2024-12-10 05:17:00,-4.019384,-79.203418,Calle 18 de Noviembre,CON_FALLECIDOS,Accidente Laboral,Factores externos,85,FALLECIDO,HOMBRE,OTRO,15,LESIONADO,NO_REGISTRA,MOTOCICLETA,77,LESIONADO,MUJER,CICLISTA
2024-08-24 09:50:26,-3.979364,-79.220508,Av. 8 de Diciembre,CON_LESIONADOS,Caida,Inobservancia de senales,56,LESIONADO,NO_REGISTRA,VEH_LIVIANO,67,LESIONADO,NO_REGISTRA,PEATON,68,LESIONADO,NO_REGISTRA,MOTOCICLETA
2024-12-20 18:34:06,-3.987775,-79.226734,Calle Quito,CON_LESIONADOS,Caida,Fatiga del conductor,76,LESIONADO,MUJER,CICLISTA,,,,,,,,
2024-02-03 22:44:41,-3.987220,-79.176863,Calle 18 de Noviembre,SOLO_DANOS,Caida,Imprudencia del conductor,,,,,,,,,,,,
2024-09-05 23:26:14,-4.034205,-79.215573,Calle Miguel Riofrio,CON_LESIONADOS,Choque Vehicular,Fatiga del conductor,8,LESIONADO,NO_REGISTRA,PEATON,,,,,,,,
2024-06-18 22:34:14,-4.008637,-79.200626,Av. Orillas del Zamora,CON_FALLECIDOS,Incendio,Imprudencia del conductor,63,FALLECIDO,MUJER,MOTOCICLETA,72,FALLECIDO,MUJER,OTRO,57,LESIONADO,MUJER,PEATON
2024-08-24 03:24:51,-3.990717,-79.215664,Av. Manuel Agustin Aguirre,CON_FALLECIDOS,Choque Vehicular,Equipo de seguridad deficiente,28,FALLECIDO,HOMBRE,MOTOCICLETA,25,FALLECIDO,HOMBRE,MOTOCICLETA,17,LESIONADO,NO_REGISTRA,OTRO
2024-02-22 12:59:30,-4.032365,-79.207501,Calle Saraguro,CON_FALLECIDOS,Accidente Laboral,Via resbaladiza o mojada,19,FALLECIDO,HOMBRE,VEH_LIVIANO,,,,,,,,
2024-02-04 12:33:53,-4.028045,-79.206172,Ruta 35,SOLO_DANOS,Caida,Distraccion (celular/radio),,,,,,,,,,,,
2024-02-17 16:49:58,-4.024122,-79.217686,Via Loja - Zamora,SOLO_DANOS,Atropellamiento,Inobservancia de senales,,,,,,,,,,,,
2024-02-19 05:36:23,-4.032938,-79.197261,Av. 8 de Diciembre,CON_LESIONADOS,Choque Vehicular,Fatiga del conductor,66,LESIONADO,NO_REGISTRA,OTRO,21,LESIONADO,MUJER,PEATON,,,,
2024-10-19 21:46:11,-4.005142,-79.205420,Av. Isidro Ayora,CON_FALLECIDOS,Accidente Laboral,Equipo de seguridad deficiente,41,FALLECIDO,NO_REGISTRA,PEATON,40,FALLECIDO,HOMBRE,PEATON,,,,
2024-06-04 14:12:47,-3.997074,-79.204813,Calle Miguel Riofrio,CON_LESIONADOS,Accidente Laboral,Fatiga del conductor,49,LESIONADO,MUJER,CICLISTA,,,,,,,,
2024-02-06 08:49:30,-4.036631,-79.210948,Av. Universitaria,CON_LESIONADOS,Volcamiento,Visibilidad reducida,28,LESIONADO,MUJER,MOTOCICLETA,79,LESIONADO,MUJER,CICLISTA,15,LESIONADO,HOMBRE,OTRO
2024-05-06 13:02:56,-4.000593,-79.181187,Ruta 35,CON_FALLECIDOS,Incendio,Equipo de seguridad deficiente,84,FALLECIDO,HOMBRE,CICLISTA,,,,,,,,
2024-05-30 08:36:25,-4.010641,-79.203878,Calle Azogues,SOLO_DANOS,Volcamiento,Estado de embriaguez,,,,,,,,,,,,
2024-06-07 10:43:39,-4.025808,-79.172161,Calle 10 de Agosto,CON_LESIONADOS,Caida,Exceso de velocidad,44,LESIONADO,MUJER,VEH_LIVIANO,42,LESIONADO,MUJER,SCOOTER,62,LESIONADO,HOMBRE,VEH_LIVIANO
2024-04-14 22:24:17,-4.019738,-79.201604,Calle 18 de Noviembre,SOLO_DANOS,Incendio,Inobservancia de senales,,,,,,,,,,,,
2024-12-02 12:43:22,-4.032300,-79.197201,Av. Manuel Agustin Aguirre,CON_LESIONADOS,Volcamiento,Imprudencia del conductor,7,LESIONADO,HOMBRE,SCOOTER,,,,,,,,
2024-10-02 22:32:08,-3.983626,-79.173178,Av. Gran Colombia,CON_LESIONADOS,Atropellamiento,Via resbaladiza o mojada,34,LESIONADO,HOMBRE,SCOOTER,73,LESIONADO,NO_REGISTRA,VEH_LIVIANO,44,LESIONADO,HOMBRE,CICLISTA
2024-08-13 12:08:18,-4.020347,-79.192473,Av. Orillas del Zamora,CON_FALLECIDOS,Choque Vehicular,Via resbaladiza o mojada,63,FALLECIDO,MUJER,PEATON,79,FALLECIDO,HOMBRE,PEATON,,,,
2024-01-21 22:43:15,-3.990026,-79.205144,Av. Orillas del Zamora,SOLO_DANOS,Incendio,Exceso de velocidad,,,,,,,,,,,,
2024-02-15 20:42:45,-3.993750,-79.189975,Av. Universitaria,CON_FALLECIDOS,Accidente Laboral,Visibilidad reducida,77,FALLECIDO,MUJER,VEH_LIVIANO,57,FALLECIDO,MUJER,PEATON,,,,
2024-08-19 04:18:15,-4.019380,-79.229721,Av. 8 de Diciembre,CON_LESIONADOS,Caida,Fatiga del conductor,55,LESIONADO,NO_REGISTRA,VEH_LIVIANO,,,,,,,,
2024-03-27 00:42:55,-4.019631,-79.195920,Via Loja - Zamora,CON_LESIONADOS,Colision Multiple,Equipo de seguridad deficiente,68,LESIONADO,HOMBRE,CICLISTA,46,LESIONADO,MUJER,SCOOTER,,,,
2024-11-05 09:52:13,-4.001850,-79.183446,Av. Orillas del Zamora,CON_LESIONADOS,Accidente Laboral,Estado de embriaguez,27,LESIONADO,HOMBRE,CICLISTA,,,,,,,,
2024-07-16 06:54:37,-3.985189,-79.226201,Via Loja - Catamayo,CON_LESIONADOS,Choque Vehicular,Falla mecanica,6,LESIONADO,HOMBRE,PEATON,,,,,,,,
2024-05-22 00:14:01,-4.027588,-79.201195,Calle 10 de Agosto,CON_FALLECIDOS,Accidente Laboral,Mal estado de la via,32,FALLECIDO,NO_REGISTRA,OTRO,20,LESIONADO,MUJER,MOTOCICLETA,,,,
2024-07-15 19:21:27,-3.977301,-79.222472,Av. Gran Colombia,CON_FALLECIDOS,Choque Vehicular,Exceso de velocidad,66,FALLECIDO,HOMBRE,PEATON,14,LESIONADO,MUJER,MOTOCICLETA,,,,
2024-04-26 14:20:44,-3.986673,-79.214061,Av. Orillas del Zamora,CON_LESIONADOS,Volcamiento,Factores externos,48,LESIONADO,HOMBRE,MOTOCICLETA,51,LESIONADO,MUJER,VEH_LIVIANO,28,LESIONADO,HOMBRE,OTRO
2024-11-29 17:23:34,-3.988576,-79.226976,Calle Quito,CON_FALLECIDOS,Colision Multiple,Imprudencia del conductor,67,FALLECIDO,NO_REGISTRA,CICLISTA,71,LESIONADO,NO_REGISTRA,PEATON,63,LESIONADO,HOMBRE,MOTOCICLETA
2024-02-23 21:02:14,-4.005316,-79.175651,Calle Saraguro,SOLO_DANOS,Accidente Laboral,Falla mecanica,,,,,,,,,,,,
2024-01-25 01:56:06,-3.997236,-79.206745,Calle 10 de Agosto,CON_FALLECIDOS,Accidente Laboral,Fatiga del conductor,46,FALLECIDO,NO_REGISTRA,VEH_LIVIANO,11,LESIONADO,MUJER,SCOOTER,,,,
2024-12-08 08:33:08,-3.987425,-79.204248,Av. Reinaldo Espinosa,CON_LESIONADOS,Accidente Laboral,Exceso de velocidad,14,LESIONADO,MUJER,VEH_LIVIANO,55,LESIONADO,MUJER,CICLISTA,,,,
2024-03-25 21:50:46,-4.014619,-79.196774,Calle 18 de Noviembre,CON_LESIONADOS,Accidente Laboral,Visibilidad reducida,54,LESIONADO,NO_REGISTRA,CICLISTA,18,LESIONADO,HOMBRE,PEATON,,,,
2024-06-02 13:07:38,-4.033990,-79.199908,Calle 10 de Agosto,SOLO_DANOS,Volcamiento,Mal estado de la via,,,,,,,,,,,,
2024-08-12 16:09:44,-4.021789,-79.219649,Av. Gran Colombia,CON_FALLECIDOS,Caida,Mal estado de la via,52,FALLECIDO,HOMBRE,CICLISTA,43,FALLECIDO,MUJER,CICLISTA,19,LESIONADO,MUJER,OTRO
2024-08-18 07:59:19,-4.012078,-79.208502,Calle Ramon Borrero,CON_LESIONADOS,Colision Multiple,Falla mecanica,16,LESIONADO,HOMBRE,PEATON,,,,,,,,
2024-01-01 19:39:21,-4.011582,-79.206022,Calle Imbabura,CON_LESIONADOS,Colision Multiple,Visibilidad reducida,49,LESIONADO,HOMBRE,OTRO,,,,,,,,
2024-12-29 00:51:02,-3.991666,-79.181230,Via Loja - Catamayo,SOLO_DANOS,Choque Vehicular,Exceso de velocidad,,,,,,,,,,,,
2024-07-04 16:32:42,-4.005904,-79.181103,Calle Sucre,CON_LESIONADOS,Choque Vehicular,Inobservancia de senales,50,LESIONADO,MUJER,VEH_LIVIANO,30,LESIONADO,HOMBRE,OTRO,19,LESIONADO,HOMBRE,OTRO
2024-11-06 16:40:09,-4.031739,-79.212615,Calle Montufar,SOLO_DANOS,Atropellamiento,Fatiga del conductor,,,,,,,,,,,,
2024-06-17 21:22:11,-4.033805,-79.195289,Calle Rocafuerte,CON_FALLECIDOS,Colision Multiple,Falla mecanica,35,FALLECIDO,HOMBRE,MOTOCICLETA,38,FALLECIDO,HOMBRE,CICLISTA,45,LESIONADO,MUJER,PEATON
2024-06-22 05:04:04,-4.015904,-79.187278,Calle Saraguro,CON_LESIONADOS,Atropellamiento,Via resbaladiza o mojada,7,LESIONADO,NO_REGISTRA,PEATON,12,LESIONADO,NO_REGISTRA,VEH_LIVIANO,77,LESIONADO,NO_REGISTRA,VEH_LIVIANO
2024-10-24 03:09:50,-4.009601,-79.189383,Calle Miguel Riofrio,SOLO_DANOS,Volcamiento,Equipo de seguridad deficiente,,,,,,,,,,,,
2024-11-20 05:26:02,-3.978473,-79.221612,Calle Ramon Borrero,CON_LESIONADOS,Atropellamiento,Distraccion (celular/radio),22,LESIONADO,HOMBRE,MOTOCICLETA,52,LESIONADO,NO_REGISTRA,MOTOCICLETA,46,LESIONADO,NO_REGISTRA,OTRO
2024-09-23 17:03:45,-4.000406,-79.192506,Av. Rosa Hermosa,CON_FALLECIDOS,Colision Multiple,Mal estado de la via,68,FALLECIDO,NO_REGISTRA,CICLISTA,82,FALLECIDO,NO_REGISTRA,VEH_LIVIANO,34,LESIONADO,MUJER,OTRO
2024-09-21 20:58:59,-3.984514,-79.206349,Calle Colon,SOLO_DANOS,Atropellamiento,Mal estado de la via,,,,,,,,,,,,
2024-01-29 22:55:35,-3.987719,-79.226562,Calle 18 de Noviembre,CON_FALLECIDOS,Accidente Laboral,Via resbaladiza o mojada,57,FALLECIDO,HOMBRE,MOTOCICLETA,34,LESIONADO,MUJER,MOTOCICLETA,57,LESIONADO,HOMBRE,VEH_LIVIANO
2024-05-23 01:22:28,-4.034153,-79.178399,Av. Orillas del Zamora,CON_LESIONADOS,Colision Multiple,Estado de embriaguez,59,LESIONADO,HOMBRE,OTRO,56,LESIONADO,NO_REGISTRA,CICLISTA,34,LESIONADO,NO_REGISTRA,MOTOCICLETA
2024-02-02 05:45:12,-3.978277,-79.223275,Av. Gran Colombia,CON_LESIONADOS,Accidente Laboral,Estado de embriaguez,56,LESIONADO,MUJER,MOTOCICLETA,52,LESIONADO,NO_REGISTRA,CICLISTA,51,LESIONADO,HOMBRE,CICLISTA
2024-06-30 10:22:05,-4.035300,-79.204107,Via Loja - Zamora,CON_FALLECIDOS,Atropellamiento,Equipo de seguridad deficiente,36,FALLECIDO,HOMBRE,SCOOTER,51,LESIONADO,NO_REGISTRA,PEATON,,,,
2024-12-26 22:17:17,-4.009071,-79.184729,Av. Metropolitana,CON_FALLECIDOS,Colision Multiple,Imprudencia del conductor,60,FALLECIDO,NO_REGISTRA,MOTOCICLETA,20,FALLECIDO,MUJER,OTRO,70,LESIONADO,MUJER,CICLISTA
2024-09-08 14:38:19,-3.990879,-79.220464,Av. Rosa Hermosa,CON_LESIONADOS,Choque Vehicular,Mal estado de la via,17,LESIONADO,NO_REGISTRA,CICLISTA,48,LESIONADO,HOMBRE,SCOOTER,65,LESIONADO,NO_REGISTRA,OTRO
2024-09-01 06:12:15,-4.032612,-79.217766,Av. Isidro Ayora,SOLO_DANOS,Volcamiento,Inobservancia de senales,,,,,,,,,,,,
2024-04-12 19:41:50,-4.015195,-79.230079,Calle 18 de Noviembre,CON_LESIONADOS,Caida,Fatiga del conductor,46,LESIONADO,HOMBRE,MOTOCICLETA,17,LESIONADO,HOMBRE,SCOOTER,47,LESIONADO,NO_REGISTRA,SCOOTER
2024-11-21 13:13:02,-3.981551,-79.219293,Calle Montufar,SOLO_DANOS,Volcamiento,Mal estado de la via,,,,,,,,,,,,
2024-10-02 11:02:08,-3.978412,-79.192061,Av. Isidro Ayora,CON_LESIONADOS,Choque Vehicular,Fatiga del conductor,21,LESIONADO,HOMBRE,CICLISTA,47,LESIONADO,NO_REGISTRA,PEATON,12,LESIONADO,HOMBRE,MOTOCICLETA
2024-01-12 21:37:40,-4.020597,-79.213455,Av. Metropolitana,SOLO_DANOS,Colision Multiple,Exceso de velocidad,,,,,,,,,,,,
2024-12-22 00:45:07,-3.986380,-79.209092,Av. Universitaria,CON_FALLECIDOS,Incendio,Factores externos,68,FALLECIDO,NO_REGISTRA,SCOOTER,37,FALLECIDO,MUJER,MOTOCICLETA,9,LESIONADO,HOMBRE,VEH_LIVIANO
2024-09-23 14:52:11,-3.990001,-79.183271,Calle Colon,CON_FALLECIDOS,Atropellamiento,Mal estado de la via,47,FALLECIDO,MUJER,CICLISTA,18,FALLECIDO,NO_REGISTRA,PEATON,67,LESIONADO,HOMBRE,CICLISTA
2024-05-19 02:32:14,-4.003314,-79.209431,Calle Ramon Borrero,CON_FALLECIDOS,Incendio,Imprudencia del conductor,82,FALLECIDO,NO_REGISTRA,MOTOCICLETA,18,FALLECIDO,NO_REGISTRA,OTRO,,,,
2024-01-25 04:15:57,-4.006309,-79.206995,Calle Mercadillo,SOLO_DANOS,Accidente Laboral,Mal estado de la via,,,,,,,,,,,,
2024-07-06 01:19:22,-4.034109,-79.215707,Av. Cuxibamba,CON_FALLECIDOS,Colision Multiple,Exceso de velocidad,49,FALLECIDO,MUJER,OTRO,40,FALLECIDO,HOMBRE,OTRO,65,LESIONADO,HOMBRE,MOTOCICLETA
2024-11-25 07:25:05,-3.984534,-79.186552,Av. Rosa Hermosa,SOLO_DANOS,Caida,Falla mecanica,,,,,,,,,,,,
2024-08-18 02:02:04,-4.009230,-79.212335,Calle Rocafuerte,CON_FALLECIDOS,Caida,Exceso de velocidad,47,FALLECIDO,HOMBRE,MOTOCICLETA,48,LESIONADO,MUJER,OTRO,65,LESIONADO,HOMBRE,CICLISTA
2024-05-08 12:16:08,-4.029695,-79.182239,Ruta 35,CON_FALLECIDOS,Choque Vehicular,Imprudencia del conductor,73,FALLECIDO,HOMBRE,MOTOCICLETA,44,LESIONADO,HOMBRE,PEATON,,,,
2024-05-18 03:49:06,-4.001054,-79.183982,Calle Colon,SOLO_DANOS,Colision Multiple,Mal estado de la via,,,,,,,,,,,,
2024-03-20 19:08:54,-3.981748,-79.222254,Av. Reinaldo Espinosa,SOLO_DANOS,Volcamiento,Mal estado de la via,23,LESIONADO,NO_REGISTRA,CICLISTA,,,,,,,,
2024-10-12 22:16:11,-4.022122,-79.178410,Calle Montufar,CON_FALLECIDOS,Incendio,Factores externos,32,FALLECIDO,MUJER,CICLISTA,,,,,,,,
2024-05-22 14:18:03,-4.023413,-79.206110,Av. Reinaldo Espinosa,SOLO_DANOS,Volcamiento,Inobservancia de senales,,,,,,,,,,,,
2024-02-19 12:01:58,-4.020377,-79.209609,Calle Imbabura,CON_LESIONADOS,Incendio,Via resbaladiza o mojada,7,LESIONADO,MUJER,SCOOTER,50,LESIONADO,NO_REGISTRA,PEATON,80,LESIONADO,NO_REGISTRA,VEH_LIVIANO
2024-11-20 02:06:44,-3.981209,-79.207777,Via Loja - Zamora,SOLO_DANOS,Incendio,Visibilidad reducida,,,,,,,,,,,,
2024-02-04 16:09:15,-3.985155,-79.218966,Av. Cuxibamba,CON_FALLECIDOS,Choque Vehicular,Inobservancia de senales,31,FALLECIDO,HOMBRE,VEH_LIVIANO,67,LESIONADO,NO_REGISTRA,MOTOCICLETA,,,,
2024-02-15 00:21:57,-3.980703,-79.207799,Av. Reinaldo Espinosa,SOLO_DANOS,Accidente Laboral,Factores externos,,,,,,,,,,,,
2024-04-09 16:40:34,-4.034969,-79.226096,Calle Ramon Borrero,CON_FALLECIDOS,Incendio,Inobservancia de senales,68,FALLECIDO,NO_REGISTRA,PEATON,73,FALLECIDO,MUJER,OTRO,,,,
2024-10-24 01:30:42,-4.036795,-79.230069,Ruta 35,SOLO_DANOS,Accidente Laboral,Factores externos,,,,,,,,,,,,
2024-12-25 10:27:01,-3.999748,-79.205601,Via Loja - Zamora,CON_FALLECIDOS,Accidente Laboral,Inobservancia de senales,60,FALLECIDO,MUJER,OTRO,73,FALLECIDO,NO_REGISTRA,VEH_LIVIANO,77,LESIONADO,MUJER,VEH_LIVIANO
2024-05-27 14:46:42,-4.028469,-79.210077,Av. Universitaria,CON_FALLECIDOS,Incendio,Equipo de seguridad deficiente,52,FALLECIDO,HOMBRE,MOTOCICLETA,44,FALLECIDO,MUJER,VEH_LIVIANO,53,LESIONADO,NO_REGISTRA,MOTOCICLETA
2024-04-19 22:55:09,-4.036188,-79.230681,Av. Metropolitana,SOLO_DANOS,Atropellamiento,Estado de embriaguez,,,,,,,,,,,,
2024-05-08 19:00:21,-3.980664,-79.202045,Av. Metropolitana,CON_FALLECIDOS,Accidente Laboral,Mal estado de la via,61,FALLECIDO,MUJER,PEATON,24,LESIONADO,MUJER,PEATON,6,LESIONADO,MUJER,PEATON
2024-05-08 08:28:01,-4.026822,-79.213884,Av. Gran Colombia,SOLO_DANOS,Colision Multiple,Inobservancia de senales,,,,,,,,,,,,
2024-03-07 11:46:45,-3.980688,-79.199615,Calle Montufar,CON_LESIONADOS,Incendio,Inobservancia de senales,42,LESIONADO,NO_REGISTRA,PEATON,68,LESIONADO,MUJER,MOTOCICLETA,,,,
2024-01-11 19:34:53,-3.984568,-79.171694,Calle Sucre,CON_LESIONADOS,Atropellamiento,Factores externos,15,LESIONADO,HOMBRE,PEATON,46,LESIONADO,MUJER,PEATON,6,LESIONADO,MUJER,MOTOCICLETA
2024-08-24 13:13:35,-3.994253,-79.202866,Calle 18 de Noviembre,CON_LESIONADOS,Incendio,Fatiga del conductor,18,LESIONADO,HOMBRE,VEH_LIVIANO,,,,,,,,
2024-05-02 18:38:10,-3.983591,-79.222231,Via Loja - Catamayo,CON_FALLECIDOS,Accidente Laboral,Fatiga del conductor,61,FALLECIDO,MUJER,SCOOTER,72,FALLECIDO,MUJER,SCOOTER,12,LESIONADO,NO_REGISTRA,MOTOCICLETA
2024-08-13 11:37:55,-3.984843,-79.186064,Ruta 35,CON_LESIONADOS,Volcamiento,Factores externos,11,LESIONADO,HOMBRE,MOTOCICLETA,,,,,,,,
2024-09-23 03:32:05,-4.003801,-79.227441,Calle Colon,SOLO_DANOS,Accidente Laboral,Fatiga del conductor,,,,,,,,,,,,
2024-12-29 07:00:42,-3.986182,-79.225320,Calle Bolivar,CON_FALLECIDOS,Volcamiento,Visibilidad reducida,62,FALLECIDO,NO_REGISTRA,VEH_LIVIANO,14,LESIONADO,MUJER,CICLISTA,,,,
2024-02-24 16:17:15,-4.003026,-79.187295,Calle Mercadillo,CON_FALLECIDOS,Accidente Laboral,Visibilidad reducida,45,FALLECIDO,MUJER,MOTOCICLETA,38,FALLECIDO,HOMBRE,VEH_LIVIANO,,,,
2024-04-02 01:31:46,-4.034555,-79.229879,Av. Isidro Ayora,CON_LESIONADOS,Volcamiento,Estado de embriaguez,34,LESIONADO,NO_REGISTRA,MOTOCICLETA,29,LESIONADO,MUJER,MOTOCICLETA,,,,
2024-05-11 05:50:02,-4.010003,-79.178765,Via Loja - Zamora,CON_LESIONADOS,Caida,Inobservancia de senales,66,LESIONADO,NO_REGISTRA,SCOOTER,,,,,,,,
2024-04-11 23:18:40,-4.035931,-79.228905,Av. Metropolitana,CON_LESIONADOS,Caida,Mal estado de la via,5,LESIONADO,MUJER,PEATON,29,LESIONADO,MUJER,CICLISTA,,,,
2024-08-15 23:42:26,-4.027983,-79.206762,Calle Miguel Riofrio,CON_LESIONADOS,Caida,Factores externos,70,LESIONADO,NO_REGISTRA,VEH_LIVIANO,,,,,,,,
2024-02-09 13:38:57,-3.986507,-79.225651,Calle 18 de Noviembre,CON_FALLECIDOS,Choque Vehicular,Via resbaladiza o mojada,20,FALLECIDO,MUJER,OTRO,,,,,,,,
2024-02-24 14:21:22,-4.024303,-79.179570,Calle Colon,CON_FALLECIDOS,Colision Multiple,Via resbaladiza o mojada,50,FALLECIDO,NO_REGISTRA,PEATON,,,,,,,,
2024-01-12 03:18:52,-4.032117,-79.215307,Av. Manuel Agustin Aguirre,SOLO_DANOS,Atropellamiento,Mal estado de la via,,,,,,,,,,,,
2024-02-10 10:54:50,-3.977550,-79.187102,Av. Isidro Ayora,CON_LESIONADOS,Atropellamiento,Imprudencia del conductor,74,LESIONADO,MUJER,SCOOTER,52,LESIONADO,MUJER,SCOOTER,,,,
2024-04-10 16:03:48,-4.005851,-79.200503,Av. Gran Colombia,CON_LESIONADOS,Caida,Visibilidad reducida,35,LESIONADO,MUJER,PEATON,13,LESIONADO,NO_REGISTRA,SCOOTER,59,LESIONADO,MUJER,VEH_LIVIANO
2024-06-07 00:57:07,-3.999102,-79.213805,Calle Azogues,CON_LESIONADOS,Volcamiento,Visibilidad reducida,71,LESIONADO,HOMBRE,OTRO,,,,,,,,
2024-01-04 07:09:53,-3.997661,-79.178968,Via Loja - Catamayo,CON_LESIONADOS,Colision Multiple,Mal estado de la via,39,LESIONADO,HOMBRE,MOTOCICLETA,76,LESIONADO,MUJER,OTRO,49,LESIONADO,HOMBRE,MOTOCICLETA
2024-06-24 19:25:29,-4.036934,-79.223716,Calle Bolivar,CON_LESIONADOS,Volcamiento,Mal estado de la via,66,LESIONADO,NO_REGISTRA,CICLISTA,,,,,,,,
2024-10-26 14:41:14,-4.021152,-79.217101,Calle Saraguro,CON_FALLECIDOS,Incendio,Fatiga del conductor,19,FALLECIDO,MUJER,OTRO,6,LESIONADO,NO_REGISTRA,MOTOCICLETA,44,LESIONADO,NO_REGISTRA,MOTOCICLETA
2024-10-21 19:03:19,-4.011736,-79.184722,Calle 18 de Noviembre,SOLO_DANOS,Caida,Factores externos,,,,,,,,,,,,
2024-10-09 01:08:22,-4.004739,-79.206193,Av. Universitaria,CON_LESIONADOS,Atropellamiento,Distraccion (celular/radio),40,LESIONADO,HOMBRE,MOTOCICLETA,49,LESIONADO,NO_REGISTRA,VEH_LIVIANO,,,,
2024-03-06 18:28:33,-4.024710,-79.185162,Calle 18 de Noviembre,CON_FALLECIDOS,Volcamiento,Factores externos,30,FALLECIDO,MUJER,MOTOCICLETA,22,FALLECIDO,MUJER,MOTOCICLETA,76,LESIONADO,MUJER,MOTOCICLETA