fecha_hora,latitud,longitud,via,grado_severidad,tipo_siniestro,causa_probable,victima1_edad,victima1_condicion,victima1_sexo,victima1_actor_vial,victima2_edad,victima2_condicion,victima2_sexo,victima2_actor_vial,victima3_edad,victima3_condicion,victima3_sexo,victima3_actor_vial
2024-02-29 03:56:20,-4.032803,-79.175943,Av. Universitaria,CON_FALLECIDOS,Volcamiento,Inobservancia de senales,55,FALLECIDO,HOMBRE,CICLISTA,52,FALLECIDO,NO_REGISTRA,OTRO,,,,
2024-05-08 16:42:57,-4.006952,-79.228006,Calle Azogues,SOLO_DANOS,Caida,Distraccion (celular/radio),,,,,,,,,,,,
2024-08-01 10:48:25,-3.983193,-79.182952,Calle Azogues,CON_LESIONADOS,Choque Vehicular,Estado de embriaguez,62,LESIONADO,MUJER,SCOOTER,,,,,,,,
2024-10-05 22:27:49,-4.001674,-79.191739,Calle Montufar,SOLO_DANOS,Caida,Estado de embriaguez,,,,,,,,,,,,
2024-12-27 20:58:23,-4.031609,-79.211433,Av. Universitaria,CON_FALLECIDOS,Caida,Exceso de velocidad,66,FALLECIDO,NO_REGISTRA,PEATON,57,FALLECIDO,MUJER,SCOOTER,22,LESIONADO,NO_REGISTRA,MOTOCICLETA
2024-03-03 05:26:31,-3.992160,-79.229288,Calle Bolivar,CON_FALLECIDOS,Choque Vehicular,Exceso de velocidad,64,FALLECIDO,NO_REGISTRA,MOTOCICLETA,69,LESIONADO,HOMBRE,CICLISTA,41,LESIONADO,MUJER,PEATON
2024-12-10 23:06:53,-4.035472,-79.222493,Av. Rosa Hermosa,CON_LESIONADOS,Choque Vehicular,Estado de embriaguez,61,LESIONADO,MUJER,CICLISTA,,,,,,,,
2024-02-18 01:41:35,-3.982846,-79.200722,Av. Pio Jaramillo,SOLO_DANOS,Choque Vehicular,Falla mecanica,,,,,,,,,,,,
2024-05-17 08:56:54,-3.980449,-79.229884,Calle Bolivar,CON_FALLECIDOS,Incendio,Equipo de seguridad deficiente,79,FALLECIDO,MUJER,CICLISTA,41,LESIONADO,MUJER,CICLISTA,37,LESIONADO,HOMBRE,CICLISTA
2024-04-29 18:57:12,-3.992399,-79.208665,Av. Orillas del Zamora,CON_LESIONADOS,Colision Multiple,Exceso de velocidad,37,LESIONADO,HOMBRE,SCOOTER,80,LESIONADO,NO_REGISTRA,SCOOTER,,,,
2024-09-26 03:47:25,-3.987937,-79.212460,Calle Colon,CON_LESIONADOS,Caida,Equipo de seguridad deficiente,71,LESIONADO,MUJER,MOTOCICLETA,22,LESIONADO,HOMBRE,VEH_LIVIANO,,,,
2024-12-26 02:05:14,-3.982010,-79.223410,Av. Rosa Hermosa,CON_FALLECIDOS,Volcamiento,Mal estado de la via,40,FALLECIDO,MUJER,OTRO,49,LESIONADO,HOMBRE,SCOOTER,31,LESIONADO,HOMBRE,OTRO
2024-10-20 19:34:51,-4.015269,-79.187320,Calle Ramon Borrero,CON_FALLECIDOS,Colision Multiple,Estado de embriaguez,84,FALLECIDO,HOMBRE,SCOOTER,48,FALLECIDO,HOMBRE,PEATON,7,LESIONADO,NO_REGISTRA,OTRO
2024-08-21 09:04:10,-4.035283,-79.189767,Calle Quito,CON_FALLECIDOS,Volcamiento,Visibilidad reducida,47,FALLECIDO,HOMBRE,SCOOTER,,,,,,,,
2024-10-15 07:21:53,-4.026774,-79.173333,Calle Ramon Borrero,CON_FALLECIDOS,Colision Multiple,Mal estado de la via,84,FALLECIDO,HOMBRE,PEATON,68,FALLECIDO,MUJER,OTRO,73,LESIONADO,NO_REGISTRA,CICLISTA
2024-06-08 07:58:56,-4.009727,-79.209562,Ruta 35,CON_LESIONADOS,Colision Multiple,Fatiga del conductor,57,LESIONADO,MUJER,SCOOTER,,,,,,,,
2024-12-27 20:52:52,-3.995057,-79.217292,Av. Isidro Ayora,CON_FALLECIDOS,Volcamiento,Visibilidad reducida,71,FALLECIDO,NO_REGISTRA,VEH_LIVIANO,,,,,,,,
2024-10-02 09:31:31,-3.990620,-79.179440,Ruta 35,CON_FALLECIDOS,Colision Multiple,Imprudencia del conductor,20,FALLECIDO,HOMBRE,SCOOTER,41,FALLECIDO,NO_REGISTRA,VEH_LIVIANO,,,,
2024-01-24 06:14:25,-4.030140,-79.189570,Av. Reinaldo Espinosa,SOLO_DANOS,Choque Vehicular,Via resbaladiza o mojada,,,,,,,,,,,,
2024-07-24 08:53:43,-3.995502,-79.230417,Av. Manuel Agustin Aguirre,CON_FALLECIDOS,Colision Multiple,Distraccion (celular/radio),21,FALLECIDO,MUJER,CICLISTA,46,FALLECIDO,MUJER,CICLISTA,66,LESIONADO,HOMBRE,SCOOTER
2024-07-04 02:08:12,-4.004044,-79.202229,Calle 18 de Noviembre,SOLO_DANOS,Accidente Laboral,Via resbaladiza o mojada,,,,,,,,,,,,
2024-11-05 15:50:34,-3.996779,-79.197324,Av. Metropolitana,CON_FALLECIDOS,Accidente Laboral,Visibilidad reducida,25,FALLECIDO,NO_REGISTRA,VEH_LIVIANO,25,FALLECIDO,NO_REGISTRA,CICLISTA,,,,
2024-03-06 05:32:37,-4.026940,-79.185821,Av. Metropolitana,SOLO_DANOS,Volcamiento,Inobservancia de senales,,,,,,,,,,,,
2024-11-26 12:33:03,-4.019972,-79.223908,Calle Saraguro,SOLO_DANOS,Volcamiento,Inobservancia de senales,,,,,,,,,,,,
2024-09-08 10:25:01,-3.989004,-79.190343,Via Loja - Zamora,CON_FALLECIDOS,Colision Multiple,Equipo de seguridad deficiente,46,FALLECIDO,NO_REGISTRA,CICLISTA,69,LESIONADO,MUJER,MOTOCICLETA,,,,
2024-02-17 23:05:12,-3.987340,-79.217975,Calle Saraguro,SOLO_DANOS,Caida,Inobservancia de senales,,,,,,,,,,,,
2024-03-15 16:42:43,-4.025458,-79.183013,Calle Sucre,CON_LESIONADOS,Choque Vehicular,Via resbaladiza o mojada,52,LESIONADO,MUJER,MOTOCICLETA,74,LESIONADO,HOMBRE,OTRO,78,LESIONADO,MUJER,SCOOTER
2024-05-05 11:50:47,-4.035731,-79.220411,Av. Isidro Ayora,CON_FALLECIDOS,Accidente Laboral,Inobservancia de senales,52,FALLECIDO,HOMBRE,SCOOTER,52,LESIONADO,MUJER,VEH_LIVIANO,55,LESIONADO,NO_REGISTRA,OTRO
2024-05-29 00:13:13,-4.033753,-79.208751,Av. Cuxibamba,CON_FALLECIDOS,Incendio,Distraccion (celular/radio),51,FALLECIDO,HOMBRE,PEATON,43,LESIONADO,NO_REGISTRA,OTRO,19,LESIONADO,NO_REGISTRA,CICLISTA
2024-08-06 04:37:53,-3.984036,-79.187665,Av. Rosa Hermosa,SOLO_DANOS,Colision Multiple,Distraccion (celular/radio),,,,,,,,,,,,
2024-11-24 12:13:48,-3.999674,-79.197498,Calle Imbabura,SOLO_DANOS,Choque Vehicular,Distraccion (celular/radio),,,,,,,,,,,,
2024-03-15 13:06:07,-3.983615,-79.229442,Calle Saraguro,SOLO_DANOS,Caida,Via resbaladiza o mojada,,,,,,,,,,,,
2024-07-12 01:13:38,-3.977704,-79.179826,Calle Montufar,CON_LESIONADOS,Volcamiento,Mal estado de la via,59,LESIONADO,NO_REGISTRA,OTRO,5,LESIONADO,NO_REGISTRA,OTRO,,,,
2024-11-19 05:00:24,-4.009616,-79.210260,Calle Azogues,CON_LESIONADOS,Incendio,Imprudencia del conductor,33,LESIONADO,MUJER,MOTOCICLETA,56,LESIONADO,HOMBRE,PEATON,16,LESIONADO,NO_REGISTRA,MOTOCICLETA
2024-01-18 21:44:40,-4.032883,-79.225443,Calle Quito,CON_LESIONADOS,Volcamiento,Falla mecanica,51,LESIONADO,MUJER,CICLISTA,11,LESIONADO,MUJER,PEATON,,,,
2024-01-22 09:31:28,-4.025106,-79.196887,Calle Miguel Riofrio,CON_FALLECIDOS,Atropellamiento,Via resbaladiza o mojada,40,FALLECIDO,MUJER,OTRO,,,,,,,,
2024-07-06 06:56:56,-4.029282,-79.188776,Calle Rocafuerte,CON_LESIONADOS,Atropellamiento,Mal estado de la via,23,LESIONADO,HOMBRE,MOTOCICLETA,,,,,,,,
2024-08-15 03:05:03,-4.014102,-79.201851,Av. Pio Jaramillo,SOLO_DANOS,Accidente Laboral,Distraccion (celular/radio),,,,,,,,,,,,
2024-07-24 13:23:11,-3.983739,-79.207773,Calle Quito,SOLO_DANOS,Volcamiento,Imprudencia del conductor,,,,,,,,,,,,
2024-02-26 16:02:25,-3.996377,-79.174066,Av. Gran Colombia,CON_FALLECIDOS,Accidente Laboral,Inobservancia de senales,84,FALLECIDO,NO_REGISTRA,MOTOCICLETA,33,FALLECIDO,HOMBRE,VEH_LIVIANO,44,LESIONADO,HOMBRE,CICLISTA
2024-09-03 14:44:47,-4.010575,-79.224214,Calle Bolivar,CON_FALLECIDOS,Choque Vehicular,Distraccion (celular/radio),45,FALLECIDO,MUJER,SCOOTER,68,LESIONADO,MUJER,PEATON,21,LESIONADO,MUJER,SCOOTER
2024-03-01 05:21:04,-3.980640,-79.191976,Calle Montufar,CON_FALLECIDOS,Accidente Laboral,Factores externos,30,FALLECIDO,MUJER,VEH_LIVIANO,19,FALLECIDO,HOMBRE,MOTOCICLETA,28,LESIONADO,NO_REGISTRA,OTRO
2024-11-11 20:15:18,-4.008461,-79.205038,Calle Sucre,CON_FALLECIDOS,Incendio,Estado de embriaguez,38,FALLECIDO,HOMBRE,OTRO,37,FALLECIDO,MUJER,SCOOTER,,,,
2024-04-15 23:41:05,-3.996166,-79.208315,Via Loja - Catamayo,SOLO_DANOS,Caida,Imprudencia del conductor,,,,,,,,,,,,
2024-04-03 04:08:38,-4.001114,-79.218386,Av. Isidro Ayora,SOLO_DANOS,Choque Vehicular,Estado de embriaguez,,,,,,,,,,,,
2024-05-03 07:13:56,-4.035640,-79.184181,Av. Metropolitana,CON_FALLECIDOS,Colision Multiple,Factores externos,22,FALLECIDO,MUJER,CICLISTA,12,LESIONADO,MUJER,CICLISTA,,,,
2024-03-23 06:01:06,-3.995906,-79.205574,Av. Manuel Agustin Aguirre,CON_FALLECIDOS,Colision Multiple,Fatiga del conductor,39,FALLECIDO,HOMBRE,MOTOCICLETA,59,FALLECIDO,NO_REGISTRA,PEATON,11,LESIONADO,MUJER,MOTOCICLETA
2024-12-23 23:54:20,-3.983825,-79.202890,Av. Pio Jaramillo,CON_FALLECIDOS,Colision Multiple,Equipo de seguridad deficiente,58,FALLECIDO,NO_REGISTRA,VEH_LIVIANO,,,,,,,,
2024-05-27 12:53:02,-4.034764,-79.208303,Calle Azogues,CON_LESIONADOS,Choque Vehicular,Falla mecanica,75,LESIONADO,NO_REGISTRA,CICLISTA,73,LESIONADO,NO_REGISTRA,CICLISTA,79,LESIONADO,MUJER,PEATON
2024-07-03 23:29:17,-3.986709,-79.180762,Calle Colon,SOLO_DANOS,Caida,Fatiga del conductor,,,,,,,,,,,,
2024-06-20 14:16:12,-3.994826,-79.197491,Calle Imbabura,CON_FALLECIDOS,Incendio,Mal estado de la via,71,FALLECIDO,HOMBRE,MOTOCICLETA,48,LESIONADO,HOMBRE,MOTOCICLETA,57,LESIONADO,MUJER,PEATON
2024-12-19 11:08:21,-3.999812,-79.210272,Calle Quito,CON_LESIONADOS,Colision Multiple,Imprudencia del conductor,21,LESIONADO,HOMBRE,OTRO,23,LESIONADO,NO_REGISTRA,PEATON,30,LESIONADO,HOMBRE,OTRO
2024-10-28 18:37:35,-4.003530,-79.216527,Calle Bolivar,CON_FALLECIDOS,Atropellamiento,Equipo de seguridad deficiente,77,FALLECIDO,HOMBRE,CICLISTA,57,FALLECIDO,NO_REGISTRA,VEH_LIVIANO,20,LESIONADO,HOMBRE,MOTOCICLETA
2024-12-30 22:52:24,-4.032506,-79.175876,Calle Sucre,SOLO_DANOS,Volcamiento,Inobservancia de senales,,,,,,,,,,,,
2024-03-09 08:15:21,-4.036668,-79.188367,Calle Azogues,CON_FALLECIDOS,Volcamiento,Distraccion (celular/radio),61,FALLECIDO,NO_REGISTRA,CICLISTA,72,FALLECIDO,HOMBRE,CICLISTA,67,LESIONADO,NO_REGISTRA,PEATON
2024-01-02 05:15:03,-3.984814,-79.196653,Av. Orillas del Zamora,CON_LESIONADOS,Incendio,Imprudencia del conductor,76,LESIONADO,MUJER,MOTOCICLETA,50,LESIONADO,NO_REGISTRA,MOTOCICLETA,38,LESIONADO,HOMBRE,MOTOCICLETA
2024-07-26 18:31:11,-3.999758,-79.174661,Av. Universitaria,SOLO_DANOS,Accidente Laboral,Equipo de seguridad deficiente,,,,,,,,,,,,
2024-12-28 04:52:24,-3.998666,-79.224928,Calle Colon,CON_LESIONADOS,Accidente Laboral,Exceso de velocidad,42,LESIONADO,NO_REGISTRA,VEH_LIVIANO,,,,,,,,
2024-04-30 08:00:26,-4.012960,-79.228989,Ruta 35,SOLO_DANOS,Caida,Via resbaladiza o mojada,,,,,,,,,,,,
2024-02-17 19:18:00,-3.979365,-79.224944,Av. Cuxibamba,CON_FALLECIDOS,Caida,Equipo de seguridad deficiente,24,FALLECIDO,MUJER,SCOOTER,31,FALLECIDO,NO_REGISTRA,SCOOTER,42,LESIONADO,MUJER,OTRO
2024-03-10 14:03:51,-4.023757,-79.214979,Via Loja - Zamora,CON_LESIONADOS,Caida,Distraccion (celular/radio),67,LESIONADO,MUJER,MOTOCICLETA,,,,,,,,
2024-11-07 11:04:02,-3.979686,-79.190857,Av. Isidro Ayora,CON_FALLECIDOS,Atropellamiento,Fatiga del conductor,74,FALLECIDO,MUJER,OTRO,62,FALLECIDO,NO_REGISTRA,VEH_LIVIANO,39,LESIONADO,HOMBRE,PEATON
2024-08-30 02:21:46,-4.009727,-79.211449,Av. Universitaria,CON_FALLECIDOS,Choque Vehicular,Factores externos,80,FALLECIDO,NO_REGISTRA,OTRO,40,FALLECIDO,HOMBRE,MOTOCICLETA,,,,
2024-09-15 17:34:54,-3.978642,-79.197820,Calle Sucre,CON_LESIONADOS,Incendio,Inobservancia de senales,73,LESIONADO,MUJER,VEH_LIVIANO,,,,,,,,
2024-07-29 06:49:07,-4.035992,-79.224069,Av. Orillas del Zamora,CON_LESIONADOS,Colision Multiple,Visibilidad reducida,41,LESIONADO,NO_REGISTRA,PEATON,28,LESIONADO,NO_REGISTRA,VEH_LIVIANO,,,,
2024-05-13 22:08:16,-4.031737,-79.190497,Via Loja - Zamora,CON_FALLECIDOS,Colision Multiple,Exceso de velocidad,31,FALLECIDO,HOMBRE,MOTOCICLETA,,,,,,,,
2024-01-26 12:59:37,-4.000390,-79.182755,Ruta 35,CON_LESIONADOS,Caida,Factores externos,15,LESIONADO,MUJER,SCOOTER,39,LESIONADO,HOMBRE,SCOOTER,,,,
2024-03-17 06:01:26,-3.995722,-79.204494,Av. Gran Colombia,CON_FALLECIDOS,Atropellamiento,Imprudencia del conductor,36,FALLECIDO,NO_REGISTRA,VEH_LIVIANO,25,FALLECIDO,MUJER,MOTOCICLETA,37,LESIONADO,MUJER,OTRO
2024-07-05 20:35:20,-3.980466,-79.229946,Av. Rosa Hermosa,SOLO_DANOS,Choque Vehicular,Falla mecanica,,,,,,,,,,,,
2024-07-18 17:11:51,-3.994954,-79.172097,Calle Sucre,CON_LESIONADOS,Volcamiento,Via resbaladiza o mojada,56,LESIONADO,HOMBRE,CICLISTA,10,LESIONADO,HOMBRE,VEH_LIVIANO,,,,
2024-04-22 16:01:00,-4.033260,-79.211185,Calle Rocafuerte,CON_FALLECIDOS,Incendio,Equipo de seguridad deficiente,72,FALLECIDO,NO_REGISTRA,MOTOCICLETA,35,LESIONADO,MUJER,SCOOTER,25,LESIONADO,MUJER,OTRO
2024-10-09 23:39:40,-4.013374,-79.190338,Calle Colon,CON_LESIONADOS,Caida,Mal estado de la via,77,LESIONADO,MUJER,CICLISTA,53,LESIONADO,HOMBRE,OTRO,,,,
2024-06-30 04:38:24,-4.030420,-79.182596,Av. Pio Jaramillo,CON_LESIONADOS,Volcamiento,Distraccion (celular/radio),58,LESIONADO,NO_REGISTRA,SCOOTER,32,LESIONADO,MUJER,MOTOCICLETA,,,,
2024-10-11 08:11:05,-3.992034,-79.228762,Av. Cuxibamba,CON_LESIONADOS,Caida,Via resbaladiza o mojada,52,LESIONADO,NO_REGISTRA,CICLISTA,,,,,,,,
2024-05-25 20:32:40,-3.998579,-79.187470,Calle Ramon Borrero,SOLO_DANOS,Incendio,Imprudencia del conductor,,,,,,,,,,,,
2024-07-01 01:50:24,-3.997577,-79.196002,Av. Metropolitana,CON_FALLECIDOS,Choque Vehicular,Estado de embriaguez,69,FALLECIDO,HOMBRE,MOTOCICLETA,,,,,,,,
2024-11-09 23:10:16,-4.019716,-79.181459,Av. Isidro Ayora,CON_LESIONADOS,Incendio,Visibilidad reducida,37,LESIONADO,NO_REGISTRA,OTRO,65,LESIONADO,NO_REGISTRA,MOTOCICLETA,,,,
2024-11-06 00:35:54,-4.022543,-79.219688,Calle Sucre,CON_LESIONADOS,Atropellamiento,Factores externos,31,LESIONADO,NO_REGISTRA,CICLISTA,80,LESIONADO,MUJER,VEH_LIVIANO,25,LESIONADO,HOMBRE,MOTOCICLETA
2024-11-13 14:32:18,-4.006865,-79.177729,Calle Ramon Borrero,CON_FALLECIDOS,Volcamiento,Fatiga del conductor,67,FALLECIDO,HOMBRE,PEATON,44,LESIONADO,HOMBRE,PEATON,,,,
2024-04-10 07:41:13,-4.007245,-79.209915,Calle Imbabura,CON_LESIONADOS,Colision Multiple,Distraccion (celular/radio),15,LESIONADO,MUJER,SCOOTER,,,,,,,,
2024-01-13 22:12:58,-3.983688,-79.172054,Av. Reinaldo Espinosa,CON_LESIONADOS,Volcamiento,Distraccion (celular/radio),63,LESIONADO,HOMBRE,MOTOCICLETA,47,LESIONADO,NO_REGISTRA,OTRO,40,LESIONADO,HOMBRE,VEH_LIVIANO
2024-05-16 17:52:54,-3.992607,-79.198595,Av. Universitaria,SOLO_DANOS,Choque Vehicular,Distraccion (celular/radio),,,,,,,,,,,,
2024-12-16 07:07:36,-4.031506,-79.219699,Av. Orillas del Zamora,SOLO_DANOS,Incendio,Visibilidad reducida,,,,,,,,,,,,
2024-09-05 06:49:55,-4.036801,-79.200192,Calle Imbabura,CON_LESIONADOS,Choque Vehicular,Equipo de seguridad deficiente,57,LESIONADO,NO_REGISTRA,VEH_LIVIANO,70,LESIONADO,HOMBRE,OTRO,66,LESIONADO,HOMBRE,VEH_LIVIANO
2024-06-10 17:00:48,-4.015382,-79.206679,Calle Colon,CON_FALLECIDOS,Volcamiento,Visibilidad reducida,24,FALLECIDO,MUJER,SCOOTER,53,LESIONADO,HOMBRE,MOTOCICLETA,,,,
2024-05-14 16:19:55,-3.993385,-79.228100,Calle Montufar,SOLO_DANOS,Accidente Laboral,Mal estado de la via,,,,,,,,,,,,
2024-04-18 10:43:41,-4.017987,-79.206363,Calle Sucre,SOLO_DANOS,Atropellamiento,Falla mecanica,,,,,,,,,,,,
2024-05-15 07:25:31,-3.997339,-79.181185,Via Loja - Catamayo,CON_LESIONADOS,Volcamiento,Fatiga del conductor,34,LESIONADO,MUJER,MOTOCICLETA,,,,,,,,
2024-12-01 14:53:38,-3.994164,-79.228583,Via Loja - Zamora,CON_LESIONADOS,Choque Vehicular,Via resbaladiza o mojada,6,LESIONADO,HOMBRE,PEATON,5,LESIONADO,NO_REGISTRA,VEH_LIVIANO,,,,
2024-12-18 03:11:13,-4.014493,-79.204941,Calle Azogues,CON_LESIONADOS,Incendio,Visibilidad reducida,14,LESIONADO,MUJER,OTRO,,,,,,,,
2024-10-24 21:04:30,-4.024847,-79.221371,Calle Montufar,CON_LESIONADOS,Colision Multiple,Visibilidad reducida,41,LESIONADO,HOMBRE,SCOOTER,,,,,,,,
2024-04-29 06:37:02,-4.025667,-79.229079,Calle Imbabura,CON_LESIONADOS,Volcamiento,Imprudencia del conductor,67,LESIONADO,MUJER,MOTOCICLETA,,,,,,,,
2024-02-14 05:38:54,-4.019877,-79.173826,Calle Imbabura,CON_FALLECIDOS,Accidente Laboral,Fatiga del conductor,79,FALLECIDO,HOMBRE,MOTOCICLETA,10,LESIONADO,HOMBRE,OTRO,,,,
2024-07-20 21:58:15,-4.025307,-79.214299,Av. 8 de Diciembre,SOLO_DANOS,Volcamiento,Via resbaladiza o mojada,,,,,,,,,,,,
2024-03-17 02:25:03,-4.024432,-79.205334,Ruta 35,CON_FALLECIDOS,Accidente Laboral,Estado de embriaguez,26,FALLECIDO,NO_REGISTRA,SCOOTER,32,FALLECIDO,NO_REGISTRA,PEATON,23,LESIONADO,HOMBRE,MOTOCICLETA
2024-03-03 20:31:45,-4.024413,-79.201372,Av. Metropolitana,CON_LESIONADOS,Accidente Laboral,Falla mecanica,44,LESIONADO,HOMBRE,VEH_LIVIANO,23,LESIONADO,NO_REGISTRA,MOTOCICLETA,,,,
2024-11-08 22:23:59,-3.994216,-79.196890,Calle Azogues,CON_LESIONADOS,Volcamiento,Falla mecanica,33,LESIONADO,HOMBRE,SCOOTER,,,,,,,,
2024-12-17 19:56:22,-3.984306,-79.186979,Av. Metropolitana,CON_LESIONADOS,Incendio,Imprudencia del conductor,5,LESIONADO,MUJER,VEH_LIVIANO,74,LESIONADO,HOMBRE,PEATON,,,,
2024-07-04 05:56:58,-4.003371,-79.178255,Calle Rocafuerte,CON_LESIONADOS,Atropellamiento,Exceso de velocidad,63,LESIONADO,HOMBRE,VEH_LIVIANO,25,LESIONADO,NO_REGISTRA,SCOOTER,,,,
2024-04-24 22:34:35,-3.991472,-79.198219,Calle 18 de Noviembre,CON_FALLECIDOS,Volcamiento,Via resbaladiza o mojada,78,FALLECIDO,HOMBRE,PEATON,10,LESIONADO,NO_REGISTRA,VEH_LIVIANO,,,,
2024-02-22 05:35:09,-3.994330,-79.184225,Av. 8 de Diciembre,SOLO_DANOS,Volcamiento,Estado de embriaguez,,,,,,,,,,,,
2024-12-24 04:33:23,-3.993041,-79.228437,Av. Isidro Ayora,CON_LESIONADOS,Accidente Laboral,Visibilidad reducida,30,LESIONADO,NO_REGISTRA,OTRO,80,LESIONADO,MUJER,SCOOTER,73,LESIONADO,MUJER,MOTOCICLETA
2024-08-03 07:53:17,-4.006349,-79.223459,Ruta 35,CON_LESIONADOS,Choque Vehicular,Via resbaladiza o mojada,73,LESIONADO,HOMBRE,VEH_LIVIANO,8,LESIONADO,HOMBRE,OTRO,,,,
2024-09-04 13:43:44,-4.033272,-79.224368,Av. Universitaria,CON_FALLECIDOS,Caida,Factores externos,22,FALLECIDO,MUJER,VEH_LIVIANO,47,FALLECIDO,HOMBRE,MOTOCICLETA,,,,
2024-01-18 03:27:21,-3.991065,-79.178359,Av. Gran Colombia,CON_LESIONADOS,Colision Multiple,Estado de embriaguez,78,LESIONADO,MUJER,MOTOCICLETA,75,LESIONADO,MUJER,OTRO,,,,
2024-09-17 01:52:44,-4.001324,-79.228165,Av. Reinaldo Espinosa,CON_LESIONADOS,Colision Multiple,Mal estado de la via,64,LESIONADO,MUJER,SCOOTER,61,LESIONADO,MUJER,SCOOTER,25,LESIONADO,NO_REGISTRA,VEH_LIVIANO
2024-12-17 21:58:13,-3.984961,-79.221756,Calle Montufar,SOLO_DANOS,Incendio,Fatiga del conductor,40,LESIONADO,HOMBRE,SCOOTER,,,,,,,,
2024-07-21 03:14:51,-3.997840,-79.215226,Calle Imbabura,CON_FALLECIDOS,Atropellamiento,Falla mecanica,84,FALLECIDO,MUJER,OTRO,42,LESIONADO,HOMBRE,OTRO,,,,
2024-10-26 09:59:04,-4.007188,-79.206836,Ruta 35,SOLO_DANOS,Incendio,Exceso de velocidad,,,,,,,,,,,,
2024-12-22 01:41:20,-3.994882,-79.221332,Calle Mercadillo,CON_LESIONADOS,Caida,Estado de embriaguez,53,LESIONADO,HOMBRE,OTRO,30,LESIONADO,NO_REGISTRA,PEATON,77,LESIONADO,HOMBRE,MOTOCICLETA
2024-01-12 07:34:47,-4.010221,-79.177804,Av. Orillas del Zamora,SOLO_DANOS,Choque Vehicular,Falla mecanica,,,,,,,,,,,,
2024-08-30 07:01:08,-3.981110,-79.181155,Calle 10 de Agosto,SOLO_DANOS,Choque Vehicular,Falla mecanica,,,,,,,,,,,,
2024-10-11 13:13:35,-4.001328,-79.188368,Calle Rocafuerte,CON_LESIONADOS,Atropellamiento,Inobservancia de senales,65,LESIONADO,MUJER,SCOOTER,62,LESIONADO,NO_REGISTRA,PEATON,25,LESIONADO,NO_REGISTRA,PEATON
2024-09-01 00:07:00,-4.024800,-79.216700,Av. Pio Jaramillo,CON_FALLECIDOS,Choque Vehicular,Equipo de seguridad deficiente,19,FALLECIDO,NO_REGISTRA,CICLISTA,33,LESIONADO,HOMBRE,CICLISTA,54,LESIONADO,MUJER,MOTOCICLETA
2024-04-10 19:04:36,-4.025822,-79.192217,Calle Saraguro,CON_FALLECIDOS,Accidente Laboral,Distraccion (celular/radio),44,FALLECIDO,HOMBRE,CICLISTA,72,FALLECIDO,NO_REGISTRA,OTRO,25,LESIONADO,MUJER,CICLISTA
2024-01-25 17:39:13,-4.005342,-79.201568,Av. Manuel Agustin Aguirre,CON_FALLECIDOS,Colision Multiple,Factores externos,36,FALLECIDO,NO_REGISTRA,CICLISTA,,,,,,,,
2024-06-27 07:33:02,-4.000489,-79.181268,Av. Cuxibamba,SOLO_DANOS,Volcamiento,Distraccion (celular/radio),,,,,,,,,,,,
2024-11-19 14:17:08,-3.995590,-79.208529,Calle 18 de Noviembre,CON_FALLECIDOS,Accidente Laboral,Visibilidad reducida,71,FALLECIDO,MUJER,PEATON,66,LESIONADO,MUJER,CICLISTA,,,,
2024-05-08 01:40:39,-3.991993,-79.225293,Calle Saraguro,CON_FALLECIDOS,Choque Vehicular,Mal estado de la via,50,FALLECIDO,MUJER,CICLISTA,57,LESIONADO,NO_REGISTRA,SCOOTER,8,LESIONADO,HOMBRE,MOTOCICLETA
2024-12-20 03:33:08,-4.031765,-79.199973,Av. Rosa Hermosa,CON_FALLECIDOS,Atropellamiento,Visibilidad reducida,76,FALLECIDO,NO_REGISTRA,MOTOCICLETA,,,,,,,,
2024-06-17 03:04:16,-3.978317,-79.223867,Via Loja - Zamora,SOLO_DANOS,Accidente Laboral,Imprudencia del conductor,74,LESIONADO,HOMBRE,VEH_LIVIANO,,,,,,,,
2024-06-18 16:21:02,-4.003201,-79.187477,Calle Rocafuerte,CON_LESIONADOS,Colision Multiple,Factores externos,43,LESIONADO,NO_REGISTRA,VEH_LIVIANO,,,,,,,,
2024-09-28 19:32:01,-4.018046,-79.215329,Av. Isidro Ayora,CON_LESIONADOS,Incendio,Via resbaladiza o mojada,64,LESIONADO,NO_REGISTRA,SCOOTER,,,,,,,,
2024-05-30 11:33:35,-4.002662,-79.182184,Calle Azogues,CON_FALLECIDOS,Caida,Visibilidad reducida,64,FALLECIDO,MUJER,VEH_LIVIANO,21,FALLECIDO,HOMBRE,CICLISTA,,,,
2024-01-10 19:47:54,-4.031876,-79.194773,Av. Gran Colombia,CON_FALLECIDOS,Caida,Fatiga del conductor,28,FALLECIDO,MUJER,SCOOTER,24,LESIONADO,NO_REGISTRA,SCOOTER,14,LESIONADO,HOMBRE,PEATON
2024-07-11 11:51:01,-4.008443,-79.187547,Av. Cuxibamba,SOLO_DANOS,Colision Multiple,Distraccion (celular/radio),,,,,,,,,,,,
2024-02-23 02:55:23,-4.034732,-79.216654,Av. Pio Jaramillo,CON_FALLECIDOS,Volcamiento,Exceso de velocidad,61,FALLECIDO,HOMBRE,OTRO,,,,,,,,
2024-04-06 06:49:32,-3.986091,-79.230556,Av. Rosa Hermosa,SOLO_DANOS,Caida,Equipo de seguridad deficiente,,,,,,,,,,,,
2024-03-16 17:25:42,-3.982657,-79.200732,Av. Metropolitana,CON_FALLECIDOS,Incendio,Mal estado de la via,52,FALLECIDO,MUJER,SCOOTER,64,LESIONADO,NO_REGISTRA,OTRO,,,,