fecha_hora,latitud,longitud,via,grado_severidad,tipo_siniestro,causa_probable,victima1_edad,victima1_condicion,victima1_sexo,victima1_actor_vial,victima2_edad,victima2_condicion,victima2_sexo,victima2_actor_vial,victima3_edad,victima3_condicion,victima3_sexo,victima3_actor_vial
2024-08-06 14:23:03,-4.008564,-79.205877,Av. Orillas del Zamora,SOLO_DANOS,Caida,Imprudencia del conductor,,,,,,,,,,,,
2024-01-16 14:53:42,-3.983905,-79.180276,Calle Sucre,CON_LESIONADOS,Colision Multiple,Visibilidad reducida,15,LESIONADO,NO_REGISTRA,SCOOTER,7,LESIONADO,HOMBRE,OTRO,49,LESIONADO,HOMBRE,SCOOTER
2024-06-07 17:15:51,-3.995661,-79.229796,Via Loja - Zamora,CON_LESIONADOS,Incendio,Mal estado de la via,71,LESIONADO,NO_REGISTRA,SCOOTER,26,LESIONADO,MUJER,CICLISTA,54,LESIONADO,MUJER,SCOOTER
2024-09-19 16:24:08,-3.982739,-79.206319,Calle Bolivar,CON_FALLECIDOS,Choque Vehicular,Via resbaladiza o mojada,78,FALLECIDO,HOMBRE,CICLISTA,75,LESIONADO,MUJER,SCOOTER,79,LESIONADO,MUJER,SCOOTER
2024-12-09 21:19:09,-3.978438,-79.189325,Av. Metropolitana,SOLO_DANOS,Volcamiento,Factores externos,,,,,,,,,,,,
2024-12-12 06:56:53,-3.986366,-79.191171,Calle Imbabura,CON_FALLECIDOS,Volcamiento,Via resbaladiza o mojada,75,FALLECIDO,MUJER,VEH_LIVIANO,21,FALLECIDO,NO_REGISTRA,PEATON,16,LESIONADO,HOMBRE,PEATON
2024-08-28 04:35:11,-4.029028,-79.223583,Av. Reinaldo Espinosa,CON_LESIONADOS,Accidente Laboral,Exceso de velocidad,76,LESIONADO,MUJER,CICLISTA,,,,,,,,
2024-06-30 02:39:58,-4.035813,-79.196917,Calle Rocafuerte,CON_LESIONADOS,Atropellamiento,Fatiga del conductor,44,LESIONADO,HOMBRE,OTRO,,,,,,,,
2024-10-26 13:32:17,-4.017781,-79.214656,Calle 10 de Agosto,SOLO_DANOS,Colision Multiple,Via resbaladiza o mojada,,,,,,,,,,,,
2024-03-31 08:18:11,-4.036160,-79.225589,Av. Orillas del Zamora,CON_LESIONADOS,Volcamiento,Visibilidad reducida,37,LESIONADO,HOMBRE,SCOOTER,9,LESIONADO,HOMBRE,PEATON,,,,
2024-09-09 10:53:04,-4.023318,-79.194805,Calle 10 de Agosto,SOLO_DANOS,Incendio,Fatiga del conductor,,,,,,,,,,,,
2024-06-22 03:36:56,-3.990866,-79.219572,Av. Pio Jaramillo,SOLO_DANOS,Atropellamiento,Exceso de velocidad,,,,,,,,,,,,
2024-02-06 02:45:16,-4.010191,-79.176324,Via Loja - Catamayo,CON_FALLECIDOS,Caida,Via resbaladiza o mojada,62,FALLECIDO,MUJER,OTRO,,,,,,,,
2024-04-06 09:17:28,-4.033787,-79.176789,Calle 10 de Agosto,CON_LESIONADOS,Caida,Distraccion (celular/radio),77,LESIONADO,NO_REGISTRA,CICLISTA,,,,,,,,
2024-07-14 03:20:30,-3.985281,-79.202996,Calle Ramon Borrero,SOLO_DANOS,Caida,Distraccion (celular/radio),,,,,,,,,,,,
2024-04-16 06:34:34,-4.026132,-79.224464,Av. Cuxibamba,CON_FALLECIDOS,Accidente Laboral,Via resbaladiza o mojada,41,FALLECIDO,NO_REGISTRA,MOTOCICLETA,63,LESIONADO,NO_REGISTRA,MOTOCICLETA,,,,
2024-12-09 19:02:41,-3.984191,-79.193768,Calle 18 de Noviembre,CON_FALLECIDOS,Caida,Fatiga del conductor,74,FALLECIDO,NO_REGISTRA,PEATON,34,FALLECIDO,NO_REGISTRA,SCOOTER,,,,
2024-06-01 21:32:17,-4.020494,-79.202146,Calle 10 de Agosto,SOLO_DANOS,Atropellamiento,Mal estado de la via,,,,,,,,,,,,
2024-11-03 07:31:15,-3.991759,-79.224322,Calle 18 de Noviembre,CON_LESIONADOS,Caida,Factores externos,44,LESIONADO,HOMBRE,MOTOCICLETA,,,,,,,,
2024-09-05 07:30:17,-4.002218,-79.194400,Calle Azogues,SOLO_DANOS,Atropellamiento,Inobservancia de senales,,,,,,,,,,,,
2024-09-02 04:35:18,-3.998961,-79.209867,Calle Colon,CON_FALLECIDOS,Colision Multiple,Inobservancia de senales,32,FALLECIDO,HOMBRE,SCOOTER,63,FALLECIDO,HOMBRE,OTRO,,,,
2024-11-13 18:36:54,-4.029562,-79.207289,Via Loja - Zamora,CON_LESIONADOS,Volcamiento,Falla mecanica,52,LESIONADO,NO_REGISTRA,VEH_LIVIANO,55,LESIONADO,NO_REGISTRA,SCOOTER,,,,
2024-09-28 07:51:42,-4.034188,-79.206077,Calle Montufar,SOLO_DANOS,Choque Vehicular,Mal estado de la via,,,,,,,,,,,,
2024-11-02 11:31:14,-4.031482,-79.218823,Via Loja - Catamayo,CON_LESIONADOS,Choque Vehicular,Via resbaladiza o mojada,12,LESIONADO,MUJER,CICLISTA,,,,,,,,
2024-03-26 06:01:47,-3.987053,-79.206828,Calle Sucre,SOLO_DANOS,Atropellamiento,Estado de embriaguez,,,,,,,,,,,,
2024-08-21 18:56:37,-4.027944,-79.183690,Calle 18 de Noviembre,CON_FALLECIDOS,Caida,Factores externos,34,FALLECIDO,HOMBRE,PEATON,51,FALLECIDO,HOMBRE,MOTOCICLETA,54,LESIONADO,NO_REGISTRA,VEH_LIVIANO
2024-05-30 18:34:55,-3.992140,-79.179019,Calle 10 de Agosto,CON_LESIONADOS,Caida,Visibilidad reducida,79,LESIONADO,MUJER,VEH_LIVIANO,,,,,,,,
2024-12-30 09:52:44,-3.994364,-79.172018,Av. Metropolitana,CON_FALLECIDOS,Incendio,Distraccion (celular/radio),54,FALLECIDO,HOMBRE,MOTOCICLETA,42,LESIONADO,MUJER,SCOOTER,,,,
2024-07-09 20:44:15,-4.000569,-79.224207,Via Loja - Catamayo,SOLO_DANOS,Caida,Via resbaladiza o mojada,,,,,,,,,,,,
2024-11-03 23:41:52,-4.011209,-79.198981,Via Loja - Zamora,CON_LESIONADOS,Caida,Falla mecanica,77,LESIONADO,MUJER,VEH_LIVIANO,,,,,,,,
2024-02-04 05:28:54,-4.026957,-79.172534,Av. Gran Colombia,CON_FALLECIDOS,Choque Vehicular,Estado de embriaguez,38,FALLECIDO,HOMBRE,CICLISTA,48,FALLECIDO,HOMBRE,VEH_LIVIANO,,,,
2024-01-23 06:11:33,-3.998675,-79.200225,Calle Quito,CON_FALLECIDOS,Accidente Laboral,Imprudencia del conductor,57,FALLECIDO,HOMBRE,MOTOCICLETA,77,LESIONADO,NO_REGISTRA,CICLISTA,,,,
2024-03-06 19:45:33,-4.004965,-79.210511,Via Loja - Zamora,SOLO_DANOS,Accidente Laboral,Exceso de velocidad,,,,,,,,,,,,
2024-01-24 18:55:16,-4.018254,-79.230273,Av. Metropolitana,CON_LESIONADOS,Incendio,Falla mecanica,53,LESIONADO,NO_REGISTRA,PEATON,41,LESIONADO,HOMBRE,SCOOTER,39,LESIONADO,MUJER,CICLISTA
2024-12-13 06:14:43,-3.981198,-79.206923,Av. Reinaldo Espinosa,CON_FALLECIDOS,Atropellamiento,Inobservancia de senales,65,FALLECIDO,MUJER,VEH_LIVIANO,65,FALLECIDO,HOMBRE,CICLISTA,42,LESIONADO,MUJER,CICLISTA
2024-05-20 17:39:54,-4.028855,-79.190701,Av. Universitaria,CON_LESIONADOS,Incendio,Distraccion (celular/radio),36,LESIONADO,MUJER,PEATON,11,LESIONADO,HOMBRE,MOTOCICLETA,,,,
2024-08-27 14:44:34,-3.981698,-79.212681,Av. Isidro Ayora,CON_LESIONADOS,Choque Vehicular,Visibilidad reducida,37,LESIONADO,HOMBRE,OTRO,11,LESIONADO,NO_REGISTRA,MOTOCICLETA,,,,
2024-05-13 08:33:42,-3.995100,-79.190178,Via Loja - Catamayo,CON_LESIONADOS,Atropellamiento,Exceso de velocidad,29,LESIONADO,HOMBRE,PEATON,,,,,,,,
2024-05-20 06:53:13,-3.999123,-79.172355,Av. Rosa Hermosa,CON_LESIONADOS,Incendio,Equipo de seguridad deficiente,63,LESIONADO,HOMBRE,PEATON,72,LESIONADO,HOMBRE,OTRO,,,,
2024-05-24 11:29:31,-4.002094,-79.176263,Av. Pio Jaramillo,CON_LESIONADOS,Atropellamiento,Exceso de velocidad,10,LESIONADO,NO_REGISTRA,VEH_LIVIANO,35,LESIONADO,NO_REGISTRA,SCOOTER,76,LESIONADO,HOMBRE,SCOOTER
2024-12-24 12:41:18,-4.000811,-79.228646,Calle 10 de Agosto,SOLO_DANOS,Incendio,Factores externos,,,,,,,,,,,,
2024-01-31 18:30:07,-4.012379,-79.229081,Av. Pio Jaramillo,CON_LESIONADOS,Accidente Laboral,Distraccion (celular/radio),26,LESIONADO,MUJER,CICLISTA,65,LESIONADO,HOMBRE,MOTOCICLETA,65,LESIONADO,NO_REGISTRA,SCOOTER
2024-03-29 08:35:54,-4.034296,-79.185226,Calle Azogues,SOLO_DANOS,Choque Vehicular,Factores externos,,,,,,,,,,,,
2024-01-28 17:17:31,-4.007023,-79.205168,Calle Imbabura,CON_FALLECIDOS,Accidente Laboral,Imprudencia del conductor,26,FALLECIDO,HOMBRE,SCOOTER,40,LESIONADO,HOMBRE,VEH_LIVIANO,64,LESIONADO,NO_REGISTRA,VEH_LIVIANO
2024-08-28 04:53:45,-4.031209,-79.192371,Via Loja - Catamayo,CON_LESIONADOS,Accidente Laboral,Via resbaladiza o mojada,32,LESIONADO,MUJER,VEH_LIVIANO,80,LESIONADO,NO_REGISTRA,CICLISTA,,,,
2024-10-13 19:50:28,-4.019470,-79.223690,Calle Miguel Riofrio,CON_FALLECIDOS,Atropellamiento,Exceso de velocidad,18,FALLECIDO,HOMBRE,SCOOTER,34,LESIONADO,HOMBRE,CICLISTA,,,,
2024-08-24 12:38:39,-4.022205,-79.216095,Av. Reinaldo Espinosa,SOLO_DANOS,Incendio,Distraccion (celular/radio),,,,,,,,,,,,
2024-01-20 03:09:51,-3.985186,-79.171509,Calle 18 de Noviembre,SOLO_DANOS,Choque Vehicular,Mal estado de la via,,,,,,,,,,,,
2024-10-06 08:36:36,-4.027603,-79.184685,Calle 10 de Agosto,SOLO_DANOS,Caida,Factores externos,,,,,,,,,,,,
2024-06-14 23:23:27,-4.015221,-79.187491,Calle Imbabura,CON_LESIONADOS,Incendio,Mal estado de la via,36,LESIONADO,NO_REGISTRA,MOTOCICLETA,,,,,,,,
2024-05-14 07:12:10,-4.036700,-79.229296,Calle Miguel Riofrio,CON_FALLECIDOS,Atropellamiento,Mal estado de la via,84,FALLECIDO,HOMBRE,CICLISTA,,,,,,,,
2024-04-04 23:06:01,-4.014131,-79.228346,Calle Colon,SOLO_DANOS,Volcamiento,Mal estado de la via,,,,,,,,,,,,
2024-10-19 06:00:49,-3.986542,-79.203580,Av. Gran Colombia,CON_LESIONADOS,Colision Multiple,Fatiga del conductor,79,LESIONADO,HOMBRE,SCOOTER,,,,,,,,
2024-07-04 00:33:52,-4.035725,-79.190809,Av. Pio Jaramillo,CON_LESIONADOS,Accidente Laboral,Imprudencia del conductor,33,LESIONADO,HOMBRE,CICLISTA,58,LESIONADO,NO_REGISTRA,VEH_LIVIANO,55,LESIONADO,MUJER,MOTOCICLETA
2024-01-31 07:11:06,-4.007816,-79.205522,Calle Colon,SOLO_DANOS,Atropellamiento,Via resbaladiza o mojada,,,,,,,,,,,,
2024-04-13 03:30:30,-4.006085,-79.224132,Via Loja - Zamora,CON_FALLECIDOS,Accidente Laboral,Visibilidad reducida,76,FALLECIDO,MUJER,VEH_LIVIANO,84,FALLECIDO,NO_REGISTRA,PEATON,,,,
2024-06-11 03:11:06,-4.029608,-79.226721,Calle Mercadillo,CON_FALLECIDOS,Volcamiento,Exceso de velocidad,53,FALLECIDO,HOMBRE,CICLISTA,59,LESIONADO,HOMBRE,SCOOTER,20,LESIONADO,HOMBRE,OTRO
2024-02-25 19:42:20,-4.001219,-79.190729,Av. Universitaria,SOLO_DANOS,Volcamiento,Distraccion (celular/radio),,,,,,,,,,,,
2024-02-12 14:30:30,-3.985275,-79.181013,Av. Reinaldo Espinosa,CON_LESIONADOS,Colision Multiple,Distraccion (celular/radio),67,LESIONADO,MUJER,CICLISTA,26,LESIONADO,MUJER,PEATON,,,,
2024-10-09 12:03:15,-4.024366,-79.230438,Via Loja - Zamora,CON_FALLECIDOS,Caida,Falla mecanica,24,FALLECIDO,HOMBRE,CICLISTA,60,FALLECIDO,HOMBRE,VEH_LIVIANO,46,LESIONADO,MUJER,PEATON
2024-01-17 02:54:30,-3.998273,-79.186584,Calle Miguel Riofrio,SOLO_DANOS,Caida,Factores externos,,,,,,,,,,,,
2024-05-25 20:17:14,-3.994589,-79.178530,Av. Orillas del Zamora,CON_LESIONADOS,Accidente Laboral,Mal estado de la via,34,LESIONADO,HOMBRE,MOTOCICLETA,,,,,,,,
2024-08-21 05:44:07,-4.036741,-79.225221,Av. Orillas del Zamora,CON_FALLECIDOS,Incendio,Estado de embriaguez,20,FALLECIDO,NO_REGISTRA,MOTOCICLETA,,,,,,,,
2024-07-25 05:40:46,-4.031380,-79.187520,Calle Mercadillo,SOLO_DANOS,Atropellamiento,Visibilidad reducida,13,LESIONADO,MUJER,MOTOCICLETA,,,,,,,,
2024-02-18 17:36:39,-4.024739,-79.214706,Av. Metropolitana,SOLO_DANOS,Atropellamiento,Inobservancia de senales,,,,,,,,,,,,
2024-07-31 16:22:54,-3.998002,-79.196995,Calle Sucre,CON_LESIONADOS,Choque Vehicular,Equipo de seguridad deficiente,15,LESIONADO,NO_REGISTRA,MOTOCICLETA,14,LESIONADO,NO_REGISTRA,SCOOTER,,,,
2024-07-17 11:08:02,-3.977268,-79.202496,Av. Universitaria,CON_LESIONADOS,Volcamiento,Mal estado de la via,48,LESIONADO,NO_REGISTRA,MOTOCICLETA,62,LESIONADO,HOMBRE,CICLISTA,,,,
2024-01-20 19:14:08,-3.993540,-79.181189,Via Loja - Catamayo,CON_LESIONADOS,Atropellamiento,Fatiga del conductor,70,LESIONADO,NO_REGISTRA,PEATON,46,LESIONADO,NO_REGISTRA,CICLISTA,,,,
2024-11-06 15:30:59,-3.989119,-79.189814,Av. 8 de Diciembre,CON_LESIONADOS,Choque Vehicular,Inobservancia de senales,5,LESIONADO,MUJER,PEATON,12,LESIONADO,NO_REGISTRA,OTRO,64,LESIONADO,MUJER,MOTOCICLETA
2024-07-11 17:36:01,-4.010840,-79.192469,Av. Cuxibamba,SOLO_DANOS,Colision Multiple,Equipo de seguridad deficiente,,,,,,,,,,,,
2024-08-04 16:43:49,-3.987012,-79.185592,Ruta 35,CON_FALLECIDOS,Atropellamiento,Distraccion (celular/radio),49,FALLECIDO,NO_REGISTRA,VEH_LIVIANO,50,FALLECIDO,HOMBRE,PEATON,12,LESIONADO,HOMBRE,CICLISTA
2024-05-11 05:33:59,-3.979014,-79.204656,Calle Colon,CON_FALLECIDOS,Caida,Estado de embriaguez,22,FALLECIDO,HOMBRE,VEH_LIVIANO,61,FALLECIDO,MUJER,CICLISTA,53,LESIONADO,NO_REGISTRA,PEATON
2024-09-17 03:25:24,-4.034839,-79.215986,Calle Ramon Borrero,CON_LESIONADOS,Atropellamiento,Equipo de seguridad deficiente,12,LESIONADO,MUJER,MOTOCICLETA,,,,,,,,
2024-09-28 05:07:04,-3.980417,-79.172670,Calle Sucre,CON_LESIONADOS,Choque Vehicular,Inobservancia de senales,52,LESIONADO,HOMBRE,VEH_LIVIANO,,,,,,,,
2024-04-28 23:33:41,-3.988294,-79.211280,Av. 8 de Diciembre,SOLO_DANOS,Incendio,Mal estado de la via,,,,,,,,,,,,
2024-04-19 10:28:43,-3.990850,-79.193740,Av. Isidro Ayora,CON_FALLECIDOS,Caida,Via resbaladiza o mojada,19,FALLECIDO,NO_REGISTRA,VEH_LIVIANO,49,FALLECIDO,NO_REGISTRA,VEH_LIVIANO,,,,
2024-02-13 06:00:45,-3.992027,-79.179293,Calle Ramon Borrero,CON_FALLECIDOS,Caida,Inobservancia de senales,28,FALLECIDO,MUJER,SCOOTER,,,,,,,,
2024-03-31 04:49:31,-3.994677,-79.200179,Av. Orillas del Zamora,SOLO_DANOS,Colision Multiple,Mal estado de la via,,,,,,,,,,,,
2024-09-07 20:45:48,-4.014451,-79.215997,Calle Azogues,CON_FALLECIDOS,Volcamiento,Factores externos,41,FALLECIDO,HOMBRE,MOTOCICLETA,69,FALLECIDO,MUJER,PEATON,44,LESIONADO,HOMBRE,SCOOTER
2024-11-18 23:27:50,-4.036289,-79.221967,Calle 10 de Agosto,CON_FALLECIDOS,Volcamiento,Visibilidad reducida,28,FALLECIDO,MUJER,SCOOTER,72,FALLECIDO,MUJER,MOTOCICLETA,,,,
2024-07-18 00:32:24,-3.981056,-79.213218,Av. Manuel Agustin Aguirre,SOLO_DANOS,Caida,Equipo de seguridad deficiente,,,,,,,,,,,,
2024-09-07 18:16:20,-4.012467,-79.172675,Calle Mercadillo,CON_LESIONADOS,Incendio,Imprudencia del conductor,59,LESIONADO,MUJER,VEH_LIVIANO,29,LESIONADO,NO_REGISTRA,PEATON,15,LESIONADO,NO_REGISTRA,CICLISTA
2024-12-27 11:45:33,-4.000963,-79.198967,Av. Universitaria,CON_LESIONADOS,Incendio,Mal estado de la via,42,LESIONADO,NO_REGISTRA,PEATON,19,LESIONADO,NO_REGISTRA,PEATON,,,,
2024-04-12 14:01:53,-4.023584,-79.182630,Av. Cuxibamba,CON_FALLECIDOS,Caida,Distraccion (celular/radio),68,FALLECIDO,HOMBRE,SCOOTER,,,,,,,,
2024-04-08 03:38:35,-3.982116,-79.207567,Av. Rosa Hermosa,CON_LESIONADOS,Choque Vehicular,Falla mecanica,59,LESIONADO,HOMBRE,PEATON,57,LESIONADO,HOMBRE,CICLISTA,,,,
2024-06-21 22:32:57,-4.015335,-79.172122,Calle Montufar,CON_LESIONADOS,Choque Vehicular,Estado de embriaguez,39,LESIONADO,NO_REGISTRA,SCOOTER,60,LESIONADO,MUJER,MOTOCICLETA,,,,
2024-12-23 17:49:02,-4.020469,-79.217319,Calle Bolivar,CON_FALLECIDOS,Choque Vehicular,Factores externos,58,FALLECIDO,HOMBRE,VEH_LIVIANO,22,FALLECIDO,NO_REGISTRA,PEATON,,,,
2024-08-16 17:38:47,-4.003405,-79.197137,Calle Rocafuerte,CON_FALLECIDOS,Incendio,Fatiga del conductor,71,FALLECIDO,MUJER,CICLISTA,54,FALLECIDO,MUJER,SCOOTER,40,LESIONADO,HOMBRE,VEH_LIVIANO
2024-09-23 12:45:48,-3.987308,-79.220113,Calle 10 de Agosto,CON_LESIONADOS,Incendio,Falla mecanica,34,LESIONADO,NO_REGISTRA,PEATON,63,LESIONADO,HOMBRE,VEH_LIVIANO,,,,
2024-04-13 18:21:31,-3.987078,-79.182920,Av. Universitaria,CON_LESIONADOS,Incendio,Fatiga del conductor,38,LESIONADO,NO_REGISTRA,PEATON,22,LESIONADO,NO_REGISTRA,OTRO,,,,
2024-07-17 08:22:10,-4.001744,-79.180147,Av. Gran Colombia,CON_LESIONADOS,Atropellamiento,Mal estado de la via,14,LESIONADO,NO_REGISTRA,CICLISTA,63,LESIONADO,HOMBRE,VEH_LIVIANO,,,,
2024-02-02 17:44:41,-3.997562,-79.180548,Calle Saraguro,SOLO_DANOS,Atropellamiento,Inobservancia de senales,30,LESIONADO,HOMBRE,MOTOCICLETA,,,,,,,,
2024-09-22 03:40:57,-3.989310,-79.199854,Calle Bolivar,CON_FALLECIDOS,Choque Vehicular,Via resbaladiza o mojada,66,FALLECIDO,HOMBRE,PEATON,34,LESIONADO,HOMBRE,PEATON,44,LESIONADO,MUJER,OTRO
2024-04-03 20:33:25,-4.025021,-79.212419,Calle Imbabura,CON_FALLECIDOS,Incendio,Imprudencia del conductor,71,FALLECIDO,MUJER,OTRO,15,LESIONADO,MUJER,SCOOTER,11,LESIONADO,MUJER,VEH_LIVIANO
2024-10-21 17:19:20,-4.023233,-79.182466,Calle Rocafuerte,CON_LESIONADOS,Atropellamiento,Mal estado de la via,11,LESIONADO,NO_REGISTRA,PEATON,54,LESIONADO,NO_REGISTRA,VEH_LIVIANO,,,,
2024-02-22 02:59:42,-3.992050,-79.184011,Av. Reinaldo Espinosa,SOLO_DANOS,Volcamiento,Mal estado de la via,,,,,,,,,,,,
2024-03-21 16:49:23,-4.018160,-79.225270,Av. Isidro Ayora,SOLO_DANOS,Caida,Exceso de velocidad,,,,,,,,,,,,
2024-09-29 16:50:56,-4.019511,-79.230342,Av. Gran Colombia,CON_FALLECIDOS,Colision Multiple,Via resbaladiza o mojada,31,FALLECIDO,MUJER,PEATON,55,FALLECIDO,NO_REGISTRA,MOTOCICLETA,28,LESIONADO,NO_REGISTRA,SCOOTER
2024-08-17 06:03:54,-4.001937,-79.216414,Calle Ramon Borrero,CON_LESIONADOS,Colision Multiple,Distraccion (celular/radio),38,LESIONADO,HOMBRE,PEATON,,,,,,,,
2024-02-11 04:15:29,-3.977356,-79.221124,Via Loja - Zamora,CON_FALLECIDOS,Caida,Inobservancia de senales,71,FALLECIDO,HOMBRE,VEH_LIVIANO,,,,,,,,
2024-10-08 16:00:10,-3.985379,-79.186571,Av. 8 de Diciembre,CON_LESIONADOS,Volcamiento,Imprudencia del conductor,51,LESIONADO,NO_REGISTRA,VEH_LIVIANO,20,LESIONADO,MUJER,SCOOTER,9,LESIONADO,NO_REGISTRA,CICLISTA
2024-10-01 18:45:06,-4.004761,-79.187605,Av. Universitaria,CON_FALLECIDOS,Caida,Estado de embriaguez,44,FALLECIDO,MUJER,SCOOTER,58,LESIONADO,MUJER,CICLISTA,,,,
2024-12-31 01:09:48,-4.013948,-79.191797,Av. Rosa Hermosa,CON_LESIONADOS,Atropellamiento,Exceso de velocidad,32,LESIONADO,NO_REGISTRA,MOTOCICLETA,,,,,,,,
2024-06-16 08:09:29,-4.011279,-79.203018,Calle 10 de Agosto,SOLO_DANOS,Caida,Exceso de velocidad,,,,,,,,,,,,
2024-09-08 05:05:39,-4.016336,-79.217985,Calle Bolivar,CON_LESIONADOS,Accidente Laboral,Factores externos,77,LESIONADO,HOMBRE,MOTOCICLETA,32,LESIONADO,NO_REGISTRA,PEATON,,,,
2024-07-21 15:57:12,-4.035028,-79.191727,Calle Azogues,SOLO_DANOS,Volcamiento,Falla mecanica,,,,,,,,,,,,
2024-03-12 09:47:14,-4.031725,-79.224090,Calle Mercadillo,SOLO_DANOS,Accidente Laboral,Factores externos,,,,,,,,,,,,
2024-05-19 17:44:03,-3.993832,-79.206841,Calle Sucre,CON_FALLECIDOS,Accidente Laboral,Exceso de velocidad,35,FALLECIDO,MUJER,VEH_LIVIANO,72,FALLECIDO,MUJER,VEH_LIVIANO,6,LESIONADO,NO_REGISTRA,MOTOCICLETA
2024-04-28 22:40:41,-3.979466,-79.192230,Via Loja - Catamayo,SOLO_DANOS,Volcamiento,Imprudencia del conductor,,,,,,,,,,,,
2024-01-02 06:28:10,-4.029451,-79.182519,Calle Bolivar,CON_LESIONADOS,Atropellamiento,Exceso de velocidad,30,LESIONADO,HOMBRE,PEATON,,,,,,,,
2024-12-11 19:39:59,-3.986667,-79.218932,Calle 18 de Noviembre,SOLO_DANOS,Volcamiento,Equipo de seguridad deficiente,60,LESIONADO,MUJER,SCOOTER,,,,,,,,
2024-06-24 23:21:13,-4.001389,-79.172108,Calle Sucre,SOLO_DANOS,Choque Vehicular,Falla mecanica,,,,,,,,,,,,
2024-03-24 09:16:18,-3.998142,-79.208598,Via Loja - Zamora,SOLO_DANOS,Incendio,Fatiga del conductor,18,LESIONADO,HOMBRE,SCOOTER,,,,,,,,
2024-08-02 21:55:46,-4.030163,-79.196137,Calle Colon,CON_FALLECIDOS,Caida,Exceso de velocidad,25,FALLECIDO,NO_REGISTRA,MOTOCICLETA,52,FALLECIDO,MUJER,SCOOTER,,,,
2024-06-05 19:15:32,-4.022252,-79.219258,Av. Gran Colombia,CON_FALLECIDOS,Colision Multiple,Factores externos,44,FALLECIDO,HOMBRE,SCOOTER,29,FALLECIDO,MUJER,MOTOCICLETA,,,,
2024-12-19 11:26:16,-4.031690,-79.197128,Calle Azogues,CON_FALLECIDOS,Colision Multiple,Exceso de velocidad,68,FALLECIDO,MUJER,MOTOCICLETA,,,,,,,,
2024-07-07 17:51:15,-4.010856,-79.198466,Av. Universitaria,SOLO_DANOS,Choque Vehicular,Estado de embriaguez,,,,,,,,,,,,
2024-10-14 21:59:51,-4.027047,-79.196534,Calle Montufar,CON_LESIONADOS,Choque Vehicular,Imprudencia del conductor,74,LESIONADO,NO_REGISTRA,VEH_LIVIANO,59,LESIONADO,NO_REGISTRA,SCOOTER,30,LESIONADO,NO_REGISTRA,SCOOTER
2024-09-18 03:33:11,-3.988506,-79.178360,Calle Saraguro,SOLO_DANOS,Atropellamiento,Fatiga del conductor,,,,,,,,,,,,
2024-08-04 10:03:18,-3.986557,-79.180340,Calle Sucre,CON_LESIONADOS,Choque Vehicular,Estado de embriaguez,36,LESIONADO,NO_REGISTRA,VEH_LIVIANO,25,LESIONADO,NO_REGISTRA,MOTOCICLETA,,,,
2024-10-03 04:15:44,-3.978990,-79.193045,Av. Rosa Hermosa,SOLO_DANOS,Accidente Laboral,Via resbaladiza o mojada,,,,,,,,,,,,
2024-04-22 15:42:07,-3.987553,-79.194782,Av. Metropolitana,CON_FALLECIDOS,Volcamiento,Equipo de seguridad deficiente,56,FALLECIDO,HOMBRE,VEH_LIVIANO,60,FALLECIDO,MUJER,SCOOTER,24,LESIONADO,MUJER,OTRO
2024-06-05 00:24:01,-4.001256,-79.171135,Calle Montufar,SOLO_DANOS,Volcamiento,Mal estado de la via,,,,,,,,,,,,
2024-02-26 18:35:45,-4.024649,-79.218129,Calle Sucre,SOLO_DANOS,Caida,Via resbaladiza o mojada,22,LESIONADO,NO_REGISTRA,MOTOCICLETA,,,,,,,,
2024-10-23 15:15:30,-4.008389,-79.205424,Av. Cuxibamba,CON_LESIONADOS,Atropellamiento,Mal estado de la via,76,LESIONADO,HOMBRE,VEH_LIVIANO,61,LESIONADO,NO_REGISTRA,CICLISTA,70,LESIONADO,NO_REGISTRA,CICLISTA
2024-03-13 10:26:50,-3.993196,-79.174434,Av. Reinaldo Espinosa,CON_LESIONADOS,Choque Vehicular,Falla mecanica,32,LESIONADO,MUJER,SCOOTER,55,LESIONADO,MUJER,SCOOTER,53,LESIONADO,HOMBRE,SCOOTER
2024-11-01 17:37:21,-3.977447,-79.179274,Calle 10 de Agosto,CON_FALLECIDOS,Accidente Laboral,Inobservancia de senales,64,FALLECIDO,NO_REGISTRA,VEH_LIVIANO,61,FALLECIDO,NO_REGISTRA,VEH_LIVIANO,12,LESIONADO,MUJER,MOTOCICLETA
2024-01-05 10:12:42,-3.989959,-79.228333,Av. Orillas del Zamora,SOLO_DANOS,Volcamiento,Visibilidad reducida,7,LESIONADO,NO_REGISTRA,SCOOTER,,,,,,,,
2024-01-23 11:13:05,-3.983712,-79.203338,Av. Cuxibamba,SOLO_DANOS,Choque Vehicular,Distraccion (celular/radio),,,,,,,,,,,,
2024-09-12 17:34:19,-3.985158,-79.203705,Calle Rocafuerte,CON_LESIONADOS,Incendio,Distraccion (celular/radio),46,LESIONADO,NO_REGISTRA,OTRO,13,LESIONADO,NO_REGISTRA,OTRO,,,,
2024-07-08 12:54:28,-4.018842,-79.197746,Via Loja - Catamayo,SOLO_DANOS,Incendio,Inobservancia de senales,,,,,,,,,,,,