fecha_hora,latitud,longitud,via,grado_severidad,tipo_siniestro,causa_probable,victima1_edad,victima1_condicion,victima1_sexo,victima1_actor_vial,victima2_edad,victima2_condicion,victima2_sexo,victima2_actor_vial,victima3_edad,victima3_condicion,victima3_sexo,victima3_actor_vial
2024-05-11 12:05:16,-4.023059,-79.206544,Calle Quito,SOLO_DANOS,Accidente Laboral,Falla mecanica,,,,,,,,,,,,
2024-06-11 23:15:05,-4.018062,-79.216135,Calle Colon,CON_LESIONADOS,Accidente Laboral,Falla mecanica,35,LESIONADO,NO_REGISTRA,MOTOCICLETA,51,LESIONADO,HOMBRE,SCOOTER,,,,
2024-02-24 14:20:37,-4.031693,-79.199286,Av. Isidro Ayora,SOLO_DANOS,Choque Vehicular,Falla mecanica,,,,,,,,,,,,
2024-01-11 19:37:44,-4.009733,-79.175554,Calle 10 de Agosto,CON_FALLECIDOS,Accidente Laboral,Factores externos,19,FALLECIDO,MUJER,MOTOCICLETA,49,LESIONADO,MUJER,CICLISTA,55,LESIONADO,HOMBRE,SCOOTER
2024-02-07 00:10:18,-3.998756,-79.209224,Av. Orillas del Zamora,CON_LESIONADOS,Atropellamiento,Inobservancia de senales,69,LESIONADO,HOMBRE,OTRO,,,,,,,,
2024-04-28 05:00:09,-4.019707,-79.199729,Av. Orillas del Zamora,CON_FALLECIDOS,Atropellamiento,Inobservancia de senales,48,FALLECIDO,HOMBRE,SCOOTER,28,FALLECIDO,MUJER,MOTOCICLETA,71,LESIONADO,NO_REGISTRA,MOTOCICLETA
2024-08-23 08:35:27,-4.025740,-79.172349,Calle 10 de Agosto,SOLO_DANOS,Incendio,Falla mecanica,,,,,,,,,,,,
2024-05-23 06:09:27,-4.027710,-79.224564,Calle Montufar,SOLO_DANOS,Atropellamiento,Estado de embriaguez,58,LESIONADO,NO_REGISTRA,SCOOTER,,,,,,,,
2024-07-20 10:11:55,-3.984565,-79.188810,Av. Pio Jaramillo,CON_FALLECIDOS,Colision Multiple,Distraccion (celular/radio),42,FALLECIDO,HOMBRE,MOTOCICLETA,77,FALLECIDO,HOMBRE,SCOOTER,42,LESIONADO,HOMBRE,PEATON
2024-01-26 11:03:55,-4.016793,-79.211014,Av. Reinaldo Espinosa,SOLO_DANOS,Colision Multiple,Equipo de seguridad deficiente,,,,,,,,,,,,
2024-04-06 05:36:49,-3.991358,-79.216581,Av. Pio Jaramillo,SOLO_DANOS,Colision Multiple,Fatiga del conductor,,,,,,,,,,,,
2024-09-01 10:22:42,-4.003141,-79.186042,Av. Orillas del Zamora,CON_FALLECIDOS,Colision Multiple,Falla mecanica,37,FALLECIDO,HOMBRE,OTRO,54,FALLECIDO,HOMBRE,SCOOTER,74,LESIONADO,HOMBRE,VEH_LIVIANO
2024-05-10 23:09:15,-4.023939,-79.200387,Calle 18 de Noviembre,CON_LESIONADOS,Accidente Laboral,Imprudencia del conductor,37,LESIONADO,HOMBRE,SCOOTER,22,LESIONADO,MUJER,VEH_LIVIANO,37,LESIONADO,MUJER,SCOOTER
2024-03-14 17:51:56,-4.023392,-79.225949,Av. Gran Colombia,CON_LESIONADOS,Accidente Laboral,Equipo de seguridad deficiente,17,LESIONADO,MUJER,CICLISTA,,,,,,,,
2024-02-07 08:01:51,-3.985011,-79.177849,Calle Ramon Borrero,CON_LESIONADOS,Caida,Fatiga del conductor,59,LESIONADO,NO_REGISTRA,MOTOCICLETA,17,LESIONADO,NO_REGISTRA,SCOOTER,,,,
2024-11-14 15:53:12,-3.994882,-79.183828,Av. Rosa Hermosa,SOLO_DANOS,Volcamiento,Inobservancia de senales,,,,,,,,,,,,
2024-03-01 14:02:55,-4.017256,-79.171531,Calle Rocafuerte,SOLO_DANOS,Incendio,Equipo de seguridad deficiente,,,,,,,,,,,,
2024-04-11 01:57:43,-4.016850,-79.195375,Via Loja - Zamora,CON_FALLECIDOS,Colision Multiple,Equipo de seguridad deficiente,25,FALLECIDO,MUJER,OTRO,25,FALLECIDO,MUJER,VEH_LIVIANO,8,LESIONADO,NO_REGISTRA,MOTOCICLETA
2024-08-11 21:19:35,-4.009767,-79.198581,Calle Ramon Borrero,CON_FALLECIDOS,Caida,Estado de embriaguez,60,FALLECIDO,MUJER,CICLISTA,36,LESIONADO,HOMBRE,CICLISTA,64,LESIONADO,NO_REGISTRA,SCOOTER
2024-07-13 17:50:56,-4.030732,-79.213938,Av. Gran Colombia,SOLO_DANOS,Volcamiento,Visibilidad reducida,,,,,,,,,,,,
2024-01-06 09:58:39,-3.987022,-79.201940,Av. Isidro Ayora,SOLO_DANOS,Accidente Laboral,Via resbaladiza o mojada,,,,,,,,,,,,
2024-04-11 10:14:55,-4.016016,-79.200035,Av. Metropolitana,SOLO_DANOS,Accidente Laboral,Exceso de velocidad,60,LESIONADO,NO_REGISTRA,SCOOTER,,,,,,,,
2024-05-31 17:00:45,-3.981971,-79.184251,Via Loja - Zamora,SOLO_DANOS,Accidente Laboral,Mal estado de la via,,,,,,,,,,,,
2024-11-02 13:08:58,-3.998638,-79.195002,Av. Orillas del Zamora,SOLO_DANOS,Choque Vehicular,Equipo de seguridad deficiente,,,,,,,,,,,,
2024-02-11 16:43:16,-4.014366,-79.211993,Calle Quito,SOLO_DANOS,Caida,Imprudencia del conductor,,,,,,,,,,,,
2024-04-24 00:11:52,-4.025640,-79.203760,Av. Gran Colombia,CON_LESIONADOS,Accidente Laboral,Fatiga del conductor,63,LESIONADO,MUJER,MOTOCICLETA,9,LESIONADO,HOMBRE,MOTOCICLETA,,,,
2024-03-03 03:39:51,-4.003499,-79.203994,Av. Isidro Ayora,SOLO_DANOS,Atropellamiento,Imprudencia del conductor,,,,,,,,,,,,
2024-02-19 12:54:54,-3.992314,-79.215406,Av. Metropolitana,CON_FALLECIDOS,Caida,Distraccion (celular/radio),78,FALLECIDO,HOMBRE,MOTOCICLETA,,,,,,,,
2024-11-08 23:18:17,-4.027460,-79.176762,Calle Sucre,CON_LESIONADOS,Volcamiento,Distraccion (celular/radio),13,LESIONADO,MUJER,MOTOCICLETA,22,LESIONADO,MUJER,SCOOTER,74,LESIONADO,NO_REGISTRA,OTRO
2024-09-29 18:57:13,-4.003606,-79.184333,Av. Isidro Ayora,CON_LESIONADOS,Choque Vehicular,Falla mecanica,53,LESIONADO,HOMBRE,SCOOTER,55,LESIONADO,MUJER,MOTOCICLETA,,,,
2024-07-14 22:19:18,-3.991354,-79.217941,Via Loja - Catamayo,CON_LESIONADOS,Choque Vehicular,Mal estado de la via,19,LESIONADO,NO_REGISTRA,PEATON,57,LESIONADO,NO_REGISTRA,MOTOCICLETA,64,LESIONADO,NO_REGISTRA,OTRO
2024-01-19 12:46:57,-4.016628,-79.186175,Calle Azogues,CON_LESIONADOS,Choque Vehicular,Distraccion (celular/radio),27,LESIONADO,NO_REGISTRA,SCOOTER,,,,,,,,
2024-04-03 07:11:20,-4.010605,-79.185581,Av. Reinaldo Espinosa,CON_FALLECIDOS,Colision Multiple,Exceso de velocidad,38,FALLECIDO,HOMBRE,SCOOTER,20,FALLECIDO,HOMBRE,VEH_LIVIANO,29,LESIONADO,NO_REGISTRA,OTRO
2024-08-17 11:09:16,-4.010657,-79.182265,Av. Universitaria,CON_LESIONADOS,Colision Multiple,Imprudencia del conductor,41,LESIONADO,MUJER,CICLISTA,47,LESIONADO,HOMBRE,VEH_LIVIANO,,,,
2024-05-30 18:32:46,-3.990969,-79.207539,Calle Colon,SOLO_DANOS,Accidente Laboral,Equipo de seguridad deficiente,,,,,,,,,,,,
2024-05-22 08:58:45,-4.023738,-79.185385,Av. Manuel Agustin Aguirre,CON_FALLECIDOS,Incendio,Factores externos,45,FALLECIDO,MUJER,VEH_LIVIANO,45,FALLECIDO,NO_REGISTRA,PEATON,,,,
2024-01-06 18:29:07,-4.035570,-79.204275,Av. 8 de Diciembre,CON_LESIONADOS,Colision Multiple,Estado de embriaguez,26,LESIONADO,MUJER,VEH_LIVIANO,,,,,,,,
2024-06-27 20:58:11,-3.989766,-79.191058,Av. Orillas del Zamora,CON_LESIONADOS,Atropellamiento,Falla mecanica,69,LESIONADO,MUJER,MOTOCICLETA,49,LESIONADO,NO_REGISTRA,CICLISTA,,,,
2024-10-12 15:05:59,-3.983544,-79.189235,Calle Montufar,SOLO_DANOS,Colision Multiple,Estado de embriaguez,,,,,,,,,,,,
2024-05-05 09:01:01,-4.003673,-79.226230,Calle Azogues,CON_FALLECIDOS,Incendio,Factores externos,40,FALLECIDO,MUJER,VEH_LIVIANO,21,FALLECIDO,MUJER,SCOOTER,26,LESIONADO,MUJER,VEH_LIVIANO
2024-01-26 21:14:57,-3.986240,-79.191635,Av. Orillas del Zamora,CON_FALLECIDOS,Incendio,Imprudencia del conductor,85,FALLECIDO,NO_REGISTRA,CICLISTA,36,FALLECIDO,NO_REGISTRA,SCOOTER,,,,
2024-10-10 15:36:53,-4.008362,-79.224049,Calle Rocafuerte,SOLO_DANOS,Choque Vehicular,Fatiga del conductor,,,,,,,,,,,,
2024-02-29 00:20:13,-3.999564,-79.201538,Av. Manuel Agustin Aguirre,SOLO_DANOS,Accidente Laboral,Equipo de seguridad deficiente,,,,,,,,,,,,
2024-01-29 20:31:27,-3.988520,-79.222651,Av. Universitaria,CON_FALLECIDOS,Volcamiento,Factores externos,32,FALLECIDO,MUJER,SCOOTER,42,FALLECIDO,HOMBRE,SCOOTER,40,LESIONADO,MUJER,CICLISTA
2024-03-10 16:25:02,-3.978958,-79.192169,Calle Mercadillo,CON_FALLECIDOS,Colision Multiple,Factores externos,75,FALLECIDO,NO_REGISTRA,SCOOTER,,,,,,,,
2024-08-23 06:09:42,-3.987795,-79.173506,Av. Universitaria,CON_FALLECIDOS,Accidente Laboral,Imprudencia del conductor,49,FALLECIDO,HOMBRE,MOTOCICLETA,61,FALLECIDO,NO_REGISTRA,SCOOTER,26,LESIONADO,HOMBRE,MOTOCICLETA
2024-11-03 05:00:23,-4.029775,-79.209183,Calle Miguel Riofrio,CON_FALLECIDOS,Choque Vehicular,Distraccion (celular/radio),45,FALLECIDO,NO_REGISTRA,OTRO,38,LESIONADO,MUJER,OTRO,60,LESIONADO,NO_REGISTRA,OTRO
2024-03-21 11:53:21,-3.993770,-79.209999,Av. Rosa Hermosa,CON_FALLECIDOS,Choque Vehicular,Exceso de velocidad,64,FALLECIDO,HOMBRE,PEATON,44,FALLECIDO,NO_REGISTRA,MOTOCICLETA,,,,
2024-09-28 09:17:00,-4.016504,-79.194325,Calle Imbabura,CON_LESIONADOS,Caida,Mal estado de la via,35,LESIONADO,MUJER,VEH_LIVIANO,,,,,,,,
2024-06-26 12:11:22,-3.995353,-79.209040,Av. Isidro Ayora,SOLO_DANOS,Colision Multiple,Distraccion (celular/radio),18,LESIONADO,HOMBRE,OTRO,,,,,,,,
2024-12-07 18:09:09,-4.014537,-79.190807,Calle Imbabura,CON_LESIONADOS,Incendio,Estado de embriaguez,10,LESIONADO,HOMBRE,MOTOCICLETA,47,LESIONADO,MUJER,CICLISTA,31,LESIONADO,MUJER,PEATON
2024-03-14 07:26:28,-4.028634,-79.207181,Calle 18 de Noviembre,CON_FALLECIDOS,Accidente Laboral,Factores externos,33,FALLECIDO,HOMBRE,VEH_LIVIANO,35,LESIONADO,NO_REGISTRA,CICLISTA,,,,
2024-02-07 08:04:32,-3.990069,-79.189315,Calle Sucre,CON_LESIONADOS,Choque Vehicular,Factores externos,72,LESIONADO,HOMBRE,VEH_LIVIANO,80,LESIONADO,NO_REGISTRA,PEATON,,,,
2024-04-17 17:07:56,-3.978605,-79.227702,Via Loja - Zamora,SOLO_DANOS,Accidente Laboral,Distraccion (celular/radio),,,,,,,,,,,,
2024-02-20 20:31:27,-4.008066,-79.188056,Calle 18 de Noviembre,SOLO_DANOS,Choque Vehicular,Visibilidad reducida,,,,,,,,,,,,
2024-08-23 06:59:20,-4.034048,-79.197125,Calle Sucre,CON_LESIONADOS,Atropellamiento,Fatiga del conductor,80,LESIONADO,MUJER,CICLISTA,,,,,,,,
2024-01-22 14:25:26,-3.981629,-79.213123,Av. Manuel Agustin Aguirre,CON_FALLECIDOS,Choque Vehicular,Distraccion (celular/radio),31,FALLECIDO,HOMBRE,PEATON,68,LESIONADO,HOMBRE,SCOOTER,,,,
2024-07-12 02:33:34,-4.005353,-79.193419,Av. Gran Colombia,CON_LESIONADOS,Colision Multiple,Falla mecanica,58,LESIONADO,MUJER,OTRO,38,LESIONADO,HOMBRE,PEATON,58,LESIONADO,MUJER,CICLISTA
2024-08-20 08:11:45,-4.031878,-79.212263,Av. Cuxibamba,SOLO_DANOS,Incendio,Inobservancia de senales,,,,,,,,,,,,
2024-07-04 10:21:55,-3.990816,-79.175119,Av. Rosa Hermosa,SOLO_DANOS,Caida,Equipo de seguridad deficiente,,,,,,,,,,,,
2024-07-01 20:25:29,-4.000838,-79.190459,Av. Isidro Ayora,CON_LESIONADOS,Caida,Equipo de seguridad deficiente,74,LESIONADO,NO_REGISTRA,MOTOCICLETA,15,LESIONADO,NO_REGISTRA,PEATON,37,LESIONADO,MUJER,SCOOTER
2024-03-24 08:58:46,-4.023031,-79.228033,Calle 18 de Noviembre,CON_FALLECIDOS,Volcamiento,Via resbaladiza o mojada,23,FALLECIDO,MUJER,MOTOCICLETA,73,FALLECIDO,HOMBRE,SCOOTER,40,LESIONADO,HOMBRE,VEH_LIVIANO
2024-02-29 09:15:47,-4.033338,-79.199334,Calle Ramon Borrero,SOLO_DANOS,Volcamiento,Imprudencia del conductor,,,,,,,,,,,,
2024-12-03 06:15:51,-4.025214,-79.172786,Ruta 35,CON_FALLECIDOS,Volcamiento,Factores externos,83,FALLECIDO,HOMBRE,PEATON,55,FALLECIDO,NO_REGISTRA,CICLISTA,,,,
2024-10-11 15:30:01,-4.018068,-79.201057,Calle Imbabura,CON_LESIONADOS,Accidente Laboral,Visibilidad reducida,59,LESIONADO,MUJER,MOTOCICLETA,70,LESIONADO,HOMBRE,VEH_LIVIANO,,,,
2024-05-13 02:56:22,-3.979869,-79.171114,Av. Pio Jaramillo,CON_FALLECIDOS,Atropellamiento,Equipo de seguridad deficiente,82,FALLECIDO,MUJER,CICLISTA,23,FALLECIDO,MUJER,MOTOCICLETA,62,LESIONADO,MUJER,PEATON
2024-12-21 13:11:26,-3.992687,-79.214055,Calle 18 de Noviembre,CON_LESIONADOS,Volcamiento,Estado de embriaguez,57,LESIONADO,MUJER,VEH_LIVIANO,52,LESIONADO,MUJER,VEH_LIVIANO,,,,
2024-10-28 18:48:28,-4.010518,-79.175680,Calle Rocafuerte,SOLO_DANOS,Choque Vehicular,Imprudencia del conductor,,,,,,,,,,,,
2024-12-30 09:15:49,-4.011027,-79.175466,Calle 18 de Noviembre,CON_LESIONADOS,Incendio,Imprudencia del conductor,33,LESIONADO,MUJER,OTRO,28,LESIONADO,HOMBRE,SCOOTER,50,LESIONADO,NO_REGISTRA,OTRO
2024-08-27 23:25:29,-3.984181,-79.195563,Av. Universitaria,CON_LESIONADOS,Accidente Laboral,Inobservancia de senales,6,LESIONADO,NO_REGISTRA,OTRO,14,LESIONADO,NO_REGISTRA,SCOOTER,21,LESIONADO,MUJER,PEATON
2024-02-14 23:53:25,-3.983144,-79.206769,Calle Colon,CON_FALLECIDOS,Caida,Equipo de seguridad deficiente,30,FALLECIDO,HOMBRE,OTRO,79,LESIONADO,NO_REGISTRA,PEATON,,,,
2024-08-01 15:58:10,-3.979835,-79.195767,Av. Rosa Hermosa,SOLO_DANOS,Colision Multiple,Exceso de velocidad,,,,,,,,,,,,
2024-03-06 07:38:21,-4.010455,-79.185094,Calle Rocafuerte,SOLO_DANOS,Accidente Laboral,Visibilidad reducida,,,,,,,,,,,,
2024-07-12 16:43:05,-3.996520,-79.218925,Via Loja - Catamayo,SOLO_DANOS,Atropellamiento,Falla mecanica,,,,,,,,,,,,
2024-10-11 23:58:04,-3.981939,-79.177342,Av. Metropolitana,SOLO_DANOS,Incendio,Fatiga del conductor,,,,,,,,,,,,
2024-08-11 08:04:37,-4.016691,-79.184999,Av. Manuel Agustin Aguirre,SOLO_DANOS,Atropellamiento,Falla mecanica,,,,,,,,,,,,
2024-06-18 08:11:07,-3.994871,-79.222792,Calle Mercadillo,CON_FALLECIDOS,Accidente Laboral,Imprudencia del conductor,81,FALLECIDO,MUJER,SCOOTER,35,LESIONADO,NO_REGISTRA,MOTOCICLETA,,,,
2024-05-12 05:13:53,-4.036379,-79.216373,Calle Sucre,SOLO_DANOS,Choque Vehicular,Inobservancia de senales,,,,,,,,,,,,
2024-04-07 03:36:31,-4.017866,-79.186357,Calle Quito,CON_LESIONADOS,Incendio,Equipo de seguridad deficiente,77,LESIONADO,NO_REGISTRA,PEATON,31,LESIONADO,MUJER,PEATON,80,LESIONADO,NO_REGISTRA,CICLISTA
2024-01-19 14:49:39,-4.023422,-79.200837,Via Loja - Zamora,CON_LESIONADOS,Incendio,Inobservancia de senales,17,LESIONADO,NO_REGISTRA,PEATON,69,LESIONADO,NO_REGISTRA,VEH_LIVIANO,,,,
2024-07-13 12:57:24,-3.985539,-79.203024,Av. 8 de Diciembre,SOLO_DANOS,Incendio,Falla mecanica,,,,,,,,,,,,
2024-12-05 01:38:44,-3.982723,-79.197390,Calle Saraguro,CON_FALLECIDOS,Incendio,Mal estado de la via,21,FALLECIDO,MUJER,SCOOTER,26,FALLECIDO,MUJER,SCOOTER,,,,
2024-09-12 01:34:42,-3.989860,-79.203184,Calle Montufar,SOLO_DANOS,Atropellamiento,Exceso de velocidad,7,LESIONADO,MUJER,VEH_LIVIANO,,,,,,,,
2024-01-21 21:18:20,-4.027144,-79.197533,Calle Montufar,CON_FALLECIDOS,Volcamiento,Distraccion (celular/radio),32,FALLECIDO,NO_REGISTRA,MOTOCICLETA,82,FALLECIDO,HOMBRE,CICLISTA,18,LESIONADO,HOMBRE,PEATON
2024-10-11 01:12:50,-3.989530,-79.204334,Av. Isidro Ayora,SOLO_DANOS,Accidente Laboral,Estado de embriaguez,,,,,,,,,,,,
2024-06-15 20:06:59,-4.027421,-79.198504,Av. Manuel Agustin Aguirre,SOLO_DANOS,Caida,Imprudencia del conductor,19,LESIONADO,NO_REGISTRA,MOTOCICLETA,,,,,,,,
2024-10-24 07:08:01,-3.984461,-79.212697,Calle Miguel Riofrio,SOLO_DANOS,Incendio,Factores externos,,,,,,,,,,,,
2024-03-11 11:11:22,-3.997247,-79.208060,Calle 18 de Noviembre,SOLO_DANOS,Atropellamiento,Inobservancia de senales,,,,,,,,,,,,
2024-07-07 02:03:36,-3.998424,-79.228340,Av. Isidro Ayora,SOLO_DANOS,Colision Multiple,Estado de embriaguez,,,,,,,,,,,,
2024-12-20 03:42:43,-3.994885,-79.230154,Via Loja - Catamayo,SOLO_DANOS,Choque Vehicular,Visibilidad reducida,,,,,,,,,,,,
2024-07-21 13:31:17,-4.033017,-79.175414,Av. Gran Colombia,CON_FALLECIDOS,Accidente Laboral,Via resbaladiza o mojada,45,FALLECIDO,NO_REGISTRA,CICLISTA,42,FALLECIDO,HOMBRE,PEATON,54,LESIONADO,MUJER,PEATON
2024-01-06 20:48:30,-3.998255,-79.206211,Av. Manuel Agustin Aguirre,CON_FALLECIDOS,Atropellamiento,Distraccion (celular/radio),51,FALLECIDO,HOMBRE,PEATON,,,,,,,,
2024-12-15 07:33:29,-4.035244,-79.177354,Calle Azogues,CON_FALLECIDOS,Accidente Laboral,Falla mecanica,65,FALLECIDO,MUJER,CICLISTA,65,LESIONADO,MUJER,CICLISTA,65,LESIONADO,MUJER,PEATON
2024-04-05 08:34:00,-3.987985,-79.202022,Calle Ramon Borrero,CON_FALLECIDOS,Caida,Estado de embriaguez,83,FALLECIDO,NO_REGISTRA,CICLISTA,42,FALLECIDO,MUJER,MOTOCICLETA,28,LESIONADO,MUJER,CICLISTA
2024-03-19 10:39:10,-4.017442,-79.229257,Calle Mercadillo,CON_FALLECIDOS,Incendio,Equipo de seguridad deficiente,18,FALLECIDO,NO_REGISTRA,PEATON,26,FALLECIDO,MUJER,SCOOTER,29,LESIONADO,HOMBRE,PEATON
2024-03-23 07:57:54,-4.004267,-79.202877,Av. Gran Colombia,CON_FALLECIDOS,Incendio,Via resbaladiza o mojada,30,FALLECIDO,HOMBRE,VEH_LIVIANO,16,LESIONADO,HOMBRE,CICLISTA,48,LESIONADO,MUJER,VEH_LIVIANO
2024-01-01 08:30:52,-3.987027,-79.214600,Calle Azogues,SOLO_DANOS,Caida,Via resbaladiza o mojada,32,LESIONADO,HOMBRE,OTRO,,,,,,,,
2024-12-16 14:40:46,-4.030374,-79.206255,Via Loja - Catamayo,SOLO_DANOS,Choque Vehicular,Inobservancia de senales,,,,,,,,,,,,
2024-12-09 11:37:16,-3.991179,-79.197244,Av. Universitaria,CON_FALLECIDOS,Volcamiento,Inobservancia de senales,60,FALLECIDO,NO_REGISTRA,MOTOCICLETA,,,,,,,,
2024-06-11 15:26:10,-4.014367,-79.202202,Via Loja - Zamora,CON_LESIONADOS,Accidente Laboral,Exceso de velocidad,78,LESIONADO,MUJER,VEH_LIVIANO,12,LESIONADO,MUJER,MOTOCICLETA,77,LESIONADO,HOMBRE,MOTOCICLETA
2024-09-13 23:49:29,-4.033202,-79.228444,Calle 10 de Agosto,SOLO_DANOS,Accidente Laboral,Estado de embriaguez,,,,,,,,,,,,
2024-07-04 00:55:26,-4.005283,-79.192049,Av. Universitaria,CON_LESIONADOS,Incendio,Inobservancia de senales,9,LESIONADO,HOMBRE,SCOOTER,28,LESIONADO,HOMBRE,CICLISTA,69,LESIONADO,NO_REGISTRA,MOTOCICLETA
2024-09-20 08:56:57,-4.000005,-79.197672,Av. Isidro Ayora,CON_LESIONADOS,Accidente Laboral,Visibilidad reducida,53,LESIONADO,NO_REGISTRA,PEATON,49,LESIONADO,HOMBRE,VEH_LIVIANO,,,,
2024-07-28 18:40:18,-4.013524,-79.190556,Calle Quito,SOLO_DANOS,Volcamiento,Equipo de seguridad deficiente,,,,,,,,,,,,
2024-01-01 17:16:49,-4.018310,-79.203755,Via Loja - Zamora,CON_LESIONADOS,Colision Multiple,Mal estado de la via,52,LESIONADO,HOMBRE,PEATON,50,LESIONADO,NO_REGISTRA,PEATON,,,,
2024-07-25 18:23:56,-4.005226,-79.226567,Av. Orillas del Zamora,SOLO_DANOS,Colision Multiple,Mal estado de la via,,,,,,,,,,,,
2024-05-17 00:30:31,-4.011491,-79.174449,Calle Montufar,CON_FALLECIDOS,Accidente Laboral,Inobservancia de senales,85,FALLECIDO,HOMBRE,MOTOCICLETA,36,LESIONADO,HOMBRE,CICLISTA,64,LESIONADO,NO_REGISTRA,MOTOCICLETA
2024-02-09 22:44:36,-4.015827,-79.187695,Av. Universitaria,SOLO_DANOS,Colision Multiple,Exceso de velocidad,,,,,,,,,,,,
2024-02-07 03:39:33,-4.029467,-79.184986,Via Loja - Zamora,CON_LESIONADOS,Caida,Estado de embriaguez,72,LESIONADO,NO_REGISTRA,OTRO,7,LESIONADO,HOMBRE,VEH_LIVIANO,5,LESIONADO,HOMBRE,OTRO
2024-10-04 07:20:38,-3.998714,-79.188518,Av. Reinaldo Espinosa,CON_FALLECIDOS,Choque Vehicular,Exceso de velocidad,20,FALLECIDO,NO_REGISTRA,VEH_LIVIANO,74,FALLECIDO,NO_REGISTRA,VEH_LIVIANO,,,,
2024-10-17 11:35:35,-4.023188,-79.200288,Calle Sucre,SOLO_DANOS,Incendio,Distraccion (celular/radio),,,,,,,,,,,,
2024-04-29 18:26:17,-4.005353,-79.192992,Calle Montufar,CON_FALLECIDOS,Colision Multiple,Equipo de seguridad deficiente,52,FALLECIDO,MUJER,OTRO,,,,,,,,
2024-06-28 04:03:07,-3.992821,-79.196979,Calle Mercadillo,SOLO_DANOS,Colision Multiple,Imprudencia del conductor,,,,,,,,,,,,
2024-06-08 10:17:11,-4.033305,-79.175404,Calle Rocafuerte,SOLO_DANOS,Atropellamiento,Falla mecanica,,,,,,,,,,,,
2024-11-04 12:50:47,-4.013372,-79.226858,Calle Colon,CON_FALLECIDOS,Accidente Laboral,Distraccion (celular/radio),75,FALLECIDO,MUJER,VEH_LIVIANO,53,FALLECIDO,HOMBRE,PEATON,63,LESIONADO,HOMBRE,MOTOCICLETA
2024-06-18 23:49:16,-4.030810,-79.188122,Calle Saraguro,SOLO_DANOS,Accidente Laboral,Inobservancia de senales,,,,,,,,,,,,
2024-08-14 10:51:41,-4.020220,-79.179882,Av. Isidro Ayora,CON_LESIONADOS,Accidente Laboral,Via resbaladiza o mojada,25,LESIONADO,NO_REGISTRA,MOTOCICLETA,22,LESIONADO,MUJER,MOTOCICLETA,,,,
2024-08-12 22:07:44,-3.994912,-79.203329,Av. Isidro Ayora,CON_FALLECIDOS,Caida,Fatiga del conductor,50,FALLECIDO,NO_REGISTRA,VEH_LIVIANO,54,FALLECIDO,HOMBRE,OTRO,73,LESIONADO,MUJER,SCOOTER
2024-09-23 04:59:57,-4.036528,-79.229087,Calle Quito,CON_LESIONADOS,Caida,Estado de embriaguez,12,LESIONADO,HOMBRE,SCOOTER,,,,,,,,
2024-01-29 21:42:09,-3.990499,-79.225983,Av. Orillas del Zamora,CON_FALLECIDOS,Atropellamiento,Mal estado de la via,79,FALLECIDO,MUJER,VEH_LIVIANO,33,FALLECIDO,NO_REGISTRA,CICLISTA,15,LESIONADO,NO_REGISTRA,SCOOTER
2024-06-08 05:54:04,-4.031505,-79.183205,Calle Bolivar,CON_FALLECIDOS,Accidente Laboral,Mal estado de la via,68,FALLECIDO,NO_REGISTRA,VEH_LIVIANO,24,FALLECIDO,NO_REGISTRA,PEATON,,,,
2024-03-23 16:47:05,-3.982632,-79.174191,Av. Isidro Ayora,CON_LESIONADOS,Colision Multiple,Falla mecanica,51,LESIONADO,NO_REGISTRA,CICLISTA,46,LESIONADO,HOMBRE,CICLISTA,,,,
2024-08-03 23:17:34,-4.004513,-79.217934,Via Loja - Zamora,CON_FALLECIDOS,Volcamiento,Distraccion (celular/radio),19,FALLECIDO,HOMBRE,SCOOTER,78,LESIONADO,NO_REGISTRA,MOTOCICLETA,23,LESIONADO,NO_REGISTRA,MOTOCICLETA
2024-12-10 02:48:29,-4.017459,-79.209635,Calle Ramon Borrero,CON_LESIONADOS,Volcamiento,Estado de embriaguez,55,LESIONADO,HOMBRE,PEATON,28,LESIONADO,NO_REGISTRA,MOTOCICLETA,23,LESIONADO,NO_REGISTRA,OTRO
2024-02-21 10:12:43,-4.015505,-79.211296,Av. Manuel Agustin Aguirre,CON_FALLECIDOS,Caida,Inobservancia de senales,70,FALLECIDO,MUJER,MOTOCICLETA,66,FALLECIDO,NO_REGISTRA,CICLISTA,36,LESIONADO,MUJER,MOTOCICLETA
2024-05-03 15:03:50,-4.011396,-79.183417,Av. Rosa Hermosa,SOLO_DANOS,Choque Vehicular,Equipo de seguridad deficiente,,,,,,,,,,,,
2024-03-23 17:30:31,-4.005251,-79.223343,Calle Azogues,CON_LESIONADOS,Colision Multiple,Equipo de seguridad deficiente,78,LESIONADO,NO_REGISTRA,PEATON,22,LESIONADO,MUJER,PEATON,34,LESIONADO,HOMBRE,SCOOTER
2024-11-05 12:00:15,-4.001729,-79.197746,Calle Quito,CON_FALLECIDOS,Colision Multiple,Exceso de velocidad,54,FALLECIDO,MUJER,PEATON,79,FALLECIDO,HOMBRE,MOTOCICLETA,46,LESIONADO,MUJER,VEH_LIVIANO