fecha_hora,latitud,longitud,via,grado_severidad,tipo_siniestro,causa_probable,victima1_edad,victima1_condicion,victima1_sexo,victima1_actor_vial,victima2_edad,victima2_condicion,victima2_sexo,victima2_actor_vial,victima3_edad,victima3_condicion,victima3_sexo,victima3_actor_vial
2024-05-29 22:21:55,-4.027830,-79.185555,Calle Colon,CON_LESIONADOS,Choque Vehicular,Visibilidad reducida,31,LESIONADO,MUJER,CICLISTA,45,LESIONADO,HOMBRE,MOTOCICLETA,53,LESIONADO,MUJER,OTRO
2024-02-03 12:19:26,-3.993509,-79.175453,Calle Montufar,CON_LESIONADOS,Caida,Equipo de seguridad deficiente,47,LESIONADO,NO_REGISTRA,SCOOTER,24,LESIONADO,NO_REGISTRA,VEH_LIVIANO,59,LESIONADO,MUJER,MOTOCICLETA
2024-12-04 06:32:44,-3.993019,-79.211369,Av. Orillas del Zamora,CON_FALLECIDOS,Accidente Laboral,Exceso de velocidad,28,FALLECIDO,MUJER,SCOOTER,46,FALLECIDO,NO_REGISTRA,OTRO,27,LESIONADO,MUJER,VEH_LIVIANO
2024-05-03 13:15:45,-4.027307,-79.204006,Calle Quito,CON_FALLECIDOS,Atropellamiento,Equipo de seguridad deficiente,48,FALLECIDO,HOMBRE,PEATON,84,FALLECIDO,HOMBRE,SCOOTER,35,LESIONADO,HOMBRE,SCOOTER
2024-07-07 09:37:52,-3.997470,-79.187028,Via Loja - Zamora,SOLO_DANOS,Atropellamiento,Distraccion (celular/radio),,,,,,,,,,,,
2024-11-28 00:41:39,-3.992216,-79.184716,Ruta 35,SOLO_DANOS,Caida,Via resbaladiza o mojada,,,,,,,,,,,,
2024-10-20 09:12:19,-4.013989,-79.172547,Calle Montufar,CON_LESIONADOS,Volcamiento,Fatiga del conductor,70,LESIONADO,MUJER,CICLISTA,29,LESIONADO,MUJER,SCOOTER,,,,
2024-11-23 08:47:24,-4.033150,-79.205703,Calle 10 de Agosto,CON_FALLECIDOS,Choque Vehicular,Inobservancia de senales,81,FALLECIDO,HOMBRE,SCOOTER,44,LESIONADO,NO_REGISTRA,CICLISTA,73,LESIONADO,MUJER,PEATON
2024-03-18 12:05:32,-4.005701,-79.197740,Calle 10 de Agosto,CON_LESIONADOS,Choque Vehicular,Fatiga del conductor,61,LESIONADO,HOMBRE,PEATON,25,LESIONADO,HOMBRE,CICLISTA,68,LESIONADO,MUJER,CICLISTA
2024-07-27 09:13:47,-3.994397,-79.185241,Av. Universitaria,CON_FALLECIDOS,Volcamiento,Falla mecanica,79,FALLECIDO,MUJER,SCOOTER,,,,,,,,
2024-07-16 02:08:19,-3.979130,-79.180215,Av. 8 de Diciembre,SOLO_DANOS,Volcamiento,Falla mecanica,,,,,,,,,,,,
2024-01-20 04:57:57,-4.031284,-79.218276,Av. Metropolitana,SOLO_DANOS,Colision Multiple,Equipo de seguridad deficiente,,,,,,,,,,,,
2024-01-10 20:40:50,-4.013177,-79.182079,Av. Isidro Ayora,CON_FALLECIDOS,Colision Multiple,Fatiga del conductor,45,FALLECIDO,HOMBRE,SCOOTER,34,LESIONADO,NO_REGISTRA,OTRO,61,LESIONADO,NO_REGISTRA,SCOOTER
2024-06-18 08:11:06,-4.003506,-79.217980,Calle Ramon Borrero,SOLO_DANOS,Accidente Laboral,Imprudencia del conductor,,,,,,,,,,,,
2024-03-12 21:27:58,-4.032726,-79.230300,Calle Imbabura,CON_LESIONADOS,Caida,Mal estado de la via,11,LESIONADO,HOMBRE,VEH_LIVIANO,,,,,,,,
2024-11-19 10:41:57,-4.026400,-79.213158,Calle Montufar,CON_LESIONADOS,Colision Multiple,Falla mecanica,52,LESIONADO,NO_REGISTRA,OTRO,40,LESIONADO,NO_REGISTRA,PEATON,,,,
2024-05-21 00:23:14,-3.987252,-79.188452,Av. Cuxibamba,CON_FALLECIDOS,Caida,Inobservancia de senales,27,FALLECIDO,MUJER,VEH_LIVIANO,68,FALLECIDO,NO_REGISTRA,OTRO,46,LESIONADO,HOMBRE,OTRO
2024-05-07 09:41:28,-3.979661,-79.211191,Av. Reinaldo Espinosa,CON_FALLECIDOS,Incendio,Fatiga del conductor,51,FALLECIDO,HOMBRE,VEH_LIVIANO,78,LESIONADO,MUJER,PEATON,24,LESIONADO,NO_REGISTRA,SCOOTER
2024-01-08 23:58:02,-4.024176,-79.210311,Calle Bolivar,SOLO_DANOS,Colision Multiple,Equipo de seguridad deficiente,,,,,,,,,,,,
2024-12-09 03:53:00,-3.988280,-79.192262,Av. Isidro Ayora,CON_FALLECIDOS,Atropellamiento,Via resbaladiza o mojada,47,FALLECIDO,NO_REGISTRA,VEH_LIVIANO,60,FALLECIDO,NO_REGISTRA,CICLISTA,29,LESIONADO,NO_REGISTRA,OTRO
2024-03-11 02:16:41,-3.977920,-79.175519,Via Loja - Zamora,SOLO_DANOS,Caida,Estado de embriaguez,,,,,,,,,,,,
2024-10-06 04:58:11,-4.000726,-79.180092,Av. Orillas del Zamora,SOLO_DANOS,Volcamiento,Estado de embriaguez,,,,,,,,,,,,
2024-03-06 04:30:44,-3.991892,-79.208434,Calle Miguel Riofrio,CON_FALLECIDOS,Caida,Fatiga del conductor,59,FALLECIDO,NO_REGISTRA,SCOOTER,30,LESIONADO,HOMBRE,MOTOCICLETA,61,LESIONADO,MUJER,MOTOCICLETA
2024-01-02 17:02:40,-3.985257,-79.220058,Av. Pio Jaramillo,SOLO_DANOS,Choque Vehicular,Inobservancia de senales,,,,,,,,,,,,
2024-08-05 22:30:40,-4.011377,-79.181720,Calle Quito,CON_FALLECIDOS,Accidente Laboral,Visibilidad reducida,19,FALLECIDO,HOMBRE,CICLISTA,62,LESIONADO,MUJER,PEATON,80,LESIONADO,MUJER,PEATON
2024-01-03 23:02:09,-4.027564,-79.182972,Av. 8 de Diciembre,SOLO_DANOS,Colision Multiple,Exceso de velocidad,,,,,,,,,,,,
2024-02-13 15:49:31,-3.979985,-79.208518,Calle Mercadillo,SOLO_DANOS,Atropellamiento,Falla mecanica,,,,,,,,,,,,
2024-01-25 00:54:03,-3.980406,-79.212287,Calle 18 de Noviembre,SOLO_DANOS,Volcamiento,Inobservancia de senales,,,,,,,,,,,,
2024-12-14 16:53:34,-3.979300,-79.179350,Av. 8 de Diciembre,CON_LESIONADOS,Choque Vehicular,Imprudencia del conductor,10,LESIONADO,MUJER,MOTOCICLETA,25,LESIONADO,NO_REGISTRA,VEH_LIVIANO,58,LESIONADO,HOMBRE,CICLISTA
2024-08-11 08:22:14,-4.017858,-79.230856,Via Loja - Catamayo,CON_LESIONADOS,Accidente Laboral,Via resbaladiza o mojada,21,LESIONADO,MUJER,VEH_LIVIANO,29,LESIONADO,MUJER,MOTOCICLETA,58,LESIONADO,MUJER,VEH_LIVIANO
2024-01-18 23:10:52,-4.025285,-79.197941,Calle Montufar,SOLO_DANOS,Choque Vehicular,Fatiga del conductor,,,,,,,,,,,,
2024-08-06 15:50:57,-3.988163,-79.191717,Calle Bolivar,CON_FALLECIDOS,Caida,Fatiga del conductor,27,FALLECIDO,MUJER,VEH_LIVIANO,27,LESIONADO,NO_REGISTRA,MOTOCICLETA,9,LESIONADO,NO_REGISTRA,SCOOTER
2024-06-11 19:04:35,-3.991974,-79.173712,Av. Isidro Ayora,SOLO_DANOS,Colision Multiple,Imprudencia del conductor,,,,,,,,,,,,
2024-07-08 17:44:32,-3.998704,-79.209273,Ruta 35,SOLO_DANOS,Caida,Exceso de velocidad,,,,,,,,,,,,
2024-03-03 07:41:55,-3.997479,-79.181070,Calle Imbabura,CON_LESIONADOS,Caida,Distraccion (celular/radio),65,LESIONADO,MUJER,VEH_LIVIANO,66,LESIONADO,MUJER,VEH_LIVIANO,,,,
2024-03-15 11:15:21,-4.010130,-79.199176,Calle Rocafuerte,CON_FALLECIDOS,Caida,Distraccion (celular/radio),81,FALLECIDO,HOMBRE,CICLISTA,81,FALLECIDO,HOMBRE,CICLISTA,,,,
2024-10-20 08:51:46,-4.011046,-79.217116,Calle Rocafuerte,CON_FALLECIDOS,Volcamiento,Factores externos,67,FALLECIDO,NO_REGISTRA,VEH_LIVIANO,73,FALLECIDO,MUJER,SCOOTER,,,,
2024-08-29 14:23:51,-4.021313,-79.173043,Av. Cuxibamba,SOLO_DANOS,Accidente Laboral,Distraccion (celular/radio),,,,,,,,,,,,
2024-02-16 21:15:28,-4.010101,-79.201575,Av. Metropolitana,CON_LESIONADOS,Caida,Estado de embriaguez,48,LESIONADO,MUJER,VEH_LIVIANO,68,LESIONADO,HOMBRE,OTRO,5,LESIONADO,HOMBRE,OTRO
2024-04-24 16:21:37,-4.009044,-79.216670,Calle Imbabura,CON_FALLECIDOS,Atropellamiento,Inobservancia de senales,83,FALLECIDO,MUJER,VEH_LIVIANO,18,LESIONADO,HOMBRE,SCOOTER,8,LESIONADO,HOMBRE,PEATON
2024-12-18 15:00:24,-3.983072,-79.227350,Via Loja - Zamora,CON_FALLECIDOS,Atropellamiento,Exceso de velocidad,46,FALLECIDO,NO_REGISTRA,CICLISTA,85,FALLECIDO,NO_REGISTRA,CICLISTA,68,LESIONADO,MUJER,VEH_LIVIANO
2024-06-03 08:45:46,-3.997291,-79.192681,Calle Miguel Riofrio,CON_FALLECIDOS,Choque Vehicular,Estado de embriaguez,26,FALLECIDO,NO_REGISTRA,OTRO,58,LESIONADO,MUJER,PEATON,,,,
2024-08-01 23:56:11,-3.999843,-79.171468,Via Loja - Catamayo,CON_FALLECIDOS,Choque Vehicular,Exceso de velocidad,30,FALLECIDO,HOMBRE,MOTOCICLETA,62,FALLECIDO,HOMBRE,MOTOCICLETA,53,LESIONADO,MUJER,OTRO
2024-10-22 21:38:08,-4.014365,-79.206625,Via Loja - Catamayo,CON_FALLECIDOS,Colision Multiple,Falla mecanica,65,FALLECIDO,MUJER,SCOOTER,,,,,,,,
2024-03-17 17:45:20,-3.986965,-79.192827,Av. Metropolitana,CON_LESIONADOS,Incendio,Distraccion (celular/radio),80,LESIONADO,MUJER,CICLISTA,,,,,,,,
2024-05-24 03:25:55,-3.987526,-79.182099,Calle Azogues,SOLO_DANOS,Accidente Laboral,Mal estado de la via,,,,,,,,,,,,
2024-09-03 22:32:06,-3.983485,-79.207153,Calle Mercadillo,CON_FALLECIDOS,Colision Multiple,Via resbaladiza o mojada,59,FALLECIDO,HOMBRE,MOTOCICLETA,49,FALLECIDO,NO_REGISTRA,MOTOCICLETA,57,LESIONADO,HOMBRE,SCOOTER
2024-06-13 19:15:15,-4.002639,-79.171860,Av. Universitaria,CON_FALLECIDOS,Choque Vehicular,Equipo de seguridad deficiente,46,FALLECIDO,NO_REGISTRA,OTRO,31,LESIONADO,MUJER,PEATON,70,LESIONADO,MUJER,MOTOCICLETA
2024-01-31 06:20:44,-3.982198,-79.178430,Calle Mercadillo,CON_LESIONADOS,Caida,Estado de embriaguez,71,LESIONADO,MUJER,VEH_LIVIANO,45,LESIONADO,HOMBRE,VEH_LIVIANO,,,,
2024-07-27 04:23:13,-3.991670,-79.219724,Via Loja - Zamora,SOLO_DANOS,Colision Multiple,Via resbaladiza o mojada,,,,,,,,,,,,
2024-06-13 05:47:46,-3.998565,-79.184321,Av. Universitaria,SOLO_DANOS,Atropellamiento,Imprudencia del conductor,,,,,,,,,,,,
2024-08-11 23:58:21,-4.014645,-79.217528,Av. Metropolitana,SOLO_DANOS,Volcamiento,Fatiga del conductor,,,,,,,,,,,,
2024-12-10 21:06:26,-3.985783,-79.190777,Calle Montufar,SOLO_DANOS,Atropellamiento,Exceso de velocidad,,,,,,,,,,,,
2024-05-01 19:58:40,-3.983515,-79.180057,Calle Quito,CON_LESIONADOS,Atropellamiento,Exceso de velocidad,51,LESIONADO,MUJER,OTRO,47,LESIONADO,NO_REGISTRA,VEH_LIVIANO,,,,
2024-12-08 00:46:25,-4.026970,-79.191041,Av. Gran Colombia,CON_FALLECIDOS,Caida,Inobservancia de senales,19,FALLECIDO,MUJER,VEH_LIVIANO,44,LESIONADO,HOMBRE,VEH_LIVIANO,43,LESIONADO,HOMBRE,CICLISTA
2024-05-25 00:05:14,-4.003053,-79.226152,Calle Saraguro,SOLO_DANOS,Colision Multiple,Distraccion (celular/radio),64,LESIONADO,MUJER,OTRO,,,,,,,,
2024-06-01 08:29:36,-4.000788,-79.182236,Calle Imbabura,SOLO_DANOS,Accidente Laboral,Equipo de seguridad deficiente,,,,,,,,,,,,
2024-07-31 01:45:42,-3.999237,-79.222417,Calle Saraguro,CON_FALLECIDOS,Incendio,Via resbaladiza o mojada,56,FALLECIDO,NO_REGISTRA,OTRO,64,FALLECIDO,MUJER,PEATON,,,,
2024-03-06 12:10:38,-4.019730,-79.205839,Calle Ramon Borrero,CON_LESIONADOS,Caida,Equipo de seguridad deficiente,6,LESIONADO,HOMBRE,VEH_LIVIANO,33,LESIONADO,MUJER,SCOOTER,44,LESIONADO,MUJER,OTRO
2024-04-11 10:37:49,-3.978252,-79.227633,Calle Sucre,CON_LESIONADOS,Accidente Laboral,Equipo de seguridad deficiente,25,LESIONADO,NO_REGISTRA,OTRO,,,,,,,,
2024-02-18 22:51:48,-4.009384,-79.205201,Calle 10 de Agosto,SOLO_DANOS,Atropellamiento,Factores externos,,,,,,,,,,,,
2024-10-26 03:49:22,-4.016849,-79.172390,Via Loja - Catamayo,CON_FALLECIDOS,Volcamiento,Visibilidad reducida,33,FALLECIDO,MUJER,SCOOTER,21,LESIONADO,MUJER,VEH_LIVIANO,79,LESIONADO,NO_REGISTRA,PEATON
2024-09-25 17:00:10,-3.985967,-79.193506,Via Loja - Catamayo,CON_LESIONADOS,Volcamiento,Estado de embriaguez,67,LESIONADO,MUJER,SCOOTER,,,,,,,,
2024-11-26 02:38:12,-3.991459,-79.194805,Av. Rosa Hermosa,SOLO_DANOS,Colision Multiple,Fatiga del conductor,,,,,,,,,,,,
2024-07-24 16:29:01,-4.010260,-79.225255,Calle Mercadillo,CON_LESIONADOS,Volcamiento,Exceso de velocidad,23,LESIONADO,MUJER,OTRO,42,LESIONADO,HOMBRE,OTRO,,,,
2024-05-15 14:45:51,-3.983996,-79.214410,Av. Isidro Ayora,CON_FALLECIDOS,Volcamiento,Equipo de seguridad deficiente,47,FALLECIDO,HOMBRE,VEH_LIVIANO,40,LESIONADO,HOMBRE,CICLISTA,22,LESIONADO,MUJER,PEATON
2024-03-25 21:41:48,-4.003194,-79.197789,Av. 8 de Diciembre,CON_FALLECIDOS,Atropellamiento,Inobservancia de senales,70,FALLECIDO,NO_REGISTRA,VEH_LIVIANO,30,FALLECIDO,MUJER,PEATON,65,LESIONADO,HOMBRE,VEH_LIVIANO
2024-08-12 00:02:59,-4.027668,-79.226206,Av. Gran Colombia,CON_FALLECIDOS,Volcamiento,Visibilidad reducida,60,FALLECIDO,NO_REGISTRA,VEH_LIVIANO,,,,,,,,
2024-04-13 14:22:12,-4.000615,-79.204231,Calle Ramon Borrero,CON_LESIONADOS,Incendio,Visibilidad reducida,68,LESIONADO,HOMBRE,OTRO,,,,,,,,
2024-12-09 01:42:15,-4.001513,-79.212676,Calle 10 de Agosto,CON_FALLECIDOS,Atropellamiento,Equipo de seguridad deficiente,58,FALLECIDO,MUJER,OTRO,66,FALLECIDO,HOMBRE,MOTOCICLETA,66,LESIONADO,MUJER,VEH_LIVIANO
2024-03-29 06:02:18,-4.014206,-79.228093,Via Loja - Zamora,CON_LESIONADOS,Atropellamiento,Imprudencia del conductor,59,LESIONADO,NO_REGISTRA,CICLISTA,,,,,,,,
2024-05-01 05:25:59,-4.005463,-79.214589,Av. Pio Jaramillo,SOLO_DANOS,Atropellamiento,Exceso de velocidad,57,LESIONADO,HOMBRE,CICLISTA,,,,,,,,
2024-12-08 17:16:08,-4.034885,-79.205610,Calle Saraguro,SOLO_DANOS,Accidente Laboral,Factores externos,48,LESIONADO,MUJER,OTRO,,,,,,,,
2024-07-19 19:01:52,-3.983122,-79.227721,Calle Mercadillo,CON_FALLECIDOS,Caida,Via resbaladiza o mojada,46,FALLECIDO,MUJER,CICLISTA,23,LESIONADO,HOMBRE,PEATON,,,,
2024-11-18 00:35:38,-4.001649,-79.228155,Av. Gran Colombia,CON_LESIONADOS,Caida,Imprudencia del conductor,16,LESIONADO,MUJER,MOTOCICLETA,36,LESIONADO,NO_REGISTRA,SCOOTER,,,,
2024-03-27 12:38:01,-3.996893,-79.214654,Av. Orillas del Zamora,CON_FALLECIDOS,Atropellamiento,Via resbaladiza o mojada,43,FALLECIDO,MUJER,OTRO,73,FALLECIDO,NO_REGISTRA,SCOOTER,66,LESIONADO,HOMBRE,MOTOCICLETA
2024-03-01 16:03:03,-4.035072,-79.213850,Calle Sucre,CON_FALLECIDOS,Accidente Laboral,Fatiga del conductor,39,FALLECIDO,HOMBRE,CICLISTA,,,,,,,,
2024-06-09 11:01:24,-3.998350,-79.202212,Av. Isidro Ayora,CON_LESIONADOS,Volcamiento,Distraccion (celular/radio),29,LESIONADO,NO_REGISTRA,PEATON,20,LESIONADO,NO_REGISTRA,PEATON,13,LESIONADO,HOMBRE,MOTOCICLETA
2024-08-18 20:40:50,-3.985878,-79.180531,Av. Gran Colombia,SOLO_DANOS,Atropellamiento,Estado de embriaguez,,,,,,,,,,,,
2024-11-30 06:39:13,-4.005648,-79.202175,Calle Montufar,SOLO_DANOS,Choque Vehicular,Via resbaladiza o mojada,,,,,,,,,,,,
2024-03-19 05:53:23,-3.980556,-79.229469,Calle 10 de Agosto,CON_FALLECIDOS,Incendio,Via resbaladiza o mojada,84,FALLECIDO,NO_REGISTRA,SCOOTER,17,LESIONADO,NO_REGISTRA,OTRO,,,,
2024-12-24 08:54:00,-4.031417,-79.222633,Calle Azogues,SOLO_DANOS,Accidente Laboral,Falla mecanica,,,,,,,,,,,,
2024-07-22 01:33:46,-3.981080,-79.213196,Calle Quito,CON_LESIONADOS,Caida,Factores externos,45,LESIONADO,HOMBRE,SCOOTER,44,LESIONADO,NO_REGISTRA,PEATON,,,,
2024-01-06 19:18:34,-4.022770,-79.183805,Calle Saraguro,CON_FALLECIDOS,Caida,Inobservancia de senales,44,FALLECIDO,MUJER,MOTOCICLETA,19,LESIONADO,NO_REGISTRA,OTRO,,,,
2024-04-23 15:47:19,-4.032312,-79.185281,Av. Metropolitana,CON_FALLECIDOS,Choque Vehicular,Imprudencia del conductor,62,FALLECIDO,HOMBRE,CICLISTA,47,LESIONADO,NO_REGISTRA,MOTOCICLETA,31,LESIONADO,NO_REGISTRA,SCOOTER
2024-02-08 11:56:07,-4.027484,-79.209305,Calle Saraguro,SOLO_DANOS,Choque Vehicular,Factores externos,,,,,,,,,,,,
2024-10-03 06:31:13,-4.025898,-79.216903,Calle Sucre,CON_LESIONADOS,Volcamiento,Visibilidad reducida,63,LESIONADO,NO_REGISTRA,MOTOCICLETA,6,LESIONADO,MUJER,CICLISTA,,,,
2024-01-10 20:55:03,-4.020039,-79.201686,Av. Metropolitana,CON_LESIONADOS,Choque Vehicular,Distraccion (celular/radio),73,LESIONADO,MUJER,MOTOCICLETA,,,,,,,,
2024-09-05 15:25:52,-4.012812,-79.198721,Calle Saraguro,CON_LESIONADOS,Colision Multiple,Inobservancia de senales,41,LESIONADO,NO_REGISTRA,PEATON,60,LESIONADO,MUJER,OTRO,,,,
2024-01-27 03:19:17,-3.978244,-79.188922,Calle Bolivar,CON_FALLECIDOS,Incendio,Falla mecanica,77,FALLECIDO,HOMBRE,CICLISTA,47,FALLECIDO,HOMBRE,SCOOTER,27,LESIONADO,HOMBRE,MOTOCICLETA
2024-07-18 07:11:14,-4.014022,-79.193111,Av. Cuxibamba,SOLO_DANOS,Incendio,Distraccion (celular/radio),,,,,,,,,,,,
2024-05-30 02:39:56,-3.995307,-79.230415,Ruta 35,CON_FALLECIDOS,Choque Vehicular,Mal estado de la via,67,FALLECIDO,NO_REGISTRA,SCOOTER,47,FALLECIDO,HOMBRE,OTRO,,,,
2024-07-17 19:03:49,-4.009004,-79.209121,Ruta 35,CON_FALLECIDOS,Choque Vehicular,Equipo de seguridad deficiente,73,FALLECIDO,MUJER,PEATON,,,,,,,,
2024-12-02 22:18:39,-3.985692,-79.192186,Calle Quito,CON_LESIONADOS,Atropellamiento,Exceso de velocidad,67,LESIONADO,MUJER,PEATON,48,LESIONADO,MUJER,CICLISTA,,,,
2024-02-10 17:20:50,-4.014833,-79.187569,Av. Manuel Agustin Aguirre,CON_LESIONADOS,Caida,Falla mecanica,56,LESIONADO,MUJER,VEH_LIVIANO,,,,,,,,
2024-05-08 07:44:05,-4.024021,-79.217231,Av. Cuxibamba,CON_LESIONADOS,Choque Vehicular,Equipo de seguridad deficiente,11,LESIONADO,NO_REGISTRA,SCOOTER,,,,,,,,
2024-12-07 23:40:30,-4.002084,-79.175240,Calle Quito,CON_FALLECIDOS,Choque Vehicular,Visibilidad reducida,45,FALLECIDO,MUJER,VEH_LIVIANO,47,FALLECIDO,HOMBRE,PEATON,15,LESIONADO,NO_REGISTRA,SCOOTER
2024-03-11 02:31:42,-4.016274,-79.176089,Calle 10 de Agosto,SOLO_DANOS,Volcamiento,Exceso de velocidad,,,,,,,,,,,,
2024-07-12 01:05:49,-3.992979,-79.219185,Calle Saraguro,CON_LESIONADOS,Choque Vehicular,Mal estado de la via,23,LESIONADO,NO_REGISTRA,MOTOCICLETA,11,LESIONADO,HOMBRE,MOTOCICLETA,,,,
2024-01-08 08:47:00,-3.986791,-79.184939,Av. Cuxibamba,CON_LESIONADOS,Atropellamiento,Falla mecanica,39,LESIONADO,MUJER,VEH_LIVIANO,,,,,,,,
2024-12-18 17:33:21,-4.034577,-79.208553,Av. Isidro Ayora,CON_LESIONADOS,Volcamiento,Via resbaladiza o mojada,23,LESIONADO,MUJER,MOTOCICLETA,47,LESIONADO,NO_REGISTRA,MOTOCICLETA,42,LESIONADO,MUJER,PEATON
2024-08-27 16:18:24,-4.008092,-79.172554,Av. Metropolitana,CON_FALLECIDOS,Accidente Laboral,Visibilidad reducida,18,FALLECIDO,MUJER,OTRO,62,FALLECIDO,MUJER,SCOOTER,55,LESIONADO,NO_REGISTRA,MOTOCICLETA
2024-05-20 14:19:24,-4.010091,-79.218915,Calle Miguel Riofrio,CON_LESIONADOS,Caida,Equipo de seguridad deficiente,76,LESIONADO,HOMBRE,MOTOCICLETA,24,LESIONADO,HOMBRE,VEH_LIVIANO,,,,
2024-02-22 16:54:06,-4.000601,-79.224728,Calle 18 de Noviembre,CON_LESIONADOS,Colision Multiple,Falla mecanica,68,LESIONADO,HOMBRE,MOTOCICLETA,39,LESIONADO,MUJER,PEATON,,,,
2024-12-05 05:56:59,-4.026749,-79.230241,Calle Ramon Borrero,CON_LESIONADOS,Accidente Laboral,Equipo de seguridad deficiente,7,LESIONADO,NO_REGISTRA,PEATON,,,,,,,,
2024-08-18 14:55:45,-4.000843,-79.191204,Av. Metropolitana,CON_LESIONADOS,Choque Vehicular,Factores externos,12,LESIONADO,HOMBRE,SCOOTER,,,,,,,,
2024-07-03 20:56:56,-4.014680,-79.230898,Calle 18 de Noviembre,CON_FALLECIDOS,Volcamiento,Via resbaladiza o mojada,74,FALLECIDO,NO_REGISTRA,SCOOTER,,,,,,,,
2024-04-25 07:33:17,-4.030103,-79.185529,Ruta 35,CON_FALLECIDOS,Atropellamiento,Exceso de velocidad,78,FALLECIDO,NO_REGISTRA,CICLISTA,,,,,,,,
2024-08-30 14:04:58,-3.982893,-79.212756,Calle Miguel Riofrio,CON_FALLECIDOS,Accidente Laboral,Falla mecanica,59,FALLECIDO,NO_REGISTRA,MOTOCICLETA,45,FALLECIDO,NO_REGISTRA,CICLISTA,,,,
2024-12-07 07:16:23,-4.034703,-79.200517,Calle Mercadillo,CON_FALLECIDOS,Accidente Laboral,Estado de embriaguez,69,FALLECIDO,MUJER,CICLISTA,43,LESIONADO,NO_REGISTRA,OTRO,28,LESIONADO,MUJER,MOTOCICLETA
2024-12-01 01:16:10,-4.019768,-79.203535,Via Loja - Catamayo,SOLO_DANOS,Choque Vehicular,Equipo de seguridad deficiente,,,,,,,,,,,,
2024-01-17 18:27:54,-4.031900,-79.220945,Calle Ramon Borrero,CON_FALLECIDOS,Volcamiento,Visibilidad reducida,46,FALLECIDO,MUJER,OTRO,22,FALLECIDO,HOMBRE,PEATON,64,LESIONADO,HOMBRE,VEH_LIVIANO
2024-05-10 03:30:55,-4.021773,-79.220945,Calle Azogues,CON_LESIONADOS,Caida,Inobservancia de senales,20,LESIONADO,NO_REGISTRA,CICLISTA,8,LESIONADO,NO_REGISTRA,VEH_LIVIANO,24,LESIONADO,MUJER,CICLISTA
2024-10-31 19:01:10,-4.030171,-79.217335,Av. 8 de Diciembre,CON_LESIONADOS,Atropellamiento,Equipo de seguridad deficiente,56,LESIONADO,HOMBRE,SCOOTER,37,LESIONADO,NO_REGISTRA,VEH_LIVIANO,5,LESIONADO,HOMBRE,CICLISTA
2024-03-02 13:18:33,-4.008473,-79.224680,Calle 18 de Noviembre,CON_LESIONADOS,Caida,Fatiga del conductor,50,LESIONADO,MUJER,SCOOTER,44,LESIONADO,NO_REGISTRA,OTRO,30,LESIONADO,HOMBRE,VEH_LIVIANO
2024-09-12 18:22:55,-4.009456,-79.213579,Calle Rocafuerte,CON_LESIONADOS,Colision Multiple,Mal estado de la via,31,LESIONADO,NO_REGISTRA,VEH_LIVIANO,,,,,,,,
2024-10-14 11:18:15,-3.996741,-79.223500,Av. Metropolitana,CON_LESIONADOS,Accidente Laboral,Exceso de velocidad,60,LESIONADO,NO_REGISTRA,VEH_LIVIANO,,,,,,,,
2024-09-01 13:16:32,-4.031011,-79.186431,Calle Ramon Borrero,CON_FALLECIDOS,Choque Vehicular,Fatiga del conductor,70,FALLECIDO,MUJER,PEATON,19,FALLECIDO,NO_REGISTRA,SCOOTER,,,,
2024-12-08 22:09:30,-4.030264,-79.202665,Calle Rocafuerte,SOLO_DANOS,Colision Multiple,Falla mecanica,,,,,,,,,,,,
2024-12-03 00:55:01,-4.030496,-79.190037,Av. Pio Jaramillo,CON_FALLECIDOS,Caida,Via resbaladiza o mojada,35,FALLECIDO,HOMBRE,CICLISTA,69,FALLECIDO,NO_REGISTRA,MOTOCICLETA,,,,
2024-03-14 23:32:30,-4.029890,-79.209928,Calle Azogues,CON_FALLECIDOS,Incendio,Mal estado de la via,58,FALLECIDO,NO_REGISTRA,PEATON,,,,,,,,
2024-08-25 20:39:53,-3.985137,-79.230123,Calle Rocafuerte,CON_LESIONADOS,Atropellamiento,Factores externos,10,LESIONADO,NO_REGISTRA,VEH_LIVIANO,13,LESIONADO,HOMBRE,CICLISTA,11,LESIONADO,HOMBRE,VEH_LIVIANO
2024-03-17 03:17:12,-4.027804,-79.215250,Av. Universitaria,CON_FALLECIDOS,Accidente Laboral,Imprudencia del conductor,74,FALLECIDO,NO_REGISTRA,VEH_LIVIANO,,,,,,,,
2024-12-31 15:47:03,-4.013228,-79.216404,Av. Cuxibamba,CON_FALLECIDOS,Choque Vehicular,Distraccion (celular/radio),51,FALLECIDO,NO_REGISTRA,CICLISTA,82,FALLECIDO,MUJER,PEATON,13,LESIONADO,HOMBRE,PEATON
2024-11-14 00:35:49,-4.013492,-79.173027,Av. Cuxibamba,SOLO_DANOS,Colision Multiple,Equipo de seguridad deficiente,78,LESIONADO,MUJER,CICLISTA,,,,,,,,
2024-08-31 06:24:18,-3.990877,-79.188455,Calle Bolivar,CON_FALLECIDOS,Caida,Factores externos,26,FALLECIDO,HOMBRE,CICLISTA,45,LESIONADO,MUJER,SCOOTER,,,,
2024-10-01 05:34:22,-4.009337,-79.186316,Via Loja - Catamayo,CON_FALLECIDOS,Volcamiento,Distraccion (celular/radio),65,FALLECIDO,NO_REGISTRA,SCOOTER,39,LESIONADO,HOMBRE,CICLISTA,,,,
2024-05-27 19:29:39,-3.978082,-79.191507,Av. Universitaria,SOLO_DANOS,Accidente Laboral,Imprudencia del conductor,,,,,,,,,,,,