fecha_hora,latitud,longitud,via,grado_severidad,tipo_siniestro,causa_probable,victima1_edad,victima1_condicion,victima1_sexo,victima1_actor_vial,victima2_edad,victima2_condicion,victima2_sexo,victima2_actor_vial,victima3_edad,victima3_condicion,victima3_sexo,victima3_actor_vial
2024-08-30 05:16:12,-3.983186,-79.227551,Calle Azogues,SOLO_DANOS,Incendio,Falla mecanica,,,,,,,,,,,,
2024-05-29 08:12:23,-4.004133,-79.228813,Calle Azogues,CON_LESIONADOS,Incendio,Exceso de velocidad,65,LESIONADO,MUJER,SCOOTER,,,,,,,,
2024-01-02 15:54:34,-4.036727,-79.185324,Av. Isidro Ayora,SOLO_DANOS,Caida,Inobservancia de senales,,,,,,,,,,,,
2024-07-15 01:55:57,-3.977510,-79.172215,Av. Universitaria,SOLO_DANOS,Volcamiento,Via resbaladiza o mojada,,,,,,,,,,,,
2024-02-27 18:23:22,-3.986048,-79.176335,Calle Bolivar,CON_FALLECIDOS,Volcamiento,Estado de embriaguez,55,FALLECIDO,NO_REGISTRA,PEATON,14,LESIONADO,NO_REGISTRA,PEATON,,,,
2024-02-06 12:54:48,-4.011379,-79.175509,Calle Miguel Riofrio,SOLO_DANOS,Colision Multiple,Equipo de seguridad deficiente,,,,,,,,,,,,
2024-01-25 22:04:48,-4.025613,-79.171166,Av. Reinaldo Espinosa,CON_LESIONADOS,Colision Multiple,Visibilidad reducida,60,LESIONADO,NO_REGISTRA,MOTOCICLETA,63,LESIONADO,MUJER,CICLISTA,,,,
2024-03-09 02:28:21,-3.994999,-79.208637,Calle Sucre,CON_LESIONADOS,Atropellamiento,Inobservancia de senales,46,LESIONADO,NO_REGISTRA,CICLISTA,35,LESIONADO,MUJER,VEH_LIVIANO,10,LESIONADO,HOMBRE,PEATON
2024-08-29 01:34:20,-3.984728,-79.217106,Calle Miguel Riofrio,CON_LESIONADOS,Atropellamiento,Imprudencia del conductor,20,LESIONADO,NO_REGISTRA,SCOOTER,,,,,,,,
2024-08-14 18:17:51,-3.991955,-79.229460,Av. Pio Jaramillo,CON_FALLECIDOS,Atropellamiento,Equipo de seguridad deficiente,51,FALLECIDO,MUJER,SCOOTER,51,LESIONADO,MUJER,OTRO,,,,
2024-05-01 22:13:47,-4.003649,-79.229810,Av. Metropolitana,CON_LESIONADOS,Choque Vehicular,Distraccion (celular/radio),43,LESIONADO,HOMBRE,MOTOCICLETA,,,,,,,,
2024-04-10 20:26:02,-3.982899,-79.226778,Calle Saraguro,SOLO_DANOS,Caida,Fatiga del conductor,,,,,,,,,,,,
2024-09-24 19:47:10,-4.031241,-79.186467,Calle Mercadillo,CON_FALLECIDOS,Choque Vehicular,Inobservancia de senales,27,FALLECIDO,NO_REGISTRA,SCOOTER,21,LESIONADO,HOMBRE,OTRO,77,LESIONADO,MUJER,OTRO
2024-02-17 11:18:47,-3.984451,-79.203775,Calle Saraguro,CON_FALLECIDOS,Choque Vehicular,Inobservancia de senales,48,FALLECIDO,NO_REGISTRA,VEH_LIVIANO,56,LESIONADO,MUJER,VEH_LIVIANO,,,,
2024-06-30 13:55:47,-4.019651,-79.196638,Av. Orillas del Zamora,SOLO_DANOS,Caida,Falla mecanica,,,,,,,,,,,,
2024-06-04 06:37:06,-3.992157,-79.191819,Av. Universitaria,SOLO_DANOS,Atropellamiento,Exceso de velocidad,,,,,,,,,,,,
2024-04-07 02:07:15,-3.988419,-79.217328,Calle Colon,CON_FALLECIDOS,Volcamiento,Equipo de seguridad deficiente,40,FALLECIDO,HOMBRE,VEH_LIVIANO,39,LESIONADO,NO_REGISTRA,PEATON,55,LESIONADO,HOMBRE,MOTOCICLETA
2024-01-09 06:59:01,-4.030465,-79.172456,Av. Gran Colombia,CON_LESIONADOS,Incendio,Equipo de seguridad deficiente,48,LESIONADO,MUJER,CICLISTA,22,LESIONADO,HOMBRE,SCOOTER,10,LESIONADO,NO_REGISTRA,PEATON
2024-04-08 02:21:19,-4.009770,-79.211401,Calle Miguel Riofrio,SOLO_DANOS,Colision Multiple,Mal estado de la via,,,,,,,,,,,,
2024-08-18 13:30:20,-4.019418,-79.174293,Via Loja - Catamayo,SOLO_DANOS,Colision Multiple,Imprudencia del conductor,,,,,,,,,,,,
2024-10-09 19:04:29,-4.035461,-79.175518,Calle Saraguro,CON_FALLECIDOS,Accidente Laboral,Equipo de seguridad deficiente,74,FALLECIDO,NO_REGISTRA,PEATON,,,,,,,,
2024-01-12 23:42:54,-3.987292,-79.173109,Av. Rosa Hermosa,SOLO_DANOS,Caida,Via resbaladiza o mojada,,,,,,,,,,,,
2024-05-31 10:13:57,-3.992598,-79.178387,Av. Metropolitana,CON_FALLECIDOS,Caida,Visibilidad reducida,60,FALLECIDO,HOMBRE,MOTOCICLETA,37,LESIONADO,NO_REGISTRA,PEATON,,,,
2024-11-18 15:09:44,-4.027606,-79.175489,Av. Orillas del Zamora,CON_LESIONADOS,Caida,Via resbaladiza o mojada,42,LESIONADO,HOMBRE,PEATON,31,LESIONADO,HOMBRE,OTRO,,,,
2024-07-16 21:24:59,-3.986562,-79.216705,Calle Quito,SOLO_DANOS,Atropellamiento,Exceso de velocidad,,,,,,,,,,,,
2024-07-09 13:47:49,-4.025095,-79.176479,Av. Reinaldo Espinosa,CON_FALLECIDOS,Incendio,Inobservancia de senales,79,FALLECIDO,HOMBRE,OTRO,33,FALLECIDO,NO_REGISTRA,PEATON,12,LESIONADO,NO_REGISTRA,CICLISTA
2024-01-14 05:26:27,-3.980908,-79.185326,Calle Bolivar,CON_FALLECIDOS,Atropellamiento,Inobservancia de senales,26,FALLECIDO,HOMBRE,MOTOCICLETA,9,LESIONADO,MUJER,OTRO,25,LESIONADO,MUJER,OTRO
2024-10-09 18:58:24,-3.991285,-79.221871,Av. Metropolitana,CON_LESIONADOS,Incendio,Fatiga del conductor,52,LESIONADO,HOMBRE,MOTOCICLETA,,,,,,,,
2024-06-16 21:46:59,-4.001396,-79.190007,Calle Montufar,CON_LESIONADOS,Accidente Laboral,Estado de embriaguez,75,LESIONADO,HOMBRE,CICLISTA,46,LESIONADO,NO_REGISTRA,PEATON,22,LESIONADO,HOMBRE,VEH_LIVIANO
2024-01-10 08:44:18,-4.013993,-79.181504,Calle Sucre,CON_LESIONADOS,Colision Multiple,Exceso de velocidad,19,LESIONADO,MUJER,OTRO,9,LESIONADO,MUJER,MOTOCICLETA,66,LESIONADO,MUJER,MOTOCICLETA
2024-03-07 13:55:16,-3.977084,-79.203771,Av. Isidro Ayora,CON_LESIONADOS,Caida,Factores externos,35,LESIONADO,NO_REGISTRA,MOTOCICLETA,28,LESIONADO,HOMBRE,SCOOTER,,,,
2024-09-18 17:01:05,-3.996096,-79.195565,Calle Montufar,CON_LESIONADOS,Volcamiento,Imprudencia del conductor,10,LESIONADO,NO_REGISTRA,MOTOCICLETA,68,LESIONADO,NO_REGISTRA,OTRO,,,,
2024-04-06 22:13:49,-4.013556,-79.216305,Calle 18 de Noviembre,SOLO_DANOS,Accidente Laboral,Distraccion (celular/radio),,,,,,,,,,,,
2024-11-29 15:05:40,-4.029708,-79.229110,Av. Rosa Hermosa,CON_FALLECIDOS,Accidente Laboral,Mal estado de la via,46,FALLECIDO,NO_REGISTRA,SCOOTER,5,LESIONADO,MUJER,SCOOTER,,,,
2024-01-07 06:47:21,-4.008477,-79.199115,Av. Pio Jaramillo,CON_LESIONADOS,Accidente Laboral,Estado de embriaguez,14,LESIONADO,MUJER,CICLISTA,46,LESIONADO,NO_REGISTRA,CICLISTA,,,,
2024-09-14 10:30:03,-4.023555,-79.201265,Av. Pio Jaramillo,SOLO_DANOS,Caida,Fatiga del conductor,,,,,,,,,,,,
2024-02-09 00:55:28,-3.997133,-79.179036,Av. Orillas del Zamora,CON_FALLECIDOS,Incendio,Equipo de seguridad deficiente,21,FALLECIDO,NO_REGISTRA,MOTOCICLETA,52,LESIONADO,NO_REGISTRA,MOTOCICLETA,77,LESIONADO,HOMBRE,VEH_LIVIANO
2024-08-21 18:41:48,-4.019189,-79.185704,Av. Orillas del Zamora,CON_FALLECIDOS,Colision Multiple,Mal estado de la via,39,FALLECIDO,MUJER,SCOOTER,30,LESIONADO,NO_REGISTRA,SCOOTER,,,,
2024-06-07 01:30:49,-3.994588,-79.172560,Av. Rosa Hermosa,CON_FALLECIDOS,Volcamiento,Exceso de velocidad,50,FALLECIDO,HOMBRE,MOTOCICLETA,65,FALLECIDO,NO_REGISTRA,SCOOTER,,,,
2024-06-04 13:03:26,-4.002140,-79.203452,Av. Pio Jaramillo,CON_FALLECIDOS,Caida,Distraccion (celular/radio),27,FALLECIDO,NO_REGISTRA,MOTOCICLETA,47,FALLECIDO,HOMBRE,SCOOTER,10,LESIONADO,HOMBRE,PEATON
2024-03-16 14:05:18,-3.990928,-79.203009,Calle Quito,SOLO_DANOS,Incendio,Inobservancia de senales,,,,,,,,,,,,
2024-04-17 09:51:14,-4.030388,-79.218182,Av. Metropolitana,CON_LESIONADOS,Colision Multiple,Equipo de seguridad deficiente,58,LESIONADO,MUJER,CICLISTA,,,,,,,,
2024-11-26 14:41:34,-4.020608,-79.205176,Av. Rosa Hermosa,CON_LESIONADOS,Colision Multiple,Visibilidad reducida,51,LESIONADO,HOMBRE,OTRO,75,LESIONADO,NO_REGISTRA,PEATON,,,,
2024-08-08 20:44:38,-3.987146,-79.183190,Calle Rocafuerte,CON_FALLECIDOS,Incendio,Falla mecanica,29,FALLECIDO,NO_REGISTRA,VEH_LIVIANO,34,FALLECIDO,MUJER,PEATON,,,,
2024-11-12 04:58:41,-3.995758,-79.188433,Calle Colon,SOLO_DANOS,Colision Multiple,Inobservancia de senales,,,,,,,,,,,,
2024-01-29 08:56:43,-4.000308,-79.173717,Calle Miguel Riofrio,CON_FALLECIDOS,Choque Vehicular,Distraccion (celular/radio),49,FALLECIDO,MUJER,MOTOCICLETA,64,FALLECIDO,HOMBRE,VEH_LIVIANO,76,LESIONADO,NO_REGISTRA,OTRO
2024-12-03 22:46:34,-4.005672,-79.191738,Via Loja - Catamayo,SOLO_DANOS,Atropellamiento,Mal estado de la via,,,,,,,,,,,,
2024-07-26 20:24:57,-4.026451,-79.185536,Av. Reinaldo Espinosa,CON_FALLECIDOS,Volcamiento,Factores externos,82,FALLECIDO,MUJER,PEATON,39,LESIONADO,HOMBRE,PEATON,,,,
2024-11-03 09:33:36,-4.029440,-79.186911,Calle 18 de Noviembre,CON_FALLECIDOS,Caida,Factores externos,28,FALLECIDO,NO_REGISTRA,PEATON,63,LESIONADO,MUJER,CICLISTA,76,LESIONADO,NO_REGISTRA,VEH_LIVIANO
2024-05-06 10:15:46,-4.029693,-79.180549,Calle 18 de Noviembre,SOLO_DANOS,Choque Vehicular,Mal estado de la via,,,,,,,,,,,,
2024-06-21 12:33:21,-4.026640,-79.208556,Av. Metropolitana,SOLO_DANOS,Colision Multiple,Equipo de seguridad deficiente,,,,,,,,,,,,
2024-06-18 05:45:33,-3.983678,-79.228097,Av. Gran Colombia,CON_FALLECIDOS,Caida,Imprudencia del conductor,25,FALLECIDO,MUJER,PEATON,26,LESIONADO,MUJER,VEH_LIVIANO,,,,
2024-03-03 10:32:30,-4.035183,-79.229216,Calle Azogues,SOLO_DANOS,Choque Vehicular,Distraccion (celular/radio),,,,,,,,,,,,
2024-12-21 12:01:10,-4.021986,-79.215768,Av. Manuel Agustin Aguirre,CON_FALLECIDOS,Choque Vehicular,Exceso de velocidad,40,FALLECIDO,MUJER,PEATON,6,LESIONADO,MUJER,VEH_LIVIANO,29,LESIONADO,HOMBRE,VEH_LIVIANO
2024-12-18 07:57:07,-4.012637,-79.219642,Calle Bolivar,CON_FALLECIDOS,Caida,Via resbaladiza o mojada,73,FALLECIDO,HOMBRE,OTRO,77,LESIONADO,HOMBRE,VEH_LIVIANO,,,,
2024-12-05 05:37:15,-3.991494,-79.185687,Calle 18 de Noviembre,CON_FALLECIDOS,Choque Vehicular,Visibilidad reducida,20,FALLECIDO,HOMBRE,OTRO,68,LESIONADO,NO_REGISTRA,MOTOCICLETA,35,LESIONADO,HOMBRE,MOTOCICLETA
2024-10-20 01:12:27,-4.025919,-79.213894,Ruta 35,CON_LESIONADOS,Volcamiento,Equipo de seguridad deficiente,67,LESIONADO,MUJER,MOTOCICLETA,75,LESIONADO,MUJER,VEH_LIVIANO,,,,
2024-06-24 04:53:50,-4.033237,-79.215752,Via Loja - Catamayo,SOLO_DANOS,Caida,Estado de embriaguez,,,,,,,,,,,,
2024-11-18 11:46:04,-3.989448,-79.230350,Calle Bolivar,SOLO_DANOS,Volcamiento,Falla mecanica,,,,,,,,,,,,
2024-08-31 23:39:02,-3.990844,-79.195259,Av. Cuxibamba,CON_LESIONADOS,Caida,Distraccion (celular/radio),5,LESIONADO,MUJER,CICLISTA,58,LESIONADO,HOMBRE,PEATON,47,LESIONADO,MUJER,MOTOCICLETA
2024-08-20 17:06:37,-4.032805,-79.175099,Av. Reinaldo Espinosa,SOLO_DANOS,Colision Multiple,Inobservancia de senales,,,,,,,,,,,,
2024-12-01 22:43:08,-4.031929,-79.173499,Calle Saraguro,CON_FALLECIDOS,Caida,Fatiga del conductor,36,FALLECIDO,MUJER,MOTOCICLETA,59,FALLECIDO,NO_REGISTRA,MOTOCICLETA,,,,
2024-01-13 08:10:44,-4.008973,-79.202978,Calle Quito,CON_LESIONADOS,Volcamiento,Inobservancia de senales,49,LESIONADO,NO_REGISTRA,VEH_LIVIANO,,,,,,,,
2024-08-07 02:18:45,-4.029889,-79.201451,Av. Metropolitana,SOLO_DANOS,Choque Vehicular,Fatiga del conductor,,,,,,,,,,,,
2024-08-03 04:09:40,-4.023929,-79.223479,Calle Mercadillo,CON_LESIONADOS,Incendio,Inobservancia de senales,74,LESIONADO,HOMBRE,PEATON,47,LESIONADO,MUJER,SCOOTER,,,,
2024-01-17 15:54:52,-3.988428,-79.230732,Calle Rocafuerte,SOLO_DANOS,Incendio,Estado de embriaguez,,,,,,,,,,,,
2024-09-21 04:31:26,-4.028952,-79.201473,Av. Gran Colombia,SOLO_DANOS,Caida,Via resbaladiza o mojada,,,,,,,,,,,,
2024-08-28 04:52:21,-3.993176,-79.217316,Calle Sucre,SOLO_DANOS,Caida,Falla mecanica,,,,,,,,,,,,
2024-07-11 06:08:06,-3.993728,-79.184304,Via Loja - Catamayo,CON_LESIONADOS,Volcamiento,Equipo de seguridad deficiente,24,LESIONADO,NO_REGISTRA,CICLISTA,24,LESIONADO,HOMBRE,CICLISTA,27,LESIONADO,HOMBRE,PEATON
2024-11-14 04:47:58,-3.996235,-79.225711,Av. Cuxibamba,CON_FALLECIDOS,Volcamiento,Equipo de seguridad deficiente,23,FALLECIDO,NO_REGISTRA,PEATON,52,FALLECIDO,HOMBRE,MOTOCICLETA,5,LESIONADO,MUJER,OTRO
2024-06-24 16:58:43,-4.020313,-79.230878,Calle Quito,SOLO_DANOS,Volcamiento,Inobservancia de senales,,,,,,,,,,,,
2024-03-10 13:13:21,-3.981713,-79.174539,Via Loja - Zamora,CON_FALLECIDOS,Caida,Equipo de seguridad deficiente,39,FALLECIDO,HOMBRE,CICLISTA,32,FALLECIDO,HOMBRE,PEATON,77,LESIONADO,MUJER,CICLISTA
2024-05-27 13:45:38,-4.032620,-79.204691,Ruta 35,CON_LESIONADOS,Incendio,Falla mecanica,59,LESIONADO,MUJER,PEATON,77,LESIONADO,MUJER,SCOOTER,,,,
2024-01-07 14:19:44,-4.027774,-79.190100,Calle Imbabura,SOLO_DANOS,Caida,Factores externos,,,,,,,,,,,,
2024-07-03 09:44:27,-3.981272,-79.190302,Av. Metropolitana,CON_FALLECIDOS,Caida,Inobservancia de senales,50,FALLECIDO,HOMBRE,PEATON,62,LESIONADO,MUJER,MOTOCICLETA,29,LESIONADO,HOMBRE,CICLISTA
2024-10-16 02:57:36,-3.985314,-79.192760,Calle Rocafuerte,CON_LESIONADOS,Incendio,Fatiga del conductor,13,LESIONADO,HOMBRE,VEH_LIVIANO,,,,,,,,
2024-06-15 20:24:03,-4.018429,-79.208421,Ruta 35,CON_FALLECIDOS,Choque Vehicular,Distraccion (celular/radio),46,FALLECIDO,NO_REGISTRA,CICLISTA,17,LESIONADO,HOMBRE,MOTOCICLETA,8,LESIONADO,NO_REGISTRA,PEATON
2024-07-14 20:31:12,-4.029996,-79.212879,Ruta 35,CON_LESIONADOS,Atropellamiento,Mal estado de la via,50,LESIONADO,HOMBRE,OTRO,,,,,,,,
2024-12-13 21:57:40,-4.030943,-79.189131,Calle Sucre,CON_FALLECIDOS,Caida,Factores externos,81,FALLECIDO,HOMBRE,OTRO,19,LESIONADO,NO_REGISTRA,PEATON,60,LESIONADO,NO_REGISTRA,OTRO
2024-06-15 10:59:10,-4.023470,-79.195706,Av. Manuel Agustin Aguirre,CON_FALLECIDOS,Incendio,Visibilidad reducida,76,FALLECIDO,HOMBRE,OTRO,84,FALLECIDO,MUJER,SCOOTER,77,LESIONADO,NO_REGISTRA,MOTOCICLETA
2024-07-15 17:55:14,-4.014343,-79.212560,Calle Quito,CON_FALLECIDOS,Accidente Laboral,Imprudencia del conductor,67,FALLECIDO,MUJER,PEATON,28,LESIONADO,MUJER,CICLISTA,,,,
2024-11-20 06:40:36,-3.996055,-79.203499,Ruta 35,CON_LESIONADOS,Atropellamiento,Visibilidad reducida,7,LESIONADO,NO_REGISTRA,OTRO,66,LESIONADO,HOMBRE,PEATON,21,LESIONADO,MUJER,SCOOTER
2024-02-09 17:43:02,-3.996569,-79.216071,Via Loja - Zamora,SOLO_DANOS,Accidente Laboral,Mal estado de la via,,,,,,,,,,,,
2024-11-09 15:24:58,-4.021678,-79.189231,Calle Montufar,CON_LESIONADOS,Choque Vehicular,Imprudencia del conductor,6,LESIONADO,HOMBRE,CICLISTA,,,,,,,,
2024-10-05 18:15:44,-4.004584,-79.191711,Via Loja - Zamora,SOLO_DANOS,Colision Multiple,Inobservancia de senales,,,,,,,,,,,,
2024-04-16 11:30:12,-3.983751,-79.224454,Av. Metropolitana,CON_FALLECIDOS,Choque Vehicular,Visibilidad reducida,67,FALLECIDO,HOMBRE,VEH_LIVIANO,76,LESIONADO,MUJER,VEH_LIVIANO,19,LESIONADO,MUJER,SCOOTER
2024-12-18 15:35:46,-4.006381,-79.171402,Via Loja - Zamora,CON_FALLECIDOS,Caida,Equipo de seguridad deficiente,76,FALLECIDO,HOMBRE,MOTOCICLETA,66,FALLECIDO,NO_REGISTRA,SCOOTER,76,LESIONADO,MUJER,MOTOCICLETA
2024-08-03 07:33:40,-4.032959,-79.210567,Av. Gran Colombia,CON_FALLECIDOS,Volcamiento,Inobservancia de senales,68,FALLECIDO,HOMBRE,VEH_LIVIANO,54,FALLECIDO,MUJER,VEH_LIVIANO,35,LESIONADO,NO_REGISTRA,CICLISTA
2024-10-17 13:38:19,-4.029345,-79.194369,Calle Mercadillo,SOLO_DANOS,Choque Vehicular,Falla mecanica,,,,,,,,,,,,
2024-01-27 22:27:37,-3.981133,-79.198769,Av. Gran Colombia,SOLO_DANOS,Colision Multiple,Visibilidad reducida,,,,,,,,,,,,
2024-09-17 13:01:09,-4.002499,-79.212755,Ruta 35,CON_FALLECIDOS,Accidente Laboral,Exceso de velocidad,66,FALLECIDO,HOMBRE,SCOOTER,77,FALLECIDO,NO_REGISTRA,MOTOCICLETA,48,LESIONADO,NO_REGISTRA,SCOOTER
2024-03-20 00:51:29,-4.034872,-79.174135,Via Loja - Catamayo,CON_FALLECIDOS,Colision Multiple,Fatiga del conductor,48,FALLECIDO,MUJER,OTRO,70,LESIONADO,MUJER,OTRO,,,,
2024-03-31 02:51:40,-4.024939,-79.207719,Calle 10 de Agosto,CON_FALLECIDOS,Incendio,Mal estado de la via,77,FALLECIDO,MUJER,PEATON,41,LESIONADO,NO_REGISTRA,VEH_LIVIANO,73,LESIONADO,HOMBRE,SCOOTER
2024-10-31 04:33:41,-3.995216,-79.175886,Calle Imbabura,CON_FALLECIDOS,Atropellamiento,Mal estado de la via,28,FALLECIDO,MUJER,PEATON,,,,,,,,
2024-08-01 09:25:18,-4.036441,-79.195824,Calle 10 de Agosto,SOLO_DANOS,Atropellamiento,Falla mecanica,,,,,,,,,,,,
2024-09-11 07:42:56,-3.995379,-79.204256,Av. Pio Jaramillo,CON_FALLECIDOS,Caida,Via resbaladiza o mojada,48,FALLECIDO,HOMBRE,PEATON,69,LESIONADO,HOMBRE,PEATON,36,LESIONADO,HOMBRE,CICLISTA
2024-05-22 06:19:22,-4.007219,-79.192316,Av. 8 de Diciembre,SOLO_DANOS,Caida,Via resbaladiza o mojada,,,,,,,,,,,,
2024-03-03 14:01:47,-3.988374,-79.219384,Av. Gran Colombia,CON_FALLECIDOS,Accidente Laboral,Imprudencia del conductor,28,FALLECIDO,HOMBRE,MOTOCICLETA,,,,,,,,
2024-04-21 10:23:00,-4.022462,-79.198617,Calle Saraguro,SOLO_DANOS,Colision Multiple,Inobservancia de senales,,,,,,,,,,,,
2024-03-18 05:29:16,-4.031730,-79.201004,Ruta 35,CON_LESIONADOS,Accidente Laboral,Falla mecanica,77,LESIONADO,NO_REGISTRA,MOTOCICLETA,36,LESIONADO,HOMBRE,CICLISTA,24,LESIONADO,MUJER,VEH_LIVIANO
2024-06-15 13:19:43,-4.018573,-79.185686,Av. Reinaldo Espinosa,SOLO_DANOS,Accidente Laboral,Inobservancia de senales,,,,,,,,,,,,
2024-07-25 17:01:00,-4.013313,-79.199152,Calle Imbabura,CON_FALLECIDOS,Incendio,Fatiga del conductor,76,FALLECIDO,NO_REGISTRA,CICLISTA,34,LESIONADO,MUJER,SCOOTER,,,,
2024-05-19 19:20:14,-4.003114,-79.176379,Av. Gran Colombia,CON_LESIONADOS,Choque Vehicular,Falla mecanica,42,LESIONADO,MUJER,SCOOTER,34,LESIONADO,HOMBRE,PEATON,,,,
2024-08-08 00:07:29,-4.013111,-79.209938,Calle Ramon Borrero,CON_FALLECIDOS,Choque Vehicular,Falla mecanica,24,FALLECIDO,HOMBRE,SCOOTER,72,LESIONADO,NO_REGISTRA,MOTOCICLETA,,,,
2024-01-19 12:12:39,-4.008457,-79.211468,Calle Azogues,CON_FALLECIDOS,Caida,Fatiga del conductor,44,FALLECIDO,HOMBRE,OTRO,41,FALLECIDO,MUJER,CICLISTA,,,,
2024-02-24 01:46:32,-3.996017,-79.204176,Calle Rocafuerte,SOLO_DANOS,Colision Multiple,Via resbaladiza o mojada,,,,,,,,,,,,
2024-11-28 08:22:50,-3.995255,-79.190868,Calle Bolivar,SOLO_DANOS,Caida,Estado de embriaguez,,,,,,,,,,,,
2024-05-03 12:48:13,-4.016870,-79.220928,Av. Gran Colombia,CON_LESIONADOS,Incendio,Visibilidad reducida,71,LESIONADO,NO_REGISTRA,VEH_LIVIANO,61,LESIONADO,NO_REGISTRA,OTRO,,,,
2024-07-13 00:34:24,-4.028600,-79.226525,Av. Cuxibamba,SOLO_DANOS,Choque Vehicular,Inobservancia de senales,,,,,,,,,,,,
2024-01-24 19:10:55,-4.011556,-79.194731,Av. Reinaldo Espinosa,CON_LESIONADOS,Caida,Exceso de velocidad,31,LESIONADO,NO_REGISTRA,MOTOCICLETA,,,,,,,,
2024-02-09 00:07:05,-4.018165,-79.190089,Calle Montufar,CON_FALLECIDOS,Incendio,Falla mecanica,45,FALLECIDO,NO_REGISTRA,OTRO,19,LESIONADO,MUJER,CICLISTA,18,LESIONADO,MUJER,OTRO
2024-02-02 05:04:48,-4.027480,-79.215437,Av. Orillas del Zamora,CON_LESIONADOS,Incendio,Falla mecanica,6,LESIONADO,MUJER,VEH_LIVIANO,14,LESIONADO,HOMBRE,SCOOTER,13,LESIONADO,NO_REGISTRA,CICLISTA
2024-07-01 15:44:19,-4.027643,-79.189016,Calle Saraguro,CON_LESIONADOS,Incendio,Distraccion (celular/radio),17,LESIONADO,NO_REGISTRA,VEH_LIVIANO,16,LESIONADO,MUJER,PEATON,,,,
2024-11-30 09:03:43,-3.997759,-79.197191,Calle Montufar,SOLO_DANOS,Choque Vehicular,Exceso de velocidad,,,,,,,,,,,,
2024-06-24 19:50:44,-3.995194,-79.190894,Calle Mercadillo,CON_LESIONADOS,Choque Vehicular,Via resbaladiza o mojada,5,LESIONADO,MUJER,OTRO,20,LESIONADO,HOMBRE,SCOOTER,,,,
2024-11-28 23:21:58,-4.018010,-79.177107,Calle Rocafuerte,CON_LESIONADOS,Accidente Laboral,Equipo de seguridad deficiente,75,LESIONADO,NO_REGISTRA,MOTOCICLETA,36,LESIONADO,HOMBRE,CICLISTA,,,,
2024-12-30 13:02:39,-4.016227,-79.190360,Calle Sucre,CON_LESIONADOS,Atropellamiento,Inobservancia de senales,44,LESIONADO,NO_REGISTRA,VEH_LIVIANO,50,LESIONADO,HOMBRE,OTRO,,,,
2024-11-16 12:32:50,-3.978336,-79.172510,Calle 10 de Agosto,CON_LESIONADOS,Atropellamiento,Exceso de velocidad,51,LESIONADO,NO_REGISTRA,SCOOTER,28,LESIONADO,HOMBRE,OTRO,6,LESIONADO,NO_REGISTRA,VEH_LIVIANO
2024-05-22 08:47:43,-4.026407,-79.197167,Av. Isidro Ayora,CON_FALLECIDOS,Accidente Laboral,Falla mecanica,74,FALLECIDO,NO_REGISTRA,CICLISTA,12,LESIONADO,NO_REGISTRA,OTRO,,,,
2024-03-21 03:35:24,-4.018304,-79.212175,Via Loja - Zamora,SOLO_DANOS,Choque Vehicular,Mal estado de la via,,,,,,,,,,,,
2024-09-27 07:55:45,-3.996140,-79.215341,Calle 18 de Noviembre,SOLO_DANOS,Colision Multiple,Factores externos,,,,,,,,,,,,
2024-12-08 01:44:52,-4.036823,-79.184425,Av. Gran Colombia,SOLO_DANOS,Accidente Laboral,Inobservancia de senales,,,,,,,,,,,,
2024-09-27 00:41:37,-4.004573,-79.180592,Av. 8 de Diciembre,CON_FALLECIDOS,Incendio,Estado de embriaguez,83,FALLECIDO,MUJER,PEATON,68,LESIONADO,MUJER,PEATON,,,,
2024-05-22 12:12:15,-3.981699,-79.222061,Av. Manuel Agustin Aguirre,CON_FALLECIDOS,Accidente Laboral,Visibilidad reducida,22,FALLECIDO,MUJER,PEATON,32,LESIONADO,NO_REGISTRA,MOTOCICLETA,,,,
2024-04-27 18:57:05,-4.000984,-79.205713,Calle Bolivar,CON_LESIONADOS,Colision Multiple,Falla mecanica,74,LESIONADO,MUJER,OTRO,32,LESIONADO,MUJER,OTRO,31,LESIONADO,HOMBRE,CICLISTA
2024-05-01 12:55:14,-4.018141,-79.211707,Ruta 35,CON_LESIONADOS,Caida,Distraccion (celular/radio),57,LESIONADO,HOMBRE,CICLISTA,,,,,,,,
2024-10-10 05:30:02,-4.033426,-79.185682,Av. Reinaldo Espinosa,SOLO_DANOS,Colision Multiple,Estado de embriaguez,,,,,,,,,,,,
2024-09-05 14:39:53,-3.997302,-79.208133,Calle Saraguro,SOLO_DANOS,Volcamiento,Factores externos,,,,,,,,,,,,
2024-12-05 16:34:14,-3.978066,-79.210733,Calle Miguel Riofrio,SOLO_DANOS,Accidente Laboral,Inobservancia de senales,,,,,,,,,,,,
2024-09-18 10:01:52,-3.979524,-79.192736,Av. Reinaldo Espinosa,CON_FALLECIDOS,Choque Vehicular,Visibilidad reducida,27,FALLECIDO,HOMBRE,CICLISTA,41,FALLECIDO,HOMBRE,PEATON,20,LESIONADO,NO_REGISTRA,VEH_LIVIANO
2024-04-19 20:08:19,-4.022042,-79.177730,Calle Saraguro,SOLO_DANOS,Colision Multiple,Visibilidad reducida,,,,,,,,,,,,