fecha_hora,latitud,longitud,via,grado_severidad,tipo_siniestro,causa_probable,victima1_edad,victima1_condicion,victima1_sexo,victima1_actor_vial,victima2_edad,victima2_condicion,victima2_sexo,victima2_actor_vial,victima3_edad,victima3_condicion,victima3_sexo,victima3_actor_vial
2024-06-17 17:35:50,-4.023827,-79.177063,Calle Imbabura,CON_LESIONADOS,Volcamiento,Via resbaladiza o mojada,20,LESIONADO,HOMBRE,SCOOTER,16,LESIONADO,NO_REGISTRA,VEH_LIVIANO,33,LESIONADO,NO_REGISTRA,CICLISTA
2024-11-16 04:07:52,-4.010422,-79.226431,Via Loja - Catamayo,CON_LESIONADOS,Incendio,Distraccion (celular/radio),44,LESIONADO,HOMBRE,PEATON,73,LESIONADO,NO_REGISTRA,SCOOTER,,,,
2024-01-03 19:39:15,-3.994446,-79.183791,Via Loja - Zamora,CON_FALLECIDOS,Colision Multiple,Exceso de velocidad,49,FALLECIDO,NO_REGISTRA,CICLISTA,45,LESIONADO,NO_REGISTRA,CICLISTA,,,,
2024-11-26 04:49:49,-4.008763,-79.210529,Av. Metropolitana,SOLO_DANOS,Incendio,Fatiga del conductor,,,,,,,,,,,,
2024-03-27 20:54:47,-4.010095,-79.177243,Calle Quito,SOLO_DANOS,Caida,Mal estado de la via,9,LESIONADO,HOMBRE,SCOOTER,,,,,,,,
2024-08-11 20:52:14,-4.016731,-79.211046,Calle Sucre,CON_FALLECIDOS,Accidente Laboral,Falla mecanica,40,FALLECIDO,HOMBRE,PEATON,,,,,,,,
2024-03-22 04:01:38,-3.989438,-79.218889,Calle Ramon Borrero,SOLO_DANOS,Caida,Equipo de seguridad deficiente,,,,,,,,,,,,
2024-06-08 14:41:00,-4.015317,-79.226467,Av. Reinaldo Espinosa,SOLO_DANOS,Choque Vehicular,Imprudencia del conductor,,,,,,,,,,,,
2024-12-06 15:09:46,-4.026902,-79.182344,Av. Cuxibamba,CON_FALLECIDOS,Colision Multiple,Distraccion (celular/radio),41,FALLECIDO,MUJER,PEATON,79,FALLECIDO,MUJER,PEATON,75,LESIONADO,HOMBRE,CICLISTA
2024-01-03 07:21:04,-4.025284,-79.209656,Calle Azogues,CON_FALLECIDOS,Volcamiento,Distraccion (celular/radio),37,FALLECIDO,NO_REGISTRA,MOTOCICLETA,,,,,,,,
2024-04-30 21:27:07,-4.023803,-79.225361,Av. Reinaldo Espinosa,SOLO_DANOS,Choque Vehicular,Falla mecanica,,,,,,,,,,,,
2024-11-08 03:05:55,-4.001910,-79.184562,Av. Reinaldo Espinosa,CON_FALLECIDOS,Volcamiento,Imprudencia del conductor,40,FALLECIDO,MUJER,PEATON,62,FALLECIDO,NO_REGISTRA,CICLISTA,8,LESIONADO,NO_REGISTRA,MOTOCICLETA
2024-05-07 12:45:38,-4.030114,-79.181400,Av. Metropolitana,CON_LESIONADOS,Incendio,Mal estado de la via,7,LESIONADO,NO_REGISTRA,VEH_LIVIANO,,,,,,,,
2024-07-24 05:39:23,-4.025564,-79.185135,Calle Imbabura,CON_LESIONADOS,Colision Multiple,Falla mecanica,15,LESIONADO,NO_REGISTRA,SCOOTER,7,LESIONADO,HOMBRE,MOTOCICLETA,,,,
2024-08-05 16:41:16,-3.987382,-79.184692,Calle 10 de Agosto,SOLO_DANOS,Incendio,Estado de embriaguez,,,,,,,,,,,,
2024-01-27 05:09:08,-4.012297,-79.179084,Calle Mercadillo,CON_LESIONADOS,Colision Multiple,Via resbaladiza o mojada,17,LESIONADO,NO_REGISTRA,VEH_LIVIANO,,,,,,,,
2024-11-17 02:55:47,-4.011602,-79.217691,Av. Reinaldo Espinosa,CON_LESIONADOS,Caida,Imprudencia del conductor,69,LESIONADO,MUJER,PEATON,,,,,,,,
2024-12-02 02:27:54,-3.989259,-79.176861,Av. Rosa Hermosa,CON_FALLECIDOS,Caida,Estado de embriaguez,56,FALLECIDO,MUJER,PEATON,74,FALLECIDO,MUJER,VEH_LIVIANO,,,,
2024-11-13 04:52:18,-4.029767,-79.183785,Calle Miguel Riofrio,CON_FALLECIDOS,Colision Multiple,Via resbaladiza o mojada,36,FALLECIDO,NO_REGISTRA,CICLISTA,52,FALLECIDO,NO_REGISTRA,PEATON,79,LESIONADO,HOMBRE,PEATON
2024-12-27 21:38:43,-3.997321,-79.202914,Av. Manuel Agustin Aguirre,CON_LESIONADOS,Volcamiento,Exceso de velocidad,21,LESIONADO,MUJER,CICLISTA,24,LESIONADO,HOMBRE,MOTOCICLETA,,,,
2024-09-16 10:04:43,-4.018350,-79.181110,Calle Miguel Riofrio,SOLO_DANOS,Incendio,Equipo de seguridad deficiente,,,,,,,,,,,,
2024-08-26 01:37:49,-4.015579,-79.202474,Calle Colon,CON_LESIONADOS,Volcamiento,Factores externos,42,LESIONADO,MUJER,SCOOTER,,,,,,,,
2024-09-18 14:26:40,-4.032746,-79.217333,Calle Rocafuerte,SOLO_DANOS,Atropellamiento,Imprudencia del conductor,,,,,,,,,,,,
2024-02-02 21:05:08,-4.003412,-79.196101,Calle Rocafuerte,CON_LESIONADOS,Incendio,Inobservancia de senales,22,LESIONADO,HOMBRE,PEATON,,,,,,,,
2024-12-23 19:55:48,-4.026106,-79.208106,Av. Isidro Ayora,CON_FALLECIDOS,Volcamiento,Visibilidad reducida,18,FALLECIDO,NO_REGISTRA,OTRO,42,LESIONADO,MUJER,SCOOTER,,,,
2024-07-19 19:03:27,-4.023370,-79.201005,Calle Bolivar,CON_LESIONADOS,Accidente Laboral,Falla mecanica,20,LESIONADO,HOMBRE,MOTOCICLETA,32,LESIONADO,NO_REGISTRA,OTRO,,,,
2024-02-19 12:51:03,-3.989183,-79.207603,Av. Cuxibamba,SOLO_DANOS,Atropellamiento,Inobservancia de senales,,,,,,,,,,,,
2024-08-26 17:31:41,-4.011831,-79.222426,Av. Manuel Agustin Aguirre,SOLO_DANOS,Colision Multiple,Visibilidad reducida,,,,,,,,,,,,
2024-02-26 01:42:56,-4.030377,-79.220592,Av. Isidro Ayora,SOLO_DANOS,Colision Multiple,Equipo de seguridad deficiente,,,,,,,,,,,,
2024-09-30 08:33:12,-3.981439,-79.228921,Av. Manuel Agustin Aguirre,CON_LESIONADOS,Caida,Inobservancia de senales,32,LESIONADO,HOMBRE,OTRO,52,LESIONADO,NO_REGISTRA,OTRO,,,,
2024-07-09 08:31:10,-4.027444,-79.213092,Av. Universitaria,SOLO_DANOS,Incendio,Factores externos,,,,,,,,,,,,
2024-10-24 21:37:23,-4.026001,-79.188058,Calle Ramon Borrero,CON_FALLECIDOS,Colision Multiple,Factores externos,64,FALLECIDO,NO_REGISTRA,VEH_LIVIANO,55,LESIONADO,HOMBRE,SCOOTER,,,,
2024-02-29 04:17:49,-3.997680,-79.197784,Calle Sucre,SOLO_DANOS,Choque Vehicular,Fatiga del conductor,,,,,,,,,,,,
2024-02-20 22:28:38,-3.979834,-79.203442,Av. Cuxibamba,CON_LESIONADOS,Caida,Inobservancia de senales,36,LESIONADO,MUJER,VEH_LIVIANO,18,LESIONADO,HOMBRE,MOTOCICLETA,51,LESIONADO,NO_REGISTRA,MOTOCICLETA
2024-04-02 14:11:54,-4.005757,-79.174320,Calle Mercadillo,CON_FALLECIDOS,Caida,Inobservancia de senales,25,FALLECIDO,NO_REGISTRA,OTRO,58,FALLECIDO,NO_REGISTRA,PEATON,39,LESIONADO,MUJER,PEATON
2024-04-20 11:48:22,-4.019085,-79.175415,Calle 10 de Agosto,SOLO_DANOS,Accidente Laboral,Imprudencia del conductor,,,,,,,,,,,,
2024-01-25 16:44:44,-3.977396,-79.199671,Calle Miguel Riofrio,SOLO_DANOS,Choque Vehicular,Exceso de velocidad,,,,,,,,,,,,
2024-12-08 04:26:26,-4.034541,-79.184471,Av. Manuel Agustin Aguirre,CON_LESIONADOS,Caida,Falla mecanica,22,LESIONADO,MUJER,VEH_LIVIANO,,,,,,,,
2024-10-16 05:14:16,-3.997210,-79.181325,Calle Ramon Borrero,SOLO_DANOS,Choque Vehicular,Estado de embriaguez,,,,,,,,,,,,
2024-03-17 23:33:39,-3.996708,-79.176593,Av. Manuel Agustin Aguirre,CON_FALLECIDOS,Accidente Laboral,Fatiga del conductor,65,FALLECIDO,NO_REGISTRA,PEATON,23,FALLECIDO,NO_REGISTRA,CICLISTA,,,,
2024-11-09 19:37:41,-3.978889,-79.213961,Via Loja - Catamayo,CON_FALLECIDOS,Colision Multiple,Via resbaladiza o mojada,71,FALLECIDO,NO_REGISTRA,SCOOTER,64,FALLECIDO,HOMBRE,OTRO,55,LESIONADO,NO_REGISTRA,VEH_LIVIANO
2024-08-20 13:26:06,-4.001693,-79.191342,Calle Miguel Riofrio,CON_FALLECIDOS,Choque Vehicular,Estado de embriaguez,51,FALLECIDO,NO_REGISTRA,SCOOTER,,,,,,,,
2024-04-08 04:29:58,-4.016729,-79.201213,Av. Metropolitana,SOLO_DANOS,Volcamiento,Distraccion (celular/radio),,,,,,,,,,,,
2024-08-16 03:07:31,-4.000599,-79.205116,Av. Universitaria,SOLO_DANOS,Caida,Estado de embriaguez,,,,,,,,,,,,
2024-02-24 09:57:56,-4.028314,-79.211112,Av. Pio Jaramillo,CON_LESIONADOS,Caida,Falla mecanica,33,LESIONADO,MUJER,OTRO,14,LESIONADO,HOMBRE,CICLISTA,78,LESIONADO,HOMBRE,MOTOCICLETA
2024-04-10 05:11:25,-3.982070,-79.208777,Av. Orillas del Zamora,CON_FALLECIDOS,Incendio,Exceso de velocidad,25,FALLECIDO,NO_REGISTRA,VEH_LIVIANO,50,FALLECIDO,HOMBRE,PEATON,,,,
2024-12-14 04:57:17,-3.989040,-79.218489,Av. Pio Jaramillo,CON_LESIONADOS,Atropellamiento,Mal estado de la via,42,LESIONADO,NO_REGISTRA,CICLISTA,,,,,,,,
2024-05-24 02:28:25,-4.036245,-79.210180,Av. Manuel Agustin Aguirre,SOLO_DANOS,Volcamiento,Inobservancia de senales,,,,,,,,,,,,
2024-11-06 01:35:43,-4.034844,-79.193135,Av. Isidro Ayora,SOLO_DANOS,Atropellamiento,Equipo de seguridad deficiente,,,,,,,,,,,,
2024-11-21 07:31:37,-4.001117,-79.206996,Calle Rocafuerte,CON_FALLECIDOS,Volcamiento,Mal estado de la via,59,FALLECIDO,HOMBRE,PEATON,72,FALLECIDO,NO_REGISTRA,SCOOTER,,,,
2024-09-08 00:24:29,-4.002829,-79.217844,Calle Colon,SOLO_DANOS,Incendio,Fatiga del conductor,,,,,,,,,,,,
2024-04-29 23:28:35,-4.007444,-79.195094,Calle Mercadillo,SOLO_DANOS,Incendio,Imprudencia del conductor,57,LESIONADO,HOMBRE,OTRO,,,,,,,,
2024-01-09 01:02:33,-4.012376,-79.186820,Calle 10 de Agosto,CON_FALLECIDOS,Choque Vehicular,Factores externos,77,FALLECIDO,NO_REGISTRA,OTRO,5,LESIONADO,HOMBRE,MOTOCICLETA,,,,
2024-03-31 07:31:03,-4.003016,-79.228955,Calle Bolivar,SOLO_DANOS,Choque Vehicular,Visibilidad reducida,,,,,,,,,,,,
2024-04-09 11:30:53,-3.996005,-79.218163,Av. Gran Colombia,CON_FALLECIDOS,Volcamiento,Imprudencia del conductor,29,FALLECIDO,NO_REGISTRA,SCOOTER,,,,,,,,
2024-09-17 02:15:24,-3.991483,-79.211017,Av. Cuxibamba,SOLO_DANOS,Accidente Laboral,Estado de embriaguez,,,,,,,,,,,,
2024-08-10 10:23:29,-4.030184,-79.177371,Calle Imbabura,CON_FALLECIDOS,Volcamiento,Estado de embriaguez,20,FALLECIDO,MUJER,OTRO,55,LESIONADO,NO_REGISTRA,PEATON,37,LESIONADO,NO_REGISTRA,VEH_LIVIANO
2024-06-08 23:06:32,-3.977084,-79.211279,Calle Quito,SOLO_DANOS,Atropellamiento,Falla mecanica,,,,,,,,,,,,
2024-03-17 09:48:32,-3.985304,-79.179026,Calle Saraguro,SOLO_DANOS,Volcamiento,Estado de embriaguez,,,,,,,,,,,,
2024-03-06 07:09:51,-4.032077,-79.185196,Calle Sucre,CON_LESIONADOS,Atropellamiento,Imprudencia del conductor,69,LESIONADO,MUJER,OTRO,,,,,,,,
2024-12-10 14:53:54,-4.002741,-79.205883,Calle Colon,CON_LESIONADOS,Choque Vehicular,Falla mecanica,67,LESIONADO,NO_REGISTRA,PEATON,59,LESIONADO,MUJER,MOTOCICLETA,,,,
2024-12-05 17:05:12,-4.025807,-79.214278,Via Loja - Catamayo,CON_FALLECIDOS,Colision Multiple,Estado de embriaguez,84,FALLECIDO,HOMBRE,PEATON,48,LESIONADO,MUJER,CICLISTA,40,LESIONADO,NO_REGISTRA,OTRO
2024-08-11 04:59:36,-4.008527,-79.229585,Calle Bolivar,SOLO_DANOS,Choque Vehicular,Equipo de seguridad deficiente,,,,,,,,,,,,
2024-10-20 02:26:22,-4.007157,-79.182028,Calle Ramon Borrero,SOLO_DANOS,Accidente Laboral,Fatiga del conductor,,,,,,,,,,,,
2024-10-19 08:38:51,-4.022264,-79.230299,Ruta 35,SOLO_DANOS,Incendio,Mal estado de la via,,,,,,,,,,,,
2024-10-28 04:51:12,-4.004529,-79.173316,Av. Orillas del Zamora,SOLO_DANOS,Incendio,Fatiga del conductor,,,,,,,,,,,,
2024-01-06 05:21:03,-3.982988,-79.197994,Av. Gran Colombia,CON_FALLECIDOS,Incendio,Equipo de seguridad deficiente,55,FALLECIDO,NO_REGISTRA,MOTOCICLETA,50,LESIONADO,MUJER,MOTOCICLETA,,,,
2024-02-20 18:40:29,-4.032307,-79.199101,Av. Manuel Agustin Aguirre,CON_FALLECIDOS,Accidente Laboral,Imprudencia del conductor,43,FALLECIDO,NO_REGISTRA,VEH_LIVIANO,5,LESIONADO,NO_REGISTRA,PEATON,55,LESIONADO,HOMBRE,SCOOTER
2024-02-10 15:12:27,-4.033734,-79.213066,Av. Manuel Agustin Aguirre,CON_FALLECIDOS,Volcamiento,Inobservancia de senales,77,FALLECIDO,HOMBRE,MOTOCICLETA,,,,,,,,
2024-03-12 15:11:01,-4.035581,-79.189585,Calle Mercadillo,CON_FALLECIDOS,Atropellamiento,Visibilidad reducida,46,FALLECIDO,MUJER,PEATON,,,,,,,,
2024-01-24 21:14:35,-4.002707,-79.172278,Av. Reinaldo Espinosa,CON_FALLECIDOS,Caida,Inobservancia de senales,21,FALLECIDO,MUJER,OTRO,72,FALLECIDO,NO_REGISTRA,SCOOTER,72,LESIONADO,HOMBRE,MOTOCICLETA
2024-07-22 22:39:30,-4.024533,-79.182896,Av. Pio Jaramillo,CON_FALLECIDOS,Caida,Inobservancia de senales,34,FALLECIDO,NO_REGISTRA,MOTOCICLETA,68,FALLECIDO,NO_REGISTRA,VEH_LIVIANO,,,,
2024-11-24 18:52:12,-3.980397,-79.205327,Av. Reinaldo Espinosa,SOLO_DANOS,Incendio,Distraccion (celular/radio),,,,,,,,,,,,
2024-10-03 03:32:17,-4.014878,-79.181676,Calle 10 de Agosto,CON_FALLECIDOS,Incendio,Equipo de seguridad deficiente,23,FALLECIDO,MUJER,OTRO,84,FALLECIDO,NO_REGISTRA,PEATON,,,,
2024-01-19 08:01:20,-3.979676,-79.189963,Calle Mercadillo,CON_FALLECIDOS,Choque Vehicular,Estado de embriaguez,18,FALLECIDO,MUJER,VEH_LIVIANO,27,FALLECIDO,MUJER,OTRO,76,LESIONADO,MUJER,VEH_LIVIANO
2024-07-17 20:26:38,-3.993846,-79.223814,Calle Imbabura,CON_FALLECIDOS,Choque Vehicular,Falla mecanica,43,FALLECIDO,NO_REGISTRA,PEATON,48,FALLECIDO,HOMBRE,CICLISTA,79,LESIONADO,NO_REGISTRA,OTRO
2024-05-11 17:20:10,-3.984422,-79.195561,Av. Isidro Ayora,CON_FALLECIDOS,Caida,Exceso de velocidad,21,FALLECIDO,NO_REGISTRA,PEATON,16,LESIONADO,MUJER,PEATON,41,LESIONADO,MUJER,CICLISTA
2024-12-13 01:56:42,-3.992866,-79.201766,Calle Azogues,SOLO_DANOS,Choque Vehicular,Inobservancia de senales,,,,,,,,,,,,
2024-02-15 20:54:11,-4.016813,-79.172513,Calle Mercadillo,CON_FALLECIDOS,Accidente Laboral,Factores externos,38,FALLECIDO,MUJER,CICLISTA,,,,,,,,
2024-06-02 21:50:30,-3.979872,-79.223124,Av. 8 de Diciembre,SOLO_DANOS,Caida,Inobservancia de senales,,,,,,,,,,,,
2024-09-20 23:02:31,-4.033251,-79.223698,Av. Metropolitana,SOLO_DANOS,Atropellamiento,Inobservancia de senales,,,,,,,,,,,,
2024-11-12 06:12:49,-3.992785,-79.194125,Calle Quito,SOLO_DANOS,Incendio,Distraccion (celular/radio),46,LESIONADO,HOMBRE,SCOOTER,,,,,,,,
2024-08-27 19:34:33,-3.977856,-79.182192,Calle Ramon Borrero,SOLO_DANOS,Accidente Laboral,Equipo de seguridad deficiente,,,,,,,,,,,,
2024-12-31 18:59:19,-4.010165,-79.192299,Av. Gran Colombia,CON_FALLECIDOS,Choque Vehicular,Falla mecanica,84,FALLECIDO,HOMBRE,PEATON,51,FALLECIDO,HOMBRE,CICLISTA,75,LESIONADO,MUJER,OTRO
2024-12-01 16:56:53,-3.979225,-79.222920,Calle Colon,CON_LESIONADOS,Choque Vehicular,Factores externos,21,LESIONADO,NO_REGISTRA,CICLISTA,66,LESIONADO,MUJER,VEH_LIVIANO,,,,
2024-05-15 14:09:20,-4.017188,-79.184440,Av. Isidro Ayora,CON_FALLECIDOS,Atropellamiento,Estado de embriaguez,60,FALLECIDO,HOMBRE,CICLISTA,52,FALLECIDO,HOMBRE,PEATON,,,,
2024-06-13 03:10:30,-3.994028,-79.225292,Calle Ramon Borrero,CON_FALLECIDOS,Caida,Imprudencia del conductor,58,FALLECIDO,NO_REGISTRA,PEATON,70,LESIONADO,NO_REGISTRA,MOTOCICLETA,10,LESIONADO,NO_REGISTRA,PEATON
2024-03-18 18:28:20,-4.019024,-79.198928,Calle Bolivar,SOLO_DANOS,Atropellamiento,Distraccion (celular/radio),,,,,,,,,,,,
2024-10-22 22:55:47,-4.036410,-79.204891,Av. Orillas del Zamora,CON_LESIONADOS,Choque Vehicular,Visibilidad reducida,44,LESIONADO,NO_REGISTRA,MOTOCICLETA,31,LESIONADO,NO_REGISTRA,SCOOTER,35,LESIONADO,MUJER,SCOOTER
2024-09-13 04:42:13,-4.033051,-79.196559,Calle Mercadillo,CON_LESIONADOS,Choque Vehicular,Falla mecanica,21,LESIONADO,HOMBRE,MOTOCICLETA,26,LESIONADO,HOMBRE,PEATON,,,,
2024-08-14 18:58:37,-3.979495,-79.199752,Calle Montufar,CON_LESIONADOS,Volcamiento,Equipo de seguridad deficiente,46,LESIONADO,MUJER,SCOOTER,,,,,,,,
2024-11-15 09:14:44,-3.977247,-79.223178,Calle 18 de Noviembre,SOLO_DANOS,Caida,Visibilidad reducida,,,,,,,,,,,,
2024-08-15 12:00:18,-4.014072,-79.210477,Av. Reinaldo Espinosa,SOLO_DANOS,Atropellamiento,Visibilidad reducida,,,,,,,,,,,,
2024-05-22 11:59:55,-3.993488,-79.193416,Av. Cuxibamba,SOLO_DANOS,Atropellamiento,Visibilidad reducida,,,,,,,,,,,,
2024-09-12 14:21:53,-3.985780,-79.196570,Calle 18 de Noviembre,CON_LESIONADOS,Atropellamiento,Visibilidad reducida,51,LESIONADO,MUJER,CICLISTA,58,LESIONADO,NO_REGISTRA,SCOOTER,12,LESIONADO,MUJER,PEATON
2024-12-24 21:19:44,-3.998557,-79.201643,Calle Rocafuerte,SOLO_DANOS,Choque Vehicular,Factores externos,64,LESIONADO,HOMBRE,MOTOCICLETA,,,,,,,,
2024-03-24 07:31:50,-4.027368,-79.180524,Av. Manuel Agustin Aguirre,SOLO_DANOS,Choque Vehicular,Mal estado de la via,,,,,,,,,,,,
2024-01-03 22:39:55,-3.979609,-79.202003,Av. Reinaldo Espinosa,CON_FALLECIDOS,Atropellamiento,Imprudencia del conductor,29,FALLECIDO,HOMBRE,OTRO,30,FALLECIDO,NO_REGISTRA,MOTOCICLETA,,,,
2024-08-19 18:54:09,-4.009290,-79.181600,Calle Rocafuerte,CON_FALLECIDOS,Choque Vehicular,Distraccion (celular/radio),44,FALLECIDO,HOMBRE,CICLISTA,10,LESIONADO,NO_REGISTRA,PEATON,,,,
2024-02-04 05:33:30,-4.015531,-79.219038,Calle Azogues,CON_FALLECIDOS,Caida,Visibilidad reducida,80,FALLECIDO,HOMBRE,MOTOCICLETA,65,LESIONADO,HOMBRE,SCOOTER,39,LESIONADO,HOMBRE,SCOOTER
2024-12-16 01:04:02,-4.015336,-79.184785,Calle 18 de Noviembre,CON_LESIONADOS,Caida,Via resbaladiza o mojada,53,LESIONADO,NO_REGISTRA,MOTOCICLETA,69,LESIONADO,NO_REGISTRA,OTRO,18,LESIONADO,MUJER,VEH_LIVIANO
2024-01-02 19:56:04,-4.023245,-79.208327,Calle Colon,CON_FALLECIDOS,Accidente Laboral,Imprudencia del conductor,70,FALLECIDO,MUJER,MOTOCICLETA,,,,,,,,
2024-03-27 22:44:47,-3.993556,-79.199924,Calle Quito,CON_LESIONADOS,Atropellamiento,Via resbaladiza o mojada,9,LESIONADO,MUJER,MOTOCICLETA,,,,,,,,
2024-01-09 17:16:50,-3.985388,-79.173171,Calle Saraguro,SOLO_DANOS,Atropellamiento,Factores externos,,,,,,,,,,,,
2024-06-07 04:22:29,-4.003503,-79.200004,Ruta 35,CON_LESIONADOS,Incendio,Mal estado de la via,47,LESIONADO,NO_REGISTRA,PEATON,10,LESIONADO,HOMBRE,VEH_LIVIANO,68,LESIONADO,MUJER,PEATON
2024-09-13 23:31:16,-3.980768,-79.228521,Via Loja - Zamora,CON_LESIONADOS,Atropellamiento,Via resbaladiza o mojada,38,LESIONADO,MUJER,PEATON,52,LESIONADO,MUJER,VEH_LIVIANO,25,LESIONADO,HOMBRE,CICLISTA
2024-07-08 13:59:04,-3.989106,-79.213316,Av. Manuel Agustin Aguirre,CON_LESIONADOS,Colision Multiple,Via resbaladiza o mojada,13,LESIONADO,NO_REGISTRA,VEH_LIVIANO,,,,,,,,
2024-11-21 03:36:11,-4.010006,-79.195808,Calle Saraguro,CON_FALLECIDOS,Atropellamiento,Falla mecanica,38,FALLECIDO,NO_REGISTRA,PEATON,69,FALLECIDO,NO_REGISTRA,CICLISTA,,,,
2024-01-26 06:52:19,-3.991330,-79.175696,Calle Sucre,CON_LESIONADOS,Volcamiento,Via resbaladiza o mojada,68,LESIONADO,NO_REGISTRA,SCOOTER,64,LESIONADO,NO_REGISTRA,VEH_LIVIANO,12,LESIONADO,HOMBRE,OTRO
2024-10-06 18:40:40,-4.012634,-79.226781,Av. Rosa Hermosa,CON_FALLECIDOS,Caida,Factores externos,30,FALLECIDO,NO_REGISTRA,OTRO,61,FALLECIDO,HOMBRE,SCOOTER,,,,
2024-06-21 20:46:52,-4.019468,-79.192875,Av. Orillas del Zamora,CON_LESIONADOS,Caida,Distraccion (celular/radio),57,LESIONADO,NO_REGISTRA,VEH_LIVIANO,39,LESIONADO,HOMBRE,OTRO,24,LESIONADO,MUJER,CICLISTA
2024-12-13 01:58:24,-3.979650,-79.215033,Calle Rocafuerte,SOLO_DANOS,Incendio,Equipo de seguridad deficiente,,,,,,,,,,,,
2024-03-12 03:28:57,-4.029681,-79.182588,Calle 10 de Agosto,SOLO_DANOS,Volcamiento,Equipo de seguridad deficiente,,,,,,,,,,,,
2024-05-16 03:41:46,-4.027993,-79.199810,Av. 8 de Diciembre,SOLO_DANOS,Choque Vehicular,Factores externos,,,,,,,,,,,,
2024-06-18 16:40:21,-3.987839,-79.174776,Av. Isidro Ayora,CON_LESIONADOS,Incendio,Equipo de seguridad deficiente,50,LESIONADO,NO_REGISTRA,SCOOTER,39,LESIONADO,MUJER,OTRO,,,,
2024-10-23 15:06:51,-4.032410,-79.188128,Calle Sucre,CON_FALLECIDOS,Accidente Laboral,Exceso de velocidad,19,FALLECIDO,HOMBRE,SCOOTER,36,FALLECIDO,NO_REGISTRA,OTRO,20,LESIONADO,NO_REGISTRA,OTRO
2024-06-11 11:44:36,-3.995898,-79.230271,Via Loja - Zamora,CON_LESIONADOS,Choque Vehicular,Estado de embriaguez,60,LESIONADO,NO_REGISTRA,PEATON,,,,,,,,
2024-05-06 20:01:15,-4.018492,-79.176156,Av. Reinaldo Espinosa,SOLO_DANOS,Colision Multiple,Fatiga del conductor,,,,,,,,,,,,
2024-08-05 07:54:46,-3.987812,-79.186817,Av. Manuel Agustin Aguirre,SOLO_DANOS,Colision Multiple,Factores externos,,,,,,,,,,,,
2024-06-16 15:22:55,-4.022961,-79.186375,Calle 10 de Agosto,CON_FALLECIDOS,Caida,Distraccion (celular/radio),70,FALLECIDO,HOMBRE,MOTOCICLETA,76,LESIONADO,NO_REGISTRA,CICLISTA,17,LESIONADO,MUJER,VEH_LIVIANO
2024-05-27 14:50:41,-4.019973,-79.204484,Av. Orillas del Zamora,CON_FALLECIDOS,Accidente Laboral,Exceso de velocidad,60,FALLECIDO,MUJER,PEATON,55,FALLECIDO,HOMBRE,OTRO,70,LESIONADO,MUJER,OTRO
2024-09-30 09:49:35,-4.031927,-79.174561,Calle Azogues,CON_LESIONADOS,Choque Vehicular,Exceso de velocidad,19,LESIONADO,HOMBRE,OTRO,5,LESIONADO,HOMBRE,SCOOTER,,,,
2024-10-15 22:01:56,-3.980995,-79.192963,Ruta 35,SOLO_DANOS,Atropellamiento,Exceso de velocidad,,,,,,,,,,,,
2024-06-01 07:50:04,-4.021725,-79.175048,Calle Azogues,CON_LESIONADOS,Caida,Visibilidad reducida,64,LESIONADO,HOMBRE,PEATON,30,LESIONADO,MUJER,MOTOCICLETA,,,,
2024-12-15 07:27:09,-3.994285,-79.212942,Av. Isidro Ayora,CON_LESIONADOS,Atropellamiento,Estado de embriaguez,42,LESIONADO,HOMBRE,SCOOTER,58,LESIONADO,MUJER,CICLISTA,71,LESIONADO,NO_REGISTRA,MOTOCICLETA
2024-07-11 22:35:48,-4.006135,-79.185399,Av. Orillas del Zamora,CON_FALLECIDOS,Volcamiento,Falla mecanica,39,FALLECIDO,MUJER,CICLISTA,46,FALLECIDO,HOMBRE,OTRO,78,LESIONADO,HOMBRE,OTRO
2024-04-19 01:30:58,-4.012369,-79.198817,Av. 8 de Diciembre,CON_FALLECIDOS,Choque Vehicular,Via resbaladiza o mojada,39,FALLECIDO,NO_REGISTRA,MOTOCICLETA,18,LESIONADO,MUJER,OTRO,,,,
2024-08-22 08:25:23,-4.030857,-79.198338,Av. 8 de Diciembre,SOLO_DANOS,Colision Multiple,Distraccion (celular/radio),41,LESIONADO,HOMBRE,PEATON,,,,,,,,
2024-06-24 08:34:23,-4.023145,-79.185374,Av. Isidro Ayora,SOLO_DANOS,Atropellamiento,Falla mecanica,,,,,,,,,,,,
2024-02-27 18:13:34,-4.005514,-79.220581,Calle Miguel Riofrio,CON_LESIONADOS,Caida,Mal estado de la via,21,LESIONADO,NO_REGISTRA,MOTOCICLETA,46,LESIONADO,NO_REGISTRA,SCOOTER,,,,
2024-12-16 22:55:02,-3.989728,-79.221402,Av. Manuel Agustin Aguirre,SOLO_DANOS,Caida,Imprudencia del conductor,,,,,,,,,,,,
2024-03-19 01:24:48,-4.026435,-79.227669,Calle 18 de Noviembre,SOLO_DANOS,Accidente Laboral,Fatiga del conductor,,,,,,,,,,,,
2024-11-14 17:44:52,-3.977739,-79.225246,Calle Miguel Riofrio,SOLO_DANOS,Volcamiento,Via resbaladiza o mojada,,,,,,,,,,,,
2024-01-15 20:13:43,-3.978605,-79.207229,Av. 8 de Diciembre,CON_LESIONADOS,Volcamiento,Equipo de seguridad deficiente,72,LESIONADO,MUJER,SCOOTER,,,,,,,,