fecha_hora,latitud,longitud,via,grado_severidad,tipo_siniestro,causa_probable,victima1_edad,victima1_condicion,victima1_sexo,victima1_actor_vial,victima2_edad,victima2_condicion,victima2_sexo,victima2_actor_vial,victima3_edad,victima3_condicion,victima3_sexo,victima3_actor_vial
2024-08-13 17:07:26,-3.985456,-79.205250,Av. Rosa Hermosa,SOLO_DANOS,Incendio,Inobservancia de senales,,,,,,,,,,,,
2024-04-05 23:23:58,-4.021910,-79.197371,Calle 18 de Noviembre,CON_LESIONADOS,Volcamiento,Imprudencia del conductor,13,LESIONADO,NO_REGISTRA,SCOOTER,75,LESIONADO,MUJER,VEH_LIVIANO,,,,
2024-03-19 09:58:33,-3.981315,-79.222174,Av. Orillas del Zamora,CON_LESIONADOS,Choque Vehicular,Fatiga del conductor,49,LESIONADO,NO_REGISTRA,PEATON,,,,,,,,
2024-12-24 23:17:08,-3.990062,-79.188148,Calle Quito,CON_LESIONADOS,Colision Multiple,Via resbaladiza o mojada,18,LESIONADO,MUJER,OTRO,59,LESIONADO,NO_REGISTRA,PEATON,,,,
2024-01-06 23:24:59,-4.031518,-79.229209,Calle 10 de Agosto,SOLO_DANOS,Atropellamiento,Falla mecanica,,,,,,,,,,,,
2024-01-27 07:02:26,-3.985461,-79.203289,Calle Ramon Borrero,SOLO_DANOS,Incendio,Factores externos,,,,,,,,,,,,
2024-08-21 03:53:14,-4.007892,-79.217210,Calle Mercadillo,SOLO_DANOS,Caida,Exceso de velocidad,,,,,,,,,,,,
2024-04-16 02:11:41,-3.982915,-79.214703,Av. Pio Jaramillo,CON_LESIONADOS,Incendio,Exceso de velocidad,65,LESIONADO,NO_REGISTRA,VEH_LIVIANO,,,,,,,,
2024-10-15 19:55:39,-3.984759,-79.218811,Av. Cuxibamba,CON_LESIONADOS,Accidente Laboral,Visibilidad reducida,51,LESIONADO,MUJER,PEATON,43,LESIONADO,NO_REGISTRA,MOTOCICLETA,42,LESIONADO,NO_REGISTRA,OTRO
2024-08-22 15:25:48,-4.034435,-79.213556,Av. Metropolitana,CON_LESIONADOS,Incendio,Estado de embriaguez,18,LESIONADO,NO_REGISTRA,VEH_LIVIANO,52,LESIONADO,NO_REGISTRA,SCOOTER,,,,
2024-11-26 16:28:34,-4.031965,-79.211949,Calle Colon,SOLO_DANOS,Choque Vehicular,Via resbaladiza o mojada,58,LESIONADO,NO_REGISTRA,MOTOCICLETA,,,,,,,,
2024-01-13 00:50:44,-3.982181,-79.214430,Av. Gran Colombia,SOLO_DANOS,Incendio,Visibilidad reducida,,,,,,,,,,,,
2024-11-18 09:15:17,-4.022877,-79.208357,Calle 18 de Noviembre,SOLO_DANOS,Caida,Equipo de seguridad deficiente,,,,,,,,,,,,
2024-04-12 23:55:08,-3.981580,-79.179668,Calle Sucre,SOLO_DANOS,Accidente Laboral,Mal estado de la via,63,LESIONADO,MUJER,OTRO,,,,,,,,
2024-03-13 02:38:14,-3.982377,-79.225403,Calle 18 de Noviembre,SOLO_DANOS,Accidente Laboral,Inobservancia de senales,70,LESIONADO,MUJER,CICLISTA,,,,,,,,
2024-12-08 15:30:34,-4.020387,-79.204961,Calle Saraguro,CON_LESIONADOS,Accidente Laboral,Equipo de seguridad deficiente,76,LESIONADO,MUJER,PEATON,,,,,,,,
2024-05-29 20:53:14,-3.994066,-79.187813,Calle Colon,CON_LESIONADOS,Incendio,Estado de embriaguez,17,LESIONADO,HOMBRE,VEH_LIVIANO,8,LESIONADO,HOMBRE,SCOOTER,43,LESIONADO,NO_REGISTRA,PEATON
2024-12-29 23:42:45,-4.031186,-79.204189,Av. Universitaria,SOLO_DANOS,Caida,Falla mecanica,,,,,,,,,,,,
2024-10-02 22:26:47,-4.032658,-79.192282,Av. Orillas del Zamora,CON_FALLECIDOS,Volcamiento,Visibilidad reducida,71,FALLECIDO,HOMBRE,VEH_LIVIANO,55,FALLECIDO,HOMBRE,MOTOCICLETA,,,,
2024-04-12 22:31:08,-4.034701,-79.178324,Via Loja - Zamora,SOLO_DANOS,Accidente Laboral,Falla mecanica,,,,,,,,,,,,
2024-08-21 17:19:54,-3.993259,-79.229969,Calle Imbabura,SOLO_DANOS,Caida,Imprudencia del conductor,,,,,,,,,,,,
2024-02-07 18:04:26,-4.029856,-79.192874,Via Loja - Catamayo,CON_FALLECIDOS,Volcamiento,Falla mecanica,60,FALLECIDO,NO_REGISTRA,CICLISTA,45,FALLECIDO,MUJER,OTRO,,,,
2024-05-12 20:09:23,-4.024713,-79.202586,Calle Imbabura,SOLO_DANOS,Accidente Laboral,Imprudencia del conductor,31,LESIONADO,HOMBRE,VEH_LIVIANO,,,,,,,,
2024-08-14 06:54:24,-4.024148,-79.192615,Calle Saraguro,CON_LESIONADOS,Accidente Laboral,Fatiga del conductor,15,LESIONADO,NO_REGISTRA,CICLISTA,49,LESIONADO,NO_REGISTRA,MOTOCICLETA,,,,
2024-12-03 08:45:27,-4.034168,-79.226005,Calle Sucre,CON_LESIONADOS,Caida,Factores externos,63,LESIONADO,MUJER,CICLISTA,7,LESIONADO,HOMBRE,MOTOCICLETA,51,LESIONADO,HOMBRE,PEATON
2024-04-29 22:17:30,-4.021293,-79.195110,Calle 10 de Agosto,SOLO_DANOS,Caida,Via resbaladiza o mojada,,,,,,,,,,,,
2024-12-03 05:14:32,-3.979626,-79.218070,Calle 10 de Agosto,SOLO_DANOS,Volcamiento,Equipo de seguridad deficiente,,,,,,,,,,,,
2024-07-06 15:55:06,-4.008068,-79.209531,Ruta 35,SOLO_DANOS,Colision Multiple,Exceso de velocidad,,,,,,,,,,,,
2024-06-09 07:57:06,-4.010846,-79.195154,Calle Mercadillo,CON_LESIONADOS,Volcamiento,Falla mecanica,44,LESIONADO,NO_REGISTRA,VEH_LIVIANO,,,,,,,,
2024-12-30 02:37:55,-3.977008,-79.195662,Av. Isidro Ayora,SOLO_DANOS,Accidente Laboral,Falla mecanica,,,,,,,,,,,,
2024-10-24 20:42:25,-4.014216,-79.173527,Calle Imbabura,CON_FALLECIDOS,Incendio,Exceso de velocidad,70,FALLECIDO,HOMBRE,SCOOTER,21,FALLECIDO,NO_REGISTRA,VEH_LIVIANO,,,,
2024-04-20 23:11:14,-4.004532,-79.216510,Av. 8 de Diciembre,CON_FALLECIDOS,Volcamiento,Via resbaladiza o mojada,63,FALLECIDO,MUJER,OTRO,,,,,,,,
2024-04-24 18:46:51,-3.977625,-79.195252,Calle Azogues,SOLO_DANOS,Accidente Laboral,Falla mecanica,,,,,,,,,,,,
2024-12-10 19:51:19,-3.986685,-79.209813,Av. Isidro Ayora,SOLO_DANOS,Accidente Laboral,Distraccion (celular/radio),,,,,,,,,,,,
2024-11-05 07:06:29,-4.008313,-79.192832,Av. Manuel Agustin Aguirre,CON_FALLECIDOS,Caida,Inobservancia de senales,81,FALLECIDO,MUJER,MOTOCICLETA,18,FALLECIDO,HOMBRE,VEH_LIVIANO,32,LESIONADO,MUJER,VEH_LIVIANO
2024-05-06 19:57:24,-4.031970,-79.183193,Calle Montufar,CON_FALLECIDOS,Choque Vehicular,Visibilidad reducida,81,FALLECIDO,MUJER,CICLISTA,6,LESIONADO,HOMBRE,OTRO,21,LESIONADO,NO_REGISTRA,MOTOCICLETA
2024-10-12 10:41:55,-4.012082,-79.197312,Av. Cuxibamba,CON_LESIONADOS,Accidente Laboral,Factores externos,76,LESIONADO,NO_REGISTRA,VEH_LIVIANO,75,LESIONADO,NO_REGISTRA,OTRO,51,LESIONADO,MUJER,CICLISTA
2024-02-26 04:04:16,-4.036178,-79.202146,Calle Azogues,CON_LESIONADOS,Incendio,Exceso de velocidad,56,LESIONADO,MUJER,SCOOTER,,,,,,,,
2024-05-13 23:08:24,-3.977331,-79.174835,Via Loja - Catamayo,CON_LESIONADOS,Accidente Laboral,Imprudencia del conductor,75,LESIONADO,NO_REGISTRA,OTRO,72,LESIONADO,NO_REGISTRA,SCOOTER,66,LESIONADO,MUJER,OTRO
2024-09-24 11:59:27,-4.032897,-79.178930,Calle Quito,CON_LESIONADOS,Caida,Fatiga del conductor,34,LESIONADO,HOMBRE,MOTOCICLETA,57,LESIONADO,HOMBRE,VEH_LIVIANO,,,,
2024-06-30 09:37:20,-4.012025,-79.212598,Calle Rocafuerte,SOLO_DANOS,Colision Multiple,Mal estado de la via,,,,,,,,,,,,
2024-11-12 02:45:30,-4.031028,-79.195045,Av. Cuxibamba,SOLO_DANOS,Incendio,Mal estado de la via,,,,,,,,,,,,
2024-07-08 01:56:26,-3.999263,-79.219077,Av. Orillas del Zamora,SOLO_DANOS,Incendio,Distraccion (celular/radio),,,,,,,,,,,,
2024-09-30 13:26:49,-4.015290,-79.177180,Av. Universitaria,CON_FALLECIDOS,Atropellamiento,Falla mecanica,33,FALLECIDO,HOMBRE,OTRO,73,FALLECIDO,NO_REGISTRA,CICLISTA,,,,
2024-06-26 01:58:23,-4.020784,-79.200594,Calle Miguel Riofrio,CON_LESIONADOS,Atropellamiento,Inobservancia de senales,55,LESIONADO,MUJER,CICLISTA,,,,,,,,
2024-10-05 08:33:57,-4.023528,-79.171703,Calle 10 de Agosto,CON_FALLECIDOS,Incendio,Mal estado de la via,25,FALLECIDO,HOMBRE,PEATON,41,FALLECIDO,HOMBRE,VEH_LIVIANO,71,LESIONADO,MUJER,CICLISTA
2024-11-28 14:17:02,-4.031085,-79.205266,Av. Pio Jaramillo,CON_LESIONADOS,Caida,Visibilidad reducida,76,LESIONADO,HOMBRE,VEH_LIVIANO,24,LESIONADO,HOMBRE,CICLISTA,53,LESIONADO,HOMBRE,VEH_LIVIANO
2024-02-13 05:07:12,-3.992931,-79.199203,Av. Isidro Ayora,SOLO_DANOS,Accidente Laboral,Inobservancia de senales,,,,,,,,,,,,
2024-02-11 19:24:10,-3.984451,-79.190251,Calle Miguel Riofrio,CON_FALLECIDOS,Colision Multiple,Estado de embriaguez,25,FALLECIDO,NO_REGISTRA,VEH_LIVIANO,8,LESIONADO,NO_REGISTRA,CICLISTA,,,,
2024-12-07 11:14:00,-4.021664,-79.201391,Calle Colon,CON_FALLECIDOS,Incendio,Inobservancia de senales,36,FALLECIDO,MUJER,CICLISTA,80,FALLECIDO,HOMBRE,VEH_LIVIANO,11,LESIONADO,NO_REGISTRA,PEATON
2024-11-07 17:04:11,-4.008181,-79.209348,Calle Miguel Riofrio,SOLO_DANOS,Caida,Falla mecanica,,,,,,,,,,,,
2024-03-29 11:55:42,-3.983124,-79.214636,Via Loja - Catamayo,CON_FALLECIDOS,Volcamiento,Distraccion (celular/radio),84,FALLECIDO,HOMBRE,CICLISTA,,,,,,,,
2024-09-24 06:38:28,-4.012441,-79.221172,Calle Mercadillo,CON_LESIONADOS,Accidente Laboral,Estado de embriaguez,36,LESIONADO,NO_REGISTRA,OTRO,11,LESIONADO,HOMBRE,OTRO,22,LESIONADO,HOMBRE,CICLISTA
2024-09-11 06:13:06,-3.983090,-79.179828,Av. Cuxibamba,SOLO_DANOS,Incendio,Visibilidad reducida,,,,,,,,,,,,
2024-10-13 20:43:17,-3.988077,-79.176206,Via Loja - Zamora,SOLO_DANOS,Volcamiento,Imprudencia del conductor,,,,,,,,,,,,
2024-04-12 16:27:37,-3.997032,-79.189510,Calle Azogues,CON_FALLECIDOS,Colision Multiple,Equipo de seguridad deficiente,19,FALLECIDO,NO_REGISTRA,OTRO,53,FALLECIDO,MUJER,VEH_LIVIANO,60,LESIONADO,NO_REGISTRA,CICLISTA
2024-07-15 23:58:34,-4.036538,-79.204478,Calle Montufar,CON_FALLECIDOS,Atropellamiento,Fatiga del conductor,74,FALLECIDO,NO_REGISTRA,CICLISTA,51,FALLECIDO,HOMBRE,OTRO,43,LESIONADO,MUJER,PEATON
2024-10-26 06:30:51,-4.012556,-79.194926,Av. Universitaria,CON_LESIONADOS,Volcamiento,Exceso de velocidad,66,LESIONADO,HOMBRE,MOTOCICLETA,79,LESIONADO,NO_REGISTRA,CICLISTA,62,LESIONADO,MUJER,VEH_LIVIANO
2024-07-04 19:21:33,-4.013184,-79.182706,Av. Manuel Agustin Aguirre,CON_FALLECIDOS,Colision Multiple,Inobservancia de senales,85,FALLECIDO,HOMBRE,PEATON,41,FALLECIDO,MUJER,PEATON,19,LESIONADO,HOMBRE,OTRO
2024-01-09 08:50:19,-4.034048,-79.171700,Calle 10 de Agosto,SOLO_DANOS,Choque Vehicular,Visibilidad reducida,,,,,,,,,,,,
2024-04-25 12:52:20,-3.992878,-79.183464,Av. Universitaria,SOLO_DANOS,Choque Vehicular,Falla mecanica,,,,,,,,,,,,
2024-02-17 23:06:38,-3.982173,-79.184126,Av. Metropolitana,SOLO_DANOS,Choque Vehicular,Fatiga del conductor,,,,,,,,,,,,
2024-04-09 10:30:43,-4.013149,-79.219694,Av. Manuel Agustin Aguirre,CON_LESIONADOS,Accidente Laboral,Imprudencia del conductor,7,LESIONADO,HOMBRE,OTRO,41,LESIONADO,MUJER,CICLISTA,35,LESIONADO,NO_REGISTRA,PEATON
2024-10-05 13:59:17,-3.983033,-79.200537,Calle Rocafuerte,SOLO_DANOS,Choque Vehicular,Equipo de seguridad deficiente,,,,,,,,,,,,
2024-08-06 09:39:05,-3.998171,-79.172938,Av. Manuel Agustin Aguirre,CON_FALLECIDOS,Colision Multiple,Distraccion (celular/radio),65,FALLECIDO,HOMBRE,SCOOTER,12,LESIONADO,HOMBRE,SCOOTER,,,,
2024-09-05 02:04:40,-4.025034,-79.173909,Av. Rosa Hermosa,CON_FALLECIDOS,Caida,Mal estado de la via,22,FALLECIDO,NO_REGISTRA,VEH_LIVIANO,35,FALLECIDO,HOMBRE,PEATON,66,LESIONADO,MUJER,PEATON
2024-06-05 13:05:12,-3.993208,-79.203771,Calle 10 de Agosto,CON_FALLECIDOS,Caida,Imprudencia del conductor,27,FALLECIDO,MUJER,CICLISTA,24,LESIONADO,HOMBRE,VEH_LIVIANO,72,LESIONADO,HOMBRE,OTRO
2024-11-14 23:21:02,-4.036147,-79.219272,Av. Metropolitana,SOLO_DANOS,Colision Multiple,Mal estado de la via,,,,,,,,,,,,
2024-09-24 05:30:38,-4.022240,-79.179137,Av. Reinaldo Espinosa,CON_LESIONADOS,Caida,Falla mecanica,6,LESIONADO,HOMBRE,VEH_LIVIANO,49,LESIONADO,MUJER,OTRO,59,LESIONADO,NO_REGISTRA,PEATON
2024-03-08 12:17:49,-4.004235,-79.207931,Calle Ramon Borrero,SOLO_DANOS,Caida,Via resbaladiza o mojada,76,LESIONADO,MUJER,PEATON,,,,,,,,
2024-04-21 21:31:05,-4.006072,-79.205725,Calle Mercadillo,SOLO_DANOS,Colision Multiple,Equipo de seguridad deficiente,,,,,,,,,,,,
2024-09-11 00:16:54,-4.017890,-79.222803,Av. Reinaldo Espinosa,CON_FALLECIDOS,Colision Multiple,Exceso de velocidad,70,FALLECIDO,NO_REGISTRA,MOTOCICLETA,,,,,,,,
2024-06-26 15:01:58,-4.006715,-79.204716,Av. Isidro Ayora,CON_FALLECIDOS,Atropellamiento,Imprudencia del conductor,73,FALLECIDO,HOMBRE,PEATON,52,FALLECIDO,HOMBRE,PEATON,,,,
2024-11-19 21:31:38,-3.993419,-79.197912,Av. 8 de Diciembre,CON_LESIONADOS,Atropellamiento,Distraccion (celular/radio),23,LESIONADO,NO_REGISTRA,CICLISTA,27,LESIONADO,NO_REGISTRA,OTRO,,,,
2024-12-05 05:02:45,-4.003888,-79.187003,Calle 18 de Noviembre,CON_LESIONADOS,Accidente Laboral,Factores externos,5,LESIONADO,HOMBRE,VEH_LIVIANO,,,,,,,,
2024-07-25 00:04:23,-4.017605,-79.187929,Av. Cuxibamba,SOLO_DANOS,Choque Vehicular,Inobservancia de senales,,,,,,,,,,,,
2024-03-31 18:25:41,-4.004912,-79.202991,Calle Mercadillo,CON_FALLECIDOS,Choque Vehicular,Equipo de seguridad deficiente,60,FALLECIDO,MUJER,PEATON,,,,,,,,
2024-02-04 03:23:42,-4.027219,-79.225352,Calle Mercadillo,CON_FALLECIDOS,Volcamiento,Visibilidad reducida,56,FALLECIDO,MUJER,MOTOCICLETA,34,FALLECIDO,NO_REGISTRA,OTRO,68,LESIONADO,HOMBRE,SCOOTER
2024-01-25 23:17:55,-4.030553,-79.209760,Calle Sucre,CON_LESIONADOS,Incendio,Equipo de seguridad deficiente,49,LESIONADO,HOMBRE,VEH_LIVIANO,,,,,,,,
2024-08-11 13:10:21,-4.019654,-79.211980,Av. Gran Colombia,CON_LESIONADOS,Volcamiento,Exceso de velocidad,11,LESIONADO,NO_REGISTRA,CICLISTA,39,LESIONADO,NO_REGISTRA,VEH_LIVIANO,66,LESIONADO,NO_REGISTRA,CICLISTA
2024-03-23 05:20:34,-4.032707,-79.228801,Calle Sucre,CON_FALLECIDOS,Choque Vehicular,Falla mecanica,63,FALLECIDO,NO_REGISTRA,MOTOCICLETA,36,FALLECIDO,HOMBRE,CICLISTA,34,LESIONADO,MUJER,CICLISTA
2024-06-19 09:30:08,-3.984826,-79.208586,Calle Miguel Riofrio,CON_LESIONADOS,Caida,Equipo de seguridad deficiente,24,LESIONADO,MUJER,SCOOTER,5,LESIONADO,HOMBRE,MOTOCICLETA,,,,
2024-08-31 19:03:23,-4.026377,-79.216166,Calle Azogues,CON_FALLECIDOS,Atropellamiento,Fatiga del conductor,53,FALLECIDO,MUJER,MOTOCICLETA,26,FALLECIDO,MUJER,CICLISTA,60,LESIONADO,HOMBRE,SCOOTER
2024-08-24 11:58:07,-3.999414,-79.185750,Av. Metropolitana,SOLO_DANOS,Colision Multiple,Exceso de velocidad,,,,,,,,,,,,
2024-06-15 21:10:14,-4.016327,-79.214501,Calle Saraguro,CON_LESIONADOS,Accidente Laboral,Inobservancia de senales,78,LESIONADO,MUJER,OTRO,25,LESIONADO,MUJER,VEH_LIVIANO,,,,
2024-05-18 06:30:33,-4.029207,-79.215211,Av. 8 de Diciembre,SOLO_DANOS,Accidente Laboral,Visibilidad reducida,,,,,,,,,,,,
2024-10-01 08:15:20,-4.023238,-79.216176,Av. Manuel Agustin Aguirre,SOLO_DANOS,Colision Multiple,Inobservancia de senales,,,,,,,,,,,,
2024-01-31 08:06:48,-3.978178,-79.227812,Av. Universitaria,CON_FALLECIDOS,Volcamiento,Fatiga del conductor,23,FALLECIDO,MUJER,VEH_LIVIANO,29,FALLECIDO,MUJER,OTRO,58,LESIONADO,NO_REGISTRA,MOTOCICLETA
2024-07-03 19:53:05,-3.988052,-79.204885,Ruta 35,CON_FALLECIDOS,Caida,Inobservancia de senales,59,FALLECIDO,MUJER,VEH_LIVIANO,33,LESIONADO,MUJER,SCOOTER,77,LESIONADO,NO_REGISTRA,MOTOCICLETA
2024-07-02 09:21:11,-3.998815,-79.189664,Av. Isidro Ayora,CON_FALLECIDOS,Volcamiento,Mal estado de la via,53,FALLECIDO,NO_REGISTRA,MOTOCICLETA,74,FALLECIDO,HOMBRE,MOTOCICLETA,10,LESIONADO,MUJER,MOTOCICLETA
2024-06-17 13:00:13,-3.998439,-79.181127,Calle Rocafuerte,CON_FALLECIDOS,Volcamiento,Exceso de velocidad,70,FALLECIDO,NO_REGISTRA,OTRO,,,,,,,,
2024-07-02 09:13:44,-4.006869,-79.180844,Calle 18 de Noviembre,CON_LESIONADOS,Incendio,Mal estado de la via,68,LESIONADO,NO_REGISTRA,CICLISTA,24,LESIONADO,NO_REGISTRA,SCOOTER,71,LESIONADO,MUJER,PEATON
2024-12-04 18:03:26,-3.982564,-79.191327,Calle Sucre,CON_LESIONADOS,Caida,Estado de embriaguez,64,LESIONADO,NO_REGISTRA,VEH_LIVIANO,23,LESIONADO,NO_REGISTRA,SCOOTER,17,LESIONADO,MUJER,OTRO
2024-03-22 15:59:24,-4.014990,-79.228118,Av. Metropolitana,CON_LESIONADOS,Choque Vehicular,Imprudencia del conductor,36,LESIONADO,NO_REGISTRA,VEH_LIVIANO,62,LESIONADO,NO_REGISTRA,SCOOTER,,,,
2024-04-28 21:21:11,-4.009428,-79.171678,Av. Isidro Ayora,CON_FALLECIDOS,Choque Vehicular,Inobservancia de senales,41,FALLECIDO,MUJER,SCOOTER,46,LESIONADO,MUJER,VEH_LIVIANO,,,,
2024-05-21 17:11:06,-3.981333,-79.186035,Av. Rosa Hermosa,CON_LESIONADOS,Incendio,Inobservancia de senales,73,LESIONADO,MUJER,PEATON,,,,,,,,
2024-02-08 06:33:56,-4.018904,-79.174704,Av. Reinaldo Espinosa,CON_FALLECIDOS,Volcamiento,Factores externos,82,FALLECIDO,HOMBRE,PEATON,,,,,,,,
2024-09-17 14:59:01,-4.034937,-79.219296,Av. Manuel Agustin Aguirre,CON_LESIONADOS,Choque Vehicular,Via resbaladiza o mojada,41,LESIONADO,NO_REGISTRA,SCOOTER,47,LESIONADO,MUJER,MOTOCICLETA,,,,
2024-03-31 01:41:05,-4.011899,-79.180095,Calle Ramon Borrero,SOLO_DANOS,Choque Vehicular,Estado de embriaguez,13,LESIONADO,NO_REGISTRA,OTRO,,,,,,,,
2024-11-05 10:09:15,-4.017789,-79.230081,Via Loja - Catamayo,CON_FALLECIDOS,Choque Vehicular,Falla mecanica,68,FALLECIDO,NO_REGISTRA,SCOOTER,,,,,,,,
2024-01-14 22:38:50,-3.991469,-79.207094,Av. Isidro Ayora,SOLO_DANOS,Incendio,Inobservancia de senales,57,LESIONADO,HOMBRE,CICLISTA,,,,,,,,
2024-05-30 15:33:06,-4.020173,-79.219725,Via Loja - Zamora,CON_FALLECIDOS,Volcamiento,Factores externos,85,FALLECIDO,MUJER,SCOOTER,63,LESIONADO,NO_REGISTRA,SCOOTER,,,,
2024-04-23 17:43:48,-4.021660,-79.203514,Calle Ramon Borrero,CON_LESIONADOS,Accidente Laboral,Estado de embriaguez,16,LESIONADO,HOMBRE,MOTOCICLETA,9,LESIONADO,HOMBRE,CICLISTA,5,LESIONADO,HOMBRE,VEH_LIVIANO
2024-01-31 00:51:14,-3.998475,-79.184212,Calle Sucre,SOLO_DANOS,Colision Multiple,Distraccion (celular/radio),,,,,,,,,,,,
2024-12-13 07:36:35,-3.990559,-79.178612,Via Loja - Catamayo,SOLO_DANOS,Accidente Laboral,Imprudencia del conductor,,,,,,,,,,,,
2024-06-03 22:50:17,-3.991471,-79.173619,Calle Quito,CON_FALLECIDOS,Colision Multiple,Visibilidad reducida,77,FALLECIDO,HOMBRE,CICLISTA,81,FALLECIDO,MUJER,SCOOTER,51,LESIONADO,HOMBRE,CICLISTA
2024-10-28 17:03:25,-4.015516,-79.187969,Av. Orillas del Zamora,CON_FALLECIDOS,Choque Vehicular,Inobservancia de senales,69,FALLECIDO,HOMBRE,PEATON,25,FALLECIDO,NO_REGISTRA,SCOOTER,15,LESIONADO,MUJER,MOTOCICLETA
2024-02-22 15:50:58,-3.988072,-79.219482,Calle Saraguro,SOLO_DANOS,Accidente Laboral,Fatiga del conductor,,,,,,,,,,,,
2024-05-10 08:36:46,-4.009748,-79.176786,Calle Colon,CON_LESIONADOS,Caida,Inobservancia de senales,59,LESIONADO,MUJER,MOTOCICLETA,38,LESIONADO,HOMBRE,SCOOTER,44,LESIONADO,HOMBRE,OTRO
2024-06-25 23:05:32,-4.010110,-79.195397,Calle Bolivar,CON_LESIONADOS,Volcamiento,Equipo de seguridad deficiente,47,LESIONADO,NO_REGISTRA,MOTOCICLETA,76,LESIONADO,MUJER,PEATON,,,,
2024-07-27 02:38:40,-4.000216,-79.206696,Av. Manuel Agustin Aguirre,SOLO_DANOS,Accidente Laboral,Estado de embriaguez,,,,,,,,,,,,
2024-05-29 15:55:18,-4.003053,-79.173233,Av. Metropolitana,SOLO_DANOS,Incendio,Inobservancia de senales,,,,,,,,,,,,
2024-03-08 08:30:21,-4.035575,-79.221439,Av. Universitaria,CON_LESIONADOS,Colision Multiple,Fatiga del conductor,21,LESIONADO,HOMBRE,PEATON,,,,,,,,
2024-09-10 10:52:09,-4.028332,-79.217328,Calle Bolivar,CON_LESIONADOS,Accidente Laboral,Inobservancia de senales,78,LESIONADO,NO_REGISTRA,OTRO,74,LESIONADO,NO_REGISTRA,PEATON,5,LESIONADO,HOMBRE,SCOOTER
2024-09-05 07:27:06,-3.991431,-79.215385,Calle Imbabura,SOLO_DANOS,Accidente Laboral,Falla mecanica,,,,,,,,,,,,
2024-06-06 00:53:08,-3.986246,-79.172867,Ruta 35,SOLO_DANOS,Choque Vehicular,Fatiga del conductor,,,,,,,,,,,,
2024-11-30 17:12:36,-3.981046,-79.227463,Av. Rosa Hermosa,SOLO_DANOS,Incendio,Exceso de velocidad,,,,,,,,,,,,
2024-03-03 06:06:23,-3.980979,-79.174884,Calle Miguel Riofrio,CON_LESIONADOS,Caida,Imprudencia del conductor,21,LESIONADO,NO_REGISTRA,PEATON,45,LESIONADO,NO_REGISTRA,SCOOTER,,,,
2024-04-27 03:53:46,-4.004701,-79.191644,Calle Saraguro,CON_FALLECIDOS,Choque Vehicular,Factores externos,63,FALLECIDO,NO_REGISTRA,OTRO,35,LESIONADO,MUJER,OTRO,58,LESIONADO,MUJER,CICLISTA
2024-10-26 14:18:20,-3.981409,-79.211585,Calle Sucre,SOLO_DANOS,Incendio,Falla mecanica,,,,,,,,,,,,
2024-03-18 21:39:53,-3.983111,-79.203252,Calle Montufar,SOLO_DANOS,Atropellamiento,Mal estado de la via,,,,,,,,,,,,
2024-09-26 22:40:42,-3.977401,-79.228067,Calle 10 de Agosto,CON_FALLECIDOS,Caida,Via resbaladiza o mojada,70,FALLECIDO,NO_REGISTRA,SCOOTER,51,FALLECIDO,MUJER,VEH_LIVIANO,,,,
2024-01-20 10:22:52,-3.979387,-79.199460,Ruta 35,CON_FALLECIDOS,Atropellamiento,Imprudencia del conductor,59,FALLECIDO,MUJER,SCOOTER,44,FALLECIDO,HOMBRE,VEH_LIVIANO,60,LESIONADO,HOMBRE,CICLISTA
2024-01-05 03:52:28,-4.028552,-79.184015,Calle Rocafuerte,SOLO_DANOS,Volcamiento,Exceso de velocidad,,,,,,,,,,,,
2024-05-17 02:11:33,-4.018512,-79.219964,Av. Universitaria,CON_LESIONADOS,Choque Vehicular,Mal estado de la via,22,LESIONADO,MUJER,SCOOTER,80,LESIONADO,NO_REGISTRA,MOTOCICLETA,55,LESIONADO,MUJER,OTRO
2024-05-30 21:55:46,-3.999805,-79.196223,Calle Azogues,SOLO_DANOS,Accidente Laboral,Visibilidad reducida,,,,,,,,,,,,
2024-02-21 20:12:51,-3.980540,-79.192824,Calle 18 de Noviembre,CON_FALLECIDOS,Atropellamiento,Imprudencia del conductor,18,FALLECIDO,NO_REGISTRA,SCOOTER,29,LESIONADO,MUJER,VEH_LIVIANO,,,,
2024-08-15 16:01:59,-4.023158,-79.194196,Av. Isidro Ayora,CON_LESIONADOS,Volcamiento,Imprudencia del conductor,47,LESIONADO,HOMBRE,OTRO,,,,,,,,
2024-11-16 08:03:33,-3.988740,-79.172063,Av. 8 de Diciembre,CON_FALLECIDOS,Incendio,Factores externos,73,FALLECIDO,MUJER,CICLISTA,57,FALLECIDO,HOMBRE,PEATON,58,LESIONADO,MUJER,PEATON
2024-10-31 16:24:18,-3.991802,-79.194493,Av. Reinaldo Espinosa,CON_LESIONADOS,Colision Multiple,Estado de embriaguez,38,LESIONADO,HOMBRE,MOTOCICLETA,32,LESIONADO,MUJER,VEH_LIVIANO,,,,
2024-05-22 07:49:02,-4.005695,-79.222769,Av. Orillas del Zamora,CON_LESIONADOS,Colision Multiple,Factores externos,61,LESIONADO,MUJER,MOTOCICLETA,,,,,,,,