fecha_hora,latitud,longitud,via,grado_severidad,tipo_siniestro,causa_probable,victima1_edad,victima1_condicion,victima1_sexo,victima1_actor_vial,victima2_edad,victima2_condicion,victima2_sexo,victima2_actor_vial,victima3_edad,victima3_condicion,victima3_sexo,victima3_actor_vial
2024-09-13 06:13:11,-4.027423,-79.213927,Av. Rosa Hermosa,CON_FALLECIDOS,Caida,Mal estado de la via,19,FALLECIDO,NO_REGISTRA,SCOOTER,5,LESIONADO,NO_REGISTRA,PEATON,,,,
2024-10-21 15:33:08,-4.013451,-79.220647,Av. Manuel Agustin Aguirre,CON_LESIONADOS,Atropellamiento,Equipo de seguridad deficiente,26,LESIONADO,HOMBRE,OTRO,14,LESIONADO,MUJER,MOTOCICLETA,,,,
2024-12-13 12:57:33,-3.988375,-79.225410,Av. Isidro Ayora,CON_FALLECIDOS,Atropellamiento,Via resbaladiza o mojada,81,FALLECIDO,NO_REGISTRA,PEATON,30,FALLECIDO,HOMBRE,CICLISTA,49,LESIONADO,MUJER,OTRO
2024-07-27 19:42:03,-4.002957,-79.215746,Calle Sucre,SOLO_DANOS,Volcamiento,Exceso de velocidad,50,LESIONADO,NO_REGISTRA,CICLISTA,,,,,,,,
2024-11-23 18:00:38,-4.023174,-79.214163,Calle Ramon Borrero,CON_LESIONADOS,Caida,Distraccion (celular/radio),28,LESIONADO,MUJER,VEH_LIVIANO,28,LESIONADO,HOMBRE,MOTOCICLETA,79,LESIONADO,NO_REGISTRA,CICLISTA
2024-10-14 19:01:59,-3.983297,-79.226404,Calle Miguel Riofrio,CON_LESIONADOS,Choque Vehicular,Falla mecanica,44,LESIONADO,HOMBRE,MOTOCICLETA,79,LESIONADO,HOMBRE,PEATON,49,LESIONADO,HOMBRE,MOTOCICLETA
2024-08-25 00:57:27,-4.022988,-79.211647,Calle 10 de Agosto,CON_LESIONADOS,Caida,Estado de embriaguez,11,LESIONADO,MUJER,VEH_LIVIANO,57,LESIONADO,MUJER,MOTOCICLETA,10,LESIONADO,MUJER,PEATON
2024-07-06 07:45:11,-3.993988,-79.196885,Av. Isidro Ayora,SOLO_DANOS,Accidente Laboral,Visibilidad reducida,,,,,,,,,,,,
2024-04-14 18:06:38,-4.020456,-79.229220,Av. Universitaria,CON_FALLECIDOS,Incendio,Imprudencia del conductor,20,FALLECIDO,NO_REGISTRA,SCOOTER,44,FALLECIDO,HOMBRE,CICLISTA,44,LESIONADO,MUJER,OTRO
2024-10-01 16:05:52,-3.999721,-79.209802,Calle Azogues,SOLO_DANOS,Volcamiento,Inobservancia de senales,63,LESIONADO,NO_REGISTRA,CICLISTA,,,,,,,,
2024-11-28 06:52:29,-4.022510,-79.184829,Calle Azogues,CON_FALLECIDOS,Volcamiento,Exceso de velocidad,69,FALLECIDO,NO_REGISTRA,PEATON,53,FALLECIDO,NO_REGISTRA,SCOOTER,,,,
2024-08-03 12:47:37,-4.006039,-79.207303,Av. Isidro Ayora,CON_LESIONADOS,Choque Vehicular,Visibilidad reducida,30,LESIONADO,NO_REGISTRA,CICLISTA,40,LESIONADO,HOMBRE,MOTOCICLETA,,,,
2024-03-10 01:23:58,-4.023801,-79.202023,Calle Quito,CON_FALLECIDOS,Accidente Laboral,Via resbaladiza o mojada,41,FALLECIDO,MUJER,SCOOTER,,,,,,,,
2024-05-10 04:32:33,-4.030336,-79.222525,Calle Ramon Borrero,CON_FALLECIDOS,Incendio,Falla mecanica,72,FALLECIDO,MUJER,PEATON,,,,,,,,
2024-11-04 10:21:19,-4.019693,-79.217964,Calle Bolivar,SOLO_DANOS,Volcamiento,Factores externos,,,,,,,,,,,,
2024-12-30 00:07:13,-4.009986,-79.186520,Calle Rocafuerte,CON_LESIONADOS,Atropellamiento,Distraccion (celular/radio),43,LESIONADO,HOMBRE,SCOOTER,20,LESIONADO,HOMBRE,SCOOTER,,,,
2024-01-20 16:42:44,-4.020942,-79.199781,Av. Manuel Agustin Aguirre,CON_FALLECIDOS,Caida,Mal estado de la via,83,FALLECIDO,MUJER,CICLISTA,31,FALLECIDO,MUJER,SCOOTER,65,LESIONADO,NO_REGISTRA,PEATON
2024-05-27 05:03:25,-4.033107,-79.211286,Calle Montufar,CON_LESIONADOS,Choque Vehicular,Via resbaladiza o mojada,32,LESIONADO,NO_REGISTRA,SCOOTER,,,,,,,,
2024-06-11 00:51:07,-3.996443,-79.190395,Av. Reinaldo Espinosa,SOLO_DANOS,Caida,Equipo de seguridad deficiente,,,,,,,,,,,,
2024-09-13 16:15:02,-3.988713,-79.189824,Via Loja - Zamora,CON_LESIONADOS,Caida,Mal estado de la via,56,LESIONADO,MUJER,PEATON,51,LESIONADO,HOMBRE,VEH_LIVIANO,,,,
2024-12-24 17:20:33,-4.034379,-79.204131,Av. Isidro Ayora,SOLO_DANOS,Accidente Laboral,Exceso de velocidad,,,,,,,,,,,,
2024-09-02 09:49:34,-4.004212,-79.230064,Av. Rosa Hermosa,SOLO_DANOS,Incendio,Imprudencia del conductor,,,,,,,,,,,,
2024-10-28 04:43:48,-4.028832,-79.204887,Av. Cuxibamba,CON_LESIONADOS,Incendio,Inobservancia de senales,67,LESIONADO,MUJER,VEH_LIVIANO,47,LESIONADO,HOMBRE,SCOOTER,,,,
2024-05-13 15:41:33,-3.990644,-79.180891,Ruta 35,CON_LESIONADOS,Accidente Laboral,Imprudencia del conductor,52,LESIONADO,MUJER,PEATON,,,,,,,,
2024-01-23 00:30:58,-4.009686,-79.208018,Calle Saraguro,CON_FALLECIDOS,Choque Vehicular,Estado de embriaguez,65,FALLECIDO,MUJER,SCOOTER,40,LESIONADO,MUJER,SCOOTER,58,LESIONADO,MUJER,MOTOCICLETA
2024-10-14 12:17:48,-4.002563,-79.213717,Calle 18 de Noviembre,CON_FALLECIDOS,Volcamiento,Visibilidad reducida,77,FALLECIDO,MUJER,MOTOCICLETA,,,,,,,,
2024-12-10 16:36:06,-4.019460,-79.211181,Calle Saraguro,CON_FALLECIDOS,Volcamiento,Exceso de velocidad,83,FALLECIDO,NO_REGISTRA,VEH_LIVIANO,48,FALLECIDO,NO_REGISTRA,CICLISTA,51,LESIONADO,MUJER,OTRO
2024-03-25 16:22:44,-4.007907,-79.178642,Calle 10 de Agosto,CON_FALLECIDOS,Atropellamiento,Imprudencia del conductor,22,FALLECIDO,NO_REGISTRA,SCOOTER,23,FALLECIDO,MUJER,VEH_LIVIANO,,,,
2024-05-01 07:19:36,-3.978387,-79.225344,Av. Universitaria,SOLO_DANOS,Volcamiento,Falla mecanica,,,,,,,,,,,,
2024-09-14 13:15:54,-4.001268,-79.185311,Calle Quito,SOLO_DANOS,Caida,Estado de embriaguez,,,,,,,,,,,,
2024-03-11 11:45:10,-4.026446,-79.209246,Calle Colon,CON_LESIONADOS,Caida,Mal estado de la via,67,LESIONADO,HOMBRE,MOTOCICLETA,17,LESIONADO,HOMBRE,MOTOCICLETA,5,LESIONADO,NO_REGISTRA,CICLISTA
2024-07-04 00:29:55,-3.983769,-79.195954,Calle Miguel Riofrio,CON_LESIONADOS,Volcamiento,Fatiga del conductor,75,LESIONADO,NO_REGISTRA,VEH_LIVIANO,,,,,,,,
2024-01-22 08:08:31,-3.990406,-79.184072,Av. Cuxibamba,CON_FALLECIDOS,Incendio,Via resbaladiza o mojada,36,FALLECIDO,NO_REGISTRA,PEATON,35,FALLECIDO,HOMBRE,OTRO,,,,
2024-12-08 15:33:59,-4.006646,-79.219981,Calle Mercadillo,CON_FALLECIDOS,Incendio,Visibilidad reducida,70,FALLECIDO,NO_REGISTRA,VEH_LIVIANO,7,LESIONADO,NO_REGISTRA,MOTOCICLETA,15,LESIONADO,MUJER,SCOOTER
2024-07-05 07:57:05,-4.017939,-79.193995,Calle Ramon Borrero,CON_LESIONADOS,Choque Vehicular,Equipo de seguridad deficiente,44,LESIONADO,NO_REGISTRA,CICLISTA,57,LESIONADO,MUJER,PEATON,68,LESIONADO,NO_REGISTRA,OTRO
2024-10-13 12:02:31,-3.998572,-79.184992,Av. Universitaria,SOLO_DANOS,Choque Vehicular,Falla mecanica,,,,,,,,,,,,
2024-01-10 03:50:48,-3.986507,-79.171154,Calle Saraguro,CON_LESIONADOS,Incendio,Exceso de velocidad,15,LESIONADO,MUJER,OTRO,52,LESIONADO,MUJER,VEH_LIVIANO,33,LESIONADO,NO_REGISTRA,CICLISTA
2024-03-26 07:44:36,-4.005176,-79.207276,Av. 8 de Diciembre,SOLO_DANOS,Colision Multiple,Mal estado de la via,,,,,,,,,,,,
2024-09-09 23:56:55,-4.005797,-79.212040,Calle Colon,CON_FALLECIDOS,Accidente Laboral,Mal estado de la via,57,FALLECIDO,MUJER,SCOOTER,73,FALLECIDO,MUJER,PEATON,63,LESIONADO,HOMBRE,MOTOCICLETA
2024-01-09 10:47:29,-4.024912,-79.222775,Av. Orillas del Zamora,SOLO_DANOS,Incendio,Fatiga del conductor,,,,,,,,,,,,
2024-09-24 03:46:36,-3.985476,-79.200796,Calle Mercadillo,SOLO_DANOS,Volcamiento,Fatiga del conductor,,,,,,,,,,,,
2024-02-01 05:04:41,-4.013458,-79.194110,Av. Manuel Agustin Aguirre,SOLO_DANOS,Accidente Laboral,Mal estado de la via,,,,,,,,,,,,
2024-07-23 06:26:14,-4.022806,-79.214909,Calle Quito,CON_LESIONADOS,Volcamiento,Via resbaladiza o mojada,57,LESIONADO,MUJER,MOTOCICLETA,57,LESIONADO,HOMBRE,OTRO,,,,
2024-07-02 01:10:49,-3.994595,-79.174580,Av. Reinaldo Espinosa,SOLO_DANOS,Volcamiento,Fatiga del conductor,,,,,,,,,,,,
2024-10-23 15:35:13,-3.986669,-79.200476,Av. Orillas del Zamora,CON_LESIONADOS,Choque Vehicular,Imprudencia del conductor,37,LESIONADO,HOMBRE,CICLISTA,57,LESIONADO,HOMBRE,VEH_LIVIANO,64,LESIONADO,MUJER,VEH_LIVIANO
2024-05-30 12:33:47,-3.996166,-79.186547,Calle Saraguro,CON_FALLECIDOS,Incendio,Imprudencia del conductor,84,FALLECIDO,NO_REGISTRA,CICLISTA,35,FALLECIDO,NO_REGISTRA,PEATON,,,,
2024-05-14 11:02:24,-3.996780,-79.171899,Calle 18 de Noviembre,CON_LESIONADOS,Volcamiento,Imprudencia del conductor,76,LESIONADO,NO_REGISTRA,SCOOTER,,,,,,,,
2024-02-03 10:57:11,-3.979419,-79.207561,Av. Metropolitana,CON_FALLECIDOS,Atropellamiento,Imprudencia del conductor,55,FALLECIDO,HOMBRE,MOTOCICLETA,50,LESIONADO,NO_REGISTRA,SCOOTER,73,LESIONADO,NO_REGISTRA,PEATON
2024-11-11 13:40:03,-3.991815,-79.173316,Av. Universitaria,SOLO_DANOS,Incendio,Estado de embriaguez,,,,,,,,,,,,
2024-02-20 23:05:43,-4.023677,-79.207683,Av. Orillas del Zamora,CON_LESIONADOS,Caida,Estado de embriaguez,46,LESIONADO,MUJER,SCOOTER,7,LESIONADO,MUJER,VEH_LIVIANO,9,LESIONADO,HOMBRE,CICLISTA
2024-06-16 15:50:29,-4.026614,-79.197956,Calle 10 de Agosto,CON_LESIONADOS,Caida,Exceso de velocidad,32,LESIONADO,NO_REGISTRA,MOTOCICLETA,45,LESIONADO,MUJER,VEH_LIVIANO,,,,
2024-10-10 03:08:32,-4.001988,-79.201135,Calle Miguel Riofrio,SOLO_DANOS,Choque Vehicular,Factores externos,,,,,,,,,,,,
2024-10-20 06:26:34,-4.019191,-79.229313,Av. Rosa Hermosa,CON_LESIONADOS,Choque Vehicular,Visibilidad reducida,22,LESIONADO,NO_REGISTRA,OTRO,,,,,,,,
2024-05-11 06:34:14,-4.012793,-79.210628,Calle Mercadillo,CON_LESIONADOS,Atropellamiento,Distraccion (celular/radio),73,LESIONADO,NO_REGISTRA,VEH_LIVIANO,55,LESIONADO,MUJER,CICLISTA,47,LESIONADO,MUJER,CICLISTA
2024-10-20 05:05:08,-3.983797,-79.173429,Av. Metropolitana,CON_LESIONADOS,Atropellamiento,Mal estado de la via,59,LESIONADO,HOMBRE,OTRO,,,,,,,,
2024-04-02 14:33:44,-4.001347,-79.215166,Av. Rosa Hermosa,CON_FALLECIDOS,Colision Multiple,Exceso de velocidad,66,FALLECIDO,MUJER,CICLISTA,,,,,,,,
2024-09-08 17:13:47,-3.981565,-79.182691,Calle Colon,CON_LESIONADOS,Atropellamiento,Imprudencia del conductor,37,LESIONADO,HOMBRE,SCOOTER,6,LESIONADO,HOMBRE,SCOOTER,,,,
2024-12-26 05:54:07,-4.008453,-79.215012,Calle 18 de Noviembre,SOLO_DANOS,Caida,Visibilidad reducida,,,,,,,,,,,,
2024-03-31 11:08:20,-4.011372,-79.181558,Calle Azogues,SOLO_DANOS,Volcamiento,Distraccion (celular/radio),,,,,,,,,,,,
2024-10-28 03:33:16,-4.014763,-79.218029,Av. Pio Jaramillo,CON_FALLECIDOS,Colision Multiple,Mal estado de la via,79,FALLECIDO,MUJER,MOTOCICLETA,38,LESIONADO,MUJER,MOTOCICLETA,,,,
2024-07-01 01:15:10,-3.990221,-79.224324,Calle Sucre,CON_FALLECIDOS,Choque Vehicular,Imprudencia del conductor,68,FALLECIDO,MUJER,SCOOTER,51,FALLECIDO,MUJER,SCOOTER,11,LESIONADO,HOMBRE,OTRO
2024-02-28 03:23:41,-4.035899,-79.216236,Av. 8 de Diciembre,CON_FALLECIDOS,Choque Vehicular,Visibilidad reducida,25,FALLECIDO,MUJER,OTRO,24,LESIONADO,NO_REGISTRA,VEH_LIVIANO,,,,
2024-06-30 01:07:25,-4.009117,-79.202361,Av. 8 de Diciembre,CON_FALLECIDOS,Atropellamiento,Inobservancia de senales,39,FALLECIDO,HOMBRE,SCOOTER,46,FALLECIDO,HOMBRE,PEATON,58,LESIONADO,MUJER,MOTOCICLETA
2024-12-13 04:34:42,-3.981822,-79.176957,Calle 18 de Noviembre,CON_FALLECIDOS,Incendio,Mal estado de la via,82,FALLECIDO,HOMBRE,MOTOCICLETA,26,LESIONADO,MUJER,VEH_LIVIANO,6,LESIONADO,NO_REGISTRA,CICLISTA
2024-08-14 04:31:08,-3.982958,-79.224555,Via Loja - Catamayo,CON_LESIONADOS,Accidente Laboral,Factores externos,31,LESIONADO,NO_REGISTRA,PEATON,23,LESIONADO,HOMBRE,SCOOTER,,,,
2024-07-27 12:42:09,-3.997508,-79.186344,Calle Bolivar,CON_FALLECIDOS,Atropellamiento,Imprudencia del conductor,41,FALLECIDO,NO_REGISTRA,VEH_LIVIANO,27,LESIONADO,HOMBRE,VEH_LIVIANO,17,LESIONADO,NO_REGISTRA,OTRO
2024-03-03 01:31:14,-4.013784,-79.190321,Av. Reinaldo Espinosa,CON_LESIONADOS,Atropellamiento,Via resbaladiza o mojada,66,LESIONADO,MUJER,CICLISTA,15,LESIONADO,MUJER,OTRO,50,LESIONADO,NO_REGISTRA,VEH_LIVIANO
2024-08-31 01:37:20,-3.999277,-79.211062,Av. Gran Colombia,CON_FALLECIDOS,Atropellamiento,Imprudencia del conductor,48,FALLECIDO,MUJER,VEH_LIVIANO,49,LESIONADO,MUJER,VEH_LIVIANO,,,,
2024-06-08 19:46:22,-4.031783,-79.215933,Calle Mercadillo,SOLO_DANOS,Atropellamiento,Distraccion (celular/radio),,,,,,,,,,,,
2024-06-05 14:53:01,-3.981400,-79.201297,Calle 18 de Noviembre,CON_FALLECIDOS,Volcamiento,Via resbaladiza o mojada,83,FALLECIDO,NO_REGISTRA,VEH_LIVIANO,,,,,,,,
2024-03-05 04:44:18,-3.981802,-79.198340,Av. Isidro Ayora,SOLO_DANOS,Colision Multiple,Visibilidad reducida,,,,,,,,,,,,
2024-03-22 01:24:51,-4.034882,-79.230835,Av. Reinaldo Espinosa,CON_FALLECIDOS,Colision Multiple,Falla mecanica,41,FALLECIDO,MUJER,OTRO,47,LESIONADO,HOMBRE,OTRO,,,,
2024-07-10 23:15:29,-4.016299,-79.206788,Av. Gran Colombia,SOLO_DANOS,Colision Multiple,Exceso de velocidad,,,,,,,,,,,,
2024-09-25 21:16:19,-3.987627,-79.184534,Calle Montufar,SOLO_DANOS,Atropellamiento,Estado de embriaguez,,,,,,,,,,,,
2024-05-30 01:27:41,-4.017566,-79.229420,Av. Metropolitana,CON_FALLECIDOS,Choque Vehicular,Mal estado de la via,57,FALLECIDO,NO_REGISTRA,PEATON,22,FALLECIDO,HOMBRE,VEH_LIVIANO,,,,
2024-10-13 10:55:14,-4.033708,-79.176353,Calle Ramon Borrero,CON_LESIONADOS,Choque Vehicular,Falla mecanica,53,LESIONADO,HOMBRE,SCOOTER,15,LESIONADO,NO_REGISTRA,SCOOTER,,,,
2024-03-04 08:50:45,-4.021869,-79.220161,Av. Universitaria,CON_LESIONADOS,Accidente Laboral,Factores externos,22,LESIONADO,NO_REGISTRA,VEH_LIVIANO,52,LESIONADO,HOMBRE,CICLISTA,21,LESIONADO,HOMBRE,VEH_LIVIANO
2024-07-30 02:29:15,-4.008449,-79.205418,Av. Rosa Hermosa,SOLO_DANOS,Volcamiento,Exceso de velocidad,,,,,,,,,,,,
2024-07-17 03:36:22,-4.031406,-79.193056,Calle 10 de Agosto,SOLO_DANOS,Incendio,Factores externos,5,LESIONADO,MUJER,SCOOTER,,,,,,,,
2024-11-08 09:21:26,-4.021650,-79.198876,Av. Universitaria,CON_FALLECIDOS,Choque Vehicular,Equipo de seguridad deficiente,71,FALLECIDO,HOMBRE,PEATON,77,FALLECIDO,MUJER,SCOOTER,,,,
2024-02-06 08:12:18,-4.023472,-79.230007,Av. Rosa Hermosa,CON_FALLECIDOS,Incendio,Via resbaladiza o mojada,72,FALLECIDO,HOMBRE,VEH_LIVIANO,33,FALLECIDO,MUJER,PEATON,18,LESIONADO,HOMBRE,OTRO
2024-11-29 17:37:28,-3.998159,-79.190942,Calle Saraguro,CON_FALLECIDOS,Choque Vehicular,Visibilidad reducida,62,FALLECIDO,NO_REGISTRA,OTRO,,,,,,,,
2024-01-19 10:00:39,-4.005413,-79.186715,Calle Mercadillo,SOLO_DANOS,Volcamiento,Fatiga del conductor,28,LESIONADO,MUJER,OTRO,,,,,,,,
2024-12-13 22:24:52,-4.010191,-79.201395,Calle Mercadillo,CON_FALLECIDOS,Incendio,Inobservancia de senales,37,FALLECIDO,MUJER,OTRO,39,FALLECIDO,NO_REGISTRA,OTRO,,,,
2024-02-21 18:00:43,-4.026496,-79.201584,Av. Universitaria,CON_LESIONADOS,Caida,Visibilidad reducida,36,LESIONADO,HOMBRE,CICLISTA,76,LESIONADO,NO_REGISTRA,SCOOTER,22,LESIONADO,MUJER,CICLISTA
2024-09-13 06:04:25,-3.980880,-79.182304,Via Loja - Catamayo,CON_FALLECIDOS,Accidente Laboral,Imprudencia del conductor,84,FALLECIDO,NO_REGISTRA,SCOOTER,50,LESIONADO,HOMBRE,SCOOTER,25,LESIONADO,HOMBRE,MOTOCICLETA
2024-07-24 02:32:18,-4.014398,-79.199082,Calle Rocafuerte,CON_FALLECIDOS,Choque Vehicular,Exceso de velocidad,51,FALLECIDO,MUJER,OTRO,57,LESIONADO,MUJER,SCOOTER,10,LESIONADO,NO_REGISTRA,CICLISTA
2024-03-12 22:30:09,-4.003107,-79.201046,Av. Gran Colombia,SOLO_DANOS,Incendio,Exceso de velocidad,,,,,,,,,,,,
2024-04-04 00:39:23,-4.005129,-79.230190,Av. Metropolitana,SOLO_DANOS,Caida,Fatiga del conductor,,,,,,,,,,,,
2024-05-04 23:21:57,-3.992788,-79.198046,Calle Colon,SOLO_DANOS,Volcamiento,Imprudencia del conductor,,,,,,,,,,,,
2024-12-27 15:51:45,-4.035029,-79.185399,Calle Sucre,CON_LESIONADOS,Volcamiento,Mal estado de la via,72,LESIONADO,MUJER,SCOOTER,,,,,,,,
2024-08-04 02:01:11,-3.992214,-79.193996,Calle Mercadillo,CON_FALLECIDOS,Choque Vehicular,Distraccion (celular/radio),72,FALLECIDO,MUJER,CICLISTA,37,FALLECIDO,HOMBRE,SCOOTER,,,,
2024-06-14 00:05:35,-4.011242,-79.193210,Ruta 35,CON_FALLECIDOS,Incendio,Visibilidad reducida,77,FALLECIDO,NO_REGISTRA,CICLISTA,64,LESIONADO,NO_REGISTRA,CICLISTA,,,,
2024-12-26 00:24:37,-4.018886,-79.186814,Av. Metropolitana,CON_FALLECIDOS,Incendio,Distraccion (celular/radio),58,FALLECIDO,NO_REGISTRA,SCOOTER,28,LESIONADO,MUJER,OTRO,34,LESIONADO,HOMBRE,CICLISTA
2024-08-14 11:26:45,-4.035115,-79.209214,Calle Imbabura,SOLO_DANOS,Caida,Distraccion (celular/radio),,,,,,,,,,,,
2024-11-25 10:26:06,-4.013803,-79.208034,Av. Rosa Hermosa,SOLO_DANOS,Accidente Laboral,Via resbaladiza o mojada,,,,,,,,,,,,
2024-07-25 15:20:57,-4.016180,-79.188312,Calle Imbabura,SOLO_DANOS,Choque Vehicular,Mal estado de la via,,,,,,,,,,,,
2024-07-11 14:39:16,-4.024382,-79.182216,Av. Isidro Ayora,CON_LESIONADOS,Colision Multiple,Factores externos,79,LESIONADO,MUJER,VEH_LIVIANO,36,LESIONADO,MUJER,VEH_LIVIANO,7,LESIONADO,NO_REGISTRA,PEATON
2024-04-24 18:51:03,-4.009729,-79.204606,Calle Bolivar,SOLO_DANOS,Accidente Laboral,Imprudencia del conductor,,,,,,,,,,,,
2024-05-06 07:58:47,-4.030592,-79.223610,Av. Cuxibamba,CON_FALLECIDOS,Caida,Mal estado de la via,53,FALLECIDO,HOMBRE,VEH_LIVIANO,80,LESIONADO,MUJER,VEH_LIVIANO,59,LESIONADO,HOMBRE,MOTOCICLETA
2024-04-08 03:13:11,-4.014211,-79.172495,Calle 18 de Noviembre,CON_FALLECIDOS,Colision Multiple,Fatiga del conductor,28,FALLECIDO,MUJER,SCOOTER,53,FALLECIDO,MUJER,CICLISTA,64,LESIONADO,HOMBRE,PEATON
2024-09-23 04:48:01,-3.993842,-79.202613,Calle Saraguro,CON_FALLECIDOS,Accidente Laboral,Mal estado de la via,64,FALLECIDO,MUJER,VEH_LIVIANO,65,FALLECIDO,HOMBRE,VEH_LIVIANO,42,LESIONADO,NO_REGISTRA,VEH_LIVIANO
2024-03-30 20:56:32,-3.997396,-79.181829,Av. Orillas del Zamora,CON_LESIONADOS,Choque Vehicular,Exceso de velocidad,34,LESIONADO,NO_REGISTRA,VEH_LIVIANO,59,LESIONADO,NO_REGISTRA,MOTOCICLETA,46,LESIONADO,MUJER,CICLISTA
2024-05-06 01:01:45,-4.032747,-79.229839,Av. Orillas del Zamora,CON_LESIONADOS,Accidente Laboral,Visibilidad reducida,51,LESIONADO,HOMBRE,VEH_LIVIANO,,,,,,,,
2024-12-07 01:32:21,-3.999746,-79.175821,Av. Gran Colombia,CON_LESIONADOS,Atropellamiento,Imprudencia del conductor,9,LESIONADO,HOMBRE,PEATON,31,LESIONADO,MUJER,VEH_LIVIANO,,,,
2024-05-28 20:48:12,-4.027069,-79.203684,Calle Bolivar,SOLO_DANOS,Volcamiento,Mal estado de la via,,,,,,,,,,,,
2024-05-31 23:21:56,-4.032980,-79.217289,Av. Orillas del Zamora,CON_LESIONADOS,Caida,Factores externos,9,LESIONADO,NO_REGISTRA,CICLISTA,55,LESIONADO,HOMBRE,PEATON,72,LESIONADO,NO_REGISTRA,MOTOCICLETA
2024-02-04 22:13:35,-4.008569,-79.188761,Av. Pio Jaramillo,CON_LESIONADOS,Volcamiento,Factores externos,71,LESIONADO,HOMBRE,SCOOTER,52,LESIONADO,HOMBRE,MOTOCICLETA,,,,
2024-07-26 07:26:07,-3.995262,-79.213955,Calle Montufar,CON_LESIONADOS,Choque Vehicular,Falla mecanica,15,LESIONADO,MUJER,VEH_LIVIANO,,,,,,,,
2024-10-03 11:02:25,-4.020538,-79.206424,Calle Sucre,SOLO_DANOS,Choque Vehicular,Factores externos,,,,,,,,,,,,
2024-12-23 04:13:47,-3.993240,-79.228362,Calle 10 de Agosto,CON_LESIONADOS,Accidente Laboral,Fatiga del conductor,50,LESIONADO,HOMBRE,SCOOTER,,,,,,,,
2024-04-01 03:29:20,-4.029375,-79.178087,Calle Miguel Riofrio,CON_LESIONADOS,Volcamiento,Mal estado de la via,5,LESIONADO,NO_REGISTRA,SCOOTER,57,LESIONADO,MUJER,VEH_LIVIANO,,,,
2024-02-16 05:25:54,-4.017538,-79.230938,Av. 8 de Diciembre,CON_FALLECIDOS,Incendio,Fatiga del conductor,25,FALLECIDO,NO_REGISTRA,SCOOTER,,,,,,,,
2024-06-17 10:22:53,-4.010802,-79.178168,Av. Universitaria,CON_LESIONADOS,Colision Multiple,Falla mecanica,54,LESIONADO,NO_REGISTRA,CICLISTA,72,LESIONADO,NO_REGISTRA,MOTOCICLETA,56,LESIONADO,HOMBRE,MOTOCICLETA
2024-09-27 15:04:19,-4.001040,-79.179343,Av. Pio Jaramillo,CON_FALLECIDOS,Volcamiento,Visibilidad reducida,76,FALLECIDO,MUJER,MOTOCICLETA,47,LESIONADO,MUJER,MOTOCICLETA,53,LESIONADO,MUJER,PEATON
2024-03-10 17:52:47,-4.002390,-79.219514,Via Loja - Zamora,CON_LESIONADOS,Atropellamiento,Falla mecanica,60,LESIONADO,MUJER,OTRO,,,,,,,,
2024-07-12 03:37:03,-4.004012,-79.194418,Calle Azogues,CON_LESIONADOS,Choque Vehicular,Inobservancia de senales,76,LESIONADO,MUJER,CICLISTA,65,LESIONADO,MUJER,SCOOTER,,,,
2024-09-26 22:54:38,-3.989186,-79.178480,Calle 18 de Noviembre,CON_LESIONADOS,Volcamiento,Visibilidad reducida,52,LESIONADO,MUJER,MOTOCICLETA,10,LESIONADO,NO_REGISTRA,MOTOCICLETA,,,,
2024-12-03 04:42:39,-4.008424,-79.182584,Av. Isidro Ayora,CON_LESIONADOS,Choque Vehicular,Fatiga del conductor,18,LESIONADO,HOMBRE,CICLISTA,46,LESIONADO,MUJER,CICLISTA,,,,
2024-11-21 06:01:45,-3.989339,-79.186180,Av. Metropolitana,CON_FALLECIDOS,Atropellamiento,Estado de embriaguez,79,FALLECIDO,NO_REGISTRA,OTRO,,,,,,,,
2024-07-01 04:56:31,-4.029110,-79.195982,Av. Reinaldo Espinosa,CON_LESIONADOS,Atropellamiento,Factores externos,9,LESIONADO,NO_REGISTRA,OTRO,78,LESIONADO,MUJER,MOTOCICLETA,18,LESIONADO,NO_REGISTRA,CICLISTA
2024-08-12 09:35:03,-4.007474,-79.188045,Calle Azogues,CON_FALLECIDOS,Choque Vehicular,Falla mecanica,18,FALLECIDO,HOMBRE,VEH_LIVIANO,69,FALLECIDO,MUJER,VEH_LIVIANO,28,LESIONADO,MUJER,OTRO
2024-10-07 19:19:19,-4.014232,-79.182626,Via Loja - Catamayo,CON_LESIONADOS,Volcamiento,Factores externos,5,LESIONADO,NO_REGISTRA,OTRO,44,LESIONADO,NO_REGISTRA,OTRO,,,,
2024-01-08 15:47:07,-4.007168,-79.179689,Av. Isidro Ayora,SOLO_DANOS,Colision Multiple,Imprudencia del conductor,,,,,,,,,,,,
2024-08-30 20:15:02,-3.987290,-79.179318,Av. 8 de Diciembre,CON_LESIONADOS,Colision Multiple,Falla mecanica,18,LESIONADO,MUJER,OTRO,38,LESIONADO,HOMBRE,SCOOTER,,,,
2024-07-21 13:22:25,-4.012042,-79.215666,Calle Ramon Borrero,SOLO_DANOS,Choque Vehicular,Distraccion (celular/radio),,,,,,,,,,,,
2024-12-05 00:05:00,-4.036434,-79.198022,Calle Montufar,CON_LESIONADOS,Accidente Laboral,Equipo de seguridad deficiente,77,LESIONADO,MUJER,VEH_LIVIANO,,,,,,,,
2024-12-23 07:49:35,-4.026634,-79.195704,Calle 18 de Noviembre,CON_LESIONADOS,Atropellamiento,Factores externos,64,LESIONADO,HOMBRE,SCOOTER,,,,,,,,