fecha_hora,latitud,longitud,via,grado_severidad,tipo_siniestro,causa_probable,victima1_edad,victima1_condicion,victima1_sexo,victima1_actor_vial,victima2_edad,victima2_condicion,victima2_sexo,victima2_actor_vial,victima3_edad,victima3_condicion,victima3_sexo,victima3_actor_vial
2024-02-29 21:22:13,-4.020845,-79.209721,Calle Quito,CON_LESIONADOS,Accidente Laboral,Inobservancia de senales,65,LESIONADO,NO_REGISTRA,MOTOCICLETA,58,LESIONADO,NO_REGISTRA,PEATON,,,,
2024-06-19 18:36:06,-3.999224,-79.213905,Calle Miguel Riofrio,CON_FALLECIDOS,Caida,Exceso de velocidad,58,FALLECIDO,NO_REGISTRA,CICLISTA,,,,,,,,
2024-05-17 07:19:37,-3.998590,-79.190937,Ruta 35,CON_LESIONADOS,Accidente Laboral,Factores externos,43,LESIONADO,HOMBRE,PEATON,,,,,,,,
2024-09-23 08:12:39,-3.978164,-79.199557,Calle Mercadillo,CON_FALLECIDOS,Choque Vehicular,Via resbaladiza o mojada,71,FALLECIDO,MUJER,MOTOCICLETA,41,FALLECIDO,HOMBRE,CICLISTA,79,LESIONADO,MUJER,VEH_LIVIANO
2024-03-13 10:49:44,-4.017237,-79.202619,Av. Universitaria,SOLO_DANOS,Caida,Equipo de seguridad deficiente,,,,,,,,,,,,
2024-04-15 16:53:08,-4.024053,-79.172310,Av. Reinaldo Espinosa,CON_LESIONADOS,Colision Multiple,Estado de embriaguez,78,LESIONADO,HOMBRE,OTRO,,,,,,,,
2024-06-01 11:34:25,-3.987725,-79.173086,Calle Ramon Borrero,CON_FALLECIDOS,Atropellamiento,Equipo de seguridad deficiente,24,FALLECIDO,MUJER,VEH_LIVIANO,23,FALLECIDO,HOMBRE,CICLISTA,54,LESIONADO,NO_REGISTRA,PEATON
2024-02-07 12:46:14,-3.983312,-79.182185,Av. Metropolitana,CON_LESIONADOS,Colision Multiple,Factores externos,40,LESIONADO,HOMBRE,CICLISTA,10,LESIONADO,MUJER,VEH_LIVIANO,,,,
2024-05-18 07:16:37,-4.027041,-79.186465,Calle 10 de Agosto,SOLO_DANOS,Choque Vehicular,Visibilidad reducida,,,,,,,,,,,,
2024-09-20 06:23:33,-3.987860,-79.185936,Av. Manuel Agustin Aguirre,SOLO_DANOS,Atropellamiento,Visibilidad reducida,,,,,,,,,,,,
2024-09-05 04:39:31,-3.977879,-79.224309,Av. Rosa Hermosa,CON_LESIONADOS,Volcamiento,Estado de embriaguez,25,LESIONADO,NO_REGISTRA,OTRO,17,LESIONADO,NO_REGISTRA,VEH_LIVIANO,54,LESIONADO,HOMBRE,MOTOCICLETA
2024-08-22 22:51:18,-4.024090,-79.227685,Calle 18 de Noviembre,CON_FALLECIDOS,Atropellamiento,Via resbaladiza o mojada,74,FALLECIDO,MUJER,SCOOTER,39,LESIONADO,NO_REGISTRA,OTRO,,,,
2024-04-06 07:24:15,-3.989916,-79.181639,Av. Pio Jaramillo,CON_FALLECIDOS,Caida,Equipo de seguridad deficiente,77,FALLECIDO,NO_REGISTRA,SCOOTER,60,LESIONADO,MUJER,SCOOTER,,,,
2024-01-14 04:53:19,-3.980949,-79.220376,Calle Sucre,CON_FALLECIDOS,Volcamiento,Inobservancia de senales,41,FALLECIDO,MUJER,MOTOCICLETA,9,LESIONADO,MUJER,CICLISTA,,,,
2024-01-05 17:20:21,-4.018866,-79.218753,Av. Universitaria,CON_LESIONADOS,Colision Multiple,Mal estado de la via,72,LESIONADO,NO_REGISTRA,OTRO,18,LESIONADO,NO_REGISTRA,OTRO,42,LESIONADO,MUJER,MOTOCICLETA
2024-08-09 07:15:53,-3.993257,-79.215747,Av. Metropolitana,CON_FALLECIDOS,Choque Vehicular,Imprudencia del conductor,75,FALLECIDO,HOMBRE,OTRO,50,LESIONADO,HOMBRE,CICLISTA,70,LESIONADO,MUJER,CICLISTA
2024-12-10 05:24:49,-4.001899,-79.226556,Av. Rosa Hermosa,CON_LESIONADOS,Incendio,Fatiga del conductor,40,LESIONADO,MUJER,PEATON,42,LESIONADO,MUJER,CICLISTA,,,,
2024-06-07 19:44:48,-3.997936,-79.195538,Av. Manuel Agustin Aguirre,SOLO_DANOS,Incendio,Visibilidad reducida,,,,,,,,,,,,
2024-09-02 03:52:57,-3.986232,-79.189748,Calle Sucre,CON_FALLECIDOS,Volcamiento,Distraccion (celular/radio),82,FALLECIDO,MUJER,CICLISTA,35,FALLECIDO,HOMBRE,PEATON,8,LESIONADO,MUJER,VEH_LIVIANO
2024-03-17 06:55:01,-4.029838,-79.201114,Calle Saraguro,SOLO_DANOS,Atropellamiento,Equipo de seguridad deficiente,,,,,,,,,,,,
2024-01-01 03:00:47,-3.997550,-79.196049,Av. Gran Colombia,SOLO_DANOS,Atropellamiento,Mal estado de la via,,,,,,,,,,,,
2024-12-05 22:25:12,-4.011169,-79.180810,Calle Ramon Borrero,CON_FALLECIDOS,Caida,Estado de embriaguez,73,FALLECIDO,NO_REGISTRA,PEATON,26,FALLECIDO,NO_REGISTRA,VEH_LIVIANO,,,,
2024-05-13 07:17:22,-3.989883,-79.213398,Av. 8 de Diciembre,CON_LESIONADOS,Volcamiento,Distraccion (celular/radio),33,LESIONADO,MUJER,MOTOCICLETA,,,,,,,,
2024-09-05 02:45:54,-3.996596,-79.223351,Calle Sucre,CON_FALLECIDOS,Volcamiento,Fatiga del conductor,57,FALLECIDO,NO_REGISTRA,VEH_LIVIANO,56,FALLECIDO,HOMBRE,PEATON,,,,
2024-04-20 15:46:03,-3.979231,-79.186632,Av. Manuel Agustin Aguirre,CON_FALLECIDOS,Choque Vehicular,Exceso de velocidad,76,FALLECIDO,HOMBRE,PEATON,65,FALLECIDO,NO_REGISTRA,OTRO,75,LESIONADO,NO_REGISTRA,VEH_LIVIANO
2024-09-30 08:18:05,-4.007620,-79.172287,Calle Quito,SOLO_DANOS,Atropellamiento,Estado de embriaguez,,,,,,,,,,,,
2024-07-21 02:35:51,-4.008178,-79.178283,Av. Metropolitana,SOLO_DANOS,Incendio,Estado de embriaguez,,,,,,,,,,,,
2024-06-24 20:52:42,-3.981764,-79.203374,Calle Imbabura,CON_FALLECIDOS,Choque Vehicular,Inobservancia de senales,30,FALLECIDO,HOMBRE,VEH_LIVIANO,65,FALLECIDO,HOMBRE,VEH_LIVIANO,45,LESIONADO,NO_REGISTRA,CICLISTA
2024-11-01 09:16:35,-3.984416,-79.202378,Calle Ramon Borrero,CON_FALLECIDOS,Caida,Imprudencia del conductor,63,FALLECIDO,MUJER,MOTOCICLETA,46,LESIONADO,HOMBRE,MOTOCICLETA,37,LESIONADO,MUJER,VEH_LIVIANO
2024-01-02 05:55:58,-4.029615,-79.219170,Calle Sucre,CON_FALLECIDOS,Accidente Laboral,Imprudencia del conductor,54,FALLECIDO,HOMBRE,SCOOTER,73,FALLECIDO,HOMBRE,MOTOCICLETA,,,,
2024-06-24 19:52:40,-4.018232,-79.220566,Calle Sucre,CON_LESIONADOS,Choque Vehicular,Inobservancia de senales,26,LESIONADO,HOMBRE,PEATON,8,LESIONADO,HOMBRE,MOTOCICLETA,8,LESIONADO,HOMBRE,MOTOCICLETA
2024-12-01 22:15:00,-4.002738,-79.227438,Av. Metropolitana,CON_LESIONADOS,Colision Multiple,Falla mecanica,7,LESIONADO,MUJER,OTRO,42,LESIONADO,NO_REGISTRA,SCOOTER,37,LESIONADO,MUJER,VEH_LIVIANO
2024-11-09 21:36:55,-4.026303,-79.182432,Av. Universitaria,CON_FALLECIDOS,Caida,Via resbaladiza o mojada,64,FALLECIDO,HOMBRE,CICLISTA,68,LESIONADO,NO_REGISTRA,VEH_LIVIANO,23,LESIONADO,MUJER,SCOOTER
2024-10-09 20:17:36,-4.003281,-79.200510,Calle Azogues,SOLO_DANOS,Caida,Distraccion (celular/radio),,,,,,,,,,,,
2024-04-01 00:38:43,-3.991147,-79.196881,Av. Universitaria,CON_LESIONADOS,Volcamiento,Fatiga del conductor,24,LESIONADO,HOMBRE,VEH_LIVIANO,28,LESIONADO,NO_REGISTRA,MOTOCICLETA,,,,
2024-07-22 21:04:41,-4.020021,-79.179377,Calle Colon,CON_LESIONADOS,Accidente Laboral,Imprudencia del conductor,22,LESIONADO,NO_REGISTRA,SCOOTER,,,,,,,,
2024-07-10 22:56:27,-4.033032,-79.196256,Av. Cuxibamba,CON_FALLECIDOS,Caida,Exceso de velocidad,67,FALLECIDO,HOMBRE,VEH_LIVIANO,30,FALLECIDO,HOMBRE,CICLISTA,65,LESIONADO,HOMBRE,VEH_LIVIANO
2024-08-07 12:50:17,-3.998162,-79.198932,Calle Ramon Borrero,SOLO_DANOS,Choque Vehicular,Fatiga del conductor,,,,,,,,,,,,
2024-01-10 01:48:20,-4.008786,-79.230662,Calle Miguel Riofrio,CON_FALLECIDOS,Incendio,Inobservancia de senales,43,FALLECIDO,NO_REGISTRA,PEATON,31,FALLECIDO,NO_REGISTRA,SCOOTER,,,,
2024-10-20 14:21:59,-4.017422,-79.225456,Av. Gran Colombia,CON_LESIONADOS,Atropellamiento,Equipo de seguridad deficiente,51,LESIONADO,MUJER,VEH_LIVIANO,74,LESIONADO,NO_REGISTRA,SCOOTER,12,LESIONADO,NO_REGISTRA,VEH_LIVIANO
2024-12-06 20:51:43,-3.985437,-79.200105,Calle Mercadillo,CON_FALLECIDOS,Atropellamiento,Visibilidad reducida,83,FALLECIDO,MUJER,MOTOCICLETA,21,LESIONADO,NO_REGISTRA,OTRO,,,,
2024-12-09 15:04:56,-4.024737,-79.211053,Calle Quito,SOLO_DANOS,Volcamiento,Distraccion (celular/radio),,,,,,,,,,,,
2024-01-08 10:17:26,-4.009377,-79.183207,Calle Sucre,SOLO_DANOS,Atropellamiento,Exceso de velocidad,,,,,,,,,,,,
2024-04-06 01:29:35,-4.025360,-79.216112,Via Loja - Zamora,CON_LESIONADOS,Atropellamiento,Distraccion (celular/radio),17,LESIONADO,MUJER,SCOOTER,45,LESIONADO,MUJER,MOTOCICLETA,53,LESIONADO,NO_REGISTRA,VEH_LIVIANO
2024-02-02 22:02:36,-3.988935,-79.199050,Av. Universitaria,CON_LESIONADOS,Caida,Estado de embriaguez,39,LESIONADO,HOMBRE,MOTOCICLETA,75,LESIONADO,MUJER,SCOOTER,,,,
2024-05-17 06:25:32,-3.987390,-79.226036,Calle Ramon Borrero,CON_LESIONADOS,Volcamiento,Factores externos,53,LESIONADO,NO_REGISTRA,OTRO,,,,,,,,
2024-11-21 12:28:24,-4.036117,-79.217778,Via Loja - Catamayo,CON_LESIONADOS,Accidente Laboral,Falla mecanica,53,LESIONADO,HOMBRE,CICLISTA,,,,,,,,
2024-10-23 15:50:04,-4.003431,-79.194517,Av. Rosa Hermosa,SOLO_DANOS,Incendio,Distraccion (celular/radio),,,,,,,,,,,,
2024-09-09 14:08:52,-3.992651,-79.204289,Av. Cuxibamba,SOLO_DANOS,Incendio,Inobservancia de senales,,,,,,,,,,,,
2024-12-02 20:58:39,-4.006899,-79.206688,Av. Rosa Hermosa,CON_FALLECIDOS,Volcamiento,Visibilidad reducida,28,FALLECIDO,NO_REGISTRA,MOTOCICLETA,58,FALLECIDO,HOMBRE,MOTOCICLETA,12,LESIONADO,NO_REGISTRA,SCOOTER
2024-09-30 23:17:44,-3.986676,-79.179162,Av. Rosa Hermosa,CON_LESIONADOS,Volcamiento,Inobservancia de senales,9,LESIONADO,NO_REGISTRA,OTRO,67,LESIONADO,HOMBRE,OTRO,,,,
2024-02-23 14:32:04,-4.002120,-79.185127,Calle Rocafuerte,CON_FALLECIDOS,Colision Multiple,Mal estado de la via,71,FALLECIDO,NO_REGISTRA,OTRO,63,LESIONADO,MUJER,CICLISTA,,,,
2024-07-18 18:23:37,-4.026240,-79.229792,Calle 10 de Agosto,SOLO_DANOS,Atropellamiento,Mal estado de la via,,,,,,,,,,,,
2024-10-16 09:26:06,-3.983575,-79.221875,Av. Universitaria,SOLO_DANOS,Atropellamiento,Exceso de velocidad,,,,,,,,,,,,
2024-04-29 09:14:06,-4.016283,-79.210228,Av. Reinaldo Espinosa,SOLO_DANOS,Atropellamiento,Distraccion (celular/radio),,,,,,,,,,,,
2024-05-04 04:55:06,-3.991782,-79.178903,Calle Rocafuerte,SOLO_DANOS,Volcamiento,Fatiga del conductor,65,LESIONADO,HOMBRE,CICLISTA,,,,,,,,
2024-12-10 19:52:03,-4.025570,-79.179660,Calle Saraguro,CON_FALLECIDOS,Volcamiento,Exceso de velocidad,72,FALLECIDO,NO_REGISTRA,CICLISTA,34,FALLECIDO,HOMBRE,CICLISTA,,,,
2024-03-07 01:12:35,-3.984708,-79.176109,Calle Imbabura,CON_LESIONADOS,Choque Vehicular,Visibilidad reducida,61,LESIONADO,HOMBRE,PEATON,5,LESIONADO,MUJER,SCOOTER,,,,
2024-03-02 17:08:40,-3.987799,-79.220901,Av. Cuxibamba,SOLO_DANOS,Colision Multiple,Estado de embriaguez,,,,,,,,,,,,
2024-01-01 01:43:45,-3.992840,-79.230875,Calle Mercadillo,CON_FALLECIDOS,Atropellamiento,Fatiga del conductor,63,FALLECIDO,MUJER,PEATON,,,,,,,,
2024-07-08 10:30:32,-4.020497,-79.172032,Calle Montufar,SOLO_DANOS,Choque Vehicular,Fatiga del conductor,,,,,,,,,,,,
2024-09-10 08:47:21,-4.008201,-79.210195,Av. Reinaldo Espinosa,CON_LESIONADOS,Incendio,Estado de embriaguez,23,LESIONADO,HOMBRE,CICLISTA,8,LESIONADO,HOMBRE,CICLISTA,6,LESIONADO,NO_REGISTRA,MOTOCICLETA
2024-08-19 14:27:47,-4.017927,-79.171317,Calle Saraguro,CON_FALLECIDOS,Atropellamiento,Distraccion (celular/radio),66,FALLECIDO,MUJER,CICLISTA,77,FALLECIDO,NO_REGISTRA,PEATON,,,,
2024-04-24 05:28:28,-3.998852,-79.219468,Calle Miguel Riofrio,SOLO_DANOS,Incendio,Equipo de seguridad deficiente,,,,,,,,,,,,
2024-03-29 09:52:47,-4.033612,-79.194531,Calle Imbabura,SOLO_DANOS,Accidente Laboral,Falla mecanica,,,,,,,,,,,,
2024-06-20 19:43:25,-3.985379,-79.199798,Calle 18 de Noviembre,CON_FALLECIDOS,Colision Multiple,Distraccion (celular/radio),55,FALLECIDO,MUJER,PEATON,,,,,,,,
2024-09-10 19:53:55,-4.026318,-79.200743,Av. Manuel Agustin Aguirre,CON_FALLECIDOS,Choque Vehicular,Estado de embriaguez,40,FALLECIDO,MUJER,PEATON,54,FALLECIDO,NO_REGISTRA,PEATON,79,LESIONADO,NO_REGISTRA,OTRO
2024-07-24 02:57:49,-3.989123,-79.210358,Calle Quito,SOLO_DANOS,Accidente Laboral,Imprudencia del conductor,,,,,,,,,,,,
2024-11-09 22:09:20,-4.027257,-79.230322,Calle Azogues,CON_FALLECIDOS,Colision Multiple,Exceso de velocidad,80,FALLECIDO,HOMBRE,OTRO,77,LESIONADO,NO_REGISTRA,PEATON,,,,
2024-07-31 13:59:39,-4.001600,-79.207366,Av. Reinaldo Espinosa,SOLO_DANOS,Volcamiento,Via resbaladiza o mojada,,,,,,,,,,,,
2024-03-17 14:31:50,-3.995535,-79.186783,Calle Mercadillo,CON_FALLECIDOS,Choque Vehicular,Inobservancia de senales,45,FALLECIDO,NO_REGISTRA,CICLISTA,53,LESIONADO,MUJER,OTRO,,,,
2024-08-02 19:38:39,-4.016471,-79.219985,Calle Bolivar,SOLO_DANOS,Caida,Distraccion (celular/radio),,,,,,,,,,,,
2024-08-13 03:32:14,-3.985814,-79.202150,Av. Orillas del Zamora,CON_FALLECIDOS,Choque Vehicular,Distraccion (celular/radio),63,FALLECIDO,HOMBRE,PEATON,32,FALLECIDO,NO_REGISTRA,VEH_LIVIANO,66,LESIONADO,NO_REGISTRA,PEATON
2024-06-06 01:40:39,-4.031672,-79.198077,Via Loja - Zamora,SOLO_DANOS,Choque Vehicular,Inobservancia de senales,70,LESIONADO,NO_REGISTRA,SCOOTER,,,,,,,,
2024-11-02 21:13:04,-4.010899,-79.208177,Calle Miguel Riofrio,CON_LESIONADOS,Accidente Laboral,Visibilidad reducida,5,LESIONADO,HOMBRE,MOTOCICLETA,,,,,,,,
2024-05-02 22:07:52,-3.990652,-79.190176,Calle Ramon Borrero,SOLO_DANOS,Atropellamiento,Factores externos,,,,,,,,,,,,
2024-07-03 13:07:26,-4.031676,-79.227658,Calle Bolivar,CON_FALLECIDOS,Colision Multiple,Via resbaladiza o mojada,62,FALLECIDO,HOMBRE,VEH_LIVIANO,27,LESIONADO,NO_REGISTRA,VEH_LIVIANO,59,LESIONADO,MUJER,VEH_LIVIANO
2024-02-23 01:46:28,-4.008034,-79.222522,Calle 10 de Agosto,SOLO_DANOS,Atropellamiento,Via resbaladiza o mojada,,,,,,,,,,,,
2024-05-21 04:02:34,-3.986433,-79.217363,Av. Rosa Hermosa,CON_LESIONADOS,Caida,Inobservancia de senales,78,LESIONADO,MUJER,VEH_LIVIANO,,,,,,,,
2024-06-04 19:29:56,-4.035094,-79.211449,Calle Rocafuerte,CON_LESIONADOS,Caida,Exceso de velocidad,25,LESIONADO,HOMBRE,SCOOTER,,,,,,,,
2024-05-22 11:51:59,-3.993036,-79.178017,Calle 18 de Noviembre,CON_LESIONADOS,Choque Vehicular,Mal estado de la via,31,LESIONADO,NO_REGISTRA,OTRO,25,LESIONADO,HOMBRE,MOTOCICLETA,43,LESIONADO,NO_REGISTRA,SCOOTER
2024-10-19 11:56:09,-4.017643,-79.179298,Calle Bolivar,SOLO_DANOS,Colision Multiple,Mal estado de la via,,,,,,,,,,,,
2024-10-30 00:19:21,-3.998231,-79.208818,Calle Sucre,SOLO_DANOS,Choque Vehicular,Factores externos,,,,,,,,,,,,
2024-07-19 11:26:06,-4.005883,-79.187769,Calle 18 de Noviembre,SOLO_DANOS,Incendio,Exceso de velocidad,16,LESIONADO,MUJER,VEH_LIVIANO,,,,,,,,
2024-02-10 08:56:27,-3.994349,-79.186012,Av. 8 de Diciembre,CON_FALLECIDOS,Volcamiento,Inobservancia de senales,64,FALLECIDO,MUJER,PEATON,,,,,,,,
2024-11-15 23:14:35,-3.989344,-79.226744,Calle Miguel Riofrio,CON_FALLECIDOS,Colision Multiple,Inobservancia de senales,20,FALLECIDO,NO_REGISTRA,MOTOCICLETA,28,FALLECIDO,NO_REGISTRA,MOTOCICLETA,29,LESIONADO,NO_REGISTRA,OTRO
2024-05-10 03:17:33,-3.990099,-79.191130,Calle Bolivar,CON_LESIONADOS,Caida,Via resbaladiza o mojada,32,LESIONADO,NO_REGISTRA,MOTOCICLETA,,,,,,,,
2024-10-28 08:31:57,-4.022354,-79.175159,Ruta 35,CON_FALLECIDOS,Colision Multiple,Distraccion (celular/radio),79,FALLECIDO,NO_REGISTRA,PEATON,36,LESIONADO,MUJER,CICLISTA,,,,
2024-06-10 13:21:44,-4.008485,-79.184060,Av. Cuxibamba,SOLO_DANOS,Accidente Laboral,Equipo de seguridad deficiente,,,,,,,,,,,,
2024-04-22 22:02:46,-4.009697,-79.217870,Calle Ramon Borrero,SOLO_DANOS,Choque Vehicular,Equipo de seguridad deficiente,,,,,,,,,,,,
2024-03-31 04:40:16,-4.017276,-79.179714,Av. Universitaria,CON_FALLECIDOS,Colision Multiple,Estado de embriaguez,27,FALLECIDO,HOMBRE,OTRO,13,LESIONADO,MUJER,CICLISTA,51,LESIONADO,NO_REGISTRA,PEATON
2024-10-15 19:16:11,-4.030299,-79.218838,Calle Ramon Borrero,CON_LESIONADOS,Volcamiento,Via resbaladiza o mojada,26,LESIONADO,HOMBRE,VEH_LIVIANO,67,LESIONADO,NO_REGISTRA,PEATON,,,,
2024-04-03 08:41:44,-3.982248,-79.217822,Calle Azogues,CON_FALLECIDOS,Atropellamiento,Equipo de seguridad deficiente,44,FALLECIDO,NO_REGISTRA,PEATON,80,FALLECIDO,HOMBRE,SCOOTER,55,LESIONADO,HOMBRE,MOTOCICLETA
2024-10-02 14:59:55,-3.984034,-79.193149,Calle Rocafuerte,SOLO_DANOS,Incendio,Equipo de seguridad deficiente,,,,,,,,,,,,
2024-09-19 06:57:46,-4.010339,-79.175073,Via Loja - Catamayo,SOLO_DANOS,Incendio,Via resbaladiza o mojada,,,,,,,,,,,,
2024-12-17 10:06:25,-4.033936,-79.206226,Calle Ramon Borrero,CON_LESIONADOS,Atropellamiento,Factores externos,60,LESIONADO,NO_REGISTRA,CICLISTA,9,LESIONADO,NO_REGISTRA,PEATON,64,LESIONADO,NO_REGISTRA,PEATON
2024-01-15 15:34:25,-3.986704,-79.221312,Calle Sucre,CON_LESIONADOS,Accidente Laboral,Exceso de velocidad,14,LESIONADO,MUJER,OTRO,5,LESIONADO,MUJER,VEH_LIVIANO,,,,
2024-12-21 09:16:46,-4.011372,-79.197831,Calle Colon,CON_LESIONADOS,Accidente Laboral,Falla mecanica,66,LESIONADO,NO_REGISTRA,OTRO,37,LESIONADO,HOMBRE,MOTOCICLETA,78,LESIONADO,NO_REGISTRA,SCOOTER
2024-02-08 15:22:14,-4.028691,-79.199293,Av. Manuel Agustin Aguirre,CON_FALLECIDOS,Choque Vehicular,Falla mecanica,43,FALLECIDO,HOMBRE,MOTOCICLETA,63,FALLECIDO,MUJER,CICLISTA,,,,
2024-09-09 06:36:28,-3.979970,-79.230391,Av. Rosa Hermosa,CON_FALLECIDOS,Atropellamiento,Estado de embriaguez,68,FALLECIDO,HOMBRE,MOTOCICLETA,65,LESIONADO,MUJER,PEATON,5,LESIONADO,NO_REGISTRA,PEATON
2024-05-15 02:49:01,-3.978924,-79.197870,Calle Rocafuerte,CON_FALLECIDOS,Colision Multiple,Fatiga del conductor,64,FALLECIDO,HOMBRE,SCOOTER,32,LESIONADO,HOMBRE,SCOOTER,67,LESIONADO,HOMBRE,CICLISTA
2024-10-30 02:22:55,-3.989050,-79.220664,Av. Cuxibamba,CON_FALLECIDOS,Volcamiento,Mal estado de la via,21,FALLECIDO,MUJER,OTRO,32,LESIONADO,MUJER,CICLISTA,62,LESIONADO,MUJER,MOTOCICLETA
2024-11-04 08:16:37,-4.000244,-79.225073,Calle Mercadillo,CON_FALLECIDOS,Colision Multiple,Inobservancia de senales,29,FALLECIDO,HOMBRE,MOTOCICLETA,,,,,,,,
2024-03-12 14:59:22,-3.989737,-79.179491,Calle Montufar,CON_LESIONADOS,Choque Vehicular,Estado de embriaguez,75,LESIONADO,HOMBRE,MOTOCICLETA,44,LESIONADO,HOMBRE,VEH_LIVIANO,,,,
2024-07-17 23:37:14,-4.021624,-79.182822,Calle Miguel Riofrio,SOLO_DANOS,Accidente Laboral,Falla mecanica,,,,,,,,,,,,
2024-08-12 22:10:11,-3.983441,-79.182349,Av. Reinaldo Espinosa,CON_FALLECIDOS,Colision Multiple,Via resbaladiza o mojada,33,FALLECIDO,NO_REGISTRA,PEATON,68,FALLECIDO,MUJER,CICLISTA,74,LESIONADO,MUJER,PEATON
2024-10-17 01:31:25,-4.022355,-79.195531,Calle Rocafuerte,CON_LESIONADOS,Caida,Exceso de velocidad,31,LESIONADO,MUJER,CICLISTA,67,LESIONADO,MUJER,PEATON,,,,
2024-08-20 19:12:32,-4.014874,-79.188522,Calle Quito,CON_LESIONADOS,Choque Vehicular,Via resbaladiza o mojada,57,LESIONADO,HOMBRE,MOTOCICLETA,48,LESIONADO,NO_REGISTRA,OTRO,,,,
2024-10-29 05:34:34,-4.010246,-79.201399,Calle Ramon Borrero,CON_LESIONADOS,Choque Vehicular,Mal estado de la via,34,LESIONADO,NO_REGISTRA,PEATON,74,LESIONADO,HOMBRE,CICLISTA,,,,
2024-03-27 04:12:17,-4.017269,-79.188764,Calle Quito,CON_FALLECIDOS,Incendio,Fatiga del conductor,21,FALLECIDO,NO_REGISTRA,CICLISTA,19,LESIONADO,MUJER,CICLISTA,35,LESIONADO,MUJER,VEH_LIVIANO
2024-01-31 06:57:07,-4.007961,-79.173300,Ruta 35,CON_FALLECIDOS,Volcamiento,Distraccion (celular/radio),73,FALLECIDO,HOMBRE,MOTOCICLETA,,,,,,,,
2024-12-28 04:02:09,-4.009479,-79.195877,Av. Isidro Ayora,CON_FALLECIDOS,Choque Vehicular,Via resbaladiza o mojada,37,FALLECIDO,NO_REGISTRA,PEATON,26,FALLECIDO,NO_REGISTRA,PEATON,,,,
2024-10-07 12:40:40,-3.995402,-79.207302,Av. Rosa Hermosa,CON_LESIONADOS,Volcamiento,Falla mecanica,42,LESIONADO,MUJER,PEATON,50,LESIONADO,MUJER,MOTOCICLETA,64,LESIONADO,NO_REGISTRA,MOTOCICLETA
2024-04-11 07:52:20,-4.018642,-79.230953,Calle 10 de Agosto,CON_LESIONADOS,Incendio,Fatiga del conductor,65,LESIONADO,HOMBRE,CICLISTA,30,LESIONADO,NO_REGISTRA,SCOOTER,,,,
2024-01-20 01:02:08,-3.985978,-79.193210,Av. Isidro Ayora,CON_LESIONADOS,Choque Vehicular,Imprudencia del conductor,55,LESIONADO,NO_REGISTRA,CICLISTA,,,,,,,,
2024-11-15 23:28:41,-3.985402,-79.192414,Calle Bolivar,SOLO_DANOS,Caida,Imprudencia del conductor,,,,,,,,,,,,
2024-05-26 02:14:22,-3.996569,-79.216903,Calle Colon,CON_FALLECIDOS,Choque Vehicular,Distraccion (celular/radio),19,FALLECIDO,HOMBRE,SCOOTER,39,FALLECIDO,NO_REGISTRA,OTRO,40,LESIONADO,MUJER,MOTOCICLETA
2024-05-20 01:35:30,-4.011314,-79.225095,Via Loja - Zamora,SOLO_DANOS,Incendio,Inobservancia de senales,,,,,,,,,,,,
2024-12-05 05:47:09,-4.003427,-79.229793,Via Loja - Catamayo,SOLO_DANOS,Accidente Laboral,Via resbaladiza o mojada,36,LESIONADO,HOMBRE,CICLISTA,,,,,,,,
2024-01-29 14:47:40,-3.994878,-79.211293,Calle Imbabura,SOLO_DANOS,Atropellamiento,Mal estado de la via,64,LESIONADO,MUJER,OTRO,,,,,,,,
2024-05-05 12:29:49,-3.985794,-79.201217,Calle Quito,SOLO_DANOS,Volcamiento,Falla mecanica,,,,,,,,,,,,
2024-02-28 17:27:51,-4.009081,-79.226228,Calle Mercadillo,CON_FALLECIDOS,Caida,Fatiga del conductor,70,FALLECIDO,MUJER,PEATON,69,LESIONADO,NO_REGISTRA,CICLISTA,14,LESIONADO,MUJER,SCOOTER
2024-06-18 22:09:29,-3.977169,-79.216710,Av. Gran Colombia,CON_LESIONADOS,Atropellamiento,Estado de embriaguez,73,LESIONADO,NO_REGISTRA,VEH_LIVIANO,,,,,,,,
2024-05-30 08:36:01,-4.036111,-79.209275,Ruta 35,SOLO_DANOS,Atropellamiento,Visibilidad reducida,,,,,,,,,,,,
2024-10-14 17:52:43,-3.986943,-79.225216,Av. Metropolitana,SOLO_DANOS,Caida,Factores externos,,,,,,,,,,,,
2024-09-11 05:16:47,-4.036424,-79.204900,Calle Imbabura,CON_FALLECIDOS,Caida,Visibilidad reducida,33,FALLECIDO,HOMBRE,PEATON,19,LESIONADO,HOMBRE,PEATON,73,LESIONADO,MUJER,OTRO
2024-04-06 05:22:05,-4.020395,-79.193463,Calle 18 de Noviembre,SOLO_DANOS,Caida,Mal estado de la via,,,,,,,,,,,,
2024-09-12 08:56:04,-4.028293,-79.221041,Calle 10 de Agosto,SOLO_DANOS,Atropellamiento,Via resbaladiza o mojada,,,,,,,,,,,,
2024-05-05 02:14:40,-4.036962,-79.222589,Calle Azogues,CON_FALLECIDOS,Colision Multiple,Visibilidad reducida,50,FALLECIDO,NO_REGISTRA,CICLISTA,76,LESIONADO,NO_REGISTRA,OTRO,11,LESIONADO,HOMBRE,PEATON