fecha_hora,latitud,longitud,via,grado_severidad,tipo_siniestro,causa_probable,victima1_edad,victima1_condicion,victima1_sexo,victima1_actor_vial,victima2_edad,victima2_condicion,victima2_sexo,victima2_actor_vial,victima3_edad,victima3_condicion,victima3_sexo,victima3_actor_vial
2024-09-09 01:15:59,-4.028107,-79.211503,Calle Quito,CON_LESIONADOS,Choque Vehicular,Exceso de velocidad,48,LESIONADO,HOMBRE,PEATON,25,LESIONADO,HOMBRE,MOTOCICLETA,18,LESIONADO,NO_REGISTRA,PEATON
2024-04-20 20:26:49,-4.030564,-79.225419,Calle Ramon Borrero,SOLO_DANOS,Caida,Distraccion (celular/radio),,,,,,,,,,,,
2024-07-15 07:25:58,-3.989436,-79.200306,Av. Rosa Hermosa,SOLO_DANOS,Choque Vehicular,Via resbaladiza o mojada,39,LESIONADO,NO_REGISTRA,VEH_LIVIANO,,,,,,,,
2024-12-20 22:15:40,-3.988598,-79.229282,Calle Sucre,CON_FALLECIDOS,Incendio,Factores externos,26,FALLECIDO,MUJER,MOTOCICLETA,58,FALLECIDO,MUJER,SCOOTER,,,,
2024-03-28 19:30:11,-4.008139,-79.205683,Av. Isidro Ayora,SOLO_DANOS,Colision Multiple,Estado de embriaguez,,,,,,,,,,,,
2024-01-14 17:20:57,-3.992850,-79.222920,Calle Colon,CON_FALLECIDOS,Choque Vehicular,Mal estado de la via,40,FALLECIDO,HOMBRE,SCOOTER,44,FALLECIDO,HOMBRE,OTRO,73,LESIONADO,MUJER,OTRO
2024-01-18 05:21:37,-3.994931,-79.193815,Calle Miguel Riofrio,SOLO_DANOS,Incendio,Visibilidad reducida,,,,,,,,,,,,
2024-10-01 16:56:31,-3.981919,-79.211339,Calle Quito,SOLO_DANOS,Accidente Laboral,Visibilidad reducida,42,LESIONADO,HOMBRE,MOTOCICLETA,,,,,,,,
2024-08-21 16:37:49,-4.020316,-79.199476,Calle Colon,SOLO_DANOS,Choque Vehicular,Fatiga del conductor,,,,,,,,,,,,
2024-01-19 04:36:06,-4.022748,-79.225507,Calle Colon,SOLO_DANOS,Atropellamiento,Exceso de velocidad,,,,,,,,,,,,
2024-12-17 07:31:30,-3.986310,-79.176743,Av. Rosa Hermosa,SOLO_DANOS,Accidente Laboral,Falla mecanica,,,,,,,,,,,,
2024-03-10 06:52:22,-4.001009,-79.191331,Av. Pio Jaramillo,SOLO_DANOS,Choque Vehicular,Imprudencia del conductor,,,,,,,,,,,,
2024-05-23 15:06:14,-4.017800,-79.204576,Calle Quito,SOLO_DANOS,Volcamiento,Estado de embriaguez,,,,,,,,,,,,
2024-07-06 00:42:58,-3.998468,-79.185601,Calle Imbabura,SOLO_DANOS,Incendio,Imprudencia del conductor,,,,,,,,,,,,
2024-11-11 13:47:45,-3.983993,-79.210798,Av. Gran Colombia,CON_LESIONADOS,Caida,Estado de embriaguez,28,LESIONADO,MUJER,VEH_LIVIANO,,,,,,,,
2024-03-02 04:08:08,-4.018038,-79.227281,Av. Reinaldo Espinosa,CON_FALLECIDOS,Choque Vehicular,Exceso de velocidad,33,FALLECIDO,MUJER,PEATON,31,LESIONADO,HOMBRE,OTRO,18,LESIONADO,HOMBRE,MOTOCICLETA
2024-11-05 06:36:58,-4.026593,-79.177514,Av. Pio Jaramillo,SOLO_DANOS,Caida,Exceso de velocidad,,,,,,,,,,,,
2024-04-08 14:50:46,-3.977453,-79.188813,Calle Azogues,SOLO_DANOS,Caida,Mal estado de la via,,,,,,,,,,,,
2024-07-30 04:09:26,-4.003207,-79.187742,Calle Imbabura,CON_LESIONADOS,Colision Multiple,Imprudencia del conductor,58,LESIONADO,MUJER,CICLISTA,50,LESIONADO,NO_REGISTRA,PEATON,32,LESIONADO,NO_REGISTRA,CICLISTA
2024-04-05 22:46:46,-3.988442,-79.202934,Calle 18 de Noviembre,SOLO_DANOS,Colision Multiple,Mal estado de la via,28,LESIONADO,NO_REGISTRA,SCOOTER,,,,,,,,
2024-09-17 05:36:44,-4.033151,-79.199819,Av. Reinaldo Espinosa,CON_FALLECIDOS,Caida,Distraccion (celular/radio),29,FALLECIDO,MUJER,CICLISTA,65,LESIONADO,NO_REGISTRA,PEATON,,,,
2024-04-10 13:49:41,-4.035301,-79.226045,Av. Metropolitana,CON_FALLECIDOS,Incendio,Equipo de seguridad deficiente,59,FALLECIDO,NO_REGISTRA,OTRO,14,LESIONADO,MUJER,PEATON,52,LESIONADO,NO_REGISTRA,PEATON
2024-10-18 12:15:35,-4.023246,-79.205469,Av. 8 de Diciembre,CON_FALLECIDOS,Choque Vehicular,Visibilidad reducida,74,FALLECIDO,MUJER,OTRO,63,FALLECIDO,MUJER,VEH_LIVIANO,20,LESIONADO,HOMBRE,CICLISTA
2024-04-19 01:53:18,-4.035121,-79.177067,Av. Pio Jaramillo,CON_FALLECIDOS,Caida,Imprudencia del conductor,20,FALLECIDO,NO_REGISTRA,OTRO,20,LESIONADO,MUJER,PEATON,,,,
2024-11-06 01:29:56,-3.999667,-79.174959,Calle Quito,CON_FALLECIDOS,Accidente Laboral,Factores externos,35,FALLECIDO,MUJER,OTRO,25,FALLECIDO,NO_REGISTRA,OTRO,,,,
2024-08-06 18:36:36,-4.027715,-79.223594,Av. Reinaldo Espinosa,CON_LESIONADOS,Accidente Laboral,Factores externos,50,LESIONADO,MUJER,SCOOTER,49,LESIONADO,HOMBRE,OTRO,,,,
2024-04-05 03:48:31,-4.031653,-79.211804,Calle Azogues,CON_FALLECIDOS,Colision Multiple,Inobservancia de senales,48,FALLECIDO,NO_REGISTRA,CICLISTA,,,,,,,,
2024-08-27 13:15:25,-4.014040,-79.181509,Calle Ramon Borrero,SOLO_DANOS,Choque Vehicular,Factores externos,,,,,,,,,,,,
2024-05-26 15:36:33,-4.018520,-79.178025,Av. Orillas del Zamora,CON_LESIONADOS,Caida,Visibilidad reducida,46,LESIONADO,MUJER,PEATON,,,,,,,,
2024-11-17 12:33:43,-4.029030,-79.208347,Av. Reinaldo Espinosa,CON_FALLECIDOS,Caida,Via resbaladiza o mojada,39,FALLECIDO,HOMBRE,CICLISTA,,,,,,,,
2024-10-02 19:29:28,-3.991578,-79.198676,Av. Rosa Hermosa,CON_LESIONADOS,Volcamiento,Inobservancia de senales,43,LESIONADO,MUJER,PEATON,33,LESIONADO,NO_REGISTRA,CICLISTA,,,,
2024-04-02 09:37:05,-3.986487,-79.208585,Calle Rocafuerte,SOLO_DANOS,Incendio,Falla mecanica,,,,,,,,,,,,
2024-04-21 02:03:52,-4.023867,-79.182296,Calle Ramon Borrero,CON_FALLECIDOS,Accidente Laboral,Visibilidad reducida,64,FALLECIDO,HOMBRE,MOTOCICLETA,14,LESIONADO,HOMBRE,OTRO,,,,
2024-05-17 01:31:09,-4.008217,-79.182601,Av. Isidro Ayora,CON_FALLECIDOS,Volcamiento,Distraccion (celular/radio),78,FALLECIDO,MUJER,SCOOTER,20,LESIONADO,MUJER,PEATON,,,,
2024-05-30 20:10:59,-4.023463,-79.195895,Calle 18 de Noviembre,SOLO_DANOS,Volcamiento,Inobservancia de senales,,,,,,,,,,,,
2024-05-11 11:50:06,-3.981523,-79.172945,Calle 18 de Noviembre,CON_LESIONADOS,Atropellamiento,Equipo de seguridad deficiente,16,LESIONADO,HOMBRE,CICLISTA,44,LESIONADO,HOMBRE,OTRO,,,,
2024-11-14 20:33:57,-3.995724,-79.183309,Av. Metropolitana,SOLO_DANOS,Volcamiento,Distraccion (celular/radio),,,,,,,,,,,,
2024-02-19 05:23:23,-3.981280,-79.177763,Calle Imbabura,CON_FALLECIDOS,Volcamiento,Falla mecanica,32,FALLECIDO,HOMBRE,VEH_LIVIANO,56,LESIONADO,HOMBRE,VEH_LIVIANO,,,,
2024-12-29 12:38:59,-3.986055,-79.202885,Via Loja - Catamayo,CON_FALLECIDOS,Atropellamiento,Via resbaladiza o mojada,82,FALLECIDO,NO_REGISTRA,CICLISTA,71,FALLECIDO,NO_REGISTRA,CICLISTA,73,LESIONADO,HOMBRE,SCOOTER
2024-12-31 03:23:24,-3.996514,-79.177625,Calle Colon,CON_LESIONADOS,Colision Multiple,Fatiga del conductor,30,LESIONADO,NO_REGISTRA,CICLISTA,,,,,,,,
2024-11-14 10:00:37,-4.033378,-79.188329,Calle Rocafuerte,CON_FALLECIDOS,Colision Multiple,Inobservancia de senales,80,FALLECIDO,MUJER,MOTOCICLETA,72,FALLECIDO,MUJER,PEATON,,,,
2024-05-14 21:30:09,-4.023514,-79.178682,Calle Colon,CON_LESIONADOS,Incendio,Factores externos,12,LESIONADO,MUJER,CICLISTA,,,,,,,,
2024-03-19 00:24:09,-3.979168,-79.223698,Av. Gran Colombia,SOLO_DANOS,Volcamiento,Exceso de velocidad,,,,,,,,,,,,
2024-05-29 06:32:24,-3.992124,-79.211524,Calle 18 de Noviembre,CON_FALLECIDOS,Incendio,Inobservancia de senales,34,FALLECIDO,HOMBRE,SCOOTER,42,LESIONADO,NO_REGISTRA,PEATON,,,,
2024-08-06 15:28:16,-3.983162,-79.206064,Calle 18 de Noviembre,CON_FALLECIDOS,Caida,Fatiga del conductor,30,FALLECIDO,HOMBRE,CICLISTA,80,FALLECIDO,NO_REGISTRA,OTRO,7,LESIONADO,HOMBRE,PEATON
2024-06-20 19:23:08,-3.996277,-79.205611,Via Loja - Zamora,CON_LESIONADOS,Volcamiento,Visibilidad reducida,80,LESIONADO,MUJER,VEH_LIVIANO,,,,,,,,
2024-07-26 19:13:18,-4.012845,-79.215054,Calle Miguel Riofrio,SOLO_DANOS,Caida,Mal estado de la via,,,,,,,,,,,,
2024-10-25 03:33:52,-3.987414,-79.198187,Calle Quito,CON_LESIONADOS,Volcamiento,Visibilidad reducida,44,LESIONADO,MUJER,OTRO,,,,,,,,
2024-03-13 20:18:26,-3.998730,-79.186975,Av. Universitaria,SOLO_DANOS,Volcamiento,Factores externos,,,,,,,,,,,,
2024-11-19 08:05:59,-4.010629,-79.209072,Calle Mercadillo,SOLO_DANOS,Atropellamiento,Inobservancia de senales,,,,,,,,,,,,
2024-12-21 12:49:20,-4.036438,-79.213161,Calle Sucre,CON_LESIONADOS,Accidente Laboral,Mal estado de la via,55,LESIONADO,NO_REGISTRA,VEH_LIVIANO,,,,,,,,
2024-03-17 02:25:58,-4.008910,-79.221828,Av. Metropolitana,SOLO_DANOS,Atropellamiento,Imprudencia del conductor,,,,,,,,,,,,
2024-12-22 18:04:29,-4.022311,-79.217923,Av. Orillas del Zamora,SOLO_DANOS,Incendio,Inobservancia de senales,,,,,,,,,,,,
2024-02-14 15:07:20,-3.981463,-79.225476,Av. Cuxibamba,SOLO_DANOS,Colision Multiple,Equipo de seguridad deficiente,,,,,,,,,,,,
2024-04-14 22:40:26,-3.990201,-79.171349,Av. Pio Jaramillo,SOLO_DANOS,Accidente Laboral,Equipo de seguridad deficiente,,,,,,,,,,,,
2024-11-26 10:49:52,-3.990518,-79.195322,Av. Cuxibamba,CON_LESIONADOS,Accidente Laboral,Falla mecanica,62,LESIONADO,HOMBRE,VEH_LIVIANO,,,,,,,,
2024-02-05 18:59:42,-3.977224,-79.230426,Calle Azogues,CON_LESIONADOS,Incendio,Falla mecanica,14,LESIONADO,NO_REGISTRA,VEH_LIVIANO,9,LESIONADO,HOMBRE,SCOOTER,,,,
2024-07-03 14:22:51,-4.021332,-79.216509,Av. Isidro Ayora,CON_LESIONADOS,Caida,Equipo de seguridad deficiente,29,LESIONADO,NO_REGISTRA,OTRO,19,LESIONADO,MUJER,SCOOTER,,,,
2024-06-24 04:44:11,-3.980686,-79.221092,Calle Ramon Borrero,SOLO_DANOS,Incendio,Inobservancia de senales,,,,,,,,,,,,
2024-05-03 08:39:07,-4.006011,-79.187342,Calle Sucre,SOLO_DANOS,Caida,Inobservancia de senales,,,,,,,,,,,,
2024-05-12 09:44:51,-4.019967,-79.196463,Calle 10 de Agosto,SOLO_DANOS,Accidente Laboral,Exceso de velocidad,,,,,,,,,,,,
2024-12-31 05:26:30,-4.005092,-79.223354,Calle Miguel Riofrio,CON_LESIONADOS,Atropellamiento,Imprudencia del conductor,66,LESIONADO,MUJER,OTRO,,,,,,,,
2024-01-18 03:11:39,-4.010068,-79.218873,Calle 10 de Agosto,CON_LESIONADOS,Volcamiento,Falla mecanica,24,LESIONADO,MUJER,MOTOCICLETA,20,LESIONADO,MUJER,SCOOTER,,,,
2024-03-22 00:20:12,-4.009821,-79.199375,Av. Orillas del Zamora,CON_LESIONADOS,Atropellamiento,Factores externos,70,LESIONADO,MUJER,OTRO,58,LESIONADO,HOMBRE,PEATON,70,LESIONADO,NO_REGISTRA,SCOOTER
2024-06-26 05:45:23,-3.989541,-79.201371,Av. Cuxibamba,SOLO_DANOS,Incendio,Imprudencia del conductor,,,,,,,,,,,,
2024-01-11 11:53:38,-4.000035,-79.179129,Ruta 35,CON_FALLECIDOS,Volcamiento,Mal estado de la via,57,FALLECIDO,MUJER,MOTOCICLETA,39,LESIONADO,NO_REGISTRA,OTRO,,,,
2024-05-15 14:19:59,-4.016628,-79.208934,Calle Imbabura,CON_LESIONADOS,Atropellamiento,Distraccion (celular/radio),37,LESIONADO,NO_REGISTRA,MOTOCICLETA,72,LESIONADO,HOMBRE,MOTOCICLETA,65,LESIONADO,HOMBRE,PEATON
2024-03-31 04:00:43,-4.033754,-79.184603,Calle Sucre,SOLO_DANOS,Volcamiento,Fatiga del conductor,51,LESIONADO,MUJER,VEH_LIVIANO,,,,,,,,
2024-10-08 05:18:34,-4.021959,-79.171797,Calle Sucre,SOLO_DANOS,Accidente Laboral,Visibilidad reducida,,,,,,,,,,,,
2024-10-15 01:56:34,-4.020667,-79.220548,Av. Pio Jaramillo,CON_LESIONADOS,Incendio,Equipo de seguridad deficiente,22,LESIONADO,NO_REGISTRA,PEATON,42,LESIONADO,MUJER,MOTOCICLETA,,,,
2024-11-27 02:00:35,-3.980614,-79.177006,Av. Orillas del Zamora,SOLO_DANOS,Incendio,Inobservancia de senales,,,,,,,,,,,,
2024-03-22 22:24:54,-4.012964,-79.219680,Av. Metropolitana,SOLO_DANOS,Atropellamiento,Inobservancia de senales,,,,,,,,,,,,
2024-11-04 20:26:12,-3.986548,-79.217468,Av. Isidro Ayora,CON_LESIONADOS,Caida,Factores externos,56,LESIONADO,HOMBRE,MOTOCICLETA,,,,,,,,
2024-04-16 04:29:21,-4.017740,-79.209693,Calle Montufar,SOLO_DANOS,Colision Multiple,Visibilidad reducida,,,,,,,,,,,,
2024-08-29 02:09:44,-4.011187,-79.193852,Av. Gran Colombia,SOLO_DANOS,Atropellamiento,Imprudencia del conductor,,,,,,,,,,,,
2024-10-08 14:41:48,-3.985335,-79.202788,Av. Cuxibamba,CON_FALLECIDOS,Caida,Equipo de seguridad deficiente,85,FALLECIDO,MUJER,PEATON,39,FALLECIDO,HOMBRE,OTRO,74,LESIONADO,MUJER,MOTOCICLETA
2024-11-28 21:55:04,-3.991630,-79.218994,Av. Rosa Hermosa,CON_FALLECIDOS,Choque Vehicular,Distraccion (celular/radio),78,FALLECIDO,MUJER,OTRO,32,LESIONADO,MUJER,MOTOCICLETA,17,LESIONADO,NO_REGISTRA,CICLISTA
2024-03-31 16:19:38,-4.010831,-79.215063,Calle Mercadillo,CON_FALLECIDOS,Incendio,Estado de embriaguez,31,FALLECIDO,MUJER,VEH_LIVIANO,68,FALLECIDO,MUJER,CICLISTA,33,LESIONADO,NO_REGISTRA,VEH_LIVIANO
2024-06-08 02:05:32,-4.007816,-79.196565,Calle Sucre,SOLO_DANOS,Atropellamiento,Fatiga del conductor,,,,,,,,,,,,
2024-06-05 21:44:21,-3.990871,-79.195817,Av. Manuel Agustin Aguirre,CON_FALLECIDOS,Volcamiento,Fatiga del conductor,18,FALLECIDO,HOMBRE,VEH_LIVIANO,,,,,,,,
2024-04-02 21:35:18,-3.983419,-79.187819,Calle Bolivar,CON_FALLECIDOS,Choque Vehicular,Mal estado de la via,71,FALLECIDO,MUJER,PEATON,,,,,,,,
2024-10-15 03:37:21,-4.012606,-79.195020,Calle Imbabura,CON_LESIONADOS,Caida,Via resbaladiza o mojada,78,LESIONADO,MUJER,OTRO,21,LESIONADO,HOMBRE,VEH_LIVIANO,,,,
2024-09-01 08:43:49,-3.999196,-79.189709,Calle Ramon Borrero,CON_LESIONADOS,Volcamiento,Exceso de velocidad,9,LESIONADO,NO_REGISTRA,CICLISTA,73,LESIONADO,NO_REGISTRA,PEATON,73,LESIONADO,NO_REGISTRA,SCOOTER
2024-08-03 14:24:29,-3.990978,-79.227990,Calle Sucre,SOLO_DANOS,Incendio,Falla mecanica,,,,,,,,,,,,
2024-12-30 07:20:09,-3.981832,-79.227779,Av. Cuxibamba,CON_LESIONADOS,Caida,Fatiga del conductor,58,LESIONADO,HOMBRE,CICLISTA,54,LESIONADO,MUJER,CICLISTA,16,LESIONADO,NO_REGISTRA,OTRO
2024-12-31 19:20:11,-3.994612,-79.202355,Av. Isidro Ayora,CON_FALLECIDOS,Incendio,Fatiga del conductor,23,FALLECIDO,HOMBRE,PEATON,30,FALLECIDO,NO_REGISTRA,OTRO,8,LESIONADO,NO_REGISTRA,SCOOTER
2024-11-18 10:54:27,-3.982308,-79.212181,Calle Azogues,CON_FALLECIDOS,Choque Vehicular,Inobservancia de senales,46,FALLECIDO,NO_REGISTRA,PEATON,46,LESIONADO,NO_REGISTRA,OTRO,48,LESIONADO,HOMBRE,CICLISTA
2024-05-25 22:13:00,-4.017111,-79.219882,Calle Mercadillo,CON_LESIONADOS,Incendio,Imprudencia del conductor,56,LESIONADO,NO_REGISTRA,CICLISTA,,,,,,,,
2024-03-01 03:39:33,-3.991985,-79.206366,Calle Sucre,SOLO_DANOS,Atropellamiento,Falla mecanica,,,,,,,,,,,,
2024-04-28 18:43:33,-4.034850,-79.212655,Av. Pio Jaramillo,CON_LESIONADOS,Caida,Estado de embriaguez,39,LESIONADO,MUJER,MOTOCICLETA,73,LESIONADO,MUJER,PEATON,,,,
2024-05-19 02:30:11,-4.020441,-79.176042,Av. 8 de Diciembre,CON_LESIONADOS,Colision Multiple,Distraccion (celular/radio),50,LESIONADO,MUJER,OTRO,20,LESIONADO,MUJER,PEATON,,,,
2024-04-01 23:43:00,-4.001865,-79.198225,Calle Quito,SOLO_DANOS,Colision Multiple,Fatiga del conductor,,,,,,,,,,,,
2024-05-05 16:03:49,-3.992275,-79.173353,Calle 10 de Agosto,CON_LESIONADOS,Incendio,Falla mecanica,28,LESIONADO,HOMBRE,PEATON,15,LESIONADO,MUJER,SCOOTER,49,LESIONADO,NO_REGISTRA,OTRO
2024-10-28 17:12:05,-4.019263,-79.199127,Av. Cuxibamba,CON_LESIONADOS,Choque Vehicular,Falla mecanica,80,LESIONADO,NO_REGISTRA,VEH_LIVIANO,66,LESIONADO,NO_REGISTRA,PEATON,,,,
2024-08-31 04:57:44,-4.006057,-79.177065,Calle 10 de Agosto,CON_FALLECIDOS,Incendio,Falla mecanica,47,FALLECIDO,HOMBRE,MOTOCICLETA,,,,,,,,
2024-11-05 02:47:54,-3.983233,-79.188350,Via Loja - Zamora,CON_LESIONADOS,Caida,Imprudencia del conductor,48,LESIONADO,HOMBRE,OTRO,,,,,,,,
2024-12-08 09:18:03,-4.028205,-79.217003,Av. Rosa Hermosa,CON_FALLECIDOS,Choque Vehicular,Via resbaladiza o mojada,29,FALLECIDO,MUJER,MOTOCICLETA,61,FALLECIDO,MUJER,PEATON,24,LESIONADO,NO_REGISTRA,VEH_LIVIANO
2024-10-15 04:22:53,-4.002732,-79.180251,Calle 18 de Noviembre,SOLO_DANOS,Incendio,Inobservancia de senales,,,,,,,,,,,,
2024-07-16 12:37:26,-3.995435,-79.182163,Calle Ramon Borrero,CON_LESIONADOS,Caida,Exceso de velocidad,80,LESIONADO,MUJER,SCOOTER,11,LESIONADO,HOMBRE,PEATON,,,,
2024-04-04 20:01:32,-3.993741,-79.213866,Calle Imbabura,CON_LESIONADOS,Atropellamiento,Factores externos,13,LESIONADO,MUJER,CICLISTA,74,LESIONADO,MUJER,OTRO,49,LESIONADO,HOMBRE,MOTOCICLETA
2024-07-10 17:53:50,-4.001730,-79.190878,Av. Universitaria,CON_LESIONADOS,Colision Multiple,Mal estado de la via,73,LESIONADO,HOMBRE,VEH_LIVIANO,51,LESIONADO,HOMBRE,PEATON,51,LESIONADO,MUJER,OTRO
2024-09-29 20:54:30,-3.981342,-79.206603,Calle Bolivar,CON_LESIONADOS,Caida,Inobservancia de senales,22,LESIONADO,NO_REGISTRA,SCOOTER,76,LESIONADO,HOMBRE,CICLISTA,,,,
2024-12-21 15:46:16,-4.023384,-79.200887,Av. Universitaria,SOLO_DANOS,Accidente Laboral,Estado de embriaguez,,,,,,,,,,,,
2024-08-15 11:00:19,-4.018550,-79.174479,Calle Azogues,CON_FALLECIDOS,Volcamiento,Mal estado de la via,31,FALLECIDO,NO_REGISTRA,MOTOCICLETA,12,LESIONADO,HOMBRE,OTRO,,,,
2024-02-26 11:55:36,-4.013309,-79.206330,Av. 8 de Diciembre,CON_LESIONADOS,Accidente Laboral,Falla mecanica,6,LESIONADO,NO_REGISTRA,SCOOTER,49,LESIONADO,MUJER,SCOOTER,45,LESIONADO,MUJER,MOTOCICLETA
2024-01-25 05:00:28,-4.024633,-79.197385,Calle Saraguro,CON_LESIONADOS,Choque Vehicular,Equipo de seguridad deficiente,79,LESIONADO,MUJER,SCOOTER,5,LESIONADO,MUJER,CICLISTA,,,,
2024-06-09 18:54:41,-3.987827,-79.205329,Calle Colon,CON_FALLECIDOS,Colision Multiple,Equipo de seguridad deficiente,63,FALLECIDO,NO_REGISTRA,SCOOTER,,,,,,,,
2024-02-12 19:26:57,-3.998385,-79.177853,Calle Sucre,CON_LESIONADOS,Volcamiento,Estado de embriaguez,17,LESIONADO,NO_REGISTRA,VEH_LIVIANO,68,LESIONADO,MUJER,VEH_LIVIANO,77,LESIONADO,NO_REGISTRA,VEH_LIVIANO
2024-10-15 07:44:49,-4.025718,-79.227931,Calle Quito,SOLO_DANOS,Volcamiento,Mal estado de la via,,,,,,,,,,,,
2024-10-13 14:40:16,-4.031814,-79.185890,Calle Miguel Riofrio,CON_LESIONADOS,Incendio,Distraccion (celular/radio),53,LESIONADO,NO_REGISTRA,MOTOCICLETA,32,LESIONADO,NO_REGISTRA,MOTOCICLETA,45,LESIONADO,MUJER,MOTOCICLETA
2024-05-29 19:36:21,-3.997756,-79.207421,Av. Rosa Hermosa,CON_LESIONADOS,Choque Vehicular,Factores externos,33,LESIONADO,HOMBRE,VEH_LIVIANO,27,LESIONADO,MUJER,MOTOCICLETA,71,LESIONADO,MUJER,CICLISTA
2024-08-21 18:03:37,-4.000062,-79.200186,Calle Rocafuerte,SOLO_DANOS,Caida,Visibilidad reducida,,,,,,,,,,,,
2024-11-27 10:33:18,-3.983888,-79.220524,Calle Miguel Riofrio,SOLO_DANOS,Caida,Falla mecanica,,,,,,,,,,,,
2024-07-02 20:17:26,-4.012425,-79.176397,Calle Miguel Riofrio,CON_FALLECIDOS,Choque Vehicular,Via resbaladiza o mojada,33,FALLECIDO,NO_REGISTRA,PEATON,,,,,,,,
2024-03-12 23:23:29,-4.030925,-79.215141,Calle Sucre,SOLO_DANOS,Incendio,Equipo de seguridad deficiente,,,,,,,,,,,,
2024-11-13 23:46:10,-3.995047,-79.199475,Av. Manuel Agustin Aguirre,CON_FALLECIDOS,Incendio,Imprudencia del conductor,53,FALLECIDO,NO_REGISTRA,SCOOTER,,,,,,,,
2024-05-27 06:34:03,-4.000179,-79.229586,Av. 8 de Diciembre,SOLO_DANOS,Caida,Via resbaladiza o mojada,,,,,,,,,,,,
2024-05-21 11:59:34,-4.023010,-79.207987,Av. Manuel Agustin Aguirre,SOLO_DANOS,Accidente Laboral,Mal estado de la via,,,,,,,,,,,,
2024-01-28 19:35:18,-3.992595,-79.210366,Av. Isidro Ayora,SOLO_DANOS,Accidente Laboral,Imprudencia del conductor,32,LESIONADO,NO_REGISTRA,MOTOCICLETA,,,,,,,,
2024-02-04 16:13:27,-3.980066,-79.177159,Calle Quito,CON_LESIONADOS,Volcamiento,Distraccion (celular/radio),78,LESIONADO,MUJER,SCOOTER,,,,,,,,
2024-07-24 20:33:11,-3.984942,-79.219542,Calle Mercadillo,CON_FALLECIDOS,Atropellamiento,Via resbaladiza o mojada,21,FALLECIDO,MUJER,VEH_LIVIANO,49,LESIONADO,NO_REGISTRA,SCOOTER,,,,
2024-10-27 22:56:56,-4.025434,-79.181905,Calle Colon,CON_FALLECIDOS,Choque Vehicular,Distraccion (celular/radio),38,FALLECIDO,NO_REGISTRA,SCOOTER,30,FALLECIDO,MUJER,MOTOCICLETA,,,,
2024-03-19 14:31:36,-4.009555,-79.204346,Calle Sucre,CON_LESIONADOS,Incendio,Imprudencia del conductor,28,LESIONADO,MUJER,OTRO,,,,,,,,
2024-09-02 03:08:16,-4.030305,-79.180899,Calle Rocafuerte,CON_LESIONADOS,Volcamiento,Inobservancia de senales,69,LESIONADO,NO_REGISTRA,CICLISTA,13,LESIONADO,NO_REGISTRA,CICLISTA,67,LESIONADO,HOMBRE,PEATON
2024-09-06 14:58:57,-4.008298,-79.203341,Calle Miguel Riofrio,CON_LESIONADOS,Atropellamiento,Visibilidad reducida,45,LESIONADO,MUJER,VEH_LIVIANO,40,LESIONADO,HOMBRE,VEH_LIVIANO,,,,
2024-01-24 19:11:47,-3.984202,-79.202174,Calle 18 de Noviembre,CON_FALLECIDOS,Colision Multiple,Via resbaladiza o mojada,35,FALLECIDO,MUJER,VEH_LIVIANO,23,LESIONADO,MUJER,OTRO,,,,
2024-07-14 13:10:49,-3.982316,-79.175420,Calle Colon,CON_LESIONADOS,Volcamiento,Exceso de velocidad,23,LESIONADO,MUJER,VEH_LIVIANO,,,,,,,,
2024-05-16 07:50:28,-4.018602,-79.221269,Calle Imbabura,CON_LESIONADOS,Choque Vehicular,Imprudencia del conductor,17,LESIONADO,NO_REGISTRA,MOTOCICLETA,,,,,,,,
2024-10-30 23:14:14,-3.982872,-79.173738,Av. Universitaria,CON_FALLECIDOS,Volcamiento,Distraccion (celular/radio),73,FALLECIDO,MUJER,OTRO,,,,,,,,
2024-04-21 13:52:09,-3.993012,-79.187679,Calle Miguel Riofrio,CON_LESIONADOS,Volcamiento,Visibilidad reducida,65,LESIONADO,HOMBRE,VEH_LIVIANO,,,,,,,,
2024-08-19 15:18:58,-4.016300,-79.174966,Calle 18 de Noviembre,SOLO_DANOS,Caida,Equipo de seguridad deficiente,,,,,,,,,,,,
2024-12-06 02:49:55,-3.982019,-79.210264,Via Loja - Catamayo,CON_LESIONADOS,Colision Multiple,Factores externos,80,LESIONADO,HOMBRE,VEH_LIVIANO,,,,,,,,
2024-01-23 22:13:48,-4.020913,-79.173285,Av. Rosa Hermosa,CON_FALLECIDOS,Atropellamiento,Distraccion (celular/radio),72,FALLECIDO,NO_REGISTRA,OTRO,78,FALLECIDO,MUJER,CICLISTA,,,,
2024-05-22 18:28:27,-4.011352,-79.211129,Calle 18 de Noviembre,SOLO_DANOS,Choque Vehicular,Estado de embriaguez,,,,,,,,,,,,
2024-10-16 15:07:14,-4.023247,-79.176246,Calle Sucre,SOLO_DANOS,Colision Multiple,Estado de embriaguez,,,,,,,,,,,,
2024-06-15 13:01:19,-3.977963,-79.196490,Av. Metropolitana,CON_LESIONADOS,Volcamiento,Inobservancia de senales,27,LESIONADO,MUJER,PEATON,7,LESIONADO,HOMBRE,PEATON,6,LESIONADO,NO_REGISTRA,MOTOCICLETA