fecha_hora,latitud,longitud,via,grado_severidad,tipo_siniestro,causa_probable,victima1_edad,victima1_condicion,victima1_sexo,victima1_actor_vial,victima2_edad,victima2_condicion,victima2_sexo,victima2_actor_vial,victima3_edad,victima3_condicion,victima3_sexo,victima3_actor_vial
2024-01-24 12:46:23,-3.999097,-79.183077,Av. Isidro Ayora,CON_LESIONADOS,Choque Vehicular,Mal estado de la via,15,LESIONADO,HOMBRE,MOTOCICLETA,,,,,,,,
2024-04-22 18:03:01,-3.998632,-79.198532,Av. Rosa Hermosa,CON_FALLECIDOS,Choque Vehicular,Estado de embriaguez,80,FALLECIDO,MUJER,VEH_LIVIANO,57,FALLECIDO,NO_REGISTRA,OTRO,60,LESIONADO,NO_REGISTRA,SCOOTER
2024-03-20 07:40:18,-4.004381,-79.197776,Calle Miguel Riofrio,CON_FALLECIDOS,Choque Vehicular,Falla mecanica,23,FALLECIDO,NO_REGISTRA,SCOOTER,82,FALLECIDO,HOMBRE,MOTOCICLETA,,,,
2024-07-14 20:10:41,-4.029444,-79.204969,Calle 18 de Noviembre,CON_FALLECIDOS,Colision Multiple,Visibilidad reducida,42,FALLECIDO,HOMBRE,PEATON,31,LESIONADO,HOMBRE,VEH_LIVIANO,,,,
2024-04-18 22:05:05,-3.977289,-79.173413,Calle Imbabura,CON_LESIONADOS,Colision Multiple,Inobservancia de senales,66,LESIONADO,NO_REGISTRA,CICLISTA,,,,,,,,
2024-08-12 09:00:47,-3.982613,-79.190594,Calle 18 de Noviembre,CON_FALLECIDOS,Choque Vehicular,Falla mecanica,69,FALLECIDO,MUJER,SCOOTER,38,FALLECIDO,MUJER,VEH_LIVIANO,11,LESIONADO,MUJER,SCOOTER
2024-01-05 16:24:24,-3.999164,-79.218905,Via Loja - Catamayo,CON_FALLECIDOS,Caida,Estado de embriaguez,62,FALLECIDO,NO_REGISTRA,PEATON,7,LESIONADO,MUJER,OTRO,14,LESIONADO,HOMBRE,VEH_LIVIANO
2024-03-22 19:07:10,-3.995265,-79.227548,Calle Colon,CON_LESIONADOS,Colision Multiple,Inobservancia de senales,61,LESIONADO,NO_REGISTRA,SCOOTER,20,LESIONADO,MUJER,MOTOCICLETA,39,LESIONADO,HOMBRE,CICLISTA
2024-09-12 06:04:23,-3.987772,-79.192864,Calle Mercadillo,CON_FALLECIDOS,Colision Multiple,Estado de embriaguez,39,FALLECIDO,MUJER,SCOOTER,38,FALLECIDO,NO_REGISTRA,OTRO,,,,
2024-05-08 18:45:31,-3.997795,-79.230800,Calle Quito,SOLO_DANOS,Choque Vehicular,Imprudencia del conductor,,,,,,,,,,,,
2024-08-25 22:35:23,-4.036761,-79.205905,Av. Reinaldo Espinosa,CON_LESIONADOS,Incendio,Mal estado de la via,7,LESIONADO,NO_REGISTRA,MOTOCICLETA,34,LESIONADO,MUJER,SCOOTER,,,,
2024-02-01 23:07:26,-3.989996,-79.171612,Av. Metropolitana,CON_LESIONADOS,Choque Vehicular,Imprudencia del conductor,75,LESIONADO,HOMBRE,PEATON,,,,,,,,
2024-09-19 01:22:39,-4.007956,-79.220146,Ruta 35,SOLO_DANOS,Choque Vehicular,Visibilidad reducida,,,,,,,,,,,,
2024-07-11 08:41:44,-4.018994,-79.210068,Calle Bolivar,SOLO_DANOS,Caida,Falla mecanica,,,,,,,,,,,,
2024-06-16 10:07:33,-4.008061,-79.227580,Av. Reinaldo Espinosa,SOLO_DANOS,Caida,Equipo de seguridad deficiente,,,,,,,,,,,,
2024-06-29 23:48:15,-4.024773,-79.204596,Calle Miguel Riofrio,CON_LESIONADOS,Volcamiento,Falla mecanica,60,LESIONADO,NO_REGISTRA,OTRO,,,,,,,,
2024-01-13 10:21:47,-4.008726,-79.196960,Calle Saraguro,CON_LESIONADOS,Caida,Fatiga del conductor,28,LESIONADO,NO_REGISTRA,CICLISTA,,,,,,,,
2024-03-30 01:19:16,-4.006063,-79.179540,Av. Rosa Hermosa,SOLO_DANOS,Colision Multiple,Inobservancia de senales,,,,,,,,,,,,
2024-09-06 02:27:12,-3.985666,-79.199807,Calle Sucre,CON_LESIONADOS,Caida,Falla mecanica,10,LESIONADO,HOMBRE,PEATON,57,LESIONADO,MUJER,CICLISTA,,,,
2024-11-13 01:23:51,-4.022615,-79.212004,Ruta 35,CON_LESIONADOS,Caida,Equipo de seguridad deficiente,48,LESIONADO,HOMBRE,MOTOCICLETA,,,,,,,,
2024-02-14 19:55:59,-4.030288,-79.188673,Av. Cuxibamba,SOLO_DANOS,Incendio,Exceso de velocidad,,,,,,,,,,,,
2024-01-14 23:51:04,-3.977227,-79.173709,Ruta 35,CON_FALLECIDOS,Colision Multiple,Estado de embriaguez,46,FALLECIDO,HOMBRE,PEATON,72,FALLECIDO,MUJER,SCOOTER,23,LESIONADO,NO_REGISTRA,CICLISTA
2024-11-12 14:47:47,-3.984136,-79.189270,Calle Miguel Riofrio,SOLO_DANOS,Incendio,Mal estado de la via,,,,,,,,,,,,
2024-09-05 18:47:37,-4.009550,-79.204709,Av. Orillas del Zamora,CON_FALLECIDOS,Volcamiento,Falla mecanica,40,FALLECIDO,HOMBRE,OTRO,28,LESIONADO,HOMBRE,VEH_LIVIANO,,,,
2024-12-19 11:55:15,-4.001595,-79.184512,Calle Sucre,SOLO_DANOS,Caida,Mal estado de la via,,,,,,,,,,,,
2024-03-26 05:15:01,-3.980506,-79.191045,Ruta 35,CON_LESIONADOS,Volcamiento,Fatiga del conductor,76,LESIONADO,HOMBRE,PEATON,12,LESIONADO,NO_REGISTRA,CICLISTA,74,LESIONADO,HOMBRE,MOTOCICLETA
2024-02-10 07:41:56,-3.983511,-79.172681,Calle 10 de Agosto,SOLO_DANOS,Accidente Laboral,Factores externos,49,LESIONADO,HOMBRE,VEH_LIVIANO,,,,,,,,
2024-05-08 15:56:47,-4.026464,-79.207383,Calle 18 de Noviembre,CON_LESIONADOS,Colision Multiple,Exceso de velocidad,20,LESIONADO,NO_REGISTRA,VEH_LIVIANO,65,LESIONADO,MUJER,SCOOTER,6,LESIONADO,NO_REGISTRA,CICLISTA
2024-12-27 09:05:33,-3.984971,-79.178978,Av. Universitaria,CON_LESIONADOS,Atropellamiento,Fatiga del conductor,23,LESIONADO,HOMBRE,CICLISTA,30,LESIONADO,HOMBRE,MOTOCICLETA,,,,
2024-10-23 12:04:37,-3.987615,-79.208512,Av. Rosa Hermosa,SOLO_DANOS,Caida,Falla mecanica,,,,,,,,,,,,
2024-05-31 08:37:19,-4.021491,-79.193836,Calle Montufar,CON_FALLECIDOS,Accidente Laboral,Mal estado de la via,58,FALLECIDO,HOMBRE,CICLISTA,,,,,,,,
2024-05-25 22:22:54,-4.000773,-79.179154,Calle Imbabura,SOLO_DANOS,Atropellamiento,Fatiga del conductor,,,,,,,,,,,,
2024-12-04 13:50:05,-4.034369,-79.181042,Calle Quito,SOLO_DANOS,Caida,Fatiga del conductor,44,LESIONADO,MUJER,CICLISTA,,,,,,,,
2024-11-16 18:50:07,-4.024179,-79.195408,Av. Rosa Hermosa,SOLO_DANOS,Choque Vehicular,Falla mecanica,,,,,,,,,,,,
2024-08-03 20:37:18,-3.995144,-79.222242,Av. Gran Colombia,SOLO_DANOS,Caida,Equipo de seguridad deficiente,,,,,,,,,,,,
2024-04-18 03:47:07,-3.985723,-79.226235,Av. Orillas del Zamora,SOLO_DANOS,Choque Vehicular,Estado de embriaguez,,,,,,,,,,,,
2024-09-18 07:37:08,-4.021049,-79.197833,Av. Pio Jaramillo,CON_LESIONADOS,Colision Multiple,Equipo de seguridad deficiente,56,LESIONADO,HOMBRE,CICLISTA,16,LESIONADO,NO_REGISTRA,MOTOCICLETA,46,LESIONADO,NO_REGISTRA,MOTOCICLETA
2024-07-09 01:56:24,-3.986284,-79.198087,Av. Reinaldo Espinosa,CON_LESIONADOS,Caida,Visibilidad reducida,32,LESIONADO,HOMBRE,OTRO,79,LESIONADO,HOMBRE,SCOOTER,46,LESIONADO,NO_REGISTRA,VEH_LIVIANO
2024-02-05 18:20:57,-4.000960,-79.175237,Calle Ramon Borrero,CON_FALLECIDOS,Choque Vehicular,Imprudencia del conductor,57,FALLECIDO,MUJER,PEATON,47,LESIONADO,HOMBRE,VEH_LIVIANO,,,,
2024-05-01 15:17:51,-4.000797,-79.201518,Av. Orillas del Zamora,CON_FALLECIDOS,Choque Vehicular,Exceso de velocidad,32,FALLECIDO,NO_REGISTRA,CICLISTA,14,LESIONADO,HOMBRE,VEH_LIVIANO,11,LESIONADO,MUJER,OTRO
2024-12-23 00:33:33,-3.995671,-79.217115,Calle 10 de Agosto,SOLO_DANOS,Colision Multiple,Via resbaladiza o mojada,,,,,,,,,,,,
2024-07-17 10:56:43,-4.016865,-79.218251,Calle Rocafuerte,CON_LESIONADOS,Incendio,Inobservancia de senales,49,LESIONADO,HOMBRE,VEH_LIVIANO,,,,,,,,
2024-04-03 19:39:56,-3.987852,-79.197400,Calle Colon,SOLO_DANOS,Atropellamiento,Inobservancia de senales,,,,,,,,,,,,
2024-10-07 19:05:04,-3.998915,-79.186072,Calle Rocafuerte,SOLO_DANOS,Incendio,Factores externos,,,,,,,,,,,,
2024-03-31 20:50:07,-4.029581,-79.206647,Calle Colon,SOLO_DANOS,Incendio,Fatiga del conductor,,,,,,,,,,,,
2024-06-01 17:17:38,-4.030361,-79.179886,Via Loja - Zamora,CON_FALLECIDOS,Colision Multiple,Visibilidad reducida,54,FALLECIDO,MUJER,OTRO,74,LESIONADO,NO_REGISTRA,VEH_LIVIANO,,,,
2024-12-05 00:02:26,-4.021552,-79.191011,Av. Manuel Agustin Aguirre,SOLO_DANOS,Atropellamiento,Equipo de seguridad deficiente,,,,,,,,,,,,
2024-02-13 17:00:34,-3.985730,-79.207811,Av. 8 de Diciembre,CON_FALLECIDOS,Incendio,Falla mecanica,34,FALLECIDO,HOMBRE,CICLISTA,37,LESIONADO,HOMBRE,CICLISTA,,,,
2024-04-10 22:22:30,-4.031562,-79.192964,Av. Universitaria,SOLO_DANOS,Caida,Visibilidad reducida,,,,,,,,,,,,
2024-03-23 17:58:49,-4.025531,-79.215252,Av. Universitaria,SOLO_DANOS,Colision Multiple,Imprudencia del conductor,52,LESIONADO,NO_REGISTRA,VEH_LIVIANO,,,,,,,,
2024-03-08 22:51:49,-3.981885,-79.197687,Calle Imbabura,SOLO_DANOS,Incendio,Equipo de seguridad deficiente,,,,,,,,,,,,
2024-06-07 11:20:08,-4.017642,-79.217488,Calle Quito,CON_LESIONADOS,Volcamiento,Fatiga del conductor,63,LESIONADO,HOMBRE,SCOOTER,26,LESIONADO,HOMBRE,CICLISTA,,,,
2024-07-04 19:44:36,-4.013877,-79.192697,Via Loja - Zamora,SOLO_DANOS,Colision Multiple,Equipo de seguridad deficiente,,,,,,,,,,,,
2024-02-04 17:55:49,-3.992290,-79.187398,Av. Pio Jaramillo,CON_LESIONADOS,Choque Vehicular,Falla mecanica,61,LESIONADO,MUJER,CICLISTA,34,LESIONADO,MUJER,MOTOCICLETA,,,,
2024-02-07 23:27:12,-3.998366,-79.216504,Av. Gran Colombia,CON_LESIONADOS,Choque Vehicular,Visibilidad reducida,79,LESIONADO,MUJER,MOTOCICLETA,75,LESIONADO,MUJER,MOTOCICLETA,27,LESIONADO,MUJER,CICLISTA
2024-11-01 09:18:27,-4.004653,-79.173069,Calle Miguel Riofrio,CON_FALLECIDOS,Volcamiento,Inobservancia de senales,67,FALLECIDO,NO_REGISTRA,SCOOTER,,,,,,,,
2024-02-15 19:07:09,-4.013302,-79.171011,Av. 8 de Diciembre,SOLO_DANOS,Atropellamiento,Falla mecanica,,,,,,,,,,,,
2024-05-25 19:30:28,-4.025047,-79.204617,Av. Orillas del Zamora,CON_LESIONADOS,Incendio,Exceso de velocidad,23,LESIONADO,MUJER,OTRO,44,LESIONADO,NO_REGISTRA,MOTOCICLETA,,,,
2024-03-11 18:04:52,-4.019689,-79.188783,Calle 18 de Noviembre,SOLO_DANOS,Choque Vehicular,Fatiga del conductor,,,,,,,,,,,,
2024-09-08 14:49:18,-3.981232,-79.183531,Av. Cuxibamba,CON_FALLECIDOS,Atropellamiento,Equipo de seguridad deficiente,21,FALLECIDO,MUJER,CICLISTA,40,LESIONADO,HOMBRE,MOTOCICLETA,,,,
2024-06-03 04:30:26,-4.000608,-79.186339,Calle Saraguro,CON_LESIONADOS,Colision Multiple,Mal estado de la via,23,LESIONADO,NO_REGISTRA,OTRO,,,,,,,,
2024-09-20 02:43:50,-3.980848,-79.228795,Calle Saraguro,CON_LESIONADOS,Volcamiento,Estado de embriaguez,62,LESIONADO,NO_REGISTRA,MOTOCICLETA,,,,,,,,
2024-02-09 02:25:18,-4.031036,-79.224164,Calle Azogues,CON_LESIONADOS,Choque Vehicular,Mal estado de la via,24,LESIONADO,HOMBRE,VEH_LIVIANO,74,LESIONADO,HOMBRE,VEH_LIVIANO,,,,
2024-07-06 11:20:02,-4.026406,-79.188019,Calle Rocafuerte,CON_LESIONADOS,Choque Vehicular,Fatiga del conductor,37,LESIONADO,MUJER,OTRO,,,,,,,,
2024-09-17 07:06:43,-4.032743,-79.203182,Via Loja - Zamora,SOLO_DANOS,Choque Vehicular,Mal estado de la via,,,,,,,,,,,,
2024-02-21 19:16:38,-3.998702,-79.192893,Calle Azogues,CON_LESIONADOS,Caida,Inobservancia de senales,30,LESIONADO,NO_REGISTRA,VEH_LIVIANO,,,,,,,,
2024-06-05 11:13:44,-4.021595,-79.191194,Av. Universitaria,CON_LESIONADOS,Choque Vehicular,Fatiga del conductor,19,LESIONADO,MUJER,CICLISTA,,,,,,,,
2024-10-24 18:37:37,-3.987226,-79.186244,Calle Colon,SOLO_DANOS,Incendio,Factores externos,,,,,,,,,,,,
2024-12-31 16:09:56,-4.012990,-79.213721,Av. Manuel Agustin Aguirre,SOLO_DANOS,Colision Multiple,Estado de embriaguez,,,,,,,,,,,,
2024-06-13 11:22:18,-3.984496,-79.214636,Av. Manuel Agustin Aguirre,CON_FALLECIDOS,Accidente Laboral,Factores externos,39,FALLECIDO,HOMBRE,VEH_LIVIANO,33,LESIONADO,MUJER,MOTOCICLETA,,,,
2024-10-13 05:16:43,-4.004176,-79.193038,Av. Metropolitana,SOLO_DANOS,Accidente Laboral,Equipo de seguridad deficiente,28,LESIONADO,HOMBRE,CICLISTA,,,,,,,,
2024-08-21 02:52:54,-4.013415,-79.217399,Av. Reinaldo Espinosa,CON_LESIONADOS,Volcamiento,Visibilidad reducida,14,LESIONADO,MUJER,MOTOCICLETA,18,LESIONADO,HOMBRE,MOTOCICLETA,73,LESIONADO,MUJER,VEH_LIVIANO
2024-02-18 04:24:58,-4.027817,-79.178181,Av. Isidro Ayora,SOLO_DANOS,Atropellamiento,Factores externos,,,,,,,,,,,,
2024-02-14 20:42:41,-4.018943,-79.217000,Av. Rosa Hermosa,CON_FALLECIDOS,Caida,Imprudencia del conductor,69,FALLECIDO,NO_REGISTRA,OTRO,54,LESIONADO,MUJER,MOTOCICLETA,,,,
2024-07-31 08:38:52,-4.019274,-79.224276,Calle Imbabura,CON_LESIONADOS,Atropellamiento,Imprudencia del conductor,78,LESIONADO,MUJER,PEATON,75,LESIONADO,NO_REGISTRA,MOTOCICLETA,,,,
2024-08-25 17:46:10,-3.988074,-79.229446,Calle Sucre,CON_LESIONADOS,Colision Multiple,Falla mecanica,64,LESIONADO,NO_REGISTRA,VEH_LIVIANO,38,LESIONADO,NO_REGISTRA,OTRO,14,LESIONADO,NO_REGISTRA,SCOOTER
2024-11-25 18:03:38,-4.035722,-79.190210,Av. Metropolitana,SOLO_DANOS,Incendio,Distraccion (celular/radio),,,,,,,,,,,,
2024-10-19 02:57:40,-4.009361,-79.180379,Calle Rocafuerte,CON_FALLECIDOS,Colision Multiple,Visibilidad reducida,24,FALLECIDO,NO_REGISTRA,VEH_LIVIANO,71,FALLECIDO,NO_REGISTRA,MOTOCICLETA,37,LESIONADO,HOMBRE,PEATON
2024-09-21 08:39:32,-4.034287,-79.215357,Calle Quito,SOLO_DANOS,Accidente Laboral,Exceso de velocidad,71,LESIONADO,NO_REGISTRA,CICLISTA,,,,,,,,
2024-08-29 08:46:51,-3.991150,-79.191009,Av. Metropolitana,CON_LESIONADOS,Accidente Laboral,Inobservancia de senales,79,LESIONADO,NO_REGISTRA,VEH_LIVIANO,,,,,,,,
2024-10-13 07:31:04,-4.033605,-79.197075,Calle Rocafuerte,SOLO_DANOS,Volcamiento,Fatiga del conductor,,,,,,,,,,,,
2024-01-27 09:44:46,-4.025004,-79.206055,Ruta 35,CON_FALLECIDOS,Volcamiento,Fatiga del conductor,72,FALLECIDO,HOMBRE,PEATON,46,LESIONADO,MUJER,OTRO,,,,
2024-11-27 16:45:56,-4.004202,-79.220985,Av. Manuel Agustin Aguirre,CON_LESIONADOS,Accidente Laboral,Imprudencia del conductor,58,LESIONADO,HOMBRE,VEH_LIVIANO,14,LESIONADO,HOMBRE,MOTOCICLETA,16,LESIONADO,HOMBRE,SCOOTER
2024-05-09 02:57:37,-3.998981,-79.177269,Av. Cuxibamba,CON_LESIONADOS,Choque Vehicular,Imprudencia del conductor,10,LESIONADO,NO_REGISTRA,PEATON,56,LESIONADO,HOMBRE,PEATON,,,,
2024-01-15 02:07:05,-4.027156,-79.174570,Av. Universitaria,CON_FALLECIDOS,Choque Vehicular,Imprudencia del conductor,48,FALLECIDO,MUJER,MOTOCICLETA,42,LESIONADO,NO_REGISTRA,CICLISTA,41,LESIONADO,HOMBRE,CICLISTA
2024-03-13 19:21:57,-4.027137,-79.221541,Av. Metropolitana,CON_LESIONADOS,Incendio,Factores externos,11,LESIONADO,HOMBRE,CICLISTA,42,LESIONADO,HOMBRE,CICLISTA,23,LESIONADO,NO_REGISTRA,CICLISTA
2024-09-19 11:20:36,-3.990359,-79.171422,Av. Rosa Hermosa,CON_LESIONADOS,Incendio,Inobservancia de senales,55,LESIONADO,MUJER,MOTOCICLETA,61,LESIONADO,NO_REGISTRA,VEH_LIVIANO,,,,
2024-02-16 12:11:03,-3.998926,-79.199222,Calle Sucre,CON_LESIONADOS,Colision Multiple,Falla mecanica,62,LESIONADO,MUJER,OTRO,68,LESIONADO,HOMBRE,PEATON,46,LESIONADO,NO_REGISTRA,SCOOTER
2024-10-20 15:32:05,-3.986971,-79.197055,Calle Azogues,CON_LESIONADOS,Colision Multiple,Equipo de seguridad deficiente,25,LESIONADO,HOMBRE,SCOOTER,,,,,,,,
2024-01-30 12:05:44,-3.995335,-79.222800,Calle Ramon Borrero,SOLO_DANOS,Accidente Laboral,Mal estado de la via,,,,,,,,,,,,
2024-08-13 05:00:18,-3.995416,-79.177339,Av. 8 de Diciembre,CON_LESIONADOS,Accidente Laboral,Falla mecanica,57,LESIONADO,MUJER,MOTOCICLETA,10,LESIONADO,HOMBRE,CICLISTA,26,LESIONADO,NO_REGISTRA,CICLISTA
2024-04-18 21:59:44,-3.992151,-79.224178,Av. Isidro Ayora,CON_FALLECIDOS,Choque Vehicular,Estado de embriaguez,46,FALLECIDO,HOMBRE,CICLISTA,,,,,,,,
2024-06-10 23:15:18,-3.977858,-79.225957,Calle Bolivar,SOLO_DANOS,Choque Vehicular,Imprudencia del conductor,,,,,,,,,,,,
2024-06-04 17:44:39,-4.029678,-79.206535,Calle Bolivar,SOLO_DANOS,Caida,Inobservancia de senales,,,,,,,,,,,,
2024-03-14 05:58:34,-4.031117,-79.228788,Av. 8 de Diciembre,CON_LESIONADOS,Atropellamiento,Inobservancia de senales,20,LESIONADO,HOMBRE,PEATON,53,LESIONADO,HOMBRE,PEATON,,,,
2024-09-08 08:34:09,-4.025605,-79.187506,Calle Sucre,CON_FALLECIDOS,Volcamiento,Exceso de velocidad,29,FALLECIDO,NO_REGISTRA,SCOOTER,23,FALLECIDO,MUJER,PEATON,70,LESIONADO,NO_REGISTRA,PEATON
2024-10-03 07:20:22,-3.999378,-79.225975,Av. 8 de Diciembre,CON_FALLECIDOS,Incendio,Visibilidad reducida,52,FALLECIDO,HOMBRE,VEH_LIVIANO,15,LESIONADO,MUJER,SCOOTER,,,,
2024-04-30 11:02:38,-4.004941,-79.210846,Calle Ramon Borrero,CON_FALLECIDOS,Volcamiento,Visibilidad reducida,62,FALLECIDO,HOMBRE,OTRO,69,LESIONADO,HOMBRE,VEH_LIVIANO,,,,
2024-03-07 22:36:27,-4.029599,-79.188707,Calle 10 de Agosto,CON_FALLECIDOS,Choque Vehicular,Imprudencia del conductor,82,FALLECIDO,NO_REGISTRA,PEATON,83,FALLECIDO,NO_REGISTRA,VEH_LIVIANO,,,,
2024-08-09 02:22:35,-4.029147,-79.189976,Calle Sucre,SOLO_DANOS,Colision Multiple,Imprudencia del conductor,,,,,,,,,,,,
2024-05-22 09:32:16,-4.034997,-79.212963,Calle Miguel Riofrio,CON_LESIONADOS,Caida,Fatiga del conductor,55,LESIONADO,HOMBRE,PEATON,42,LESIONADO,HOMBRE,VEH_LIVIANO,35,LESIONADO,MUJER,MOTOCICLETA
2024-03-09 20:44:50,-3.992937,-79.216322,Calle Miguel Riofrio,CON_FALLECIDOS,Caida,Via resbaladiza o mojada,52,FALLECIDO,MUJER,VEH_LIVIANO,58,LESIONADO,HOMBRE,PEATON,75,LESIONADO,HOMBRE,MOTOCICLETA
2024-12-29 10:55:00,-3.998234,-79.216224,Av. Pio Jaramillo,CON_LESIONADOS,Accidente Laboral,Factores externos,19,LESIONADO,HOMBRE,VEH_LIVIANO,30,LESIONADO,NO_REGISTRA,MOTOCICLETA,,,,
2024-05-18 05:30:47,-4.028630,-79.191135,Calle 18 de Noviembre,CON_LESIONADOS,Atropellamiento,Via resbaladiza o mojada,29,LESIONADO,MUJER,PEATON,70,LESIONADO,HOMBRE,CICLISTA,33,LESIONADO,NO_REGISTRA,SCOOTER
2024-01-04 16:56:06,-3.996733,-79.222459,Calle 10 de Agosto,SOLO_DANOS,Choque Vehicular,Falla mecanica,,,,,,,,,,,,
2024-12-18 10:40:54,-3.980338,-79.194751,Av. 8 de Diciembre,SOLO_DANOS,Colision Multiple,Estado de embriaguez,,,,,,,,,,,,
2024-04-12 11:59:42,-3.980076,-79.229519,Calle Azogues,CON_FALLECIDOS,Volcamiento,Falla mecanica,24,FALLECIDO,HOMBRE,MOTOCICLETA,,,,,,,,
2024-01-14 12:00:45,-3.990950,-79.173896,Av. Gran Colombia,CON_FALLECIDOS,Incendio,Exceso de velocidad,27,FALLECIDO,MUJER,MOTOCICLETA,77,LESIONADO,HOMBRE,SCOOTER,,,,
2024-08-27 19:23:59,-3.986303,-79.202242,Calle Bolivar,CON_LESIONADOS,Incendio,Distraccion (celular/radio),14,LESIONADO,MUJER,PEATON,,,,,,,,
2024-01-22 12:35:07,-4.010575,-79.193015,Via Loja - Zamora,CON_LESIONADOS,Volcamiento,Equipo de seguridad deficiente,53,LESIONADO,MUJER,MOTOCICLETA,34,LESIONADO,MUJER,SCOOTER,,,,
2024-02-29 17:10:37,-3.994403,-79.223799,Ruta 35,CON_LESIONADOS,Choque Vehicular,Distraccion (celular/radio),60,LESIONADO,NO_REGISTRA,SCOOTER,11,LESIONADO,NO_REGISTRA,VEH_LIVIANO,12,LESIONADO,MUJER,OTRO
2024-01-06 12:34:55,-4.032047,-79.210408,Av. 8 de Diciembre,SOLO_DANOS,Incendio,Estado de embriaguez,,,,,,,,,,,,
2024-08-12 03:54:56,-4.027840,-79.191706,Av. Gran Colombia,SOLO_DANOS,Atropellamiento,Fatiga del conductor,,,,,,,,,,,,
2024-01-18 22:20:23,-4.023465,-79.226493,Calle Colon,CON_LESIONADOS,Accidente Laboral,Inobservancia de senales,69,LESIONADO,HOMBRE,OTRO,45,LESIONADO,NO_REGISTRA,OTRO,39,LESIONADO,MUJER,VEH_LIVIANO
2024-12-23 21:02:20,-3.983335,-79.205820,Av. Isidro Ayora,CON_FALLECIDOS,Colision Multiple,Equipo de seguridad deficiente,54,FALLECIDO,MUJER,SCOOTER,67,FALLECIDO,MUJER,CICLISTA,42,LESIONADO,HOMBRE,VEH_LIVIANO
2024-01-23 13:40:18,-3.985325,-79.185685,Calle Montufar,SOLO_DANOS,Volcamiento,Imprudencia del conductor,,,,,,,,,,,,
2024-06-24 09:45:31,-3.990632,-79.215407,Calle Miguel Riofrio,CON_LESIONADOS,Choque Vehicular,Inobservancia de senales,58,LESIONADO,NO_REGISTRA,OTRO,21,LESIONADO,MUJER,OTRO,45,LESIONADO,NO_REGISTRA,VEH_LIVIANO
2024-04-07 02:01:51,-4.009917,-79.180188,Av. Metropolitana,SOLO_DANOS,Accidente Laboral,Exceso de velocidad,,,,,,,,,,,,
2024-09-17 08:31:37,-4.036944,-79.217183,Via Loja - Zamora,CON_FALLECIDOS,Choque Vehicular,Equipo de seguridad deficiente,69,FALLECIDO,MUJER,SCOOTER,14,LESIONADO,HOMBRE,OTRO,,,,
2024-08-24 19:20:32,-4.033667,-79.174993,Av. Gran Colombia,CON_LESIONADOS,Choque Vehicular,Mal estado de la via,59,LESIONADO,NO_REGISTRA,CICLISTA,,,,,,,,
2024-10-31 15:22:34,-4.035075,-79.182686,Av. Manuel Agustin Aguirre,SOLO_DANOS,Atropellamiento,Equipo de seguridad deficiente,,,,,,,,,,,,
2024-01-17 13:12:35,-4.006487,-79.181493,Av. Cuxibamba,SOLO_DANOS,Incendio,Inobservancia de senales,,,,,,,,,,,,
2024-04-21 18:25:45,-4.007022,-79.209322,Av. Isidro Ayora,CON_FALLECIDOS,Accidente Laboral,Estado de embriaguez,34,FALLECIDO,MUJER,OTRO,35,FALLECIDO,NO_REGISTRA,OTRO,22,LESIONADO,MUJER,CICLISTA
2024-03-30 04:38:38,-3.995278,-79.227897,Calle Sucre,CON_FALLECIDOS,Choque Vehicular,Inobservancia de senales,66,FALLECIDO,MUJER,OTRO,,,,,,,,
2024-10-25 22:41:27,-3.995266,-79.220170,Av. 8 de Diciembre,CON_FALLECIDOS,Caida,Equipo de seguridad deficiente,76,FALLECIDO,HOMBRE,SCOOTER,58,FALLECIDO,HOMBRE,MOTOCICLETA,,,,
2024-01-18 11:58:43,-4.019408,-79.215940,Calle 10 de Agosto,SOLO_DANOS,Incendio,Via resbaladiza o mojada,,,,,,,,,,,,
2024-03-19 04:02:23,-3.978498,-79.226568,Av. Rosa Hermosa,CON_LESIONADOS,Atropellamiento,Equipo de seguridad deficiente,72,LESIONADO,NO_REGISTRA,MOTOCICLETA,,,,,,,,
2024-05-09 18:15:57,-4.023008,-79.195718,Av. Gran Colombia,SOLO_DANOS,Incendio,Estado de embriaguez,,,,,,,,,,,,
2024-04-17 22:40:41,-3.990044,-79.225923,Av. Reinaldo Espinosa,CON_LESIONADOS,Colision Multiple,Factores externos,54,LESIONADO,MUJER,PEATON,,,,,,,,
2024-11-01 03:50:32,-3.981509,-79.195670,Calle Imbabura,CON_LESIONADOS,Accidente Laboral,Inobservancia de senales,41,LESIONADO,NO_REGISTRA,VEH_LIVIANO,42,LESIONADO,HOMBRE,PEATON,,,,
2024-10-22 06:48:06,-3.989670,-79.212835,Ruta 35,CON_FALLECIDOS,Choque Vehicular,Visibilidad reducida,20,FALLECIDO,MUJER,MOTOCICLETA,,,,,,,,
2024-11-14 05:32:50,-4.002304,-79.198309,Calle Quito,CON_LESIONADOS,Incendio,Visibilidad reducida,14,LESIONADO,NO_REGISTRA,MOTOCICLETA,74,LESIONADO,MUJER,MOTOCICLETA,29,LESIONADO,HOMBRE,SCOOTER