fecha_hora,latitud,longitud,via,grado_severidad,tipo_siniestro,causa_probable,victima1_edad,victima1_condicion,victima1_sexo,victima1_actor_vial,victima2_edad,victima2_condicion,victima2_sexo,victima2_actor_vial,victima3_edad,victima3_condicion,victima3_sexo,victima3_actor_vial
2024-10-04 04:45:32,-4.001847,-79.187777,Av. Pio Jaramillo,CON_FALLECIDOS,Incendio,Factores externos,40,FALLECIDO,HOMBRE,SCOOTER,15,LESIONADO,MUJER,OTRO,40,LESIONADO,MUJER,OTRO
2024-07-22 13:04:56,-4.003114,-79.212438,Calle Saraguro,CON_LESIONADOS,Accidente Laboral,Imprudencia del conductor,30,LESIONADO,HOMBRE,VEH_LIVIANO,58,LESIONADO,MUJER,VEH_LIVIANO,,,,
2024-01-01 08:57:15,-4.018335,-79.196709,Av. Reinaldo Espinosa,SOLO_DANOS,Colision Multiple,Falla mecanica,,,,,,,,,,,,
2024-11-05 15:49:35,-4.008853,-79.177737,Calle Mercadillo,SOLO_DANOS,Atropellamiento,Falla mecanica,,,,,,,,,,,,
2024-11-29 01:02:38,-4.029489,-79.176578,Calle Miguel Riofrio,SOLO_DANOS,Accidente Laboral,Imprudencia del conductor,,,,,,,,,,,,
2024-04-08 16:05:09,-3.992293,-79.186856,Calle Bolivar,CON_LESIONADOS,Volcamiento,Imprudencia del conductor,6,LESIONADO,HOMBRE,MOTOCICLETA,43,LESIONADO,HOMBRE,PEATON,27,LESIONADO,MUJER,OTRO
2024-02-01 09:03:16,-4.002313,-79.190351,Av. Metropolitana,CON_LESIONADOS,Choque Vehicular,Via resbaladiza o mojada,57,LESIONADO,MUJER,VEH_LIVIANO,29,LESIONADO,HOMBRE,PEATON,,,,
2024-12-29 08:31:42,-4.012226,-79.186739,Av. Manuel Agustin Aguirre,CON_LESIONADOS,Atropellamiento,Distraccion (celular/radio),51,LESIONADO,HOMBRE,CICLISTA,44,LESIONADO,NO_REGISTRA,MOTOCICLETA,64,LESIONADO,NO_REGISTRA,OTRO
2024-05-02 12:10:04,-3.987848,-79.187871,Calle Montufar,SOLO_DANOS,Caida,Mal estado de la via,,,,,,,,,,,,
2024-05-05 06:12:58,-3.993900,-79.172199,Av. Cuxibamba,CON_LESIONADOS,Volcamiento,Estado de embriaguez,72,LESIONADO,NO_REGISTRA,SCOOTER,,,,,,,,
2024-08-18 22:13:44,-4.026587,-79.213391,Calle Azogues,CON_FALLECIDOS,Colision Multiple,Mal estado de la via,48,FALLECIDO,HOMBRE,VEH_LIVIANO,,,,,,,,
2024-02-04 15:41:39,-3.995633,-79.175347,Via Loja - Zamora,SOLO_DANOS,Atropellamiento,Equipo de seguridad deficiente,,,,,,,,,,,,
2024-08-16 14:36:56,-3.990191,-79.179219,Av. Reinaldo Espinosa,CON_FALLECIDOS,Caida,Estado de embriaguez,84,FALLECIDO,NO_REGISTRA,OTRO,19,FALLECIDO,NO_REGISTRA,PEATON,12,LESIONADO,MUJER,SCOOTER
2024-06-06 19:48:48,-4.008365,-79.171909,Av. Isidro Ayora,CON_LESIONADOS,Atropellamiento,Estado de embriaguez,58,LESIONADO,MUJER,PEATON,59,LESIONADO,NO_REGISTRA,VEH_LIVIANO,,,,
2024-09-16 21:04:41,-4.007258,-79.213729,Calle Rocafuerte,CON_FALLECIDOS,Volcamiento,Distraccion (celular/radio),65,FALLECIDO,MUJER,SCOOTER,60,LESIONADO,MUJER,MOTOCICLETA,66,LESIONADO,NO_REGISTRA,VEH_LIVIANO
2024-01-20 21:53:19,-4.025944,-79.223974,Calle Saraguro,SOLO_DANOS,Volcamiento,Via resbaladiza o mojada,,,,,,,,,,,,
2024-11-01 20:25:06,-3.980850,-79.213059,Av. Isidro Ayora,CON_FALLECIDOS,Volcamiento,Exceso de velocidad,74,FALLECIDO,HOMBRE,CICLISTA,32,FALLECIDO,HOMBRE,OTRO,52,LESIONADO,NO_REGISTRA,OTRO
2024-11-03 03:03:16,-4.018767,-79.220662,Calle Saraguro,CON_FALLECIDOS,Caida,Visibilidad reducida,79,FALLECIDO,MUJER,PEATON,68,LESIONADO,NO_REGISTRA,MOTOCICLETA,,,,
2024-10-16 13:50:32,-3.997735,-79.195714,Via Loja - Zamora,CON_LESIONADOS,Caida,Via resbaladiza o mojada,64,LESIONADO,MUJER,CICLISTA,70,LESIONADO,NO_REGISTRA,MOTOCICLETA,57,LESIONADO,NO_REGISTRA,VEH_LIVIANO
2024-05-28 14:39:26,-4.001044,-79.221746,Calle Ramon Borrero,SOLO_DANOS,Choque Vehicular,Equipo de seguridad deficiente,,,,,,,,,,,,
2024-06-15 02:38:51,-3.999694,-79.220564,Av. Metropolitana,SOLO_DANOS,Colision Multiple,Visibilidad reducida,,,,,,,,,,,,
2024-09-18 13:28:37,-4.007444,-79.197054,Av. Isidro Ayora,CON_LESIONADOS,Incendio,Distraccion (celular/radio),70,LESIONADO,NO_REGISTRA,VEH_LIVIANO,76,LESIONADO,MUJER,MOTOCICLETA,44,LESIONADO,NO_REGISTRA,CICLISTA
2024-07-31 03:34:22,-3.979716,-79.188535,Ruta 35,CON_FALLECIDOS,Accidente Laboral,Mal estado de la via,26,FALLECIDO,MUJER,MOTOCICLETA,26,FALLECIDO,HOMBRE,OTRO,80,LESIONADO,NO_REGISTRA,MOTOCICLETA
2024-04-02 03:38:16,-3.997510,-79.186499,Av. Metropolitana,CON_LESIONADOS,Accidente Laboral,Factores externos,76,LESIONADO,NO_REGISTRA,PEATON,77,LESIONADO,NO_REGISTRA,OTRO,,,,
2024-04-17 01:26:18,-4.025058,-79.219422,Calle Bolivar,CON_FALLECIDOS,Choque Vehicular,Via resbaladiza o mojada,24,FALLECIDO,HOMBRE,PEATON,79,LESIONADO,HOMBRE,PEATON,44,LESIONADO,MUJER,PEATON
2024-03-30 21:50:00,-3.994698,-79.199538,Calle Sucre,CON_FALLECIDOS,Atropellamiento,Visibilidad reducida,57,FALLECIDO,NO_REGISTRA,CICLISTA,,,,,,,,
2024-03-20 09:07:47,-4.030959,-79.219614,Av. Pio Jaramillo,SOLO_DANOS,Choque Vehicular,Imprudencia del conductor,,,,,,,,,,,,
2024-01-19 12:16:08,-3.984756,-79.206479,Ruta 35,CON_LESIONADOS,Atropellamiento,Factores externos,43,LESIONADO,MUJER,PEATON,9,LESIONADO,NO_REGISTRA,VEH_LIVIANO,,,,
2024-08-21 08:20:28,-4.026453,-79.206979,Ruta 35,CON_FALLECIDOS,Incendio,Imprudencia del conductor,70,FALLECIDO,NO_REGISTRA,CICLISTA,46,FALLECIDO,HOMBRE,PEATON,12,LESIONADO,NO_REGISTRA,PEATON
2024-11-03 04:30:08,-3.990868,-79.225207,Av. Manuel Agustin Aguirre,SOLO_DANOS,Incendio,Distraccion (celular/radio),,,,,,,,,,,,
2024-01-14 07:16:30,-4.008757,-79.225763,Av. Reinaldo Espinosa,SOLO_DANOS,Caida,Distraccion (celular/radio),,,,,,,,,,,,
2024-02-18 13:06:37,-3.986745,-79.228626,Calle Imbabura,CON_FALLECIDOS,Incendio,Via resbaladiza o mojada,66,FALLECIDO,NO_REGISTRA,PEATON,63,LESIONADO,NO_REGISTRA,PEATON,,,,
2024-05-06 05:46:27,-4.035138,-79.224635,Calle Miguel Riofrio,SOLO_DANOS,Accidente Laboral,Visibilidad reducida,,,,,,,,,,,,
2024-04-10 07:45:30,-4.010398,-79.207016,Av. Cuxibamba,CON_LESIONADOS,Colision Multiple,Equipo de seguridad deficiente,8,LESIONADO,MUJER,PEATON,78,LESIONADO,HOMBRE,SCOOTER,13,LESIONADO,MUJER,VEH_LIVIANO
2024-04-11 09:46:51,-3.977493,-79.210140,Calle Quito,CON_LESIONADOS,Colision Multiple,Inobservancia de senales,68,LESIONADO,MUJER,OTRO,56,LESIONADO,NO_REGISTRA,VEH_LIVIANO,79,LESIONADO,HOMBRE,VEH_LIVIANO
2024-08-07 08:32:00,-4.028880,-79.191850,Ruta 35,SOLO_DANOS,Incendio,Mal estado de la via,,,,,,,,,,,,
2024-02-23 12:02:35,-4.023296,-79.229434,Via Loja - Zamora,CON_FALLECIDOS,Caida,Falla mecanica,34,FALLECIDO,NO_REGISTRA,SCOOTER,17,LESIONADO,HOMBRE,OTRO,41,LESIONADO,HOMBRE,PEATON
2024-06-02 14:36:54,-3.979208,-79.220239,Calle Imbabura,CON_FALLECIDOS,Atropellamiento,Inobservancia de senales,50,FALLECIDO,HOMBRE,OTRO,36,FALLECIDO,MUJER,CICLISTA,35,LESIONADO,HOMBRE,VEH_LIVIANO
2024-10-20 01:04:22,-4.004559,-79.183950,Calle Saraguro,CON_LESIONADOS,Colision Multiple,Estado de embriaguez,76,LESIONADO,HOMBRE,CICLISTA,31,LESIONADO,MUJER,OTRO,,,,
2024-09-27 09:29:12,-4.003072,-79.178284,Av. 8 de Diciembre,CON_FALLECIDOS,Atropellamiento,Falla mecanica,78,FALLECIDO,NO_REGISTRA,VEH_LIVIANO,26,FALLECIDO,MUJER,PEATON,,,,
2024-05-02 17:57:23,-3.985640,-79.215250,Av. Rosa Hermosa,CON_LESIONADOS,Incendio,Via resbaladiza o mojada,10,LESIONADO,HOMBRE,MOTOCICLETA,40,LESIONADO,HOMBRE,OTRO,,,,
2024-12-02 20:08:27,-4.035122,-79.229647,Av. Reinaldo Espinosa,CON_FALLECIDOS,Choque Vehicular,Mal estado de la via,38,FALLECIDO,HOMBRE,VEH_LIVIANO,24,LESIONADO,HOMBRE,OTRO,,,,
2024-06-18 05:10:49,-3.984052,-79.224132,Calle Rocafuerte,SOLO_DANOS,Caida,Falla mecanica,,,,,,,,,,,,
2024-11-29 11:08:23,-4.017766,-79.219746,Av. Gran Colombia,CON_LESIONADOS,Colision Multiple,Visibilidad reducida,76,LESIONADO,MUJER,OTRO,31,LESIONADO,MUJER,CICLISTA,68,LESIONADO,MUJER,OTRO
2024-07-23 08:47:58,-4.015847,-79.195790,Calle 18 de Noviembre,CON_FALLECIDOS,Caida,Visibilidad reducida,66,FALLECIDO,MUJER,OTRO,66,FALLECIDO,MUJER,VEH_LIVIANO,,,,
2024-07-08 21:31:48,-3.988789,-79.217159,Av. Isidro Ayora,SOLO_DANOS,Choque Vehicular,Distraccion (celular/radio),,,,,,,,,,,,
2024-02-17 15:40:35,-4.014720,-79.210080,Calle Saraguro,SOLO_DANOS,Colision Multiple,Mal estado de la via,,,,,,,,,,,,
2024-09-11 13:07:10,-3.995113,-79.187563,Calle 10 de Agosto,CON_LESIONADOS,Accidente Laboral,Factores externos,35,LESIONADO,NO_REGISTRA,SCOOTER,,,,,,,,
2024-01-03 23:26:11,-3.984441,-79.217758,Via Loja - Zamora,SOLO_DANOS,Incendio,Estado de embriaguez,,,,,,,,,,,,
2024-07-21 13:12:14,-4.013613,-79.217130,Av. Pio Jaramillo,CON_LESIONADOS,Colision Multiple,Via resbaladiza o mojada,53,LESIONADO,NO_REGISTRA,MOTOCICLETA,5,LESIONADO,NO_REGISTRA,VEH_LIVIANO,77,LESIONADO,HOMBRE,MOTOCICLETA
2024-09-21 09:24:41,-3.981907,-79.197617,Calle Bolivar,SOLO_DANOS,Choque Vehicular,Factores externos,60,LESIONADO,NO_REGISTRA,SCOOTER,,,,,,,,
2024-05-04 23:13:40,-4.004911,-79.189304,Via Loja - Catamayo,CON_LESIONADOS,Volcamiento,Fatiga del conductor,49,LESIONADO,NO_REGISTRA,PEATON,40,LESIONADO,MUJER,MOTOCICLETA,,,,
2024-12-18 17:06:46,-4.035279,-79.227349,Av. Universitaria,SOLO_DANOS,Accidente Laboral,Estado de embriaguez,,,,,,,,,,,,
2024-09-03 02:47:20,-3.996276,-79.226193,Av. Cuxibamba,SOLO_DANOS,Atropellamiento,Fatiga del conductor,,,,,,,,,,,,
2024-07-10 11:55:02,-4.005118,-79.182438,Calle Rocafuerte,CON_FALLECIDOS,Accidente Laboral,Factores externos,49,FALLECIDO,MUJER,MOTOCICLETA,,,,,,,,
2024-06-14 21:08:08,-3.977294,-79.195205,Via Loja - Zamora,SOLO_DANOS,Volcamiento,Inobservancia de senales,,,,,,,,,,,,
2024-02-08 12:02:27,-3.996494,-79.212998,Av. Gran Colombia,SOLO_DANOS,Incendio,Via resbaladiza o mojada,,,,,,,,,,,,
2024-09-29 07:37:47,-4.015497,-79.194051,Av. Pio Jaramillo,CON_FALLECIDOS,Accidente Laboral,Fatiga del conductor,83,FALLECIDO,HOMBRE,PEATON,84,FALLECIDO,MUJER,SCOOTER,,,,
2024-11-02 22:59:04,-4.008636,-79.199157,Av. Orillas del Zamora,SOLO_DANOS,Caida,Inobservancia de senales,,,,,,,,,,,,
2024-10-30 06:24:16,-4.023154,-79.196526,Av. Metropolitana,CON_LESIONADOS,Incendio,Exceso de velocidad,60,LESIONADO,HOMBRE,CICLISTA,,,,,,,,
2024-12-09 21:07:04,-4.007384,-79.183418,Calle Azogues,SOLO_DANOS,Incendio,Distraccion (celular/radio),,,,,,,,,,,,
2024-08-24 23:22:00,-3.986716,-79.206029,Av. Reinaldo Espinosa,SOLO_DANOS,Incendio,Inobservancia de senales,,,,,,,,,,,,
2024-07-21 19:21:41,-4.030497,-79.192624,Av. Gran Colombia,SOLO_DANOS,Caida,Via resbaladiza o mojada,,,,,,,,,,,,
2024-10-21 08:17:20,-3.988856,-79.193790,Calle Azogues,SOLO_DANOS,Colision Multiple,Factores externos,,,,,,,,,,,,
2024-07-13 04:35:03,-4.015437,-79.178225,Av. Pio Jaramillo,CON_FALLECIDOS,Volcamiento,Falla mecanica,50,FALLECIDO,HOMBRE,SCOOTER,77,FALLECIDO,HOMBRE,MOTOCICLETA,72,LESIONADO,MUJER,MOTOCICLETA
2024-01-23 09:52:15,-4.027810,-79.171178,Via Loja - Catamayo,CON_LESIONADOS,Caida,Visibilidad reducida,53,LESIONADO,MUJER,PEATON,47,LESIONADO,MUJER,CICLISTA,,,,
2024-11-12 22:46:29,-4.017743,-79.229887,Av. Cuxibamba,CON_FALLECIDOS,Atropellamiento,Visibilidad reducida,70,FALLECIDO,MUJER,MOTOCICLETA,55,FALLECIDO,NO_REGISTRA,CICLISTA,,,,
2024-08-29 09:59:57,-4.002799,-79.215415,Av. Rosa Hermosa,SOLO_DANOS,Atropellamiento,Inobservancia de senales,,,,,,,,,,,,
2024-10-24 23:49:20,-4.033323,-79.230486,Av. Pio Jaramillo,CON_LESIONADOS,Colision Multiple,Fatiga del conductor,73,LESIONADO,HOMBRE,CICLISTA,,,,,,,,
2024-05-18 22:10:18,-4.027407,-79.215858,Calle 10 de Agosto,SOLO_DANOS,Volcamiento,Inobservancia de senales,,,,,,,,,,,,
2024-10-02 18:27:23,-4.027575,-79.216910,Av. Metropolitana,CON_LESIONADOS,Colision Multiple,Factores externos,71,LESIONADO,HOMBRE,PEATON,5,LESIONADO,NO_REGISTRA,VEH_LIVIANO,,,,
2024-07-07 23:06:35,-4.033660,-79.221131,Av. Metropolitana,CON_FALLECIDOS,Atropellamiento,Visibilidad reducida,23,FALLECIDO,HOMBRE,MOTOCICLETA,40,FALLECIDO,NO_REGISTRA,CICLISTA,35,LESIONADO,HOMBRE,PEATON
2024-05-02 12:59:26,-3.992384,-79.214602,Av. Pio Jaramillo,CON_FALLECIDOS,Atropellamiento,Exceso de velocidad,76,FALLECIDO,NO_REGISTRA,OTRO,14,LESIONADO,HOMBRE,SCOOTER,15,LESIONADO,NO_REGISTRA,SCOOTER
2024-11-17 06:43:46,-3.989406,-79.180705,Calle Quito,CON_LESIONADOS,Volcamiento,Imprudencia del conductor,11,LESIONADO,MUJER,PEATON,,,,,,,,
2024-02-11 16:33:13,-3.992165,-79.213437,Calle Ramon Borrero,CON_LESIONADOS,Choque Vehicular,Distraccion (celular/radio),55,LESIONADO,NO_REGISTRA,MOTOCICLETA,,,,,,,,
2024-01-13 16:33:56,-3.977704,-79.173301,Av. Cuxibamba,CON_LESIONADOS,Choque Vehicular,Visibilidad reducida,73,LESIONADO,NO_REGISTRA,PEATON,15,LESIONADO,NO_REGISTRA,CICLISTA,75,LESIONADO,NO_REGISTRA,SCOOTER
2024-08-27 09:36:19,-4.003296,-79.175318,Ruta 35,CON_FALLECIDOS,Choque Vehicular,Visibilidad reducida,64,FALLECIDO,MUJER,OTRO,44,FALLECIDO,NO_REGISTRA,MOTOCICLETA,43,LESIONADO,MUJER,PEATON
2024-07-17 03:54:49,-3.982497,-79.191019,Calle Mercadillo,CON_LESIONADOS,Colision Multiple,Exceso de velocidad,59,LESIONADO,NO_REGISTRA,SCOOTER,67,LESIONADO,HOMBRE,PEATON,,,,
2024-11-26 22:54:02,-4.007012,-79.183352,Calle Miguel Riofrio,CON_LESIONADOS,Colision Multiple,Equipo de seguridad deficiente,42,LESIONADO,NO_REGISTRA,OTRO,18,LESIONADO,HOMBRE,PEATON,42,LESIONADO,HOMBRE,CICLISTA
2024-08-18 01:17:11,-4.020054,-79.221767,Av. Pio Jaramillo,SOLO_DANOS,Accidente Laboral,Via resbaladiza o mojada,,,,,,,,,,,,
2024-02-28 05:43:23,-4.007698,-79.172664,Calle Sucre,SOLO_DANOS,Caida,Distraccion (celular/radio),,,,,,,,,,,,
2024-09-15 05:54:20,-4.028332,-79.222780,Calle Sucre,CON_LESIONADOS,Atropellamiento,Inobservancia de senales,49,LESIONADO,MUJER,PEATON,77,LESIONADO,NO_REGISTRA,OTRO,17,LESIONADO,MUJER,CICLISTA
2024-03-05 18:33:18,-4.005948,-79.208918,Av. Pio Jaramillo,SOLO_DANOS,Colision Multiple,Inobservancia de senales,,,,,,,,,,,,
2024-12-30 02:17:10,-3.999372,-79.221350,Calle Ramon Borrero,CON_LESIONADOS,Caida,Visibilidad reducida,46,LESIONADO,MUJER,PEATON,,,,,,,,
2024-12-08 14:28:34,-3.999211,-79.175147,Calle Quito,CON_FALLECIDOS,Incendio,Inobservancia de senales,37,FALLECIDO,NO_REGISTRA,CICLISTA,58,LESIONADO,HOMBRE,PEATON,40,LESIONADO,NO_REGISTRA,OTRO
2024-04-04 02:06:41,-4.018627,-79.196700,Av. Reinaldo Espinosa,SOLO_DANOS,Volcamiento,Factores externos,,,,,,,,,,,,
2024-01-06 00:04:02,-4.006942,-79.207535,Av. Rosa Hermosa,CON_LESIONADOS,Caida,Estado de embriaguez,53,LESIONADO,NO_REGISTRA,PEATON,43,LESIONADO,MUJER,OTRO,40,LESIONADO,NO_REGISTRA,VEH_LIVIANO
2024-01-27 01:58:27,-3.996706,-79.196919,Calle Bolivar,CON_FALLECIDOS,Volcamiento,Imprudencia del conductor,40,FALLECIDO,MUJER,MOTOCICLETA,32,LESIONADO,NO_REGISTRA,SCOOTER,,,,
2024-11-02 22:53:22,-4.017891,-79.229969,Calle Azogues,CON_FALLECIDOS,Accidente Laboral,Imprudencia del conductor,58,FALLECIDO,HOMBRE,OTRO,49,FALLECIDO,MUJER,OTRO,,,,
2024-07-03 13:20:03,-3.982939,-79.204034,Av. Metropolitana,SOLO_DANOS,Atropellamiento,Via resbaladiza o mojada,,,,,,,,,,,,
2024-10-11 11:48:01,-4.008107,-79.223322,Via Loja - Zamora,CON_FALLECIDOS,Choque Vehicular,Inobservancia de senales,48,FALLECIDO,MUJER,MOTOCICLETA,51,LESIONADO,MUJER,VEH_LIVIANO,67,LESIONADO,MUJER,SCOOTER
2024-10-24 17:03:18,-3.981987,-79.213559,Av. Cuxibamba,SOLO_DANOS,Atropellamiento,Factores externos,,,,,,,,,,,,
2024-01-02 15:49:41,-3.991443,-79.206747,Calle Saraguro,CON_LESIONADOS,Colision Multiple,Falla mecanica,25,LESIONADO,NO_REGISTRA,CICLISTA,77,LESIONADO,MUJER,PEATON,80,LESIONADO,MUJER,VEH_LIVIANO
2024-10-17 08:20:55,-3.978230,-79.179185,Calle Saraguro,SOLO_DANOS,Volcamiento,Estado de embriaguez,,,,,,,,,,,,
2024-09-17 17:27:31,-3.980740,-79.222798,Av. Universitaria,CON_FALLECIDOS,Volcamiento,Equipo de seguridad deficiente,64,FALLECIDO,HOMBRE,PEATON,77,LESIONADO,HOMBRE,SCOOTER,41,LESIONADO,HOMBRE,OTRO
2024-04-23 06:35:24,-4.025533,-79.189063,Av. Orillas del Zamora,SOLO_DANOS,Atropellamiento,Fatiga del conductor,,,,,,,,,,,,
2024-08-23 04:40:02,-4.033030,-79.179120,Calle Imbabura,CON_FALLECIDOS,Atropellamiento,Fatiga del conductor,52,FALLECIDO,HOMBRE,SCOOTER,18,FALLECIDO,MUJER,OTRO,78,LESIONADO,NO_REGISTRA,MOTOCICLETA
2024-05-21 08:09:24,-3.991134,-79.179264,Av. Manuel Agustin Aguirre,CON_LESIONADOS,Incendio,Falla mecanica,51,LESIONADO,NO_REGISTRA,CICLISTA,,,,,,,,
2024-03-04 03:49:26,-4.008202,-79.172886,Av. Isidro Ayora,SOLO_DANOS,Accidente Laboral,Imprudencia del conductor,,,,,,,,,,,,
2024-11-28 22:53:52,-4.020346,-79.216024,Calle Imbabura,CON_LESIONADOS,Volcamiento,Factores externos,24,LESIONADO,HOMBRE,PEATON,26,LESIONADO,MUJER,OTRO,25,LESIONADO,HOMBRE,VEH_LIVIANO
2024-01-11 00:12:42,-3.998315,-79.225946,Calle Ramon Borrero,SOLO_DANOS,Accidente Laboral,Equipo de seguridad deficiente,,,,,,,,,,,,
2024-12-13 10:45:48,-3.987372,-79.183839,Av. Cuxibamba,CON_LESIONADOS,Volcamiento,Fatiga del conductor,26,LESIONADO,NO_REGISTRA,VEH_LIVIANO,80,LESIONADO,HOMBRE,VEH_LIVIANO,,,,
2024-02-11 01:36:41,-3.998174,-79.192536,Calle Sucre,CON_FALLECIDOS,Caida,Fatiga del conductor,34,FALLECIDO,NO_REGISTRA,CICLISTA,56,LESIONADO,HOMBRE,CICLISTA,40,LESIONADO,HOMBRE,SCOOTER
2024-04-11 06:02:27,-3.992111,-79.204872,Calle Bolivar,CON_LESIONADOS,Accidente Laboral,Mal estado de la via,16,LESIONADO,HOMBRE,MOTOCICLETA,59,LESIONADO,NO_REGISTRA,SCOOTER,,,,
2024-11-12 22:43:20,-4.024220,-79.194038,Av. Cuxibamba,CON_LESIONADOS,Choque Vehicular,Imprudencia del conductor,39,LESIONADO,MUJER,CICLISTA,28,LESIONADO,NO_REGISTRA,CICLISTA,8,LESIONADO,NO_REGISTRA,VEH_LIVIANO
2024-03-27 13:50:37,-4.033324,-79.191794,Av. 8 de Diciembre,SOLO_DANOS,Accidente Laboral,Via resbaladiza o mojada,,,,,,,,,,,,
2024-10-27 17:57:00,-4.011916,-79.213740,Via Loja - Catamayo,CON_FALLECIDOS,Incendio,Distraccion (celular/radio),45,FALLECIDO,NO_REGISTRA,MOTOCICLETA,,,,,,,,
2024-07-18 21:52:58,-4.014306,-79.181126,Av. Cuxibamba,CON_FALLECIDOS,Caida,Estado de embriaguez,72,FALLECIDO,NO_REGISTRA,VEH_LIVIANO,56,FALLECIDO,MUJER,CICLISTA,57,LESIONADO,MUJER,VEH_LIVIANO
2024-06-24 17:53:35,-3.994039,-79.190942,Via Loja - Catamayo,CON_LESIONADOS,Incendio,Falla mecanica,24,LESIONADO,HOMBRE,CICLISTA,,,,,,,,
2024-04-20 08:00:30,-4.005795,-79.222404,Av. Orillas del Zamora,CON_FALLECIDOS,Accidente Laboral,Mal estado de la via,83,FALLECIDO,NO_REGISTRA,SCOOTER,,,,,,,,
2024-12-04 16:43:38,-4.033630,-79.177525,Av. 8 de Diciembre,SOLO_DANOS,Volcamiento,Exceso de velocidad,,,,,,,,,,,,
2024-07-10 12:49:02,-4.015854,-79.224213,Calle Quito,SOLO_DANOS,Atropellamiento,Inobservancia de senales,,,,,,,,,,,,
2024-04-04 20:47:39,-3.988210,-79.183814,Av. Universitaria,CON_LESIONADOS,Accidente Laboral,Inobservancia de senales,15,LESIONADO,HOMBRE,SCOOTER,35,LESIONADO,MUJER,CICLISTA,,,,
2024-10-07 10:31:05,-3.987295,-79.176597,Calle Quito,CON_FALLECIDOS,Choque Vehicular,Fatiga del conductor,46,FALLECIDO,NO_REGISTRA,OTRO,62,LESIONADO,MUJER,VEH_LIVIANO,68,LESIONADO,HOMBRE,MOTOCICLETA
2024-08-22 23:59:05,-4.029366,-79.188558,Calle 10 de Agosto,CON_LESIONADOS,Colision Multiple,Distraccion (celular/radio),9,LESIONADO,HOMBRE,PEATON,,,,,,,,
2024-04-28 07:53:14,-4.012352,-79.180681,Calle Mercadillo,CON_LESIONADOS,Accidente Laboral,Fatiga del conductor,35,LESIONADO,NO_REGISTRA,OTRO,,,,,,,,
2024-08-04 01:59:40,-3.990766,-79.211180,Av. Manuel Agustin Aguirre,CON_LESIONADOS,Caida,Fatiga del conductor,20,LESIONADO,HOMBRE,VEH_LIVIANO,29,LESIONADO,HOMBRE,VEH_LIVIANO,60,LESIONADO,HOMBRE,VEH_LIVIANO
2024-09-02 15:21:46,-4.034693,-79.184804,Calle Miguel Riofrio,CON_FALLECIDOS,Colision Multiple,Fatiga del conductor,27,FALLECIDO,HOMBRE,PEATON,8,LESIONADO,HOMBRE,OTRO,,,,
2024-08-26 23:44:24,-3.987566,-79.230114,Calle Mercadillo,CON_LESIONADOS,Choque Vehicular,Distraccion (celular/radio),45,LESIONADO,NO_REGISTRA,OTRO,33,LESIONADO,NO_REGISTRA,CICLISTA,27,LESIONADO,HOMBRE,CICLISTA
2024-01-10 06:29:12,-4.003426,-79.188028,Calle Sucre,CON_FALLECIDOS,Caida,Falla mecanica,43,FALLECIDO,NO_REGISTRA,SCOOTER,22,FALLECIDO,HOMBRE,OTRO,6,LESIONADO,MUJER,SCOOTER
2024-08-11 03:25:01,-4.033670,-79.224583,Via Loja - Catamayo,SOLO_DANOS,Incendio,Via resbaladiza o mojada,,,,,,,,,,,,
2024-07-25 08:57:29,-3.984818,-79.184393,Calle 18 de Noviembre,CON_LESIONADOS,Accidente Laboral,Distraccion (celular/radio),60,LESIONADO,MUJER,PEATON,11,LESIONADO,MUJER,MOTOCICLETA,42,LESIONADO,MUJER,OTRO
2024-08-06 06:56:31,-4.008499,-79.197867,Calle 10 de Agosto,CON_FALLECIDOS,Choque Vehicular,Falla mecanica,80,FALLECIDO,HOMBRE,OTRO,66,FALLECIDO,MUJER,SCOOTER,80,LESIONADO,NO_REGISTRA,VEH_LIVIANO
2024-03-11 22:34:40,-4.035020,-79.176766,Calle Bolivar,CON_FALLECIDOS,Volcamiento,Fatiga del conductor,25,FALLECIDO,HOMBRE,SCOOTER,27,LESIONADO,HOMBRE,OTRO,,,,
2024-02-03 16:40:42,-3.999462,-79.179168,Via Loja - Catamayo,SOLO_DANOS,Caida,Via resbaladiza o mojada,,,,,,,,,,,,
2024-10-27 20:53:13,-4.009481,-79.213361,Calle Sucre,CON_LESIONADOS,Atropellamiento,Imprudencia del conductor,25,LESIONADO,NO_REGISTRA,CICLISTA,,,,,,,,
2024-01-06 13:14:25,-3.988351,-79.190884,Av. Isidro Ayora,CON_LESIONADOS,Atropellamiento,Mal estado de la via,53,LESIONADO,HOMBRE,SCOOTER,66,LESIONADO,NO_REGISTRA,SCOOTER,,,,
2024-10-01 21:50:47,-4.018032,-79.198416,Av. Reinaldo Espinosa,SOLO_DANOS,Choque Vehicular,Imprudencia del conductor,,,,,,,,,,,,
2024-06-21 15:52:55,-3.989823,-79.173754,Ruta 35,CON_FALLECIDOS,Colision Multiple,Factores externos,82,FALLECIDO,NO_REGISTRA,PEATON,22,FALLECIDO,NO_REGISTRA,VEH_LIVIANO,,,,
2024-05-04 23:19:58,-4.008596,-79.194973,Av. Isidro Ayora,CON_LESIONADOS,Colision Multiple,Exceso de velocidad,72,LESIONADO,NO_REGISTRA,VEH_LIVIANO,9,LESIONADO,MUJER,VEH_LIVIANO,,,,