fecha_hora,latitud,longitud,via,grado_severidad,tipo_siniestro,causa_probable,victima1_edad,victima1_condicion,victima1_sexo,victima1_actor_vial,victima2_edad,victima2_condicion,victima2_sexo,victima2_actor_vial,victima3_edad,victima3_condicion,victima3_sexo,victima3_actor_vial
2024-12-19 07:18:42,-4.016565,-79.190208,Av. Metropolitana,SOLO_DANOS,Caida,Visibilidad reducida,,,,,,,,,,,,
2024-05-25 07:58:35,-4.036401,-79.228575,Calle Miguel Riofrio,CON_LESIONADOS,Atropellamiento,Estado de embriaguez,64,LESIONADO,MUJER,MOTOCICLETA,,,,,,,,
2024-11-29 20:07:04,-4.012045,-79.210963,Av. Isidro Ayora,CON_LESIONADOS,Choque Vehicular,Mal estado de la via,57,LESIONADO,NO_REGISTRA,MOTOCICLETA,,,,,,,,
2024-01-15 07:31:50,-4.032584,-79.202006,Calle Ramon Borrero,SOLO_DANOS,Atropellamiento,Inobservancia de senales,,,,,,,,,,,,
2024-08-01 09:59:23,-4.018569,-79.188789,Calle Rocafuerte,SOLO_DANOS,Caida,Visibilidad reducida,,,,,,,,,,,,
2024-07-20 22:12:07,-4.003400,-79.204070,Av. Orillas del Zamora,SOLO_DANOS,Volcamiento,Exceso de velocidad,9,LESIONADO,MUJER,CICLISTA,,,,,,,,
2024-06-22 04:12:49,-3.997024,-79.184593,Av. Universitaria,SOLO_DANOS,Accidente Laboral,Via resbaladiza o mojada,19,LESIONADO,NO_REGISTRA,CICLISTA,,,,,,,,
2024-03-27 10:40:34,-4.015853,-79.186284,Av. Reinaldo Espinosa,SOLO_DANOS,Colision Multiple,Estado de embriaguez,,,,,,,,,,,,
2024-08-04 00:46:29,-3.999579,-79.200051,Calle Montufar,CON_FALLECIDOS,Accidente Laboral,Exceso de velocidad,58,FALLECIDO,MUJER,CICLISTA,65,FALLECIDO,MUJER,CICLISTA,45,LESIONADO,NO_REGISTRA,VEH_LIVIANO
2024-11-19 21:18:56,-4.023497,-79.219364,Calle Sucre,CON_FALLECIDOS,Accidente Laboral,Falla mecanica,38,FALLECIDO,MUJER,OTRO,46,FALLECIDO,NO_REGISTRA,OTRO,60,LESIONADO,NO_REGISTRA,SCOOTER
2024-12-19 09:09:28,-4.009359,-79.176069,Av. Universitaria,SOLO_DANOS,Incendio,Exceso de velocidad,,,,,,,,,,,,
2024-03-07 17:52:53,-4.017609,-79.191637,Calle Colon,CON_FALLECIDOS,Caida,Visibilidad reducida,83,FALLECIDO,NO_REGISTRA,MOTOCICLETA,,,,,,,,
2024-01-25 19:09:02,-4.022499,-79.198565,Calle Quito,CON_LESIONADOS,Incendio,Via resbaladiza o mojada,8,LESIONADO,MUJER,CICLISTA,75,LESIONADO,HOMBRE,VEH_LIVIANO,,,,
2024-06-11 21:58:53,-4.018841,-79.183678,Av. Cuxibamba,SOLO_DANOS,Accidente Laboral,Distraccion (celular/radio),,,,,,,,,,,,
2024-04-21 17:15:31,-3.990969,-79.186800,Calle Imbabura,SOLO_DANOS,Atropellamiento,Imprudencia del conductor,,,,,,,,,,,,
2024-11-21 20:51:18,-4.020782,-79.176180,Av. Universitaria,SOLO_DANOS,Volcamiento,Falla mecanica,,,,,,,,,,,,
2024-12-20 19:05:52,-4.005819,-79.229081,Av. Gran Colombia,SOLO_DANOS,Accidente Laboral,Distraccion (celular/radio),,,,,,,,,,,,
2024-02-11 04:33:13,-3.989459,-79.221599,Via Loja - Catamayo,SOLO_DANOS,Caida,Fatiga del conductor,,,,,,,,,,,,
2024-07-15 03:01:13,-4.014699,-79.226735,Av. Manuel Agustin Aguirre,CON_FALLECIDOS,Atropellamiento,Visibilidad reducida,26,FALLECIDO,MUJER,SCOOTER,22,LESIONADO,MUJER,PEATON,,,,
2024-07-07 02:27:13,-3.986082,-79.222279,Av. Reinaldo Espinosa,CON_LESIONADOS,Colision Multiple,Inobservancia de senales,55,LESIONADO,HOMBRE,VEH_LIVIANO,,,,,,,,
2024-12-09 11:48:58,-3.996246,-79.221979,Av. Orillas del Zamora,CON_FALLECIDOS,Caida,Equipo de seguridad deficiente,72,FALLECIDO,NO_REGISTRA,PEATON,28,FALLECIDO,NO_REGISTRA,VEH_LIVIANO,,,,
2024-09-15 15:58:19,-4.019959,-79.178923,Calle Azogues,CON_FALLECIDOS,Incendio,Inobservancia de senales,67,FALLECIDO,MUJER,SCOOTER,,,,,,,,
2024-03-04 12:29:03,-4.012459,-79.185678,Calle Imbabura,SOLO_DANOS,Accidente Laboral,Factores externos,,,,,,,,,,,,
2024-06-02 01:52:33,-3.981151,-79.214540,Calle Sucre,SOLO_DANOS,Accidente Laboral,Visibilidad reducida,,,,,,,,,,,,
2024-05-24 19:19:44,-4.017120,-79.189691,Av. Universitaria,SOLO_DANOS,Caida,Via resbaladiza o mojada,,,,,,,,,,,,
2024-05-25 15:44:14,-4.011539,-79.227505,Av. Universitaria,CON_FALLECIDOS,Volcamiento,Mal estado de la via,70,FALLECIDO,HOMBRE,VEH_LIVIANO,34,FALLECIDO,MUJER,MOTOCICLETA,,,,
2024-04-28 17:48:56,-3.999731,-79.173566,Calle Sucre,SOLO_DANOS,Atropellamiento,Imprudencia del conductor,,,,,,,,,,,,
2024-04-07 17:00:12,-4.000665,-79.174435,Via Loja - Catamayo,CON_FALLECIDOS,Choque Vehicular,Exceso de velocidad,80,FALLECIDO,MUJER,SCOOTER,23,LESIONADO,NO_REGISTRA,SCOOTER,42,LESIONADO,MUJER,SCOOTER
2024-04-22 15:15:07,-4.024838,-79.229403,Calle Ramon Borrero,CON_FALLECIDOS,Atropellamiento,Exceso de velocidad,58,FALLECIDO,HOMBRE,OTRO,56,FALLECIDO,NO_REGISTRA,VEH_LIVIANO,28,LESIONADO,MUJER,MOTOCICLETA
2024-07-28 11:34:52,-4.020225,-79.192778,Calle 10 de Agosto,SOLO_DANOS,Incendio,Imprudencia del conductor,,,,,,,,,,,,
2024-02-04 19:20:24,-3.981496,-79.213339,Calle Colon,SOLO_DANOS,Caida,Estado de embriaguez,,,,,,,,,,,,
2024-01-10 20:25:55,-4.032325,-79.202472,Calle Mercadillo,CON_FALLECIDOS,Caida,Exceso de velocidad,78,FALLECIDO,HOMBRE,OTRO,12,LESIONADO,MUJER,VEH_LIVIANO,,,,
2024-01-04 08:41:01,-3.982436,-79.230194,Ruta 35,CON_LESIONADOS,Incendio,Exceso de velocidad,70,LESIONADO,HOMBRE,SCOOTER,48,LESIONADO,NO_REGISTRA,VEH_LIVIANO,62,LESIONADO,NO_REGISTRA,CICLISTA
2024-12-04 14:17:05,-3.983363,-79.208357,Av. Metropolitana,CON_LESIONADOS,Colision Multiple,Visibilidad reducida,14,LESIONADO,MUJER,SCOOTER,,,,,,,,
2024-11-17 03:12:59,-4.002093,-79.194222,Calle Mercadillo,CON_LESIONADOS,Atropellamiento,Mal estado de la via,25,LESIONADO,HOMBRE,VEH_LIVIANO,,,,,,,,
2024-10-25 03:47:03,-4.027591,-79.203992,Calle Quito,SOLO_DANOS,Atropellamiento,Exceso de velocidad,,,,,,,,,,,,
2024-01-24 05:40:35,-4.034133,-79.200489,Av. Reinaldo Espinosa,CON_LESIONADOS,Accidente Laboral,Exceso de velocidad,75,LESIONADO,MUJER,CICLISTA,,,,,,,,
2024-08-07 23:33:24,-4.017089,-79.215563,Av. Universitaria,SOLO_DANOS,Atropellamiento,Factores externos,,,,,,,,,,,,
2024-06-16 02:14:27,-4.013047,-79.197441,Calle Rocafuerte,CON_LESIONADOS,Caida,Fatiga del conductor,33,LESIONADO,NO_REGISTRA,VEH_LIVIANO,,,,,,,,
2024-08-06 18:47:52,-4.013034,-79.197189,Av. Manuel Agustin Aguirre,CON_FALLECIDOS,Atropellamiento,Distraccion (celular/radio),55,FALLECIDO,HOMBRE,MOTOCICLETA,26,FALLECIDO,MUJER,OTRO,49,LESIONADO,NO_REGISTRA,PEATON
2024-11-29 12:25:35,-4.017892,-79.201573,Calle Sucre,CON_FALLECIDOS,Volcamiento,Falla mecanica,79,FALLECIDO,NO_REGISTRA,MOTOCICLETA,,,,,,,,
2024-02-10 00:43:11,-4.036145,-79.179830,Calle Sucre,CON_FALLECIDOS,Incendio,Factores externos,68,FALLECIDO,HOMBRE,VEH_LIVIANO,42,FALLECIDO,MUJER,MOTOCICLETA,20,LESIONADO,HOMBRE,SCOOTER
2024-07-25 15:44:06,-4.002553,-79.202865,Calle Saraguro,CON_FALLECIDOS,Colision Multiple,Estado de embriaguez,46,FALLECIDO,MUJER,SCOOTER,57,FALLECIDO,NO_REGISTRA,CICLISTA,74,LESIONADO,NO_REGISTRA,SCOOTER
2024-01-02 05:16:31,-3.982019,-79.214682,Av. Orillas del Zamora,CON_LESIONADOS,Choque Vehicular,Visibilidad reducida,23,LESIONADO,HOMBRE,VEH_LIVIANO,,,,,,,,
2024-06-30 11:58:45,-4.015205,-79.218901,Av. Reinaldo Espinosa,CON_LESIONADOS,Accidente Laboral,Fatiga del conductor,53,LESIONADO,NO_REGISTRA,CICLISTA,,,,,,,,
2024-06-26 20:04:58,-4.001724,-79.217470,Via Loja - Catamayo,CON_FALLECIDOS,Caida,Inobservancia de senales,43,FALLECIDO,HOMBRE,OTRO,,,,,,,,
2024-05-28 06:13:28,-4.028400,-79.195630,Via Loja - Catamayo,SOLO_DANOS,Colision Multiple,Fatiga del conductor,,,,,,,,,,,,
2024-01-13 17:12:07,-4.024965,-79.212579,Calle Sucre,CON_LESIONADOS,Incendio,Falla mecanica,15,LESIONADO,HOMBRE,PEATON,,,,,,,,
2024-12-09 13:36:08,-3.978350,-79.178381,Av. Reinaldo Espinosa,SOLO_DANOS,Accidente Laboral,Falla mecanica,,,,,,,,,,,,
2024-02-03 05:51:56,-3.981092,-79.196577,Calle Saraguro,CON_FALLECIDOS,Volcamiento,Fatiga del conductor,58,FALLECIDO,HOMBRE,VEH_LIVIANO,43,FALLECIDO,HOMBRE,MOTOCICLETA,,,,
2024-11-21 20:53:10,-4.031747,-79.184652,Calle Mercadillo,CON_LESIONADOS,Colision Multiple,Mal estado de la via,38,LESIONADO,HOMBRE,MOTOCICLETA,56,LESIONADO,MUJER,PEATON,,,,
2024-01-23 19:28:38,-4.019875,-79.198117,Av. 8 de Diciembre,SOLO_DANOS,Caida,Visibilidad reducida,,,,,,,,,,,,
2024-07-16 20:27:41,-3.977301,-79.174818,Calle Rocafuerte,CON_LESIONADOS,Colision Multiple,Falla mecanica,11,LESIONADO,HOMBRE,OTRO,12,LESIONADO,NO_REGISTRA,OTRO,,,,
2024-03-19 22:13:39,-4.017769,-79.219606,Ruta 35,CON_LESIONADOS,Atropellamiento,Via resbaladiza o mojada,75,LESIONADO,HOMBRE,SCOOTER,,,,,,,,
2024-10-09 13:44:46,-4.008405,-79.210373,Av. Metropolitana,CON_LESIONADOS,Volcamiento,Distraccion (celular/radio),63,LESIONADO,NO_REGISTRA,VEH_LIVIANO,56,LESIONADO,HOMBRE,OTRO,54,LESIONADO,HOMBRE,PEATON
2024-06-05 05:30:07,-4.034210,-79.214436,Av. 8 de Diciembre,SOLO_DANOS,Accidente Laboral,Mal estado de la via,,,,,,,,,,,,
2024-05-07 11:12:38,-4.003549,-79.222271,Ruta 35,SOLO_DANOS,Volcamiento,Imprudencia del conductor,,,,,,,,,,,,
2024-01-18 10:15:11,-4.019525,-79.175187,Calle Rocafuerte,CON_FALLECIDOS,Choque Vehicular,Distraccion (celular/radio),58,FALLECIDO,MUJER,SCOOTER,54,LESIONADO,HOMBRE,SCOOTER,,,,
2024-05-24 22:27:37,-3.979370,-79.220085,Calle 18 de Noviembre,SOLO_DANOS,Colision Multiple,Fatiga del conductor,,,,,,,,,,,,
2024-10-04 10:53:43,-3.983276,-79.228456,Calle Bolivar,CON_FALLECIDOS,Incendio,Visibilidad reducida,70,FALLECIDO,MUJER,PEATON,71,FALLECIDO,MUJER,MOTOCICLETA,47,LESIONADO,NO_REGISTRA,SCOOTER
2024-11-08 00:49:10,-4.026153,-79.207329,Av. Reinaldo Espinosa,SOLO_DANOS,Incendio,Visibilidad reducida,,,,,,,,,,,,
2024-02-28 09:10:10,-3.978756,-79.210592,Calle Ramon Borrero,CON_FALLECIDOS,Incendio,Inobservancia de senales,66,FALLECIDO,NO_REGISTRA,MOTOCICLETA,44,FALLECIDO,MUJER,MOTOCICLETA,,,,
2024-08-07 23:22:14,-4.021296,-79.182635,Av. 8 de Diciembre,CON_LESIONADOS,Caida,Distraccion (celular/radio),23,LESIONADO,NO_REGISTRA,PEATON,,,,,,,,
2024-12-22 18:05:47,-3.981692,-79.182629,Calle Ramon Borrero,CON_LESIONADOS,Choque Vehicular,Falla mecanica,72,LESIONADO,MUJER,SCOOTER,30,LESIONADO,MUJER,MOTOCICLETA,48,LESIONADO,HOMBRE,VEH_LIVIANO
2024-12-05 00:11:33,-4.001786,-79.199617,Calle Imbabura,CON_LESIONADOS,Choque Vehicular,Falla mecanica,52,LESIONADO,NO_REGISTRA,VEH_LIVIANO,16,LESIONADO,HOMBRE,VEH_LIVIANO,,,,
2024-10-30 15:12:10,-4.033617,-79.180265,Calle Saraguro,CON_FALLECIDOS,Atropellamiento,Equipo de seguridad deficiente,64,FALLECIDO,MUJER,PEATON,62,LESIONADO,MUJER,MOTOCICLETA,,,,
2024-02-25 09:56:57,-4.021313,-79.198382,Via Loja - Zamora,CON_LESIONADOS,Volcamiento,Falla mecanica,20,LESIONADO,MUJER,PEATON,34,LESIONADO,NO_REGISTRA,PEATON,53,LESIONADO,MUJER,CICLISTA
2024-07-20 03:15:25,-3.993366,-79.208675,Av. Cuxibamba,CON_FALLECIDOS,Incendio,Mal estado de la via,81,FALLECIDO,HOMBRE,PEATON,29,LESIONADO,MUJER,PEATON,,,,
2024-01-19 21:15:39,-3.991895,-79.223308,Calle 18 de Noviembre,CON_LESIONADOS,Colision Multiple,Via resbaladiza o mojada,34,LESIONADO,HOMBRE,OTRO,62,LESIONADO,HOMBRE,CICLISTA,54,LESIONADO,NO_REGISTRA,CICLISTA
2024-03-03 03:28:42,-4.001132,-79.194152,Calle Ramon Borrero,CON_LESIONADOS,Volcamiento,Exceso de velocidad,44,LESIONADO,HOMBRE,CICLISTA,7,LESIONADO,NO_REGISTRA,SCOOTER,19,LESIONADO,MUJER,SCOOTER
2024-02-18 17:00:51,-4.031765,-79.221257,Calle Saraguro,CON_FALLECIDOS,Choque Vehicular,Fatiga del conductor,55,FALLECIDO,HOMBRE,CICLISTA,16,LESIONADO,MUJER,CICLISTA,70,LESIONADO,NO_REGISTRA,CICLISTA
2024-06-03 03:52:29,-4.016812,-79.197341,Av. Gran Colombia,SOLO_DANOS,Caida,Fatiga del conductor,,,,,,,,,,,,
2024-02-09 10:00:05,-4.033356,-79.225987,Calle Imbabura,CON_FALLECIDOS,Caida,Visibilidad reducida,21,FALLECIDO,HOMBRE,MOTOCICLETA,25,FALLECIDO,HOMBRE,OTRO,10,LESIONADO,NO_REGISTRA,CICLISTA
2024-12-20 03:08:46,-3.984635,-79.177627,Av. Pio Jaramillo,SOLO_DANOS,Caida,Falla mecanica,,,,,,,,,,,,
2024-05-30 09:47:59,-4.002279,-79.207698,Calle Ramon Borrero,SOLO_DANOS,Choque Vehicular,Factores externos,,,,,,,,,,,,
2024-07-18 09:49:05,-3.990815,-79.215021,Calle Quito,CON_FALLECIDOS,Caida,Falla mecanica,81,FALLECIDO,MUJER,MOTOCICLETA,52,FALLECIDO,HOMBRE,CICLISTA,,,,
2024-05-11 05:21:36,-4.024210,-79.218376,Calle Quito,SOLO_DANOS,Volcamiento,Via resbaladiza o mojada,,,,,,,,,,,,
2024-08-15 12:00:24,-3.985539,-79.228745,Av. Gran Colombia,SOLO_DANOS,Volcamiento,Fatiga del conductor,,,,,,,,,,,,
2024-12-10 15:24:09,-4.028398,-79.187091,Calle Montufar,CON_LESIONADOS,Incendio,Exceso de velocidad,73,LESIONADO,NO_REGISTRA,CICLISTA,68,LESIONADO,NO_REGISTRA,PEATON,41,LESIONADO,NO_REGISTRA,PEATON
2024-09-26 16:09:34,-3.978882,-79.190057,Av. Pio Jaramillo,CON_FALLECIDOS,Choque Vehicular,Mal estado de la via,29,FALLECIDO,NO_REGISTRA,SCOOTER,49,LESIONADO,MUJER,PEATON,,,,
2024-10-02 10:17:33,-3.977832,-79.173989,Via Loja - Zamora,CON_LESIONADOS,Volcamiento,Factores externos,25,LESIONADO,HOMBRE,MOTOCICLETA,,,,,,,,
2024-11-12 02:35:49,-3.983330,-79.186635,Via Loja - Zamora,SOLO_DANOS,Atropellamiento,Falla mecanica,24,LESIONADO,MUJER,VEH_LIVIANO,,,,,,,,
2024-03-28 20:18:16,-4.020948,-79.185284,Av. Pio Jaramillo,CON_FALLECIDOS,Volcamiento,Imprudencia del conductor,35,FALLECIDO,NO_REGISTRA,PEATON,30,FALLECIDO,NO_REGISTRA,OTRO,76,LESIONADO,HOMBRE,VEH_LIVIANO
2024-06-05 22:29:11,-3.989265,-79.179033,Calle Bolivar,CON_LESIONADOS,Volcamiento,Mal estado de la via,55,LESIONADO,MUJER,MOTOCICLETA,18,LESIONADO,HOMBRE,MOTOCICLETA,71,LESIONADO,HOMBRE,OTRO
2024-09-02 16:01:47,-4.023290,-79.210722,Calle Quito,SOLO_DANOS,Atropellamiento,Factores externos,,,,,,,,,,,,
2024-03-25 22:35:56,-3.978004,-79.208427,Calle Miguel Riofrio,CON_FALLECIDOS,Incendio,Distraccion (celular/radio),36,FALLECIDO,HOMBRE,PEATON,19,FALLECIDO,HOMBRE,PEATON,,,,
2024-08-11 22:47:47,-4.031866,-79.207063,Av. Cuxibamba,CON_LESIONADOS,Colision Multiple,Visibilidad reducida,74,LESIONADO,NO_REGISTRA,VEH_LIVIANO,74,LESIONADO,HOMBRE,CICLISTA,44,LESIONADO,MUJER,SCOOTER
2024-11-18 20:18:01,-4.002188,-79.171468,Av. Reinaldo Espinosa,CON_FALLECIDOS,Choque Vehicular,Equipo de seguridad deficiente,66,FALLECIDO,NO_REGISTRA,PEATON,65,LESIONADO,MUJER,PEATON,56,LESIONADO,HOMBRE,CICLISTA
2024-01-21 01:23:44,-3.985671,-79.223007,Calle Imbabura,CON_LESIONADOS,Caida,Mal estado de la via,7,LESIONADO,NO_REGISTRA,PEATON,,,,,,,,
2024-08-15 17:44:28,-3.992946,-79.218885,Calle Colon,CON_LESIONADOS,Colision Multiple,Equipo de seguridad deficiente,13,LESIONADO,MUJER,VEH_LIVIANO,41,LESIONADO,MUJER,SCOOTER,,,,
2024-11-27 22:56:01,-4.020869,-79.199791,Av. Isidro Ayora,SOLO_DANOS,Choque Vehicular,Exceso de velocidad,,,,,,,,,,,,
2024-06-21 15:32:31,-4.030127,-79.185870,Calle Ramon Borrero,CON_FALLECIDOS,Caida,Mal estado de la via,65,FALLECIDO,NO_REGISTRA,SCOOTER,41,FALLECIDO,MUJER,OTRO,54,LESIONADO,MUJER,VEH_LIVIANO
2024-07-16 09:51:05,-3.990672,-79.210247,Calle Imbabura,CON_LESIONADOS,Caida,Fatiga del conductor,63,LESIONADO,MUJER,PEATON,34,LESIONADO,NO_REGISTRA,CICLISTA,,,,
2024-08-24 01:40:06,-3.985760,-79.228291,Av. Metropolitana,SOLO_DANOS,Colision Multiple,Visibilidad reducida,,,,,,,,,,,,
2024-04-23 18:16:11,-4.036096,-79.188007,Ruta 35,CON_LESIONADOS,Colision Multiple,Inobservancia de senales,30,LESIONADO,MUJER,VEH_LIVIANO,21,LESIONADO,HOMBRE,PEATON,,,,
2024-10-16 13:33:04,-4.020226,-79.207655,Av. Metropolitana,SOLO_DANOS,Accidente Laboral,Distraccion (celular/radio),,,,,,,,,,,,
2024-04-03 11:58:01,-4.026392,-79.183386,Av. Reinaldo Espinosa,SOLO_DANOS,Atropellamiento,Fatiga del conductor,,,,,,,,,,,,
2024-08-01 23:14:52,-3.983839,-79.229322,Calle Saraguro,CON_FALLECIDOS,Colision Multiple,Via resbaladiza o mojada,84,FALLECIDO,NO_REGISTRA,VEH_LIVIANO,84,FALLECIDO,NO_REGISTRA,PEATON,,,,
2024-08-25 22:04:10,-3.986860,-79.183716,Calle Rocafuerte,SOLO_DANOS,Incendio,Imprudencia del conductor,,,,,,,,,,,,
2024-11-08 19:18:08,-4.002392,-79.220904,Av. Rosa Hermosa,CON_FALLECIDOS,Volcamiento,Distraccion (celular/radio),62,FALLECIDO,HOMBRE,VEH_LIVIANO,,,,,,,,
2024-02-03 01:19:00,-4.020598,-79.196566,Calle 10 de Agosto,CON_FALLECIDOS,Atropellamiento,Falla mecanica,43,FALLECIDO,NO_REGISTRA,CICLISTA,42,FALLECIDO,MUJER,MOTOCICLETA,6,LESIONADO,NO_REGISTRA,CICLISTA
2024-08-11 15:07:57,-4.003158,-79.177045,Calle Miguel Riofrio,CON_FALLECIDOS,Volcamiento,Exceso de velocidad,29,FALLECIDO,HOMBRE,MOTOCICLETA,,,,,,,,
2024-01-11 16:04:34,-4.025621,-79.194643,Av. Reinaldo Espinosa,SOLO_DANOS,Volcamiento,Estado de embriaguez,,,,,,,,,,,,
2024-08-18 07:14:15,-4.000864,-79.187451,Calle Quito,CON_FALLECIDOS,Caida,Distraccion (celular/radio),46,FALLECIDO,HOMBRE,VEH_LIVIANO,11,LESIONADO,HOMBRE,VEH_LIVIANO,,,,
2024-10-16 17:55:19,-3.979006,-79.219270,Calle Sucre,CON_LESIONADOS,Caida,Distraccion (celular/radio),65,LESIONADO,MUJER,CICLISTA,,,,,,,,
2024-11-26 19:23:03,-4.026374,-79.194010,Calle Ramon Borrero,CON_FALLECIDOS,Incendio,Falla mecanica,52,FALLECIDO,NO_REGISTRA,SCOOTER,48,LESIONADO,HOMBRE,MOTOCICLETA,48,LESIONADO,NO_REGISTRA,OTRO
2024-09-04 00:49:45,-4.026119,-79.228324,Av. Manuel Agustin Aguirre,CON_FALLECIDOS,Incendio,Equipo de seguridad deficiente,29,FALLECIDO,HOMBRE,VEH_LIVIANO,58,FALLECIDO,MUJER,SCOOTER,41,LESIONADO,NO_REGISTRA,VEH_LIVIANO
2024-01-13 13:54:46,-4.005691,-79.213679,Av. Isidro Ayora,CON_FALLECIDOS,Accidente Laboral,Mal estado de la via,59,FALLECIDO,HOMBRE,OTRO,30,FALLECIDO,HOMBRE,OTRO,,,,
2024-05-02 14:05:04,-3.993194,-79.217278,Calle Montufar,SOLO_DANOS,Atropellamiento,Falla mecanica,,,,,,,,,,,,
2024-03-25 00:04:08,-3.977987,-79.213067,Av. Isidro Ayora,CON_FALLECIDOS,Caida,Via resbaladiza o mojada,67,FALLECIDO,NO_REGISTRA,VEH_LIVIANO,47,FALLECIDO,NO_REGISTRA,CICLISTA,50,LESIONADO,HOMBRE,CICLISTA
2024-04-07 09:26:16,-3.984308,-79.224146,Av. 8 de Diciembre,CON_LESIONADOS,Accidente Laboral,Visibilidad reducida,42,LESIONADO,NO_REGISTRA,MOTOCICLETA,25,LESIONADO,NO_REGISTRA,PEATON,6,LESIONADO,MUJER,VEH_LIVIANO
2024-10-02 01:18:09,-3.992653,-79.203574,Calle Bolivar,SOLO_DANOS,Colision Multiple,Mal estado de la via,,,,,,,,,,,,
2024-04-14 15:41:03,-4.035637,-79.210818,Via Loja - Catamayo,CON_FALLECIDOS,Atropellamiento,Equipo de seguridad deficiente,52,FALLECIDO,HOMBRE,SCOOTER,,,,,,,,
2024-07-31 14:18:50,-4.032205,-79.219421,Via Loja - Zamora,SOLO_DANOS,Incendio,Exceso de velocidad,58,LESIONADO,NO_REGISTRA,PEATON,,,,,,,,
2024-05-22 08:33:07,-3.998598,-79.193544,Calle Ramon Borrero,CON_FALLECIDOS,Caida,Exceso de velocidad,61,FALLECIDO,MUJER,PEATON,52,FALLECIDO,NO_REGISTRA,MOTOCICLETA,48,LESIONADO,NO_REGISTRA,CICLISTA
2024-12-05 16:59:34,-3.979072,-79.212659,Calle Miguel Riofrio,CON_FALLECIDOS,Accidente Laboral,Fatiga del conductor,40,FALLECIDO,MUJER,VEH_LIVIANO,61,LESIONADO,NO_REGISTRA,OTRO,21,LESIONADO,NO_REGISTRA,CICLISTA
2024-08-08 12:53:47,-4.033706,-79.226455,Av. Reinaldo Espinosa,SOLO_DANOS,Colision Multiple,Estado de embriaguez,,,,,,,,,,,,
2024-08-13 23:47:22,-3.998558,-79.179974,Calle Bolivar,CON_LESIONADOS,Accidente Laboral,Fatiga del conductor,73,LESIONADO,HOMBRE,OTRO,77,LESIONADO,NO_REGISTRA,OTRO,,,,
2024-09-13 21:56:05,-4.034738,-79.174875,Via Loja - Zamora,SOLO_DANOS,Atropellamiento,Imprudencia del conductor,,,,,,,,,,,,
2024-10-03 08:05:04,-3.980928,-79.212597,Av. Manuel Agustin Aguirre,CON_FALLECIDOS,Choque Vehicular,Falla mecanica,49,FALLECIDO,MUJER,SCOOTER,20,FALLECIDO,NO_REGISTRA,OTRO,68,LESIONADO,NO_REGISTRA,MOTOCICLETA
2024-11-24 18:13:37,-4.005061,-79.200339,Av. Cuxibamba,SOLO_DANOS,Colision Multiple,Via resbaladiza o mojada,,,,,,,,,,,,
2024-03-04 13:11:58,-3.982723,-79.180023,Av. Rosa Hermosa,CON_FALLECIDOS,Colision Multiple,Estado de embriaguez,71,FALLECIDO,HOMBRE,PEATON,39,LESIONADO,NO_REGISTRA,CICLISTA,28,LESIONADO,NO_REGISTRA,SCOOTER
2024-01-10 00:53:02,-4.027030,-79.203695,Av. Cuxibamba,CON_FALLECIDOS,Choque Vehicular,Factores externos,42,FALLECIDO,HOMBRE,MOTOCICLETA,15,LESIONADO,MUJER,MOTOCICLETA,,,,
2024-11-09 01:28:16,-4.009476,-79.176832,Av. Reinaldo Espinosa,CON_FALLECIDOS,Accidente Laboral,Mal estado de la via,43,FALLECIDO,HOMBRE,OTRO,,,,,,,,
2024-11-02 02:28:24,-4.006063,-79.201037,Calle 10 de Agosto,CON_LESIONADOS,Colision Multiple,Falla mecanica,40,LESIONADO,NO_REGISTRA,OTRO,8,LESIONADO,HOMBRE,OTRO,,,,
2024-01-16 06:54:09,-4.007214,-79.183035,Calle 10 de Agosto,SOLO_DANOS,Choque Vehicular,Inobservancia de senales,,,,,,,,,,,,
2024-06-30 06:04:04,-4.026070,-79.204371,Calle Mercadillo,SOLO_DANOS,Colision Multiple,Falla mecanica,7,LESIONADO,HOMBRE,MOTOCICLETA,,,,,,,,
2024-09-12 19:07:27,-3.983135,-79.203711,Ruta 35,CON_LESIONADOS,Choque Vehicular,Falla mecanica,50,LESIONADO,NO_REGISTRA,VEH_LIVIANO,51,LESIONADO,HOMBRE,VEH_LIVIANO,,,,
2024-03-14 02:20:13,-3.987186,-79.224258,Calle 18 de Noviembre,SOLO_DANOS,Atropellamiento,Falla mecanica,,,,,,,,,,,,
2024-08-23 08:45:21,-4.017555,-79.185365,Calle Ramon Borrero,CON_LESIONADOS,Accidente Laboral,Estado de embriaguez,49,LESIONADO,MUJER,CICLISTA,67,LESIONADO,HOMBRE,MOTOCICLETA,61,LESIONADO,MUJER,VEH_LIVIANO
2024-03-29 04:08:37,-4.027335,-79.197105,Av. Metropolitana,CON_LESIONADOS,Atropellamiento,Via resbaladiza o mojada,13,LESIONADO,NO_REGISTRA,MOTOCICLETA,50,LESIONADO,NO_REGISTRA,PEATON,46,LESIONADO,MUJER,MOTOCICLETA
2024-01-08 04:25:04,-4.012562,-79.187798,Av. Orillas del Zamora,CON_FALLECIDOS,Incendio,Factores externos,74,FALLECIDO,NO_REGISTRA,MOTOCICLETA,66,FALLECIDO,MUJER,VEH_LIVIANO,45,LESIONADO,NO_REGISTRA,VEH_LIVIANO
2024-02-05 15:36:14,-4.019597,-79.186864,Via Loja - Zamora,SOLO_DANOS,Volcamiento,Fatiga del conductor,,,,,,,,,,,,