fecha_hora,latitud,longitud,via,grado_severidad,tipo_siniestro,causa_probable,victima1_edad,victima1_condicion,victima1_sexo,victima1_actor_vial,victima2_edad,victima2_condicion,victima2_sexo,victima2_actor_vial,victima3_edad,victima3_condicion,victima3_sexo,victima3_actor_vial
2024-06-04 20:26:18,-3.999694,-79.227734,Calle Rocafuerte,SOLO_DANOS,Incendio,Mal estado de la via,,,,,,,,,,,,
2024-02-29 05:58:26,-3.978757,-79.227890,Av. Reinaldo Espinosa,CON_LESIONADOS,Choque Vehicular,Inobservancia de senales,21,LESIONADO,MUJER,VEH_LIVIANO,,,,,,,,
2024-05-18 01:36:01,-3.989290,-79.217656,Ruta 35,CON_LESIONADOS,Caida,Factores externos,6,LESIONADO,HOMBRE,VEH_LIVIANO,,,,,,,,
2024-02-24 23:03:17,-4.016906,-79.226220,Calle Rocafuerte,CON_LESIONADOS,Incendio,Imprudencia del conductor,58,LESIONADO,HOMBRE,SCOOTER,74,LESIONADO,MUJER,VEH_LIVIANO,,,,
2024-11-16 19:47:04,-3.980938,-79.175795,Av. Universitaria,CON_LESIONADOS,Colision Multiple,Visibilidad reducida,7,LESIONADO,MUJER,MOTOCICLETA,,,,,,,,
2024-07-28 17:37:02,-4.020415,-79.196975,Via Loja - Catamayo,CON_FALLECIDOS,Caida,Imprudencia del conductor,32,FALLECIDO,MUJER,SCOOTER,73,LESIONADO,NO_REGISTRA,OTRO,,,,
2024-02-08 03:46:22,-3.986135,-79.192477,Via Loja - Zamora,SOLO_DANOS,Choque Vehicular,Exceso de velocidad,,,,,,,,,,,,
2024-10-24 07:26:27,-3.978737,-79.200262,Av. Orillas del Zamora,CON_FALLECIDOS,Atropellamiento,Estado de embriaguez,83,FALLECIDO,MUJER,VEH_LIVIANO,36,FALLECIDO,MUJER,MOTOCICLETA,17,LESIONADO,HOMBRE,VEH_LIVIANO
2024-10-26 11:46:50,-4.035480,-79.204396,Av. Gran Colombia,CON_LESIONADOS,Caida,Falla mecanica,13,LESIONADO,MUJER,CICLISTA,73,LESIONADO,HOMBRE,VEH_LIVIANO,,,,
2024-04-14 03:18:53,-4.008655,-79.180934,Calle 10 de Agosto,CON_FALLECIDOS,Colision Multiple,Inobservancia de senales,61,FALLECIDO,HOMBRE,SCOOTER,75,LESIONADO,NO_REGISTRA,CICLISTA,,,,
2024-06-21 15:25:06,-4.003590,-79.217597,Calle Bolivar,CON_FALLECIDOS,Caida,Equipo de seguridad deficiente,18,FALLECIDO,MUJER,PEATON,62,FALLECIDO,HOMBRE,OTRO,61,LESIONADO,MUJER,OTRO
2024-08-22 15:18:38,-4.036309,-79.179597,Via Loja - Catamayo,CON_FALLECIDOS,Caida,Factores externos,64,FALLECIDO,NO_REGISTRA,PEATON,,,,,,,,
2024-03-31 16:28:21,-4.026396,-79.189297,Calle 10 de Agosto,CON_FALLECIDOS,Accidente Laboral,Visibilidad reducida,80,FALLECIDO,HOMBRE,MOTOCICLETA,53,LESIONADO,HOMBRE,PEATON,,,,
2024-06-17 23:47:14,-3.980861,-79.172454,Calle Bolivar,CON_LESIONADOS,Caida,Via resbaladiza o mojada,15,LESIONADO,HOMBRE,CICLISTA,,,,,,,,
2024-04-21 19:45:52,-3.990244,-79.203608,Calle 18 de Noviembre,CON_LESIONADOS,Colision Multiple,Imprudencia del conductor,10,LESIONADO,MUJER,MOTOCICLETA,62,LESIONADO,MUJER,CICLISTA,,,,
2024-08-25 23:15:38,-4.034699,-79.217058,Calle Rocafuerte,CON_LESIONADOS,Caida,Inobservancia de senales,72,LESIONADO,NO_REGISTRA,PEATON,46,LESIONADO,HOMBRE,PEATON,,,,
2024-04-07 05:36:34,-4.021488,-79.203986,Av. Isidro Ayora,CON_LESIONADOS,Accidente Laboral,Distraccion (celular/radio),15,LESIONADO,NO_REGISTRA,MOTOCICLETA,8,LESIONADO,HOMBRE,OTRO,,,,
2024-12-10 21:22:07,-3.994992,-79.172860,Calle Montufar,SOLO_DANOS,Incendio,Distraccion (celular/radio),,,,,,,,,,,,
2024-03-19 04:03:02,-4.006408,-79.212551,Av. Rosa Hermosa,SOLO_DANOS,Volcamiento,Factores externos,,,,,,,,,,,,
2024-09-13 21:27:16,-3.985006,-79.192599,Calle Quito,CON_LESIONADOS,Atropellamiento,Falla mecanica,70,LESIONADO,NO_REGISTRA,CICLISTA,,,,,,,,
2024-05-08 12:41:22,-3.978628,-79.216565,Av. Universitaria,SOLO_DANOS,Caida,Distraccion (celular/radio),,,,,,,,,,,,
2024-02-17 10:57:27,-4.008595,-79.198122,Av. Gran Colombia,SOLO_DANOS,Incendio,Falla mecanica,,,,,,,,,,,,
2024-06-30 20:04:29,-3.986185,-79.182333,Ruta 35,CON_LESIONADOS,Volcamiento,Imprudencia del conductor,7,LESIONADO,MUJER,MOTOCICLETA,44,LESIONADO,NO_REGISTRA,PEATON,66,LESIONADO,MUJER,SCOOTER
2024-11-02 15:56:04,-4.027614,-79.203355,Calle Rocafuerte,SOLO_DANOS,Caida,Via resbaladiza o mojada,,,,,,,,,,,,
2024-06-20 22:23:31,-3.985739,-79.215224,Av. Reinaldo Espinosa,SOLO_DANOS,Choque Vehicular,Estado de embriaguez,,,,,,,,,,,,
2024-04-29 16:09:27,-3.986466,-79.226690,Via Loja - Catamayo,CON_LESIONADOS,Colision Multiple,Inobservancia de senales,53,LESIONADO,MUJER,VEH_LIVIANO,42,LESIONADO,HOMBRE,PEATON,,,,
2024-01-22 10:53:03,-3.978562,-79.192141,Calle Bolivar,CON_FALLECIDOS,Colision Multiple,Inobservancia de senales,82,FALLECIDO,MUJER,OTRO,48,FALLECIDO,NO_REGISTRA,VEH_LIVIANO,74,LESIONADO,HOMBRE,SCOOTER
2024-02-17 00:49:26,-3.977961,-79.177372,Av. Gran Colombia,CON_FALLECIDOS,Incendio,Fatiga del conductor,40,FALLECIDO,MUJER,SCOOTER,31,FALLECIDO,NO_REGISTRA,CICLISTA,57,LESIONADO,NO_REGISTRA,PEATON
2024-04-25 18:13:55,-3.992882,-79.178649,Calle Azogues,CON_LESIONADOS,Choque Vehicular,Mal estado de la via,33,LESIONADO,MUJER,CICLISTA,,,,,,,,
2024-12-19 16:04:55,-4.031981,-79.173377,Av. Universitaria,SOLO_DANOS,Colision Multiple,Exceso de velocidad,,,,,,,,,,,,
2024-09-06 20:02:27,-4.014222,-79.211180,Calle Sucre,CON_LESIONADOS,Caida,Exceso de velocidad,33,LESIONADO,HOMBRE,MOTOCICLETA,65,LESIONADO,MUJER,OTRO,67,LESIONADO,MUJER,CICLISTA
2024-08-15 08:19:32,-4.019010,-79.218908,Calle Montufar,CON_LESIONADOS,Accidente Laboral,Falla mecanica,14,LESIONADO,NO_REGISTRA,CICLISTA,46,LESIONADO,MUJER,SCOOTER,24,LESIONADO,HOMBRE,PEATON
2024-09-04 17:50:44,-4.011077,-79.201620,Calle Quito,CON_FALLECIDOS,Accidente Laboral,Fatiga del conductor,44,FALLECIDO,MUJER,PEATON,64,FALLECIDO,MUJER,VEH_LIVIANO,7,LESIONADO,NO_REGISTRA,OTRO
2024-11-25 12:53:56,-3.999018,-79.215817,Calle Colon,CON_FALLECIDOS,Atropellamiento,Via resbaladiza o mojada,22,FALLECIDO,HOMBRE,SCOOTER,,,,,,,,
2024-01-29 16:34:03,-3.991627,-79.206903,Calle Sucre,CON_LESIONADOS,Volcamiento,Exceso de velocidad,79,LESIONADO,MUJER,CICLISTA,,,,,,,,
2024-09-18 02:51:15,-4.034505,-79.219076,Av. Pio Jaramillo,CON_LESIONADOS,Atropellamiento,Inobservancia de senales,47,LESIONADO,HOMBRE,SCOOTER,44,LESIONADO,NO_REGISTRA,OTRO,65,LESIONADO,NO_REGISTRA,MOTOCICLETA
2024-07-25 09:49:19,-3.997554,-79.225078,Calle Mercadillo,CON_FALLECIDOS,Incendio,Imprudencia del conductor,22,FALLECIDO,NO_REGISTRA,VEH_LIVIANO,24,LESIONADO,NO_REGISTRA,SCOOTER,,,,
2024-06-27 18:46:41,-4.009088,-79.207854,Av. 8 de Diciembre,CON_LESIONADOS,Volcamiento,Equipo de seguridad deficiente,60,LESIONADO,HOMBRE,SCOOTER,,,,,,,,
2024-04-29 09:19:12,-4.026036,-79.172817,Calle Miguel Riofrio,CON_LESIONADOS,Colision Multiple,Inobservancia de senales,51,LESIONADO,MUJER,SCOOTER,33,LESIONADO,MUJER,OTRO,,,,
2024-03-30 02:37:11,-4.019939,-79.198849,Ruta 35,SOLO_DANOS,Choque Vehicular,Equipo de seguridad deficiente,,,,,,,,,,,,
2024-09-24 08:32:13,-4.029529,-79.229814,Calle Rocafuerte,CON_FALLECIDOS,Choque Vehicular,Mal estado de la via,41,FALLECIDO,NO_REGISTRA,CICLISTA,49,FALLECIDO,MUJER,VEH_LIVIANO,24,LESIONADO,HOMBRE,MOTOCICLETA
2024-03-08 02:12:21,-4.022948,-79.185429,Calle Bolivar,CON_FALLECIDOS,Accidente Laboral,Fatiga del conductor,79,FALLECIDO,NO_REGISTRA,OTRO,66,LESIONADO,HOMBRE,SCOOTER,37,LESIONADO,MUJER,OTRO
2024-04-06 19:38:56,-4.022473,-79.227998,Av. 8 de Diciembre,SOLO_DANOS,Colision Multiple,Imprudencia del conductor,,,,,,,,,,,,
2024-05-18 03:55:07,-3.996143,-79.185535,Calle Mercadillo,CON_LESIONADOS,Caida,Factores externos,46,LESIONADO,HOMBRE,VEH_LIVIANO,,,,,,,,
2024-12-04 16:37:17,-3.991043,-79.209293,Calle Ramon Borrero,SOLO_DANOS,Colision Multiple,Distraccion (celular/radio),,,,,,,,,,,,
2024-11-04 00:19:10,-4.012723,-79.204157,Av. Universitaria,CON_LESIONADOS,Colision Multiple,Exceso de velocidad,55,LESIONADO,MUJER,PEATON,71,LESIONADO,HOMBRE,VEH_LIVIANO,20,LESIONADO,HOMBRE,CICLISTA
2024-09-23 11:59:08,-4.006729,-79.221114,Calle Colon,CON_LESIONADOS,Incendio,Falla mecanica,53,LESIONADO,NO_REGISTRA,MOTOCICLETA,51,LESIONADO,HOMBRE,MOTOCICLETA,,,,
2024-06-18 16:43:39,-4.016868,-79.219648,Av. Isidro Ayora,CON_LESIONADOS,Atropellamiento,Fatiga del conductor,77,LESIONADO,MUJER,VEH_LIVIANO,,,,,,,,
2024-03-30 09:13:27,-3.993516,-79.195652,Calle Rocafuerte,CON_LESIONADOS,Volcamiento,Falla mecanica,70,LESIONADO,MUJER,CICLISTA,25,LESIONADO,NO_REGISTRA,MOTOCICLETA,,,,
2024-01-02 12:11:20,-4.026859,-79.187458,Calle Imbabura,CON_LESIONADOS,Colision Multiple,Visibilidad reducida,54,LESIONADO,HOMBRE,CICLISTA,64,LESIONADO,NO_REGISTRA,CICLISTA,,,,
2024-12-27 01:08:09,-3.987849,-79.182975,Calle 18 de Noviembre,SOLO_DANOS,Incendio,Exceso de velocidad,,,,,,,,,,,,
2024-06-24 05:31:33,-3.977531,-79.181258,Calle 10 de Agosto,SOLO_DANOS,Incendio,Equipo de seguridad deficiente,,,,,,,,,,,,
2024-09-16 21:46:00,-4.026098,-79.197916,Av. Cuxibamba,CON_LESIONADOS,Choque Vehicular,Fatiga del conductor,77,LESIONADO,MUJER,OTRO,21,LESIONADO,HOMBRE,MOTOCICLETA,,,,
2024-11-05 06:21:07,-4.006979,-79.227735,Calle Sucre,SOLO_DANOS,Choque Vehicular,Exceso de velocidad,,,,,,,,,,,,
2024-06-11 03:32:37,-3.987466,-79.215142,Calle Mercadillo,CON_LESIONADOS,Choque Vehicular,Falla mecanica,56,LESIONADO,MUJER,SCOOTER,13,LESIONADO,MUJER,OTRO,52,LESIONADO,HOMBRE,PEATON
2024-09-02 19:50:34,-4.009179,-79.211947,Calle Bolivar,SOLO_DANOS,Volcamiento,Fatiga del conductor,,,,,,,,,,,,
2024-07-14 06:08:23,-3.993393,-79.198837,Av. Cuxibamba,CON_FALLECIDOS,Colision Multiple,Estado de embriaguez,78,FALLECIDO,HOMBRE,MOTOCICLETA,31,FALLECIDO,HOMBRE,OTRO,29,LESIONADO,MUJER,CICLISTA
2024-01-13 23:57:30,-3.999628,-79.201916,Av. Metropolitana,CON_FALLECIDOS,Volcamiento,Factores externos,45,FALLECIDO,MUJER,SCOOTER,66,FALLECIDO,HOMBRE,SCOOTER,,,,
2024-07-17 23:34:45,-4.024863,-79.176337,Av. Metropolitana,CON_LESIONADOS,Accidente Laboral,Via resbaladiza o mojada,32,LESIONADO,HOMBRE,VEH_LIVIANO,9,LESIONADO,MUJER,SCOOTER,34,LESIONADO,NO_REGISTRA,MOTOCICLETA
2024-01-29 18:20:48,-4.012207,-79.187808,Calle Colon,SOLO_DANOS,Caida,Estado de embriaguez,,,,,,,,,,,,
2024-07-04 10:48:32,-4.035149,-79.173415,Calle Imbabura,CON_LESIONADOS,Caida,Fatiga del conductor,18,LESIONADO,NO_REGISTRA,PEATON,5,LESIONADO,MUJER,PEATON,58,LESIONADO,HOMBRE,SCOOTER
2024-09-09 00:08:20,-4.015417,-79.176029,Calle Imbabura,CON_LESIONADOS,Caida,Falla mecanica,8,LESIONADO,NO_REGISTRA,OTRO,,,,,,,,
2024-01-01 16:01:13,-4.021134,-79.205992,Av. Reinaldo Espinosa,CON_FALLECIDOS,Volcamiento,Mal estado de la via,33,FALLECIDO,NO_REGISTRA,MOTOCICLETA,33,LESIONADO,NO_REGISTRA,CICLISTA,,,,
2024-12-30 09:58:32,-3.991984,-79.223767,Calle Ramon Borrero,CON_FALLECIDOS,Volcamiento,Exceso de velocidad,39,FALLECIDO,MUJER,OTRO,47,FALLECIDO,NO_REGISTRA,PEATON,,,,
2024-11-29 00:01:56,-4.025981,-79.199343,Av. Orillas del Zamora,SOLO_DANOS,Volcamiento,Distraccion (celular/radio),,,,,,,,,,,,
2024-07-14 23:17:58,-4.034981,-79.216025,Calle 18 de Noviembre,CON_FALLECIDOS,Choque Vehicular,Inobservancia de senales,64,FALLECIDO,NO_REGISTRA,MOTOCICLETA,30,FALLECIDO,MUJER,CICLISTA,25,LESIONADO,MUJER,VEH_LIVIANO
2024-12-15 09:59:56,-3.999419,-79.183831,Av. Reinaldo Espinosa,SOLO_DANOS,Incendio,Imprudencia del conductor,,,,,,,,,,,,
2024-06-13 03:21:49,-4.024408,-79.207456,Av. Orillas del Zamora,SOLO_DANOS,Colision Multiple,Imprudencia del conductor,,,,,,,,,,,,
2024-07-05 05:00:10,-4.009347,-79.229207,Calle Sucre,SOLO_DANOS,Volcamiento,Inobservancia de senales,,,,,,,,,,,,
2024-11-27 21:25:56,-4.001570,-79.229613,Calle 18 de Noviembre,SOLO_DANOS,Atropellamiento,Exceso de velocidad,,,,,,,,,,,,
2024-12-17 16:31:14,-3.987855,-79.197557,Av. Universitaria,CON_LESIONADOS,Volcamiento,Via resbaladiza o mojada,74,LESIONADO,MUJER,SCOOTER,,,,,,,,
2024-07-15 12:22:18,-4.035071,-79.206431,Av. 8 de Diciembre,CON_FALLECIDOS,Colision Multiple,Mal estado de la via,43,FALLECIDO,NO_REGISTRA,CICLISTA,69,FALLECIDO,MUJER,MOTOCICLETA,28,LESIONADO,MUJER,VEH_LIVIANO
2024-12-21 19:08:58,-4.009333,-79.207118,Calle Azogues,CON_FALLECIDOS,Colision Multiple,Equipo de seguridad deficiente,31,FALLECIDO,HOMBRE,OTRO,,,,,,,,
2024-06-19 16:09:56,-3.978950,-79.212702,Calle Mercadillo,CON_FALLECIDOS,Incendio,Equipo de seguridad deficiente,22,FALLECIDO,NO_REGISTRA,SCOOTER,42,FALLECIDO,MUJER,MOTOCICLETA,,,,
2024-07-06 22:40:54,-3.985730,-79.211865,Av. Manuel Agustin Aguirre,CON_LESIONADOS,Caida,Inobservancia de senales,57,LESIONADO,HOMBRE,CICLISTA,,,,,,,,
2024-09-18 02:49:02,-4.025811,-79.177733,Calle Ramon Borrero,SOLO_DANOS,Incendio,Via resbaladiza o mojada,57,LESIONADO,MUJER,PEATON,,,,,,,,
2024-07-07 08:34:08,-4.005421,-79.198077,Av. Isidro Ayora,SOLO_DANOS,Atropellamiento,Inobservancia de senales,,,,,,,,,,,,
2024-03-15 00:39:24,-3.999688,-79.228949,Calle Bolivar,SOLO_DANOS,Colision Multiple,Fatiga del conductor,,,,,,,,,,,,
2024-04-25 09:14:49,-4.008678,-79.223462,Calle Saraguro,CON_LESIONADOS,Accidente Laboral,Mal estado de la via,55,LESIONADO,HOMBRE,CICLISTA,20,LESIONADO,HOMBRE,OTRO,,,,
2024-03-25 15:00:25,-4.021108,-79.216719,Calle Mercadillo,CON_LESIONADOS,Colision Multiple,Mal estado de la via,15,LESIONADO,HOMBRE,SCOOTER,,,,,,,,
2024-02-02 11:08:52,-4.002811,-79.190596,Calle Miguel Riofrio,CON_LESIONADOS,Colision Multiple,Estado de embriaguez,48,LESIONADO,NO_REGISTRA,MOTOCICLETA,,,,,,,,
2024-10-22 01:12:38,-3.994067,-79.207556,Av. Reinaldo Espinosa,CON_LESIONADOS,Incendio,Imprudencia del conductor,34,LESIONADO,MUJER,OTRO,35,LESIONADO,NO_REGISTRA,VEH_LIVIANO,,,,
2024-07-18 16:12:14,-4.036574,-79.175552,Calle Ramon Borrero,SOLO_DANOS,Choque Vehicular,Visibilidad reducida,,,,,,,,,,,,
2024-10-04 23:14:40,-4.012297,-79.181835,Av. 8 de Diciembre,SOLO_DANOS,Volcamiento,Factores externos,,,,,,,,,,,,
2024-06-14 22:46:56,-4.004871,-79.202506,Av. Universitaria,CON_LESIONADOS,Volcamiento,Falla mecanica,19,LESIONADO,HOMBRE,CICLISTA,27,LESIONADO,MUJER,MOTOCICLETA,44,LESIONADO,HOMBRE,MOTOCICLETA
2024-06-29 04:39:30,-4.018335,-79.197801,Calle Mercadillo,SOLO_DANOS,Colision Multiple,Distraccion (celular/radio),,,,,,,,,,,,
2024-10-19 04:10:01,-3.993414,-79.198106,Via Loja - Catamayo,CON_LESIONADOS,Caida,Equipo de seguridad deficiente,26,LESIONADO,HOMBRE,CICLISTA,53,LESIONADO,MUJER,SCOOTER,,,,
2024-01-14 04:47:43,-4.028206,-79.218831,Av. Universitaria,CON_LESIONADOS,Volcamiento,Estado de embriaguez,21,LESIONADO,MUJER,VEH_LIVIANO,57,LESIONADO,HOMBRE,VEH_LIVIANO,21,LESIONADO,MUJER,MOTOCICLETA
2024-01-14 19:37:26,-3.997456,-79.185314,Calle Sucre,CON_LESIONADOS,Volcamiento,Fatiga del conductor,39,LESIONADO,HOMBRE,OTRO,63,LESIONADO,HOMBRE,PEATON,,,,
2024-05-27 19:48:23,-4.000117,-79.171426,Calle 18 de Noviembre,CON_LESIONADOS,Volcamiento,Equipo de seguridad deficiente,41,LESIONADO,MUJER,OTRO,,,,,,,,
2024-08-26 18:46:04,-4.019263,-79.206957,Av. Pio Jaramillo,CON_LESIONADOS,Accidente Laboral,Visibilidad reducida,64,LESIONADO,NO_REGISTRA,PEATON,23,LESIONADO,MUJER,VEH_LIVIANO,31,LESIONADO,HOMBRE,CICLISTA
2024-06-30 02:12:16,-4.027835,-79.186887,Ruta 35,CON_FALLECIDOS,Accidente Laboral,Equipo de seguridad deficiente,27,FALLECIDO,HOMBRE,MOTOCICLETA,48,LESIONADO,NO_REGISTRA,VEH_LIVIANO,40,LESIONADO,NO_REGISTRA,MOTOCICLETA
2024-04-26 21:40:37,-4.029584,-79.174654,Av. Orillas del Zamora,CON_LESIONADOS,Incendio,Exceso de velocidad,51,LESIONADO,NO_REGISTRA,PEATON,43,LESIONADO,HOMBRE,MOTOCICLETA,,,,
2024-01-08 12:50:20,-3.978399,-79.181545,Calle Miguel Riofrio,CON_LESIONADOS,Choque Vehicular,Exceso de velocidad,50,LESIONADO,NO_REGISTRA,PEATON,23,LESIONADO,NO_REGISTRA,MOTOCICLETA,75,LESIONADO,HOMBRE,PEATON
2024-07-31 11:24:06,-3.996206,-79.211613,Av. Gran Colombia,CON_LESIONADOS,Atropellamiento,Inobservancia de senales,42,LESIONADO,NO_REGISTRA,CICLISTA,17,LESIONADO,HOMBRE,OTRO,,,,
2024-07-17 00:27:40,-4.013437,-79.185782,Via Loja - Catamayo,CON_LESIONADOS,Incendio,Inobservancia de senales,48,LESIONADO,MUJER,PEATON,,,,,,,,
2024-03-06 16:58:09,-3.985884,-79.189564,Calle Colon,SOLO_DANOS,Caida,Distraccion (celular/radio),,,,,,,,,,,,
2024-04-30 10:14:17,-4.000903,-79.227884,Av. Gran Colombia,CON_LESIONADOS,Volcamiento,Exceso de velocidad,18,LESIONADO,NO_REGISTRA,OTRO,48,LESIONADO,HOMBRE,MOTOCICLETA,,,,
2024-07-15 22:38:18,-4.022248,-79.178014,Calle Colon,SOLO_DANOS,Colision Multiple,Via resbaladiza o mojada,11,LESIONADO,MUJER,OTRO,,,,,,,,
2024-09-24 12:36:03,-4.025508,-79.186936,Calle Quito,CON_LESIONADOS,Atropellamiento,Via resbaladiza o mojada,28,LESIONADO,MUJER,SCOOTER,,,,,,,,
2024-12-20 14:29:55,-4.012181,-79.175904,Calle Rocafuerte,CON_FALLECIDOS,Accidente Laboral,Estado de embriaguez,43,FALLECIDO,HOMBRE,PEATON,42,FALLECIDO,HOMBRE,PEATON,62,LESIONADO,MUJER,VEH_LIVIANO
2024-08-10 10:39:54,-3.981644,-79.182254,Calle Mercadillo,CON_LESIONADOS,Caida,Via resbaladiza o mojada,61,LESIONADO,NO_REGISTRA,OTRO,16,LESIONADO,NO_REGISTRA,VEH_LIVIANO,39,LESIONADO,HOMBRE,MOTOCICLETA
2024-04-21 01:39:55,-3.998011,-79.181723,Calle Azogues,SOLO_DANOS,Atropellamiento,Falla mecanica,,,,,,,,,,,,
2024-06-28 11:30:15,-4.022891,-79.173488,Calle Colon,SOLO_DANOS,Accidente Laboral,Imprudencia del conductor,,,,,,,,,,,,
2024-05-24 06:15:56,-4.029265,-79.182982,Av. Gran Colombia,CON_LESIONADOS,Atropellamiento,Equipo de seguridad deficiente,8,LESIONADO,NO_REGISTRA,OTRO,40,LESIONADO,HOMBRE,VEH_LIVIANO,33,LESIONADO,MUJER,VEH_LIVIANO
2024-08-16 11:24:24,-3.982065,-79.219532,Calle Miguel Riofrio,SOLO_DANOS,Incendio,Equipo de seguridad deficiente,,,,,,,,,,,,
2024-04-02 21:01:07,-4.012106,-79.219710,Calle Colon,CON_LESIONADOS,Incendio,Estado de embriaguez,46,LESIONADO,MUJER,MOTOCICLETA,35,LESIONADO,MUJER,OTRO,,,,
2024-07-26 02:36:01,-3.990485,-79.219140,Calle Ramon Borrero,CON_LESIONADOS,Choque Vehicular,Falla mecanica,65,LESIONADO,MUJER,MOTOCICLETA,73,LESIONADO,HOMBRE,CICLISTA,14,LESIONADO,MUJER,VEH_LIVIANO
2024-06-17 19:20:53,-4.034846,-79.215378,Via Loja - Zamora,CON_LESIONADOS,Colision Multiple,Inobservancia de senales,46,LESIONADO,MUJER,CICLISTA,,,,,,,,
2024-10-21 19:53:33,-3.982760,-79.188472,Calle Mercadillo,CON_LESIONADOS,Choque Vehicular,Via resbaladiza o mojada,47,LESIONADO,MUJER,MOTOCICLETA,10,LESIONADO,MUJER,OTRO,,,,
2024-03-14 07:46:38,-4.024696,-79.183835,Av. 8 de Diciembre,CON_FALLECIDOS,Accidente Laboral,Factores externos,82,FALLECIDO,HOMBRE,SCOOTER,,,,,,,,
2024-06-23 00:47:03,-4.017283,-79.197193,Av. Isidro Ayora,CON_LESIONADOS,Accidente Laboral,Visibilidad reducida,22,LESIONADO,NO_REGISTRA,CICLISTA,,,,,,,,
2024-10-09 00:07:33,-3.988714,-79.198085,Av. 8 de Diciembre,CON_LESIONADOS,Caida,Distraccion (celular/radio),35,LESIONADO,MUJER,VEH_LIVIANO,7,LESIONADO,HOMBRE,MOTOCICLETA,,,,
2024-02-10 11:21:15,-4.017783,-79.224163,Via Loja - Catamayo,CON_FALLECIDOS,Choque Vehicular,Visibilidad reducida,47,FALLECIDO,NO_REGISTRA,SCOOTER,44,FALLECIDO,MUJER,VEH_LIVIANO,67,LESIONADO,NO_REGISTRA,OTRO
2024-04-11 15:09:39,-3.998284,-79.174325,Calle Mercadillo,CON_LESIONADOS,Choque Vehicular,Imprudencia del conductor,10,LESIONADO,NO_REGISTRA,VEH_LIVIANO,8,LESIONADO,HOMBRE,CICLISTA,,,,
2024-11-21 22:40:56,-4.020154,-79.204994,Ruta 35,CON_LESIONADOS,Caida,Falla mecanica,67,LESIONADO,MUJER,SCOOTER,,,,,,,,
2024-11-25 14:30:39,-3.988120,-79.227816,Calle Sucre,CON_FALLECIDOS,Accidente Laboral,Equipo de seguridad deficiente,59,FALLECIDO,MUJER,PEATON,9,LESIONADO,HOMBRE,CICLISTA,,,,
2024-01-24 22:50:30,-3.983770,-79.191999,Av. Isidro Ayora,CON_LESIONADOS,Incendio,Inobservancia de senales,31,LESIONADO,MUJER,PEATON,74,LESIONADO,MUJER,SCOOTER,72,LESIONADO,MUJER,OTRO
2024-01-02 04:29:53,-3.999031,-79.197013,Calle Bolivar,CON_LESIONADOS,Caida,Distraccion (celular/radio),28,LESIONADO,NO_REGISTRA,VEH_LIVIANO,,,,,,,,
2024-11-06 06:07:28,-4.004008,-79.224899,Av. Isidro Ayora,SOLO_DANOS,Choque Vehicular,Falla mecanica,,,,,,,,,,,,
2024-05-15 11:40:11,-3.999206,-79.190652,Av. Reinaldo Espinosa,CON_FALLECIDOS,Atropellamiento,Fatiga del conductor,74,FALLECIDO,MUJER,SCOOTER,25,FALLECIDO,MUJER,MOTOCICLETA,23,LESIONADO,NO_REGISTRA,PEATON
2024-12-10 03:05:39,-4.015434,-79.218050,Av. Pio Jaramillo,CON_LESIONADOS,Caida,Imprudencia del conductor,36,LESIONADO,MUJER,CICLISTA,9,LESIONADO,NO_REGISTRA,SCOOTER,,,,
2024-07-28 00:55:08,-4.010443,-79.190047,Av. Cuxibamba,CON_FALLECIDOS,Choque Vehicular,Factores externos,18,FALLECIDO,MUJER,OTRO,49,FALLECIDO,MUJER,OTRO,20,LESIONADO,MUJER,SCOOTER
2024-08-27 10:26:00,-4.008787,-79.205481,Calle Rocafuerte,CON_FALLECIDOS,Atropellamiento,Factores externos,77,FALLECIDO,NO_REGISTRA,VEH_LIVIANO,61,LESIONADO,NO_REGISTRA,CICLISTA,55,LESIONADO,NO_REGISTRA,CICLISTA
2024-05-12 03:29:37,-4.024601,-79.189361,Av. Universitaria,SOLO_DANOS,Volcamiento,Equipo de seguridad deficiente,,,,,,,,,,,,
2024-06-08 01:53:16,-4.021253,-79.193824,Av. Pio Jaramillo,CON_FALLECIDOS,Atropellamiento,Inobservancia de senales,39,FALLECIDO,NO_REGISTRA,PEATON,,,,,,,,
2024-02-06 22:21:31,-4.015218,-79.199418,Calle Rocafuerte,CON_FALLECIDOS,Volcamiento,Distraccion (celular/radio),31,FALLECIDO,HOMBRE,SCOOTER,59,FALLECIDO,NO_REGISTRA,VEH_LIVIANO,,,,
2024-11-21 02:01:12,-3.995560,-79.189659,Calle Mercadillo,CON_LESIONADOS,Incendio,Distraccion (celular/radio),45,LESIONADO,NO_REGISTRA,VEH_LIVIANO,14,LESIONADO,HOMBRE,SCOOTER,79,LESIONADO,HOMBRE,MOTOCICLETA
2024-12-01 17:59:30,-3.998381,-79.211917,Av. Orillas del Zamora,CON_LESIONADOS,Caida,Imprudencia del conductor,51,LESIONADO,NO_REGISTRA,OTRO,,,,,,,,
2024-05-05 23:38:51,-4.008978,-79.208984,Calle Imbabura,CON_FALLECIDOS,Atropellamiento,Exceso de velocidad,64,FALLECIDO,HOMBRE,SCOOTER,26,LESIONADO,MUJER,MOTOCICLETA,,,,