fecha_hora,latitud,longitud,via,grado_severidad,tipo_siniestro,causa_probable,victima1_edad,victima1_condicion,victima1_sexo,victima1_actor_vial,victima2_edad,victima2_condicion,victima2_sexo,victima2_actor_vial,victima3_edad,victima3_condicion,victima3_sexo,victima3_actor_vial
2024-12-01 15:05:09,-4.019851,-79.188818,Calle Imbabura,SOLO_DANOS,Incendio,Inobservancia de senales,25,LESIONADO,NO_REGISTRA,OTRO,,,,,,,,
2024-03-14 20:39:21,-3.989104,-79.217315,Av. Manuel Agustin Aguirre,CON_FALLECIDOS,Colision Multiple,Fatiga del conductor,38,FALLECIDO,MUJER,SCOOTER,76,FALLECIDO,HOMBRE,VEH_LIVIANO,65,LESIONADO,HOMBRE,SCOOTER
2024-06-05 11:41:35,-3.979909,-79.188197,Calle Saraguro,CON_LESIONADOS,Accidente Laboral,Via resbaladiza o mojada,24,LESIONADO,HOMBRE,PEATON,16,LESIONADO,MUJER,SCOOTER,,,,
2024-01-01 05:15:56,-3.985106,-79.177636,Av. Reinaldo Espinosa,SOLO_DANOS,Colision Multiple,Visibilidad reducida,,,,,,,,,,,,
2024-08-14 13:07:45,-3.996910,-79.182678,Via Loja - Zamora,CON_FALLECIDOS,Atropellamiento,Estado de embriaguez,21,FALLECIDO,HOMBRE,CICLISTA,66,FALLECIDO,NO_REGISTRA,CICLISTA,26,LESIONADO,NO_REGISTRA,SCOOTER
2024-08-19 11:37:14,-3.995583,-79.227844,Av. Rosa Hermosa,CON_FALLECIDOS,Volcamiento,Distraccion (celular/radio),74,FALLECIDO,NO_REGISTRA,MOTOCICLETA,24,LESIONADO,MUJER,OTRO,40,LESIONADO,NO_REGISTRA,MOTOCICLETA
2024-07-01 19:33:14,-4.000354,-79.200895,Calle Azogues,CON_LESIONADOS,Accidente Laboral,Exceso de velocidad,13,LESIONADO,HOMBRE,PEATON,33,LESIONADO,MUJER,SCOOTER,27,LESIONADO,HOMBRE,MOTOCICLETA
2024-05-22 00:29:42,-4.003752,-79.190193,Av. Orillas del Zamora,CON_FALLECIDOS,Atropellamiento,Estado de embriaguez,83,FALLECIDO,HOMBRE,VEH_LIVIANO,75,FALLECIDO,HOMBRE,VEH_LIVIANO,76,LESIONADO,NO_REGISTRA,VEH_LIVIANO
2024-09-14 11:35:55,-3.985816,-79.212167,Calle 10 de Agosto,CON_LESIONADOS,Choque Vehicular,Distraccion (celular/radio),23,LESIONADO,HOMBRE,VEH_LIVIANO,,,,,,,,
2024-01-27 08:50:39,-3.982150,-79.175238,Av. Cuxibamba,CON_LESIONADOS,Colision Multiple,Mal estado de la via,65,LESIONADO,HOMBRE,CICLISTA,15,LESIONADO,NO_REGISTRA,VEH_LIVIANO,,,,
2024-04-02 11:11:38,-3.981182,-79.177348,Calle Colon,SOLO_DANOS,Choque Vehicular,Via resbaladiza o mojada,,,,,,,,,,,,
2024-12-23 10:39:26,-4.026798,-79.230052,Calle Azogues,CON_FALLECIDOS,Volcamiento,Visibilidad reducida,24,FALLECIDO,HOMBRE,MOTOCICLETA,77,FALLECIDO,NO_REGISTRA,VEH_LIVIANO,74,LESIONADO,HOMBRE,OTRO
2025-02-17 05:39:23,-3.980412,-79.202164,Av. Metropolitana,CON_LESIONADOS,Atropellamiento,Fatiga del conductor,9,LESIONADO,HOMBRE,OTRO,33,LESIONADO,MUJER,SCOOTER,5,LESIONADO,MUJER,OTRO
2025-05-16 08:53:58,-3.989397,-79.197567,Av. Metropolitana,CON_FALLECIDOS,Accidente Laboral,Exceso de velocidad,66,FALLECIDO,HOMBRE,OTRO,19,LESIONADO,MUJER,VEH_LIVIANO,,,,
2025-11-10 12:07:22,-3.985184,-79.215702,Av. Isidro Ayora,CON_FALLECIDOS,Incendio,Inobservancia de senales,72,FALLECIDO,HOMBRE,SCOOTER,37,FALLECIDO,HOMBRE,VEH_LIVIANO,27,LESIONADO,HOMBRE,OTRO
2025-03-05 06:16:21,-3.998417,-79.194790,Calle Bolivar,CON_LESIONADOS,Atropellamiento,Via resbaladiza o mojada,26,LESIONADO,NO_REGISTRA,PEATON,57,LESIONADO,NO_REGISTRA,VEH_LIVIANO,35,LESIONADO,HOMBRE,SCOOTER
2025-07-14 21:19:47,-3.992017,-79.214236,Via Loja - Zamora,CON_FALLECIDOS,Choque Vehicular,Imprudencia del conductor,82,FALLECIDO,MUJER,OTRO,53,FALLECIDO,MUJER,MOTOCICLETA,17,LESIONADO,HOMBRE,SCOOTER
2025-03-27 04:32:26,-4.018393,-79.195274,Calle 10 de Agosto,CON_LESIONADOS,Colision Multiple,Via resbaladiza o mojada,53,LESIONADO,MUJER,OTRO,,,,,,,,
2025-05-24 08:24:05,-4.027189,-79.228622,Calle Quito,CON_LESIONADOS,Colision Multiple,Fatiga del conductor,26,LESIONADO,MUJER,SCOOTER,18,LESIONADO,HOMBRE,CICLISTA,,,,
2025-01-16 11:23:58,-4.033914,-79.215617,Av. Gran Colombia,CON_LESIONADOS,Accidente Laboral,Estado de embriaguez,73,LESIONADO,HOMBRE,OTRO,52,LESIONADO,MUJER,MOTOCICLETA,57,LESIONADO,HOMBRE,SCOOTER
2025-07-30 20:28:13,-4.012188,-79.193884,Av. Manuel Agustin Aguirre,SOLO_DANOS,Caida,Distraccion (celular/radio),,,,,,,,,,,,
2025-09-01 00:31:21,-3.993359,-79.220867,Av. Rosa Hermosa,SOLO_DANOS,Accidente Laboral,Estado de embriaguez,,,,,,,,,,,,
2025-03-09 00:47:15,-4.036321,-79.191013,Av. Manuel Agustin Aguirre,SOLO_DANOS,Volcamiento,Visibilidad reducida,,,,,,,,,,,,
2025-11-03 01:09:02,-3.995092,-79.174278,Calle Saraguro,CON_FALLECIDOS,Incendio,Estado de embriaguez,34,FALLECIDO,HOMBRE,PEATON,,,,,,,,
2025-05-02 07:09:22,-4.022931,-79.203732,Calle Mercadillo,SOLO_DANOS,Atropellamiento,Falla mecanica,,,,,,,,,,,,
2025-07-07 17:59:09,-4.003888,-79.192033,Av. Orillas del Zamora,CON_LESIONADOS,Choque Vehicular,Distraccion (celular/radio),47,LESIONADO,NO_REGISTRA,SCOOTER,32,LESIONADO,HOMBRE,SCOOTER,54,LESIONADO,HOMBRE,SCOOTER
2025-09-13 19:06:57,-4.012029,-79.193724,Calle 18 de Noviembre,CON_FALLECIDOS,Caida,Fatiga del conductor,57,FALLECIDO,MUJER,PEATON,,,,,,,,
2025-07-25 00:51:58,-4.009864,-79.226855,Av. Reinaldo Espinosa,CON_LESIONADOS,Choque Vehicular,Visibilidad reducida,41,LESIONADO,NO_REGISTRA,OTRO,47,LESIONADO,MUJER,VEH_LIVIANO,,,,
2025-07-23 01:50:05,-4.023735,-79.223898,Calle Montufar,CON_FALLECIDOS,Caida,Mal estado de la via,82,FALLECIDO,HOMBRE,MOTOCICLETA,32,LESIONADO,NO_REGISTRA,MOTOCICLETA,,,,
2025-03-23 12:09:25,-3.978739,-79.205613,Calle Saraguro,CON_LESIONADOS,Accidente Laboral,Estado de embriaguez,38,LESIONADO,NO_REGISTRA,VEH_LIVIANO,45,LESIONADO,HOMBRE,MOTOCICLETA,,,,
2025-06-16 20:44:52,-4.031675,-79.215366,Av. Universitaria,SOLO_DANOS,Colision Multiple,Equipo de seguridad deficiente,,,,,,,,,,,,
2025-11-14 16:19:51,-4.000853,-79.202053,Calle Quito,CON_LESIONADOS,Choque Vehicular,Equipo de seguridad deficiente,61,LESIONADO,MUJER,SCOOTER,,,,,,,,
2025-06-21 22:49:46,-4.029450,-79.219503,Calle Imbabura,CON_LESIONADOS,Volcamiento,Factores externos,21,LESIONADO,HOMBRE,VEH_LIVIANO,35,LESIONADO,MUJER,CICLISTA,40,LESIONADO,MUJER,SCOOTER
2025-08-17 01:10:20,-4.006323,-79.182649,Calle Azogues,CON_FALLECIDOS,Choque Vehicular,Mal estado de la via,78,FALLECIDO,MUJER,CICLISTA,22,FALLECIDO,HOMBRE,PEATON,,,,
2025-02-09 02:28:33,-4.008968,-79.230966,Calle Colon,SOLO_DANOS,Caida,Equipo de seguridad deficiente,,,,,,,,,,,,
2025-06-20 17:08:35,-3.978755,-79.222290,Via Loja - Zamora,CON_LESIONADOS,Incendio,Distraccion (celular/radio),36,LESIONADO,NO_REGISTRA,VEH_LIVIANO,54,LESIONADO,MUJER,PEATON,,,,
2025-10-25 22:12:28,-4.023432,-79.199432,Av. Rosa Hermosa,CON_FALLECIDOS,Accidente Laboral,Via resbaladiza o mojada,20,FALLECIDO,NO_REGISTRA,PEATON,41,FALLECIDO,MUJER,PEATON,47,LESIONADO,HOMBRE,PEATON
2025-02-18 10:38:39,-4.013159,-79.214386,Calle 18 de Noviembre,CON_FALLECIDOS,Colision Multiple,Distraccion (celular/radio),21,FALLECIDO,HOMBRE,MOTOCICLETA,,,,,,,,
2025-08-23 01:20:06,-3.978677,-79.194189,Av. Gran Colombia,CON_LESIONADOS,Choque Vehicular,Estado de embriaguez,33,LESIONADO,HOMBRE,PEATON,,,,,,,,
2025-02-18 02:13:32,-4.001421,-79.185243,Calle Miguel Riofrio,CON_FALLECIDOS,Volcamiento,Factores externos,84,FALLECIDO,MUJER,MOTOCICLETA,58,FALLECIDO,MUJER,OTRO,6,LESIONADO,NO_REGISTRA,CICLISTA
2025-09-24 14:40:55,-3.983218,-79.186387,Av. 8 de Diciembre,SOLO_DANOS,Atropellamiento,Distraccion (celular/radio),,,,,,,,,,,,
2025-09-09 03:17:45,-4.033337,-79.220239,Av. Pio Jaramillo,CON_LESIONADOS,Atropellamiento,Visibilidad reducida,29,LESIONADO,HOMBRE,MOTOCICLETA,79,LESIONADO,HOMBRE,OTRO,,,,
2025-07-27 07:26:13,-3.980152,-79.201517,Ruta 35,SOLO_DANOS,Colision Multiple,Equipo de seguridad deficiente,,,,,,,,,,,,
2025-08-03 05:07:56,-3.990041,-79.217203,Calle Saraguro,CON_LESIONADOS,Volcamiento,Estado de embriaguez,14,LESIONADO,MUJER,OTRO,27,LESIONADO,MUJER,PEATON,,,,
2025-12-27 22:44:52,-3.991351,-79.198174,Calle Azogues,CON_FALLECIDOS,Colision Multiple,Distraccion (celular/radio),29,FALLECIDO,NO_REGISTRA,SCOOTER,52,FALLECIDO,MUJER,PEATON,48,LESIONADO,NO_REGISTRA,MOTOCICLETA
2025-11-29 18:49:25,-4.029257,-79.225903,Calle Mercadillo,CON_LESIONADOS,Accidente Laboral,Factores externos,18,LESIONADO,HOMBRE,SCOOTER,,,,,,,,
2025-12-03 22:57:11,-3.992490,-79.228430,Av. Isidro Ayora,CON_FALLECIDOS,Incendio,Factores externos,50,FALLECIDO,HOMBRE,VEH_LIVIANO,22,FALLECIDO,MUJER,PEATON,,,,
2025-11-16 03:28:22,-4.013779,-79.186842,Av. Cuxibamba,CON_FALLECIDOS,Volcamiento,Equipo de seguridad deficiente,82,FALLECIDO,NO_REGISTRA,PEATON,71,FALLECIDO,MUJER,MOTOCICLETA,50,LESIONADO,NO_REGISTRA,MOTOCICLETA
2025-06-21 22:35:48,-3.977817,-79.176902,Calle 18 de Noviembre,SOLO_DANOS,Accidente Laboral,Via resbaladiza o mojada,,,,,,,,,,,,
2025-04-30 23:17:52,-4.026746,-79.183284,Ruta 35,CON_FALLECIDOS,Colision Multiple,Visibilidad reducida,79,FALLECIDO,HOMBRE,SCOOTER,73,LESIONADO,MUJER,CICLISTA,,,,
2025-11-22 12:20:14,-4.033652,-79.171991,Calle Quito,SOLO_DANOS,Caida,Falla mecanica,57,LESIONADO,MUJER,MOTOCICLETA,,,,,,,,
2025-10-03 15:47:24,-3.980612,-79.208470,Calle Rocafuerte,CON_FALLECIDOS,Caida,Fatiga del conductor,84,FALLECIDO,MUJER,OTRO,29,LESIONADO,NO_REGISTRA,PEATON,9,LESIONADO,NO_REGISTRA,CICLISTA
2025-08-26 00:19:01,-4.011990,-79.210292,Ruta 35,SOLO_DANOS,Colision Multiple,Equipo de seguridad deficiente,,,,,,,,,,,,
2025-10-04 09:31:20,-3.986418,-79.198767,Calle Sucre,CON_LESIONADOS,Atropellamiento,Mal estado de la via,80,LESIONADO,NO_REGISTRA,PEATON,,,,,,,,
2025-02-22 22:28:21,-4.032350,-79.222411,Calle Azogues,SOLO_DANOS,Incendio,Via resbaladiza o mojada,9,LESIONADO,NO_REGISTRA,SCOOTER,,,,,,,,
2025-12-14 06:51:09,-3.983870,-79.177132,Av. Gran Colombia,CON_FALLECIDOS,Atropellamiento,Equipo de seguridad deficiente,49,FALLECIDO,MUJER,OTRO,33,FALLECIDO,MUJER,CICLISTA,17,LESIONADO,NO_REGISTRA,OTRO
2025-08-08 19:12:33,-4.016203,-79.174212,Av. Gran Colombia,CON_LESIONADOS,Volcamiento,Fatiga del conductor,24,LESIONADO,HOMBRE,SCOOTER,44,LESIONADO,HOMBRE,CICLISTA,26,LESIONADO,HOMBRE,CICLISTA
2025-02-19 05:30:19,-3.979413,-79.190940,Calle Ramon Borrero,CON_LESIONADOS,Colision Multiple,Mal estado de la via,57,LESIONADO,HOMBRE,MOTOCICLETA,39,LESIONADO,NO_REGISTRA,CICLISTA,7,LESIONADO,MUJER,MOTOCICLETA
2025-02-11 11:45:47,-4.029819,-79.193367,Calle Miguel Riofrio,CON_FALLECIDOS,Choque Vehicular,Fatiga del conductor,46,FALLECIDO,NO_REGISTRA,CICLISTA,28,LESIONADO,NO_REGISTRA,SCOOTER,58,LESIONADO,HOMBRE,CICLISTA
2025-05-30 12:59:30,-3.995225,-79.193507,Av. Manuel Agustin Aguirre,SOLO_DANOS,Colision Multiple,Visibilidad reducida,,,,,,,,,,,,
2025-03-02 19:57:04,-4.023279,-79.211110,Av. Manuel Agustin Aguirre,CON_FALLECIDOS,Volcamiento,Inobservancia de senales,58,FALLECIDO,MUJER,SCOOTER,14,LESIONADO,MUJER,OTRO,,,,
2025-05-04 20:02:51,-3.994988,-79.195716,Av. Universitaria,CON_LESIONADOS,Accidente Laboral,Imprudencia del conductor,30,LESIONADO,MUJER,OTRO,42,LESIONADO,HOMBRE,VEH_LIVIANO,16,LESIONADO,NO_REGISTRA,VEH_LIVIANO
2025-04-12 08:12:48,-4.031674,-79.205829,Av. Pio Jaramillo,CON_FALLECIDOS,Atropellamiento,Fatiga del conductor,54,FALLECIDO,NO_REGISTRA,VEH_LIVIANO,32,FALLECIDO,NO_REGISTRA,OTRO,24,LESIONADO,HOMBRE,VEH_LIVIANO
2025-03-21 12:21:11,-3.991466,-79.210867,Av. Universitaria,CON_FALLECIDOS,Caida,Inobservancia de senales,64,FALLECIDO,HOMBRE,PEATON,51,FALLECIDO,HOMBRE,OTRO,,,,
2025-01-31 05:06:21,-3.987781,-79.222065,Av. Rosa Hermosa,CON_LESIONADOS,Atropellamiento,Inobservancia de senales,67,LESIONADO,HOMBRE,VEH_LIVIANO,28,LESIONADO,HOMBRE,OTRO,77,LESIONADO,HOMBRE,CICLISTA
2025-06-03 15:38:55,-3.991913,-79.212655,Av. 8 de Diciembre,SOLO_DANOS,Caida,Estado de embriaguez,,,,,,,,,,,,
2025-05-26 02:02:35,-4.035753,-79.172246,Calle Rocafuerte,CON_FALLECIDOS,Colision Multiple,Imprudencia del conductor,50,FALLECIDO,MUJER,CICLISTA,59,LESIONADO,HOMBRE,SCOOTER,10,LESIONADO,NO_REGISTRA,VEH_LIVIANO
2025-12-14 03:00:47,-3.991167,-79.214991,Av. Orillas del Zamora,SOLO_DANOS,Caida,Distraccion (celular/radio),59,LESIONADO,NO_REGISTRA,SCOOTER,,,,,,,,
2025-04-04 17:53:57,-4.021791,-79.222373,Calle Colon,CON_FALLECIDOS,Volcamiento,Via resbaladiza o mojada,61,FALLECIDO,NO_REGISTRA,VEH_LIVIANO,,,,,,,,
2025-12-08 09:19:37,-3.993146,-79.184266,Calle 18 de Noviembre,SOLO_DANOS,Incendio,Inobservancia de senales,,,,,,,,,,,,
2025-10-27 09:33:13,-4.026505,-79.175925,Calle Azogues,CON_LESIONADOS,Atropellamiento,Estado de embriaguez,18,LESIONADO,NO_REGISTRA,PEATON,,,,,,,,
2025-11-05 08:51:05,-4.026062,-79.197550,Av. Metropolitana,SOLO_DANOS,Caida,Falla mecanica,75,LESIONADO,NO_REGISTRA,OTRO,,,,,,,,
2025-01-08 01:40:15,-4.014971,-79.194545,Via Loja - Zamora,CON_FALLECIDOS,Incendio,Imprudencia del conductor,42,FALLECIDO,MUJER,MOTOCICLETA,11,LESIONADO,NO_REGISTRA,PEATON,13,LESIONADO,HOMBRE,PEATON
2025-06-17 03:02:48,-3.999897,-79.192681,Calle Montufar,CON_LESIONADOS,Incendio,Distraccion (celular/radio),42,LESIONADO,MUJER,SCOOTER,,,,,,,,
2025-05-11 17:49:08,-4.004469,-79.223918,Av. Cuxibamba,CON_LESIONADOS,Choque Vehicular,Mal estado de la via,46,LESIONADO,NO_REGISTRA,OTRO,,,,,,,,
2025-03-23 04:31:57,-3.986423,-79.218462,Av. Metropolitana,SOLO_DANOS,Atropellamiento,Mal estado de la via,,,,,,,,,,,,
2025-07-31 05:34:03,-4.020614,-79.197285,Av. Gran Colombia,CON_FALLECIDOS,Choque Vehicular,Imprudencia del conductor,49,FALLECIDO,NO_REGISTRA,VEH_LIVIANO,38,FALLECIDO,HOMBRE,CICLISTA,45,LESIONADO,NO_REGISTRA,VEH_LIVIANO
2025-05-04 11:08:29,-4.006276,-79.209692,Calle Sucre,CON_FALLECIDOS,Choque Vehicular,Fatiga del conductor,60,FALLECIDO,MUJER,PEATON,14,LESIONADO,NO_REGISTRA,SCOOTER,,,,
2025-10-04 16:35:23,-4.022832,-79.195643,Calle Azogues,SOLO_DANOS,Caida,Estado de embriaguez,,,,,,,,,,,,
2025-03-31 22:09:32,-4.001596,-79.226548,Av. Isidro Ayora,CON_FALLECIDOS,Caida,Inobservancia de senales,33,FALLECIDO,MUJER,OTRO,,,,,,,,
2025-04-08 05:24:26,-3.990563,-79.219869,Via Loja - Catamayo,SOLO_DANOS,Colision Multiple,Equipo de seguridad deficiente,,,,,,,,,,,,
2025-09-18 19:14:20,-4.016683,-79.187126,Av. Pio Jaramillo,CON_LESIONADOS,Choque Vehicular,Imprudencia del conductor,79,LESIONADO,MUJER,CICLISTA,6,LESIONADO,HOMBRE,SCOOTER,,,,
2025-12-11 03:05:23,-4.036626,-79.200361,Calle Montufar,CON_LESIONADOS,Choque Vehicular,Equipo de seguridad deficiente,65,LESIONADO,MUJER,PEATON,22,LESIONADO,MUJER,OTRO,67,LESIONADO,NO_REGISTRA,MOTOCICLETA
2025-08-10 22:22:28,-3.985322,-79.229408,Av. Reinaldo Espinosa,CON_FALLECIDOS,Caida,Via resbaladiza o mojada,48,FALLECIDO,HOMBRE,OTRO,61,FALLECIDO,MUJER,MOTOCICLETA,38,LESIONADO,NO_REGISTRA,MOTOCICLETA
2025-05-11 03:10:37,-4.017176,-79.180331,Av. Reinaldo Espinosa,CON_LESIONADOS,Choque Vehicular,Visibilidad reducida,59,LESIONADO,NO_REGISTRA,MOTOCICLETA,,,,,,,,
2025-06-11 15:14:22,-4.016374,-79.195989,Calle Rocafuerte,SOLO_DANOS,Volcamiento,Equipo de seguridad deficiente,,,,,,,,,,,,
2025-01-27 14:19:09,-3.993927,-79.218655,Calle Quito,CON_LESIONADOS,Incendio,Imprudencia del conductor,43,LESIONADO,NO_REGISTRA,VEH_LIVIANO,22,LESIONADO,MUJER,VEH_LIVIANO,,,,
2025-02-01 03:48:20,-3.979543,-79.177207,Av. Isidro Ayora,CON_LESIONADOS,Incendio,Exceso de velocidad,28,LESIONADO,NO_REGISTRA,PEATON,,,,,,,,
2025-11-17 11:29:40,-4.035291,-79.201726,Calle Colon,SOLO_DANOS,Volcamiento,Inobservancia de senales,,,,,,,,,,,,
2025-09-20 23:19:40,-3.985564,-79.186124,Via Loja - Catamayo,CON_LESIONADOS,Volcamiento,Equipo de seguridad deficiente,65,LESIONADO,HOMBRE,CICLISTA,32,LESIONADO,HOMBRE,CICLISTA,40,LESIONADO,NO_REGISTRA,PEATON
2025-10-15 08:31:57,-4.018424,-79.226183,Ruta 35,SOLO_DANOS,Volcamiento,Factores externos,,,,,,,,,,,,
2025-12-10 20:49:11,-4.015325,-79.185521,Av. Isidro Ayora,CON_FALLECIDOS,Atropellamiento,Mal estado de la via,38,FALLECIDO,MUJER,OTRO,,,,,,,,
2025-05-23 07:42:18,-3.984996,-79.212794,Av. Cuxibamba,CON_FALLECIDOS,Accidente Laboral,Inobservancia de senales,64,FALLECIDO,MUJER,CICLISTA,50,FALLECIDO,MUJER,SCOOTER,35,LESIONADO,MUJER,CICLISTA
2025-07-24 09:59:55,-3.994874,-79.207094,Calle Rocafuerte,CON_FALLECIDOS,Volcamiento,Visibilidad reducida,71,FALLECIDO,MUJER,PEATON,52,FALLECIDO,MUJER,VEH_LIVIANO,28,LESIONADO,HOMBRE,CICLISTA
2025-04-10 02:59:23,-3.989795,-79.210708,Calle 18 de Noviembre,CON_LESIONADOS,Colision Multiple,Factores externos,66,LESIONADO,HOMBRE,VEH_LIVIANO,77,LESIONADO,NO_REGISTRA,SCOOTER,18,LESIONADO,NO_REGISTRA,OTRO
2025-08-27 22:32:01,-3.983988,-79.187956,Calle 18 de Noviembre,CON_LESIONADOS,Atropellamiento,Via resbaladiza o mojada,37,LESIONADO,MUJER,MOTOCICLETA,,,,,,,,
2025-12-24 03:12:39,-3.989157,-79.192290,Av. Reinaldo Espinosa,CON_LESIONADOS,Colision Multiple,Fatiga del conductor,42,LESIONADO,NO_REGISTRA,VEH_LIVIANO,,,,,,,,
2025-02-07 02:41:01,-4.023674,-79.173944,Via Loja - Zamora,CON_FALLECIDOS,Atropellamiento,Imprudencia del conductor,27,FALLECIDO,MUJER,SCOOTER,73,FALLECIDO,HOMBRE,SCOOTER,66,LESIONADO,HOMBRE,CICLISTA
2025-03-09 07:37:06,-3.986650,-79.216455,Calle Montufar,SOLO_DANOS,Atropellamiento,Mal estado de la via,,,,,,,,,,,,
2025-09-30 20:36:23,-4.011969,-79.198097,Calle Colon,CON_FALLECIDOS,Accidente Laboral,Imprudencia del conductor,18,FALLECIDO,MUJER,PEATON,53,LESIONADO,HOMBRE,OTRO,61,LESIONADO,MUJER,PEATON
2025-08-18 20:04:37,-3.987658,-79.191663,Av. Gran Colombia,CON_LESIONADOS,Accidente Laboral,Visibilidad reducida,36,LESIONADO,HOMBRE,SCOOTER,62,LESIONADO,MUJER,SCOOTER,63,LESIONADO,MUJER,CICLISTA
2025-08-01 19:36:11,-4.000008,-79.206863,Calle Mercadillo,CON_LESIONADOS,Atropellamiento,Mal estado de la via,20,LESIONADO,HOMBRE,MOTOCICLETA,27,LESIONADO,MUJER,PEATON,43,LESIONADO,HOMBRE,SCOOTER
2025-03-03 20:04:30,-4.021512,-79.217953,Av. Manuel Agustin Aguirre,CON_LESIONADOS,Volcamiento,Factores externos,71,LESIONADO,NO_REGISTRA,MOTOCICLETA,,,,,,,,
2025-02-20 00:37:44,-4.004039,-79.172002,Av. Orillas del Zamora,SOLO_DANOS,Colision Multiple,Distraccion (celular/radio),,,,,,,,,,,,
2025-06-07 11:12:50,-4.008456,-79.199367,Via Loja - Zamora,CON_FALLECIDOS,Volcamiento,Falla mecanica,31,FALLECIDO,MUJER,CICLISTA,45,LESIONADO,NO_REGISTRA,OTRO,,,,
2025-04-16 00:50:53,-3.982025,-79.228094,Calle Colon,SOLO_DANOS,Colision Multiple,Distraccion (celular/radio),,,,,,,,,,,,
2025-07-22 10:52:20,-4.029633,-79.182528,Av. Orillas del Zamora,CON_LESIONADOS,Atropellamiento,Fatiga del conductor,72,LESIONADO,NO_REGISTRA,VEH_LIVIANO,38,LESIONADO,NO_REGISTRA,PEATON,61,LESIONADO,NO_REGISTRA,MOTOCICLETA
2025-12-30 04:39:30,-4.014029,-79.205633,Calle Ramon Borrero,CON_LESIONADOS,Caida,Falla mecanica,77,LESIONADO,NO_REGISTRA,VEH_LIVIANO,70,LESIONADO,HOMBRE,MOTOCICLETA,,,,
2025-11-23 00:09:42,-3.989927,-79.196143,Calle Miguel Riofrio,CON_LESIONADOS,Caida,Imprudencia del conductor,66,LESIONADO,NO_REGISTRA,SCOOTER,,,,,,,,
2025-12-10 14:48:15,-3.987314,-79.213676,Av. 8 de Diciembre,CON_FALLECIDOS,Incendio,Falla mecanica,49,FALLECIDO,HOMBRE,VEH_LIVIANO,51,FALLECIDO,NO_REGISTRA,PEATON,78,LESIONADO,MUJER,CICLISTA
2025-02-26 23:39:09,-3.983350,-79.224979,Av. Metropolitana,CON_LESIONADOS,Volcamiento,Equipo de seguridad deficiente,54,LESIONADO,MUJER,CICLISTA,8,LESIONADO,HOMBRE,MOTOCICLETA,41,LESIONADO,MUJER,OTRO
2025-04-11 12:26:44,-4.016741,-79.227449,Calle 10 de Agosto,CON_LESIONADOS,Caida,Fatiga del conductor,74,LESIONADO,HOMBRE,MOTOCICLETA,75,LESIONADO,HOMBRE,OTRO,,,,
2025-05-17 12:43:58,-4.013208,-79.220394,Calle Quito,CON_LESIONADOS,Colision Multiple,Imprudencia del conductor,42,LESIONADO,NO_REGISTRA,PEATON,,,,,,,,
2025-01-12 13:39:52,-4.015896,-79.176736,Calle Ramon Borrero,CON_LESIONADOS,Caida,Distraccion (celular/radio),24,LESIONADO,NO_REGISTRA,PEATON,,,,,,,,
2025-12-10 20:00:14,-4.006527,-79.194319,Av. Metropolitana,CON_LESIONADOS,Colision Multiple,Via resbaladiza o mojada,10,LESIONADO,MUJER,MOTOCICLETA,,,,,,,,
2025-05-15 07:57:27,-4.022905,-79.195154,Av. Metropolitana,SOLO_DANOS,Atropellamiento,Exceso de velocidad,,,,,,,,,,,,
2025-07-03 00:00:02,-3.979109,-79.196554,Calle Bolivar,CON_FALLECIDOS,Caida,Equipo de seguridad deficiente,43,FALLECIDO,HOMBRE,VEH_LIVIANO,70,LESIONADO,HOMBRE,PEATON,,,,
2025-10-27 20:47:23,-4.023852,-79.208304,Ruta 35,CON_LESIONADOS,Volcamiento,Fatiga del conductor,13,LESIONADO,MUJER,OTRO,16,LESIONADO,HOMBRE,SCOOTER,57,LESIONADO,HOMBRE,PEATON
2025-10-18 18:25:29,-4.018800,-79.202841,Av. Reinaldo Espinosa,CON_FALLECIDOS,Accidente Laboral,Factores externos,21,FALLECIDO,MUJER,SCOOTER,60,LESIONADO,MUJER,SCOOTER,,,,
2025-11-29 00:58:46,-4.015975,-79.188957,Calle Quito,SOLO_DANOS,Caida,Visibilidad reducida,,,,,,,,,,,,
2025-06-13 09:56:38,-3.991949,-79.176681,Av. Gran Colombia,SOLO_DANOS,Choque Vehicular,Distraccion (celular/radio),,,,,,,,,,,,
2025-01-10 23:49:48,-4.008974,-79.207563,Calle 18 de Noviembre,SOLO_DANOS,Colision Multiple,Estado de embriaguez,,,,,,,,,,,,
2025-12-18 03:54:05,-4.018898,-79.229176,Av. Metropolitana,SOLO_DANOS,Caida,Via resbaladiza o mojada,,,,,,,,,,,,
2025-01-28 09:08:39,-4.024413,-79.224150,Av. Gran Colombia,SOLO_DANOS,Atropellamiento,Fatiga del conductor,,,,,,,,,,,,
2025-08-18 23:16:42,-4.005839,-79.179612,Calle Bolivar,CON_LESIONADOS,Accidente Laboral,Imprudencia del conductor,57,LESIONADO,HOMBRE,OTRO,12,LESIONADO,NO_REGISTRA,VEH_LIVIANO,25,LESIONADO,NO_REGISTRA,PEATON