fecha_hora,latitud,longitud,via,grado_severidad,tipo_siniestro,causa_probable,victima1_edad,victima1_condicion,victima1_sexo,victima1_actor_vial,victima2_edad,victima2_condicion,victima2_sexo,victima2_actor_vial,victima3_edad,victima3_condicion,victima3_sexo,victima3_actor_vial
2025-06-06 16:53:10,-4.004969,-79.181834,Av. Cuxibamba,CON_LESIONADOS,Accidente Laboral,Fatiga del conductor,29,LESIONADO,NO_REGISTRA,PEATON,12,LESIONADO,MUJER,MOTOCICLETA,71,LESIONADO,MUJER,CICLISTA
2025-06-04 08:28:11,-4.035396,-79.204362,Via Loja - Catamayo,CON_FALLECIDOS,Atropellamiento,Visibilidad reducida,83,FALLECIDO,HOMBRE,VEH_LIVIANO,32,FALLECIDO,HOMBRE,VEH_LIVIANO,25,LESIONADO,MUJER,CICLISTA
2025-10-19 20:41:32,-4.012523,-79.202723,Av. Gran Colombia,CON_FALLECIDOS,Colision Multiple,Distraccion (celular/radio),80,FALLECIDO,MUJER,PEATON,53,FALLECIDO,MUJER,CICLISTA,49,LESIONADO,MUJER,MOTOCICLETA
2025-11-03 19:40:41,-4.031196,-79.210235,Av. Reinaldo Espinosa,CON_LESIONADOS,Caida,Equipo de seguridad deficiente,70,LESIONADO,MUJER,OTRO,74,LESIONADO,HOMBRE,VEH_LIVIANO,,,,
2025-11-06 06:46:33,-4.033195,-79.174986,Av. Reinaldo Espinosa,SOLO_DANOS,Volcamiento,Inobservancia de senales,,,,,,,,,,,,
2025-07-07 21:39:10,-4.004052,-79.181094,Calle Saraguro,SOLO_DANOS,Colision Multiple,Factores externos,,,,,,,,,,,,
2025-05-03 11:03:40,-4.032265,-79.179784,Av. Orillas del Zamora,SOLO_DANOS,Atropellamiento,Fatiga del conductor,16,LESIONADO,NO_REGISTRA,MOTOCICLETA,,,,,,,,
2025-07-11 18:08:30,-4.009564,-79.213507,Via Loja - Zamora,CON_LESIONADOS,Incendio,Fatiga del conductor,5,LESIONADO,HOMBRE,OTRO,21,LESIONADO,HOMBRE,VEH_LIVIANO,,,,
2025-07-21 20:45:58,-4.007952,-79.217102,Av. Manuel Agustin Aguirre,SOLO_DANOS,Volcamiento,Estado de embriaguez,,,,,,,,,,,,
2025-12-16 11:12:12,-4.006924,-79.217143,Av. Gran Colombia,SOLO_DANOS,Choque Vehicular,Factores externos,63,LESIONADO,MUJER,OTRO,,,,,,,,
2025-05-05 07:10:21,-4.029714,-79.204078,Av. Reinaldo Espinosa,CON_FALLECIDOS,Atropellamiento,Via resbaladiza o mojada,79,FALLECIDO,NO_REGISTRA,OTRO,53,FALLECIDO,MUJER,PEATON,,,,
2025-10-22 06:31:54,-4.007548,-79.191433,Calle Sucre,CON_LESIONADOS,Volcamiento,Imprudencia del conductor,13,LESIONADO,MUJER,PEATON,34,LESIONADO,NO_REGISTRA,SCOOTER,24,LESIONADO,NO_REGISTRA,MOTOCICLETA
2025-05-28 09:34:35,-3.984572,-79.220566,Via Loja - Catamayo,CON_FALLECIDOS,Accidente Laboral,Visibilidad reducida,42,FALLECIDO,MUJER,MOTOCICLETA,28,FALLECIDO,MUJER,OTRO,,,,
2025-01-31 16:06:56,-4.000082,-79.208312,Ruta 35,CON_LESIONADOS,Volcamiento,Visibilidad reducida,56,LESIONADO,HOMBRE,SCOOTER,22,LESIONADO,MUJER,SCOOTER,37,LESIONADO,MUJER,MOTOCICLETA
2025-12-31 13:56:54,-4.006520,-79.212795,Calle Sucre,SOLO_DANOS,Colision Multiple,Estado de embriaguez,64,LESIONADO,HOMBRE,SCOOTER,,,,,,,,
2025-04-09 01:20:51,-4.015174,-79.186861,Calle Mercadillo,CON_LESIONADOS,Colision Multiple,Distraccion (celular/radio),36,LESIONADO,NO_REGISTRA,SCOOTER,65,LESIONADO,NO_REGISTRA,SCOOTER,58,LESIONADO,HOMBRE,MOTOCICLETA
2025-12-04 22:35:53,-3.981063,-79.224274,Av. Reinaldo Espinosa,CON_LESIONADOS,Incendio,Factores externos,53,LESIONADO,HOMBRE,SCOOTER,66,LESIONADO,NO_REGISTRA,OTRO,,,,
2025-08-15 04:14:51,-4.012824,-79.177679,Av. 8 de Diciembre,SOLO_DANOS,Accidente Laboral,Via resbaladiza o mojada,,,,,,,,,,,,
2025-06-20 23:34:10,-4.031921,-79.195534,Via Loja - Catamayo,SOLO_DANOS,Caida,Distraccion (celular/radio),29,LESIONADO,MUJER,VEH_LIVIANO,,,,,,,,
2025-04-05 06:09:40,-4.019397,-79.202974,Av. Cuxibamba,SOLO_DANOS,Choque Vehicular,Factores externos,,,,,,,,,,,,
2025-11-21 14:37:25,-4.031406,-79.176983,Calle Rocafuerte,CON_LESIONADOS,Colision Multiple,Distraccion (celular/radio),66,LESIONADO,HOMBRE,VEH_LIVIANO,,,,,,,,
2025-12-10 17:39:57,-3.986452,-79.221430,Av. Pio Jaramillo,SOLO_DANOS,Incendio,Via resbaladiza o mojada,,,,,,,,,,,,
2025-08-13 19:46:28,-4.024375,-79.225235,Calle Miguel Riofrio,CON_FALLECIDOS,Choque Vehicular,Factores externos,46,FALLECIDO,NO_REGISTRA,SCOOTER,24,LESIONADO,NO_REGISTRA,MOTOCICLETA,52,LESIONADO,HOMBRE,VEH_LIVIANO
2025-10-07 00:33:43,-4.028959,-79.202664,Calle Ramon Borrero,CON_FALLECIDOS,Incendio,Falla mecanica,65,FALLECIDO,NO_REGISTRA,VEH_LIVIANO,73,LESIONADO,NO_REGISTRA,MOTOCICLETA,36,LESIONADO,HOMBRE,MOTOCICLETA
2025-02-17 02:43:12,-4.020206,-79.184263,Calle Rocafuerte,CON_FALLECIDOS,Incendio,Mal estado de la via,24,FALLECIDO,MUJER,SCOOTER,,,,,,,,
2025-08-14 23:56:24,-4.016875,-79.171316,Calle Montufar,CON_LESIONADOS,Atropellamiento,Visibilidad reducida,26,LESIONADO,MUJER,OTRO,,,,,,,,
2025-01-25 09:09:37,-3.986096,-79.175728,Via Loja - Catamayo,CON_FALLECIDOS,Colision Multiple,Inobservancia de senales,67,FALLECIDO,NO_REGISTRA,OTRO,51,LESIONADO,HOMBRE,MOTOCICLETA,,,,
2025-06-08 14:58:54,-3.998224,-79.171750,Av. 8 de Diciembre,SOLO_DANOS,Accidente Laboral,Imprudencia del conductor,,,,,,,,,,,,
2025-07-22 04:19:35,-4.000706,-79.203544,Calle 18 de Noviembre,CON_FALLECIDOS,Accidente Laboral,Fatiga del conductor,53,FALLECIDO,HOMBRE,VEH_LIVIANO,27,FALLECIDO,MUJER,VEH_LIVIANO,,,,
2025-11-28 05:10:53,-4.031693,-79.209804,Calle 10 de Agosto,SOLO_DANOS,Volcamiento,Equipo de seguridad deficiente,,,,,,,,,,,,
2025-05-29 14:04:57,-3.994442,-79.183757,Calle Bolivar,CON_FALLECIDOS,Incendio,Visibilidad reducida,40,FALLECIDO,MUJER,CICLISTA,63,LESIONADO,NO_REGISTRA,SCOOTER,,,,
2025-02-12 11:38:08,-4.036129,-79.202790,Calle Quito,CON_FALLECIDOS,Choque Vehicular,Falla mecanica,40,FALLECIDO,MUJER,CICLISTA,71,LESIONADO,MUJER,VEH_LIVIANO,,,,
2025-09-26 13:37:18,-4.009640,-79.229075,Calle Quito,SOLO_DANOS,Choque Vehicular,Factores externos,,,,,,,,,,,,
2025-04-15 18:11:48,-3.993803,-79.171224,Calle Quito,CON_LESIONADOS,Colision Multiple,Distraccion (celular/radio),24,LESIONADO,HOMBRE,MOTOCICLETA,,,,,,,,
2025-12-20 09:26:51,-3.982451,-79.207421,Av. Cuxibamba,CON_FALLECIDOS,Colision Multiple,Visibilidad reducida,72,FALLECIDO,HOMBRE,SCOOTER,44,FALLECIDO,NO_REGISTRA,CICLISTA,57,LESIONADO,MUJER,OTRO
2025-01-20 22:00:32,-3.979569,-79.174353,Calle Miguel Riofrio,SOLO_DANOS,Caida,Distraccion (celular/radio),,,,,,,,,,,,
2025-08-19 22:37:59,-4.027192,-79.177863,Calle Imbabura,CON_FALLECIDOS,Colision Multiple,Equipo de seguridad deficiente,68,FALLECIDO,NO_REGISTRA,MOTOCICLETA,29,FALLECIDO,NO_REGISTRA,SCOOTER,54,LESIONADO,HOMBRE,SCOOTER
2025-04-22 06:14:55,-3.978036,-79.205597,Av. Manuel Agustin Aguirre,CON_LESIONADOS,Choque Vehicular,Mal estado de la via,25,LESIONADO,HOMBRE,CICLISTA,44,LESIONADO,MUJER,CICLISTA,5,LESIONADO,NO_REGISTRA,PEATON
2025-12-27 02:34:12,-4.022655,-79.176964,Calle Colon,CON_FALLECIDOS,Caida,Exceso de velocidad,39,FALLECIDO,HOMBRE,SCOOTER,39,FALLECIDO,NO_REGISTRA,MOTOCICLETA,78,LESIONADO,MUJER,MOTOCICLETA
2025-02-11 15:15:44,-4.023415,-79.193554,Via Loja - Zamora,CON_LESIONADOS,Volcamiento,Distraccion (celular/radio),47,LESIONADO,HOMBRE,PEATON,18,LESIONADO,NO_REGISTRA,SCOOTER,13,LESIONADO,HOMBRE,MOTOCICLETA
2025-04-28 11:12:13,-3.982359,-79.193833,Av. Rosa Hermosa,CON_FALLECIDOS,Accidente Laboral,Visibilidad reducida,20,FALLECIDO,MUJER,CICLISTA,65,FALLECIDO,MUJER,CICLISTA,78,LESIONADO,HOMBRE,OTRO
2025-09-01 21:53:38,-4.018980,-79.174661,Calle Montufar,CON_LESIONADOS,Colision Multiple,Factores externos,44,LESIONADO,HOMBRE,VEH_LIVIANO,,,,,,,,
2025-01-05 19:34:16,-4.025316,-79.225065,Calle Imbabura,SOLO_DANOS,Choque Vehicular,Via resbaladiza o mojada,,,,,,,,,,,,
2025-06-19 05:35:11,-4.026532,-79.220241,Calle 18 de Noviembre,CON_LESIONADOS,Accidente Laboral,Inobservancia de senales,33,LESIONADO,HOMBRE,SCOOTER,6,LESIONADO,HOMBRE,MOTOCICLETA,,,,
2025-05-31 02:59:22,-4.030151,-79.217489,Av. Gran Colombia,CON_LESIONADOS,Caida,Mal estado de la via,35,LESIONADO,HOMBRE,OTRO,,,,,,,,
2025-02-28 19:54:14,-3.997500,-79.214675,Calle Miguel Riofrio,SOLO_DANOS,Choque Vehicular,Mal estado de la via,,,,,,,,,,,,
2025-09-19 00:43:36,-4.032527,-79.202183,Calle Montufar,CON_LESIONADOS,Caida,Fatiga del conductor,27,LESIONADO,NO_REGISTRA,VEH_LIVIANO,15,LESIONADO,MUJER,OTRO,32,LESIONADO,MUJER,SCOOTER
2025-10-21 08:37:35,-3.980739,-79.196541,Av. Cuxibamba,CON_LESIONADOS,Choque Vehicular,Estado de embriaguez,56,LESIONADO,NO_REGISTRA,MOTOCICLETA,15,LESIONADO,HOMBRE,CICLISTA,45,LESIONADO,MUJER,CICLISTA
2025-01-14 00:44:23,-4.000071,-79.197305,Calle Colon,CON_LESIONADOS,Incendio,Mal estado de la via,43,LESIONADO,HOMBRE,PEATON,7,LESIONADO,NO_REGISTRA,SCOOTER,54,LESIONADO,NO_REGISTRA,VEH_LIVIANO
2025-09-05 06:43:07,-4.036042,-79.205846,Calle Quito,SOLO_DANOS,Choque Vehicular,Inobservancia de senales,,,,,,,,,,,,
2025-01-19 23:04:37,-4.027889,-79.222513,Ruta 35,CON_FALLECIDOS,Choque Vehicular,Estado de embriaguez,56,FALLECIDO,HOMBRE,OTRO,19,LESIONADO,HOMBRE,PEATON,65,LESIONADO,HOMBRE,VEH_LIVIANO
2025-04-14 13:27:14,-4.012257,-79.218342,Av. Isidro Ayora,SOLO_DANOS,Incendio,Mal estado de la via,,,,,,,,,,,,
2025-08-16 07:08:53,-4.012821,-79.210329,Av. Pio Jaramillo,CON_LESIONADOS,Accidente Laboral,Mal estado de la via,6,LESIONADO,HOMBRE,CICLISTA,,,,,,,,
2025-05-05 18:56:43,-4.015910,-79.212663,Calle Azogues,SOLO_DANOS,Atropellamiento,Imprudencia del conductor,,,,,,,,,,,,
2025-01-11 11:48:17,-4.031735,-79.191035,Av. Manuel Agustin Aguirre,CON_FALLECIDOS,Volcamiento,Visibilidad reducida,81,FALLECIDO,NO_REGISTRA,OTRO,,,,,,,,
2025-03-05 18:03:16,-4.032811,-79.209348,Av. Manuel Agustin Aguirre,SOLO_DANOS,Volcamiento,Falla mecanica,,,,,,,,,,,,
2025-10-05 09:46:03,-3.993674,-79.224777,Calle Ramon Borrero,CON_FALLECIDOS,Colision Multiple,Visibilidad reducida,41,FALLECIDO,MUJER,SCOOTER,71,LESIONADO,NO_REGISTRA,PEATON,,,,
2025-02-24 19:44:28,-4.004065,-79.209494,Calle 10 de Agosto,CON_LESIONADOS,Caida,Equipo de seguridad deficiente,5,LESIONADO,HOMBRE,OTRO,40,LESIONADO,MUJER,MOTOCICLETA,,,,
2025-03-06 20:42:53,-3.987760,-79.173022,Av. 8 de Diciembre,CON_FALLECIDOS,Accidente Laboral,Imprudencia del conductor,62,FALLECIDO,NO_REGISTRA,OTRO,,,,,,,,
2025-04-21 03:46:45,-4.012797,-79.208197,Av. Isidro Ayora,CON_FALLECIDOS,Caida,Exceso de velocidad,46,FALLECIDO,MUJER,MOTOCICLETA,77,FALLECIDO,MUJER,PEATON,14,LESIONADO,NO_REGISTRA,MOTOCICLETA
2025-12-11 04:12:07,-4.024141,-79.177875,Calle Sucre,CON_LESIONADOS,Atropellamiento,Imprudencia del conductor,36,LESIONADO,HOMBRE,OTRO,,,,,,,,
2025-04-08 13:18:56,-4.018278,-79.191511,Av. Cuxibamba,SOLO_DANOS,Caida,Inobservancia de senales,,,,,,,,,,,,
2025-10-15 23:11:21,-4.009859,-79.212038,Av. Pio Jaramillo,CON_LESIONADOS,Incendio,Falla mecanica,41,LESIONADO,MUJER,OTRO,11,LESIONADO,MUJER,OTRO,,,,
2025-06-19 18:37:03,-3.981487,-79.195575,Via Loja - Zamora,SOLO_DANOS,Colision Multiple,Inobservancia de senales,,,,,,,,,,,,
2025-02-28 14:33:11,-4.016996,-79.190346,Calle Mercadillo,CON_FALLECIDOS,Accidente Laboral,Fatiga del conductor,29,FALLECIDO,HOMBRE,MOTOCICLETA,57,FALLECIDO,NO_REGISTRA,SCOOTER,65,LESIONADO,HOMBRE,PEATON
2025-03-28 06:24:06,-3.991452,-79.183741,Av. Manuel Agustin Aguirre,SOLO_DANOS,Colision Multiple,Exceso de velocidad,,,,,,,,,,,,
2025-03-17 12:44:22,-4.001509,-79.180683,Calle Quito,SOLO_DANOS,Caida,Mal estado de la via,,,,,,,,,,,,
2025-07-30 22:23:45,-3.978175,-79.197607,Calle Bolivar,SOLO_DANOS,Incendio,Distraccion (celular/radio),,,,,,,,,,,,
2025-12-18 03:11:33,-3.984217,-79.179298,Av. Universitaria,CON_FALLECIDOS,Incendio,Factores externos,55,FALLECIDO,NO_REGISTRA,MOTOCICLETA,69,LESIONADO,HOMBRE,OTRO,12,LESIONADO,NO_REGISTRA,PEATON
2025-06-30 18:23:08,-4.029862,-79.211524,Via Loja - Zamora,SOLO_DANOS,Volcamiento,Distraccion (celular/radio),,,,,,,,,,,,
2025-07-29 15:53:55,-3.990641,-79.225434,Av. Isidro Ayora,CON_FALLECIDOS,Atropellamiento,Estado de embriaguez,64,FALLECIDO,HOMBRE,OTRO,61,FALLECIDO,MUJER,CICLISTA,,,,
2025-08-28 23:18:10,-3.985949,-79.213710,Av. Orillas del Zamora,CON_FALLECIDOS,Accidente Laboral,Inobservancia de senales,50,FALLECIDO,HOMBRE,PEATON,80,LESIONADO,HOMBRE,SCOOTER,,,,
2025-07-20 14:21:36,-4.019830,-79.213727,Calle Rocafuerte,CON_LESIONADOS,Volcamiento,Inobservancia de senales,18,LESIONADO,NO_REGISTRA,VEH_LIVIANO,,,,,,,,
2025-10-08 10:25:20,-4.021524,-79.195743,Av. Cuxibamba,CON_LESIONADOS,Choque Vehicular,Inobservancia de senales,43,LESIONADO,MUJER,PEATON,52,LESIONADO,HOMBRE,PEATON,9,LESIONADO,NO_REGISTRA,VEH_LIVIANO
2025-07-28 04:09:58,-3.997869,-79.214119,Calle Saraguro,CON_LESIONADOS,Colision Multiple,Visibilidad reducida,55,LESIONADO,HOMBRE,CICLISTA,,,,,,,,
2025-06-10 12:11:41,-4.028396,-79.219000,Calle Azogues,SOLO_DANOS,Choque Vehicular,Factores externos,,,,,,,,,,,,
2025-05-09 09:08:41,-4.032016,-79.205828,Av. Cuxibamba,CON_LESIONADOS,Choque Vehicular,Imprudencia del conductor,27,LESIONADO,MUJER,MOTOCICLETA,38,LESIONADO,MUJER,VEH_LIVIANO,44,LESIONADO,MUJER,PEATON
2025-02-23 07:51:59,-4.019761,-79.183732,Calle 10 de Agosto,CON_FALLECIDOS,Colision Multiple,Falla mecanica,30,FALLECIDO,NO_REGISTRA,PEATON,46,FALLECIDO,NO_REGISTRA,VEH_LIVIANO,43,LESIONADO,MUJER,CICLISTA
2025-04-01 06:17:10,-4.012492,-79.175746,Calle Miguel Riofrio,CON_LESIONADOS,Incendio,Factores externos,30,LESIONADO,NO_REGISTRA,MOTOCICLETA,52,LESIONADO,HOMBRE,SCOOTER,41,LESIONADO,MUJER,VEH_LIVIANO
2025-02-08 00:05:26,-4.002007,-79.202274,Calle 10 de Agosto,SOLO_DANOS,Atropellamiento,Estado de embriaguez,,,,,,,,,,,,
2025-08-01 19:49:31,-4.018346,-79.209827,Calle Mercadillo,SOLO_DANOS,Atropellamiento,Visibilidad reducida,,,,,,,,,,,,
2025-09-02 03:56:11,-4.000776,-79.177056,Calle 10 de Agosto,SOLO_DANOS,Choque Vehicular,Estado de embriaguez,,,,,,,,,,,,
2025-08-17 13:25:59,-4.007468,-79.209955,Av. Isidro Ayora,SOLO_DANOS,Volcamiento,Inobservancia de senales,,,,,,,,,,,,
2025-06-07 11:51:11,-3.986700,-79.199241,Via Loja - Catamayo,CON_LESIONADOS,Atropellamiento,Distraccion (celular/radio),57,LESIONADO,MUJER,CICLISTA,20,LESIONADO,HOMBRE,VEH_LIVIANO,,,,
2025-04-21 19:36:13,-3.979214,-79.190425,Calle 18 de Noviembre,SOLO_DANOS,Atropellamiento,Distraccion (celular/radio),,,,,,,,,,,,
2025-07-20 03:42:50,-4.020451,-79.183837,Calle Montufar,SOLO_DANOS,Incendio,Via resbaladiza o mojada,,,,,,,,,,,,
2025-10-04 03:55:47,-4.014599,-79.227297,Calle Rocafuerte,CON_FALLECIDOS,Atropellamiento,Equipo de seguridad deficiente,36,FALLECIDO,NO_REGISTRA,PEATON,,,,,,,,
2025-04-18 02:08:32,-3.990925,-79.177931,Calle Mercadillo,SOLO_DANOS,Incendio,Exceso de velocidad,,,,,,,,,,,,
2025-10-12 00:05:27,-4.014516,-79.219677,Calle 18 de Noviembre,SOLO_DANOS,Caida,Equipo de seguridad deficiente,,,,,,,,,,,,
2025-03-09 21:23:17,-4.003627,-79.198915,Av. Metropolitana,CON_FALLECIDOS,Caida,Via resbaladiza o mojada,83,FALLECIDO,NO_REGISTRA,SCOOTER,53,FALLECIDO,MUJER,PEATON,57,LESIONADO,MUJER,PEATON
2025-02-27 07:07:17,-3.999558,-79.174522,Av. Cuxibamba,CON_LESIONADOS,Atropellamiento,Exceso de velocidad,46,LESIONADO,HOMBRE,OTRO,38,LESIONADO,MUJER,PEATON,,,,
2025-04-20 11:43:50,-4.025308,-79.194315,Av. Cuxibamba,CON_LESIONADOS,Atropellamiento,Factores externos,22,LESIONADO,MUJER,SCOOTER,,,,,,,,
2025-03-26 09:11:41,-3.977015,-79.209416,Calle Saraguro,CON_LESIONADOS,Accidente Laboral,Estado de embriaguez,46,LESIONADO,MUJER,MOTOCICLETA,72,LESIONADO,HOMBRE,SCOOTER,29,LESIONADO,NO_REGISTRA,SCOOTER
2025-01-29 22:50:19,-4.005828,-79.203356,Calle Mercadillo,CON_LESIONADOS,Choque Vehicular,Factores externos,44,LESIONADO,NO_REGISTRA,PEATON,79,LESIONADO,NO_REGISTRA,MOTOCICLETA,,,,
2025-03-15 01:04:49,-4.005828,-79.228149,Av. Isidro Ayora,CON_FALLECIDOS,Volcamiento,Factores externos,68,FALLECIDO,MUJER,PEATON,62,FALLECIDO,NO_REGISTRA,SCOOTER,7,LESIONADO,HOMBRE,PEATON
2025-05-05 01:14:15,-3.979293,-79.213584,Calle Montufar,CON_LESIONADOS,Atropellamiento,Factores externos,20,LESIONADO,MUJER,PEATON,49,LESIONADO,NO_REGISTRA,PEATON,33,LESIONADO,NO_REGISTRA,PEATON
2025-12-24 18:25:53,-4.025141,-79.176231,Calle Saraguro,SOLO_DANOS,Caida,Via resbaladiza o mojada,,,,,,,,,,,,
2025-08-24 20:02:53,-4.013689,-79.218473,Av. Metropolitana,CON_LESIONADOS,Incendio,Mal estado de la via,29,LESIONADO,MUJER,CICLISTA,,,,,,,,
2025-01-15 02:52:23,-4.030805,-79.208816,Av. Cuxibamba,SOLO_DANOS,Atropellamiento,Equipo de seguridad deficiente,,,,,,,,,,,,
2025-09-02 21:11:36,-4.036660,-79.229797,Av. Gran Colombia,CON_LESIONADOS,Accidente Laboral,Factores externos,68,LESIONADO,HOMBRE,MOTOCICLETA,,,,,,,,
2025-06-12 11:03:05,-4.015082,-79.226232,Calle 18 de Noviembre,CON_FALLECIDOS,Volcamiento,Visibilidad reducida,18,FALLECIDO,NO_REGISTRA,OTRO,46,FALLECIDO,NO_REGISTRA,OTRO,35,LESIONADO,MUJER,CICLISTA
2025-01-09 18:21:16,-3.982975,-79.200177,Calle Imbabura,CON_LESIONADOS,Choque Vehicular,Mal estado de la via,30,LESIONADO,HOMBRE,CICLISTA,,,,,,,,
2025-09-03 04:34:35,-4.013727,-79.199145,Av. Manuel Agustin Aguirre,CON_FALLECIDOS,Colision Multiple,Inobservancia de senales,20,FALLECIDO,HOMBRE,OTRO,82,FALLECIDO,MUJER,MOTOCICLETA,36,LESIONADO,NO_REGISTRA,MOTOCICLETA
2025-08-21 18:23:56,-4.023831,-79.196486,Calle Montufar,CON_FALLECIDOS,Atropellamiento,Fatiga del conductor,31,FALLECIDO,NO_REGISTRA,SCOOTER,19,FALLECIDO,HOMBRE,CICLISTA,52,LESIONADO,NO_REGISTRA,PEATON
2025-11-22 07:38:14,-3.980207,-79.202914,Av. Cuxibamba,CON_FALLECIDOS,Accidente Laboral,Fatiga del conductor,47,FALLECIDO,NO_REGISTRA,MOTOCICLETA,,,,,,,,
2025-01-27 01:54:46,-3.984838,-79.194437,Av. Pio Jaramillo,CON_LESIONADOS,Volcamiento,Falla mecanica,48,LESIONADO,NO_REGISTRA,PEATON,,,,,,,,
2025-03-29 08:24:54,-4.025445,-79.186030,Calle Mercadillo,SOLO_DANOS,Volcamiento,Imprudencia del conductor,,,,,,,,,,,,
2025-01-26 03:36:17,-3.995185,-79.180773,Calle Ramon Borrero,CON_LESIONADOS,Caida,Falla mecanica,54,LESIONADO,MUJER,CICLISTA,42,LESIONADO,NO_REGISTRA,VEH_LIVIANO,,,,
2025-02-11 14:09:03,-4.003838,-79.222046,Via Loja - Zamora,CON_FALLECIDOS,Incendio,Equipo de seguridad deficiente,49,FALLECIDO,HOMBRE,CICLISTA,70,LESIONADO,HOMBRE,VEH_LIVIANO,42,LESIONADO,NO_REGISTRA,PEATON
2025-07-14 05:11:09,-3.978651,-79.180276,Calle 10 de Agosto,SOLO_DANOS,Volcamiento,Imprudencia del conductor,,,,,,,,,,,,
2025-02-09 04:27:57,-4.033262,-79.220546,Calle Montufar,CON_LESIONADOS,Volcamiento,Via resbaladiza o mojada,31,LESIONADO,NO_REGISTRA,VEH_LIVIANO,10,LESIONADO,MUJER,CICLISTA,,,,
2025-03-22 07:00:08,-4.020242,-79.212270,Calle Imbabura,CON_FALLECIDOS,Choque Vehicular,Mal estado de la via,67,FALLECIDO,NO_REGISTRA,VEH_LIVIANO,25,FALLECIDO,MUJER,SCOOTER,52,LESIONADO,HOMBRE,MOTOCICLETA
2025-03-27 13:13:20,-4.026368,-79.215772,Calle Quito,SOLO_DANOS,Accidente Laboral,Inobservancia de senales,,,,,,,,,,,,
2025-08-29 13:45:21,-3.992389,-79.226452,Via Loja - Catamayo,CON_LESIONADOS,Incendio,Mal estado de la via,30,LESIONADO,HOMBRE,SCOOTER,64,LESIONADO,MUJER,OTRO,26,LESIONADO,MUJER,OTRO
2025-12-20 08:36:48,-4.011168,-79.208925,Av. Isidro Ayora,CON_FALLECIDOS,Colision Multiple,Exceso de velocidad,53,FALLECIDO,HOMBRE,SCOOTER,,,,,,,,
2025-06-18 17:02:10,-3.986286,-79.186970,Calle Mercadillo,CON_FALLECIDOS,Choque Vehicular,Estado de embriaguez,47,FALLECIDO,HOMBRE,SCOOTER,44,LESIONADO,NO_REGISTRA,SCOOTER,,,,
2025-05-08 16:43:34,-4.035999,-79.212522,Calle Montufar,CON_LESIONADOS,Choque Vehicular,Fatiga del conductor,20,LESIONADO,HOMBRE,SCOOTER,,,,,,,,
2025-08-23 14:40:36,-4.021715,-79.198851,Calle Mercadillo,SOLO_DANOS,Choque Vehicular,Equipo de seguridad deficiente,,,,,,,,,,,,
2025-08-17 10:37:00,-4.006859,-79.221813,Av. Orillas del Zamora,CON_FALLECIDOS,Choque Vehicular,Imprudencia del conductor,48,FALLECIDO,HOMBRE,VEH_LIVIANO,66,FALLECIDO,HOMBRE,VEH_LIVIANO,12,LESIONADO,NO_REGISTRA,CICLISTA
2025-12-25 10:43:11,-3.982663,-79.203737,Av. Reinaldo Espinosa,SOLO_DANOS,Incendio,Equipo de seguridad deficiente,,,,,,,,,,,,
2025-10-30 13:06:26,-3.983057,-79.209378,Via Loja - Zamora,SOLO_DANOS,Incendio,Fatiga del conductor,,,,,,,,,,,,
2025-09-10 17:44:07,-3.994814,-79.218500,Calle Quito,CON_LESIONADOS,Atropellamiento,Imprudencia del conductor,28,LESIONADO,HOMBRE,SCOOTER,80,LESIONADO,HOMBRE,CICLISTA,,,,
2025-12-27 23:20:50,-3.983806,-79.211671,Calle Imbabura,CON_LESIONADOS,Colision Multiple,Exceso de velocidad,24,LESIONADO,NO_REGISTRA,PEATON,31,LESIONADO,MUJER,VEH_LIVIANO,65,LESIONADO,NO_REGISTRA,SCOOTER
2025-03-23 03:39:33,-3.990415,-79.202979,Av. Gran Colombia,CON_LESIONADOS,Colision Multiple,Via resbaladiza o mojada,21,LESIONADO,MUJER,CICLISTA,14,LESIONADO,NO_REGISTRA,SCOOTER,,,,
2025-05-31 16:04:14,-4.033201,-79.172184,Via Loja - Catamayo,CON_LESIONADOS,Accidente Laboral,Inobservancia de senales,50,LESIONADO,MUJER,MOTOCICLETA,,,,,,,,
2025-02-04 07:45:08,-4.008338,-79.184238,Av. Reinaldo Espinosa,SOLO_DANOS,Choque Vehicular,Equipo de seguridad deficiente,74,LESIONADO,MUJER,MOTOCICLETA,,,,,,,,
2025-07-08 16:01:30,-3.989978,-79.224867,Calle Miguel Riofrio,SOLO_DANOS,Choque Vehicular,Via resbaladiza o mojada,,,,,,,,,,,,
2025-04-01 17:27:13,-4.034582,-79.212271,Calle Imbabura,SOLO_DANOS,Choque Vehicular,Distraccion (celular/radio),,,,,,,,,,,,
2025-07-13 15:40:44,-3.985938,-79.209442,Calle 18 de Noviembre,SOLO_DANOS,Incendio,Via resbaladiza o mojada,,,,,,,,,,,,
2025-07-04 13:09:00,-3.999064,-79.227802,Av. Orillas del Zamora,CON_LESIONADOS,Volcamiento,Factores externos,69,LESIONADO,MUJER,OTRO,63,LESIONADO,MUJER,SCOOTER,,,,
2025-08-17 11:43:36,-3.997771,-79.221473,Calle Ramon Borrero,CON_LESIONADOS,Atropellamiento,Mal estado de la via,13,LESIONADO,HOMBRE,OTRO,67,LESIONADO,NO_REGISTRA,MOTOCICLETA,,,,