fecha_hora,latitud,longitud,via,grado_severidad,tipo_siniestro,causa_probable,victima1_edad,victima1_condicion,victima1_sexo,victima1_actor_vial,victima2_edad,victima2_condicion,victima2_sexo,victima2_actor_vial,victima3_edad,victima3_condicion,victima3_sexo,victima3_actor_vial
2025-08-14 02:45:43,-3.980654,-79.173781,Calle Saraguro,SOLO_DANOS,Incendio,Via resbaladiza o mojada,,,,,,,,,,,,
2025-03-18 13:05:17,-3.983942,-79.219862,Calle Bolivar,CON_LESIONADOS,Volcamiento,Distraccion (celular/radio),33,LESIONADO,MUJER,CICLISTA,,,,,,,,
2025-12-28 07:08:58,-3.995567,-79.209254,Calle 10 de Agosto,CON_LESIONADOS,Volcamiento,Via resbaladiza o mojada,13,LESIONADO,HOMBRE,PEATON,23,LESIONADO,NO_REGISTRA,OTRO,38,LESIONADO,NO_REGISTRA,PEATON
2025-01-06 10:49:10,-3.991493,-79.223420,Calle Saraguro,CON_LESIONADOS,Choque Vehicular,Via resbaladiza o mojada,63,LESIONADO,HOMBRE,VEH_LIVIANO,70,LESIONADO,NO_REGISTRA,OTRO,49,LESIONADO,NO_REGISTRA,CICLISTA
2025-12-17 08:39:00,-3.982545,-79.224431,Calle Miguel Riofrio,SOLO_DANOS,Choque Vehicular,Imprudencia del conductor,,,,,,,,,,,,
2025-05-23 20:33:05,-3.982393,-79.200034,Av. Reinaldo Espinosa,CON_LESIONADOS,Choque Vehicular,Mal estado de la via,14,LESIONADO,HOMBRE,OTRO,,,,,,,,
2025-07-08 05:08:16,-4.014836,-79.214543,Ruta 35,CON_LESIONADOS,Accidente Laboral,Via resbaladiza o mojada,75,LESIONADO,HOMBRE,CICLISTA,69,LESIONADO,NO_REGISTRA,CICLISTA,,,,
2025-10-09 23:44:17,-4.030336,-79.206505,Av. 8 de Diciembre,CON_FALLECIDOS,Accidente Laboral,Imprudencia del conductor,50,FALLECIDO,HOMBRE,SCOOTER,61,FALLECIDO,MUJER,PEATON,12,LESIONADO,MUJER,VEH_LIVIANO
2025-01-11 05:42:16,-4.017785,-79.185163,Av. Pio Jaramillo,SOLO_DANOS,Accidente Laboral,Fatiga del conductor,,,,,,,,,,,,
2025-06-29 11:49:57,-3.984558,-79.213051,Av. Orillas del Zamora,SOLO_DANOS,Colision Multiple,Exceso de velocidad,,,,,,,,,,,,
2025-01-16 01:13:07,-3.992139,-79.182828,Av. Gran Colombia,SOLO_DANOS,Colision Multiple,Imprudencia del conductor,,,,,,,,,,,,
2025-10-19 03:11:16,-4.019304,-79.179591,Av. Manuel Agustin Aguirre,CON_LESIONADOS,Volcamiento,Visibilidad reducida,54,LESIONADO,MUJER,CICLISTA,77,LESIONADO,NO_REGISTRA,CICLISTA,,,,
2025-12-20 10:14:39,-4.019713,-79.220448,Av. Isidro Ayora,SOLO_DANOS,Incendio,Exceso de velocidad,,,,,,,,,,,,
2025-08-06 03:40:52,-4.014617,-79.173801,Calle Azogues,CON_LESIONADOS,Colision Multiple,Mal estado de la via,29,LESIONADO,HOMBRE,OTRO,57,LESIONADO,MUJER,OTRO,,,,
2025-11-10 21:32:05,-4.030509,-79.205864,Calle Imbabura,SOLO_DANOS,Accidente Laboral,Visibilidad reducida,,,,,,,,,,,,
2025-09-03 05:14:53,-4.023874,-79.193159,Av. Orillas del Zamora,SOLO_DANOS,Caida,Imprudencia del conductor,,,,,,,,,,,,
2025-12-12 14:15:32,-4.024502,-79.193670,Calle 18 de Noviembre,CON_LESIONADOS,Accidente Laboral,Equipo de seguridad deficiente,72,LESIONADO,MUJER,CICLISTA,21,LESIONADO,MUJER,PEATON,10,LESIONADO,NO_REGISTRA,OTRO
2025-08-30 17:41:19,-4.022196,-79.195977,Av. Reinaldo Espinosa,SOLO_DANOS,Caida,Equipo de seguridad deficiente,41,LESIONADO,HOMBRE,MOTOCICLETA,,,,,,,,
2025-05-16 20:44:24,-4.001603,-79.182105,Av. Isidro Ayora,CON_FALLECIDOS,Atropellamiento,Equipo de seguridad deficiente,64,FALLECIDO,MUJER,OTRO,,,,,,,,
2025-12-18 19:26:31,-3.991585,-79.186087,Av. Metropolitana,CON_LESIONADOS,Caida,Estado de embriaguez,53,LESIONADO,HOMBRE,OTRO,70,LESIONADO,MUJER,PEATON,11,LESIONADO,MUJER,CICLISTA
2025-10-31 16:07:42,-4.005207,-79.193421,Av. 8 de Diciembre,SOLO_DANOS,Volcamiento,Factores externos,,,,,,,,,,,,
2025-05-10 18:09:24,-3.986443,-79.181743,Calle Ramon Borrero,SOLO_DANOS,Choque Vehicular,Estado de embriaguez,,,,,,,,,,,,
2025-08-25 02:54:10,-4.026697,-79.179255,Calle 18 de Noviembre,CON_LESIONADOS,Colision Multiple,Estado de embriaguez,48,LESIONADO,NO_REGISTRA,VEH_LIVIANO,,,,,,,,
2025-12-29 14:23:53,-3.980556,-79.220891,Calle Imbabura,CON_FALLECIDOS,Incendio,Fatiga del conductor,60,FALLECIDO,HOMBRE,MOTOCICLETA,50,FALLECIDO,NO_REGISTRA,OTRO,60,LESIONADO,MUJER,SCOOTER
2025-01-06 15:45:48,-4.002772,-79.178837,Av. Orillas del Zamora,SOLO_DANOS,Choque Vehicular,Mal estado de la via,,,,,,,,,,,,
2025-09-04 03:23:07,-3.987249,-79.196575,Calle Miguel Riofrio,CON_FALLECIDOS,Volcamiento,Distraccion (celular/radio),60,FALLECIDO,MUJER,PEATON,,,,,,,,
2025-05-03 10:37:45,-3.983355,-79.230331,Via Loja - Catamayo,CON_FALLECIDOS,Volcamiento,Estado de embriaguez,23,FALLECIDO,HOMBRE,PEATON,68,FALLECIDO,NO_REGISTRA,CICLISTA,42,LESIONADO,NO_REGISTRA,VEH_LIVIANO
2025-04-21 13:45:00,-3.979862,-79.190265,Av. Isidro Ayora,CON_LESIONADOS,Volcamiento,Equipo de seguridad deficiente,12,LESIONADO,NO_REGISTRA,SCOOTER,45,LESIONADO,NO_REGISTRA,VEH_LIVIANO,,,,
2025-12-29 01:35:01,-3.991923,-79.224652,Calle Montufar,CON_FALLECIDOS,Volcamiento,Inobservancia de senales,33,FALLECIDO,MUJER,SCOOTER,26,LESIONADO,MUJER,MOTOCICLETA,44,LESIONADO,HOMBRE,MOTOCICLETA
2025-10-05 14:23:43,-3.979425,-79.218053,Calle Mercadillo,CON_FALLECIDOS,Accidente Laboral,Distraccion (celular/radio),38,FALLECIDO,HOMBRE,CICLISTA,82,FALLECIDO,HOMBRE,SCOOTER,,,,
2025-11-26 19:43:27,-3.985448,-79.185126,Calle Bolivar,CON_LESIONADOS,Colision Multiple,Imprudencia del conductor,17,LESIONADO,NO_REGISTRA,SCOOTER,74,LESIONADO,HOMBRE,SCOOTER,,,,
2025-12-15 06:20:00,-4.017572,-79.184612,Av. Rosa Hermosa,CON_LESIONADOS,Incendio,Factores externos,18,LESIONADO,NO_REGISTRA,MOTOCICLETA,55,LESIONADO,MUJER,SCOOTER,45,LESIONADO,HOMBRE,VEH_LIVIANO
2025-08-29 07:04:57,-4.028007,-79.215994,Av. Reinaldo Espinosa,CON_LESIONADOS,Incendio,Fatiga del conductor,26,LESIONADO,HOMBRE,PEATON,73,LESIONADO,MUJER,VEH_LIVIANO,55,LESIONADO,HOMBRE,VEH_LIVIANO
2025-05-03 13:02:44,-4.016757,-79.184259,Calle Mercadillo,CON_LESIONADOS,Colision Multiple,Falla mecanica,8,LESIONADO,HOMBRE,CICLISTA,6,LESIONADO,NO_REGISTRA,SCOOTER,,,,
2025-05-27 11:30:57,-3.988303,-79.206357,Calle Mercadillo,CON_LESIONADOS,Colision Multiple,Imprudencia del conductor,27,LESIONADO,NO_REGISTRA,CICLISTA,29,LESIONADO,MUJER,OTRO,,,,
2025-11-11 06:02:06,-3.990450,-79.203975,Av. Reinaldo Espinosa,CON_LESIONADOS,Caida,Factores externos,51,LESIONADO,HOMBRE,CICLISTA,6,LESIONADO,HOMBRE,OTRO,,,,
2025-09-08 20:10:16,-3.979651,-79.220446,Calle Azogues,CON_LESIONADOS,Choque Vehicular,Exceso de velocidad,74,LESIONADO,NO_REGISTRA,PEATON,59,LESIONADO,NO_REGISTRA,CICLISTA,45,LESIONADO,NO_REGISTRA,SCOOTER
2025-06-01 02:17:32,-4.031872,-79.194098,Av. Universitaria,CON_FALLECIDOS,Incendio,Falla mecanica,73,FALLECIDO,HOMBRE,PEATON,34,FALLECIDO,MUJER,OTRO,,,,
2025-12-05 03:51:50,-4.030610,-79.184447,Calle Ramon Borrero,SOLO_DANOS,Accidente Laboral,Distraccion (celular/radio),,,,,,,,,,,,
2025-07-04 11:17:27,-3.983587,-79.215624,Av. 8 de Diciembre,SOLO_DANOS,Choque Vehicular,Exceso de velocidad,,,,,,,,,,,,
2025-04-12 15:55:00,-3.980441,-79.227836,Av. Isidro Ayora,SOLO_DANOS,Choque Vehicular,Distraccion (celular/radio),,,,,,,,,,,,
2025-02-24 16:10:11,-3.981951,-79.185833,Av. Orillas del Zamora,SOLO_DANOS,Choque Vehicular,Estado de embriaguez,,,,,,,,,,,,
2025-12-28 03:17:48,-4.020070,-79.203599,Calle Saraguro,CON_LESIONADOS,Colision Multiple,Inobservancia de senales,25,LESIONADO,MUJER,CICLISTA,25,LESIONADO,NO_REGISTRA,OTRO,,,,
2025-11-11 16:35:08,-4.035037,-79.175897,Calle 10 de Agosto,CON_FALLECIDOS,Caida,Factores externos,39,FALLECIDO,MUJER,SCOOTER,5,LESIONADO,HOMBRE,SCOOTER,69,LESIONADO,MUJER,SCOOTER
2025-04-04 06:51:54,-3.993726,-79.211361,Calle Saraguro,SOLO_DANOS,Accidente Laboral,Falla mecanica,,,,,,,,,,,,
2025-03-07 03:10:35,-4.002404,-79.185579,Ruta 35,SOLO_DANOS,Choque Vehicular,Fatiga del conductor,,,,,,,,,,,,
2025-10-04 17:07:37,-4.000822,-79.230561,Calle Montufar,CON_LESIONADOS,Caida,Visibilidad reducida,77,LESIONADO,HOMBRE,SCOOTER,27,LESIONADO,HOMBRE,SCOOTER,,,,
2025-03-03 15:14:57,-3.984149,-79.206049,Av. Orillas del Zamora,CON_LESIONADOS,Colision Multiple,Equipo de seguridad deficiente,70,LESIONADO,NO_REGISTRA,CICLISTA,16,LESIONADO,NO_REGISTRA,SCOOTER,44,LESIONADO,HOMBRE,OTRO
2025-05-02 20:56:33,-3.986196,-79.173260,Calle Rocafuerte,SOLO_DANOS,Colision Multiple,Exceso de velocidad,,,,,,,,,,,,
2025-02-12 17:20:16,-4.030679,-79.186446,Calle Miguel Riofrio,CON_FALLECIDOS,Incendio,Via resbaladiza o mojada,45,FALLECIDO,NO_REGISTRA,OTRO,,,,,,,,
2025-10-10 10:40:30,-3.988619,-79.228316,Calle Imbabura,SOLO_DANOS,Accidente Laboral,Via resbaladiza o mojada,,,,,,,,,,,,
2025-04-23 08:39:01,-4.036069,-79.207617,Calle Colon,CON_FALLECIDOS,Choque Vehicular,Estado de embriaguez,57,FALLECIDO,NO_REGISTRA,SCOOTER,79,FALLECIDO,MUJER,SCOOTER,,,,
2025-07-10 14:20:50,-3.990647,-79.211918,Av. Manuel Agustin Aguirre,CON_FALLECIDOS,Colision Multiple,Inobservancia de senales,48,FALLECIDO,HOMBRE,PEATON,76,FALLECIDO,MUJER,MOTOCICLETA,42,LESIONADO,NO_REGISTRA,CICLISTA
2025-05-03 19:58:52,-3.994509,-79.181429,Av. Isidro Ayora,CON_LESIONADOS,Choque Vehicular,Distraccion (celular/radio),42,LESIONADO,NO_REGISTRA,SCOOTER,70,LESIONADO,HOMBRE,PEATON,,,,
2025-03-09 06:56:33,-3.994763,-79.181505,Av. Gran Colombia,CON_LESIONADOS,Atropellamiento,Factores externos,80,LESIONADO,HOMBRE,SCOOTER,40,LESIONADO,HOMBRE,PEATON,,,,
2025-03-28 05:29:56,-4.028356,-79.175678,Av. Orillas del Zamora,CON_LESIONADOS,Accidente Laboral,Falla mecanica,14,LESIONADO,NO_REGISTRA,OTRO,65,LESIONADO,HOMBRE,OTRO,,,,
2025-11-18 15:57:55,-3.985829,-79.224720,Calle Colon,SOLO_DANOS,Atropellamiento,Distraccion (celular/radio),,,,,,,,,,,,
2025-10-12 21:34:55,-3.991866,-79.202821,Calle Rocafuerte,CON_LESIONADOS,Choque Vehicular,Imprudencia del conductor,26,LESIONADO,HOMBRE,OTRO,42,LESIONADO,HOMBRE,MOTOCICLETA,51,LESIONADO,HOMBRE,CICLISTA
2025-11-28 11:14:04,-4.032906,-79.175920,Av. Rosa Hermosa,CON_FALLECIDOS,Incendio,Equipo de seguridad deficiente,58,FALLECIDO,HOMBRE,CICLISTA,,,,,,,,
2025-05-28 15:58:39,-4.031282,-79.181893,Av. Rosa Hermosa,SOLO_DANOS,Choque Vehicular,Exceso de velocidad,,,,,,,,,,,,
2025-03-07 08:43:48,-4.003500,-79.201187,Calle Mercadillo,SOLO_DANOS,Atropellamiento,Imprudencia del conductor,,,,,,,,,,,,
2025-01-05 12:25:03,-4.007091,-79.212605,Calle Rocafuerte,CON_LESIONADOS,Choque Vehicular,Via resbaladiza o mojada,52,LESIONADO,NO_REGISTRA,MOTOCICLETA,,,,,,,,
2025-01-15 21:37:35,-4.036394,-79.207158,Calle 18 de Noviembre,CON_LESIONADOS,Accidente Laboral,Fatiga del conductor,22,LESIONADO,MUJER,OTRO,,,,,,,,
2025-08-07 04:38:59,-4.001942,-79.173423,Av. Gran Colombia,CON_LESIONADOS,Incendio,Exceso de velocidad,5,LESIONADO,MUJER,CICLISTA,,,,,,,,
2025-10-06 07:32:03,-4.005250,-79.216485,Calle Imbabura,CON_LESIONADOS,Caida,Exceso de velocidad,43,LESIONADO,HOMBRE,VEH_LIVIANO,52,LESIONADO,NO_REGISTRA,MOTOCICLETA,55,LESIONADO,NO_REGISTRA,MOTOCICLETA
2025-04-11 20:51:08,-4.032636,-79.179587,Calle 10 de Agosto,CON_LESIONADOS,Incendio,Equipo de seguridad deficiente,14,LESIONADO,MUJER,VEH_LIVIANO,35,LESIONADO,NO_REGISTRA,VEH_LIVIANO,40,LESIONADO,MUJER,MOTOCICLETA
2025-08-04 06:17:18,-3.983076,-79.180649,Calle Ramon Borrero,CON_FALLECIDOS,Atropellamiento,Equipo de seguridad deficiente,54,FALLECIDO,HOMBRE,OTRO,51,LESIONADO,HOMBRE,VEH_LIVIANO,45,LESIONADO,NO_REGISTRA,MOTOCICLETA
2025-10-01 22:59:21,-4.002523,-79.226883,Calle Colon,SOLO_DANOS,Choque Vehicular,Imprudencia del conductor,,,,,,,,,,,,
2025-09-26 08:11:19,-4.018006,-79.180292,Calle 10 de Agosto,SOLO_DANOS,Colision Multiple,Distraccion (celular/radio),,,,,,,,,,,,
2025-02-14 17:35:02,-4.020267,-79.229201,Av. Cuxibamba,SOLO_DANOS,Incendio,Visibilidad reducida,,,,,,,,,,,,
2025-08-07 02:06:20,-4.006204,-79.211042,Calle Colon,SOLO_DANOS,Accidente Laboral,Fatiga del conductor,74,LESIONADO,NO_REGISTRA,CICLISTA,,,,,,,,
2025-11-06 15:10:17,-3.987036,-79.226565,Calle Rocafuerte,CON_LESIONADOS,Volcamiento,Equipo de seguridad deficiente,58,LESIONADO,NO_REGISTRA,VEH_LIVIANO,66,LESIONADO,MUJER,OTRO,,,,
2025-07-17 23:28:43,-3.977115,-79.211678,Calle Imbabura,CON_LESIONADOS,Volcamiento,Falla mecanica,38,LESIONADO,MUJER,SCOOTER,67,LESIONADO,HOMBRE,MOTOCICLETA,37,LESIONADO,HOMBRE,OTRO
2025-08-31 12:23:18,-4.012165,-79.221287,Calle Azogues,SOLO_DANOS,Incendio,Inobservancia de senales,,,,,,,,,,,,
2025-06-09 14:28:09,-4.036999,-79.211570,Via Loja - Zamora,CON_FALLECIDOS,Caida,Fatiga del conductor,50,FALLECIDO,NO_REGISTRA,CICLISTA,,,,,,,,
2025-05-06 13:43:59,-3.999249,-79.203808,Calle Quito,SOLO_DANOS,Colision Multiple,Imprudencia del conductor,,,,,,,,,,,,
2025-04-18 16:31:50,-3.988629,-79.205570,Calle Rocafuerte,CON_FALLECIDOS,Choque Vehicular,Exceso de velocidad,30,FALLECIDO,MUJER,MOTOCICLETA,35,FALLECIDO,MUJER,OTRO,31,LESIONADO,HOMBRE,VEH_LIVIANO
2025-09-28 12:18:57,-3.998968,-79.196760,Calle Sucre,SOLO_DANOS,Choque Vehicular,Equipo de seguridad deficiente,,,,,,,,,,,,
2025-08-24 19:11:52,-4.016213,-79.215005,Calle Montufar,SOLO_DANOS,Atropellamiento,Falla mecanica,,,,,,,,,,,,
2025-10-29 00:57:04,-3.983094,-79.208002,Calle Mercadillo,SOLO_DANOS,Volcamiento,Estado de embriaguez,,,,,,,,,,,,
2025-12-25 06:46:30,-3.977794,-79.179542,Av. Metropolitana,SOLO_DANOS,Volcamiento,Mal estado de la via,,,,,,,,,,,,
2025-11-05 22:05:28,-4.030207,-79.213536,Av. Universitaria,CON_FALLECIDOS,Volcamiento,Imprudencia del conductor,78,FALLECIDO,NO_REGISTRA,OTRO,63,FALLECIDO,MUJER,OTRO,34,LESIONADO,MUJER,OTRO
2025-04-23 08:49:58,-3.985564,-79.210661,Calle Bolivar,SOLO_DANOS,Incendio,Mal estado de la via,,,,,,,,,,,,
2025-05-17 23:59:58,-4.028973,-79.210805,Calle Montufar,CON_LESIONADOS,Incendio,Via resbaladiza o mojada,75,LESIONADO,NO_REGISTRA,CICLISTA,5,LESIONADO,NO_REGISTRA,VEH_LIVIANO,,,,
2025-02-27 16:09:56,-4.014916,-79.181782,Calle 18 de Noviembre,SOLO_DANOS,Atropellamiento,Imprudencia del conductor,,,,,,,,,,,,
2025-01-22 23:37:58,-4.002854,-79.198471,Calle 18 de Noviembre,CON_FALLECIDOS,Accidente Laboral,Estado de embriaguez,74,FALLECIDO,MUJER,CICLISTA,19,LESIONADO,HOMBRE,PEATON,67,LESIONADO,NO_REGISTRA,OTRO
2025-06-28 05:33:45,-3.996768,-79.211696,Calle Sucre,SOLO_DANOS,Caida,Equipo de seguridad deficiente,,,,,,,,,,,,
2025-03-04 11:33:48,-4.017176,-79.212430,Calle Ramon Borrero,CON_FALLECIDOS,Colision Multiple,Equipo de seguridad deficiente,83,FALLECIDO,MUJER,PEATON,34,FALLECIDO,MUJER,PEATON,18,LESIONADO,MUJER,OTRO
2025-01-02 15:17:53,-3.984854,-79.196662,Calle Bolivar,SOLO_DANOS,Accidente Laboral,Fatiga del conductor,,,,,,,,,,,,
2025-06-26 12:37:57,-3.988766,-79.224777,Av. 8 de Diciembre,CON_LESIONADOS,Volcamiento,Mal estado de la via,78,LESIONADO,NO_REGISTRA,OTRO,,,,,,,,
2025-07-27 05:31:22,-3.984733,-79.219902,Calle Saraguro,CON_FALLECIDOS,Choque Vehicular,Fatiga del conductor,84,FALLECIDO,HOMBRE,SCOOTER,18,FALLECIDO,MUJER,SCOOTER,80,LESIONADO,MUJER,PEATON
2025-10-21 07:22:51,-3.985924,-79.207733,Calle Rocafuerte,SOLO_DANOS,Volcamiento,Factores externos,,,,,,,,,,,,
2025-05-19 12:01:26,-4.025972,-79.174345,Calle Bolivar,CON_LESIONADOS,Incendio,Imprudencia del conductor,49,LESIONADO,HOMBRE,OTRO,18,LESIONADO,HOMBRE,SCOOTER,78,LESIONADO,NO_REGISTRA,VEH_LIVIANO
2025-06-23 10:37:11,-4.028138,-79.227691,Calle Bolivar,CON_LESIONADOS,Atropellamiento,Equipo de seguridad deficiente,73,LESIONADO,NO_REGISTRA,PEATON,,,,,,,,
2025-07-02 07:09:43,-4.024657,-79.189220,Av. Reinaldo Espinosa,CON_FALLECIDOS,Atropellamiento,Distraccion (celular/radio),55,FALLECIDO,HOMBRE,CICLISTA,23,FALLECIDO,NO_REGISTRA,PEATON,71,LESIONADO,HOMBRE,SCOOTER
2025-11-04 05:57:33,-3.984048,-79.212298,Calle Mercadillo,CON_LESIONADOS,Colision Multiple,Mal estado de la via,58,LESIONADO,NO_REGISTRA,SCOOTER,33,LESIONADO,MUJER,OTRO,,,,
2025-12-20 05:05:32,-4.026738,-79.208482,Av. Isidro Ayora,CON_LESIONADOS,Accidente Laboral,Falla mecanica,49,LESIONADO,MUJER,PEATON,,,,,,,,
2025-12-18 06:59:35,-4.021019,-79.223304,Av. Pio Jaramillo,CON_FALLECIDOS,Colision Multiple,Fatiga del conductor,19,FALLECIDO,HOMBRE,SCOOTER,32,LESIONADO,HOMBRE,CICLISTA,,,,
2025-09-10 00:26:41,-3.995157,-79.229387,Av. Manuel Agustin Aguirre,CON_LESIONADOS,Choque Vehicular,Factores externos,31,LESIONADO,NO_REGISTRA,PEATON,41,LESIONADO,MUJER,CICLISTA,,,,
2025-06-27 02:25:05,-3.978711,-79.173020,Av. Isidro Ayora,CON_LESIONADOS,Accidente Laboral,Falla mecanica,77,LESIONADO,NO_REGISTRA,MOTOCICLETA,,,,,,,,
2025-07-01 06:41:50,-3.980132,-79.173184,Ruta 35,CON_FALLECIDOS,Choque Vehicular,Distraccion (celular/radio),38,FALLECIDO,MUJER,PEATON,36,FALLECIDO,HOMBRE,VEH_LIVIANO,,,,
2025-06-20 13:35:52,-4.007943,-79.182092,Calle Quito,CON_LESIONADOS,Volcamiento,Factores externos,69,LESIONADO,HOMBRE,PEATON,,,,,,,,
2025-07-23 05:42:13,-3.995793,-79.193535,Calle Rocafuerte,CON_LESIONADOS,Choque Vehicular,Factores externos,19,LESIONADO,HOMBRE,SCOOTER,,,,,,,,
2025-03-17 20:42:54,-3.995269,-79.184860,Calle Miguel Riofrio,CON_LESIONADOS,Caida,Inobservancia de senales,30,LESIONADO,MUJER,SCOOTER,65,LESIONADO,MUJER,CICLISTA,71,LESIONADO,HOMBRE,OTRO
2025-12-28 08:55:13,-4.008528,-79.191319,Calle Montufar,CON_FALLECIDOS,Volcamiento,Distraccion (celular/radio),31,FALLECIDO,HOMBRE,MOTOCICLETA,21,FALLECIDO,MUJER,VEH_LIVIANO,,,,
2025-06-12 23:47:27,-4.036704,-79.194526,Calle Bolivar,CON_FALLECIDOS,Choque Vehicular,Via resbaladiza o mojada,57,FALLECIDO,HOMBRE,SCOOTER,,,,,,,,
2025-08-17 05:15:37,-4.030259,-79.201454,Calle Saraguro,SOLO_DANOS,Atropellamiento,Visibilidad reducida,,,,,,,,,,,,
2025-01-04 06:51:10,-3.998111,-79.181830,Av. Reinaldo Espinosa,CON_FALLECIDOS,Accidente Laboral,Distraccion (celular/radio),24,FALLECIDO,MUJER,MOTOCICLETA,84,FALLECIDO,NO_REGISTRA,OTRO,,,,
2025-04-05 03:07:06,-4.001360,-79.178724,Calle Quito,CON_FALLECIDOS,Accidente Laboral,Factores externos,62,FALLECIDO,HOMBRE,PEATON,68,LESIONADO,HOMBRE,SCOOTER,62,LESIONADO,NO_REGISTRA,OTRO
2025-07-15 00:20:26,-3.984663,-79.172229,Av. Universitaria,SOLO_DANOS,Colision Multiple,Visibilidad reducida,,,,,,,,,,,,
2025-12-04 01:06:33,-4.020826,-79.209045,Av. Isidro Ayora,CON_FALLECIDOS,Accidente Laboral,Falla mecanica,52,FALLECIDO,NO_REGISTRA,MOTOCICLETA,67,FALLECIDO,NO_REGISTRA,CICLISTA,,,,
2025-02-11 02:35:33,-3.979521,-79.217203,Av. 8 de Diciembre,CON_FALLECIDOS,Atropellamiento,Estado de embriaguez,32,FALLECIDO,MUJER,SCOOTER,21,FALLECIDO,NO_REGISTRA,CICLISTA,22,LESIONADO,MUJER,SCOOTER
2025-11-03 06:35:59,-3.988774,-79.224356,Av. Cuxibamba,CON_LESIONADOS,Accidente Laboral,Inobservancia de senales,36,LESIONADO,HOMBRE,SCOOTER,52,LESIONADO,NO_REGISTRA,CICLISTA,,,,
2025-05-04 15:02:04,-4.011913,-79.194799,Calle Mercadillo,CON_FALLECIDOS,Colision Multiple,Visibilidad reducida,38,FALLECIDO,NO_REGISTRA,CICLISTA,,,,,,,,
2025-06-05 22:51:46,-4.021244,-79.224350,Av. Isidro Ayora,SOLO_DANOS,Incendio,Visibilidad reducida,,,,,,,,,,,,
2025-04-17 09:45:35,-3.981243,-79.211238,Av. Reinaldo Espinosa,SOLO_DANOS,Volcamiento,Mal estado de la via,,,,,,,,,,,,
2025-01-03 03:51:45,-4.022252,-79.211310,Calle Montufar,CON_FALLECIDOS,Accidente Laboral,Factores externos,27,FALLECIDO,HOMBRE,CICLISTA,42,FALLECIDO,NO_REGISTRA,CICLISTA,80,LESIONADO,NO_REGISTRA,OTRO
2025-06-22 02:43:27,-3.999175,-79.190104,Calle Montufar,CON_FALLECIDOS,Choque Vehicular,Falla mecanica,48,FALLECIDO,NO_REGISTRA,OTRO,57,LESIONADO,HOMBRE,VEH_LIVIANO,,,,
2025-06-21 05:02:39,-4.033536,-79.185654,Via Loja - Catamayo,SOLO_DANOS,Colision Multiple,Via resbaladiza o mojada,,,,,,,,,,,,
2025-04-25 02:49:53,-4.011022,-79.176530,Calle Montufar,SOLO_DANOS,Caida,Fatiga del conductor,,,,,,,,,,,,
2025-07-30 02:20:03,-3.991490,-79.174526,Av. Rosa Hermosa,CON_FALLECIDOS,Caida,Mal estado de la via,37,FALLECIDO,MUJER,VEH_LIVIANO,38,FALLECIDO,NO_REGISTRA,MOTOCICLETA,67,LESIONADO,NO_REGISTRA,MOTOCICLETA
2025-11-25 02:42:28,-3.984540,-79.224643,Calle Colon,SOLO_DANOS,Atropellamiento,Falla mecanica,,,,,,,,,,,,
2025-02-14 05:31:42,-4.030201,-79.214312,Via Loja - Catamayo,CON_LESIONADOS,Incendio,Estado de embriaguez,16,LESIONADO,NO_REGISTRA,VEH_LIVIANO,29,LESIONADO,NO_REGISTRA,SCOOTER,71,LESIONADO,NO_REGISTRA,MOTOCICLETA
2025-09-21 02:41:55,-4.027158,-79.211291,Calle Azogues,CON_FALLECIDOS,Colision Multiple,Distraccion (celular/radio),45,FALLECIDO,HOMBRE,SCOOTER,74,LESIONADO,HOMBRE,SCOOTER,44,LESIONADO,NO_REGISTRA,PEATON
2025-09-06 22:40:02,-4.007558,-79.212500,Calle Sucre,CON_LESIONADOS,Colision Multiple,Mal estado de la via,26,LESIONADO,NO_REGISTRA,MOTOCICLETA,51,LESIONADO,MUJER,VEH_LIVIANO,7,LESIONADO,NO_REGISTRA,VEH_LIVIANO
2025-08-15 07:26:06,-4.015166,-79.192349,Av. Rosa Hermosa,CON_FALLECIDOS,Incendio,Equipo de seguridad deficiente,23,FALLECIDO,MUJER,CICLISTA,,,,,,,,
2025-08-03 21:56:17,-4.033865,-79.199454,Calle Rocafuerte,CON_LESIONADOS,Atropellamiento,Exceso de velocidad,46,LESIONADO,HOMBRE,VEH_LIVIANO,,,,,,,,
2025-04-29 22:12:33,-3.996762,-79.211153,Av. Pio Jaramillo,SOLO_DANOS,Caida,Exceso de velocidad,,,,,,,,,,,,
2025-07-21 18:36:51,-4.012960,-79.223247,Av. Universitaria,CON_LESIONADOS,Colision Multiple,Fatiga del conductor,49,LESIONADO,NO_REGISTRA,MOTOCICLETA,,,,,,,,
2025-04-18 17:57:31,-4.035858,-79.230025,Via Loja - Catamayo,SOLO_DANOS,Incendio,Inobservancia de senales,,,,,,,,,,,,
2025-09-07 09:38:30,-3.987653,-79.201310,Calle 10 de Agosto,CON_FALLECIDOS,Atropellamiento,Inobservancia de senales,60,FALLECIDO,MUJER,SCOOTER,78,LESIONADO,HOMBRE,CICLISTA,37,LESIONADO,MUJER,VEH_LIVIANO