fecha_hora,latitud,longitud,via,grado_severidad,tipo_siniestro,causa_probable,victima1_edad,victima1_condicion,victima1_sexo,victima1_actor_vial,victima2_edad,victima2_condicion,victima2_sexo,victima2_actor_vial,victima3_edad,victima3_condicion,victima3_sexo,victima3_actor_vial
2025-03-07 18:29:45,-3.994363,-79.206267,Calle 18 de Noviembre,CON_FALLECIDOS,Accidente Laboral,Via resbaladiza o mojada,69,FALLECIDO,HOMBRE,MOTOCICLETA,,,,,,,,
2025-02-19 09:36:05,-3.990584,-79.189404,Calle Imbabura,SOLO_DANOS,Caida,Mal estado de la via,,,,,,,,,,,,
2025-07-13 22:02:32,-3.983885,-79.210302,Via Loja - Catamayo,CON_LESIONADOS,Volcamiento,Exceso de velocidad,73,LESIONADO,HOMBRE,CICLISTA,,,,,,,,
2025-11-17 13:08:23,-3.989387,-79.185367,Calle Saraguro,CON_LESIONADOS,Caida,Equipo de seguridad deficiente,24,LESIONADO,MUJER,PEATON,49,LESIONADO,NO_REGISTRA,MOTOCICLETA,12,LESIONADO,HOMBRE,OTRO
2025-01-17 07:04:16,-3.988373,-79.173774,Av. Metropolitana,CON_FALLECIDOS,Choque Vehicular,Mal estado de la via,25,FALLECIDO,HOMBRE,CICLISTA,84,FALLECIDO,NO_REGISTRA,SCOOTER,50,LESIONADO,MUJER,MOTOCICLETA
2025-08-09 13:30:55,-3.987459,-79.199538,Av. Cuxibamba,SOLO_DANOS,Choque Vehicular,Falla mecanica,,,,,,,,,,,,
2025-02-14 13:56:44,-3.983399,-79.199970,Ruta 35,CON_FALLECIDOS,Caida,Factores externos,54,FALLECIDO,NO_REGISTRA,VEH_LIVIANO,55,FALLECIDO,HOMBRE,OTRO,5,LESIONADO,NO_REGISTRA,VEH_LIVIANO
2025-05-27 22:31:02,-3.994939,-79.226292,Av. Gran Colombia,SOLO_DANOS,Colision Multiple,Factores externos,,,,,,,,,,,,
2025-03-01 09:28:53,-3.998222,-79.199477,Av. Reinaldo Espinosa,CON_LESIONADOS,Atropellamiento,Exceso de velocidad,28,LESIONADO,NO_REGISTRA,OTRO,69,LESIONADO,MUJER,PEATON,5,LESIONADO,HOMBRE,MOTOCICLETA
2025-11-22 23:05:47,-3.979754,-79.226678,Calle Sucre,CON_FALLECIDOS,Volcamiento,Exceso de velocidad,67,FALLECIDO,HOMBRE,VEH_LIVIANO,74,LESIONADO,NO_REGISTRA,MOTOCICLETA,28,LESIONADO,MUJER,PEATON
2025-09-22 09:27:51,-3.987849,-79.224706,Calle Imbabura,CON_LESIONADOS,Accidente Laboral,Mal estado de la via,39,LESIONADO,MUJER,PEATON,,,,,,,,
2025-09-19 05:09:41,-4.012743,-79.225685,Av. Isidro Ayora,CON_LESIONADOS,Choque Vehicular,Mal estado de la via,15,LESIONADO,NO_REGISTRA,PEATON,21,LESIONADO,MUJER,CICLISTA,,,,
2025-05-19 11:39:09,-4.021226,-79.187186,Calle Bolivar,CON_FALLECIDOS,Caida,Exceso de velocidad,56,FALLECIDO,MUJER,VEH_LIVIANO,17,LESIONADO,NO_REGISTRA,MOTOCICLETA,,,,
2025-07-23 08:03:45,-4.006418,-79.171372,Calle 10 de Agosto,SOLO_DANOS,Volcamiento,Exceso de velocidad,,,,,,,,,,,,
2025-07-20 02:21:25,-4.030384,-79.212340,Av. Manuel Agustin Aguirre,CON_FALLECIDOS,Accidente Laboral,Distraccion (celular/radio),55,FALLECIDO,MUJER,VEH_LIVIANO,18,FALLECIDO,MUJER,PEATON,56,LESIONADO,NO_REGISTRA,CICLISTA
2025-02-03 22:27:53,-4.035396,-79.207009,Av. Manuel Agustin Aguirre,CON_FALLECIDOS,Choque Vehicular,Imprudencia del conductor,77,FALLECIDO,HOMBRE,CICLISTA,42,FALLECIDO,NO_REGISTRA,OTRO,59,LESIONADO,HOMBRE,CICLISTA
2025-03-18 22:49:12,-4.019765,-79.194838,Ruta 35,CON_FALLECIDOS,Caida,Falla mecanica,76,FALLECIDO,HOMBRE,VEH_LIVIANO,20,FALLECIDO,MUJER,OTRO,31,LESIONADO,MUJER,OTRO
2025-03-09 03:41:31,-4.001928,-79.185364,Av. Gran Colombia,CON_FALLECIDOS,Choque Vehicular,Factores externos,46,FALLECIDO,NO_REGISTRA,MOTOCICLETA,28,FALLECIDO,MUJER,VEH_LIVIANO,23,LESIONADO,HOMBRE,OTRO
2025-01-24 16:52:32,-3.988992,-79.209238,Av. Gran Colombia,CON_LESIONADOS,Incendio,Mal estado de la via,63,LESIONADO,HOMBRE,MOTOCICLETA,9,LESIONADO,MUJER,SCOOTER,50,LESIONADO,HOMBRE,VEH_LIVIANO
2025-04-25 02:14:35,-3.989757,-79.213657,Calle Quito,CON_LESIONADOS,Choque Vehicular,Factores externos,59,LESIONADO,NO_REGISTRA,OTRO,9,LESIONADO,MUJER,CICLISTA,,,,
2025-10-18 11:27:03,-4.024557,-79.202329,Av. Metropolitana,CON_LESIONADOS,Choque Vehicular,Distraccion (celular/radio),71,LESIONADO,HOMBRE,PEATON,,,,,,,,
2025-12-16 10:27:15,-4.001937,-79.225207,Av. Pio Jaramillo,SOLO_DANOS,Atropellamiento,Falla mecanica,,,,,,,,,,,,
2025-09-12 21:21:25,-4.023613,-79.215612,Via Loja - Catamayo,CON_LESIONADOS,Choque Vehicular,Exceso de velocidad,74,LESIONADO,HOMBRE,MOTOCICLETA,43,LESIONADO,HOMBRE,SCOOTER,73,LESIONADO,HOMBRE,PEATON
2025-08-26 15:47:51,-4.024838,-79.194925,Calle Bolivar,SOLO_DANOS,Colision Multiple,Mal estado de la via,,,,,,,,,,,,
2025-11-01 09:49:05,-4.034613,-79.219123,Av. 8 de Diciembre,CON_LESIONADOS,Colision Multiple,Equipo de seguridad deficiente,31,LESIONADO,NO_REGISTRA,SCOOTER,,,,,,,,
2025-05-06 10:35:54,-3.978607,-79.206656,Av. Universitaria,SOLO_DANOS,Atropellamiento,Estado de embriaguez,,,,,,,,,,,,
2025-01-24 17:29:18,-4.024495,-79.213753,Calle Sucre,CON_FALLECIDOS,Caida,Mal estado de la via,23,FALLECIDO,NO_REGISTRA,VEH_LIVIANO,13,LESIONADO,HOMBRE,VEH_LIVIANO,,,,
2025-08-21 11:09:29,-3.987236,-79.200184,Calle Rocafuerte,SOLO_DANOS,Volcamiento,Distraccion (celular/radio),,,,,,,,,,,,
2025-12-15 12:57:20,-4.011413,-79.229006,Calle Sucre,SOLO_DANOS,Choque Vehicular,Falla mecanica,,,,,,,,,,,,
2025-11-16 09:20:58,-3.984376,-79.207139,Av. Orillas del Zamora,CON_FALLECIDOS,Caida,Distraccion (celular/radio),22,FALLECIDO,MUJER,MOTOCICLETA,24,LESIONADO,MUJER,MOTOCICLETA,,,,
2025-09-08 01:06:26,-3.991667,-79.197126,Calle Saraguro,CON_FALLECIDOS,Incendio,Visibilidad reducida,58,FALLECIDO,MUJER,PEATON,67,LESIONADO,NO_REGISTRA,PEATON,,,,
2025-08-17 10:22:54,-4.016137,-79.171456,Calle 10 de Agosto,CON_FALLECIDOS,Choque Vehicular,Factores externos,25,FALLECIDO,MUJER,OTRO,44,FALLECIDO,MUJER,PEATON,70,LESIONADO,NO_REGISTRA,MOTOCICLETA
2025-11-29 05:07:11,-4.010166,-79.208231,Via Loja - Zamora,CON_FALLECIDOS,Volcamiento,Fatiga del conductor,29,FALLECIDO,MUJER,CICLISTA,73,FALLECIDO,HOMBRE,PEATON,,,,
2025-06-26 20:56:54,-4.019802,-79.213042,Calle Ramon Borrero,CON_LESIONADOS,Caida,Equipo de seguridad deficiente,76,LESIONADO,HOMBRE,OTRO,34,LESIONADO,NO_REGISTRA,OTRO,,,,
2025-03-18 21:03:51,-4.021997,-79.177716,Calle Miguel Riofrio,CON_FALLECIDOS,Volcamiento,Fatiga del conductor,59,FALLECIDO,MUJER,MOTOCICLETA,25,FALLECIDO,NO_REGISTRA,SCOOTER,16,LESIONADO,NO_REGISTRA,SCOOTER
2025-05-29 00:20:53,-4.025024,-79.175974,Av. Pio Jaramillo,SOLO_DANOS,Incendio,Factores externos,,,,,,,,,,,,
2025-07-01 03:16:22,-3.989560,-79.228092,Av. Gran Colombia,CON_LESIONADOS,Incendio,Fatiga del conductor,39,LESIONADO,HOMBRE,PEATON,53,LESIONADO,MUJER,CICLISTA,46,LESIONADO,NO_REGISTRA,VEH_LIVIANO
2025-12-23 02:57:46,-3.987196,-79.194466,Calle Colon,CON_LESIONADOS,Accidente Laboral,Falla mecanica,67,LESIONADO,HOMBRE,OTRO,18,LESIONADO,NO_REGISTRA,CICLISTA,,,,
2025-10-18 16:43:44,-3.995857,-79.222108,Calle Mercadillo,CON_FALLECIDOS,Caida,Equipo de seguridad deficiente,35,FALLECIDO,NO_REGISTRA,OTRO,79,LESIONADO,NO_REGISTRA,PEATON,52,LESIONADO,MUJER,SCOOTER
2025-11-14 02:38:42,-4.021616,-79.195037,Calle Mercadillo,CON_FALLECIDOS,Accidente Laboral,Exceso de velocidad,66,FALLECIDO,MUJER,MOTOCICLETA,30,FALLECIDO,HOMBRE,MOTOCICLETA,77,LESIONADO,NO_REGISTRA,MOTOCICLETA
2025-08-13 08:22:29,-3.988813,-79.221992,Av. Pio Jaramillo,CON_FALLECIDOS,Incendio,Estado de embriaguez,70,FALLECIDO,NO_REGISTRA,VEH_LIVIANO,83,FALLECIDO,HOMBRE,MOTOCICLETA,76,LESIONADO,HOMBRE,MOTOCICLETA
2025-12-05 14:14:24,-4.009235,-79.226901,Calle Bolivar,SOLO_DANOS,Accidente Laboral,Fatiga del conductor,,,,,,,,,,,,
2025-05-10 06:34:21,-3.987913,-79.174011,Av. Metropolitana,SOLO_DANOS,Accidente Laboral,Fatiga del conductor,,,,,,,,,,,,
2025-11-10 20:10:14,-3.980301,-79.213985,Via Loja - Catamayo,SOLO_DANOS,Atropellamiento,Estado de embriaguez,,,,,,,,,,,,
2025-08-01 10:31:43,-4.020116,-79.210224,Calle Mercadillo,SOLO_DANOS,Incendio,Via resbaladiza o mojada,,,,,,,,,,,,
2025-12-01 10:34:30,-3.990232,-79.204461,Calle Montufar,CON_LESIONADOS,Atropellamiento,Distraccion (celular/radio),39,LESIONADO,NO_REGISTRA,OTRO,10,LESIONADO,HOMBRE,OTRO,19,LESIONADO,MUJER,SCOOTER
2025-10-19 17:53:58,-3.996954,-79.182734,Calle Rocafuerte,CON_FALLECIDOS,Atropellamiento,Via resbaladiza o mojada,62,FALLECIDO,NO_REGISTRA,MOTOCICLETA,74,LESIONADO,HOMBRE,OTRO,,,,
2025-06-10 12:41:09,-4.019291,-79.188643,Calle 10 de Agosto,SOLO_DANOS,Incendio,Via resbaladiza o mojada,,,,,,,,,,,,
2025-08-02 14:10:55,-4.000180,-79.200032,Av. 8 de Diciembre,CON_LESIONADOS,Atropellamiento,Mal estado de la via,20,LESIONADO,NO_REGISTRA,CICLISTA,41,LESIONADO,HOMBRE,PEATON,79,LESIONADO,MUJER,SCOOTER
2025-08-31 05:14:30,-4.029335,-79.202646,Calle 18 de Noviembre,CON_LESIONADOS,Caida,Via resbaladiza o mojada,22,LESIONADO,NO_REGISTRA,VEH_LIVIANO,48,LESIONADO,NO_REGISTRA,CICLISTA,37,LESIONADO,NO_REGISTRA,MOTOCICLETA
2025-03-16 14:09:01,-4.032142,-79.190275,Via Loja - Zamora,CON_LESIONADOS,Atropellamiento,Equipo de seguridad deficiente,16,LESIONADO,NO_REGISTRA,SCOOTER,57,LESIONADO,NO_REGISTRA,PEATON,26,LESIONADO,MUJER,VEH_LIVIANO
2025-03-05 00:12:37,-3.996326,-79.188630,Av. Manuel Agustin Aguirre,SOLO_DANOS,Incendio,Distraccion (celular/radio),,,,,,,,,,,,
2025-03-15 20:59:18,-4.002101,-79.200621,Av. Metropolitana,CON_LESIONADOS,Accidente Laboral,Imprudencia del conductor,16,LESIONADO,NO_REGISTRA,CICLISTA,,,,,,,,
2025-12-28 11:55:12,-4.020368,-79.225662,Calle Colon,CON_LESIONADOS,Volcamiento,Mal estado de la via,68,LESIONADO,MUJER,SCOOTER,70,LESIONADO,MUJER,MOTOCICLETA,6,LESIONADO,MUJER,VEH_LIVIANO
2025-10-20 11:07:14,-4.022631,-79.188533,Av. Metropolitana,CON_FALLECIDOS,Atropellamiento,Inobservancia de senales,71,FALLECIDO,MUJER,CICLISTA,64,FALLECIDO,NO_REGISTRA,VEH_LIVIANO,14,LESIONADO,NO_REGISTRA,VEH_LIVIANO
2025-04-23 16:53:24,-4.033615,-79.174175,Calle Azogues,CON_FALLECIDOS,Colision Multiple,Factores externos,81,FALLECIDO,NO_REGISTRA,CICLISTA,,,,,,,,
2025-07-08 14:41:43,-3.985038,-79.177878,Av. Orillas del Zamora,CON_LESIONADOS,Volcamiento,Exceso de velocidad,19,LESIONADO,NO_REGISTRA,PEATON,52,LESIONADO,MUJER,MOTOCICLETA,,,,
2025-12-02 17:36:12,-3.981895,-79.173366,Calle Rocafuerte,SOLO_DANOS,Atropellamiento,Distraccion (celular/radio),,,,,,,,,,,,
2025-11-04 09:41:08,-3.985182,-79.203235,Calle Quito,CON_LESIONADOS,Volcamiento,Inobservancia de senales,54,LESIONADO,HOMBRE,CICLISTA,15,LESIONADO,MUJER,SCOOTER,65,LESIONADO,NO_REGISTRA,VEH_LIVIANO
2025-08-11 19:46:43,-4.019009,-79.181383,Calle 10 de Agosto,CON_FALLECIDOS,Choque Vehicular,Distraccion (celular/radio),50,FALLECIDO,HOMBRE,PEATON,58,FALLECIDO,NO_REGISTRA,SCOOTER,,,,
2025-11-22 05:29:12,-4.016779,-79.217251,Calle Colon,CON_LESIONADOS,Incendio,Falla mecanica,77,LESIONADO,NO_REGISTRA,PEATON,74,LESIONADO,NO_REGISTRA,CICLISTA,72,LESIONADO,MUJER,OTRO
2025-10-24 04:23:02,-4.021097,-79.229875,Av. Reinaldo Espinosa,SOLO_DANOS,Caida,Imprudencia del conductor,,,,,,,,,,,,
2025-10-18 01:54:32,-4.021698,-79.198687,Calle Bolivar,CON_LESIONADOS,Caida,Mal estado de la via,5,LESIONADO,NO_REGISTRA,OTRO,72,LESIONADO,HOMBRE,MOTOCICLETA,,,,
2025-09-05 07:51:02,-4.031350,-79.213480,Av. Metropolitana,CON_LESIONADOS,Accidente Laboral,Mal estado de la via,46,LESIONADO,NO_REGISTRA,OTRO,,,,,,,,
2025-03-13 19:20:31,-4.008081,-79.230490,Calle Quito,CON_LESIONADOS,Accidente Laboral,Via resbaladiza o mojada,78,LESIONADO,HOMBRE,CICLISTA,5,LESIONADO,NO_REGISTRA,VEH_LIVIANO,,,,
2025-09-15 17:33:48,-4.010030,-79.176950,Calle Miguel Riofrio,CON_LESIONADOS,Incendio,Falla mecanica,80,LESIONADO,MUJER,MOTOCICLETA,34,LESIONADO,MUJER,VEH_LIVIANO,49,LESIONADO,NO_REGISTRA,MOTOCICLETA
2025-06-08 19:34:40,-4.018017,-79.225995,Ruta 35,CON_FALLECIDOS,Caida,Visibilidad reducida,73,FALLECIDO,MUJER,VEH_LIVIANO,9,LESIONADO,MUJER,CICLISTA,,,,
2025-07-01 12:21:18,-4.025781,-79.181771,Calle Imbabura,SOLO_DANOS,Caida,Fatiga del conductor,,,,,,,,,,,,
2025-04-01 02:08:57,-3.988733,-79.181804,Av. Universitaria,CON_FALLECIDOS,Choque Vehicular,Estado de embriaguez,47,FALLECIDO,HOMBRE,OTRO,38,LESIONADO,HOMBRE,SCOOTER,,,,
2025-03-26 01:51:07,-4.000510,-79.229366,Av. Gran Colombia,CON_LESIONADOS,Caida,Exceso de velocidad,52,LESIONADO,MUJER,PEATON,6,LESIONADO,NO_REGISTRA,VEH_LIVIANO,58,LESIONADO,NO_REGISTRA,OTRO
2025-05-29 06:55:46,-4.006259,-79.176567,Av. 8 de Diciembre,CON_FALLECIDOS,Accidente Laboral,Falla mecanica,39,FALLECIDO,MUJER,SCOOTER,44,FALLECIDO,HOMBRE,CICLISTA,16,LESIONADO,MUJER,VEH_LIVIANO
2025-01-02 01:15:17,-3.980666,-79.183156,Av. Cuxibamba,SOLO_DANOS,Incendio,Inobservancia de senales,,,,,,,,,,,,
2025-08-13 23:39:47,-4.020396,-79.222355,Via Loja - Zamora,CON_FALLECIDOS,Atropellamiento,Inobservancia de senales,24,FALLECIDO,MUJER,OTRO,32,FALLECIDO,HOMBRE,VEH_LIVIANO,11,LESIONADO,MUJER,VEH_LIVIANO
2025-06-16 02:26:21,-4.014107,-79.223160,Via Loja - Catamayo,CON_FALLECIDOS,Incendio,Via resbaladiza o mojada,42,FALLECIDO,MUJER,OTRO,8,LESIONADO,NO_REGISTRA,CICLISTA,,,,
2025-05-20 01:14:50,-3.980366,-79.221573,Av. Metropolitana,SOLO_DANOS,Choque Vehicular,Mal estado de la via,,,,,,,,,,,,
2025-10-03 22:29:28,-3.996814,-79.200089,Av. Manuel Agustin Aguirre,CON_FALLECIDOS,Caida,Falla mecanica,72,FALLECIDO,NO_REGISTRA,VEH_LIVIANO,36,FALLECIDO,HOMBRE,MOTOCICLETA,47,LESIONADO,HOMBRE,SCOOTER
2025-08-20 03:00:46,-4.014935,-79.175227,Calle Bolivar,CON_LESIONADOS,Colision Multiple,Via resbaladiza o mojada,37,LESIONADO,MUJER,MOTOCICLETA,58,LESIONADO,HOMBRE,PEATON,61,LESIONADO,NO_REGISTRA,PEATON
2025-07-17 02:40:44,-3.979665,-79.218286,Calle Saraguro,SOLO_DANOS,Accidente Laboral,Equipo de seguridad deficiente,,,,,,,,,,,,
2025-06-03 22:55:38,-4.025783,-79.209155,Av. Universitaria,CON_LESIONADOS,Choque Vehicular,Mal estado de la via,65,LESIONADO,MUJER,OTRO,45,LESIONADO,MUJER,MOTOCICLETA,,,,
2025-11-14 05:45:33,-4.007791,-79.195120,Calle Quito,CON_FALLECIDOS,Caida,Fatiga del conductor,56,FALLECIDO,HOMBRE,VEH_LIVIANO,48,LESIONADO,NO_REGISTRA,VEH_LIVIANO,,,,
2025-01-16 17:11:58,-4.036571,-79.186771,Av. Reinaldo Espinosa,SOLO_DANOS,Colision Multiple,Imprudencia del conductor,,,,,,,,,,,,
2025-03-31 11:41:22,-3.981465,-79.228625,Av. Isidro Ayora,CON_FALLECIDOS,Incendio,Equipo de seguridad deficiente,26,FALLECIDO,MUJER,SCOOTER,62,FALLECIDO,NO_REGISTRA,SCOOTER,16,LESIONADO,MUJER,CICLISTA
2025-02-14 20:09:13,-4.015792,-79.196794,Av. Manuel Agustin Aguirre,SOLO_DANOS,Atropellamiento,Fatiga del conductor,,,,,,,,,,,,
2025-12-05 00:40:31,-4.033583,-79.222252,Calle Montufar,SOLO_DANOS,Atropellamiento,Visibilidad reducida,,,,,,,,,,,,
2025-02-22 10:24:47,-4.007877,-79.181390,Calle Sucre,CON_LESIONADOS,Caida,Equipo de seguridad deficiente,46,LESIONADO,HOMBRE,SCOOTER,38,LESIONADO,NO_REGISTRA,OTRO,63,LESIONADO,MUJER,VEH_LIVIANO
2025-08-15 09:47:44,-4.005257,-79.171104,Av. Cuxibamba,CON_LESIONADOS,Volcamiento,Visibilidad reducida,43,LESIONADO,NO_REGISTRA,CICLISTA,37,LESIONADO,HOMBRE,OTRO,,,,
2025-03-15 10:54:25,-4.025557,-79.199526,Av. Orillas del Zamora,SOLO_DANOS,Incendio,Factores externos,80,LESIONADO,MUJER,CICLISTA,,,,,,,,
2025-01-19 05:45:01,-4.001272,-79.179060,Calle Sucre,CON_LESIONADOS,Choque Vehicular,Mal estado de la via,72,LESIONADO,NO_REGISTRA,PEATON,61,LESIONADO,MUJER,CICLISTA,,,,
2025-05-03 15:51:40,-4.023103,-79.188474,Av. Isidro Ayora,CON_FALLECIDOS,Volcamiento,Estado de embriaguez,47,FALLECIDO,HOMBRE,SCOOTER,64,FALLECIDO,MUJER,OTRO,27,LESIONADO,NO_REGISTRA,SCOOTER
2025-07-03 22:03:58,-4.022564,-79.199029,Av. Reinaldo Espinosa,SOLO_DANOS,Atropellamiento,Imprudencia del conductor,,,,,,,,,,,,
2025-02-13 01:11:03,-3.999456,-79.173998,Av. Pio Jaramillo,CON_FALLECIDOS,Choque Vehicular,Via resbaladiza o mojada,19,FALLECIDO,HOMBRE,SCOOTER,70,LESIONADO,HOMBRE,VEH_LIVIANO,26,LESIONADO,MUJER,CICLISTA
2025-05-30 15:34:03,-4.007962,-79.227512,Av. Orillas del Zamora,CON_FALLECIDOS,Colision Multiple,Exceso de velocidad,33,FALLECIDO,HOMBRE,OTRO,,,,,,,,
2025-01-18 07:57:07,-3.996865,-79.190287,Calle Rocafuerte,CON_LESIONADOS,Colision Multiple,Fatiga del conductor,16,LESIONADO,MUJER,VEH_LIVIANO,,,,,,,,
2025-01-16 19:12:19,-3.997602,-79.174406,Av. Rosa Hermosa,CON_LESIONADOS,Atropellamiento,Distraccion (celular/radio),63,LESIONADO,HOMBRE,MOTOCICLETA,10,LESIONADO,NO_REGISTRA,CICLISTA,69,LESIONADO,HOMBRE,VEH_LIVIANO
2025-10-26 05:12:15,-3.997737,-79.198322,Calle Bolivar,CON_LESIONADOS,Incendio,Inobservancia de senales,62,LESIONADO,HOMBRE,MOTOCICLETA,17,LESIONADO,HOMBRE,SCOOTER,27,LESIONADO,HOMBRE,MOTOCICLETA
2025-01-21 20:54:56,-4.000847,-79.223088,Calle Sucre,CON_FALLECIDOS,Accidente Laboral,Exceso de velocidad,71,FALLECIDO,NO_REGISTRA,OTRO,69,FALLECIDO,MUJER,VEH_LIVIANO,34,LESIONADO,MUJER,VEH_LIVIANO
2025-01-16 00:26:53,-4.025433,-79.172389,Av. Pio Jaramillo,CON_FALLECIDOS,Choque Vehicular,Via resbaladiza o mojada,78,FALLECIDO,MUJER,SCOOTER,19,FALLECIDO,HOMBRE,MOTOCICLETA,63,LESIONADO,NO_REGISTRA,VEH_LIVIANO
2025-12-12 19:21:53,-4.001947,-79.222904,Av. Cuxibamba,CON_LESIONADOS,Accidente Laboral,Visibilidad reducida,38,LESIONADO,NO_REGISTRA,OTRO,,,,,,,,
2025-02-12 19:13:16,-3.990701,-79.208439,Av. Cuxibamba,SOLO_DANOS,Caida,Factores externos,,,,,,,,,,,,
2025-11-27 05:10:42,-3.982228,-79.173980,Av. Pio Jaramillo,CON_LESIONADOS,Choque Vehicular,Equipo de seguridad deficiente,39,LESIONADO,MUJER,CICLISTA,,,,,,,,
2025-06-22 12:24:17,-3.980613,-79.214168,Calle Rocafuerte,CON_FALLECIDOS,Accidente Laboral,Factores externos,46,FALLECIDO,NO_REGISTRA,OTRO,20,LESIONADO,HOMBRE,PEATON,,,,
2025-08-13 17:13:46,-3.988520,-79.226761,Av. Gran Colombia,SOLO_DANOS,Colision Multiple,Equipo de seguridad deficiente,,,,,,,,,,,,
2025-05-16 01:54:19,-4.031130,-79.215352,Calle Saraguro,CON_LESIONADOS,Accidente Laboral,Estado de embriaguez,17,LESIONADO,NO_REGISTRA,MOTOCICLETA,56,LESIONADO,HOMBRE,SCOOTER,41,LESIONADO,NO_REGISTRA,OTRO
2025-03-10 09:45:30,-3.984923,-79.189553,Calle Montufar,CON_FALLECIDOS,Atropellamiento,Visibilidad reducida,72,FALLECIDO,MUJER,SCOOTER,9,LESIONADO,NO_REGISTRA,SCOOTER,,,,
2025-06-30 01:37:52,-3.992362,-79.205271,Av. Pio Jaramillo,CON_LESIONADOS,Caida,Exceso de velocidad,24,LESIONADO,NO_REGISTRA,VEH_LIVIANO,62,LESIONADO,HOMBRE,VEH_LIVIANO,45,LESIONADO,MUJER,MOTOCICLETA
2025-08-13 09:33:27,-4.034744,-79.218740,Calle Saraguro,SOLO_DANOS,Incendio,Exceso de velocidad,,,,,,,,,,,,
2025-11-09 22:58:06,-3.995075,-79.194586,Calle Colon,CON_LESIONADOS,Choque Vehicular,Mal estado de la via,13,LESIONADO,HOMBRE,PEATON,21,LESIONADO,MUJER,VEH_LIVIANO,,,,
2025-03-11 17:16:11,-4.017791,-79.207428,Calle 10 de Agosto,SOLO_DANOS,Caida,Estado de embriaguez,,,,,,,,,,,,
2025-09-24 16:48:01,-4.011843,-79.227306,Calle 18 de Noviembre,CON_FALLECIDOS,Incendio,Estado de embriaguez,36,FALLECIDO,HOMBRE,CICLISTA,60,FALLECIDO,NO_REGISTRA,SCOOTER,,,,
2025-04-10 14:20:35,-4.001492,-79.209701,Av. Gran Colombia,CON_LESIONADOS,Caida,Estado de embriaguez,14,LESIONADO,NO_REGISTRA,MOTOCICLETA,63,LESIONADO,HOMBRE,MOTOCICLETA,74,LESIONADO,NO_REGISTRA,MOTOCICLETA
2025-06-26 15:50:01,-4.019758,-79.197438,Av. Gran Colombia,CON_FALLECIDOS,Atropellamiento,Estado de embriaguez,52,FALLECIDO,NO_REGISTRA,PEATON,,,,,,,,
2025-05-29 04:41:11,-4.033919,-79.190241,Av. Manuel Agustin Aguirre,CON_LESIONADOS,Choque Vehicular,Exceso de velocidad,74,LESIONADO,HOMBRE,SCOOTER,14,LESIONADO,NO_REGISTRA,CICLISTA,27,LESIONADO,NO_REGISTRA,SCOOTER
2025-11-17 08:58:13,-3.978058,-79.173783,Ruta 35,CON_LESIONADOS,Caida,Factores externos,22,LESIONADO,NO_REGISTRA,CICLISTA,,,,,,,,
2025-07-18 22:14:13,-3.985013,-79.190216,Av. Manuel Agustin Aguirre,SOLO_DANOS,Colision Multiple,Factores externos,,,,,,,,,,,,
2025-01-30 17:25:37,-4.035861,-79.178251,Av. Orillas del Zamora,CON_FALLECIDOS,Colision Multiple,Factores externos,47,FALLECIDO,NO_REGISTRA,PEATON,21,LESIONADO,MUJER,CICLISTA,30,LESIONADO,NO_REGISTRA,OTRO
2025-11-15 17:16:36,-3.984120,-79.173156,Av. Orillas del Zamora,SOLO_DANOS,Incendio,Inobservancia de senales,,,,,,,,,,,,
2025-04-28 14:22:45,-4.016750,-79.225421,Av. Gran Colombia,CON_FALLECIDOS,Choque Vehicular,Mal estado de la via,85,FALLECIDO,MUJER,VEH_LIVIANO,,,,,,,,
2025-07-12 19:42:02,-4.013457,-79.174444,Calle Quito,CON_FALLECIDOS,Colision Multiple,Exceso de velocidad,84,FALLECIDO,MUJER,VEH_LIVIANO,69,FALLECIDO,MUJER,MOTOCICLETA,6,LESIONADO,MUJER,PEATON
2025-03-09 04:30:57,-3.992213,-79.183684,Calle Bolivar,CON_LESIONADOS,Volcamiento,Exceso de velocidad,51,LESIONADO,NO_REGISTRA,SCOOTER,68,LESIONADO,MUJER,SCOOTER,36,LESIONADO,HOMBRE,MOTOCICLETA
2025-02-28 02:53:23,-4.029444,-79.217473,Calle 10 de Agosto,CON_FALLECIDOS,Atropellamiento,Exceso de velocidad,75,FALLECIDO,MUJER,CICLISTA,50,FALLECIDO,NO_REGISTRA,OTRO,,,,
2025-03-13 19:50:12,-4.013667,-79.178909,Calle Ramon Borrero,SOLO_DANOS,Volcamiento,Fatiga del conductor,,,,,,,,,,,,
2025-10-19 14:26:22,-4.024982,-79.205366,Av. Universitaria,CON_LESIONADOS,Caida,Estado de embriaguez,6,LESIONADO,MUJER,SCOOTER,69,LESIONADO,MUJER,CICLISTA,78,LESIONADO,MUJER,VEH_LIVIANO
2025-09-04 13:43:42,-4.016242,-79.195278,Calle Sucre,CON_LESIONADOS,Colision Multiple,Factores externos,75,LESIONADO,MUJER,SCOOTER,61,LESIONADO,MUJER,OTRO,27,LESIONADO,MUJER,OTRO
2025-10-13 15:01:56,-3.995890,-79.195332,Via Loja - Zamora,CON_FALLECIDOS,Atropellamiento,Estado de embriaguez,73,FALLECIDO,NO_REGISTRA,SCOOTER,57,FALLECIDO,MUJER,VEH_LIVIANO,53,LESIONADO,NO_REGISTRA,MOTOCICLETA
2025-12-04 06:06:18,-4.017115,-79.199441,Av. 8 de Diciembre,CON_LESIONADOS,Volcamiento,Fatiga del conductor,37,LESIONADO,MUJER,PEATON,38,LESIONADO,HOMBRE,CICLISTA,71,LESIONADO,MUJER,VEH_LIVIANO