fecha_hora,latitud,longitud,via,grado_severidad,tipo_siniestro,causa_probable,victima1_edad,victima1_condicion,victima1_sexo,victima1_actor_vial,victima2_edad,victima2_condicion,victima2_sexo,victima2_actor_vial,victima3_edad,victima3_condicion,victima3_sexo,victima3_actor_vial
2025-09-18 11:45:51,-4.031101,-79.195484,Calle Sucre,CON_FALLECIDOS,Caida,Visibilidad reducida,48,FALLECIDO,HOMBRE,MOTOCICLETA,24,FALLECIDO,NO_REGISTRA,MOTOCICLETA,28,LESIONADO,NO_REGISTRA,PEATON
2025-03-15 09:40:40,-4.024863,-79.181331,Calle Ramon Borrero,CON_LESIONADOS,Choque Vehicular,Distraccion (celular/radio),35,LESIONADO,HOMBRE,VEH_LIVIANO,65,LESIONADO,NO_REGISTRA,PEATON,,,,
2025-05-22 05:44:15,-4.007868,-79.212149,Av. 8 de Diciembre,CON_FALLECIDOS,Incendio,Distraccion (celular/radio),47,FALLECIDO,MUJER,CICLISTA,40,FALLECIDO,NO_REGISTRA,VEH_LIVIANO,,,,
2025-07-01 09:23:47,-4.000776,-79.192911,Calle Colon,SOLO_DANOS,Atropellamiento,Equipo de seguridad deficiente,,,,,,,,,,,,
2025-10-07 23:46:19,-4.012969,-79.226840,Calle Miguel Riofrio,SOLO_DANOS,Atropellamiento,Imprudencia del conductor,,,,,,,,,,,,
2025-12-05 03:32:31,-3.992385,-79.173650,Calle 10 de Agosto,CON_FALLECIDOS,Atropellamiento,Estado de embriaguez,46,FALLECIDO,NO_REGISTRA,PEATON,60,FALLECIDO,MUJER,OTRO,56,LESIONADO,HOMBRE,OTRO
2025-04-18 22:14:58,-3.987722,-79.210330,Calle Azogues,SOLO_DANOS,Choque Vehicular,Fatiga del conductor,,,,,,,,,,,,
2025-12-23 00:39:42,-4.018132,-79.181673,Av. Rosa Hermosa,CON_FALLECIDOS,Incendio,Via resbaladiza o mojada,85,FALLECIDO,MUJER,SCOOTER,71,LESIONADO,MUJER,VEH_LIVIANO,8,LESIONADO,MUJER,OTRO
2025-04-30 21:49:51,-3.981245,-79.184525,Av. Rosa Hermosa,CON_LESIONADOS,Caida,Via resbaladiza o mojada,70,LESIONADO,NO_REGISTRA,CICLISTA,38,LESIONADO,NO_REGISTRA,CICLISTA,,,,
2025-08-04 07:23:43,-4.017993,-79.210311,Av. Metropolitana,SOLO_DANOS,Caida,Imprudencia del conductor,54,LESIONADO,MUJER,SCOOTER,,,,,,,,
2025-09-15 20:07:15,-4.021603,-79.172335,Calle Ramon Borrero,CON_FALLECIDOS,Atropellamiento,Visibilidad reducida,82,FALLECIDO,MUJER,MOTOCICLETA,,,,,,,,
2025-06-24 14:25:11,-4.003704,-79.229158,Av. Cuxibamba,SOLO_DANOS,Atropellamiento,Factores externos,,,,,,,,,,,,
2025-10-30 06:44:53,-4.018391,-79.221751,Calle 18 de Noviembre,CON_LESIONADOS,Atropellamiento,Falla mecanica,64,LESIONADO,HOMBRE,MOTOCICLETA,,,,,,,,
2025-03-10 07:17:59,-3.999728,-79.189822,Av. Orillas del Zamora,SOLO_DANOS,Volcamiento,Estado de embriaguez,80,LESIONADO,NO_REGISTRA,SCOOTER,,,,,,,,
2025-08-22 15:05:30,-4.025900,-79.176130,Calle Colon,CON_FALLECIDOS,Caida,Falla mecanica,44,FALLECIDO,NO_REGISTRA,OTRO,,,,,,,,
2025-05-29 17:25:30,-4.009622,-79.201936,Calle Azogues,CON_FALLECIDOS,Choque Vehicular,Visibilidad reducida,33,FALLECIDO,NO_REGISTRA,SCOOTER,,,,,,,,
2025-01-19 10:42:41,-4.023626,-79.206577,Av. Isidro Ayora,CON_LESIONADOS,Caida,Imprudencia del conductor,57,LESIONADO,HOMBRE,PEATON,38,LESIONADO,NO_REGISTRA,OTRO,35,LESIONADO,MUJER,CICLISTA
2025-12-10 21:54:58,-3.984697,-79.200883,Av. Gran Colombia,CON_FALLECIDOS,Atropellamiento,Distraccion (celular/radio),50,FALLECIDO,HOMBRE,OTRO,62,LESIONADO,HOMBRE,VEH_LIVIANO,49,LESIONADO,HOMBRE,VEH_LIVIANO
2025-05-14 02:03:52,-4.013107,-79.227784,Calle Miguel Riofrio,SOLO_DANOS,Colision Multiple,Distraccion (celular/radio),,,,,,,,,,,,
2025-06-18 12:25:57,-3.987468,-79.228757,Av. Metropolitana,CON_FALLECIDOS,Colision Multiple,Falla mecanica,31,FALLECIDO,HOMBRE,SCOOTER,,,,,,,,
2025-06-13 12:33:16,-4.034767,-79.217228,Calle Colon,SOLO_DANOS,Incendio,Via resbaladiza o mojada,,,,,,,,,,,,
2025-01-10 10:29:03,-4.031434,-79.192314,Calle Quito,CON_LESIONADOS,Atropellamiento,Via resbaladiza o mojada,7,LESIONADO,NO_REGISTRA,PEATON,,,,,,,,
2025-03-16 11:39:56,-3.992494,-79.208161,Calle 18 de Noviembre,SOLO_DANOS,Choque Vehicular,Distraccion (celular/radio),,,,,,,,,,,,
2025-06-19 20:26:38,-4.010246,-79.222217,Calle 10 de Agosto,CON_FALLECIDOS,Accidente Laboral,Exceso de velocidad,24,FALLECIDO,HOMBRE,VEH_LIVIANO,23,FALLECIDO,NO_REGISTRA,MOTOCICLETA,,,,
2025-05-16 15:13:12,-4.008665,-79.224340,Calle Imbabura,CON_LESIONADOS,Choque Vehicular,Distraccion (celular/radio),33,LESIONADO,MUJER,VEH_LIVIANO,26,LESIONADO,NO_REGISTRA,PEATON,,,,
2025-10-26 13:36:11,-4.021423,-79.182346,Via Loja - Zamora,SOLO_DANOS,Choque Vehicular,Mal estado de la via,,,,,,,,,,,,
2025-09-04 09:21:58,-4.034743,-79.209654,Calle Saraguro,SOLO_DANOS,Colision Multiple,Factores externos,,,,,,,,,,,,
2025-10-17 02:29:06,-3.988328,-79.193796,Av. Metropolitana,CON_FALLECIDOS,Accidente Laboral,Equipo de seguridad deficiente,60,FALLECIDO,NO_REGISTRA,PEATON,6,LESIONADO,HOMBRE,VEH_LIVIANO,,,,
2025-05-10 03:26:04,-4.018690,-79.220287,Calle 18 de Noviembre,CON_LESIONADOS,Colision Multiple,Visibilidad reducida,60,LESIONADO,MUJER,CICLISTA,,,,,,,,
2025-07-05 11:28:24,-4.022915,-79.206553,Calle Ramon Borrero,SOLO_DANOS,Choque Vehicular,Exceso de velocidad,,,,,,,,,,,,
2025-01-03 17:11:30,-3.983994,-79.220928,Calle Ramon Borrero,SOLO_DANOS,Caida,Via resbaladiza o mojada,,,,,,,,,,,,
2025-03-21 05:41:57,-4.028747,-79.188275,Calle Colon,CON_FALLECIDOS,Incendio,Factores externos,78,FALLECIDO,MUJER,VEH_LIVIANO,49,LESIONADO,HOMBRE,VEH_LIVIANO,64,LESIONADO,MUJER,VEH_LIVIANO
2025-11-14 20:34:52,-4.018909,-79.181310,Av. Rosa Hermosa,CON_LESIONADOS,Volcamiento,Equipo de seguridad deficiente,21,LESIONADO,NO_REGISTRA,CICLISTA,24,LESIONADO,MUJER,MOTOCICLETA,11,LESIONADO,NO_REGISTRA,PEATON
2025-02-20 23:55:37,-4.009640,-79.171305,Av. Orillas del Zamora,CON_LESIONADOS,Caida,Exceso de velocidad,31,LESIONADO,NO_REGISTRA,MOTOCICLETA,31,LESIONADO,HOMBRE,VEH_LIVIANO,51,LESIONADO,MUJER,OTRO
2025-12-26 10:01:30,-4.007897,-79.202703,Av. Manuel Agustin Aguirre,CON_LESIONADOS,Choque Vehicular,Equipo de seguridad deficiente,20,LESIONADO,MUJER,VEH_LIVIANO,36,LESIONADO,NO_REGISTRA,PEATON,9,LESIONADO,HOMBRE,VEH_LIVIANO
2025-08-18 01:16:26,-4.025972,-79.177892,Calle 10 de Agosto,SOLO_DANOS,Volcamiento,Fatiga del conductor,,,,,,,,,,,,
2025-02-18 03:06:03,-3.982998,-79.198137,Calle 18 de Noviembre,SOLO_DANOS,Volcamiento,Via resbaladiza o mojada,,,,,,,,,,,,
2025-02-15 01:42:45,-3.998642,-79.212045,Calle Azogues,SOLO_DANOS,Choque Vehicular,Via resbaladiza o mojada,,,,,,,,,,,,
2025-01-24 02:50:15,-3.990104,-79.226138,Av. Orillas del Zamora,CON_LESIONADOS,Incendio,Equipo de seguridad deficiente,58,LESIONADO,NO_REGISTRA,OTRO,37,LESIONADO,NO_REGISTRA,CICLISTA,,,,
2025-03-23 07:07:10,-3.981644,-79.173304,Calle Azogues,SOLO_DANOS,Choque Vehicular,Inobservancia de senales,,,,,,,,,,,,
2025-09-13 07:54:09,-4.013008,-79.204379,Av. Gran Colombia,CON_LESIONADOS,Caida,Factores externos,44,LESIONADO,HOMBRE,OTRO,,,,,,,,
2025-09-13 17:18:46,-4.018503,-79.192340,Calle Imbabura,CON_FALLECIDOS,Volcamiento,Via resbaladiza o mojada,43,FALLECIDO,NO_REGISTRA,OTRO,57,FALLECIDO,NO_REGISTRA,PEATON,,,,
2025-07-11 19:28:06,-4.005569,-79.176602,Av. Isidro Ayora,CON_LESIONADOS,Incendio,Visibilidad reducida,33,LESIONADO,NO_REGISTRA,VEH_LIVIANO,21,LESIONADO,NO_REGISTRA,VEH_LIVIANO,62,LESIONADO,MUJER,VEH_LIVIANO
2025-08-02 01:43:43,-4.012604,-79.172373,Calle Sucre,CON_FALLECIDOS,Volcamiento,Equipo de seguridad deficiente,29,FALLECIDO,MUJER,SCOOTER,33,FALLECIDO,NO_REGISTRA,PEATON,,,,
2025-04-27 16:57:08,-4.035830,-79.219370,Av. Gran Colombia,SOLO_DANOS,Atropellamiento,Mal estado de la via,,,,,,,,,,,,
2025-04-06 01:09:51,-4.008445,-79.229559,Av. Rosa Hermosa,CON_LESIONADOS,Choque Vehicular,Exceso de velocidad,52,LESIONADO,NO_REGISTRA,OTRO,9,LESIONADO,NO_REGISTRA,MOTOCICLETA,79,LESIONADO,NO_REGISTRA,VEH_LIVIANO
2025-05-15 01:08:45,-4.015611,-79.209221,Calle Miguel Riofrio,CON_LESIONADOS,Atropellamiento,Imprudencia del conductor,34,LESIONADO,HOMBRE,CICLISTA,54,LESIONADO,NO_REGISTRA,PEATON,,,,
2025-07-11 13:32:11,-4.032327,-79.198308,Calle 18 de Noviembre,CON_FALLECIDOS,Caida,Via resbaladiza o mojada,48,FALLECIDO,MUJER,PEATON,64,FALLECIDO,HOMBRE,CICLISTA,,,,
2025-10-19 08:48:36,-4.014430,-79.177701,Av. Pio Jaramillo,CON_FALLECIDOS,Accidente Laboral,Visibilidad reducida,72,FALLECIDO,NO_REGISTRA,VEH_LIVIANO,,,,,,,,
2025-04-09 15:01:01,-4.025660,-79.204769,Av. Pio Jaramillo,CON_FALLECIDOS,Accidente Laboral,Inobservancia de senales,82,FALLECIDO,MUJER,OTRO,,,,,,,,
2025-04-13 11:43:38,-3.989990,-79.215551,Av. Reinaldo Espinosa,SOLO_DANOS,Caida,Exceso de velocidad,,,,,,,,,,,,
2025-04-08 05:47:03,-4.006575,-79.176821,Ruta 35,SOLO_DANOS,Atropellamiento,Distraccion (celular/radio),,,,,,,,,,,,
2025-10-15 23:24:56,-3.995145,-79.200035,Av. Isidro Ayora,CON_LESIONADOS,Caida,Exceso de velocidad,10,LESIONADO,MUJER,SCOOTER,,,,,,,,
2025-06-24 16:29:02,-4.035882,-79.183662,Calle Ramon Borrero,CON_FALLECIDOS,Incendio,Estado de embriaguez,80,FALLECIDO,MUJER,CICLISTA,84,FALLECIDO,NO_REGISTRA,SCOOTER,,,,
2025-08-07 09:58:34,-3.979305,-79.222339,Av. Rosa Hermosa,CON_LESIONADOS,Accidente Laboral,Visibilidad reducida,32,LESIONADO,HOMBRE,OTRO,,,,,,,,
2025-06-18 03:12:38,-4.006118,-79.187192,Calle Ramon Borrero,CON_LESIONADOS,Atropellamiento,Falla mecanica,73,LESIONADO,MUJER,VEH_LIVIANO,7,LESIONADO,NO_REGISTRA,PEATON,,,,
2025-04-18 03:25:00,-3.998941,-79.208305,Av. Universitaria,SOLO_DANOS,Incendio,Imprudencia del conductor,,,,,,,,,,,,
2025-07-30 02:04:08,-4.032984,-79.193339,Calle Sucre,CON_LESIONADOS,Accidente Laboral,Falla mecanica,69,LESIONADO,NO_REGISTRA,MOTOCICLETA,41,LESIONADO,HOMBRE,CICLISTA,56,LESIONADO,HOMBRE,VEH_LIVIANO
2025-12-03 18:58:12,-3.977953,-79.187123,Calle Montufar,CON_LESIONADOS,Caida,Falla mecanica,16,LESIONADO,MUJER,PEATON,29,LESIONADO,NO_REGISTRA,CICLISTA,35,LESIONADO,NO_REGISTRA,SCOOTER
2025-11-01 21:43:53,-3.982581,-79.228517,Calle Colon,CON_LESIONADOS,Volcamiento,Factores externos,38,LESIONADO,HOMBRE,SCOOTER,,,,,,,,
2025-07-25 00:46:54,-4.018251,-79.230805,Av. Gran Colombia,CON_LESIONADOS,Accidente Laboral,Via resbaladiza o mojada,63,LESIONADO,MUJER,PEATON,45,LESIONADO,MUJER,VEH_LIVIANO,22,LESIONADO,NO_REGISTRA,MOTOCICLETA
2025-02-08 21:46:07,-4.026450,-79.187527,Calle Miguel Riofrio,CON_LESIONADOS,Colision Multiple,Distraccion (celular/radio),26,LESIONADO,HOMBRE,SCOOTER,27,LESIONADO,NO_REGISTRA,SCOOTER,57,LESIONADO,NO_REGISTRA,CICLISTA
2025-11-28 06:19:21,-4.015836,-79.193824,Calle Sucre,CON_FALLECIDOS,Choque Vehicular,Distraccion (celular/radio),68,FALLECIDO,HOMBRE,OTRO,11,LESIONADO,HOMBRE,CICLISTA,67,LESIONADO,NO_REGISTRA,MOTOCICLETA
2025-12-10 22:14:56,-3.996526,-79.207026,Av. Reinaldo Espinosa,CON_FALLECIDOS,Caida,Inobservancia de senales,72,FALLECIDO,MUJER,OTRO,48,LESIONADO,MUJER,PEATON,13,LESIONADO,HOMBRE,VEH_LIVIANO
2025-12-11 07:50:35,-4.011621,-79.218775,Via Loja - Zamora,CON_LESIONADOS,Caida,Mal estado de la via,13,LESIONADO,HOMBRE,MOTOCICLETA,,,,,,,,
2025-06-19 03:10:42,-3.992012,-79.175294,Calle Sucre,CON_LESIONADOS,Volcamiento,Inobservancia de senales,64,LESIONADO,MUJER,VEH_LIVIANO,71,LESIONADO,HOMBRE,OTRO,48,LESIONADO,MUJER,OTRO
2025-02-01 14:08:44,-4.030957,-79.215319,Via Loja - Catamayo,CON_FALLECIDOS,Accidente Laboral,Inobservancia de senales,84,FALLECIDO,HOMBRE,CICLISTA,,,,,,,,
2025-08-05 12:52:07,-4.004459,-79.204308,Calle Ramon Borrero,CON_LESIONADOS,Accidente Laboral,Distraccion (celular/radio),64,LESIONADO,HOMBRE,VEH_LIVIANO,57,LESIONADO,NO_REGISTRA,OTRO,,,,
2025-11-22 05:33:56,-4.014715,-79.175727,Calle Rocafuerte,CON_FALLECIDOS,Accidente Laboral,Via resbaladiza o mojada,67,FALLECIDO,MUJER,SCOOTER,51,FALLECIDO,MUJER,MOTOCICLETA,62,LESIONADO,NO_REGISTRA,VEH_LIVIANO
2025-03-02 13:35:04,-4.026144,-79.209101,Via Loja - Catamayo,CON_LESIONADOS,Colision Multiple,Fatiga del conductor,48,LESIONADO,NO_REGISTRA,OTRO,66,LESIONADO,MUJER,OTRO,,,,
2025-06-05 14:43:07,-4.006396,-79.196762,Calle 10 de Agosto,CON_FALLECIDOS,Accidente Laboral,Estado de embriaguez,71,FALLECIDO,HOMBRE,SCOOTER,,,,,,,,
2025-01-28 13:34:35,-4.028615,-79.182570,Calle Montufar,CON_FALLECIDOS,Incendio,Exceso de velocidad,22,FALLECIDO,HOMBRE,CICLISTA,28,LESIONADO,NO_REGISTRA,MOTOCICLETA,45,LESIONADO,HOMBRE,SCOOTER
2025-03-16 04:05:24,-3.989115,-79.182870,Av. Reinaldo Espinosa,CON_FALLECIDOS,Atropellamiento,Falla mecanica,36,FALLECIDO,NO_REGISTRA,VEH_LIVIANO,,,,,,,,
2025-11-09 20:42:48,-3.990592,-79.212867,Calle Saraguro,CON_FALLECIDOS,Accidente Laboral,Mal estado de la via,59,FALLECIDO,HOMBRE,SCOOTER,14,LESIONADO,NO_REGISTRA,VEH_LIVIANO,,,,
2025-01-06 11:54:58,-3.987774,-79.190416,Av. Metropolitana,CON_FALLECIDOS,Caida,Distraccion (celular/radio),85,FALLECIDO,MUJER,SCOOTER,57,LESIONADO,HOMBRE,PEATON,,,,
2025-06-07 22:57:01,-3.997719,-79.201636,Ruta 35,CON_LESIONADOS,Colision Multiple,Mal estado de la via,61,LESIONADO,HOMBRE,SCOOTER,63,LESIONADO,HOMBRE,VEH_LIVIANO,52,LESIONADO,HOMBRE,CICLISTA
2025-06-30 16:46:44,-4.010496,-79.176875,Av. Manuel Agustin Aguirre,CON_FALLECIDOS,Incendio,Imprudencia del conductor,28,FALLECIDO,NO_REGISTRA,SCOOTER,67,FALLECIDO,MUJER,PEATON,35,LESIONADO,NO_REGISTRA,PEATON
2025-02-15 03:59:38,-4.016402,-79.199403,Calle 18 de Noviembre,CON_LESIONADOS,Volcamiento,Via resbaladiza o mojada,69,LESIONADO,HOMBRE,CICLISTA,63,LESIONADO,MUJER,MOTOCICLETA,10,LESIONADO,NO_REGISTRA,PEATON
2025-05-21 03:49:59,-3.982422,-79.193277,Calle Ramon Borrero,CON_LESIONADOS,Volcamiento,Mal estado de la via,77,LESIONADO,HOMBRE,SCOOTER,,,,,,,,
2025-05-30 09:55:22,-4.020139,-79.171982,Calle Bolivar,CON_LESIONADOS,Colision Multiple,Falla mecanica,71,LESIONADO,NO_REGISTRA,CICLISTA,68,LESIONADO,HOMBRE,MOTOCICLETA,,,,
2025-03-16 09:23:59,-3.997201,-79.229900,Av. Pio Jaramillo,CON_LESIONADOS,Incendio,Estado de embriaguez,16,LESIONADO,NO_REGISTRA,VEH_LIVIANO,78,LESIONADO,MUJER,SCOOTER,79,LESIONADO,MUJER,CICLISTA
2025-10-09 06:09:41,-4.004543,-79.197217,Av. Isidro Ayora,CON_FALLECIDOS,Colision Multiple,Estado de embriaguez,32,FALLECIDO,NO_REGISTRA,SCOOTER,40,FALLECIDO,HOMBRE,CICLISTA,11,LESIONADO,HOMBRE,CICLISTA
2025-12-13 12:55:08,-4.005657,-79.229245,Av. Cuxibamba,SOLO_DANOS,Atropellamiento,Falla mecanica,,,,,,,,,,,,
2025-04-01 05:35:16,-4.005365,-79.191539,Calle Montufar,CON_FALLECIDOS,Accidente Laboral,Exceso de velocidad,32,FALLECIDO,HOMBRE,PEATON,85,FALLECIDO,MUJER,OTRO,69,LESIONADO,HOMBRE,VEH_LIVIANO
2025-10-30 02:16:44,-3.985398,-79.186931,Av. Reinaldo Espinosa,SOLO_DANOS,Caida,Mal estado de la via,,,,,,,,,,,,
2025-06-27 00:39:44,-4.004198,-79.220475,Calle Montufar,CON_FALLECIDOS,Volcamiento,Inobservancia de senales,39,FALLECIDO,MUJER,CICLISTA,55,FALLECIDO,NO_REGISTRA,VEH_LIVIANO,75,LESIONADO,MUJER,MOTOCICLETA
2025-06-14 00:07:32,-4.007309,-79.195210,Via Loja - Zamora,CON_LESIONADOS,Incendio,Visibilidad reducida,67,LESIONADO,HOMBRE,PEATON,80,LESIONADO,HOMBRE,OTRO,,,,
2025-03-04 03:54:06,-4.007442,-79.226343,Calle Mercadillo,CON_LESIONADOS,Volcamiento,Equipo de seguridad deficiente,59,LESIONADO,HOMBRE,CICLISTA,45,LESIONADO,NO_REGISTRA,MOTOCICLETA,52,LESIONADO,HOMBRE,VEH_LIVIANO
2025-04-20 05:19:38,-3.980502,-79.183722,Av. Manuel Agustin Aguirre,SOLO_DANOS,Colision Multiple,Via resbaladiza o mojada,,,,,,,,,,,,
2025-01-04 01:07:32,-3.990395,-79.216308,Calle Saraguro,SOLO_DANOS,Incendio,Equipo de seguridad deficiente,61,LESIONADO,MUJER,SCOOTER,,,,,,,,
2025-02-12 22:26:50,-4.034098,-79.225491,Av. Universitaria,SOLO_DANOS,Atropellamiento,Factores externos,,,,,,,,,,,,
2025-07-21 20:00:22,-4.002584,-79.188212,Via Loja - Zamora,SOLO_DANOS,Incendio,Via resbaladiza o mojada,,,,,,,,,,,,
2025-02-19 13:53:15,-3.996970,-79.191473,Av. Reinaldo Espinosa,SOLO_DANOS,Accidente Laboral,Via resbaladiza o mojada,,,,,,,,,,,,
2025-07-27 21:49:45,-3.998629,-79.212987,Av. Rosa Hermosa,SOLO_DANOS,Choque Vehicular,Via resbaladiza o mojada,,,,,,,,,,,,
2025-05-20 21:53:04,-4.022023,-79.213139,Calle Bolivar,SOLO_DANOS,Caida,Imprudencia del conductor,,,,,,,,,,,,
2025-07-15 20:42:57,-4.034860,-79.224133,Av. Reinaldo Espinosa,CON_LESIONADOS,Atropellamiento,Via resbaladiza o mojada,76,LESIONADO,MUJER,VEH_LIVIANO,,,,,,,,
2025-08-21 02:06:33,-4.006876,-79.226092,Calle Quito,CON_FALLECIDOS,Choque Vehicular,Inobservancia de senales,25,FALLECIDO,HOMBRE,OTRO,,,,,,,,
2025-10-13 08:33:24,-4.007905,-79.208608,Av. Rosa Hermosa,CON_LESIONADOS,Atropellamiento,Fatiga del conductor,14,LESIONADO,NO_REGISTRA,OTRO,11,LESIONADO,HOMBRE,VEH_LIVIANO,,,,
2025-01-01 12:22:19,-3.994232,-79.228266,Calle Imbabura,SOLO_DANOS,Choque Vehicular,Mal estado de la via,72,LESIONADO,HOMBRE,PEATON,,,,,,,,
2025-12-11 02:32:56,-4.003657,-79.206923,Calle Colon,CON_FALLECIDOS,Choque Vehicular,Estado de embriaguez,65,FALLECIDO,HOMBRE,PEATON,36,FALLECIDO,HOMBRE,MOTOCICLETA,46,LESIONADO,HOMBRE,OTRO
2025-11-07 21:44:58,-3.981526,-79.183520,Av. Reinaldo Espinosa,CON_FALLECIDOS,Caida,Estado de embriaguez,20,FALLECIDO,HOMBRE,PEATON,43,FALLECIDO,HOMBRE,VEH_LIVIANO,21,LESIONADO,NO_REGISTRA,OTRO
2025-07-21 02:21:28,-3.991623,-79.206802,Ruta 35,CON_FALLECIDOS,Volcamiento,Equipo de seguridad deficiente,73,FALLECIDO,MUJER,SCOOTER,26,FALLECIDO,NO_REGISTRA,OTRO,,,,
2025-01-02 16:28:50,-4.035830,-79.172892,Calle Saraguro,CON_LESIONADOS,Incendio,Estado de embriaguez,6,LESIONADO,NO_REGISTRA,CICLISTA,,,,,,,,
2025-08-10 04:21:58,-4.015918,-79.208969,Calle Bolivar,SOLO_DANOS,Atropellamiento,Falla mecanica,,,,,,,,,,,,
2025-08-12 22:51:08,-4.006252,-79.183152,Av. Metropolitana,CON_FALLECIDOS,Volcamiento,Exceso de velocidad,68,FALLECIDO,HOMBRE,SCOOTER,75,LESIONADO,HOMBRE,SCOOTER,,,,
2025-02-28 17:00:15,-4.012319,-79.205036,Av. 8 de Diciembre,SOLO_DANOS,Caida,Imprudencia del conductor,,,,,,,,,,,,
2025-07-17 18:25:55,-3.980207,-79.205046,Calle Saraguro,CON_LESIONADOS,Accidente Laboral,Falla mecanica,73,LESIONADO,NO_REGISTRA,SCOOTER,12,LESIONADO,HOMBRE,SCOOTER,,,,
2025-10-05 03:23:36,-4.034314,-79.211754,Calle Montufar,SOLO_DANOS,Incendio,Distraccion (celular/radio),,,,,,,,,,,,
2025-07-02 05:49:28,-4.022097,-79.191366,Calle 10 de Agosto,SOLO_DANOS,Choque Vehicular,Mal estado de la via,,,,,,,,,,,,
2025-01-05 01:58:42,-4.022658,-79.191690,Calle Imbabura,CON_LESIONADOS,Colision Multiple,Falla mecanica,51,LESIONADO,MUJER,SCOOTER,,,,,,,,
2025-05-15 22:43:42,-4.033972,-79.216496,Av. 8 de Diciembre,SOLO_DANOS,Colision Multiple,Distraccion (celular/radio),,,,,,,,,,,,
2025-09-26 20:47:09,-4.015320,-79.205155,Ruta 35,SOLO_DANOS,Colision Multiple,Exceso de velocidad,,,,,,,,,,,,
2025-02-09 15:16:31,-4.008015,-79.184159,Calle Ramon Borrero,SOLO_DANOS,Accidente Laboral,Imprudencia del conductor,58,LESIONADO,MUJER,SCOOTER,,,,,,,,
2025-01-18 11:46:50,-3.977277,-79.179752,Av. Reinaldo Espinosa,CON_LESIONADOS,Choque Vehicular,Via resbaladiza o mojada,37,LESIONADO,NO_REGISTRA,VEH_LIVIANO,20,LESIONADO,NO_REGISTRA,VEH_LIVIANO,22,LESIONADO,NO_REGISTRA,SCOOTER
2025-03-12 23:34:01,-4.033529,-79.189733,Av. Gran Colombia,CON_LESIONADOS,Choque Vehicular,Equipo de seguridad deficiente,46,LESIONADO,HOMBRE,OTRO,36,LESIONADO,NO_REGISTRA,MOTOCICLETA,77,LESIONADO,MUJER,SCOOTER
2025-02-14 06:02:07,-4.029910,-79.190511,Via Loja - Catamayo,CON_LESIONADOS,Colision Multiple,Equipo de seguridad deficiente,11,LESIONADO,NO_REGISTRA,MOTOCICLETA,49,LESIONADO,NO_REGISTRA,VEH_LIVIANO,75,LESIONADO,HOMBRE,OTRO
2025-06-04 02:18:48,-3.995019,-79.189010,Calle Imbabura,CON_LESIONADOS,Choque Vehicular,Fatiga del conductor,78,LESIONADO,HOMBRE,PEATON,,,,,,,,
2025-04-14 22:16:28,-4.029611,-79.190617,Av. Universitaria,CON_LESIONADOS,Choque Vehicular,Mal estado de la via,47,LESIONADO,NO_REGISTRA,SCOOTER,51,LESIONADO,NO_REGISTRA,VEH_LIVIANO,25,LESIONADO,MUJER,PEATON
2025-07-05 12:10:33,-3.978092,-79.190470,Av. Gran Colombia,CON_LESIONADOS,Atropellamiento,Falla mecanica,35,LESIONADO,HOMBRE,SCOOTER,,,,,,,,
2025-09-21 15:09:17,-4.013978,-79.205657,Av. Metropolitana,CON_FALLECIDOS,Accidente Laboral,Falla mecanica,55,FALLECIDO,MUJER,MOTOCICLETA,18,LESIONADO,NO_REGISTRA,VEH_LIVIANO,40,LESIONADO,NO_REGISTRA,OTRO
2025-04-24 10:00:34,-3.982012,-79.214547,Av. Orillas del Zamora,SOLO_DANOS,Choque Vehicular,Distraccion (celular/radio),,,,,,,,,,,,
2025-11-01 23:14:13,-3.991546,-79.203960,Via Loja - Catamayo,CON_FALLECIDOS,Accidente Laboral,Estado de embriaguez,24,FALLECIDO,HOMBRE,MOTOCICLETA,52,FALLECIDO,NO_REGISTRA,CICLISTA,,,,
2025-06-04 01:36:37,-4.010406,-79.205123,Calle Saraguro,CON_FALLECIDOS,Atropellamiento,Fatiga del conductor,24,FALLECIDO,MUJER,VEH_LIVIANO,21,LESIONADO,NO_REGISTRA,SCOOTER,27,LESIONADO,MUJER,PEATON
2025-02-16 15:44:58,-4.014964,-79.175298,Av. Pio Jaramillo,SOLO_DANOS,Accidente Laboral,Falla mecanica,,,,,,,,,,,,
2025-08-14 11:24:30,-4.032629,-79.178179,Av. 8 de Diciembre,CON_LESIONADOS,Choque Vehicular,Imprudencia del conductor,60,LESIONADO,NO_REGISTRA,PEATON,70,LESIONADO,MUJER,CICLISTA,,,,
2025-02-22 14:28:59,-4.006071,-79.187414,Av. Pio Jaramillo,CON_FALLECIDOS,Atropellamiento,Imprudencia del conductor,83,FALLECIDO,NO_REGISTRA,VEH_LIVIANO,71,FALLECIDO,NO_REGISTRA,SCOOTER,55,LESIONADO,HOMBRE,CICLISTA
2025-07-24 06:15:03,-4.011259,-79.192520,Av. Isidro Ayora,CON_FALLECIDOS,Accidente Laboral,Factores externos,58,FALLECIDO,NO_REGISTRA,SCOOTER,58,FALLECIDO,NO_REGISTRA,OTRO,,,,
2025-05-09 04:45:56,-4.015653,-79.202532,Calle Mercadillo,SOLO_DANOS,Caida,Falla mecanica,,,,,,,,,,,,