fecha_hora,latitud,longitud,via,grado_severidad,tipo_siniestro,causa_probable,victima1_edad,victima1_condicion,victima1_sexo,victima1_actor_vial,victima2_edad,victima2_condicion,victima2_sexo,victima2_actor_vial,victima3_edad,victima3_condicion,victima3_sexo,victima3_actor_vial
2025-04-13 17:50:25,-3.978255,-79.200062,Calle 10 de Agosto,CON_FALLECIDOS,Atropellamiento,Estado de embriaguez,44,FALLECIDO,MUJER,MOTOCICLETA,36,FALLECIDO,NO_REGISTRA,PEATON,,,,
2025-01-20 18:52:37,-3.993941,-79.174410,Calle Quito,CON_LESIONADOS,Incendio,Equipo de seguridad deficiente,63,LESIONADO,NO_REGISTRA,VEH_LIVIANO,23,LESIONADO,NO_REGISTRA,VEH_LIVIANO,,,,
2025-01-07 00:38:22,-4.015907,-79.172002,Calle Miguel Riofrio,CON_LESIONADOS,Volcamiento,Via resbaladiza o mojada,59,LESIONADO,NO_REGISTRA,PEATON,25,LESIONADO,MUJER,OTRO,,,,
2025-12-11 08:36:57,-4.025438,-79.224954,Av. Rosa Hermosa,CON_FALLECIDOS,Incendio,Fatiga del conductor,22,FALLECIDO,HOMBRE,CICLISTA,46,FALLECIDO,MUJER,MOTOCICLETA,55,LESIONADO,HOMBRE,SCOOTER
2025-08-07 14:36:26,-4.032463,-79.196345,Via Loja - Catamayo,SOLO_DANOS,Caida,Visibilidad reducida,,,,,,,,,,,,
2025-05-06 13:13:17,-4.016526,-79.188689,Calle Sucre,SOLO_DANOS,Incendio,Factores externos,,,,,,,,,,,,
2025-09-16 09:08:24,-3.993220,-79.195232,Calle Saraguro,CON_LESIONADOS,Choque Vehicular,Estado de embriaguez,34,LESIONADO,MUJER,SCOOTER,66,LESIONADO,NO_REGISTRA,CICLISTA,,,,
2025-11-07 03:15:53,-3.992275,-79.177258,Av. Reinaldo Espinosa,SOLO_DANOS,Atropellamiento,Equipo de seguridad deficiente,,,,,,,,,,,,
2025-04-25 23:06:21,-4.033683,-79.196115,Av. Pio Jaramillo,SOLO_DANOS,Incendio,Via resbaladiza o mojada,,,,,,,,,,,,
2025-01-25 21:59:40,-3.994107,-79.195755,Av. Manuel Agustin Aguirre,CON_LESIONADOS,Accidente Laboral,Inobservancia de senales,28,LESIONADO,MUJER,CICLISTA,33,LESIONADO,HOMBRE,OTRO,,,,
2025-12-10 07:28:38,-4.000114,-79.215918,Av. Orillas del Zamora,CON_LESIONADOS,Atropellamiento,Estado de embriaguez,80,LESIONADO,HOMBRE,SCOOTER,73,LESIONADO,MUJER,VEH_LIVIANO,,,,
2025-12-11 19:11:59,-3.990431,-79.206211,Av. Reinaldo Espinosa,CON_LESIONADOS,Caida,Inobservancia de senales,8,LESIONADO,HOMBRE,PEATON,70,LESIONADO,MUJER,SCOOTER,,,,
2025-09-23 04:43:54,-4.016040,-79.217509,Calle Montufar,CON_LESIONADOS,Atropellamiento,Exceso de velocidad,19,LESIONADO,HOMBRE,MOTOCICLETA,51,LESIONADO,HOMBRE,VEH_LIVIANO,,,,
2025-03-31 19:15:50,-4.000022,-79.185652,Calle Saraguro,SOLO_DANOS,Atropellamiento,Equipo de seguridad deficiente,,,,,,,,,,,,
2025-01-05 03:36:03,-3.982318,-79.188720,Calle Saraguro,CON_LESIONADOS,Atropellamiento,Inobservancia de senales,15,LESIONADO,HOMBRE,PEATON,,,,,,,,
2025-05-18 10:31:56,-4.021908,-79.185828,Av. 8 de Diciembre,SOLO_DANOS,Volcamiento,Estado de embriaguez,,,,,,,,,,,,
2025-12-22 03:00:41,-4.025715,-79.178956,Av. Reinaldo Espinosa,CON_FALLECIDOS,Accidente Laboral,Factores externos,65,FALLECIDO,HOMBRE,SCOOTER,,,,,,,,
2025-02-24 15:00:52,-3.987930,-79.176723,Av. Manuel Agustin Aguirre,CON_LESIONADOS,Volcamiento,Estado de embriaguez,70,LESIONADO,NO_REGISTRA,MOTOCICLETA,,,,,,,,
2025-10-14 14:10:49,-4.031819,-79.223816,Av. Manuel Agustin Aguirre,CON_FALLECIDOS,Colision Multiple,Exceso de velocidad,49,FALLECIDO,NO_REGISTRA,MOTOCICLETA,,,,,,,,
2025-02-14 15:49:34,-4.030355,-79.211503,Av. Pio Jaramillo,CON_LESIONADOS,Incendio,Fatiga del conductor,44,LESIONADO,HOMBRE,OTRO,,,,,,,,
2025-01-31 10:37:26,-4.026791,-79.208390,Calle 10 de Agosto,CON_LESIONADOS,Colision Multiple,Factores externos,54,LESIONADO,MUJER,OTRO,,,,,,,,
2025-03-28 13:46:17,-4.010553,-79.220226,Av. Manuel Agustin Aguirre,CON_LESIONADOS,Accidente Laboral,Estado de embriaguez,11,LESIONADO,NO_REGISTRA,MOTOCICLETA,73,LESIONADO,MUJER,MOTOCICLETA,17,LESIONADO,HOMBRE,PEATON
2025-01-08 12:17:19,-4.018559,-79.192219,Calle Rocafuerte,CON_FALLECIDOS,Incendio,Visibilidad reducida,61,FALLECIDO,NO_REGISTRA,PEATON,71,LESIONADO,MUJER,PEATON,,,,
2025-03-06 11:55:02,-4.026546,-79.191439,Calle Miguel Riofrio,CON_LESIONADOS,Choque Vehicular,Fatiga del conductor,74,LESIONADO,NO_REGISTRA,OTRO,29,LESIONADO,HOMBRE,VEH_LIVIANO,35,LESIONADO,MUJER,MOTOCICLETA
2025-11-18 07:39:46,-4.027794,-79.172843,Av. 8 de Diciembre,CON_LESIONADOS,Atropellamiento,Mal estado de la via,38,LESIONADO,HOMBRE,MOTOCICLETA,24,LESIONADO,NO_REGISTRA,SCOOTER,,,,
2025-05-07 20:27:10,-3.981606,-79.214986,Calle Ramon Borrero,SOLO_DANOS,Colision Multiple,Estado de embriaguez,,,,,,,,,,,,
2025-06-23 15:16:13,-3.988386,-79.224463,Calle Montufar,CON_LESIONADOS,Incendio,Exceso de velocidad,60,LESIONADO,NO_REGISTRA,PEATON,,,,,,,,
2025-05-17 02:42:37,-3.996115,-79.217332,Av. Cuxibamba,SOLO_DANOS,Atropellamiento,Fatiga del conductor,,,,,,,,,,,,
2025-08-10 15:41:37,-4.013027,-79.210329,Av. Universitaria,CON_FALLECIDOS,Choque Vehicular,Exceso de velocidad,34,FALLECIDO,MUJER,PEATON,66,FALLECIDO,HOMBRE,CICLISTA,18,LESIONADO,NO_REGISTRA,OTRO
2025-11-04 09:43:38,-4.013764,-79.192097,Av. Metropolitana,CON_FALLECIDOS,Volcamiento,Imprudencia del conductor,67,FALLECIDO,HOMBRE,PEATON,6,LESIONADO,MUJER,CICLISTA,45,LESIONADO,NO_REGISTRA,OTRO
2025-04-22 21:08:00,-4.023552,-79.192151,Av. Pio Jaramillo,CON_FALLECIDOS,Accidente Laboral,Visibilidad reducida,41,FALLECIDO,MUJER,OTRO,49,FALLECIDO,HOMBRE,PEATON,,,,
2025-04-13 04:47:58,-4.003081,-79.194294,Calle Azogues,SOLO_DANOS,Colision Multiple,Equipo de seguridad deficiente,,,,,,,,,,,,
2025-08-22 21:12:04,-3.984336,-79.209418,Calle Quito,SOLO_DANOS,Caida,Exceso de velocidad,51,LESIONADO,HOMBRE,MOTOCICLETA,,,,,,,,
2025-09-20 22:15:21,-4.035180,-79.197182,Via Loja - Catamayo,CON_LESIONADOS,Incendio,Falla mecanica,10,LESIONADO,HOMBRE,MOTOCICLETA,79,LESIONADO,MUJER,VEH_LIVIANO,,,,
2025-01-15 19:48:27,-4.033697,-79.216878,Calle Bolivar,CON_FALLECIDOS,Caida,Fatiga del conductor,44,FALLECIDO,NO_REGISTRA,MOTOCICLETA,23,LESIONADO,NO_REGISTRA,CICLISTA,,,,
2025-08-05 06:45:31,-4.011256,-79.221866,Av. Pio Jaramillo,CON_FALLECIDOS,Volcamiento,Mal estado de la via,70,FALLECIDO,HOMBRE,MOTOCICLETA,,,,,,,,
2025-04-19 10:06:43,-3.999683,-79.181434,Calle Quito,CON_LESIONADOS,Volcamiento,Estado de embriaguez,11,LESIONADO,MUJER,PEATON,,,,,,,,
2025-08-19 22:47:56,-3.990390,-79.182948,Calle 18 de Noviembre,CON_FALLECIDOS,Accidente Laboral,Factores externos,74,FALLECIDO,NO_REGISTRA,CICLISTA,58,LESIONADO,HOMBRE,MOTOCICLETA,,,,
2025-11-27 13:59:19,-4.006524,-79.184776,Calle Saraguro,CON_FALLECIDOS,Volcamiento,Imprudencia del conductor,77,FALLECIDO,HOMBRE,SCOOTER,68,LESIONADO,MUJER,MOTOCICLETA,,,,
2025-01-01 01:28:57,-4.015576,-79.217076,Av. Universitaria,CON_LESIONADOS,Atropellamiento,Distraccion (celular/radio),66,LESIONADO,NO_REGISTRA,SCOOTER,,,,,,,,
2025-09-28 07:18:00,-3.991041,-79.216142,Calle Montufar,CON_LESIONADOS,Colision Multiple,Imprudencia del conductor,33,LESIONADO,NO_REGISTRA,VEH_LIVIANO,11,LESIONADO,HOMBRE,SCOOTER,,,,
2025-07-19 21:05:21,-4.001232,-79.186150,Av. Orillas del Zamora,CON_FALLECIDOS,Incendio,Exceso de velocidad,51,FALLECIDO,MUJER,VEH_LIVIANO,16,LESIONADO,MUJER,OTRO,,,,
2025-12-06 23:59:06,-4.000018,-79.173826,Av. Metropolitana,CON_LESIONADOS,Choque Vehicular,Factores externos,9,LESIONADO,MUJER,SCOOTER,,,,,,,,
2025-01-23 16:20:45,-4.000681,-79.215906,Av. Rosa Hermosa,CON_FALLECIDOS,Choque Vehicular,Inobservancia de senales,52,FALLECIDO,MUJER,PEATON,44,FALLECIDO,MUJER,CICLISTA,8,LESIONADO,NO_REGISTRA,VEH_LIVIANO
2025-04-30 11:08:20,-3.989860,-79.220920,Calle Ramon Borrero,CON_FALLECIDOS,Choque Vehicular,Falla mecanica,34,FALLECIDO,MUJER,MOTOCICLETA,14,LESIONADO,NO_REGISTRA,MOTOCICLETA,,,,
2025-01-05 19:01:19,-4.006568,-79.201988,Av. Manuel Agustin Aguirre,CON_LESIONADOS,Colision Multiple,Via resbaladiza o mojada,8,LESIONADO,NO_REGISTRA,PEATON,,,,,,,,
2025-10-14 09:26:24,-4.024106,-79.229261,Calle Colon,SOLO_DANOS,Choque Vehicular,Falla mecanica,,,,,,,,,,,,
2025-07-11 09:06:53,-4.016863,-79.183140,Calle Imbabura,CON_LESIONADOS,Accidente Laboral,Mal estado de la via,12,LESIONADO,HOMBRE,OTRO,28,LESIONADO,HOMBRE,VEH_LIVIANO,20,LESIONADO,MUJER,MOTOCICLETA
2025-04-08 08:01:08,-3.986849,-79.197905,Calle Saraguro,CON_FALLECIDOS,Colision Multiple,Exceso de velocidad,39,FALLECIDO,HOMBRE,SCOOTER,,,,,,,,
2025-09-27 06:06:15,-3.985069,-79.195301,Via Loja - Catamayo,SOLO_DANOS,Colision Multiple,Factores externos,,,,,,,,,,,,
2025-07-09 13:10:00,-4.025953,-79.211636,Calle Mercadillo,CON_LESIONADOS,Atropellamiento,Equipo de seguridad deficiente,7,LESIONADO,NO_REGISTRA,MOTOCICLETA,12,LESIONADO,NO_REGISTRA,MOTOCICLETA,,,,
2025-12-13 04:10:57,-3.977457,-79.206842,Calle Quito,CON_LESIONADOS,Colision Multiple,Exceso de velocidad,11,LESIONADO,MUJER,MOTOCICLETA,,,,,,,,
2025-03-08 18:12:12,-4.023911,-79.185629,Av. Reinaldo Espinosa,SOLO_DANOS,Caida,Fatiga del conductor,,,,,,,,,,,,
2025-08-01 03:33:43,-3.980065,-79.219515,Calle Rocafuerte,CON_FALLECIDOS,Colision Multiple,Exceso de velocidad,56,FALLECIDO,HOMBRE,SCOOTER,60,LESIONADO,MUJER,CICLISTA,,,,
2025-08-28 01:34:34,-4.036337,-79.226937,Av. Pio Jaramillo,SOLO_DANOS,Caida,Estado de embriaguez,,,,,,,,,,,,
2025-11-01 12:48:05,-3.998509,-79.174846,Calle 18 de Noviembre,SOLO_DANOS,Incendio,Exceso de velocidad,,,,,,,,,,,,
2025-05-08 00:46:58,-4.027946,-79.220468,Calle Mercadillo,CON_FALLECIDOS,Choque Vehicular,Falla mecanica,56,FALLECIDO,HOMBRE,CICLISTA,30,LESIONADO,HOMBRE,PEATON,,,,
2025-07-30 09:40:56,-4.012505,-79.182749,Calle Montufar,CON_LESIONADOS,Atropellamiento,Inobservancia de senales,29,LESIONADO,MUJER,SCOOTER,55,LESIONADO,NO_REGISTRA,SCOOTER,56,LESIONADO,NO_REGISTRA,PEATON
2025-11-10 02:26:22,-4.024021,-79.215155,Calle 18 de Noviembre,CON_FALLECIDOS,Volcamiento,Exceso de velocidad,58,FALLECIDO,MUJER,CICLISTA,74,FALLECIDO,MUJER,PEATON,,,,
2025-11-07 07:15:38,-3.996389,-79.222794,Av. Orillas del Zamora,CON_FALLECIDOS,Choque Vehicular,Factores externos,70,FALLECIDO,MUJER,VEH_LIVIANO,38,FALLECIDO,NO_REGISTRA,CICLISTA,,,,
2025-02-10 14:12:38,-3.988740,-79.213805,Calle Quito,CON_LESIONADOS,Atropellamiento,Mal estado de la via,49,LESIONADO,HOMBRE,SCOOTER,7,LESIONADO,HOMBRE,MOTOCICLETA,,,,
2025-11-27 12:20:06,-4.003357,-79.194950,Av. Rosa Hermosa,CON_FALLECIDOS,Choque Vehicular,Distraccion (celular/radio),75,FALLECIDO,NO_REGISTRA,CICLISTA,42,FALLECIDO,HOMBRE,OTRO,20,LESIONADO,MUJER,PEATON
2025-12-02 10:56:52,-4.034361,-79.175285,Calle Ramon Borrero,CON_LESIONADOS,Caida,Via resbaladiza o mojada,14,LESIONADO,NO_REGISTRA,CICLISTA,75,LESIONADO,MUJER,PEATON,53,LESIONADO,MUJER,OTRO
2025-04-08 05:40:54,-4.014382,-79.192010,Calle Sucre,CON_LESIONADOS,Colision Multiple,Distraccion (celular/radio),58,LESIONADO,HOMBRE,OTRO,38,LESIONADO,HOMBRE,MOTOCICLETA,,,,
2025-12-31 14:21:41,-3.981984,-79.196235,Av. Isidro Ayora,SOLO_DANOS,Colision Multiple,Visibilidad reducida,,,,,,,,,,,,
2025-06-14 00:15:47,-4.031787,-79.171950,Calle Imbabura,CON_LESIONADOS,Accidente Laboral,Visibilidad reducida,66,LESIONADO,HOMBRE,CICLISTA,64,LESIONADO,HOMBRE,OTRO,13,LESIONADO,HOMBRE,SCOOTER
2025-04-10 18:04:28,-4.026887,-79.174321,Via Loja - Zamora,CON_LESIONADOS,Volcamiento,Fatiga del conductor,56,LESIONADO,HOMBRE,SCOOTER,18,LESIONADO,HOMBRE,SCOOTER,70,LESIONADO,MUJER,SCOOTER
2025-07-15 19:27:31,-4.022082,-79.218255,Av. Cuxibamba,CON_LESIONADOS,Incendio,Fatiga del conductor,66,LESIONADO,MUJER,PEATON,46,LESIONADO,MUJER,PEATON,41,LESIONADO,NO_REGISTRA,CICLISTA
2025-10-10 10:50:56,-4.009068,-79.196373,Calle 18 de Noviembre,SOLO_DANOS,Incendio,Via resbaladiza o mojada,,,,,,,,,,,,
2025-08-31 17:31:18,-3.986713,-79.205450,Av. Orillas del Zamora,CON_FALLECIDOS,Colision Multiple,Via resbaladiza o mojada,82,FALLECIDO,MUJER,MOTOCICLETA,48,FALLECIDO,NO_REGISTRA,VEH_LIVIANO,30,LESIONADO,NO_REGISTRA,PEATON
2025-12-08 19:54:23,-3.988383,-79.197192,Av. Manuel Agustin Aguirre,CON_LESIONADOS,Incendio,Mal estado de la via,68,LESIONADO,MUJER,CICLISTA,30,LESIONADO,MUJER,OTRO,39,LESIONADO,MUJER,SCOOTER
2025-03-12 08:05:06,-4.034214,-79.186070,Calle Mercadillo,CON_FALLECIDOS,Incendio,Visibilidad reducida,67,FALLECIDO,MUJER,OTRO,80,FALLECIDO,HOMBRE,SCOOTER,,,,
2025-06-04 07:02:39,-3.986568,-79.181798,Calle Azogues,CON_LESIONADOS,Choque Vehicular,Imprudencia del conductor,79,LESIONADO,MUJER,PEATON,,,,,,,,
2025-07-30 00:06:30,-4.004388,-79.208710,Calle Saraguro,CON_FALLECIDOS,Atropellamiento,Via resbaladiza o mojada,21,FALLECIDO,MUJER,PEATON,,,,,,,,
2025-07-18 01:01:30,-3.978249,-79.223695,Av. Universitaria,SOLO_DANOS,Volcamiento,Imprudencia del conductor,,,,,,,,,,,,
2025-08-31 06:56:31,-4.028287,-79.195226,Calle Ramon Borrero,SOLO_DANOS,Atropellamiento,Factores externos,,,,,,,,,,,,
2025-02-03 14:07:10,-3.990880,-79.173516,Calle Sucre,SOLO_DANOS,Caida,Falla mecanica,,,,,,,,,,,,
2025-11-22 10:27:06,-3.988699,-79.213352,Calle Rocafuerte,CON_LESIONADOS,Incendio,Mal estado de la via,70,LESIONADO,MUJER,CICLISTA,32,LESIONADO,HOMBRE,VEH_LIVIANO,8,LESIONADO,NO_REGISTRA,VEH_LIVIANO
2025-05-02 07:31:51,-3.991533,-79.221068,Calle Sucre,SOLO_DANOS,Caida,Imprudencia del conductor,,,,,,,,,,,,
2025-02-28 04:17:47,-4.017015,-79.207242,Calle Azogues,CON_FALLECIDOS,Colision Multiple,Falla mecanica,48,FALLECIDO,HOMBRE,SCOOTER,,,,,,,,
2025-11-01 19:39:02,-4.035507,-79.178985,Av. Isidro Ayora,SOLO_DANOS,Volcamiento,Via resbaladiza o mojada,,,,,,,,,,,,
2025-11-13 22:20:18,-3.982956,-79.186341,Calle Bolivar,CON_FALLECIDOS,Caida,Visibilidad reducida,50,FALLECIDO,NO_REGISTRA,CICLISTA,41,FALLECIDO,HOMBRE,CICLISTA,,,,
2025-12-27 13:47:38,-3.996495,-79.202107,Calle Imbabura,CON_FALLECIDOS,Incendio,Inobservancia de senales,83,FALLECIDO,MUJER,PEATON,51,FALLECIDO,HOMBRE,CICLISTA,76,LESIONADO,MUJER,VEH_LIVIANO
2025-01-30 12:16:15,-3.997557,-79.174593,Av. Isidro Ayora,SOLO_DANOS,Incendio,Exceso de velocidad,59,LESIONADO,HOMBRE,OTRO,,,,,,,,
2025-06-20 23:15:51,-4.025808,-79.195787,Av. Universitaria,CON_LESIONADOS,Colision Multiple,Distraccion (celular/radio),32,LESIONADO,HOMBRE,OTRO,5,LESIONADO,MUJER,VEH_LIVIANO,14,LESIONADO,HOMBRE,OTRO
2025-01-02 02:03:19,-4.009457,-79.177076,Calle Sucre,SOLO_DANOS,Accidente Laboral,Inobservancia de senales,,,,,,,,,,,,
2025-01-29 15:44:45,-4.004942,-79.229557,Av. Rosa Hermosa,SOLO_DANOS,Atropellamiento,Exceso de velocidad,51,LESIONADO,NO_REGISTRA,PEATON,,,,,,,,
2025-11-04 10:34:33,-4.012472,-79.223634,Av. 8 de Diciembre,SOLO_DANOS,Atropellamiento,Via resbaladiza o mojada,,,,,,,,,,,,
2025-03-24 22:20:15,-4.015283,-79.207415,Calle 18 de Noviembre,CON_LESIONADOS,Volcamiento,Equipo de seguridad deficiente,80,LESIONADO,NO_REGISTRA,CICLISTA,69,LESIONADO,NO_REGISTRA,PEATON,,,,
2025-03-20 15:43:51,-3.989808,-79.224500,Calle Montufar,CON_LESIONADOS,Accidente Laboral,Equipo de seguridad deficiente,67,LESIONADO,MUJER,PEATON,15,LESIONADO,NO_REGISTRA,OTRO,18,LESIONADO,HOMBRE,PEATON
2025-07-22 19:40:20,-4.029854,-79.175773,Calle 10 de Agosto,CON_FALLECIDOS,Atropellamiento,Equipo de seguridad deficiente,79,FALLECIDO,NO_REGISTRA,VEH_LIVIANO,,,,,,,,
2025-10-31 11:21:08,-4.010538,-79.230088,Calle Miguel Riofrio,CON_FALLECIDOS,Atropellamiento,Inobservancia de senales,48,FALLECIDO,NO_REGISTRA,PEATON,21,LESIONADO,HOMBRE,OTRO,,,,
2025-07-28 07:42:20,-3.987826,-79.206065,Via Loja - Catamayo,CON_FALLECIDOS,Colision Multiple,Mal estado de la via,33,FALLECIDO,HOMBRE,MOTOCICLETA,52,FALLECIDO,NO_REGISTRA,OTRO,51,LESIONADO,NO_REGISTRA,SCOOTER
2025-06-17 16:02:29,-4.017026,-79.186927,Calle Ramon Borrero,SOLO_DANOS,Volcamiento,Inobservancia de senales,,,,,,,,,,,,
2025-12-09 04:08:40,-4.012858,-79.197668,Av. Pio Jaramillo,SOLO_DANOS,Caida,Via resbaladiza o mojada,,,,,,,,,,,,
2025-11-01 22:20:58,-4.018986,-79.190315,Calle Imbabura,SOLO_DANOS,Atropellamiento,Falla mecanica,,,,,,,,,,,,
2025-11-02 15:16:16,-4.010851,-79.179999,Av. Manuel Agustin Aguirre,SOLO_DANOS,Atropellamiento,Via resbaladiza o mojada,,,,,,,,,,,,
2025-05-06 09:56:37,-4.032716,-79.212822,Av. Reinaldo Espinosa,CON_LESIONADOS,Caida,Visibilidad reducida,32,LESIONADO,HOMBRE,MOTOCICLETA,45,LESIONADO,MUJER,PEATON,,,,
2025-10-08 07:58:08,-3.982269,-79.214481,Av. 8 de Diciembre,CON_LESIONADOS,Colision Multiple,Estado de embriaguez,73,LESIONADO,MUJER,CICLISTA,19,LESIONADO,HOMBRE,MOTOCICLETA,,,,
2025-04-10 15:38:27,-3.999618,-79.194689,Calle 18 de Noviembre,CON_FALLECIDOS,Caida,Imprudencia del conductor,84,FALLECIDO,HOMBRE,VEH_LIVIANO,40,LESIONADO,HOMBRE,OTRO,47,LESIONADO,HOMBRE,SCOOTER
2025-12-23 21:11:03,-3.996340,-79.194822,Ruta 35,SOLO_DANOS,Atropellamiento,Imprudencia del conductor,,,,,,,,,,,,
2025-10-05 15:15:13,-4.036030,-79.194103,Via Loja - Catamayo,CON_LESIONADOS,Colision Multiple,Visibilidad reducida,41,LESIONADO,MUJER,OTRO,32,LESIONADO,HOMBRE,MOTOCICLETA,35,LESIONADO,NO_REGISTRA,CICLISTA
2025-04-22 05:33:39,-4.012014,-79.217711,Via Loja - Zamora,SOLO_DANOS,Colision Multiple,Falla mecanica,,,,,,,,,,,,
2025-06-30 09:16:33,-4.019178,-79.210085,Calle Imbabura,SOLO_DANOS,Volcamiento,Inobservancia de senales,,,,,,,,,,,,
2025-10-05 22:52:38,-3.988873,-79.198911,Calle Sucre,SOLO_DANOS,Volcamiento,Equipo de seguridad deficiente,,,,,,,,,,,,
2025-04-12 15:06:18,-4.006539,-79.221707,Calle Colon,CON_LESIONADOS,Atropellamiento,Estado de embriaguez,48,LESIONADO,NO_REGISTRA,MOTOCICLETA,29,LESIONADO,HOMBRE,MOTOCICLETA,36,LESIONADO,MUJER,SCOOTER
2025-05-14 23:41:10,-3.997383,-79.180225,Calle Bolivar,CON_FALLECIDOS,Choque Vehicular,Falla mecanica,66,FALLECIDO,HOMBRE,PEATON,24,FALLECIDO,HOMBRE,SCOOTER,,,,
2025-05-16 11:40:55,-3.978895,-79.217388,Calle Miguel Riofrio,CON_LESIONADOS,Atropellamiento,Mal estado de la via,55,LESIONADO,NO_REGISTRA,CICLISTA,20,LESIONADO,HOMBRE,VEH_LIVIANO,70,LESIONADO,MUJER,CICLISTA
2025-04-05 12:47:58,-3.985040,-79.223508,Calle Ramon Borrero,CON_LESIONADOS,Caida,Distraccion (celular/radio),16,LESIONADO,NO_REGISTRA,PEATON,,,,,,,,
2025-04-05 23:20:07,-4.033656,-79.219349,Av. Pio Jaramillo,SOLO_DANOS,Incendio,Equipo de seguridad deficiente,,,,,,,,,,,,
2025-12-30 16:46:52,-4.035233,-79.181361,Av. Rosa Hermosa,SOLO_DANOS,Volcamiento,Factores externos,,,,,,,,,,,,
2025-04-15 05:01:53,-3.999865,-79.190646,Av. Gran Colombia,CON_FALLECIDOS,Caida,Visibilidad reducida,44,FALLECIDO,MUJER,OTRO,34,FALLECIDO,MUJER,PEATON,14,LESIONADO,MUJER,PEATON
2025-12-06 01:02:34,-4.026724,-79.210688,Av. Universitaria,CON_FALLECIDOS,Incendio,Inobservancia de senales,84,FALLECIDO,MUJER,PEATON,67,LESIONADO,MUJER,OTRO,,,,
2025-08-23 17:04:17,-4.004251,-79.199026,Av. Universitaria,CON_LESIONADOS,Choque Vehicular,Imprudencia del conductor,47,LESIONADO,HOMBRE,MOTOCICLETA,64,LESIONADO,MUJER,CICLISTA,,,,
2025-04-08 17:51:31,-4.018943,-79.171540,Av. 8 de Diciembre,CON_FALLECIDOS,Atropellamiento,Equipo de seguridad deficiente,42,FALLECIDO,HOMBRE,MOTOCICLETA,24,LESIONADO,NO_REGISTRA,OTRO,,,,
2025-08-01 19:29:22,-3.988457,-79.190497,Av. 8 de Diciembre,CON_FALLECIDOS,Atropellamiento,Factores externos,38,FALLECIDO,NO_REGISTRA,SCOOTER,67,FALLECIDO,HOMBRE,OTRO,29,LESIONADO,NO_REGISTRA,PEATON
2025-05-24 06:15:01,-4.013262,-79.193126,Calle Sucre,SOLO_DANOS,Incendio,Estado de embriaguez,,,,,,,,,,,,
2025-02-16 03:52:10,-3.987103,-79.178752,Via Loja - Catamayo,CON_FALLECIDOS,Choque Vehicular,Inobservancia de senales,23,FALLECIDO,HOMBRE,CICLISTA,78,LESIONADO,MUJER,VEH_LIVIANO,,,,
2025-10-17 14:15:45,-4.027534,-79.221852,Av. Pio Jaramillo,CON_LESIONADOS,Colision Multiple,Exceso de velocidad,11,LESIONADO,NO_REGISTRA,VEH_LIVIANO,32,LESIONADO,HOMBRE,OTRO,44,LESIONADO,MUJER,CICLISTA
2025-02-12 20:54:48,-4.001250,-79.225065,Via Loja - Catamayo,SOLO_DANOS,Volcamiento,Equipo de seguridad deficiente,,,,,,,,,,,,
2025-05-24 23:18:04,-4.002165,-79.201439,Via Loja - Zamora,CON_FALLECIDOS,Atropellamiento,Equipo de seguridad deficiente,79,FALLECIDO,MUJER,VEH_LIVIANO,63,FALLECIDO,HOMBRE,VEH_LIVIANO,28,LESIONADO,NO_REGISTRA,PEATON
2025-02-25 07:38:34,-4.007346,-79.212193,Calle Bolivar,CON_FALLECIDOS,Atropellamiento,Mal estado de la via,63,FALLECIDO,MUJER,SCOOTER,68,FALLECIDO,MUJER,OTRO,31,LESIONADO,MUJER,CICLISTA
2025-02-19 23:24:57,-4.013971,-79.207341,Calle Azogues,SOLO_DANOS,Incendio,Distraccion (celular/radio),,,,,,,,,,,,
2025-01-18 18:26:50,-3.981361,-79.193521,Av. Metropolitana,CON_FALLECIDOS,Colision Multiple,Inobservancia de senales,29,FALLECIDO,HOMBRE,SCOOTER,55,FALLECIDO,MUJER,OTRO,20,LESIONADO,NO_REGISTRA,OTRO
2025-07-29 04:42:48,-3.984304,-79.214208,Av. Universitaria,CON_LESIONADOS,Caida,Imprudencia del conductor,20,LESIONADO,MUJER,CICLISTA,,,,,,,,
2025-06-14 16:35:36,-4.011060,-79.218849,Calle Quito,CON_FALLECIDOS,Atropellamiento,Fatiga del conductor,74,FALLECIDO,HOMBRE,SCOOTER,50,LESIONADO,NO_REGISTRA,VEH_LIVIANO,26,LESIONADO,NO_REGISTRA,CICLISTA
2025-06-22 02:49:09,-3.996261,-79.181083,Av. Gran Colombia,CON_FALLECIDOS,Choque Vehicular,Falla mecanica,68,FALLECIDO,HOMBRE,SCOOTER,62,FALLECIDO,NO_REGISTRA,VEH_LIVIANO,29,LESIONADO,HOMBRE,PEATON
2025-11-16 03:05:05,-4.022329,-79.195012,Calle Mercadillo,SOLO_DANOS,Atropellamiento,Inobservancia de senales,77,LESIONADO,HOMBRE,SCOOTER,,,,,,,,
2025-10-27 12:03:01,-4.035761,-79.221886,Calle 18 de Noviembre,SOLO_DANOS,Accidente Laboral,Mal estado de la via,30,LESIONADO,HOMBRE,VEH_LIVIANO,,,,,,,,