fecha_hora,latitud,longitud,via,grado_severidad,tipo_siniestro,causa_probable,victima1_edad,victima1_condicion,victima1_sexo,victima1_actor_vial,victima2_edad,victima2_condicion,victima2_sexo,victima2_actor_vial,victima3_edad,victima3_condicion,victima3_sexo,victima3_actor_vial
2025-09-14 06:52:49,-4.036363,-79.177153,Calle Ramon Borrero,CON_FALLECIDOS,Incendio,Exceso de velocidad,57,FALLECIDO,NO_REGISTRA,OTRO,43,FALLECIDO,HOMBRE,OTRO,41,LESIONADO,NO_REGISTRA,VEH_LIVIANO
2025-04-08 23:25:44,-3.980479,-79.172292,Calle Montufar,CON_LESIONADOS,Choque Vehicular,Mal estado de la via,48,LESIONADO,MUJER,SCOOTER,70,LESIONADO,HOMBRE,MOTOCICLETA,,,,
2025-10-20 19:26:41,-3.983209,-79.222580,Av. Universitaria,CON_FALLECIDOS,Caida,Via resbaladiza o mojada,27,FALLECIDO,HOMBRE,PEATON,,,,,,,,
2025-01-25 03:19:10,-3.981278,-79.195289,Av. Manuel Agustin Aguirre,CON_FALLECIDOS,Incendio,Mal estado de la via,41,FALLECIDO,HOMBRE,VEH_LIVIANO,26,LESIONADO,HOMBRE,CICLISTA,75,LESIONADO,NO_REGISTRA,OTRO
2025-12-14 14:11:30,-3.980391,-79.220396,Av. Orillas del Zamora,CON_LESIONADOS,Volcamiento,Falla mecanica,67,LESIONADO,MUJER,OTRO,,,,,,,,
2025-06-03 14:37:51,-3.977341,-79.221890,Ruta 35,CON_LESIONADOS,Atropellamiento,Fatiga del conductor,13,LESIONADO,MUJER,MOTOCICLETA,,,,,,,,
2025-05-29 13:03:29,-4.022427,-79.225522,Av. Orillas del Zamora,CON_LESIONADOS,Caida,Fatiga del conductor,33,LESIONADO,MUJER,SCOOTER,67,LESIONADO,HOMBRE,MOTOCICLETA,78,LESIONADO,HOMBRE,MOTOCICLETA
2025-01-18 23:36:19,-4.029569,-79.230277,Av. Gran Colombia,CON_LESIONADOS,Atropellamiento,Mal estado de la via,46,LESIONADO,MUJER,OTRO,,,,,,,,
2025-03-23 06:44:23,-3.990636,-79.178008,Calle Saraguro,CON_FALLECIDOS,Choque Vehicular,Via resbaladiza o mojada,72,FALLECIDO,HOMBRE,SCOOTER,42,LESIONADO,HOMBRE,PEATON,42,LESIONADO,NO_REGISTRA,VEH_LIVIANO
2025-04-24 19:58:09,-4.030661,-79.185105,Calle 18 de Noviembre,CON_LESIONADOS,Accidente Laboral,Distraccion (celular/radio),64,LESIONADO,NO_REGISTRA,SCOOTER,,,,,,,,
2025-01-03 12:21:46,-4.021946,-79.177761,Av. Manuel Agustin Aguirre,SOLO_DANOS,Incendio,Fatiga del conductor,,,,,,,,,,,,
2025-07-07 18:35:36,-4.023178,-79.205938,Av. Rosa Hermosa,SOLO_DANOS,Colision Multiple,Fatiga del conductor,,,,,,,,,,,,
2025-03-04 02:44:02,-4.019682,-79.221196,Calle Sucre,CON_LESIONADOS,Accidente Laboral,Via resbaladiza o mojada,61,LESIONADO,MUJER,SCOOTER,7,LESIONADO,NO_REGISTRA,CICLISTA,,,,
2025-11-29 05:19:41,-4.011162,-79.178609,Ruta 35,CON_FALLECIDOS,Caida,Imprudencia del conductor,61,FALLECIDO,MUJER,SCOOTER,7,LESIONADO,NO_REGISTRA,CICLISTA,,,,
2025-08-14 17:29:29,-3.985364,-79.180629,Av. Isidro Ayora,CON_LESIONADOS,Incendio,Distraccion (celular/radio),35,LESIONADO,MUJER,MOTOCICLETA,,,,,,,,
2025-09-14 04:19:34,-3.989231,-79.226115,Av. Orillas del Zamora,CON_FALLECIDOS,Choque Vehicular,Inobservancia de senales,66,FALLECIDO,MUJER,VEH_LIVIANO,47,FALLECIDO,MUJER,OTRO,74,LESIONADO,HOMBRE,VEH_LIVIANO
2025-07-03 09:03:59,-3.978464,-79.181465,Calle Mercadillo,CON_FALLECIDOS,Atropellamiento,Distraccion (celular/radio),81,FALLECIDO,NO_REGISTRA,MOTOCICLETA,53,LESIONADO,HOMBRE,OTRO,75,LESIONADO,HOMBRE,SCOOTER
2025-08-31 16:04:52,-3.986392,-79.185704,Ruta 35,CON_FALLECIDOS,Accidente Laboral,Exceso de velocidad,38,FALLECIDO,MUJER,SCOOTER,51,FALLECIDO,MUJER,OTRO,53,LESIONADO,HOMBRE,PEATON
2025-05-15 01:16:39,-4.036099,-79.221951,Calle 18 de Noviembre,CON_FALLECIDOS,Choque Vehicular,Estado de embriaguez,82,FALLECIDO,NO_REGISTRA,VEH_LIVIANO,55,LESIONADO,NO_REGISTRA,PEATON,50,LESIONADO,MUJER,MOTOCICLETA
2025-02-13 05:27:44,-3.985596,-79.198785,Av. Manuel Agustin Aguirre,CON_LESIONADOS,Accidente Laboral,Inobservancia de senales,69,LESIONADO,HOMBRE,CICLISTA,19,LESIONADO,HOMBRE,CICLISTA,39,LESIONADO,MUJER,CICLISTA
2025-08-09 03:25:55,-4.023546,-79.217598,Calle Mercadillo,SOLO_DANOS,Choque Vehicular,Via resbaladiza o mojada,,,,,,,,,,,,
2025-09-14 22:46:22,-4.001391,-79.186329,Av. Metropolitana,CON_FALLECIDOS,Volcamiento,Via resbaladiza o mojada,76,FALLECIDO,MUJER,CICLISTA,49,FALLECIDO,MUJER,PEATON,50,LESIONADO,NO_REGISTRA,OTRO
2025-11-03 19:47:31,-4.011750,-79.212546,Via Loja - Catamayo,CON_FALLECIDOS,Volcamiento,Falla mecanica,22,FALLECIDO,MUJER,CICLISTA,48,FALLECIDO,HOMBRE,CICLISTA,71,LESIONADO,NO_REGISTRA,OTRO
2025-09-26 23:54:49,-4.034723,-79.226472,Ruta 35,CON_FALLECIDOS,Incendio,Factores externos,66,FALLECIDO,MUJER,CICLISTA,51,LESIONADO,HOMBRE,CICLISTA,80,LESIONADO,HOMBRE,OTRO
2025-01-18 14:03:40,-4.007488,-79.206949,Calle Mercadillo,CON_LESIONADOS,Choque Vehicular,Visibilidad reducida,21,LESIONADO,NO_REGISTRA,MOTOCICLETA,19,LESIONADO,MUJER,CICLISTA,50,LESIONADO,NO_REGISTRA,OTRO
2025-11-21 00:09:39,-4.003412,-79.182133,Calle Saraguro,CON_LESIONADOS,Choque Vehicular,Inobservancia de senales,30,LESIONADO,HOMBRE,SCOOTER,,,,,,,,
2025-04-12 10:06:25,-4.021351,-79.224239,Av. 8 de Diciembre,CON_FALLECIDOS,Colision Multiple,Visibilidad reducida,34,FALLECIDO,HOMBRE,VEH_LIVIANO,77,FALLECIDO,MUJER,MOTOCICLETA,,,,
2025-02-16 12:32:50,-3.993649,-79.178404,Calle Mercadillo,CON_FALLECIDOS,Choque Vehicular,Falla mecanica,39,FALLECIDO,NO_REGISTRA,MOTOCICLETA,13,LESIONADO,HOMBRE,SCOOTER,,,,
2025-11-12 13:18:55,-4.005830,-79.174249,Av. Gran Colombia,SOLO_DANOS,Caida,Inobservancia de senales,,,,,,,,,,,,
2025-03-01 00:24:31,-4.000588,-79.191722,Av. Isidro Ayora,SOLO_DANOS,Volcamiento,Factores externos,,,,,,,,,,,,
2025-12-27 00:25:56,-4.031605,-79.184485,Calle Bolivar,SOLO_DANOS,Volcamiento,Estado de embriaguez,,,,,,,,,,,,
2025-04-08 03:08:45,-3.983187,-79.192160,Calle Montufar,CON_LESIONADOS,Accidente Laboral,Exceso de velocidad,32,LESIONADO,HOMBRE,SCOOTER,58,LESIONADO,MUJER,VEH_LIVIANO,,,,
2025-06-10 16:15:03,-4.012921,-79.204491,Calle Rocafuerte,SOLO_DANOS,Colision Multiple,Equipo de seguridad deficiente,,,,,,,,,,,,
2025-02-10 03:40:06,-4.010102,-79.179966,Calle Saraguro,CON_FALLECIDOS,Accidente Laboral,Inobservancia de senales,49,FALLECIDO,HOMBRE,CICLISTA,,,,,,,,
2025-08-02 01:32:20,-4.033025,-79.173509,Calle Azogues,SOLO_DANOS,Volcamiento,Inobservancia de senales,,,,,,,,,,,,
2025-07-24 02:48:25,-4.017948,-79.178896,Av. Rosa Hermosa,CON_FALLECIDOS,Caida,Imprudencia del conductor,62,FALLECIDO,MUJER,PEATON,52,FALLECIDO,MUJER,MOTOCICLETA,,,,
2025-03-25 11:09:17,-4.013414,-79.203398,Calle Mercadillo,SOLO_DANOS,Atropellamiento,Imprudencia del conductor,,,,,,,,,,,,
2025-01-13 13:45:07,-3.984265,-79.178077,Av. Orillas del Zamora,SOLO_DANOS,Accidente Laboral,Mal estado de la via,,,,,,,,,,,,
2025-01-24 03:08:50,-4.031177,-79.192073,Calle Rocafuerte,CON_LESIONADOS,Accidente Laboral,Estado de embriaguez,74,LESIONADO,NO_REGISTRA,CICLISTA,46,LESIONADO,NO_REGISTRA,CICLISTA,20,LESIONADO,HOMBRE,OTRO
2025-04-19 01:49:26,-4.005374,-79.216425,Calle Quito,CON_FALLECIDOS,Volcamiento,Exceso de velocidad,18,FALLECIDO,MUJER,MOTOCICLETA,69,FALLECIDO,HOMBRE,VEH_LIVIANO,6,LESIONADO,MUJER,CICLISTA
2025-09-26 22:16:59,-4.012929,-79.173230,Calle 18 de Noviembre,CON_FALLECIDOS,Atropellamiento,Distraccion (celular/radio),64,FALLECIDO,MUJER,MOTOCICLETA,,,,,,,,
2025-03-15 07:16:43,-4.035780,-79.172439,Av. Cuxibamba,SOLO_DANOS,Caida,Fatiga del conductor,,,,,,,,,,,,
2025-03-30 13:48:38,-3.991896,-79.211354,Calle 10 de Agosto,CON_LESIONADOS,Choque Vehicular,Factores externos,37,LESIONADO,MUJER,PEATON,49,LESIONADO,MUJER,OTRO,,,,
2025-12-07 12:49:38,-4.007132,-79.188404,Av. Gran Colombia,SOLO_DANOS,Incendio,Visibilidad reducida,,,,,,,,,,,,
2025-10-20 23:56:02,-4.023033,-79.229522,Calle Bolivar,SOLO_DANOS,Atropellamiento,Fatiga del conductor,,,,,,,,,,,,
2025-11-14 21:57:33,-3.979212,-79.223978,Calle Azogues,CON_LESIONADOS,Accidente Laboral,Distraccion (celular/radio),31,LESIONADO,NO_REGISTRA,VEH_LIVIANO,49,LESIONADO,NO_REGISTRA,SCOOTER,,,,
2025-02-09 10:37:30,-4.025393,-79.186385,Calle 18 de Noviembre,CON_FALLECIDOS,Accidente Laboral,Factores externos,31,FALLECIDO,MUJER,CICLISTA,31,FALLECIDO,HOMBRE,OTRO,,,,
2025-10-24 06:01:43,-4.016878,-79.197704,Calle Saraguro,SOLO_DANOS,Caida,Via resbaladiza o mojada,,,,,,,,,,,,
2025-01-05 03:14:52,-3.979394,-79.174454,Via Loja - Zamora,CON_LESIONADOS,Accidente Laboral,Imprudencia del conductor,41,LESIONADO,MUJER,CICLISTA,17,LESIONADO,NO_REGISTRA,PEATON,72,LESIONADO,MUJER,OTRO
2025-10-25 02:12:44,-4.025666,-79.189746,Calle Miguel Riofrio,CON_FALLECIDOS,Atropellamiento,Via resbaladiza o mojada,70,FALLECIDO,NO_REGISTRA,SCOOTER,40,FALLECIDO,NO_REGISTRA,PEATON,,,,
2025-12-15 20:37:55,-3.998938,-79.212248,Av. Pio Jaramillo,SOLO_DANOS,Caida,Visibilidad reducida,,,,,,,,,,,,
2025-12-08 03:20:16,-4.003107,-79.229572,Av. Orillas del Zamora,SOLO_DANOS,Volcamiento,Inobservancia de senales,52,LESIONADO,NO_REGISTRA,PEATON,,,,,,,,
2025-11-10 16:46:24,-4.029692,-79.216997,Av. Rosa Hermosa,CON_FALLECIDOS,Incendio,Estado de embriaguez,32,FALLECIDO,NO_REGISTRA,SCOOTER,14,LESIONADO,HOMBRE,PEATON,,,,
2025-04-25 21:06:00,-3.984374,-79.186525,Av. Reinaldo Espinosa,CON_FALLECIDOS,Colision Multiple,Equipo de seguridad deficiente,82,FALLECIDO,NO_REGISTRA,SCOOTER,53,FALLECIDO,MUJER,SCOOTER,79,LESIONADO,HOMBRE,PEATON
2025-07-12 07:58:00,-4.005989,-79.184060,Calle Ramon Borrero,SOLO_DANOS,Caida,Visibilidad reducida,,,,,,,,,,,,
2025-12-11 02:21:54,-4.001074,-79.192216,Ruta 35,CON_LESIONADOS,Accidente Laboral,Via resbaladiza o mojada,47,LESIONADO,NO_REGISTRA,OTRO,62,LESIONADO,HOMBRE,SCOOTER,14,LESIONADO,MUJER,CICLISTA
2025-03-27 11:28:26,-3.981457,-79.215507,Calle Azogues,CON_FALLECIDOS,Incendio,Via resbaladiza o mojada,69,FALLECIDO,HOMBRE,CICLISTA,,,,,,,,
2025-03-16 17:22:59,-4.026690,-79.193664,Calle Saraguro,CON_LESIONADOS,Choque Vehicular,Distraccion (celular/radio),17,LESIONADO,NO_REGISTRA,PEATON,,,,,,,,
2025-02-18 18:02:32,-4.001169,-79.205623,Calle Imbabura,CON_FALLECIDOS,Accidente Laboral,Equipo de seguridad deficiente,40,FALLECIDO,NO_REGISTRA,MOTOCICLETA,,,,,,,,
2025-08-18 00:43:25,-4.005461,-79.201764,Calle Miguel Riofrio,CON_LESIONADOS,Atropellamiento,Estado de embriaguez,65,LESIONADO,MUJER,PEATON,12,LESIONADO,HOMBRE,SCOOTER,14,LESIONADO,NO_REGISTRA,SCOOTER
2025-09-15 09:36:24,-4.011642,-79.217311,Calle 18 de Noviembre,CON_LESIONADOS,Incendio,Fatiga del conductor,34,LESIONADO,MUJER,VEH_LIVIANO,63,LESIONADO,HOMBRE,SCOOTER,,,,
2025-09-16 12:44:34,-3.993597,-79.195943,Av. Pio Jaramillo,SOLO_DANOS,Accidente Laboral,Via resbaladiza o mojada,,,,,,,,,,,,
2025-09-13 22:24:21,-4.026444,-79.175701,Av. Manuel Agustin Aguirre,CON_LESIONADOS,Accidente Laboral,Visibilidad reducida,8,LESIONADO,HOMBRE,MOTOCICLETA,,,,,,,,
2025-11-03 21:58:44,-3.986949,-79.190939,Via Loja - Zamora,SOLO_DANOS,Caida,Via resbaladiza o mojada,,,,,,,,,,,,
2025-03-30 04:36:27,-4.010887,-79.189116,Via Loja - Catamayo,SOLO_DANOS,Choque Vehicular,Via resbaladiza o mojada,,,,,,,,,,,,
2025-04-24 20:01:42,-3.982166,-79.205030,Av. Cuxibamba,CON_FALLECIDOS,Volcamiento,Estado de embriaguez,48,FALLECIDO,HOMBRE,SCOOTER,83,FALLECIDO,MUJER,SCOOTER,,,,
2025-06-22 04:25:55,-3.983671,-79.186134,Av. Orillas del Zamora,CON_LESIONADOS,Caida,Falla mecanica,13,LESIONADO,NO_REGISTRA,CICLISTA,20,LESIONADO,HOMBRE,OTRO,60,LESIONADO,NO_REGISTRA,SCOOTER
2025-11-13 04:59:44,-4.031254,-79.173108,Av. Isidro Ayora,SOLO_DANOS,Atropellamiento,Visibilidad reducida,,,,,,,,,,,,
2025-01-31 03:02:38,-3.985270,-79.224375,Via Loja - Catamayo,CON_FALLECIDOS,Colision Multiple,Distraccion (celular/radio),77,FALLECIDO,MUJER,VEH_LIVIANO,70,FALLECIDO,NO_REGISTRA,SCOOTER,66,LESIONADO,HOMBRE,SCOOTER
2025-11-02 15:30:28,-3.982877,-79.219196,Calle 10 de Agosto,CON_LESIONADOS,Incendio,Mal estado de la via,62,LESIONADO,MUJER,CICLISTA,65,LESIONADO,MUJER,MOTOCICLETA,9,LESIONADO,NO_REGISTRA,MOTOCICLETA
2025-01-17 11:33:20,-3.989351,-79.228055,Calle Azogues,SOLO_DANOS,Colision Multiple,Exceso de velocidad,,,,,,,,,,,,
2025-07-15 11:08:23,-4.012723,-79.202601,Via Loja - Zamora,CON_LESIONADOS,Choque Vehicular,Exceso de velocidad,15,LESIONADO,HOMBRE,OTRO,,,,,,,,
2025-06-21 04:41:31,-4.005859,-79.228509,Ruta 35,CON_FALLECIDOS,Caida,Via resbaladiza o mojada,69,FALLECIDO,NO_REGISTRA,MOTOCICLETA,14,LESIONADO,MUJER,SCOOTER,30,LESIONADO,HOMBRE,VEH_LIVIANO
2025-10-24 05:28:00,-3.978013,-79.225525,Av. Pio Jaramillo,CON_FALLECIDOS,Atropellamiento,Imprudencia del conductor,74,FALLECIDO,HOMBRE,CICLISTA,45,FALLECIDO,NO_REGISTRA,SCOOTER,55,LESIONADO,MUJER,OTRO
2025-11-15 03:12:27,-4.011999,-79.218377,Av. Universitaria,SOLO_DANOS,Caida,Mal estado de la via,,,,,,,,,,,,
2025-01-04 12:40:17,-3.997316,-79.171796,Calle 10 de Agosto,SOLO_DANOS,Volcamiento,Exceso de velocidad,,,,,,,,,,,,
2025-11-09 04:02:04,-4.020419,-79.188641,Av. Orillas del Zamora,CON_LESIONADOS,Colision Multiple,Via resbaladiza o mojada,38,LESIONADO,NO_REGISTRA,MOTOCICLETA,,,,,,,,
2025-10-05 02:28:27,-4.010241,-79.179921,Calle 10 de Agosto,CON_FALLECIDOS,Atropellamiento,Distraccion (celular/radio),80,FALLECIDO,NO_REGISTRA,SCOOTER,52,FALLECIDO,MUJER,SCOOTER,,,,
2025-08-06 04:01:39,-4.009732,-79.227598,Av. Isidro Ayora,SOLO_DANOS,Colision Multiple,Imprudencia del conductor,,,,,,,,,,,,
2025-05-16 19:29:16,-3.994628,-79.208241,Calle Azogues,CON_FALLECIDOS,Choque Vehicular,Estado de embriaguez,33,FALLECIDO,MUJER,OTRO,48,LESIONADO,NO_REGISTRA,SCOOTER,,,,
2025-12-23 08:50:42,-3.994056,-79.192844,Ruta 35,CON_LESIONADOS,Colision Multiple,Falla mecanica,68,LESIONADO,NO_REGISTRA,PEATON,,,,,,,,
2025-08-22 08:26:58,-3.982077,-79.225073,Av. Metropolitana,CON_FALLECIDOS,Incendio,Factores externos,39,FALLECIDO,MUJER,OTRO,74,LESIONADO,NO_REGISTRA,MOTOCICLETA,,,,
2025-05-07 05:07:25,-3.998234,-79.218461,Av. 8 de Diciembre,SOLO_DANOS,Volcamiento,Mal estado de la via,,,,,,,,,,,,
2025-08-03 13:45:18,-3.998590,-79.179954,Ruta 35,SOLO_DANOS,Colision Multiple,Visibilidad reducida,,,,,,,,,,,,
2025-08-13 02:22:11,-3.992506,-79.183174,Av. Rosa Hermosa,SOLO_DANOS,Incendio,Mal estado de la via,,,,,,,,,,,,
2025-12-10 09:57:51,-4.009162,-79.230449,Calle Miguel Riofrio,SOLO_DANOS,Volcamiento,Distraccion (celular/radio),22,LESIONADO,MUJER,OTRO,,,,,,,,
2025-07-25 07:07:00,-4.011724,-79.212607,Calle Bolivar,CON_LESIONADOS,Incendio,Fatiga del conductor,47,LESIONADO,MUJER,SCOOTER,,,,,,,,
2025-11-15 00:22:17,-3.986008,-79.193119,Calle Bolivar,CON_FALLECIDOS,Caida,Visibilidad reducida,69,FALLECIDO,HOMBRE,SCOOTER,70,FALLECIDO,MUJER,PEATON,,,,
2025-12-03 08:45:29,-3.982298,-79.227549,Calle Quito,SOLO_DANOS,Volcamiento,Estado de embriaguez,,,,,,,,,,,,
2025-11-08 16:10:46,-3.978440,-79.194875,Av. Cuxibamba,CON_LESIONADOS,Colision Multiple,Distraccion (celular/radio),9,LESIONADO,MUJER,CICLISTA,,,,,,,,
2025-09-25 15:12:47,-4.035431,-79.223176,Calle Saraguro,SOLO_DANOS,Choque Vehicular,Exceso de velocidad,,,,,,,,,,,,
2025-09-27 05:05:27,-4.003900,-79.211295,Calle Mercadillo,CON_FALLECIDOS,Colision Multiple,Inobservancia de senales,67,FALLECIDO,NO_REGISTRA,OTRO,54,FALLECIDO,NO_REGISTRA,PEATON,,,,
2025-10-21 04:26:15,-3.985143,-79.225790,Av. Orillas del Zamora,SOLO_DANOS,Incendio,Exceso de velocidad,,,,,,,,,,,,
2025-03-10 20:17:05,-4.004069,-79.184944,Calle Montufar,CON_FALLECIDOS,Caida,Visibilidad reducida,66,FALLECIDO,MUJER,PEATON,17,LESIONADO,MUJER,PEATON,,,,
2025-05-06 17:51:16,-3.994512,-79.188827,Av. Gran Colombia,SOLO_DANOS,Accidente Laboral,Imprudencia del conductor,,,,,,,,,,,,
2025-01-20 14:57:32,-4.000240,-79.171788,Calle 18 de Noviembre,CON_LESIONADOS,Accidente Laboral,Distraccion (celular/radio),51,LESIONADO,HOMBRE,VEH_LIVIANO,,,,,,,,
2025-08-31 14:20:31,-3.981274,-79.200634,Via Loja - Catamayo,SOLO_DANOS,Choque Vehicular,Falla mecanica,,,,,,,,,,,,
2025-02-10 00:30:35,-3.988192,-79.180150,Calle Imbabura,CON_LESIONADOS,Volcamiento,Estado de embriaguez,31,LESIONADO,HOMBRE,OTRO,,,,,,,,
2025-02-01 20:47:52,-4.019204,-79.228691,Calle 18 de Noviembre,SOLO_DANOS,Incendio,Equipo de seguridad deficiente,,,,,,,,,,,,
2025-01-22 04:31:45,-4.009385,-79.183387,Calle Mercadillo,SOLO_DANOS,Caida,Fatiga del conductor,,,,,,,,,,,,
2025-08-17 07:41:45,-4.018884,-79.191532,Av. Reinaldo Espinosa,SOLO_DANOS,Colision Multiple,Equipo de seguridad deficiente,,,,,,,,,,,,
2025-07-12 10:00:27,-4.021833,-79.205826,Calle Miguel Riofrio,SOLO_DANOS,Atropellamiento,Fatiga del conductor,,,,,,,,,,,,
2025-02-23 01:41:31,-3.983964,-79.214640,Calle 18 de Noviembre,CON_FALLECIDOS,Caida,Equipo de seguridad deficiente,72,FALLECIDO,MUJER,SCOOTER,22,LESIONADO,NO_REGISTRA,CICLISTA,,,,
2025-12-08 08:21:27,-4.028075,-79.224041,Calle Rocafuerte,CON_LESIONADOS,Volcamiento,Exceso de velocidad,5,LESIONADO,HOMBRE,OTRO,,,,,,,,
2025-02-21 05:51:41,-4.025477,-79.205036,Calle Sucre,SOLO_DANOS,Accidente Laboral,Fatiga del conductor,,,,,,,,,,,,
2025-02-08 13:35:37,-4.030586,-79.199998,Av. Cuxibamba,SOLO_DANOS,Atropellamiento,Via resbaladiza o mojada,,,,,,,,,,,,
2025-11-25 15:18:04,-4.030072,-79.187005,Av. Rosa Hermosa,SOLO_DANOS,Choque Vehicular,Visibilidad reducida,,,,,,,,,,,,
2025-04-09 13:55:08,-4.029845,-79.197966,Av. Cuxibamba,CON_FALLECIDOS,Choque Vehicular,Equipo de seguridad deficiente,80,FALLECIDO,HOMBRE,CICLISTA,61,FALLECIDO,NO_REGISTRA,VEH_LIVIANO,77,LESIONADO,NO_REGISTRA,MOTOCICLETA
2025-06-08 10:03:28,-3.981456,-79.193446,Calle Mercadillo,CON_FALLECIDOS,Volcamiento,Via resbaladiza o mojada,69,FALLECIDO,HOMBRE,SCOOTER,35,FALLECIDO,NO_REGISTRA,OTRO,24,LESIONADO,HOMBRE,CICLISTA
2025-06-03 16:40:16,-4.002638,-79.198154,Av. Pio Jaramillo,CON_FALLECIDOS,Volcamiento,Fatiga del conductor,80,FALLECIDO,NO_REGISTRA,PEATON,6,LESIONADO,HOMBRE,OTRO,37,LESIONADO,HOMBRE,CICLISTA
2025-01-14 19:27:34,-4.010934,-79.204212,Av. Metropolitana,SOLO_DANOS,Incendio,Exceso de velocidad,,,,,,,,,,,,
2025-06-22 00:35:08,-3.980080,-79.202628,Calle 18 de Noviembre,SOLO_DANOS,Atropellamiento,Equipo de seguridad deficiente,,,,,,,,,,,,
2025-06-25 09:20:34,-4.021753,-79.229920,Calle Ramon Borrero,SOLO_DANOS,Colision Multiple,Inobservancia de senales,,,,,,,,,,,,
2025-01-08 13:09:52,-4.034870,-79.209581,Av. Orillas del Zamora,CON_FALLECIDOS,Accidente Laboral,Imprudencia del conductor,65,FALLECIDO,MUJER,PEATON,20,LESIONADO,MUJER,VEH_LIVIANO,,,,
2025-02-24 06:10:45,-3.977469,-79.191966,Av. 8 de Diciembre,CON_FALLECIDOS,Colision Multiple,Mal estado de la via,49,FALLECIDO,MUJER,SCOOTER,,,,,,,,
2025-06-24 07:00:33,-4.005641,-79.205631,Av. Universitaria,SOLO_DANOS,Incendio,Falla mecanica,24,LESIONADO,HOMBRE,VEH_LIVIANO,,,,,,,,
2025-10-28 10:04:57,-4.012634,-79.173709,Av. Reinaldo Espinosa,CON_LESIONADOS,Colision Multiple,Via resbaladiza o mojada,11,LESIONADO,HOMBRE,MOTOCICLETA,74,LESIONADO,NO_REGISTRA,OTRO,10,LESIONADO,NO_REGISTRA,SCOOTER
2025-08-04 19:56:33,-3.999023,-79.218939,Calle 10 de Agosto,SOLO_DANOS,Incendio,Factores externos,,,,,,,,,,,,
2025-01-17 07:57:01,-3.979026,-79.214794,Av. Gran Colombia,CON_LESIONADOS,Choque Vehicular,Distraccion (celular/radio),38,LESIONADO,MUJER,MOTOCICLETA,,,,,,,,
2025-03-21 20:36:04,-3.990987,-79.224773,Calle Montufar,CON_LESIONADOS,Incendio,Exceso de velocidad,11,LESIONADO,NO_REGISTRA,OTRO,32,LESIONADO,MUJER,PEATON,59,LESIONADO,HOMBRE,PEATON
2025-07-19 08:34:37,-3.992587,-79.218597,Av. Gran Colombia,CON_FALLECIDOS,Accidente Laboral,Fatiga del conductor,53,FALLECIDO,NO_REGISTRA,VEH_LIVIANO,71,FALLECIDO,MUJER,CICLISTA,66,LESIONADO,HOMBRE,MOTOCICLETA
2025-09-08 05:55:24,-4.006671,-79.223813,Calle Imbabura,SOLO_DANOS,Incendio,Distraccion (celular/radio),21,LESIONADO,HOMBRE,VEH_LIVIANO,,,,,,,,
2025-11-02 21:30:04,-3.996935,-79.222573,Av. Isidro Ayora,CON_FALLECIDOS,Incendio,Distraccion (celular/radio),19,FALLECIDO,MUJER,SCOOTER,,,,,,,,
2025-08-08 03:43:30,-3.988470,-79.197930,Via Loja - Catamayo,CON_LESIONADOS,Incendio,Estado de embriaguez,21,LESIONADO,MUJER,PEATON,48,LESIONADO,NO_REGISTRA,CICLISTA,,,,
2025-11-29 20:56:06,-3.985749,-79.179616,Calle Colon,CON_LESIONADOS,Incendio,Inobservancia de senales,46,LESIONADO,MUJER,OTRO,24,LESIONADO,NO_REGISTRA,MOTOCICLETA,78,LESIONADO,HOMBRE,PEATON
2025-02-06 16:55:02,-3.994934,-79.212154,Av. Orillas del Zamora,SOLO_DANOS,Volcamiento,Via resbaladiza o mojada,,,,,,,,,,,,
2025-09-24 12:43:00,-3.999656,-79.201554,Calle 10 de Agosto,CON_LESIONADOS,Volcamiento,Via resbaladiza o mojada,70,LESIONADO,HOMBRE,SCOOTER,,,,,,,,
2025-03-07 08:18:05,-4.021194,-79.204149,Calle Colon,SOLO_DANOS,Atropellamiento,Estado de embriaguez,,,,,,,,,,,,
2025-03-04 04:39:51,-3.995174,-79.198157,Calle Miguel Riofrio,SOLO_DANOS,Incendio,Inobservancia de senales,,,,,,,,,,,,
2025-11-21 20:11:18,-4.027586,-79.197354,Av. Rosa Hermosa,CON_LESIONADOS,Incendio,Equipo de seguridad deficiente,56,LESIONADO,NO_REGISTRA,MOTOCICLETA,18,LESIONADO,NO_REGISTRA,CICLISTA,67,LESIONADO,MUJER,PEATON
2025-08-03 18:48:39,-4.030249,-79.218398,Av. Gran Colombia,SOLO_DANOS,Atropellamiento,Exceso de velocidad,,,,,,,,,,,,
2025-04-18 21:12:46,-4.011859,-79.178605,Calle Sucre,SOLO_DANOS,Choque Vehicular,Imprudencia del conductor,,,,,,,,,,,,
2025-01-08 12:00:13,-4.000064,-79.173844,Calle Quito,CON_LESIONADOS,Accidente Laboral,Visibilidad reducida,16,LESIONADO,HOMBRE,OTRO,28,LESIONADO,HOMBRE,VEH_LIVIANO,,,,
2025-01-05 09:54:36,-4.003915,-79.222079,Av. Metropolitana,CON_LESIONADOS,Accidente Laboral,Imprudencia del conductor,10,LESIONADO,NO_REGISTRA,PEATON,53,LESIONADO,HOMBRE,VEH_LIVIANO,,,,
2025-10-03 09:13:36,-4.014756,-79.216905,Calle Sucre,SOLO_DANOS,Colision Multiple,Falla mecanica,,,,,,,,,,,,