fecha_hora,latitud,longitud,via,grado_severidad,tipo_siniestro,causa_probable,victima1_edad,victima1_condicion,victima1_sexo,victima1_actor_vial,victima2_edad,victima2_condicion,victima2_sexo,victima2_actor_vial,victima3_edad,victima3_condicion,victima3_sexo,victima3_actor_vial
2025-12-25 13:44:44,-4.020425,-79.213014,Av. Isidro Ayora,CON_FALLECIDOS,Accidente Laboral,Falla mecanica,19,FALLECIDO,NO_REGISTRA,MOTOCICLETA,70,FALLECIDO,NO_REGISTRA,VEH_LIVIANO,68,LESIONADO,HOMBRE,VEH_LIVIANO
2025-02-11 02:23:55,-4.030791,-79.205312,Calle Azogues,SOLO_DANOS,Atropellamiento,Equipo de seguridad deficiente,,,,,,,,,,,,
2025-09-09 07:46:31,-4.035325,-79.228703,Calle Mercadillo,SOLO_DANOS,Atropellamiento,Falla mecanica,,,,,,,,,,,,
2025-07-21 21:19:32,-3.978424,-79.180296,Av. 8 de Diciembre,CON_LESIONADOS,Choque Vehicular,Estado de embriaguez,58,LESIONADO,NO_REGISTRA,VEH_LIVIANO,,,,,,,,
2025-03-18 02:30:10,-4.004816,-79.189330,Via Loja - Zamora,CON_LESIONADOS,Caida,Equipo de seguridad deficiente,71,LESIONADO,NO_REGISTRA,VEH_LIVIANO,,,,,,,,
2025-03-12 20:27:54,-3.979422,-79.173869,Calle Saraguro,CON_LESIONADOS,Caida,Distraccion (celular/radio),10,LESIONADO,HOMBRE,PEATON,12,LESIONADO,NO_REGISTRA,VEH_LIVIANO,,,,
2025-03-15 07:58:56,-3.985600,-79.172159,Calle Colon,CON_LESIONADOS,Choque Vehicular,Falla mecanica,51,LESIONADO,HOMBRE,SCOOTER,,,,,,,,
2025-05-18 09:38:12,-4.017818,-79.199369,Av. Pio Jaramillo,SOLO_DANOS,Choque Vehicular,Visibilidad reducida,,,,,,,,,,,,
2025-12-10 09:31:11,-4.008188,-79.201557,Av. Cuxibamba,CON_LESIONADOS,Colision Multiple,Visibilidad reducida,67,LESIONADO,MUJER,CICLISTA,32,LESIONADO,MUJER,OTRO,,,,
2025-12-16 10:36:41,-3.991146,-79.194290,Av. Gran Colombia,SOLO_DANOS,Colision Multiple,Exceso de velocidad,,,,,,,,,,,,
2025-05-03 21:50:14,-4.006036,-79.226040,Av. Gran Colombia,SOLO_DANOS,Caida,Equipo de seguridad deficiente,76,LESIONADO,NO_REGISTRA,SCOOTER,,,,,,,,
2025-11-03 19:34:36,-4.025606,-79.216313,Calle Sucre,CON_FALLECIDOS,Volcamiento,Exceso de velocidad,65,FALLECIDO,HOMBRE,OTRO,64,LESIONADO,MUJER,PEATON,,,,
2025-01-31 22:22:14,-4.033107,-79.173959,Calle Azogues,SOLO_DANOS,Accidente Laboral,Visibilidad reducida,,,,,,,,,,,,
2025-10-05 10:04:08,-3.992714,-79.221709,Calle Azogues,CON_FALLECIDOS,Volcamiento,Inobservancia de senales,72,FALLECIDO,MUJER,OTRO,19,FALLECIDO,NO_REGISTRA,PEATON,,,,
2025-11-21 17:38:49,-3.993600,-79.199584,Calle Saraguro,CON_LESIONADOS,Volcamiento,Exceso de velocidad,21,LESIONADO,MUJER,CICLISTA,78,LESIONADO,HOMBRE,SCOOTER,,,,
2025-03-04 03:45:42,-3.982118,-79.203584,Via Loja - Zamora,CON_FALLECIDOS,Atropellamiento,Estado de embriaguez,55,FALLECIDO,NO_REGISTRA,OTRO,83,FALLECIDO,HOMBRE,SCOOTER,50,LESIONADO,NO_REGISTRA,CICLISTA
2025-10-01 12:49:01,-4.026392,-79.217129,Av. Metropolitana,CON_LESIONADOS,Choque Vehicular,Fatiga del conductor,16,LESIONADO,HOMBRE,CICLISTA,5,LESIONADO,NO_REGISTRA,SCOOTER,,,,
2025-07-18 11:31:16,-4.028001,-79.182563,Av. Reinaldo Espinosa,CON_LESIONADOS,Colision Multiple,Mal estado de la via,30,LESIONADO,MUJER,OTRO,6,LESIONADO,HOMBRE,PEATON,78,LESIONADO,MUJER,CICLISTA
2025-09-02 14:05:51,-4.024202,-79.204725,Av. Universitaria,CON_LESIONADOS,Incendio,Estado de embriaguez,17,LESIONADO,NO_REGISTRA,SCOOTER,,,,,,,,
2025-02-18 00:20:35,-3.990916,-79.214997,Calle Colon,SOLO_DANOS,Caida,Inobservancia de senales,,,,,,,,,,,,
2025-12-30 04:00:04,-4.028896,-79.185684,Av. 8 de Diciembre,CON_FALLECIDOS,Choque Vehicular,Factores externos,25,FALLECIDO,MUJER,VEH_LIVIANO,44,FALLECIDO,NO_REGISTRA,MOTOCICLETA,40,LESIONADO,MUJER,SCOOTER
2025-11-08 03:27:07,-4.023558,-79.207902,Calle Saraguro,CON_FALLECIDOS,Colision Multiple,Exceso de velocidad,59,FALLECIDO,NO_REGISTRA,VEH_LIVIANO,50,LESIONADO,MUJER,PEATON,51,LESIONADO,NO_REGISTRA,SCOOTER
2025-08-14 07:36:08,-3.998396,-79.198247,Calle Sucre,CON_FALLECIDOS,Incendio,Falla mecanica,76,FALLECIDO,NO_REGISTRA,SCOOTER,14,LESIONADO,NO_REGISTRA,MOTOCICLETA,,,,
2025-07-08 13:44:20,-4.018845,-79.202216,Calle Saraguro,SOLO_DANOS,Colision Multiple,Distraccion (celular/radio),34,LESIONADO,HOMBRE,PEATON,,,,,,,,
2025-05-31 16:06:12,-4.015586,-79.200640,Calle Bolivar,CON_FALLECIDOS,Colision Multiple,Equipo de seguridad deficiente,60,FALLECIDO,NO_REGISTRA,OTRO,77,LESIONADO,NO_REGISTRA,OTRO,41,LESIONADO,HOMBRE,VEH_LIVIANO
2025-09-09 03:19:14,-3.993904,-79.185793,Via Loja - Catamayo,CON_FALLECIDOS,Atropellamiento,Exceso de velocidad,44,FALLECIDO,MUJER,CICLISTA,59,FALLECIDO,MUJER,CICLISTA,73,LESIONADO,NO_REGISTRA,SCOOTER
2025-12-26 02:05:20,-4.032053,-79.201271,Av. Cuxibamba,SOLO_DANOS,Choque Vehicular,Imprudencia del conductor,,,,,,,,,,,,
2025-10-05 17:56:48,-4.020471,-79.207803,Av. Rosa Hermosa,CON_FALLECIDOS,Choque Vehicular,Falla mecanica,85,FALLECIDO,MUJER,VEH_LIVIANO,78,FALLECIDO,NO_REGISTRA,MOTOCICLETA,,,,
2025-02-24 01:18:12,-4.015818,-79.196871,Av. Manuel Agustin Aguirre,CON_FALLECIDOS,Volcamiento,Estado de embriaguez,70,FALLECIDO,MUJER,MOTOCICLETA,68,FALLECIDO,MUJER,OTRO,62,LESIONADO,NO_REGISTRA,SCOOTER
2025-07-21 10:23:40,-3.991359,-79.193008,Av. Manuel Agustin Aguirre,SOLO_DANOS,Atropellamiento,Via resbaladiza o mojada,32,LESIONADO,MUJER,MOTOCICLETA,,,,,,,,
2025-12-13 01:14:04,-4.016698,-79.172448,Calle Montufar,CON_FALLECIDOS,Volcamiento,Estado de embriaguez,29,FALLECIDO,MUJER,MOTOCICLETA,68,FALLECIDO,NO_REGISTRA,OTRO,76,LESIONADO,MUJER,SCOOTER
2025-12-28 12:05:16,-3.991389,-79.179829,Av. Orillas del Zamora,CON_FALLECIDOS,Incendio,Mal estado de la via,19,FALLECIDO,MUJER,SCOOTER,72,FALLECIDO,MUJER,SCOOTER,19,LESIONADO,NO_REGISTRA,CICLISTA
2025-11-18 14:01:10,-4.025635,-79.194213,Calle Mercadillo,SOLO_DANOS,Colision Multiple,Visibilidad reducida,,,,,,,,,,,,
2025-01-24 10:06:28,-4.009059,-79.218217,Calle Azogues,SOLO_DANOS,Atropellamiento,Falla mecanica,,,,,,,,,,,,
2025-09-06 17:50:27,-3.981149,-79.173618,Via Loja - Zamora,CON_LESIONADOS,Incendio,Exceso de velocidad,67,LESIONADO,HOMBRE,CICLISTA,,,,,,,,
2025-08-11 16:51:36,-3.993388,-79.180985,Av. 8 de Diciembre,CON_FALLECIDOS,Incendio,Equipo de seguridad deficiente,60,FALLECIDO,NO_REGISTRA,PEATON,40,FALLECIDO,NO_REGISTRA,SCOOTER,,,,
2025-05-08 12:34:32,-4.005009,-79.195772,Calle 10 de Agosto,SOLO_DANOS,Atropellamiento,Visibilidad reducida,,,,,,,,,,,,
2025-10-12 10:36:27,-4.014890,-79.183641,Av. 8 de Diciembre,SOLO_DANOS,Colision Multiple,Imprudencia del conductor,,,,,,,,,,,,
2025-03-09 03:02:12,-3.983591,-79.229940,Av. Universitaria,CON_LESIONADOS,Colision Multiple,Exceso de velocidad,15,LESIONADO,MUJER,VEH_LIVIANO,7,LESIONADO,NO_REGISTRA,OTRO,55,LESIONADO,NO_REGISTRA,MOTOCICLETA
2025-04-04 06:09:02,-3.997032,-79.222748,Calle 18 de Noviembre,SOLO_DANOS,Volcamiento,Inobservancia de senales,,,,,,,,,,,,
2025-09-21 02:50:19,-3.983040,-79.177709,Av. Isidro Ayora,SOLO_DANOS,Choque Vehicular,Factores externos,,,,,,,,,,,,
2025-07-21 09:37:28,-4.034238,-79.223798,Ruta 35,SOLO_DANOS,Caida,Falla mecanica,,,,,,,,,,,,
2025-08-02 13:19:53,-4.003636,-79.205509,Via Loja - Catamayo,SOLO_DANOS,Choque Vehicular,Imprudencia del conductor,,,,,,,,,,,,
2025-01-10 11:40:55,-4.032176,-79.200408,Calle Rocafuerte,CON_FALLECIDOS,Colision Multiple,Factores externos,32,FALLECIDO,HOMBRE,CICLISTA,77,FALLECIDO,NO_REGISTRA,MOTOCICLETA,11,LESIONADO,MUJER,VEH_LIVIANO
2025-04-12 09:06:24,-3.994645,-79.185713,Calle 18 de Noviembre,SOLO_DANOS,Colision Multiple,Via resbaladiza o mojada,,,,,,,,,,,,
2025-04-12 13:16:12,-4.022625,-79.217126,Calle Quito,CON_LESIONADOS,Atropellamiento,Fatiga del conductor,14,LESIONADO,HOMBRE,SCOOTER,69,LESIONADO,HOMBRE,CICLISTA,,,,
2025-01-05 10:31:45,-3.977322,-79.224324,Calle 18 de Noviembre,SOLO_DANOS,Volcamiento,Exceso de velocidad,,,,,,,,,,,,
2025-05-30 06:34:19,-3.979821,-79.177168,Via Loja - Zamora,CON_LESIONADOS,Colision Multiple,Via resbaladiza o mojada,9,LESIONADO,HOMBRE,CICLISTA,,,,,,,,
2025-09-19 00:12:04,-4.006910,-79.188574,Av. Reinaldo Espinosa,CON_FALLECIDOS,Accidente Laboral,Falla mecanica,24,FALLECIDO,NO_REGISTRA,CICLISTA,6,LESIONADO,NO_REGISTRA,VEH_LIVIANO,,,,
2025-05-24 23:57:41,-3.980919,-79.186127,Calle Imbabura,CON_LESIONADOS,Accidente Laboral,Estado de embriaguez,35,LESIONADO,NO_REGISTRA,PEATON,59,LESIONADO,HOMBRE,PEATON,,,,
2025-01-29 00:08:45,-4.022867,-79.206997,Calle Rocafuerte,SOLO_DANOS,Accidente Laboral,Visibilidad reducida,,,,,,,,,,,,
2025-02-23 21:09:56,-3.977500,-79.185704,Av. Manuel Agustin Aguirre,SOLO_DANOS,Atropellamiento,Fatiga del conductor,,,,,,,,,,,,
2025-06-21 02:30:53,-3.989172,-79.180479,Calle Montufar,CON_LESIONADOS,Choque Vehicular,Fatiga del conductor,8,LESIONADO,MUJER,OTRO,45,LESIONADO,NO_REGISTRA,MOTOCICLETA,8,LESIONADO,MUJER,SCOOTER
2025-01-09 20:59:03,-3.977533,-79.181777,Calle Sucre,SOLO_DANOS,Caida,Inobservancia de senales,7,LESIONADO,HOMBRE,PEATON,,,,,,,,
2025-08-20 00:43:32,-4.012424,-79.225815,Av. Orillas del Zamora,CON_FALLECIDOS,Accidente Laboral,Estado de embriaguez,85,FALLECIDO,MUJER,VEH_LIVIANO,74,FALLECIDO,MUJER,CICLISTA,8,LESIONADO,HOMBRE,CICLISTA
2025-10-01 13:18:03,-4.015643,-79.217512,Av. Orillas del Zamora,CON_FALLECIDOS,Incendio,Distraccion (celular/radio),85,FALLECIDO,HOMBRE,CICLISTA,77,FALLECIDO,HOMBRE,CICLISTA,,,,
2025-12-06 23:51:48,-4.005748,-79.195551,Calle Quito,SOLO_DANOS,Accidente Laboral,Factores externos,,,,,,,,,,,,
2025-11-21 09:38:58,-4.026094,-79.175041,Av. Gran Colombia,SOLO_DANOS,Choque Vehicular,Factores externos,,,,,,,,,,,,
2025-08-29 21:37:06,-4.023656,-79.171769,Via Loja - Zamora,SOLO_DANOS,Colision Multiple,Estado de embriaguez,,,,,,,,,,,,
2025-07-02 13:54:44,-4.007927,-79.176543,Av. Pio Jaramillo,CON_FALLECIDOS,Caida,Distraccion (celular/radio),22,FALLECIDO,HOMBRE,CICLISTA,24,FALLECIDO,NO_REGISTRA,OTRO,42,LESIONADO,NO_REGISTRA,PEATON
2025-11-28 13:08:21,-4.036455,-79.190221,Av. Reinaldo Espinosa,CON_LESIONADOS,Volcamiento,Inobservancia de senales,30,LESIONADO,NO_REGISTRA,SCOOTER,18,LESIONADO,HOMBRE,VEH_LIVIANO,,,,
2025-08-30 16:10:16,-3.990371,-79.205894,Calle Bolivar,SOLO_DANOS,Incendio,Via resbaladiza o mojada,79,LESIONADO,MUJER,VEH_LIVIANO,,,,,,,,
2025-02-16 11:59:19,-4.020585,-79.194136,Via Loja - Catamayo,SOLO_DANOS,Atropellamiento,Estado de embriaguez,,,,,,,,,,,,
2025-08-16 02:06:39,-4.000314,-79.224851,Av. Rosa Hermosa,SOLO_DANOS,Choque Vehicular,Distraccion (celular/radio),,,,,,,,,,,,
2025-07-28 11:39:26,-3.987060,-79.186599,Av. Orillas del Zamora,CON_FALLECIDOS,Atropellamiento,Falla mecanica,84,FALLECIDO,HOMBRE,VEH_LIVIANO,48,LESIONADO,MUJER,CICLISTA,,,,
2025-12-09 22:56:38,-4.001420,-79.190893,Calle 10 de Agosto,SOLO_DANOS,Accidente Laboral,Mal estado de la via,,,,,,,,,,,,
2025-07-16 10:07:20,-3.989948,-79.176609,Calle Miguel Riofrio,CON_LESIONADOS,Incendio,Via resbaladiza o mojada,9,LESIONADO,NO_REGISTRA,OTRO,,,,,,,,
2025-04-07 23:12:35,-4.009521,-79.224334,Av. Orillas del Zamora,CON_LESIONADOS,Caida,Via resbaladiza o mojada,62,LESIONADO,MUJER,SCOOTER,,,,,,,,
2025-07-30 10:12:05,-3.979385,-79.184763,Calle Rocafuerte,CON_FALLECIDOS,Accidente Laboral,Equipo de seguridad deficiente,28,FALLECIDO,MUJER,CICLISTA,25,FALLECIDO,MUJER,VEH_LIVIANO,68,LESIONADO,HOMBRE,PEATON
2025-01-17 05:03:30,-4.009673,-79.217433,Calle Montufar,CON_LESIONADOS,Atropellamiento,Fatiga del conductor,80,LESIONADO,NO_REGISTRA,PEATON,10,LESIONADO,HOMBRE,VEH_LIVIANO,,,,
2025-01-18 12:22:31,-3.982605,-79.228374,Calle Imbabura,SOLO_DANOS,Colision Multiple,Factores externos,,,,,,,,,,,,
2025-02-13 13:27:51,-4.004981,-79.181709,Av. Isidro Ayora,SOLO_DANOS,Choque Vehicular,Fatiga del conductor,,,,,,,,,,,,
2025-06-06 01:57:13,-3.998595,-79.197780,Calle Mercadillo,CON_FALLECIDOS,Colision Multiple,Inobservancia de senales,26,FALLECIDO,HOMBRE,MOTOCICLETA,23,FALLECIDO,HOMBRE,VEH_LIVIANO,,,,
2025-09-20 21:49:22,-4.026667,-79.197357,Av. Orillas del Zamora,SOLO_DANOS,Atropellamiento,Via resbaladiza o mojada,,,,,,,,,,,,
2025-09-29 05:17:08,-3.998950,-79.201032,Via Loja - Zamora,SOLO_DANOS,Caida,Visibilidad reducida,,,,,,,,,,,,
2025-06-23 02:32:01,-3.982756,-79.224444,Calle Azogues,SOLO_DANOS,Choque Vehicular,Inobservancia de senales,,,,,,,,,,,,
2025-01-30 08:07:18,-4.019533,-79.191678,Via Loja - Catamayo,CON_FALLECIDOS,Choque Vehicular,Inobservancia de senales,45,FALLECIDO,HOMBRE,CICLISTA,20,FALLECIDO,NO_REGISTRA,CICLISTA,60,LESIONADO,NO_REGISTRA,OTRO
2025-08-24 19:15:53,-4.025657,-79.229205,Calle Imbabura,CON_LESIONADOS,Colision Multiple,Factores externos,78,LESIONADO,HOMBRE,MOTOCICLETA,65,LESIONADO,MUJER,OTRO,,,,
2025-09-15 05:57:40,-4.024174,-79.225064,Calle 10 de Agosto,CON_FALLECIDOS,Volcamiento,Fatiga del conductor,46,FALLECIDO,HOMBRE,OTRO,41,FALLECIDO,NO_REGISTRA,VEH_LIVIANO,,,,
2025-05-16 01:48:04,-4.024358,-79.229945,Av. Manuel Agustin Aguirre,CON_FALLECIDOS,Atropellamiento,Visibilidad reducida,40,FALLECIDO,HOMBRE,PEATON,55,LESIONADO,MUJER,PEATON,15,LESIONADO,NO_REGISTRA,MOTOCICLETA
2025-01-12 06:35:24,-4.011499,-79.203640,Calle Azogues,CON_FALLECIDOS,Incendio,Factores externos,18,FALLECIDO,NO_REGISTRA,SCOOTER,28,FALLECIDO,NO_REGISTRA,OTRO,78,LESIONADO,NO_REGISTRA,SCOOTER
2025-03-21 22:40:20,-4.020826,-79.196336,Via Loja - Catamayo,CON_LESIONADOS,Colision Multiple,Mal estado de la via,39,LESIONADO,HOMBRE,MOTOCICLETA,,,,,,,,
2025-07-24 20:17:09,-4.007292,-79.175903,Via Loja - Zamora,CON_LESIONADOS,Incendio,Equipo de seguridad deficiente,28,LESIONADO,NO_REGISTRA,VEH_LIVIANO,,,,,,,,
2025-04-12 02:48:46,-4.022347,-79.189330,Calle Bolivar,CON_FALLECIDOS,Volcamiento,Mal estado de la via,41,FALLECIDO,HOMBRE,OTRO,50,FALLECIDO,MUJER,OTRO,,,,
2025-02-24 21:18:06,-3.982538,-79.200994,Av. Rosa Hermosa,CON_LESIONADOS,Colision Multiple,Visibilidad reducida,38,LESIONADO,MUJER,SCOOTER,14,LESIONADO,MUJER,PEATON,,,,
2025-11-20 00:29:38,-3.999954,-79.227905,Av. Isidro Ayora,SOLO_DANOS,Incendio,Inobservancia de senales,,,,,,,,,,,,
2025-03-08 01:48:52,-4.027605,-79.211934,Calle Rocafuerte,CON_FALLECIDOS,Atropellamiento,Equipo de seguridad deficiente,45,FALLECIDO,HOMBRE,VEH_LIVIANO,60,FALLECIDO,NO_REGISTRA,SCOOTER,8,LESIONADO,NO_REGISTRA,VEH_LIVIANO
2025-10-04 01:21:08,-3.997546,-79.218796,Calle Colon,SOLO_DANOS,Caida,Distraccion (celular/radio),,,,,,,,,,,,
2025-09-17 13:23:23,-4.014629,-79.185991,Av. Isidro Ayora,CON_FALLECIDOS,Accidente Laboral,Imprudencia del conductor,49,FALLECIDO,NO_REGISTRA,VEH_LIVIANO,,,,,,,,
2025-09-09 18:05:59,-3.982052,-79.222017,Calle Mercadillo,SOLO_DANOS,Colision Multiple,Falla mecanica,,,,,,,,,,,,
2025-08-08 19:19:53,-3.987923,-79.210323,Av. Metropolitana,SOLO_DANOS,Accidente Laboral,Falla mecanica,,,,,,,,,,,,
2025-11-23 13:46:46,-4.018681,-79.217817,Av. Universitaria,SOLO_DANOS,Colision Multiple,Imprudencia del conductor,,,,,,,,,,,,
2025-06-19 06:26:20,-4.002636,-79.202719,Av. Metropolitana,CON_LESIONADOS,Volcamiento,Distraccion (celular/radio),8,LESIONADO,HOMBRE,CICLISTA,74,LESIONADO,NO_REGISTRA,MOTOCICLETA,,,,
2025-02-13 08:59:52,-3.990729,-79.200311,Av. Rosa Hermosa,CON_FALLECIDOS,Choque Vehicular,Estado de embriaguez,21,FALLECIDO,NO_REGISTRA,MOTOCICLETA,83,FALLECIDO,MUJER,OTRO,56,LESIONADO,NO_REGISTRA,CICLISTA
2025-06-20 01:37:59,-4.025277,-79.224971,Via Loja - Zamora,CON_FALLECIDOS,Caida,Fatiga del conductor,69,FALLECIDO,HOMBRE,SCOOTER,71,LESIONADO,HOMBRE,OTRO,,,,
2025-02-05 02:00:51,-3.988376,-79.226737,Av. Isidro Ayora,SOLO_DANOS,Caida,Mal estado de la via,,,,,,,,,,,,
2025-09-10 01:27:41,-3.995169,-79.184506,Av. Reinaldo Espinosa,SOLO_DANOS,Colision Multiple,Exceso de velocidad,,,,,,,,,,,,
2025-08-13 03:55:42,-4.017344,-79.178832,Calle Miguel Riofrio,CON_LESIONADOS,Volcamiento,Equipo de seguridad deficiente,9,LESIONADO,HOMBRE,SCOOTER,72,LESIONADO,HOMBRE,PEATON,,,,
2025-02-28 14:06:49,-4.019316,-79.191384,Calle Imbabura,CON_FALLECIDOS,Volcamiento,Distraccion (celular/radio),47,FALLECIDO,MUJER,MOTOCICLETA,71,FALLECIDO,HOMBRE,OTRO,,,,
2025-01-10 17:06:10,-4.023708,-79.197595,Av. Universitaria,CON_LESIONADOS,Incendio,Falla mecanica,71,LESIONADO,HOMBRE,VEH_LIVIANO,57,LESIONADO,NO_REGISTRA,CICLISTA,,,,
2025-12-01 22:38:43,-3.988152,-79.199941,Calle Rocafuerte,CON_FALLECIDOS,Volcamiento,Estado de embriaguez,78,FALLECIDO,NO_REGISTRA,CICLISTA,68,FALLECIDO,NO_REGISTRA,OTRO,,,,
2025-09-28 13:00:03,-4.009036,-79.213629,Calle Azogues,CON_FALLECIDOS,Choque Vehicular,Mal estado de la via,57,FALLECIDO,NO_REGISTRA,VEH_LIVIANO,65,FALLECIDO,NO_REGISTRA,MOTOCICLETA,,,,
2025-05-11 23:53:36,-4.018785,-79.179128,Calle Mercadillo,CON_LESIONADOS,Accidente Laboral,Inobservancia de senales,64,LESIONADO,MUJER,OTRO,21,LESIONADO,NO_REGISTRA,MOTOCICLETA,74,LESIONADO,HOMBRE,MOTOCICLETA
2025-03-09 04:20:07,-4.022048,-79.172191,Calle Mercadillo,CON_FALLECIDOS,Caida,Equipo de seguridad deficiente,47,FALLECIDO,MUJER,CICLISTA,58,FALLECIDO,HOMBRE,PEATON,22,LESIONADO,NO_REGISTRA,VEH_LIVIANO
2025-09-08 14:52:13,-4.023499,-79.173467,Ruta 35,SOLO_DANOS,Volcamiento,Estado de embriaguez,,,,,,,,,,,,
2025-02-16 12:21:39,-3.992565,-79.223471,Calle Montufar,CON_LESIONADOS,Colision Multiple,Distraccion (celular/radio),27,LESIONADO,NO_REGISTRA,SCOOTER,,,,,,,,
2025-07-26 17:18:48,-3.991798,-79.185916,Av. Reinaldo Espinosa,CON_FALLECIDOS,Atropellamiento,Visibilidad reducida,47,FALLECIDO,HOMBRE,OTRO,37,LESIONADO,HOMBRE,SCOOTER,6,LESIONADO,MUJER,PEATON
2025-04-08 00:32:19,-3.997478,-79.226009,Av. Orillas del Zamora,CON_FALLECIDOS,Atropellamiento,Estado de embriaguez,52,FALLECIDO,HOMBRE,MOTOCICLETA,,,,,,,,
2025-02-22 05:22:05,-4.011296,-79.195892,Calle Imbabura,CON_LESIONADOS,Volcamiento,Imprudencia del conductor,76,LESIONADO,NO_REGISTRA,PEATON,,,,,,,,
2025-07-24 04:13:32,-3.995548,-79.219545,Calle Montufar,CON_LESIONADOS,Accidente Laboral,Estado de embriaguez,6,LESIONADO,HOMBRE,OTRO,52,LESIONADO,NO_REGISTRA,SCOOTER,,,,
2025-05-05 14:48:20,-4.002627,-79.205462,Calle Mercadillo,CON_FALLECIDOS,Choque Vehicular,Via resbaladiza o mojada,39,FALLECIDO,HOMBRE,CICLISTA,21,LESIONADO,MUJER,SCOOTER,,,,
2025-04-27 18:24:33,-3.982346,-79.228938,Av. Gran Colombia,CON_FALLECIDOS,Colision Multiple,Fatiga del conductor,48,FALLECIDO,HOMBRE,PEATON,49,FALLECIDO,HOMBRE,PEATON,40,LESIONADO,NO_REGISTRA,MOTOCICLETA
2025-11-27 01:21:56,-4.033009,-79.203110,Via Loja - Zamora,SOLO_DANOS,Incendio,Distraccion (celular/radio),,,,,,,,,,,,
2025-01-07 17:36:58,-4.004534,-79.212000,Av. Pio Jaramillo,CON_FALLECIDOS,Choque Vehicular,Estado de embriaguez,58,FALLECIDO,NO_REGISTRA,CICLISTA,58,FALLECIDO,HOMBRE,VEH_LIVIANO,71,LESIONADO,HOMBRE,CICLISTA
2025-06-10 10:38:46,-4.022292,-79.210648,Calle Sucre,CON_LESIONADOS,Incendio,Estado de embriaguez,37,LESIONADO,NO_REGISTRA,OTRO,59,LESIONADO,HOMBRE,VEH_LIVIANO,12,LESIONADO,NO_REGISTRA,SCOOTER
2025-01-29 17:03:20,-4.010583,-79.228213,Av. Metropolitana,SOLO_DANOS,Accidente Laboral,Falla mecanica,,,,,,,,,,,,
2025-10-15 22:15:21,-4.018707,-79.213353,Calle Montufar,CON_FALLECIDOS,Accidente Laboral,Estado de embriaguez,38,FALLECIDO,HOMBRE,MOTOCICLETA,36,LESIONADO,NO_REGISTRA,CICLISTA,52,LESIONADO,MUJER,VEH_LIVIANO
2025-09-15 23:35:48,-3.997455,-79.211244,Av. Universitaria,CON_LESIONADOS,Accidente Laboral,Fatiga del conductor,45,LESIONADO,HOMBRE,MOTOCICLETA,,,,,,,,
2025-10-22 20:13:06,-4.035349,-79.175198,Calle 18 de Noviembre,SOLO_DANOS,Caida,Distraccion (celular/radio),,,,,,,,,,,,
2025-05-10 03:23:28,-4.025665,-79.221571,Calle Bolivar,SOLO_DANOS,Accidente Laboral,Visibilidad reducida,,,,,,,,,,,,
2025-09-26 19:55:55,-4.019965,-79.205757,Av. Cuxibamba,CON_FALLECIDOS,Atropellamiento,Imprudencia del conductor,65,FALLECIDO,HOMBRE,SCOOTER,20,FALLECIDO,HOMBRE,OTRO,,,,
2025-07-29 21:11:06,-4.003256,-79.216664,Av. Manuel Agustin Aguirre,SOLO_DANOS,Accidente Laboral,Falla mecanica,,,,,,,,,,,,
2025-01-13 11:28:50,-3.978733,-79.230119,Av. Gran Colombia,CON_LESIONADOS,Choque Vehicular,Fatiga del conductor,13,LESIONADO,NO_REGISTRA,SCOOTER,11,LESIONADO,MUJER,MOTOCICLETA,,,,
2025-09-28 22:58:55,-4.026426,-79.200283,Av. Reinaldo Espinosa,CON_FALLECIDOS,Choque Vehicular,Estado de embriaguez,34,FALLECIDO,MUJER,CICLISTA,82,FALLECIDO,NO_REGISTRA,MOTOCICLETA,6,LESIONADO,NO_REGISTRA,SCOOTER
2025-09-22 11:56:58,-3.979918,-79.229042,Ruta 35,CON_FALLECIDOS,Colision Multiple,Visibilidad reducida,79,FALLECIDO,NO_REGISTRA,OTRO,,,,,,,,
2025-11-14 21:34:00,-4.012592,-79.209784,Calle Ramon Borrero,CON_FALLECIDOS,Incendio,Fatiga del conductor,48,FALLECIDO,HOMBRE,SCOOTER,20,FALLECIDO,HOMBRE,PEATON,6,LESIONADO,NO_REGISTRA,MOTOCICLETA
2025-05-08 17:43:24,-4.025508,-79.208897,Calle Ramon Borrero,CON_FALLECIDOS,Incendio,Visibilidad reducida,29,FALLECIDO,NO_REGISTRA,VEH_LIVIANO,53,LESIONADO,MUJER,PEATON,,,,
2025-09-13 17:45:50,-3.988320,-79.173828,Av. Gran Colombia,CON_LESIONADOS,Choque Vehicular,Inobservancia de senales,50,LESIONADO,HOMBRE,OTRO,23,LESIONADO,MUJER,VEH_LIVIANO,32,LESIONADO,MUJER,PEATON
2025-10-14 17:43:56,-3.989343,-79.176761,Calle Miguel Riofrio,CON_FALLECIDOS,Colision Multiple,Imprudencia del conductor,43,FALLECIDO,HOMBRE,VEH_LIVIANO,47,LESIONADO,NO_REGISTRA,MOTOCICLETA,75,LESIONADO,MUJER,MOTOCICLETA
2025-03-29 07:24:44,-3.995564,-79.217675,Via Loja - Zamora,SOLO_DANOS,Choque Vehicular,Distraccion (celular/radio),,,,,,,,,,,,