fecha_hora,latitud,longitud,via,grado_severidad,tipo_siniestro,causa_probable,victima1_edad,victima1_condicion,victima1_sexo,victima1_actor_vial,victima2_edad,victima2_condicion,victima2_sexo,victima2_actor_vial,victima3_edad,victima3_condicion,victima3_sexo,victima3_actor_vial
2025-06-28 12:42:34,-4.013068,-79.203672,Av. Reinaldo Espinosa,CON_LESIONADOS,Incendio,Visibilidad reducida,76,LESIONADO,MUJER,PEATON,27,LESIONADO,MUJER,SCOOTER,47,LESIONADO,HOMBRE,CICLISTA
2025-07-07 21:19:20,-3.985569,-79.222591,Av. Gran Colombia,CON_LESIONADOS,Caida,Factores externos,62,LESIONADO,MUJER,OTRO,,,,,,,,
2025-04-16 19:31:49,-4.020319,-79.212025,Calle Bolivar,CON_LESIONADOS,Colision Multiple,Falla mecanica,14,LESIONADO,MUJER,OTRO,65,LESIONADO,NO_REGISTRA,SCOOTER,,,,
2025-06-17 03:43:11,-4.013663,-79.211723,Av. Orillas del Zamora,CON_FALLECIDOS,Caida,Exceso de velocidad,46,FALLECIDO,NO_REGISTRA,VEH_LIVIANO,34,FALLECIDO,NO_REGISTRA,OTRO,78,LESIONADO,HOMBRE,VEH_LIVIANO
2025-07-07 21:23:26,-3.995750,-79.204134,Calle Imbabura,SOLO_DANOS,Accidente Laboral,Equipo de seguridad deficiente,24,LESIONADO,HOMBRE,OTRO,,,,,,,,
2025-02-21 13:25:03,-3.980834,-79.179327,Av. Orillas del Zamora,CON_LESIONADOS,Colision Multiple,Imprudencia del conductor,80,LESIONADO,MUJER,CICLISTA,39,LESIONADO,HOMBRE,CICLISTA,57,LESIONADO,MUJER,CICLISTA
2025-10-26 00:27:43,-3.989052,-79.190525,Calle Quito,CON_LESIONADOS,Incendio,Falla mecanica,69,LESIONADO,MUJER,SCOOTER,63,LESIONADO,MUJER,VEH_LIVIANO,,,,
2025-04-10 14:29:56,-4.031468,-79.211522,Av. Rosa Hermosa,CON_FALLECIDOS,Atropellamiento,Fatiga del conductor,62,FALLECIDO,NO_REGISTRA,SCOOTER,37,FALLECIDO,NO_REGISTRA,OTRO,,,,
2025-04-22 21:16:47,-4.012346,-79.228859,Av. Orillas del Zamora,CON_LESIONADOS,Caida,Falla mecanica,34,LESIONADO,MUJER,OTRO,40,LESIONADO,MUJER,MOTOCICLETA,,,,
2025-12-09 04:23:44,-3.994180,-79.171847,Calle Saraguro,CON_FALLECIDOS,Volcamiento,Via resbaladiza o mojada,27,FALLECIDO,NO_REGISTRA,OTRO,85,FALLECIDO,HOMBRE,CICLISTA,46,LESIONADO,MUJER,OTRO
2025-01-05 16:48:02,-4.000696,-79.227613,Calle 18 de Noviembre,CON_LESIONADOS,Choque Vehicular,Factores externos,63,LESIONADO,HOMBRE,VEH_LIVIANO,,,,,,,,
2025-03-05 12:06:44,-4.029292,-79.214311,Av. Cuxibamba,SOLO_DANOS,Volcamiento,Distraccion (celular/radio),,,,,,,,,,,,
2025-04-29 10:06:02,-4.020925,-79.182664,Av. Reinaldo Espinosa,SOLO_DANOS,Atropellamiento,Visibilidad reducida,66,LESIONADO,NO_REGISTRA,VEH_LIVIANO,,,,,,,,
2025-12-05 02:57:57,-3.986647,-79.183736,Av. Cuxibamba,CON_FALLECIDOS,Incendio,Imprudencia del conductor,30,FALLECIDO,MUJER,OTRO,33,FALLECIDO,MUJER,MOTOCICLETA,,,,
2025-02-02 21:34:59,-3.991476,-79.179317,Via Loja - Catamayo,SOLO_DANOS,Atropellamiento,Distraccion (celular/radio),,,,,,,,,,,,
2025-05-24 01:27:05,-3.980595,-79.194534,Av. Isidro Ayora,SOLO_DANOS,Incendio,Equipo de seguridad deficiente,,,,,,,,,,,,
2025-04-21 04:10:54,-4.022045,-79.190241,Av. Cuxibamba,SOLO_DANOS,Colision Multiple,Inobservancia de senales,,,,,,,,,,,,
2025-08-25 19:59:29,-4.028789,-79.182859,Av. Universitaria,CON_FALLECIDOS,Incendio,Mal estado de la via,29,FALLECIDO,HOMBRE,CICLISTA,66,LESIONADO,MUJER,OTRO,33,LESIONADO,NO_REGISTRA,CICLISTA
2025-08-02 21:37:54,-4.003468,-79.201213,Av. Gran Colombia,CON_LESIONADOS,Accidente Laboral,Distraccion (celular/radio),67,LESIONADO,HOMBRE,MOTOCICLETA,,,,,,,,
2025-04-21 17:08:05,-3.982868,-79.196293,Av. Gran Colombia,SOLO_DANOS,Caida,Mal estado de la via,,,,,,,,,,,,
2025-11-30 19:05:53,-3.978525,-79.181548,Calle Colon,CON_FALLECIDOS,Accidente Laboral,Inobservancia de senales,43,FALLECIDO,MUJER,MOTOCICLETA,,,,,,,,
2025-12-24 17:26:31,-4.012556,-79.188164,Ruta 35,CON_FALLECIDOS,Atropellamiento,Mal estado de la via,60,FALLECIDO,MUJER,OTRO,34,LESIONADO,NO_REGISTRA,SCOOTER,68,LESIONADO,HOMBRE,VEH_LIVIANO
2025-02-04 11:16:46,-4.034680,-79.176677,Calle Bolivar,SOLO_DANOS,Volcamiento,Estado de embriaguez,,,,,,,,,,,,
2025-08-01 01:54:16,-4.015067,-79.211575,Av. Universitaria,CON_LESIONADOS,Choque Vehicular,Exceso de velocidad,67,LESIONADO,NO_REGISTRA,VEH_LIVIANO,9,LESIONADO,MUJER,SCOOTER,,,,
2025-08-07 23:06:14,-3.988957,-79.190284,Calle Colon,SOLO_DANOS,Atropellamiento,Falla mecanica,,,,,,,,,,,,
2025-07-18 03:09:45,-4.036012,-79.204250,Calle Saraguro,CON_LESIONADOS,Caida,Equipo de seguridad deficiente,60,LESIONADO,NO_REGISTRA,PEATON,19,LESIONADO,NO_REGISTRA,OTRO,,,,
2025-04-15 06:16:28,-3.985629,-79.229908,Calle Rocafuerte,SOLO_DANOS,Caida,Estado de embriaguez,,,,,,,,,,,,
2025-04-15 08:18:21,-4.014534,-79.200463,Av. Reinaldo Espinosa,CON_LESIONADOS,Incendio,Distraccion (celular/radio),38,LESIONADO,NO_REGISTRA,VEH_LIVIANO,,,,,,,,
2025-10-04 13:43:50,-4.016196,-79.208875,Via Loja - Catamayo,SOLO_DANOS,Atropellamiento,Inobservancia de senales,,,,,,,,,,,,
2025-05-27 22:10:28,-3.997683,-79.223046,Calle Sucre,CON_FALLECIDOS,Choque Vehicular,Via resbaladiza o mojada,79,FALLECIDO,HOMBRE,OTRO,29,FALLECIDO,HOMBRE,PEATON,,,,
2025-10-30 20:34:26,-4.025201,-79.230439,Av. Rosa Hermosa,CON_LESIONADOS,Atropellamiento,Equipo de seguridad deficiente,68,LESIONADO,HOMBRE,PEATON,64,LESIONADO,MUJER,OTRO,,,,
2025-11-06 10:52:09,-3.997124,-79.171790,Calle 10 de Agosto,SOLO_DANOS,Volcamiento,Inobservancia de senales,,,,,,,,,,,,
2025-02-08 23:31:56,-3.978917,-79.229758,Calle Bolivar,CON_LESIONADOS,Choque Vehicular,Inobservancia de senales,48,LESIONADO,NO_REGISTRA,PEATON,43,LESIONADO,MUJER,MOTOCICLETA,71,LESIONADO,HOMBRE,SCOOTER
2025-11-11 06:00:57,-4.026143,-79.223059,Calle Colon,CON_LESIONADOS,Caida,Fatiga del conductor,12,LESIONADO,NO_REGISTRA,PEATON,54,LESIONADO,HOMBRE,CICLISTA,,,,
2025-05-13 08:19:54,-3.985589,-79.220644,Av. Manuel Agustin Aguirre,CON_FALLECIDOS,Atropellamiento,Inobservancia de senales,40,FALLECIDO,MUJER,SCOOTER,29,FALLECIDO,HOMBRE,SCOOTER,,,,
2025-03-02 12:39:53,-4.017865,-79.175813,Av. Gran Colombia,SOLO_DANOS,Colision Multiple,Mal estado de la via,,,,,,,,,,,,
2025-01-07 06:39:40,-4.033088,-79.206847,Calle Rocafuerte,CON_LESIONADOS,Accidente Laboral,Inobservancia de senales,61,LESIONADO,MUJER,SCOOTER,,,,,,,,
2025-03-31 10:03:15,-3.979370,-79.175463,Via Loja - Catamayo,CON_LESIONADOS,Volcamiento,Via resbaladiza o mojada,50,LESIONADO,HOMBRE,VEH_LIVIANO,,,,,,,,
2025-10-03 09:12:36,-4.036293,-79.225674,Av. 8 de Diciembre,CON_FALLECIDOS,Colision Multiple,Inobservancia de senales,59,FALLECIDO,NO_REGISTRA,MOTOCICLETA,39,FALLECIDO,NO_REGISTRA,OTRO,66,LESIONADO,HOMBRE,SCOOTER
2025-01-02 19:51:57,-3.983568,-79.188431,Calle Montufar,CON_FALLECIDOS,Choque Vehicular,Inobservancia de senales,24,FALLECIDO,NO_REGISTRA,MOTOCICLETA,51,LESIONADO,MUJER,SCOOTER,14,LESIONADO,NO_REGISTRA,PEATON
2025-08-21 01:35:44,-4.035570,-79.217474,Calle Miguel Riofrio,CON_FALLECIDOS,Accidente Laboral,Visibilidad reducida,66,FALLECIDO,MUJER,MOTOCICLETA,42,LESIONADO,MUJER,OTRO,8,LESIONADO,NO_REGISTRA,OTRO
2025-10-18 06:08:47,-4.023662,-79.175252,Av. Metropolitana,SOLO_DANOS,Caida,Estado de embriaguez,,,,,,,,,,,,
2025-01-11 23:14:34,-4.015606,-79.230550,Av. Orillas del Zamora,CON_LESIONADOS,Colision Multiple,Fatiga del conductor,38,LESIONADO,NO_REGISTRA,SCOOTER,42,LESIONADO,MUJER,MOTOCICLETA,,,,
2025-11-05 08:06:21,-4.011240,-79.201684,Calle 18 de Noviembre,SOLO_DANOS,Accidente Laboral,Visibilidad reducida,,,,,,,,,,,,
2025-01-31 11:02:51,-4.005712,-79.213754,Av. Cuxibamba,CON_FALLECIDOS,Colision Multiple,Visibilidad reducida,31,FALLECIDO,MUJER,CICLISTA,10,LESIONADO,MUJER,VEH_LIVIANO,,,,
2025-05-18 03:07:05,-3.978343,-79.179699,Calle Saraguro,SOLO_DANOS,Incendio,Fatiga del conductor,,,,,,,,,,,,
2025-11-26 12:13:09,-3.980249,-79.189130,Calle Bolivar,CON_FALLECIDOS,Volcamiento,Fatiga del conductor,18,FALLECIDO,HOMBRE,CICLISTA,69,FALLECIDO,MUJER,CICLISTA,9,LESIONADO,NO_REGISTRA,VEH_LIVIANO
2025-02-20 23:14:51,-4.001010,-79.224681,Calle Azogues,SOLO_DANOS,Caida,Via resbaladiza o mojada,69,LESIONADO,HOMBRE,VEH_LIVIANO,,,,,,,,
2025-10-05 14:09:13,-4.004829,-79.203480,Calle Ramon Borrero,CON_FALLECIDOS,Caida,Inobservancia de senales,79,FALLECIDO,HOMBRE,CICLISTA,54,FALLECIDO,HOMBRE,OTRO,26,LESIONADO,NO_REGISTRA,SCOOTER
2025-04-27 03:17:24,-4.028179,-79.194780,Av. Rosa Hermosa,SOLO_DANOS,Choque Vehicular,Factores externos,,,,,,,,,,,,
2025-12-06 17:57:59,-4.032753,-79.208915,Calle Bolivar,SOLO_DANOS,Atropellamiento,Mal estado de la via,28,LESIONADO,HOMBRE,PEATON,,,,,,,,
2025-10-31 04:57:29,-3.994071,-79.201477,Calle Imbabura,SOLO_DANOS,Caida,Equipo de seguridad deficiente,,,,,,,,,,,,
2025-07-18 10:12:45,-4.002326,-79.207992,Calle Quito,SOLO_DANOS,Atropellamiento,Factores externos,43,LESIONADO,MUJER,PEATON,,,,,,,,
2025-08-20 04:00:26,-3.980830,-79.183714,Av. Metropolitana,SOLO_DANOS,Colision Multiple,Factores externos,,,,,,,,,,,,
2025-11-30 20:58:13,-4.020473,-79.191154,Av. Rosa Hermosa,CON_LESIONADOS,Colision Multiple,Equipo de seguridad deficiente,38,LESIONADO,HOMBRE,CICLISTA,,,,,,,,
2025-09-08 03:46:11,-3.983552,-79.206143,Calle Imbabura,CON_LESIONADOS,Colision Multiple,Inobservancia de senales,74,LESIONADO,NO_REGISTRA,SCOOTER,22,LESIONADO,NO_REGISTRA,MOTOCICLETA,,,,
2025-10-05 10:22:34,-3.991519,-79.222086,Calle 10 de Agosto,CON_LESIONADOS,Volcamiento,Inobservancia de senales,63,LESIONADO,MUJER,OTRO,45,LESIONADO,HOMBRE,VEH_LIVIANO,,,,
2025-05-23 20:23:21,-4.004061,-79.188151,Av. Metropolitana,CON_LESIONADOS,Caida,Inobservancia de senales,50,LESIONADO,HOMBRE,VEH_LIVIANO,73,LESIONADO,NO_REGISTRA,VEH_LIVIANO,53,LESIONADO,MUJER,PEATON
2025-03-25 22:30:14,-3.981450,-79.208050,Av. Rosa Hermosa,CON_FALLECIDOS,Atropellamiento,Factores externos,37,FALLECIDO,MUJER,SCOOTER,56,FALLECIDO,MUJER,OTRO,,,,
2025-06-17 02:51:32,-3.986892,-79.225888,Av. Rosa Hermosa,SOLO_DANOS,Choque Vehicular,Visibilidad reducida,,,,,,,,,,,,
2025-04-02 22:21:46,-3.984307,-79.203064,Calle Saraguro,SOLO_DANOS,Incendio,Estado de embriaguez,,,,,,,,,,,,
2025-02-18 08:45:46,-4.022470,-79.203533,Calle Azogues,CON_LESIONADOS,Accidente Laboral,Distraccion (celular/radio),18,LESIONADO,MUJER,MOTOCICLETA,,,,,,,,
2025-06-29 01:43:23,-4.026780,-79.230383,Calle Bolivar,SOLO_DANOS,Caida,Distraccion (celular/radio),,,,,,,,,,,,
2025-09-24 22:48:10,-4.012411,-79.217472,Calle Mercadillo,CON_FALLECIDOS,Volcamiento,Imprudencia del conductor,53,FALLECIDO,MUJER,VEH_LIVIANO,11,LESIONADO,MUJER,CICLISTA,,,,
2025-12-29 02:40:06,-4.016049,-79.174204,Calle Mercadillo,SOLO_DANOS,Atropellamiento,Fatiga del conductor,,,,,,,,,,,,
2025-02-27 21:24:46,-4.009181,-79.209105,Calle Miguel Riofrio,SOLO_DANOS,Atropellamiento,Factores externos,,,,,,,,,,,,
2025-07-10 15:17:56,-3.990471,-79.218373,Av. Gran Colombia,SOLO_DANOS,Incendio,Falla mecanica,,,,,,,,,,,,
2025-02-23 11:36:20,-4.006498,-79.200195,Calle 18 de Noviembre,SOLO_DANOS,Incendio,Factores externos,,,,,,,,,,,,
2025-08-28 10:19:10,-4.007067,-79.223677,Calle Sucre,CON_LESIONADOS,Volcamiento,Fatiga del conductor,26,LESIONADO,HOMBRE,PEATON,61,LESIONADO,NO_REGISTRA,VEH_LIVIANO,,,,
2025-01-01 18:39:20,-3.982807,-79.193102,Calle 10 de Agosto,CON_FALLECIDOS,Volcamiento,Exceso de velocidad,68,FALLECIDO,NO_REGISTRA,MOTOCICLETA,5,LESIONADO,HOMBRE,CICLISTA,,,,
2025-11-11 22:38:02,-4.030021,-79.228284,Av. Isidro Ayora,CON_LESIONADOS,Incendio,Visibilidad reducida,22,LESIONADO,HOMBRE,SCOOTER,9,LESIONADO,HOMBRE,PEATON,,,,
2025-04-27 05:45:35,-3.980078,-79.209905,Av. Gran Colombia,CON_FALLECIDOS,Volcamiento,Inobservancia de senales,41,FALLECIDO,HOMBRE,VEH_LIVIANO,78,FALLECIDO,NO_REGISTRA,SCOOTER,56,LESIONADO,NO_REGISTRA,SCOOTER
2025-04-03 08:35:12,-4.034937,-79.191157,Calle Sucre,CON_LESIONADOS,Colision Multiple,Via resbaladiza o mojada,79,LESIONADO,NO_REGISTRA,MOTOCICLETA,,,,,,,,
2025-10-24 17:18:32,-4.031114,-79.193110,Ruta 35,CON_LESIONADOS,Accidente Laboral,Imprudencia del conductor,32,LESIONADO,NO_REGISTRA,CICLISTA,31,LESIONADO,NO_REGISTRA,OTRO,,,,
2025-08-27 02:44:39,-3.978740,-79.187036,Calle Azogues,SOLO_DANOS,Caida,Imprudencia del conductor,,,,,,,,,,,,
2025-10-13 10:01:43,-3.984679,-79.173940,Av. Manuel Agustin Aguirre,CON_LESIONADOS,Atropellamiento,Falla mecanica,10,LESIONADO,HOMBRE,CICLISTA,24,LESIONADO,HOMBRE,MOTOCICLETA,75,LESIONADO,NO_REGISTRA,VEH_LIVIANO
2025-08-24 01:33:08,-3.995699,-79.197712,Calle Montufar,CON_FALLECIDOS,Caida,Via resbaladiza o mojada,60,FALLECIDO,NO_REGISTRA,PEATON,43,FALLECIDO,NO_REGISTRA,SCOOTER,,,,
2025-04-05 09:24:49,-3.982246,-79.207526,Ruta 35,CON_FALLECIDOS,Accidente Laboral,Fatiga del conductor,19,FALLECIDO,HOMBRE,SCOOTER,50,LESIONADO,MUJER,SCOOTER,,,,
2025-06-17 12:51:37,-3.990552,-79.175053,Av. Metropolitana,CON_FALLECIDOS,Volcamiento,Equipo de seguridad deficiente,67,FALLECIDO,MUJER,VEH_LIVIANO,41,FALLECIDO,MUJER,SCOOTER,72,LESIONADO,HOMBRE,CICLISTA
2025-03-13 06:33:23,-3.977743,-79.229081,Ruta 35,CON_FALLECIDOS,Incendio,Mal estado de la via,31,FALLECIDO,MUJER,SCOOTER,38,FALLECIDO,NO_REGISTRA,OTRO,27,LESIONADO,HOMBRE,PEATON
2025-12-25 12:33:40,-4.013350,-79.224336,Calle Ramon Borrero,CON_FALLECIDOS,Caida,Falla mecanica,81,FALLECIDO,HOMBRE,OTRO,35,FALLECIDO,NO_REGISTRA,PEATON,,,,
2025-12-09 02:07:14,-4.013712,-79.217665,Av. Universitaria,SOLO_DANOS,Atropellamiento,Imprudencia del conductor,,,,,,,,,,,,
2025-03-18 08:31:09,-4.024566,-79.217164,Calle 18 de Noviembre,CON_FALLECIDOS,Volcamiento,Visibilidad reducida,25,FALLECIDO,NO_REGISTRA,SCOOTER,5,LESIONADO,HOMBRE,SCOOTER,,,,
2025-03-05 04:57:29,-3.997307,-79.212513,Av. Isidro Ayora,CON_FALLECIDOS,Accidente Laboral,Inobservancia de senales,19,FALLECIDO,NO_REGISTRA,VEH_LIVIANO,18,FALLECIDO,NO_REGISTRA,SCOOTER,59,LESIONADO,NO_REGISTRA,OTRO
2025-04-14 08:58:13,-4.008671,-79.215542,Calle Mercadillo,CON_LESIONADOS,Incendio,Inobservancia de senales,61,LESIONADO,MUJER,PEATON,68,LESIONADO,MUJER,MOTOCICLETA,,,,
2025-08-08 04:56:39,-4.006340,-79.224534,Calle 18 de Noviembre,CON_FALLECIDOS,Atropellamiento,Visibilidad reducida,22,FALLECIDO,NO_REGISTRA,VEH_LIVIANO,58,FALLECIDO,HOMBRE,CICLISTA,19,LESIONADO,NO_REGISTRA,CICLISTA
2025-04-13 03:06:59,-4.005607,-79.227987,Av. Cuxibamba,SOLO_DANOS,Accidente Laboral,Estado de embriaguez,,,,,,,,,,,,
2025-04-13 06:47:28,-3.980603,-79.185542,Av. Pio Jaramillo,CON_LESIONADOS,Atropellamiento,Estado de embriaguez,45,LESIONADO,HOMBRE,PEATON,50,LESIONADO,MUJER,SCOOTER,,,,
2025-08-26 07:27:16,-4.029495,-79.212147,Calle Miguel Riofrio,SOLO_DANOS,Volcamiento,Equipo de seguridad deficiente,,,,,,,,,,,,
2025-10-10 08:48:01,-3.990972,-79.187767,Av. Rosa Hermosa,CON_LESIONADOS,Choque Vehicular,Exceso de velocidad,80,LESIONADO,MUJER,OTRO,76,LESIONADO,MUJER,SCOOTER,25,LESIONADO,HOMBRE,VEH_LIVIANO
2025-05-30 10:10:48,-4.023368,-79.209915,Via Loja - Catamayo,CON_FALLECIDOS,Caida,Falla mecanica,80,FALLECIDO,HOMBRE,VEH_LIVIANO,42,LESIONADO,HOMBRE,CICLISTA,,,,
2025-11-21 08:51:42,-4.000855,-79.178557,Calle Sucre,CON_FALLECIDOS,Atropellamiento,Distraccion (celular/radio),56,FALLECIDO,NO_REGISTRA,MOTOCICLETA,75,LESIONADO,HOMBRE,MOTOCICLETA,,,,
2025-10-01 05:21:10,-4.029327,-79.195725,Calle Quito,CON_FALLECIDOS,Accidente Laboral,Falla mecanica,69,FALLECIDO,HOMBRE,SCOOTER,40,FALLECIDO,HOMBRE,VEH_LIVIANO,12,LESIONADO,MUJER,OTRO
2025-02-26 13:23:12,-4.008153,-79.171393,Av. Orillas del Zamora,CON_LESIONADOS,Colision Multiple,Fatiga del conductor,61,LESIONADO,HOMBRE,MOTOCICLETA,39,LESIONADO,MUJER,OTRO,,,,
2025-09-14 03:39:46,-4.007658,-79.204559,Calle Imbabura,CON_FALLECIDOS,Colision Multiple,Inobservancia de senales,27,FALLECIDO,HOMBRE,CICLISTA,65,FALLECIDO,MUJER,VEH_LIVIANO,73,LESIONADO,HOMBRE,VEH_LIVIANO
2025-10-03 13:30:22,-3.978166,-79.204310,Calle Miguel Riofrio,CON_LESIONADOS,Accidente Laboral,Falla mecanica,28,LESIONADO,NO_REGISTRA,VEH_LIVIANO,59,LESIONADO,MUJER,PEATON,54,LESIONADO,HOMBRE,CICLISTA
2025-02-20 10:22:00,-3.984656,-79.205114,Calle Sucre,CON_LESIONADOS,Choque Vehicular,Equipo de seguridad deficiente,26,LESIONADO,MUJER,PEATON,50,LESIONADO,HOMBRE,MOTOCICLETA,,,,
2025-05-20 09:38:58,-4.021670,-79.174930,Calle Azogues,CON_LESIONADOS,Choque Vehicular,Distraccion (celular/radio),6,LESIONADO,MUJER,OTRO,34,LESIONADO,MUJER,VEH_LIVIANO,,,,
2025-10-29 08:09:53,-4.022561,-79.187416,Calle Rocafuerte,CON_LESIONADOS,Colision Multiple,Distraccion (celular/radio),45,LESIONADO,NO_REGISTRA,VEH_LIVIANO,22,LESIONADO,HOMBRE,CICLISTA,,,,
2025-04-18 04:20:01,-3.989228,-79.226080,Via Loja - Catamayo,CON_LESIONADOS,Caida,Mal estado de la via,6,LESIONADO,NO_REGISTRA,VEH_LIVIANO,67,LESIONADO,NO_REGISTRA,CICLISTA,,,,
2025-12-04 17:26:30,-3.992503,-79.186024,Calle Imbabura,CON_FALLECIDOS,Incendio,Mal estado de la via,47,FALLECIDO,MUJER,OTRO,28,FALLECIDO,MUJER,SCOOTER,60,LESIONADO,NO_REGISTRA,OTRO
2025-10-28 07:57:48,-3.997225,-79.181900,Via Loja - Catamayo,SOLO_DANOS,Atropellamiento,Equipo de seguridad deficiente,,,,,,,,,,,,
2025-08-19 22:57:49,-4.013343,-79.186548,Av. Isidro Ayora,SOLO_DANOS,Volcamiento,Mal estado de la via,,,,,,,,,,,,
2025-02-03 17:06:03,-4.006808,-79.197370,Av. Rosa Hermosa,CON_LESIONADOS,Accidente Laboral,Imprudencia del conductor,63,LESIONADO,NO_REGISTRA,CICLISTA,,,,,,,,
2025-07-19 00:04:02,-4.000140,-79.175908,Calle 18 de Noviembre,CON_FALLECIDOS,Volcamiento,Mal estado de la via,61,FALLECIDO,MUJER,OTRO,25,FALLECIDO,HOMBRE,VEH_LIVIANO,59,LESIONADO,MUJER,SCOOTER
2025-10-10 01:28:20,-4.027761,-79.213591,Av. Manuel Agustin Aguirre,CON_LESIONADOS,Colision Multiple,Fatiga del conductor,68,LESIONADO,NO_REGISTRA,SCOOTER,80,LESIONADO,MUJER,SCOOTER,63,LESIONADO,HOMBRE,VEH_LIVIANO
2025-11-19 14:46:46,-4.015394,-79.223912,Calle Mercadillo,SOLO_DANOS,Choque Vehicular,Inobservancia de senales,48,LESIONADO,MUJER,MOTOCICLETA,,,,,,,,
2025-08-22 15:22:41,-3.983204,-79.230722,Calle Montufar,SOLO_DANOS,Atropellamiento,Exceso de velocidad,,,,,,,,,,,,
2025-10-18 08:05:38,-4.031453,-79.213788,Via Loja - Zamora,CON_LESIONADOS,Caida,Inobservancia de senales,51,LESIONADO,HOMBRE,SCOOTER,,,,,,,,
2025-06-22 19:26:28,-3.982799,-79.213159,Av. Reinaldo Espinosa,SOLO_DANOS,Accidente Laboral,Imprudencia del conductor,,,,,,,,,,,,
2025-09-05 19:48:16,-4.004532,-79.211081,Calle 18 de Noviembre,CON_FALLECIDOS,Volcamiento,Inobservancia de senales,28,FALLECIDO,NO_REGISTRA,CICLISTA,33,FALLECIDO,NO_REGISTRA,CICLISTA,23,LESIONADO,NO_REGISTRA,MOTOCICLETA
2025-04-17 03:29:24,-4.029581,-79.183928,Via Loja - Zamora,CON_LESIONADOS,Volcamiento,Fatiga del conductor,51,LESIONADO,MUJER,SCOOTER,16,LESIONADO,NO_REGISTRA,SCOOTER,,,,
2025-04-07 23:15:27,-3.996039,-79.180853,Calle Sucre,SOLO_DANOS,Accidente Laboral,Imprudencia del conductor,,,,,,,,,,,,
2025-04-14 07:55:45,-3.989773,-79.182767,Av. Gran Colombia,CON_FALLECIDOS,Volcamiento,Mal estado de la via,84,FALLECIDO,HOMBRE,SCOOTER,56,FALLECIDO,NO_REGISTRA,SCOOTER,74,LESIONADO,NO_REGISTRA,CICLISTA
2025-04-03 00:27:06,-3.985631,-79.210751,Calle Colon,CON_LESIONADOS,Accidente Laboral,Imprudencia del conductor,68,LESIONADO,NO_REGISTRA,MOTOCICLETA,,,,,,,,
2025-09-28 16:53:25,-3.994485,-79.206956,Av. Pio Jaramillo,SOLO_DANOS,Atropellamiento,Factores externos,,,,,,,,,,,,
2025-01-22 17:28:34,-4.028639,-79.202032,Av. Rosa Hermosa,SOLO_DANOS,Caida,Inobservancia de senales,,,,,,,,,,,,
2025-01-12 11:13:28,-4.023176,-79.226007,Calle Ramon Borrero,SOLO_DANOS,Incendio,Visibilidad reducida,,,,,,,,,,,,
2025-02-13 12:50:50,-4.006564,-79.187664,Calle Rocafuerte,CON_FALLECIDOS,Incendio,Mal estado de la via,48,FALLECIDO,MUJER,CICLISTA,37,FALLECIDO,HOMBRE,OTRO,79,LESIONADO,HOMBRE,OTRO
2025-10-23 07:09:18,-3.978838,-79.191334,Calle Bolivar,SOLO_DANOS,Choque Vehicular,Fatiga del conductor,,,,,,,,,,,,
2025-05-13 04:43:46,-4.026223,-79.221093,Av. Metropolitana,SOLO_DANOS,Accidente Laboral,Equipo de seguridad deficiente,,,,,,,,,,,,
2025-02-01 17:15:38,-3.997301,-79.199005,Av. Isidro Ayora,CON_LESIONADOS,Incendio,Distraccion (celular/radio),71,LESIONADO,MUJER,CICLISTA,6,LESIONADO,MUJER,CICLISTA,,,,
2025-06-27 18:09:18,-3.997941,-79.204185,Calle Imbabura,CON_LESIONADOS,Accidente Laboral,Fatiga del conductor,38,LESIONADO,HOMBRE,MOTOCICLETA,17,LESIONADO,NO_REGISTRA,PEATON,,,,
2025-05-19 04:55:43,-3.994630,-79.171270,Calle Saraguro,CON_FALLECIDOS,Volcamiento,Factores externos,78,FALLECIDO,MUJER,OTRO,65,FALLECIDO,NO_REGISTRA,CICLISTA,16,LESIONADO,NO_REGISTRA,MOTOCICLETA
2025-12-03 22:41:20,-4.007365,-79.174595,Via Loja - Catamayo,CON_FALLECIDOS,Colision Multiple,Fatiga del conductor,34,FALLECIDO,NO_REGISTRA,SCOOTER,34,LESIONADO,HOMBRE,PEATON,,,,
2025-12-09 20:50:12,-3.983401,-79.189495,Via Loja - Zamora,SOLO_DANOS,Volcamiento,Imprudencia del conductor,,,,,,,,,,,,
2025-11-20 18:39:27,-4.033035,-79.197232,Av. Universitaria,SOLO_DANOS,Accidente Laboral,Equipo de seguridad deficiente,,,,,,,,,,,,
2025-09-08 15:43:55,-4.020860,-79.200565,Calle Azogues,SOLO_DANOS,Accidente Laboral,Estado de embriaguez,,,,,,,,,,,,
2025-07-15 09:18:35,-4.017484,-79.175042,Av. Isidro Ayora,CON_LESIONADOS,Atropellamiento,Via resbaladiza o mojada,34,LESIONADO,NO_REGISTRA,PEATON,58,LESIONADO,MUJER,MOTOCICLETA,10,LESIONADO,MUJER,PEATON
2025-11-19 20:20:57,-3.985003,-79.172378,Calle Sucre,CON_LESIONADOS,Incendio,Estado de embriaguez,17,LESIONADO,MUJER,OTRO,6,LESIONADO,MUJER,SCOOTER,36,LESIONADO,HOMBRE,CICLISTA