fecha_hora,latitud,longitud,via,grado_severidad,tipo_siniestro,causa_probable,victima1_edad,victima1_condicion,victima1_sexo,victima1_actor_vial,victima2_edad,victima2_condicion,victima2_sexo,victima2_actor_vial,victima3_edad,victima3_condicion,victima3_sexo,victima3_actor_vial
2025-01-02 14:16:55,-3.994588,-79.226138,Via Loja - Zamora,CON_FALLECIDOS,Accidente Laboral,Exceso de velocidad,67,FALLECIDO,HOMBRE,PEATON,85,FALLECIDO,NO_REGISTRA,PEATON,37,LESIONADO,MUJER,MOTOCICLETA
2025-09-09 18:10:29,-4.032625,-79.205369,Calle Montufar,CON_FALLECIDOS,Volcamiento,Falla mecanica,83,FALLECIDO,MUJER,VEH_LIVIANO,42,FALLECIDO,MUJER,SCOOTER,,,,
2025-02-18 10:36:23,-4.014130,-79.184635,Calle Colon,SOLO_DANOS,Caida,Fatiga del conductor,,,,,,,,,,,,
2025-08-29 05:59:25,-3.987846,-79.207644,Calle Bolivar,CON_FALLECIDOS,Caida,Exceso de velocidad,75,FALLECIDO,HOMBRE,VEH_LIVIANO,47,LESIONADO,HOMBRE,OTRO,21,LESIONADO,HOMBRE,OTRO
2025-10-27 03:05:04,-4.010326,-79.215468,Ruta 35,CON_FALLECIDOS,Atropellamiento,Inobservancia de senales,81,FALLECIDO,MUJER,PEATON,70,FALLECIDO,NO_REGISTRA,PEATON,,,,
2025-09-01 00:06:54,-4.020067,-79.173878,Av. Manuel Agustin Aguirre,SOLO_DANOS,Volcamiento,Imprudencia del conductor,17,LESIONADO,MUJER,OTRO,,,,,,,,
2025-02-15 08:05:31,-4.016720,-79.175365,Via Loja - Catamayo,CON_FALLECIDOS,Colision Multiple,Via resbaladiza o mojada,21,FALLECIDO,MUJER,OTRO,52,FALLECIDO,HOMBRE,PEATON,,,,
2025-05-31 11:22:32,-3.979673,-79.191093,Calle Ramon Borrero,SOLO_DANOS,Choque Vehicular,Factores externos,,,,,,,,,,,,
2025-04-18 22:02:27,-3.990776,-79.180640,Calle Ramon Borrero,CON_LESIONADOS,Incendio,Factores externos,54,LESIONADO,HOMBRE,OTRO,36,LESIONADO,NO_REGISTRA,PEATON,56,LESIONADO,MUJER,MOTOCICLETA
2025-08-25 22:21:43,-4.010108,-79.230742,Via Loja - Catamayo,CON_LESIONADOS,Volcamiento,Falla mecanica,34,LESIONADO,MUJER,OTRO,,,,,,,,
2025-10-26 17:34:39,-4.012423,-79.187623,Calle Azogues,SOLO_DANOS,Colision Multiple,Exceso de velocidad,64,LESIONADO,MUJER,CICLISTA,,,,,,,,
2025-10-10 15:36:13,-4.016284,-79.216274,Ruta 35,CON_LESIONADOS,Accidente Laboral,Fatiga del conductor,35,LESIONADO,NO_REGISTRA,CICLISTA,24,LESIONADO,MUJER,MOTOCICLETA,33,LESIONADO,NO_REGISTRA,SCOOTER
2025-03-06 05:44:10,-4.014697,-79.227528,Calle Azogues,CON_FALLECIDOS,Accidente Laboral,Distraccion (celular/radio),84,FALLECIDO,MUJER,CICLISTA,76,LESIONADO,MUJER,MOTOCICLETA,66,LESIONADO,NO_REGISTRA,MOTOCICLETA
2025-09-19 07:40:38,-4.008482,-79.207777,Calle Sucre,CON_LESIONADOS,Incendio,Factores externos,15,LESIONADO,NO_REGISTRA,CICLISTA,,,,,,,,
2025-12-12 03:32:55,-4.017731,-79.210429,Calle Rocafuerte,CON_LESIONADOS,Atropellamiento,Exceso de velocidad,78,LESIONADO,NO_REGISTRA,CICLISTA,15,LESIONADO,NO_REGISTRA,CICLISTA,51,LESIONADO,HOMBRE,PEATON
2025-12-12 12:59:27,-4.021921,-79.230059,Calle Bolivar,CON_LESIONADOS,Atropellamiento,Mal estado de la via,67,LESIONADO,MUJER,MOTOCICLETA,24,LESIONADO,NO_REGISTRA,PEATON,16,LESIONADO,NO_REGISTRA,SCOOTER
2025-12-15 05:23:10,-4.025826,-79.180563,Av. 8 de Diciembre,CON_FALLECIDOS,Incendio,Via resbaladiza o mojada,31,FALLECIDO,NO_REGISTRA,SCOOTER,58,FALLECIDO,HOMBRE,OTRO,,,,
2025-10-05 02:38:20,-3.988476,-79.226076,Calle Bolivar,CON_LESIONADOS,Choque Vehicular,Exceso de velocidad,60,LESIONADO,MUJER,CICLISTA,79,LESIONADO,HOMBRE,PEATON,,,,
2025-05-25 17:08:54,-4.018795,-79.209403,Av. Orillas del Zamora,SOLO_DANOS,Caida,Equipo de seguridad deficiente,,,,,,,,,,,,
2025-01-08 16:34:17,-3.979225,-79.181040,Calle Sucre,SOLO_DANOS,Colision Multiple,Estado de embriaguez,,,,,,,,,,,,
2025-12-16 20:18:50,-3.981205,-79.213979,Via Loja - Zamora,SOLO_DANOS,Atropellamiento,Imprudencia del conductor,,,,,,,,,,,,
2025-10-26 02:35:57,-4.016659,-79.218430,Calle Azogues,CON_FALLECIDOS,Volcamiento,Imprudencia del conductor,51,FALLECIDO,HOMBRE,SCOOTER,73,FALLECIDO,MUJER,SCOOTER,,,,
2025-08-03 05:16:01,-3.978974,-79.220437,Av. Rosa Hermosa,SOLO_DANOS,Incendio,Estado de embriaguez,,,,,,,,,,,,
2025-07-30 14:24:55,-4.007497,-79.191107,Calle Sucre,CON_LESIONADOS,Accidente Laboral,Equipo de seguridad deficiente,63,LESIONADO,MUJER,PEATON,,,,,,,,
2025-10-23 20:58:39,-3.984455,-79.225015,Av. 8 de Diciembre,SOLO_DANOS,Volcamiento,Fatiga del conductor,,,,,,,,,,,,
2025-08-05 07:11:12,-4.031732,-79.193241,Via Loja - Zamora,CON_LESIONADOS,Incendio,Via resbaladiza o mojada,43,LESIONADO,MUJER,OTRO,65,LESIONADO,NO_REGISTRA,CICLISTA,42,LESIONADO,HOMBRE,PEATON
2025-09-23 02:53:10,-4.009072,-79.177735,Calle Colon,CON_LESIONADOS,Choque Vehicular,Equipo de seguridad deficiente,20,LESIONADO,NO_REGISTRA,MOTOCICLETA,44,LESIONADO,MUJER,MOTOCICLETA,,,,
2025-01-29 18:54:28,-4.017678,-79.215514,Via Loja - Catamayo,CON_FALLECIDOS,Incendio,Visibilidad reducida,71,FALLECIDO,HOMBRE,OTRO,31,FALLECIDO,HOMBRE,SCOOTER,14,LESIONADO,NO_REGISTRA,CICLISTA
2025-02-24 02:11:55,-3.978341,-79.202762,Calle Colon,SOLO_DANOS,Atropellamiento,Fatiga del conductor,,,,,,,,,,,,
2025-07-03 11:17:51,-3.993676,-79.230630,Via Loja - Zamora,CON_FALLECIDOS,Choque Vehicular,Equipo de seguridad deficiente,24,FALLECIDO,NO_REGISTRA,SCOOTER,28,FALLECIDO,HOMBRE,CICLISTA,78,LESIONADO,NO_REGISTRA,OTRO
2025-02-23 07:54:34,-4.029900,-79.189931,Av. Manuel Agustin Aguirre,CON_FALLECIDOS,Accidente Laboral,Falla mecanica,42,FALLECIDO,HOMBRE,CICLISTA,44,FALLECIDO,MUJER,PEATON,60,LESIONADO,NO_REGISTRA,PEATON
2025-07-27 06:49:00,-3.995364,-79.189323,Calle Sucre,CON_FALLECIDOS,Colision Multiple,Exceso de velocidad,79,FALLECIDO,HOMBRE,PEATON,42,FALLECIDO,MUJER,MOTOCICLETA,54,LESIONADO,HOMBRE,MOTOCICLETA
2025-05-08 07:50:58,-3.999663,-79.206693,Calle Ramon Borrero,CON_LESIONADOS,Volcamiento,Falla mecanica,24,LESIONADO,HOMBRE,MOTOCICLETA,46,LESIONADO,HOMBRE,OTRO,,,,
2025-04-26 23:12:02,-4.023440,-79.201667,Av. Gran Colombia,CON_FALLECIDOS,Volcamiento,Mal estado de la via,52,FALLECIDO,HOMBRE,PEATON,68,FALLECIDO,MUJER,VEH_LIVIANO,16,LESIONADO,MUJER,OTRO
2025-07-08 11:05:52,-4.009695,-79.175572,Calle Imbabura,CON_FALLECIDOS,Accidente Laboral,Distraccion (celular/radio),19,FALLECIDO,MUJER,MOTOCICLETA,62,LESIONADO,MUJER,PEATON,,,,
2025-01-11 01:14:15,-4.026581,-79.183499,Av. Pio Jaramillo,SOLO_DANOS,Accidente Laboral,Fatiga del conductor,,,,,,,,,,,,
2025-02-15 17:00:31,-4.007409,-79.218586,Calle Mercadillo,SOLO_DANOS,Atropellamiento,Distraccion (celular/radio),,,,,,,,,,,,
2025-05-12 19:15:32,-3.985646,-79.222541,Calle Bolivar,CON_LESIONADOS,Accidente Laboral,Mal estado de la via,31,LESIONADO,MUJER,PEATON,55,LESIONADO,HOMBRE,OTRO,,,,
2025-08-23 10:41:31,-4.031220,-79.198398,Av. Manuel Agustin Aguirre,CON_LESIONADOS,Colision Multiple,Mal estado de la via,40,LESIONADO,NO_REGISTRA,CICLISTA,,,,,,,,
2025-07-15 11:37:37,-3.982297,-79.210620,Ruta 35,CON_LESIONADOS,Atropellamiento,Fatiga del conductor,52,LESIONADO,HOMBRE,MOTOCICLETA,28,LESIONADO,HOMBRE,MOTOCICLETA,73,LESIONADO,NO_REGISTRA,CICLISTA
2025-03-22 21:13:37,-4.016268,-79.195976,Av. Reinaldo Espinosa,SOLO_DANOS,Atropellamiento,Exceso de velocidad,,,,,,,,,,,,
2025-11-28 09:06:52,-4.009796,-79.197150,Av. Isidro Ayora,CON_FALLECIDOS,Accidente Laboral,Equipo de seguridad deficiente,64,FALLECIDO,HOMBRE,MOTOCICLETA,44,FALLECIDO,NO_REGISTRA,PEATON,25,LESIONADO,NO_REGISTRA,OTRO
2025-05-10 16:16:14,-3.988645,-79.183837,Av. 8 de Diciembre,SOLO_DANOS,Accidente Laboral,Estado de embriaguez,,,,,,,,,,,,
2025-01-08 10:59:53,-3.993579,-79.217791,Calle Miguel Riofrio,CON_LESIONADOS,Atropellamiento,Via resbaladiza o mojada,48,LESIONADO,MUJER,CICLISTA,21,LESIONADO,HOMBRE,MOTOCICLETA,78,LESIONADO,MUJER,OTRO
2025-09-15 21:49:25,-3.995411,-79.212045,Via Loja - Zamora,CON_FALLECIDOS,Colision Multiple,Estado de embriaguez,51,FALLECIDO,HOMBRE,OTRO,25,FALLECIDO,HOMBRE,VEH_LIVIANO,34,LESIONADO,HOMBRE,CICLISTA
2025-07-19 00:57:44,-4.036780,-79.178536,Av. Cuxibamba,CON_FALLECIDOS,Colision Multiple,Mal estado de la via,40,FALLECIDO,HOMBRE,OTRO,,,,,,,,
2025-04-26 18:28:47,-4.027206,-79.171394,Av. Isidro Ayora,CON_LESIONADOS,Incendio,Mal estado de la via,33,LESIONADO,NO_REGISTRA,SCOOTER,74,LESIONADO,MUJER,MOTOCICLETA,50,LESIONADO,MUJER,SCOOTER
2025-09-29 20:40:48,-4.008455,-79.213114,Av. Manuel Agustin Aguirre,CON_LESIONADOS,Colision Multiple,Factores externos,35,LESIONADO,HOMBRE,VEH_LIVIANO,13,LESIONADO,HOMBRE,SCOOTER,45,LESIONADO,NO_REGISTRA,PEATON
2025-08-24 23:07:29,-3.999058,-79.174576,Calle Saraguro,CON_LESIONADOS,Caida,Via resbaladiza o mojada,9,LESIONADO,HOMBRE,CICLISTA,78,LESIONADO,HOMBRE,CICLISTA,,,,
2025-03-04 01:38:33,-4.009295,-79.212505,Av. 8 de Diciembre,CON_LESIONADOS,Volcamiento,Imprudencia del conductor,77,LESIONADO,HOMBRE,SCOOTER,57,LESIONADO,NO_REGISTRA,MOTOCICLETA,,,,
2025-04-25 02:48:14,-3.993219,-79.175427,Av. Orillas del Zamora,CON_FALLECIDOS,Accidente Laboral,Falla mecanica,71,FALLECIDO,HOMBRE,SCOOTER,25,FALLECIDO,MUJER,SCOOTER,66,LESIONADO,HOMBRE,PEATON
2025-07-10 09:12:28,-4.035510,-79.174948,Calle Quito,CON_FALLECIDOS,Caida,Distraccion (celular/radio),83,FALLECIDO,MUJER,CICLISTA,26,LESIONADO,NO_REGISTRA,PEATON,70,LESIONADO,NO_REGISTRA,OTRO
2025-12-05 13:59:44,-4.001168,-79.197446,Calle Quito,CON_FALLECIDOS,Colision Multiple,Mal estado de la via,20,FALLECIDO,HOMBRE,MOTOCICLETA,20,FALLECIDO,MUJER,MOTOCICLETA,53,LESIONADO,NO_REGISTRA,SCOOTER
2025-09-17 03:32:41,-3.978988,-79.219864,Calle 18 de Noviembre,CON_FALLECIDOS,Atropellamiento,Distraccion (celular/radio),42,FALLECIDO,MUJER,PEATON,47,FALLECIDO,MUJER,SCOOTER,71,LESIONADO,NO_REGISTRA,CICLISTA
2025-02-27 23:32:05,-4.019184,-79.230093,Av. Cuxibamba,CON_LESIONADOS,Incendio,Falla mecanica,60,LESIONADO,HOMBRE,SCOOTER,,,,,,,,
2025-03-20 13:27:26,-3.998566,-79.197551,Av. Cuxibamba,SOLO_DANOS,Caida,Mal estado de la via,,,,,,,,,,,,
2025-03-28 16:48:28,-3.998120,-79.213814,Calle Bolivar,CON_FALLECIDOS,Volcamiento,Fatiga del conductor,46,FALLECIDO,MUJER,MOTOCICLETA,26,LESIONADO,MUJER,OTRO,,,,
2025-01-02 20:37:53,-4.015286,-79.225269,Av. Pio Jaramillo,CON_FALLECIDOS,Accidente Laboral,Fatiga del conductor,64,FALLECIDO,NO_REGISTRA,MOTOCICLETA,73,FALLECIDO,MUJER,SCOOTER,,,,
2025-12-03 08:56:05,-3.985999,-79.206325,Calle Miguel Riofrio,CON_FALLECIDOS,Accidente Laboral,Exceso de velocidad,74,FALLECIDO,HOMBRE,CICLISTA,55,LESIONADO,HOMBRE,PEATON,37,LESIONADO,HOMBRE,MOTOCICLETA
2025-06-22 10:17:37,-4.023311,-79.198301,Av. Isidro Ayora,SOLO_DANOS,Volcamiento,Mal estado de la via,,,,,,,,,,,,
2025-04-08 21:27:26,-4.027024,-79.206285,Calle Ramon Borrero,CON_LESIONADOS,Caida,Imprudencia del conductor,57,LESIONADO,NO_REGISTRA,VEH_LIVIANO,51,LESIONADO,MUJER,MOTOCICLETA,,,,
2025-11-20 03:32:58,-4.013899,-79.181726,Av. Universitaria,CON_LESIONADOS,Caida,Factores externos,65,LESIONADO,MUJER,MOTOCICLETA,35,LESIONADO,HOMBRE,PEATON,61,LESIONADO,HOMBRE,PEATON
2025-06-08 09:49:04,-4.032556,-79.230864,Calle Mercadillo,CON_LESIONADOS,Choque Vehicular,Exceso de velocidad,76,LESIONADO,HOMBRE,OTRO,41,LESIONADO,MUJER,MOTOCICLETA,,,,
2025-08-25 11:31:17,-4.004646,-79.183123,Ruta 35,SOLO_DANOS,Incendio,Exceso de velocidad,,,,,,,,,,,,
2025-09-03 05:00:20,-4.009613,-79.184637,Av. Metropolitana,CON_FALLECIDOS,Atropellamiento,Distraccion (celular/radio),81,FALLECIDO,NO_REGISTRA,VEH_LIVIANO,49,FALLECIDO,MUJER,VEH_LIVIANO,19,LESIONADO,NO_REGISTRA,SCOOTER
2025-02-28 00:34:07,-4.018910,-79.174044,Calle Saraguro,SOLO_DANOS,Caida,Exceso de velocidad,,,,,,,,,,,,
2025-07-31 20:17:17,-4.022075,-79.198688,Av. Metropolitana,SOLO_DANOS,Caida,Imprudencia del conductor,,,,,,,,,,,,
2025-02-27 08:05:41,-3.980702,-79.211454,Calle Azogues,CON_FALLECIDOS,Choque Vehicular,Distraccion (celular/radio),47,FALLECIDO,MUJER,VEH_LIVIANO,,,,,,,,
2025-01-24 04:58:55,-3.988845,-79.182513,Via Loja - Catamayo,CON_FALLECIDOS,Incendio,Via resbaladiza o mojada,69,FALLECIDO,NO_REGISTRA,OTRO,42,LESIONADO,MUJER,OTRO,40,LESIONADO,NO_REGISTRA,OTRO
2025-05-26 01:30:29,-4.007075,-79.172678,Calle Rocafuerte,CON_FALLECIDOS,Atropellamiento,Visibilidad reducida,36,FALLECIDO,NO_REGISTRA,OTRO,26,LESIONADO,MUJER,CICLISTA,,,,
2025-01-08 05:56:16,-3.990117,-79.220125,Calle Miguel Riofrio,SOLO_DANOS,Atropellamiento,Distraccion (celular/radio),,,,,,,,,,,,
2025-07-21 11:50:19,-4.022463,-79.218572,Calle Rocafuerte,SOLO_DANOS,Choque Vehicular,Distraccion (celular/radio),,,,,,,,,,,,
2025-06-22 12:57:12,-4.026633,-79.188435,Av. 8 de Diciembre,CON_FALLECIDOS,Caida,Visibilidad reducida,59,FALLECIDO,MUJER,MOTOCICLETA,39,FALLECIDO,HOMBRE,OTRO,47,LESIONADO,MUJER,VEH_LIVIANO
2025-12-27 00:29:51,-4.013539,-79.216219,Av. Manuel Agustin Aguirre,CON_FALLECIDOS,Accidente Laboral,Distraccion (celular/radio),39,FALLECIDO,MUJER,MOTOCICLETA,45,FALLECIDO,HOMBRE,CICLISTA,,,,
2025-08-18 07:16:51,-4.022249,-79.217076,Calle Miguel Riofrio,SOLO_DANOS,Atropellamiento,Inobservancia de senales,,,,,,,,,,,,
2025-01-06 12:26:38,-4.003475,-79.227123,Av. Manuel Agustin Aguirre,CON_FALLECIDOS,Atropellamiento,Equipo de seguridad deficiente,78,FALLECIDO,MUJER,MOTOCICLETA,85,FALLECIDO,HOMBRE,VEH_LIVIANO,7,LESIONADO,HOMBRE,CICLISTA
2025-07-09 19:28:55,-4.012596,-79.192486,Av. 8 de Diciembre,CON_FALLECIDOS,Caida,Exceso de velocidad,76,FALLECIDO,MUJER,MOTOCICLETA,34,FALLECIDO,NO_REGISTRA,PEATON,68,LESIONADO,HOMBRE,MOTOCICLETA
2025-04-30 09:05:28,-4.011072,-79.226762,Av. Gran Colombia,SOLO_DANOS,Choque Vehicular,Factores externos,,,,,,,,,,,,
2025-02-13 08:52:29,-4.005305,-79.191615,Calle Montufar,SOLO_DANOS,Colision Multiple,Exceso de velocidad,,,,,,,,,,,,
2025-02-05 23:51:16,-4.034465,-79.201181,Calle Mercadillo,SOLO_DANOS,Caida,Distraccion (celular/radio),,,,,,,,,,,,
2025-03-17 00:27:35,-4.036674,-79.181831,Calle Imbabura,CON_LESIONADOS,Atropellamiento,Via resbaladiza o mojada,42,LESIONADO,HOMBRE,PEATON,,,,,,,,
2025-05-24 05:01:34,-3.995067,-79.212367,Av. Reinaldo Espinosa,SOLO_DANOS,Incendio,Equipo de seguridad deficiente,,,,,,,,,,,,
2025-05-25 10:51:39,-4.034854,-79.174415,Via Loja - Zamora,SOLO_DANOS,Accidente Laboral,Exceso de velocidad,,,,,,,,,,,,
2025-12-30 14:20:32,-3.981941,-79.180138,Av. Manuel Agustin Aguirre,CON_LESIONADOS,Incendio,Exceso de velocidad,51,LESIONADO,HOMBRE,SCOOTER,,,,,,,,
2025-07-06 22:51:54,-3.995710,-79.225282,Via Loja - Zamora,CON_LESIONADOS,Accidente Laboral,Fatiga del conductor,28,LESIONADO,NO_REGISTRA,OTRO,,,,,,,,
2025-09-22 02:44:47,-4.027877,-79.228588,Calle Sucre,SOLO_DANOS,Incendio,Inobservancia de senales,,,,,,,,,,,,
2025-08-15 19:10:43,-4.030078,-79.225655,Av. Pio Jaramillo,CON_LESIONADOS,Accidente Laboral,Equipo de seguridad deficiente,35,LESIONADO,NO_REGISTRA,MOTOCICLETA,,,,,,,,
2025-05-13 23:50:30,-3.983948,-79.222214,Calle Azogues,CON_LESIONADOS,Choque Vehicular,Visibilidad reducida,64,LESIONADO,MUJER,VEH_LIVIANO,,,,,,,,
2025-04-27 20:57:41,-4.022762,-79.210259,Calle Saraguro,CON_FALLECIDOS,Accidente Laboral,Equipo de seguridad deficiente,55,FALLECIDO,MUJER,PEATON,19,LESIONADO,HOMBRE,OTRO,,,,
2025-01-18 19:30:15,-4.034742,-79.174575,Av. Manuel Agustin Aguirre,CON_FALLECIDOS,Colision Multiple,Estado de embriaguez,46,FALLECIDO,MUJER,MOTOCICLETA,40,FALLECIDO,HOMBRE,OTRO,31,LESIONADO,NO_REGISTRA,PEATON
2025-01-01 22:48:36,-4.027750,-79.171569,Calle Quito,CON_LESIONADOS,Colision Multiple,Visibilidad reducida,64,LESIONADO,MUJER,SCOOTER,,,,,,,,
2025-12-16 22:35:21,-4.023027,-79.173878,Calle Imbabura,CON_LESIONADOS,Atropellamiento,Factores externos,53,LESIONADO,HOMBRE,VEH_LIVIANO,,,,,,,,
2025-10-13 04:11:39,-3.995352,-79.194205,Calle Mercadillo,CON_LESIONADOS,Accidente Laboral,Inobservancia de senales,35,LESIONADO,HOMBRE,PEATON,,,,,,,,
2025-04-04 09:52:32,-4.000016,-79.193738,Calle Sucre,CON_LESIONADOS,Incendio,Exceso de velocidad,46,LESIONADO,NO_REGISTRA,VEH_LIVIANO,20,LESIONADO,HOMBRE,PEATON,,,,
2025-12-22 23:50:23,-4.035083,-79.184707,Calle 18 de Noviembre,SOLO_DANOS,Choque Vehicular,Falla mecanica,,,,,,,,,,,,
2025-04-19 21:51:37,-3.986027,-79.196064,Av. Universitaria,CON_LESIONADOS,Choque Vehicular,Visibilidad reducida,74,LESIONADO,MUJER,PEATON,6,LESIONADO,MUJER,SCOOTER,40,LESIONADO,MUJER,CICLISTA
2025-04-26 07:43:06,-3.977324,-79.188903,Calle Saraguro,SOLO_DANOS,Incendio,Via resbaladiza o mojada,,,,,,,,,,,,
2025-06-28 19:55:40,-4.017366,-79.205614,Av. Manuel Agustin Aguirre,CON_FALLECIDOS,Choque Vehicular,Inobservancia de senales,68,FALLECIDO,HOMBRE,MOTOCICLETA,21,FALLECIDO,MUJER,CICLISTA,72,LESIONADO,MUJER,PEATON
2025-12-30 06:02:14,-3.981580,-79.179548,Via Loja - Catamayo,CON_LESIONADOS,Colision Multiple,Equipo de seguridad deficiente,35,LESIONADO,NO_REGISTRA,SCOOTER,64,LESIONADO,MUJER,OTRO,,,,
2025-10-10 10:00:13,-3.994219,-79.218819,Calle 10 de Agosto,CON_FALLECIDOS,Accidente Laboral,Distraccion (celular/radio),30,FALLECIDO,NO_REGISTRA,MOTOCICLETA,,,,,,,,
2025-08-27 12:08:37,-3.984064,-79.211018,Calle Sucre,CON_FALLECIDOS,Caida,Via resbaladiza o mojada,19,FALLECIDO,MUJER,SCOOTER,42,FALLECIDO,HOMBRE,SCOOTER,,,,
2025-08-06 10:35:41,-4.029738,-79.222164,Calle Montufar,SOLO_DANOS,Incendio,Falla mecanica,,,,,,,,,,,,
2025-03-29 01:59:33,-4.018647,-79.188034,Ruta 35,CON_LESIONADOS,Incendio,Inobservancia de senales,27,LESIONADO,NO_REGISTRA,MOTOCICLETA,10,LESIONADO,HOMBRE,CICLISTA,46,LESIONADO,HOMBRE,SCOOTER
2025-06-08 01:14:22,-4.026851,-79.216956,Av. Universitaria,CON_LESIONADOS,Caida,Exceso de velocidad,8,LESIONADO,HOMBRE,SCOOTER,67,LESIONADO,NO_REGISTRA,SCOOTER,,,,
2025-08-23 21:37:01,-3.987236,-79.229617,Calle Miguel Riofrio,CON_LESIONADOS,Choque Vehicular,Equipo de seguridad deficiente,13,LESIONADO,MUJER,CICLISTA,58,LESIONADO,NO_REGISTRA,SCOOTER,,,,
2025-11-10 18:26:56,-3.979637,-79.203661,Calle Saraguro,CON_LESIONADOS,Choque Vehicular,Mal estado de la via,75,LESIONADO,HOMBRE,CICLISTA,65,LESIONADO,MUJER,CICLISTA,,,,
2025-01-12 00:22:35,-4.019211,-79.192964,Calle Ramon Borrero,CON_FALLECIDOS,Volcamiento,Falla mecanica,18,FALLECIDO,NO_REGISTRA,MOTOCICLETA,60,FALLECIDO,NO_REGISTRA,PEATON,,,,
2025-08-13 20:05:06,-3.989663,-79.192491,Via Loja - Catamayo,SOLO_DANOS,Colision Multiple,Mal estado de la via,,,,,,,,,,,,
2025-05-13 00:49:31,-4.011143,-79.228013,Calle Mercadillo,SOLO_DANOS,Choque Vehicular,Estado de embriaguez,,,,,,,,,,,,
2025-10-05 19:42:48,-4.008627,-79.208466,Calle Quito,CON_FALLECIDOS,Colision Multiple,Estado de embriaguez,74,FALLECIDO,NO_REGISTRA,PEATON,54,LESIONADO,MUJER,PEATON,57,LESIONADO,NO_REGISTRA,MOTOCICLETA
2025-09-27 09:50:00,-4.009818,-79.172453,Calle Bolivar,CON_LESIONADOS,Volcamiento,Factores externos,45,LESIONADO,MUJER,MOTOCICLETA,29,LESIONADO,MUJER,OTRO,,,,
2025-08-24 03:27:18,-4.030376,-79.222539,Av. Isidro Ayora,CON_FALLECIDOS,Atropellamiento,Estado de embriaguez,36,FALLECIDO,NO_REGISTRA,CICLISTA,29,FALLECIDO,MUJER,VEH_LIVIANO,,,,
2025-01-03 22:55:46,-4.032171,-79.176624,Calle Miguel Riofrio,SOLO_DANOS,Incendio,Via resbaladiza o mojada,,,,,,,,,,,,
2025-02-04 13:42:14,-3.991318,-79.173139,Av. Pio Jaramillo,SOLO_DANOS,Caida,Via resbaladiza o mojada,37,LESIONADO,MUJER,VEH_LIVIANO,,,,,,,,
2025-07-24 09:46:37,-3.991176,-79.211788,Calle 18 de Noviembre,SOLO_DANOS,Choque Vehicular,Exceso de velocidad,,,,,,,,,,,,
2025-03-08 12:25:11,-4.001681,-79.216895,Av. Isidro Ayora,CON_FALLECIDOS,Colision Multiple,Visibilidad reducida,24,FALLECIDO,NO_REGISTRA,CICLISTA,79,LESIONADO,MUJER,SCOOTER,75,LESIONADO,HOMBRE,PEATON
2025-11-01 03:13:42,-3.997824,-79.230196,Calle Mercadillo,CON_LESIONADOS,Colision Multiple,Imprudencia del conductor,57,LESIONADO,MUJER,PEATON,5,LESIONADO,NO_REGISTRA,SCOOTER,44,LESIONADO,MUJER,OTRO
2025-03-28 08:27:21,-4.033818,-79.210779,Av. 8 de Diciembre,CON_LESIONADOS,Colision Multiple,Distraccion (celular/radio),32,LESIONADO,HOMBRE,OTRO,,,,,,,,
2025-10-10 23:57:41,-4.022395,-79.178566,Av. Pio Jaramillo,CON_LESIONADOS,Incendio,Via resbaladiza o mojada,46,LESIONADO,NO_REGISTRA,OTRO,,,,,,,,
2025-01-27 21:08:43,-4.018795,-79.187073,Calle Miguel Riofrio,SOLO_DANOS,Volcamiento,Estado de embriaguez,,,,,,,,,,,,
2025-03-14 13:07:03,-4.028682,-79.228430,Calle 10 de Agosto,CON_FALLECIDOS,Caida,Falla mecanica,67,FALLECIDO,MUJER,SCOOTER,38,LESIONADO,HOMBRE,SCOOTER,44,LESIONADO,NO_REGISTRA,OTRO
2025-03-10 23:01:18,-4.003662,-79.196672,Calle Quito,SOLO_DANOS,Incendio,Estado de embriaguez,,,,,,,,,,,,
2025-10-01 04:20:13,-4.016615,-79.221354,Calle Ramon Borrero,SOLO_DANOS,Volcamiento,Imprudencia del conductor,,,,,,,,,,,,
2025-08-02 13:40:04,-4.005012,-79.178855,Av. Manuel Agustin Aguirre,CON_LESIONADOS,Atropellamiento,Exceso de velocidad,49,LESIONADO,MUJER,SCOOTER,43,LESIONADO,NO_REGISTRA,PEATON,36,LESIONADO,MUJER,VEH_LIVIANO
2025-07-31 22:18:12,-4.000284,-79.205793,Calle Bolivar,SOLO_DANOS,Volcamiento,Inobservancia de senales,,,,,,,,,,,,
2025-08-15 23:01:59,-4.015419,-79.191098,Ruta 35,CON_LESIONADOS,Atropellamiento,Equipo de seguridad deficiente,25,LESIONADO,HOMBRE,MOTOCICLETA,57,LESIONADO,HOMBRE,VEH_LIVIANO,,,,
2025-04-01 23:19:23,-4.032430,-79.184741,Calle 18 de Noviembre,CON_FALLECIDOS,Accidente Laboral,Estado de embriaguez,43,FALLECIDO,NO_REGISTRA,PEATON,51,FALLECIDO,HOMBRE,PEATON,,,,
2025-02-25 19:00:00,-3.980234,-79.173204,Av. Orillas del Zamora,CON_FALLECIDOS,Atropellamiento,Fatiga del conductor,69,FALLECIDO,HOMBRE,OTRO,41,FALLECIDO,MUJER,MOTOCICLETA,74,LESIONADO,HOMBRE,MOTOCICLETA
2025-11-19 04:54:51,-4.029458,-79.186741,Via Loja - Zamora,CON_FALLECIDOS,Incendio,Imprudencia del conductor,72,FALLECIDO,HOMBRE,SCOOTER,80,LESIONADO,MUJER,VEH_LIVIANO,,,,