fecha_hora,latitud,longitud,via,grado_severidad,tipo_siniestro,causa_probable,victima1_edad,victima1_condicion,victima1_sexo,victima1_actor_vial,victima2_edad,victima2_condicion,victima2_sexo,victima2_actor_vial,victima3_edad,victima3_condicion,victima3_sexo,victima3_actor_vial
2025-12-10 08:02:26,-3.983506,-79.202750,Av. Reinaldo Espinosa,CON_LESIONADOS,Accidente Laboral,Visibilidad reducida,15,LESIONADO,HOMBRE,OTRO,,,,,,,,
2025-06-20 10:21:45,-4.009616,-79.194093,Av. Reinaldo Espinosa,CON_LESIONADOS,Colision Multiple,Visibilidad reducida,71,LESIONADO,HOMBRE,PEATON,61,LESIONADO,HOMBRE,VEH_LIVIANO,,,,
2025-01-02 14:34:08,-4.027002,-79.200719,Calle Mercadillo,CON_LESIONADOS,Atropellamiento,Visibilidad reducida,67,LESIONADO,NO_REGISTRA,PEATON,10,LESIONADO,NO_REGISTRA,CICLISTA,23,LESIONADO,HOMBRE,MOTOCICLETA
2025-10-26 20:36:41,-4.021222,-79.196859,Calle Imbabura,CON_FALLECIDOS,Volcamiento,Falla mecanica,26,FALLECIDO,MUJER,CICLISTA,,,,,,,,
2025-03-22 18:35:45,-4.005940,-79.230809,Calle Quito,CON_FALLECIDOS,Colision Multiple,Mal estado de la via,81,FALLECIDO,NO_REGISTRA,SCOOTER,21,FALLECIDO,NO_REGISTRA,OTRO,,,,
2025-11-17 00:08:55,-3.987662,-79.201329,Av. Isidro Ayora,CON_LESIONADOS,Atropellamiento,Mal estado de la via,29,LESIONADO,HOMBRE,SCOOTER,44,LESIONADO,MUJER,MOTOCICLETA,,,,
2025-09-17 10:06:07,-3.986542,-79.177718,Calle Montufar,CON_FALLECIDOS,Atropellamiento,Inobservancia de senales,73,FALLECIDO,HOMBRE,SCOOTER,,,,,,,,
2025-10-14 19:22:53,-4.033523,-79.191891,Calle Rocafuerte,SOLO_DANOS,Incendio,Via resbaladiza o mojada,,,,,,,,,,,,
2025-01-14 01:13:46,-4.013884,-79.190355,Calle Montufar,CON_LESIONADOS,Caida,Distraccion (celular/radio),27,LESIONADO,HOMBRE,SCOOTER,,,,,,,,
2025-06-09 05:12:02,-4.021509,-79.223112,Calle Azogues,CON_LESIONADOS,Choque Vehicular,Falla mecanica,52,LESIONADO,MUJER,VEH_LIVIANO,58,LESIONADO,NO_REGISTRA,VEH_LIVIANO,74,LESIONADO,HOMBRE,VEH_LIVIANO
2025-09-02 04:29:35,-3.983582,-79.196306,Calle Montufar,SOLO_DANOS,Accidente Laboral,Distraccion (celular/radio),29,LESIONADO,NO_REGISTRA,PEATON,,,,,,,,
2025-03-17 18:59:37,-4.015556,-79.197738,Av. Isidro Ayora,CON_LESIONADOS,Caida,Exceso de velocidad,78,LESIONADO,NO_REGISTRA,MOTOCICLETA,12,LESIONADO,HOMBRE,VEH_LIVIANO,77,LESIONADO,MUJER,MOTOCICLETA
2025-06-25 10:04:53,-3.996782,-79.200420,Av. Orillas del Zamora,CON_FALLECIDOS,Caida,Via resbaladiza o mojada,71,FALLECIDO,HOMBRE,SCOOTER,,,,,,,,
2025-04-13 05:01:13,-4.031142,-79.195686,Ruta 35,CON_LESIONADOS,Caida,Estado de embriaguez,41,LESIONADO,HOMBRE,PEATON,,,,,,,,
2025-07-14 00:14:39,-3.981034,-79.219858,Calle Imbabura,CON_LESIONADOS,Incendio,Inobservancia de senales,73,LESIONADO,HOMBRE,PEATON,,,,,,,,
2025-03-20 04:21:24,-4.005547,-79.229081,Av. Gran Colombia,CON_FALLECIDOS,Caida,Estado de embriaguez,39,FALLECIDO,NO_REGISTRA,MOTOCICLETA,69,LESIONADO,MUJER,SCOOTER,51,LESIONADO,MUJER,MOTOCICLETA
2025-10-09 02:59:24,-4.022710,-79.225236,Av. Manuel Agustin Aguirre,CON_LESIONADOS,Caida,Mal estado de la via,11,LESIONADO,HOMBRE,MOTOCICLETA,,,,,,,,
2025-10-31 19:19:27,-3.982362,-79.225169,Via Loja - Zamora,CON_LESIONADOS,Caida,Equipo de seguridad deficiente,28,LESIONADO,NO_REGISTRA,CICLISTA,,,,,,,,
2025-06-13 23:19:30,-4.019738,-79.210445,Calle Montufar,CON_LESIONADOS,Accidente Laboral,Falla mecanica,71,LESIONADO,HOMBRE,OTRO,40,LESIONADO,MUJER,PEATON,8,LESIONADO,NO_REGISTRA,CICLISTA
2025-01-16 03:25:45,-3.988204,-79.182729,Av. Reinaldo Espinosa,SOLO_DANOS,Volcamiento,Imprudencia del conductor,,,,,,,,,,,,
2025-09-04 03:27:26,-4.033815,-79.186343,Calle Miguel Riofrio,CON_LESIONADOS,Incendio,Fatiga del conductor,70,LESIONADO,NO_REGISTRA,OTRO,8,LESIONADO,NO_REGISTRA,CICLISTA,26,LESIONADO,HOMBRE,PEATON
2025-10-18 01:03:23,-3.993661,-79.222306,Av. Cuxibamba,SOLO_DANOS,Volcamiento,Falla mecanica,,,,,,,,,,,,
2025-02-18 19:23:23,-3.989837,-79.212091,Av. Orillas del Zamora,CON_LESIONADOS,Choque Vehicular,Inobservancia de senales,39,LESIONADO,HOMBRE,CICLISTA,18,LESIONADO,NO_REGISTRA,PEATON,77,LESIONADO,NO_REGISTRA,MOTOCICLETA
2025-02-18 04:44:27,-3.982257,-79.208242,Calle Montufar,CON_LESIONADOS,Volcamiento,Distraccion (celular/radio),23,LESIONADO,NO_REGISTRA,MOTOCICLETA,9,LESIONADO,HOMBRE,CICLISTA,23,LESIONADO,HOMBRE,MOTOCICLETA
2025-04-22 00:22:04,-3.983818,-79.219111,Av. Pio Jaramillo,CON_LESIONADOS,Accidente Laboral,Equipo de seguridad deficiente,44,LESIONADO,NO_REGISTRA,SCOOTER,,,,,,,,
2025-12-19 11:47:52,-3.988794,-79.218519,Via Loja - Zamora,CON_FALLECIDOS,Volcamiento,Fatiga del conductor,72,FALLECIDO,NO_REGISTRA,VEH_LIVIANO,49,FALLECIDO,MUJER,VEH_LIVIANO,55,LESIONADO,NO_REGISTRA,CICLISTA
2025-09-16 19:52:16,-4.016799,-79.226834,Calle Colon,SOLO_DANOS,Colision Multiple,Mal estado de la via,,,,,,,,,,,,
2025-06-24 12:31:18,-3.992886,-79.223769,Via Loja - Zamora,CON_LESIONADOS,Atropellamiento,Via resbaladiza o mojada,33,LESIONADO,MUJER,MOTOCICLETA,20,LESIONADO,NO_REGISTRA,CICLISTA,,,,
2025-06-22 04:13:58,-4.015881,-79.214819,Av. Metropolitana,CON_FALLECIDOS,Colision Multiple,Fatiga del conductor,21,FALLECIDO,HOMBRE,PEATON,58,FALLECIDO,HOMBRE,SCOOTER,69,LESIONADO,HOMBRE,OTRO
2025-07-23 18:50:54,-3.977344,-79.199795,Av. Orillas del Zamora,SOLO_DANOS,Accidente Laboral,Factores externos,,,,,,,,,,,,
2025-04-13 23:09:56,-3.999618,-79.190800,Av. Gran Colombia,SOLO_DANOS,Atropellamiento,Exceso de velocidad,,,,,,,,,,,,
2025-06-07 08:16:16,-4.027408,-79.190130,Calle Sucre,CON_LESIONADOS,Caida,Exceso de velocidad,39,LESIONADO,NO_REGISTRA,VEH_LIVIANO,6,LESIONADO,NO_REGISTRA,MOTOCICLETA,,,,
2025-07-14 17:19:15,-4.003242,-79.205294,Calle Bolivar,CON_LESIONADOS,Atropellamiento,Inobservancia de senales,47,LESIONADO,HOMBRE,MOTOCICLETA,62,LESIONADO,MUJER,PEATON,43,LESIONADO,MUJER,CICLISTA
2025-11-12 20:18:22,-3.980945,-79.216594,Calle Rocafuerte,SOLO_DANOS,Incendio,Mal estado de la via,,,,,,,,,,,,
2025-06-22 19:03:40,-3.987575,-79.191722,Calle Ramon Borrero,CON_FALLECIDOS,Caida,Via resbaladiza o mojada,80,FALLECIDO,MUJER,MOTOCICLETA,79,FALLECIDO,MUJER,VEH_LIVIANO,,,,
2025-04-30 12:08:07,-4.017464,-79.218035,Via Loja - Catamayo,CON_FALLECIDOS,Caida,Via resbaladiza o mojada,20,FALLECIDO,NO_REGISTRA,OTRO,15,LESIONADO,MUJER,VEH_LIVIANO,43,LESIONADO,HOMBRE,OTRO
2025-10-27 22:47:13,-4.032320,-79.190014,Calle Ramon Borrero,CON_LESIONADOS,Choque Vehicular,Inobservancia de senales,41,LESIONADO,HOMBRE,OTRO,26,LESIONADO,NO_REGISTRA,CICLISTA,52,LESIONADO,HOMBRE,VEH_LIVIANO
2025-04-11 23:34:08,-3.995428,-79.206023,Calle 10 de Agosto,CON_FALLECIDOS,Incendio,Equipo de seguridad deficiente,82,FALLECIDO,HOMBRE,OTRO,43,LESIONADO,MUJER,SCOOTER,36,LESIONADO,NO_REGISTRA,PEATON
2025-07-30 02:25:42,-4.027211,-79.227705,Via Loja - Catamayo,SOLO_DANOS,Incendio,Via resbaladiza o mojada,,,,,,,,,,,,
2025-10-13 15:19:59,-4.036917,-79.188422,Calle Colon,CON_LESIONADOS,Atropellamiento,Via resbaladiza o mojada,71,LESIONADO,HOMBRE,MOTOCICLETA,20,LESIONADO,MUJER,PEATON,,,,
2025-12-14 10:08:34,-4.024153,-79.198266,Calle Imbabura,SOLO_DANOS,Colision Multiple,Inobservancia de senales,,,,,,,,,,,,
2025-07-14 22:55:48,-4.027164,-79.205891,Calle Azogues,SOLO_DANOS,Colision Multiple,Imprudencia del conductor,,,,,,,,,,,,
2025-08-11 15:43:16,-4.004543,-79.174312,Calle Sucre,CON_FALLECIDOS,Caida,Factores externos,72,FALLECIDO,NO_REGISTRA,MOTOCICLETA,28,FALLECIDO,HOMBRE,VEH_LIVIANO,,,,
2025-10-24 20:47:11,-4.026316,-79.228143,Av. Isidro Ayora,CON_LESIONADOS,Volcamiento,Imprudencia del conductor,61,LESIONADO,NO_REGISTRA,CICLISTA,60,LESIONADO,NO_REGISTRA,VEH_LIVIANO,,,,
2025-11-27 16:49:08,-4.009451,-79.209174,Calle Mercadillo,CON_LESIONADOS,Atropellamiento,Mal estado de la via,51,LESIONADO,MUJER,CICLISTA,45,LESIONADO,NO_REGISTRA,OTRO,7,LESIONADO,HOMBRE,PEATON
2025-10-08 08:43:27,-3.991721,-79.227241,Calle 18 de Noviembre,CON_FALLECIDOS,Volcamiento,Distraccion (celular/radio),46,FALLECIDO,NO_REGISTRA,CICLISTA,79,FALLECIDO,HOMBRE,OTRO,56,LESIONADO,HOMBRE,PEATON
2025-05-07 22:39:12,-3.990503,-79.202888,Av. Gran Colombia,CON_LESIONADOS,Incendio,Exceso de velocidad,55,LESIONADO,MUJER,MOTOCICLETA,,,,,,,,
2025-04-11 22:33:23,-4.027935,-79.219722,Calle Quito,CON_FALLECIDOS,Colision Multiple,Falla mecanica,36,FALLECIDO,MUJER,MOTOCICLETA,31,LESIONADO,NO_REGISTRA,MOTOCICLETA,,,,
2025-08-02 10:49:29,-4.022541,-79.208876,Av. Metropolitana,CON_FALLECIDOS,Caida,Equipo de seguridad deficiente,24,FALLECIDO,MUJER,MOTOCICLETA,40,LESIONADO,HOMBRE,MOTOCICLETA,44,LESIONADO,HOMBRE,SCOOTER
2025-08-11 05:55:53,-4.019184,-79.197108,Av. Universitaria,CON_LESIONADOS,Atropellamiento,Estado de embriaguez,71,LESIONADO,HOMBRE,CICLISTA,14,LESIONADO,HOMBRE,MOTOCICLETA,,,,
2025-04-23 22:11:57,-4.024284,-79.172443,Calle Montufar,CON_FALLECIDOS,Accidente Laboral,Visibilidad reducida,73,FALLECIDO,NO_REGISTRA,PEATON,75,FALLECIDO,MUJER,PEATON,33,LESIONADO,MUJER,SCOOTER
2025-10-24 04:30:38,-4.032108,-79.213965,Av. Metropolitana,SOLO_DANOS,Atropellamiento,Exceso de velocidad,,,,,,,,,,,,
2025-08-27 17:58:46,-3.983484,-79.173575,Calle 18 de Noviembre,CON_FALLECIDOS,Caida,Visibilidad reducida,75,FALLECIDO,MUJER,CICLISTA,59,FALLECIDO,NO_REGISTRA,CICLISTA,64,LESIONADO,NO_REGISTRA,CICLISTA
2025-11-11 14:17:22,-4.001388,-79.172591,Av. 8 de Diciembre,SOLO_DANOS,Accidente Laboral,Equipo de seguridad deficiente,,,,,,,,,,,,
2025-12-19 05:56:22,-4.035135,-79.203342,Calle Mercadillo,SOLO_DANOS,Incendio,Mal estado de la via,,,,,,,,,,,,
2025-02-21 21:22:55,-4.016328,-79.205562,Via Loja - Catamayo,CON_LESIONADOS,Atropellamiento,Visibilidad reducida,61,LESIONADO,NO_REGISTRA,MOTOCICLETA,,,,,,,,
2025-04-24 07:22:02,-4.010641,-79.195804,Calle Bolivar,CON_FALLECIDOS,Atropellamiento,Inobservancia de senales,72,FALLECIDO,NO_REGISTRA,CICLISTA,26,FALLECIDO,MUJER,SCOOTER,70,LESIONADO,MUJER,CICLISTA
2025-12-03 18:43:02,-3.992705,-79.186010,Av. Orillas del Zamora,CON_FALLECIDOS,Incendio,Equipo de seguridad deficiente,56,FALLECIDO,NO_REGISTRA,MOTOCICLETA,48,FALLECIDO,NO_REGISTRA,OTRO,9,LESIONADO,HOMBRE,SCOOTER
2025-02-03 09:39:58,-3.981088,-79.230296,Calle Sucre,SOLO_DANOS,Choque Vehicular,Equipo de seguridad deficiente,,,,,,,,,,,,
2025-05-24 19:22:45,-4.015629,-79.174786,Calle Azogues,SOLO_DANOS,Choque Vehicular,Mal estado de la via,,,,,,,,,,,,
2025-08-09 00:10:28,-4.012567,-79.223865,Calle Miguel Riofrio,CON_FALLECIDOS,Volcamiento,Imprudencia del conductor,48,FALLECIDO,HOMBRE,OTRO,76,FALLECIDO,NO_REGISTRA,MOTOCICLETA,65,LESIONADO,MUJER,SCOOTER
2025-06-03 12:57:51,-3.977946,-79.215274,Calle Montufar,SOLO_DANOS,Colision Multiple,Via resbaladiza o mojada,,,,,,,,,,,,
2025-04-28 16:18:03,-4.009335,-79.175535,Av. Orillas del Zamora,CON_LESIONADOS,Colision Multiple,Fatiga del conductor,76,LESIONADO,HOMBRE,CICLISTA,46,LESIONADO,NO_REGISTRA,OTRO,13,LESIONADO,MUJER,OTRO
2025-11-19 06:03:46,-4.036026,-79.177531,Via Loja - Zamora,CON_FALLECIDOS,Colision Multiple,Imprudencia del conductor,50,FALLECIDO,HOMBRE,VEH_LIVIANO,72,FALLECIDO,NO_REGISTRA,SCOOTER,,,,
2025-12-04 09:51:03,-4.016911,-79.188385,Calle 10 de Agosto,CON_FALLECIDOS,Atropellamiento,Distraccion (celular/radio),29,FALLECIDO,MUJER,MOTOCICLETA,49,LESIONADO,MUJER,PEATON,42,LESIONADO,NO_REGISTRA,OTRO
2025-01-02 13:58:22,-3.980596,-79.219884,Av. Isidro Ayora,CON_FALLECIDOS,Atropellamiento,Falla mecanica,28,FALLECIDO,MUJER,MOTOCICLETA,71,FALLECIDO,MUJER,OTRO,34,LESIONADO,HOMBRE,CICLISTA
2025-01-12 11:03:42,-3.993050,-79.229027,Ruta 35,SOLO_DANOS,Caida,Estado de embriaguez,64,LESIONADO,NO_REGISTRA,SCOOTER,,,,,,,,
2025-05-15 16:54:31,-4.030351,-79.194345,Av. Rosa Hermosa,SOLO_DANOS,Atropellamiento,Estado de embriaguez,,,,,,,,,,,,
2025-03-28 19:49:22,-4.001452,-79.204840,Av. Isidro Ayora,CON_FALLECIDOS,Accidente Laboral,Visibilidad reducida,41,FALLECIDO,MUJER,OTRO,6,LESIONADO,NO_REGISTRA,OTRO,,,,
2025-05-30 06:17:22,-4.009589,-79.209172,Av. Reinaldo Espinosa,CON_FALLECIDOS,Choque Vehicular,Falla mecanica,81,FALLECIDO,NO_REGISTRA,SCOOTER,83,FALLECIDO,MUJER,PEATON,,,,
2025-04-15 04:04:21,-3.982707,-79.189154,Av. Metropolitana,SOLO_DANOS,Accidente Laboral,Falla mecanica,,,,,,,,,,,,
2025-07-24 04:26:12,-4.005638,-79.190222,Av. 8 de Diciembre,CON_FALLECIDOS,Colision Multiple,Fatiga del conductor,28,FALLECIDO,HOMBRE,OTRO,48,FALLECIDO,NO_REGISTRA,VEH_LIVIANO,14,LESIONADO,MUJER,CICLISTA
2025-12-03 09:28:47,-3.979676,-79.175342,Calle 18 de Noviembre,CON_LESIONADOS,Volcamiento,Fatiga del conductor,47,LESIONADO,MUJER,OTRO,41,LESIONADO,HOMBRE,SCOOTER,10,LESIONADO,HOMBRE,OTRO
2025-03-16 16:32:02,-4.028717,-79.183489,Av. Pio Jaramillo,CON_FALLECIDOS,Caida,Factores externos,58,FALLECIDO,NO_REGISTRA,OTRO,44,FALLECIDO,MUJER,MOTOCICLETA,,,,
2025-05-11 15:45:59,-3.996024,-79.180592,Via Loja - Catamayo,SOLO_DANOS,Atropellamiento,Falla mecanica,,,,,,,,,,,,
2025-08-03 23:23:35,-3.999393,-79.219393,Av. Rosa Hermosa,CON_LESIONADOS,Volcamiento,Distraccion (celular/radio),21,LESIONADO,NO_REGISTRA,OTRO,43,LESIONADO,NO_REGISTRA,OTRO,11,LESIONADO,HOMBRE,CICLISTA
2025-01-10 06:00:10,-3.980846,-79.175670,Calle Saraguro,CON_LESIONADOS,Incendio,Visibilidad reducida,9,LESIONADO,MUJER,VEH_LIVIANO,,,,,,,,
2025-05-05 05:54:49,-3.999751,-79.179997,Av. Reinaldo Espinosa,SOLO_DANOS,Choque Vehicular,Exceso de velocidad,52,LESIONADO,MUJER,SCOOTER,,,,,,,,
2025-08-23 16:51:26,-3.978234,-79.187308,Calle Colon,CON_LESIONADOS,Accidente Laboral,Falla mecanica,27,LESIONADO,MUJER,SCOOTER,34,LESIONADO,MUJER,PEATON,,,,
2025-01-03 08:42:21,-4.013832,-79.193782,Calle Imbabura,CON_FALLECIDOS,Choque Vehicular,Factores externos,45,FALLECIDO,MUJER,SCOOTER,44,FALLECIDO,MUJER,CICLISTA,31,LESIONADO,NO_REGISTRA,OTRO
2025-08-03 04:07:06,-4.013004,-79.193222,Calle Quito,CON_FALLECIDOS,Incendio,Visibilidad reducida,74,FALLECIDO,HOMBRE,VEH_LIVIANO,18,LESIONADO,HOMBRE,OTRO,,,,
2025-10-21 00:24:20,-4.036582,-79.205903,Av. Cuxibamba,CON_FALLECIDOS,Caida,Distraccion (celular/radio),55,FALLECIDO,HOMBRE,VEH_LIVIANO,22,LESIONADO,HOMBRE,OTRO,,,,
2025-05-17 16:33:39,-3.977307,-79.209076,Ruta 35,CON_LESIONADOS,Caida,Mal estado de la via,79,LESIONADO,NO_REGISTRA,OTRO,51,LESIONADO,NO_REGISTRA,MOTOCICLETA,61,LESIONADO,MUJER,VEH_LIVIANO
2025-10-07 10:46:34,-4.028101,-79.182637,Av. Gran Colombia,CON_LESIONADOS,Volcamiento,Estado de embriaguez,77,LESIONADO,HOMBRE,SCOOTER,,,,,,,,
2025-01-04 18:25:25,-4.009470,-79.188760,Av. 8 de Diciembre,CON_FALLECIDOS,Choque Vehicular,Imprudencia del conductor,19,FALLECIDO,NO_REGISTRA,PEATON,55,FALLECIDO,HOMBRE,PEATON,,,,
2025-05-16 00:26:07,-3.988439,-79.191629,Av. Metropolitana,CON_LESIONADOS,Atropellamiento,Exceso de velocidad,37,LESIONADO,MUJER,OTRO,,,,,,,,
2025-08-24 14:44:51,-3.990055,-79.197315,Av. Isidro Ayora,CON_LESIONADOS,Caida,Visibilidad reducida,43,LESIONADO,HOMBRE,VEH_LIVIANO,51,LESIONADO,HOMBRE,MOTOCICLETA,49,LESIONADO,NO_REGISTRA,VEH_LIVIANO
2025-02-01 06:01:15,-4.004939,-79.186887,Av. 8 de Diciembre,CON_LESIONADOS,Colision Multiple,Imprudencia del conductor,28,LESIONADO,NO_REGISTRA,MOTOCICLETA,71,LESIONADO,HOMBRE,SCOOTER,,,,
2025-09-26 01:31:33,-4.035899,-79.175883,Av. Gran Colombia,CON_LESIONADOS,Choque Vehicular,Mal estado de la via,47,LESIONADO,NO_REGISTRA,VEH_LIVIANO,,,,,,,,
2025-12-21 23:27:00,-3.991323,-79.207949,Av. 8 de Diciembre,CON_LESIONADOS,Incendio,Inobservancia de senales,64,LESIONADO,HOMBRE,MOTOCICLETA,28,LESIONADO,MUJER,VEH_LIVIANO,,,,
2025-02-01 17:09:39,-4.016924,-79.226192,Ruta 35,CON_FALLECIDOS,Choque Vehicular,Equipo de seguridad deficiente,77,FALLECIDO,MUJER,MOTOCICLETA,63,FALLECIDO,NO_REGISTRA,PEATON,,,,
2025-01-31 15:10:26,-4.003611,-79.180329,Calle Bolivar,CON_LESIONADOS,Caida,Equipo de seguridad deficiente,37,LESIONADO,NO_REGISTRA,MOTOCICLETA,61,LESIONADO,MUJER,VEH_LIVIANO,,,,
2025-04-29 15:17:29,-4.027037,-79.211822,Av. Pio Jaramillo,SOLO_DANOS,Incendio,Mal estado de la via,,,,,,,,,,,,
2025-11-09 16:47:26,-4.027152,-79.229448,Av. Gran Colombia,SOLO_DANOS,Accidente Laboral,Equipo de seguridad deficiente,,,,,,,,,,,,
2025-09-30 23:10:07,-4.022807,-79.196047,Av. Cuxibamba,SOLO_DANOS,Volcamiento,Inobservancia de senales,,,,,,,,,,,,
2025-07-31 08:20:11,-4.016192,-79.186186,Av. Reinaldo Espinosa,SOLO_DANOS,Accidente Laboral,Distraccion (celular/radio),,,,,,,,,,,,
2025-11-24 04:06:48,-3.978089,-79.219330,Calle 18 de Noviembre,CON_FALLECIDOS,Atropellamiento,Estado de embriaguez,41,FALLECIDO,MUJER,MOTOCICLETA,66,FALLECIDO,MUJER,PEATON,10,LESIONADO,HOMBRE,VEH_LIVIANO
2025-09-29 21:04:48,-3.993961,-79.182755,Calle Rocafuerte,SOLO_DANOS,Caida,Fatiga del conductor,,,,,,,,,,,,
2025-08-20 09:59:15,-4.014665,-79.191424,Calle Imbabura,CON_FALLECIDOS,Colision Multiple,Equipo de seguridad deficiente,70,FALLECIDO,MUJER,VEH_LIVIANO,68,FALLECIDO,NO_REGISTRA,CICLISTA,29,LESIONADO,NO_REGISTRA,MOTOCICLETA
2025-08-30 23:49:34,-4.017746,-79.198071,Av. Metropolitana,SOLO_DANOS,Choque Vehicular,Visibilidad reducida,,,,,,,,,,,,
2025-11-11 19:50:03,-4.007780,-79.180627,Av. Orillas del Zamora,SOLO_DANOS,Caida,Distraccion (celular/radio),,,,,,,,,,,,
2025-11-17 22:56:32,-4.015301,-79.230105,Av. Cuxibamba,CON_FALLECIDOS,Incendio,Visibilidad reducida,30,FALLECIDO,NO_REGISTRA,MOTOCICLETA,29,LESIONADO,MUJER,SCOOTER,,,,
2025-04-07 13:08:11,-4.021628,-79.224712,Calle 18 de Noviembre,CON_LESIONADOS,Atropellamiento,Factores externos,70,LESIONADO,MUJER,MOTOCICLETA,,,,,,,,
2025-06-15 16:32:24,-4.036474,-79.173651,Via Loja - Zamora,SOLO_DANOS,Incendio,Factores externos,,,,,,,,,,,,
2025-03-12 07:38:33,-4.034290,-79.186494,Av. 8 de Diciembre,CON_FALLECIDOS,Choque Vehicular,Estado de embriaguez,58,FALLECIDO,NO_REGISTRA,MOTOCICLETA,53,FALLECIDO,MUJER,CICLISTA,80,LESIONADO,NO_REGISTRA,PEATON
2025-05-17 08:22:40,-4.020767,-79.185198,Calle Bolivar,SOLO_DANOS,Accidente Laboral,Visibilidad reducida,,,,,,,,,,,,
2025-10-07 06:40:19,-4.030224,-79.185189,Calle Quito,CON_FALLECIDOS,Accidente Laboral,Via resbaladiza o mojada,22,FALLECIDO,NO_REGISTRA,MOTOCICLETA,82,FALLECIDO,NO_REGISTRA,SCOOTER,32,LESIONADO,NO_REGISTRA,CICLISTA
2025-04-10 10:38:32,-3.998382,-79.187984,Calle Imbabura,CON_LESIONADOS,Atropellamiento,Exceso de velocidad,45,LESIONADO,HOMBRE,PEATON,,,,,,,,
2025-08-22 23:18:39,-4.013183,-79.226968,Av. Pio Jaramillo,SOLO_DANOS,Volcamiento,Imprudencia del conductor,,,,,,,,,,,,
2025-11-22 10:20:31,-4.028153,-79.192921,Ruta 35,SOLO_DANOS,Incendio,Distraccion (celular/radio),,,,,,,,,,,,
2025-08-06 18:30:32,-4.007895,-79.212984,Ruta 35,CON_LESIONADOS,Accidente Laboral,Estado de embriaguez,64,LESIONADO,HOMBRE,MOTOCICLETA,56,LESIONADO,HOMBRE,OTRO,79,LESIONADO,HOMBRE,OTRO
2025-07-19 19:53:57,-3.983934,-79.220387,Calle 10 de Agosto,CON_LESIONADOS,Colision Multiple,Distraccion (celular/radio),40,LESIONADO,HOMBRE,CICLISTA,,,,,,,,
2025-01-04 22:02:29,-3.979705,-79.217113,Calle Quito,CON_FALLECIDOS,Volcamiento,Distraccion (celular/radio),80,FALLECIDO,HOMBRE,PEATON,15,LESIONADO,MUJER,CICLISTA,,,,
2025-09-29 20:36:50,-4.035289,-79.220628,Av. Orillas del Zamora,CON_FALLECIDOS,Incendio,Mal estado de la via,44,FALLECIDO,NO_REGISTRA,SCOOTER,36,LESIONADO,MUJER,SCOOTER,28,LESIONADO,NO_REGISTRA,CICLISTA
2025-01-06 01:56:15,-4.014550,-79.189550,Calle Bolivar,CON_FALLECIDOS,Caida,Inobservancia de senales,26,FALLECIDO,MUJER,VEH_LIVIANO,30,LESIONADO,HOMBRE,VEH_LIVIANO,76,LESIONADO,MUJER,PEATON
2025-05-11 01:21:35,-3.992854,-79.176433,Av. Gran Colombia,CON_LESIONADOS,Volcamiento,Exceso de velocidad,27,LESIONADO,NO_REGISTRA,CICLISTA,13,LESIONADO,HOMBRE,VEH_LIVIANO,,,,
2025-01-27 03:32:34,-4.011378,-79.177395,Av. Universitaria,CON_LESIONADOS,Caida,Exceso de velocidad,36,LESIONADO,NO_REGISTRA,OTRO,,,,,,,,
2025-08-16 14:28:51,-4.031846,-79.188639,Calle 18 de Noviembre,CON_FALLECIDOS,Choque Vehicular,Via resbaladiza o mojada,50,FALLECIDO,HOMBRE,PEATON,67,LESIONADO,MUJER,VEH_LIVIANO,,,,
2025-07-11 12:39:32,-4.002313,-79.202708,Calle Montufar,CON_LESIONADOS,Atropellamiento,Imprudencia del conductor,7,LESIONADO,NO_REGISTRA,CICLISTA,,,,,,,,
2025-11-14 22:50:59,-4.011779,-79.184258,Av. Cuxibamba,SOLO_DANOS,Colision Multiple,Mal estado de la via,,,,,,,,,,,,
2025-01-11 15:31:34,-4.008699,-79.179448,Calle Ramon Borrero,SOLO_DANOS,Incendio,Exceso de velocidad,,,,,,,,,,,,
2025-10-08 12:15:35,-3.984514,-79.185219,Calle Quito,SOLO_DANOS,Colision Multiple,Fatiga del conductor,,,,,,,,,,,,
2025-12-14 12:09:25,-4.027338,-79.174421,Calle Quito,SOLO_DANOS,Caida,Mal estado de la via,,,,,,,,,,,,
2025-10-11 21:07:36,-4.013347,-79.198832,Av. Pio Jaramillo,CON_FALLECIDOS,Choque Vehicular,Falla mecanica,23,FALLECIDO,HOMBRE,VEH_LIVIANO,80,LESIONADO,NO_REGISTRA,OTRO,13,LESIONADO,MUJER,SCOOTER
2025-05-12 21:34:03,-4.017450,-79.216421,Av. Metropolitana,CON_LESIONADOS,Colision Multiple,Estado de embriaguez,71,LESIONADO,HOMBRE,OTRO,45,LESIONADO,MUJER,PEATON,43,LESIONADO,MUJER,OTRO
2025-02-21 18:07:32,-4.002003,-79.223516,Av. Universitaria,CON_FALLECIDOS,Incendio,Exceso de velocidad,45,FALLECIDO,HOMBRE,MOTOCICLETA,24,LESIONADO,MUJER,CICLISTA,,,,
2025-01-08 18:12:56,-3.979574,-79.223062,Calle Ramon Borrero,CON_LESIONADOS,Caida,Visibilidad reducida,61,LESIONADO,MUJER,CICLISTA,55,LESIONADO,HOMBRE,OTRO,22,LESIONADO,NO_REGISTRA,OTRO