fecha_hora,latitud,longitud,via,grado_severidad,tipo_siniestro,causa_probable,victima1_edad,victima1_condicion,victima1_sexo,victima1_actor_vial,victima2_edad,victima2_condicion,victima2_sexo,victima2_actor_vial,victima3_edad,victima3_condicion,victima3_sexo,victima3_actor_vial
2025-09-25 14:01:48,-3.988752,-79.204154,Calle Azogues,CON_LESIONADOS,Atropellamiento,Estado de embriaguez,41,LESIONADO,HOMBRE,SCOOTER,,,,,,,,
2025-09-16 12:14:06,-3.993238,-79.216986,Av. Universitaria,CON_LESIONADOS,Colision Multiple,Estado de embriaguez,29,LESIONADO,NO_REGISTRA,CICLISTA,,,,,,,,
2025-04-18 20:05:18,-4.004831,-79.185537,Calle 10 de Agosto,SOLO_DANOS,Colision Multiple,Fatiga del conductor,,,,,,,,,,,,
2025-11-23 07:14:50,-4.002448,-79.201499,Av. Orillas del Zamora,SOLO_DANOS,Colision Multiple,Fatiga del conductor,,,,,,,,,,,,
2025-03-06 11:05:23,-3.996946,-79.216609,Calle Montufar,CON_LESIONADOS,Accidente Laboral,Imprudencia del conductor,11,LESIONADO,HOMBRE,CICLISTA,77,LESIONADO,NO_REGISTRA,MOTOCICLETA,44,LESIONADO,MUJER,CICLISTA
2025-09-02 21:53:50,-3.994218,-79.218056,Calle Colon,SOLO_DANOS,Colision Multiple,Estado de embriaguez,,,,,,,,,,,,
2025-09-23 09:03:10,-4.007761,-79.204892,Calle Rocafuerte,CON_LESIONADOS,Atropellamiento,Equipo de seguridad deficiente,53,LESIONADO,MUJER,PEATON,50,LESIONADO,HOMBRE,OTRO,,,,
2025-06-25 21:03:40,-4.033921,-79.189105,Calle Colon,CON_FALLECIDOS,Atropellamiento,Via resbaladiza o mojada,30,FALLECIDO,NO_REGISTRA,CICLISTA,24,FALLECIDO,NO_REGISTRA,PEATON,36,LESIONADO,NO_REGISTRA,CICLISTA
2025-06-16 10:57:51,-3.986358,-79.211555,Calle 18 de Noviembre,CON_FALLECIDOS,Atropellamiento,Factores externos,44,FALLECIDO,MUJER,VEH_LIVIANO,,,,,,,,
2025-10-21 12:10:55,-3.986651,-79.181604,Av. Pio Jaramillo,CON_LESIONADOS,Choque Vehicular,Imprudencia del conductor,21,LESIONADO,MUJER,VEH_LIVIANO,37,LESIONADO,MUJER,SCOOTER,31,LESIONADO,MUJER,VEH_LIVIANO
2025-07-30 13:17:15,-3.979621,-79.184939,Av. Orillas del Zamora,CON_FALLECIDOS,Volcamiento,Imprudencia del conductor,40,FALLECIDO,MUJER,MOTOCICLETA,48,LESIONADO,HOMBRE,MOTOCICLETA,,,,
2025-06-22 02:48:24,-3.998309,-79.199076,Av. 8 de Diciembre,CON_FALLECIDOS,Incendio,Imprudencia del conductor,33,FALLECIDO,NO_REGISTRA,VEH_LIVIANO,28,FALLECIDO,MUJER,OTRO,15,LESIONADO,MUJER,OTRO
2025-10-30 10:23:49,-3.995732,-79.174718,Av. Rosa Hermosa,SOLO_DANOS,Caida,Visibilidad reducida,,,,,,,,,,,,
2025-04-08 12:08:20,-3.984404,-79.212944,Av. Cuxibamba,CON_FALLECIDOS,Incendio,Inobservancia de senales,52,FALLECIDO,HOMBRE,OTRO,26,LESIONADO,HOMBRE,OTRO,,,,
2025-01-20 23:11:54,-3.984101,-79.192641,Calle Saraguro,CON_LESIONADOS,Volcamiento,Visibilidad reducida,15,LESIONADO,MUJER,MOTOCICLETA,,,,,,,,
2025-07-11 23:04:33,-3.987382,-79.220142,Calle Saraguro,SOLO_DANOS,Incendio,Falla mecanica,,,,,,,,,,,,
2025-10-13 10:27:25,-4.022927,-79.174787,Calle Mercadillo,CON_FALLECIDOS,Volcamiento,Equipo de seguridad deficiente,76,FALLECIDO,MUJER,MOTOCICLETA,70,LESIONADO,HOMBRE,VEH_LIVIANO,45,LESIONADO,NO_REGISTRA,PEATON
2025-06-28 09:15:08,-4.035910,-79.213235,Calle Sucre,SOLO_DANOS,Incendio,Via resbaladiza o mojada,73,LESIONADO,MUJER,MOTOCICLETA,,,,,,,,
2025-11-29 01:46:22,-4.003251,-79.172128,Calle Quito,SOLO_DANOS,Caida,Mal estado de la via,,,,,,,,,,,,
2025-11-24 15:04:44,-3.988579,-79.204768,Av. Metropolitana,CON_FALLECIDOS,Caida,Inobservancia de senales,55,FALLECIDO,HOMBRE,MOTOCICLETA,37,FALLECIDO,MUJER,CICLISTA,10,LESIONADO,MUJER,SCOOTER
2025-12-03 13:22:30,-3.996752,-79.182224,Calle Montufar,CON_LESIONADOS,Incendio,Fatiga del conductor,40,LESIONADO,NO_REGISTRA,OTRO,28,LESIONADO,NO_REGISTRA,OTRO,20,LESIONADO,MUJER,OTRO
2025-01-17 09:49:31,-3.977941,-79.184445,Av. Gran Colombia,CON_LESIONADOS,Colision Multiple,Falla mecanica,64,LESIONADO,MUJER,PEATON,37,LESIONADO,MUJER,SCOOTER,6,LESIONADO,NO_REGISTRA,SCOOTER
2025-03-01 16:10:51,-3.988145,-79.214943,Calle Montufar,CON_LESIONADOS,Colision Multiple,Estado de embriaguez,22,LESIONADO,HOMBRE,OTRO,17,LESIONADO,MUJER,CICLISTA,45,LESIONADO,MUJER,VEH_LIVIANO
2025-08-10 16:38:00,-3.999885,-79.180213,Calle Colon,CON_FALLECIDOS,Incendio,Falla mecanica,68,FALLECIDO,HOMBRE,MOTOCICLETA,23,FALLECIDO,MUJER,SCOOTER,68,LESIONADO,MUJER,MOTOCICLETA
2025-04-23 00:18:03,-4.001295,-79.184348,Av. Orillas del Zamora,CON_FALLECIDOS,Atropellamiento,Distraccion (celular/radio),23,FALLECIDO,MUJER,CICLISTA,52,LESIONADO,NO_REGISTRA,PEATON,,,,
2025-07-27 09:35:04,-4.032145,-79.228423,Calle Mercadillo,CON_FALLECIDOS,Atropellamiento,Inobservancia de senales,51,FALLECIDO,NO_REGISTRA,VEH_LIVIANO,5,LESIONADO,MUJER,PEATON,60,LESIONADO,NO_REGISTRA,MOTOCICLETA
2025-06-24 11:50:51,-4.013675,-79.183305,Calle Colon,SOLO_DANOS,Accidente Laboral,Imprudencia del conductor,,,,,,,,,,,,
2025-02-01 15:43:53,-3.979140,-79.192855,Calle 18 de Noviembre,CON_LESIONADOS,Choque Vehicular,Inobservancia de senales,7,LESIONADO,NO_REGISTRA,CICLISTA,77,LESIONADO,NO_REGISTRA,OTRO,34,LESIONADO,HOMBRE,SCOOTER
2025-11-09 07:00:22,-3.987204,-79.211067,Via Loja - Zamora,CON_FALLECIDOS,Volcamiento,Imprudencia del conductor,61,FALLECIDO,MUJER,PEATON,,,,,,,,
2025-01-14 19:17:58,-4.021306,-79.197796,Calle 18 de Noviembre,CON_FALLECIDOS,Volcamiento,Equipo de seguridad deficiente,80,FALLECIDO,HOMBRE,PEATON,,,,,,,,
2025-07-15 07:56:53,-4.025643,-79.221870,Av. Metropolitana,CON_LESIONADOS,Accidente Laboral,Exceso de velocidad,30,LESIONADO,HOMBRE,MOTOCICLETA,15,LESIONADO,MUJER,OTRO,12,LESIONADO,HOMBRE,SCOOTER
2025-07-25 02:49:22,-4.023393,-79.188812,Calle Imbabura,CON_FALLECIDOS,Caida,Distraccion (celular/radio),72,FALLECIDO,NO_REGISTRA,SCOOTER,51,FALLECIDO,MUJER,MOTOCICLETA,65,LESIONADO,NO_REGISTRA,CICLISTA
2025-09-14 23:42:03,-4.003219,-79.197864,Calle Imbabura,SOLO_DANOS,Caida,Exceso de velocidad,,,,,,,,,,,,
2025-08-23 13:57:32,-3.992362,-79.184072,Av. Cuxibamba,CON_LESIONADOS,Caida,Factores externos,20,LESIONADO,NO_REGISTRA,CICLISTA,17,LESIONADO,MUJER,VEH_LIVIANO,29,LESIONADO,MUJER,SCOOTER
2025-07-16 05:15:58,-4.001593,-79.196434,Calle Ramon Borrero,CON_LESIONADOS,Accidente Laboral,Visibilidad reducida,39,LESIONADO,HOMBRE,MOTOCICLETA,15,LESIONADO,MUJER,PEATON,,,,
2025-03-01 02:28:02,-3.990283,-79.199436,Av. Reinaldo Espinosa,SOLO_DANOS,Incendio,Exceso de velocidad,,,,,,,,,,,,
2025-10-13 10:17:37,-3.988347,-79.214025,Calle Rocafuerte,CON_FALLECIDOS,Accidente Laboral,Exceso de velocidad,80,FALLECIDO,MUJER,MOTOCICLETA,35,LESIONADO,MUJER,VEH_LIVIANO,,,,
2025-03-28 19:44:13,-4.017758,-79.199356,Via Loja - Catamayo,CON_LESIONADOS,Volcamiento,Imprudencia del conductor,29,LESIONADO,NO_REGISTRA,MOTOCICLETA,72,LESIONADO,HOMBRE,SCOOTER,5,LESIONADO,NO_REGISTRA,VEH_LIVIANO
2025-03-14 23:42:25,-3.997018,-79.218273,Ruta 35,CON_FALLECIDOS,Incendio,Imprudencia del conductor,75,FALLECIDO,NO_REGISTRA,PEATON,84,FALLECIDO,MUJER,VEH_LIVIANO,,,,
2025-05-11 21:16:38,-4.015766,-79.177387,Av. Pio Jaramillo,CON_LESIONADOS,Caida,Exceso de velocidad,28,LESIONADO,HOMBRE,CICLISTA,50,LESIONADO,MUJER,MOTOCICLETA,,,,
2025-03-28 11:33:11,-3.983748,-79.182204,Av. Gran Colombia,CON_FALLECIDOS,Accidente Laboral,Via resbaladiza o mojada,28,FALLECIDO,NO_REGISTRA,SCOOTER,76,FALLECIDO,MUJER,CICLISTA,,,,
2025-10-05 19:28:21,-3.984897,-79.204116,Calle 18 de Noviembre,SOLO_DANOS,Choque Vehicular,Factores externos,,,,,,,,,,,,
2025-12-26 03:38:53,-4.010880,-79.224356,Av. 8 de Diciembre,CON_LESIONADOS,Choque Vehicular,Inobservancia de senales,69,LESIONADO,NO_REGISTRA,OTRO,63,LESIONADO,MUJER,OTRO,52,LESIONADO,NO_REGISTRA,PEATON
2025-11-19 21:25:12,-4.010663,-79.215112,Via Loja - Catamayo,CON_LESIONADOS,Accidente Laboral,Imprudencia del conductor,33,LESIONADO,MUJER,OTRO,80,LESIONADO,HOMBRE,MOTOCICLETA,,,,
2025-05-08 00:00:19,-3.985886,-79.181315,Av. Metropolitana,SOLO_DANOS,Accidente Laboral,Imprudencia del conductor,,,,,,,,,,,,
2025-01-15 08:55:22,-3.989509,-79.172473,Av. Isidro Ayora,CON_FALLECIDOS,Caida,Exceso de velocidad,28,FALLECIDO,HOMBRE,MOTOCICLETA,46,LESIONADO,HOMBRE,VEH_LIVIANO,,,,
2025-01-17 15:33:06,-4.014687,-79.194267,Av. Cuxibamba,CON_LESIONADOS,Volcamiento,Estado de embriaguez,61,LESIONADO,HOMBRE,PEATON,51,LESIONADO,NO_REGISTRA,SCOOTER,,,,
2025-08-23 07:58:32,-4.033485,-79.202129,Av. Isidro Ayora,SOLO_DANOS,Choque Vehicular,Imprudencia del conductor,,,,,,,,,,,,
2025-03-02 07:41:00,-3.997342,-79.174324,Av. Universitaria,SOLO_DANOS,Colision Multiple,Imprudencia del conductor,61,LESIONADO,MUJER,VEH_LIVIANO,,,,,,,,
2025-06-26 02:21:00,-3.984628,-79.216110,Av. Orillas del Zamora,CON_FALLECIDOS,Volcamiento,Exceso de velocidad,45,FALLECIDO,MUJER,SCOOTER,,,,,,,,
2025-04-05 23:15:15,-4.011217,-79.214479,Ruta 35,SOLO_DANOS,Caida,Distraccion (celular/radio),,,,,,,,,,,,
2025-10-10 08:07:35,-4.031258,-79.216234,Av. Reinaldo Espinosa,SOLO_DANOS,Colision Multiple,Via resbaladiza o mojada,,,,,,,,,,,,
2025-04-27 09:26:01,-4.036969,-79.210761,Calle Quito,SOLO_DANOS,Colision Multiple,Exceso de velocidad,,,,,,,,,,,,
2025-01-12 00:17:33,-4.007077,-79.216938,Calle Saraguro,SOLO_DANOS,Volcamiento,Factores externos,,,,,,,,,,,,
2025-10-12 13:04:05,-4.005853,-79.191126,Calle Ramon Borrero,CON_LESIONADOS,Atropellamiento,Factores externos,49,LESIONADO,NO_REGISTRA,VEH_LIVIANO,,,,,,,,
2025-11-27 05:03:09,-3.988549,-79.221497,Calle Miguel Riofrio,SOLO_DANOS,Atropellamiento,Visibilidad reducida,,,,,,,,,,,,
2025-06-24 16:18:26,-4.013164,-79.212302,Calle Colon,SOLO_DANOS,Colision Multiple,Estado de embriaguez,,,,,,,,,,,,
2025-05-06 22:12:57,-3.993863,-79.189481,Av. Orillas del Zamora,SOLO_DANOS,Volcamiento,Mal estado de la via,,,,,,,,,,,,
2025-01-20 15:38:54,-4.008189,-79.230681,Av. Cuxibamba,CON_LESIONADOS,Choque Vehicular,Exceso de velocidad,80,LESIONADO,MUJER,PEATON,76,LESIONADO,NO_REGISTRA,CICLISTA,,,,
2025-01-09 01:53:42,-4.024947,-79.175515,Av. Orillas del Zamora,CON_LESIONADOS,Caida,Equipo de seguridad deficiente,40,LESIONADO,MUJER,VEH_LIVIANO,47,LESIONADO,HOMBRE,VEH_LIVIANO,,,,
2025-10-05 21:06:43,-4.010202,-79.179863,Av. Gran Colombia,CON_FALLECIDOS,Volcamiento,Fatiga del conductor,63,FALLECIDO,MUJER,VEH_LIVIANO,84,FALLECIDO,NO_REGISTRA,CICLISTA,17,LESIONADO,MUJER,VEH_LIVIANO
2025-07-07 07:29:35,-3.987365,-79.216319,Ruta 35,CON_FALLECIDOS,Caida,Via resbaladiza o mojada,18,FALLECIDO,NO_REGISTRA,PEATON,57,FALLECIDO,HOMBRE,PEATON,40,LESIONADO,HOMBRE,SCOOTER
2025-06-11 16:58:54,-3.988161,-79.176978,Av. Orillas del Zamora,SOLO_DANOS,Incendio,Estado de embriaguez,,,,,,,,,,,,
2025-09-04 13:49:57,-3.995490,-79.193042,Av. 8 de Diciembre,CON_FALLECIDOS,Incendio,Imprudencia del conductor,44,FALLECIDO,HOMBRE,CICLISTA,53,FALLECIDO,NO_REGISTRA,SCOOTER,34,LESIONADO,MUJER,VEH_LIVIANO
2025-08-22 18:53:31,-3.984438,-79.204981,Calle 18 de Noviembre,CON_FALLECIDOS,Volcamiento,Factores externos,55,FALLECIDO,MUJER,PEATON,18,FALLECIDO,HOMBRE,VEH_LIVIANO,,,,
2025-12-09 15:05:47,-4.004219,-79.229957,Calle 18 de Noviembre,CON_FALLECIDOS,Incendio,Exceso de velocidad,18,FALLECIDO,MUJER,OTRO,8,LESIONADO,NO_REGISTRA,CICLISTA,,,,
2025-02-09 08:47:46,-4.005261,-79.180595,Av. 8 de Diciembre,CON_FALLECIDOS,Colision Multiple,Visibilidad reducida,62,FALLECIDO,NO_REGISTRA,OTRO,81,FALLECIDO,NO_REGISTRA,CICLISTA,52,LESIONADO,MUJER,OTRO
2025-04-13 00:30:33,-4.003802,-79.193589,Via Loja - Zamora,SOLO_DANOS,Incendio,Exceso de velocidad,,,,,,,,,,,,
2025-07-27 13:29:55,-4.033806,-79.196397,Av. Reinaldo Espinosa,SOLO_DANOS,Choque Vehicular,Equipo de seguridad deficiente,34,LESIONADO,HOMBRE,VEH_LIVIANO,,,,,,,,
2025-09-09 04:21:41,-3.979320,-79.180220,Av. Orillas del Zamora,CON_FALLECIDOS,Choque Vehicular,Inobservancia de senales,62,FALLECIDO,MUJER,MOTOCICLETA,78,LESIONADO,HOMBRE,VEH_LIVIANO,,,,
2025-03-24 18:17:33,-4.012493,-79.183763,Av. Manuel Agustin Aguirre,SOLO_DANOS,Incendio,Factores externos,,,,,,,,,,,,
2025-11-07 10:12:01,-4.024574,-79.207395,Av. Universitaria,CON_LESIONADOS,Choque Vehicular,Estado de embriaguez,50,LESIONADO,HOMBRE,OTRO,40,LESIONADO,MUJER,VEH_LIVIANO,,,,
2025-03-13 02:27:49,-4.030041,-79.226813,Av. Universitaria,CON_FALLECIDOS,Atropellamiento,Distraccion (celular/radio),73,FALLECIDO,NO_REGISTRA,MOTOCICLETA,68,FALLECIDO,MUJER,OTRO,,,,
2025-12-05 13:54:57,-4.008043,-79.201072,Calle Miguel Riofrio,CON_LESIONADOS,Volcamiento,Factores externos,80,LESIONADO,HOMBRE,CICLISTA,77,LESIONADO,MUJER,PEATON,,,,
2025-02-23 05:21:21,-4.015581,-79.182943,Calle Rocafuerte,CON_LESIONADOS,Volcamiento,Fatiga del conductor,80,LESIONADO,NO_REGISTRA,PEATON,31,LESIONADO,NO_REGISTRA,PEATON,66,LESIONADO,NO_REGISTRA,SCOOTER
2025-08-15 16:20:09,-3.993373,-79.224713,Calle Ramon Borrero,SOLO_DANOS,Incendio,Factores externos,,,,,,,,,,,,
2025-05-03 10:19:31,-4.026495,-79.189466,Calle Montufar,CON_FALLECIDOS,Accidente Laboral,Equipo de seguridad deficiente,61,FALLECIDO,HOMBRE,PEATON,28,LESIONADO,MUJER,VEH_LIVIANO,,,,
2025-10-11 11:37:58,-3.986780,-79.229895,Calle Rocafuerte,CON_LESIONADOS,Caida,Distraccion (celular/radio),14,LESIONADO,MUJER,MOTOCICLETA,24,LESIONADO,NO_REGISTRA,OTRO,,,,
2025-07-17 09:25:57,-4.029980,-79.186548,Calle Bolivar,CON_FALLECIDOS,Incendio,Exceso de velocidad,50,FALLECIDO,NO_REGISTRA,CICLISTA,50,FALLECIDO,NO_REGISTRA,PEATON,,,,
2025-12-13 02:48:30,-3.982802,-79.194943,Av. Pio Jaramillo,CON_FALLECIDOS,Incendio,Exceso de velocidad,44,FALLECIDO,HOMBRE,CICLISTA,,,,,,,,
2025-09-24 03:35:22,-3.998251,-79.208284,Calle Azogues,CON_FALLECIDOS,Volcamiento,Via resbaladiza o mojada,45,FALLECIDO,MUJER,SCOOTER,36,LESIONADO,HOMBRE,OTRO,,,,
2025-02-28 10:48:04,-4.030232,-79.195953,Ruta 35,CON_LESIONADOS,Atropellamiento,Exceso de velocidad,66,LESIONADO,NO_REGISTRA,CICLISTA,,,,,,,,
2025-06-14 23:25:31,-4.020788,-79.203377,Via Loja - Zamora,SOLO_DANOS,Incendio,Fatiga del conductor,,,,,,,,,,,,
2025-02-16 20:43:17,-4.028454,-79.183941,Av. Metropolitana,SOLO_DANOS,Colision Multiple,Equipo de seguridad deficiente,,,,,,,,,,,,
2025-05-17 03:17:42,-4.000691,-79.197958,Av. Pio Jaramillo,CON_LESIONADOS,Incendio,Falla mecanica,78,LESIONADO,HOMBRE,VEH_LIVIANO,79,LESIONADO,MUJER,PEATON,42,LESIONADO,MUJER,SCOOTER
2025-02-04 08:39:53,-4.022728,-79.207966,Calle Imbabura,CON_FALLECIDOS,Accidente Laboral,Inobservancia de senales,37,FALLECIDO,MUJER,OTRO,,,,,,,,
2025-03-29 14:44:02,-4.000737,-79.189345,Calle Montufar,CON_LESIONADOS,Caida,Mal estado de la via,77,LESIONADO,HOMBRE,OTRO,,,,,,,,
2025-11-13 01:18:15,-4.015763,-79.184220,Calle 10 de Agosto,CON_LESIONADOS,Volcamiento,Mal estado de la via,5,LESIONADO,NO_REGISTRA,PEATON,54,LESIONADO,NO_REGISTRA,PEATON,79,LESIONADO,HOMBRE,CICLISTA
2025-10-24 16:30:11,-3.985258,-79.226195,Calle 10 de Agosto,SOLO_DANOS,Colision Multiple,Imprudencia del conductor,40,LESIONADO,NO_REGISTRA,OTRO,,,,,,,,
2025-06-07 21:07:33,-4.007699,-79.228928,Calle Ramon Borrero,CON_LESIONADOS,Volcamiento,Mal estado de la via,24,LESIONADO,HOMBRE,PEATON,,,,,,,,
2025-04-21 02:25:56,-3.992188,-79.171792,Via Loja - Catamayo,SOLO_DANOS,Choque Vehicular,Factores externos,,,,,,,,,,,,
2025-07-07 00:51:42,-4.023084,-79.227937,Av. Orillas del Zamora,CON_FALLECIDOS,Atropellamiento,Imprudencia del conductor,72,FALLECIDO,MUJER,SCOOTER,,,,,,,,
2025-07-22 13:11:50,-3.994162,-79.219476,Calle Rocafuerte,CON_LESIONADOS,Accidente Laboral,Inobservancia de senales,66,LESIONADO,MUJER,SCOOTER,28,LESIONADO,HOMBRE,MOTOCICLETA,,,,
2025-02-27 05:34:19,-3.977535,-79.175929,Av. 8 de Diciembre,CON_FALLECIDOS,Volcamiento,Inobservancia de senales,38,FALLECIDO,HOMBRE,VEH_LIVIANO,61,FALLECIDO,MUJER,PEATON,8,LESIONADO,HOMBRE,SCOOTER
2025-04-22 20:14:41,-3.986342,-79.199629,Ruta 35,CON_FALLECIDOS,Volcamiento,Visibilidad reducida,19,FALLECIDO,NO_REGISTRA,CICLISTA,16,LESIONADO,NO_REGISTRA,OTRO,50,LESIONADO,MUJER,PEATON
2025-08-27 23:01:36,-4.035304,-79.204726,Av. 8 de Diciembre,CON_FALLECIDOS,Atropellamiento,Via resbaladiza o mojada,46,FALLECIDO,NO_REGISTRA,VEH_LIVIANO,60,FALLECIDO,MUJER,VEH_LIVIANO,,,,
2025-05-01 12:10:29,-3.979805,-79.226450,Calle Montufar,CON_LESIONADOS,Incendio,Estado de embriaguez,42,LESIONADO,MUJER,CICLISTA,,,,,,,,
2025-08-27 05:32:21,-3.986242,-79.228507,Av. Rosa Hermosa,CON_FALLECIDOS,Atropellamiento,Equipo de seguridad deficiente,24,FALLECIDO,HOMBRE,OTRO,,,,,,,,
2025-03-16 01:49:05,-3.987515,-79.201637,Calle Imbabura,SOLO_DANOS,Caida,Via resbaladiza o mojada,,,,,,,,,,,,
2025-08-30 02:37:35,-3.995694,-79.185167,Calle Montufar,SOLO_DANOS,Accidente Laboral,Equipo de seguridad deficiente,,,,,,,,,,,,
2025-05-09 08:04:38,-4.019508,-79.184226,Av. Pio Jaramillo,SOLO_DANOS,Volcamiento,Inobservancia de senales,,,,,,,,,,,,
2025-06-15 20:37:16,-4.033043,-79.218125,Av. 8 de Diciembre,CON_LESIONADOS,Atropellamiento,Mal estado de la via,26,LESIONADO,MUJER,OTRO,11,LESIONADO,NO_REGISTRA,VEH_LIVIANO,,,,
2025-02-16 13:33:23,-4.010781,-79.201564,Av. Rosa Hermosa,CON_LESIONADOS,Caida,Mal estado de la via,14,LESIONADO,HOMBRE,MOTOCICLETA,76,LESIONADO,MUJER,PEATON,80,LESIONADO,NO_REGISTRA,CICLISTA
2025-07-15 09:37:58,-3.990650,-79.181332,Calle Miguel Riofrio,CON_LESIONADOS,Atropellamiento,Inobservancia de senales,29,LESIONADO,MUJER,MOTOCICLETA,30,LESIONADO,NO_REGISTRA,MOTOCICLETA,,,,
2025-01-06 01:31:06,-4.010339,-79.180035,Ruta 35,CON_LESIONADOS,Choque Vehicular,Imprudencia del conductor,25,LESIONADO,MUJER,VEH_LIVIANO,62,LESIONADO,MUJER,OTRO,,,,
2025-07-12 02:56:01,-4.036535,-79.214962,Calle Montufar,CON_LESIONADOS,Colision Multiple,Mal estado de la via,21,LESIONADO,MUJER,CICLISTA,10,LESIONADO,MUJER,SCOOTER,32,LESIONADO,HOMBRE,MOTOCICLETA
2025-02-24 04:19:31,-4.021908,-79.197139,Calle Sucre,CON_FALLECIDOS,Accidente Laboral,Fatiga del conductor,84,FALLECIDO,HOMBRE,PEATON,35,LESIONADO,HOMBRE,PEATON,,,,
2025-11-26 11:54:14,-3.977774,-79.181496,Calle Ramon Borrero,SOLO_DANOS,Caida,Inobservancia de senales,,,,,,,,,,,,
2025-08-15 09:58:17,-3.993145,-79.210509,Av. Isidro Ayora,SOLO_DANOS,Volcamiento,Visibilidad reducida,,,,,,,,,,,,
2025-02-21 03:08:53,-3.995502,-79.202579,Calle Rocafuerte,CON_FALLECIDOS,Colision Multiple,Inobservancia de senales,58,FALLECIDO,HOMBRE,VEH_LIVIANO,28,FALLECIDO,NO_REGISTRA,VEH_LIVIANO,,,,
2025-07-23 01:13:45,-4.032938,-79.216878,Av. Isidro Ayora,CON_LESIONADOS,Choque Vehicular,Visibilidad reducida,48,LESIONADO,MUJER,SCOOTER,74,LESIONADO,HOMBRE,VEH_LIVIANO,68,LESIONADO,MUJER,CICLISTA
2025-12-16 16:12:21,-3.983807,-79.182592,Via Loja - Catamayo,CON_LESIONADOS,Atropellamiento,Exceso de velocidad,28,LESIONADO,MUJER,VEH_LIVIANO,16,LESIONADO,HOMBRE,PEATON,,,,
2025-12-07 07:56:26,-3.987389,-79.224484,Av. Cuxibamba,CON_LESIONADOS,Accidente Laboral,Estado de embriaguez,18,LESIONADO,HOMBRE,VEH_LIVIANO,30,LESIONADO,NO_REGISTRA,PEATON,,,,
2025-09-13 09:56:49,-4.008685,-79.201338,Av. Metropolitana,CON_FALLECIDOS,Caida,Imprudencia del conductor,20,FALLECIDO,MUJER,VEH_LIVIANO,27,FALLECIDO,MUJER,PEATON,32,LESIONADO,NO_REGISTRA,SCOOTER
2025-09-15 17:13:19,-4.008530,-79.205768,Av. Cuxibamba,SOLO_DANOS,Choque Vehicular,Via resbaladiza o mojada,,,,,,,,,,,,
2025-12-03 08:41:51,-4.033393,-79.175340,Calle Azogues,SOLO_DANOS,Colision Multiple,Mal estado de la via,,,,,,,,,,,,
2025-10-29 07:42:55,-4.022804,-79.224271,Av. Metropolitana,SOLO_DANOS,Caida,Exceso de velocidad,,,,,,,,,,,,
2025-08-26 03:10:02,-4.007931,-79.182192,Calle Quito,SOLO_DANOS,Colision Multiple,Imprudencia del conductor,,,,,,,,,,,,
2025-09-06 14:27:08,-3.980018,-79.226372,Calle Mercadillo,CON_LESIONADOS,Atropellamiento,Falla mecanica,71,LESIONADO,MUJER,MOTOCICLETA,53,LESIONADO,NO_REGISTRA,SCOOTER,66,LESIONADO,MUJER,CICLISTA
2025-10-19 03:20:04,-3.998632,-79.188144,Calle Rocafuerte,SOLO_DANOS,Incendio,Mal estado de la via,,,,,,,,,,,,
2025-09-02 05:38:46,-3.982624,-79.176583,Calle Azogues,CON_FALLECIDOS,Accidente Laboral,Fatiga del conductor,40,FALLECIDO,MUJER,OTRO,21,FALLECIDO,HOMBRE,VEH_LIVIANO,53,LESIONADO,HOMBRE,VEH_LIVIANO
2025-02-11 13:30:08,-4.024390,-79.171199,Calle Sucre,CON_LESIONADOS,Incendio,Inobservancia de senales,9,LESIONADO,HOMBRE,OTRO,,,,,,,,
2025-08-01 02:33:28,-4.007592,-79.183777,Av. Rosa Hermosa,CON_FALLECIDOS,Colision Multiple,Distraccion (celular/radio),70,FALLECIDO,NO_REGISTRA,OTRO,85,FALLECIDO,NO_REGISTRA,OTRO,65,LESIONADO,NO_REGISTRA,OTRO
2025-11-10 08:51:23,-4.026113,-79.193846,Calle Saraguro,SOLO_DANOS,Volcamiento,Distraccion (celular/radio),,,,,,,,,,,,
2025-06-14 21:32:39,-4.009804,-79.223687,Av. Rosa Hermosa,CON_LESIONADOS,Caida,Falla mecanica,40,LESIONADO,HOMBRE,MOTOCICLETA,64,LESIONADO,NO_REGISTRA,SCOOTER,,,,
2025-06-02 13:38:19,-4.002051,-79.206183,Av. Universitaria,CON_FALLECIDOS,Caida,Inobservancia de senales,85,FALLECIDO,MUJER,MOTOCICLETA,54,FALLECIDO,NO_REGISTRA,SCOOTER,46,LESIONADO,HOMBRE,PEATON
2025-12-24 20:12:17,-3.998835,-79.190705,Calle Colon,CON_FALLECIDOS,Atropellamiento,Exceso de velocidad,18,FALLECIDO,HOMBRE,VEH_LIVIANO,82,FALLECIDO,MUJER,PEATON,35,LESIONADO,NO_REGISTRA,MOTOCICLETA
2025-09-13 11:10:20,-4.010781,-79.199053,Via Loja - Zamora,SOLO_DANOS,Accidente Laboral,Visibilidad reducida,,,,,,,,,,,,
2025-02-23 08:01:53,-3.987962,-79.200543,Av. Cuxibamba,CON_FALLECIDOS,Atropellamiento,Equipo de seguridad deficiente,47,FALLECIDO,MUJER,SCOOTER,67,LESIONADO,MUJER,CICLISTA,,,,
2025-07-12 08:39:18,-3.982943,-79.184996,Calle Ramon Borrero,CON_FALLECIDOS,Colision Multiple,Equipo de seguridad deficiente,81,FALLECIDO,MUJER,SCOOTER,26,FALLECIDO,MUJER,VEH_LIVIANO,60,LESIONADO,MUJER,PEATON