fecha_hora,latitud,longitud,via,grado_severidad,tipo_siniestro,causa_probable,victima1_edad,victima1_condicion,victima1_sexo,victima1_actor_vial,victima2_edad,victima2_condicion,victima2_sexo,victima2_actor_vial,victima3_edad,victima3_condicion,victima3_sexo,victima3_actor_vial
2025-11-06 09:30:00,-3.985166,-79.200932,Calle Montufar,CON_FALLECIDOS,Colision Multiple,Distraccion (celular/radio),73,FALLECIDO,MUJER,CICLISTA,40,LESIONADO,NO_REGISTRA,PEATON,,,,
2025-12-17 07:51:57,-4.033700,-79.214007,Ruta 35,CON_FALLECIDOS,Colision Multiple,Fatiga del conductor,73,FALLECIDO,HOMBRE,CICLISTA,,,,,,,,
2025-07-31 16:14:33,-4.021845,-79.175166,Calle 10 de Agosto,CON_LESIONADOS,Colision Multiple,Mal estado de la via,16,LESIONADO,HOMBRE,SCOOTER,6,LESIONADO,HOMBRE,CICLISTA,15,LESIONADO,HOMBRE,CICLISTA
2025-07-08 08:16:15,-3.986216,-79.194538,Calle Colon,CON_FALLECIDOS,Choque Vehicular,Fatiga del conductor,44,FALLECIDO,NO_REGISTRA,PEATON,42,LESIONADO,NO_REGISTRA,PEATON,,,,
2025-10-28 04:48:40,-4.014944,-79.200523,Calle Imbabura,CON_LESIONADOS,Accidente Laboral,Fatiga del conductor,42,LESIONADO,MUJER,VEH_LIVIANO,22,LESIONADO,MUJER,VEH_LIVIANO,,,,
2025-01-05 15:49:13,-4.029679,-79.212347,Via Loja - Zamora,SOLO_DANOS,Volcamiento,Mal estado de la via,,,,,,,,,,,,
2025-12-21 01:42:42,-4.009186,-79.217343,Calle Montufar,CON_LESIONADOS,Volcamiento,Via resbaladiza o mojada,60,LESIONADO,MUJER,MOTOCICLETA,,,,,,,,
2025-07-28 18:45:39,-4.011966,-79.181188,Av. Reinaldo Espinosa,SOLO_DANOS,Caida,Equipo de seguridad deficiente,,,,,,,,,,,,
2025-09-11 00:00:51,-4.019514,-79.213022,Calle Azogues,SOLO_DANOS,Atropellamiento,Exceso de velocidad,,,,,,,,,,,,
2025-04-19 11:06:54,-4.000793,-79.195591,Calle Imbabura,CON_LESIONADOS,Colision Multiple,Mal estado de la via,32,LESIONADO,NO_REGISTRA,PEATON,63,LESIONADO,HOMBRE,MOTOCICLETA,,,,
2025-04-27 04:36:41,-3.993314,-79.220296,Av. Universitaria,CON_FALLECIDOS,Incendio,Factores externos,27,FALLECIDO,MUJER,PEATON,52,FALLECIDO,HOMBRE,MOTOCICLETA,68,LESIONADO,NO_REGISTRA,VEH_LIVIANO
2025-03-24 13:04:55,-4.023582,-79.222757,Av. Rosa Hermosa,SOLO_DANOS,Choque Vehicular,Estado de embriaguez,,,,,,,,,,,,
2025-04-16 06:39:31,-3.983005,-79.218043,Calle Saraguro,CON_LESIONADOS,Accidente Laboral,Estado de embriaguez,29,LESIONADO,HOMBRE,CICLISTA,16,LESIONADO,HOMBRE,VEH_LIVIANO,,,,
2025-09-19 00:38:05,-3.985835,-79.195800,Av. 8 de Diciembre,CON_FALLECIDOS,Incendio,Factores externos,30,FALLECIDO,HOMBRE,PEATON,64,LESIONADO,HOMBRE,PEATON,43,LESIONADO,MUJER,OTRO
2025-09-27 15:32:39,-4.027590,-79.229338,Calle Montufar,CON_FALLECIDOS,Volcamiento,Equipo de seguridad deficiente,34,FALLECIDO,MUJER,VEH_LIVIANO,64,FALLECIDO,MUJER,SCOOTER,,,,
2025-11-25 03:05:03,-4.032069,-79.180760,Calle 10 de Agosto,CON_LESIONADOS,Caida,Distraccion (celular/radio),24,LESIONADO,NO_REGISTRA,MOTOCICLETA,56,LESIONADO,NO_REGISTRA,PEATON,11,LESIONADO,MUJER,PEATON
2025-08-14 14:24:26,-4.006992,-79.201496,Av. Isidro Ayora,CON_LESIONADOS,Incendio,Mal estado de la via,48,LESIONADO,MUJER,CICLISTA,17,LESIONADO,MUJER,VEH_LIVIANO,,,,
2025-05-21 23:38:43,-4.033307,-79.230303,Calle Colon,CON_LESIONADOS,Choque Vehicular,Exceso de velocidad,12,LESIONADO,NO_REGISTRA,VEH_LIVIANO,14,LESIONADO,HOMBRE,SCOOTER,50,LESIONADO,MUJER,OTRO
2025-06-08 01:42:45,-4.001399,-79.176177,Av. Orillas del Zamora,SOLO_DANOS,Colision Multiple,Falla mecanica,68,LESIONADO,NO_REGISTRA,SCOOTER,,,,,,,,
2025-12-31 02:44:13,-4.034802,-79.206096,Av. Reinaldo Espinosa,CON_LESIONADOS,Colision Multiple,Factores externos,53,LESIONADO,HOMBRE,OTRO,,,,,,,,
2025-08-01 05:06:53,-4.006703,-79.214238,Via Loja - Zamora,CON_FALLECIDOS,Incendio,Equipo de seguridad deficiente,29,FALLECIDO,NO_REGISTRA,OTRO,72,FALLECIDO,MUJER,MOTOCICLETA,45,LESIONADO,HOMBRE,CICLISTA
2025-07-25 09:51:04,-3.999166,-79.219430,Calle Sucre,CON_FALLECIDOS,Atropellamiento,Fatiga del conductor,48,FALLECIDO,MUJER,VEH_LIVIANO,71,FALLECIDO,NO_REGISTRA,CICLISTA,,,,
2025-07-28 02:26:54,-3.984392,-79.210360,Calle Montufar,SOLO_DANOS,Atropellamiento,Inobservancia de senales,,,,,,,,,,,,
2025-10-10 12:13:31,-4.017445,-79.204098,Calle 10 de Agosto,CON_LESIONADOS,Incendio,Visibilidad reducida,19,LESIONADO,NO_REGISTRA,SCOOTER,,,,,,,,
2025-12-23 17:58:56,-4.005719,-79.178654,Via Loja - Zamora,CON_LESIONADOS,Accidente Laboral,Distraccion (celular/radio),60,LESIONADO,HOMBRE,PEATON,,,,,,,,
2025-08-03 22:41:31,-4.010565,-79.172962,Via Loja - Zamora,CON_FALLECIDOS,Choque Vehicular,Estado de embriaguez,43,FALLECIDO,NO_REGISTRA,SCOOTER,,,,,,,,
2025-03-31 23:49:41,-4.015672,-79.210458,Calle 18 de Noviembre,CON_LESIONADOS,Incendio,Mal estado de la via,42,LESIONADO,HOMBRE,VEH_LIVIANO,65,LESIONADO,NO_REGISTRA,VEH_LIVIANO,,,,
2025-03-10 03:57:40,-4.021692,-79.179596,Av. 8 de Diciembre,CON_LESIONADOS,Atropellamiento,Mal estado de la via,38,LESIONADO,HOMBRE,MOTOCICLETA,34,LESIONADO,NO_REGISTRA,CICLISTA,,,,
2025-10-04 23:33:58,-4.035455,-79.225739,Av. Gran Colombia,CON_FALLECIDOS,Atropellamiento,Distraccion (celular/radio),63,FALLECIDO,NO_REGISTRA,SCOOTER,,,,,,,,
2025-08-14 03:51:50,-3.996361,-79.195364,Calle 10 de Agosto,SOLO_DANOS,Incendio,Visibilidad reducida,,,,,,,,,,,,
2025-02-14 05:25:22,-4.009052,-79.192092,Ruta 35,CON_LESIONADOS,Atropellamiento,Visibilidad reducida,33,LESIONADO,NO_REGISTRA,MOTOCICLETA,56,LESIONADO,MUJER,PEATON,,,,
2025-11-17 05:37:54,-4.005134,-79.171327,Ruta 35,CON_LESIONADOS,Incendio,Inobservancia de senales,43,LESIONADO,NO_REGISTRA,PEATON,23,LESIONADO,NO_REGISTRA,MOTOCICLETA,48,LESIONADO,MUJER,PEATON
2025-03-26 08:17:43,-4.022405,-79.210856,Via Loja - Zamora,SOLO_DANOS,Choque Vehicular,Imprudencia del conductor,,,,,,,,,,,,
2025-08-04 14:12:19,-3.986800,-79.208644,Av. Universitaria,CON_FALLECIDOS,Accidente Laboral,Fatiga del conductor,32,FALLECIDO,HOMBRE,SCOOTER,40,LESIONADO,MUJER,PEATON,38,LESIONADO,NO_REGISTRA,SCOOTER
2025-06-23 22:43:11,-4.022234,-79.176583,Calle 10 de Agosto,SOLO_DANOS,Atropellamiento,Falla mecanica,,,,,,,,,,,,
2025-12-01 12:11:14,-3.989122,-79.180624,Av. Orillas del Zamora,SOLO_DANOS,Volcamiento,Visibilidad reducida,,,,,,,,,,,,
2025-11-17 08:05:39,-4.000352,-79.199120,Av. Metropolitana,CON_LESIONADOS,Volcamiento,Inobservancia de senales,32,LESIONADO,NO_REGISTRA,MOTOCICLETA,62,LESIONADO,HOMBRE,PEATON,,,,
2025-07-27 09:58:13,-3.992722,-79.193211,Av. Rosa Hermosa,CON_FALLECIDOS,Caida,Exceso de velocidad,59,FALLECIDO,MUJER,CICLISTA,,,,,,,,
2025-06-17 03:27:21,-3.991154,-79.200836,Calle 18 de Noviembre,CON_LESIONADOS,Accidente Laboral,Equipo de seguridad deficiente,65,LESIONADO,NO_REGISTRA,VEH_LIVIANO,,,,,,,,
2025-04-30 22:17:02,-3.993664,-79.204439,Ruta 35,SOLO_DANOS,Atropellamiento,Via resbaladiza o mojada,,,,,,,,,,,,
2025-03-02 00:25:33,-4.034512,-79.191424,Calle Ramon Borrero,CON_FALLECIDOS,Choque Vehicular,Imprudencia del conductor,56,FALLECIDO,NO_REGISTRA,VEH_LIVIANO,56,FALLECIDO,MUJER,PEATON,50,LESIONADO,MUJER,PEATON
2025-06-06 23:00:46,-4.018827,-79.229085,Av. Pio Jaramillo,CON_FALLECIDOS,Caida,Estado de embriaguez,63,FALLECIDO,MUJER,VEH_LIVIANO,39,FALLECIDO,NO_REGISTRA,OTRO,16,LESIONADO,NO_REGISTRA,PEATON
2025-04-11 13:58:43,-4.034125,-79.191275,Via Loja - Zamora,CON_LESIONADOS,Atropellamiento,Factores externos,41,LESIONADO,NO_REGISTRA,PEATON,6,LESIONADO,MUJER,MOTOCICLETA,,,,
2025-04-28 06:38:35,-3.996110,-79.196086,Calle 18 de Noviembre,SOLO_DANOS,Choque Vehicular,Distraccion (celular/radio),,,,,,,,,,,,
2025-11-05 19:44:39,-4.005045,-79.177432,Calle Azogues,CON_FALLECIDOS,Choque Vehicular,Estado de embriaguez,58,FALLECIDO,NO_REGISTRA,MOTOCICLETA,65,FALLECIDO,HOMBRE,SCOOTER,29,LESIONADO,HOMBRE,VEH_LIVIANO
2025-08-30 09:57:14,-4.020447,-79.173871,Av. Orillas del Zamora,SOLO_DANOS,Atropellamiento,Exceso de velocidad,,,,,,,,,,,,
2025-07-15 14:55:45,-4.018795,-79.211677,Calle Miguel Riofrio,SOLO_DANOS,Atropellamiento,Imprudencia del conductor,,,,,,,,,,,,
2025-02-26 23:18:06,-4.021774,-79.210512,Calle 10 de Agosto,SOLO_DANOS,Caida,Estado de embriaguez,,,,,,,,,,,,
2025-06-16 22:13:08,-3.996417,-79.190717,Calle Colon,CON_FALLECIDOS,Caida,Via resbaladiza o mojada,33,FALLECIDO,HOMBRE,SCOOTER,15,LESIONADO,NO_REGISTRA,OTRO,,,,
2025-07-10 22:23:39,-4.002239,-79.199235,Calle Mercadillo,SOLO_DANOS,Atropellamiento,Visibilidad reducida,,,,,,,,,,,,
2025-07-05 19:33:40,-3.998880,-79.201004,Av. Isidro Ayora,CON_LESIONADOS,Colision Multiple,Mal estado de la via,80,LESIONADO,NO_REGISTRA,CICLISTA,33,LESIONADO,NO_REGISTRA,CICLISTA,20,LESIONADO,NO_REGISTRA,MOTOCICLETA
2025-08-03 19:38:31,-3.995548,-79.185037,Calle 18 de Noviembre,CON_LESIONADOS,Accidente Laboral,Distraccion (celular/radio),75,LESIONADO,HOMBRE,MOTOCICLETA,13,LESIONADO,HOMBRE,PEATON,,,,
2025-02-09 07:00:04,-4.017792,-79.215885,Ruta 35,CON_FALLECIDOS,Caida,Visibilidad reducida,33,FALLECIDO,HOMBRE,PEATON,29,FALLECIDO,MUJER,VEH_LIVIANO,43,LESIONADO,MUJER,CICLISTA
2025-11-06 08:48:37,-4.033443,-79.182991,Calle Imbabura,SOLO_DANOS,Choque Vehicular,Inobservancia de senales,,,,,,,,,,,,
2025-09-13 07:28:58,-4.020690,-79.201760,Calle Mercadillo,CON_LESIONADOS,Incendio,Visibilidad reducida,56,LESIONADO,HOMBRE,SCOOTER,21,LESIONADO,MUJER,OTRO,28,LESIONADO,NO_REGISTRA,OTRO
2025-12-09 23:58:54,-4.017847,-79.183238,Av. Cuxibamba,CON_FALLECIDOS,Volcamiento,Falla mecanica,24,FALLECIDO,NO_REGISTRA,MOTOCICLETA,62,FALLECIDO,MUJER,SCOOTER,26,LESIONADO,NO_REGISTRA,PEATON
2025-09-29 17:50:29,-4.035098,-79.177517,Calle Montufar,CON_FALLECIDOS,Colision Multiple,Equipo de seguridad deficiente,37,FALLECIDO,HOMBRE,PEATON,64,FALLECIDO,MUJER,OTRO,48,LESIONADO,NO_REGISTRA,VEH_LIVIANO
2025-12-19 04:32:32,-4.032126,-79.196602,Av. 8 de Diciembre,SOLO_DANOS,Choque Vehicular,Visibilidad reducida,,,,,,,,,,,,
2025-02-06 16:53:18,-4.004369,-79.209975,Calle Montufar,SOLO_DANOS,Caida,Distraccion (celular/radio),,,,,,,,,,,,
2025-10-14 07:35:32,-4.033383,-79.210308,Calle Miguel Riofrio,CON_LESIONADOS,Atropellamiento,Estado de embriaguez,28,LESIONADO,NO_REGISTRA,PEATON,14,LESIONADO,MUJER,CICLISTA,38,LESIONADO,MUJER,OTRO
2025-10-26 13:04:41,-3.987936,-79.182860,Calle Mercadillo,CON_LESIONADOS,Colision Multiple,Via resbaladiza o mojada,61,LESIONADO,HOMBRE,SCOOTER,49,LESIONADO,NO_REGISTRA,MOTOCICLETA,,,,
2025-05-22 18:39:16,-3.987170,-79.223454,Av. Orillas del Zamora,CON_LESIONADOS,Incendio,Inobservancia de senales,22,LESIONADO,NO_REGISTRA,VEH_LIVIANO,57,LESIONADO,MUJER,SCOOTER,60,LESIONADO,HOMBRE,SCOOTER
2025-07-16 07:02:46,-4.013741,-79.178356,Calle Bolivar,CON_LESIONADOS,Colision Multiple,Exceso de velocidad,72,LESIONADO,MUJER,MOTOCICLETA,68,LESIONADO,MUJER,PEATON,32,LESIONADO,MUJER,CICLISTA
2025-07-27 09:52:51,-4.008916,-79.221071,Calle Colon,CON_LESIONADOS,Accidente Laboral,Inobservancia de senales,16,LESIONADO,NO_REGISTRA,VEH_LIVIANO,,,,,,,,
2025-12-18 00:21:11,-3.977338,-79.207911,Calle Imbabura,CON_FALLECIDOS,Volcamiento,Exceso de velocidad,79,FALLECIDO,HOMBRE,MOTOCICLETA,,,,,,,,
2025-06-19 21:32:54,-4.009574,-79.207925,Calle Quito,CON_LESIONADOS,Caida,Estado de embriaguez,52,LESIONADO,HOMBRE,OTRO,,,,,,,,
2025-04-23 00:33:28,-3.982831,-79.228192,Av. 8 de Diciembre,CON_FALLECIDOS,Incendio,Via resbaladiza o mojada,22,FALLECIDO,NO_REGISTRA,OTRO,71,FALLECIDO,HOMBRE,OTRO,23,LESIONADO,NO_REGISTRA,PEATON
2025-08-10 20:05:57,-3.980966,-79.172000,Calle Azogues,CON_LESIONADOS,Atropellamiento,Inobservancia de senales,12,LESIONADO,MUJER,MOTOCICLETA,59,LESIONADO,NO_REGISTRA,VEH_LIVIANO,45,LESIONADO,MUJER,OTRO
2025-05-02 03:58:14,-4.006404,-79.203309,Av. 8 de Diciembre,CON_FALLECIDOS,Volcamiento,Equipo de seguridad deficiente,50,FALLECIDO,MUJER,CICLISTA,27,FALLECIDO,NO_REGISTRA,PEATON,24,LESIONADO,NO_REGISTRA,MOTOCICLETA
2025-11-04 14:05:24,-4.024757,-79.172269,Calle Ramon Borrero,SOLO_DANOS,Accidente Laboral,Mal estado de la via,,,,,,,,,,,,
2025-10-20 10:36:34,-4.014445,-79.223680,Av. Universitaria,SOLO_DANOS,Choque Vehicular,Inobservancia de senales,30,LESIONADO,NO_REGISTRA,PEATON,,,,,,,,
2025-11-07 12:42:30,-4.025711,-79.192734,Calle Rocafuerte,CON_FALLECIDOS,Choque Vehicular,Via resbaladiza o mojada,68,FALLECIDO,MUJER,OTRO,20,FALLECIDO,NO_REGISTRA,OTRO,,,,
2025-06-24 15:33:29,-4.035886,-79.198312,Calle Azogues,CON_FALLECIDOS,Volcamiento,Estado de embriaguez,76,FALLECIDO,HOMBRE,MOTOCICLETA,,,,,,,,
2025-11-05 16:20:17,-3.996299,-79.208592,Av. Reinaldo Espinosa,CON_LESIONADOS,Incendio,Inobservancia de senales,32,LESIONADO,NO_REGISTRA,SCOOTER,31,LESIONADO,MUJER,MOTOCICLETA,,,,
2025-06-16 20:13:12,-3.979937,-79.189845,Via Loja - Zamora,SOLO_DANOS,Atropellamiento,Exceso de velocidad,,,,,,,,,,,,
2025-05-28 16:50:37,-4.033898,-79.176548,Via Loja - Zamora,CON_LESIONADOS,Colision Multiple,Fatiga del conductor,34,LESIONADO,NO_REGISTRA,SCOOTER,,,,,,,,
2025-11-25 14:10:27,-4.013337,-79.209706,Av. Orillas del Zamora,SOLO_DANOS,Incendio,Exceso de velocidad,,,,,,,,,,,,
2025-07-29 07:05:27,-3.977224,-79.218158,Calle Montufar,CON_LESIONADOS,Volcamiento,Visibilidad reducida,79,LESIONADO,MUJER,PEATON,44,LESIONADO,NO_REGISTRA,VEH_LIVIANO,,,,
2025-11-10 23:31:46,-4.017287,-79.189349,Calle Bolivar,CON_LESIONADOS,Choque Vehicular,Via resbaladiza o mojada,15,LESIONADO,HOMBRE,VEH_LIVIANO,20,LESIONADO,HOMBRE,CICLISTA,29,LESIONADO,HOMBRE,OTRO
2025-07-11 21:05:55,-3.990153,-79.197908,Calle Azogues,SOLO_DANOS,Choque Vehicular,Factores externos,,,,,,,,,,,,
2025-10-31 05:27:46,-3.997152,-79.207552,Av. Isidro Ayora,CON_FALLECIDOS,Accidente Laboral,Imprudencia del conductor,78,FALLECIDO,MUJER,MOTOCICLETA,64,LESIONADO,MUJER,SCOOTER,49,LESIONADO,NO_REGISTRA,PEATON
2025-09-29 05:27:34,-4.009512,-79.201913,Calle Rocafuerte,SOLO_DANOS,Incendio,Factores externos,,,,,,,,,,,,
2025-03-18 20:22:24,-3.983064,-79.227874,Ruta 35,CON_LESIONADOS,Volcamiento,Via resbaladiza o mojada,48,LESIONADO,MUJER,OTRO,,,,,,,,
2025-05-03 03:11:29,-4.010831,-79.227809,Calle Saraguro,CON_LESIONADOS,Volcamiento,Fatiga del conductor,10,LESIONADO,NO_REGISTRA,VEH_LIVIANO,41,LESIONADO,MUJER,OTRO,,,,
2025-01-16 15:44:03,-4.035224,-79.207927,Av. Metropolitana,CON_LESIONADOS,Accidente Laboral,Via resbaladiza o mojada,10,LESIONADO,NO_REGISTRA,MOTOCICLETA,64,LESIONADO,MUJER,PEATON,,,,
2025-01-05 13:59:25,-4.012830,-79.180933,Calle Quito,CON_FALLECIDOS,Caida,Estado de embriaguez,31,FALLECIDO,MUJER,OTRO,78,LESIONADO,NO_REGISTRA,OTRO,19,LESIONADO,NO_REGISTRA,VEH_LIVIANO
2025-08-02 15:02:18,-4.034276,-79.213762,Via Loja - Catamayo,CON_LESIONADOS,Colision Multiple,Falla mecanica,18,LESIONADO,MUJER,MOTOCICLETA,73,LESIONADO,HOMBRE,SCOOTER,54,LESIONADO,NO_REGISTRA,CICLISTA
2025-01-21 19:23:24,-4.006330,-79.179838,Calle 10 de Agosto,CON_LESIONADOS,Incendio,Estado de embriaguez,51,LESIONADO,NO_REGISTRA,VEH_LIVIANO,28,LESIONADO,MUJER,PEATON,40,LESIONADO,MUJER,CICLISTA
2025-11-18 08:14:18,-4.004772,-79.205392,Via Loja - Catamayo,SOLO_DANOS,Choque Vehicular,Inobservancia de senales,,,,,,,,,,,,
2025-12-10 02:51:34,-4.025624,-79.196075,Av. Manuel Agustin Aguirre,SOLO_DANOS,Accidente Laboral,Fatiga del conductor,,,,,,,,,,,,
2025-10-14 13:40:17,-4.035512,-79.192258,Calle Azogues,CON_LESIONADOS,Atropellamiento,Inobservancia de senales,33,LESIONADO,NO_REGISTRA,SCOOTER,65,LESIONADO,MUJER,SCOOTER,30,LESIONADO,NO_REGISTRA,CICLISTA
2025-07-09 01:09:10,-4.003955,-79.189153,Av. Orillas del Zamora,CON_LESIONADOS,Volcamiento,Mal estado de la via,63,LESIONADO,HOMBRE,MOTOCICLETA,,,,,,,,
2025-03-20 02:34:19,-3.978373,-79.206853,Calle Quito,CON_FALLECIDOS,Atropellamiento,Fatiga del conductor,23,FALLECIDO,NO_REGISTRA,PEATON,32,FALLECIDO,MUJER,PEATON,52,LESIONADO,HOMBRE,VEH_LIVIANO
2025-06-23 22:24:07,-3.990032,-79.222642,Via Loja - Zamora,CON_FALLECIDOS,Choque Vehicular,Equipo de seguridad deficiente,69,FALLECIDO,HOMBRE,CICLISTA,67,FALLECIDO,NO_REGISTRA,SCOOTER,12,LESIONADO,NO_REGISTRA,OTRO
2025-03-20 00:07:35,-3.986990,-79.181974,Calle Azogues,CON_LESIONADOS,Accidente Laboral,Equipo de seguridad deficiente,18,LESIONADO,MUJER,MOTOCICLETA,,,,,,,,
2025-10-23 22:25:56,-4.026836,-79.226828,Calle Quito,CON_LESIONADOS,Volcamiento,Estado de embriaguez,35,LESIONADO,HOMBRE,CICLISTA,74,LESIONADO,HOMBRE,CICLISTA,,,,
2025-06-04 13:22:28,-3.977288,-79.187035,Via Loja - Zamora,SOLO_DANOS,Volcamiento,Mal estado de la via,,,,,,,,,,,,
2025-08-14 20:50:44,-4.024719,-79.225106,Av. Rosa Hermosa,CON_FALLECIDOS,Accidente Laboral,Via resbaladiza o mojada,27,FALLECIDO,HOMBRE,SCOOTER,65,FALLECIDO,MUJER,PEATON,,,,
2025-05-15 21:03:58,-4.000965,-79.224568,Av. 8 de Diciembre,CON_LESIONADOS,Incendio,Visibilidad reducida,12,LESIONADO,HOMBRE,SCOOTER,25,LESIONADO,HOMBRE,VEH_LIVIANO,,,,
2025-01-06 00:55:28,-4.035047,-79.207374,Av. Rosa Hermosa,SOLO_DANOS,Accidente Laboral,Inobservancia de senales,,,,,,,,,,,,
2025-05-02 19:40:34,-4.021839,-79.182466,Av. Reinaldo Espinosa,SOLO_DANOS,Accidente Laboral,Via resbaladiza o mojada,,,,,,,,,,,,
2025-10-08 12:10:09,-4.031987,-79.209884,Calle Rocafuerte,CON_LESIONADOS,Atropellamiento,Falla mecanica,12,LESIONADO,MUJER,OTRO,11,LESIONADO,NO_REGISTRA,PEATON,6,LESIONADO,HOMBRE,PEATON
2025-07-24 09:43:24,-3.990250,-79.187016,Calle Miguel Riofrio,SOLO_DANOS,Colision Multiple,Visibilidad reducida,,,,,,,,,,,,
2025-03-08 09:54:53,-3.985872,-79.174712,Calle Imbabura,CON_FALLECIDOS,Accidente Laboral,Fatiga del conductor,43,FALLECIDO,HOMBRE,VEH_LIVIANO,28,LESIONADO,HOMBRE,CICLISTA,,,,
2025-05-25 19:43:11,-4.005132,-79.211937,Calle Rocafuerte,CON_FALLECIDOS,Atropellamiento,Imprudencia del conductor,31,FALLECIDO,HOMBRE,OTRO,33,FALLECIDO,NO_REGISTRA,PEATON,68,LESIONADO,MUJER,MOTOCICLETA
2025-01-26 21:36:33,-4.001870,-79.192801,Av. 8 de Diciembre,CON_FALLECIDOS,Atropellamiento,Falla mecanica,51,FALLECIDO,NO_REGISTRA,PEATON,,,,,,,,
2025-09-04 18:46:54,-3.986535,-79.186835,Av. Manuel Agustin Aguirre,SOLO_DANOS,Colision Multiple,Factores externos,,,,,,,,,,,,
2025-06-08 14:44:59,-4.005049,-79.177619,Av. Pio Jaramillo,CON_FALLECIDOS,Caida,Factores externos,80,FALLECIDO,HOMBRE,VEH_LIVIANO,67,FALLECIDO,MUJER,SCOOTER,78,LESIONADO,MUJER,VEH_LIVIANO
2025-03-05 13:07:12,-4.018335,-79.192999,Calle Saraguro,CON_FALLECIDOS,Volcamiento,Visibilidad reducida,45,FALLECIDO,HOMBRE,MOTOCICLETA,52,LESIONADO,MUJER,CICLISTA,30,LESIONADO,NO_REGISTRA,OTRO
2025-11-17 10:59:24,-3.988713,-79.228152,Av. Manuel Agustin Aguirre,CON_FALLECIDOS,Incendio,Via resbaladiza o mojada,81,FALLECIDO,HOMBRE,PEATON,44,FALLECIDO,MUJER,PEATON,,,,
2025-11-26 16:26:11,-4.034288,-79.207201,Av. Metropolitana,CON_LESIONADOS,Colision Multiple,Inobservancia de senales,59,LESIONADO,MUJER,SCOOTER,,,,,,,,
2025-07-12 09:41:47,-3.989222,-79.209328,Av. Isidro Ayora,CON_FALLECIDOS,Incendio,Distraccion (celular/radio),78,FALLECIDO,MUJER,PEATON,55,FALLECIDO,MUJER,SCOOTER,,,,
2025-03-27 01:43:42,-4.001673,-79.207028,Calle Rocafuerte,SOLO_DANOS,Caida,Inobservancia de senales,,,,,,,,,,,,
2025-05-21 04:02:26,-3.987945,-79.213526,Av. Cuxibamba,SOLO_DANOS,Colision Multiple,Estado de embriaguez,,,,,,,,,,,,
2025-07-12 23:40:39,-4.036475,-79.228897,Via Loja - Zamora,SOLO_DANOS,Accidente Laboral,Falla mecanica,42,LESIONADO,MUJER,PEATON,,,,,,,,
2025-12-19 04:32:36,-4.030245,-79.202771,Av. Orillas del Zamora,CON_FALLECIDOS,Incendio,Imprudencia del conductor,61,FALLECIDO,MUJER,VEH_LIVIANO,20,FALLECIDO,NO_REGISTRA,MOTOCICLETA,30,LESIONADO,MUJER,MOTOCICLETA
2025-09-05 23:58:42,-3.983088,-79.213521,Av. 8 de Diciembre,CON_LESIONADOS,Caida,Fatiga del conductor,11,LESIONADO,HOMBRE,MOTOCICLETA,54,LESIONADO,NO_REGISTRA,MOTOCICLETA,,,,
2025-10-22 16:17:37,-3.989234,-79.197939,Calle 18 de Noviembre,CON_LESIONADOS,Caida,Exceso de velocidad,58,LESIONADO,HOMBRE,OTRO,41,LESIONADO,MUJER,PEATON,33,LESIONADO,MUJER,PEATON
2025-07-11 00:25:39,-4.027079,-79.211517,Via Loja - Catamayo,CON_LESIONADOS,Volcamiento,Mal estado de la via,75,LESIONADO,HOMBRE,SCOOTER,,,,,,,,
2025-10-05 20:23:58,-4.027673,-79.185990,Calle Azogues,SOLO_DANOS,Accidente Laboral,Inobservancia de senales,,,,,,,,,,,,
2025-10-16 10:54:13,-3.987046,-79.174412,Calle Ramon Borrero,SOLO_DANOS,Incendio,Fatiga del conductor,,,,,,,,,,,,
2025-12-14 22:32:22,-4.020953,-79.176378,Calle Montufar,CON_FALLECIDOS,Choque Vehicular,Imprudencia del conductor,39,FALLECIDO,HOMBRE,OTRO,73,FALLECIDO,MUJER,MOTOCICLETA,37,LESIONADO,MUJER,VEH_LIVIANO
2025-04-10 12:15:15,-4.036559,-79.180023,Av. Orillas del Zamora,CON_FALLECIDOS,Atropellamiento,Imprudencia del conductor,48,FALLECIDO,NO_REGISTRA,MOTOCICLETA,36,LESIONADO,MUJER,SCOOTER,68,LESIONADO,HOMBRE,PEATON
2025-05-07 16:12:35,-4.005140,-79.206111,Calle Ramon Borrero,SOLO_DANOS,Atropellamiento,Equipo de seguridad deficiente,,,,,,,,,,,,
2025-11-30 20:20:21,-3.981107,-79.206045,Av. Pio Jaramillo,SOLO_DANOS,Accidente Laboral,Mal estado de la via,,,,,,,,,,,,
2025-11-13 10:07:14,-4.009464,-79.225448,Calle Sucre,SOLO_DANOS,Accidente Laboral,Estado de embriaguez,,,,,,,,,,,,
2025-04-15 19:36:55,-3.982682,-79.190707,Av. Cuxibamba,SOLO_DANOS,Atropellamiento,Via resbaladiza o mojada,,,,,,,,,,,,
2025-06-27 14:43:39,-4.027114,-79.184552,Av. Cuxibamba,CON_LESIONADOS,Incendio,Distraccion (celular/radio),60,LESIONADO,NO_REGISTRA,SCOOTER,37,LESIONADO,HOMBRE,OTRO,,,,