fecha_hora,latitud,longitud,via,grado_severidad,tipo_siniestro,causa_probable,victima1_edad,victima1_condicion,victima1_sexo,victima1_actor_vial,victima2_edad,victima2_condicion,victima2_sexo,victima2_actor_vial,victima3_edad,victima3_condicion,victima3_sexo,victima3_actor_vial
2025-11-27 14:23:42,-4.021683,-79.214314,Av. Metropolitana,CON_LESIONADOS,Volcamiento,Exceso de velocidad,7,LESIONADO,HOMBRE,PEATON,,,,,,,,
2025-06-11 13:20:36,-4.002913,-79.203514,Calle Ramon Borrero,SOLO_DANOS,Atropellamiento,Distraccion (celular/radio),,,,,,,,,,,,
2025-06-26 10:15:28,-4.021351,-79.210687,Av. Pio Jaramillo,CON_FALLECIDOS,Caida,Factores externos,81,FALLECIDO,MUJER,OTRO,62,LESIONADO,HOMBRE,OTRO,34,LESIONADO,MUJER,CICLISTA
2025-10-18 12:05:27,-4.010950,-79.211664,Calle Bolivar,CON_FALLECIDOS,Incendio,Falla mecanica,46,FALLECIDO,NO_REGISTRA,PEATON,58,FALLECIDO,NO_REGISTRA,OTRO,66,LESIONADO,MUJER,CICLISTA
2025-10-18 16:16:34,-4.010119,-79.185868,Av. Metropolitana,CON_FALLECIDOS,Caida,Distraccion (celular/radio),51,FALLECIDO,MUJER,VEH_LIVIANO,49,FALLECIDO,NO_REGISTRA,CICLISTA,8,LESIONADO,HOMBRE,SCOOTER
2025-12-14 22:32:21,-4.004636,-79.222045,Calle Saraguro,SOLO_DANOS,Incendio,Equipo de seguridad deficiente,,,,,,,,,,,,
2025-01-09 10:38:34,-3.990688,-79.219882,Av. Pio Jaramillo,CON_FALLECIDOS,Choque Vehicular,Exceso de velocidad,18,FALLECIDO,MUJER,SCOOTER,21,FALLECIDO,HOMBRE,CICLISTA,77,LESIONADO,NO_REGISTRA,CICLISTA
2025-09-26 10:41:57,-4.029474,-79.226840,Av. Reinaldo Espinosa,SOLO_DANOS,Volcamiento,Via resbaladiza o mojada,,,,,,,,,,,,
2025-06-21 11:59:48,-3.993842,-79.207653,Calle Sucre,CON_FALLECIDOS,Colision Multiple,Imprudencia del conductor,40,FALLECIDO,NO_REGISTRA,SCOOTER,20,LESIONADO,MUJER,VEH_LIVIANO,63,LESIONADO,HOMBRE,SCOOTER
2025-02-04 16:35:59,-4.027755,-79.214328,Calle Montufar,CON_LESIONADOS,Incendio,Equipo de seguridad deficiente,25,LESIONADO,MUJER,MOTOCICLETA,22,LESIONADO,NO_REGISTRA,OTRO,,,,
2025-12-05 15:22:14,-4.014107,-79.225319,Calle Sucre,CON_LESIONADOS,Colision Multiple,Fatiga del conductor,71,LESIONADO,HOMBRE,MOTOCICLETA,,,,,,,,
2025-08-13 16:24:49,-4.008656,-79.224812,Av. Universitaria,SOLO_DANOS,Accidente Laboral,Equipo de seguridad deficiente,,,,,,,,,,,,
2025-11-12 19:39:09,-4.027893,-79.212814,Av. Reinaldo Espinosa,CON_LESIONADOS,Choque Vehicular,Inobservancia de senales,60,LESIONADO,MUJER,PEATON,,,,,,,,
2025-10-04 09:09:34,-3.982090,-79.216212,Av. Gran Colombia,CON_LESIONADOS,Colision Multiple,Distraccion (celular/radio),24,LESIONADO,HOMBRE,SCOOTER,,,,,,,,
2025-08-01 01:32:50,-4.007013,-79.176483,Av. Isidro Ayora,CON_FALLECIDOS,Accidente Laboral,Estado de embriaguez,65,FALLECIDO,NO_REGISTRA,PEATON,66,LESIONADO,NO_REGISTRA,PEATON,60,LESIONADO,NO_REGISTRA,SCOOTER
2025-12-23 06:35:32,-4.036813,-79.221658,Calle Azogues,CON_LESIONADOS,Accidente Laboral,Mal estado de la via,50,LESIONADO,MUJER,PEATON,,,,,,,,
2025-10-09 14:15:06,-4.015733,-79.180995,Calle Rocafuerte,CON_FALLECIDOS,Caida,Estado de embriaguez,84,FALLECIDO,MUJER,MOTOCICLETA,54,FALLECIDO,MUJER,OTRO,17,LESIONADO,MUJER,OTRO
2025-06-07 13:24:25,-4.017077,-79.204858,Av. Universitaria,CON_FALLECIDOS,Atropellamiento,Mal estado de la via,31,FALLECIDO,MUJER,PEATON,,,,,,,,
2025-06-21 01:49:29,-4.035675,-79.194747,Av. Universitaria,SOLO_DANOS,Incendio,Fatiga del conductor,,,,,,,,,,,,
2025-06-08 11:44:04,-4.027492,-79.229991,Calle Miguel Riofrio,SOLO_DANOS,Atropellamiento,Fatiga del conductor,69,LESIONADO,NO_REGISTRA,SCOOTER,,,,,,,,
2025-08-31 14:57:40,-3.995107,-79.229750,Calle 18 de Noviembre,CON_FALLECIDOS,Accidente Laboral,Exceso de velocidad,58,FALLECIDO,MUJER,PEATON,29,FALLECIDO,HOMBRE,SCOOTER,,,,
2025-06-16 07:10:08,-4.030555,-79.177546,Av. Reinaldo Espinosa,CON_LESIONADOS,Incendio,Via resbaladiza o mojada,11,LESIONADO,NO_REGISTRA,SCOOTER,77,LESIONADO,HOMBRE,VEH_LIVIANO,,,,
2025-11-22 17:21:01,-4.023788,-79.193804,Av. Pio Jaramillo,SOLO_DANOS,Caida,Distraccion (celular/radio),,,,,,,,,,,,
2025-05-16 08:50:55,-4.028729,-79.179286,Calle Montufar,SOLO_DANOS,Caida,Distraccion (celular/radio),,,,,,,,,,,,
2025-11-05 14:39:13,-4.023857,-79.200126,Av. Rosa Hermosa,SOLO_DANOS,Accidente Laboral,Fatiga del conductor,,,,,,,,,,,,
2025-11-06 16:08:38,-4.026454,-79.184967,Calle Mercadillo,CON_LESIONADOS,Volcamiento,Exceso de velocidad,79,LESIONADO,NO_REGISTRA,CICLISTA,44,LESIONADO,NO_REGISTRA,VEH_LIVIANO,6,LESIONADO,NO_REGISTRA,MOTOCICLETA
2025-10-04 01:26:24,-4.006703,-79.223902,Calle Rocafuerte,CON_LESIONADOS,Accidente Laboral,Imprudencia del conductor,48,LESIONADO,MUJER,MOTOCICLETA,,,,,,,,
2025-11-14 21:26:40,-3.985017,-79.225093,Calle Rocafuerte,CON_FALLECIDOS,Volcamiento,Falla mecanica,19,FALLECIDO,NO_REGISTRA,CICLISTA,75,FALLECIDO,MUJER,MOTOCICLETA,24,LESIONADO,MUJER,SCOOTER
2025-05-07 03:21:22,-4.012992,-79.202176,Via Loja - Catamayo,CON_FALLECIDOS,Atropellamiento,Visibilidad reducida,31,FALLECIDO,NO_REGISTRA,CICLISTA,,,,,,,,
2025-05-11 04:17:02,-3.977588,-79.220573,Calle Sucre,CON_FALLECIDOS,Accidente Laboral,Via resbaladiza o mojada,34,FALLECIDO,NO_REGISTRA,SCOOTER,59,FALLECIDO,NO_REGISTRA,VEH_LIVIANO,53,LESIONADO,NO_REGISTRA,OTRO
2025-08-21 17:15:58,-3.982383,-79.202108,Calle Ramon Borrero,CON_FALLECIDOS,Choque Vehicular,Equipo de seguridad deficiente,50,FALLECIDO,HOMBRE,MOTOCICLETA,57,LESIONADO,HOMBRE,VEH_LIVIANO,,,,
2025-04-15 07:47:45,-4.028673,-79.202419,Calle Ramon Borrero,CON_LESIONADOS,Volcamiento,Factores externos,63,LESIONADO,HOMBRE,MOTOCICLETA,40,LESIONADO,HOMBRE,SCOOTER,,,,
2025-04-03 00:31:19,-4.022488,-79.223389,Via Loja - Catamayo,CON_LESIONADOS,Choque Vehicular,Via resbaladiza o mojada,10,LESIONADO,HOMBRE,PEATON,22,LESIONADO,MUJER,PEATON,75,LESIONADO,HOMBRE,PEATON
2025-08-07 04:39:40,-4.025480,-79.216691,Av. Metropolitana,CON_FALLECIDOS,Caida,Mal estado de la via,76,FALLECIDO,HOMBRE,CICLISTA,78,LESIONADO,MUJER,MOTOCICLETA,,,,
2025-07-20 20:01:51,-4.026220,-79.211073,Av. Cuxibamba,SOLO_DANOS,Atropellamiento,Equipo de seguridad deficiente,,,,,,,,,,,,
2025-09-28 09:41:25,-4.003420,-79.213523,Calle Bolivar,CON_FALLECIDOS,Choque Vehicular,Imprudencia del conductor,46,FALLECIDO,MUJER,PEATON,39,FALLECIDO,NO_REGISTRA,MOTOCICLETA,62,LESIONADO,MUJER,PEATON
2025-08-13 00:19:47,-4.015653,-79.174423,Ruta 35,CON_FALLECIDOS,Choque Vehicular,Imprudencia del conductor,37,FALLECIDO,HOMBRE,PEATON,57,FALLECIDO,NO_REGISTRA,OTRO,34,LESIONADO,HOMBRE,VEH_LIVIANO
2025-07-13 14:36:47,-3.979267,-79.221897,Calle Imbabura,CON_LESIONADOS,Incendio,Visibilidad reducida,11,LESIONADO,NO_REGISTRA,MOTOCICLETA,,,,,,,,
2025-06-01 04:50:54,-4.012557,-79.203742,Calle 18 de Noviembre,SOLO_DANOS,Atropellamiento,Falla mecanica,,,,,,,,,,,,
2025-11-27 20:07:09,-4.030275,-79.218016,Av. Reinaldo Espinosa,CON_LESIONADOS,Caida,Mal estado de la via,63,LESIONADO,NO_REGISTRA,OTRO,14,LESIONADO,MUJER,PEATON,,,,
2025-03-09 23:33:40,-4.009439,-79.201976,Calle 18 de Noviembre,CON_LESIONADOS,Colision Multiple,Via resbaladiza o mojada,11,LESIONADO,MUJER,CICLISTA,25,LESIONADO,MUJER,VEH_LIVIANO,,,,
2025-05-09 11:28:05,-3.992967,-79.223624,Calle 18 de Noviembre,CON_FALLECIDOS,Atropellamiento,Inobservancia de senales,29,FALLECIDO,MUJER,OTRO,,,,,,,,
2025-09-07 01:33:30,-3.995809,-79.176018,Av. Metropolitana,CON_FALLECIDOS,Atropellamiento,Equipo de seguridad deficiente,77,FALLECIDO,NO_REGISTRA,CICLISTA,33,FALLECIDO,NO_REGISTRA,PEATON,14,LESIONADO,MUJER,CICLISTA
2025-10-19 06:00:11,-3.986842,-79.171360,Av. Manuel Agustin Aguirre,CON_LESIONADOS,Choque Vehicular,Visibilidad reducida,11,LESIONADO,HOMBRE,OTRO,,,,,,,,
2025-04-25 01:20:42,-4.007058,-79.192489,Calle Bolivar,CON_FALLECIDOS,Incendio,Visibilidad reducida,61,FALLECIDO,MUJER,PEATON,75,FALLECIDO,NO_REGISTRA,PEATON,45,LESIONADO,HOMBRE,MOTOCICLETA
2025-10-06 14:21:16,-4.010978,-79.230916,Calle Colon,CON_FALLECIDOS,Atropellamiento,Via resbaladiza o mojada,66,FALLECIDO,MUJER,PEATON,,,,,,,,
2025-11-07 15:47:20,-4.036309,-79.193508,Av. Reinaldo Espinosa,CON_FALLECIDOS,Volcamiento,Factores externos,23,FALLECIDO,MUJER,SCOOTER,21,FALLECIDO,NO_REGISTRA,OTRO,30,LESIONADO,MUJER,OTRO
2025-01-30 05:42:57,-3.999388,-79.200773,Av. Pio Jaramillo,CON_FALLECIDOS,Accidente Laboral,Fatiga del conductor,21,FALLECIDO,HOMBRE,SCOOTER,56,LESIONADO,HOMBRE,VEH_LIVIANO,24,LESIONADO,NO_REGISTRA,PEATON
2025-05-14 14:26:08,-3.993543,-79.209110,Av. Isidro Ayora,SOLO_DANOS,Choque Vehicular,Factores externos,,,,,,,,,,,,
2025-09-03 19:09:33,-4.034945,-79.172330,Calle Mercadillo,CON_FALLECIDOS,Volcamiento,Estado de embriaguez,45,FALLECIDO,NO_REGISTRA,MOTOCICLETA,85,FALLECIDO,MUJER,PEATON,,,,
2025-08-22 07:54:28,-3.988138,-79.219687,Calle Ramon Borrero,CON_FALLECIDOS,Caida,Inobservancia de senales,31,FALLECIDO,NO_REGISTRA,PEATON,,,,,,,,
2025-11-13 19:14:23,-3.995654,-79.219121,Calle Azogues,SOLO_DANOS,Accidente Laboral,Falla mecanica,,,,,,,,,,,,
2025-04-10 00:25:41,-4.027472,-79.192174,Av. Cuxibamba,CON_LESIONADOS,Volcamiento,Exceso de velocidad,71,LESIONADO,NO_REGISTRA,VEH_LIVIANO,16,LESIONADO,NO_REGISTRA,VEH_LIVIANO,12,LESIONADO,NO_REGISTRA,MOTOCICLETA
2025-10-05 12:44:53,-4.029200,-79.220704,Calle Miguel Riofrio,SOLO_DANOS,Choque Vehicular,Inobservancia de senales,,,,,,,,,,,,
2025-12-19 20:50:50,-4.010488,-79.219489,Calle Azogues,SOLO_DANOS,Choque Vehicular,Distraccion (celular/radio),,,,,,,,,,,,
2025-02-23 16:46:23,-4.033120,-79.187248,Calle Azogues,CON_LESIONADOS,Incendio,Exceso de velocidad,45,LESIONADO,NO_REGISTRA,SCOOTER,32,LESIONADO,MUJER,MOTOCICLETA,,,,
2025-09-01 12:36:15,-4.000054,-79.215969,Calle Rocafuerte,SOLO_DANOS,Choque Vehicular,Visibilidad reducida,26,LESIONADO,NO_REGISTRA,CICLISTA,,,,,,,,
2025-07-22 14:24:08,-3.983392,-79.176559,Via Loja - Catamayo,SOLO_DANOS,Accidente Laboral,Exceso de velocidad,,,,,,,,,,,,
2025-07-10 23:44:32,-4.004355,-79.193830,Av. Isidro Ayora,CON_FALLECIDOS,Choque Vehicular,Factores externos,39,FALLECIDO,MUJER,MOTOCICLETA,69,LESIONADO,HOMBRE,MOTOCICLETA,,,,
2025-12-14 14:56:14,-3.997829,-79.187628,Calle Montufar,CON_FALLECIDOS,Accidente Laboral,Via resbaladiza o mojada,80,FALLECIDO,NO_REGISTRA,MOTOCICLETA,66,FALLECIDO,HOMBRE,MOTOCICLETA,53,LESIONADO,HOMBRE,CICLISTA
2025-05-17 13:57:13,-4.026413,-79.211851,Calle Imbabura,CON_FALLECIDOS,Incendio,Inobservancia de senales,31,FALLECIDO,HOMBRE,CICLISTA,38,FALLECIDO,NO_REGISTRA,CICLISTA,11,LESIONADO,NO_REGISTRA,MOTOCICLETA
2025-07-21 21:32:48,-4.003884,-79.205209,Calle Montufar,CON_LESIONADOS,Caida,Exceso de velocidad,75,LESIONADO,HOMBRE,CICLISTA,30,LESIONADO,MUJER,MOTOCICLETA,33,LESIONADO,MUJER,MOTOCICLETA
2025-01-03 23:47:41,-4.007539,-79.182411,Calle Montufar,CON_LESIONADOS,Caida,Visibilidad reducida,39,LESIONADO,NO_REGISTRA,CICLISTA,64,LESIONADO,NO_REGISTRA,OTRO,,,,
2025-03-16 04:04:33,-4.026299,-79.220837,Av. Rosa Hermosa,CON_FALLECIDOS,Caida,Via resbaladiza o mojada,73,FALLECIDO,MUJER,OTRO,25,FALLECIDO,MUJER,SCOOTER,49,LESIONADO,MUJER,CICLISTA
2025-12-18 01:14:18,-3.981750,-79.185963,Av. 8 de Diciembre,CON_FALLECIDOS,Volcamiento,Via resbaladiza o mojada,46,FALLECIDO,HOMBRE,OTRO,65,FALLECIDO,MUJER,VEH_LIVIANO,,,,
2025-01-21 15:19:16,-3.993509,-79.187809,Av. Metropolitana,CON_FALLECIDOS,Atropellamiento,Falla mecanica,80,FALLECIDO,MUJER,VEH_LIVIANO,72,LESIONADO,NO_REGISTRA,MOTOCICLETA,,,,
2025-02-22 04:29:19,-3.997603,-79.181060,Calle Bolivar,CON_FALLECIDOS,Colision Multiple,Fatiga del conductor,18,FALLECIDO,MUJER,MOTOCICLETA,55,FALLECIDO,MUJER,SCOOTER,42,LESIONADO,NO_REGISTRA,MOTOCICLETA
2025-06-07 09:12:42,-4.011884,-79.210998,Av. Gran Colombia,CON_LESIONADOS,Choque Vehicular,Falla mecanica,24,LESIONADO,NO_REGISTRA,SCOOTER,14,LESIONADO,MUJER,PEATON,31,LESIONADO,NO_REGISTRA,MOTOCICLETA
2025-09-22 23:08:54,-4.002649,-79.226254,Av. Metropolitana,SOLO_DANOS,Incendio,Estado de embriaguez,,,,,,,,,,,,
2025-10-25 02:37:27,-4.001429,-79.211914,Av. Orillas del Zamora,SOLO_DANOS,Caida,Via resbaladiza o mojada,,,,,,,,,,,,
2025-07-12 16:40:32,-3.985555,-79.199980,Calle 18 de Noviembre,CON_LESIONADOS,Choque Vehicular,Equipo de seguridad deficiente,35,LESIONADO,NO_REGISTRA,MOTOCICLETA,70,LESIONADO,HOMBRE,PEATON,5,LESIONADO,HOMBRE,CICLISTA
2025-05-26 12:24:47,-4.026712,-79.212508,Calle Saraguro,CON_LESIONADOS,Volcamiento,Via resbaladiza o mojada,45,LESIONADO,MUJER,PEATON,57,LESIONADO,MUJER,SCOOTER,49,LESIONADO,HOMBRE,MOTOCICLETA
2025-05-04 05:17:55,-4.020959,-79.187539,Av. Orillas del Zamora,CON_FALLECIDOS,Colision Multiple,Mal estado de la via,37,FALLECIDO,NO_REGISTRA,SCOOTER,65,FALLECIDO,HOMBRE,VEH_LIVIANO,38,LESIONADO,NO_REGISTRA,OTRO
2025-05-28 21:54:43,-4.031800,-79.219877,Av. Gran Colombia,CON_FALLECIDOS,Atropellamiento,Inobservancia de senales,82,FALLECIDO,MUJER,SCOOTER,19,FALLECIDO,HOMBRE,SCOOTER,,,,
2025-12-16 01:34:22,-4.036492,-79.193915,Calle Colon,CON_LESIONADOS,Colision Multiple,Mal estado de la via,71,LESIONADO,HOMBRE,CICLISTA,,,,,,,,
2025-07-01 01:03:28,-4.005859,-79.195154,Calle Quito,CON_LESIONADOS,Atropellamiento,Via resbaladiza o mojada,23,LESIONADO,NO_REGISTRA,MOTOCICLETA,,,,,,,,
2025-11-04 19:38:02,-4.006963,-79.178754,Calle Imbabura,SOLO_DANOS,Incendio,Mal estado de la via,,,,,,,,,,,,
2025-03-07 09:59:38,-3.998012,-79.186808,Calle Sucre,CON_LESIONADOS,Caida,Imprudencia del conductor,65,LESIONADO,HOMBRE,SCOOTER,41,LESIONADO,NO_REGISTRA,SCOOTER,18,LESIONADO,HOMBRE,MOTOCICLETA
2025-02-05 21:54:10,-4.022517,-79.192011,Av. Gran Colombia,CON_FALLECIDOS,Colision Multiple,Visibilidad reducida,64,FALLECIDO,HOMBRE,MOTOCICLETA,12,LESIONADO,NO_REGISTRA,VEH_LIVIANO,,,,
2025-03-02 04:29:04,-3.979564,-79.203885,Calle Miguel Riofrio,SOLO_DANOS,Choque Vehicular,Exceso de velocidad,,,,,,,,,,,,
2025-07-13 03:42:00,-3.995904,-79.178474,Calle 18 de Noviembre,SOLO_DANOS,Incendio,Falla mecanica,,,,,,,,,,,,
2025-07-04 02:45:45,-3.983140,-79.224026,Ruta 35,CON_FALLECIDOS,Colision Multiple,Via resbaladiza o mojada,28,FALLECIDO,MUJER,CICLISTA,,,,,,,,
2025-09-16 12:19:17,-4.029663,-79.175634,Av. Pio Jaramillo,CON_FALLECIDOS,Caida,Imprudencia del conductor,72,FALLECIDO,MUJER,SCOOTER,43,FALLECIDO,NO_REGISTRA,MOTOCICLETA,51,LESIONADO,MUJER,CICLISTA
2025-11-10 18:34:33,-4.007019,-79.220560,Av. Cuxibamba,CON_FALLECIDOS,Accidente Laboral,Via resbaladiza o mojada,30,FALLECIDO,NO_REGISTRA,SCOOTER,20,LESIONADO,MUJER,VEH_LIVIANO,,,,
2025-02-08 08:37:29,-3.977132,-79.197956,Av. 8 de Diciembre,CON_LESIONADOS,Accidente Laboral,Via resbaladiza o mojada,7,LESIONADO,MUJER,OTRO,,,,,,,,
2025-08-30 00:57:56,-4.006904,-79.221661,Calle Miguel Riofrio,SOLO_DANOS,Volcamiento,Mal estado de la via,,,,,,,,,,,,
2025-07-19 20:44:31,-4.030638,-79.186147,Calle 10 de Agosto,SOLO_DANOS,Incendio,Equipo de seguridad deficiente,,,,,,,,,,,,
2025-10-26 18:25:14,-3.995876,-79.180885,Via Loja - Zamora,SOLO_DANOS,Accidente Laboral,Inobservancia de senales,,,,,,,,,,,,
2025-02-14 22:27:34,-3.989025,-79.214476,Calle Imbabura,CON_FALLECIDOS,Accidente Laboral,Mal estado de la via,19,FALLECIDO,MUJER,OTRO,34,FALLECIDO,NO_REGISTRA,VEH_LIVIANO,5,LESIONADO,HOMBRE,OTRO
2025-06-26 02:16:13,-4.012233,-79.208678,Av. Gran Colombia,CON_LESIONADOS,Choque Vehicular,Distraccion (celular/radio),54,LESIONADO,MUJER,PEATON,,,,,,,,
2025-12-13 08:35:59,-4.004721,-79.223523,Av. Orillas del Zamora,CON_LESIONADOS,Accidente Laboral,Estado de embriaguez,50,LESIONADO,NO_REGISTRA,VEH_LIVIANO,65,LESIONADO,HOMBRE,OTRO,24,LESIONADO,HOMBRE,MOTOCICLETA
2025-06-10 20:18:58,-4.009999,-79.202008,Av. Cuxibamba,CON_FALLECIDOS,Atropellamiento,Inobservancia de senales,59,FALLECIDO,MUJER,PEATON,80,FALLECIDO,HOMBRE,SCOOTER,23,LESIONADO,MUJER,CICLISTA
2025-09-29 20:15:14,-4.031757,-79.229151,Av. Universitaria,CON_FALLECIDOS,Atropellamiento,Factores externos,75,FALLECIDO,MUJER,OTRO,73,FALLECIDO,MUJER,SCOOTER,52,LESIONADO,NO_REGISTRA,SCOOTER
2025-03-12 15:22:45,-4.024329,-79.176927,Via Loja - Catamayo,SOLO_DANOS,Colision Multiple,Imprudencia del conductor,,,,,,,,,,,,
2025-04-13 07:04:26,-4.014359,-79.184194,Av. Gran Colombia,CON_LESIONADOS,Choque Vehicular,Factores externos,41,LESIONADO,HOMBRE,SCOOTER,,,,,,,,
2025-03-08 13:00:40,-4.024832,-79.180468,Av. Isidro Ayora,SOLO_DANOS,Incendio,Visibilidad reducida,,,,,,,,,,,,
2025-12-25 07:22:12,-3.977555,-79.228429,Av. Universitaria,SOLO_DANOS,Colision Multiple,Equipo de seguridad deficiente,,,,,,,,,,,,
2025-12-20 15:54:50,-4.000503,-79.209815,Calle Azogues,CON_LESIONADOS,Atropellamiento,Equipo de seguridad deficiente,17,LESIONADO,HOMBRE,MOTOCICLETA,69,LESIONADO,HOMBRE,CICLISTA,,,,
2025-08-14 14:28:31,-4.022185,-79.200915,Ruta 35,CON_FALLECIDOS,Caida,Estado de embriaguez,60,FALLECIDO,MUJER,MOTOCICLETA,5,LESIONADO,MUJER,OTRO,,,,
2025-05-05 12:42:03,-3.993465,-79.220929,Av. Rosa Hermosa,CON_LESIONADOS,Atropellamiento,Factores externos,68,LESIONADO,NO_REGISTRA,PEATON,,,,,,,,
2025-06-30 01:54:01,-4.020375,-79.221137,Calle Miguel Riofrio,CON_FALLECIDOS,Volcamiento,Imprudencia del conductor,59,FALLECIDO,HOMBRE,CICLISTA,69,FALLECIDO,NO_REGISTRA,OTRO,30,LESIONADO,MUJER,SCOOTER
2025-09-07 09:47:47,-4.028390,-79.171581,Calle Ramon Borrero,CON_FALLECIDOS,Accidente Laboral,Estado de embriaguez,30,FALLECIDO,HOMBRE,PEATON,32,FALLECIDO,HOMBRE,CICLISTA,26,LESIONADO,MUJER,OTRO
2025-05-05 06:49:53,-4.020768,-79.220354,Av. 8 de Diciembre,SOLO_DANOS,Colision Multiple,Exceso de velocidad,,,,,,,,,,,,
2025-07-23 19:20:58,-3.990017,-79.207814,Av. 8 de Diciembre,CON_LESIONADOS,Caida,Visibilidad reducida,34,LESIONADO,HOMBRE,VEH_LIVIANO,78,LESIONADO,MUJER,SCOOTER,70,LESIONADO,NO_REGISTRA,SCOOTER
2025-12-14 20:14:19,-4.034532,-79.222631,Ruta 35,CON_FALLECIDOS,Choque Vehicular,Via resbaladiza o mojada,32,FALLECIDO,NO_REGISTRA,VEH_LIVIANO,77,LESIONADO,NO_REGISTRA,VEH_LIVIANO,80,LESIONADO,MUJER,SCOOTER
2025-11-06 09:10:08,-3.987243,-79.219885,Calle Bolivar,CON_LESIONADOS,Atropellamiento,Via resbaladiza o mojada,24,LESIONADO,NO_REGISTRA,OTRO,52,LESIONADO,MUJER,PEATON,72,LESIONADO,MUJER,VEH_LIVIANO
2025-01-09 10:57:22,-4.002416,-79.204721,Calle Mercadillo,CON_FALLECIDOS,Choque Vehicular,Distraccion (celular/radio),84,FALLECIDO,NO_REGISTRA,SCOOTER,22,LESIONADO,MUJER,MOTOCICLETA,35,LESIONADO,HOMBRE,MOTOCICLETA
2025-03-21 13:19:28,-4.033871,-79.174587,Calle Rocafuerte,CON_LESIONADOS,Choque Vehicular,Falla mecanica,78,LESIONADO,NO_REGISTRA,VEH_LIVIANO,10,LESIONADO,MUJER,MOTOCICLETA,6,LESIONADO,NO_REGISTRA,CICLISTA
2025-12-10 03:36:15,-4.015859,-79.214634,Calle 18 de Noviembre,CON_FALLECIDOS,Accidente Laboral,Imprudencia del conductor,50,FALLECIDO,MUJER,VEH_LIVIANO,5,LESIONADO,HOMBRE,VEH_LIVIANO,14,LESIONADO,HOMBRE,SCOOTER
2025-02-02 10:00:00,-4.024959,-79.190925,Calle Quito,CON_FALLECIDOS,Atropellamiento,Via resbaladiza o mojada,28,FALLECIDO,HOMBRE,MOTOCICLETA,39,FALLECIDO,MUJER,MOTOCICLETA,10,LESIONADO,MUJER,VEH_LIVIANO
2025-11-19 07:51:06,-4.023389,-79.187641,Calle Miguel Riofrio,SOLO_DANOS,Incendio,Falla mecanica,66,LESIONADO,HOMBRE,OTRO,,,,,,,,
2025-06-10 21:23:01,-3.998372,-79.210817,Av. Reinaldo Espinosa,CON_FALLECIDOS,Colision Multiple,Imprudencia del conductor,21,FALLECIDO,NO_REGISTRA,VEH_LIVIANO,31,FALLECIDO,HOMBRE,CICLISTA,,,,
2025-08-19 12:26:52,-4.028433,-79.186528,Calle Montufar,CON_LESIONADOS,Incendio,Equipo de seguridad deficiente,47,LESIONADO,MUJER,CICLISTA,21,LESIONADO,HOMBRE,OTRO,28,LESIONADO,NO_REGISTRA,MOTOCICLETA
2025-03-16 13:25:16,-4.019663,-79.192295,Via Loja - Catamayo,SOLO_DANOS,Caida,Factores externos,,,,,,,,,,,,
2025-02-01 08:58:07,-3.992323,-79.188317,Calle 18 de Noviembre,CON_FALLECIDOS,Accidente Laboral,Via resbaladiza o mojada,68,FALLECIDO,MUJER,VEH_LIVIANO,28,FALLECIDO,MUJER,MOTOCICLETA,51,LESIONADO,NO_REGISTRA,MOTOCICLETA
2025-06-11 04:56:45,-4.016182,-79.200708,Av. Cuxibamba,SOLO_DANOS,Incendio,Via resbaladiza o mojada,,,,,,,,,,,,
2025-05-21 10:00:39,-4.024756,-79.199453,Av. Rosa Hermosa,CON_FALLECIDOS,Caida,Fatiga del conductor,36,FALLECIDO,HOMBRE,OTRO,35,LESIONADO,NO_REGISTRA,SCOOTER,64,LESIONADO,HOMBRE,PEATON
2025-06-11 03:59:12,-4.033981,-79.176567,Calle Bolivar,CON_LESIONADOS,Colision Multiple,Visibilidad reducida,76,LESIONADO,HOMBRE,OTRO,,,,,,,,
2025-08-12 03:26:37,-4.021216,-79.179620,Calle Colon,CON_LESIONADOS,Caida,Visibilidad reducida,61,LESIONADO,MUJER,PEATON,78,LESIONADO,HOMBRE,MOTOCICLETA,,,,
2025-12-10 16:19:40,-4.030362,-79.184978,Calle Colon,CON_LESIONADOS,Accidente Laboral,Visibilidad reducida,36,LESIONADO,NO_REGISTRA,CICLISTA,,,,,,,,
2025-08-24 06:08:25,-3.991047,-79.193521,Av. Reinaldo Espinosa,CON_LESIONADOS,Volcamiento,Inobservancia de senales,74,LESIONADO,HOMBRE,CICLISTA,54,LESIONADO,MUJER,SCOOTER,,,,
2025-05-03 14:39:20,-3.989512,-79.193424,Via Loja - Zamora,CON_LESIONADOS,Choque Vehicular,Equipo de seguridad deficiente,32,LESIONADO,HOMBRE,SCOOTER,12,LESIONADO,HOMBRE,SCOOTER,8,LESIONADO,NO_REGISTRA,CICLISTA
2025-07-06 13:00:42,-4.002770,-79.176734,Calle Azogues,SOLO_DANOS,Incendio,Fatiga del conductor,20,LESIONADO,NO_REGISTRA,SCOOTER,,,,,,,,
2025-03-31 08:01:05,-4.019520,-79.221007,Av. 8 de Diciembre,CON_FALLECIDOS,Colision Multiple,Imprudencia del conductor,35,FALLECIDO,MUJER,MOTOCICLETA,43,FALLECIDO,MUJER,VEH_LIVIANO,70,LESIONADO,HOMBRE,OTRO
2025-12-20 09:21:30,-4.028862,-79.187869,Ruta 35,CON_FALLECIDOS,Atropellamiento,Inobservancia de senales,32,FALLECIDO,MUJER,CICLISTA,78,LESIONADO,NO_REGISTRA,PEATON,46,LESIONADO,NO_REGISTRA,PEATON