fecha_hora,latitud,longitud,via,grado_severidad,tipo_siniestro,causa_probable,victima1_edad,victima1_condicion,victima1_sexo,victima1_actor_vial,victima2_edad,victima2_condicion,victima2_sexo,victima2_actor_vial,victima3_edad,victima3_condicion,victima3_sexo,victima3_actor_vial
2025-09-26 14:58:40,-3.989073,-79.204139,Via Loja - Zamora,CON_FALLECIDOS,Accidente Laboral,Inobservancia de senales,84,FALLECIDO,MUJER,MOTOCICLETA,,,,,,,,
2025-04-11 19:44:55,-4.036217,-79.189886,Calle Imbabura,CON_LESIONADOS,Incendio,Falla mecanica,6,LESIONADO,NO_REGISTRA,VEH_LIVIANO,57,LESIONADO,NO_REGISTRA,SCOOTER,,,,
2025-05-23 06:35:06,-3.995593,-79.178946,Av. Cuxibamba,CON_LESIONADOS,Accidente Laboral,Mal estado de la via,51,LESIONADO,HOMBRE,SCOOTER,9,LESIONADO,NO_REGISTRA,CICLISTA,55,LESIONADO,MUJER,OTRO
2025-08-14 07:37:10,-3.979464,-79.218921,Av. 8 de Diciembre,SOLO_DANOS,Atropellamiento,Exceso de velocidad,,,,,,,,,,,,
2025-01-15 07:36:48,-3.978195,-79.199215,Calle Montufar,CON_LESIONADOS,Caida,Factores externos,13,LESIONADO,NO_REGISTRA,OTRO,64,LESIONADO,HOMBRE,MOTOCICLETA,,,,
2025-03-02 23:33:55,-4.030575,-79.221896,Via Loja - Catamayo,CON_FALLECIDOS,Choque Vehicular,Imprudencia del conductor,19,FALLECIDO,NO_REGISTRA,VEH_LIVIANO,70,LESIONADO,HOMBRE,VEH_LIVIANO,45,LESIONADO,MUJER,PEATON
2025-10-24 16:39:22,-4.021834,-79.189929,Av. Manuel Agustin Aguirre,CON_LESIONADOS,Colision Multiple,Distraccion (celular/radio),28,LESIONADO,MUJER,OTRO,43,LESIONADO,HOMBRE,MOTOCICLETA,70,LESIONADO,MUJER,CICLISTA
2025-05-07 08:23:33,-4.026537,-79.179434,Calle Imbabura,SOLO_DANOS,Volcamiento,Equipo de seguridad deficiente,,,,,,,,,,,,
2025-07-26 20:37:07,-4.030520,-79.174900,Calle Imbabura,CON_LESIONADOS,Volcamiento,Imprudencia del conductor,58,LESIONADO,NO_REGISTRA,VEH_LIVIANO,6,LESIONADO,HOMBRE,OTRO,6,LESIONADO,MUJER,PEATON
2025-02-02 05:18:10,-4.035300,-79.189844,Av. Orillas del Zamora,CON_LESIONADOS,Caida,Falla mecanica,34,LESIONADO,MUJER,CICLISTA,13,LESIONADO,NO_REGISTRA,SCOOTER,,,,
2025-03-13 20:29:17,-4.027280,-79.202696,Calle Mercadillo,SOLO_DANOS,Volcamiento,Exceso de velocidad,,,,,,,,,,,,
2025-01-10 01:08:45,-3.994234,-79.191298,Calle Ramon Borrero,CON_LESIONADOS,Choque Vehicular,Imprudencia del conductor,15,LESIONADO,NO_REGISTRA,SCOOTER,12,LESIONADO,HOMBRE,CICLISTA,,,,
2025-11-11 22:58:15,-3.979665,-79.224641,Av. 8 de Diciembre,CON_LESIONADOS,Volcamiento,Inobservancia de senales,14,LESIONADO,MUJER,VEH_LIVIANO,,,,,,,,
2025-10-30 22:47:29,-4.010127,-79.223150,Av. Manuel Agustin Aguirre,CON_LESIONADOS,Volcamiento,Visibilidad reducida,58,LESIONADO,MUJER,MOTOCICLETA,8,LESIONADO,HOMBRE,PEATON,,,,
2025-09-24 23:46:00,-4.034216,-79.199242,Av. Rosa Hermosa,CON_LESIONADOS,Choque Vehicular,Factores externos,43,LESIONADO,NO_REGISTRA,CICLISTA,56,LESIONADO,MUJER,VEH_LIVIANO,75,LESIONADO,MUJER,MOTOCICLETA
2025-07-18 23:13:48,-4.007007,-79.182301,Av. Pio Jaramillo,SOLO_DANOS,Atropellamiento,Imprudencia del conductor,,,,,,,,,,,,
2025-10-10 19:20:47,-3.978216,-79.183725,Av. Universitaria,SOLO_DANOS,Volcamiento,Exceso de velocidad,,,,,,,,,,,,
2025-03-30 20:48:44,-3.993480,-79.175320,Calle Saraguro,CON_LESIONADOS,Accidente Laboral,Visibilidad reducida,7,LESIONADO,MUJER,CICLISTA,13,LESIONADO,HOMBRE,CICLISTA,,,,
2025-09-17 21:48:00,-4.011771,-79.176245,Calle Imbabura,CON_FALLECIDOS,Accidente Laboral,Distraccion (celular/radio),73,FALLECIDO,NO_REGISTRA,CICLISTA,68,LESIONADO,HOMBRE,OTRO,28,LESIONADO,MUJER,CICLISTA
2025-03-22 19:39:17,-3.989456,-79.203393,Calle Miguel Riofrio,CON_LESIONADOS,Colision Multiple,Estado de embriaguez,8,LESIONADO,NO_REGISTRA,OTRO,78,LESIONADO,MUJER,CICLISTA,29,LESIONADO,MUJER,OTRO
2025-06-13 08:55:22,-4.035722,-79.227106,Av. Gran Colombia,CON_LESIONADOS,Choque Vehicular,Equipo de seguridad deficiente,63,LESIONADO,NO_REGISTRA,MOTOCICLETA,5,LESIONADO,NO_REGISTRA,SCOOTER,64,LESIONADO,NO_REGISTRA,SCOOTER
2025-11-26 13:14:27,-4.033123,-79.198020,Av. Gran Colombia,SOLO_DANOS,Incendio,Estado de embriaguez,,,,,,,,,,,,
2025-07-10 12:46:21,-3.997622,-79.218643,Av. 8 de Diciembre,SOLO_DANOS,Caida,Falla mecanica,,,,,,,,,,,,
2025-10-05 12:48:19,-3.991991,-79.221930,Calle 10 de Agosto,CON_LESIONADOS,Accidente Laboral,Distraccion (celular/radio),31,LESIONADO,NO_REGISTRA,CICLISTA,54,LESIONADO,HOMBRE,OTRO,76,LESIONADO,NO_REGISTRA,CICLISTA
2025-05-08 05:00:35,-4.003232,-79.203232,Av. Universitaria,CON_FALLECIDOS,Accidente Laboral,Estado de embriaguez,54,FALLECIDO,MUJER,MOTOCICLETA,,,,,,,,
2025-06-20 01:12:56,-3.997532,-79.219368,Av. Universitaria,CON_LESIONADOS,Colision Multiple,Visibilidad reducida,34,LESIONADO,MUJER,PEATON,32,LESIONADO,MUJER,SCOOTER,17,LESIONADO,NO_REGISTRA,SCOOTER
2025-03-18 19:57:50,-4.017530,-79.222515,Av. Orillas del Zamora,CON_LESIONADOS,Atropellamiento,Equipo de seguridad deficiente,5,LESIONADO,HOMBRE,SCOOTER,23,LESIONADO,HOMBRE,PEATON,20,LESIONADO,NO_REGISTRA,SCOOTER
2025-12-08 13:14:37,-4.006356,-79.177178,Calle Ramon Borrero,SOLO_DANOS,Choque Vehicular,Inobservancia de senales,,,,,,,,,,,,
2025-06-14 11:51:27,-3.991056,-79.188681,Calle Mercadillo,CON_FALLECIDOS,Incendio,Via resbaladiza o mojada,60,FALLECIDO,HOMBRE,MOTOCICLETA,,,,,,,,
2025-05-31 00:56:44,-4.003261,-79.212209,Calle Mercadillo,CON_FALLECIDOS,Atropellamiento,Distraccion (celular/radio),66,FALLECIDO,MUJER,OTRO,18,LESIONADO,MUJER,CICLISTA,,,,
2025-09-11 06:27:49,-3.982485,-79.198458,Calle 18 de Noviembre,SOLO_DANOS,Colision Multiple,Estado de embriaguez,,,,,,,,,,,,
2025-10-29 16:50:21,-4.028879,-79.218303,Av. Isidro Ayora,CON_LESIONADOS,Caida,Via resbaladiza o mojada,29,LESIONADO,HOMBRE,SCOOTER,,,,,,,,
2025-09-13 07:29:11,-4.035879,-79.229252,Av. 8 de Diciembre,SOLO_DANOS,Incendio,Via resbaladiza o mojada,,,,,,,,,,,,
2025-08-12 04:33:54,-3.986760,-79.175663,Av. Universitaria,CON_LESIONADOS,Volcamiento,Falla mecanica,52,LESIONADO,HOMBRE,PEATON,,,,,,,,
2025-11-27 18:21:58,-3.983725,-79.205573,Calle Montufar,CON_LESIONADOS,Incendio,Visibilidad reducida,53,LESIONADO,NO_REGISTRA,MOTOCICLETA,44,LESIONADO,MUJER,CICLISTA,6,LESIONADO,HOMBRE,CICLISTA
2025-08-12 20:08:09,-4.034039,-79.222887,Calle Colon,SOLO_DANOS,Incendio,Fatiga del conductor,,,,,,,,,,,,
2025-11-14 19:44:46,-4.004337,-79.186113,Av. Isidro Ayora,SOLO_DANOS,Accidente Laboral,Imprudencia del conductor,,,,,,,,,,,,
2025-10-31 01:52:58,-4.019781,-79.176636,Av. Orillas del Zamora,CON_LESIONADOS,Choque Vehicular,Factores externos,6,LESIONADO,MUJER,VEH_LIVIANO,41,LESIONADO,MUJER,VEH_LIVIANO,70,LESIONADO,HOMBRE,PEATON
2025-09-16 05:57:49,-3.983561,-79.203947,Av. Orillas del Zamora,SOLO_DANOS,Colision Multiple,Mal estado de la via,,,,,,,,,,,,
2025-04-12 13:55:14,-4.021255,-79.211711,Calle Sucre,CON_FALLECIDOS,Choque Vehicular,Exceso de velocidad,42,FALLECIDO,NO_REGISTRA,OTRO,,,,,,,,
2025-02-20 02:50:57,-4.014379,-79.213019,Av. Reinaldo Espinosa,CON_FALLECIDOS,Accidente Laboral,Imprudencia del conductor,66,FALLECIDO,HOMBRE,CICLISTA,52,FALLECIDO,NO_REGISTRA,PEATON,72,LESIONADO,NO_REGISTRA,MOTOCICLETA
2025-07-12 09:22:12,-4.022675,-79.206018,Av. Orillas del Zamora,CON_LESIONADOS,Choque Vehicular,Imprudencia del conductor,34,LESIONADO,HOMBRE,PEATON,,,,,,,,
2025-07-31 11:06:59,-4.001841,-79.179673,Calle Rocafuerte,CON_LESIONADOS,Incendio,Equipo de seguridad deficiente,8,LESIONADO,MUJER,VEH_LIVIANO,22,LESIONADO,HOMBRE,MOTOCICLETA,15,LESIONADO,MUJER,SCOOTER
2025-06-17 14:48:52,-4.002347,-79.203502,Calle 18 de Noviembre,CON_FALLECIDOS,Atropellamiento,Exceso de velocidad,71,FALLECIDO,HOMBRE,SCOOTER,23,FALLECIDO,HOMBRE,OTRO,32,LESIONADO,NO_REGISTRA,PEATON
2025-01-26 17:17:17,-4.021071,-79.200253,Calle Sucre,CON_LESIONADOS,Volcamiento,Factores externos,29,LESIONADO,HOMBRE,PEATON,33,LESIONADO,NO_REGISTRA,SCOOTER,,,,
2025-02-10 15:15:01,-4.010240,-79.219200,Av. Metropolitana,SOLO_DANOS,Colision Multiple,Factores externos,,,,,,,,,,,,
2025-11-02 15:22:40,-4.017013,-79.182309,Av. Cuxibamba,CON_FALLECIDOS,Accidente Laboral,Via resbaladiza o mojada,53,FALLECIDO,NO_REGISTRA,VEH_LIVIANO,18,LESIONADO,HOMBRE,SCOOTER,39,LESIONADO,HOMBRE,PEATON
2025-06-07 18:31:56,-4.005228,-79.185642,Calle Mercadillo,SOLO_DANOS,Incendio,Via resbaladiza o mojada,,,,,,,,,,,,
2025-08-12 04:59:02,-4.035017,-79.180795,Calle Rocafuerte,CON_LESIONADOS,Choque Vehicular,Via resbaladiza o mojada,40,LESIONADO,NO_REGISTRA,CICLISTA,74,LESIONADO,MUJER,PEATON,,,,
2025-12-19 19:56:31,-4.012817,-79.208038,Av. 8 de Diciembre,SOLO_DANOS,Choque Vehicular,Falla mecanica,11,LESIONADO,HOMBRE,PEATON,,,,,,,,
2025-12-10 17:08:31,-3.983394,-79.191956,Calle Sucre,CON_FALLECIDOS,Caida,Inobservancia de senales,79,FALLECIDO,HOMBRE,SCOOTER,61,FALLECIDO,NO_REGISTRA,MOTOCICLETA,16,LESIONADO,NO_REGISTRA,CICLISTA
2025-12-12 15:01:29,-3.996008,-79.190943,Calle 18 de Noviembre,CON_FALLECIDOS,Choque Vehicular,Factores externos,53,FALLECIDO,NO_REGISTRA,OTRO,46,FALLECIDO,MUJER,CICLISTA,,,,
2025-10-29 20:34:56,-3.991023,-79.195669,Av. Universitaria,CON_FALLECIDOS,Atropellamiento,Exceso de velocidad,60,FALLECIDO,HOMBRE,SCOOTER,,,,,,,,
2025-09-08 19:26:48,-3.991398,-79.209979,Av. Cuxibamba,CON_LESIONADOS,Caida,Fatiga del conductor,77,LESIONADO,MUJER,PEATON,,,,,,,,
2025-04-07 17:36:48,-4.011645,-79.194698,Calle Imbabura,CON_FALLECIDOS,Choque Vehicular,Mal estado de la via,53,FALLECIDO,HOMBRE,SCOOTER,35,LESIONADO,MUJER,VEH_LIVIANO,71,LESIONADO,NO_REGISTRA,MOTOCICLETA
2025-08-03 11:38:03,-4.017060,-79.227422,Av. 8 de Diciembre,SOLO_DANOS,Caida,Equipo de seguridad deficiente,,,,,,,,,,,,
2025-04-09 00:39:07,-3.991513,-79.207589,Calle 18 de Noviembre,CON_LESIONADOS,Atropellamiento,Falla mecanica,50,LESIONADO,NO_REGISTRA,OTRO,,,,,,,,
2025-08-09 07:21:13,-4.036471,-79.206721,Av. Metropolitana,CON_FALLECIDOS,Atropellamiento,Distraccion (celular/radio),58,FALLECIDO,HOMBRE,PEATON,68,LESIONADO,NO_REGISTRA,OTRO,,,,
2025-11-08 12:54:04,-3.987355,-79.222187,Ruta 35,SOLO_DANOS,Volcamiento,Distraccion (celular/radio),,,,,,,,,,,,
2025-09-06 19:23:20,-3.981402,-79.186779,Calle Saraguro,CON_LESIONADOS,Choque Vehicular,Mal estado de la via,58,LESIONADO,MUJER,VEH_LIVIANO,76,LESIONADO,HOMBRE,CICLISTA,10,LESIONADO,HOMBRE,PEATON
2025-05-30 19:06:37,-4.006351,-79.207304,Av. Isidro Ayora,SOLO_DANOS,Volcamiento,Fatiga del conductor,,,,,,,,,,,,
2025-05-17 14:44:43,-4.024997,-79.220063,Av. Metropolitana,CON_LESIONADOS,Atropellamiento,Exceso de velocidad,44,LESIONADO,NO_REGISTRA,MOTOCICLETA,59,LESIONADO,MUJER,PEATON,,,,
2025-11-04 03:58:25,-4.035797,-79.201882,Calle 18 de Noviembre,CON_FALLECIDOS,Accidente Laboral,Distraccion (celular/radio),52,FALLECIDO,NO_REGISTRA,CICLISTA,70,LESIONADO,NO_REGISTRA,MOTOCICLETA,,,,
2025-12-04 18:30:17,-3.980368,-79.225736,Calle Quito,SOLO_DANOS,Volcamiento,Exceso de velocidad,,,,,,,,,,,,
2025-02-15 08:36:57,-4.031159,-79.225827,Calle Rocafuerte,SOLO_DANOS,Caida,Imprudencia del conductor,,,,,,,,,,,,
2025-12-24 05:29:16,-3.988349,-79.205781,Calle Sucre,CON_FALLECIDOS,Accidente Laboral,Exceso de velocidad,43,FALLECIDO,HOMBRE,VEH_LIVIANO,35,LESIONADO,NO_REGISTRA,VEH_LIVIANO,,,,
2025-01-19 14:34:25,-4.005505,-79.204859,Av. Manuel Agustin Aguirre,CON_FALLECIDOS,Caida,Via resbaladiza o mojada,80,FALLECIDO,MUJER,MOTOCICLETA,74,LESIONADO,HOMBRE,CICLISTA,,,,
2025-03-05 04:08:24,-3.977457,-79.182506,Calle Sucre,CON_LESIONADOS,Colision Multiple,Inobservancia de senales,37,LESIONADO,HOMBRE,MOTOCICLETA,75,LESIONADO,MUJER,CICLISTA,,,,
2025-03-08 02:00:59,-3.999167,-79.182169,Ruta 35,SOLO_DANOS,Incendio,Via resbaladiza o mojada,,,,,,,,,,,,
2025-07-11 07:13:56,-4.007252,-79.180660,Av. Manuel Agustin Aguirre,CON_FALLECIDOS,Choque Vehicular,Inobservancia de senales,82,FALLECIDO,NO_REGISTRA,SCOOTER,82,FALLECIDO,HOMBRE,PEATON,,,,
2025-07-12 23:28:34,-3.983519,-79.192198,Calle Colon,SOLO_DANOS,Accidente Laboral,Visibilidad reducida,65,LESIONADO,HOMBRE,PEATON,,,,,,,,
2025-07-29 05:40:39,-3.980897,-79.183117,Av. Rosa Hermosa,CON_FALLECIDOS,Atropellamiento,Distraccion (celular/radio),85,FALLECIDO,HOMBRE,PEATON,50,LESIONADO,MUJER,PEATON,19,LESIONADO,MUJER,MOTOCICLETA
2025-07-22 11:40:09,-4.003897,-79.193398,Av. Pio Jaramillo,CON_FALLECIDOS,Choque Vehicular,Fatiga del conductor,85,FALLECIDO,NO_REGISTRA,MOTOCICLETA,64,LESIONADO,NO_REGISTRA,OTRO,12,LESIONADO,NO_REGISTRA,OTRO
2025-03-24 02:14:43,-4.014168,-79.211178,Av. Pio Jaramillo,CON_LESIONADOS,Colision Multiple,Distraccion (celular/radio),5,LESIONADO,HOMBRE,MOTOCICLETA,,,,,,,,
2025-11-14 07:58:43,-4.009354,-79.192608,Calle Bolivar,CON_LESIONADOS,Volcamiento,Equipo de seguridad deficiente,38,LESIONADO,NO_REGISTRA,CICLISTA,72,LESIONADO,NO_REGISTRA,OTRO,,,,
2025-01-06 16:27:21,-4.035687,-79.219992,Calle Montufar,SOLO_DANOS,Incendio,Inobservancia de senales,,,,,,,,,,,,
2025-09-30 12:41:40,-4.009168,-79.182006,Via Loja - Zamora,CON_FALLECIDOS,Choque Vehicular,Inobservancia de senales,27,FALLECIDO,NO_REGISTRA,MOTOCICLETA,84,FALLECIDO,NO_REGISTRA,OTRO,75,LESIONADO,NO_REGISTRA,CICLISTA
2025-05-31 12:22:57,-4.036215,-79.182335,Av. Metropolitana,CON_LESIONADOS,Colision Multiple,Mal estado de la via,16,LESIONADO,NO_REGISTRA,PEATON,67,LESIONADO,HOMBRE,MOTOCICLETA,,,,
2025-08-25 10:47:45,-4.000534,-79.173664,Calle Rocafuerte,CON_LESIONADOS,Caida,Distraccion (celular/radio),70,LESIONADO,NO_REGISTRA,OTRO,55,LESIONADO,MUJER,SCOOTER,,,,
2025-02-20 17:34:16,-3.986116,-79.214696,Calle 18 de Noviembre,CON_LESIONADOS,Accidente Laboral,Imprudencia del conductor,79,LESIONADO,HOMBRE,PEATON,26,LESIONADO,HOMBRE,CICLISTA,,,,
2025-10-16 10:14:30,-4.032261,-79.192972,Av. Reinaldo Espinosa,CON_FALLECIDOS,Choque Vehicular,Distraccion (celular/radio),46,FALLECIDO,MUJER,MOTOCICLETA,6,LESIONADO,NO_REGISTRA,SCOOTER,56,LESIONADO,NO_REGISTRA,MOTOCICLETA
2025-08-31 16:20:55,-3.996264,-79.217942,Av. Metropolitana,CON_FALLECIDOS,Incendio,Equipo de seguridad deficiente,63,FALLECIDO,HOMBRE,MOTOCICLETA,15,LESIONADO,HOMBRE,PEATON,62,LESIONADO,MUJER,VEH_LIVIANO
2025-06-01 02:51:23,-4.036687,-79.224993,Calle Ramon Borrero,SOLO_DANOS,Accidente Laboral,Exceso de velocidad,,,,,,,,,,,,
2025-05-08 21:16:27,-3.977183,-79.198279,Av. Pio Jaramillo,CON_LESIONADOS,Atropellamiento,Factores externos,14,LESIONADO,MUJER,SCOOTER,54,LESIONADO,MUJER,PEATON,21,LESIONADO,HOMBRE,CICLISTA
2025-03-10 01:00:40,-4.005329,-79.181939,Ruta 35,CON_FALLECIDOS,Caida,Mal estado de la via,71,FALLECIDO,NO_REGISTRA,PEATON,21,LESIONADO,NO_REGISTRA,OTRO,,,,
2025-07-26 21:05:57,-4.002354,-79.223538,Av. Gran Colombia,CON_LESIONADOS,Atropellamiento,Distraccion (celular/radio),36,LESIONADO,NO_REGISTRA,PEATON,,,,,,,,
2025-12-03 05:18:48,-3.977074,-79.171218,Av. Cuxibamba,CON_FALLECIDOS,Atropellamiento,Imprudencia del conductor,62,FALLECIDO,NO_REGISTRA,CICLISTA,61,FALLECIDO,NO_REGISTRA,OTRO,,,,
2025-03-08 16:04:50,-4.023686,-79.223930,Av. Cuxibamba,CON_LESIONADOS,Atropellamiento,Distraccion (celular/radio),41,LESIONADO,MUJER,OTRO,,,,,,,,
2025-02-07 22:39:23,-3.986770,-79.195976,Calle Montufar,CON_LESIONADOS,Choque Vehicular,Estado de embriaguez,9,LESIONADO,MUJER,SCOOTER,,,,,,,,
2025-10-01 19:30:54,-4.014078,-79.195360,Via Loja - Catamayo,CON_LESIONADOS,Accidente Laboral,Inobservancia de senales,8,LESIONADO,HOMBRE,PEATON,,,,,,,,
2025-11-30 07:47:52,-3.985861,-79.190518,Ruta 35,SOLO_DANOS,Choque Vehicular,Equipo de seguridad deficiente,,,,,,,,,,,,
2025-12-16 09:44:40,-4.028053,-79.202307,Calle Miguel Riofrio,SOLO_DANOS,Incendio,Falla mecanica,,,,,,,,,,,,
2025-06-04 05:29:57,-4.014189,-79.215884,Via Loja - Zamora,SOLO_DANOS,Accidente Laboral,Fatiga del conductor,,,,,,,,,,,,
2025-09-03 18:57:41,-3.988448,-79.200726,Av. Gran Colombia,CON_FALLECIDOS,Volcamiento,Distraccion (celular/radio),51,FALLECIDO,NO_REGISTRA,OTRO,57,LESIONADO,HOMBRE,CICLISTA,,,,
2025-12-04 20:32:04,-3.995599,-79.197924,Calle 18 de Noviembre,SOLO_DANOS,Colision Multiple,Exceso de velocidad,,,,,,,,,,,,
2025-07-30 01:03:43,-4.018479,-79.221868,Calle Ramon Borrero,SOLO_DANOS,Colision Multiple,Distraccion (celular/radio),,,,,,,,,,,,
2025-05-21 06:00:18,-3.992318,-79.222852,Av. Gran Colombia,CON_LESIONADOS,Atropellamiento,Exceso de velocidad,16,LESIONADO,NO_REGISTRA,MOTOCICLETA,,,,,,,,
2025-01-22 18:33:34,-4.034356,-79.197590,Ruta 35,CON_LESIONADOS,Caida,Fatiga del conductor,13,LESIONADO,HOMBRE,VEH_LIVIANO,78,LESIONADO,HOMBRE,MOTOCICLETA,62,LESIONADO,NO_REGISTRA,CICLISTA
2025-10-15 11:48:20,-4.034377,-79.186184,Av. 8 de Diciembre,CON_LESIONADOS,Caida,Equipo de seguridad deficiente,55,LESIONADO,MUJER,MOTOCICLETA,79,LESIONADO,NO_REGISTRA,PEATON,,,,
2025-10-10 11:34:49,-4.018225,-79.227780,Calle Colon,SOLO_DANOS,Volcamiento,Exceso de velocidad,,,,,,,,,,,,
2025-09-23 04:57:35,-3.977084,-79.200145,Calle Saraguro,CON_LESIONADOS,Accidente Laboral,Factores externos,63,LESIONADO,NO_REGISTRA,VEH_LIVIANO,26,LESIONADO,HOMBRE,SCOOTER,53,LESIONADO,HOMBRE,MOTOCICLETA
2025-12-06 12:31:22,-3.996710,-79.200190,Av. Isidro Ayora,CON_LESIONADOS,Incendio,Falla mecanica,8,LESIONADO,HOMBRE,MOTOCICLETA,46,LESIONADO,HOMBRE,CICLISTA,64,LESIONADO,MUJER,OTRO
2025-12-01 22:54:49,-3.989275,-79.206667,Calle Quito,CON_LESIONADOS,Choque Vehicular,Factores externos,25,LESIONADO,MUJER,CICLISTA,21,LESIONADO,NO_REGISTRA,PEATON,61,LESIONADO,NO_REGISTRA,CICLISTA
2025-03-11 22:43:08,-4.020245,-79.186300,Calle Montufar,CON_FALLECIDOS,Atropellamiento,Equipo de seguridad deficiente,70,FALLECIDO,NO_REGISTRA,VEH_LIVIANO,52,FALLECIDO,HOMBRE,MOTOCICLETA,,,,
2025-06-14 13:20:56,-4.030773,-79.226808,Av. Manuel Agustin Aguirre,CON_LESIONADOS,Incendio,Inobservancia de senales,60,LESIONADO,NO_REGISTRA,PEATON,,,,,,,,
2025-11-08 13:37:27,-4.036123,-79.182045,Av. Cuxibamba,CON_FALLECIDOS,Atropellamiento,Equipo de seguridad deficiente,71,FALLECIDO,NO_REGISTRA,OTRO,,,,,,,,
2025-01-24 00:01:34,-3.985702,-79.188922,Calle 10 de Agosto,CON_LESIONADOS,Incendio,Exceso de velocidad,78,LESIONADO,NO_REGISTRA,OTRO,37,LESIONADO,MUJER,PEATON,63,LESIONADO,MUJER,MOTOCICLETA
2025-07-27 17:18:13,-4.033639,-79.177626,Calle Mercadillo,SOLO_DANOS,Caida,Inobservancia de senales,,,,,,,,,,,,
2025-11-05 19:30:36,-4.007055,-79.225158,Calle Montufar,CON_LESIONADOS,Choque Vehicular,Exceso de velocidad,68,LESIONADO,HOMBRE,OTRO,,,,,,,,
2025-03-26 23:49:18,-4.036839,-79.213655,Calle Miguel Riofrio,CON_LESIONADOS,Accidente Laboral,Falla mecanica,64,LESIONADO,MUJER,PEATON,,,,,,,,
2025-08-15 09:43:45,-4.035387,-79.208812,Av. Orillas del Zamora,SOLO_DANOS,Incendio,Equipo de seguridad deficiente,,,,,,,,,,,,
2025-06-11 14:36:58,-3.977778,-79.215860,Via Loja - Zamora,SOLO_DANOS,Colision Multiple,Visibilidad reducida,,,,,,,,,,,,
2025-03-07 03:36:16,-4.025085,-79.174856,Calle 10 de Agosto,CON_FALLECIDOS,Incendio,Falla mecanica,80,FALLECIDO,HOMBRE,PEATON,34,LESIONADO,MUJER,SCOOTER,74,LESIONADO,HOMBRE,VEH_LIVIANO
2025-12-24 16:32:17,-4.026764,-79.172751,Av. Cuxibamba,CON_FALLECIDOS,Atropellamiento,Distraccion (celular/radio),60,FALLECIDO,NO_REGISTRA,OTRO,56,FALLECIDO,MUJER,MOTOCICLETA,,,,
2025-08-02 08:53:35,-3.983016,-79.208013,Calle Saraguro,CON_LESIONADOS,Atropellamiento,Equipo de seguridad deficiente,40,LESIONADO,NO_REGISTRA,OTRO,52,LESIONADO,NO_REGISTRA,MOTOCICLETA,39,LESIONADO,MUJER,CICLISTA
2025-03-01 02:38:08,-4.029441,-79.186421,Av. Pio Jaramillo,CON_FALLECIDOS,Caida,Factores externos,30,FALLECIDO,NO_REGISTRA,CICLISTA,63,FALLECIDO,NO_REGISTRA,SCOOTER,,,,
2025-09-21 23:32:59,-4.036046,-79.212041,Calle Sucre,SOLO_DANOS,Accidente Laboral,Equipo de seguridad deficiente,,,,,,,,,,,,
2025-09-12 00:44:51,-3.994489,-79.230920,Calle Saraguro,CON_LESIONADOS,Volcamiento,Estado de embriaguez,66,LESIONADO,HOMBRE,PEATON,71,LESIONADO,NO_REGISTRA,CICLISTA,11,LESIONADO,HOMBRE,OTRO
2025-06-22 03:56:19,-4.036751,-79.230953,Calle Saraguro,CON_LESIONADOS,Accidente Laboral,Falla mecanica,47,LESIONADO,HOMBRE,VEH_LIVIANO,6,LESIONADO,NO_REGISTRA,CICLISTA,,,,
2025-08-27 15:32:41,-3.988981,-79.195699,Calle Rocafuerte,CON_FALLECIDOS,Choque Vehicular,Equipo de seguridad deficiente,60,FALLECIDO,NO_REGISTRA,OTRO,,,,,,,,
2025-07-13 05:47:01,-3.986744,-79.211893,Av. Cuxibamba,SOLO_DANOS,Atropellamiento,Distraccion (celular/radio),,,,,,,,,,,,
2025-05-14 02:17:46,-4.006316,-79.187751,Av. Universitaria,SOLO_DANOS,Incendio,Mal estado de la via,,,,,,,,,,,,
2025-05-07 22:36:46,-3.992804,-79.225585,Av. Pio Jaramillo,CON_FALLECIDOS,Colision Multiple,Equipo de seguridad deficiente,80,FALLECIDO,MUJER,VEH_LIVIANO,46,FALLECIDO,MUJER,OTRO,63,LESIONADO,HOMBRE,MOTOCICLETA
2025-02-28 08:54:11,-4.001487,-79.207912,Av. Metropolitana,CON_LESIONADOS,Choque Vehicular,Factores externos,29,LESIONADO,NO_REGISTRA,OTRO,20,LESIONADO,NO_REGISTRA,PEATON,,,,
2025-04-05 13:35:59,-4.034347,-79.201913,Calle Montufar,CON_FALLECIDOS,Volcamiento,Mal estado de la via,46,FALLECIDO,NO_REGISTRA,SCOOTER,19,LESIONADO,HOMBRE,PEATON,14,LESIONADO,MUJER,CICLISTA
2025-07-01 03:40:16,-3.985589,-79.183849,Calle Azogues,SOLO_DANOS,Colision Multiple,Estado de embriaguez,,,,,,,,,,,,
2025-07-18 20:41:37,-3.995294,-79.201678,Calle Miguel Riofrio,CON_FALLECIDOS,Accidente Laboral,Equipo de seguridad deficiente,48,FALLECIDO,MUJER,SCOOTER,15,LESIONADO,MUJER,PEATON,,,,