fecha_hora,latitud,longitud,via,grado_severidad,tipo_siniestro,causa_probable,victima1_edad,victima1_condicion,victima1_sexo,victima1_actor_vial,victima2_edad,victima2_condicion,victima2_sexo,victima2_actor_vial,victima3_edad,victima3_condicion,victima3_sexo,victima3_actor_vial
2025-01-01 20:24:02,-4.003067,-79.192415,Calle Miguel Riofrio,CON_LESIONADOS,Accidente Laboral,Via resbaladiza o mojada,40,LESIONADO,HOMBRE,CICLISTA,63,LESIONADO,HOMBRE,PEATON,24,LESIONADO,MUJER,MOTOCICLETA
2025-01-17 04:56:26,-3.994462,-79.214428,Av. Orillas del Zamora,CON_FALLECIDOS,Volcamiento,Equipo de seguridad deficiente,33,FALLECIDO,NO_REGISTRA,PEATON,80,FALLECIDO,NO_REGISTRA,SCOOTER,33,LESIONADO,MUJER,CICLISTA
2025-05-05 00:37:27,-3.981114,-79.216667,Av. 8 de Diciembre,CON_FALLECIDOS,Volcamiento,Imprudencia del conductor,73,FALLECIDO,NO_REGISTRA,CICLISTA,17,LESIONADO,NO_REGISTRA,OTRO,,,,
2025-08-22 00:54:29,-4.021229,-79.173434,Calle Ramon Borrero,SOLO_DANOS,Volcamiento,Via resbaladiza o mojada,,,,,,,,,,,,
2025-01-16 08:39:15,-3.987634,-79.215338,Av. Rosa Hermosa,CON_LESIONADOS,Accidente Laboral,Falla mecanica,50,LESIONADO,HOMBRE,OTRO,,,,,,,,
2025-10-17 06:17:52,-4.024478,-79.184210,Calle Quito,SOLO_DANOS,Incendio,Factores externos,,,,,,,,,,,,
2025-11-16 05:03:36,-4.030169,-79.206601,Calle Bolivar,CON_FALLECIDOS,Choque Vehicular,Mal estado de la via,65,FALLECIDO,MUJER,SCOOTER,22,LESIONADO,NO_REGISTRA,OTRO,,,,
2025-05-07 11:52:49,-4.016706,-79.206060,Av. Isidro Ayora,CON_FALLECIDOS,Atropellamiento,Exceso de velocidad,26,FALLECIDO,HOMBRE,MOTOCICLETA,48,LESIONADO,MUJER,PEATON,,,,
2025-03-10 18:26:37,-4.008897,-79.172660,Calle 18 de Noviembre,CON_FALLECIDOS,Caida,Inobservancia de senales,50,FALLECIDO,MUJER,MOTOCICLETA,12,LESIONADO,HOMBRE,SCOOTER,52,LESIONADO,NO_REGISTRA,CICLISTA
2025-09-28 17:34:35,-4.000743,-79.201018,Av. Cuxibamba,CON_FALLECIDOS,Volcamiento,Factores externos,74,FALLECIDO,NO_REGISTRA,PEATON,55,LESIONADO,MUJER,VEH_LIVIANO,39,LESIONADO,HOMBRE,VEH_LIVIANO
2025-03-18 05:26:54,-4.025555,-79.229617,Calle Colon,SOLO_DANOS,Caida,Exceso de velocidad,,,,,,,,,,,,
2025-01-11 13:55:44,-3.978758,-79.213145,Av. Reinaldo Espinosa,CON_FALLECIDOS,Incendio,Estado de embriaguez,76,FALLECIDO,NO_REGISTRA,SCOOTER,,,,,,,,
2025-06-21 09:34:00,-4.005558,-79.228067,Av. Cuxibamba,CON_FALLECIDOS,Incendio,Equipo de seguridad deficiente,63,FALLECIDO,NO_REGISTRA,OTRO,47,LESIONADO,NO_REGISTRA,MOTOCICLETA,,,,
2025-05-19 22:32:30,-4.020860,-79.190913,Calle Saraguro,SOLO_DANOS,Colision Multiple,Inobservancia de senales,,,,,,,,,,,,
2025-11-03 15:23:05,-4.032029,-79.187069,Av. Reinaldo Espinosa,CON_FALLECIDOS,Atropellamiento,Imprudencia del conductor,56,FALLECIDO,NO_REGISTRA,OTRO,51,FALLECIDO,NO_REGISTRA,SCOOTER,22,LESIONADO,HOMBRE,CICLISTA
2025-11-13 15:42:28,-4.035314,-79.203595,Calle Montufar,CON_LESIONADOS,Choque Vehicular,Distraccion (celular/radio),40,LESIONADO,MUJER,PEATON,8,LESIONADO,NO_REGISTRA,OTRO,,,,
2025-09-20 18:42:17,-4.027138,-79.184390,Av. Rosa Hermosa,CON_LESIONADOS,Incendio,Factores externos,36,LESIONADO,NO_REGISTRA,VEH_LIVIANO,20,LESIONADO,HOMBRE,OTRO,,,,
2025-02-02 23:02:06,-3.980744,-79.185790,Av. Cuxibamba,CON_LESIONADOS,Colision Multiple,Factores externos,51,LESIONADO,MUJER,OTRO,,,,,,,,
2025-08-19 17:12:11,-3.980349,-79.213027,Av. Gran Colombia,SOLO_DANOS,Atropellamiento,Imprudencia del conductor,,,,,,,,,,,,
2025-02-15 07:07:27,-3.982054,-79.202522,Calle Mercadillo,SOLO_DANOS,Atropellamiento,Factores externos,,,,,,,,,,,,
2025-12-17 05:18:14,-3.978448,-79.176090,Ruta 35,CON_LESIONADOS,Choque Vehicular,Falla mecanica,29,LESIONADO,HOMBRE,MOTOCICLETA,64,LESIONADO,MUJER,PEATON,,,,
2025-08-20 03:02:07,-3.987029,-79.222669,Av. Isidro Ayora,CON_FALLECIDOS,Caida,Exceso de velocidad,46,FALLECIDO,HOMBRE,SCOOTER,46,FALLECIDO,MUJER,PEATON,,,,
2025-08-26 22:01:21,-3.977113,-79.202227,Av. Pio Jaramillo,CON_LESIONADOS,Colision Multiple,Inobservancia de senales,37,LESIONADO,MUJER,MOTOCICLETA,49,LESIONADO,NO_REGISTRA,OTRO,53,LESIONADO,MUJER,CICLISTA
2025-09-13 05:29:52,-3.999534,-79.172049,Via Loja - Catamayo,SOLO_DANOS,Choque Vehicular,Factores externos,,,,,,,,,,,,
2025-03-09 22:18:04,-4.004200,-79.207990,Calle 10 de Agosto,SOLO_DANOS,Caida,Visibilidad reducida,,,,,,,,,,,,
2025-07-01 22:55:58,-3.997623,-79.193132,Av. Orillas del Zamora,CON_FALLECIDOS,Atropellamiento,Mal estado de la via,46,FALLECIDO,MUJER,PEATON,49,FALLECIDO,MUJER,VEH_LIVIANO,,,,
2025-08-25 21:27:51,-3.992531,-79.223302,Av. 8 de Diciembre,CON_FALLECIDOS,Incendio,Falla mecanica,63,FALLECIDO,HOMBRE,SCOOTER,64,FALLECIDO,NO_REGISTRA,OTRO,45,LESIONADO,MUJER,CICLISTA
2025-06-28 00:43:54,-3.990284,-79.175419,Av. Isidro Ayora,CON_LESIONADOS,Accidente Laboral,Falla mecanica,76,LESIONADO,NO_REGISTRA,OTRO,9,LESIONADO,HOMBRE,MOTOCICLETA,,,,
2025-10-13 08:55:43,-4.026249,-79.212153,Ruta 35,CON_FALLECIDOS,Atropellamiento,Fatiga del conductor,79,FALLECIDO,HOMBRE,SCOOTER,,,,,,,,
2025-03-03 15:01:04,-4.025068,-79.193685,Av. 8 de Diciembre,CON_FALLECIDOS,Colision Multiple,Exceso de velocidad,43,FALLECIDO,MUJER,MOTOCICLETA,70,FALLECIDO,MUJER,MOTOCICLETA,72,LESIONADO,MUJER,OTRO
2025-02-26 12:29:35,-4.023534,-79.187907,Av. Universitaria,CON_LESIONADOS,Atropellamiento,Equipo de seguridad deficiente,6,LESIONADO,NO_REGISTRA,SCOOTER,63,LESIONADO,MUJER,CICLISTA,,,,
2025-11-10 20:37:26,-4.024816,-79.203388,Calle Miguel Riofrio,SOLO_DANOS,Incendio,Mal estado de la via,,,,,,,,,,,,
2025-10-15 12:32:05,-4.017162,-79.230129,Av. 8 de Diciembre,SOLO_DANOS,Volcamiento,Equipo de seguridad deficiente,,,,,,,,,,,,
2025-05-18 03:49:22,-3.991030,-79.222961,Calle Rocafuerte,CON_LESIONADOS,Accidente Laboral,Via resbaladiza o mojada,63,LESIONADO,NO_REGISTRA,MOTOCICLETA,60,LESIONADO,MUJER,OTRO,50,LESIONADO,NO_REGISTRA,OTRO
2025-03-06 22:58:54,-4.017554,-79.192134,Calle 10 de Agosto,CON_LESIONADOS,Volcamiento,Factores externos,58,LESIONADO,NO_REGISTRA,VEH_LIVIANO,17,LESIONADO,MUJER,MOTOCICLETA,9,LESIONADO,HOMBRE,OTRO
2025-05-07 02:03:52,-3.977796,-79.229689,Calle Saraguro,CON_LESIONADOS,Accidente Laboral,Imprudencia del conductor,22,LESIONADO,NO_REGISTRA,SCOOTER,25,LESIONADO,MUJER,SCOOTER,5,LESIONADO,HOMBRE,OTRO
2025-05-01 23:27:02,-4.003730,-79.228933,Av. Isidro Ayora,CON_FALLECIDOS,Atropellamiento,Via resbaladiza o mojada,74,FALLECIDO,NO_REGISTRA,OTRO,42,LESIONADO,HOMBRE,SCOOTER,27,LESIONADO,MUJER,VEH_LIVIANO
2025-10-04 01:01:30,-4.023391,-79.194811,Av. Orillas del Zamora,CON_LESIONADOS,Accidente Laboral,Falla mecanica,46,LESIONADO,HOMBRE,MOTOCICLETA,33,LESIONADO,HOMBRE,MOTOCICLETA,80,LESIONADO,HOMBRE,OTRO
2025-07-18 22:08:11,-4.026777,-79.182735,Ruta 35,SOLO_DANOS,Accidente Laboral,Fatiga del conductor,,,,,,,,,,,,
2025-07-07 17:22:08,-4.033825,-79.227840,Calle Azogues,SOLO_DANOS,Colision Multiple,Visibilidad reducida,,,,,,,,,,,,
2025-02-28 06:56:49,-4.012285,-79.228666,Calle Quito,SOLO_DANOS,Incendio,Factores externos,,,,,,,,,,,,
2025-08-18 20:12:52,-4.012824,-79.191194,Calle Imbabura,SOLO_DANOS,Incendio,Visibilidad reducida,,,,,,,,,,,,
2025-05-28 10:31:25,-4.034309,-79.173651,Av. Universitaria,CON_FALLECIDOS,Accidente Laboral,Distraccion (celular/radio),57,FALLECIDO,NO_REGISTRA,VEH_LIVIANO,76,FALLECIDO,HOMBRE,MOTOCICLETA,61,LESIONADO,HOMBRE,MOTOCICLETA
2025-09-14 17:01:12,-3.998866,-79.189079,Calle Sucre,CON_LESIONADOS,Colision Multiple,Exceso de velocidad,11,LESIONADO,HOMBRE,MOTOCICLETA,33,LESIONADO,HOMBRE,VEH_LIVIANO,58,LESIONADO,HOMBRE,CICLISTA
2025-01-04 11:10:28,-4.016398,-79.184677,Av. 8 de Diciembre,CON_FALLECIDOS,Incendio,Exceso de velocidad,64,FALLECIDO,HOMBRE,MOTOCICLETA,68,FALLECIDO,HOMBRE,SCOOTER,40,LESIONADO,NO_REGISTRA,VEH_LIVIANO
2025-05-03 10:43:24,-3.978465,-79.194832,Calle Montufar,SOLO_DANOS,Accidente Laboral,Via resbaladiza o mojada,,,,,,,,,,,,
2025-11-25 18:45:31,-3.998862,-79.195440,Calle 18 de Noviembre,SOLO_DANOS,Colision Multiple,Estado de embriaguez,,,,,,,,,,,,
2025-01-22 19:34:10,-3.998399,-79.213027,Av. Pio Jaramillo,CON_FALLECIDOS,Choque Vehicular,Distraccion (celular/radio),23,FALLECIDO,NO_REGISTRA,OTRO,67,FALLECIDO,MUJER,VEH_LIVIANO,52,LESIONADO,MUJER,CICLISTA
2025-04-28 20:36:08,-3.991484,-79.190587,Calle Mercadillo,CON_FALLECIDOS,Choque Vehicular,Inobservancia de senales,24,FALLECIDO,MUJER,VEH_LIVIANO,41,FALLECIDO,MUJER,MOTOCICLETA,36,LESIONADO,NO_REGISTRA,MOTOCICLETA
2025-07-02 21:03:01,-3.998330,-79.225494,Av. Pio Jaramillo,SOLO_DANOS,Accidente Laboral,Equipo de seguridad deficiente,,,,,,,,,,,,
2025-08-28 12:37:18,-4.009491,-79.179028,Calle Colon,CON_FALLECIDOS,Incendio,Exceso de velocidad,35,FALLECIDO,MUJER,PEATON,42,LESIONADO,MUJER,CICLISTA,,,,
2025-11-17 18:13:25,-3.996156,-79.180844,Calle Miguel Riofrio,CON_FALLECIDOS,Accidente Laboral,Inobservancia de senales,42,FALLECIDO,MUJER,OTRO,74,LESIONADO,HOMBRE,SCOOTER,,,,
2025-10-02 11:21:31,-3.995288,-79.228011,Av. Rosa Hermosa,CON_FALLECIDOS,Colision Multiple,Via resbaladiza o mojada,29,FALLECIDO,MUJER,OTRO,65,LESIONADO,NO_REGISTRA,PEATON,,,,
2025-12-11 05:23:15,-3.987051,-79.229544,Calle Mercadillo,CON_LESIONADOS,Choque Vehicular,Via resbaladiza o mojada,40,LESIONADO,HOMBRE,OTRO,11,LESIONADO,HOMBRE,MOTOCICLETA,48,LESIONADO,HOMBRE,OTRO
2025-01-04 03:46:25,-4.002845,-79.179819,Calle Sucre,CON_LESIONADOS,Colision Multiple,Mal estado de la via,75,LESIONADO,HOMBRE,CICLISTA,59,LESIONADO,NO_REGISTRA,OTRO,,,,
2025-01-07 10:31:49,-4.027962,-79.204744,Calle Colon,SOLO_DANOS,Volcamiento,Exceso de velocidad,,,,,,,,,,,,
2025-07-01 10:19:24,-4.036407,-79.221379,Av. Cuxibamba,CON_LESIONADOS,Accidente Laboral,Imprudencia del conductor,24,LESIONADO,NO_REGISTRA,VEH_LIVIANO,72,LESIONADO,MUJER,PEATON,,,,
2025-04-12 09:21:36,-3.999353,-79.178196,Via Loja - Catamayo,CON_FALLECIDOS,Atropellamiento,Exceso de velocidad,59,FALLECIDO,NO_REGISTRA,VEH_LIVIANO,80,FALLECIDO,MUJER,MOTOCICLETA,,,,
2025-10-19 20:07:00,-3.981442,-79.229207,Av. Universitaria,CON_LESIONADOS,Colision Multiple,Visibilidad reducida,75,LESIONADO,NO_REGISTRA,OTRO,8,LESIONADO,MUJER,MOTOCICLETA,,,,
2025-06-25 19:57:10,-4.021732,-79.196255,Av. Pio Jaramillo,CON_LESIONADOS,Volcamiento,Via resbaladiza o mojada,15,LESIONADO,MUJER,SCOOTER,,,,,,,,
2025-04-30 09:27:14,-3.979069,-79.218517,Av. Orillas del Zamora,SOLO_DANOS,Volcamiento,Fatiga del conductor,,,,,,,,,,,,
2025-02-19 21:19:37,-4.031709,-79.225338,Av. Orillas del Zamora,CON_FALLECIDOS,Colision Multiple,Visibilidad reducida,70,FALLECIDO,MUJER,CICLISTA,45,FALLECIDO,NO_REGISTRA,VEH_LIVIANO,76,LESIONADO,HOMBRE,PEATON
2025-12-22 05:17:54,-3.988098,-79.174475,Av. Orillas del Zamora,CON_FALLECIDOS,Incendio,Visibilidad reducida,65,FALLECIDO,HOMBRE,MOTOCICLETA,,,,,,,,
2025-04-22 14:21:56,-3.979319,-79.193512,Av. 8 de Diciembre,CON_FALLECIDOS,Choque Vehicular,Equipo de seguridad deficiente,55,FALLECIDO,HOMBRE,OTRO,,,,,,,,
2025-08-05 03:31:56,-3.996539,-79.224372,Via Loja - Zamora,CON_FALLECIDOS,Accidente Laboral,Estado de embriaguez,72,FALLECIDO,MUJER,PEATON,23,LESIONADO,HOMBRE,OTRO,53,LESIONADO,MUJER,SCOOTER
2025-07-06 09:22:58,-4.011202,-79.224239,Calle Bolivar,CON_LESIONADOS,Colision Multiple,Estado de embriaguez,55,LESIONADO,HOMBRE,VEH_LIVIANO,20,LESIONADO,NO_REGISTRA,VEH_LIVIANO,41,LESIONADO,NO_REGISTRA,PEATON
2025-04-03 21:06:01,-3.982656,-79.201282,Av. Reinaldo Espinosa,SOLO_DANOS,Colision Multiple,Mal estado de la via,,,,,,,,,,,,
2025-09-13 01:16:02,-4.029289,-79.200518,Calle Montufar,CON_FALLECIDOS,Choque Vehicular,Fatiga del conductor,22,FALLECIDO,MUJER,SCOOTER,73,FALLECIDO,HOMBRE,MOTOCICLETA,48,LESIONADO,MUJER,PEATON
2025-12-21 04:26:25,-3.986418,-79.211763,Calle Sucre,CON_FALLECIDOS,Volcamiento,Imprudencia del conductor,75,FALLECIDO,HOMBRE,MOTOCICLETA,,,,,,,,
2025-10-19 05:47:56,-4.033849,-79.193013,Av. Manuel Agustin Aguirre,SOLO_DANOS,Choque Vehicular,Equipo de seguridad deficiente,,,,,,,,,,,,
2025-04-26 22:55:16,-3.992611,-79.178089,Calle Rocafuerte,SOLO_DANOS,Colision Multiple,Factores externos,,,,,,,,,,,,
2025-09-09 08:22:07,-3.981149,-79.216920,Av. Gran Colombia,CON_FALLECIDOS,Caida,Inobservancia de senales,22,FALLECIDO,NO_REGISTRA,MOTOCICLETA,,,,,,,,
2025-03-29 12:26:15,-3.993361,-79.187643,Av. Pio Jaramillo,CON_LESIONADOS,Volcamiento,Visibilidad reducida,12,LESIONADO,HOMBRE,CICLISTA,46,LESIONADO,HOMBRE,PEATON,75,LESIONADO,MUJER,CICLISTA
2025-11-11 05:36:13,-4.033327,-79.224471,Av. Reinaldo Espinosa,SOLO_DANOS,Accidente Laboral,Visibilidad reducida,,,,,,,,,,,,
2025-01-06 09:09:32,-3.996405,-79.172283,Calle Bolivar,CON_FALLECIDOS,Choque Vehicular,Factores externos,18,FALLECIDO,MUJER,PEATON,71,FALLECIDO,NO_REGISTRA,VEH_LIVIANO,20,LESIONADO,MUJER,OTRO
2025-07-04 06:14:01,-4.021332,-79.171681,Calle Saraguro,SOLO_DANOS,Atropellamiento,Falla mecanica,,,,,,,,,,,,
2025-10-28 04:18:52,-3.994859,-79.171160,Av. Orillas del Zamora,CON_LESIONADOS,Caida,Estado de embriaguez,13,LESIONADO,MUJER,SCOOTER,47,LESIONADO,NO_REGISTRA,VEH_LIVIANO,78,LESIONADO,HOMBRE,OTRO
2025-06-26 12:26:04,-4.029542,-79.195752,Av. Cuxibamba,CON_LESIONADOS,Colision Multiple,Via resbaladiza o mojada,64,LESIONADO,NO_REGISTRA,MOTOCICLETA,29,LESIONADO,MUJER,MOTOCICLETA,57,LESIONADO,HOMBRE,OTRO
2025-03-13 11:48:59,-4.008445,-79.230612,Calle Ramon Borrero,CON_LESIONADOS,Incendio,Imprudencia del conductor,71,LESIONADO,HOMBRE,SCOOTER,62,LESIONADO,MUJER,SCOOTER,30,LESIONADO,HOMBRE,CICLISTA
2025-09-22 16:53:22,-4.031487,-79.217096,Via Loja - Catamayo,CON_FALLECIDOS,Accidente Laboral,Visibilidad reducida,36,FALLECIDO,HOMBRE,VEH_LIVIANO,32,FALLECIDO,MUJER,OTRO,,,,
2025-12-26 05:49:04,-4.002175,-79.207442,Calle Ramon Borrero,CON_LESIONADOS,Accidente Laboral,Distraccion (celular/radio),7,LESIONADO,HOMBRE,PEATON,21,LESIONADO,MUJER,CICLISTA,48,LESIONADO,HOMBRE,PEATON
2025-12-13 13:13:23,-4.020828,-79.178775,Av. Orillas del Zamora,CON_FALLECIDOS,Volcamiento,Inobservancia de senales,34,FALLECIDO,MUJER,MOTOCICLETA,,,,,,,,
2025-11-22 21:54:35,-3.985102,-79.208212,Av. Gran Colombia,SOLO_DANOS,Colision Multiple,Mal estado de la via,,,,,,,,,,,,
2025-09-01 08:26:28,-4.004088,-79.193224,Av. Orillas del Zamora,CON_LESIONADOS,Atropellamiento,Equipo de seguridad deficiente,77,LESIONADO,MUJER,PEATON,67,LESIONADO,MUJER,PEATON,68,LESIONADO,NO_REGISTRA,SCOOTER
2025-01-26 23:14:35,-3.981758,-79.225351,Calle Colon,CON_LESIONADOS,Colision Multiple,Inobservancia de senales,45,LESIONADO,MUJER,SCOOTER,16,LESIONADO,MUJER,SCOOTER,,,,
2025-04-25 04:55:36,-3.989774,-79.187762,Calle Montufar,SOLO_DANOS,Caida,Distraccion (celular/radio),74,LESIONADO,MUJER,OTRO,,,,,,,,
2025-07-21 14:25:52,-3.983450,-79.176043,Calle Azogues,CON_FALLECIDOS,Colision Multiple,Imprudencia del conductor,76,FALLECIDO,HOMBRE,PEATON,,,,,,,,
2025-12-12 15:01:36,-4.004374,-79.185894,Calle Bolivar,CON_FALLECIDOS,Accidente Laboral,Mal estado de la via,47,FALLECIDO,MUJER,SCOOTER,67,LESIONADO,HOMBRE,OTRO,9,LESIONADO,MUJER,SCOOTER
2025-03-04 12:06:04,-3.982106,-79.199778,Calle Rocafuerte,CON_FALLECIDOS,Volcamiento,Exceso de velocidad,42,FALLECIDO,MUJER,VEH_LIVIANO,,,,,,,,
2025-05-24 18:42:49,-3.984177,-79.225811,Calle Rocafuerte,CON_FALLECIDOS,Volcamiento,Inobservancia de senales,78,FALLECIDO,MUJER,PEATON,60,FALLECIDO,HOMBRE,MOTOCICLETA,51,LESIONADO,MUJER,OTRO
2025-12-10 18:21:26,-4.030772,-79.222260,Av. Pio Jaramillo,SOLO_DANOS,Caida,Mal estado de la via,,,,,,,,,,,,
2025-08-29 16:20:43,-3.979504,-79.215660,Calle Azogues,CON_LESIONADOS,Accidente Laboral,Visibilidad reducida,31,LESIONADO,HOMBRE,OTRO,47,LESIONADO,NO_REGISTRA,CICLISTA,52,LESIONADO,NO_REGISTRA,PEATON
2025-03-24 09:55:41,-3.995064,-79.197203,Av. Orillas del Zamora,CON_FALLECIDOS,Colision Multiple,Mal estado de la via,62,FALLECIDO,NO_REGISTRA,VEH_LIVIANO,,,,,,,,
2025-03-08 23:19:45,-4.003338,-79.229413,Calle Azogues,CON_LESIONADOS,Accidente Laboral,Estado de embriaguez,34,LESIONADO,NO_REGISTRA,VEH_LIVIANO,45,LESIONADO,HOMBRE,MOTOCICLETA,,,,
2025-05-31 06:19:53,-3.990060,-79.194564,Av. Gran Colombia,SOLO_DANOS,Caida,Via resbaladiza o mojada,,,,,,,,,,,,
2025-03-16 22:43:32,-3.987059,-79.220394,Calle 18 de Noviembre,CON_LESIONADOS,Colision Multiple,Imprudencia del conductor,59,LESIONADO,MUJER,OTRO,,,,,,,,
2025-10-30 16:05:05,-3.978026,-79.219775,Calle Miguel Riofrio,CON_LESIONADOS,Caida,Imprudencia del conductor,27,LESIONADO,HOMBRE,CICLISTA,72,LESIONADO,NO_REGISTRA,PEATON,,,,
2025-09-28 11:54:41,-3.979011,-79.182002,Av. Metropolitana,CON_LESIONADOS,Choque Vehicular,Exceso de velocidad,29,LESIONADO,MUJER,PEATON,78,LESIONADO,NO_REGISTRA,SCOOTER,,,,
2025-11-19 03:31:23,-4.000781,-79.217035,Calle Ramon Borrero,CON_FALLECIDOS,Choque Vehicular,Fatiga del conductor,81,FALLECIDO,HOMBRE,CICLISTA,14,LESIONADO,HOMBRE,CICLISTA,80,LESIONADO,NO_REGISTRA,SCOOTER
2025-08-22 23:17:15,-4.003731,-79.226266,Av. Rosa Hermosa,CON_LESIONADOS,Atropellamiento,Distraccion (celular/radio),9,LESIONADO,NO_REGISTRA,MOTOCICLETA,74,LESIONADO,HOMBRE,SCOOTER,56,LESIONADO,NO_REGISTRA,MOTOCICLETA
2025-03-16 11:02:38,-4.017894,-79.210085,Av. Manuel Agustin Aguirre,SOLO_DANOS,Incendio,Factores externos,,,,,,,,,,,,
2025-12-08 01:10:21,-3.991493,-79.171246,Av. Metropolitana,CON_LESIONADOS,Choque Vehicular,Visibilidad reducida,77,LESIONADO,MUJER,SCOOTER,,,,,,,,
2025-03-05 08:35:56,-4.015981,-79.200837,Calle Imbabura,CON_FALLECIDOS,Caida,Visibilidad reducida,62,FALLECIDO,MUJER,CICLISTA,50,LESIONADO,NO_REGISTRA,CICLISTA,,,,
2025-04-16 16:19:43,-4.013362,-79.220990,Calle Bolivar,CON_FALLECIDOS,Incendio,Distraccion (celular/radio),81,FALLECIDO,HOMBRE,VEH_LIVIANO,56,FALLECIDO,NO_REGISTRA,VEH_LIVIANO,69,LESIONADO,MUJER,PEATON
2025-09-13 07:07:32,-4.028633,-79.193159,Via Loja - Catamayo,CON_FALLECIDOS,Incendio,Distraccion (celular/radio),59,FALLECIDO,HOMBRE,CICLISTA,,,,,,,,
2025-01-26 00:56:51,-3.980923,-79.193417,Via Loja - Zamora,CON_LESIONADOS,Choque Vehicular,Imprudencia del conductor,79,LESIONADO,HOMBRE,CICLISTA,,,,,,,,
2025-12-20 06:33:51,-4.026757,-79.189469,Calle Miguel Riofrio,SOLO_DANOS,Incendio,Via resbaladiza o mojada,34,LESIONADO,NO_REGISTRA,CICLISTA,,,,,,,,
2025-11-23 00:59:01,-3.988031,-79.223254,Av. Gran Colombia,CON_LESIONADOS,Colision Multiple,Factores externos,13,LESIONADO,MUJER,OTRO,63,LESIONADO,HOMBRE,OTRO,29,LESIONADO,MUJER,OTRO
2025-04-20 08:16:01,-3.985003,-79.171154,Av. 8 de Diciembre,SOLO_DANOS,Volcamiento,Visibilidad reducida,,,,,,,,,,,,
2025-11-06 05:09:51,-4.033217,-79.209413,Av. Reinaldo Espinosa,SOLO_DANOS,Atropellamiento,Equipo de seguridad deficiente,13,LESIONADO,MUJER,OTRO,,,,,,,,
2025-06-04 20:20:21,-4.007966,-79.218161,Av. Manuel Agustin Aguirre,CON_LESIONADOS,Volcamiento,Visibilidad reducida,53,LESIONADO,MUJER,VEH_LIVIANO,67,LESIONADO,MUJER,CICLISTA,50,LESIONADO,NO_REGISTRA,SCOOTER
2025-09-17 12:09:36,-4.017974,-79.226776,Av. Cuxibamba,CON_LESIONADOS,Atropellamiento,Estado de embriaguez,44,LESIONADO,HOMBRE,VEH_LIVIANO,7,LESIONADO,MUJER,VEH_LIVIANO,,,,
2025-05-02 10:36:50,-4.006895,-79.177746,Calle Mercadillo,CON_FALLECIDOS,Volcamiento,Factores externos,78,FALLECIDO,MUJER,VEH_LIVIANO,47,LESIONADO,HOMBRE,PEATON,76,LESIONADO,HOMBRE,MOTOCICLETA
2025-07-29 02:43:20,-3.988608,-79.222060,Av. Gran Colombia,CON_FALLECIDOS,Colision Multiple,Fatiga del conductor,65,FALLECIDO,MUJER,SCOOTER,73,FALLECIDO,MUJER,MOTOCICLETA,,,,
2025-06-28 10:47:47,-3.997071,-79.219916,Calle Imbabura,SOLO_DANOS,Choque Vehicular,Inobservancia de senales,,,,,,,,,,,,
2025-07-17 04:00:14,-3.995955,-79.222814,Av. Reinaldo Espinosa,CON_FALLECIDOS,Choque Vehicular,Factores externos,57,FALLECIDO,NO_REGISTRA,VEH_LIVIANO,,,,,,,,
2025-06-06 09:45:51,-4.011113,-79.171828,Av. Rosa Hermosa,SOLO_DANOS,Accidente Laboral,Fatiga del conductor,,,,,,,,,,,,
2025-03-22 17:41:59,-4.009629,-79.187897,Calle Quito,CON_FALLECIDOS,Volcamiento,Exceso de velocidad,44,FALLECIDO,NO_REGISTRA,OTRO,53,LESIONADO,NO_REGISTRA,CICLISTA,77,LESIONADO,HOMBRE,MOTOCICLETA
2025-11-09 06:53:14,-3.983231,-79.185460,Calle Montufar,SOLO_DANOS,Caida,Factores externos,,,,,,,,,,,,
2025-06-06 15:19:25,-4.033087,-79.174964,Av. Rosa Hermosa,CON_LESIONADOS,Accidente Laboral,Fatiga del conductor,59,LESIONADO,HOMBRE,SCOOTER,53,LESIONADO,NO_REGISTRA,SCOOTER,65,LESIONADO,NO_REGISTRA,VEH_LIVIANO
2025-09-19 05:29:03,-4.029063,-79.220245,Via Loja - Zamora,SOLO_DANOS,Choque Vehicular,Fatiga del conductor,,,,,,,,,,,,
2025-11-26 19:59:37,-4.030645,-79.209760,Av. Reinaldo Espinosa,CON_FALLECIDOS,Atropellamiento,Inobservancia de senales,49,FALLECIDO,NO_REGISTRA,PEATON,9,LESIONADO,MUJER,OTRO,,,,
2025-02-07 18:58:53,-4.008960,-79.229398,Av. Reinaldo Espinosa,SOLO_DANOS,Accidente Laboral,Imprudencia del conductor,,,,,,,,,,,,
2025-10-31 22:23:50,-3.979092,-79.229457,Av. 8 de Diciembre,CON_FALLECIDOS,Incendio,Falla mecanica,25,FALLECIDO,HOMBRE,CICLISTA,70,FALLECIDO,NO_REGISTRA,SCOOTER,,,,
2025-06-24 10:13:41,-3.995766,-79.205758,Via Loja - Catamayo,SOLO_DANOS,Colision Multiple,Equipo de seguridad deficiente,,,,,,,,,,,,
2025-07-04 17:06:48,-3.996999,-79.185146,Calle 10 de Agosto,CON_FALLECIDOS,Volcamiento,Equipo de seguridad deficiente,81,FALLECIDO,HOMBRE,VEH_LIVIANO,60,FALLECIDO,NO_REGISTRA,PEATON,,,,
2025-10-13 02:19:05,-4.014413,-79.188949,Calle Rocafuerte,CON_LESIONADOS,Incendio,Inobservancia de senales,52,LESIONADO,MUJER,MOTOCICLETA,43,LESIONADO,HOMBRE,MOTOCICLETA,,,,