fecha_hora,latitud,longitud,via,grado_severidad,tipo_siniestro,causa_probable,victima1_edad,victima1_condicion,victima1_sexo,victima1_actor_vial,victima2_edad,victima2_condicion,victima2_sexo,victima2_actor_vial,victima3_edad,victima3_condicion,victima3_sexo,victima3_actor_vial
2025-06-16 06:46:53,-4.016232,-79.178553,Av. Isidro Ayora,CON_LESIONADOS,Caida,Fatiga del conductor,53,LESIONADO,MUJER,OTRO,36,LESIONADO,NO_REGISTRA,VEH_LIVIANO,,,,
2025-02-05 16:24:43,-4.020527,-79.201249,Av. Reinaldo Espinosa,SOLO_DANOS,Caida,Factores externos,,,,,,,,,,,,
2025-08-07 11:49:33,-3.983025,-79.194893,Calle Ramon Borrero,CON_FALLECIDOS,Choque Vehicular,Estado de embriaguez,82,FALLECIDO,HOMBRE,MOTOCICLETA,,,,,,,,
2025-04-30 18:48:49,-3.997125,-79.194010,Calle Ramon Borrero,CON_LESIONADOS,Caida,Factores externos,65,LESIONADO,NO_REGISTRA,OTRO,49,LESIONADO,NO_REGISTRA,VEH_LIVIANO,6,LESIONADO,NO_REGISTRA,VEH_LIVIANO
2025-07-07 23:19:28,-3.999033,-79.175037,Calle Rocafuerte,CON_FALLECIDOS,Incendio,Visibilidad reducida,57,FALLECIDO,HOMBRE,PEATON,44,FALLECIDO,MUJER,MOTOCICLETA,15,LESIONADO,MUJER,VEH_LIVIANO
2025-09-12 15:54:50,-3.981605,-79.199054,Av. Cuxibamba,CON_LESIONADOS,Choque Vehicular,Estado de embriaguez,27,LESIONADO,HOMBRE,OTRO,,,,,,,,
2025-01-12 14:00:57,-4.022436,-79.186388,Ruta 35,CON_FALLECIDOS,Incendio,Fatiga del conductor,24,FALLECIDO,HOMBRE,PEATON,77,FALLECIDO,MUJER,CICLISTA,,,,
2025-03-17 21:40:32,-3.988519,-79.186127,Calle Imbabura,CON_LESIONADOS,Incendio,Exceso de velocidad,13,LESIONADO,HOMBRE,OTRO,48,LESIONADO,HOMBRE,OTRO,,,,
2025-06-29 23:30:27,-4.019284,-79.181272,Av. Gran Colombia,CON_FALLECIDOS,Atropellamiento,Equipo de seguridad deficiente,22,FALLECIDO,NO_REGISTRA,PEATON,,,,,,,,
2025-12-31 12:49:25,-4.017538,-79.215549,Via Loja - Catamayo,SOLO_DANOS,Incendio,Equipo de seguridad deficiente,,,,,,,,,,,,
2025-06-09 14:10:50,-4.004711,-79.215821,Calle Colon,CON_LESIONADOS,Caida,Falla mecanica,71,LESIONADO,MUJER,SCOOTER,52,LESIONADO,NO_REGISTRA,VEH_LIVIANO,,,,
2025-12-16 16:44:13,-4.005905,-79.204080,Calle Quito,SOLO_DANOS,Accidente Laboral,Mal estado de la via,,,,,,,,,,,,
2025-09-30 03:39:05,-4.015141,-79.183331,Av. Orillas del Zamora,CON_FALLECIDOS,Colision Multiple,Mal estado de la via,23,FALLECIDO,HOMBRE,SCOOTER,45,FALLECIDO,MUJER,OTRO,68,LESIONADO,HOMBRE,PEATON
2025-03-31 18:25:21,-4.035294,-79.191423,Calle 10 de Agosto,CON_FALLECIDOS,Volcamiento,Inobservancia de senales,61,FALLECIDO,HOMBRE,VEH_LIVIANO,74,FALLECIDO,NO_REGISTRA,PEATON,21,LESIONADO,HOMBRE,VEH_LIVIANO
2025-07-01 04:03:18,-3.983400,-79.187159,Calle Rocafuerte,SOLO_DANOS,Caida,Distraccion (celular/radio),,,,,,,,,,,,
2025-04-19 13:51:02,-4.011311,-79.178811,Av. Isidro Ayora,SOLO_DANOS,Volcamiento,Falla mecanica,,,,,,,,,,,,
2025-08-04 23:14:55,-4.035078,-79.211921,Av. Pio Jaramillo,CON_LESIONADOS,Choque Vehicular,Visibilidad reducida,22,LESIONADO,NO_REGISTRA,OTRO,,,,,,,,
2025-02-09 22:39:48,-4.025769,-79.199326,Calle Miguel Riofrio,SOLO_DANOS,Atropellamiento,Fatiga del conductor,,,,,,,,,,,,
2025-04-20 19:59:33,-4.032189,-79.171746,Calle Azogues,CON_LESIONADOS,Atropellamiento,Visibilidad reducida,57,LESIONADO,HOMBRE,VEH_LIVIANO,37,LESIONADO,MUJER,CICLISTA,,,,
2025-04-14 15:31:24,-3.992483,-79.190318,Calle Saraguro,CON_FALLECIDOS,Choque Vehicular,Factores externos,25,FALLECIDO,HOMBRE,OTRO,,,,,,,,
2025-10-12 13:45:27,-3.986679,-79.214744,Av. Reinaldo Espinosa,CON_LESIONADOS,Volcamiento,Via resbaladiza o mojada,28,LESIONADO,HOMBRE,VEH_LIVIANO,9,LESIONADO,HOMBRE,VEH_LIVIANO,,,,
2025-06-15 18:58:12,-3.986500,-79.206021,Calle Montufar,SOLO_DANOS,Accidente Laboral,Imprudencia del conductor,,,,,,,,,,,,
2025-04-27 14:06:32,-4.033367,-79.222703,Av. Metropolitana,CON_LESIONADOS,Choque Vehicular,Via resbaladiza o mojada,67,LESIONADO,HOMBRE,MOTOCICLETA,12,LESIONADO,HOMBRE,CICLISTA,28,LESIONADO,NO_REGISTRA,SCOOTER
2025-07-04 13:48:10,-4.019253,-79.218039,Av. Orillas del Zamora,CON_LESIONADOS,Colision Multiple,Inobservancia de senales,31,LESIONADO,NO_REGISTRA,CICLISTA,,,,,,,,
2025-01-31 13:19:12,-4.003400,-79.187835,Calle Rocafuerte,SOLO_DANOS,Incendio,Via resbaladiza o mojada,,,,,,,,,,,,
2025-07-17 05:08:33,-3.995407,-79.211161,Calle Quito,SOLO_DANOS,Choque Vehicular,Via resbaladiza o mojada,,,,,,,,,,,,
2025-08-08 08:43:23,-4.029756,-79.198242,Av. Manuel Agustin Aguirre,SOLO_DANOS,Incendio,Fatiga del conductor,,,,,,,,,,,,
2025-04-12 10:18:38,-3.999472,-79.200540,Calle Imbabura,SOLO_DANOS,Incendio,Fatiga del conductor,40,LESIONADO,NO_REGISTRA,VEH_LIVIANO,,,,,,,,
2025-04-30 10:19:11,-3.981015,-79.213159,Calle Imbabura,SOLO_DANOS,Choque Vehicular,Inobservancia de senales,,,,,,,,,,,,
2025-11-19 03:07:27,-3.990407,-79.196013,Av. Isidro Ayora,SOLO_DANOS,Caida,Exceso de velocidad,,,,,,,,,,,,
2025-01-08 02:15:48,-4.003764,-79.226582,Calle Miguel Riofrio,SOLO_DANOS,Incendio,Fatiga del conductor,,,,,,,,,,,,
2025-11-17 14:36:35,-4.029930,-79.202221,Av. Manuel Agustin Aguirre,CON_LESIONADOS,Accidente Laboral,Fatiga del conductor,54,LESIONADO,HOMBRE,PEATON,21,LESIONADO,MUJER,CICLISTA,,,,
2025-05-11 23:39:04,-3.990986,-79.221124,Calle Saraguro,SOLO_DANOS,Incendio,Equipo de seguridad deficiente,,,,,,,,,,,,
2025-04-26 01:56:04,-4.017092,-79.222332,Av. Metropolitana,CON_FALLECIDOS,Accidente Laboral,Exceso de velocidad,68,FALLECIDO,NO_REGISTRA,SCOOTER,41,FALLECIDO,NO_REGISTRA,VEH_LIVIANO,34,LESIONADO,MUJER,MOTOCICLETA
2025-03-29 08:52:03,-3.983635,-79.222650,Av. Gran Colombia,CON_LESIONADOS,Incendio,Distraccion (celular/radio),59,LESIONADO,NO_REGISTRA,CICLISTA,73,LESIONADO,NO_REGISTRA,SCOOTER,,,,
2025-01-07 19:57:05,-4.010549,-79.214095,Av. Isidro Ayora,CON_LESIONADOS,Volcamiento,Factores externos,33,LESIONADO,NO_REGISTRA,OTRO,,,,,,,,
2025-05-03 23:06:07,-4.006309,-79.226819,Calle Ramon Borrero,CON_LESIONADOS,Atropellamiento,Falla mecanica,28,LESIONADO,HOMBRE,VEH_LIVIANO,,,,,,,,
2025-12-28 10:29:39,-3.992146,-79.208426,Ruta 35,CON_FALLECIDOS,Volcamiento,Equipo de seguridad deficiente,79,FALLECIDO,NO_REGISTRA,SCOOTER,79,FALLECIDO,HOMBRE,MOTOCICLETA,25,LESIONADO,NO_REGISTRA,OTRO
2025-10-22 02:12:27,-4.023291,-79.223995,Av. Gran Colombia,CON_FALLECIDOS,Incendio,Fatiga del conductor,83,FALLECIDO,MUJER,OTRO,52,FALLECIDO,NO_REGISTRA,VEH_LIVIANO,,,,
2025-03-07 17:25:56,-4.010133,-79.230339,Av. Metropolitana,SOLO_DANOS,Choque Vehicular,Exceso de velocidad,,,,,,,,,,,,
2025-03-23 15:40:33,-3.992162,-79.212830,Calle 18 de Noviembre,CON_FALLECIDOS,Choque Vehicular,Falla mecanica,53,FALLECIDO,MUJER,VEH_LIVIANO,19,FALLECIDO,HOMBRE,PEATON,10,LESIONADO,HOMBRE,PEATON
2025-03-22 03:52:22,-4.036398,-79.220748,Calle Rocafuerte,SOLO_DANOS,Choque Vehicular,Mal estado de la via,,,,,,,,,,,,
2025-04-27 23:09:57,-3.987308,-79.189706,Calle Quito,CON_FALLECIDOS,Volcamiento,Equipo de seguridad deficiente,41,FALLECIDO,HOMBRE,CICLISTA,82,FALLECIDO,NO_REGISTRA,CICLISTA,55,LESIONADO,HOMBRE,PEATON
2025-12-27 02:04:18,-4.025668,-79.185275,Av. Rosa Hermosa,CON_LESIONADOS,Choque Vehicular,Exceso de velocidad,58,LESIONADO,NO_REGISTRA,VEH_LIVIANO,,,,,,,,
2025-10-10 22:04:05,-4.025392,-79.176363,Av. Cuxibamba,CON_LESIONADOS,Accidente Laboral,Distraccion (celular/radio),67,LESIONADO,NO_REGISTRA,MOTOCICLETA,,,,,,,,
2025-04-20 13:09:19,-4.015970,-79.192015,Av. Isidro Ayora,CON_LESIONADOS,Colision Multiple,Falla mecanica,63,LESIONADO,MUJER,VEH_LIVIANO,,,,,,,,
2025-06-15 01:50:10,-3.997462,-79.205978,Av. Universitaria,CON_FALLECIDOS,Accidente Laboral,Exceso de velocidad,73,FALLECIDO,MUJER,VEH_LIVIANO,,,,,,,,
2025-03-28 23:47:49,-4.010547,-79.201221,Calle Quito,SOLO_DANOS,Incendio,Distraccion (celular/radio),,,,,,,,,,,,
2025-10-24 20:54:16,-3.987195,-79.211538,Calle 10 de Agosto,CON_LESIONADOS,Atropellamiento,Inobservancia de senales,48,LESIONADO,NO_REGISTRA,PEATON,10,LESIONADO,NO_REGISTRA,CICLISTA,73,LESIONADO,NO_REGISTRA,OTRO
2025-09-23 02:03:01,-4.028849,-79.224025,Av. Rosa Hermosa,SOLO_DANOS,Colision Multiple,Factores externos,,,,,,,,,,,,
2025-06-04 22:27:01,-4.022881,-79.215351,Av. Orillas del Zamora,SOLO_DANOS,Incendio,Estado de embriaguez,,,,,,,,,,,,
2025-03-19 07:24:37,-3.977990,-79.207528,Calle Sucre,CON_LESIONADOS,Incendio,Falla mecanica,14,LESIONADO,HOMBRE,SCOOTER,16,LESIONADO,NO_REGISTRA,VEH_LIVIANO,65,LESIONADO,NO_REGISTRA,CICLISTA
2025-02-22 10:37:57,-4.034050,-79.208549,Av. Rosa Hermosa,CON_LESIONADOS,Accidente Laboral,Fatiga del conductor,54,LESIONADO,HOMBRE,OTRO,12,LESIONADO,NO_REGISTRA,SCOOTER,,,,
2025-09-01 07:11:33,-3.996309,-79.180644,Av. Manuel Agustin Aguirre,CON_LESIONADOS,Choque Vehicular,Estado de embriaguez,43,LESIONADO,MUJER,MOTOCICLETA,80,LESIONADO,HOMBRE,PEATON,,,,
2025-09-19 15:18:16,-3.979865,-79.219400,Av. Universitaria,CON_LESIONADOS,Volcamiento,Visibilidad reducida,33,LESIONADO,MUJER,SCOOTER,,,,,,,,
2025-11-13 06:57:35,-4.030248,-79.225495,Via Loja - Catamayo,CON_FALLECIDOS,Volcamiento,Inobservancia de senales,21,FALLECIDO,HOMBRE,MOTOCICLETA,66,FALLECIDO,NO_REGISTRA,CICLISTA,64,LESIONADO,MUJER,PEATON
2025-07-05 22:59:00,-4.030812,-79.228734,Av. Universitaria,CON_FALLECIDOS,Colision Multiple,Equipo de seguridad deficiente,40,FALLECIDO,NO_REGISTRA,PEATON,22,LESIONADO,MUJER,PEATON,,,,
2025-01-27 09:40:13,-3.994830,-79.210068,Av. Reinaldo Espinosa,CON_LESIONADOS,Colision Multiple,Falla mecanica,25,LESIONADO,HOMBRE,SCOOTER,18,LESIONADO,MUJER,VEH_LIVIANO,46,LESIONADO,NO_REGISTRA,MOTOCICLETA
2025-05-14 05:54:59,-3.981014,-79.210092,Calle Quito,SOLO_DANOS,Caida,Falla mecanica,,,,,,,,,,,,
2025-06-29 07:16:58,-4.002132,-79.209670,Via Loja - Zamora,CON_LESIONADOS,Volcamiento,Equipo de seguridad deficiente,59,LESIONADO,HOMBRE,SCOOTER,55,LESIONADO,HOMBRE,PEATON,,,,
2025-09-27 18:09:25,-3.987025,-79.218699,Calle Imbabura,CON_LESIONADOS,Volcamiento,Distraccion (celular/radio),58,LESIONADO,HOMBRE,SCOOTER,,,,,,,,
2025-05-21 21:08:06,-4.015432,-79.201924,Av. Rosa Hermosa,CON_LESIONADOS,Colision Multiple,Mal estado de la via,19,LESIONADO,MUJER,MOTOCICLETA,,,,,,,,
2025-08-25 01:25:35,-4.018813,-79.184543,Calle Imbabura,CON_FALLECIDOS,Incendio,Equipo de seguridad deficiente,43,FALLECIDO,NO_REGISTRA,CICLISTA,34,LESIONADO,MUJER,PEATON,41,LESIONADO,HOMBRE,CICLISTA
2025-01-17 08:49:32,-4.034546,-79.215266,Av. Metropolitana,CON_LESIONADOS,Colision Multiple,Falla mecanica,54,LESIONADO,NO_REGISTRA,SCOOTER,,,,,,,,
2025-01-05 22:38:47,-4.013718,-79.219486,Av. Cuxibamba,CON_FALLECIDOS,Caida,Estado de embriaguez,44,FALLECIDO,NO_REGISTRA,MOTOCICLETA,40,FALLECIDO,NO_REGISTRA,OTRO,23,LESIONADO,MUJER,VEH_LIVIANO
2025-11-13 22:42:58,-3.978155,-79.183462,Av. 8 de Diciembre,CON_FALLECIDOS,Accidente Laboral,Mal estado de la via,62,FALLECIDO,NO_REGISTRA,SCOOTER,,,,,,,,
2025-06-14 17:27:00,-3.978083,-79.224062,Calle 18 de Noviembre,SOLO_DANOS,Colision Multiple,Exceso de velocidad,,,,,,,,,,,,
2025-10-05 23:13:05,-4.025178,-79.196235,Calle Rocafuerte,SOLO_DANOS,Atropellamiento,Equipo de seguridad deficiente,,,,,,,,,,,,
2025-07-26 11:05:14,-4.017824,-79.195453,Calle Rocafuerte,SOLO_DANOS,Caida,Inobservancia de senales,,,,,,,,,,,,
2025-11-05 00:55:48,-4.023993,-79.186448,Av. Metropolitana,SOLO_DANOS,Caida,Factores externos,,,,,,,,,,,,
2025-07-15 01:07:29,-3.983587,-79.228701,Calle Quito,SOLO_DANOS,Choque Vehicular,Factores externos,,,,,,,,,,,,
2025-01-07 08:44:37,-4.028957,-79.178764,Calle Azogues,SOLO_DANOS,Caida,Estado de embriaguez,,,,,,,,,,,,
2025-12-02 05:19:25,-3.989309,-79.172360,Via Loja - Zamora,CON_FALLECIDOS,Colision Multiple,Mal estado de la via,20,FALLECIDO,NO_REGISTRA,OTRO,52,LESIONADO,HOMBRE,MOTOCICLETA,,,,
2025-09-19 15:26:54,-3.989608,-79.172652,Ruta 35,SOLO_DANOS,Volcamiento,Via resbaladiza o mojada,,,,,,,,,,,,
2025-06-15 23:35:14,-4.000907,-79.206395,Calle 10 de Agosto,CON_FALLECIDOS,Choque Vehicular,Imprudencia del conductor,84,FALLECIDO,NO_REGISTRA,MOTOCICLETA,56,LESIONADO,NO_REGISTRA,MOTOCICLETA,,,,
2025-01-07 00:28:23,-3.995359,-79.207194,Calle 18 de Noviembre,CON_LESIONADOS,Choque Vehicular,Inobservancia de senales,34,LESIONADO,NO_REGISTRA,OTRO,37,LESIONADO,HOMBRE,OTRO,79,LESIONADO,NO_REGISTRA,SCOOTER
2025-06-30 06:28:47,-4.005345,-79.183001,Ruta 35,CON_FALLECIDOS,Caida,Exceso de velocidad,71,FALLECIDO,HOMBRE,CICLISTA,,,,,,,,
2025-04-30 06:18:16,-3.993870,-79.190585,Calle 10 de Agosto,CON_FALLECIDOS,Colision Multiple,Distraccion (celular/radio),73,FALLECIDO,NO_REGISTRA,CICLISTA,67,LESIONADO,MUJER,SCOOTER,,,,
2025-10-09 08:59:44,-3.989284,-79.176817,Calle Imbabura,CON_LESIONADOS,Colision Multiple,Mal estado de la via,10,LESIONADO,HOMBRE,MOTOCICLETA,76,LESIONADO,HOMBRE,SCOOTER,,,,
2025-02-28 10:12:40,-4.010310,-79.180984,Av. Universitaria,SOLO_DANOS,Caida,Inobservancia de senales,49,LESIONADO,MUJER,CICLISTA,,,,,,,,
2025-02-06 11:10:06,-4.029386,-79.214615,Av. Reinaldo Espinosa,CON_LESIONADOS,Accidente Laboral,Estado de embriaguez,68,LESIONADO,MUJER,SCOOTER,59,LESIONADO,NO_REGISTRA,CICLISTA,,,,
2025-06-20 23:50:14,-3.977508,-79.180204,Av. Rosa Hermosa,CON_LESIONADOS,Accidente Laboral,Exceso de velocidad,19,LESIONADO,MUJER,VEH_LIVIANO,31,LESIONADO,NO_REGISTRA,VEH_LIVIANO,11,LESIONADO,MUJER,CICLISTA
2025-08-31 17:33:13,-3.987243,-79.171097,Av. Pio Jaramillo,CON_FALLECIDOS,Incendio,Estado de embriaguez,35,FALLECIDO,NO_REGISTRA,PEATON,51,LESIONADO,NO_REGISTRA,CICLISTA,,,,
2025-06-16 23:07:28,-4.026285,-79.178487,Calle Colon,CON_LESIONADOS,Incendio,Inobservancia de senales,72,LESIONADO,HOMBRE,SCOOTER,72,LESIONADO,HOMBRE,OTRO,59,LESIONADO,HOMBRE,CICLISTA
2025-11-10 02:54:08,-4.006124,-79.184539,Av. Manuel Agustin Aguirre,CON_FALLECIDOS,Colision Multiple,Imprudencia del conductor,74,FALLECIDO,HOMBRE,MOTOCICLETA,18,FALLECIDO,HOMBRE,VEH_LIVIANO,,,,
2025-06-25 06:02:44,-4.015304,-79.171272,Calle Quito,CON_FALLECIDOS,Incendio,Via resbaladiza o mojada,77,FALLECIDO,HOMBRE,MOTOCICLETA,,,,,,,,
2025-05-28 09:33:50,-4.003958,-79.212471,Av. Cuxibamba,CON_FALLECIDOS,Volcamiento,Imprudencia del conductor,53,FALLECIDO,NO_REGISTRA,SCOOTER,78,FALLECIDO,MUJER,PEATON,,,,
2025-08-12 15:14:39,-4.004109,-79.201411,Calle Azogues,SOLO_DANOS,Volcamiento,Falla mecanica,,,,,,,,,,,,
2025-12-17 10:08:16,-4.023618,-79.215804,Av. 8 de Diciembre,CON_FALLECIDOS,Caida,Falla mecanica,76,FALLECIDO,HOMBRE,MOTOCICLETA,73,FALLECIDO,MUJER,MOTOCICLETA,72,LESIONADO,MUJER,VEH_LIVIANO
2025-02-19 17:40:03,-3.989038,-79.189461,Av. Pio Jaramillo,SOLO_DANOS,Volcamiento,Fatiga del conductor,,,,,,,,,,,,
2025-04-06 16:12:28,-4.023256,-79.184245,Av. Universitaria,CON_FALLECIDOS,Atropellamiento,Fatiga del conductor,77,FALLECIDO,HOMBRE,VEH_LIVIANO,61,LESIONADO,NO_REGISTRA,PEATON,,,,
2025-10-26 02:23:43,-4.001882,-79.198617,Av. Orillas del Zamora,CON_FALLECIDOS,Colision Multiple,Mal estado de la via,38,FALLECIDO,HOMBRE,MOTOCICLETA,,,,,,,,
2025-11-03 03:28:35,-4.015887,-79.213952,Av. Rosa Hermosa,CON_LESIONADOS,Volcamiento,Inobservancia de senales,30,LESIONADO,HOMBRE,VEH_LIVIANO,44,LESIONADO,HOMBRE,PEATON,59,LESIONADO,MUJER,OTRO
2025-04-29 10:55:15,-3.987045,-79.209148,Calle 18 de Noviembre,SOLO_DANOS,Incendio,Fatiga del conductor,,,,,,,,,,,,
2025-06-08 05:45:45,-4.013493,-79.177848,Calle Montufar,CON_FALLECIDOS,Atropellamiento,Mal estado de la via,74,FALLECIDO,NO_REGISTRA,CICLISTA,77,LESIONADO,HOMBRE,PEATON,10,LESIONADO,NO_REGISTRA,OTRO
2025-01-26 20:23:46,-4.025595,-79.216238,Calle Saraguro,CON_FALLECIDOS,Volcamiento,Factores externos,71,FALLECIDO,NO_REGISTRA,PEATON,62,FALLECIDO,HOMBRE,SCOOTER,69,LESIONADO,HOMBRE,PEATON
2025-11-20 01:46:02,-3.979000,-79.216265,Calle Azogues,CON_LESIONADOS,Incendio,Inobservancia de senales,8,LESIONADO,NO_REGISTRA,OTRO,39,LESIONADO,MUJER,PEATON,,,,
2025-01-17 08:27:37,-4.027441,-79.211121,Calle Azogues,CON_FALLECIDOS,Caida,Mal estado de la via,72,FALLECIDO,NO_REGISTRA,CICLISTA,17,LESIONADO,NO_REGISTRA,OTRO,13,LESIONADO,HOMBRE,VEH_LIVIANO
2025-07-28 18:38:24,-4.016954,-79.230181,Av. Orillas del Zamora,CON_LESIONADOS,Colision Multiple,Estado de embriaguez,45,LESIONADO,MUJER,MOTOCICLETA,11,LESIONADO,NO_REGISTRA,MOTOCICLETA,14,LESIONADO,MUJER,OTRO
2025-04-06 10:45:59,-4.008746,-79.199205,Calle 10 de Agosto,SOLO_DANOS,Incendio,Falla mecanica,,,,,,,,,,,,
2025-12-18 13:52:25,-4.032137,-79.176991,Av. 8 de Diciembre,SOLO_DANOS,Atropellamiento,Fatiga del conductor,,,,,,,,,,,,
2025-10-12 04:18:03,-3.978971,-79.226474,Calle 18 de Noviembre,CON_FALLECIDOS,Incendio,Fatiga del conductor,61,FALLECIDO,NO_REGISTRA,PEATON,,,,,,,,
2025-03-23 14:53:28,-3.993453,-79.230382,Av. Metropolitana,CON_LESIONADOS,Atropellamiento,Estado de embriaguez,48,LESIONADO,MUJER,CICLISTA,,,,,,,,
2025-03-02 20:16:11,-4.031597,-79.204002,Calle Bolivar,SOLO_DANOS,Colision Multiple,Exceso de velocidad,,,,,,,,,,,,
2025-03-06 00:50:40,-4.006593,-79.212034,Via Loja - Catamayo,SOLO_DANOS,Choque Vehicular,Inobservancia de senales,,,,,,,,,,,,
2025-07-15 18:12:19,-3.989496,-79.178151,Av. Reinaldo Espinosa,SOLO_DANOS,Caida,Equipo de seguridad deficiente,,,,,,,,,,,,
2025-11-17 11:20:51,-4.001443,-79.207236,Av. Gran Colombia,CON_LESIONADOS,Accidente Laboral,Fatiga del conductor,37,LESIONADO,HOMBRE,SCOOTER,78,LESIONADO,MUJER,PEATON,,,,
2025-04-01 12:28:13,-4.016804,-79.175239,Calle Bolivar,CON_FALLECIDOS,Caida,Estado de embriaguez,73,FALLECIDO,NO_REGISTRA,PEATON,,,,,,,,
2025-08-13 22:49:10,-4.027262,-79.210974,Av. Cuxibamba,SOLO_DANOS,Caida,Mal estado de la via,,,,,,,,,,,,
2025-11-21 06:36:46,-4.022983,-79.228546,Calle Rocafuerte,CON_LESIONADOS,Volcamiento,Via resbaladiza o mojada,21,LESIONADO,HOMBRE,MOTOCICLETA,,,,,,,,
2025-10-05 00:18:15,-4.012941,-79.176370,Calle Ramon Borrero,SOLO_DANOS,Choque Vehicular,Distraccion (celular/radio),,,,,,,,,,,,
2025-02-16 01:46:44,-4.016917,-79.181747,Calle Azogues,CON_LESIONADOS,Accidente Laboral,Imprudencia del conductor,10,LESIONADO,HOMBRE,OTRO,,,,,,,,
2025-04-04 01:00:12,-3.999441,-79.184588,Av. Rosa Hermosa,CON_FALLECIDOS,Volcamiento,Distraccion (celular/radio),39,FALLECIDO,NO_REGISTRA,CICLISTA,55,LESIONADO,NO_REGISTRA,CICLISTA,,,,
2025-11-01 05:46:45,-4.004447,-79.203457,Av. Gran Colombia,CON_FALLECIDOS,Choque Vehicular,Via resbaladiza o mojada,38,FALLECIDO,HOMBRE,SCOOTER,50,FALLECIDO,MUJER,CICLISTA,,,,
2025-12-03 12:00:53,-4.000141,-79.206231,Av. 8 de Diciembre,CON_FALLECIDOS,Caida,Fatiga del conductor,55,FALLECIDO,MUJER,CICLISTA,48,LESIONADO,NO_REGISTRA,PEATON,,,,
2025-01-04 18:24:08,-4.029425,-79.215205,Av. Universitaria,CON_FALLECIDOS,Incendio,Mal estado de la via,51,FALLECIDO,MUJER,OTRO,31,LESIONADO,HOMBRE,MOTOCICLETA,65,LESIONADO,NO_REGISTRA,MOTOCICLETA
2025-05-15 20:53:37,-3.980578,-79.186165,Av. Universitaria,SOLO_DANOS,Volcamiento,Equipo de seguridad deficiente,,,,,,,,,,,,
2025-03-17 01:00:58,-3.988843,-79.205062,Calle Quito,CON_LESIONADOS,Atropellamiento,Imprudencia del conductor,10,LESIONADO,MUJER,SCOOTER,,,,,,,,
2025-01-05 00:13:38,-4.012501,-79.203629,Av. Rosa Hermosa,CON_FALLECIDOS,Atropellamiento,Visibilidad reducida,66,FALLECIDO,HOMBRE,PEATON,66,FALLECIDO,HOMBRE,VEH_LIVIANO,72,LESIONADO,HOMBRE,PEATON
2025-12-09 23:15:59,-4.005650,-79.186051,Av. Isidro Ayora,CON_FALLECIDOS,Incendio,Distraccion (celular/radio),19,FALLECIDO,MUJER,CICLISTA,78,FALLECIDO,HOMBRE,PEATON,48,LESIONADO,NO_REGISTRA,OTRO
2025-02-19 22:33:11,-3.991166,-79.222007,Av. Rosa Hermosa,CON_FALLECIDOS,Incendio,Falla mecanica,72,FALLECIDO,HOMBRE,MOTOCICLETA,42,LESIONADO,NO_REGISTRA,OTRO,,,,
2025-05-06 18:09:11,-3.995930,-79.192490,Calle Mercadillo,CON_LESIONADOS,Atropellamiento,Falla mecanica,43,LESIONADO,HOMBRE,SCOOTER,11,LESIONADO,MUJER,MOTOCICLETA,49,LESIONADO,HOMBRE,VEH_LIVIANO
2025-05-27 01:18:07,-4.014443,-79.217955,Calle Sucre,CON_FALLECIDOS,Volcamiento,Mal estado de la via,71,FALLECIDO,HOMBRE,SCOOTER,45,FALLECIDO,HOMBRE,PEATON,,,,
2025-03-13 03:08:26,-3.989463,-79.206005,Calle Montufar,SOLO_DANOS,Caida,Exceso de velocidad,44,LESIONADO,MUJER,PEATON,,,,,,,,
2025-03-12 04:26:05,-4.009633,-79.175916,Calle Quito,SOLO_DANOS,Choque Vehicular,Mal estado de la via,,,,,,,,,,,,
2025-07-30 10:18:52,-4.000364,-79.221225,Av. Cuxibamba,CON_LESIONADOS,Accidente Laboral,Mal estado de la via,65,LESIONADO,HOMBRE,OTRO,25,LESIONADO,NO_REGISTRA,OTRO,,,,
2025-10-24 13:19:05,-3.997053,-79.173785,Calle Rocafuerte,SOLO_DANOS,Volcamiento,Exceso de velocidad,,,,,,,,,,,,
2025-11-09 08:29:38,-4.032886,-79.180605,Av. 8 de Diciembre,SOLO_DANOS,Choque Vehicular,Fatiga del conductor,,,,,,,,,,,,
2025-11-30 19:29:04,-3.984358,-79.221758,Calle Saraguro,CON_LESIONADOS,Accidente Laboral,Visibilidad reducida,15,LESIONADO,HOMBRE,MOTOCICLETA,26,LESIONADO,HOMBRE,VEH_LIVIANO,,,,
2025-11-30 02:55:59,-4.025834,-79.172271,Calle Rocafuerte,SOLO_DANOS,Caida,Exceso de velocidad,,,,,,,,,,,,
2025-03-21 14:25:47,-3.999087,-79.228920,Calle 18 de Noviembre,CON_FALLECIDOS,Accidente Laboral,Imprudencia del conductor,75,FALLECIDO,NO_REGISTRA,CICLISTA,27,LESIONADO,NO_REGISTRA,VEH_LIVIANO,6,LESIONADO,NO_REGISTRA,PEATON
2025-03-08 15:50:13,-3.998853,-79.178992,Av. Cuxibamba,SOLO_DANOS,Volcamiento,Equipo de seguridad deficiente,,,,,,,,,,,,
2025-08-23 01:47:17,-3.981747,-79.210077,Calle Saraguro,CON_FALLECIDOS,Caida,Equipo de seguridad deficiente,79,FALLECIDO,HOMBRE,MOTOCICLETA,75,FALLECIDO,NO_REGISTRA,VEH_LIVIANO,68,LESIONADO,HOMBRE,PEATON