fecha_hora,latitud,longitud,via,grado_severidad,tipo_siniestro,causa_probable,victima1_edad,victima1_condicion,victima1_sexo,victima1_actor_vial,victima2_edad,victima2_condicion,victima2_sexo,victima2_actor_vial,victima3_edad,victima3_condicion,victima3_sexo,victima3_actor_vial
2025-09-16 22:56:25,-3.981140,-79.212351,Calle Rocafuerte,CON_LESIONADOS,Volcamiento,Mal estado de la via,22,LESIONADO,HOMBRE,CICLISTA,,,,,,,,
2025-03-11 09:49:30,-4.018358,-79.203264,Via Loja - Zamora,SOLO_DANOS,Colision Multiple,Falla mecanica,69,LESIONADO,MUJER,CICLISTA,,,,,,,,
2025-06-29 11:01:55,-3.978140,-79.171897,Calle Azogues,CON_LESIONADOS,Choque Vehicular,Exceso de velocidad,17,LESIONADO,HOMBRE,SCOOTER,42,LESIONADO,HOMBRE,OTRO,,,,
2025-08-07 17:21:29,-3.995468,-79.222216,Av. Metropolitana,CON_FALLECIDOS,Volcamiento,Inobservancia de senales,41,FALLECIDO,MUJER,CICLISTA,40,FALLECIDO,HOMBRE,VEH_LIVIANO,,,,
2025-05-20 18:45:33,-3.977544,-79.209409,Calle Mercadillo,CON_LESIONADOS,Volcamiento,Estado de embriaguez,18,LESIONADO,NO_REGISTRA,OTRO,76,LESIONADO,MUJER,OTRO,,,,
2025-12-04 14:20:20,-3.992801,-79.202223,Av. Rosa Hermosa,CON_LESIONADOS,Colision Multiple,Via resbaladiza o mojada,50,LESIONADO,NO_REGISTRA,MOTOCICLETA,,,,,,,,
2025-12-01 00:36:47,-4.026484,-79.172732,Av. Metropolitana,SOLO_DANOS,Volcamiento,Via resbaladiza o mojada,,,,,,,,,,,,
2025-07-27 11:24:46,-4.007450,-79.173658,Calle Ramon Borrero,CON_LESIONADOS,Caida,Visibilidad reducida,79,LESIONADO,MUJER,VEH_LIVIANO,73,LESIONADO,NO_REGISTRA,MOTOCICLETA,49,LESIONADO,NO_REGISTRA,SCOOTER
2025-07-01 06:24:23,-4.000667,-79.209114,Calle Saraguro,CON_LESIONADOS,Accidente Laboral,Mal estado de la via,22,LESIONADO,NO_REGISTRA,MOTOCICLETA,,,,,,,,
2025-03-22 16:16:42,-4.027529,-79.216394,Via Loja - Catamayo,CON_LESIONADOS,Volcamiento,Visibilidad reducida,45,LESIONADO,HOMBRE,VEH_LIVIANO,19,LESIONADO,HOMBRE,VEH_LIVIANO,23,LESIONADO,NO_REGISTRA,OTRO
2025-04-18 07:00:38,-3.992482,-79.198743,Calle Saraguro,CON_FALLECIDOS,Volcamiento,Estado de embriaguez,72,FALLECIDO,HOMBRE,SCOOTER,70,FALLECIDO,MUJER,OTRO,28,LESIONADO,HOMBRE,CICLISTA
2025-08-03 07:03:37,-4.017612,-79.194693,Calle 18 de Noviembre,CON_FALLECIDOS,Choque Vehicular,Equipo de seguridad deficiente,70,FALLECIDO,MUJER,PEATON,37,FALLECIDO,NO_REGISTRA,OTRO,,,,
2025-09-01 18:51:01,-4.031592,-79.208640,Av. Cuxibamba,CON_FALLECIDOS,Choque Vehicular,Fatiga del conductor,26,FALLECIDO,MUJER,OTRO,23,LESIONADO,NO_REGISTRA,MOTOCICLETA,,,,
2025-11-19 16:09:10,-4.027771,-79.219000,Calle Imbabura,SOLO_DANOS,Accidente Laboral,Inobservancia de senales,,,,,,,,,,,,
2025-08-13 09:38:06,-3.997311,-79.188739,Calle Miguel Riofrio,CON_FALLECIDOS,Atropellamiento,Estado de embriaguez,32,FALLECIDO,HOMBRE,SCOOTER,67,FALLECIDO,HOMBRE,VEH_LIVIANO,80,LESIONADO,NO_REGISTRA,VEH_LIVIANO
2025-03-16 14:40:35,-4.015646,-79.174857,Calle Montufar,CON_LESIONADOS,Accidente Laboral,Exceso de velocidad,17,LESIONADO,NO_REGISTRA,CICLISTA,17,LESIONADO,HOMBRE,SCOOTER,,,,
2025-07-09 13:50:02,-4.008623,-79.185176,Via Loja - Zamora,SOLO_DANOS,Accidente Laboral,Fatiga del conductor,,,,,,,,,,,,
2025-09-17 15:59:31,-4.035657,-79.210190,Calle Mercadillo,CON_LESIONADOS,Volcamiento,Exceso de velocidad,16,LESIONADO,NO_REGISTRA,VEH_LIVIANO,74,LESIONADO,HOMBRE,MOTOCICLETA,55,LESIONADO,MUJER,OTRO
2025-09-15 13:52:03,-4.001342,-79.185208,Calle Quito,CON_FALLECIDOS,Incendio,Fatiga del conductor,83,FALLECIDO,NO_REGISTRA,PEATON,,,,,,,,
2025-04-10 02:33:15,-4.029405,-79.194196,Calle Ramon Borrero,CON_FALLECIDOS,Incendio,Visibilidad reducida,38,FALLECIDO,NO_REGISTRA,PEATON,41,FALLECIDO,NO_REGISTRA,MOTOCICLETA,42,LESIONADO,HOMBRE,MOTOCICLETA
2025-01-12 07:56:13,-3.977018,-79.214873,Calle Montufar,CON_FALLECIDOS,Accidente Laboral,Imprudencia del conductor,56,FALLECIDO,NO_REGISTRA,PEATON,13,LESIONADO,NO_REGISTRA,PEATON,,,,
2025-07-27 22:12:30,-4.025268,-79.205276,Calle Ramon Borrero,SOLO_DANOS,Accidente Laboral,Equipo de seguridad deficiente,,,,,,,,,,,,
2025-03-11 04:46:26,-4.016644,-79.181568,Av. Metropolitana,CON_FALLECIDOS,Accidente Laboral,Exceso de velocidad,71,FALLECIDO,HOMBRE,CICLISTA,43,LESIONADO,MUJER,VEH_LIVIANO,7,LESIONADO,MUJER,CICLISTA
2025-09-08 11:40:28,-4.027401,-79.172789,Calle Ramon Borrero,SOLO_DANOS,Volcamiento,Distraccion (celular/radio),,,,,,,,,,,,
2025-02-09 11:54:15,-4.034983,-79.187909,Av. Universitaria,CON_FALLECIDOS,Colision Multiple,Fatiga del conductor,41,FALLECIDO,NO_REGISTRA,SCOOTER,,,,,,,,
2025-08-12 13:52:27,-4.031693,-79.190965,Calle Ramon Borrero,CON_FALLECIDOS,Colision Multiple,Mal estado de la via,64,FALLECIDO,NO_REGISTRA,VEH_LIVIANO,49,LESIONADO,NO_REGISTRA,MOTOCICLETA,,,,
2025-02-12 18:15:34,-4.020230,-79.229524,Calle Sucre,SOLO_DANOS,Choque Vehicular,Equipo de seguridad deficiente,,,,,,,,,,,,
2025-07-25 15:56:27,-3.980561,-79.194071,Av. Rosa Hermosa,CON_LESIONADOS,Accidente Laboral,Imprudencia del conductor,42,LESIONADO,HOMBRE,VEH_LIVIANO,,,,,,,,
2025-09-20 10:49:47,-3.983091,-79.201117,Calle Rocafuerte,CON_LESIONADOS,Accidente Laboral,Visibilidad reducida,67,LESIONADO,HOMBRE,OTRO,,,,,,,,
2025-11-29 19:50:50,-4.014395,-79.201046,Calle Mercadillo,CON_FALLECIDOS,Volcamiento,Equipo de seguridad deficiente,26,FALLECIDO,HOMBRE,VEH_LIVIANO,51,LESIONADO,MUJER,CICLISTA,,,,
2025-12-10 08:56:04,-4.013551,-79.198990,Av. Cuxibamba,SOLO_DANOS,Colision Multiple,Imprudencia del conductor,,,,,,,,,,,,
2025-02-07 23:55:30,-3.998364,-79.207164,Av. Rosa Hermosa,CON_LESIONADOS,Accidente Laboral,Exceso de velocidad,48,LESIONADO,HOMBRE,CICLISTA,6,LESIONADO,HOMBRE,PEATON,19,LESIONADO,HOMBRE,VEH_LIVIANO
2025-01-08 03:58:27,-3.983299,-79.209356,Calle Bolivar,CON_FALLECIDOS,Choque Vehicular,Equipo de seguridad deficiente,23,FALLECIDO,NO_REGISTRA,OTRO,78,FALLECIDO,NO_REGISTRA,VEH_LIVIANO,47,LESIONADO,MUJER,VEH_LIVIANO
2025-05-29 00:11:15,-3.990680,-79.216126,Av. Isidro Ayora,CON_FALLECIDOS,Accidente Laboral,Via resbaladiza o mojada,25,FALLECIDO,HOMBRE,SCOOTER,6,LESIONADO,HOMBRE,CICLISTA,,,,
2025-02-10 00:55:01,-3.980736,-79.227726,Calle 10 de Agosto,CON_FALLECIDOS,Atropellamiento,Distraccion (celular/radio),33,FALLECIDO,HOMBRE,VEH_LIVIANO,,,,,,,,
2025-12-28 00:34:24,-4.003786,-79.201953,Av. Isidro Ayora,CON_FALLECIDOS,Choque Vehicular,Inobservancia de senales,78,FALLECIDO,NO_REGISTRA,CICLISTA,56,FALLECIDO,HOMBRE,CICLISTA,,,,
2025-09-06 07:38:52,-4.009810,-79.178346,Av. 8 de Diciembre,CON_FALLECIDOS,Atropellamiento,Exceso de velocidad,69,FALLECIDO,NO_REGISTRA,VEH_LIVIANO,,,,,,,,
2025-02-22 22:48:19,-3.985611,-79.223924,Av. Universitaria,CON_FALLECIDOS,Accidente Laboral,Inobservancia de senales,30,FALLECIDO,MUJER,MOTOCICLETA,17,LESIONADO,MUJER,MOTOCICLETA,,,,
2025-04-14 06:05:03,-4.032011,-79.195055,Av. 8 de Diciembre,CON_FALLECIDOS,Atropellamiento,Estado de embriaguez,80,FALLECIDO,NO_REGISTRA,PEATON,21,LESIONADO,HOMBRE,SCOOTER,40,LESIONADO,HOMBRE,SCOOTER
2025-09-03 13:23:28,-4.007419,-79.184974,Calle Mercadillo,CON_LESIONADOS,Colision Multiple,Mal estado de la via,37,LESIONADO,NO_REGISTRA,MOTOCICLETA,,,,,,,,
2025-08-18 12:18:09,-3.995538,-79.229986,Calle Imbabura,CON_LESIONADOS,Choque Vehicular,Fatiga del conductor,43,LESIONADO,NO_REGISTRA,PEATON,,,,,,,,
2025-08-25 04:55:57,-3.983857,-79.216888,Av. Metropolitana,CON_FALLECIDOS,Incendio,Fatiga del conductor,60,FALLECIDO,NO_REGISTRA,CICLISTA,20,LESIONADO,NO_REGISTRA,PEATON,,,,
2025-04-20 09:56:05,-4.034417,-79.205479,Calle Sucre,CON_FALLECIDOS,Atropellamiento,Via resbaladiza o mojada,30,FALLECIDO,HOMBRE,OTRO,42,LESIONADO,HOMBRE,PEATON,18,LESIONADO,HOMBRE,CICLISTA
2025-05-05 03:36:02,-4.003366,-79.189213,Calle Sucre,CON_LESIONADOS,Volcamiento,Exceso de velocidad,46,LESIONADO,HOMBRE,VEH_LIVIANO,,,,,,,,
2025-06-02 19:08:43,-3.985482,-79.218141,Av. Rosa Hermosa,CON_LESIONADOS,Volcamiento,Equipo de seguridad deficiente,73,LESIONADO,NO_REGISTRA,OTRO,,,,,,,,
2025-02-21 23:42:47,-3.988548,-79.178328,Calle Imbabura,SOLO_DANOS,Incendio,Equipo de seguridad deficiente,,,,,,,,,,,,
2025-03-09 19:47:54,-4.030102,-79.211480,Ruta 35,CON_LESIONADOS,Choque Vehicular,Imprudencia del conductor,13,LESIONADO,HOMBRE,SCOOTER,,,,,,,,
2025-02-17 02:22:19,-4.004628,-79.185628,Ruta 35,CON_FALLECIDOS,Colision Multiple,Imprudencia del conductor,47,FALLECIDO,MUJER,VEH_LIVIANO,43,FALLECIDO,NO_REGISTRA,CICLISTA,12,LESIONADO,HOMBRE,CICLISTA
2025-05-30 10:09:42,-4.010356,-79.197110,Calle Imbabura,CON_LESIONADOS,Caida,Visibilidad reducida,48,LESIONADO,HOMBRE,SCOOTER,67,LESIONADO,NO_REGISTRA,VEH_LIVIANO,10,LESIONADO,MUJER,SCOOTER
2025-01-15 19:24:28,-4.010561,-79.217526,Av. Orillas del Zamora,SOLO_DANOS,Choque Vehicular,Exceso de velocidad,,,,,,,,,,,,
2025-10-06 06:34:05,-4.014593,-79.187351,Calle Imbabura,CON_LESIONADOS,Accidente Laboral,Mal estado de la via,49,LESIONADO,NO_REGISTRA,MOTOCICLETA,,,,,,,,
2025-09-17 17:46:48,-4.001766,-79.204299,Av. Gran Colombia,CON_LESIONADOS,Incendio,Fatiga del conductor,49,LESIONADO,HOMBRE,SCOOTER,36,LESIONADO,HOMBRE,MOTOCICLETA,,,,
2025-06-18 14:10:50,-4.002967,-79.174461,Av. Manuel Agustin Aguirre,SOLO_DANOS,Choque Vehicular,Inobservancia de senales,,,,,,,,,,,,
2025-08-28 05:51:50,-4.032006,-79.184257,Av. Pio Jaramillo,SOLO_DANOS,Caida,Falla mecanica,,,,,,,,,,,,
2025-03-12 04:19:55,-4.006608,-79.179777,Via Loja - Catamayo,CON_FALLECIDOS,Colision Multiple,Exceso de velocidad,21,FALLECIDO,NO_REGISTRA,CICLISTA,51,LESIONADO,MUJER,VEH_LIVIANO,,,,
2025-06-04 05:59:28,-4.019176,-79.213051,Av. Pio Jaramillo,CON_LESIONADOS,Incendio,Via resbaladiza o mojada,54,LESIONADO,NO_REGISTRA,SCOOTER,53,LESIONADO,MUJER,MOTOCICLETA,55,LESIONADO,HOMBRE,CICLISTA
2025-05-18 03:26:07,-4.031321,-79.209628,Calle Saraguro,CON_FALLECIDOS,Caida,Inobservancia de senales,59,FALLECIDO,NO_REGISTRA,OTRO,38,LESIONADO,MUJER,CICLISTA,28,LESIONADO,MUJER,CICLISTA
2025-08-23 01:20:09,-4.013138,-79.175625,Calle Miguel Riofrio,CON_LESIONADOS,Incendio,Exceso de velocidad,34,LESIONADO,MUJER,PEATON,19,LESIONADO,NO_REGISTRA,CICLISTA,17,LESIONADO,NO_REGISTRA,OTRO
2025-12-13 19:56:32,-4.035549,-79.176982,Via Loja - Catamayo,CON_LESIONADOS,Colision Multiple,Via resbaladiza o mojada,61,LESIONADO,MUJER,OTRO,,,,,,,,
2025-10-27 22:36:18,-4.010779,-79.187716,Ruta 35,CON_FALLECIDOS,Accidente Laboral,Estado de embriaguez,41,FALLECIDO,HOMBRE,MOTOCICLETA,45,LESIONADO,NO_REGISTRA,VEH_LIVIANO,33,LESIONADO,HOMBRE,SCOOTER
2025-03-08 21:12:05,-3.985390,-79.188021,Av. Reinaldo Espinosa,CON_LESIONADOS,Colision Multiple,Falla mecanica,69,LESIONADO,NO_REGISTRA,OTRO,75,LESIONADO,HOMBRE,PEATON,,,,
2025-11-07 10:18:33,-4.009585,-79.228163,Av. Orillas del Zamora,SOLO_DANOS,Volcamiento,Factores externos,,,,,,,,,,,,
2025-09-13 08:13:37,-4.023817,-79.222959,Calle Rocafuerte,SOLO_DANOS,Accidente Laboral,Via resbaladiza o mojada,,,,,,,,,,,,
2025-08-22 10:06:19,-3.997080,-79.178516,Calle Bolivar,CON_LESIONADOS,Choque Vehicular,Visibilidad reducida,60,LESIONADO,MUJER,MOTOCICLETA,74,LESIONADO,HOMBRE,MOTOCICLETA,,,,
2025-12-23 15:08:05,-4.018700,-79.217660,Calle 10 de Agosto,CON_FALLECIDOS,Incendio,Falla mecanica,54,FALLECIDO,HOMBRE,OTRO,32,FALLECIDO,NO_REGISTRA,VEH_LIVIANO,,,,
2025-12-09 16:55:56,-3.977180,-79.198668,Calle Sucre,CON_FALLECIDOS,Atropellamiento,Falla mecanica,63,FALLECIDO,MUJER,OTRO,81,FALLECIDO,HOMBRE,SCOOTER,61,LESIONADO,HOMBRE,SCOOTER
2025-11-15 04:25:58,-4.024468,-79.229480,Via Loja - Catamayo,CON_FALLECIDOS,Colision Multiple,Visibilidad reducida,33,FALLECIDO,MUJER,CICLISTA,23,FALLECIDO,MUJER,OTRO,70,LESIONADO,NO_REGISTRA,OTRO
2025-05-07 17:49:06,-4.027956,-79.188227,Calle Imbabura,CON_LESIONADOS,Accidente Laboral,Falla mecanica,38,LESIONADO,MUJER,OTRO,,,,,,,,
2025-08-22 06:28:19,-4.031769,-79.187260,Av. Universitaria,CON_LESIONADOS,Atropellamiento,Mal estado de la via,20,LESIONADO,HOMBRE,MOTOCICLETA,16,LESIONADO,HOMBRE,PEATON,43,LESIONADO,MUJER,PEATON
2025-07-15 22:52:12,-3.991825,-79.191220,Av. Orillas del Zamora,SOLO_DANOS,Atropellamiento,Distraccion (celular/radio),,,,,,,,,,,,
2025-12-11 16:38:37,-4.000664,-79.230065,Av. Manuel Agustin Aguirre,CON_FALLECIDOS,Caida,Inobservancia de senales,41,FALLECIDO,MUJER,MOTOCICLETA,64,FALLECIDO,HOMBRE,OTRO,,,,
2025-04-03 14:34:43,-3.989075,-79.203610,Via Loja - Catamayo,CON_LESIONADOS,Incendio,Mal estado de la via,74,LESIONADO,MUJER,MOTOCICLETA,76,LESIONADO,MUJER,VEH_LIVIANO,,,,
2025-11-29 09:04:03,-3.986177,-79.211128,Calle Rocafuerte,SOLO_DANOS,Volcamiento,Mal estado de la via,,,,,,,,,,,,
2025-01-10 04:13:42,-3.990182,-79.206703,Av. Pio Jaramillo,CON_LESIONADOS,Colision Multiple,Exceso de velocidad,41,LESIONADO,HOMBRE,VEH_LIVIANO,63,LESIONADO,MUJER,MOTOCICLETA,,,,
2025-06-07 21:58:58,-3.995158,-79.202021,Calle 18 de Noviembre,SOLO_DANOS,Volcamiento,Equipo de seguridad deficiente,,,,,,,,,,,,
2025-05-20 22:58:36,-4.017358,-79.199820,Calle Imbabura,CON_FALLECIDOS,Accidente Laboral,Mal estado de la via,52,FALLECIDO,MUJER,MOTOCICLETA,59,LESIONADO,MUJER,MOTOCICLETA,74,LESIONADO,MUJER,MOTOCICLETA
2025-06-06 08:07:48,-4.026230,-79.179639,Av. Isidro Ayora,SOLO_DANOS,Accidente Laboral,Visibilidad reducida,,,,,,,,,,,,
2025-06-12 23:00:48,-3.977784,-79.204152,Calle Imbabura,SOLO_DANOS,Colision Multiple,Via resbaladiza o mojada,,,,,,,,,,,,
2025-10-05 11:52:10,-3.995841,-79.188500,Calle Mercadillo,SOLO_DANOS,Incendio,Distraccion (celular/radio),,,,,,,,,,,,
2025-04-15 07:45:18,-3.993354,-79.173420,Calle Azogues,SOLO_DANOS,Colision Multiple,Imprudencia del conductor,,,,,,,,,,,,
2025-01-16 12:07:50,-3.979904,-79.190414,Calle Sucre,CON_FALLECIDOS,Caida,Visibilidad reducida,55,FALLECIDO,HOMBRE,PEATON,72,LESIONADO,NO_REGISTRA,OTRO,61,LESIONADO,HOMBRE,MOTOCICLETA
2025-08-26 05:55:05,-3.988614,-79.214547,Av. Rosa Hermosa,CON_LESIONADOS,Colision Multiple,Estado de embriaguez,7,LESIONADO,HOMBRE,VEH_LIVIANO,72,LESIONADO,HOMBRE,PEATON,,,,
2025-08-24 10:26:49,-4.026678,-79.209684,Av. Universitaria,CON_FALLECIDOS,Atropellamiento,Imprudencia del conductor,54,FALLECIDO,HOMBRE,PEATON,83,FALLECIDO,MUJER,SCOOTER,26,LESIONADO,MUJER,SCOOTER
2025-02-20 11:03:55,-4.009930,-79.176134,Calle Bolivar,SOLO_DANOS,Accidente Laboral,Estado de embriaguez,,,,,,,,,,,,
2025-09-07 04:46:50,-3.979360,-79.199421,Ruta 35,CON_LESIONADOS,Accidente Laboral,Equipo de seguridad deficiente,20,LESIONADO,NO_REGISTRA,CICLISTA,68,LESIONADO,MUJER,VEH_LIVIANO,18,LESIONADO,NO_REGISTRA,CICLISTA
2025-01-22 18:55:02,-3.988944,-79.222822,Calle Colon,CON_LESIONADOS,Caida,Imprudencia del conductor,73,LESIONADO,MUJER,CICLISTA,73,LESIONADO,NO_REGISTRA,VEH_LIVIANO,,,,
2025-03-17 02:13:19,-4.011367,-79.219318,Av. Pio Jaramillo,SOLO_DANOS,Colision Multiple,Imprudencia del conductor,,,,,,,,,,,,
2025-04-15 03:53:28,-4.002593,-79.175695,Av. Cuxibamba,CON_LESIONADOS,Incendio,Via resbaladiza o mojada,75,LESIONADO,NO_REGISTRA,MOTOCICLETA,51,LESIONADO,HOMBRE,VEH_LIVIANO,26,LESIONADO,HOMBRE,MOTOCICLETA
2025-04-15 15:35:19,-3.983059,-79.202341,Calle Montufar,CON_LESIONADOS,Colision Multiple,Fatiga del conductor,77,LESIONADO,NO_REGISTRA,VEH_LIVIANO,,,,,,,,
2025-09-27 04:18:47,-4.029201,-79.209778,Av. Cuxibamba,CON_LESIONADOS,Accidente Laboral,Visibilidad reducida,35,LESIONADO,MUJER,OTRO,49,LESIONADO,NO_REGISTRA,SCOOTER,,,,
2025-05-29 06:02:13,-4.034409,-79.193642,Av. Isidro Ayora,CON_FALLECIDOS,Incendio,Falla mecanica,66,FALLECIDO,HOMBRE,OTRO,18,FALLECIDO,NO_REGISTRA,MOTOCICLETA,75,LESIONADO,HOMBRE,MOTOCICLETA
2025-09-23 16:54:24,-4.002035,-79.220486,Calle Quito,CON_LESIONADOS,Accidente Laboral,Mal estado de la via,80,LESIONADO,MUJER,OTRO,68,LESIONADO,MUJER,VEH_LIVIANO,,,,
2025-12-02 03:47:27,-3.992959,-79.174364,Av. Universitaria,CON_FALLECIDOS,Choque Vehicular,Via resbaladiza o mojada,40,FALLECIDO,NO_REGISTRA,OTRO,8,LESIONADO,MUJER,CICLISTA,67,LESIONADO,HOMBRE,OTRO
2025-01-31 17:09:33,-3.987604,-79.228495,Calle Saraguro,SOLO_DANOS,Volcamiento,Visibilidad reducida,,,,,,,,,,,,
2025-09-06 21:10:24,-4.019152,-79.186714,Ruta 35,SOLO_DANOS,Choque Vehicular,Via resbaladiza o mojada,34,LESIONADO,HOMBRE,VEH_LIVIANO,,,,,,,,
2025-11-07 07:30:22,-4.000146,-79.191538,Av. 8 de Diciembre,SOLO_DANOS,Caida,Inobservancia de senales,,,,,,,,,,,,
2025-04-14 06:29:04,-4.001081,-79.176425,Av. Metropolitana,CON_LESIONADOS,Colision Multiple,Equipo de seguridad deficiente,40,LESIONADO,HOMBRE,VEH_LIVIANO,,,,,,,,
2025-09-14 08:32:53,-3.980412,-79.188288,Calle 18 de Noviembre,CON_FALLECIDOS,Accidente Laboral,Estado de embriaguez,69,FALLECIDO,MUJER,MOTOCICLETA,62,FALLECIDO,NO_REGISTRA,VEH_LIVIANO,,,,
2025-01-06 00:20:26,-4.025054,-79.176174,Calle Montufar,CON_LESIONADOS,Caida,Factores externos,10,LESIONADO,HOMBRE,VEH_LIVIANO,,,,,,,,
2025-01-30 08:07:39,-4.024117,-79.214669,Av. Universitaria,SOLO_DANOS,Volcamiento,Distraccion (celular/radio),,,,,,,,,,,,
2025-04-22 12:37:50,-4.032168,-79.184468,Calle 18 de Noviembre,CON_FALLECIDOS,Incendio,Estado de embriaguez,45,FALLECIDO,MUJER,OTRO,26,LESIONADO,MUJER,PEATON,65,LESIONADO,HOMBRE,OTRO
2025-03-07 10:15:46,-3.987333,-79.201604,Calle Miguel Riofrio,CON_FALLECIDOS,Atropellamiento,Falla mecanica,45,FALLECIDO,HOMBRE,MOTOCICLETA,,,,,,,,
2025-07-01 12:36:01,-4.025325,-79.196907,Av. Universitaria,CON_FALLECIDOS,Accidente Laboral,Equipo de seguridad deficiente,81,FALLECIDO,MUJER,MOTOCICLETA,30,FALLECIDO,NO_REGISTRA,OTRO,54,LESIONADO,MUJER,MOTOCICLETA
2025-03-04 13:54:32,-4.008499,-79.202299,Calle Mercadillo,SOLO_DANOS,Colision Multiple,Visibilidad reducida,,,,,,,,,,,,
2025-10-30 00:15:07,-4.031875,-79.210122,Calle 18 de Noviembre,CON_LESIONADOS,Volcamiento,Estado de embriaguez,52,LESIONADO,NO_REGISTRA,OTRO,22,LESIONADO,NO_REGISTRA,MOTOCICLETA,46,LESIONADO,MUJER,MOTOCICLETA
2025-08-12 16:32:41,-4.030056,-79.201357,Av. Universitaria,CON_FALLECIDOS,Atropellamiento,Falla mecanica,77,FALLECIDO,MUJER,SCOOTER,23,FALLECIDO,MUJER,SCOOTER,7,LESIONADO,HOMBRE,MOTOCICLETA
2025-07-14 18:46:51,-4.011273,-79.202054,Av. Manuel Agustin Aguirre,CON_LESIONADOS,Incendio,Equipo de seguridad deficiente,67,LESIONADO,NO_REGISTRA,VEH_LIVIANO,40,LESIONADO,NO_REGISTRA,MOTOCICLETA,,,,
2025-03-03 17:01:57,-4.026455,-79.180848,Av. Gran Colombia,CON_FALLECIDOS,Volcamiento,Via resbaladiza o mojada,67,FALLECIDO,MUJER,CICLISTA,64,FALLECIDO,HOMBRE,MOTOCICLETA,,,,
2025-04-13 02:10:53,-3.978982,-79.225039,Av. Orillas del Zamora,CON_LESIONADOS,Incendio,Mal estado de la via,26,LESIONADO,NO_REGISTRA,MOTOCICLETA,76,LESIONADO,MUJER,VEH_LIVIANO,,,,
2025-08-12 08:23:43,-4.018500,-79.184744,Calle 10 de Agosto,CON_LESIONADOS,Colision Multiple,Mal estado de la via,44,LESIONADO,HOMBRE,CICLISTA,,,,,,,,
2025-08-20 13:36:36,-4.026498,-79.173872,Via Loja - Zamora,CON_FALLECIDOS,Caida,Via resbaladiza o mojada,26,FALLECIDO,HOMBRE,VEH_LIVIANO,68,LESIONADO,MUJER,OTRO,25,LESIONADO,HOMBRE,MOTOCICLETA
2025-03-03 19:18:17,-3.995482,-79.174966,Calle Colon,SOLO_DANOS,Accidente Laboral,Via resbaladiza o mojada,,,,,,,,,,,,
2025-07-01 14:57:25,-4.018369,-79.229677,Calle Ramon Borrero,CON_FALLECIDOS,Atropellamiento,Visibilidad reducida,45,FALLECIDO,HOMBRE,SCOOTER,,,,,,,,
2025-05-18 22:44:50,-4.017195,-79.217952,Av. Pio Jaramillo,SOLO_DANOS,Atropellamiento,Imprudencia del conductor,,,,,,,,,,,,
2025-07-29 15:41:00,-4.034950,-79.175796,Calle Sucre,CON_FALLECIDOS,Volcamiento,Distraccion (celular/radio),62,FALLECIDO,MUJER,CICLISTA,42,LESIONADO,MUJER,CICLISTA,63,LESIONADO,NO_REGISTRA,CICLISTA
2025-09-01 15:37:01,-4.014416,-79.227041,Calle Montufar,CON_LESIONADOS,Choque Vehicular,Exceso de velocidad,77,LESIONADO,MUJER,CICLISTA,64,LESIONADO,MUJER,MOTOCICLETA,21,LESIONADO,NO_REGISTRA,VEH_LIVIANO
2025-06-24 10:53:59,-4.025304,-79.221654,Via Loja - Zamora,SOLO_DANOS,Colision Multiple,Exceso de velocidad,,,,,,,,,,,,
2025-05-18 05:35:01,-4.014771,-79.210427,Via Loja - Zamora,SOLO_DANOS,Volcamiento,Estado de embriaguez,,,,,,,,,,,,
2025-08-09 15:57:08,-3.981537,-79.178586,Calle Mercadillo,CON_FALLECIDOS,Colision Multiple,Fatiga del conductor,75,FALLECIDO,MUJER,CICLISTA,35,FALLECIDO,HOMBRE,VEH_LIVIANO,,,,
2025-09-15 08:13:09,-4.016779,-79.183602,Av. Manuel Agustin Aguirre,SOLO_DANOS,Accidente Laboral,Visibilidad reducida,,,,,,,,,,,,
2025-01-18 09:53:27,-4.033320,-79.227873,Calle Imbabura,CON_LESIONADOS,Volcamiento,Estado de embriaguez,55,LESIONADO,HOMBRE,CICLISTA,,,,,,,,
2025-03-21 06:26:06,-3.996382,-79.192432,Av. Orillas del Zamora,CON_FALLECIDOS,Caida,Visibilidad reducida,27,FALLECIDO,NO_REGISTRA,PEATON,66,FALLECIDO,NO_REGISTRA,OTRO,,,,
2025-11-09 07:49:51,-4.032048,-79.186104,Calle Imbabura,CON_LESIONADOS,Atropellamiento,Equipo de seguridad deficiente,38,LESIONADO,NO_REGISTRA,VEH_LIVIANO,,,,,,,,
2025-03-28 13:21:25,-3.992145,-79.200840,Av. Cuxibamba,CON_FALLECIDOS,Accidente Laboral,Via resbaladiza o mojada,47,FALLECIDO,MUJER,CICLISTA,58,FALLECIDO,MUJER,VEH_LIVIANO,,,,
2025-07-19 08:31:27,-4.033286,-79.174938,Av. Gran Colombia,CON_FALLECIDOS,Volcamiento,Equipo de seguridad deficiente,33,FALLECIDO,HOMBRE,OTRO,56,FALLECIDO,HOMBRE,MOTOCICLETA,58,LESIONADO,HOMBRE,VEH_LIVIANO
2025-06-20 04:06:34,-4.029881,-79.224679,Via Loja - Zamora,SOLO_DANOS,Caida,Falla mecanica,,,,,,,,,,,,
2025-02-22 14:29:18,-4.006999,-79.228717,Via Loja - Zamora,CON_LESIONADOS,Choque Vehicular,Distraccion (celular/radio),35,LESIONADO,MUJER,PEATON,54,LESIONADO,MUJER,OTRO,25,LESIONADO,NO_REGISTRA,MOTOCICLETA