fecha_hora,latitud,longitud,via,grado_severidad,tipo_siniestro,causa_probable,victima1_edad,victima1_condicion,victima1_sexo,victima1_actor_vial,victima2_edad,victima2_condicion,victima2_sexo,victima2_actor_vial,victima3_edad,victima3_condicion,victima3_sexo,victima3_actor_vial
2025-09-07 17:18:20,-4.026137,-79.205229,Calle Mercadillo,SOLO_DANOS,Atropellamiento,Factores externos,31,LESIONADO,MUJER,PEATON,,,,,,,,
2025-08-26 15:53:09,-4.001833,-79.201217,Calle Bolivar,SOLO_DANOS,Accidente Laboral,Visibilidad reducida,,,,,,,,,,,,
2025-06-18 04:15:39,-4.017111,-79.220629,Calle Mercadillo,CON_FALLECIDOS,Atropellamiento,Exceso de velocidad,65,FALLECIDO,MUJER,OTRO,71,FALLECIDO,MUJER,MOTOCICLETA,43,LESIONADO,MUJER,SCOOTER
2025-12-15 19:44:35,-4.029732,-79.211013,Av. Reinaldo Espinosa,CON_LESIONADOS,Choque Vehicular,Fatiga del conductor,6,LESIONADO,NO_REGISTRA,CICLISTA,71,LESIONADO,HOMBRE,VEH_LIVIANO,,,,
2025-04-10 04:34:11,-3.987029,-79.207174,Av. Gran Colombia,CON_LESIONADOS,Caida,Distraccion (celular/radio),67,LESIONADO,NO_REGISTRA,MOTOCICLETA,42,LESIONADO,NO_REGISTRA,SCOOTER,,,,
2025-08-17 01:33:16,-4.007020,-79.176684,Av. Cuxibamba,CON_FALLECIDOS,Colision Multiple,Equipo de seguridad deficiente,74,FALLECIDO,MUJER,CICLISTA,21,FALLECIDO,HOMBRE,PEATON,12,LESIONADO,NO_REGISTRA,SCOOTER
2025-07-20 12:53:10,-4.023396,-79.181135,Calle Montufar,CON_FALLECIDOS,Accidente Laboral,Factores externos,21,FALLECIDO,HOMBRE,OTRO,,,,,,,,
2025-03-09 15:15:13,-4.010793,-79.186275,Calle Miguel Riofrio,SOLO_DANOS,Caida,Falla mecanica,,,,,,,,,,,,
2025-04-20 22:02:10,-4.019663,-79.229152,Calle Colon,SOLO_DANOS,Incendio,Estado de embriaguez,,,,,,,,,,,,
2025-08-14 23:40:08,-3.992685,-79.220629,Av. Cuxibamba,CON_LESIONADOS,Choque Vehicular,Fatiga del conductor,60,LESIONADO,NO_REGISTRA,MOTOCICLETA,44,LESIONADO,HOMBRE,PEATON,,,,
2025-12-10 08:10:50,-3.980943,-79.191499,Calle Ramon Borrero,CON_FALLECIDOS,Caida,Equipo de seguridad deficiente,32,FALLECIDO,MUJER,PEATON,68,FALLECIDO,MUJER,VEH_LIVIANO,47,LESIONADO,NO_REGISTRA,MOTOCICLETA
2025-12-24 06:12:46,-4.026118,-79.175330,Calle Miguel Riofrio,SOLO_DANOS,Caida,Distraccion (celular/radio),30,LESIONADO,MUJER,SCOOTER,,,,,,,,
2025-01-29 10:30:30,-4.026604,-79.183222,Calle Ramon Borrero,CON_FALLECIDOS,Volcamiento,Via resbaladiza o mojada,36,FALLECIDO,MUJER,MOTOCICLETA,51,LESIONADO,HOMBRE,VEH_LIVIANO,,,,
2025-01-16 10:39:48,-4.016567,-79.185812,Calle Quito,CON_LESIONADOS,Volcamiento,Estado de embriaguez,14,LESIONADO,MUJER,VEH_LIVIANO,,,,,,,,
2025-07-30 06:05:53,-3.985310,-79.215818,Av. Reinaldo Espinosa,CON_LESIONADOS,Colision Multiple,Visibilidad reducida,51,LESIONADO,NO_REGISTRA,VEH_LIVIANO,41,LESIONADO,MUJER,OTRO,34,LESIONADO,MUJER,CICLISTA
2025-03-22 19:51:28,-3.986976,-79.172959,Av. Universitaria,CON_LESIONADOS,Volcamiento,Falla mecanica,34,LESIONADO,HOMBRE,MOTOCICLETA,,,,,,,,
2025-04-11 10:21:28,-3.982911,-79.206403,Av. Universitaria,SOLO_DANOS,Accidente Laboral,Estado de embriaguez,,,,,,,,,,,,
2025-12-23 11:42:34,-4.024586,-79.179046,Via Loja - Catamayo,CON_LESIONADOS,Accidente Laboral,Inobservancia de senales,22,LESIONADO,NO_REGISTRA,MOTOCICLETA,64,LESIONADO,NO_REGISTRA,CICLISTA,45,LESIONADO,MUJER,OTRO
2025-10-02 09:55:06,-3.981642,-79.179919,Av. 8 de Diciembre,CON_LESIONADOS,Choque Vehicular,Imprudencia del conductor,68,LESIONADO,NO_REGISTRA,MOTOCICLETA,,,,,,,,
2025-11-11 05:19:15,-3.980416,-79.180423,Calle Rocafuerte,SOLO_DANOS,Atropellamiento,Imprudencia del conductor,,,,,,,,,,,,
2025-11-06 23:52:24,-4.007467,-79.227670,Calle Ramon Borrero,CON_FALLECIDOS,Volcamiento,Mal estado de la via,21,FALLECIDO,MUJER,SCOOTER,48,FALLECIDO,NO_REGISTRA,OTRO,,,,
2025-02-17 19:01:18,-3.986352,-79.213593,Calle Bolivar,CON_LESIONADOS,Incendio,Visibilidad reducida,44,LESIONADO,NO_REGISTRA,MOTOCICLETA,13,LESIONADO,HOMBRE,CICLISTA,,,,
2025-12-10 15:13:27,-3.984380,-79.205189,Ruta 35,SOLO_DANOS,Choque Vehicular,Inobservancia de senales,,,,,,,,,,,,
2025-02-22 14:18:13,-4.011328,-79.221788,Av. Orillas del Zamora,SOLO_DANOS,Atropellamiento,Distraccion (celular/radio),,,,,,,,,,,,
2025-04-23 04:58:26,-4.031435,-79.224264,Ruta 35,SOLO_DANOS,Atropellamiento,Factores externos,,,,,,,,,,,,
2025-06-05 08:17:40,-4.008527,-79.194165,Av. 8 de Diciembre,CON_LESIONADOS,Atropellamiento,Via resbaladiza o mojada,57,LESIONADO,HOMBRE,PEATON,48,LESIONADO,HOMBRE,VEH_LIVIANO,,,,
2025-04-14 23:41:49,-4.015014,-79.176818,Calle Colon,CON_LESIONADOS,Volcamiento,Inobservancia de senales,30,LESIONADO,NO_REGISTRA,PEATON,,,,,,,,
2025-02-02 09:20:34,-4.011777,-79.190168,Av. Isidro Ayora,SOLO_DANOS,Colision Multiple,Via resbaladiza o mojada,,,,,,,,,,,,
2025-05-07 20:56:37,-4.033284,-79.214518,Av. Orillas del Zamora,CON_LESIONADOS,Atropellamiento,Factores externos,21,LESIONADO,NO_REGISTRA,VEH_LIVIANO,75,LESIONADO,NO_REGISTRA,CICLISTA,,,,
2025-10-26 10:43:25,-3.995709,-79.200598,Av. Isidro Ayora,CON_LESIONADOS,Accidente Laboral,Fatiga del conductor,25,LESIONADO,NO_REGISTRA,SCOOTER,19,LESIONADO,NO_REGISTRA,CICLISTA,,,,
2025-08-08 23:53:22,-4.019798,-79.190181,Calle Azogues,CON_LESIONADOS,Accidente Laboral,Falla mecanica,66,LESIONADO,HOMBRE,MOTOCICLETA,42,LESIONADO,MUJER,CICLISTA,41,LESIONADO,NO_REGISTRA,MOTOCICLETA
2025-02-04 15:50:52,-4.036279,-79.206041,Av. Isidro Ayora,CON_LESIONADOS,Volcamiento,Via resbaladiza o mojada,52,LESIONADO,MUJER,PEATON,77,LESIONADO,HOMBRE,CICLISTA,70,LESIONADO,NO_REGISTRA,SCOOTER
2025-07-25 16:18:54,-4.025087,-79.214901,Ruta 35,CON_FALLECIDOS,Volcamiento,Exceso de velocidad,51,FALLECIDO,MUJER,PEATON,,,,,,,,
2025-04-11 18:52:53,-3.991328,-79.177880,Ruta 35,SOLO_DANOS,Incendio,Imprudencia del conductor,31,LESIONADO,HOMBRE,PEATON,,,,,,,,
2025-11-22 11:49:34,-4.025612,-79.198989,Av. Isidro Ayora,CON_FALLECIDOS,Volcamiento,Fatiga del conductor,57,FALLECIDO,NO_REGISTRA,OTRO,,,,,,,,
2025-07-24 22:26:03,-4.003547,-79.228991,Calle Azogues,CON_FALLECIDOS,Incendio,Visibilidad reducida,51,FALLECIDO,HOMBRE,CICLISTA,79,FALLECIDO,HOMBRE,MOTOCICLETA,42,LESIONADO,MUJER,PEATON
2025-04-07 12:56:05,-3.990469,-79.205862,Calle Montufar,CON_FALLECIDOS,Choque Vehicular,Factores externos,34,FALLECIDO,NO_REGISTRA,VEH_LIVIANO,49,FALLECIDO,HOMBRE,OTRO,,,,
2025-06-14 23:16:00,-4.002221,-79.191481,Av. Rosa Hermosa,SOLO_DANOS,Colision Multiple,Exceso de velocidad,,,,,,,,,,,,
2025-05-10 20:50:46,-4.027627,-79.207031,Calle Rocafuerte,SOLO_DANOS,Incendio,Exceso de velocidad,28,LESIONADO,NO_REGISTRA,CICLISTA,,,,,,,,
2025-05-28 10:19:48,-3.980864,-79.226278,Calle Bolivar,SOLO_DANOS,Caida,Falla mecanica,,,,,,,,,,,,
2025-10-22 23:43:12,-3.985029,-79.216322,Calle 10 de Agosto,CON_LESIONADOS,Accidente Laboral,Visibilidad reducida,70,LESIONADO,MUJER,SCOOTER,63,LESIONADO,MUJER,VEH_LIVIANO,10,LESIONADO,MUJER,SCOOTER
2025-09-03 02:56:35,-3.987411,-79.229082,Av. Metropolitana,CON_FALLECIDOS,Choque Vehicular,Mal estado de la via,57,FALLECIDO,HOMBRE,PEATON,81,FALLECIDO,MUJER,CICLISTA,28,LESIONADO,HOMBRE,PEATON
2025-09-21 08:53:15,-4.012491,-79.211762,Calle 10 de Agosto,CON_LESIONADOS,Volcamiento,Visibilidad reducida,27,LESIONADO,MUJER,VEH_LIVIANO,29,LESIONADO,MUJER,CICLISTA,49,LESIONADO,MUJER,PEATON
2025-12-07 08:01:40,-3.991394,-79.173854,Ruta 35,CON_LESIONADOS,Colision Multiple,Fatiga del conductor,48,LESIONADO,NO_REGISTRA,VEH_LIVIANO,53,LESIONADO,NO_REGISTRA,PEATON,,,,
2025-11-16 20:51:32,-3.980888,-79.190001,Calle Rocafuerte,SOLO_DANOS,Volcamiento,Estado de embriaguez,43,LESIONADO,HOMBRE,MOTOCICLETA,,,,,,,,
2025-04-16 04:20:16,-4.000177,-79.224513,Calle 10 de Agosto,CON_LESIONADOS,Volcamiento,Equipo de seguridad deficiente,8,LESIONADO,MUJER,OTRO,35,LESIONADO,NO_REGISTRA,CICLISTA,,,,
2025-06-05 11:37:37,-4.025607,-79.228621,Av. Rosa Hermosa,SOLO_DANOS,Caida,Fatiga del conductor,,,,,,,,,,,,
2025-10-12 13:53:34,-3.986809,-79.207831,Calle Sucre,SOLO_DANOS,Colision Multiple,Exceso de velocidad,,,,,,,,,,,,
2025-09-16 16:40:29,-4.036937,-79.225861,Ruta 35,CON_LESIONADOS,Atropellamiento,Estado de embriaguez,16,LESIONADO,MUJER,CICLISTA,,,,,,,,
2025-03-21 19:28:36,-4.001305,-79.191518,Av. Universitaria,CON_LESIONADOS,Volcamiento,Imprudencia del conductor,7,LESIONADO,HOMBRE,OTRO,50,LESIONADO,NO_REGISTRA,VEH_LIVIANO,8,LESIONADO,NO_REGISTRA,SCOOTER
2025-05-05 02:01:07,-4.034310,-79.183577,Calle Colon,CON_FALLECIDOS,Colision Multiple,Falla mecanica,27,FALLECIDO,NO_REGISTRA,CICLISTA,80,LESIONADO,HOMBRE,PEATON,52,LESIONADO,NO_REGISTRA,SCOOTER
2025-02-13 13:38:17,-4.034823,-79.197173,Av. Reinaldo Espinosa,SOLO_DANOS,Volcamiento,Imprudencia del conductor,,,,,,,,,,,,
2025-09-27 13:25:28,-4.020825,-79.175633,Av. Manuel Agustin Aguirre,CON_LESIONADOS,Colision Multiple,Falla mecanica,35,LESIONADO,NO_REGISTRA,SCOOTER,75,LESIONADO,NO_REGISTRA,OTRO,,,,
2025-04-22 11:30:07,-4.012898,-79.201846,Av. Metropolitana,SOLO_DANOS,Colision Multiple,Fatiga del conductor,78,LESIONADO,HOMBRE,PEATON,,,,,,,,
2025-06-12 10:20:20,-3.995981,-79.230246,Av. 8 de Diciembre,CON_LESIONADOS,Incendio,Falla mecanica,5,LESIONADO,NO_REGISTRA,VEH_LIVIANO,27,LESIONADO,NO_REGISTRA,CICLISTA,6,LESIONADO,MUJER,OTRO
2025-09-21 07:40:36,-4.009340,-79.223262,Ruta 35,SOLO_DANOS,Volcamiento,Distraccion (celular/radio),,,,,,,,,,,,
2025-04-30 15:36:07,-4.002016,-79.214325,Calle Quito,SOLO_DANOS,Colision Multiple,Inobservancia de senales,,,,,,,,,,,,
2025-01-22 09:23:00,-4.020960,-79.221159,Av. Manuel Agustin Aguirre,CON_FALLECIDOS,Volcamiento,Equipo de seguridad deficiente,55,FALLECIDO,NO_REGISTRA,CICLISTA,84,FALLECIDO,NO_REGISTRA,OTRO,80,LESIONADO,NO_REGISTRA,SCOOTER
2025-12-22 14:05:27,-3.988448,-79.223661,Via Loja - Catamayo,SOLO_DANOS,Caida,Estado de embriaguez,,,,,,,,,,,,
2025-10-09 14:15:34,-4.031338,-79.173774,Via Loja - Catamayo,CON_FALLECIDOS,Accidente Laboral,Mal estado de la via,22,FALLECIDO,HOMBRE,MOTOCICLETA,42,FALLECIDO,NO_REGISTRA,VEH_LIVIANO,33,LESIONADO,HOMBRE,OTRO
2025-05-28 06:36:58,-3.995975,-79.216859,Via Loja - Catamayo,CON_FALLECIDOS,Caida,Distraccion (celular/radio),60,FALLECIDO,MUJER,VEH_LIVIANO,39,FALLECIDO,NO_REGISTRA,SCOOTER,20,LESIONADO,HOMBRE,MOTOCICLETA
2025-05-19 00:57:44,-4.004906,-79.212923,Calle 10 de Agosto,SOLO_DANOS,Colision Multiple,Equipo de seguridad deficiente,,,,,,,,,,,,
2025-08-16 10:42:46,-3.996802,-79.202799,Via Loja - Zamora,SOLO_DANOS,Atropellamiento,Mal estado de la via,,,,,,,,,,,,
2025-04-10 19:24:01,-4.019548,-79.187225,Av. 8 de Diciembre,CON_FALLECIDOS,Caida,Distraccion (celular/radio),53,FALLECIDO,MUJER,SCOOTER,,,,,,,,
2025-05-11 08:53:58,-3.989520,-79.219927,Via Loja - Catamayo,CON_FALLECIDOS,Caida,Exceso de velocidad,76,FALLECIDO,HOMBRE,VEH_LIVIANO,52,FALLECIDO,MUJER,VEH_LIVIANO,73,LESIONADO,MUJER,OTRO
2025-05-28 09:12:46,-3.990960,-79.211220,Calle Montufar,CON_FALLECIDOS,Incendio,Visibilidad reducida,78,FALLECIDO,MUJER,MOTOCICLETA,76,FALLECIDO,HOMBRE,OTRO,55,LESIONADO,HOMBRE,CICLISTA
2025-08-04 07:23:42,-3.999289,-79.198776,Av. Isidro Ayora,CON_FALLECIDOS,Caida,Via resbaladiza o mojada,45,FALLECIDO,MUJER,SCOOTER,42,FALLECIDO,MUJER,VEH_LIVIANO,30,LESIONADO,NO_REGISTRA,SCOOTER
2025-03-28 16:51:28,-4.003289,-79.224413,Av. Rosa Hermosa,CON_FALLECIDOS,Colision Multiple,Estado de embriaguez,34,FALLECIDO,MUJER,SCOOTER,32,FALLECIDO,HOMBRE,CICLISTA,13,LESIONADO,NO_REGISTRA,OTRO
2025-03-27 08:13:03,-3.999247,-79.205847,Via Loja - Catamayo,SOLO_DANOS,Atropellamiento,Estado de embriaguez,,,,,,,,,,,,
2025-08-10 14:41:40,-4.018670,-79.180635,Calle Colon,SOLO_DANOS,Colision Multiple,Factores externos,,,,,,,,,,,,
2025-07-27 00:43:37,-4.016497,-79.192526,Calle Quito,SOLO_DANOS,Volcamiento,Falla mecanica,,,,,,,,,,,,
2025-08-31 02:30:59,-4.003155,-79.220229,Av. 8 de Diciembre,CON_LESIONADOS,Atropellamiento,Falla mecanica,71,LESIONADO,MUJER,VEH_LIVIANO,,,,,,,,
2025-09-18 04:18:13,-4.030854,-79.197932,Av. Gran Colombia,SOLO_DANOS,Volcamiento,Inobservancia de senales,,,,,,,,,,,,
2025-09-01 02:00:01,-4.010692,-79.180083,Calle Azogues,CON_LESIONADOS,Accidente Laboral,Equipo de seguridad deficiente,76,LESIONADO,MUJER,OTRO,,,,,,,,
2025-09-17 17:11:14,-4.012075,-79.194047,Av. Metropolitana,CON_LESIONADOS,Colision Multiple,Exceso de velocidad,68,LESIONADO,MUJER,CICLISTA,33,LESIONADO,MUJER,OTRO,24,LESIONADO,HOMBRE,SCOOTER
2025-01-31 01:28:18,-3.979314,-79.176757,Av. Rosa Hermosa,CON_LESIONADOS,Choque Vehicular,Fatiga del conductor,79,LESIONADO,MUJER,MOTOCICLETA,78,LESIONADO,MUJER,CICLISTA,70,LESIONADO,HOMBRE,OTRO
2025-05-02 07:45:17,-3.996611,-79.175865,Calle Saraguro,CON_LESIONADOS,Choque Vehicular,Fatiga del conductor,44,LESIONADO,HOMBRE,CICLISTA,,,,,,,,
2025-04-01 05:14:45,-3.985883,-79.209746,Av. 8 de Diciembre,SOLO_DANOS,Caida,Visibilidad reducida,,,,,,,,,,,,
2025-08-16 15:41:40,-4.035497,-79.226654,Calle Rocafuerte,SOLO_DANOS,Caida,Imprudencia del conductor,,,,,,,,,,,,
2025-11-11 02:20:43,-4.019482,-79.184302,Av. Metropolitana,SOLO_DANOS,Accidente Laboral,Imprudencia del conductor,,,,,,,,,,,,
2025-09-12 21:38:43,-3.992464,-79.176496,Calle Imbabura,CON_FALLECIDOS,Volcamiento,Falla mecanica,51,FALLECIDO,MUJER,SCOOTER,46,LESIONADO,MUJER,PEATON,74,LESIONADO,NO_REGISTRA,CICLISTA
2025-09-18 01:17:38,-3.979835,-79.212547,Calle Montufar,CON_LESIONADOS,Colision Multiple,Estado de embriaguez,54,LESIONADO,NO_REGISTRA,MOTOCICLETA,57,LESIONADO,MUJER,OTRO,66,LESIONADO,NO_REGISTRA,SCOOTER
2025-04-02 17:52:49,-4.001616,-79.206894,Calle Montufar,SOLO_DANOS,Incendio,Equipo de seguridad deficiente,,,,,,,,,,,,
2025-02-11 06:31:16,-4.000106,-79.197805,Av. Orillas del Zamora,CON_FALLECIDOS,Accidente Laboral,Falla mecanica,63,FALLECIDO,HOMBRE,OTRO,48,LESIONADO,HOMBRE,MOTOCICLETA,17,LESIONADO,HOMBRE,VEH_LIVIANO
2025-03-04 13:26:01,-3.988577,-79.195072,Calle Saraguro,CON_FALLECIDOS,Colision Multiple,Distraccion (celular/radio),36,FALLECIDO,HOMBRE,MOTOCICLETA,,,,,,,,
2025-09-17 07:13:23,-4.033533,-79.218094,Av. Metropolitana,CON_LESIONADOS,Accidente Laboral,Falla mecanica,12,LESIONADO,HOMBRE,VEH_LIVIANO,46,LESIONADO,MUJER,VEH_LIVIANO,,,,
2025-09-20 19:41:02,-4.016194,-79.212397,Calle Saraguro,CON_LESIONADOS,Volcamiento,Imprudencia del conductor,74,LESIONADO,NO_REGISTRA,CICLISTA,40,LESIONADO,HOMBRE,PEATON,,,,
2025-06-16 02:23:14,-3.983244,-79.173819,Av. Manuel Agustin Aguirre,CON_FALLECIDOS,Choque Vehicular,Inobservancia de senales,64,FALLECIDO,HOMBRE,VEH_LIVIANO,73,LESIONADO,HOMBRE,PEATON,39,LESIONADO,MUJER,MOTOCICLETA
2025-04-24 17:02:14,-3.988096,-79.188888,Calle Bolivar,SOLO_DANOS,Incendio,Distraccion (celular/radio),,,,,,,,,,,,
2025-12-24 06:10:36,-4.019620,-79.174632,Calle 18 de Noviembre,CON_FALLECIDOS,Caida,Factores externos,74,FALLECIDO,NO_REGISTRA,CICLISTA,43,FALLECIDO,HOMBRE,CICLISTA,46,LESIONADO,MUJER,CICLISTA
2025-02-17 08:58:07,-4.023871,-79.212920,Calle Saraguro,CON_LESIONADOS,Accidente Laboral,Fatiga del conductor,28,LESIONADO,NO_REGISTRA,OTRO,,,,,,,,
2025-09-10 19:59:18,-4.008002,-79.230169,Via Loja - Catamayo,CON_FALLECIDOS,Accidente Laboral,Falla mecanica,71,FALLECIDO,NO_REGISTRA,OTRO,30,FALLECIDO,MUJER,PEATON,50,LESIONADO,MUJER,MOTOCICLETA
2025-04-24 13:07:46,-4.032543,-79.213097,Av. Manuel Agustin Aguirre,SOLO_DANOS,Volcamiento,Mal estado de la via,,,,,,,,,,,,
2025-11-19 12:20:12,-4.008321,-79.220910,Calle Miguel Riofrio,CON_FALLECIDOS,Accidente Laboral,Via resbaladiza o mojada,53,FALLECIDO,MUJER,OTRO,26,LESIONADO,MUJER,VEH_LIVIANO,14,LESIONADO,MUJER,OTRO
2025-07-11 22:03:58,-3.987351,-79.224981,Av. Pio Jaramillo,CON_FALLECIDOS,Volcamiento,Equipo de seguridad deficiente,71,FALLECIDO,MUJER,PEATON,24,LESIONADO,MUJER,MOTOCICLETA,7,LESIONADO,MUJER,OTRO
2025-11-23 07:38:07,-4.018973,-79.177646,Via Loja - Zamora,CON_LESIONADOS,Accidente Laboral,Equipo de seguridad deficiente,44,LESIONADO,NO_REGISTRA,CICLISTA,37,LESIONADO,NO_REGISTRA,OTRO,,,,
2025-01-01 14:07:39,-3.984175,-79.204581,Via Loja - Catamayo,CON_FALLECIDOS,Caida,Fatiga del conductor,45,FALLECIDO,HOMBRE,MOTOCICLETA,28,FALLECIDO,NO_REGISTRA,VEH_LIVIANO,7,LESIONADO,MUJER,OTRO
2025-04-01 08:59:07,-4.009903,-79.204510,Av. Cuxibamba,SOLO_DANOS,Choque Vehicular,Fatiga del conductor,77,LESIONADO,HOMBRE,SCOOTER,,,,,,,,
2025-02-17 00:05:29,-3.988488,-79.204645,Av. Gran Colombia,CON_FALLECIDOS,Atropellamiento,Via resbaladiza o mojada,32,FALLECIDO,MUJER,MOTOCICLETA,,,,,,,,
2025-07-04 13:45:04,-3.978251,-79.204729,Av. Gran Colombia,CON_FALLECIDOS,Incendio,Imprudencia del conductor,56,FALLECIDO,NO_REGISTRA,VEH_LIVIANO,32,FALLECIDO,MUJER,OTRO,19,LESIONADO,MUJER,PEATON
2025-07-09 22:17:08,-3.979418,-79.175306,Calle Colon,CON_LESIONADOS,Atropellamiento,Mal estado de la via,27,LESIONADO,NO_REGISTRA,MOTOCICLETA,29,LESIONADO,MUJER,PEATON,48,LESIONADO,HOMBRE,CICLISTA
2025-06-06 21:28:31,-4.007708,-79.229237,Av. Universitaria,CON_LESIONADOS,Accidente Laboral,Falla mecanica,65,LESIONADO,HOMBRE,MOTOCICLETA,,,,,,,,
2025-01-11 10:33:45,-4.018897,-79.178960,Calle Sucre,CON_LESIONADOS,Incendio,Inobservancia de senales,11,LESIONADO,NO_REGISTRA,OTRO,70,LESIONADO,HOMBRE,PEATON,55,LESIONADO,MUJER,CICLISTA
2025-03-21 10:14:17,-4.033288,-79.219686,Av. Manuel Agustin Aguirre,CON_FALLECIDOS,Incendio,Equipo de seguridad deficiente,81,FALLECIDO,HOMBRE,OTRO,,,,,,,,
2025-07-17 19:05:12,-4.019570,-79.215655,Calle 18 de Noviembre,SOLO_DANOS,Incendio,Falla mecanica,,,,,,,,,,,,
2025-06-23 05:38:52,-4.008489,-79.229835,Calle Rocafuerte,CON_FALLECIDOS,Colision Multiple,Via resbaladiza o mojada,64,FALLECIDO,HOMBRE,SCOOTER,52,FALLECIDO,MUJER,PEATON,,,,
2025-01-13 13:26:48,-3.989247,-79.181650,Av. Gran Colombia,CON_LESIONADOS,Accidente Laboral,Imprudencia del conductor,45,LESIONADO,NO_REGISTRA,OTRO,,,,,,,,
2025-05-04 13:53:06,-3.990798,-79.185942,Calle Quito,CON_LESIONADOS,Atropellamiento,Exceso de velocidad,48,LESIONADO,MUJER,PEATON,16,LESIONADO,MUJER,OTRO,32,LESIONADO,NO_REGISTRA,MOTOCICLETA
2025-03-21 20:23:46,-3.988468,-79.180173,Calle Imbabura,SOLO_DANOS,Colision Multiple,Inobservancia de senales,,,,,,,,,,,,
2025-07-19 20:18:39,-4.017536,-79.184687,Calle Colon,CON_LESIONADOS,Atropellamiento,Fatiga del conductor,41,LESIONADO,NO_REGISTRA,SCOOTER,17,LESIONADO,NO_REGISTRA,VEH_LIVIANO,69,LESIONADO,NO_REGISTRA,SCOOTER
2025-11-07 04:56:54,-4.016789,-79.211069,Av. Gran Colombia,SOLO_DANOS,Incendio,Exceso de velocidad,,,,,,,,,,,,
2025-08-31 20:54:08,-3.980451,-79.204763,Av. Gran Colombia,CON_FALLECIDOS,Incendio,Mal estado de la via,57,FALLECIDO,MUJER,SCOOTER,21,LESIONADO,NO_REGISTRA,CICLISTA,76,LESIONADO,HOMBRE,VEH_LIVIANO
2025-07-06 18:15:19,-4.004674,-79.212559,Calle 18 de Noviembre,SOLO_DANOS,Volcamiento,Estado de embriaguez,,,,,,,,,,,,
2025-09-22 08:24:05,-3.997790,-79.184282,Av. Gran Colombia,CON_FALLECIDOS,Caida,Distraccion (celular/radio),24,FALLECIDO,HOMBRE,PEATON,58,FALLECIDO,MUJER,CICLISTA,27,LESIONADO,HOMBRE,CICLISTA
2025-05-22 17:56:39,-3.986494,-79.192362,Av. Rosa Hermosa,CON_LESIONADOS,Caida,Factores externos,36,LESIONADO,NO_REGISTRA,OTRO,47,LESIONADO,MUJER,MOTOCICLETA,,,,
2025-01-20 10:19:25,-4.020743,-79.175288,Av. Gran Colombia,SOLO_DANOS,Incendio,Equipo de seguridad deficiente,,,,,,,,,,,,
2025-10-08 07:22:12,-4.022121,-79.202500,Calle Azogues,CON_FALLECIDOS,Choque Vehicular,Imprudencia del conductor,75,FALLECIDO,HOMBRE,VEH_LIVIANO,,,,,,,,
2025-03-08 23:59:02,-3.984881,-79.200630,Av. Gran Colombia,SOLO_DANOS,Accidente Laboral,Estado de embriaguez,56,LESIONADO,NO_REGISTRA,SCOOTER,,,,,,,,
2025-07-24 04:53:04,-4.028878,-79.182793,Calle Azogues,SOLO_DANOS,Choque Vehicular,Mal estado de la via,,,,,,,,,,,,
2025-09-17 18:50:36,-4.014955,-79.215376,Calle Azogues,CON_FALLECIDOS,Incendio,Factores externos,67,FALLECIDO,NO_REGISTRA,OTRO,76,FALLECIDO,HOMBRE,PEATON,,,,
2025-02-05 01:50:35,-4.004256,-79.183314,Av. Orillas del Zamora,CON_FALLECIDOS,Accidente Laboral,Falla mecanica,39,FALLECIDO,MUJER,SCOOTER,22,LESIONADO,NO_REGISTRA,OTRO,,,,
2025-09-10 08:48:18,-4.032091,-79.175085,Av. Rosa Hermosa,CON_FALLECIDOS,Choque Vehicular,Estado de embriaguez,75,FALLECIDO,NO_REGISTRA,PEATON,,,,,,,,
2025-09-18 03:30:31,-4.034424,-79.183943,Calle Miguel Riofrio,CON_LESIONADOS,Choque Vehicular,Distraccion (celular/radio),51,LESIONADO,MUJER,CICLISTA,17,LESIONADO,HOMBRE,CICLISTA,47,LESIONADO,HOMBRE,OTRO
2025-12-02 11:37:16,-4.032759,-79.215170,Calle Imbabura,CON_LESIONADOS,Caida,Fatiga del conductor,49,LESIONADO,HOMBRE,PEATON,64,LESIONADO,NO_REGISTRA,OTRO,62,LESIONADO,HOMBRE,SCOOTER
2025-09-30 09:25:52,-3.985753,-79.192883,Calle Miguel Riofrio,CON_LESIONADOS,Atropellamiento,Visibilidad reducida,71,LESIONADO,NO_REGISTRA,OTRO,48,LESIONADO,HOMBRE,SCOOTER,,,,
2025-05-01 18:30:32,-3.979568,-79.194045,Calle Montufar,SOLO_DANOS,Atropellamiento,Mal estado de la via,,,,,,,,,,,,
2025-11-20 10:27:00,-3.996944,-79.223531,Ruta 35,SOLO_DANOS,Colision Multiple,Imprudencia del conductor,,,,,,,,,,,,
2025-10-21 14:34:30,-3.999755,-79.181520,Calle Colon,CON_FALLECIDOS,Caida,Mal estado de la via,51,FALLECIDO,NO_REGISTRA,CICLISTA,21,LESIONADO,MUJER,CICLISTA,21,LESIONADO,MUJER,MOTOCICLETA
2025-06-28 06:10:29,-3.982816,-79.191849,Calle Sucre,CON_FALLECIDOS,Volcamiento,Distraccion (celular/radio),83,FALLECIDO,MUJER,MOTOCICLETA,63,FALLECIDO,HOMBRE,SCOOTER,13,LESIONADO,NO_REGISTRA,PEATON