fecha_hora,latitud,longitud,via,grado_severidad,tipo_siniestro,causa_probable,victima1_edad,victima1_condicion,victima1_sexo,victima1_actor_vial,victima2_edad,victima2_condicion,victima2_sexo,victima2_actor_vial,victima3_edad,victima3_condicion,victima3_sexo,victima3_actor_vial
2025-07-09 09:48:01,-4.005181,-79.176352,Av. Gran Colombia,CON_FALLECIDOS,Volcamiento,Exceso de velocidad,70,FALLECIDO,NO_REGISTRA,VEH_LIVIANO,43,LESIONADO,HOMBRE,VEH_LIVIANO,,,,
2025-04-19 21:14:18,-3.981821,-79.187536,Calle Ramon Borrero,CON_FALLECIDOS,Incendio,Via resbaladiza o mojada,38,FALLECIDO,NO_REGISTRA,VEH_LIVIANO,37,FALLECIDO,MUJER,SCOOTER,26,LESIONADO,HOMBRE,PEATON
2025-09-17 14:55:12,-3.978876,-79.211693,Calle Montufar,CON_FALLECIDOS,Caida,Imprudencia del conductor,69,FALLECIDO,MUJER,VEH_LIVIANO,37,FALLECIDO,HOMBRE,VEH_LIVIANO,73,LESIONADO,MUJER,VEH_LIVIANO
2025-02-07 01:52:16,-4.005193,-79.226711,Av. 8 de Diciembre,SOLO_DANOS,Choque Vehicular,Fatiga del conductor,,,,,,,,,,,,
2025-10-18 07:45:28,-3.987161,-79.178498,Av. Metropolitana,SOLO_DANOS,Incendio,Fatiga del conductor,,,,,,,,,,,,
2025-08-04 07:54:33,-4.033524,-79.221737,Av. 8 de Diciembre,CON_FALLECIDOS,Caida,Factores externos,57,FALLECIDO,HOMBRE,OTRO,80,LESIONADO,MUJER,VEH_LIVIANO,,,,
2025-04-22 22:33:14,-4.025072,-79.201930,Calle 10 de Agosto,CON_FALLECIDOS,Atropellamiento,Inobservancia de senales,54,FALLECIDO,HOMBRE,VEH_LIVIANO,64,FALLECIDO,NO_REGISTRA,CICLISTA,,,,
2025-06-02 23:41:18,-3.994181,-79.199948,Via Loja - Zamora,CON_LESIONADOS,Choque Vehicular,Factores externos,11,LESIONADO,NO_REGISTRA,VEH_LIVIANO,56,LESIONADO,NO_REGISTRA,MOTOCICLETA,77,LESIONADO,NO_REGISTRA,VEH_LIVIANO
2025-01-10 03:17:54,-4.001142,-79.225126,Via Loja - Catamayo,CON_FALLECIDOS,Accidente Laboral,Fatiga del conductor,38,FALLECIDO,HOMBRE,PEATON,,,,,,,,
2025-10-05 15:16:51,-4.019564,-79.198480,Calle Bolivar,CON_LESIONADOS,Atropellamiento,Exceso de velocidad,44,LESIONADO,MUJER,PEATON,22,LESIONADO,HOMBRE,VEH_LIVIANO,39,LESIONADO,HOMBRE,SCOOTER
2025-06-08 08:44:33,-4.027105,-79.222627,Via Loja - Zamora,CON_LESIONADOS,Atropellamiento,Mal estado de la via,53,LESIONADO,NO_REGISTRA,PEATON,36,LESIONADO,HOMBRE,PEATON,,,,
2025-08-18 11:25:40,-3.978596,-79.204499,Av. Reinaldo Espinosa,CON_LESIONADOS,Choque Vehicular,Visibilidad reducida,34,LESIONADO,MUJER,MOTOCICLETA,43,LESIONADO,HOMBRE,VEH_LIVIANO,70,LESIONADO,MUJER,PEATON
2025-08-31 12:49:29,-3.991826,-79.172232,Calle Ramon Borrero,SOLO_DANOS,Choque Vehicular,Inobservancia de senales,14,LESIONADO,NO_REGISTRA,VEH_LIVIANO,,,,,,,,
2025-08-06 17:14:58,-4.023663,-79.173182,Via Loja - Catamayo,CON_FALLECIDOS,Caida,Distraccion (celular/radio),78,FALLECIDO,NO_REGISTRA,OTRO,45,FALLECIDO,HOMBRE,CICLISTA,22,LESIONADO,NO_REGISTRA,SCOOTER
2025-06-01 06:46:38,-3.992055,-79.212176,Av. Cuxibamba,CON_LESIONADOS,Incendio,Imprudencia del conductor,19,LESIONADO,NO_REGISTRA,OTRO,55,LESIONADO,NO_REGISTRA,MOTOCICLETA,,,,
2025-07-17 09:46:59,-4.016585,-79.186198,Av. Cuxibamba,SOLO_DANOS,Caida,Falla mecanica,,,,,,,,,,,,
2025-09-11 23:38:04,-4.006006,-79.194690,Av. Isidro Ayora,CON_FALLECIDOS,Volcamiento,Via resbaladiza o mojada,32,FALLECIDO,MUJER,MOTOCICLETA,43,FALLECIDO,HOMBRE,PEATON,24,LESIONADO,HOMBRE,CICLISTA
2025-01-25 08:58:57,-4.016603,-79.206821,Av. Metropolitana,CON_FALLECIDOS,Colision Multiple,Factores externos,18,FALLECIDO,NO_REGISTRA,CICLISTA,73,LESIONADO,MUJER,VEH_LIVIANO,,,,
2025-03-20 22:21:33,-4.036712,-79.195741,Via Loja - Zamora,CON_FALLECIDOS,Accidente Laboral,Factores externos,60,FALLECIDO,MUJER,VEH_LIVIANO,20,LESIONADO,MUJER,SCOOTER,,,,
2025-02-12 10:23:46,-4.024433,-79.185892,Av. 8 de Diciembre,CON_LESIONADOS,Volcamiento,Fatiga del conductor,15,LESIONADO,NO_REGISTRA,CICLISTA,,,,,,,,
2025-12-17 12:07:58,-4.033381,-79.187446,Av. Manuel Agustin Aguirre,CON_LESIONADOS,Atropellamiento,Inobservancia de senales,33,LESIONADO,MUJER,CICLISTA,20,LESIONADO,MUJER,CICLISTA,64,LESIONADO,NO_REGISTRA,PEATON
2025-07-20 15:01:55,-4.025050,-79.171076,Av. Rosa Hermosa,CON_FALLECIDOS,Caida,Equipo de seguridad deficiente,45,FALLECIDO,NO_REGISTRA,SCOOTER,7,LESIONADO,NO_REGISTRA,CICLISTA,30,LESIONADO,MUJER,MOTOCICLETA
2025-04-01 17:39:43,-3.995096,-79.215855,Av. Orillas del Zamora,SOLO_DANOS,Atropellamiento,Fatiga del conductor,75,LESIONADO,HOMBRE,SCOOTER,,,,,,,,
2025-04-25 21:59:13,-4.034492,-79.203007,Av. 8 de Diciembre,CON_FALLECIDOS,Incendio,Equipo de seguridad deficiente,28,FALLECIDO,NO_REGISTRA,MOTOCICLETA,56,LESIONADO,HOMBRE,MOTOCICLETA,,,,
2025-10-22 15:46:29,-3.998320,-79.176877,Av. Isidro Ayora,CON_FALLECIDOS,Choque Vehicular,Inobservancia de senales,78,FALLECIDO,MUJER,OTRO,39,FALLECIDO,MUJER,PEATON,,,,
2025-10-23 23:35:54,-4.002392,-79.195239,Calle Ramon Borrero,CON_FALLECIDOS,Colision Multiple,Exceso de velocidad,38,FALLECIDO,HOMBRE,CICLISTA,35,FALLECIDO,NO_REGISTRA,SCOOTER,26,LESIONADO,MUJER,OTRO
2025-10-16 00:11:17,-4.001278,-79.219408,Av. Universitaria,CON_FALLECIDOS,Accidente Laboral,Distraccion (celular/radio),66,FALLECIDO,NO_REGISTRA,OTRO,51,FALLECIDO,NO_REGISTRA,PEATON,65,LESIONADO,HOMBRE,SCOOTER
2025-09-19 07:38:19,-3.983572,-79.214699,Av. Gran Colombia,SOLO_DANOS,Caida,Estado de embriaguez,,,,,,,,,,,,
2025-08-29 18:02:16,-4.000718,-79.177138,Av. Universitaria,CON_LESIONADOS,Colision Multiple,Distraccion (celular/radio),34,LESIONADO,MUJER,MOTOCICLETA,65,LESIONADO,MUJER,MOTOCICLETA,,,,
2025-03-11 11:11:47,-4.014677,-79.214035,Calle Colon,SOLO_DANOS,Colision Multiple,Mal estado de la via,,,,,,,,,,,,
2025-04-07 04:17:44,-3.997317,-79.203243,Calle Bolivar,SOLO_DANOS,Incendio,Equipo de seguridad deficiente,,,,,,,,,,,,
2025-10-21 11:15:25,-4.014545,-79.220451,Ruta 35,CON_LESIONADOS,Incendio,Visibilidad reducida,26,LESIONADO,HOMBRE,SCOOTER,10,LESIONADO,MUJER,VEH_LIVIANO,56,LESIONADO,HOMBRE,OTRO
2025-10-31 16:08:17,-4.012650,-79.187562,Av. Metropolitana,CON_FALLECIDOS,Incendio,Imprudencia del conductor,83,FALLECIDO,MUJER,MOTOCICLETA,69,FALLECIDO,HOMBRE,PEATON,63,LESIONADO,HOMBRE,SCOOTER
2025-04-28 11:13:32,-4.009174,-79.201807,Calle Montufar,CON_FALLECIDOS,Accidente Laboral,Exceso de velocidad,30,FALLECIDO,HOMBRE,OTRO,5,LESIONADO,MUJER,VEH_LIVIANO,40,LESIONADO,NO_REGISTRA,CICLISTA
2025-06-09 14:00:08,-4.005372,-79.173812,Ruta 35,CON_LESIONADOS,Incendio,Mal estado de la via,15,LESIONADO,MUJER,OTRO,59,LESIONADO,MUJER,OTRO,34,LESIONADO,NO_REGISTRA,PEATON
2025-07-01 14:44:02,-4.033496,-79.194619,Av. Isidro Ayora,CON_FALLECIDOS,Volcamiento,Via resbaladiza o mojada,42,FALLECIDO,HOMBRE,SCOOTER,65,LESIONADO,MUJER,MOTOCICLETA,46,LESIONADO,HOMBRE,CICLISTA
2025-09-13 23:12:15,-3.996808,-79.214526,Av. Rosa Hermosa,CON_FALLECIDOS,Accidente Laboral,Estado de embriaguez,48,FALLECIDO,HOMBRE,OTRO,33,FALLECIDO,HOMBRE,SCOOTER,63,LESIONADO,NO_REGISTRA,SCOOTER
2025-03-05 22:17:37,-4.028985,-79.195021,Calle Mercadillo,CON_FALLECIDOS,Choque Vehicular,Via resbaladiza o mojada,46,FALLECIDO,MUJER,VEH_LIVIANO,14,LESIONADO,MUJER,CICLISTA,41,LESIONADO,NO_REGISTRA,VEH_LIVIANO
2025-05-03 19:43:43,-3.984566,-79.175318,Av. Orillas del Zamora,SOLO_DANOS,Caida,Estado de embriaguez,,,,,,,,,,,,
2025-12-16 03:43:46,-3.990544,-79.220667,Av. Rosa Hermosa,CON_FALLECIDOS,Atropellamiento,Distraccion (celular/radio),83,FALLECIDO,MUJER,CICLISTA,56,LESIONADO,MUJER,CICLISTA,,,,
2025-07-04 22:18:19,-4.030551,-79.185831,Av. Rosa Hermosa,CON_LESIONADOS,Accidente Laboral,Exceso de velocidad,32,LESIONADO,HOMBRE,CICLISTA,48,LESIONADO,NO_REGISTRA,OTRO,,,,
2025-01-22 17:24:45,-4.031095,-79.213932,Av. Metropolitana,CON_LESIONADOS,Atropellamiento,Distraccion (celular/radio),26,LESIONADO,MUJER,VEH_LIVIANO,,,,,,,,
2025-05-20 10:47:46,-4.013224,-79.222460,Calle Miguel Riofrio,CON_LESIONADOS,Colision Multiple,Visibilidad reducida,52,LESIONADO,HOMBRE,CICLISTA,51,LESIONADO,HOMBRE,MOTOCICLETA,,,,
2025-06-12 19:41:28,-4.004604,-79.179029,Calle Quito,CON_LESIONADOS,Accidente Laboral,Exceso de velocidad,11,LESIONADO,HOMBRE,CICLISTA,48,LESIONADO,MUJER,MOTOCICLETA,,,,
2025-07-17 23:10:17,-4.017492,-79.216221,Av. Gran Colombia,CON_FALLECIDOS,Accidente Laboral,Visibilidad reducida,48,FALLECIDO,NO_REGISTRA,VEH_LIVIANO,37,FALLECIDO,HOMBRE,SCOOTER,68,LESIONADO,NO_REGISTRA,MOTOCICLETA
2025-08-02 21:48:26,-4.009793,-79.228900,Av. Orillas del Zamora,CON_FALLECIDOS,Incendio,Factores externos,20,FALLECIDO,MUJER,MOTOCICLETA,31,LESIONADO,HOMBRE,MOTOCICLETA,45,LESIONADO,HOMBRE,VEH_LIVIANO
2025-04-09 11:53:29,-3.989173,-79.174220,Calle 18 de Noviembre,SOLO_DANOS,Volcamiento,Inobservancia de senales,,,,,,,,,,,,
2025-04-17 13:51:45,-4.030602,-79.202091,Calle Mercadillo,CON_FALLECIDOS,Caida,Visibilidad reducida,51,FALLECIDO,MUJER,VEH_LIVIANO,39,FALLECIDO,MUJER,CICLISTA,,,,
2025-09-04 20:36:48,-3.992526,-79.178006,Av. Rosa Hermosa,CON_LESIONADOS,Accidente Laboral,Distraccion (celular/radio),40,LESIONADO,NO_REGISTRA,CICLISTA,,,,,,,,
2025-10-07 23:34:15,-4.034883,-79.182495,Av. Rosa Hermosa,SOLO_DANOS,Accidente Laboral,Imprudencia del conductor,,,,,,,,,,,,
2025-10-03 19:30:43,-4.031122,-79.191587,Av. Rosa Hermosa,CON_LESIONADOS,Accidente Laboral,Estado de embriaguez,13,LESIONADO,HOMBRE,CICLISTA,,,,,,,,
2025-10-06 22:33:44,-4.025279,-79.212901,Calle Azogues,SOLO_DANOS,Incendio,Mal estado de la via,,,,,,,,,,,,
2025-01-30 20:47:00,-4.017823,-79.177044,Calle Rocafuerte,SOLO_DANOS,Incendio,Factores externos,,,,,,,,,,,,
2025-11-20 21:32:52,-3.988676,-79.193725,Calle Imbabura,CON_LESIONADOS,Incendio,Imprudencia del conductor,16,LESIONADO,MUJER,SCOOTER,59,LESIONADO,MUJER,CICLISTA,,,,
2025-08-12 15:13:21,-3.997181,-79.184543,Av. Reinaldo Espinosa,CON_LESIONADOS,Volcamiento,Equipo de seguridad deficiente,73,LESIONADO,MUJER,CICLISTA,54,LESIONADO,NO_REGISTRA,OTRO,53,LESIONADO,HOMBRE,MOTOCICLETA
2025-06-10 00:55:47,-3.999386,-79.213837,Calle Mercadillo,SOLO_DANOS,Atropellamiento,Mal estado de la via,,,,,,,,,,,,
2025-07-05 16:06:43,-3.990210,-79.203714,Av. 8 de Diciembre,CON_LESIONADOS,Volcamiento,Via resbaladiza o mojada,45,LESIONADO,MUJER,OTRO,60,LESIONADO,MUJER,PEATON,,,,
2025-06-06 00:57:02,-3.985452,-79.205709,Av. Rosa Hermosa,SOLO_DANOS,Colision Multiple,Mal estado de la via,,,,,,,,,,,,
2025-01-09 19:55:15,-4.027421,-79.211659,Calle Ramon Borrero,SOLO_DANOS,Caida,Exceso de velocidad,,,,,,,,,,,,
2025-04-06 18:12:13,-4.007456,-79.179510,Calle Miguel Riofrio,CON_FALLECIDOS,Choque Vehicular,Estado de embriaguez,68,FALLECIDO,NO_REGISTRA,VEH_LIVIANO,,,,,,,,
2025-09-24 16:39:41,-4.030254,-79.216863,Av. Manuel Agustin Aguirre,CON_FALLECIDOS,Atropellamiento,Exceso de velocidad,20,FALLECIDO,MUJER,CICLISTA,26,FALLECIDO,NO_REGISTRA,PEATON,,,,
2025-03-12 18:09:39,-3.982798,-79.185077,Av. Cuxibamba,SOLO_DANOS,Colision Multiple,Exceso de velocidad,,,,,,,,,,,,
2025-10-20 06:06:49,-4.014996,-79.225977,Av. Reinaldo Espinosa,CON_FALLECIDOS,Volcamiento,Falla mecanica,66,FALLECIDO,HOMBRE,PEATON,27,FALLECIDO,HOMBRE,CICLISTA,59,LESIONADO,HOMBRE,MOTOCICLETA
2025-04-16 12:05:18,-4.006977,-79.187975,Av. Rosa Hermosa,CON_FALLECIDOS,Atropellamiento,Equipo de seguridad deficiente,72,FALLECIDO,NO_REGISTRA,MOTOCICLETA,62,FALLECIDO,NO_REGISTRA,OTRO,61,LESIONADO,NO_REGISTRA,OTRO
2025-10-01 23:15:13,-4.030032,-79.196152,Calle Bolivar,SOLO_DANOS,Choque Vehicular,Fatiga del conductor,,,,,,,,,,,,
2025-10-30 15:54:27,-4.018180,-79.221755,Av. 8 de Diciembre,SOLO_DANOS,Accidente Laboral,Fatiga del conductor,,,,,,,,,,,,
2025-06-15 04:09:53,-4.021633,-79.191648,Ruta 35,CON_FALLECIDOS,Colision Multiple,Estado de embriaguez,24,FALLECIDO,HOMBRE,PEATON,68,LESIONADO,MUJER,MOTOCICLETA,,,,
2025-08-31 02:59:20,-4.010335,-79.181963,Calle Montufar,SOLO_DANOS,Choque Vehicular,Imprudencia del conductor,,,,,,,,,,,,
2025-10-16 05:19:30,-3.990357,-79.181712,Av. Isidro Ayora,SOLO_DANOS,Caida,Equipo de seguridad deficiente,,,,,,,,,,,,
2025-12-18 02:37:37,-4.015961,-79.214342,Av. Manuel Agustin Aguirre,SOLO_DANOS,Colision Multiple,Visibilidad reducida,,,,,,,,,,,,
2025-04-05 09:09:23,-4.022276,-79.202952,Ruta 35,CON_FALLECIDOS,Incendio,Fatiga del conductor,20,FALLECIDO,NO_REGISTRA,PEATON,14,LESIONADO,MUJER,VEH_LIVIANO,27,LESIONADO,NO_REGISTRA,SCOOTER
2025-08-17 01:26:43,-3.988164,-79.188905,Calle Azogues,SOLO_DANOS,Colision Multiple,Mal estado de la via,,,,,,,,,,,,
2025-04-18 16:19:00,-4.006377,-79.201355,Calle Imbabura,SOLO_DANOS,Choque Vehicular,Equipo de seguridad deficiente,,,,,,,,,,,,
2025-11-14 08:14:49,-3.997830,-79.217722,Av. Orillas del Zamora,SOLO_DANOS,Atropellamiento,Visibilidad reducida,,,,,,,,,,,,
2025-08-25 21:21:10,-4.024781,-79.204797,Via Loja - Catamayo,CON_FALLECIDOS,Accidente Laboral,Via resbaladiza o mojada,59,FALLECIDO,HOMBRE,SCOOTER,48,FALLECIDO,MUJER,MOTOCICLETA,23,LESIONADO,MUJER,SCOOTER
2025-09-27 12:09:54,-4.032649,-79.229096,Av. Metropolitana,CON_LESIONADOS,Atropellamiento,Inobservancia de senales,58,LESIONADO,HOMBRE,SCOOTER,18,LESIONADO,HOMBRE,SCOOTER,,,,
2025-07-10 05:30:54,-4.035688,-79.222309,Calle Azogues,SOLO_DANOS,Incendio,Inobservancia de senales,,,,,,,,,,,,
2025-10-23 09:30:25,-4.032218,-79.172969,Av. Manuel Agustin Aguirre,CON_FALLECIDOS,Colision Multiple,Distraccion (celular/radio),85,FALLECIDO,MUJER,CICLISTA,63,LESIONADO,HOMBRE,VEH_LIVIANO,,,,
2025-02-13 06:30:00,-4.016033,-79.218788,Av. Gran Colombia,SOLO_DANOS,Volcamiento,Equipo de seguridad deficiente,,,,,,,,,,,,
2025-02-12 04:34:34,-4.005390,-79.173060,Calle Rocafuerte,CON_LESIONADOS,Volcamiento,Fatiga del conductor,78,LESIONADO,MUJER,CICLISTA,24,LESIONADO,NO_REGISTRA,MOTOCICLETA,8,LESIONADO,HOMBRE,CICLISTA
2025-07-07 06:55:23,-4.012737,-79.182420,Calle Imbabura,CON_FALLECIDOS,Choque Vehicular,Via resbaladiza o mojada,32,FALLECIDO,MUJER,PEATON,57,FALLECIDO,NO_REGISTRA,MOTOCICLETA,,,,
2025-08-16 12:56:52,-4.018703,-79.212565,Av. Metropolitana,SOLO_DANOS,Colision Multiple,Estado de embriaguez,,,,,,,,,,,,
2025-01-09 14:06:22,-3.989604,-79.221889,Av. Orillas del Zamora,CON_FALLECIDOS,Accidente Laboral,Estado de embriaguez,21,FALLECIDO,HOMBRE,OTRO,75,LESIONADO,NO_REGISTRA,MOTOCICLETA,,,,
2025-12-11 11:59:56,-4.008035,-79.195952,Av. Orillas del Zamora,SOLO_DANOS,Volcamiento,Mal estado de la via,,,,,,,,,,,,
2025-01-23 14:18:17,-3.978371,-79.184276,Calle Imbabura,CON_FALLECIDOS,Incendio,Mal estado de la via,57,FALLECIDO,HOMBRE,PEATON,77,LESIONADO,HOMBRE,VEH_LIVIANO,,,,
2025-03-23 01:56:51,-3.993414,-79.214548,Calle Miguel Riofrio,CON_FALLECIDOS,Colision Multiple,Mal estado de la via,38,FALLECIDO,NO_REGISTRA,PEATON,29,FALLECIDO,NO_REGISTRA,PEATON,53,LESIONADO,HOMBRE,CICLISTA
2025-06-19 14:10:56,-3.992685,-79.181962,Calle Imbabura,SOLO_DANOS,Choque Vehicular,Estado de embriaguez,,,,,,,,,,,,
2025-10-31 14:08:58,-4.008363,-79.224487,Calle Sucre,SOLO_DANOS,Colision Multiple,Imprudencia del conductor,,,,,,,,,,,,
2025-03-11 16:45:54,-4.020955,-79.217921,Calle Quito,CON_LESIONADOS,Accidente Laboral,Visibilidad reducida,68,LESIONADO,MUJER,SCOOTER,80,LESIONADO,HOMBRE,MOTOCICLETA,31,LESIONADO,MUJER,PEATON
2025-07-30 19:45:59,-3.995105,-79.181621,Av. Manuel Agustin Aguirre,CON_FALLECIDOS,Accidente Laboral,Imprudencia del conductor,82,FALLECIDO,HOMBRE,OTRO,,,,,,,,
2025-05-07 09:18:50,-3.999814,-79.208153,Calle Rocafuerte,SOLO_DANOS,Choque Vehicular,Imprudencia del conductor,,,,,,,,,,,,
2025-07-17 18:49:49,-4.031140,-79.187096,Av. Universitaria,SOLO_DANOS,Atropellamiento,Via resbaladiza o mojada,35,LESIONADO,MUJER,SCOOTER,,,,,,,,
2025-09-08 03:22:40,-4.007136,-79.217453,Av. Gran Colombia,CON_LESIONADOS,Colision Multiple,Distraccion (celular/radio),59,LESIONADO,HOMBRE,OTRO,34,LESIONADO,MUJER,SCOOTER,53,LESIONADO,MUJER,CICLISTA
2025-10-01 00:28:20,-3.979739,-79.206627,Calle Miguel Riofrio,CON_LESIONADOS,Accidente Laboral,Estado de embriaguez,45,LESIONADO,NO_REGISTRA,CICLISTA,32,LESIONADO,HOMBRE,VEH_LIVIANO,,,,
2025-09-13 22:46:40,-4.023251,-79.227843,Calle Ramon Borrero,CON_FALLECIDOS,Atropellamiento,Exceso de velocidad,73,FALLECIDO,HOMBRE,SCOOTER,29,LESIONADO,MUJER,PEATON,59,LESIONADO,MUJER,OTRO
2025-08-29 05:03:22,-3.994685,-79.192399,Av. Universitaria,SOLO_DANOS,Colision Multiple,Equipo de seguridad deficiente,,,,,,,,,,,,
2025-10-28 06:21:01,-4.015652,-79.184426,Av. Pio Jaramillo,SOLO_DANOS,Caida,Visibilidad reducida,,,,,,,,,,,,
2025-10-30 15:34:21,-4.013796,-79.207663,Calle 18 de Noviembre,SOLO_DANOS,Atropellamiento,Mal estado de la via,,,,,,,,,,,,
2025-05-21 23:18:52,-3.990167,-79.229221,Av. Manuel Agustin Aguirre,CON_FALLECIDOS,Volcamiento,Via resbaladiza o mojada,36,FALLECIDO,NO_REGISTRA,VEH_LIVIANO,70,FALLECIDO,NO_REGISTRA,CICLISTA,64,LESIONADO,MUJER,OTRO
2025-12-24 22:37:25,-4.015299,-79.210037,Av. Isidro Ayora,SOLO_DANOS,Accidente Laboral,Imprudencia del conductor,,,,,,,,,,,,
2025-07-13 22:44:01,-4.015350,-79.228383,Calle Rocafuerte,SOLO_DANOS,Volcamiento,Via resbaladiza o mojada,,,,,,,,,,,,
2025-06-16 18:52:16,-4.036170,-79.222733,Calle Bolivar,CON_LESIONADOS,Volcamiento,Imprudencia del conductor,30,LESIONADO,MUJER,OTRO,38,LESIONADO,NO_REGISTRA,SCOOTER,17,LESIONADO,HOMBRE,OTRO
2025-11-30 08:39:45,-4.029287,-79.195983,Calle Saraguro,CON_FALLECIDOS,Colision Multiple,Exceso de velocidad,70,FALLECIDO,MUJER,OTRO,56,FALLECIDO,NO_REGISTRA,VEH_LIVIANO,22,LESIONADO,MUJER,MOTOCICLETA
2025-09-02 16:31:52,-4.014302,-79.217027,Av. Isidro Ayora,CON_LESIONADOS,Incendio,Visibilidad reducida,35,LESIONADO,NO_REGISTRA,VEH_LIVIANO,58,LESIONADO,NO_REGISTRA,VEH_LIVIANO,,,,
2025-08-24 09:21:11,-3.993456,-79.173549,Calle Sucre,CON_FALLECIDOS,Choque Vehicular,Falla mecanica,48,FALLECIDO,HOMBRE,OTRO,,,,,,,,
2025-03-28 17:38:11,-3.995832,-79.200769,Calle Imbabura,CON_FALLECIDOS,Colision Multiple,Exceso de velocidad,60,FALLECIDO,NO_REGISTRA,SCOOTER,8,LESIONADO,HOMBRE,SCOOTER,74,LESIONADO,MUJER,OTRO
2025-11-15 04:28:14,-4.001464,-79.203914,Calle Mercadillo,CON_FALLECIDOS,Atropellamiento,Falla mecanica,36,FALLECIDO,HOMBRE,SCOOTER,28,LESIONADO,MUJER,MOTOCICLETA,,,,
2025-08-18 20:23:33,-4.016086,-79.212083,Calle 10 de Agosto,CON_FALLECIDOS,Volcamiento,Falla mecanica,81,FALLECIDO,HOMBRE,MOTOCICLETA,51,FALLECIDO,HOMBRE,MOTOCICLETA,33,LESIONADO,NO_REGISTRA,CICLISTA
2025-05-02 05:14:05,-4.007708,-79.191116,Calle Mercadillo,CON_LESIONADOS,Atropellamiento,Via resbaladiza o mojada,49,LESIONADO,HOMBRE,VEH_LIVIANO,80,LESIONADO,HOMBRE,CICLISTA,60,LESIONADO,NO_REGISTRA,CICLISTA
2025-08-27 07:37:13,-4.025624,-79.225914,Av. Reinaldo Espinosa,CON_FALLECIDOS,Caida,Distraccion (celular/radio),40,FALLECIDO,NO_REGISTRA,CICLISTA,84,FALLECIDO,NO_REGISTRA,CICLISTA,7,LESIONADO,NO_REGISTRA,OTRO
2025-12-05 19:03:33,-4.001113,-79.192742,Av. Orillas del Zamora,SOLO_DANOS,Caida,Exceso de velocidad,,,,,,,,,,,,
2025-10-15 05:50:28,-4.027749,-79.221302,Av. Cuxibamba,CON_FALLECIDOS,Atropellamiento,Distraccion (celular/radio),35,FALLECIDO,NO_REGISTRA,PEATON,57,LESIONADO,NO_REGISTRA,OTRO,12,LESIONADO,HOMBRE,MOTOCICLETA
2025-03-19 07:10:30,-3.983101,-79.208818,Via Loja - Catamayo,SOLO_DANOS,Volcamiento,Distraccion (celular/radio),55,LESIONADO,NO_REGISTRA,SCOOTER,,,,,,,,
2025-01-24 07:00:31,-4.015871,-79.202070,Calle Montufar,CON_FALLECIDOS,Volcamiento,Mal estado de la via,29,FALLECIDO,MUJER,CICLISTA,,,,,,,,
2025-04-22 22:22:45,-4.034819,-79.222833,Av. Orillas del Zamora,SOLO_DANOS,Volcamiento,Equipo de seguridad deficiente,,,,,,,,,,,,
2025-01-14 05:11:39,-3.991769,-79.175350,Calle Imbabura,CON_LESIONADOS,Volcamiento,Mal estado de la via,49,LESIONADO,HOMBRE,PEATON,31,LESIONADO,HOMBRE,CICLISTA,56,LESIONADO,NO_REGISTRA,MOTOCICLETA
2025-01-29 05:47:11,-4.031557,-79.196691,Via Loja - Zamora,CON_FALLECIDOS,Choque Vehicular,Equipo de seguridad deficiente,71,FALLECIDO,NO_REGISTRA,CICLISTA,48,FALLECIDO,HOMBRE,OTRO,30,LESIONADO,NO_REGISTRA,CICLISTA
2025-05-30 14:59:03,-4.035097,-79.194376,Av. Gran Colombia,CON_LESIONADOS,Caida,Inobservancia de senales,51,LESIONADO,NO_REGISTRA,VEH_LIVIANO,,,,,,,,
2025-06-16 00:59:08,-4.035829,-79.188072,Av. Universitaria,CON_FALLECIDOS,Volcamiento,Imprudencia del conductor,73,FALLECIDO,NO_REGISTRA,CICLISTA,,,,,,,,
2025-01-03 21:30:38,-4.007553,-79.216541,Av. Metropolitana,CON_LESIONADOS,Colision Multiple,Inobservancia de senales,17,LESIONADO,MUJER,CICLISTA,,,,,,,,
2025-03-05 00:46:41,-4.019491,-79.230662,Calle Rocafuerte,SOLO_DANOS,Atropellamiento,Mal estado de la via,,,,,,,,,,,,
2025-01-08 23:23:43,-3.981876,-79.205468,Av. Isidro Ayora,SOLO_DANOS,Caida,Inobservancia de senales,23,LESIONADO,MUJER,OTRO,,,,,,,,
2025-10-03 09:27:15,-4.031199,-79.185055,Calle 18 de Noviembre,SOLO_DANOS,Atropellamiento,Visibilidad reducida,,,,,,,,,,,,
2025-12-24 11:42:46,-3.999207,-79.177105,Calle Colon,CON_FALLECIDOS,Accidente Laboral,Exceso de velocidad,25,FALLECIDO,MUJER,OTRO,29,LESIONADO,NO_REGISTRA,OTRO,9,LESIONADO,MUJER,VEH_LIVIANO
2025-05-13 12:49:33,-4.032781,-79.202309,Calle Azogues,CON_FALLECIDOS,Colision Multiple,Inobservancia de senales,53,FALLECIDO,NO_REGISTRA,MOTOCICLETA,85,FALLECIDO,MUJER,SCOOTER,24,LESIONADO,MUJER,VEH_LIVIANO
2025-06-18 21:18:26,-4.002042,-79.197773,Av. Orillas del Zamora,CON_LESIONADOS,Atropellamiento,Estado de embriaguez,59,LESIONADO,HOMBRE,OTRO,,,,,,,,
2025-01-26 03:29:22,-4.012852,-79.217703,Calle Saraguro,SOLO_DANOS,Colision Multiple,Visibilidad reducida,,,,,,,,,,,,