fecha_hora,latitud,longitud,via,grado_severidad,tipo_siniestro,causa_probable,victima1_edad,victima1_condicion,victima1_sexo,victima1_actor_vial,victima2_edad,victima2_condicion,victima2_sexo,victima2_actor_vial,victima3_edad,victima3_condicion,victima3_sexo,victima3_actor_vial
2025-08-05 17:14:21,-3.978081,-79.218014,Av. Metropolitana,SOLO_DANOS,Volcamiento,Equipo de seguridad deficiente,,,,,,,,,,,,
2025-08-15 11:22:08,-3.991458,-79.191145,Av. Metropolitana,CON_LESIONADOS,Colision Multiple,Imprudencia del conductor,30,LESIONADO,MUJER,PEATON,56,LESIONADO,NO_REGISTRA,OTRO,,,,
2025-10-04 10:26:49,-4.017445,-79.211363,Av. Reinaldo Espinosa,CON_FALLECIDOS,Colision Multiple,Fatiga del conductor,61,FALLECIDO,MUJER,SCOOTER,83,FALLECIDO,NO_REGISTRA,VEH_LIVIANO,34,LESIONADO,NO_REGISTRA,MOTOCICLETA
2025-10-24 18:37:51,-3.988915,-79.198582,Av. Manuel Agustin Aguirre,SOLO_DANOS,Caida,Estado de embriaguez,,,,,,,,,,,,
2025-07-22 17:06:12,-3.983458,-79.225825,Av. Pio Jaramillo,SOLO_DANOS,Accidente Laboral,Visibilidad reducida,,,,,,,,,,,,
2025-04-27 00:07:26,-4.003156,-79.181576,Av. Metropolitana,SOLO_DANOS,Atropellamiento,Imprudencia del conductor,,,,,,,,,,,,
2025-08-11 20:38:02,-3.998099,-79.214533,Calle Azogues,CON_LESIONADOS,Caida,Estado de embriaguez,76,LESIONADO,NO_REGISTRA,VEH_LIVIANO,51,LESIONADO,HOMBRE,PEATON,,,,
2025-02-16 18:33:11,-3.989501,-79.225531,Av. Manuel Agustin Aguirre,CON_LESIONADOS,Colision Multiple,Imprudencia del conductor,64,LESIONADO,HOMBRE,OTRO,9,LESIONADO,MUJER,VEH_LIVIANO,77,LESIONADO,HOMBRE,VEH_LIVIANO
2025-03-14 07:05:19,-4.016282,-79.181462,Calle Sucre,CON_LESIONADOS,Incendio,Visibilidad reducida,8,LESIONADO,HOMBRE,CICLISTA,44,LESIONADO,HOMBRE,MOTOCICLETA,64,LESIONADO,MUJER,PEATON
2025-10-06 09:42:15,-4.012308,-79.173625,Av. Orillas del Zamora,CON_LESIONADOS,Colision Multiple,Fatiga del conductor,48,LESIONADO,HOMBRE,CICLISTA,60,LESIONADO,MUJER,PEATON,65,LESIONADO,NO_REGISTRA,VEH_LIVIANO
2025-10-24 05:05:18,-4.002364,-79.184120,Av. Cuxibamba,CON_LESIONADOS,Caida,Distraccion (celular/radio),65,LESIONADO,HOMBRE,VEH_LIVIANO,62,LESIONADO,MUJER,OTRO,45,LESIONADO,NO_REGISTRA,OTRO
2025-03-02 08:21:39,-4.029631,-79.171551,Av. Rosa Hermosa,CON_LESIONADOS,Incendio,Distraccion (celular/radio),55,LESIONADO,MUJER,VEH_LIVIANO,6,LESIONADO,HOMBRE,OTRO,31,LESIONADO,NO_REGISTRA,PEATON
2025-02-18 20:40:25,-4.005439,-79.184842,Av. 8 de Diciembre,CON_FALLECIDOS,Choque Vehicular,Exceso de velocidad,26,FALLECIDO,NO_REGISTRA,MOTOCICLETA,74,FALLECIDO,HOMBRE,VEH_LIVIANO,51,LESIONADO,MUJER,MOTOCICLETA
2025-06-01 22:01:46,-4.029680,-79.215042,Calle Bolivar,CON_FALLECIDOS,Atropellamiento,Visibilidad reducida,77,FALLECIDO,NO_REGISTRA,MOTOCICLETA,32,LESIONADO,NO_REGISTRA,CICLISTA,47,LESIONADO,NO_REGISTRA,CICLISTA
2025-08-18 03:50:35,-4.003486,-79.217294,Calle Imbabura,CON_FALLECIDOS,Choque Vehicular,Distraccion (celular/radio),24,FALLECIDO,NO_REGISTRA,PEATON,66,LESIONADO,MUJER,CICLISTA,61,LESIONADO,HOMBRE,OTRO
2025-08-06 15:16:31,-3.996201,-79.224567,Calle Colon,CON_FALLECIDOS,Caida,Falla mecanica,42,FALLECIDO,HOMBRE,CICLISTA,59,LESIONADO,NO_REGISTRA,MOTOCICLETA,7,LESIONADO,HOMBRE,OTRO
2025-07-17 02:35:07,-3.987808,-79.225299,Calle Quito,SOLO_DANOS,Incendio,Imprudencia del conductor,,,,,,,,,,,,
2025-03-04 21:45:52,-4.032972,-79.184425,Via Loja - Zamora,CON_FALLECIDOS,Caida,Factores externos,76,FALLECIDO,HOMBRE,SCOOTER,21,FALLECIDO,NO_REGISTRA,SCOOTER,68,LESIONADO,MUJER,CICLISTA
2025-11-04 13:57:38,-4.031284,-79.204478,Av. 8 de Diciembre,CON_LESIONADOS,Incendio,Estado de embriaguez,79,LESIONADO,MUJER,OTRO,70,LESIONADO,MUJER,OTRO,20,LESIONADO,HOMBRE,PEATON
2025-05-16 13:06:21,-3.995378,-79.191876,Av. Rosa Hermosa,SOLO_DANOS,Choque Vehicular,Via resbaladiza o mojada,,,,,,,,,,,,
2025-07-13 08:46:40,-4.033580,-79.190556,Av. Cuxibamba,CON_FALLECIDOS,Incendio,Factores externos,73,FALLECIDO,HOMBRE,OTRO,82,FALLECIDO,HOMBRE,PEATON,20,LESIONADO,MUJER,PEATON
2025-03-13 03:44:28,-4.012409,-79.190304,Calle Azogues,CON_FALLECIDOS,Caida,Fatiga del conductor,28,FALLECIDO,NO_REGISTRA,SCOOTER,50,LESIONADO,MUJER,CICLISTA,6,LESIONADO,MUJER,CICLISTA
2025-04-30 11:00:48,-3.987071,-79.199099,Via Loja - Zamora,CON_LESIONADOS,Volcamiento,Inobservancia de senales,13,LESIONADO,HOMBRE,VEH_LIVIANO,30,LESIONADO,NO_REGISTRA,VEH_LIVIANO,66,LESIONADO,MUJER,VEH_LIVIANO
2025-01-05 02:02:17,-4.030702,-79.206518,Calle Sucre,CON_FALLECIDOS,Volcamiento,Factores externos,74,FALLECIDO,NO_REGISTRA,VEH_LIVIANO,40,FALLECIDO,HOMBRE,OTRO,40,LESIONADO,NO_REGISTRA,CICLISTA
2025-08-20 15:11:19,-4.033750,-79.189871,Calle 18 de Noviembre,CON_FALLECIDOS,Choque Vehicular,Inobservancia de senales,31,FALLECIDO,HOMBRE,CICLISTA,15,LESIONADO,MUJER,SCOOTER,,,,
2025-09-10 07:15:57,-3.988515,-79.183715,Av. Rosa Hermosa,SOLO_DANOS,Accidente Laboral,Mal estado de la via,,,,,,,,,,,,
2025-02-02 02:40:34,-4.023235,-79.187162,Calle Montufar,CON_LESIONADOS,Incendio,Distraccion (celular/radio),36,LESIONADO,HOMBRE,CICLISTA,49,LESIONADO,MUJER,MOTOCICLETA,,,,
2025-05-01 07:36:00,-4.032871,-79.219146,Calle 18 de Noviembre,SOLO_DANOS,Accidente Laboral,Fatiga del conductor,,,,,,,,,,,,
2025-06-18 06:02:52,-3.983193,-79.216935,Ruta 35,SOLO_DANOS,Accidente Laboral,Factores externos,,,,,,,,,,,,
2025-09-04 01:37:14,-3.986303,-79.186853,Av. Metropolitana,SOLO_DANOS,Caida,Factores externos,39,LESIONADO,MUJER,SCOOTER,,,,,,,,
2025-09-24 04:16:56,-4.031121,-79.199761,Ruta 35,CON_FALLECIDOS,Incendio,Falla mecanica,48,FALLECIDO,MUJER,MOTOCICLETA,37,FALLECIDO,MUJER,MOTOCICLETA,,,,
2025-03-07 00:09:19,-4.004524,-79.176068,Av. Gran Colombia,CON_LESIONADOS,Incendio,Mal estado de la via,72,LESIONADO,MUJER,PEATON,,,,,,,,
2025-12-05 09:14:06,-4.023692,-79.183292,Via Loja - Zamora,CON_LESIONADOS,Colision Multiple,Distraccion (celular/radio),49,LESIONADO,NO_REGISTRA,SCOOTER,,,,,,,,
2025-04-16 14:31:12,-4.030341,-79.189857,Calle Saraguro,CON_FALLECIDOS,Caida,Via resbaladiza o mojada,26,FALLECIDO,NO_REGISTRA,PEATON,25,FALLECIDO,NO_REGISTRA,MOTOCICLETA,9,LESIONADO,MUJER,CICLISTA
2025-11-16 01:29:53,-4.009878,-79.174230,Av. 8 de Diciembre,SOLO_DANOS,Caida,Falla mecanica,,,,,,,,,,,,
2025-05-05 14:38:31,-3.987498,-79.223279,Calle 18 de Noviembre,CON_LESIONADOS,Incendio,Mal estado de la via,42,LESIONADO,NO_REGISTRA,PEATON,45,LESIONADO,NO_REGISTRA,OTRO,80,LESIONADO,HOMBRE,VEH_LIVIANO
2025-04-04 02:11:23,-4.001782,-79.201223,Calle 18 de Noviembre,CON_FALLECIDOS,Colision Multiple,Fatiga del conductor,28,FALLECIDO,HOMBRE,VEH_LIVIANO,74,LESIONADO,NO_REGISTRA,OTRO,,,,
2025-12-03 00:50:42,-3.981771,-79.222542,Calle Colon,CON_LESIONADOS,Atropellamiento,Via resbaladiza o mojada,64,LESIONADO,MUJER,MOTOCICLETA,,,,,,,,
2025-12-10 21:53:33,-4.016909,-79.211704,Calle Ramon Borrero,SOLO_DANOS,Atropellamiento,Estado de embriaguez,,,,,,,,,,,,
2025-07-09 05:06:24,-3.995280,-79.177244,Av. Orillas del Zamora,CON_LESIONADOS,Choque Vehicular,Mal estado de la via,14,LESIONADO,NO_REGISTRA,OTRO,,,,,,,,
2025-11-02 21:14:56,-3.994363,-79.206080,Av. Metropolitana,SOLO_DANOS,Atropellamiento,Imprudencia del conductor,,,,,,,,,,,,
2025-04-08 18:40:50,-4.005051,-79.188282,Via Loja - Catamayo,CON_LESIONADOS,Incendio,Inobservancia de senales,61,LESIONADO,NO_REGISTRA,SCOOTER,71,LESIONADO,MUJER,CICLISTA,,,,
2025-04-28 13:17:05,-3.983838,-79.202533,Av. 8 de Diciembre,SOLO_DANOS,Colision Multiple,Mal estado de la via,,,,,,,,,,,,
2025-03-29 09:46:51,-3.985837,-79.218231,Calle Montufar,CON_LESIONADOS,Incendio,Imprudencia del conductor,16,LESIONADO,NO_REGISTRA,VEH_LIVIANO,30,LESIONADO,HOMBRE,OTRO,,,,
2025-03-23 21:57:41,-3.986778,-79.177543,Calle 10 de Agosto,CON_FALLECIDOS,Caida,Estado de embriaguez,53,FALLECIDO,HOMBRE,OTRO,43,FALLECIDO,MUJER,MOTOCICLETA,9,LESIONADO,HOMBRE,OTRO
2025-12-02 10:17:05,-3.989186,-79.218964,Av. Metropolitana,SOLO_DANOS,Atropellamiento,Visibilidad reducida,,,,,,,,,,,,
2025-12-14 08:28:37,-4.003481,-79.216637,Av. Gran Colombia,CON_FALLECIDOS,Atropellamiento,Estado de embriaguez,81,FALLECIDO,MUJER,MOTOCICLETA,,,,,,,,
2025-11-01 06:53:20,-4.005352,-79.219013,Av. Cuxibamba,SOLO_DANOS,Atropellamiento,Distraccion (celular/radio),,,,,,,,,,,,
2025-02-18 22:24:08,-4.002995,-79.176888,Av. Gran Colombia,CON_LESIONADOS,Colision Multiple,Fatiga del conductor,16,LESIONADO,HOMBRE,VEH_LIVIANO,58,LESIONADO,NO_REGISTRA,PEATON,,,,
2025-07-24 07:17:37,-4.007674,-79.210224,Calle Rocafuerte,CON_FALLECIDOS,Choque Vehicular,Visibilidad reducida,76,FALLECIDO,MUJER,MOTOCICLETA,41,LESIONADO,HOMBRE,OTRO,61,LESIONADO,NO_REGISTRA,CICLISTA
2025-10-23 08:14:51,-4.022912,-79.192145,Calle Mercadillo,CON_FALLECIDOS,Incendio,Equipo de seguridad deficiente,85,FALLECIDO,NO_REGISTRA,SCOOTER,14,LESIONADO,NO_REGISTRA,MOTOCICLETA,,,,
2025-06-29 06:09:56,-3.990167,-79.207853,Calle Ramon Borrero,CON_FALLECIDOS,Volcamiento,Exceso de velocidad,36,FALLECIDO,NO_REGISTRA,PEATON,,,,,,,,
2025-02-22 18:08:07,-4.035553,-79.214381,Av. Isidro Ayora,CON_LESIONADOS,Accidente Laboral,Falla mecanica,45,LESIONADO,NO_REGISTRA,MOTOCICLETA,,,,,,,,
2025-08-28 03:01:38,-4.022073,-79.197349,Ruta 35,SOLO_DANOS,Incendio,Estado de embriaguez,,,,,,,,,,,,
2025-09-02 17:30:28,-3.989482,-79.197361,Calle Mercadillo,SOLO_DANOS,Incendio,Via resbaladiza o mojada,,,,,,,,,,,,
2025-07-30 07:08:47,-3.983460,-79.173201,Av. Orillas del Zamora,CON_LESIONADOS,Incendio,Estado de embriaguez,11,LESIONADO,HOMBRE,CICLISTA,78,LESIONADO,NO_REGISTRA,CICLISTA,31,LESIONADO,MUJER,CICLISTA
2025-03-19 17:07:41,-4.022578,-79.213474,Av. Universitaria,CON_LESIONADOS,Colision Multiple,Estado de embriaguez,31,LESIONADO,MUJER,CICLISTA,,,,,,,,
2025-07-29 09:02:14,-4.022160,-79.189072,Av. Pio Jaramillo,SOLO_DANOS,Caida,Inobservancia de senales,,,,,,,,,,,,
2025-05-26 18:42:09,-4.032789,-79.191877,Calle Mercadillo,SOLO_DANOS,Colision Multiple,Visibilidad reducida,,,,,,,,,,,,
2025-12-23 07:27:49,-4.032668,-79.183420,Calle Sucre,SOLO_DANOS,Colision Multiple,Fatiga del conductor,,,,,,,,,,,,
2025-09-29 11:13:53,-3.984824,-79.204669,Calle 18 de Noviembre,SOLO_DANOS,Colision Multiple,Estado de embriaguez,,,,,,,,,,,,
2025-07-14 12:49:37,-3.993627,-79.174990,Calle Ramon Borrero,CON_LESIONADOS,Volcamiento,Falla mecanica,16,LESIONADO,HOMBRE,MOTOCICLETA,75,LESIONADO,HOMBRE,CICLISTA,56,LESIONADO,NO_REGISTRA,VEH_LIVIANO
2025-11-26 21:53:29,-4.022371,-79.204435,Calle Sucre,CON_FALLECIDOS,Incendio,Factores externos,51,FALLECIDO,MUJER,MOTOCICLETA,79,LESIONADO,HOMBRE,VEH_LIVIANO,,,,
2025-09-19 13:03:23,-4.032794,-79.186464,Calle Mercadillo,CON_LESIONADOS,Colision Multiple,Inobservancia de senales,31,LESIONADO,MUJER,OTRO,50,LESIONADO,HOMBRE,VEH_LIVIANO,75,LESIONADO,NO_REGISTRA,OTRO
2025-02-14 09:03:24,-4.031244,-79.222195,Calle Montufar,CON_FALLECIDOS,Volcamiento,Inobservancia de senales,79,FALLECIDO,HOMBRE,MOTOCICLETA,45,LESIONADO,MUJER,SCOOTER,65,LESIONADO,NO_REGISTRA,CICLISTA
2025-02-09 19:37:38,-3.985229,-79.201661,Calle Ramon Borrero,SOLO_DANOS,Volcamiento,Mal estado de la via,,,,,,,,,,,,
2025-07-04 09:35:43,-3.995454,-79.184904,Av. Universitaria,SOLO_DANOS,Atropellamiento,Factores externos,,,,,,,,,,,,
2025-02-22 14:10:58,-4.025184,-79.203347,Calle Azogues,CON_FALLECIDOS,Choque Vehicular,Distraccion (celular/radio),47,FALLECIDO,HOMBRE,CICLISTA,72,FALLECIDO,NO_REGISTRA,MOTOCICLETA,35,LESIONADO,NO_REGISTRA,MOTOCICLETA
2025-01-10 08:18:12,-4.014833,-79.193413,Av. Cuxibamba,CON_FALLECIDOS,Incendio,Exceso de velocidad,57,FALLECIDO,NO_REGISTRA,SCOOTER,21,FALLECIDO,HOMBRE,PEATON,23,LESIONADO,MUJER,VEH_LIVIANO
2025-08-15 03:19:13,-4.034207,-79.184187,Calle Sucre,CON_FALLECIDOS,Volcamiento,Equipo de seguridad deficiente,74,FALLECIDO,MUJER,MOTOCICLETA,10,LESIONADO,NO_REGISTRA,OTRO,32,LESIONADO,MUJER,CICLISTA
2025-12-06 13:25:03,-4.009316,-79.210316,Av. Pio Jaramillo,CON_LESIONADOS,Colision Multiple,Mal estado de la via,40,LESIONADO,MUJER,CICLISTA,31,LESIONADO,HOMBRE,MOTOCICLETA,45,LESIONADO,MUJER,MOTOCICLETA
2025-01-22 08:55:25,-4.022382,-79.189475,Via Loja - Catamayo,SOLO_DANOS,Atropellamiento,Visibilidad reducida,,,,,,,,,,,,
2025-05-21 06:07:54,-4.003090,-79.208377,Calle Bolivar,SOLO_DANOS,Volcamiento,Inobservancia de senales,,,,,,,,,,,,
2025-08-19 00:51:32,-3.997432,-79.201850,Ruta 35,CON_FALLECIDOS,Caida,Estado de embriaguez,42,FALLECIDO,MUJER,OTRO,46,LESIONADO,NO_REGISTRA,CICLISTA,78,LESIONADO,NO_REGISTRA,MOTOCICLETA
2025-02-23 02:26:59,-4.012454,-79.219476,Calle Quito,SOLO_DANOS,Volcamiento,Distraccion (celular/radio),,,,,,,,,,,,
2025-08-22 10:12:06,-4.013226,-79.185432,Av. 8 de Diciembre,CON_FALLECIDOS,Accidente Laboral,Imprudencia del conductor,85,FALLECIDO,NO_REGISTRA,VEH_LIVIANO,25,FALLECIDO,MUJER,SCOOTER,31,LESIONADO,HOMBRE,MOTOCICLETA
2025-07-13 20:38:05,-3.990520,-79.224391,Av. Gran Colombia,CON_FALLECIDOS,Atropellamiento,Mal estado de la via,36,FALLECIDO,MUJER,PEATON,15,LESIONADO,NO_REGISTRA,VEH_LIVIANO,21,LESIONADO,NO_REGISTRA,MOTOCICLETA
2025-09-11 08:15:44,-4.014490,-79.186214,Calle Rocafuerte,SOLO_DANOS,Caida,Exceso de velocidad,,,,,,,,,,,,
2025-05-25 09:53:43,-4.009021,-79.208439,Calle Bolivar,CON_LESIONADOS,Atropellamiento,Exceso de velocidad,67,LESIONADO,MUJER,CICLISTA,17,LESIONADO,NO_REGISTRA,MOTOCICLETA,,,,
2025-04-17 08:17:02,-4.007217,-79.216492,Calle Mercadillo,CON_FALLECIDOS,Incendio,Factores externos,26,FALLECIDO,MUJER,CICLISTA,74,LESIONADO,MUJER,OTRO,,,,
2025-11-06 15:11:04,-4.025598,-79.171310,Av. Orillas del Zamora,CON_FALLECIDOS,Caida,Falla mecanica,19,FALLECIDO,MUJER,CICLISTA,38,FALLECIDO,HOMBRE,SCOOTER,5,LESIONADO,MUJER,SCOOTER
2025-12-02 01:43:36,-3.992511,-79.179350,Calle 10 de Agosto,SOLO_DANOS,Caida,Estado de embriaguez,,,,,,,,,,,,
2025-07-06 13:16:16,-4.019229,-79.214337,Calle 10 de Agosto,CON_FALLECIDOS,Volcamiento,Imprudencia del conductor,65,FALLECIDO,MUJER,CICLISTA,58,FALLECIDO,HOMBRE,MOTOCICLETA,,,,
2025-05-24 05:09:58,-4.020909,-79.212091,Av. Cuxibamba,CON_LESIONADOS,Caida,Distraccion (celular/radio),64,LESIONADO,MUJER,SCOOTER,24,LESIONADO,MUJER,CICLISTA,13,LESIONADO,MUJER,OTRO
2025-02-15 20:41:03,-4.002125,-79.222479,Av. Manuel Agustin Aguirre,SOLO_DANOS,Incendio,Visibilidad reducida,,,,,,,,,,,,
2025-10-07 02:35:46,-3.982174,-79.228632,Calle Saraguro,CON_FALLECIDOS,Volcamiento,Imprudencia del conductor,35,FALLECIDO,HOMBRE,SCOOTER,85,FALLECIDO,MUJER,CICLISTA,41,LESIONADO,MUJER,OTRO
2025-08-24 04:23:30,-4.006416,-79.174714,Av. Gran Colombia,CON_LESIONADOS,Colision Multiple,Equipo de seguridad deficiente,9,LESIONADO,HOMBRE,VEH_LIVIANO,,,,,,,,
2025-11-06 05:29:00,-4.036048,-79.197784,Ruta 35,SOLO_DANOS,Volcamiento,Estado de embriaguez,,,,,,,,,,,,
2025-06-23 04:24:30,-3.979749,-79.190591,Calle Montufar,CON_FALLECIDOS,Colision Multiple,Estado de embriaguez,60,FALLECIDO,HOMBRE,VEH_LIVIANO,77,FALLECIDO,MUJER,CICLISTA,,,,
2025-04-03 17:42:11,-4.022972,-79.199296,Calle Imbabura,CON_FALLECIDOS,Accidente Laboral,Distraccion (celular/radio),85,FALLECIDO,HOMBRE,MOTOCICLETA,51,LESIONADO,HOMBRE,PEATON,45,LESIONADO,MUJER,OTRO
2025-09-25 04:55:04,-4.000434,-79.212675,Calle Bolivar,SOLO_DANOS,Colision Multiple,Estado de embriaguez,,,,,,,,,,,,
2025-07-06 04:01:18,-4.026187,-79.200675,Av. Metropolitana,CON_LESIONADOS,Colision Multiple,Factores externos,80,LESIONADO,MUJER,PEATON,77,LESIONADO,HOMBRE,SCOOTER,48,LESIONADO,MUJER,PEATON
2025-02-24 22:29:40,-4.012494,-79.223018,Calle Quito,SOLO_DANOS,Colision Multiple,Visibilidad reducida,,,,,,,,,,,,
2025-12-20 16:56:59,-3.986687,-79.207481,Av. Isidro Ayora,SOLO_DANOS,Colision Multiple,Equipo de seguridad deficiente,,,,,,,,,,,,
2025-08-27 10:10:47,-4.016139,-79.180066,Calle Quito,CON_LESIONADOS,Caida,Factores externos,69,LESIONADO,HOMBRE,CICLISTA,56,LESIONADO,MUJER,CICLISTA,,,,
2025-11-22 01:13:46,-4.006520,-79.188406,Av. Manuel Agustin Aguirre,CON_FALLECIDOS,Atropellamiento,Distraccion (celular/radio),39,FALLECIDO,HOMBRE,MOTOCICLETA,28,LESIONADO,MUJER,OTRO,7,LESIONADO,HOMBRE,PEATON
2025-05-28 10:23:32,-4.008880,-79.201604,Av. Pio Jaramillo,CON_FALLECIDOS,Choque Vehicular,Equipo de seguridad deficiente,64,FALLECIDO,MUJER,PEATON,78,FALLECIDO,NO_REGISTRA,CICLISTA,,,,
2025-02-15 05:49:37,-4.016357,-79.173593,Calle Imbabura,SOLO_DANOS,Volcamiento,Distraccion (celular/radio),,,,,,,,,,,,
2025-12-11 05:05:24,-3.985445,-79.225874,Ruta 35,CON_LESIONADOS,Choque Vehicular,Visibilidad reducida,74,LESIONADO,HOMBRE,CICLISTA,63,LESIONADO,HOMBRE,PEATON,79,LESIONADO,HOMBRE,PEATON
2025-06-26 16:39:24,-3.985282,-79.186317,Calle Bolivar,SOLO_DANOS,Volcamiento,Exceso de velocidad,,,,,,,,,,,,
2025-05-13 13:59:48,-4.021323,-79.186796,Calle Rocafuerte,CON_LESIONADOS,Caida,Estado de embriaguez,15,LESIONADO,NO_REGISTRA,OTRO,18,LESIONADO,MUJER,PEATON,,,,
2025-07-21 19:42:16,-4.024733,-79.228970,Av. Reinaldo Espinosa,SOLO_DANOS,Atropellamiento,Factores externos,,,,,,,,,,,,
2025-08-04 11:06:10,-4.010635,-79.201858,Av. Orillas del Zamora,CON_FALLECIDOS,Accidente Laboral,Estado de embriaguez,32,FALLECIDO,NO_REGISTRA,VEH_LIVIANO,35,LESIONADO,NO_REGISTRA,PEATON,39,LESIONADO,HOMBRE,PEATON
2025-11-09 15:54:00,-4.032409,-79.216834,Av. Orillas del Zamora,CON_FALLECIDOS,Choque Vehicular,Factores externos,48,FALLECIDO,NO_REGISTRA,VEH_LIVIANO,77,FALLECIDO,HOMBRE,CICLISTA,56,LESIONADO,NO_REGISTRA,VEH_LIVIANO
2025-03-18 08:56:49,-3.994083,-79.189981,Via Loja - Catamayo,SOLO_DANOS,Accidente Laboral,Imprudencia del conductor,,,,,,,,,,,,
2025-11-26 07:34:00,-4.020169,-79.176852,Av. Isidro Ayora,SOLO_DANOS,Choque Vehicular,Visibilidad reducida,,,,,,,,,,,,
2025-07-17 03:06:57,-4.010010,-79.185211,Ruta 35,CON_LESIONADOS,Colision Multiple,Factores externos,43,LESIONADO,MUJER,CICLISTA,8,LESIONADO,NO_REGISTRA,OTRO,,,,
2025-05-06 20:51:21,-3.987814,-79.220229,Via Loja - Catamayo,SOLO_DANOS,Atropellamiento,Fatiga del conductor,,,,,,,,,,,,
2025-04-02 17:02:20,-4.007935,-79.179132,Calle Bolivar,SOLO_DANOS,Accidente Laboral,Inobservancia de senales,,,,,,,,,,,,
2025-05-06 12:23:22,-4.034064,-79.202873,Av. Gran Colombia,CON_FALLECIDOS,Accidente Laboral,Inobservancia de senales,50,FALLECIDO,NO_REGISTRA,CICLISTA,41,LESIONADO,HOMBRE,SCOOTER,14,LESIONADO,HOMBRE,CICLISTA
2025-12-26 05:02:02,-4.035687,-79.200183,Calle Bolivar,CON_FALLECIDOS,Volcamiento,Imprudencia del conductor,78,FALLECIDO,MUJER,SCOOTER,54,FALLECIDO,NO_REGISTRA,VEH_LIVIANO,16,LESIONADO,HOMBRE,PEATON
2025-03-23 19:17:45,-3.993477,-79.197323,Av. Manuel Agustin Aguirre,SOLO_DANOS,Choque Vehicular,Falla mecanica,,,,,,,,,,,,
2025-06-26 01:56:35,-3.991901,-79.192925,Calle Azogues,CON_FALLECIDOS,Atropellamiento,Distraccion (celular/radio),47,FALLECIDO,NO_REGISTRA,VEH_LIVIANO,24,FALLECIDO,HOMBRE,MOTOCICLETA,67,LESIONADO,HOMBRE,MOTOCICLETA
2025-06-23 01:48:37,-3.988761,-79.212140,Calle Azogues,SOLO_DANOS,Colision Multiple,Exceso de velocidad,,,,,,,,,,,,
2025-10-22 17:16:02,-4.017604,-79.186167,Av. 8 de Diciembre,SOLO_DANOS,Choque Vehicular,Fatiga del conductor,,,,,,,,,,,,
2025-12-03 07:57:32,-4.034486,-79.221512,Calle Mercadillo,CON_FALLECIDOS,Caida,Imprudencia del conductor,44,FALLECIDO,HOMBRE,OTRO,75,FALLECIDO,HOMBRE,VEH_LIVIANO,13,LESIONADO,NO_REGISTRA,CICLISTA
2025-10-23 08:57:15,-4.034811,-79.181213,Calle Montufar,SOLO_DANOS,Caida,Estado de embriaguez,,,,,,,,,,,,
2025-11-03 09:38:06,-4.010132,-79.212397,Calle Quito,CON_FALLECIDOS,Atropellamiento,Estado de embriaguez,84,FALLECIDO,HOMBRE,MOTOCICLETA,,,,,,,,
2025-02-09 00:20:34,-3.983993,-79.196491,Av. Cuxibamba,CON_LESIONADOS,Volcamiento,Factores externos,10,LESIONADO,NO_REGISTRA,PEATON,62,LESIONADO,NO_REGISTRA,SCOOTER,37,LESIONADO,MUJER,CICLISTA
2025-06-16 13:26:30,-4.014418,-79.212520,Av. Pio Jaramillo,CON_FALLECIDOS,Incendio,Mal estado de la via,48,FALLECIDO,MUJER,OTRO,76,FALLECIDO,MUJER,PEATON,,,,
2025-04-07 10:48:48,-4.031121,-79.193501,Calle Mercadillo,CON_LESIONADOS,Caida,Estado de embriaguez,35,LESIONADO,MUJER,VEH_LIVIANO,,,,,,,,
2025-10-13 07:29:17,-4.004393,-79.213084,Calle Miguel Riofrio,CON_LESIONADOS,Volcamiento,Fatiga del conductor,17,LESIONADO,MUJER,MOTOCICLETA,19,LESIONADO,HOMBRE,SCOOTER,76,LESIONADO,MUJER,SCOOTER
2025-07-28 04:36:19,-3.977987,-79.188308,Av. Manuel Agustin Aguirre,SOLO_DANOS,Colision Multiple,Inobservancia de senales,,,,,,,,,,,,
2025-09-11 07:13:21,-3.992489,-79.193380,Av. Rosa Hermosa,CON_FALLECIDOS,Colision Multiple,Visibilidad reducida,53,FALLECIDO,NO_REGISTRA,MOTOCICLETA,,,,,,,,
2025-01-11 19:58:31,-4.025471,-79.195081,Calle Montufar,CON_FALLECIDOS,Incendio,Fatiga del conductor,18,FALLECIDO,NO_REGISTRA,PEATON,8,LESIONADO,HOMBRE,SCOOTER,33,LESIONADO,HOMBRE,CICLISTA
2025-04-14 14:01:49,-4.001531,-79.223590,Calle 10 de Agosto,CON_FALLECIDOS,Caida,Mal estado de la via,33,FALLECIDO,MUJER,CICLISTA,15,LESIONADO,HOMBRE,OTRO,71,LESIONADO,NO_REGISTRA,PEATON
2025-05-18 04:31:19,-4.013734,-79.205467,Av. Manuel Agustin Aguirre,CON_FALLECIDOS,Incendio,Imprudencia del conductor,73,FALLECIDO,MUJER,VEH_LIVIANO,,,,,,,,
2025-05-28 04:49:44,-4.023231,-79.193078,Calle Imbabura,SOLO_DANOS,Atropellamiento,Mal estado de la via,,,,,,,,,,,,
2025-11-29 14:49:39,-4.004675,-79.212538,Av. Metropolitana,CON_LESIONADOS,Volcamiento,Mal estado de la via,48,LESIONADO,NO_REGISTRA,PEATON,35,LESIONADO,NO_REGISTRA,CICLISTA,,,,