fecha_hora,latitud,longitud,via,grado_severidad,tipo_siniestro,causa_probable,victima1_edad,victima1_condicion,victima1_sexo,victima1_actor_vial,victima2_edad,victima2_condicion,victima2_sexo,victima2_actor_vial,victima3_edad,victima3_condicion,victima3_sexo,victima3_actor_vial
2025-07-16 08:25:08,-4.018124,-79.223707,Calle Montufar,SOLO_DANOS,Colision Multiple,Via resbaladiza o mojada,,,,,,,,,,,,
2025-10-15 05:33:01,-4.025468,-79.208002,Calle 18 de Noviembre,CON_LESIONADOS,Colision Multiple,Mal estado de la via,75,LESIONADO,MUJER,SCOOTER,,,,,,,,
2025-11-27 18:34:21,-4.032977,-79.176858,Calle Ramon Borrero,CON_FALLECIDOS,Accidente Laboral,Inobservancia de senales,80,FALLECIDO,MUJER,PEATON,10,LESIONADO,HOMBRE,PEATON,,,,
2025-06-03 07:42:04,-3.999844,-79.208065,Av. Cuxibamba,CON_FALLECIDOS,Incendio,Mal estado de la via,20,FALLECIDO,NO_REGISTRA,OTRO,,,,,,,,
2025-02-03 20:55:29,-4.023168,-79.230666,Calle Rocafuerte,CON_FALLECIDOS,Colision Multiple,Falla mecanica,34,FALLECIDO,MUJER,MOTOCICLETA,27,FALLECIDO,HOMBRE,SCOOTER,47,LESIONADO,MUJER,OTRO
2025-02-21 14:09:55,-4.027389,-79.215592,Calle Azogues,CON_FALLECIDOS,Incendio,Visibilidad reducida,40,FALLECIDO,NO_REGISTRA,MOTOCICLETA,25,FALLECIDO,HOMBRE,OTRO,54,LESIONADO,HOMBRE,PEATON
2025-05-02 14:32:08,-3.978557,-79.203257,Calle Colon,CON_FALLECIDOS,Colision Multiple,Exceso de velocidad,76,FALLECIDO,NO_REGISTRA,PEATON,40,LESIONADO,HOMBRE,OTRO,72,LESIONADO,MUJER,MOTOCICLETA
2025-03-17 05:41:27,-4.000017,-79.200272,Ruta 35,CON_FALLECIDOS,Atropellamiento,Mal estado de la via,24,FALLECIDO,MUJER,PEATON,45,FALLECIDO,HOMBRE,SCOOTER,,,,
2025-01-09 10:08:15,-3.986718,-79.230306,Calle Miguel Riofrio,CON_FALLECIDOS,Accidente Laboral,Estado de embriaguez,62,FALLECIDO,NO_REGISTRA,SCOOTER,,,,,,,,
2025-06-21 07:10:08,-3.989420,-79.194494,Calle Colon,SOLO_DANOS,Caida,Via resbaladiza o mojada,,,,,,,,,,,,
2025-06-05 20:05:00,-4.025931,-79.175449,Via Loja - Catamayo,CON_LESIONADOS,Volcamiento,Inobservancia de senales,62,LESIONADO,NO_REGISTRA,CICLISTA,12,LESIONADO,NO_REGISTRA,VEH_LIVIANO,6,LESIONADO,HOMBRE,SCOOTER
2025-07-03 01:35:04,-4.021311,-79.191262,Av. Cuxibamba,SOLO_DANOS,Choque Vehicular,Visibilidad reducida,,,,,,,,,,,,
2025-07-08 06:55:51,-3.984398,-79.214159,Av. Cuxibamba,SOLO_DANOS,Colision Multiple,Inobservancia de senales,,,,,,,,,,,,
2025-07-04 23:31:26,-4.023758,-79.197501,Calle Quito,CON_LESIONADOS,Choque Vehicular,Fatiga del conductor,43,LESIONADO,HOMBRE,PEATON,41,LESIONADO,HOMBRE,CICLISTA,33,LESIONADO,HOMBRE,SCOOTER
2025-08-07 12:46:13,-4.010893,-79.229759,Av. 8 de Diciembre,CON_LESIONADOS,Caida,Equipo de seguridad deficiente,22,LESIONADO,NO_REGISTRA,PEATON,21,LESIONADO,MUJER,PEATON,32,LESIONADO,MUJER,CICLISTA
2025-02-08 02:29:13,-4.030750,-79.221209,Calle Sucre,CON_FALLECIDOS,Accidente Laboral,Estado de embriaguez,69,FALLECIDO,MUJER,OTRO,,,,,,,,
2025-09-27 15:26:34,-4.013100,-79.182492,Via Loja - Catamayo,SOLO_DANOS,Choque Vehicular,Visibilidad reducida,,,,,,,,,,,,
2025-06-25 21:20:27,-3.997081,-79.186829,Av. Manuel Agustin Aguirre,SOLO_DANOS,Incendio,Via resbaladiza o mojada,,,,,,,,,,,,
2025-06-03 14:32:21,-3.988895,-79.219212,Calle 10 de Agosto,SOLO_DANOS,Volcamiento,Imprudencia del conductor,,,,,,,,,,,,
2025-04-13 11:31:58,-3.992860,-79.182607,Av. Isidro Ayora,SOLO_DANOS,Incendio,Equipo de seguridad deficiente,,,,,,,,,,,,
2025-07-13 01:23:04,-4.032821,-79.186850,Via Loja - Zamora,CON_LESIONADOS,Incendio,Inobservancia de senales,10,LESIONADO,HOMBRE,SCOOTER,50,LESIONADO,HOMBRE,CICLISTA,,,,
2025-10-16 11:05:37,-4.001731,-79.184610,Calle Mercadillo,CON_FALLECIDOS,Caida,Exceso de velocidad,43,FALLECIDO,HOMBRE,SCOOTER,52,FALLECIDO,NO_REGISTRA,SCOOTER,,,,
2025-06-07 08:08:41,-4.019994,-79.224299,Calle 10 de Agosto,CON_FALLECIDOS,Incendio,Inobservancia de senales,80,FALLECIDO,NO_REGISTRA,CICLISTA,,,,,,,,
2025-06-22 11:22:01,-4.022008,-79.190136,Via Loja - Zamora,CON_LESIONADOS,Choque Vehicular,Inobservancia de senales,67,LESIONADO,NO_REGISTRA,PEATON,76,LESIONADO,HOMBRE,CICLISTA,7,LESIONADO,MUJER,SCOOTER
2025-08-31 15:03:40,-3.979723,-79.203419,Calle Saraguro,SOLO_DANOS,Choque Vehicular,Distraccion (celular/radio),,,,,,,,,,,,
2025-06-05 17:56:45,-4.016127,-79.221914,Calle Mercadillo,SOLO_DANOS,Choque Vehicular,Estado de embriaguez,,,,,,,,,,,,
2025-01-09 06:12:38,-4.026126,-79.191419,Calle Miguel Riofrio,CON_LESIONADOS,Volcamiento,Equipo de seguridad deficiente,58,LESIONADO,MUJER,SCOOTER,16,LESIONADO,NO_REGISTRA,PEATON,68,LESIONADO,HOMBRE,VEH_LIVIANO
2025-07-29 15:34:50,-4.031550,-79.173864,Av. 8 de Diciembre,CON_LESIONADOS,Colision Multiple,Falla mecanica,48,LESIONADO,NO_REGISTRA,CICLISTA,80,LESIONADO,MUJER,MOTOCICLETA,73,LESIONADO,MUJER,SCOOTER
2025-05-16 03:45:05,-4.006474,-79.172270,Via Loja - Zamora,CON_LESIONADOS,Choque Vehicular,Factores externos,5,LESIONADO,MUJER,CICLISTA,50,LESIONADO,NO_REGISTRA,OTRO,63,LESIONADO,MUJER,SCOOTER
2025-03-05 08:32:24,-4.000192,-79.226148,Calle 18 de Noviembre,CON_FALLECIDOS,Caida,Via resbaladiza o mojada,67,FALLECIDO,HOMBRE,PEATON,54,FALLECIDO,MUJER,VEH_LIVIANO,,,,
2025-04-04 09:34:55,-3.983553,-79.199188,Av. 8 de Diciembre,CON_FALLECIDOS,Colision Multiple,Visibilidad reducida,83,FALLECIDO,MUJER,MOTOCICLETA,64,LESIONADO,NO_REGISTRA,MOTOCICLETA,,,,
2025-02-11 03:49:50,-4.006765,-79.201379,Calle Mercadillo,CON_FALLECIDOS,Incendio,Exceso de velocidad,82,FALLECIDO,MUJER,PEATON,35,FALLECIDO,NO_REGISTRA,MOTOCICLETA,78,LESIONADO,MUJER,MOTOCICLETA
2025-06-03 13:15:36,-3.979537,-79.221988,Calle Ramon Borrero,CON_LESIONADOS,Incendio,Inobservancia de senales,80,LESIONADO,MUJER,SCOOTER,,,,,,,,
2025-04-23 19:57:59,-3.992015,-79.214930,Calle Bolivar,CON_FALLECIDOS,Caida,Estado de embriaguez,25,FALLECIDO,MUJER,OTRO,24,FALLECIDO,MUJER,PEATON,12,LESIONADO,MUJER,VEH_LIVIANO
2025-08-19 18:53:03,-4.019617,-79.210230,Av. Gran Colombia,CON_FALLECIDOS,Volcamiento,Inobservancia de senales,73,FALLECIDO,NO_REGISTRA,OTRO,81,FALLECIDO,HOMBRE,PEATON,50,LESIONADO,HOMBRE,CICLISTA
2025-01-29 18:56:36,-4.016167,-79.221907,Calle Ramon Borrero,CON_FALLECIDOS,Incendio,Visibilidad reducida,54,FALLECIDO,MUJER,OTRO,68,LESIONADO,HOMBRE,VEH_LIVIANO,47,LESIONADO,MUJER,OTRO
2025-08-10 05:06:52,-4.035845,-79.180776,Calle Sucre,CON_LESIONADOS,Choque Vehicular,Factores externos,38,LESIONADO,HOMBRE,PEATON,71,LESIONADO,NO_REGISTRA,CICLISTA,,,,
2025-02-04 05:33:58,-4.031862,-79.212049,Av. Pio Jaramillo,SOLO_DANOS,Caida,Factores externos,,,,,,,,,,,,
2025-01-27 18:48:47,-4.010483,-79.220123,Av. Metropolitana,SOLO_DANOS,Atropellamiento,Visibilidad reducida,,,,,,,,,,,,
2025-07-11 03:25:35,-3.990365,-79.190508,Av. Metropolitana,CON_LESIONADOS,Incendio,Visibilidad reducida,36,LESIONADO,HOMBRE,OTRO,10,LESIONADO,NO_REGISTRA,SCOOTER,41,LESIONADO,HOMBRE,MOTOCICLETA
2025-10-07 00:55:10,-3.996735,-79.218485,Calle Sucre,SOLO_DANOS,Accidente Laboral,Factores externos,,,,,,,,,,,,
2025-03-03 15:06:21,-4.007049,-79.214351,Calle Bolivar,CON_FALLECIDOS,Atropellamiento,Visibilidad reducida,35,FALLECIDO,HOMBRE,MOTOCICLETA,38,LESIONADO,HOMBRE,OTRO,,,,
2025-03-09 08:26:44,-4.005490,-79.185389,Av. Universitaria,SOLO_DANOS,Incendio,Via resbaladiza o mojada,,,,,,,,,,,,
2025-08-09 07:44:35,-4.013094,-79.188565,Calle Imbabura,CON_LESIONADOS,Volcamiento,Visibilidad reducida,30,LESIONADO,MUJER,VEH_LIVIANO,11,LESIONADO,NO_REGISTRA,MOTOCICLETA,65,LESIONADO,HOMBRE,CICLISTA
2025-10-15 01:15:19,-4.033455,-79.185720,Calle Montufar,CON_LESIONADOS,Accidente Laboral,Inobservancia de senales,38,LESIONADO,MUJER,OTRO,45,LESIONADO,NO_REGISTRA,MOTOCICLETA,25,LESIONADO,MUJER,CICLISTA
2025-11-25 05:12:39,-4.028926,-79.178089,Calle Quito,CON_LESIONADOS,Caida,Distraccion (celular/radio),24,LESIONADO,HOMBRE,PEATON,,,,,,,,
2025-10-20 14:43:22,-4.006196,-79.186443,Av. Reinaldo Espinosa,CON_LESIONADOS,Atropellamiento,Equipo de seguridad deficiente,63,LESIONADO,NO_REGISTRA,SCOOTER,18,LESIONADO,NO_REGISTRA,MOTOCICLETA,,,,
2025-07-06 05:33:41,-3.999142,-79.220709,Calle Imbabura,CON_FALLECIDOS,Accidente Laboral,Exceso de velocidad,66,FALLECIDO,MUJER,OTRO,58,LESIONADO,NO_REGISTRA,MOTOCICLETA,6,LESIONADO,NO_REGISTRA,PEATON
2025-07-21 11:43:23,-4.035308,-79.179029,Av. 8 de Diciembre,CON_FALLECIDOS,Volcamiento,Via resbaladiza o mojada,55,FALLECIDO,MUJER,CICLISTA,48,FALLECIDO,NO_REGISTRA,PEATON,43,LESIONADO,NO_REGISTRA,PEATON
2025-11-21 04:22:30,-3.990953,-79.194113,Calle 18 de Noviembre,CON_FALLECIDOS,Atropellamiento,Via resbaladiza o mojada,61,FALLECIDO,HOMBRE,MOTOCICLETA,43,FALLECIDO,MUJER,VEH_LIVIANO,46,LESIONADO,MUJER,PEATON
2025-01-10 15:31:38,-4.027403,-79.201538,Calle Mercadillo,CON_LESIONADOS,Atropellamiento,Estado de embriaguez,71,LESIONADO,HOMBRE,CICLISTA,,,,,,,,
2025-03-14 17:30:35,-3.980302,-79.204006,Av. 8 de Diciembre,CON_FALLECIDOS,Volcamiento,Equipo de seguridad deficiente,53,FALLECIDO,MUJER,MOTOCICLETA,76,FALLECIDO,NO_REGISTRA,VEH_LIVIANO,37,LESIONADO,HOMBRE,VEH_LIVIANO
2025-05-27 14:19:41,-3.998888,-79.186279,Calle Imbabura,CON_LESIONADOS,Volcamiento,Equipo de seguridad deficiente,49,LESIONADO,HOMBRE,OTRO,12,LESIONADO,NO_REGISTRA,SCOOTER,63,LESIONADO,NO_REGISTRA,OTRO
2025-04-16 23:57:41,-4.013417,-79.213345,Calle Bolivar,SOLO_DANOS,Choque Vehicular,Inobservancia de senales,,,,,,,,,,,,
2025-11-19 07:17:25,-4.035418,-79.211290,Ruta 35,SOLO_DANOS,Colision Multiple,Via resbaladiza o mojada,,,,,,,,,,,,
2025-10-08 20:33:37,-4.005838,-79.214598,Ruta 35,CON_LESIONADOS,Atropellamiento,Exceso de velocidad,27,LESIONADO,MUJER,MOTOCICLETA,,,,,,,,
2025-09-02 02:01:53,-4.035492,-79.173161,Calle Mercadillo,CON_LESIONADOS,Accidente Laboral,Estado de embriaguez,29,LESIONADO,NO_REGISTRA,SCOOTER,79,LESIONADO,MUJER,MOTOCICLETA,,,,
2025-01-12 21:03:20,-3.978936,-79.197044,Av. Reinaldo Espinosa,CON_FALLECIDOS,Volcamiento,Inobservancia de senales,84,FALLECIDO,HOMBRE,MOTOCICLETA,82,FALLECIDO,HOMBRE,PEATON,55,LESIONADO,NO_REGISTRA,OTRO
2025-02-12 12:17:37,-3.986600,-79.216102,Calle Mercadillo,CON_LESIONADOS,Volcamiento,Fatiga del conductor,19,LESIONADO,NO_REGISTRA,PEATON,8,LESIONADO,NO_REGISTRA,PEATON,73,LESIONADO,NO_REGISTRA,MOTOCICLETA
2025-02-06 17:25:58,-3.986882,-79.225122,Av. Isidro Ayora,CON_FALLECIDOS,Volcamiento,Inobservancia de senales,63,FALLECIDO,NO_REGISTRA,OTRO,39,LESIONADO,HOMBRE,CICLISTA,68,LESIONADO,NO_REGISTRA,SCOOTER
2025-06-04 13:13:17,-4.028440,-79.214997,Av. Gran Colombia,CON_FALLECIDOS,Accidente Laboral,Visibilidad reducida,20,FALLECIDO,NO_REGISTRA,OTRO,38,FALLECIDO,HOMBRE,OTRO,79,LESIONADO,NO_REGISTRA,SCOOTER
2025-04-27 20:59:34,-4.000228,-79.197665,Av. Cuxibamba,CON_LESIONADOS,Incendio,Imprudencia del conductor,78,LESIONADO,MUJER,CICLISTA,60,LESIONADO,HOMBRE,OTRO,61,LESIONADO,HOMBRE,PEATON
2025-03-31 18:34:18,-3.977209,-79.197469,Calle 10 de Agosto,CON_FALLECIDOS,Volcamiento,Falla mecanica,44,FALLECIDO,MUJER,CICLISTA,,,,,,,,
2025-11-06 02:58:27,-3.982391,-79.190365,Av. Manuel Agustin Aguirre,SOLO_DANOS,Accidente Laboral,Factores externos,,,,,,,,,,,,
2025-08-04 04:55:51,-3.998001,-79.194078,Calle Saraguro,CON_LESIONADOS,Choque Vehicular,Equipo de seguridad deficiente,67,LESIONADO,HOMBRE,MOTOCICLETA,8,LESIONADO,MUJER,SCOOTER,,,,
2025-04-05 01:14:04,-4.006012,-79.199912,Av. 8 de Diciembre,CON_LESIONADOS,Choque Vehicular,Imprudencia del conductor,31,LESIONADO,NO_REGISTRA,VEH_LIVIANO,36,LESIONADO,HOMBRE,PEATON,,,,
2025-01-06 08:30:05,-3.995998,-79.179813,Av. Manuel Agustin Aguirre,CON_LESIONADOS,Volcamiento,Fatiga del conductor,8,LESIONADO,MUJER,CICLISTA,76,LESIONADO,NO_REGISTRA,VEH_LIVIANO,,,,
2025-09-19 01:12:58,-3.992268,-79.196073,Calle Mercadillo,CON_LESIONADOS,Choque Vehicular,Equipo de seguridad deficiente,77,LESIONADO,NO_REGISTRA,SCOOTER,29,LESIONADO,NO_REGISTRA,MOTOCICLETA,25,LESIONADO,MUJER,VEH_LIVIANO
2025-12-23 00:05:20,-4.018560,-79.183843,Calle Rocafuerte,CON_LESIONADOS,Volcamiento,Visibilidad reducida,15,LESIONADO,HOMBRE,PEATON,45,LESIONADO,HOMBRE,SCOOTER,,,,
2025-11-07 08:32:04,-4.035497,-79.192770,Av. Cuxibamba,CON_FALLECIDOS,Caida,Visibilidad reducida,51,FALLECIDO,MUJER,VEH_LIVIANO,81,FALLECIDO,NO_REGISTRA,SCOOTER,,,,
2025-08-05 19:43:33,-4.029808,-79.214914,Calle Ramon Borrero,CON_LESIONADOS,Choque Vehicular,Visibilidad reducida,50,LESIONADO,MUJER,PEATON,72,LESIONADO,MUJER,MOTOCICLETA,67,LESIONADO,MUJER,SCOOTER
2025-01-05 00:54:56,-3.987445,-79.178595,Calle Miguel Riofrio,CON_FALLECIDOS,Atropellamiento,Factores externos,78,FALLECIDO,MUJER,PEATON,33,FALLECIDO,NO_REGISTRA,PEATON,72,LESIONADO,NO_REGISTRA,MOTOCICLETA
2025-04-05 18:02:40,-3.994049,-79.191353,Calle Montufar,CON_LESIONADOS,Incendio,Visibilidad reducida,43,LESIONADO,NO_REGISTRA,CICLISTA,44,LESIONADO,MUJER,VEH_LIVIANO,,,,
2025-06-14 07:39:06,-4.029702,-79.204149,Av. 8 de Diciembre,CON_FALLECIDOS,Colision Multiple,Fatiga del conductor,76,FALLECIDO,HOMBRE,SCOOTER,77,LESIONADO,NO_REGISTRA,CICLISTA,,,,
2025-09-08 06:11:12,-4.016959,-79.198582,Via Loja - Catamayo,CON_FALLECIDOS,Volcamiento,Equipo de seguridad deficiente,56,FALLECIDO,MUJER,SCOOTER,30,FALLECIDO,NO_REGISTRA,SCOOTER,78,LESIONADO,NO_REGISTRA,CICLISTA
2025-10-14 01:54:02,-4.020995,-79.185507,Ruta 35,CON_FALLECIDOS,Colision Multiple,Factores externos,50,FALLECIDO,HOMBRE,OTRO,18,FALLECIDO,MUJER,MOTOCICLETA,60,LESIONADO,NO_REGISTRA,SCOOTER
2025-10-11 07:54:58,-3.989856,-79.215984,Av. 8 de Diciembre,CON_FALLECIDOS,Choque Vehicular,Mal estado de la via,70,FALLECIDO,HOMBRE,MOTOCICLETA,38,FALLECIDO,HOMBRE,VEH_LIVIANO,36,LESIONADO,MUJER,PEATON
2025-03-30 07:07:36,-4.031014,-79.172748,Av. Gran Colombia,CON_LESIONADOS,Atropellamiento,Inobservancia de senales,34,LESIONADO,NO_REGISTRA,MOTOCICLETA,,,,,,,,
2025-03-02 13:47:16,-3.982930,-79.216833,Av. Rosa Hermosa,CON_LESIONADOS,Incendio,Via resbaladiza o mojada,77,LESIONADO,HOMBRE,OTRO,62,LESIONADO,MUJER,MOTOCICLETA,,,,
2025-06-13 15:45:23,-3.985950,-79.182403,Av. 8 de Diciembre,CON_LESIONADOS,Caida,Equipo de seguridad deficiente,17,LESIONADO,NO_REGISTRA,VEH_LIVIANO,,,,,,,,
2025-05-27 11:09:18,-3.992303,-79.183394,Av. Cuxibamba,CON_LESIONADOS,Caida,Mal estado de la via,46,LESIONADO,MUJER,VEH_LIVIANO,20,LESIONADO,HOMBRE,OTRO,,,,
2025-04-29 21:38:44,-4.033943,-79.226483,Calle Imbabura,SOLO_DANOS,Incendio,Exceso de velocidad,,,,,,,,,,,,
2025-11-10 00:48:37,-3.985835,-79.211748,Av. Isidro Ayora,CON_LESIONADOS,Incendio,Distraccion (celular/radio),46,LESIONADO,NO_REGISTRA,MOTOCICLETA,75,LESIONADO,NO_REGISTRA,MOTOCICLETA,,,,
2025-04-25 00:21:11,-3.993397,-79.197777,Calle 18 de Noviembre,CON_FALLECIDOS,Accidente Laboral,Inobservancia de senales,70,FALLECIDO,HOMBRE,OTRO,80,LESIONADO,HOMBRE,CICLISTA,9,LESIONADO,HOMBRE,PEATON
2025-02-27 03:12:33,-4.015793,-79.213506,Calle Mercadillo,SOLO_DANOS,Atropellamiento,Estado de embriaguez,,,,,,,,,,,,
2025-08-25 19:14:49,-4.023276,-79.230318,Calle 18 de Noviembre,CON_LESIONADOS,Volcamiento,Visibilidad reducida,22,LESIONADO,MUJER,VEH_LIVIANO,,,,,,,,
2025-08-28 07:19:38,-4.034006,-79.224783,Via Loja - Catamayo,CON_FALLECIDOS,Caida,Imprudencia del conductor,72,FALLECIDO,NO_REGISTRA,SCOOTER,66,FALLECIDO,HOMBRE,MOTOCICLETA,,,,
2025-02-18 22:08:36,-4.033997,-79.179969,Calle Azogues,SOLO_DANOS,Atropellamiento,Distraccion (celular/radio),,,,,,,,,,,,
2025-01-29 23:45:01,-4.023754,-79.191223,Calle Ramon Borrero,SOLO_DANOS,Choque Vehicular,Distraccion (celular/radio),,,,,,,,,,,,
2025-08-09 18:12:17,-4.005057,-79.175135,Calle Sucre,CON_LESIONADOS,Choque Vehicular,Fatiga del conductor,77,LESIONADO,NO_REGISTRA,SCOOTER,53,LESIONADO,MUJER,SCOOTER,,,,
2025-06-02 04:52:54,-4.005142,-79.177027,Av. Manuel Agustin Aguirre,CON_FALLECIDOS,Caida,Factores externos,53,FALLECIDO,NO_REGISTRA,OTRO,14,LESIONADO,HOMBRE,OTRO,47,LESIONADO,MUJER,PEATON
2025-09-18 20:24:14,-4.015439,-79.212612,Calle Quito,CON_LESIONADOS,Choque Vehicular,Equipo de seguridad deficiente,24,LESIONADO,NO_REGISTRA,OTRO,27,LESIONADO,HOMBRE,PEATON,61,LESIONADO,MUJER,OTRO
2025-01-15 04:37:00,-4.019021,-79.193636,Av. Universitaria,CON_LESIONADOS,Caida,Visibilidad reducida,47,LESIONADO,MUJER,PEATON,59,LESIONADO,NO_REGISTRA,PEATON,,,,
2025-02-04 18:54:11,-3.980549,-79.214948,Calle Imbabura,CON_FALLECIDOS,Accidente Laboral,Visibilidad reducida,27,FALLECIDO,HOMBRE,CICLISTA,13,LESIONADO,MUJER,MOTOCICLETA,,,,
2025-01-13 14:05:26,-3.978978,-79.171659,Av. Gran Colombia,CON_LESIONADOS,Choque Vehicular,Estado de embriaguez,23,LESIONADO,MUJER,OTRO,,,,,,,,
2025-04-30 03:52:17,-3.991342,-79.177342,Av. Metropolitana,SOLO_DANOS,Incendio,Estado de embriaguez,,,,,,,,,,,,
2025-12-21 14:30:41,-4.010879,-79.183638,Calle Quito,CON_LESIONADOS,Accidente Laboral,Fatiga del conductor,18,LESIONADO,MUJER,OTRO,,,,,,,,
2025-12-15 19:06:52,-4.009841,-79.188152,Ruta 35,CON_LESIONADOS,Volcamiento,Exceso de velocidad,44,LESIONADO,MUJER,SCOOTER,26,LESIONADO,HOMBRE,OTRO,,,,
2025-08-02 05:11:22,-3.980348,-79.189225,Av. Orillas del Zamora,CON_LESIONADOS,Incendio,Falla mecanica,24,LESIONADO,MUJER,OTRO,,,,,,,,
2025-10-31 12:40:20,-3.981244,-79.179550,Av. Rosa Hermosa,CON_FALLECIDOS,Colision Multiple,Distraccion (celular/radio),59,FALLECIDO,HOMBRE,MOTOCICLETA,,,,,,,,
2025-06-23 12:01:37,-3.997853,-79.226570,Ruta 35,CON_LESIONADOS,Choque Vehicular,Fatiga del conductor,25,LESIONADO,NO_REGISTRA,VEH_LIVIANO,16,LESIONADO,NO_REGISTRA,CICLISTA,,,,
2025-07-09 01:30:29,-4.019393,-79.216658,Av. Metropolitana,CON_LESIONADOS,Accidente Laboral,Falla mecanica,57,LESIONADO,NO_REGISTRA,OTRO,,,,,,,,
2025-07-01 11:41:57,-3.988035,-79.181338,Calle 10 de Agosto,CON_LESIONADOS,Accidente Laboral,Factores externos,14,LESIONADO,MUJER,OTRO,68,LESIONADO,HOMBRE,MOTOCICLETA,76,LESIONADO,HOMBRE,VEH_LIVIANO
2025-01-28 17:42:32,-4.020352,-79.192196,Calle Miguel Riofrio,SOLO_DANOS,Caida,Visibilidad reducida,,,,,,,,,,,,
2025-11-25 18:01:44,-3.990069,-79.220360,Av. Gran Colombia,CON_FALLECIDOS,Accidente Laboral,Imprudencia del conductor,78,FALLECIDO,HOMBRE,CICLISTA,41,FALLECIDO,HOMBRE,MOTOCICLETA,9,LESIONADO,MUJER,MOTOCICLETA
2025-10-21 03:16:21,-4.007253,-79.176203,Av. Rosa Hermosa,CON_LESIONADOS,Incendio,Mal estado de la via,39,LESIONADO,MUJER,VEH_LIVIANO,,,,,,,,
2025-04-18 19:12:27,-4.035485,-79.202559,Calle Montufar,CON_LESIONADOS,Atropellamiento,Equipo de seguridad deficiente,78,LESIONADO,MUJER,MOTOCICLETA,27,LESIONADO,MUJER,VEH_LIVIANO,,,,
2025-07-11 16:16:07,-4.011165,-79.205292,Calle 18 de Noviembre,SOLO_DANOS,Atropellamiento,Factores externos,,,,,,,,,,,,
2025-06-01 06:34:05,-3.985361,-79.204056,Av. Universitaria,CON_FALLECIDOS,Colision Multiple,Estado de embriaguez,58,FALLECIDO,NO_REGISTRA,MOTOCICLETA,28,FALLECIDO,NO_REGISTRA,MOTOCICLETA,,,,
2025-03-29 23:48:03,-4.013867,-79.212519,Calle Saraguro,CON_LESIONADOS,Colision Multiple,Falla mecanica,56,LESIONADO,HOMBRE,VEH_LIVIANO,27,LESIONADO,HOMBRE,CICLISTA,,,,
2025-06-09 18:16:08,-4.022687,-79.181069,Av. Reinaldo Espinosa,CON_FALLECIDOS,Atropellamiento,Via resbaladiza o mojada,19,FALLECIDO,HOMBRE,SCOOTER,45,LESIONADO,NO_REGISTRA,OTRO,,,,
2025-09-03 03:59:06,-3.981286,-79.221337,Calle Sucre,SOLO_DANOS,Caida,Distraccion (celular/radio),,,,,,,,,,,,
2025-10-22 02:24:59,-4.019259,-79.207716,Calle Imbabura,CON_FALLECIDOS,Volcamiento,Imprudencia del conductor,52,FALLECIDO,NO_REGISTRA,CICLISTA,83,FALLECIDO,NO_REGISTRA,SCOOTER,78,LESIONADO,NO_REGISTRA,PEATON
2025-01-29 20:36:36,-3.990910,-79.209446,Av. Reinaldo Espinosa,CON_FALLECIDOS,Atropellamiento,Mal estado de la via,35,FALLECIDO,MUJER,SCOOTER,73,LESIONADO,MUJER,PEATON,,,,
2025-05-18 08:34:31,-4.036032,-79.218539,Calle Ramon Borrero,CON_FALLECIDOS,Caida,Falla mecanica,35,FALLECIDO,MUJER,PEATON,45,FALLECIDO,NO_REGISTRA,MOTOCICLETA,,,,
2025-07-20 08:26:49,-4.024766,-79.178972,Av. Pio Jaramillo,SOLO_DANOS,Volcamiento,Inobservancia de senales,,,,,,,,,,,,
2025-03-15 10:51:32,-3.979334,-79.209847,Calle Ramon Borrero,CON_FALLECIDOS,Incendio,Exceso de velocidad,25,FALLECIDO,HOMBRE,PEATON,65,LESIONADO,NO_REGISTRA,VEH_LIVIANO,15,LESIONADO,HOMBRE,OTRO
2025-04-19 13:04:02,-3.997910,-79.175128,Av. Orillas del Zamora,CON_FALLECIDOS,Colision Multiple,Via resbaladiza o mojada,30,FALLECIDO,MUJER,PEATON,75,LESIONADO,MUJER,SCOOTER,47,LESIONADO,NO_REGISTRA,OTRO
2025-01-31 20:48:11,-4.026791,-79.208979,Av. Universitaria,CON_FALLECIDOS,Choque Vehicular,Equipo de seguridad deficiente,51,FALLECIDO,HOMBRE,PEATON,67,LESIONADO,NO_REGISTRA,SCOOTER,,,,
2025-07-17 09:25:20,-4.007004,-79.193792,Av. Isidro Ayora,CON_LESIONADOS,Choque Vehicular,Distraccion (celular/radio),22,LESIONADO,NO_REGISTRA,VEH_LIVIANO,60,LESIONADO,HOMBRE,OTRO,10,LESIONADO,NO_REGISTRA,SCOOTER
2025-09-29 05:19:27,-4.020950,-79.220719,Calle Azogues,CON_LESIONADOS,Colision Multiple,Visibilidad reducida,53,LESIONADO,HOMBRE,MOTOCICLETA,12,LESIONADO,NO_REGISTRA,CICLISTA,,,,
2025-05-22 10:03:10,-3.981144,-79.230287,Av. Isidro Ayora,CON_FALLECIDOS,Accidente Laboral,Equipo de seguridad deficiente,68,FALLECIDO,NO_REGISTRA,VEH_LIVIANO,52,LESIONADO,NO_REGISTRA,MOTOCICLETA,43,LESIONADO,MUJER,SCOOTER
2025-03-20 07:05:56,-3.992910,-79.172124,Ruta 35,CON_FALLECIDOS,Accidente Laboral,Falla mecanica,60,FALLECIDO,HOMBRE,MOTOCICLETA,75,FALLECIDO,HOMBRE,MOTOCICLETA,45,LESIONADO,MUJER,VEH_LIVIANO
2025-02-04 08:05:06,-4.032039,-79.211361,Calle Quito,SOLO_DANOS,Caida,Via resbaladiza o mojada,,,,,,,,,,,,