fecha_hora,latitud,longitud,via,grado_severidad,tipo_siniestro,causa_probable,victima1_edad,victima1_condicion,victima1_sexo,victima1_actor_vial,victima2_edad,victima2_condicion,victima2_sexo,victima2_actor_vial,victima3_edad,victima3_condicion,victima3_sexo,victima3_actor_vial
2025-03-08 16:10:44,-4.028974,-79.212706,Av. Orillas del Zamora,CON_FALLECIDOS,Volcamiento,Imprudencia del conductor,19,FALLECIDO,MUJER,VEH_LIVIANO,70,FALLECIDO,NO_REGISTRA,CICLISTA,,,,
2025-04-10 09:36:20,-4.004253,-79.210818,Calle Imbabura,SOLO_DANOS,Caida,Imprudencia del conductor,,,,,,,,,,,,
2025-03-03 00:06:56,-4.009045,-79.178974,Calle Colon,CON_FALLECIDOS,Atropellamiento,Estado de embriaguez,76,FALLECIDO,HOMBRE,VEH_LIVIANO,27,FALLECIDO,MUJER,PEATON,,,,
2025-11-06 03:45:10,-4.007618,-79.172837,Calle Sucre,CON_LESIONADOS,Caida,Via resbaladiza o mojada,13,LESIONADO,NO_REGISTRA,SCOOTER,42,LESIONADO,HOMBRE,OTRO,,,,
2025-12-27 12:51:17,-3.978411,-79.227277,Av. Metropolitana,SOLO_DANOS,Incendio,Inobservancia de senales,,,,,,,,,,,,
2025-08-29 20:33:21,-4.022318,-79.209824,Via Loja - Catamayo,CON_LESIONADOS,Choque Vehicular,Exceso de velocidad,18,LESIONADO,MUJER,MOTOCICLETA,14,LESIONADO,HOMBRE,VEH_LIVIANO,,,,
2025-12-27 01:42:05,-3.999295,-79.176131,Calle Ramon Borrero,CON_LESIONADOS,Atropellamiento,Equipo de seguridad deficiente,53,LESIONADO,MUJER,SCOOTER,,,,,,,,
2025-02-01 15:33:38,-4.000445,-79.219747,Av. Rosa Hermosa,CON_LESIONADOS,Volcamiento,Mal estado de la via,68,LESIONADO,HOMBRE,OTRO,12,LESIONADO,HOMBRE,OTRO,80,LESIONADO,MUJER,CICLISTA
2025-07-13 10:38:35,-4.032602,-79.180929,Av. Cuxibamba,CON_FALLECIDOS,Incendio,Via resbaladiza o mojada,84,FALLECIDO,MUJER,SCOOTER,45,LESIONADO,NO_REGISTRA,MOTOCICLETA,62,LESIONADO,NO_REGISTRA,MOTOCICLETA
2025-01-31 08:23:29,-4.032725,-79.182016,Av. Manuel Agustin Aguirre,SOLO_DANOS,Incendio,Imprudencia del conductor,,,,,,,,,,,,
2025-08-28 19:27:06,-4.011202,-79.223924,Av. Rosa Hermosa,CON_LESIONADOS,Accidente Laboral,Inobservancia de senales,53,LESIONADO,NO_REGISTRA,VEH_LIVIANO,39,LESIONADO,NO_REGISTRA,PEATON,41,LESIONADO,HOMBRE,OTRO
2025-11-23 12:47:54,-4.023084,-79.222228,Av. Isidro Ayora,CON_LESIONADOS,Choque Vehicular,Visibilidad reducida,61,LESIONADO,HOMBRE,OTRO,,,,,,,,
2025-06-25 05:44:34,-4.028972,-79.214132,Av. Gran Colombia,SOLO_DANOS,Caida,Falla mecanica,,,,,,,,,,,,
2025-06-13 11:59:04,-4.023925,-79.198778,Calle Sucre,CON_LESIONADOS,Accidente Laboral,Estado de embriaguez,31,LESIONADO,HOMBRE,CICLISTA,64,LESIONADO,MUJER,MOTOCICLETA,,,,
2025-01-26 15:44:46,-4.004867,-79.219768,Av. Metropolitana,CON_FALLECIDOS,Accidente Laboral,Visibilidad reducida,72,FALLECIDO,NO_REGISTRA,CICLISTA,28,LESIONADO,NO_REGISTRA,VEH_LIVIANO,67,LESIONADO,NO_REGISTRA,SCOOTER
2025-05-04 01:07:15,-3.981085,-79.208097,Calle Azogues,CON_LESIONADOS,Colision Multiple,Imprudencia del conductor,26,LESIONADO,NO_REGISTRA,SCOOTER,,,,,,,,
2025-09-12 14:10:03,-4.000309,-79.199787,Av. Metropolitana,SOLO_DANOS,Volcamiento,Inobservancia de senales,,,,,,,,,,,,
2025-06-16 02:43:43,-4.002290,-79.201021,Calle Azogues,CON_LESIONADOS,Atropellamiento,Equipo de seguridad deficiente,49,LESIONADO,NO_REGISTRA,SCOOTER,28,LESIONADO,NO_REGISTRA,OTRO,,,,
2025-01-03 06:22:28,-3.998565,-79.182567,Via Loja - Catamayo,CON_LESIONADOS,Volcamiento,Exceso de velocidad,61,LESIONADO,HOMBRE,SCOOTER,18,LESIONADO,NO_REGISTRA,VEH_LIVIANO,68,LESIONADO,NO_REGISTRA,PEATON
2025-04-13 20:45:41,-3.990436,-79.190504,Calle Ramon Borrero,SOLO_DANOS,Volcamiento,Falla mecanica,,,,,,,,,,,,
2025-01-30 14:36:26,-3.983245,-79.213578,Calle 10 de Agosto,CON_FALLECIDOS,Atropellamiento,Mal estado de la via,30,FALLECIDO,MUJER,MOTOCICLETA,38,LESIONADO,MUJER,MOTOCICLETA,17,LESIONADO,NO_REGISTRA,CICLISTA
2025-12-28 19:29:57,-4.015882,-79.229671,Calle Saraguro,CON_LESIONADOS,Caida,Factores externos,66,LESIONADO,HOMBRE,MOTOCICLETA,26,LESIONADO,HOMBRE,VEH_LIVIANO,,,,
2025-07-27 14:25:34,-4.023774,-79.215061,Calle Sucre,CON_FALLECIDOS,Incendio,Inobservancia de senales,55,FALLECIDO,HOMBRE,CICLISTA,76,LESIONADO,HOMBRE,MOTOCICLETA,,,,
2025-01-18 23:17:33,-4.032210,-79.189233,Av. Isidro Ayora,CON_LESIONADOS,Caida,Estado de embriaguez,58,LESIONADO,NO_REGISTRA,PEATON,79,LESIONADO,NO_REGISTRA,MOTOCICLETA,73,LESIONADO,NO_REGISTRA,SCOOTER
2025-07-30 17:25:37,-4.027692,-79.208475,Via Loja - Catamayo,CON_FALLECIDOS,Caida,Distraccion (celular/radio),18,FALLECIDO,MUJER,PEATON,33,FALLECIDO,NO_REGISTRA,PEATON,63,LESIONADO,MUJER,VEH_LIVIANO
2025-03-29 13:10:12,-4.002485,-79.216642,Av. Isidro Ayora,CON_FALLECIDOS,Colision Multiple,Estado de embriaguez,44,FALLECIDO,NO_REGISTRA,SCOOTER,,,,,,,,
2025-10-26 19:38:00,-3.994498,-79.205440,Calle Montufar,SOLO_DANOS,Volcamiento,Mal estado de la via,,,,,,,,,,,,
2025-10-21 08:16:59,-3.999678,-79.230840,Av. Manuel Agustin Aguirre,SOLO_DANOS,Volcamiento,Falla mecanica,,,,,,,,,,,,
2025-08-28 12:10:02,-4.024053,-79.212350,Ruta 35,CON_FALLECIDOS,Choque Vehicular,Estado de embriaguez,58,FALLECIDO,NO_REGISTRA,OTRO,73,FALLECIDO,NO_REGISTRA,VEH_LIVIANO,,,,
2025-10-14 09:52:20,-4.000913,-79.215873,Calle Azogues,CON_LESIONADOS,Colision Multiple,Imprudencia del conductor,77,LESIONADO,NO_REGISTRA,CICLISTA,,,,,,,,
2025-06-17 08:21:54,-4.019653,-79.202797,Calle Azogues,CON_FALLECIDOS,Choque Vehicular,Via resbaladiza o mojada,84,FALLECIDO,MUJER,VEH_LIVIANO,43,LESIONADO,NO_REGISTRA,SCOOTER,,,,
2025-05-04 13:01:45,-4.032503,-79.197386,Calle Sucre,SOLO_DANOS,Colision Multiple,Exceso de velocidad,18,LESIONADO,MUJER,MOTOCICLETA,,,,,,,,
2025-02-26 02:00:41,-4.033142,-79.227473,Av. Universitaria,CON_LESIONADOS,Accidente Laboral,Visibilidad reducida,76,LESIONADO,NO_REGISTRA,SCOOTER,5,LESIONADO,HOMBRE,VEH_LIVIANO,5,LESIONADO,MUJER,PEATON
2025-12-28 11:58:47,-4.006509,-79.215224,Av. Orillas del Zamora,CON_FALLECIDOS,Accidente Laboral,Via resbaladiza o mojada,44,FALLECIDO,MUJER,OTRO,50,LESIONADO,MUJER,MOTOCICLETA,,,,
2025-05-13 01:31:05,-3.986572,-79.190556,Av. Rosa Hermosa,CON_FALLECIDOS,Incendio,Imprudencia del conductor,35,FALLECIDO,MUJER,VEH_LIVIANO,36,FALLECIDO,MUJER,VEH_LIVIANO,,,,
2025-05-08 20:57:40,-4.010776,-79.191433,Av. Isidro Ayora,SOLO_DANOS,Choque Vehicular,Exceso de velocidad,,,,,,,,,,,,
2025-10-29 02:46:12,-3.979741,-79.171924,Calle Quito,CON_LESIONADOS,Colision Multiple,Distraccion (celular/radio),80,LESIONADO,MUJER,MOTOCICLETA,58,LESIONADO,NO_REGISTRA,OTRO,67,LESIONADO,HOMBRE,VEH_LIVIANO
2025-01-01 19:47:22,-3.991212,-79.185812,Calle Rocafuerte,SOLO_DANOS,Caida,Equipo de seguridad deficiente,,,,,,,,,,,,
2025-01-18 06:49:43,-3.981941,-79.223150,Calle Rocafuerte,CON_FALLECIDOS,Colision Multiple,Inobservancia de senales,53,FALLECIDO,NO_REGISTRA,MOTOCICLETA,56,FALLECIDO,MUJER,OTRO,45,LESIONADO,NO_REGISTRA,OTRO
2025-06-22 20:48:39,-3.991496,-79.187030,Ruta 35,SOLO_DANOS,Atropellamiento,Estado de embriaguez,,,,,,,,,,,,
2025-10-15 09:05:00,-4.002776,-79.189707,Calle Quito,CON_LESIONADOS,Incendio,Falla mecanica,53,LESIONADO,MUJER,SCOOTER,36,LESIONADO,MUJER,OTRO,61,LESIONADO,NO_REGISTRA,PEATON
2025-05-26 02:16:15,-4.001960,-79.200005,Calle Montufar,SOLO_DANOS,Volcamiento,Visibilidad reducida,,,,,,,,,,,,
2025-10-31 10:45:39,-4.025267,-79.198474,Calle Quito,SOLO_DANOS,Volcamiento,Mal estado de la via,,,,,,,,,,,,
2025-10-16 03:58:06,-4.007867,-79.198625,Av. Isidro Ayora,SOLO_DANOS,Colision Multiple,Via resbaladiza o mojada,,,,,,,,,,,,
2025-05-16 06:05:59,-3.985139,-79.175431,Calle Imbabura,CON_LESIONADOS,Choque Vehicular,Visibilidad reducida,49,LESIONADO,MUJER,SCOOTER,,,,,,,,
2025-10-25 04:37:04,-4.029985,-79.207489,Av. Manuel Agustin Aguirre,SOLO_DANOS,Accidente Laboral,Fatiga del conductor,,,,,,,,,,,,
2025-08-30 17:32:53,-4.007091,-79.200163,Calle 18 de Noviembre,CON_FALLECIDOS,Choque Vehicular,Factores externos,57,FALLECIDO,HOMBRE,PEATON,62,FALLECIDO,HOMBRE,PEATON,13,LESIONADO,HOMBRE,CICLISTA
2025-09-01 12:40:56,-4.001362,-79.176658,Calle Mercadillo,CON_LESIONADOS,Accidente Laboral,Imprudencia del conductor,63,LESIONADO,MUJER,VEH_LIVIANO,50,LESIONADO,MUJER,PEATON,,,,
2025-02-26 13:21:58,-3.981641,-79.199295,Av. Reinaldo Espinosa,CON_LESIONADOS,Caida,Via resbaladiza o mojada,28,LESIONADO,NO_REGISTRA,PEATON,,,,,,,,
2025-02-23 23:34:04,-4.028095,-79.173349,Calle Saraguro,CON_LESIONADOS,Incendio,Fatiga del conductor,61,LESIONADO,HOMBRE,PEATON,48,LESIONADO,HOMBRE,MOTOCICLETA,42,LESIONADO,MUJER,OTRO
2025-03-02 17:46:20,-3.989642,-79.182144,Calle Montufar,CON_LESIONADOS,Atropellamiento,Mal estado de la via,12,LESIONADO,NO_REGISTRA,SCOOTER,69,LESIONADO,NO_REGISTRA,PEATON,24,LESIONADO,NO_REGISTRA,OTRO
2025-06-01 01:19:03,-4.007305,-79.193126,Calle Colon,SOLO_DANOS,Choque Vehicular,Fatiga del conductor,,,,,,,,,,,,
2025-01-28 18:45:30,-3.984862,-79.228667,Calle Saraguro,CON_FALLECIDOS,Colision Multiple,Distraccion (celular/radio),29,FALLECIDO,MUJER,PEATON,20,FALLECIDO,MUJER,SCOOTER,60,LESIONADO,MUJER,CICLISTA
2025-09-18 19:03:45,-4.012143,-79.197497,Calle Colon,CON_LESIONADOS,Caida,Inobservancia de senales,75,LESIONADO,NO_REGISTRA,SCOOTER,,,,,,,,
2025-11-23 20:04:05,-4.031390,-79.182311,Calle Mercadillo,SOLO_DANOS,Volcamiento,Estado de embriaguez,,,,,,,,,,,,
2025-01-12 12:46:06,-4.004926,-79.217666,Calle Azogues,CON_LESIONADOS,Colision Multiple,Equipo de seguridad deficiente,67,LESIONADO,MUJER,MOTOCICLETA,42,LESIONADO,NO_REGISTRA,CICLISTA,,,,
2025-07-11 17:43:18,-3.995650,-79.210243,Calle Miguel Riofrio,CON_LESIONADOS,Incendio,Equipo de seguridad deficiente,63,LESIONADO,MUJER,OTRO,48,LESIONADO,NO_REGISTRA,PEATON,12,LESIONADO,NO_REGISTRA,VEH_LIVIANO
2025-11-11 18:40:23,-4.034740,-79.182879,Av. Rosa Hermosa,CON_LESIONADOS,Volcamiento,Exceso de velocidad,78,LESIONADO,MUJER,PEATON,34,LESIONADO,NO_REGISTRA,VEH_LIVIANO,35,LESIONADO,NO_REGISTRA,SCOOTER
2025-05-15 01:35:14,-4.000545,-79.196769,Calle Montufar,SOLO_DANOS,Caida,Imprudencia del conductor,,,,,,,,,,,,
2025-08-13 10:02:37,-3.988579,-79.224522,Calle Bolivar,CON_FALLECIDOS,Accidente Laboral,Via resbaladiza o mojada,27,FALLECIDO,HOMBRE,CICLISTA,55,FALLECIDO,MUJER,CICLISTA,15,LESIONADO,HOMBRE,PEATON
2025-05-27 13:03:02,-3.977552,-79.178470,Calle Quito,CON_LESIONADOS,Caida,Falla mecanica,28,LESIONADO,MUJER,VEH_LIVIANO,,,,,,,,
2025-05-28 22:54:39,-4.021934,-79.187951,Calle Rocafuerte,SOLO_DANOS,Volcamiento,Inobservancia de senales,31,LESIONADO,MUJER,CICLISTA,,,,,,,,
2025-05-18 12:36:45,-4.004860,-79.198631,Via Loja - Zamora,SOLO_DANOS,Volcamiento,Via resbaladiza o mojada,,,,,,,,,,,,
2025-06-17 20:59:20,-4.005453,-79.195141,Calle Sucre,SOLO_DANOS,Colision Multiple,Factores externos,,,,,,,,,,,,
2025-10-06 15:18:25,-4.019982,-79.187515,Calle 10 de Agosto,CON_FALLECIDOS,Incendio,Estado de embriaguez,81,FALLECIDO,HOMBRE,MOTOCICLETA,7,LESIONADO,NO_REGISTRA,OTRO,,,,
2025-03-27 04:47:39,-4.030948,-79.177395,Via Loja - Catamayo,CON_FALLECIDOS,Volcamiento,Via resbaladiza o mojada,26,FALLECIDO,HOMBRE,MOTOCICLETA,67,LESIONADO,HOMBRE,CICLISTA,75,LESIONADO,HOMBRE,SCOOTER
2025-06-24 07:02:53,-4.010590,-79.186408,Calle Sucre,SOLO_DANOS,Caida,Exceso de velocidad,,,,,,,,,,,,
2025-02-20 05:20:01,-4.003211,-79.198063,Ruta 35,SOLO_DANOS,Colision Multiple,Falla mecanica,,,,,,,,,,,,
2025-04-05 11:00:22,-3.978273,-79.225240,Calle 10 de Agosto,CON_FALLECIDOS,Volcamiento,Estado de embriaguez,23,FALLECIDO,MUJER,CICLISTA,56,FALLECIDO,HOMBRE,PEATON,60,LESIONADO,MUJER,PEATON
2025-02-20 22:25:29,-3.991390,-79.212562,Calle 10 de Agosto,CON_LESIONADOS,Atropellamiento,Falla mecanica,53,LESIONADO,HOMBRE,MOTOCICLETA,76,LESIONADO,NO_REGISTRA,SCOOTER,75,LESIONADO,MUJER,PEATON
2025-10-14 07:14:20,-4.014533,-79.173365,Av. Universitaria,SOLO_DANOS,Choque Vehicular,Imprudencia del conductor,,,,,,,,,,,,
2025-01-21 19:26:03,-4.012165,-79.199172,Av. Metropolitana,CON_LESIONADOS,Accidente Laboral,Fatiga del conductor,19,LESIONADO,MUJER,SCOOTER,,,,,,,,
2025-08-30 13:15:05,-3.987315,-79.222575,Av. Manuel Agustin Aguirre,CON_FALLECIDOS,Accidente Laboral,Imprudencia del conductor,36,FALLECIDO,NO_REGISTRA,CICLISTA,34,LESIONADO,HOMBRE,OTRO,5,LESIONADO,NO_REGISTRA,VEH_LIVIANO
2025-05-17 17:57:50,-3.979714,-79.225508,Av. Pio Jaramillo,CON_LESIONADOS,Volcamiento,Via resbaladiza o mojada,75,LESIONADO,MUJER,OTRO,50,LESIONADO,HOMBRE,PEATON,29,LESIONADO,HOMBRE,SCOOTER
2025-11-06 21:57:37,-3.999055,-79.222134,Via Loja - Catamayo,CON_LESIONADOS,Incendio,Inobservancia de senales,31,LESIONADO,HOMBRE,PEATON,,,,,,,,
2025-11-23 04:40:55,-3.978640,-79.213454,Calle Azogues,CON_LESIONADOS,Atropellamiento,Equipo de seguridad deficiente,71,LESIONADO,MUJER,PEATON,61,LESIONADO,MUJER,OTRO,,,,
2025-07-03 04:20:44,-3.995886,-79.205114,Av. Cuxibamba,SOLO_DANOS,Caida,Distraccion (celular/radio),,,,,,,,,,,,
2025-07-23 22:13:30,-4.025714,-79.224502,Calle Quito,CON_FALLECIDOS,Accidente Laboral,Mal estado de la via,53,FALLECIDO,MUJER,VEH_LIVIANO,55,FALLECIDO,HOMBRE,PEATON,34,LESIONADO,HOMBRE,MOTOCICLETA
2025-02-27 11:27:27,-3.993176,-79.180504,Calle Miguel Riofrio,CON_FALLECIDOS,Caida,Via resbaladiza o mojada,27,FALLECIDO,HOMBRE,OTRO,78,FALLECIDO,HOMBRE,CICLISTA,,,,
2025-07-22 11:46:07,-4.018017,-79.198061,Calle Ramon Borrero,CON_LESIONADOS,Colision Multiple,Mal estado de la via,73,LESIONADO,MUJER,OTRO,40,LESIONADO,NO_REGISTRA,CICLISTA,,,,
2025-12-22 12:46:42,-3.987767,-79.211111,Via Loja - Catamayo,CON_LESIONADOS,Atropellamiento,Inobservancia de senales,23,LESIONADO,MUJER,MOTOCICLETA,42,LESIONADO,MUJER,MOTOCICLETA,62,LESIONADO,HOMBRE,OTRO
2025-11-15 16:57:02,-4.021812,-79.183688,Av. Universitaria,CON_LESIONADOS,Atropellamiento,Equipo de seguridad deficiente,17,LESIONADO,NO_REGISTRA,VEH_LIVIANO,34,LESIONADO,MUJER,OTRO,80,LESIONADO,MUJER,MOTOCICLETA
2025-07-01 17:05:42,-3.995207,-79.172029,Av. 8 de Diciembre,SOLO_DANOS,Volcamiento,Falla mecanica,,,,,,,,,,,,
2025-10-13 11:49:39,-3.977875,-79.174306,Calle Sucre,SOLO_DANOS,Incendio,Factores externos,,,,,,,,,,,,
2025-03-09 14:52:54,-3.982925,-79.211411,Via Loja - Zamora,CON_LESIONADOS,Colision Multiple,Inobservancia de senales,31,LESIONADO,MUJER,CICLISTA,55,LESIONADO,MUJER,SCOOTER,,,,
2025-08-10 09:33:39,-3.991502,-79.182344,Av. Reinaldo Espinosa,CON_LESIONADOS,Volcamiento,Imprudencia del conductor,56,LESIONADO,MUJER,PEATON,16,LESIONADO,MUJER,SCOOTER,74,LESIONADO,NO_REGISTRA,MOTOCICLETA
2025-05-10 06:19:08,-3.986354,-79.193165,Av. 8 de Diciembre,SOLO_DANOS,Incendio,Visibilidad reducida,80,LESIONADO,NO_REGISTRA,OTRO,,,,,,,,
2025-06-22 23:47:39,-4.002073,-79.180235,Av. Cuxibamba,CON_LESIONADOS,Colision Multiple,Exceso de velocidad,19,LESIONADO,HOMBRE,MOTOCICLETA,45,LESIONADO,HOMBRE,MOTOCICLETA,,,,
2025-07-22 13:53:47,-4.013214,-79.191239,Calle Azogues,CON_LESIONADOS,Accidente Laboral,Fatiga del conductor,50,LESIONADO,NO_REGISTRA,MOTOCICLETA,,,,,,,,
2025-06-13 05:03:36,-3.980975,-79.186853,Via Loja - Catamayo,CON_LESIONADOS,Colision Multiple,Falla mecanica,19,LESIONADO,MUJER,VEH_LIVIANO,,,,,,,,
2025-06-05 21:28:30,-3.985491,-79.224980,Calle Quito,CON_LESIONADOS,Choque Vehicular,Falla mecanica,61,LESIONADO,HOMBRE,OTRO,55,LESIONADO,HOMBRE,MOTOCICLETA,,,,
2025-06-17 02:21:05,-3.983736,-79.187962,Calle Rocafuerte,SOLO_DANOS,Colision Multiple,Fatiga del conductor,,,,,,,,,,,,
2025-05-10 22:39:11,-3.994408,-79.193602,Av. Reinaldo Espinosa,CON_FALLECIDOS,Incendio,Equipo de seguridad deficiente,57,FALLECIDO,HOMBRE,CICLISTA,14,LESIONADO,NO_REGISTRA,VEH_LIVIANO,37,LESIONADO,HOMBRE,MOTOCICLETA
2025-02-02 05:14:30,-3.990440,-79.208364,Av. Metropolitana,SOLO_DANOS,Colision Multiple,Equipo de seguridad deficiente,,,,,,,,,,,,
2025-02-20 20:00:09,-4.036912,-79.223613,Calle 18 de Noviembre,CON_FALLECIDOS,Colision Multiple,Distraccion (celular/radio),42,FALLECIDO,HOMBRE,VEH_LIVIANO,18,FALLECIDO,NO_REGISTRA,OTRO,,,,
2025-01-31 00:35:36,-3.992570,-79.227906,Av. Gran Colombia,CON_LESIONADOS,Accidente Laboral,Equipo de seguridad deficiente,74,LESIONADO,MUJER,OTRO,11,LESIONADO,MUJER,OTRO,68,LESIONADO,NO_REGISTRA,SCOOTER
2025-03-19 16:05:10,-3.987192,-79.213451,Av. Metropolitana,CON_LESIONADOS,Incendio,Exceso de velocidad,52,LESIONADO,MUJER,OTRO,,,,,,,,
2025-04-16 13:51:11,-3.989768,-79.185807,Av. 8 de Diciembre,CON_FALLECIDOS,Accidente Laboral,Distraccion (celular/radio),69,FALLECIDO,MUJER,OTRO,84,FALLECIDO,MUJER,PEATON,,,,
2025-08-10 13:27:47,-3.978479,-79.195054,Calle Mercadillo,CON_LESIONADOS,Choque Vehicular,Mal estado de la via,17,LESIONADO,MUJER,PEATON,51,LESIONADO,MUJER,PEATON,36,LESIONADO,HOMBRE,SCOOTER
2025-01-13 10:12:19,-4.002665,-79.174877,Av. Isidro Ayora,CON_LESIONADOS,Colision Multiple,Fatiga del conductor,51,LESIONADO,HOMBRE,SCOOTER,73,LESIONADO,NO_REGISTRA,OTRO,,,,
2025-09-23 10:20:12,-3.983363,-79.179963,Calle Montufar,CON_LESIONADOS,Incendio,Imprudencia del conductor,35,LESIONADO,MUJER,OTRO,,,,,,,,
2025-07-04 16:41:12,-4.013785,-79.226756,Via Loja - Catamayo,CON_LESIONADOS,Atropellamiento,Visibilidad reducida,65,LESIONADO,MUJER,CICLISTA,29,LESIONADO,HOMBRE,PEATON,8,LESIONADO,HOMBRE,MOTOCICLETA
2025-03-10 02:54:53,-4.025321,-79.202555,Av. Pio Jaramillo,CON_LESIONADOS,Accidente Laboral,Fatiga del conductor,13,LESIONADO,NO_REGISTRA,SCOOTER,,,,,,,,
2025-08-26 19:47:12,-3.980867,-79.209807,Via Loja - Zamora,SOLO_DANOS,Choque Vehicular,Inobservancia de senales,11,LESIONADO,MUJER,MOTOCICLETA,,,,,,,,
2025-07-31 23:35:23,-4.008512,-79.200489,Calle Sucre,CON_LESIONADOS,Choque Vehicular,Equipo de seguridad deficiente,6,LESIONADO,MUJER,VEH_LIVIANO,70,LESIONADO,HOMBRE,SCOOTER,39,LESIONADO,MUJER,PEATON
2025-04-21 14:45:35,-3.985355,-79.200835,Calle Saraguro,SOLO_DANOS,Incendio,Fatiga del conductor,,,,,,,,,,,,
2025-12-02 19:29:15,-3.982629,-79.194273,Calle Ramon Borrero,CON_FALLECIDOS,Choque Vehicular,Estado de embriaguez,53,FALLECIDO,HOMBRE,MOTOCICLETA,61,FALLECIDO,NO_REGISTRA,MOTOCICLETA,70,LESIONADO,HOMBRE,MOTOCICLETA
2025-12-31 11:01:55,-3.989127,-79.222033,Calle Rocafuerte,CON_FALLECIDOS,Accidente Laboral,Via resbaladiza o mojada,51,FALLECIDO,NO_REGISTRA,VEH_LIVIANO,56,LESIONADO,NO_REGISTRA,PEATON,,,,
2025-04-30 12:11:38,-4.019140,-79.189465,Calle Azogues,CON_LESIONADOS,Choque Vehicular,Equipo de seguridad deficiente,15,LESIONADO,HOMBRE,CICLISTA,77,LESIONADO,NO_REGISTRA,MOTOCICLETA,75,LESIONADO,HOMBRE,CICLISTA
2025-10-19 06:17:57,-4.029291,-79.206640,Av. Orillas del Zamora,SOLO_DANOS,Volcamiento,Factores externos,,,,,,,,,,,,
2025-09-23 01:00:06,-4.012923,-79.172418,Calle Miguel Riofrio,CON_FALLECIDOS,Colision Multiple,Mal estado de la via,49,FALLECIDO,MUJER,OTRO,58,FALLECIDO,HOMBRE,PEATON,,,,
2025-03-17 19:54:37,-3.999405,-79.182047,Calle Ramon Borrero,SOLO_DANOS,Choque Vehicular,Imprudencia del conductor,,,,,,,,,,,,
2025-11-05 12:07:25,-4.025985,-79.175005,Calle 18 de Noviembre,SOLO_DANOS,Volcamiento,Distraccion (celular/radio),,,,,,,,,,,,
2025-04-23 02:57:30,-3.991595,-79.194203,Av. Universitaria,CON_FALLECIDOS,Volcamiento,Fatiga del conductor,67,FALLECIDO,MUJER,CICLISTA,65,FALLECIDO,MUJER,OTRO,67,LESIONADO,NO_REGISTRA,SCOOTER
2025-10-27 01:30:13,-3.979468,-79.227161,Calle Rocafuerte,SOLO_DANOS,Volcamiento,Fatiga del conductor,,,,,,,,,,,,
2025-01-17 04:56:20,-4.023029,-79.174078,Calle Saraguro,CON_FALLECIDOS,Accidente Laboral,Equipo de seguridad deficiente,45,FALLECIDO,HOMBRE,SCOOTER,59,LESIONADO,MUJER,SCOOTER,77,LESIONADO,NO_REGISTRA,OTRO
2025-07-01 22:32:49,-4.008582,-79.182109,Calle Quito,CON_FALLECIDOS,Accidente Laboral,Distraccion (celular/radio),51,FALLECIDO,NO_REGISTRA,SCOOTER,59,FALLECIDO,HOMBRE,VEH_LIVIANO,63,LESIONADO,HOMBRE,CICLISTA
2025-10-30 19:48:53,-4.032585,-79.209600,Calle Rocafuerte,CON_LESIONADOS,Caida,Inobservancia de senales,19,LESIONADO,MUJER,VEH_LIVIANO,70,LESIONADO,HOMBRE,SCOOTER,,,,
2025-09-24 20:29:10,-4.021681,-79.172947,Via Loja - Catamayo,CON_FALLECIDOS,Atropellamiento,Visibilidad reducida,46,FALLECIDO,MUJER,OTRO,40,FALLECIDO,MUJER,OTRO,79,LESIONADO,HOMBRE,OTRO
2025-08-06 11:08:22,-4.007029,-79.204665,Av. Manuel Agustin Aguirre,CON_LESIONADOS,Colision Multiple,Equipo de seguridad deficiente,21,LESIONADO,MUJER,PEATON,44,LESIONADO,HOMBRE,VEH_LIVIANO,64,LESIONADO,HOMBRE,OTRO
2025-02-25 13:26:03,-3.997237,-79.181217,Calle Rocafuerte,SOLO_DANOS,Atropellamiento,Falla mecanica,,,,,,,,,,,,
2025-07-16 17:20:15,-3.980785,-79.221414,Calle Azogues,CON_FALLECIDOS,Caida,Exceso de velocidad,67,FALLECIDO,MUJER,OTRO,,,,,,,,
2025-06-13 01:49:52,-3.977374,-79.177489,Calle Rocafuerte,CON_LESIONADOS,Caida,Inobservancia de senales,51,LESIONADO,HOMBRE,CICLISTA,,,,,,,,
2025-01-09 21:58:49,-3.986379,-79.179244,Via Loja - Zamora,CON_FALLECIDOS,Atropellamiento,Falla mecanica,53,FALLECIDO,HOMBRE,MOTOCICLETA,49,FALLECIDO,NO_REGISTRA,MOTOCICLETA,,,,
2025-08-05 16:39:53,-4.013638,-79.216430,Calle Colon,CON_FALLECIDOS,Caida,Mal estado de la via,68,FALLECIDO,HOMBRE,CICLISTA,13,LESIONADO,NO_REGISTRA,PEATON,24,LESIONADO,NO_REGISTRA,PEATON
2025-03-15 09:32:53,-3.982754,-79.228017,Av. Gran Colombia,CON_LESIONADOS,Incendio,Falla mecanica,75,LESIONADO,NO_REGISTRA,VEH_LIVIANO,18,LESIONADO,NO_REGISTRA,VEH_LIVIANO,,,,
2025-06-22 03:21:46,-3.977990,-79.197139,Calle Rocafuerte,SOLO_DANOS,Volcamiento,Fatiga del conductor,80,LESIONADO,HOMBRE,VEH_LIVIANO,,,,,,,,