fecha_hora,latitud,longitud,via,grado_severidad,tipo_siniestro,causa_probable,victima1_edad,victima1_condicion,victima1_sexo,victima1_actor_vial,victima2_edad,victima2_condicion,victima2_sexo,victima2_actor_vial,victima3_edad,victima3_condicion,victima3_sexo,victima3_actor_vial
2025-02-14 08:09:59,-4.036464,-79.213396,Av. Metropolitana,CON_LESIONADOS,Volcamiento,Inobservancia de senales,16,LESIONADO,HOMBRE,PEATON,,,,,,,,
2025-01-10 15:11:58,-4.030949,-79.176148,Calle Montufar,CON_LESIONADOS,Atropellamiento,Fatiga del conductor,35,LESIONADO,MUJER,OTRO,,,,,,,,
2025-03-11 13:49:10,-4.012199,-79.219744,Calle Sucre,CON_LESIONADOS,Colision Multiple,Falla mecanica,74,LESIONADO,HOMBRE,SCOOTER,,,,,,,,
2025-06-26 03:04:53,-3.986650,-79.220781,Av. Manuel Agustin Aguirre,CON_FALLECIDOS,Incendio,Estado de embriaguez,85,FALLECIDO,NO_REGISTRA,PEATON,57,FALLECIDO,NO_REGISTRA,PEATON,,,,
2025-11-26 04:40:44,-3.988298,-79.223095,Via Loja - Zamora,CON_LESIONADOS,Incendio,Distraccion (celular/radio),56,LESIONADO,MUJER,CICLISTA,57,LESIONADO,NO_REGISTRA,CICLISTA,59,LESIONADO,NO_REGISTRA,MOTOCICLETA
2025-12-01 04:45:25,-4.012577,-79.228562,Av. Pio Jaramillo,CON_FALLECIDOS,Colision Multiple,Mal estado de la via,31,FALLECIDO,NO_REGISTRA,MOTOCICLETA,48,FALLECIDO,NO_REGISTRA,SCOOTER,,,,
2025-01-04 03:49:23,-3.998828,-79.220072,Calle Bolivar,CON_LESIONADOS,Atropellamiento,Factores externos,72,LESIONADO,HOMBRE,VEH_LIVIANO,,,,,,,,
2025-03-10 22:26:31,-3.997867,-79.181429,Av. Manuel Agustin Aguirre,SOLO_DANOS,Atropellamiento,Fatiga del conductor,,,,,,,,,,,,
2025-05-11 00:22:12,-4.019029,-79.205506,Calle Colon,CON_LESIONADOS,Colision Multiple,Exceso de velocidad,77,LESIONADO,HOMBRE,SCOOTER,75,LESIONADO,HOMBRE,VEH_LIVIANO,5,LESIONADO,MUJER,VEH_LIVIANO
2025-05-25 07:48:48,-4.003381,-79.174665,Av. Metropolitana,CON_LESIONADOS,Incendio,Fatiga del conductor,39,LESIONADO,NO_REGISTRA,PEATON,65,LESIONADO,MUJER,OTRO,36,LESIONADO,HOMBRE,PEATON
2025-12-04 07:22:26,-3.984740,-79.184971,Calle Bolivar,CON_LESIONADOS,Volcamiento,Fatiga del conductor,54,LESIONADO,HOMBRE,SCOOTER,76,LESIONADO,NO_REGISTRA,SCOOTER,,,,
2025-12-05 01:41:20,-3.980944,-79.213785,Av. Manuel Agustin Aguirre,CON_FALLECIDOS,Incendio,Mal estado de la via,72,FALLECIDO,HOMBRE,PEATON,65,LESIONADO,NO_REGISTRA,CICLISTA,53,LESIONADO,NO_REGISTRA,OTRO
2025-02-28 19:26:46,-3.990895,-79.195820,Calle Bolivar,CON_FALLECIDOS,Choque Vehicular,Fatiga del conductor,59,FALLECIDO,HOMBRE,PEATON,38,FALLECIDO,MUJER,MOTOCICLETA,47,LESIONADO,HOMBRE,SCOOTER
2025-04-25 03:31:50,-4.007665,-79.193464,Calle Quito,SOLO_DANOS,Colision Multiple,Distraccion (celular/radio),,,,,,,,,,,,
2025-01-31 13:09:24,-4.009163,-79.222900,Av. Reinaldo Espinosa,CON_LESIONADOS,Caida,Estado de embriaguez,11,LESIONADO,MUJER,OTRO,,,,,,,,
2025-09-01 06:03:52,-3.986930,-79.223535,Via Loja - Catamayo,CON_LESIONADOS,Volcamiento,Via resbaladiza o mojada,8,LESIONADO,NO_REGISTRA,VEH_LIVIANO,56,LESIONADO,MUJER,CICLISTA,,,,
2025-05-20 16:57:48,-3.998861,-79.207374,Av. Metropolitana,CON_FALLECIDOS,Atropellamiento,Factores externos,63,FALLECIDO,NO_REGISTRA,MOTOCICLETA,54,FALLECIDO,MUJER,PEATON,59,LESIONADO,MUJER,PEATON
2025-06-07 00:03:17,-4.001691,-79.201282,Av. Gran Colombia,CON_LESIONADOS,Incendio,Equipo de seguridad deficiente,15,LESIONADO,MUJER,PEATON,26,LESIONADO,NO_REGISTRA,SCOOTER,69,LESIONADO,HOMBRE,PEATON
2025-01-22 19:57:08,-3.997970,-79.227500,Calle Ramon Borrero,CON_LESIONADOS,Atropellamiento,Distraccion (celular/radio),72,LESIONADO,NO_REGISTRA,VEH_LIVIANO,,,,,,,,
2025-09-13 22:14:55,-4.006145,-79.230247,Av. Cuxibamba,CON_FALLECIDOS,Volcamiento,Factores externos,29,FALLECIDO,NO_REGISTRA,PEATON,52,FALLECIDO,NO_REGISTRA,MOTOCICLETA,22,LESIONADO,HOMBRE,VEH_LIVIANO
2025-09-24 14:40:04,-3.995877,-79.215975,Ruta 35,CON_FALLECIDOS,Choque Vehicular,Falla mecanica,28,FALLECIDO,HOMBRE,VEH_LIVIANO,33,FALLECIDO,HOMBRE,SCOOTER,31,LESIONADO,MUJER,VEH_LIVIANO
2025-01-03 20:31:44,-4.034874,-79.177179,Av. Rosa Hermosa,CON_LESIONADOS,Choque Vehicular,Falla mecanica,48,LESIONADO,MUJER,CICLISTA,,,,,,,,
2025-04-21 10:44:19,-4.032519,-79.193439,Calle 10 de Agosto,CON_LESIONADOS,Choque Vehicular,Inobservancia de senales,67,LESIONADO,HOMBRE,VEH_LIVIANO,20,LESIONADO,MUJER,VEH_LIVIANO,,,,
2025-04-24 02:10:34,-4.004165,-79.181756,Calle Miguel Riofrio,CON_LESIONADOS,Accidente Laboral,Via resbaladiza o mojada,67,LESIONADO,MUJER,PEATON,60,LESIONADO,MUJER,PEATON,17,LESIONADO,NO_REGISTRA,VEH_LIVIANO
2025-01-02 06:32:54,-4.002848,-79.200467,Via Loja - Zamora,CON_FALLECIDOS,Caida,Exceso de velocidad,68,FALLECIDO,HOMBRE,CICLISTA,40,FALLECIDO,MUJER,OTRO,,,,
2025-09-27 20:59:45,-4.035931,-79.220736,Calle Colon,SOLO_DANOS,Atropellamiento,Equipo de seguridad deficiente,,,,,,,,,,,,
2025-03-29 18:25:37,-4.033747,-79.216810,Av. Universitaria,CON_LESIONADOS,Caida,Factores externos,20,LESIONADO,HOMBRE,MOTOCICLETA,,,,,,,,
2025-10-24 22:39:45,-3.988973,-79.207823,Calle Quito,SOLO_DANOS,Volcamiento,Visibilidad reducida,,,,,,,,,,,,
2025-07-04 06:52:07,-3.981062,-79.205982,Av. Rosa Hermosa,CON_LESIONADOS,Atropellamiento,Fatiga del conductor,41,LESIONADO,NO_REGISTRA,PEATON,,,,,,,,
2025-02-22 01:31:26,-4.017245,-79.202513,Av. Cuxibamba,CON_FALLECIDOS,Volcamiento,Fatiga del conductor,31,FALLECIDO,HOMBRE,VEH_LIVIANO,51,FALLECIDO,NO_REGISTRA,MOTOCICLETA,30,LESIONADO,HOMBRE,VEH_LIVIANO
2025-11-13 19:55:28,-4.036249,-79.182873,Calle 10 de Agosto,SOLO_DANOS,Accidente Laboral,Via resbaladiza o mojada,,,,,,,,,,,,
2025-04-05 17:53:07,-3.993975,-79.207898,Av. Cuxibamba,CON_FALLECIDOS,Caida,Via resbaladiza o mojada,30,FALLECIDO,HOMBRE,MOTOCICLETA,73,FALLECIDO,NO_REGISTRA,MOTOCICLETA,41,LESIONADO,NO_REGISTRA,MOTOCICLETA
2025-12-03 03:58:54,-4.027794,-79.217999,Calle Sucre,CON_FALLECIDOS,Caida,Via resbaladiza o mojada,25,FALLECIDO,HOMBRE,SCOOTER,43,LESIONADO,MUJER,PEATON,,,,
2025-03-04 21:39:56,-4.003741,-79.219201,Av. Rosa Hermosa,SOLO_DANOS,Colision Multiple,Falla mecanica,,,,,,,,,,,,
2025-04-14 22:18:35,-4.027651,-79.192807,Av. Manuel Agustin Aguirre,SOLO_DANOS,Accidente Laboral,Estado de embriaguez,,,,,,,,,,,,
2025-12-15 19:12:44,-4.002873,-79.172639,Av. Isidro Ayora,SOLO_DANOS,Colision Multiple,Distraccion (celular/radio),,,,,,,,,,,,
2025-12-02 15:55:07,-3.995057,-79.219280,Calle Ramon Borrero,SOLO_DANOS,Accidente Laboral,Mal estado de la via,,,,,,,,,,,,
2025-11-30 04:39:57,-3.996713,-79.210201,Calle Montufar,CON_LESIONADOS,Choque Vehicular,Visibilidad reducida,16,LESIONADO,HOMBRE,PEATON,18,LESIONADO,NO_REGISTRA,OTRO,,,,
2025-12-26 10:20:48,-3.988168,-79.223192,Av. Rosa Hermosa,CON_LESIONADOS,Caida,Estado de embriaguez,10,LESIONADO,HOMBRE,OTRO,,,,,,,,
2025-06-20 13:43:55,-4.007835,-79.186342,Calle Rocafuerte,SOLO_DANOS,Caida,Visibilidad reducida,,,,,,,,,,,,
2025-09-27 02:27:25,-4.020596,-79.215962,Av. Reinaldo Espinosa,SOLO_DANOS,Incendio,Imprudencia del conductor,,,,,,,,,,,,
2025-11-07 03:00:22,-3.993537,-79.217980,Av. Orillas del Zamora,SOLO_DANOS,Incendio,Exceso de velocidad,,,,,,,,,,,,
2025-10-30 04:12:24,-4.015840,-79.227990,Av. Gran Colombia,CON_FALLECIDOS,Colision Multiple,Fatiga del conductor,50,FALLECIDO,NO_REGISTRA,OTRO,74,LESIONADO,MUJER,PEATON,,,,
2025-09-21 01:45:30,-4.000085,-79.206721,Calle Miguel Riofrio,CON_LESIONADOS,Caida,Imprudencia del conductor,7,LESIONADO,HOMBRE,MOTOCICLETA,31,LESIONADO,HOMBRE,SCOOTER,,,,
2025-08-23 12:36:49,-4.012821,-79.178171,Calle Montufar,SOLO_DANOS,Colision Multiple,Estado de embriaguez,,,,,,,,,,,,
2025-11-13 09:07:31,-4.019723,-79.205389,Calle Montufar,CON_FALLECIDOS,Accidente Laboral,Inobservancia de senales,39,FALLECIDO,MUJER,PEATON,78,FALLECIDO,NO_REGISTRA,MOTOCICLETA,6,LESIONADO,MUJER,MOTOCICLETA
2025-06-13 06:30:25,-3.996238,-79.192543,Calle 18 de Noviembre,SOLO_DANOS,Accidente Laboral,Equipo de seguridad deficiente,,,,,,,,,,,,
2025-03-13 10:41:55,-3.981389,-79.184492,Av. Metropolitana,SOLO_DANOS,Incendio,Distraccion (celular/radio),,,,,,,,,,,,
2025-05-16 04:31:59,-4.016051,-79.184619,Av. 8 de Diciembre,CON_LESIONADOS,Choque Vehicular,Exceso de velocidad,29,LESIONADO,HOMBRE,PEATON,15,LESIONADO,MUJER,OTRO,,,,
2025-06-26 05:53:53,-4.036297,-79.219697,Av. Isidro Ayora,CON_FALLECIDOS,Accidente Laboral,Mal estado de la via,24,FALLECIDO,MUJER,MOTOCICLETA,77,FALLECIDO,MUJER,MOTOCICLETA,65,LESIONADO,MUJER,CICLISTA
2025-03-11 00:14:08,-3.993675,-79.182597,Via Loja - Zamora,SOLO_DANOS,Choque Vehicular,Estado de embriaguez,,,,,,,,,,,,
2025-11-02 08:26:34,-4.000924,-79.197139,Calle Bolivar,CON_LESIONADOS,Colision Multiple,Imprudencia del conductor,44,LESIONADO,MUJER,SCOOTER,71,LESIONADO,MUJER,CICLISTA,,,,
2025-07-31 16:33:50,-3.987557,-79.207411,Calle 18 de Noviembre,CON_FALLECIDOS,Incendio,Fatiga del conductor,85,FALLECIDO,HOMBRE,CICLISTA,46,LESIONADO,HOMBRE,PEATON,,,,
2025-12-05 00:52:48,-3.995338,-79.183867,Via Loja - Catamayo,CON_LESIONADOS,Volcamiento,Visibilidad reducida,74,LESIONADO,MUJER,MOTOCICLETA,,,,,,,,
2025-10-08 08:48:52,-4.027945,-79.204793,Calle Bolivar,SOLO_DANOS,Accidente Laboral,Fatiga del conductor,,,,,,,,,,,,
2025-08-26 19:24:00,-4.036229,-79.205424,Av. Isidro Ayora,CON_FALLECIDOS,Volcamiento,Estado de embriaguez,28,FALLECIDO,MUJER,SCOOTER,,,,,,,,
2025-08-15 13:51:08,-4.033744,-79.223709,Av. Manuel Agustin Aguirre,CON_FALLECIDOS,Caida,Estado de embriaguez,71,FALLECIDO,NO_REGISTRA,PEATON,69,FALLECIDO,NO_REGISTRA,MOTOCICLETA,12,LESIONADO,NO_REGISTRA,CICLISTA
2025-09-13 22:41:13,-4.032989,-79.188028,Av. Universitaria,CON_LESIONADOS,Caida,Exceso de velocidad,58,LESIONADO,NO_REGISTRA,PEATON,,,,,,,,
2025-04-07 00:20:14,-3.983801,-79.212524,Calle Azogues,SOLO_DANOS,Atropellamiento,Fatiga del conductor,,,,,,,,,,,,
2025-03-31 02:21:31,-3.983863,-79.185419,Ruta 35,CON_FALLECIDOS,Caida,Factores externos,34,FALLECIDO,HOMBRE,SCOOTER,,,,,,,,
2025-12-19 04:10:28,-3.993540,-79.216912,Calle Imbabura,CON_LESIONADOS,Incendio,Imprudencia del conductor,77,LESIONADO,MUJER,PEATON,20,LESIONADO,NO_REGISTRA,SCOOTER,,,,
2025-01-24 16:29:24,-4.003743,-79.205618,Av. Universitaria,CON_FALLECIDOS,Volcamiento,Exceso de velocidad,31,FALLECIDO,MUJER,PEATON,39,FALLECIDO,HOMBRE,MOTOCICLETA,,,,
2025-10-23 19:37:08,-3.984921,-79.211346,Calle 18 de Noviembre,CON_LESIONADOS,Incendio,Mal estado de la via,42,LESIONADO,HOMBRE,OTRO,,,,,,,,
2025-06-17 13:34:15,-3.979572,-79.209474,Av. Isidro Ayora,SOLO_DANOS,Volcamiento,Exceso de velocidad,,,,,,,,,,,,
2025-03-05 14:16:31,-3.981847,-79.195180,Ruta 35,CON_LESIONADOS,Choque Vehicular,Inobservancia de senales,49,LESIONADO,NO_REGISTRA,SCOOTER,58,LESIONADO,MUJER,OTRO,,,,
2025-01-14 16:02:35,-4.004136,-79.217725,Av. Orillas del Zamora,SOLO_DANOS,Choque Vehicular,Equipo de seguridad deficiente,,,,,,,,,,,,
2025-02-20 01:32:20,-3.999377,-79.193663,Av. Orillas del Zamora,CON_LESIONADOS,Atropellamiento,Fatiga del conductor,77,LESIONADO,HOMBRE,VEH_LIVIANO,14,LESIONADO,HOMBRE,MOTOCICLETA,69,LESIONADO,NO_REGISTRA,PEATON
2025-02-27 18:30:05,-4.019726,-79.204852,Av. Gran Colombia,SOLO_DANOS,Choque Vehicular,Distraccion (celular/radio),,,,,,,,,,,,
2025-06-30 23:56:27,-3.981237,-79.200465,Calle Quito,CON_LESIONADOS,Caida,Visibilidad reducida,67,LESIONADO,NO_REGISTRA,SCOOTER,,,,,,,,
2025-09-29 18:10:21,-3.986917,-79.199216,Calle Ramon Borrero,SOLO_DANOS,Volcamiento,Imprudencia del conductor,,,,,,,,,,,,
2025-02-06 04:31:27,-4.008312,-79.219753,Calle Colon,CON_FALLECIDOS,Atropellamiento,Estado de embriaguez,18,FALLECIDO,NO_REGISTRA,PEATON,28,FALLECIDO,NO_REGISTRA,SCOOTER,,,,
2025-07-02 12:30:29,-4.019655,-79.229698,Calle Mercadillo,CON_FALLECIDOS,Choque Vehicular,Mal estado de la via,70,FALLECIDO,HOMBRE,MOTOCICLETA,54,FALLECIDO,NO_REGISTRA,CICLISTA,,,,
2025-04-12 01:35:02,-4.036990,-79.225689,Calle 18 de Noviembre,CON_FALLECIDOS,Incendio,Imprudencia del conductor,57,FALLECIDO,HOMBRE,CICLISTA,,,,,,,,
2025-09-27 08:24:42,-3.997069,-79.200439,Calle Rocafuerte,CON_FALLECIDOS,Incendio,Equipo de seguridad deficiente,24,FALLECIDO,MUJER,OTRO,63,FALLECIDO,MUJER,CICLISTA,16,LESIONADO,NO_REGISTRA,VEH_LIVIANO
2025-03-26 13:43:24,-4.017021,-79.225779,Av. 8 de Diciembre,SOLO_DANOS,Caida,Distraccion (celular/radio),21,LESIONADO,HOMBRE,MOTOCICLETA,,,,,,,,
2025-11-04 07:53:30,-3.991525,-79.225668,Av. Orillas del Zamora,CON_FALLECIDOS,Caida,Fatiga del conductor,73,FALLECIDO,NO_REGISTRA,SCOOTER,70,FALLECIDO,NO_REGISTRA,PEATON,79,LESIONADO,HOMBRE,VEH_LIVIANO
2025-08-17 19:01:46,-3.985887,-79.171776,Av. Orillas del Zamora,SOLO_DANOS,Incendio,Factores externos,,,,,,,,,,,,
2025-11-01 03:25:20,-4.012503,-79.217659,Av. Cuxibamba,SOLO_DANOS,Choque Vehicular,Mal estado de la via,,,,,,,,,,,,
2025-07-11 09:15:12,-3.991841,-79.206135,Calle Azogues,CON_LESIONADOS,Colision Multiple,Mal estado de la via,66,LESIONADO,MUJER,MOTOCICLETA,,,,,,,,
2025-05-10 19:51:05,-3.980075,-79.180982,Calle 10 de Agosto,CON_FALLECIDOS,Volcamiento,Distraccion (celular/radio),32,FALLECIDO,NO_REGISTRA,CICLISTA,27,LESIONADO,NO_REGISTRA,PEATON,,,,
2025-01-01 12:09:59,-4.021987,-79.226012,Calle Miguel Riofrio,SOLO_DANOS,Choque Vehicular,Equipo de seguridad deficiente,,,,,,,,,,,,
2025-11-02 09:46:59,-4.005003,-79.221848,Calle Imbabura,SOLO_DANOS,Caida,Inobservancia de senales,,,,,,,,,,,,
2025-03-20 01:58:13,-3.990681,-79.197271,Calle Rocafuerte,SOLO_DANOS,Choque Vehicular,Exceso de velocidad,,,,,,,,,,,,
2025-11-03 11:51:09,-4.002166,-79.190367,Ruta 35,CON_FALLECIDOS,Accidente Laboral,Imprudencia del conductor,43,FALLECIDO,HOMBRE,VEH_LIVIANO,85,FALLECIDO,MUJER,OTRO,12,LESIONADO,NO_REGISTRA,CICLISTA
2025-08-17 19:01:57,-4.014908,-79.177128,Calle Colon,CON_LESIONADOS,Atropellamiento,Fatiga del conductor,75,LESIONADO,NO_REGISTRA,SCOOTER,26,LESIONADO,HOMBRE,CICLISTA,63,LESIONADO,HOMBRE,VEH_LIVIANO
2025-04-17 16:18:55,-4.026932,-79.189733,Av. Cuxibamba,SOLO_DANOS,Caida,Visibilidad reducida,,,,,,,,,,,,
2025-08-02 18:25:07,-3.989866,-79.198696,Av. Isidro Ayora,CON_FALLECIDOS,Atropellamiento,Imprudencia del conductor,43,FALLECIDO,NO_REGISTRA,PEATON,81,FALLECIDO,MUJER,OTRO,54,LESIONADO,HOMBRE,CICLISTA
2025-10-30 15:00:54,-4.017399,-79.194911,Calle Bolivar,CON_LESIONADOS,Choque Vehicular,Equipo de seguridad deficiente,12,LESIONADO,HOMBRE,PEATON,7,LESIONADO,HOMBRE,VEH_LIVIANO,50,LESIONADO,HOMBRE,PEATON
2025-11-10 23:58:45,-4.030658,-79.203637,Calle Colon,CON_FALLECIDOS,Colision Multiple,Exceso de velocidad,40,FALLECIDO,HOMBRE,SCOOTER,79,LESIONADO,NO_REGISTRA,PEATON,77,LESIONADO,MUJER,VEH_LIVIANO
2025-09-20 13:38:41,-4.034330,-79.217454,Via Loja - Zamora,SOLO_DANOS,Colision Multiple,Equipo de seguridad deficiente,,,,,,,,,,,,
2025-11-27 23:08:15,-3.979759,-79.203844,Av. Isidro Ayora,SOLO_DANOS,Choque Vehicular,Distraccion (celular/radio),,,,,,,,,,,,
2025-02-02 22:53:03,-3.997669,-79.218676,Av. 8 de Diciembre,SOLO_DANOS,Atropellamiento,Mal estado de la via,,,,,,,,,,,,
2025-10-14 09:24:55,-4.005067,-79.217055,Ruta 35,CON_LESIONADOS,Volcamiento,Estado de embriaguez,46,LESIONADO,NO_REGISTRA,OTRO,,,,,,,,
2025-03-01 14:10:30,-4.036456,-79.214511,Av. Rosa Hermosa,CON_FALLECIDOS,Caida,Factores externos,20,FALLECIDO,MUJER,SCOOTER,31,LESIONADO,NO_REGISTRA,PEATON,,,,
2025-03-27 21:09:59,-3.983360,-79.177278,Calle Montufar,CON_LESIONADOS,Atropellamiento,Inobservancia de senales,36,LESIONADO,MUJER,VEH_LIVIANO,30,LESIONADO,HOMBRE,MOTOCICLETA,,,,
2025-11-26 11:17:00,-4.012482,-79.173807,Av. Universitaria,CON_FALLECIDOS,Incendio,Inobservancia de senales,27,FALLECIDO,HOMBRE,SCOOTER,64,LESIONADO,NO_REGISTRA,MOTOCICLETA,11,LESIONADO,MUJER,VEH_LIVIANO
2025-09-02 19:42:45,-4.002432,-79.217848,Calle Rocafuerte,SOLO_DANOS,Atropellamiento,Estado de embriaguez,,,,,,,,,,,,
2025-10-18 01:10:23,-4.000185,-79.210549,Calle Colon,SOLO_DANOS,Choque Vehicular,Mal estado de la via,,,,,,,,,,,,
2025-02-14 05:19:22,-4.011774,-79.200828,Calle Montufar,CON_LESIONADOS,Caida,Factores externos,52,LESIONADO,HOMBRE,PEATON,32,LESIONADO,HOMBRE,SCOOTER,,,,
2025-10-01 16:58:06,-3.981709,-79.182916,Av. Isidro Ayora,SOLO_DANOS,Caida,Distraccion (celular/radio),37,LESIONADO,HOMBRE,CICLISTA,,,,,,,,
2025-05-10 23:07:56,-4.020682,-79.210192,Av. Gran Colombia,CON_FALLECIDOS,Choque Vehicular,Falla mecanica,65,FALLECIDO,HOMBRE,OTRO,23,FALLECIDO,HOMBRE,SCOOTER,,,,
2025-09-27 15:04:30,-3.985456,-79.201248,Av. Reinaldo Espinosa,CON_FALLECIDOS,Caida,Estado de embriaguez,41,FALLECIDO,NO_REGISTRA,MOTOCICLETA,35,LESIONADO,MUJER,MOTOCICLETA,11,LESIONADO,NO_REGISTRA,PEATON
2025-12-31 10:10:16,-3.989479,-79.173861,Av. Metropolitana,SOLO_DANOS,Incendio,Via resbaladiza o mojada,,,,,,,,,,,,
2025-04-07 17:38:00,-4.000534,-79.173841,Calle Montufar,SOLO_DANOS,Caida,Mal estado de la via,,,,,,,,,,,,
2025-10-16 10:10:34,-3.991658,-79.223654,Calle Bolivar,CON_FALLECIDOS,Colision Multiple,Factores externos,36,FALLECIDO,MUJER,OTRO,56,FALLECIDO,HOMBRE,OTRO,32,LESIONADO,MUJER,OTRO
2025-11-17 11:09:16,-3.983138,-79.230575,Av. Universitaria,SOLO_DANOS,Accidente Laboral,Imprudencia del conductor,,,,,,,,,,,,
2025-09-04 03:29:25,-4.014538,-79.218236,Calle 18 de Noviembre,CON_FALLECIDOS,Incendio,Estado de embriaguez,55,FALLECIDO,NO_REGISTRA,MOTOCICLETA,79,LESIONADO,HOMBRE,VEH_LIVIANO,,,,
2025-06-19 02:30:05,-4.029562,-79.180973,Calle Bolivar,CON_LESIONADOS,Colision Multiple,Imprudencia del conductor,22,LESIONADO,MUJER,SCOOTER,,,,,,,,
2025-08-14 22:31:12,-3.999830,-79.203684,Av. Manuel Agustin Aguirre,SOLO_DANOS,Colision Multiple,Inobservancia de senales,,,,,,,,,,,,
2025-08-27 22:52:42,-4.030510,-79.224687,Av. Universitaria,CON_FALLECIDOS,Volcamiento,Estado de embriaguez,43,FALLECIDO,MUJER,MOTOCICLETA,60,FALLECIDO,HOMBRE,CICLISTA,,,,
2025-07-21 16:40:59,-4.014710,-79.221569,Calle Saraguro,CON_FALLECIDOS,Accidente Laboral,Factores externos,80,FALLECIDO,MUJER,SCOOTER,22,FALLECIDO,HOMBRE,SCOOTER,62,LESIONADO,NO_REGISTRA,VEH_LIVIANO
2025-08-15 21:08:22,-3.985160,-79.220517,Calle Mercadillo,CON_FALLECIDOS,Atropellamiento,Mal estado de la via,19,FALLECIDO,HOMBRE,CICLISTA,77,LESIONADO,NO_REGISTRA,MOTOCICLETA,8,LESIONADO,HOMBRE,CICLISTA
2025-03-18 02:29:28,-3.979830,-79.172698,Calle Rocafuerte,CON_LESIONADOS,Incendio,Estado de embriaguez,71,LESIONADO,MUJER,CICLISTA,75,LESIONADO,HOMBRE,CICLISTA,,,,
2025-04-19 19:21:58,-3.984544,-79.227892,Calle 18 de Noviembre,CON_FALLECIDOS,Colision Multiple,Estado de embriaguez,74,FALLECIDO,HOMBRE,OTRO,27,LESIONADO,HOMBRE,PEATON,,,,
2025-12-20 22:05:43,-3.986796,-79.208556,Calle Rocafuerte,CON_LESIONADOS,Choque Vehicular,Inobservancia de senales,75,LESIONADO,NO_REGISTRA,OTRO,33,LESIONADO,NO_REGISTRA,SCOOTER,,,,
2025-02-21 15:33:25,-4.027060,-79.199329,Av. Pio Jaramillo,SOLO_DANOS,Caida,Fatiga del conductor,,,,,,,,,,,,
2025-05-02 13:27:01,-4.020733,-79.222609,Calle Sucre,CON_FALLECIDOS,Atropellamiento,Mal estado de la via,51,FALLECIDO,MUJER,MOTOCICLETA,35,FALLECIDO,MUJER,OTRO,,,,
2025-10-09 12:48:28,-4.005142,-79.175446,Av. Rosa Hermosa,CON_FALLECIDOS,Caida,Distraccion (celular/radio),81,FALLECIDO,MUJER,CICLISTA,58,LESIONADO,MUJER,SCOOTER,59,LESIONADO,MUJER,OTRO
2025-11-08 14:02:08,-4.029926,-79.226382,Av. Metropolitana,SOLO_DANOS,Colision Multiple,Factores externos,,,,,,,,,,,,
2025-09-23 00:11:24,-4.017656,-79.205306,Av. Manuel Agustin Aguirre,SOLO_DANOS,Incendio,Equipo de seguridad deficiente,,,,,,,,,,,,
2025-10-02 11:25:24,-3.994946,-79.219942,Av. Rosa Hermosa,CON_FALLECIDOS,Caida,Imprudencia del conductor,66,FALLECIDO,MUJER,CICLISTA,61,LESIONADO,NO_REGISTRA,OTRO,23,LESIONADO,HOMBRE,PEATON
2025-01-01 18:14:52,-4.017219,-79.203069,Av. Manuel Agustin Aguirre,CON_LESIONADOS,Choque Vehicular,Mal estado de la via,34,LESIONADO,MUJER,OTRO,61,LESIONADO,NO_REGISTRA,OTRO,66,LESIONADO,NO_REGISTRA,MOTOCICLETA
2025-02-15 17:03:37,-4.013884,-79.214549,Calle Quito,SOLO_DANOS,Accidente Laboral,Imprudencia del conductor,,,,,,,,,,,,
2025-07-26 04:56:08,-3.983570,-79.204470,Calle Saraguro,CON_LESIONADOS,Accidente Laboral,Fatiga del conductor,47,LESIONADO,NO_REGISTRA,MOTOCICLETA,17,LESIONADO,MUJER,CICLISTA,,,,
2025-08-09 15:16:08,-4.030783,-79.181906,Calle Saraguro,CON_FALLECIDOS,Incendio,Imprudencia del conductor,49,FALLECIDO,NO_REGISTRA,MOTOCICLETA,8,LESIONADO,HOMBRE,OTRO,,,,
2025-11-30 03:57:59,-4.008240,-79.201762,Av. Reinaldo Espinosa,CON_LESIONADOS,Colision Multiple,Via resbaladiza o mojada,68,LESIONADO,NO_REGISTRA,MOTOCICLETA,,,,,,,,
2025-08-01 13:26:14,-3.987712,-79.208752,Calle Miguel Riofrio,SOLO_DANOS,Caida,Equipo de seguridad deficiente,,,,,,,,,,,,
2025-05-28 11:43:54,-4.014918,-79.218559,Av. Pio Jaramillo,CON_FALLECIDOS,Accidente Laboral,Imprudencia del conductor,73,FALLECIDO,NO_REGISTRA,OTRO,6,LESIONADO,NO_REGISTRA,SCOOTER,,,,
2025-06-25 19:01:43,-4.034920,-79.193649,Calle Azogues,CON_LESIONADOS,Volcamiento,Distraccion (celular/radio),79,LESIONADO,NO_REGISTRA,OTRO,36,LESIONADO,MUJER,PEATON,54,LESIONADO,HOMBRE,SCOOTER
2025-11-29 20:17:36,-4.022773,-79.212909,Calle Mercadillo,SOLO_DANOS,Volcamiento,Falla mecanica,,,,,,,,,,,,
2025-10-02 18:29:37,-3.983379,-79.181120,Calle 10 de Agosto,CON_FALLECIDOS,Incendio,Falla mecanica,80,FALLECIDO,NO_REGISTRA,VEH_LIVIANO,64,LESIONADO,MUJER,VEH_LIVIANO,,,,
2025-11-02 01:17:41,-3.988264,-79.225311,Via Loja - Catamayo,CON_FALLECIDOS,Colision Multiple,Mal estado de la via,27,FALLECIDO,NO_REGISTRA,OTRO,54,FALLECIDO,HOMBRE,OTRO,12,LESIONADO,NO_REGISTRA,CICLISTA