fecha_hora,latitud,longitud,via,grado_severidad,tipo_siniestro,causa_probable,victima1_edad,victima1_condicion,victima1_sexo,victima1_actor_vial,victima2_edad,victima2_condicion,victima2_sexo,victima2_actor_vial,victima3_edad,victima3_condicion,victima3_sexo,victima3_actor_vial
2025-04-10 06:11:42,-3.977769,-79.177134,Av. Isidro Ayora,CON_FALLECIDOS,Accidente Laboral,Equipo de seguridad deficiente,41,FALLECIDO,MUJER,PEATON,58,FALLECIDO,NO_REGISTRA,SCOOTER,37,LESIONADO,NO_REGISTRA,OTRO
2025-09-06 10:56:31,-4.008085,-79.183411,Av. 8 de Diciembre,CON_LESIONADOS,Caida,Distraccion (celular/radio),64,LESIONADO,HOMBRE,SCOOTER,61,LESIONADO,HOMBRE,VEH_LIVIANO,14,LESIONADO,NO_REGISTRA,MOTOCICLETA
2025-11-27 17:11:58,-3.985526,-79.172326,Calle Rocafuerte,CON_LESIONADOS,Colision Multiple,Visibilidad reducida,25,LESIONADO,MUJER,OTRO,77,LESIONADO,MUJER,VEH_LIVIANO,,,,
2025-11-24 13:24:49,-4.000865,-79.172591,Calle 10 de Agosto,CON_FALLECIDOS,Accidente Laboral,Visibilidad reducida,71,FALLECIDO,HOMBRE,CICLISTA,,,,,,,,
2025-05-22 07:41:17,-4.016084,-79.206345,Calle Quito,CON_FALLECIDOS,Incendio,Equipo de seguridad deficiente,52,FALLECIDO,HOMBRE,CICLISTA,54,FALLECIDO,NO_REGISTRA,CICLISTA,,,,
2025-01-19 00:17:41,-4.023474,-79.188640,Av. Rosa Hermosa,CON_FALLECIDOS,Accidente Laboral,Distraccion (celular/radio),53,FALLECIDO,MUJER,PEATON,35,FALLECIDO,MUJER,OTRO,,,,
2025-12-11 21:08:47,-3.979567,-79.180133,Calle Ramon Borrero,CON_FALLECIDOS,Incendio,Inobservancia de senales,64,FALLECIDO,MUJER,VEH_LIVIANO,73,FALLECIDO,NO_REGISTRA,PEATON,37,LESIONADO,HOMBRE,MOTOCICLETA
2025-12-08 04:42:33,-4.016876,-79.176822,Av. Cuxibamba,CON_FALLECIDOS,Incendio,Via resbaladiza o mojada,76,FALLECIDO,MUJER,VEH_LIVIANO,,,,,,,,
2025-06-12 22:42:36,-4.000366,-79.173522,Calle Ramon Borrero,CON_LESIONADOS,Colision Multiple,Mal estado de la via,25,LESIONADO,HOMBRE,PEATON,50,LESIONADO,MUJER,PEATON,6,LESIONADO,MUJER,PEATON
2025-04-18 19:57:04,-3.984482,-79.175763,Calle 18 de Noviembre,SOLO_DANOS,Caida,Factores externos,,,,,,,,,,,,
2025-07-01 18:06:14,-4.011892,-79.201407,Calle Ramon Borrero,CON_FALLECIDOS,Caida,Inobservancia de senales,35,FALLECIDO,NO_REGISTRA,OTRO,28,FALLECIDO,HOMBRE,VEH_LIVIANO,61,LESIONADO,MUJER,OTRO
2025-02-08 05:11:03,-4.029224,-79.171896,Calle Mercadillo,CON_LESIONADOS,Accidente Laboral,Inobservancia de senales,22,LESIONADO,MUJER,OTRO,52,LESIONADO,MUJER,SCOOTER,,,,
2025-09-06 10:14:16,-4.018996,-79.211316,Av. Cuxibamba,SOLO_DANOS,Caida,Visibilidad reducida,68,LESIONADO,NO_REGISTRA,CICLISTA,,,,,,,,
2025-11-30 07:04:15,-3.994027,-79.210148,Calle 18 de Noviembre,CON_LESIONADOS,Volcamiento,Falla mecanica,24,LESIONADO,NO_REGISTRA,CICLISTA,78,LESIONADO,HOMBRE,VEH_LIVIANO,43,LESIONADO,HOMBRE,PEATON
2025-02-15 03:49:57,-4.008181,-79.187126,Calle Imbabura,CON_FALLECIDOS,Caida,Distraccion (celular/radio),32,FALLECIDO,NO_REGISTRA,PEATON,33,LESIONADO,HOMBRE,MOTOCICLETA,80,LESIONADO,HOMBRE,OTRO
2025-07-13 15:41:51,-3.978665,-79.183350,Av. Rosa Hermosa,CON_LESIONADOS,Incendio,Distraccion (celular/radio),70,LESIONADO,HOMBRE,MOTOCICLETA,63,LESIONADO,MUJER,SCOOTER,50,LESIONADO,NO_REGISTRA,MOTOCICLETA
2025-07-11 15:45:36,-3.979929,-79.193167,Ruta 35,CON_FALLECIDOS,Caida,Visibilidad reducida,67,FALLECIDO,NO_REGISTRA,OTRO,,,,,,,,
2025-08-13 11:42:53,-4.009808,-79.229881,Calle Colon,SOLO_DANOS,Colision Multiple,Inobservancia de senales,,,,,,,,,,,,
2025-09-01 04:01:53,-4.016437,-79.210639,Av. Gran Colombia,CON_FALLECIDOS,Atropellamiento,Exceso de velocidad,28,FALLECIDO,MUJER,SCOOTER,55,LESIONADO,MUJER,MOTOCICLETA,,,,
2025-05-31 13:34:53,-4.012210,-79.221559,Av. Reinaldo Espinosa,SOLO_DANOS,Accidente Laboral,Inobservancia de senales,,,,,,,,,,,,
2025-06-25 20:57:26,-4.007016,-79.212694,Via Loja - Zamora,SOLO_DANOS,Accidente Laboral,Distraccion (celular/radio),,,,,,,,,,,,
2025-01-04 18:43:14,-4.017040,-79.178881,Calle Colon,CON_FALLECIDOS,Atropellamiento,Inobservancia de senales,42,FALLECIDO,MUJER,CICLISTA,32,FALLECIDO,NO_REGISTRA,SCOOTER,56,LESIONADO,MUJER,PEATON
2025-02-03 10:59:20,-3.984239,-79.190472,Av. Manuel Agustin Aguirre,CON_LESIONADOS,Accidente Laboral,Exceso de velocidad,63,LESIONADO,NO_REGISTRA,MOTOCICLETA,18,LESIONADO,MUJER,PEATON,,,,
2025-07-08 09:37:09,-3.990084,-79.184020,Calle Colon,SOLO_DANOS,Caida,Distraccion (celular/radio),,,,,,,,,,,,
2025-04-30 08:48:39,-4.024825,-79.171745,Av. Pio Jaramillo,CON_LESIONADOS,Choque Vehicular,Inobservancia de senales,42,LESIONADO,NO_REGISTRA,SCOOTER,9,LESIONADO,MUJER,MOTOCICLETA,72,LESIONADO,HOMBRE,OTRO
2025-01-18 17:41:24,-3.992553,-79.228250,Av. Isidro Ayora,SOLO_DANOS,Atropellamiento,Exceso de velocidad,26,LESIONADO,MUJER,OTRO,,,,,,,,
2025-05-05 02:05:01,-4.026575,-79.197476,Calle 10 de Agosto,SOLO_DANOS,Volcamiento,Fatiga del conductor,,,,,,,,,,,,
2025-02-09 15:25:23,-3.988963,-79.210741,Av. Pio Jaramillo,SOLO_DANOS,Volcamiento,Distraccion (celular/radio),57,LESIONADO,NO_REGISTRA,VEH_LIVIANO,,,,,,,,
2025-09-01 17:56:55,-3.985816,-79.228188,Av. Metropolitana,SOLO_DANOS,Colision Multiple,Exceso de velocidad,,,,,,,,,,,,
2025-07-18 08:32:41,-4.033936,-79.189890,Calle 10 de Agosto,SOLO_DANOS,Choque Vehicular,Imprudencia del conductor,,,,,,,,,,,,
2025-09-24 06:54:24,-3.984766,-79.198821,Calle Azogues,SOLO_DANOS,Choque Vehicular,Estado de embriaguez,,,,,,,,,,,,
2025-03-02 23:09:01,-3.997235,-79.225310,Av. Orillas del Zamora,CON_LESIONADOS,Atropellamiento,Mal estado de la via,9,LESIONADO,NO_REGISTRA,VEH_LIVIANO,73,LESIONADO,MUJER,CICLISTA,78,LESIONADO,NO_REGISTRA,VEH_LIVIANO
2025-10-14 14:54:23,-3.991426,-79.222017,Calle Rocafuerte,CON_FALLECIDOS,Accidente Laboral,Exceso de velocidad,40,FALLECIDO,NO_REGISTRA,PEATON,75,FALLECIDO,NO_REGISTRA,VEH_LIVIANO,23,LESIONADO,HOMBRE,OTRO
2025-02-12 09:39:10,-3.986458,-79.186838,Av. Cuxibamba,CON_LESIONADOS,Incendio,Exceso de velocidad,8,LESIONADO,MUJER,SCOOTER,58,LESIONADO,NO_REGISTRA,MOTOCICLETA,64,LESIONADO,NO_REGISTRA,VEH_LIVIANO
2025-12-26 01:59:00,-4.006320,-79.212988,Av. Manuel Agustin Aguirre,SOLO_DANOS,Incendio,Imprudencia del conductor,,,,,,,,,,,,
2025-01-23 04:17:03,-4.013592,-79.205563,Calle Montufar,CON_LESIONADOS,Incendio,Exceso de velocidad,71,LESIONADO,MUJER,CICLISTA,61,LESIONADO,MUJER,VEH_LIVIANO,,,,
2025-10-05 12:56:24,-3.982527,-79.189274,Calle Colon,SOLO_DANOS,Colision Multiple,Equipo de seguridad deficiente,,,,,,,,,,,,
2025-07-05 07:17:56,-3.988649,-79.202790,Av. Metropolitana,CON_FALLECIDOS,Volcamiento,Via resbaladiza o mojada,57,FALLECIDO,NO_REGISTRA,VEH_LIVIANO,20,FALLECIDO,NO_REGISTRA,OTRO,64,LESIONADO,HOMBRE,CICLISTA
2025-09-10 21:25:23,-3.978403,-79.179970,Av. 8 de Diciembre,CON_FALLECIDOS,Atropellamiento,Mal estado de la via,25,FALLECIDO,HOMBRE,OTRO,24,FALLECIDO,NO_REGISTRA,MOTOCICLETA,5,LESIONADO,MUJER,VEH_LIVIANO
2025-06-08 01:19:56,-4.020998,-79.211557,Av. Universitaria,CON_FALLECIDOS,Accidente Laboral,Inobservancia de senales,53,FALLECIDO,MUJER,VEH_LIVIANO,5,LESIONADO,MUJER,PEATON,60,LESIONADO,MUJER,PEATON
2025-09-06 22:21:53,-3.988420,-79.193311,Calle Saraguro,CON_LESIONADOS,Incendio,Imprudencia del conductor,41,LESIONADO,HOMBRE,MOTOCICLETA,,,,,,,,
2025-03-13 19:19:20,-3.992943,-79.193245,Av. Isidro Ayora,CON_FALLECIDOS,Choque Vehicular,Factores externos,63,FALLECIDO,MUJER,CICLISTA,50,FALLECIDO,MUJER,OTRO,7,LESIONADO,NO_REGISTRA,CICLISTA
2025-05-25 08:28:35,-3.998923,-79.201134,Av. Rosa Hermosa,CON_FALLECIDOS,Colision Multiple,Factores externos,40,FALLECIDO,HOMBRE,SCOOTER,24,LESIONADO,HOMBRE,PEATON,,,,
2025-04-05 04:26:49,-4.003915,-79.223259,Av. Orillas del Zamora,CON_FALLECIDOS,Volcamiento,Inobservancia de senales,57,FALLECIDO,NO_REGISTRA,PEATON,72,FALLECIDO,MUJER,SCOOTER,62,LESIONADO,HOMBRE,CICLISTA
2025-09-21 14:25:48,-4.027160,-79.186967,Ruta 35,SOLO_DANOS,Volcamiento,Distraccion (celular/radio),,,,,,,,,,,,
2025-10-12 09:25:41,-3.979570,-79.228873,Calle Ramon Borrero,CON_LESIONADOS,Caida,Via resbaladiza o mojada,72,LESIONADO,NO_REGISTRA,SCOOTER,60,LESIONADO,NO_REGISTRA,CICLISTA,,,,
2025-04-24 18:51:02,-3.992955,-79.215140,Calle Mercadillo,SOLO_DANOS,Caida,Fatiga del conductor,,,,,,,,,,,,
2025-04-25 15:12:05,-4.004622,-79.177420,Calle Azogues,CON_LESIONADOS,Accidente Laboral,Imprudencia del conductor,79,LESIONADO,NO_REGISTRA,CICLISTA,22,LESIONADO,MUJER,VEH_LIVIANO,15,LESIONADO,MUJER,OTRO
2025-12-11 23:08:13,-4.022721,-79.226675,Calle Miguel Riofrio,CON_FALLECIDOS,Accidente Laboral,Via resbaladiza o mojada,70,FALLECIDO,NO_REGISTRA,OTRO,80,FALLECIDO,MUJER,PEATON,,,,
2025-03-09 14:20:00,-3.988819,-79.217516,Av. Gran Colombia,CON_FALLECIDOS,Incendio,Imprudencia del conductor,41,FALLECIDO,HOMBRE,CICLISTA,57,FALLECIDO,MUJER,SCOOTER,32,LESIONADO,MUJER,VEH_LIVIANO
2025-07-23 12:10:16,-3.998133,-79.219500,Av. Universitaria,CON_LESIONADOS,Atropellamiento,Distraccion (celular/radio),77,LESIONADO,MUJER,VEH_LIVIANO,25,LESIONADO,HOMBRE,VEH_LIVIANO,61,LESIONADO,MUJER,SCOOTER
2025-06-18 06:26:40,-4.031999,-79.184747,Calle Colon,SOLO_DANOS,Volcamiento,Imprudencia del conductor,,,,,,,,,,,,
2025-06-26 07:25:27,-4.030065,-79.226148,Calle Saraguro,SOLO_DANOS,Volcamiento,Distraccion (celular/radio),,,,,,,,,,,,
2025-08-25 10:59:56,-4.026243,-79.227916,Av. Universitaria,SOLO_DANOS,Volcamiento,Inobservancia de senales,,,,,,,,,,,,
2025-04-21 11:53:14,-3.979499,-79.185314,Av. Cuxibamba,CON_FALLECIDOS,Atropellamiento,Distraccion (celular/radio),23,FALLECIDO,MUJER,PEATON,30,FALLECIDO,NO_REGISTRA,SCOOTER,11,LESIONADO,MUJER,OTRO
2025-11-29 03:20:53,-3.984965,-79.206261,Av. 8 de Diciembre,CON_FALLECIDOS,Choque Vehicular,Fatiga del conductor,18,FALLECIDO,NO_REGISTRA,CICLISTA,72,FALLECIDO,MUJER,VEH_LIVIANO,,,,
2025-04-24 10:11:51,-4.018120,-79.205226,Calle Miguel Riofrio,CON_LESIONADOS,Choque Vehicular,Mal estado de la via,42,LESIONADO,MUJER,VEH_LIVIANO,49,LESIONADO,HOMBRE,SCOOTER,64,LESIONADO,HOMBRE,PEATON
2025-06-07 16:21:43,-4.035933,-79.206168,Av. Universitaria,CON_FALLECIDOS,Volcamiento,Factores externos,19,FALLECIDO,MUJER,SCOOTER,66,FALLECIDO,NO_REGISTRA,PEATON,50,LESIONADO,NO_REGISTRA,CICLISTA
2025-07-31 01:18:08,-4.009201,-79.220617,Av. Reinaldo Espinosa,SOLO_DANOS,Caida,Via resbaladiza o mojada,,,,,,,,,,,,
2025-05-16 01:57:48,-4.026518,-79.210552,Calle Imbabura,SOLO_DANOS,Caida,Equipo de seguridad deficiente,,,,,,,,,,,,
2025-06-16 02:27:29,-4.001448,-79.180867,Calle Miguel Riofrio,CON_LESIONADOS,Choque Vehicular,Equipo de seguridad deficiente,80,LESIONADO,HOMBRE,MOTOCICLETA,39,LESIONADO,HOMBRE,CICLISTA,,,,
2025-04-28 19:23:35,-4.006424,-79.210814,Av. 8 de Diciembre,SOLO_DANOS,Incendio,Distraccion (celular/radio),,,,,,,,,,,,
2025-03-15 18:07:00,-4.027561,-79.203461,Av. Orillas del Zamora,CON_FALLECIDOS,Accidente Laboral,Mal estado de la via,33,FALLECIDO,HOMBRE,VEH_LIVIANO,83,FALLECIDO,NO_REGISTRA,MOTOCICLETA,9,LESIONADO,MUJER,VEH_LIVIANO
2025-01-08 18:29:43,-4.020164,-79.191336,Av. Orillas del Zamora,CON_LESIONADOS,Atropellamiento,Estado de embriaguez,16,LESIONADO,HOMBRE,SCOOTER,45,LESIONADO,NO_REGISTRA,VEH_LIVIANO,,,,
2025-07-11 03:48:00,-4.015999,-79.213614,Via Loja - Zamora,CON_LESIONADOS,Colision Multiple,Falla mecanica,49,LESIONADO,MUJER,VEH_LIVIANO,54,LESIONADO,MUJER,VEH_LIVIANO,,,,
2025-06-20 04:59:31,-4.022259,-79.183577,Calle Bolivar,CON_LESIONADOS,Volcamiento,Fatiga del conductor,5,LESIONADO,NO_REGISTRA,OTRO,,,,,,,,
2025-11-26 02:01:46,-4.026281,-79.182343,Calle Ramon Borrero,CON_LESIONADOS,Accidente Laboral,Fatiga del conductor,62,LESIONADO,MUJER,VEH_LIVIANO,65,LESIONADO,NO_REGISTRA,MOTOCICLETA,,,,
2025-08-31 02:51:03,-3.981327,-79.196352,Av. Gran Colombia,CON_LESIONADOS,Accidente Laboral,Exceso de velocidad,74,LESIONADO,HOMBRE,CICLISTA,32,LESIONADO,NO_REGISTRA,PEATON,,,,
2025-09-02 23:11:32,-3.995929,-79.172967,Av. Gran Colombia,SOLO_DANOS,Choque Vehicular,Exceso de velocidad,,,,,,,,,,,,
2025-03-17 09:33:05,-4.020760,-79.188887,Calle Azogues,CON_LESIONADOS,Volcamiento,Via resbaladiza o mojada,27,LESIONADO,MUJER,PEATON,,,,,,,,
2025-04-25 13:09:11,-4.023225,-79.178685,Av. Universitaria,CON_LESIONADOS,Accidente Laboral,Factores externos,33,LESIONADO,HOMBRE,OTRO,33,LESIONADO,HOMBRE,PEATON,70,LESIONADO,MUJER,SCOOTER
2025-11-23 08:47:21,-4.033820,-79.200765,Calle Azogues,CON_LESIONADOS,Choque Vehicular,Distraccion (celular/radio),76,LESIONADO,MUJER,CICLISTA,44,LESIONADO,MUJER,PEATON,19,LESIONADO,MUJER,VEH_LIVIANO
2025-10-23 16:52:13,-4.036824,-79.179412,Via Loja - Catamayo,CON_LESIONADOS,Choque Vehicular,Estado de embriaguez,8,LESIONADO,NO_REGISTRA,VEH_LIVIANO,,,,,,,,
2025-05-21 23:10:44,-4.036394,-79.186432,Calle Saraguro,SOLO_DANOS,Volcamiento,Visibilidad reducida,,,,,,,,,,,,
2025-09-13 20:31:24,-4.006975,-79.230845,Via Loja - Catamayo,SOLO_DANOS,Colision Multiple,Equipo de seguridad deficiente,,,,,,,,,,,,
2025-08-12 19:56:18,-4.000118,-79.174818,Calle Mercadillo,SOLO_DANOS,Incendio,Falla mecanica,,,,,,,,,,,,
2025-05-21 16:24:53,-3.989059,-79.223106,Av. Metropolitana,SOLO_DANOS,Volcamiento,Via resbaladiza o mojada,,,,,,,,,,,,
2025-11-11 16:43:32,-4.034848,-79.185027,Calle Imbabura,SOLO_DANOS,Colision Multiple,Estado de embriaguez,,,,,,,,,,,,
2025-11-11 02:00:28,-4.012921,-79.230333,Av. Isidro Ayora,SOLO_DANOS,Caida,Imprudencia del conductor,,,,,,,,,,,,
2025-07-20 08:32:24,-3.977719,-79.218111,Calle Colon,CON_FALLECIDOS,Incendio,Exceso de velocidad,82,FALLECIDO,MUJER,SCOOTER,28,FALLECIDO,NO_REGISTRA,PEATON,31,LESIONADO,NO_REGISTRA,VEH_LIVIANO
2025-11-05 13:02:11,-4.028769,-79.219810,Calle Montufar,SOLO_DANOS,Atropellamiento,Mal estado de la via,,,,,,,,,,,,
2025-06-04 17:04:23,-3.988621,-79.201169,Calle Quito,CON_FALLECIDOS,Atropellamiento,Imprudencia del conductor,73,FALLECIDO,NO_REGISTRA,SCOOTER,54,FALLECIDO,NO_REGISTRA,SCOOTER,63,LESIONADO,MUJER,MOTOCICLETA
2025-03-06 06:12:53,-4.005950,-79.202509,Calle 18 de Noviembre,CON_FALLECIDOS,Incendio,Equipo de seguridad deficiente,41,FALLECIDO,MUJER,VEH_LIVIANO,69,FALLECIDO,HOMBRE,PEATON,20,LESIONADO,MUJER,PEATON
2025-01-29 13:29:38,-3.989505,-79.220389,Calle 10 de Agosto,SOLO_DANOS,Caida,Falla mecanica,6,LESIONADO,HOMBRE,CICLISTA,,,,,,,,
2025-07-15 19:23:53,-4.030154,-79.218207,Av. Reinaldo Espinosa,CON_FALLECIDOS,Incendio,Imprudencia del conductor,61,FALLECIDO,HOMBRE,CICLISTA,22,LESIONADO,HOMBRE,PEATON,,,,
2025-09-15 08:22:09,-4.036752,-79.181611,Av. Gran Colombia,SOLO_DANOS,Colision Multiple,Visibilidad reducida,,,,,,,,,,,,
2025-10-24 08:41:07,-4.014471,-79.184398,Av. Gran Colombia,SOLO_DANOS,Volcamiento,Equipo de seguridad deficiente,,,,,,,,,,,,
2025-07-27 09:43:33,-4.005076,-79.209009,Calle Sucre,CON_FALLECIDOS,Choque Vehicular,Equipo de seguridad deficiente,69,FALLECIDO,NO_REGISTRA,PEATON,43,FALLECIDO,NO_REGISTRA,VEH_LIVIANO,26,LESIONADO,MUJER,SCOOTER
2025-06-11 20:13:32,-4.012826,-79.196580,Calle Ramon Borrero,SOLO_DANOS,Volcamiento,Visibilidad reducida,,,,,,,,,,,,
2025-11-03 17:08:11,-4.002474,-79.206323,Av. Cuxibamba,CON_FALLECIDOS,Colision Multiple,Via resbaladiza o mojada,85,FALLECIDO,HOMBRE,PEATON,62,FALLECIDO,HOMBRE,MOTOCICLETA,28,LESIONADO,NO_REGISTRA,MOTOCICLETA
2025-12-10 13:39:57,-3.986418,-79.178454,Calle Rocafuerte,CON_FALLECIDOS,Colision Multiple,Imprudencia del conductor,28,FALLECIDO,HOMBRE,VEH_LIVIANO,,,,,,,,
2025-11-13 21:13:49,-4.035679,-79.227294,Calle Imbabura,CON_LESIONADOS,Incendio,Factores externos,42,LESIONADO,MUJER,SCOOTER,59,LESIONADO,MUJER,OTRO,25,LESIONADO,MUJER,VEH_LIVIANO
2025-01-18 00:12:48,-4.016556,-79.181225,Calle Montufar,CON_LESIONADOS,Colision Multiple,Visibilidad reducida,57,LESIONADO,MUJER,CICLISTA,48,LESIONADO,MUJER,OTRO,70,LESIONADO,NO_REGISTRA,PEATON
2025-03-06 16:27:07,-4.025841,-79.197818,Av. Universitaria,CON_FALLECIDOS,Caida,Visibilidad reducida,18,FALLECIDO,MUJER,VEH_LIVIANO,36,LESIONADO,NO_REGISTRA,CICLISTA,43,LESIONADO,MUJER,OTRO
2025-12-26 22:21:53,-4.000477,-79.180272,Calle Bolivar,CON_FALLECIDOS,Colision Multiple,Falla mecanica,58,FALLECIDO,MUJER,CICLISTA,72,FALLECIDO,MUJER,VEH_LIVIANO,7,LESIONADO,MUJER,MOTOCICLETA
2025-01-28 18:54:17,-4.007298,-79.185065,Av. Universitaria,SOLO_DANOS,Incendio,Equipo de seguridad deficiente,,,,,,,,,,,,
2025-11-14 12:59:40,-3.980021,-79.171469,Calle Rocafuerte,CON_FALLECIDOS,Volcamiento,Estado de embriaguez,41,FALLECIDO,NO_REGISTRA,CICLISTA,70,LESIONADO,NO_REGISTRA,PEATON,,,,
2025-03-10 07:02:54,-4.010689,-79.226430,Calle 10 de Agosto,SOLO_DANOS,Volcamiento,Via resbaladiza o mojada,,,,,,,,,,,,
2025-07-09 08:18:57,-4.020107,-79.214277,Av. Rosa Hermosa,SOLO_DANOS,Colision Multiple,Falla mecanica,,,,,,,,,,,,
2025-09-22 07:15:10,-3.983423,-79.230848,Av. Rosa Hermosa,CON_FALLECIDOS,Incendio,Distraccion (celular/radio),81,FALLECIDO,MUJER,SCOOTER,58,FALLECIDO,HOMBRE,CICLISTA,25,LESIONADO,NO_REGISTRA,SCOOTER
2025-07-29 05:29:03,-4.021947,-79.178093,Calle Miguel Riofrio,CON_LESIONADOS,Colision Multiple,Mal estado de la via,44,LESIONADO,NO_REGISTRA,SCOOTER,55,LESIONADO,MUJER,PEATON,17,LESIONADO,MUJER,MOTOCICLETA
2025-01-12 21:09:57,-3.984162,-79.182286,Calle Bolivar,CON_LESIONADOS,Colision Multiple,Fatiga del conductor,62,LESIONADO,MUJER,SCOOTER,,,,,,,,
2025-09-29 09:11:42,-4.032655,-79.177386,Via Loja - Catamayo,SOLO_DANOS,Colision Multiple,Falla mecanica,,,,,,,,,,,,
2025-04-22 10:52:15,-3.979739,-79.207755,Calle Miguel Riofrio,CON_LESIONADOS,Colision Multiple,Estado de embriaguez,42,LESIONADO,MUJER,MOTOCICLETA,69,LESIONADO,MUJER,OTRO,34,LESIONADO,HOMBRE,MOTOCICLETA
2025-08-04 05:02:54,-3.978563,-79.175049,Ruta 35,CON_LESIONADOS,Atropellamiento,Visibilidad reducida,80,LESIONADO,NO_REGISTRA,PEATON,77,LESIONADO,NO_REGISTRA,SCOOTER,68,LESIONADO,HOMBRE,MOTOCICLETA
2025-12-03 14:23:11,-4.021226,-79.193912,Av. Isidro Ayora,CON_LESIONADOS,Incendio,Visibilidad reducida,46,LESIONADO,MUJER,SCOOTER,51,LESIONADO,MUJER,SCOOTER,,,,
2025-08-17 14:34:46,-4.029556,-79.189571,Av. Reinaldo Espinosa,CON_FALLECIDOS,Incendio,Fatiga del conductor,61,FALLECIDO,HOMBRE,OTRO,,,,,,,,
2025-04-22 19:54:24,-4.003554,-79.193905,Calle Mercadillo,SOLO_DANOS,Volcamiento,Inobservancia de senales,,,,,,,,,,,,
2025-08-03 20:18:36,-4.004591,-79.220563,Calle Colon,SOLO_DANOS,Colision Multiple,Mal estado de la via,,,,,,,,,,,,
2025-08-09 19:34:50,-4.019667,-79.205775,Av. Pio Jaramillo,CON_FALLECIDOS,Caida,Via resbaladiza o mojada,41,FALLECIDO,HOMBRE,MOTOCICLETA,42,FALLECIDO,HOMBRE,PEATON,59,LESIONADO,HOMBRE,SCOOTER
2025-08-13 06:06:05,-4.025390,-79.173008,Av. Isidro Ayora,SOLO_DANOS,Atropellamiento,Distraccion (celular/radio),,,,,,,,,,,,
2025-02-17 01:35:47,-4.010157,-79.188433,Calle Saraguro,CON_LESIONADOS,Volcamiento,Equipo de seguridad deficiente,35,LESIONADO,MUJER,PEATON,25,LESIONADO,HOMBRE,MOTOCICLETA,9,LESIONADO,MUJER,CICLISTA
2025-10-12 13:24:44,-4.022397,-79.218204,Calle Saraguro,SOLO_DANOS,Volcamiento,Inobservancia de senales,47,LESIONADO,MUJER,SCOOTER,,,,,,,,
2025-04-07 13:45:13,-3.995733,-79.192727,Av. Pio Jaramillo,CON_LESIONADOS,Atropellamiento,Exceso de velocidad,9,LESIONADO,MUJER,VEH_LIVIANO,61,LESIONADO,HOMBRE,PEATON,6,LESIONADO,HOMBRE,MOTOCICLETA
2025-01-01 17:58:21,-3.992576,-79.206496,Calle Bolivar,CON_FALLECIDOS,Accidente Laboral,Equipo de seguridad deficiente,32,FALLECIDO,NO_REGISTRA,SCOOTER,27,LESIONADO,NO_REGISTRA,PEATON,,,,
2025-08-09 01:40:23,-4.010392,-79.214922,Calle 10 de Agosto,CON_FALLECIDOS,Caida,Imprudencia del conductor,55,FALLECIDO,NO_REGISTRA,VEH_LIVIANO,,,,,,,,
2025-08-21 00:44:02,-4.020252,-79.189885,Calle Colon,CON_FALLECIDOS,Caida,Exceso de velocidad,55,FALLECIDO,NO_REGISTRA,MOTOCICLETA,73,FALLECIDO,HOMBRE,VEH_LIVIANO,32,LESIONADO,NO_REGISTRA,VEH_LIVIANO
2025-04-01 16:22:22,-3.986894,-79.202298,Av. Isidro Ayora,CON_FALLECIDOS,Caida,Falla mecanica,37,FALLECIDO,HOMBRE,SCOOTER,35,FALLECIDO,HOMBRE,PEATON,65,LESIONADO,NO_REGISTRA,VEH_LIVIANO
2025-03-31 05:17:12,-4.029960,-79.205057,Av. Orillas del Zamora,SOLO_DANOS,Atropellamiento,Distraccion (celular/radio),,,,,,,,,,,,
2025-05-17 00:20:37,-3.988289,-79.182131,Av. Rosa Hermosa,CON_FALLECIDOS,Colision Multiple,Mal estado de la via,83,FALLECIDO,HOMBRE,OTRO,67,FALLECIDO,HOMBRE,CICLISTA,,,,
2025-09-11 09:30:06,-4.027785,-79.174492,Av. Metropolitana,CON_LESIONADOS,Colision Multiple,Fatiga del conductor,34,LESIONADO,NO_REGISTRA,PEATON,9,LESIONADO,NO_REGISTRA,CICLISTA,,,,
2025-09-02 23:22:23,-3.994521,-79.177666,Calle Saraguro,CON_FALLECIDOS,Atropellamiento,Equipo de seguridad deficiente,69,FALLECIDO,HOMBRE,CICLISTA,18,LESIONADO,NO_REGISTRA,SCOOTER,,,,
2025-01-20 00:29:19,-4.001168,-79.205522,Calle Azogues,CON_LESIONADOS,Accidente Laboral,Imprudencia del conductor,9,LESIONADO,NO_REGISTRA,MOTOCICLETA,58,LESIONADO,MUJER,SCOOTER,,,,
2025-02-04 15:26:52,-4.013980,-79.203476,Av. Manuel Agustin Aguirre,SOLO_DANOS,Accidente Laboral,Falla mecanica,,,,,,,,,,,,
2025-01-12 17:24:03,-4.016457,-79.213245,Av. Manuel Agustin Aguirre,CON_LESIONADOS,Atropellamiento,Imprudencia del conductor,36,LESIONADO,MUJER,MOTOCICLETA,73,LESIONADO,HOMBRE,VEH_LIVIANO,58,LESIONADO,NO_REGISTRA,PEATON
2025-04-25 05:24:27,-4.023578,-79.173346,Via Loja - Zamora,CON_FALLECIDOS,Choque Vehicular,Exceso de velocidad,53,FALLECIDO,NO_REGISTRA,CICLISTA,23,FALLECIDO,MUJER,CICLISTA,37,LESIONADO,HOMBRE,MOTOCICLETA