fecha_hora,latitud,longitud,via,grado_severidad,tipo_siniestro,causa_probable,victima1_edad,victima1_condicion,victima1_sexo,victima1_actor_vial,victima2_edad,victima2_condicion,victima2_sexo,victima2_actor_vial,victima3_edad,victima3_condicion,victima3_sexo,victima3_actor_vial
2025-09-23 08:26:03,-4.031261,-79.210481,Calle Ramon Borrero,CON_LESIONADOS,Incendio,Falla mecanica,27,LESIONADO,MUJER,SCOOTER,60,LESIONADO,NO_REGISTRA,OTRO,,,,
2025-01-23 19:22:27,-4.027682,-79.172970,Av. Manuel Agustin Aguirre,CON_LESIONADOS,Atropellamiento,Fatiga del conductor,6,LESIONADO,NO_REGISTRA,SCOOTER,19,LESIONADO,HOMBRE,VEH_LIVIANO,57,LESIONADO,MUJER,VEH_LIVIANO
2025-11-09 00:51:43,-4.010753,-79.211917,Av. Manuel Agustin Aguirre,CON_LESIONADOS,Incendio,Distraccion (celular/radio),52,LESIONADO,MUJER,OTRO,7,LESIONADO,HOMBRE,CICLISTA,,,,
2025-03-21 17:18:13,-4.032904,-79.174527,Calle Sucre,CON_FALLECIDOS,Volcamiento,Distraccion (celular/radio),24,FALLECIDO,HOMBRE,SCOOTER,49,FALLECIDO,NO_REGISTRA,CICLISTA,,,,
2025-02-06 12:27:27,-4.025235,-79.189292,Calle Colon,CON_FALLECIDOS,Accidente Laboral,Equipo de seguridad deficiente,26,FALLECIDO,HOMBRE,VEH_LIVIANO,80,FALLECIDO,HOMBRE,VEH_LIVIANO,24,LESIONADO,NO_REGISTRA,MOTOCICLETA
2025-09-02 03:29:12,-4.026524,-79.190376,Via Loja - Catamayo,CON_LESIONADOS,Colision Multiple,Exceso de velocidad,22,LESIONADO,MUJER,VEH_LIVIANO,57,LESIONADO,NO_REGISTRA,MOTOCICLETA,39,LESIONADO,HOMBRE,VEH_LIVIANO
2025-05-07 07:47:12,-3.982736,-79.212246,Calle Miguel Riofrio,CON_LESIONADOS,Volcamiento,Factores externos,52,LESIONADO,NO_REGISTRA,OTRO,43,LESIONADO,MUJER,PEATON,13,LESIONADO,HOMBRE,SCOOTER
2025-06-20 01:28:49,-4.018795,-79.203265,Calle Bolivar,SOLO_DANOS,Atropellamiento,Falla mecanica,,,,,,,,,,,,
2025-08-15 23:30:32,-3.980684,-79.178280,Via Loja - Catamayo,CON_FALLECIDOS,Accidente Laboral,Distraccion (celular/radio),73,FALLECIDO,HOMBRE,CICLISTA,85,FALLECIDO,MUJER,MOTOCICLETA,16,LESIONADO,HOMBRE,MOTOCICLETA
2025-05-25 10:35:46,-4.017007,-79.224593,Calle Miguel Riofrio,CON_FALLECIDOS,Colision Multiple,Equipo de seguridad deficiente,30,FALLECIDO,HOMBRE,PEATON,63,LESIONADO,MUJER,CICLISTA,,,,
2025-10-11 21:28:37,-4.021468,-79.198301,Calle Azogues,CON_LESIONADOS,Volcamiento,Equipo de seguridad deficiente,19,LESIONADO,HOMBRE,PEATON,36,LESIONADO,MUJER,CICLISTA,47,LESIONADO,NO_REGISTRA,PEATON
2025-12-09 14:50:02,-3.980631,-79.186216,Calle 18 de Noviembre,CON_FALLECIDOS,Volcamiento,Mal estado de la via,49,FALLECIDO,NO_REGISTRA,PEATON,69,FALLECIDO,HOMBRE,SCOOTER,79,LESIONADO,NO_REGISTRA,VEH_LIVIANO
2025-07-03 00:57:21,-3.982897,-79.228596,Calle 18 de Noviembre,CON_LESIONADOS,Volcamiento,Falla mecanica,34,LESIONADO,NO_REGISTRA,SCOOTER,18,LESIONADO,HOMBRE,OTRO,,,,
2025-12-26 04:02:49,-4.031581,-79.219462,Calle Mercadillo,SOLO_DANOS,Incendio,Equipo de seguridad deficiente,,,,,,,,,,,,
2025-02-23 17:00:14,-4.004144,-79.193816,Via Loja - Zamora,CON_FALLECIDOS,Colision Multiple,Inobservancia de senales,66,FALLECIDO,HOMBRE,VEH_LIVIANO,48,FALLECIDO,MUJER,VEH_LIVIANO,69,LESIONADO,HOMBRE,OTRO
2025-01-22 16:14:00,-4.010698,-79.222977,Av. 8 de Diciembre,CON_FALLECIDOS,Volcamiento,Falla mecanica,78,FALLECIDO,HOMBRE,PEATON,69,LESIONADO,HOMBRE,PEATON,,,,
2025-04-07 03:12:46,-4.000973,-79.200544,Av. Manuel Agustin Aguirre,CON_FALLECIDOS,Incendio,Inobservancia de senales,19,FALLECIDO,MUJER,VEH_LIVIANO,13,LESIONADO,MUJER,CICLISTA,,,,
2025-04-06 21:21:20,-4.004099,-79.188864,Av. Gran Colombia,CON_FALLECIDOS,Choque Vehicular,Mal estado de la via,51,FALLECIDO,HOMBRE,SCOOTER,38,LESIONADO,HOMBRE,SCOOTER,32,LESIONADO,HOMBRE,PEATON
2025-12-25 17:20:36,-4.029519,-79.198614,Ruta 35,SOLO_DANOS,Choque Vehicular,Estado de embriaguez,,,,,,,,,,,,
2025-12-08 13:42:42,-4.022783,-79.184952,Calle Quito,CON_LESIONADOS,Volcamiento,Estado de embriaguez,23,LESIONADO,MUJER,CICLISTA,67,LESIONADO,NO_REGISTRA,CICLISTA,6,LESIONADO,NO_REGISTRA,PEATON
2025-01-09 18:18:28,-4.028651,-79.186610,Av. Metropolitana,CON_LESIONADOS,Atropellamiento,Distraccion (celular/radio),22,LESIONADO,HOMBRE,OTRO,39,LESIONADO,NO_REGISTRA,OTRO,71,LESIONADO,MUJER,OTRO
2025-09-30 19:34:14,-3.987814,-79.230348,Calle Sucre,SOLO_DANOS,Colision Multiple,Inobservancia de senales,,,,,,,,,,,,
2025-06-09 04:21:58,-4.019850,-79.204320,Av. Gran Colombia,CON_LESIONADOS,Volcamiento,Distraccion (celular/radio),27,LESIONADO,HOMBRE,CICLISTA,34,LESIONADO,NO_REGISTRA,VEH_LIVIANO,,,,
2025-10-15 17:37:59,-4.017781,-79.198655,Av. Rosa Hermosa,CON_LESIONADOS,Colision Multiple,Factores externos,6,LESIONADO,HOMBRE,CICLISTA,75,LESIONADO,HOMBRE,VEH_LIVIANO,,,,
2025-08-17 01:56:07,-3.992551,-79.182560,Av. Pio Jaramillo,CON_FALLECIDOS,Volcamiento,Via resbaladiza o mojada,31,FALLECIDO,NO_REGISTRA,SCOOTER,73,FALLECIDO,HOMBRE,OTRO,59,LESIONADO,HOMBRE,VEH_LIVIANO
2025-05-04 15:24:17,-4.032130,-79.173462,Av. Manuel Agustin Aguirre,CON_FALLECIDOS,Choque Vehicular,Visibilidad reducida,78,FALLECIDO,HOMBRE,SCOOTER,55,FALLECIDO,NO_REGISTRA,CICLISTA,31,LESIONADO,HOMBRE,PEATON
2025-07-02 17:37:09,-4.016643,-79.178922,Calle Mercadillo,CON_LESIONADOS,Volcamiento,Via resbaladiza o mojada,12,LESIONADO,MUJER,PEATON,,,,,,,,
2025-02-08 02:18:03,-3.978620,-79.190509,Calle Sucre,SOLO_DANOS,Atropellamiento,Falla mecanica,,,,,,,,,,,,
2025-01-29 11:20:13,-4.022807,-79.198593,Via Loja - Zamora,CON_FALLECIDOS,Volcamiento,Equipo de seguridad deficiente,83,FALLECIDO,HOMBRE,CICLISTA,,,,,,,,
2025-01-13 05:34:37,-4.021328,-79.227532,Calle Azogues,SOLO_DANOS,Colision Multiple,Inobservancia de senales,,,,,,,,,,,,
2025-06-06 19:36:20,-4.005129,-79.207645,Calle Azogues,SOLO_DANOS,Atropellamiento,Inobservancia de senales,,,,,,,,,,,,
2025-03-15 07:34:33,-3.997970,-79.224132,Calle Miguel Riofrio,CON_LESIONADOS,Atropellamiento,Visibilidad reducida,34,LESIONADO,HOMBRE,OTRO,,,,,,,,
2025-06-04 10:19:42,-4.035805,-79.207385,Calle Ramon Borrero,CON_FALLECIDOS,Choque Vehicular,Visibilidad reducida,32,FALLECIDO,NO_REGISTRA,MOTOCICLETA,78,FALLECIDO,MUJER,OTRO,,,,
2025-11-08 00:55:28,-3.982061,-79.197869,Via Loja - Zamora,CON_FALLECIDOS,Caida,Via resbaladiza o mojada,51,FALLECIDO,MUJER,MOTOCICLETA,8,LESIONADO,NO_REGISTRA,VEH_LIVIANO,,,,
2025-05-29 18:00:27,-3.998506,-79.192830,Calle Montufar,CON_LESIONADOS,Volcamiento,Visibilidad reducida,24,LESIONADO,HOMBRE,OTRO,65,LESIONADO,NO_REGISTRA,MOTOCICLETA,,,,
2025-04-03 04:47:37,-4.000063,-79.193590,Calle Saraguro,SOLO_DANOS,Incendio,Distraccion (celular/radio),,,,,,,,,,,,
2025-06-17 18:16:25,-4.015424,-79.200834,Av. Gran Colombia,SOLO_DANOS,Incendio,Falla mecanica,,,,,,,,,,,,
2025-07-11 20:58:40,-4.020799,-79.223075,Calle Saraguro,SOLO_DANOS,Choque Vehicular,Via resbaladiza o mojada,,,,,,,,,,,,
2025-06-13 17:16:20,-4.030335,-79.181091,Calle Mercadillo,CON_FALLECIDOS,Incendio,Via resbaladiza o mojada,32,FALLECIDO,NO_REGISTRA,CICLISTA,68,FALLECIDO,HOMBRE,SCOOTER,23,LESIONADO,HOMBRE,SCOOTER
2025-07-26 12:11:03,-4.034877,-79.171800,Av. Isidro Ayora,CON_LESIONADOS,Volcamiento,Inobservancia de senales,9,LESIONADO,MUJER,PEATON,,,,,,,,
2025-12-11 06:22:21,-3.990702,-79.189573,Av. Isidro Ayora,CON_FALLECIDOS,Atropellamiento,Exceso de velocidad,45,FALLECIDO,MUJER,VEH_LIVIANO,,,,,,,,
2025-07-03 22:42:37,-4.035283,-79.226608,Calle 18 de Noviembre,CON_LESIONADOS,Volcamiento,Imprudencia del conductor,10,LESIONADO,NO_REGISTRA,VEH_LIVIANO,19,LESIONADO,NO_REGISTRA,CICLISTA,,,,
2025-09-10 23:16:10,-4.003856,-79.172261,Av. Rosa Hermosa,CON_LESIONADOS,Caida,Via resbaladiza o mojada,63,LESIONADO,MUJER,MOTOCICLETA,58,LESIONADO,MUJER,MOTOCICLETA,,,,
2025-08-29 13:08:38,-4.012525,-79.208891,Calle 18 de Noviembre,CON_FALLECIDOS,Volcamiento,Inobservancia de senales,26,FALLECIDO,MUJER,OTRO,,,,,,,,
2025-06-19 14:06:52,-3.985580,-79.222800,Av. Isidro Ayora,CON_LESIONADOS,Choque Vehicular,Inobservancia de senales,67,LESIONADO,HOMBRE,VEH_LIVIANO,40,LESIONADO,HOMBRE,OTRO,,,,
2025-07-09 19:29:05,-3.979372,-79.228250,Calle Montufar,CON_FALLECIDOS,Colision Multiple,Inobservancia de senales,67,FALLECIDO,NO_REGISTRA,MOTOCICLETA,73,FALLECIDO,HOMBRE,VEH_LIVIANO,10,LESIONADO,NO_REGISTRA,OTRO
2025-11-07 15:02:10,-3.990449,-79.191873,Av. Pio Jaramillo,CON_FALLECIDOS,Atropellamiento,Fatiga del conductor,30,FALLECIDO,MUJER,OTRO,66,FALLECIDO,MUJER,SCOOTER,5,LESIONADO,HOMBRE,CICLISTA
2025-05-21 09:02:08,-3.977383,-79.199865,Calle Saraguro,CON_FALLECIDOS,Volcamiento,Mal estado de la via,81,FALLECIDO,MUJER,VEH_LIVIANO,15,LESIONADO,HOMBRE,MOTOCICLETA,,,,
2025-07-05 03:31:45,-4.028468,-79.177903,Av. Cuxibamba,CON_LESIONADOS,Choque Vehicular,Via resbaladiza o mojada,23,LESIONADO,MUJER,MOTOCICLETA,53,LESIONADO,MUJER,CICLISTA,,,,
2025-04-28 15:44:15,-3.996866,-79.213120,Calle Saraguro,CON_LESIONADOS,Atropellamiento,Visibilidad reducida,51,LESIONADO,NO_REGISTRA,CICLISTA,,,,,,,,
2025-01-12 07:00:43,-3.992598,-79.178783,Av. Gran Colombia,CON_LESIONADOS,Caida,Factores externos,36,LESIONADO,HOMBRE,CICLISTA,45,LESIONADO,MUJER,MOTOCICLETA,,,,
2025-07-17 04:28:39,-3.983389,-79.230943,Calle 18 de Noviembre,CON_LESIONADOS,Volcamiento,Falla mecanica,35,LESIONADO,HOMBRE,VEH_LIVIANO,18,LESIONADO,MUJER,MOTOCICLETA,53,LESIONADO,HOMBRE,OTRO
2025-12-16 06:31:53,-3.999528,-79.183965,Av. Isidro Ayora,CON_FALLECIDOS,Volcamiento,Inobservancia de senales,58,FALLECIDO,NO_REGISTRA,SCOOTER,73,FALLECIDO,MUJER,VEH_LIVIANO,,,,
2025-02-01 21:34:30,-4.026321,-79.208142,Via Loja - Zamora,CON_FALLECIDOS,Volcamiento,Exceso de velocidad,43,FALLECIDO,HOMBRE,PEATON,50,FALLECIDO,MUJER,VEH_LIVIANO,,,,
2025-03-27 11:21:01,-3.980345,-79.195161,Av. 8 de Diciembre,CON_FALLECIDOS,Caida,Distraccion (celular/radio),72,FALLECIDO,NO_REGISTRA,SCOOTER,25,LESIONADO,NO_REGISTRA,OTRO,,,,
2025-06-18 09:20:41,-3.980574,-79.221916,Calle Colon,CON_LESIONADOS,Caida,Equipo de seguridad deficiente,51,LESIONADO,MUJER,VEH_LIVIANO,51,LESIONADO,HOMBRE,OTRO,,,,
2025-01-01 09:29:06,-3.984064,-79.222577,Calle Colon,SOLO_DANOS,Volcamiento,Exceso de velocidad,,,,,,,,,,,,
2025-10-17 09:07:55,-3.979042,-79.222856,Av. 8 de Diciembre,SOLO_DANOS,Choque Vehicular,Mal estado de la via,,,,,,,,,,,,
2025-02-12 03:11:29,-4.031063,-79.172585,Via Loja - Zamora,SOLO_DANOS,Colision Multiple,Via resbaladiza o mojada,,,,,,,,,,,,
2025-09-15 04:05:48,-4.000898,-79.184581,Calle Colon,CON_LESIONADOS,Colision Multiple,Distraccion (celular/radio),18,LESIONADO,HOMBRE,SCOOTER,56,LESIONADO,HOMBRE,OTRO,53,LESIONADO,MUJER,CICLISTA
2025-01-07 11:30:01,-3.995515,-79.173432,Via Loja - Zamora,CON_LESIONADOS,Colision Multiple,Fatiga del conductor,62,LESIONADO,NO_REGISTRA,SCOOTER,,,,,,,,
2025-07-24 14:12:10,-4.006908,-79.195911,Via Loja - Zamora,CON_FALLECIDOS,Caida,Exceso de velocidad,49,FALLECIDO,NO_REGISTRA,PEATON,20,LESIONADO,NO_REGISTRA,SCOOTER,,,,
2025-03-16 15:19:41,-4.028398,-79.196081,Calle Quito,SOLO_DANOS,Accidente Laboral,Exceso de velocidad,,,,,,,,,,,,
2025-11-19 21:41:19,-3.983752,-79.208439,Calle Bolivar,CON_LESIONADOS,Accidente Laboral,Equipo de seguridad deficiente,51,LESIONADO,MUJER,CICLISTA,,,,,,,,
2025-09-22 04:31:10,-3.982309,-79.230298,Av. Pio Jaramillo,SOLO_DANOS,Volcamiento,Fatiga del conductor,,,,,,,,,,,,
2025-02-20 23:10:15,-4.001094,-79.219629,Calle Bolivar,CON_FALLECIDOS,Caida,Falla mecanica,53,FALLECIDO,MUJER,VEH_LIVIANO,61,FALLECIDO,HOMBRE,OTRO,,,,
2025-09-07 20:54:05,-3.987695,-79.202021,Calle Miguel Riofrio,SOLO_DANOS,Choque Vehicular,Imprudencia del conductor,,,,,,,,,,,,
2025-04-19 07:17:30,-4.009556,-79.187436,Calle Ramon Borrero,CON_FALLECIDOS,Incendio,Fatiga del conductor,39,FALLECIDO,MUJER,MOTOCICLETA,45,FALLECIDO,NO_REGISTRA,MOTOCICLETA,,,,
2025-11-13 17:41:35,-4.022137,-79.218242,Calle 18 de Noviembre,CON_LESIONADOS,Atropellamiento,Fatiga del conductor,73,LESIONADO,HOMBRE,SCOOTER,,,,,,,,
2025-01-15 06:22:31,-4.020658,-79.203337,Calle Saraguro,CON_LESIONADOS,Atropellamiento,Via resbaladiza o mojada,47,LESIONADO,NO_REGISTRA,PEATON,71,LESIONADO,NO_REGISTRA,CICLISTA,12,LESIONADO,MUJER,SCOOTER
2025-05-15 07:51:05,-3.987791,-79.187747,Calle Saraguro,CON_FALLECIDOS,Volcamiento,Via resbaladiza o mojada,67,FALLECIDO,MUJER,VEH_LIVIANO,61,FALLECIDO,NO_REGISTRA,CICLISTA,60,LESIONADO,HOMBRE,SCOOTER
2025-04-01 02:13:11,-4.010332,-79.202845,Calle Azogues,CON_LESIONADOS,Colision Multiple,Via resbaladiza o mojada,67,LESIONADO,HOMBRE,OTRO,,,,,,,,
2025-05-15 05:14:59,-4.030111,-79.178153,Calle Quito,CON_LESIONADOS,Choque Vehicular,Factores externos,79,LESIONADO,HOMBRE,VEH_LIVIANO,64,LESIONADO,MUJER,VEH_LIVIANO,,,,
2025-04-25 14:15:58,-3.998299,-79.210163,Calle Miguel Riofrio,CON_FALLECIDOS,Atropellamiento,Equipo de seguridad deficiente,30,FALLECIDO,MUJER,PEATON,19,LESIONADO,NO_REGISTRA,MOTOCICLETA,27,LESIONADO,NO_REGISTRA,CICLISTA
2025-06-17 03:07:52,-4.000544,-79.180357,Calle Colon,CON_FALLECIDOS,Choque Vehicular,Via resbaladiza o mojada,21,FALLECIDO,NO_REGISTRA,CICLISTA,35,LESIONADO,MUJER,MOTOCICLETA,,,,
2025-07-17 15:08:26,-4.021643,-79.196107,Calle Bolivar,SOLO_DANOS,Choque Vehicular,Estado de embriaguez,,,,,,,,,,,,
2025-05-20 07:01:47,-4.006731,-79.223477,Av. Isidro Ayora,CON_LESIONADOS,Volcamiento,Falla mecanica,62,LESIONADO,NO_REGISTRA,MOTOCICLETA,16,LESIONADO,NO_REGISTRA,SCOOTER,18,LESIONADO,NO_REGISTRA,CICLISTA
2025-09-16 00:16:33,-4.018839,-79.201059,Av. Rosa Hermosa,CON_FALLECIDOS,Volcamiento,Exceso de velocidad,81,FALLECIDO,NO_REGISTRA,OTRO,74,FALLECIDO,HOMBRE,MOTOCICLETA,65,LESIONADO,HOMBRE,PEATON
2025-09-03 15:09:00,-3.985291,-79.198009,Calle Montufar,CON_FALLECIDOS,Incendio,Falla mecanica,19,FALLECIDO,MUJER,VEH_LIVIANO,64,FALLECIDO,HOMBRE,SCOOTER,,,,
2025-05-14 15:23:38,-4.027161,-79.202279,Calle Azogues,SOLO_DANOS,Incendio,Factores externos,,,,,,,,,,,,
2025-10-09 17:58:37,-4.023721,-79.191466,Av. Cuxibamba,CON_LESIONADOS,Atropellamiento,Fatiga del conductor,43,LESIONADO,NO_REGISTRA,OTRO,56,LESIONADO,NO_REGISTRA,CICLISTA,,,,
2025-11-12 16:56:48,-3.987960,-79.173063,Av. Isidro Ayora,CON_LESIONADOS,Incendio,Via resbaladiza o mojada,71,LESIONADO,NO_REGISTRA,VEH_LIVIANO,50,LESIONADO,MUJER,PEATON,29,LESIONADO,NO_REGISTRA,MOTOCICLETA
2025-07-30 16:30:47,-4.016592,-79.219769,Av. Universitaria,CON_FALLECIDOS,Choque Vehicular,Falla mecanica,74,FALLECIDO,MUJER,SCOOTER,9,LESIONADO,MUJER,VEH_LIVIANO,52,LESIONADO,MUJER,MOTOCICLETA
2025-03-28 18:53:03,-3.994900,-79.214174,Av. Reinaldo Espinosa,CON_FALLECIDOS,Colision Multiple,Factores externos,58,FALLECIDO,NO_REGISTRA,MOTOCICLETA,39,LESIONADO,MUJER,PEATON,,,,
2025-07-20 15:24:53,-4.002420,-79.230849,Av. Reinaldo Espinosa,CON_FALLECIDOS,Accidente Laboral,Exceso de velocidad,39,FALLECIDO,MUJER,VEH_LIVIANO,33,FALLECIDO,NO_REGISTRA,SCOOTER,64,LESIONADO,HOMBRE,MOTOCICLETA
2025-05-22 00:33:43,-4.011130,-79.213130,Calle Mercadillo,SOLO_DANOS,Accidente Laboral,Inobservancia de senales,,,,,,,,,,,,
2025-12-23 17:44:32,-3.978668,-79.229078,Av. 8 de Diciembre,CON_LESIONADOS,Volcamiento,Visibilidad reducida,66,LESIONADO,NO_REGISTRA,MOTOCICLETA,25,LESIONADO,MUJER,CICLISTA,62,LESIONADO,HOMBRE,MOTOCICLETA
2025-07-18 03:16:38,-4.028577,-79.171944,Calle Bolivar,CON_FALLECIDOS,Atropellamiento,Exceso de velocidad,49,FALLECIDO,NO_REGISTRA,PEATON,,,,,,,,
2025-02-05 08:15:59,-4.033674,-79.210355,Calle Montufar,CON_LESIONADOS,Atropellamiento,Imprudencia del conductor,18,LESIONADO,HOMBRE,OTRO,,,,,,,,
2025-04-12 01:29:14,-4.021070,-79.230462,Calle Bolivar,CON_LESIONADOS,Incendio,Imprudencia del conductor,7,LESIONADO,HOMBRE,OTRO,68,LESIONADO,HOMBRE,VEH_LIVIANO,53,LESIONADO,HOMBRE,OTRO
2025-10-21 07:01:56,-4.030126,-79.195464,Calle Saraguro,CON_FALLECIDOS,Incendio,Imprudencia del conductor,55,FALLECIDO,MUJER,OTRO,73,FALLECIDO,NO_REGISTRA,VEH_LIVIANO,,,,
2025-02-01 10:37:14,-4.012002,-79.202867,Av. Pio Jaramillo,CON_FALLECIDOS,Caida,Inobservancia de senales,35,FALLECIDO,HOMBRE,VEH_LIVIANO,,,,,,,,
2025-10-01 06:58:20,-3.992601,-79.191167,Via Loja - Zamora,SOLO_DANOS,Incendio,Via resbaladiza o mojada,,,,,,,,,,,,
2025-05-25 21:34:32,-3.980530,-79.180582,Av. Isidro Ayora,CON_FALLECIDOS,Caida,Imprudencia del conductor,72,FALLECIDO,NO_REGISTRA,PEATON,77,FALLECIDO,NO_REGISTRA,CICLISTA,,,,
2025-02-08 19:49:36,-4.026616,-79.216978,Calle Imbabura,CON_FALLECIDOS,Accidente Laboral,Via resbaladiza o mojada,81,FALLECIDO,NO_REGISTRA,PEATON,54,FALLECIDO,MUJER,CICLISTA,58,LESIONADO,NO_REGISTRA,CICLISTA
2025-04-12 08:14:17,-4.020348,-79.230724,Av. Cuxibamba,CON_FALLECIDOS,Choque Vehicular,Via resbaladiza o mojada,83,FALLECIDO,NO_REGISTRA,OTRO,85,FALLECIDO,HOMBRE,OTRO,55,LESIONADO,HOMBRE,PEATON
2025-02-07 12:38:10,-4.013519,-79.193386,Calle Azogues,CON_LESIONADOS,Atropellamiento,Estado de embriaguez,79,LESIONADO,NO_REGISTRA,OTRO,32,LESIONADO,HOMBRE,VEH_LIVIANO,55,LESIONADO,HOMBRE,CICLISTA
2025-01-23 12:41:29,-4.023581,-79.185766,Av. Reinaldo Espinosa,SOLO_DANOS,Atropellamiento,Via resbaladiza o mojada,,,,,,,,,,,,
2025-03-06 03:16:17,-3.984566,-79.188206,Calle Quito,SOLO_DANOS,Colision Multiple,Inobservancia de senales,,,,,,,,,,,,
2025-10-07 15:49:44,-4.035904,-79.225496,Calle Colon,SOLO_DANOS,Colision Multiple,Distraccion (celular/radio),,,,,,,,,,,,
2025-02-12 01:05:42,-4.002782,-79.204154,Av. Orillas del Zamora,CON_LESIONADOS,Atropellamiento,Visibilidad reducida,71,LESIONADO,NO_REGISTRA,SCOOTER,,,,,,,,
2025-11-22 23:28:38,-4.026278,-79.218931,Av. Reinaldo Espinosa,CON_LESIONADOS,Accidente Laboral,Visibilidad reducida,17,LESIONADO,HOMBRE,CICLISTA,,,,,,,,
2025-09-11 10:12:34,-3.978313,-79.200129,Calle Ramon Borrero,SOLO_DANOS,Caida,Exceso de velocidad,,,,,,,,,,,,
2025-04-24 05:38:35,-3.998970,-79.216329,Av. Rosa Hermosa,CON_LESIONADOS,Incendio,Inobservancia de senales,51,LESIONADO,NO_REGISTRA,MOTOCICLETA,76,LESIONADO,NO_REGISTRA,PEATON,,,,
2025-04-16 12:01:01,-3.999077,-79.182984,Calle Sucre,CON_LESIONADOS,Accidente Laboral,Imprudencia del conductor,51,LESIONADO,HOMBRE,MOTOCICLETA,78,LESIONADO,MUJER,MOTOCICLETA,,,,
2025-09-11 12:33:10,-4.011798,-79.226456,Ruta 35,SOLO_DANOS,Colision Multiple,Visibilidad reducida,,,,,,,,,,,,
2025-05-21 14:36:57,-4.009906,-79.205283,Av. Gran Colombia,SOLO_DANOS,Atropellamiento,Via resbaladiza o mojada,,,,,,,,,,,,
2025-06-02 11:33:55,-3.977643,-79.211867,Av. Universitaria,CON_LESIONADOS,Volcamiento,Falla mecanica,76,LESIONADO,NO_REGISTRA,PEATON,16,LESIONADO,HOMBRE,SCOOTER,,,,
2025-10-30 11:09:18,-3.996546,-79.174716,Calle Imbabura,CON_LESIONADOS,Colision Multiple,Visibilidad reducida,14,LESIONADO,NO_REGISTRA,PEATON,77,LESIONADO,HOMBRE,CICLISTA,,,,
2025-12-29 03:18:06,-4.012612,-79.213996,Av. 8 de Diciembre,CON_LESIONADOS,Choque Vehicular,Distraccion (celular/radio),7,LESIONADO,MUJER,SCOOTER,,,,,,,,
2025-11-14 10:54:14,-3.997817,-79.216909,Av. Pio Jaramillo,CON_LESIONADOS,Atropellamiento,Equipo de seguridad deficiente,26,LESIONADO,HOMBRE,CICLISTA,20,LESIONADO,HOMBRE,VEH_LIVIANO,,,,
2025-08-24 07:47:59,-4.005753,-79.221599,Av. Orillas del Zamora,SOLO_DANOS,Caida,Imprudencia del conductor,46,LESIONADO,MUJER,SCOOTER,,,,,,,,
2025-12-30 21:54:11,-3.988917,-79.183373,Av. Rosa Hermosa,SOLO_DANOS,Choque Vehicular,Estado de embriaguez,,,,,,,,,,,,
2025-02-26 17:03:32,-3.988774,-79.210002,Via Loja - Catamayo,SOLO_DANOS,Choque Vehicular,Falla mecanica,,,,,,,,,,,,
2025-04-15 08:03:02,-3.981762,-79.177226,Calle Rocafuerte,SOLO_DANOS,Choque Vehicular,Distraccion (celular/radio),,,,,,,,,,,,
2025-07-26 23:09:20,-3.985171,-79.206496,Calle 10 de Agosto,CON_FALLECIDOS,Choque Vehicular,Falla mecanica,34,FALLECIDO,HOMBRE,SCOOTER,67,LESIONADO,MUJER,OTRO,65,LESIONADO,MUJER,SCOOTER
2025-01-30 19:40:38,-4.015141,-79.196270,Calle Colon,CON_FALLECIDOS,Volcamiento,Inobservancia de senales,47,FALLECIDO,MUJER,PEATON,19,LESIONADO,HOMBRE,SCOOTER,,,,
2025-10-10 16:53:02,-3.978069,-79.177268,Av. 8 de Diciembre,SOLO_DANOS,Atropellamiento,Fatiga del conductor,,,,,,,,,,,,
2025-07-27 15:31:48,-3.996862,-79.187964,Av. Manuel Agustin Aguirre,CON_FALLECIDOS,Atropellamiento,Inobservancia de senales,35,FALLECIDO,MUJER,CICLISTA,,,,,,,,
2025-10-04 17:28:45,-4.020659,-79.198798,Av. Rosa Hermosa,SOLO_DANOS,Atropellamiento,Via resbaladiza o mojada,62,LESIONADO,MUJER,VEH_LIVIANO,,,,,,,,
2025-10-02 13:26:50,-4.005635,-79.211047,Calle Bolivar,SOLO_DANOS,Caida,Mal estado de la via,,,,,,,,,,,,
2025-02-04 21:51:43,-4.017671,-79.222021,Av. Manuel Agustin Aguirre,CON_FALLECIDOS,Caida,Imprudencia del conductor,40,FALLECIDO,MUJER,OTRO,,,,,,,,
2025-02-28 08:53:36,-3.995112,-79.182191,Av. Metropolitana,SOLO_DANOS,Caida,Imprudencia del conductor,,,,,,,,,,,,
2025-09-24 18:51:39,-4.028942,-79.181914,Av. Isidro Ayora,SOLO_DANOS,Accidente Laboral,Distraccion (celular/radio),,,,,,,,,,,,
2025-01-19 13:53:38,-3.995445,-79.172025,Calle 10 de Agosto,CON_LESIONADOS,Volcamiento,Estado de embriaguez,45,LESIONADO,HOMBRE,CICLISTA,38,LESIONADO,NO_REGISTRA,OTRO,29,LESIONADO,MUJER,SCOOTER
2025-05-22 19:35:54,-4.005989,-79.189750,Av. Pio Jaramillo,SOLO_DANOS,Colision Multiple,Equipo de seguridad deficiente,,,,,,,,,,,,
2025-12-17 12:50:22,-3.998231,-79.175992,Calle Bolivar,CON_LESIONADOS,Volcamiento,Inobservancia de senales,7,LESIONADO,MUJER,PEATON,,,,,,,,
2025-10-14 01:41:05,-3.977759,-79.176379,Calle Montufar,SOLO_DANOS,Volcamiento,Distraccion (celular/radio),,,,,,,,,,,,