fecha_hora,latitud,longitud,via,grado_severidad,tipo_siniestro,causa_probable,victima1_edad,victima1_condicion,victima1_sexo,victima1_actor_vial,victima2_edad,victima2_condicion,victima2_sexo,victima2_actor_vial,victima3_edad,victima3_condicion,victima3_sexo,victima3_actor_vial
2025-05-01 05:28:31,-3.991194,-79.182626,Calle Sucre,CON_LESIONADOS,Caida,Fatiga del conductor,6,LESIONADO,HOMBRE,OTRO,,,,,,,,
2025-01-08 09:17:00,-4.033080,-79.183280,Av. Pio Jaramillo,SOLO_DANOS,Accidente Laboral,Exceso de velocidad,,,,,,,,,,,,
2025-01-13 10:32:29,-3.980872,-79.203328,Ruta 35,CON_FALLECIDOS,Accidente Laboral,Factores externos,47,FALLECIDO,MUJER,CICLISTA,16,LESIONADO,MUJER,SCOOTER,50,LESIONADO,NO_REGISTRA,CICLISTA
2025-02-19 06:30:48,-3.985608,-79.172223,Av. Rosa Hermosa,CON_LESIONADOS,Colision Multiple,Via resbaladiza o mojada,38,LESIONADO,NO_REGISTRA,CICLISTA,30,LESIONADO,HOMBRE,SCOOTER,19,LESIONADO,NO_REGISTRA,CICLISTA
2025-08-22 15:30:29,-4.025871,-79.184646,Calle Quito,CON_LESIONADOS,Atropellamiento,Visibilidad reducida,44,LESIONADO,MUJER,PEATON,39,LESIONADO,NO_REGISTRA,SCOOTER,63,LESIONADO,NO_REGISTRA,VEH_LIVIANO
2025-02-03 17:12:11,-3.998427,-79.209429,Ruta 35,CON_LESIONADOS,Caida,Imprudencia del conductor,18,LESIONADO,NO_REGISTRA,PEATON,68,LESIONADO,MUJER,VEH_LIVIANO,,,,
2025-07-22 02:56:01,-3.978041,-79.173454,Av. Pio Jaramillo,SOLO_DANOS,Atropellamiento,Via resbaladiza o mojada,,,,,,,,,,,,
2025-07-23 17:01:55,-3.993022,-79.209579,Av. Manuel Agustin Aguirre,SOLO_DANOS,Choque Vehicular,Falla mecanica,,,,,,,,,,,,
2025-12-15 07:03:29,-4.014454,-79.177396,Av. Rosa Hermosa,CON_LESIONADOS,Accidente Laboral,Estado de embriaguez,55,LESIONADO,NO_REGISTRA,PEATON,,,,,,,,
2025-12-26 02:13:17,-3.989524,-79.190410,Av. Reinaldo Espinosa,SOLO_DANOS,Volcamiento,Falla mecanica,,,,,,,,,,,,
2025-02-09 00:41:09,-4.028287,-79.184345,Av. Gran Colombia,CON_LESIONADOS,Atropellamiento,Visibilidad reducida,14,LESIONADO,MUJER,SCOOTER,65,LESIONADO,HOMBRE,OTRO,78,LESIONADO,NO_REGISTRA,VEH_LIVIANO
2025-08-29 21:20:19,-4.013526,-79.190419,Calle Mercadillo,CON_FALLECIDOS,Atropellamiento,Imprudencia del conductor,49,FALLECIDO,NO_REGISTRA,PEATON,,,,,,,,
2025-11-05 14:46:09,-4.033776,-79.184088,Ruta 35,CON_FALLECIDOS,Volcamiento,Fatiga del conductor,36,FALLECIDO,MUJER,OTRO,65,FALLECIDO,NO_REGISTRA,PEATON,,,,
2025-09-26 02:25:58,-4.013384,-79.182929,Calle Bolivar,CON_LESIONADOS,Volcamiento,Falla mecanica,21,LESIONADO,MUJER,SCOOTER,22,LESIONADO,HOMBRE,OTRO,24,LESIONADO,HOMBRE,OTRO
2025-12-23 05:46:19,-4.014426,-79.203788,Calle Imbabura,CON_LESIONADOS,Choque Vehicular,Fatiga del conductor,47,LESIONADO,HOMBRE,MOTOCICLETA,25,LESIONADO,HOMBRE,CICLISTA,28,LESIONADO,HOMBRE,MOTOCICLETA
2025-07-02 07:45:08,-4.033177,-79.210190,Via Loja - Zamora,CON_LESIONADOS,Atropellamiento,Mal estado de la via,5,LESIONADO,MUJER,SCOOTER,,,,,,,,
2025-12-23 13:06:15,-4.025585,-79.211127,Calle Ramon Borrero,SOLO_DANOS,Accidente Laboral,Exceso de velocidad,,,,,,,,,,,,
2025-09-05 01:18:18,-4.031423,-79.190594,Av. Isidro Ayora,CON_LESIONADOS,Caida,Imprudencia del conductor,43,LESIONADO,HOMBRE,VEH_LIVIANO,,,,,,,,
2025-08-25 10:23:05,-4.021411,-79.225376,Calle Azogues,CON_LESIONADOS,Accidente Laboral,Inobservancia de senales,75,LESIONADO,MUJER,SCOOTER,,,,,,,,
2025-12-17 22:57:18,-4.008019,-79.225095,Calle Quito,CON_LESIONADOS,Caida,Equipo de seguridad deficiente,39,LESIONADO,HOMBRE,MOTOCICLETA,50,LESIONADO,HOMBRE,MOTOCICLETA,,,,
2025-06-10 04:21:58,-4.009174,-79.183898,Calle Azogues,SOLO_DANOS,Colision Multiple,Falla mecanica,,,,,,,,,,,,
2025-03-31 04:58:44,-3.990955,-79.227046,Av. Orillas del Zamora,SOLO_DANOS,Colision Multiple,Distraccion (celular/radio),,,,,,,,,,,,
2025-11-27 00:43:13,-4.020324,-79.223372,Av. Reinaldo Espinosa,CON_FALLECIDOS,Volcamiento,Imprudencia del conductor,25,FALLECIDO,HOMBRE,CICLISTA,,,,,,,,
2025-05-29 09:58:49,-4.016474,-79.226371,Calle Quito,SOLO_DANOS,Choque Vehicular,Estado de embriaguez,22,LESIONADO,NO_REGISTRA,CICLISTA,,,,,,,,
2025-09-22 02:15:42,-4.034427,-79.193093,Calle Ramon Borrero,CON_FALLECIDOS,Colision Multiple,Equipo de seguridad deficiente,65,FALLECIDO,NO_REGISTRA,PEATON,,,,,,,,
2025-03-14 03:20:27,-4.022745,-79.213056,Av. Metropolitana,CON_LESIONADOS,Atropellamiento,Exceso de velocidad,77,LESIONADO,HOMBRE,PEATON,51,LESIONADO,HOMBRE,PEATON,19,LESIONADO,NO_REGISTRA,SCOOTER
2025-02-25 13:27:27,-3.977599,-79.221295,Via Loja - Zamora,SOLO_DANOS,Caida,Inobservancia de senales,,,,,,,,,,,,
2025-12-04 20:52:57,-3.992746,-79.218359,Calle Ramon Borrero,CON_FALLECIDOS,Volcamiento,Exceso de velocidad,19,FALLECIDO,HOMBRE,SCOOTER,,,,,,,,
2025-12-03 15:27:28,-4.021705,-79.192291,Calle Azogues,SOLO_DANOS,Incendio,Fatiga del conductor,,,,,,,,,,,,
2025-01-20 09:39:18,-4.013440,-79.228331,Calle Saraguro,SOLO_DANOS,Atropellamiento,Factores externos,,,,,,,,,,,,
2025-11-11 07:56:09,-4.031242,-79.175471,Calle 18 de Noviembre,CON_FALLECIDOS,Choque Vehicular,Factores externos,28,FALLECIDO,HOMBRE,SCOOTER,61,FALLECIDO,NO_REGISTRA,OTRO,14,LESIONADO,MUJER,MOTOCICLETA
2025-10-18 16:42:11,-4.008767,-79.189823,Av. Isidro Ayora,CON_LESIONADOS,Accidente Laboral,Mal estado de la via,78,LESIONADO,MUJER,OTRO,58,LESIONADO,MUJER,SCOOTER,40,LESIONADO,NO_REGISTRA,VEH_LIVIANO
2025-08-25 10:40:15,-4.035627,-79.200827,Av. Gran Colombia,CON_LESIONADOS,Caida,Distraccion (celular/radio),76,LESIONADO,HOMBRE,VEH_LIVIANO,,,,,,,,
2025-09-17 05:33:53,-4.008661,-79.230452,Av. Rosa Hermosa,SOLO_DANOS,Incendio,Mal estado de la via,,,,,,,,,,,,
2025-07-07 16:43:46,-4.033375,-79.177653,Calle Rocafuerte,CON_FALLECIDOS,Atropellamiento,Mal estado de la via,57,FALLECIDO,HOMBRE,OTRO,42,FALLECIDO,MUJER,OTRO,14,LESIONADO,HOMBRE,PEATON
2025-03-27 10:44:14,-4.009839,-79.185784,Calle Montufar,CON_LESIONADOS,Incendio,Falla mecanica,71,LESIONADO,MUJER,MOTOCICLETA,78,LESIONADO,HOMBRE,OTRO,64,LESIONADO,MUJER,CICLISTA
2025-07-18 11:54:55,-4.011606,-79.176223,Calle Bolivar,SOLO_DANOS,Incendio,Exceso de velocidad,57,LESIONADO,NO_REGISTRA,SCOOTER,,,,,,,,
2025-04-15 19:13:21,-3.986775,-79.210640,Calle Azogues,CON_FALLECIDOS,Choque Vehicular,Exceso de velocidad,38,FALLECIDO,MUJER,SCOOTER,28,FALLECIDO,MUJER,CICLISTA,6,LESIONADO,NO_REGISTRA,VEH_LIVIANO
2025-07-01 15:44:30,-4.019622,-79.181845,Calle Colon,SOLO_DANOS,Atropellamiento,Factores externos,,,,,,,,,,,,
2025-07-23 21:40:03,-4.014739,-79.189011,Calle Miguel Riofrio,SOLO_DANOS,Incendio,Estado de embriaguez,,,,,,,,,,,,
2025-01-24 03:12:05,-4.018658,-79.230191,Calle Montufar,CON_FALLECIDOS,Volcamiento,Falla mecanica,67,FALLECIDO,NO_REGISTRA,SCOOTER,76,FALLECIDO,HOMBRE,SCOOTER,8,LESIONADO,MUJER,VEH_LIVIANO
2025-08-29 21:35:19,-4.008423,-79.221558,Av. Pio Jaramillo,CON_LESIONADOS,Colision Multiple,Via resbaladiza o mojada,68,LESIONADO,HOMBRE,PEATON,,,,,,,,
2025-03-11 14:22:17,-4.026206,-79.176203,Av. Rosa Hermosa,SOLO_DANOS,Volcamiento,Distraccion (celular/radio),8,LESIONADO,HOMBRE,VEH_LIVIANO,,,,,,,,
2025-01-20 10:21:11,-4.005753,-79.197648,Calle Imbabura,CON_LESIONADOS,Incendio,Equipo de seguridad deficiente,73,LESIONADO,HOMBRE,VEH_LIVIANO,5,LESIONADO,HOMBRE,CICLISTA,,,,
2025-03-08 05:46:39,-4.031691,-79.209158,Ruta 35,SOLO_DANOS,Volcamiento,Equipo de seguridad deficiente,80,LESIONADO,NO_REGISTRA,VEH_LIVIANO,,,,,,,,
2025-03-24 01:42:22,-3.985639,-79.200255,Calle Saraguro,CON_LESIONADOS,Volcamiento,Exceso de velocidad,57,LESIONADO,NO_REGISTRA,PEATON,73,LESIONADO,HOMBRE,SCOOTER,,,,
2025-11-17 11:24:08,-3.978374,-79.205038,Calle Rocafuerte,CON_LESIONADOS,Colision Multiple,Falla mecanica,72,LESIONADO,MUJER,MOTOCICLETA,9,LESIONADO,MUJER,SCOOTER,48,LESIONADO,NO_REGISTRA,VEH_LIVIANO
2025-06-11 06:51:56,-4.022786,-79.201632,Av. Gran Colombia,CON_LESIONADOS,Atropellamiento,Estado de embriaguez,53,LESIONADO,MUJER,SCOOTER,26,LESIONADO,HOMBRE,PEATON,,,,
2025-11-15 23:52:04,-4.030784,-79.222996,Calle Quito,SOLO_DANOS,Accidente Laboral,Factores externos,,,,,,,,,,,,
2025-08-12 08:46:55,-4.013092,-79.186340,Av. Universitaria,SOLO_DANOS,Atropellamiento,Factores externos,41,LESIONADO,NO_REGISTRA,VEH_LIVIANO,,,,,,,,
2025-07-08 22:05:46,-3.978312,-79.180900,Av. Gran Colombia,SOLO_DANOS,Choque Vehicular,Inobservancia de senales,,,,,,,,,,,,
2025-02-16 21:05:17,-4.014951,-79.214915,Av. 8 de Diciembre,CON_LESIONADOS,Caida,Factores externos,69,LESIONADO,NO_REGISTRA,PEATON,,,,,,,,
2025-02-19 23:55:27,-3.985823,-79.215268,Calle Miguel Riofrio,CON_FALLECIDOS,Caida,Exceso de velocidad,34,FALLECIDO,MUJER,MOTOCICLETA,25,LESIONADO,NO_REGISTRA,SCOOTER,,,,
2025-09-12 02:52:46,-4.023458,-79.213924,Av. Rosa Hermosa,SOLO_DANOS,Caida,Falla mecanica,,,,,,,,,,,,
2025-11-13 21:37:56,-4.028919,-79.213048,Av. Gran Colombia,CON_FALLECIDOS,Choque Vehicular,Factores externos,20,FALLECIDO,NO_REGISTRA,CICLISTA,37,FALLECIDO,NO_REGISTRA,MOTOCICLETA,,,,
2025-11-16 10:31:38,-3.981551,-79.180152,Calle Saraguro,CON_FALLECIDOS,Accidente Laboral,Estado de embriaguez,67,FALLECIDO,HOMBRE,CICLISTA,29,FALLECIDO,NO_REGISTRA,PEATON,36,LESIONADO,NO_REGISTRA,MOTOCICLETA
2025-05-18 17:39:21,-3.985036,-79.174986,Calle Montufar,CON_LESIONADOS,Caida,Equipo de seguridad deficiente,35,LESIONADO,NO_REGISTRA,PEATON,11,LESIONADO,NO_REGISTRA,PEATON,,,,
2025-07-01 09:44:54,-3.997666,-79.217120,Ruta 35,SOLO_DANOS,Colision Multiple,Inobservancia de senales,,,,,,,,,,,,
2025-02-18 11:18:34,-3.980361,-79.196446,Av. 8 de Diciembre,CON_LESIONADOS,Caida,Imprudencia del conductor,39,LESIONADO,MUJER,VEH_LIVIANO,,,,,,,,
2025-12-16 23:27:51,-3.985475,-79.230760,Av. Isidro Ayora,CON_FALLECIDOS,Caida,Imprudencia del conductor,64,FALLECIDO,HOMBRE,SCOOTER,,,,,,,,
2025-06-13 14:57:03,-4.012020,-79.207182,Calle Montufar,SOLO_DANOS,Atropellamiento,Exceso de velocidad,,,,,,,,,,,,
2025-08-02 16:57:41,-4.020253,-79.206798,Av. Cuxibamba,CON_FALLECIDOS,Incendio,Exceso de velocidad,25,FALLECIDO,MUJER,SCOOTER,59,LESIONADO,HOMBRE,CICLISTA,,,,
2025-11-30 11:57:00,-4.027947,-79.187936,Av. Orillas del Zamora,CON_FALLECIDOS,Colision Multiple,Estado de embriaguez,81,FALLECIDO,NO_REGISTRA,SCOOTER,44,FALLECIDO,NO_REGISTRA,PEATON,25,LESIONADO,HOMBRE,OTRO
2025-09-24 00:33:14,-4.013206,-79.216057,Av. Rosa Hermosa,SOLO_DANOS,Accidente Laboral,Via resbaladiza o mojada,,,,,,,,,,,,
2025-04-02 10:20:18,-4.028525,-79.180759,Av. Reinaldo Espinosa,SOLO_DANOS,Choque Vehicular,Exceso de velocidad,,,,,,,,,,,,
2025-03-22 01:02:49,-4.008160,-79.181806,Calle Rocafuerte,CON_LESIONADOS,Caida,Distraccion (celular/radio),63,LESIONADO,MUJER,SCOOTER,,,,,,,,
2025-11-30 05:17:19,-3.987099,-79.175907,Calle 10 de Agosto,SOLO_DANOS,Atropellamiento,Distraccion (celular/radio),,,,,,,,,,,,
2025-07-18 23:48:50,-3.994915,-79.208234,Calle Montufar,SOLO_DANOS,Volcamiento,Estado de embriaguez,,,,,,,,,,,,
2025-02-21 18:40:37,-4.018105,-79.208099,Av. Metropolitana,SOLO_DANOS,Volcamiento,Exceso de velocidad,,,,,,,,,,,,
2025-01-16 20:34:19,-4.010720,-79.212474,Calle Saraguro,CON_FALLECIDOS,Choque Vehicular,Visibilidad reducida,33,FALLECIDO,NO_REGISTRA,MOTOCICLETA,22,LESIONADO,MUJER,CICLISTA,,,,
2025-06-29 17:06:37,-4.015142,-79.211287,Av. Reinaldo Espinosa,CON_FALLECIDOS,Choque Vehicular,Distraccion (celular/radio),19,FALLECIDO,NO_REGISTRA,VEH_LIVIANO,13,LESIONADO,MUJER,CICLISTA,35,LESIONADO,NO_REGISTRA,PEATON
2025-07-24 17:24:57,-4.035840,-79.177024,Av. Universitaria,CON_FALLECIDOS,Accidente Laboral,Imprudencia del conductor,68,FALLECIDO,NO_REGISTRA,PEATON,72,FALLECIDO,HOMBRE,VEH_LIVIANO,15,LESIONADO,MUJER,SCOOTER
2025-09-22 00:46:20,-4.000354,-79.213986,Calle Saraguro,CON_LESIONADOS,Volcamiento,Equipo de seguridad deficiente,43,LESIONADO,MUJER,MOTOCICLETA,,,,,,,,
2025-03-22 00:14:11,-4.014719,-79.211185,Av. Reinaldo Espinosa,CON_FALLECIDOS,Atropellamiento,Inobservancia de senales,54,FALLECIDO,HOMBRE,PEATON,71,FALLECIDO,NO_REGISTRA,MOTOCICLETA,26,LESIONADO,NO_REGISTRA,MOTOCICLETA
2025-03-09 16:44:25,-4.012734,-79.225296,Calle Montufar,SOLO_DANOS,Atropellamiento,Imprudencia del conductor,,,,,,,,,,,,
2025-08-07 10:50:45,-4.024573,-79.173314,Via Loja - Zamora,CON_LESIONADOS,Volcamiento,Distraccion (celular/radio),52,LESIONADO,MUJER,PEATON,32,LESIONADO,MUJER,OTRO,,,,
2025-10-17 04:41:00,-3.979990,-79.216334,Via Loja - Catamayo,SOLO_DANOS,Volcamiento,Estado de embriaguez,,,,,,,,,,,,
2025-01-06 03:09:16,-3.980547,-79.229601,Calle Colon,CON_LESIONADOS,Accidente Laboral,Falla mecanica,53,LESIONADO,MUJER,SCOOTER,,,,,,,,
2025-03-16 00:40:22,-3.999503,-79.208355,Av. Gran Colombia,CON_LESIONADOS,Choque Vehicular,Factores externos,31,LESIONADO,NO_REGISTRA,MOTOCICLETA,,,,,,,,
2025-03-08 15:05:00,-3.985808,-79.188982,Calle Azogues,CON_FALLECIDOS,Atropellamiento,Factores externos,85,FALLECIDO,HOMBRE,OTRO,42,FALLECIDO,MUJER,PEATON,60,LESIONADO,NO_REGISTRA,OTRO
2025-06-24 06:17:31,-4.033526,-79.211237,Av. Universitaria,CON_LESIONADOS,Colision Multiple,Distraccion (celular/radio),77,LESIONADO,NO_REGISTRA,MOTOCICLETA,73,LESIONADO,NO_REGISTRA,VEH_LIVIANO,79,LESIONADO,HOMBRE,MOTOCICLETA
2025-04-23 21:40:58,-4.013006,-79.217749,Calle Saraguro,CON_FALLECIDOS,Atropellamiento,Via resbaladiza o mojada,57,FALLECIDO,HOMBRE,CICLISTA,,,,,,,,
2025-09-29 20:48:29,-3.982060,-79.216322,Calle Imbabura,SOLO_DANOS,Accidente Laboral,Visibilidad reducida,10,LESIONADO,NO_REGISTRA,CICLISTA,,,,,,,,
2025-12-19 13:53:47,-4.020761,-79.223543,Calle Azogues,CON_FALLECIDOS,Atropellamiento,Distraccion (celular/radio),85,FALLECIDO,MUJER,VEH_LIVIANO,25,LESIONADO,HOMBRE,VEH_LIVIANO,,,,
2025-07-05 22:02:04,-4.024870,-79.175755,Av. Isidro Ayora,CON_LESIONADOS,Atropellamiento,Exceso de velocidad,38,LESIONADO,NO_REGISTRA,SCOOTER,16,LESIONADO,NO_REGISTRA,SCOOTER,31,LESIONADO,MUJER,SCOOTER
2025-04-30 21:41:02,-3.988283,-79.171345,Av. Isidro Ayora,CON_LESIONADOS,Colision Multiple,Factores externos,39,LESIONADO,NO_REGISTRA,CICLISTA,57,LESIONADO,HOMBRE,OTRO,62,LESIONADO,NO_REGISTRA,PEATON
2025-07-03 10:55:32,-4.014573,-79.184638,Av. Pio Jaramillo,CON_FALLECIDOS,Atropellamiento,Factores externos,43,FALLECIDO,NO_REGISTRA,PEATON,45,FALLECIDO,MUJER,MOTOCICLETA,,,,
2025-05-07 03:39:39,-3.995865,-79.189424,Av. Manuel Agustin Aguirre,CON_LESIONADOS,Caida,Via resbaladiza o mojada,41,LESIONADO,MUJER,VEH_LIVIANO,,,,,,,,
2025-06-13 21:28:57,-4.011769,-79.179286,Calle Sucre,CON_FALLECIDOS,Colision Multiple,Imprudencia del conductor,74,FALLECIDO,MUJER,VEH_LIVIANO,35,LESIONADO,MUJER,PEATON,35,LESIONADO,NO_REGISTRA,VEH_LIVIANO
2025-05-24 14:18:13,-4.004872,-79.184214,Av. Gran Colombia,CON_FALLECIDOS,Volcamiento,Estado de embriaguez,41,FALLECIDO,MUJER,OTRO,,,,,,,,
2025-04-18 04:59:07,-3.990303,-79.227498,Av. Isidro Ayora,SOLO_DANOS,Volcamiento,Mal estado de la via,,,,,,,,,,,,
2025-07-05 05:27:57,-3.982387,-79.218612,Calle Miguel Riofrio,CON_FALLECIDOS,Volcamiento,Factores externos,74,FALLECIDO,HOMBRE,VEH_LIVIANO,30,FALLECIDO,HOMBRE,CICLISTA,67,LESIONADO,NO_REGISTRA,MOTOCICLETA
2025-08-18 00:12:49,-4.005771,-79.178068,Calle Mercadillo,CON_FALLECIDOS,Caida,Distraccion (celular/radio),39,FALLECIDO,NO_REGISTRA,OTRO,67,FALLECIDO,HOMBRE,OTRO,42,LESIONADO,NO_REGISTRA,SCOOTER
2025-09-30 18:45:04,-4.003225,-79.183988,Av. Rosa Hermosa,CON_LESIONADOS,Caida,Distraccion (celular/radio),29,LESIONADO,MUJER,VEH_LIVIANO,,,,,,,,
2025-08-08 00:20:40,-3.985416,-79.206550,Calle Azogues,CON_FALLECIDOS,Accidente Laboral,Falla mecanica,43,FALLECIDO,MUJER,OTRO,60,FALLECIDO,HOMBRE,OTRO,,,,
2025-10-03 01:57:46,-4.034454,-79.198031,Via Loja - Catamayo,CON_LESIONADOS,Caida,Mal estado de la via,14,LESIONADO,MUJER,VEH_LIVIANO,29,LESIONADO,MUJER,MOTOCICLETA,38,LESIONADO,HOMBRE,MOTOCICLETA
2025-04-29 10:52:43,-4.015816,-79.200646,Calle Miguel Riofrio,SOLO_DANOS,Caida,Mal estado de la via,,,,,,,,,,,,
2025-09-07 13:07:18,-4.029991,-79.214698,Av. Reinaldo Espinosa,SOLO_DANOS,Colision Multiple,Equipo de seguridad deficiente,,,,,,,,,,,,
2025-09-17 00:40:37,-3.995310,-79.187445,Av. 8 de Diciembre,CON_FALLECIDOS,Accidente Laboral,Equipo de seguridad deficiente,59,FALLECIDO,NO_REGISTRA,VEH_LIVIANO,44,FALLECIDO,MUJER,MOTOCICLETA,,,,
2025-07-28 02:33:49,-4.034081,-79.206557,Calle Quito,SOLO_DANOS,Choque Vehicular,Mal estado de la via,,,,,,,,,,,,
2025-05-12 02:13:52,-3.994914,-79.175743,Av. Cuxibamba,CON_LESIONADOS,Colision Multiple,Estado de embriaguez,35,LESIONADO,MUJER,MOTOCICLETA,,,,,,,,
2025-06-07 04:48:00,-4.002167,-79.190308,Av. Reinaldo Espinosa,SOLO_DANOS,Accidente Laboral,Falla mecanica,,,,,,,,,,,,
2025-07-24 08:18:15,-4.017827,-79.207964,Av. Isidro Ayora,CON_FALLECIDOS,Accidente Laboral,Factores externos,35,FALLECIDO,HOMBRE,PEATON,29,FALLECIDO,HOMBRE,OTRO,47,LESIONADO,HOMBRE,CICLISTA
2025-06-20 11:10:13,-4.002643,-79.227916,Av. Manuel Agustin Aguirre,CON_FALLECIDOS,Atropellamiento,Exceso de velocidad,69,FALLECIDO,MUJER,CICLISTA,55,FALLECIDO,NO_REGISTRA,MOTOCICLETA,6,LESIONADO,MUJER,VEH_LIVIANO
2025-10-05 21:21:57,-4.024971,-79.179759,Av. Isidro Ayora,SOLO_DANOS,Accidente Laboral,Imprudencia del conductor,,,,,,,,,,,,
2025-11-22 22:28:37,-4.028253,-79.179449,Calle Mercadillo,CON_FALLECIDOS,Choque Vehicular,Mal estado de la via,58,FALLECIDO,HOMBRE,SCOOTER,,,,,,,,
2025-09-29 17:22:05,-4.030556,-79.178843,Calle Miguel Riofrio,SOLO_DANOS,Accidente Laboral,Exceso de velocidad,,,,,,,,,,,,
2025-10-30 15:40:13,-3.999305,-79.205451,Av. Manuel Agustin Aguirre,CON_LESIONADOS,Atropellamiento,Distraccion (celular/radio),22,LESIONADO,NO_REGISTRA,PEATON,42,LESIONADO,HOMBRE,SCOOTER,47,LESIONADO,NO_REGISTRA,CICLISTA
2025-01-12 19:31:40,-4.011718,-79.172751,Calle Rocafuerte,SOLO_DANOS,Colision Multiple,Visibilidad reducida,,,,,,,,,,,,
2025-03-23 04:28:21,-4.007568,-79.200496,Via Loja - Zamora,CON_FALLECIDOS,Incendio,Factores externos,40,FALLECIDO,NO_REGISTRA,SCOOTER,,,,,,,,
2025-12-26 14:53:41,-4.000269,-79.215729,Calle Colon,CON_LESIONADOS,Incendio,Estado de embriaguez,71,LESIONADO,MUJER,VEH_LIVIANO,54,LESIONADO,HOMBRE,VEH_LIVIANO,74,LESIONADO,NO_REGISTRA,MOTOCICLETA
2025-01-07 19:56:13,-4.018455,-79.182807,Av. Metropolitana,CON_FALLECIDOS,Atropellamiento,Mal estado de la via,40,FALLECIDO,NO_REGISTRA,PEATON,60,LESIONADO,MUJER,VEH_LIVIANO,47,LESIONADO,NO_REGISTRA,VEH_LIVIANO
2025-04-05 17:24:09,-4.034558,-79.201569,Via Loja - Catamayo,CON_FALLECIDOS,Choque Vehicular,Imprudencia del conductor,20,FALLECIDO,NO_REGISTRA,SCOOTER,30,LESIONADO,NO_REGISTRA,SCOOTER,,,,
2025-12-14 19:14:35,-3.986392,-79.203787,Calle 18 de Noviembre,SOLO_DANOS,Atropellamiento,Falla mecanica,,,,,,,,,,,,
2025-11-10 19:46:56,-3.978883,-79.186529,Calle Azogues,SOLO_DANOS,Incendio,Visibilidad reducida,,,,,,,,,,,,
2025-10-29 14:39:22,-3.991692,-79.222255,Calle Sucre,CON_FALLECIDOS,Colision Multiple,Mal estado de la via,56,FALLECIDO,HOMBRE,OTRO,,,,,,,,
2025-05-15 04:22:41,-4.018578,-79.230665,Av. Universitaria,CON_LESIONADOS,Incendio,Exceso de velocidad,40,LESIONADO,MUJER,CICLISTA,36,LESIONADO,MUJER,OTRO,70,LESIONADO,NO_REGISTRA,VEH_LIVIANO
2025-10-10 09:06:29,-4.011538,-79.194370,Av. Cuxibamba,SOLO_DANOS,Caida,Estado de embriaguez,,,,,,,,,,,,
2025-06-21 11:10:34,-4.019926,-79.207337,Calle 10 de Agosto,CON_FALLECIDOS,Colision Multiple,Falla mecanica,24,FALLECIDO,HOMBRE,OTRO,75,FALLECIDO,MUJER,OTRO,10,LESIONADO,NO_REGISTRA,PEATON
2025-10-12 18:36:20,-4.013655,-79.190525,Ruta 35,CON_FALLECIDOS,Caida,Distraccion (celular/radio),19,FALLECIDO,MUJER,MOTOCICLETA,53,LESIONADO,HOMBRE,SCOOTER,,,,
2025-10-11 06:46:54,-3.991289,-79.175236,Av. Universitaria,SOLO_DANOS,Caida,Mal estado de la via,,,,,,,,,,,,
2025-09-30 10:54:36,-4.036786,-79.202403,Ruta 35,SOLO_DANOS,Colision Multiple,Fatiga del conductor,57,LESIONADO,HOMBRE,MOTOCICLETA,,,,,,,,
2025-09-29 02:39:44,-3.999860,-79.187422,Calle Quito,CON_LESIONADOS,Incendio,Estado de embriaguez,58,LESIONADO,HOMBRE,MOTOCICLETA,51,LESIONADO,MUJER,OTRO,,,,
2025-08-25 08:00:58,-3.989211,-79.208921,Via Loja - Catamayo,SOLO_DANOS,Colision Multiple,Equipo de seguridad deficiente,59,LESIONADO,HOMBRE,SCOOTER,,,,,,,,
2025-05-24 18:28:52,-3.981601,-79.226180,Calle Quito,CON_LESIONADOS,Volcamiento,Via resbaladiza o mojada,74,LESIONADO,HOMBRE,PEATON,,,,,,,,
2025-07-18 07:47:37,-3.994279,-79.176040,Av. Pio Jaramillo,CON_FALLECIDOS,Colision Multiple,Visibilidad reducida,64,FALLECIDO,MUJER,SCOOTER,34,FALLECIDO,HOMBRE,MOTOCICLETA,42,LESIONADO,NO_REGISTRA,MOTOCICLETA
2025-10-25 11:13:46,-4.016810,-79.208323,Calle Bolivar,CON_FALLECIDOS,Atropellamiento,Imprudencia del conductor,21,FALLECIDO,NO_REGISTRA,OTRO,31,LESIONADO,HOMBRE,MOTOCICLETA,26,LESIONADO,NO_REGISTRA,MOTOCICLETA
2025-04-04 21:44:58,-4.029468,-79.203066,Ruta 35,CON_LESIONADOS,Choque Vehicular,Factores externos,33,LESIONADO,NO_REGISTRA,SCOOTER,,,,,,,,
2025-03-16 18:36:34,-4.013373,-79.182220,Calle Quito,CON_LESIONADOS,Accidente Laboral,Equipo de seguridad deficiente,41,LESIONADO,HOMBRE,CICLISTA,30,LESIONADO,MUJER,VEH_LIVIANO,,,,
2025-04-15 17:22:59,-4.033124,-79.181615,Av. Cuxibamba,CON_FALLECIDOS,Choque Vehicular,Estado de embriaguez,49,FALLECIDO,NO_REGISTRA,VEH_LIVIANO,44,LESIONADO,HOMBRE,PEATON,29,LESIONADO,NO_REGISTRA,PEATON
2025-07-26 12:55:11,-4.008566,-79.202981,Calle Sucre,CON_FALLECIDOS,Colision Multiple,Visibilidad reducida,29,FALLECIDO,HOMBRE,OTRO,39,LESIONADO,NO_REGISTRA,OTRO,27,LESIONADO,NO_REGISTRA,VEH_LIVIANO