fecha_hora,latitud,longitud,via,grado_severidad,tipo_siniestro,causa_probable,victima1_edad,victima1_condicion,victima1_sexo,victima1_actor_vial,victima2_edad,victima2_condicion,victima2_sexo,victima2_actor_vial,victima3_edad,victima3_condicion,victima3_sexo,victima3_actor_vial
2025-11-10 02:27:47,-4.017033,-79.213492,Av. Rosa Hermosa,CON_FALLECIDOS,Caida,Factores externos,56,FALLECIDO,MUJER,OTRO,59,FALLECIDO,HOMBRE,OTRO,43,LESIONADO,NO_REGISTRA,CICLISTA
2025-08-23 11:30:59,-3.998550,-79.207119,Av. 8 de Diciembre,CON_FALLECIDOS,Volcamiento,Distraccion (celular/radio),44,FALLECIDO,MUJER,SCOOTER,46,FALLECIDO,MUJER,VEH_LIVIANO,53,LESIONADO,HOMBRE,VEH_LIVIANO
2025-09-24 00:37:05,-4.019543,-79.194991,Av. Pio Jaramillo,SOLO_DANOS,Incendio,Estado de embriaguez,,,,,,,,,,,,
2025-10-26 10:08:41,-4.010971,-79.208051,Calle Quito,CON_LESIONADOS,Incendio,Exceso de velocidad,5,LESIONADO,HOMBRE,SCOOTER,11,LESIONADO,MUJER,OTRO,,,,
2025-04-24 10:33:34,-3.985861,-79.190503,Calle Imbabura,CON_FALLECIDOS,Choque Vehicular,Estado de embriaguez,53,FALLECIDO,NO_REGISTRA,SCOOTER,39,FALLECIDO,NO_REGISTRA,VEH_LIVIANO,,,,
2025-10-12 09:13:34,-3.995322,-79.185856,Av. Reinaldo Espinosa,CON_LESIONADOS,Colision Multiple,Distraccion (celular/radio),68,LESIONADO,NO_REGISTRA,CICLISTA,29,LESIONADO,HOMBRE,MOTOCICLETA,61,LESIONADO,HOMBRE,VEH_LIVIANO
2025-10-16 19:12:47,-3.993753,-79.196132,Calle Miguel Riofrio,CON_FALLECIDOS,Atropellamiento,Visibilidad reducida,47,FALLECIDO,NO_REGISTRA,VEH_LIVIANO,44,FALLECIDO,NO_REGISTRA,VEH_LIVIANO,64,LESIONADO,MUJER,SCOOTER
2025-10-22 13:40:17,-3.998084,-79.213905,Calle 18 de Noviembre,SOLO_DANOS,Atropellamiento,Fatiga del conductor,,,,,,,,,,,,
2025-04-04 19:51:13,-4.007834,-79.189885,Ruta 35,CON_LESIONADOS,Incendio,Estado de embriaguez,5,LESIONADO,MUJER,VEH_LIVIANO,53,LESIONADO,NO_REGISTRA,CICLISTA,56,LESIONADO,MUJER,OTRO
2025-08-26 14:27:44,-4.006118,-79.185433,Calle Ramon Borrero,CON_FALLECIDOS,Choque Vehicular,Distraccion (celular/radio),54,FALLECIDO,NO_REGISTRA,MOTOCICLETA,75,LESIONADO,MUJER,OTRO,38,LESIONADO,HOMBRE,VEH_LIVIANO
2025-08-18 10:51:57,-4.006097,-79.209193,Calle Bolivar,CON_FALLECIDOS,Atropellamiento,Visibilidad reducida,69,FALLECIDO,MUJER,MOTOCICLETA,24,LESIONADO,HOMBRE,CICLISTA,,,,
2025-12-06 13:53:28,-4.005443,-79.180739,Calle Miguel Riofrio,CON_LESIONADOS,Choque Vehicular,Imprudencia del conductor,8,LESIONADO,HOMBRE,MOTOCICLETA,61,LESIONADO,NO_REGISTRA,OTRO,38,LESIONADO,MUJER,PEATON
2025-09-29 16:14:50,-4.015969,-79.193490,Calle Rocafuerte,CON_LESIONADOS,Choque Vehicular,Estado de embriaguez,44,LESIONADO,HOMBRE,MOTOCICLETA,,,,,,,,
2025-06-21 11:42:31,-3.988385,-79.221164,Via Loja - Zamora,CON_LESIONADOS,Volcamiento,Estado de embriaguez,60,LESIONADO,NO_REGISTRA,PEATON,,,,,,,,
2025-03-05 02:18:59,-3.996529,-79.224004,Calle Colon,CON_LESIONADOS,Atropellamiento,Inobservancia de senales,52,LESIONADO,MUJER,VEH_LIVIANO,,,,,,,,
2025-10-31 16:51:55,-3.995078,-79.224577,Calle Imbabura,SOLO_DANOS,Incendio,Estado de embriaguez,,,,,,,,,,,,
2025-04-06 17:32:29,-4.009569,-79.227634,Calle Mercadillo,CON_LESIONADOS,Colision Multiple,Via resbaladiza o mojada,15,LESIONADO,MUJER,CICLISTA,26,LESIONADO,NO_REGISTRA,OTRO,49,LESIONADO,NO_REGISTRA,OTRO
2025-04-23 04:24:18,-4.030489,-79.211803,Av. Cuxibamba,SOLO_DANOS,Accidente Laboral,Visibilidad reducida,,,,,,,,,,,,
2025-10-20 09:41:34,-4.001651,-79.203252,Calle Rocafuerte,CON_LESIONADOS,Volcamiento,Exceso de velocidad,59,LESIONADO,NO_REGISTRA,SCOOTER,61,LESIONADO,NO_REGISTRA,SCOOTER,,,,
2025-04-02 08:29:01,-3.993829,-79.212592,Calle Quito,CON_FALLECIDOS,Atropellamiento,Mal estado de la via,54,FALLECIDO,HOMBRE,SCOOTER,69,LESIONADO,MUJER,MOTOCICLETA,68,LESIONADO,MUJER,VEH_LIVIANO
2025-06-15 13:16:18,-4.025574,-79.206051,Calle 18 de Noviembre,CON_FALLECIDOS,Accidente Laboral,Equipo de seguridad deficiente,49,FALLECIDO,MUJER,OTRO,,,,,,,,
2025-08-30 01:48:10,-3.978245,-79.187192,Calle Imbabura,CON_FALLECIDOS,Volcamiento,Equipo de seguridad deficiente,85,FALLECIDO,MUJER,SCOOTER,41,FALLECIDO,HOMBRE,SCOOTER,62,LESIONADO,HOMBRE,CICLISTA
2025-08-07 00:19:53,-4.000498,-79.179605,Calle Azogues,CON_LESIONADOS,Caida,Inobservancia de senales,7,LESIONADO,NO_REGISTRA,OTRO,36,LESIONADO,HOMBRE,CICLISTA,50,LESIONADO,NO_REGISTRA,CICLISTA
2025-03-18 22:46:45,-4.005515,-79.192551,Calle Bolivar,CON_LESIONADOS,Colision Multiple,Equipo de seguridad deficiente,23,LESIONADO,NO_REGISTRA,MOTOCICLETA,9,LESIONADO,HOMBRE,OTRO,45,LESIONADO,NO_REGISTRA,OTRO
2025-08-08 14:24:01,-3.995588,-79.197822,Av. Metropolitana,CON_LESIONADOS,Volcamiento,Factores externos,63,LESIONADO,HOMBRE,PEATON,55,LESIONADO,HOMBRE,VEH_LIVIANO,,,,
2025-01-31 17:30:33,-4.036050,-79.205106,Av. Orillas del Zamora,CON_LESIONADOS,Choque Vehicular,Estado de embriaguez,12,LESIONADO,NO_REGISTRA,PEATON,62,LESIONADO,NO_REGISTRA,OTRO,,,,
2025-10-02 16:50:49,-3.994621,-79.208215,Av. Reinaldo Espinosa,CON_FALLECIDOS,Choque Vehicular,Visibilidad reducida,24,FALLECIDO,NO_REGISTRA,CICLISTA,,,,,,,,
2025-06-21 13:04:01,-3.983699,-79.207359,Via Loja - Zamora,CON_LESIONADOS,Volcamiento,Distraccion (celular/radio),5,LESIONADO,MUJER,CICLISTA,,,,,,,,
2025-07-25 03:53:07,-3.979491,-79.199773,Calle 10 de Agosto,CON_FALLECIDOS,Volcamiento,Imprudencia del conductor,23,FALLECIDO,HOMBRE,CICLISTA,24,FALLECIDO,MUJER,CICLISTA,9,LESIONADO,MUJER,CICLISTA
2025-02-18 17:21:26,-4.006378,-79.190650,Calle Imbabura,SOLO_DANOS,Choque Vehicular,Estado de embriaguez,73,LESIONADO,MUJER,CICLISTA,,,,,,,,
2025-01-17 12:31:39,-4.002193,-79.208631,Calle Sucre,CON_LESIONADOS,Atropellamiento,Factores externos,14,LESIONADO,MUJER,MOTOCICLETA,,,,,,,,
2025-06-01 14:00:16,-4.023596,-79.219634,Av. Universitaria,SOLO_DANOS,Volcamiento,Inobservancia de senales,,,,,,,,,,,,
2025-02-01 20:52:25,-3.996341,-79.195051,Calle Ramon Borrero,CON_FALLECIDOS,Colision Multiple,Distraccion (celular/radio),28,FALLECIDO,MUJER,PEATON,45,FALLECIDO,NO_REGISTRA,CICLISTA,45,LESIONADO,NO_REGISTRA,SCOOTER
2025-09-13 23:06:54,-3.984510,-79.210911,Calle Ramon Borrero,CON_LESIONADOS,Incendio,Estado de embriaguez,77,LESIONADO,HOMBRE,PEATON,76,LESIONADO,HOMBRE,MOTOCICLETA,24,LESIONADO,NO_REGISTRA,PEATON
2025-12-30 23:05:02,-3.984878,-79.200166,Av. Cuxibamba,SOLO_DANOS,Caida,Via resbaladiza o mojada,35,LESIONADO,HOMBRE,SCOOTER,,,,,,,,
2025-10-16 15:56:26,-3.977109,-79.185469,Av. Rosa Hermosa,SOLO_DANOS,Caida,Visibilidad reducida,,,,,,,,,,,,
2025-06-14 12:29:49,-3.990999,-79.224042,Calle Montufar,SOLO_DANOS,Volcamiento,Imprudencia del conductor,,,,,,,,,,,,
2025-05-03 18:33:18,-4.012711,-79.220474,Calle Mercadillo,CON_LESIONADOS,Colision Multiple,Mal estado de la via,34,LESIONADO,MUJER,VEH_LIVIANO,,,,,,,,
2025-07-18 23:02:11,-4.032205,-79.224561,Av. Cuxibamba,SOLO_DANOS,Choque Vehicular,Inobservancia de senales,,,,,,,,,,,,
2025-12-26 13:12:34,-4.027542,-79.190431,Calle Mercadillo,CON_LESIONADOS,Colision Multiple,Inobservancia de senales,43,LESIONADO,NO_REGISTRA,MOTOCICLETA,40,LESIONADO,HOMBRE,MOTOCICLETA,,,,
2025-10-05 09:35:11,-4.013410,-79.220381,Av. Metropolitana,SOLO_DANOS,Atropellamiento,Via resbaladiza o mojada,,,,,,,,,,,,
2025-12-12 23:02:37,-4.003292,-79.194974,Calle Quito,CON_LESIONADOS,Caida,Imprudencia del conductor,69,LESIONADO,NO_REGISTRA,SCOOTER,,,,,,,,
2025-01-27 00:23:19,-3.987792,-79.177384,Calle Miguel Riofrio,SOLO_DANOS,Volcamiento,Visibilidad reducida,,,,,,,,,,,,
2025-03-17 00:35:07,-4.012909,-79.229277,Av. Orillas del Zamora,CON_LESIONADOS,Colision Multiple,Fatiga del conductor,50,LESIONADO,HOMBRE,CICLISTA,26,LESIONADO,NO_REGISTRA,PEATON,70,LESIONADO,HOMBRE,MOTOCICLETA
2025-04-17 11:33:08,-3.984322,-79.224217,Calle Quito,SOLO_DANOS,Atropellamiento,Via resbaladiza o mojada,,,,,,,,,,,,
2025-09-04 13:31:46,-4.000281,-79.215153,Av. Metropolitana,SOLO_DANOS,Atropellamiento,Estado de embriaguez,,,,,,,,,,,,
2025-07-25 19:59:12,-4.013331,-79.179542,Av. Reinaldo Espinosa,SOLO_DANOS,Accidente Laboral,Factores externos,,,,,,,,,,,,
2025-02-01 21:29:25,-4.030408,-79.213066,Av. Gran Colombia,CON_LESIONADOS,Volcamiento,Inobservancia de senales,73,LESIONADO,MUJER,MOTOCICLETA,47,LESIONADO,MUJER,CICLISTA,80,LESIONADO,HOMBRE,PEATON
2025-09-05 00:07:35,-3.989536,-79.196347,Av. Pio Jaramillo,SOLO_DANOS,Volcamiento,Exceso de velocidad,,,,,,,,,,,,
2025-05-14 07:41:59,-4.013895,-79.214229,Calle Rocafuerte,CON_LESIONADOS,Volcamiento,Factores externos,27,LESIONADO,HOMBRE,PEATON,23,LESIONADO,HOMBRE,CICLISTA,,,,
2025-10-12 16:34:18,-3.994413,-79.201420,Av. 8 de Diciembre,SOLO_DANOS,Incendio,Exceso de velocidad,,,,,,,,,,,,
2025-07-22 16:14:43,-3.989818,-79.223729,Av. Pio Jaramillo,SOLO_DANOS,Caida,Inobservancia de senales,,,,,,,,,,,,
2025-10-11 09:22:40,-3.985916,-79.222907,Via Loja - Catamayo,CON_LESIONADOS,Colision Multiple,Estado de embriaguez,70,LESIONADO,MUJER,OTRO,67,LESIONADO,HOMBRE,VEH_LIVIANO,68,LESIONADO,MUJER,VEH_LIVIANO
2025-07-17 08:17:47,-3.990048,-79.217285,Calle Rocafuerte,CON_FALLECIDOS,Caida,Fatiga del conductor,29,FALLECIDO,HOMBRE,MOTOCICLETA,82,FALLECIDO,MUJER,SCOOTER,20,LESIONADO,HOMBRE,SCOOTER
2025-11-04 16:18:28,-4.016897,-79.197764,Av. Rosa Hermosa,CON_LESIONADOS,Accidente Laboral,Fatiga del conductor,57,LESIONADO,HOMBRE,SCOOTER,,,,,,,,
2025-06-07 12:46:09,-3.991746,-79.174055,Via Loja - Catamayo,CON_FALLECIDOS,Volcamiento,Equipo de seguridad deficiente,59,FALLECIDO,NO_REGISTRA,MOTOCICLETA,,,,,,,,
2025-11-17 23:58:46,-4.005785,-79.173166,Av. Pio Jaramillo,CON_FALLECIDOS,Choque Vehicular,Visibilidad reducida,52,FALLECIDO,NO_REGISTRA,MOTOCICLETA,35,FALLECIDO,HOMBRE,OTRO,56,LESIONADO,NO_REGISTRA,VEH_LIVIANO
2025-04-04 00:04:16,-4.014315,-79.197119,Av. Pio Jaramillo,CON_LESIONADOS,Volcamiento,Fatiga del conductor,14,LESIONADO,NO_REGISTRA,MOTOCICLETA,,,,,,,,
2025-10-27 22:29:00,-4.029296,-79.186854,Av. Reinaldo Espinosa,SOLO_DANOS,Caida,Equipo de seguridad deficiente,,,,,,,,,,,,
2025-01-25 03:13:31,-4.033321,-79.172711,Via Loja - Catamayo,SOLO_DANOS,Choque Vehicular,Exceso de velocidad,,,,,,,,,,,,
2025-02-01 04:26:32,-3.983844,-79.195669,Av. Metropolitana,SOLO_DANOS,Choque Vehicular,Exceso de velocidad,,,,,,,,,,,,
2025-11-27 18:31:49,-4.002302,-79.204498,Av. Orillas del Zamora,CON_LESIONADOS,Atropellamiento,Fatiga del conductor,27,LESIONADO,NO_REGISTRA,OTRO,57,LESIONADO,MUJER,SCOOTER,58,LESIONADO,NO_REGISTRA,CICLISTA
2025-10-30 08:56:56,-3.977867,-79.206382,Av. Manuel Agustin Aguirre,CON_FALLECIDOS,Volcamiento,Visibilidad reducida,25,FALLECIDO,HOMBRE,MOTOCICLETA,63,FALLECIDO,NO_REGISTRA,VEH_LIVIANO,13,LESIONADO,MUJER,OTRO
2025-05-09 17:17:25,-4.025256,-79.174506,Via Loja - Catamayo,CON_FALLECIDOS,Colision Multiple,Mal estado de la via,74,FALLECIDO,MUJER,SCOOTER,63,FALLECIDO,HOMBRE,MOTOCICLETA,75,LESIONADO,HOMBRE,PEATON
2025-09-19 12:46:38,-4.011669,-79.209665,Calle Sucre,CON_LESIONADOS,Caida,Estado de embriaguez,31,LESIONADO,MUJER,SCOOTER,,,,,,,,
2025-11-22 12:28:03,-4.011374,-79.224047,Av. Cuxibamba,SOLO_DANOS,Incendio,Distraccion (celular/radio),,,,,,,,,,,,
2025-07-03 21:12:24,-4.024210,-79.194235,Av. Gran Colombia,SOLO_DANOS,Incendio,Estado de embriaguez,,,,,,,,,,,,
2025-02-23 04:20:36,-3.983707,-79.173389,Av. Universitaria,CON_FALLECIDOS,Choque Vehicular,Exceso de velocidad,65,FALLECIDO,HOMBRE,VEH_LIVIANO,27,LESIONADO,NO_REGISTRA,PEATON,30,LESIONADO,NO_REGISTRA,VEH_LIVIANO
2025-01-04 03:45:16,-4.027062,-79.202074,Calle Colon,CON_LESIONADOS,Accidente Laboral,Via resbaladiza o mojada,28,LESIONADO,MUJER,MOTOCICLETA,55,LESIONADO,HOMBRE,PEATON,14,LESIONADO,HOMBRE,SCOOTER
2025-12-27 14:38:46,-3.993975,-79.186924,Av. Reinaldo Espinosa,CON_LESIONADOS,Atropellamiento,Estado de embriaguez,75,LESIONADO,NO_REGISTRA,SCOOTER,68,LESIONADO,NO_REGISTRA,VEH_LIVIANO,50,LESIONADO,NO_REGISTRA,PEATON
2025-02-20 19:17:38,-3.988255,-79.218537,Calle Rocafuerte,CON_LESIONADOS,Incendio,Estado de embriaguez,74,LESIONADO,NO_REGISTRA,OTRO,30,LESIONADO,HOMBRE,SCOOTER,7,LESIONADO,HOMBRE,VEH_LIVIANO
2025-03-15 00:56:12,-4.010354,-79.182327,Calle Azogues,SOLO_DANOS,Volcamiento,Via resbaladiza o mojada,,,,,,,,,,,,
2025-12-23 06:53:42,-4.023317,-79.199617,Calle Miguel Riofrio,SOLO_DANOS,Caida,Inobservancia de senales,,,,,,,,,,,,
2025-06-14 11:07:40,-3.992394,-79.202325,Av. 8 de Diciembre,CON_FALLECIDOS,Volcamiento,Mal estado de la via,43,FALLECIDO,HOMBRE,SCOOTER,,,,,,,,
2025-04-15 08:22:25,-4.010340,-79.226263,Calle Azogues,CON_LESIONADOS,Colision Multiple,Equipo de seguridad deficiente,32,LESIONADO,NO_REGISTRA,OTRO,,,,,,,,
2025-07-30 08:41:44,-4.006211,-79.171293,Av. Isidro Ayora,CON_LESIONADOS,Colision Multiple,Inobservancia de senales,50,LESIONADO,HOMBRE,OTRO,77,LESIONADO,MUJER,MOTOCICLETA,,,,
2025-02-09 05:51:42,-4.025171,-79.219155,Calle Saraguro,CON_LESIONADOS,Accidente Laboral,Falla mecanica,74,LESIONADO,MUJER,VEH_LIVIANO,,,,,,,,
2025-03-12 00:14:43,-4.008061,-79.185569,Calle 18 de Noviembre,CON_LESIONADOS,Caida,Exceso de velocidad,11,LESIONADO,NO_REGISTRA,MOTOCICLETA,68,LESIONADO,HOMBRE,CICLISTA,75,LESIONADO,MUJER,CICLISTA
2025-01-30 15:42:01,-3.987497,-79.216985,Calle Sucre,CON_FALLECIDOS,Choque Vehicular,Imprudencia del conductor,42,FALLECIDO,MUJER,OTRO,43,FALLECIDO,NO_REGISTRA,MOTOCICLETA,21,LESIONADO,HOMBRE,PEATON
2025-11-08 06:35:35,-4.033748,-79.216128,Via Loja - Zamora,SOLO_DANOS,Volcamiento,Distraccion (celular/radio),,,,,,,,,,,,
2025-05-29 19:34:38,-4.000825,-79.221448,Av. Rosa Hermosa,CON_LESIONADOS,Volcamiento,Via resbaladiza o mojada,50,LESIONADO,MUJER,MOTOCICLETA,26,LESIONADO,MUJER,CICLISTA,,,,
2025-05-13 00:04:19,-3.985795,-79.194649,Calle Miguel Riofrio,SOLO_DANOS,Colision Multiple,Distraccion (celular/radio),,,,,,,,,,,,
2025-01-19 18:50:34,-4.036003,-79.191169,Calle Azogues,CON_LESIONADOS,Caida,Visibilidad reducida,13,LESIONADO,NO_REGISTRA,CICLISTA,71,LESIONADO,NO_REGISTRA,VEH_LIVIANO,,,,
2025-06-23 16:05:06,-3.995715,-79.190201,Calle Azogues,CON_LESIONADOS,Colision Multiple,Fatiga del conductor,14,LESIONADO,HOMBRE,MOTOCICLETA,59,LESIONADO,NO_REGISTRA,VEH_LIVIANO,,,,
2025-09-28 09:02:41,-3.977406,-79.216578,Av. Manuel Agustin Aguirre,CON_LESIONADOS,Accidente Laboral,Visibilidad reducida,38,LESIONADO,NO_REGISTRA,PEATON,,,,,,,,
2025-05-07 09:38:22,-3.997826,-79.175649,Av. Orillas del Zamora,SOLO_DANOS,Accidente Laboral,Mal estado de la via,,,,,,,,,,,,
2025-06-25 12:58:19,-4.029710,-79.207686,Av. Pio Jaramillo,CON_FALLECIDOS,Atropellamiento,Mal estado de la via,29,FALLECIDO,NO_REGISTRA,MOTOCICLETA,,,,,,,,
2025-08-01 04:16:16,-4.004812,-79.200062,Av. Isidro Ayora,CON_FALLECIDOS,Atropellamiento,Estado de embriaguez,67,FALLECIDO,MUJER,MOTOCICLETA,22,FALLECIDO,MUJER,CICLISTA,10,LESIONADO,NO_REGISTRA,VEH_LIVIANO
2025-07-02 17:55:00,-3.991357,-79.223108,Calle 18 de Noviembre,CON_LESIONADOS,Incendio,Visibilidad reducida,31,LESIONADO,NO_REGISTRA,MOTOCICLETA,27,LESIONADO,NO_REGISTRA,MOTOCICLETA,,,,
2025-12-28 00:38:19,-4.005394,-79.209551,Av. Metropolitana,CON_FALLECIDOS,Volcamiento,Visibilidad reducida,31,FALLECIDO,HOMBRE,PEATON,32,LESIONADO,HOMBRE,MOTOCICLETA,43,LESIONADO,HOMBRE,PEATON
2025-07-16 06:52:23,-4.002867,-79.181699,Av. Manuel Agustin Aguirre,CON_FALLECIDOS,Accidente Laboral,Visibilidad reducida,28,FALLECIDO,NO_REGISTRA,MOTOCICLETA,29,FALLECIDO,HOMBRE,OTRO,67,LESIONADO,MUJER,MOTOCICLETA
2025-07-26 07:52:11,-3.995801,-79.190610,Av. 8 de Diciembre,SOLO_DANOS,Accidente Laboral,Via resbaladiza o mojada,,,,,,,,,,,,
2025-12-18 11:29:35,-3.985032,-79.187649,Calle Bolivar,CON_LESIONADOS,Incendio,Estado de embriaguez,40,LESIONADO,NO_REGISTRA,SCOOTER,47,LESIONADO,MUJER,OTRO,36,LESIONADO,MUJER,OTRO
2025-11-09 19:44:01,-4.007154,-79.178241,Calle Sucre,SOLO_DANOS,Atropellamiento,Visibilidad reducida,,,,,,,,,,,,
2025-12-29 19:21:32,-4.000633,-79.209947,Calle Saraguro,CON_FALLECIDOS,Colision Multiple,Estado de embriaguez,24,FALLECIDO,NO_REGISTRA,CICLISTA,39,FALLECIDO,MUJER,MOTOCICLETA,20,LESIONADO,MUJER,MOTOCICLETA
2025-02-21 00:06:30,-4.027083,-79.182705,Calle Azogues,CON_FALLECIDOS,Atropellamiento,Via resbaladiza o mojada,55,FALLECIDO,HOMBRE,CICLISTA,31,FALLECIDO,NO_REGISTRA,VEH_LIVIANO,35,LESIONADO,HOMBRE,PEATON
2025-03-16 12:47:30,-4.011023,-79.209072,Av. Gran Colombia,CON_LESIONADOS,Volcamiento,Inobservancia de senales,6,LESIONADO,HOMBRE,PEATON,,,,,,,,
2025-12-03 06:49:27,-3.978188,-79.177827,Calle Saraguro,CON_FALLECIDOS,Incendio,Visibilidad reducida,34,FALLECIDO,NO_REGISTRA,SCOOTER,13,LESIONADO,HOMBRE,CICLISTA,30,LESIONADO,MUJER,MOTOCICLETA
2025-09-12 21:20:09,-4.034650,-79.209252,Calle Sucre,CON_FALLECIDOS,Incendio,Imprudencia del conductor,46,FALLECIDO,MUJER,VEH_LIVIANO,,,,,,,,
2025-07-16 01:15:14,-4.024814,-79.179223,Calle Colon,SOLO_DANOS,Incendio,Visibilidad reducida,48,LESIONADO,HOMBRE,OTRO,,,,,,,,
2025-05-24 08:44:35,-3.983848,-79.223491,Ruta 35,CON_FALLECIDOS,Volcamiento,Factores externos,45,FALLECIDO,MUJER,MOTOCICLETA,,,,,,,,
2025-08-16 20:01:33,-4.026076,-79.194999,Av. Manuel Agustin Aguirre,SOLO_DANOS,Volcamiento,Distraccion (celular/radio),,,,,,,,,,,,
2025-03-06 15:44:26,-3.979889,-79.204018,Av. Rosa Hermosa,CON_LESIONADOS,Colision Multiple,Distraccion (celular/radio),80,LESIONADO,NO_REGISTRA,OTRO,33,LESIONADO,MUJER,MOTOCICLETA,39,LESIONADO,MUJER,PEATON
2025-02-21 04:51:09,-3.992539,-79.224616,Via Loja - Catamayo,CON_LESIONADOS,Accidente Laboral,Inobservancia de senales,57,LESIONADO,MUJER,VEH_LIVIANO,23,LESIONADO,NO_REGISTRA,SCOOTER,41,LESIONADO,HOMBRE,CICLISTA
2025-10-29 03:28:10,-3.978683,-79.186076,Av. Cuxibamba,SOLO_DANOS,Caida,Mal estado de la via,,,,,,,,,,,,
2025-11-22 03:25:09,-3.981813,-79.212862,Calle Quito,CON_LESIONADOS,Atropellamiento,Imprudencia del conductor,37,LESIONADO,HOMBRE,SCOOTER,31,LESIONADO,HOMBRE,MOTOCICLETA,,,,
2025-08-02 04:22:34,-4.009362,-79.211231,Calle Ramon Borrero,CON_LESIONADOS,Incendio,Via resbaladiza o mojada,64,LESIONADO,NO_REGISTRA,OTRO,7,LESIONADO,NO_REGISTRA,PEATON,,,,
2025-08-16 19:43:30,-3.986792,-79.227634,Via Loja - Catamayo,SOLO_DANOS,Caida,Distraccion (celular/radio),,,,,,,,,,,,
2025-02-07 14:11:33,-4.024171,-79.174849,Av. Gran Colombia,CON_LESIONADOS,Caida,Estado de embriaguez,43,LESIONADO,HOMBRE,SCOOTER,43,LESIONADO,HOMBRE,VEH_LIVIANO,,,,
2025-11-01 10:01:54,-4.011382,-79.175070,Calle 10 de Agosto,CON_FALLECIDOS,Atropellamiento,Mal estado de la via,82,FALLECIDO,MUJER,VEH_LIVIANO,,,,,,,,
2025-02-22 17:59:31,-3.981032,-79.203197,Calle Ramon Borrero,CON_FALLECIDOS,Colision Multiple,Fatiga del conductor,49,FALLECIDO,HOMBRE,VEH_LIVIANO,12,LESIONADO,MUJER,OTRO,,,,
2025-05-31 14:49:34,-4.028901,-79.199909,Av. Universitaria,CON_LESIONADOS,Accidente Laboral,Factores externos,50,LESIONADO,NO_REGISTRA,SCOOTER,49,LESIONADO,MUJER,SCOOTER,48,LESIONADO,HOMBRE,SCOOTER
2025-02-09 00:36:23,-3.984845,-79.226917,Av. Metropolitana,SOLO_DANOS,Choque Vehicular,Falla mecanica,,,,,,,,,,,,
2025-01-05 00:18:06,-3.994777,-79.195781,Calle Azogues,SOLO_DANOS,Atropellamiento,Distraccion (celular/radio),,,,,,,,,,,,
2025-07-11 23:43:28,-4.007075,-79.178144,Av. Metropolitana,CON_FALLECIDOS,Caida,Inobservancia de senales,61,FALLECIDO,MUJER,PEATON,67,FALLECIDO,HOMBRE,OTRO,39,LESIONADO,HOMBRE,OTRO
2025-12-06 00:26:16,-3.989076,-79.182636,Calle Rocafuerte,CON_LESIONADOS,Volcamiento,Estado de embriaguez,50,LESIONADO,MUJER,OTRO,26,LESIONADO,MUJER,CICLISTA,,,,
2025-08-17 05:42:18,-3.996865,-79.197252,Av. Cuxibamba,CON_FALLECIDOS,Volcamiento,Mal estado de la via,77,FALLECIDO,NO_REGISTRA,OTRO,36,LESIONADO,MUJER,MOTOCICLETA,68,LESIONADO,NO_REGISTRA,MOTOCICLETA
2025-06-25 10:40:12,-4.030900,-79.219855,Av. Isidro Ayora,SOLO_DANOS,Incendio,Falla mecanica,19,LESIONADO,HOMBRE,OTRO,,,,,,,,
2025-09-24 20:14:46,-3.995729,-79.214027,Av. Cuxibamba,CON_FALLECIDOS,Volcamiento,Mal estado de la via,50,FALLECIDO,HOMBRE,CICLISTA,78,FALLECIDO,MUJER,CICLISTA,80,LESIONADO,MUJER,SCOOTER
2025-03-03 14:15:35,-3.996159,-79.204623,Av. Orillas del Zamora,CON_FALLECIDOS,Volcamiento,Equipo de seguridad deficiente,58,FALLECIDO,HOMBRE,VEH_LIVIANO,,,,,,,,
2025-10-05 00:07:13,-4.029114,-79.228348,Calle 10 de Agosto,CON_FALLECIDOS,Choque Vehicular,Visibilidad reducida,34,FALLECIDO,HOMBRE,OTRO,26,LESIONADO,MUJER,SCOOTER,19,LESIONADO,HOMBRE,SCOOTER
2025-12-16 05:35:40,-4.002039,-79.211951,Calle Rocafuerte,SOLO_DANOS,Incendio,Visibilidad reducida,,,,,,,,,,,,
2025-10-11 12:42:43,-3.986180,-79.210969,Calle Ramon Borrero,SOLO_DANOS,Atropellamiento,Mal estado de la via,,,,,,,,,,,,
2025-02-11 18:41:39,-4.018809,-79.174155,Calle Montufar,SOLO_DANOS,Caida,Exceso de velocidad,,,,,,,,,,,,
2025-12-30 04:56:33,-3.977169,-79.173448,Via Loja - Catamayo,CON_FALLECIDOS,Incendio,Estado de embriaguez,81,FALLECIDO,HOMBRE,OTRO,55,FALLECIDO,NO_REGISTRA,OTRO,46,LESIONADO,NO_REGISTRA,VEH_LIVIANO
2025-10-20 17:45:59,-3.998797,-79.224258,Calle Rocafuerte,CON_LESIONADOS,Atropellamiento,Via resbaladiza o mojada,70,LESIONADO,NO_REGISTRA,SCOOTER,6,LESIONADO,NO_REGISTRA,CICLISTA,15,LESIONADO,NO_REGISTRA,CICLISTA
2025-04-25 01:42:45,-4.017144,-79.173759,Calle Imbabura,CON_LESIONADOS,Colision Multiple,Imprudencia del conductor,11,LESIONADO,NO_REGISTRA,PEATON,30,LESIONADO,HOMBRE,MOTOCICLETA,26,LESIONADO,NO_REGISTRA,SCOOTER