fecha_hora,latitud,longitud,via,grado_severidad,tipo_siniestro,causa_probable,victima1_edad,victima1_condicion,victima1_sexo,victima1_actor_vial,victima2_edad,victima2_condicion,victima2_sexo,victima2_actor_vial,victima3_edad,victima3_condicion,victima3_sexo,victima3_actor_vial
2025-06-04 04:13:31,-4.011993,-79.229552,Calle Montufar,CON_LESIONADOS,Choque Vehicular,Falla mecanica,28,LESIONADO,NO_REGISTRA,PEATON,,,,,,,,
2025-09-07 03:27:30,-3.989772,-79.183090,Via Loja - Zamora,CON_FALLECIDOS,Incendio,Via resbaladiza o mojada,82,FALLECIDO,MUJER,CICLISTA,43,LESIONADO,MUJER,VEH_LIVIANO,,,,
2025-07-28 00:48:55,-4.028294,-79.208511,Calle Azogues,CON_LESIONADOS,Incendio,Mal estado de la via,53,LESIONADO,HOMBRE,VEH_LIVIANO,,,,,,,,
2025-06-26 03:24:42,-4.026597,-79.189483,Calle Imbabura,SOLO_DANOS,Atropellamiento,Via resbaladiza o mojada,,,,,,,,,,,,
2025-07-29 10:03:28,-4.004441,-79.186137,Calle Montufar,SOLO_DANOS,Colision Multiple,Inobservancia de senales,33,LESIONADO,NO_REGISTRA,OTRO,,,,,,,,
2025-06-13 08:35:31,-3.977073,-79.171286,Calle 18 de Noviembre,SOLO_DANOS,Volcamiento,Equipo de seguridad deficiente,28,LESIONADO,NO_REGISTRA,SCOOTER,,,,,,,,
2025-02-21 01:32:02,-4.012048,-79.176366,Calle Saraguro,SOLO_DANOS,Atropellamiento,Via resbaladiza o mojada,,,,,,,,,,,,
2025-07-30 16:55:28,-4.017205,-79.181355,Av. 8 de Diciembre,CON_FALLECIDOS,Colision Multiple,Via resbaladiza o mojada,29,FALLECIDO,HOMBRE,SCOOTER,,,,,,,,
2025-03-01 21:13:42,-3.982843,-79.186727,Calle Saraguro,CON_FALLECIDOS,Caida,Factores externos,41,FALLECIDO,NO_REGISTRA,PEATON,50,FALLECIDO,NO_REGISTRA,CICLISTA,,,,
2025-03-27 01:36:43,-4.010648,-79.215210,Calle Rocafuerte,SOLO_DANOS,Volcamiento,Falla mecanica,,,,,,,,,,,,
2025-12-22 18:06:21,-4.033406,-79.189009,Calle Bolivar,CON_FALLECIDOS,Incendio,Inobservancia de senales,78,FALLECIDO,NO_REGISTRA,PEATON,66,FALLECIDO,MUJER,PEATON,60,LESIONADO,NO_REGISTRA,SCOOTER
2025-05-28 21:48:23,-3.991252,-79.219434,Av. Pio Jaramillo,SOLO_DANOS,Volcamiento,Factores externos,,,,,,,,,,,,
2025-05-02 02:03:41,-3.988549,-79.193258,Calle Quito,CON_FALLECIDOS,Accidente Laboral,Falla mecanica,45,FALLECIDO,HOMBRE,OTRO,24,FALLECIDO,NO_REGISTRA,PEATON,15,LESIONADO,MUJER,OTRO
2025-03-31 20:13:41,-3.990416,-79.227297,Calle Ramon Borrero,CON_LESIONADOS,Atropellamiento,Estado de embriaguez,16,LESIONADO,HOMBRE,PEATON,,,,,,,,
2025-05-27 06:30:39,-4.034496,-79.175943,Calle Azogues,SOLO_DANOS,Volcamiento,Fatiga del conductor,,,,,,,,,,,,
2025-11-22 02:33:05,-3.979413,-79.206828,Calle Mercadillo,CON_FALLECIDOS,Incendio,Falla mecanica,28,FALLECIDO,MUJER,OTRO,19,LESIONADO,HOMBRE,VEH_LIVIANO,19,LESIONADO,HOMBRE,VEH_LIVIANO
2025-04-20 14:07:40,-3.998740,-79.200339,Av. Universitaria,CON_LESIONADOS,Caida,Factores externos,8,LESIONADO,HOMBRE,MOTOCICLETA,48,LESIONADO,HOMBRE,OTRO,,,,
2025-07-10 22:34:44,-4.032762,-79.175102,Av. 8 de Diciembre,CON_LESIONADOS,Atropellamiento,Distraccion (celular/radio),33,LESIONADO,MUJER,OTRO,,,,,,,,
2025-04-11 23:52:41,-4.020633,-79.222767,Av. Orillas del Zamora,SOLO_DANOS,Accidente Laboral,Imprudencia del conductor,,,,,,,,,,,,
2025-08-28 21:05:48,-3.978370,-79.177845,Calle Imbabura,CON_FALLECIDOS,Incendio,Estado de embriaguez,54,FALLECIDO,HOMBRE,SCOOTER,47,FALLECIDO,MUJER,CICLISTA,57,LESIONADO,MUJER,PEATON
2025-03-27 09:00:02,-3.986587,-79.187813,Av. Rosa Hermosa,CON_LESIONADOS,Choque Vehicular,Estado de embriaguez,50,LESIONADO,NO_REGISTRA,MOTOCICLETA,16,LESIONADO,HOMBRE,OTRO,,,,
2025-11-14 04:28:05,-4.034012,-79.223794,Calle Rocafuerte,CON_FALLECIDOS,Caida,Falla mecanica,83,FALLECIDO,NO_REGISTRA,SCOOTER,82,FALLECIDO,HOMBRE,VEH_LIVIANO,,,,
2025-11-19 04:19:08,-3.988500,-79.194704,Calle Azogues,CON_LESIONADOS,Choque Vehicular,Falla mecanica,53,LESIONADO,HOMBRE,MOTOCICLETA,46,LESIONADO,HOMBRE,PEATON,,,,
2025-03-05 02:43:32,-4.029006,-79.205435,Av. Pio Jaramillo,CON_LESIONADOS,Caida,Inobservancia de senales,77,LESIONADO,MUJER,VEH_LIVIANO,68,LESIONADO,NO_REGISTRA,OTRO,37,LESIONADO,HOMBRE,SCOOTER
2025-11-29 01:47:47,-3.978522,-79.209630,Calle Rocafuerte,CON_LESIONADOS,Incendio,Via resbaladiza o mojada,14,LESIONADO,HOMBRE,PEATON,16,LESIONADO,MUJER,MOTOCICLETA,45,LESIONADO,HOMBRE,MOTOCICLETA
2025-01-29 20:17:18,-3.985199,-79.201853,Calle Quito,SOLO_DANOS,Choque Vehicular,Fatiga del conductor,,,,,,,,,,,,
2025-09-03 15:22:08,-3.985395,-79.187296,Calle Mercadillo,SOLO_DANOS,Atropellamiento,Estado de embriaguez,,,,,,,,,,,,
2025-03-09 02:18:13,-3.978948,-79.174316,Ruta 35,CON_FALLECIDOS,Incendio,Inobservancia de senales,19,FALLECIDO,NO_REGISTRA,MOTOCICLETA,70,LESIONADO,HOMBRE,VEH_LIVIANO,65,LESIONADO,HOMBRE,CICLISTA
2025-12-09 07:53:41,-3.996065,-79.206188,Calle Rocafuerte,CON_LESIONADOS,Caida,Factores externos,57,LESIONADO,NO_REGISTRA,OTRO,,,,,,,,
2025-03-27 04:09:08,-4.023386,-79.176602,Calle 18 de Noviembre,CON_FALLECIDOS,Volcamiento,Factores externos,35,FALLECIDO,MUJER,PEATON,33,LESIONADO,MUJER,PEATON,,,,
2025-08-20 14:40:53,-4.031213,-79.193125,Calle Imbabura,CON_LESIONADOS,Choque Vehicular,Falla mecanica,11,LESIONADO,HOMBRE,CICLISTA,76,LESIONADO,MUJER,PEATON,,,,
2025-11-14 11:16:31,-4.020062,-79.182984,Calle Mercadillo,CON_FALLECIDOS,Incendio,Falla mecanica,58,FALLECIDO,NO_REGISTRA,OTRO,47,FALLECIDO,HOMBRE,SCOOTER,50,LESIONADO,HOMBRE,VEH_LIVIANO
2025-06-14 20:50:00,-4.017570,-79.198222,Av. Reinaldo Espinosa,SOLO_DANOS,Atropellamiento,Inobservancia de senales,,,,,,,,,,,,
2025-01-20 01:21:40,-3.979550,-79.203288,Calle Quito,CON_LESIONADOS,Caida,Inobservancia de senales,41,LESIONADO,MUJER,SCOOTER,,,,,,,,
2025-05-31 20:25:00,-4.016131,-79.201183,Av. Metropolitana,SOLO_DANOS,Volcamiento,Distraccion (celular/radio),,,,,,,,,,,,
2025-03-11 09:55:38,-3.992675,-79.225036,Av. 8 de Diciembre,CON_FALLECIDOS,Caida,Mal estado de la via,35,FALLECIDO,NO_REGISTRA,CICLISTA,78,FALLECIDO,HOMBRE,PEATON,40,LESIONADO,HOMBRE,SCOOTER
2025-05-13 14:12:57,-3.986146,-79.228592,Calle Miguel Riofrio,CON_LESIONADOS,Atropellamiento,Mal estado de la via,73,LESIONADO,NO_REGISTRA,MOTOCICLETA,38,LESIONADO,HOMBRE,OTRO,45,LESIONADO,MUJER,VEH_LIVIANO
2025-03-01 11:02:29,-4.006770,-79.225821,Calle Mercadillo,CON_LESIONADOS,Accidente Laboral,Factores externos,23,LESIONADO,HOMBRE,SCOOTER,40,LESIONADO,MUJER,SCOOTER,67,LESIONADO,HOMBRE,PEATON
2025-06-13 17:29:44,-3.996278,-79.212846,Av. Rosa Hermosa,SOLO_DANOS,Volcamiento,Falla mecanica,,,,,,,,,,,,
2025-11-24 13:31:37,-4.009466,-79.194282,Calle Saraguro,CON_LESIONADOS,Accidente Laboral,Fatiga del conductor,8,LESIONADO,HOMBRE,VEH_LIVIANO,46,LESIONADO,NO_REGISTRA,MOTOCICLETA,,,,
2025-05-24 00:14:58,-4.022559,-79.179486,Av. Orillas del Zamora,SOLO_DANOS,Caida,Mal estado de la via,,,,,,,,,,,,
2025-10-01 09:22:34,-3.995960,-79.217636,Via Loja - Zamora,SOLO_DANOS,Incendio,Imprudencia del conductor,,,,,,,,,,,,
2025-12-26 16:54:53,-4.033384,-79.200968,Av. Isidro Ayora,CON_LESIONADOS,Choque Vehicular,Mal estado de la via,11,LESIONADO,NO_REGISTRA,SCOOTER,63,LESIONADO,MUJER,MOTOCICLETA,,,,
2025-01-09 18:25:37,-4.025382,-79.203297,Calle Miguel Riofrio,CON_LESIONADOS,Caida,Fatiga del conductor,6,LESIONADO,MUJER,SCOOTER,32,LESIONADO,MUJER,VEH_LIVIANO,58,LESIONADO,HOMBRE,MOTOCICLETA
2025-09-14 09:35:01,-4.024055,-79.190309,Av. Rosa Hermosa,CON_FALLECIDOS,Incendio,Estado de embriaguez,77,FALLECIDO,MUJER,OTRO,60,LESIONADO,NO_REGISTRA,SCOOTER,,,,
2025-06-11 07:16:02,-4.025394,-79.227310,Av. Cuxibamba,CON_FALLECIDOS,Colision Multiple,Exceso de velocidad,60,FALLECIDO,MUJER,OTRO,72,LESIONADO,NO_REGISTRA,CICLISTA,53,LESIONADO,NO_REGISTRA,PEATON
2025-01-22 20:25:07,-4.030582,-79.178856,Calle 10 de Agosto,CON_FALLECIDOS,Incendio,Fatiga del conductor,38,FALLECIDO,HOMBRE,SCOOTER,34,LESIONADO,HOMBRE,CICLISTA,,,,
2025-12-16 02:10:51,-3.977706,-79.230150,Calle Ramon Borrero,CON_LESIONADOS,Atropellamiento,Via resbaladiza o mojada,71,LESIONADO,MUJER,OTRO,75,LESIONADO,NO_REGISTRA,OTRO,,,,
2025-09-26 03:56:42,-3.988507,-79.203463,Av. Pio Jaramillo,CON_FALLECIDOS,Colision Multiple,Falla mecanica,58,FALLECIDO,MUJER,CICLISTA,,,,,,,,
2025-08-16 18:51:11,-3.987370,-79.223970,Calle Miguel Riofrio,SOLO_DANOS,Choque Vehicular,Inobservancia de senales,,,,,,,,,,,,
2025-01-17 08:22:02,-4.002784,-79.194700,Ruta 35,SOLO_DANOS,Colision Multiple,Distraccion (celular/radio),,,,,,,,,,,,
2025-09-29 22:39:44,-4.000703,-79.181076,Calle Bolivar,CON_FALLECIDOS,Atropellamiento,Via resbaladiza o mojada,53,FALLECIDO,NO_REGISTRA,SCOOTER,72,FALLECIDO,HOMBRE,SCOOTER,37,LESIONADO,NO_REGISTRA,SCOOTER
2025-02-13 09:40:57,-3.994584,-79.212366,Calle Miguel Riofrio,CON_FALLECIDOS,Incendio,Visibilidad reducida,71,FALLECIDO,HOMBRE,PEATON,12,LESIONADO,NO_REGISTRA,CICLISTA,,,,
2025-01-26 01:52:23,-3.984738,-79.180968,Av. Isidro Ayora,CON_FALLECIDOS,Caida,Fatiga del conductor,32,FALLECIDO,MUJER,PEATON,43,FALLECIDO,NO_REGISTRA,VEH_LIVIANO,,,,
2025-10-20 10:15:59,-4.031418,-79.222674,Av. 8 de Diciembre,SOLO_DANOS,Colision Multiple,Visibilidad reducida,,,,,,,,,,,,
2025-11-30 14:35:19,-4.027276,-79.188453,Via Loja - Catamayo,SOLO_DANOS,Atropellamiento,Distraccion (celular/radio),,,,,,,,,,,,
2025-09-17 23:27:25,-4.001131,-79.198707,Calle Montufar,SOLO_DANOS,Caida,Estado de embriaguez,69,LESIONADO,MUJER,OTRO,,,,,,,,
2025-03-27 00:18:26,-3.986488,-79.181562,Calle Colon,CON_FALLECIDOS,Caida,Mal estado de la via,25,FALLECIDO,NO_REGISTRA,SCOOTER,64,FALLECIDO,NO_REGISTRA,OTRO,12,LESIONADO,MUJER,SCOOTER
2025-08-05 17:08:19,-4.010832,-79.187510,Av. Universitaria,SOLO_DANOS,Accidente Laboral,Equipo de seguridad deficiente,,,,,,,,,,,,
2025-12-21 10:57:50,-3.984238,-79.217323,Calle 18 de Noviembre,CON_LESIONADOS,Colision Multiple,Mal estado de la via,32,LESIONADO,NO_REGISTRA,MOTOCICLETA,48,LESIONADO,HOMBRE,OTRO,,,,
2025-05-16 15:17:49,-3.986691,-79.191899,Av. Pio Jaramillo,CON_LESIONADOS,Volcamiento,Inobservancia de senales,69,LESIONADO,MUJER,OTRO,13,LESIONADO,MUJER,PEATON,,,,
2025-09-08 01:54:56,-4.012562,-79.206917,Calle 18 de Noviembre,CON_FALLECIDOS,Colision Multiple,Imprudencia del conductor,35,FALLECIDO,MUJER,SCOOTER,81,FALLECIDO,MUJER,CICLISTA,35,LESIONADO,NO_REGISTRA,MOTOCICLETA
2025-02-16 22:36:25,-4.018385,-79.201479,Av. Isidro Ayora,SOLO_DANOS,Colision Multiple,Exceso de velocidad,,,,,,,,,,,,
2025-12-01 10:29:31,-4.034962,-79.211312,Calle 18 de Noviembre,SOLO_DANOS,Caida,Equipo de seguridad deficiente,,,,,,,,,,,,
2025-01-10 06:17:56,-4.011690,-79.209897,Calle 10 de Agosto,CON_LESIONADOS,Atropellamiento,Falla mecanica,55,LESIONADO,MUJER,CICLISTA,35,LESIONADO,HOMBRE,CICLISTA,,,,
2025-08-01 00:39:58,-4.000683,-79.194612,Calle Rocafuerte,SOLO_DANOS,Volcamiento,Factores externos,,,,,,,,,,,,
2025-10-07 11:58:54,-4.035120,-79.191620,Calle 10 de Agosto,SOLO_DANOS,Accidente Laboral,Distraccion (celular/radio),,,,,,,,,,,,
2025-11-28 18:18:39,-3.988901,-79.186378,Calle 18 de Noviembre,SOLO_DANOS,Volcamiento,Factores externos,,,,,,,,,,,,
2025-09-28 08:21:52,-4.036773,-79.206481,Calle Montufar,CON_LESIONADOS,Incendio,Estado de embriaguez,23,LESIONADO,NO_REGISTRA,CICLISTA,8,LESIONADO,HOMBRE,SCOOTER,,,,
2025-11-18 17:04:52,-4.001331,-79.191430,Av. Manuel Agustin Aguirre,SOLO_DANOS,Choque Vehicular,Exceso de velocidad,,,,,,,,,,,,
2025-04-25 10:39:01,-4.029484,-79.225388,Calle Imbabura,CON_LESIONADOS,Volcamiento,Inobservancia de senales,11,LESIONADO,HOMBRE,MOTOCICLETA,69,LESIONADO,NO_REGISTRA,OTRO,75,LESIONADO,HOMBRE,OTRO
2025-12-04 02:57:14,-4.019519,-79.185145,Calle 10 de Agosto,SOLO_DANOS,Choque Vehicular,Mal estado de la via,45,LESIONADO,MUJER,SCOOTER,,,,,,,,
2025-02-13 22:01:09,-4.026940,-79.172085,Av. Cuxibamba,CON_LESIONADOS,Caida,Fatiga del conductor,17,LESIONADO,HOMBRE,VEH_LIVIANO,56,LESIONADO,NO_REGISTRA,CICLISTA,,,,
2025-10-08 23:12:29,-4.004396,-79.183471,Av. Pio Jaramillo,CON_FALLECIDOS,Atropellamiento,Falla mecanica,67,FALLECIDO,MUJER,MOTOCICLETA,15,LESIONADO,HOMBRE,VEH_LIVIANO,,,,
2025-06-07 07:34:12,-4.032845,-79.207926,Calle Quito,SOLO_DANOS,Choque Vehicular,Mal estado de la via,,,,,,,,,,,,
2025-12-22 00:56:40,-4.011934,-79.201315,Av. Isidro Ayora,CON_FALLECIDOS,Choque Vehicular,Fatiga del conductor,68,FALLECIDO,MUJER,CICLISTA,79,FALLECIDO,NO_REGISTRA,VEH_LIVIANO,,,,
2025-04-26 06:30:31,-3.982942,-79.177045,Calle Imbabura,SOLO_DANOS,Choque Vehicular,Distraccion (celular/radio),,,,,,,,,,,,
2025-07-22 21:38:05,-4.028953,-79.176961,Calle 10 de Agosto,CON_FALLECIDOS,Volcamiento,Falla mecanica,85,FALLECIDO,MUJER,OTRO,34,LESIONADO,HOMBRE,SCOOTER,26,LESIONADO,NO_REGISTRA,SCOOTER
2025-11-29 16:14:16,-4.007956,-79.185313,Calle Bolivar,CON_FALLECIDOS,Colision Multiple,Equipo de seguridad deficiente,81,FALLECIDO,NO_REGISTRA,MOTOCICLETA,12,LESIONADO,NO_REGISTRA,SCOOTER,,,,
2025-09-11 07:54:49,-4.033953,-79.229602,Calle Bolivar,CON_FALLECIDOS,Incendio,Inobservancia de senales,75,FALLECIDO,MUJER,VEH_LIVIANO,,,,,,,,
2025-02-14 07:58:41,-4.011766,-79.185482,Ruta 35,CON_LESIONADOS,Accidente Laboral,Falla mecanica,31,LESIONADO,HOMBRE,SCOOTER,10,LESIONADO,HOMBRE,MOTOCICLETA,25,LESIONADO,HOMBRE,SCOOTER
2025-12-03 15:03:37,-4.030837,-79.222595,Calle Saraguro,CON_LESIONADOS,Colision Multiple,Falla mecanica,68,LESIONADO,HOMBRE,MOTOCICLETA,29,LESIONADO,NO_REGISTRA,VEH_LIVIANO,33,LESIONADO,HOMBRE,SCOOTER
2025-09-08 06:12:56,-3.990897,-79.177201,Calle 10 de Agosto,CON_LESIONADOS,Caida,Inobservancia de senales,25,LESIONADO,MUJER,PEATON,,,,,,,,
2025-02-17 17:12:48,-3.978968,-79.197848,Calle Saraguro,SOLO_DANOS,Incendio,Estado de embriaguez,,,,,,,,,,,,
2025-09-25 17:26:53,-3.981637,-79.172268,Av. Cuxibamba,SOLO_DANOS,Volcamiento,Estado de embriaguez,,,,,,,,,,,,
2025-03-18 18:22:46,-4.023217,-79.178934,Calle 18 de Noviembre,CON_LESIONADOS,Atropellamiento,Via resbaladiza o mojada,18,LESIONADO,MUJER,PEATON,71,LESIONADO,MUJER,CICLISTA,,,,
2025-10-27 13:29:35,-4.023278,-79.207040,Calle Rocafuerte,SOLO_DANOS,Volcamiento,Distraccion (celular/radio),,,,,,,,,,,,
2025-12-09 11:14:50,-3.977228,-79.230975,Av. 8 de Diciembre,CON_FALLECIDOS,Incendio,Distraccion (celular/radio),42,FALLECIDO,MUJER,OTRO,,,,,,,,
2025-10-02 04:47:00,-4.011620,-79.204046,Calle Azogues,CON_FALLECIDOS,Choque Vehicular,Factores externos,60,FALLECIDO,NO_REGISTRA,MOTOCICLETA,56,LESIONADO,HOMBRE,MOTOCICLETA,46,LESIONADO,NO_REGISTRA,SCOOTER
2025-06-25 13:57:33,-4.007915,-79.216526,Calle Ramon Borrero,SOLO_DANOS,Atropellamiento,Visibilidad reducida,,,,,,,,,,,,
2025-02-11 16:39:47,-3.998046,-79.205956,Av. Pio Jaramillo,CON_LESIONADOS,Colision Multiple,Estado de embriaguez,54,LESIONADO,MUJER,MOTOCICLETA,7,LESIONADO,HOMBRE,PEATON,,,,
2025-05-24 18:10:29,-3.987736,-79.202933,Calle Sucre,SOLO_DANOS,Caida,Exceso de velocidad,,,,,,,,,,,,
2025-11-18 13:58:33,-4.021423,-79.206578,Calle Sucre,CON_LESIONADOS,Colision Multiple,Exceso de velocidad,67,LESIONADO,NO_REGISTRA,OTRO,59,LESIONADO,MUJER,PEATON,73,LESIONADO,MUJER,CICLISTA
2025-09-09 00:48:51,-3.984390,-79.176813,Av. Cuxibamba,CON_FALLECIDOS,Colision Multiple,Mal estado de la via,37,FALLECIDO,NO_REGISTRA,PEATON,79,FALLECIDO,MUJER,CICLISTA,24,LESIONADO,HOMBRE,OTRO
2025-03-19 04:21:59,-4.003908,-79.230908,Calle Ramon Borrero,SOLO_DANOS,Accidente Laboral,Inobservancia de senales,,,,,,,,,,,,
2025-05-23 11:28:01,-4.018625,-79.212002,Av. Rosa Hermosa,CON_FALLECIDOS,Colision Multiple,Visibilidad reducida,65,FALLECIDO,MUJER,PEATON,36,FALLECIDO,MUJER,CICLISTA,,,,
2025-03-02 12:01:54,-3.996536,-79.230931,Calle Sucre,SOLO_DANOS,Volcamiento,Inobservancia de senales,,,,,,,,,,,,
2025-03-25 02:21:37,-4.012136,-79.230940,Av. Pio Jaramillo,SOLO_DANOS,Volcamiento,Via resbaladiza o mojada,,,,,,,,,,,,
2025-04-27 13:00:51,-4.003284,-79.202796,Av. Universitaria,SOLO_DANOS,Accidente Laboral,Via resbaladiza o mojada,,,,,,,,,,,,
2025-11-17 22:34:46,-4.035428,-79.199708,Av. Universitaria,CON_LESIONADOS,Colision Multiple,Imprudencia del conductor,12,LESIONADO,NO_REGISTRA,MOTOCICLETA,80,LESIONADO,NO_REGISTRA,SCOOTER,75,LESIONADO,MUJER,CICLISTA
2025-08-08 12:41:44,-4.001418,-79.206033,Ruta 35,CON_LESIONADOS,Volcamiento,Via resbaladiza o mojada,77,LESIONADO,MUJER,CICLISTA,28,LESIONADO,MUJER,MOTOCICLETA,,,,
2025-02-21 09:45:08,-4.004885,-79.228246,Av. Gran Colombia,CON_FALLECIDOS,Choque Vehicular,Visibilidad reducida,56,FALLECIDO,HOMBRE,OTRO,67,FALLECIDO,NO_REGISTRA,PEATON,40,LESIONADO,NO_REGISTRA,VEH_LIVIANO
2025-03-31 19:35:10,-3.977941,-79.196890,Via Loja - Catamayo,CON_LESIONADOS,Incendio,Factores externos,76,LESIONADO,HOMBRE,SCOOTER,,,,,,,,
2025-07-21 03:55:49,-3.979481,-79.227711,Av. Rosa Hermosa,CON_FALLECIDOS,Caida,Imprudencia del conductor,62,FALLECIDO,NO_REGISTRA,VEH_LIVIANO,27,FALLECIDO,NO_REGISTRA,SCOOTER,46,LESIONADO,MUJER,OTRO
2025-05-15 01:28:51,-3.994866,-79.203810,Calle Imbabura,CON_LESIONADOS,Volcamiento,Fatiga del conductor,8,LESIONADO,NO_REGISTRA,MOTOCICLETA,,,,,,,,
2025-07-05 15:25:54,-4.010502,-79.193143,Calle Bolivar,CON_LESIONADOS,Incendio,Inobservancia de senales,33,LESIONADO,NO_REGISTRA,SCOOTER,71,LESIONADO,NO_REGISTRA,PEATON,,,,
2025-10-27 05:20:03,-4.001983,-79.196952,Calle Imbabura,SOLO_DANOS,Incendio,Inobservancia de senales,,,,,,,,,,,,
2025-12-03 19:12:07,-4.016158,-79.223583,Calle Ramon Borrero,SOLO_DANOS,Colision Multiple,Exceso de velocidad,,,,,,,,,,,,
2025-10-20 07:23:08,-3.989912,-79.229696,Av. Reinaldo Espinosa,CON_FALLECIDOS,Choque Vehicular,Factores externos,29,FALLECIDO,HOMBRE,SCOOTER,50,LESIONADO,NO_REGISTRA,CICLISTA,,,,
2025-11-15 07:32:35,-4.016540,-79.208129,Calle Sucre,CON_FALLECIDOS,Accidente Laboral,Imprudencia del conductor,35,FALLECIDO,MUJER,SCOOTER,51,FALLECIDO,MUJER,MOTOCICLETA,69,LESIONADO,MUJER,SCOOTER
2025-02-14 11:25:49,-4.012973,-79.175011,Av. Manuel Agustin Aguirre,CON_LESIONADOS,Colision Multiple,Distraccion (celular/radio),11,LESIONADO,HOMBRE,PEATON,67,LESIONADO,MUJER,SCOOTER,,,,
2025-08-05 02:57:21,-4.003461,-79.172268,Av. Metropolitana,SOLO_DANOS,Caida,Factores externos,,,,,,,,,,,,
2025-12-17 19:22:55,-3.987571,-79.184615,Calle Miguel Riofrio,CON_FALLECIDOS,Accidente Laboral,Visibilidad reducida,78,FALLECIDO,MUJER,SCOOTER,58,FALLECIDO,HOMBRE,PEATON,,,,
2025-07-21 23:28:37,-3.998659,-79.199298,Ruta 35,CON_LESIONADOS,Choque Vehicular,Estado de embriaguez,49,LESIONADO,MUJER,CICLISTA,75,LESIONADO,NO_REGISTRA,CICLISTA,,,,
2025-11-02 11:49:37,-4.023669,-79.200256,Av. Manuel Agustin Aguirre,SOLO_DANOS,Volcamiento,Exceso de velocidad,,,,,,,,,,,,
2025-04-01 04:14:15,-4.035469,-79.183790,Calle Saraguro,CON_FALLECIDOS,Choque Vehicular,Exceso de velocidad,20,FALLECIDO,HOMBRE,CICLISTA,21,FALLECIDO,MUJER,OTRO,24,LESIONADO,HOMBRE,CICLISTA
2025-08-09 13:44:56,-3.985721,-79.228876,Av. Pio Jaramillo,CON_LESIONADOS,Volcamiento,Fatiga del conductor,50,LESIONADO,HOMBRE,PEATON,80,LESIONADO,HOMBRE,SCOOTER,,,,
2025-06-01 06:08:54,-4.036884,-79.225267,Calle Sucre,SOLO_DANOS,Atropellamiento,Falla mecanica,73,LESIONADO,HOMBRE,CICLISTA,,,,,,,,
2025-03-22 01:51:58,-3.994099,-79.195597,Calle Mercadillo,CON_FALLECIDOS,Accidente Laboral,Estado de embriaguez,51,FALLECIDO,NO_REGISTRA,MOTOCICLETA,8,LESIONADO,HOMBRE,VEH_LIVIANO,,,,
2025-02-17 03:17:34,-3.981375,-79.187258,Av. 8 de Diciembre,CON_LESIONADOS,Caida,Mal estado de la via,54,LESIONADO,NO_REGISTRA,PEATON,12,LESIONADO,HOMBRE,MOTOCICLETA,9,LESIONADO,MUJER,VEH_LIVIANO
2025-12-27 13:28:08,-4.000530,-79.179856,Calle Bolivar,CON_FALLECIDOS,Volcamiento,Estado de embriaguez,48,FALLECIDO,NO_REGISTRA,MOTOCICLETA,53,FALLECIDO,NO_REGISTRA,MOTOCICLETA,17,LESIONADO,NO_REGISTRA,CICLISTA
2025-06-22 01:08:47,-4.034286,-79.178033,Av. Isidro Ayora,CON_FALLECIDOS,Colision Multiple,Inobservancia de senales,68,FALLECIDO,NO_REGISTRA,MOTOCICLETA,,,,,,,,
2025-06-23 21:50:54,-3.979609,-79.221185,Calle Colon,CON_FALLECIDOS,Colision Multiple,Fatiga del conductor,54,FALLECIDO,HOMBRE,OTRO,30,FALLECIDO,MUJER,CICLISTA,54,LESIONADO,MUJER,VEH_LIVIANO
2025-12-14 04:13:40,-3.988728,-79.222722,Av. Orillas del Zamora,CON_LESIONADOS,Atropellamiento,Distraccion (celular/radio),46,LESIONADO,HOMBRE,SCOOTER,78,LESIONADO,HOMBRE,MOTOCICLETA,30,LESIONADO,MUJER,MOTOCICLETA
2025-08-21 08:09:41,-4.000300,-79.179217,Av. Manuel Agustin Aguirre,CON_LESIONADOS,Colision Multiple,Distraccion (celular/radio),64,LESIONADO,MUJER,MOTOCICLETA,80,LESIONADO,HOMBRE,VEH_LIVIANO,78,LESIONADO,MUJER,PEATON
2025-03-11 15:34:22,-4.026822,-79.179279,Via Loja - Catamayo,CON_LESIONADOS,Accidente Laboral,Visibilidad reducida,72,LESIONADO,MUJER,VEH_LIVIANO,,,,,,,,
2025-09-20 16:48:22,-4.025849,-79.221636,Calle Ramon Borrero,CON_FALLECIDOS,Choque Vehicular,Imprudencia del conductor,25,FALLECIDO,MUJER,VEH_LIVIANO,30,LESIONADO,HOMBRE,CICLISTA,,,,
2025-04-20 08:25:12,-4.020059,-79.186479,Calle Mercadillo,CON_LESIONADOS,Colision Multiple,Equipo de seguridad deficiente,76,LESIONADO,HOMBRE,CICLISTA,21,LESIONADO,MUJER,CICLISTA,58,LESIONADO,HOMBRE,SCOOTER
2025-11-16 05:20:58,-3.977470,-79.191034,Calle Mercadillo,CON_LESIONADOS,Accidente Laboral,Equipo de seguridad deficiente,57,LESIONADO,MUJER,MOTOCICLETA,,,,,,,,
2025-07-27 18:17:26,-4.030432,-79.191120,Av. Rosa Hermosa,CON_FALLECIDOS,Accidente Laboral,Via resbaladiza o mojada,31,FALLECIDO,MUJER,MOTOCICLETA,16,LESIONADO,MUJER,PEATON,74,LESIONADO,HOMBRE,CICLISTA
2025-08-23 09:18:21,-4.014061,-79.205891,Calle Imbabura,CON_LESIONADOS,Atropellamiento,Equipo de seguridad deficiente,66,LESIONADO,NO_REGISTRA,MOTOCICLETA,53,LESIONADO,MUJER,PEATON,,,,