fecha_hora,latitud,longitud,via,grado_severidad,tipo_siniestro,causa_probable,victima1_edad,victima1_condicion,victima1_sexo,victima1_actor_vial,victima2_edad,victima2_condicion,victima2_sexo,victima2_actor_vial,victima3_edad,victima3_condicion,victima3_sexo,victima3_actor_vial
2025-08-28 09:28:16,-3.988631,-79.229359,Calle Mercadillo,SOLO_DANOS,Incendio,Equipo de seguridad deficiente,,,,,,,,,,,,
2025-01-24 20:35:24,-3.997677,-79.198399,Calle Montufar,CON_LESIONADOS,Volcamiento,Falla mecanica,62,LESIONADO,NO_REGISTRA,MOTOCICLETA,43,LESIONADO,NO_REGISTRA,MOTOCICLETA,59,LESIONADO,MUJER,MOTOCICLETA
2025-11-19 06:52:34,-4.000881,-79.188465,Av. Orillas del Zamora,CON_LESIONADOS,Volcamiento,Inobservancia de senales,12,LESIONADO,MUJER,OTRO,52,LESIONADO,HOMBRE,CICLISTA,36,LESIONADO,MUJER,VEH_LIVIANO
2025-05-23 16:52:12,-4.019967,-79.203779,Calle Miguel Riofrio,SOLO_DANOS,Choque Vehicular,Estado de embriaguez,,,,,,,,,,,,
2025-09-06 05:20:29,-4.030580,-79.226097,Av. Pio Jaramillo,SOLO_DANOS,Atropellamiento,Mal estado de la via,69,LESIONADO,NO_REGISTRA,CICLISTA,,,,,,,,
2025-07-17 21:02:27,-3.980345,-79.177069,Calle Imbabura,CON_LESIONADOS,Accidente Laboral,Estado de embriaguez,20,LESIONADO,HOMBRE,PEATON,27,LESIONADO,NO_REGISTRA,CICLISTA,,,,
2025-03-12 11:52:35,-3.991075,-79.212708,Ruta 35,CON_LESIONADOS,Volcamiento,Falla mecanica,44,LESIONADO,MUJER,MOTOCICLETA,,,,,,,,
2025-07-24 18:06:08,-4.021316,-79.176899,Calle Saraguro,SOLO_DANOS,Atropellamiento,Inobservancia de senales,,,,,,,,,,,,
2025-07-03 06:00:59,-3.988861,-79.200803,Calle Bolivar,CON_LESIONADOS,Choque Vehicular,Fatiga del conductor,64,LESIONADO,HOMBRE,MOTOCICLETA,,,,,,,,
2025-12-31 17:20:05,-4.022230,-79.210073,Av. Rosa Hermosa,SOLO_DANOS,Volcamiento,Falla mecanica,,,,,,,,,,,,
2025-09-08 20:18:40,-3.994345,-79.210878,Via Loja - Catamayo,SOLO_DANOS,Volcamiento,Factores externos,,,,,,,,,,,,
2025-10-07 09:44:45,-4.007149,-79.189133,Calle Azogues,CON_FALLECIDOS,Accidente Laboral,Estado de embriaguez,31,FALLECIDO,HOMBRE,PEATON,65,LESIONADO,NO_REGISTRA,CICLISTA,,,,
2025-06-21 07:18:01,-3.977985,-79.205865,Calle Sucre,CON_LESIONADOS,Incendio,Factores externos,43,LESIONADO,NO_REGISTRA,MOTOCICLETA,,,,,,,,
2025-06-27 00:32:00,-3.992007,-79.209382,Av. Orillas del Zamora,CON_LESIONADOS,Atropellamiento,Via resbaladiza o mojada,70,LESIONADO,HOMBRE,PEATON,,,,,,,,
2025-02-02 15:10:29,-4.032999,-79.220688,Calle Bolivar,CON_FALLECIDOS,Volcamiento,Mal estado de la via,40,FALLECIDO,NO_REGISTRA,CICLISTA,50,FALLECIDO,MUJER,SCOOTER,74,LESIONADO,MUJER,SCOOTER
2025-05-27 09:14:31,-3.998484,-79.213573,Av. Isidro Ayora,CON_LESIONADOS,Incendio,Exceso de velocidad,38,LESIONADO,NO_REGISTRA,OTRO,71,LESIONADO,NO_REGISTRA,SCOOTER,,,,
2025-05-03 05:49:26,-4.032263,-79.192261,Via Loja - Catamayo,CON_LESIONADOS,Atropellamiento,Estado de embriaguez,58,LESIONADO,MUJER,VEH_LIVIANO,,,,,,,,
2025-11-30 17:52:02,-4.006839,-79.186303,Av. Cuxibamba,CON_LESIONADOS,Choque Vehicular,Equipo de seguridad deficiente,75,LESIONADO,NO_REGISTRA,PEATON,,,,,,,,
2025-08-26 04:45:45,-3.983882,-79.229551,Via Loja - Zamora,CON_LESIONADOS,Accidente Laboral,Distraccion (celular/radio),8,LESIONADO,NO_REGISTRA,PEATON,72,LESIONADO,HOMBRE,SCOOTER,35,LESIONADO,NO_REGISTRA,MOTOCICLETA
2025-08-22 21:40:14,-4.033354,-79.220237,Calle Imbabura,CON_LESIONADOS,Choque Vehicular,Exceso de velocidad,74,LESIONADO,HOMBRE,SCOOTER,56,LESIONADO,HOMBRE,PEATON,,,,
2025-05-09 15:02:16,-3.997545,-79.210347,Calle Azogues,CON_FALLECIDOS,Colision Multiple,Factores externos,49,FALLECIDO,MUJER,MOTOCICLETA,81,FALLECIDO,NO_REGISTRA,MOTOCICLETA,19,LESIONADO,MUJER,VEH_LIVIANO
2025-11-24 09:48:00,-4.003074,-79.217356,Calle 18 de Noviembre,CON_FALLECIDOS,Choque Vehicular,Distraccion (celular/radio),41,FALLECIDO,NO_REGISTRA,OTRO,66,FALLECIDO,HOMBRE,SCOOTER,29,LESIONADO,MUJER,PEATON
2025-09-24 06:22:57,-4.001760,-79.171460,Av. Isidro Ayora,CON_LESIONADOS,Accidente Laboral,Via resbaladiza o mojada,32,LESIONADO,HOMBRE,OTRO,11,LESIONADO,NO_REGISTRA,MOTOCICLETA,,,,
2025-02-06 09:45:34,-4.035371,-79.226232,Calle Saraguro,CON_FALLECIDOS,Accidente Laboral,Equipo de seguridad deficiente,36,FALLECIDO,NO_REGISTRA,CICLISTA,59,LESIONADO,HOMBRE,SCOOTER,,,,
2025-03-13 08:41:34,-3.998736,-79.184597,Calle Colon,CON_LESIONADOS,Caida,Falla mecanica,33,LESIONADO,MUJER,SCOOTER,59,LESIONADO,MUJER,MOTOCICLETA,10,LESIONADO,NO_REGISTRA,OTRO
2025-09-08 02:02:31,-4.008728,-79.209275,Av. 8 de Diciembre,CON_LESIONADOS,Colision Multiple,Fatiga del conductor,56,LESIONADO,HOMBRE,CICLISTA,,,,,,,,
2025-02-04 04:29:39,-4.002489,-79.182178,Av. Metropolitana,CON_LESIONADOS,Incendio,Exceso de velocidad,67,LESIONADO,MUJER,CICLISTA,7,LESIONADO,HOMBRE,OTRO,53,LESIONADO,HOMBRE,VEH_LIVIANO
2025-10-16 22:54:12,-3.990876,-79.183977,Calle Colon,CON_FALLECIDOS,Incendio,Equipo de seguridad deficiente,59,FALLECIDO,NO_REGISTRA,VEH_LIVIANO,40,FALLECIDO,HOMBRE,CICLISTA,48,LESIONADO,NO_REGISTRA,OTRO
2025-01-26 05:49:40,-4.018262,-79.179411,Calle Miguel Riofrio,CON_LESIONADOS,Volcamiento,Estado de embriaguez,44,LESIONADO,NO_REGISTRA,MOTOCICLETA,,,,,,,,
2025-10-03 14:29:02,-4.014693,-79.230869,Av. Pio Jaramillo,CON_LESIONADOS,Incendio,Via resbaladiza o mojada,80,LESIONADO,HOMBRE,CICLISTA,14,LESIONADO,HOMBRE,PEATON,58,LESIONADO,HOMBRE,OTRO
2025-07-12 13:17:34,-4.010710,-79.198230,Av. Manuel Agustin Aguirre,CON_LESIONADOS,Caida,Factores externos,55,LESIONADO,NO_REGISTRA,VEH_LIVIANO,,,,,,,,
2025-11-03 19:14:10,-4.019877,-79.205703,Av. Pio Jaramillo,SOLO_DANOS,Accidente Laboral,Equipo de seguridad deficiente,73,LESIONADO,NO_REGISTRA,SCOOTER,,,,,,,,
2025-01-24 19:23:41,-4.015050,-79.226821,Av. Manuel Agustin Aguirre,CON_LESIONADOS,Colision Multiple,Visibilidad reducida,72,LESIONADO,NO_REGISTRA,CICLISTA,77,LESIONADO,NO_REGISTRA,MOTOCICLETA,,,,
2025-03-29 03:06:43,-3.983224,-79.183605,Via Loja - Zamora,SOLO_DANOS,Colision Multiple,Visibilidad reducida,56,LESIONADO,HOMBRE,CICLISTA,,,,,,,,
2025-07-22 03:33:55,-3.997601,-79.183367,Av. Pio Jaramillo,CON_FALLECIDOS,Volcamiento,Factores externos,33,FALLECIDO,NO_REGISTRA,MOTOCICLETA,,,,,,,,
2025-05-11 14:58:59,-4.034345,-79.187832,Calle 18 de Noviembre,CON_LESIONADOS,Caida,Distraccion (celular/radio),20,LESIONADO,NO_REGISTRA,OTRO,30,LESIONADO,NO_REGISTRA,CICLISTA,9,LESIONADO,NO_REGISTRA,CICLISTA
2025-07-10 04:08:58,-4.036920,-79.217756,Av. Rosa Hermosa,SOLO_DANOS,Volcamiento,Via resbaladiza o mojada,,,,,,,,,,,,
2025-05-30 18:41:01,-3.988981,-79.179268,Av. Orillas del Zamora,CON_LESIONADOS,Caida,Imprudencia del conductor,17,LESIONADO,HOMBRE,SCOOTER,,,,,,,,
2025-10-21 12:20:55,-4.013078,-79.189135,Av. Orillas del Zamora,CON_FALLECIDOS,Atropellamiento,Mal estado de la via,81,FALLECIDO,MUJER,PEATON,39,FALLECIDO,HOMBRE,VEH_LIVIANO,25,LESIONADO,NO_REGISTRA,MOTOCICLETA
2025-06-20 19:05:34,-4.006784,-79.189051,Calle Montufar,CON_FALLECIDOS,Incendio,Estado de embriaguez,22,FALLECIDO,MUJER,CICLISTA,55,FALLECIDO,MUJER,CICLISTA,45,LESIONADO,MUJER,MOTOCICLETA
2025-05-31 15:21:45,-4.027947,-79.209759,Calle Bolivar,CON_FALLECIDOS,Atropellamiento,Estado de embriaguez,36,FALLECIDO,MUJER,MOTOCICLETA,,,,,,,,
2025-01-08 17:00:23,-4.007183,-79.209761,Av. Manuel Agustin Aguirre,CON_LESIONADOS,Caida,Equipo de seguridad deficiente,71,LESIONADO,NO_REGISTRA,MOTOCICLETA,64,LESIONADO,HOMBRE,PEATON,61,LESIONADO,HOMBRE,MOTOCICLETA
2025-03-24 14:31:20,-4.001294,-79.187732,Calle Saraguro,CON_LESIONADOS,Atropellamiento,Inobservancia de senales,73,LESIONADO,HOMBRE,PEATON,,,,,,,,
2025-11-20 05:15:25,-4.028218,-79.209391,Calle Rocafuerte,CON_FALLECIDOS,Colision Multiple,Distraccion (celular/radio),51,FALLECIDO,NO_REGISTRA,OTRO,34,FALLECIDO,HOMBRE,VEH_LIVIANO,31,LESIONADO,NO_REGISTRA,OTRO
2025-10-07 07:06:47,-4.029000,-79.217316,Via Loja - Zamora,CON_FALLECIDOS,Choque Vehicular,Inobservancia de senales,48,FALLECIDO,HOMBRE,VEH_LIVIANO,43,FALLECIDO,MUJER,OTRO,57,LESIONADO,NO_REGISTRA,PEATON
2025-12-25 06:13:05,-4.011638,-79.201649,Calle Ramon Borrero,CON_LESIONADOS,Caida,Falla mecanica,54,LESIONADO,HOMBRE,VEH_LIVIANO,,,,,,,,
2025-10-21 11:13:06,-3.986900,-79.198002,Calle Quito,SOLO_DANOS,Atropellamiento,Estado de embriaguez,,,,,,,,,,,,
2025-05-29 18:54:54,-3.996505,-79.179070,Calle Miguel Riofrio,CON_LESIONADOS,Colision Multiple,Distraccion (celular/radio),54,LESIONADO,HOMBRE,VEH_LIVIANO,,,,,,,,
2025-12-12 05:22:53,-4.031394,-79.182570,Calle Mercadillo,CON_FALLECIDOS,Colision Multiple,Via resbaladiza o mojada,68,FALLECIDO,MUJER,CICLISTA,21,FALLECIDO,NO_REGISTRA,VEH_LIVIANO,12,LESIONADO,MUJER,MOTOCICLETA
2025-04-01 18:59:49,-4.006227,-79.181593,Via Loja - Catamayo,CON_FALLECIDOS,Caida,Distraccion (celular/radio),46,FALLECIDO,HOMBRE,CICLISTA,31,FALLECIDO,NO_REGISTRA,CICLISTA,9,LESIONADO,MUJER,MOTOCICLETA
2025-07-20 11:15:16,-3.977558,-79.180136,Via Loja - Zamora,CON_FALLECIDOS,Atropellamiento,Equipo de seguridad deficiente,66,FALLECIDO,HOMBRE,OTRO,47,LESIONADO,NO_REGISTRA,SCOOTER,28,LESIONADO,NO_REGISTRA,VEH_LIVIANO
2025-08-10 12:26:27,-4.002226,-79.178626,Av. Cuxibamba,CON_LESIONADOS,Choque Vehicular,Estado de embriaguez,47,LESIONADO,MUJER,CICLISTA,,,,,,,,
2025-02-24 14:22:38,-4.018127,-79.193927,Via Loja - Zamora,SOLO_DANOS,Colision Multiple,Estado de embriaguez,,,,,,,,,,,,
2025-08-20 04:50:38,-3.978654,-79.192456,Ruta 35,SOLO_DANOS,Colision Multiple,Equipo de seguridad deficiente,,,,,,,,,,,,
2025-09-21 04:57:19,-4.020566,-79.210312,Av. Metropolitana,CON_FALLECIDOS,Incendio,Exceso de velocidad,23,FALLECIDO,NO_REGISTRA,CICLISTA,58,FALLECIDO,MUJER,PEATON,77,LESIONADO,HOMBRE,MOTOCICLETA
2025-04-24 22:37:42,-4.013524,-79.219554,Av. Isidro Ayora,CON_FALLECIDOS,Accidente Laboral,Equipo de seguridad deficiente,32,FALLECIDO,HOMBRE,PEATON,75,FALLECIDO,NO_REGISTRA,CICLISTA,76,LESIONADO,NO_REGISTRA,VEH_LIVIANO
2025-11-18 14:49:16,-4.029091,-79.202822,Calle 18 de Noviembre,CON_FALLECIDOS,Accidente Laboral,Inobservancia de senales,27,FALLECIDO,NO_REGISTRA,MOTOCICLETA,22,FALLECIDO,MUJER,CICLISTA,27,LESIONADO,MUJER,CICLISTA
2025-07-22 18:42:12,-4.015541,-79.197144,Av. Isidro Ayora,SOLO_DANOS,Colision Multiple,Estado de embriaguez,79,LESIONADO,NO_REGISTRA,VEH_LIVIANO,,,,,,,,
2025-12-17 18:34:55,-4.008094,-79.171472,Ruta 35,SOLO_DANOS,Incendio,Imprudencia del conductor,50,LESIONADO,HOMBRE,CICLISTA,,,,,,,,
2025-02-01 01:14:09,-4.027898,-79.208482,Av. Reinaldo Espinosa,CON_LESIONADOS,Volcamiento,Visibilidad reducida,43,LESIONADO,NO_REGISTRA,CICLISTA,,,,,,,,
2025-11-23 10:13:53,-4.015232,-79.194467,Calle Mercadillo,CON_FALLECIDOS,Colision Multiple,Exceso de velocidad,63,FALLECIDO,NO_REGISTRA,OTRO,20,LESIONADO,MUJER,VEH_LIVIANO,67,LESIONADO,HOMBRE,MOTOCICLETA
2025-12-29 18:09:57,-4.031794,-79.198162,Ruta 35,CON_LESIONADOS,Accidente Laboral,Imprudencia del conductor,9,LESIONADO,HOMBRE,VEH_LIVIANO,10,LESIONADO,MUJER,PEATON,79,LESIONADO,NO_REGISTRA,PEATON
2025-07-07 12:10:54,-4.020583,-79.206970,Calle Quito,SOLO_DANOS,Caida,Visibilidad reducida,,,,,,,,,,,,
2025-01-25 09:28:05,-3.997391,-79.208591,Via Loja - Zamora,CON_FALLECIDOS,Incendio,Factores externos,57,FALLECIDO,MUJER,VEH_LIVIANO,78,FALLECIDO,MUJER,OTRO,,,,
2025-10-26 00:12:09,-4.021918,-79.207869,Calle Ramon Borrero,SOLO_DANOS,Caida,Via resbaladiza o mojada,,,,,,,,,,,,
2025-03-27 11:24:43,-4.007847,-79.213834,Via Loja - Zamora,SOLO_DANOS,Choque Vehicular,Inobservancia de senales,,,,,,,,,,,,
2025-03-07 02:42:12,-4.026422,-79.187709,Calle Colon,CON_LESIONADOS,Volcamiento,Inobservancia de senales,27,LESIONADO,HOMBRE,CICLISTA,,,,,,,,
2025-06-04 05:01:45,-4.004731,-79.216001,Calle Imbabura,CON_FALLECIDOS,Incendio,Estado de embriaguez,28,FALLECIDO,MUJER,CICLISTA,20,LESIONADO,HOMBRE,OTRO,,,,
2025-02-26 12:55:06,-3.990019,-79.177480,Av. Pio Jaramillo,CON_FALLECIDOS,Accidente Laboral,Imprudencia del conductor,39,FALLECIDO,MUJER,MOTOCICLETA,60,FALLECIDO,NO_REGISTRA,MOTOCICLETA,72,LESIONADO,HOMBRE,VEH_LIVIANO
2025-11-11 16:04:04,-3.985480,-79.203132,Ruta 35,CON_FALLECIDOS,Accidente Laboral,Imprudencia del conductor,79,FALLECIDO,HOMBRE,OTRO,24,FALLECIDO,HOMBRE,PEATON,73,LESIONADO,NO_REGISTRA,OTRO
2025-09-07 20:46:43,-4.029012,-79.230748,Calle 18 de Noviembre,CON_LESIONADOS,Colision Multiple,Visibilidad reducida,21,LESIONADO,HOMBRE,SCOOTER,27,LESIONADO,NO_REGISTRA,VEH_LIVIANO,57,LESIONADO,NO_REGISTRA,MOTOCICLETA
2025-09-10 18:03:31,-4.008235,-79.172900,Av. Rosa Hermosa,SOLO_DANOS,Caida,Exceso de velocidad,,,,,,,,,,,,
2025-04-13 20:47:01,-4.032479,-79.180778,Av. Isidro Ayora,CON_FALLECIDOS,Choque Vehicular,Inobservancia de senales,18,FALLECIDO,NO_REGISTRA,MOTOCICLETA,64,FALLECIDO,HOMBRE,SCOOTER,69,LESIONADO,HOMBRE,PEATON
2025-08-20 02:46:54,-4.003104,-79.206976,Calle Saraguro,CON_LESIONADOS,Accidente Laboral,Imprudencia del conductor,61,LESIONADO,HOMBRE,VEH_LIVIANO,14,LESIONADO,NO_REGISTRA,SCOOTER,18,LESIONADO,NO_REGISTRA,CICLISTA
2025-10-21 02:20:46,-3.977510,-79.197110,Av. 8 de Diciembre,SOLO_DANOS,Incendio,Imprudencia del conductor,,,,,,,,,,,,
2025-10-09 06:35:24,-4.009642,-79.217529,Calle Ramon Borrero,CON_FALLECIDOS,Caida,Factores externos,49,FALLECIDO,NO_REGISTRA,CICLISTA,71,LESIONADO,MUJER,CICLISTA,,,,
2025-01-09 00:23:18,-3.996206,-79.219859,Av. Pio Jaramillo,CON_FALLECIDOS,Choque Vehicular,Falla mecanica,29,FALLECIDO,HOMBRE,OTRO,,,,,,,,
2025-01-05 16:33:26,-3.986424,-79.186325,Calle Ramon Borrero,CON_LESIONADOS,Atropellamiento,Exceso de velocidad,17,LESIONADO,MUJER,PEATON,54,LESIONADO,NO_REGISTRA,OTRO,,,,
2025-01-22 08:23:08,-3.988031,-79.218352,Calle Montufar,SOLO_DANOS,Incendio,Equipo de seguridad deficiente,,,,,,,,,,,,
2025-03-28 00:14:13,-3.996707,-79.207849,Calle Quito,SOLO_DANOS,Incendio,Inobservancia de senales,75,LESIONADO,NO_REGISTRA,OTRO,,,,,,,,
2025-10-15 06:12:15,-4.003079,-79.193979,Av. Universitaria,CON_FALLECIDOS,Incendio,Mal estado de la via,44,FALLECIDO,HOMBRE,SCOOTER,85,FALLECIDO,NO_REGISTRA,CICLISTA,67,LESIONADO,MUJER,CICLISTA
2025-12-26 01:43:50,-4.029958,-79.219597,Av. Reinaldo Espinosa,CON_FALLECIDOS,Volcamiento,Via resbaladiza o mojada,59,FALLECIDO,MUJER,VEH_LIVIANO,25,FALLECIDO,MUJER,VEH_LIVIANO,,,,
2025-06-26 18:42:08,-4.036224,-79.186006,Av. Cuxibamba,CON_FALLECIDOS,Colision Multiple,Inobservancia de senales,62,FALLECIDO,NO_REGISTRA,MOTOCICLETA,37,FALLECIDO,NO_REGISTRA,PEATON,,,,
2025-04-07 17:34:07,-4.009082,-79.194538,Av. Reinaldo Espinosa,CON_LESIONADOS,Incendio,Exceso de velocidad,67,LESIONADO,HOMBRE,SCOOTER,75,LESIONADO,NO_REGISTRA,PEATON,,,,
2025-04-09 17:57:17,-4.008762,-79.184438,Calle Ramon Borrero,SOLO_DANOS,Accidente Laboral,Imprudencia del conductor,,,,,,,,,,,,
2025-03-09 06:46:24,-3.989530,-79.213751,Via Loja - Zamora,CON_LESIONADOS,Atropellamiento,Fatiga del conductor,7,LESIONADO,HOMBRE,SCOOTER,,,,,,,,
2025-01-01 18:53:07,-4.015153,-79.202714,Ruta 35,CON_FALLECIDOS,Colision Multiple,Factores externos,80,FALLECIDO,NO_REGISTRA,MOTOCICLETA,59,LESIONADO,MUJER,CICLISTA,79,LESIONADO,HOMBRE,PEATON
2025-09-14 14:45:58,-4.006772,-79.206127,Av. Reinaldo Espinosa,SOLO_DANOS,Atropellamiento,Fatiga del conductor,,,,,,,,,,,,
2025-08-26 01:57:10,-4.007601,-79.194742,Calle Sucre,CON_FALLECIDOS,Incendio,Estado de embriaguez,20,FALLECIDO,HOMBRE,CICLISTA,75,FALLECIDO,MUJER,PEATON,10,LESIONADO,MUJER,MOTOCICLETA
2025-10-05 12:08:49,-4.004066,-79.199962,Calle Ramon Borrero,SOLO_DANOS,Choque Vehicular,Imprudencia del conductor,,,,,,,,,,,,
2025-05-19 17:51:05,-3.983404,-79.228951,Av. Orillas del Zamora,SOLO_DANOS,Caida,Falla mecanica,,,,,,,,,,,,
2025-11-10 08:07:41,-3.994818,-79.189759,Av. Cuxibamba,CON_FALLECIDOS,Caida,Falla mecanica,21,FALLECIDO,MUJER,MOTOCICLETA,,,,,,,,
2025-11-11 07:37:01,-4.020917,-79.176695,Av. Orillas del Zamora,CON_FALLECIDOS,Atropellamiento,Exceso de velocidad,18,FALLECIDO,MUJER,MOTOCICLETA,,,,,,,,
2025-05-09 01:23:47,-3.995053,-79.190222,Av. Cuxibamba,CON_LESIONADOS,Colision Multiple,Factores externos,18,LESIONADO,NO_REGISTRA,PEATON,71,LESIONADO,MUJER,SCOOTER,,,,
2025-06-04 21:06:01,-4.001781,-79.210906,Calle 18 de Noviembre,CON_LESIONADOS,Incendio,Inobservancia de senales,11,LESIONADO,HOMBRE,PEATON,23,LESIONADO,NO_REGISTRA,PEATON,10,LESIONADO,MUJER,MOTOCICLETA
2025-08-20 04:32:14,-3.980224,-79.177116,Calle Colon,SOLO_DANOS,Colision Multiple,Distraccion (celular/radio),,,,,,,,,,,,
2025-03-25 07:33:06,-4.000085,-79.209918,Ruta 35,CON_LESIONADOS,Choque Vehicular,Visibilidad reducida,41,LESIONADO,NO_REGISTRA,OTRO,47,LESIONADO,NO_REGISTRA,VEH_LIVIANO,,,,
2025-01-22 19:20:00,-3.982605,-79.194165,Calle 18 de Noviembre,SOLO_DANOS,Incendio,Distraccion (celular/radio),,,,,,,,,,,,
2025-07-01 16:13:45,-4.026726,-79.180082,Calle Sucre,CON_LESIONADOS,Atropellamiento,Visibilidad reducida,33,LESIONADO,HOMBRE,CICLISTA,67,LESIONADO,NO_REGISTRA,MOTOCICLETA,49,LESIONADO,HOMBRE,CICLISTA
2025-09-13 02:49:34,-3.992576,-79.211686,Calle Montufar,SOLO_DANOS,Choque Vehicular,Imprudencia del conductor,60,LESIONADO,MUJER,CICLISTA,,,,,,,,
2025-11-02 19:11:27,-4.021018,-79.188097,Av. 8 de Diciembre,CON_LESIONADOS,Atropellamiento,Visibilidad reducida,78,LESIONADO,NO_REGISTRA,PEATON,78,LESIONADO,MUJER,VEH_LIVIANO,,,,
2025-09-22 13:22:37,-4.023505,-79.225959,Av. Cuxibamba,CON_LESIONADOS,Caida,Visibilidad reducida,79,LESIONADO,MUJER,VEH_LIVIANO,63,LESIONADO,HOMBRE,VEH_LIVIANO,51,LESIONADO,NO_REGISTRA,SCOOTER
2025-01-21 04:09:10,-3.994620,-79.206677,Calle Sucre,CON_LESIONADOS,Incendio,Fatiga del conductor,33,LESIONADO,MUJER,VEH_LIVIANO,,,,,,,,
2025-12-11 02:24:25,-4.017550,-79.230258,Ruta 35,CON_LESIONADOS,Volcamiento,Equipo de seguridad deficiente,71,LESIONADO,HOMBRE,OTRO,,,,,,,,
2025-07-29 16:41:08,-4.028512,-79.224569,Calle Imbabura,CON_LESIONADOS,Colision Multiple,Mal estado de la via,74,LESIONADO,NO_REGISTRA,VEH_LIVIANO,,,,,,,,
2025-05-21 20:59:18,-4.036481,-79.188776,Av. Manuel Agustin Aguirre,CON_FALLECIDOS,Colision Multiple,Equipo de seguridad deficiente,58,FALLECIDO,NO_REGISTRA,SCOOTER,,,,,,,,
2025-03-10 23:21:38,-3.996978,-79.223245,Via Loja - Zamora,CON_FALLECIDOS,Colision Multiple,Via resbaladiza o mojada,46,FALLECIDO,HOMBRE,PEATON,76,FALLECIDO,HOMBRE,SCOOTER,52,LESIONADO,MUJER,PEATON
2025-08-17 10:02:55,-4.014911,-79.171055,Calle Montufar,SOLO_DANOS,Caida,Inobservancia de senales,,,,,,,,,,,,
2025-05-05 13:59:50,-3.992593,-79.205726,Calle Azogues,CON_FALLECIDOS,Choque Vehicular,Fatiga del conductor,76,FALLECIDO,NO_REGISTRA,MOTOCICLETA,65,FALLECIDO,MUJER,MOTOCICLETA,,,,
2025-05-21 05:06:05,-4.009258,-79.211710,Calle Quito,CON_LESIONADOS,Incendio,Equipo de seguridad deficiente,75,LESIONADO,NO_REGISTRA,CICLISTA,36,LESIONADO,NO_REGISTRA,SCOOTER,,,,
2025-07-17 03:49:51,-4.000867,-79.171256,Av. Cuxibamba,SOLO_DANOS,Incendio,Distraccion (celular/radio),,,,,,,,,,,,
2025-06-01 18:03:51,-3.980654,-79.186064,Calle Saraguro,CON_LESIONADOS,Choque Vehicular,Via resbaladiza o mojada,9,LESIONADO,HOMBRE,OTRO,39,LESIONADO,HOMBRE,VEH_LIVIANO,6,LESIONADO,NO_REGISTRA,CICLISTA
2025-06-22 22:43:04,-4.017706,-79.218602,Av. Rosa Hermosa,SOLO_DANOS,Choque Vehicular,Estado de embriaguez,79,LESIONADO,HOMBRE,MOTOCICLETA,,,,,,,,
2025-02-22 13:01:56,-4.018046,-79.213890,Calle Montufar,CON_FALLECIDOS,Accidente Laboral,Fatiga del conductor,29,FALLECIDO,NO_REGISTRA,MOTOCICLETA,30,LESIONADO,HOMBRE,PEATON,,,,
2025-12-06 13:56:32,-4.027321,-79.203365,Av. Manuel Agustin Aguirre,CON_FALLECIDOS,Choque Vehicular,Imprudencia del conductor,38,FALLECIDO,NO_REGISTRA,PEATON,75,LESIONADO,HOMBRE,OTRO,,,,
2025-09-03 09:12:03,-3.993433,-79.171715,Av. Gran Colombia,SOLO_DANOS,Caida,Fatiga del conductor,,,,,,,,,,,,
2025-12-10 07:49:10,-4.008934,-79.188894,Ruta 35,CON_LESIONADOS,Incendio,Falla mecanica,55,LESIONADO,NO_REGISTRA,SCOOTER,51,LESIONADO,NO_REGISTRA,CICLISTA,,,,
2025-05-29 10:20:52,-3.994369,-79.225891,Ruta 35,CON_FALLECIDOS,Incendio,Visibilidad reducida,19,FALLECIDO,HOMBRE,MOTOCICLETA,28,LESIONADO,HOMBRE,PEATON,,,,
2025-10-16 23:03:12,-4.004440,-79.193141,Av. 8 de Diciembre,SOLO_DANOS,Volcamiento,Exceso de velocidad,,,,,,,,,,,,
2025-07-07 20:59:39,-3.988564,-79.174009,Calle Azogues,CON_FALLECIDOS,Choque Vehicular,Inobservancia de senales,20,FALLECIDO,MUJER,MOTOCICLETA,55,LESIONADO,NO_REGISTRA,SCOOTER,,,,
2025-12-24 20:00:59,-4.035650,-79.186232,Av. Manuel Agustin Aguirre,CON_LESIONADOS,Incendio,Exceso de velocidad,17,LESIONADO,HOMBRE,SCOOTER,,,,,,,,
2025-12-15 02:00:00,-4.024176,-79.203605,Calle 10 de Agosto,CON_LESIONADOS,Colision Multiple,Factores externos,6,LESIONADO,NO_REGISTRA,OTRO,29,LESIONADO,NO_REGISTRA,MOTOCICLETA,,,,
2025-11-26 02:40:18,-4.016273,-79.226433,Av. Reinaldo Espinosa,CON_LESIONADOS,Choque Vehicular,Equipo de seguridad deficiente,48,LESIONADO,HOMBRE,OTRO,,,,,,,,
2025-02-21 18:55:25,-3.984483,-79.175559,Calle Imbabura,SOLO_DANOS,Colision Multiple,Inobservancia de senales,,,,,,,,,,,,
2025-01-22 13:42:08,-4.014499,-79.206867,Av. Universitaria,SOLO_DANOS,Accidente Laboral,Inobservancia de senales,,,,,,,,,,,,
2025-07-15 02:38:30,-3.996139,-79.211048,Calle Miguel Riofrio,CON_FALLECIDOS,Colision Multiple,Fatiga del conductor,54,FALLECIDO,NO_REGISTRA,CICLISTA,55,FALLECIDO,NO_REGISTRA,VEH_LIVIANO,,,,