fecha_hora,latitud,longitud,via,grado_severidad,tipo_siniestro,causa_probable,victima1_edad,victima1_condicion,victima1_sexo,victima1_actor_vial,victima2_edad,victima2_condicion,victima2_sexo,victima2_actor_vial,victima3_edad,victima3_condicion,victima3_sexo,victima3_actor_vial
2025-06-26 23:43:23,-4.035158,-79.213794,Av. 8 de Diciembre,CON_LESIONADOS,Choque Vehicular,Mal estado de la via,36,LESIONADO,MUJER,PEATON,48,LESIONADO,NO_REGISTRA,MOTOCICLETA,,,,
2025-11-30 04:36:37,-4.031240,-79.174953,Calle Bolivar,CON_FALLECIDOS,Atropellamiento,Distraccion (celular/radio),80,FALLECIDO,NO_REGISTRA,PEATON,30,FALLECIDO,MUJER,MOTOCICLETA,,,,
2025-01-03 04:00:26,-3.998014,-79.192892,Av. Reinaldo Espinosa,CON_LESIONADOS,Choque Vehicular,Mal estado de la via,40,LESIONADO,NO_REGISTRA,CICLISTA,67,LESIONADO,NO_REGISTRA,VEH_LIVIANO,,,,
2025-03-23 17:46:23,-3.994406,-79.208224,Av. Cuxibamba,SOLO_DANOS,Incendio,Inobservancia de senales,,,,,,,,,,,,
2025-06-04 23:18:07,-4.014326,-79.222509,Calle 10 de Agosto,SOLO_DANOS,Colision Multiple,Falla mecanica,,,,,,,,,,,,
2025-07-07 07:04:05,-4.031611,-79.222760,Av. Rosa Hermosa,CON_LESIONADOS,Incendio,Mal estado de la via,44,LESIONADO,HOMBRE,MOTOCICLETA,63,LESIONADO,MUJER,PEATON,,,,
2025-09-09 01:02:14,-4.011343,-79.226197,Calle Azogues,CON_LESIONADOS,Atropellamiento,Factores externos,47,LESIONADO,NO_REGISTRA,CICLISTA,59,LESIONADO,MUJER,CICLISTA,,,,
2025-08-10 02:32:18,-4.018169,-79.176499,Av. Metropolitana,CON_LESIONADOS,Incendio,Via resbaladiza o mojada,16,LESIONADO,HOMBRE,SCOOTER,18,LESIONADO,HOMBRE,MOTOCICLETA,,,,
2025-10-08 16:51:17,-4.021308,-79.207766,Calle Imbabura,CON_LESIONADOS,Choque Vehicular,Equipo de seguridad deficiente,29,LESIONADO,HOMBRE,SCOOTER,19,LESIONADO,HOMBRE,SCOOTER,9,LESIONADO,NO_REGISTRA,SCOOTER
2025-01-02 01:17:10,-4.033427,-79.203545,Calle Imbabura,CON_FALLECIDOS,Atropellamiento,Inobservancia de senales,43,FALLECIDO,MUJER,SCOOTER,68,LESIONADO,HOMBRE,OTRO,,,,
2025-03-24 06:18:24,-3.983426,-79.226068,Calle Sucre,CON_LESIONADOS,Choque Vehicular,Visibilidad reducida,35,LESIONADO,HOMBRE,CICLISTA,,,,,,,,
2025-11-01 14:09:28,-4.011621,-79.186331,Calle Rocafuerte,SOLO_DANOS,Atropellamiento,Imprudencia del conductor,,,,,,,,,,,,
2025-04-01 16:09:35,-4.005213,-79.219732,Calle Quito,SOLO_DANOS,Caida,Inobservancia de senales,11,LESIONADO,MUJER,CICLISTA,,,,,,,,
2025-06-04 21:32:53,-4.023353,-79.191036,Calle 18 de Noviembre,CON_FALLECIDOS,Incendio,Via resbaladiza o mojada,71,FALLECIDO,HOMBRE,OTRO,24,FALLECIDO,MUJER,PEATON,,,,
2025-04-26 11:04:48,-3.989215,-79.221654,Calle Azogues,SOLO_DANOS,Caida,Falla mecanica,,,,,,,,,,,,
2025-10-09 06:29:33,-4.000654,-79.186111,Av. Reinaldo Espinosa,CON_FALLECIDOS,Atropellamiento,Equipo de seguridad deficiente,72,FALLECIDO,HOMBRE,MOTOCICLETA,63,FALLECIDO,NO_REGISTRA,VEH_LIVIANO,,,,
2025-08-20 00:36:44,-4.015607,-79.195366,Calle Quito,SOLO_DANOS,Choque Vehicular,Imprudencia del conductor,,,,,,,,,,,,
2025-12-09 12:53:09,-3.985508,-79.230642,Av. Rosa Hermosa,CON_LESIONADOS,Accidente Laboral,Distraccion (celular/radio),54,LESIONADO,NO_REGISTRA,CICLISTA,60,LESIONADO,HOMBRE,SCOOTER,76,LESIONADO,MUJER,CICLISTA
2025-09-19 11:28:53,-3.977821,-79.225711,Av. Reinaldo Espinosa,CON_LESIONADOS,Atropellamiento,Equipo de seguridad deficiente,50,LESIONADO,MUJER,PEATON,,,,,,,,
2025-07-27 23:43:25,-4.004916,-79.179834,Av. 8 de Diciembre,CON_FALLECIDOS,Incendio,Equipo de seguridad deficiente,26,FALLECIDO,MUJER,VEH_LIVIANO,24,LESIONADO,MUJER,CICLISTA,80,LESIONADO,MUJER,OTRO
2025-01-12 23:50:20,-4.012443,-79.221539,Av. Gran Colombia,CON_FALLECIDOS,Accidente Laboral,Factores externos,83,FALLECIDO,MUJER,MOTOCICLETA,6,LESIONADO,NO_REGISTRA,OTRO,13,LESIONADO,NO_REGISTRA,CICLISTA
2025-01-20 13:54:35,-3.986045,-79.230263,Calle Quito,CON_LESIONADOS,Accidente Laboral,Fatiga del conductor,61,LESIONADO,MUJER,VEH_LIVIANO,41,LESIONADO,MUJER,OTRO,37,LESIONADO,NO_REGISTRA,OTRO
2025-09-07 15:01:24,-4.004685,-79.219235,Av. Rosa Hermosa,CON_LESIONADOS,Volcamiento,Distraccion (celular/radio),67,LESIONADO,NO_REGISTRA,MOTOCICLETA,75,LESIONADO,MUJER,CICLISTA,11,LESIONADO,MUJER,MOTOCICLETA
2025-11-10 20:24:04,-4.027223,-79.214772,Calle Rocafuerte,SOLO_DANOS,Choque Vehicular,Distraccion (celular/radio),,,,,,,,,,,,
2025-07-28 10:58:26,-4.021521,-79.221933,Av. Rosa Hermosa,SOLO_DANOS,Caida,Falla mecanica,,,,,,,,,,,,
2025-02-13 23:25:32,-4.033895,-79.203858,Calle Saraguro,CON_LESIONADOS,Accidente Laboral,Imprudencia del conductor,33,LESIONADO,NO_REGISTRA,VEH_LIVIANO,57,LESIONADO,HOMBRE,MOTOCICLETA,,,,
2025-11-27 21:54:19,-4.004853,-79.207190,Calle Montufar,CON_FALLECIDOS,Accidente Laboral,Exceso de velocidad,34,FALLECIDO,MUJER,CICLISTA,39,LESIONADO,MUJER,CICLISTA,,,,
2025-12-14 14:48:55,-3.999575,-79.219969,Av. Universitaria,CON_FALLECIDOS,Atropellamiento,Imprudencia del conductor,82,FALLECIDO,NO_REGISTRA,SCOOTER,26,LESIONADO,MUJER,PEATON,72,LESIONADO,NO_REGISTRA,SCOOTER
2025-11-19 12:21:10,-4.008356,-79.230836,Calle Saraguro,CON_FALLECIDOS,Choque Vehicular,Estado de embriaguez,83,FALLECIDO,MUJER,MOTOCICLETA,,,,,,,,
2025-03-14 13:03:58,-3.993426,-79.179692,Ruta 35,SOLO_DANOS,Incendio,Falla mecanica,,,,,,,,,,,,
2025-07-19 17:51:31,-4.033901,-79.230732,Calle 18 de Noviembre,CON_LESIONADOS,Volcamiento,Inobservancia de senales,10,LESIONADO,MUJER,OTRO,75,LESIONADO,HOMBRE,SCOOTER,29,LESIONADO,NO_REGISTRA,PEATON
2025-12-15 11:59:38,-4.006096,-79.225465,Ruta 35,SOLO_DANOS,Volcamiento,Imprudencia del conductor,,,,,,,,,,,,
2025-05-03 14:56:11,-4.004465,-79.176966,Av. Orillas del Zamora,SOLO_DANOS,Caida,Exceso de velocidad,,,,,,,,,,,,
2025-11-08 03:45:04,-4.000236,-79.171585,Via Loja - Zamora,CON_FALLECIDOS,Volcamiento,Inobservancia de senales,56,FALLECIDO,HOMBRE,OTRO,,,,,,,,
2025-11-23 15:19:44,-4.032817,-79.228081,Calle Colon,SOLO_DANOS,Incendio,Inobservancia de senales,77,LESIONADO,HOMBRE,PEATON,,,,,,,,
2025-08-17 16:36:22,-4.026140,-79.218792,Av. Isidro Ayora,CON_FALLECIDOS,Caida,Imprudencia del conductor,46,FALLECIDO,HOMBRE,PEATON,,,,,,,,
2025-08-01 01:59:34,-3.987611,-79.205148,Av. Pio Jaramillo,SOLO_DANOS,Incendio,Mal estado de la via,67,LESIONADO,HOMBRE,MOTOCICLETA,,,,,,,,
2025-07-29 13:38:36,-4.033051,-79.205501,Av. Isidro Ayora,CON_FALLECIDOS,Colision Multiple,Inobservancia de senales,65,FALLECIDO,MUJER,OTRO,45,FALLECIDO,MUJER,CICLISTA,,,,
2025-09-27 10:12:34,-4.022365,-79.203893,Via Loja - Catamayo,CON_FALLECIDOS,Choque Vehicular,Fatiga del conductor,33,FALLECIDO,MUJER,VEH_LIVIANO,5,LESIONADO,NO_REGISTRA,MOTOCICLETA,28,LESIONADO,HOMBRE,MOTOCICLETA
2025-11-21 05:13:02,-4.007688,-79.179766,Calle Rocafuerte,CON_LESIONADOS,Volcamiento,Mal estado de la via,18,LESIONADO,MUJER,CICLISTA,74,LESIONADO,HOMBRE,PEATON,51,LESIONADO,NO_REGISTRA,MOTOCICLETA
2025-07-07 12:49:59,-3.982090,-79.188508,Calle Quito,CON_FALLECIDOS,Atropellamiento,Estado de embriaguez,46,FALLECIDO,HOMBRE,CICLISTA,9,LESIONADO,HOMBRE,PEATON,7,LESIONADO,MUJER,SCOOTER
2025-03-11 06:09:49,-4.027542,-79.215333,Calle Colon,CON_FALLECIDOS,Accidente Laboral,Equipo de seguridad deficiente,50,FALLECIDO,NO_REGISTRA,CICLISTA,64,LESIONADO,NO_REGISTRA,SCOOTER,28,LESIONADO,NO_REGISTRA,SCOOTER
2025-09-22 21:05:25,-4.031301,-79.191982,Av. Pio Jaramillo,SOLO_DANOS,Colision Multiple,Distraccion (celular/radio),,,,,,,,,,,,
2025-03-18 10:11:20,-4.001678,-79.188865,Calle Mercadillo,CON_FALLECIDOS,Volcamiento,Estado de embriaguez,51,FALLECIDO,MUJER,CICLISTA,,,,,,,,
2025-03-13 05:28:01,-3.999933,-79.217131,Av. Pio Jaramillo,CON_LESIONADOS,Incendio,Via resbaladiza o mojada,41,LESIONADO,HOMBRE,VEH_LIVIANO,59,LESIONADO,HOMBRE,SCOOTER,,,,
2025-02-05 09:50:18,-4.009549,-79.184935,Av. 8 de Diciembre,CON_FALLECIDOS,Accidente Laboral,Factores externos,85,FALLECIDO,MUJER,OTRO,37,FALLECIDO,MUJER,MOTOCICLETA,,,,
2025-07-18 05:42:41,-4.013600,-79.190656,Calle Imbabura,SOLO_DANOS,Incendio,Fatiga del conductor,,,,,,,,,,,,
2025-09-18 14:05:38,-4.022828,-79.187670,Calle Quito,CON_FALLECIDOS,Choque Vehicular,Equipo de seguridad deficiente,51,FALLECIDO,HOMBRE,CICLISTA,38,LESIONADO,MUJER,MOTOCICLETA,5,LESIONADO,MUJER,MOTOCICLETA
2025-11-22 14:38:23,-4.011443,-79.196821,Av. Cuxibamba,CON_LESIONADOS,Volcamiento,Mal estado de la via,26,LESIONADO,HOMBRE,SCOOTER,,,,,,,,
2025-03-04 06:22:29,-4.021198,-79.186965,Av. Metropolitana,SOLO_DANOS,Caida,Visibilidad reducida,,,,,,,,,,,,
2025-03-07 23:31:11,-4.004990,-79.213674,Calle Quito,CON_FALLECIDOS,Volcamiento,Factores externos,73,FALLECIDO,MUJER,MOTOCICLETA,67,LESIONADO,HOMBRE,PEATON,,,,
2025-03-08 03:34:37,-4.028126,-79.190532,Calle Saraguro,CON_FALLECIDOS,Caida,Mal estado de la via,61,FALLECIDO,NO_REGISTRA,MOTOCICLETA,73,FALLECIDO,MUJER,PEATON,76,LESIONADO,NO_REGISTRA,SCOOTER
2025-09-06 23:26:13,-4.003054,-79.203678,Av. Orillas del Zamora,SOLO_DANOS,Choque Vehicular,Distraccion (celular/radio),,,,,,,,,,,,
2025-10-04 19:58:17,-3.979742,-79.177894,Av. Isidro Ayora,CON_LESIONADOS,Volcamiento,Via resbaladiza o mojada,21,LESIONADO,HOMBRE,PEATON,50,LESIONADO,HOMBRE,MOTOCICLETA,,,,
2025-12-06 13:17:02,-4.005762,-79.226774,Av. Rosa Hermosa,CON_LESIONADOS,Atropellamiento,Falla mecanica,6,LESIONADO,MUJER,SCOOTER,48,LESIONADO,NO_REGISTRA,PEATON,38,LESIONADO,HOMBRE,CICLISTA
2025-12-11 07:00:28,-3.983958,-79.200741,Av. Rosa Hermosa,CON_FALLECIDOS,Caida,Imprudencia del conductor,49,FALLECIDO,HOMBRE,PEATON,60,LESIONADO,NO_REGISTRA,PEATON,,,,
2025-09-08 09:00:51,-4.035508,-79.224213,Av. Universitaria,CON_FALLECIDOS,Incendio,Falla mecanica,50,FALLECIDO,NO_REGISTRA,SCOOTER,77,FALLECIDO,HOMBRE,MOTOCICLETA,79,LESIONADO,MUJER,VEH_LIVIANO
2025-03-07 17:15:07,-4.032261,-79.198767,Av. Rosa Hermosa,SOLO_DANOS,Choque Vehicular,Inobservancia de senales,,,,,,,,,,,,
2025-08-07 04:16:23,-4.020915,-79.200296,Av. Cuxibamba,SOLO_DANOS,Choque Vehicular,Falla mecanica,,,,,,,,,,,,
2025-03-20 16:39:19,-4.035704,-79.187039,Ruta 35,CON_FALLECIDOS,Accidente Laboral,Distraccion (celular/radio),35,FALLECIDO,NO_REGISTRA,VEH_LIVIANO,54,FALLECIDO,HOMBRE,VEH_LIVIANO,79,LESIONADO,HOMBRE,PEATON
2025-06-23 10:19:28,-4.031362,-79.217035,Av. Rosa Hermosa,SOLO_DANOS,Incendio,Mal estado de la via,,,,,,,,,,,,
2025-05-09 15:30:09,-4.022757,-79.187632,Av. Reinaldo Espinosa,CON_LESIONADOS,Incendio,Imprudencia del conductor,28,LESIONADO,MUJER,CICLISTA,9,LESIONADO,NO_REGISTRA,MOTOCICLETA,,,,
2025-09-02 15:34:56,-4.024659,-79.198178,Calle Azogues,CON_FALLECIDOS,Volcamiento,Imprudencia del conductor,49,FALLECIDO,MUJER,OTRO,72,FALLECIDO,HOMBRE,MOTOCICLETA,54,LESIONADO,HOMBRE,SCOOTER
2025-12-22 03:05:19,-4.000874,-79.174585,Av. Gran Colombia,CON_LESIONADOS,Incendio,Distraccion (celular/radio),8,LESIONADO,HOMBRE,OTRO,79,LESIONADO,NO_REGISTRA,PEATON,77,LESIONADO,HOMBRE,MOTOCICLETA
2025-08-22 20:28:51,-3.991289,-79.216386,Av. Reinaldo Espinosa,CON_FALLECIDOS,Choque Vehicular,Mal estado de la via,65,FALLECIDO,MUJER,CICLISTA,61,FALLECIDO,HOMBRE,CICLISTA,9,LESIONADO,NO_REGISTRA,MOTOCICLETA
2025-03-28 03:02:07,-4.004055,-79.195557,Av. Metropolitana,SOLO_DANOS,Accidente Laboral,Imprudencia del conductor,,,,,,,,,,,,
2025-06-11 07:17:25,-4.004381,-79.220255,Calle Miguel Riofrio,CON_LESIONADOS,Volcamiento,Factores externos,70,LESIONADO,HOMBRE,VEH_LIVIANO,,,,,,,,
2025-06-14 10:41:24,-4.029889,-79.215786,Via Loja - Catamayo,CON_LESIONADOS,Atropellamiento,Exceso de velocidad,26,LESIONADO,NO_REGISTRA,PEATON,34,LESIONADO,MUJER,OTRO,,,,
2025-07-05 22:02:01,-4.016807,-79.187643,Calle Mercadillo,SOLO_DANOS,Choque Vehicular,Falla mecanica,,,,,,,,,,,,
2025-12-08 08:51:25,-4.011563,-79.194309,Calle Rocafuerte,CON_FALLECIDOS,Choque Vehicular,Estado de embriaguez,41,FALLECIDO,MUJER,MOTOCICLETA,,,,,,,,
2025-03-11 19:09:35,-4.036853,-79.173667,Av. Metropolitana,SOLO_DANOS,Accidente Laboral,Equipo de seguridad deficiente,,,,,,,,,,,,
2025-02-10 17:19:22,-4.001994,-79.217938,Calle Bolivar,CON_FALLECIDOS,Choque Vehicular,Inobservancia de senales,65,FALLECIDO,NO_REGISTRA,OTRO,57,LESIONADO,NO_REGISTRA,VEH_LIVIANO,,,,
2025-05-25 12:16:59,-3.999254,-79.181229,Av. Orillas del Zamora,CON_LESIONADOS,Volcamiento,Distraccion (celular/radio),26,LESIONADO,MUJER,SCOOTER,43,LESIONADO,MUJER,SCOOTER,35,LESIONADO,HOMBRE,SCOOTER
2025-02-03 18:42:33,-4.035175,-79.202935,Av. Cuxibamba,CON_FALLECIDOS,Atropellamiento,Exceso de velocidad,37,FALLECIDO,HOMBRE,OTRO,38,FALLECIDO,HOMBRE,MOTOCICLETA,44,LESIONADO,HOMBRE,SCOOTER
2025-08-20 09:11:06,-4.011148,-79.204009,Av. Rosa Hermosa,SOLO_DANOS,Choque Vehicular,Via resbaladiza o mojada,,,,,,,,,,,,
2025-02-24 23:57:25,-3.986774,-79.226292,Via Loja - Catamayo,SOLO_DANOS,Choque Vehicular,Factores externos,,,,,,,,,,,,
2025-02-07 10:26:57,-3.988710,-79.200286,Av. Pio Jaramillo,CON_LESIONADOS,Atropellamiento,Falla mecanica,79,LESIONADO,NO_REGISTRA,MOTOCICLETA,67,LESIONADO,NO_REGISTRA,CICLISTA,,,,
2025-03-18 08:02:16,-4.017005,-79.193538,Calle 10 de Agosto,SOLO_DANOS,Colision Multiple,Equipo de seguridad deficiente,,,,,,,,,,,,
2025-05-19 15:07:11,-4.016562,-79.189036,Av. Gran Colombia,CON_FALLECIDOS,Volcamiento,Mal estado de la via,62,FALLECIDO,NO_REGISTRA,MOTOCICLETA,58,LESIONADO,NO_REGISTRA,CICLISTA,47,LESIONADO,MUJER,PEATON
2025-05-30 22:53:18,-3.998864,-79.198174,Av. Reinaldo Espinosa,CON_LESIONADOS,Volcamiento,Exceso de velocidad,8,LESIONADO,NO_REGISTRA,OTRO,64,LESIONADO,NO_REGISTRA,MOTOCICLETA,,,,
2025-03-05 08:04:17,-4.001500,-79.228674,Av. Rosa Hermosa,SOLO_DANOS,Caida,Imprudencia del conductor,,,,,,,,,,,,
2025-05-03 23:19:44,-3.998699,-79.208748,Ruta 35,CON_LESIONADOS,Choque Vehicular,Exceso de velocidad,51,LESIONADO,NO_REGISTRA,SCOOTER,12,LESIONADO,MUJER,CICLISTA,,,,
2025-11-26 18:26:27,-3.998561,-79.171876,Calle Sucre,CON_FALLECIDOS,Incendio,Fatiga del conductor,23,FALLECIDO,MUJER,MOTOCICLETA,28,FALLECIDO,MUJER,VEH_LIVIANO,,,,
2025-08-25 11:27:32,-3.996910,-79.202032,Av. Reinaldo Espinosa,SOLO_DANOS,Caida,Distraccion (celular/radio),,,,,,,,,,,,
2025-08-28 17:55:00,-4.024746,-79.225780,Calle Ramon Borrero,CON_LESIONADOS,Atropellamiento,Falla mecanica,14,LESIONADO,NO_REGISTRA,OTRO,,,,,,,,
2025-04-12 09:07:07,-4.011848,-79.195836,Calle Ramon Borrero,SOLO_DANOS,Volcamiento,Fatiga del conductor,,,,,,,,,,,,
2025-03-26 09:34:10,-4.004564,-79.230067,Av. Pio Jaramillo,CON_FALLECIDOS,Choque Vehicular,Mal estado de la via,61,FALLECIDO,NO_REGISTRA,CICLISTA,,,,,,,,
2025-10-19 15:05:18,-4.031669,-79.178611,Av. Reinaldo Espinosa,CON_LESIONADOS,Choque Vehicular,Distraccion (celular/radio),59,LESIONADO,NO_REGISTRA,OTRO,,,,,,,,
2025-06-25 22:17:52,-4.006174,-79.186701,Calle Colon,CON_LESIONADOS,Incendio,Fatiga del conductor,74,LESIONADO,HOMBRE,VEH_LIVIANO,10,LESIONADO,HOMBRE,VEH_LIVIANO,41,LESIONADO,NO_REGISTRA,OTRO
2025-03-30 03:26:43,-4.031596,-79.186926,Av. Orillas del Zamora,CON_LESIONADOS,Caida,Mal estado de la via,67,LESIONADO,MUJER,SCOOTER,41,LESIONADO,MUJER,PEATON,,,,
2025-09-16 16:44:04,-4.021646,-79.179999,Av. 8 de Diciembre,CON_LESIONADOS,Choque Vehicular,Falla mecanica,14,LESIONADO,HOMBRE,VEH_LIVIANO,23,LESIONADO,HOMBRE,VEH_LIVIANO,40,LESIONADO,NO_REGISTRA,MOTOCICLETA
2025-06-29 22:11:18,-4.028202,-79.188859,Calle Bolivar,SOLO_DANOS,Incendio,Imprudencia del conductor,,,,,,,,,,,,
2025-04-17 06:40:37,-3.999395,-79.187960,Calle Rocafuerte,CON_FALLECIDOS,Atropellamiento,Equipo de seguridad deficiente,71,FALLECIDO,NO_REGISTRA,CICLISTA,49,LESIONADO,HOMBRE,SCOOTER,,,,
2025-10-16 22:08:45,-3.993067,-79.192526,Av. Rosa Hermosa,CON_LESIONADOS,Caida,Via resbaladiza o mojada,33,LESIONADO,NO_REGISTRA,CICLISTA,55,LESIONADO,MUJER,SCOOTER,,,,
2025-02-26 05:04:21,-4.005321,-79.228190,Via Loja - Catamayo,CON_FALLECIDOS,Atropellamiento,Falla mecanica,79,FALLECIDO,NO_REGISTRA,OTRO,33,FALLECIDO,MUJER,MOTOCICLETA,,,,
2025-10-18 02:17:29,-3.994923,-79.214756,Calle 10 de Agosto,CON_FALLECIDOS,Incendio,Exceso de velocidad,44,FALLECIDO,HOMBRE,VEH_LIVIANO,8,LESIONADO,NO_REGISTRA,PEATON,,,,
2025-08-26 05:20:51,-4.029318,-79.210129,Via Loja - Zamora,SOLO_DANOS,Atropellamiento,Estado de embriaguez,,,,,,,,,,,,
2025-05-04 12:04:36,-4.006821,-79.213658,Av. Reinaldo Espinosa,SOLO_DANOS,Colision Multiple,Factores externos,,,,,,,,,,,,
2025-11-19 00:24:29,-4.024336,-79.204040,Calle Rocafuerte,CON_FALLECIDOS,Caida,Falla mecanica,43,FALLECIDO,NO_REGISTRA,PEATON,31,FALLECIDO,HOMBRE,MOTOCICLETA,5,LESIONADO,NO_REGISTRA,VEH_LIVIANO
2025-03-06 20:17:31,-4.034353,-79.180765,Av. Rosa Hermosa,SOLO_DANOS,Choque Vehicular,Imprudencia del conductor,,,,,,,,,,,,
2025-06-16 15:39:12,-4.027046,-79.190975,Av. Cuxibamba,CON_FALLECIDOS,Incendio,Visibilidad reducida,64,FALLECIDO,NO_REGISTRA,MOTOCICLETA,64,FALLECIDO,NO_REGISTRA,CICLISTA,55,LESIONADO,HOMBRE,OTRO
2025-03-12 23:55:27,-3.987400,-79.182469,Calle 18 de Noviembre,SOLO_DANOS,Incendio,Imprudencia del conductor,,,,,,,,,,,,
2025-11-29 20:26:08,-4.008549,-79.194235,Calle Azogues,CON_LESIONADOS,Accidente Laboral,Imprudencia del conductor,68,LESIONADO,HOMBRE,SCOOTER,,,,,,,,
2025-09-04 15:56:50,-4.005199,-79.230054,Calle Rocafuerte,CON_FALLECIDOS,Colision Multiple,Visibilidad reducida,36,FALLECIDO,NO_REGISTRA,VEH_LIVIANO,,,,,,,,
2025-05-01 11:56:23,-4.015148,-79.180637,Av. Pio Jaramillo,CON_LESIONADOS,Colision Multiple,Inobservancia de senales,66,LESIONADO,HOMBRE,SCOOTER,75,LESIONADO,NO_REGISTRA,OTRO,,,,
2025-03-30 20:33:48,-4.028223,-79.224369,Calle Imbabura,SOLO_DANOS,Volcamiento,Factores externos,,,,,,,,,,,,
2025-03-19 17:37:12,-3.997379,-79.199363,Av. Cuxibamba,SOLO_DANOS,Colision Multiple,Mal estado de la via,,,,,,,,,,,,
2025-03-10 05:54:33,-4.021254,-79.230267,Calle Saraguro,CON_FALLECIDOS,Choque Vehicular,Distraccion (celular/radio),85,FALLECIDO,HOMBRE,PEATON,,,,,,,,
2025-10-15 22:06:40,-4.026948,-79.203631,Via Loja - Catamayo,CON_FALLECIDOS,Accidente Laboral,Estado de embriaguez,32,FALLECIDO,NO_REGISTRA,VEH_LIVIANO,43,LESIONADO,MUJER,SCOOTER,,,,
2025-10-21 17:45:05,-4.008457,-79.181722,Av. Manuel Agustin Aguirre,SOLO_DANOS,Volcamiento,Equipo de seguridad deficiente,,,,,,,,,,,,
2025-09-22 20:24:21,-3.985536,-79.218959,Calle Saraguro,CON_FALLECIDOS,Volcamiento,Distraccion (celular/radio),64,FALLECIDO,MUJER,SCOOTER,,,,,,,,
2025-09-18 04:15:33,-3.984306,-79.173956,Calle Rocafuerte,CON_LESIONADOS,Accidente Laboral,Visibilidad reducida,75,LESIONADO,HOMBRE,MOTOCICLETA,49,LESIONADO,HOMBRE,SCOOTER,,,,
2025-12-08 20:31:20,-3.983860,-79.219272,Calle Imbabura,CON_FALLECIDOS,Caida,Factores externos,60,FALLECIDO,HOMBRE,MOTOCICLETA,80,LESIONADO,HOMBRE,OTRO,45,LESIONADO,HOMBRE,VEH_LIVIANO
2025-07-21 01:10:42,-4.001508,-79.187387,Av. Universitaria,SOLO_DANOS,Choque Vehicular,Falla mecanica,,,,,,,,,,,,
2025-05-15 06:13:51,-4.030911,-79.182780,Calle Bolivar,SOLO_DANOS,Colision Multiple,Visibilidad reducida,,,,,,,,,,,,
2025-08-25 08:56:47,-4.010944,-79.179496,Calle Rocafuerte,CON_FALLECIDOS,Colision Multiple,Fatiga del conductor,29,FALLECIDO,HOMBRE,CICLISTA,75,LESIONADO,MUJER,PEATON,,,,
2025-12-12 15:59:30,-4.001415,-79.200322,Av. Isidro Ayora,CON_FALLECIDOS,Atropellamiento,Factores externos,48,FALLECIDO,NO_REGISTRA,OTRO,32,LESIONADO,NO_REGISTRA,SCOOTER,60,LESIONADO,MUJER,OTRO
2025-08-12 09:45:22,-4.030244,-79.194903,Av. Isidro Ayora,SOLO_DANOS,Atropellamiento,Estado de embriaguez,,,,,,,,,,,,
2025-12-05 16:57:29,-4.030260,-79.195912,Av. Universitaria,CON_FALLECIDOS,Accidente Laboral,Mal estado de la via,21,FALLECIDO,MUJER,VEH_LIVIANO,36,LESIONADO,MUJER,VEH_LIVIANO,,,,
2025-11-20 22:17:02,-4.033993,-79.219987,Calle Colon,CON_LESIONADOS,Colision Multiple,Exceso de velocidad,29,LESIONADO,HOMBRE,CICLISTA,26,LESIONADO,MUJER,VEH_LIVIANO,61,LESIONADO,NO_REGISTRA,MOTOCICLETA
2025-06-13 16:38:17,-4.013605,-79.210859,Ruta 35,CON_FALLECIDOS,Volcamiento,Falla mecanica,52,FALLECIDO,MUJER,SCOOTER,,,,,,,,
2025-02-03 20:27:59,-4.008935,-79.183833,Calle Imbabura,CON_LESIONADOS,Atropellamiento,Imprudencia del conductor,13,LESIONADO,NO_REGISTRA,OTRO,15,LESIONADO,HOMBRE,VEH_LIVIANO,79,LESIONADO,NO_REGISTRA,MOTOCICLETA
2025-11-08 20:52:45,-3.994201,-79.175054,Calle Bolivar,CON_FALLECIDOS,Atropellamiento,Estado de embriaguez,71,FALLECIDO,HOMBRE,VEH_LIVIANO,55,LESIONADO,MUJER,CICLISTA,62,LESIONADO,MUJER,MOTOCICLETA
2025-01-13 18:46:11,-4.036370,-79.212107,Av. Rosa Hermosa,SOLO_DANOS,Caida,Imprudencia del conductor,,,,,,,,,,,,
2025-09-07 21:46:46,-3.988540,-79.203390,Av. 8 de Diciembre,CON_FALLECIDOS,Colision Multiple,Mal estado de la via,22,FALLECIDO,NO_REGISTRA,SCOOTER,57,FALLECIDO,MUJER,MOTOCICLETA,22,LESIONADO,MUJER,VEH_LIVIANO
2025-01-11 07:36:42,-4.016041,-79.178313,Calle Mercadillo,CON_LESIONADOS,Accidente Laboral,Visibilidad reducida,68,LESIONADO,NO_REGISTRA,CICLISTA,47,LESIONADO,HOMBRE,VEH_LIVIANO,58,LESIONADO,MUJER,MOTOCICLETA
2025-09-13 16:29:40,-4.014175,-79.213313,Av. Isidro Ayora,CON_LESIONADOS,Choque Vehicular,Falla mecanica,41,LESIONADO,HOMBRE,MOTOCICLETA,78,LESIONADO,HOMBRE,OTRO,50,LESIONADO,HOMBRE,SCOOTER
2025-03-21 10:49:02,-4.005720,-79.215262,Calle Azogues,SOLO_DANOS,Volcamiento,Inobservancia de senales,,,,,,,,,,,,
2025-05-16 21:32:52,-3.999341,-79.217140,Calle Azogues,CON_FALLECIDOS,Caida,Factores externos,66,FALLECIDO,HOMBRE,VEH_LIVIANO,,,,,,,,