fecha_hora,latitud,longitud,via,grado_severidad,tipo_siniestro,causa_probable,victima1_edad,victima1_condicion,victima1_sexo,victima1_actor_vial,victima2_edad,victima2_condicion,victima2_sexo,victima2_actor_vial,victima3_edad,victima3_condicion,victima3_sexo,victima3_actor_vial
2025-05-23 20:13:47,-4.019806,-79.226742,Av. Manuel Agustin Aguirre,CON_FALLECIDOS,Volcamiento,Inobservancia de senales,82,FALLECIDO,NO_REGISTRA,MOTOCICLETA,66,FALLECIDO,MUJER,PEATON,62,LESIONADO,NO_REGISTRA,CICLISTA
2025-11-04 20:40:48,-4.006847,-79.182042,Calle Bolivar,SOLO_DANOS,Caida,Estado de embriaguez,,,,,,,,,,,,
2025-09-23 11:32:21,-4.018245,-79.210370,Av. 8 de Diciembre,CON_LESIONADOS,Colision Multiple,Falla mecanica,18,LESIONADO,HOMBRE,MOTOCICLETA,47,LESIONADO,NO_REGISTRA,CICLISTA,,,,
2025-06-13 00:27:49,-4.000235,-79.207183,Av. Reinaldo Espinosa,CON_FALLECIDOS,Atropellamiento,Imprudencia del conductor,61,FALLECIDO,HOMBRE,SCOOTER,58,FALLECIDO,NO_REGISTRA,OTRO,36,LESIONADO,MUJER,SCOOTER
2025-09-02 11:50:02,-4.013615,-79.205717,Calle Ramon Borrero,CON_LESIONADOS,Incendio,Equipo de seguridad deficiente,22,LESIONADO,NO_REGISTRA,PEATON,13,LESIONADO,NO_REGISTRA,MOTOCICLETA,46,LESIONADO,HOMBRE,VEH_LIVIANO
2025-10-06 01:24:16,-4.022011,-79.184735,Calle Azogues,SOLO_DANOS,Accidente Laboral,Inobservancia de senales,,,,,,,,,,,,
2025-09-30 04:30:09,-3.986579,-79.171962,Calle Miguel Riofrio,CON_LESIONADOS,Colision Multiple,Equipo de seguridad deficiente,41,LESIONADO,NO_REGISTRA,SCOOTER,66,LESIONADO,NO_REGISTRA,CICLISTA,,,,
2025-01-14 21:50:01,-4.015439,-79.221218,Calle Rocafuerte,SOLO_DANOS,Choque Vehicular,Inobservancia de senales,,,,,,,,,,,,
2025-10-16 10:47:41,-3.982833,-79.206490,Calle 10 de Agosto,CON_FALLECIDOS,Caida,Mal estado de la via,42,FALLECIDO,HOMBRE,MOTOCICLETA,49,LESIONADO,HOMBRE,OTRO,55,LESIONADO,MUJER,CICLISTA
2025-02-02 10:13:09,-4.003443,-79.229563,Ruta 35,CON_FALLECIDOS,Caida,Inobservancia de senales,45,FALLECIDO,NO_REGISTRA,MOTOCICLETA,46,FALLECIDO,HOMBRE,OTRO,60,LESIONADO,HOMBRE,MOTOCICLETA
2025-08-14 20:55:47,-3.992776,-79.180607,Calle Ramon Borrero,CON_FALLECIDOS,Colision Multiple,Estado de embriaguez,72,FALLECIDO,HOMBRE,OTRO,,,,,,,,
2025-05-30 10:03:56,-4.032277,-79.199088,Calle 18 de Noviembre,CON_FALLECIDOS,Volcamiento,Imprudencia del conductor,64,FALLECIDO,HOMBRE,CICLISTA,43,LESIONADO,MUJER,PEATON,10,LESIONADO,MUJER,SCOOTER
2025-07-22 04:56:56,-3.986748,-79.226499,Av. Isidro Ayora,CON_FALLECIDOS,Volcamiento,Fatiga del conductor,72,FALLECIDO,NO_REGISTRA,PEATON,11,LESIONADO,MUJER,MOTOCICLETA,,,,
2025-12-12 11:42:17,-3.979229,-79.202534,Av. 8 de Diciembre,SOLO_DANOS,Atropellamiento,Fatiga del conductor,,,,,,,,,,,,
2025-05-18 19:17:59,-3.979351,-79.189557,Calle Miguel Riofrio,SOLO_DANOS,Caida,Mal estado de la via,69,LESIONADO,HOMBRE,VEH_LIVIANO,,,,,,,,
2025-02-18 23:35:51,-3.989659,-79.179399,Av. Metropolitana,SOLO_DANOS,Accidente Laboral,Exceso de velocidad,,,,,,,,,,,,
2025-08-11 23:36:56,-3.996911,-79.198120,Av. Orillas del Zamora,CON_FALLECIDOS,Choque Vehicular,Factores externos,56,FALLECIDO,NO_REGISTRA,VEH_LIVIANO,70,FALLECIDO,MUJER,SCOOTER,,,,
2025-04-25 23:56:57,-4.003086,-79.193191,Via Loja - Catamayo,CON_LESIONADOS,Accidente Laboral,Mal estado de la via,26,LESIONADO,NO_REGISTRA,VEH_LIVIANO,52,LESIONADO,NO_REGISTRA,OTRO,57,LESIONADO,MUJER,PEATON
2025-03-02 00:49:48,-4.035615,-79.219925,Av. Cuxibamba,CON_FALLECIDOS,Atropellamiento,Inobservancia de senales,79,FALLECIDO,HOMBRE,MOTOCICLETA,,,,,,,,
2025-10-07 21:21:47,-4.007253,-79.211300,Calle Sucre,CON_FALLECIDOS,Colision Multiple,Falla mecanica,64,FALLECIDO,MUJER,SCOOTER,80,FALLECIDO,HOMBRE,PEATON,59,LESIONADO,HOMBRE,OTRO
2025-06-17 01:14:32,-4.034310,-79.212523,Calle Azogues,CON_LESIONADOS,Caida,Equipo de seguridad deficiente,30,LESIONADO,MUJER,OTRO,5,LESIONADO,NO_REGISTRA,SCOOTER,,,,
2025-03-11 04:42:03,-4.023798,-79.220047,Av. Reinaldo Espinosa,CON_LESIONADOS,Accidente Laboral,Inobservancia de senales,27,LESIONADO,NO_REGISTRA,VEH_LIVIANO,,,,,,,,
2025-05-27 15:46:48,-3.981737,-79.192758,Av. Pio Jaramillo,SOLO_DANOS,Volcamiento,Equipo de seguridad deficiente,,,,,,,,,,,,
2025-06-07 03:45:59,-3.981252,-79.179147,Av. Cuxibamba,SOLO_DANOS,Volcamiento,Fatiga del conductor,,,,,,,,,,,,
2025-12-21 00:03:59,-3.982846,-79.197770,Av. Isidro Ayora,SOLO_DANOS,Colision Multiple,Fatiga del conductor,,,,,,,,,,,,
2025-07-15 02:27:26,-4.005973,-79.219412,Av. Cuxibamba,SOLO_DANOS,Accidente Laboral,Estado de embriaguez,,,,,,,,,,,,
2025-01-10 09:08:09,-4.026181,-79.178985,Av. Manuel Agustin Aguirre,CON_FALLECIDOS,Caida,Equipo de seguridad deficiente,76,FALLECIDO,NO_REGISTRA,OTRO,75,LESIONADO,MUJER,CICLISTA,32,LESIONADO,HOMBRE,SCOOTER
2025-01-31 00:13:56,-3.997162,-79.204436,Via Loja - Zamora,CON_LESIONADOS,Caida,Visibilidad reducida,40,LESIONADO,NO_REGISTRA,SCOOTER,,,,,,,,
2025-02-11 13:30:02,-3.984550,-79.223593,Calle Mercadillo,CON_LESIONADOS,Atropellamiento,Estado de embriaguez,60,LESIONADO,NO_REGISTRA,PEATON,,,,,,,,
2026-01-20 19:29:12,-3.998959,-79.225850,Calle Montufar,SOLO_DANOS,Colision Multiple,Inobservancia de senales,28,LESIONADO,NO_REGISTRA,MOTOCICLETA,,,,,,,,
2026-01-18 19:46:20,-4.011394,-79.197095,Calle Miguel Riofrio,CON_FALLECIDOS,Accidente Laboral,Via resbaladiza o mojada,63,FALLECIDO,NO_REGISTRA,CICLISTA,26,LESIONADO,NO_REGISTRA,MOTOCICLETA,,,,
2026-01-15 06:09:54,-3.999739,-79.185978,Av. Universitaria,SOLO_DANOS,Incendio,Exceso de velocidad,,,,,,,,,,,,
2026-01-03 09:27:21,-3.988057,-79.184538,Calle 10 de Agosto,CON_LESIONADOS,Atropellamiento,Distraccion (celular/radio),48,LESIONADO,NO_REGISTRA,SCOOTER,66,LESIONADO,MUJER,PEATON,,,,
2026-01-23 04:54:54,-4.013277,-79.209711,Calle Saraguro,CON_LESIONADOS,Caida,Exceso de velocidad,72,LESIONADO,HOMBRE,OTRO,54,LESIONADO,HOMBRE,MOTOCICLETA,,,,
2026-01-13 15:44:16,-3.986442,-79.193793,Calle Ramon Borrero,CON_FALLECIDOS,Volcamiento,Imprudencia del conductor,62,FALLECIDO,NO_REGISTRA,PEATON,21,FALLECIDO,MUJER,SCOOTER,45,LESIONADO,NO_REGISTRA,CICLISTA
2026-01-10 21:25:45,-4.025688,-79.230307,Av. Metropolitana,CON_FALLECIDOS,Incendio,Mal estado de la via,58,FALLECIDO,NO_REGISTRA,PEATON,67,FALLECIDO,MUJER,CICLISTA,78,LESIONADO,NO_REGISTRA,SCOOTER
2026-01-07 13:40:51,-4.027623,-79.203801,Calle Montufar,CON_LESIONADOS,Incendio,Fatiga del conductor,42,LESIONADO,MUJER,CICLISTA,,,,,,,,
2026-01-18 14:19:53,-3.985269,-79.176290,Av. Metropolitana,SOLO_DANOS,Choque Vehicular,Mal estado de la via,,,,,,,,,,,,
2026-01-09 02:53:47,-3.979923,-79.183931,Calle Rocafuerte,CON_FALLECIDOS,Atropellamiento,Via resbaladiza o mojada,35,FALLECIDO,NO_REGISTRA,MOTOCICLETA,23,LESIONADO,HOMBRE,OTRO,,,,
2026-01-10 22:09:02,-4.029660,-79.174910,Calle 18 de Noviembre,CON_LESIONADOS,Atropellamiento,Estado de embriaguez,32,LESIONADO,NO_REGISTRA,SCOOTER,61,LESIONADO,NO_REGISTRA,CICLISTA,15,LESIONADO,MUJER,PEATON
2026-01-15 21:53:08,-3.985585,-79.184196,Calle 10 de Agosto,CON_FALLECIDOS,Volcamiento,Distraccion (celular/radio),82,FALLECIDO,NO_REGISTRA,CICLISTA,70,FALLECIDO,NO_REGISTRA,CICLISTA,,,,
2026-01-16 23:44:03,-3.984448,-79.225494,Av. Manuel Agustin Aguirre,CON_LESIONADOS,Caida,Equipo de seguridad deficiente,34,LESIONADO,HOMBRE,VEH_LIVIANO,70,LESIONADO,MUJER,OTRO,34,LESIONADO,HOMBRE,VEH_LIVIANO
2026-01-13 11:48:54,-4.005473,-79.218000,Calle Montufar,CON_FALLECIDOS,Choque Vehicular,Falla mecanica,60,FALLECIDO,NO_REGISTRA,SCOOTER,60,FALLECIDO,NO_REGISTRA,SCOOTER,12,LESIONADO,NO_REGISTRA,MOTOCICLETA
2026-01-17 19:52:33,-4.010512,-79.222894,Calle Azogues,SOLO_DANOS,Volcamiento,Fatiga del conductor,52,LESIONADO,HOMBRE,PEATON,,,,,,,,
2026-01-08 09:32:36,-4.030132,-79.190196,Via Loja - Catamayo,CON_LESIONADOS,Choque Vehicular,Estado de embriaguez,10,LESIONADO,NO_REGISTRA,VEH_LIVIANO,39,LESIONADO,NO_REGISTRA,SCOOTER,66,LESIONADO,MUJER,OTRO
2026-01-20 04:57:26,-3.992816,-79.208609,Av. Universitaria,CON_LESIONADOS,Volcamiento,Via resbaladiza o mojada,20,LESIONADO,MUJER,SCOOTER,37,LESIONADO,HOMBRE,PEATON,,,,
2026-01-12 01:00:14,-4.029761,-79.204920,Calle Colon,CON_LESIONADOS,Atropellamiento,Inobservancia de senales,6,LESIONADO,HOMBRE,SCOOTER,65,LESIONADO,MUJER,OTRO,66,LESIONADO,HOMBRE,VEH_LIVIANO
2026-01-04 20:30:55,-4.017844,-79.202487,Via Loja - Catamayo,CON_LESIONADOS,Incendio,Distraccion (celular/radio),73,LESIONADO,HOMBRE,CICLISTA,80,LESIONADO,MUJER,CICLISTA,55,LESIONADO,HOMBRE,MOTOCICLETA
2026-01-06 09:28:34,-3.994707,-79.175475,Av. Universitaria,CON_FALLECIDOS,Choque Vehicular,Estado de embriaguez,32,FALLECIDO,NO_REGISTRA,SCOOTER,,,,,,,,
2026-01-09 05:00:09,-3.993711,-79.181762,Calle Miguel Riofrio,CON_FALLECIDOS,Choque Vehicular,Distraccion (celular/radio),85,FALLECIDO,MUJER,CICLISTA,62,FALLECIDO,HOMBRE,OTRO,63,LESIONADO,MUJER,PEATON
2026-01-02 01:36:22,-3.983040,-79.209784,Calle Miguel Riofrio,SOLO_DANOS,Atropellamiento,Visibilidad reducida,,,,,,,,,,,,
2026-01-22 00:35:21,-4.025000,-79.172586,Calle Quito,SOLO_DANOS,Choque Vehicular,Equipo de seguridad deficiente,46,LESIONADO,MUJER,OTRO,,,,,,,,
2026-01-13 05:23:15,-4.019493,-79.174545,Av. Universitaria,CON_FALLECIDOS,Choque Vehicular,Inobservancia de senales,43,FALLECIDO,MUJER,PEATON,,,,,,,,
2026-01-19 10:58:05,-4.008170,-79.208415,Av. 8 de Diciembre,SOLO_DANOS,Caida,Falla mecanica,,,,,,,,,,,,
2026-01-16 03:49:40,-4.007833,-79.192103,Av. Rosa Hermosa,CON_LESIONADOS,Accidente Laboral,Fatiga del conductor,33,LESIONADO,HOMBRE,SCOOTER,47,LESIONADO,HOMBRE,MOTOCICLETA,34,LESIONADO,HOMBRE,VEH_LIVIANO
2026-01-06 21:12:03,-3.996743,-79.200985,Calle Imbabura,SOLO_DANOS,Choque Vehicular,Mal estado de la via,,,,,,,,,,,,
2026-01-18 15:23:53,-3.977338,-79.180907,Via Loja - Catamayo,CON_FALLECIDOS,Choque Vehicular,Falla mecanica,27,FALLECIDO,MUJER,CICLISTA,68,FALLECIDO,NO_REGISTRA,OTRO,11,LESIONADO,MUJER,MOTOCICLETA
2026-01-13 03:33:01,-4.020226,-79.187806,Calle Quito,CON_FALLECIDOS,Volcamiento,Mal estado de la via,61,FALLECIDO,NO_REGISTRA,MOTOCICLETA,16,LESIONADO,MUJER,PEATON,64,LESIONADO,NO_REGISTRA,CICLISTA
2026-01-17 23:37:35,-4.015365,-79.176316,Av. Rosa Hermosa,CON_FALLECIDOS,Caida,Factores externos,85,FALLECIDO,NO_REGISTRA,CICLISTA,51,LESIONADO,HOMBRE,OTRO,69,LESIONADO,NO_REGISTRA,OTRO
2026-01-11 20:59:56,-4.020505,-79.206771,Av. Pio Jaramillo,SOLO_DANOS,Incendio,Factores externos,66,LESIONADO,HOMBRE,PEATON,,,,,,,,
2026-01-17 06:58:28,-4.024745,-79.210240,Calle Imbabura,CON_FALLECIDOS,Accidente Laboral,Equipo de seguridad deficiente,60,FALLECIDO,NO_REGISTRA,VEH_LIVIANO,34,LESIONADO,NO_REGISTRA,MOTOCICLETA,44,LESIONADO,MUJER,VEH_LIVIANO
2026-01-10 03:45:04,-3.981007,-79.184534,Via Loja - Zamora,SOLO_DANOS,Caida,Falla mecanica,,,,,,,,,,,,
2026-01-03 22:31:47,-4.006104,-79.195582,Via Loja - Zamora,SOLO_DANOS,Colision Multiple,Equipo de seguridad deficiente,7,LESIONADO,MUJER,VEH_LIVIANO,,,,,,,,
2026-01-03 01:06:20,-4.002891,-79.224350,Av. Cuxibamba,CON_FALLECIDOS,Atropellamiento,Estado de embriaguez,72,FALLECIDO,NO_REGISTRA,VEH_LIVIANO,60,FALLECIDO,HOMBRE,VEH_LIVIANO,60,LESIONADO,NO_REGISTRA,CICLISTA
2026-01-17 20:51:02,-3.997131,-79.183154,Av. Orillas del Zamora,CON_LESIONADOS,Accidente Laboral,Equipo de seguridad deficiente,40,LESIONADO,HOMBRE,VEH_LIVIANO,,,,,,,,
2026-01-09 10:04:22,-4.016591,-79.218440,Av. Gran Colombia,CON_FALLECIDOS,Caida,Visibilidad reducida,66,FALLECIDO,MUJER,PEATON,30,FALLECIDO,NO_REGISTRA,VEH_LIVIANO,13,LESIONADO,HOMBRE,VEH_LIVIANO
2026-01-14 17:20:44,-3.991405,-79.171548,Calle Rocafuerte,SOLO_DANOS,Incendio,Visibilidad reducida,,,,,,,,,,,,
2026-01-19 20:43:07,-4.033902,-79.203611,Av. Metropolitana,CON_LESIONADOS,Atropellamiento,Factores externos,50,LESIONADO,MUJER,OTRO,72,LESIONADO,MUJER,VEH_LIVIANO,,,,
2026-01-12 01:45:41,-4.026715,-79.171492,Via Loja - Catamayo,CON_LESIONADOS,Choque Vehicular,Mal estado de la via,20,LESIONADO,MUJER,MOTOCICLETA,77,LESIONADO,NO_REGISTRA,SCOOTER,,,,
2026-01-05 02:41:30,-4.026821,-79.218947,Calle Mercadillo,CON_FALLECIDOS,Colision Multiple,Imprudencia del conductor,67,FALLECIDO,HOMBRE,OTRO,73,FALLECIDO,HOMBRE,OTRO,49,LESIONADO,MUJER,PEATON
2026-01-08 09:26:06,-4.019381,-79.214636,Calle Ramon Borrero,CON_LESIONADOS,Colision Multiple,Via resbaladiza o mojada,45,LESIONADO,NO_REGISTRA,OTRO,43,LESIONADO,NO_REGISTRA,OTRO,58,LESIONADO,HOMBRE,CICLISTA
2026-01-20 15:44:40,-4.018201,-79.220270,Calle 18 de Noviembre,SOLO_DANOS,Volcamiento,Imprudencia del conductor,,,,,,,,,,,,
2026-01-06 15:05:01,-4.020314,-79.175035,Calle Montufar,CON_LESIONADOS,Caida,Exceso de velocidad,37,LESIONADO,HOMBRE,MOTOCICLETA,77,LESIONADO,NO_REGISTRA,MOTOCICLETA,,,,
2026-01-05 23:20:40,-4.036766,-79.180916,Calle Miguel Riofrio,CON_LESIONADOS,Accidente Laboral,Imprudencia del conductor,57,LESIONADO,HOMBRE,OTRO,60,LESIONADO,NO_REGISTRA,MOTOCICLETA,,,,
2026-01-20 10:29:44,-4.034968,-79.185705,Calle Imbabura,CON_LESIONADOS,Atropellamiento,Imprudencia del conductor,35,LESIONADO,HOMBRE,CICLISTA,,,,,,,,
2026-01-10 13:33:46,-3.988733,-79.215387,Calle Quito,CON_FALLECIDOS,Accidente Laboral,Visibilidad reducida,79,FALLECIDO,HOMBRE,MOTOCICLETA,,,,,,,,
2026-01-08 12:19:44,-4.015751,-79.224688,Calle Bolivar,CON_LESIONADOS,Accidente Laboral,Falla mecanica,55,LESIONADO,MUJER,OTRO,,,,,,,,
2026-01-17 02:27:01,-3.991187,-79.200484,Calle Colon,SOLO_DANOS,Colision Multiple,Via resbaladiza o mojada,,,,,,,,,,,,
2026-01-17 02:47:45,-4.007872,-79.195525,Calle Ramon Borrero,CON_FALLECIDOS,Accidente Laboral,Fatiga del conductor,52,FALLECIDO,HOMBRE,SCOOTER,52,FALLECIDO,MUJER,VEH_LIVIANO,,,,
2026-01-18 10:52:39,-4.016617,-79.222530,Calle 18 de Noviembre,SOLO_DANOS,Colision Multiple,Via resbaladiza o mojada,,,,,,,,,,,,
2026-01-19 03:45:36,-4.005246,-79.194967,Calle Mercadillo,CON_FALLECIDOS,Volcamiento,Exceso de velocidad,48,FALLECIDO,HOMBRE,OTRO,33,FALLECIDO,NO_REGISTRA,OTRO,40,LESIONADO,MUJER,PEATON
2026-01-23 06:29:51,-4.007184,-79.223548,Calle Rocafuerte,CON_FALLECIDOS,Colision Multiple,Equipo de seguridad deficiente,54,FALLECIDO,NO_REGISTRA,PEATON,27,LESIONADO,HOMBRE,VEH_LIVIANO,9,LESIONADO,NO_REGISTRA,PEATON
2026-01-22 16:57:37,-4.010642,-79.220840,Av. Isidro Ayora,CON_FALLECIDOS,Incendio,Equipo de seguridad deficiente,49,FALLECIDO,HOMBRE,MOTOCICLETA,37,LESIONADO,HOMBRE,OTRO,,,,
2026-01-14 10:03:34,-4.017172,-79.209990,Calle 18 de Noviembre,SOLO_DANOS,Choque Vehicular,Distraccion (celular/radio),,,,,,,,,,,,
2026-01-15 14:32:40,-3.992118,-79.218164,Calle Imbabura,SOLO_DANOS,Incendio,Via resbaladiza o mojada,,,,,,,,,,,,
2026-01-16 01:33:24,-4.011085,-79.221840,Av. Reinaldo Espinosa,CON_FALLECIDOS,Choque Vehicular,Falla mecanica,29,FALLECIDO,MUJER,PEATON,18,FALLECIDO,NO_REGISTRA,PEATON,,,,
2026-01-09 13:49:04,-3.987295,-79.226470,Calle Miguel Riofrio,CON_LESIONADOS,Caida,Distraccion (celular/radio),8,LESIONADO,NO_REGISTRA,SCOOTER,79,LESIONADO,MUJER,VEH_LIVIANO,48,LESIONADO,HOMBRE,SCOOTER
2026-01-20 02:14:51,-3.992874,-79.179690,Via Loja - Zamora,CON_FALLECIDOS,Volcamiento,Distraccion (celular/radio),49,FALLECIDO,HOMBRE,MOTOCICLETA,46,FALLECIDO,MUJER,MOTOCICLETA,38,LESIONADO,NO_REGISTRA,CICLISTA
2026-01-09 09:34:40,-4.016569,-79.227962,Calle Montufar,CON_LESIONADOS,Colision Multiple,Falla mecanica,71,LESIONADO,HOMBRE,OTRO,,,,,,,,
2026-01-10 08:17:52,-4.016263,-79.217162,Av. Rosa Hermosa,CON_LESIONADOS,Incendio,Fatiga del conductor,37,LESIONADO,NO_REGISTRA,CICLISTA,25,LESIONADO,MUJER,PEATON,54,LESIONADO,HOMBRE,VEH_LIVIANO
2026-01-07 14:32:04,-3.997990,-79.218619,Calle Mercadillo,SOLO_DANOS,Accidente Laboral,Imprudencia del conductor,,,,,,,,,,,,
2026-01-07 09:31:23,-4.024924,-79.195772,Av. Universitaria,CON_FALLECIDOS,Incendio,Distraccion (celular/radio),72,FALLECIDO,MUJER,VEH_LIVIANO,26,FALLECIDO,NO_REGISTRA,SCOOTER,49,LESIONADO,NO_REGISTRA,SCOOTER
2026-01-16 12:12:34,-3.993594,-79.224624,Av. Universitaria,CON_LESIONADOS,Caida,Estado de embriaguez,8,LESIONADO,NO_REGISTRA,VEH_LIVIANO,38,LESIONADO,MUJER,PEATON,74,LESIONADO,MUJER,PEATON
2026-01-13 15:18:53,-4.010588,-79.228503,Calle Colon,SOLO_DANOS,Choque Vehicular,Inobservancia de senales,,,,,,,,,,,,
2026-01-06 02:26:06,-4.024855,-79.188006,Calle Imbabura,SOLO_DANOS,Incendio,Fatiga del conductor,,,,,,,,,,,,
2026-01-04 11:07:16,-3.984938,-79.190982,Calle Miguel Riofrio,CON_LESIONADOS,Accidente Laboral,Mal estado de la via,18,LESIONADO,MUJER,MOTOCICLETA,57,LESIONADO,NO_REGISTRA,SCOOTER,16,LESIONADO,HOMBRE,VEH_LIVIANO
2026-01-12 00:59:58,-4.022987,-79.192330,Av. Universitaria,CON_LESIONADOS,Accidente Laboral,Imprudencia del conductor,15,LESIONADO,NO_REGISTRA,CICLISTA,,,,,,,,
2026-01-16 10:22:42,-4.029111,-79.210863,Ruta 35,CON_FALLECIDOS,Atropellamiento,Imprudencia del conductor,26,FALLECIDO,MUJER,OTRO,49,FALLECIDO,MUJER,CICLISTA,,,,
2026-01-13 22:31:28,-4.005742,-79.208236,Calle Azogues,CON_LESIONADOS,Volcamiento,Falla mecanica,41,LESIONADO,NO_REGISTRA,PEATON,45,LESIONADO,HOMBRE,PEATON,45,LESIONADO,NO_REGISTRA,MOTOCICLETA
2026-01-09 19:28:08,-4.003092,-79.174608,Calle Imbabura,CON_LESIONADOS,Incendio,Distraccion (celular/radio),30,LESIONADO,HOMBRE,OTRO,5,LESIONADO,HOMBRE,MOTOCICLETA,6,LESIONADO,HOMBRE,SCOOTER
2026-01-19 02:43:32,-3.982164,-79.196524,Av. Rosa Hermosa,CON_FALLECIDOS,Volcamiento,Equipo de seguridad deficiente,32,FALLECIDO,NO_REGISTRA,VEH_LIVIANO,29,LESIONADO,HOMBRE,PEATON,,,,
2026-01-08 16:42:45,-4.017835,-79.228073,Calle Imbabura,SOLO_DANOS,Incendio,Estado de embriaguez,,,,,,,,,,,,
2026-01-12 05:31:09,-4.008953,-79.185501,Calle 18 de Noviembre,CON_LESIONADOS,Colision Multiple,Distraccion (celular/radio),33,LESIONADO,NO_REGISTRA,SCOOTER,74,LESIONADO,MUJER,PEATON,59,LESIONADO,HOMBRE,VEH_LIVIANO
2026-01-22 17:57:48,-4.034290,-79.204794,Av. Isidro Ayora,SOLO_DANOS,Accidente Laboral,Falla mecanica,,,,,,,,,,,,
2026-01-21 21:58:04,-4.012294,-79.178609,Av. Gran Colombia,SOLO_DANOS,Caida,Estado de embriaguez,,,,,,,,,,,,
2026-01-07 00:56:18,-4.023805,-79.205654,Av. Isidro Ayora,SOLO_DANOS,Atropellamiento,Estado de embriaguez,,,,,,,,,,,,
2026-01-15 03:46:03,-3.980233,-79.219765,Calle Bolivar,CON_LESIONADOS,Accidente Laboral,Falla mecanica,31,LESIONADO,NO_REGISTRA,PEATON,22,LESIONADO,NO_REGISTRA,VEH_LIVIANO,38,LESIONADO,MUJER,OTRO
2026-01-16 22:04:35,-4.021715,-79.205712,Av. Reinaldo Espinosa,CON_FALLECIDOS,Caida,Mal estado de la via,75,FALLECIDO,HOMBRE,CICLISTA,67,FALLECIDO,HOMBRE,MOTOCICLETA,6,LESIONADO,NO_REGISTRA,MOTOCICLETA
2026-01-20 23:09:19,-3.997071,-79.197277,Av. Gran Colombia,CON_LESIONADOS,Incendio,Visibilidad reducida,69,LESIONADO,HOMBRE,CICLISTA,6,LESIONADO,HOMBRE,OTRO,76,LESIONADO,MUJER,MOTOCICLETA
2026-01-14 17:10:04,-4.009549,-79.218463,Calle 10 de Agosto,SOLO_DANOS,Caida,Visibilidad reducida,,,,,,,,,,,,
2026-01-06 00:16:19,-3.988203,-79.208865,Calle Miguel Riofrio,CON_FALLECIDOS,Atropellamiento,Mal estado de la via,40,FALLECIDO,NO_REGISTRA,VEH_LIVIANO,25,FALLECIDO,MUJER,CICLISTA,23,LESIONADO,MUJER,CICLISTA
2026-01-04 09:26:11,-4.010949,-79.183294,Av. Rosa Hermosa,CON_LESIONADOS,Accidente Laboral,Mal estado de la via,36,LESIONADO,NO_REGISTRA,SCOOTER,31,LESIONADO,MUJER,MOTOCICLETA,68,LESIONADO,MUJER,PEATON
2026-01-15 00:39:27,-3.996882,-79.224050,Av. Reinaldo Espinosa,SOLO_DANOS,Volcamiento,Factores externos,,,,,,,,,,,,
2026-01-18 02:22:21,-4.006091,-79.179373,Calle Imbabura,CON_LESIONADOS,Atropellamiento,Equipo de seguridad deficiente,7,LESIONADO,NO_REGISTRA,MOTOCICLETA,,,,,,,,
2026-01-19 09:18:56,-4.019305,-79.224209,Av. Gran Colombia,CON_LESIONADOS,Atropellamiento,Via resbaladiza o mojada,19,LESIONADO,NO_REGISTRA,CICLISTA,73,LESIONADO,HOMBRE,OTRO,,,,
2026-01-13 16:51:33,-4.014175,-79.188858,Ruta 35,CON_LESIONADOS,Incendio,Mal estado de la via,73,LESIONADO,HOMBRE,MOTOCICLETA,68,LESIONADO,MUJER,OTRO,,,,
2026-01-04 21:31:54,-4.015367,-79.223270,Calle Azogues,CON_FALLECIDOS,Caida,Visibilidad reducida,18,FALLECIDO,HOMBRE,SCOOTER,,,,,,,,
2026-01-21 10:28:19,-3.986361,-79.229492,Ruta 35,SOLO_DANOS,Accidente Laboral,Via resbaladiza o mojada,,,,,,,,,,,,
2026-01-16 16:07:53,-3.998763,-79.207062,Via Loja - Catamayo,CON_LESIONADOS,Colision Multiple,Factores externos,31,LESIONADO,NO_REGISTRA,VEH_LIVIANO,,,,,,,,
2026-01-05 00:03:12,-3.984730,-79.186581,Calle Sucre,CON_FALLECIDOS,Colision Multiple,Falla mecanica,24,FALLECIDO,HOMBRE,VEH_LIVIANO,25,LESIONADO,NO_REGISTRA,OTRO,,,,
2026-01-05 19:41:06,-4.036696,-79.229149,Av. Cuxibamba,SOLO_DANOS,Volcamiento,Mal estado de la via,,,,,,,,,,,,
2026-01-17 17:06:34,-3.986315,-79.195787,Av. Rosa Hermosa,CON_FALLECIDOS,Colision Multiple,Fatiga del conductor,24,FALLECIDO,NO_REGISTRA,CICLISTA,56,LESIONADO,HOMBRE,MOTOCICLETA,57,LESIONADO,HOMBRE,CICLISTA
2026-01-20 12:59:54,-4.034647,-79.225546,Calle Bolivar,CON_LESIONADOS,Choque Vehicular,Visibilidad reducida,36,LESIONADO,MUJER,SCOOTER,50,LESIONADO,NO_REGISTRA,PEATON,,,,
2026-01-21 04:18:32,-4.036936,-79.228750,Calle Rocafuerte,CON_LESIONADOS,Choque Vehicular,Imprudencia del conductor,32,LESIONADO,NO_REGISTRA,OTRO,52,LESIONADO,HOMBRE,MOTOCICLETA,,,,
2026-01-16 06:33:24,-4.026950,-79.187903,Av. Pio Jaramillo,CON_LESIONADOS,Incendio,Via resbaladiza o mojada,67,LESIONADO,MUJER,VEH_LIVIANO,,,,,,,,
2026-01-02 15:17:56,-4.021560,-79.221695,Calle 10 de Agosto,SOLO_DANOS,Volcamiento,Exceso de velocidad,,,,,,,,,,,,
2026-01-10 08:05:07,-4.001374,-79.212917,Av. Reinaldo Espinosa,CON_LESIONADOS,Atropellamiento,Fatiga del conductor,67,LESIONADO,HOMBRE,MOTOCICLETA,,,,,,,,