fecha_hora,latitud,longitud,via,grado_severidad,tipo_siniestro,causa_probable,victima1_edad,victima1_condicion,victima1_sexo,victima1_actor_vial,victima2_edad,victima2_condicion,victima2_sexo,victima2_actor_vial,victima3_edad,victima3_condicion,victima3_sexo,victima3_actor_vial
2026-01-09 21:39:24,-4.014219,-79.204207,Via Loja - Zamora,SOLO_DANOS,Incendio,Falla mecanica,,,,,,,,,,,,
2026-01-23 07:30:31,-4.026385,-79.180494,Via Loja - Catamayo,CON_FALLECIDOS,Colision Multiple,Exceso de velocidad,83,FALLECIDO,NO_REGISTRA,VEH_LIVIANO,,,,,,,,
2026-01-12 08:25:36,-3.987333,-79.202132,Av. Pio Jaramillo,SOLO_DANOS,Choque Vehicular,Equipo de seguridad deficiente,,,,,,,,,,,,
2026-01-15 15:38:24,-4.021630,-79.205698,Av. Reinaldo Espinosa,CON_LESIONADOS,Colision Multiple,Via resbaladiza o mojada,33,LESIONADO,HOMBRE,CICLISTA,74,LESIONADO,NO_REGISTRA,PEATON,78,LESIONADO,NO_REGISTRA,MOTOCICLETA
2026-01-10 17:19:51,-4.033278,-79.194248,Av. Reinaldo Espinosa,SOLO_DANOS,Incendio,Falla mecanica,,,,,,,,,,,,
2026-01-03 02:05:48,-3.994912,-79.195488,Av. Metropolitana,CON_FALLECIDOS,Choque Vehicular,Fatiga del conductor,85,FALLECIDO,MUJER,MOTOCICLETA,47,FALLECIDO,MUJER,CICLISTA,74,LESIONADO,HOMBRE,PEATON
2026-01-04 15:16:08,-4.005598,-79.204728,Av. Pio Jaramillo,CON_FALLECIDOS,Caida,Factores externos,43,FALLECIDO,NO_REGISTRA,VEH_LIVIANO,60,FALLECIDO,MUJER,OTRO,,,,
2026-01-11 21:40:26,-3.986873,-79.219709,Av. Manuel Agustin Aguirre,CON_FALLECIDOS,Choque Vehicular,Estado de embriaguez,19,FALLECIDO,HOMBRE,CICLISTA,31,LESIONADO,MUJER,OTRO,77,LESIONADO,MUJER,MOTOCICLETA
2026-01-08 22:35:58,-4.003737,-79.197451,Av. Rosa Hermosa,SOLO_DANOS,Atropellamiento,Via resbaladiza o mojada,,,,,,,,,,,,
2026-01-23 04:12:52,-4.029403,-79.178462,Av. Gran Colombia,CON_FALLECIDOS,Colision Multiple,Imprudencia del conductor,66,FALLECIDO,HOMBRE,PEATON,51,LESIONADO,MUJER,CICLISTA,62,LESIONADO,NO_REGISTRA,PEATON
2026-01-06 17:52:14,-4.008756,-79.218633,Calle Ramon Borrero,CON_FALLECIDOS,Incendio,Falla mecanica,38,FALLECIDO,NO_REGISTRA,SCOOTER,11,LESIONADO,NO_REGISTRA,VEH_LIVIANO,,,,
2026-01-17 08:00:05,-4.011709,-79.219538,Calle Mercadillo,SOLO_DANOS,Choque Vehicular,Factores externos,,,,,,,,,,,,
2026-01-08 09:15:47,-4.000523,-79.188655,Ruta 35,SOLO_DANOS,Atropellamiento,Factores externos,,,,,,,,,,,,
2026-01-06 15:43:21,-4.033546,-79.222427,Calle Montufar,CON_LESIONADOS,Accidente Laboral,Imprudencia del conductor,12,LESIONADO,NO_REGISTRA,OTRO,,,,,,,,
2026-01-08 01:59:56,-3.978513,-79.177920,Av. Rosa Hermosa,CON_FALLECIDOS,Accidente Laboral,Estado de embriaguez,22,FALLECIDO,HOMBRE,PEATON,43,LESIONADO,HOMBRE,PEATON,,,,
2026-01-09 18:21:35,-4.033044,-79.199298,Calle Azogues,SOLO_DANOS,Accidente Laboral,Estado de embriaguez,,,,,,,,,,,,
2026-01-04 10:39:54,-3.980687,-79.209395,Via Loja - Catamayo,CON_LESIONADOS,Caida,Fatiga del conductor,61,LESIONADO,MUJER,VEH_LIVIANO,10,LESIONADO,NO_REGISTRA,SCOOTER,,,,
2026-01-14 10:39:01,-4.012238,-79.196360,Calle Mercadillo,SOLO_DANOS,Accidente Laboral,Factores externos,21,LESIONADO,NO_REGISTRA,PEATON,,,,,,,,
2026-01-07 00:55:41,-3.998839,-79.189385,Calle Miguel Riofrio,CON_FALLECIDOS,Atropellamiento,Visibilidad reducida,51,FALLECIDO,HOMBRE,CICLISTA,,,,,,,,
2026-01-18 02:17:11,-4.001253,-79.228466,Calle Rocafuerte,CON_FALLECIDOS,Caida,Falla mecanica,42,FALLECIDO,NO_REGISTRA,SCOOTER,60,FALLECIDO,NO_REGISTRA,SCOOTER,,,,
2026-01-07 16:31:36,-4.028764,-79.229519,Via Loja - Zamora,CON_LESIONADOS,Atropellamiento,Visibilidad reducida,13,LESIONADO,MUJER,MOTOCICLETA,,,,,,,,
2026-01-03 11:36:52,-4.026946,-79.213607,Av. Isidro Ayora,CON_FALLECIDOS,Colision Multiple,Mal estado de la via,72,FALLECIDO,MUJER,OTRO,24,FALLECIDO,NO_REGISTRA,OTRO,,,,
2026-01-14 15:59:19,-3.999854,-79.220818,Calle Ramon Borrero,CON_FALLECIDOS,Caida,Distraccion (celular/radio),62,FALLECIDO,NO_REGISTRA,SCOOTER,20,LESIONADO,MUJER,CICLISTA,,,,
2026-01-03 02:59:06,-4.005826,-79.185240,Calle Sucre,CON_FALLECIDOS,Caida,Inobservancia de senales,67,FALLECIDO,HOMBRE,OTRO,,,,,,,,
2026-01-12 11:51:36,-3.999624,-79.215741,Av. Manuel Agustin Aguirre,CON_LESIONADOS,Choque Vehicular,Factores externos,5,LESIONADO,MUJER,SCOOTER,18,LESIONADO,HOMBRE,SCOOTER,12,LESIONADO,MUJER,SCOOTER
2026-01-14 13:00:21,-4.006259,-79.195120,Via Loja - Catamayo,SOLO_DANOS,Choque Vehicular,Visibilidad reducida,,,,,,,,,,,,
2026-01-18 11:21:19,-4.017772,-79.218913,Calle Azogues,CON_FALLECIDOS,Accidente Laboral,Equipo de seguridad deficiente,70,FALLECIDO,HOMBRE,SCOOTER,58,LESIONADO,HOMBRE,VEH_LIVIANO,20,LESIONADO,HOMBRE,OTRO
2026-01-08 05:45:41,-4.027290,-79.218188,Av. Orillas del Zamora,SOLO_DANOS,Choque Vehicular,Via resbaladiza o mojada,,,,,,,,,,,,
2026-01-14 03:02:40,-4.018179,-79.191934,Av. Universitaria,CON_FALLECIDOS,Colision Multiple,Via resbaladiza o mojada,66,FALLECIDO,MUJER,VEH_LIVIANO,23,FALLECIDO,NO_REGISTRA,SCOOTER,,,,
2026-01-06 21:20:17,-3.997723,-79.192846,Av. Gran Colombia,SOLO_DANOS,Accidente Laboral,Estado de embriaguez,,,,,,,,,,,,
2026-01-04 08:16:47,-4.024074,-79.211065,Calle Sucre,CON_FALLECIDOS,Volcamiento,Via resbaladiza o mojada,30,FALLECIDO,HOMBRE,OTRO,,,,,,,,
2026-01-23 11:36:15,-4.000686,-79.202888,Calle Montufar,CON_FALLECIDOS,Incendio,Mal estado de la via,84,FALLECIDO,HOMBRE,CICLISTA,22,LESIONADO,HOMBRE,MOTOCICLETA,11,LESIONADO,NO_REGISTRA,OTRO
2026-01-02 08:02:05,-4.001383,-79.184265,Calle 18 de Noviembre,CON_FALLECIDOS,Colision Multiple,Fatiga del conductor,71,FALLECIDO,HOMBRE,PEATON,45,LESIONADO,NO_REGISTRA,VEH_LIVIANO,52,LESIONADO,NO_REGISTRA,PEATON
2026-01-21 06:18:41,-4.032221,-79.192941,Via Loja - Catamayo,CON_LESIONADOS,Accidente Laboral,Falla mecanica,61,LESIONADO,NO_REGISTRA,OTRO,80,LESIONADO,HOMBRE,CICLISTA,61,LESIONADO,NO_REGISTRA,MOTOCICLETA
2026-01-16 17:30:47,-4.030172,-79.184442,Av. Pio Jaramillo,SOLO_DANOS,Atropellamiento,Falla mecanica,,,,,,,,,,,,
2026-01-02 16:48:21,-4.018464,-79.174991,Calle Miguel Riofrio,SOLO_DANOS,Incendio,Visibilidad reducida,,,,,,,,,,,,
2026-01-03 05:49:05,-3.996446,-79.181842,Av. Pio Jaramillo,CON_LESIONADOS,Caida,Factores externos,19,LESIONADO,HOMBRE,VEH_LIVIANO,,,,,,,,
2026-01-04 10:07:13,-4.001019,-79.177885,Calle Bolivar,CON_FALLECIDOS,Accidente Laboral,Falla mecanica,84,FALLECIDO,HOMBRE,MOTOCICLETA,63,LESIONADO,NO_REGISTRA,VEH_LIVIANO,41,LESIONADO,NO_REGISTRA,VEH_LIVIANO
2026-01-03 19:59:42,-4.027241,-79.186488,Via Loja - Zamora,SOLO_DANOS,Choque Vehicular,Inobservancia de senales,,,,,,,,,,,,
2026-01-10 09:11:11,-4.031531,-79.176020,Calle Ramon Borrero,SOLO_DANOS,Colision Multiple,Imprudencia del conductor,,,,,,,,,,,,
2026-01-18 21:04:13,-3.985218,-79.209870,Calle Rocafuerte,CON_LESIONADOS,Volcamiento,Falla mecanica,53,LESIONADO,HOMBRE,SCOOTER,,,,,,,,
2026-01-11 13:17:05,-4.031897,-79.218965,Calle 18 de Noviembre,CON_LESIONADOS,Caida,Equipo de seguridad deficiente,71,LESIONADO,HOMBRE,MOTOCICLETA,71,LESIONADO,HOMBRE,MOTOCICLETA,14,LESIONADO,MUJER,SCOOTER
2026-01-09 09:23:08,-4.009991,-79.193372,Ruta 35,SOLO_DANOS,Choque Vehicular,Mal estado de la via,,,,,,,,,,,,
2026-01-10 12:57:23,-4.018740,-79.186118,Av. Reinaldo Espinosa,CON_FALLECIDOS,Colision Multiple,Factores externos,34,FALLECIDO,HOMBRE,VEH_LIVIANO,46,LESIONADO,NO_REGISTRA,OTRO,,,,
2026-01-14 00:15:52,-4.036083,-79.185632,Av. Manuel Agustin Aguirre,CON_FALLECIDOS,Accidente Laboral,Exceso de velocidad,72,FALLECIDO,MUJER,PEATON,50,FALLECIDO,MUJER,VEH_LIVIANO,50,LESIONADO,NO_REGISTRA,CICLISTA
2026-01-21 10:12:00,-3.980745,-79.182357,Calle Azogues,CON_FALLECIDOS,Colision Multiple,Exceso de velocidad,77,FALLECIDO,HOMBRE,VEH_LIVIANO,63,FALLECIDO,NO_REGISTRA,OTRO,5,LESIONADO,NO_REGISTRA,OTRO
2026-01-22 21:33:04,-3.978917,-79.216090,Calle Azogues,CON_LESIONADOS,Volcamiento,Estado de embriaguez,74,LESIONADO,NO_REGISTRA,OTRO,60,LESIONADO,MUJER,SCOOTER,,,,
2026-01-13 16:42:51,-4.010623,-79.214614,Calle Montufar,CON_FALLECIDOS,Caida,Via resbaladiza o mojada,77,FALLECIDO,HOMBRE,MOTOCICLETA,16,LESIONADO,HOMBRE,OTRO,,,,
2026-01-11 22:55:16,-3.978189,-79.180557,Calle Sucre,SOLO_DANOS,Accidente Laboral,Equipo de seguridad deficiente,,,,,,,,,,,,
2026-01-23 08:53:08,-4.025016,-79.172985,Calle Rocafuerte,SOLO_DANOS,Atropellamiento,Via resbaladiza o mojada,,,,,,,,,,,,
2026-01-20 22:21:22,-3.980152,-79.179185,Calle Imbabura,CON_LESIONADOS,Incendio,Fatiga del conductor,40,LESIONADO,MUJER,SCOOTER,54,LESIONADO,MUJER,SCOOTER,,,,
2026-01-23 06:50:44,-3.989643,-79.177483,Calle Rocafuerte,CON_FALLECIDOS,Incendio,Via resbaladiza o mojada,71,FALLECIDO,NO_REGISTRA,OTRO,40,FALLECIDO,MUJER,MOTOCICLETA,69,LESIONADO,HOMBRE,MOTOCICLETA
2026-01-04 01:20:30,-4.007997,-79.207705,Calle Ramon Borrero,SOLO_DANOS,Accidente Laboral,Factores externos,,,,,,,,,,,,
2026-01-20 16:07:10,-3.977379,-79.198300,Calle Quito,CON_LESIONADOS,Volcamiento,Via resbaladiza o mojada,17,LESIONADO,HOMBRE,VEH_LIVIANO,63,LESIONADO,MUJER,OTRO,40,LESIONADO,NO_REGISTRA,MOTOCICLETA
2026-01-23 11:53:17,-4.011887,-79.177655,Av. Universitaria,SOLO_DANOS,Caida,Falla mecanica,,,,,,,,,,,,
2026-01-15 07:15:41,-4.018933,-79.224020,Via Loja - Zamora,SOLO_DANOS,Atropellamiento,Estado de embriaguez,,,,,,,,,,,,
2026-01-03 09:42:42,-4.016798,-79.203916,Av. Metropolitana,CON_FALLECIDOS,Choque Vehicular,Distraccion (celular/radio),23,FALLECIDO,NO_REGISTRA,SCOOTER,30,FALLECIDO,HOMBRE,VEH_LIVIANO,,,,
2026-01-23 04:12:33,-4.012332,-79.223223,Av. Cuxibamba,CON_FALLECIDOS,Incendio,Imprudencia del conductor,40,FALLECIDO,NO_REGISTRA,CICLISTA,75,LESIONADO,NO_REGISTRA,SCOOTER,,,,
2026-01-18 12:38:30,-4.027048,-79.228195,Calle Rocafuerte,CON_LESIONADOS,Volcamiento,Exceso de velocidad,18,LESIONADO,MUJER,PEATON,78,LESIONADO,MUJER,PEATON,27,LESIONADO,MUJER,PEATON
2026-01-20 07:44:04,-4.018451,-79.198990,Via Loja - Zamora,CON_LESIONADOS,Choque Vehicular,Falla mecanica,55,LESIONADO,NO_REGISTRA,PEATON,66,LESIONADO,HOMBRE,SCOOTER,,,,
2026-01-17 12:44:52,-4.015012,-79.217405,Calle Sucre,SOLO_DANOS,Volcamiento,Factores externos,,,,,,,,,,,,
2026-01-10 12:37:35,-4.016319,-79.228852,Via Loja - Catamayo,CON_FALLECIDOS,Caida,Exceso de velocidad,32,FALLECIDO,NO_REGISTRA,VEH_LIVIANO,77,LESIONADO,NO_REGISTRA,VEH_LIVIANO,70,LESIONADO,MUJER,VEH_LIVIANO
2026-01-14 02:32:30,-3.987431,-79.209880,Av. Reinaldo Espinosa,CON_FALLECIDOS,Volcamiento,Falla mecanica,77,FALLECIDO,HOMBRE,MOTOCICLETA,34,LESIONADO,NO_REGISTRA,CICLISTA,42,LESIONADO,MUJER,PEATON
2026-01-12 23:13:01,-4.001160,-79.185906,Calle Saraguro,CON_LESIONADOS,Accidente Laboral,Imprudencia del conductor,32,LESIONADO,NO_REGISTRA,VEH_LIVIANO,8,LESIONADO,NO_REGISTRA,CICLISTA,,,,
2026-01-02 17:41:52,-4.007352,-79.213422,Calle 10 de Agosto,SOLO_DANOS,Volcamiento,Imprudencia del conductor,,,,,,,,,,,,
2026-01-21 20:43:58,-4.003096,-79.230020,Av. Gran Colombia,SOLO_DANOS,Choque Vehicular,Fatiga del conductor,55,LESIONADO,MUJER,SCOOTER,,,,,,,,
2026-01-22 17:07:54,-4.022288,-79.201448,Via Loja - Zamora,CON_LESIONADOS,Volcamiento,Via resbaladiza o mojada,72,LESIONADO,NO_REGISTRA,MOTOCICLETA,57,LESIONADO,MUJER,SCOOTER,56,LESIONADO,NO_REGISTRA,MOTOCICLETA
2026-01-21 23:33:07,-3.994616,-79.219629,Calle Quito,CON_FALLECIDOS,Accidente Laboral,Via resbaladiza o mojada,68,FALLECIDO,MUJER,VEH_LIVIANO,,,,,,,,
2026-01-09 22:03:31,-4.034702,-79.213180,Av. Pio Jaramillo,CON_FALLECIDOS,Accidente Laboral,Imprudencia del conductor,47,FALLECIDO,HOMBRE,CICLISTA,7,LESIONADO,MUJER,MOTOCICLETA,,,,
2026-01-16 14:34:35,-3.989962,-79.206985,Av. Reinaldo Espinosa,CON_LESIONADOS,Incendio,Equipo de seguridad deficiente,18,LESIONADO,MUJER,CICLISTA,,,,,,,,
2026-01-05 18:54:34,-3.980480,-79.216328,Av. Orillas del Zamora,CON_FALLECIDOS,Accidente Laboral,Equipo de seguridad deficiente,82,FALLECIDO,NO_REGISTRA,VEH_LIVIANO,51,LESIONADO,HOMBRE,CICLISTA,62,LESIONADO,HOMBRE,CICLISTA
2026-01-17 19:29:38,-3.998290,-79.224045,Av. Isidro Ayora,SOLO_DANOS,Accidente Laboral,Imprudencia del conductor,,,,,,,,,,,,
2026-01-23 02:37:46,-4.025911,-79.211791,Calle 10 de Agosto,SOLO_DANOS,Caida,Fatiga del conductor,,,,,,,,,,,,
2026-01-09 09:24:37,-4.014548,-79.182733,Av. Manuel Agustin Aguirre,CON_FALLECIDOS,Atropellamiento,Imprudencia del conductor,59,FALLECIDO,NO_REGISTRA,MOTOCICLETA,42,FALLECIDO,NO_REGISTRA,SCOOTER,63,LESIONADO,NO_REGISTRA,OTRO
2026-01-11 00:27:18,-3.995031,-79.184196,Via Loja - Zamora,SOLO_DANOS,Choque Vehicular,Fatiga del conductor,,,,,,,,,,,,
2026-01-15 12:06:24,-4.026382,-79.199951,Calle 10 de Agosto,CON_FALLECIDOS,Incendio,Falla mecanica,34,FALLECIDO,NO_REGISTRA,OTRO,,,,,,,,
2026-01-13 02:35:27,-3.992286,-79.196096,Calle Rocafuerte,CON_FALLECIDOS,Colision Multiple,Falla mecanica,55,FALLECIDO,MUJER,SCOOTER,13,LESIONADO,HOMBRE,OTRO,,,,
2026-01-07 08:27:49,-3.984165,-79.184161,Calle Ramon Borrero,SOLO_DANOS,Atropellamiento,Mal estado de la via,,,,,,,,,,,,
2026-01-21 17:17:15,-4.033517,-79.208807,Calle Montufar,CON_FALLECIDOS,Incendio,Exceso de velocidad,81,FALLECIDO,HOMBRE,OTRO,63,FALLECIDO,NO_REGISTRA,SCOOTER,62,LESIONADO,HOMBRE,VEH_LIVIANO
2026-01-15 13:04:58,-4.000904,-79.179948,Via Loja - Zamora,SOLO_DANOS,Caida,Exceso de velocidad,,,,,,,,,,,,
2026-01-17 00:15:43,-3.984686,-79.173970,Calle Imbabura,SOLO_DANOS,Caida,Estado de embriaguez,,,,,,,,,,,,
2026-01-03 07:48:58,-3.981524,-79.214153,Calle 18 de Noviembre,CON_FALLECIDOS,Colision Multiple,Equipo de seguridad deficiente,84,FALLECIDO,NO_REGISTRA,SCOOTER,19,LESIONADO,HOMBRE,VEH_LIVIANO,,,,
2026-01-22 06:41:29,-4.010672,-79.225867,Calle Bolivar,CON_LESIONADOS,Incendio,Inobservancia de senales,49,LESIONADO,HOMBRE,MOTOCICLETA,,,,,,,,
2026-01-11 21:34:06,-3.990080,-79.198959,Av. Pio Jaramillo,CON_FALLECIDOS,Caida,Estado de embriaguez,72,FALLECIDO,HOMBRE,MOTOCICLETA,39,FALLECIDO,MUJER,VEH_LIVIANO,,,,
2026-01-07 22:53:15,-3.983732,-79.183789,Av. Pio Jaramillo,CON_FALLECIDOS,Colision Multiple,Falla mecanica,59,FALLECIDO,HOMBRE,CICLISTA,63,FALLECIDO,HOMBRE,OTRO,,,,
2026-01-10 07:13:56,-3.978226,-79.177656,Calle Azogues,CON_LESIONADOS,Caida,Imprudencia del conductor,45,LESIONADO,NO_REGISTRA,MOTOCICLETA,38,LESIONADO,NO_REGISTRA,PEATON,51,LESIONADO,NO_REGISTRA,MOTOCICLETA
2026-01-11 20:04:02,-3.985322,-79.212575,Calle Imbabura,SOLO_DANOS,Volcamiento,Visibilidad reducida,,,,,,,,,,,,
2026-01-02 05:35:06,-3.994677,-79.183361,Av. Metropolitana,CON_FALLECIDOS,Accidente Laboral,Falla mecanica,33,FALLECIDO,MUJER,CICLISTA,64,FALLECIDO,MUJER,PEATON,45,LESIONADO,HOMBRE,MOTOCICLETA
2026-01-15 04:16:24,-3.988199,-79.193493,Av. Universitaria,SOLO_DANOS,Atropellamiento,Via resbaladiza o mojada,,,,,,,,,,,,
2026-01-04 13:00:08,-3.980984,-79.201294,Calle Bolivar,CON_FALLECIDOS,Choque Vehicular,Exceso de velocidad,74,FALLECIDO,MUJER,MOTOCICLETA,70,FALLECIDO,MUJER,VEH_LIVIANO,15,LESIONADO,HOMBRE,CICLISTA
2026-01-16 14:32:33,-4.026785,-79.171149,Calle Ramon Borrero,CON_FALLECIDOS,Caida,Exceso de velocidad,39,FALLECIDO,HOMBRE,VEH_LIVIANO,81,FALLECIDO,MUJER,PEATON,,,,
2026-01-12 10:15:47,-4.032211,-79.219822,Av. Manuel Agustin Aguirre,CON_LESIONADOS,Volcamiento,Via resbaladiza o mojada,53,LESIONADO,HOMBRE,OTRO,64,LESIONADO,MUJER,CICLISTA,,,,
2026-01-21 06:43:47,-4.000166,-79.183201,Calle Saraguro,CON_FALLECIDOS,Caida,Factores externos,47,FALLECIDO,HOMBRE,CICLISTA,81,FALLECIDO,NO_REGISTRA,PEATON,55,LESIONADO,MUJER,VEH_LIVIANO
2026-01-21 11:31:11,-4.019228,-79.190977,Calle 10 de Agosto,SOLO_DANOS,Atropellamiento,Visibilidad reducida,,,,,,,,,,,,
2026-01-06 22:16:43,-4.025664,-79.190848,Av. Cuxibamba,SOLO_DANOS,Accidente Laboral,Visibilidad reducida,,,,,,,,,,,,
2026-01-18 21:09:08,-3.985026,-79.193685,Calle Imbabura,SOLO_DANOS,Choque Vehicular,Inobservancia de senales,,,,,,,,,,,,
2026-01-20 08:32:00,-3.995131,-79.209087,Av. Metropolitana,CON_FALLECIDOS,Volcamiento,Equipo de seguridad deficiente,28,FALLECIDO,NO_REGISTRA,CICLISTA,28,FALLECIDO,HOMBRE,PEATON,,,,
2026-01-07 03:03:37,-4.002538,-79.185667,Calle Mercadillo,SOLO_DANOS,Choque Vehicular,Visibilidad reducida,,,,,,,,,,,,
2026-01-18 18:59:00,-4.014308,-79.175733,Av. Gran Colombia,SOLO_DANOS,Accidente Laboral,Inobservancia de senales,,,,,,,,,,,,
2026-01-17 15:07:22,-4.021506,-79.192253,Ruta 35,CON_LESIONADOS,Choque Vehicular,Visibilidad reducida,44,LESIONADO,MUJER,CICLISTA,,,,,,,,
2026-01-22 20:13:28,-4.015364,-79.215354,Calle Imbabura,SOLO_DANOS,Choque Vehicular,Exceso de velocidad,,,,,,,,,,,,
2026-01-04 22:26:26,-4.007389,-79.181371,Av. Universitaria,CON_LESIONADOS,Accidente Laboral,Mal estado de la via,27,LESIONADO,MUJER,PEATON,38,LESIONADO,MUJER,PEATON,78,LESIONADO,HOMBRE,MOTOCICLETA
2026-01-21 10:33:29,-3.996104,-79.184459,Calle Bolivar,CON_FALLECIDOS,Atropellamiento,Equipo de seguridad deficiente,46,FALLECIDO,HOMBRE,VEH_LIVIANO,,,,,,,,
2026-01-18 08:43:48,-4.036911,-79.172005,Calle Sucre,CON_LESIONADOS,Accidente Laboral,Visibilidad reducida,56,LESIONADO,MUJER,OTRO,,,,,,,,
2026-01-20 05:08:34,-3.991981,-79.200720,Av. Gran Colombia,CON_FALLECIDOS,Atropellamiento,Estado de embriaguez,35,FALLECIDO,NO_REGISTRA,MOTOCICLETA,29,FALLECIDO,MUJER,VEH_LIVIANO,38,LESIONADO,NO_REGISTRA,CICLISTA
2026-01-10 18:31:52,-4.025674,-79.195883,Calle Bolivar,SOLO_DANOS,Colision Multiple,Via resbaladiza o mojada,,,,,,,,,,,,
2026-01-22 18:48:22,-4.020620,-79.193359,Ruta 35,CON_FALLECIDOS,Caida,Factores externos,78,FALLECIDO,MUJER,OTRO,76,FALLECIDO,NO_REGISTRA,VEH_LIVIANO,17,LESIONADO,MUJER,VEH_LIVIANO
2026-01-16 09:32:49,-4.031801,-79.215164,Calle Rocafuerte,CON_LESIONADOS,Accidente Laboral,Mal estado de la via,65,LESIONADO,HOMBRE,SCOOTER,17,LESIONADO,MUJER,PEATON,36,LESIONADO,HOMBRE,PEATON
2026-01-20 07:40:13,-4.000564,-79.192572,Av. Orillas del Zamora,CON_FALLECIDOS,Incendio,Estado de embriaguez,84,FALLECIDO,MUJER,VEH_LIVIANO,,,,,,,,
2026-01-08 03:30:24,-3.993775,-79.179039,Calle Colon,CON_FALLECIDOS,Colision Multiple,Visibilidad reducida,25,FALLECIDO,HOMBRE,MOTOCICLETA,37,LESIONADO,MUJER,SCOOTER,54,LESIONADO,HOMBRE,OTRO
2026-01-07 21:24:54,-3.993497,-79.192742,Calle Azogues,SOLO_DANOS,Incendio,Mal estado de la via,,,,,,,,,,,,
2026-01-08 07:06:53,-4.001762,-79.194859,Calle 10 de Agosto,CON_FALLECIDOS,Atropellamiento,Fatiga del conductor,57,FALLECIDO,MUJER,VEH_LIVIANO,70,LESIONADO,NO_REGISTRA,MOTOCICLETA,,,,
2026-01-20 08:18:46,-3.994284,-79.223281,Calle Sucre,CON_FALLECIDOS,Caida,Equipo de seguridad deficiente,40,FALLECIDO,NO_REGISTRA,SCOOTER,74,FALLECIDO,HOMBRE,PEATON,73,LESIONADO,MUJER,SCOOTER
2026-01-15 11:58:23,-4.013561,-79.200355,Calle Mercadillo,CON_LESIONADOS,Caida,Imprudencia del conductor,64,LESIONADO,MUJER,SCOOTER,35,LESIONADO,HOMBRE,SCOOTER,,,,
2026-01-01 22:59:13,-4.015349,-79.211493,Av. Metropolitana,CON_LESIONADOS,Colision Multiple,Mal estado de la via,18,LESIONADO,NO_REGISTRA,OTRO,,,,,,,,
2026-01-10 05:14:27,-4.024987,-79.229000,Av. Universitaria,SOLO_DANOS,Caida,Inobservancia de senales,,,,,,,,,,,,
2026-01-03 23:08:04,-3.987517,-79.175814,Calle Bolivar,CON_LESIONADOS,Accidente Laboral,Factores externos,9,LESIONADO,NO_REGISTRA,VEH_LIVIANO,,,,,,,,
2026-01-11 16:04:29,-4.034555,-79.176587,Av. Universitaria,CON_FALLECIDOS,Atropellamiento,Estado de embriaguez,33,FALLECIDO,NO_REGISTRA,SCOOTER,78,LESIONADO,HOMBRE,SCOOTER,51,LESIONADO,NO_REGISTRA,MOTOCICLETA
2026-01-18 18:20:38,-3.986281,-79.222885,Calle Bolivar,CON_LESIONADOS,Choque Vehicular,Distraccion (celular/radio),63,LESIONADO,HOMBRE,PEATON,12,LESIONADO,HOMBRE,SCOOTER,,,,
2026-01-08 15:22:03,-3.982809,-79.216121,Av. Reinaldo Espinosa,CON_LESIONADOS,Caida,Via resbaladiza o mojada,28,LESIONADO,HOMBRE,OTRO,73,LESIONADO,MUJER,PEATON,,,,
2026-01-15 15:01:35,-4.036571,-79.192531,Av. Reinaldo Espinosa,CON_FALLECIDOS,Accidente Laboral,Estado de embriaguez,73,FALLECIDO,HOMBRE,CICLISTA,53,FALLECIDO,MUJER,PEATON,12,LESIONADO,MUJER,CICLISTA
2026-01-08 04:52:29,-4.003928,-79.175277,Calle Colon,SOLO_DANOS,Choque Vehicular,Equipo de seguridad deficiente,,,,,,,,,,,,
2026-01-23 06:32:45,-4.013219,-79.178357,Via Loja - Catamayo,CON_LESIONADOS,Volcamiento,Imprudencia del conductor,26,LESIONADO,HOMBRE,PEATON,31,LESIONADO,MUJER,PEATON,,,,
2026-01-21 11:44:29,-4.007783,-79.196600,Calle Bolivar,CON_FALLECIDOS,Incendio,Falla mecanica,64,FALLECIDO,MUJER,SCOOTER,48,FALLECIDO,HOMBRE,VEH_LIVIANO,,,,
2026-01-21 21:57:51,-3.989519,-79.230936,Av. Metropolitana,CON_LESIONADOS,Incendio,Fatiga del conductor,55,LESIONADO,MUJER,OTRO,34,LESIONADO,MUJER,MOTOCICLETA,32,LESIONADO,MUJER,CICLISTA
2026-01-04 18:44:16,-4.004815,-79.190403,Calle Sucre,SOLO_DANOS,Choque Vehicular,Factores externos,,,,,,,,,,,,
2026-01-02 04:02:51,-4.035714,-79.190632,Av. 8 de Diciembre,SOLO_DANOS,Choque Vehicular,Imprudencia del conductor,,,,,,,,,,,,
2026-01-16 17:56:06,-4.016006,-79.214764,Av. Manuel Agustin Aguirre,CON_LESIONADOS,Colision Multiple,Mal estado de la via,44,LESIONADO,HOMBRE,SCOOTER,39,LESIONADO,HOMBRE,MOTOCICLETA,72,LESIONADO,HOMBRE,VEH_LIVIANO
2026-01-17 11:17:10,-4.011427,-79.177289,Calle 18 de Noviembre,CON_LESIONADOS,Colision Multiple,Imprudencia del conductor,65,LESIONADO,NO_REGISTRA,CICLISTA,78,LESIONADO,MUJER,PEATON,79,LESIONADO,NO_REGISTRA,CICLISTA
2026-01-07 07:12:51,-4.018910,-79.192179,Av. Reinaldo Espinosa,SOLO_DANOS,Colision Multiple,Exceso de velocidad,,,,,,,,,,,,