fecha_hora,latitud,longitud,via,grado_severidad,tipo_siniestro,causa_probable,victima1_edad,victima1_condicion,victima1_sexo,victima1_actor_vial,victima2_edad,victima2_condicion,victima2_sexo,victima2_actor_vial,victima3_edad,victima3_condicion,victima3_sexo,victima3_actor_vial
2026-01-11 06:12:52,-4.018508,-79.224154,Av. Cuxibamba,CON_LESIONADOS,Volcamiento,Mal estado de la via,57,LESIONADO,NO_REGISTRA,SCOOTER,,,,,,,,
2026-01-09 19:57:41,-4.029623,-79.182655,Via Loja - Zamora,CON_LESIONADOS,Colision Multiple,Mal estado de la via,9,LESIONADO,MUJER,PEATON,,,,,,,,
2026-01-01 05:28:48,-4.029271,-79.205722,Av. Isidro Ayora,CON_LESIONADOS,Accidente Laboral,Falla mecanica,25,LESIONADO,MUJER,PEATON,28,LESIONADO,HOMBRE,CICLISTA,32,LESIONADO,MUJER,OTRO
2026-01-09 13:30:38,-4.004386,-79.195121,Av. Gran Colombia,SOLO_DANOS,Volcamiento,Distraccion (celular/radio),44,LESIONADO,HOMBRE,MOTOCICLETA,,,,,,,,
2026-01-17 15:09:00,-4.020851,-79.216509,Av. Isidro Ayora,CON_FALLECIDOS,Volcamiento,Imprudencia del conductor,18,FALLECIDO,NO_REGISTRA,OTRO,44,FALLECIDO,NO_REGISTRA,OTRO,,,,
2026-01-02 19:18:45,-4.015605,-79.178057,Via Loja - Catamayo,CON_LESIONADOS,Caida,Estado de embriaguez,44,LESIONADO,MUJER,SCOOTER,,,,,,,,
2026-01-06 22:50:02,-4.018320,-79.221230,Av. Cuxibamba,SOLO_DANOS,Choque Vehicular,Visibilidad reducida,,,,,,,,,,,,
2026-01-09 19:46:09,-4.029384,-79.205339,Av. Orillas del Zamora,SOLO_DANOS,Accidente Laboral,Exceso de velocidad,58,LESIONADO,NO_REGISTRA,PEATON,,,,,,,,
2026-01-02 22:18:31,-4.025645,-79.183469,Calle Azogues,SOLO_DANOS,Incendio,Mal estado de la via,,,,,,,,,,,,
2026-01-20 12:18:57,-4.019585,-79.185199,Via Loja - Zamora,CON_FALLECIDOS,Volcamiento,Imprudencia del conductor,60,FALLECIDO,MUJER,VEH_LIVIANO,36,LESIONADO,HOMBRE,CICLISTA,35,LESIONADO,MUJER,PEATON
2026-01-22 23:44:58,-4.013430,-79.187640,Av. Pio Jaramillo,CON_LESIONADOS,Atropellamiento,Exceso de velocidad,71,LESIONADO,MUJER,SCOOTER,,,,,,,,
2026-01-11 08:34:52,-3.995805,-79.191280,Av. Universitaria,CON_FALLECIDOS,Atropellamiento,Equipo de seguridad deficiente,54,FALLECIDO,NO_REGISTRA,CICLISTA,,,,,,,,
2026-01-08 10:40:54,-3.999911,-79.214436,Calle 10 de Agosto,SOLO_DANOS,Incendio,Distraccion (celular/radio),,,,,,,,,,,,
2026-01-16 09:32:39,-4.035969,-79.198886,Av. Gran Colombia,CON_FALLECIDOS,Accidente Laboral,Distraccion (celular/radio),39,FALLECIDO,NO_REGISTRA,OTRO,77,FALLECIDO,NO_REGISTRA,CICLISTA,68,LESIONADO,MUJER,PEATON
2026-01-10 21:12:23,-4.020983,-79.203379,Calle Azogues,CON_FALLECIDOS,Incendio,Via resbaladiza o mojada,25,FALLECIDO,NO_REGISTRA,MOTOCICLETA,30,FALLECIDO,HOMBRE,OTRO,31,LESIONADO,HOMBRE,VEH_LIVIANO
2026-01-04 22:00:21,-3.984196,-79.225675,Calle Ramon Borrero,CON_FALLECIDOS,Accidente Laboral,Equipo de seguridad deficiente,34,FALLECIDO,HOMBRE,VEH_LIVIANO,71,LESIONADO,NO_REGISTRA,VEH_LIVIANO,,,,
2026-01-02 12:01:47,-4.011358,-79.214819,Av. Universitaria,CON_FALLECIDOS,Volcamiento,Imprudencia del conductor,69,FALLECIDO,MUJER,OTRO,20,FALLECIDO,HOMBRE,OTRO,,,,
2026-01-03 05:55:23,-3.996584,-79.199159,Av. Pio Jaramillo,CON_LESIONADOS,Caida,Distraccion (celular/radio),9,LESIONADO,NO_REGISTRA,CICLISTA,60,LESIONADO,NO_REGISTRA,PEATON,70,LESIONADO,HOMBRE,CICLISTA
2026-01-07 08:04:03,-3.999224,-79.215691,Calle 18 de Noviembre,CON_FALLECIDOS,Caida,Imprudencia del conductor,45,FALLECIDO,MUJER,SCOOTER,81,FALLECIDO,MUJER,CICLISTA,7,LESIONADO,NO_REGISTRA,PEATON
2026-01-14 19:32:45,-3.989602,-79.217731,Av. Gran Colombia,SOLO_DANOS,Accidente Laboral,Factores externos,,,,,,,,,,,,
2026-01-16 15:47:03,-4.017948,-79.172887,Av. 8 de Diciembre,CON_FALLECIDOS,Caida,Mal estado de la via,45,FALLECIDO,MUJER,OTRO,44,FALLECIDO,MUJER,OTRO,9,LESIONADO,NO_REGISTRA,VEH_LIVIANO
2026-01-09 13:24:24,-3.979559,-79.199008,Calle 18 de Noviembre,CON_FALLECIDOS,Caida,Visibilidad reducida,75,FALLECIDO,NO_REGISTRA,CICLISTA,79,FALLECIDO,HOMBRE,CICLISTA,78,LESIONADO,MUJER,SCOOTER
2026-01-15 14:39:23,-3.998881,-79.226775,Calle Bolivar,CON_FALLECIDOS,Caida,Inobservancia de senales,45,FALLECIDO,HOMBRE,PEATON,37,LESIONADO,NO_REGISTRA,PEATON,,,,
2026-01-10 18:02:12,-4.036128,-79.223149,Calle Imbabura,SOLO_DANOS,Caida,Estado de embriaguez,,,,,,,,,,,,
2026-01-18 11:45:42,-4.007799,-79.199888,Calle Azogues,SOLO_DANOS,Caida,Inobservancia de senales,,,,,,,,,,,,
2026-01-13 07:54:19,-4.006357,-79.184709,Calle Mercadillo,CON_FALLECIDOS,Choque Vehicular,Falla mecanica,49,FALLECIDO,MUJER,CICLISTA,49,FALLECIDO,HOMBRE,CICLISTA,,,,
2026-01-16 20:34:29,-4.000526,-79.191476,Av. Pio Jaramillo,SOLO_DANOS,Accidente Laboral,Exceso de velocidad,,,,,,,,,,,,
2026-01-01 04:27:01,-4.008459,-79.203982,Av. Metropolitana,CON_LESIONADOS,Incendio,Imprudencia del conductor,8,LESIONADO,MUJER,OTRO,5,LESIONADO,NO_REGISTRA,OTRO,69,LESIONADO,HOMBRE,VEH_LIVIANO
2026-01-21 15:04:09,-4.002861,-79.222783,Calle Quito,CON_FALLECIDOS,Incendio,Via resbaladiza o mojada,44,FALLECIDO,HOMBRE,CICLISTA,33,LESIONADO,NO_REGISTRA,VEH_LIVIANO,23,LESIONADO,MUJER,PEATON
2026-01-10 12:58:19,-3.997074,-79.204691,Av. Cuxibamba,CON_FALLECIDOS,Colision Multiple,Equipo de seguridad deficiente,43,FALLECIDO,HOMBRE,PEATON,16,LESIONADO,HOMBRE,VEH_LIVIANO,38,LESIONADO,NO_REGISTRA,SCOOTER
2026-01-13 10:51:48,-4.000131,-79.199467,Calle 18 de Noviembre,SOLO_DANOS,Colision Multiple,Inobservancia de senales,,,,,,,,,,,,
2026-01-03 17:18:31,-4.005823,-79.190774,Av. Cuxibamba,CON_FALLECIDOS,Incendio,Factores externos,81,FALLECIDO,MUJER,VEH_LIVIANO,52,FALLECIDO,HOMBRE,CICLISTA,27,LESIONADO,NO_REGISTRA,PEATON
2026-01-20 11:51:23,-3.978447,-79.204306,Calle Bolivar,CON_LESIONADOS,Atropellamiento,Estado de embriaguez,45,LESIONADO,MUJER,PEATON,59,LESIONADO,MUJER,CICLISTA,58,LESIONADO,HOMBRE,SCOOTER
2026-01-18 02:29:52,-4.018082,-79.229605,Calle Quito,CON_LESIONADOS,Atropellamiento,Equipo de seguridad deficiente,18,LESIONADO,MUJER,MOTOCICLETA,9,LESIONADO,NO_REGISTRA,MOTOCICLETA,,,,
2026-01-17 18:50:07,-4.031346,-79.198171,Calle Sucre,CON_LESIONADOS,Caida,Fatiga del conductor,50,LESIONADO,MUJER,MOTOCICLETA,11,LESIONADO,NO_REGISTRA,MOTOCICLETA,,,,
2026-01-07 23:41:30,-4.007183,-79.212164,Calle Bolivar,SOLO_DANOS,Volcamiento,Estado de embriaguez,,,,,,,,,,,,
2026-01-18 16:45:13,-4.036581,-79.172296,Calle Sucre,CON_LESIONADOS,Caida,Exceso de velocidad,8,LESIONADO,MUJER,SCOOTER,62,LESIONADO,MUJER,OTRO,56,LESIONADO,HOMBRE,CICLISTA
2026-01-15 17:14:17,-4.031603,-79.221771,Calle 18 de Noviembre,SOLO_DANOS,Volcamiento,Estado de embriaguez,,,,,,,,,,,,
2026-01-20 07:00:26,-3.986700,-79.192662,Calle Miguel Riofrio,CON_FALLECIDOS,Colision Multiple,Factores externos,21,FALLECIDO,MUJER,OTRO,,,,,,,,
2026-01-02 13:30:36,-4.027963,-79.196331,Av. Rosa Hermosa,CON_LESIONADOS,Choque Vehicular,Equipo de seguridad deficiente,73,LESIONADO,NO_REGISTRA,CICLISTA,79,LESIONADO,MUJER,PEATON,,,,
2026-01-18 03:49:01,-4.018449,-79.208347,Av. Metropolitana,CON_FALLECIDOS,Caida,Equipo de seguridad deficiente,58,FALLECIDO,MUJER,MOTOCICLETA,60,FALLECIDO,MUJER,CICLISTA,67,LESIONADO,MUJER,SCOOTER
2026-01-12 16:33:34,-4.022459,-79.207674,Av. 8 de Diciembre,SOLO_DANOS,Choque Vehicular,Falla mecanica,,,,,,,,,,,,
2026-01-20 00:17:12,-4.000731,-79.208277,Av. Metropolitana,CON_FALLECIDOS,Incendio,Imprudencia del conductor,40,FALLECIDO,MUJER,MOTOCICLETA,37,FALLECIDO,HOMBRE,SCOOTER,45,LESIONADO,MUJER,VEH_LIVIANO
2026-01-16 08:54:02,-3.991876,-79.212039,Calle 18 de Noviembre,CON_FALLECIDOS,Atropellamiento,Factores externos,44,FALLECIDO,MUJER,PEATON,63,LESIONADO,NO_REGISTRA,MOTOCICLETA,,,,
2026-01-16 00:28:35,-3.986878,-79.213237,Calle Montufar,CON_FALLECIDOS,Caida,Falla mecanica,67,FALLECIDO,MUJER,SCOOTER,20,FALLECIDO,MUJER,CICLISTA,46,LESIONADO,HOMBRE,SCOOTER
2026-01-12 14:16:02,-4.009966,-79.209013,Calle Bolivar,CON_LESIONADOS,Incendio,Visibilidad reducida,20,LESIONADO,HOMBRE,VEH_LIVIANO,25,LESIONADO,NO_REGISTRA,VEH_LIVIANO,74,LESIONADO,NO_REGISTRA,OTRO
2026-01-17 16:31:14,-3.984821,-79.229656,Av. Orillas del Zamora,SOLO_DANOS,Colision Multiple,Via resbaladiza o mojada,,,,,,,,,,,,
2026-01-06 13:34:22,-4.015912,-79.208117,Calle Sucre,CON_FALLECIDOS,Volcamiento,Fatiga del conductor,34,FALLECIDO,NO_REGISTRA,PEATON,61,FALLECIDO,HOMBRE,PEATON,,,,
2026-01-16 04:01:28,-4.035893,-79.181126,Av. Pio Jaramillo,CON_LESIONADOS,Volcamiento,Estado de embriaguez,59,LESIONADO,MUJER,VEH_LIVIANO,,,,,,,,
2026-01-15 20:49:24,-4.018813,-79.218506,Av. Manuel Agustin Aguirre,SOLO_DANOS,Accidente Laboral,Equipo de seguridad deficiente,,,,,,,,,,,,
2026-01-03 05:29:23,-4.018690,-79.207555,Calle Rocafuerte,CON_FALLECIDOS,Atropellamiento,Imprudencia del conductor,39,FALLECIDO,NO_REGISTRA,SCOOTER,21,FALLECIDO,MUJER,OTRO,21,LESIONADO,NO_REGISTRA,VEH_LIVIANO
2026-01-12 18:26:33,-3.983720,-79.179589,Calle Imbabura,CON_LESIONADOS,Colision Multiple,Factores externos,71,LESIONADO,MUJER,VEH_LIVIANO,18,LESIONADO,NO_REGISTRA,VEH_LIVIANO,,,,
2026-01-05 00:01:43,-4.031880,-79.192216,Av. Rosa Hermosa,CON_FALLECIDOS,Atropellamiento,Falla mecanica,81,FALLECIDO,HOMBRE,OTRO,,,,,,,,
2026-01-15 03:15:49,-3.984891,-79.217449,Via Loja - Catamayo,CON_FALLECIDOS,Colision Multiple,Falla mecanica,50,FALLECIDO,MUJER,SCOOTER,45,FALLECIDO,MUJER,VEH_LIVIANO,,,,
2026-01-06 20:34:09,-4.016153,-79.214614,Av. Reinaldo Espinosa,SOLO_DANOS,Incendio,Fatiga del conductor,,,,,,,,,,,,
2026-01-21 03:56:59,-3.977093,-79.198639,Ruta 35,CON_LESIONADOS,Incendio,Fatiga del conductor,52,LESIONADO,NO_REGISTRA,OTRO,18,LESIONADO,HOMBRE,OTRO,,,,
2026-01-21 05:14:41,-4.004153,-79.223182,Calle Sucre,CON_LESIONADOS,Atropellamiento,Factores externos,68,LESIONADO,MUJER,VEH_LIVIANO,,,,,,,,
2026-01-04 03:33:33,-4.001989,-79.229074,Av. Rosa Hermosa,SOLO_DANOS,Incendio,Factores externos,,,,,,,,,,,,
2026-01-13 01:08:03,-3.990095,-79.189715,Via Loja - Zamora,CON_LESIONADOS,Atropellamiento,Mal estado de la via,18,LESIONADO,NO_REGISTRA,SCOOTER,56,LESIONADO,MUJER,MOTOCICLETA,63,LESIONADO,HOMBRE,SCOOTER
2026-01-15 09:26:18,-4.023705,-79.176748,Calle Imbabura,SOLO_DANOS,Choque Vehicular,Via resbaladiza o mojada,,,,,,,,,,,,
2026-01-14 01:39:28,-4.003991,-79.222557,Calle Imbabura,CON_FALLECIDOS,Incendio,Via resbaladiza o mojada,70,FALLECIDO,NO_REGISTRA,MOTOCICLETA,76,FALLECIDO,MUJER,CICLISTA,55,LESIONADO,HOMBRE,MOTOCICLETA
2026-01-18 14:49:12,-4.003556,-79.196612,Calle Imbabura,CON_LESIONADOS,Atropellamiento,Visibilidad reducida,23,LESIONADO,NO_REGISTRA,CICLISTA,,,,,,,,
2026-01-21 21:27:40,-4.014934,-79.214591,Av. Isidro Ayora,CON_LESIONADOS,Colision Multiple,Distraccion (celular/radio),68,LESIONADO,MUJER,SCOOTER,,,,,,,,
2026-01-02 09:14:10,-3.995615,-79.190218,Calle 10 de Agosto,SOLO_DANOS,Caida,Fatiga del conductor,,,,,,,,,,,,
2026-01-18 14:20:39,-4.013136,-79.173536,Calle 18 de Noviembre,CON_LESIONADOS,Atropellamiento,Exceso de velocidad,24,LESIONADO,NO_REGISTRA,OTRO,,,,,,,,
2026-01-05 02:06:33,-3.980747,-79.194955,Ruta 35,SOLO_DANOS,Incendio,Factores externos,,,,,,,,,,,,
2026-01-16 12:30:57,-4.034049,-79.224449,Calle Ramon Borrero,CON_LESIONADOS,Choque Vehicular,Estado de embriaguez,60,LESIONADO,NO_REGISTRA,CICLISTA,14,LESIONADO,NO_REGISTRA,VEH_LIVIANO,59,LESIONADO,MUJER,SCOOTER
2026-01-13 22:02:39,-3.979908,-79.188479,Calle 18 de Noviembre,SOLO_DANOS,Atropellamiento,Via resbaladiza o mojada,,,,,,,,,,,,
2026-01-21 03:25:53,-4.011037,-79.174481,Via Loja - Catamayo,SOLO_DANOS,Choque Vehicular,Imprudencia del conductor,46,LESIONADO,NO_REGISTRA,VEH_LIVIANO,,,,,,,,
2026-01-09 17:36:28,-3.981058,-79.226149,Av. Gran Colombia,SOLO_DANOS,Caida,Exceso de velocidad,,,,,,,,,,,,
2026-01-02 10:06:31,-4.029431,-79.212564,Calle Montufar,SOLO_DANOS,Choque Vehicular,Fatiga del conductor,,,,,,,,,,,,
2026-01-14 15:38:34,-3.982285,-79.182074,Calle Colon,SOLO_DANOS,Accidente Laboral,Fatiga del conductor,,,,,,,,,,,,
2026-01-03 17:01:41,-4.017122,-79.220146,Av. Reinaldo Espinosa,SOLO_DANOS,Volcamiento,Factores externos,,,,,,,,,,,,
2026-01-16 16:58:32,-4.028460,-79.183204,Av. Cuxibamba,CON_FALLECIDOS,Volcamiento,Imprudencia del conductor,48,FALLECIDO,MUJER,OTRO,,,,,,,,
2026-01-04 12:10:06,-4.019697,-79.184930,Calle Bolivar,CON_LESIONADOS,Atropellamiento,Estado de embriaguez,14,LESIONADO,NO_REGISTRA,MOTOCICLETA,,,,,,,,
2026-01-18 13:00:18,-3.983009,-79.183216,Ruta 35,CON_FALLECIDOS,Incendio,Mal estado de la via,81,FALLECIDO,HOMBRE,SCOOTER,63,FALLECIDO,HOMBRE,SCOOTER,,,,
2026-01-02 10:12:46,-4.006833,-79.215770,Calle Sucre,SOLO_DANOS,Choque Vehicular,Estado de embriaguez,,,,,,,,,,,,
2026-01-21 03:11:03,-3.999582,-79.191932,Av. Metropolitana,CON_LESIONADOS,Atropellamiento,Mal estado de la via,61,LESIONADO,HOMBRE,CICLISTA,41,LESIONADO,MUJER,MOTOCICLETA,46,LESIONADO,MUJER,OTRO
2026-01-01 11:55:16,-3.984155,-79.198672,Av. Manuel Agustin Aguirre,SOLO_DANOS,Atropellamiento,Distraccion (celular/radio),,,,,,,,,,,,
2026-01-15 12:40:23,-4.003083,-79.182492,Av. Metropolitana,SOLO_DANOS,Colision Multiple,Estado de embriaguez,,,,,,,,,,,,
2026-01-12 22:21:49,-4.006099,-79.190314,Av. Gran Colombia,CON_FALLECIDOS,Colision Multiple,Fatiga del conductor,36,FALLECIDO,NO_REGISTRA,VEH_LIVIANO,30,FALLECIDO,HOMBRE,CICLISTA,,,,
2026-01-18 15:49:00,-4.019829,-79.209689,Calle Sucre,CON_LESIONADOS,Volcamiento,Exceso de velocidad,61,LESIONADO,NO_REGISTRA,OTRO,,,,,,,,
2026-01-09 09:42:31,-4.033074,-79.172750,Ruta 35,SOLO_DANOS,Accidente Laboral,Distraccion (celular/radio),,,,,,,,,,,,
2026-01-16 14:50:16,-3.999400,-79.199998,Av. Reinaldo Espinosa,CON_FALLECIDOS,Colision Multiple,Falla mecanica,52,FALLECIDO,MUJER,MOTOCICLETA,47,FALLECIDO,HOMBRE,PEATON,72,LESIONADO,HOMBRE,SCOOTER
2026-01-03 03:16:43,-3.990856,-79.218853,Av. Universitaria,CON_FALLECIDOS,Accidente Laboral,Exceso de velocidad,51,FALLECIDO,NO_REGISTRA,VEH_LIVIANO,,,,,,,,
2026-01-17 11:27:07,-4.026223,-79.173181,Calle Miguel Riofrio,CON_FALLECIDOS,Atropellamiento,Equipo de seguridad deficiente,76,FALLECIDO,NO_REGISTRA,CICLISTA,14,LESIONADO,HOMBRE,SCOOTER,,,,
2026-01-15 07:26:32,-3.977724,-79.188522,Av. Universitaria,CON_FALLECIDOS,Incendio,Estado de embriaguez,42,FALLECIDO,NO_REGISTRA,MOTOCICLETA,38,FALLECIDO,HOMBRE,OTRO,76,LESIONADO,NO_REGISTRA,VEH_LIVIANO
2026-01-04 14:07:06,-3.985161,-79.202864,Av. Manuel Agustin Aguirre,SOLO_DANOS,Volcamiento,Mal estado de la via,,,,,,,,,,,,
2026-01-16 10:48:20,-3.997019,-79.226313,Av. Pio Jaramillo,CON_LESIONADOS,Incendio,Falla mecanica,52,LESIONADO,NO_REGISTRA,VEH_LIVIANO,13,LESIONADO,MUJER,VEH_LIVIANO,71,LESIONADO,NO_REGISTRA,CICLISTA
2026-01-12 14:54:54,-4.008617,-79.183552,Calle Saraguro,CON_FALLECIDOS,Choque Vehicular,Via resbaladiza o mojada,30,FALLECIDO,MUJER,PEATON,65,LESIONADO,MUJER,VEH_LIVIANO,60,LESIONADO,HOMBRE,OTRO
2026-01-16 17:31:28,-3.994436,-79.193257,Calle Quito,CON_LESIONADOS,Accidente Laboral,Imprudencia del conductor,15,LESIONADO,NO_REGISTRA,MOTOCICLETA,12,LESIONADO,NO_REGISTRA,OTRO,21,LESIONADO,HOMBRE,PEATON
2026-01-07 00:38:56,-3.977148,-79.185102,Av. Gran Colombia,CON_FALLECIDOS,Incendio,Imprudencia del conductor,57,FALLECIDO,HOMBRE,SCOOTER,,,,,,,,
2026-01-04 23:26:28,-3.984558,-79.193166,Calle Sucre,CON_LESIONADOS,Accidente Laboral,Mal estado de la via,53,LESIONADO,MUJER,VEH_LIVIANO,,,,,,,,
2026-01-23 13:45:07,-4.017613,-79.203440,Av. Isidro Ayora,SOLO_DANOS,Volcamiento,Mal estado de la via,53,LESIONADO,NO_REGISTRA,OTRO,,,,,,,,
2026-01-20 18:09:38,-4.033511,-79.216572,Calle Bolivar,SOLO_DANOS,Choque Vehicular,Estado de embriaguez,,,,,,,,,,,,
2026-01-15 05:06:21,-4.020237,-79.216588,Av. Isidro Ayora,CON_FALLECIDOS,Choque Vehicular,Imprudencia del conductor,41,FALLECIDO,HOMBRE,OTRO,54,LESIONADO,HOMBRE,VEH_LIVIANO,77,LESIONADO,HOMBRE,VEH_LIVIANO
2026-01-17 01:08:51,-4.030491,-79.172990,Av. Manuel Agustin Aguirre,CON_LESIONADOS,Volcamiento,Imprudencia del conductor,8,LESIONADO,NO_REGISTRA,SCOOTER,,,,,,,,
2026-01-07 19:54:18,-3.977567,-79.205879,Av. Universitaria,CON_LESIONADOS,Caida,Distraccion (celular/radio),54,LESIONADO,MUJER,MOTOCICLETA,,,,,,,,
2026-01-12 22:04:57,-4.022024,-79.213158,Calle Bolivar,CON_LESIONADOS,Volcamiento,Mal estado de la via,63,LESIONADO,NO_REGISTRA,CICLISTA,51,LESIONADO,HOMBRE,SCOOTER,,,,
2026-01-05 11:32:47,-4.022630,-79.176705,Via Loja - Zamora,CON_LESIONADOS,Caida,Estado de embriaguez,36,LESIONADO,HOMBRE,MOTOCICLETA,11,LESIONADO,MUJER,MOTOCICLETA,17,LESIONADO,MUJER,VEH_LIVIANO
2026-01-03 03:38:52,-4.032295,-79.199018,Calle Bolivar,CON_LESIONADOS,Colision Multiple,Mal estado de la via,46,LESIONADO,MUJER,SCOOTER,35,LESIONADO,MUJER,PEATON,,,,
2026-01-12 19:06:54,-4.027659,-79.197354,Ruta 35,CON_FALLECIDOS,Atropellamiento,Equipo de seguridad deficiente,53,FALLECIDO,MUJER,OTRO,66,FALLECIDO,NO_REGISTRA,CICLISTA,5,LESIONADO,NO_REGISTRA,CICLISTA
2026-01-21 13:09:12,-3.987933,-79.200998,Calle 18 de Noviembre,CON_LESIONADOS,Colision Multiple,Visibilidad reducida,60,LESIONADO,HOMBRE,OTRO,6,LESIONADO,NO_REGISTRA,CICLISTA,19,LESIONADO,NO_REGISTRA,OTRO
2026-01-08 14:09:06,-4.018245,-79.173058,Av. 8 de Diciembre,CON_FALLECIDOS,Accidente Laboral,Estado de embriaguez,55,FALLECIDO,NO_REGISTRA,OTRO,,,,,,,,
2026-01-18 15:49:55,-4.002774,-79.187877,Calle Colon,SOLO_DANOS,Incendio,Via resbaladiza o mojada,,,,,,,,,,,,
2026-01-07 02:58:10,-4.019066,-79.223423,Via Loja - Zamora,CON_LESIONADOS,Colision Multiple,Via resbaladiza o mojada,58,LESIONADO,MUJER,MOTOCICLETA,22,LESIONADO,NO_REGISTRA,SCOOTER,,,,
2026-01-16 17:24:17,-4.023278,-79.230505,Calle Mercadillo,SOLO_DANOS,Colision Multiple,Mal estado de la via,,,,,,,,,,,,
2026-01-15 13:35:58,-4.009960,-79.179434,Calle Mercadillo,SOLO_DANOS,Atropellamiento,Via resbaladiza o mojada,,,,,,,,,,,,
2026-01-20 14:29:25,-3.986616,-79.205478,Av. Metropolitana,SOLO_DANOS,Incendio,Falla mecanica,,,,,,,,,,,,
2026-01-13 01:51:00,-4.036440,-79.200581,Av. Manuel Agustin Aguirre,CON_FALLECIDOS,Colision Multiple,Equipo de seguridad deficiente,58,FALLECIDO,HOMBRE,SCOOTER,30,FALLECIDO,MUJER,OTRO,9,LESIONADO,HOMBRE,OTRO
2026-01-11 13:10:03,-4.029315,-79.216789,Av. Universitaria,SOLO_DANOS,Accidente Laboral,Factores externos,,,,,,,,,,,,
2026-01-10 09:42:05,-3.998969,-79.179053,Av. Universitaria,CON_LESIONADOS,Atropellamiento,Factores externos,25,LESIONADO,HOMBRE,VEH_LIVIANO,,,,,,,,
2026-01-15 13:02:03,-4.005559,-79.224974,Calle Colon,CON_LESIONADOS,Colision Multiple,Fatiga del conductor,44,LESIONADO,NO_REGISTRA,MOTOCICLETA,,,,,,,,
2026-01-13 07:32:30,-4.005079,-79.210192,Calle Saraguro,CON_FALLECIDOS,Incendio,Falla mecanica,42,FALLECIDO,NO_REGISTRA,VEH_LIVIANO,27,FALLECIDO,HOMBRE,VEH_LIVIANO,31,LESIONADO,HOMBRE,VEH_LIVIANO
2026-01-22 20:27:53,-3.999064,-79.209523,Av. Gran Colombia,CON_FALLECIDOS,Accidente Laboral,Distraccion (celular/radio),52,FALLECIDO,NO_REGISTRA,PEATON,25,FALLECIDO,NO_REGISTRA,SCOOTER,,,,
2026-01-11 20:11:06,-3.981993,-79.204011,Av. Orillas del Zamora,CON_FALLECIDOS,Volcamiento,Estado de embriaguez,54,FALLECIDO,MUJER,SCOOTER,75,FALLECIDO,NO_REGISTRA,MOTOCICLETA,,,,
2026-01-01 12:04:22,-4.004886,-79.174300,Calle Bolivar,CON_FALLECIDOS,Choque Vehicular,Estado de embriaguez,55,FALLECIDO,HOMBRE,PEATON,83,FALLECIDO,NO_REGISTRA,VEH_LIVIANO,,,,
2026-01-15 16:44:26,-3.982093,-79.214659,Via Loja - Catamayo,CON_LESIONADOS,Caida,Exceso de velocidad,27,LESIONADO,NO_REGISTRA,SCOOTER,53,LESIONADO,MUJER,MOTOCICLETA,,,,
2026-01-16 10:23:21,-4.019817,-79.198144,Av. Orillas del Zamora,CON_LESIONADOS,Choque Vehicular,Falla mecanica,44,LESIONADO,HOMBRE,MOTOCICLETA,,,,,,,,
2026-01-22 21:10:11,-4.000833,-79.201260,Av. Metropolitana,CON_LESIONADOS,Incendio,Visibilidad reducida,5,LESIONADO,MUJER,SCOOTER,71,LESIONADO,MUJER,MOTOCICLETA,45,LESIONADO,MUJER,OTRO
2026-01-08 00:15:18,-4.023078,-79.213237,Calle 10 de Agosto,SOLO_DANOS,Colision Multiple,Estado de embriaguez,,,,,,,,,,,,
2026-01-09 10:28:38,-3.977640,-79.194512,Via Loja - Zamora,SOLO_DANOS,Volcamiento,Falla mecanica,,,,,,,,,,,,
2026-01-13 10:46:58,-3.978690,-79.209112,Calle 18 de Noviembre,CON_FALLECIDOS,Colision Multiple,Mal estado de la via,45,FALLECIDO,MUJER,SCOOTER,32,LESIONADO,HOMBRE,VEH_LIVIANO,33,LESIONADO,HOMBRE,VEH_LIVIANO
2026-01-16 00:05:03,-3.979038,-79.185101,Calle 18 de Noviembre,SOLO_DANOS,Choque Vehicular,Falla mecanica,,,,,,,,,,,,
2026-01-20 15:02:56,-4.031395,-79.206021,Av. Isidro Ayora,CON_LESIONADOS,Volcamiento,Falla mecanica,70,LESIONADO,HOMBRE,MOTOCICLETA,54,LESIONADO,NO_REGISTRA,MOTOCICLETA,54,LESIONADO,NO_REGISTRA,CICLISTA
2026-01-09 20:21:53,-3.991539,-79.186846,Calle Montufar,SOLO_DANOS,Volcamiento,Mal estado de la via,,,,,,,,,,,,
2026-01-02 20:13:05,-3.992342,-79.226843,Calle 18 de Noviembre,CON_LESIONADOS,Volcamiento,Factores externos,79,LESIONADO,NO_REGISTRA,CICLISTA,,,,,,,,
2026-01-08 13:51:39,-3.990522,-79.221025,Calle 10 de Agosto,CON_FALLECIDOS,Accidente Laboral,Visibilidad reducida,20,FALLECIDO,HOMBRE,CICLISTA,78,LESIONADO,MUJER,MOTOCICLETA,,,,
2026-01-02 11:12:57,-4.026643,-79.218300,Ruta 35,CON_LESIONADOS,Choque Vehicular,Imprudencia del conductor,25,LESIONADO,NO_REGISTRA,MOTOCICLETA,,,,,,,,
2026-01-16 10:34:44,-3.994932,-79.225053,Av. Orillas del Zamora,SOLO_DANOS,Incendio,Exceso de velocidad,,,,,,,,,,,,