fecha_hora,latitud,longitud,via,grado_severidad,tipo_siniestro,causa_probable,victima1_edad,victima1_condicion,victima1_sexo,victima1_actor_vial,victima2_edad,victima2_condicion,victima2_sexo,victima2_actor_vial,victima3_edad,victima3_condicion,victima3_sexo,victima3_actor_vial
2026-01-14 17:41:47,-4.017551,-79.180196,Via Loja - Catamayo,CON_FALLECIDOS,Choque Vehicular,Distraccion (celular/radio),23,FALLECIDO,NO_REGISTRA,OTRO,21,FALLECIDO,MUJER,VEH_LIVIANO,23,LESIONADO,MUJER,MOTOCICLETA
2026-01-22 19:33:46,-4.021392,-79.220160,Av. Reinaldo Espinosa,CON_FALLECIDOS,Atropellamiento,Mal estado de la via,73,FALLECIDO,MUJER,VEH_LIVIANO,9,LESIONADO,MUJER,CICLISTA,37,LESIONADO,MUJER,SCOOTER
2026-01-20 11:22:25,-4.021587,-79.186318,Calle Bolivar,CON_FALLECIDOS,Caida,Estado de embriaguez,56,FALLECIDO,HOMBRE,PEATON,,,,,,,,
2026-01-20 11:31:53,-4.031284,-79.189791,Av. Rosa Hermosa,CON_LESIONADOS,Colision Multiple,Estado de embriaguez,35,LESIONADO,HOMBRE,PEATON,66,LESIONADO,HOMBRE,SCOOTER,,,,
2026-01-22 12:57:22,-4.016712,-79.220997,Av. 8 de Diciembre,CON_LESIONADOS,Volcamiento,Via resbaladiza o mojada,43,LESIONADO,HOMBRE,MOTOCICLETA,10,LESIONADO,MUJER,CICLISTA,,,,
2026-01-15 02:37:34,-4.036160,-79.189066,Av. Reinaldo Espinosa,CON_LESIONADOS,Atropellamiento,Estado de embriaguez,29,LESIONADO,MUJER,MOTOCICLETA,19,LESIONADO,HOMBRE,VEH_LIVIANO,,,,
2026-01-22 08:13:23,-4.003496,-79.180199,Calle 10 de Agosto,CON_LESIONADOS,Atropellamiento,Exceso de velocidad,52,LESIONADO,NO_REGISTRA,OTRO,17,LESIONADO,MUJER,SCOOTER,,,,
2026-01-05 07:49:14,-4.025635,-79.186130,Calle Colon,CON_LESIONADOS,Accidente Laboral,Distraccion (celular/radio),18,LESIONADO,NO_REGISTRA,SCOOTER,41,LESIONADO,NO_REGISTRA,CICLISTA,28,LESIONADO,MUJER,MOTOCICLETA
2026-01-21 16:02:17,-3.983475,-79.201289,Calle Sucre,SOLO_DANOS,Volcamiento,Inobservancia de senales,,,,,,,,,,,,
2026-01-17 14:58:13,-4.030567,-79.206641,Av. Orillas del Zamora,CON_FALLECIDOS,Caida,Imprudencia del conductor,59,FALLECIDO,MUJER,VEH_LIVIANO,75,FALLECIDO,NO_REGISTRA,VEH_LIVIANO,50,LESIONADO,MUJER,MOTOCICLETA
2026-01-20 18:06:50,-3.982399,-79.218946,Av. Metropolitana,CON_FALLECIDOS,Caida,Inobservancia de senales,45,FALLECIDO,MUJER,CICLISTA,28,FALLECIDO,NO_REGISTRA,SCOOTER,6,LESIONADO,MUJER,CICLISTA
2026-01-08 02:38:11,-4.012069,-79.225600,Calle 18 de Noviembre,SOLO_DANOS,Atropellamiento,Distraccion (celular/radio),,,,,,,,,,,,
2026-01-13 01:34:56,-3.991995,-79.222594,Av. Universitaria,CON_FALLECIDOS,Volcamiento,Factores externos,63,FALLECIDO,NO_REGISTRA,VEH_LIVIANO,34,LESIONADO,MUJER,MOTOCICLETA,,,,
2026-01-10 11:06:59,-3.983317,-79.197042,Calle Imbabura,CON_LESIONADOS,Accidente Laboral,Inobservancia de senales,25,LESIONADO,HOMBRE,VEH_LIVIANO,,,,,,,,
2026-01-02 18:25:44,-4.010365,-79.184219,Calle Mercadillo,CON_FALLECIDOS,Atropellamiento,Estado de embriaguez,49,FALLECIDO,MUJER,CICLISTA,66,FALLECIDO,NO_REGISTRA,OTRO,80,LESIONADO,MUJER,PEATON
2026-01-06 12:39:56,-4.032488,-79.227429,Av. Metropolitana,CON_LESIONADOS,Caida,Imprudencia del conductor,39,LESIONADO,HOMBRE,PEATON,,,,,,,,
2026-01-11 15:55:00,-4.011781,-79.215248,Calle Sucre,CON_FALLECIDOS,Incendio,Imprudencia del conductor,72,FALLECIDO,NO_REGISTRA,CICLISTA,71,LESIONADO,NO_REGISTRA,PEATON,74,LESIONADO,HOMBRE,PEATON
2026-01-10 01:59:54,-4.024249,-79.229524,Via Loja - Catamayo,CON_LESIONADOS,Choque Vehicular,Factores externos,32,LESIONADO,HOMBRE,PEATON,,,,,,,,
2026-01-13 10:57:33,-4.032178,-79.190081,Calle Mercadillo,CON_FALLECIDOS,Choque Vehicular,Equipo de seguridad deficiente,48,FALLECIDO,HOMBRE,PEATON,66,LESIONADO,MUJER,VEH_LIVIANO,22,LESIONADO,NO_REGISTRA,PEATON
2026-01-21 00:59:05,-4.023155,-79.202342,Via Loja - Catamayo,SOLO_DANOS,Atropellamiento,Falla mecanica,44,LESIONADO,NO_REGISTRA,MOTOCICLETA,,,,,,,,
2026-01-17 13:06:10,-3.996090,-79.219698,Av. Orillas del Zamora,SOLO_DANOS,Colision Multiple,Factores externos,,,,,,,,,,,,
2026-01-08 01:56:38,-3.987326,-79.217442,Av. Manuel Agustin Aguirre,CON_FALLECIDOS,Choque Vehicular,Distraccion (celular/radio),28,FALLECIDO,MUJER,MOTOCICLETA,43,FALLECIDO,MUJER,CICLISTA,47,LESIONADO,HOMBRE,OTRO
2026-01-11 08:35:17,-3.985824,-79.223656,Calle 18 de Noviembre,SOLO_DANOS,Caida,Estado de embriaguez,,,,,,,,,,,,
2026-01-12 19:49:29,-3.986735,-79.174980,Av. Isidro Ayora,SOLO_DANOS,Atropellamiento,Falla mecanica,,,,,,,,,,,,
2026-01-07 03:41:39,-4.010097,-79.221473,Calle Ramon Borrero,CON_LESIONADOS,Choque Vehicular,Equipo de seguridad deficiente,8,LESIONADO,MUJER,SCOOTER,,,,,,,,
2026-01-04 09:11:15,-4.022213,-79.217461,Calle Miguel Riofrio,SOLO_DANOS,Caida,Equipo de seguridad deficiente,,,,,,,,,,,,
2026-01-15 22:37:24,-3.984602,-79.182336,Av. Cuxibamba,CON_FALLECIDOS,Accidente Laboral,Falla mecanica,65,FALLECIDO,NO_REGISTRA,VEH_LIVIANO,62,FALLECIDO,NO_REGISTRA,CICLISTA,,,,
2026-01-07 21:31:25,-4.029797,-79.176359,Calle 18 de Noviembre,SOLO_DANOS,Choque Vehicular,Falla mecanica,,,,,,,,,,,,
2026-01-10 08:21:23,-4.034911,-79.187764,Calle Bolivar,SOLO_DANOS,Caida,Fatiga del conductor,,,,,,,,,,,,
2026-01-04 05:48:03,-4.019580,-79.227389,Calle Rocafuerte,SOLO_DANOS,Caida,Factores externos,,,,,,,,,,,,
2026-01-08 05:14:33,-4.024711,-79.205293,Av. Reinaldo Espinosa,CON_LESIONADOS,Atropellamiento,Imprudencia del conductor,51,LESIONADO,MUJER,VEH_LIVIANO,29,LESIONADO,HOMBRE,CICLISTA,27,LESIONADO,HOMBRE,MOTOCICLETA
2026-01-10 11:18:33,-3.979161,-79.186319,Av. Pio Jaramillo,CON_LESIONADOS,Colision Multiple,Distraccion (celular/radio),8,LESIONADO,HOMBRE,VEH_LIVIANO,27,LESIONADO,MUJER,CICLISTA,,,,
2026-01-23 07:38:04,-4.033378,-79.188329,Av. Rosa Hermosa,SOLO_DANOS,Choque Vehicular,Inobservancia de senales,,,,,,,,,,,,
2026-01-10 13:23:23,-3.993018,-79.197551,Calle Mercadillo,CON_LESIONADOS,Colision Multiple,Inobservancia de senales,12,LESIONADO,NO_REGISTRA,SCOOTER,54,LESIONADO,MUJER,PEATON,,,,
2026-01-03 03:44:33,-3.987144,-79.223211,Via Loja - Zamora,CON_LESIONADOS,Atropellamiento,Factores externos,26,LESIONADO,HOMBRE,OTRO,22,LESIONADO,NO_REGISTRA,VEH_LIVIANO,,,,
2026-01-21 18:18:08,-4.010926,-79.192530,Av. Reinaldo Espinosa,CON_FALLECIDOS,Colision Multiple,Mal estado de la via,61,FALLECIDO,HOMBRE,VEH_LIVIANO,46,LESIONADO,NO_REGISTRA,OTRO,23,LESIONADO,HOMBRE,SCOOTER
2026-01-20 06:01:53,-4.010965,-79.206983,Av. Gran Colombia,SOLO_DANOS,Atropellamiento,Imprudencia del conductor,,,,,,,,,,,,
2026-01-05 21:34:51,-4.028859,-79.204181,Calle 18 de Noviembre,CON_FALLECIDOS,Caida,Via resbaladiza o mojada,28,FALLECIDO,NO_REGISTRA,SCOOTER,85,FALLECIDO,MUJER,VEH_LIVIANO,,,,
2026-01-23 13:38:43,-3.988416,-79.186329,Calle Rocafuerte,CON_FALLECIDOS,Accidente Laboral,Fatiga del conductor,40,FALLECIDO,NO_REGISTRA,OTRO,76,LESIONADO,NO_REGISTRA,CICLISTA,,,,
2026-01-15 04:20:53,-3.979710,-79.211045,Calle Saraguro,SOLO_DANOS,Atropellamiento,Visibilidad reducida,,,,,,,,,,,,
2026-01-12 08:15:59,-4.004693,-79.206548,Calle Azogues,SOLO_DANOS,Choque Vehicular,Estado de embriaguez,23,LESIONADO,MUJER,MOTOCICLETA,,,,,,,,
2026-01-20 19:23:40,-4.029728,-79.206685,Av. Rosa Hermosa,CON_LESIONADOS,Choque Vehicular,Visibilidad reducida,9,LESIONADO,MUJER,SCOOTER,55,LESIONADO,HOMBRE,VEH_LIVIANO,,,,
2026-01-05 21:21:21,-3.981479,-79.219664,Av. Isidro Ayora,CON_FALLECIDOS,Caida,Inobservancia de senales,71,FALLECIDO,MUJER,SCOOTER,56,FALLECIDO,HOMBRE,MOTOCICLETA,,,,
2026-01-19 10:08:48,-4.003535,-79.222108,Calle Saraguro,SOLO_DANOS,Incendio,Mal estado de la via,,,,,,,,,,,,
2026-01-22 20:20:56,-4.033467,-79.185141,Calle 18 de Noviembre,CON_LESIONADOS,Volcamiento,Exceso de velocidad,79,LESIONADO,HOMBRE,OTRO,78,LESIONADO,NO_REGISTRA,OTRO,,,,
2026-01-09 16:04:12,-3.981577,-79.205628,Calle Miguel Riofrio,SOLO_DANOS,Colision Multiple,Visibilidad reducida,,,,,,,,,,,,
2026-01-12 05:10:34,-4.017131,-79.217108,Av. Pio Jaramillo,SOLO_DANOS,Accidente Laboral,Fatiga del conductor,,,,,,,,,,,,
2026-01-12 02:27:53,-3.986417,-79.180976,Calle Montufar,CON_FALLECIDOS,Volcamiento,Distraccion (celular/radio),30,FALLECIDO,HOMBRE,MOTOCICLETA,14,LESIONADO,HOMBRE,SCOOTER,58,LESIONADO,MUJER,CICLISTA
2026-01-21 04:01:26,-3.991914,-79.217388,Calle 18 de Noviembre,CON_FALLECIDOS,Colision Multiple,Equipo de seguridad deficiente,27,FALLECIDO,NO_REGISTRA,MOTOCICLETA,24,FALLECIDO,HOMBRE,MOTOCICLETA,9,LESIONADO,HOMBRE,MOTOCICLETA
2026-01-16 02:48:53,-4.019916,-79.194099,Via Loja - Catamayo,CON_FALLECIDOS,Atropellamiento,Falla mecanica,37,FALLECIDO,HOMBRE,VEH_LIVIANO,,,,,,,,
2026-01-06 12:10:27,-4.027053,-79.224180,Calle Quito,CON_LESIONADOS,Colision Multiple,Estado de embriaguez,39,LESIONADO,HOMBRE,MOTOCICLETA,54,LESIONADO,MUJER,OTRO,,,,
2026-01-09 12:49:48,-4.004649,-79.191590,Calle Sucre,SOLO_DANOS,Accidente Laboral,Factores externos,,,,,,,,,,,,
2026-01-09 12:10:50,-4.021526,-79.207911,Calle Quito,CON_LESIONADOS,Atropellamiento,Factores externos,64,LESIONADO,MUJER,MOTOCICLETA,75,LESIONADO,HOMBRE,VEH_LIVIANO,51,LESIONADO,HOMBRE,MOTOCICLETA
2026-01-17 17:16:04,-4.013569,-79.180736,Av. Metropolitana,CON_FALLECIDOS,Colision Multiple,Mal estado de la via,50,FALLECIDO,MUJER,SCOOTER,40,LESIONADO,HOMBRE,CICLISTA,,,,
2026-01-07 23:42:29,-3.983092,-79.187356,Av. Manuel Agustin Aguirre,CON_FALLECIDOS,Incendio,Exceso de velocidad,23,FALLECIDO,MUJER,SCOOTER,58,FALLECIDO,NO_REGISTRA,CICLISTA,36,LESIONADO,HOMBRE,PEATON
2026-01-01 13:45:07,-3.998487,-79.210131,Calle 10 de Agosto,CON_FALLECIDOS,Caida,Exceso de velocidad,56,FALLECIDO,NO_REGISTRA,SCOOTER,40,FALLECIDO,NO_REGISTRA,VEH_LIVIANO,,,,
2026-01-15 20:26:06,-4.031955,-79.199202,Calle Quito,SOLO_DANOS,Caida,Factores externos,,,,,,,,,,,,
2026-01-22 21:15:51,-4.015472,-79.204255,Calle Colon,CON_FALLECIDOS,Caida,Fatiga del conductor,83,FALLECIDO,MUJER,MOTOCICLETA,55,LESIONADO,NO_REGISTRA,SCOOTER,,,,
2026-01-07 07:59:46,-3.980418,-79.185981,Calle Ramon Borrero,CON_FALLECIDOS,Atropellamiento,Distraccion (celular/radio),57,FALLECIDO,NO_REGISTRA,SCOOTER,,,,,,,,
2026-01-06 01:09:12,-4.027671,-79.185788,Av. Metropolitana,SOLO_DANOS,Accidente Laboral,Via resbaladiza o mojada,,,,,,,,,,,,
2026-01-12 20:20:33,-3.978873,-79.172815,Av. 8 de Diciembre,CON_LESIONADOS,Choque Vehicular,Via resbaladiza o mojada,59,LESIONADO,NO_REGISTRA,OTRO,5,LESIONADO,MUJER,PEATON,75,LESIONADO,MUJER,VEH_LIVIANO
2026-01-16 16:41:29,-3.984052,-79.178462,Av. Orillas del Zamora,CON_LESIONADOS,Caida,Distraccion (celular/radio),53,LESIONADO,NO_REGISTRA,SCOOTER,70,LESIONADO,NO_REGISTRA,MOTOCICLETA,,,,
2026-01-15 22:04:50,-4.031354,-79.230475,Av. Universitaria,CON_LESIONADOS,Choque Vehicular,Exceso de velocidad,59,LESIONADO,HOMBRE,OTRO,57,LESIONADO,HOMBRE,OTRO,34,LESIONADO,HOMBRE,MOTOCICLETA
2026-01-08 07:37:29,-4.018881,-79.225711,Calle Miguel Riofrio,CON_LESIONADOS,Caida,Inobservancia de senales,21,LESIONADO,HOMBRE,CICLISTA,60,LESIONADO,HOMBRE,OTRO,26,LESIONADO,MUJER,VEH_LIVIANO
2026-01-06 06:39:07,-4.014798,-79.206812,Calle Quito,CON_FALLECIDOS,Incendio,Factores externos,45,FALLECIDO,HOMBRE,OTRO,,,,,,,,
2026-01-10 19:51:00,-3.977906,-79.224843,Calle Montufar,SOLO_DANOS,Accidente Laboral,Imprudencia del conductor,,,,,,,,,,,,
2026-01-10 22:31:30,-3.977272,-79.202754,Calle 18 de Noviembre,CON_FALLECIDOS,Incendio,Distraccion (celular/radio),84,FALLECIDO,MUJER,MOTOCICLETA,81,FALLECIDO,NO_REGISTRA,CICLISTA,,,,
2026-01-13 09:56:06,-3.989486,-79.180420,Calle Colon,CON_FALLECIDOS,Caida,Falla mecanica,37,FALLECIDO,NO_REGISTRA,MOTOCICLETA,79,FALLECIDO,MUJER,VEH_LIVIANO,,,,
2026-01-10 16:11:34,-4.035097,-79.195507,Av. Reinaldo Espinosa,SOLO_DANOS,Volcamiento,Distraccion (celular/radio),,,,,,,,,,,,
2026-01-06 10:19:05,-4.017995,-79.228116,Calle Quito,SOLO_DANOS,Atropellamiento,Falla mecanica,,,,,,,,,,,,
2026-01-19 05:33:53,-4.023141,-79.184767,Calle Sucre,CON_LESIONADOS,Choque Vehicular,Factores externos,58,LESIONADO,NO_REGISTRA,VEH_LIVIANO,,,,,,,,
2026-01-17 06:52:14,-3.987240,-79.193664,Ruta 35,SOLO_DANOS,Colision Multiple,Estado de embriaguez,,,,,,,,,,,,
2026-01-20 10:38:02,-3.997348,-79.197615,Calle Azogues,SOLO_DANOS,Accidente Laboral,Visibilidad reducida,,,,,,,,,,,,
2026-01-12 15:56:02,-4.007398,-79.197854,Av. Orillas del Zamora,CON_LESIONADOS,Caida,Estado de embriaguez,59,LESIONADO,NO_REGISTRA,PEATON,,,,,,,,
2026-01-11 22:08:03,-4.027960,-79.181665,Via Loja - Zamora,CON_LESIONADOS,Volcamiento,Distraccion (celular/radio),57,LESIONADO,NO_REGISTRA,CICLISTA,7,LESIONADO,MUJER,PEATON,40,LESIONADO,NO_REGISTRA,VEH_LIVIANO
2026-01-11 17:21:44,-4.012762,-79.199376,Av. Universitaria,CON_FALLECIDOS,Incendio,Equipo de seguridad deficiente,76,FALLECIDO,NO_REGISTRA,OTRO,40,FALLECIDO,MUJER,OTRO,69,LESIONADO,HOMBRE,CICLISTA
2026-01-12 05:18:40,-3.987732,-79.194872,Calle Mercadillo,SOLO_DANOS,Caida,Exceso de velocidad,,,,,,,,,,,,
2026-01-22 12:27:28,-3.994495,-79.202055,Calle Miguel Riofrio,SOLO_DANOS,Atropellamiento,Falla mecanica,,,,,,,,,,,,
2026-01-01 22:53:29,-3.981881,-79.182401,Av. Isidro Ayora,SOLO_DANOS,Caida,Mal estado de la via,,,,,,,,,,,,
2026-01-13 06:21:14,-4.032005,-79.223619,Ruta 35,CON_LESIONADOS,Colision Multiple,Falla mecanica,44,LESIONADO,MUJER,CICLISTA,70,LESIONADO,NO_REGISTRA,VEH_LIVIANO,,,,
2026-01-18 21:54:34,-3.999327,-79.206099,Calle Imbabura,CON_LESIONADOS,Volcamiento,Equipo de seguridad deficiente,45,LESIONADO,HOMBRE,OTRO,70,LESIONADO,MUJER,SCOOTER,35,LESIONADO,NO_REGISTRA,CICLISTA
2026-01-07 00:37:03,-4.002317,-79.177869,Calle Ramon Borrero,CON_LESIONADOS,Caida,Exceso de velocidad,22,LESIONADO,HOMBRE,PEATON,60,LESIONADO,HOMBRE,OTRO,52,LESIONADO,NO_REGISTRA,PEATON
2026-01-18 06:39:46,-3.985194,-79.219291,Av. Pio Jaramillo,CON_LESIONADOS,Incendio,Distraccion (celular/radio),24,LESIONADO,HOMBRE,SCOOTER,42,LESIONADO,NO_REGISTRA,PEATON,18,LESIONADO,HOMBRE,VEH_LIVIANO
2026-01-01 01:34:45,-4.036323,-79.185298,Av. Metropolitana,SOLO_DANOS,Incendio,Factores externos,,,,,,,,,,,,
2026-01-05 23:57:55,-4.009205,-79.212319,Calle Mercadillo,CON_LESIONADOS,Atropellamiento,Visibilidad reducida,57,LESIONADO,HOMBRE,VEH_LIVIANO,48,LESIONADO,MUJER,CICLISTA,72,LESIONADO,NO_REGISTRA,SCOOTER
2026-01-17 11:53:03,-4.021899,-79.230683,Calle Bolivar,CON_FALLECIDOS,Atropellamiento,Inobservancia de senales,81,FALLECIDO,MUJER,MOTOCICLETA,69,FALLECIDO,MUJER,VEH_LIVIANO,21,LESIONADO,NO_REGISTRA,CICLISTA
2026-01-02 00:02:08,-4.012027,-79.173769,Av. Metropolitana,CON_LESIONADOS,Volcamiento,Exceso de velocidad,56,LESIONADO,HOMBRE,VEH_LIVIANO,,,,,,,,
2026-01-22 16:00:30,-4.011468,-79.187344,Calle 10 de Agosto,SOLO_DANOS,Caida,Estado de embriaguez,,,,,,,,,,,,
2026-01-22 22:22:24,-4.029763,-79.214505,Calle Montufar,CON_LESIONADOS,Incendio,Equipo de seguridad deficiente,17,LESIONADO,MUJER,VEH_LIVIANO,79,LESIONADO,NO_REGISTRA,CICLISTA,,,,
2026-01-06 19:40:23,-3.995809,-79.199811,Calle Colon,SOLO_DANOS,Choque Vehicular,Estado de embriaguez,,,,,,,,,,,,
2026-01-15 07:10:40,-4.002213,-79.201748,Av. Universitaria,CON_LESIONADOS,Colision Multiple,Estado de embriaguez,53,LESIONADO,MUJER,SCOOTER,,,,,,,,
2026-01-22 16:27:01,-4.029072,-79.181538,Calle Colon,CON_LESIONADOS,Colision Multiple,Fatiga del conductor,20,LESIONADO,NO_REGISTRA,VEH_LIVIANO,,,,,,,,
2026-01-03 20:57:10,-3.985980,-79.184960,Via Loja - Zamora,SOLO_DANOS,Caida,Fatiga del conductor,,,,,,,,,,,,
2026-01-19 10:57:46,-3.999683,-79.222880,Av. Universitaria,CON_FALLECIDOS,Accidente Laboral,Mal estado de la via,38,FALLECIDO,HOMBRE,MOTOCICLETA,80,FALLECIDO,HOMBRE,CICLISTA,35,LESIONADO,HOMBRE,VEH_LIVIANO
2026-01-23 05:02:11,-4.028471,-79.182369,Calle Quito,CON_FALLECIDOS,Atropellamiento,Estado de embriaguez,56,FALLECIDO,NO_REGISTRA,PEATON,71,FALLECIDO,NO_REGISTRA,MOTOCICLETA,29,LESIONADO,MUJER,SCOOTER
2026-01-11 13:30:56,-3.986962,-79.176570,Via Loja - Catamayo,CON_LESIONADOS,Atropellamiento,Fatiga del conductor,18,LESIONADO,MUJER,CICLISTA,20,LESIONADO,NO_REGISTRA,VEH_LIVIANO,,,,
2026-01-06 18:32:36,-4.013726,-79.202117,Av. Manuel Agustin Aguirre,CON_LESIONADOS,Accidente Laboral,Estado de embriaguez,16,LESIONADO,NO_REGISTRA,SCOOTER,17,LESIONADO,HOMBRE,MOTOCICLETA,62,LESIONADO,NO_REGISTRA,CICLISTA
2026-01-11 06:24:07,-3.978635,-79.203290,Calle Sucre,CON_FALLECIDOS,Colision Multiple,Distraccion (celular/radio),80,FALLECIDO,MUJER,CICLISTA,7,LESIONADO,HOMBRE,SCOOTER,,,,
2026-01-09 20:37:23,-3.979956,-79.188272,Calle Colon,CON_FALLECIDOS,Choque Vehicular,Estado de embriaguez,63,FALLECIDO,NO_REGISTRA,CICLISTA,60,FALLECIDO,HOMBRE,SCOOTER,5,LESIONADO,HOMBRE,MOTOCICLETA
2026-01-08 02:18:37,-3.996448,-79.195635,Calle Imbabura,CON_LESIONADOS,Caida,Via resbaladiza o mojada,64,LESIONADO,HOMBRE,OTRO,,,,,,,,
2026-01-14 07:01:51,-3.982643,-79.198374,Via Loja - Zamora,CON_FALLECIDOS,Colision Multiple,Visibilidad reducida,23,FALLECIDO,HOMBRE,PEATON,69,LESIONADO,HOMBRE,OTRO,13,LESIONADO,NO_REGISTRA,CICLISTA
2026-01-07 12:49:57,-4.032987,-79.171620,Calle 10 de Agosto,CON_LESIONADOS,Choque Vehicular,Distraccion (celular/radio),7,LESIONADO,HOMBRE,PEATON,,,,,,,,
2026-01-05 20:05:24,-3.994075,-79.175077,Calle Sucre,SOLO_DANOS,Incendio,Estado de embriaguez,,,,,,,,,,,,
2026-01-09 20:55:23,-3.986615,-79.179946,Calle Sucre,CON_LESIONADOS,Atropellamiento,Mal estado de la via,24,LESIONADO,NO_REGISTRA,OTRO,40,LESIONADO,HOMBRE,OTRO,,,,
2026-01-22 11:04:18,-4.014809,-79.192038,Calle Sucre,SOLO_DANOS,Incendio,Falla mecanica,,,,,,,,,,,,
2026-01-14 09:16:00,-4.020720,-79.218401,Calle 18 de Noviembre,CON_LESIONADOS,Atropellamiento,Equipo de seguridad deficiente,61,LESIONADO,NO_REGISTRA,PEATON,39,LESIONADO,NO_REGISTRA,SCOOTER,59,LESIONADO,MUJER,CICLISTA
2026-01-13 23:53:02,-4.006384,-79.209822,Calle Sucre,CON_LESIONADOS,Volcamiento,Fatiga del conductor,21,LESIONADO,NO_REGISTRA,SCOOTER,48,LESIONADO,MUJER,OTRO,,,,
2026-01-15 12:35:29,-3.995987,-79.172597,Av. Cuxibamba,CON_LESIONADOS,Atropellamiento,Exceso de velocidad,44,LESIONADO,HOMBRE,MOTOCICLETA,66,LESIONADO,MUJER,MOTOCICLETA,,,,
2026-01-13 08:22:29,-3.989738,-79.184328,Av. Rosa Hermosa,CON_FALLECIDOS,Volcamiento,Equipo de seguridad deficiente,60,FALLECIDO,HOMBRE,MOTOCICLETA,26,FALLECIDO,HOMBRE,SCOOTER,9,LESIONADO,MUJER,MOTOCICLETA
2026-01-14 09:53:56,-3.990907,-79.216212,Av. Universitaria,CON_FALLECIDOS,Accidente Laboral,Factores externos,44,FALLECIDO,NO_REGISTRA,SCOOTER,47,FALLECIDO,HOMBRE,MOTOCICLETA,20,LESIONADO,NO_REGISTRA,VEH_LIVIANO
2026-01-03 05:41:35,-4.024088,-79.217254,Av. Universitaria,CON_LESIONADOS,Caida,Factores externos,5,LESIONADO,MUJER,MOTOCICLETA,48,LESIONADO,NO_REGISTRA,CICLISTA,55,LESIONADO,HOMBRE,VEH_LIVIANO
2026-01-03 13:10:30,-4.010568,-79.195053,Calle Colon,CON_FALLECIDOS,Caida,Visibilidad reducida,69,FALLECIDO,MUJER,CICLISTA,38,LESIONADO,HOMBRE,OTRO,44,LESIONADO,HOMBRE,CICLISTA
2026-01-20 21:51:49,-4.018769,-79.190519,Av. Reinaldo Espinosa,SOLO_DANOS,Caida,Equipo de seguridad deficiente,,,,,,,,,,,,
2026-01-14 09:58:21,-4.010055,-79.187298,Calle Rocafuerte,SOLO_DANOS,Atropellamiento,Imprudencia del conductor,,,,,,,,,,,,
2026-01-08 12:12:48,-4.017410,-79.191356,Calle Sucre,CON_LESIONADOS,Choque Vehicular,Exceso de velocidad,28,LESIONADO,NO_REGISTRA,VEH_LIVIANO,58,LESIONADO,HOMBRE,SCOOTER,38,LESIONADO,HOMBRE,VEH_LIVIANO
2026-01-06 17:54:05,-3.996827,-79.209414,Calle Rocafuerte,CON_FALLECIDOS,Incendio,Equipo de seguridad deficiente,77,FALLECIDO,HOMBRE,PEATON,,,,,,,,
2026-01-12 21:20:07,-4.018003,-79.207034,Av. Isidro Ayora,CON_LESIONADOS,Atropellamiento,Inobservancia de senales,41,LESIONADO,MUJER,SCOOTER,,,,,,,,
2026-01-07 20:32:38,-4.021726,-79.171800,Calle Imbabura,CON_FALLECIDOS,Caida,Via resbaladiza o mojada,51,FALLECIDO,HOMBRE,VEH_LIVIANO,35,FALLECIDO,MUJER,OTRO,,,,
2026-01-10 04:10:54,-3.981352,-79.218760,Calle Quito,CON_LESIONADOS,Caida,Factores externos,37,LESIONADO,NO_REGISTRA,MOTOCICLETA,15,LESIONADO,NO_REGISTRA,SCOOTER,,,,
2026-01-18 19:55:15,-4.028450,-79.178226,Av. Rosa Hermosa,CON_FALLECIDOS,Volcamiento,Exceso de velocidad,18,FALLECIDO,MUJER,VEH_LIVIANO,76,FALLECIDO,HOMBRE,PEATON,40,LESIONADO,MUJER,CICLISTA
2026-01-22 14:24:23,-3.983647,-79.219320,Av. Reinaldo Espinosa,CON_LESIONADOS,Atropellamiento,Estado de embriaguez,18,LESIONADO,HOMBRE,MOTOCICLETA,16,LESIONADO,NO_REGISTRA,MOTOCICLETA,,,,
2026-01-22 21:25:59,-4.018871,-79.225065,Av. Manuel Agustin Aguirre,CON_LESIONADOS,Volcamiento,Factores externos,33,LESIONADO,HOMBRE,OTRO,32,LESIONADO,MUJER,OTRO,80,LESIONADO,MUJER,PEATON
2026-01-11 18:04:22,-4.005048,-79.205755,Av. Orillas del Zamora,CON_FALLECIDOS,Atropellamiento,Estado de embriaguez,34,FALLECIDO,HOMBRE,VEH_LIVIANO,36,FALLECIDO,NO_REGISTRA,OTRO,71,LESIONADO,NO_REGISTRA,VEH_LIVIANO
2026-01-23 05:16:51,-4.020499,-79.197412,Av. Manuel Agustin Aguirre,CON_FALLECIDOS,Accidente Laboral,Visibilidad reducida,63,FALLECIDO,HOMBRE,VEH_LIVIANO,25,FALLECIDO,HOMBRE,PEATON,24,LESIONADO,MUJER,VEH_LIVIANO
2026-01-22 17:35:31,-4.027476,-79.222375,Av. Reinaldo Espinosa,CON_FALLECIDOS,Accidente Laboral,Distraccion (celular/radio),29,FALLECIDO,NO_REGISTRA,MOTOCICLETA,34,LESIONADO,NO_REGISTRA,PEATON,,,,
2026-01-13 15:55:14,-4.033023,-79.172524,Av. Manuel Agustin Aguirre,CON_FALLECIDOS,Volcamiento,Via resbaladiza o mojada,29,FALLECIDO,NO_REGISTRA,OTRO,74,LESIONADO,MUJER,SCOOTER,,,,
2026-01-11 15:13:55,-3.982569,-79.206670,Av. Rosa Hermosa,CON_LESIONADOS,Atropellamiento,Imprudencia del conductor,79,LESIONADO,MUJER,SCOOTER,,,,,,,,