fecha_hora,latitud,longitud,via,grado_severidad,tipo_siniestro,causa_probable,victima1_edad,victima1_condicion,victima1_sexo,victima1_actor_vial,victima2_edad,victima2_condicion,victima2_sexo,victima2_actor_vial,victima3_edad,victima3_condicion,victima3_sexo,victima3_actor_vial
2026-01-09 14:45:07,-4.001611,-79.186666,Av. 8 de Diciembre,SOLO_DANOS,Incendio,Imprudencia del conductor,,,,,,,,,,,,
2026-01-21 14:43:45,-4.033409,-79.204419,Ruta 35,CON_FALLECIDOS,Accidente Laboral,Estado de embriaguez,56,FALLECIDO,HOMBRE,PEATON,58,FALLECIDO,HOMBRE,VEH_LIVIANO,,,,
2026-01-16 01:51:45,-3.981535,-79.190423,Av. Rosa Hermosa,SOLO_DANOS,Volcamiento,Distraccion (celular/radio),,,,,,,,,,,,
2026-01-04 13:25:51,-4.035048,-79.184423,Av. Gran Colombia,SOLO_DANOS,Atropellamiento,Factores externos,,,,,,,,,,,,
2026-01-12 04:06:13,-4.025510,-79.176207,Calle Saraguro,CON_FALLECIDOS,Choque Vehicular,Factores externos,30,FALLECIDO,HOMBRE,VEH_LIVIANO,,,,,,,,
2026-01-13 04:15:54,-4.017942,-79.183508,Via Loja - Catamayo,CON_FALLECIDOS,Accidente Laboral,Falla mecanica,27,FALLECIDO,MUJER,MOTOCICLETA,53,FALLECIDO,NO_REGISTRA,CICLISTA,75,LESIONADO,NO_REGISTRA,PEATON
2026-01-11 10:49:45,-3.997746,-79.211872,Calle Ramon Borrero,SOLO_DANOS,Atropellamiento,Visibilidad reducida,55,LESIONADO,HOMBRE,OTRO,,,,,,,,
2026-01-06 05:32:20,-4.003983,-79.208727,Av. Isidro Ayora,CON_FALLECIDOS,Incendio,Equipo de seguridad deficiente,69,FALLECIDO,NO_REGISTRA,SCOOTER,52,LESIONADO,HOMBRE,MOTOCICLETA,65,LESIONADO,MUJER,SCOOTER
2026-01-19 20:18:55,-3.981443,-79.174118,Calle Ramon Borrero,CON_LESIONADOS,Choque Vehicular,Equipo de seguridad deficiente,50,LESIONADO,NO_REGISTRA,SCOOTER,,,,,,,,
2026-01-23 10:44:15,-4.021610,-79.210162,Calle Saraguro,CON_LESIONADOS,Atropellamiento,Falla mecanica,77,LESIONADO,HOMBRE,PEATON,54,LESIONADO,MUJER,MOTOCICLETA,,,,
2026-01-19 09:07:13,-4.009823,-79.195461,Calle Bolivar,CON_FALLECIDOS,Choque Vehicular,Equipo de seguridad deficiente,32,FALLECIDO,MUJER,SCOOTER,50,FALLECIDO,MUJER,MOTOCICLETA,31,LESIONADO,HOMBRE,SCOOTER
2026-01-01 14:31:07,-4.020795,-79.228258,Av. 8 de Diciembre,CON_FALLECIDOS,Caida,Inobservancia de senales,18,FALLECIDO,HOMBRE,SCOOTER,35,LESIONADO,MUJER,PEATON,26,LESIONADO,NO_REGISTRA,MOTOCICLETA
2026-01-18 04:43:22,-3.987721,-79.214895,Av. 8 de Diciembre,SOLO_DANOS,Choque Vehicular,Factores externos,,,,,,,,,,,,
2026-01-23 05:49:10,-4.017583,-79.215930,Via Loja - Zamora,CON_LESIONADOS,Atropellamiento,Via resbaladiza o mojada,10,LESIONADO,MUJER,PEATON,,,,,,,,
2026-01-06 21:29:10,-4.018456,-79.199135,Av. Cuxibamba,CON_FALLECIDOS,Volcamiento,Factores externos,60,FALLECIDO,HOMBRE,SCOOTER,,,,,,,,
2026-01-15 01:32:51,-3.994807,-79.185984,Calle Bolivar,CON_FALLECIDOS,Atropellamiento,Distraccion (celular/radio),55,FALLECIDO,MUJER,SCOOTER,23,LESIONADO,MUJER,PEATON,59,LESIONADO,MUJER,OTRO
2026-01-04 18:02:25,-4.018164,-79.209674,Av. Universitaria,SOLO_DANOS,Incendio,Equipo de seguridad deficiente,,,,,,,,,,,,
2026-01-12 04:35:10,-4.033212,-79.184783,Av. Reinaldo Espinosa,CON_FALLECIDOS,Choque Vehicular,Imprudencia del conductor,77,FALLECIDO,MUJER,SCOOTER,65,LESIONADO,NO_REGISTRA,SCOOTER,17,LESIONADO,HOMBRE,VEH_LIVIANO
2026-01-23 01:50:58,-4.011530,-79.192619,Ruta 35,CON_FALLECIDOS,Colision Multiple,Exceso de velocidad,77,FALLECIDO,MUJER,VEH_LIVIANO,57,FALLECIDO,NO_REGISTRA,PEATON,,,,
2026-01-10 15:23:21,-3.996333,-79.221449,Calle Sucre,CON_LESIONADOS,Incendio,Distraccion (celular/radio),12,LESIONADO,HOMBRE,VEH_LIVIANO,,,,,,,,
2026-01-13 15:08:21,-4.018452,-79.194751,Via Loja - Catamayo,CON_FALLECIDOS,Incendio,Via resbaladiza o mojada,19,FALLECIDO,HOMBRE,MOTOCICLETA,56,FALLECIDO,HOMBRE,VEH_LIVIANO,,,,
2026-01-02 18:45:16,-4.030081,-79.214515,Via Loja - Zamora,CON_LESIONADOS,Volcamiento,Estado de embriaguez,51,LESIONADO,HOMBRE,PEATON,17,LESIONADO,MUJER,SCOOTER,,,,
2026-01-12 21:38:10,-4.012495,-79.172924,Av. Reinaldo Espinosa,CON_FALLECIDOS,Atropellamiento,Imprudencia del conductor,73,FALLECIDO,MUJER,MOTOCICLETA,50,LESIONADO,NO_REGISTRA,PEATON,71,LESIONADO,NO_REGISTRA,MOTOCICLETA
2026-01-18 06:28:02,-3.983173,-79.197037,Via Loja - Zamora,CON_FALLECIDOS,Colision Multiple,Imprudencia del conductor,21,FALLECIDO,NO_REGISTRA,SCOOTER,18,FALLECIDO,NO_REGISTRA,OTRO,5,LESIONADO,HOMBRE,SCOOTER
2026-01-06 22:04:33,-3.995032,-79.188333,Calle Miguel Riofrio,CON_FALLECIDOS,Volcamiento,Distraccion (celular/radio),79,FALLECIDO,NO_REGISTRA,MOTOCICLETA,18,LESIONADO,NO_REGISTRA,CICLISTA,,,,
2026-01-01 22:54:54,-4.007434,-79.181083,Av. Manuel Agustin Aguirre,SOLO_DANOS,Volcamiento,Factores externos,,,,,,,,,,,,
2026-01-20 17:31:47,-4.023132,-79.206092,Calle Ramon Borrero,CON_LESIONADOS,Volcamiento,Falla mecanica,68,LESIONADO,MUJER,MOTOCICLETA,,,,,,,,
2026-01-04 20:53:21,-4.016217,-79.188803,Calle Montufar,CON_FALLECIDOS,Caida,Inobservancia de senales,31,FALLECIDO,HOMBRE,SCOOTER,42,FALLECIDO,HOMBRE,OTRO,42,LESIONADO,MUJER,SCOOTER
2026-01-06 01:43:47,-4.018297,-79.201315,Calle Montufar,CON_LESIONADOS,Volcamiento,Via resbaladiza o mojada,38,LESIONADO,NO_REGISTRA,MOTOCICLETA,47,LESIONADO,MUJER,VEH_LIVIANO,23,LESIONADO,NO_REGISTRA,PEATON
2026-01-09 06:47:40,-3.996588,-79.223303,Av. Gran Colombia,CON_FALLECIDOS,Colision Multiple,Factores externos,67,FALLECIDO,NO_REGISTRA,OTRO,54,LESIONADO,MUJER,CICLISTA,77,LESIONADO,NO_REGISTRA,PEATON
2026-01-14 21:54:28,-4.007844,-79.207445,Av. Manuel Agustin Aguirre,CON_FALLECIDOS,Colision Multiple,Visibilidad reducida,76,FALLECIDO,HOMBRE,MOTOCICLETA,69,FALLECIDO,NO_REGISTRA,MOTOCICLETA,57,LESIONADO,NO_REGISTRA,MOTOCICLETA
2026-01-08 19:43:32,-4.003516,-79.182385,Calle Ramon Borrero,SOLO_DANOS,Atropellamiento,Fatiga del conductor,,,,,,,,,,,,
2026-01-01 23:27:22,-4.035380,-79.189637,Calle Colon,CON_LESIONADOS,Caida,Via resbaladiza o mojada,39,LESIONADO,NO_REGISTRA,SCOOTER,25,LESIONADO,MUJER,PEATON,,,,
2026-01-21 07:06:15,-4.025982,-79.185958,Calle Azogues,CON_LESIONADOS,Choque Vehicular,Mal estado de la via,55,LESIONADO,MUJER,CICLISTA,36,LESIONADO,MUJER,PEATON,,,,
2026-01-07 12:33:11,-3.990672,-79.173819,Av. Orillas del Zamora,CON_FALLECIDOS,Incendio,Factores externos,66,FALLECIDO,MUJER,SCOOTER,,,,,,,,
2026-01-14 15:07:01,-4.017744,-79.185200,Calle Rocafuerte,CON_FALLECIDOS,Atropellamiento,Visibilidad reducida,76,FALLECIDO,MUJER,MOTOCICLETA,,,,,,,,
2026-01-03 04:06:33,-4.021652,-79.186135,Calle Saraguro,SOLO_DANOS,Choque Vehicular,Exceso de velocidad,,,,,,,,,,,,
2026-01-14 14:43:29,-4.008655,-79.194118,Av. Pio Jaramillo,SOLO_DANOS,Volcamiento,Visibilidad reducida,,,,,,,,,,,,
2026-01-15 15:27:45,-4.005627,-79.219292,Calle Bolivar,CON_LESIONADOS,Volcamiento,Fatiga del conductor,24,LESIONADO,NO_REGISTRA,OTRO,58,LESIONADO,HOMBRE,VEH_LIVIANO,,,,
2026-01-09 18:31:46,-3.977139,-79.190632,Calle Miguel Riofrio,CON_LESIONADOS,Accidente Laboral,Factores externos,37,LESIONADO,MUJER,OTRO,66,LESIONADO,NO_REGISTRA,SCOOTER,,,,
2026-01-17 04:59:44,-4.025790,-79.219988,Calle 10 de Agosto,CON_LESIONADOS,Colision Multiple,Estado de embriaguez,5,LESIONADO,NO_REGISTRA,VEH_LIVIANO,,,,,,,,
2026-01-14 10:51:43,-4.033656,-79.201014,Calle Sucre,CON_FALLECIDOS,Choque Vehicular,Distraccion (celular/radio),67,FALLECIDO,MUJER,CICLISTA,79,LESIONADO,NO_REGISTRA,OTRO,29,LESIONADO,NO_REGISTRA,VEH_LIVIANO
2026-01-18 21:38:43,-4.000374,-79.191699,Calle Imbabura,CON_LESIONADOS,Caida,Falla mecanica,53,LESIONADO,HOMBRE,PEATON,,,,,,,,
2026-01-23 03:14:24,-3.989790,-79.214153,Av. Isidro Ayora,SOLO_DANOS,Choque Vehicular,Equipo de seguridad deficiente,,,,,,,,,,,,
2026-01-18 03:37:57,-3.993922,-79.197184,Calle Azogues,SOLO_DANOS,Choque Vehicular,Exceso de velocidad,,,,,,,,,,,,
2026-01-09 06:06:55,-3.984606,-79.207344,Calle Rocafuerte,CON_LESIONADOS,Choque Vehicular,Estado de embriaguez,29,LESIONADO,MUJER,OTRO,30,LESIONADO,NO_REGISTRA,VEH_LIVIANO,34,LESIONADO,HOMBRE,MOTOCICLETA
2026-01-11 09:06:43,-4.017230,-79.178965,Calle Rocafuerte,CON_LESIONADOS,Incendio,Equipo de seguridad deficiente,49,LESIONADO,NO_REGISTRA,CICLISTA,44,LESIONADO,NO_REGISTRA,CICLISTA,,,,
2026-01-16 04:04:03,-3.998156,-79.223590,Calle Bolivar,SOLO_DANOS,Incendio,Inobservancia de senales,,,,,,,,,,,,
2026-01-07 05:48:19,-4.000703,-79.221992,Calle Sucre,SOLO_DANOS,Volcamiento,Equipo de seguridad deficiente,,,,,,,,,,,,
2026-01-21 20:22:54,-4.032729,-79.179818,Av. Gran Colombia,CON_LESIONADOS,Atropellamiento,Mal estado de la via,30,LESIONADO,MUJER,VEH_LIVIANO,,,,,,,,
2026-01-05 00:52:40,-4.029513,-79.182333,Ruta 35,SOLO_DANOS,Incendio,Via resbaladiza o mojada,,,,,,,,,,,,
2026-01-06 23:38:26,-4.023005,-79.207197,Calle Saraguro,SOLO_DANOS,Choque Vehicular,Fatiga del conductor,,,,,,,,,,,,
2026-01-14 13:54:54,-3.991932,-79.220257,Av. Manuel Agustin Aguirre,SOLO_DANOS,Caida,Visibilidad reducida,,,,,,,,,,,,
2026-01-10 09:33:24,-3.995756,-79.225601,Calle Quito,CON_LESIONADOS,Choque Vehicular,Mal estado de la via,18,LESIONADO,NO_REGISTRA,SCOOTER,67,LESIONADO,HOMBRE,MOTOCICLETA,60,LESIONADO,HOMBRE,VEH_LIVIANO
2026-01-23 06:49:27,-3.990134,-79.199038,Av. Isidro Ayora,CON_FALLECIDOS,Colision Multiple,Via resbaladiza o mojada,29,FALLECIDO,HOMBRE,SCOOTER,22,FALLECIDO,HOMBRE,MOTOCICLETA,27,LESIONADO,MUJER,VEH_LIVIANO
2026-01-16 23:13:08,-3.978657,-79.192414,Av. Orillas del Zamora,CON_LESIONADOS,Incendio,Via resbaladiza o mojada,61,LESIONADO,NO_REGISTRA,PEATON,28,LESIONADO,MUJER,OTRO,57,LESIONADO,HOMBRE,MOTOCICLETA
2026-01-05 07:38:59,-3.985818,-79.178687,Calle Colon,SOLO_DANOS,Choque Vehicular,Estado de embriaguez,,,,,,,,,,,,
2026-01-20 04:48:35,-3.983824,-79.184726,Calle Azogues,CON_FALLECIDOS,Caida,Estado de embriaguez,36,FALLECIDO,NO_REGISTRA,CICLISTA,30,LESIONADO,MUJER,CICLISTA,9,LESIONADO,MUJER,OTRO
2026-01-05 22:19:27,-3.984623,-79.223629,Calle Bolivar,CON_LESIONADOS,Accidente Laboral,Exceso de velocidad,40,LESIONADO,MUJER,SCOOTER,32,LESIONADO,NO_REGISTRA,CICLISTA,49,LESIONADO,MUJER,VEH_LIVIANO
2026-01-04 13:19:21,-4.028535,-79.187771,Calle Azogues,CON_LESIONADOS,Caida,Equipo de seguridad deficiente,46,LESIONADO,HOMBRE,VEH_LIVIANO,46,LESIONADO,HOMBRE,CICLISTA,48,LESIONADO,HOMBRE,SCOOTER
2026-01-03 09:18:14,-3.998218,-79.197402,Calle Ramon Borrero,SOLO_DANOS,Incendio,Exceso de velocidad,,,,,,,,,,,,
2026-01-19 22:57:15,-4.024281,-79.180583,Calle Quito,CON_FALLECIDOS,Accidente Laboral,Visibilidad reducida,81,FALLECIDO,HOMBRE,MOTOCICLETA,23,LESIONADO,NO_REGISTRA,OTRO,,,,
2026-01-12 08:51:37,-3.978500,-79.201178,Av. Gran Colombia,CON_FALLECIDOS,Caida,Distraccion (celular/radio),20,FALLECIDO,NO_REGISTRA,CICLISTA,8,LESIONADO,MUJER,SCOOTER,,,,
2026-01-14 03:58:13,-4.031881,-79.185647,Calle Saraguro,CON_LESIONADOS,Caida,Visibilidad reducida,72,LESIONADO,HOMBRE,PEATON,31,LESIONADO,MUJER,SCOOTER,,,,
2026-01-23 09:41:28,-4.008522,-79.200257,Calle 18 de Noviembre,CON_FALLECIDOS,Colision Multiple,Distraccion (celular/radio),21,FALLECIDO,HOMBRE,MOTOCICLETA,,,,,,,,
2026-01-09 19:56:55,-3.994759,-79.216371,Av. Reinaldo Espinosa,SOLO_DANOS,Atropellamiento,Falla mecanica,,,,,,,,,,,,
2026-01-22 15:57:48,-3.979166,-79.186690,Av. Universitaria,SOLO_DANOS,Caida,Imprudencia del conductor,,,,,,,,,,,,
2026-01-06 17:29:23,-4.013350,-79.180277,Calle Rocafuerte,CON_FALLECIDOS,Atropellamiento,Estado de embriaguez,60,FALLECIDO,MUJER,SCOOTER,59,FALLECIDO,MUJER,VEH_LIVIANO,21,LESIONADO,HOMBRE,CICLISTA
2026-01-04 22:22:06,-3.991970,-79.189432,Calle Miguel Riofrio,CON_LESIONADOS,Atropellamiento,Visibilidad reducida,28,LESIONADO,MUJER,SCOOTER,7,LESIONADO,NO_REGISTRA,SCOOTER,59,LESIONADO,NO_REGISTRA,MOTOCICLETA
2026-01-09 19:17:57,-3.998666,-79.217775,Calle 18 de Noviembre,CON_LESIONADOS,Caida,Visibilidad reducida,41,LESIONADO,MUJER,MOTOCICLETA,60,LESIONADO,HOMBRE,SCOOTER,,,,
2026-01-21 07:08:10,-3.991952,-79.201748,Av. Pio Jaramillo,CON_LESIONADOS,Incendio,Inobservancia de senales,34,LESIONADO,NO_REGISTRA,CICLISTA,,,,,,,,
2026-01-19 01:53:03,-4.000892,-79.205624,Av. Rosa Hermosa,CON_LESIONADOS,Colision Multiple,Equipo de seguridad deficiente,34,LESIONADO,HOMBRE,VEH_LIVIANO,,,,,,,,
2026-01-07 10:54:48,-3.995234,-79.174984,Calle Azogues,SOLO_DANOS,Colision Multiple,Exceso de velocidad,,,,,,,,,,,,
2026-01-19 13:00:29,-4.005655,-79.227831,Av. Orillas del Zamora,CON_FALLECIDOS,Incendio,Falla mecanica,36,FALLECIDO,NO_REGISTRA,PEATON,32,FALLECIDO,MUJER,PEATON,13,LESIONADO,NO_REGISTRA,VEH_LIVIANO
2026-01-06 05:33:23,-3.980321,-79.199815,Calle Quito,SOLO_DANOS,Atropellamiento,Via resbaladiza o mojada,,,,,,,,,,,,
2026-01-07 22:42:33,-4.001147,-79.195066,Av. 8 de Diciembre,CON_FALLECIDOS,Atropellamiento,Imprudencia del conductor,64,FALLECIDO,NO_REGISTRA,VEH_LIVIANO,69,FALLECIDO,HOMBRE,VEH_LIVIANO,20,LESIONADO,NO_REGISTRA,OTRO
2026-01-16 16:55:28,-4.003048,-79.222587,Av. Isidro Ayora,CON_LESIONADOS,Colision Multiple,Exceso de velocidad,76,LESIONADO,HOMBRE,VEH_LIVIANO,14,LESIONADO,MUJER,CICLISTA,72,LESIONADO,HOMBRE,CICLISTA
2026-01-18 23:42:05,-4.026593,-79.183522,Calle Imbabura,SOLO_DANOS,Choque Vehicular,Mal estado de la via,,,,,,,,,,,,
2026-01-13 07:20:58,-4.013534,-79.194943,Av. Orillas del Zamora,SOLO_DANOS,Incendio,Fatiga del conductor,35,LESIONADO,MUJER,MOTOCICLETA,,,,,,,,
2026-01-06 13:11:24,-3.977445,-79.215327,Av. Metropolitana,CON_LESIONADOS,Caida,Distraccion (celular/radio),35,LESIONADO,HOMBRE,SCOOTER,71,LESIONADO,MUJER,MOTOCICLETA,44,LESIONADO,HOMBRE,VEH_LIVIANO
2026-01-07 07:22:32,-4.028667,-79.187714,Av. Isidro Ayora,CON_LESIONADOS,Volcamiento,Mal estado de la via,67,LESIONADO,NO_REGISTRA,MOTOCICLETA,21,LESIONADO,MUJER,VEH_LIVIANO,54,LESIONADO,MUJER,PEATON
2026-01-21 17:28:42,-4.007320,-79.204985,Av. Orillas del Zamora,CON_FALLECIDOS,Atropellamiento,Inobservancia de senales,66,FALLECIDO,HOMBRE,MOTOCICLETA,14,LESIONADO,HOMBRE,MOTOCICLETA,,,,
2026-01-12 18:10:33,-4.008432,-79.187429,Av. 8 de Diciembre,CON_LESIONADOS,Volcamiento,Distraccion (celular/radio),46,LESIONADO,NO_REGISTRA,CICLISTA,45,LESIONADO,MUJER,OTRO,48,LESIONADO,HOMBRE,VEH_LIVIANO
2026-01-08 14:11:19,-4.035052,-79.202918,Av. Rosa Hermosa,CON_FALLECIDOS,Accidente Laboral,Falla mecanica,67,FALLECIDO,NO_REGISTRA,OTRO,52,LESIONADO,HOMBRE,CICLISTA,10,LESIONADO,HOMBRE,PEATON
2026-01-12 21:37:39,-3.999878,-79.184777,Calle Saraguro,SOLO_DANOS,Caida,Falla mecanica,,,,,,,,,,,,
2026-01-02 10:47:17,-4.034802,-79.207520,Calle 10 de Agosto,SOLO_DANOS,Accidente Laboral,Factores externos,,,,,,,,,,,,
2026-01-02 01:47:05,-4.005138,-79.178972,Av. Reinaldo Espinosa,SOLO_DANOS,Choque Vehicular,Distraccion (celular/radio),,,,,,,,,,,,
2026-01-18 05:02:12,-4.021296,-79.202479,Av. Reinaldo Espinosa,SOLO_DANOS,Incendio,Distraccion (celular/radio),,,,,,,,,,,,
2026-01-01 11:55:17,-3.990551,-79.207324,Av. Gran Colombia,CON_FALLECIDOS,Colision Multiple,Equipo de seguridad deficiente,27,FALLECIDO,MUJER,SCOOTER,33,FALLECIDO,MUJER,PEATON,7,LESIONADO,NO_REGISTRA,OTRO
2026-01-10 22:15:02,-4.008915,-79.190968,Av. Rosa Hermosa,CON_FALLECIDOS,Atropellamiento,Exceso de velocidad,37,FALLECIDO,HOMBRE,OTRO,19,FALLECIDO,NO_REGISTRA,VEH_LIVIANO,,,,
2026-01-17 14:20:40,-4.019623,-79.205600,Calle Bolivar,SOLO_DANOS,Choque Vehicular,Mal estado de la via,,,,,,,,,,,,
2026-01-18 20:37:45,-3.999844,-79.191387,Calle Colon,SOLO_DANOS,Atropellamiento,Fatiga del conductor,,,,,,,,,,,,
2026-01-19 13:42:31,-3.986610,-79.180758,Calle 18 de Noviembre,CON_LESIONADOS,Caida,Visibilidad reducida,57,LESIONADO,MUJER,CICLISTA,24,LESIONADO,NO_REGISTRA,OTRO,40,LESIONADO,HOMBRE,OTRO
2026-01-17 23:53:41,-3.992300,-79.218584,Via Loja - Zamora,SOLO_DANOS,Choque Vehicular,Factores externos,,,,,,,,,,,,
2026-01-01 14:18:15,-4.003153,-79.191967,Av. Gran Colombia,SOLO_DANOS,Accidente Laboral,Distraccion (celular/radio),,,,,,,,,,,,
2026-01-18 00:25:06,-4.005500,-79.203587,Av. Metropolitana,CON_FALLECIDOS,Caida,Estado de embriaguez,23,FALLECIDO,HOMBRE,SCOOTER,,,,,,,,
2026-01-21 18:05:46,-4.006639,-79.174711,Calle Montufar,SOLO_DANOS,Caida,Via resbaladiza o mojada,,,,,,,,,,,,
2026-01-19 18:58:27,-4.036067,-79.217689,Calle Rocafuerte,CON_LESIONADOS,Choque Vehicular,Factores externos,38,LESIONADO,NO_REGISTRA,SCOOTER,15,LESIONADO,HOMBRE,SCOOTER,27,LESIONADO,NO_REGISTRA,VEH_LIVIANO
2026-01-16 08:01:39,-4.029123,-79.189487,Calle Colon,CON_LESIONADOS,Volcamiento,Visibilidad reducida,69,LESIONADO,NO_REGISTRA,CICLISTA,,,,,,,,
2026-01-21 16:38:58,-4.006997,-79.173287,Calle Mercadillo,SOLO_DANOS,Accidente Laboral,Estado de embriaguez,,,,,,,,,,,,
2026-01-03 15:04:06,-4.022246,-79.190531,Av. Universitaria,CON_FALLECIDOS,Choque Vehicular,Distraccion (celular/radio),83,FALLECIDO,NO_REGISTRA,MOTOCICLETA,26,LESIONADO,NO_REGISTRA,CICLISTA,,,,
2026-01-01 01:23:00,-4.026912,-79.174294,Via Loja - Catamayo,CON_FALLECIDOS,Accidente Laboral,Visibilidad reducida,64,FALLECIDO,HOMBRE,SCOOTER,79,LESIONADO,HOMBRE,MOTOCICLETA,,,,
2026-01-16 02:25:19,-3.996916,-79.227557,Calle Saraguro,SOLO_DANOS,Volcamiento,Fatiga del conductor,,,,,,,,,,,,
2026-01-22 23:12:01,-4.034126,-79.195915,Av. Gran Colombia,SOLO_DANOS,Colision Multiple,Imprudencia del conductor,,,,,,,,,,,,
2026-01-19 02:11:29,-4.030959,-79.200808,Calle 10 de Agosto,CON_FALLECIDOS,Incendio,Mal estado de la via,43,FALLECIDO,NO_REGISTRA,SCOOTER,37,FALLECIDO,HOMBRE,SCOOTER,42,LESIONADO,MUJER,SCOOTER
2026-01-16 12:57:38,-4.019205,-79.177402,Ruta 35,CON_LESIONADOS,Colision Multiple,Falla mecanica,23,LESIONADO,MUJER,CICLISTA,23,LESIONADO,NO_REGISTRA,OTRO,65,LESIONADO,HOMBRE,VEH_LIVIANO
2026-01-03 18:48:26,-4.011856,-79.189374,Calle Azogues,SOLO_DANOS,Incendio,Fatiga del conductor,,,,,,,,,,,,
2026-01-07 13:58:19,-4.022548,-79.209644,Av. Pio Jaramillo,CON_FALLECIDOS,Caida,Exceso de velocidad,33,FALLECIDO,MUJER,VEH_LIVIANO,69,LESIONADO,MUJER,MOTOCICLETA,20,LESIONADO,HOMBRE,SCOOTER
2026-01-19 01:09:01,-4.001594,-79.218772,Calle Quito,CON_FALLECIDOS,Caida,Imprudencia del conductor,65,FALLECIDO,MUJER,PEATON,,,,,,,,
2026-01-12 23:02:54,-3.986131,-79.177095,Calle Saraguro,SOLO_DANOS,Incendio,Via resbaladiza o mojada,,,,,,,,,,,,
2026-01-02 07:45:55,-3.980623,-79.194606,Calle Saraguro,CON_LESIONADOS,Incendio,Falla mecanica,47,LESIONADO,HOMBRE,PEATON,21,LESIONADO,MUJER,CICLISTA,,,,
2026-01-07 05:55:24,-4.029743,-79.221313,Via Loja - Catamayo,CON_LESIONADOS,Incendio,Visibilidad reducida,5,LESIONADO,NO_REGISTRA,CICLISTA,78,LESIONADO,MUJER,MOTOCICLETA,,,,
2026-01-05 21:39:50,-4.003850,-79.224454,Av. Metropolitana,SOLO_DANOS,Colision Multiple,Exceso de velocidad,,,,,,,,,,,,
2026-01-13 15:12:29,-4.025832,-79.190598,Calle Montufar,CON_FALLECIDOS,Volcamiento,Distraccion (celular/radio),76,FALLECIDO,NO_REGISTRA,VEH_LIVIANO,33,FALLECIDO,HOMBRE,PEATON,77,LESIONADO,HOMBRE,MOTOCICLETA
2026-01-10 01:44:31,-3.981738,-79.201667,Ruta 35,CON_LESIONADOS,Caida,Equipo de seguridad deficiente,45,LESIONADO,HOMBRE,SCOOTER,,,,,,,,
2026-01-08 18:37:30,-4.029073,-79.224885,Calle Quito,CON_LESIONADOS,Caida,Inobservancia de senales,74,LESIONADO,NO_REGISTRA,PEATON,,,,,,,,
2026-01-10 15:10:34,-4.014349,-79.220882,Calle Mercadillo,CON_LESIONADOS,Incendio,Estado de embriaguez,34,LESIONADO,MUJER,PEATON,,,,,,,,
2026-01-08 23:31:47,-3.986770,-79.207297,Av. 8 de Diciembre,CON_LESIONADOS,Accidente Laboral,Factores externos,23,LESIONADO,NO_REGISTRA,VEH_LIVIANO,12,LESIONADO,HOMBRE,SCOOTER,25,LESIONADO,HOMBRE,MOTOCICLETA
2026-01-14 09:52:32,-4.018552,-79.203491,Av. Reinaldo Espinosa,SOLO_DANOS,Colision Multiple,Via resbaladiza o mojada,,,,,,,,,,,,
2026-01-09 01:38:38,-4.030322,-79.171040,Calle Quito,CON_FALLECIDOS,Incendio,Equipo de seguridad deficiente,28,FALLECIDO,HOMBRE,SCOOTER,48,LESIONADO,HOMBRE,OTRO,55,LESIONADO,HOMBRE,VEH_LIVIANO
2026-01-07 13:15:15,-4.012144,-79.176086,Av. Manuel Agustin Aguirre,CON_LESIONADOS,Incendio,Imprudencia del conductor,24,LESIONADO,MUJER,PEATON,27,LESIONADO,NO_REGISTRA,OTRO,38,LESIONADO,MUJER,MOTOCICLETA
2026-01-19 01:56:26,-4.004347,-79.228413,Av. Orillas del Zamora,SOLO_DANOS,Caida,Fatiga del conductor,,,,,,,,,,,,
2026-01-19 17:46:28,-4.003396,-79.222545,Av. Cuxibamba,CON_LESIONADOS,Accidente Laboral,Mal estado de la via,45,LESIONADO,MUJER,VEH_LIVIANO,,,,,,,,
2026-01-09 12:39:34,-4.015583,-79.185807,Calle Rocafuerte,CON_LESIONADOS,Caida,Exceso de velocidad,22,LESIONADO,MUJER,PEATON,35,LESIONADO,NO_REGISTRA,SCOOTER,10,LESIONADO,NO_REGISTRA,VEH_LIVIANO
2026-01-05 11:41:26,-3.986736,-79.210926,Calle 10 de Agosto,SOLO_DANOS,Caida,Imprudencia del conductor,26,LESIONADO,HOMBRE,OTRO,,,,,,,,
2026-01-07 07:34:47,-4.036913,-79.208508,Calle Colon,CON_LESIONADOS,Choque Vehicular,Imprudencia del conductor,20,LESIONADO,NO_REGISTRA,PEATON,,,,,,,,
2026-01-18 04:54:17,-3.998429,-79.203630,Av. Isidro Ayora,CON_LESIONADOS,Incendio,Exceso de velocidad,68,LESIONADO,NO_REGISTRA,VEH_LIVIANO,52,LESIONADO,NO_REGISTRA,CICLISTA,,,,
2026-01-08 03:19:26,-3.983592,-79.208029,Av. Orillas del Zamora,SOLO_DANOS,Caida,Mal estado de la via,,,,,,,,,,,,
2026-01-10 09:07:45,-3.988276,-79.173403,Calle 18 de Noviembre,SOLO_DANOS,Caida,Mal estado de la via,,,,,,,,,,,,
2026-01-20 20:54:55,-4.027798,-79.191915,Av. Pio Jaramillo,CON_FALLECIDOS,Incendio,Inobservancia de senales,50,FALLECIDO,NO_REGISTRA,MOTOCICLETA,9,LESIONADO,MUJER,OTRO,,,,
2026-01-21 00:38:38,-4.008223,-79.191502,Av. Metropolitana,SOLO_DANOS,Choque Vehicular,Factores externos,,,,,,,,,,,,