fecha_hora,latitud,longitud,via,grado_severidad,tipo_siniestro,causa_probable,victima1_edad,victima1_condicion,victima1_sexo,victima1_actor_vial,victima2_edad,victima2_condicion,victima2_sexo,victima2_actor_vial,victima3_edad,victima3_condicion,victima3_sexo,victima3_actor_vial
2026-01-11 22:25:53,-4.026590,-79.173902,Calle 18 de Noviembre,CON_LESIONADOS,Volcamiento,Mal estado de la via,42,LESIONADO,MUJER,CICLISTA,7,LESIONADO,HOMBRE,CICLISTA,,,,
2026-01-08 23:28:22,-4.022694,-79.228418,Av. Reinaldo Espinosa,CON_FALLECIDOS,Caida,Distraccion (celular/radio),62,FALLECIDO,HOMBRE,MOTOCICLETA,33,LESIONADO,NO_REGISTRA,VEH_LIVIANO,,,,
2026-01-12 17:15:32,-4.030363,-79.185219,Av. Manuel Agustin Aguirre,SOLO_DANOS,Incendio,Equipo de seguridad deficiente,,,,,,,,,,,,
2026-01-13 20:43:36,-4.007873,-79.179395,Calle Saraguro,SOLO_DANOS,Caida,Imprudencia del conductor,,,,,,,,,,,,
2026-01-02 03:20:48,-4.026883,-79.186344,Av. Gran Colombia,SOLO_DANOS,Incendio,Inobservancia de senales,,,,,,,,,,,,
2026-01-06 11:37:47,-4.025103,-79.213255,Av. Orillas del Zamora,SOLO_DANOS,Colision Multiple,Imprudencia del conductor,,,,,,,,,,,,
2026-01-07 11:08:18,-4.033877,-79.186738,Calle Sucre,SOLO_DANOS,Volcamiento,Inobservancia de senales,,,,,,,,,,,,
2026-01-22 02:05:31,-4.031024,-79.208736,Calle Miguel Riofrio,CON_FALLECIDOS,Colision Multiple,Falla mecanica,45,FALLECIDO,NO_REGISTRA,VEH_LIVIANO,48,FALLECIDO,MUJER,PEATON,21,LESIONADO,NO_REGISTRA,SCOOTER
2026-01-17 23:50:34,-4.001979,-79.174979,Calle Montufar,CON_LESIONADOS,Choque Vehicular,Factores externos,78,LESIONADO,HOMBRE,VEH_LIVIANO,,,,,,,,
2026-01-18 00:29:43,-3.989353,-79.218453,Av. Metropolitana,CON_FALLECIDOS,Choque Vehicular,Imprudencia del conductor,54,FALLECIDO,MUJER,SCOOTER,76,LESIONADO,HOMBRE,PEATON,71,LESIONADO,HOMBRE,PEATON
2026-01-22 11:02:52,-4.036093,-79.201864,Calle Colon,CON_FALLECIDOS,Atropellamiento,Visibilidad reducida,68,FALLECIDO,MUJER,SCOOTER,28,FALLECIDO,NO_REGISTRA,VEH_LIVIANO,69,LESIONADO,NO_REGISTRA,SCOOTER
2026-01-18 03:52:02,-3.978209,-79.206994,Av. Gran Colombia,CON_LESIONADOS,Atropellamiento,Falla mecanica,16,LESIONADO,HOMBRE,CICLISTA,74,LESIONADO,NO_REGISTRA,MOTOCICLETA,,,,
2026-01-12 01:39:11,-4.001157,-79.182625,Calle Bolivar,CON_LESIONADOS,Choque Vehicular,Imprudencia del conductor,41,LESIONADO,MUJER,CICLISTA,,,,,,,,
2026-01-10 02:01:57,-3.994193,-79.225836,Av. 8 de Diciembre,CON_FALLECIDOS,Colision Multiple,Via resbaladiza o mojada,40,FALLECIDO,NO_REGISTRA,SCOOTER,,,,,,,,
2026-01-06 14:27:49,-3.978554,-79.179420,Calle Ramon Borrero,CON_LESIONADOS,Colision Multiple,Distraccion (celular/radio),41,LESIONADO,MUJER,MOTOCICLETA,,,,,,,,
2026-01-10 16:49:21,-3.996823,-79.218646,Calle 10 de Agosto,SOLO_DANOS,Volcamiento,Equipo de seguridad deficiente,,,,,,,,,,,,
2026-01-06 23:53:02,-3.982688,-79.217913,Av. 8 de Diciembre,SOLO_DANOS,Accidente Laboral,Mal estado de la via,,,,,,,,,,,,
2026-01-13 00:04:48,-3.991607,-79.225846,Via Loja - Catamayo,CON_FALLECIDOS,Caida,Imprudencia del conductor,61,FALLECIDO,HOMBRE,VEH_LIVIANO,41,FALLECIDO,HOMBRE,OTRO,78,LESIONADO,NO_REGISTRA,CICLISTA
2026-01-03 11:30:33,-4.007890,-79.224214,Calle Bolivar,CON_LESIONADOS,Accidente Laboral,Distraccion (celular/radio),65,LESIONADO,HOMBRE,MOTOCICLETA,,,,,,,,
2026-01-05 03:39:12,-3.997876,-79.198794,Av. Gran Colombia,CON_LESIONADOS,Accidente Laboral,Via resbaladiza o mojada,33,LESIONADO,HOMBRE,MOTOCICLETA,74,LESIONADO,MUJER,SCOOTER,16,LESIONADO,NO_REGISTRA,PEATON
2026-01-18 02:54:36,-3.977026,-79.207762,Calle Mercadillo,CON_FALLECIDOS,Caida,Via resbaladiza o mojada,69,FALLECIDO,MUJER,MOTOCICLETA,59,FALLECIDO,HOMBRE,MOTOCICLETA,,,,
2026-01-03 19:42:59,-3.988034,-79.206502,Av. Cuxibamba,CON_FALLECIDOS,Atropellamiento,Via resbaladiza o mojada,50,FALLECIDO,MUJER,CICLISTA,45,FALLECIDO,HOMBRE,SCOOTER,50,LESIONADO,NO_REGISTRA,CICLISTA
2026-01-09 18:18:15,-4.020098,-79.182237,Calle Mercadillo,SOLO_DANOS,Choque Vehicular,Distraccion (celular/radio),,,,,,,,,,,,
2026-01-18 14:47:53,-4.007178,-79.224959,Av. Orillas del Zamora,CON_FALLECIDOS,Colision Multiple,Via resbaladiza o mojada,71,FALLECIDO,MUJER,OTRO,42,FALLECIDO,HOMBRE,SCOOTER,40,LESIONADO,NO_REGISTRA,VEH_LIVIANO
2026-01-19 14:39:00,-4.034213,-79.182035,Av. Reinaldo Espinosa,CON_FALLECIDOS,Volcamiento,Inobservancia de senales,27,FALLECIDO,MUJER,OTRO,50,FALLECIDO,HOMBRE,SCOOTER,7,LESIONADO,NO_REGISTRA,MOTOCICLETA
2026-01-21 19:27:03,-4.035951,-79.176223,Calle Quito,SOLO_DANOS,Incendio,Falla mecanica,,,,,,,,,,,,
2026-01-15 20:10:40,-4.024125,-79.220064,Calle Bolivar,CON_LESIONADOS,Colision Multiple,Exceso de velocidad,8,LESIONADO,MUJER,CICLISTA,55,LESIONADO,MUJER,CICLISTA,,,,
2026-01-17 12:15:21,-4.010120,-79.178010,Calle Rocafuerte,CON_FALLECIDOS,Colision Multiple,Via resbaladiza o mojada,68,FALLECIDO,HOMBRE,SCOOTER,56,FALLECIDO,MUJER,SCOOTER,75,LESIONADO,HOMBRE,VEH_LIVIANO
2026-01-08 20:16:46,-4.000612,-79.219421,Av. Isidro Ayora,CON_FALLECIDOS,Choque Vehicular,Visibilidad reducida,49,FALLECIDO,HOMBRE,MOTOCICLETA,55,LESIONADO,MUJER,PEATON,7,LESIONADO,HOMBRE,MOTOCICLETA
2026-01-05 19:41:46,-4.004753,-79.179068,Calle Imbabura,CON_FALLECIDOS,Volcamiento,Exceso de velocidad,24,FALLECIDO,MUJER,PEATON,66,FALLECIDO,MUJER,MOTOCICLETA,75,LESIONADO,MUJER,CICLISTA
2026-01-10 21:11:24,-3.983394,-79.183474,Ruta 35,SOLO_DANOS,Colision Multiple,Estado de embriaguez,,,,,,,,,,,,
2026-01-22 07:05:38,-4.035265,-79.192958,Av. Isidro Ayora,CON_LESIONADOS,Caida,Equipo de seguridad deficiente,25,LESIONADO,HOMBRE,MOTOCICLETA,43,LESIONADO,NO_REGISTRA,MOTOCICLETA,43,LESIONADO,MUJER,SCOOTER
2026-01-14 03:48:13,-4.005908,-79.174101,Calle Azogues,CON_LESIONADOS,Atropellamiento,Exceso de velocidad,39,LESIONADO,MUJER,CICLISTA,40,LESIONADO,NO_REGISTRA,VEH_LIVIANO,6,LESIONADO,MUJER,SCOOTER
2026-01-20 12:24:20,-4.007567,-79.219965,Calle Azogues,SOLO_DANOS,Atropellamiento,Via resbaladiza o mojada,,,,,,,,,,,,
2026-01-20 20:19:47,-4.022392,-79.205179,Av. Gran Colombia,SOLO_DANOS,Incendio,Via resbaladiza o mojada,,,,,,,,,,,,
2026-01-06 22:02:38,-4.030270,-79.228272,Via Loja - Catamayo,CON_FALLECIDOS,Atropellamiento,Mal estado de la via,49,FALLECIDO,MUJER,SCOOTER,28,LESIONADO,NO_REGISTRA,SCOOTER,28,LESIONADO,HOMBRE,PEATON
2026-01-20 11:17:16,-3.996104,-79.203960,Calle Sucre,CON_LESIONADOS,Caida,Imprudencia del conductor,75,LESIONADO,NO_REGISTRA,MOTOCICLETA,,,,,,,,
2026-01-20 13:40:49,-3.994624,-79.214908,Calle Mercadillo,CON_FALLECIDOS,Caida,Visibilidad reducida,82,FALLECIDO,HOMBRE,MOTOCICLETA,57,FALLECIDO,NO_REGISTRA,PEATON,,,,
2026-01-17 15:37:11,-3.980812,-79.192681,Av. Reinaldo Espinosa,CON_FALLECIDOS,Caida,Via resbaladiza o mojada,64,FALLECIDO,HOMBRE,MOTOCICLETA,41,FALLECIDO,MUJER,OTRO,61,LESIONADO,NO_REGISTRA,VEH_LIVIANO
2026-01-05 05:35:46,-4.019558,-79.224288,Calle Mercadillo,SOLO_DANOS,Colision Multiple,Imprudencia del conductor,,,,,,,,,,,,
2026-01-15 15:10:13,-3.982271,-79.213571,Calle Azogues,CON_LESIONADOS,Choque Vehicular,Visibilidad reducida,42,LESIONADO,HOMBRE,PEATON,34,LESIONADO,NO_REGISTRA,OTRO,,,,
2026-01-21 20:36:32,-4.032162,-79.227296,Calle Mercadillo,CON_FALLECIDOS,Accidente Laboral,Exceso de velocidad,46,FALLECIDO,MUJER,MOTOCICLETA,18,LESIONADO,MUJER,PEATON,5,LESIONADO,NO_REGISTRA,PEATON
2026-01-12 06:14:52,-4.028797,-79.226596,Av. Manuel Agustin Aguirre,CON_LESIONADOS,Volcamiento,Equipo de seguridad deficiente,12,LESIONADO,HOMBRE,CICLISTA,,,,,,,,
2026-01-10 13:27:02,-4.004782,-79.203889,Calle Azogues,SOLO_DANOS,Caida,Estado de embriaguez,,,,,,,,,,,,
2026-01-18 04:14:38,-4.030873,-79.171620,Calle Colon,CON_LESIONADOS,Incendio,Exceso de velocidad,50,LESIONADO,MUJER,SCOOTER,,,,,,,,
2026-01-12 09:20:28,-4.014952,-79.221861,Calle Miguel Riofrio,CON_LESIONADOS,Atropellamiento,Imprudencia del conductor,34,LESIONADO,MUJER,PEATON,62,LESIONADO,NO_REGISTRA,OTRO,,,,
2026-01-14 14:14:29,-4.030144,-79.190079,Calle Azogues,CON_LESIONADOS,Atropellamiento,Inobservancia de senales,16,LESIONADO,NO_REGISTRA,PEATON,,,,,,,,
2026-01-21 23:53:35,-3.980688,-79.189042,Via Loja - Zamora,CON_FALLECIDOS,Colision Multiple,Imprudencia del conductor,82,FALLECIDO,NO_REGISTRA,PEATON,27,FALLECIDO,MUJER,VEH_LIVIANO,54,LESIONADO,NO_REGISTRA,VEH_LIVIANO
2026-01-04 14:42:57,-3.992243,-79.194561,Av. Rosa Hermosa,SOLO_DANOS,Accidente Laboral,Fatiga del conductor,,,,,,,,,,,,
2026-01-11 07:43:42,-4.000563,-79.216696,Calle Ramon Borrero,SOLO_DANOS,Atropellamiento,Distraccion (celular/radio),,,,,,,,,,,,
2026-01-09 04:50:38,-4.000691,-79.221236,Av. Reinaldo Espinosa,SOLO_DANOS,Atropellamiento,Equipo de seguridad deficiente,39,LESIONADO,NO_REGISTRA,OTRO,,,,,,,,
2026-01-22 08:10:34,-3.986352,-79.171878,Av. Metropolitana,SOLO_DANOS,Choque Vehicular,Distraccion (celular/radio),,,,,,,,,,,,
2026-01-08 16:50:47,-4.031074,-79.190211,Calle 10 de Agosto,CON_FALLECIDOS,Accidente Laboral,Exceso de velocidad,52,FALLECIDO,HOMBRE,CICLISTA,29,LESIONADO,MUJER,PEATON,,,,
2026-01-19 05:36:23,-3.992089,-79.189881,Calle Ramon Borrero,SOLO_DANOS,Choque Vehicular,Factores externos,,,,,,,,,,,,
2026-01-03 22:39:53,-3.985546,-79.201984,Av. Manuel Agustin Aguirre,CON_LESIONADOS,Incendio,Exceso de velocidad,62,LESIONADO,NO_REGISTRA,MOTOCICLETA,24,LESIONADO,MUJER,PEATON,,,,
2026-01-21 00:14:34,-3.986601,-79.203736,Calle Quito,CON_FALLECIDOS,Colision Multiple,Estado de embriaguez,37,FALLECIDO,NO_REGISTRA,MOTOCICLETA,65,FALLECIDO,HOMBRE,CICLISTA,27,LESIONADO,MUJER,OTRO
2026-01-21 08:04:35,-4.008414,-79.176769,Calle Ramon Borrero,CON_FALLECIDOS,Colision Multiple,Exceso de velocidad,32,FALLECIDO,MUJER,CICLISTA,74,LESIONADO,NO_REGISTRA,VEH_LIVIANO,69,LESIONADO,HOMBRE,MOTOCICLETA
2026-01-05 07:38:00,-4.016278,-79.179051,Calle Mercadillo,SOLO_DANOS,Caida,Falla mecanica,,,,,,,,,,,,
2026-01-11 21:13:56,-4.001553,-79.204484,Calle 18 de Noviembre,CON_FALLECIDOS,Incendio,Mal estado de la via,52,FALLECIDO,HOMBRE,MOTOCICLETA,32,LESIONADO,NO_REGISTRA,OTRO,69,LESIONADO,HOMBRE,PEATON
2026-01-04 17:23:22,-4.010462,-79.208128,Av. Manuel Agustin Aguirre,SOLO_DANOS,Colision Multiple,Distraccion (celular/radio),,,,,,,,,,,,
2026-01-04 22:22:33,-3.990642,-79.194631,Ruta 35,SOLO_DANOS,Volcamiento,Exceso de velocidad,,,,,,,,,,,,
2026-01-16 03:46:52,-4.020356,-79.200823,Calle 18 de Noviembre,SOLO_DANOS,Volcamiento,Exceso de velocidad,43,LESIONADO,MUJER,VEH_LIVIANO,,,,,,,,
2026-01-06 02:14:00,-3.985049,-79.186251,Av. Rosa Hermosa,CON_LESIONADOS,Caida,Factores externos,31,LESIONADO,NO_REGISTRA,CICLISTA,42,LESIONADO,MUJER,PEATON,,,,
2026-01-18 01:50:22,-4.035430,-79.193425,Av. Rosa Hermosa,SOLO_DANOS,Atropellamiento,Factores externos,,,,,,,,,,,,
2026-01-20 00:37:45,-3.990733,-79.174213,Ruta 35,CON_FALLECIDOS,Colision Multiple,Distraccion (celular/radio),44,FALLECIDO,MUJER,SCOOTER,79,LESIONADO,NO_REGISTRA,OTRO,42,LESIONADO,MUJER,OTRO
2026-01-12 06:02:42,-3.982959,-79.199051,Av. Metropolitana,CON_LESIONADOS,Accidente Laboral,Estado de embriaguez,50,LESIONADO,HOMBRE,CICLISTA,53,LESIONADO,MUJER,SCOOTER,40,LESIONADO,HOMBRE,VEH_LIVIANO
2026-01-16 07:12:11,-4.036515,-79.207908,Av. Pio Jaramillo,SOLO_DANOS,Incendio,Mal estado de la via,,,,,,,,,,,,
2026-01-13 14:58:45,-4.011105,-79.193863,Calle Sucre,CON_LESIONADOS,Choque Vehicular,Fatiga del conductor,5,LESIONADO,HOMBRE,OTRO,,,,,,,,
2026-01-05 20:50:39,-3.989079,-79.195964,Calle 10 de Agosto,CON_LESIONADOS,Choque Vehicular,Imprudencia del conductor,10,LESIONADO,MUJER,MOTOCICLETA,53,LESIONADO,NO_REGISTRA,PEATON,11,LESIONADO,MUJER,CICLISTA
2026-01-01 22:01:46,-3.981860,-79.171138,Calle Miguel Riofrio,CON_LESIONADOS,Choque Vehicular,Equipo de seguridad deficiente,78,LESIONADO,HOMBRE,SCOOTER,,,,,,,,
2026-01-14 12:41:03,-4.030332,-79.199643,Av. Universitaria,CON_LESIONADOS,Atropellamiento,Inobservancia de senales,21,LESIONADO,NO_REGISTRA,SCOOTER,,,,,,,,
2026-01-05 10:03:30,-4.019007,-79.221388,Calle Quito,CON_FALLECIDOS,Incendio,Fatiga del conductor,51,FALLECIDO,MUJER,PEATON,68,FALLECIDO,NO_REGISTRA,CICLISTA,,,,
2026-01-14 08:02:50,-4.010191,-79.216671,Av. Pio Jaramillo,CON_FALLECIDOS,Colision Multiple,Via resbaladiza o mojada,44,FALLECIDO,MUJER,VEH_LIVIANO,,,,,,,,
2026-01-02 00:27:11,-3.985742,-79.200126,Av. Universitaria,CON_LESIONADOS,Choque Vehicular,Estado de embriaguez,49,LESIONADO,NO_REGISTRA,OTRO,,,,,,,,
2026-01-22 19:53:45,-3.998566,-79.229198,Calle Sucre,CON_LESIONADOS,Choque Vehicular,Equipo de seguridad deficiente,60,LESIONADO,HOMBRE,VEH_LIVIANO,23,LESIONADO,MUJER,MOTOCICLETA,,,,
2026-01-08 11:53:02,-3.990491,-79.214925,Calle Quito,SOLO_DANOS,Atropellamiento,Visibilidad reducida,,,,,,,,,,,,
2026-01-14 04:49:41,-3.998954,-79.175501,Calle Mercadillo,CON_LESIONADOS,Atropellamiento,Exceso de velocidad,26,LESIONADO,HOMBRE,SCOOTER,,,,,,,,
2026-01-10 10:38:24,-4.009717,-79.204365,Av. Gran Colombia,CON_LESIONADOS,Atropellamiento,Estado de embriaguez,57,LESIONADO,MUJER,VEH_LIVIANO,15,LESIONADO,HOMBRE,OTRO,,,,
2026-01-18 17:07:38,-4.033084,-79.213637,Calle 10 de Agosto,CON_FALLECIDOS,Volcamiento,Visibilidad reducida,51,FALLECIDO,NO_REGISTRA,VEH_LIVIANO,28,LESIONADO,MUJER,PEATON,,,,
2026-01-19 00:20:06,-3.981763,-79.184867,Av. Rosa Hermosa,CON_LESIONADOS,Colision Multiple,Falla mecanica,34,LESIONADO,HOMBRE,SCOOTER,,,,,,,,
2026-01-05 08:55:00,-4.008344,-79.184265,Calle Azogues,CON_LESIONADOS,Volcamiento,Imprudencia del conductor,52,LESIONADO,HOMBRE,MOTOCICLETA,77,LESIONADO,MUJER,PEATON,24,LESIONADO,HOMBRE,VEH_LIVIANO
2026-01-19 16:47:11,-4.011226,-79.230431,Calle Montufar,CON_LESIONADOS,Volcamiento,Distraccion (celular/radio),32,LESIONADO,MUJER,SCOOTER,21,LESIONADO,MUJER,OTRO,8,LESIONADO,HOMBRE,MOTOCICLETA
2026-01-02 05:35:15,-3.988842,-79.217970,Av. Universitaria,CON_LESIONADOS,Colision Multiple,Equipo de seguridad deficiente,56,LESIONADO,HOMBRE,MOTOCICLETA,31,LESIONADO,HOMBRE,MOTOCICLETA,7,LESIONADO,NO_REGISTRA,CICLISTA
2026-01-17 15:56:08,-4.009828,-79.198984,Av. Rosa Hermosa,SOLO_DANOS,Accidente Laboral,Exceso de velocidad,,,,,,,,,,,,
2026-01-19 10:25:32,-4.024872,-79.206642,Av. Pio Jaramillo,CON_LESIONADOS,Colision Multiple,Fatiga del conductor,55,LESIONADO,NO_REGISTRA,MOTOCICLETA,79,LESIONADO,MUJER,OTRO,56,LESIONADO,NO_REGISTRA,OTRO
2026-01-18 09:43:32,-4.012120,-79.219741,Calle Bolivar,SOLO_DANOS,Accidente Laboral,Fatiga del conductor,,,,,,,,,,,,
2026-01-08 22:13:52,-4.010772,-79.190603,Av. Rosa Hermosa,SOLO_DANOS,Accidente Laboral,Via resbaladiza o mojada,,,,,,,,,,,,
2026-01-14 22:13:12,-4.033376,-79.203197,Calle Montufar,SOLO_DANOS,Choque Vehicular,Falla mecanica,24,LESIONADO,HOMBRE,VEH_LIVIANO,,,,,,,,
2026-01-06 19:50:09,-4.007426,-79.201416,Av. Gran Colombia,CON_LESIONADOS,Colision Multiple,Visibilidad reducida,52,LESIONADO,MUJER,SCOOTER,,,,,,,,
2026-01-01 08:11:35,-3.978183,-79.207722,Av. 8 de Diciembre,CON_FALLECIDOS,Choque Vehicular,Distraccion (celular/radio),72,FALLECIDO,HOMBRE,PEATON,,,,,,,,
2026-01-16 19:29:17,-3.983854,-79.224942,Av. Manuel Agustin Aguirre,SOLO_DANOS,Colision Multiple,Mal estado de la via,,,,,,,,,,,,
2026-01-08 14:20:42,-4.007732,-79.197666,Av. Universitaria,CON_FALLECIDOS,Incendio,Visibilidad reducida,55,FALLECIDO,NO_REGISTRA,SCOOTER,18,FALLECIDO,HOMBRE,PEATON,,,,
2026-01-23 03:50:04,-3.998655,-79.219637,Av. Orillas del Zamora,CON_LESIONADOS,Volcamiento,Visibilidad reducida,76,LESIONADO,NO_REGISTRA,CICLISTA,56,LESIONADO,HOMBRE,SCOOTER,,,,
2026-01-20 06:13:46,-4.030987,-79.171951,Calle 10 de Agosto,CON_FALLECIDOS,Choque Vehicular,Visibilidad reducida,20,FALLECIDO,MUJER,PEATON,75,LESIONADO,MUJER,CICLISTA,,,,
2026-01-08 17:04:26,-4.025093,-79.186113,Calle Sucre,CON_LESIONADOS,Atropellamiento,Visibilidad reducida,40,LESIONADO,MUJER,SCOOTER,22,LESIONADO,NO_REGISTRA,PEATON,13,LESIONADO,NO_REGISTRA,SCOOTER
2026-01-23 02:08:08,-3.986771,-79.208803,Ruta 35,CON_FALLECIDOS,Volcamiento,Imprudencia del conductor,82,FALLECIDO,MUJER,SCOOTER,18,FALLECIDO,NO_REGISTRA,SCOOTER,57,LESIONADO,MUJER,PEATON
2026-01-20 20:55:21,-4.010049,-79.192365,Av. Rosa Hermosa,SOLO_DANOS,Atropellamiento,Estado de embriaguez,,,,,,,,,,,,
2026-01-22 05:33:43,-4.000152,-79.207525,Av. Manuel Agustin Aguirre,CON_LESIONADOS,Caida,Fatiga del conductor,13,LESIONADO,MUJER,SCOOTER,64,LESIONADO,MUJER,CICLISTA,,,,
2026-01-17 00:33:35,-3.993897,-79.174439,Calle Miguel Riofrio,CON_LESIONADOS,Caida,Distraccion (celular/radio),59,LESIONADO,NO_REGISTRA,VEH_LIVIANO,,,,,,,,
2026-01-04 00:41:20,-3.979397,-79.193226,Calle Imbabura,CON_LESIONADOS,Incendio,Equipo de seguridad deficiente,20,LESIONADO,HOMBRE,MOTOCICLETA,,,,,,,,
2026-01-05 01:21:13,-4.013341,-79.199208,Via Loja - Catamayo,CON_LESIONADOS,Volcamiento,Factores externos,46,LESIONADO,MUJER,SCOOTER,58,LESIONADO,NO_REGISTRA,PEATON,,,,
2026-01-03 01:23:30,-4.000271,-79.208847,Av. Manuel Agustin Aguirre,CON_FALLECIDOS,Atropellamiento,Via resbaladiza o mojada,18,FALLECIDO,NO_REGISTRA,VEH_LIVIANO,22,FALLECIDO,MUJER,MOTOCICLETA,45,LESIONADO,HOMBRE,PEATON
2026-01-13 21:14:29,-4.034175,-79.184197,Calle Bolivar,CON_FALLECIDOS,Colision Multiple,Estado de embriaguez,62,FALLECIDO,MUJER,SCOOTER,,,,,,,,
2026-01-08 03:12:20,-4.001719,-79.178154,Calle Imbabura,CON_FALLECIDOS,Volcamiento,Visibilidad reducida,47,FALLECIDO,HOMBRE,PEATON,62,FALLECIDO,MUJER,MOTOCICLETA,,,,
2026-01-07 16:30:54,-4.006307,-79.207895,Calle Bolivar,CON_FALLECIDOS,Accidente Laboral,Estado de embriaguez,82,FALLECIDO,NO_REGISTRA,CICLISTA,69,FALLECIDO,HOMBRE,SCOOTER,,,,
2026-01-02 09:05:30,-4.008047,-79.215694,Av. Gran Colombia,SOLO_DANOS,Atropellamiento,Imprudencia del conductor,,,,,,,,,,,,
2026-01-19 05:46:08,-4.007679,-79.193359,Via Loja - Zamora,SOLO_DANOS,Choque Vehicular,Factores externos,,,,,,,,,,,,
2026-01-07 19:29:54,-4.029825,-79.185647,Calle Miguel Riofrio,CON_FALLECIDOS,Accidente Laboral,Inobservancia de senales,35,FALLECIDO,NO_REGISTRA,OTRO,23,LESIONADO,MUJER,OTRO,31,LESIONADO,MUJER,SCOOTER
2026-01-18 08:01:57,-4.032294,-79.175672,Av. Isidro Ayora,CON_FALLECIDOS,Incendio,Via resbaladiza o mojada,18,FALLECIDO,HOMBRE,VEH_LIVIANO,36,FALLECIDO,NO_REGISTRA,PEATON,,,,
2026-01-20 15:10:33,-4.009027,-79.226539,Calle Rocafuerte,SOLO_DANOS,Volcamiento,Inobservancia de senales,,,,,,,,,,,,
2026-01-05 13:12:52,-3.980416,-79.174737,Av. Metropolitana,SOLO_DANOS,Colision Multiple,Visibilidad reducida,,,,,,,,,,,,
2026-01-01 22:58:51,-4.034882,-79.197674,Av. 8 de Diciembre,SOLO_DANOS,Caida,Visibilidad reducida,,,,,,,,,,,,
2026-01-06 07:59:58,-3.992616,-79.223885,Av. Universitaria,SOLO_DANOS,Volcamiento,Mal estado de la via,,,,,,,,,,,,
2026-01-01 01:28:33,-3.989028,-79.172654,Calle 10 de Agosto,CON_FALLECIDOS,Incendio,Mal estado de la via,34,FALLECIDO,HOMBRE,OTRO,,,,,,,,
2026-01-06 02:12:42,-4.025211,-79.176172,Calle Bolivar,CON_LESIONADOS,Incendio,Factores externos,24,LESIONADO,MUJER,SCOOTER,71,LESIONADO,NO_REGISTRA,SCOOTER,54,LESIONADO,NO_REGISTRA,CICLISTA
2026-01-21 04:02:42,-3.986507,-79.218377,Calle Montufar,SOLO_DANOS,Atropellamiento,Imprudencia del conductor,,,,,,,,,,,,
2026-01-09 10:48:30,-3.994305,-79.225933,Calle Montufar,CON_LESIONADOS,Accidente Laboral,Mal estado de la via,27,LESIONADO,NO_REGISTRA,PEATON,13,LESIONADO,HOMBRE,CICLISTA,42,LESIONADO,HOMBRE,OTRO
2026-01-02 17:47:49,-3.978146,-79.217272,Calle 18 de Noviembre,CON_LESIONADOS,Accidente Laboral,Mal estado de la via,18,LESIONADO,HOMBRE,PEATON,10,LESIONADO,HOMBRE,VEH_LIVIANO,70,LESIONADO,HOMBRE,PEATON
2026-01-07 15:19:24,-3.991576,-79.230804,Av. Manuel Agustin Aguirre,CON_LESIONADOS,Accidente Laboral,Visibilidad reducida,57,LESIONADO,MUJER,SCOOTER,,,,,,,,
2026-01-11 07:35:35,-3.996814,-79.193517,Calle Quito,SOLO_DANOS,Choque Vehicular,Distraccion (celular/radio),,,,,,,,,,,,
2026-01-21 01:17:09,-3.993982,-79.217470,Calle Bolivar,CON_LESIONADOS,Colision Multiple,Falla mecanica,70,LESIONADO,HOMBRE,OTRO,,,,,,,,
2026-01-17 06:31:57,-4.029784,-79.196729,Via Loja - Zamora,SOLO_DANOS,Caida,Exceso de velocidad,,,,,,,,,,,,
2026-01-13 05:44:30,-4.005775,-79.196020,Calle Sucre,SOLO_DANOS,Colision Multiple,Falla mecanica,,,,,,,,,,,,
2026-01-18 02:02:50,-3.995067,-79.222419,Calle Bolivar,CON_FALLECIDOS,Choque Vehicular,Fatiga del conductor,52,FALLECIDO,MUJER,OTRO,47,FALLECIDO,MUJER,VEH_LIVIANO,33,LESIONADO,MUJER,CICLISTA
2026-01-18 02:42:12,-3.979204,-79.193705,Av. Gran Colombia,CON_LESIONADOS,Incendio,Via resbaladiza o mojada,9,LESIONADO,HOMBRE,SCOOTER,39,LESIONADO,MUJER,OTRO,,,,
2026-01-06 00:24:00,-3.995568,-79.224960,Av. Reinaldo Espinosa,CON_LESIONADOS,Volcamiento,Equipo de seguridad deficiente,70,LESIONADO,HOMBRE,VEH_LIVIANO,,,,,,,,
2026-01-17 19:49:22,-3.986281,-79.210137,Calle Quito,CON_LESIONADOS,Incendio,Factores externos,26,LESIONADO,HOMBRE,VEH_LIVIANO,,,,,,,,
2026-01-17 11:37:34,-3.997892,-79.185937,Calle Miguel Riofrio,SOLO_DANOS,Volcamiento,Imprudencia del conductor,,,,,,,,,,,,
2026-01-23 06:02:28,-3.998668,-79.192132,Av. Pio Jaramillo,CON_LESIONADOS,Incendio,Fatiga del conductor,15,LESIONADO,MUJER,OTRO,47,LESIONADO,NO_REGISTRA,CICLISTA,29,LESIONADO,MUJER,OTRO
2026-01-10 18:39:02,-3.977301,-79.176073,Via Loja - Catamayo,CON_FALLECIDOS,Choque Vehicular,Factores externos,54,FALLECIDO,HOMBRE,CICLISTA,60,FALLECIDO,MUJER,OTRO,5,LESIONADO,MUJER,PEATON