fecha_hora,latitud,longitud,via,grado_severidad,tipo_siniestro,causa_probable,victima1_edad,victima1_condicion,victima1_sexo,victima1_actor_vial,victima2_edad,victima2_condicion,victima2_sexo,victima2_actor_vial,victima3_edad,victima3_condicion,victima3_sexo,victima3_actor_vial
2026-01-19 02:04:54,-3.996905,-79.215130,Av. Metropolitana,SOLO_DANOS,Volcamiento,Equipo de seguridad deficiente,29,LESIONADO,MUJER,SCOOTER,,,,,,,,
2026-01-18 11:10:11,-4.008848,-79.176806,Av. Manuel Agustin Aguirre,CON_LESIONADOS,Choque Vehicular,Estado de embriaguez,14,LESIONADO,NO_REGISTRA,CICLISTA,71,LESIONADO,NO_REGISTRA,SCOOTER,29,LESIONADO,NO_REGISTRA,CICLISTA
2026-01-02 02:08:52,-3.977698,-79.222037,Calle Imbabura,SOLO_DANOS,Accidente Laboral,Exceso de velocidad,,,,,,,,,,,,
2026-01-14 02:03:14,-4.008705,-79.174224,Av. Universitaria,CON_LESIONADOS,Choque Vehicular,Via resbaladiza o mojada,6,LESIONADO,NO_REGISTRA,MOTOCICLETA,16,LESIONADO,MUJER,CICLISTA,,,,
2026-01-13 09:34:36,-3.981414,-79.190728,Av. Manuel Agustin Aguirre,CON_LESIONADOS,Atropellamiento,Distraccion (celular/radio),50,LESIONADO,NO_REGISTRA,SCOOTER,,,,,,,,
2026-01-14 05:01:21,-4.036444,-79.183076,Av. Metropolitana,SOLO_DANOS,Atropellamiento,Mal estado de la via,,,,,,,,,,,,
2026-01-19 08:31:20,-4.019225,-79.201630,Calle Mercadillo,CON_FALLECIDOS,Colision Multiple,Fatiga del conductor,50,FALLECIDO,HOMBRE,VEH_LIVIANO,40,FALLECIDO,HOMBRE,OTRO,69,LESIONADO,MUJER,CICLISTA
2026-01-07 19:14:44,-4.024464,-79.194452,Calle Saraguro,SOLO_DANOS,Accidente Laboral,Via resbaladiza o mojada,,,,,,,,,,,,
2026-01-21 03:32:07,-4.020801,-79.196442,Calle Azogues,CON_FALLECIDOS,Accidente Laboral,Inobservancia de senales,37,FALLECIDO,NO_REGISTRA,SCOOTER,,,,,,,,
2026-01-22 18:50:39,-3.988507,-79.208016,Calle Mercadillo,SOLO_DANOS,Volcamiento,Estado de embriaguez,,,,,,,,,,,,
2026-01-21 04:34:44,-3.978212,-79.191328,Calle Ramon Borrero,CON_FALLECIDOS,Accidente Laboral,Factores externos,68,FALLECIDO,MUJER,MOTOCICLETA,35,FALLECIDO,HOMBRE,OTRO,,,,
2026-01-14 14:06:51,-4.031471,-79.200086,Calle 10 de Agosto,CON_LESIONADOS,Caida,Via resbaladiza o mojada,46,LESIONADO,MUJER,SCOOTER,66,LESIONADO,MUJER,OTRO,,,,
2026-01-11 17:42:30,-4.022333,-79.202815,Calle Quito,CON_LESIONADOS,Colision Multiple,Factores externos,14,LESIONADO,HOMBRE,VEH_LIVIANO,21,LESIONADO,NO_REGISTRA,VEH_LIVIANO,,,,
2026-01-02 20:00:20,-4.003023,-79.204035,Av. Reinaldo Espinosa,SOLO_DANOS,Accidente Laboral,Via resbaladiza o mojada,,,,,,,,,,,,
2026-01-13 02:03:42,-4.010786,-79.225942,Av. Pio Jaramillo,SOLO_DANOS,Volcamiento,Distraccion (celular/radio),,,,,,,,,,,,
2026-01-04 05:33:18,-3.984614,-79.185816,Calle Ramon Borrero,CON_FALLECIDOS,Caida,Distraccion (celular/radio),76,FALLECIDO,HOMBRE,OTRO,47,FALLECIDO,MUJER,MOTOCICLETA,62,LESIONADO,HOMBRE,CICLISTA
2026-01-08 13:26:39,-4.010871,-79.191168,Calle Imbabura,SOLO_DANOS,Incendio,Falla mecanica,,,,,,,,,,,,
2026-01-12 17:36:23,-3.987572,-79.175407,Av. Cuxibamba,CON_FALLECIDOS,Atropellamiento,Estado de embriaguez,33,FALLECIDO,MUJER,VEH_LIVIANO,72,LESIONADO,NO_REGISTRA,MOTOCICLETA,34,LESIONADO,HOMBRE,OTRO
2026-01-08 13:20:07,-3.989540,-79.203401,Calle Quito,CON_LESIONADOS,Volcamiento,Distraccion (celular/radio),54,LESIONADO,NO_REGISTRA,PEATON,78,LESIONADO,NO_REGISTRA,SCOOTER,,,,
2026-01-13 03:49:05,-4.007026,-79.214078,Calle Mercadillo,CON_FALLECIDOS,Atropellamiento,Distraccion (celular/radio),62,FALLECIDO,HOMBRE,OTRO,29,LESIONADO,HOMBRE,CICLISTA,,,,
2026-01-22 14:15:56,-3.978547,-79.174820,Av. Universitaria,CON_LESIONADOS,Colision Multiple,Exceso de velocidad,29,LESIONADO,NO_REGISTRA,SCOOTER,,,,,,,,
2026-01-04 15:31:06,-4.032923,-79.200004,Av. Rosa Hermosa,SOLO_DANOS,Caida,Inobservancia de senales,,,,,,,,,,,,
2026-01-20 16:35:50,-4.008929,-79.222663,Calle Imbabura,CON_LESIONADOS,Accidente Laboral,Imprudencia del conductor,65,LESIONADO,NO_REGISTRA,MOTOCICLETA,44,LESIONADO,NO_REGISTRA,CICLISTA,79,LESIONADO,HOMBRE,MOTOCICLETA
2026-01-13 15:30:36,-4.035254,-79.203582,Calle Quito,SOLO_DANOS,Colision Multiple,Visibilidad reducida,,,,,,,,,,,,
2026-01-20 19:06:07,-3.986439,-79.200404,Calle Colon,CON_FALLECIDOS,Volcamiento,Imprudencia del conductor,83,FALLECIDO,HOMBRE,PEATON,49,LESIONADO,MUJER,PEATON,69,LESIONADO,NO_REGISTRA,VEH_LIVIANO
2026-01-07 01:07:18,-3.984031,-79.198893,Av. Gran Colombia,CON_LESIONADOS,Choque Vehicular,Exceso de velocidad,70,LESIONADO,NO_REGISTRA,MOTOCICLETA,40,LESIONADO,HOMBRE,OTRO,63,LESIONADO,MUJER,PEATON
2026-01-23 09:50:52,-4.011141,-79.225622,Calle 18 de Noviembre,CON_FALLECIDOS,Choque Vehicular,Mal estado de la via,83,FALLECIDO,MUJER,MOTOCICLETA,,,,,,,,
2026-01-04 13:55:11,-4.003546,-79.171883,Calle Colon,CON_FALLECIDOS,Caida,Visibilidad reducida,53,FALLECIDO,NO_REGISTRA,VEH_LIVIANO,12,LESIONADO,HOMBRE,OTRO,,,,
2026-01-16 22:30:17,-3.999661,-79.197827,Av. Cuxibamba,CON_LESIONADOS,Accidente Laboral,Mal estado de la via,40,LESIONADO,HOMBRE,CICLISTA,46,LESIONADO,HOMBRE,SCOOTER,,,,
2026-01-02 10:09:34,-3.996677,-79.176654,Av. 8 de Diciembre,CON_FALLECIDOS,Accidente Laboral,Equipo de seguridad deficiente,25,FALLECIDO,HOMBRE,VEH_LIVIANO,41,FALLECIDO,MUJER,VEH_LIVIANO,61,LESIONADO,HOMBRE,PEATON
2026-01-05 07:22:12,-4.027024,-79.223865,Av. Metropolitana,SOLO_DANOS,Volcamiento,Factores externos,,,,,,,,,,,,
2026-01-19 16:40:53,-3.977446,-79.220294,Av. Universitaria,SOLO_DANOS,Choque Vehicular,Mal estado de la via,,,,,,,,,,,,
2026-01-12 06:50:17,-3.987477,-79.213987,Av. Reinaldo Espinosa,SOLO_DANOS,Colision Multiple,Equipo de seguridad deficiente,,,,,,,,,,,,
2026-01-02 08:07:33,-4.026673,-79.216555,Via Loja - Catamayo,SOLO_DANOS,Incendio,Falla mecanica,12,LESIONADO,HOMBRE,CICLISTA,,,,,,,,
2026-01-03 07:56:58,-4.002302,-79.226833,Av. 8 de Diciembre,SOLO_DANOS,Accidente Laboral,Fatiga del conductor,,,,,,,,,,,,
2026-01-13 16:12:36,-4.033234,-79.201453,Calle Bolivar,SOLO_DANOS,Atropellamiento,Estado de embriaguez,,,,,,,,,,,,
2026-01-09 06:43:51,-4.027395,-79.189715,Calle Sucre,CON_LESIONADOS,Volcamiento,Imprudencia del conductor,53,LESIONADO,NO_REGISTRA,SCOOTER,24,LESIONADO,NO_REGISTRA,OTRO,67,LESIONADO,MUJER,CICLISTA
2026-01-07 07:01:38,-3.983197,-79.222068,Calle Saraguro,CON_FALLECIDOS,Caida,Equipo de seguridad deficiente,32,FALLECIDO,MUJER,CICLISTA,48,LESIONADO,MUJER,MOTOCICLETA,,,,
2026-01-13 09:09:42,-4.028929,-79.196965,Av. Gran Colombia,CON_FALLECIDOS,Incendio,Exceso de velocidad,38,FALLECIDO,NO_REGISTRA,MOTOCICLETA,71,LESIONADO,HOMBRE,MOTOCICLETA,,,,
2026-01-17 23:11:21,-3.982257,-79.187519,Av. 8 de Diciembre,SOLO_DANOS,Accidente Laboral,Exceso de velocidad,,,,,,,,,,,,
2026-01-03 23:00:51,-4.022910,-79.177478,Av. Gran Colombia,SOLO_DANOS,Incendio,Falla mecanica,61,LESIONADO,MUJER,PEATON,,,,,,,,
2026-01-14 19:31:30,-4.019713,-79.182082,Av. Cuxibamba,CON_LESIONADOS,Colision Multiple,Imprudencia del conductor,53,LESIONADO,HOMBRE,VEH_LIVIANO,,,,,,,,
2026-01-15 22:59:31,-4.004518,-79.217764,Av. Metropolitana,CON_FALLECIDOS,Atropellamiento,Imprudencia del conductor,57,FALLECIDO,HOMBRE,PEATON,32,LESIONADO,HOMBRE,VEH_LIVIANO,12,LESIONADO,NO_REGISTRA,PEATON
2026-01-08 14:21:05,-3.985582,-79.207170,Via Loja - Zamora,CON_LESIONADOS,Caida,Estado de embriaguez,38,LESIONADO,HOMBRE,MOTOCICLETA,56,LESIONADO,NO_REGISTRA,CICLISTA,,,,
2026-01-06 18:22:01,-4.005287,-79.175908,Av. Rosa Hermosa,CON_LESIONADOS,Volcamiento,Distraccion (celular/radio),11,LESIONADO,MUJER,SCOOTER,56,LESIONADO,NO_REGISTRA,OTRO,,,,
2026-01-01 23:59:52,-3.989786,-79.179214,Av. 8 de Diciembre,CON_FALLECIDOS,Caida,Distraccion (celular/radio),56,FALLECIDO,NO_REGISTRA,OTRO,45,FALLECIDO,HOMBRE,PEATON,31,LESIONADO,NO_REGISTRA,OTRO
2026-01-01 01:03:08,-4.003015,-79.214313,Calle 18 de Noviembre,CON_LESIONADOS,Caida,Mal estado de la via,66,LESIONADO,NO_REGISTRA,MOTOCICLETA,16,LESIONADO,HOMBRE,VEH_LIVIANO,14,LESIONADO,HOMBRE,MOTOCICLETA
2026-01-01 00:42:41,-4.012127,-79.198310,Av. Manuel Agustin Aguirre,CON_LESIONADOS,Accidente Laboral,Mal estado de la via,6,LESIONADO,NO_REGISTRA,PEATON,64,LESIONADO,HOMBRE,SCOOTER,38,LESIONADO,HOMBRE,PEATON
2026-01-05 14:03:57,-3.990854,-79.224940,Via Loja - Zamora,SOLO_DANOS,Caida,Imprudencia del conductor,,,,,,,,,,,,
2026-01-12 12:29:47,-3.988391,-79.172277,Av. Rosa Hermosa,CON_FALLECIDOS,Volcamiento,Estado de embriaguez,65,FALLECIDO,NO_REGISTRA,VEH_LIVIANO,82,FALLECIDO,NO_REGISTRA,CICLISTA,32,LESIONADO,NO_REGISTRA,VEH_LIVIANO
2026-01-02 17:08:13,-3.979814,-79.227273,Calle Mercadillo,CON_LESIONADOS,Volcamiento,Exceso de velocidad,54,LESIONADO,HOMBRE,SCOOTER,8,LESIONADO,NO_REGISTRA,PEATON,9,LESIONADO,NO_REGISTRA,MOTOCICLETA
2026-01-13 14:41:55,-4.002443,-79.205396,Via Loja - Catamayo,SOLO_DANOS,Atropellamiento,Fatiga del conductor,,,,,,,,,,,,
2026-01-05 03:48:12,-3.994486,-79.191853,Calle Sucre,SOLO_DANOS,Incendio,Visibilidad reducida,,,,,,,,,,,,
2026-01-02 20:31:02,-4.011581,-79.183421,Calle 18 de Noviembre,CON_FALLECIDOS,Incendio,Falla mecanica,58,FALLECIDO,MUJER,CICLISTA,64,FALLECIDO,HOMBRE,VEH_LIVIANO,40,LESIONADO,MUJER,PEATON
2026-01-12 21:27:16,-3.979152,-79.174160,Av. Orillas del Zamora,SOLO_DANOS,Colision Multiple,Imprudencia del conductor,,,,,,,,,,,,
2026-01-13 11:18:07,-3.997272,-79.227470,Calle 10 de Agosto,CON_FALLECIDOS,Caida,Imprudencia del conductor,66,FALLECIDO,NO_REGISTRA,SCOOTER,53,LESIONADO,HOMBRE,VEH_LIVIANO,65,LESIONADO,MUJER,OTRO
2026-01-23 08:22:07,-4.036434,-79.182106,Calle Quito,CON_FALLECIDOS,Volcamiento,Factores externos,62,FALLECIDO,NO_REGISTRA,SCOOTER,44,FALLECIDO,NO_REGISTRA,MOTOCICLETA,78,LESIONADO,NO_REGISTRA,MOTOCICLETA
2026-01-09 12:08:37,-4.028198,-79.194292,Ruta 35,SOLO_DANOS,Choque Vehicular,Inobservancia de senales,,,,,,,,,,,,
2026-01-07 00:46:49,-3.977719,-79.198276,Av. Manuel Agustin Aguirre,CON_LESIONADOS,Choque Vehicular,Equipo de seguridad deficiente,7,LESIONADO,HOMBRE,VEH_LIVIANO,8,LESIONADO,HOMBRE,OTRO,,,,
2026-01-15 16:42:09,-3.988621,-79.180016,Av. Cuxibamba,SOLO_DANOS,Accidente Laboral,Exceso de velocidad,,,,,,,,,,,,
2026-01-16 01:51:30,-4.000235,-79.228479,Calle Colon,CON_FALLECIDOS,Atropellamiento,Inobservancia de senales,40,FALLECIDO,HOMBRE,CICLISTA,,,,,,,,
2026-01-05 21:43:51,-4.023272,-79.175009,Calle Rocafuerte,CON_LESIONADOS,Colision Multiple,Inobservancia de senales,42,LESIONADO,MUJER,SCOOTER,24,LESIONADO,HOMBRE,SCOOTER,59,LESIONADO,NO_REGISTRA,VEH_LIVIANO
2026-01-09 13:21:25,-4.007776,-79.174351,Av. Pio Jaramillo,CON_LESIONADOS,Accidente Laboral,Visibilidad reducida,8,LESIONADO,MUJER,OTRO,26,LESIONADO,NO_REGISTRA,SCOOTER,,,,
2026-01-14 17:16:46,-4.023925,-79.180115,Av. Manuel Agustin Aguirre,CON_FALLECIDOS,Caida,Inobservancia de senales,74,FALLECIDO,NO_REGISTRA,SCOOTER,66,FALLECIDO,MUJER,PEATON,72,LESIONADO,HOMBRE,VEH_LIVIANO
2026-01-05 17:00:56,-3.996856,-79.215598,Av. Manuel Agustin Aguirre,CON_FALLECIDOS,Atropellamiento,Imprudencia del conductor,34,FALLECIDO,NO_REGISTRA,PEATON,34,FALLECIDO,HOMBRE,VEH_LIVIANO,,,,
2026-01-08 12:55:25,-4.023718,-79.172328,Ruta 35,SOLO_DANOS,Colision Multiple,Distraccion (celular/radio),,,,,,,,,,,,
2026-01-01 10:10:23,-3.982136,-79.174370,Calle 18 de Noviembre,SOLO_DANOS,Colision Multiple,Via resbaladiza o mojada,,,,,,,,,,,,
2026-01-02 15:32:51,-3.990112,-79.194296,Calle 18 de Noviembre,CON_FALLECIDOS,Choque Vehicular,Distraccion (celular/radio),39,FALLECIDO,NO_REGISTRA,VEH_LIVIANO,48,FALLECIDO,NO_REGISTRA,VEH_LIVIANO,73,LESIONADO,NO_REGISTRA,MOTOCICLETA
2026-01-19 00:30:52,-4.013532,-79.190189,Calle Azogues,CON_LESIONADOS,Volcamiento,Visibilidad reducida,68,LESIONADO,MUJER,CICLISTA,80,LESIONADO,MUJER,PEATON,14,LESIONADO,HOMBRE,OTRO
2026-01-11 21:06:36,-4.002741,-79.197902,Av. Reinaldo Espinosa,CON_FALLECIDOS,Atropellamiento,Visibilidad reducida,18,FALLECIDO,HOMBRE,CICLISTA,39,LESIONADO,MUJER,MOTOCICLETA,57,LESIONADO,MUJER,MOTOCICLETA
2026-01-11 12:24:53,-3.982278,-79.196768,Calle 10 de Agosto,CON_FALLECIDOS,Colision Multiple,Distraccion (celular/radio),61,FALLECIDO,HOMBRE,PEATON,,,,,,,,
2026-01-23 11:18:56,-3.982111,-79.222264,Av. Gran Colombia,CON_LESIONADOS,Incendio,Factores externos,25,LESIONADO,NO_REGISTRA,MOTOCICLETA,15,LESIONADO,NO_REGISTRA,MOTOCICLETA,11,LESIONADO,HOMBRE,MOTOCICLETA
2026-01-06 21:18:16,-4.012581,-79.175914,Av. Reinaldo Espinosa,CON_FALLECIDOS,Choque Vehicular,Imprudencia del conductor,84,FALLECIDO,NO_REGISTRA,MOTOCICLETA,,,,,,,,
2026-01-18 15:29:56,-4.034097,-79.208931,Av. Pio Jaramillo,CON_LESIONADOS,Caida,Factores externos,64,LESIONADO,NO_REGISTRA,SCOOTER,,,,,,,,
2026-01-05 18:59:51,-4.023870,-79.182390,Av. Cuxibamba,CON_FALLECIDOS,Atropellamiento,Inobservancia de senales,45,FALLECIDO,MUJER,PEATON,37,FALLECIDO,MUJER,SCOOTER,,,,
2026-01-15 23:02:45,-4.027924,-79.190822,Av. Isidro Ayora,SOLO_DANOS,Choque Vehicular,Falla mecanica,,,,,,,,,,,,
2026-01-21 09:33:31,-4.022831,-79.226623,Av. Universitaria,CON_LESIONADOS,Incendio,Exceso de velocidad,71,LESIONADO,MUJER,SCOOTER,,,,,,,,
2026-01-18 16:40:41,-4.029696,-79.194781,Calle Mercadillo,SOLO_DANOS,Accidente Laboral,Imprudencia del conductor,,,,,,,,,,,,
2026-01-14 07:55:08,-4.012683,-79.193203,Calle Bolivar,CON_FALLECIDOS,Accidente Laboral,Visibilidad reducida,66,FALLECIDO,MUJER,PEATON,22,LESIONADO,NO_REGISTRA,SCOOTER,48,LESIONADO,MUJER,VEH_LIVIANO
2026-01-18 13:54:15,-4.036204,-79.193877,Calle Saraguro,CON_LESIONADOS,Choque Vehicular,Factores externos,24,LESIONADO,MUJER,SCOOTER,,,,,,,,
2026-01-16 00:04:01,-3.990985,-79.204493,Calle Colon,CON_LESIONADOS,Atropellamiento,Exceso de velocidad,63,LESIONADO,NO_REGISTRA,CICLISTA,,,,,,,,
2026-01-16 18:10:23,-4.011280,-79.230070,Av. Cuxibamba,CON_FALLECIDOS,Accidente Laboral,Mal estado de la via,79,FALLECIDO,MUJER,PEATON,67,FALLECIDO,NO_REGISTRA,PEATON,58,LESIONADO,MUJER,PEATON
2026-01-01 16:48:17,-4.011805,-79.228221,Av. Isidro Ayora,CON_LESIONADOS,Volcamiento,Fatiga del conductor,28,LESIONADO,NO_REGISTRA,SCOOTER,53,LESIONADO,MUJER,SCOOTER,,,,
2026-01-04 22:30:00,-4.018579,-79.229317,Av. 8 de Diciembre,CON_FALLECIDOS,Atropellamiento,Factores externos,50,FALLECIDO,NO_REGISTRA,OTRO,80,LESIONADO,HOMBRE,MOTOCICLETA,,,,
2026-01-13 09:46:22,-3.977437,-79.229668,Calle Ramon Borrero,CON_FALLECIDOS,Choque Vehicular,Inobservancia de senales,28,FALLECIDO,MUJER,PEATON,,,,,,,,
2026-01-05 06:21:02,-3.981094,-79.204054,Calle Colon,CON_FALLECIDOS,Colision Multiple,Equipo de seguridad deficiente,79,FALLECIDO,MUJER,CICLISTA,41,FALLECIDO,NO_REGISTRA,PEATON,49,LESIONADO,HOMBRE,CICLISTA
2026-01-20 15:18:17,-4.027919,-79.184528,Calle Rocafuerte,CON_LESIONADOS,Choque Vehicular,Factores externos,42,LESIONADO,MUJER,SCOOTER,61,LESIONADO,MUJER,MOTOCICLETA,,,,
2026-01-04 20:51:56,-3.985533,-79.220482,Av. Metropolitana,CON_LESIONADOS,Caida,Exceso de velocidad,6,LESIONADO,NO_REGISTRA,OTRO,16,LESIONADO,NO_REGISTRA,PEATON,,,,
2026-01-16 05:07:57,-3.991067,-79.196711,Calle 18 de Noviembre,CON_FALLECIDOS,Colision Multiple,Inobservancia de senales,36,FALLECIDO,MUJER,OTRO,,,,,,,,
2026-01-16 23:57:08,-4.020752,-79.207723,Calle Azogues,SOLO_DANOS,Incendio,Via resbaladiza o mojada,,,,,,,,,,,,
2026-01-04 17:12:23,-4.005440,-79.221528,Via Loja - Zamora,SOLO_DANOS,Volcamiento,Factores externos,,,,,,,,,,,,
2026-01-02 02:25:00,-4.006026,-79.202885,Calle Quito,CON_LESIONADOS,Colision Multiple,Falla mecanica,45,LESIONADO,MUJER,MOTOCICLETA,26,LESIONADO,NO_REGISTRA,SCOOTER,5,LESIONADO,MUJER,MOTOCICLETA
2026-01-15 19:28:31,-4.004196,-79.192742,Calle Rocafuerte,CON_LESIONADOS,Choque Vehicular,Estado de embriaguez,11,LESIONADO,MUJER,MOTOCICLETA,38,LESIONADO,HOMBRE,MOTOCICLETA,80,LESIONADO,NO_REGISTRA,CICLISTA
2026-01-07 14:41:46,-4.014679,-79.199136,Av. Metropolitana,CON_FALLECIDOS,Volcamiento,Distraccion (celular/radio),80,FALLECIDO,NO_REGISTRA,SCOOTER,24,LESIONADO,MUJER,CICLISTA,58,LESIONADO,NO_REGISTRA,SCOOTER
2026-01-06 08:03:32,-4.021897,-79.211100,Calle Montufar,CON_FALLECIDOS,Caida,Inobservancia de senales,31,FALLECIDO,NO_REGISTRA,SCOOTER,52,FALLECIDO,MUJER,PEATON,,,,
2026-01-18 10:00:07,-4.000035,-79.229174,Calle Montufar,CON_LESIONADOS,Colision Multiple,Inobservancia de senales,56,LESIONADO,HOMBRE,SCOOTER,,,,,,,,
2026-01-22 22:59:46,-4.012000,-79.201009,Calle Imbabura,CON_FALLECIDOS,Incendio,Fatiga del conductor,45,FALLECIDO,HOMBRE,CICLISTA,52,LESIONADO,MUJER,OTRO,42,LESIONADO,MUJER,CICLISTA
2026-01-20 07:11:26,-3.982340,-79.210301,Calle Saraguro,CON_FALLECIDOS,Choque Vehicular,Via resbaladiza o mojada,46,FALLECIDO,HOMBRE,MOTOCICLETA,22,LESIONADO,NO_REGISTRA,MOTOCICLETA,65,LESIONADO,MUJER,CICLISTA
2026-01-07 01:41:16,-4.034949,-79.202656,Ruta 35,CON_LESIONADOS,Accidente Laboral,Inobservancia de senales,46,LESIONADO,HOMBRE,OTRO,73,LESIONADO,NO_REGISTRA,CICLISTA,59,LESIONADO,HOMBRE,OTRO
2026-01-14 03:09:59,-4.012123,-79.227044,Av. Reinaldo Espinosa,SOLO_DANOS,Volcamiento,Exceso de velocidad,,,,,,,,,,,,
2026-01-02 05:45:02,-4.034626,-79.220106,Av. Manuel Agustin Aguirre,SOLO_DANOS,Volcamiento,Estado de embriaguez,,,,,,,,,,,,
2026-01-05 15:32:56,-4.020487,-79.171962,Av. Gran Colombia,SOLO_DANOS,Caida,Fatiga del conductor,,,,,,,,,,,,
2026-01-08 13:07:00,-4.035344,-79.224189,Calle 10 de Agosto,CON_LESIONADOS,Atropellamiento,Visibilidad reducida,6,LESIONADO,NO_REGISTRA,CICLISTA,39,LESIONADO,MUJER,SCOOTER,43,LESIONADO,HOMBRE,OTRO
2026-01-02 20:52:08,-4.016318,-79.227891,Calle Ramon Borrero,CON_FALLECIDOS,Atropellamiento,Exceso de velocidad,76,FALLECIDO,MUJER,MOTOCICLETA,33,LESIONADO,MUJER,MOTOCICLETA,,,,
2026-01-22 22:13:01,-3.977689,-79.181281,Calle Sucre,CON_LESIONADOS,Volcamiento,Equipo de seguridad deficiente,68,LESIONADO,HOMBRE,MOTOCICLETA,,,,,,,,
2026-01-18 03:40:09,-4.006801,-79.180513,Av. 8 de Diciembre,CON_LESIONADOS,Choque Vehicular,Estado de embriaguez,72,LESIONADO,MUJER,SCOOTER,65,LESIONADO,HOMBRE,CICLISTA,37,LESIONADO,NO_REGISTRA,PEATON
2026-01-06 01:47:52,-3.995646,-79.184072,Calle Mercadillo,CON_LESIONADOS,Accidente Laboral,Exceso de velocidad,12,LESIONADO,MUJER,CICLISTA,31,LESIONADO,MUJER,SCOOTER,10,LESIONADO,HOMBRE,MOTOCICLETA
2026-01-01 15:23:03,-4.034471,-79.191446,Av. Manuel Agustin Aguirre,CON_FALLECIDOS,Choque Vehicular,Via resbaladiza o mojada,85,FALLECIDO,MUJER,CICLISTA,72,FALLECIDO,HOMBRE,PEATON,78,LESIONADO,NO_REGISTRA,OTRO
2026-01-10 10:35:09,-4.005104,-79.183376,Av. 8 de Diciembre,CON_LESIONADOS,Choque Vehicular,Equipo de seguridad deficiente,49,LESIONADO,MUJER,PEATON,52,LESIONADO,NO_REGISTRA,MOTOCICLETA,,,,
2026-01-10 00:43:58,-4.021881,-79.183238,Av. Cuxibamba,CON_LESIONADOS,Atropellamiento,Exceso de velocidad,64,LESIONADO,NO_REGISTRA,CICLISTA,,,,,,,,
2026-01-23 00:12:14,-4.023063,-79.223082,Av. Orillas del Zamora,CON_LESIONADOS,Volcamiento,Estado de embriaguez,6,LESIONADO,HOMBRE,VEH_LIVIANO,58,LESIONADO,HOMBRE,MOTOCICLETA,,,,
2026-01-10 01:16:57,-4.021894,-79.227990,Calle 10 de Agosto,SOLO_DANOS,Choque Vehicular,Factores externos,,,,,,,,,,,,
2026-01-06 07:20:04,-4.020196,-79.196558,Calle Saraguro,SOLO_DANOS,Incendio,Factores externos,,,,,,,,,,,,
2026-01-05 06:37:46,-3.987952,-79.175125,Calle Montufar,CON_FALLECIDOS,Colision Multiple,Inobservancia de senales,25,FALLECIDO,NO_REGISTRA,VEH_LIVIANO,22,FALLECIDO,MUJER,SCOOTER,22,LESIONADO,MUJER,CICLISTA
2026-01-21 10:23:04,-4.021977,-79.214261,Via Loja - Catamayo,SOLO_DANOS,Incendio,Via resbaladiza o mojada,,,,,,,,,,,,
2026-01-22 08:55:37,-4.002004,-79.216191,Av. 8 de Diciembre,CON_FALLECIDOS,Volcamiento,Distraccion (celular/radio),33,FALLECIDO,NO_REGISTRA,MOTOCICLETA,77,FALLECIDO,NO_REGISTRA,OTRO,,,,
2026-01-20 01:07:23,-4.033632,-79.186493,Calle Ramon Borrero,CON_FALLECIDOS,Volcamiento,Imprudencia del conductor,27,FALLECIDO,MUJER,OTRO,55,LESIONADO,MUJER,SCOOTER,,,,
2026-01-12 00:45:27,-3.987361,-79.214919,Av. Pio Jaramillo,CON_FALLECIDOS,Caida,Mal estado de la via,64,FALLECIDO,HOMBRE,VEH_LIVIANO,36,LESIONADO,NO_REGISTRA,VEH_LIVIANO,,,,
2026-01-06 13:45:35,-4.003032,-79.206315,Calle 10 de Agosto,SOLO_DANOS,Accidente Laboral,Falla mecanica,,,,,,,,,,,,
2026-01-21 19:49:47,-3.998968,-79.195701,Av. Rosa Hermosa,CON_LESIONADOS,Incendio,Imprudencia del conductor,73,LESIONADO,MUJER,MOTOCICLETA,28,LESIONADO,MUJER,OTRO,49,LESIONADO,HOMBRE,OTRO
2026-01-22 00:24:48,-3.990942,-79.190615,Av. Manuel Agustin Aguirre,CON_LESIONADOS,Colision Multiple,Distraccion (celular/radio),24,LESIONADO,MUJER,MOTOCICLETA,,,,,,,,
2026-01-19 13:28:21,-3.990774,-79.195699,Av. Reinaldo Espinosa,CON_LESIONADOS,Volcamiento,Visibilidad reducida,13,LESIONADO,MUJER,MOTOCICLETA,,,,,,,,
2026-01-13 21:11:35,-3.990237,-79.192035,Calle Colon,CON_FALLECIDOS,Accidente Laboral,Mal estado de la via,23,FALLECIDO,NO_REGISTRA,VEH_LIVIANO,46,FALLECIDO,NO_REGISTRA,SCOOTER,31,LESIONADO,MUJER,SCOOTER
2026-01-12 23:41:15,-4.013368,-79.224489,Calle Saraguro,SOLO_DANOS,Incendio,Mal estado de la via,,,,,,,,,,,,
2026-01-19 09:18:58,-4.020650,-79.199825,Calle 10 de Agosto,SOLO_DANOS,Atropellamiento,Imprudencia del conductor,29,LESIONADO,HOMBRE,VEH_LIVIANO,,,,,,,,
2026-01-22 12:19:03,-4.023068,-79.210138,Calle Quito,SOLO_DANOS,Incendio,Distraccion (celular/radio),22,LESIONADO,HOMBRE,PEATON,,,,,,,,
2026-01-03 21:57:53,-3.988800,-79.182612,Av. Orillas del Zamora,SOLO_DANOS,Accidente Laboral,Factores externos,,,,,,,,,,,,