fecha_hora,latitud,longitud,via,grado_severidad,tipo_siniestro,causa_probable,victima1_edad,victima1_condicion,victima1_sexo,victima1_actor_vial,victima2_edad,victima2_condicion,victima2_sexo,victima2_actor_vial,victima3_edad,victima3_condicion,victima3_sexo,victima3_actor_vial
2026-01-04 22:18:06,-4.036746,-79.182666,Calle 18 de Noviembre,CON_LESIONADOS,Choque Vehicular,Distraccion (celular/radio),53,LESIONADO,MUJER,CICLISTA,62,LESIONADO,MUJER,OTRO,,,,
2026-01-15 15:48:24,-4.033292,-79.175899,Via Loja - Zamora,CON_FALLECIDOS,Incendio,Mal estado de la via,73,FALLECIDO,NO_REGISTRA,SCOOTER,70,FALLECIDO,NO_REGISTRA,MOTOCICLETA,,,,
2026-01-18 03:27:30,-4.031682,-79.190608,Av. Cuxibamba,SOLO_DANOS,Caida,Mal estado de la via,,,,,,,,,,,,
2026-01-20 22:16:04,-3.990276,-79.209587,Calle Saraguro,CON_FALLECIDOS,Colision Multiple,Via resbaladiza o mojada,32,FALLECIDO,NO_REGISTRA,PEATON,,,,,,,,
2026-01-22 13:06:02,-3.979249,-79.171282,Av. Gran Colombia,CON_LESIONADOS,Accidente Laboral,Inobservancia de senales,70,LESIONADO,MUJER,CICLISTA,,,,,,,,
2026-01-21 05:25:42,-4.034846,-79.179336,Av. Rosa Hermosa,SOLO_DANOS,Colision Multiple,Distraccion (celular/radio),76,LESIONADO,HOMBRE,SCOOTER,,,,,,,,
2026-01-11 08:50:05,-4.010496,-79.194121,Via Loja - Zamora,CON_LESIONADOS,Colision Multiple,Estado de embriaguez,55,LESIONADO,MUJER,VEH_LIVIANO,23,LESIONADO,NO_REGISTRA,PEATON,,,,
2026-01-21 22:50:03,-4.005648,-79.178843,Via Loja - Catamayo,CON_LESIONADOS,Atropellamiento,Visibilidad reducida,33,LESIONADO,NO_REGISTRA,MOTOCICLETA,,,,,,,,
2026-01-16 11:07:49,-4.009653,-79.185872,Calle Quito,SOLO_DANOS,Incendio,Mal estado de la via,45,LESIONADO,MUJER,OTRO,,,,,,,,
2026-01-10 13:56:26,-4.023477,-79.217168,Calle Bolivar,CON_FALLECIDOS,Colision Multiple,Visibilidad reducida,60,FALLECIDO,HOMBRE,CICLISTA,45,FALLECIDO,MUJER,OTRO,66,LESIONADO,MUJER,OTRO
2026-01-19 10:39:20,-4.001861,-79.215690,Av. Orillas del Zamora,SOLO_DANOS,Volcamiento,Exceso de velocidad,,,,,,,,,,,,
2026-01-15 05:09:47,-3.983873,-79.174622,Av. Universitaria,CON_FALLECIDOS,Choque Vehicular,Falla mecanica,30,FALLECIDO,MUJER,VEH_LIVIANO,78,FALLECIDO,HOMBRE,VEH_LIVIANO,50,LESIONADO,NO_REGISTRA,SCOOTER
2026-01-06 05:40:30,-4.027820,-79.213141,Av. Universitaria,SOLO_DANOS,Choque Vehicular,Estado de embriaguez,,,,,,,,,,,,
2026-01-05 14:39:03,-4.004394,-79.229618,Av. Universitaria,CON_FALLECIDOS,Volcamiento,Via resbaladiza o mojada,69,FALLECIDO,MUJER,PEATON,37,FALLECIDO,MUJER,PEATON,28,LESIONADO,HOMBRE,VEH_LIVIANO
2026-01-17 23:13:44,-4.018079,-79.195400,Av. Metropolitana,SOLO_DANOS,Caida,Imprudencia del conductor,,,,,,,,,,,,
2026-01-19 04:34:12,-4.010225,-79.171074,Calle Bolivar,CON_FALLECIDOS,Incendio,Equipo de seguridad deficiente,38,FALLECIDO,NO_REGISTRA,SCOOTER,80,FALLECIDO,NO_REGISTRA,PEATON,,,,
2026-01-17 11:38:21,-4.022670,-79.211611,Calle Azogues,CON_LESIONADOS,Accidente Laboral,Distraccion (celular/radio),41,LESIONADO,MUJER,VEH_LIVIANO,,,,,,,,
2026-01-16 17:25:56,-3.985904,-79.213589,Calle Azogues,SOLO_DANOS,Choque Vehicular,Mal estado de la via,,,,,,,,,,,,
2026-01-03 12:19:50,-3.991331,-79.228001,Av. Isidro Ayora,CON_FALLECIDOS,Incendio,Factores externos,67,FALLECIDO,HOMBRE,MOTOCICLETA,26,FALLECIDO,NO_REGISTRA,CICLISTA,17,LESIONADO,NO_REGISTRA,OTRO
2026-01-09 19:09:26,-4.033115,-79.210084,Calle 10 de Agosto,CON_FALLECIDOS,Volcamiento,Visibilidad reducida,47,FALLECIDO,NO_REGISTRA,MOTOCICLETA,73,LESIONADO,MUJER,CICLISTA,,,,
2026-01-05 18:20:52,-4.017576,-79.198638,Calle Quito,CON_FALLECIDOS,Atropellamiento,Factores externos,44,FALLECIDO,MUJER,OTRO,62,LESIONADO,HOMBRE,CICLISTA,24,LESIONADO,MUJER,MOTOCICLETA
2026-01-16 18:24:08,-4.015837,-79.190583,Av. Metropolitana,SOLO_DANOS,Caida,Equipo de seguridad deficiente,,,,,,,,,,,,
2026-01-08 01:06:56,-4.030946,-79.215392,Av. Isidro Ayora,CON_LESIONADOS,Colision Multiple,Estado de embriaguez,29,LESIONADO,HOMBRE,CICLISTA,65,LESIONADO,MUJER,SCOOTER,76,LESIONADO,MUJER,SCOOTER
2026-01-22 14:13:30,-4.010907,-79.218494,Av. Gran Colombia,CON_FALLECIDOS,Atropellamiento,Visibilidad reducida,75,FALLECIDO,NO_REGISTRA,CICLISTA,50,LESIONADO,MUJER,OTRO,,,,
2026-01-13 23:45:23,-4.013033,-79.212048,Calle Colon,CON_LESIONADOS,Volcamiento,Inobservancia de senales,15,LESIONADO,MUJER,SCOOTER,14,LESIONADO,HOMBRE,MOTOCICLETA,69,LESIONADO,NO_REGISTRA,PEATON
2026-01-21 01:40:14,-4.026537,-79.215597,Av. Rosa Hermosa,SOLO_DANOS,Colision Multiple,Fatiga del conductor,,,,,,,,,,,,
2026-01-21 12:45:05,-3.994101,-79.228129,Calle Imbabura,SOLO_DANOS,Volcamiento,Visibilidad reducida,77,LESIONADO,NO_REGISTRA,VEH_LIVIANO,,,,,,,,
2026-01-10 03:16:56,-4.036645,-79.194441,Calle Mercadillo,CON_LESIONADOS,Choque Vehicular,Mal estado de la via,62,LESIONADO,HOMBRE,MOTOCICLETA,28,LESIONADO,HOMBRE,VEH_LIVIANO,,,,
2026-01-11 11:31:58,-4.002732,-79.206285,Via Loja - Zamora,SOLO_DANOS,Atropellamiento,Mal estado de la via,,,,,,,,,,,,
2026-01-16 11:49:19,-4.018693,-79.199422,Calle Montufar,CON_LESIONADOS,Choque Vehicular,Factores externos,25,LESIONADO,NO_REGISTRA,MOTOCICLETA,62,LESIONADO,MUJER,VEH_LIVIANO,78,LESIONADO,NO_REGISTRA,MOTOCICLETA
2026-01-01 01:52:22,-3.980099,-79.187891,Calle Miguel Riofrio,SOLO_DANOS,Atropellamiento,Falla mecanica,,,,,,,,,,,,
2026-01-18 08:10:55,-4.030355,-79.199061,Av. Gran Colombia,CON_FALLECIDOS,Accidente Laboral,Distraccion (celular/radio),44,FALLECIDO,MUJER,OTRO,82,FALLECIDO,MUJER,PEATON,,,,
2026-01-10 17:06:18,-3.994386,-79.208981,Calle Montufar,CON_LESIONADOS,Choque Vehicular,Estado de embriaguez,10,LESIONADO,NO_REGISTRA,MOTOCICLETA,67,LESIONADO,HOMBRE,OTRO,38,LESIONADO,MUJER,MOTOCICLETA
2026-01-16 14:04:55,-4.035827,-79.202073,Calle Rocafuerte,CON_LESIONADOS,Accidente Laboral,Visibilidad reducida,55,LESIONADO,NO_REGISTRA,VEH_LIVIANO,43,LESIONADO,HOMBRE,SCOOTER,,,,
2026-01-20 21:35:09,-3.983262,-79.229585,Via Loja - Zamora,CON_LESIONADOS,Caida,Exceso de velocidad,28,LESIONADO,NO_REGISTRA,SCOOTER,,,,,,,,
2026-01-05 19:44:19,-4.017291,-79.181702,Av. Reinaldo Espinosa,CON_LESIONADOS,Incendio,Visibilidad reducida,73,LESIONADO,MUJER,CICLISTA,19,LESIONADO,NO_REGISTRA,VEH_LIVIANO,29,LESIONADO,MUJER,OTRO
2026-01-04 14:11:01,-4.018965,-79.207316,Av. Universitaria,SOLO_DANOS,Caida,Equipo de seguridad deficiente,34,LESIONADO,MUJER,CICLISTA,,,,,,,,
2026-01-13 04:07:35,-4.006655,-79.190242,Av. 8 de Diciembre,CON_LESIONADOS,Atropellamiento,Distraccion (celular/radio),6,LESIONADO,MUJER,CICLISTA,55,LESIONADO,NO_REGISTRA,VEH_LIVIANO,79,LESIONADO,MUJER,PEATON
2026-01-20 16:49:07,-4.026725,-79.196752,Av. Isidro Ayora,CON_LESIONADOS,Atropellamiento,Equipo de seguridad deficiente,74,LESIONADO,HOMBRE,CICLISTA,62,LESIONADO,NO_REGISTRA,SCOOTER,59,LESIONADO,MUJER,MOTOCICLETA
2026-01-13 10:48:36,-3.981198,-79.206649,Calle Ramon Borrero,CON_LESIONADOS,Caida,Mal estado de la via,8,LESIONADO,NO_REGISTRA,SCOOTER,,,,,,,,
2026-01-02 19:18:44,-4.017127,-79.206814,Ruta 35,CON_LESIONADOS,Accidente Laboral,Falla mecanica,55,LESIONADO,MUJER,CICLISTA,11,LESIONADO,MUJER,MOTOCICLETA,,,,
2026-01-07 20:34:13,-4.014462,-79.218218,Av. Cuxibamba,SOLO_DANOS,Volcamiento,Distraccion (celular/radio),43,LESIONADO,NO_REGISTRA,VEH_LIVIANO,,,,,,,,
2026-01-04 17:33:09,-4.002722,-79.226077,Av. Reinaldo Espinosa,SOLO_DANOS,Atropellamiento,Visibilidad reducida,,,,,,,,,,,,
2026-01-22 15:04:51,-4.008146,-79.183496,Calle Ramon Borrero,SOLO_DANOS,Accidente Laboral,Mal estado de la via,,,,,,,,,,,,
2026-01-09 12:23:06,-4.018050,-79.188057,Calle Rocafuerte,CON_FALLECIDOS,Choque Vehicular,Via resbaladiza o mojada,42,FALLECIDO,MUJER,CICLISTA,60,LESIONADO,NO_REGISTRA,VEH_LIVIANO,70,LESIONADO,NO_REGISTRA,OTRO
2026-01-07 02:45:07,-4.003138,-79.192517,Calle Ramon Borrero,CON_FALLECIDOS,Caida,Imprudencia del conductor,63,FALLECIDO,MUJER,OTRO,,,,,,,,
2026-01-09 12:43:04,-3.986388,-79.229958,Calle Imbabura,CON_FALLECIDOS,Caida,Via resbaladiza o mojada,38,FALLECIDO,NO_REGISTRA,PEATON,58,FALLECIDO,NO_REGISTRA,OTRO,61,LESIONADO,MUJER,OTRO
2026-01-16 09:18:47,-4.003428,-79.179002,Av. Rosa Hermosa,SOLO_DANOS,Incendio,Distraccion (celular/radio),,,,,,,,,,,,
2026-01-02 18:32:35,-3.994236,-79.175025,Calle Quito,CON_LESIONADOS,Colision Multiple,Distraccion (celular/radio),45,LESIONADO,HOMBRE,VEH_LIVIANO,49,LESIONADO,MUJER,OTRO,49,LESIONADO,NO_REGISTRA,VEH_LIVIANO
2026-01-12 08:45:46,-4.012076,-79.195809,Calle Saraguro,CON_FALLECIDOS,Colision Multiple,Imprudencia del conductor,46,FALLECIDO,HOMBRE,VEH_LIVIANO,81,FALLECIDO,MUJER,PEATON,61,LESIONADO,HOMBRE,SCOOTER
2026-01-19 05:26:57,-4.026008,-79.216279,Av. Rosa Hermosa,CON_LESIONADOS,Incendio,Imprudencia del conductor,42,LESIONADO,NO_REGISTRA,OTRO,15,LESIONADO,NO_REGISTRA,CICLISTA,57,LESIONADO,MUJER,PEATON
2026-01-12 21:11:48,-3.984043,-79.222356,Calle Colon,CON_FALLECIDOS,Atropellamiento,Estado de embriaguez,84,FALLECIDO,NO_REGISTRA,CICLISTA,31,FALLECIDO,MUJER,SCOOTER,29,LESIONADO,NO_REGISTRA,OTRO
2026-01-07 07:43:16,-3.998920,-79.175843,Calle Miguel Riofrio,SOLO_DANOS,Accidente Laboral,Equipo de seguridad deficiente,,,,,,,,,,,,
2026-01-17 23:35:39,-4.021822,-79.197220,Av. Universitaria,SOLO_DANOS,Atropellamiento,Falla mecanica,,,,,,,,,,,,
2026-01-15 11:24:28,-3.983890,-79.172504,Calle Bolivar,SOLO_DANOS,Incendio,Inobservancia de senales,,,,,,,,,,,,
2026-01-08 18:38:16,-4.004477,-79.220718,Calle 10 de Agosto,SOLO_DANOS,Colision Multiple,Exceso de velocidad,,,,,,,,,,,,
2026-01-08 08:04:55,-4.027003,-79.207728,Via Loja - Zamora,CON_LESIONADOS,Incendio,Exceso de velocidad,71,LESIONADO,HOMBRE,OTRO,56,LESIONADO,MUJER,PEATON,49,LESIONADO,MUJER,VEH_LIVIANO
2026-01-09 00:43:01,-4.005456,-79.205414,Av. Isidro Ayora,SOLO_DANOS,Volcamiento,Estado de embriaguez,,,,,,,,,,,,
2026-01-21 10:08:54,-4.034956,-79.188577,Ruta 35,CON_LESIONADOS,Volcamiento,Visibilidad reducida,41,LESIONADO,MUJER,CICLISTA,9,LESIONADO,NO_REGISTRA,VEH_LIVIANO,11,LESIONADO,HOMBRE,PEATON
2026-01-06 13:55:36,-4.018272,-79.222198,Calle Mercadillo,SOLO_DANOS,Atropellamiento,Factores externos,,,,,,,,,,,,
2026-01-08 11:32:50,-4.006230,-79.215272,Calle 10 de Agosto,CON_LESIONADOS,Caida,Mal estado de la via,80,LESIONADO,NO_REGISTRA,SCOOTER,72,LESIONADO,MUJER,PEATON,,,,
2026-01-04 20:57:39,-4.015018,-79.202446,Av. 8 de Diciembre,CON_FALLECIDOS,Atropellamiento,Distraccion (celular/radio),42,FALLECIDO,HOMBRE,VEH_LIVIANO,25,FALLECIDO,NO_REGISTRA,SCOOTER,45,LESIONADO,MUJER,OTRO
2026-01-01 01:01:22,-4.001444,-79.171047,Calle Rocafuerte,CON_FALLECIDOS,Choque Vehicular,Falla mecanica,71,FALLECIDO,MUJER,CICLISTA,35,LESIONADO,HOMBRE,MOTOCICLETA,5,LESIONADO,NO_REGISTRA,SCOOTER
2026-01-18 21:57:29,-3.986602,-79.208794,Av. Gran Colombia,CON_LESIONADOS,Choque Vehicular,Exceso de velocidad,80,LESIONADO,MUJER,VEH_LIVIANO,33,LESIONADO,MUJER,CICLISTA,13,LESIONADO,NO_REGISTRA,CICLISTA
2026-01-01 12:09:56,-3.986774,-79.185799,Av. Cuxibamba,CON_FALLECIDOS,Volcamiento,Estado de embriaguez,51,FALLECIDO,HOMBRE,SCOOTER,72,LESIONADO,NO_REGISTRA,PEATON,,,,
2026-01-06 07:13:35,-4.007594,-79.223912,Via Loja - Zamora,CON_FALLECIDOS,Choque Vehicular,Fatiga del conductor,54,FALLECIDO,NO_REGISTRA,CICLISTA,37,FALLECIDO,HOMBRE,VEH_LIVIANO,54,LESIONADO,MUJER,MOTOCICLETA
2026-01-17 00:56:24,-4.018630,-79.208699,Av. Universitaria,CON_FALLECIDOS,Atropellamiento,Equipo de seguridad deficiente,59,FALLECIDO,MUJER,PEATON,64,LESIONADO,MUJER,CICLISTA,,,,
2026-01-20 15:10:38,-3.989518,-79.188858,Av. Isidro Ayora,CON_LESIONADOS,Accidente Laboral,Estado de embriaguez,55,LESIONADO,NO_REGISTRA,VEH_LIVIANO,63,LESIONADO,MUJER,CICLISTA,,,,
2026-01-04 10:44:00,-3.993082,-79.219041,Calle Miguel Riofrio,CON_LESIONADOS,Caida,Visibilidad reducida,78,LESIONADO,NO_REGISTRA,MOTOCICLETA,32,LESIONADO,MUJER,SCOOTER,76,LESIONADO,NO_REGISTRA,OTRO
2026-01-16 02:21:20,-3.998810,-79.227386,Av. 8 de Diciembre,CON_LESIONADOS,Caida,Fatiga del conductor,66,LESIONADO,HOMBRE,OTRO,38,LESIONADO,HOMBRE,SCOOTER,,,,
2026-01-07 00:20:23,-4.016272,-79.190090,Calle Azogues,CON_LESIONADOS,Atropellamiento,Inobservancia de senales,50,LESIONADO,HOMBRE,SCOOTER,75,LESIONADO,NO_REGISTRA,SCOOTER,,,,
2026-01-19 16:51:53,-4.014917,-79.209535,Via Loja - Zamora,CON_LESIONADOS,Atropellamiento,Equipo de seguridad deficiente,65,LESIONADO,HOMBRE,CICLISTA,65,LESIONADO,HOMBRE,VEH_LIVIANO,75,LESIONADO,MUJER,PEATON
2026-01-09 07:24:23,-4.030954,-79.179936,Calle Saraguro,SOLO_DANOS,Caida,Imprudencia del conductor,,,,,,,,,,,,
2026-01-04 03:22:57,-3.977316,-79.213529,Calle Sucre,SOLO_DANOS,Incendio,Exceso de velocidad,,,,,,,,,,,,
2026-01-13 04:35:28,-3.999039,-79.222398,Av. Orillas del Zamora,CON_FALLECIDOS,Volcamiento,Equipo de seguridad deficiente,72,FALLECIDO,HOMBRE,MOTOCICLETA,46,FALLECIDO,MUJER,VEH_LIVIANO,54,LESIONADO,HOMBRE,VEH_LIVIANO
2026-01-17 01:46:33,-3.978454,-79.217053,Via Loja - Catamayo,SOLO_DANOS,Accidente Laboral,Falla mecanica,,,,,,,,,,,,
2026-01-12 13:46:09,-3.981652,-79.184262,Calle Mercadillo,CON_LESIONADOS,Colision Multiple,Falla mecanica,19,LESIONADO,NO_REGISTRA,CICLISTA,,,,,,,,
2026-01-05 10:35:10,-3.997996,-79.215895,Calle 10 de Agosto,CON_FALLECIDOS,Accidente Laboral,Factores externos,46,FALLECIDO,MUJER,CICLISTA,,,,,,,,
2026-01-07 04:31:25,-4.011282,-79.178539,Via Loja - Zamora,CON_LESIONADOS,Atropellamiento,Via resbaladiza o mojada,15,LESIONADO,NO_REGISTRA,MOTOCICLETA,27,LESIONADO,MUJER,CICLISTA,,,,
2026-01-03 19:37:12,-4.028752,-79.202337,Av. 8 de Diciembre,CON_FALLECIDOS,Volcamiento,Fatiga del conductor,56,FALLECIDO,MUJER,PEATON,21,FALLECIDO,HOMBRE,OTRO,54,LESIONADO,MUJER,PEATON
2026-01-14 05:19:36,-4.014215,-79.182681,Av. Manuel Agustin Aguirre,SOLO_DANOS,Incendio,Estado de embriaguez,,,,,,,,,,,,
2026-01-15 10:22:18,-3.989303,-79.223369,Av. Universitaria,CON_LESIONADOS,Accidente Laboral,Factores externos,8,LESIONADO,HOMBRE,MOTOCICLETA,50,LESIONADO,NO_REGISTRA,OTRO,,,,
2026-01-05 11:54:36,-3.991813,-79.193423,Av. Reinaldo Espinosa,SOLO_DANOS,Volcamiento,Fatiga del conductor,,,,,,,,,,,,
2026-01-08 17:04:54,-4.009427,-79.215845,Av. Metropolitana,CON_LESIONADOS,Choque Vehicular,Distraccion (celular/radio),10,LESIONADO,MUJER,SCOOTER,,,,,,,,
2026-01-16 18:14:30,-3.980664,-79.172202,Calle Quito,SOLO_DANOS,Volcamiento,Inobservancia de senales,,,,,,,,,,,,
2026-01-12 03:03:31,-4.026419,-79.225302,Calle Miguel Riofrio,SOLO_DANOS,Incendio,Distraccion (celular/radio),62,LESIONADO,NO_REGISTRA,OTRO,,,,,,,,
2026-01-22 02:13:58,-4.022020,-79.178736,Av. Orillas del Zamora,SOLO_DANOS,Volcamiento,Via resbaladiza o mojada,,,,,,,,,,,,
2026-01-18 12:55:58,-3.997101,-79.205959,Av. Manuel Agustin Aguirre,CON_FALLECIDOS,Atropellamiento,Exceso de velocidad,18,FALLECIDO,MUJER,OTRO,80,LESIONADO,HOMBRE,VEH_LIVIANO,,,,
2026-01-21 13:58:25,-3.993166,-79.179721,Calle 18 de Noviembre,CON_LESIONADOS,Colision Multiple,Exceso de velocidad,30,LESIONADO,NO_REGISTRA,MOTOCICLETA,,,,,,,,
2026-01-14 22:21:30,-3.990811,-79.198603,Calle 10 de Agosto,CON_LESIONADOS,Incendio,Factores externos,5,LESIONADO,NO_REGISTRA,MOTOCICLETA,58,LESIONADO,NO_REGISTRA,SCOOTER,,,,
2026-01-05 08:24:31,-3.978275,-79.173161,Ruta 35,CON_FALLECIDOS,Colision Multiple,Exceso de velocidad,60,FALLECIDO,HOMBRE,PEATON,24,LESIONADO,NO_REGISTRA,OTRO,,,,
2026-01-22 11:13:23,-4.014605,-79.177397,Av. Metropolitana,CON_LESIONADOS,Caida,Fatiga del conductor,34,LESIONADO,NO_REGISTRA,OTRO,7,LESIONADO,NO_REGISTRA,MOTOCICLETA,48,LESIONADO,MUJER,VEH_LIVIANO
2026-01-20 06:22:37,-3.994068,-79.198867,Calle Montufar,CON_FALLECIDOS,Colision Multiple,Via resbaladiza o mojada,33,FALLECIDO,HOMBRE,OTRO,56,FALLECIDO,NO_REGISTRA,OTRO,77,LESIONADO,MUJER,VEH_LIVIANO
2026-01-11 17:45:27,-4.026954,-79.197271,Calle Mercadillo,CON_FALLECIDOS,Caida,Factores externos,59,FALLECIDO,MUJER,OTRO,44,FALLECIDO,NO_REGISTRA,VEH_LIVIANO,,,,
2026-01-04 08:01:04,-4.023644,-79.217358,Av. Reinaldo Espinosa,SOLO_DANOS,Colision Multiple,Distraccion (celular/radio),,,,,,,,,,,,
2026-01-18 05:24:32,-3.984606,-79.224705,Av. Pio Jaramillo,CON_LESIONADOS,Volcamiento,Distraccion (celular/radio),44,LESIONADO,MUJER,VEH_LIVIANO,,,,,,,,
2026-01-07 00:14:07,-4.016044,-79.199649,Calle 18 de Noviembre,CON_FALLECIDOS,Atropellamiento,Visibilidad reducida,29,FALLECIDO,MUJER,SCOOTER,25,FALLECIDO,NO_REGISTRA,SCOOTER,18,LESIONADO,NO_REGISTRA,OTRO
2026-01-19 14:14:11,-3.989455,-79.193074,Av. Universitaria,SOLO_DANOS,Atropellamiento,Estado de embriaguez,,,,,,,,,,,,
2026-01-17 10:38:20,-4.000939,-79.190704,Calle Quito,CON_FALLECIDOS,Incendio,Equipo de seguridad deficiente,50,FALLECIDO,NO_REGISTRA,VEH_LIVIANO,47,LESIONADO,HOMBRE,CICLISTA,,,,
2026-01-10 23:41:56,-4.006579,-79.191537,Av. Manuel Agustin Aguirre,SOLO_DANOS,Choque Vehicular,Falla mecanica,,,,,,,,,,,,
2026-01-06 21:19:12,-3.977174,-79.229401,Calle Miguel Riofrio,CON_LESIONADOS,Atropellamiento,Visibilidad reducida,48,LESIONADO,MUJER,MOTOCICLETA,56,LESIONADO,NO_REGISTRA,VEH_LIVIANO,75,LESIONADO,NO_REGISTRA,OTRO
2026-01-19 12:46:13,-3.978118,-79.200868,Av. Isidro Ayora,SOLO_DANOS,Colision Multiple,Inobservancia de senales,,,,,,,,,,,,
2026-01-13 16:22:59,-4.034013,-79.171220,Calle Imbabura,CON_LESIONADOS,Atropellamiento,Fatiga del conductor,20,LESIONADO,NO_REGISTRA,CICLISTA,49,LESIONADO,HOMBRE,OTRO,25,LESIONADO,NO_REGISTRA,PEATON
2026-01-08 16:27:46,-4.034690,-79.196044,Av. Metropolitana,CON_LESIONADOS,Colision Multiple,Mal estado de la via,8,LESIONADO,HOMBRE,CICLISTA,69,LESIONADO,MUJER,MOTOCICLETA,,,,
2026-01-02 03:58:08,-4.017740,-79.220364,Calle Rocafuerte,CON_LESIONADOS,Colision Multiple,Via resbaladiza o mojada,69,LESIONADO,HOMBRE,SCOOTER,53,LESIONADO,NO_REGISTRA,SCOOTER,,,,
2026-01-12 15:31:32,-4.028293,-79.214466,Calle Bolivar,SOLO_DANOS,Choque Vehicular,Inobservancia de senales,,,,,,,,,,,,
2026-01-09 13:46:08,-3.978097,-79.179982,Av. Cuxibamba,CON_FALLECIDOS,Caida,Imprudencia del conductor,43,FALLECIDO,HOMBRE,MOTOCICLETA,68,FALLECIDO,MUJER,OTRO,69,LESIONADO,HOMBRE,MOTOCICLETA
2026-01-13 02:46:21,-4.020500,-79.175321,Av. Metropolitana,CON_FALLECIDOS,Accidente Laboral,Inobservancia de senales,82,FALLECIDO,HOMBRE,VEH_LIVIANO,25,FALLECIDO,MUJER,VEH_LIVIANO,,,,
2026-01-10 07:05:50,-4.000533,-79.192793,Via Loja - Catamayo,CON_FALLECIDOS,Incendio,Equipo de seguridad deficiente,50,FALLECIDO,HOMBRE,OTRO,65,FALLECIDO,HOMBRE,SCOOTER,55,LESIONADO,NO_REGISTRA,SCOOTER
2026-01-03 01:44:10,-4.010023,-79.190088,Av. Cuxibamba,CON_LESIONADOS,Colision Multiple,Exceso de velocidad,6,LESIONADO,MUJER,SCOOTER,,,,,,,,
2026-01-12 02:00:09,-4.031637,-79.188137,Av. 8 de Diciembre,SOLO_DANOS,Caida,Factores externos,,,,,,,,,,,,
2026-01-05 05:45:28,-3.999787,-79.212705,Calle Ramon Borrero,SOLO_DANOS,Incendio,Estado de embriaguez,,,,,,,,,,,,
2026-01-07 15:51:56,-4.015347,-79.230582,Via Loja - Catamayo,CON_FALLECIDOS,Incendio,Inobservancia de senales,46,FALLECIDO,NO_REGISTRA,SCOOTER,9,LESIONADO,MUJER,PEATON,,,,
2026-01-05 12:34:11,-4.026727,-79.178557,Via Loja - Catamayo,SOLO_DANOS,Caida,Inobservancia de senales,,,,,,,,,,,,
2026-01-08 01:36:29,-3.991854,-79.224813,Calle Bolivar,CON_FALLECIDOS,Volcamiento,Inobservancia de senales,34,FALLECIDO,MUJER,OTRO,49,FALLECIDO,MUJER,CICLISTA,,,,
2026-01-08 17:56:09,-4.023703,-79.199651,Av. Isidro Ayora,CON_FALLECIDOS,Caida,Factores externos,31,FALLECIDO,MUJER,MOTOCICLETA,22,FALLECIDO,HOMBRE,OTRO,,,,
2026-01-22 16:32:39,-3.999032,-79.222187,Calle Imbabura,CON_LESIONADOS,Accidente Laboral,Falla mecanica,41,LESIONADO,NO_REGISTRA,MOTOCICLETA,27,LESIONADO,MUJER,MOTOCICLETA,,,,
2026-01-03 20:38:58,-3.982036,-79.226629,Av. Pio Jaramillo,CON_LESIONADOS,Caida,Exceso de velocidad,74,LESIONADO,NO_REGISTRA,VEH_LIVIANO,,,,,,,,
2026-01-15 22:39:51,-4.010818,-79.177603,Av. Cuxibamba,SOLO_DANOS,Incendio,Estado de embriaguez,,,,,,,,,,,,
2026-01-14 06:10:03,-4.002387,-79.219195,Av. Universitaria,SOLO_DANOS,Volcamiento,Factores externos,,,,,,,,,,,,
2026-01-05 00:45:44,-3.995728,-79.182660,Av. Isidro Ayora,CON_FALLECIDOS,Choque Vehicular,Distraccion (celular/radio),57,FALLECIDO,MUJER,SCOOTER,44,LESIONADO,NO_REGISTRA,MOTOCICLETA,16,LESIONADO,NO_REGISTRA,CICLISTA
2026-01-09 23:48:09,-3.979885,-79.200362,Calle Quito,SOLO_DANOS,Accidente Laboral,Via resbaladiza o mojada,,,,,,,,,,,,
2026-01-14 11:57:26,-3.978782,-79.228874,Av. Cuxibamba,SOLO_DANOS,Volcamiento,Distraccion (celular/radio),,,,,,,,,,,,
2026-01-21 04:40:32,-3.987591,-79.203537,Calle Imbabura,CON_FALLECIDOS,Caida,Imprudencia del conductor,35,FALLECIDO,NO_REGISTRA,SCOOTER,38,FALLECIDO,HOMBRE,VEH_LIVIANO,79,LESIONADO,HOMBRE,OTRO
2026-01-22 17:31:53,-4.016933,-79.197661,Calle Bolivar,CON_LESIONADOS,Accidente Laboral,Imprudencia del conductor,66,LESIONADO,NO_REGISTRA,MOTOCICLETA,36,LESIONADO,NO_REGISTRA,OTRO,,,,
2026-01-07 10:37:34,-3.983905,-79.179011,Calle Quito,SOLO_DANOS,Volcamiento,Mal estado de la via,,,,,,,,,,,,
2026-01-22 16:28:01,-4.023764,-79.173927,Calle Saraguro,CON_FALLECIDOS,Choque Vehicular,Via resbaladiza o mojada,74,FALLECIDO,MUJER,SCOOTER,22,LESIONADO,NO_REGISTRA,PEATON,,,,
2026-01-13 01:10:05,-3.979099,-79.206587,Calle Azogues,SOLO_DANOS,Choque Vehicular,Exceso de velocidad,,,,,,,,,,,,
2026-01-18 21:21:43,-3.985043,-79.173721,Via Loja - Catamayo,SOLO_DANOS,Caida,Estado de embriaguez,,,,,,,,,,,,