fecha_hora,latitud,longitud,via,grado_severidad,tipo_siniestro,causa_probable,victima1_edad,victima1_condicion,victima1_sexo,victima1_actor_vial,victima2_edad,victima2_condicion,victima2_sexo,victima2_actor_vial,victima3_edad,victima3_condicion,victima3_sexo,victima3_actor_vial
2026-01-10 03:05:01,-3.987184,-79.174505,Calle Rocafuerte,SOLO_DANOS,Atropellamiento,Fatiga del conductor,,,,,,,,,,,,
2026-01-07 10:37:09,-4.025745,-79.216269,Calle Montufar,CON_FALLECIDOS,Volcamiento,Fatiga del conductor,84,FALLECIDO,HOMBRE,MOTOCICLETA,25,LESIONADO,HOMBRE,PEATON,,,,
2026-01-16 00:05:07,-3.981380,-79.189298,Calle Sucre,SOLO_DANOS,Atropellamiento,Via resbaladiza o mojada,,,,,,,,,,,,
2026-01-16 11:23:48,-3.998969,-79.177059,Av. Manuel Agustin Aguirre,SOLO_DANOS,Choque Vehicular,Mal estado de la via,53,LESIONADO,HOMBRE,SCOOTER,,,,,,,,
2026-01-09 23:54:37,-3.993192,-79.214004,Calle Mercadillo,CON_LESIONADOS,Volcamiento,Exceso de velocidad,33,LESIONADO,NO_REGISTRA,SCOOTER,,,,,,,,
2026-01-16 05:18:03,-4.036101,-79.230323,Calle Montufar,CON_LESIONADOS,Colision Multiple,Estado de embriaguez,40,LESIONADO,HOMBRE,CICLISTA,,,,,,,,
2026-01-01 22:13:24,-3.987017,-79.206495,Calle Azogues,CON_LESIONADOS,Atropellamiento,Inobservancia de senales,78,LESIONADO,HOMBRE,SCOOTER,57,LESIONADO,NO_REGISTRA,VEH_LIVIANO,54,LESIONADO,HOMBRE,MOTOCICLETA
2026-01-08 08:25:13,-4.008284,-79.196396,Av. Reinaldo Espinosa,CON_FALLECIDOS,Volcamiento,Distraccion (celular/radio),54,FALLECIDO,NO_REGISTRA,MOTOCICLETA,,,,,,,,
2026-01-01 23:19:59,-4.020342,-79.211280,Calle Mercadillo,CON_FALLECIDOS,Caida,Exceso de velocidad,43,FALLECIDO,HOMBRE,CICLISTA,41,FALLECIDO,HOMBRE,VEH_LIVIANO,57,LESIONADO,MUJER,VEH_LIVIANO
2026-01-01 20:45:25,-4.008331,-79.209861,Calle Miguel Riofrio,CON_LESIONADOS,Colision Multiple,Inobservancia de senales,29,LESIONADO,NO_REGISTRA,VEH_LIVIANO,7,LESIONADO,NO_REGISTRA,PEATON,46,LESIONADO,MUJER,PEATON
2026-01-17 23:07:57,-4.021315,-79.189465,Calle Montufar,CON_FALLECIDOS,Colision Multiple,Visibilidad reducida,45,FALLECIDO,MUJER,OTRO,60,FALLECIDO,HOMBRE,OTRO,5,LESIONADO,HOMBRE,SCOOTER
2026-01-15 15:36:23,-3.992384,-79.180300,Calle 10 de Agosto,CON_LESIONADOS,Volcamiento,Visibilidad reducida,65,LESIONADO,NO_REGISTRA,PEATON,27,LESIONADO,HOMBRE,CICLISTA,66,LESIONADO,MUJER,MOTOCICLETA
2026-01-17 09:31:02,-4.026602,-79.173215,Av. Gran Colombia,SOLO_DANOS,Colision Multiple,Imprudencia del conductor,13,LESIONADO,MUJER,CICLISTA,,,,,,,,
2026-01-11 05:50:57,-3.979028,-79.207225,Via Loja - Catamayo,SOLO_DANOS,Caida,Estado de embriaguez,19,LESIONADO,HOMBRE,SCOOTER,,,,,,,,
2026-01-06 03:34:44,-4.029038,-79.219378,Av. 8 de Diciembre,CON_LESIONADOS,Volcamiento,Mal estado de la via,33,LESIONADO,MUJER,PEATON,,,,,,,,
2026-01-12 08:50:40,-4.036813,-79.221545,Av. Rosa Hermosa,CON_LESIONADOS,Incendio,Mal estado de la via,64,LESIONADO,HOMBRE,PEATON,,,,,,,,
2026-01-09 01:49:46,-3.981469,-79.180027,Calle Bolivar,CON_LESIONADOS,Incendio,Fatiga del conductor,66,LESIONADO,HOMBRE,OTRO,22,LESIONADO,HOMBRE,MOTOCICLETA,65,LESIONADO,MUJER,SCOOTER
2026-01-11 09:52:05,-4.034478,-79.211090,Av. Orillas del Zamora,CON_LESIONADOS,Atropellamiento,Distraccion (celular/radio),47,LESIONADO,MUJER,MOTOCICLETA,41,LESIONADO,HOMBRE,MOTOCICLETA,,,,
2026-01-19 21:46:29,-4.025758,-79.173110,Calle Bolivar,CON_FALLECIDOS,Accidente Laboral,Inobservancia de senales,35,FALLECIDO,MUJER,PEATON,36,FALLECIDO,NO_REGISTRA,CICLISTA,39,LESIONADO,NO_REGISTRA,SCOOTER
2026-01-18 18:02:46,-3.993326,-79.205917,Av. Gran Colombia,CON_LESIONADOS,Choque Vehicular,Fatiga del conductor,62,LESIONADO,NO_REGISTRA,CICLISTA,36,LESIONADO,MUJER,CICLISTA,,,,
2026-01-13 04:23:52,-4.024286,-79.219321,Calle Azogues,CON_FALLECIDOS,Atropellamiento,Estado de embriaguez,64,FALLECIDO,NO_REGISTRA,PEATON,74,FALLECIDO,MUJER,OTRO,,,,
2026-01-01 13:30:48,-4.007106,-79.228827,Av. Pio Jaramillo,CON_LESIONADOS,Choque Vehicular,Factores externos,53,LESIONADO,NO_REGISTRA,SCOOTER,79,LESIONADO,MUJER,SCOOTER,,,,
2026-01-07 13:35:20,-4.028630,-79.179669,Calle 10 de Agosto,CON_FALLECIDOS,Accidente Laboral,Distraccion (celular/radio),32,FALLECIDO,HOMBRE,VEH_LIVIANO,,,,,,,,
2026-01-08 04:31:40,-4.032581,-79.194582,Calle Sucre,CON_FALLECIDOS,Accidente Laboral,Falla mecanica,26,FALLECIDO,MUJER,VEH_LIVIANO,81,FALLECIDO,HOMBRE,OTRO,,,,
2026-01-09 08:50:14,-4.029900,-79.189926,Calle Rocafuerte,SOLO_DANOS,Incendio,Mal estado de la via,,,,,,,,,,,,
2026-01-22 22:39:23,-3.997365,-79.229640,Calle Saraguro,CON_LESIONADOS,Choque Vehicular,Equipo de seguridad deficiente,11,LESIONADO,NO_REGISTRA,PEATON,,,,,,,,
2026-01-20 22:52:53,-4.031857,-79.175311,Calle Mercadillo,SOLO_DANOS,Incendio,Equipo de seguridad deficiente,,,,,,,,,,,,
2026-01-09 13:47:58,-4.001211,-79.216364,Calle Montufar,CON_LESIONADOS,Caida,Equipo de seguridad deficiente,49,LESIONADO,HOMBRE,MOTOCICLETA,,,,,,,,
2026-01-12 17:44:21,-3.981053,-79.181486,Av. Gran Colombia,SOLO_DANOS,Colision Multiple,Exceso de velocidad,,,,,,,,,,,,
2026-01-07 13:42:09,-4.028009,-79.213652,Av. Orillas del Zamora,SOLO_DANOS,Choque Vehicular,Exceso de velocidad,,,,,,,,,,,,
2026-01-14 11:29:50,-3.995168,-79.229020,Calle Colon,SOLO_DANOS,Incendio,Fatiga del conductor,66,LESIONADO,NO_REGISTRA,SCOOTER,,,,,,,,
2026-01-02 19:13:10,-4.025898,-79.190778,Calle Miguel Riofrio,SOLO_DANOS,Volcamiento,Inobservancia de senales,56,LESIONADO,MUJER,SCOOTER,,,,,,,,
2026-01-08 12:03:24,-4.025520,-79.229061,Av. Manuel Agustin Aguirre,SOLO_DANOS,Atropellamiento,Falla mecanica,,,,,,,,,,,,
2026-01-08 01:59:17,-4.017011,-79.192566,Calle Azogues,CON_FALLECIDOS,Atropellamiento,Factores externos,79,FALLECIDO,MUJER,SCOOTER,24,FALLECIDO,NO_REGISTRA,SCOOTER,,,,
2026-01-15 13:27:32,-4.007377,-79.183684,Av. Pio Jaramillo,CON_LESIONADOS,Incendio,Equipo de seguridad deficiente,26,LESIONADO,HOMBRE,MOTOCICLETA,,,,,,,,
2026-01-06 00:36:26,-4.031484,-79.197812,Via Loja - Zamora,SOLO_DANOS,Colision Multiple,Distraccion (celular/radio),,,,,,,,,,,,
2026-01-09 21:17:42,-3.978187,-79.216545,Av. Rosa Hermosa,CON_FALLECIDOS,Atropellamiento,Exceso de velocidad,61,FALLECIDO,MUJER,MOTOCICLETA,74,FALLECIDO,MUJER,SCOOTER,74,LESIONADO,MUJER,MOTOCICLETA
2026-01-17 22:02:58,-3.981565,-79.220598,Av. Gran Colombia,CON_LESIONADOS,Atropellamiento,Via resbaladiza o mojada,13,LESIONADO,HOMBRE,OTRO,56,LESIONADO,MUJER,SCOOTER,80,LESIONADO,NO_REGISTRA,SCOOTER
2026-01-11 09:48:41,-3.990738,-79.186746,Calle 18 de Noviembre,CON_FALLECIDOS,Caida,Imprudencia del conductor,82,FALLECIDO,MUJER,PEATON,43,LESIONADO,MUJER,CICLISTA,,,,
2026-01-03 03:58:36,-3.981687,-79.225157,Av. Cuxibamba,CON_FALLECIDOS,Accidente Laboral,Exceso de velocidad,25,FALLECIDO,MUJER,PEATON,,,,,,,,
2026-01-21 16:26:59,-4.004114,-79.187786,Via Loja - Catamayo,SOLO_DANOS,Accidente Laboral,Visibilidad reducida,,,,,,,,,,,,
2026-01-21 00:37:23,-4.003674,-79.183371,Av. 8 de Diciembre,SOLO_DANOS,Caida,Distraccion (celular/radio),,,,,,,,,,,,
2026-01-17 01:04:27,-3.999511,-79.193512,Calle Saraguro,CON_FALLECIDOS,Caida,Distraccion (celular/radio),51,FALLECIDO,HOMBRE,CICLISTA,34,FALLECIDO,HOMBRE,PEATON,74,LESIONADO,NO_REGISTRA,OTRO
2026-01-06 11:48:54,-4.036713,-79.180282,Calle Miguel Riofrio,CON_FALLECIDOS,Caida,Exceso de velocidad,62,FALLECIDO,NO_REGISTRA,SCOOTER,64,FALLECIDO,MUJER,VEH_LIVIANO,64,LESIONADO,NO_REGISTRA,CICLISTA
2026-01-08 01:40:45,-4.011724,-79.225507,Av. Reinaldo Espinosa,SOLO_DANOS,Choque Vehicular,Imprudencia del conductor,,,,,,,,,,,,
2026-01-20 19:38:12,-4.015086,-79.217330,Calle Mercadillo,CON_LESIONADOS,Accidente Laboral,Factores externos,25,LESIONADO,MUJER,SCOOTER,72,LESIONADO,MUJER,SCOOTER,,,,
2026-01-03 17:59:17,-4.024796,-79.213949,Calle Saraguro,CON_FALLECIDOS,Incendio,Via resbaladiza o mojada,59,FALLECIDO,MUJER,CICLISTA,26,LESIONADO,HOMBRE,PEATON,55,LESIONADO,MUJER,VEH_LIVIANO
2026-01-19 14:23:54,-3.995266,-79.201139,Calle Sucre,SOLO_DANOS,Incendio,Factores externos,,,,,,,,,,,,
2026-01-08 12:22:00,-4.011540,-79.188613,Calle Saraguro,CON_LESIONADOS,Colision Multiple,Mal estado de la via,78,LESIONADO,NO_REGISTRA,OTRO,,,,,,,,
2026-01-21 19:39:24,-4.028729,-79.218819,Calle Saraguro,CON_LESIONADOS,Colision Multiple,Via resbaladiza o mojada,50,LESIONADO,HOMBRE,CICLISTA,,,,,,,,
2026-01-03 15:27:35,-3.997712,-79.186094,Av. Rosa Hermosa,CON_LESIONADOS,Atropellamiento,Mal estado de la via,27,LESIONADO,NO_REGISTRA,OTRO,6,LESIONADO,MUJER,OTRO,,,,
2026-01-10 20:23:55,-4.015007,-79.228718,Av. Gran Colombia,SOLO_DANOS,Incendio,Inobservancia de senales,,,,,,,,,,,,
2026-01-05 15:12:10,-4.002808,-79.210964,Via Loja - Catamayo,CON_LESIONADOS,Volcamiento,Equipo de seguridad deficiente,56,LESIONADO,MUJER,MOTOCICLETA,,,,,,,,
2026-01-07 05:23:18,-4.008738,-79.221104,Via Loja - Catamayo,CON_LESIONADOS,Choque Vehicular,Visibilidad reducida,23,LESIONADO,MUJER,MOTOCICLETA,50,LESIONADO,NO_REGISTRA,MOTOCICLETA,34,LESIONADO,HOMBRE,CICLISTA
2026-01-05 16:13:15,-4.014967,-79.200810,Av. Manuel Agustin Aguirre,SOLO_DANOS,Incendio,Exceso de velocidad,,,,,,,,,,,,
2026-01-05 12:33:58,-4.029678,-79.203313,Av. Cuxibamba,CON_FALLECIDOS,Colision Multiple,Via resbaladiza o mojada,61,FALLECIDO,MUJER,VEH_LIVIANO,68,LESIONADO,HOMBRE,VEH_LIVIANO,68,LESIONADO,MUJER,SCOOTER
2026-01-05 20:02:35,-4.014232,-79.206586,Calle Ramon Borrero,CON_FALLECIDOS,Caida,Falla mecanica,53,FALLECIDO,MUJER,PEATON,14,LESIONADO,MUJER,OTRO,18,LESIONADO,HOMBRE,PEATON
2026-01-02 00:13:50,-3.988609,-79.216223,Calle Montufar,SOLO_DANOS,Colision Multiple,Visibilidad reducida,,,,,,,,,,,,
2026-01-22 19:08:23,-3.990899,-79.222434,Calle Miguel Riofrio,CON_LESIONADOS,Choque Vehicular,Visibilidad reducida,11,LESIONADO,NO_REGISTRA,CICLISTA,46,LESIONADO,MUJER,OTRO,49,LESIONADO,HOMBRE,VEH_LIVIANO
2026-01-14 02:00:16,-3.996654,-79.191434,Av. 8 de Diciembre,CON_FALLECIDOS,Atropellamiento,Falla mecanica,18,FALLECIDO,MUJER,CICLISTA,82,FALLECIDO,NO_REGISTRA,CICLISTA,28,LESIONADO,NO_REGISTRA,MOTOCICLETA
2026-01-14 07:48:04,-4.004643,-79.184064,Av. Reinaldo Espinosa,SOLO_DANOS,Atropellamiento,Via resbaladiza o mojada,,,,,,,,,,,,
2026-01-11 21:23:05,-4.024088,-79.229019,Calle Miguel Riofrio,SOLO_DANOS,Choque Vehicular,Mal estado de la via,,,,,,,,,,,,
2026-01-15 13:17:08,-4.013985,-79.195035,Av. Orillas del Zamora,CON_FALLECIDOS,Caida,Distraccion (celular/radio),78,FALLECIDO,NO_REGISTRA,SCOOTER,40,FALLECIDO,HOMBRE,CICLISTA,65,LESIONADO,NO_REGISTRA,CICLISTA
2026-01-19 00:12:26,-4.017076,-79.176299,Ruta 35,SOLO_DANOS,Incendio,Mal estado de la via,,,,,,,,,,,,
2026-01-09 08:47:34,-4.029853,-79.200878,Av. Reinaldo Espinosa,CON_FALLECIDOS,Accidente Laboral,Exceso de velocidad,38,FALLECIDO,NO_REGISTRA,OTRO,51,FALLECIDO,MUJER,MOTOCICLETA,17,LESIONADO,NO_REGISTRA,VEH_LIVIANO
2026-01-05 08:31:41,-3.984446,-79.218954,Calle Azogues,SOLO_DANOS,Atropellamiento,Via resbaladiza o mojada,,,,,,,,,,,,
2026-01-02 01:39:11,-4.033004,-79.201384,Via Loja - Zamora,SOLO_DANOS,Accidente Laboral,Estado de embriaguez,,,,,,,,,,,,
2026-01-04 22:07:46,-4.024570,-79.176825,Calle Rocafuerte,SOLO_DANOS,Caida,Falla mecanica,,,,,,,,,,,,
2026-01-07 06:38:19,-3.997768,-79.221733,Av. Universitaria,CON_LESIONADOS,Choque Vehicular,Via resbaladiza o mojada,61,LESIONADO,MUJER,MOTOCICLETA,,,,,,,,
2026-01-18 07:36:38,-3.982143,-79.210446,Calle Sucre,CON_FALLECIDOS,Colision Multiple,Inobservancia de senales,66,FALLECIDO,MUJER,SCOOTER,,,,,,,,
2026-01-10 23:49:51,-4.002903,-79.196478,Av. 8 de Diciembre,SOLO_DANOS,Atropellamiento,Falla mecanica,,,,,,,,,,,,
2026-01-05 13:04:53,-3.979224,-79.202263,Calle Ramon Borrero,CON_LESIONADOS,Choque Vehicular,Estado de embriaguez,17,LESIONADO,NO_REGISTRA,MOTOCICLETA,61,LESIONADO,MUJER,OTRO,33,LESIONADO,MUJER,SCOOTER
2026-01-09 12:58:33,-3.995935,-79.202198,Av. Cuxibamba,CON_FALLECIDOS,Choque Vehicular,Imprudencia del conductor,67,FALLECIDO,HOMBRE,SCOOTER,70,FALLECIDO,NO_REGISTRA,OTRO,25,LESIONADO,HOMBRE,OTRO
2026-01-16 22:49:07,-4.014816,-79.189471,Calle Azogues,SOLO_DANOS,Caida,Falla mecanica,,,,,,,,,,,,
2026-01-20 16:56:40,-3.991692,-79.208465,Ruta 35,SOLO_DANOS,Volcamiento,Factores externos,,,,,,,,,,,,
2026-01-07 02:56:00,-4.016402,-79.202161,Av. Gran Colombia,SOLO_DANOS,Atropellamiento,Exceso de velocidad,,,,,,,,,,,,
2026-01-21 18:20:00,-3.981646,-79.198079,Calle Azogues,CON_LESIONADOS,Atropellamiento,Distraccion (celular/radio),51,LESIONADO,HOMBRE,VEH_LIVIANO,60,LESIONADO,NO_REGISTRA,MOTOCICLETA,80,LESIONADO,NO_REGISTRA,CICLISTA
2026-01-21 14:58:40,-4.023964,-79.196221,Calle Azogues,SOLO_DANOS,Caida,Via resbaladiza o mojada,,,,,,,,,,,,
2026-01-19 19:57:00,-3.985143,-79.196707,Calle 18 de Noviembre,CON_LESIONADOS,Incendio,Factores externos,15,LESIONADO,HOMBRE,MOTOCICLETA,63,LESIONADO,NO_REGISTRA,SCOOTER,,,,
2026-01-20 13:27:27,-4.011793,-79.214704,Calle Quito,CON_FALLECIDOS,Accidente Laboral,Distraccion (celular/radio),82,FALLECIDO,MUJER,SCOOTER,,,,,,,,
2026-01-02 08:41:09,-3.991075,-79.216015,Av. Manuel Agustin Aguirre,CON_FALLECIDOS,Caida,Inobservancia de senales,21,FALLECIDO,HOMBRE,PEATON,10,LESIONADO,NO_REGISTRA,PEATON,,,,
2026-01-07 10:34:12,-4.020337,-79.182336,Calle Ramon Borrero,CON_LESIONADOS,Accidente Laboral,Visibilidad reducida,43,LESIONADO,NO_REGISTRA,CICLISTA,62,LESIONADO,NO_REGISTRA,CICLISTA,51,LESIONADO,HOMBRE,MOTOCICLETA
2026-01-11 19:24:12,-3.981298,-79.190415,Calle Bolivar,CON_FALLECIDOS,Accidente Laboral,Factores externos,19,FALLECIDO,MUJER,OTRO,19,LESIONADO,MUJER,SCOOTER,,,,
2026-01-18 21:02:15,-4.026030,-79.178202,Calle Imbabura,CON_FALLECIDOS,Incendio,Inobservancia de senales,62,FALLECIDO,MUJER,MOTOCICLETA,,,,,,,,
2026-01-06 11:20:41,-3.982202,-79.200457,Av. Pio Jaramillo,CON_FALLECIDOS,Volcamiento,Factores externos,56,FALLECIDO,NO_REGISTRA,CICLISTA,8,LESIONADO,MUJER,SCOOTER,,,,
2026-01-16 20:30:08,-4.033002,-79.212890,Av. Reinaldo Espinosa,CON_FALLECIDOS,Caida,Estado de embriaguez,44,FALLECIDO,HOMBRE,OTRO,53,FALLECIDO,HOMBRE,CICLISTA,,,,
2026-01-18 18:08:06,-4.020392,-79.216918,Calle Sucre,SOLO_DANOS,Accidente Laboral,Falla mecanica,,,,,,,,,,,,
2026-01-11 01:17:56,-4.001891,-79.196515,Calle Quito,CON_FALLECIDOS,Caida,Exceso de velocidad,35,FALLECIDO,NO_REGISTRA,CICLISTA,77,FALLECIDO,NO_REGISTRA,PEATON,34,LESIONADO,MUJER,VEH_LIVIANO
2026-01-14 19:41:06,-4.002682,-79.215674,Calle Azogues,CON_FALLECIDOS,Choque Vehicular,Inobservancia de senales,51,FALLECIDO,HOMBRE,SCOOTER,30,LESIONADO,NO_REGISTRA,MOTOCICLETA,,,,
2026-01-16 23:43:03,-4.001356,-79.173545,Via Loja - Zamora,SOLO_DANOS,Volcamiento,Exceso de velocidad,,,,,,,,,,,,
2026-01-09 20:02:35,-4.032609,-79.221755,Av. 8 de Diciembre,CON_FALLECIDOS,Accidente Laboral,Estado de embriaguez,45,FALLECIDO,NO_REGISTRA,PEATON,22,FALLECIDO,MUJER,SCOOTER,41,LESIONADO,MUJER,SCOOTER
2026-01-12 18:43:37,-3.992046,-79.230582,Calle Sucre,CON_LESIONADOS,Accidente Laboral,Factores externos,19,LESIONADO,MUJER,OTRO,40,LESIONADO,NO_REGISTRA,OTRO,,,,
2026-01-15 03:00:47,-4.008784,-79.182875,Av. Rosa Hermosa,SOLO_DANOS,Choque Vehicular,Visibilidad reducida,,,,,,,,,,,,
2026-01-15 23:51:55,-4.031073,-79.207842,Calle Rocafuerte,CON_FALLECIDOS,Incendio,Via resbaladiza o mojada,38,FALLECIDO,MUJER,OTRO,67,FALLECIDO,MUJER,VEH_LIVIANO,,,,
2026-01-16 06:37:44,-4.008845,-79.192167,Calle 10 de Agosto,CON_LESIONADOS,Choque Vehicular,Inobservancia de senales,37,LESIONADO,NO_REGISTRA,SCOOTER,30,LESIONADO,MUJER,SCOOTER,43,LESIONADO,NO_REGISTRA,PEATON
2026-01-17 13:55:33,-4.009559,-79.226321,Calle 18 de Noviembre,SOLO_DANOS,Accidente Laboral,Inobservancia de senales,,,,,,,,,,,,
2026-01-08 14:30:44,-4.028255,-79.225117,Av. Isidro Ayora,SOLO_DANOS,Caida,Fatiga del conductor,42,LESIONADO,MUJER,MOTOCICLETA,,,,,,,,
2026-01-12 00:58:01,-3.983796,-79.187704,Av. Orillas del Zamora,CON_LESIONADOS,Choque Vehicular,Factores externos,16,LESIONADO,HOMBRE,MOTOCICLETA,52,LESIONADO,NO_REGISTRA,SCOOTER,,,,
2026-01-13 09:33:11,-3.991000,-79.229423,Av. Universitaria,SOLO_DANOS,Volcamiento,Via resbaladiza o mojada,,,,,,,,,,,,
2026-01-20 21:35:55,-4.021762,-79.191693,Av. Reinaldo Espinosa,SOLO_DANOS,Choque Vehicular,Factores externos,,,,,,,,,,,,
2026-01-15 10:58:32,-4.019371,-79.227867,Calle Azogues,SOLO_DANOS,Caida,Estado de embriaguez,,,,,,,,,,,,
2026-01-04 01:51:01,-3.997371,-79.201391,Av. Gran Colombia,CON_LESIONADOS,Atropellamiento,Falla mecanica,19,LESIONADO,HOMBRE,SCOOTER,60,LESIONADO,NO_REGISTRA,SCOOTER,29,LESIONADO,HOMBRE,OTRO
2026-01-22 08:16:26,-3.977194,-79.192539,Av. Reinaldo Espinosa,CON_FALLECIDOS,Choque Vehicular,Falla mecanica,56,FALLECIDO,MUJER,OTRO,20,LESIONADO,NO_REGISTRA,OTRO,48,LESIONADO,HOMBRE,SCOOTER
2026-01-17 02:30:56,-3.983408,-79.188772,Calle Imbabura,SOLO_DANOS,Atropellamiento,Equipo de seguridad deficiente,,,,,,,,,,,,
2026-01-12 19:16:18,-3.986207,-79.186585,Av. Reinaldo Espinosa,CON_FALLECIDOS,Choque Vehicular,Visibilidad reducida,73,FALLECIDO,HOMBRE,PEATON,29,LESIONADO,MUJER,SCOOTER,70,LESIONADO,NO_REGISTRA,SCOOTER
2026-01-03 12:11:29,-3.983396,-79.215131,Av. Orillas del Zamora,SOLO_DANOS,Colision Multiple,Distraccion (celular/radio),,,,,,,,,,,,
2026-01-09 20:10:10,-4.032410,-79.177511,Ruta 35,CON_FALLECIDOS,Atropellamiento,Distraccion (celular/radio),47,FALLECIDO,MUJER,MOTOCICLETA,28,FALLECIDO,NO_REGISTRA,VEH_LIVIANO,42,LESIONADO,HOMBRE,CICLISTA
2026-01-04 02:57:20,-3.992979,-79.179633,Calle Bolivar,CON_LESIONADOS,Incendio,Equipo de seguridad deficiente,71,LESIONADO,MUJER,VEH_LIVIANO,66,LESIONADO,HOMBRE,MOTOCICLETA,,,,
2026-01-20 09:24:33,-3.984039,-79.211576,Via Loja - Catamayo,CON_LESIONADOS,Colision Multiple,Imprudencia del conductor,71,LESIONADO,MUJER,VEH_LIVIANO,23,LESIONADO,MUJER,PEATON,,,,
2026-01-10 15:49:12,-3.982713,-79.179967,Via Loja - Zamora,SOLO_DANOS,Incendio,Equipo de seguridad deficiente,,,,,,,,,,,,
2026-01-22 15:43:09,-4.001995,-79.182204,Calle Ramon Borrero,CON_LESIONADOS,Colision Multiple,Fatiga del conductor,16,LESIONADO,MUJER,OTRO,9,LESIONADO,MUJER,OTRO,15,LESIONADO,HOMBRE,SCOOTER
2026-01-02 12:14:53,-3.988317,-79.205855,Calle Azogues,SOLO_DANOS,Volcamiento,Imprudencia del conductor,,,,,,,,,,,,
2026-01-18 05:34:28,-4.007467,-79.211923,Calle Imbabura,CON_FALLECIDOS,Colision Multiple,Fatiga del conductor,72,FALLECIDO,MUJER,PEATON,32,LESIONADO,NO_REGISTRA,SCOOTER,63,LESIONADO,HOMBRE,MOTOCICLETA
2026-01-13 04:03:48,-4.004278,-79.184514,Av. Cuxibamba,CON_LESIONADOS,Volcamiento,Imprudencia del conductor,28,LESIONADO,HOMBRE,VEH_LIVIANO,53,LESIONADO,NO_REGISTRA,PEATON,65,LESIONADO,HOMBRE,VEH_LIVIANO
2026-01-16 06:34:08,-4.022888,-79.188113,Calle Rocafuerte,CON_LESIONADOS,Accidente Laboral,Imprudencia del conductor,69,LESIONADO,NO_REGISTRA,MOTOCICLETA,35,LESIONADO,HOMBRE,PEATON,,,,
2026-01-19 01:30:54,-4.016584,-79.221860,Calle Miguel Riofrio,SOLO_DANOS,Colision Multiple,Estado de embriaguez,,,,,,,,,,,,
2026-01-04 01:15:34,-3.984461,-79.184106,Calle 10 de Agosto,CON_LESIONADOS,Caida,Exceso de velocidad,12,LESIONADO,MUJER,OTRO,54,LESIONADO,NO_REGISTRA,SCOOTER,,,,
2026-01-17 14:30:40,-3.995255,-79.225681,Calle 18 de Noviembre,CON_LESIONADOS,Colision Multiple,Fatiga del conductor,34,LESIONADO,NO_REGISTRA,OTRO,45,LESIONADO,MUJER,VEH_LIVIANO,,,,
2026-01-17 04:17:26,-4.018673,-79.180955,Calle Imbabura,CON_FALLECIDOS,Caida,Distraccion (celular/radio),41,FALLECIDO,MUJER,VEH_LIVIANO,29,FALLECIDO,HOMBRE,MOTOCICLETA,,,,
2026-01-07 15:00:50,-4.013426,-79.197372,Av. Reinaldo Espinosa,CON_FALLECIDOS,Caida,Distraccion (celular/radio),37,FALLECIDO,MUJER,PEATON,36,FALLECIDO,HOMBRE,CICLISTA,43,LESIONADO,HOMBRE,CICLISTA
2026-01-04 15:57:09,-4.013608,-79.199184,Calle Miguel Riofrio,SOLO_DANOS,Volcamiento,Visibilidad reducida,,,,,,,,,,,,
2026-01-08 06:31:11,-4.026392,-79.201182,Via Loja - Zamora,SOLO_DANOS,Accidente Laboral,Estado de embriaguez,,,,,,,,,,,,
2026-01-05 01:00:54,-3.992951,-79.217110,Av. Reinaldo Espinosa,CON_FALLECIDOS,Caida,Fatiga del conductor,23,FALLECIDO,NO_REGISTRA,VEH_LIVIANO,72,FALLECIDO,NO_REGISTRA,OTRO,,,,
2026-01-01 06:38:30,-3.982880,-79.174392,Calle Colon,CON_LESIONADOS,Atropellamiento,Via resbaladiza o mojada,63,LESIONADO,MUJER,CICLISTA,24,LESIONADO,NO_REGISTRA,CICLISTA,,,,
2026-01-01 05:28:33,-3.999300,-79.222014,Calle Imbabura,SOLO_DANOS,Caida,Inobservancia de senales,,,,,,,,,,,,
2026-01-08 08:31:30,-4.012244,-79.188100,Calle Azogues,CON_FALLECIDOS,Accidente Laboral,Equipo de seguridad deficiente,24,FALLECIDO,NO_REGISTRA,OTRO,56,FALLECIDO,MUJER,VEH_LIVIANO,6,LESIONADO,NO_REGISTRA,OTRO
2026-01-06 11:59:37,-4.004547,-79.200527,Calle Bolivar,CON_FALLECIDOS,Volcamiento,Falla mecanica,72,FALLECIDO,NO_REGISTRA,OTRO,46,LESIONADO,HOMBRE,VEH_LIVIANO,56,LESIONADO,NO_REGISTRA,MOTOCICLETA
2026-01-01 21:14:51,-4.032633,-79.192139,Calle Imbabura,SOLO_DANOS,Caida,Visibilidad reducida,,,,,,,,,,,,
2026-01-17 03:10:04,-4.020415,-79.223334,Via Loja - Zamora,SOLO_DANOS,Atropellamiento,Inobservancia de senales,,,,,,,,,,,,
2026-01-19 20:04:28,-4.019752,-79.189769,Av. Isidro Ayora,CON_FALLECIDOS,Accidente Laboral,Visibilidad reducida,28,FALLECIDO,MUJER,SCOOTER,,,,,,,,
2026-01-15 23:55:53,-4.029579,-79.194775,Av. Pio Jaramillo,CON_LESIONADOS,Atropellamiento,Exceso de velocidad,36,LESIONADO,HOMBRE,VEH_LIVIANO,56,LESIONADO,HOMBRE,SCOOTER,75,LESIONADO,HOMBRE,MOTOCICLETA