fecha_hora,latitud,longitud,via,grado_severidad,tipo_siniestro,causa_probable,victima1_edad,victima1_condicion,victima1_sexo,victima1_actor_vial,victima2_edad,victima2_condicion,victima2_sexo,victima2_actor_vial,victima3_edad,victima3_condicion,victima3_sexo,victima3_actor_vial
2026-01-21 12:58:45,-3.977517,-79.217175,Calle Colon,CON_LESIONADOS,Choque Vehicular,Factores externos,68,LESIONADO,NO_REGISTRA,OTRO,20,LESIONADO,HOMBRE,OTRO,,,,
2026-01-07 11:43:34,-3.979765,-79.171278,Av. Manuel Agustin Aguirre,SOLO_DANOS,Colision Multiple,Falla mecanica,,,,,,,,,,,,
2026-01-22 14:28:17,-3.977861,-79.226858,Av. 8 de Diciembre,SOLO_DANOS,Atropellamiento,Mal estado de la via,,,,,,,,,,,,
2026-01-09 13:49:30,-4.023900,-79.217933,Calle Mercadillo,CON_LESIONADOS,Volcamiento,Distraccion (celular/radio),39,LESIONADO,MUJER,SCOOTER,,,,,,,,
2026-01-12 15:41:25,-4.000834,-79.219631,Via Loja - Zamora,CON_FALLECIDOS,Volcamiento,Distraccion (celular/radio),53,FALLECIDO,MUJER,OTRO,51,LESIONADO,MUJER,SCOOTER,6,LESIONADO,HOMBRE,MOTOCICLETA
2026-01-13 00:42:50,-4.002711,-79.199866,Via Loja - Zamora,CON_FALLECIDOS,Choque Vehicular,Inobservancia de senales,69,FALLECIDO,MUJER,PEATON,15,LESIONADO,NO_REGISTRA,MOTOCICLETA,64,LESIONADO,HOMBRE,CICLISTA
2026-01-19 07:41:14,-4.025399,-79.207516,Via Loja - Zamora,CON_FALLECIDOS,Volcamiento,Mal estado de la via,52,FALLECIDO,NO_REGISTRA,CICLISTA,35,LESIONADO,MUJER,OTRO,,,,
2026-01-03 19:54:14,-4.036867,-79.225275,Av. Orillas del Zamora,SOLO_DANOS,Incendio,Factores externos,,,,,,,,,,,,
2026-01-15 04:14:06,-4.023913,-79.176920,Av. Cuxibamba,CON_LESIONADOS,Incendio,Estado de embriaguez,25,LESIONADO,NO_REGISTRA,CICLISTA,32,LESIONADO,MUJER,OTRO,,,,
2026-01-01 06:52:32,-4.002953,-79.179977,Via Loja - Catamayo,CON_LESIONADOS,Incendio,Distraccion (celular/radio),11,LESIONADO,HOMBRE,CICLISTA,,,,,,,,
2026-01-03 06:07:05,-3.984332,-79.220825,Av. Pio Jaramillo,CON_FALLECIDOS,Colision Multiple,Distraccion (celular/radio),46,FALLECIDO,NO_REGISTRA,MOTOCICLETA,32,FALLECIDO,HOMBRE,PEATON,,,,
2026-01-13 22:09:35,-4.027972,-79.186053,Calle Azogues,SOLO_DANOS,Incendio,Imprudencia del conductor,,,,,,,,,,,,
2026-01-19 15:45:10,-3.997415,-79.174531,Calle Montufar,CON_FALLECIDOS,Accidente Laboral,Fatiga del conductor,59,FALLECIDO,NO_REGISTRA,OTRO,33,FALLECIDO,MUJER,VEH_LIVIANO,,,,
2026-01-02 10:19:25,-4.021860,-79.217011,Av. Pio Jaramillo,CON_FALLECIDOS,Choque Vehicular,Imprudencia del conductor,25,FALLECIDO,NO_REGISTRA,VEH_LIVIANO,72,FALLECIDO,NO_REGISTRA,VEH_LIVIANO,,,,
2026-01-12 15:50:04,-4.009367,-79.189924,Calle Colon,CON_LESIONADOS,Choque Vehicular,Via resbaladiza o mojada,43,LESIONADO,NO_REGISTRA,OTRO,,,,,,,,
2026-01-15 09:08:18,-4.012509,-79.204926,Calle Bolivar,CON_LESIONADOS,Incendio,Estado de embriaguez,11,LESIONADO,MUJER,CICLISTA,35,LESIONADO,HOMBRE,MOTOCICLETA,56,LESIONADO,MUJER,VEH_LIVIANO
2026-01-14 01:30:54,-3.981150,-79.191983,Av. Manuel Agustin Aguirre,SOLO_DANOS,Colision Multiple,Equipo de seguridad deficiente,,,,,,,,,,,,
2026-01-13 12:45:54,-4.011575,-79.212316,Calle Miguel Riofrio,CON_LESIONADOS,Colision Multiple,Estado de embriaguez,66,LESIONADO,MUJER,MOTOCICLETA,,,,,,,,
2026-01-22 04:21:58,-4.004795,-79.221784,Calle Montufar,SOLO_DANOS,Atropellamiento,Visibilidad reducida,,,,,,,,,,,,
2026-01-23 13:18:19,-4.013967,-79.211794,Av. Metropolitana,CON_FALLECIDOS,Colision Multiple,Mal estado de la via,79,FALLECIDO,HOMBRE,CICLISTA,69,LESIONADO,HOMBRE,MOTOCICLETA,,,,
2026-01-04 18:24:58,-4.035302,-79.194047,Calle Colon,SOLO_DANOS,Colision Multiple,Falla mecanica,,,,,,,,,,,,
2026-01-06 22:15:44,-4.021669,-79.228913,Ruta 35,CON_FALLECIDOS,Atropellamiento,Exceso de velocidad,70,FALLECIDO,MUJER,VEH_LIVIANO,45,FALLECIDO,NO_REGISTRA,VEH_LIVIANO,,,,
2026-01-07 03:05:34,-4.006915,-79.220439,Calle Montufar,CON_FALLECIDOS,Choque Vehicular,Equipo de seguridad deficiente,34,FALLECIDO,MUJER,PEATON,7,LESIONADO,HOMBRE,VEH_LIVIANO,,,,
2026-01-07 03:13:04,-4.024110,-79.174421,Av. Universitaria,CON_FALLECIDOS,Colision Multiple,Exceso de velocidad,84,FALLECIDO,MUJER,MOTOCICLETA,48,FALLECIDO,HOMBRE,PEATON,29,LESIONADO,NO_REGISTRA,OTRO
2026-01-20 05:00:17,-4.021916,-79.181279,Av. Universitaria,CON_FALLECIDOS,Atropellamiento,Imprudencia del conductor,80,FALLECIDO,HOMBRE,CICLISTA,49,FALLECIDO,HOMBRE,PEATON,76,LESIONADO,NO_REGISTRA,MOTOCICLETA
2026-01-15 13:43:56,-4.030822,-79.206658,Calle 10 de Agosto,CON_LESIONADOS,Caida,Mal estado de la via,74,LESIONADO,MUJER,SCOOTER,13,LESIONADO,HOMBRE,PEATON,68,LESIONADO,MUJER,VEH_LIVIANO
2026-01-14 17:16:05,-4.012629,-79.227732,Av. Rosa Hermosa,CON_FALLECIDOS,Volcamiento,Falla mecanica,33,FALLECIDO,MUJER,OTRO,78,FALLECIDO,NO_REGISTRA,SCOOTER,35,LESIONADO,HOMBRE,SCOOTER
2026-01-21 12:34:57,-4.024800,-79.207674,Calle Mercadillo,CON_FALLECIDOS,Atropellamiento,Equipo de seguridad deficiente,19,FALLECIDO,NO_REGISTRA,OTRO,54,LESIONADO,NO_REGISTRA,OTRO,30,LESIONADO,HOMBRE,CICLISTA
2026-01-14 19:56:38,-4.032059,-79.188734,Calle Montufar,SOLO_DANOS,Caida,Estado de embriaguez,25,LESIONADO,MUJER,MOTOCICLETA,,,,,,,,
2026-01-20 15:14:02,-4.024490,-79.213523,Calle Miguel Riofrio,CON_FALLECIDOS,Colision Multiple,Imprudencia del conductor,28,FALLECIDO,HOMBRE,PEATON,51,LESIONADO,MUJER,SCOOTER,,,,
2026-01-16 23:28:54,-3.985302,-79.228751,Av. Manuel Agustin Aguirre,CON_FALLECIDOS,Colision Multiple,Estado de embriaguez,29,FALLECIDO,NO_REGISTRA,OTRO,,,,,,,,
2026-01-17 05:36:40,-4.034667,-79.205746,Calle Imbabura,SOLO_DANOS,Incendio,Distraccion (celular/radio),,,,,,,,,,,,
2026-01-05 02:15:23,-4.009598,-79.192524,Av. Manuel Agustin Aguirre,CON_LESIONADOS,Incendio,Imprudencia del conductor,25,LESIONADO,NO_REGISTRA,VEH_LIVIANO,48,LESIONADO,MUJER,MOTOCICLETA,29,LESIONADO,NO_REGISTRA,PEATON
2026-01-01 01:57:53,-4.026302,-79.186740,Calle Imbabura,CON_LESIONADOS,Choque Vehicular,Falla mecanica,26,LESIONADO,NO_REGISTRA,PEATON,,,,,,,,
2026-01-22 17:39:07,-4.014514,-79.191888,Av. Manuel Agustin Aguirre,SOLO_DANOS,Accidente Laboral,Imprudencia del conductor,,,,,,,,,,,,
2026-01-03 09:00:58,-4.001266,-79.218597,Calle Bolivar,CON_LESIONADOS,Volcamiento,Fatiga del conductor,24,LESIONADO,HOMBRE,VEH_LIVIANO,,,,,,,,
2026-01-14 03:45:37,-3.996051,-79.222926,Av. Cuxibamba,CON_FALLECIDOS,Incendio,Mal estado de la via,26,FALLECIDO,NO_REGISTRA,VEH_LIVIANO,56,FALLECIDO,NO_REGISTRA,CICLISTA,52,LESIONADO,MUJER,VEH_LIVIANO
2026-01-07 18:17:50,-4.025936,-79.226456,Av. Pio Jaramillo,CON_LESIONADOS,Caida,Factores externos,38,LESIONADO,HOMBRE,OTRO,21,LESIONADO,HOMBRE,SCOOTER,42,LESIONADO,HOMBRE,SCOOTER
2026-01-02 00:03:05,-3.999795,-79.196993,Calle Saraguro,SOLO_DANOS,Caida,Fatiga del conductor,,,,,,,,,,,,
2026-01-11 22:29:35,-4.020016,-79.218802,Av. Universitaria,SOLO_DANOS,Colision Multiple,Falla mecanica,,,,,,,,,,,,
2026-01-15 21:44:21,-4.034108,-79.182932,Av. Pio Jaramillo,CON_FALLECIDOS,Accidente Laboral,Visibilidad reducida,36,FALLECIDO,MUJER,VEH_LIVIANO,54,LESIONADO,NO_REGISTRA,OTRO,,,,
2026-01-17 14:02:38,-3.987149,-79.229295,Calle Quito,SOLO_DANOS,Choque Vehicular,Fatiga del conductor,,,,,,,,,,,,
2026-01-23 08:54:01,-4.028038,-79.214413,Calle Mercadillo,CON_LESIONADOS,Accidente Laboral,Estado de embriaguez,6,LESIONADO,HOMBRE,SCOOTER,7,LESIONADO,NO_REGISTRA,SCOOTER,,,,
2026-01-01 19:22:53,-3.979354,-79.171009,Calle Imbabura,CON_LESIONADOS,Incendio,Estado de embriaguez,49,LESIONADO,NO_REGISTRA,SCOOTER,55,LESIONADO,NO_REGISTRA,VEH_LIVIANO,73,LESIONADO,NO_REGISTRA,VEH_LIVIANO
2026-01-16 12:27:54,-3.992750,-79.218564,Calle 18 de Noviembre,SOLO_DANOS,Incendio,Distraccion (celular/radio),,,,,,,,,,,,
2026-01-03 04:40:04,-3.991609,-79.176976,Av. Cuxibamba,SOLO_DANOS,Colision Multiple,Estado de embriaguez,,,,,,,,,,,,
2026-01-06 15:34:03,-3.995312,-79.177532,Av. 8 de Diciembre,SOLO_DANOS,Choque Vehicular,Equipo de seguridad deficiente,,,,,,,,,,,,
2026-01-12 08:47:11,-4.015867,-79.207583,Av. 8 de Diciembre,SOLO_DANOS,Accidente Laboral,Factores externos,17,LESIONADO,MUJER,MOTOCICLETA,,,,,,,,
2026-01-01 19:56:02,-4.013631,-79.173398,Calle 18 de Noviembre,CON_LESIONADOS,Accidente Laboral,Mal estado de la via,19,LESIONADO,NO_REGISTRA,CICLISTA,,,,,,,,
2026-01-12 16:28:43,-4.025237,-79.202575,Calle Bolivar,SOLO_DANOS,Volcamiento,Estado de embriaguez,,,,,,,,,,,,
2026-01-14 14:38:02,-3.983527,-79.214524,Calle Imbabura,CON_LESIONADOS,Caida,Estado de embriaguez,12,LESIONADO,HOMBRE,PEATON,,,,,,,,
2026-01-17 07:49:53,-3.992808,-79.191758,Via Loja - Catamayo,CON_LESIONADOS,Accidente Laboral,Distraccion (celular/radio),58,LESIONADO,MUJER,MOTOCICLETA,25,LESIONADO,NO_REGISTRA,PEATON,,,,
2026-01-19 06:14:18,-3.977767,-79.175742,Av. Metropolitana,CON_LESIONADOS,Colision Multiple,Imprudencia del conductor,76,LESIONADO,HOMBRE,PEATON,56,LESIONADO,MUJER,VEH_LIVIANO,8,LESIONADO,HOMBRE,MOTOCICLETA
2026-01-20 06:48:14,-4.011781,-79.185551,Calle Colon,SOLO_DANOS,Colision Multiple,Equipo de seguridad deficiente,63,LESIONADO,HOMBRE,MOTOCICLETA,,,,,,,,
2026-01-12 00:35:29,-3.991744,-79.229065,Calle 18 de Noviembre,SOLO_DANOS,Choque Vehicular,Equipo de seguridad deficiente,57,LESIONADO,MUJER,MOTOCICLETA,,,,,,,,
2026-01-13 10:35:02,-3.994444,-79.188226,Via Loja - Zamora,CON_LESIONADOS,Incendio,Fatiga del conductor,42,LESIONADO,MUJER,MOTOCICLETA,63,LESIONADO,HOMBRE,PEATON,27,LESIONADO,HOMBRE,MOTOCICLETA
2026-01-12 02:40:50,-3.989521,-79.210924,Av. Orillas del Zamora,SOLO_DANOS,Colision Multiple,Imprudencia del conductor,,,,,,,,,,,,
2026-01-02 08:20:33,-3.978467,-79.213295,Calle Bolivar,CON_FALLECIDOS,Incendio,Via resbaladiza o mojada,60,FALLECIDO,NO_REGISTRA,MOTOCICLETA,42,LESIONADO,NO_REGISTRA,MOTOCICLETA,24,LESIONADO,HOMBRE,PEATON
2026-01-05 03:59:17,-3.989664,-79.190928,Calle Azogues,CON_LESIONADOS,Choque Vehicular,Falla mecanica,9,LESIONADO,HOMBRE,SCOOTER,56,LESIONADO,MUJER,OTRO,,,,
2026-01-05 23:46:39,-4.000028,-79.219476,Ruta 35,SOLO_DANOS,Caida,Falla mecanica,,,,,,,,,,,,
2026-01-20 22:17:26,-4.008134,-79.200547,Ruta 35,CON_LESIONADOS,Choque Vehicular,Visibilidad reducida,23,LESIONADO,MUJER,PEATON,76,LESIONADO,HOMBRE,OTRO,50,LESIONADO,MUJER,MOTOCICLETA
2026-01-13 09:48:33,-3.983061,-79.228139,Ruta 35,SOLO_DANOS,Volcamiento,Fatiga del conductor,,,,,,,,,,,,
2026-01-11 07:24:42,-4.000154,-79.177951,Av. 8 de Diciembre,CON_FALLECIDOS,Caida,Falla mecanica,60,FALLECIDO,MUJER,OTRO,,,,,,,,
2026-01-08 16:54:59,-4.013078,-79.172455,Calle Imbabura,CON_FALLECIDOS,Incendio,Visibilidad reducida,66,FALLECIDO,NO_REGISTRA,PEATON,33,FALLECIDO,NO_REGISTRA,CICLISTA,34,LESIONADO,MUJER,CICLISTA
2026-01-09 16:22:56,-3.999478,-79.191748,Av. Metropolitana,CON_LESIONADOS,Colision Multiple,Equipo de seguridad deficiente,66,LESIONADO,MUJER,SCOOTER,,,,,,,,
2026-01-21 05:38:46,-4.025753,-79.196610,Calle Bolivar,CON_FALLECIDOS,Caida,Factores externos,20,FALLECIDO,HOMBRE,PEATON,61,FALLECIDO,MUJER,OTRO,57,LESIONADO,HOMBRE,OTRO
2026-01-16 12:11:55,-4.018580,-79.186441,Calle Bolivar,SOLO_DANOS,Incendio,Equipo de seguridad deficiente,,,,,,,,,,,,
2026-01-16 10:51:26,-3.986290,-79.174718,Av. Metropolitana,CON_FALLECIDOS,Atropellamiento,Estado de embriaguez,61,FALLECIDO,NO_REGISTRA,MOTOCICLETA,30,FALLECIDO,NO_REGISTRA,OTRO,,,,
2026-01-23 13:43:57,-4.006075,-79.207574,Av. Metropolitana,SOLO_DANOS,Caida,Via resbaladiza o mojada,,,,,,,,,,,,
2026-01-09 02:41:17,-3.991428,-79.183483,Calle Quito,SOLO_DANOS,Volcamiento,Falla mecanica,,,,,,,,,,,,
2026-01-03 07:46:55,-3.997658,-79.220360,Calle 18 de Noviembre,CON_LESIONADOS,Caida,Exceso de velocidad,13,LESIONADO,HOMBRE,CICLISTA,43,LESIONADO,HOMBRE,OTRO,,,,
2026-01-17 07:01:48,-3.999255,-79.199276,Calle Saraguro,CON_FALLECIDOS,Volcamiento,Distraccion (celular/radio),43,FALLECIDO,MUJER,SCOOTER,55,FALLECIDO,MUJER,SCOOTER,44,LESIONADO,NO_REGISTRA,CICLISTA
2026-01-23 01:01:36,-4.019531,-79.209533,Calle Saraguro,CON_LESIONADOS,Volcamiento,Distraccion (celular/radio),68,LESIONADO,MUJER,CICLISTA,31,LESIONADO,NO_REGISTRA,PEATON,63,LESIONADO,NO_REGISTRA,PEATON
2026-01-13 11:48:00,-4.005507,-79.203451,Av. Pio Jaramillo,SOLO_DANOS,Accidente Laboral,Via resbaladiza o mojada,,,,,,,,,,,,
2026-01-03 16:43:55,-3.997546,-79.195276,Calle Azogues,SOLO_DANOS,Caida,Estado de embriaguez,,,,,,,,,,,,
2026-01-10 06:38:07,-4.004264,-79.174965,Calle Rocafuerte,CON_LESIONADOS,Atropellamiento,Visibilidad reducida,62,LESIONADO,NO_REGISTRA,OTRO,,,,,,,,
2026-01-21 13:41:10,-3.984959,-79.215953,Av. Isidro Ayora,CON_LESIONADOS,Atropellamiento,Visibilidad reducida,34,LESIONADO,MUJER,VEH_LIVIANO,69,LESIONADO,HOMBRE,PEATON,67,LESIONADO,MUJER,VEH_LIVIANO
2026-01-10 19:41:22,-4.024302,-79.214889,Av. Pio Jaramillo,SOLO_DANOS,Choque Vehicular,Equipo de seguridad deficiente,,,,,,,,,,,,
2026-01-15 10:16:14,-3.977851,-79.222288,Calle 18 de Noviembre,CON_FALLECIDOS,Colision Multiple,Via resbaladiza o mojada,37,FALLECIDO,HOMBRE,PEATON,,,,,,,,
2026-01-13 18:37:22,-3.999795,-79.221447,Av. 8 de Diciembre,SOLO_DANOS,Choque Vehicular,Distraccion (celular/radio),,,,,,,,,,,,
2026-01-01 03:37:59,-4.036766,-79.225487,Calle Rocafuerte,CON_FALLECIDOS,Caida,Equipo de seguridad deficiente,40,FALLECIDO,NO_REGISTRA,PEATON,51,LESIONADO,NO_REGISTRA,OTRO,,,,
2026-01-06 16:41:16,-4.030871,-79.187056,Calle Azogues,SOLO_DANOS,Colision Multiple,Falla mecanica,,,,,,,,,,,,
2026-01-12 08:06:38,-3.995712,-79.186813,Calle Rocafuerte,SOLO_DANOS,Caida,Imprudencia del conductor,,,,,,,,,,,,
2026-01-14 04:01:46,-3.989789,-79.226361,Calle Mercadillo,SOLO_DANOS,Choque Vehicular,Imprudencia del conductor,,,,,,,,,,,,
2026-01-20 04:51:44,-4.018549,-79.216725,Calle Rocafuerte,SOLO_DANOS,Colision Multiple,Estado de embriaguez,,,,,,,,,,,,
2026-01-10 04:54:01,-3.997221,-79.220606,Calle Bolivar,CON_FALLECIDOS,Colision Multiple,Equipo de seguridad deficiente,61,FALLECIDO,NO_REGISTRA,OTRO,27,LESIONADO,NO_REGISTRA,SCOOTER,18,LESIONADO,MUJER,SCOOTER
2026-01-02 02:18:43,-4.032849,-79.181465,Calle Bolivar,CON_FALLECIDOS,Accidente Laboral,Distraccion (celular/radio),60,FALLECIDO,MUJER,CICLISTA,63,FALLECIDO,HOMBRE,SCOOTER,,,,
2026-01-02 23:31:37,-4.014615,-79.212038,Calle Mercadillo,SOLO_DANOS,Colision Multiple,Via resbaladiza o mojada,,,,,,,,,,,,
2026-01-01 17:22:27,-3.981432,-79.200184,Calle 10 de Agosto,CON_LESIONADOS,Accidente Laboral,Visibilidad reducida,72,LESIONADO,HOMBRE,SCOOTER,,,,,,,,
2026-01-04 22:48:11,-4.000836,-79.197577,Calle 10 de Agosto,CON_FALLECIDOS,Incendio,Exceso de velocidad,34,FALLECIDO,NO_REGISTRA,VEH_LIVIANO,58,FALLECIDO,MUJER,OTRO,,,,
2026-01-20 04:06:02,-4.027374,-79.193282,Calle Saraguro,CON_FALLECIDOS,Caida,Mal estado de la via,35,FALLECIDO,NO_REGISTRA,SCOOTER,73,LESIONADO,MUJER,VEH_LIVIANO,,,,
2026-01-09 06:40:37,-4.030977,-79.223464,Calle Mercadillo,CON_FALLECIDOS,Volcamiento,Via resbaladiza o mojada,23,FALLECIDO,HOMBRE,OTRO,33,LESIONADO,MUJER,CICLISTA,,,,
2026-01-18 13:12:23,-3.999194,-79.200051,Calle Quito,CON_LESIONADOS,Volcamiento,Equipo de seguridad deficiente,55,LESIONADO,MUJER,OTRO,46,LESIONADO,MUJER,SCOOTER,72,LESIONADO,HOMBRE,SCOOTER
2026-01-15 10:14:40,-4.036772,-79.205090,Calle 18 de Noviembre,CON_FALLECIDOS,Atropellamiento,Inobservancia de senales,54,FALLECIDO,HOMBRE,PEATON,75,LESIONADO,NO_REGISTRA,SCOOTER,9,LESIONADO,NO_REGISTRA,CICLISTA
2026-01-03 05:38:41,-4.001663,-79.181242,Av. Reinaldo Espinosa,SOLO_DANOS,Volcamiento,Inobservancia de senales,,,,,,,,,,,,
2026-01-05 09:40:55,-4.028655,-79.220142,Calle Azogues,CON_LESIONADOS,Accidente Laboral,Falla mecanica,12,LESIONADO,NO_REGISTRA,MOTOCICLETA,46,LESIONADO,MUJER,MOTOCICLETA,,,,
2026-01-11 03:58:34,-4.034028,-79.186667,Av. Gran Colombia,CON_LESIONADOS,Colision Multiple,Distraccion (celular/radio),25,LESIONADO,NO_REGISTRA,PEATON,,,,,,,,
2026-01-21 12:08:51,-4.009074,-79.227199,Calle Miguel Riofrio,CON_LESIONADOS,Choque Vehicular,Visibilidad reducida,32,LESIONADO,HOMBRE,SCOOTER,75,LESIONADO,MUJER,PEATON,36,LESIONADO,NO_REGISTRA,MOTOCICLETA
2026-01-01 13:37:34,-4.006719,-79.205649,Av. Rosa Hermosa,CON_LESIONADOS,Incendio,Visibilidad reducida,56,LESIONADO,NO_REGISTRA,SCOOTER,58,LESIONADO,NO_REGISTRA,OTRO,,,,
2026-01-08 12:04:02,-3.986800,-79.219468,Calle Colon,CON_LESIONADOS,Accidente Laboral,Imprudencia del conductor,22,LESIONADO,MUJER,MOTOCICLETA,,,,,,,,
2026-01-19 03:43:30,-3.992938,-79.204688,Av. Reinaldo Espinosa,SOLO_DANOS,Caida,Falla mecanica,,,,,,,,,,,,
2026-01-16 05:38:31,-4.015129,-79.196418,Av. Isidro Ayora,SOLO_DANOS,Volcamiento,Equipo de seguridad deficiente,40,LESIONADO,HOMBRE,CICLISTA,,,,,,,,
2026-01-19 03:02:33,-3.981267,-79.191934,Av. Gran Colombia,SOLO_DANOS,Caida,Imprudencia del conductor,,,,,,,,,,,,
2026-01-20 08:43:47,-3.989144,-79.178173,Av. Pio Jaramillo,SOLO_DANOS,Accidente Laboral,Exceso de velocidad,,,,,,,,,,,,
2026-01-08 19:29:01,-3.990685,-79.194632,Av. Gran Colombia,CON_FALLECIDOS,Choque Vehicular,Inobservancia de senales,47,FALLECIDO,MUJER,CICLISTA,57,FALLECIDO,NO_REGISTRA,SCOOTER,,,,
2026-01-12 15:09:33,-4.012338,-79.171127,Av. Isidro Ayora,CON_FALLECIDOS,Choque Vehicular,Distraccion (celular/radio),64,FALLECIDO,MUJER,PEATON,23,LESIONADO,MUJER,CICLISTA,,,,
2026-01-16 21:06:40,-3.992536,-79.187017,Calle Saraguro,CON_LESIONADOS,Volcamiento,Via resbaladiza o mojada,16,LESIONADO,NO_REGISTRA,CICLISTA,,,,,,,,
2026-01-11 12:41:01,-4.035268,-79.211621,Calle Quito,SOLO_DANOS,Incendio,Exceso de velocidad,,,,,,,,,,,,
2026-01-17 17:48:05,-4.036765,-79.228674,Calle Rocafuerte,SOLO_DANOS,Colision Multiple,Imprudencia del conductor,,,,,,,,,,,,
2026-01-09 04:43:31,-3.982107,-79.205248,Calle 18 de Noviembre,CON_LESIONADOS,Caida,Falla mecanica,72,LESIONADO,MUJER,CICLISTA,,,,,,,,
2026-01-05 20:56:29,-4.030269,-79.196054,Via Loja - Catamayo,SOLO_DANOS,Choque Vehicular,Via resbaladiza o mojada,,,,,,,,,,,,
2026-01-21 15:32:35,-4.016222,-79.213850,Calle Rocafuerte,CON_LESIONADOS,Colision Multiple,Exceso de velocidad,48,LESIONADO,MUJER,CICLISTA,,,,,,,,
2026-01-18 22:42:34,-4.019747,-79.183107,Calle Rocafuerte,CON_LESIONADOS,Incendio,Via resbaladiza o mojada,22,LESIONADO,NO_REGISTRA,CICLISTA,66,LESIONADO,NO_REGISTRA,PEATON,,,,
2026-01-19 03:26:03,-4.005588,-79.171082,Av. Cuxibamba,CON_FALLECIDOS,Caida,Falla mecanica,54,FALLECIDO,NO_REGISTRA,SCOOTER,,,,,,,,
2026-01-04 15:23:55,-4.005837,-79.210871,Calle Imbabura,SOLO_DANOS,Caida,Imprudencia del conductor,,,,,,,,,,,,
2026-01-17 01:08:39,-3.999966,-79.207366,Calle Quito,CON_LESIONADOS,Colision Multiple,Estado de embriaguez,54,LESIONADO,MUJER,OTRO,65,LESIONADO,NO_REGISTRA,VEH_LIVIANO,14,LESIONADO,NO_REGISTRA,OTRO
2026-01-21 21:31:24,-4.034589,-79.184921,Calle Sucre,CON_FALLECIDOS,Incendio,Equipo de seguridad deficiente,38,FALLECIDO,NO_REGISTRA,OTRO,60,FALLECIDO,NO_REGISTRA,MOTOCICLETA,52,LESIONADO,NO_REGISTRA,PEATON
2026-01-19 19:10:00,-4.023226,-79.197413,Av. Rosa Hermosa,CON_FALLECIDOS,Colision Multiple,Distraccion (celular/radio),24,FALLECIDO,MUJER,VEH_LIVIANO,76,LESIONADO,MUJER,SCOOTER,,,,
2026-01-16 01:53:54,-3.989726,-79.183416,Av. Reinaldo Espinosa,CON_FALLECIDOS,Caida,Imprudencia del conductor,46,FALLECIDO,MUJER,OTRO,31,FALLECIDO,HOMBRE,PEATON,51,LESIONADO,MUJER,MOTOCICLETA
2026-01-13 13:07:34,-4.010484,-79.190268,Calle Quito,SOLO_DANOS,Caida,Equipo de seguridad deficiente,,,,,,,,,,,,
2026-01-19 15:54:48,-4.014725,-79.191338,Calle Sucre,CON_FALLECIDOS,Volcamiento,Falla mecanica,47,FALLECIDO,NO_REGISTRA,VEH_LIVIANO,,,,,,,,
2026-01-05 22:36:56,-3.983362,-79.181979,Calle Sucre,SOLO_DANOS,Incendio,Visibilidad reducida,,,,,,,,,,,,
2026-01-04 19:18:33,-4.029645,-79.226399,Calle Azogues,SOLO_DANOS,Caida,Falla mecanica,,,,,,,,,,,,
2026-01-07 10:23:47,-4.034022,-79.204122,Av. Reinaldo Espinosa,CON_LESIONADOS,Accidente Laboral,Estado de embriaguez,28,LESIONADO,NO_REGISTRA,MOTOCICLETA,,,,,,,,
2026-01-18 16:44:35,-4.031323,-79.228229,Av. Manuel Agustin Aguirre,SOLO_DANOS,Atropellamiento,Estado de embriaguez,,,,,,,,,,,,
2026-01-04 19:38:23,-3.978658,-79.172718,Calle 18 de Noviembre,SOLO_DANOS,Accidente Laboral,Imprudencia del conductor,,,,,,,,,,,,
2026-01-05 07:29:52,-3.984321,-79.199464,Av. Pio Jaramillo,CON_LESIONADOS,Colision Multiple,Visibilidad reducida,53,LESIONADO,HOMBRE,PEATON,54,LESIONADO,MUJER,PEATON,,,,
2026-01-13 23:26:14,-3.982512,-79.193523,Av. 8 de Diciembre,SOLO_DANOS,Accidente Laboral,Exceso de velocidad,,,,,,,,,,,,
2026-01-01 00:54:08,-4.005985,-79.230691,Av. Universitaria,SOLO_DANOS,Caida,Fatiga del conductor,,,,,,,,,,,,
2026-01-11 04:43:09,-4.007710,-79.225984,Av. Orillas del Zamora,SOLO_DANOS,Accidente Laboral,Distraccion (celular/radio),,,,,,,,,,,,
2026-01-21 11:48:32,-3.991716,-79.222370,Av. Reinaldo Espinosa,CON_FALLECIDOS,Accidente Laboral,Exceso de velocidad,54,FALLECIDO,NO_REGISTRA,VEH_LIVIANO,33,LESIONADO,HOMBRE,CICLISTA,23,LESIONADO,NO_REGISTRA,MOTOCICLETA
2026-01-04 17:27:44,-4.002553,-79.183656,Calle Rocafuerte,CON_LESIONADOS,Colision Multiple,Visibilidad reducida,36,LESIONADO,MUJER,OTRO,,,,,,,,
2026-01-20 15:10:29,-4.024858,-79.172647,Calle 18 de Noviembre,CON_LESIONADOS,Caida,Factores externos,40,LESIONADO,NO_REGISTRA,SCOOTER,52,LESIONADO,NO_REGISTRA,PEATON,,,,
2026-01-09 06:19:54,-4.026991,-79.189445,Calle Imbabura,CON_LESIONADOS,Atropellamiento,Exceso de velocidad,53,LESIONADO,HOMBRE,CICLISTA,6,LESIONADO,NO_REGISTRA,SCOOTER,,,,