fecha_hora,latitud,longitud,via,grado_severidad,tipo_siniestro,causa_probable,victima1_edad,victima1_condicion,victima1_sexo,victima1_actor_vial,victima2_edad,victima2_condicion,victima2_sexo,victima2_actor_vial,victima3_edad,victima3_condicion,victima3_sexo,victima3_actor_vial
2026-01-10 05:02:41,-4.005684,-79.217811,Av. Isidro Ayora,CON_LESIONADOS,Choque Vehicular,Inobservancia de senales,34,LESIONADO,NO_REGISTRA,SCOOTER,,,,,,,,
2026-01-19 03:48:26,-4.024927,-79.181900,Calle 18 de Noviembre,CON_FALLECIDOS,Choque Vehicular,Visibilidad reducida,36,FALLECIDO,HOMBRE,OTRO,7,LESIONADO,HOMBRE,OTRO,,,,
2026-01-03 05:26:19,-4.010140,-79.171898,Av. Pio Jaramillo,SOLO_DANOS,Caida,Imprudencia del conductor,,,,,,,,,,,,
2026-01-10 17:10:13,-4.008922,-79.207571,Calle 18 de Noviembre,CON_LESIONADOS,Colision Multiple,Factores externos,36,LESIONADO,NO_REGISTRA,PEATON,64,LESIONADO,HOMBRE,PEATON,,,,
2026-01-03 23:08:49,-3.983056,-79.174731,Calle Ramon Borrero,SOLO_DANOS,Choque Vehicular,Via resbaladiza o mojada,,,,,,,,,,,,
2026-01-23 08:27:04,-3.989193,-79.204837,Calle 10 de Agosto,CON_FALLECIDOS,Choque Vehicular,Visibilidad reducida,38,FALLECIDO,MUJER,CICLISTA,,,,,,,,
2026-01-04 01:15:13,-4.007506,-79.204788,Calle Sucre,CON_FALLECIDOS,Volcamiento,Inobservancia de senales,83,FALLECIDO,MUJER,CICLISTA,77,FALLECIDO,MUJER,VEH_LIVIANO,64,LESIONADO,HOMBRE,MOTOCICLETA
2026-01-14 00:08:29,-4.034133,-79.185064,Calle Quito,SOLO_DANOS,Choque Vehicular,Exceso de velocidad,,,,,,,,,,,,
2026-01-17 05:35:40,-4.033815,-79.220425,Calle Azogues,CON_FALLECIDOS,Volcamiento,Equipo de seguridad deficiente,21,FALLECIDO,NO_REGISTRA,MOTOCICLETA,75,LESIONADO,MUJER,VEH_LIVIANO,43,LESIONADO,NO_REGISTRA,OTRO
2026-01-04 15:45:53,-3.996405,-79.218045,Av. Reinaldo Espinosa,CON_FALLECIDOS,Incendio,Via resbaladiza o mojada,47,FALLECIDO,MUJER,MOTOCICLETA,43,LESIONADO,NO_REGISTRA,OTRO,74,LESIONADO,HOMBRE,SCOOTER
2026-01-18 04:01:23,-4.021295,-79.202394,Calle Montufar,SOLO_DANOS,Caida,Factores externos,,,,,,,,,,,,
2026-01-02 22:35:42,-3.978495,-79.227544,Av. 8 de Diciembre,CON_LESIONADOS,Caida,Equipo de seguridad deficiente,60,LESIONADO,MUJER,VEH_LIVIANO,29,LESIONADO,NO_REGISTRA,PEATON,8,LESIONADO,NO_REGISTRA,SCOOTER
2026-01-17 10:37:11,-4.007441,-79.182493,Av. Manuel Agustin Aguirre,CON_LESIONADOS,Atropellamiento,Mal estado de la via,73,LESIONADO,NO_REGISTRA,OTRO,7,LESIONADO,HOMBRE,OTRO,26,LESIONADO,MUJER,CICLISTA
2026-01-22 19:42:17,-3.985720,-79.213408,Calle Quito,SOLO_DANOS,Choque Vehicular,Imprudencia del conductor,,,,,,,,,,,,
2026-01-21 17:59:41,-4.017410,-79.213876,Calle Bolivar,CON_LESIONADOS,Incendio,Mal estado de la via,45,LESIONADO,MUJER,MOTOCICLETA,,,,,,,,
2026-01-11 13:31:01,-4.004085,-79.216672,Av. Cuxibamba,CON_FALLECIDOS,Choque Vehicular,Falla mecanica,21,FALLECIDO,MUJER,SCOOTER,51,FALLECIDO,NO_REGISTRA,PEATON,58,LESIONADO,NO_REGISTRA,OTRO
2026-01-08 03:45:40,-4.000467,-79.218714,Calle Montufar,CON_FALLECIDOS,Atropellamiento,Distraccion (celular/radio),38,FALLECIDO,NO_REGISTRA,PEATON,38,FALLECIDO,HOMBRE,SCOOTER,62,LESIONADO,NO_REGISTRA,MOTOCICLETA
2026-01-14 12:35:36,-3.986407,-79.213640,Av. Metropolitana,SOLO_DANOS,Incendio,Equipo de seguridad deficiente,,,,,,,,,,,,
2026-01-15 05:01:48,-4.009965,-79.177640,Av. Rosa Hermosa,CON_FALLECIDOS,Colision Multiple,Via resbaladiza o mojada,25,FALLECIDO,NO_REGISTRA,MOTOCICLETA,59,LESIONADO,NO_REGISTRA,OTRO,,,,
2026-01-09 07:08:41,-3.987515,-79.202125,Av. Rosa Hermosa,CON_LESIONADOS,Caida,Fatiga del conductor,18,LESIONADO,HOMBRE,SCOOTER,31,LESIONADO,HOMBRE,SCOOTER,23,LESIONADO,HOMBRE,CICLISTA
2026-01-17 10:32:40,-4.004099,-79.188380,Ruta 35,SOLO_DANOS,Caida,Distraccion (celular/radio),,,,,,,,,,,,
2026-01-19 08:20:58,-4.015389,-79.220013,Calle Miguel Riofrio,CON_LESIONADOS,Choque Vehicular,Inobservancia de senales,18,LESIONADO,NO_REGISTRA,OTRO,,,,,,,,
2026-01-20 00:15:36,-4.014824,-79.189885,Av. Manuel Agustin Aguirre,SOLO_DANOS,Atropellamiento,Estado de embriaguez,,,,,,,,,,,,
2026-01-09 00:49:22,-3.992758,-79.206553,Av. Rosa Hermosa,SOLO_DANOS,Atropellamiento,Factores externos,,,,,,,,,,,,
2026-01-07 13:47:48,-4.030036,-79.195079,Av. Isidro Ayora,SOLO_DANOS,Colision Multiple,Estado de embriaguez,,,,,,,,,,,,
2026-01-12 22:48:56,-3.984529,-79.172236,Av. Gran Colombia,SOLO_DANOS,Accidente Laboral,Equipo de seguridad deficiente,,,,,,,,,,,,
2026-01-10 18:48:28,-4.026957,-79.220683,Av. Rosa Hermosa,CON_LESIONADOS,Accidente Laboral,Mal estado de la via,52,LESIONADO,HOMBRE,OTRO,71,LESIONADO,NO_REGISTRA,VEH_LIVIANO,,,,
2026-01-05 21:43:16,-4.002598,-79.200252,Av. Orillas del Zamora,SOLO_DANOS,Incendio,Via resbaladiza o mojada,,,,,,,,,,,,
2026-01-12 13:00:14,-4.031451,-79.202585,Av. Isidro Ayora,SOLO_DANOS,Accidente Laboral,Distraccion (celular/radio),,,,,,,,,,,,
2026-01-02 21:04:21,-4.004232,-79.208113,Calle Ramon Borrero,CON_LESIONADOS,Choque Vehicular,Falla mecanica,5,LESIONADO,HOMBRE,MOTOCICLETA,52,LESIONADO,MUJER,SCOOTER,,,,
2026-01-10 08:29:38,-4.028230,-79.221812,Av. 8 de Diciembre,CON_FALLECIDOS,Atropellamiento,Via resbaladiza o mojada,53,FALLECIDO,NO_REGISTRA,SCOOTER,43,LESIONADO,HOMBRE,SCOOTER,40,LESIONADO,NO_REGISTRA,VEH_LIVIANO
2026-01-13 19:52:01,-4.030346,-79.198835,Av. Metropolitana,SOLO_DANOS,Caida,Distraccion (celular/radio),,,,,,,,,,,,
2026-01-18 19:13:04,-4.025569,-79.221111,Av. Universitaria,CON_FALLECIDOS,Incendio,Equipo de seguridad deficiente,65,FALLECIDO,HOMBRE,VEH_LIVIANO,81,FALLECIDO,NO_REGISTRA,PEATON,80,LESIONADO,HOMBRE,CICLISTA
2026-01-03 10:40:25,-3.984758,-79.173518,Calle Ramon Borrero,SOLO_DANOS,Incendio,Fatiga del conductor,,,,,,,,,,,,
2026-01-13 07:09:04,-4.021977,-79.198205,Av. Metropolitana,SOLO_DANOS,Colision Multiple,Equipo de seguridad deficiente,,,,,,,,,,,,
2026-01-06 15:33:52,-4.025844,-79.192970,Calle Quito,CON_LESIONADOS,Incendio,Distraccion (celular/radio),13,LESIONADO,HOMBRE,VEH_LIVIANO,12,LESIONADO,HOMBRE,OTRO,,,,
2026-01-07 10:57:40,-4.013645,-79.183095,Calle Miguel Riofrio,CON_LESIONADOS,Choque Vehicular,Visibilidad reducida,72,LESIONADO,HOMBRE,CICLISTA,73,LESIONADO,HOMBRE,SCOOTER,37,LESIONADO,NO_REGISTRA,CICLISTA
2026-01-14 15:36:41,-3.997898,-79.209915,Via Loja - Catamayo,CON_FALLECIDOS,Volcamiento,Mal estado de la via,59,FALLECIDO,HOMBRE,VEH_LIVIANO,53,FALLECIDO,MUJER,VEH_LIVIANO,,,,
2026-01-18 10:56:21,-3.998428,-79.171199,Av. Cuxibamba,CON_LESIONADOS,Volcamiento,Equipo de seguridad deficiente,54,LESIONADO,HOMBRE,OTRO,75,LESIONADO,NO_REGISTRA,PEATON,53,LESIONADO,NO_REGISTRA,CICLISTA
2026-01-02 05:58:02,-4.010209,-79.184729,Av. Orillas del Zamora,CON_FALLECIDOS,Colision Multiple,Visibilidad reducida,22,FALLECIDO,NO_REGISTRA,CICLISTA,46,FALLECIDO,NO_REGISTRA,SCOOTER,65,LESIONADO,MUJER,MOTOCICLETA
2026-01-22 16:37:49,-3.977083,-79.227244,Calle Quito,SOLO_DANOS,Accidente Laboral,Fatiga del conductor,,,,,,,,,,,,
2026-01-14 02:49:51,-3.982603,-79.205215,Calle Saraguro,SOLO_DANOS,Incendio,Inobservancia de senales,,,,,,,,,,,,
2026-01-11 02:09:48,-3.983781,-79.197570,Calle Mercadillo,SOLO_DANOS,Incendio,Factores externos,,,,,,,,,,,,
2026-01-11 04:07:07,-4.020516,-79.195043,Ruta 35,CON_FALLECIDOS,Accidente Laboral,Falla mecanica,41,FALLECIDO,MUJER,VEH_LIVIANO,67,LESIONADO,HOMBRE,SCOOTER,13,LESIONADO,NO_REGISTRA,VEH_LIVIANO
2026-01-19 02:54:26,-4.033603,-79.183751,Calle Mercadillo,SOLO_DANOS,Colision Multiple,Estado de embriaguez,,,,,,,,,,,,
2026-01-18 08:51:04,-3.988840,-79.226923,Av. Universitaria,CON_LESIONADOS,Choque Vehicular,Imprudencia del conductor,45,LESIONADO,NO_REGISTRA,CICLISTA,,,,,,,,
2026-01-12 14:50:33,-4.026709,-79.179961,Ruta 35,CON_FALLECIDOS,Atropellamiento,Distraccion (celular/radio),44,FALLECIDO,NO_REGISTRA,PEATON,25,LESIONADO,HOMBRE,VEH_LIVIANO,,,,
2026-01-19 17:30:06,-3.998260,-79.203315,Av. 8 de Diciembre,CON_LESIONADOS,Accidente Laboral,Visibilidad reducida,69,LESIONADO,MUJER,PEATON,,,,,,,,
2026-01-15 03:02:05,-3.997790,-79.230101,Calle Rocafuerte,SOLO_DANOS,Atropellamiento,Distraccion (celular/radio),45,LESIONADO,MUJER,OTRO,,,,,,,,
2026-01-11 00:21:30,-3.992078,-79.204040,Calle Sucre,CON_LESIONADOS,Accidente Laboral,Imprudencia del conductor,19,LESIONADO,MUJER,OTRO,7,LESIONADO,NO_REGISTRA,OTRO,,,,
2026-01-10 06:00:46,-3.984739,-79.227603,Calle Rocafuerte,CON_LESIONADOS,Choque Vehicular,Fatiga del conductor,67,LESIONADO,HOMBRE,CICLISTA,51,LESIONADO,HOMBRE,SCOOTER,,,,
2026-01-13 02:50:18,-4.030988,-79.179161,Calle Azogues,CON_LESIONADOS,Volcamiento,Visibilidad reducida,40,LESIONADO,MUJER,MOTOCICLETA,54,LESIONADO,MUJER,PEATON,57,LESIONADO,NO_REGISTRA,SCOOTER
2026-01-03 00:52:45,-4.022353,-79.188584,Av. Metropolitana,CON_LESIONADOS,Incendio,Distraccion (celular/radio),58,LESIONADO,NO_REGISTRA,MOTOCICLETA,40,LESIONADO,HOMBRE,OTRO,,,,
2026-01-14 04:15:18,-4.016978,-79.221359,Av. Manuel Agustin Aguirre,CON_FALLECIDOS,Atropellamiento,Inobservancia de senales,21,FALLECIDO,MUJER,OTRO,,,,,,,,
2026-01-08 00:29:44,-3.990391,-79.196299,Calle Saraguro,CON_LESIONADOS,Choque Vehicular,Equipo de seguridad deficiente,49,LESIONADO,HOMBRE,MOTOCICLETA,27,LESIONADO,NO_REGISTRA,VEH_LIVIANO,52,LESIONADO,MUJER,OTRO
2026-01-07 19:19:54,-4.022614,-79.215988,Calle Saraguro,SOLO_DANOS,Choque Vehicular,Falla mecanica,,,,,,,,,,,,
2026-01-22 07:49:13,-3.981496,-79.183912,Calle Azogues,CON_LESIONADOS,Accidente Laboral,Fatiga del conductor,63,LESIONADO,MUJER,MOTOCICLETA,,,,,,,,
2026-01-03 19:33:05,-3.986039,-79.213930,Av. 8 de Diciembre,SOLO_DANOS,Atropellamiento,Falla mecanica,,,,,,,,,,,,
2026-01-04 14:39:23,-4.020304,-79.175701,Av. Manuel Agustin Aguirre,SOLO_DANOS,Choque Vehicular,Fatiga del conductor,,,,,,,,,,,,
2026-01-11 15:49:15,-4.023085,-79.215818,Via Loja - Catamayo,SOLO_DANOS,Atropellamiento,Visibilidad reducida,,,,,,,,,,,,
2026-01-03 10:21:19,-3.996490,-79.227278,Calle Mercadillo,CON_FALLECIDOS,Atropellamiento,Falla mecanica,60,FALLECIDO,NO_REGISTRA,VEH_LIVIANO,25,LESIONADO,NO_REGISTRA,OTRO,,,,
2026-01-18 06:43:23,-4.028125,-79.177237,Calle Rocafuerte,CON_LESIONADOS,Choque Vehicular,Fatiga del conductor,19,LESIONADO,NO_REGISTRA,OTRO,26,LESIONADO,NO_REGISTRA,OTRO,15,LESIONADO,NO_REGISTRA,VEH_LIVIANO
2026-01-10 22:37:15,-4.007914,-79.188273,Av. Pio Jaramillo,CON_LESIONADOS,Caida,Equipo de seguridad deficiente,48,LESIONADO,MUJER,MOTOCICLETA,,,,,,,,
2026-01-01 09:34:19,-4.024561,-79.217938,Calle Quito,CON_LESIONADOS,Caida,Equipo de seguridad deficiente,66,LESIONADO,NO_REGISTRA,CICLISTA,70,LESIONADO,MUJER,VEH_LIVIANO,,,,
2026-01-22 03:58:02,-4.029935,-79.175344,Calle Saraguro,SOLO_DANOS,Choque Vehicular,Factores externos,,,,,,,,,,,,
2026-01-03 20:35:14,-3.984815,-79.188423,Calle Mercadillo,CON_LESIONADOS,Atropellamiento,Fatiga del conductor,49,LESIONADO,NO_REGISTRA,CICLISTA,,,,,,,,
2026-01-02 08:56:46,-4.034526,-79.177749,Calle Azogues,SOLO_DANOS,Caida,Estado de embriaguez,76,LESIONADO,NO_REGISTRA,PEATON,,,,,,,,
2026-01-13 18:07:44,-4.011580,-79.182126,Calle Rocafuerte,SOLO_DANOS,Colision Multiple,Via resbaladiza o mojada,,,,,,,,,,,,
2026-01-08 04:29:50,-4.020943,-79.228353,Calle Ramon Borrero,CON_LESIONADOS,Volcamiento,Falla mecanica,80,LESIONADO,MUJER,MOTOCICLETA,51,LESIONADO,MUJER,VEH_LIVIANO,,,,
2026-01-19 20:55:56,-3.996249,-79.179093,Calle Azogues,CON_LESIONADOS,Accidente Laboral,Factores externos,32,LESIONADO,MUJER,PEATON,7,LESIONADO,HOMBRE,VEH_LIVIANO,,,,
2026-01-09 05:48:39,-4.021254,-79.196517,Calle 18 de Noviembre,SOLO_DANOS,Incendio,Mal estado de la via,,,,,,,,,,,,
2026-01-10 19:28:13,-4.021154,-79.184221,Calle Bolivar,CON_FALLECIDOS,Accidente Laboral,Via resbaladiza o mojada,69,FALLECIDO,MUJER,PEATON,62,LESIONADO,NO_REGISTRA,MOTOCICLETA,40,LESIONADO,NO_REGISTRA,VEH_LIVIANO
2026-01-22 15:38:06,-3.985275,-79.216110,Calle Bolivar,CON_LESIONADOS,Choque Vehicular,Falla mecanica,11,LESIONADO,NO_REGISTRA,PEATON,30,LESIONADO,NO_REGISTRA,OTRO,,,,
2026-01-08 20:55:15,-4.013563,-79.225983,Av. Orillas del Zamora,SOLO_DANOS,Atropellamiento,Estado de embriaguez,,,,,,,,,,,,
2026-01-06 07:21:22,-4.035126,-79.219195,Av. Orillas del Zamora,CON_LESIONADOS,Accidente Laboral,Equipo de seguridad deficiente,8,LESIONADO,MUJER,VEH_LIVIANO,,,,,,,,
2026-01-13 12:47:36,-4.023752,-79.216121,Via Loja - Zamora,SOLO_DANOS,Accidente Laboral,Exceso de velocidad,,,,,,,,,,,,
2026-01-16 02:49:57,-4.002301,-79.221577,Ruta 35,SOLO_DANOS,Atropellamiento,Imprudencia del conductor,,,,,,,,,,,,
2026-01-06 06:50:26,-3.988452,-79.200750,Calle Bolivar,CON_LESIONADOS,Caida,Equipo de seguridad deficiente,76,LESIONADO,HOMBRE,SCOOTER,17,LESIONADO,MUJER,MOTOCICLETA,28,LESIONADO,HOMBRE,SCOOTER
2026-01-15 02:58:02,-4.006129,-79.185284,Av. 8 de Diciembre,CON_LESIONADOS,Choque Vehicular,Fatiga del conductor,31,LESIONADO,NO_REGISTRA,SCOOTER,73,LESIONADO,HOMBRE,CICLISTA,50,LESIONADO,HOMBRE,SCOOTER
2026-01-10 04:47:31,-3.993346,-79.203896,Av. Rosa Hermosa,CON_LESIONADOS,Atropellamiento,Via resbaladiza o mojada,21,LESIONADO,MUJER,SCOOTER,36,LESIONADO,NO_REGISTRA,MOTOCICLETA,40,LESIONADO,MUJER,SCOOTER
2026-01-19 21:07:21,-4.008618,-79.202250,Calle Quito,CON_FALLECIDOS,Colision Multiple,Estado de embriaguez,46,FALLECIDO,MUJER,PEATON,36,LESIONADO,HOMBRE,VEH_LIVIANO,54,LESIONADO,MUJER,OTRO
2026-01-07 15:28:21,-3.987529,-79.182842,Av. Universitaria,CON_FALLECIDOS,Choque Vehicular,Equipo de seguridad deficiente,31,FALLECIDO,MUJER,MOTOCICLETA,51,FALLECIDO,MUJER,CICLISTA,,,,
2026-01-22 00:22:07,-3.980919,-79.205122,Calle Azogues,SOLO_DANOS,Caida,Exceso de velocidad,,,,,,,,,,,,
2026-01-23 03:49:24,-4.003916,-79.205713,Via Loja - Zamora,SOLO_DANOS,Volcamiento,Equipo de seguridad deficiente,,,,,,,,,,,,
2026-01-16 09:35:37,-3.994001,-79.173093,Av. Universitaria,CON_FALLECIDOS,Choque Vehicular,Inobservancia de senales,21,FALLECIDO,NO_REGISTRA,CICLISTA,51,LESIONADO,MUJER,OTRO,24,LESIONADO,NO_REGISTRA,SCOOTER
2026-01-09 05:13:43,-3.996113,-79.200621,Av. Cuxibamba,CON_FALLECIDOS,Caida,Mal estado de la via,85,FALLECIDO,HOMBRE,VEH_LIVIANO,,,,,,,,
2026-01-10 08:37:35,-3.986270,-79.183020,Calle Miguel Riofrio,CON_FALLECIDOS,Atropellamiento,Equipo de seguridad deficiente,59,FALLECIDO,NO_REGISTRA,OTRO,80,FALLECIDO,MUJER,VEH_LIVIANO,33,LESIONADO,HOMBRE,CICLISTA
2026-01-17 09:52:55,-4.008237,-79.190103,Calle Sucre,SOLO_DANOS,Accidente Laboral,Imprudencia del conductor,,,,,,,,,,,,
2026-01-22 15:36:15,-3.991998,-79.174184,Av. Orillas del Zamora,SOLO_DANOS,Accidente Laboral,Falla mecanica,,,,,,,,,,,,
2026-01-16 13:01:35,-4.010548,-79.183752,Calle Imbabura,CON_FALLECIDOS,Atropellamiento,Inobservancia de senales,63,FALLECIDO,HOMBRE,OTRO,47,LESIONADO,MUJER,MOTOCICLETA,73,LESIONADO,MUJER,SCOOTER
2026-01-15 06:10:09,-4.004222,-79.191601,Av. Pio Jaramillo,CON_LESIONADOS,Caida,Via resbaladiza o mojada,58,LESIONADO,MUJER,SCOOTER,61,LESIONADO,HOMBRE,CICLISTA,,,,
2026-01-04 18:22:14,-4.008207,-79.226906,Calle Rocafuerte,SOLO_DANOS,Volcamiento,Equipo de seguridad deficiente,,,,,,,,,,,,
2026-01-20 14:12:54,-4.035663,-79.182411,Via Loja - Catamayo,SOLO_DANOS,Atropellamiento,Estado de embriaguez,46,LESIONADO,MUJER,VEH_LIVIANO,,,,,,,,
2026-01-08 03:47:52,-4.036004,-79.171154,Calle Ramon Borrero,SOLO_DANOS,Atropellamiento,Inobservancia de senales,,,,,,,,,,,,
2026-01-15 12:47:25,-4.004603,-79.182569,Av. Isidro Ayora,CON_FALLECIDOS,Incendio,Visibilidad reducida,64,FALLECIDO,HOMBRE,PEATON,66,FALLECIDO,MUJER,MOTOCICLETA,77,LESIONADO,NO_REGISTRA,CICLISTA
2026-01-16 08:23:00,-3.983074,-79.186282,Calle Mercadillo,CON_FALLECIDOS,Choque Vehicular,Equipo de seguridad deficiente,44,FALLECIDO,NO_REGISTRA,PEATON,,,,,,,,
2026-01-07 22:03:17,-4.009710,-79.178931,Calle 18 de Noviembre,CON_LESIONADOS,Incendio,Equipo de seguridad deficiente,57,LESIONADO,HOMBRE,SCOOTER,,,,,,,,
2026-01-19 08:45:41,-4.008648,-79.206623,Av. Orillas del Zamora,CON_FALLECIDOS,Colision Multiple,Fatiga del conductor,60,FALLECIDO,HOMBRE,PEATON,,,,,,,,
2026-01-14 02:55:05,-4.003341,-79.226888,Calle Mercadillo,SOLO_DANOS,Volcamiento,Estado de embriaguez,,,,,,,,,,,,
2026-01-09 03:09:39,-3.995783,-79.214830,Calle Azogues,SOLO_DANOS,Atropellamiento,Equipo de seguridad deficiente,,,,,,,,,,,,
2026-01-10 00:26:16,-4.008179,-79.227849,Calle 18 de Noviembre,CON_LESIONADOS,Caida,Factores externos,30,LESIONADO,HOMBRE,PEATON,49,LESIONADO,MUJER,CICLISTA,60,LESIONADO,HOMBRE,CICLISTA
2026-01-19 16:00:17,-4.016702,-79.222605,Calle Azogues,SOLO_DANOS,Accidente Laboral,Inobservancia de senales,,,,,,,,,,,,
2026-01-10 16:44:08,-4.007103,-79.226679,Calle Sucre,SOLO_DANOS,Volcamiento,Visibilidad reducida,,,,,,,,,,,,
2026-01-20 17:21:39,-4.019760,-79.225160,Calle Montufar,SOLO_DANOS,Accidente Laboral,Visibilidad reducida,,,,,,,,,,,,
2026-01-03 18:02:31,-3.981815,-79.178657,Av. Metropolitana,SOLO_DANOS,Incendio,Visibilidad reducida,,,,,,,,,,,,
2026-01-20 20:06:56,-3.998963,-79.217048,Av. 8 de Diciembre,CON_FALLECIDOS,Choque Vehicular,Factores externos,83,FALLECIDO,MUJER,CICLISTA,51,FALLECIDO,HOMBRE,SCOOTER,,,,
2026-01-08 04:34:28,-4.012423,-79.194314,Calle Miguel Riofrio,CON_FALLECIDOS,Colision Multiple,Via resbaladiza o mojada,78,FALLECIDO,MUJER,MOTOCICLETA,73,FALLECIDO,NO_REGISTRA,PEATON,5,LESIONADO,MUJER,CICLISTA
2026-01-09 13:44:11,-4.002487,-79.182136,Ruta 35,SOLO_DANOS,Caida,Factores externos,,,,,,,,,,,,
2026-01-17 03:09:18,-4.035193,-79.214680,Calle Montufar,SOLO_DANOS,Incendio,Factores externos,,,,,,,,,,,,
2026-01-08 14:13:15,-4.028630,-79.189866,Calle Bolivar,CON_LESIONADOS,Accidente Laboral,Exceso de velocidad,54,LESIONADO,NO_REGISTRA,PEATON,57,LESIONADO,MUJER,OTRO,65,LESIONADO,MUJER,SCOOTER
2026-01-21 12:51:35,-4.020642,-79.193105,Calle Azogues,CON_FALLECIDOS,Incendio,Imprudencia del conductor,53,FALLECIDO,MUJER,MOTOCICLETA,28,FALLECIDO,HOMBRE,CICLISTA,,,,
2026-01-09 22:03:25,-4.019837,-79.224057,Calle Rocafuerte,CON_FALLECIDOS,Incendio,Inobservancia de senales,82,FALLECIDO,HOMBRE,VEH_LIVIANO,,,,,,,,
2026-01-01 08:51:45,-4.021404,-79.217914,Av. Reinaldo Espinosa,CON_FALLECIDOS,Colision Multiple,Fatiga del conductor,52,FALLECIDO,MUJER,SCOOTER,52,FALLECIDO,NO_REGISTRA,CICLISTA,41,LESIONADO,NO_REGISTRA,PEATON
2026-01-05 06:09:43,-3.984029,-79.195689,Calle Saraguro,SOLO_DANOS,Choque Vehicular,Via resbaladiza o mojada,,,,,,,,,,,,
2026-01-02 06:50:41,-4.027813,-79.211342,Calle Azogues,CON_LESIONADOS,Accidente Laboral,Via resbaladiza o mojada,78,LESIONADO,MUJER,VEH_LIVIANO,27,LESIONADO,HOMBRE,SCOOTER,,,,
2026-01-06 10:28:29,-4.008716,-79.204669,Av. Metropolitana,CON_LESIONADOS,Volcamiento,Equipo de seguridad deficiente,40,LESIONADO,MUJER,PEATON,36,LESIONADO,MUJER,MOTOCICLETA,,,,
2026-01-12 10:16:26,-4.006020,-79.217722,Av. Isidro Ayora,CON_LESIONADOS,Colision Multiple,Imprudencia del conductor,14,LESIONADO,HOMBRE,PEATON,33,LESIONADO,MUJER,OTRO,48,LESIONADO,NO_REGISTRA,CICLISTA
2026-01-03 17:44:17,-4.008826,-79.178805,Via Loja - Catamayo,CON_LESIONADOS,Caida,Factores externos,26,LESIONADO,NO_REGISTRA,CICLISTA,10,LESIONADO,HOMBRE,CICLISTA,,,,
2026-01-11 10:33:32,-4.011449,-79.186268,Av. Universitaria,SOLO_DANOS,Choque Vehicular,Via resbaladiza o mojada,,,,,,,,,,,,
2026-01-13 15:34:17,-3.978896,-79.200975,Av. Universitaria,SOLO_DANOS,Incendio,Inobservancia de senales,73,LESIONADO,NO_REGISTRA,VEH_LIVIANO,,,,,,,,
2026-01-08 04:41:38,-4.026472,-79.214503,Calle Saraguro,CON_FALLECIDOS,Incendio,Distraccion (celular/radio),34,FALLECIDO,NO_REGISTRA,SCOOTER,79,FALLECIDO,HOMBRE,PEATON,,,,
2026-01-22 16:27:05,-4.001036,-79.203044,Calle 18 de Noviembre,SOLO_DANOS,Accidente Laboral,Imprudencia del conductor,,,,,,,,,,,,
2026-01-18 14:58:21,-3.978485,-79.220214,Av. Metropolitana,SOLO_DANOS,Incendio,Factores externos,,,,,,,,,,,,
2026-01-10 18:08:53,-4.025327,-79.205994,Calle Colon,CON_FALLECIDOS,Incendio,Falla mecanica,67,FALLECIDO,HOMBRE,OTRO,77,FALLECIDO,MUJER,OTRO,,,,
2026-01-19 21:34:25,-4.028934,-79.184343,Calle Rocafuerte,SOLO_DANOS,Accidente Laboral,Mal estado de la via,,,,,,,,,,,,
2026-01-01 13:37:28,-4.005272,-79.183617,Via Loja - Zamora,SOLO_DANOS,Accidente Laboral,Imprudencia del conductor,22,LESIONADO,MUJER,SCOOTER,,,,,,,,
2026-01-12 12:55:11,-4.013518,-79.198527,Av. Metropolitana,SOLO_DANOS,Incendio,Mal estado de la via,80,LESIONADO,HOMBRE,VEH_LIVIANO,,,,,,,,
2026-01-19 18:29:56,-3.981484,-79.222452,Av. Metropolitana,CON_FALLECIDOS,Choque Vehicular,Estado de embriaguez,82,FALLECIDO,HOMBRE,MOTOCICLETA,29,LESIONADO,HOMBRE,CICLISTA,53,LESIONADO,NO_REGISTRA,CICLISTA
2026-01-11 22:15:05,-3.996939,-79.190358,Calle Sucre,CON_LESIONADOS,Volcamiento,Estado de embriaguez,55,LESIONADO,HOMBRE,PEATON,,,,,,,,
2026-01-04 17:48:50,-3.979398,-79.175303,Calle Azogues,CON_FALLECIDOS,Volcamiento,Mal estado de la via,47,FALLECIDO,MUJER,VEH_LIVIANO,63,LESIONADO,NO_REGISTRA,MOTOCICLETA,65,LESIONADO,MUJER,MOTOCICLETA
2026-01-12 06:36:15,-4.026096,-79.191445,Av. Rosa Hermosa,CON_LESIONADOS,Caida,Visibilidad reducida,29,LESIONADO,HOMBRE,PEATON,56,LESIONADO,NO_REGISTRA,OTRO,71,LESIONADO,NO_REGISTRA,PEATON
2026-01-02 17:26:08,-4.014121,-79.198942,Calle Azogues,CON_FALLECIDOS,Incendio,Exceso de velocidad,55,FALLECIDO,HOMBRE,VEH_LIVIANO,56,FALLECIDO,MUJER,OTRO,,,,
2026-01-23 02:36:59,-4.006038,-79.181022,Ruta 35,CON_FALLECIDOS,Atropellamiento,Via resbaladiza o mojada,47,FALLECIDO,MUJER,CICLISTA,22,LESIONADO,NO_REGISTRA,OTRO,,,,