fecha_hora,latitud,longitud,via,grado_severidad,tipo_siniestro,causa_probable,victima1_edad,victima1_condicion,victima1_sexo,victima1_actor_vial,victima2_edad,victima2_condicion,victima2_sexo,victima2_actor_vial,victima3_edad,victima3_condicion,victima3_sexo,victima3_actor_vial
2026-01-01 16:46:28,-4.007747,-79.198460,Calle Sucre,CON_LESIONADOS,Incendio,Equipo de seguridad deficiente,33,LESIONADO,HOMBRE,VEH_LIVIANO,42,LESIONADO,NO_REGISTRA,OTRO,16,LESIONADO,MUJER,VEH_LIVIANO
2026-01-18 10:32:51,-4.008986,-79.198711,Calle Saraguro,CON_LESIONADOS,Choque Vehicular,Estado de embriaguez,24,LESIONADO,HOMBRE,PEATON,52,LESIONADO,HOMBRE,OTRO,53,LESIONADO,MUJER,CICLISTA
2026-01-08 09:34:23,-4.021266,-79.214917,Calle Colon,SOLO_DANOS,Accidente Laboral,Imprudencia del conductor,,,,,,,,,,,,
2026-01-14 07:57:09,-3.989759,-79.175877,Ruta 35,CON_FALLECIDOS,Accidente Laboral,Exceso de velocidad,29,FALLECIDO,NO_REGISTRA,CICLISTA,46,LESIONADO,NO_REGISTRA,VEH_LIVIANO,61,LESIONADO,MUJER,SCOOTER
2026-01-11 19:29:15,-3.979921,-79.218441,Via Loja - Zamora,CON_FALLECIDOS,Caida,Visibilidad reducida,71,FALLECIDO,NO_REGISTRA,PEATON,51,FALLECIDO,MUJER,SCOOTER,,,,
2026-01-06 08:32:26,-3.980831,-79.201189,Av. 8 de Diciembre,CON_LESIONADOS,Choque Vehicular,Exceso de velocidad,43,LESIONADO,NO_REGISTRA,PEATON,49,LESIONADO,NO_REGISTRA,PEATON,,,,
2026-01-08 23:56:53,-4.018283,-79.212713,Calle Rocafuerte,SOLO_DANOS,Atropellamiento,Via resbaladiza o mojada,,,,,,,,,,,,
2026-01-17 09:33:04,-4.031343,-79.227121,Av. Universitaria,CON_LESIONADOS,Choque Vehicular,Factores externos,54,LESIONADO,NO_REGISTRA,VEH_LIVIANO,8,LESIONADO,NO_REGISTRA,MOTOCICLETA,,,,
2026-01-02 19:21:32,-4.013343,-79.197584,Ruta 35,SOLO_DANOS,Caida,Fatiga del conductor,,,,,,,,,,,,
2026-01-09 22:31:36,-4.030618,-79.210335,Av. Metropolitana,SOLO_DANOS,Atropellamiento,Imprudencia del conductor,,,,,,,,,,,,
2026-01-16 23:36:54,-4.030764,-79.209380,Calle Azogues,CON_FALLECIDOS,Atropellamiento,Fatiga del conductor,57,FALLECIDO,MUJER,MOTOCICLETA,52,LESIONADO,NO_REGISTRA,PEATON,,,,
2026-01-15 06:46:49,-4.028571,-79.175224,Calle Miguel Riofrio,CON_FALLECIDOS,Colision Multiple,Inobservancia de senales,28,FALLECIDO,MUJER,VEH_LIVIANO,48,FALLECIDO,NO_REGISTRA,VEH_LIVIANO,47,LESIONADO,NO_REGISTRA,PEATON
2026-01-04 05:54:42,-4.020823,-79.220800,Calle Ramon Borrero,CON_FALLECIDOS,Atropellamiento,Via resbaladiza o mojada,22,FALLECIDO,MUJER,SCOOTER,25,FALLECIDO,MUJER,CICLISTA,,,,
2026-01-22 12:23:30,-4.014625,-79.227100,Calle 10 de Agosto,CON_LESIONADOS,Caida,Estado de embriaguez,60,LESIONADO,HOMBRE,PEATON,,,,,,,,
2026-01-10 03:09:40,-3.991345,-79.226410,Av. Rosa Hermosa,SOLO_DANOS,Atropellamiento,Factores externos,,,,,,,,,,,,
2026-01-02 20:09:30,-3.993303,-79.174171,Av. Isidro Ayora,CON_LESIONADOS,Volcamiento,Falla mecanica,8,LESIONADO,NO_REGISTRA,PEATON,,,,,,,,
2026-01-19 17:22:17,-4.013462,-79.223173,Calle Imbabura,CON_FALLECIDOS,Atropellamiento,Estado de embriaguez,69,FALLECIDO,MUJER,MOTOCICLETA,44,LESIONADO,NO_REGISTRA,VEH_LIVIANO,,,,
2026-01-10 00:24:34,-4.006761,-79.206015,Calle Quito,CON_LESIONADOS,Accidente Laboral,Mal estado de la via,68,LESIONADO,MUJER,OTRO,,,,,,,,
2026-01-09 16:24:14,-4.016159,-79.177671,Av. Manuel Agustin Aguirre,CON_FALLECIDOS,Volcamiento,Inobservancia de senales,70,FALLECIDO,NO_REGISTRA,CICLISTA,56,FALLECIDO,HOMBRE,MOTOCICLETA,23,LESIONADO,HOMBRE,SCOOTER
2026-01-13 03:29:38,-3.998742,-79.203335,Av. Universitaria,CON_LESIONADOS,Accidente Laboral,Visibilidad reducida,15,LESIONADO,MUJER,SCOOTER,76,LESIONADO,MUJER,SCOOTER,14,LESIONADO,HOMBRE,SCOOTER
2026-01-03 23:07:36,-4.010095,-79.202001,Av. Manuel Agustin Aguirre,CON_LESIONADOS,Colision Multiple,Via resbaladiza o mojada,33,LESIONADO,NO_REGISTRA,MOTOCICLETA,50,LESIONADO,NO_REGISTRA,SCOOTER,,,,
2026-01-15 21:11:17,-3.981196,-79.187679,Calle Quito,CON_LESIONADOS,Volcamiento,Exceso de velocidad,76,LESIONADO,NO_REGISTRA,OTRO,6,LESIONADO,HOMBRE,MOTOCICLETA,33,LESIONADO,NO_REGISTRA,MOTOCICLETA
2026-01-16 04:13:23,-4.030122,-79.173808,Calle Saraguro,CON_FALLECIDOS,Colision Multiple,Imprudencia del conductor,53,FALLECIDO,NO_REGISTRA,SCOOTER,57,LESIONADO,MUJER,CICLISTA,,,,
2026-01-09 14:45:50,-4.008562,-79.212537,Calle 18 de Noviembre,SOLO_DANOS,Volcamiento,Exceso de velocidad,,,,,,,,,,,,
2026-01-06 07:16:27,-4.023345,-79.181158,Av. Isidro Ayora,CON_FALLECIDOS,Caida,Visibilidad reducida,84,FALLECIDO,MUJER,OTRO,34,FALLECIDO,HOMBRE,OTRO,51,LESIONADO,NO_REGISTRA,PEATON
2026-01-16 04:44:57,-4.035713,-79.198176,Av. Reinaldo Espinosa,CON_LESIONADOS,Volcamiento,Via resbaladiza o mojada,16,LESIONADO,HOMBRE,MOTOCICLETA,7,LESIONADO,NO_REGISTRA,VEH_LIVIANO,,,,
2026-01-16 13:19:59,-3.992642,-79.195929,Av. Pio Jaramillo,CON_FALLECIDOS,Incendio,Exceso de velocidad,45,FALLECIDO,NO_REGISTRA,PEATON,28,LESIONADO,MUJER,CICLISTA,,,,
2026-01-23 06:42:10,-3.992799,-79.222837,Av. Cuxibamba,SOLO_DANOS,Caida,Visibilidad reducida,,,,,,,,,,,,
2026-01-02 17:21:10,-3.987348,-79.202594,Via Loja - Zamora,SOLO_DANOS,Incendio,Falla mecanica,42,LESIONADO,MUJER,OTRO,,,,,,,,
2026-01-07 16:38:48,-4.020556,-79.190149,Av. Reinaldo Espinosa,CON_FALLECIDOS,Colision Multiple,Distraccion (celular/radio),61,FALLECIDO,MUJER,CICLISTA,38,LESIONADO,HOMBRE,MOTOCICLETA,,,,
2026-01-01 02:43:03,-4.003242,-79.209085,Av. 8 de Diciembre,CON_LESIONADOS,Accidente Laboral,Via resbaladiza o mojada,10,LESIONADO,HOMBRE,CICLISTA,10,LESIONADO,MUJER,PEATON,,,,
2026-01-06 22:31:40,-3.984851,-79.227482,Ruta 35,CON_FALLECIDOS,Atropellamiento,Imprudencia del conductor,73,FALLECIDO,MUJER,CICLISTA,33,FALLECIDO,HOMBRE,MOTOCICLETA,,,,
2026-01-16 02:38:06,-4.031496,-79.207339,Av. Universitaria,SOLO_DANOS,Volcamiento,Via resbaladiza o mojada,,,,,,,,,,,,
2026-01-20 07:37:39,-3.986633,-79.174039,Calle Ramon Borrero,CON_LESIONADOS,Atropellamiento,Estado de embriaguez,56,LESIONADO,HOMBRE,MOTOCICLETA,,,,,,,,
2026-01-08 03:32:31,-4.026720,-79.209384,Calle Saraguro,SOLO_DANOS,Atropellamiento,Fatiga del conductor,,,,,,,,,,,,
2026-01-10 01:39:09,-4.026057,-79.229201,Via Loja - Catamayo,CON_FALLECIDOS,Atropellamiento,Imprudencia del conductor,75,FALLECIDO,HOMBRE,CICLISTA,65,FALLECIDO,HOMBRE,PEATON,77,LESIONADO,NO_REGISTRA,OTRO
2026-01-05 09:05:27,-4.025238,-79.174752,Calle Sucre,CON_LESIONADOS,Colision Multiple,Inobservancia de senales,72,LESIONADO,MUJER,MOTOCICLETA,59,LESIONADO,NO_REGISTRA,MOTOCICLETA,27,LESIONADO,NO_REGISTRA,SCOOTER
2026-01-15 17:09:26,-4.019914,-79.225573,Calle Mercadillo,SOLO_DANOS,Caida,Mal estado de la via,,,,,,,,,,,,
2026-01-16 00:48:54,-4.005725,-79.223849,Av. Pio Jaramillo,CON_LESIONADOS,Atropellamiento,Imprudencia del conductor,44,LESIONADO,HOMBRE,SCOOTER,78,LESIONADO,HOMBRE,OTRO,,,,
2026-01-09 03:29:21,-3.987045,-79.219162,Av. Orillas del Zamora,SOLO_DANOS,Accidente Laboral,Falla mecanica,,,,,,,,,,,,
2026-01-19 00:09:47,-4.030709,-79.171578,Calle Quito,CON_FALLECIDOS,Atropellamiento,Mal estado de la via,58,FALLECIDO,MUJER,VEH_LIVIANO,71,FALLECIDO,NO_REGISTRA,MOTOCICLETA,20,LESIONADO,NO_REGISTRA,VEH_LIVIANO
2026-01-04 15:58:59,-3.994837,-79.185718,Calle Azogues,CON_FALLECIDOS,Caida,Fatiga del conductor,64,FALLECIDO,MUJER,MOTOCICLETA,12,LESIONADO,HOMBRE,CICLISTA,,,,
2026-01-10 23:27:39,-3.994251,-79.185609,Via Loja - Zamora,SOLO_DANOS,Accidente Laboral,Visibilidad reducida,,,,,,,,,,,,
2026-01-10 07:02:04,-4.033269,-79.212990,Av. Pio Jaramillo,CON_FALLECIDOS,Accidente Laboral,Fatiga del conductor,35,FALLECIDO,HOMBRE,PEATON,51,FALLECIDO,HOMBRE,CICLISTA,72,LESIONADO,HOMBRE,SCOOTER
2026-01-17 21:37:30,-4.001479,-79.186989,Av. Rosa Hermosa,SOLO_DANOS,Colision Multiple,Fatiga del conductor,,,,,,,,,,,,
2026-01-18 22:31:48,-4.032343,-79.188230,Calle Bolivar,CON_LESIONADOS,Accidente Laboral,Visibilidad reducida,41,LESIONADO,MUJER,CICLISTA,,,,,,,,
2026-01-01 16:39:21,-3.983685,-79.214917,Calle Montufar,CON_LESIONADOS,Caida,Imprudencia del conductor,22,LESIONADO,MUJER,PEATON,64,LESIONADO,NO_REGISTRA,MOTOCICLETA,,,,
2026-01-11 18:18:38,-3.977789,-79.210757,Calle Bolivar,CON_LESIONADOS,Volcamiento,Visibilidad reducida,7,LESIONADO,HOMBRE,SCOOTER,,,,,,,,
2026-01-23 02:13:14,-4.030727,-79.171055,Av. Reinaldo Espinosa,CON_LESIONADOS,Choque Vehicular,Visibilidad reducida,76,LESIONADO,MUJER,OTRO,,,,,,,,
2026-01-18 05:41:11,-4.028020,-79.183062,Av. Universitaria,CON_LESIONADOS,Incendio,Fatiga del conductor,11,LESIONADO,MUJER,CICLISTA,29,LESIONADO,NO_REGISTRA,MOTOCICLETA,54,LESIONADO,HOMBRE,SCOOTER
2026-01-18 14:30:13,-3.990672,-79.201221,Calle Imbabura,CON_FALLECIDOS,Choque Vehicular,Exceso de velocidad,58,FALLECIDO,HOMBRE,VEH_LIVIANO,30,FALLECIDO,NO_REGISTRA,VEH_LIVIANO,,,,
2026-01-05 10:22:19,-4.003361,-79.192444,Av. Rosa Hermosa,CON_FALLECIDOS,Atropellamiento,Distraccion (celular/radio),85,FALLECIDO,MUJER,MOTOCICLETA,,,,,,,,
2026-01-17 22:21:07,-4.025296,-79.173946,Av. Universitaria,CON_LESIONADOS,Incendio,Visibilidad reducida,56,LESIONADO,HOMBRE,PEATON,44,LESIONADO,HOMBRE,SCOOTER,,,,
2026-01-07 11:27:49,-4.007595,-79.218184,Via Loja - Zamora,CON_FALLECIDOS,Caida,Via resbaladiza o mojada,44,FALLECIDO,HOMBRE,MOTOCICLETA,47,FALLECIDO,HOMBRE,CICLISTA,21,LESIONADO,MUJER,CICLISTA
2026-01-16 06:34:38,-3.993631,-79.228363,Ruta 35,CON_FALLECIDOS,Atropellamiento,Mal estado de la via,75,FALLECIDO,HOMBRE,OTRO,56,FALLECIDO,MUJER,CICLISTA,71,LESIONADO,NO_REGISTRA,CICLISTA
2026-01-19 23:07:44,-3.991384,-79.175497,Via Loja - Zamora,SOLO_DANOS,Incendio,Imprudencia del conductor,,,,,,,,,,,,
2026-01-18 02:28:35,-3.996555,-79.213563,Calle Montufar,CON_FALLECIDOS,Accidente Laboral,Via resbaladiza o mojada,59,FALLECIDO,MUJER,SCOOTER,45,FALLECIDO,NO_REGISTRA,MOTOCICLETA,45,LESIONADO,HOMBRE,VEH_LIVIANO
2026-01-04 09:13:10,-4.010109,-79.219948,Av. Rosa Hermosa,CON_LESIONADOS,Choque Vehicular,Distraccion (celular/radio),52,LESIONADO,MUJER,SCOOTER,61,LESIONADO,HOMBRE,CICLISTA,13,LESIONADO,HOMBRE,VEH_LIVIANO
2026-01-05 05:18:20,-3.983272,-79.188918,Calle Imbabura,SOLO_DANOS,Colision Multiple,Distraccion (celular/radio),64,LESIONADO,MUJER,OTRO,,,,,,,,
2026-01-20 21:28:57,-3.999558,-79.214045,Via Loja - Zamora,SOLO_DANOS,Caida,Estado de embriaguez,,,,,,,,,,,,
2026-01-20 06:34:46,-4.018528,-79.229484,Av. Pio Jaramillo,CON_FALLECIDOS,Choque Vehicular,Exceso de velocidad,33,FALLECIDO,HOMBRE,SCOOTER,,,,,,,,
2026-01-21 06:15:27,-4.030857,-79.208316,Av. Isidro Ayora,CON_FALLECIDOS,Choque Vehicular,Factores externos,74,FALLECIDO,MUJER,MOTOCICLETA,55,FALLECIDO,HOMBRE,VEH_LIVIANO,50,LESIONADO,MUJER,MOTOCICLETA
2026-01-22 21:47:26,-3.993999,-79.211085,Calle Quito,CON_LESIONADOS,Accidente Laboral,Falla mecanica,34,LESIONADO,NO_REGISTRA,CICLISTA,,,,,,,,
2026-01-16 13:32:47,-4.010826,-79.196849,Calle Saraguro,SOLO_DANOS,Atropellamiento,Imprudencia del conductor,,,,,,,,,,,,
2026-01-22 09:53:10,-4.010675,-79.186938,Calle Miguel Riofrio,CON_LESIONADOS,Colision Multiple,Mal estado de la via,17,LESIONADO,NO_REGISTRA,MOTOCICLETA,,,,,,,,
2026-01-06 19:37:20,-4.016414,-79.219749,Av. Pio Jaramillo,SOLO_DANOS,Accidente Laboral,Via resbaladiza o mojada,,,,,,,,,,,,
2026-01-20 05:37:29,-3.978610,-79.190088,Av. Reinaldo Espinosa,CON_LESIONADOS,Volcamiento,Via resbaladiza o mojada,16,LESIONADO,MUJER,CICLISTA,67,LESIONADO,HOMBRE,MOTOCICLETA,74,LESIONADO,HOMBRE,OTRO
2026-01-07 21:21:20,-4.027459,-79.174799,Av. Universitaria,SOLO_DANOS,Incendio,Mal estado de la via,,,,,,,,,,,,
2026-01-22 20:36:45,-4.028409,-79.228661,Calle Quito,CON_LESIONADOS,Choque Vehicular,Equipo de seguridad deficiente,48,LESIONADO,NO_REGISTRA,CICLISTA,21,LESIONADO,NO_REGISTRA,SCOOTER,,,,
2026-01-16 17:55:05,-3.989497,-79.176752,Calle Rocafuerte,CON_LESIONADOS,Volcamiento,Inobservancia de senales,19,LESIONADO,NO_REGISTRA,CICLISTA,,,,,,,,
2026-01-16 12:57:19,-4.016432,-79.212573,Av. 8 de Diciembre,SOLO_DANOS,Incendio,Factores externos,,,,,,,,,,,,
2026-01-15 22:49:27,-4.009224,-79.178007,Calle Sucre,SOLO_DANOS,Colision Multiple,Visibilidad reducida,,,,,,,,,,,,
2026-01-09 22:11:02,-4.018789,-79.208430,Calle Ramon Borrero,CON_FALLECIDOS,Incendio,Factores externos,66,FALLECIDO,MUJER,PEATON,23,FALLECIDO,HOMBRE,CICLISTA,55,LESIONADO,NO_REGISTRA,PEATON
2026-01-05 07:42:37,-4.007056,-79.215288,Calle 10 de Agosto,CON_LESIONADOS,Caida,Inobservancia de senales,43,LESIONADO,MUJER,SCOOTER,,,,,,,,
2026-01-01 22:56:18,-4.014909,-79.171600,Calle 18 de Noviembre,SOLO_DANOS,Atropellamiento,Imprudencia del conductor,,,,,,,,,,,,
2026-01-18 17:04:35,-3.987048,-79.178069,Calle Bolivar,SOLO_DANOS,Volcamiento,Imprudencia del conductor,,,,,,,,,,,,
2026-01-23 06:23:12,-3.998978,-79.192971,Via Loja - Catamayo,CON_LESIONADOS,Atropellamiento,Exceso de velocidad,26,LESIONADO,NO_REGISTRA,CICLISTA,,,,,,,,
2026-01-20 01:35:10,-4.004524,-79.208374,Via Loja - Catamayo,SOLO_DANOS,Volcamiento,Visibilidad reducida,,,,,,,,,,,,
2026-01-14 23:02:28,-4.032315,-79.191550,Calle Sucre,CON_FALLECIDOS,Atropellamiento,Visibilidad reducida,57,FALLECIDO,MUJER,SCOOTER,,,,,,,,
2026-01-03 21:51:33,-3.978838,-79.217339,Calle Ramon Borrero,CON_LESIONADOS,Accidente Laboral,Visibilidad reducida,12,LESIONADO,NO_REGISTRA,CICLISTA,,,,,,,,
2026-01-05 08:24:07,-4.032752,-79.194713,Calle Ramon Borrero,SOLO_DANOS,Volcamiento,Equipo de seguridad deficiente,11,LESIONADO,NO_REGISTRA,VEH_LIVIANO,,,,,,,,
2026-01-06 05:22:53,-4.031126,-79.173682,Calle Miguel Riofrio,CON_FALLECIDOS,Caida,Equipo de seguridad deficiente,25,FALLECIDO,NO_REGISTRA,SCOOTER,38,LESIONADO,NO_REGISTRA,VEH_LIVIANO,,,,
2026-01-16 10:30:20,-4.022588,-79.224289,Av. Cuxibamba,CON_LESIONADOS,Colision Multiple,Fatiga del conductor,68,LESIONADO,HOMBRE,MOTOCICLETA,68,LESIONADO,HOMBRE,MOTOCICLETA,45,LESIONADO,MUJER,OTRO
2026-01-12 15:03:19,-3.981385,-79.201704,Av. Manuel Agustin Aguirre,CON_LESIONADOS,Choque Vehicular,Estado de embriaguez,53,LESIONADO,MUJER,SCOOTER,11,LESIONADO,MUJER,PEATON,,,,
2026-01-22 11:16:51,-3.996086,-79.172314,Ruta 35,SOLO_DANOS,Colision Multiple,Via resbaladiza o mojada,,,,,,,,,,,,
2026-01-22 11:25:21,-3.985207,-79.175342,Calle 10 de Agosto,SOLO_DANOS,Volcamiento,Estado de embriaguez,,,,,,,,,,,,
2026-01-03 16:01:27,-4.025850,-79.209517,Av. Isidro Ayora,CON_FALLECIDOS,Caida,Imprudencia del conductor,51,FALLECIDO,HOMBRE,VEH_LIVIANO,,,,,,,,
2026-01-05 09:10:08,-4.025281,-79.184835,Calle Colon,SOLO_DANOS,Colision Multiple,Via resbaladiza o mojada,,,,,,,,,,,,
2026-01-02 15:50:29,-4.012846,-79.209549,Ruta 35,CON_LESIONADOS,Atropellamiento,Equipo de seguridad deficiente,30,LESIONADO,HOMBRE,SCOOTER,27,LESIONADO,HOMBRE,MOTOCICLETA,51,LESIONADO,NO_REGISTRA,SCOOTER
2026-01-14 05:52:59,-4.016828,-79.189832,Av. Orillas del Zamora,CON_LESIONADOS,Choque Vehicular,Distraccion (celular/radio),72,LESIONADO,NO_REGISTRA,SCOOTER,,,,,,,,
2026-01-11 01:20:32,-3.979082,-79.175750,Calle Rocafuerte,SOLO_DANOS,Volcamiento,Factores externos,,,,,,,,,,,,
2026-01-22 09:41:51,-3.995204,-79.227779,Calle Mercadillo,SOLO_DANOS,Caida,Imprudencia del conductor,,,,,,,,,,,,
2026-01-01 05:51:41,-4.031184,-79.216945,Av. Isidro Ayora,CON_LESIONADOS,Colision Multiple,Fatiga del conductor,37,LESIONADO,HOMBRE,MOTOCICLETA,8,LESIONADO,NO_REGISTRA,VEH_LIVIANO,26,LESIONADO,NO_REGISTRA,MOTOCICLETA
2026-01-05 16:31:08,-4.001559,-79.206723,Via Loja - Catamayo,SOLO_DANOS,Colision Multiple,Inobservancia de senales,,,,,,,,,,,,
2026-01-18 17:31:33,-4.011127,-79.198862,Calle Rocafuerte,CON_FALLECIDOS,Choque Vehicular,Via resbaladiza o mojada,52,FALLECIDO,MUJER,MOTOCICLETA,84,FALLECIDO,HOMBRE,SCOOTER,74,LESIONADO,MUJER,SCOOTER
2026-01-06 11:50:08,-3.981770,-79.189978,Av. Metropolitana,CON_LESIONADOS,Volcamiento,Visibilidad reducida,67,LESIONADO,NO_REGISTRA,VEH_LIVIANO,,,,,,,,
2026-01-14 23:22:48,-3.995113,-79.219050,Av. Reinaldo Espinosa,CON_FALLECIDOS,Accidente Laboral,Distraccion (celular/radio),75,FALLECIDO,NO_REGISTRA,VEH_LIVIANO,76,FALLECIDO,HOMBRE,MOTOCICLETA,,,,
2026-01-11 20:39:43,-3.988834,-79.215994,Calle Quito,CON_FALLECIDOS,Volcamiento,Distraccion (celular/radio),19,FALLECIDO,HOMBRE,VEH_LIVIANO,54,FALLECIDO,NO_REGISTRA,SCOOTER,,,,
2026-01-19 16:59:22,-3.993917,-79.174933,Calle Colon,CON_FALLECIDOS,Atropellamiento,Visibilidad reducida,54,FALLECIDO,HOMBRE,VEH_LIVIANO,47,FALLECIDO,MUJER,SCOOTER,,,,
2026-01-19 08:20:40,-3.983074,-79.213334,Av. Cuxibamba,SOLO_DANOS,Caida,Imprudencia del conductor,,,,,,,,,,,,
2026-01-07 11:21:14,-4.011898,-79.214552,Calle Mercadillo,CON_FALLECIDOS,Atropellamiento,Distraccion (celular/radio),54,FALLECIDO,NO_REGISTRA,OTRO,53,FALLECIDO,HOMBRE,CICLISTA,79,LESIONADO,MUJER,MOTOCICLETA
2026-01-16 12:49:17,-3.991607,-79.206092,Calle 18 de Noviembre,SOLO_DANOS,Atropellamiento,Estado de embriaguez,,,,,,,,,,,,
2026-01-12 15:54:48,-3.981152,-79.190758,Av. Cuxibamba,CON_LESIONADOS,Colision Multiple,Exceso de velocidad,76,LESIONADO,HOMBRE,MOTOCICLETA,78,LESIONADO,HOMBRE,VEH_LIVIANO,46,LESIONADO,HOMBRE,SCOOTER
2026-01-05 03:11:31,-3.990464,-79.204098,Calle Azogues,CON_LESIONADOS,Choque Vehicular,Estado de embriaguez,18,LESIONADO,HOMBRE,CICLISTA,56,LESIONADO,MUJER,PEATON,,,,
2026-01-18 22:06:43,-4.032752,-79.209483,Av. Cuxibamba,CON_FALLECIDOS,Caida,Distraccion (celular/radio),27,FALLECIDO,NO_REGISTRA,MOTOCICLETA,40,LESIONADO,MUJER,VEH_LIVIANO,,,,
2026-01-12 23:07:11,-4.010941,-79.186011,Calle Quito,CON_LESIONADOS,Colision Multiple,Factores externos,75,LESIONADO,MUJER,OTRO,75,LESIONADO,HOMBRE,MOTOCICLETA,22,LESIONADO,MUJER,PEATON
2026-01-19 07:05:45,-3.980047,-79.212218,Calle Sucre,SOLO_DANOS,Incendio,Falla mecanica,,,,,,,,,,,,
2026-01-02 20:35:33,-3.992458,-79.183704,Av. Orillas del Zamora,CON_LESIONADOS,Accidente Laboral,Fatiga del conductor,61,LESIONADO,NO_REGISTRA,VEH_LIVIANO,,,,,,,,
2026-01-12 13:31:13,-4.027289,-79.189022,Calle Mercadillo,CON_FALLECIDOS,Accidente Laboral,Estado de embriaguez,23,FALLECIDO,HOMBRE,OTRO,85,FALLECIDO,NO_REGISTRA,SCOOTER,45,LESIONADO,HOMBRE,CICLISTA
2026-01-13 02:44:39,-3.990738,-79.216823,Calle Rocafuerte,CON_FALLECIDOS,Choque Vehicular,Via resbaladiza o mojada,56,FALLECIDO,NO_REGISTRA,SCOOTER,65,FALLECIDO,NO_REGISTRA,PEATON,60,LESIONADO,HOMBRE,PEATON
2026-01-11 11:41:19,-3.986660,-79.188713,Calle Montufar,SOLO_DANOS,Choque Vehicular,Distraccion (celular/radio),,,,,,,,,,,,
2026-01-19 23:38:04,-3.995738,-79.173234,Via Loja - Zamora,CON_FALLECIDOS,Atropellamiento,Distraccion (celular/radio),47,FALLECIDO,HOMBRE,OTRO,50,FALLECIDO,HOMBRE,SCOOTER,51,LESIONADO,NO_REGISTRA,MOTOCICLETA
2026-01-09 13:43:43,-3.993523,-79.198711,Av. Universitaria,SOLO_DANOS,Incendio,Falla mecanica,77,LESIONADO,HOMBRE,OTRO,,,,,,,,
2026-01-05 15:53:46,-4.013664,-79.209606,Calle Ramon Borrero,SOLO_DANOS,Accidente Laboral,Equipo de seguridad deficiente,,,,,,,,,,,,
2026-01-20 03:45:10,-4.029910,-79.189920,Av. Cuxibamba,CON_LESIONADOS,Volcamiento,Visibilidad reducida,38,LESIONADO,HOMBRE,MOTOCICLETA,,,,,,,,
2026-01-11 01:12:38,-3.982720,-79.187857,Calle Rocafuerte,CON_FALLECIDOS,Incendio,Visibilidad reducida,24,FALLECIDO,NO_REGISTRA,MOTOCICLETA,,,,,,,,
2026-01-21 07:29:27,-4.003846,-79.221751,Via Loja - Catamayo,SOLO_DANOS,Accidente Laboral,Imprudencia del conductor,,,,,,,,,,,,
2026-01-13 21:16:01,-4.028805,-79.213377,Calle Quito,SOLO_DANOS,Atropellamiento,Fatiga del conductor,,,,,,,,,,,,
2026-01-17 13:49:31,-4.014840,-79.171308,Calle 18 de Noviembre,CON_LESIONADOS,Atropellamiento,Distraccion (celular/radio),5,LESIONADO,MUJER,SCOOTER,58,LESIONADO,HOMBRE,VEH_LIVIANO,35,LESIONADO,HOMBRE,SCOOTER
2026-01-05 11:41:54,-3.996006,-79.225258,Av. Orillas del Zamora,CON_FALLECIDOS,Choque Vehicular,Equipo de seguridad deficiente,28,FALLECIDO,MUJER,SCOOTER,78,LESIONADO,HOMBRE,PEATON,,,,
2026-01-12 12:15:41,-3.991503,-79.191783,Calle Bolivar,CON_FALLECIDOS,Choque Vehicular,Imprudencia del conductor,73,FALLECIDO,HOMBRE,VEH_LIVIANO,50,FALLECIDO,NO_REGISTRA,CICLISTA,33,LESIONADO,HOMBRE,SCOOTER
2026-01-12 11:39:41,-4.010650,-79.212746,Calle 18 de Noviembre,CON_FALLECIDOS,Incendio,Imprudencia del conductor,49,FALLECIDO,MUJER,CICLISTA,81,FALLECIDO,NO_REGISTRA,CICLISTA,76,LESIONADO,HOMBRE,OTRO
2026-01-15 16:47:20,-4.017795,-79.183387,Calle Sucre,CON_FALLECIDOS,Choque Vehicular,Factores externos,59,FALLECIDO,NO_REGISTRA,SCOOTER,,,,,,,,
2026-01-06 22:31:23,-4.003241,-79.226819,Av. Manuel Agustin Aguirre,CON_FALLECIDOS,Accidente Laboral,Distraccion (celular/radio),60,FALLECIDO,MUJER,VEH_LIVIANO,54,LESIONADO,NO_REGISTRA,CICLISTA,75,LESIONADO,NO_REGISTRA,MOTOCICLETA
2026-01-12 04:14:17,-4.027172,-79.186983,Calle Sucre,SOLO_DANOS,Volcamiento,Exceso de velocidad,,,,,,,,,,,,
2026-01-18 18:15:31,-3.985967,-79.180334,Calle Montufar,CON_LESIONADOS,Accidente Laboral,Factores externos,36,LESIONADO,NO_REGISTRA,VEH_LIVIANO,66,LESIONADO,MUJER,SCOOTER,25,LESIONADO,MUJER,SCOOTER
2026-01-14 15:59:35,-4.007871,-79.203249,Av. Gran Colombia,CON_LESIONADOS,Incendio,Fatiga del conductor,40,LESIONADO,HOMBRE,PEATON,40,LESIONADO,MUJER,OTRO,24,LESIONADO,HOMBRE,PEATON
2026-01-05 11:41:52,-4.032323,-79.188714,Calle Saraguro,SOLO_DANOS,Caida,Factores externos,,,,,,,,,,,,
2026-01-13 11:40:25,-3.990618,-79.200145,Calle Mercadillo,CON_FALLECIDOS,Caida,Mal estado de la via,56,FALLECIDO,MUJER,PEATON,53,FALLECIDO,HOMBRE,OTRO,13,LESIONADO,MUJER,PEATON