fecha_hora,latitud,longitud,via,grado_severidad,tipo_siniestro,causa_probable,victima1_edad,victima1_condicion,victima1_sexo,victima1_actor_vial,victima2_edad,victima2_condicion,victima2_sexo,victima2_actor_vial,victima3_edad,victima3_condicion,victima3_sexo,victima3_actor_vial
2026-01-05 14:37:57,-4.023648,-79.172081,Calle Quito,CON_FALLECIDOS,Volcamiento,Visibilidad reducida,42,FALLECIDO,MUJER,OTRO,35,LESIONADO,HOMBRE,SCOOTER,17,LESIONADO,NO_REGISTRA,VEH_LIVIANO
2026-01-01 16:55:26,-4.002619,-79.172221,Calle Mercadillo,SOLO_DANOS,Atropellamiento,Equipo de seguridad deficiente,,,,,,,,,,,,
2026-01-14 00:03:48,-3.983688,-79.174815,Av. Universitaria,CON_LESIONADOS,Colision Multiple,Exceso de velocidad,23,LESIONADO,NO_REGISTRA,VEH_LIVIANO,27,LESIONADO,HOMBRE,OTRO,,,,
2026-01-06 01:41:38,-3.997367,-79.217621,Calle Rocafuerte,CON_FALLECIDOS,Caida,Mal estado de la via,80,FALLECIDO,MUJER,OTRO,32,FALLECIDO,HOMBRE,VEH_LIVIANO,37,LESIONADO,NO_REGISTRA,VEH_LIVIANO
2026-01-16 06:14:33,-3.997545,-79.199207,Calle Saraguro,CON_FALLECIDOS,Incendio,Falla mecanica,51,FALLECIDO,MUJER,MOTOCICLETA,79,FALLECIDO,MUJER,PEATON,23,LESIONADO,MUJER,OTRO
2026-01-22 18:50:41,-4.016925,-79.174072,Av. Reinaldo Espinosa,SOLO_DANOS,Incendio,Visibilidad reducida,,,,,,,,,,,,
2026-01-23 13:33:28,-4.004558,-79.228853,Calle Quito,SOLO_DANOS,Colision Multiple,Falla mecanica,,,,,,,,,,,,
2026-01-11 07:44:42,-4.009479,-79.177978,Av. Reinaldo Espinosa,CON_LESIONADOS,Colision Multiple,Imprudencia del conductor,63,LESIONADO,NO_REGISTRA,CICLISTA,44,LESIONADO,HOMBRE,VEH_LIVIANO,,,,
2026-01-15 13:22:27,-4.015950,-79.185557,Calle Ramon Borrero,CON_LESIONADOS,Colision Multiple,Equipo de seguridad deficiente,7,LESIONADO,HOMBRE,MOTOCICLETA,41,LESIONADO,MUJER,SCOOTER,,,,
2026-01-21 01:15:18,-4.021562,-79.190240,Via Loja - Zamora,CON_FALLECIDOS,Incendio,Via resbaladiza o mojada,51,FALLECIDO,MUJER,CICLISTA,6,LESIONADO,HOMBRE,MOTOCICLETA,20,LESIONADO,NO_REGISTRA,CICLISTA
2026-01-07 11:14:11,-4.013106,-79.204437,Calle Mercadillo,CON_FALLECIDOS,Incendio,Falla mecanica,31,FALLECIDO,MUJER,PEATON,16,LESIONADO,HOMBRE,CICLISTA,,,,
2026-01-02 12:56:02,-4.033189,-79.173977,Calle Rocafuerte,CON_FALLECIDOS,Colision Multiple,Estado de embriaguez,19,FALLECIDO,MUJER,VEH_LIVIANO,64,FALLECIDO,HOMBRE,PEATON,,,,
2026-01-16 04:04:03,-4.009444,-79.219356,Calle Montufar,CON_LESIONADOS,Accidente Laboral,Inobservancia de senales,36,LESIONADO,NO_REGISTRA,MOTOCICLETA,18,LESIONADO,HOMBRE,OTRO,77,LESIONADO,NO_REGISTRA,PEATON
2026-01-02 07:44:02,-3.998538,-79.192428,Via Loja - Catamayo,CON_LESIONADOS,Volcamiento,Distraccion (celular/radio),10,LESIONADO,MUJER,VEH_LIVIANO,20,LESIONADO,HOMBRE,OTRO,30,LESIONADO,HOMBRE,PEATON
2026-01-07 19:40:01,-3.983710,-79.191706,Av. Metropolitana,CON_FALLECIDOS,Volcamiento,Visibilidad reducida,32,FALLECIDO,NO_REGISTRA,SCOOTER,38,LESIONADO,MUJER,SCOOTER,,,,
2026-01-18 02:45:11,-3.985388,-79.183002,Av. Cuxibamba,CON_FALLECIDOS,Choque Vehicular,Factores externos,54,FALLECIDO,MUJER,VEH_LIVIANO,75,LESIONADO,NO_REGISTRA,CICLISTA,57,LESIONADO,NO_REGISTRA,MOTOCICLETA
2026-01-15 03:46:42,-3.985656,-79.190217,Calle 10 de Agosto,CON_FALLECIDOS,Atropellamiento,Exceso de velocidad,62,FALLECIDO,MUJER,SCOOTER,84,FALLECIDO,NO_REGISTRA,MOTOCICLETA,38,LESIONADO,MUJER,CICLISTA
2026-01-05 08:53:48,-4.017114,-79.178025,Calle Miguel Riofrio,CON_LESIONADOS,Accidente Laboral,Factores externos,27,LESIONADO,HOMBRE,VEH_LIVIANO,24,LESIONADO,MUJER,OTRO,54,LESIONADO,NO_REGISTRA,PEATON
2026-01-14 02:22:14,-4.020054,-79.174637,Calle Imbabura,CON_LESIONADOS,Volcamiento,Exceso de velocidad,44,LESIONADO,HOMBRE,MOTOCICLETA,,,,,,,,
2026-01-19 11:40:03,-3.994987,-79.183186,Calle Imbabura,SOLO_DANOS,Atropellamiento,Visibilidad reducida,,,,,,,,,,,,
2026-01-20 20:42:13,-3.998832,-79.218267,Av. Rosa Hermosa,CON_FALLECIDOS,Incendio,Visibilidad reducida,29,FALLECIDO,MUJER,OTRO,38,FALLECIDO,MUJER,MOTOCICLETA,,,,
2026-01-23 11:27:50,-4.026078,-79.230908,Av. 8 de Diciembre,SOLO_DANOS,Volcamiento,Distraccion (celular/radio),,,,,,,,,,,,
2026-01-02 22:05:54,-3.980579,-79.230806,Av. Gran Colombia,CON_LESIONADOS,Caida,Via resbaladiza o mojada,20,LESIONADO,MUJER,PEATON,78,LESIONADO,HOMBRE,CICLISTA,71,LESIONADO,MUJER,SCOOTER
2026-01-13 05:18:59,-3.987793,-79.180514,Calle Bolivar,CON_LESIONADOS,Atropellamiento,Imprudencia del conductor,66,LESIONADO,NO_REGISTRA,VEH_LIVIANO,38,LESIONADO,HOMBRE,VEH_LIVIANO,,,,
2026-01-17 16:25:50,-4.022120,-79.196611,Calle Quito,SOLO_DANOS,Caida,Fatiga del conductor,,,,,,,,,,,,
2026-01-17 22:45:52,-3.985756,-79.217634,Calle Quito,CON_LESIONADOS,Incendio,Mal estado de la via,51,LESIONADO,NO_REGISTRA,PEATON,36,LESIONADO,MUJER,OTRO,77,LESIONADO,NO_REGISTRA,PEATON
2026-01-20 05:50:44,-3.980914,-79.178954,Av. Orillas del Zamora,CON_LESIONADOS,Colision Multiple,Fatiga del conductor,42,LESIONADO,NO_REGISTRA,PEATON,33,LESIONADO,NO_REGISTRA,OTRO,,,,
2026-01-11 09:56:08,-3.984820,-79.223202,Calle Saraguro,SOLO_DANOS,Accidente Laboral,Imprudencia del conductor,,,,,,,,,,,,
2026-01-17 11:14:49,-3.989568,-79.184604,Calle 10 de Agosto,SOLO_DANOS,Accidente Laboral,Visibilidad reducida,,,,,,,,,,,,
2026-01-19 15:29:27,-4.006495,-79.187746,Via Loja - Zamora,CON_LESIONADOS,Choque Vehicular,Visibilidad reducida,12,LESIONADO,MUJER,OTRO,74,LESIONADO,HOMBRE,SCOOTER,,,,
2026-01-22 17:45:33,-4.021527,-79.223681,Via Loja - Catamayo,SOLO_DANOS,Colision Multiple,Fatiga del conductor,,,,,,,,,,,,
2026-01-12 09:31:38,-4.009589,-79.182584,Av. Cuxibamba,CON_LESIONADOS,Colision Multiple,Via resbaladiza o mojada,58,LESIONADO,MUJER,PEATON,41,LESIONADO,NO_REGISTRA,CICLISTA,,,,
2026-01-03 13:30:31,-4.018787,-79.184804,Av. Cuxibamba,SOLO_DANOS,Incendio,Estado de embriaguez,,,,,,,,,,,,
2026-01-11 11:03:57,-4.034103,-79.175079,Calle Rocafuerte,SOLO_DANOS,Caida,Exceso de velocidad,,,,,,,,,,,,
2026-01-17 02:27:53,-3.993308,-79.187471,Calle Saraguro,SOLO_DANOS,Volcamiento,Mal estado de la via,,,,,,,,,,,,
2026-01-22 11:02:19,-3.998769,-79.179394,Av. Reinaldo Espinosa,CON_LESIONADOS,Atropellamiento,Fatiga del conductor,40,LESIONADO,HOMBRE,CICLISTA,,,,,,,,
2026-01-08 12:52:45,-4.023168,-79.206445,Calle Bolivar,SOLO_DANOS,Accidente Laboral,Equipo de seguridad deficiente,,,,,,,,,,,,
2026-01-02 16:57:49,-3.980753,-79.181944,Av. Universitaria,SOLO_DANOS,Caida,Inobservancia de senales,,,,,,,,,,,,
2026-01-12 16:44:57,-3.995134,-79.230543,Calle Ramon Borrero,CON_FALLECIDOS,Caida,Mal estado de la via,40,FALLECIDO,HOMBRE,PEATON,31,FALLECIDO,MUJER,OTRO,,,,
2026-01-14 18:21:34,-3.988167,-79.176739,Av. Reinaldo Espinosa,CON_LESIONADOS,Choque Vehicular,Visibilidad reducida,39,LESIONADO,NO_REGISTRA,CICLISTA,71,LESIONADO,NO_REGISTRA,OTRO,72,LESIONADO,NO_REGISTRA,CICLISTA
2026-01-17 13:51:45,-4.035403,-79.201566,Av. Manuel Agustin Aguirre,CON_LESIONADOS,Volcamiento,Exceso de velocidad,75,LESIONADO,HOMBRE,CICLISTA,17,LESIONADO,NO_REGISTRA,SCOOTER,,,,
2026-01-22 14:54:40,-3.992817,-79.223269,Calle Azogues,CON_FALLECIDOS,Accidente Laboral,Exceso de velocidad,80,FALLECIDO,HOMBRE,PEATON,85,FALLECIDO,HOMBRE,OTRO,,,,
2026-01-02 12:11:48,-4.033546,-79.178037,Av. Universitaria,CON_LESIONADOS,Accidente Laboral,Factores externos,16,LESIONADO,HOMBRE,PEATON,,,,,,,,
2026-01-17 13:57:00,-4.006344,-79.203506,Calle Saraguro,CON_FALLECIDOS,Accidente Laboral,Distraccion (celular/radio),44,FALLECIDO,MUJER,PEATON,34,FALLECIDO,NO_REGISTRA,PEATON,,,,
2026-01-19 06:59:33,-3.980656,-79.218362,Ruta 35,CON_LESIONADOS,Colision Multiple,Fatiga del conductor,77,LESIONADO,NO_REGISTRA,OTRO,21,LESIONADO,NO_REGISTRA,PEATON,,,,
2026-01-02 06:21:45,-4.029729,-79.175696,Av. Reinaldo Espinosa,CON_FALLECIDOS,Caida,Estado de embriaguez,46,FALLECIDO,NO_REGISTRA,PEATON,,,,,,,,
2026-01-12 20:24:40,-4.035076,-79.197873,Calle 10 de Agosto,SOLO_DANOS,Caida,Exceso de velocidad,,,,,,,,,,,,
2026-01-13 14:18:27,-4.001685,-79.207520,Av. Gran Colombia,SOLO_DANOS,Atropellamiento,Visibilidad reducida,,,,,,,,,,,,
2026-01-22 11:07:38,-4.014680,-79.180063,Calle 18 de Noviembre,CON_FALLECIDOS,Incendio,Imprudencia del conductor,54,FALLECIDO,NO_REGISTRA,PEATON,70,LESIONADO,MUJER,OTRO,31,LESIONADO,NO_REGISTRA,CICLISTA
2026-01-22 23:06:20,-4.016980,-79.186952,Av. Cuxibamba,CON_LESIONADOS,Accidente Laboral,Falla mecanica,30,LESIONADO,MUJER,PEATON,,,,,,,,
2026-01-09 03:02:27,-4.016092,-79.230932,Via Loja - Catamayo,CON_LESIONADOS,Atropellamiento,Fatiga del conductor,69,LESIONADO,HOMBRE,VEH_LIVIANO,,,,,,,,
2026-01-01 08:08:41,-4.003955,-79.186935,Via Loja - Zamora,CON_FALLECIDOS,Atropellamiento,Distraccion (celular/radio),84,FALLECIDO,MUJER,CICLISTA,,,,,,,,
2026-01-10 18:04:21,-3.983237,-79.184050,Calle Colon,CON_FALLECIDOS,Choque Vehicular,Falla mecanica,79,FALLECIDO,MUJER,VEH_LIVIANO,44,LESIONADO,NO_REGISTRA,MOTOCICLETA,,,,
2026-01-08 08:17:04,-3.982521,-79.178257,Calle Montufar,CON_FALLECIDOS,Colision Multiple,Distraccion (celular/radio),54,FALLECIDO,HOMBRE,MOTOCICLETA,82,FALLECIDO,MUJER,MOTOCICLETA,8,LESIONADO,NO_REGISTRA,SCOOTER
2026-01-19 23:56:59,-3.986479,-79.226761,Calle Rocafuerte,CON_LESIONADOS,Atropellamiento,Equipo de seguridad deficiente,66,LESIONADO,MUJER,MOTOCICLETA,,,,,,,,
2026-01-11 22:21:13,-4.033932,-79.219961,Calle Imbabura,CON_LESIONADOS,Incendio,Distraccion (celular/radio),33,LESIONADO,NO_REGISTRA,CICLISTA,,,,,,,,
2026-01-11 09:58:43,-4.015172,-79.201949,Calle Colon,SOLO_DANOS,Caida,Falla mecanica,,,,,,,,,,,,
2026-01-19 07:00:33,-4.036374,-79.229486,Av. Orillas del Zamora,CON_LESIONADOS,Volcamiento,Exceso de velocidad,37,LESIONADO,NO_REGISTRA,MOTOCICLETA,36,LESIONADO,HOMBRE,MOTOCICLETA,18,LESIONADO,MUJER,VEH_LIVIANO
2026-01-02 23:43:06,-4.035771,-79.201768,Calle Mercadillo,CON_LESIONADOS,Choque Vehicular,Fatiga del conductor,64,LESIONADO,NO_REGISTRA,CICLISTA,,,,,,,,
2026-01-07 22:51:44,-4.016942,-79.171193,Calle Saraguro,SOLO_DANOS,Atropellamiento,Via resbaladiza o mojada,,,,,,,,,,,,
2026-01-04 16:01:01,-4.010682,-79.201882,Via Loja - Zamora,CON_LESIONADOS,Volcamiento,Fatiga del conductor,71,LESIONADO,HOMBRE,CICLISTA,24,LESIONADO,NO_REGISTRA,CICLISTA,25,LESIONADO,MUJER,OTRO
2026-01-06 17:19:25,-3.984396,-79.228444,Calle Azogues,CON_LESIONADOS,Colision Multiple,Exceso de velocidad,68,LESIONADO,HOMBRE,MOTOCICLETA,14,LESIONADO,MUJER,PEATON,,,,
2026-01-06 10:20:31,-4.030659,-79.216709,Calle 18 de Noviembre,CON_LESIONADOS,Accidente Laboral,Fatiga del conductor,74,LESIONADO,HOMBRE,OTRO,,,,,,,,
2026-01-11 23:48:04,-3.990791,-79.181636,Calle Rocafuerte,SOLO_DANOS,Caida,Exceso de velocidad,,,,,,,,,,,,
2026-01-19 15:27:58,-4.018249,-79.229684,Calle Rocafuerte,CON_LESIONADOS,Caida,Mal estado de la via,36,LESIONADO,NO_REGISTRA,SCOOTER,,,,,,,,
2026-01-15 16:36:30,-3.994481,-79.186379,Av. Isidro Ayora,CON_FALLECIDOS,Atropellamiento,Falla mecanica,49,FALLECIDO,HOMBRE,VEH_LIVIANO,65,LESIONADO,MUJER,MOTOCICLETA,26,LESIONADO,HOMBRE,VEH_LIVIANO
2026-01-18 19:55:30,-3.996954,-79.228631,Ruta 35,SOLO_DANOS,Choque Vehicular,Factores externos,,,,,,,,,,,,
2026-01-12 09:37:00,-4.018581,-79.173130,Calle 18 de Noviembre,CON_LESIONADOS,Choque Vehicular,Distraccion (celular/radio),25,LESIONADO,MUJER,OTRO,,,,,,,,
2026-01-18 10:24:39,-3.992731,-79.172748,Av. Isidro Ayora,CON_FALLECIDOS,Choque Vehicular,Fatiga del conductor,66,FALLECIDO,NO_REGISTRA,OTRO,35,FALLECIDO,MUJER,CICLISTA,33,LESIONADO,HOMBRE,PEATON
2026-01-20 00:51:56,-3.979752,-79.195098,Av. Pio Jaramillo,CON_FALLECIDOS,Accidente Laboral,Fatiga del conductor,21,FALLECIDO,HOMBRE,SCOOTER,22,LESIONADO,HOMBRE,SCOOTER,80,LESIONADO,MUJER,OTRO
2026-01-17 22:03:52,-4.023587,-79.209139,Via Loja - Zamora,SOLO_DANOS,Accidente Laboral,Mal estado de la via,,,,,,,,,,,,
2026-01-14 19:48:31,-4.002619,-79.210035,Av. Cuxibamba,CON_LESIONADOS,Accidente Laboral,Estado de embriaguez,65,LESIONADO,NO_REGISTRA,PEATON,63,LESIONADO,HOMBRE,PEATON,16,LESIONADO,HOMBRE,MOTOCICLETA
2026-01-14 02:01:48,-4.021119,-79.199463,Av. Isidro Ayora,CON_LESIONADOS,Colision Multiple,Mal estado de la via,58,LESIONADO,NO_REGISTRA,SCOOTER,,,,,,,,
2026-01-16 14:41:41,-4.031122,-79.195124,Av. Pio Jaramillo,CON_FALLECIDOS,Atropellamiento,Mal estado de la via,80,FALLECIDO,MUJER,VEH_LIVIANO,55,LESIONADO,MUJER,MOTOCICLETA,,,,
2026-01-08 17:44:23,-3.998244,-79.219846,Calle Bolivar,CON_FALLECIDOS,Volcamiento,Distraccion (celular/radio),70,FALLECIDO,NO_REGISTRA,PEATON,48,FALLECIDO,MUJER,OTRO,62,LESIONADO,NO_REGISTRA,VEH_LIVIANO
2026-01-15 18:39:52,-4.027665,-79.178336,Calle Ramon Borrero,CON_FALLECIDOS,Colision Multiple,Equipo de seguridad deficiente,68,FALLECIDO,NO_REGISTRA,CICLISTA,49,FALLECIDO,NO_REGISTRA,OTRO,15,LESIONADO,HOMBRE,CICLISTA
2026-01-10 21:30:47,-3.983060,-79.211542,Av. Pio Jaramillo,SOLO_DANOS,Colision Multiple,Falla mecanica,,,,,,,,,,,,
2026-01-15 12:55:42,-3.999948,-79.204687,Calle Ramon Borrero,CON_LESIONADOS,Incendio,Falla mecanica,20,LESIONADO,NO_REGISTRA,PEATON,70,LESIONADO,MUJER,MOTOCICLETA,41,LESIONADO,MUJER,CICLISTA
2026-01-14 05:34:15,-4.010471,-79.215541,Calle Montufar,SOLO_DANOS,Accidente Laboral,Via resbaladiza o mojada,,,,,,,,,,,,
2026-01-04 20:14:31,-3.994581,-79.207267,Av. Universitaria,CON_LESIONADOS,Choque Vehicular,Factores externos,34,LESIONADO,HOMBRE,SCOOTER,40,LESIONADO,HOMBRE,OTRO,19,LESIONADO,NO_REGISTRA,MOTOCICLETA
2026-01-06 19:32:38,-4.023343,-79.178940,Av. Reinaldo Espinosa,SOLO_DANOS,Caida,Distraccion (celular/radio),,,,,,,,,,,,
2026-01-05 09:34:06,-3.993604,-79.171292,Ruta 35,SOLO_DANOS,Colision Multiple,Equipo de seguridad deficiente,,,,,,,,,,,,
2026-01-09 17:27:45,-4.032576,-79.200748,Calle Miguel Riofrio,CON_LESIONADOS,Colision Multiple,Falla mecanica,51,LESIONADO,HOMBRE,VEH_LIVIANO,26,LESIONADO,NO_REGISTRA,SCOOTER,57,LESIONADO,MUJER,CICLISTA
2026-01-10 22:49:26,-3.997612,-79.175736,Av. Cuxibamba,CON_FALLECIDOS,Choque Vehicular,Inobservancia de senales,73,FALLECIDO,HOMBRE,OTRO,69,FALLECIDO,HOMBRE,CICLISTA,26,LESIONADO,MUJER,MOTOCICLETA
2026-01-13 03:39:23,-3.993378,-79.186571,Av. Orillas del Zamora,CON_FALLECIDOS,Accidente Laboral,Exceso de velocidad,56,FALLECIDO,MUJER,VEH_LIVIANO,72,FALLECIDO,MUJER,SCOOTER,15,LESIONADO,HOMBRE,PEATON
2026-01-20 23:35:15,-4.002119,-79.192577,Calle Colon,SOLO_DANOS,Choque Vehicular,Estado de embriaguez,44,LESIONADO,HOMBRE,OTRO,,,,,,,,
2026-01-11 15:22:30,-3.980870,-79.206010,Calle Montufar,CON_LESIONADOS,Colision Multiple,Mal estado de la via,23,LESIONADO,HOMBRE,MOTOCICLETA,,,,,,,,
2026-01-17 06:07:15,-4.000066,-79.185534,Av. Rosa Hermosa,CON_LESIONADOS,Accidente Laboral,Fatiga del conductor,75,LESIONADO,MUJER,VEH_LIVIANO,,,,,,,,
2026-01-04 07:26:52,-3.980909,-79.194848,Calle Saraguro,CON_LESIONADOS,Colision Multiple,Via resbaladiza o mojada,29,LESIONADO,HOMBRE,SCOOTER,,,,,,,,
2026-01-19 06:42:29,-4.009119,-79.193682,Calle Mercadillo,CON_FALLECIDOS,Colision Multiple,Mal estado de la via,66,FALLECIDO,NO_REGISTRA,MOTOCICLETA,56,FALLECIDO,HOMBRE,CICLISTA,25,LESIONADO,HOMBRE,CICLISTA
2026-01-07 15:44:03,-3.977692,-79.194551,Calle Quito,CON_FALLECIDOS,Choque Vehicular,Fatiga del conductor,60,FALLECIDO,NO_REGISTRA,CICLISTA,,,,,,,,
2026-01-10 10:43:28,-3.980735,-79.227676,Via Loja - Zamora,CON_LESIONADOS,Choque Vehicular,Estado de embriaguez,8,LESIONADO,NO_REGISTRA,MOTOCICLETA,,,,,,,,
2026-01-21 23:19:05,-3.977879,-79.179047,Calle Saraguro,CON_FALLECIDOS,Volcamiento,Via resbaladiza o mojada,28,FALLECIDO,MUJER,SCOOTER,64,FALLECIDO,NO_REGISTRA,MOTOCICLETA,,,,
2026-01-05 19:27:18,-4.030824,-79.190880,Av. Isidro Ayora,CON_LESIONADOS,Accidente Laboral,Factores externos,54,LESIONADO,NO_REGISTRA,PEATON,,,,,,,,
2026-01-08 19:58:48,-4.020043,-79.198346,Calle Rocafuerte,CON_LESIONADOS,Colision Multiple,Falla mecanica,33,LESIONADO,NO_REGISTRA,OTRO,52,LESIONADO,HOMBRE,PEATON,,,,
2026-01-10 00:29:06,-3.981691,-79.207078,Calle Bolivar,CON_LESIONADOS,Colision Multiple,Imprudencia del conductor,69,LESIONADO,NO_REGISTRA,PEATON,61,LESIONADO,MUJER,CICLISTA,,,,
2026-01-20 22:02:32,-4.036460,-79.200136,Ruta 35,SOLO_DANOS,Volcamiento,Falla mecanica,,,,,,,,,,,,
2026-01-09 14:33:51,-4.024707,-79.216022,Av. Manuel Agustin Aguirre,CON_LESIONADOS,Caida,Via resbaladiza o mojada,34,LESIONADO,MUJER,CICLISTA,,,,,,,,
2026-01-09 11:19:16,-4.021586,-79.223921,Calle Mercadillo,CON_LESIONADOS,Colision Multiple,Estado de embriaguez,65,LESIONADO,HOMBRE,MOTOCICLETA,17,LESIONADO,HOMBRE,CICLISTA,,,,
2026-01-06 18:14:04,-4.018901,-79.219529,Calle 10 de Agosto,CON_LESIONADOS,Caida,Imprudencia del conductor,66,LESIONADO,MUJER,VEH_LIVIANO,44,LESIONADO,NO_REGISTRA,CICLISTA,57,LESIONADO,MUJER,OTRO
2026-01-20 18:15:35,-4.035597,-79.192626,Calle Rocafuerte,CON_FALLECIDOS,Incendio,Imprudencia del conductor,19,FALLECIDO,MUJER,SCOOTER,73,LESIONADO,MUJER,OTRO,59,LESIONADO,NO_REGISTRA,PEATON
2026-01-21 16:29:39,-4.031571,-79.218244,Calle Azogues,CON_LESIONADOS,Accidente Laboral,Falla mecanica,58,LESIONADO,HOMBRE,PEATON,68,LESIONADO,MUJER,SCOOTER,29,LESIONADO,HOMBRE,SCOOTER
2026-01-15 08:53:53,-4.002415,-79.204318,Calle Quito,CON_LESIONADOS,Volcamiento,Estado de embriaguez,68,LESIONADO,NO_REGISTRA,SCOOTER,59,LESIONADO,HOMBRE,OTRO,,,,
2026-01-09 11:26:52,-3.988035,-79.192968,Calle Quito,SOLO_DANOS,Incendio,Visibilidad reducida,,,,,,,,,,,,
2026-01-10 22:34:33,-4.031531,-79.189023,Av. 8 de Diciembre,CON_LESIONADOS,Colision Multiple,Falla mecanica,49,LESIONADO,MUJER,PEATON,,,,,,,,
2026-01-01 07:03:13,-4.003044,-79.208085,Calle Quito,CON_FALLECIDOS,Choque Vehicular,Factores externos,80,FALLECIDO,MUJER,VEH_LIVIANO,62,FALLECIDO,HOMBRE,VEH_LIVIANO,,,,
2026-01-12 21:44:22,-3.999387,-79.199382,Calle Rocafuerte,SOLO_DANOS,Choque Vehicular,Factores externos,,,,,,,,,,,,
2026-01-22 06:18:30,-4.006618,-79.201070,Av. Universitaria,CON_FALLECIDOS,Volcamiento,Imprudencia del conductor,74,FALLECIDO,HOMBRE,MOTOCICLETA,80,FALLECIDO,NO_REGISTRA,MOTOCICLETA,,,,
2026-01-01 14:52:12,-4.011737,-79.180465,Av. Universitaria,SOLO_DANOS,Incendio,Inobservancia de senales,,,,,,,,,,,,
2026-01-16 17:00:43,-3.988445,-79.183728,Av. 8 de Diciembre,CON_FALLECIDOS,Caida,Via resbaladiza o mojada,72,FALLECIDO,MUJER,SCOOTER,82,FALLECIDO,MUJER,CICLISTA,8,LESIONADO,HOMBRE,MOTOCICLETA
2026-01-15 08:08:01,-4.030165,-79.189547,Av. Reinaldo Espinosa,SOLO_DANOS,Volcamiento,Imprudencia del conductor,,,,,,,,,,,,
2026-01-23 08:27:15,-4.030140,-79.199617,Ruta 35,CON_FALLECIDOS,Atropellamiento,Visibilidad reducida,31,FALLECIDO,NO_REGISTRA,OTRO,69,FALLECIDO,NO_REGISTRA,SCOOTER,59,LESIONADO,NO_REGISTRA,OTRO
2026-01-01 05:02:19,-3.998978,-79.174973,Calle Azogues,CON_LESIONADOS,Incendio,Factores externos,16,LESIONADO,HOMBRE,VEH_LIVIANO,74,LESIONADO,HOMBRE,VEH_LIVIANO,62,LESIONADO,MUJER,SCOOTER
2026-01-07 10:21:42,-3.983530,-79.187739,Av. Manuel Agustin Aguirre,CON_LESIONADOS,Incendio,Via resbaladiza o mojada,52,LESIONADO,NO_REGISTRA,SCOOTER,,,,,,,,
2026-01-13 04:40:49,-4.014505,-79.198707,Calle Bolivar,SOLO_DANOS,Accidente Laboral,Fatiga del conductor,,,,,,,,,,,,
2026-01-13 12:36:03,-3.999040,-79.183031,Calle Bolivar,SOLO_DANOS,Volcamiento,Estado de embriaguez,,,,,,,,,,,,
2026-01-18 08:27:33,-3.981740,-79.182846,Calle Bolivar,CON_LESIONADOS,Incendio,Imprudencia del conductor,50,LESIONADO,MUJER,PEATON,70,LESIONADO,NO_REGISTRA,CICLISTA,64,LESIONADO,MUJER,OTRO
2026-01-13 20:50:08,-4.014837,-79.218857,Calle Montufar,CON_LESIONADOS,Incendio,Exceso de velocidad,70,LESIONADO,MUJER,VEH_LIVIANO,43,LESIONADO,HOMBRE,SCOOTER,13,LESIONADO,NO_REGISTRA,SCOOTER
2026-01-10 16:22:53,-4.020006,-79.217270,Calle 10 de Agosto,SOLO_DANOS,Accidente Laboral,Imprudencia del conductor,,,,,,,,,,,,
2026-01-14 09:47:39,-3.991664,-79.191402,Via Loja - Zamora,CON_FALLECIDOS,Volcamiento,Equipo de seguridad deficiente,79,FALLECIDO,HOMBRE,CICLISTA,,,,,,,,
2026-01-15 04:46:20,-3.986992,-79.203233,Calle Miguel Riofrio,SOLO_DANOS,Atropellamiento,Visibilidad reducida,,,,,,,,,,,,
2026-01-20 18:38:12,-4.031372,-79.228065,Via Loja - Catamayo,CON_LESIONADOS,Caida,Distraccion (celular/radio),14,LESIONADO,MUJER,CICLISTA,39,LESIONADO,HOMBRE,PEATON,,,,
2026-01-16 21:43:30,-3.992276,-79.175480,Calle Colon,CON_LESIONADOS,Colision Multiple,Equipo de seguridad deficiente,23,LESIONADO,HOMBRE,SCOOTER,,,,,,,,
2026-01-01 18:02:05,-4.005731,-79.176053,Calle 18 de Noviembre,SOLO_DANOS,Caida,Visibilidad reducida,,,,,,,,,,,,
2026-01-15 09:48:16,-4.015446,-79.195486,Av. Isidro Ayora,CON_LESIONADOS,Caida,Estado de embriaguez,60,LESIONADO,MUJER,SCOOTER,58,LESIONADO,MUJER,OTRO,,,,
2026-01-21 20:20:36,-4.017575,-79.221959,Av. Isidro Ayora,CON_FALLECIDOS,Caida,Equipo de seguridad deficiente,33,FALLECIDO,HOMBRE,OTRO,13,LESIONADO,MUJER,VEH_LIVIANO,25,LESIONADO,NO_REGISTRA,VEH_LIVIANO
2026-01-04 03:58:34,-4.021016,-79.200743,Av. Manuel Agustin Aguirre,SOLO_DANOS,Accidente Laboral,Exceso de velocidad,,,,,,,,,,,,
2026-01-18 16:18:02,-4.030430,-79.219462,Calle 10 de Agosto,CON_FALLECIDOS,Colision Multiple,Visibilidad reducida,33,FALLECIDO,HOMBRE,SCOOTER,30,FALLECIDO,NO_REGISTRA,PEATON,52,LESIONADO,NO_REGISTRA,OTRO
2026-01-21 11:23:02,-3.992578,-79.190137,Av. Cuxibamba,CON_LESIONADOS,Caida,Distraccion (celular/radio),11,LESIONADO,NO_REGISTRA,PEATON,72,LESIONADO,NO_REGISTRA,OTRO,,,,