fecha_hora,latitud,longitud,via,grado_severidad,tipo_siniestro,causa_probable,victima1_edad,victima1_condicion,victima1_sexo,victima1_actor_vial,victima2_edad,victima2_condicion,victima2_sexo,victima2_actor_vial,victima3_edad,victima3_condicion,victima3_sexo,victima3_actor_vial
2026-01-03 18:50:12,-4.023218,-79.180040,Av. Gran Colombia,CON_FALLECIDOS,Caida,Visibilidad reducida,45,FALLECIDO,MUJER,PEATON,18,LESIONADO,MUJER,VEH_LIVIANO,25,LESIONADO,MUJER,VEH_LIVIANO
2026-01-01 18:45:17,-3.985014,-79.225474,Calle Rocafuerte,CON_LESIONADOS,Atropellamiento,Equipo de seguridad deficiente,22,LESIONADO,NO_REGISTRA,OTRO,,,,,,,,
2026-01-05 20:53:55,-4.003850,-79.213566,Av. Metropolitana,SOLO_DANOS,Colision Multiple,Exceso de velocidad,,,,,,,,,,,,
2026-01-02 18:50:10,-4.017942,-79.205828,Av. Rosa Hermosa,CON_LESIONADOS,Accidente Laboral,Mal estado de la via,18,LESIONADO,MUJER,PEATON,32,LESIONADO,HOMBRE,PEATON,,,,
2026-01-14 04:03:06,-4.024993,-79.216837,Calle 18 de Noviembre,CON_LESIONADOS,Atropellamiento,Inobservancia de senales,22,LESIONADO,HOMBRE,OTRO,,,,,,,,
2026-01-05 21:23:15,-3.999780,-79.204299,Av. Orillas del Zamora,CON_LESIONADOS,Atropellamiento,Mal estado de la via,36,LESIONADO,HOMBRE,MOTOCICLETA,64,LESIONADO,NO_REGISTRA,PEATON,60,LESIONADO,HOMBRE,SCOOTER
2026-01-11 18:11:20,-4.031194,-79.229660,Av. Reinaldo Espinosa,CON_LESIONADOS,Incendio,Exceso de velocidad,28,LESIONADO,NO_REGISTRA,SCOOTER,,,,,,,,
2026-01-16 13:42:07,-4.028592,-79.220742,Av. Cuxibamba,CON_FALLECIDOS,Colision Multiple,Factores externos,48,FALLECIDO,NO_REGISTRA,OTRO,19,FALLECIDO,MUJER,MOTOCICLETA,51,LESIONADO,MUJER,CICLISTA
2026-01-11 13:16:33,-3.996223,-79.211443,Calle Mercadillo,CON_LESIONADOS,Atropellamiento,Via resbaladiza o mojada,66,LESIONADO,MUJER,VEH_LIVIANO,73,LESIONADO,MUJER,OTRO,,,,
2026-01-09 12:31:14,-4.023068,-79.204784,Av. Manuel Agustin Aguirre,SOLO_DANOS,Atropellamiento,Fatiga del conductor,,,,,,,,,,,,
2026-01-09 15:54:34,-3.986141,-79.189377,Calle Azogues,CON_FALLECIDOS,Accidente Laboral,Distraccion (celular/radio),59,FALLECIDO,MUJER,VEH_LIVIANO,76,LESIONADO,HOMBRE,VEH_LIVIANO,46,LESIONADO,HOMBRE,PEATON
2026-01-14 22:09:53,-3.998418,-79.189513,Calle Imbabura,CON_LESIONADOS,Atropellamiento,Visibilidad reducida,22,LESIONADO,NO_REGISTRA,PEATON,56,LESIONADO,HOMBRE,OTRO,58,LESIONADO,MUJER,OTRO
2026-01-04 11:07:11,-3.983658,-79.216582,Calle Azogues,SOLO_DANOS,Accidente Laboral,Factores externos,,,,,,,,,,,,
2026-01-05 00:51:03,-4.011569,-79.177416,Calle Ramon Borrero,SOLO_DANOS,Accidente Laboral,Visibilidad reducida,,,,,,,,,,,,
2026-01-06 14:46:44,-3.978517,-79.185131,Av. Reinaldo Espinosa,CON_LESIONADOS,Volcamiento,Via resbaladiza o mojada,58,LESIONADO,MUJER,OTRO,34,LESIONADO,MUJER,VEH_LIVIANO,33,LESIONADO,NO_REGISTRA,MOTOCICLETA
2026-01-10 09:41:39,-4.001794,-79.224385,Calle Imbabura,CON_LESIONADOS,Choque Vehicular,Inobservancia de senales,25,LESIONADO,HOMBRE,OTRO,15,LESIONADO,MUJER,PEATON,59,LESIONADO,MUJER,SCOOTER
2026-01-13 13:14:07,-3.988059,-79.230044,Calle Ramon Borrero,SOLO_DANOS,Accidente Laboral,Factores externos,,,,,,,,,,,,
2026-01-10 01:15:44,-4.035078,-79.197140,Via Loja - Catamayo,CON_FALLECIDOS,Volcamiento,Inobservancia de senales,57,FALLECIDO,NO_REGISTRA,VEH_LIVIANO,,,,,,,,
2026-01-06 15:46:34,-4.034255,-79.211639,Av. Isidro Ayora,CON_LESIONADOS,Atropellamiento,Equipo de seguridad deficiente,10,LESIONADO,MUJER,SCOOTER,,,,,,,,
2026-01-22 08:00:41,-3.977785,-79.194294,Calle Colon,CON_FALLECIDOS,Choque Vehicular,Distraccion (celular/radio),19,FALLECIDO,MUJER,SCOOTER,,,,,,,,
2026-01-21 15:21:23,-4.024927,-79.191330,Calle 10 de Agosto,SOLO_DANOS,Caida,Visibilidad reducida,,,,,,,,,,,,
2026-01-19 20:57:03,-4.009679,-79.182424,Calle 18 de Noviembre,SOLO_DANOS,Choque Vehicular,Via resbaladiza o mojada,,,,,,,,,,,,
2026-01-12 05:13:37,-3.979881,-79.196520,Calle Montufar,CON_LESIONADOS,Incendio,Mal estado de la via,79,LESIONADO,NO_REGISTRA,OTRO,73,LESIONADO,HOMBRE,OTRO,19,LESIONADO,NO_REGISTRA,VEH_LIVIANO
2026-01-12 06:38:26,-4.021884,-79.191585,Calle 10 de Agosto,SOLO_DANOS,Choque Vehicular,Inobservancia de senales,,,,,,,,,,,,
2026-01-09 19:16:45,-4.008009,-79.203313,Calle Imbabura,SOLO_DANOS,Accidente Laboral,Inobservancia de senales,,,,,,,,,,,,
2026-01-09 18:27:30,-4.025859,-79.181153,Calle 10 de Agosto,CON_LESIONADOS,Volcamiento,Factores externos,43,LESIONADO,NO_REGISTRA,OTRO,61,LESIONADO,MUJER,PEATON,,,,
2026-01-14 19:54:13,-4.007687,-79.223012,Calle Rocafuerte,CON_LESIONADOS,Accidente Laboral,Falla mecanica,14,LESIONADO,MUJER,CICLISTA,63,LESIONADO,HOMBRE,CICLISTA,,,,
2026-01-17 15:55:21,-4.011500,-79.174564,Calle Ramon Borrero,SOLO_DANOS,Caida,Distraccion (celular/radio),,,,,,,,,,,,
2026-01-17 15:19:28,-3.978408,-79.173381,Calle Imbabura,CON_LESIONADOS,Incendio,Visibilidad reducida,33,LESIONADO,HOMBRE,OTRO,76,LESIONADO,MUJER,MOTOCICLETA,61,LESIONADO,NO_REGISTRA,CICLISTA
2026-01-19 19:56:42,-4.036507,-79.177713,Via Loja - Zamora,CON_LESIONADOS,Accidente Laboral,Visibilidad reducida,9,LESIONADO,NO_REGISTRA,PEATON,,,,,,,,
2026-01-22 15:31:04,-4.018623,-79.180786,Av. Universitaria,SOLO_DANOS,Caida,Inobservancia de senales,,,,,,,,,,,,
2026-01-20 16:33:52,-4.036486,-79.193173,Calle Rocafuerte,CON_LESIONADOS,Colision Multiple,Exceso de velocidad,47,LESIONADO,HOMBRE,MOTOCICLETA,9,LESIONADO,HOMBRE,OTRO,,,,
2026-01-23 04:10:18,-3.996986,-79.205387,Calle Imbabura,SOLO_DANOS,Choque Vehicular,Equipo de seguridad deficiente,,,,,,,,,,,,
2026-01-03 16:39:20,-4.025588,-79.220782,Calle Rocafuerte,CON_LESIONADOS,Incendio,Distraccion (celular/radio),58,LESIONADO,HOMBRE,OTRO,79,LESIONADO,MUJER,VEH_LIVIANO,,,,
2026-01-13 14:17:13,-4.029996,-79.222051,Calle Miguel Riofrio,CON_LESIONADOS,Atropellamiento,Distraccion (celular/radio),75,LESIONADO,NO_REGISTRA,VEH_LIVIANO,,,,,,,,
2026-01-12 17:24:30,-3.978402,-79.195209,Av. Metropolitana,CON_FALLECIDOS,Choque Vehicular,Falla mecanica,43,FALLECIDO,NO_REGISTRA,MOTOCICLETA,27,LESIONADO,NO_REGISTRA,OTRO,66,LESIONADO,MUJER,OTRO
2026-01-17 17:27:42,-3.981860,-79.179309,Ruta 35,CON_FALLECIDOS,Accidente Laboral,Imprudencia del conductor,82,FALLECIDO,MUJER,SCOOTER,70,FALLECIDO,NO_REGISTRA,VEH_LIVIANO,37,LESIONADO,NO_REGISTRA,PEATON
2026-01-09 15:57:56,-4.025860,-79.226644,Calle Miguel Riofrio,SOLO_DANOS,Caida,Visibilidad reducida,43,LESIONADO,NO_REGISTRA,CICLISTA,,,,,,,,
2026-01-02 08:25:15,-3.991987,-79.205241,Av. Gran Colombia,SOLO_DANOS,Caida,Exceso de velocidad,,,,,,,,,,,,
2026-01-19 01:43:47,-4.032507,-79.224380,Av. Reinaldo Espinosa,CON_FALLECIDOS,Choque Vehicular,Equipo de seguridad deficiente,59,FALLECIDO,MUJER,CICLISTA,82,FALLECIDO,MUJER,OTRO,27,LESIONADO,HOMBRE,CICLISTA
2026-01-22 01:50:03,-3.983352,-79.187454,Via Loja - Catamayo,CON_LESIONADOS,Accidente Laboral,Inobservancia de senales,28,LESIONADO,NO_REGISTRA,SCOOTER,19,LESIONADO,NO_REGISTRA,CICLISTA,37,LESIONADO,NO_REGISTRA,CICLISTA
2026-01-07 08:59:57,-3.977715,-79.179070,Calle Mercadillo,SOLO_DANOS,Colision Multiple,Distraccion (celular/radio),,,,,,,,,,,,
2026-01-07 22:15:45,-3.996289,-79.188783,Calle Colon,SOLO_DANOS,Caida,Fatiga del conductor,,,,,,,,,,,,
2026-01-11 11:00:24,-3.977730,-79.216428,Av. Rosa Hermosa,CON_FALLECIDOS,Accidente Laboral,Via resbaladiza o mojada,83,FALLECIDO,HOMBRE,VEH_LIVIANO,38,FALLECIDO,MUJER,PEATON,,,,
2026-01-13 08:23:28,-3.991614,-79.218073,Calle Colon,SOLO_DANOS,Colision Multiple,Via resbaladiza o mojada,,,,,,,,,,,,
2026-01-11 20:35:26,-3.985902,-79.216317,Calle Sucre,SOLO_DANOS,Atropellamiento,Equipo de seguridad deficiente,,,,,,,,,,,,
2026-01-11 13:06:43,-4.007288,-79.174044,Av. Reinaldo Espinosa,SOLO_DANOS,Caida,Imprudencia del conductor,,,,,,,,,,,,
2026-01-19 10:15:17,-4.006261,-79.224261,Av. Universitaria,CON_LESIONADOS,Caida,Equipo de seguridad deficiente,5,LESIONADO,NO_REGISTRA,MOTOCICLETA,65,LESIONADO,HOMBRE,CICLISTA,61,LESIONADO,NO_REGISTRA,SCOOTER
2026-01-19 23:42:07,-3.982120,-79.226411,Calle Bolivar,CON_LESIONADOS,Accidente Laboral,Estado de embriaguez,65,LESIONADO,HOMBRE,MOTOCICLETA,15,LESIONADO,HOMBRE,PEATON,,,,
2026-01-05 04:14:35,-4.007862,-79.189128,Av. Manuel Agustin Aguirre,CON_LESIONADOS,Choque Vehicular,Via resbaladiza o mojada,70,LESIONADO,MUJER,VEH_LIVIANO,55,LESIONADO,NO_REGISTRA,CICLISTA,,,,
2026-01-19 02:55:53,-4.006287,-79.184255,Calle Sucre,CON_FALLECIDOS,Atropellamiento,Estado de embriaguez,55,FALLECIDO,MUJER,OTRO,80,LESIONADO,NO_REGISTRA,SCOOTER,46,LESIONADO,NO_REGISTRA,PEATON
2026-01-01 09:26:36,-4.021011,-79.220367,Av. Cuxibamba,CON_FALLECIDOS,Colision Multiple,Imprudencia del conductor,24,FALLECIDO,HOMBRE,SCOOTER,,,,,,,,
2026-01-12 14:57:16,-4.027053,-79.173269,Av. Manuel Agustin Aguirre,CON_FALLECIDOS,Volcamiento,Imprudencia del conductor,68,FALLECIDO,HOMBRE,SCOOTER,61,FALLECIDO,HOMBRE,PEATON,29,LESIONADO,HOMBRE,SCOOTER
2026-01-06 09:15:01,-4.015729,-79.218322,Ruta 35,SOLO_DANOS,Choque Vehicular,Imprudencia del conductor,,,,,,,,,,,,
2026-01-18 06:32:55,-3.982737,-79.219216,Calle Montufar,CON_FALLECIDOS,Accidente Laboral,Factores externos,67,FALLECIDO,NO_REGISTRA,OTRO,59,LESIONADO,HOMBRE,VEH_LIVIANO,60,LESIONADO,NO_REGISTRA,PEATON
2026-01-17 07:59:30,-4.015978,-79.226081,Calle Imbabura,CON_FALLECIDOS,Accidente Laboral,Equipo de seguridad deficiente,37,FALLECIDO,MUJER,VEH_LIVIANO,36,FALLECIDO,NO_REGISTRA,PEATON,16,LESIONADO,HOMBRE,PEATON
2026-01-01 09:42:48,-3.991145,-79.193794,Calle Montufar,CON_FALLECIDOS,Accidente Laboral,Visibilidad reducida,74,FALLECIDO,HOMBRE,OTRO,56,LESIONADO,NO_REGISTRA,MOTOCICLETA,62,LESIONADO,MUJER,VEH_LIVIANO
2026-01-22 04:54:59,-4.033379,-79.208572,Calle Colon,SOLO_DANOS,Accidente Laboral,Visibilidad reducida,,,,,,,,,,,,
2026-01-20 11:21:56,-4.011761,-79.216404,Calle Bolivar,CON_LESIONADOS,Atropellamiento,Equipo de seguridad deficiente,21,LESIONADO,MUJER,PEATON,79,LESIONADO,MUJER,CICLISTA,59,LESIONADO,HOMBRE,VEH_LIVIANO
2026-01-08 01:24:44,-3.981696,-79.183931,Calle Colon,SOLO_DANOS,Caida,Imprudencia del conductor,28,LESIONADO,NO_REGISTRA,MOTOCICLETA,,,,,,,,
2026-01-16 15:24:37,-3.987972,-79.201492,Calle Miguel Riofrio,CON_LESIONADOS,Atropellamiento,Estado de embriaguez,27,LESIONADO,HOMBRE,CICLISTA,,,,,,,,
2026-01-03 12:56:19,-3.983237,-79.179588,Via Loja - Zamora,CON_LESIONADOS,Choque Vehicular,Imprudencia del conductor,27,LESIONADO,MUJER,OTRO,77,LESIONADO,MUJER,PEATON,,,,
2026-01-15 06:27:53,-4.003283,-79.183796,Av. Gran Colombia,CON_FALLECIDOS,Caida,Mal estado de la via,41,FALLECIDO,NO_REGISTRA,MOTOCICLETA,53,FALLECIDO,NO_REGISTRA,SCOOTER,32,LESIONADO,NO_REGISTRA,PEATON
2026-01-19 00:12:36,-3.990340,-79.179053,Av. 8 de Diciembre,SOLO_DANOS,Colision Multiple,Estado de embriaguez,,,,,,,,,,,,
2026-01-17 03:00:54,-4.001077,-79.211644,Calle Rocafuerte,CON_FALLECIDOS,Caida,Equipo de seguridad deficiente,64,FALLECIDO,MUJER,MOTOCICLETA,,,,,,,,
2026-01-10 12:48:24,-4.017491,-79.214893,Av. Universitaria,CON_LESIONADOS,Accidente Laboral,Distraccion (celular/radio),45,LESIONADO,MUJER,OTRO,,,,,,,,
2026-01-04 04:31:26,-4.036288,-79.209905,Calle Bolivar,SOLO_DANOS,Incendio,Mal estado de la via,,,,,,,,,,,,
2026-01-09 20:19:34,-4.030029,-79.210904,Via Loja - Zamora,CON_LESIONADOS,Choque Vehicular,Falla mecanica,23,LESIONADO,HOMBRE,SCOOTER,,,,,,,,
2026-01-01 15:43:11,-3.988350,-79.219438,Calle 18 de Noviembre,CON_LESIONADOS,Accidente Laboral,Mal estado de la via,80,LESIONADO,MUJER,VEH_LIVIANO,,,,,,,,
2026-01-07 05:57:07,-4.009031,-79.172180,Av. Orillas del Zamora,CON_FALLECIDOS,Volcamiento,Fatiga del conductor,32,FALLECIDO,NO_REGISTRA,MOTOCICLETA,83,FALLECIDO,HOMBRE,CICLISTA,5,LESIONADO,NO_REGISTRA,CICLISTA
2026-01-18 05:02:07,-3.978913,-79.202757,Av. Reinaldo Espinosa,SOLO_DANOS,Incendio,Imprudencia del conductor,,,,,,,,,,,,
2026-01-20 14:07:23,-4.004186,-79.208326,Av. Rosa Hermosa,CON_LESIONADOS,Caida,Via resbaladiza o mojada,76,LESIONADO,HOMBRE,SCOOTER,50,LESIONADO,HOMBRE,SCOOTER,11,LESIONADO,HOMBRE,VEH_LIVIANO
2026-01-21 21:40:56,-4.005053,-79.220006,Av. Cuxibamba,SOLO_DANOS,Accidente Laboral,Falla mecanica,,,,,,,,,,,,
2026-01-09 00:43:29,-4.009943,-79.225203,Calle Rocafuerte,SOLO_DANOS,Caida,Mal estado de la via,,,,,,,,,,,,
2026-01-13 22:33:36,-3.982218,-79.196401,Av. 8 de Diciembre,CON_FALLECIDOS,Choque Vehicular,Fatiga del conductor,31,FALLECIDO,HOMBRE,OTRO,85,FALLECIDO,MUJER,MOTOCICLETA,67,LESIONADO,HOMBRE,PEATON
2026-01-14 04:02:39,-4.031880,-79.207077,Av. Reinaldo Espinosa,CON_LESIONADOS,Atropellamiento,Factores externos,50,LESIONADO,MUJER,VEH_LIVIANO,18,LESIONADO,HOMBRE,VEH_LIVIANO,35,LESIONADO,HOMBRE,VEH_LIVIANO
2026-01-22 01:51:39,-3.979990,-79.215014,Calle Quito,SOLO_DANOS,Accidente Laboral,Equipo de seguridad deficiente,,,,,,,,,,,,
2026-01-20 20:10:47,-4.021974,-79.182907,Av. Manuel Agustin Aguirre,CON_LESIONADOS,Colision Multiple,Equipo de seguridad deficiente,27,LESIONADO,HOMBRE,CICLISTA,72,LESIONADO,NO_REGISTRA,PEATON,67,LESIONADO,NO_REGISTRA,CICLISTA
2026-01-13 00:18:23,-4.021664,-79.222369,Calle Azogues,CON_LESIONADOS,Caida,Falla mecanica,7,LESIONADO,HOMBRE,SCOOTER,58,LESIONADO,MUJER,SCOOTER,68,LESIONADO,MUJER,PEATON
2026-01-12 02:37:21,-3.979704,-79.198733,Calle Miguel Riofrio,CON_FALLECIDOS,Volcamiento,Equipo de seguridad deficiente,50,FALLECIDO,NO_REGISTRA,SCOOTER,36,LESIONADO,NO_REGISTRA,OTRO,62,LESIONADO,MUJER,MOTOCICLETA
2026-01-02 01:18:52,-3.991158,-79.180096,Calle Sucre,SOLO_DANOS,Caida,Inobservancia de senales,,,,,,,,,,,,
2026-01-09 00:50:16,-4.023950,-79.196563,Av. Pio Jaramillo,CON_FALLECIDOS,Incendio,Imprudencia del conductor,29,FALLECIDO,NO_REGISTRA,MOTOCICLETA,44,FALLECIDO,MUJER,CICLISTA,38,LESIONADO,NO_REGISTRA,MOTOCICLETA
2026-01-02 08:48:17,-4.007054,-79.198714,Calle Azogues,CON_FALLECIDOS,Incendio,Imprudencia del conductor,49,FALLECIDO,NO_REGISTRA,OTRO,48,FALLECIDO,NO_REGISTRA,CICLISTA,68,LESIONADO,MUJER,CICLISTA
2026-01-10 04:03:34,-4.001116,-79.229559,Ruta 35,CON_FALLECIDOS,Accidente Laboral,Falla mecanica,32,FALLECIDO,MUJER,PEATON,32,FALLECIDO,HOMBRE,VEH_LIVIANO,61,LESIONADO,NO_REGISTRA,PEATON
2026-01-15 04:27:22,-4.008011,-79.195095,Av. Rosa Hermosa,CON_FALLECIDOS,Accidente Laboral,Via resbaladiza o mojada,79,FALLECIDO,MUJER,PEATON,74,FALLECIDO,MUJER,PEATON,71,LESIONADO,HOMBRE,VEH_LIVIANO
2026-01-17 01:43:29,-4.021667,-79.208309,Calle Imbabura,CON_LESIONADOS,Colision Multiple,Visibilidad reducida,75,LESIONADO,HOMBRE,MOTOCICLETA,61,LESIONADO,NO_REGISTRA,VEH_LIVIANO,50,LESIONADO,HOMBRE,OTRO
2026-01-11 00:16:55,-3.979553,-79.186045,Av. Rosa Hermosa,CON_LESIONADOS,Choque Vehicular,Mal estado de la via,56,LESIONADO,HOMBRE,SCOOTER,,,,,,,,
2026-01-04 12:52:49,-3.993119,-79.200623,Ruta 35,SOLO_DANOS,Atropellamiento,Falla mecanica,,,,,,,,,,,,
2026-01-16 02:47:06,-4.028689,-79.216070,Calle Sucre,SOLO_DANOS,Incendio,Equipo de seguridad deficiente,,,,,,,,,,,,
2026-01-15 11:17:03,-4.008107,-79.213075,Ruta 35,SOLO_DANOS,Incendio,Falla mecanica,,,,,,,,,,,,
2026-01-13 14:27:14,-3.984692,-79.183818,Calle 18 de Noviembre,SOLO_DANOS,Choque Vehicular,Factores externos,,,,,,,,,,,,
2026-01-04 03:33:31,-4.002634,-79.175652,Calle Miguel Riofrio,CON_LESIONADOS,Caida,Estado de embriaguez,14,LESIONADO,NO_REGISTRA,VEH_LIVIANO,,,,,,,,
2026-01-04 17:02:31,-3.986060,-79.195571,Calle Saraguro,SOLO_DANOS,Volcamiento,Mal estado de la via,,,,,,,,,,,,
2026-01-10 22:18:55,-4.005736,-79.228476,Calle Rocafuerte,SOLO_DANOS,Colision Multiple,Falla mecanica,,,,,,,,,,,,
2026-01-13 18:03:02,-3.990824,-79.210734,Calle Miguel Riofrio,CON_LESIONADOS,Accidente Laboral,Exceso de velocidad,39,LESIONADO,NO_REGISTRA,SCOOTER,13,LESIONADO,MUJER,CICLISTA,68,LESIONADO,NO_REGISTRA,MOTOCICLETA
2026-01-15 19:00:01,-4.027417,-79.176714,Calle Mercadillo,CON_FALLECIDOS,Choque Vehicular,Mal estado de la via,63,FALLECIDO,NO_REGISTRA,MOTOCICLETA,71,LESIONADO,MUJER,CICLISTA,,,,
2026-01-03 00:02:26,-3.991271,-79.215092,Via Loja - Catamayo,SOLO_DANOS,Volcamiento,Via resbaladiza o mojada,,,,,,,,,,,,
2026-01-05 20:13:01,-3.990971,-79.174377,Calle Montufar,SOLO_DANOS,Choque Vehicular,Inobservancia de senales,26,LESIONADO,NO_REGISTRA,OTRO,,,,,,,,
2026-01-13 09:31:52,-3.997325,-79.191771,Av. Isidro Ayora,SOLO_DANOS,Colision Multiple,Imprudencia del conductor,,,,,,,,,,,,
2026-01-07 13:09:57,-4.017268,-79.172257,Av. Orillas del Zamora,CON_LESIONADOS,Choque Vehicular,Via resbaladiza o mojada,57,LESIONADO,NO_REGISTRA,MOTOCICLETA,,,,,,,,
2026-01-16 11:53:27,-4.001105,-79.176892,Via Loja - Zamora,CON_LESIONADOS,Volcamiento,Inobservancia de senales,10,LESIONADO,NO_REGISTRA,OTRO,9,LESIONADO,MUJER,SCOOTER,,,,
2026-01-09 13:14:47,-4.007921,-79.176868,Av. Rosa Hermosa,CON_LESIONADOS,Caida,Exceso de velocidad,43,LESIONADO,MUJER,VEH_LIVIANO,39,LESIONADO,MUJER,VEH_LIVIANO,53,LESIONADO,HOMBRE,CICLISTA
2026-01-15 11:35:12,-4.007875,-79.196902,Av. Manuel Agustin Aguirre,CON_FALLECIDOS,Caida,Imprudencia del conductor,25,FALLECIDO,MUJER,CICLISTA,46,FALLECIDO,MUJER,MOTOCICLETA,,,,
2026-01-21 06:03:54,-4.036157,-79.209311,Calle Saraguro,CON_FALLECIDOS,Incendio,Mal estado de la via,35,FALLECIDO,HOMBRE,VEH_LIVIANO,,,,,,,,
2026-01-16 11:32:24,-3.993669,-79.205630,Calle Sucre,CON_LESIONADOS,Caida,Mal estado de la via,5,LESIONADO,MUJER,PEATON,,,,,,,,
2026-01-23 05:08:30,-3.977384,-79.216955,Calle Montufar,CON_LESIONADOS,Colision Multiple,Fatiga del conductor,54,LESIONADO,MUJER,MOTOCICLETA,45,LESIONADO,NO_REGISTRA,OTRO,37,LESIONADO,MUJER,PEATON
2026-01-10 13:55:30,-3.993615,-79.190085,Calle Colon,SOLO_DANOS,Incendio,Estado de embriaguez,,,,,,,,,,,,
2026-01-18 02:14:50,-4.031602,-79.209094,Calle Ramon Borrero,CON_LESIONADOS,Atropellamiento,Visibilidad reducida,38,LESIONADO,HOMBRE,PEATON,58,LESIONADO,MUJER,CICLISTA,,,,
2026-01-12 18:32:24,-3.982314,-79.227127,Av. Isidro Ayora,CON_LESIONADOS,Atropellamiento,Falla mecanica,70,LESIONADO,MUJER,SCOOTER,50,LESIONADO,MUJER,CICLISTA,41,LESIONADO,MUJER,OTRO
2026-01-16 13:05:01,-4.033711,-79.219032,Av. Reinaldo Espinosa,SOLO_DANOS,Accidente Laboral,Factores externos,,,,,,,,,,,,
2026-01-03 03:10:07,-4.029278,-79.204267,Calle Ramon Borrero,CON_FALLECIDOS,Caida,Via resbaladiza o mojada,48,FALLECIDO,HOMBRE,MOTOCICLETA,62,FALLECIDO,NO_REGISTRA,MOTOCICLETA,18,LESIONADO,NO_REGISTRA,VEH_LIVIANO
2026-01-08 23:52:56,-3.986899,-79.212655,Via Loja - Catamayo,SOLO_DANOS,Atropellamiento,Mal estado de la via,,,,,,,,,,,,
2026-01-04 04:30:41,-4.006194,-79.220487,Calle 10 de Agosto,CON_LESIONADOS,Incendio,Imprudencia del conductor,52,LESIONADO,HOMBRE,SCOOTER,11,LESIONADO,HOMBRE,MOTOCICLETA,,,,
2026-01-16 22:33:39,-4.013785,-79.227937,Calle Imbabura,CON_FALLECIDOS,Choque Vehicular,Distraccion (celular/radio),39,FALLECIDO,HOMBRE,MOTOCICLETA,,,,,,,,
2026-01-15 18:05:43,-4.017587,-79.226998,Av. Metropolitana,CON_FALLECIDOS,Colision Multiple,Visibilidad reducida,19,FALLECIDO,NO_REGISTRA,CICLISTA,21,LESIONADO,HOMBRE,MOTOCICLETA,6,LESIONADO,MUJER,SCOOTER
2026-01-17 21:16:00,-4.024467,-79.207951,Av. Metropolitana,CON_LESIONADOS,Atropellamiento,Via resbaladiza o mojada,17,LESIONADO,NO_REGISTRA,SCOOTER,,,,,,,,
2026-01-09 18:18:22,-4.003274,-79.204185,Av. Orillas del Zamora,CON_FALLECIDOS,Atropellamiento,Factores externos,79,FALLECIDO,MUJER,SCOOTER,16,LESIONADO,NO_REGISTRA,VEH_LIVIANO,70,LESIONADO,HOMBRE,PEATON
2026-01-11 20:26:11,-3.984726,-79.193045,Av. Cuxibamba,CON_FALLECIDOS,Choque Vehicular,Imprudencia del conductor,62,FALLECIDO,NO_REGISTRA,MOTOCICLETA,30,FALLECIDO,HOMBRE,MOTOCICLETA,47,LESIONADO,HOMBRE,MOTOCICLETA
2026-01-13 10:32:03,-3.978098,-79.208298,Calle 18 de Noviembre,SOLO_DANOS,Caida,Exceso de velocidad,,,,,,,,,,,,
2026-01-05 19:15:51,-3.994889,-79.198576,Calle Sucre,CON_FALLECIDOS,Accidente Laboral,Estado de embriaguez,71,FALLECIDO,HOMBRE,CICLISTA,49,FALLECIDO,HOMBRE,PEATON,43,LESIONADO,HOMBRE,OTRO
2026-01-22 19:23:53,-4.024850,-79.207921,Calle Ramon Borrero,SOLO_DANOS,Incendio,Estado de embriaguez,,,,,,,,,,,,
2026-01-16 04:36:49,-4.023744,-79.200723,Av. Isidro Ayora,CON_FALLECIDOS,Incendio,Visibilidad reducida,21,FALLECIDO,NO_REGISTRA,SCOOTER,23,LESIONADO,MUJER,SCOOTER,61,LESIONADO,MUJER,PEATON
2026-01-04 21:00:58,-4.000037,-79.211767,Av. Manuel Agustin Aguirre,CON_FALLECIDOS,Incendio,Via resbaladiza o mojada,72,FALLECIDO,HOMBRE,PEATON,39,LESIONADO,HOMBRE,SCOOTER,,,,
2026-01-21 12:04:02,-3.981266,-79.215432,Calle Colon,CON_LESIONADOS,Colision Multiple,Factores externos,73,LESIONADO,NO_REGISTRA,CICLISTA,20,LESIONADO,HOMBRE,MOTOCICLETA,,,,
2026-01-01 10:43:19,-3.991798,-79.227703,Calle Imbabura,CON_FALLECIDOS,Colision Multiple,Equipo de seguridad deficiente,50,FALLECIDO,NO_REGISTRA,OTRO,49,LESIONADO,MUJER,OTRO,74,LESIONADO,HOMBRE,VEH_LIVIANO
2026-01-17 01:48:49,-4.012401,-79.184375,Av. Rosa Hermosa,SOLO_DANOS,Incendio,Mal estado de la via,,,,,,,,,,,,
2026-01-03 18:26:53,-4.023075,-79.203391,Calle Azogues,CON_LESIONADOS,Accidente Laboral,Imprudencia del conductor,13,LESIONADO,NO_REGISTRA,OTRO,44,LESIONADO,NO_REGISTRA,SCOOTER,,,,
2026-01-15 01:24:26,-4.014133,-79.206083,Calle Imbabura,CON_FALLECIDOS,Volcamiento,Fatiga del conductor,65,FALLECIDO,HOMBRE,OTRO,65,LESIONADO,NO_REGISTRA,MOTOCICLETA,5,LESIONADO,MUJER,CICLISTA
2026-01-11 02:18:18,-4.014270,-79.225558,Calle Sucre,CON_FALLECIDOS,Incendio,Mal estado de la via,20,FALLECIDO,NO_REGISTRA,MOTOCICLETA,14,LESIONADO,MUJER,MOTOCICLETA,10,LESIONADO,NO_REGISTRA,OTRO