fecha_hora,latitud,longitud,via,grado_severidad,tipo_siniestro,causa_probable,victima1_edad,victima1_condicion,victima1_sexo,victima1_actor_vial,victima2_edad,victima2_condicion,victima2_sexo,victima2_actor_vial,victima3_edad,victima3_condicion,victima3_sexo,victima3_actor_vial
2026-01-10 12:14:14,-4.029162,-79.195210,Ruta 35,SOLO_DANOS,Caida,Falla mecanica,,,,,,,,,,,,
2026-01-21 14:03:13,-4.004722,-79.229932,Calle Montufar,CON_LESIONADOS,Choque Vehicular,Exceso de velocidad,35,LESIONADO,MUJER,SCOOTER,58,LESIONADO,NO_REGISTRA,CICLISTA,50,LESIONADO,HOMBRE,OTRO
2026-01-13 02:55:51,-4.027007,-79.204796,Av. Rosa Hermosa,SOLO_DANOS,Colision Multiple,Factores externos,,,,,,,,,,,,
2026-01-15 05:46:49,-4.017509,-79.173491,Av. Gran Colombia,SOLO_DANOS,Accidente Laboral,Exceso de velocidad,,,,,,,,,,,,
2026-01-17 17:06:44,-4.025444,-79.177218,Av. Metropolitana,CON_FALLECIDOS,Volcamiento,Imprudencia del conductor,35,FALLECIDO,MUJER,OTRO,80,FALLECIDO,NO_REGISTRA,OTRO,72,LESIONADO,HOMBRE,OTRO
2026-01-23 07:43:58,-4.029168,-79.192891,Calle Colon,CON_LESIONADOS,Volcamiento,Inobservancia de senales,49,LESIONADO,HOMBRE,OTRO,56,LESIONADO,MUJER,PEATON,,,,
2026-01-01 20:56:06,-3.989438,-79.203989,Via Loja - Zamora,SOLO_DANOS,Caida,Equipo de seguridad deficiente,,,,,,,,,,,,
2026-01-09 14:24:35,-4.003542,-79.187000,Calle Imbabura,CON_LESIONADOS,Caida,Visibilidad reducida,53,LESIONADO,HOMBRE,SCOOTER,23,LESIONADO,MUJER,MOTOCICLETA,,,,
2026-01-17 01:04:51,-4.015467,-79.212214,Via Loja - Catamayo,CON_LESIONADOS,Incendio,Imprudencia del conductor,53,LESIONADO,MUJER,VEH_LIVIANO,,,,,,,,
2026-01-21 12:52:09,-4.008047,-79.210928,Calle Quito,CON_FALLECIDOS,Colision Multiple,Imprudencia del conductor,73,FALLECIDO,MUJER,PEATON,74,FALLECIDO,HOMBRE,PEATON,59,LESIONADO,HOMBRE,VEH_LIVIANO
2026-01-22 15:23:55,-4.026382,-79.184283,Av. Isidro Ayora,CON_LESIONADOS,Choque Vehicular,Imprudencia del conductor,9,LESIONADO,HOMBRE,VEH_LIVIANO,,,,,,,,
2026-01-04 13:55:11,-4.022868,-79.216994,Calle Miguel Riofrio,CON_LESIONADOS,Volcamiento,Inobservancia de senales,70,LESIONADO,MUJER,MOTOCICLETA,27,LESIONADO,HOMBRE,SCOOTER,69,LESIONADO,HOMBRE,VEH_LIVIANO
2026-01-04 19:31:16,-3.983329,-79.196746,Av. Universitaria,CON_FALLECIDOS,Volcamiento,Equipo de seguridad deficiente,48,FALLECIDO,MUJER,MOTOCICLETA,74,FALLECIDO,HOMBRE,SCOOTER,,,,
2026-01-08 12:45:41,-3.997888,-79.171827,Calle Montufar,CON_FALLECIDOS,Choque Vehicular,Exceso de velocidad,85,FALLECIDO,MUJER,VEH_LIVIANO,12,LESIONADO,NO_REGISTRA,SCOOTER,12,LESIONADO,HOMBRE,VEH_LIVIANO
2026-01-01 16:20:56,-4.000281,-79.198854,Av. Orillas del Zamora,CON_LESIONADOS,Accidente Laboral,Distraccion (celular/radio),5,LESIONADO,NO_REGISTRA,VEH_LIVIANO,34,LESIONADO,MUJER,PEATON,50,LESIONADO,HOMBRE,SCOOTER
2026-01-15 18:13:48,-4.025529,-79.219916,Av. Gran Colombia,CON_FALLECIDOS,Caida,Visibilidad reducida,48,FALLECIDO,HOMBRE,PEATON,36,FALLECIDO,NO_REGISTRA,PEATON,20,LESIONADO,NO_REGISTRA,VEH_LIVIANO
2026-01-18 00:17:18,-3.993784,-79.213595,Calle Ramon Borrero,CON_FALLECIDOS,Incendio,Visibilidad reducida,78,FALLECIDO,NO_REGISTRA,CICLISTA,85,FALLECIDO,NO_REGISTRA,OTRO,,,,
2026-01-19 17:49:12,-4.000822,-79.191160,Calle Sucre,CON_FALLECIDOS,Choque Vehicular,Exceso de velocidad,29,FALLECIDO,MUJER,CICLISTA,37,FALLECIDO,NO_REGISTRA,MOTOCICLETA,,,,
2026-01-10 15:52:35,-3.986070,-79.180315,Calle 18 de Noviembre,SOLO_DANOS,Caida,Factores externos,,,,,,,,,,,,
2026-01-03 11:53:59,-4.003180,-79.223242,Calle Imbabura,CON_FALLECIDOS,Caida,Imprudencia del conductor,19,FALLECIDO,NO_REGISTRA,VEH_LIVIANO,63,FALLECIDO,MUJER,MOTOCICLETA,,,,
2026-01-20 09:00:13,-4.029104,-79.209470,Calle Mercadillo,SOLO_DANOS,Choque Vehicular,Visibilidad reducida,,,,,,,,,,,,
2026-01-08 21:54:44,-3.983501,-79.194594,Calle Mercadillo,CON_LESIONADOS,Atropellamiento,Falla mecanica,52,LESIONADO,MUJER,SCOOTER,,,,,,,,
2026-01-07 06:33:29,-4.011036,-79.199941,Calle Montufar,SOLO_DANOS,Atropellamiento,Factores externos,,,,,,,,,,,,
2026-01-12 11:51:12,-4.032722,-79.182939,Ruta 35,SOLO_DANOS,Choque Vehicular,Visibilidad reducida,,,,,,,,,,,,
2026-01-06 01:44:23,-3.987946,-79.211045,Av. Gran Colombia,SOLO_DANOS,Caida,Exceso de velocidad,,,,,,,,,,,,
2026-01-13 22:20:54,-4.035227,-79.182005,Calle Sucre,SOLO_DANOS,Incendio,Mal estado de la via,,,,,,,,,,,,
2026-01-17 20:02:59,-4.010508,-79.183661,Calle Miguel Riofrio,SOLO_DANOS,Choque Vehicular,Distraccion (celular/radio),,,,,,,,,,,,
2026-01-14 19:26:54,-4.012216,-79.201054,Av. 8 de Diciembre,SOLO_DANOS,Caida,Equipo de seguridad deficiente,,,,,,,,,,,,
2026-01-11 08:43:28,-4.003918,-79.181730,Calle Saraguro,CON_LESIONADOS,Choque Vehicular,Falla mecanica,30,LESIONADO,HOMBRE,CICLISTA,13,LESIONADO,MUJER,MOTOCICLETA,26,LESIONADO,HOMBRE,CICLISTA
2026-01-22 09:20:30,-3.998261,-79.221061,Calle Imbabura,CON_FALLECIDOS,Caida,Via resbaladiza o mojada,56,FALLECIDO,MUJER,SCOOTER,27,FALLECIDO,MUJER,SCOOTER,,,,
2026-01-17 04:37:23,-4.009207,-79.198861,Av. Reinaldo Espinosa,SOLO_DANOS,Colision Multiple,Falla mecanica,,,,,,,,,,,,
2026-01-02 06:16:33,-4.030661,-79.203320,Via Loja - Zamora,SOLO_DANOS,Atropellamiento,Fatiga del conductor,,,,,,,,,,,,
2026-01-12 06:55:00,-4.021274,-79.211943,Ruta 35,CON_LESIONADOS,Atropellamiento,Visibilidad reducida,76,LESIONADO,NO_REGISTRA,SCOOTER,,,,,,,,
2026-01-10 12:09:01,-4.007251,-79.196221,Av. Isidro Ayora,CON_FALLECIDOS,Volcamiento,Estado de embriaguez,83,FALLECIDO,NO_REGISTRA,OTRO,81,FALLECIDO,NO_REGISTRA,MOTOCICLETA,41,LESIONADO,MUJER,SCOOTER
2026-01-21 12:18:19,-3.990297,-79.179837,Av. Gran Colombia,SOLO_DANOS,Atropellamiento,Exceso de velocidad,,,,,,,,,,,,
2026-01-16 21:07:09,-3.979645,-79.218823,Calle Rocafuerte,CON_LESIONADOS,Volcamiento,Imprudencia del conductor,39,LESIONADO,MUJER,VEH_LIVIANO,26,LESIONADO,NO_REGISTRA,MOTOCICLETA,11,LESIONADO,MUJER,PEATON
2026-01-03 05:28:03,-4.008358,-79.185126,Calle Montufar,CON_LESIONADOS,Atropellamiento,Visibilidad reducida,52,LESIONADO,HOMBRE,VEH_LIVIANO,,,,,,,,
2026-01-22 19:01:32,-3.995566,-79.184535,Av. Manuel Agustin Aguirre,CON_FALLECIDOS,Atropellamiento,Factores externos,60,FALLECIDO,HOMBRE,MOTOCICLETA,,,,,,,,
2026-01-21 05:36:49,-4.030047,-79.182439,Av. Pio Jaramillo,CON_FALLECIDOS,Choque Vehicular,Visibilidad reducida,77,FALLECIDO,HOMBRE,PEATON,78,LESIONADO,HOMBRE,OTRO,18,LESIONADO,NO_REGISTRA,MOTOCICLETA
2026-01-03 11:51:44,-4.022090,-79.196193,Calle Mercadillo,CON_LESIONADOS,Atropellamiento,Imprudencia del conductor,73,LESIONADO,HOMBRE,MOTOCICLETA,5,LESIONADO,HOMBRE,MOTOCICLETA,,,,
2026-01-02 00:12:04,-4.013918,-79.230172,Ruta 35,CON_FALLECIDOS,Volcamiento,Falla mecanica,38,FALLECIDO,NO_REGISTRA,CICLISTA,48,FALLECIDO,HOMBRE,CICLISTA,54,LESIONADO,HOMBRE,VEH_LIVIANO
2026-01-15 03:57:36,-4.012760,-79.214694,Via Loja - Catamayo,CON_FALLECIDOS,Incendio,Falla mecanica,33,FALLECIDO,HOMBRE,PEATON,73,LESIONADO,HOMBRE,CICLISTA,,,,
2026-01-02 10:40:46,-4.010080,-79.179270,Ruta 35,CON_LESIONADOS,Incendio,Inobservancia de senales,42,LESIONADO,HOMBRE,MOTOCICLETA,,,,,,,,
2026-01-05 10:48:11,-4.015567,-79.229438,Calle Rocafuerte,CON_FALLECIDOS,Volcamiento,Imprudencia del conductor,78,FALLECIDO,HOMBRE,CICLISTA,52,FALLECIDO,NO_REGISTRA,MOTOCICLETA,8,LESIONADO,MUJER,SCOOTER
2026-01-02 07:19:58,-4.029018,-79.192420,Calle 10 de Agosto,CON_LESIONADOS,Accidente Laboral,Factores externos,60,LESIONADO,HOMBRE,MOTOCICLETA,23,LESIONADO,HOMBRE,CICLISTA,25,LESIONADO,NO_REGISTRA,PEATON
2026-01-10 00:24:32,-4.022452,-79.172165,Av. Gran Colombia,CON_LESIONADOS,Accidente Laboral,Distraccion (celular/radio),42,LESIONADO,HOMBRE,SCOOTER,9,LESIONADO,NO_REGISTRA,OTRO,35,LESIONADO,MUJER,PEATON
2026-01-16 02:38:21,-4.028112,-79.211449,Calle Ramon Borrero,CON_LESIONADOS,Accidente Laboral,Inobservancia de senales,72,LESIONADO,MUJER,PEATON,,,,,,,,
2026-01-01 16:48:32,-4.019440,-79.207103,Av. Cuxibamba,CON_LESIONADOS,Accidente Laboral,Inobservancia de senales,79,LESIONADO,HOMBRE,PEATON,73,LESIONADO,MUJER,OTRO,,,,
2026-01-11 16:39:14,-4.025031,-79.217034,Calle Montufar,CON_FALLECIDOS,Colision Multiple,Exceso de velocidad,63,FALLECIDO,HOMBRE,VEH_LIVIANO,18,LESIONADO,MUJER,VEH_LIVIANO,,,,
2026-01-20 12:27:12,-3.999602,-79.191756,Calle Ramon Borrero,CON_FALLECIDOS,Caida,Distraccion (celular/radio),42,FALLECIDO,MUJER,OTRO,47,FALLECIDO,NO_REGISTRA,VEH_LIVIANO,62,LESIONADO,HOMBRE,SCOOTER
2026-01-22 05:45:03,-3.979200,-79.222612,Calle Azogues,SOLO_DANOS,Caida,Mal estado de la via,,,,,,,,,,,,
2026-01-03 23:44:14,-3.985321,-79.201695,Calle 18 de Noviembre,CON_LESIONADOS,Colision Multiple,Estado de embriaguez,37,LESIONADO,HOMBRE,MOTOCICLETA,76,LESIONADO,NO_REGISTRA,CICLISTA,44,LESIONADO,NO_REGISTRA,VEH_LIVIANO
2026-01-18 12:11:55,-4.015420,-79.201040,Av. Rosa Hermosa,SOLO_DANOS,Volcamiento,Estado de embriaguez,,,,,,,,,,,,
2026-01-15 22:02:21,-4.030938,-79.179357,Calle 18 de Noviembre,CON_FALLECIDOS,Choque Vehicular,Visibilidad reducida,18,FALLECIDO,NO_REGISTRA,PEATON,,,,,,,,
2026-01-10 04:16:57,-4.036963,-79.193555,Calle Ramon Borrero,CON_FALLECIDOS,Caida,Via resbaladiza o mojada,62,FALLECIDO,NO_REGISTRA,VEH_LIVIANO,79,FALLECIDO,MUJER,PEATON,35,LESIONADO,MUJER,SCOOTER
2026-01-20 09:57:20,-3.980390,-79.180795,Av. Universitaria,CON_FALLECIDOS,Colision Multiple,Visibilidad reducida,30,FALLECIDO,NO_REGISTRA,MOTOCICLETA,77,FALLECIDO,HOMBRE,SCOOTER,26,LESIONADO,HOMBRE,SCOOTER
2026-01-02 22:51:34,-3.989584,-79.180176,Av. Orillas del Zamora,CON_LESIONADOS,Colision Multiple,Exceso de velocidad,41,LESIONADO,MUJER,PEATON,,,,,,,,
2026-01-09 12:40:11,-3.988850,-79.218403,Av. Isidro Ayora,SOLO_DANOS,Colision Multiple,Falla mecanica,,,,,,,,,,,,
2026-01-09 14:52:31,-3.979178,-79.191081,Av. Rosa Hermosa,CON_LESIONADOS,Caida,Inobservancia de senales,35,LESIONADO,HOMBRE,SCOOTER,,,,,,,,
2026-01-17 02:24:38,-4.005392,-79.204944,Calle Bolivar,CON_FALLECIDOS,Caida,Imprudencia del conductor,30,FALLECIDO,NO_REGISTRA,MOTOCICLETA,,,,,,,,
2026-01-07 13:08:37,-4.001794,-79.188370,Ruta 35,CON_LESIONADOS,Caida,Equipo de seguridad deficiente,69,LESIONADO,NO_REGISTRA,SCOOTER,,,,,,,,
2026-01-05 12:04:12,-4.009215,-79.213121,Calle 10 de Agosto,SOLO_DANOS,Accidente Laboral,Falla mecanica,,,,,,,,,,,,
2026-01-06 17:27:10,-4.008487,-79.230445,Av. Isidro Ayora,SOLO_DANOS,Caida,Imprudencia del conductor,36,LESIONADO,HOMBRE,OTRO,,,,,,,,
2026-01-15 23:51:37,-4.033101,-79.184673,Calle Rocafuerte,CON_FALLECIDOS,Choque Vehicular,Imprudencia del conductor,37,FALLECIDO,MUJER,SCOOTER,26,FALLECIDO,NO_REGISTRA,SCOOTER,69,LESIONADO,NO_REGISTRA,CICLISTA
2026-01-15 10:19:45,-3.979326,-79.225179,Calle Azogues,CON_FALLECIDOS,Incendio,Imprudencia del conductor,81,FALLECIDO,MUJER,CICLISTA,14,LESIONADO,NO_REGISTRA,SCOOTER,43,LESIONADO,MUJER,SCOOTER
2026-01-06 07:27:06,-3.998817,-79.223241,Calle Bolivar,SOLO_DANOS,Colision Multiple,Via resbaladiza o mojada,,,,,,,,,,,,
2026-01-16 19:31:00,-4.030425,-79.223803,Calle Bolivar,CON_FALLECIDOS,Caida,Fatiga del conductor,22,FALLECIDO,HOMBRE,SCOOTER,64,LESIONADO,MUJER,SCOOTER,,,,
2026-01-22 22:07:45,-4.004254,-79.194838,Calle 10 de Agosto,CON_LESIONADOS,Volcamiento,Inobservancia de senales,40,LESIONADO,MUJER,SCOOTER,49,LESIONADO,NO_REGISTRA,SCOOTER,,,,
2026-01-11 22:23:44,-4.019437,-79.190870,Calle Imbabura,SOLO_DANOS,Atropellamiento,Inobservancia de senales,,,,,,,,,,,,
2026-01-03 00:59:53,-3.984067,-79.210765,Calle Saraguro,SOLO_DANOS,Volcamiento,Equipo de seguridad deficiente,,,,,,,,,,,,
2026-01-01 02:19:17,-4.011229,-79.175433,Calle Quito,CON_FALLECIDOS,Incendio,Factores externos,67,FALLECIDO,HOMBRE,OTRO,73,LESIONADO,MUJER,PEATON,70,LESIONADO,HOMBRE,CICLISTA
2026-01-06 06:15:14,-4.017554,-79.174535,Av. Manuel Agustin Aguirre,CON_FALLECIDOS,Volcamiento,Exceso de velocidad,43,FALLECIDO,HOMBRE,SCOOTER,73,FALLECIDO,HOMBRE,SCOOTER,,,,
2026-01-05 10:56:51,-4.021764,-79.206235,Calle Colon,CON_FALLECIDOS,Incendio,Falla mecanica,53,FALLECIDO,NO_REGISTRA,MOTOCICLETA,,,,,,,,
2026-01-19 21:14:35,-3.982501,-79.205258,Calle Bolivar,SOLO_DANOS,Caida,Falla mecanica,,,,,,,,,,,,
2026-01-10 12:48:04,-4.021766,-79.213221,Calle Mercadillo,CON_FALLECIDOS,Atropellamiento,Exceso de velocidad,32,FALLECIDO,MUJER,MOTOCICLETA,71,FALLECIDO,NO_REGISTRA,CICLISTA,,,,
2026-01-20 18:42:29,-3.990049,-79.229225,Av. Gran Colombia,CON_FALLECIDOS,Volcamiento,Distraccion (celular/radio),28,FALLECIDO,HOMBRE,MOTOCICLETA,,,,,,,,
2026-01-07 14:41:37,-3.992741,-79.178527,Av. Reinaldo Espinosa,SOLO_DANOS,Caida,Distraccion (celular/radio),,,,,,,,,,,,
2026-01-03 16:04:53,-3.996708,-79.194018,Av. Manuel Agustin Aguirre,CON_LESIONADOS,Choque Vehicular,Estado de embriaguez,46,LESIONADO,MUJER,VEH_LIVIANO,,,,,,,,
2026-01-08 07:31:20,-4.033557,-79.222023,Calle Saraguro,SOLO_DANOS,Volcamiento,Via resbaladiza o mojada,,,,,,,,,,,,
2026-01-19 01:57:04,-4.010194,-79.204021,Calle Ramon Borrero,CON_LESIONADOS,Colision Multiple,Exceso de velocidad,71,LESIONADO,HOMBRE,SCOOTER,,,,,,,,
2026-01-15 04:30:25,-4.001021,-79.180913,Av. Pio Jaramillo,CON_LESIONADOS,Atropellamiento,Via resbaladiza o mojada,38,LESIONADO,MUJER,VEH_LIVIANO,12,LESIONADO,MUJER,VEH_LIVIANO,,,,
2026-01-14 04:27:52,-4.013321,-79.204870,Calle Azogues,CON_FALLECIDOS,Volcamiento,Factores externos,23,FALLECIDO,NO_REGISTRA,PEATON,84,FALLECIDO,MUJER,OTRO,65,LESIONADO,MUJER,MOTOCICLETA
2026-01-21 19:03:56,-4.009743,-79.179603,Calle Bolivar,CON_FALLECIDOS,Caida,Inobservancia de senales,78,FALLECIDO,NO_REGISTRA,MOTOCICLETA,70,LESIONADO,HOMBRE,VEH_LIVIANO,59,LESIONADO,NO_REGISTRA,SCOOTER
2026-01-07 06:29:05,-3.999992,-79.186737,Av. Pio Jaramillo,CON_LESIONADOS,Atropellamiento,Exceso de velocidad,24,LESIONADO,HOMBRE,VEH_LIVIANO,21,LESIONADO,HOMBRE,OTRO,17,LESIONADO,HOMBRE,PEATON
2026-01-04 03:42:54,-4.034194,-79.200294,Av. Rosa Hermosa,CON_FALLECIDOS,Atropellamiento,Equipo de seguridad deficiente,41,FALLECIDO,HOMBRE,MOTOCICLETA,52,FALLECIDO,MUJER,MOTOCICLETA,44,LESIONADO,HOMBRE,CICLISTA
2026-01-07 05:21:07,-3.989307,-79.212560,Calle Quito,CON_FALLECIDOS,Atropellamiento,Inobservancia de senales,25,FALLECIDO,HOMBRE,SCOOTER,19,FALLECIDO,NO_REGISTRA,PEATON,33,LESIONADO,HOMBRE,CICLISTA
2026-01-10 23:22:27,-4.019860,-79.228907,Calle Rocafuerte,CON_FALLECIDOS,Accidente Laboral,Mal estado de la via,61,FALLECIDO,NO_REGISTRA,CICLISTA,80,LESIONADO,HOMBRE,MOTOCICLETA,,,,
2026-01-06 18:42:50,-4.026203,-79.202056,Calle Mercadillo,CON_FALLECIDOS,Atropellamiento,Estado de embriaguez,20,FALLECIDO,MUJER,SCOOTER,57,FALLECIDO,HOMBRE,SCOOTER,40,LESIONADO,MUJER,PEATON
2026-01-10 01:57:00,-4.030059,-79.228372,Av. Orillas del Zamora,CON_FALLECIDOS,Atropellamiento,Factores externos,67,FALLECIDO,HOMBRE,PEATON,,,,,,,,
2026-01-10 14:20:24,-4.005493,-79.228821,Av. Universitaria,SOLO_DANOS,Accidente Laboral,Factores externos,,,,,,,,,,,,
2026-01-15 23:42:38,-3.996061,-79.191332,Av. Orillas del Zamora,SOLO_DANOS,Choque Vehicular,Estado de embriaguez,,,,,,,,,,,,
2026-01-22 03:57:55,-3.983616,-79.184675,Via Loja - Zamora,CON_LESIONADOS,Colision Multiple,Estado de embriaguez,19,LESIONADO,HOMBRE,SCOOTER,,,,,,,,
2026-01-15 12:55:26,-4.004319,-79.230770,Calle Mercadillo,SOLO_DANOS,Incendio,Distraccion (celular/radio),,,,,,,,,,,,
2026-01-08 18:19:15,-4.032158,-79.228080,Av. Metropolitana,SOLO_DANOS,Choque Vehicular,Exceso de velocidad,,,,,,,,,,,,
2026-01-12 17:27:57,-3.984896,-79.226883,Calle 10 de Agosto,SOLO_DANOS,Choque Vehicular,Estado de embriaguez,,,,,,,,,,,,
2026-01-01 00:01:45,-3.989988,-79.199098,Ruta 35,CON_LESIONADOS,Colision Multiple,Exceso de velocidad,74,LESIONADO,NO_REGISTRA,CICLISTA,46,LESIONADO,MUJER,SCOOTER,77,LESIONADO,HOMBRE,MOTOCICLETA
2026-01-03 05:42:40,-4.013564,-79.224464,Calle 10 de Agosto,CON_LESIONADOS,Volcamiento,Factores externos,18,LESIONADO,NO_REGISTRA,SCOOTER,,,,,,,,
2026-01-02 12:46:10,-4.009940,-79.199017,Av. Isidro Ayora,CON_FALLECIDOS,Atropellamiento,Via resbaladiza o mojada,81,FALLECIDO,NO_REGISTRA,VEH_LIVIANO,51,LESIONADO,HOMBRE,MOTOCICLETA,,,,
2026-01-08 04:59:42,-3.985615,-79.195112,Av. Manuel Agustin Aguirre,CON_LESIONADOS,Atropellamiento,Fatiga del conductor,57,LESIONADO,NO_REGISTRA,CICLISTA,,,,,,,,
2026-01-12 12:01:50,-3.980136,-79.203128,Calle Quito,CON_LESIONADOS,Colision Multiple,Estado de embriaguez,33,LESIONADO,NO_REGISTRA,PEATON,,,,,,,,
2026-01-10 03:48:03,-3.981832,-79.181891,Ruta 35,CON_LESIONADOS,Caida,Distraccion (celular/radio),72,LESIONADO,MUJER,PEATON,,,,,,,,
2026-01-02 05:43:22,-4.015279,-79.194256,Calle 10 de Agosto,CON_FALLECIDOS,Choque Vehicular,Estado de embriaguez,18,FALLECIDO,MUJER,MOTOCICLETA,37,FALLECIDO,MUJER,CICLISTA,42,LESIONADO,HOMBRE,PEATON
2026-01-17 20:37:06,-3.997591,-79.195913,Av. Manuel Agustin Aguirre,CON_LESIONADOS,Incendio,Via resbaladiza o mojada,34,LESIONADO,NO_REGISTRA,SCOOTER,79,LESIONADO,NO_REGISTRA,SCOOTER,,,,
2026-01-08 14:27:55,-4.026848,-79.225497,Calle Montufar,CON_LESIONADOS,Choque Vehicular,Falla mecanica,46,LESIONADO,MUJER,VEH_LIVIANO,,,,,,,,
2026-01-10 08:47:53,-4.027977,-79.180824,Av. Pio Jaramillo,SOLO_DANOS,Colision Multiple,Equipo de seguridad deficiente,,,,,,,,,,,,
2026-01-23 07:38:44,-3.980343,-79.206305,Ruta 35,SOLO_DANOS,Caida,Visibilidad reducida,57,LESIONADO,HOMBRE,CICLISTA,,,,,,,,
2026-01-14 04:22:53,-3.999814,-79.189996,Av. Metropolitana,CON_LESIONADOS,Incendio,Estado de embriaguez,7,LESIONADO,HOMBRE,SCOOTER,71,LESIONADO,HOMBRE,SCOOTER,,,,
2026-01-22 05:29:04,-3.979808,-79.221309,Av. Gran Colombia,CON_LESIONADOS,Incendio,Inobservancia de senales,40,LESIONADO,NO_REGISTRA,VEH_LIVIANO,75,LESIONADO,MUJER,OTRO,,,,
2026-01-06 18:17:51,-3.989802,-79.171550,Calle Rocafuerte,CON_FALLECIDOS,Colision Multiple,Via resbaladiza o mojada,66,FALLECIDO,HOMBRE,SCOOTER,,,,,,,,
2026-01-05 12:35:31,-4.016267,-79.183013,Calle 18 de Noviembre,SOLO_DANOS,Accidente Laboral,Mal estado de la via,14,LESIONADO,HOMBRE,PEATON,,,,,,,,
2026-01-02 23:11:25,-4.021885,-79.181208,Av. Isidro Ayora,CON_LESIONADOS,Choque Vehicular,Mal estado de la via,35,LESIONADO,MUJER,CICLISTA,75,LESIONADO,NO_REGISTRA,OTRO,7,LESIONADO,NO_REGISTRA,VEH_LIVIANO
2026-01-15 20:24:57,-3.987438,-79.196452,Calle Bolivar,CON_FALLECIDOS,Atropellamiento,Via resbaladiza o mojada,77,FALLECIDO,NO_REGISTRA,MOTOCICLETA,,,,,,,,
2026-01-17 23:29:13,-4.017815,-79.180889,Calle 18 de Noviembre,CON_LESIONADOS,Choque Vehicular,Factores externos,51,LESIONADO,HOMBRE,SCOOTER,44,LESIONADO,HOMBRE,OTRO,37,LESIONADO,NO_REGISTRA,PEATON
2026-01-13 05:57:43,-3.980890,-79.218907,Calle Montufar,CON_FALLECIDOS,Colision Multiple,Visibilidad reducida,23,FALLECIDO,HOMBRE,SCOOTER,22,FALLECIDO,HOMBRE,SCOOTER,,,,
2026-01-21 14:46:40,-3.999437,-79.214381,Calle Saraguro,CON_FALLECIDOS,Volcamiento,Inobservancia de senales,22,FALLECIDO,NO_REGISTRA,MOTOCICLETA,69,FALLECIDO,MUJER,SCOOTER,61,LESIONADO,HOMBRE,SCOOTER
2026-01-12 08:04:12,-4.019033,-79.172518,Calle Bolivar,CON_FALLECIDOS,Choque Vehicular,Equipo de seguridad deficiente,85,FALLECIDO,HOMBRE,OTRO,,,,,,,,
2026-01-03 02:23:31,-4.024074,-79.188165,Av. Manuel Agustin Aguirre,CON_FALLECIDOS,Volcamiento,Distraccion (celular/radio),20,FALLECIDO,MUJER,OTRO,45,FALLECIDO,MUJER,OTRO,,,,
2026-01-22 10:16:19,-3.982945,-79.212717,Calle 10 de Agosto,CON_LESIONADOS,Colision Multiple,Equipo de seguridad deficiente,38,LESIONADO,MUJER,PEATON,,,,,,,,
2026-01-13 12:44:30,-4.011264,-79.190996,Calle Imbabura,CON_LESIONADOS,Volcamiento,Visibilidad reducida,61,LESIONADO,HOMBRE,MOTOCICLETA,,,,,,,,
2026-01-04 05:48:42,-4.021744,-79.227409,Av. Reinaldo Espinosa,SOLO_DANOS,Incendio,Falla mecanica,,,,,,,,,,,,
2026-01-14 16:35:23,-3.991706,-79.223563,Av. 8 de Diciembre,CON_FALLECIDOS,Accidente Laboral,Visibilidad reducida,42,FALLECIDO,MUJER,OTRO,33,FALLECIDO,NO_REGISTRA,PEATON,21,LESIONADO,HOMBRE,VEH_LIVIANO
2026-01-01 09:48:57,-3.978083,-79.185268,Calle Miguel Riofrio,SOLO_DANOS,Accidente Laboral,Exceso de velocidad,,,,,,,,,,,,
2026-01-06 14:35:56,-4.002701,-79.203855,Calle Mercadillo,CON_FALLECIDOS,Colision Multiple,Exceso de velocidad,33,FALLECIDO,MUJER,VEH_LIVIANO,,,,,,,,
2026-01-05 03:24:36,-4.012797,-79.191764,Av. Metropolitana,CON_FALLECIDOS,Colision Multiple,Imprudencia del conductor,25,FALLECIDO,HOMBRE,MOTOCICLETA,40,FALLECIDO,MUJER,CICLISTA,,,,
2026-01-21 02:27:54,-4.033255,-79.215796,Calle Saraguro,CON_FALLECIDOS,Choque Vehicular,Equipo de seguridad deficiente,45,FALLECIDO,MUJER,MOTOCICLETA,,,,,,,,
2026-01-22 19:24:11,-4.009469,-79.203631,Calle 18 de Noviembre,CON_FALLECIDOS,Volcamiento,Exceso de velocidad,32,FALLECIDO,MUJER,MOTOCICLETA,85,FALLECIDO,NO_REGISTRA,CICLISTA,33,LESIONADO,NO_REGISTRA,PEATON
2026-01-20 03:05:42,-4.003103,-79.226552,Via Loja - Zamora,CON_FALLECIDOS,Caida,Inobservancia de senales,33,FALLECIDO,NO_REGISTRA,CICLISTA,61,FALLECIDO,NO_REGISTRA,PEATON,46,LESIONADO,NO_REGISTRA,VEH_LIVIANO
2026-01-13 15:47:13,-3.987987,-79.176930,Av. Pio Jaramillo,CON_FALLECIDOS,Colision Multiple,Equipo de seguridad deficiente,29,FALLECIDO,MUJER,PEATON,82,FALLECIDO,NO_REGISTRA,MOTOCICLETA,,,,
2026-01-23 09:50:52,-3.999123,-79.204544,Calle Montufar,SOLO_DANOS,Colision Multiple,Mal estado de la via,,,,,,,,,,,,