fecha_hora,latitud,longitud,via,grado_severidad,tipo_siniestro,causa_probable,victima1_edad,victima1_condicion,victima1_sexo,victima1_actor_vial,victima2_edad,victima2_condicion,victima2_sexo,victima2_actor_vial,victima3_edad,victima3_condicion,victima3_sexo,victima3_actor_vial
2026-01-23 12:24:45,-4.030682,-79.199419,Calle Saraguro,CON_LESIONADOS,Choque Vehicular,Falla mecanica,42,LESIONADO,MUJER,SCOOTER,39,LESIONADO,HOMBRE,OTRO,8,LESIONADO,HOMBRE,CICLISTA
2026-01-19 21:27:33,-4.021008,-79.171329,Ruta 35,SOLO_DANOS,Colision Multiple,Factores externos,,,,,,,,,,,,
2026-01-23 03:10:47,-3.993450,-79.220521,Calle Rocafuerte,CON_LESIONADOS,Incendio,Estado de embriaguez,24,LESIONADO,MUJER,SCOOTER,67,LESIONADO,HOMBRE,MOTOCICLETA,76,LESIONADO,HOMBRE,PEATON
2026-01-05 14:38:14,-4.032998,-79.195165,Av. Orillas del Zamora,SOLO_DANOS,Volcamiento,Fatiga del conductor,,,,,,,,,,,,
2026-01-08 21:41:17,-4.036700,-79.192042,Calle Quito,CON_LESIONADOS,Volcamiento,Falla mecanica,14,LESIONADO,MUJER,OTRO,70,LESIONADO,MUJER,CICLISTA,,,,
2026-01-22 10:27:33,-4.001114,-79.204034,Calle Rocafuerte,CON_FALLECIDOS,Caida,Estado de embriaguez,69,FALLECIDO,NO_REGISTRA,SCOOTER,,,,,,,,
2026-01-15 16:29:07,-3.983198,-79.230711,Calle Montufar,SOLO_DANOS,Atropellamiento,Visibilidad reducida,,,,,,,,,,,,
2026-01-20 11:46:15,-4.021207,-79.224954,Av. Universitaria,CON_FALLECIDOS,Caida,Equipo de seguridad deficiente,49,FALLECIDO,NO_REGISTRA,MOTOCICLETA,38,FALLECIDO,NO_REGISTRA,CICLISTA,41,LESIONADO,HOMBRE,CICLISTA
2026-01-02 21:19:15,-4.023668,-79.206305,Calle Rocafuerte,SOLO_DANOS,Choque Vehicular,Factores externos,,,,,,,,,,,,
2026-01-12 01:11:03,-4.021943,-79.186696,Ruta 35,CON_LESIONADOS,Volcamiento,Exceso de velocidad,19,LESIONADO,HOMBRE,MOTOCICLETA,45,LESIONADO,MUJER,CICLISTA,,,,
2026-01-19 00:05:53,-4.030447,-79.218246,Calle Imbabura,CON_FALLECIDOS,Choque Vehicular,Fatiga del conductor,65,FALLECIDO,NO_REGISTRA,MOTOCICLETA,16,LESIONADO,HOMBRE,SCOOTER,25,LESIONADO,HOMBRE,SCOOTER
2026-01-12 22:32:14,-3.978873,-79.222391,Av. Gran Colombia,SOLO_DANOS,Choque Vehicular,Falla mecanica,,,,,,,,,,,,
2026-01-17 11:10:43,-4.012856,-79.220363,Calle Azogues,CON_FALLECIDOS,Caida,Inobservancia de senales,25,FALLECIDO,NO_REGISTRA,PEATON,47,LESIONADO,MUJER,OTRO,14,LESIONADO,MUJER,VEH_LIVIANO
2026-01-20 06:38:17,-4.011929,-79.187080,Av. Universitaria,CON_FALLECIDOS,Colision Multiple,Falla mecanica,71,FALLECIDO,NO_REGISTRA,VEH_LIVIANO,68,FALLECIDO,NO_REGISTRA,OTRO,56,LESIONADO,NO_REGISTRA,SCOOTER
2026-01-04 23:28:55,-4.027359,-79.205462,Calle Bolivar,SOLO_DANOS,Incendio,Visibilidad reducida,,,,,,,,,,,,
2026-01-16 12:28:03,-4.020729,-79.213418,Av. Orillas del Zamora,SOLO_DANOS,Incendio,Via resbaladiza o mojada,,,,,,,,,,,,
2026-01-13 02:57:56,-4.008163,-79.201084,Via Loja - Zamora,SOLO_DANOS,Choque Vehicular,Exceso de velocidad,,,,,,,,,,,,
2026-01-22 08:49:42,-3.985760,-79.220304,Av. Cuxibamba,CON_LESIONADOS,Choque Vehicular,Exceso de velocidad,67,LESIONADO,MUJER,PEATON,,,,,,,,
2026-01-10 00:40:12,-3.988705,-79.186260,Av. Manuel Agustin Aguirre,CON_FALLECIDOS,Choque Vehicular,Factores externos,21,FALLECIDO,MUJER,PEATON,66,FALLECIDO,NO_REGISTRA,VEH_LIVIANO,21,LESIONADO,MUJER,CICLISTA
2026-01-07 14:52:25,-4.016243,-79.211733,Via Loja - Catamayo,CON_LESIONADOS,Accidente Laboral,Factores externos,42,LESIONADO,NO_REGISTRA,OTRO,39,LESIONADO,HOMBRE,MOTOCICLETA,70,LESIONADO,MUJER,VEH_LIVIANO
2026-01-17 00:14:24,-3.979440,-79.193311,Calle Rocafuerte,SOLO_DANOS,Colision Multiple,Fatiga del conductor,73,LESIONADO,MUJER,MOTOCICLETA,,,,,,,,
2026-01-12 11:15:49,-4.021008,-79.174455,Av. Manuel Agustin Aguirre,CON_LESIONADOS,Incendio,Estado de embriaguez,32,LESIONADO,MUJER,PEATON,,,,,,,,
2026-01-09 07:15:26,-3.996367,-79.226290,Av. Universitaria,CON_LESIONADOS,Atropellamiento,Factores externos,28,LESIONADO,NO_REGISTRA,OTRO,7,LESIONADO,HOMBRE,CICLISTA,5,LESIONADO,HOMBRE,CICLISTA
2026-01-07 13:47:05,-4.019365,-79.172332,Calle 10 de Agosto,SOLO_DANOS,Colision Multiple,Fatiga del conductor,,,,,,,,,,,,
2026-01-04 06:27:43,-4.033284,-79.193257,Calle Montufar,CON_LESIONADOS,Incendio,Via resbaladiza o mojada,39,LESIONADO,HOMBRE,SCOOTER,43,LESIONADO,HOMBRE,MOTOCICLETA,,,,
2026-01-02 20:55:48,-4.008482,-79.195489,Via Loja - Catamayo,SOLO_DANOS,Volcamiento,Fatiga del conductor,,,,,,,,,,,,
2026-01-23 01:31:12,-3.980715,-79.218662,Via Loja - Catamayo,CON_LESIONADOS,Volcamiento,Factores externos,30,LESIONADO,NO_REGISTRA,SCOOTER,13,LESIONADO,NO_REGISTRA,OTRO,63,LESIONADO,HOMBRE,MOTOCICLETA
2026-01-22 21:04:45,-4.028965,-79.228942,Av. Orillas del Zamora,CON_FALLECIDOS,Caida,Distraccion (celular/radio),25,FALLECIDO,HOMBRE,PEATON,79,LESIONADO,HOMBRE,PEATON,13,LESIONADO,NO_REGISTRA,CICLISTA
2026-01-02 19:39:33,-3.984494,-79.184011,Calle Montufar,CON_FALLECIDOS,Atropellamiento,Falla mecanica,57,FALLECIDO,HOMBRE,CICLISTA,53,FALLECIDO,NO_REGISTRA,SCOOTER,,,,
2026-01-04 12:40:36,-3.993309,-79.184449,Via Loja - Catamayo,CON_FALLECIDOS,Incendio,Equipo de seguridad deficiente,53,FALLECIDO,HOMBRE,SCOOTER,14,LESIONADO,MUJER,VEH_LIVIANO,6,LESIONADO,MUJER,VEH_LIVIANO
2026-01-18 19:20:44,-3.977207,-79.187812,Calle Azogues,CON_LESIONADOS,Atropellamiento,Visibilidad reducida,77,LESIONADO,MUJER,CICLISTA,5,LESIONADO,HOMBRE,CICLISTA,,,,
2026-01-15 15:45:07,-3.982443,-79.191354,Av. Isidro Ayora,CON_FALLECIDOS,Incendio,Exceso de velocidad,22,FALLECIDO,HOMBRE,PEATON,79,FALLECIDO,MUJER,SCOOTER,,,,
2026-01-17 18:59:45,-3.980311,-79.185701,Calle Mercadillo,CON_LESIONADOS,Colision Multiple,Fatiga del conductor,13,LESIONADO,HOMBRE,VEH_LIVIANO,,,,,,,,
2026-01-02 23:21:08,-3.999000,-79.216850,Calle Rocafuerte,CON_LESIONADOS,Atropellamiento,Falla mecanica,69,LESIONADO,NO_REGISTRA,PEATON,,,,,,,,
2026-01-16 03:39:22,-3.995589,-79.176699,Calle 10 de Agosto,CON_FALLECIDOS,Incendio,Imprudencia del conductor,53,FALLECIDO,MUJER,SCOOTER,36,LESIONADO,HOMBRE,CICLISTA,34,LESIONADO,MUJER,OTRO
2026-01-03 06:35:49,-3.977556,-79.188197,Av. Gran Colombia,SOLO_DANOS,Atropellamiento,Falla mecanica,,,,,,,,,,,,
2026-01-16 19:53:41,-4.035474,-79.214845,Av. Orillas del Zamora,CON_FALLECIDOS,Atropellamiento,Distraccion (celular/radio),62,FALLECIDO,NO_REGISTRA,VEH_LIVIANO,57,LESIONADO,MUJER,VEH_LIVIANO,,,,
2026-01-06 12:06:12,-4.029595,-79.188262,Av. Orillas del Zamora,SOLO_DANOS,Accidente Laboral,Imprudencia del conductor,,,,,,,,,,,,
2026-01-11 23:11:11,-4.030368,-79.185574,Calle Azogues,CON_LESIONADOS,Volcamiento,Factores externos,74,LESIONADO,NO_REGISTRA,MOTOCICLETA,61,LESIONADO,NO_REGISTRA,PEATON,,,,
2026-01-12 07:39:28,-4.007688,-79.212767,Av. Cuxibamba,CON_FALLECIDOS,Colision Multiple,Visibilidad reducida,49,FALLECIDO,HOMBRE,PEATON,61,FALLECIDO,HOMBRE,SCOOTER,73,LESIONADO,MUJER,CICLISTA
2026-01-15 15:20:40,-4.006235,-79.175711,Calle Colon,CON_FALLECIDOS,Atropellamiento,Equipo de seguridad deficiente,36,FALLECIDO,HOMBRE,OTRO,44,FALLECIDO,MUJER,VEH_LIVIANO,45,LESIONADO,HOMBRE,MOTOCICLETA
2026-01-20 17:28:18,-3.996321,-79.183516,Calle Miguel Riofrio,SOLO_DANOS,Caida,Falla mecanica,,,,,,,,,,,,
2026-01-06 01:17:07,-4.006419,-79.220341,Calle Sucre,SOLO_DANOS,Caida,Exceso de velocidad,,,,,,,,,,,,
2026-01-03 02:21:05,-4.028938,-79.212983,Calle 10 de Agosto,CON_FALLECIDOS,Incendio,Falla mecanica,53,FALLECIDO,NO_REGISTRA,OTRO,58,FALLECIDO,HOMBRE,VEH_LIVIANO,30,LESIONADO,MUJER,CICLISTA
2026-01-09 11:52:12,-3.982998,-79.181151,Calle Mercadillo,CON_FALLECIDOS,Volcamiento,Fatiga del conductor,43,FALLECIDO,NO_REGISTRA,MOTOCICLETA,75,FALLECIDO,HOMBRE,OTRO,71,LESIONADO,MUJER,VEH_LIVIANO
2026-01-08 04:38:14,-4.007102,-79.178573,Calle Rocafuerte,CON_LESIONADOS,Incendio,Fatiga del conductor,65,LESIONADO,MUJER,VEH_LIVIANO,,,,,,,,
2026-01-04 17:50:15,-4.008131,-79.222009,Calle Quito,CON_LESIONADOS,Accidente Laboral,Inobservancia de senales,41,LESIONADO,MUJER,MOTOCICLETA,29,LESIONADO,MUJER,VEH_LIVIANO,,,,
2026-01-17 02:00:27,-3.978267,-79.207198,Av. Metropolitana,SOLO_DANOS,Choque Vehicular,Mal estado de la via,,,,,,,,,,,,
2026-01-16 10:13:34,-4.031281,-79.230201,Av. Reinaldo Espinosa,SOLO_DANOS,Caida,Via resbaladiza o mojada,9,LESIONADO,HOMBRE,MOTOCICLETA,,,,,,,,
2026-01-18 21:41:13,-4.020836,-79.183925,Ruta 35,CON_LESIONADOS,Incendio,Inobservancia de senales,6,LESIONADO,NO_REGISTRA,MOTOCICLETA,,,,,,,,
2026-01-16 20:53:41,-4.002974,-79.214415,Calle Quito,SOLO_DANOS,Incendio,Distraccion (celular/radio),,,,,,,,,,,,
2026-01-12 14:03:53,-4.008734,-79.205040,Calle Azogues,CON_LESIONADOS,Caida,Exceso de velocidad,78,LESIONADO,NO_REGISTRA,MOTOCICLETA,,,,,,,,
2026-01-02 02:46:38,-4.015380,-79.185538,Av. Rosa Hermosa,CON_FALLECIDOS,Atropellamiento,Equipo de seguridad deficiente,69,FALLECIDO,NO_REGISTRA,CICLISTA,36,FALLECIDO,MUJER,VEH_LIVIANO,69,LESIONADO,MUJER,SCOOTER
2026-01-04 09:41:27,-4.006233,-79.202442,Av. Cuxibamba,SOLO_DANOS,Choque Vehicular,Distraccion (celular/radio),,,,,,,,,,,,
2026-01-06 10:39:25,-4.033387,-79.228432,Ruta 35,CON_LESIONADOS,Choque Vehicular,Distraccion (celular/radio),71,LESIONADO,MUJER,PEATON,41,LESIONADO,NO_REGISTRA,SCOOTER,,,,
2026-01-21 01:54:32,-4.023358,-79.175593,Av. Gran Colombia,CON_FALLECIDOS,Colision Multiple,Mal estado de la via,34,FALLECIDO,HOMBRE,VEH_LIVIANO,27,LESIONADO,HOMBRE,SCOOTER,,,,
2026-01-08 09:05:38,-3.996453,-79.185120,Av. Orillas del Zamora,SOLO_DANOS,Choque Vehicular,Via resbaladiza o mojada,38,LESIONADO,NO_REGISTRA,CICLISTA,,,,,,,,
2026-01-14 04:46:07,-3.981991,-79.174182,Av. Isidro Ayora,CON_FALLECIDOS,Incendio,Factores externos,23,FALLECIDO,NO_REGISTRA,OTRO,36,LESIONADO,MUJER,VEH_LIVIANO,34,LESIONADO,NO_REGISTRA,VEH_LIVIANO
2026-01-06 07:50:22,-4.024036,-79.199235,Calle Miguel Riofrio,CON_FALLECIDOS,Volcamiento,Imprudencia del conductor,65,FALLECIDO,MUJER,MOTOCICLETA,30,LESIONADO,MUJER,MOTOCICLETA,,,,
2026-01-07 12:42:33,-3.982162,-79.197033,Calle Rocafuerte,CON_FALLECIDOS,Atropellamiento,Factores externos,21,FALLECIDO,NO_REGISTRA,VEH_LIVIANO,58,FALLECIDO,NO_REGISTRA,PEATON,,,,
2026-01-15 10:54:43,-4.017060,-79.198917,Av. Isidro Ayora,CON_LESIONADOS,Volcamiento,Fatiga del conductor,66,LESIONADO,NO_REGISTRA,OTRO,,,,,,,,
2026-01-10 11:51:10,-3.990255,-79.228560,Calle 18 de Noviembre,SOLO_DANOS,Choque Vehicular,Via resbaladiza o mojada,,,,,,,,,,,,
2026-01-06 10:00:57,-4.031945,-79.217343,Av. Metropolitana,CON_FALLECIDOS,Volcamiento,Fatiga del conductor,34,FALLECIDO,HOMBRE,PEATON,62,LESIONADO,MUJER,OTRO,,,,
2026-01-04 23:49:59,-4.023074,-79.207378,Av. Manuel Agustin Aguirre,CON_FALLECIDOS,Colision Multiple,Visibilidad reducida,30,FALLECIDO,NO_REGISTRA,CICLISTA,61,LESIONADO,MUJER,CICLISTA,,,,
2026-01-07 21:20:02,-3.984699,-79.220216,Calle Colon,SOLO_DANOS,Accidente Laboral,Distraccion (celular/radio),,,,,,,,,,,,
2026-01-06 06:11:21,-4.015476,-79.213725,Av. Isidro Ayora,CON_FALLECIDOS,Choque Vehicular,Equipo de seguridad deficiente,27,FALLECIDO,NO_REGISTRA,OTRO,24,FALLECIDO,NO_REGISTRA,CICLISTA,70,LESIONADO,MUJER,MOTOCICLETA
2026-01-23 06:46:38,-3.991301,-79.205658,Ruta 35,CON_LESIONADOS,Caida,Imprudencia del conductor,7,LESIONADO,MUJER,PEATON,35,LESIONADO,MUJER,OTRO,,,,
2026-01-13 22:09:49,-4.034008,-79.171903,Via Loja - Catamayo,CON_LESIONADOS,Atropellamiento,Imprudencia del conductor,42,LESIONADO,MUJER,OTRO,8,LESIONADO,NO_REGISTRA,OTRO,10,LESIONADO,MUJER,CICLISTA
2026-01-23 11:09:14,-3.982212,-79.220501,Av. Isidro Ayora,CON_FALLECIDOS,Atropellamiento,Visibilidad reducida,24,FALLECIDO,NO_REGISTRA,VEH_LIVIANO,44,LESIONADO,NO_REGISTRA,VEH_LIVIANO,38,LESIONADO,MUJER,MOTOCICLETA
2026-01-11 13:46:11,-4.002067,-79.208612,Av. Gran Colombia,CON_FALLECIDOS,Atropellamiento,Distraccion (celular/radio),41,FALLECIDO,MUJER,OTRO,30,FALLECIDO,NO_REGISTRA,OTRO,37,LESIONADO,MUJER,CICLISTA
2026-01-11 17:14:53,-4.010661,-79.199436,Calle Ramon Borrero,SOLO_DANOS,Accidente Laboral,Equipo de seguridad deficiente,,,,,,,,,,,,
2026-01-13 17:35:16,-3.984750,-79.214469,Av. 8 de Diciembre,CON_LESIONADOS,Colision Multiple,Falla mecanica,61,LESIONADO,HOMBRE,VEH_LIVIANO,,,,,,,,
2026-01-20 10:56:14,-3.996133,-79.202278,Av. Metropolitana,CON_FALLECIDOS,Volcamiento,Distraccion (celular/radio),60,FALLECIDO,MUJER,CICLISTA,78,LESIONADO,NO_REGISTRA,CICLISTA,,,,
2026-01-01 23:39:13,-3.991035,-79.198589,Calle Ramon Borrero,CON_FALLECIDOS,Atropellamiento,Distraccion (celular/radio),32,FALLECIDO,HOMBRE,MOTOCICLETA,37,FALLECIDO,NO_REGISTRA,VEH_LIVIANO,25,LESIONADO,MUJER,SCOOTER
2026-01-09 08:33:54,-3.980632,-79.188763,Av. Manuel Agustin Aguirre,CON_FALLECIDOS,Accidente Laboral,Via resbaladiza o mojada,70,FALLECIDO,MUJER,PEATON,31,FALLECIDO,NO_REGISTRA,MOTOCICLETA,,,,
2026-01-07 08:14:46,-4.034917,-79.201998,Calle Ramon Borrero,CON_LESIONADOS,Accidente Laboral,Falla mecanica,12,LESIONADO,HOMBRE,VEH_LIVIANO,68,LESIONADO,NO_REGISTRA,VEH_LIVIANO,79,LESIONADO,MUJER,VEH_LIVIANO
2026-01-01 04:40:27,-3.988658,-79.215982,Av. Universitaria,CON_LESIONADOS,Volcamiento,Fatiga del conductor,49,LESIONADO,MUJER,PEATON,,,,,,,,
2026-01-17 13:49:24,-4.011408,-79.217212,Av. Pio Jaramillo,CON_LESIONADOS,Incendio,Estado de embriaguez,66,LESIONADO,MUJER,SCOOTER,27,LESIONADO,MUJER,SCOOTER,,,,
2026-01-16 05:02:18,-4.002499,-79.195927,Av. Isidro Ayora,SOLO_DANOS,Colision Multiple,Visibilidad reducida,7,LESIONADO,MUJER,SCOOTER,,,,,,,,
2026-01-13 04:19:57,-3.988159,-79.171937,Av. Gran Colombia,SOLO_DANOS,Volcamiento,Equipo de seguridad deficiente,,,,,,,,,,,,
2026-01-01 05:32:17,-4.027554,-79.203469,Calle Imbabura,CON_LESIONADOS,Accidente Laboral,Via resbaladiza o mojada,51,LESIONADO,MUJER,SCOOTER,15,LESIONADO,MUJER,MOTOCICLETA,,,,
2026-01-04 10:28:46,-4.016497,-79.207575,Calle Imbabura,CON_LESIONADOS,Accidente Laboral,Imprudencia del conductor,22,LESIONADO,HOMBRE,OTRO,21,LESIONADO,MUJER,CICLISTA,,,,
2026-01-10 21:32:23,-3.982041,-79.172840,Calle 10 de Agosto,SOLO_DANOS,Caida,Factores externos,,,,,,,,,,,,
2026-01-15 19:12:32,-4.015247,-79.172823,Av. 8 de Diciembre,CON_FALLECIDOS,Accidente Laboral,Distraccion (celular/radio),31,FALLECIDO,HOMBRE,SCOOTER,19,FALLECIDO,MUJER,MOTOCICLETA,57,LESIONADO,NO_REGISTRA,OTRO
2026-01-10 03:40:12,-3.984170,-79.189427,Calle Bolivar,SOLO_DANOS,Accidente Laboral,Visibilidad reducida,,,,,,,,,,,,
2026-01-15 15:58:46,-4.020392,-79.171962,Calle 10 de Agosto,SOLO_DANOS,Volcamiento,Inobservancia de senales,8,LESIONADO,NO_REGISTRA,VEH_LIVIANO,,,,,,,,
2026-01-18 16:28:34,-4.022650,-79.194813,Calle Colon,SOLO_DANOS,Volcamiento,Falla mecanica,,,,,,,,,,,,
2026-01-07 22:49:40,-3.991737,-79.196894,Calle Miguel Riofrio,CON_LESIONADOS,Colision Multiple,Inobservancia de senales,43,LESIONADO,HOMBRE,CICLISTA,59,LESIONADO,HOMBRE,MOTOCICLETA,11,LESIONADO,NO_REGISTRA,MOTOCICLETA
2026-01-10 10:52:23,-3.985230,-79.175988,Calle 18 de Noviembre,CON_LESIONADOS,Choque Vehicular,Factores externos,69,LESIONADO,HOMBRE,MOTOCICLETA,52,LESIONADO,MUJER,VEH_LIVIANO,60,LESIONADO,NO_REGISTRA,OTRO
2026-01-21 15:42:00,-4.034245,-79.202350,Calle 10 de Agosto,CON_FALLECIDOS,Incendio,Estado de embriaguez,29,FALLECIDO,NO_REGISTRA,PEATON,78,FALLECIDO,MUJER,VEH_LIVIANO,17,LESIONADO,HOMBRE,OTRO
2026-01-21 16:34:28,-4.009231,-79.205502,Av. 8 de Diciembre,SOLO_DANOS,Atropellamiento,Exceso de velocidad,,,,,,,,,,,,
2026-01-04 11:05:37,-4.011065,-79.176850,Calle Bolivar,SOLO_DANOS,Colision Multiple,Inobservancia de senales,,,,,,,,,,,,
2026-01-06 19:36:09,-4.033926,-79.212002,Av. 8 de Diciembre,SOLO_DANOS,Caida,Fatiga del conductor,,,,,,,,,,,,
2026-01-04 06:19:28,-4.034456,-79.224146,Calle Sucre,CON_FALLECIDOS,Volcamiento,Via resbaladiza o mojada,82,FALLECIDO,NO_REGISTRA,SCOOTER,77,FALLECIDO,MUJER,OTRO,,,,
2026-01-04 23:01:48,-4.014748,-79.185233,Via Loja - Zamora,CON_LESIONADOS,Incendio,Falla mecanica,66,LESIONADO,MUJER,CICLISTA,,,,,,,,
2026-01-14 19:07:33,-4.017772,-79.204523,Calle Rocafuerte,SOLO_DANOS,Volcamiento,Distraccion (celular/radio),,,,,,,,,,,,
2026-01-14 02:55:24,-4.032694,-79.228161,Calle Colon,CON_LESIONADOS,Atropellamiento,Mal estado de la via,62,LESIONADO,HOMBRE,MOTOCICLETA,,,,,,,,
2026-01-05 02:04:04,-3.981088,-79.229394,Calle Montufar,SOLO_DANOS,Atropellamiento,Exceso de velocidad,,,,,,,,,,,,
2026-01-21 17:27:37,-4.009224,-79.222968,Av. Universitaria,CON_LESIONADOS,Choque Vehicular,Via resbaladiza o mojada,74,LESIONADO,HOMBRE,PEATON,,,,,,,,
2026-01-02 03:32:48,-4.023277,-79.203515,Av. Universitaria,CON_FALLECIDOS,Volcamiento,Via resbaladiza o mojada,66,FALLECIDO,HOMBRE,VEH_LIVIANO,48,FALLECIDO,MUJER,MOTOCICLETA,69,LESIONADO,NO_REGISTRA,CICLISTA
2026-01-22 19:48:43,-4.029663,-79.230768,Av. Cuxibamba,CON_LESIONADOS,Caida,Exceso de velocidad,74,LESIONADO,NO_REGISTRA,OTRO,56,LESIONADO,NO_REGISTRA,OTRO,,,,
2026-01-01 23:27:01,-3.977528,-79.208213,Calle Imbabura,SOLO_DANOS,Accidente Laboral,Visibilidad reducida,,,,,,,,,,,,
2026-01-12 10:31:48,-4.028811,-79.213727,Av. Cuxibamba,CON_FALLECIDOS,Atropellamiento,Estado de embriaguez,44,FALLECIDO,MUJER,MOTOCICLETA,25,FALLECIDO,NO_REGISTRA,CICLISTA,,,,
2026-01-13 09:27:02,-4.034311,-79.206314,Av. Pio Jaramillo,CON_LESIONADOS,Atropellamiento,Via resbaladiza o mojada,51,LESIONADO,HOMBRE,VEH_LIVIANO,21,LESIONADO,MUJER,CICLISTA,72,LESIONADO,NO_REGISTRA,SCOOTER
2026-01-11 00:10:53,-4.003933,-79.209271,Calle Mercadillo,SOLO_DANOS,Atropellamiento,Imprudencia del conductor,,,,,,,,,,,,
2026-01-11 12:18:50,-4.000228,-79.196219,Calle Montufar,SOLO_DANOS,Accidente Laboral,Factores externos,,,,,,,,,,,,
2026-01-13 15:43:49,-3.997387,-79.209790,Via Loja - Catamayo,CON_FALLECIDOS,Accidente Laboral,Exceso de velocidad,39,FALLECIDO,NO_REGISTRA,MOTOCICLETA,66,FALLECIDO,NO_REGISTRA,OTRO,,,,
2026-01-16 15:06:24,-4.020064,-79.171823,Av. Pio Jaramillo,CON_FALLECIDOS,Accidente Laboral,Factores externos,68,FALLECIDO,NO_REGISTRA,PEATON,73,LESIONADO,NO_REGISTRA,SCOOTER,21,LESIONADO,MUJER,VEH_LIVIANO
2026-01-11 10:13:25,-4.036147,-79.213969,Av. Metropolitana,CON_FALLECIDOS,Volcamiento,Fatiga del conductor,42,FALLECIDO,NO_REGISTRA,PEATON,29,LESIONADO,MUJER,MOTOCICLETA,13,LESIONADO,MUJER,MOTOCICLETA
2026-01-15 20:10:37,-3.991408,-79.187849,Calle Montufar,CON_LESIONADOS,Accidente Laboral,Equipo de seguridad deficiente,10,LESIONADO,NO_REGISTRA,MOTOCICLETA,40,LESIONADO,MUJER,PEATON,69,LESIONADO,MUJER,OTRO
2026-01-09 05:20:16,-3.988599,-79.186113,Av. Isidro Ayora,CON_FALLECIDOS,Atropellamiento,Mal estado de la via,61,FALLECIDO,MUJER,OTRO,,,,,,,,
2026-01-05 22:40:02,-4.029950,-79.183302,Av. Gran Colombia,SOLO_DANOS,Colision Multiple,Distraccion (celular/radio),,,,,,,,,,,,
2026-01-11 20:53:05,-4.018432,-79.174804,Calle Montufar,CON_LESIONADOS,Atropellamiento,Equipo de seguridad deficiente,51,LESIONADO,NO_REGISTRA,PEATON,78,LESIONADO,MUJER,MOTOCICLETA,,,,
2026-01-07 14:08:44,-4.032300,-79.194658,Av. Pio Jaramillo,CON_FALLECIDOS,Colision Multiple,Distraccion (celular/radio),75,FALLECIDO,NO_REGISTRA,VEH_LIVIANO,82,FALLECIDO,NO_REGISTRA,OTRO,68,LESIONADO,MUJER,CICLISTA
2026-01-12 17:05:28,-3.981037,-79.221194,Calle Montufar,CON_LESIONADOS,Volcamiento,Exceso de velocidad,22,LESIONADO,HOMBRE,SCOOTER,47,LESIONADO,NO_REGISTRA,VEH_LIVIANO,,,,
2026-01-16 00:51:58,-4.013566,-79.172134,Av. Reinaldo Espinosa,SOLO_DANOS,Choque Vehicular,Equipo de seguridad deficiente,,,,,,,,,,,,
2026-01-04 13:00:07,-4.004881,-79.200075,Av. Manuel Agustin Aguirre,CON_FALLECIDOS,Volcamiento,Fatiga del conductor,59,FALLECIDO,HOMBRE,VEH_LIVIANO,66,LESIONADO,NO_REGISTRA,MOTOCICLETA,26,LESIONADO,HOMBRE,SCOOTER
2026-01-10 13:44:26,-4.025215,-79.203317,Calle Montufar,SOLO_DANOS,Choque Vehicular,Via resbaladiza o mojada,,,,,,,,,,,,
2026-01-02 18:38:45,-3.992205,-79.192621,Via Loja - Zamora,CON_FALLECIDOS,Atropellamiento,Falla mecanica,63,FALLECIDO,MUJER,CICLISTA,,,,,,,,
2026-01-11 04:01:50,-3.988494,-79.212648,Av. 8 de Diciembre,SOLO_DANOS,Incendio,Distraccion (celular/radio),,,,,,,,,,,,
2026-01-05 10:22:43,-3.982794,-79.189309,Calle Sucre,CON_LESIONADOS,Atropellamiento,Estado de embriaguez,55,LESIONADO,MUJER,VEH_LIVIANO,17,LESIONADO,MUJER,MOTOCICLETA,45,LESIONADO,HOMBRE,SCOOTER
2026-01-01 00:31:10,-3.987707,-79.202868,Calle Rocafuerte,CON_FALLECIDOS,Caida,Exceso de velocidad,81,FALLECIDO,MUJER,SCOOTER,80,LESIONADO,NO_REGISTRA,CICLISTA,,,,
2026-01-16 06:39:11,-3.979522,-79.221563,Calle 10 de Agosto,CON_LESIONADOS,Volcamiento,Via resbaladiza o mojada,8,LESIONADO,HOMBRE,VEH_LIVIANO,,,,,,,,
2026-01-22 20:16:02,-4.026776,-79.184193,Av. Rosa Hermosa,CON_LESIONADOS,Accidente Laboral,Visibilidad reducida,42,LESIONADO,NO_REGISTRA,VEH_LIVIANO,16,LESIONADO,NO_REGISTRA,PEATON,78,LESIONADO,MUJER,PEATON
2026-01-03 00:03:04,-3.986092,-79.184020,Via Loja - Catamayo,CON_LESIONADOS,Atropellamiento,Via resbaladiza o mojada,12,LESIONADO,MUJER,MOTOCICLETA,58,LESIONADO,MUJER,SCOOTER,14,LESIONADO,NO_REGISTRA,CICLISTA
2026-01-20 12:58:07,-3.987101,-79.226247,Av. Reinaldo Espinosa,SOLO_DANOS,Colision Multiple,Distraccion (celular/radio),,,,,,,,,,,,
2026-01-01 14:26:05,-4.025160,-79.183296,Av. Isidro Ayora,CON_FALLECIDOS,Atropellamiento,Estado de embriaguez,44,FALLECIDO,MUJER,OTRO,40,FALLECIDO,HOMBRE,CICLISTA,,,,
2026-01-18 02:47:43,-4.025853,-79.190846,Av. Isidro Ayora,CON_LESIONADOS,Atropellamiento,Exceso de velocidad,69,LESIONADO,NO_REGISTRA,SCOOTER,,,,,,,,
2026-01-17 17:35:53,-4.021160,-79.230172,Calle Colon,CON_LESIONADOS,Caida,Equipo de seguridad deficiente,73,LESIONADO,MUJER,MOTOCICLETA,,,,,,,,