fecha_hora,latitud,longitud,via,grado_severidad,tipo_siniestro,causa_probable,victima1_edad,victima1_condicion,victima1_sexo,victima1_actor_vial,victima2_edad,victima2_condicion,victima2_sexo,victima2_actor_vial,victima3_edad,victima3_condicion,victima3_sexo,victima3_actor_vial
2026-01-06 10:04:25,-3.984537,-79.180248,Av. Manuel Agustin Aguirre,SOLO_DANOS,Incendio,Falla mecanica,,,,,,,,,,,,
2026-01-12 02:17:38,-4.007543,-79.207968,Av. Gran Colombia,CON_FALLECIDOS,Incendio,Falla mecanica,85,FALLECIDO,NO_REGISTRA,MOTOCICLETA,,,,,,,,
2026-01-05 23:37:15,-4.014694,-79.176205,Av. Cuxibamba,SOLO_DANOS,Caida,Visibilidad reducida,,,,,,,,,,,,
2026-01-07 21:58:14,-3.977569,-79.211780,Calle Colon,SOLO_DANOS,Accidente Laboral,Fatiga del conductor,,,,,,,,,,,,
2026-01-10 22:20:06,-4.033993,-79.211864,Av. Reinaldo Espinosa,SOLO_DANOS,Colision Multiple,Imprudencia del conductor,,,,,,,,,,,,
2026-01-23 13:12:50,-3.981356,-79.175759,Av. Reinaldo Espinosa,CON_LESIONADOS,Accidente Laboral,Factores externos,20,LESIONADO,NO_REGISTRA,VEH_LIVIANO,21,LESIONADO,HOMBRE,OTRO,,,,
2026-01-05 06:12:52,-4.017264,-79.213187,Calle 18 de Noviembre,CON_LESIONADOS,Atropellamiento,Via resbaladiza o mojada,40,LESIONADO,HOMBRE,SCOOTER,47,LESIONADO,HOMBRE,PEATON,18,LESIONADO,NO_REGISTRA,OTRO
2026-01-13 23:49:39,-4.020384,-79.209049,Calle Ramon Borrero,CON_FALLECIDOS,Accidente Laboral,Imprudencia del conductor,37,FALLECIDO,NO_REGISTRA,CICLISTA,7,LESIONADO,MUJER,MOTOCICLETA,14,LESIONADO,MUJER,VEH_LIVIANO
2026-01-04 06:36:23,-4.017652,-79.184870,Av. Rosa Hermosa,SOLO_DANOS,Colision Multiple,Estado de embriaguez,39,LESIONADO,HOMBRE,SCOOTER,,,,,,,,
2026-01-19 10:22:09,-3.978634,-79.192798,Via Loja - Zamora,CON_LESIONADOS,Colision Multiple,Via resbaladiza o mojada,43,LESIONADO,NO_REGISTRA,OTRO,47,LESIONADO,HOMBRE,OTRO,,,,
2026-01-10 04:47:09,-3.986843,-79.215291,Calle Imbabura,CON_LESIONADOS,Accidente Laboral,Inobservancia de senales,9,LESIONADO,HOMBRE,VEH_LIVIANO,40,LESIONADO,MUJER,VEH_LIVIANO,,,,
2026-01-14 04:41:35,-4.026106,-79.181286,Av. Reinaldo Espinosa,SOLO_DANOS,Choque Vehicular,Equipo de seguridad deficiente,,,,,,,,,,,,
2026-01-13 02:52:23,-4.009195,-79.174984,Via Loja - Catamayo,CON_FALLECIDOS,Choque Vehicular,Distraccion (celular/radio),73,FALLECIDO,MUJER,CICLISTA,35,FALLECIDO,HOMBRE,SCOOTER,76,LESIONADO,MUJER,PEATON
2026-01-14 00:53:51,-4.010986,-79.204351,Av. Manuel Agustin Aguirre,CON_FALLECIDOS,Choque Vehicular,Falla mecanica,79,FALLECIDO,MUJER,CICLISTA,57,FALLECIDO,NO_REGISTRA,VEH_LIVIANO,77,LESIONADO,NO_REGISTRA,VEH_LIVIANO
2026-01-12 10:40:27,-4.003633,-79.171422,Av. Gran Colombia,CON_LESIONADOS,Accidente Laboral,Imprudencia del conductor,64,LESIONADO,NO_REGISTRA,PEATON,51,LESIONADO,MUJER,PEATON,70,LESIONADO,NO_REGISTRA,PEATON
2026-01-21 19:22:44,-4.008661,-79.173903,Calle 10 de Agosto,SOLO_DANOS,Choque Vehicular,Exceso de velocidad,,,,,,,,,,,,
2026-01-15 16:58:41,-3.977958,-79.183129,Av. Rosa Hermosa,CON_FALLECIDOS,Atropellamiento,Inobservancia de senales,25,FALLECIDO,MUJER,VEH_LIVIANO,60,LESIONADO,MUJER,CICLISTA,,,,
2026-01-23 03:05:55,-4.017286,-79.215387,Calle Sucre,CON_FALLECIDOS,Volcamiento,Factores externos,21,FALLECIDO,NO_REGISTRA,MOTOCICLETA,,,,,,,,
2026-01-02 07:50:07,-4.005773,-79.191878,Calle Quito,SOLO_DANOS,Choque Vehicular,Mal estado de la via,,,,,,,,,,,,
2026-01-06 16:56:01,-3.977698,-79.188595,Calle Miguel Riofrio,SOLO_DANOS,Incendio,Fatiga del conductor,,,,,,,,,,,,
2026-01-13 06:59:20,-4.024176,-79.228549,Av. Universitaria,CON_FALLECIDOS,Choque Vehicular,Via resbaladiza o mojada,23,FALLECIDO,NO_REGISTRA,OTRO,75,LESIONADO,HOMBRE,VEH_LIVIANO,7,LESIONADO,NO_REGISTRA,PEATON
2026-01-01 00:20:07,-3.991996,-79.206981,Calle Rocafuerte,CON_FALLECIDOS,Accidente Laboral,Equipo de seguridad deficiente,73,FALLECIDO,NO_REGISTRA,MOTOCICLETA,60,LESIONADO,HOMBRE,OTRO,,,,
2026-01-12 03:51:04,-4.035854,-79.172253,Av. Rosa Hermosa,CON_LESIONADOS,Incendio,Via resbaladiza o mojada,66,LESIONADO,MUJER,CICLISTA,,,,,,,,
2026-01-09 08:31:32,-3.995013,-79.190963,Av. Metropolitana,CON_LESIONADOS,Atropellamiento,Exceso de velocidad,65,LESIONADO,HOMBRE,PEATON,,,,,,,,
2026-01-14 04:34:00,-4.019320,-79.185785,Via Loja - Zamora,CON_FALLECIDOS,Colision Multiple,Mal estado de la via,60,FALLECIDO,NO_REGISTRA,CICLISTA,,,,,,,,
2026-01-20 18:25:55,-3.989947,-79.230608,Av. Orillas del Zamora,CON_LESIONADOS,Choque Vehicular,Exceso de velocidad,58,LESIONADO,NO_REGISTRA,MOTOCICLETA,67,LESIONADO,HOMBRE,OTRO,,,,
2026-01-13 16:34:33,-4.009113,-79.176603,Calle Rocafuerte,SOLO_DANOS,Atropellamiento,Inobservancia de senales,,,,,,,,,,,,
2026-01-14 22:36:26,-4.020086,-79.203169,Av. Cuxibamba,CON_LESIONADOS,Colision Multiple,Exceso de velocidad,5,LESIONADO,HOMBRE,OTRO,45,LESIONADO,HOMBRE,CICLISTA,17,LESIONADO,MUJER,SCOOTER
2026-01-06 19:45:03,-3.992294,-79.172777,Av. 8 de Diciembre,CON_FALLECIDOS,Colision Multiple,Inobservancia de senales,30,FALLECIDO,MUJER,PEATON,,,,,,,,
2026-01-01 04:38:18,-4.016356,-79.216742,Calle Imbabura,SOLO_DANOS,Atropellamiento,Visibilidad reducida,,,,,,,,,,,,
2026-01-08 10:54:44,-3.985701,-79.187081,Calle Montufar,CON_LESIONADOS,Volcamiento,Factores externos,76,LESIONADO,HOMBRE,OTRO,54,LESIONADO,HOMBRE,CICLISTA,,,,
2026-01-11 05:35:55,-4.030665,-79.219411,Calle Bolivar,CON_FALLECIDOS,Accidente Laboral,Fatiga del conductor,85,FALLECIDO,NO_REGISTRA,VEH_LIVIANO,,,,,,,,
2026-01-07 16:52:54,-3.996695,-79.227308,Av. 8 de Diciembre,CON_FALLECIDOS,Choque Vehicular,Via resbaladiza o mojada,74,FALLECIDO,HOMBRE,CICLISTA,52,LESIONADO,NO_REGISTRA,MOTOCICLETA,,,,
2026-01-11 08:46:22,-3.982513,-79.210770,Calle Bolivar,SOLO_DANOS,Atropellamiento,Mal estado de la via,,,,,,,,,,,,
2026-01-06 01:42:47,-3.986153,-79.184172,Calle Saraguro,CON_LESIONADOS,Choque Vehicular,Exceso de velocidad,40,LESIONADO,MUJER,SCOOTER,77,LESIONADO,NO_REGISTRA,PEATON,,,,
2026-01-07 14:38:02,-3.982197,-79.173160,Av. Orillas del Zamora,CON_LESIONADOS,Volcamiento,Fatiga del conductor,14,LESIONADO,MUJER,MOTOCICLETA,27,LESIONADO,HOMBRE,CICLISTA,,,,
2026-01-18 23:56:02,-4.022567,-79.193414,Calle Azogues,CON_FALLECIDOS,Choque Vehicular,Exceso de velocidad,81,FALLECIDO,NO_REGISTRA,OTRO,66,LESIONADO,NO_REGISTRA,OTRO,72,LESIONADO,NO_REGISTRA,CICLISTA
2026-01-12 01:08:23,-4.000558,-79.186588,Calle Azogues,CON_LESIONADOS,Choque Vehicular,Exceso de velocidad,41,LESIONADO,HOMBRE,PEATON,,,,,,,,
2026-01-14 04:24:52,-4.005940,-79.203734,Calle Mercadillo,CON_FALLECIDOS,Volcamiento,Factores externos,84,FALLECIDO,MUJER,SCOOTER,,,,,,,,
2026-01-03 01:23:05,-3.994317,-79.216742,Calle Rocafuerte,CON_FALLECIDOS,Volcamiento,Falla mecanica,20,FALLECIDO,HOMBRE,MOTOCICLETA,31,FALLECIDO,HOMBRE,OTRO,70,LESIONADO,NO_REGISTRA,MOTOCICLETA
2026-01-21 17:53:42,-3.980604,-79.172018,Calle Rocafuerte,SOLO_DANOS,Caida,Distraccion (celular/radio),,,,,,,,,,,,
2026-01-20 17:41:43,-4.032465,-79.228600,Av. Metropolitana,CON_FALLECIDOS,Colision Multiple,Mal estado de la via,20,FALLECIDO,MUJER,PEATON,77,FALLECIDO,MUJER,PEATON,45,LESIONADO,NO_REGISTRA,PEATON
2026-01-01 21:56:44,-4.004107,-79.195292,Av. Rosa Hermosa,CON_LESIONADOS,Incendio,Estado de embriaguez,8,LESIONADO,MUJER,VEH_LIVIANO,,,,,,,,
2026-01-10 00:38:36,-3.977871,-79.183790,Calle Quito,SOLO_DANOS,Caida,Imprudencia del conductor,,,,,,,,,,,,
2026-01-10 18:33:01,-4.024099,-79.220064,Ruta 35,CON_LESIONADOS,Colision Multiple,Imprudencia del conductor,73,LESIONADO,HOMBRE,SCOOTER,,,,,,,,
2026-01-09 22:11:04,-3.995908,-79.205531,Av. Rosa Hermosa,CON_FALLECIDOS,Volcamiento,Falla mecanica,63,FALLECIDO,MUJER,OTRO,68,FALLECIDO,HOMBRE,VEH_LIVIANO,19,LESIONADO,HOMBRE,PEATON
2026-01-03 06:11:47,-4.029252,-79.181160,Calle Montufar,SOLO_DANOS,Volcamiento,Factores externos,,,,,,,,,,,,
2026-01-19 23:30:32,-4.022423,-79.216957,Av. Pio Jaramillo,CON_LESIONADOS,Atropellamiento,Inobservancia de senales,73,LESIONADO,MUJER,VEH_LIVIANO,,,,,,,,
2026-01-13 23:47:01,-4.026800,-79.178744,Calle Bolivar,CON_LESIONADOS,Incendio,Factores externos,71,LESIONADO,MUJER,PEATON,,,,,,,,
2026-01-13 10:02:18,-4.000715,-79.224180,Av. Gran Colombia,CON_LESIONADOS,Incendio,Fatiga del conductor,33,LESIONADO,NO_REGISTRA,SCOOTER,60,LESIONADO,MUJER,PEATON,73,LESIONADO,MUJER,VEH_LIVIANO
2026-01-19 16:54:51,-4.004203,-79.214701,Calle Sucre,CON_LESIONADOS,Incendio,Estado de embriaguez,79,LESIONADO,MUJER,PEATON,49,LESIONADO,HOMBRE,OTRO,,,,
2026-01-10 08:32:34,-4.001437,-79.201007,Av. Orillas del Zamora,CON_FALLECIDOS,Choque Vehicular,Equipo de seguridad deficiente,38,FALLECIDO,HOMBRE,PEATON,34,FALLECIDO,NO_REGISTRA,VEH_LIVIANO,23,LESIONADO,MUJER,MOTOCICLETA
2026-01-12 18:03:17,-4.005219,-79.229691,Calle Quito,CON_FALLECIDOS,Volcamiento,Imprudencia del conductor,79,FALLECIDO,NO_REGISTRA,SCOOTER,84,FALLECIDO,HOMBRE,OTRO,31,LESIONADO,HOMBRE,VEH_LIVIANO
2026-01-11 18:22:37,-4.020115,-79.220712,Calle Rocafuerte,CON_LESIONADOS,Incendio,Fatiga del conductor,33,LESIONADO,MUJER,OTRO,9,LESIONADO,HOMBRE,CICLISTA,,,,
2026-01-17 12:03:58,-4.036440,-79.203523,Calle 18 de Noviembre,CON_FALLECIDOS,Choque Vehicular,Inobservancia de senales,64,FALLECIDO,HOMBRE,PEATON,33,LESIONADO,NO_REGISTRA,SCOOTER,,,,
2026-01-16 23:42:23,-3.995457,-79.171821,Calle Ramon Borrero,CON_FALLECIDOS,Accidente Laboral,Distraccion (celular/radio),42,FALLECIDO,NO_REGISTRA,MOTOCICLETA,25,FALLECIDO,NO_REGISTRA,VEH_LIVIANO,73,LESIONADO,MUJER,VEH_LIVIANO
2026-01-22 03:31:34,-4.001106,-79.197678,Calle Rocafuerte,CON_LESIONADOS,Colision Multiple,Fatiga del conductor,60,LESIONADO,NO_REGISTRA,MOTOCICLETA,46,LESIONADO,MUJER,CICLISTA,55,LESIONADO,HOMBRE,PEATON
2026-01-20 03:27:58,-4.008551,-79.185434,Ruta 35,CON_LESIONADOS,Colision Multiple,Factores externos,38,LESIONADO,HOMBRE,OTRO,33,LESIONADO,NO_REGISTRA,PEATON,80,LESIONADO,MUJER,VEH_LIVIANO
2026-01-03 14:06:14,-4.023688,-79.210940,Av. Reinaldo Espinosa,CON_FALLECIDOS,Incendio,Imprudencia del conductor,29,FALLECIDO,MUJER,SCOOTER,,,,,,,,
2026-01-08 19:32:01,-3.993394,-79.171894,Av. Metropolitana,SOLO_DANOS,Caida,Exceso de velocidad,,,,,,,,,,,,
2026-01-10 12:42:06,-4.008619,-79.215083,Calle Rocafuerte,CON_FALLECIDOS,Caida,Mal estado de la via,38,FALLECIDO,NO_REGISTRA,MOTOCICLETA,52,FALLECIDO,MUJER,MOTOCICLETA,75,LESIONADO,NO_REGISTRA,VEH_LIVIANO
2026-01-07 14:59:46,-4.016233,-79.173014,Av. 8 de Diciembre,CON_FALLECIDOS,Caida,Distraccion (celular/radio),29,FALLECIDO,HOMBRE,MOTOCICLETA,49,LESIONADO,HOMBRE,PEATON,61,LESIONADO,NO_REGISTRA,MOTOCICLETA
2026-01-20 02:13:21,-3.989682,-79.222828,Av. Rosa Hermosa,CON_LESIONADOS,Accidente Laboral,Mal estado de la via,52,LESIONADO,HOMBRE,OTRO,,,,,,,,
2026-01-07 04:29:15,-3.985384,-79.204651,Calle Azogues,CON_LESIONADOS,Atropellamiento,Factores externos,18,LESIONADO,MUJER,PEATON,,,,,,,,
2026-01-16 03:12:04,-4.003055,-79.207380,Av. Universitaria,SOLO_DANOS,Volcamiento,Falla mecanica,,,,,,,,,,,,
2026-01-16 21:41:36,-3.985009,-79.191469,Ruta 35,CON_LESIONADOS,Volcamiento,Factores externos,6,LESIONADO,NO_REGISTRA,PEATON,24,LESIONADO,MUJER,CICLISTA,,,,
2026-01-12 03:26:50,-4.006060,-79.205395,Av. Gran Colombia,SOLO_DANOS,Atropellamiento,Falla mecanica,,,,,,,,,,,,
2026-01-06 11:05:56,-4.013191,-79.172964,Via Loja - Zamora,CON_FALLECIDOS,Atropellamiento,Fatiga del conductor,82,FALLECIDO,MUJER,OTRO,52,FALLECIDO,NO_REGISTRA,PEATON,55,LESIONADO,HOMBRE,OTRO
2026-01-09 02:51:38,-4.009703,-79.219879,Calle Azogues,CON_LESIONADOS,Incendio,Fatiga del conductor,12,LESIONADO,HOMBRE,SCOOTER,,,,,,,,
2026-01-20 00:23:06,-4.009769,-79.214652,Calle Quito,CON_FALLECIDOS,Caida,Imprudencia del conductor,55,FALLECIDO,MUJER,OTRO,63,LESIONADO,MUJER,OTRO,,,,
2026-01-08 08:14:12,-4.000369,-79.230455,Calle Rocafuerte,CON_FALLECIDOS,Volcamiento,Falla mecanica,83,FALLECIDO,NO_REGISTRA,PEATON,79,LESIONADO,HOMBRE,PEATON,,,,
2026-01-20 08:49:53,-4.036729,-79.180098,Calle 10 de Agosto,CON_LESIONADOS,Incendio,Exceso de velocidad,31,LESIONADO,HOMBRE,MOTOCICLETA,18,LESIONADO,HOMBRE,PEATON,55,LESIONADO,MUJER,VEH_LIVIANO
2026-01-14 21:54:34,-3.985453,-79.183616,Av. Reinaldo Espinosa,CON_FALLECIDOS,Volcamiento,Falla mecanica,80,FALLECIDO,MUJER,VEH_LIVIANO,67,LESIONADO,MUJER,VEH_LIVIANO,,,,
2026-01-12 21:48:13,-4.028801,-79.173563,Av. Reinaldo Espinosa,CON_LESIONADOS,Colision Multiple,Mal estado de la via,77,LESIONADO,HOMBRE,MOTOCICLETA,,,,,,,,
2026-01-04 03:55:47,-4.025560,-79.226404,Calle Saraguro,CON_LESIONADOS,Colision Multiple,Estado de embriaguez,7,LESIONADO,MUJER,VEH_LIVIANO,36,LESIONADO,HOMBRE,OTRO,67,LESIONADO,MUJER,PEATON
2026-01-13 08:13:18,-3.990283,-79.201352,Calle Mercadillo,CON_LESIONADOS,Caida,Imprudencia del conductor,63,LESIONADO,NO_REGISTRA,VEH_LIVIANO,33,LESIONADO,HOMBRE,MOTOCICLETA,,,,
2026-01-13 03:16:01,-3.980122,-79.204885,Av. Reinaldo Espinosa,SOLO_DANOS,Atropellamiento,Fatiga del conductor,,,,,,,,,,,,
2026-01-01 06:41:51,-3.999644,-79.193201,Calle Imbabura,SOLO_DANOS,Atropellamiento,Visibilidad reducida,,,,,,,,,,,,
2026-01-01 02:50:48,-3.979692,-79.220283,Calle Montufar,SOLO_DANOS,Caida,Fatiga del conductor,,,,,,,,,,,,
2026-01-01 09:33:14,-4.005143,-79.229135,Av. Reinaldo Espinosa,CON_FALLECIDOS,Incendio,Via resbaladiza o mojada,36,FALLECIDO,HOMBRE,SCOOTER,,,,,,,,
2026-01-12 17:33:39,-3.986930,-79.225378,Calle Quito,CON_FALLECIDOS,Accidente Laboral,Fatiga del conductor,80,FALLECIDO,MUJER,PEATON,39,LESIONADO,HOMBRE,MOTOCICLETA,,,,
2026-01-22 07:04:47,-3.995946,-79.173323,Calle Mercadillo,CON_FALLECIDOS,Choque Vehicular,Falla mecanica,83,FALLECIDO,HOMBRE,MOTOCICLETA,78,LESIONADO,MUJER,PEATON,75,LESIONADO,NO_REGISTRA,MOTOCICLETA
2026-01-07 12:49:20,-3.988790,-79.185138,Via Loja - Zamora,CON_FALLECIDOS,Colision Multiple,Estado de embriaguez,85,FALLECIDO,MUJER,SCOOTER,66,FALLECIDO,HOMBRE,CICLISTA,,,,
2026-01-16 22:19:16,-3.998275,-79.177159,Calle Saraguro,SOLO_DANOS,Atropellamiento,Falla mecanica,,,,,,,,,,,,
2026-01-13 09:54:11,-4.000620,-79.199252,Av. Reinaldo Espinosa,SOLO_DANOS,Volcamiento,Via resbaladiza o mojada,,,,,,,,,,,,
2026-01-04 22:30:02,-4.012979,-79.209693,Calle Bolivar,SOLO_DANOS,Caida,Via resbaladiza o mojada,,,,,,,,,,,,
2026-01-18 22:28:56,-3.984049,-79.176719,Av. Orillas del Zamora,SOLO_DANOS,Caida,Mal estado de la via,,,,,,,,,,,,
2026-01-12 15:06:09,-4.029243,-79.192625,Calle Montufar,SOLO_DANOS,Volcamiento,Mal estado de la via,,,,,,,,,,,,
2026-01-05 03:30:18,-3.998573,-79.184844,Av. Orillas del Zamora,CON_FALLECIDOS,Atropellamiento,Fatiga del conductor,39,FALLECIDO,HOMBRE,PEATON,58,LESIONADO,HOMBRE,SCOOTER,65,LESIONADO,MUJER,SCOOTER
2026-01-01 21:11:22,-3.982069,-79.198402,Calle Imbabura,CON_FALLECIDOS,Caida,Fatiga del conductor,63,FALLECIDO,MUJER,SCOOTER,53,FALLECIDO,HOMBRE,VEH_LIVIANO,,,,
2026-01-04 09:53:11,-4.031107,-79.226527,Calle Mercadillo,CON_FALLECIDOS,Accidente Laboral,Estado de embriaguez,53,FALLECIDO,HOMBRE,VEH_LIVIANO,22,LESIONADO,MUJER,SCOOTER,5,LESIONADO,MUJER,MOTOCICLETA
2026-01-02 02:58:42,-3.984900,-79.224966,Via Loja - Catamayo,SOLO_DANOS,Incendio,Distraccion (celular/radio),,,,,,,,,,,,
2026-01-03 20:57:10,-3.986230,-79.210033,Av. Metropolitana,SOLO_DANOS,Caida,Via resbaladiza o mojada,,,,,,,,,,,,
2026-01-18 17:04:23,-4.013500,-79.175125,Av. Orillas del Zamora,CON_FALLECIDOS,Choque Vehicular,Via resbaladiza o mojada,64,FALLECIDO,NO_REGISTRA,OTRO,,,,,,,,
2026-01-08 15:28:01,-4.020176,-79.206321,Av. Reinaldo Espinosa,CON_LESIONADOS,Caida,Inobservancia de senales,41,LESIONADO,MUJER,MOTOCICLETA,,,,,,,,
2026-01-22 04:18:07,-4.010514,-79.220732,Av. Metropolitana,CON_LESIONADOS,Caida,Via resbaladiza o mojada,41,LESIONADO,MUJER,SCOOTER,32,LESIONADO,NO_REGISTRA,CICLISTA,,,,
2026-01-06 20:44:08,-4.025358,-79.199983,Calle Miguel Riofrio,SOLO_DANOS,Accidente Laboral,Imprudencia del conductor,,,,,,,,,,,,
2026-01-02 15:28:31,-4.001377,-79.176897,Calle Azogues,CON_FALLECIDOS,Caida,Fatiga del conductor,19,FALLECIDO,HOMBRE,MOTOCICLETA,66,FALLECIDO,NO_REGISTRA,OTRO,11,LESIONADO,NO_REGISTRA,PEATON
2026-01-23 06:06:07,-3.987243,-79.220785,Av. Manuel Agustin Aguirre,CON_LESIONADOS,Choque Vehicular,Mal estado de la via,8,LESIONADO,HOMBRE,OTRO,19,LESIONADO,MUJER,OTRO,74,LESIONADO,HOMBRE,MOTOCICLETA
2026-01-18 14:37:53,-4.001019,-79.216979,Calle Saraguro,CON_LESIONADOS,Colision Multiple,Estado de embriaguez,78,LESIONADO,HOMBRE,SCOOTER,,,,,,,,
2026-01-23 07:58:37,-3.995186,-79.189212,Av. Reinaldo Espinosa,CON_LESIONADOS,Choque Vehicular,Inobservancia de senales,60,LESIONADO,HOMBRE,VEH_LIVIANO,18,LESIONADO,NO_REGISTRA,VEH_LIVIANO,68,LESIONADO,NO_REGISTRA,OTRO
2026-01-18 16:07:14,-3.991195,-79.202510,Av. Manuel Agustin Aguirre,CON_LESIONADOS,Incendio,Inobservancia de senales,79,LESIONADO,NO_REGISTRA,CICLISTA,49,LESIONADO,HOMBRE,OTRO,56,LESIONADO,MUJER,PEATON
2026-01-09 06:55:26,-4.018573,-79.208442,Calle Montufar,SOLO_DANOS,Incendio,Estado de embriaguez,,,,,,,,,,,,
2026-01-19 12:21:50,-4.019310,-79.202570,Calle Imbabura,CON_LESIONADOS,Accidente Laboral,Estado de embriaguez,42,LESIONADO,HOMBRE,SCOOTER,21,LESIONADO,HOMBRE,VEH_LIVIANO,,,,
2026-01-12 12:34:48,-3.989239,-79.177464,Calle Sucre,CON_FALLECIDOS,Atropellamiento,Fatiga del conductor,24,FALLECIDO,MUJER,CICLISTA,,,,,,,,
2026-01-21 05:01:35,-3.995094,-79.180488,Via Loja - Zamora,SOLO_DANOS,Choque Vehicular,Distraccion (celular/radio),,,,,,,,,,,,
2026-01-06 23:55:54,-3.989606,-79.213732,Av. 8 de Diciembre,SOLO_DANOS,Choque Vehicular,Fatiga del conductor,63,LESIONADO,NO_REGISTRA,VEH_LIVIANO,,,,,,,,
2026-01-22 04:59:27,-4.027432,-79.212579,Calle 18 de Noviembre,SOLO_DANOS,Atropellamiento,Imprudencia del conductor,,,,,,,,,,,,
2026-01-21 21:35:39,-4.021500,-79.225477,Calle Rocafuerte,CON_LESIONADOS,Volcamiento,Estado de embriaguez,54,LESIONADO,MUJER,VEH_LIVIANO,31,LESIONADO,MUJER,MOTOCICLETA,,,,
2026-01-03 13:30:29,-4.008416,-79.218903,Calle 10 de Agosto,CON_FALLECIDOS,Accidente Laboral,Distraccion (celular/radio),54,FALLECIDO,HOMBRE,OTRO,71,LESIONADO,NO_REGISTRA,CICLISTA,,,,
2026-01-07 22:46:29,-4.020994,-79.191144,Calle Saraguro,CON_FALLECIDOS,Incendio,Mal estado de la via,21,FALLECIDO,NO_REGISTRA,SCOOTER,84,FALLECIDO,HOMBRE,SCOOTER,,,,
2026-01-18 09:47:43,-4.015321,-79.182405,Calle Imbabura,SOLO_DANOS,Colision Multiple,Imprudencia del conductor,,,,,,,,,,,,
2026-01-07 02:53:34,-3.988986,-79.179378,Calle Azogues,CON_LESIONADOS,Atropellamiento,Inobservancia de senales,25,LESIONADO,MUJER,OTRO,60,LESIONADO,NO_REGISTRA,SCOOTER,,,,
2026-01-06 12:42:25,-4.019920,-79.190365,Av. Gran Colombia,SOLO_DANOS,Colision Multiple,Fatiga del conductor,,,,,,,,,,,,
2026-01-07 15:44:40,-4.030731,-79.201785,Av. Universitaria,SOLO_DANOS,Incendio,Distraccion (celular/radio),,,,,,,,,,,,
2026-01-11 04:02:44,-4.008294,-79.212179,Calle Rocafuerte,SOLO_DANOS,Caida,Inobservancia de senales,,,,,,,,,,,,
2026-01-09 04:22:41,-4.000383,-79.216163,Av. Isidro Ayora,CON_LESIONADOS,Colision Multiple,Via resbaladiza o mojada,40,LESIONADO,MUJER,SCOOTER,28,LESIONADO,HOMBRE,PEATON,,,,
2026-01-11 08:32:21,-4.005940,-79.196530,Calle Sucre,SOLO_DANOS,Choque Vehicular,Imprudencia del conductor,,,,,,,,,,,,
2026-01-18 12:42:13,-4.020728,-79.189837,Via Loja - Catamayo,SOLO_DANOS,Incendio,Imprudencia del conductor,,,,,,,,,,,,
2026-01-05 02:21:54,-3.977419,-79.195635,Calle Rocafuerte,CON_FALLECIDOS,Accidente Laboral,Distraccion (celular/radio),80,FALLECIDO,HOMBRE,OTRO,59,FALLECIDO,NO_REGISTRA,PEATON,69,LESIONADO,NO_REGISTRA,OTRO
2026-01-21 05:11:36,-4.027686,-79.215580,Calle Saraguro,CON_FALLECIDOS,Choque Vehicular,Factores externos,82,FALLECIDO,HOMBRE,VEH_LIVIANO,50,FALLECIDO,HOMBRE,OTRO,5,LESIONADO,NO_REGISTRA,SCOOTER
2026-01-22 01:32:30,-4.015600,-79.183582,Av. Reinaldo Espinosa,SOLO_DANOS,Caida,Estado de embriaguez,,,,,,,,,,,,
2026-01-15 12:55:11,-4.025051,-79.206876,Calle Imbabura,SOLO_DANOS,Choque Vehicular,Inobservancia de senales,,,,,,,,,,,,
2026-01-09 11:27:35,-3.994752,-79.188935,Av. 8 de Diciembre,SOLO_DANOS,Volcamiento,Equipo de seguridad deficiente,,,,,,,,,,,,
2026-01-17 00:14:34,-4.006734,-79.181017,Calle Imbabura,SOLO_DANOS,Incendio,Visibilidad reducida,,,,,,,,,,,,
2026-01-11 07:53:22,-4.034191,-79.223576,Av. Metropolitana,CON_LESIONADOS,Caida,Via resbaladiza o mojada,12,LESIONADO,HOMBRE,VEH_LIVIANO,35,LESIONADO,MUJER,VEH_LIVIANO,,,,
2026-01-03 23:28:54,-3.999186,-79.187189,Calle Azogues,CON_FALLECIDOS,Choque Vehicular,Imprudencia del conductor,72,FALLECIDO,NO_REGISTRA,VEH_LIVIANO,67,FALLECIDO,MUJER,CICLISTA,16,LESIONADO,HOMBRE,SCOOTER
2026-01-09 15:45:21,-3.998228,-79.183420,Calle Mercadillo,SOLO_DANOS,Choque Vehicular,Equipo de seguridad deficiente,,,,,,,,,,,,
2026-01-16 03:07:04,-4.022193,-79.183085,Calle Saraguro,CON_FALLECIDOS,Colision Multiple,Falla mecanica,50,FALLECIDO,NO_REGISTRA,CICLISTA,42,LESIONADO,HOMBRE,VEH_LIVIANO,77,LESIONADO,NO_REGISTRA,MOTOCICLETA
2026-01-13 22:21:26,-4.036137,-79.207190,Av. Metropolitana,CON_LESIONADOS,Caida,Distraccion (celular/radio),75,LESIONADO,NO_REGISTRA,SCOOTER,26,LESIONADO,NO_REGISTRA,CICLISTA,65,LESIONADO,NO_REGISTRA,VEH_LIVIANO
2026-01-19 05:49:52,-3.987952,-79.185326,Calle Quito,CON_LESIONADOS,Atropellamiento,Equipo de seguridad deficiente,67,LESIONADO,NO_REGISTRA,PEATON,49,LESIONADO,NO_REGISTRA,MOTOCICLETA,49,LESIONADO,HOMBRE,CICLISTA