fecha_hora,latitud,longitud,via,grado_severidad,tipo_siniestro,causa_probable,victima1_edad,victima1_condicion,victima1_sexo,victima1_actor_vial,victima2_edad,victima2_condicion,victima2_sexo,victima2_actor_vial,victima3_edad,victima3_condicion,victima3_sexo,victima3_actor_vial
2026-01-17 12:54:48,-4.010604,-79.172650,Av. Metropolitana,SOLO_DANOS,Caida,Distraccion (celular/radio),,,,,,,,,,,,
2026-01-23 05:39:41,-4.011188,-79.197206,Via Loja - Zamora,CON_LESIONADOS,Incendio,Equipo de seguridad deficiente,56,LESIONADO,NO_REGISTRA,CICLISTA,,,,,,,,
2026-01-08 08:13:59,-4.004488,-79.213346,Av. Gran Colombia,CON_LESIONADOS,Choque Vehicular,Fatiga del conductor,44,LESIONADO,MUJER,CICLISTA,55,LESIONADO,HOMBRE,CICLISTA,,,,
2026-01-15 21:29:22,-3.999023,-79.229081,Calle 10 de Agosto,CON_FALLECIDOS,Volcamiento,Via resbaladiza o mojada,24,FALLECIDO,NO_REGISTRA,MOTOCICLETA,37,FALLECIDO,NO_REGISTRA,VEH_LIVIANO,21,LESIONADO,NO_REGISTRA,CICLISTA
2026-01-21 08:08:53,-4.024939,-79.188782,Av. Reinaldo Espinosa,CON_LESIONADOS,Atropellamiento,Equipo de seguridad deficiente,51,LESIONADO,MUJER,OTRO,12,LESIONADO,MUJER,CICLISTA,,,,
2026-01-05 01:24:39,-4.027568,-79.226540,Calle 18 de Noviembre,CON_LESIONADOS,Colision Multiple,Estado de embriaguez,79,LESIONADO,HOMBRE,VEH_LIVIANO,,,,,,,,
2026-01-06 10:19:21,-4.019403,-79.206399,Av. Rosa Hermosa,SOLO_DANOS,Choque Vehicular,Factores externos,,,,,,,,,,,,
2026-01-20 21:42:24,-3.978143,-79.194666,Calle Rocafuerte,CON_FALLECIDOS,Colision Multiple,Equipo de seguridad deficiente,79,FALLECIDO,NO_REGISTRA,OTRO,62,LESIONADO,MUJER,OTRO,40,LESIONADO,NO_REGISTRA,OTRO
2026-01-08 18:35:29,-3.981466,-79.176530,Av. Universitaria,SOLO_DANOS,Colision Multiple,Via resbaladiza o mojada,,,,,,,,,,,,
2026-01-14 17:46:19,-4.028727,-79.225989,Calle 18 de Noviembre,SOLO_DANOS,Volcamiento,Equipo de seguridad deficiente,,,,,,,,,,,,
2026-01-16 03:52:03,-3.984230,-79.175579,Calle Mercadillo,CON_FALLECIDOS,Atropellamiento,Inobservancia de senales,32,FALLECIDO,NO_REGISTRA,VEH_LIVIANO,14,LESIONADO,NO_REGISTRA,OTRO,,,,
2026-01-05 17:09:41,-3.996445,-79.190883,Calle Sucre,SOLO_DANOS,Caida,Equipo de seguridad deficiente,,,,,,,,,,,,
2026-01-17 04:52:54,-3.991057,-79.221572,Av. Reinaldo Espinosa,CON_FALLECIDOS,Incendio,Exceso de velocidad,53,FALLECIDO,MUJER,MOTOCICLETA,36,FALLECIDO,MUJER,CICLISTA,,,,
2026-01-10 06:38:38,-3.993696,-79.226973,Calle 18 de Noviembre,SOLO_DANOS,Atropellamiento,Distraccion (celular/radio),,,,,,,,,,,,
2026-01-16 15:25:20,-4.032379,-79.215967,Av. Manuel Agustin Aguirre,CON_FALLECIDOS,Caida,Via resbaladiza o mojada,25,FALLECIDO,NO_REGISTRA,SCOOTER,,,,,,,,
2026-01-15 13:43:29,-4.030721,-79.188224,Calle Miguel Riofrio,SOLO_DANOS,Incendio,Imprudencia del conductor,,,,,,,,,,,,
2026-01-04 18:04:12,-4.026668,-79.219112,Av. Orillas del Zamora,CON_FALLECIDOS,Accidente Laboral,Inobservancia de senales,73,FALLECIDO,MUJER,SCOOTER,11,LESIONADO,HOMBRE,MOTOCICLETA,27,LESIONADO,NO_REGISTRA,CICLISTA
2026-01-05 18:15:47,-4.033249,-79.206749,Av. Universitaria,SOLO_DANOS,Accidente Laboral,Distraccion (celular/radio),,,,,,,,,,,,
2026-01-08 00:58:34,-3.985079,-79.186518,Via Loja - Zamora,CON_FALLECIDOS,Colision Multiple,Equipo de seguridad deficiente,34,FALLECIDO,MUJER,VEH_LIVIANO,,,,,,,,
2026-01-21 10:08:00,-4.019583,-79.177846,Calle Quito,CON_FALLECIDOS,Caida,Factores externos,68,FALLECIDO,MUJER,CICLISTA,75,FALLECIDO,HOMBRE,PEATON,79,LESIONADO,MUJER,MOTOCICLETA
2026-01-16 08:25:33,-4.026382,-79.200040,Calle Rocafuerte,SOLO_DANOS,Colision Multiple,Via resbaladiza o mojada,,,,,,,,,,,,
2026-01-12 06:08:43,-4.004588,-79.218453,Calle Quito,SOLO_DANOS,Atropellamiento,Equipo de seguridad deficiente,,,,,,,,,,,,
2026-01-12 08:21:55,-4.026663,-79.192637,Calle Miguel Riofrio,CON_FALLECIDOS,Colision Multiple,Estado de embriaguez,84,FALLECIDO,NO_REGISTRA,MOTOCICLETA,77,LESIONADO,MUJER,MOTOCICLETA,,,,
2026-01-04 22:01:04,-4.014029,-79.172635,Av. Gran Colombia,CON_LESIONADOS,Colision Multiple,Exceso de velocidad,14,LESIONADO,HOMBRE,MOTOCICLETA,17,LESIONADO,HOMBRE,SCOOTER,11,LESIONADO,NO_REGISTRA,CICLISTA
2026-01-13 13:13:01,-3.978493,-79.228943,Av. Cuxibamba,CON_FALLECIDOS,Accidente Laboral,Visibilidad reducida,85,FALLECIDO,MUJER,MOTOCICLETA,41,FALLECIDO,HOMBRE,VEH_LIVIANO,69,LESIONADO,MUJER,VEH_LIVIANO
2026-01-09 01:24:50,-4.034176,-79.181702,Av. Orillas del Zamora,CON_FALLECIDOS,Accidente Laboral,Visibilidad reducida,47,FALLECIDO,HOMBRE,SCOOTER,42,FALLECIDO,HOMBRE,MOTOCICLETA,,,,
2026-01-05 03:04:08,-4.019144,-79.197303,Via Loja - Catamayo,CON_FALLECIDOS,Choque Vehicular,Exceso de velocidad,62,FALLECIDO,HOMBRE,OTRO,52,FALLECIDO,HOMBRE,VEH_LIVIANO,12,LESIONADO,NO_REGISTRA,VEH_LIVIANO
2026-01-17 08:40:40,-3.978024,-79.177527,Av. Gran Colombia,CON_FALLECIDOS,Incendio,Mal estado de la via,35,FALLECIDO,NO_REGISTRA,MOTOCICLETA,64,FALLECIDO,HOMBRE,VEH_LIVIANO,17,LESIONADO,MUJER,SCOOTER
2026-01-19 09:16:03,-4.028941,-79.185838,Av. Manuel Agustin Aguirre,SOLO_DANOS,Colision Multiple,Distraccion (celular/radio),,,,,,,,,,,,
2026-01-01 22:16:03,-4.002485,-79.213225,Av. Pio Jaramillo,CON_FALLECIDOS,Incendio,Via resbaladiza o mojada,55,FALLECIDO,MUJER,OTRO,80,FALLECIDO,HOMBRE,MOTOCICLETA,,,,
2026-01-20 13:00:02,-4.024654,-79.223059,Via Loja - Zamora,SOLO_DANOS,Caida,Falla mecanica,,,,,,,,,,,,
2026-01-13 17:26:33,-4.033101,-79.185353,Calle Sucre,CON_LESIONADOS,Caida,Imprudencia del conductor,54,LESIONADO,NO_REGISTRA,VEH_LIVIANO,21,LESIONADO,MUJER,CICLISTA,78,LESIONADO,MUJER,OTRO
2026-01-06 14:39:12,-4.001622,-79.200696,Av. Metropolitana,SOLO_DANOS,Accidente Laboral,Exceso de velocidad,,,,,,,,,,,,
2026-01-15 17:13:23,-4.032834,-79.210702,Calle Azogues,CON_FALLECIDOS,Choque Vehicular,Fatiga del conductor,22,FALLECIDO,NO_REGISTRA,OTRO,59,FALLECIDO,NO_REGISTRA,SCOOTER,64,LESIONADO,MUJER,OTRO
2026-01-20 18:06:00,-4.020537,-79.179640,Calle Mercadillo,SOLO_DANOS,Incendio,Mal estado de la via,,,,,,,,,,,,
2026-01-07 09:05:23,-3.993370,-79.195630,Calle Quito,SOLO_DANOS,Caida,Inobservancia de senales,,,,,,,,,,,,
2026-01-13 18:05:56,-4.018489,-79.193589,Av. Isidro Ayora,SOLO_DANOS,Volcamiento,Distraccion (celular/radio),,,,,,,,,,,,
2026-01-23 11:08:15,-4.000966,-79.182540,Av. Cuxibamba,CON_LESIONADOS,Volcamiento,Fatiga del conductor,48,LESIONADO,NO_REGISTRA,SCOOTER,8,LESIONADO,NO_REGISTRA,VEH_LIVIANO,,,,
2026-01-03 23:35:51,-3.979786,-79.187343,Calle Azogues,CON_LESIONADOS,Incendio,Distraccion (celular/radio),50,LESIONADO,NO_REGISTRA,PEATON,58,LESIONADO,NO_REGISTRA,MOTOCICLETA,,,,
2026-01-16 01:40:42,-4.000768,-79.213774,Av. Pio Jaramillo,CON_LESIONADOS,Volcamiento,Via resbaladiza o mojada,40,LESIONADO,NO_REGISTRA,MOTOCICLETA,50,LESIONADO,MUJER,VEH_LIVIANO,59,LESIONADO,NO_REGISTRA,CICLISTA
2026-01-10 08:03:16,-4.025787,-79.190721,Calle Bolivar,CON_LESIONADOS,Accidente Laboral,Inobservancia de senales,57,LESIONADO,NO_REGISTRA,OTRO,25,LESIONADO,NO_REGISTRA,VEH_LIVIANO,69,LESIONADO,MUJER,OTRO
2026-01-04 21:44:47,-3.981981,-79.209880,Calle Mercadillo,CON_FALLECIDOS,Choque Vehicular,Equipo de seguridad deficiente,33,FALLECIDO,HOMBRE,PEATON,25,LESIONADO,MUJER,OTRO,,,,
2026-01-20 10:53:32,-4.008362,-79.182439,Av. Cuxibamba,CON_FALLECIDOS,Caida,Falla mecanica,41,FALLECIDO,NO_REGISTRA,SCOOTER,22,LESIONADO,HOMBRE,CICLISTA,33,LESIONADO,NO_REGISTRA,SCOOTER
2026-01-01 22:21:26,-3.995963,-79.216117,Calle 18 de Noviembre,CON_FALLECIDOS,Atropellamiento,Factores externos,78,FALLECIDO,NO_REGISTRA,VEH_LIVIANO,44,FALLECIDO,MUJER,CICLISTA,,,,
2026-01-22 00:29:58,-4.012746,-79.223724,Calle 10 de Agosto,CON_LESIONADOS,Colision Multiple,Exceso de velocidad,13,LESIONADO,NO_REGISTRA,OTRO,,,,,,,,
2026-01-01 07:16:32,-4.000095,-79.214669,Calle Sucre,CON_FALLECIDOS,Caida,Fatiga del conductor,20,FALLECIDO,HOMBRE,MOTOCICLETA,33,FALLECIDO,NO_REGISTRA,CICLISTA,51,LESIONADO,MUJER,CICLISTA
2026-01-13 13:54:13,-3.995243,-79.183782,Calle Sucre,CON_FALLECIDOS,Caida,Imprudencia del conductor,80,FALLECIDO,HOMBRE,OTRO,,,,,,,,
2026-01-23 06:17:41,-3.982068,-79.171416,Ruta 35,CON_LESIONADOS,Choque Vehicular,Via resbaladiza o mojada,69,LESIONADO,NO_REGISTRA,SCOOTER,43,LESIONADO,NO_REGISTRA,MOTOCICLETA,,,,
2026-01-15 07:54:12,-4.019875,-79.229866,Av. Manuel Agustin Aguirre,CON_LESIONADOS,Volcamiento,Mal estado de la via,63,LESIONADO,NO_REGISTRA,SCOOTER,71,LESIONADO,HOMBRE,SCOOTER,,,,
2026-01-02 22:41:45,-4.003115,-79.226339,Av. Orillas del Zamora,CON_FALLECIDOS,Incendio,Inobservancia de senales,37,FALLECIDO,MUJER,VEH_LIVIANO,41,FALLECIDO,NO_REGISTRA,MOTOCICLETA,,,,
2026-01-08 19:17:44,-4.000628,-79.201495,Calle Azogues,CON_LESIONADOS,Choque Vehicular,Via resbaladiza o mojada,43,LESIONADO,HOMBRE,CICLISTA,10,LESIONADO,HOMBRE,CICLISTA,,,,
2026-01-08 21:43:49,-4.018888,-79.224027,Calle Quito,CON_FALLECIDOS,Caida,Fatiga del conductor,81,FALLECIDO,MUJER,CICLISTA,46,LESIONADO,MUJER,OTRO,,,,
2026-01-18 23:08:11,-3.986692,-79.225028,Calle Mercadillo,SOLO_DANOS,Volcamiento,Mal estado de la via,,,,,,,,,,,,
2026-01-06 06:35:12,-3.999027,-79.190564,Calle Imbabura,CON_FALLECIDOS,Volcamiento,Imprudencia del conductor,62,FALLECIDO,HOMBRE,MOTOCICLETA,,,,,,,,
2026-01-02 11:40:17,-3.980324,-79.217644,Calle 10 de Agosto,CON_FALLECIDOS,Atropellamiento,Falla mecanica,19,FALLECIDO,NO_REGISTRA,MOTOCICLETA,58,FALLECIDO,NO_REGISTRA,CICLISTA,38,LESIONADO,HOMBRE,PEATON
2026-01-12 08:24:34,-3.985507,-79.182615,Calle Miguel Riofrio,SOLO_DANOS,Atropellamiento,Falla mecanica,,,,,,,,,,,,
2026-01-07 06:09:30,-4.019474,-79.208487,Av. 8 de Diciembre,SOLO_DANOS,Choque Vehicular,Via resbaladiza o mojada,,,,,,,,,,,,
2026-01-08 00:31:13,-3.993538,-79.223266,Calle Imbabura,SOLO_DANOS,Atropellamiento,Via resbaladiza o mojada,,,,,,,,,,,,
2026-01-03 20:20:31,-4.014036,-79.185678,Av. Metropolitana,CON_LESIONADOS,Colision Multiple,Via resbaladiza o mojada,61,LESIONADO,HOMBRE,MOTOCICLETA,,,,,,,,
2026-01-17 16:37:44,-4.036819,-79.193381,Calle Montufar,SOLO_DANOS,Volcamiento,Inobservancia de senales,,,,,,,,,,,,
2026-01-16 06:36:05,-3.992518,-79.185059,Calle Miguel Riofrio,CON_LESIONADOS,Volcamiento,Imprudencia del conductor,31,LESIONADO,NO_REGISTRA,PEATON,47,LESIONADO,NO_REGISTRA,OTRO,,,,
2026-01-03 10:56:55,-3.990731,-79.171969,Av. Pio Jaramillo,SOLO_DANOS,Accidente Laboral,Factores externos,,,,,,,,,,,,
2026-01-17 06:51:34,-3.985083,-79.193807,Calle 18 de Noviembre,CON_LESIONADOS,Colision Multiple,Mal estado de la via,14,LESIONADO,MUJER,VEH_LIVIANO,,,,,,,,
2026-01-02 21:34:19,-4.005532,-79.219257,Calle Imbabura,SOLO_DANOS,Caida,Fatiga del conductor,,,,,,,,,,,,
2026-01-21 10:10:40,-3.985701,-79.211505,Calle Ramon Borrero,SOLO_DANOS,Accidente Laboral,Via resbaladiza o mojada,,,,,,,,,,,,
2026-01-22 18:43:27,-4.013386,-79.185892,Calle Sucre,CON_LESIONADOS,Incendio,Imprudencia del conductor,8,LESIONADO,NO_REGISTRA,VEH_LIVIANO,25,LESIONADO,NO_REGISTRA,SCOOTER,47,LESIONADO,MUJER,VEH_LIVIANO
2026-01-22 00:09:58,-3.998361,-79.226285,Via Loja - Zamora,CON_FALLECIDOS,Atropellamiento,Equipo de seguridad deficiente,20,FALLECIDO,NO_REGISTRA,CICLISTA,65,FALLECIDO,HOMBRE,SCOOTER,,,,
2026-01-17 23:27:03,-3.979588,-79.202780,Calle Colon,SOLO_DANOS,Colision Multiple,Factores externos,,,,,,,,,,,,
2026-01-19 05:42:17,-4.011706,-79.194341,Av. Orillas del Zamora,CON_FALLECIDOS,Accidente Laboral,Visibilidad reducida,18,FALLECIDO,HOMBRE,CICLISTA,28,FALLECIDO,MUJER,CICLISTA,,,,
2026-01-19 10:31:51,-3.991743,-79.224601,Calle 18 de Noviembre,CON_LESIONADOS,Atropellamiento,Exceso de velocidad,39,LESIONADO,NO_REGISTRA,MOTOCICLETA,27,LESIONADO,NO_REGISTRA,VEH_LIVIANO,28,LESIONADO,HOMBRE,MOTOCICLETA
2026-01-08 09:27:37,-3.981299,-79.181828,Calle Quito,SOLO_DANOS,Caida,Equipo de seguridad deficiente,,,,,,,,,,,,
2026-01-04 22:47:53,-4.014107,-79.191623,Via Loja - Zamora,CON_FALLECIDOS,Caida,Imprudencia del conductor,60,FALLECIDO,MUJER,VEH_LIVIANO,,,,,,,,
2026-01-04 03:35:13,-4.010741,-79.175555,Via Loja - Catamayo,CON_FALLECIDOS,Accidente Laboral,Factores externos,50,FALLECIDO,MUJER,CICLISTA,76,FALLECIDO,MUJER,PEATON,59,LESIONADO,MUJER,CICLISTA
2026-01-12 11:50:43,-3.994989,-79.189447,Av. Isidro Ayora,CON_LESIONADOS,Choque Vehicular,Mal estado de la via,69,LESIONADO,HOMBRE,CICLISTA,12,LESIONADO,MUJER,SCOOTER,,,,
2026-01-22 05:38:42,-3.995719,-79.173374,Av. Manuel Agustin Aguirre,SOLO_DANOS,Accidente Laboral,Distraccion (celular/radio),,,,,,,,,,,,
2026-01-14 04:13:51,-4.025573,-79.217715,Calle Montufar,CON_FALLECIDOS,Atropellamiento,Factores externos,29,FALLECIDO,MUJER,CICLISTA,16,LESIONADO,NO_REGISTRA,SCOOTER,13,LESIONADO,NO_REGISTRA,PEATON
2026-01-02 09:46:20,-4.002579,-79.204221,Calle Quito,CON_FALLECIDOS,Incendio,Equipo de seguridad deficiente,85,FALLECIDO,HOMBRE,VEH_LIVIANO,,,,,,,,
2026-01-11 18:18:14,-4.014690,-79.172049,Calle Colon,CON_LESIONADOS,Choque Vehicular,Mal estado de la via,34,LESIONADO,MUJER,MOTOCICLETA,,,,,,,,
2026-01-14 06:11:24,-4.014282,-79.195933,Av. Isidro Ayora,CON_LESIONADOS,Volcamiento,Falla mecanica,77,LESIONADO,HOMBRE,PEATON,59,LESIONADO,MUJER,CICLISTA,,,,
2026-01-11 11:26:01,-3.993033,-79.203662,Calle Azogues,SOLO_DANOS,Colision Multiple,Estado de embriaguez,,,,,,,,,,,,
2026-01-16 14:08:42,-3.992028,-79.180408,Av. Universitaria,CON_LESIONADOS,Colision Multiple,Mal estado de la via,31,LESIONADO,MUJER,MOTOCICLETA,66,LESIONADO,MUJER,PEATON,16,LESIONADO,NO_REGISTRA,MOTOCICLETA
2026-01-14 23:10:51,-3.983836,-79.184942,Calle Miguel Riofrio,CON_LESIONADOS,Atropellamiento,Fatiga del conductor,38,LESIONADO,HOMBRE,OTRO,53,LESIONADO,MUJER,MOTOCICLETA,23,LESIONADO,NO_REGISTRA,CICLISTA
2026-01-17 11:47:05,-4.023027,-79.230385,Calle Bolivar,CON_FALLECIDOS,Accidente Laboral,Equipo de seguridad deficiente,60,FALLECIDO,NO_REGISTRA,PEATON,48,FALLECIDO,NO_REGISTRA,OTRO,47,LESIONADO,HOMBRE,CICLISTA
2026-01-22 14:03:30,-3.984026,-79.203107,Av. Isidro Ayora,CON_FALLECIDOS,Volcamiento,Exceso de velocidad,48,FALLECIDO,HOMBRE,MOTOCICLETA,15,LESIONADO,NO_REGISTRA,CICLISTA,37,LESIONADO,NO_REGISTRA,OTRO
2026-01-04 10:53:13,-4.013625,-79.226799,Av. Manuel Agustin Aguirre,SOLO_DANOS,Atropellamiento,Mal estado de la via,,,,,,,,,,,,
2026-01-18 11:53:59,-4.010614,-79.202768,Av. Reinaldo Espinosa,CON_LESIONADOS,Choque Vehicular,Distraccion (celular/radio),65,LESIONADO,HOMBRE,SCOOTER,60,LESIONADO,MUJER,OTRO,,,,
2026-01-06 13:41:58,-3.980332,-79.196118,Calle Montufar,SOLO_DANOS,Incendio,Equipo de seguridad deficiente,,,,,,,,,,,,
2026-01-13 15:05:30,-4.023540,-79.228037,Calle Bolivar,SOLO_DANOS,Accidente Laboral,Equipo de seguridad deficiente,,,,,,,,,,,,
2026-01-17 18:33:31,-3.982768,-79.179621,Av. 8 de Diciembre,CON_FALLECIDOS,Choque Vehicular,Fatiga del conductor,24,FALLECIDO,NO_REGISTRA,CICLISTA,29,LESIONADO,NO_REGISTRA,CICLISTA,,,,
2026-01-11 20:50:06,-4.017761,-79.173293,Av. Isidro Ayora,SOLO_DANOS,Choque Vehicular,Falla mecanica,,,,,,,,,,,,
2026-01-09 21:21:47,-4.022710,-79.216152,Av. Universitaria,CON_LESIONADOS,Incendio,Mal estado de la via,11,LESIONADO,NO_REGISTRA,PEATON,,,,,,,,
2026-01-05 04:39:32,-4.009996,-79.203097,Calle Ramon Borrero,SOLO_DANOS,Choque Vehicular,Inobservancia de senales,,,,,,,,,,,,
2026-01-21 04:17:06,-4.033686,-79.222190,Av. Isidro Ayora,CON_LESIONADOS,Volcamiento,Factores externos,29,LESIONADO,MUJER,VEH_LIVIANO,57,LESIONADO,NO_REGISTRA,PEATON,39,LESIONADO,HOMBRE,MOTOCICLETA
2026-01-21 14:18:31,-4.028758,-79.179324,Via Loja - Zamora,CON_LESIONADOS,Volcamiento,Estado de embriaguez,46,LESIONADO,NO_REGISTRA,OTRO,,,,,,,,
2026-01-08 05:53:58,-3.984955,-79.220055,Calle 10 de Agosto,CON_LESIONADOS,Incendio,Visibilidad reducida,16,LESIONADO,HOMBRE,VEH_LIVIANO,,,,,,,,
2026-01-08 00:05:51,-4.014312,-79.193045,Av. Metropolitana,CON_LESIONADOS,Colision Multiple,Mal estado de la via,7,LESIONADO,HOMBRE,OTRO,,,,,,,,
2026-01-11 20:49:28,-4.010612,-79.176320,Calle Rocafuerte,CON_FALLECIDOS,Incendio,Imprudencia del conductor,23,FALLECIDO,NO_REGISTRA,MOTOCICLETA,42,FALLECIDO,NO_REGISTRA,CICLISTA,71,LESIONADO,MUJER,PEATON
2026-01-12 01:03:25,-4.000664,-79.199349,Av. Rosa Hermosa,CON_FALLECIDOS,Accidente Laboral,Fatiga del conductor,25,FALLECIDO,HOMBRE,MOTOCICLETA,48,FALLECIDO,HOMBRE,PEATON,37,LESIONADO,MUJER,PEATON
2026-01-22 04:58:34,-3.978950,-79.178377,Calle Colon,CON_FALLECIDOS,Incendio,Equipo de seguridad deficiente,19,FALLECIDO,HOMBRE,MOTOCICLETA,45,LESIONADO,NO_REGISTRA,VEH_LIVIANO,,,,
2026-01-19 19:34:08,-4.008165,-79.184651,Av. Manuel Agustin Aguirre,SOLO_DANOS,Volcamiento,Visibilidad reducida,,,,,,,,,,,,
2026-01-01 03:53:00,-3.991254,-79.222416,Av. Cuxibamba,CON_LESIONADOS,Incendio,Falla mecanica,40,LESIONADO,NO_REGISTRA,MOTOCICLETA,,,,,,,,
2026-01-11 09:56:01,-4.028946,-79.213576,Av. Metropolitana,SOLO_DANOS,Colision Multiple,Imprudencia del conductor,35,LESIONADO,HOMBRE,MOTOCICLETA,,,,,,,,
2026-01-15 11:14:37,-4.028350,-79.171166,Av. Metropolitana,SOLO_DANOS,Accidente Laboral,Factores externos,,,,,,,,,,,,
2026-01-17 21:38:30,-3.997245,-79.196368,Calle 18 de Noviembre,CON_LESIONADOS,Accidente Laboral,Inobservancia de senales,33,LESIONADO,NO_REGISTRA,OTRO,,,,,,,,
2026-01-04 23:56:59,-4.012476,-79.171625,Calle Ramon Borrero,CON_LESIONADOS,Accidente Laboral,Imprudencia del conductor,29,LESIONADO,HOMBRE,CICLISTA,30,LESIONADO,HOMBRE,CICLISTA,13,LESIONADO,NO_REGISTRA,OTRO
2026-01-05 17:05:29,-3.988668,-79.229501,Calle Sucre,CON_LESIONADOS,Volcamiento,Inobservancia de senales,57,LESIONADO,NO_REGISTRA,CICLISTA,,,,,,,,
2026-01-14 00:39:53,-3.993754,-79.182229,Via Loja - Catamayo,CON_FALLECIDOS,Choque Vehicular,Mal estado de la via,49,FALLECIDO,NO_REGISTRA,SCOOTER,58,FALLECIDO,MUJER,VEH_LIVIANO,,,,
2026-01-05 21:53:31,-3.995749,-79.184286,Calle Mercadillo,SOLO_DANOS,Caida,Factores externos,,,,,,,,,,,,
2026-01-16 22:05:00,-4.011288,-79.225567,Via Loja - Catamayo,CON_LESIONADOS,Volcamiento,Inobservancia de senales,15,LESIONADO,NO_REGISTRA,PEATON,46,LESIONADO,HOMBRE,PEATON,60,LESIONADO,NO_REGISTRA,OTRO
2026-01-02 01:17:22,-4.021613,-79.229016,Av. Cuxibamba,CON_FALLECIDOS,Atropellamiento,Visibilidad reducida,26,FALLECIDO,NO_REGISTRA,OTRO,32,LESIONADO,HOMBRE,PEATON,,,,
2026-01-02 17:00:41,-4.022670,-79.182261,Calle Rocafuerte,CON_FALLECIDOS,Choque Vehicular,Factores externos,53,FALLECIDO,MUJER,SCOOTER,76,FALLECIDO,MUJER,VEH_LIVIANO,61,LESIONADO,MUJER,PEATON
2026-01-22 11:43:40,-4.010762,-79.183491,Av. Pio Jaramillo,CON_LESIONADOS,Colision Multiple,Falla mecanica,44,LESIONADO,NO_REGISTRA,PEATON,69,LESIONADO,NO_REGISTRA,MOTOCICLETA,7,LESIONADO,HOMBRE,SCOOTER
2026-01-04 17:04:17,-4.024118,-79.199999,Av. Cuxibamba,SOLO_DANOS,Accidente Laboral,Imprudencia del conductor,,,,,,,,,,,,
2026-01-21 15:00:51,-4.009216,-79.173256,Calle Saraguro,CON_FALLECIDOS,Accidente Laboral,Exceso de velocidad,19,FALLECIDO,HOMBRE,VEH_LIVIANO,22,LESIONADO,HOMBRE,VEH_LIVIANO,,,,
2026-01-19 22:23:30,-4.002583,-79.210826,Ruta 35,CON_FALLECIDOS,Accidente Laboral,Mal estado de la via,60,FALLECIDO,MUJER,PEATON,85,FALLECIDO,HOMBRE,CICLISTA,32,LESIONADO,HOMBRE,SCOOTER
2026-01-03 00:31:34,-4.016799,-79.192433,Calle Quito,SOLO_DANOS,Choque Vehicular,Visibilidad reducida,,,,,,,,,,,,
2026-01-22 11:26:09,-3.991650,-79.214185,Calle Rocafuerte,SOLO_DANOS,Accidente Laboral,Via resbaladiza o mojada,,,,,,,,,,,,
2026-01-01 13:49:59,-4.029789,-79.215338,Calle Bolivar,SOLO_DANOS,Atropellamiento,Factores externos,,,,,,,,,,,,
2026-01-02 16:46:42,-4.027935,-79.183586,Av. Reinaldo Espinosa,CON_FALLECIDOS,Atropellamiento,Via resbaladiza o mojada,30,FALLECIDO,MUJER,CICLISTA,20,LESIONADO,NO_REGISTRA,MOTOCICLETA,78,LESIONADO,HOMBRE,CICLISTA
2026-01-05 21:48:56,-3.983312,-79.208398,Calle Mercadillo,CON_FALLECIDOS,Atropellamiento,Visibilidad reducida,23,FALLECIDO,NO_REGISTRA,SCOOTER,43,FALLECIDO,MUJER,PEATON,22,LESIONADO,NO_REGISTRA,PEATON
2026-01-01 09:35:00,-4.014385,-79.222420,Av. Manuel Agustin Aguirre,SOLO_DANOS,Volcamiento,Fatiga del conductor,,,,,,,,,,,,
2026-01-08 23:18:25,-4.007669,-79.180796,Av. Gran Colombia,CON_LESIONADOS,Choque Vehicular,Falla mecanica,20,LESIONADO,MUJER,OTRO,12,LESIONADO,HOMBRE,PEATON,25,LESIONADO,NO_REGISTRA,SCOOTER
2026-01-17 01:26:48,-3.991997,-79.201406,Calle Bolivar,CON_FALLECIDOS,Choque Vehicular,Factores externos,45,FALLECIDO,NO_REGISTRA,OTRO,61,FALLECIDO,MUJER,MOTOCICLETA,40,LESIONADO,NO_REGISTRA,VEH_LIVIANO
2026-01-05 08:22:16,-4.026985,-79.180766,Av. Cuxibamba,CON_FALLECIDOS,Caida,Distraccion (celular/radio),72,FALLECIDO,NO_REGISTRA,PEATON,49,FALLECIDO,NO_REGISTRA,VEH_LIVIANO,,,,
2026-01-09 18:56:35,-4.009192,-79.229165,Calle Azogues,SOLO_DANOS,Volcamiento,Mal estado de la via,,,,,,,,,,,,
2026-01-13 18:27:47,-3.984873,-79.181179,Av. Cuxibamba,CON_FALLECIDOS,Choque Vehicular,Equipo de seguridad deficiente,36,FALLECIDO,MUJER,OTRO,55,FALLECIDO,MUJER,VEH_LIVIANO,75,LESIONADO,MUJER,CICLISTA
2026-01-22 13:07:54,-3.981651,-79.213892,Av. Cuxibamba,CON_LESIONADOS,Incendio,Equipo de seguridad deficiente,49,LESIONADO,HOMBRE,VEH_LIVIANO,63,LESIONADO,NO_REGISTRA,MOTOCICLETA,51,LESIONADO,NO_REGISTRA,MOTOCICLETA
2026-01-06 02:07:48,-4.009557,-79.218627,Av. Cuxibamba,SOLO_DANOS,Accidente Laboral,Fatiga del conductor,,,,,,,,,,,,