fecha_hora,latitud,longitud,via,grado_severidad,tipo_siniestro,causa_probable,victima1_edad,victima1_condicion,victima1_sexo,victima1_actor_vial,victima2_edad,victima2_condicion,victima2_sexo,victima2_actor_vial,victima3_edad,victima3_condicion,victima3_sexo,victima3_actor_vial
2026-01-11 03:17:27,-4.006130,-79.184785,Av. Isidro Ayora,SOLO_DANOS,Colision Multiple,Estado de embriaguez,,,,,,,,,,,,
2026-01-10 04:17:04,-4.031557,-79.206294,Av. 8 de Diciembre,CON_FALLECIDOS,Volcamiento,Estado de embriaguez,31,FALLECIDO,HOMBRE,MOTOCICLETA,36,LESIONADO,NO_REGISTRA,VEH_LIVIANO,,,,
2026-01-05 14:21:16,-4.026973,-79.207729,Ruta 35,SOLO_DANOS,Volcamiento,Visibilidad reducida,,,,,,,,,,,,
2026-01-17 11:07:58,-4.026745,-79.204927,Av. Reinaldo Espinosa,CON_FALLECIDOS,Incendio,Visibilidad reducida,76,FALLECIDO,HOMBRE,CICLISTA,41,FALLECIDO,HOMBRE,SCOOTER,20,LESIONADO,HOMBRE,VEH_LIVIANO
2026-01-07 07:56:56,-3.993340,-79.213278,Via Loja - Catamayo,CON_LESIONADOS,Volcamiento,Estado de embriaguez,45,LESIONADO,HOMBRE,SCOOTER,46,LESIONADO,HOMBRE,CICLISTA,,,,
2026-01-13 00:06:23,-4.006598,-79.180503,Calle Ramon Borrero,CON_FALLECIDOS,Atropellamiento,Exceso de velocidad,85,FALLECIDO,HOMBRE,OTRO,38,LESIONADO,NO_REGISTRA,CICLISTA,,,,
2026-01-03 13:30:53,-4.033217,-79.191847,Calle Ramon Borrero,CON_LESIONADOS,Volcamiento,Imprudencia del conductor,6,LESIONADO,NO_REGISTRA,OTRO,,,,,,,,
2026-01-15 08:26:34,-3.983670,-79.228091,Av. Isidro Ayora,SOLO_DANOS,Incendio,Distraccion (celular/radio),,,,,,,,,,,,
2026-01-18 05:35:19,-3.995521,-79.224622,Ruta 35,CON_FALLECIDOS,Atropellamiento,Distraccion (celular/radio),48,FALLECIDO,HOMBRE,OTRO,71,FALLECIDO,MUJER,CICLISTA,,,,
2026-01-06 14:51:09,-3.989136,-79.226255,Calle Montufar,SOLO_DANOS,Colision Multiple,Inobservancia de senales,,,,,,,,,,,,
2026-01-01 14:37:01,-4.018840,-79.174326,Av. Isidro Ayora,CON_LESIONADOS,Incendio,Equipo de seguridad deficiente,68,LESIONADO,NO_REGISTRA,PEATON,,,,,,,,
2026-01-19 05:02:12,-3.986715,-79.172913,Av. Universitaria,CON_LESIONADOS,Volcamiento,Distraccion (celular/radio),10,LESIONADO,MUJER,CICLISTA,61,LESIONADO,NO_REGISTRA,CICLISTA,17,LESIONADO,NO_REGISTRA,SCOOTER
2026-01-10 02:48:35,-4.023160,-79.204608,Calle Bolivar,SOLO_DANOS,Choque Vehicular,Estado de embriaguez,,,,,,,,,,,,
2026-01-20 19:23:05,-4.031160,-79.172097,Calle Sucre,CON_FALLECIDOS,Choque Vehicular,Mal estado de la via,43,FALLECIDO,MUJER,MOTOCICLETA,24,LESIONADO,NO_REGISTRA,CICLISTA,52,LESIONADO,NO_REGISTRA,VEH_LIVIANO
2026-01-01 00:33:29,-4.029397,-79.195816,Via Loja - Zamora,SOLO_DANOS,Volcamiento,Equipo de seguridad deficiente,,,,,,,,,,,,
2026-01-22 10:37:00,-3.994098,-79.175455,Via Loja - Zamora,CON_FALLECIDOS,Accidente Laboral,Distraccion (celular/radio),47,FALLECIDO,MUJER,MOTOCICLETA,7,LESIONADO,NO_REGISTRA,MOTOCICLETA,27,LESIONADO,HOMBRE,MOTOCICLETA
2026-01-13 02:56:43,-4.011936,-79.174930,Calle Quito,SOLO_DANOS,Incendio,Exceso de velocidad,,,,,,,,,,,,
2026-01-20 01:29:14,-4.015726,-79.189290,Av. Pio Jaramillo,CON_LESIONADOS,Accidente Laboral,Imprudencia del conductor,29,LESIONADO,NO_REGISTRA,VEH_LIVIANO,30,LESIONADO,NO_REGISTRA,VEH_LIVIANO,71,LESIONADO,HOMBRE,PEATON
2026-01-13 09:02:03,-3.982533,-79.179179,Calle Bolivar,SOLO_DANOS,Caida,Distraccion (celular/radio),,,,,,,,,,,,
2026-01-05 01:17:09,-3.978560,-79.186135,Calle Montufar,SOLO_DANOS,Atropellamiento,Visibilidad reducida,26,LESIONADO,MUJER,CICLISTA,,,,,,,,
2026-01-01 01:21:06,-4.019905,-79.222958,Calle Sucre,CON_FALLECIDOS,Colision Multiple,Fatiga del conductor,81,FALLECIDO,HOMBRE,SCOOTER,30,FALLECIDO,NO_REGISTRA,VEH_LIVIANO,,,,
2026-01-01 13:09:09,-4.011035,-79.211600,Calle Azogues,CON_FALLECIDOS,Accidente Laboral,Inobservancia de senales,22,FALLECIDO,HOMBRE,VEH_LIVIANO,59,FALLECIDO,HOMBRE,MOTOCICLETA,,,,
2026-01-16 16:37:46,-4.002329,-79.200524,Ruta 35,CON_FALLECIDOS,Atropellamiento,Fatiga del conductor,48,FALLECIDO,NO_REGISTRA,CICLISTA,67,FALLECIDO,HOMBRE,CICLISTA,,,,
2026-01-21 13:44:21,-3.987402,-79.196066,Av. Gran Colombia,CON_LESIONADOS,Caida,Via resbaladiza o mojada,62,LESIONADO,MUJER,SCOOTER,30,LESIONADO,NO_REGISTRA,CICLISTA,55,LESIONADO,NO_REGISTRA,PEATON
2026-01-12 02:33:05,-4.014061,-79.209189,Via Loja - Zamora,SOLO_DANOS,Accidente Laboral,Mal estado de la via,,,,,,,,,,,,
2026-01-03 14:30:46,-4.012673,-79.173824,Calle Saraguro,SOLO_DANOS,Colision Multiple,Inobservancia de senales,,,,,,,,,,,,
2026-01-21 21:27:03,-4.000438,-79.181640,Calle 10 de Agosto,CON_FALLECIDOS,Volcamiento,Exceso de velocidad,65,FALLECIDO,MUJER,CICLISTA,51,FALLECIDO,MUJER,CICLISTA,34,LESIONADO,MUJER,SCOOTER
2026-01-03 16:55:53,-4.029702,-79.211694,Calle Azogues,SOLO_DANOS,Caida,Factores externos,,,,,,,,,,,,
2026-01-02 06:00:52,-3.996794,-79.175195,Calle Ramon Borrero,CON_LESIONADOS,Accidente Laboral,Falla mecanica,62,LESIONADO,HOMBRE,CICLISTA,51,LESIONADO,HOMBRE,CICLISTA,,,,
2026-01-22 16:56:44,-4.034726,-79.215147,Calle Mercadillo,SOLO_DANOS,Incendio,Fatiga del conductor,,,,,,,,,,,,
2026-01-11 13:27:57,-3.997427,-79.181058,Calle Montufar,CON_LESIONADOS,Caida,Mal estado de la via,10,LESIONADO,HOMBRE,OTRO,74,LESIONADO,HOMBRE,PEATON,,,,
2026-01-13 09:43:00,-4.011028,-79.215826,Calle Sucre,SOLO_DANOS,Volcamiento,Via resbaladiza o mojada,,,,,,,,,,,,
2026-01-14 23:35:28,-4.017843,-79.222467,Calle Mercadillo,CON_FALLECIDOS,Accidente Laboral,Mal estado de la via,34,FALLECIDO,NO_REGISTRA,OTRO,32,LESIONADO,HOMBRE,OTRO,57,LESIONADO,MUJER,SCOOTER
2026-01-15 05:16:38,-3.994029,-79.228959,Calle Ramon Borrero,CON_LESIONADOS,Incendio,Via resbaladiza o mojada,67,LESIONADO,HOMBRE,VEH_LIVIANO,57,LESIONADO,NO_REGISTRA,PEATON,45,LESIONADO,NO_REGISTRA,CICLISTA
2026-01-22 12:28:22,-4.034352,-79.190995,Av. Gran Colombia,SOLO_DANOS,Colision Multiple,Falla mecanica,,,,,,,,,,,,
2026-01-20 01:37:06,-4.001572,-79.205278,Av. Gran Colombia,SOLO_DANOS,Colision Multiple,Imprudencia del conductor,,,,,,,,,,,,
2026-01-11 05:44:28,-3.987461,-79.208327,Calle 10 de Agosto,CON_LESIONADOS,Volcamiento,Via resbaladiza o mojada,7,LESIONADO,MUJER,CICLISTA,,,,,,,,
2026-01-14 20:12:38,-3.992111,-79.203750,Av. Cuxibamba,CON_LESIONADOS,Accidente Laboral,Inobservancia de senales,12,LESIONADO,NO_REGISTRA,MOTOCICLETA,,,,,,,,
2026-01-21 20:31:14,-3.988433,-79.186705,Av. 8 de Diciembre,CON_LESIONADOS,Caida,Equipo de seguridad deficiente,10,LESIONADO,NO_REGISTRA,PEATON,51,LESIONADO,HOMBRE,PEATON,50,LESIONADO,HOMBRE,MOTOCICLETA
2026-01-01 02:21:55,-4.033131,-79.183772,Av. Gran Colombia,SOLO_DANOS,Colision Multiple,Imprudencia del conductor,,,,,,,,,,,,
2026-01-06 16:29:45,-3.996387,-79.183050,Calle Saraguro,CON_LESIONADOS,Choque Vehicular,Falla mecanica,39,LESIONADO,MUJER,PEATON,24,LESIONADO,MUJER,MOTOCICLETA,,,,
2026-01-22 13:56:09,-3.981510,-79.211070,Av. Cuxibamba,CON_FALLECIDOS,Colision Multiple,Via resbaladiza o mojada,40,FALLECIDO,NO_REGISTRA,CICLISTA,27,FALLECIDO,NO_REGISTRA,MOTOCICLETA,,,,
2026-01-23 11:17:38,-3.987279,-79.216378,Calle 18 de Noviembre,CON_LESIONADOS,Caida,Inobservancia de senales,18,LESIONADO,NO_REGISTRA,OTRO,72,LESIONADO,NO_REGISTRA,CICLISTA,65,LESIONADO,HOMBRE,PEATON
2026-01-04 10:18:27,-4.011161,-79.222994,Av. Cuxibamba,CON_LESIONADOS,Incendio,Falla mecanica,44,LESIONADO,NO_REGISTRA,MOTOCICLETA,18,LESIONADO,NO_REGISTRA,CICLISTA,67,LESIONADO,HOMBRE,PEATON
2026-01-04 03:25:38,-4.032877,-79.197157,Av. 8 de Diciembre,CON_LESIONADOS,Accidente Laboral,Imprudencia del conductor,57,LESIONADO,HOMBRE,SCOOTER,,,,,,,,
2026-01-15 00:40:45,-4.007249,-79.217870,Calle Montufar,CON_FALLECIDOS,Choque Vehicular,Via resbaladiza o mojada,24,FALLECIDO,NO_REGISTRA,PEATON,51,FALLECIDO,MUJER,SCOOTER,,,,
2026-01-16 17:34:26,-3.994577,-79.226361,Calle Mercadillo,SOLO_DANOS,Atropellamiento,Imprudencia del conductor,11,LESIONADO,HOMBRE,VEH_LIVIANO,,,,,,,,
2026-01-01 02:25:39,-4.003908,-79.216241,Calle Ramon Borrero,CON_FALLECIDOS,Volcamiento,Distraccion (celular/radio),72,FALLECIDO,MUJER,OTRO,35,FALLECIDO,NO_REGISTRA,CICLISTA,32,LESIONADO,NO_REGISTRA,SCOOTER
2026-01-07 17:32:05,-4.006392,-79.188575,Calle Mercadillo,CON_LESIONADOS,Atropellamiento,Exceso de velocidad,75,LESIONADO,MUJER,PEATON,71,LESIONADO,MUJER,MOTOCICLETA,26,LESIONADO,MUJER,PEATON
2026-01-07 08:15:31,-3.989695,-79.209721,Av. Orillas del Zamora,CON_FALLECIDOS,Incendio,Estado de embriaguez,30,FALLECIDO,MUJER,SCOOTER,26,FALLECIDO,MUJER,OTRO,28,LESIONADO,MUJER,MOTOCICLETA
2026-01-09 21:53:59,-3.987583,-79.220425,Av. 8 de Diciembre,CON_FALLECIDOS,Accidente Laboral,Exceso de velocidad,59,FALLECIDO,NO_REGISTRA,SCOOTER,43,LESIONADO,MUJER,MOTOCICLETA,68,LESIONADO,HOMBRE,PEATON
2026-01-01 22:11:08,-4.000418,-79.204284,Calle 10 de Agosto,CON_LESIONADOS,Accidente Laboral,Via resbaladiza o mojada,60,LESIONADO,MUJER,SCOOTER,39,LESIONADO,MUJER,CICLISTA,27,LESIONADO,NO_REGISTRA,PEATON
2026-01-17 17:12:10,-4.000706,-79.193279,Calle Azogues,CON_LESIONADOS,Caida,Estado de embriaguez,9,LESIONADO,NO_REGISTRA,MOTOCICLETA,57,LESIONADO,NO_REGISTRA,SCOOTER,,,,
2026-01-01 21:28:23,-4.004862,-79.200951,Calle 18 de Noviembre,CON_LESIONADOS,Atropellamiento,Equipo de seguridad deficiente,56,LESIONADO,HOMBRE,SCOOTER,79,LESIONADO,HOMBRE,OTRO,11,LESIONADO,HOMBRE,OTRO
2026-01-13 10:30:33,-4.023831,-79.214537,Av. Orillas del Zamora,CON_FALLECIDOS,Volcamiento,Mal estado de la via,30,FALLECIDO,HOMBRE,PEATON,42,FALLECIDO,NO_REGISTRA,MOTOCICLETA,34,LESIONADO,HOMBRE,CICLISTA
2026-01-14 22:47:48,-4.011757,-79.208955,Calle Rocafuerte,SOLO_DANOS,Incendio,Equipo de seguridad deficiente,,,,,,,,,,,,
2026-01-23 10:22:26,-3.986480,-79.208222,Av. Reinaldo Espinosa,CON_LESIONADOS,Atropellamiento,Falla mecanica,19,LESIONADO,MUJER,CICLISTA,50,LESIONADO,MUJER,SCOOTER,55,LESIONADO,MUJER,VEH_LIVIANO
2026-01-22 00:50:42,-4.030044,-79.211204,Calle Montufar,CON_LESIONADOS,Choque Vehicular,Equipo de seguridad deficiente,25,LESIONADO,NO_REGISTRA,OTRO,18,LESIONADO,NO_REGISTRA,CICLISTA,23,LESIONADO,NO_REGISTRA,MOTOCICLETA
2026-01-16 07:33:49,-4.010407,-79.200620,Calle Miguel Riofrio,SOLO_DANOS,Colision Multiple,Distraccion (celular/radio),17,LESIONADO,MUJER,SCOOTER,,,,,,,,
2026-01-23 08:59:40,-4.027983,-79.220518,Calle Sucre,SOLO_DANOS,Caida,Exceso de velocidad,,,,,,,,,,,,
2026-01-13 06:02:22,-4.026030,-79.224901,Av. Gran Colombia,CON_FALLECIDOS,Colision Multiple,Equipo de seguridad deficiente,23,FALLECIDO,MUJER,PEATON,63,FALLECIDO,HOMBRE,OTRO,,,,
2026-01-03 04:38:10,-4.023247,-79.181446,Av. Pio Jaramillo,SOLO_DANOS,Colision Multiple,Exceso de velocidad,,,,,,,,,,,,
2026-01-16 22:05:13,-3.978441,-79.199770,Calle Colon,SOLO_DANOS,Accidente Laboral,Via resbaladiza o mojada,,,,,,,,,,,,
2026-01-12 10:13:23,-3.987208,-79.224000,Av. Cuxibamba,CON_FALLECIDOS,Choque Vehicular,Factores externos,60,FALLECIDO,MUJER,OTRO,66,FALLECIDO,HOMBRE,CICLISTA,,,,
2026-01-06 16:19:51,-4.036249,-79.222179,Av. Universitaria,CON_LESIONADOS,Caida,Imprudencia del conductor,73,LESIONADO,HOMBRE,PEATON,,,,,,,,
2026-01-23 00:01:32,-4.036720,-79.217237,Av. Manuel Agustin Aguirre,CON_FALLECIDOS,Volcamiento,Imprudencia del conductor,35,FALLECIDO,NO_REGISTRA,PEATON,30,LESIONADO,NO_REGISTRA,SCOOTER,41,LESIONADO,MUJER,SCOOTER
2026-01-23 08:04:15,-4.031385,-79.217284,Calle Mercadillo,CON_FALLECIDOS,Atropellamiento,Falla mecanica,80,FALLECIDO,HOMBRE,CICLISTA,44,FALLECIDO,HOMBRE,PEATON,,,,
2026-01-10 10:46:20,-4.032634,-79.185284,Calle Bolivar,CON_LESIONADOS,Atropellamiento,Mal estado de la via,30,LESIONADO,MUJER,CICLISTA,,,,,,,,
2026-01-21 19:31:37,-3.993305,-79.192580,Av. Pio Jaramillo,CON_LESIONADOS,Colision Multiple,Inobservancia de senales,19,LESIONADO,HOMBRE,SCOOTER,70,LESIONADO,HOMBRE,CICLISTA,13,LESIONADO,MUJER,PEATON
2026-01-02 09:48:15,-4.008124,-79.227735,Calle Imbabura,CON_LESIONADOS,Accidente Laboral,Exceso de velocidad,58,LESIONADO,HOMBRE,PEATON,,,,,,,,
2026-01-12 08:44:42,-3.988173,-79.180639,Av. Pio Jaramillo,CON_LESIONADOS,Volcamiento,Inobservancia de senales,12,LESIONADO,NO_REGISTRA,VEH_LIVIANO,,,,,,,,
2026-01-22 03:40:20,-4.023405,-79.187780,Av. Pio Jaramillo,SOLO_DANOS,Choque Vehicular,Falla mecanica,,,,,,,,,,,,
2026-01-17 08:08:04,-3.988705,-79.190003,Calle Miguel Riofrio,CON_LESIONADOS,Colision Multiple,Falla mecanica,46,LESIONADO,MUJER,PEATON,11,LESIONADO,HOMBRE,MOTOCICLETA,,,,
2026-01-08 21:14:17,-4.036311,-79.227409,Calle Colon,CON_LESIONADOS,Volcamiento,Falla mecanica,28,LESIONADO,HOMBRE,CICLISTA,44,LESIONADO,NO_REGISTRA,MOTOCICLETA,33,LESIONADO,HOMBRE,MOTOCICLETA
2026-01-19 00:25:25,-4.033891,-79.186804,Av. Orillas del Zamora,SOLO_DANOS,Colision Multiple,Via resbaladiza o mojada,,,,,,,,,,,,
2026-01-09 22:26:37,-3.979361,-79.201241,Av. Cuxibamba,CON_FALLECIDOS,Atropellamiento,Via resbaladiza o mojada,70,FALLECIDO,MUJER,OTRO,63,FALLECIDO,NO_REGISTRA,VEH_LIVIANO,10,LESIONADO,NO_REGISTRA,CICLISTA
2026-01-20 06:41:59,-4.036832,-79.179603,Calle Imbabura,CON_LESIONADOS,Choque Vehicular,Mal estado de la via,6,LESIONADO,NO_REGISTRA,CICLISTA,,,,,,,,
2026-01-21 01:35:16,-4.001950,-79.213631,Calle Bolivar,CON_LESIONADOS,Colision Multiple,Inobservancia de senales,34,LESIONADO,NO_REGISTRA,PEATON,5,LESIONADO,NO_REGISTRA,OTRO,62,LESIONADO,MUJER,SCOOTER
2026-01-22 05:38:05,-4.027441,-79.185754,Calle Bolivar,SOLO_DANOS,Accidente Laboral,Distraccion (celular/radio),,,,,,,,,,,,
2026-01-07 20:26:39,-3.995099,-79.212385,Via Loja - Catamayo,CON_FALLECIDOS,Caida,Via resbaladiza o mojada,19,FALLECIDO,MUJER,VEH_LIVIANO,46,FALLECIDO,NO_REGISTRA,CICLISTA,22,LESIONADO,NO_REGISTRA,SCOOTER
2026-01-07 03:49:28,-4.026028,-79.180858,Calle Azogues,SOLO_DANOS,Volcamiento,Estado de embriaguez,,,,,,,,,,,,
2026-01-15 17:53:42,-4.033043,-79.191867,Av. Reinaldo Espinosa,CON_LESIONADOS,Atropellamiento,Visibilidad reducida,7,LESIONADO,HOMBRE,PEATON,64,LESIONADO,MUJER,SCOOTER,64,LESIONADO,HOMBRE,MOTOCICLETA
2026-01-02 04:16:50,-4.036957,-79.184410,Av. Pio Jaramillo,CON_LESIONADOS,Accidente Laboral,Imprudencia del conductor,77,LESIONADO,NO_REGISTRA,CICLISTA,73,LESIONADO,NO_REGISTRA,PEATON,52,LESIONADO,NO_REGISTRA,VEH_LIVIANO
2026-01-18 22:54:14,-4.000920,-79.198770,Av. Reinaldo Espinosa,CON_LESIONADOS,Choque Vehicular,Fatiga del conductor,65,LESIONADO,NO_REGISTRA,SCOOTER,,,,,,,,
2026-01-09 20:27:48,-4.035089,-79.221888,Av. Manuel Agustin Aguirre,CON_FALLECIDOS,Colision Multiple,Exceso de velocidad,52,FALLECIDO,HOMBRE,PEATON,69,FALLECIDO,MUJER,OTRO,9,LESIONADO,NO_REGISTRA,OTRO
2026-01-20 21:18:28,-3.985957,-79.220975,Av. Reinaldo Espinosa,CON_LESIONADOS,Choque Vehicular,Fatiga del conductor,22,LESIONADO,MUJER,PEATON,,,,,,,,
2026-01-21 15:23:21,-3.984618,-79.225719,Av. Isidro Ayora,CON_FALLECIDOS,Atropellamiento,Visibilidad reducida,29,FALLECIDO,MUJER,MOTOCICLETA,25,LESIONADO,NO_REGISTRA,CICLISTA,,,,
2026-01-12 07:15:58,-4.023551,-79.221189,Calle Mercadillo,SOLO_DANOS,Incendio,Equipo de seguridad deficiente,,,,,,,,,,,,
2026-01-12 12:33:50,-4.004015,-79.192288,Calle Mercadillo,CON_LESIONADOS,Accidente Laboral,Via resbaladiza o mojada,11,LESIONADO,HOMBRE,PEATON,59,LESIONADO,NO_REGISTRA,PEATON,44,LESIONADO,HOMBRE,OTRO
2026-01-04 14:58:09,-3.987988,-79.212807,Via Loja - Zamora,SOLO_DANOS,Volcamiento,Mal estado de la via,,,,,,,,,,,,
2026-01-22 09:40:27,-3.977634,-79.196177,Calle Imbabura,CON_FALLECIDOS,Caida,Factores externos,44,FALLECIDO,NO_REGISTRA,OTRO,26,FALLECIDO,NO_REGISTRA,OTRO,,,,
2026-01-05 01:16:31,-4.024366,-79.198904,Calle Sucre,SOLO_DANOS,Choque Vehicular,Mal estado de la via,,,,,,,,,,,,
2026-01-01 13:05:16,-4.018905,-79.173944,Av. Universitaria,SOLO_DANOS,Colision Multiple,Visibilidad reducida,,,,,,,,,,,,
2026-01-06 00:24:46,-3.999581,-79.173825,Calle Ramon Borrero,SOLO_DANOS,Colision Multiple,Imprudencia del conductor,,,,,,,,,,,,
2026-01-19 00:06:30,-4.004705,-79.195058,Calle Saraguro,CON_FALLECIDOS,Volcamiento,Exceso de velocidad,84,FALLECIDO,HOMBRE,PEATON,44,LESIONADO,MUJER,MOTOCICLETA,27,LESIONADO,HOMBRE,MOTOCICLETA
2026-01-08 14:36:19,-4.014548,-79.220921,Av. 8 de Diciembre,SOLO_DANOS,Atropellamiento,Falla mecanica,,,,,,,,,,,,
2026-01-16 12:24:25,-4.013788,-79.226463,Av. Gran Colombia,SOLO_DANOS,Incendio,Fatiga del conductor,,,,,,,,,,,,
2026-01-21 07:52:14,-4.034768,-79.206143,Calle Montufar,SOLO_DANOS,Caida,Imprudencia del conductor,,,,,,,,,,,,
2026-01-15 16:38:28,-3.980991,-79.201067,Via Loja - Catamayo,SOLO_DANOS,Caida,Imprudencia del conductor,,,,,,,,,,,,
2026-01-04 22:33:46,-4.009736,-79.183207,Av. Reinaldo Espinosa,SOLO_DANOS,Accidente Laboral,Via resbaladiza o mojada,,,,,,,,,,,,
2026-01-02 20:42:49,-4.025894,-79.185324,Via Loja - Zamora,CON_FALLECIDOS,Volcamiento,Visibilidad reducida,63,FALLECIDO,NO_REGISTRA,OTRO,38,FALLECIDO,MUJER,MOTOCICLETA,52,LESIONADO,HOMBRE,SCOOTER
2026-01-22 19:51:39,-4.007605,-79.192743,Calle Miguel Riofrio,CON_LESIONADOS,Accidente Laboral,Equipo de seguridad deficiente,72,LESIONADO,HOMBRE,OTRO,18,LESIONADO,MUJER,VEH_LIVIANO,35,LESIONADO,MUJER,OTRO
2026-01-18 08:48:01,-4.015968,-79.203903,Av. 8 de Diciembre,SOLO_DANOS,Choque Vehicular,Inobservancia de senales,,,,,,,,,,,,
2026-01-14 23:12:21,-4.007406,-79.214393,Calle Miguel Riofrio,CON_LESIONADOS,Choque Vehicular,Imprudencia del conductor,23,LESIONADO,MUJER,VEH_LIVIANO,,,,,,,,
2026-01-01 05:58:52,-4.014467,-79.190236,Calle Montufar,CON_FALLECIDOS,Accidente Laboral,Imprudencia del conductor,29,FALLECIDO,HOMBRE,MOTOCICLETA,73,FALLECIDO,NO_REGISTRA,CICLISTA,62,LESIONADO,HOMBRE,OTRO
2026-01-06 06:03:18,-4.025902,-79.189120,Av. Metropolitana,CON_LESIONADOS,Caida,Estado de embriaguez,34,LESIONADO,MUJER,MOTOCICLETA,80,LESIONADO,HOMBRE,CICLISTA,,,,
2026-01-08 15:55:04,-4.005468,-79.188997,Av. Metropolitana,SOLO_DANOS,Incendio,Equipo de seguridad deficiente,,,,,,,,,,,,
2026-01-12 05:36:22,-4.028794,-79.177887,Calle Montufar,CON_FALLECIDOS,Atropellamiento,Mal estado de la via,26,FALLECIDO,HOMBRE,OTRO,10,LESIONADO,MUJER,PEATON,64,LESIONADO,NO_REGISTRA,PEATON
2026-01-08 09:00:26,-4.027289,-79.185894,Calle Saraguro,CON_FALLECIDOS,Atropellamiento,Exceso de velocidad,58,FALLECIDO,HOMBRE,MOTOCICLETA,70,FALLECIDO,HOMBRE,VEH_LIVIANO,,,,
2026-01-11 20:22:32,-4.019231,-79.179290,Av. Manuel Agustin Aguirre,CON_LESIONADOS,Colision Multiple,Factores externos,5,LESIONADO,HOMBRE,PEATON,5,LESIONADO,MUJER,CICLISTA,,,,
2026-01-11 08:38:28,-4.034767,-79.210401,Calle Quito,SOLO_DANOS,Incendio,Fatiga del conductor,,,,,,,,,,,,
2026-01-14 13:04:20,-4.029564,-79.226335,Via Loja - Catamayo,CON_LESIONADOS,Choque Vehicular,Estado de embriaguez,62,LESIONADO,NO_REGISTRA,MOTOCICLETA,63,LESIONADO,NO_REGISTRA,OTRO,73,LESIONADO,NO_REGISTRA,CICLISTA
2026-01-02 22:08:33,-3.986619,-79.226944,Calle 18 de Noviembre,SOLO_DANOS,Atropellamiento,Via resbaladiza o mojada,,,,,,,,,,,,
2026-01-16 20:29:55,-4.014589,-79.220450,Av. Isidro Ayora,SOLO_DANOS,Incendio,Estado de embriaguez,,,,,,,,,,,,
2026-01-14 04:54:48,-4.035479,-79.199882,Av. Orillas del Zamora,CON_LESIONADOS,Atropellamiento,Visibilidad reducida,52,LESIONADO,HOMBRE,PEATON,49,LESIONADO,HOMBRE,CICLISTA,,,,
2026-01-22 14:30:18,-4.005385,-79.186063,Calle Bolivar,CON_LESIONADOS,Colision Multiple,Fatiga del conductor,26,LESIONADO,NO_REGISTRA,PEATON,48,LESIONADO,MUJER,MOTOCICLETA,,,,
2026-01-22 13:00:21,-4.027485,-79.175299,Av. Universitaria,SOLO_DANOS,Colision Multiple,Falla mecanica,59,LESIONADO,HOMBRE,CICLISTA,,,,,,,,
2026-01-03 22:27:39,-4.002651,-79.172384,Calle Sucre,SOLO_DANOS,Atropellamiento,Visibilidad reducida,,,,,,,,,,,,
2026-01-11 18:31:46,-3.995306,-79.220021,Calle Miguel Riofrio,CON_FALLECIDOS,Atropellamiento,Falla mecanica,51,FALLECIDO,NO_REGISTRA,PEATON,11,LESIONADO,MUJER,SCOOTER,37,LESIONADO,HOMBRE,OTRO
2026-01-23 03:46:37,-4.025057,-79.184413,Av. Gran Colombia,CON_LESIONADOS,Incendio,Inobservancia de senales,23,LESIONADO,HOMBRE,CICLISTA,,,,,,,,
2026-01-10 05:46:59,-4.025524,-79.185095,Calle Azogues,CON_FALLECIDOS,Caida,Distraccion (celular/radio),22,FALLECIDO,MUJER,MOTOCICLETA,27,FALLECIDO,HOMBRE,SCOOTER,44,LESIONADO,HOMBRE,PEATON
2026-01-17 17:06:14,-3.977984,-79.180235,Calle 18 de Noviembre,CON_LESIONADOS,Accidente Laboral,Visibilidad reducida,74,LESIONADO,MUJER,OTRO,68,LESIONADO,HOMBRE,OTRO,35,LESIONADO,MUJER,PEATON
2026-01-06 08:52:10,-3.983301,-79.227670,Calle Saraguro,SOLO_DANOS,Colision Multiple,Falla mecanica,,,,,,,,,,,,
2026-01-14 19:35:36,-4.003553,-79.207288,Calle Miguel Riofrio,SOLO_DANOS,Incendio,Equipo de seguridad deficiente,,,,,,,,,,,,
2026-01-11 15:41:25,-4.012778,-79.193268,Av. Cuxibamba,CON_FALLECIDOS,Accidente Laboral,Falla mecanica,43,FALLECIDO,MUJER,VEH_LIVIANO,69,FALLECIDO,HOMBRE,VEH_LIVIANO,21,LESIONADO,HOMBRE,VEH_LIVIANO
2026-01-08 01:15:59,-4.011484,-79.183647,Calle Colon,SOLO_DANOS,Atropellamiento,Inobservancia de senales,,,,,,,,,,,,
2026-01-12 02:42:02,-3.996846,-79.206655,Av. Gran Colombia,SOLO_DANOS,Colision Multiple,Imprudencia del conductor,,,,,,,,,,,,
2026-01-11 10:26:48,-3.978881,-79.199254,Calle Sucre,CON_FALLECIDOS,Choque Vehicular,Inobservancia de senales,69,FALLECIDO,MUJER,MOTOCICLETA,,,,,,,,
2026-01-18 04:07:40,-4.036353,-79.229951,Av. 8 de Diciembre,CON_LESIONADOS,Accidente Laboral,Fatiga del conductor,30,LESIONADO,NO_REGISTRA,MOTOCICLETA,55,LESIONADO,NO_REGISTRA,VEH_LIVIANO,60,LESIONADO,MUJER,CICLISTA