fecha_hora,latitud,longitud,via,grado_severidad,tipo_siniestro,causa_probable,victima1_edad,victima1_condicion,victima1_sexo,victima1_actor_vial,victima2_edad,victima2_condicion,victima2_sexo,victima2_actor_vial,victima3_edad,victima3_condicion,victima3_sexo,victima3_actor_vial
2026-01-11 00:05:26,-3.982370,-79.225550,Ruta 35,CON_LESIONADOS,Volcamiento,Equipo de seguridad deficiente,5,LESIONADO,HOMBRE,MOTOCICLETA,43,LESIONADO,NO_REGISTRA,CICLISTA,31,LESIONADO,NO_REGISTRA,MOTOCICLETA
2026-01-02 20:11:29,-3.997572,-79.172450,Calle Sucre,SOLO_DANOS,Atropellamiento,Visibilidad reducida,27,LESIONADO,MUJER,OTRO,,,,,,,,
2026-01-06 22:50:39,-4.012877,-79.174187,Calle Bolivar,CON_FALLECIDOS,Colision Multiple,Falla mecanica,61,FALLECIDO,MUJER,OTRO,,,,,,,,
2026-01-07 17:22:29,-3.982570,-79.190386,Calle Saraguro,CON_LESIONADOS,Incendio,Factores externos,57,LESIONADO,MUJER,OTRO,35,LESIONADO,MUJER,CICLISTA,,,,
2026-01-07 00:21:38,-4.014832,-79.228181,Calle Saraguro,CON_LESIONADOS,Choque Vehicular,Equipo de seguridad deficiente,70,LESIONADO,NO_REGISTRA,MOTOCICLETA,34,LESIONADO,MUJER,PEATON,42,LESIONADO,NO_REGISTRA,VEH_LIVIANO
2026-01-12 19:48:08,-4.010252,-79.181233,Calle Miguel Riofrio,CON_FALLECIDOS,Accidente Laboral,Fatiga del conductor,40,FALLECIDO,HOMBRE,MOTOCICLETA,35,FALLECIDO,HOMBRE,MOTOCICLETA,66,LESIONADO,NO_REGISTRA,VEH_LIVIANO
2026-01-11 03:44:37,-3.978261,-79.211581,Calle Miguel Riofrio,CON_LESIONADOS,Atropellamiento,Estado de embriaguez,58,LESIONADO,HOMBRE,VEH_LIVIANO,64,LESIONADO,MUJER,VEH_LIVIANO,28,LESIONADO,HOMBRE,VEH_LIVIANO
2026-01-01 03:30:31,-4.009208,-79.185094,Calle Saraguro,SOLO_DANOS,Atropellamiento,Mal estado de la via,,,,,,,,,,,,
2026-01-04 04:16:27,-4.031433,-79.211010,Av. Isidro Ayora,CON_FALLECIDOS,Accidente Laboral,Factores externos,21,FALLECIDO,NO_REGISTRA,PEATON,51,LESIONADO,NO_REGISTRA,VEH_LIVIANO,44,LESIONADO,MUJER,PEATON
2026-01-14 01:00:53,-4.000688,-79.204678,Calle Miguel Riofrio,SOLO_DANOS,Incendio,Via resbaladiza o mojada,,,,,,,,,,,,
2026-01-02 02:55:45,-4.025572,-79.188094,Calle Quito,CON_FALLECIDOS,Incendio,Inobservancia de senales,60,FALLECIDO,MUJER,SCOOTER,22,FALLECIDO,HOMBRE,PEATON,30,LESIONADO,NO_REGISTRA,SCOOTER
2026-01-01 11:17:13,-3.986196,-79.207475,Ruta 35,SOLO_DANOS,Colision Multiple,Visibilidad reducida,,,,,,,,,,,,
2026-01-19 21:58:43,-3.981432,-79.176629,Av. Universitaria,SOLO_DANOS,Incendio,Equipo de seguridad deficiente,,,,,,,,,,,,
2026-01-01 22:43:03,-4.036350,-79.207094,Calle Rocafuerte,CON_LESIONADOS,Accidente Laboral,Falla mecanica,17,LESIONADO,MUJER,VEH_LIVIANO,68,LESIONADO,NO_REGISTRA,MOTOCICLETA,63,LESIONADO,NO_REGISTRA,VEH_LIVIANO
2026-01-17 11:53:16,-3.987443,-79.196320,Av. Pio Jaramillo,SOLO_DANOS,Accidente Laboral,Inobservancia de senales,15,LESIONADO,NO_REGISTRA,MOTOCICLETA,,,,,,,,
2026-01-10 23:16:25,-3.980590,-79.177528,Calle Montufar,CON_FALLECIDOS,Volcamiento,Visibilidad reducida,33,FALLECIDO,MUJER,MOTOCICLETA,59,FALLECIDO,NO_REGISTRA,CICLISTA,9,LESIONADO,HOMBRE,CICLISTA
2026-01-21 16:20:38,-4.018870,-79.202699,Calle Mercadillo,CON_FALLECIDOS,Atropellamiento,Imprudencia del conductor,18,FALLECIDO,MUJER,OTRO,73,FALLECIDO,NO_REGISTRA,SCOOTER,74,LESIONADO,MUJER,SCOOTER
2026-01-12 05:18:57,-4.015787,-79.222778,Av. Cuxibamba,SOLO_DANOS,Colision Multiple,Distraccion (celular/radio),,,,,,,,,,,,
2026-01-17 23:05:15,-4.014265,-79.225065,Av. Universitaria,CON_FALLECIDOS,Volcamiento,Imprudencia del conductor,47,FALLECIDO,HOMBRE,CICLISTA,,,,,,,,
2026-01-09 13:54:27,-4.031987,-79.192323,Calle Rocafuerte,CON_LESIONADOS,Volcamiento,Via resbaladiza o mojada,62,LESIONADO,NO_REGISTRA,SCOOTER,,,,,,,,
2026-01-18 14:07:23,-4.009905,-79.180128,Calle Ramon Borrero,SOLO_DANOS,Volcamiento,Distraccion (celular/radio),,,,,,,,,,,,
2026-01-01 20:44:48,-3.999148,-79.214252,Calle 10 de Agosto,CON_LESIONADOS,Caida,Via resbaladiza o mojada,57,LESIONADO,HOMBRE,SCOOTER,,,,,,,,
2026-01-04 07:17:18,-4.023708,-79.197987,Av. Isidro Ayora,CON_FALLECIDOS,Caida,Fatiga del conductor,66,FALLECIDO,HOMBRE,MOTOCICLETA,33,FALLECIDO,NO_REGISTRA,SCOOTER,,,,
2026-01-11 02:06:45,-3.989751,-79.207918,Calle Mercadillo,CON_LESIONADOS,Volcamiento,Fatiga del conductor,44,LESIONADO,NO_REGISTRA,OTRO,70,LESIONADO,MUJER,CICLISTA,,,,
2026-01-06 22:41:25,-4.024339,-79.199829,Ruta 35,CON_FALLECIDOS,Atropellamiento,Mal estado de la via,22,FALLECIDO,HOMBRE,VEH_LIVIANO,71,LESIONADO,MUJER,MOTOCICLETA,,,,
2026-01-01 20:43:35,-4.005534,-79.206904,Calle Imbabura,SOLO_DANOS,Colision Multiple,Imprudencia del conductor,,,,,,,,,,,,
2026-01-04 16:38:11,-3.982296,-79.205719,Av. Gran Colombia,CON_FALLECIDOS,Accidente Laboral,Via resbaladiza o mojada,27,FALLECIDO,HOMBRE,PEATON,27,FALLECIDO,HOMBRE,VEH_LIVIANO,,,,
2026-01-18 11:23:09,-4.017450,-79.206076,Calle Miguel Riofrio,CON_FALLECIDOS,Volcamiento,Factores externos,33,FALLECIDO,NO_REGISTRA,PEATON,42,LESIONADO,HOMBRE,OTRO,,,,
2026-01-20 09:52:28,-4.034776,-79.180018,Av. Manuel Agustin Aguirre,CON_LESIONADOS,Choque Vehicular,Fatiga del conductor,50,LESIONADO,MUJER,PEATON,64,LESIONADO,NO_REGISTRA,VEH_LIVIANO,63,LESIONADO,HOMBRE,CICLISTA
2026-01-03 11:59:40,-4.027642,-79.207390,Ruta 35,SOLO_DANOS,Caida,Visibilidad reducida,,,,,,,,,,,,
2026-01-17 06:16:16,-3.999212,-79.171511,Av. Isidro Ayora,SOLO_DANOS,Volcamiento,Visibilidad reducida,,,,,,,,,,,,
2026-01-06 06:16:02,-4.020915,-79.185169,Av. Isidro Ayora,SOLO_DANOS,Incendio,Equipo de seguridad deficiente,,,,,,,,,,,,
2026-01-10 14:18:41,-4.010761,-79.222213,Calle Rocafuerte,SOLO_DANOS,Colision Multiple,Factores externos,,,,,,,,,,,,
2026-01-10 11:49:38,-4.000984,-79.213485,Calle 18 de Noviembre,CON_LESIONADOS,Atropellamiento,Visibilidad reducida,24,LESIONADO,MUJER,SCOOTER,,,,,,,,
2026-01-11 23:19:24,-4.028624,-79.197613,Av. Manuel Agustin Aguirre,CON_FALLECIDOS,Atropellamiento,Mal estado de la via,19,FALLECIDO,HOMBRE,CICLISTA,,,,,,,,
2026-01-07 07:25:54,-4.003701,-79.212868,Calle Rocafuerte,SOLO_DANOS,Atropellamiento,Via resbaladiza o mojada,,,,,,,,,,,,
2026-01-11 16:07:30,-4.014471,-79.192839,Ruta 35,SOLO_DANOS,Atropellamiento,Via resbaladiza o mojada,,,,,,,,,,,,
2026-01-13 18:34:56,-3.982481,-79.173440,Calle Azogues,CON_FALLECIDOS,Incendio,Falla mecanica,39,FALLECIDO,HOMBRE,SCOOTER,,,,,,,,
2026-01-17 14:10:40,-4.029009,-79.171384,Via Loja - Catamayo,SOLO_DANOS,Caida,Visibilidad reducida,,,,,,,,,,,,
2026-01-08 07:23:01,-4.023746,-79.175731,Av. Cuxibamba,CON_LESIONADOS,Atropellamiento,Equipo de seguridad deficiente,7,LESIONADO,HOMBRE,MOTOCICLETA,72,LESIONADO,HOMBRE,CICLISTA,9,LESIONADO,HOMBRE,OTRO
2026-01-22 13:28:48,-3.990161,-79.174814,Calle 10 de Agosto,SOLO_DANOS,Choque Vehicular,Visibilidad reducida,,,,,,,,,,,,
2026-01-04 05:30:46,-4.013856,-79.230660,Av. Isidro Ayora,CON_FALLECIDOS,Caida,Visibilidad reducida,81,FALLECIDO,MUJER,OTRO,44,LESIONADO,NO_REGISTRA,VEH_LIVIANO,,,,
2026-01-13 06:01:41,-3.982962,-79.185765,Calle Ramon Borrero,CON_LESIONADOS,Colision Multiple,Equipo de seguridad deficiente,56,LESIONADO,MUJER,PEATON,37,LESIONADO,HOMBRE,OTRO,46,LESIONADO,MUJER,PEATON
2026-01-23 07:18:27,-3.998096,-79.172382,Calle Bolivar,CON_FALLECIDOS,Accidente Laboral,Distraccion (celular/radio),55,FALLECIDO,HOMBRE,VEH_LIVIANO,35,FALLECIDO,NO_REGISTRA,SCOOTER,,,,
2026-01-09 11:48:00,-3.985614,-79.209328,Av. Pio Jaramillo,CON_LESIONADOS,Colision Multiple,Visibilidad reducida,7,LESIONADO,NO_REGISTRA,VEH_LIVIANO,,,,,,,,
2026-01-07 22:54:10,-4.034205,-79.180467,Calle Rocafuerte,SOLO_DANOS,Volcamiento,Falla mecanica,,,,,,,,,,,,
2026-01-06 05:05:37,-3.981034,-79.227141,Calle Imbabura,SOLO_DANOS,Caida,Exceso de velocidad,,,,,,,,,,,,
2026-01-15 17:37:51,-3.995275,-79.188137,Av. Rosa Hermosa,CON_LESIONADOS,Colision Multiple,Exceso de velocidad,80,LESIONADO,MUJER,VEH_LIVIANO,71,LESIONADO,HOMBRE,VEH_LIVIANO,30,LESIONADO,MUJER,OTRO
2026-01-23 03:44:42,-4.027585,-79.177644,Calle Saraguro,SOLO_DANOS,Accidente Laboral,Distraccion (celular/radio),,,,,,,,,,,,
2026-01-23 05:12:44,-4.026813,-79.198637,Av. Metropolitana,CON_LESIONADOS,Caida,Inobservancia de senales,71,LESIONADO,NO_REGISTRA,SCOOTER,30,LESIONADO,MUJER,PEATON,,,,
2026-01-04 16:06:36,-3.979094,-79.193181,Av. Orillas del Zamora,CON_FALLECIDOS,Atropellamiento,Via resbaladiza o mojada,85,FALLECIDO,HOMBRE,CICLISTA,8,LESIONADO,MUJER,OTRO,,,,
2026-01-12 06:27:11,-4.035608,-79.214519,Av. Manuel Agustin Aguirre,SOLO_DANOS,Colision Multiple,Imprudencia del conductor,,,,,,,,,,,,
2026-01-15 04:37:59,-4.022159,-79.172818,Av. Isidro Ayora,CON_FALLECIDOS,Choque Vehicular,Estado de embriaguez,50,FALLECIDO,MUJER,CICLISTA,71,FALLECIDO,NO_REGISTRA,MOTOCICLETA,57,LESIONADO,MUJER,OTRO
2026-01-14 20:02:01,-3.996052,-79.207748,Av. 8 de Diciembre,SOLO_DANOS,Atropellamiento,Factores externos,,,,,,,,,,,,
2026-01-14 14:07:52,-4.010561,-79.180128,Calle Quito,SOLO_DANOS,Accidente Laboral,Exceso de velocidad,,,,,,,,,,,,
2026-01-06 14:33:30,-4.022206,-79.227339,Calle 10 de Agosto,CON_FALLECIDOS,Caida,Falla mecanica,54,FALLECIDO,MUJER,OTRO,,,,,,,,
2026-01-11 19:43:12,-3.992488,-79.199037,Calle Montufar,CON_FALLECIDOS,Atropellamiento,Inobservancia de senales,46,FALLECIDO,HOMBRE,VEH_LIVIANO,31,FALLECIDO,NO_REGISTRA,SCOOTER,,,,
2026-01-07 14:21:36,-3.995559,-79.175823,Calle Saraguro,SOLO_DANOS,Accidente Laboral,Imprudencia del conductor,,,,,,,,,,,,
2026-01-02 08:31:55,-4.012917,-79.198125,Calle Miguel Riofrio,CON_FALLECIDOS,Colision Multiple,Falla mecanica,31,FALLECIDO,NO_REGISTRA,OTRO,73,LESIONADO,MUJER,SCOOTER,,,,
2026-01-03 08:30:24,-3.986469,-79.204478,Calle Colon,CON_FALLECIDOS,Choque Vehicular,Inobservancia de senales,27,FALLECIDO,MUJER,SCOOTER,35,FALLECIDO,MUJER,VEH_LIVIANO,27,LESIONADO,HOMBRE,CICLISTA
2026-01-06 07:31:15,-4.029745,-79.196763,Calle Mercadillo,CON_FALLECIDOS,Accidente Laboral,Imprudencia del conductor,44,FALLECIDO,NO_REGISTRA,SCOOTER,50,FALLECIDO,NO_REGISTRA,CICLISTA,,,,
2026-01-13 16:16:20,-4.036384,-79.189156,Av. Gran Colombia,SOLO_DANOS,Colision Multiple,Inobservancia de senales,,,,,,,,,,,,
2026-01-03 08:05:16,-4.027840,-79.215627,Calle Azogues,SOLO_DANOS,Accidente Laboral,Distraccion (celular/radio),,,,,,,,,,,,
2026-01-02 09:11:18,-3.987219,-79.204692,Calle 18 de Noviembre,CON_LESIONADOS,Accidente Laboral,Via resbaladiza o mojada,49,LESIONADO,NO_REGISTRA,SCOOTER,22,LESIONADO,MUJER,CICLISTA,,,,
2026-01-12 18:21:57,-4.022329,-79.228931,Calle 10 de Agosto,CON_LESIONADOS,Choque Vehicular,Fatiga del conductor,54,LESIONADO,MUJER,CICLISTA,41,LESIONADO,NO_REGISTRA,OTRO,,,,
2026-01-17 21:29:56,-4.033768,-79.225149,Av. Gran Colombia,SOLO_DANOS,Incendio,Visibilidad reducida,,,,,,,,,,,,
2026-01-18 22:19:10,-3.997215,-79.220287,Av. Isidro Ayora,SOLO_DANOS,Accidente Laboral,Via resbaladiza o mojada,,,,,,,,,,,,
2026-01-17 09:31:18,-3.983618,-79.219783,Av. Gran Colombia,CON_LESIONADOS,Colision Multiple,Falla mecanica,52,LESIONADO,NO_REGISTRA,OTRO,68,LESIONADO,NO_REGISTRA,SCOOTER,,,,
2026-01-14 00:20:02,-4.023257,-79.215364,Av. Manuel Agustin Aguirre,SOLO_DANOS,Volcamiento,Falla mecanica,,,,,,,,,,,,
2026-01-05 11:09:09,-4.023074,-79.197302,Calle Azogues,SOLO_DANOS,Caida,Via resbaladiza o mojada,,,,,,,,,,,,
2026-01-13 14:45:48,-4.008542,-79.181885,Calle Ramon Borrero,CON_LESIONADOS,Choque Vehicular,Imprudencia del conductor,27,LESIONADO,MUJER,CICLISTA,38,LESIONADO,NO_REGISTRA,CICLISTA,55,LESIONADO,HOMBRE,SCOOTER
2026-01-14 01:03:56,-3.992505,-79.174087,Av. Metropolitana,CON_FALLECIDOS,Incendio,Fatiga del conductor,76,FALLECIDO,MUJER,MOTOCICLETA,,,,,,,,
2026-01-12 13:01:39,-4.035382,-79.181158,Calle 10 de Agosto,CON_LESIONADOS,Atropellamiento,Imprudencia del conductor,16,LESIONADO,HOMBRE,PEATON,,,,,,,,
2026-01-19 06:41:34,-4.008325,-79.198425,Calle Colon,SOLO_DANOS,Incendio,Equipo de seguridad deficiente,,,,,,,,,,,,
2026-01-11 08:25:54,-3.996823,-79.206739,Calle 10 de Agosto,CON_LESIONADOS,Caida,Imprudencia del conductor,75,LESIONADO,HOMBRE,MOTOCICLETA,,,,,,,,
2026-01-07 15:32:47,-4.027482,-79.176452,Av. Reinaldo Espinosa,CON_FALLECIDOS,Incendio,Mal estado de la via,35,FALLECIDO,MUJER,CICLISTA,,,,,,,,
2026-01-15 04:21:44,-4.025573,-79.202257,Calle Colon,CON_LESIONADOS,Atropellamiento,Equipo de seguridad deficiente,52,LESIONADO,NO_REGISTRA,PEATON,40,LESIONADO,MUJER,CICLISTA,,,,
2026-01-12 23:25:17,-4.034022,-79.183792,Calle Rocafuerte,CON_FALLECIDOS,Colision Multiple,Fatiga del conductor,69,FALLECIDO,NO_REGISTRA,PEATON,65,LESIONADO,HOMBRE,MOTOCICLETA,,,,
2026-01-13 20:45:45,-4.026206,-79.228349,Calle Ramon Borrero,SOLO_DANOS,Choque Vehicular,Falla mecanica,,,,,,,,,,,,
2026-01-18 07:18:04,-3.984776,-79.218828,Calle Imbabura,CON_FALLECIDOS,Colision Multiple,Estado de embriaguez,69,FALLECIDO,NO_REGISTRA,PEATON,55,FALLECIDO,MUJER,VEH_LIVIANO,,,,
2026-01-03 05:52:07,-3.991087,-79.212301,Calle Sucre,CON_FALLECIDOS,Colision Multiple,Mal estado de la via,28,FALLECIDO,NO_REGISTRA,SCOOTER,64,FALLECIDO,MUJER,SCOOTER,78,LESIONADO,MUJER,PEATON
2026-01-01 02:40:38,-3.996780,-79.175543,Calle Quito,CON_FALLECIDOS,Atropellamiento,Inobservancia de senales,68,FALLECIDO,HOMBRE,MOTOCICLETA,69,FALLECIDO,NO_REGISTRA,MOTOCICLETA,55,LESIONADO,HOMBRE,PEATON
2026-01-15 14:52:35,-4.022321,-79.176608,Av. Cuxibamba,CON_FALLECIDOS,Volcamiento,Equipo de seguridad deficiente,54,FALLECIDO,HOMBRE,VEH_LIVIANO,63,FALLECIDO,MUJER,SCOOTER,78,LESIONADO,MUJER,MOTOCICLETA
2026-01-07 13:17:27,-4.009982,-79.223735,Calle Sucre,SOLO_DANOS,Colision Multiple,Equipo de seguridad deficiente,,,,,,,,,,,,
2026-01-22 00:32:01,-4.012134,-79.192086,Av. 8 de Diciembre,SOLO_DANOS,Incendio,Visibilidad reducida,,,,,,,,,,,,
2026-01-20 17:37:29,-3.989436,-79.175693,Av. Orillas del Zamora,CON_LESIONADOS,Volcamiento,Mal estado de la via,66,LESIONADO,HOMBRE,PEATON,,,,,,,,
2026-01-13 03:49:17,-3.996265,-79.175406,Calle 18 de Noviembre,CON_FALLECIDOS,Caida,Factores externos,30,FALLECIDO,NO_REGISTRA,MOTOCICLETA,81,FALLECIDO,NO_REGISTRA,VEH_LIVIANO,42,LESIONADO,MUJER,PEATON
2026-01-12 16:54:51,-4.031523,-79.216742,Av. Reinaldo Espinosa,SOLO_DANOS,Colision Multiple,Imprudencia del conductor,,,,,,,,,,,,
2026-01-11 12:36:27,-4.027488,-79.190157,Calle Sucre,SOLO_DANOS,Volcamiento,Estado de embriaguez,,,,,,,,,,,,
2026-01-22 23:35:44,-3.978229,-79.220142,Av. Cuxibamba,CON_FALLECIDOS,Choque Vehicular,Distraccion (celular/radio),65,FALLECIDO,NO_REGISTRA,CICLISTA,64,LESIONADO,HOMBRE,VEH_LIVIANO,66,LESIONADO,HOMBRE,SCOOTER
2026-01-08 08:12:36,-3.987877,-79.210993,Calle Quito,SOLO_DANOS,Accidente Laboral,Exceso de velocidad,,,,,,,,,,,,
2026-01-09 14:03:12,-4.021912,-79.197681,Av. Rosa Hermosa,SOLO_DANOS,Accidente Laboral,Falla mecanica,,,,,,,,,,,,
2026-01-03 15:47:25,-4.032412,-79.177866,Calle Quito,CON_LESIONADOS,Volcamiento,Visibilidad reducida,77,LESIONADO,NO_REGISTRA,PEATON,35,LESIONADO,NO_REGISTRA,MOTOCICLETA,49,LESIONADO,NO_REGISTRA,VEH_LIVIANO
2026-01-15 23:54:43,-4.006657,-79.230864,Calle Imbabura,SOLO_DANOS,Choque Vehicular,Fatiga del conductor,,,,,,,,,,,,
2026-01-18 06:42:18,-3.992697,-79.214842,Av. Rosa Hermosa,CON_FALLECIDOS,Choque Vehicular,Imprudencia del conductor,83,FALLECIDO,HOMBRE,VEH_LIVIANO,42,FALLECIDO,HOMBRE,OTRO,76,LESIONADO,HOMBRE,PEATON
2026-01-04 09:10:07,-3.999825,-79.184105,Av. Rosa Hermosa,SOLO_DANOS,Volcamiento,Equipo de seguridad deficiente,,,,,,,,,,,,
2026-01-16 13:13:56,-4.002672,-79.210024,Calle Quito,CON_FALLECIDOS,Incendio,Estado de embriaguez,75,FALLECIDO,NO_REGISTRA,SCOOTER,,,,,,,,
2026-01-14 13:39:36,-3.984546,-79.179250,Via Loja - Catamayo,CON_FALLECIDOS,Incendio,Factores externos,18,FALLECIDO,HOMBRE,MOTOCICLETA,,,,,,,,
2026-01-04 04:45:31,-4.007720,-79.181243,Av. Universitaria,CON_FALLECIDOS,Choque Vehicular,Exceso de velocidad,25,FALLECIDO,MUJER,OTRO,78,FALLECIDO,NO_REGISTRA,OTRO,77,LESIONADO,MUJER,OTRO
2026-01-18 14:40:12,-3.992058,-79.205372,Via Loja - Catamayo,SOLO_DANOS,Atropellamiento,Visibilidad reducida,,,,,,,,,,,,
2026-01-18 11:20:57,-4.024397,-79.212520,Av. Pio Jaramillo,SOLO_DANOS,Volcamiento,Imprudencia del conductor,,,,,,,,,,,,
2026-01-23 03:43:09,-4.024325,-79.214640,Calle Miguel Riofrio,SOLO_DANOS,Accidente Laboral,Falla mecanica,,,,,,,,,,,,
2026-01-04 07:38:15,-4.021704,-79.206333,Av. 8 de Diciembre,CON_LESIONADOS,Accidente Laboral,Imprudencia del conductor,48,LESIONADO,MUJER,VEH_LIVIANO,79,LESIONADO,MUJER,OTRO,14,LESIONADO,HOMBRE,MOTOCICLETA
2026-01-04 19:01:08,-4.004988,-79.194435,Calle Bolivar,CON_FALLECIDOS,Atropellamiento,Equipo de seguridad deficiente,74,FALLECIDO,NO_REGISTRA,SCOOTER,,,,,,,,
2026-01-16 07:46:54,-4.015416,-79.196491,Calle Sucre,CON_LESIONADOS,Colision Multiple,Via resbaladiza o mojada,42,LESIONADO,HOMBRE,CICLISTA,,,,,,,,
2026-01-07 22:25:02,-4.016523,-79.228599,Calle 18 de Noviembre,SOLO_DANOS,Accidente Laboral,Imprudencia del conductor,,,,,,,,,,,,
2026-01-17 21:06:11,-4.026782,-79.221302,Av. Isidro Ayora,CON_LESIONADOS,Caida,Visibilidad reducida,71,LESIONADO,NO_REGISTRA,VEH_LIVIANO,12,LESIONADO,MUJER,CICLISTA,15,LESIONADO,HOMBRE,CICLISTA
2026-01-07 23:16:57,-4.000600,-79.210209,Calle Bolivar,CON_FALLECIDOS,Atropellamiento,Imprudencia del conductor,63,FALLECIDO,NO_REGISTRA,CICLISTA,,,,,,,,
2026-01-15 16:52:27,-4.012148,-79.194625,Calle Bolivar,SOLO_DANOS,Accidente Laboral,Visibilidad reducida,,,,,,,,,,,,
2026-01-22 02:44:45,-4.000743,-79.204566,Calle Colon,SOLO_DANOS,Incendio,Equipo de seguridad deficiente,76,LESIONADO,MUJER,MOTOCICLETA,,,,,,,,
2026-01-12 09:41:47,-4.005409,-79.183141,Av. Metropolitana,SOLO_DANOS,Choque Vehicular,Falla mecanica,,,,,,,,,,,,
2026-01-11 17:09:34,-3.977443,-79.182052,Calle 10 de Agosto,SOLO_DANOS,Volcamiento,Distraccion (celular/radio),,,,,,,,,,,,
2026-01-22 01:52:00,-4.009095,-79.183049,Calle Mercadillo,CON_LESIONADOS,Colision Multiple,Estado de embriaguez,32,LESIONADO,NO_REGISTRA,SCOOTER,13,LESIONADO,NO_REGISTRA,PEATON,,,,
2026-01-07 17:53:24,-4.012712,-79.193573,Calle 18 de Noviembre,CON_LESIONADOS,Choque Vehicular,Via resbaladiza o mojada,8,LESIONADO,HOMBRE,SCOOTER,59,LESIONADO,HOMBRE,SCOOTER,36,LESIONADO,NO_REGISTRA,CICLISTA
2026-01-07 10:46:15,-4.033979,-79.184721,Calle Saraguro,SOLO_DANOS,Incendio,Mal estado de la via,,,,,,,,,,,,
2026-01-17 16:56:42,-4.022904,-79.186096,Av. 8 de Diciembre,CON_FALLECIDOS,Volcamiento,Estado de embriaguez,76,FALLECIDO,HOMBRE,SCOOTER,76,LESIONADO,HOMBRE,MOTOCICLETA,43,LESIONADO,HOMBRE,OTRO
2026-01-01 22:22:25,-3.992188,-79.188236,Calle Sucre,SOLO_DANOS,Colision Multiple,Exceso de velocidad,,,,,,,,,,,,
2026-01-14 04:25:54,-4.030269,-79.213251,Calle Quito,CON_FALLECIDOS,Colision Multiple,Exceso de velocidad,28,FALLECIDO,HOMBRE,CICLISTA,48,FALLECIDO,NO_REGISTRA,VEH_LIVIANO,70,LESIONADO,MUJER,OTRO
2026-01-19 19:42:07,-4.002852,-79.210643,Calle 10 de Agosto,CON_FALLECIDOS,Incendio,Equipo de seguridad deficiente,66,FALLECIDO,MUJER,VEH_LIVIANO,28,LESIONADO,MUJER,MOTOCICLETA,,,,
2026-01-03 11:01:52,-4.023147,-79.183399,Av. Orillas del Zamora,CON_LESIONADOS,Incendio,Estado de embriaguez,37,LESIONADO,MUJER,CICLISTA,,,,,,,,
2026-01-06 23:37:09,-3.979629,-79.190548,Ruta 35,SOLO_DANOS,Choque Vehicular,Equipo de seguridad deficiente,26,LESIONADO,MUJER,SCOOTER,,,,,,,,
2026-01-05 06:11:38,-4.036559,-79.175848,Calle 18 de Noviembre,CON_FALLECIDOS,Caida,Distraccion (celular/radio),22,FALLECIDO,NO_REGISTRA,PEATON,62,LESIONADO,HOMBRE,CICLISTA,,,,
2026-01-17 21:15:04,-3.979084,-79.179469,Av. Gran Colombia,SOLO_DANOS,Incendio,Factores externos,,,,,,,,,,,,
2026-01-06 20:21:39,-4.015122,-79.196655,Calle Sucre,CON_LESIONADOS,Caida,Via resbaladiza o mojada,24,LESIONADO,HOMBRE,VEH_LIVIANO,64,LESIONADO,HOMBRE,MOTOCICLETA,,,,
2026-01-12 01:57:20,-4.034107,-79.203380,Ruta 35,CON_LESIONADOS,Volcamiento,Mal estado de la via,11,LESIONADO,MUJER,PEATON,22,LESIONADO,NO_REGISTRA,PEATON,52,LESIONADO,HOMBRE,VEH_LIVIANO
2026-01-05 09:19:37,-4.033386,-79.217438,Av. Rosa Hermosa,CON_FALLECIDOS,Caida,Falla mecanica,31,FALLECIDO,NO_REGISTRA,PEATON,49,LESIONADO,MUJER,OTRO,,,,
2026-01-22 18:57:07,-3.986246,-79.191959,Calle Azogues,CON_LESIONADOS,Atropellamiento,Falla mecanica,68,LESIONADO,HOMBRE,CICLISTA,,,,,,,,
2026-01-16 07:40:24,-3.979995,-79.176168,Av. Reinaldo Espinosa,SOLO_DANOS,Accidente Laboral,Estado de embriaguez,,,,,,,,,,,,
2026-01-09 09:25:43,-4.025362,-79.222093,Av. Metropolitana,CON_FALLECIDOS,Accidente Laboral,Exceso de velocidad,24,FALLECIDO,NO_REGISTRA,MOTOCICLETA,70,LESIONADO,NO_REGISTRA,MOTOCICLETA,56,LESIONADO,NO_REGISTRA,OTRO
2026-01-12 03:37:34,-4.006399,-79.217524,Av. 8 de Diciembre,SOLO_DANOS,Volcamiento,Exceso de velocidad,,,,,,,,,,,,
2026-01-16 08:55:11,-4.033393,-79.177643,Calle Ramon Borrero,CON_FALLECIDOS,Incendio,Mal estado de la via,85,FALLECIDO,HOMBRE,SCOOTER,80,FALLECIDO,MUJER,SCOOTER,35,LESIONADO,HOMBRE,PEATON
2026-01-23 03:28:50,-4.005071,-79.204415,Via Loja - Catamayo,CON_FALLECIDOS,Caida,Distraccion (celular/radio),36,FALLECIDO,MUJER,VEH_LIVIANO,,,,,,,,
2026-01-13 11:07:17,-4.019067,-79.197306,Calle Sucre,CON_FALLECIDOS,Colision Multiple,Visibilidad reducida,27,FALLECIDO,NO_REGISTRA,VEH_LIVIANO,52,FALLECIDO,NO_REGISTRA,SCOOTER,,,,
2026-01-22 13:56:43,-3.994306,-79.213339,Calle Montufar,CON_FALLECIDOS,Volcamiento,Equipo de seguridad deficiente,37,FALLECIDO,HOMBRE,OTRO,22,FALLECIDO,NO_REGISTRA,SCOOTER,34,LESIONADO,NO_REGISTRA,VEH_LIVIANO