fecha_hora,latitud,longitud,via,grado_severidad,tipo_siniestro,causa_probable,victima1_edad,victima1_condicion,victima1_sexo,victima1_actor_vial,victima2_edad,victima2_condicion,victima2_sexo,victima2_actor_vial,victima3_edad,victima3_condicion,victima3_sexo,victima3_actor_vial
2026-01-01 10:10:18,-4.004161,-79.217035,Calle Rocafuerte,SOLO_DANOS,Atropellamiento,Equipo de seguridad deficiente,,,,,,,,,,,,
2026-01-15 22:56:45,-3.988863,-79.179961,Calle Azogues,CON_LESIONADOS,Accidente Laboral,Inobservancia de senales,33,LESIONADO,HOMBRE,OTRO,78,LESIONADO,HOMBRE,CICLISTA,34,LESIONADO,NO_REGISTRA,CICLISTA
2026-01-23 02:58:27,-4.009241,-79.184124,Via Loja - Catamayo,SOLO_DANOS,Incendio,Equipo de seguridad deficiente,,,,,,,,,,,,
2026-01-01 20:35:25,-3.983303,-79.182848,Av. Gran Colombia,CON_FALLECIDOS,Colision Multiple,Equipo de seguridad deficiente,29,FALLECIDO,HOMBRE,OTRO,81,FALLECIDO,NO_REGISTRA,PEATON,32,LESIONADO,HOMBRE,VEH_LIVIANO
2026-01-07 07:45:12,-3.979561,-79.182264,Av. Gran Colombia,CON_FALLECIDOS,Colision Multiple,Mal estado de la via,20,FALLECIDO,NO_REGISTRA,PEATON,36,FALLECIDO,MUJER,VEH_LIVIANO,54,LESIONADO,NO_REGISTRA,VEH_LIVIANO
2026-01-12 04:45:47,-4.025127,-79.203802,Av. Pio Jaramillo,CON_LESIONADOS,Atropellamiento,Factores externos,59,LESIONADO,HOMBRE,OTRO,26,LESIONADO,MUJER,CICLISTA,11,LESIONADO,NO_REGISTRA,VEH_LIVIANO
2026-01-13 07:44:35,-3.998999,-79.188061,Calle Miguel Riofrio,SOLO_DANOS,Choque Vehicular,Visibilidad reducida,,,,,,,,,,,,
2026-01-16 19:45:00,-4.017227,-79.192516,Calle Ramon Borrero,CON_FALLECIDOS,Colision Multiple,Inobservancia de senales,43,FALLECIDO,HOMBRE,SCOOTER,,,,,,,,
2026-01-11 22:16:07,-4.023851,-79.192173,Calle Mercadillo,SOLO_DANOS,Volcamiento,Fatiga del conductor,,,,,,,,,,,,
2026-01-22 03:20:32,-4.010268,-79.222968,Calle Montufar,CON_LESIONADOS,Accidente Laboral,Factores externos,44,LESIONADO,NO_REGISTRA,CICLISTA,7,LESIONADO,HOMBRE,PEATON,80,LESIONADO,HOMBRE,SCOOTER
2026-01-05 22:20:19,-4.002770,-79.211938,Av. Pio Jaramillo,CON_LESIONADOS,Atropellamiento,Imprudencia del conductor,12,LESIONADO,HOMBRE,SCOOTER,,,,,,,,
2026-01-22 22:44:29,-4.004478,-79.188458,Av. Rosa Hermosa,CON_FALLECIDOS,Caida,Falla mecanica,79,FALLECIDO,NO_REGISTRA,CICLISTA,43,LESIONADO,HOMBRE,CICLISTA,,,,
2026-01-12 22:00:23,-3.992053,-79.189646,Av. Rosa Hermosa,SOLO_DANOS,Volcamiento,Estado de embriaguez,,,,,,,,,,,,
2026-01-01 20:08:56,-3.977359,-79.210369,Calle Mercadillo,CON_LESIONADOS,Choque Vehicular,Factores externos,6,LESIONADO,HOMBRE,SCOOTER,63,LESIONADO,MUJER,SCOOTER,25,LESIONADO,MUJER,OTRO
2026-01-11 12:16:44,-4.023443,-79.187804,Av. Universitaria,CON_FALLECIDOS,Accidente Laboral,Estado de embriaguez,51,FALLECIDO,NO_REGISTRA,MOTOCICLETA,85,FALLECIDO,NO_REGISTRA,MOTOCICLETA,,,,
2026-01-15 10:35:43,-4.036699,-79.210049,Calle Sucre,SOLO_DANOS,Incendio,Factores externos,28,LESIONADO,NO_REGISTRA,MOTOCICLETA,,,,,,,,
2026-01-21 12:40:36,-4.012880,-79.207547,Calle Quito,SOLO_DANOS,Accidente Laboral,Factores externos,,,,,,,,,,,,
2026-01-11 13:26:43,-4.008988,-79.203871,Av. Rosa Hermosa,CON_FALLECIDOS,Accidente Laboral,Fatiga del conductor,39,FALLECIDO,MUJER,MOTOCICLETA,76,FALLECIDO,MUJER,CICLISTA,,,,
2026-01-19 02:37:46,-4.005625,-79.213620,Calle 18 de Noviembre,SOLO_DANOS,Choque Vehicular,Equipo de seguridad deficiente,,,,,,,,,,,,
2026-01-21 09:35:12,-3.999614,-79.174628,Via Loja - Zamora,SOLO_DANOS,Incendio,Inobservancia de senales,,,,,,,,,,,,
2026-01-12 15:18:16,-4.011009,-79.211875,Av. Universitaria,CON_LESIONADOS,Atropellamiento,Distraccion (celular/radio),72,LESIONADO,NO_REGISTRA,VEH_LIVIANO,,,,,,,,
2026-01-11 23:07:55,-4.031343,-79.184295,Av. Reinaldo Espinosa,SOLO_DANOS,Atropellamiento,Factores externos,,,,,,,,,,,,
2026-01-13 18:15:17,-4.008392,-79.215066,Calle Bolivar,CON_FALLECIDOS,Colision Multiple,Inobservancia de senales,36,FALLECIDO,MUJER,MOTOCICLETA,38,LESIONADO,NO_REGISTRA,OTRO,,,,
2026-01-17 00:58:17,-4.027363,-79.198184,Calle Montufar,CON_LESIONADOS,Caida,Equipo de seguridad deficiente,57,LESIONADO,HOMBRE,VEH_LIVIANO,61,LESIONADO,MUJER,PEATON,,,,
2026-01-01 19:32:25,-4.002187,-79.204438,Av. Metropolitana,CON_FALLECIDOS,Volcamiento,Equipo de seguridad deficiente,79,FALLECIDO,MUJER,CICLISTA,51,FALLECIDO,HOMBRE,PEATON,79,LESIONADO,NO_REGISTRA,MOTOCICLETA
2026-01-01 14:57:29,-4.034711,-79.178660,Calle Montufar,SOLO_DANOS,Colision Multiple,Falla mecanica,,,,,,,,,,,,
2026-01-16 16:42:52,-4.006563,-79.227779,Av. Rosa Hermosa,CON_FALLECIDOS,Colision Multiple,Via resbaladiza o mojada,42,FALLECIDO,NO_REGISTRA,CICLISTA,20,FALLECIDO,NO_REGISTRA,SCOOTER,60,LESIONADO,NO_REGISTRA,CICLISTA
2026-01-17 23:07:44,-4.020322,-79.210487,Av. Manuel Agustin Aguirre,CON_FALLECIDOS,Colision Multiple,Imprudencia del conductor,76,FALLECIDO,NO_REGISTRA,CICLISTA,39,LESIONADO,MUJER,SCOOTER,,,,
2026-01-16 23:57:25,-4.007385,-79.202856,Calle Miguel Riofrio,SOLO_DANOS,Caida,Visibilidad reducida,,,,,,,,,,,,
2026-01-11 13:16:43,-3.987785,-79.225931,Av. Pio Jaramillo,SOLO_DANOS,Accidente Laboral,Distraccion (celular/radio),,,,,,,,,,,,
2026-01-13 23:04:37,-3.979732,-79.199066,Calle Rocafuerte,CON_LESIONADOS,Atropellamiento,Distraccion (celular/radio),51,LESIONADO,NO_REGISTRA,OTRO,,,,,,,,
2026-01-11 10:42:54,-3.985073,-79.209313,Av. Rosa Hermosa,CON_FALLECIDOS,Colision Multiple,Via resbaladiza o mojada,62,FALLECIDO,NO_REGISTRA,OTRO,,,,,,,,
2026-01-09 02:26:15,-4.032879,-79.193189,Calle Montufar,CON_LESIONADOS,Volcamiento,Estado de embriaguez,77,LESIONADO,HOMBRE,OTRO,24,LESIONADO,NO_REGISTRA,SCOOTER,50,LESIONADO,HOMBRE,PEATON
2026-01-10 16:29:35,-4.000231,-79.206908,Calle Miguel Riofrio,CON_LESIONADOS,Choque Vehicular,Falla mecanica,19,LESIONADO,MUJER,PEATON,,,,,,,,
2026-01-03 18:05:47,-4.020900,-79.175265,Calle Montufar,CON_LESIONADOS,Accidente Laboral,Mal estado de la via,79,LESIONADO,NO_REGISTRA,SCOOTER,,,,,,,,
2026-01-23 05:45:13,-3.985910,-79.212311,Via Loja - Zamora,SOLO_DANOS,Atropellamiento,Equipo de seguridad deficiente,,,,,,,,,,,,
2026-01-01 01:38:32,-4.023431,-79.210477,Calle Mercadillo,CON_FALLECIDOS,Caida,Equipo de seguridad deficiente,50,FALLECIDO,HOMBRE,PEATON,,,,,,,,
2026-01-01 15:49:57,-3.990983,-79.180521,Calle 10 de Agosto,CON_LESIONADOS,Volcamiento,Estado de embriaguez,79,LESIONADO,MUJER,VEH_LIVIANO,24,LESIONADO,MUJER,VEH_LIVIANO,,,,
2026-01-02 17:23:08,-4.007530,-79.196461,Av. Cuxibamba,CON_LESIONADOS,Atropellamiento,Fatiga del conductor,32,LESIONADO,MUJER,PEATON,49,LESIONADO,HOMBRE,MOTOCICLETA,,,,
2026-01-04 03:45:14,-3.989025,-79.193114,Av. Isidro Ayora,SOLO_DANOS,Atropellamiento,Exceso de velocidad,,,,,,,,,,,,
2026-01-23 11:52:33,-4.027755,-79.216276,Calle Imbabura,CON_FALLECIDOS,Caida,Via resbaladiza o mojada,36,FALLECIDO,HOMBRE,MOTOCICLETA,67,FALLECIDO,MUJER,OTRO,,,,
2026-01-16 18:50:37,-4.018348,-79.196673,Calle Ramon Borrero,SOLO_DANOS,Atropellamiento,Exceso de velocidad,29,LESIONADO,MUJER,MOTOCICLETA,,,,,,,,
2026-01-06 09:59:06,-4.032825,-79.211995,Calle Saraguro,CON_LESIONADOS,Atropellamiento,Visibilidad reducida,5,LESIONADO,NO_REGISTRA,SCOOTER,16,LESIONADO,NO_REGISTRA,SCOOTER,,,,
2026-01-20 03:14:43,-3.995580,-79.209402,Av. 8 de Diciembre,CON_LESIONADOS,Colision Multiple,Imprudencia del conductor,78,LESIONADO,NO_REGISTRA,MOTOCICLETA,70,LESIONADO,MUJER,OTRO,,,,
2026-01-16 07:58:57,-4.031515,-79.203553,Av. 8 de Diciembre,CON_FALLECIDOS,Atropellamiento,Inobservancia de senales,32,FALLECIDO,HOMBRE,PEATON,54,LESIONADO,HOMBRE,SCOOTER,32,LESIONADO,HOMBRE,CICLISTA
2026-01-12 23:56:36,-4.020560,-79.172898,Av. Cuxibamba,CON_LESIONADOS,Atropellamiento,Imprudencia del conductor,27,LESIONADO,MUJER,OTRO,62,LESIONADO,HOMBRE,PEATON,,,,
2026-01-17 19:05:35,-3.996295,-79.226544,Av. Universitaria,SOLO_DANOS,Volcamiento,Estado de embriaguez,33,LESIONADO,MUJER,PEATON,,,,,,,,
2026-01-11 13:10:58,-4.023886,-79.197045,Av. 8 de Diciembre,CON_FALLECIDOS,Volcamiento,Equipo de seguridad deficiente,69,FALLECIDO,HOMBRE,MOTOCICLETA,58,FALLECIDO,MUJER,MOTOCICLETA,71,LESIONADO,HOMBRE,SCOOTER
2026-01-10 19:27:27,-4.006898,-79.225548,Calle Saraguro,SOLO_DANOS,Incendio,Falla mecanica,,,,,,,,,,,,
2026-01-18 23:14:45,-4.022179,-79.180103,Av. Manuel Agustin Aguirre,CON_LESIONADOS,Choque Vehicular,Visibilidad reducida,20,LESIONADO,NO_REGISTRA,OTRO,,,,,,,,
2026-01-01 03:35:59,-4.007477,-79.210038,Calle 10 de Agosto,CON_FALLECIDOS,Colision Multiple,Exceso de velocidad,25,FALLECIDO,MUJER,SCOOTER,78,LESIONADO,HOMBRE,OTRO,,,,
2026-01-14 09:06:23,-3.985609,-79.206465,Via Loja - Catamayo,SOLO_DANOS,Choque Vehicular,Mal estado de la via,,,,,,,,,,,,
2026-01-19 23:53:16,-3.995172,-79.180834,Calle Miguel Riofrio,SOLO_DANOS,Accidente Laboral,Visibilidad reducida,74,LESIONADO,HOMBRE,SCOOTER,,,,,,,,
2026-01-13 08:37:10,-4.032589,-79.228337,Av. Orillas del Zamora,SOLO_DANOS,Volcamiento,Visibilidad reducida,,,,,,,,,,,,
2026-01-14 04:24:32,-3.994091,-79.194321,Av. Rosa Hermosa,SOLO_DANOS,Atropellamiento,Inobservancia de senales,38,LESIONADO,HOMBRE,OTRO,,,,,,,,
2026-01-03 18:00:25,-4.021617,-79.199224,Av. Universitaria,CON_FALLECIDOS,Choque Vehicular,Via resbaladiza o mojada,19,FALLECIDO,HOMBRE,SCOOTER,77,FALLECIDO,MUJER,SCOOTER,73,LESIONADO,NO_REGISTRA,VEH_LIVIANO
2026-01-20 23:32:38,-4.005953,-79.189406,Av. 8 de Diciembre,CON_FALLECIDOS,Caida,Estado de embriaguez,38,FALLECIDO,HOMBRE,OTRO,51,LESIONADO,HOMBRE,CICLISTA,,,,
2026-01-10 09:57:54,-4.026377,-79.191405,Calle Azogues,CON_FALLECIDOS,Accidente Laboral,Inobservancia de senales,53,FALLECIDO,MUJER,OTRO,,,,,,,,
2026-01-07 15:00:26,-3.998860,-79.193627,Av. Orillas del Zamora,CON_FALLECIDOS,Choque Vehicular,Visibilidad reducida,34,FALLECIDO,MUJER,MOTOCICLETA,74,LESIONADO,NO_REGISTRA,VEH_LIVIANO,56,LESIONADO,NO_REGISTRA,MOTOCICLETA
2026-01-18 14:28:57,-4.035874,-79.200684,Av. Reinaldo Espinosa,SOLO_DANOS,Accidente Laboral,Visibilidad reducida,,,,,,,,,,,,
2026-01-16 04:28:36,-4.029436,-79.206346,Ruta 35,CON_FALLECIDOS,Caida,Inobservancia de senales,78,FALLECIDO,NO_REGISTRA,MOTOCICLETA,46,LESIONADO,MUJER,VEH_LIVIANO,70,LESIONADO,NO_REGISTRA,SCOOTER
2026-01-20 13:02:50,-4.013090,-79.213939,Calle Quito,CON_LESIONADOS,Volcamiento,Imprudencia del conductor,63,LESIONADO,HOMBRE,PEATON,59,LESIONADO,HOMBRE,VEH_LIVIANO,,,,
2026-01-18 03:39:11,-4.012565,-79.225036,Calle Ramon Borrero,CON_LESIONADOS,Caida,Mal estado de la via,77,LESIONADO,NO_REGISTRA,SCOOTER,19,LESIONADO,MUJER,OTRO,,,,
2026-01-10 16:20:30,-3.984825,-79.222381,Calle Quito,SOLO_DANOS,Accidente Laboral,Mal estado de la via,,,,,,,,,,,,
2026-01-15 02:06:32,-3.980206,-79.224706,Av. Reinaldo Espinosa,SOLO_DANOS,Caida,Via resbaladiza o mojada,,,,,,,,,,,,
2026-01-06 19:42:28,-4.012869,-79.175568,Via Loja - Zamora,CON_LESIONADOS,Choque Vehicular,Distraccion (celular/radio),36,LESIONADO,MUJER,PEATON,,,,,,,,
2026-01-21 02:03:57,-4.031708,-79.196508,Av. Rosa Hermosa,SOLO_DANOS,Colision Multiple,Exceso de velocidad,,,,,,,,,,,,
2026-01-23 13:37:59,-4.027682,-79.217895,Calle Saraguro,CON_FALLECIDOS,Colision Multiple,Via resbaladiza o mojada,67,FALLECIDO,NO_REGISTRA,PEATON,31,FALLECIDO,HOMBRE,MOTOCICLETA,55,LESIONADO,MUJER,SCOOTER
2026-01-05 07:56:05,-4.034536,-79.222965,Calle 18 de Noviembre,CON_LESIONADOS,Accidente Laboral,Visibilidad reducida,58,LESIONADO,MUJER,VEH_LIVIANO,,,,,,,,
2026-01-02 04:42:13,-4.007570,-79.209299,Calle Saraguro,CON_LESIONADOS,Incendio,Distraccion (celular/radio),51,LESIONADO,HOMBRE,CICLISTA,11,LESIONADO,MUJER,VEH_LIVIANO,72,LESIONADO,MUJER,VEH_LIVIANO
2026-01-11 22:37:37,-3.992529,-79.203561,Calle Miguel Riofrio,SOLO_DANOS,Colision Multiple,Inobservancia de senales,,,,,,,,,,,,
2026-01-17 07:03:40,-4.022172,-79.213294,Calle Rocafuerte,CON_LESIONADOS,Accidente Laboral,Imprudencia del conductor,76,LESIONADO,NO_REGISTRA,CICLISTA,,,,,,,,
2026-01-11 14:57:51,-4.036889,-79.225713,Av. Isidro Ayora,CON_FALLECIDOS,Colision Multiple,Factores externos,39,FALLECIDO,MUJER,VEH_LIVIANO,26,FALLECIDO,MUJER,OTRO,72,LESIONADO,HOMBRE,MOTOCICLETA
2026-01-07 14:20:55,-3.982467,-79.205225,Calle Azogues,CON_FALLECIDOS,Atropellamiento,Exceso de velocidad,82,FALLECIDO,HOMBRE,SCOOTER,34,LESIONADO,NO_REGISTRA,SCOOTER,,,,
2026-01-12 20:27:08,-4.036308,-79.229328,Calle Sucre,CON_LESIONADOS,Atropellamiento,Estado de embriaguez,17,LESIONADO,HOMBRE,VEH_LIVIANO,36,LESIONADO,NO_REGISTRA,VEH_LIVIANO,26,LESIONADO,HOMBRE,PEATON
2026-01-11 09:24:20,-4.019821,-79.205732,Av. Cuxibamba,SOLO_DANOS,Choque Vehicular,Factores externos,,,,,,,,,,,,
2026-01-10 10:37:07,-4.031721,-79.189834,Calle Montufar,SOLO_DANOS,Atropellamiento,Factores externos,,,,,,,,,,,,
2026-01-18 22:45:02,-3.999193,-79.228748,Av. Orillas del Zamora,CON_FALLECIDOS,Volcamiento,Equipo de seguridad deficiente,31,FALLECIDO,HOMBRE,PEATON,65,FALLECIDO,HOMBRE,VEH_LIVIANO,14,LESIONADO,HOMBRE,OTRO
2026-01-08 18:32:19,-3.984474,-79.179724,Calle Mercadillo,SOLO_DANOS,Volcamiento,Inobservancia de senales,17,LESIONADO,MUJER,VEH_LIVIANO,,,,,,,,
2026-01-13 12:46:24,-4.026883,-79.194708,Calle 10 de Agosto,SOLO_DANOS,Atropellamiento,Equipo de seguridad deficiente,,,,,,,,,,,,
2026-01-10 02:47:06,-3.986433,-79.179586,Calle Mercadillo,CON_LESIONADOS,Volcamiento,Exceso de velocidad,8,LESIONADO,MUJER,CICLISTA,13,LESIONADO,MUJER,MOTOCICLETA,,,,
2026-01-11 02:32:36,-4.026661,-79.181717,Av. Pio Jaramillo,CON_FALLECIDOS,Choque Vehicular,Distraccion (celular/radio),76,FALLECIDO,MUJER,CICLISTA,46,FALLECIDO,HOMBRE,VEH_LIVIANO,11,LESIONADO,HOMBRE,OTRO
2026-01-15 20:32:59,-3.996493,-79.174503,Calle Bolivar,CON_FALLECIDOS,Colision Multiple,Equipo de seguridad deficiente,50,FALLECIDO,MUJER,VEH_LIVIANO,38,LESIONADO,NO_REGISTRA,MOTOCICLETA,,,,
2026-01-10 14:09:49,-4.032396,-79.205708,Av. Rosa Hermosa,SOLO_DANOS,Choque Vehicular,Fatiga del conductor,,,,,,,,,,,,
2026-01-15 03:05:36,-4.025184,-79.217123,Calle Saraguro,CON_FALLECIDOS,Caida,Exceso de velocidad,79,FALLECIDO,MUJER,VEH_LIVIANO,54,LESIONADO,MUJER,SCOOTER,,,,
2026-01-09 19:47:10,-4.021872,-79.215220,Av. Manuel Agustin Aguirre,CON_LESIONADOS,Choque Vehicular,Falla mecanica,10,LESIONADO,MUJER,PEATON,75,LESIONADO,NO_REGISTRA,PEATON,22,LESIONADO,NO_REGISTRA,VEH_LIVIANO
2026-01-01 04:09:38,-3.988034,-79.185826,Calle Mercadillo,CON_LESIONADOS,Choque Vehicular,Falla mecanica,56,LESIONADO,MUJER,OTRO,9,LESIONADO,MUJER,PEATON,41,LESIONADO,MUJER,MOTOCICLETA
2026-01-04 03:56:23,-4.036001,-79.225307,Ruta 35,CON_LESIONADOS,Volcamiento,Estado de embriaguez,72,LESIONADO,HOMBRE,PEATON,62,LESIONADO,MUJER,MOTOCICLETA,,,,
2026-01-08 21:29:21,-4.020928,-79.203910,Ruta 35,CON_FALLECIDOS,Volcamiento,Estado de embriaguez,56,FALLECIDO,HOMBRE,CICLISTA,64,FALLECIDO,MUJER,CICLISTA,35,LESIONADO,HOMBRE,CICLISTA
2026-01-08 15:51:19,-3.981823,-79.190783,Av. Gran Colombia,CON_FALLECIDOS,Volcamiento,Factores externos,50,FALLECIDO,MUJER,SCOOTER,65,FALLECIDO,MUJER,MOTOCICLETA,13,LESIONADO,NO_REGISTRA,PEATON
2026-01-11 06:42:07,-3.999752,-79.213821,Av. Orillas del Zamora,SOLO_DANOS,Colision Multiple,Factores externos,,,,,,,,,,,,
2026-01-16 13:00:44,-4.032132,-79.188314,Av. Pio Jaramillo,CON_LESIONADOS,Volcamiento,Exceso de velocidad,30,LESIONADO,NO_REGISTRA,SCOOTER,,,,,,,,
2026-01-18 02:26:47,-3.997009,-79.173843,Calle Azogues,SOLO_DANOS,Volcamiento,Factores externos,55,LESIONADO,HOMBRE,OTRO,,,,,,,,
2026-01-04 22:19:15,-4.003076,-79.211063,Av. Reinaldo Espinosa,CON_LESIONADOS,Caida,Via resbaladiza o mojada,42,LESIONADO,HOMBRE,CICLISTA,76,LESIONADO,HOMBRE,MOTOCICLETA,,,,
2026-01-16 04:07:36,-4.028896,-79.214105,Av. Rosa Hermosa,SOLO_DANOS,Atropellamiento,Fatiga del conductor,,,,,,,,,,,,
2026-01-02 19:33:27,-3.991593,-79.217693,Calle Miguel Riofrio,SOLO_DANOS,Caida,Equipo de seguridad deficiente,,,,,,,,,,,,
2026-01-08 05:38:48,-3.989741,-79.203175,Via Loja - Zamora,CON_LESIONADOS,Volcamiento,Equipo de seguridad deficiente,48,LESIONADO,NO_REGISTRA,MOTOCICLETA,,,,,,,,
2026-01-23 06:20:55,-4.026069,-79.176852,Ruta 35,SOLO_DANOS,Accidente Laboral,Distraccion (celular/radio),68,LESIONADO,NO_REGISTRA,CICLISTA,,,,,,,,
2026-01-02 19:13:13,-3.992099,-79.229973,Calle Rocafuerte,SOLO_DANOS,Incendio,Via resbaladiza o mojada,,,,,,,,,,,,
2026-01-20 04:25:11,-4.005302,-79.173811,Calle 18 de Noviembre,SOLO_DANOS,Incendio,Via resbaladiza o mojada,,,,,,,,,,,,
2026-01-15 01:05:21,-4.008990,-79.203887,Av. Reinaldo Espinosa,SOLO_DANOS,Choque Vehicular,Distraccion (celular/radio),,,,,,,,,,,,
2026-01-11 03:54:14,-3.999918,-79.184146,Av. Isidro Ayora,CON_LESIONADOS,Caida,Estado de embriaguez,9,LESIONADO,NO_REGISTRA,VEH_LIVIANO,14,LESIONADO,HOMBRE,MOTOCICLETA,,,,
2026-01-03 20:15:55,-4.028020,-79.207960,Calle Bolivar,SOLO_DANOS,Incendio,Factores externos,,,,,,,,,,,,
2026-01-12 16:42:23,-3.998854,-79.175194,Av. Isidro Ayora,SOLO_DANOS,Caida,Fatiga del conductor,,,,,,,,,,,,
2026-01-04 14:04:06,-3.979485,-79.206147,Av. 8 de Diciembre,SOLO_DANOS,Incendio,Factores externos,,,,,,,,,,,,
2026-01-23 06:18:15,-3.991116,-79.174047,Calle Bolivar,CON_LESIONADOS,Caida,Mal estado de la via,45,LESIONADO,NO_REGISTRA,MOTOCICLETA,58,LESIONADO,NO_REGISTRA,PEATON,,,,
2026-01-01 23:40:29,-4.026338,-79.201811,Calle Mercadillo,CON_FALLECIDOS,Accidente Laboral,Imprudencia del conductor,79,FALLECIDO,NO_REGISTRA,MOTOCICLETA,26,FALLECIDO,NO_REGISTRA,CICLISTA,,,,
2026-01-08 15:44:58,-3.981356,-79.208711,Calle Ramon Borrero,CON_LESIONADOS,Volcamiento,Equipo de seguridad deficiente,80,LESIONADO,HOMBRE,VEH_LIVIANO,42,LESIONADO,HOMBRE,CICLISTA,,,,
2026-01-04 22:40:34,-3.989456,-79.227205,Av. Pio Jaramillo,CON_FALLECIDOS,Choque Vehicular,Exceso de velocidad,35,FALLECIDO,MUJER,VEH_LIVIANO,22,FALLECIDO,MUJER,OTRO,71,LESIONADO,NO_REGISTRA,CICLISTA
2026-01-06 01:25:56,-3.989472,-79.213569,Calle 10 de Agosto,CON_FALLECIDOS,Volcamiento,Falla mecanica,34,FALLECIDO,MUJER,CICLISTA,78,FALLECIDO,MUJER,PEATON,38,LESIONADO,NO_REGISTRA,CICLISTA
2026-01-15 08:56:56,-3.988157,-79.224488,Ruta 35,SOLO_DANOS,Caida,Imprudencia del conductor,,,,,,,,,,,,
2026-01-20 16:26:01,-4.027464,-79.206477,Av. Orillas del Zamora,SOLO_DANOS,Incendio,Exceso de velocidad,,,,,,,,,,,,
2026-01-19 09:27:16,-3.984719,-79.184162,Av. Reinaldo Espinosa,CON_LESIONADOS,Choque Vehicular,Factores externos,47,LESIONADO,MUJER,SCOOTER,,,,,,,,
2026-01-01 05:29:28,-3.999656,-79.230025,Av. Orillas del Zamora,CON_LESIONADOS,Volcamiento,Falla mecanica,10,LESIONADO,MUJER,SCOOTER,24,LESIONADO,MUJER,OTRO,,,,
2026-01-19 07:27:43,-4.025861,-79.217543,Av. Gran Colombia,SOLO_DANOS,Accidente Laboral,Distraccion (celular/radio),,,,,,,,,,,,
2026-01-15 00:21:49,-4.012641,-79.192365,Av. Universitaria,CON_LESIONADOS,Choque Vehicular,Factores externos,40,LESIONADO,NO_REGISTRA,PEATON,20,LESIONADO,HOMBRE,MOTOCICLETA,,,,
2026-01-23 01:15:14,-4.001395,-79.192949,Calle 18 de Noviembre,CON_LESIONADOS,Caida,Distraccion (celular/radio),62,LESIONADO,HOMBRE,MOTOCICLETA,27,LESIONADO,HOMBRE,OTRO,5,LESIONADO,NO_REGISTRA,PEATON
2026-01-20 01:41:05,-3.994980,-79.174440,Calle Colon,CON_LESIONADOS,Atropellamiento,Inobservancia de senales,72,LESIONADO,MUJER,SCOOTER,,,,,,,,
2026-01-11 17:58:47,-4.018229,-79.190594,Calle Sucre,SOLO_DANOS,Atropellamiento,Distraccion (celular/radio),,,,,,,,,,,,
2026-01-12 20:27:27,-4.018882,-79.216758,Calle 18 de Noviembre,SOLO_DANOS,Accidente Laboral,Imprudencia del conductor,,,,,,,,,,,,
2026-01-19 04:49:35,-4.006214,-79.224762,Av. Orillas del Zamora,SOLO_DANOS,Atropellamiento,Factores externos,,,,,,,,,,,,
2026-01-10 19:42:49,-4.026074,-79.222886,Calle Miguel Riofrio,SOLO_DANOS,Caida,Exceso de velocidad,,,,,,,,,,,,
2026-01-17 13:27:25,-4.015276,-79.199577,Calle Rocafuerte,SOLO_DANOS,Volcamiento,Inobservancia de senales,,,,,,,,,,,,
2026-01-10 20:22:12,-3.987670,-79.174444,Av. 8 de Diciembre,CON_FALLECIDOS,Caida,Estado de embriaguez,85,FALLECIDO,HOMBRE,SCOOTER,58,LESIONADO,HOMBRE,PEATON,,,,
2026-01-13 02:18:32,-4.016580,-79.174322,Calle 18 de Noviembre,CON_LESIONADOS,Caida,Inobservancia de senales,46,LESIONADO,HOMBRE,PEATON,71,LESIONADO,HOMBRE,PEATON,,,,
2026-01-21 08:36:42,-4.013425,-79.210586,Calle Quito,CON_LESIONADOS,Incendio,Visibilidad reducida,80,LESIONADO,NO_REGISTRA,MOTOCICLETA,,,,,,,,
2026-01-04 15:02:01,-4.026337,-79.219394,Av. Gran Colombia,CON_FALLECIDOS,Volcamiento,Fatiga del conductor,61,FALLECIDO,MUJER,MOTOCICLETA,73,FALLECIDO,MUJER,OTRO,68,LESIONADO,HOMBRE,MOTOCICLETA
2026-01-01 04:59:29,-3.990111,-79.180212,Calle Ramon Borrero,CON_FALLECIDOS,Incendio,Visibilidad reducida,51,FALLECIDO,MUJER,OTRO,,,,,,,,
2026-01-13 20:28:49,-4.017444,-79.230858,Av. Universitaria,CON_FALLECIDOS,Caida,Mal estado de la via,78,FALLECIDO,MUJER,CICLISTA,44,LESIONADO,HOMBRE,OTRO,,,,
2026-01-02 18:19:57,-3.982573,-79.221540,Calle 10 de Agosto,SOLO_DANOS,Accidente Laboral,Estado de embriaguez,,,,,,,,,,,,
2026-01-21 08:32:55,-3.993501,-79.199993,Calle 18 de Noviembre,CON_FALLECIDOS,Caida,Distraccion (celular/radio),51,FALLECIDO,HOMBRE,VEH_LIVIANO,38,LESIONADO,NO_REGISTRA,OTRO,,,,
2026-01-05 13:40:47,-3.982774,-79.186474,Calle Imbabura,SOLO_DANOS,Incendio,Equipo de seguridad deficiente,,,,,,,,,,,,
2026-01-01 10:03:16,-3.979210,-79.217070,Calle Sucre,CON_LESIONADOS,Choque Vehicular,Visibilidad reducida,73,LESIONADO,NO_REGISTRA,SCOOTER,,,,,,,,