fecha_hora,latitud,longitud,via,grado_severidad,tipo_siniestro,causa_probable,victima1_edad,victima1_condicion,victima1_sexo,victima1_actor_vial,victima2_edad,victima2_condicion,victima2_sexo,victima2_actor_vial,victima3_edad,victima3_condicion,victima3_sexo,victima3_actor_vial
2026-01-22 20:46:45,-4.025768,-79.217436,Calle Mercadillo,CON_LESIONADOS,Accidente Laboral,Factores externos,51,LESIONADO,MUJER,MOTOCICLETA,21,LESIONADO,MUJER,OTRO,35,LESIONADO,MUJER,SCOOTER
2026-01-03 11:35:26,-4.009476,-79.192205,Calle Rocafuerte,CON_FALLECIDOS,Accidente Laboral,Imprudencia del conductor,29,FALLECIDO,HOMBRE,MOTOCICLETA,52,FALLECIDO,NO_REGISTRA,CICLISTA,,,,
2026-01-09 20:39:33,-4.026632,-79.195317,Calle Mercadillo,SOLO_DANOS,Choque Vehicular,Via resbaladiza o mojada,80,LESIONADO,HOMBRE,MOTOCICLETA,,,,,,,,
2026-01-03 11:47:34,-3.994774,-79.180838,Av. Gran Colombia,SOLO_DANOS,Atropellamiento,Equipo de seguridad deficiente,,,,,,,,,,,,
2026-01-10 20:59:27,-3.989342,-79.219252,Calle 10 de Agosto,CON_LESIONADOS,Choque Vehicular,Via resbaladiza o mojada,38,LESIONADO,MUJER,PEATON,,,,,,,,
2026-01-10 05:41:35,-4.021787,-79.190457,Calle Bolivar,SOLO_DANOS,Volcamiento,Estado de embriaguez,,,,,,,,,,,,
2026-01-13 23:12:05,-3.988309,-79.176128,Calle Ramon Borrero,CON_FALLECIDOS,Incendio,Distraccion (celular/radio),61,FALLECIDO,MUJER,MOTOCICLETA,69,FALLECIDO,NO_REGISTRA,OTRO,7,LESIONADO,NO_REGISTRA,MOTOCICLETA
2026-01-23 03:15:45,-4.000978,-79.215621,Av. 8 de Diciembre,SOLO_DANOS,Incendio,Imprudencia del conductor,,,,,,,,,,,,
2026-01-11 14:36:22,-3.979379,-79.194397,Via Loja - Catamayo,CON_LESIONADOS,Colision Multiple,Factores externos,41,LESIONADO,NO_REGISTRA,CICLISTA,58,LESIONADO,MUJER,CICLISTA,24,LESIONADO,MUJER,CICLISTA
2026-01-10 05:22:59,-4.024151,-79.177212,Calle 18 de Noviembre,CON_LESIONADOS,Choque Vehicular,Falla mecanica,15,LESIONADO,NO_REGISTRA,CICLISTA,73,LESIONADO,NO_REGISTRA,VEH_LIVIANO,,,,
2026-01-23 06:43:04,-4.020024,-79.188566,Calle Imbabura,CON_LESIONADOS,Incendio,Falla mecanica,24,LESIONADO,MUJER,MOTOCICLETA,59,LESIONADO,MUJER,OTRO,19,LESIONADO,HOMBRE,OTRO
2026-01-06 20:22:39,-3.997526,-79.185129,Via Loja - Zamora,CON_FALLECIDOS,Caida,Fatiga del conductor,84,FALLECIDO,MUJER,VEH_LIVIANO,46,FALLECIDO,HOMBRE,CICLISTA,7,LESIONADO,MUJER,SCOOTER
2026-01-17 10:18:31,-3.997811,-79.194993,Calle Sucre,CON_FALLECIDOS,Incendio,Imprudencia del conductor,63,FALLECIDO,MUJER,VEH_LIVIANO,44,FALLECIDO,HOMBRE,VEH_LIVIANO,,,,
2026-01-09 11:14:56,-4.005041,-79.219267,Calle 18 de Noviembre,SOLO_DANOS,Choque Vehicular,Exceso de velocidad,,,,,,,,,,,,
2026-01-21 06:16:10,-3.997876,-79.228744,Calle Ramon Borrero,CON_FALLECIDOS,Choque Vehicular,Via resbaladiza o mojada,53,FALLECIDO,HOMBRE,VEH_LIVIANO,79,FALLECIDO,HOMBRE,CICLISTA,20,LESIONADO,HOMBRE,SCOOTER
2026-01-03 05:39:24,-3.985004,-79.176549,Av. Metropolitana,CON_LESIONADOS,Caida,Factores externos,17,LESIONADO,HOMBRE,VEH_LIVIANO,,,,,,,,
2026-01-13 03:06:47,-3.988800,-79.185640,Calle Montufar,SOLO_DANOS,Choque Vehicular,Falla mecanica,,,,,,,,,,,,
2026-01-10 11:59:25,-3.992751,-79.226650,Calle Azogues,SOLO_DANOS,Caida,Factores externos,,,,,,,,,,,,
2026-01-14 01:31:54,-4.008947,-79.224749,Av. Universitaria,CON_FALLECIDOS,Volcamiento,Equipo de seguridad deficiente,61,FALLECIDO,MUJER,CICLISTA,51,LESIONADO,NO_REGISTRA,VEH_LIVIANO,42,LESIONADO,MUJER,PEATON
2026-01-06 10:46:29,-4.027860,-79.202174,Calle Azogues,SOLO_DANOS,Colision Multiple,Inobservancia de senales,,,,,,,,,,,,
2026-01-15 15:22:34,-4.032301,-79.225270,Calle Mercadillo,SOLO_DANOS,Atropellamiento,Visibilidad reducida,,,,,,,,,,,,
2026-01-02 15:27:55,-3.982001,-79.208041,Av. Universitaria,CON_LESIONADOS,Colision Multiple,Factores externos,41,LESIONADO,NO_REGISTRA,CICLISTA,60,LESIONADO,NO_REGISTRA,OTRO,12,LESIONADO,NO_REGISTRA,MOTOCICLETA
2026-01-18 07:42:35,-3.988650,-79.210364,Av. Cuxibamba,SOLO_DANOS,Choque Vehicular,Fatiga del conductor,,,,,,,,,,,,
2026-01-06 03:06:20,-3.984066,-79.181976,Av. Universitaria,CON_LESIONADOS,Colision Multiple,Via resbaladiza o mojada,14,LESIONADO,HOMBRE,PEATON,76,LESIONADO,NO_REGISTRA,MOTOCICLETA,68,LESIONADO,HOMBRE,SCOOTER
2026-01-17 20:56:31,-4.032839,-79.193138,Calle Saraguro,CON_FALLECIDOS,Choque Vehicular,Visibilidad reducida,19,FALLECIDO,HOMBRE,CICLISTA,40,FALLECIDO,NO_REGISTRA,SCOOTER,73,LESIONADO,HOMBRE,MOTOCICLETA
2026-01-19 12:33:27,-4.033979,-79.186413,Calle Miguel Riofrio,CON_FALLECIDOS,Atropellamiento,Estado de embriaguez,35,FALLECIDO,NO_REGISTRA,VEH_LIVIANO,,,,,,,,
2026-01-18 08:04:28,-3.977279,-79.192278,Av. Universitaria,CON_FALLECIDOS,Accidente Laboral,Imprudencia del conductor,38,FALLECIDO,NO_REGISTRA,MOTOCICLETA,36,FALLECIDO,MUJER,VEH_LIVIANO,64,LESIONADO,MUJER,SCOOTER
2026-01-08 14:41:16,-3.995107,-79.202967,Calle Ramon Borrero,SOLO_DANOS,Caida,Distraccion (celular/radio),,,,,,,,,,,,
2026-01-14 18:50:25,-3.997882,-79.196922,Calle Sucre,CON_FALLECIDOS,Choque Vehicular,Imprudencia del conductor,43,FALLECIDO,NO_REGISTRA,CICLISTA,44,LESIONADO,MUJER,CICLISTA,,,,
2026-01-10 13:50:30,-3.999662,-79.217269,Ruta 35,CON_FALLECIDOS,Volcamiento,Exceso de velocidad,36,FALLECIDO,MUJER,SCOOTER,10,LESIONADO,HOMBRE,MOTOCICLETA,25,LESIONADO,NO_REGISTRA,PEATON
2026-01-21 22:27:46,-3.998272,-79.211700,Calle Quito,SOLO_DANOS,Choque Vehicular,Via resbaladiza o mojada,,,,,,,,,,,,
2026-01-05 22:48:25,-3.991095,-79.215125,Via Loja - Zamora,CON_FALLECIDOS,Colision Multiple,Equipo de seguridad deficiente,52,FALLECIDO,HOMBRE,OTRO,,,,,,,,
2026-01-05 10:30:25,-4.001044,-79.207410,Calle Imbabura,CON_LESIONADOS,Incendio,Falla mecanica,65,LESIONADO,NO_REGISTRA,PEATON,10,LESIONADO,NO_REGISTRA,PEATON,,,,
2026-01-17 13:57:45,-3.986287,-79.188109,Calle Quito,CON_LESIONADOS,Colision Multiple,Factores externos,39,LESIONADO,HOMBRE,VEH_LIVIANO,,,,,,,,
2026-01-02 19:59:38,-4.001615,-79.210359,Calle Montufar,SOLO_DANOS,Choque Vehicular,Equipo de seguridad deficiente,,,,,,,,,,,,
2026-01-21 09:41:34,-4.013465,-79.208983,Calle Saraguro,CON_LESIONADOS,Caida,Falla mecanica,76,LESIONADO,MUJER,VEH_LIVIANO,46,LESIONADO,MUJER,VEH_LIVIANO,,,,
2026-01-10 09:26:20,-4.024179,-79.184634,Av. Gran Colombia,CON_LESIONADOS,Atropellamiento,Fatiga del conductor,44,LESIONADO,MUJER,SCOOTER,68,LESIONADO,HOMBRE,VEH_LIVIANO,14,LESIONADO,HOMBRE,CICLISTA
2026-01-21 22:47:07,-4.000273,-79.209077,Calle Mercadillo,CON_LESIONADOS,Volcamiento,Fatiga del conductor,32,LESIONADO,HOMBRE,VEH_LIVIANO,31,LESIONADO,MUJER,CICLISTA,18,LESIONADO,HOMBRE,CICLISTA
2026-01-16 07:49:45,-3.986477,-79.220958,Calle Sucre,CON_FALLECIDOS,Accidente Laboral,Via resbaladiza o mojada,71,FALLECIDO,MUJER,SCOOTER,24,FALLECIDO,HOMBRE,MOTOCICLETA,7,LESIONADO,HOMBRE,PEATON
2026-01-14 11:36:44,-4.009768,-79.218920,Ruta 35,SOLO_DANOS,Choque Vehicular,Falla mecanica,,,,,,,,,,,,
2026-01-02 22:05:05,-4.036479,-79.182679,Av. Orillas del Zamora,CON_LESIONADOS,Colision Multiple,Visibilidad reducida,43,LESIONADO,NO_REGISTRA,SCOOTER,79,LESIONADO,MUJER,OTRO,,,,
2026-01-06 13:07:59,-4.023494,-79.177912,Calle Montufar,CON_LESIONADOS,Colision Multiple,Imprudencia del conductor,9,LESIONADO,MUJER,VEH_LIVIANO,,,,,,,,
2026-01-02 08:50:41,-3.985416,-79.177931,Av. Rosa Hermosa,CON_FALLECIDOS,Choque Vehicular,Inobservancia de senales,57,FALLECIDO,NO_REGISTRA,SCOOTER,48,FALLECIDO,NO_REGISTRA,PEATON,50,LESIONADO,HOMBRE,SCOOTER
2026-01-11 22:38:31,-4.032597,-79.207994,Av. Metropolitana,CON_FALLECIDOS,Atropellamiento,Factores externos,37,FALLECIDO,HOMBRE,VEH_LIVIANO,61,LESIONADO,MUJER,VEH_LIVIANO,,,,
2026-01-07 00:19:38,-4.009506,-79.226600,Calle Montufar,SOLO_DANOS,Choque Vehicular,Equipo de seguridad deficiente,69,LESIONADO,MUJER,SCOOTER,,,,,,,,
2026-01-01 14:09:20,-4.003914,-79.186674,Calle Miguel Riofrio,CON_LESIONADOS,Colision Multiple,Inobservancia de senales,34,LESIONADO,NO_REGISTRA,OTRO,33,LESIONADO,NO_REGISTRA,SCOOTER,5,LESIONADO,NO_REGISTRA,OTRO
2026-01-15 13:47:16,-4.011027,-79.221083,Calle Colon,CON_LESIONADOS,Caida,Inobservancia de senales,21,LESIONADO,NO_REGISTRA,CICLISTA,78,LESIONADO,NO_REGISTRA,MOTOCICLETA,,,,
2026-01-04 01:58:31,-4.021595,-79.183814,Calle 18 de Noviembre,SOLO_DANOS,Colision Multiple,Distraccion (celular/radio),,,,,,,,,,,,
2026-01-18 21:32:48,-3.980786,-79.203233,Calle Sucre,SOLO_DANOS,Accidente Laboral,Estado de embriaguez,,,,,,,,,,,,
2026-01-05 23:23:57,-4.028727,-79.228908,Av. Orillas del Zamora,SOLO_DANOS,Accidente Laboral,Via resbaladiza o mojada,,,,,,,,,,,,
2026-01-19 09:05:03,-3.980265,-79.188345,Av. Orillas del Zamora,CON_LESIONADOS,Incendio,Distraccion (celular/radio),60,LESIONADO,NO_REGISTRA,VEH_LIVIANO,19,LESIONADO,MUJER,MOTOCICLETA,27,LESIONADO,NO_REGISTRA,OTRO
2026-01-13 15:32:36,-4.013708,-79.197423,Calle Miguel Riofrio,SOLO_DANOS,Incendio,Equipo de seguridad deficiente,,,,,,,,,,,,
2026-01-01 08:24:24,-4.025980,-79.185824,Calle Mercadillo,CON_LESIONADOS,Choque Vehicular,Fatiga del conductor,36,LESIONADO,NO_REGISTRA,MOTOCICLETA,80,LESIONADO,MUJER,PEATON,33,LESIONADO,NO_REGISTRA,PEATON
2026-01-20 00:04:34,-3.987516,-79.184530,Via Loja - Zamora,CON_FALLECIDOS,Accidente Laboral,Inobservancia de senales,51,FALLECIDO,NO_REGISTRA,SCOOTER,60,LESIONADO,MUJER,SCOOTER,59,LESIONADO,MUJER,MOTOCICLETA
2026-01-21 22:20:47,-4.024489,-79.177164,Av. Metropolitana,CON_FALLECIDOS,Atropellamiento,Distraccion (celular/radio),50,FALLECIDO,MUJER,OTRO,,,,,,,,
2026-01-03 14:37:25,-4.012043,-79.222765,Av. Cuxibamba,CON_FALLECIDOS,Atropellamiento,Imprudencia del conductor,63,FALLECIDO,NO_REGISTRA,PEATON,31,FALLECIDO,HOMBRE,PEATON,54,LESIONADO,MUJER,CICLISTA
2026-01-19 04:45:21,-4.001164,-79.210033,Av. Isidro Ayora,CON_FALLECIDOS,Atropellamiento,Inobservancia de senales,83,FALLECIDO,NO_REGISTRA,OTRO,,,,,,,,
2026-01-11 20:04:17,-4.027444,-79.219695,Calle Miguel Riofrio,CON_LESIONADOS,Volcamiento,Estado de embriaguez,38,LESIONADO,MUJER,VEH_LIVIANO,66,LESIONADO,NO_REGISTRA,SCOOTER,,,,
2026-01-16 20:03:36,-3.981099,-79.216042,Calle Colon,SOLO_DANOS,Colision Multiple,Equipo de seguridad deficiente,,,,,,,,,,,,
2026-01-13 17:44:55,-3.984994,-79.204019,Calle Rocafuerte,SOLO_DANOS,Choque Vehicular,Distraccion (celular/radio),,,,,,,,,,,,
2026-01-17 18:55:26,-3.981868,-79.209309,Av. Orillas del Zamora,CON_FALLECIDOS,Choque Vehicular,Inobservancia de senales,44,FALLECIDO,NO_REGISTRA,CICLISTA,55,LESIONADO,NO_REGISTRA,OTRO,80,LESIONADO,NO_REGISTRA,MOTOCICLETA
2026-01-02 19:03:32,-3.982148,-79.203296,Calle Quito,SOLO_DANOS,Caida,Distraccion (celular/radio),,,,,,,,,,,,
2026-01-04 19:36:22,-4.015256,-79.177235,Ruta 35,CON_FALLECIDOS,Accidente Laboral,Equipo de seguridad deficiente,80,FALLECIDO,HOMBRE,VEH_LIVIANO,76,FALLECIDO,NO_REGISTRA,MOTOCICLETA,16,LESIONADO,NO_REGISTRA,CICLISTA
2026-01-14 17:08:53,-4.028687,-79.179636,Calle Azogues,CON_LESIONADOS,Volcamiento,Mal estado de la via,15,LESIONADO,NO_REGISTRA,PEATON,23,LESIONADO,HOMBRE,OTRO,76,LESIONADO,MUJER,CICLISTA
2026-01-12 15:54:09,-4.008267,-79.223069,Av. Orillas del Zamora,CON_FALLECIDOS,Colision Multiple,Equipo de seguridad deficiente,67,FALLECIDO,MUJER,PEATON,23,FALLECIDO,HOMBRE,MOTOCICLETA,,,,
2026-01-07 06:22:51,-4.002353,-79.200360,Calle Imbabura,CON_LESIONADOS,Choque Vehicular,Inobservancia de senales,70,LESIONADO,HOMBRE,VEH_LIVIANO,64,LESIONADO,NO_REGISTRA,OTRO,,,,
2026-01-18 11:56:40,-3.985590,-79.188069,Av. Gran Colombia,CON_LESIONADOS,Incendio,Imprudencia del conductor,26,LESIONADO,MUJER,SCOOTER,,,,,,,,
2026-01-03 17:07:13,-3.980505,-79.194716,Av. Orillas del Zamora,SOLO_DANOS,Atropellamiento,Exceso de velocidad,,,,,,,,,,,,
2026-01-07 03:56:56,-4.021699,-79.200324,Av. Gran Colombia,CON_FALLECIDOS,Atropellamiento,Falla mecanica,43,FALLECIDO,NO_REGISTRA,CICLISTA,60,LESIONADO,HOMBRE,PEATON,35,LESIONADO,HOMBRE,MOTOCICLETA
2026-01-02 14:33:55,-3.989494,-79.189801,Av. Isidro Ayora,SOLO_DANOS,Caida,Estado de embriaguez,,,,,,,,,,,,
2026-01-16 10:03:57,-4.006674,-79.198158,Av. Metropolitana,CON_FALLECIDOS,Volcamiento,Imprudencia del conductor,28,FALLECIDO,HOMBRE,CICLISTA,52,LESIONADO,MUJER,OTRO,18,LESIONADO,HOMBRE,MOTOCICLETA
2026-01-03 20:22:11,-3.987962,-79.214243,Av. Reinaldo Espinosa,SOLO_DANOS,Caida,Estado de embriaguez,,,,,,,,,,,,
2026-01-08 11:13:26,-3.982958,-79.181631,Calle Imbabura,CON_FALLECIDOS,Caida,Falla mecanica,85,FALLECIDO,MUJER,SCOOTER,80,FALLECIDO,HOMBRE,OTRO,33,LESIONADO,NO_REGISTRA,OTRO
2026-01-04 05:35:53,-4.023614,-79.203741,Calle Rocafuerte,SOLO_DANOS,Volcamiento,Estado de embriaguez,,,,,,,,,,,,
2026-01-08 01:54:20,-3.982321,-79.193489,Calle Mercadillo,CON_LESIONADOS,Atropellamiento,Imprudencia del conductor,42,LESIONADO,NO_REGISTRA,CICLISTA,,,,,,,,
2026-01-18 10:12:06,-3.996439,-79.192598,Av. Rosa Hermosa,SOLO_DANOS,Choque Vehicular,Estado de embriaguez,,,,,,,,,,,,
2026-01-23 14:00:34,-3.990290,-79.216668,Av. Universitaria,CON_LESIONADOS,Volcamiento,Estado de embriaguez,27,LESIONADO,NO_REGISTRA,CICLISTA,31,LESIONADO,HOMBRE,OTRO,37,LESIONADO,HOMBRE,VEH_LIVIANO
2026-01-04 05:43:24,-3.985992,-79.226735,Av. Gran Colombia,CON_FALLECIDOS,Choque Vehicular,Via resbaladiza o mojada,34,FALLECIDO,NO_REGISTRA,CICLISTA,60,FALLECIDO,NO_REGISTRA,VEH_LIVIANO,53,LESIONADO,HOMBRE,OTRO
2026-01-09 03:58:59,-4.001749,-79.200248,Calle Rocafuerte,CON_LESIONADOS,Caida,Mal estado de la via,10,LESIONADO,HOMBRE,PEATON,,,,,,,,
2026-01-14 11:57:53,-4.035995,-79.171450,Calle Bolivar,SOLO_DANOS,Colision Multiple,Inobservancia de senales,42,LESIONADO,HOMBRE,PEATON,,,,,,,,
2026-01-09 19:43:34,-3.994158,-79.193496,Calle 10 de Agosto,CON_LESIONADOS,Colision Multiple,Distraccion (celular/radio),51,LESIONADO,MUJER,OTRO,44,LESIONADO,MUJER,OTRO,,,,
2026-01-03 15:00:15,-4.011016,-79.171706,Av. Cuxibamba,CON_LESIONADOS,Volcamiento,Estado de embriaguez,80,LESIONADO,HOMBRE,PEATON,56,LESIONADO,NO_REGISTRA,OTRO,,,,
2026-01-15 00:37:43,-4.003304,-79.187453,Av. Isidro Ayora,CON_LESIONADOS,Atropellamiento,Equipo de seguridad deficiente,71,LESIONADO,HOMBRE,PEATON,69,LESIONADO,NO_REGISTRA,MOTOCICLETA,20,LESIONADO,NO_REGISTRA,SCOOTER
2026-01-18 05:35:19,-4.012689,-79.197049,Av. Gran Colombia,SOLO_DANOS,Volcamiento,Via resbaladiza o mojada,,,,,,,,,,,,
2026-01-17 22:40:00,-3.998918,-79.230951,Calle 18 de Noviembre,CON_LESIONADOS,Incendio,Via resbaladiza o mojada,59,LESIONADO,NO_REGISTRA,CICLISTA,,,,,,,,
2026-01-04 19:20:03,-4.017174,-79.216786,Av. Orillas del Zamora,CON_LESIONADOS,Caida,Exceso de velocidad,23,LESIONADO,NO_REGISTRA,CICLISTA,12,LESIONADO,MUJER,CICLISTA,,,,
2026-01-22 18:45:10,-4.007999,-79.195944,Av. Orillas del Zamora,CON_FALLECIDOS,Accidente Laboral,Via resbaladiza o mojada,75,FALLECIDO,NO_REGISTRA,SCOOTER,49,FALLECIDO,MUJER,SCOOTER,,,,
2026-01-15 20:04:22,-4.021122,-79.210102,Via Loja - Catamayo,SOLO_DANOS,Incendio,Distraccion (celular/radio),,,,,,,,,,,,
2026-01-04 20:46:37,-4.030720,-79.214185,Calle Ramon Borrero,CON_FALLECIDOS,Atropellamiento,Imprudencia del conductor,64,FALLECIDO,NO_REGISTRA,VEH_LIVIANO,81,FALLECIDO,NO_REGISTRA,CICLISTA,23,LESIONADO,NO_REGISTRA,PEATON
2026-01-09 04:23:32,-3.978787,-79.229655,Av. Metropolitana,CON_FALLECIDOS,Accidente Laboral,Visibilidad reducida,65,FALLECIDO,NO_REGISTRA,CICLISTA,,,,,,,,
2026-01-07 18:50:34,-3.980175,-79.205923,Calle Rocafuerte,SOLO_DANOS,Incendio,Equipo de seguridad deficiente,,,,,,,,,,,,
2026-01-20 16:57:18,-3.986808,-79.186836,Av. Rosa Hermosa,CON_LESIONADOS,Accidente Laboral,Distraccion (celular/radio),73,LESIONADO,NO_REGISTRA,CICLISTA,70,LESIONADO,NO_REGISTRA,MOTOCICLETA,,,,
2026-01-18 11:05:28,-3.984786,-79.225088,Calle 10 de Agosto,CON_FALLECIDOS,Colision Multiple,Falla mecanica,82,FALLECIDO,MUJER,VEH_LIVIANO,41,FALLECIDO,NO_REGISTRA,OTRO,,,,
2026-01-05 18:52:14,-4.011377,-79.204609,Calle Rocafuerte,CON_LESIONADOS,Colision Multiple,Equipo de seguridad deficiente,19,LESIONADO,HOMBRE,OTRO,,,,,,,,
2026-01-14 20:44:32,-4.004323,-79.223692,Calle Imbabura,CON_LESIONADOS,Colision Multiple,Inobservancia de senales,50,LESIONADO,NO_REGISTRA,MOTOCICLETA,,,,,,,,
2026-01-01 04:39:28,-4.017413,-79.224949,Av. Isidro Ayora,CON_FALLECIDOS,Caida,Falla mecanica,47,FALLECIDO,NO_REGISTRA,VEH_LIVIANO,,,,,,,,
2026-01-19 02:21:59,-4.021424,-79.215305,Via Loja - Zamora,CON_FALLECIDOS,Accidente Laboral,Distraccion (celular/radio),33,FALLECIDO,NO_REGISTRA,CICLISTA,42,FALLECIDO,MUJER,VEH_LIVIANO,17,LESIONADO,MUJER,SCOOTER
2026-01-06 00:23:37,-4.005678,-79.227740,Calle Azogues,CON_FALLECIDOS,Colision Multiple,Falla mecanica,53,FALLECIDO,HOMBRE,CICLISTA,,,,,,,,
2026-01-21 07:15:48,-4.033440,-79.223547,Via Loja - Zamora,CON_FALLECIDOS,Caida,Imprudencia del conductor,46,FALLECIDO,MUJER,CICLISTA,13,LESIONADO,HOMBRE,VEH_LIVIANO,9,LESIONADO,MUJER,PEATON
2026-01-14 01:16:25,-3.989986,-79.216720,Av. Metropolitana,CON_LESIONADOS,Caida,Factores externos,79,LESIONADO,NO_REGISTRA,SCOOTER,21,LESIONADO,NO_REGISTRA,VEH_LIVIANO,,,,
2026-01-12 23:15:35,-3.991888,-79.178256,Av. Orillas del Zamora,CON_FALLECIDOS,Colision Multiple,Mal estado de la via,46,FALLECIDO,HOMBRE,SCOOTER,15,LESIONADO,NO_REGISTRA,SCOOTER,,,,
2026-01-04 23:01:57,-3.995680,-79.199925,Calle Ramon Borrero,CON_LESIONADOS,Volcamiento,Estado de embriaguez,25,LESIONADO,NO_REGISTRA,CICLISTA,,,,,,,,
2026-01-08 16:40:17,-3.982183,-79.224242,Calle Montufar,CON_LESIONADOS,Atropellamiento,Inobservancia de senales,6,LESIONADO,HOMBRE,VEH_LIVIANO,51,LESIONADO,NO_REGISTRA,VEH_LIVIANO,66,LESIONADO,NO_REGISTRA,PEATON
2026-01-13 11:48:18,-3.998568,-79.227043,Ruta 35,SOLO_DANOS,Caida,Mal estado de la via,,,,,,,,,,,,
2026-01-14 04:23:34,-4.026452,-79.191649,Av. Manuel Agustin Aguirre,SOLO_DANOS,Volcamiento,Estado de embriaguez,,,,,,,,,,,,
2026-01-18 18:20:31,-3.994900,-79.174840,Av. Isidro Ayora,CON_LESIONADOS,Accidente Laboral,Inobservancia de senales,70,LESIONADO,MUJER,VEH_LIVIANO,78,LESIONADO,MUJER,CICLISTA,68,LESIONADO,HOMBRE,PEATON
2026-01-20 11:12:53,-3.985072,-79.203086,Av. Isidro Ayora,CON_LESIONADOS,Accidente Laboral,Inobservancia de senales,75,LESIONADO,NO_REGISTRA,VEH_LIVIANO,77,LESIONADO,NO_REGISTRA,PEATON,5,LESIONADO,NO_REGISTRA,OTRO
2026-01-20 22:03:47,-4.014432,-79.173612,Via Loja - Catamayo,SOLO_DANOS,Colision Multiple,Mal estado de la via,,,,,,,,,,,,
2026-01-17 03:54:49,-3.997151,-79.218328,Calle 18 de Noviembre,CON_FALLECIDOS,Volcamiento,Equipo de seguridad deficiente,62,FALLECIDO,NO_REGISTRA,MOTOCICLETA,28,FALLECIDO,NO_REGISTRA,SCOOTER,,,,
2026-01-14 15:40:03,-4.004971,-79.206432,Calle Montufar,CON_FALLECIDOS,Volcamiento,Visibilidad reducida,41,FALLECIDO,NO_REGISTRA,CICLISTA,16,LESIONADO,NO_REGISTRA,SCOOTER,9,LESIONADO,NO_REGISTRA,CICLISTA
2026-01-12 06:35:47,-3.978701,-79.177108,Calle Bolivar,SOLO_DANOS,Atropellamiento,Fatiga del conductor,,,,,,,,,,,,
2026-01-09 04:13:17,-3.987073,-79.213352,Av. Gran Colombia,CON_LESIONADOS,Accidente Laboral,Falla mecanica,63,LESIONADO,MUJER,PEATON,69,LESIONADO,NO_REGISTRA,MOTOCICLETA,78,LESIONADO,NO_REGISTRA,OTRO
2026-01-07 10:17:03,-3.980391,-79.221937,Calle Saraguro,CON_FALLECIDOS,Accidente Laboral,Factores externos,78,FALLECIDO,HOMBRE,VEH_LIVIANO,,,,,,,,
2026-01-22 10:16:21,-3.991117,-79.229521,Av. Universitaria,CON_FALLECIDOS,Caida,Equipo de seguridad deficiente,43,FALLECIDO,HOMBRE,OTRO,53,LESIONADO,NO_REGISTRA,MOTOCICLETA,,,,
2026-01-11 06:26:13,-4.004652,-79.193666,Av. Orillas del Zamora,CON_FALLECIDOS,Accidente Laboral,Factores externos,28,FALLECIDO,MUJER,MOTOCICLETA,,,,,,,,
2026-01-21 03:56:28,-4.012227,-79.209864,Ruta 35,CON_LESIONADOS,Caida,Visibilidad reducida,36,LESIONADO,NO_REGISTRA,OTRO,15,LESIONADO,NO_REGISTRA,VEH_LIVIANO,,,,
2026-01-07 23:26:00,-3.982075,-79.172586,Av. Gran Colombia,CON_LESIONADOS,Atropellamiento,Via resbaladiza o mojada,16,LESIONADO,HOMBRE,MOTOCICLETA,,,,,,,,
2026-01-20 09:33:04,-3.984048,-79.210984,Via Loja - Zamora,CON_LESIONADOS,Accidente Laboral,Exceso de velocidad,66,LESIONADO,MUJER,VEH_LIVIANO,,,,,,,,
2026-01-03 02:40:04,-4.008159,-79.203512,Calle Ramon Borrero,CON_LESIONADOS,Atropellamiento,Distraccion (celular/radio),49,LESIONADO,NO_REGISTRA,CICLISTA,,,,,,,,
2026-01-23 00:14:23,-4.006237,-79.188184,Calle Sucre,SOLO_DANOS,Accidente Laboral,Via resbaladiza o mojada,,,,,,,,,,,,
2026-01-02 05:51:07,-4.028740,-79.197866,Calle Imbabura,CON_FALLECIDOS,Colision Multiple,Fatiga del conductor,28,FALLECIDO,MUJER,SCOOTER,77,LESIONADO,MUJER,MOTOCICLETA,,,,
2026-01-04 17:12:18,-3.995474,-79.198676,Calle Saraguro,CON_LESIONADOS,Atropellamiento,Estado de embriaguez,72,LESIONADO,HOMBRE,CICLISTA,26,LESIONADO,MUJER,SCOOTER,,,,
2026-01-18 18:03:42,-3.982100,-79.183153,Calle Bolivar,CON_FALLECIDOS,Accidente Laboral,Via resbaladiza o mojada,57,FALLECIDO,MUJER,VEH_LIVIANO,,,,,,,,
2026-01-19 10:22:04,-4.018021,-79.210223,Av. Gran Colombia,CON_LESIONADOS,Choque Vehicular,Mal estado de la via,49,LESIONADO,MUJER,OTRO,5,LESIONADO,NO_REGISTRA,MOTOCICLETA,,,,
2026-01-08 16:04:21,-4.028187,-79.223752,Av. Orillas del Zamora,SOLO_DANOS,Caida,Equipo de seguridad deficiente,,,,,,,,,,,,
2026-01-19 12:23:25,-4.030766,-79.222401,Calle Bolivar,CON_LESIONADOS,Volcamiento,Via resbaladiza o mojada,60,LESIONADO,HOMBRE,OTRO,31,LESIONADO,HOMBRE,CICLISTA,47,LESIONADO,HOMBRE,CICLISTA
2026-01-08 18:22:39,-4.020069,-79.191521,Calle Azogues,CON_LESIONADOS,Caida,Mal estado de la via,73,LESIONADO,MUJER,PEATON,24,LESIONADO,NO_REGISTRA,CICLISTA,,,,