fecha_hora,latitud,longitud,via,grado_severidad,tipo_siniestro,causa_probable,victima1_edad,victima1_condicion,victima1_sexo,victima1_actor_vial,victima2_edad,victima2_condicion,victima2_sexo,victima2_actor_vial,victima3_edad,victima3_condicion,victima3_sexo,victima3_actor_vial
2026-01-15 16:11:28,-4.034997,-79.225194,Calle 18 de Noviembre,CON_LESIONADOS,Accidente Laboral,Visibilidad reducida,13,LESIONADO,HOMBRE,VEH_LIVIANO,12,LESIONADO,NO_REGISTRA,MOTOCICLETA,8,LESIONADO,HOMBRE,MOTOCICLETA
2026-01-22 23:10:00,-3.995325,-79.188702,Calle Miguel Riofrio,CON_FALLECIDOS,Incendio,Fatiga del conductor,52,FALLECIDO,MUJER,SCOOTER,40,FALLECIDO,NO_REGISTRA,CICLISTA,74,LESIONADO,NO_REGISTRA,SCOOTER
2026-01-03 18:10:58,-3.993357,-79.181184,Av. Manuel Agustin Aguirre,CON_LESIONADOS,Atropellamiento,Estado de embriaguez,5,LESIONADO,MUJER,CICLISTA,18,LESIONADO,HOMBRE,MOTOCICLETA,,,,
2026-01-13 01:34:27,-4.031735,-79.223222,Calle Saraguro,CON_LESIONADOS,Colision Multiple,Exceso de velocidad,10,LESIONADO,MUJER,PEATON,,,,,,,,
2026-01-08 06:09:56,-4.021163,-79.225053,Av. 8 de Diciembre,CON_LESIONADOS,Caida,Exceso de velocidad,53,LESIONADO,HOMBRE,MOTOCICLETA,,,,,,,,
2026-01-18 01:57:13,-4.005183,-79.200492,Av. Rosa Hermosa,CON_FALLECIDOS,Choque Vehicular,Estado de embriaguez,70,FALLECIDO,HOMBRE,MOTOCICLETA,28,LESIONADO,MUJER,SCOOTER,30,LESIONADO,NO_REGISTRA,OTRO
2026-01-14 06:56:21,-4.021239,-79.221003,Av. Orillas del Zamora,CON_FALLECIDOS,Incendio,Visibilidad reducida,33,FALLECIDO,HOMBRE,CICLISTA,,,,,,,,
2026-01-06 23:52:32,-3.988080,-79.175891,Calle Quito,CON_LESIONADOS,Caida,Distraccion (celular/radio),67,LESIONADO,HOMBRE,CICLISTA,,,,,,,,
2026-01-14 16:21:28,-4.030086,-79.222609,Av. Isidro Ayora,SOLO_DANOS,Caida,Inobservancia de senales,,,,,,,,,,,,
2026-01-01 15:33:35,-4.013834,-79.184689,Calle Rocafuerte,CON_LESIONADOS,Caida,Equipo de seguridad deficiente,5,LESIONADO,HOMBRE,SCOOTER,13,LESIONADO,MUJER,SCOOTER,41,LESIONADO,HOMBRE,SCOOTER
2026-01-16 16:11:44,-4.031085,-79.200883,Calle Montufar,SOLO_DANOS,Atropellamiento,Fatiga del conductor,,,,,,,,,,,,
2026-01-11 04:16:19,-4.033181,-79.191169,Calle Quito,CON_FALLECIDOS,Volcamiento,Fatiga del conductor,31,FALLECIDO,MUJER,SCOOTER,56,FALLECIDO,HOMBRE,PEATON,10,LESIONADO,HOMBRE,PEATON
2026-01-19 21:47:01,-4.026974,-79.198036,Calle 18 de Noviembre,SOLO_DANOS,Colision Multiple,Equipo de seguridad deficiente,,,,,,,,,,,,
2026-01-08 20:53:10,-3.997258,-79.218332,Av. Gran Colombia,CON_LESIONADOS,Choque Vehicular,Via resbaladiza o mojada,52,LESIONADO,HOMBRE,PEATON,66,LESIONADO,MUJER,MOTOCICLETA,,,,
2026-01-07 03:03:20,-3.986217,-79.200677,Calle Azogues,SOLO_DANOS,Volcamiento,Mal estado de la via,,,,,,,,,,,,
2026-01-15 05:19:53,-3.994082,-79.185015,Via Loja - Catamayo,CON_FALLECIDOS,Volcamiento,Falla mecanica,84,FALLECIDO,MUJER,SCOOTER,,,,,,,,
2026-01-07 00:24:54,-3.994058,-79.211089,Av. Isidro Ayora,SOLO_DANOS,Incendio,Factores externos,22,LESIONADO,NO_REGISTRA,MOTOCICLETA,,,,,,,,
2026-01-21 10:18:03,-4.008677,-79.182507,Av. Isidro Ayora,CON_FALLECIDOS,Caida,Equipo de seguridad deficiente,43,FALLECIDO,HOMBRE,VEH_LIVIANO,28,FALLECIDO,MUJER,SCOOTER,,,,
2026-01-04 05:41:33,-4.009643,-79.189417,Calle 18 de Noviembre,CON_LESIONADOS,Colision Multiple,Equipo de seguridad deficiente,68,LESIONADO,NO_REGISTRA,OTRO,,,,,,,,
2026-01-03 07:45:27,-3.979560,-79.185049,Av. Orillas del Zamora,CON_LESIONADOS,Choque Vehicular,Estado de embriaguez,73,LESIONADO,NO_REGISTRA,CICLISTA,,,,,,,,
2026-01-19 03:27:29,-4.015594,-79.220385,Ruta 35,CON_FALLECIDOS,Accidente Laboral,Equipo de seguridad deficiente,85,FALLECIDO,MUJER,MOTOCICLETA,57,FALLECIDO,MUJER,PEATON,6,LESIONADO,HOMBRE,OTRO
2026-01-03 12:07:42,-3.989907,-79.179296,Av. Orillas del Zamora,CON_FALLECIDOS,Choque Vehicular,Imprudencia del conductor,27,FALLECIDO,MUJER,PEATON,,,,,,,,
2026-01-19 14:07:51,-4.003350,-79.177177,Av. Orillas del Zamora,CON_LESIONADOS,Atropellamiento,Falla mecanica,79,LESIONADO,MUJER,MOTOCICLETA,18,LESIONADO,MUJER,MOTOCICLETA,27,LESIONADO,NO_REGISTRA,OTRO
2026-01-10 21:03:20,-4.004766,-79.192345,Via Loja - Catamayo,SOLO_DANOS,Volcamiento,Exceso de velocidad,,,,,,,,,,,,
2026-01-10 04:45:24,-4.026250,-79.209665,Av. Universitaria,SOLO_DANOS,Colision Multiple,Distraccion (celular/radio),,,,,,,,,,,,
2026-01-18 02:06:36,-4.032748,-79.191296,Calle 10 de Agosto,CON_LESIONADOS,Atropellamiento,Fatiga del conductor,18,LESIONADO,MUJER,VEH_LIVIANO,58,LESIONADO,NO_REGISTRA,VEH_LIVIANO,16,LESIONADO,MUJER,SCOOTER
2026-01-17 03:31:20,-4.020642,-79.214588,Av. Universitaria,CON_FALLECIDOS,Atropellamiento,Factores externos,69,FALLECIDO,MUJER,OTRO,62,FALLECIDO,MUJER,VEH_LIVIANO,39,LESIONADO,HOMBRE,PEATON
2026-01-19 22:53:21,-4.005797,-79.197951,Calle Imbabura,SOLO_DANOS,Colision Multiple,Distraccion (celular/radio),,,,,,,,,,,,
2026-01-11 17:36:24,-4.005549,-79.211609,Calle 10 de Agosto,SOLO_DANOS,Volcamiento,Factores externos,,,,,,,,,,,,
2026-01-14 19:55:41,-4.019720,-79.204106,Av. Orillas del Zamora,SOLO_DANOS,Incendio,Equipo de seguridad deficiente,,,,,,,,,,,,
2026-01-12 07:43:27,-3.979195,-79.197563,Calle Colon,SOLO_DANOS,Choque Vehicular,Imprudencia del conductor,,,,,,,,,,,,
2026-01-23 10:07:26,-4.025379,-79.192917,Calle Imbabura,CON_FALLECIDOS,Choque Vehicular,Equipo de seguridad deficiente,26,FALLECIDO,HOMBRE,SCOOTER,34,FALLECIDO,MUJER,OTRO,,,,
2026-01-18 13:45:19,-4.012195,-79.181354,Calle 10 de Agosto,CON_LESIONADOS,Volcamiento,Via resbaladiza o mojada,55,LESIONADO,NO_REGISTRA,PEATON,72,LESIONADO,NO_REGISTRA,PEATON,31,LESIONADO,HOMBRE,CICLISTA
2026-01-09 19:05:27,-3.977626,-79.228605,Ruta 35,SOLO_DANOS,Accidente Laboral,Inobservancia de senales,,,,,,,,,,,,
2026-01-07 18:15:25,-4.023952,-79.211313,Ruta 35,CON_FALLECIDOS,Volcamiento,Equipo de seguridad deficiente,51,FALLECIDO,HOMBRE,PEATON,,,,,,,,
2026-01-18 01:47:04,-4.003419,-79.173306,Calle 18 de Noviembre,SOLO_DANOS,Colision Multiple,Exceso de velocidad,,,,,,,,,,,,
2026-01-15 02:30:43,-3.999827,-79.189138,Calle Ramon Borrero,SOLO_DANOS,Caida,Exceso de velocidad,,,,,,,,,,,,
2026-01-01 23:25:17,-4.011045,-79.229622,Calle Ramon Borrero,SOLO_DANOS,Choque Vehicular,Exceso de velocidad,,,,,,,,,,,,
2026-01-17 23:27:31,-3.995425,-79.228935,Calle 10 de Agosto,CON_LESIONADOS,Accidente Laboral,Visibilidad reducida,55,LESIONADO,NO_REGISTRA,CICLISTA,,,,,,,,
2026-01-03 22:44:04,-4.017231,-79.222327,Av. Universitaria,CON_LESIONADOS,Volcamiento,Inobservancia de senales,66,LESIONADO,NO_REGISTRA,OTRO,79,LESIONADO,MUJER,MOTOCICLETA,,,,
2026-01-19 01:09:17,-3.986082,-79.185445,Av. Universitaria,CON_LESIONADOS,Colision Multiple,Factores externos,31,LESIONADO,MUJER,MOTOCICLETA,17,LESIONADO,NO_REGISTRA,OTRO,,,,
2026-01-10 14:11:22,-4.000839,-79.178314,Av. Gran Colombia,SOLO_DANOS,Incendio,Equipo de seguridad deficiente,,,,,,,,,,,,
2026-01-20 14:59:23,-4.032093,-79.195049,Av. Universitaria,CON_FALLECIDOS,Accidente Laboral,Via resbaladiza o mojada,47,FALLECIDO,HOMBRE,VEH_LIVIANO,52,FALLECIDO,NO_REGISTRA,MOTOCICLETA,30,LESIONADO,HOMBRE,PEATON
2026-01-20 18:12:38,-4.009739,-79.214084,Calle Quito,SOLO_DANOS,Atropellamiento,Inobservancia de senales,,,,,,,,,,,,
2026-01-07 16:54:49,-3.994977,-79.189367,Via Loja - Zamora,CON_LESIONADOS,Atropellamiento,Equipo de seguridad deficiente,68,LESIONADO,NO_REGISTRA,CICLISTA,33,LESIONADO,NO_REGISTRA,CICLISTA,,,,
2026-01-19 09:45:18,-4.009047,-79.222829,Calle Quito,CON_FALLECIDOS,Caida,Equipo de seguridad deficiente,43,FALLECIDO,MUJER,CICLISTA,21,FALLECIDO,HOMBRE,VEH_LIVIANO,70,LESIONADO,NO_REGISTRA,OTRO
2026-01-03 09:38:22,-4.014711,-79.223907,Calle Montufar,SOLO_DANOS,Accidente Laboral,Mal estado de la via,,,,,,,,,,,,
2026-01-09 22:56:24,-4.020720,-79.208698,Via Loja - Catamayo,CON_FALLECIDOS,Atropellamiento,Fatiga del conductor,66,FALLECIDO,HOMBRE,MOTOCICLETA,70,FALLECIDO,HOMBRE,CICLISTA,60,LESIONADO,MUJER,OTRO
2026-01-12 14:26:38,-4.024975,-79.194455,Calle 18 de Noviembre,CON_FALLECIDOS,Accidente Laboral,Factores externos,26,FALLECIDO,NO_REGISTRA,CICLISTA,55,FALLECIDO,NO_REGISTRA,VEH_LIVIANO,,,,
2026-01-20 09:05:31,-4.021381,-79.182068,Calle Mercadillo,CON_FALLECIDOS,Choque Vehicular,Imprudencia del conductor,31,FALLECIDO,NO_REGISTRA,VEH_LIVIANO,67,FALLECIDO,HOMBRE,VEH_LIVIANO,31,LESIONADO,NO_REGISTRA,MOTOCICLETA
2026-01-10 10:57:19,-4.007557,-79.217904,Av. 8 de Diciembre,CON_FALLECIDOS,Colision Multiple,Factores externos,23,FALLECIDO,HOMBRE,PEATON,,,,,,,,
2026-01-15 23:18:55,-3.980540,-79.193720,Av. Cuxibamba,SOLO_DANOS,Atropellamiento,Estado de embriaguez,,,,,,,,,,,,
2026-01-01 06:29:44,-4.026621,-79.197315,Av. Pio Jaramillo,CON_LESIONADOS,Accidente Laboral,Visibilidad reducida,77,LESIONADO,MUJER,SCOOTER,46,LESIONADO,NO_REGISTRA,VEH_LIVIANO,,,,
2026-01-14 17:16:02,-4.007633,-79.214975,Av. Reinaldo Espinosa,SOLO_DANOS,Incendio,Estado de embriaguez,,,,,,,,,,,,
2026-01-06 12:36:17,-4.005202,-79.221448,Av. Gran Colombia,CON_FALLECIDOS,Choque Vehicular,Exceso de velocidad,62,FALLECIDO,MUJER,PEATON,22,LESIONADO,NO_REGISTRA,OTRO,,,,
2026-01-22 00:58:55,-3.996498,-79.212681,Calle Ramon Borrero,SOLO_DANOS,Colision Multiple,Imprudencia del conductor,,,,,,,,,,,,
2026-01-10 00:08:08,-3.997070,-79.184120,Av. Metropolitana,CON_FALLECIDOS,Caida,Estado de embriaguez,80,FALLECIDO,HOMBRE,CICLISTA,9,LESIONADO,HOMBRE,VEH_LIVIANO,42,LESIONADO,MUJER,VEH_LIVIANO
2026-01-16 07:34:33,-4.034503,-79.180412,Calle Colon,SOLO_DANOS,Incendio,Imprudencia del conductor,,,,,,,,,,,,
2026-01-09 17:05:21,-4.015043,-79.186206,Calle Montufar,CON_LESIONADOS,Atropellamiento,Via resbaladiza o mojada,20,LESIONADO,HOMBRE,VEH_LIVIANO,36,LESIONADO,HOMBRE,SCOOTER,54,LESIONADO,HOMBRE,MOTOCICLETA
2026-01-10 18:36:24,-4.005809,-79.196275,Av. Rosa Hermosa,SOLO_DANOS,Accidente Laboral,Estado de embriaguez,,,,,,,,,,,,
2026-01-05 10:22:12,-4.004706,-79.204834,Calle Quito,CON_FALLECIDOS,Accidente Laboral,Estado de embriaguez,64,FALLECIDO,HOMBRE,MOTOCICLETA,24,LESIONADO,MUJER,CICLISTA,,,,
2026-01-19 16:00:57,-3.983084,-79.216808,Calle 10 de Agosto,CON_FALLECIDOS,Accidente Laboral,Equipo de seguridad deficiente,35,FALLECIDO,MUJER,OTRO,55,FALLECIDO,HOMBRE,CICLISTA,,,,
2026-01-20 14:03:36,-3.981167,-79.227403,Ruta 35,CON_LESIONADOS,Accidente Laboral,Equipo de seguridad deficiente,14,LESIONADO,NO_REGISTRA,MOTOCICLETA,,,,,,,,
2026-01-13 08:08:57,-4.018007,-79.206776,Ruta 35,CON_FALLECIDOS,Atropellamiento,Imprudencia del conductor,81,FALLECIDO,NO_REGISTRA,CICLISTA,43,FALLECIDO,MUJER,SCOOTER,,,,
2026-01-20 06:00:51,-3.994984,-79.174009,Calle Sucre,CON_FALLECIDOS,Caida,Inobservancia de senales,20,FALLECIDO,MUJER,SCOOTER,84,FALLECIDO,MUJER,SCOOTER,65,LESIONADO,HOMBRE,PEATON
2026-01-23 08:06:57,-3.979135,-79.175828,Av. Orillas del Zamora,CON_LESIONADOS,Colision Multiple,Falla mecanica,68,LESIONADO,MUJER,VEH_LIVIANO,,,,,,,,
2026-01-07 13:42:16,-4.003636,-79.187041,Calle Imbabura,SOLO_DANOS,Colision Multiple,Factores externos,,,,,,,,,,,,
2026-01-10 04:41:43,-4.005765,-79.196424,Av. Orillas del Zamora,SOLO_DANOS,Accidente Laboral,Estado de embriaguez,,,,,,,,,,,,
2026-01-23 09:59:25,-3.991365,-79.173431,Ruta 35,CON_FALLECIDOS,Accidente Laboral,Estado de embriaguez,27,FALLECIDO,HOMBRE,MOTOCICLETA,23,FALLECIDO,NO_REGISTRA,CICLISTA,,,,
2026-01-12 19:38:27,-4.025469,-79.221220,Calle Colon,SOLO_DANOS,Incendio,Equipo de seguridad deficiente,,,,,,,,,,,,
2026-01-16 18:29:38,-3.990847,-79.173234,Calle Saraguro,CON_FALLECIDOS,Colision Multiple,Falla mecanica,62,FALLECIDO,MUJER,CICLISTA,,,,,,,,
2026-01-02 19:26:18,-3.989022,-79.230871,Calle Ramon Borrero,SOLO_DANOS,Incendio,Exceso de velocidad,76,LESIONADO,MUJER,OTRO,,,,,,,,
2026-01-10 01:53:35,-3.982447,-79.178094,Ruta 35,SOLO_DANOS,Incendio,Estado de embriaguez,13,LESIONADO,NO_REGISTRA,PEATON,,,,,,,,
2026-01-14 05:53:50,-4.029112,-79.218872,Av. Orillas del Zamora,SOLO_DANOS,Accidente Laboral,Mal estado de la via,,,,,,,,,,,,
2026-01-04 07:00:02,-3.981488,-79.192436,Calle Colon,CON_FALLECIDOS,Volcamiento,Falla mecanica,32,FALLECIDO,NO_REGISTRA,CICLISTA,60,FALLECIDO,HOMBRE,OTRO,31,LESIONADO,NO_REGISTRA,SCOOTER
2026-01-08 19:29:16,-3.995777,-79.175101,Calle Saraguro,CON_FALLECIDOS,Accidente Laboral,Imprudencia del conductor,27,FALLECIDO,HOMBRE,OTRO,82,FALLECIDO,NO_REGISTRA,VEH_LIVIANO,60,LESIONADO,HOMBRE,OTRO
2026-01-05 12:35:03,-3.995820,-79.187139,Via Loja - Zamora,CON_FALLECIDOS,Accidente Laboral,Imprudencia del conductor,76,FALLECIDO,NO_REGISTRA,PEATON,45,LESIONADO,MUJER,PEATON,,,,
2026-01-21 11:36:54,-4.020964,-79.225133,Av. Rosa Hermosa,CON_LESIONADOS,Volcamiento,Exceso de velocidad,35,LESIONADO,NO_REGISTRA,VEH_LIVIANO,27,LESIONADO,MUJER,OTRO,,,,
2026-01-05 13:25:40,-4.029505,-79.227492,Calle 10 de Agosto,CON_LESIONADOS,Atropellamiento,Distraccion (celular/radio),33,LESIONADO,HOMBRE,SCOOTER,5,LESIONADO,NO_REGISTRA,CICLISTA,,,,
2026-01-13 16:11:10,-3.998160,-79.206120,Av. Metropolitana,CON_LESIONADOS,Colision Multiple,Inobservancia de senales,45,LESIONADO,HOMBRE,VEH_LIVIANO,,,,,,,,
2026-01-23 05:18:31,-4.021899,-79.220228,Calle Ramon Borrero,SOLO_DANOS,Colision Multiple,Mal estado de la via,,,,,,,,,,,,
2026-01-21 21:10:57,-3.996508,-79.214135,Calle Imbabura,CON_FALLECIDOS,Atropellamiento,Falla mecanica,19,FALLECIDO,MUJER,CICLISTA,78,LESIONADO,NO_REGISTRA,PEATON,69,LESIONADO,HOMBRE,MOTOCICLETA
2026-01-14 23:44:34,-4.001330,-79.204202,Via Loja - Catamayo,CON_LESIONADOS,Choque Vehicular,Factores externos,60,LESIONADO,NO_REGISTRA,MOTOCICLETA,64,LESIONADO,HOMBRE,VEH_LIVIANO,32,LESIONADO,HOMBRE,PEATON
2026-01-15 22:34:28,-3.982515,-79.180861,Av. 8 de Diciembre,CON_LESIONADOS,Volcamiento,Imprudencia del conductor,72,LESIONADO,HOMBRE,MOTOCICLETA,29,LESIONADO,NO_REGISTRA,VEH_LIVIANO,,,,
2026-01-08 21:35:39,-3.998944,-79.172875,Calle 18 de Noviembre,CON_FALLECIDOS,Volcamiento,Visibilidad reducida,82,FALLECIDO,NO_REGISTRA,SCOOTER,45,FALLECIDO,NO_REGISTRA,OTRO,,,,
2026-01-22 02:07:09,-3.984383,-79.215711,Av. Pio Jaramillo,CON_FALLECIDOS,Incendio,Via resbaladiza o mojada,41,FALLECIDO,NO_REGISTRA,MOTOCICLETA,79,FALLECIDO,HOMBRE,OTRO,,,,
2026-01-03 03:52:38,-3.982827,-79.213197,Calle Sucre,CON_LESIONADOS,Choque Vehicular,Via resbaladiza o mojada,36,LESIONADO,HOMBRE,SCOOTER,18,LESIONADO,MUJER,PEATON,,,,
2026-01-05 00:29:06,-4.009654,-79.171168,Av. Manuel Agustin Aguirre,CON_FALLECIDOS,Choque Vehicular,Imprudencia del conductor,62,FALLECIDO,MUJER,VEH_LIVIANO,38,LESIONADO,MUJER,SCOOTER,64,LESIONADO,NO_REGISTRA,SCOOTER
2026-01-20 11:22:16,-3.989206,-79.207097,Calle Saraguro,CON_LESIONADOS,Accidente Laboral,Inobservancia de senales,36,LESIONADO,MUJER,CICLISTA,,,,,,,,
2026-01-06 10:06:02,-3.980772,-79.208162,Calle Rocafuerte,SOLO_DANOS,Volcamiento,Imprudencia del conductor,,,,,,,,,,,,
2026-01-02 09:32:05,-4.020950,-79.206868,Av. Pio Jaramillo,CON_FALLECIDOS,Choque Vehicular,Fatiga del conductor,65,FALLECIDO,NO_REGISTRA,MOTOCICLETA,38,FALLECIDO,MUJER,MOTOCICLETA,,,,
2026-01-12 17:07:26,-3.999890,-79.185022,Av. Cuxibamba,SOLO_DANOS,Volcamiento,Distraccion (celular/radio),58,LESIONADO,HOMBRE,OTRO,,,,,,,,
2026-01-22 11:25:31,-3.978078,-79.208489,Calle Colon,SOLO_DANOS,Choque Vehicular,Factores externos,,,,,,,,,,,,
2026-01-05 15:21:19,-3.999773,-79.213474,Calle Sucre,CON_FALLECIDOS,Colision Multiple,Factores externos,35,FALLECIDO,NO_REGISTRA,VEH_LIVIANO,41,LESIONADO,HOMBRE,SCOOTER,44,LESIONADO,NO_REGISTRA,VEH_LIVIANO
2026-01-03 16:54:56,-3.982055,-79.225799,Calle Quito,SOLO_DANOS,Choque Vehicular,Fatiga del conductor,,,,,,,,,,,,
2026-01-19 19:39:36,-4.010638,-79.182820,Av. Metropolitana,SOLO_DANOS,Incendio,Estado de embriaguez,,,,,,,,,,,,
2026-01-17 18:22:11,-4.004378,-79.201762,Av. 8 de Diciembre,CON_LESIONADOS,Colision Multiple,Visibilidad reducida,68,LESIONADO,NO_REGISTRA,MOTOCICLETA,61,LESIONADO,HOMBRE,CICLISTA,,,,
2026-01-19 12:41:14,-4.017779,-79.178835,Av. Universitaria,CON_FALLECIDOS,Volcamiento,Imprudencia del conductor,66,FALLECIDO,HOMBRE,MOTOCICLETA,44,FALLECIDO,HOMBRE,MOTOCICLETA,,,,
2026-01-18 00:27:19,-4.004417,-79.204518,Calle Miguel Riofrio,CON_FALLECIDOS,Atropellamiento,Inobservancia de senales,68,FALLECIDO,MUJER,OTRO,34,LESIONADO,NO_REGISTRA,CICLISTA,11,LESIONADO,HOMBRE,CICLISTA
2026-01-05 04:50:33,-3.994083,-79.180705,Calle 18 de Noviembre,CON_LESIONADOS,Incendio,Imprudencia del conductor,14,LESIONADO,HOMBRE,CICLISTA,39,LESIONADO,NO_REGISTRA,CICLISTA,,,,
2026-01-07 15:21:23,-4.027931,-79.223571,Calle Saraguro,SOLO_DANOS,Atropellamiento,Estado de embriaguez,,,,,,,,,,,,
2026-01-23 02:23:33,-3.987125,-79.207041,Calle Saraguro,CON_LESIONADOS,Incendio,Equipo de seguridad deficiente,38,LESIONADO,HOMBRE,CICLISTA,80,LESIONADO,NO_REGISTRA,PEATON,,,,
2026-01-18 22:48:45,-3.979742,-79.229991,Calle 10 de Agosto,SOLO_DANOS,Choque Vehicular,Estado de embriaguez,,,,,,,,,,,,
2026-01-19 19:20:42,-4.027823,-79.198471,Av. Reinaldo Espinosa,SOLO_DANOS,Colision Multiple,Distraccion (celular/radio),,,,,,,,,,,,
2026-01-21 22:39:08,-3.987296,-79.184696,Ruta 35,SOLO_DANOS,Atropellamiento,Inobservancia de senales,64,LESIONADO,HOMBRE,OTRO,,,,,,,,
2026-01-15 05:57:08,-3.988788,-79.208394,Av. Orillas del Zamora,CON_FALLECIDOS,Volcamiento,Equipo de seguridad deficiente,26,FALLECIDO,NO_REGISTRA,VEH_LIVIANO,29,FALLECIDO,HOMBRE,CICLISTA,,,,
2026-01-18 21:24:10,-3.993291,-79.171538,Calle 10 de Agosto,CON_LESIONADOS,Incendio,Exceso de velocidad,32,LESIONADO,NO_REGISTRA,CICLISTA,,,,,,,,
2026-01-10 02:18:55,-3.994359,-79.184260,Calle Colon,SOLO_DANOS,Choque Vehicular,Falla mecanica,,,,,,,,,,,,
2026-01-01 22:57:32,-4.010552,-79.190980,Calle 10 de Agosto,SOLO_DANOS,Caida,Mal estado de la via,,,,,,,,,,,,
2026-01-02 11:06:55,-4.013449,-79.229327,Via Loja - Catamayo,SOLO_DANOS,Incendio,Imprudencia del conductor,,,,,,,,,,,,
2026-01-10 06:39:34,-3.983378,-79.227447,Av. Manuel Agustin Aguirre,SOLO_DANOS,Incendio,Mal estado de la via,,,,,,,,,,,,
2026-01-12 01:19:38,-3.986750,-79.209918,Calle Saraguro,CON_LESIONADOS,Caida,Via resbaladiza o mojada,75,LESIONADO,NO_REGISTRA,CICLISTA,31,LESIONADO,NO_REGISTRA,MOTOCICLETA,,,,
2026-01-18 20:10:00,-4.027753,-79.176061,Av. Gran Colombia,CON_FALLECIDOS,Volcamiento,Estado de embriaguez,23,FALLECIDO,NO_REGISTRA,OTRO,39,FALLECIDO,NO_REGISTRA,MOTOCICLETA,55,LESIONADO,MUJER,VEH_LIVIANO
2026-01-06 00:13:51,-4.006106,-79.222292,Calle Quito,CON_LESIONADOS,Accidente Laboral,Falla mecanica,16,LESIONADO,NO_REGISTRA,SCOOTER,39,LESIONADO,MUJER,OTRO,58,LESIONADO,NO_REGISTRA,MOTOCICLETA
2026-01-05 23:01:20,-3.983815,-79.203528,Ruta 35,SOLO_DANOS,Volcamiento,Imprudencia del conductor,,,,,,,,,,,,
2026-01-13 13:35:10,-3.989851,-79.188182,Calle Azogues,SOLO_DANOS,Caida,Factores externos,,,,,,,,,,,,
2026-01-16 04:32:14,-4.024666,-79.226325,Calle Montufar,CON_FALLECIDOS,Caida,Factores externos,55,FALLECIDO,HOMBRE,SCOOTER,,,,,,,,
2026-01-23 10:42:29,-4.031166,-79.190997,Av. Manuel Agustin Aguirre,CON_FALLECIDOS,Choque Vehicular,Falla mecanica,52,FALLECIDO,NO_REGISTRA,MOTOCICLETA,,,,,,,,
2026-01-13 17:54:55,-4.030603,-79.219249,Av. Cuxibamba,SOLO_DANOS,Colision Multiple,Inobservancia de senales,,,,,,,,,,,,
2026-01-02 11:30:12,-3.992133,-79.172927,Av. Rosa Hermosa,CON_LESIONADOS,Choque Vehicular,Estado de embriaguez,70,LESIONADO,NO_REGISTRA,PEATON,72,LESIONADO,MUJER,VEH_LIVIANO,,,,
2026-01-04 03:36:26,-4.034730,-79.212163,Av. Pio Jaramillo,SOLO_DANOS,Colision Multiple,Imprudencia del conductor,,,,,,,,,,,,
2026-01-04 12:16:29,-4.015821,-79.192509,Calle 18 de Noviembre,CON_LESIONADOS,Colision Multiple,Estado de embriaguez,48,LESIONADO,NO_REGISTRA,OTRO,56,LESIONADO,MUJER,CICLISTA,,,,
2026-01-13 16:59:17,-4.029454,-79.181412,Calle Azogues,CON_FALLECIDOS,Atropellamiento,Mal estado de la via,82,FALLECIDO,NO_REGISTRA,VEH_LIVIANO,67,FALLECIDO,NO_REGISTRA,OTRO,22,LESIONADO,MUJER,SCOOTER
2026-01-21 17:11:49,-3.990694,-79.185870,Calle Mercadillo,CON_LESIONADOS,Incendio,Fatiga del conductor,15,LESIONADO,HOMBRE,SCOOTER,31,LESIONADO,NO_REGISTRA,OTRO,26,LESIONADO,HOMBRE,VEH_LIVIANO
2026-01-07 14:34:25,-3.994700,-79.208408,Av. Gran Colombia,CON_FALLECIDOS,Atropellamiento,Factores externos,47,FALLECIDO,MUJER,PEATON,55,FALLECIDO,HOMBRE,CICLISTA,11,LESIONADO,NO_REGISTRA,CICLISTA
2026-01-11 14:51:16,-3.994933,-79.186149,Calle Quito,SOLO_DANOS,Volcamiento,Estado de embriaguez,,,,,,,,,,,,
2026-01-05 03:07:04,-4.012410,-79.181063,Av. Cuxibamba,CON_LESIONADOS,Choque Vehicular,Visibilidad reducida,30,LESIONADO,HOMBRE,CICLISTA,,,,,,,,
2026-01-03 20:16:15,-4.019215,-79.226652,Av. Reinaldo Espinosa,SOLO_DANOS,Atropellamiento,Visibilidad reducida,23,LESIONADO,MUJER,VEH_LIVIANO,,,,,,,,
2026-01-23 12:29:34,-4.001480,-79.211061,Av. Rosa Hermosa,CON_FALLECIDOS,Caida,Falla mecanica,75,FALLECIDO,NO_REGISTRA,SCOOTER,72,LESIONADO,NO_REGISTRA,SCOOTER,,,,
2026-01-09 14:46:34,-4.033516,-79.208884,Calle Bolivar,SOLO_DANOS,Colision Multiple,Falla mecanica,,,,,,,,,,,,
2026-01-13 19:20:54,-4.002106,-79.205406,Av. Gran Colombia,SOLO_DANOS,Caida,Distraccion (celular/radio),,,,,,,,,,,,
2026-01-13 23:09:59,-4.031914,-79.199560,Calle 18 de Noviembre,CON_FALLECIDOS,Colision Multiple,Distraccion (celular/radio),24,FALLECIDO,MUJER,VEH_LIVIANO,64,FALLECIDO,NO_REGISTRA,VEH_LIVIANO,76,LESIONADO,HOMBRE,SCOOTER