fecha_hora,latitud,longitud,via,grado_severidad,tipo_siniestro,causa_probable,victima1_edad,victima1_condicion,victima1_sexo,victima1_actor_vial,victima2_edad,victima2_condicion,victima2_sexo,victima2_actor_vial,victima3_edad,victima3_condicion,victima3_sexo,victima3_actor_vial
2026-01-08 14:27:37,-4.029334,-79.229375,Calle Bolivar,CON_LESIONADOS,Incendio,Distraccion (celular/radio),17,LESIONADO,NO_REGISTRA,OTRO,,,,,,,,
2026-01-14 02:29:33,-4.036729,-79.219876,Av. Gran Colombia,CON_FALLECIDOS,Choque Vehicular,Estado de embriaguez,55,FALLECIDO,HOMBRE,VEH_LIVIANO,38,LESIONADO,NO_REGISTRA,SCOOTER,,,,
2026-01-18 18:34:37,-3.995053,-79.202917,Calle Colon,CON_FALLECIDOS,Atropellamiento,Estado de embriaguez,63,FALLECIDO,NO_REGISTRA,MOTOCICLETA,,,,,,,,
2026-01-05 09:14:26,-4.022773,-79.212528,Calle Quito,SOLO_DANOS,Volcamiento,Via resbaladiza o mojada,,,,,,,,,,,,
2026-01-16 07:31:14,-3.993120,-79.173268,Ruta 35,SOLO_DANOS,Accidente Laboral,Exceso de velocidad,53,LESIONADO,NO_REGISTRA,SCOOTER,,,,,,,,
2026-01-21 20:18:06,-4.036150,-79.208805,Via Loja - Catamayo,SOLO_DANOS,Atropellamiento,Mal estado de la via,,,,,,,,,,,,
2026-01-02 12:12:04,-4.033242,-79.203553,Via Loja - Zamora,CON_LESIONADOS,Caida,Fatiga del conductor,5,LESIONADO,NO_REGISTRA,OTRO,19,LESIONADO,MUJER,PEATON,5,LESIONADO,HOMBRE,MOTOCICLETA
2026-01-20 16:09:47,-4.033533,-79.202705,Av. 8 de Diciembre,CON_LESIONADOS,Volcamiento,Equipo de seguridad deficiente,49,LESIONADO,HOMBRE,OTRO,9,LESIONADO,HOMBRE,OTRO,18,LESIONADO,MUJER,OTRO
2026-01-02 09:12:39,-4.020948,-79.177249,Calle Sucre,CON_FALLECIDOS,Incendio,Factores externos,48,FALLECIDO,HOMBRE,SCOOTER,66,FALLECIDO,HOMBRE,PEATON,32,LESIONADO,NO_REGISTRA,VEH_LIVIANO
2026-01-23 00:27:01,-4.007525,-79.183117,Calle Bolivar,CON_LESIONADOS,Choque Vehicular,Inobservancia de senales,7,LESIONADO,NO_REGISTRA,OTRO,18,LESIONADO,NO_REGISTRA,PEATON,19,LESIONADO,MUJER,CICLISTA
2026-01-18 18:19:52,-4.031042,-79.210329,Calle Colon,CON_LESIONADOS,Volcamiento,Mal estado de la via,39,LESIONADO,MUJER,OTRO,56,LESIONADO,NO_REGISTRA,PEATON,11,LESIONADO,MUJER,OTRO
2026-01-22 10:53:48,-4.017010,-79.221456,Av. Pio Jaramillo,CON_LESIONADOS,Colision Multiple,Via resbaladiza o mojada,61,LESIONADO,MUJER,MOTOCICLETA,,,,,,,,
2026-01-09 07:29:10,-4.013586,-79.228079,Calle Miguel Riofrio,SOLO_DANOS,Accidente Laboral,Distraccion (celular/radio),,,,,,,,,,,,
2026-01-01 06:02:04,-3.999808,-79.182810,Av. Gran Colombia,CON_LESIONADOS,Incendio,Mal estado de la via,66,LESIONADO,NO_REGISTRA,OTRO,45,LESIONADO,HOMBRE,VEH_LIVIANO,,,,
2026-01-21 01:16:48,-4.033852,-79.175021,Ruta 35,CON_LESIONADOS,Caida,Estado de embriaguez,11,LESIONADO,NO_REGISTRA,MOTOCICLETA,6,LESIONADO,NO_REGISTRA,VEH_LIVIANO,,,,
2026-01-06 17:02:43,-4.036077,-79.188803,Calle Sucre,SOLO_DANOS,Caida,Imprudencia del conductor,,,,,,,,,,,,
2026-01-06 10:58:11,-3.994131,-79.227703,Av. Pio Jaramillo,SOLO_DANOS,Accidente Laboral,Factores externos,,,,,,,,,,,,
2026-01-21 22:33:14,-3.997378,-79.201927,Via Loja - Zamora,CON_LESIONADOS,Accidente Laboral,Falla mecanica,11,LESIONADO,NO_REGISTRA,SCOOTER,40,LESIONADO,MUJER,PEATON,71,LESIONADO,MUJER,CICLISTA
2026-01-10 11:02:22,-4.004350,-79.184791,Av. 8 de Diciembre,CON_FALLECIDOS,Colision Multiple,Equipo de seguridad deficiente,66,FALLECIDO,HOMBRE,SCOOTER,79,LESIONADO,HOMBRE,SCOOTER,49,LESIONADO,MUJER,PEATON
2026-01-13 13:35:51,-4.004740,-79.216465,Calle Imbabura,CON_FALLECIDOS,Atropellamiento,Factores externos,34,FALLECIDO,HOMBRE,SCOOTER,42,FALLECIDO,MUJER,OTRO,,,,
2026-01-12 22:08:57,-4.014460,-79.218497,Ruta 35,CON_LESIONADOS,Volcamiento,Falla mecanica,31,LESIONADO,HOMBRE,PEATON,,,,,,,,
2026-01-20 02:37:50,-4.028203,-79.221394,Av. Gran Colombia,SOLO_DANOS,Volcamiento,Distraccion (celular/radio),,,,,,,,,,,,
2026-01-19 01:24:00,-4.017836,-79.189044,Av. Cuxibamba,CON_LESIONADOS,Colision Multiple,Via resbaladiza o mojada,75,LESIONADO,MUJER,SCOOTER,,,,,,,,
2026-01-09 15:12:30,-4.024409,-79.179881,Calle Saraguro,SOLO_DANOS,Choque Vehicular,Mal estado de la via,54,LESIONADO,MUJER,SCOOTER,,,,,,,,
2026-01-04 03:37:56,-4.002971,-79.208894,Calle Quito,SOLO_DANOS,Accidente Laboral,Inobservancia de senales,,,,,,,,,,,,
2026-01-13 14:44:58,-4.009052,-79.180945,Av. 8 de Diciembre,CON_FALLECIDOS,Volcamiento,Falla mecanica,24,FALLECIDO,MUJER,CICLISTA,80,LESIONADO,HOMBRE,CICLISTA,16,LESIONADO,HOMBRE,CICLISTA
2026-01-03 19:51:08,-4.003623,-79.230277,Via Loja - Zamora,SOLO_DANOS,Volcamiento,Distraccion (celular/radio),,,,,,,,,,,,
2026-01-20 11:08:48,-4.008279,-79.213731,Av. Isidro Ayora,SOLO_DANOS,Colision Multiple,Inobservancia de senales,,,,,,,,,,,,
2026-01-22 04:41:36,-3.999821,-79.210957,Av. Universitaria,SOLO_DANOS,Incendio,Estado de embriaguez,,,,,,,,,,,,
2026-01-09 15:59:03,-4.030442,-79.199459,Av. 8 de Diciembre,CON_FALLECIDOS,Caida,Fatiga del conductor,57,FALLECIDO,HOMBRE,OTRO,82,FALLECIDO,HOMBRE,PEATON,35,LESIONADO,NO_REGISTRA,SCOOTER
2026-01-06 10:50:04,-4.021213,-79.215419,Av. Rosa Hermosa,SOLO_DANOS,Accidente Laboral,Distraccion (celular/radio),,,,,,,,,,,,
2026-01-21 01:15:58,-4.029685,-79.227046,Av. Rosa Hermosa,CON_LESIONADOS,Caida,Mal estado de la via,23,LESIONADO,HOMBRE,CICLISTA,49,LESIONADO,MUJER,CICLISTA,36,LESIONADO,NO_REGISTRA,MOTOCICLETA
2026-01-07 12:17:26,-3.995639,-79.225137,Calle Imbabura,CON_FALLECIDOS,Incendio,Mal estado de la via,83,FALLECIDO,NO_REGISTRA,MOTOCICLETA,67,FALLECIDO,NO_REGISTRA,OTRO,52,LESIONADO,NO_REGISTRA,VEH_LIVIANO
2026-01-23 03:16:14,-4.024518,-79.199515,Av. Cuxibamba,CON_LESIONADOS,Colision Multiple,Distraccion (celular/radio),53,LESIONADO,MUJER,PEATON,,,,,,,,
2026-01-03 15:26:12,-3.997136,-79.221465,Av. Gran Colombia,CON_FALLECIDOS,Atropellamiento,Inobservancia de senales,54,FALLECIDO,HOMBRE,OTRO,61,LESIONADO,HOMBRE,PEATON,,,,
2026-01-01 11:44:48,-4.013731,-79.196990,Av. 8 de Diciembre,CON_LESIONADOS,Choque Vehicular,Distraccion (celular/radio),13,LESIONADO,MUJER,SCOOTER,,,,,,,,
2026-01-10 05:35:15,-3.981292,-79.184874,Calle Bolivar,SOLO_DANOS,Accidente Laboral,Via resbaladiza o mojada,,,,,,,,,,,,
2026-01-13 10:55:21,-3.985818,-79.188410,Calle Bolivar,CON_LESIONADOS,Caida,Estado de embriaguez,35,LESIONADO,MUJER,PEATON,20,LESIONADO,HOMBRE,SCOOTER,,,,
2026-01-18 05:36:34,-3.987016,-79.179750,Av. Universitaria,CON_FALLECIDOS,Colision Multiple,Equipo de seguridad deficiente,45,FALLECIDO,HOMBRE,SCOOTER,18,FALLECIDO,HOMBRE,SCOOTER,35,LESIONADO,MUJER,CICLISTA
2026-01-13 21:10:28,-3.981836,-79.193910,Calle Rocafuerte,SOLO_DANOS,Accidente Laboral,Estado de embriaguez,73,LESIONADO,HOMBRE,SCOOTER,,,,,,,,
2026-01-07 05:19:51,-4.004027,-79.197795,Calle Quito,SOLO_DANOS,Atropellamiento,Mal estado de la via,,,,,,,,,,,,
2026-01-19 18:38:37,-4.000360,-79.171222,Av. Universitaria,CON_FALLECIDOS,Accidente Laboral,Via resbaladiza o mojada,71,FALLECIDO,HOMBRE,PEATON,24,LESIONADO,NO_REGISTRA,SCOOTER,26,LESIONADO,MUJER,CICLISTA
2026-01-11 15:31:24,-3.986664,-79.189393,Av. Manuel Agustin Aguirre,CON_FALLECIDOS,Incendio,Distraccion (celular/radio),29,FALLECIDO,HOMBRE,SCOOTER,40,FALLECIDO,HOMBRE,SCOOTER,,,,
2026-01-05 07:09:53,-3.993557,-79.197489,Calle Montufar,SOLO_DANOS,Caida,Exceso de velocidad,,,,,,,,,,,,
2026-01-22 11:34:52,-4.035597,-79.175303,Av. Metropolitana,CON_LESIONADOS,Atropellamiento,Falla mecanica,66,LESIONADO,HOMBRE,VEH_LIVIANO,65,LESIONADO,MUJER,PEATON,74,LESIONADO,NO_REGISTRA,SCOOTER
2026-01-15 00:18:27,-4.004275,-79.192225,Av. Rosa Hermosa,CON_LESIONADOS,Volcamiento,Fatiga del conductor,39,LESIONADO,HOMBRE,SCOOTER,78,LESIONADO,NO_REGISTRA,VEH_LIVIANO,72,LESIONADO,MUJER,PEATON
2026-01-22 12:59:17,-3.981205,-79.183750,Av. Metropolitana,SOLO_DANOS,Incendio,Equipo de seguridad deficiente,,,,,,,,,,,,
2026-01-19 22:02:01,-4.028926,-79.229388,Calle Sucre,CON_FALLECIDOS,Caida,Factores externos,49,FALLECIDO,MUJER,CICLISTA,52,FALLECIDO,NO_REGISTRA,CICLISTA,,,,
2026-01-09 12:54:31,-3.997035,-79.203546,Calle Ramon Borrero,CON_LESIONADOS,Colision Multiple,Estado de embriaguez,48,LESIONADO,MUJER,PEATON,44,LESIONADO,NO_REGISTRA,SCOOTER,,,,
2026-01-19 18:51:14,-3.995652,-79.193459,Calle Montufar,SOLO_DANOS,Atropellamiento,Fatiga del conductor,,,,,,,,,,,,
2026-01-12 21:29:28,-4.017045,-79.195629,Calle Rocafuerte,CON_FALLECIDOS,Atropellamiento,Visibilidad reducida,48,FALLECIDO,NO_REGISTRA,CICLISTA,32,LESIONADO,HOMBRE,OTRO,17,LESIONADO,HOMBRE,OTRO
2026-01-06 23:07:49,-3.990491,-79.202113,Av. Gran Colombia,SOLO_DANOS,Accidente Laboral,Equipo de seguridad deficiente,,,,,,,,,,,,
2026-01-15 07:18:04,-4.014238,-79.195752,Calle Saraguro,SOLO_DANOS,Colision Multiple,Imprudencia del conductor,,,,,,,,,,,,
2026-01-15 05:13:52,-3.985702,-79.227964,Av. 8 de Diciembre,CON_FALLECIDOS,Volcamiento,Visibilidad reducida,56,FALLECIDO,HOMBRE,MOTOCICLETA,,,,,,,,
2026-01-03 12:16:14,-4.004091,-79.205981,Calle Ramon Borrero,CON_LESIONADOS,Atropellamiento,Visibilidad reducida,26,LESIONADO,NO_REGISTRA,VEH_LIVIANO,,,,,,,,
2026-01-04 20:52:33,-3.988494,-79.194850,Calle Azogues,CON_LESIONADOS,Caida,Exceso de velocidad,71,LESIONADO,NO_REGISTRA,MOTOCICLETA,,,,,,,,
2026-01-12 13:16:28,-3.993924,-79.187945,Via Loja - Catamayo,CON_FALLECIDOS,Accidente Laboral,Imprudencia del conductor,33,FALLECIDO,HOMBRE,CICLISTA,45,FALLECIDO,HOMBRE,PEATON,,,,
2026-01-04 15:22:43,-3.999250,-79.182489,Calle Sucre,CON_LESIONADOS,Caida,Mal estado de la via,31,LESIONADO,HOMBRE,PEATON,34,LESIONADO,NO_REGISTRA,MOTOCICLETA,,,,
2026-01-02 20:55:21,-4.017460,-79.179277,Calle Ramon Borrero,SOLO_DANOS,Volcamiento,Inobservancia de senales,53,LESIONADO,HOMBRE,SCOOTER,,,,,,,,
2026-01-06 03:42:36,-4.005765,-79.198743,Av. Pio Jaramillo,CON_LESIONADOS,Volcamiento,Equipo de seguridad deficiente,13,LESIONADO,HOMBRE,SCOOTER,,,,,,,,
2026-01-12 22:13:51,-4.004480,-79.212494,Calle Mercadillo,SOLO_DANOS,Choque Vehicular,Distraccion (celular/radio),,,,,,,,,,,,
2026-01-08 22:04:08,-3.992729,-79.207782,Via Loja - Catamayo,CON_FALLECIDOS,Caida,Visibilidad reducida,77,FALLECIDO,NO_REGISTRA,PEATON,44,LESIONADO,MUJER,PEATON,47,LESIONADO,HOMBRE,VEH_LIVIANO
2026-01-12 11:22:48,-4.019839,-79.227069,Av. Orillas del Zamora,CON_FALLECIDOS,Caida,Via resbaladiza o mojada,50,FALLECIDO,HOMBRE,OTRO,,,,,,,,
2026-01-01 07:07:32,-4.007190,-79.177331,Via Loja - Catamayo,CON_LESIONADOS,Caida,Mal estado de la via,44,LESIONADO,MUJER,PEATON,39,LESIONADO,HOMBRE,CICLISTA,,,,
2026-01-04 02:57:11,-4.011396,-79.191337,Via Loja - Catamayo,CON_FALLECIDOS,Atropellamiento,Via resbaladiza o mojada,44,FALLECIDO,MUJER,MOTOCICLETA,76,FALLECIDO,HOMBRE,SCOOTER,73,LESIONADO,MUJER,PEATON
2026-01-17 00:41:55,-3.999697,-79.180763,Av. Orillas del Zamora,CON_LESIONADOS,Colision Multiple,Equipo de seguridad deficiente,21,LESIONADO,NO_REGISTRA,MOTOCICLETA,52,LESIONADO,MUJER,OTRO,7,LESIONADO,HOMBRE,SCOOTER
2026-01-06 16:41:01,-3.978030,-79.225073,Av. Universitaria,CON_FALLECIDOS,Colision Multiple,Equipo de seguridad deficiente,64,FALLECIDO,MUJER,CICLISTA,50,FALLECIDO,NO_REGISTRA,CICLISTA,,,,
2026-01-14 12:17:10,-4.022154,-79.221263,Av. Rosa Hermosa,CON_FALLECIDOS,Accidente Laboral,Fatiga del conductor,50,FALLECIDO,HOMBRE,CICLISTA,42,LESIONADO,NO_REGISTRA,VEH_LIVIANO,,,,
2026-01-02 07:26:13,-4.030636,-79.218275,Av. Orillas del Zamora,CON_LESIONADOS,Accidente Laboral,Imprudencia del conductor,63,LESIONADO,NO_REGISTRA,OTRO,42,LESIONADO,NO_REGISTRA,CICLISTA,,,,
2026-01-21 05:07:20,-3.984333,-79.171858,Av. Orillas del Zamora,CON_FALLECIDOS,Choque Vehicular,Mal estado de la via,50,FALLECIDO,MUJER,MOTOCICLETA,50,LESIONADO,HOMBRE,MOTOCICLETA,,,,
2026-01-19 06:37:05,-4.024041,-79.195470,Calle Rocafuerte,CON_FALLECIDOS,Incendio,Inobservancia de senales,83,FALLECIDO,HOMBRE,CICLISTA,58,FALLECIDO,HOMBRE,VEH_LIVIANO,22,LESIONADO,HOMBRE,VEH_LIVIANO
2026-01-18 20:59:01,-4.016644,-79.174394,Calle Mercadillo,SOLO_DANOS,Volcamiento,Falla mecanica,,,,,,,,,,,,
2026-01-11 08:22:48,-4.009122,-79.210493,Calle Imbabura,CON_FALLECIDOS,Caida,Exceso de velocidad,79,FALLECIDO,NO_REGISTRA,PEATON,6,LESIONADO,MUJER,OTRO,,,,
2026-01-02 18:30:15,-3.999888,-79.185449,Via Loja - Catamayo,CON_LESIONADOS,Volcamiento,Factores externos,61,LESIONADO,HOMBRE,VEH_LIVIANO,,,,,,,,
2026-01-02 12:41:41,-4.001019,-79.192613,Calle 18 de Noviembre,SOLO_DANOS,Volcamiento,Mal estado de la via,12,LESIONADO,HOMBRE,SCOOTER,,,,,,,,
2026-01-02 12:31:01,-4.022333,-79.225780,Av. Gran Colombia,CON_LESIONADOS,Incendio,Via resbaladiza o mojada,31,LESIONADO,NO_REGISTRA,MOTOCICLETA,,,,,,,,
2026-01-08 08:24:28,-3.986117,-79.207218,Av. Rosa Hermosa,SOLO_DANOS,Accidente Laboral,Inobservancia de senales,,,,,,,,,,,,
2026-01-07 20:08:43,-4.016415,-79.208753,Av. Isidro Ayora,CON_FALLECIDOS,Caida,Estado de embriaguez,20,FALLECIDO,MUJER,SCOOTER,78,FALLECIDO,NO_REGISTRA,OTRO,17,LESIONADO,NO_REGISTRA,OTRO
2026-01-05 22:42:44,-4.011888,-79.176309,Calle Ramon Borrero,SOLO_DANOS,Colision Multiple,Inobservancia de senales,,,,,,,,,,,,
2026-01-13 01:27:01,-4.006989,-79.192063,Av. Pio Jaramillo,CON_FALLECIDOS,Colision Multiple,Estado de embriaguez,47,FALLECIDO,HOMBRE,VEH_LIVIANO,32,FALLECIDO,MUJER,OTRO,19,LESIONADO,MUJER,SCOOTER
2026-01-16 01:16:14,-4.033171,-79.185915,Calle Bolivar,SOLO_DANOS,Atropellamiento,Exceso de velocidad,,,,,,,,,,,,
2026-01-09 12:13:38,-3.978091,-79.221954,Calle 18 de Noviembre,SOLO_DANOS,Atropellamiento,Falla mecanica,,,,,,,,,,,,
2026-01-06 11:28:59,-4.009248,-79.210125,Calle Miguel Riofrio,SOLO_DANOS,Caida,Estado de embriaguez,,,,,,,,,,,,
2026-01-21 07:14:08,-4.023217,-79.208878,Av. Isidro Ayora,CON_FALLECIDOS,Choque Vehicular,Estado de embriaguez,75,FALLECIDO,HOMBRE,CICLISTA,59,FALLECIDO,HOMBRE,OTRO,30,LESIONADO,HOMBRE,OTRO
2026-01-12 07:54:29,-4.008708,-79.191656,Av. Orillas del Zamora,CON_LESIONADOS,Colision Multiple,Mal estado de la via,8,LESIONADO,MUJER,MOTOCICLETA,,,,,,,,
2026-01-08 00:15:35,-4.035131,-79.227935,Calle Montufar,SOLO_DANOS,Accidente Laboral,Via resbaladiza o mojada,,,,,,,,,,,,
2026-01-07 06:56:12,-4.021565,-79.177634,Av. Universitaria,SOLO_DANOS,Accidente Laboral,Via resbaladiza o mojada,,,,,,,,,,,,
2026-01-03 16:32:02,-4.001534,-79.195915,Calle Ramon Borrero,CON_LESIONADOS,Colision Multiple,Fatiga del conductor,13,LESIONADO,HOMBRE,CICLISTA,,,,,,,,
2026-01-11 07:40:57,-3.996578,-79.208021,Calle Ramon Borrero,CON_FALLECIDOS,Volcamiento,Exceso de velocidad,36,FALLECIDO,MUJER,CICLISTA,75,LESIONADO,MUJER,MOTOCICLETA,,,,
2026-01-04 06:54:31,-3.982561,-79.178482,Calle Sucre,CON_LESIONADOS,Caida,Estado de embriaguez,25,LESIONADO,HOMBRE,CICLISTA,54,LESIONADO,MUJER,OTRO,22,LESIONADO,MUJER,PEATON
2026-01-19 20:19:14,-4.016097,-79.176627,Calle Imbabura,CON_FALLECIDOS,Volcamiento,Imprudencia del conductor,74,FALLECIDO,NO_REGISTRA,VEH_LIVIANO,77,LESIONADO,MUJER,VEH_LIVIANO,77,LESIONADO,HOMBRE,OTRO
2026-01-12 21:47:25,-3.991624,-79.195769,Av. Gran Colombia,CON_LESIONADOS,Incendio,Estado de embriaguez,34,LESIONADO,HOMBRE,MOTOCICLETA,,,,,,,,
2026-01-19 15:07:00,-3.983467,-79.228812,Via Loja - Catamayo,SOLO_DANOS,Atropellamiento,Inobservancia de senales,,,,,,,,,,,,
2026-01-19 03:11:50,-4.027754,-79.191350,Av. Gran Colombia,CON_LESIONADOS,Incendio,Imprudencia del conductor,62,LESIONADO,NO_REGISTRA,SCOOTER,38,LESIONADO,MUJER,MOTOCICLETA,60,LESIONADO,HOMBRE,SCOOTER
2026-01-21 13:02:42,-4.032377,-79.182136,Calle Bolivar,SOLO_DANOS,Incendio,Visibilidad reducida,,,,,,,,,,,,
2026-01-12 04:22:35,-4.009144,-79.199612,Calle 10 de Agosto,SOLO_DANOS,Volcamiento,Inobservancia de senales,,,,,,,,,,,,
2026-01-03 06:44:58,-4.028664,-79.193656,Av. Reinaldo Espinosa,CON_FALLECIDOS,Volcamiento,Equipo de seguridad deficiente,33,FALLECIDO,NO_REGISTRA,CICLISTA,68,LESIONADO,NO_REGISTRA,VEH_LIVIANO,36,LESIONADO,NO_REGISTRA,VEH_LIVIANO
2026-01-12 13:48:34,-4.030116,-79.202159,Calle Bolivar,CON_LESIONADOS,Choque Vehicular,Factores externos,46,LESIONADO,NO_REGISTRA,CICLISTA,80,LESIONADO,MUJER,MOTOCICLETA,56,LESIONADO,MUJER,SCOOTER
2026-01-16 08:38:25,-3.994856,-79.225936,Calle Azogues,CON_LESIONADOS,Atropellamiento,Equipo de seguridad deficiente,72,LESIONADO,MUJER,OTRO,69,LESIONADO,MUJER,SCOOTER,,,,
2026-01-18 05:01:05,-4.026614,-79.222687,Via Loja - Catamayo,CON_FALLECIDOS,Caida,Falla mecanica,28,FALLECIDO,NO_REGISTRA,SCOOTER,54,FALLECIDO,HOMBRE,SCOOTER,,,,
2026-01-19 14:51:01,-4.024462,-79.215919,Calle Imbabura,CON_LESIONADOS,Caida,Falla mecanica,12,LESIONADO,NO_REGISTRA,PEATON,,,,,,,,
2026-01-08 13:01:07,-4.010521,-79.199386,Calle Miguel Riofrio,CON_LESIONADOS,Colision Multiple,Estado de embriaguez,79,LESIONADO,MUJER,PEATON,10,LESIONADO,HOMBRE,PEATON,,,,
2026-01-19 23:43:11,-4.008259,-79.192743,Calle Montufar,SOLO_DANOS,Atropellamiento,Fatiga del conductor,,,,,,,,,,,,
2026-01-20 23:42:02,-3.983110,-79.187189,Calle Colon,CON_FALLECIDOS,Atropellamiento,Visibilidad reducida,64,FALLECIDO,HOMBRE,MOTOCICLETA,64,FALLECIDO,MUJER,CICLISTA,,,,
2026-01-11 02:22:24,-4.021101,-79.172596,Calle Montufar,CON_FALLECIDOS,Caida,Imprudencia del conductor,50,FALLECIDO,HOMBRE,SCOOTER,23,FALLECIDO,NO_REGISTRA,CICLISTA,22,LESIONADO,MUJER,PEATON
2026-01-02 09:37:33,-4.024163,-79.177219,Calle Imbabura,CON_LESIONADOS,Atropellamiento,Factores externos,63,LESIONADO,HOMBRE,MOTOCICLETA,69,LESIONADO,HOMBRE,SCOOTER,,,,
2026-01-19 22:01:05,-4.015359,-79.212308,Via Loja - Catamayo,SOLO_DANOS,Colision Multiple,Fatiga del conductor,,,,,,,,,,,,
2026-01-12 13:20:02,-3.979675,-79.185426,Calle 18 de Noviembre,CON_FALLECIDOS,Accidente Laboral,Inobservancia de senales,77,FALLECIDO,NO_REGISTRA,OTRO,44,FALLECIDO,NO_REGISTRA,MOTOCICLETA,41,LESIONADO,HOMBRE,VEH_LIVIANO
2026-01-21 12:40:55,-3.993937,-79.208110,Via Loja - Zamora,CON_FALLECIDOS,Colision Multiple,Equipo de seguridad deficiente,39,FALLECIDO,MUJER,PEATON,,,,,,,,
2026-01-08 07:28:40,-3.992759,-79.206410,Calle 18 de Noviembre,SOLO_DANOS,Colision Multiple,Imprudencia del conductor,,,,,,,,,,,,
2026-01-08 13:57:25,-3.984094,-79.190812,Calle Ramon Borrero,CON_FALLECIDOS,Choque Vehicular,Imprudencia del conductor,71,FALLECIDO,HOMBRE,VEH_LIVIANO,,,,,,,,
2026-01-20 14:12:33,-4.004746,-79.200910,Av. Metropolitana,SOLO_DANOS,Colision Multiple,Estado de embriaguez,,,,,,,,,,,,
2026-01-07 12:43:52,-4.014151,-79.172947,Calle 10 de Agosto,CON_FALLECIDOS,Accidente Laboral,Via resbaladiza o mojada,69,FALLECIDO,NO_REGISTRA,SCOOTER,61,FALLECIDO,NO_REGISTRA,VEH_LIVIANO,11,LESIONADO,NO_REGISTRA,VEH_LIVIANO
2026-01-10 21:40:39,-4.031519,-79.186284,Calle Rocafuerte,CON_FALLECIDOS,Colision Multiple,Estado de embriaguez,74,FALLECIDO,HOMBRE,SCOOTER,47,FALLECIDO,HOMBRE,VEH_LIVIANO,17,LESIONADO,HOMBRE,MOTOCICLETA
2026-01-13 16:38:57,-4.014945,-79.199697,Calle 10 de Agosto,CON_FALLECIDOS,Caida,Imprudencia del conductor,34,FALLECIDO,HOMBRE,MOTOCICLETA,21,LESIONADO,MUJER,SCOOTER,11,LESIONADO,NO_REGISTRA,PEATON
2026-01-21 08:40:27,-4.023978,-79.211845,Calle Rocafuerte,SOLO_DANOS,Volcamiento,Factores externos,25,LESIONADO,HOMBRE,VEH_LIVIANO,,,,,,,,
2026-01-08 14:16:35,-4.032151,-79.209351,Av. Isidro Ayora,CON_LESIONADOS,Caida,Estado de embriaguez,75,LESIONADO,HOMBRE,SCOOTER,67,LESIONADO,NO_REGISTRA,MOTOCICLETA,,,,
2026-01-08 15:46:53,-4.029041,-79.184857,Calle Bolivar,CON_FALLECIDOS,Atropellamiento,Via resbaladiza o mojada,53,FALLECIDO,MUJER,SCOOTER,6,LESIONADO,HOMBRE,PEATON,74,LESIONADO,NO_REGISTRA,SCOOTER
2026-01-05 09:43:23,-3.985122,-79.179807,Av. Universitaria,CON_LESIONADOS,Atropellamiento,Falla mecanica,80,LESIONADO,HOMBRE,SCOOTER,80,LESIONADO,NO_REGISTRA,MOTOCICLETA,,,,
2026-01-04 11:52:08,-4.035812,-79.187741,Calle Mercadillo,CON_FALLECIDOS,Incendio,Estado de embriaguez,52,FALLECIDO,MUJER,OTRO,24,FALLECIDO,HOMBRE,CICLISTA,20,LESIONADO,HOMBRE,MOTOCICLETA
2026-01-09 03:56:14,-4.013992,-79.193402,Calle Imbabura,SOLO_DANOS,Incendio,Mal estado de la via,,,,,,,,,,,,
2026-01-10 07:56:56,-3.991307,-79.214282,Calle Mercadillo,CON_FALLECIDOS,Colision Multiple,Visibilidad reducida,54,FALLECIDO,MUJER,OTRO,30,FALLECIDO,HOMBRE,MOTOCICLETA,,,,
2026-01-18 03:05:59,-3.990745,-79.174986,Calle Montufar,SOLO_DANOS,Caida,Visibilidad reducida,,,,,,,,,,,,
2026-01-16 19:58:08,-4.002285,-79.175235,Calle Ramon Borrero,CON_FALLECIDOS,Colision Multiple,Visibilidad reducida,55,FALLECIDO,NO_REGISTRA,MOTOCICLETA,5,LESIONADO,NO_REGISTRA,MOTOCICLETA,,,,
2026-01-03 11:43:03,-3.983932,-79.219516,Calle Colon,SOLO_DANOS,Colision Multiple,Imprudencia del conductor,,,,,,,,,,,,
2026-01-20 19:11:28,-3.996960,-79.190660,Via Loja - Catamayo,SOLO_DANOS,Colision Multiple,Distraccion (celular/radio),,,,,,,,,,,,
2026-01-15 11:14:58,-4.001380,-79.171902,Av. Manuel Agustin Aguirre,CON_LESIONADOS,Caida,Factores externos,63,LESIONADO,HOMBRE,PEATON,,,,,,,,
2026-01-21 10:43:28,-3.998705,-79.171267,Calle 10 de Agosto,CON_FALLECIDOS,Atropellamiento,Via resbaladiza o mojada,54,FALLECIDO,NO_REGISTRA,VEH_LIVIANO,38,FALLECIDO,NO_REGISTRA,PEATON,50,LESIONADO,MUJER,SCOOTER
2026-01-16 16:23:13,-3.978345,-79.213016,Calle Colon,CON_LESIONADOS,Accidente Laboral,Factores externos,29,LESIONADO,MUJER,MOTOCICLETA,,,,,,,,
2026-01-13 08:14:21,-4.032205,-79.173896,Av. Cuxibamba,CON_FALLECIDOS,Volcamiento,Via resbaladiza o mojada,20,FALLECIDO,HOMBRE,VEH_LIVIANO,,,,,,,,