fecha_hora,latitud,longitud,via,grado_severidad,tipo_siniestro,causa_probable,victima1_edad,victima1_condicion,victima1_sexo,victima1_actor_vial,victima2_edad,victima2_condicion,victima2_sexo,victima2_actor_vial,victima3_edad,victima3_condicion,victima3_sexo,victima3_actor_vial
2026-01-04 20:39:09,-4.010918,-79.180570,Calle Mercadillo,CON_FALLECIDOS,Accidente Laboral,Via resbaladiza o mojada,21,FALLECIDO,NO_REGISTRA,OTRO,32,FALLECIDO,NO_REGISTRA,SCOOTER,,,,
2026-01-22 00:41:09,-4.008629,-79.176168,Calle Miguel Riofrio,CON_LESIONADOS,Volcamiento,Via resbaladiza o mojada,14,LESIONADO,HOMBRE,PEATON,80,LESIONADO,HOMBRE,VEH_LIVIANO,31,LESIONADO,MUJER,CICLISTA
2026-01-01 19:15:07,-4.008171,-79.171918,Av. Gran Colombia,CON_LESIONADOS,Colision Multiple,Imprudencia del conductor,39,LESIONADO,NO_REGISTRA,CICLISTA,,,,,,,,
2026-01-17 02:40:48,-4.009795,-79.203804,Calle 18 de Noviembre,CON_LESIONADOS,Atropellamiento,Inobservancia de senales,24,LESIONADO,NO_REGISTRA,SCOOTER,27,LESIONADO,NO_REGISTRA,VEH_LIVIANO,65,LESIONADO,MUJER,MOTOCICLETA
2026-01-02 11:40:39,-3.991625,-79.211056,Calle Rocafuerte,CON_FALLECIDOS,Accidente Laboral,Falla mecanica,59,FALLECIDO,HOMBRE,PEATON,76,LESIONADO,MUJER,CICLISTA,47,LESIONADO,NO_REGISTRA,CICLISTA
2026-01-04 14:38:57,-3.996866,-79.215291,Calle Miguel Riofrio,SOLO_DANOS,Caida,Visibilidad reducida,,,,,,,,,,,,
2026-01-01 03:12:55,-4.002721,-79.205084,Av. Reinaldo Espinosa,CON_FALLECIDOS,Atropellamiento,Distraccion (celular/radio),61,FALLECIDO,NO_REGISTRA,PEATON,35,LESIONADO,HOMBRE,MOTOCICLETA,,,,
2026-01-08 17:51:43,-3.985153,-79.215961,Calle 18 de Noviembre,SOLO_DANOS,Caida,Mal estado de la via,,,,,,,,,,,,
2026-01-15 00:31:22,-3.988689,-79.184478,Calle Saraguro,CON_FALLECIDOS,Caida,Falla mecanica,80,FALLECIDO,NO_REGISTRA,MOTOCICLETA,19,LESIONADO,NO_REGISTRA,VEH_LIVIANO,55,LESIONADO,NO_REGISTRA,OTRO
2026-01-15 17:43:00,-3.978521,-79.203355,Av. Reinaldo Espinosa,CON_FALLECIDOS,Choque Vehicular,Mal estado de la via,20,FALLECIDO,HOMBRE,MOTOCICLETA,12,LESIONADO,HOMBRE,CICLISTA,54,LESIONADO,NO_REGISTRA,CICLISTA
2026-01-16 20:39:12,-3.997977,-79.230181,Calle Bolivar,SOLO_DANOS,Atropellamiento,Via resbaladiza o mojada,,,,,,,,,,,,
2026-01-06 18:39:36,-3.996012,-79.201173,Av. 8 de Diciembre,CON_FALLECIDOS,Accidente Laboral,Visibilidad reducida,60,FALLECIDO,NO_REGISTRA,PEATON,83,FALLECIDO,NO_REGISTRA,CICLISTA,63,LESIONADO,NO_REGISTRA,MOTOCICLETA
2026-01-04 22:34:57,-3.983167,-79.228697,Calle 10 de Agosto,SOLO_DANOS,Atropellamiento,Exceso de velocidad,,,,,,,,,,,,
2026-01-04 07:51:02,-4.024394,-79.174056,Av. Rosa Hermosa,CON_FALLECIDOS,Incendio,Fatiga del conductor,19,FALLECIDO,NO_REGISTRA,CICLISTA,56,LESIONADO,HOMBRE,MOTOCICLETA,,,,
2026-01-02 19:41:51,-4.022707,-79.202561,Calle 10 de Agosto,CON_LESIONADOS,Atropellamiento,Fatiga del conductor,12,LESIONADO,MUJER,VEH_LIVIANO,,,,,,,,
2026-01-01 10:10:38,-4.031979,-79.199641,Av. 8 de Diciembre,CON_LESIONADOS,Caida,Mal estado de la via,6,LESIONADO,MUJER,PEATON,60,LESIONADO,MUJER,OTRO,,,,
2026-01-02 19:02:05,-4.026655,-79.179328,Av. Universitaria,CON_LESIONADOS,Colision Multiple,Mal estado de la via,41,LESIONADO,HOMBRE,PEATON,,,,,,,,
2026-01-18 03:21:27,-3.995665,-79.178830,Av. Isidro Ayora,SOLO_DANOS,Volcamiento,Falla mecanica,,,,,,,,,,,,
2026-01-01 23:54:28,-4.010680,-79.210919,Av. Metropolitana,CON_LESIONADOS,Volcamiento,Exceso de velocidad,44,LESIONADO,HOMBRE,OTRO,17,LESIONADO,HOMBRE,MOTOCICLETA,75,LESIONADO,MUJER,VEH_LIVIANO
2026-01-10 20:37:06,-4.015693,-79.230751,Av. Cuxibamba,CON_LESIONADOS,Accidente Laboral,Distraccion (celular/radio),25,LESIONADO,MUJER,MOTOCICLETA,76,LESIONADO,NO_REGISTRA,VEH_LIVIANO,42,LESIONADO,MUJER,SCOOTER
2026-01-04 11:53:51,-4.027209,-79.177042,Calle 10 de Agosto,CON_FALLECIDOS,Atropellamiento,Equipo de seguridad deficiente,71,FALLECIDO,MUJER,OTRO,33,FALLECIDO,MUJER,PEATON,21,LESIONADO,HOMBRE,VEH_LIVIANO
2026-01-13 18:14:02,-4.035596,-79.180051,Av. Gran Colombia,CON_LESIONADOS,Colision Multiple,Exceso de velocidad,9,LESIONADO,NO_REGISTRA,MOTOCICLETA,56,LESIONADO,NO_REGISTRA,VEH_LIVIANO,29,LESIONADO,HOMBRE,SCOOTER
2026-01-16 01:17:27,-3.986999,-79.198298,Av. Pio Jaramillo,CON_FALLECIDOS,Volcamiento,Factores externos,52,FALLECIDO,HOMBRE,PEATON,55,FALLECIDO,HOMBRE,PEATON,70,LESIONADO,MUJER,PEATON
2026-01-13 13:36:10,-4.015432,-79.202247,Calle Azogues,SOLO_DANOS,Accidente Laboral,Equipo de seguridad deficiente,,,,,,,,,,,,
2026-01-18 05:58:37,-3.997024,-79.186965,Av. Cuxibamba,SOLO_DANOS,Incendio,Visibilidad reducida,,,,,,,,,,,,
2026-01-16 23:14:48,-3.999145,-79.212819,Calle 10 de Agosto,CON_FALLECIDOS,Volcamiento,Imprudencia del conductor,70,FALLECIDO,NO_REGISTRA,VEH_LIVIANO,40,LESIONADO,HOMBRE,SCOOTER,,,,
2026-01-20 19:24:43,-4.025459,-79.180738,Calle Sucre,CON_FALLECIDOS,Atropellamiento,Factores externos,64,FALLECIDO,MUJER,PEATON,,,,,,,,
2026-01-22 09:17:25,-4.008632,-79.216005,Calle Quito,CON_LESIONADOS,Caida,Estado de embriaguez,21,LESIONADO,HOMBRE,MOTOCICLETA,29,LESIONADO,MUJER,VEH_LIVIANO,,,,
2026-01-01 06:05:21,-3.981763,-79.230859,Av. Pio Jaramillo,CON_LESIONADOS,Atropellamiento,Visibilidad reducida,70,LESIONADO,HOMBRE,VEH_LIVIANO,29,LESIONADO,NO_REGISTRA,PEATON,,,,
2026-01-02 22:14:23,-4.011306,-79.207049,Calle Ramon Borrero,CON_FALLECIDOS,Accidente Laboral,Estado de embriaguez,39,FALLECIDO,MUJER,SCOOTER,66,FALLECIDO,MUJER,MOTOCICLETA,44,LESIONADO,NO_REGISTRA,MOTOCICLETA
2026-01-14 13:41:29,-4.005517,-79.188302,Av. Pio Jaramillo,CON_LESIONADOS,Volcamiento,Falla mecanica,64,LESIONADO,HOMBRE,SCOOTER,,,,,,,,
2026-01-21 04:33:40,-3.996874,-79.230401,Calle Azogues,CON_LESIONADOS,Atropellamiento,Mal estado de la via,43,LESIONADO,HOMBRE,OTRO,19,LESIONADO,HOMBRE,OTRO,31,LESIONADO,MUJER,SCOOTER
2026-01-22 18:37:41,-3.979099,-79.205568,Via Loja - Catamayo,CON_FALLECIDOS,Atropellamiento,Mal estado de la via,72,FALLECIDO,MUJER,PEATON,5,LESIONADO,NO_REGISTRA,VEH_LIVIANO,,,,
2026-01-17 05:17:46,-4.014519,-79.211153,Calle 10 de Agosto,CON_LESIONADOS,Volcamiento,Imprudencia del conductor,71,LESIONADO,HOMBRE,CICLISTA,15,LESIONADO,NO_REGISTRA,MOTOCICLETA,62,LESIONADO,NO_REGISTRA,OTRO
2026-01-21 21:24:46,-3.990155,-79.222700,Calle Sucre,SOLO_DANOS,Choque Vehicular,Via resbaladiza o mojada,,,,,,,,,,,,
2026-01-19 21:05:18,-4.018286,-79.216691,Calle Mercadillo,CON_FALLECIDOS,Volcamiento,Visibilidad reducida,68,FALLECIDO,HOMBRE,SCOOTER,,,,,,,,
2026-01-09 19:42:24,-4.015796,-79.197777,Av. Orillas del Zamora,CON_FALLECIDOS,Choque Vehicular,Falla mecanica,78,FALLECIDO,MUJER,MOTOCICLETA,7,LESIONADO,HOMBRE,VEH_LIVIANO,,,,
2026-01-03 05:25:43,-4.007124,-79.215701,Av. Cuxibamba,CON_FALLECIDOS,Accidente Laboral,Equipo de seguridad deficiente,39,FALLECIDO,HOMBRE,SCOOTER,78,LESIONADO,MUJER,VEH_LIVIANO,,,,
2026-01-03 06:18:47,-3.983786,-79.219245,Calle Azogues,SOLO_DANOS,Choque Vehicular,Imprudencia del conductor,,,,,,,,,,,,
2026-01-04 13:21:23,-4.026241,-79.214633,Ruta 35,SOLO_DANOS,Choque Vehicular,Falla mecanica,,,,,,,,,,,,
2026-01-01 07:38:16,-4.009688,-79.184504,Av. Rosa Hermosa,CON_FALLECIDOS,Volcamiento,Falla mecanica,81,FALLECIDO,MUJER,VEH_LIVIANO,7,LESIONADO,NO_REGISTRA,SCOOTER,,,,
2026-01-22 20:07:33,-4.011066,-79.217869,Calle Azogues,CON_LESIONADOS,Caida,Estado de embriaguez,5,LESIONADO,MUJER,MOTOCICLETA,,,,,,,,
2026-01-03 22:15:15,-3.989035,-79.178059,Calle Miguel Riofrio,SOLO_DANOS,Caida,Imprudencia del conductor,30,LESIONADO,MUJER,PEATON,,,,,,,,
2026-01-18 17:50:49,-4.026760,-79.228809,Calle 10 de Agosto,CON_LESIONADOS,Incendio,Visibilidad reducida,19,LESIONADO,MUJER,MOTOCICLETA,,,,,,,,
2026-01-14 17:35:05,-4.016985,-79.185078,Via Loja - Catamayo,SOLO_DANOS,Caida,Equipo de seguridad deficiente,,,,,,,,,,,,
2026-01-08 11:26:57,-4.003768,-79.201027,Via Loja - Catamayo,SOLO_DANOS,Accidente Laboral,Inobservancia de senales,,,,,,,,,,,,
2026-01-10 06:35:45,-4.017593,-79.200583,Calle Mercadillo,SOLO_DANOS,Incendio,Exceso de velocidad,,,,,,,,,,,,
2026-01-21 16:53:26,-4.002991,-79.173043,Calle Imbabura,CON_FALLECIDOS,Choque Vehicular,Distraccion (celular/radio),73,FALLECIDO,MUJER,CICLISTA,32,LESIONADO,MUJER,SCOOTER,,,,
2026-01-05 03:37:54,-4.029863,-79.179150,Calle Montufar,CON_LESIONADOS,Atropellamiento,Estado de embriaguez,75,LESIONADO,HOMBRE,PEATON,46,LESIONADO,HOMBRE,SCOOTER,13,LESIONADO,HOMBRE,VEH_LIVIANO
2026-01-21 07:37:19,-4.013343,-79.193122,Calle Quito,CON_LESIONADOS,Caida,Exceso de velocidad,73,LESIONADO,MUJER,MOTOCICLETA,69,LESIONADO,MUJER,VEH_LIVIANO,,,,
2026-01-03 17:38:29,-4.012169,-79.217495,Ruta 35,CON_LESIONADOS,Atropellamiento,Visibilidad reducida,20,LESIONADO,NO_REGISTRA,MOTOCICLETA,61,LESIONADO,HOMBRE,CICLISTA,76,LESIONADO,MUJER,CICLISTA
2026-01-06 12:32:27,-4.017066,-79.171711,Via Loja - Catamayo,SOLO_DANOS,Choque Vehicular,Mal estado de la via,,,,,,,,,,,,
2026-01-16 11:50:54,-3.990826,-79.208266,Calle Montufar,SOLO_DANOS,Volcamiento,Mal estado de la via,,,,,,,,,,,,
2026-01-11 09:43:52,-4.026411,-79.196955,Calle Sucre,SOLO_DANOS,Choque Vehicular,Equipo de seguridad deficiente,,,,,,,,,,,,
2026-01-06 20:38:15,-3.997363,-79.222152,Ruta 35,CON_FALLECIDOS,Caida,Estado de embriaguez,68,FALLECIDO,HOMBRE,MOTOCICLETA,57,FALLECIDO,MUJER,OTRO,,,,
2026-01-03 20:12:18,-4.015309,-79.176276,Av. Isidro Ayora,CON_FALLECIDOS,Caida,Falla mecanica,56,FALLECIDO,NO_REGISTRA,MOTOCICLETA,,,,,,,,
2026-01-06 18:20:07,-4.002498,-79.194950,Calle Colon,SOLO_DANOS,Atropellamiento,Imprudencia del conductor,,,,,,,,,,,,
2026-01-05 02:10:21,-4.009469,-79.220128,Calle 10 de Agosto,CON_LESIONADOS,Colision Multiple,Visibilidad reducida,43,LESIONADO,MUJER,PEATON,,,,,,,,
2026-01-10 06:53:17,-4.001102,-79.216866,Calle Mercadillo,CON_LESIONADOS,Choque Vehicular,Mal estado de la via,69,LESIONADO,HOMBRE,VEH_LIVIANO,,,,,,,,
2026-01-14 18:22:29,-3.985713,-79.230615,Calle Saraguro,CON_LESIONADOS,Caida,Visibilidad reducida,48,LESIONADO,NO_REGISTRA,CICLISTA,76,LESIONADO,MUJER,VEH_LIVIANO,,,,
2026-01-23 13:35:59,-4.017366,-79.186714,Av. Gran Colombia,CON_LESIONADOS,Volcamiento,Distraccion (celular/radio),35,LESIONADO,NO_REGISTRA,VEH_LIVIANO,11,LESIONADO,HOMBRE,OTRO,,,,
2026-01-04 12:37:00,-4.010069,-79.208150,Av. Reinaldo Espinosa,CON_LESIONADOS,Accidente Laboral,Estado de embriaguez,27,LESIONADO,HOMBRE,OTRO,65,LESIONADO,MUJER,VEH_LIVIANO,,,,
2026-01-20 02:56:01,-3.990619,-79.226717,Av. Manuel Agustin Aguirre,CON_LESIONADOS,Incendio,Estado de embriaguez,44,LESIONADO,MUJER,MOTOCICLETA,47,LESIONADO,HOMBRE,PEATON,68,LESIONADO,HOMBRE,SCOOTER
2026-01-19 04:48:58,-3.992396,-79.221380,Calle Sucre,CON_FALLECIDOS,Accidente Laboral,Factores externos,70,FALLECIDO,MUJER,CICLISTA,58,LESIONADO,HOMBRE,CICLISTA,9,LESIONADO,HOMBRE,OTRO
2026-01-03 15:09:49,-3.980218,-79.176958,Av. Manuel Agustin Aguirre,CON_LESIONADOS,Volcamiento,Mal estado de la via,22,LESIONADO,MUJER,PEATON,15,LESIONADO,NO_REGISTRA,SCOOTER,75,LESIONADO,HOMBRE,OTRO
2026-01-17 12:20:28,-3.986342,-79.218872,Av. Metropolitana,CON_FALLECIDOS,Volcamiento,Inobservancia de senales,29,FALLECIDO,HOMBRE,VEH_LIVIANO,65,FALLECIDO,NO_REGISTRA,CICLISTA,68,LESIONADO,NO_REGISTRA,MOTOCICLETA
2026-01-17 10:32:59,-3.977103,-79.199830,Calle Quito,CON_FALLECIDOS,Choque Vehicular,Inobservancia de senales,73,FALLECIDO,HOMBRE,OTRO,61,FALLECIDO,NO_REGISTRA,MOTOCICLETA,38,LESIONADO,NO_REGISTRA,VEH_LIVIANO
2026-01-07 05:35:03,-4.011388,-79.182801,Calle Colon,CON_FALLECIDOS,Volcamiento,Mal estado de la via,65,FALLECIDO,NO_REGISTRA,CICLISTA,30,FALLECIDO,MUJER,VEH_LIVIANO,79,LESIONADO,HOMBRE,SCOOTER
2026-01-02 02:48:39,-4.032061,-79.181905,Calle Colon,CON_FALLECIDOS,Volcamiento,Imprudencia del conductor,51,FALLECIDO,HOMBRE,SCOOTER,35,FALLECIDO,HOMBRE,MOTOCICLETA,50,LESIONADO,NO_REGISTRA,VEH_LIVIANO
2026-01-01 00:32:19,-4.024329,-79.194452,Av. Orillas del Zamora,CON_LESIONADOS,Caida,Via resbaladiza o mojada,13,LESIONADO,HOMBRE,OTRO,,,,,,,,
2026-01-21 12:14:31,-4.033192,-79.202131,Av. Universitaria,CON_FALLECIDOS,Choque Vehicular,Factores externos,23,FALLECIDO,HOMBRE,SCOOTER,62,FALLECIDO,HOMBRE,SCOOTER,75,LESIONADO,MUJER,CICLISTA
2026-01-22 03:31:42,-4.020645,-79.230540,Av. Metropolitana,SOLO_DANOS,Volcamiento,Visibilidad reducida,,,,,,,,,,,,
2026-01-02 04:02:27,-4.031897,-79.174644,Ruta 35,CON_LESIONADOS,Incendio,Fatiga del conductor,78,LESIONADO,NO_REGISTRA,SCOOTER,58,LESIONADO,MUJER,MOTOCICLETA,,,,
2026-01-21 03:23:47,-3.984897,-79.205310,Av. Universitaria,CON_FALLECIDOS,Caida,Factores externos,34,FALLECIDO,HOMBRE,PEATON,37,LESIONADO,HOMBRE,VEH_LIVIANO,,,,
2026-01-23 06:39:02,-4.007853,-79.222853,Av. 8 de Diciembre,CON_LESIONADOS,Volcamiento,Equipo de seguridad deficiente,29,LESIONADO,MUJER,SCOOTER,,,,,,,,
2026-01-13 06:50:53,-4.021147,-79.201410,Calle Montufar,CON_LESIONADOS,Choque Vehicular,Exceso de velocidad,75,LESIONADO,NO_REGISTRA,VEH_LIVIANO,41,LESIONADO,NO_REGISTRA,CICLISTA,,,,
2026-01-16 10:36:40,-4.002620,-79.171954,Av. Metropolitana,CON_LESIONADOS,Colision Multiple,Imprudencia del conductor,60,LESIONADO,NO_REGISTRA,PEATON,39,LESIONADO,HOMBRE,PEATON,,,,
2026-01-04 06:00:40,-3.996848,-79.174347,Calle Bolivar,CON_FALLECIDOS,Atropellamiento,Via resbaladiza o mojada,47,FALLECIDO,NO_REGISTRA,MOTOCICLETA,74,FALLECIDO,MUJER,VEH_LIVIANO,21,LESIONADO,HOMBRE,OTRO
2026-01-20 18:38:02,-4.036031,-79.221284,Calle Miguel Riofrio,CON_LESIONADOS,Accidente Laboral,Visibilidad reducida,65,LESIONADO,HOMBRE,PEATON,20,LESIONADO,NO_REGISTRA,VEH_LIVIANO,,,,
2026-01-12 01:57:40,-4.022487,-79.196580,Av. Universitaria,SOLO_DANOS,Accidente Laboral,Distraccion (celular/radio),,,,,,,,,,,,
2026-01-16 13:57:50,-4.023343,-79.202343,Av. Universitaria,SOLO_DANOS,Colision Multiple,Distraccion (celular/radio),,,,,,,,,,,,
2026-01-06 08:41:09,-4.010563,-79.195479,Calle Imbabura,CON_LESIONADOS,Choque Vehicular,Exceso de velocidad,68,LESIONADO,NO_REGISTRA,CICLISTA,45,LESIONADO,HOMBRE,MOTOCICLETA,,,,
2026-01-20 22:20:17,-4.016727,-79.188910,Av. Pio Jaramillo,CON_LESIONADOS,Incendio,Distraccion (celular/radio),46,LESIONADO,MUJER,MOTOCICLETA,,,,,,,,
2026-01-05 19:47:42,-4.036181,-79.205560,Av. Reinaldo Espinosa,CON_FALLECIDOS,Volcamiento,Via resbaladiza o mojada,83,FALLECIDO,NO_REGISTRA,VEH_LIVIANO,25,LESIONADO,NO_REGISTRA,CICLISTA,,,,
2026-01-08 10:19:07,-3.990045,-79.224230,Calle Rocafuerte,CON_LESIONADOS,Colision Multiple,Inobservancia de senales,35,LESIONADO,NO_REGISTRA,OTRO,,,,,,,,
2026-01-19 21:16:07,-4.009804,-79.181707,Av. Rosa Hermosa,SOLO_DANOS,Caida,Via resbaladiza o mojada,,,,,,,,,,,,
2026-01-12 02:41:06,-4.032032,-79.225246,Calle Bolivar,CON_FALLECIDOS,Caida,Distraccion (celular/radio),31,FALLECIDO,NO_REGISTRA,SCOOTER,28,LESIONADO,MUJER,SCOOTER,,,,
2026-01-01 21:04:01,-3.999739,-79.224334,Calle Ramon Borrero,CON_LESIONADOS,Atropellamiento,Imprudencia del conductor,51,LESIONADO,MUJER,SCOOTER,,,,,,,,
2026-01-12 05:16:43,-4.033649,-79.186550,Calle Bolivar,CON_LESIONADOS,Accidente Laboral,Distraccion (celular/radio),34,LESIONADO,HOMBRE,PEATON,,,,,,,,
2026-01-17 17:14:19,-4.036240,-79.208355,Calle Mercadillo,CON_LESIONADOS,Colision Multiple,Distraccion (celular/radio),62,LESIONADO,MUJER,CICLISTA,26,LESIONADO,NO_REGISTRA,SCOOTER,24,LESIONADO,NO_REGISTRA,PEATON
2026-01-14 21:57:10,-3.997406,-79.224027,Calle Colon,CON_LESIONADOS,Caida,Imprudencia del conductor,59,LESIONADO,NO_REGISTRA,CICLISTA,16,LESIONADO,MUJER,SCOOTER,,,,
2026-01-02 17:43:41,-3.984416,-79.171533,Calle Miguel Riofrio,SOLO_DANOS,Colision Multiple,Visibilidad reducida,,,,,,,,,,,,
2026-01-07 09:00:38,-4.035637,-79.204650,Calle 18 de Noviembre,CON_LESIONADOS,Colision Multiple,Factores externos,29,LESIONADO,MUJER,CICLISTA,71,LESIONADO,MUJER,OTRO,,,,
2026-01-16 11:57:52,-3.988974,-79.197916,Calle Azogues,CON_FALLECIDOS,Volcamiento,Equipo de seguridad deficiente,49,FALLECIDO,NO_REGISTRA,PEATON,46,FALLECIDO,NO_REGISTRA,CICLISTA,,,,
2026-01-11 20:27:39,-4.031079,-79.229086,Ruta 35,SOLO_DANOS,Caida,Exceso de velocidad,,,,,,,,,,,,
2026-01-16 00:50:11,-4.004036,-79.182383,Calle Sucre,CON_FALLECIDOS,Atropellamiento,Visibilidad reducida,34,FALLECIDO,NO_REGISTRA,CICLISTA,38,LESIONADO,NO_REGISTRA,PEATON,73,LESIONADO,NO_REGISTRA,VEH_LIVIANO
2026-01-04 01:46:29,-3.977072,-79.206578,Calle Bolivar,SOLO_DANOS,Volcamiento,Visibilidad reducida,14,LESIONADO,HOMBRE,MOTOCICLETA,,,,,,,,
2026-01-05 07:00:39,-3.984857,-79.222826,Calle Sucre,CON_FALLECIDOS,Colision Multiple,Distraccion (celular/radio),19,FALLECIDO,HOMBRE,SCOOTER,47,LESIONADO,NO_REGISTRA,MOTOCICLETA,,,,
2026-01-09 01:52:17,-3.982365,-79.185469,Av. Universitaria,SOLO_DANOS,Incendio,Inobservancia de senales,,,,,,,,,,,,
2026-01-03 22:46:35,-3.984814,-79.196392,Av. Cuxibamba,SOLO_DANOS,Volcamiento,Fatiga del conductor,7,LESIONADO,MUJER,CICLISTA,,,,,,,,
2026-01-21 10:22:28,-4.035968,-79.212638,Via Loja - Zamora,CON_LESIONADOS,Volcamiento,Distraccion (celular/radio),20,LESIONADO,NO_REGISTRA,MOTOCICLETA,11,LESIONADO,MUJER,PEATON,22,LESIONADO,MUJER,CICLISTA
2026-01-09 11:33:33,-4.032357,-79.184490,Calle Montufar,CON_FALLECIDOS,Atropellamiento,Falla mecanica,66,FALLECIDO,MUJER,MOTOCICLETA,35,FALLECIDO,MUJER,PEATON,67,LESIONADO,HOMBRE,VEH_LIVIANO
2026-01-22 19:28:23,-3.993034,-79.206220,Calle Mercadillo,CON_LESIONADOS,Volcamiento,Mal estado de la via,32,LESIONADO,HOMBRE,PEATON,46,LESIONADO,MUJER,PEATON,44,LESIONADO,NO_REGISTRA,VEH_LIVIANO
2026-01-13 04:07:30,-3.999934,-79.189626,Calle Quito,SOLO_DANOS,Choque Vehicular,Visibilidad reducida,,,,,,,,,,,,
2026-01-01 20:51:50,-4.010370,-79.201713,Av. Gran Colombia,CON_FALLECIDOS,Volcamiento,Exceso de velocidad,68,FALLECIDO,NO_REGISTRA,MOTOCICLETA,80,FALLECIDO,HOMBRE,OTRO,,,,
2026-01-12 05:47:44,-3.998070,-79.227951,Av. Orillas del Zamora,CON_LESIONADOS,Volcamiento,Exceso de velocidad,72,LESIONADO,NO_REGISTRA,PEATON,56,LESIONADO,HOMBRE,MOTOCICLETA,11,LESIONADO,MUJER,OTRO
2026-01-13 11:07:28,-4.035167,-79.183216,Calle 10 de Agosto,SOLO_DANOS,Atropellamiento,Equipo de seguridad deficiente,,,,,,,,,,,,
2026-01-19 06:33:10,-4.016960,-79.225387,Av. Reinaldo Espinosa,CON_LESIONADOS,Colision Multiple,Falla mecanica,38,LESIONADO,MUJER,VEH_LIVIANO,,,,,,,,
2026-01-05 12:22:33,-4.006120,-79.207327,Via Loja - Zamora,CON_LESIONADOS,Volcamiento,Via resbaladiza o mojada,31,LESIONADO,NO_REGISTRA,PEATON,43,LESIONADO,HOMBRE,PEATON,,,,
2026-01-16 20:24:24,-4.019474,-79.188699,Via Loja - Catamayo,CON_LESIONADOS,Volcamiento,Imprudencia del conductor,72,LESIONADO,MUJER,MOTOCICLETA,79,LESIONADO,HOMBRE,OTRO,,,,
2026-01-06 09:03:51,-3.992209,-79.215150,Av. Reinaldo Espinosa,CON_LESIONADOS,Caida,Factores externos,65,LESIONADO,MUJER,CICLISTA,48,LESIONADO,NO_REGISTRA,SCOOTER,34,LESIONADO,HOMBRE,MOTOCICLETA
2026-01-14 07:43:35,-4.009978,-79.180588,Via Loja - Catamayo,SOLO_DANOS,Colision Multiple,Mal estado de la via,,,,,,,,,,,,
2026-01-11 07:29:03,-3.994673,-79.226709,Calle 18 de Noviembre,CON_LESIONADOS,Colision Multiple,Fatiga del conductor,11,LESIONADO,NO_REGISTRA,MOTOCICLETA,,,,,,,,
2026-01-18 20:30:03,-3.990359,-79.180328,Av. Cuxibamba,SOLO_DANOS,Colision Multiple,Equipo de seguridad deficiente,,,,,,,,,,,,
2026-01-17 20:45:17,-4.008480,-79.202651,Av. Reinaldo Espinosa,CON_LESIONADOS,Incendio,Fatiga del conductor,5,LESIONADO,HOMBRE,OTRO,,,,,,,,
2026-01-14 00:43:00,-4.026553,-79.188006,Av. Isidro Ayora,CON_LESIONADOS,Incendio,Inobservancia de senales,6,LESIONADO,HOMBRE,CICLISTA,11,LESIONADO,MUJER,PEATON,,,,
2026-01-21 10:41:49,-3.995175,-79.201596,Av. Metropolitana,CON_LESIONADOS,Volcamiento,Distraccion (celular/radio),15,LESIONADO,MUJER,OTRO,68,LESIONADO,HOMBRE,SCOOTER,70,LESIONADO,HOMBRE,MOTOCICLETA
2026-01-14 18:26:10,-4.017921,-79.180121,Av. Rosa Hermosa,CON_LESIONADOS,Atropellamiento,Via resbaladiza o mojada,55,LESIONADO,MUJER,OTRO,73,LESIONADO,NO_REGISTRA,SCOOTER,,,,
2026-01-18 07:35:27,-4.011861,-79.208868,Av. Isidro Ayora,CON_LESIONADOS,Choque Vehicular,Exceso de velocidad,52,LESIONADO,HOMBRE,CICLISTA,23,LESIONADO,NO_REGISTRA,OTRO,,,,
2026-01-03 15:31:50,-3.978204,-79.177687,Ruta 35,CON_FALLECIDOS,Colision Multiple,Imprudencia del conductor,47,FALLECIDO,MUJER,MOTOCICLETA,60,FALLECIDO,HOMBRE,PEATON,5,LESIONADO,MUJER,VEH_LIVIANO
2026-01-03 17:31:47,-3.992548,-79.172328,Av. Universitaria,CON_FALLECIDOS,Incendio,Distraccion (celular/radio),40,FALLECIDO,HOMBRE,CICLISTA,,,,,,,,
2026-01-04 07:33:00,-4.028890,-79.207527,Calle Imbabura,CON_FALLECIDOS,Volcamiento,Equipo de seguridad deficiente,67,FALLECIDO,MUJER,SCOOTER,54,FALLECIDO,MUJER,CICLISTA,,,,
2026-01-19 15:42:03,-3.979505,-79.210625,Calle Bolivar,CON_LESIONADOS,Atropellamiento,Visibilidad reducida,80,LESIONADO,NO_REGISTRA,MOTOCICLETA,,,,,,,,
2026-01-03 13:16:02,-4.020383,-79.216777,Via Loja - Zamora,CON_FALLECIDOS,Caida,Distraccion (celular/radio),72,FALLECIDO,NO_REGISTRA,SCOOTER,24,FALLECIDO,NO_REGISTRA,VEH_LIVIANO,62,LESIONADO,NO_REGISTRA,VEH_LIVIANO
2026-01-17 17:23:40,-3.994627,-79.228441,Av. Isidro Ayora,SOLO_DANOS,Colision Multiple,Factores externos,49,LESIONADO,NO_REGISTRA,SCOOTER,,,,,,,,
2026-01-10 03:56:13,-3.986355,-79.200104,Av. Pio Jaramillo,SOLO_DANOS,Choque Vehicular,Visibilidad reducida,,,,,,,,,,,,
2026-01-04 03:17:42,-4.009675,-79.205219,Av. Reinaldo Espinosa,CON_FALLECIDOS,Colision Multiple,Distraccion (celular/radio),52,FALLECIDO,HOMBRE,OTRO,32,FALLECIDO,MUJER,SCOOTER,14,LESIONADO,MUJER,CICLISTA