fecha_hora,latitud,longitud,via,grado_severidad,tipo_siniestro,causa_probable,victima1_edad,victima1_condicion,victima1_sexo,victima1_actor_vial,victima2_edad,victima2_condicion,victima2_sexo,victima2_actor_vial,victima3_edad,victima3_condicion,victima3_sexo,victima3_actor_vial
2026-01-02 01:42:41,-4.028433,-79.227530,Calle Colon,CON_LESIONADOS,Caida,Falla mecanica,31,LESIONADO,NO_REGISTRA,MOTOCICLETA,,,,,,,,
2026-01-07 16:41:50,-4.020353,-79.188195,Calle Mercadillo,CON_LESIONADOS,Choque Vehicular,Exceso de velocidad,24,LESIONADO,MUJER,MOTOCICLETA,65,LESIONADO,HOMBRE,PEATON,,,,
2026-01-18 05:45:44,-4.000096,-79.216963,Calle Azogues,SOLO_DANOS,Incendio,Mal estado de la via,,,,,,,,,,,,
2026-01-06 07:42:58,-4.024891,-79.215680,Calle Quito,SOLO_DANOS,Choque Vehicular,Visibilidad reducida,,,,,,,,,,,,
2026-01-10 19:58:34,-4.016939,-79.185516,Calle Mercadillo,CON_FALLECIDOS,Accidente Laboral,Via resbaladiza o mojada,81,FALLECIDO,NO_REGISTRA,VEH_LIVIANO,76,FALLECIDO,MUJER,MOTOCICLETA,13,LESIONADO,NO_REGISTRA,OTRO
2026-01-02 14:57:54,-4.021055,-79.212859,Calle Azogues,CON_LESIONADOS,Accidente Laboral,Via resbaladiza o mojada,79,LESIONADO,NO_REGISTRA,SCOOTER,75,LESIONADO,HOMBRE,SCOOTER,68,LESIONADO,NO_REGISTRA,SCOOTER
2026-01-17 20:24:42,-3.985103,-79.175954,Calle Ramon Borrero,CON_LESIONADOS,Incendio,Imprudencia del conductor,53,LESIONADO,MUJER,CICLISTA,71,LESIONADO,MUJER,VEH_LIVIANO,64,LESIONADO,NO_REGISTRA,OTRO
2026-01-11 05:55:29,-4.032736,-79.216601,Av. Isidro Ayora,CON_FALLECIDOS,Volcamiento,Equipo de seguridad deficiente,72,FALLECIDO,HOMBRE,VEH_LIVIANO,,,,,,,,
2026-01-09 16:12:19,-3.983161,-79.220265,Calle Rocafuerte,CON_FALLECIDOS,Choque Vehicular,Factores externos,42,FALLECIDO,MUJER,PEATON,,,,,,,,
2026-01-02 02:46:29,-4.029900,-79.196208,Calle 10 de Agosto,SOLO_DANOS,Atropellamiento,Equipo de seguridad deficiente,,,,,,,,,,,,
2026-01-09 14:02:31,-4.012267,-79.222520,Av. Cuxibamba,SOLO_DANOS,Volcamiento,Equipo de seguridad deficiente,,,,,,,,,,,,
2026-01-13 19:36:36,-4.016904,-79.195523,Calle Saraguro,SOLO_DANOS,Accidente Laboral,Factores externos,,,,,,,,,,,,
2026-01-17 00:30:32,-3.988367,-79.204257,Av. 8 de Diciembre,SOLO_DANOS,Atropellamiento,Distraccion (celular/radio),,,,,,,,,,,,
2026-01-02 01:07:09,-4.003898,-79.190114,Av. Isidro Ayora,CON_FALLECIDOS,Colision Multiple,Estado de embriaguez,70,FALLECIDO,HOMBRE,CICLISTA,22,FALLECIDO,NO_REGISTRA,SCOOTER,47,LESIONADO,HOMBRE,CICLISTA
2026-01-14 17:50:54,-3.999199,-79.199503,Calle Colon,CON_LESIONADOS,Incendio,Estado de embriaguez,5,LESIONADO,MUJER,VEH_LIVIANO,,,,,,,,
2026-01-13 00:48:42,-4.007274,-79.172742,Calle Quito,CON_LESIONADOS,Volcamiento,Exceso de velocidad,78,LESIONADO,NO_REGISTRA,VEH_LIVIANO,27,LESIONADO,MUJER,OTRO,,,,
2026-01-04 10:25:32,-3.979841,-79.191605,Calle Rocafuerte,CON_FALLECIDOS,Colision Multiple,Fatiga del conductor,24,FALLECIDO,NO_REGISTRA,PEATON,67,FALLECIDO,MUJER,MOTOCICLETA,,,,
2026-01-11 15:54:12,-3.999648,-79.220237,Calle Azogues,SOLO_DANOS,Atropellamiento,Distraccion (celular/radio),,,,,,,,,,,,
2026-01-03 21:46:37,-4.000847,-79.198312,Calle Saraguro,SOLO_DANOS,Incendio,Exceso de velocidad,,,,,,,,,,,,
2026-01-08 03:29:27,-4.019161,-79.209722,Calle Montufar,CON_LESIONADOS,Colision Multiple,Distraccion (celular/radio),22,LESIONADO,HOMBRE,SCOOTER,50,LESIONADO,MUJER,MOTOCICLETA,,,,
2026-01-17 02:33:16,-4.031842,-79.208678,Calle Mercadillo,SOLO_DANOS,Atropellamiento,Mal estado de la via,,,,,,,,,,,,
2026-01-03 03:17:33,-4.013832,-79.183925,Via Loja - Catamayo,CON_FALLECIDOS,Colision Multiple,Factores externos,27,FALLECIDO,HOMBRE,PEATON,24,FALLECIDO,NO_REGISTRA,CICLISTA,10,LESIONADO,HOMBRE,PEATON
2026-01-21 07:43:47,-4.029517,-79.208365,Av. Reinaldo Espinosa,CON_LESIONADOS,Volcamiento,Falla mecanica,44,LESIONADO,NO_REGISTRA,MOTOCICLETA,30,LESIONADO,HOMBRE,OTRO,,,,
2026-01-08 12:35:17,-4.006352,-79.171202,Calle Saraguro,SOLO_DANOS,Volcamiento,Mal estado de la via,,,,,,,,,,,,
2026-01-23 00:01:59,-4.004519,-79.207690,Via Loja - Catamayo,SOLO_DANOS,Colision Multiple,Mal estado de la via,,,,,,,,,,,,
2026-01-19 05:44:33,-3.989194,-79.220716,Calle Rocafuerte,CON_LESIONADOS,Incendio,Equipo de seguridad deficiente,49,LESIONADO,HOMBRE,OTRO,71,LESIONADO,NO_REGISTRA,OTRO,,,,
2026-01-10 12:13:12,-4.022022,-79.214651,Via Loja - Zamora,CON_FALLECIDOS,Volcamiento,Equipo de seguridad deficiente,34,FALLECIDO,HOMBRE,CICLISTA,28,LESIONADO,NO_REGISTRA,VEH_LIVIANO,,,,
2026-01-19 21:52:13,-4.002022,-79.171122,Av. Metropolitana,CON_FALLECIDOS,Colision Multiple,Fatiga del conductor,70,FALLECIDO,MUJER,OTRO,,,,,,,,
2026-01-02 08:59:23,-4.013242,-79.195566,Via Loja - Catamayo,CON_FALLECIDOS,Choque Vehicular,Via resbaladiza o mojada,57,FALLECIDO,HOMBRE,VEH_LIVIANO,57,FALLECIDO,HOMBRE,OTRO,12,LESIONADO,MUJER,MOTOCICLETA
2026-01-22 19:07:53,-4.011134,-79.211915,Via Loja - Catamayo,CON_FALLECIDOS,Incendio,Distraccion (celular/radio),47,FALLECIDO,MUJER,PEATON,26,LESIONADO,MUJER,VEH_LIVIANO,,,,
2026-01-07 14:36:47,-3.998241,-79.204940,Av. Reinaldo Espinosa,CON_LESIONADOS,Volcamiento,Falla mecanica,13,LESIONADO,NO_REGISTRA,MOTOCICLETA,71,LESIONADO,HOMBRE,CICLISTA,,,,
2026-01-10 02:42:21,-4.021847,-79.193819,Av. Metropolitana,SOLO_DANOS,Choque Vehicular,Visibilidad reducida,,,,,,,,,,,,
2026-01-14 04:58:21,-4.027419,-79.186610,Calle Mercadillo,CON_FALLECIDOS,Colision Multiple,Distraccion (celular/radio),66,FALLECIDO,MUJER,VEH_LIVIANO,82,FALLECIDO,MUJER,SCOOTER,50,LESIONADO,NO_REGISTRA,MOTOCICLETA
2026-01-17 14:16:00,-4.030618,-79.220608,Calle Imbabura,SOLO_DANOS,Atropellamiento,Via resbaladiza o mojada,,,,,,,,,,,,
2026-01-10 13:45:49,-4.035736,-79.197385,Calle Montufar,CON_FALLECIDOS,Incendio,Via resbaladiza o mojada,30,FALLECIDO,HOMBRE,SCOOTER,66,FALLECIDO,NO_REGISTRA,CICLISTA,,,,
2026-01-06 12:35:42,-4.036451,-79.205752,Calle Saraguro,SOLO_DANOS,Choque Vehicular,Fatiga del conductor,,,,,,,,,,,,
2026-01-07 21:14:42,-3.996757,-79.198097,Calle Bolivar,CON_LESIONADOS,Choque Vehicular,Estado de embriaguez,69,LESIONADO,HOMBRE,PEATON,75,LESIONADO,HOMBRE,PEATON,,,,
2026-01-06 16:54:11,-3.985927,-79.205369,Av. Universitaria,SOLO_DANOS,Caida,Via resbaladiza o mojada,,,,,,,,,,,,
2026-01-09 18:34:20,-3.998618,-79.217238,Via Loja - Zamora,CON_FALLECIDOS,Colision Multiple,Fatiga del conductor,29,FALLECIDO,NO_REGISTRA,MOTOCICLETA,49,FALLECIDO,HOMBRE,CICLISTA,,,,
2026-01-01 23:36:21,-3.992048,-79.223276,Calle Quito,CON_FALLECIDOS,Choque Vehicular,Equipo de seguridad deficiente,81,FALLECIDO,HOMBRE,SCOOTER,47,LESIONADO,HOMBRE,PEATON,,,,
2026-01-01 20:46:11,-3.992380,-79.205754,Calle Azogues,SOLO_DANOS,Incendio,Imprudencia del conductor,,,,,,,,,,,,
2026-01-09 13:26:05,-4.029664,-79.209987,Calle Imbabura,SOLO_DANOS,Colision Multiple,Exceso de velocidad,,,,,,,,,,,,
2026-01-22 19:51:33,-4.008957,-79.181409,Av. Rosa Hermosa,SOLO_DANOS,Accidente Laboral,Equipo de seguridad deficiente,,,,,,,,,,,,
2026-01-21 16:15:05,-4.030567,-79.178594,Av. Manuel Agustin Aguirre,CON_LESIONADOS,Choque Vehicular,Estado de embriaguez,29,LESIONADO,MUJER,VEH_LIVIANO,,,,,,,,
2026-01-13 19:57:53,-4.004409,-79.182834,Via Loja - Zamora,CON_FALLECIDOS,Atropellamiento,Via resbaladiza o mojada,82,FALLECIDO,MUJER,PEATON,82,FALLECIDO,HOMBRE,CICLISTA,,,,
2026-01-09 18:04:02,-3.998647,-79.206863,Calle Ramon Borrero,CON_LESIONADOS,Caida,Exceso de velocidad,47,LESIONADO,NO_REGISTRA,PEATON,6,LESIONADO,MUJER,PEATON,72,LESIONADO,MUJER,VEH_LIVIANO
2026-01-08 20:06:48,-4.022061,-79.213938,Av. Orillas del Zamora,CON_FALLECIDOS,Colision Multiple,Via resbaladiza o mojada,68,FALLECIDO,HOMBRE,OTRO,66,LESIONADO,HOMBRE,OTRO,,,,
2026-01-17 04:37:55,-4.022820,-79.195750,Ruta 35,CON_FALLECIDOS,Volcamiento,Exceso de velocidad,35,FALLECIDO,MUJER,SCOOTER,20,LESIONADO,NO_REGISTRA,PEATON,,,,
2026-01-22 18:01:19,-4.006178,-79.179663,Calle Montufar,SOLO_DANOS,Atropellamiento,Falla mecanica,,,,,,,,,,,,
2026-01-13 13:17:42,-4.034207,-79.171072,Calle Quito,SOLO_DANOS,Incendio,Imprudencia del conductor,,,,,,,,,,,,
2026-01-20 01:38:51,-3.996982,-79.220637,Via Loja - Catamayo,SOLO_DANOS,Choque Vehicular,Mal estado de la via,,,,,,,,,,,,
2026-01-06 07:51:28,-4.022763,-79.177127,Av. Rosa Hermosa,SOLO_DANOS,Volcamiento,Via resbaladiza o mojada,29,LESIONADO,NO_REGISTRA,MOTOCICLETA,,,,,,,,
2026-01-02 16:47:17,-4.020363,-79.196568,Calle Rocafuerte,CON_LESIONADOS,Choque Vehicular,Exceso de velocidad,42,LESIONADO,NO_REGISTRA,SCOOTER,,,,,,,,
2026-01-12 12:47:09,-4.003468,-79.174291,Calle 10 de Agosto,CON_FALLECIDOS,Incendio,Equipo de seguridad deficiente,40,FALLECIDO,NO_REGISTRA,CICLISTA,76,FALLECIDO,NO_REGISTRA,OTRO,13,LESIONADO,MUJER,CICLISTA
2026-01-14 16:18:42,-4.007447,-79.212694,Av. Cuxibamba,CON_FALLECIDOS,Accidente Laboral,Exceso de velocidad,83,FALLECIDO,NO_REGISTRA,PEATON,49,LESIONADO,MUJER,CICLISTA,,,,
2026-01-15 02:09:39,-3.983392,-79.179878,Calle Saraguro,CON_LESIONADOS,Accidente Laboral,Equipo de seguridad deficiente,76,LESIONADO,HOMBRE,VEH_LIVIANO,46,LESIONADO,NO_REGISTRA,MOTOCICLETA,,,,
2026-01-01 04:57:31,-4.035561,-79.190714,Calle 10 de Agosto,CON_LESIONADOS,Accidente Laboral,Distraccion (celular/radio),59,LESIONADO,MUJER,SCOOTER,,,,,,,,
2026-01-03 22:44:18,-4.020772,-79.186206,Av. Metropolitana,CON_FALLECIDOS,Caida,Mal estado de la via,54,FALLECIDO,HOMBRE,VEH_LIVIANO,69,LESIONADO,NO_REGISTRA,OTRO,,,,
2026-01-16 10:34:36,-3.984986,-79.219256,Av. Reinaldo Espinosa,CON_FALLECIDOS,Incendio,Falla mecanica,84,FALLECIDO,MUJER,SCOOTER,20,LESIONADO,NO_REGISTRA,PEATON,,,,
2026-01-04 08:42:22,-3.996543,-79.220441,Av. Pio Jaramillo,CON_LESIONADOS,Choque Vehicular,Equipo de seguridad deficiente,41,LESIONADO,NO_REGISTRA,PEATON,47,LESIONADO,HOMBRE,OTRO,,,,
2026-01-02 12:02:00,-4.022928,-79.225112,Av. Metropolitana,CON_LESIONADOS,Colision Multiple,Imprudencia del conductor,75,LESIONADO,MUJER,MOTOCICLETA,,,,,,,,
2026-01-23 03:01:31,-3.978906,-79.219726,Av. Pio Jaramillo,CON_FALLECIDOS,Volcamiento,Equipo de seguridad deficiente,53,FALLECIDO,NO_REGISTRA,CICLISTA,39,FALLECIDO,MUJER,OTRO,46,LESIONADO,MUJER,CICLISTA
2026-01-07 08:45:22,-4.029477,-79.195317,Calle Miguel Riofrio,CON_FALLECIDOS,Volcamiento,Estado de embriaguez,63,FALLECIDO,HOMBRE,OTRO,24,FALLECIDO,NO_REGISTRA,VEH_LIVIANO,,,,
2026-01-02 14:42:59,-4.004255,-79.210612,Calle Sucre,CON_FALLECIDOS,Caida,Fatiga del conductor,22,FALLECIDO,MUJER,MOTOCICLETA,68,FALLECIDO,NO_REGISTRA,SCOOTER,35,LESIONADO,HOMBRE,OTRO
2026-01-08 21:23:19,-3.998320,-79.230127,Calle Bolivar,CON_LESIONADOS,Atropellamiento,Estado de embriaguez,24,LESIONADO,HOMBRE,CICLISTA,36,LESIONADO,HOMBRE,MOTOCICLETA,68,LESIONADO,NO_REGISTRA,CICLISTA
2026-01-12 07:56:18,-4.002348,-79.210935,Av. Orillas del Zamora,CON_LESIONADOS,Accidente Laboral,Visibilidad reducida,40,LESIONADO,MUJER,CICLISTA,,,,,,,,
2026-01-08 02:10:56,-4.034991,-79.173750,Calle Sucre,CON_FALLECIDOS,Colision Multiple,Factores externos,46,FALLECIDO,HOMBRE,PEATON,64,FALLECIDO,NO_REGISTRA,SCOOTER,17,LESIONADO,HOMBRE,OTRO
2026-01-11 21:52:52,-4.015242,-79.225275,Calle Ramon Borrero,CON_LESIONADOS,Volcamiento,Visibilidad reducida,31,LESIONADO,HOMBRE,CICLISTA,46,LESIONADO,HOMBRE,MOTOCICLETA,40,LESIONADO,HOMBRE,VEH_LIVIANO
2026-01-11 14:56:34,-4.032464,-79.191461,Av. Metropolitana,CON_LESIONADOS,Caida,Visibilidad reducida,54,LESIONADO,NO_REGISTRA,CICLISTA,70,LESIONADO,NO_REGISTRA,PEATON,,,,
2026-01-07 20:01:17,-4.007230,-79.224995,Calle Colon,CON_LESIONADOS,Caida,Mal estado de la via,7,LESIONADO,HOMBRE,MOTOCICLETA,8,LESIONADO,HOMBRE,SCOOTER,42,LESIONADO,NO_REGISTRA,MOTOCICLETA
2026-01-22 00:58:46,-3.978044,-79.209345,Av. Reinaldo Espinosa,CON_FALLECIDOS,Incendio,Falla mecanica,81,FALLECIDO,NO_REGISTRA,MOTOCICLETA,32,LESIONADO,HOMBRE,CICLISTA,,,,
2026-01-16 18:13:56,-3.982131,-79.190786,Av. Metropolitana,CON_FALLECIDOS,Accidente Laboral,Equipo de seguridad deficiente,76,FALLECIDO,NO_REGISTRA,PEATON,73,FALLECIDO,HOMBRE,MOTOCICLETA,14,LESIONADO,NO_REGISTRA,CICLISTA
2026-01-16 12:14:33,-4.026284,-79.193270,Av. 8 de Diciembre,CON_FALLECIDOS,Colision Multiple,Equipo de seguridad deficiente,33,FALLECIDO,MUJER,SCOOTER,52,FALLECIDO,HOMBRE,OTRO,,,,
2026-01-14 00:59:28,-3.990262,-79.199593,Av. Universitaria,CON_LESIONADOS,Atropellamiento,Via resbaladiza o mojada,62,LESIONADO,HOMBRE,CICLISTA,,,,,,,,
2026-01-15 16:47:16,-4.020652,-79.192055,Av. Orillas del Zamora,SOLO_DANOS,Accidente Laboral,Estado de embriaguez,,,,,,,,,,,,
2026-01-01 06:01:54,-4.024632,-79.198575,Av. Gran Colombia,CON_FALLECIDOS,Choque Vehicular,Factores externos,54,FALLECIDO,NO_REGISTRA,CICLISTA,62,FALLECIDO,HOMBRE,MOTOCICLETA,,,,
2026-01-04 11:11:23,-4.034036,-79.177830,Calle Montufar,CON_LESIONADOS,Choque Vehicular,Imprudencia del conductor,73,LESIONADO,HOMBRE,PEATON,,,,,,,,
2026-01-05 01:34:06,-4.010043,-79.200158,Calle Colon,SOLO_DANOS,Volcamiento,Fatiga del conductor,,,,,,,,,,,,
2026-01-16 09:38:41,-3.998381,-79.173589,Calle Mercadillo,CON_LESIONADOS,Choque Vehicular,Fatiga del conductor,60,LESIONADO,MUJER,CICLISTA,35,LESIONADO,NO_REGISTRA,CICLISTA,,,,
2026-01-18 22:52:26,-4.025316,-79.219773,Calle 18 de Noviembre,SOLO_DANOS,Colision Multiple,Fatiga del conductor,,,,,,,,,,,,
2026-01-16 14:17:09,-3.980219,-79.188457,Calle Azogues,CON_LESIONADOS,Choque Vehicular,Exceso de velocidad,57,LESIONADO,HOMBRE,OTRO,,,,,,,,
2026-01-22 19:02:40,-3.983935,-79.177576,Av. Orillas del Zamora,SOLO_DANOS,Caida,Mal estado de la via,,,,,,,,,,,,
2026-01-03 13:47:32,-4.032732,-79.201951,Calle Bolivar,SOLO_DANOS,Choque Vehicular,Distraccion (celular/radio),63,LESIONADO,NO_REGISTRA,MOTOCICLETA,,,,,,,,
2026-01-20 01:26:27,-4.036731,-79.217512,Calle Imbabura,CON_LESIONADOS,Accidente Laboral,Via resbaladiza o mojada,59,LESIONADO,MUJER,CICLISTA,70,LESIONADO,NO_REGISTRA,CICLISTA,,,,
2026-01-20 17:56:52,-4.003634,-79.208686,Calle Bolivar,SOLO_DANOS,Incendio,Via resbaladiza o mojada,,,,,,,,,,,,
2026-01-18 10:28:23,-4.014840,-79.200966,Calle Miguel Riofrio,CON_LESIONADOS,Incendio,Visibilidad reducida,63,LESIONADO,NO_REGISTRA,CICLISTA,49,LESIONADO,MUJER,MOTOCICLETA,52,LESIONADO,MUJER,SCOOTER
2026-01-02 03:42:08,-3.996457,-79.203657,Av. Cuxibamba,CON_FALLECIDOS,Choque Vehicular,Equipo de seguridad deficiente,73,FALLECIDO,NO_REGISTRA,PEATON,53,FALLECIDO,MUJER,MOTOCICLETA,9,LESIONADO,HOMBRE,OTRO
2026-01-19 22:27:02,-4.036335,-79.211852,Av. 8 de Diciembre,SOLO_DANOS,Accidente Laboral,Mal estado de la via,,,,,,,,,,,,
2026-01-23 13:08:35,-4.005483,-79.222514,Av. Isidro Ayora,SOLO_DANOS,Incendio,Estado de embriaguez,,,,,,,,,,,,
2026-01-22 12:16:24,-4.014894,-79.200556,Calle 18 de Noviembre,CON_LESIONADOS,Volcamiento,Mal estado de la via,22,LESIONADO,MUJER,OTRO,80,LESIONADO,HOMBRE,SCOOTER,77,LESIONADO,NO_REGISTRA,SCOOTER
2026-01-05 13:02:07,-4.015923,-79.175086,Calle Ramon Borrero,CON_LESIONADOS,Colision Multiple,Fatiga del conductor,22,LESIONADO,HOMBRE,PEATON,31,LESIONADO,NO_REGISTRA,PEATON,25,LESIONADO,NO_REGISTRA,OTRO
2026-01-10 17:27:50,-3.989380,-79.223956,Av. Cuxibamba,CON_FALLECIDOS,Incendio,Visibilidad reducida,59,FALLECIDO,MUJER,CICLISTA,10,LESIONADO,NO_REGISTRA,OTRO,,,,
2026-01-09 17:38:03,-4.008163,-79.194396,Av. Manuel Agustin Aguirre,SOLO_DANOS,Accidente Laboral,Distraccion (celular/radio),,,,,,,,,,,,
2026-01-19 22:26:42,-4.007258,-79.213465,Calle Sucre,CON_FALLECIDOS,Choque Vehicular,Falla mecanica,30,FALLECIDO,NO_REGISTRA,OTRO,42,LESIONADO,NO_REGISTRA,CICLISTA,,,,
2026-01-08 14:35:58,-3.988779,-79.227273,Calle Ramon Borrero,CON_LESIONADOS,Choque Vehicular,Estado de embriaguez,74,LESIONADO,MUJER,SCOOTER,,,,,,,,
2026-01-08 20:19:36,-4.021936,-79.225562,Av. Orillas del Zamora,SOLO_DANOS,Colision Multiple,Imprudencia del conductor,,,,,,,,,,,,
2026-01-20 09:44:30,-4.013379,-79.176169,Calle Saraguro,SOLO_DANOS,Volcamiento,Imprudencia del conductor,,,,,,,,,,,,
2026-01-07 06:59:41,-4.036322,-79.190653,Calle 10 de Agosto,CON_FALLECIDOS,Choque Vehicular,Via resbaladiza o mojada,36,FALLECIDO,MUJER,OTRO,35,LESIONADO,HOMBRE,CICLISTA,52,LESIONADO,NO_REGISTRA,SCOOTER
2026-01-13 13:44:51,-4.028700,-79.186195,Av. Reinaldo Espinosa,CON_FALLECIDOS,Choque Vehicular,Equipo de seguridad deficiente,22,FALLECIDO,NO_REGISTRA,VEH_LIVIANO,26,FALLECIDO,HOMBRE,VEH_LIVIANO,6,LESIONADO,NO_REGISTRA,MOTOCICLETA
2026-01-22 01:08:49,-4.015708,-79.192521,Via Loja - Catamayo,CON_LESIONADOS,Caida,Visibilidad reducida,22,LESIONADO,MUJER,SCOOTER,23,LESIONADO,HOMBRE,MOTOCICLETA,,,,
2026-01-05 02:18:22,-3.981337,-79.217470,Calle Miguel Riofrio,CON_FALLECIDOS,Incendio,Estado de embriaguez,50,FALLECIDO,MUJER,SCOOTER,,,,,,,,
2026-01-17 03:18:30,-3.988362,-79.186795,Av. Gran Colombia,SOLO_DANOS,Accidente Laboral,Estado de embriaguez,,,,,,,,,,,,
2026-01-06 01:34:20,-3.980749,-79.227353,Calle Miguel Riofrio,CON_FALLECIDOS,Incendio,Mal estado de la via,60,FALLECIDO,MUJER,MOTOCICLETA,55,LESIONADO,MUJER,VEH_LIVIANO,,,,
2026-01-09 05:01:10,-4.016627,-79.214692,Calle Sucre,CON_FALLECIDOS,Atropellamiento,Imprudencia del conductor,67,FALLECIDO,NO_REGISTRA,PEATON,,,,,,,,
2026-01-09 10:05:23,-3.995849,-79.178626,Av. Metropolitana,SOLO_DANOS,Choque Vehicular,Distraccion (celular/radio),46,LESIONADO,MUJER,CICLISTA,,,,,,,,
2026-01-08 01:59:12,-4.010947,-79.174552,Calle 18 de Noviembre,SOLO_DANOS,Colision Multiple,Distraccion (celular/radio),,,,,,,,,,,,
2026-01-13 14:42:20,-3.985487,-79.208750,Av. Manuel Agustin Aguirre,CON_FALLECIDOS,Choque Vehicular,Mal estado de la via,85,FALLECIDO,HOMBRE,VEH_LIVIANO,74,FALLECIDO,HOMBRE,SCOOTER,69,LESIONADO,HOMBRE,CICLISTA
2026-01-21 22:49:06,-4.031263,-79.171362,Av. 8 de Diciembre,SOLO_DANOS,Incendio,Visibilidad reducida,,,,,,,,,,,,
2026-01-22 11:29:41,-4.011778,-79.185428,Calle Saraguro,CON_FALLECIDOS,Incendio,Distraccion (celular/radio),46,FALLECIDO,NO_REGISTRA,PEATON,,,,,,,,
2026-01-03 23:07:28,-4.017815,-79.225956,Calle Colon,CON_LESIONADOS,Accidente Laboral,Via resbaladiza o mojada,80,LESIONADO,HOMBRE,MOTOCICLETA,,,,,,,,
2026-01-11 23:17:44,-4.024966,-79.199412,Av. Metropolitana,CON_FALLECIDOS,Incendio,Imprudencia del conductor,79,FALLECIDO,HOMBRE,VEH_LIVIANO,40,FALLECIDO,HOMBRE,CICLISTA,,,,
2026-01-09 23:17:32,-4.035370,-79.230869,Av. Rosa Hermosa,CON_LESIONADOS,Incendio,Factores externos,27,LESIONADO,HOMBRE,VEH_LIVIANO,71,LESIONADO,MUJER,PEATON,,,,
2026-01-17 14:04:36,-4.030059,-79.197458,Calle Sucre,CON_FALLECIDOS,Caida,Factores externos,85,FALLECIDO,HOMBRE,OTRO,,,,,,,,
2026-01-19 01:07:45,-3.994047,-79.187398,Via Loja - Catamayo,CON_FALLECIDOS,Colision Multiple,Factores externos,23,FALLECIDO,NO_REGISTRA,OTRO,32,LESIONADO,HOMBRE,VEH_LIVIANO,,,,
2026-01-18 05:41:53,-4.035218,-79.220524,Av. Metropolitana,SOLO_DANOS,Incendio,Visibilidad reducida,,,,,,,,,,,,
2026-01-19 04:39:45,-4.005636,-79.193193,Av. Metropolitana,SOLO_DANOS,Atropellamiento,Inobservancia de senales,,,,,,,,,,,,
2026-01-09 01:54:56,-3.992604,-79.213522,Calle Rocafuerte,CON_LESIONADOS,Caida,Fatiga del conductor,48,LESIONADO,NO_REGISTRA,PEATON,58,LESIONADO,NO_REGISTRA,PEATON,24,LESIONADO,MUJER,MOTOCICLETA
2026-01-21 22:51:17,-3.989217,-79.226411,Calle Sucre,SOLO_DANOS,Atropellamiento,Visibilidad reducida,,,,,,,,,,,,
2026-01-07 23:10:25,-3.981881,-79.210853,Av. Reinaldo Espinosa,CON_FALLECIDOS,Colision Multiple,Visibilidad reducida,75,FALLECIDO,NO_REGISTRA,SCOOTER,7,LESIONADO,NO_REGISTRA,OTRO,30,LESIONADO,NO_REGISTRA,PEATON
2026-01-02 03:27:13,-4.028782,-79.187444,Av. Pio Jaramillo,CON_FALLECIDOS,Caida,Exceso de velocidad,56,FALLECIDO,MUJER,MOTOCICLETA,49,FALLECIDO,MUJER,SCOOTER,23,LESIONADO,NO_REGISTRA,CICLISTA
2026-01-17 06:42:22,-3.985785,-79.230699,Av. Cuxibamba,CON_LESIONADOS,Caida,Distraccion (celular/radio),55,LESIONADO,NO_REGISTRA,SCOOTER,12,LESIONADO,MUJER,CICLISTA,10,LESIONADO,MUJER,OTRO
2026-01-12 08:36:07,-4.003979,-79.182879,Via Loja - Catamayo,CON_LESIONADOS,Incendio,Exceso de velocidad,33,LESIONADO,MUJER,SCOOTER,80,LESIONADO,MUJER,PEATON,,,,
2026-01-03 16:12:06,-4.021480,-79.173693,Calle 18 de Noviembre,CON_FALLECIDOS,Accidente Laboral,Imprudencia del conductor,46,FALLECIDO,HOMBRE,SCOOTER,35,LESIONADO,HOMBRE,MOTOCICLETA,8,LESIONADO,MUJER,SCOOTER
2026-01-16 14:10:41,-4.027694,-79.218273,Calle Colon,CON_LESIONADOS,Caida,Estado de embriaguez,46,LESIONADO,NO_REGISTRA,OTRO,77,LESIONADO,HOMBRE,PEATON,19,LESIONADO,NO_REGISTRA,PEATON
2026-01-15 16:54:41,-3.981228,-79.204968,Calle Quito,CON_FALLECIDOS,Volcamiento,Fatiga del conductor,51,FALLECIDO,HOMBRE,CICLISTA,43,FALLECIDO,MUJER,SCOOTER,16,LESIONADO,HOMBRE,CICLISTA
2026-01-12 11:02:04,-4.015176,-79.214156,Calle Quito,CON_FALLECIDOS,Accidente Laboral,Inobservancia de senales,83,FALLECIDO,HOMBRE,SCOOTER,50,FALLECIDO,HOMBRE,PEATON,36,LESIONADO,NO_REGISTRA,VEH_LIVIANO
2026-01-09 03:09:32,-4.020896,-79.178248,Av. Gran Colombia,SOLO_DANOS,Caida,Distraccion (celular/radio),,,,,,,,,,,,
2026-01-20 05:20:39,-3.986026,-79.213700,Av. Cuxibamba,SOLO_DANOS,Volcamiento,Imprudencia del conductor,,,,,,,,,,,,
2026-01-12 12:32:24,-4.024175,-79.184517,Calle Azogues,SOLO_DANOS,Choque Vehicular,Inobservancia de senales,,,,,,,,,,,,
2026-01-07 16:10:20,-4.026069,-79.228129,Via Loja - Catamayo,SOLO_DANOS,Choque Vehicular,Estado de embriaguez,,,,,,,,,,,,