fecha_hora,latitud,longitud,via,grado_severidad,tipo_siniestro,causa_probable,victima1_edad,victima1_condicion,victima1_sexo,victima1_actor_vial,victima2_edad,victima2_condicion,victima2_sexo,victima2_actor_vial,victima3_edad,victima3_condicion,victima3_sexo,victima3_actor_vial
2026-01-07 15:09:01,-4.022898,-79.172219,Calle Colon,SOLO_DANOS,Incendio,Fatiga del conductor,64,LESIONADO,MUJER,VEH_LIVIANO,,,,,,,,
2026-01-22 12:24:21,-3.985073,-79.214685,Av. Reinaldo Espinosa,CON_FALLECIDOS,Atropellamiento,Falla mecanica,48,FALLECIDO,MUJER,CICLISTA,74,LESIONADO,NO_REGISTRA,SCOOTER,,,,
2026-01-19 08:36:07,-3.998118,-79.211226,Calle Ramon Borrero,CON_FALLECIDOS,Caida,Exceso de velocidad,76,FALLECIDO,MUJER,OTRO,,,,,,,,
2026-01-02 19:15:57,-4.032610,-79.216840,Av. Metropolitana,SOLO_DANOS,Incendio,Factores externos,,,,,,,,,,,,
2026-01-08 18:13:23,-4.014163,-79.193820,Calle Miguel Riofrio,CON_FALLECIDOS,Atropellamiento,Equipo de seguridad deficiente,19,FALLECIDO,MUJER,SCOOTER,63,FALLECIDO,MUJER,CICLISTA,19,LESIONADO,NO_REGISTRA,VEH_LIVIANO
2026-01-18 20:21:20,-3.987404,-79.184584,Calle Saraguro,CON_LESIONADOS,Accidente Laboral,Estado de embriaguez,45,LESIONADO,MUJER,CICLISTA,,,,,,,,
2026-01-02 07:50:09,-4.017587,-79.178468,Calle Saraguro,CON_LESIONADOS,Incendio,Imprudencia del conductor,15,LESIONADO,NO_REGISTRA,PEATON,,,,,,,,
2026-01-22 21:36:10,-3.980749,-79.219739,Av. 8 de Diciembre,CON_LESIONADOS,Atropellamiento,Fatiga del conductor,33,LESIONADO,HOMBRE,VEH_LIVIANO,,,,,,,,
2026-01-01 17:37:21,-3.999889,-79.182275,Calle 10 de Agosto,CON_FALLECIDOS,Volcamiento,Mal estado de la via,41,FALLECIDO,NO_REGISTRA,MOTOCICLETA,42,FALLECIDO,MUJER,SCOOTER,80,LESIONADO,HOMBRE,SCOOTER
2026-01-02 04:12:20,-4.030101,-79.230811,Av. Pio Jaramillo,SOLO_DANOS,Caida,Estado de embriaguez,29,LESIONADO,NO_REGISTRA,VEH_LIVIANO,,,,,,,,
2026-01-19 19:54:23,-4.036495,-79.193514,Av. Orillas del Zamora,CON_FALLECIDOS,Incendio,Exceso de velocidad,83,FALLECIDO,MUJER,VEH_LIVIANO,61,FALLECIDO,NO_REGISTRA,CICLISTA,,,,
2026-01-13 13:28:26,-4.025247,-79.209935,Calle 18 de Noviembre,SOLO_DANOS,Choque Vehicular,Falla mecanica,,,,,,,,,,,,
2026-01-04 09:47:28,-4.007250,-79.198717,Calle Colon,CON_FALLECIDOS,Atropellamiento,Visibilidad reducida,60,FALLECIDO,HOMBRE,SCOOTER,26,LESIONADO,NO_REGISTRA,SCOOTER,31,LESIONADO,MUJER,PEATON
2026-01-16 23:47:32,-4.014580,-79.229640,Calle Ramon Borrero,CON_FALLECIDOS,Choque Vehicular,Visibilidad reducida,50,FALLECIDO,HOMBRE,PEATON,44,LESIONADO,NO_REGISTRA,VEH_LIVIANO,37,LESIONADO,HOMBRE,SCOOTER
2026-01-13 01:25:50,-4.004139,-79.201435,Av. Orillas del Zamora,SOLO_DANOS,Volcamiento,Inobservancia de senales,,,,,,,,,,,,
2026-01-10 14:29:23,-3.998344,-79.187104,Calle Montufar,SOLO_DANOS,Incendio,Estado de embriaguez,,,,,,,,,,,,
2026-01-09 23:36:50,-3.994357,-79.186452,Via Loja - Zamora,CON_FALLECIDOS,Choque Vehicular,Inobservancia de senales,59,FALLECIDO,NO_REGISTRA,CICLISTA,55,FALLECIDO,MUJER,CICLISTA,,,,
2026-01-04 10:02:28,-3.987393,-79.196249,Av. Isidro Ayora,CON_FALLECIDOS,Choque Vehicular,Equipo de seguridad deficiente,63,FALLECIDO,HOMBRE,VEH_LIVIANO,8,LESIONADO,HOMBRE,CICLISTA,,,,
2026-01-16 16:37:43,-4.022767,-79.191143,Calle Ramon Borrero,CON_LESIONADOS,Atropellamiento,Equipo de seguridad deficiente,70,LESIONADO,NO_REGISTRA,PEATON,20,LESIONADO,HOMBRE,CICLISTA,14,LESIONADO,HOMBRE,MOTOCICLETA
2026-01-20 06:20:40,-4.003999,-79.194718,Via Loja - Catamayo,CON_LESIONADOS,Colision Multiple,Inobservancia de senales,50,LESIONADO,NO_REGISTRA,OTRO,,,,,,,,
2026-01-14 01:09:05,-4.015562,-79.216861,Av. Gran Colombia,SOLO_DANOS,Atropellamiento,Via resbaladiza o mojada,,,,,,,,,,,,
2026-01-14 19:07:25,-4.025357,-79.226784,Av. Metropolitana,CON_FALLECIDOS,Incendio,Distraccion (celular/radio),76,FALLECIDO,MUJER,SCOOTER,75,FALLECIDO,NO_REGISTRA,MOTOCICLETA,69,LESIONADO,HOMBRE,VEH_LIVIANO
2026-01-11 18:52:40,-3.980851,-79.185073,Av. Cuxibamba,CON_LESIONADOS,Caida,Imprudencia del conductor,41,LESIONADO,NO_REGISTRA,SCOOTER,,,,,,,,
2026-01-01 09:00:24,-4.003105,-79.187710,Calle Azogues,SOLO_DANOS,Incendio,Factores externos,,,,,,,,,,,,
2026-01-05 13:35:00,-3.986512,-79.197768,Calle Miguel Riofrio,CON_FALLECIDOS,Choque Vehicular,Visibilidad reducida,41,FALLECIDO,HOMBRE,VEH_LIVIANO,71,FALLECIDO,MUJER,MOTOCICLETA,45,LESIONADO,MUJER,MOTOCICLETA
2026-01-18 10:42:40,-4.013414,-79.196739,Calle Sucre,SOLO_DANOS,Colision Multiple,Falla mecanica,,,,,,,,,,,,
2026-01-01 12:42:40,-3.991225,-79.217102,Calle Bolivar,SOLO_DANOS,Accidente Laboral,Equipo de seguridad deficiente,,,,,,,,,,,,
2026-01-13 07:56:42,-4.013093,-79.212915,Av. Reinaldo Espinosa,CON_FALLECIDOS,Incendio,Estado de embriaguez,84,FALLECIDO,HOMBRE,VEH_LIVIANO,43,LESIONADO,NO_REGISTRA,OTRO,55,LESIONADO,NO_REGISTRA,MOTOCICLETA
2026-01-05 10:15:45,-4.007034,-79.230692,Calle Azogues,CON_FALLECIDOS,Incendio,Inobservancia de senales,66,FALLECIDO,NO_REGISTRA,OTRO,,,,,,,,
2026-01-07 06:19:47,-4.004982,-79.206665,Calle Saraguro,SOLO_DANOS,Incendio,Exceso de velocidad,,,,,,,,,,,,
2026-01-02 10:42:10,-4.003710,-79.216756,Av. Metropolitana,CON_LESIONADOS,Atropellamiento,Inobservancia de senales,48,LESIONADO,MUJER,PEATON,49,LESIONADO,NO_REGISTRA,CICLISTA,13,LESIONADO,MUJER,MOTOCICLETA
2026-01-07 10:07:43,-4.003762,-79.224082,Calle Saraguro,CON_FALLECIDOS,Volcamiento,Factores externos,18,FALLECIDO,NO_REGISTRA,MOTOCICLETA,46,FALLECIDO,HOMBRE,SCOOTER,,,,
2026-01-10 09:10:12,-4.034126,-79.198736,Av. Reinaldo Espinosa,CON_FALLECIDOS,Caida,Distraccion (celular/radio),31,FALLECIDO,NO_REGISTRA,MOTOCICLETA,79,LESIONADO,MUJER,SCOOTER,60,LESIONADO,MUJER,OTRO
2026-01-23 13:14:25,-3.995415,-79.198886,Via Loja - Catamayo,CON_FALLECIDOS,Caida,Distraccion (celular/radio),76,FALLECIDO,HOMBRE,MOTOCICLETA,,,,,,,,
2026-01-02 15:28:27,-3.982578,-79.230052,Av. Universitaria,CON_LESIONADOS,Colision Multiple,Factores externos,16,LESIONADO,MUJER,VEH_LIVIANO,39,LESIONADO,HOMBRE,VEH_LIVIANO,,,,
2026-01-14 15:35:09,-4.030522,-79.181465,Av. Isidro Ayora,SOLO_DANOS,Choque Vehicular,Factores externos,,,,,,,,,,,,
2026-01-01 13:57:05,-4.032229,-79.183945,Calle Rocafuerte,CON_LESIONADOS,Incendio,Inobservancia de senales,21,LESIONADO,MUJER,MOTOCICLETA,46,LESIONADO,MUJER,CICLISTA,52,LESIONADO,HOMBRE,OTRO
2026-01-14 14:29:12,-3.980258,-79.182369,Av. Rosa Hermosa,CON_LESIONADOS,Choque Vehicular,Fatiga del conductor,32,LESIONADO,MUJER,MOTOCICLETA,7,LESIONADO,NO_REGISTRA,PEATON,50,LESIONADO,NO_REGISTRA,VEH_LIVIANO
2026-01-16 23:46:38,-3.978303,-79.219377,Av. Orillas del Zamora,SOLO_DANOS,Choque Vehicular,Visibilidad reducida,,,,,,,,,,,,
2026-01-07 23:07:15,-4.036068,-79.200558,Calle Ramon Borrero,CON_LESIONADOS,Volcamiento,Exceso de velocidad,32,LESIONADO,HOMBRE,VEH_LIVIANO,42,LESIONADO,NO_REGISTRA,MOTOCICLETA,,,,
2026-01-16 01:55:51,-4.000082,-79.227262,Av. Manuel Agustin Aguirre,CON_LESIONADOS,Atropellamiento,Imprudencia del conductor,39,LESIONADO,HOMBRE,OTRO,,,,,,,,
2026-01-13 01:32:57,-3.989881,-79.218676,Av. Pio Jaramillo,CON_FALLECIDOS,Atropellamiento,Estado de embriaguez,26,FALLECIDO,HOMBRE,PEATON,60,FALLECIDO,MUJER,CICLISTA,48,LESIONADO,MUJER,OTRO
2026-01-18 12:04:05,-4.018517,-79.216582,Av. Gran Colombia,SOLO_DANOS,Choque Vehicular,Visibilidad reducida,,,,,,,,,,,,
2026-01-03 16:56:52,-4.013535,-79.203506,Calle Rocafuerte,CON_LESIONADOS,Incendio,Fatiga del conductor,59,LESIONADO,HOMBRE,SCOOTER,,,,,,,,
2026-01-14 05:21:49,-4.032381,-79.198164,Calle 10 de Agosto,SOLO_DANOS,Volcamiento,Via resbaladiza o mojada,34,LESIONADO,NO_REGISTRA,CICLISTA,,,,,,,,
2026-01-02 01:06:38,-3.979791,-79.215006,Via Loja - Catamayo,SOLO_DANOS,Volcamiento,Exceso de velocidad,,,,,,,,,,,,
2026-01-01 01:49:38,-4.005341,-79.218541,Av. Reinaldo Espinosa,SOLO_DANOS,Volcamiento,Imprudencia del conductor,,,,,,,,,,,,
2026-01-10 23:33:03,-3.978280,-79.199934,Calle Saraguro,CON_LESIONADOS,Colision Multiple,Via resbaladiza o mojada,34,LESIONADO,HOMBRE,PEATON,9,LESIONADO,MUJER,OTRO,73,LESIONADO,MUJER,MOTOCICLETA
2026-01-02 14:44:48,-3.997932,-79.181673,Ruta 35,CON_FALLECIDOS,Caida,Exceso de velocidad,55,FALLECIDO,NO_REGISTRA,CICLISTA,24,LESIONADO,MUJER,VEH_LIVIANO,,,,
2026-01-14 17:40:00,-3.985550,-79.188306,Av. Isidro Ayora,CON_FALLECIDOS,Caida,Via resbaladiza o mojada,25,FALLECIDO,NO_REGISTRA,VEH_LIVIANO,,,,,,,,
2026-01-13 02:59:24,-3.983681,-79.221598,Calle Rocafuerte,SOLO_DANOS,Colision Multiple,Fatiga del conductor,,,,,,,,,,,,
2026-01-02 21:58:10,-4.036595,-79.229881,Av. Manuel Agustin Aguirre,SOLO_DANOS,Choque Vehicular,Estado de embriaguez,,,,,,,,,,,,
2026-01-14 21:06:30,-3.990800,-79.203436,Av. Metropolitana,CON_FALLECIDOS,Caida,Falla mecanica,76,FALLECIDO,NO_REGISTRA,SCOOTER,71,LESIONADO,NO_REGISTRA,CICLISTA,10,LESIONADO,NO_REGISTRA,MOTOCICLETA
2026-01-21 21:44:51,-4.025788,-79.192028,Calle Imbabura,CON_FALLECIDOS,Accidente Laboral,Equipo de seguridad deficiente,77,FALLECIDO,HOMBRE,OTRO,21,FALLECIDO,MUJER,VEH_LIVIANO,67,LESIONADO,NO_REGISTRA,OTRO
2026-01-13 17:16:33,-4.010493,-79.175722,Calle Bolivar,CON_LESIONADOS,Incendio,Imprudencia del conductor,59,LESIONADO,MUJER,MOTOCICLETA,,,,,,,,
2026-01-14 22:13:48,-4.012891,-79.219700,Via Loja - Catamayo,SOLO_DANOS,Atropellamiento,Estado de embriaguez,,,,,,,,,,,,
2026-01-07 01:06:30,-4.003365,-79.181196,Calle Miguel Riofrio,SOLO_DANOS,Incendio,Falla mecanica,,,,,,,,,,,,
2026-01-07 15:50:13,-4.029982,-79.229386,Calle 10 de Agosto,CON_LESIONADOS,Caida,Imprudencia del conductor,47,LESIONADO,HOMBRE,OTRO,55,LESIONADO,NO_REGISTRA,OTRO,,,,
2026-01-13 03:08:05,-4.021340,-79.211403,Av. Metropolitana,SOLO_DANOS,Atropellamiento,Inobservancia de senales,,,,,,,,,,,,
2026-01-10 22:06:12,-3.999940,-79.192958,Calle 18 de Noviembre,CON_FALLECIDOS,Incendio,Visibilidad reducida,42,FALLECIDO,NO_REGISTRA,OTRO,73,FALLECIDO,NO_REGISTRA,SCOOTER,33,LESIONADO,MUJER,PEATON
2026-01-12 20:28:55,-4.027559,-79.200933,Calle Bolivar,CON_LESIONADOS,Choque Vehicular,Estado de embriaguez,30,LESIONADO,HOMBRE,VEH_LIVIANO,39,LESIONADO,MUJER,OTRO,73,LESIONADO,MUJER,OTRO
2026-01-01 13:54:31,-3.987775,-79.178859,Calle 10 de Agosto,CON_LESIONADOS,Caida,Factores externos,39,LESIONADO,NO_REGISTRA,PEATON,,,,,,,,
2026-01-20 04:18:46,-3.988960,-79.201389,Av. Universitaria,CON_FALLECIDOS,Atropellamiento,Exceso de velocidad,57,FALLECIDO,MUJER,PEATON,27,FALLECIDO,MUJER,VEH_LIVIANO,32,LESIONADO,NO_REGISTRA,PEATON
2026-01-21 13:02:48,-4.036978,-79.199185,Av. Rosa Hermosa,CON_LESIONADOS,Colision Multiple,Via resbaladiza o mojada,79,LESIONADO,HOMBRE,SCOOTER,39,LESIONADO,HOMBRE,VEH_LIVIANO,,,,
2026-01-19 22:08:25,-4.033021,-79.179852,Av. Metropolitana,CON_LESIONADOS,Colision Multiple,Exceso de velocidad,30,LESIONADO,HOMBRE,PEATON,64,LESIONADO,NO_REGISTRA,MOTOCICLETA,16,LESIONADO,NO_REGISTRA,MOTOCICLETA
2026-01-07 14:08:22,-4.028701,-79.182692,Av. Reinaldo Espinosa,CON_FALLECIDOS,Colision Multiple,Factores externos,60,FALLECIDO,MUJER,VEH_LIVIANO,76,FALLECIDO,MUJER,VEH_LIVIANO,56,LESIONADO,MUJER,SCOOTER
2026-01-13 19:20:46,-4.024085,-79.199213,Av. Manuel Agustin Aguirre,SOLO_DANOS,Caida,Fatiga del conductor,,,,,,,,,,,,
2026-01-02 06:32:04,-4.014962,-79.196869,Via Loja - Zamora,CON_FALLECIDOS,Accidente Laboral,Distraccion (celular/radio),34,FALLECIDO,NO_REGISTRA,SCOOTER,16,LESIONADO,MUJER,VEH_LIVIANO,40,LESIONADO,HOMBRE,SCOOTER
2026-01-21 06:33:52,-3.998297,-79.220746,Av. Manuel Agustin Aguirre,CON_LESIONADOS,Choque Vehicular,Estado de embriaguez,73,LESIONADO,MUJER,VEH_LIVIANO,24,LESIONADO,HOMBRE,SCOOTER,70,LESIONADO,HOMBRE,PEATON
2026-01-05 08:09:35,-4.005500,-79.218081,Calle Mercadillo,CON_FALLECIDOS,Choque Vehicular,Factores externos,71,FALLECIDO,HOMBRE,VEH_LIVIANO,63,FALLECIDO,HOMBRE,VEH_LIVIANO,80,LESIONADO,NO_REGISTRA,CICLISTA
2026-01-03 08:32:07,-4.024886,-79.215644,Av. Manuel Agustin Aguirre,CON_FALLECIDOS,Incendio,Equipo de seguridad deficiente,21,FALLECIDO,MUJER,VEH_LIVIANO,63,FALLECIDO,HOMBRE,VEH_LIVIANO,51,LESIONADO,HOMBRE,SCOOTER
2026-01-08 07:12:47,-4.002625,-79.212395,Calle Imbabura,CON_FALLECIDOS,Volcamiento,Distraccion (celular/radio),57,FALLECIDO,NO_REGISTRA,OTRO,18,FALLECIDO,HOMBRE,OTRO,64,LESIONADO,MUJER,SCOOTER
2026-01-09 00:31:49,-3.998480,-79.217628,Ruta 35,CON_FALLECIDOS,Volcamiento,Fatiga del conductor,66,FALLECIDO,NO_REGISTRA,PEATON,85,FALLECIDO,MUJER,CICLISTA,74,LESIONADO,MUJER,OTRO
2026-01-06 13:12:36,-3.981651,-79.218717,Av. Orillas del Zamora,SOLO_DANOS,Volcamiento,Mal estado de la via,58,LESIONADO,MUJER,CICLISTA,,,,,,,,
2026-01-06 17:46:10,-4.000043,-79.194208,Calle 10 de Agosto,SOLO_DANOS,Incendio,Estado de embriaguez,,,,,,,,,,,,
2026-01-18 07:08:29,-3.984404,-79.220403,Calle Saraguro,CON_FALLECIDOS,Accidente Laboral,Factores externos,67,FALLECIDO,NO_REGISTRA,MOTOCICLETA,17,LESIONADO,NO_REGISTRA,CICLISTA,47,LESIONADO,NO_REGISTRA,VEH_LIVIANO
2026-01-13 09:05:35,-4.017812,-79.228451,Av. Metropolitana,CON_FALLECIDOS,Colision Multiple,Inobservancia de senales,74,FALLECIDO,NO_REGISTRA,SCOOTER,10,LESIONADO,HOMBRE,MOTOCICLETA,21,LESIONADO,MUJER,SCOOTER
2026-01-10 06:59:47,-4.004514,-79.182566,Av. Gran Colombia,CON_FALLECIDOS,Volcamiento,Via resbaladiza o mojada,27,FALLECIDO,MUJER,PEATON,33,FALLECIDO,MUJER,VEH_LIVIANO,78,LESIONADO,MUJER,CICLISTA
2026-01-06 23:55:44,-4.019797,-79.225646,Ruta 35,CON_LESIONADOS,Accidente Laboral,Distraccion (celular/radio),63,LESIONADO,MUJER,PEATON,67,LESIONADO,MUJER,OTRO,28,LESIONADO,NO_REGISTRA,VEH_LIVIANO
2026-01-02 05:15:37,-4.014464,-79.198045,Calle Montufar,CON_LESIONADOS,Colision Multiple,Mal estado de la via,71,LESIONADO,HOMBRE,CICLISTA,,,,,,,,
2026-01-08 13:43:03,-4.035284,-79.183775,Calle Saraguro,CON_FALLECIDOS,Atropellamiento,Imprudencia del conductor,64,FALLECIDO,NO_REGISTRA,OTRO,,,,,,,,
2026-01-12 09:14:51,-4.036847,-79.218854,Av. Rosa Hermosa,CON_FALLECIDOS,Choque Vehicular,Estado de embriaguez,70,FALLECIDO,MUJER,VEH_LIVIANO,,,,,,,,
2026-01-22 17:21:07,-3.989055,-79.196082,Calle Saraguro,CON_LESIONADOS,Colision Multiple,Via resbaladiza o mojada,58,LESIONADO,NO_REGISTRA,CICLISTA,73,LESIONADO,MUJER,CICLISTA,76,LESIONADO,HOMBRE,OTRO
2026-01-19 22:12:08,-4.036268,-79.173368,Ruta 35,SOLO_DANOS,Incendio,Imprudencia del conductor,,,,,,,,,,,,
2026-01-06 03:03:41,-4.009864,-79.184846,Calle Sucre,CON_LESIONADOS,Choque Vehicular,Falla mecanica,20,LESIONADO,HOMBRE,OTRO,9,LESIONADO,MUJER,CICLISTA,8,LESIONADO,NO_REGISTRA,PEATON
2026-01-20 06:37:20,-4.012219,-79.179233,Av. Universitaria,CON_LESIONADOS,Atropellamiento,Distraccion (celular/radio),18,LESIONADO,MUJER,CICLISTA,79,LESIONADO,HOMBRE,VEH_LIVIANO,,,,
2026-01-10 04:50:22,-4.017687,-79.211955,Calle Bolivar,CON_FALLECIDOS,Incendio,Imprudencia del conductor,80,FALLECIDO,NO_REGISTRA,MOTOCICLETA,35,FALLECIDO,NO_REGISTRA,VEH_LIVIANO,50,LESIONADO,MUJER,SCOOTER
2026-01-19 10:21:10,-3.986955,-79.209501,Av. Orillas del Zamora,CON_FALLECIDOS,Atropellamiento,Factores externos,84,FALLECIDO,MUJER,CICLISTA,,,,,,,,
2026-01-02 21:36:10,-3.982092,-79.196381,Calle Saraguro,SOLO_DANOS,Accidente Laboral,Imprudencia del conductor,,,,,,,,,,,,
2026-01-17 17:49:00,-4.002030,-79.204926,Av. Universitaria,CON_FALLECIDOS,Incendio,Via resbaladiza o mojada,79,FALLECIDO,NO_REGISTRA,MOTOCICLETA,32,LESIONADO,NO_REGISTRA,CICLISTA,7,LESIONADO,NO_REGISTRA,MOTOCICLETA
2026-01-18 07:11:50,-4.013892,-79.227678,Av. Pio Jaramillo,CON_FALLECIDOS,Volcamiento,Falla mecanica,59,FALLECIDO,HOMBRE,SCOOTER,33,FALLECIDO,HOMBRE,OTRO,16,LESIONADO,NO_REGISTRA,CICLISTA
2026-01-16 23:31:52,-4.019516,-79.200293,Calle Miguel Riofrio,SOLO_DANOS,Choque Vehicular,Imprudencia del conductor,,,,,,,,,,,,
2026-01-12 22:57:59,-3.999950,-79.212198,Calle Montufar,CON_LESIONADOS,Accidente Laboral,Estado de embriaguez,41,LESIONADO,HOMBRE,PEATON,75,LESIONADO,MUJER,VEH_LIVIANO,22,LESIONADO,HOMBRE,OTRO
2026-01-03 23:55:35,-3.977102,-79.228692,Calle Miguel Riofrio,CON_LESIONADOS,Colision Multiple,Via resbaladiza o mojada,71,LESIONADO,MUJER,OTRO,,,,,,,,
2026-01-16 00:50:47,-4.013703,-79.188259,Av. Cuxibamba,SOLO_DANOS,Incendio,Exceso de velocidad,,,,,,,,,,,,
2026-01-12 15:48:57,-4.002199,-79.214521,Av. 8 de Diciembre,SOLO_DANOS,Choque Vehicular,Exceso de velocidad,,,,,,,,,,,,
2026-01-19 18:19:54,-4.026750,-79.217380,Av. Gran Colombia,CON_LESIONADOS,Accidente Laboral,Fatiga del conductor,77,LESIONADO,HOMBRE,CICLISTA,,,,,,,,
2026-01-08 16:10:10,-4.016292,-79.221833,Calle 10 de Agosto,SOLO_DANOS,Atropellamiento,Falla mecanica,,,,,,,,,,,,
2026-01-04 01:43:50,-3.992897,-79.190676,Av. Universitaria,CON_FALLECIDOS,Choque Vehicular,Factores externos,22,FALLECIDO,NO_REGISTRA,MOTOCICLETA,35,LESIONADO,HOMBRE,OTRO,,,,
2026-01-03 00:46:42,-3.988404,-79.225398,Calle Mercadillo,CON_LESIONADOS,Colision Multiple,Equipo de seguridad deficiente,38,LESIONADO,MUJER,PEATON,41,LESIONADO,MUJER,SCOOTER,75,LESIONADO,HOMBRE,MOTOCICLETA
2026-01-07 19:40:46,-4.019958,-79.223418,Av. Cuxibamba,CON_FALLECIDOS,Colision Multiple,Falla mecanica,39,FALLECIDO,MUJER,SCOOTER,43,FALLECIDO,NO_REGISTRA,MOTOCICLETA,11,LESIONADO,NO_REGISTRA,CICLISTA
2026-01-05 04:38:38,-3.981603,-79.171667,Av. Pio Jaramillo,SOLO_DANOS,Accidente Laboral,Exceso de velocidad,29,LESIONADO,NO_REGISTRA,VEH_LIVIANO,,,,,,,,
2026-01-21 09:55:55,-4.016160,-79.228832,Calle Imbabura,CON_FALLECIDOS,Choque Vehicular,Exceso de velocidad,20,FALLECIDO,NO_REGISTRA,VEH_LIVIANO,37,FALLECIDO,HOMBRE,CICLISTA,,,,
2026-01-15 23:38:45,-4.025416,-79.201790,Calle 18 de Noviembre,SOLO_DANOS,Atropellamiento,Mal estado de la via,,,,,,,,,,,,
2026-01-07 11:43:17,-3.989743,-79.209123,Calle Saraguro,CON_LESIONADOS,Caida,Falla mecanica,11,LESIONADO,NO_REGISTRA,CICLISTA,61,LESIONADO,MUJER,CICLISTA,,,,
2026-01-16 19:29:01,-4.012517,-79.199557,Av. Gran Colombia,SOLO_DANOS,Choque Vehicular,Fatiga del conductor,,,,,,,,,,,,
2026-01-15 00:22:31,-3.995822,-79.214451,Calle Sucre,SOLO_DANOS,Caida,Distraccion (celular/radio),,,,,,,,,,,,
2026-01-11 01:37:09,-4.016454,-79.211121,Av. Universitaria,CON_FALLECIDOS,Accidente Laboral,Falla mecanica,51,FALLECIDO,NO_REGISTRA,SCOOTER,,,,,,,,
2026-01-06 02:57:23,-4.015709,-79.209370,Calle 18 de Noviembre,SOLO_DANOS,Caida,Via resbaladiza o mojada,,,,,,,,,,,,
2026-01-07 13:23:15,-4.020554,-79.230578,Av. Universitaria,SOLO_DANOS,Accidente Laboral,Estado de embriaguez,,,,,,,,,,,,
2026-01-04 00:34:57,-4.025630,-79.205181,Calle Azogues,SOLO_DANOS,Caida,Exceso de velocidad,,,,,,,,,,,,
2026-01-11 04:04:43,-4.005328,-79.224995,Av. Metropolitana,CON_LESIONADOS,Atropellamiento,Imprudencia del conductor,26,LESIONADO,NO_REGISTRA,MOTOCICLETA,10,LESIONADO,NO_REGISTRA,CICLISTA,35,LESIONADO,HOMBRE,SCOOTER
2026-01-20 16:14:06,-4.006733,-79.211220,Via Loja - Catamayo,CON_FALLECIDOS,Volcamiento,Fatiga del conductor,23,FALLECIDO,MUJER,MOTOCICLETA,27,LESIONADO,HOMBRE,CICLISTA,22,LESIONADO,MUJER,PEATON
2026-01-23 10:10:03,-3.981649,-79.181126,Av. Isidro Ayora,SOLO_DANOS,Volcamiento,Imprudencia del conductor,,,,,,,,,,,,
2026-01-16 17:39:59,-4.004752,-79.183881,Av. Manuel Agustin Aguirre,CON_FALLECIDOS,Caida,Factores externos,66,FALLECIDO,HOMBRE,SCOOTER,20,FALLECIDO,HOMBRE,VEH_LIVIANO,23,LESIONADO,NO_REGISTRA,MOTOCICLETA
2026-01-04 08:12:07,-3.983803,-79.186876,Av. Manuel Agustin Aguirre,SOLO_DANOS,Atropellamiento,Equipo de seguridad deficiente,,,,,,,,,,,,
2026-01-02 17:47:00,-3.980158,-79.202036,Via Loja - Zamora,SOLO_DANOS,Colision Multiple,Factores externos,,,,,,,,,,,,
2026-01-08 03:15:56,-3.994431,-79.192259,Av. Reinaldo Espinosa,CON_LESIONADOS,Atropellamiento,Inobservancia de senales,35,LESIONADO,NO_REGISTRA,PEATON,36,LESIONADO,MUJER,MOTOCICLETA,14,LESIONADO,NO_REGISTRA,MOTOCICLETA
2026-01-13 13:37:22,-3.978678,-79.200814,Calle Imbabura,CON_LESIONADOS,Accidente Laboral,Inobservancia de senales,32,LESIONADO,MUJER,OTRO,,,,,,,,
2026-01-12 12:48:50,-3.981935,-79.209380,Calle Quito,SOLO_DANOS,Atropellamiento,Factores externos,,,,,,,,,,,,
2026-01-04 09:57:51,-4.025181,-79.216423,Calle Ramon Borrero,SOLO_DANOS,Accidente Laboral,Factores externos,,,,,,,,,,,,
2026-01-21 09:07:56,-4.002448,-79.217207,Av. Metropolitana,CON_LESIONADOS,Accidente Laboral,Estado de embriaguez,29,LESIONADO,HOMBRE,PEATON,,,,,,,,
2026-01-16 16:00:44,-4.001450,-79.200165,Av. Orillas del Zamora,CON_FALLECIDOS,Caida,Estado de embriaguez,47,FALLECIDO,NO_REGISTRA,CICLISTA,59,FALLECIDO,MUJER,MOTOCICLETA,58,LESIONADO,HOMBRE,SCOOTER
2026-01-15 23:20:41,-4.036250,-79.171561,Via Loja - Catamayo,CON_LESIONADOS,Incendio,Distraccion (celular/radio),8,LESIONADO,HOMBRE,CICLISTA,52,LESIONADO,MUJER,CICLISTA,45,LESIONADO,MUJER,CICLISTA
2026-01-01 18:32:17,-4.030766,-79.172300,Av. Cuxibamba,CON_LESIONADOS,Incendio,Distraccion (celular/radio),21,LESIONADO,HOMBRE,SCOOTER,61,LESIONADO,MUJER,CICLISTA,9,LESIONADO,MUJER,CICLISTA
2026-01-05 11:59:19,-4.035524,-79.207190,Calle Saraguro,CON_FALLECIDOS,Incendio,Via resbaladiza o mojada,43,FALLECIDO,MUJER,CICLISTA,,,,,,,,
2026-01-08 07:05:51,-4.027727,-79.218838,Calle 18 de Noviembre,SOLO_DANOS,Colision Multiple,Equipo de seguridad deficiente,,,,,,,,,,,,
2026-01-14 01:59:22,-3.993722,-79.218610,Av. Gran Colombia,SOLO_DANOS,Volcamiento,Equipo de seguridad deficiente,,,,,,,,,,,,
2026-01-22 16:06:56,-4.015853,-79.191742,Av. Universitaria,SOLO_DANOS,Atropellamiento,Imprudencia del conductor,,,,,,,,,,,,