fecha_hora,latitud,longitud,via,grado_severidad,tipo_siniestro,causa_probable,victima1_edad,victima1_condicion,victima1_sexo,victima1_actor_vial,victima2_edad,victima2_condicion,victima2_sexo,victima2_actor_vial,victima3_edad,victima3_condicion,victima3_sexo,victima3_actor_vial
2026-01-03 18:14:47,-4.006710,-79.202290,Calle Quito,CON_LESIONADOS,Caida,Mal estado de la via,77,LESIONADO,HOMBRE,SCOOTER,75,LESIONADO,NO_REGISTRA,SCOOTER,26,LESIONADO,NO_REGISTRA,SCOOTER
2026-01-23 09:39:16,-4.010806,-79.186577,Calle Miguel Riofrio,CON_FALLECIDOS,Accidente Laboral,Equipo de seguridad deficiente,77,FALLECIDO,NO_REGISTRA,SCOOTER,69,LESIONADO,NO_REGISTRA,OTRO,33,LESIONADO,HOMBRE,OTRO
2026-01-03 06:48:24,-3.985473,-79.200976,Av. Reinaldo Espinosa,SOLO_DANOS,Caida,Inobservancia de senales,,,,,,,,,,,,
2026-01-11 06:24:42,-4.016108,-79.220217,Calle Bolivar,SOLO_DANOS,Caida,Exceso de velocidad,,,,,,,,,,,,
2026-01-10 07:17:08,-4.034715,-79.214980,Calle Bolivar,CON_LESIONADOS,Volcamiento,Fatiga del conductor,19,LESIONADO,NO_REGISTRA,VEH_LIVIANO,,,,,,,,
2026-01-23 13:33:51,-4.006614,-79.173663,Calle Imbabura,SOLO_DANOS,Accidente Laboral,Fatiga del conductor,,,,,,,,,,,,
2026-01-05 16:58:08,-4.032248,-79.172915,Calle 10 de Agosto,CON_FALLECIDOS,Volcamiento,Exceso de velocidad,61,FALLECIDO,HOMBRE,VEH_LIVIANO,76,FALLECIDO,MUJER,PEATON,13,LESIONADO,NO_REGISTRA,SCOOTER
2026-01-08 03:14:29,-4.007704,-79.211157,Ruta 35,CON_FALLECIDOS,Volcamiento,Equipo de seguridad deficiente,50,FALLECIDO,MUJER,PEATON,80,FALLECIDO,HOMBRE,OTRO,55,LESIONADO,NO_REGISTRA,VEH_LIVIANO
2026-01-19 05:25:17,-4.006419,-79.225075,Calle Saraguro,CON_LESIONADOS,Accidente Laboral,Inobservancia de senales,65,LESIONADO,HOMBRE,SCOOTER,6,LESIONADO,NO_REGISTRA,CICLISTA,20,LESIONADO,NO_REGISTRA,PEATON
2026-01-03 09:25:21,-3.980317,-79.199224,Av. Gran Colombia,CON_LESIONADOS,Colision Multiple,Visibilidad reducida,45,LESIONADO,NO_REGISTRA,MOTOCICLETA,15,LESIONADO,NO_REGISTRA,OTRO,55,LESIONADO,HOMBRE,PEATON
2026-01-20 04:12:11,-3.978904,-79.198070,Av. Manuel Agustin Aguirre,SOLO_DANOS,Accidente Laboral,Estado de embriaguez,,,,,,,,,,,,
2026-01-06 18:36:00,-4.005862,-79.171209,Av. Isidro Ayora,CON_FALLECIDOS,Atropellamiento,Visibilidad reducida,56,FALLECIDO,NO_REGISTRA,MOTOCICLETA,46,FALLECIDO,HOMBRE,PEATON,65,LESIONADO,MUJER,VEH_LIVIANO
2026-01-11 14:44:04,-4.006546,-79.192195,Av. 8 de Diciembre,CON_LESIONADOS,Choque Vehicular,Distraccion (celular/radio),9,LESIONADO,NO_REGISTRA,SCOOTER,38,LESIONADO,HOMBRE,MOTOCICLETA,,,,
2026-01-20 08:23:03,-4.000846,-79.227373,Calle Imbabura,CON_FALLECIDOS,Colision Multiple,Fatiga del conductor,32,FALLECIDO,HOMBRE,OTRO,79,FALLECIDO,HOMBRE,CICLISTA,,,,
2026-01-16 01:46:50,-4.011789,-79.227822,Ruta 35,CON_FALLECIDOS,Volcamiento,Estado de embriaguez,84,FALLECIDO,NO_REGISTRA,MOTOCICLETA,40,LESIONADO,HOMBRE,SCOOTER,,,,
2026-01-17 07:09:12,-3.983702,-79.215653,Av. Universitaria,CON_LESIONADOS,Volcamiento,Inobservancia de senales,50,LESIONADO,NO_REGISTRA,PEATON,,,,,,,,
2026-01-09 17:11:47,-3.982286,-79.207230,Av. Manuel Agustin Aguirre,SOLO_DANOS,Choque Vehicular,Estado de embriaguez,,,,,,,,,,,,
2026-01-15 04:27:25,-4.001010,-79.229880,Av. Universitaria,SOLO_DANOS,Caida,Distraccion (celular/radio),,,,,,,,,,,,
2026-01-16 02:48:50,-3.982441,-79.196794,Av. Pio Jaramillo,CON_LESIONADOS,Caida,Distraccion (celular/radio),12,LESIONADO,MUJER,SCOOTER,,,,,,,,
2026-01-09 22:06:48,-4.019732,-79.205095,Calle Azogues,SOLO_DANOS,Caida,Exceso de velocidad,,,,,,,,,,,,
2026-01-08 05:31:02,-4.031630,-79.197230,Calle Miguel Riofrio,CON_LESIONADOS,Choque Vehicular,Falla mecanica,15,LESIONADO,HOMBRE,SCOOTER,45,LESIONADO,NO_REGISTRA,PEATON,78,LESIONADO,HOMBRE,OTRO
2026-01-20 21:54:27,-4.015749,-79.206681,Calle Miguel Riofrio,CON_LESIONADOS,Colision Multiple,Equipo de seguridad deficiente,14,LESIONADO,MUJER,SCOOTER,71,LESIONADO,NO_REGISTRA,VEH_LIVIANO,,,,
2026-01-09 23:37:44,-3.981886,-79.230091,Calle Azogues,SOLO_DANOS,Choque Vehicular,Distraccion (celular/radio),,,,,,,,,,,,
2026-01-09 00:33:28,-4.000931,-79.194198,Av. Metropolitana,CON_LESIONADOS,Atropellamiento,Mal estado de la via,75,LESIONADO,MUJER,PEATON,35,LESIONADO,HOMBRE,OTRO,76,LESIONADO,MUJER,SCOOTER
2026-01-15 07:18:45,-4.026392,-79.206770,Av. Metropolitana,CON_LESIONADOS,Atropellamiento,Exceso de velocidad,43,LESIONADO,MUJER,SCOOTER,,,,,,,,
2026-01-12 07:51:30,-4.012444,-79.199266,Calle Colon,SOLO_DANOS,Accidente Laboral,Equipo de seguridad deficiente,,,,,,,,,,,,
2026-01-19 07:48:22,-4.009142,-79.216219,Calle Mercadillo,SOLO_DANOS,Atropellamiento,Falla mecanica,,,,,,,,,,,,
2026-01-10 15:43:12,-4.031226,-79.214570,Av. Isidro Ayora,CON_LESIONADOS,Choque Vehicular,Via resbaladiza o mojada,28,LESIONADO,NO_REGISTRA,OTRO,53,LESIONADO,HOMBRE,OTRO,38,LESIONADO,HOMBRE,VEH_LIVIANO
2026-01-21 18:46:22,-3.985260,-79.187578,Via Loja - Zamora,SOLO_DANOS,Incendio,Distraccion (celular/radio),,,,,,,,,,,,
2026-01-01 15:59:53,-3.997519,-79.182593,Calle Saraguro,CON_LESIONADOS,Caida,Exceso de velocidad,75,LESIONADO,NO_REGISTRA,PEATON,32,LESIONADO,MUJER,PEATON,,,,
2026-01-13 22:55:40,-4.014048,-79.197694,Av. Metropolitana,CON_FALLECIDOS,Choque Vehicular,Equipo de seguridad deficiente,70,FALLECIDO,MUJER,VEH_LIVIANO,56,FALLECIDO,NO_REGISTRA,CICLISTA,72,LESIONADO,HOMBRE,SCOOTER
2026-01-15 07:00:40,-3.989811,-79.208058,Calle Montufar,SOLO_DANOS,Incendio,Via resbaladiza o mojada,,,,,,,,,,,,
2026-01-14 15:35:12,-4.013001,-79.201175,Ruta 35,CON_LESIONADOS,Choque Vehicular,Visibilidad reducida,21,LESIONADO,NO_REGISTRA,CICLISTA,78,LESIONADO,HOMBRE,SCOOTER,62,LESIONADO,NO_REGISTRA,OTRO
2026-01-11 10:59:50,-3.983859,-79.224942,Calle Sucre,CON_LESIONADOS,Accidente Laboral,Fatiga del conductor,9,LESIONADO,NO_REGISTRA,VEH_LIVIANO,8,LESIONADO,NO_REGISTRA,CICLISTA,16,LESIONADO,NO_REGISTRA,MOTOCICLETA
2026-01-02 07:23:34,-4.032946,-79.172712,Calle Miguel Riofrio,SOLO_DANOS,Incendio,Falla mecanica,,,,,,,,,,,,
2026-01-16 00:58:12,-3.999712,-79.209324,Av. Rosa Hermosa,CON_LESIONADOS,Volcamiento,Inobservancia de senales,64,LESIONADO,MUJER,PEATON,,,,,,,,
2026-01-22 09:04:59,-3.991187,-79.201651,Av. Pio Jaramillo,CON_LESIONADOS,Incendio,Visibilidad reducida,25,LESIONADO,HOMBRE,MOTOCICLETA,59,LESIONADO,HOMBRE,PEATON,44,LESIONADO,MUJER,CICLISTA
2026-01-20 12:24:43,-4.018309,-79.205875,Av. Cuxibamba,CON_LESIONADOS,Choque Vehicular,Factores externos,77,LESIONADO,NO_REGISTRA,PEATON,26,LESIONADO,MUJER,VEH_LIVIANO,,,,
2026-01-13 13:45:18,-4.018919,-79.180998,Av. Metropolitana,SOLO_DANOS,Caida,Inobservancia de senales,,,,,,,,,,,,
2026-01-21 21:48:39,-4.023200,-79.175321,Calle Imbabura,SOLO_DANOS,Atropellamiento,Exceso de velocidad,,,,,,,,,,,,
2026-01-09 16:05:25,-4.008061,-79.210107,Av. Manuel Agustin Aguirre,SOLO_DANOS,Accidente Laboral,Visibilidad reducida,,,,,,,,,,,,
2026-01-17 05:41:02,-3.997215,-79.173042,Av. Universitaria,CON_FALLECIDOS,Caida,Equipo de seguridad deficiente,55,FALLECIDO,HOMBRE,PEATON,50,LESIONADO,NO_REGISTRA,MOTOCICLETA,,,,
2026-01-20 00:12:36,-4.004280,-79.221339,Calle 18 de Noviembre,CON_FALLECIDOS,Accidente Laboral,Imprudencia del conductor,29,FALLECIDO,NO_REGISTRA,SCOOTER,72,FALLECIDO,NO_REGISTRA,OTRO,,,,
2026-01-03 04:18:32,-4.028831,-79.190083,Av. Gran Colombia,CON_LESIONADOS,Accidente Laboral,Imprudencia del conductor,21,LESIONADO,MUJER,MOTOCICLETA,8,LESIONADO,NO_REGISTRA,SCOOTER,,,,
2026-01-21 21:36:19,-4.022056,-79.197204,Av. Orillas del Zamora,SOLO_DANOS,Choque Vehicular,Falla mecanica,,,,,,,,,,,,
2026-01-12 18:57:04,-4.013723,-79.187079,Calle Montufar,SOLO_DANOS,Accidente Laboral,Via resbaladiza o mojada,,,,,,,,,,,,
2026-01-09 23:28:57,-4.021765,-79.226260,Av. Isidro Ayora,CON_LESIONADOS,Choque Vehicular,Mal estado de la via,37,LESIONADO,NO_REGISTRA,VEH_LIVIANO,35,LESIONADO,MUJER,MOTOCICLETA,,,,
2026-01-22 23:29:18,-4.008029,-79.190980,Calle Montufar,CON_FALLECIDOS,Atropellamiento,Factores externos,61,FALLECIDO,HOMBRE,CICLISTA,81,FALLECIDO,NO_REGISTRA,VEH_LIVIANO,55,LESIONADO,NO_REGISTRA,SCOOTER
2026-01-02 15:48:48,-4.012696,-79.182975,Av. Pio Jaramillo,CON_FALLECIDOS,Atropellamiento,Inobservancia de senales,66,FALLECIDO,NO_REGISTRA,VEH_LIVIANO,,,,,,,,
2026-01-08 12:50:24,-4.024198,-79.197914,Via Loja - Catamayo,CON_FALLECIDOS,Caida,Visibilidad reducida,43,FALLECIDO,MUJER,VEH_LIVIANO,29,FALLECIDO,MUJER,PEATON,67,LESIONADO,NO_REGISTRA,CICLISTA
2026-01-05 03:49:48,-3.993333,-79.183434,Calle Rocafuerte,SOLO_DANOS,Colision Multiple,Factores externos,,,,,,,,,,,,
2026-01-02 23:12:28,-3.984531,-79.224928,Calle Montufar,CON_FALLECIDOS,Caida,Estado de embriaguez,27,FALLECIDO,NO_REGISTRA,SCOOTER,32,FALLECIDO,HOMBRE,PEATON,34,LESIONADO,MUJER,VEH_LIVIANO
2026-01-05 12:25:35,-4.008477,-79.189448,Calle Imbabura,CON_LESIONADOS,Volcamiento,Falla mecanica,73,LESIONADO,MUJER,OTRO,45,LESIONADO,NO_REGISTRA,CICLISTA,34,LESIONADO,MUJER,CICLISTA
2026-01-02 17:07:17,-4.027962,-79.175731,Calle Mercadillo,CON_FALLECIDOS,Caida,Exceso de velocidad,25,FALLECIDO,HOMBRE,PEATON,81,FALLECIDO,NO_REGISTRA,PEATON,,,,
2026-01-15 20:33:18,-4.002792,-79.202075,Av. Universitaria,CON_LESIONADOS,Volcamiento,Mal estado de la via,65,LESIONADO,MUJER,MOTOCICLETA,20,LESIONADO,MUJER,SCOOTER,,,,
2026-01-07 21:13:21,-4.028090,-79.211964,Calle Quito,CON_FALLECIDOS,Accidente Laboral,Fatiga del conductor,44,FALLECIDO,HOMBRE,PEATON,70,LESIONADO,HOMBRE,VEH_LIVIANO,,,,
2026-01-09 22:11:39,-3.993694,-79.224760,Calle 10 de Agosto,CON_LESIONADOS,Colision Multiple,Equipo de seguridad deficiente,71,LESIONADO,MUJER,PEATON,44,LESIONADO,NO_REGISTRA,MOTOCICLETA,,,,
2026-01-22 01:23:32,-3.996919,-79.177462,Av. Universitaria,CON_FALLECIDOS,Volcamiento,Via resbaladiza o mojada,71,FALLECIDO,NO_REGISTRA,SCOOTER,37,FALLECIDO,HOMBRE,VEH_LIVIANO,66,LESIONADO,HOMBRE,MOTOCICLETA
2026-01-14 05:10:09,-4.028608,-79.172749,Calle Quito,CON_FALLECIDOS,Volcamiento,Inobservancia de senales,30,FALLECIDO,NO_REGISTRA,SCOOTER,35,FALLECIDO,MUJER,CICLISTA,27,LESIONADO,MUJER,SCOOTER
2026-01-22 07:31:56,-4.020590,-79.223846,Calle Bolivar,CON_FALLECIDOS,Atropellamiento,Falla mecanica,71,FALLECIDO,NO_REGISTRA,PEATON,68,LESIONADO,MUJER,SCOOTER,11,LESIONADO,HOMBRE,SCOOTER
2026-01-17 00:31:03,-4.015846,-79.222349,Av. Gran Colombia,CON_LESIONADOS,Atropellamiento,Fatiga del conductor,30,LESIONADO,MUJER,CICLISTA,,,,,,,,
2026-01-06 13:00:40,-4.030816,-79.176580,Calle Miguel Riofrio,CON_FALLECIDOS,Colision Multiple,Fatiga del conductor,56,FALLECIDO,MUJER,CICLISTA,30,LESIONADO,NO_REGISTRA,OTRO,,,,
2026-01-17 23:30:20,-3.981568,-79.183296,Av. Manuel Agustin Aguirre,CON_LESIONADOS,Choque Vehicular,Visibilidad reducida,46,LESIONADO,MUJER,PEATON,35,LESIONADO,NO_REGISTRA,PEATON,77,LESIONADO,HOMBRE,CICLISTA
2026-01-15 14:03:12,-4.016734,-79.178894,Calle Mercadillo,CON_LESIONADOS,Colision Multiple,Factores externos,61,LESIONADO,HOMBRE,CICLISTA,,,,,,,,
2026-01-21 03:27:39,-3.990128,-79.207042,Calle Saraguro,CON_LESIONADOS,Colision Multiple,Visibilidad reducida,20,LESIONADO,MUJER,MOTOCICLETA,,,,,,,,
2026-01-12 12:07:47,-4.017845,-79.177518,Av. Rosa Hermosa,SOLO_DANOS,Colision Multiple,Imprudencia del conductor,,,,,,,,,,,,
2026-01-08 12:03:49,-3.989381,-79.209003,Calle Miguel Riofrio,CON_LESIONADOS,Colision Multiple,Inobservancia de senales,32,LESIONADO,NO_REGISTRA,OTRO,45,LESIONADO,NO_REGISTRA,SCOOTER,,,,
2026-01-04 20:06:27,-4.016196,-79.196238,Av. Orillas del Zamora,SOLO_DANOS,Choque Vehicular,Fatiga del conductor,,,,,,,,,,,,
2026-01-05 08:56:21,-4.027925,-79.184047,Av. 8 de Diciembre,SOLO_DANOS,Accidente Laboral,Via resbaladiza o mojada,,,,,,,,,,,,
2026-01-13 08:16:32,-3.979737,-79.215276,Av. Gran Colombia,CON_LESIONADOS,Incendio,Visibilidad reducida,19,LESIONADO,MUJER,MOTOCICLETA,16,LESIONADO,NO_REGISTRA,OTRO,16,LESIONADO,HOMBRE,OTRO
2026-01-13 05:39:01,-4.009949,-79.203433,Calle Rocafuerte,SOLO_DANOS,Atropellamiento,Mal estado de la via,,,,,,,,,,,,
2026-01-10 19:35:09,-3.990074,-79.215605,Calle Azogues,SOLO_DANOS,Colision Multiple,Estado de embriaguez,,,,,,,,,,,,
2026-01-01 23:34:33,-4.031748,-79.185391,Calle Sucre,SOLO_DANOS,Atropellamiento,Exceso de velocidad,58,LESIONADO,MUJER,PEATON,,,,,,,,
2026-01-16 10:19:57,-4.002168,-79.187135,Calle Mercadillo,CON_LESIONADOS,Atropellamiento,Mal estado de la via,70,LESIONADO,HOMBRE,PEATON,,,,,,,,
2026-01-17 07:12:16,-3.998530,-79.176082,Av. Orillas del Zamora,SOLO_DANOS,Accidente Laboral,Equipo de seguridad deficiente,30,LESIONADO,MUJER,MOTOCICLETA,,,,,,,,
2026-01-18 23:28:15,-4.030474,-79.217523,Calle Bolivar,SOLO_DANOS,Atropellamiento,Falla mecanica,,,,,,,,,,,,
2026-01-09 02:29:31,-4.005976,-79.209641,Via Loja - Zamora,CON_LESIONADOS,Atropellamiento,Factores externos,68,LESIONADO,HOMBRE,VEH_LIVIANO,28,LESIONADO,HOMBRE,PEATON,,,,
2026-01-04 09:11:18,-4.035114,-79.171033,Calle Bolivar,SOLO_DANOS,Choque Vehicular,Distraccion (celular/radio),,,,,,,,,,,,
2026-01-23 11:02:30,-4.003155,-79.184188,Av. 8 de Diciembre,SOLO_DANOS,Choque Vehicular,Factores externos,,,,,,,,,,,,
2026-01-08 04:07:00,-4.027292,-79.182040,Av. Universitaria,CON_FALLECIDOS,Accidente Laboral,Mal estado de la via,52,FALLECIDO,NO_REGISTRA,MOTOCICLETA,,,,,,,,
2026-01-11 09:15:59,-4.025592,-79.199662,Via Loja - Zamora,SOLO_DANOS,Atropellamiento,Fatiga del conductor,,,,,,,,,,,,
2026-01-22 21:45:35,-4.017199,-79.183672,Calle Azogues,CON_LESIONADOS,Volcamiento,Equipo de seguridad deficiente,46,LESIONADO,HOMBRE,MOTOCICLETA,,,,,,,,
2026-01-10 06:19:34,-4.008261,-79.189799,Calle 18 de Noviembre,CON_LESIONADOS,Choque Vehicular,Falla mecanica,29,LESIONADO,NO_REGISTRA,OTRO,61,LESIONADO,NO_REGISTRA,SCOOTER,,,,
2026-01-17 03:20:42,-4.005309,-79.223076,Calle Quito,SOLO_DANOS,Caida,Estado de embriaguez,,,,,,,,,,,,
2026-01-23 05:19:27,-3.988421,-79.180569,Av. 8 de Diciembre,SOLO_DANOS,Accidente Laboral,Distraccion (celular/radio),43,LESIONADO,NO_REGISTRA,SCOOTER,,,,,,,,
2026-01-19 22:03:32,-4.000041,-79.215211,Av. Cuxibamba,CON_LESIONADOS,Incendio,Falla mecanica,15,LESIONADO,HOMBRE,OTRO,38,LESIONADO,MUJER,PEATON,79,LESIONADO,MUJER,CICLISTA
2026-01-13 09:59:40,-4.003626,-79.187270,Av. 8 de Diciembre,SOLO_DANOS,Choque Vehicular,Mal estado de la via,,,,,,,,,,,,
2026-01-21 00:53:21,-3.980232,-79.176785,Calle Saraguro,CON_FALLECIDOS,Caida,Inobservancia de senales,82,FALLECIDO,HOMBRE,OTRO,27,LESIONADO,HOMBRE,MOTOCICLETA,66,LESIONADO,HOMBRE,VEH_LIVIANO
2026-01-19 02:11:34,-3.987013,-79.181942,Calle Montufar,CON_LESIONADOS,Incendio,Fatiga del conductor,69,LESIONADO,NO_REGISTRA,OTRO,10,LESIONADO,HOMBRE,CICLISTA,20,LESIONADO,HOMBRE,PEATON
2026-01-11 05:39:11,-3.984788,-79.192275,Calle Mercadillo,CON_LESIONADOS,Atropellamiento,Exceso de velocidad,11,LESIONADO,MUJER,CICLISTA,31,LESIONADO,NO_REGISTRA,SCOOTER,38,LESIONADO,NO_REGISTRA,CICLISTA
2026-01-14 07:11:18,-4.010455,-79.204939,Av. Orillas del Zamora,CON_FALLECIDOS,Incendio,Factores externos,81,FALLECIDO,MUJER,OTRO,26,LESIONADO,NO_REGISTRA,MOTOCICLETA,,,,
2026-01-15 08:18:21,-4.027836,-79.199048,Av. Cuxibamba,SOLO_DANOS,Choque Vehicular,Factores externos,57,LESIONADO,MUJER,VEH_LIVIANO,,,,,,,,
2026-01-02 03:20:44,-3.977848,-79.194969,Calle Saraguro,CON_FALLECIDOS,Choque Vehicular,Distraccion (celular/radio),28,FALLECIDO,NO_REGISTRA,SCOOTER,41,FALLECIDO,MUJER,VEH_LIVIANO,69,LESIONADO,MUJER,MOTOCICLETA
2026-01-03 10:46:18,-4.028033,-79.180525,Calle Bolivar,CON_LESIONADOS,Colision Multiple,Inobservancia de senales,11,LESIONADO,HOMBRE,CICLISTA,,,,,,,,
2026-01-13 18:29:46,-4.005176,-79.220900,Calle Mercadillo,SOLO_DANOS,Choque Vehicular,Exceso de velocidad,,,,,,,,,,,,
2026-01-07 02:54:33,-3.997243,-79.204491,Av. Pio Jaramillo,CON_FALLECIDOS,Accidente Laboral,Distraccion (celular/radio),51,FALLECIDO,MUJER,SCOOTER,79,FALLECIDO,MUJER,MOTOCICLETA,66,LESIONADO,HOMBRE,VEH_LIVIANO
2026-01-22 10:13:57,-3.979296,-79.183471,Av. Manuel Agustin Aguirre,CON_FALLECIDOS,Choque Vehicular,Factores externos,36,FALLECIDO,NO_REGISTRA,PEATON,69,LESIONADO,NO_REGISTRA,MOTOCICLETA,,,,
2026-01-10 21:15:59,-3.999435,-79.218655,Calle 10 de Agosto,CON_LESIONADOS,Volcamiento,Inobservancia de senales,66,LESIONADO,MUJER,SCOOTER,30,LESIONADO,MUJER,VEH_LIVIANO,,,,
2026-01-01 10:30:45,-4.024809,-79.192228,Calle 18 de Noviembre,CON_LESIONADOS,Accidente Laboral,Imprudencia del conductor,11,LESIONADO,NO_REGISTRA,SCOOTER,,,,,,,,
2026-01-11 19:44:15,-3.983721,-79.182557,Calle 10 de Agosto,SOLO_DANOS,Caida,Via resbaladiza o mojada,,,,,,,,,,,,
2026-01-04 21:55:08,-3.987737,-79.183263,Av. Metropolitana,CON_FALLECIDOS,Caida,Factores externos,36,FALLECIDO,MUJER,OTRO,64,FALLECIDO,HOMBRE,SCOOTER,65,LESIONADO,HOMBRE,PEATON
2026-01-07 06:13:35,-4.008675,-79.173826,Calle 10 de Agosto,SOLO_DANOS,Caida,Equipo de seguridad deficiente,80,LESIONADO,NO_REGISTRA,SCOOTER,,,,,,,,
2026-01-02 19:38:28,-4.000555,-79.180332,Av. Gran Colombia,CON_FALLECIDOS,Colision Multiple,Imprudencia del conductor,34,FALLECIDO,NO_REGISTRA,SCOOTER,66,LESIONADO,HOMBRE,PEATON,78,LESIONADO,NO_REGISTRA,SCOOTER
2026-01-21 03:43:41,-3.992470,-79.211798,Av. Universitaria,CON_LESIONADOS,Volcamiento,Inobservancia de senales,58,LESIONADO,MUJER,SCOOTER,,,,,,,,
2026-01-17 15:48:08,-4.031776,-79.211913,Calle Ramon Borrero,CON_FALLECIDOS,Incendio,Imprudencia del conductor,42,FALLECIDO,NO_REGISTRA,PEATON,,,,,,,,
2026-01-11 22:50:42,-4.029573,-79.211357,Av. Universitaria,CON_LESIONADOS,Caida,Equipo de seguridad deficiente,54,LESIONADO,NO_REGISTRA,CICLISTA,61,LESIONADO,NO_REGISTRA,PEATON,37,LESIONADO,NO_REGISTRA,MOTOCICLETA
2026-01-19 21:49:15,-4.015274,-79.176446,Calle Quito,CON_LESIONADOS,Atropellamiento,Visibilidad reducida,64,LESIONADO,MUJER,OTRO,,,,,,,,
2026-01-11 03:00:21,-3.987984,-79.194771,Av. Reinaldo Espinosa,CON_LESIONADOS,Atropellamiento,Estado de embriaguez,69,LESIONADO,NO_REGISTRA,VEH_LIVIANO,14,LESIONADO,NO_REGISTRA,PEATON,,,,
2026-01-13 16:48:41,-3.998389,-79.226243,Via Loja - Catamayo,CON_LESIONADOS,Caida,Falla mecanica,70,LESIONADO,NO_REGISTRA,VEH_LIVIANO,56,LESIONADO,HOMBRE,VEH_LIVIANO,73,LESIONADO,NO_REGISTRA,MOTOCICLETA
2026-01-04 17:57:54,-4.000934,-79.201991,Av. Isidro Ayora,CON_FALLECIDOS,Choque Vehicular,Inobservancia de senales,50,FALLECIDO,HOMBRE,CICLISTA,53,LESIONADO,MUJER,PEATON,27,LESIONADO,NO_REGISTRA,CICLISTA
2026-01-18 05:07:42,-4.009564,-79.175695,Calle 10 de Agosto,CON_FALLECIDOS,Colision Multiple,Via resbaladiza o mojada,78,FALLECIDO,NO_REGISTRA,PEATON,,,,,,,,
2026-01-01 09:33:06,-4.004829,-79.212926,Av. Universitaria,CON_LESIONADOS,Colision Multiple,Estado de embriaguez,48,LESIONADO,HOMBRE,OTRO,8,LESIONADO,HOMBRE,PEATON,,,,
2026-01-16 03:56:07,-4.007721,-79.201199,Av. Isidro Ayora,CON_FALLECIDOS,Incendio,Estado de embriaguez,48,FALLECIDO,HOMBRE,VEH_LIVIANO,21,LESIONADO,HOMBRE,OTRO,49,LESIONADO,NO_REGISTRA,VEH_LIVIANO
2026-01-20 04:51:01,-3.978328,-79.192201,Av. Manuel Agustin Aguirre,SOLO_DANOS,Accidente Laboral,Factores externos,,,,,,,,,,,,
2026-01-02 19:40:10,-3.992853,-79.194527,Calle Bolivar,CON_FALLECIDOS,Atropellamiento,Distraccion (celular/radio),80,FALLECIDO,HOMBRE,MOTOCICLETA,37,FALLECIDO,MUJER,VEH_LIVIANO,51,LESIONADO,NO_REGISTRA,PEATON
2026-01-14 00:08:53,-4.013778,-79.210044,Av. Cuxibamba,CON_LESIONADOS,Choque Vehicular,Imprudencia del conductor,27,LESIONADO,MUJER,SCOOTER,63,LESIONADO,HOMBRE,CICLISTA,8,LESIONADO,NO_REGISTRA,OTRO
2026-01-19 20:23:04,-4.024797,-79.228510,Av. Orillas del Zamora,CON_LESIONADOS,Atropellamiento,Fatiga del conductor,59,LESIONADO,NO_REGISTRA,PEATON,36,LESIONADO,MUJER,VEH_LIVIANO,40,LESIONADO,HOMBRE,OTRO
2026-01-16 22:24:43,-3.985003,-79.211156,Av. Cuxibamba,CON_FALLECIDOS,Atropellamiento,Visibilidad reducida,44,FALLECIDO,NO_REGISTRA,VEH_LIVIANO,51,FALLECIDO,HOMBRE,MOTOCICLETA,61,LESIONADO,NO_REGISTRA,MOTOCICLETA
2026-01-03 09:16:29,-4.033971,-79.209425,Av. Reinaldo Espinosa,CON_FALLECIDOS,Volcamiento,Falla mecanica,36,FALLECIDO,HOMBRE,OTRO,44,FALLECIDO,HOMBRE,OTRO,19,LESIONADO,HOMBRE,SCOOTER
2026-01-08 14:31:22,-3.995293,-79.171902,Av. Cuxibamba,SOLO_DANOS,Colision Multiple,Via resbaladiza o mojada,,,,,,,,,,,,
2026-01-01 13:10:07,-4.036557,-79.224639,Calle 18 de Noviembre,CON_FALLECIDOS,Accidente Laboral,Inobservancia de senales,18,FALLECIDO,HOMBRE,MOTOCICLETA,,,,,,,,
2026-01-18 03:14:18,-4.010311,-79.187759,Calle Quito,CON_LESIONADOS,Volcamiento,Factores externos,56,LESIONADO,HOMBRE,PEATON,12,LESIONADO,HOMBRE,OTRO,8,LESIONADO,MUJER,MOTOCICLETA
2026-01-02 20:22:40,-4.022951,-79.212645,Av. Orillas del Zamora,CON_LESIONADOS,Volcamiento,Inobservancia de senales,73,LESIONADO,MUJER,VEH_LIVIANO,71,LESIONADO,HOMBRE,OTRO,5,LESIONADO,MUJER,SCOOTER
2026-01-11 02:40:40,-3.977568,-79.198440,Calle Azogues,SOLO_DANOS,Incendio,Distraccion (celular/radio),,,,,,,,,,,,
2026-01-22 15:49:56,-4.016387,-79.204644,Calle Imbabura,CON_LESIONADOS,Choque Vehicular,Equipo de seguridad deficiente,36,LESIONADO,HOMBRE,MOTOCICLETA,75,LESIONADO,NO_REGISTRA,CICLISTA,72,LESIONADO,NO_REGISTRA,MOTOCICLETA
2026-01-14 00:56:02,-3.993404,-79.214409,Av. Isidro Ayora,CON_FALLECIDOS,Incendio,Via resbaladiza o mojada,74,FALLECIDO,HOMBRE,SCOOTER,,,,,,,,
2026-01-10 00:03:02,-4.010522,-79.224023,Calle Mercadillo,SOLO_DANOS,Accidente Laboral,Equipo de seguridad deficiente,,,,,,,,,,,,