fecha_hora,latitud,longitud,via,grado_severidad,tipo_siniestro,causa_probable,victima1_edad,victima1_condicion,victima1_sexo,victima1_actor_vial,victima2_edad,victima2_condicion,victima2_sexo,victima2_actor_vial,victima3_edad,victima3_condicion,victima3_sexo,victima3_actor_vial
2026-01-03 01:40:43,-3.980639,-79.186239,Calle 10 de Agosto,CON_LESIONADOS,Volcamiento,Inobservancia de senales,77,LESIONADO,MUJER,CICLISTA,69,LESIONADO,NO_REGISTRA,CICLISTA,,,,
2026-01-06 09:12:34,-4.020701,-79.227110,Av. Isidro Ayora,CON_LESIONADOS,Atropellamiento,Imprudencia del conductor,79,LESIONADO,MUJER,VEH_LIVIANO,19,LESIONADO,MUJER,VEH_LIVIANO,,,,
2026-01-18 23:16:20,-3.988020,-79.192975,Av. Orillas del Zamora,SOLO_DANOS,Accidente Laboral,Imprudencia del conductor,,,,,,,,,,,,
2026-01-06 04:17:03,-3.982533,-79.175282,Calle Mercadillo,CON_FALLECIDOS,Volcamiento,Mal estado de la via,46,FALLECIDO,MUJER,SCOOTER,7,LESIONADO,HOMBRE,CICLISTA,,,,
2026-01-14 23:00:59,-3.979042,-79.194348,Calle Montufar,CON_FALLECIDOS,Colision Multiple,Mal estado de la via,55,FALLECIDO,NO_REGISTRA,VEH_LIVIANO,24,LESIONADO,NO_REGISTRA,PEATON,,,,
2026-01-20 18:20:33,-4.028066,-79.227773,Calle Azogues,CON_LESIONADOS,Choque Vehicular,Inobservancia de senales,53,LESIONADO,MUJER,MOTOCICLETA,7,LESIONADO,HOMBRE,MOTOCICLETA,,,,
2026-01-21 01:20:26,-3.987360,-79.213819,Av. Pio Jaramillo,CON_LESIONADOS,Volcamiento,Imprudencia del conductor,12,LESIONADO,MUJER,PEATON,58,LESIONADO,MUJER,VEH_LIVIANO,42,LESIONADO,NO_REGISTRA,CICLISTA
2026-01-09 00:57:58,-3.999575,-79.171423,Calle Bolivar,CON_LESIONADOS,Accidente Laboral,Falla mecanica,79,LESIONADO,HOMBRE,PEATON,,,,,,,,
2026-01-14 07:07:12,-3.981082,-79.174260,Via Loja - Catamayo,SOLO_DANOS,Volcamiento,Estado de embriaguez,,,,,,,,,,,,
2026-01-06 21:50:35,-4.007015,-79.219025,Av. Cuxibamba,CON_FALLECIDOS,Caida,Via resbaladiza o mojada,70,FALLECIDO,NO_REGISTRA,CICLISTA,81,FALLECIDO,MUJER,VEH_LIVIANO,50,LESIONADO,NO_REGISTRA,SCOOTER
2026-01-01 20:50:15,-4.029231,-79.211610,Via Loja - Zamora,CON_LESIONADOS,Atropellamiento,Imprudencia del conductor,27,LESIONADO,HOMBRE,SCOOTER,,,,,,,,
2026-01-13 13:24:01,-3.980626,-79.227699,Av. Universitaria,CON_LESIONADOS,Colision Multiple,Inobservancia de senales,35,LESIONADO,HOMBRE,SCOOTER,48,LESIONADO,MUJER,CICLISTA,,,,
2026-01-08 02:22:10,-4.021720,-79.216876,Av. Cuxibamba,CON_FALLECIDOS,Atropellamiento,Distraccion (celular/radio),18,FALLECIDO,MUJER,CICLISTA,72,FALLECIDO,MUJER,VEH_LIVIANO,15,LESIONADO,MUJER,VEH_LIVIANO
2026-01-01 21:59:39,-4.025433,-79.224448,Calle Bolivar,SOLO_DANOS,Volcamiento,Imprudencia del conductor,,,,,,,,,,,,
2026-01-03 09:10:12,-3.978074,-79.230534,Calle Quito,CON_LESIONADOS,Incendio,Falla mecanica,22,LESIONADO,HOMBRE,VEH_LIVIANO,42,LESIONADO,MUJER,CICLISTA,,,,
2026-01-05 03:52:19,-3.979322,-79.183409,Av. Metropolitana,CON_LESIONADOS,Choque Vehicular,Mal estado de la via,66,LESIONADO,MUJER,OTRO,46,LESIONADO,MUJER,VEH_LIVIANO,,,,
2026-01-19 10:55:36,-4.014297,-79.217979,Av. Pio Jaramillo,CON_FALLECIDOS,Choque Vehicular,Visibilidad reducida,63,FALLECIDO,NO_REGISTRA,VEH_LIVIANO,27,LESIONADO,NO_REGISTRA,MOTOCICLETA,80,LESIONADO,HOMBRE,VEH_LIVIANO
2026-01-13 06:18:04,-3.988305,-79.171427,Calle Montufar,CON_FALLECIDOS,Volcamiento,Falla mecanica,71,FALLECIDO,NO_REGISTRA,SCOOTER,,,,,,,,
2026-01-20 22:17:33,-3.999817,-79.172649,Av. Universitaria,SOLO_DANOS,Choque Vehicular,Equipo de seguridad deficiente,,,,,,,,,,,,
2026-01-17 17:13:27,-3.984745,-79.213181,Av. Gran Colombia,CON_FALLECIDOS,Caida,Via resbaladiza o mojada,38,FALLECIDO,MUJER,SCOOTER,73,FALLECIDO,NO_REGISTRA,VEH_LIVIANO,,,,
2026-01-13 01:06:48,-3.983693,-79.211746,Av. 8 de Diciembre,CON_LESIONADOS,Incendio,Fatiga del conductor,32,LESIONADO,HOMBRE,MOTOCICLETA,15,LESIONADO,NO_REGISTRA,VEH_LIVIANO,,,,
2026-01-23 09:24:48,-4.011569,-79.198193,Av. Manuel Agustin Aguirre,SOLO_DANOS,Accidente Laboral,Distraccion (celular/radio),,,,,,,,,,,,
2026-01-01 02:33:01,-4.035003,-79.211472,Via Loja - Catamayo,CON_LESIONADOS,Atropellamiento,Falla mecanica,43,LESIONADO,MUJER,MOTOCICLETA,23,LESIONADO,MUJER,PEATON,,,,
2026-01-18 07:05:24,-4.012125,-79.210751,Calle Bolivar,SOLO_DANOS,Colision Multiple,Exceso de velocidad,,,,,,,,,,,,
2026-01-21 07:37:41,-4.023987,-79.185607,Calle Azogues,CON_FALLECIDOS,Choque Vehicular,Fatiga del conductor,20,FALLECIDO,HOMBRE,CICLISTA,44,FALLECIDO,MUJER,VEH_LIVIANO,20,LESIONADO,HOMBRE,OTRO
2026-01-07 11:35:50,-3.981677,-79.182279,Av. Orillas del Zamora,SOLO_DANOS,Atropellamiento,Visibilidad reducida,,,,,,,,,,,,
2026-01-15 09:27:54,-3.982793,-79.211500,Calle 10 de Agosto,CON_LESIONADOS,Accidente Laboral,Inobservancia de senales,25,LESIONADO,MUJER,PEATON,,,,,,,,
2026-01-01 08:20:57,-4.029310,-79.211693,Calle 18 de Noviembre,CON_FALLECIDOS,Accidente Laboral,Estado de embriaguez,40,FALLECIDO,HOMBRE,VEH_LIVIANO,61,FALLECIDO,NO_REGISTRA,SCOOTER,,,,
2026-01-08 21:16:17,-3.988108,-79.179663,Calle Bolivar,SOLO_DANOS,Incendio,Mal estado de la via,5,LESIONADO,MUJER,VEH_LIVIANO,,,,,,,,
2026-01-21 14:23:02,-3.994148,-79.196688,Calle 18 de Noviembre,CON_LESIONADOS,Caida,Via resbaladiza o mojada,64,LESIONADO,HOMBRE,VEH_LIVIANO,27,LESIONADO,NO_REGISTRA,OTRO,,,,
2026-01-14 18:36:21,-4.030375,-79.182872,Av. Reinaldo Espinosa,CON_LESIONADOS,Accidente Laboral,Via resbaladiza o mojada,52,LESIONADO,NO_REGISTRA,SCOOTER,10,LESIONADO,MUJER,SCOOTER,51,LESIONADO,HOMBRE,MOTOCICLETA
2026-01-16 14:42:54,-3.990350,-79.214237,Calle Ramon Borrero,CON_LESIONADOS,Caida,Via resbaladiza o mojada,38,LESIONADO,NO_REGISTRA,OTRO,,,,,,,,
2026-01-19 19:42:14,-4.029940,-79.200746,Av. Reinaldo Espinosa,SOLO_DANOS,Accidente Laboral,Fatiga del conductor,,,,,,,,,,,,
2026-01-12 04:51:54,-4.006897,-79.199758,Calle Quito,SOLO_DANOS,Volcamiento,Via resbaladiza o mojada,9,LESIONADO,NO_REGISTRA,MOTOCICLETA,,,,,,,,
2026-01-09 20:29:34,-4.010783,-79.202152,Calle Montufar,SOLO_DANOS,Accidente Laboral,Mal estado de la via,,,,,,,,,,,,
2026-01-04 12:18:13,-4.004958,-79.212292,Via Loja - Zamora,SOLO_DANOS,Incendio,Falla mecanica,,,,,,,,,,,,
2026-01-20 00:46:56,-3.989882,-79.227817,Av. Universitaria,CON_FALLECIDOS,Incendio,Falla mecanica,56,FALLECIDO,NO_REGISTRA,PEATON,17,LESIONADO,MUJER,VEH_LIVIANO,,,,
2026-01-03 10:44:26,-3.990287,-79.175556,Calle Saraguro,CON_LESIONADOS,Colision Multiple,Distraccion (celular/radio),71,LESIONADO,HOMBRE,SCOOTER,21,LESIONADO,MUJER,MOTOCICLETA,8,LESIONADO,MUJER,VEH_LIVIANO
2026-01-10 22:11:31,-4.017715,-79.223431,Calle Colon,SOLO_DANOS,Volcamiento,Fatiga del conductor,,,,,,,,,,,,
2026-01-14 22:22:45,-4.028593,-79.172327,Calle 18 de Noviembre,SOLO_DANOS,Atropellamiento,Falla mecanica,,,,,,,,,,,,
2026-01-21 11:56:43,-4.029060,-79.188588,Calle 10 de Agosto,SOLO_DANOS,Choque Vehicular,Fatiga del conductor,,,,,,,,,,,,
2026-01-13 07:52:08,-4.011696,-79.212092,Av. Reinaldo Espinosa,SOLO_DANOS,Atropellamiento,Exceso de velocidad,,,,,,,,,,,,
2026-01-03 05:47:28,-4.010547,-79.215779,Calle 10 de Agosto,CON_FALLECIDOS,Colision Multiple,Via resbaladiza o mojada,22,FALLECIDO,MUJER,SCOOTER,,,,,,,,
2026-01-12 01:21:57,-4.035907,-79.179261,Calle 10 de Agosto,SOLO_DANOS,Accidente Laboral,Estado de embriaguez,,,,,,,,,,,,
2026-01-06 20:16:04,-4.014535,-79.184841,Calle Colon,SOLO_DANOS,Choque Vehicular,Estado de embriaguez,,,,,,,,,,,,
2026-01-01 20:15:52,-4.026919,-79.228391,Av. 8 de Diciembre,SOLO_DANOS,Atropellamiento,Visibilidad reducida,,,,,,,,,,,,
2026-01-06 03:52:11,-4.035208,-79.195710,Calle Mercadillo,CON_FALLECIDOS,Incendio,Factores externos,49,FALLECIDO,NO_REGISTRA,MOTOCICLETA,82,FALLECIDO,HOMBRE,CICLISTA,49,LESIONADO,MUJER,PEATON
2026-01-06 11:26:51,-4.014256,-79.184873,Via Loja - Zamora,CON_LESIONADOS,Caida,Falla mecanica,22,LESIONADO,HOMBRE,SCOOTER,,,,,,,,
2026-01-18 13:58:30,-4.035377,-79.206275,Av. Cuxibamba,CON_LESIONADOS,Caida,Distraccion (celular/radio),74,LESIONADO,HOMBRE,CICLISTA,25,LESIONADO,NO_REGISTRA,MOTOCICLETA,,,,
2026-01-03 05:06:28,-3.980000,-79.210858,Via Loja - Catamayo,CON_LESIONADOS,Atropellamiento,Falla mecanica,46,LESIONADO,HOMBRE,PEATON,55,LESIONADO,MUJER,OTRO,32,LESIONADO,MUJER,MOTOCICLETA
2026-01-21 02:37:02,-4.035973,-79.196439,Calle Sucre,CON_FALLECIDOS,Caida,Visibilidad reducida,49,FALLECIDO,MUJER,MOTOCICLETA,67,FALLECIDO,HOMBRE,OTRO,,,,
2026-01-16 03:03:11,-4.025244,-79.182318,Calle Saraguro,CON_LESIONADOS,Incendio,Visibilidad reducida,71,LESIONADO,HOMBRE,OTRO,12,LESIONADO,HOMBRE,VEH_LIVIANO,,,,
2026-01-14 05:22:47,-4.029981,-79.191051,Calle Rocafuerte,SOLO_DANOS,Caida,Via resbaladiza o mojada,,,,,,,,,,,,
2026-01-08 02:18:56,-4.019075,-79.184084,Calle Azogues,CON_LESIONADOS,Caida,Fatiga del conductor,57,LESIONADO,HOMBRE,CICLISTA,,,,,,,,
2026-01-22 08:20:41,-4.028263,-79.173866,Calle Imbabura,SOLO_DANOS,Volcamiento,Factores externos,,,,,,,,,,,,
2026-01-01 07:37:24,-4.013166,-79.225187,Calle Colon,SOLO_DANOS,Incendio,Visibilidad reducida,,,,,,,,,,,,
2026-01-20 05:55:25,-4.005385,-79.228032,Calle Rocafuerte,SOLO_DANOS,Accidente Laboral,Exceso de velocidad,,,,,,,,,,,,
2026-01-08 00:59:03,-4.034395,-79.209207,Av. Pio Jaramillo,CON_LESIONADOS,Atropellamiento,Fatiga del conductor,30,LESIONADO,MUJER,VEH_LIVIANO,73,LESIONADO,NO_REGISTRA,SCOOTER,37,LESIONADO,MUJER,PEATON
2026-01-17 10:30:23,-3.994742,-79.219962,Calle Azogues,CON_FALLECIDOS,Atropellamiento,Falla mecanica,54,FALLECIDO,MUJER,SCOOTER,29,FALLECIDO,NO_REGISTRA,PEATON,,,,
2026-01-02 09:30:21,-3.977771,-79.193305,Calle Quito,SOLO_DANOS,Colision Multiple,Falla mecanica,,,,,,,,,,,,
2026-01-09 11:34:44,-4.032979,-79.186583,Av. Universitaria,CON_FALLECIDOS,Colision Multiple,Equipo de seguridad deficiente,42,FALLECIDO,MUJER,SCOOTER,77,LESIONADO,MUJER,VEH_LIVIANO,37,LESIONADO,HOMBRE,CICLISTA
2026-01-05 12:22:49,-3.983950,-79.180890,Calle Imbabura,CON_FALLECIDOS,Accidente Laboral,Imprudencia del conductor,70,FALLECIDO,NO_REGISTRA,PEATON,79,LESIONADO,NO_REGISTRA,PEATON,,,,
2026-01-11 17:52:16,-4.003730,-79.222180,Av. 8 de Diciembre,SOLO_DANOS,Caida,Fatiga del conductor,38,LESIONADO,MUJER,SCOOTER,,,,,,,,
2026-01-02 10:12:38,-4.008665,-79.214359,Calle Quito,CON_LESIONADOS,Choque Vehicular,Distraccion (celular/radio),26,LESIONADO,MUJER,OTRO,,,,,,,,
2026-01-11 21:08:59,-3.989167,-79.209882,Calle 10 de Agosto,CON_FALLECIDOS,Colision Multiple,Distraccion (celular/radio),51,FALLECIDO,HOMBRE,PEATON,77,FALLECIDO,MUJER,CICLISTA,,,,
2026-01-18 18:56:03,-4.012367,-79.220430,Calle Imbabura,CON_LESIONADOS,Atropellamiento,Factores externos,32,LESIONADO,HOMBRE,CICLISTA,79,LESIONADO,NO_REGISTRA,MOTOCICLETA,,,,
2026-01-17 14:04:57,-3.994445,-79.203060,Av. Gran Colombia,CON_FALLECIDOS,Colision Multiple,Visibilidad reducida,35,FALLECIDO,MUJER,MOTOCICLETA,75,LESIONADO,NO_REGISTRA,OTRO,,,,
2026-01-09 02:11:14,-4.001409,-79.213907,Via Loja - Zamora,CON_FALLECIDOS,Atropellamiento,Imprudencia del conductor,63,FALLECIDO,HOMBRE,CICLISTA,17,LESIONADO,HOMBRE,VEH_LIVIANO,50,LESIONADO,HOMBRE,CICLISTA
2026-01-01 21:09:05,-4.015962,-79.204843,Calle Azogues,CON_FALLECIDOS,Choque Vehicular,Inobservancia de senales,32,FALLECIDO,NO_REGISTRA,SCOOTER,78,FALLECIDO,HOMBRE,PEATON,55,LESIONADO,NO_REGISTRA,SCOOTER
2026-01-08 14:40:01,-3.978603,-79.227669,Calle Sucre,SOLO_DANOS,Caida,Fatiga del conductor,,,,,,,,,,,,
2026-01-06 21:07:06,-4.002006,-79.213219,Av. Manuel Agustin Aguirre,CON_FALLECIDOS,Caida,Imprudencia del conductor,65,FALLECIDO,NO_REGISTRA,MOTOCICLETA,,,,,,,,
2026-01-02 05:38:19,-3.997995,-79.185193,Av. 8 de Diciembre,CON_FALLECIDOS,Colision Multiple,Estado de embriaguez,72,FALLECIDO,HOMBRE,CICLISTA,53,FALLECIDO,NO_REGISTRA,PEATON,44,LESIONADO,MUJER,MOTOCICLETA
2026-01-12 22:41:33,-3.977273,-79.181672,Calle 10 de Agosto,CON_FALLECIDOS,Atropellamiento,Via resbaladiza o mojada,32,FALLECIDO,NO_REGISTRA,VEH_LIVIANO,35,FALLECIDO,MUJER,PEATON,27,LESIONADO,NO_REGISTRA,VEH_LIVIANO
2026-01-19 16:59:58,-4.028714,-79.229259,Av. Gran Colombia,CON_LESIONADOS,Atropellamiento,Inobservancia de senales,6,LESIONADO,HOMBRE,SCOOTER,13,LESIONADO,MUJER,SCOOTER,,,,
2026-01-07 06:06:34,-3.983411,-79.183165,Av. Rosa Hermosa,SOLO_DANOS,Incendio,Falla mecanica,,,,,,,,,,,,
2026-01-16 23:39:25,-4.012736,-79.223752,Ruta 35,SOLO_DANOS,Colision Multiple,Imprudencia del conductor,,,,,,,,,,,,
2026-01-09 22:28:22,-4.006396,-79.219106,Calle Colon,CON_LESIONADOS,Atropellamiento,Equipo de seguridad deficiente,75,LESIONADO,MUJER,PEATON,31,LESIONADO,HOMBRE,PEATON,,,,
2026-01-12 14:39:48,-3.994103,-79.176370,Av. Cuxibamba,CON_FALLECIDOS,Atropellamiento,Estado de embriaguez,81,FALLECIDO,NO_REGISTRA,CICLISTA,,,,,,,,
2026-01-01 17:31:22,-4.027738,-79.208456,Calle Montufar,CON_LESIONADOS,Volcamiento,Visibilidad reducida,45,LESIONADO,HOMBRE,VEH_LIVIANO,,,,,,,,
2026-01-03 07:56:51,-4.004726,-79.175857,Av. Universitaria,CON_LESIONADOS,Incendio,Equipo de seguridad deficiente,36,LESIONADO,MUJER,CICLISTA,,,,,,,,
2026-01-16 15:34:12,-3.997236,-79.191225,Av. Orillas del Zamora,CON_FALLECIDOS,Incendio,Mal estado de la via,24,FALLECIDO,NO_REGISTRA,VEH_LIVIANO,,,,,,,,
2026-01-02 09:39:10,-4.026352,-79.209901,Calle Rocafuerte,CON_FALLECIDOS,Incendio,Exceso de velocidad,27,FALLECIDO,MUJER,CICLISTA,49,LESIONADO,NO_REGISTRA,OTRO,37,LESIONADO,MUJER,OTRO
2026-01-14 02:07:04,-4.005572,-79.198680,Av. Gran Colombia,CON_FALLECIDOS,Caida,Mal estado de la via,77,FALLECIDO,MUJER,SCOOTER,,,,,,,,
2026-01-15 06:25:39,-4.017088,-79.171738,Calle Ramon Borrero,SOLO_DANOS,Volcamiento,Imprudencia del conductor,,,,,,,,,,,,
2026-01-06 17:08:55,-4.020435,-79.219292,Calle Sucre,CON_FALLECIDOS,Volcamiento,Inobservancia de senales,50,FALLECIDO,MUJER,MOTOCICLETA,,,,,,,,
2026-01-18 07:39:14,-3.992298,-79.193730,Av. 8 de Diciembre,CON_LESIONADOS,Colision Multiple,Inobservancia de senales,39,LESIONADO,NO_REGISTRA,PEATON,76,LESIONADO,HOMBRE,VEH_LIVIANO,8,LESIONADO,NO_REGISTRA,SCOOTER
2026-01-19 13:51:18,-3.980332,-79.192723,Av. Pio Jaramillo,CON_LESIONADOS,Accidente Laboral,Estado de embriaguez,64,LESIONADO,HOMBRE,OTRO,61,LESIONADO,MUJER,VEH_LIVIANO,,,,
2026-01-11 02:20:46,-4.011937,-79.219197,Calle Azogues,CON_LESIONADOS,Caida,Visibilidad reducida,30,LESIONADO,HOMBRE,CICLISTA,25,LESIONADO,MUJER,MOTOCICLETA,,,,
2026-01-07 22:25:20,-3.991618,-79.196438,Av. Cuxibamba,SOLO_DANOS,Volcamiento,Via resbaladiza o mojada,,,,,,,,,,,,
2026-01-10 18:37:02,-4.023633,-79.224477,Calle Saraguro,CON_LESIONADOS,Incendio,Equipo de seguridad deficiente,5,LESIONADO,HOMBRE,MOTOCICLETA,29,LESIONADO,NO_REGISTRA,PEATON,,,,
2026-01-13 03:57:38,-4.028540,-79.184808,Calle Montufar,SOLO_DANOS,Atropellamiento,Equipo de seguridad deficiente,,,,,,,,,,,,
2026-01-07 17:22:47,-4.025742,-79.225389,Av. Manuel Agustin Aguirre,SOLO_DANOS,Caida,Imprudencia del conductor,,,,,,,,,,,,
2026-01-07 05:14:21,-4.010306,-79.206926,Av. Orillas del Zamora,CON_FALLECIDOS,Accidente Laboral,Distraccion (celular/radio),60,FALLECIDO,HOMBRE,OTRO,62,LESIONADO,HOMBRE,OTRO,,,,
2026-01-14 20:49:53,-4.025561,-79.173127,Ruta 35,CON_FALLECIDOS,Choque Vehicular,Distraccion (celular/radio),51,FALLECIDO,HOMBRE,PEATON,76,FALLECIDO,HOMBRE,MOTOCICLETA,50,LESIONADO,NO_REGISTRA,SCOOTER
2026-01-22 20:29:55,-3.992500,-79.211448,Av. Cuxibamba,SOLO_DANOS,Colision Multiple,Fatiga del conductor,,,,,,,,,,,,
2026-01-19 07:59:33,-4.023201,-79.171948,Calle Montufar,SOLO_DANOS,Atropellamiento,Exceso de velocidad,,,,,,,,,,,,
2026-01-07 10:47:06,-3.984734,-79.198153,Av. 8 de Diciembre,CON_LESIONADOS,Colision Multiple,Imprudencia del conductor,52,LESIONADO,NO_REGISTRA,MOTOCICLETA,65,LESIONADO,NO_REGISTRA,SCOOTER,78,LESIONADO,HOMBRE,PEATON
2026-01-16 02:47:26,-4.027554,-79.207611,Calle Azogues,CON_LESIONADOS,Atropellamiento,Via resbaladiza o mojada,43,LESIONADO,NO_REGISTRA,PEATON,72,LESIONADO,HOMBRE,OTRO,,,,
2026-01-02 11:26:41,-3.991313,-79.199272,Av. Reinaldo Espinosa,SOLO_DANOS,Colision Multiple,Equipo de seguridad deficiente,,,,,,,,,,,,
2026-01-10 04:36:10,-4.011000,-79.198594,Av. Pio Jaramillo,CON_FALLECIDOS,Caida,Distraccion (celular/radio),31,FALLECIDO,MUJER,SCOOTER,70,FALLECIDO,HOMBRE,OTRO,,,,
2026-01-16 23:03:26,-4.007375,-79.187021,Av. Manuel Agustin Aguirre,SOLO_DANOS,Colision Multiple,Falla mecanica,,,,,,,,,,,,
2026-01-20 13:43:21,-4.032977,-79.204934,Calle Mercadillo,CON_FALLECIDOS,Accidente Laboral,Exceso de velocidad,27,FALLECIDO,NO_REGISTRA,PEATON,79,LESIONADO,NO_REGISTRA,VEH_LIVIANO,,,,
2026-01-06 17:26:34,-3.991864,-79.212980,Av. Cuxibamba,SOLO_DANOS,Choque Vehicular,Distraccion (celular/radio),,,,,,,,,,,,
2026-01-18 17:12:56,-3.980133,-79.194089,Av. Metropolitana,CON_LESIONADOS,Accidente Laboral,Equipo de seguridad deficiente,60,LESIONADO,MUJER,MOTOCICLETA,,,,,,,,
2026-01-01 04:19:19,-4.031078,-79.204756,Av. Orillas del Zamora,CON_FALLECIDOS,Choque Vehicular,Visibilidad reducida,23,FALLECIDO,HOMBRE,OTRO,83,FALLECIDO,HOMBRE,MOTOCICLETA,51,LESIONADO,MUJER,VEH_LIVIANO
2026-01-10 12:12:43,-3.991500,-79.208167,Calle Quito,SOLO_DANOS,Caida,Falla mecanica,,,,,,,,,,,,
2026-01-04 11:13:30,-4.017579,-79.218658,Av. Pio Jaramillo,CON_LESIONADOS,Volcamiento,Fatiga del conductor,74,LESIONADO,MUJER,CICLISTA,,,,,,,,
2026-01-10 12:17:21,-4.019911,-79.172946,Av. Universitaria,CON_FALLECIDOS,Caida,Falla mecanica,36,FALLECIDO,HOMBRE,SCOOTER,44,LESIONADO,NO_REGISTRA,OTRO,,,,
2026-01-18 02:11:26,-4.013549,-79.208055,Calle Bolivar,CON_FALLECIDOS,Accidente Laboral,Inobservancia de senales,59,FALLECIDO,MUJER,SCOOTER,83,FALLECIDO,MUJER,MOTOCICLETA,41,LESIONADO,MUJER,PEATON
2026-01-22 00:15:57,-4.025378,-79.192536,Av. Pio Jaramillo,CON_FALLECIDOS,Caida,Fatiga del conductor,36,FALLECIDO,HOMBRE,MOTOCICLETA,14,LESIONADO,NO_REGISTRA,OTRO,34,LESIONADO,MUJER,CICLISTA
2026-01-07 18:34:56,-4.010131,-79.211184,Av. Cuxibamba,SOLO_DANOS,Choque Vehicular,Via resbaladiza o mojada,,,,,,,,,,,,
2026-01-03 15:31:36,-4.022131,-79.227149,Calle 10 de Agosto,SOLO_DANOS,Incendio,Equipo de seguridad deficiente,,,,,,,,,,,,
2026-01-21 00:54:38,-4.020695,-79.207078,Calle 10 de Agosto,SOLO_DANOS,Volcamiento,Inobservancia de senales,45,LESIONADO,HOMBRE,OTRO,,,,,,,,
2026-01-21 10:01:36,-4.005813,-79.188886,Calle Bolivar,CON_FALLECIDOS,Incendio,Distraccion (celular/radio),58,FALLECIDO,MUJER,OTRO,66,FALLECIDO,HOMBRE,SCOOTER,,,,
2026-01-07 12:50:04,-3.985124,-79.217538,Av. Rosa Hermosa,CON_FALLECIDOS,Choque Vehicular,Via resbaladiza o mojada,32,FALLECIDO,MUJER,SCOOTER,77,FALLECIDO,NO_REGISTRA,MOTOCICLETA,62,LESIONADO,MUJER,MOTOCICLETA
2026-01-08 04:25:23,-4.008641,-79.187362,Calle 18 de Noviembre,CON_FALLECIDOS,Incendio,Exceso de velocidad,22,FALLECIDO,MUJER,VEH_LIVIANO,27,FALLECIDO,HOMBRE,PEATON,,,,
2026-01-14 13:25:51,-4.019332,-79.194001,Av. Orillas del Zamora,CON_FALLECIDOS,Caida,Falla mecanica,84,FALLECIDO,NO_REGISTRA,VEH_LIVIANO,9,LESIONADO,MUJER,CICLISTA,,,,
2026-01-06 02:57:32,-4.018175,-79.175758,Calle Mercadillo,CON_LESIONADOS,Colision Multiple,Equipo de seguridad deficiente,40,LESIONADO,NO_REGISTRA,SCOOTER,74,LESIONADO,HOMBRE,VEH_LIVIANO,,,,
2026-01-17 15:34:09,-4.010413,-79.184394,Av. Rosa Hermosa,SOLO_DANOS,Atropellamiento,Visibilidad reducida,,,,,,,,,,,,
2026-01-22 03:37:32,-3.980827,-79.172020,Calle Azogues,SOLO_DANOS,Accidente Laboral,Imprudencia del conductor,,,,,,,,,,,,
2026-01-02 10:17:24,-3.996757,-79.181932,Calle 18 de Noviembre,SOLO_DANOS,Colision Multiple,Distraccion (celular/radio),,,,,,,,,,,,
2026-01-01 00:52:54,-3.990794,-79.197097,Av. Orillas del Zamora,CON_LESIONADOS,Caida,Imprudencia del conductor,73,LESIONADO,NO_REGISTRA,CICLISTA,,,,,,,,
2026-01-21 16:21:53,-4.033471,-79.183783,Calle Colon,CON_FALLECIDOS,Incendio,Via resbaladiza o mojada,64,FALLECIDO,HOMBRE,CICLISTA,83,FALLECIDO,NO_REGISTRA,SCOOTER,58,LESIONADO,HOMBRE,MOTOCICLETA
2026-01-18 08:52:18,-4.026789,-79.193793,Ruta 35,SOLO_DANOS,Volcamiento,Exceso de velocidad,,,,,,,,,,,,
2026-01-03 10:59:51,-3.988534,-79.198963,Via Loja - Catamayo,CON_FALLECIDOS,Choque Vehicular,Mal estado de la via,48,FALLECIDO,MUJER,CICLISTA,43,LESIONADO,HOMBRE,MOTOCICLETA,,,,
2026-01-16 09:26:09,-4.028335,-79.175226,Av. Pio Jaramillo,SOLO_DANOS,Incendio,Equipo de seguridad deficiente,,,,,,,,,,,,
2026-01-10 13:40:11,-4.018449,-79.206213,Av. Manuel Agustin Aguirre,SOLO_DANOS,Incendio,Exceso de velocidad,,,,,,,,,,,,
2026-01-05 06:41:04,-4.006721,-79.223497,Ruta 35,CON_FALLECIDOS,Choque Vehicular,Falla mecanica,67,FALLECIDO,MUJER,SCOOTER,14,LESIONADO,MUJER,MOTOCICLETA,5,LESIONADO,NO_REGISTRA,OTRO
2026-01-09 05:25:06,-3.981875,-79.189427,Calle Miguel Riofrio,CON_FALLECIDOS,Incendio,Via resbaladiza o mojada,68,FALLECIDO,HOMBRE,SCOOTER,21,FALLECIDO,HOMBRE,CICLISTA,61,LESIONADO,HOMBRE,OTRO
2026-01-21 17:03:33,-4.033984,-79.214453,Av. Cuxibamba,CON_LESIONADOS,Atropellamiento,Distraccion (celular/radio),13,LESIONADO,NO_REGISTRA,MOTOCICLETA,49,LESIONADO,NO_REGISTRA,OTRO,,,,
2026-01-02 11:57:50,-4.033449,-79.203440,Av. Manuel Agustin Aguirre,CON_LESIONADOS,Atropellamiento,Fatiga del conductor,61,LESIONADO,HOMBRE,PEATON,,,,,,,,
2026-01-10 05:33:04,-4.023854,-79.175196,Calle Miguel Riofrio,CON_FALLECIDOS,Atropellamiento,Distraccion (celular/radio),78,FALLECIDO,HOMBRE,MOTOCICLETA,60,LESIONADO,HOMBRE,OTRO,27,LESIONADO,MUJER,VEH_LIVIANO